ANT,MF,ICC,Sim,T1,W,k,ICC10
6.108189470945683,2.833887722297586,0.22852053906219089,1,0.003493202237083127,0.7185502089230447,0.032034428669875756,0.5131919254883939
5.96307246053439,2.738885480002231,0.24972727109838797,1,0.003493202237083127,0.7185502089230447,0.032034428669875756,0.5131919254883939
6.084587441619097,2.8782711839276445,0.25968882332317433,1,0.003493202237083127,0.7185502089230447,0.032034428669875756,0.5131919254883939
3.0560648997055067,0.08890370617325109,0.2183511462132615,2,0.002122623345699547,0.5378573327963999,0.21875413148218284,0.45691740765208866
3.0929745556976336,0.1278701284260855,0.23551870170741288,2,0.002122623345699547,0.5378573327963999,0.21875413148218284,0.45691740765208866
3.1410018552875694,0.14471243042671614,0.3121415996349086,2,0.002122623345699547,0.5378573327963999,0.21875413148218284,0.45691740765208866
4.7236646884272995,1.1016320474777448,0.24775050177633912,3,0.0022407962721971856,0.4365135458285962,0.05919001448236476,0.22622941570722463
4.799866824504291,1.0099141757916543,0.25384640100296596,3,0.0022407962721971856,0.4365135458285962,0.05919001448236476,0.22622941570722463
4.578737603114283,0.9361386597460376,0.26379855960663556,3,0.0022407962721971856,0.4365135458285962,0.05919001448236476,0.22622941570722463
2.2550544323483668,0.016662963785825373,0.09837061805723292,4,6.182351192908607e-4,0.6224978171008515,0.21579916555346604,0.5769215542356678
2.1506775470751154,0.00743535884900645,0.0946186179644314,4,6.182351192908607e-4,0.6224978171008515,0.21579916555346604,0.5769215542356678
2.0568124965256547,0.009264921155520967,0.24724848779960523,4,6.182351192908607e-4,0.6224978171008515,0.21579916555346604,0.5769215542356678
11.41043906229763,3.828149573519344,0.32394575765930994,5,0.009981127683090642,0.5408628686562825,0.2010136131874359,0.5646103816663287
11.165210308056873,3.850710900473934,0.3622900438569223,5,0.009981127683090642,0.5408628686562825,0.2010136131874359,0.5646103816663287
10.741295464211092,3.9385366394852164,0.3624911403951521,5,0.009981127683090642,0.5408628686562825,0.2010136131874359,0.5646103816663287
4.287543849880283,0.8556526903873638,0.38447338732880526,6,0.0036116475661338064,0.19330205400633332,0.16746294165083483,0.521588571320852
4.717573608186487,0.9364956222985703,0.3763650490070626,6,0.0036116475661338064,0.19330205400633332,0.16746294165083483,0.521588571320852
4.713891920892458,0.8991175327918894,0.3222914880048945,6,0.0036116475661338064,0.19330205400633332,0.16746294165083483,0.521588571320852
14.043605885502245,5.844887108387025,0.3128120388349146,7,0.00965665395804309,0.2915983942925153,0.13050223060521857,0.369581145507488
12.190599796050803,5.059794196718272,0.3269062200043824,7,0.00965665395804309,0.2915983942925153,0.13050223060521857,0.369581145507488
13.046548360122642,5.277339031868438,0.30070182528424555,7,0.00965665395804309,0.2915983942925153,0.13050223060521857,0.369581145507488
4.591184481129454,0.3223834139291868,0.2428499935560201,8,0.004821058076987994,0.21937752292270885,0.28890749318822256,0.104515017834288
4.71762893677041,0.31178664885028673,0.2522664642092685,8,0.004821058076987994,0.21937752292270885,0.28890749318822256,0.104515017834288
4.7496672089927525,0.31984913474338117,0.2819326976613548,8,0.004821058076987994,0.21937752292270885,0.28890749318822256,0.104515017834288
3.082236292403959,0.09655198024397943,0.22704354792683712,9,0.0016880441296643531,0.6509197773857308,0.15747963932244224,0.2720225067764245
3.185410559905013,0.11873399873845127,0.17407175857129023,9,0.0016880441296643531,0.6509197773857308,0.15747963932244224,0.2720225067764245
2.854134338284194,0.07758811793393926,0.22927470184920437,9,0.0016880441296643531,0.6509197773857308,0.15747963932244224,0.2720225067764245
7.838153720572139,1.6177207205535868,0.30527551087061366,10,0.006479576541518775,0.27442925076030295,0.17615458637013892,0.19404681298456555
8.078517389445508,1.842110154841348,0.3229917040489992,10,0.006479576541518775,0.27442925076030295,0.17615458637013892,0.19404681298456555
8.168647845468053,1.9539375928677563,0.3427445337176532,10,0.006479576541518775,0.27442925076030295,0.17615458637013892,0.19404681298456555
7.363658278784283,3.046711294898659,0.24907155405157708,11,0.004238039676917777,0.6431362485914351,0.056886627302136845,0.45084190824421055
7.435260993590931,3.0896899196087872,0.2572482264311007,11,0.004238039676917777,0.6431362485914351,0.056886627302136845,0.45084190824421055
6.849011273332101,2.818333025318795,0.2886472951676118,11,0.004238039676917777,0.6431362485914351,0.056886627302136845,0.45084190824421055
5.620187401428704,1.4361258001669914,0.4615679068746427,12,0.006318852632381336,0.1802336187773833,0.28310616220023527,0.5400203794995879
5.313096495617205,1.3602416560108226,0.4098976366504413,12,0.006318852632381336,0.1802336187773833,0.28310616220023527,0.5400203794995879
5.316535200339904,1.2266085382299152,0.44831838963130377,12,0.006318852632381336,0.1802336187773833,0.28310616220023527,0.5400203794995879
6.365487872616182,2.458803925199037,0.37985882855819547,13,0.005166678148011923,0.06926126778273466,0.1044750875981567,0.5142417724156494
6.300072159416804,2.6328935926138364,0.4526768034078134,13,0.005166678148011923,0.06926126778273466,0.1044750875981567,0.5142417724156494
5.674401405195526,2.1003975224184157,0.35814672046117857,13,0.005166678148011923,0.06926126778273466,0.1044750875981567,0.5142417724156494
2.5516268013668104,0.03157034615956024,0.30582020993022424,14,0.001218904802466789,0.7869709679135033,0.22016562280348725,0.14516761619478097
2.426526558119674,0.03713124036908453,0.212680894385727,14,0.001218904802466789,0.7869709679135033,0.22016562280348725,0.14516761619478097
2.599252599252599,0.02405002405002405,0.1717300438551754,14,0.001218904802466789,0.7869709679135033,0.22016562280348725,0.14516761619478097
8.85032618136793,5.736356748165807,0.15753296763229363,15,0.00997269945785438,0.40993606012004913,0.024645174882886086,0.3799637818784608
9.238249594813615,6.15699130691027,0.14726409504134413,15,0.00997269945785438,0.40993606012004913,0.024645174882886086,0.3799637818784608
9.00103672985782,5.846415876777251,0.1563217615959928,15,0.00997269945785438,0.40993606012004913,0.024645174882886086,0.3799637818784608
3.356746765249538,0.1534195933456562,0.20699517577300722,16,0.0024854490572990395,0.553981958522519,0.2636161311930407,0.33893550496981134
3.396925356547509,0.1018707167994073,0.12398101621211911,16,0.0024854490572990395,0.553981958522519,0.2636161311930407,0.33893550496981134
3.3946042099021643,0.1612066409724281,0.27693240069709296,16,0.0024854490572990395,0.553981958522519,0.2636161311930407,0.33893550496981134
3.0023649397679404,0.2660557238932821,0.23714686928389342,17,0.0012416090299968326,0.6175902375156921,0.06138948532496881,0.3501659740308586
3.121013219931589,0.28473698807432746,0.19341870778305872,17,0.0012416090299968326,0.6175902375156921,0.06138948532496881,0.3501659740308586
2.93508031682582,0.2424309719446295,0.19814289603681592,17,0.0012416090299968326,0.6175902375156921,0.06138948532496881,0.3501659740308586
2.2555973258764053,0.018518861460397412,0.16343691166051943,18,8.376863003332985e-4,0.11547341272664953,0.194855886888696,0.5651847560327569
2.1748377193793575,0.03143898063728663,0.3264518298341587,18,8.376863003332985e-4,0.11547341272664953,0.194855886888696,0.5651847560327569
2.374542821602956,0.012995934129179584,0.17387740154245804,18,8.376863003332985e-4,0.11547341272664953,0.194855886888696,0.5651847560327569
8.50547005377341,4.683849434452068,0.25714950263611575,19,0.006105897799140482,0.18170353998298208,0.04159851634467286,0.35381436066082383
8.531025279857662,4.585217584698643,0.2698037017319329,19,0.006105897799140482,0.18170353998298208,0.04159851634467286,0.35381436066082383
8.421306517746155,4.439785524777825,0.23460340861174017,19,0.006105897799140482,0.18170353998298208,0.04159851634467286,0.35381436066082383
4.9039958484691235,1.378901327007191,0.40414455968687674,20,0.0047367565043376185,0.07256900386287664,0.18217317196587562,0.5853564379630003
4.983925817181722,1.3658409677958858,0.40116608433436407,20,0.0047367565043376185,0.07256900386287664,0.18217317196587562,0.5853564379630003
4.7420270495909165,1.2819799261609246,0.4047770327621831,20,0.0047367565043376185,0.07256900386287664,0.18217317196587562,0.5853564379630003
5.263255503421672,0.8568090354407374,0.2592764993302209,21,0.003866067571598584,0.17921649619867824,0.14425254985097105,0.15786001822792084
5.322461082283173,0.8080059303187547,0.297299801617505,21,0.003866067571598584,0.17921649619867824,0.14425254985097105,0.15786001822792084
5.485671752884257,0.8429475251209527,0.29937686173769745,21,0.003866067571598584,0.17921649619867824,0.14425254985097105,0.15786001822792084
4.3750693135189085,0.914938449595209,0.24724164159046846,22,0.0018590011346787767,0.6321204987077658,0.05774783194566822,0.4036861452662196
4.01592297722644,0.7794852805036104,0.23173461098158593,22,0.0018590011346787767,0.6321204987077658,0.05774783194566822,0.4036861452662196
3.8724120705285943,0.7123166016022497,0.24541527396722018,22,0.0018590011346787767,0.6321204987077658,0.05774783194566822,0.4036861452662196
8.585447139418626,1.5108313275319385,0.23461109500154156,23,0.008029390401233268,0.6034178068653923,0.25015961296232403,0.1449177285989019
8.421110987914403,1.498687955057841,0.2634618976749989,23,0.008029390401233268,0.6034178068653923,0.25015961296232403,0.1449177285989019
8.69179108619637,1.465282788477549,0.2696543510564619,23,0.008029390401233268,0.6034178068653923,0.25015961296232403,0.1449177285989019
4.07865313891815,0.3788508805972908,0.29833884234371894,24,0.00430239591861571,0.7851901086325626,0.2837867280043754,0.4722448568853853
4.149415939671743,0.35672039035930797,0.3400681646041265,24,0.00430239591861571,0.7851901086325626,0.2837867280043754,0.4722448568853853
4.666170727171285,0.45936395759717313,0.2881509717065297,24,0.00430239591861571,0.7851901086325626,0.2837867280043754,0.4722448568853853
3.4305760709010342,0.6000738552437223,0.2573681151337583,25,0.0021450947029934496,0.013143843117616925,0.10085707983194679,0.45392778800264466
3.3193020193965914,0.5266378622953252,0.2851042113018116,25,0.0021450947029934496,0.013143843117616925,0.10085707983194679,0.45392778800264466
3.4584103512014788,0.5859519408502772,0.3676657646257381,25,0.0021450947029934496,0.013143843117616925,0.10085707983194679,0.45392778800264466
4.059156702328508,0.2498796875578425,0.2978419381358249,26,0.003513150732204168,0.11696289692266906,0.2554355047574698,0.19947959501104334
3.97616889004015,0.26088404536792054,0.3147670147744839,26,0.003513150732204168,0.11696289692266906,0.2554355047574698,0.19947959501104334
4.063030481954388,0.2638571112259207,0.29214021585767636,26,0.003513150732204168,0.11696289692266906,0.2554355047574698,0.19947959501104334
5.3609008676389145,1.7666605131991877,0.2814354160077161,27,0.002795219209838099,0.16362578208422351,0.05432888332531036,0.39295460633806845
4.929564428648119,1.488310101627145,0.29465640084558276,27,0.002795219209838099,0.16362578208422351,0.05432888332531036,0.39295460633806845
4.602246356632322,1.5724496426250814,0.35624574193219677,27,0.002795219209838099,0.16362578208422351,0.05432888332531036,0.39295460633806845
3.6077774676714114,0.17862126709461346,0.244283849372002,28,0.002842277430741514,0.6709760720755494,0.22478923667132886,0.44707249903378077
3.476811996667592,0.1499583449041933,0.2924992709818148,28,0.002842277430741514,0.6709760720755494,0.22478923667132886,0.44707249903378077
3.361034164358264,0.1569713758079409,0.2662665569482017,28,0.002842277430741514,0.6709760720755494,0.22478923667132886,0.44707249903378077
3.964405803563135,0.8935703802782887,0.283435154947803,29,0.0025348008347765016,0.027421519929467737,0.09140139721601517,0.4454831372621685
3.9114665674695432,0.7086394494559658,0.32854177923630407,29,0.0025348008347765016,0.027421519929467737,0.09140139721601517,0.4454831372621685
3.698582148717665,0.8020355108136512,0.27573467520658973,29,0.0025348008347765016,0.027421519929467737,0.09140139721601517,0.4454831372621685
8.93718015278499,2.586590521397315,0.3540530819997032,30,0.008519852115337095,0.5757303714174585,0.24943288265309285,0.5385898362907316
8.585286083288425,2.434356010629402,0.3407533237051405,30,0.008519852115337095,0.5757303714174585,0.24943288265309285,0.5385898362907316
7.943933874516911,2.0359104273377837,0.35104500113197834,30,0.008519852115337095,0.5757303714174585,0.24943288265309285,0.5385898362907316
8.43164084168485,2.3316445397729377,0.359666208260554,31,0.008650168357238877,0.7471500942966016,0.22058325328196324,0.48888973949688164
9.034655765121249,2.3655114744959587,0.3367418079710112,31,0.008650168357238877,0.7471500942966016,0.22058325328196324,0.48888973949688164
9.142729821564513,2.5660545518688376,0.33654231298240916,31,0.008650168357238877,0.7471500942966016,0.22058325328196324,0.48888973949688164
4.337899543378995,1.0320377176374504,0.311922822284758,32,0.0027616037182541502,0.03318613127402852,0.08479946928058975,0.2842495358604713
4.547729842970763,1.108659782346725,0.24602837167813182,32,0.0027616037182541502,0.03318613127402852,0.08479946928058975,0.2842495358604713
4.188869153345174,0.9232534043812907,0.26657071618815353,32,0.0027616037182541502,0.03318613127402852,0.08479946928058975,0.2842495358604713
2.277490309538382,0.014837070420445483,0.12004139808241851,33,8.250984786126027e-4,0.5286455429061953,0.1828584461367123,0.1902585768545475
2.5309888643901357,0.00926423449630357,0.05779831274859446,33,8.250984786126027e-4,0.5286455429061953,0.1828584461367123,0.1902585768545475
2.5362049758633494,0.01856665428889714,0.15505717074283576,33,8.250984786126027e-4,0.5286455429061953,0.1828584461367123,0.1902585768545475
3.249962836331203,0.484985877805857,0.38728269414423006,34,0.0025896425309231614,0.13901393881880197,0.1876712432749613,0.5916276937021316
3.1478525557741563,0.3767771632206095,0.3427558641521384,34,0.0025896425309231614,0.13901393881880197,0.1876712432749613,0.5916276937021316
3.2178812228687543,0.38237738985868663,0.3509591402181291,34,0.0025896425309231614,0.13901393881880197,0.1876712432749613,0.5916276937021316
6.055903489811377,3.3327791017753885,0.20469020592417134,35,0.004662186943398529,0.5049152514483716,0.01985821319522996,0.4502711741850721
6.222543513318134,3.5181375002317004,0.19323894442915274,35,0.004662186943398529,0.5049152514483716,0.01985821319522996,0.4502711741850721
6.086168303827441,3.3612668109588024,0.18499394738835778,35,0.004662186943398529,0.5049152514483716,0.01985821319522996,0.4502711741850721
6.866857618035664,0.7317749237734454,0.23035642788576696,36,0.006599970113670869,0.47215888421261876,0.2822505924450521,0.10725643732802453
6.821765829947496,0.8738242333166361,0.2423318589641968,36,0.006599970113670869,0.47215888421261876,0.2822505924450521,0.10725643732802453
7.211422417794612,0.8726489537496055,0.2727580209185517,36,0.006599970113670869,0.47215888421261876,0.2822505924450521,0.10725643732802453
4.556381522985317,1.5200266282037058,0.22235550572973883,37,0.002144922701675427,0.749548279099642,0.03463759037075071,0.3884261650016164
4.628188018979834,1.5217230130486359,0.2761262991604251,37,0.002144922701675427,0.749548279099642,0.03463759037075071,0.3884261650016164
4.3349973091840335,1.3825226863622024,0.24502559610901287,37,0.002144922701675427,0.749548279099642,0.03463759037075071,0.3884261650016164
5.019834649464279,2.96036777518259,0.19078655828387206,38,0.006387614020757312,0.6101964920109303,0.011310075349755509,0.528246889979428
5.034879632884925,3.014266417482375,0.1887964644124095,38,0.006387614020757312,0.6101964920109303,0.011310075349755509,0.528246889979428
5.082764251781473,2.9542755344418055,0.17655914329583972,38,0.006387614020757312,0.6101964920109303,0.011310075349755509,0.528246889979428
8.278749534797171,3.773725344250093,0.29895468286953475,39,0.0051109310945201825,0.4176898184417473,0.052263376966766646,0.4425093351960978
8.489253991507036,3.988725499286072,0.2449483632386701,39,0.0051109310945201825,0.4176898184417473,0.052263376966766646,0.4425093351960978
8.243468593663145,3.8465814341300724,0.2571299444118011,39,0.0051109310945201825,0.4176898184417473,0.052263376966766646,0.4425093351960978
3.82083148394733,0.14980026631158455,0.22326286005394178,40,0.003035401271507951,0.5617170186799813,0.2588389912290755,0.21719836652680774
3.6962777313654507,0.1206720504966119,0.22232166056502356,40,0.003035401271507951,0.5617170186799813,0.2588389912290755,0.21719836652680774
3.706997165564386,0.1537635006206117,0.22493539394687256,40,0.003035401271507951,0.5617170186799813,0.2588389912290755,0.21719836652680774
2.8688145806761676,0.16451320726815652,0.24425025910708803,41,0.001178872651701214,0.4519616100024467,0.08396762339520866,0.22736470915653267
2.883083194367241,0.1148786362794145,0.2557061948442676,41,0.001178872651701214,0.4519616100024467,0.08396762339520866,0.22736470915653267
2.8244189925497607,0.14826346417584046,0.22847849902646122,41,0.001178872651701214,0.4519616100024467,0.08396762339520866,0.22736470915653267
3.912293394178864,0.45634147698814626,0.22274346370496484,42,0.0021976712502342695,0.3741102422156675,0.09429286528446619,0.15035082750790105
4.170459400717059,0.5127157214244581,0.2356377803470834,42,0.0021976712502342695,0.3741102422156675,0.09429286528446619,0.15035082750790105
4.189327146171694,0.48259860788863107,0.2929516532951158,42,0.0021976712502342695,0.3741102422156675,0.09429286528446619,0.15035082750790105
3.3227085726993066,0.37433749675697714,0.30148292556884715,43,0.0019432869214107472,0.5250552841488969,0.10011029575088562,0.5375313476208878
3.3844840702874213,0.4137828660493941,0.3293373344390965,43,0.0019432869214107472,0.5250552841488969,0.10011029575088562,0.5375313476208878
3.4357578114870995,0.4871182234076049,0.3096432691966642,43,0.0019432869214107472,0.5250552841488969,0.10011029575088562,0.5375313476208878
7.7264126442325525,3.6804808370125772,0.22904103476241205,44,0.004597110949968705,0.5625001874286774,0.04530472138276837,0.4395854269931486
7.407132243684993,3.4806835066864785,0.26896589207661215,44,0.004597110949968705,0.5625001874286774,0.04530472138276837,0.4395854269931486
7.63044767269493,3.672546694337385,0.2746731128566634,44,0.004597110949968705,0.5625001874286774,0.04530472138276837,0.4395854269931486
5.857787389537268,2.8394048995115404,0.25195717128659967,45,0.0033206522978599367,0.5392763784549868,0.026809286385851814,0.5699140207940052
5.391333247170473,2.619966396484555,0.2973406054161741,45,0.0033206522978599367,0.5392763784549868,0.026809286385851814,0.5699140207940052
5.437631510945402,2.6449850492819964,0.2727141037781021,45,0.0033206522978599367,0.5392763784549868,0.026809286385851814,0.5699140207940052
2.669035852444148,0.07773890832361596,0.23126397499576665,46,0.0015539741872871834,0.2018448126464433,0.22312291921571994,0.5004636848802787
2.5925514996856394,0.0758164133288953,0.2627300998442394,46,0.0015539741872871834,0.2018448126464433,0.22312291921571994,0.5004636848802787
2.552688450100667,0.06834259960472118,0.1942229757735121,46,0.0015539741872871834,0.2018448126464433,0.22312291921571994,0.5004636848802787
2.224652861459743,0.011123264307298715,0.15733791838817096,47,6.383132708187125e-4,0.4802117060599931,0.17974328952995228,0.367679264111744
2.1310079241650004,0.018514404206472636,0.12440099390714827,47,6.383132708187125e-4,0.4802117060599931,0.17974328952995228,0.367679264111744
2.2635468438785575,0.01303028610785354,0.35651433143237554,47,6.383132708187125e-4,0.4802117060599931,0.17974328952995228,0.367679264111744
7.947611251674356,3.2687155826759935,0.41133612964767835,48,0.00658144094025244,0.21770068958442274,0.11002325380333625,0.5758571730876091
7.687184325914415,3.0563726850567057,0.42449571257071184,48,0.00658144094025244,0.21770068958442274,0.11002325380333625,0.5758571730876091
7.862148233287606,3.259056023135961,0.3900363062803501,48,0.00658144094025244,0.21770068958442274,0.11002325380333625,0.5758571730876091
4.241250209547935,0.19744072121742695,0.21849597288500494,49,0.0036531947995220586,0.6012508700276216,0.28700831711472247,0.23247761224753768
3.971212880010387,0.2188711442509228,0.3136256411843835,49,0.0036531947995220586,0.6012508700276216,0.28700831711472247,0.23247761224753768
3.8523274478330656,0.1771185033486467,0.3294703064291476,49,0.0036531947995220586,0.6012508700276216,0.28700831711472247,0.23247761224753768
5.152728351126927,2.3094602609727164,0.2839329096124966,50,0.0026438175095045108,0.3982398898419685,0.028605127341548558,0.4234964154631027
5.113951169061426,2.188527315037122,0.2715734529716841,50,0.0026438175095045108,0.3982398898419685,0.028605127341548558,0.4234964154631027
5.128965862522946,2.1361419644347195,0.26915289403727877,50,0.0026438175095045108,0.3982398898419685,0.028605127341548558,0.4234964154631027
8.67254677639591,4.73299627265011,0.260172151471129,51,0.007118722382163224,0.052870989357392734,0.04656166711003211,0.3122845313640271
9.059246428637948,4.993388091113967,0.257609349759372,51,0.007118722382163224,0.052870989357392734,0.04656166711003211,0.3122845313640271
7.762928960130308,4.223892200051827,0.29181519287255453,51,0.007118722382163224,0.052870989357392734,0.04656166711003211,0.3122845313640271
13.227103389767992,4.734240714101287,0.24995590998145262,52,0.009667958559220513,0.667383027173502,0.15870027278774806,0.3106342267505636
13.272976375620232,4.828556617048063,0.2595933735381556,52,0.009667958559220513,0.667383027173502,0.15870027278774806,0.3106342267505636
12.841139205231574,4.785702342690471,0.27303191675840977,52,0.009667958559220513,0.667383027173502,0.15870027278774806,0.3106342267505636
9.708845754926655,4.693287894502889,0.4472686318346639,53,0.008884885760037285,0.09506093835753278,0.0978425564945796,0.5562623506417892
8.990699914780095,4.546296639371596,0.46010672603622366,53,0.008884885760037285,0.09506093835753278,0.0978425564945796,0.5562623506417892
9.487912659214972,4.678970626462179,0.43236900465408423,53,0.008884885760037285,0.09506093835753278,0.0978425564945796,0.5562623506417892
2.7952493710226434,0.0665976024863105,0.20467872005498158,54,0.0014666023024016246,0.16397144452344173,0.19989747052748544,0.2208942029965097
2.589516426725729,0.05352528608342561,0.19728152280721353,54,0.0014666023024016246,0.16397144452344173,0.19989747052748544,0.2208942029965097
2.733038702638732,0.05362525194622682,0.2939545029903303,54,0.0014666023024016246,0.16397144452344173,0.19989747052748544,0.2208942029965097
6.158743083442826,0.9012343394340915,0.26292020548621947,55,0.005371250910037242,0.34475954037857814,0.22208674856788566,0.22185564715088688
5.9735005938242285,0.8647565320665083,0.3012856269029736,55,0.005371250910037242,0.34475954037857814,0.22208674856788566,0.22185564715088688
5.575898801597869,0.7563988755733096,0.36840413746449335,55,0.005371250910037242,0.34475954037857814,0.22208674856788566,0.22185564715088688
5.913440142412105,0.7565643079661771,0.36621548324723135,56,0.006456739796093172,0.10899689464628559,0.2816005067860022,0.1503415657372786
5.872608145335418,0.6440324622142805,0.29121683970169765,56,0.006456739796093172,0.10899689464628559,0.2816005067860022,0.1503415657372786
6.261799874134676,0.8477399770480879,0.30653383843901544,56,0.006456739796093172,0.10899689464628559,0.2816005067860022,0.1503415657372786
9.07613313139522,2.4232573602748326,0.23900227320903564,57,0.007516467201855309,0.7836682492408427,0.17243212101885147,0.3228398782551975
9.256578703188211,2.5238466392012766,0.24590366487608467,57,0.007516467201855309,0.7836682492408427,0.17243212101885147,0.3228398782551975
9.791045874259648,2.9522127800463522,0.2539456341967555,57,0.007516467201855309,0.7836682492408427,0.17243212101885147,0.3228398782551975
4.163579789598459,0.16669136168321233,0.2599990464341041,58,0.003477112951977061,0.5657167021345986,0.2731409678941875,0.11863551288288708
4.045812881154247,0.202662501859289,0.201781843087292,58,0.003477112951977061,0.5657167021345986,0.2731409678941875,0.11863551288288708
3.900630329996292,0.1631442343344457,0.22534704629973962,58,0.003477112951977061,0.5657167021345986,0.2731409678941875,0.11863551288288708
2.197086674232136,0.027905419232414932,0.2251518510647455,59,7.086344196917395e-4,0.3359853938885411,0.12253261316259939,0.5543496277194291
2.350078026306012,0.04087092219662629,0.209285495273783,59,7.086344196917395e-4,0.3359853938885411,0.12253261316259939,0.5543496277194291
2.3036358590063832,0.022203719122953096,0.3689783258060306,59,7.086344196917395e-4,0.3359853938885411,0.12253261316259939,0.5543496277194291
10.931723176962379,4.306549001393405,0.31547825114825645,60,0.008485901741093855,0.41281529950573637,0.11598795320500953,0.328358249412504
13.010402398845,5.377040684115056,0.2821534647007632,60,0.008485901741093855,0.41281529950573637,0.11598795320500953,0.328358249412504
12.411176905995559,5.1461880088823095,0.2863598450568462,60,0.008485901741093855,0.41281529950573637,0.11598795320500953,0.328358249412504
9.69807189117969,4.90285226492475,0.40069536841497666,61,0.00843473438509385,0.14160634555251336,0.07618775302242782,0.5417199918249991
9.946915138466107,5.195263196970822,0.36433159283743344,61,0.00843473438509385,0.14160634555251336,0.07618775302242782,0.5417199918249991
9.650437646884658,4.948278095449583,0.382694217269827,61,0.00843473438509385,0.14160634555251336,0.07618775302242782,0.5417199918249991
9.14449371766445,1.6980783444198078,0.2857207416182021,62,0.008957526109452694,0.5948280138252832,0.28183749822252424,0.1824348134096808
8.490408364129324,1.3259299151330572,0.2743574334682886,62,0.008957526109452694,0.5948280138252832,0.28183749822252424,0.1824348134096808
9.232644918166033,1.9211586064211033,0.32996892304077236,62,0.008957526109452694,0.5948280138252832,0.28183749822252424,0.1824348134096808
5.411817036103492,3.180369189710134,0.1455037062475047,63,0.005489200551936802,0.41723271617302793,0.013049275529163264,0.23358748303404928
5.548260620295538,3.1569602929481606,0.14103708407696533,63,0.005489200551936802,0.41723271617302793,0.013049275529163264,0.23358748303404928
5.386673603627039,3.0677468504961167,0.13784052952413092,63,0.005489200551936802,0.41723271617302793,0.013049275529163264,0.23358748303404928
4.98948504643329,0.5062066141849515,0.3160014058530236,64,0.003975619626447765,0.01887898350293482,0.20825749949495306,0.10259497855784268
4.628395884225331,0.3738248575024058,0.2328283237881714,64,0.003975619626447765,0.01887898350293482,0.20825749949495306,0.10259497855784268
4.414245722019318,0.3744971171137767,0.28234367218307954,64,0.003975619626447765,0.01887898350293482,0.20825749949495306,0.10259497855784268
6.0821734525114755,1.5442365227733075,0.3298214345488888,65,0.004649841056011371,0.26535609792779863,0.13734945464150203,0.3876825568587454
5.677307386961579,1.5471816553735946,0.40442702208577136,65,0.004649841056011371,0.26535609792779863,0.13734945464150203,0.3876825568587454
6.383214509992243,1.7343282479406006,0.3519234609629179,65,0.004649841056011371,0.26535609792779863,0.13734945464150203,0.3876825568587454
3.9148402331931225,0.3339236956682164,0.313995531419602,66,0.0025025483920541746,0.5094535705555098,0.13540723109727354,0.4327379159651433
3.6551251412586376,0.35569388095370424,0.27706093494665096,66,0.0025025483920541746,0.5094535705555098,0.13540723109727354,0.4327379159651433
3.8245261237105725,0.3835698059807098,0.2893600334804147,66,0.0025025483920541746,0.5094535705555098,0.13540723109727354,0.4327379159651433
2.134485572286922,0.0037089236703508645,1.1891712818138213e-4,67,3.7471588885898356e-4,0.6131778391872046,0.27050282949455745,0.4532633490345387
1.8922988270721415,0,NA,67,3.7471588885898356e-4,0.6131778391872046,0.27050282949455745,0.4532633490345387
1.9821954063408043,0.003701578723325498,0.004719737379647519,67,3.7471588885898356e-4,0.6131778391872046,0.27050282949455745,0.4532633490345387
2.342565543763636,0.027733609436822838,0.15554724542337908,68,0.0011587778108720168,0.3377035148074691,0.2954580911354355,0.5730204600813463
2.3519855262429155,0.025845994793878193,0.1185008337264568,68,0.0011587778108720168,0.3377035148074691,0.2954580911354355,0.5730204600813463
2.368489438319041,0.01856182945391098,0.1860008749223661,68,0.0011587778108720168,0.3377035148074691,0.2954580911354355,0.5730204600813463
3.6440912870738242,0.5876374387877668,0.374995519124592,69,0.0025082999821115282,0.009174001288645033,0.10792092816847215,0.3404796703531806
3.9164201183431953,0.7322485207100592,0.3051688640688396,69,0.0025082999821115282,0.009174001288645033,0.10792092816847215,0.3404796703531806
3.9257884972170682,0.6753246753246753,0.2646340768005803,69,0.0025082999821115282,0.009174001288645033,0.10792092816847215,0.3404796703531806
7.826232061408388,2.102569807542552,0.29528267733802166,70,0.005784071482039726,0.1617673792055843,0.13709216723571782,0.1595471091535405
7.9404145077720205,2.122501850481125,0.3430973448724853,70,0.005784071482039726,0.1617673792055843,0.13709216723571782,0.1595471091535405
7.687748865635707,2.259468469302713,0.3349452489164263,70,0.005784071482039726,0.1617673792055843,0.13709216723571782,0.1595471091535405
10.592519648464355,5.230300440348563,0.292449194014273,71,0.0072326195995288155,0.3984372223901894,0.06999962787374915,0.5545477077006185
10.63446353924756,5.205759405480725,0.2500008651344423,71,0.0072326195995288155,0.3984372223901894,0.06999962787374915,0.5545477077006185
9.838835456199636,4.749526532734228,0.286491204169964,71,0.0072326195995288155,0.3984372223901894,0.06999962787374915,0.5545477077006185
2.1990247158511487,0.025958133239389614,0.28495102287874063,72,8.799312317338065e-4,0.45550138548582053,0.2691305172371556,0.550758394961652
2.184191496857212,0.018541523742421153,0.13156828711521515,72,8.799312317338065e-4,0.45550138548582053,0.2691305172371556,0.550758394961652
2.1390175399438274,0.011160091512750405,0.08359587461078959,72,8.799312317338065e-4,0.45550138548582053,0.2691305172371556,0.550758394961652
7.227933685282949,1.8171714365101417,0.29073739843593266,73,0.004973529117296929,0.6249383599467527,0.14677940646422016,0.351464437997109
6.967076820751579,1.5112884750397222,0.2863321263333161,73,0.004973529117296929,0.6249383599467527,0.14677940646422016,0.351464437997109
6.970752863550432,1.7311042740111946,0.31459293984169845,73,0.004973529117296929,0.6249383599467527,0.14677940646422016,0.351464437997109
12.72317303071748,5.4115994529257385,0.28177585468198935,74,0.008803874021676789,0.6463863747307022,0.11870972628742994,0.5679528568718104
11.788806288352088,5.137094232587456,0.2991171460234873,74,0.008803874021676789,0.6463863747307022,0.11870972628742994,0.5679528568718104
11.68103288816544,4.879582701342903,0.2800663020554865,74,0.008803874021676789,0.6463863747307022,0.11870972628742994,0.5679528568718104
2.9908996744598992,0.08138502515537141,0.2637760044407501,75,0.002355978444694429,0.15266700511675727,0.2792644474625134,0.13974340035734403
2.9323349869981374,0.04979436770374195,0.24651458247331892,75,0.002355978444694429,0.15266700511675727,0.2792644474625134,0.13974340035734403
3.0389557413828268,0.055624571227263456,0.2176068370964656,75,0.002355978444694429,0.15266700511675727,0.2792644474625134,0.13974340035734403
3.581863234587078,0.26258367543178374,0.24728657720265884,76,0.002753765052832461,0.1589420803496504,0.17679969648233076,0.18550753683912746
3.912429903071267,0.23767965239350838,0.24284277080147437,76,0.002753765052832461,0.1589420803496504,0.17679969648233076,0.18550753683912746
3.774840558277105,0.2717441538034938,0.22037938910546903,76,0.002753765052832461,0.1589420803496504,0.17679969648233076,0.18550753683912746
3.7639991099903582,0.30779500111251207,0.30298118326479556,77,0.004046357097486564,0.7542471738726396,0.29392573228956953,0.3437535181410452
3.9947232492893106,0.19137511380316236,0.27746788858388177,77,0.004046357097486564,0.7542471738726396,0.29392573228956953,0.3437535181410452
4.055381535781143,0.190906900450392,0.2644522413897592,77,0.004046357097486564,0.7542471738726396,0.29392573228956953,0.3437535181410452
7.95410310119191,1.633084323502697,0.23126942534026784,78,0.00594701885641085,0.7116625271797661,0.16943082259306944,0.16275429740848343
7.7824469168255614,1.5216868138988133,0.23321795067856602,78,0.00594701885641085,0.7116625271797661,0.16943082259306944,0.16275429740848343
7.786748638939299,1.5240176289767045,0.22971410033897754,78,0.00594701885641085,0.7116625271797661,0.16943082259306944,0.16275429740848343
5.078734308846468,2.6554259823219195,0.24067113913249322,79,0.0037430834138210286,0.6371707151950126,0.01709742134349971,0.5625785904276062
5.094927321269653,2.660560664491249,0.24937761546201637,79,0.0037430834138210286,0.6371707151950126,0.01709742134349971,0.5625785904276062
5.221098479255868,2.7498892662040455,0.17909465522941945,79,0.0037430834138210286,0.6371707151950126,0.01709742134349971,0.5625785904276062
9.753968990808653,2.946801596880513,0.4124615257681888,80,0.009796762931562656,0.15107036107746774,0.24984180421966484,0.32634312477413796
9.453235272268033,2.8638288388678403,0.43627499309340684,80,0.009796762931562656,0.15107036107746774,0.24984180421966484,0.32634312477413796
8.865294303268799,2.518887012046851,0.37266467684508936,80,0.009796762931562656,0.15107036107746774,0.24984180421966484,0.32634312477413796
3.5970285416395154,0.21410884176425687,0.3744459726149445,81,0.003289105138772603,0.30261577473582735,0.2520006486880907,0.22022204219973293
3.9144791455293397,0.21583131952258852,0.24642825254992176,81,0.003289105138772603,0.30261577473582735,0.2520006486880907,0.22022204219973293
3.9495347503561056,0.2349371959228222,0.24355859680756684,81,0.003289105138772603,0.30261577473582735,0.2520006486880907,0.22022204219973293
2.329034054003897,0.03897188456898952,0.2283886520166739,82,7.184275052121192e-4,0.5641701433219458,0.1051548769795835,0.46483181183808875
2.423848439821694,0.03900445765230312,0.2246794275439767,82,7.184275052121192e-4,0.5641701433219458,0.1051548769795835,0.46483181183808875
2.3940214367837407,0.046359826428809855,0.16124693727459388,82,7.184275052121192e-4,0.5641701433219458,0.1051548769795835,0.46483181183808875
2.854767184035477,0.09793052475979307,0.2818418313177082,83,0.001602025389024355,0.5043151322979359,0.19644558373156037,0.33384757471277743
2.73149261183955,0.08691953470308657,0.26661075053647665,83,0.001602025389024355,0.5043151322979359,0.19644558373156037,0.33384757471277743
2.912296362419103,0.08740608495127575,0.2160865171766757,83,0.001602025389024355,0.5043151322979359,0.19644558373156037,0.33384757471277743
5.8359035338709075,1.1853888744379621,0.43838625387928903,84,0.006122208708762055,0.410953791597483,0.28015017765137296,0.5835964039871591
5.209393563669338,1.1066491478061329,0.38622659679113486,84,0.006122208708762055,0.410953791597483,0.28015017765137296,0.5835964039871591
5.4809202624041395,1.1124457174535711,0.4666223059659921,84,0.006122208708762055,0.410953791597483,0.28015017765137296,0.5835964039871591
2.002964609968501,0,NA,85,2.0391525524071725e-4,0.27761578246580504,0.08490901564505773,0.2560206881147584
2.0754019589724635,0.005544261689151728,0.24758276702630475,85,2.0391525524071725e-4,0.27761578246580504,0.08490901564505773,0.2560206881147584
2.0133360424093536,0,NA,85,2.0391525524071725e-4,0.27761578246580504,0.08490901564505773,0.2560206881147584
8.407177669472752,1.8627233791168218,0.2554731313965127,86,0.00651355360513999,0.72536532387044,0.17380196444243393,0.24896172470972847
8.411197592554753,1.9263277171994873,0.2484534043803277,86,0.00651355360513999,0.72536532387044,0.17380196444243393,0.24896172470972847
8.237587006960558,1.7707656612529001,0.2796631677729813,86,0.00651355360513999,0.72536532387044,0.17380196444243393,0.24896172470972847
2.294465638303754,0.025801220029118516,0.0868840761914444,87,9.262113349167532e-4,0.4878855175991049,0.20403727703023555,0.2529466147331744
2.434959725951301,0.018516803999629666,0.2638541408893237,87,9.262113349167532e-4,0.4878855175991049,0.20403727703023555,0.2529466147331744
2.2356182621720078,0.01479317295068326,0.3467437975581992,87,9.262113349167532e-4,0.4878855175991049,0.20403727703023555,0.2529466147331744
8.562271910487024,2.1248216965228504,0.35684223512494856,88,0.007585435341524555,0.2158937916406218,0.22901500476177808,0.239960931640089
8.173219584569733,1.836053412462908,0.3273590776386576,88,0.007585435341524555,0.2158937916406218,0.22901500476177808,0.239960931640089
8.965619442797866,2.06727919383521,0.336481965044945,88,0.007585435341524555,0.2158937916406218,0.22901500476177808,0.239960931640089
7.682771126695409,4.973817145606276,0.09526365742001226,89,0.009445311877556348,0.724852354165467,0.018917454831495557,0.20111672920926468
7.79753508055535,5.0430618457198015,0.12568616070461625,89,0.009445311877556348,0.724852354165467,0.018917454831495557,0.20111672920926468
7.672407421095424,5.037327223002439,0.1293193043585142,89,0.009445311877556348,0.724852354165467,0.018917454831495557,0.20111672920926468
6.091511494465627,0.8051678821308259,0.3078125001904416,90,0.006454933966190151,0.5704492424273497,0.2922947693120949,0.408493191298699
6.4382697729633485,1.0813918979077015,0.3338029393290522,90,0.006454933966190151,0.5704492424273497,0.2922947693120949,0.408493191298699
5.9128919214581055,0.9382011013665102,0.33331329964506273,90,0.006454933966190151,0.5704492424273497,0.2922947693120949,0.408493191298699
8.964047442550036,2.355448480355819,0.250228634276347,91,0.006838382587857447,0.5845829948767236,0.1543943383600615,0.25878254140884815
9.040209692710947,2.730838584945997,0.30030769483995823,91,0.006838382587857447,0.5845829948767236,0.1543943383600615,0.25878254140884815
9.437187610323491,2.631041082145711,0.2855620881577877,91,0.006838382587857447,0.5845829948767236,0.1543943383600615,0.25878254140884815
10.071929109043046,2.9105335360201696,0.35246680371927064,92,0.00887516066339645,0.39097722669208035,0.23788583007181358,0.3918532318914012
9.156546208530806,2.438166469194313,0.36683569361830637,92,0.00887516066339645,0.39097722669208035,0.23788583007181358,0.3918532318914012
9.130346118907696,2.308077343764483,0.3645256379867504,92,0.00887516066339645,0.39097722669208035,0.23788583007181358,0.3918532318914012
5.689940037499768,1.5037035661908034,0.23981911646664664,93,0.003085249474209708,0.2218335832798354,0.06822036998109822,0.22004437704319846
5.553799527731811,1.5655504527452913,0.30696294496962995,93,0.003085249474209708,0.2218335832798354,0.06822036998109822,0.22004437704319846
5.489663890541344,1.49650505651398,0.2694288712227641,93,0.003085249474209708,0.2218335832798354,0.06822036998109822,0.22004437704319846
10.053979854940733,3.9789274518169506,0.29712835126067066,94,0.006258418066834789,0.29542802047194644,0.09362347661836146,0.326055571115473
8.955472788926567,3.6188782033464895,0.33723059622917567,94,0.006258418066834789,0.29542802047194644,0.09362347661836146,0.326055571115473
9.739114288366912,3.800946987280661,0.3104425564964737,94,0.006258418066834789,0.29542802047194644,0.09362347661836146,0.326055571115473
5.832653968724523,1.2413844215519159,0.3301483110969475,95,0.006208477537465126,0.5626523297819507,0.2613430357746201,0.56566586367751
5.92054156031517,1.2817667295527688,0.3531453805556557,95,0.006208477537465126,0.5626523297819507,0.2613430357746201,0.56566586367751
6.340532730707961,1.241062497684585,0.3641190222780299,95,0.006208477537465126,0.5626523297819507,0.2613430357746201,0.56566586367751
5.661394346040184,3.0314294741928887,0.18552474902863236,96,0.004564051048206776,0.636583130156922,0.017052226911034248,0.2778893534794882
5.663589098377338,3.139859751697596,0.16476028835897844,96,0.004564051048206776,0.636583130156922,0.017052226911034248,0.2778893534794882
5.620230602127778,3.056128038025214,0.15589958220285835,96,0.004564051048206776,0.636583130156922,0.017052226911034248,0.2778893534794882
7.856347438752784,4.5452858203415,0.10894809182868903,97,0.0057414596444516465,0.5115108646439063,0.024899165716261246,0.11680809771550921
7.543427077733078,4.199032276005265,0.12187367003019885,97,0.0057414596444516465,0.5115108646439063,0.024899165716261246,0.11680809771550921
7.864751512452214,4.646847047470586,0.13829692119756948,97,0.0057414596444516465,0.5115108646439063,0.024899165716261246,0.11680809771550921
6.540562637035936,4.152885651640715,0.14773220527479472,98,0.00863664775072195,0.14138442590086736,0.015864678006584997,0.3645871809297553
6.360234178153254,3.942492959834,0.18275999876614918,98,0.00863664775072195,0.14138442590086736,0.015864678006584997,0.3645871809297553
6.2822559685144626,3.8150224631492966,0.17485020346954014,98,0.00863664775072195,0.14138442590086736,0.015864678006584997,0.3645871809297553
6.322170363896689,1.591699362204578,0.30958990336721903,99,0.00497055654969899,0.7643128578963398,0.15359592659118418,0.44945069304335494
6.489150777326885,1.4972112587321882,0.2691061685862211,99,0.00497055654969899,0.7643128578963398,0.15359592659118418,0.44945069304335494
6.92562871810078,1.7179710520951093,0.2927231262443296,99,0.00497055654969899,0.7643128578963398,0.15359592659118418,0.44945069304335494
3.628223229545961,1.2298432042803003,0.20616047105056784,100,0.0016461572615431414,0.08094964065531392,0.019310087861143584,0.37084107343921047
3.4354603110034576,1.1112549229887394,0.2718542368115581,100,0.0016461572615431414,0.08094964065531392,0.019310087861143584,0.37084107343921047
3.3938495739162655,1.1041126343090033,0.26960176069261893,100,0.0016461572615431414,0.08094964065531392,0.019310087861143584,0.37084107343921047
3.5036739528771585,0.1869366451350201,0.22197916485074232,101,0.002982418388208148,0.3603082568720257,0.2852277961087836,0.344025886351565
3.3912721893491122,0.14792899408284024,0.2725872290850636,101,0.002982418388208148,0.3603082568720257,0.2852277961087836,0.344025886351565
3.4908243303241084,0.205342607666124,0.32532219495121795,101,0.002982418388208148,0.3603082568720257,0.2852277961087836,0.344025886351565
9.99722196499676,5.056023705898694,0.3276175646229205,102,0.008124657075369888,0.0596692613352105,0.07303940091798906,0.33452154739771084
9.416359698646874,4.799807489402662,0.3398943426072664,102,0.008124657075369888,0.0596692613352105,0.07303940091798906,0.33452154739771084
9.111160614836267,4.548154748644836,0.33656984061613027,102,0.008124657075369888,0.0596692613352105,0.07303940091798906,0.33452154739771084
6.926142155499954,1.3233249930497637,0.34783468732287315,103,0.006117142432454421,0.4178077248167263,0.23159233499579263,0.33847985141999304
6.899439781123788,1.2451376351690893,0.35457769399052563,103,0.006117142432454421,0.4178077248167263,0.23159233499579263,0.33847985141999304
6.578336951882574,0.9630907977509324,0.3337656808298875,103,0.006117142432454421,0.4178077248167263,0.23159233499579263,0.33847985141999304
9.654085134007234,4.768617267921728,0.3322094503560401,104,0.007163943455112223,0.09363171818558999,0.06355985749989058,0.28704253537693236
8.72486948794846,4.183790588322411,0.3768239163326645,104,0.007163943455112223,0.09363171818558999,0.06355985749989058,0.28704253537693236
9.396743153219838,4.672464840858623,0.3330427763642778,104,0.007163943455112223,0.09363171818558999,0.06355985749989058,0.28704253537693236
9.13946587537092,3.1973293768546,0.32505562134601423,105,0.006781137145700987,0.10429760741393604,0.12178405247188241,0.22475931689840228
9.27793016531989,3.2674772036474162,0.3515066351972291,105,0.006781137145700987,0.10429760741393604,0.12178405247188241,0.22475931689840228
9.458009618941917,3.196448390677026,0.27266095778933225,105,0.006781137145700987,0.10429760741393604,0.12178405247188241,0.22475931689840228
5.991639572689271,1.4900139340455179,0.36660688046044393,106,0.005517140691533048,0.0842901274404364,0.19297055023440032,0.3774007120633843
5.621723748309778,1.4670198381091744,0.359142695888052,106,0.005517140691533048,0.0842901274404364,0.19297055023440032,0.3774007120633843
6.079664570230608,1.3914398619691657,0.3763456680463523,106,0.005517140691533048,0.0842901274404364,0.19297055023440032,0.3774007120633843
3.1221576671059714,0.1410725224138251,0.33002053014471505,107,0.0021394394722309452,0.4090257911657367,0.1865211432116101,0.45704739316503007
3.179824561403509,0.19885518881950637,0.29595811597947463,107,0.0021394394722309452,0.4090257911657367,0.1865211432116101,0.45704739316503007
3.1141997101341556,0.1765208666245494,0.3044615094992017,107,0.0021394394722309452,0.4090257911657367,0.1865211432116101,0.45704739316503007
2.8140051871063356,0.15376065209336792,0.23706107781703675,108,0.001157169335217034,0.4493775147643227,0.07714868885626254,0.1752364372949067
3.0141811103902123,0.18722773194920753,0.22848462823437138,108,0.001157169335217034,0.4493775147643227,0.07714868885626254,0.1752364372949067
3.1992906884385914,0.19579954559728097,0.20086407145385304,108,0.001157169335217034,0.4493775147643227,0.07714868885626254,0.1752364372949067
6.722518123982837,1.5183459091581595,0.3350426068361702,109,0.006148705437996131,0.6712352846788567,0.22114824040532904,0.5825250702829134
6.6210003508059305,1.3496796587950741,0.3317120039308209,109,0.006148705437996131,0.6712352846788567,0.22114824040532904,0.5825250702829134
6.850285117960568,1.5169020908650441,0.33911291833240026,109,0.006148705437996131,0.6712352846788567,0.22114824040532904,0.5825250702829134
3.948171013474797,0.2846527790613852,0.23984382555253864,110,0.002685769346691674,0.7990895280173566,0.13355571336103333,0.13875116190413053
4.29767062918935,0.3906973299263045,0.178414474270864,110,0.002685769346691674,0.7990895280173566,0.13355571336103333,0.13875116190413053
4.220050803775054,0.38010123671963364,0.2284209076727008,110,0.002685769346691674,0.7990895280173566,0.13355571336103333,0.13875116190413053
3.456464869478098,0.21336202898012951,0.27405792250129807,111,0.002943094859869157,0.5776767965771197,0.21965228882331309,0.48318658822747196
3.7550215741705104,0.2696771313792591,0.25081167991960013,111,0.002943094859869157,0.5776767965771197,0.21965228882331309,0.48318658822747196
3.665512708961993,0.31656700668308124,0.28357236918516354,111,0.002943094859869157,0.5776767965771197,0.21965228882331309,0.48318658822747196
6.32311565230268,1.5400562712868355,0.3520633296271428,112,0.0052370517885561045,0.6144041740792032,0.17587176222617892,0.5476936864946705
6.301506240666654,1.5025534190003873,0.3660057056454598,112,0.0052370517885561045,0.6144041740792032,0.17587176222617892,0.5476936864946705
6.151684874027246,1.451043457365201,0.3376526224365708,112,0.0052370517885561045,0.6144041740792032,0.17587176222617892,0.5476936864946705
5.774019698940718,1.0797249581862107,0.30127382058302327,113,0.00359204705505301,0.3227707875744263,0.10643291231664963,0.10740407454782341
6.032417980281847,1.2217085352494477,0.24706223925023968,113,0.00359204705505301,0.3227707875744263,0.10643291231664963,0.10740407454782341
5.739653763281076,1.1497882457834907,0.29337195016966777,113,0.00359204705505301,0.3227707875744263,0.10643291231664963,0.10740407454782341
6.314874091068884,1.9279515976834978,0.27329264504120165,114,0.003263983097604589,0.1766234949086064,0.06893800340339186,0.17998629709173689
5.9023857557978125,1.7897795628273705,0.27782711613462907,114,0.003263983097604589,0.1766234949086064,0.06893800340339186,0.17998629709173689
6.009118823857821,1.7679352377407649,0.262633408809331,114,0.003263983097604589,0.1766234949086064,0.06893800340339186,0.17998629709173689
8.32669396527765,3.342535806266328,0.3807799384450972,115,0.0067803373351483995,0.09250788615123379,0.10140092643475922,0.33519992337599025
8.83947133947134,3.673522423522423,0.3247160057225117,115,0.0067803373351483995,0.09250788615123379,0.10140092643475922,0.33519992337599025
9.033418641741775,3.7201884203108193,0.3428732934745194,115,0.0067803373351483995,0.09250788615123379,0.10140092643475922,0.33519992337599025
6.182081622796426,2.1659576839485073,0.37393688653693985,116,0.004097351579053591,0.08639642232341131,0.08356091482580413,0.314687442443098
6.476116187504644,2.109798677661392,0.2629410286912474,116,0.004097351579053591,0.08639642232341131,0.08356091482580413,0.314687442443098
6.438229301722541,2.1800333395073164,0.3546293698506305,116,0.004097351579053591,0.08639642232341131,0.08356091482580413,0.314687442443098
2.2184363542091035,0.00555534980185919,0.06488763522627031,117,4.652001817621379e-4,0.7745800704491919,0.09876818011835718,0.2647610945557961
2.290316608035549,0.012960562858729865,0.30497813550563907,117,4.652001817621379e-4,0.7745800704491919,0.09876818011835718,0.2647610945557961
2.3217308801369225,0.016743251539448962,0.22003322348785498,117,4.652001817621379e-4,0.7745800704491919,0.09876818011835718,0.2647610945557961
8.79200222160511,3.615662316023327,0.28504610696005306,118,0.005120276805250341,0.4886431565596203,0.08144926712183458,0.4551867335054187
7.436591515870663,2.901587066152477,0.3146607708932467,118,0.005120276805250341,0.4886431565596203,0.08144926712183458,0.4551867335054187
8.11824480369515,3.1501154734411085,0.31819768127377535,118,0.005120276805250341,0.4886431565596203,0.08144926712183458,0.4551867335054187
4.728163083600749,0.7660774239023576,0.3341002499544489,119,0.003915915082793296,0.6513690479762765,0.1597521655397607,0.5072671127998176
4.977006378875537,1.014315383474262,0.3327216574920218,119,0.003915915082793296,0.6513690479762765,0.1597521655397607,0.5072671127998176
5.041689105123396,0.844923956843884,0.3005103708984033,119,0.003915915082793296,0.6513690479762765,0.1597521655397607,0.5072671127998176
11.201202315570729,3.21174113106724,0.33447624938398485,120,0.009297198726287424,0.6058560322080867,0.22518477492230787,0.3170306210504773
11.518246819574705,3.2370693657721237,0.27150897570234955,120,0.009297198726287424,0.6058560322080867,0.22518477492230787,0.3170306210504773
10.851808634772462,2.9004834139023172,0.3176282354748848,120,0.009297198726287424,0.6058560322080867,0.22518477492230787,0.3170306210504773
2.7026025747892932,0.07409465592294157,0.21413228755240063,121,0.0012604150949433307,0.2901564958394857,0.13440649892356055,0.2728184661935645
2.6825190414267137,0.0743080066877206,0.20222113062036776,121,0.0012604150949433307,0.2901564958394857,0.13440649892356055,0.2728184661935645
2.589379843527475,0.06288493905709583,0.2553394249909572,121,0.0012604150949433307,0.2901564958394857,0.13440649892356055,0.2728184661935645
2.669579383886256,0.04443127962085308,0.13389851301942315,122,0.0012938261076612004,0.39861051172739514,0.17885959705402987,0.26809318434991464
2.81459723745608,0.059489505679388745,0.2910169412407456,122,0.0012938261076612004,0.39861051172739514,0.17885959705402987,0.26809318434991464
2.6737868758228105,0.04450130722589976,0.17914146672612338,122,0.0012938261076612004,0.39861051172739514,0.17885959705402987,0.26809318434991464
3.81078017874064,1.0256219691198603,0.39075165126846484,123,0.001973261789055181,0.24920706130449402,0.058206964611785636,0.5107906761217073
3.7460881802862804,0.968464714923245,0.365842406292865,123,0.001973261789055181,0.24920706130449402,0.058206964611785636,0.5107906761217073
3.5723550120437277,0.8504724847137298,0.3142761619607872,123,0.001973261789055181,0.24920706130449402,0.058206964611785636,0.5107906761217073
10.460825220213259,3.2415391747797866,0.2498281759297001,124,0.006992321623117407,0.4745086832665387,0.12731226240539706,0.13992793832556605
10.46412721893491,3.4023668639053253,0.25383495153040164,124,0.006992321623117407,0.4745086832665387,0.12731226240539706,0.13992793832556605
10.729780843252865,3.344828864908963,0.2380526046369104,124,0.006992321623117407,0.4745086832665387,0.12731226240539706,0.13992793832556605
3.699849478750488,0.45528032259862855,0.22208385385358317,125,0.0014995005591530626,0.29453256848798465,0.059067964329416064,0.14769397129312764
3.7300472953000297,0.520987289388117,0.2368409378853526,125,0.0014995005591530626,0.29453256848798465,0.059067964329416064,0.14769397129312764
3.6512019542165555,0.45709421322427224,0.24270415970383186,125,0.0014995005591530626,0.29453256848798465,0.059067964329416064,0.14769397129312764
3.1093651558388617,0.21495015380054108,0.3830381842832336,126,0.0021389060129626777,0.15545790370908663,0.16592095479871116,0.41719158403013124
3.1896119336441826,0.22106221322286415,0.2627268935781181,126,0.0021389060129626777,0.15545790370908663,0.16592095479871116,0.41719158403013124
3.2458384310236164,0.2558113669224781,0.3792090781959807,126,0.0021389060129626777,0.15545790370908663,0.16592095479871116,0.41719158403013124
10.03513598929189,3.2830770946812664,0.3976745896757066,127,0.009315714386214641,0.10955709507406593,0.21787516472582572,0.28161103205641147
9.721862153253582,3.010999592607681,0.4017507869435406,127,0.009315714386214641,0.10955709507406593,0.21787516472582572,0.28161103205641147
8.99164942358853,2.7545817321903634,0.4270727080195196,127,0.009315714386214641,0.10955709507406593,0.21787516472582572,0.28161103205641147
2.4552410667855287,0.05014486293737464,0.21650417680155495,128,6.662266535160934e-4,0.20301076914794747,0.08248671668284505,0.21226140995285786
2.430606821201831,0.042447955115901374,0.09661076435659458,128,6.662266535160934e-4,0.20301076914794747,0.08248671668284505,0.21226140995285786
2.5002316745436013,0.06486887220832174,0.16661858183605105,128,6.662266535160934e-4,0.20301076914794747,0.08248671668284505,0.21226140995285786
4.832354471786484,1.3549178499739796,0.2902177277363971,129,0.0026884293810448875,0.64487158053864,0.07056062518772903,0.5650475406623187
4.415550739938138,1.235391083699135,0.36869598101342005,129,0.0026884293810448875,0.64487158053864,0.07056062518772903,0.5650475406623187
4.910153072543075,1.307032463210826,0.32537996969227734,129,0.0026884293810448875,0.64487158053864,0.07056062518772903,0.5650475406623187
3.0649283306789137,0.0388903292714545,0.24404855104117026,130,0.0022152919021390187,0.4675167759050358,0.2821452191416653,0.12421119553873518
3.0930137343209143,0.04652547735139762,0.21902922142505443,130,0.0022152919021390187,0.4675167759050358,0.2821452191416653,0.12421119553873518
3.1825359962842548,0.07059916395726892,0.23888377904503474,130,0.0022152919021390187,0.4675167759050358,0.2821452191416653,0.12421119553873518
6.616218616440637,1.2988214398046216,0.315850727445503,131,0.006272777450442713,0.7439063810586295,0.23719242179440886,0.4847672897464588
7.148688263015325,1.4379012208245203,0.2731681932298057,131,0.006272777450442713,0.7439063810586295,0.23719242179440886,0.4847672897464588
5.896134322530262,1.4596232870344545,0.3370288294875008,131,0.006272777450442713,0.7439063810586295,0.23719242179440886,0.4847672897464588
9.672577686363889,4.810347063946486,0.293965838933645,132,0.0066860233155761045,0.367845086499997,0.05578810752693712,0.47062314306143993
9.748840303831155,4.980687131530799,0.2796105846838483,132,0.0066860233155761045,0.367845086499997,0.05578810752693712,0.47062314306143993
9.428835489833642,4.731977818853974,0.2810952290321915,132,0.0066860233155761045,0.367845086499997,0.05578810752693712,0.47062314306143993
2.245041966872168,0.011141647478273786,0.11422878808034342,133,3.763277987661265e-4,0.414277997186832,0.12226945508551938,0.3561340013695584
2.0415711221244175,0.0036984984096456843,0.15690415845147257,133,3.763277987661265e-4,0.414277997186832,0.12226945508551938,0.3561340013695584
2.0903860739589692,0.007399596721978652,0.16587428933134682,133,3.763277987661265e-4,0.414277997186832,0.12226945508551938,0.3561340013695584
2.136601803336357,0.01296032289718761,0.23715759132102532,134,6.855697656512521e-4,0.44378429546652676,0.26539790835761584,0.5201282768944935
2.2925925925925927,0.005555555555555556,0.19061975903042594,134,6.855697656512521e-4,0.44378429546652676,0.26539790835761584,0.5201282768944935
2.1466473709599616,0.003710712827934246,0.025677280933937868,134,6.855697656512521e-4,0.44378429546652676,0.26539790835761584,0.5201282768944935
1.9919949597894973,0,NA,135,2.2946241957326035e-4,0.21472189050683596,0.16795431479916384,0.3586683807435965
2.064907671243015,0,NA,135,2.2946241957326035e-4,0.21472189050683596,0.16795431479916384,0.3586683807435965
1.9770975392825378,0,NA,135,2.2946241957326035e-4,0.21472189050683596,0.16795431479916384,0.3586683807435965
11.862494914752766,3.764932135064167,0.3234481682469828,136,0.009991760504964317,0.33600530873264756,0.18503244384581882,0.23377526747650831
12.749349522983522,4.390027864405529,0.2924582562428521,136,0.009991760504964317,0.33600530873264756,0.18503244384581882,0.23377526747650831
11.760028110147394,3.9002829508257357,0.32374556433653695,136,0.009991760504964317,0.33600530873264756,0.18503244384581882,0.23377526747650831
5.276868115510569,3.094298898481691,0.2389129094363812,137,0.006583353415908644,0.2489168440398536,0.013239747773359423,0.5359240439190067
5.398529193284802,3.13289258653989,0.20697945385880115,137,0.006583353415908644,0.2489168440398536,0.013239747773359423,0.5359240439190067
5.377502135403127,3.1752516061945255,0.2173259822136341,137,0.006583353415908644,0.2489168440398536,0.013239747773359423,0.5359240439190067
10.450713599053465,6.326258966205724,0.15557883010751924,138,0.008086612681396176,0.46984105336641413,0.036007625081014356,0.38556699524585514
9.54576471239142,5.635984729727237,0.18784773953867337,138,0.008086612681396176,0.46984105336641413,0.036007625081014356,0.38556699524585514
10.145304062204243,6.077532614545253,0.18987350566330155,138,0.008086612681396176,0.46984105336641413,0.036007625081014356,0.38556699524585514
9.501508616700294,5.0459989263832075,0.4304926158440874,139,0.008824655151816149,0.10235408611820312,0.07413502087352898,0.5362418556675096
9.7066844770969,5.020315021984749,0.4051200539732499,139,0.008824655151816149,0.10235408611820312,0.07413502087352898,0.5362418556675096
9.440100556387364,4.861457697924177,0.4342442824517684,139,0.008824655151816149,0.10235408611820312,0.07413502087352898,0.5362418556675096
8.285889138215603,1.6838825732989633,0.3057622924523979,140,0.00755251129412147,0.20991245109163922,0.23100575779778829,0.142328282679497
8.135178246837556,1.6804540564602886,0.3661087759248261,140,0.00755251129412147,0.20991245109163922,0.23100575779778829,0.142328282679497
8.598072048402317,1.863193146705645,0.34205387819301575,140,0.00755251129412147,0.20991245109163922,0.23100575779778829,0.142328282679497
7.704160246533127,3.0371099188742647,0.2639650299172549,141,0.004740176435084245,0.5922557519723654,0.06789353734158346,0.5213717002759952
7.914598365042165,3.240390470742374,0.2788891590634012,141,0.004740176435084245,0.5922557519723654,0.06789353734158346,0.5213717002759952
8.310470117158534,3.6130060803796527,0.2731753446855069,141,0.004740176435084245,0.5922557519723654,0.06789353734158346,0.5213717002759952
10.394635027082796,3.362319908618593,0.33976867133229877,142,0.00767433363158754,0.3563249676757477,0.15820538099080309,0.3414078317146816
9.880311523021994,3.2169746748802193,0.33576979682542696,142,0.00767433363158754,0.3563249676757477,0.15820538099080309,0.3414078317146816
9.998702911038226,3.1537791613393376,0.3564558673322784,142,0.00767433363158754,0.3563249676757477,0.15820538099080309,0.3414078317146816
3.003576127035891,0.05744038244177213,0.30225963749549883,143,0.001845873017781784,0.05192693108711432,0.21650352477392487,0.12482421269254672
2.838205617166238,0.06109640271786422,0.17336744548748265,143,0.001845873017781784,0.05192693108711432,0.21650352477392487,0.12482421269254672
2.9338130296904845,0.0463624056525045,0.2339413445946837,143,0.001845873017781784,0.05192693108711432,0.21650352477392487,0.12482421269254672
5.460599334073252,3.1150573436921936,0.2082914211169193,144,0.005581208174324432,0.4424946604387112,0.015301611177328771,0.5154768095862066
5.600162430551711,3.2873728704062612,0.19785365893375723,144,0.005581208174324432,0.4424946604387112,0.015301611177328771,0.5154768095862066
5.710843373493976,3.2845227062094526,0.19266883089613246,144,0.005581208174324432,0.4424946604387112,0.015301611177328771,0.5154768095862066
8.528443642720324,3.9108846447101704,0.3992269965094466,145,0.009473402819239486,0.052363658438353104,0.12840408032714593,0.40507536289647117
9.533371405412376,4.415747103144631,0.4097453525475857,145,0.009473402819239486,0.052363658438353104,0.12840408032714593,0.40507536289647117
11.007151591507021,5.035757957535109,0.3468423758252958,145,0.009473402819239486,0.052363658438353104,0.12840408032714593,0.40507536289647117
7.636719832923651,2.602251095052396,0.44926757533114725,146,0.008620087796118638,0.42212222996201,0.2520343453933354,0.5928987714282574
8.408614517056522,2.658183234710345,0.40661065801193713,146,0.008620087796118638,0.42212222996201,0.2520343453933354,0.5928987714282574
7.488562484950638,2.3245475930282096,0.4401829636291873,146,0.008620087796118638,0.42212222996201,0.2520343453933354,0.5928987714282574
9.43976864039153,3.1552408142078527,0.33169901779141964,147,0.007155081717822934,0.15124750422767386,0.13310120952200416,0.20728590616850848
9.449036829286294,3.1183113144881545,0.34359640828109084,147,0.007155081717822934,0.15124750422767386,0.13310120952200416,0.20728590616850848
9.318763682238137,3.107491373232904,0.34016206295127105,147,0.007155081717822934,0.15124750422767386,0.13310120952200416,0.20728590616850848
11.117490184458108,5.2855767093858805,0.3118967636824164,148,0.008928308726076088,0.10531771842066327,0.08588332075014028,0.19921002449367314
11.93620178041543,5.723293768545994,0.3308767553004482,148,0.008928308726076088,0.10531771842066327,0.08588332075014028,0.19921002449367314
12.168616706161139,5.955642772511848,0.32363840331299804,148,0.008928308726076088,0.10531771842066327,0.08588332075014028,0.19921002449367314
5.288970629214735,0.7821062995782943,0.30772331779108986,149,0.004658363992101446,0.33094598893932203,0.15856854918698274,0.18352517659618445
5.529032974353281,0.8178823877724734,0.3070487126629633,149,0.004658363992101446,0.33094598893932203,0.15856854918698274,0.18352517659618445
6.066350710900474,0.9943313818418363,0.2715366986175049,149,0.004658363992101446,0.33094598893932203,0.15856854918698274,0.18352517659618445
2.6138606555865045,0.06456254265739425,0.20464431609799585,150,0.0013289221367835545,0.6756138044706712,0.16804192815039332,0.2491793573436575
2.747629914101779,0.04823658188159774,0.13889340194248312,150,0.0013289221367835545,0.6756138044706712,0.16804192815039332,0.2491793573436575
2.5297674246077375,0.03152935939760377,0.296769338416723,150,0.0013289221367835545,0.6756138044706712,0.16804192815039332,0.2491793573436575
2.0005938683097026,0.0018558384678197609,NA,151,2.1824577250404304e-4,0.32104852375995674,0.1326578936918736,0.29022180816767185
2.0942894839536916,0.0037165740620296213,0.043599334651606154,151,2.1824577250404304e-4,0.32104852375995674,0.1326578936918736,0.29022180816767185
2.12493266712484,0.0037149172502182514,0.02163555019437866,151,2.1824577250404304e-4,0.32104852375995674,0.1326578936918736,0.29022180816767185
5.7135982527901685,1.199355901460327,0.43444678299049205,152,0.006866023968470513,0.24011060622125077,0.2815914829566676,0.4548649700386249
6.095457159286947,1.244690125952995,0.38650376158724403,152,0.006866023968470513,0.24011060622125077,0.2815914829566676,0.4548649700386249
6.431285330367899,1.365953109072375,0.41061271470203525,152,0.006866023968470513,0.24011060622125077,0.2815914829566676,0.4548649700386249
7.876204595997034,2.4573758339510747,0.315968899440622,153,0.0053554027979084715,0.5546665683786027,0.11661813600141842,0.33738692441873264
7.251809241046576,2.1172759324550006,0.2856284933665367,153,0.0053554027979084715,0.5546665683786027,0.11661813600141842,0.33738692441873264
7.687292776515292,2.328353760756994,0.28967324170613024,153,0.0053554027979084715,0.5546665683786027,0.11661813600141842,0.33738692441873264
11.20582851014257,6.577414523197545,0.14405031450966593,154,0.008933039160462132,0.46650322066449335,0.041894649733809554,0.20391005352448932
11.763505869698262,7.064038129856643,0.11503796723427583,154,0.008933039160462132,0.46650322066449335,0.041894649733809554,0.20391005352448932
11.57620817843866,6.882899628252788,0.1728349270240243,154,0.008933039160462132,0.46650322066449335,0.041894649733809554,0.20391005352448932
4.932452494061758,2.800252375296912,0.2486463458177129,155,0.0058525138761203015,0.021150487940595836,0.019418159501854604,0.4274724947089048
5.38435866058516,3.194645307227352,0.22696062504745407,155,0.0058525138761203015,0.021150487940595836,0.019418159501854604,0.4274724947089048
5.158796528590809,2.9733697571128577,0.27218498697838445,155,0.0058525138761203015,0.021150487940595836,0.019418159501854604,0.4274724947089048
12.222324979191713,6.862110422639415,0.20715834565446425,156,0.009098256622077288,0.5024613433778192,0.05497102386876312,0.44386284696484735
11.898190170979753,6.57243947168553,0.2127367467425905,156,0.009098256622077288,0.5024613433778192,0.05497102386876312,0.44386284696484735
12.259530981464712,6.929942897270526,0.18316196002037374,156,0.009098256622077288,0.5024613433778192,0.05497102386876312,0.44386284696484735
8.723013235812806,2.717704059848893,0.3435051806678348,157,0.007398880589512914,0.5859095641107274,0.15884430902535474,0.47882509601666134
9.594890646466897,3.065240800564405,0.32529760680587944,157,0.007398880589512914,0.5859095641107274,0.15884430902535474,0.47882509601666134
8.357348703170029,2.72666814453558,0.3196251413435395,157,0.007398880589512914,0.5859095641107274,0.15884430902535474,0.47882509601666134
4.569494785117242,2.0748576078112286,0.26518704486626515,158,0.002577745887956383,0.5538396313783348,0.018648579558102542,0.4255988489195147
4.771059393312014,2.1350536998354808,0.19051289981327088,158,0.002577745887956383,0.5538396313783348,0.018648579558102542,0.4255988489195147
4.702707732390435,2.0936075183772216,0.23401005615420092,158,0.002577745887956383,0.5538396313783348,0.018648579558102542,0.4255988489195147
5.882571052485215,1.1012439978494226,0.23383702153989136,159,0.003610332664323318,0.6847260735982619,0.11468146821105513,0.13868766316376485
5.543599257884972,0.8256029684601114,0.22754974015118898,159,0.003610332664323318,0.6847260735982619,0.11468146821105513,0.13868766316376485
5.8209480094023585,0.9772529567454515,0.22417481111697257,159,0.003610332664323318,0.6847260735982619,0.11468146821105513,0.13868766316376485
9.206661957693594,2.567009926019555,0.358166883528181,160,0.009021511484513618,0.4652743371150136,0.2411896383570146,0.4932358554548254
9.82488650050959,2.9630315945520245,0.3936500248766436,160,0.009021511484513618,0.4652743371150136,0.2411896383570146,0.4932358554548254
9.795207939858534,2.884864644669111,0.4263564210611488,160,0.009021511484513618,0.4652743371150136,0.2411896383570146,0.4932358554548254
5.78414276703892,1.2503246391867324,0.28126857657979915,161,0.0037185480220844015,0.6576231926646141,0.11600150768605844,0.4102929126566569
5.717088338176232,1.3436730765671558,0.35242603454440924,161,0.0037185480220844015,0.6576231926646141,0.11600150768605844,0.4102929126566569
5.364981004020509,0.9590203238537863,0.26872547766341687,161,0.0037185480220844015,0.6576231926646141,0.11600150768605844,0.4102929126566569
7.376140687922563,3.4876417778106186,0.15986249520093354,162,0.003829341478762922,0.49079192720463527,0.03652736767141439,0.23907112668426578
6.9210866752910745,3.1546849011273332,0.17362276494131765,162,0.003829341478762922,0.49079192720463527,0.03652736767141439,0.23907112668426578
6.717772099396363,2.977446950338851,0.21659157388813666,162,0.003829341478762922,0.49079192720463527,0.03652736767141439,0.23907112668426578
2.5891946992864425,0.09452321378926883,0.21041316755948325,163,7.284599243476206e-4,0.7176084264327197,0.06156738943327614,0.31263448573368907
2.4730091353695673,0.0719756390144874,0.2787447757279097,163,7.284599243476206e-4,0.7176084264327197,0.06156738943327614,0.31263448573368907
2.544340235862197,0.08728758473395858,0.21283844587478828,163,7.284599243476206e-4,0.7176084264327197,0.06156738943327614,0.31263448573368907
5.194635872601975,0.5867014341590613,0.29988220766494517,164,0.004451766460195051,0.5640557791394187,0.24133974181922765,0.3344511522133462
4.882335528750092,0.5439206689854215,0.31228731411788807,164,0.004451766460195051,0.5640557791394187,0.24133974181922765,0.3344511522133462
4.628218943926275,0.3771691873211698,0.23343960455515558,164,0.004451766460195051,0.5640557791394187,0.24133974181922765,0.3344511522133462
4.247183085519111,1.4460470382951867,0.3861065552322769,165,0.003104767246588969,0.08933047153538515,0.09119085060611762,0.5784894239916002
4.498614958448754,1.3831948291782086,0.3558899649772521,165,0.003104767246588969,0.08933047153538515,0.09119085060611762,0.5784894239916002
4.562498845521548,1.280085708480337,0.3203382900475359,165,0.003104767246588969,0.08933047153538515,0.09119085060611762,0.5784894239916002
2.817736912353552,0.17240100845321074,0.2730208294186072,166,0.0015257485507418633,0.11524217910374826,0.15461668424547426,0.44172391346156925
2.906470555545264,0.14819480206731747,0.27617639293139595,166,0.0015257485507418633,0.11524217910374826,0.15461668424547426,0.44172391346156925
2.7343461907220297,0.12722177151707353,0.3182275646157391,166,0.0015257485507418633,0.11524217910374826,0.15461668424547426,0.44172391346156925
9.365284974093264,2.973723168023686,0.35684418943349355,167,0.007378182794121565,0.41127408145577865,0.1516439341246007,0.425088532087024
9.753975453081324,3.1192728484422148,0.3585590433727302,167,0.007378182794121565,0.41127408145577865,0.1516439341246007,0.425088532087024
9.781119217806749,3.353579497055664,0.3884936534719579,167,0.007378182794121565,0.41127408145577865,0.1516439341246007,0.425088532087024
8.086253369272237,1.8590998043052838,0.27143279292871575,168,0.005829236587155893,0.5118519356626092,0.17043482790944264,0.19924586341789452
7.641653335317534,1.467688530079244,0.23810666884802992,168,0.005829236587155893,0.5118519356626092,0.17043482790944264,0.19924586341789452
7.363526457732726,1.6144331814377382,0.31374287897924785,168,0.005829236587155893,0.5118519356626092,0.17043482790944264,0.19924586341789452
7.4690717830950435,1.6593821764575154,0.33316528246952676,169,0.005837096773115017,0.3911468177471632,0.15016602642008417,0.22985140644225585
7.779530481581146,1.9021991277721073,0.32235306466922337,169,0.005837096773115017,0.3911468177471632,0.15016602642008417,0.22985140644225585
7.9971770299383405,2.057796597578189,0.3348552472060965,169,0.005837096773115017,0.3911468177471632,0.15016602642008417,0.22985140644225585
9.396010653157767,4.300374350473992,0.29419650666491576,170,0.00987358821875098,9.169465374957958e-4,0.15637641435402777,0.3655825245289982
9.395350563090224,4.246832037700143,0.3510296329776116,170,0.00987358821875098,9.169465374957958e-4,0.15637641435402777,0.3655825245289982
9.373613370803135,4.311492382783612,0.3225237512280258,170,0.00987358821875098,9.169465374957958e-4,0.15637641435402777,0.3655825245289982
3.5765326008277807,0.2709775608307504,0.34631820815015024,171,0.002590055323376206,0.1683698366910513,0.19593959008237224,0.36282024410707203
3.4829202947086406,0.2455905336012503,0.28640634366579737,171,0.002590055323376206,0.1683698366910513,0.19593959008237224,0.36282024410707203
3.477454073111894,0.2542215624420115,0.30300208811890766,171,0.002590055323376206,0.1683698366910513,0.19593959008237224,0.36282024410707203
5.156174379211496,1.0926622240422919,0.37632655663051556,172,0.003965952744455582,0.46656670017304686,0.16524680901582733,0.5139793577156277
5.254850988766131,0.9451304428558165,0.34494138933593865,172,0.003965952744455582,0.46656670017304686,0.16524680901582733,0.5139793577156277
4.986108538618263,0.8797925541766994,0.37526638252874184,172,0.003965952744455582,0.46656670017304686,0.16524680901582733,0.5139793577156277
7.21381487327082,1.221799275833256,0.25683052566608333,173,0.006290383021905942,0.572914643205294,0.20990530326271037,0.15618354333242798
7.157687886989731,1.1197211820103075,0.28907713076449154,173,0.006290383021905942,0.572914643205294,0.20990530326271037,0.15618354333242798
8.016822914736725,1.38585244747471,0.2452368087980079,173,0.006290383021905942,0.572914643205294,0.20990530326271037,0.15618354333242798
7.397529217832602,1.5595191791224463,0.3524112777092155,174,0.007755779373273746,0.11245245118395192,0.2578802196423257,0.21397083120093052
8.17392597549867,1.8273753090550813,0.3597037169139614,174,0.007755779373273746,0.11245245118395192,0.2578802196423257,0.21397083120093052
7.571194884378022,1.5744665030857312,0.33578475962070836,174,0.007755779373273746,0.11245245118395192,0.2578802196423257,0.21397083120093052
2.187465212067238,0.0092767820698356155,0.057419203031346726,175,5.40784509499366e-4,0.18802723603082477,0.13915777210723995,0.28541592687054373
2.2037245528875435,0.007382661818718739,0.3795881413678895,175,5.40784509499366e-4,0.18802723603082477,0.13915777210723995,0.28541592687054373
2.158140223587769,0.0037017842600133265,0.01682211644874763,175,5.40784509499366e-4,0.18802723603082477,0.13915777210723995,0.28541592687054373
1.857166663580647,0,NA,176,7.701246440843508e-7,0.7530839088935064,0.08140058388498646,0.292087602325301
1.9071294733131734,0,NA,176,7.701246440843508e-7,0.7530839088935064,0.08140058388498646,0.292087602325301
2.000295246530853,0,NA,176,7.701246440843508e-7,0.7530839088935064,0.08140058388498646,0.292087602325301
8.1028581999815,1.8074183701785218,0.25493363547544967,177,0.005544850875932953,0.46195741409602165,0.13665103374827073,0.11980084591046347
8.458677915302214,2.105418956171024,0.2324702076481993,177,0.005544850875932953,0.46195741409602165,0.13665103374827073,0.11980084591046347
8.319295062848257,1.8863733130935412,0.28671101239879443,177,0.005544850875932953,0.46195741409602165,0.13665103374827073,0.11980084591046347
3.2228753685537854,0.2317948337567452,0.25715494508557857,178,0.0023249421486603024,0.7664083071548791,0.18008835773877296,0.5721660441045038
3.182567159757836,0.22031733101290432,0.29482738435307626,178,0.0023249421486603024,0.7664083071548791,0.18008835773877296,0.5721660441045038
3.318317483269377,0.2502641677326066,0.2462222514160107,178,0.0023249421486603024,0.7664083071548791,0.18008835773877296,0.5721660441045038
7.046451780127007,1.3830003887952902,0.2392405109633555,179,0.005107307630199937,0.6849699061535627,0.15032853536036223,0.19330219563722068
7.164467212354066,1.4477420791803552,0.2597374997887255,179,0.005107307630199937,0.6849699061535627,0.15032853536036223,0.19330219563722068
7.4056272414685544,1.4659666506451734,0.23073847243217627,179,0.005107307630199937,0.6849699061535627,0.15032853536036223,0.19330219563722068
4.073558094176651,0.20990062227175627,0.22607543095101662,180,0.0035604736443093326,0.7940596000208513,0.22033533507486566,0.10633856847845537
4.211755114141714,0.25756003557663804,0.24804337826794934,180,0.0035604736443093326,0.7940596000208513,0.22033533507486566,0.10633856847845537
4.63521059054099,0.35683910808712055,0.21741807265884275,180,0.0035604736443093326,0.7940596000208513,0.22033533507486566,0.10633856847845537
6.345445458415861,3.430020546804139,0.21151142119605923,181,0.004486308734200945,0.4170801813604026,0.023932719705162035,0.5671250948826829
5.544440739505761,2.9583935385869364,0.27629139097968747,181,0.004486308734200945,0.4170801813604026,0.023932719705162035,0.5671250948826829
6.5336797179439605,3.6648728892187785,0.23105202949107215,181,0.004486308734200945,0.4170801813604026,0.023932719705162035,0.5671250948826829
12.657970210010177,4.292719030437598,0.260320647845679,182,0.009321498148811893,0.5930694116648375,0.16333496480800042,0.33596947176420366
12.842361533779673,4.345340194396798,0.27648421591865097,182,0.009321498148811893,0.5930694116648375,0.16333496480800042,0.33596947176420366
12.904420615960147,4.598403615015649,0.2957755228488329,182,0.009321498148811893,0.5930694116648375,0.16333496480800042,0.33596947176420366
8.285825704258047,1.8198362147406733,0.39565721887069044,183,0.009209092733331791,0.12816887243164832,0.2886639695782461,0.22888254663151916
8.426591565997184,1.80834506781294,0.37119255871866474,183,0.009209092733331791,0.12816887243164832,0.2886639695782461,0.22888254663151916
8.148848592724441,1.7799532762264991,0.3471106428580564,183,0.009209092733331791,0.12816887243164832,0.2886639695782461,0.22888254663151916
7.953010822310609,3.936731107205624,0.3559056299884858,184,0.006035037901086706,0.26081480995041334,0.058624278552329614,0.5864149785540802
6.67001003009027,3.393513874958208,0.3824018799276577,184,0.006035037901086706,0.26081480995041334,0.058624278552329614,0.5864149785540802
8.016113533890163,3.98588217902284,0.343887232384889,184,0.006035037901086706,0.26081480995041334,0.058624278552329614,0.5864149785540802
2.41534234368038,0.02599138571216397,0.189620979868003,185,0.0012982389237810152,0.2107023406368883,0.2867402834217015,0.4908765107165822
2.500974044045344,0.05380433774281526,0.25975881693200814,185,0.0012982389237810152,0.2107023406368883,0.2867402834217015,0.4908765107165822
2.4588502018321567,0.02949145669363906,0.2717784848510122,185,0.0012982389237810152,0.2107023406368883,0.2867402834217015,0.4908765107165822
12.492848310355646,6.795489360131407,0.19082155983070728,186,0.009599784223072958,0.7315072814360063,0.06018417910167698,0.42929186825470733
12.687107005731457,7.115167028360507,0.1824753941802307,186,0.009599784223072958,0.7315072814360063,0.06018417910167698,0.42929186825470733
13.271375464684015,7.451672862453532,0.1912050087500879,186,0.009599784223072958,0.7315072814360063,0.06018417910167698,0.42929186825470733
2.120515008719528,0.014841749842306408,0.22629761433968,187,6.090404667613137e-4,0.6110357410962308,0.21685814212460386,0.5853548575085147
2.176169644843182,0.011121821012827167,0.1312645725664899,187,6.090404667613137e-4,0.6110357410962308,0.21685814212460386,0.5853548575085147
2.0237277436363974,0.012996416702252094,0.3439995608123943,187,6.090404667613137e-4,0.6110357410962308,0.21685814212460386,0.5853548575085147
8.295162551670204,3.3217889993669236,0.3106764194177707,188,0.005505925411179775,0.5526052587995991,0.08557785766203757,0.5409540431151263
8.052819970696785,3.2474637882750055,0.32852338283799976,188,0.005505925411179775,0.5526052587995991,0.08557785766203757,0.5409540431151263
7.769605111631189,2.988595415877261,0.34494016365418123,188,0.005505925411179775,0.5526052587995991,0.08557785766203757,0.5409540431151263
7.36100378996946,3.881959009456526,0.32904986032270167,189,0.005690760354902165,0.07956120347341765,0.0476696899778432,0.45524288131634694
7.184318379912097,3.8239712182185706,0.35342889185997917,189,0.005690760354902165,0.07956120347341765,0.0476696899778432,0.45524288131634694
6.981139066958166,3.646200022232927,0.35245171850245854,189,0.005690760354902165,0.07956120347341765,0.0476696899778432,0.45524288131634694
9.962054604349838,3.096714484035169,0.3899866058496151,190,0.009898721771066573,0.28229199673904465,0.23242167842195116,0.3877843624118593
10.954998981877416,3.461616778660151,0.4114020832299614,190,0.009898721771066573,0.28229199673904465,0.23242167842195116,0.3877843624118593
10.539238481427057,3.0040363832518,0.3805064024418674,190,0.009898721771066573,0.28229199673904465,0.23242167842195116,0.3877843624118593
10.548257397491245,5.299142131885643,0.2947861776451656,191,0.007518466222994257,0.11651836415655442,0.06555186088774052,0.21018927789278558
10.841041484431706,5.35817312166161,0.2678324142254565,191,0.007518466222994257,0.11651836415655442,0.06555186088774052,0.21018927789278558
10.590945401177803,5.313121180033067,0.28226779520881573,191,0.007518466222994257,0.11651836415655442,0.06555186088774052,0.21018927789278558
3.8070312209971418,0.2580094294093626,0.26657888178034217,192,0.0036899807694172494,0.48710596163711517,0.2885347575520234,0.4525575679568514
3.9627169727074847,0.28092500604639914,0.31665522944815805,192,0.0036899807694172494,0.48710596163711517,0.2885347575520234,0.4525575679568514
3.9552321912468913,0.389769479193734,0.3308188910912122,192,0.0036899807694172494,0.48710596163711517,0.2885347575520234,0.4525575679568514
2.4972191323692994,0.011123470522803115,0.29802874621477493,193,0.0010870392541643618,0.5533955622246203,0.19951740819952007,0.11821017446641724
2.5032864892888225,0.025921605658316207,0.19934988081335606,193,0.0010870392541643618,0.5533955622246203,0.19951740819952007,0.11821017446641724
2.3906380607411535,0.022290331568682084,0.15295568054555633,193,0.0010870392541643618,0.5533955622246203,0.19951740819952007,0.11821017446641724
2.922740254441601,0.06119951040391676,0.2900118527998486,194,0.0018939885413156862,0.2801628760699831,0.22521305186075968,0.34382784630083296
2.8402037980546546,0.05002315886984716,0.252715652612903,194,0.0018939885413156862,0.2801628760699831,0.22521305186075968,0.34382784630083296
3.0498750809660407,0.12584436013694827,0.20181046363649152,194,0.0018939885413156862,0.2801628760699831,0.22521305186075968,0.34382784630083296
13.869548264913941,5.020516533912624,0.2709223626778935,195,0.009815620326355341,0.43283647364703626,0.15910937990172558,0.15366439434285137
13.632486556647505,4.687557945484889,0.24036102405130932,195,0.009815620326355341,0.43283647364703626,0.15910937990172558,0.15366439434285137
14.388688660937065,5.189908511228167,0.2551305700033523,195,0.009815620326355341,0.43283647364703626,0.15910937990172558,0.15366439434285137
7.488742895105928,1.959843507787702,0.4146954285189958,196,0.007831153424661588,0.17813173147183847,0.2378680635026091,0.3829204583185388
8.208347220679183,2.070140354775395,0.36104435465839446,196,0.007831153424661588,0.17813173147183847,0.2378680635026091,0.3829204583185388
7.120352867044738,1.8347603691760257,0.37990076598438705,196,0.007831153424661588,0.17813173147183847,0.2378680635026091,0.3829204583185388
4.437776666481451,0.7260469337482173,0.2339198520617018,197,0.002262463253129357,0.6600545787465184,0.08385966755282387,0.28736037890681976
4.265843498958644,0.5839036001190122,0.23038562754486813,197,0.002262463253129357,0.6600545787465184,0.08385966755282387,0.28736037890681976
4.188559440040103,0.5681290729841629,0.25559757640461966,197,0.002262463253129357,0.6600545787465184,0.08385966755282387,0.28736037890681976
2.565906398104265,0.04443127962085308,0.16578036067427818,198,0.0013390563331832452,0.45555467185456583,0.24722660685263906,0.45432854206309115
2.581350529982952,0.05373953005707509,0.28124987729331336,198,0.0013390563331832452,0.45555467185456583,0.24722660685263906,0.45432854206309115
2.6231392395676916,0.038929981647294366,0.22991716484014826,198,0.0013390563331832452,0.45555467185456583,0.24722660685263906,0.45432854206309115
5.635969383027225,1.0675167262820393,0.3559324763578547,199,0.004884148399788623,0.45624140289104825,0.19012956868320477,0.4989170344953293
5.269087282532412,1.137664832120563,0.37136230838861173,199,0.004884148399788623,0.45624140289104825,0.19012956868320477,0.4989170344953293
5.3744965450984745,1.0494032442818608,0.38808491320076766,199,0.004884148399788623,0.45624140289104825,0.19012956868320477,0.4989170344953293
10.338307535452776,1.9501343961442208,0.2925936723050264,200,0.009852210092185927,0.6368853510525435,0.2961054261284714,0.13150095489160127
9.874296748797743,1.771357483706853,0.25967949174989446,200,0.009852210092185927,0.6368853510525435,0.2961054261284714,0.13150095489160127
9.741749297025306,1.8647328696166938,0.2728464345835767,200,0.009852210092185927,0.6368853510525435,0.2961054261284714,0.13150095489160127
4.566184649610679,0.5672969966629589,0.3446212694940479,201,0.003928747423267799,0.5785581105249206,0.21446483008300063,0.5618069740375157
4.154308171437046,0.6617974195461961,0.3319390340318526,201,0.003928747423267799,0.5785581105249206,0.21446483008300063,0.5618069740375157
4.335771041515473,0.6550177710787324,0.35866303465020205,201,0.003928747423267799,0.5785581105249206,0.21446483008300063,0.5618069740375157
10.164916432480402,2.4774441650643393,0.25600480450707436,202,0.0093036725686779,0.7547952764195898,0.21906642977749402,0.16645847166035374
11.323417451209774,2.9283419679497893,0.24993650636741255,202,0.0093036725686779,0.7547952764195898,0.21906642977749402,0.16645847166035374
10.416551418930133,2.546513986465306,0.22843383802342357,202,0.0093036725686779,0.7547952764195898,0.21906642977749402,0.16645847166035374
10.027180444871771,3.6906236710241664,0.3566272700918036,203,0.008694714489043834,0.49974808933856035,0.15717776247136636,0.5425871704141916
10.324363420559708,3.9131321748483896,0.33061297814573876,203,0.008694714489043834,0.49974808933856035,0.15717776247136636,0.5425871704141916
10.417051798720745,3.815580286168521,0.3564538083000674,203,0.008694714489043834,0.49974808933856035,0.15717776247136636,0.5425871704141916
7.452682116148093,1.178099898439664,0.2645569321872679,204,0.005923355727470013,0.7152463830940538,0.20629820639966684,0.17517169337619848
6.849821590341844,1.0501210967109764,0.21851362774032385,204,0.005923355727470013,0.7152463830940538,0.20629820639966684,0.17517169337619848
7.1384832346774045,1.1875823421350504,0.2609202033315477,204,0.005923355727470013,0.7152463830940538,0.20629820639966684,0.17517169337619848
3.3107920333487724,0.1889763779527559,0.3083927842929126,205,0.0018149538658350716,0.46229026004587637,0.1416501526216119,0.3056960628332526
3.322569204636664,0.17359490788270213,0.21824606680496483,205,0.0018149538658350716,0.46229026004587637,0.1416501526216119,0.3056960628332526
3.4373728782219595,0.2255833733959543,0.20719128912688206,205,0.0018149538658350716,0.46229026004587637,0.1416501526216119,0.3056960628332526
11.20884411688456,6.51642531758083,0.23301404045027568,206,0.009884841133851316,0.12693238239780433,0.04747285415985474,0.4664841241502897
10.301484315791418,5.935414702674726,0.29782070452127335,206,0.009884841133851316,0.12693238239780433,0.04747285415985474,0.4664841241502897
10.060947370371057,5.802041459031882,0.30150222022171863,206,0.009884841133851316,0.12693238239780433,0.04747285415985474,0.4664841241502897
2.7922113944414653,0.10170306403594742,0.280458364825892,207,0.0013570187967875764,0.10231399491459853,0.1324618835868481,0.27561177956574834
2.9312937419941707,0.1002469044127202,0.1959204049508294,207,0.0013570187967875764,0.10231399491459853,0.1324618835868481,0.27561177956574834
2.8550797089373994,0.13701420133681422,0.26549191967589864,207,0.0013570187967875764,0.10231399491459853,0.1324618835868481,0.27561177956574834
3.6911508686150314,0.9686261436455903,0.4551469865357854,208,0.002859872878727867,0.10863065575137186,0.11475149284310418,0.5963272249410075
3.691703849073371,0.9997593172014145,0.39197381032719625,208,0.002859872878727867,0.10863065575137186,0.11475149284310418,0.5963272249410075
3.989440809042237,1.0447650208209398,0.4056261339342012,208,0.002859872878727867,0.10863065575137186,0.11475149284310418,0.5963272249410075
4.0311082307193775,0.5647625219887048,0.326330954715267,209,0.003330628853936401,0.13472465426258934,0.19574785377959572,0.551388177901679
3.7032214864965405,0.6100736552339856,0.3079755132461699,209,0.003330628853936401,0.13472465426258934,0.19574785377959572,0.551388177901679
3.6184149486927315,0.42864300161436975,0.3921573495193187,209,0.003330628853936401,0.13472465426258934,0.19574785377959572,0.551388177901679
7.460338029211943,1.4624483977859644,0.3878135982311467,210,0.008435862379767787,0.23385347627138794,0.29836251943358316,0.2963505819069504
8.131510296212696,1.7724657255453384,0.40649389117435786,210,0.008435862379767787,0.23385347627138794,0.29836251943358316,0.2963505819069504
7.917735877124475,1.658670831938711,0.34265909105004266,210,0.008435862379767787,0.23385347627138794,0.29836251943358316,0.2963505819069504
5.405254850988766,1.4371924612385107,0.385610555398111,211,0.005812383738573599,0.00292854695793655,0.22941379583162944,0.4003588026563244
5.518629297293305,1.273955910047635,0.38858731018114023,211,0.005812383738573599,0.00292854695793655,0.22941379583162944,0.4003588026563244
5.8554725079553025,1.2894990009620366,0.3731241414190484,211,0.005812383738573599,0.00292854695793655,0.22941379583162944,0.4003588026563244
8.429856048551235,4.8273692780224255,0.18127647698770902,212,0.006755233929746006,0.2307982886224157,0.03043054366241048,0.1928639692290932
8.520187688940819,5.0612956471744655,0.17926877788514733,212,0.006755233929746006,0.2307982886224157,0.03043054366241048,0.1928639692290932
8.782331579337434,5.1489661305862295,0.1531955590187148,212,0.006755233929746006,0.2307982886224157,0.03043054366241048,0.1928639692290932
2.955829243448467,0.08704509676821928,0.22816180802983804,213,0.0015966308750443214,0.747290146964684,0.1828851160779838,0.3106402995561208
2.9246676514032495,0.09231905465288034,0.2027760525102214,213,0.0015966308750443214,0.747290146964684,0.1828851160779838,0.3106402995561208
2.950201486191726,0.07948537838737108,0.17832368610940888,213,0.0015966308750443214,0.747290146964684,0.1828851160779838,0.3106402995561208
2.46437054631829,0.05567102137767221,0.28066366590420194,214,8.862333545313539e-4,0.2694467764452402,0.12870398036912734,0.4440632450080372
2.353334820432746,0.035318611049148636,0.16384962557101812,214,8.862333545313539e-4,0.2694467764452402,0.12870398036912734,0.4440632450080372
2.344197740844133,0.04621840971695846,0.30340557061841844,214,8.862333545313539e-4,0.2694467764452402,0.12870398036912734,0.4440632450080372
3.205959749453319,0.5466809977391498,0.2662957221817632,215,0.0012433685871354927,0.45792149529970977,0.044845475078993204,0.4811055578454295
3.0769801796451635,0.46581545542276,0.29001836935487546,215,0.0012433685871354927,0.45792149529970977,0.044845475078993204,0.4811055578454295
3.038843051821637,0.4561045703161213,0.29783948948392497,215,0.0012433685871354927,0.45792149529970977,0.044845475078993204,0.4811055578454295
3.6119979211522755,0.7127477912242928,0.24429633866911407,216,0.0015842601376413624,0.21774004038654465,0.04453884043592932,0.2757806354580382
3.328939306734,0.5551326562819109,0.28032590428618,216,0.0015842601376413624,0.21774004038654465,0.04453884043592932,0.2757806354580382
3.8189349332243627,0.7318386982929955,0.2848976165268041,216,0.0015842601376413624,0.21774004038654465,0.04453884043592932,0.2757806354580382
3.535064215097478,0.3806707936801257,0.2712777304088571,217,0.002155725403779858,0.019429830285116266,0.14238955585915308,0.34560035988336313
3.497980509134028,0.3890762218846111,0.27367574704408765,217,0.002155725403779858,0.019429830285116266,0.14238955585915308,0.34560035988336313
3.3695955369595536,0.2715016271501627,0.26797586861298506,217,0.002155725403779858,0.019429830285116266,0.14238955585915308,0.34560035988336313
5.777135873791801,2.670073695515313,0.17650582741000762,218,0.0032263258753986524,0.30610923461399997,0.023923459822796204,0.11666766206428263
5.833024118738404,2.7940630797773656,0.16731412372022245,218,0.0032263258753986524,0.30610923461399997,0.023923459822796204,0.11666766206428263
5.876689501944084,2.6495093501203484,0.1463602660239059,218,0.0032263258753986524,0.30610923461399997,0.023923459822796204,0.11666766206428263
6.810658875307432,2.6258853116851895,0.41972466872790765,219,0.008642449415668258,0.02770200394140948,0.24081347920913335,0.5593190903631903
7.14126601076666,2.89029144236124,0.41966925988161496,219,0.008642449415668258,0.02770200394140948,0.24081347920913335,0.5593190903631903
7.778332316678682,2.478788887040426,0.3918853626111271,219,0.008642449415668258,0.02770200394140948,0.24081347920913335,0.5593190903631903
6.036619197336786,1.390789717033475,0.29269084682797997,220,0.0035637824449843607,0.29550447255953455,0.09304483325996561,0.17208927802149437
6.239819339552791,1.5955871464534281,0.26297457120398443,220,0.0035637824449843607,0.29550447255953455,0.09304483325996561,0.17208927802149437
5.843409242637787,1.2072546546992062,0.2608781447799164,220,0.0035637824449843607,0.29550447255953455,0.09304483325996561,0.17208927802149437
3.9079139888504066,0.19632174541144223,0.2612964171997404,221,0.003064890582463062,0.3725287316101549,0.219281271998888,0.1983039694715351
4.0525759626258315,0.21875753137687473,0.27272912867595156,221,0.003064890582463062,0.3725287316101549,0.219281271998888,0.1983039694715351
3.8481529608316314,0.2338964173009096,0.28164391664785365,221,0.003064890582463062,0.3725287316101549,0.219281271998888,0.1983039694715351
5.268503471709263,0.49120992761116855,0.26011126192525397,222,0.004897520474317544,0.36035720681638905,0.254215250962128,0.1731994235481788
5.430426716141002,0.5565862708719851,0.26435322513425896,222,0.004897520474317544,0.36035720681638905,0.254215250962128,0.1731994235481788
4.9093305120923585,0.4751563747053474,0.28385237882551023,222,0.004897520474317544,0.36035720681638905,0.254215250962128,0.1731994235481788
4.477279477279477,1.1304573804573805,0.40870671890337296,223,0.00535350494168909,0.011468067203033247,0.24329562504205154,0.5173143160998305
4.993813138308678,1.1985890261695016,0.4365967452994484,223,0.00535350494168909,0.011468067203033247,0.24329562504205154,0.5173143160998305
4.360782571677124,1.277139208173691,0.47900736698847973,223,0.00535350494168909,0.011468067203033247,0.24329562504205154,0.5173143160998305
4.25283088917765,0.7907926489697419,0.40882775025093265,224,0.004943630809028449,0.0026748736753067297,0.27919103193137207,0.412424685569558
4.565641549753787,0.789742636811298,0.36473322486746873,224,0.004943630809028449,0.0026748736753067297,0.27919103193137207,0.412424685569558
4.256858271659897,0.7623393244671972,0.38217012816692736,224,0.004943630809028449,0.0026748736753067297,0.27919103193137207,0.412424685569558
8.257834546264666,1.70243576414674,0.29760622983361035,225,0.007131487741914916,0.42045377610586254,0.17271803269054528,0.15797767826806686
9.520005944198834,2.271798491659546,0.26690856859905004,225,0.007131487741914916,0.42045377610586254,0.17271803269054528,0.15797767826806686
9.434870333006312,2.287914406826722,0.2709408366057115,225,0.007131487741914916,0.42045377610586254,0.17271803269054528,0.15797767826806686
8.626097284857932,2.1342538462966054,0.3079769728018152,226,0.008088176404670975,0.763851248771199,0.22513063113604936,0.31484987500327966
8.826351725410593,2.0169773020852553,0.2919877753172669,226,0.008088176404670975,0.763851248771199,0.22513063113604936,0.31484987500327966
8.767961435060721,1.8948734587929914,0.2836477167825713,226,0.008088176404670975,0.763851248771199,0.22513063113604936,0.31484987500327966
2.054972365443822,0.003709336399718091,0.17432976525537838,227,1.9220135872668648e-4,0.04709316291738719,0.09708310752019435,0.1868056392193709
1.9955982170929736,0.003698977232795132,0.3393180882526085,227,1.9220135872668648e-4,0.04709316291738719,0.09708310752019435,0.1868056392193709
2.05790991790548,0.001848975667480216,NA,227,1.9220135872668648e-4,0.04709316291738719,0.09708310752019435,0.1868056392193709
8.85102923241805,2.1397686536826934,0.39752481669390966,228,0.00889984129722393,0.3376002860769769,0.2649753730266536,0.38059655878787957
8.891362835142406,2.298914556081269,0.3702465636588258,228,0.00889984129722393,0.3376002860769769,0.2649753730266536,0.38059655878787957
8.578217527706101,1.9863000983868273,0.34345536039149865,228,0.00889984129722393,0.3376002860769769,0.2649753730266536,0.38059655878787957
10.151717983043284,3.20727353859884,0.36567493934266604,229,0.008386712792431066,0.4043066714182002,0.18560522267731988,0.3942337687594406
10.002226840855107,2.9691211401425175,0.3540278370888396,229,0.008386712792431066,0.4043066714182002,0.18560522267731988,0.3942337687594406
9.712889431887598,3.21911849095722,0.38345350021330327,229,0.008386712792431066,0.4043066714182002,0.18560522267731988,0.3942337687594406
11.008085453601364,2.8781247681922704,0.30892540849610867,230,0.00946287144401047,0.48955803518837127,0.23531536333626032,0.26058569329367587
11.156434835814807,3.02412252238889,0.287898501257089,230,0.00946287144401047,0.48955803518837127,0.23531536333626032,0.26058569329367587
10.312806378216393,2.700752881111378,0.3231570268814847,230,0.00946287144401047,0.48955803518837127,0.23531536333626032,0.26058569329367587
2.8715309277396184,0.270305296872975,0.20444586876734336,231,0.0010562731627618937,0.642362888160041,0.04438766021808454,0.2867654772585303
3.133067137152939,0.4234376450923948,0.259556943663393,231,0.0010562731627618937,0.642362888160041,0.04438766021808454,0.2867654772585303
3.3931321076748975,0.41370610170120403,0.23013820683336508,231,0.0010562731627618937,0.642362888160041,0.04438766021808454,0.2867654772585303
9.702211193007148,6.105781695618356,0.16584681485138597,232,0.009968739387927996,0.2936626578406042,0.03132432213878702,0.3900690281145177
10.137839039573143,6.441751889728768,0.1824235022608618,232,0.009968739387927996,0.2936626578406042,0.03132432213878702,0.3900690281145177
9.598015990524134,6.090835060704768,0.1744781282082871,232,0.009968739387927996,0.2936626578406042,0.03132432213878702,0.3900690281145177
7.660578584567363,4.394195574218242,0.35989027422798164,233,0.007410851931538714,0.04284398465220557,0.04963876820049803,0.5405732924675674
6.929413068370701,3.89871828020537,0.3354428427882154,233,0.007410851931538714,0.04284398465220557,0.04963876820049803,0.5405732924675674
6.970162230155941,3.9401394772378326,0.393507514152031,233,0.007410851931538714,0.04284398465220557,0.04963876820049803,0.5405732924675674
2.810269719158402,0.06302715728983224,0.13595228366625173,234,0.0016768041063973808,0.12160810355434325,0.22874440682792027,0.4468173961476466
2.7382074164403303,0.0628198732516675,0.1243297829126308,234,0.0016768041063973808,0.12160810355434325,0.22874440682792027,0.4468173961476466
2.5461076957262425,0.11110288126805422,0.2806988069489252,234,0.0016768041063973808,0.12160810355434325,0.22874440682792027,0.4468173961476466
5.531039086256768,1.2163465104205295,0.37081343145766416,235,0.005390536489717568,0.21442487682224587,0.2171600480771833,0.5154549181495381
5.38791509503735,1.1019894978182088,0.39135879731394463,235,0.005390536489717568,0.21442487682224587,0.2171600480771833,0.5154549181495381
5.256739528094455,1.2084033923985145,0.4427771171764258,235,0.005390536489717568,0.21442487682224587,0.2171600480771833,0.5154549181495381
2.6563950250603305,0.07796547243363654,0.21106313705829302,236,8.033914787474619e-4,0.6289719478288119,0.07724544622401074,0.4274394131981297
2.556335426671592,0.05356483191725157,0.2738277184064926,236,8.033914787474619e-4,0.6289719478288119,0.07724544622401074,0.4274394131981297
2.42368177613321,0.06105457909343201,0.19297816651302072,236,8.033914787474619e-4,0.6289719478288119,0.07724544622401074,0.4274394131981297
12.226084047357954,4.514618143969667,0.3147608529391133,237,0.009917040311904714,0.5075795730521324,0.17152631997537673,0.43166745607434565
12.670337616107682,4.421825463040214,0.30570603223523907,237,0.009917040311904714,0.5075795730521324,0.17152631997537673,0.43166745607434565
12.38862804539909,4.515878590705756,0.3221157700796513,237,0.009917040311904714,0.5075795730521324,0.17152631997537673,0.43166745607434565
8.811162790697674,5.689302325581395,0.1601184017321385,238,0.00985090200532871,0.6754231778178413,0.02694510067221265,0.48977036906225535
9.303957598478272,5.9520951448780215,0.19084275237437337,238,0.00985090200532871,0.6754231778178413,0.02694510067221265,0.48977036906225535
9.113985029274438,5.7400133402505,0.18404657294317123,238,0.00985090200532871,0.6754231778178413,0.02694510067221265,0.48977036906225535
9.473898631506824,3.253643451047203,0.3722766858793817,239,0.00851842737100853,0.38631142348814207,0.17116461104067024,0.5910493075471036
10.17933074505454,3.6919948234424105,0.403124900002992,239,0.00851842737100853,0.38631142348814207,0.17116461104067024,0.5910493075471036
9.070857968972994,3.5679202268641226,0.4116973146573482,239,0.00851842737100853,0.38631142348814207,0.17116461104067024,0.5910493075471036
6.828311971739814,1.1448334535500935,0.25810380767704544,240,0.005193856370244671,0.6203650501174691,0.16858639229926503,0.3172118502622622
6.532189476019673,1.36819139888326,0.3080304599874682,240,0.005193856370244671,0.6203650501174691,0.16858639229926503,0.3172118502622622
6.548547656191962,1.2071911447886488,0.2889449054114845,240,0.005193856370244671,0.6203650501174691,0.16858639229926503,0.3172118502622622
2.4174157511190026,0.04808937224873303,0.16309888406032386,241,9.876386484664024e-4,0.649401223444253,0.11559928317895414,0.5975539694985436
2.4111627906976745,0.06697674418604652,0.28477879188789174,241,9.876386484664024e-4,0.649401223444253,0.11559928317895414,0.5975539694985436
2.524250236474581,0.09088042732347869,0.24922719543560418,241,9.876386484664024e-4,0.649401223444253,0.11559928317895414,0.5975539694985436
2.0986145069274653,0.005556790397866192,0.039148206392087236,242,5.233436447697409e-4,0.5172876865593342,0.13845104195825214,0.29254825393437334
2.250934804338973,0.003702195401873311,0.07071666518484057,242,5.233436447697409e-4,0.5172876865593342,0.13845104195825214,0.29254825393437334
2.1682519161510756,0.009234463015975622,0.061244711155176816,242,5.233436447697409e-4,0.5172876865593342,0.13845104195825214,0.29254825393437334
4.773438664480548,0.48069757042778355,0.2314155804272979,243,0.0032859508515051053,0.6857690560258841,0.14200123856222668,0.16661803970498784
4.830703119211677,0.587167518707861,0.2254854874503816,243,0.0032859508515051053,0.6857690560258841,0.14200123856222668,0.16661803970498784
4.682261858457891,0.5760219295808561,0.2485224997774312,243,0.0032859508515051053,0.6857690560258841,0.14200123856222668,0.16661803970498784
3.8015451922181884,0.38350553849017965,0.2476427624287338,244,0.0023575182096948356,0.5464342355863939,0.12078054681009467,0.31260814117791447
3.854195577759275,0.3959663243593302,0.26006587288018085,244,0.0023575182096948356,0.5464342355863939,0.12078054681009467,0.31260814117791447
3.869699105850926,0.3932771862130375,0.2377583037806254,244,0.0023575182096948356,0.5464342355863939,0.12078054681009467,0.31260814117791447
8.728866856572084,2.7154008360770967,0.2611129464047651,245,0.005304744104711985,0.544028515638302,0.10061911791767378,0.2234958797430487
9.062383958410694,3.0486446342369105,0.28068888288803895,245,0.005304744104711985,0.544028515638302,0.10061911791767378,0.2234958797430487
8.51711591297245,2.6769139377738176,0.26658759737889104,245,0.005304744104711985,0.544028515638302,0.10061911791767378,0.2234958797430487
2.2703665232230303,0.014838996883810655,0.061482348092058,246,6.340244975586179e-4,0.05386679638277127,0.18592306065652442,0.16426366124461442
2.3399402962935496,0.009270761871210577,0.264747981951328,246,6.340244975586179e-4,0.05386679638277127,0.18592306065652442,0.16426366124461442
2.233195344261078,0.009281776160686109,0.233677599512703,246,6.340244975586179e-4,0.05386679638277127,0.18592306065652442,0.16426366124461442
7.323058617933034,3.7107958876350184,0.17421520679798969,247,0.0045444648631961775,0.4872716269810914,0.031786731728734495,0.3190681996443741
7.122696330732194,3.693249949268545,0.20702751212122178,247,0.0045444648631961775,0.4872716269810914,0.031786731728734495,0.3190681996443741
6.954605226603448,3.53379141740596,0.23429233780671843,247,0.0045444648631961775,0.4872716269810914,0.031786731728734495,0.3190681996443741
7.557244831741912,1.5388894039121164,0.31256910636717433,248,0.00597758523964736,0.5237010570545263,0.18605010370919983,0.35654865949464065
6.947017413856985,1.4783253056687662,0.3415597823101353,248,0.00597758523964736,0.5237010570545263,0.18605010370919983,0.35654865949464065
7.177405904264191,1.4936713552380423,0.3048252030163307,248,0.00597758523964736,0.5237010570545263,0.18605010370919983,0.35654865949464065
4.813450879738125,2.4550831380426295,0.2794142129572023,249,0.0037805333655213337,0.14198792947770317,0.017244992164652414,0.5052027939544481
4.814739224817708,2.512199194760376,0.2276348236087178,249,0.0037805333655213337,0.14198792947770317,0.017244992164652414,0.5052027939544481
4.735660338844662,2.323294178774889,0.31412413309240533,249,0.0037805333655213337,0.14198792947770317,0.017244992164652414,0.5052027939544481
7.291009610033022,2.8088011576564877,0.36541108729223576,250,0.004760530898391835,0.16752950037972447,0.08447179276499267,0.4518665478770254
6.79318084849834,2.567384569721929,0.3731487385857611,250,0.004760530898391835,0.16752950037972447,0.08447179276499267,0.4518665478770254
6.298133886255925,2.330790876777251,0.4166477036278452,250,0.004760530898391835,0.16752950037972447,0.08447179276499267,0.4518665478770254
9.799583550234253,3.915371458317841,0.2556298404064996,251,0.0066479983932300635,0.7263142227831666,0.09221029686968349,0.410280030602181
10.598907710821068,4.30435990002777,0.25000434118139886,251,0.0066479983932300635,0.7263142227831666,0.09221029686968349,0.410280030602181
9.850111028867506,4.0136935603256845,0.2546993467341589,251,0.0066479983932300635,0.7263142227831666,0.09221029686968349,0.410280030602181
4.547892507721615,0.48456601749616235,0.28424287683949784,252,0.004695920913189545,0.6052883618278382,0.27097167436548236,0.49096963925326365
4.783261365110548,0.5708037584091625,0.3643753849502534,252,0.004695920913189545,0.6052883618278382,0.27097167436548236,0.49096963925326365
4.3534169477627245,0.5069047130956597,0.3147140368743797,252,0.004695920913189545,0.6052883618278382,0.27097167436548236,0.49096963925326365
5.282541572114133,0.5449946058554369,0.23698898910340016,253,0.004339007270176316,0.663780650791334,0.21226555153989113,0.1353790343177596
4.953914922698979,0.4414562515007665,0.26307004350380353,253,0.004339007270176316,0.663780650791334,0.21226555153989113,0.1353790343177596
5.136891208974288,0.49054997130745454,0.22978869205234997,253,0.004339007270176316,0.663780650791334,0.21226555153989113,0.1353790343177596
6.72803875350322,1.3437517400100225,0.3505807513185377,254,0.006749108597593054,0.0409523391439781,0.24439822908836223,0.25052965453596976
6.723840924667049,1.4114509048474633,0.35248972366799464,254,0.006749108597593054,0.0409523391439781,0.24439822908836223,0.25052965453596976
6.309765690532555,1.43344455421552,0.3587407621372813,254,0.006749108597593054,0.0409523391439781,0.24439822908836223,0.25052965453596976
10.964472658425214,4.34532427516056,0.22025696235187453,255,0.00666805231174335,0.7220424817374061,0.09862887966092838,0.3727977994927071
9.663935796689517,3.5445577662598224,0.2517405107767467,255,0.00666805231174335,0.7220424817374061,0.09862887966092838,0.3727977994927071
9.92897251868655,3.899074039641516,0.25979010263761265,255,0.00666805231174335,0.7220424817374061,0.09862887966092838,0.3727977994927071
9.053673363481355,2.8171102379716806,0.4139093102625562,256,0.008962055610983533,0.1161211055128812,0.23127756178978198,0.3041918596885882
8.319587819930685,2.483459050725578,0.4269166390433503,256,0.008962055610983533,0.1161211055128812,0.23127756178978198,0.3041918596885882
8.791959947532746,2.708344879824124,0.3995604398973079,256,0.008962055610983533,0.1161211055128812,0.23127756178978198,0.3041918596885882
8.896115963575543,3.3209440624419253,0.4094282333561198,257,0.007675664158663282,0.1484428859493044,0.14033486513180005,0.4266088329103397
8.941494382646356,3.6091728516167243,0.41346176084559694,257,0.007675664158663282,0.1484428859493044,0.14033486513180005,0.4266088329103397
8.983258472846058,3.3148966182857564,0.40103686468602634,257,0.007675664158663282,0.1484428859493044,0.14033486513180005,0.4266088329103397
3.748329125204218,0.43071439180157434,0.34869334539563357,258,0.0033311884368041524,0.3752885786024911,0.24910644494326334,0.5594995890687953
3.828720044584804,0.3845439346089541,0.34951899629662936,258,0.0033311884368041524,0.3752885786024911,0.24910644494326334,0.5594995890687953
3.602968460111317,0.27272727272727276,0.3132938693108003,258,0.0033311884368041524,0.3752885786024911,0.24910644494326334,0.5594995890687953
5.408374136614972,1.2436467894178318,0.3421656739164839,259,0.0031193702246129994,0.39952441265365995,0.09898628562436147,0.41512527518115416
5.115487118744447,1.112303819958543,0.32540353580988673,259,0.0031193702246129994,0.39952441265365995,0.09898628562436147,0.41512527518115416
5.223700569689547,1.2043274137579096,0.31840273012596954,259,0.0031193702246129994,0.39952441265365995,0.09898628562436147,0.41512527518115416
6.484292072478072,1.5605504758002942,0.3534338384373643,260,0.005474199582504461,0.26387258555868126,0.16961228289160757,0.30682427264271506
7.1439144432520445,1.7337083225400582,0.358161325228479,260,0.005474199582504461,0.26387258555868126,0.16961228289160757,0.30682427264271506
6.837955662740006,1.5267600408125406,0.3407611877128993,260,0.005474199582504461,0.26387258555868126,0.16961228289160757,0.30682427264271506
6.843042011198042,1.036375097333976,0.3204564457712052,261,0.006954493468286154,0.259140522661905,0.27764010646127685,0.16228728067496662
6.739526411657559,0.9293334820266905,0.2827360266695527,261,0.006954493468286154,0.259140522661905,0.27764010646127685,0.16228728067496662
6.745478540493317,0.9275265339504452,0.31601651356872473,261,0.006954493468286154,0.259140522661905,0.27764010646127685,0.16228728067496662
3.7754060324825987,0.32668213457076567,0.3467279958648018,262,0.003037078245941614,0.4558709562805386,0.17870798645803268,0.434350160682768
3.802471885090747,0.31919236907545556,0.31585438010866557,262,0.003037078245941614,0.4558709562805386,0.17870798645803268,0.434350160682768
4.0151359815087515,0.3933118347717487,0.3003302480765871,262,0.003037078245941614,0.4558709562805386,0.17870798645803268,0.434350160682768
10.965611900434025,3.984122862336313,0.32481997460100487,263,0.008088855180535903,0.30893146215419853,0.12805609805175766,0.286945855707102
11.739098217924493,4.6219110073728285,0.3165585474290889,263,0.008088855180535903,0.30893146215419853,0.12805609805175766,0.286945855707102
11.795271499090672,4.439000853654011,0.3237851209716887,263,0.008088855180535903,0.30893146215419853,0.12805609805175766,0.286945855707102
10.945792443343699,3.296028006927245,0.351277935328685,264,0.008267617195300846,0.2559637914505947,0.17135040017098263,0.20925952536658882
9.47860240874146,2.8815546992796115,0.36829685963881326,264,0.008267617195300846,0.2559637914505947,0.17135040017098263,0.20925952536658882
10.590759442163282,3.13320756112899,0.3126238254881802,264,0.008267617195300846,0.2559637914505947,0.17135040017098263,0.20925952536658882
10.586427751656732,4.45003887305172,0.3869629877795573,265,0.009512139253440539,0.23993181798276916,0.1449030910059444,0.5598394944673905
10.666863381528474,4.3762909412806135,0.4060470719844928,265,0.009512139253440539,0.23993181798276916,0.1449030910059444,0.5598394944673905
9.676642268136755,4.148985453534698,0.4085316367702638,265,0.009512139253440539,0.23993181798276916,0.1449030910059444,0.5598394944673905
7.6023935181743845,2.4362595703560546,0.37438819191251044,266,0.005769925245583163,0.4638471937925128,0.1347254017071993,0.5432630417167006
7.150519735138534,2.2602004956904524,0.3488600493671165,266,0.005769925245583163,0.4638471937925128,0.1347254017071993,0.5432630417167006
7.334393608758368,2.2025372637496767,0.3315487752079482,266,0.005769925245583163,0.4638471937925128,0.1347254017071993,0.5432630417167006
5.589532599429186,1.0637903554616552,0.290966524730102,267,0.0035688504116425496,0.438570694630664,0.11439335664124652,0.26406390481286035
5.483590000185319,1.0136950760734604,0.2939639797516286,267,0.0035688504116425496,0.438570694630664,0.11439335664124652,0.26406390481286035
5.347702695182802,0.983101778857747,0.3212744840601271,267,0.0035688504116425496,0.438570694630664,0.11439335664124652,0.26406390481286035
4.992141998705741,0.5435887954146251,0.36172479549210046,268,0.005213184173764267,0.3185456886555775,0.29477413227153465,0.29675245413661716
4.956057403493158,0.4449883190566248,0.253601856263536,268,0.005213184173764267,0.3185456886555775,0.29477413227153465,0.29675245413661716
4.945958429561201,0.5653579676674365,0.2871340382683316,268,0.005213184173764267,0.3185456886555775,0.29477413227153465,0.29675245413661716
4.45859872611465,0.6849441521277578,0.24574991903579216,269,0.0022868197471039623,0.7218004453309097,0.09026295686249972,0.2770861895833927
4.4261232051875865,0.6336266790180639,0.2150489892556474,269,0.0022868197471039623,0.7218004453309097,0.09026295686249972,0.2770861895833927
4.278104641882737,0.642179698955066,0.23533490968749762,269,0.0022868197471039623,0.7218004453309097,0.09026295686249972,0.2770861895833927
5.929778933680105,1.3263979193758129,0.4054940035192235,270,0.006644935091525899,0.35064061939093494,0.2808563531837709,0.5245414102460755
6.419244751094295,1.22227168187551,0.3861557550880384,270,0.006644935091525899,0.35064061939093494,0.2808563531837709,0.5245414102460755
6.248375719324299,1.2864302951550028,0.3872892840237003,270,0.006644935091525899,0.35064061939093494,0.2808563531837709,0.5245414102460755
10.504613450195077,5.345685175939794,0.271994452348365,271,0.007440884997533654,0.17722514589848706,0.05579254459469795,0.21237933670051912
10.7705130579737,5.652898684941656,0.2559062507247993,271,0.007440884997533654,0.17722514589848706,0.05579254459469795,0.21237933670051912
10.414192399049881,5.414934679334917,0.25887342001147745,271,0.007440884997533654,0.17722514589848706,0.05579254459469795,0.21237933670051912
8.760220256966461,2.039416356119176,0.20661594672695155,272,0.006850380831137117,0.734989889915543,0.1622549060543581,0.1444350828748423
8.945354582265315,2.1211783498644077,0.23584782939618437,272,0.006850380831137117,0.734989889915543,0.1622549060543581,0.1444350828748423
8.497625690582215,1.8514070323903846,0.2654771425448799,272,0.006850380831137117,0.734989889915543,0.1622549060543581,0.1444350828748423
4.438574779733648,0.8921479894346036,0.34766151875608947,273,0.002838821869919764,0.31964195223653835,0.10246784994455818,0.4186823012740162
4.371150039771361,0.7528811113783088,0.3335687775189983,273,0.002838821869919764,0.31964195223653835,0.10246784994455818,0.4186823012740162
4.542002408076318,0.8594980087061221,0.3061378606469503,273,0.002838821869919764,0.31964195223653835,0.10246784994455818,0.4186823012740162
8.20637822465976,3.3183757132568834,0.37625031629256994,274,0.005889512809230636,0.2084809070834957,0.09002355249945515,0.3488466830132786
7.887974859044274,3.0280062852389316,0.36135896092805,274,0.005889512809230636,0.2084809070834957,0.09002355249945515,0.3488466830132786
8.526440879382056,3.405377302436126,0.3663554474520861,274,0.005889512809230636,0.2084809070834957,0.09002355249945515,0.3488466830132786
6.586992773763202,1.7935890309431164,0.3692965529824927,275,0.007647849479865445,0.05176709563647302,0.2815284981201234,0.4814509791186554
6.909578130524592,2.073059530677187,0.43393238597453326,275,0.007647849479865445,0.05176709563647302,0.2815284981201234,0.4814509791186554
6.254748976074427,1.8662317685650214,0.4752989084015799,275,0.007647849479865445,0.05176709563647302,0.2815284981201234,0.4814509791186554
2.7139178599877734,0.08892017561734684,0.21358697965450682,276,0.0010574400122155257,0.1864986832234371,0.11447627404962318,0.34597493376647737
2.6663952778343174,0.06846400088818164,0.2741475169394244,276,0.0010574400122155257,0.1864986832234371,0.11447627404962318,0.34597493376647737
2.6376634666962615,0.10913193866415108,0.25558018168242663,276,0.0010574400122155257,0.1864986832234371,0.11447627404962318,0.34597493376647737
7.323662201169418,1.5135815261638663,0.3455875189084163,277,0.006320627654132097,0.31380358312072826,0.21533896342397305,0.24811908274627506
6.876742889012828,1.1953894775980665,0.3186195666825088,277,0.006320627654132097,0.31380358312072826,0.21533896342397305,0.24811908274627506
7.1713221256325195,1.5069229486015088,0.3737133062961341,277,0.006320627654132097,0.31380358312072826,0.21533896342397305,0.24811908274627506
3.48207186049522,0.32176341143184717,0.2842310169329316,278,0.002292882417542754,0.2517869518072545,0.16935544179890583,0.5027425638098394
3.4701658276576843,0.28501628664495116,0.2919176678765397,278,0.002292882417542754,0.2517869518072545,0.16935544179890583,0.5027425638098394
3.6422246100263065,0.3279113712994183,0.25712035564551555,278,0.002292882417542754,0.2517869518072545,0.16935544179890583,0.5027425638098394
5.306562157543788,0.9045487471906982,0.29108229673235664,279,0.004038714405627129,0.08509481365320304,0.15703850428201466,0.21390453767779838
5.232116030194558,0.8680008160691434,0.2858795560571857,279,0.004038714405627129,0.08509481365320304,0.15703850428201466,0.21390453767779838
5.408924353179696,0.967207931105035,0.2711622371203934,279,0.004038714405627129,0.08509481365320304,0.15703850428201466,0.21390453767779838
9.887452330015813,2.5151148730350665,0.29059545543623794,280,0.007925194822820027,0.3562842416826455,0.18735206547873784,0.13530231021411732
9.983911829428408,2.446511455886976,0.2938535828315987,280,0.007925194822820027,0.3562842416826455,0.18735206547873784,0.13530231021411732
9.779734053374266,2.4708253962382796,0.3143296744969116,280,0.007925194822820027,0.3562842416826455,0.18735206547873784,0.13530231021411732
8.637676864952958,2.4242536484184014,0.34970715561616295,281,0.007522893947260907,0.23170343306714536,0.1866836767294921,0.3707510704212409
8.421989101827483,2.5336397672091038,0.3938248148725128,281,0.007522893947260907,0.23170343306714536,0.1866836767294921,0.3707510704212409
7.955807239618032,2.304019542527204,0.39120115000613254,281,0.007522893947260907,0.23170343306714536,0.1866836767294921,0.3707510704212409
6.376217135044252,1.7016795077878166,0.35468484119508825,282,0.004962782573946467,0.587062808989795,0.1480402985849376,0.5866150266527956
6.390578779929676,1.8939182526836709,0.34356325969108514,282,0.004962782573946467,0.587062808989795,0.1480402985849376,0.5866150266527956
6.613252410117869,1.6986473733878578,0.3385670545674015,282,0.004962782573946467,0.587062808989795,0.1480402985849376,0.5866150266527956
5.949517006550946,0.8975165624190385,0.29495254713324554,283,0.006050328136996426,0.7410896920940505,0.23678915226649114,0.41223332484823927
6.152276731892795,1.0312528980803115,0.3161638515376021,283,0.006050328136996426,0.7410896920940505,0.23678915226649114,0.41223332484823927
5.938034664881351,0.8610429219668229,0.3149280292559198,283,0.006050328136996426,0.7410896920940505,0.23678915226649114,0.41223332484823927
5.809198051827341,1.4295274565936722,0.45429951593061196,284,0.0065783282481814455,0.2423924205865766,0.298442197189661,0.5833998482318522
5.785277211199704,1.4185054700537734,0.45074099112322397,284,0.0065783282481814455,0.2423924205865766,0.298442197189661,0.5833998482318522
5.4702371052096614,1.2880929940307886,0.4531200815982489,284,0.0065783282481814455,0.2423924205865766,0.298442197189661,0.5833998482318522
3.7348411576519602,0.8035116434789078,0.2711474688290128,285,0.001580459549728685,0.49262814113559517,0.04329610130646943,0.35302210360034314
3.9039650512754065,0.8292917700196215,0.2158992348277069,285,0.001580459549728685,0.49262814113559517,0.04329610130646943,0.35302210360034314
3.7934942131564773,0.8006836463616267,0.2524250260457521,285,0.001580459549728685,0.49262814113559517,0.04329610130646943,0.35302210360034314
2.684675671168918,0.1074611379763956,0.27733768857055924,286,0.0020134428629642624,0.23822076151844082,0.27961640644823493,0.5943298564340478
2.824292999536393,0.09828465461288827,0.33673504904678203,286,0.0020134428629642624,0.23822076151844082,0.27961640644823493,0.5943298564340478
2.780249110320285,0.10750296559905101,0.21273273939232806,286,0.0020134428629642624,0.23822076151844082,0.27961640644823493,0.5943298564340478
4.297572960095295,0.3852739726027397,0.2780062537457128,287,0.004622109583904686,0.6847154177773761,0.29081695316590517,0.49736338161201765
4.835690323058959,0.585694956721591,0.3478054622259031,287,0.004622109583904686,0.6847154177773761,0.29081695316590517,0.49736338161201765
4.499053416979101,0.5308289097590854,0.3437719681260301,287,0.004622109583904686,0.6847154177773761,0.29081695316590517,0.49736338161201765
2.36117506216042,0.10314025232526014,0.20408541372161013,288,8.258871738297242e-4,0.010137646204938743,0.08690123037329314,0.5542257476083365
2.5135351355374054,0.0855829875904668,0.268077142323526,288,8.258871738297242e-4,0.010137646204938743,0.08690123037329314,0.5542257476083365
2.3913284337260405,0.09971562580788124,0.14237492346235928,288,8.258871738297242e-4,0.010137646204938743,0.08690123037329314,0.5542257476083365
3.1994957920883844,0.29659288918548177,0.3844082990491454,289,0.0029871758169803236,0.12262488117114999,0.2892422479862318,0.544049003385518
3.272855316073315,0.23536388739598585,0.23581467256863564,289,0.0029871758169803236,0.12262488117114999,0.2892422479862318,0.544049003385518
3.141526414429126,0.2783396114379025,0.45975705905089176,289,0.0029871758169803236,0.12262488117114999,0.2892422479862318,0.544049003385518
2.4881143977653215,0.02404868934643062,0.3334972291335549,290,0.0010047145953822499,0.059665816372840165,0.19282623169195284,0.15932926441088482
2.5266006747488228,0.02965928891854818,0.16004752601937094,290,0.0010047145953822499,0.059665816372840165,0.19282623169195284,0.15932926441088482
2.4661893396976926,0.02590146343268395,0.16530644796375496,290,0.0010047145953822499,0.059665816372840165,0.19282623169195284,0.15932926441088482
2.5166913946587535,0.044510385756676554,0.05000844361208043,291,6.651195879897276e-4,0.5267176417534402,0.08203404360522541,0.20707746906488056
2.433225602734128,0.06315242022363386,0.22114631275289937,291,6.651195879897276e-4,0.5267176417534402,0.08203404360522541,0.20707746906488056
2.3842579737509486,0.04998056311434442,0.20550448831333484,291,6.651195879897276e-4,0.5267176417534402,0.08203404360522541,0.20707746906488056
9.134793910137393,5.2673598217601185,0.3180275672161768,292,0.009091188302488805,0.11386198096053957,0.03975490719522831,0.45778878115119104
8.845363496676972,5.142825406816373,0.2948450551192925,292,0.009091188302488805,0.11386198096053957,0.03975490719522831,0.45778878115119104
9.167376885166933,5.576759180346093,0.3280726116345206,292,0.009091188302488805,0.11386198096053957,0.03975490719522831,0.45778878115119104
9.078238245679241,4.134919160007434,0.33169492710843845,293,0.00669061922040973,0.3236034162597523,0.07377095748539063,0.5099125967504969
9.4740153982825,4.278945809890435,0.3138583771846047,293,0.00669061922040973,0.3236034162597523,0.07377095748539063,0.5099125967504969
9.799438651276047,4.54283536868715,0.3292755101723442,293,0.00669061922040973,0.3236034162597523,0.07377095748539063,0.5099125967504969
3.79793646684664,0.29399800303243223,0.23649348803226003,294,0.0026735589877004435,0.7704402873878321,0.167151991477612,0.4384452321093083
3.448915604534239,0.25416968145303426,0.27915360409707635,294,0.0026735589877004435,0.7704402873878321,0.167151991477612,0.4384452321093083
3.856355845745766,0.3561425312088442,0.21147953987830137,294,0.0026735589877004435,0.7704402873878321,0.167151991477612,0.4384452321093083
2.0047104204142947,0.00370899245220036,4.538261581652861e-6,295,2.4909992977343166e-4,0.02842726509852129,0.15864536702824672,0.380826219337027
2.0526558891454965,0,NA,295,2.4909992977343166e-4,0.02842726509852129,0.15864536702824672,0.380826219337027
1.959589243498818,0.003693853427895981,0.5339194202773323,295,2.4909992977343166e-4,0.02842726509852129,0.15864536702824672,0.380826219337027
11.084377486998205,3.647905831837279,0.41961024515827955,296,0.009927755057572632,0.10508347066523555,0.19174815015253036,0.16306001581635404
12.197015918797494,4.111893800728456,0.34476641096463645,296,0.009927755057572632,0.10508347066523555,0.19174815015253036,0.16306001581635404
11.692016970191007,3.783092798784667,0.31069614620451513,296,0.009927755057572632,0.10508347066523555,0.19174815015253036,0.16306001581635404
9.252807531225677,3.2022534376042397,0.27797472853587224,297,0.006226794485741587,0.6081698579944975,0.11493498781613946,0.28073590276601446
9.158691297574004,2.876697084353439,0.2648033004320837,297,0.006226794485741587,0.6081698579944975,0.11493498781613946,0.28073590276601446
8.842556652249455,2.9037743521496435,0.27184144865979026,297,0.006226794485741587,0.6081698579944975,0.11493498781613946,0.28073590276601446
8.205746061167748,1.9518072289156627,0.3413584653773011,298,0.008570954448720098,0.6954605176709099,0.2818369619040955,0.5714989509833469
7.923309638263516,2.0731639414243026,0.3589638349467844,298,0.008570954448720098,0.6954605176709099,0.2818369619040955,0.5714989509833469
8.220170533707345,2.0192825695231376,0.32768591571328637,298,0.008570954448720098,0.6954605176709099,0.2818369619040955,0.5714989509833469
5.764499121265378,1.0692812875774675,0.3620400249019708,299,0.006364044529320967,0.03525631915156599,0.2676611409321235,0.23321505293919031
6.063021316033365,1.0602409638554215,0.34394674613431714,299,0.006364044529320967,0.03525631915156599,0.2676611409321235,0.23321505293919031
5.558852988092147,0.9904662981785807,0.38554581340919036,299,0.006364044529320967,0.03525631915156599,0.2676611409321235,0.23321505293919031
5.006497122702803,0.6701317987748282,0.3383085251166334,300,0.004846079642415179,0.47625213094531643,0.26162044116460065,0.38686168223322137
4.615384615384616,0.4726598702502317,0.3313177414633745,300,0.004846079642415179,0.47625213094531643,0.26162044116460065,0.38686168223322137
4.907398875886852,0.5546853404588593,0.3010314192194548,300,0.004846079642415179,0.47625213094531643,0.26162044116460065,0.38686168223322137
5.474554494162337,0.9533918030650056,0.2776950493241797,301,0.003124906201842355,0.36466825619596,0.09692147993009255,0.12312684811427826
5.144879205572847,0.8763153994367867,0.2670370859464551,301,0.003124906201842355,0.36466825619596,0.09692147993009255,0.12312684811427826
5.544539777254786,0.9543576154031466,0.24192705235629983,301,0.003124906201842355,0.36466825619596,0.09692147993009255,0.12312684811427826
7.252694255346776,1.4820723043534716,0.3735908873073242,302,0.006882158082790879,0.2968138674593727,0.24529622289389708,0.311623028856141
7.07018387657701,1.5076399422842133,0.3803714522297476,302,0.006882158082790879,0.2968138674593727,0.24529622289389708,0.311623028856141
7.173856597054787,1.441077191290478,0.3400053369297888,302,0.006882158082790879,0.2968138674593727,0.24529622289389708,0.311623028856141
9.432003559246628,4.7549310395966184,0.3535540285715109,303,0.008789098262352042,0.03910651526743435,0.12054915609635052,0.5054104691197578
8.996937923355294,4.452073861000279,0.4378148103593964,303,0.008789098262352042,0.03910651526743435,0.12054915609635052,0.5054104691197578
8.667419014670786,4.2532329380422915,0.38436011228741673,303,0.008789098262352042,0.03910651526743435,0.12054915609635052,0.5054104691197578
2.364464523774256,0.01666419789660791,0.2134417415378771,304,0.0012939529398321666,0.520129951878225,0.29461307779874657,0.43194579988362425
2.394757671139581,0.03497340180757266,0.2882880221260885,304,0.0012939529398321666,0.520129951878225,0.29461307779874657,0.43194579988362425
2.4722633136094676,0.025887573964497042,0.08847827843721937,304,0.0012939529398321666,0.520129951878225,0.29461307779874657,0.43194579988362425
8.643823464182745,3.4652916389443336,0.25942444419240374,305,0.00525134401448992,0.6508170763426349,0.07368418247353052,0.40747169930350813
8.896777311080548,3.7263502211649255,0.23710131033056847,305,0.00525134401448992,0.6508170763426349,0.07368418247353052,0.40747169930350813
9.07596549877177,3.642206748794858,0.2576336788193091,305,0.00525134401448992,0.6508170763426349,0.07368418247353052,0.40747169930350813
3.988720270119847,0.43412118288746243,0.3422698499566801,306,0.0034734571172108596,0.2657703234069579,0.1995054458610557,0.48470072532485964
4.2529524092029884,0.626633790022062,0.36303690532856564,306,0.0034734571172108596,0.2657703234069579,0.1995054458610557,0.48470072532485964
3.868432325715669,0.5289527108826433,0.3717349199340708,306,0.0034734571172108596,0.2657703234069579,0.1995054458610557,0.48470072532485964
12.270029399256698,5.937170645119538,0.2491006583737735,307,0.008068369084089243,0.4777362328416521,0.0791660499168882,0.5243336758253642
11.272565518775252,5.463913704266597,0.2893402290131872,307,0.008068369084089243,0.4777362328416521,0.0791660499168882,0.5243336758253642
11.622208609455923,5.635685248092666,0.27631516514117277,307,0.008068369084089243,0.4777362328416521,0.0791660499168882,0.5243336758253642
11.052074237836031,6.141899046946699,0.23861196762190334,308,0.008443179893349629,0.17992953728543218,0.049742044507606255,0.20404196361562435
11.218321965285865,6.3550158043586755,0.21313541140132633,308,0.008443179893349629,0.17992953728543218,0.049742044507606255,0.20404196361562435
10.853171669377495,6.003252994233328,0.21389570360595275,308,0.008443179893349629,0.17992953728543218,0.049742044507606255,0.20404196361562435
4.029975020815987,0.28679803867147746,0.26217899177026494,309,0.0029581552919224607,0.5137016124208308,0.20020205017226433,0.18989590608942056
4.148029917781779,0.23756055010114882,0.17113342043962732,309,0.0029581552919224607,0.5137016124208308,0.20020205017226433,0.18989590608942056
3.6789173999852105,0.1719293056274495,0.2080921194251825,309,0.0029581552919224607,0.5137016124208308,0.20020205017226433,0.18989590608942056
6.80246890697114,4.226056977627848,0.106870581476696,310,0.007722064914691612,0.5058377911369923,0.016030449961389786,0.11816551021263612
6.68301655426119,4.0261598201512365,0.10725288343679017,310,0.007722064914691612,0.5058377911369923,0.016030449961389786,0.11816551021263612
6.661970786683473,4.161414695632831,0.10757957188554937,310,0.007722064914691612,0.5058377911369923,0.016030449961389786,0.11816551021263612
3.8939104289240705,0.6885799662206055,0.3036760790914457,311,0.002607631190304479,0.2770649707013541,0.1184068963789927,0.5734187629006577
3.9017795966741353,0.6814688616877465,0.3377444832240273,311,0.002607631190304479,0.2770649707013541,0.1184068963789927,0.5734187629006577
3.750531433113366,0.5508419748978725,0.3090718945538524,311,0.002607631190304479,0.2770649707013541,0.1184068963789927,0.5734187629006577
2.712360216248241,0.0203658446271199,0.19204382582483764,312,0.0014526007282875833,0.7981007927108941,0.28456621792162146,0.4527836558360142
2.649486836233824,0.01673360107095047,0.3442070481016396,312,0.0014526007282875833,0.7981007927108941,0.28456621792162146,0.4527836558360142
2.5119284109685682,0.04270092642444721,0.24673530158796905,312,0.0014526007282875833,0.7981007927108941,0.28456621792162146,0.4527836558360142
5.438881904902758,3.176070398580197,0.16049068817574202,313,0.006131093368229323,0.5064488268786475,0.012536622294601387,0.302323585185992
5.265499026966917,3.011769066814938,0.1778451700046295,313,0.006131093368229323,0.5064488268786475,0.012536622294601387,0.302323585185992
5.375325157933854,3.101077666295058,0.14169986791284642,313,0.006131093368229323,0.5064488268786475,0.012536622294601387,0.302323585185992
5.333978522640561,1.0273398968937857,0.37079879473096505,314,0.005320941625804609,0.5065146216552335,0.2677581728398101,0.5575494871638468
4.896208548405065,0.7092725314716477,0.3643758480847874,314,0.005320941625804609,0.5065146216552335,0.2677581728398101,0.5575494871638468
5.182711927286218,0.9089222778705249,0.3804412064922215,314,0.005320941625804609,0.5065146216552335,0.2677581728398101,0.5575494871638468
5.205413332838287,0.8446729908849574,0.3580075733829807,315,0.0061799495400463944,0.3047714205906856,0.2988680489441739,0.4226761297827203
5.905745930275775,0.8696944919348844,0.3766585550319496,315,0.0061799495400463944,0.3047714205906856,0.2988680489441739,0.4226761297827203
5.432830293491343,1.0128691787797426,0.4325759108163927,315,0.0061799495400463944,0.3047714205906856,0.2988680489441739,0.4226761297827203
7.75979034626322,2.9106183670055574,0.3202051432542664,316,0.005204323935904396,0.11647141338932654,0.0855185904581721,0.29941133551242716
7.734099758946783,2.9686630817726685,0.33274281117032584,316,0.005204323935904396,0.11647141338932654,0.0855185904581721,0.29941133551242716
7.583122331676123,2.798159203060602,0.3163448582335344,316,0.005204323935904396,0.11647141338932654,0.0855185904581721,0.29941133551242716
13.262947691511195,5.069985023020173,0.27372515297829797,317,0.00949571433130386,0.5891870718800722,0.15536630717483163,0.4228326910522766
12.689662801202042,4.869010527092052,0.2957847366021308,317,0.00949571433130386,0.5891870718800722,0.15536630717483163,0.4228326910522766
11.634778754524636,4.25685159193322,0.29852450221612703,317,0.00949571433130386,0.5891870718800722,0.15536630717483163,0.4228326910522766
4.105756581994701,1.9250365923702593,0.17259913551615727,318,0.002998355634896544,0.5732080539751974,0.010028253846307471,0.2865703289645325
4.2287958212162184,2.011595384073944,0.1435102971980107,318,0.002998355634896544,0.5732080539751974,0.010028253846307471,0.2865703289645325
4.012134440724367,1.9459499454320122,0.15121714583043694,318,0.002998355634896544,0.5732080539751974,0.010028253846307471,0.2865703289645325
6.540201750482125,3.8050734312416554,0.20509923672268204,319,0.005288680538080063,0.5186851091418655,0.021279473236326694,0.4165722055935811
6.5552532711491125,3.7143967575370604,0.17133658565260915,319,0.005288680538080063,0.5186851091418655,0.021279473236326694,0.4165722055935811
6.727188513200557,3.872163038443724,0.16760988669499685,319,0.005288680538080063,0.5186851091418655,0.021279473236326694,0.4165722055935811
3.2292129835482437,0.07781236104935527,0.17510085924006358,320,0.0027213175748554193,0.5733941745166641,0.2938109311118428,0.28642147182851707
3.4179958872895018,0.14264806684080847,0.33724082071493633,320,0.0027213175748554193,0.5733941745166641,0.2938109311118428,0.28642147182851707
3.164639242269477,0.06871575819481845,0.22098724474336126,320,0.0027213175748554193,0.5733941745166641,0.2938109311118428,0.28642147182851707
12.06381597254429,5.646971523977368,0.2341429321830766,321,0.008144360360230076,0.5517532211646136,0.08840314101144982,0.3503124285873457
13.265965897544845,6.077848183111341,0.21305650722889777,321,0.008144360360230076,0.5517532211646136,0.08840314101144982,0.3503124285873457
12.592221851481112,5.700144589033478,0.2255941015141928,321,0.008144360360230076,0.5517532211646136,0.08840314101144982,0.3503124285873457
3.465841730883225,0.16856846473029047,0.28841344413821923,322,0.0020088536846082582,0.7260265981344349,0.17739562404069345,0.2471700424122086
3.2438956457153467,0.14297651100176398,0.2712641256878204,322,0.0020088536846082582,0.7260265981344349,0.17739562404069345,0.2471700424122086
3.077350625289486,0.12413154238073182,0.2785854043269589,322,0.0020088536846082582,0.7260265981344349,0.17739562404069345,0.2471700424122086
2.971248959970417,0.5657760931866507,0.26847460468180073,323,0.0012045629253958094,0.07416533944811454,0.03658591111886071,0.4353915607466933
3.0960728662325856,0.5750644628712412,0.282892673462577,323,0.0012045629253958094,0.07416533944811454,0.03658591111886071,0.4353915607466933
2.995464222901046,0.6442654818106082,0.2782134993776203,323,0.0012045629253958094,0.07416533944811454,0.03658591111886071,0.4353915607466933
9.774034208198172,2.4660867000884696,0.325397362688778,324,0.00914376983929056,0.5656371280673247,0.25156525103272226,0.40196877692581756
8.995893299789115,2.393725258056162,0.3186859534517048,324,0.00914376983929056,0.5656371280673247,0.25156525103272226,0.40196877692581756
9.415319590686638,2.435859409758268,0.35293643920511025,324,0.00914376983929056,0.5656371280673247,0.25156525103272226,0.40196877692581756
11.023797581229449,3.2751862379015027,0.31904947685079316,325,0.00791709549882353,0.2997244337440194,0.16941389395810896,0.27389430633513623
10.414462572155093,3.5005661042745517,0.3757131119068896,325,0.00791709549882353,0.2997244337440194,0.16941389395810896,0.27389430633513623
9.516557398361904,2.869453782292963,0.3307203871434743,325,0.00791709549882353,0.2997244337440194,0.16941389395810896,0.27389430633513623
7.445784915994374,2.164902671896973,0.29853085905801197,326,0.005934931441318649,0.7559485583652976,0.13730639704264017,0.4942933576211842
7.801023814823058,2.236812819942132,0.3194501170157537,326,0.005934931441318649,0.7559485583652976,0.13730639704264017,0.4942933576211842
7.321273168293,2.333030903401411,0.3136374004592346,326,0.005934931441318649,0.7559485583652976,0.13730639704264017,0.4942933576211842
7.815248995314554,1.9019575161583049,0.3904956987470635,327,0.007739418782247023,0.38451679571985586,0.23307745433647897,0.4652057143540096
8.14869613464028,2.0750878490845204,0.3816803549191711,327,0.007739418782247023,0.38451679571985586,0.23307745433647897,0.4652057143540096
8.735012547634538,2.4500418254484617,0.3865778938405711,327,0.007739418782247023,0.38451679571985586,0.23307745433647897,0.4652057143540096
10.384358536766342,6.414632336573421,0.15213657384862678,328,0.009063548367754106,0.7346108529714537,0.03438377650962805,0.3381641678600914
10.18123073495005,6.272514576447431,0.1510878435960363,328,0.009063548367754106,0.7346108529714537,0.03438377650962805,0.3381641678600914
10.111375996424048,6.224390970721895,0.16885422506213282,328,0.009063548367754106,0.7346108529714537,0.03438377650962805,0.3381641678600914
14.649858903906136,6.828308332095648,0.22088284059928717,329,0.00959083987048238,0.48261287165421,0.1031470699223202,0.33048626024768274
14.503391247793365,6.730465483601226,0.22103906405223375,329,0.00959083987048238,0.48261287165421,0.1031470699223202,0.33048626024768274
13.603288340832083,6.376714991945787,0.24427581712415444,329,0.00959083987048238,0.48261287165421,0.1031470699223202,0.33048626024768274
2.9865125240847785,0.12227656736327255,0.24649857674803313,330,0.0016487253231310445,0.2220557083812513,0.19103787860038662,0.47326372685815565
2.862811265829826,0.11124914245452691,0.2579528674415153,330,0.0016487253231310445,0.2220557083812513,0.19103787860038662,0.47326372685815565
2.7234610960632257,0.09461615524470335,0.21382198980069075,330,0.0016487253231310445,0.2220557083812513,0.19103787860038662,0.47326372685815565
4.591096731005244,1.7404886756666293,0.17767561464964426,331,0.002215344163307824,0.28927391976327066,0.01985006734002708,0.14063608240157022
4.574580709867945,1.7273081852120131,0.1636839232110059,331,0.002215344163307824,0.28927391976327066,0.01985006734002708,0.14063608240157022
4.73128243143069,1.9329132690882136,0.19291546137573656,331,0.002215344163307824,0.28927391976327066,0.01985006734002708,0.14063608240157022
7.102519950378642,2.0478068470069806,0.31175306263404845,332,0.005358718560220083,0.33770188666926526,0.1199664929492936,0.27341333338291696
7.680920748293025,2.3000203541624265,0.29357839537771163,332,0.005358718560220083,0.33770188666926526,0.1199664929492936,0.27341333338291696
7.917584553582999,2.04742775690035,0.2767473713577809,332,0.005358718560220083,0.33770188666926526,0.1199664929492936,0.27341333338291696
9.453583257776216,2.5979312769461353,0.32649634149830026,333,0.008055774538219233,0.07141067209966011,0.18887732180219213,0.18358492944055826
8.907288456540304,2.656592284557977,0.3818889546145913,333,0.008055774538219233,0.07141067209966011,0.18887732180219213,0.18358492944055826
9.224873650887684,2.749134531721495,0.31751469720782277,333,0.008055774538219233,0.07141067209966011,0.18887732180219213,0.18358492944055826
3.82966880044531,0.3339827442248817,0.32096199382495966,334,0.0034607148263204575,0.48403458331692817,0.23293691892197335,0.49134771700490387
3.79660138462108,0.4127947873088742,0.33616016381564545,334,0.0034607148263204575,0.48403458331692817,0.23293691892197335,0.49134771700490387
4.1124780316344465,0.43289242438257325,0.321634266478106,334,0.0034607148263204575,0.48403458331692817,0.23293691892197335,0.49134771700490387
7.29506374147643,2.427364364067596,0.4260862454538903,335,0.008928536553200243,0.04710007482134169,0.25466386319838547,0.42517168254957305
7.302459348844069,2.357951402971867,0.437645264167866,335,0.008928536553200243,0.04710007482134169,0.25466386319838547,0.42517168254957305
8.122345259955853,2.6190343701890084,0.36821206123902706,335,0.008928536553200243,0.04710007482134169,0.25466386319838547,0.42517168254957305
2.14768562008436,0,NA,336,2.2581863612175835e-4,0.475343177018543,0.12357626161395162,0.12870690076868874
1.927238426396878,0,NA,336,2.2581863612175835e-4,0.475343177018543,0.12357626161395162,0.12870690076868874
1.9861543017917962,0,NA,336,2.2581863612175835e-4,0.475343177018543,0.12357626161395162,0.12870690076868874
3.1655210848968975,0.09288500835965074,0.19066954751674986,337,0.0014112226533550564,0.7561092666514981,0.15044076757078984,0.11980309819780394
2.8625989580436437,0.07601460963716929,0.2426099290933213,337,0.0014112226533550564,0.7561092666514981,0.15044076757078984,0.11980309819780394
3.0452140005570514,0.06684616098783772,0.3076950470658494,337,0.0014112226533550564,0.7561092666514981,0.15044076757078984,0.11980309819780394
13.578500707213578,6.340728057768183,0.27429477139266806,338,0.009839085605118845,0.6491419165910965,0.11456383405934961,0.5761790009320789
13.769730733519033,6.167130919220056,0.27045956400521604,338,0.009839085605118845,0.6491419165910965,0.11456383405934961,0.5761790009320789
12.921254742296659,5.824002961043768,0.27611919356675624,338,0.009839085605118845,0.6491419165910965,0.11456383405934961,0.5761790009320789
8.88806728902856,4.286902671226546,0.4701589200148915,339,0.009273334811174695,0.06687626398873119,0.11034560062500763,0.5151542188720959
9.690180419994086,4.763753327417923,0.45041900547020436,339,0.009273334811174695,0.06687626398873119,0.11034560062500763,0.5151542188720959
8.833175829673689,4.291511479237312,0.4438371458522356,339,0.009273334811174695,0.06687626398873119,0.11034560062500763,0.5151542188720959
7.302186216846077,4.021011356490216,0.1815734192294111,340,0.005077752213965277,0.5931865605019976,0.027239574870521102,0.28928875899223194
7.784220373835238,4.318186028417406,0.15946597213615493,340,0.005077752213965277,0.5931865605019976,0.027239574870521102,0.28928875899223194
7.491892893542111,4.080422496062262,0.16279742124062474,340,0.005077752213965277,0.5931865605019976,0.027239574870521102,0.28928875899223194
10.689808468862298,3.3490164116622827,0.3224426033805047,341,0.009129601062498294,0.7221098158040182,0.2226560468325526,0.4630056416162228
10.586204336204336,2.957009207009207,0.2952806118051068,341,0.009129601062498294,0.7221098158040182,0.2226560468325526,0.4630056416162228
9.50530231525179,2.6261728943423464,0.3246347564363895,341,0.009129601062498294,0.7221098158040182,0.2226560468325526,0.4630056416162228
6.019646945860107,0.7146022601373809,0.27212249363431873,342,0.005214548626594738,0.36401335683529695,0.19484269803326604,0.1707887649126498
6.638452013528248,1.0811510099983368,0.30088020960533435,342,0.005214548626594738,0.36401335683529695,0.19484269803326604,0.1707887649126498
5.7674849467346,0.7707271885132005,0.3173635289983967,342,0.005214548626594738,0.36401335683529695,0.19484269803326604,0.1707887649126498
5.557002530138414,0.8650840898943295,0.34958200729699657,343,0.005545792750437952,0.2253534238025342,0.20059341482199505,0.2861082730373649
6.337911021569968,1.2827384803060828,0.3660886635660564,343,0.005545792750437952,0.2253534238025342,0.20059341482199505,0.2861082730373649
6.659650677596838,1.3459621136590227,0.3484292166429986,343,0.005545792750437952,0.2253534238025342,0.20059341482199505,0.2861082730373649
6.586648334293306,0.8435369093848127,0.2809864639665574,344,0.006524283594230886,0.15643664387492975,0.2766691973868741,0.15117943641853585
6.306507008261394,0.7815835886011325,0.35616757189851933,344,0.006524283594230886,0.15643664387492975,0.2766691973868741,0.15117943641853585
6.400311757719715,0.8517666270783849,0.3211752448340276,344,0.006524283594230886,0.15643664387492975,0.2766691973868741,0.15117943641853585
2.461230985602724,0.07957363336911062,0.2608421126518788,345,9.008953411565701e-4,0.7490145725652183,0.1102489138841103,0.5469386849001159
2.4558084321035745,0.04080648452135849,0.30514650323781606,345,9.008953411565701e-4,0.7490145725652183,0.1102489138841103,0.5469386849001159
2.383858558958426,0.05363219411155496,0.23181853013358455,345,9.008953411565701e-4,0.7490145725652183,0.1102489138841103,0.5469386849001159
1.8574353247720081,0,NA,346,2.2903924054469962e-6,0.02567950872269874,0.0684297243071214,0.5187907479024668
1.869521085171173,0,NA,346,2.2903924054469962e-6,0.02567950872269874,0.0684297243071214,0.5187907479024668
1.9265099672716453,0,NA,346,2.2903924054469962e-6,0.02567950872269874,0.0684297243071214,0.5187907479024668
4.642091251941137,0.6322561561783628,0.4189026768718045,347,0.004623361218641311,0.39863807515164834,0.25181595879786633,0.546274799486892
4.696275495122673,0.7131244457582028,0.3884250124008436,347,0.004623361218641311,0.39863807515164834,0.25181595879786633,0.546274799486892
4.738168476448134,0.7078530926879888,0.3938389256722999,347,0.004623361218641311,0.39863807515164834,0.25181595879786633,0.546274799486892
3.192335435663159,0.2311946288863817,0.35098895195650043,348,0.0027448477155827744,0.16602192282037811,0.2989193163405214,0.5834403714760201
3.1051870527603724,0.14089206925957512,0.32046633439589844,348,0.0027448477155827744,0.16602192282037811,0.2989193163405214,0.5834403714760201
2.9682815796291497,0.17025056441763203,0.3054682972911557,348,0.0027448477155827744,0.16602192282037811,0.2989193163405214,0.5834403714760201
7.485085070339545,2.099138248508507,0.27398764376619106,349,0.005330549806532069,0.08068616613343418,0.12464396573275907,0.17145452729019844
7.581314366155442,2.154182410906127,0.31041865078064657,349,0.005330549806532069,0.08068616613343418,0.12464396573275907,0.17145452729019844
7.171949052132702,1.9364632701421802,0.3134567533728043,349,0.005330549806532069,0.08068616613343418,0.12464396573275907,0.17145452729019844
5.200237980143531,0.6321347562562749,0.2840462421350223,350,0.00473892164316394,0.515947174308126,0.2224754333810159,0.25422610113840294
5.671614100185528,0.6716141001855288,0.3179815378110205,350,0.00473892164316394,0.515947174308126,0.2224754333810159,0.25422610113840294
5.326362074380624,0.6780349917785947,0.33443311828729805,350,0.00473892164316394,0.515947174308126,0.2224754333810159,0.25422610113840294
6.906512118799416,1.023941340937286,0.31477446696157896,351,0.006808490524107133,0.7321656268766268,0.24475654381545286,0.1560897157217052
7.12160101179184,1.0117918387084774,0.2363857051826743,351,0.006808490524107133,0.7321656268766268,0.24475654381545286,0.1560897157217052
6.945317410433689,1.0204458904869302,0.2893098060018943,351,0.006808490524107133,0.7321656268766268,0.24475654381545286,0.1560897157217052
8.198243366200582,2.8262120958906656,0.2953728564294482,352,0.005472688306662992,0.7672463030524626,0.11429316711914232,0.5175625238225342
7.340928035565435,2.49143280540891,0.32508618332628947,352,0.005472688306662992,0.7672463030524626,0.11429316711914232,0.5175625238225342
7.400443095712397,2.435164671494796,0.3194851981088913,352,0.005472688306662992,0.7672463030524626,0.11429316711914232,0.5175625238225342
3.928716828898183,0.6754506088308228,0.43431748860621455,353,0.003381446940670946,0.005518557584811928,0.23128414629192615,0.4994717996311687
3.7199368557897667,0.6351564676385922,0.32230496343893994,353,0.003381446940670946,0.005518557584811928,0.23128414629192615,0.4994717996311687
3.71913066015032,0.5053870931911585,0.3769195357564466,353,0.003381446940670946,0.005518557584811928,0.23128414629192615,0.4994717996311687
5.894697743523075,0.596155631906398,0.27120415829330985,354,0.005951377008549501,0.5640749984717929,0.2586368166018412,0.17671140307932437
6.207101250324639,0.7587281564204356,0.2875194449000628,354,0.005951377008549501,0.5640749984717929,0.2586368166018412,0.17671140307932437
6.564738189779938,0.7885850001855494,0.3098832959979627,354,0.005951377008549501,0.5640749984717929,0.2586368166018412,0.17671140307932437
9.580960507521935,3.257341074774157,0.3030292429353145,355,0.00692046627156832,0.634742726578025,0.1257702155272022,0.47104819113808305
9.374189003818634,3.357060764468172,0.3108441012103594,355,0.00692046627156832,0.634742726578025,0.1257702155272022,0.47104819113808305
9.494046515078452,3.356949441744872,0.28827387682348904,355,0.00692046627156832,0.634742726578025,0.1257702155272022,0.47104819113808305
7.970974147690366,1.345507859621773,0.3306962621420683,356,0.007839999885931606,0.22730560546730785,0.27782115852851447,0.16971481838279456
7.415270018621974,1.3389199255121043,0.3352789589033957,356,0.007839999885931606,0.22730560546730785,0.27782115852851447,0.16971481838279456
7.778415083168354,1.2692656391659112,0.34174410268027783,356,0.007839999885931606,0.22730560546730785,0.27782115852851447,0.16971481838279456
2.545924489984307,0.018462106526354657,0.134869801685821,357,0.0014755867321328356,0.3102741948647967,0.2745511220317877,0.3671059919656362
2.5741621481577437,0.04256342876177434,0.27358223785321645,357,0.0014755867321328356,0.3102741948647967,0.2745511220317877,0.3671059919656362
2.4463194431623063,0.02215534590033787,0.22862911220397258,357,0.0014755867321328356,0.3102741948647967,0.2745511220317877,0.3671059919656362
3.6095190399347095,0.16322593808543395,0.31171462316691095,358,0.002142153679292641,0.5284664845841539,0.1776484968631732,0.32316669635909445
3.414634146341464,0.14652694055457663,0.24939789752178634,358,0.002142153679292641,0.5284664845841539,0.1776484968631732,0.32316669635909445
3.3458278708200235,0.18649482061414036,0.2258060596562862,358,0.002142153679292641,0.5284664845841539,0.1776484968631732,0.32316669635909445
5.798761895962302,1.2990852813452831,0.30440974509417235,359,0.004009268801642561,0.6902857095886552,0.1419092529632907,0.4609702479051919
5.188372998942663,0.9200690051753881,0.3100775393234645,359,0.004009268801642561,0.6902857095886552,0.1419092529632907,0.4609702479051919
5.014924266300821,0.9306809544114648,0.3136064228893265,359,0.004009268801642561,0.6902857095886552,0.1419092529632907,0.4609702479051919
9.187954849249962,5.218698945492351,0.2723786141123844,360,0.007700608068082128,0.19245151971232058,0.04366716728610238,0.5221790337034592
8.654538738572352,4.8019207683073235,0.2935355096708665,360,0.007700608068082128,0.19245151971232058,0.04366716728610238,0.5221790337034592
9.631170374772498,5.5510158600453146,0.2829309043265755,360,0.007700608068082128,0.19245151971232058,0.04366716728610238,0.5221790337034592
2.4124066628374496,0.029645550388171422,0.39311691753020767,361,0.001371613080914952,0.16882997153248502,0.26141498292896814,0.4611126472501622
2.410329454854881,0.025897630366821432,0.27469533402157864,361,0.001371613080914952,0.16882997153248502,0.26141498292896814,0.4611126472501622
2.4982328211615017,0.05394545928047919,0.2901983463171028,361,0.001371613080914952,0.16882997153248502,0.26141498292896814,0.4611126472501622
2.1488062187673513,0.0018508236165093465,NA,362,2.3010465965181808e-4,0.5312182640874291,0.1668989275710138,0.36907590950554914
2.024493414854905,0.0036943310490053015,0.041246960638083724,362,2.3010465965181808e-4,0.5312182640874291,0.1668989275710138,0.36907590950554914
2.0817871456137746,0,NA,362,2.3010465965181808e-4,0.5312182640874291,0.1668989275710138,0.36907590950554914
4.856856410827671,0.9227284541977647,0.40684543375667054,363,0.005443246465221809,0.13223860624843048,0.2654835022940693,0.4419660665395069
5.143132601601899,0.9585434589142688,0.363136057771574,363,0.005443246465221809,0.13223860624843048,0.2654835022940693,0.4419660665395069
5.427816868893936,1.032374831477275,0.36783242902546814,363,0.005443246465221809,0.13223860624843048,0.2654835022940693,0.4419660665395069
2.23981858398855,0.046469265227978215,0.23753068223490123,364,6.759611751418386e-4,0.5102533084649333,0.07595899731141316,0.4747066438521682
2.4866981968666866,0.0812887969258055,0.2737614016373365,364,6.759611751418386e-4,0.5102533084649333,0.07595899731141316,0.4747066438521682
2.527297036321771,0.07799153234791652,0.20608232324199405,364,6.759611751418386e-4,0.5102533084649333,0.07595899731141316,0.4747066438521682
2.5399759682040854,0.12015897957297347,0.29754558730720154,365,7.412957293422689e-4,0.5891475163732385,0.06679038104191405,0.42460553991094985
2.598870056497175,0.1092896174863388,0.22513714322089204,365,7.412957293422689e-4,0.5891475163732385,0.06679038104191405,0.42460553991094985
2.5380710659898478,0.09077772425803105,0.16049145706397425,365,7.412957293422689e-4,0.5891475163732385,0.06679038104191405,0.42460553991094985
13.224412588320384,6.4721918290896285,0.2546534704042396,366,0.009289661977032595,0.6230926362805228,0.09159308868492079,0.4289477666656337
13.875136748808664,6.6974467374979145,0.25019119799034256,366,0.009289661977032595,0.6230926362805228,0.09159308868492079,0.4289477666656337
13.206142391810143,6.404839460214053,0.2700151056267553,366,0.009289661977032595,0.6230926362805228,0.09159308868492079,0.4289477666656337
13.085933874171571,5.496871925297492,0.30266752551407905,367,0.009999022923828283,0.47256933913901983,0.1358292238978852,0.4913983941103486
13.324699352451432,5.628122109158187,0.28259863544036984,367,0.009999022923828283,0.47256933913901983,0.1358292238978852,0.4913983941103486
13.104254845177099,5.493057102546967,0.30059789875544396,367,0.009999022923828283,0.47256933913901983,0.1358292238978852,0.4913983941103486
7.3750138976392545,1.5342993736797241,0.342752747832036,368,0.00776531831714935,0.18277362334004457,0.2603688004186168,0.31697822553838395
7.925187125053398,2.017050203376609,0.38280876894821947,368,0.00776531831714935,0.18277362334004457,0.2603688004186168,0.31697822553838395
7.388223977506058,1.7980354797536025,0.40347955721753986,368,0.00776531831714935,0.18277362334004457,0.2603688004186168,0.31697822553838395
2.4019735133731497,0.037096116036650965,0.17092692203651927,369,9.360059920440537e-4,0.18807724935935533,0.13387272738281808,0.32991577997395827
2.419384695124209,0.04442634482247973,0.30385991050551586,369,9.360059920440537e-4,0.18807724935935533,0.13387272738281808,0.32991577997395827
2.5238934768488446,0.04639510067736847,0.2420688075530542,369,9.360059920440537e-4,0.18807724935935533,0.13387272738281808,0.32991577997395827
8.239825204606896,2.9459689664111397,0.3846832934182498,370,0.007144718965539138,0.7024902933551886,0.15377128867302745,0.5091963769432266
8.64023451269968,2.8367873244401567,0.3462304781164105,370,0.007144718965539138,0.7024902933551886,0.15377128867302745,0.5091963769432266
9.676881152327457,3.2107965815768496,0.3066021753319533,370,0.007144718965539138,0.7024902933551886,0.15377128867302745,0.5091963769432266
12.77599301777126,4.935841488551745,0.21759597716572365,371,0.007979281463122588,0.5988424101283825,0.11909056443042061,0.197695420454407
10.602972241781861,3.782010895749175,0.26546419745209654,371,0.007979281463122588,0.5988424101283825,0.11909056443042061,0.197695420454407
12.683287165281627,4.79039704524469,0.21889788253673376,371,0.007979281463122588,0.5988424101283825,0.11909056443042061,0.197695420454407
11.618955977868655,6.330378786476934,0.14455792257801076,372,0.007846385180495708,0.7724719209303521,0.054316554145851,0.27349153246875824
11.898654758170176,6.480780941484748,0.14894657765679645,372,0.007846385180495708,0.7724719209303521,0.054316554145851,0.27349153246875824
11.389492047584582,5.972199023810849,0.17234668216664914,372,0.007846385180495708,0.7724719209303521,0.054316554145851,0.27349153246875824
10.310747533823175,3.000129555255316,0.3495685046030688,373,0.008987127137212654,0.3473110601866387,0.18885662394859312,0.20517282501700046
11.17848229965801,3.2775672428135687,0.34757592378773206,373,0.008987127137212654,0.3473110601866387,0.18885662394859312,0.20517282501700046
11.579687876039024,3.341540626099191,0.3298180999739457,373,0.008987127137212654,0.3473110601866387,0.18885662394859312,0.20517282501700046
5.32065096232444,1.2205543583265215,0.23477964991580766,374,0.0027681071650624022,0.6111876891756057,0.064211859806922,0.19224384037934217
5.29338743445797,1.2487725344153557,0.2183425760610533,374,0.0027681071650624022,0.6111876891756057,0.064211859806922,0.19224384037934217
5.448570004246598,1.3681431288196304,0.2285077328373403,374,0.0027681071650624022,0.6111876891756057,0.064211859806922,0.19224384037934217
8.399324938335713,3.3771628864449843,0.3319985877646507,375,0.005960230512946833,0.43555292435805515,0.1044942199799227,0.5850161343075698
9.33365541846291,3.8371488033298644,0.36460900309404665,375,0.005960230512946833,0.43555292435805515,0.1044942199799227,0.5850161343075698
7.8562164165277,3.0276079303316656,0.34220681128551056,375,0.005960230512946833,0.43555292435805515,0.1044942199799227,0.5850161343075698
2.0293394010026455,0.001849899180494663,NA,376,2.111963517798207e-4,0.4417942570273778,0.18360075743146184,0.21854636998792296
1.9852450507896493,0.0018536368354711943,NA,376,2.111963517798207e-4,0.4417942570273778,0.18360075743146184,0.21854636998792296
2.058768830202715,0.003719546215361726,0.056305455250701845,376,2.111963517798207e-4,0.4417942570273778,0.18360075743146184,0.21854636998792296
4.276804276804277,0.9262696762696763,0.36289452070893813,377,0.004557593327010846,0.03553389166273398,0.24134525976139448,0.5732945987361662
4.016979942905869,0.8768027286545805,0.34190662662826593,377,0.004557593327010846,0.03553389166273398,0.24134525976139448,0.5732945987361662
4.591315334733087,0.8565748155855739,0.3514688572441235,377,0.004557593327010846,0.03553389166273398,0.24134525976139448,0.5732945987361662
8.286699032724307,3.4577326464811176,0.4007856303264216,378,0.008683755504018894,0.016723107052595883,0.17327103431578147,0.40175496259821397
7.746491927261942,3.251339277438968,0.3355879353649691,378,0.008683755504018894,0.016723107052595883,0.17327103431578147,0.40175496259821397
8.685701629722596,3.5049186984367218,0.32664468915404693,378,0.008683755504018894,0.016723107052595883,0.17327103431578147,0.40175496259821397
6.756731884191345,3.7768493125471645,0.4093264642588954,379,0.0063166069015521175,0.06227772630606013,0.05628250372055005,0.5505633529548482
6.622994503969355,3.564092599789041,0.3975160142856926,379,0.0063166069015521175,0.06227772630606013,0.05628250372055005,0.5505633529548482
7.374707868086211,3.965574804317988,0.35142306958640407,379,0.0063166069015521175,0.06227772630606013,0.05628250372055005,0.5505633529548482
10.816401920945697,6.581086073143702,0.13393635394348916,380,0.008824612790606793,0.7361722106867983,0.03731996838994171,0.2881962997477573
11.043646765710067,6.7398726584848205,0.14677573627770354,380,0.008824612790606793,0.7361722106867983,0.03731996838994171,0.2881962997477573
10.487954153452401,6.242697379402437,0.15035401349515187,380,0.008824612790606793,0.7361722106867983,0.03731996838994171,0.2881962997477573
4.204043131669965,0.310725581223297,0.2814486399807626,381,0.0034603947307360605,0.6719689761683223,0.20296803728382845,0.32903367426223223
4.2809105018106575,0.4896164363313872,0.30188028421901814,381,0.0034603947307360605,0.6719689761683223,0.20296803728382845,0.32903367426223223
4.573974382773343,0.40839056989047706,0.2548682123586421,381,0.0034603947307360605,0.6719689761683223,0.20296803728382845,0.32903367426223223
10.538266825491364,2.7732281119714113,0.30826051628270523,382,0.009876860199586238,0.7014901383570278,0.238115166259919,0.2829973721325988
11.523274567599133,3.0921528279850956,0.2751020774915435,382,0.009876860199586238,0.7014901383570278,0.238115166259919,0.2829973721325988
11.119361425654354,2.9682569147948765,0.2724561502026528,382,0.009876860199586238,0.7014901383570278,0.238115166259919,0.2829973721325988
2.073114298935678,0.00925497454881999,0.2359912132757607,383,6.111168668401215e-4,0.036705721270942605,0.27689991734809777,0.31315834027178
2.1668332038044484,0.0037008252840383406,0.18973594609142477,383,6.111168668401215e-4,0.036705721270942605,0.27689991734809777,0.31315834027178
2.227373887240356,0.00927299703264095,0.154412465403354,383,6.111168668401215e-4,0.036705721270942605,0.27689991734809777,0.31315834027178
11.595306175498534,4.253778454454306,0.2812309515291851,384,0.00845705489373473,0.49262778835058685,0.13545176409510126,0.36582887589289026
11.489353816503902,4.356688842354947,0.2873395609241691,384,0.00845705489373473,0.49262778835058685,0.13545176409510126,0.36582887589289026
11.878187597013822,4.4071993495454205,0.2785858090118624,384,0.00845705489373473,0.49262778835058685,0.13545176409510126,0.36582887589289026
3.3627302034312816,0.11857561047911958,0.2089444573849186,385,0.002839164538436156,0.42229436296905104,0.29797619879689285,0.2176506378621172
3.3340143761956944,0.07243819536024072,0.31772330432873197,385,0.002839164538436156,0.42229436296905104,0.29797619879689285,0.2176506378621172
3.5787909740923016,0.148574612313121,0.26045340857963895,385,0.002839164538436156,0.42229436296905104,0.29797619879689285,0.2176506378621172
3.6728251787206387,0.28223934639309256,0.2617385664245822,386,0.002730904928880796,0.4317201408086786,0.21507847134171101,0.5645763283204
3.442280302609918,0.35144183637607973,0.33301335346622457,386,0.002730904928880796,0.4317201408086786,0.21507847134171101,0.5645763283204
3.462977788534937,0.30719964253132503,0.332499285629533,386,0.002730904928880796,0.4317201408086786,0.21507847134171101,0.5645763283204
13.093867241187176,5.189257457003826,0.28750549770129935,387,0.00987444119618362,0.5991173823867961,0.14392290949029038,0.33337965657538005
14.059867824284048,5.551750310076084,0.27187313550862885,387,0.00987444119618362,0.5991173823867961,0.14392290949029038,0.33337965657538005
12.925345622119815,5.013824884792626,0.27843224995144245,387,0.00987444119618362,0.5991173823867961,0.14392290949029038,0.33337965657538005
5.235824647002292,0.6912101722480964,0.347469171303216,388,0.005699370707261634,0.7474340771013611,0.29567176031640874,0.4152334981291945
5.661636572615031,0.7656371658447962,0.27607791429233414,388,0.005699370707261634,0.7474340771013611,0.29567176031640874,0.4152334981291945
5.50295529080432,0.5577069166774749,0.25753899056716784,388,0.005699370707261634,0.7474340771013611,0.29567176031640874,0.4152334981291945
2.0226177233963663,0,NA,389,3.209475350466295e-4,0.7068746700486941,0.26269443512438856,0.5164288039592074
1.9956148500501691,0.0018581143855215727,NA,389,3.209475350466295e-4,0.7068746700486941,0.26269443512438856,0.5164288039592074
1.9873565562373705,0.0037077547690995715,0.022067081749236186,389,3.209475350466295e-4,0.7068746700486941,0.26269443512438856,0.5164288039592074
9.2203578381385,2.840456104570316,0.2907123192326752,390,0.006194342197483215,0.41341895991730127,0.11924140778654554,0.28883594423017384
9.877573734001114,3.227601558152476,0.26737385878151226,390,0.006194342197483215,0.41341895991730127,0.11924140778654554,0.28883594423017384
8.909157914133038,2.824765063571034,0.28857003944098286,390,0.006194342197483215,0.41341895991730127,0.11924140778654554,0.28883594423017384
3.5509099670113793,0.16679639719782052,0.2649505028295315,391,0.002869707303331029,0.6634955701434704,0.2769523535985708,0.39086725064562355
3.4643447264355864,0.10396747303343667,0.17232478198946147,391,0.002869707303331029,0.6634955701434704,0.2769523535985708,0.39086725064562355
3.108750763309339,0.11287725985825578,0.26229448618521745,391,0.002869707303331029,0.6634955701434704,0.2769523535985708,0.39086725064562355
6.385970105076217,1.3892999852005328,0.3784948836514968,392,0.0066533264480279535,0.43956001611158335,0.25262282370951666,0.5373039579855333
6.493651354315778,1.554163335874031,0.41753425978998165,392,0.0066533264480279535,0.43956001611158335,0.25262282370951666,0.5373039579855333
6.671235160113348,1.6335450891782268,0.37333023649354946,392,0.0066533264480279535,0.43956001611158335,0.25262282370951666,0.5373039579855333
2.0467455070304497,0.06890771952695782,0.2063012222879239,393,2.9406906598395804e-4,0.10620943133057137,0.01545971485218515,0.5824438837469388
2.1391666356911867,0.12637995762554363,0.16005970639098843,393,2.9406906598395804e-4,0.10620943133057137,0.01545971485218515,0.5824438837469388
2.1322752303784323,0.0852910092151373,0.17835686727297645,393,2.9406906598395804e-4,0.10620943133057137,0.01545971485218515,0.5824438837469388
7.766685734319931,3.195984721273965,0.3020081715691512,394,0.005012907134994093,0.7110375446956162,0.06932752959433156,0.4767467514526389
8.501603901281268,3.4840815115610684,0.23743795084305538,394,0.005012907134994093,0.7110375446956162,0.06932752959433156,0.4767467514526389
8.05201531603189,3.2722295185068715,0.2727532551320393,394,0.005012907134994093,0.7110375446956162,0.06932752959433156,0.4767467514526389
2.77207582061951,0.07766990291262137,0.27659213532701893,395,0.0019256118919065395,0.43368739872402023,0.28133411506598255,0.5840216912973002
2.76847345337454,0.1202879508484927,0.23731367158476455,395,0.0019256118919065395,0.43368739872402023,0.28133411506598255,0.5840216912973002
2.6162467064979404,0.07050877648717853,0.3294749891396397,395,0.0019256118919065395,0.43368739872402023,0.28133411506598255,0.5840216912973002
6.146843312856191,3.14928576715269,0.2136140085925597,396,0.0038397115326160563,0.5495943818044923,0.027426578161476242,0.39763998729389105
6.237237794690922,3.166883237423427,0.21304084685640268,396,0.0038397115326160563,0.5495943818044923,0.027426578161476242,0.39763998729389105
5.93722073279714,2.962094131665177,0.23504456614793193,396,0.0038397115326160563,0.5495943818044923,0.027426578161476242,0.39763998729389105
2.048027825057352,0.005550210908014505,0.1702439972929165,397,4.3689434436942074e-4,0.2072104906429961,0.20938515818028547,0.20070446737728298
2.20585507031279,0.003710437460576602,0.01710520631923681,397,4.3689434436942074e-4,0.2072104906429961,0.20938515818028547,0.20070446737728298
2.097513028319208,0.005563695035329464,0.04955434020385884,397,4.3689434436942074e-4,0.2072104906429961,0.20938515818028547,0.20070446737728298
4.985805206613104,1.3471137253446646,0.32528636821537915,398,0.0035026727334027947,0.14387879341998816,0.10755652974167797,0.31268334384964214
5.358601232459723,1.1062439676293712,0.31810427395665797,398,0.0035026727334027947,0.14387879341998816,0.10755652974167797,0.31268334384964214
5.490703912681528,1.2968273055221533,0.32438945724165386,398,0.0035026727334027947,0.14387879341998816,0.10755652974167797,0.31268334384964214
9.910444440324104,3.101996922107059,0.38991797741166506,399,0.008091869997584485,0.1155224850468051,0.20301293097825013,0.2923706198607313
9.035933553347222,2.752631870056601,0.41024134919688193,399,0.008091869997584485,0.1155224850468051,0.20301293097825013,0.2923706198607313
8.469666301461439,2.4363521568773097,0.35791938170812393,399,0.008091869997584485,0.1155224850468051,0.20301293097825013,0.2923706198607313
3.3632577510411847,0.7903748264692272,0.3148195625523877,400,0.0014763914763670015,0.060912569954482514,0.050754366507033875,0.55286671414419
3.11749270059504,0.7151568910078723,0.34279490123216755,400,0.0014763914763670015,0.060912569954482514,0.050754366507033875,0.55286671414419
3.3364792094598346,0.7198504783582227,0.32880137657468206,400,0.0014763914763670015,0.060912569954482514,0.050754366507033875,0.55286671414419
3.9294793854316348,0.5102980730260492,0.28169971339700656,401,0.0028920298515684464,0.015956541923564098,0.14551972681612316,0.3608659614948836
4.073353709363712,0.5742335834027971,0.33378835959091524,401,0.0028920298515684464,0.015956541923564098,0.14551972681612316,0.3608659614948836
3.7952109379353907,0.48299307090709814,0.30063400919208344,401,0.0028920298515684464,0.015956541923564098,0.14551972681612316,0.3608659614948836
7.051128069624346,2.089839058371367,0.3033444189809312,402,0.004356954215617497,0.5452725778838379,0.0981061986964404,0.44877584049137653
6.967031342400946,2.1880544056771143,0.3205437051132038,402,0.004356954215617497,0.5452725778838379,0.0981061986964404,0.44877584049137653
6.193101916956554,1.7578269558137813,0.32805270265062036,402,0.004356954215617497,0.5452725778838379,0.0981061986964404,0.44877584049137653
4.730895530695163,0.33209031372330755,0.26265779238757325,403,0.0042926064326572555,0.4610846729729353,0.2538898971651445,0.10936896387691249
4.885462228482467,0.32804507376380754,0.19450684259237513,403,0.0042926064326572555,0.4610846729729353,0.2538898971651445,0.10936896387691249
4.705445774190556,0.40820113183041096,0.30306475758391066,403,0.0042926064326572555,0.4610846729729353,0.2538898971651445,0.10936896387691249
13.44307777675021,7.017478960510497,0.1573570525892599,404,0.00868130960401902,0.2872485018679147,0.06358057500206857,0.1023788450040854
13.796047137422288,7.3768210077015866,0.17577400587920583,404,0.00868130960401902,0.2872485018679147,0.06358057500206857,0.1023788450040854
12.746754814388384,6.722501810618582,0.17324661056889065,404,0.00868130960401902,0.2872485018679147,0.06358057500206857,0.1023788450040854
6.430208487357682,1.4583025284636997,0.3205649870789064,405,0.005173257756055709,0.47686397600632796,0.13412354527453366,0.3246316314496518
7.656814602056889,2.0179746131752063,0.32511592560377045,405,0.005173257756055709,0.47686397600632796,0.13412354527453366,0.3246316314496518
7.242159116185958,1.8184177355972417,0.3186290654986815,405,0.005173257756055709,0.47686397600632796,0.13412354527453366,0.3246316314496518
3.1640052671599994,0.0890224225226729,0.16608568281053557,406,0.002263260039211737,0.4910367454717968,0.2686059782328185,0.2788347418647321
3.1361791255027707,0.0722878167225816,0.17781915256409733,406,0.002263260039211737,0.4910367454717968,0.2686059782328185,0.2788347418647321
2.857301684362666,0.05003057423981322,0.2650465118109167,406,0.002263260039211737,0.4910367454717968,0.2686059782328185,0.2788347418647321
5.389776476257553,0.6208992845757497,0.2979501538342063,407,0.004511383701667146,0.32022772920489495,0.19962469781328393,0.25784196330493514
5.4500611949708855,0.6991061825464525,0.272708995380675,407,0.004511383701667146,0.32022772920489495,0.19962469781328393,0.25784196330493514
5.54143082490489,0.916767189384801,0.3367588595261861,407,0.004511383701667146,0.32022772920489495,0.19962469781328393,0.25784196330493514
3.44252884205848,0.6203588822429215,0.26809272457087807,408,0.00153402937787541,0.21367356973795748,0.05765226665923173,0.41464184807741655
3.4194346485478486,0.607448163807906,0.2476183727300026,408,0.00153402937787541,0.21367356973795748,0.05765226665923173,0.41464184807741655
3.6242630974009122,0.6729450150161285,0.31402417363922386,408,0.00153402937787541,0.21367356973795748,0.05765226665923173,0.41464184807741655
7.948784368870962,2.2554860674240462,0.36911265269753235,409,0.008658585937457598,0.5880257434931945,0.27549495738999713,0.5991556898049041
8.087037037037037,2.0925925925925926,0.37410527395867493,409,0.008658585937457598,0.5880257434931945,0.27549495738999713,0.5991556898049041
8.028326500186358,2.1319418561311965,0.36412315530037315,409,0.008658585937457598,0.5880257434931945,0.27549495738999713,0.5991556898049041
6.480764265427317,1.4569731843163292,0.39721561049827087,410,0.006463713036955408,0.12057433991680451,0.21438701455306705,0.41805772885121584
6.824362078599366,1.9798845222574035,0.42964529415229663,410,0.006463713036955408,0.12057433991680451,0.21438701455306705,0.41805772885121584
6.39700707486017,1.642775123161833,0.3434092791349224,410,0.006463713036955408,0.12057433991680451,0.21438701455306705,0.41805772885121584
7.80777437610168,2.016884683180258,0.36220887101204374,411,0.007122649453000884,0.35813944211532456,0.20417205358803905,0.40163803108518725
7.969766020118935,1.947053483762204,0.3593874831810914,411,0.007122649453000884,0.35813944211532456,0.20417205358803905,0.40163803108518725
7.493516117080399,1.8506854390515006,0.35703981672152435,411,0.007122649453000884,0.35813944211532456,0.20417205358803905,0.40163803108518725
3.3448652248718855,0.2682552309770041,0.25775946686466067,412,0.0020304160756819288,0.08084995430353809,0.1430315209158129,0.2610803450468723
3.5201748051034203,0.31479732607447736,0.26675131890304066,412,0.0020304160756819288,0.08084995430353809,0.1430315209158129,0.2610803450468723
3.310365211608446,0.2734006982801618,0.3443623488167568,412,0.0020304160756819288,0.08084995430353809,0.1430315209158129,0.2610803450468723
4.372880727825233,0.7485778873056754,0.3834011004067246,413,0.0041581111715378065,0.10786091201823898,0.22860386061007226,0.339828693420712
4.574702839023124,0.7046562946205055,0.34573524045777054,413,0.0041581111715378065,0.10786091201823898,0.22860386061007226,0.339828693420712
4.395951929158761,0.5525170219890613,0.38870548660088433,413,0.0041581111715378065,0.10786091201823898,0.22860386061007226,0.339828693420712
4.935074544042026,1.4224409011875254,0.239851866906519,414,0.0026692018949412734,0.05700655185090443,0.05176602707182375,0.12202853923242916
5.053334570076987,1.4265838048418513,0.23328882582594293,414,0.0026692018949412734,0.05700655185090443,0.05176602707182375,0.12202853923242916
5.0432035677785,1.4735668493914338,0.2503899234830634,414,0.0026692018949412734,0.05700655185090443,0.05176602707182375,0.12202853923242916
11.619157059717537,5.020943766912555,0.2210059808579404,415,0.0072159465870160824,0.4988517844493434,0.09178809353893704,0.2957720956347408
11.16454380036392,4.768093876490029,0.2674821377620602,415,0.0072159465870160824,0.4988517844493434,0.09178809353893704,0.2957720956347408
11.100806825558749,4.551609014189001,0.2416608845018059,415,0.0072159465870160824,0.4988517844493434,0.09178809353893704,0.2957720956347408
5.709345777017606,0.7789696778151667,0.3505446034440293,416,0.005988457537162856,0.4325901861253099,0.2699019633907844,0.4284956529566776
6.279159828129899,1.1783797739133641,0.34262791258444036,416,0.005988457537162856,0.4325901861253099,0.2699019633907844,0.4284956529566776
5.87668414907615,0.9173631831575826,0.3866907436246114,416,0.005988457537162856,0.4325901861253099,0.2699019633907844,0.4284956529566776
8.496417396456279,4.0177000981281585,0.27209457459001013,417,0.005411470168173733,0.4548810406157879,0.057539322103415384,0.4662306772721887
8.22507608937718,3.8360181129834454,0.2708114893420093,417,0.005411470168173733,0.4548810406157879,0.057539322103415384,0.4662306772721887
9.092085559520067,4.194782865911149,0.24770798669804536,417,0.005411470168173733,0.4548810406157879,0.057539322103415384,0.4662306772721887
7.234381365033515,2.583046328185757,0.4730484533270062,418,0.009212451371408508,0.03313900001647696,0.2779509486010758,0.5523926255287757
7.689881051791645,2.6981387667241923,0.43468127382331007,418,0.009212451371408508,0.03313900001647696,0.2779509486010758,0.5523926255287757
7.5323853484216805,2.8420935080405005,0.5206626896075726,418,0.009212451371408508,0.03313900001647696,0.2779509486010758,0.5523926255287757
5.2130242211967905,0.570782602249773,0.296834927510582,419,0.004926154654156456,0.32411628929343733,0.2597947732609028,0.2295675062458127
5.186771793120003,0.46346732647672506,0.2682749214860141,419,0.004926154654156456,0.32411628929343733,0.2597947732609028,0.2295675062458127
5.108390764029499,0.48483272342243605,0.2631179095355181,419,0.004926154654156456,0.32411628929343733,0.2597947732609028,0.2295675062458127
4.361715879083338,0.3453178955921186,0.26959362938019915,420,0.00320584492218116,0.6866760523125108,0.19859989572520795,0.27188094340992075
4.126348570793016,0.2558113669224781,0.22890326117948864,420,0.00320584492218116,0.6866760523125108,0.19859989572520795,0.27188094340992075
4.137063351095323,0.2719804618117229,0.2453755908976121,420,0.00320584492218116,0.6866760523125108,0.19859989572520795,0.27188094340992075
7.934059398580084,1.8380849719362153,0.3009856661215752,421,0.006284783847451918,0.6669230908900508,0.16363711295801206,0.2986656793911153
8.23195081632274,1.9186834822340681,0.2917994907291409,421,0.006284783847451918,0.6669230908900508,0.16363711295801206,0.2986656793911153
8.402860548271752,2.0802294398092966,0.2775122371037513,421,0.006284783847451918,0.6669230908900508,0.16363711295801206,0.2986656793911153
2.6539985924361966,0.06482201726117717,0.2515777515399389,422,0.001137774013135814,0.6211740215318735,0.16757136865398956,0.20437348780913406
2.499394706945039,0.02793660253664351,0.2049783059309337,422,0.001137774013135814,0.6211740215318735,0.16757136865398956,0.20437348780913406
2.4840219976218787,0.022294887039239,0.2738807203591143,422,0.001137774013135814,0.6211740215318735,0.16757136865398956,0.20437348780913406
8.023889898727603,2.733983751901176,0.3592250994244742,423,0.005832580677973289,0.18264808328608084,0.10629959994934425,0.3324945779654366
8.023823616454573,2.7892867712340927,0.3863786713135066,423,0.005832580677973289,0.18264808328608084,0.10629959994934425,0.3324945779654366
7.958587043554363,2.860175409195017,0.36427972796206504,423,0.005832580677973289,0.18264808328608084,0.10629959994934425,0.3324945779654366
6.878728370817741,2.423209455704176,0.41835889669569803,424,0.00584584721735125,0.27502036290341886,0.12127890215860952,0.5115936742423765
7.617641631297286,2.640708617826167,0.4037218899555083,424,0.00584584721735125,0.27502036290341886,0.12127890215860952,0.5115936742423765
7.642994383683122,2.60678391959799,0.3866659079603088,424,0.00584584721735125,0.27502036290341886,0.12127890215860952,0.5115936742423765
9.473762394622497,5.039551379656107,0.24904976970044296,425,0.0068890404102672845,0.38845346812119746,0.0501722011239775,0.48756695182852594
9.657297738833401,5.316897486355029,0.2373947806377736,425,0.0068890404102672845,0.38845346812119746,0.0501722011239775,0.48756695182852594
9.891004644793574,5.201798700938212,0.22394035417016198,425,0.0068890404102672845,0.38845346812119746,0.0501722011239775,0.48756695182852594
14.65671696928277,7.190749736788636,0.194979417906805,426,0.009859813433336374,0.45326817424031457,0.0870901062886096,0.2514822817426907
14.90013934045518,7.431490942870414,0.2002076385894494,426,0.009859813433336374,0.45326817424031457,0.0870901062886096,0.2514822817426907
15.346066039311765,7.775117397033984,0.18771323012900765,426,0.009859813433336374,0.45326817424031457,0.0870901062886096,0.2514822817426907
5.307288307380448,1.0301299179950243,0.32524685187739744,427,0.004845008968320179,0.18754831045168655,0.19263856858686132,0.38664449791471844
5.39855742555946,0.9968559275013871,0.3814848925858462,427,0.004845008968320179,0.18754831045168655,0.19263856858686132,0.38664449791471844
5.490660693459708,1.2143875303134082,0.39086904177571,427,0.004845008968320179,0.18754831045168655,0.19263856858686132,0.38664449791471844
9.371577090875336,4.9791144527986635,0.23246146388752725,428,0.006678648206675153,0.12780511010984494,0.044653892521283045,0.2108661460597437
9.347954730379467,5.005917597455433,0.2551345624381443,428,0.006678648206675153,0.12780511010984494,0.044653892521283045,0.2108661460597437
9.18988093030157,4.853666679031122,0.21504493316447731,428,0.006678648206675153,0.12780511010984494,0.044653892521283045,0.2108661460597437
2.664440115038501,0.033398274422488175,0.3972242292609927,429,0.001354280324115024,0.6606087194305412,0.24449087753987464,0.2859660137400336
2.5928663832932917,0.03326557013491037,0.2997346552345589,429,0.001354280324115024,0.6606087194305412,0.24449087753987464,0.2859660137400336
2.643661137440758,0.0370260663507109,0.1319007876019168,429,0.001354280324115024,0.6606087194305412,0.24449087753987464,0.2859660137400336
12.049064726840855,4.449970308788599,0.3597023990037857,430,0.008666307463448484,0.15585973756826144,0.14591895859482312,0.17718387596640883
11.751263376932224,4.091111771700357,0.299356623879177,430,0.008666307463448484,0.15585973756826144,0.14591895859482312,0.17718387596640883
10.864822894328181,3.7011018265177844,0.3523869807353224,430,0.008666307463448484,0.15585973756826144,0.14591895859482312,0.17718387596640883
4.162805352707863,2.0869629684546096,0.1813477689434338,431,0.005639049229892493,0.03399838597319654,0.011175121144490596,0.3636042576817995
4.406666543074841,2.387794071300124,0.2052976523922608,431,0.005639049229892493,0.03399838597319654,0.011175121144490596,0.3636042576817995
4.257726986011651,2.2336833512671146,0.22225593003752916,431,0.005639049229892493,0.03399838597319654,0.011175121144490596,0.3636042576817995
8.497374719382549,2.692072209131895,0.36045491526917917,432,0.006752325935401906,0.641453222330257,0.16187687171632176,0.5067778430436253
7.565090452168449,2.176765156974703,0.3403282720679192,432,0.006752325935401906,0.641453222330257,0.16187687171632176,0.5067778430436253
8.636549089425467,2.499907273469085,0.30501840050034573,432,0.006752325935401906,0.641453222330257,0.16187687171632176,0.5067778430436253
9.5155580398733,4.246320104341345,0.3381736393432181,433,0.006363747695847304,0.17863546469159816,0.0766264976883101,0.31025808580072645
9.468830758361687,4.2519567925335116,0.3118114650964626,433,0.006363747695847304,0.17863546469159816,0.0766264976883101,0.31025808580072645
8.753604969311542,3.8915181542557122,0.31523485949444674,433,0.006363747695847304,0.17863546469159816,0.0766264976883101,0.31025808580072645
8.062452483821321,4.133212186393221,0.28086136864645844,434,0.006442986934013033,0.08738644956061187,0.0409409446445565,0.22286916306633175
7.860870211145982,4.180207617597356,0.26723032220387316,434,0.006442986934013033,0.08738644956061187,0.0409409446445565,0.22286916306633175
8.718328093212502,4.762345108193083,0.2672225452528115,434,0.006442986934013033,0.08738644956061187,0.0409409446445565,0.22286916306633175
9.629780610732286,3.188926771420101,0.3273264196391411,435,0.007187642863725712,0.5718946465649845,0.15111829871605295,0.5281887003600714
8.287251946514768,2.672412198775684,0.34941354040585976,435,0.007187642863725712,0.5718946465649845,0.15111829871605295,0.5281887003600714
9.11961367013373,3.1853640416047546,0.34603579287576297,435,0.007187642863725712,0.5718946465649845,0.15111829871605295,0.5281887003600714
6.407666215640118,1.5384330225575058,0.3638643687052536,436,0.005805256834135722,0.03216403599132772,0.1784328050036038,0.25560163496181837
6.898655769835253,1.8212747073941902,0.33841899178349133,436,0.005805256834135722,0.03216403599132772,0.1784328050036038,0.25560163496181837
6.730804810360777,1.650323774283071,0.2838420737442188,436,0.005805256834135722,0.03216403599132772,0.1784328050036038,0.25560163496181837
2.263038884976091,0.018534307002261184,0.2169890177082431,437,6.638163509950511e-4,0.575778854955454,0.17929083947383206,0.27805130000567774
2.372360702455634,0.014804122948241084,0.263461988845142,437,6.638163509950511e-4,0.575778854955454,0.17929083947383206,0.27805130000567774
2.2710826607291956,0.009277298450691158,0.04517841807158411,437,6.638163509950511e-4,0.575778854955454,0.17929083947383206,0.27805130000567774
4.838888478309069,0.727958022319119,0.3272480558540659,438,0.004313351052621617,0.6432237592038099,0.19349319453504504,0.49527829066335327
5.329845651528643,0.8904719501335707,0.331364322971255,438,0.004313351052621617,0.6432237592038099,0.19349319453504504,0.49527829066335327
4.856983655274889,0.7299405646359584,0.3379449444853717,438,0.004313351052621617,0.6432237592038099,0.19349319453504504,0.49527829066335327
3.475627879328281,0.2767870411651063,0.28512750887574145,439,0.002538753854590655,0.21823655231697556,0.17296683872982452,0.32160278332731196
3.7651492757907183,0.325155187703222,0.2537466153205728,439,0.002538753854590655,0.21823655231697556,0.17296683872982452,0.32160278332731196
3.422285597881442,0.3000055556584381,0.329313506036281,439,0.002538753854590655,0.21823655231697556,0.17296683872982452,0.32160278332731196
9.689771907431046,3.0708326396211403,0.41645498452007224,440,0.009348051402344064,0.17338064593802544,0.22174364042297873,0.4183205723088884
9.724930814806559,3.309745361341728,0.4186670438857391,440,0.009348051402344064,0.17338064593802544,0.22174364042297873,0.4183205723088884
9.88398900754348,3.2719157490916464,0.40533605477961565,440,0.009348051402344064,0.17338064593802544,0.22174364042297873,0.4183205723088884
9.645331942478204,3.216973399895686,0.4295902646238522,441,0.009461388671297777,0.22659586312527297,0.21221564205616097,0.43535758714526385
9.89998147805149,3.4469346175217632,0.4240350467251551,441,0.009461388671297777,0.22659586312527297,0.21221564205616097,0.43535758714526385
10.029651593773165,3.532246108228317,0.384652753803626,441,0.009461388671297777,0.22659586312527297,0.21221564205616097,0.43535758714526385
2.81559348476125,0.055717549170737145,0.22711034232378133,442,0.001334141324623813,0.39043230032779247,0.17335981712882453,0.2647713989420913
2.7257082585444388,0.05921430025351122,0.24043146895541767,442,0.001334141324623813,0.39043230032779247,0.17335981712882453,0.2647713989420913
2.761048827944038,0.04447326971185027,0.17429689528503417,442,0.001334141324623813,0.39043230032779247,0.17335981712882453,0.2647713989420913
11.009309886212503,3.6408305009605435,0.39637264244713927,443,0.009851523018236457,0.2881374347798029,0.1997799103786753,0.32242929652922175
11.991231818097377,3.9178168713195003,0.3625638263720931,443,0.009851523018236457,0.2881374347798029,0.1997799103786753,0.32242929652922175
10.996123815352659,3.470019844581687,0.3884207955519042,443,0.009851523018236457,0.2881374347798029,0.1997799103786753,0.32242929652922175
11.537110638691193,5.893335798132914,0.20055279437018536,444,0.007971321627971461,0.7219987572579976,0.06688747621667457,0.28379649432135534
12.02340087845569,6.0052412062156275,0.17015205565782224,444,0.007971321627971461,0.7219987572579976,0.06688747621667457,0.28379649432135534
12.484295321853521,6.316975833271746,0.1707417179851469,444,0.007971321627971461,0.7219987572579976,0.06688747621667457,0.28379649432135534
7.728843630449648,2.607699273688296,0.49361226267473607,445,0.009936617355983801,0.15570204825746503,0.27894757064317693,0.4928325012580399
8.419451195755023,2.797825562626394,0.4362455215675824,445,0.009936617355983801,0.15570204825746503,0.27894757064317693,0.4928325012580399
8.465637734874887,2.7290664011358814,0.45536440763690483,445,0.009936617355983801,0.15570204825746503,0.27894757064317693,0.4928325012580399
4.829792348514266,1.201900852425066,0.26662283123028835,446,0.002389462154127688,0.3216605770647061,0.05438181207315459,0.1987540404407402
4.903398229431525,1.1729552161244223,0.23278141238862507,446,0.002389462154127688,0.3216605770647061,0.05438181207315459,0.1987540404407402
5.133108083020829,1.3403631233059816,0.24094107070373985,446,0.002389462154127688,0.3216605770647061,0.05438181207315459,0.1987540404407402
9.190931318070682,4.517670593465215,0.22019933394325553,447,0.005655652437446571,0.4007452024507807,0.04914709249106125,0.2876220181643451
8.443257082428897,3.914584145006586,0.23514513149080676,447,0.005655652437446571,0.4007452024507807,0.04914709249106125,0.2876220181643451
9.109619520878143,4.526069865756879,0.2198049079424939,447,0.005655652437446571,0.4007452024507807,0.04914709249106125,0.2876220181643451
2.4199974058220763,0.048177590008709026,0.12446237639376806,448,6.795165900465686e-4,0.14130553151284128,0.10102579691292853,0.2607281751771133
2.425342047284913,0.037028122859311646,0.07221552488550109,448,6.795165900465686e-4,0.14130553151284128,0.10102579691292853,0.2607281751771133
2.412244218931958,0.031423871051220915,0.11713940845034325,448,6.795165900465686e-4,0.14130553151284128,0.10102579691292853,0.2607281751771133
9.128999962920389,1.6834142904816642,0.29919939336076146,449,0.009619093374528789,0.7423584250757826,0.2779487304723207,0.15622913099258656
9.73446411376935,1.9054144137471296,0.2800646837325188,449,0.009619093374528789,0.7423584250757826,0.2779487304723207,0.15622913099258656
9.341880975320537,1.7434966278811235,0.2973390946814124,449,0.009619093374528789,0.7423584250757826,0.2779487304723207,0.15622913099258656
8.209882265690183,2.360248447204969,0.3783286806208765,450,0.006694400492691274,0.3862746869086137,0.15635312727686262,0.47031861267198616
8.53534513045247,2.7551265694051517,0.3787481738923684,450,0.006694400492691274,0.3862746869086137,0.15635312727686262,0.47031861267198616
8.18040262484707,2.8287546806065325,0.3702031248818402,450,0.006694400492691274,0.3862746869086137,0.15635312727686262,0.47031861267198616
7.314578956175744,2.6123496272056226,0.3781419010102459,451,0.005294861030143475,0.38187910957049,0.107149951487591,0.4949195591600771
7.428963318566847,2.5041241126207114,0.33226283308600413,451,0.005294861030143475,0.38187910957049,0.107149951487591,0.4949195591600771
7.4704649566943,2.4388434503607264,0.3595159582175631,451,0.005294861030143475,0.38187910957049,0.107149951487591,0.4949195591600771
12.41424068236603,7.12775820508066,0.16207701754188422,452,0.009157365687361934,0.3641326082264033,0.0495611635383037,0.1892531436552885
12.7122720041437,7.460505383107033,0.1531382554717598,452,0.009157365687361934,0.3641326082264033,0.0495611635383037,0.1892531436552885
12.43397968605725,7.144967682363804,0.14324843784751826,452,0.009157365687361934,0.3641326082264033,0.0495611635383037,0.1892531436552885
7.315260409892417,1.153867593229157,0.24349377726538637,453,0.006204226149823293,0.5408991697493539,0.19798940850230798,0.1171201805493323
7.567817794648643,1.3424682899731506,0.26375813358901584,453,0.006204226149823293,0.5408991697493539,0.19798940850230798,0.1171201805493323
7.713926484727461,1.3127727239109532,0.26129604804130246,453,0.006204226149823293,0.5408991697493539,0.19798940850230798,0.1171201805493323
2.1873901215833595,0.009252919296037899,0.13966977421936877,454,8.032831915381607e-4,0.3486088463362866,0.292331475288362,0.240773316445027
2.1990847953758084,0.0055579228189784535,0.02618713370532564,454,8.032831915381607e-4,0.3486088463362866,0.292331475288362,0.240773316445027
2.091127986664197,0.0037043897017966293,0.016304813956041678,454,8.032831915381607e-4,0.3486088463362866,0.292331475288362,0.240773316445027
8.344593969235326,2.3341909927253206,0.3558594321181168,455,0.007823628752332829,0.41296334832356707,0.20019883509756944,0.48052193474689564
8.115183246073299,2.426571608926516,0.3813076424745329,455,0.007823628752332829,0.41296334832356707,0.20019883509756944,0.48052193474689564
8.382704691812327,2.5243790248390066,0.39041775983371624,455,0.007823628752332829,0.41296334832356707,0.20019883509756944,0.48052193474689564
7.540033945834256,1.6511696553759871,0.25939188469713753,456,0.0050330616503201486,0.47082633979895133,0.13790781141603944,0.17320749974510632
7.443874812607578,1.6194406914549055,0.27775190356834134,456,0.0050330616503201486,0.47082633979895133,0.13790781141603944,0.17320749974510632
7.8155905133371535,1.6451928942455218,0.2665779688768549,456,0.0050330616503201486,0.47082633979895133,0.13790781141603944,0.17320749974510632
6.195624005034986,0.8903779941505313,0.2736623884353379,457,0.005346594972557331,0.5716505442986529,0.20987133120727652,0.16964694719914464
6.067394926865395,0.9090909090909091,0.3111704622797376,457,0.005346594972557331,0.5716505442986529,0.20987133120727652,0.16964694719914464
6.3261968480523345,0.8604668450787987,0.281246488432551,457,0.005346594972557331,0.5716505442986529,0.20987133120727652,0.16964694719914464
10.325996099191975,3.7577783969536545,0.35895147195129284,458,0.008174324829657461,0.22789391600571915,0.13160431109454873,0.254470025126302
11.395815526403807,4.080419190605373,0.30488778677490463,458,0.008174324829657461,0.22789391600571915,0.13160431109454873,0.254470025126302
10.96905688345377,4.193070224198628,0.3353427423990477,458,0.008174324829657461,0.22789391600571915,0.13160431109454873,0.254470025126302
6.410137306999126,3.047137734341614,0.3651599049226282,459,0.00483682935965725,0.08899710106463105,0.06397808249980239,0.5515649549256803
5.459402303967945,2.528428589979038,0.4311311084809656,459,0.00483682935965725,0.08899710106463105,0.06397808249980239,0.5515649549256803
6.087776380980552,2.861791022702063,0.4102391584461969,459,0.00483682935965725,0.08899710106463105,0.06397808249980239,0.5515649549256803
10.284398901017301,4.802480136630281,0.21431355352065687,460,0.00793888204993854,0.039285891543018044,0.09214600692185794,0.12316492535600078
10.305484670291062,4.67472909501091,0.19666407753564227,460,0.00793888204993854,0.039285891543018044,0.09214600692185794,0.12316492535600078
10.41855308140072,4.518155779358772,0.21627806329493926,460,0.00793888204993854,0.039285891543018044,0.09214600692185794,0.12316492535600078
2.584882967897123,0.05365898788046998,0.22575694716183603,461,0.0011995568288275555,0.39703613859217546,0.12916488741671123,0.3687616820685635
2.6606304618067798,0.08720336938976195,0.1838200290731817,461,0.0011995568288275555,0.39703613859217546,0.12916488741671123,0.3687616820685635
2.5632459119847057,0.07424318354771052,0.18938306111284844,461,0.0011995568288275555,0.39703613859217546,0.12916488741671123,0.3687616820685635
3.462552448850767,0.3750324904385281,0.3553380035211165,462,0.0021425372794381704,0.5651125255840378,0.1330599406865583,0.46188507621923836
3.4366426929635945,0.32438644620745904,0.32267149179344606,462,0.0021425372794381704,0.5651125255840378,0.1330599406865583,0.46188507621923836
3.669555255815672,0.3067201271225587,0.24237626065270582,462,0.0021425372794381704,0.5651125255840378,0.1330599406865583,0.46188507621923836
6.131716991973901,1.2048416096683905,0.31318800090314625,463,0.004773122429104864,0.5109291713389726,0.15131371673039465,0.3084224724331578
6.475179403713842,1.2835688392394762,0.3598157707810377,463,0.004773122429104864,0.5109291713389726,0.15131371673039465,0.3084224724331578
6.259022097198061,1.276973757263945,0.3438971673924505,463,0.004773122429104864,0.5109291713389726,0.15131371673039465,0.3084224724331578
2.9944444444444445,0.4037037037037037,0.31299500192402735,464,0.0010604857794430673,0.3869238401949776,0.04398132753747425,0.5610355288943719
2.8930536962665476,0.381154246616094,0.3060795271344252,464,0.0010604857794430673,0.3869238401949776,0.04398132753747425,0.5610355288943719
2.8109914593390273,0.35833642777571484,0.2802865241727452,464,0.0010604857794430673,0.3869238401949776,0.04398132753747425,0.5610355288943719
10.881828978622329,2.820665083135392,0.315041929909107,465,0.00990987948171211,0.5844767471708273,0.2615224181177707,0.27302107007437915
10.396213507866955,2.525560670771165,0.3003144755543909,465,0.00990987948171211,0.5844767471708273,0.2615224181177707,0.27302107007437915
10.398279314692575,2.3807757917377437,0.3179038245465007,465,0.00990987948171211,0.5844767471708273,0.2615224181177707,0.27302107007437915
9.494878396651044,2.04308444625558,0.3168042316571348,466,0.009721949685403504,0.6121859237865248,0.2996691970646365,0.3097139663809224
9.115251795904046,2.0904507765322893,0.34804690538538074,466,0.009721949685403504,0.6121859237865248,0.2996691970646365,0.3097139663809224
8.991911546452954,1.8273226476699318,0.3174189785444823,466,0.009721949685403504,0.6121859237865248,0.2996691970646365,0.3097139663809224
2.291055037348099,0.035304173324909885,0.11999562882174344,467,7.638105514628335e-4,0.4127744915562437,0.15507292087310168,0.5523310509009424
2.3536612508346315,0.014837895986349135,0.09903644374066559,467,7.638105514628335e-4,0.4127744915562437,0.15507292087310168,0.5523310509009424
2.230448866265618,0.02961591855622397,0.0816920990853541,467,7.638105514628335e-4,0.4127744915562437,0.15507292087310168,0.5523310509009424
2.1964206478331607,0.007395355716609969,0.12451083232161879,468,8.672300098426273e-4,0.18490630166151348,0.2762032713765,0.5289170686888394
2.2612692763938314,0.01668149466192171,0.15005455331606543,468,8.672300098426273e-4,0.18490630166151348,0.2762032713765,0.5289170686888394
2.214773800485176,0.014814540471472749,0.18622977063274268,468,8.672300098426273e-4,0.18490630166151348,0.2762032713765,0.5289170686888394
2.8937776379817564,0.06660869243436268,0.32308094619791544,469,0.0017538124706579824,0.233800274280472,0.25134847852412695,0.19920401443597746
2.921115065243179,0.06487247924080664,0.2730859967299178,469,0.0017538124706579824,0.233800274280472,0.25134847852412695,0.19920401443597746
2.7574885642614726,0.06086764054891545,0.2792103707518557,469,0.0017538124706579824,0.233800274280472,0.25134847852412695,0.19920401443597746
6.1922707455848665,2.0856425035099386,0.3229755616547196,470,0.004764719205224327,0.6872205701986978,0.10766100960864919,0.532089637819362
6.297724071465639,2.0646452665134554,0.3550246937849702,470,0.004764719205224327,0.6872205701986978,0.10766100960864919,0.532089637819362
6.845408928472235,2.1089858722017514,0.30076331342841167,470,0.004764719205224327,0.6872205701986978,0.10766100960864919,0.532089637819362
3.3824321563237176,0.36591934914649776,0.3129684481094324,471,0.0023847554102607834,0.15305000390727094,0.15858434569918176,0.546558912606969
3.1550881350910975,0.3499481558287661,0.34271212323637507,471,0.0023847554102607834,0.15305000390727094,0.15858434569918176,0.546558912606969
3.26440778279204,0.39024931567655546,0.345274602140531,471,0.0023847554102607834,0.15305000390727094,0.15858434569918176,0.546558912606969
3.962166746561451,0.39086986983295846,0.33377897123707484,472,0.003299648174160817,0.3805576477097326,0.23259156766558206,0.38168349296091275
3.8109333086670985,0.2571454999537508,0.30224409986646694,472,0.003299648174160817,0.3805576477097326,0.23259156766558206,0.38168349296091275
3.6056578239994064,0.21689561203492574,0.2787880425208092,472,0.003299648174160817,0.3805576477097326,0.23259156766558206,0.38168349296091275
5.3690654534021345,2.1583532153359597,0.35132164244532194,473,0.0036245593670542237,0.19687886632764812,0.05747730349080617,0.49622960063064403
5.764499121265378,2.2643603736934605,0.38583353098706,473,0.0036245593670542237,0.19687886632764812,0.05747730349080617,0.49622960063064403
5.583163359910995,2.4550343037270537,0.39805635995903726,473,0.0036245593670542237,0.19687886632764812,0.05747730349080617,0.49622960063064403
10.830755469419701,6.494353546271105,0.16991602375543838,474,0.008897521759077098,0.6184825896854464,0.03740253806573523,0.2536873605723891
11.037204476395168,6.72570962721411,0.1598848824175137,474,0.008897521759077098,0.6184825896854464,0.03740253806573523,0.2536873605723891
10.925771476230192,6.551756093040496,0.15937301697368306,474,0.008897521759077098,0.6184825896854464,0.03740253806573523,0.2536873605723891
5.06582978960465,1.4688678018978292,0.30303859979083636,475,0.002887772803813393,0.06642608386851509,0.06617171454097065,0.260339914343949
5.027267481899232,1.4313101420142573,0.23333651790968182,475,0.002887772803813393,0.06642608386851509,0.06617171454097065,0.260339914343949
5.233503288258332,1.605335106776029,0.23430751235846214,475,0.002887772803813393,0.06642608386851509,0.06617171454097065,0.260339914343949
10.113091030839627,3.199285740857855,0.27325748954881746,476,0.0072847168788363025,0.5723835231400498,0.1501825470938277,0.2520993487529142
9.58561231111523,2.7885417632335217,0.2886732124678108,476,0.0072847168788363025,0.5723835231400498,0.1501825470938277,0.2520993487529142
10.697864135271432,3.4225749035894393,0.27782600937796975,476,0.0072847168788363025,0.5723835231400498,0.1501825470938277,0.2520993487529142
5.9988890946121085,2.1440473986298834,0.3636721435501228,477,0.003821792571091293,0.2583016192835609,0.08691826886474154,0.5346718466635199
5.313401909272553,1.6761636942203804,0.37231770322137026,477,0.003821792571091293,0.2583016192835609,0.08691826886474154,0.5346718466635199
5.3354336545589325,1.9644180874722017,0.3819126717815314,477,0.003821792571091293,0.2583016192835609,0.08691826886474154,0.5346718466635199
1.9565378350362803,0,NA,478,1.884861777548504e-4,0.6044893278120506,0.24921243484741695,0.20958356417095786
2.015860075594753,0,NA,478,1.884861777548504e-4,0.6044893278120506,0.24921243484741695,0.20958356417095786
2.010022374674088,0,NA,478,1.884861777548504e-4,0.6044893278120506,0.24921243484741695,0.20958356417095786
3.7711746737017493,0.21290382301212626,0.2646185636961532,479,0.002976190058758374,0.5432731567418242,0.19485311731683289,0.17872703947946994
4.1826362272954505,0.28328611898017,0.2553862939544936,479,0.002976190058758374,0.5432731567418242,0.19485311731683289,0.17872703947946994
3.824773302306684,0.24008717011099415,0.22134335057817894,479,0.002976190058758374,0.5432731567418242,0.19485311731683289,0.17872703947946994
7.280931424433179,1.9906040517705608,0.40533468668041933,480,0.00836738992026474,0.06105812524913114,0.2702981954189075,0.42850154275734
6.994640903443544,2.2103955347043227,0.43724854209163255,480,0.00836738992026474,0.06105812524913114,0.2702981954189075,0.42850154275734
8.33256197123128,2.439972601218135,0.4100595199891226,480,0.00836738992026474,0.06105812524913114,0.2702981954189075,0.42850154275734
2.155541491381557,0.1396076095454376,0.16937774110698453,481,2.9230405827966615e-4,0.6219271791542074,0.012926879331653682,0.4601020495177308
2.2271260616400252,0.13722508622927718,0.22906350229995165,481,2.9230405827966615e-4,0.6219271791542074,0.012926879331653682,0.4601020495177308
2.336881931822397,0.15208279238844172,0.201242062480981,481,2.9230405827966615e-4,0.6219271791542074,0.012926879331653682,0.4601020495177308
4.289060757046181,0.338365434669443,0.28709415530605004,482,0.0042447490577837,0.767247353025584,0.29057258358669874,0.28997748522444555
4.452968645763843,0.3409680527759247,0.27736425615969734,482,0.0042447490577837,0.767247353025584,0.29057258358669874,0.28997748522444555
4.305059000055573,0.32788099957393996,0.23718064711895656,482,0.0042447490577837,0.767247353025584,0.29057258358669874,0.28997748522444555
7.8196769891835824,2.176248333086383,0.3741885351848069,483,0.00787875588023598,0.46225643831988317,0.2506166896173431,0.5702993301493723
7.546048722519311,2.131610219845514,0.43074530326014426,483,0.00787875588023598,0.46225643831988317,0.2506166896173431,0.5702993301493723
7.538769755880388,1.9867181123395412,0.403375655381662,483,0.00787875588023598,0.46225643831988317,0.2506166896173431,0.5702993301493723
4.689466281738101,1.1621881708490636,0.4640638557085416,484,0.005792253321220329,0.31152907870664465,0.28163286482208316,0.5700547058068632
5.403599925774726,1.2933753943217667,0.4268659376264163,484,0.005792253321220329,0.31152907870664465,0.28163286482208316,0.5700547058068632
5.3959225882700546,0.9122470084207416,0.31634866447167764,484,0.005792253321220329,0.31152907870664465,0.28163286482208316,0.5700547058068632
7.189131159071558,2.8134601858364494,0.40501178204948995,485,0.005797298246956905,0.12605213164790616,0.10374931108901667,0.5053095870894366
7.325925925925926,3.107407407407407,0.4113401232989638,485,0.005797298246956905,0.12605213164790616,0.10374931108901667,0.5053095870894366
6.872992592317546,2.788556151718248,0.39802111912603605,485,0.005797298246956905,0.12605213164790616,0.10374931108901667,0.5053095870894366
3.3684718458854532,0.2041498088415426,0.2521282866575412,486,0.0023362037297176143,0.22245125283251066,0.23530023156722268,0.39493275933107685
2.955976010546447,0.07241398518298457,0.2287776368923837,486,0.0023362037297176143,0.22245125283251066,0.23530023156722268,0.39493275933107685
3.0090791180285343,0.15934778580692976,0.311172311637542,486,0.0023362037297176143,0.22245125283251066,0.23530023156722268,0.39493275933107685
6.332107684632582,1.6795698527373848,0.4500037724953626,487,0.007131362874834677,0.1121172970441165,0.2235388142047621,0.42010351519136024
6.551749593976082,1.9673704414587334,0.4373342499751164,487,0.007131362874834677,0.1121172970441165,0.2235388142047621,0.42010351519136024
6.352322394251426,1.9705163345432997,0.4663264855952784,487,0.007131362874834677,0.1121172970441165,0.2235388142047621,0.42010351519136024
12.990510149126228,5.5081991568703925,0.30463130095630253,488,0.00846914139845907,0.3091333738294761,0.11828074676273283,0.3528096721704146
12.551844171233892,5.171456080580654,0.28714500967380896,488,0.00846914139845907,0.3091333738294761,0.11828074676273283,0.3528096721704146
12.04984101160985,5.054351845004806,0.31977628867570435,488,0.00846914139845907,0.3091333738294761,0.11828074676273283,0.3528096721704146
2.2057867058145804,0.018582870310148106,0.39884589236001644,489,5.661345500862196e-4,0.14850108057452013,0.14439093675075912,0.5041231242142641
2.2239917040109627,0.01666604940557757,0.15034305937238168,489,5.661345500862196e-4,0.14850108057452013,0.14439093675075912,0.5041231242142641
2.105224005504826,0.018597385207639806,0.18676678545814862,489,5.661345500862196e-4,0.14850108057452013,0.14439093675075912,0.5041231242142641
4.892382417826885,0.45976159136834693,0.29123103946490453,490,0.004551082823105442,0.3788150544263263,0.2677708748021028,0.5261470050873648
4.33628975396148,0.4286191412773222,0.35367802340060955,490,0.004551082823105442,0.3788150544263263,0.2677708748021028,0.5261470050873648
4.648190003334692,0.5428137389306755,0.3115794528475651,490,0.004551082823105442,0.3788150544263263,0.2677708748021028,0.5261470050873648
10.575197498658675,5.026734010471592,0.3070782134320969,491,0.00738037762584131,0.2818304902456566,0.0761148202656495,0.441539716706672
10.200489178772607,4.880670026682479,0.3332622454961439,491,0.00738037762584131,0.2818304902456566,0.0761148202656495,0.441539716706672
10.045585946186346,4.805055221999852,0.34001838410351243,491,0.00738037762584131,0.2818304902456566,0.0761148202656495,0.441539716706672
3.1619747042023665,0.10756277586142947,0.1977062331755109,492,0.0025741072989567924,0.573433004895706,0.25245872870353414,0.2900540939604984
3.1764312516253668,0.11331129026265929,0.19263522626140536,492,0.0025741072989567924,0.573433004895706,0.25245872870353414,0.2900540939604984
3.2926289382424554,0.10145355271895522,0.1745462395594868,492,0.0025741072989567924,0.573433004895706,0.25245872870353414,0.2900540939604984
6.156643719963632,1.4621564952776798,0.34355974070635237,493,0.005147453728288034,0.14438131014614194,0.17293961606254807,0.36627631168474284
5.908627560003707,1.3029376332128626,0.3730113179312056,493,0.005147453728288034,0.14438131014614194,0.17293961606254807,0.36627631168474284
5.912686677509981,1.397308886588792,0.3571349381680674,493,0.005147453728288034,0.14438131014614194,0.17293961606254807,0.36627631168474284
4.939026650357685,1.0674969420660514,0.41680986858297353,494,0.005416991737842161,0.223743592793743,0.2425128176884414,0.5303652053968895
5.521198952587888,1.1049826359871486,0.4317057105422471,494,0.005416991737842161,0.223743592793743,0.2425128176884414,0.5303652053968895
5.312407352505188,0.9894752445893863,0.35758032929816813,494,0.005416991737842161,0.223743592793743,0.2425128176884414,0.5303652053968895
6.961485710049302,1.8330429625236313,0.4088026968228398,495,0.006292134499820876,0.4416160665117535,0.19193790188131007,0.5576741139628496
6.7605112057788475,1.8410816817929245,0.3730011180338026,495,0.006292134499820876,0.4416160665117535,0.19193790188131007,0.5576741139628496
6.804502897904592,1.6923019765195422,0.3666057083781084,495,0.006292134499820876,0.4416160665117535,0.19193790188131007,0.5576741139628496
5.682260305697082,0.9874942102825381,0.3124922139496671,496,0.004846253152475845,0.11672653394730742,0.18270833457199243,0.19336033973818428
5.526169779914925,0.900684298132051,0.33832371564550706,496,0.004846253152475845,0.11672653394730742,0.18270833457199243,0.19336033973818428
6.022219337129291,1.079436912291114,0.273687699359625,496,0.004846253152475845,0.11672653394730742,0.18270833457199243,0.19336033973818428
6.178142299076148,1.78105270953289,0.37223033785008497,497,0.0038791346216714017,0.3588615295112129,0.09012813783405643,0.4441578957915405
5.895527913519917,1.7954982970531614,0.33243750767205316,497,0.0038791346216714017,0.3588615295112129,0.09012813783405643,0.4441578957915405
5.832886687489604,1.733601936902804,0.3917504201893881,497,0.0038791346216714017,0.3588615295112129,0.09012813783405643,0.4441578957915405
7.759528516267297,4.718532340606352,0.11178418806196577,498,0.00681266680989291,0.6580940081001153,0.022226511380429,0.12435262677384223
8.006081507027108,4.8503726777172105,0.09771442940385769,498,0.00681266680989291,0.6580940081001153,0.022226511380429,0.12435262677384223
7.638220709051883,4.670268669972615,0.11701561852775974,498,0.00681266680989291,0.6580940081001153,0.022226511380429,0.12435262677384223
5.014411351710886,0.4083216318084399,0.236992468357658,499,0.004627020033639895,0.6508358672666039,0.2567280122519998,0.2462472136876128
5.062705782250009,0.418038548333395,0.29164164770771595,499,0.004627020033639895,0.6508358672666039,0.2567280122519998,0.2462472136876128
4.88427596159183,0.4347745647629091,0.2754790007768107,499,0.004627020033639895,0.6508358672666039,0.2567280122519998,0.2462472136876128
3.6433347533756875,0.2741299153531275,0.3253508200995294,500,0.003299055571249584,0.3941702776559205,0.2925217947327842,0.5693073544455529
3.4239715101828843,0.2114478614089105,0.3506611208954881,500,0.003299055571249584,0.3941702776559205,0.2925217947327842,0.5693073544455529
3.2198371576609914,0.24981495188749073,0.36088786635229153,500,0.003299055571249584,0.3941702776559205,0.2925217947327842,0.5693073544455529
7.752815242194313,4.357827950206853,0.20170719088270989,501,0.005894685493804185,0.45388638191119945,0.030290118914643473,0.3953759980011283
8.132496565041405,4.4914404545285755,0.21722060422369688,501,0.005894685493804185,0.45388638191119945,0.030290118914643473,0.3953759980011283
7.945965951147298,4.552183567727609,0.19647404455105447,501,0.005894685493804185,0.45388638191119945,0.030290118914643473,0.3953759980011283
12.538237638814214,6.750217838669609,0.2014563014565072,502,0.008803613612230782,0.4583927311342415,0.0642159853332967,0.4638762814659315
12.321076700003717,6.55649328921441,0.23063823080713042,502,0.008803613612230782,0.4583927311342415,0.0642159853332967,0.4638762814659315
12.776258407864589,6.857491314953064,0.2053823551334686,502,0.008803613612230782,0.4583927311342415,0.0642159853332967,0.4638762814659315
2.2068761224149744,0.007405624571862329,0.2266295551815323,503,4.1857880006180854e-4,0.26377394042559427,0.13456461110604906,0.48127715345603606
2.114589925914895,0.0037228695878783365,0.1449317270341091,503,4.1857880006180854e-4,0.26377394042559427,0.13456461110604906,0.48127715345603606
2.195845697329377,0.007418397626112759,0.08958093316626757,503,4.1857880006180854e-4,0.26377394042559427,0.13456461110604906,0.48127715345603606
6.077994428969359,0.8207985143918292,0.32131164513100086,504,0.0053290331173778726,0.1362148514792065,0.22474840375074837,0.12622531446508725
5.7309031636659995,0.8224049788841965,0.3276800888740089,504,0.0053290331173778726,0.1362148514792065,0.22474840375074837,0.12622531446508725
6.038436542568007,0.8949958221149382,0.28684353870670776,504,0.0053290331173778726,0.1362148514792065,0.22474840375074837,0.12622531446508725
11.101649419648641,3.9449082730150504,0.3458908700655237,505,0.009450815505294509,0.04840803511181645,0.18103883749015587,0.18511354918675924
10.403982456465014,3.529063419508855,0.3185060716855812,505,0.009450815505294509,0.04840803511181645,0.18103883749015587,0.18511354918675924
11.084005288739082,4.173262071919403,0.34605461899038104,505,0.009450815505294509,0.04840803511181645,0.18103883749015587,0.18511354918675924
3.862319243089115,0.17774815308559683,0.21458510685350018,506,0.003084179989879355,0.4924347883151929,0.27512675875247594,0.18227853793975338
3.318423934225423,0.08722926449026559,0.17005536449716277,506,0.003084179989879355,0.4924347883151929,0.27512675875247594,0.18227853793975338
3.6374456056830438,0.1487707814185294,0.24326324611960234,506,0.003084179989879355,0.4924347883151929,0.27512675875247594,0.18227853793975338
5.865211500269131,2.050967945505503,0.3449180689086647,507,0.004758365407991225,0.039500983109745313,0.1038041741077947,0.3746784967913124
5.945785699727631,2.080747067869782,0.32685086722911894,507,0.004758365407991225,0.039500983109745313,0.1038041741077947,0.3746784967913124
6.480293138403735,2.241318378810706,0.2711087970316401,507,0.004758365407991225,0.039500983109745313,0.1038041741077947,0.3746784967913124
8.960261093700742,2.688820071578245,0.3486659087205136,508,0.008714019139883105,0.7025818433000296,0.2555984723671531,0.5739595633194757
9.16192389242272,2.334188892608712,0.34038790255934465,508,0.008714019139883105,0.7025818433000296,0.2555984723671531,0.5739595633194757
7.91985791985792,2.2977022977022976,0.3273491210337447,508,0.008714019139883105,0.7025818433000296,0.2555984723671531,0.5739595633194757
2.501348310427554,0.02603633929069573,0.18789927130833622,509,0.0011488964825334188,0.21230663046235665,0.2425520551579137,0.4351459982130601
2.476321106188949,0.025949472669644674,0.26592500262498575,509,0.0011488964825334188,0.21230663046235665,0.2425520551579137,0.4351459982130601
2.4051546964394825,0.025921605658316207,0.272538725527132,509,0.0011488964825334188,0.21230663046235665,0.2425520551579137,0.4351459982130601
4.799836979678035,1.2319149330319927,0.3429846308240369,510,0.005876394301254771,0.06548544615995437,0.29021746469084936,0.5840399558144415
5.184485441209158,1.085426391049863,0.4019150181376705,510,0.005876394301254771,0.06548544615995437,0.29021746469084936,0.5840399558144415
4.942308764237008,1.1371026179372363,0.4532289699362731,510,0.005876394301254771,0.06548544615995437,0.29021746469084936,0.5840399558144415
9.04434335589334,2.89951551462702,0.43168236031080776,511,0.008543653508434057,0.1332133024251943,0.20315971862460055,0.3584678556912845
9.10117769054144,2.9145989185986223,0.41218874056704746,511,0.008543653508434057,0.1332133024251943,0.20315971862460055,0.3584678556912845
8.5757021771647,2.653592598747992,0.446856290908461,511,0.008543653508434057,0.1332133024251943,0.20315971862460055,0.3584678556912845
11.118299445471349,4.441774491682071,0.4062443596031357,512,0.009104559604019952,0.27457077622197607,0.15438773974605136,0.597183711713695
10.420526120785475,4.257132271211559,0.41336379341759727,512,0.009104559604019952,0.27457077622197607,0.15438773974605136,0.597183711713695
9.880727488239433,4.157869392895507,0.4445502414820035,512,0.009104559604019952,0.27457077622197607,0.15438773974605136,0.597183711713695
2.805492075878342,0.02786912658157293,0.15770235258473123,513,0.001714430685760822,0.6915175040801151,0.2812350062157217,0.23398206626723284
2.816718587746625,0.04635810710577066,0.1681215852913521,513,0.001714430685760822,0.6915175040801151,0.2812350062157217,0.23398206626723284
2.769717261904762,0.027901785714285712,0.25826845525112363,513,0.001714430685760822,0.6915175040801151,0.2812350062157217,0.23398206626723284
5.467434155731182,0.8902626367321254,0.22017071203228858,514,0.0031895111462609655,0.7689938304831081,0.10449108127135433,0.10596773164376808
5.0650799553737444,0.7735217552993677,0.26385219132493404,514,0.0031895111462609655,0.7689938304831081,0.10449108127135433,0.10596773164376808
5.223561755800345,0.9027919677521223,0.20705804651839954,514,0.0031895111462609655,0.7689938304831081,0.10449108127135433,0.10596773164376808
6.034211742949607,3.08830328247804,0.13666401605369588,515,0.004023732556248171,0.69258248248537,0.0205092458347611,0.2528559933169854
6.192626591649393,3.1925525614450696,0.151160859264608,515,0.004023732556248171,0.69258248248537,0.0205092458347611,0.2528559933169854
6.142006142006142,3.1246531246531246,0.14280567308983014,515,0.004023732556248171,0.69258248248537,0.0205092458347611,0.2528559933169854
8.62889633841424,2.4577260015187155,0.3531844986488558,516,0.007871832954078273,0.7610550472278731,0.19947687439648198,0.5908091295716118
8.388508688959364,2.7077653517313003,0.3220725956585936,516,0.007871832954078273,0.7610550472278731,0.19947687439648198,0.5908091295716118
8.648218122545751,2.6394754389864414,0.3117442805656464,516,0.007871832954078273,0.7610550472278731,0.19947687439648198,0.5908091295716118
3.9115332027641254,0.5506078858874395,0.34813002659415554,517,0.0037423585211882773,0.38609872765572173,0.24909528319999083,0.5828954812703329
3.710843373493976,0.5375347544022243,0.40702106902798263,517,0.0037423585211882773,0.38609872765572173,0.24909528319999083,0.5828954812703329
4.116361750981409,0.5388489741500629,0.3753502169954767,517,0.0037423585211882773,0.38609872765572173,0.24909528319999083,0.5828954812703329
6.030178733829507,0.9781176339575716,0.36472455213380084,518,0.00639137014965643,0.3151968559159306,0.2856766880840881,0.44706339500592707
5.6124523976781155,0.9021333234739528,0.3630746565501749,518,0.00639137014965643,0.3151968559159306,0.2856766880840881,0.44706339500592707
6.519357534119395,1.2515086807167393,0.34348616409484,518,0.00639137014965643,0.3151968559159306,0.2856766880840881,0.44706339500592707
8.058221901644195,1.9456620244502394,0.3459631124424942,519,0.0073520724403744265,0.19412716598679558,0.21075605925108779,0.2555055323627663
8.199422393364928,1.8124259478672986,0.3497092552633889,519,0.0073520724403744265,0.19412716598679558,0.21075605925108779,0.2555055323627663
7.921122375224717,1.938580721685787,0.3593949945320093,519,0.0073520724403744265,0.19412716598679558,0.21075605925108779,0.2555055323627663
2.589398089879322,0.15362404679055305,0.2075348083025837,520,6.162933139570545e-4,0.49663314188357766,0.02974740787815788,0.30491412971684223
2.556828716579523,0.2002447435754811,0.18619551579001967,520,6.162933139570545e-4,0.49663314188357766,0.02974740787815788,0.30491412971684223
2.507350085982138,0.18120966698101,0.2041330495473624,520,6.162933139570545e-4,0.49663314188357766,0.02974740787815788,0.30491412971684223
9.474249523139317,2.5037500694457306,0.3985794771568804,521,0.008957187180196618,0.3126555556972408,0.23236433468567713,0.3202157971460572
9.755196987039842,2.7083410257357015,0.3779597948056537,521,0.008957187180196618,0.3126555556972408,0.23236433468567713,0.3202157971460572
10.125973473427182,2.595312528903605,0.35346593539300114,521,0.008957187180196618,0.3126555556972408,0.23236433468567713,0.3202157971460572
8.27537602700347,2.0493703518240323,0.32361074014350644,522,0.007057092121773205,0.42334603947959293,0.1916829315899056,0.2997860972898799
8.564909286535821,1.9663859310651874,0.34109974066265336,522,0.007057092121773205,0.42334603947959293,0.1916829315899056,0.2997860972898799
7.466251874895839,1.9221154380312206,0.3437728981304292,522,0.007057092121773205,0.42334603947959293,0.1916829315899056,0.2997860972898799
5.742106925835764,1.648300596510137,0.35790090815676523,523,0.0035445445816184567,0.6160700932477088,0.0884223875035198,0.498339784786728
6.030178630866526,1.6790561781130957,0.28622318062296465,523,0.0035445445816184567,0.6160700932477088,0.0884223875035198,0.498339784786728
5.844926729734743,1.600816175106659,0.29760810648394004,523,0.0035445445816184567,0.6160700932477088,0.0884223875035198,0.498339784786728
2.483633539224026,0.051780892850538156,0.23040939187119902,524,7.517328640353951e-4,0.32204064870822596,0.10754742083602202,0.2780691992115214
2.284527518172378,0.0352321614003857,0.21595266301754465,524,7.517328640353951e-4,0.32204064870822596,0.10754742083602202,0.2780691992115214
2.4573971161124755,0.042464412975647584,0.17180331461772527,524,7.517328640353951e-4,0.32204064870822596,0.10754742083602202,0.2780691992115214
3.130963188024529,0.21120106712118122,0.2912506097899575,525,0.002213862398751867,0.2354348995188389,0.1806706677515756,0.43788463770877684
3.234092883147604,0.20882999759753101,0.22720101598199202,525,0.002213862398751867,0.2354348995188389,0.1806706677515756,0.43788463770877684
3.3137211367673176,0.23127590290112493,0.294579927183818,525,0.002213862398751867,0.2354348995188389,0.1806706677515756,0.43788463770877684
6.376124708408931,1.1534046728625913,0.3832099519108574,526,0.005980896159081348,0.5075222382239593,0.26013473594515235,0.39934250779059755
5.980275841613524,0.8601512679816105,0.3299018539041932,526,0.005980896159081348,0.5075222382239593,0.26013473594515235,0.39934250779059755
5.870805244832951,0.824135121120083,0.2884199173879751,526,0.005980896159081348,0.5075222382239593,0.26013473594515235,0.39934250779059755
2.5305895439377086,0.146459028550241,0.2539339327612826,527,6.75596851046231e-4,0.5878397961777351,0.04755746998869669,0.3533130665982882
2.6140279373077924,0.11671421690318277,0.2864950216136663,527,6.75596851046231e-4,0.5878397961777351,0.04755746998869669,0.3533130665982882
2.5037064492216454,0.12601927353595255,0.21461309551339083,527,6.75596851046231e-4,0.5878397961777351,0.04755746998869669,0.3533130665982882
8.757151056227205,2.2938922111343567,0.3326537329739028,528,0.0067539529793016195,0.41997640211020876,0.1627586713116159,0.27363757212101836
8.78158109209454,2.4486923019930353,0.3258760191320494,528,0.0067539529793016195,0.41997640211020876,0.1627586713116159,0.27363757212101836
9.137899206202697,2.5106147314011444,0.3079607461195598,528,0.0067539529793016195,0.41997640211020876,0.1627586713116159,0.27363757212101836
5.936318481725851,2.2221810364000296,0.3212807648574745,529,0.0033170350943560016,0.4397571290539306,0.05346395159617577,0.5253569246442618
5.64496623067334,2.241985599196234,0.32683393295424346,529,0.0033170350943560016,0.4397571290539306,0.05346395159617577,0.5253569246442618
5.494362854175938,2.149161845423528,0.3302449722487074,529,0.0033170350943560016,0.4397571290539306,0.05346395159617577,0.5253569246442618
2.972186706691126,0.29462449274556674,0.2678497459420992,530,9.639098962054726e-4,0.42261638396983225,0.0504542314923555,0.4575621552003847
2.8068417928168596,0.30424458296230333,0.3228635827281186,530,9.639098962054726e-4,0.42261638396983225,0.0504542314923555,0.4575621552003847
2.797021450005557,0.21301818990108545,0.25689418485074184,530,9.639098962054726e-4,0.42261638396983225,0.0504542314923555,0.4575621552003847
11.61070847507765,6.6890992456737175,0.22213022442099725,531,0.009693124554159565,0.6350393047761581,0.05190303364205896,0.549934284572101
11.71576929519272,6.813571308927807,0.20653011751941053,531,0.009693124554159565,0.6350393047761581,0.05190303364205896,0.549934284572101
12.015144204001336,6.981923462380759,0.21102827438738306,531,0.009693124554159565,0.6350393047761581,0.05190303364205896,0.549934284572101
13.98349004220034,6.84459909676464,0.18764692381927423,532,0.009136680541660069,0.6021040220832539,0.08674178404554052,0.4018292040285828
13.762591129166898,6.783905615226223,0.2147110990581978,532,0.009136680541660069,0.6021040220832539,0.08674178404554052,0.4018292040285828
14.010579645358368,6.927060050663091,0.20379151016533473,532,0.009136680541660069,0.6021040220832539,0.08674178404554052,0.4018292040285828
8.73784609686082,1.8612834521714976,0.23862283749553032,533,0.00634368299261808,0.6168286985485745,0.1762787619456608,0.13816610852688332
8.541643521090249,1.7275858237973558,0.2599998824866821,533,0.00634368299261808,0.6168286985485745,0.1762787619456608,0.13816610852688332
8.701603803252002,1.8627795556706561,0.2734209149829089,533,0.00634368299261808,0.6168286985485745,0.1762787619456608,0.13816610852688332
6.1129777794278715,0.6404425550873416,0.23450240626416977,534,0.006544216657336118,0.6701007942159114,0.2757016691509511,0.10421859519031547
6.807206537890044,0.8636701337295691,0.25636244235574235,534,0.006544216657336118,0.6701007942159114,0.2757016691509511,0.10421859519031547
6.723816623183004,0.7789787551248603,0.2618653725276257,534,0.006544216657336118,0.6701007942159114,0.2757016691509511,0.10421859519031547
3.823818623722147,0.2838642646431288,0.25410821021842367,535,0.0029912120411573224,0.49570790098683065,0.2004257349969244,0.27896983009430687
4.069400630914827,0.27648914455372053,0.25646717437046856,535,0.0029912120411573224,0.49570790098683065,0.2004257349969244,0.27896983009430687
3.722084367245657,0.20184437613421724,0.17209202676356355,535,0.0029912120411573224,0.49570790098683065,0.2004257349969244,0.27896983009430687
5.659853365918685,1.0164407909353477,0.30894896590717585,536,0.004122142090323744,0.5358017543905333,0.1496909849545278,0.4635704528127458
5.176461888299348,0.9557967129467009,0.3368135216086855,536,0.004122142090323744,0.5358017543905333,0.1496909849545278,0.4635704528127458
5.134474327628362,1.1187671334370601,0.29906273415193535,536,0.004122142090323744,0.5358017543905333,0.1496909849545278,0.4635704528127458
2.4139207700851535,0.025916327286190304,0.15856424039056377,537,0.001226310912769444,0.6900532244544176,0.27112025786494226,0.5656500894006385
2.2969601773999813,0.011087498845052203,0.21612808040208978,537,0.001226310912769444,0.6900532244544176,0.27112025786494226,0.5656500894006385
2.4199077248049807,0.02964664900220497,0.252282420956354,537,0.001226310912769444,0.6900532244544176,0.27112025786494226,0.5656500894006385
6.050171248727206,1.625474405257799,0.4516724213995205,538,0.006712755729968938,0.13877780755650812,0.22865220907834813,0.5233023381202683
6.177942539388322,1.9017608897126967,0.43901595832991175,538,0.006712755729968938,0.13877780755650812,0.22865220907834813,0.5233023381202683
6.172656813599453,1.7535746656554632,0.4378182133553593,538,0.006712755729968938,0.13877780755650812,0.22865220907834813,0.5233023381202683
9.15600074197737,3.309219068818401,0.3434847859749626,539,0.006933828378616903,0.5125647197043203,0.12402688252916363,0.5483286914770417
8.579405728232532,3.3171236802692157,0.3604341135594064,539,0.006933828378616903,0.5125647197043203,0.12402688252916363,0.5483286914770417
8.973405244560164,3.3327134089641066,0.32974530474513175,539,0.006933828378616903,0.5125647197043203,0.12402688252916363,0.5483286914770417
3.6368033335813674,0.12091673487610685,0.24094855668773807,540,0.003325731335615767,0.695415997469455,0.29833413668989683,0.18035877212291226
3.7963873985928305,0.1577960532422448,0.2779824080340508,540,0.003325731335615767,0.695415997469455,0.29833413668989683,0.18035877212291226
3.8263319862074083,0.16499202847502875,0.22746842780445375,540,0.003325731335615767,0.695415997469455,0.29833413668989683,0.18035877212291226
10.091845254661843,4.313943779571389,0.42493156168275176,541,0.009902310902178444,0.06538699250679801,0.16848527834865681,0.372502400139463
9.48170618919019,4.049054788946025,0.4530049694239648,541,0.009902310902178444,0.06538699250679801,0.16848527834865681,0.372502400139463
9.927684034860004,4.222139810865937,0.5009676450087782,541,0.009902310902178444,0.06538699250679801,0.16848527834865681,0.372502400139463
7.163265306122449,1.064935064935065,0.3376270735215254,542,0.007216426665200095,0.18935639136147908,0.2907728046995456,0.12674164077319702
6.923975307268784,0.9435886027844206,0.30258528631477266,542,0.007216426665200095,0.18935639136147908,0.2907728046995456,0.12674164077319702
7.224891923483681,0.9443939365827412,0.29181025131462374,542,0.007216426665200095,0.18935639136147908,0.2907728046995456,0.12674164077319702
3.798571826022443,1.066493554669387,0.3471004023410252,543,0.0022845464980196374,0.03721073077522032,0.07508892109815395,0.5043892310263962
3.631123919308357,0.8552570419261876,0.3263603290520665,543,0.0022845464980196374,0.03721073077522032,0.07508892109815395,0.5043892310263962
3.800985440669803,0.9780313414588968,0.27240491545442536,543,0.0022845464980196374,0.03721073077522032,0.07508892109815395,0.5043892310263962
4.806210188125616,0.44942150909057144,0.24938373325419017,544,0.005379269800355686,0.2763002086129141,0.2970563843328804,0.2695551648194609
5.432509945415857,0.5310389490239615,0.28301635804722525,544,0.005379269800355686,0.2763002086129141,0.2970563843328804,0.2695551648194609
5.111874477764367,0.49577569399312965,0.3509578124476797,544,0.005379269800355686,0.2763002086129141,0.2970563843328804,0.2695551648194609
3.829787234042553,0.49986063365232747,0.37967454251300126,545,0.003925852497708359,0.24404926140844974,0.2910949134425591,0.5273342324619927
3.852853965900667,0.37805782060785764,0.33270483627670216,545,0.003925852497708359,0.24404926140844974,0.2910949134425591,0.5273342324619927
4.029637332640062,0.4326753449332418,0.3979468107936637,545,0.003925852497708359,0.24404926140844974,0.2910949134425591,0.5273342324619927
7.029886764432894,2.1236309634304806,0.2582617512115809,546,0.0039917229838386135,0.5833798644465888,0.07419542519670178,0.22113327036977753
6.873265494912119,2.25531914893617,0.2538421533611276,546,0.0039917229838386135,0.5833798644465888,0.07419542519670178,0.22113327036977753
7.166576999424892,2.1149101163200563,0.22889416985063324,546,0.0039917229838386135,0.5833798644465888,0.07419542519670178,0.22113327036977753
3.8881890930646117,0.22784528749259042,0.30722302498884696,547,0.00333373927590851,0.15014042929494972,0.27488774459265425,0.17075188220860238
3.796529734539522,0.1686934598843245,0.26548259793528584,547,0.00333373927590851,0.15014042929494972,0.27488774459265425,0.17075188220860238
3.722990252399837,0.17604981283125162,0.3455444421495125,547,0.00333373927590851,0.15014042929494972,0.27488774459265425,0.17075188220860238
3.2431527240250073,0.1525751711818994,0.2169002214087375,548,0.0026733041149674115,0.3898963480020037,0.2747383336922092,0.310633010326807
3.29684673765081,0.13985492382568482,0.3422679473661199,548,0.0026733041149674115,0.3898963480020037,0.2747383336922092,0.310633010326807
3.276928203799015,0.11293368385974006,0.2715368032881573,548,0.0026733041149674115,0.3898963480020037,0.2747383336922092,0.310633010326807
2.1720211091565593,0.007406721599851865,0.30304387635619007,549,6.249734247090464e-4,0.7511403719515535,0.2396974989369232,0.2004677790676472
2.1382553317535544,0.01110781990521327,0.40173087020827153,549,6.249734247090464e-4,0.7511403719515535,0.2396974989369232,0.2004677790676472
2.210893777359118,0.0036940581075340312,0.24196068339059099,549,6.249734247090464e-4,0.7511403719515535,0.2396974989369232,0.2004677790676472
6.441450623575412,1.4380223486462946,0.35866649093407577,550,0.005308529027778199,0.5049141947697272,0.1650921485687529,0.48377102518556026
6.436111987235385,1.6456706061336943,0.39503389186607224,550,0.005308529027778199,0.5049141947697272,0.1650921485687529,0.48377102518556026
6.794638547506776,1.548286488694167,0.3387174204521491,550,0.005308529027778199,0.5049141947697272,0.1650921485687529,0.48377102518556026
8.219152718115835,2.6347948452081176,0.4096710609201508,551,0.008295813436975982,0.41721690361879676,0.22674369479824985,0.591619763955686
8.675554240704104,2.5386905312205315,0.3901469156634907,551,0.008295813436975982,0.41721690361879676,0.22674369479824985,0.591619763955686
7.9429999074673825,2.2577958730452483,0.45654151887313754,551,0.008295813436975982,0.41721690361879676,0.22674369479824985,0.591619763955686
6.027594880520826,1.1910926980838943,0.41430978678517444,552,0.005995225616965194,0.4666140361353103,0.23990600371510926,0.5711218078139555
6.066398203648375,1.1969491714142557,0.386368947791395,552,0.005995225616965194,0.4666140361353103,0.23990600371510926,0.5711218078139555
6.621089395853459,1.6849966560154566,0.4047479040604655,552,0.005995225616965194,0.4666140361353103,0.23990600371510926,0.5711218078139555
6.926543991656113,1.508604633837443,0.3527152038581381,553,0.0064181641640556385,0.48108347432347087,0.23249236448863797,0.4896266943873727
6.825982893296473,1.5232758780637141,0.36287559676697717,553,0.0064181641640556385,0.48108347432347087,0.23249236448863797,0.4896266943873727
6.719777674849467,1.4951366373320982,0.3810692377346543,553,0.0064181641640556385,0.48108347432347087,0.23249236448863797,0.4896266943873727
2.278546777006717,0.024121423535087394,0.200613832062931,554,8.602901173150971e-4,0.5110506197201389,0.19493947943845105,0.4233390701363158
2.3303012970719017,0.018450524917433903,0.13833536558519471,554,8.602901173150971e-4,0.5110506197201389,0.19493947943845105,0.4233390701363158
2.2374607422274253,0.0204419170801509,0.1189954430460343,554,8.602901173150971e-4,0.5110506197201389,0.19493947943845105,0.4233390701363158
4.9863033982379505,1.9434367365069964,0.28305113178630664,555,0.0025356072111535587,0.443050052820335,0.035791248785001166,0.4481148386858139
4.861111111111112,1.8210697399527187,0.3007274633332929,555,0.0025356072111535587,0.443050052820335,0.035791248785001166,0.4481148386858139
4.797391709361901,1.753143921751281,0.24528264543813943,555,0.0025356072111535587,0.443050052820335,0.035791248785001166,0.4481148386858139
1.9402017957974638,0,NA,556,7.29040697133277e-5,0.3010812486114213,0.2519060821706581,0.3181647414989458
1.8451075848229217,0,NA,556,7.29040697133277e-5,0.3010812486114213,0.2519060821706581,0.3181647414989458
1.974111835385444,0,NA,556,7.29040697133277e-5,0.3010812486114213,0.2519060821706581,0.3181647414989458
10.53146878983245,3.3140598156392587,0.34117945241311454,557,0.008635522678072733,0.3195575896808829,0.18548128018391,0.32123407491405676
10.232256870546868,3.3404275006939947,0.3637327954827412,557,0.008635522678072733,0.3195575896808829,0.18548128018391,0.32123407491405676
11.398925328886419,3.622382805262183,0.3706859139348882,557,0.008635522678072733,0.3195575896808829,0.18548128018391,0.32123407491405676
3.8974491777806555,0.2811638704426481,0.24153261256625574,558,0.002499155087821246,0.00287107392148659,0.15977500205002737,0.19270164074421425
3.5051698943824796,0.27005530584688237,0.3134762068537209,558,0.002499155087821246,0.00287107392148659,0.15977500205002737,0.19270164074421425
3.3764792899408285,0.2459319526627219,0.26423068585635845,558,0.002499155087821246,0.00287107392148659,0.15977500205002737,0.19270164074421425
11.73270451929147,5.735452486167329,0.26169263236278284,559,0.008788994126513317,0.06395754490587147,0.07802198203480157,0.11576848602384449
12.852373887240356,6.585682492581603,0.2250757553033162,559,0.008788994126513317,0.06395754490587147,0.07802198203480157,0.11576848602384449
12.076310427857011,5.888127431005741,0.2821445453980894,559,0.008788994126513317,0.06395754490587147,0.07802198203480157,0.11576848602384449
13.428084980383447,5.562958027981345,0.26013308845664473,560,0.009407632268682941,0.48772018920765253,0.12168079601591583,0.32238345554931064
14.046692607003891,5.999629423753937,0.2520733943633896,560,0.009407632268682941,0.48772018920765253,0.12168079601591583,0.32238345554931064
13.704183635690484,5.860792299148463,0.25497379058291764,560,0.009407632268682941,0.48772018920765253,0.12168079601591583,0.32238345554931064
11.625234043342045,3.088445210685353,0.28108930532401966,561,0.009009129755175439,0.4867278355265479,0.2071414332011291,0.15286001821395098
11.733338253745664,3.2364012104214335,0.27980095185532783,561,0.009009129755175439,0.4867278355265479,0.2071414332011291,0.15286001821395098
12.066543438077634,3.1608133086876156,0.26698949992265114,561,0.009009129755175439,0.4867278355265479,0.2071414332011291,0.15286001821395098
2.6581880695787197,0.07024419099025823,0.1918357325118261,562,0.0010179147035177469,0.010843131657543451,0.1315953435101154,0.13970365406907165
2.4900490604461725,0.04072942701101546,0.26490799429629236,562,0.0010179147035177469,0.010843131657543451,0.1315953435101154,0.13970365406907165
2.5495803312783183,0.044566589913095145,0.1935945599761339,562,0.0010179147035177469,0.010843131657543451,0.1315953435101154,0.13970365406907165
11.182209362712367,4.920617256473032,0.26200868488518436,563,0.0073037045586785655,0.4821755078370929,0.08683223394935594,0.4454572038853305
11.326146252760099,5.069303991241905,0.25343052104904146,563,0.0073037045586785655,0.4821755078370929,0.08683223394935594,0.4454572038853305
11.032246108228318,4.9481097108969605,0.26895088833952613,563,0.0073037045586785655,0.4821755078370929,0.08683223394935594,0.4454572038853305
2.608453320947515,0.044588945657222476,0.3950873977893565,564,0.0012141874554918593,0.3900587688042373,0.18468128066130596,0.21272157971888983
2.759310357599215,0.037037722920794824,0.12295121482623389,564,0.0012141874554918593,0.3900587688042373,0.18468128066130596,0.21272157971888983
2.637676323935569,0.038925652004671074,0.2170847555271788,564,0.0012141874554918593,0.3900587688042373,0.18468128066130596,0.21272157971888983
7.453761131579435,4.411900838686983,0.14717056943214937,565,0.006962790747233778,0.15203004433360168,0.022091369534610973,0.17228547125947152
7.350950394065832,4.3337969401947145,0.13860227324912391,565,0.006962790747233778,0.15203004433360168,0.022091369534610973,0.17228547125947152
7.330212513003417,4.278124535592212,0.15320047572405607,565,0.006962790747233778,0.15203004433360168,0.022091369534610973,0.17228547125947152
10.725002778498128,2.924832363946208,0.2803113705906432,566,0.009355271902376916,0.5525717311852892,0.21632574071775984,0.18212302627078947
11.537749814951887,3.036639526276832,0.2643300455232435,566,0.009355271902376916,0.5525717311852892,0.21632574071775984,0.18212302627078947
10.941702372340622,2.60790532895591,0.2693874645730144,566,0.009355271902376916,0.5525717311852892,0.21632574071775984,0.18212302627078947
5.645996744117212,1.7204380642296877,0.4259921645351876,567,0.004395335974225282,0.102120967312055,0.1234289617541302,0.4441693466359806
5.144593267752274,1.602475036588303,0.3376409086756458,567,0.004395335974225282,0.102120967312055,0.1234289617541302,0.4441693466359806
5.438290610973031,1.6489223578291352,0.40313426960869686,567,0.004395335974225282,0.102120967312055,0.1234289617541302,0.4441693466359806
9.502186967158426,2.1906738824227148,0.27497252631476715,568,0.008288380281064451,0.6426849451098752,0.21315157051559694,0.2114122737603618
9.609226041724513,2.334277410636604,0.29836859226018514,568,0.008288380281064451,0.6426849451098752,0.21315157051559694,0.2114122737603618
9.154916563487516,2.1048546559976344,0.2994144421744662,568,0.008288380281064451,0.6426849451098752,0.21315157051559694,0.2114122737603618
6.72781743536635,1.1595221363316937,0.2317784161730717,569,0.005225536100778615,0.5820797146001321,0.1814105613933403,0.10393646089797465
6.853357087184055,1.0095386556805106,0.24799509791534935,569,0.005225536100778615,0.5820797146001321,0.1814105613933403,0.10393646089797465
7.15345249573537,1.1699918415782837,0.261774715267296,569,0.005225536100778615,0.5820797146001321,0.1814105613933403,0.10393646089797465
2.141232595551118,0.005547234703500305,0.036375888471561375,570,6.752139051548422e-4,0.5535703778133353,0.24495964536946413,0.29537052678341735
2.1636390488849506,0.011076650420912717,0.16579425876057957,570,6.752139051548422e-4,0.5535703778133353,0.24495964536946413,0.29537052678341735
2.267207978792429,0.005561425949613482,0.036979086456907735,570,6.752139051548422e-4,0.5535703778133353,0.24495964536946413,0.29537052678341735
10.759293973533287,6.295588262588392,0.22628581751390686,571,0.009290606021519298,0.2935894795382889,0.0448376284088536,0.4799184808794046
10.913094973721222,6.486416463098675,0.2545833590528592,571,0.009290606021519298,0.2935894795382889,0.0448376284088536,0.4799184808794046
10.804601960094114,6.25451581229042,0.20058619694506988,571,0.009290606021519298,0.2935894795382889,0.0448376284088536,0.4799184808794046
4.668777895068245,0.9426449617571346,0.2817081667510845,572,0.003346794691433501,0.033545253001482374,0.1093024631042295,0.297601077636011
4.690776167591339,1.1170281854786337,0.28452575749634057,572,0.003346794691433501,0.033545253001482374,0.1093024631042295,0.297601077636011
4.427373265048615,0.8776812885029317,0.2957995025729005,572,0.003346794691433501,0.033545253001482374,0.1093024631042295,0.297601077636011
5.878741651628746,0.6548471713206705,0.3123950107690568,573,0.006136199814809851,0.1255191593682359,0.29922741571425054,0.14643946738434238
5.567908097090977,0.6670372429127293,0.353293142144257,573,0.006136199814809851,0.1255191593682359,0.29922741571425054,0.14643946738434238
5.9575650884832765,0.6633929398684333,0.268586121029333,573,0.006136199814809851,0.1255191593682359,0.29922741571425054,0.14643946738434238
1.818957205369725,0,NA,574,1.9514335798793905e-5,0.3305078983180325,0.2231067502582921,0.3303232509659688
1.834811427301846,0,NA,574,1.9514335798793905e-5,0.3305078983180325,0.2231067502582921,0.3303232509659688
1.8370710568714235,0,NA,574,1.9514335798793905e-5,0.3305078983180325,0.2231067502582921,0.3303232509659688
5.332617628549217,0.5478843519786769,0.2560401275197856,575,0.0054424421680225,0.7974478128061504,0.28618572321176305,0.2139897172595051
5.193941632803842,0.430365718507573,0.23303514933022484,575,0.0054424421680225,0.7974478128061504,0.28618572321176305,0.2139897172595051
5.212777798389789,0.4192483211516343,0.20832988765003457,575,0.0054424421680225,0.7974478128061504,0.28618572321176305,0.2139897172595051
3.3983998814727014,0.22409067338321356,0.29659134268668635,576,0.0016521756126667672,0.5353293143558544,0.099145069504663,0.2074827419026779
3.3015638012399373,0.2442861108540761,0.2889668732636542,576,0.0016521756126667672,0.5353293143558544,0.099145069504663,0.2074827419026779
3.355505734561153,0.272368494191325,0.27141356014299284,576,0.0016521756126667672,0.5353293143558544,0.099145069504663,0.2074827419026779
3.700498922989119,0.26511037060220555,0.3243292049137151,577,0.003465165014088695,0.5259509646794295,0.2819543679702348,0.5182023815778306
3.9172608962782296,0.2699633222244978,0.2661889562177067,577,0.003465165014088695,0.5259509646794295,0.2819543679702348,0.5182023815778306
3.8639819038083583,0.3133459413357066,0.36085847600587706,577,0.003465165014088695,0.5259509646794295,0.2819543679702348,0.5182023815778306
10.262339968918818,3.4873825205357805,0.3549541606503505,578,0.00796701353442362,0.3532583977742463,0.15055117502916707,0.3844358620146894
10.7492158936956,3.754430896572203,0.34166508624998737,578,0.00796701353442362,0.3532583977742463,0.15055117502916707,0.3844358620146894
9.088552275841636,3.1943261360690345,0.4073868831863991,578,0.00796701353442362,0.3532583977742463,0.15055117502916707,0.3844358620146894
7.6115193349662285,2.7480887701328585,0.5019636871269131,579,0.008313264769771853,0.18219768244240386,0.22521076121456884,0.590677004112121
8.333952038013216,2.656099190734279,0.43912422924879496,579,0.008313264769771853,0.18219768244240386,0.22521076121456884,0.590677004112121
7.376653291722396,2.6749888542131077,0.4929801291797992,579,0.008313264769771853,0.18219768244240386,0.22521076121456884,0.590677004112121
1.9692478695813265,0,NA,580,1.78110813034477e-4,0.7490208798545281,0.2925613555597984,0.3928324574393107
1.960092807424594,0.0018561484918793501,NA,580,1.78110813034477e-4,0.7490208798545281,0.2925613555597984,0.3928324574393107
1.8538390379278447,0,NA,580,1.78110813034477e-4,0.7490208798545281,0.2925613555597984,0.3928324574393107
11.159603313152324,3.3131523232923525,0.34741063277534245,581,0.00893917545893893,0.2190854584727845,0.18370988969031188,0.11311503134852427
10.756111638645292,3.0348731125137314,0.3285705305265102,581,0.00893917545893893,0.2190854584727845,0.18370988969031188,0.11311503134852427
11.724596707134543,3.4998244544228245,0.309078503138858,581,0.00893917545893893,0.2190854584727845,0.18370988969031188,0.11311503134852427
7.649177527756118,1.7971853997252238,0.3825962649685417,582,0.008343694968029986,0.5197482289997003,0.28364781241601916,0.5109304664827737
7.469520707305724,1.991624011167985,0.3659683041575174,582,0.008343694968029986,0.5197482289997003,0.28364781241601916,0.5109304664827737
7.94134026359755,1.7412288843512158,0.35512685207447114,582,0.008343694968029986,0.5197482289997003,0.28364781241601916,0.5109304664827737
3.488372093023256,0.25592522532547013,0.2467534850973675,583,0.002577244533707123,0.550741299836475,0.21591695453057216,0.5979049388934456
3.5130280190373897,0.31296875868071633,0.33806184871834666,583,0.002577244533707123,0.550741299836475,0.21591695453057216,0.5979049388934456
3.462030835451493,0.29685151858104974,0.36679614156337514,583,0.002577244533707123,0.550741299836475,0.21591695453057216,0.5979049388934456
3.666345869114599,0.3368374296713059,0.25818558404425523,584,0.0031222697811741653,0.7500756956673565,0.21735462268808892,0.53788854372241
3.9097520599668916,0.33294273013038705,0.245206801814354,584,0.0031222697811741653,0.7500756956673565,0.21735462268808892,0.53788854372241
3.8826494681048223,0.39289818006597726,0.3371725116910597,584,0.0031222697811741653,0.7500756956673565,0.21735462268808892,0.53788854372241
3.999777274583318,1.262110694532091,0.23650106055468456,585,0.0021805711098850686,0.010070978779057877,0.05227322144499749,0.4880407129676241
3.900314989809153,1.2080785621641654,0.2952701731399178,585,0.0021805711098850686,0.010070978779057877,0.05227322144499749,0.4880407129676241
3.793026623593628,1.0991051204931122,0.2910090057541326,585,0.0021805711098850686,0.010070978779057877,0.05227322144499749,0.4880407129676241
1.999074502545118,0,NA,586,1.8733413865917848e-4,0.6624819208393432,0.1670512763053797,0.2379285004663114
1.9434890343577795,0.0036983616257997703,0.42423679039440765,586,1.8733413865917848e-4,0.6624819208393432,0.1670512763053797,0.2379285004663114
1.980381269665001,0.0018508236165093465,NA,586,1.8733413865917848e-4,0.6624819208393432,0.1670512763053797,0.2379285004663114
9.436656282450675,2.7926123720516243,0.3345708841006573,587,0.007106425954992092,0.568929903194639,0.16984371789905553,0.4646632488467628
9.429633877860619,2.63445137180175,0.30235363508867624,587,0.007106425954992092,0.568929903194639,0.16984371789905553,0.4646632488467628
9.275330069722592,2.6553923750185433,0.3515878929003679,587,0.007106425954992092,0.568929903194639,0.16984371789905553,0.4646632488467628
3.4896502897173622,0.17327147727907885,0.17717293107963866,588,0.0033278561411877344,0.6281501552684309,0.2900965687399931,0.4821728564780099
3.97129364518648,0.26400922173056185,0.27797667372319546,588,0.0033278561411877344,0.6281501552684309,0.2900965687399931,0.4821728564780099
3.736117034097862,0.17799862792724305,0.31134099309108876,588,0.0033278561411877344,0.6281501552684309,0.2900965687399931,0.4821728564780099
2.3391595388620305,0.22499070286351805,0.22157159636315546,589,4.453343159122248e-4,0.6088810923153692,0.013731662169142098,0.5947781512546017
2.289920640806942,0.2243565971964696,0.25051409840996275,589,4.453343159122248e-4,0.6088810923153692,0.013731662169142098,0.5947781512546017
2.172024326672459,0.2014899162615302,0.23884238604586325,589,4.453343159122248e-4,0.6088810923153692,0.013731662169142098,0.5947781512546017
6.167148041176035,1.9680811671480412,0.33872627213263895,590,0.004247936537389365,0.2709657830095112,0.09068212587197362,0.4282383748501498
6.202742772424018,1.9014084507042253,0.3276612581813486,590,0.004247936537389365,0.2709657830095112,0.09068212587197362,0.4282383748501498
6.398480153460233,2.0233879297624315,0.34205938406658637,590,0.004247936537389365,0.2709657830095112,0.09068212587197362,0.4282383748501498
2.6620843395875906,0.05201560468140442,0.2626655390956478,591,0.0017405904647993895,0.26856288999809913,0.2673542563267251,0.447170430051966
2.6547361010763444,0.06484003038218566,0.26608100063826046,591,0.0017405904647993895,0.26856288999809913,0.2673542563267251,0.447170430051966
2.804914150384843,0.08325932504440497,0.23818465701226493,591,0.0017405904647993895,0.26856288999809913,0.2673542563267251,0.447170430051966
2.9874242957420405,0.12409015983553423,0.30769874143343756,592,0.0019483440963680794,0.1740393737797136,0.24390116251107347,0.33028818410819916
3.0443574569133443,0.07791774112758103,0.21400674917932708,592,0.0019483440963680794,0.1740393737797136,0.24390116251107347,0.33028818410819916
3.014105419450631,0.0779510022271715,0.2521070600419073,592,0.0019483440963680794,0.1740393737797136,0.24390116251107347,0.33028818410819916
6.1179315476190474,3.9304315476190474,0.18847669070504572,593,0.009758987578067327,0.6648073656204931,0.013624254866467093,0.4716445731236766
6.240252506498329,3.975120683252878,0.1629643885874488,593,0.009758987578067327,0.6648073656204931,0.013624254866467093,0.4716445731236766
6.296934972464816,3.9550536797018414,0.15642164934531952,593,0.009758987578067327,0.6648073656204931,0.013624254866467093,0.4716445731236766
3.2000148406485365,0.26898675472118133,0.19068496876498225,594,0.0014704750026247467,0.11899591124410498,0.09816129358195447,0.42460113848024905
2.904286749540108,0.1858148912053812,0.21425290338543523,594,0.0014704750026247467,0.11899591124410498,0.09816129358195447,0.42460113848024905
3.071577226103761,0.27501114910063923,0.25497306967885486,594,0.0014704750026247467,0.11899591124410498,0.09816129358195447,0.42460113848024905
4.265780977474301,0.4323301295134895,0.30403053895128956,595,0.004368094910998769,0.33420895354716634,0.2921523416921699,0.4197977463756528
4.049250138863174,0.34993519718570637,0.32924046345043123,595,0.004368094910998769,0.33420895354716634,0.2921523416921699,0.4197977463756528
4.647373585883834,0.5110259401210909,0.3526059587468964,595,0.004368094910998769,0.33420895354716634,0.2921523416921699,0.4197977463756528
12.016959869081713,4.790419161676647,0.23412536691380093,596,0.008000004478730479,0.6173290788206386,0.12281006966589357,0.43475029844047086
10.650404997127023,4.003632926173751,0.3008282325849714,596,0.008000004478730479,0.6173290788206386,0.12281006966589357,0.43475029844047086
11.5349698934692,4.43723946271422,0.27083526745819886,596,0.008000004478730479,0.6173290788206386,0.12281006966589357,0.43475029844047086
3.367784313361661,0.4546044940901416,0.27993461617265636,597,0.0017233455643187925,0.5572065965968586,0.07877354180088655,0.5742753893717382
3.1674375578168363,0.3737280296022201,0.291993573722465,597,0.0017233455643187925,0.5572065965968586,0.07877354180088655,0.5742753893717382
3.495829471733086,0.5189990732159407,0.32606495227770255,597,0.0017233455643187925,0.5572065965968586,0.07877354180088655,0.5742753893717382
7.0283236460928125,1.6293015960882,0.40683371530043677,598,0.006511995844658264,0.06768554385718731,0.22435024980801435,0.30281766766823714
7.15067832154854,1.740808789414101,0.3806256243077243,598,0.006511995844658264,0.06768554385718731,0.22435024980801435,0.30281766766823714
6.561106897763637,1.4465141229352028,0.3192170179887798,598,0.006511995844658264,0.06768554385718731,0.22435024980801435,0.30281766766823714
2.4979570611395885,0.029715474333259047,0.16432962152194924,599,6.535455225821279e-4,0.23787666351495917,0.11605272018792243,0.1438475312246677
2.465936018957346,0.027769549763033176,0.20058930606368014,599,6.535455225821279e-4,0.23787666351495917,0.11605272018792243,0.1438475312246677
2.4608376847017,0.02777469170092212,0.2373293426725535,599,6.535455225821279e-4,0.23787666351495917,0.11605272018792243,0.1438475312246677
9.381060564082674,2.332797694907741,0.2455955570399866,600,0.006419415922192511,0.5194811225058683,0.1423431866982446,0.16153686433091477
9.335833782052472,2.517778561746848,0.2604887687662539,600,0.006419415922192511,0.5194811225058683,0.1423431866982446,0.16153686433091477
8.979319793383073,2.4531131394293966,0.26547574304115334,600,0.006419415922192511,0.5194811225058683,0.1423431866982446,0.16153686433091477
