Theta_1,Theta_2,Agg,WorktoNot
0.004585814591960409,1,0.13049485785583045,0.11835553231104337
