ANT,MF,ICC,Sim,T1,W,k
3.462892316765264,0.38148946757339525,0.2946815117273627,1,0.0034739520796574653,0.3096102844923735,0.278390318993479
3.797889445378772,0.358535548614833,0.3486819870365483,1,0.0034739520796574653,0.3096102844923735,0.278390318993479
4.3404192282053184,2.4701873935264054,0.21213550914998658,2,0.008797017363831401,0.2323826141655445,0.007707348139956593
4.217290151039551,2.3708408730012187,0.19307430376536955,2,0.008797017363831401,0.2323826141655445,0.007707348139956593
3.1087987645696216,0.23715851012979372,0.3163336233011926,3,0.0018964273692108691,0.4527679238468409,0.12248442219570278
3.120268823160149,0.2603301207488645,0.33854367461487433,3,0.0018964273692108691,0.4527679238468409,0.12248442219570278
9.265808721414684,3.079344505138413,0.3172152002657036,4,0.007207410638220608,0.7483164858072997,0.14676544130779803
9.35564730168092,3.1554113830728396,0.35020638233963153,4,0.007207410638220608,0.7483164858072997,0.14676544130779803
8.87749645010788,3.1460342633743337,0.33171306844705417,5,0.00778573137242347,0.7643485911190511,0.17596670114435256
8.589672404219877,2.883583194521562,0.344013419919632,5,0.00778573137242347,0.7643485911190511,0.17596670114435256
2.3522449885346552,0.3938900806272653,0.29425829629555533,6,5.513351270928979e-4,0.31729876790195705,0.008540096576325595
2.519304841414644,0.4644219605241333,0.24570161972640644,6,5.513351270928979e-4,0.31729876790195705,0.008540096576325595
8.106963295824968,5.191624155140979,0.2040978893588205,7,0.008610332168173045,0.4304337935522199,0.023284929315559564
7.810039096518372,4.880579591987993,0.19615144998704429,7,0.008610332168173045,0.4304337935522199,0.023284929315559564
7.043841490462813,2.8445216619843268,0.5418698488470932,8,0.00987576216692105,0.039805694669485095,0.2796304226852953
7.740971633036999,2.7518536279464385,0.4030855739448422,8,0.00987576216692105,0.039805694669485095,0.2796304226852953
8.310505663729918,3.8887243651439993,0.438574165363111,9,0.007869401024654507,0.07081597205251455,0.12623042645864188
7.757969063992183,3.5157906380782067,0.4614004139043505,9,0.007869401024654507,0.07081597205251455,0.12623042645864188
6.865306576241036,1.9697222376637575,0.4485090112024769,10,0.006600098605267704,0.3388116259127856,0.2197026731679216
7.183706600745304,1.839279784525698,0.414788749859753,10,0.006600098605267704,0.3388116259127856,0.2197026731679216
3.559594987320215,0.3739148140606779,0.3131648295430344,11,0.0026963396696373823,0.4186243126168847,0.1901240274310112
3.5707036223727187,0.3376944511081176,0.3572137581077781,11,0.0026963396696373823,0.4186243126168847,0.1901240274310112
8.404695112948472,2.5284216742949948,0.36514256178555266,12,0.007200924595817924,0.5011498620733619,0.18327516373246908
8.032883580328836,2.427560274275603,0.36798633788589175,12,0.007200924595817924,0.5011498620733619,0.18327516373246908
13.439665073543033,6.46326553295543,0.27379360762111987,13,0.009528954604174942,0.639161634631455,0.10209912790451199
12.813334322159598,5.962622367250074,0.25285507056881845,13,0.009528954604174942,0.639161634631455,0.10209912790451199
3.835201005954362,0.45489847997337185,0.3645185679046571,14,0.0037831907649524513,0.38083130195736886,0.24279818194918334
4.307198938405397,0.4423310848169855,0.3287337309669844,14,0.0037831907649524513,0.38083130195736886,0.24279818194918334
3.146458383460734,0.28873382812933795,0.2483064237188172,15,0.002428745848592371,0.02125794216990471,0.20174768592696637
3.203644376955982,0.3592526064332142,0.27033648906825763,15,0.002428745848592371,0.02125794216990471,0.20174768592696637
2.0863748082715796,0.009239923863027369,0.18102844787137126,16,6.086501781828701e-4,0.44254837874323133,0.2114798544673249
2.141945508018423,0.0036993877513271556,0.15066329851946186,16,6.086501781828701e-4,0.44254837874323133,0.2114798544673249
3.872714214684272,0.31858276706627625,0.287132385507913,17,0.003634281740523875,0.6021879471838475,0.2810067069483921
4.1765911482856035,0.3859007736479625,0.3136486240093171,17,0.003634281740523875,0.6021879471838475,0.2810067069483921
10.708356391809629,4.180040582918281,0.30364986969189084,18,0.008546778075397015,0.680562824010849,0.13010411811992525
12.203559140182767,4.872544304265788,0.2842236988308578,18,0.008546778075397015,0.680562824010849,0.13010411811992525
7.781123570597255,4.271120060593745,0.3610728447459569,19,0.006620625813957304,0.08626888003200293,0.0530542955501005
7.6618058515073475,4.081972984491097,0.37051727056440237,19,0.006620625813957304,0.08626888003200293,0.0530542955501005
4.136693973408288,0.4863435471642288,0.3922512298332361,20,0.004095197105780244,0.3221258223056793,0.2834194413386285
4.216956682710108,0.5146242132543503,0.3692342576163609,20,0.004095197105780244,0.3221258223056793,0.2834194413386285
8.539558247765383,4.310408510009603,0.2624036771909953,21,0.005496393654029817,0.49797772038728,0.05135475515853614
8.28245190090572,4.113556289313977,0.2980283874177215,21,0.005496393654029817,0.49797772038728,0.05135475515853614
3.941351796656608,0.4609659921876446,0.30747953028038355,22,0.003228783695958555,0.20962706599384548,0.22335469527170063
3.618033028605131,0.3391329991153052,0.31289011478588047,22,0.003228783695958555,0.20962706599384548,0.22335469527170063
3.811464024446708,0.4981942772478933,0.35825322180304847,23,0.0029765204759314655,0.49627545047551397,0.16819163511972873
3.9146170322771257,0.44316419233325943,0.31580401111994344,23,0.0029765204759314655,0.49627545047551397,0.16819163511972873
5.862860527972157,1.9252841645377465,0.5021947401619075,24,0.007838127326685936,0.11411735471338035,0.2776244244072586
5.859823113643933,1.8428745883136588,0.448310034995149,24,0.007838127326685936,0.11411735471338035,0.2776244244072586
4.568546673809832,1.2303485987696514,0.38934002871446405,25,0.0039495161268860105,0.1916431484743953,0.1483935878612101
5.2091409163067155,1.3678148189168235,0.4133239038299047,25,0.0039495161268860105,0.1916431484743953,0.1483935878612101
3.7929125138427464,0.5943152454780362,0.3673416342412535,26,0.0027107613859698176,0.6554177371785045,0.13453467793297022
3.5849891252257895,0.4110296015040366,0.31635397477855354,26,0.0027107613859698176,0.6554177371785045,0.13453467793297022
2.030148533986122,0.020246268244648542,0.28167157130659415,27,2.2768092341721058e-4,0.010190679319202901,0.030167399626225232
2.126911908857201,0.057334147108324546,0.3638846806764686,27,2.2768092341721058e-4,0.010190679319202901,0.030167399626225232
6.75379255681923,2.200881089749498,0.47116941953008235,28,0.00858290314907208,0.1130967227742076,0.27070138351991774
7.298571218147003,2.375165709235528,0.47184839473804857,28,0.00858290314907208,0.1130967227742076,0.27070138351991774
10.930395889550143,5.147303441392821,0.3119727901225337,29,0.00865067310165614,0.29369586482644083,0.08692276168148964
11.114994114184814,5.435182460270747,0.336404787152905,29,0.00865067310165614,0.29369586482644083,0.08692276168148964
3.044526662617115,0.2871500358937545,0.35701598050378597,30,0.0017106514726765454,0.04165005646646023,0.11215959519613534
2.968154750896919,0.35876761475015717,0.275081522709034,30,0.0017106514726765454,0.04165005646646023,0.11215959519613534
1.9048498845265587,0,NA,31,3.373704617843032e-5,0.7507364079356194,0.0535905403085053
1.8342516918753005,0,NA,31,3.373704617843032e-5,0.7507364079356194,0.0535905403085053
4.405530977546601,2.2990207874423856,0.3046038462686622,32,0.003612467071507126,0.1149495080113411,0.015132586006075144
4.010168180227311,2.007847182566729,0.291171319203291,32,0.003612467071507126,0.1149495080113411,0.015132586006075144
2.1314583371679947,0.03313147674354396,0.18252116370182786,33,2.1374264732003213e-4,0.5250991633161902,0.013343909801915287
2.1476014760147604,0.07380073800738007,0.14214950769650028,33,2.1374264732003213e-4,0.5250991633161902,0.013343909801915287
3.5705064365017893,0.4702888126590683,0.3679688834644376,34,0.0035189222171902656,0.12235036604106427,0.263725022203289
3.5728126672449108,0.5056563382361083,0.4326222756841723,34,0.0035189222171902656,0.12235036604106427,0.263725022203289
3.1010336778926306,0.34455929754362563,0.2622077316668226,35,0.0010904860659502447,0.6076722145080566,0.05127070611342788
2.7947614385725106,0.26414467000387903,0.20649299279790415,35,0.0010904860659502447,0.6076722145080566,0.05127070611342788
4.10286684130908,0.8486145445153673,0.34767141544439817,36,0.0027855068980716167,0.5798646058887243,0.09408197330776602
4.815039864479184,1.13793293929183,0.3467384179517444,36,0.0027855068980716167,0.5798646058887243,0.09408197330776602
9.362832838189435,2.865683759895189,0.345555236551845,37,0.009473394711967557,0.7540763519704342,0.25247753185685723
9.02877830728878,2.696811851195094,0.3581879815112338,37,0.009473394711967557,0.7540763519704342,0.25247753185685723
3.4677598050077556,0.7976955461998672,0.25874331128743616,38,0.0012457677139900624,0.4509627852588892,0.032098158099688585
3.259707216342785,0.7245842398318522,0.3005108925122904,38,0.0012457677139900624,0.4509627852588892,0.032098158099688585
2.3750345208505936,0.1564945226917058,0.17292803423479935,39,4.0097946766763924e-4,0.08804379794746638,0.0240016455296427
2.1934934990475132,0.12946420314782964,0.2639602688113829,39,4.0097946766763924e-4,0.08804379794746638,0.0240016455296427
3.0034256087399314,0.07962225719840756,0.24606350363041854,40,0.002078890344128013,0.23474001418799162,0.25177943317685275
2.864453894442297,0.1214999723863699,0.32616845645117865,40,0.002078890344128013,0.23474001418799162,0.25177943317685275
7.84998706147647,2.519315367269232,0.34835448791205764,41,0.006547108157537878,0.6559886062517762,0.15540083062369375
8.481094573356755,2.501617823795877,0.32732212559361495,41,0.006547108157537878,0.6559886062517762,0.15540083062369375
8.15740553275294,1.9841342879755572,0.32577632509252147,42,0.008217837291304023,0.7689209140837193,0.2430989597691223
8.296943231441048,2.3142262266688776,0.3133594158977411,42,0.008217837291304023,0.7689209140837193,0.2430989597691223
6.888220865684304,2.524758866163805,0.40285067005313907,43,0.008130394108593463,0.053869225271046164,0.22683094865642486
7.010579568324071,2.679049500563136,0.405908303854283,43,0.008130394108593463,0.053869225271046164,0.22683094865642486
4.3629500795618545,0.6124412537468084,0.3630478530830643,44,0.00424179551191628,0.49403187036514284,0.22444210813846438
4.488731951711006,0.7931079107430072,0.45910352646248964,44,0.00424179551191628,0.49403187036514284,0.22444210813846438
6.443732997760794,1.7858134241353147,0.4431725684968927,45,0.007563559219706804,0.08676144238561392,0.2991920909145847
6.352705782092373,1.7414824832799154,0.42941824224912917,45,0.007563559219706804,0.08676144238561392,0.2991920909145847
8.432870157357137,2.6851937057145485,0.4291149768220243,46,0.0071094224229455,0.34040295984596014,0.1754713435191661
8.392265193370166,2.7440147329650095,0.37480875638643907,46,0.0071094224229455,0.34040295984596014,0.1754713435191661
11.971258635339318,6.882411614762274,0.2071099689440929,47,0.009809308308176697,0.6338819440454245,0.05097201357129961
12.23228615174602,7.185153756756259,0.18391851168411683,47,0.009809308308176697,0.6338819440454245,0.05097201357129961
5.023176789968421,1.2133188055181074,0.31134864692911723,48,0.005276771364733577,0.049055776186287404,0.24334550269413738
4.513729028931327,1.064437119021749,0.416253782213237,48,0.005276771364733577,0.049055776186287404,0.24334550269413738
5.575649657781982,2.3315341383339825,0.3487368599448637,49,0.0038425141666084527,0.09758690185844898,0.06491381025407462
5.57116878822946,2.424643191712129,0.39770234752178735,49,0.0038425141666084527,0.09758690185844898,0.06491381025407462
12.657412180572944,6.230208410044923,0.2775220197281534,50,0.009991724286228418,0.4653586039319635,0.08801397755742073
12.651512360461261,6.235493497402645,0.26727134107664036,50,0.009991724286228418,0.4653586039319635,0.08801397755742073
8.896744461512835,3.203716385038219,0.42855564446253763,51,0.007662825535517186,0.2777098057791591,0.16032550614327193
8.52691689305317,3.0123265140174826,0.41002848193039826,51,0.007662825535517186,0.2777098057791591,0.16032550614327193
3.74685604379346,0.5677615031809439,0.34728307008301224,52,0.0030742002138867976,0.11924732476472855,0.15880920183844863
4.053854120432017,0.7194111554963752,0.26716194741141047,52,0.0030742002138867976,0.11924732476472855,0.15880920183844863
3.0675300647548567,0.14986123959296946,0.2747148999622637,53,0.0024263242864981296,0.44895462896674876,0.2623113471083343
3.05257520636738,0.12742146959428263,0.24501909315897252,53,0.0024263242864981296,0.44895462896674876,0.2623113471083343
4.619530110920399,2.6373585811047744,0.2212070365006193,54,0.006116947431582958,0.3709769628942013,0.01013804494868964
4.820253910928488,2.760221849606604,0.18078917218335408,54,0.006116947431582958,0.3709769628942013,0.01013804494868964
5.599526592203565,1.2315999704120129,0.34933832890594707,55,0.004353834518697113,0.6980615248903632,0.14953832449391483
5.934114689244648,1.1221207527637076,0.3688751277237018,55,0.004353834518697113,0.6980615248903632,0.14953832449391483
2.8772992538967275,0.12373494865923025,0.28265896081041497,56,0.0018039207858964801,0.23373389896005392,0.20686862566508352
2.801053387598755,0.13443582991105135,0.33340079080847423,56,0.0018039207858964801,0.23373389896005392,0.20686862566508352
9.822679348226794,4.7924500479245005,0.26829793848694866,57,0.006377645242027939,0.4652377922087908,0.06078606890514493
8.799125828795793,4.2671407934214916,0.2868938519160172,57,0.006377645242027939,0.4652377922087908,0.06078606890514493
9.20812351281058,3.015881799568369,0.3163252450456396,58,0.007329047543462366,0.7549581957980991,0.16679374706000089
8.087258231212166,2.537649490624539,0.33524137923139125,58,0.007329047543462366,0.7549581957980991,0.16679374706000089
2.2494095069382936,0.025834071449660465,0.23799760652081836,59,9.023577230982483e-4,0.2269266398623586,0.24513165880925952
2.268045029799132,0.02207343094695019,0.32474326531634756,59,9.023577230982483e-4,0.2269266398623586,0.24513165880925952
2.652676691173754,0.14962869915395133,0.2595834740993117,60,0.0012353054713457824,0.15545049197971822,0.10634591532871127
2.8396179355959132,0.1681231178524581,0.24715313770500655,60,0.0012353054713457824,0.15545049197971822,0.10634591532871127
6.565170742535795,2.7544489252284583,0.44630149819504766,61,0.005898296574596316,0.06427594292908907,0.10585269809234887
6.719718700842046,3.0498750809660407,0.47077495447380835,61,0.005898296574596316,0.06427594292908907,0.10585269809234887
3.3288898763237795,0.274013182255795,0.38413442513927976,62,0.002536528545897454,0.6722250998020173,0.18195128627121449
3.5491836509048023,0.29115836803891937,0.32294851518064793,62,0.002536528545897454,0.6722250998020173,0.18195128627121449
3.608761496694123,0.6537879067705832,0.2774854340130727,63,0.001659685210324824,0.49514575842767955,0.062105260952375826
3.5924834193072956,0.6153279292557111,0.3102764587910632,63,0.001659685210324824,0.49514575842767955,0.062105260952375826
7.048872180451128,2.7218782249742004,0.3778182784335977,64,0.005139279817231,0.2069813758134842,0.09342469826806336
7.612769807418897,2.8527114606990525,0.3609294317360348,64,0.005139279817231,0.2069813758134842,0.09342469826806336
3.6510106795757733,0.415727430619711,0.38146490037647274,65,0.0029141461825929584,0.14095378257334232,0.1819093521684408
3.4528405956977384,0.4633204633204633,0.34764519165391927,65,0.0029141461825929584,0.14095378257334232,0.1819093521684408
4.7405023489808755,1.749713313357748,0.3003373399925663,66,0.0022700766124762596,0.2613905416801572,0.030788890505209564
4.380857317140798,1.720919055805098,0.35737962583514593,66,0.0022700766124762596,0.2613905416801572,0.030788890505209564
2.635431918008785,0.06671979539262746,0.25562721649450554,67,0.0017394421389326455,0.7789354043081403,0.2748355185147375
2.6449362299045753,0.0442976060835379,0.16200441099882293,67,0.0017394421389326455,0.7789354043081403,0.2748355185147375
5.179672785020497,1.3535472910588322,0.45184065763949793,68,0.0059220645925961435,0.28977325893938544,0.2318611574359238
5.631053658895886,1.3258203513423932,0.4282051166578506,68,0.0059220645925961435,0.28977325893938544,0.2318611574359238
7.24570795643345,1.733431788812996,0.3850840419001707,69,0.007182909641414881,0.6565492026507855,0.22829939376097172
7.210995239594717,2.0745735084372163,0.3952788769228548,69,0.007182909641414881,0.6565492026507855,0.22829939376097172
6.945163916228816,4.036853400429216,0.31840348997637896,70,0.006503165599424392,0.06767259705811739,0.029786064592190086
6.161897215721682,3.552672796624224,0.3627688339505424,70,0.006503165599424392,0.06767259705811739,0.029786064592190086
2.338966221061729,0.0680359671220786,0.2563422926630379,71,5.910854251123964e-4,0.10115543194115162,0.06320736813358963
2.3410506088209755,0.07206075275770958,0.15330343629809054,71,5.910854251123964e-4,0.10115543194115162,0.06320736813358963
2.5735633244165665,0.04612120653076285,0.3219049321692179,72,0.0017025155969895424,0.41556471642106774,0.28295588716864584
2.479903908343343,0.06652499307031322,0.2271754332228842,72,0.0017025155969895424,0.41556471642106774,0.28295588716864584
8.559930590168172,4.869764265012646,0.21881784308607813,73,0.006501209861598909,0.5442611949518323,0.03544043165165931
8.375718708536047,4.743476337903582,0.2463200702050766,73,0.006501209861598909,0.5442611949518323,0.03544043165165931
7.238299128894138,2.329100841576849,0.4502168489792,74,0.006949371034279466,0.26047608945518735,0.18909593720454723
7.024525682554374,2.202683942619158,0.44153352403509843,74,0.006949371034279466,0.26047608945518735,0.18909593720454723
11.580341377280753,5.483004708652149,0.3319755103998355,75,0.008607676203828305,0.24773633219301702,0.08982654993887991
10.671351951174403,5.069354540410579,0.35560643722395235,75,0.008607676203828305,0.24773633219301702,0.08982654993887991
10.431880209485875,3.472375894371911,0.31776481989532607,76,0.009441509619355202,0.7737635521218181,0.20391412996686994
11.187559949826607,3.7630045008485205,0.31294694166027825,76,0.009441509619355202,0.7737635521218181,0.20391412996686994
2.8588302604137827,0.26022922318808483,0.2847289206204293,77,0.001514279874972999,0.5386103797703982,0.10749886371195316
3.1862790396806324,0.27538026503040275,0.21965191599236417,77,0.001514279874972999,0.5386103797703982,0.10749886371195316
6.0515156565376,1.5128789141344,0.39733413000221757,78,0.005643670172430575,0.4998525083065033,0.1834511514985934
5.8945306001737485,1.4916544980684276,0.4064650773712066,78,0.005643670172430575,0.4998525083065033,0.1834511514985934
3.5330544241508317,0.3151550894782433,0.3190545822249732,79,0.002624223162420094,0.4626894269138575,0.20517899924889207
3.475697920142365,0.31883735587439294,0.2566698685147846,79,0.002624223162420094,0.4626894269138575,0.20517899924889207
4.380812079918976,0.8949452168308627,0.439120278089847,80,0.004637366272509098,0.10765657760202885,0.2236612124601379
4.388987698236253,0.8837261004891063,0.411627400920472,80,0.004637366272509098,0.10765657760202885,0.2236612124601379
6.379791778390073,2.109954324389297,0.28600437966742004,81,0.0040831228811293845,0.6106237782165409,0.07398395547643304
6.82723483094025,2.5030106530801297,0.34793686986244166,81,0.0040831228811293845,0.6106237782165409,0.07398395547643304
7.42597147983058,3.28296373018662,0.3075796372497964,82,0.0050924115488305685,0.4609775308519602,0.05762645713984966
7.9070368933473745,3.657928282436402,0.29507771449863457,82,0.0050924115488305685,0.4609775308519602,0.05762645713984966
7.107974126015885,1.9036912813519342,0.3166557371683239,83,0.005795024987310171,0.7830356258898974,0.15440121351275593
7.737919314319491,2.018989212354071,0.28632833877672254,83,0.005795024987310171,0.7830356258898974,0.15440121351275593
3.833164159822829,0.7474393282273691,0.3013981443318341,84,0.0018469216045923532,0.5996188595890999,0.05629991786554456
3.8470755221294404,0.7576176519382847,0.2866463877936743,84,0.0018469216045923532,0.5996188595890999,0.05629991786554456
11.570385433034476,4.231444680654405,0.28738412763134846,85,0.009878482485655695,0.734707141108811,0.17348358621820806
10.823111505800078,3.957373591607926,0.33228005659239135,85,0.009878482485655695,0.734707141108811,0.17348358621820806
8.573277854831254,2.596393897364771,0.3279784788525408,86,0.008192806551232935,0.723516951315105,0.21212688863743095
9.332764789855206,2.888448061699327,0.3721795126141323,86,0.008192806551232935,0.723516951315105,0.21212688863743095
8.450365436210564,5.221574613747803,0.23771010581683108,87,0.008683528166729957,0.2434062320739031,0.031141039403155445
9.088721915830773,5.692711996150572,0.21318751548308376,87,0.008683528166729957,0.2434062320739031,0.031141039403155445
2.376204719175806,0.04615782282781286,0.13013526314480767,88,0.0013287081057205797,0.2778967393562198,0.2903930102940649
2.381961203323324,0.0681613028019822,0.42084055650464014,88,0.0013287081057205797,0.2778967393562198,0.2903930102940649
10.201260643591729,4.237163183309374,0.2920606209700187,89,0.006555333517026156,0.5573915781453253,0.09599859102163463
9.160206956233544,3.5241479626594985,0.2867240673469694,89,0.006555333517026156,0.5573915781453253,0.09599859102163463
7.369737543911276,4.4784903717055045,0.2034274964063647,90,0.00726570243248716,0.611003608442843,0.022216559713706372
7.359315343895827,4.574211040817456,0.21299807199167778,90,0.00726570243248716,0.611003608442843,0.022216559713706372
5.521879318286504,2.187010594196223,0.4168723286355557,91,0.005055441875010729,0.10265218652784824,0.10525165158323943
5.687483842375448,2.300845736233704,0.4423694044394447,91,0.005055441875010729,0.10265218652784824,0.10525165158323943
7.913867672770773,2.6999171804545874,0.3736328549129992,92,0.006535744348075241,0.2955268431454897,0.1412631080020219
8.38255717063235,2.9923155263401537,0.4126477341014706,92,0.006535744348075241,0.2955268431454897,0.1412631080020219
2.029141132690278,0.009257030714827912,0.2076849387866168,93,1.2076332001015544e-4,0.5065997632220388,0.03856789120472968
1.9366619326041647,0.0055333198074404705,0.05082416516038514,93,1.2076332001015544e-4,0.5065997632220388,0.03856789120472968
7.800029559562518,2.3241206030150754,0.43688459183490347,94,0.0076992855546996,0.28942781686782837,0.20072246349882333
7.553205258584028,2.361185585119169,0.4204090026204512,94,0.0076992855546996,0.28942781686782837,0.20072246349882333
6.745322149506867,2.328325191261867,0.326953206204311,95,0.0044108972721733156,0.3732749929651618,0.08698993963189423
6.554016620498615,2.48938134810711,0.3912407717305203,95,0.0044108972721733156,0.3732749929651618,0.08698993963189423
5.052168121947609,1.3319520497262098,0.27529106445558577,96,0.0026413804735057056,0.7807248242199422,0.06729483143426478
4.946963817126806,1.310196991536386,0.31756653225569875,96,0.0026413804735057056,0.7807248242199422,0.06729483143426478
5.4684753039583995,3.3421544497288895,0.1995257861748911,97,0.008024363711010665,0.6466931704431773,0.012313352711498736
5.723625886524823,3.527630023640662,0.17529213247285308,97,0.008024363711010665,0.6466931704431773,0.012313352711498736
2.0274266282250313,0.17742293191394987,0.22417154640379172,98,4.2577544460073116e-4,0.5109675150364638,0.001485714898444712
2.007134012235016,0.10534681279686546,0.18554956436914607,98,4.2577544460073116e-4,0.5109675150364638,0.001485714898444712
7.242463473275383,4.218605511374145,0.20977956878429097,99,0.008476901371032,0.012856805138289929,0.062050850177183745
6.722394449365219,4.002435783879539,0.2881473704868298,99,0.008476901371032,0.012856805138289929,0.062050850177183745
2.2465702973943467,0.025780314888131848,0.3371645171694588,100,9.334371122531593e-4,0.017316665314137936,0.23398141041398046
2.243683901292597,0.022032902467685078,0.14625830351721691,100,9.334371122531593e-4,0.017316665314137936,0.23398141041398046
6.369273928610977,2.137241150197483,0.4233020437271321,101,0.008416034118272365,0.09928924757987262,0.2748386747902259
7.192425528773394,2.0541877376250417,0.4316449801647603,101,0.008416034118272365,0.09928924757987262,0.2748386747902259
2.3735581188997337,0.02957704821058858,0.162299214976517,102,7.244121888652444e-4,0.3842324919998646,0.18655343391001225
2.165492308259859,0.033201756003984215,0.10356093071612335,102,7.244121888652444e-4,0.3842324919998646,0.18655343391001225
2.952029520295203,0.2011070110701107,0.21350847572669762,103,0.001836725170724094,0.43342911470681433,0.18294549963902682
2.9285779943009467,0.19119404357018108,0.2857532859227818,103,0.001836725170724094,0.43342911470681433,0.18294549963902682
5.551878814618722,1.7924112067063755,0.4135191988594819,104,0.004507415448315442,0.29165525157004596,0.12623667970765381
5.9066570322198135,1.771255998369555,0.41720582018471236,104,0.004507415448315442,0.29165525157004596,0.12623667970765381
2.0882141341843607,0.014757697061373571,0.07813058147358927,105,6.795696471817792e-4,0.00403295923024416,0.23345166526269168
2.0823316196323556,0.011095905610829604,0.2790468349050656,105,6.795696471817792e-4,0.00403295923024416,0.23345166526269168
8.779296694352466,3.535026545071126,0.29470013116271326,106,0.006045836743433028,0.6554057924076915,0.08362468213308602
9.211839042234786,3.9685179026715445,0.3020879855344412,106,0.006045836743433028,0.6554057924076915,0.08362468213308602
4.2797032443804675,2.3769977484959215,0.30430109528391647,107,0.005308399095665664,0.04186375476419926,0.0159296607831493
4.458009618941916,2.5601183869774324,0.34389666047361617,107,0.005308399095665664,0.04186375476419926,0.0159296607831493
3.3071883362554213,0.22146350465996126,0.3044685864891967,108,0.0018635186925530433,0.6554693663492799,0.18244271662551909
3.0143973977489047,0.17557802132810912,0.23667361311468155,108,0.0018635186925530433,0.6554693663492799,0.18244271662551909
5.471545015306311,3.04282078707631,0.23270010615862216,109,0.0051983404136262835,0.36236739791929723,0.017602859996259212
5.902320491179908,3.400048227634435,0.259636974711877,109,0.0051983404136262835,0.36236739791929723,0.017602859996259212
4.944902305769053,1.003796647837763,0.31456392532879296,110,0.0032159539894200864,0.5349808679893613,0.10375614655204117
5.192856348882878,1.2412464337322613,0.32730520083929204,110,0.0032159539894200864,0.5349808679893613,0.10375614655204117
8.297978768734831,2.2620745873242307,0.35402379744143253,111,0.008450665953569114,0.38298378325998783,0.22307375469245017
8.166318783826219,2.7947614385725106,0.42809671489967027,111,0.008450665953569114,0.38298378325998783,0.22307375469245017
10.086487285629806,3.969544648137197,0.3210076632730759,112,0.009371286828536541,0.773066302202642,0.1630466773873195
10.50961290084505,3.9208088859367503,0.33006880154626705,112,0.009371286828536541,0.773066302202642,0.1630466773873195
10.039669298928558,4.319133948763578,0.30662193556284073,113,0.007900242714677007,0.5279971281066537,0.10414535365998745
10.638572667392388,4.575730179523607,0.32276614785487834,113,0.007900242714677007,0.5279971281066537,0.10414535365998745
5.093165407841036,1.9316356115307198,0.41812476427368217,114,0.004124478069134057,0.15954496338963509,0.07525378447026014
5.411259418331267,2.1030416350408205,0.41688827794343636,114,0.004124478069134057,0.15954496338963509,0.07525378447026014
9.280456385719543,5.172984909827015,0.31684162073407396,115,0.007858389657922089,0.16006376650184395,0.04700014698319137
9.182859157804874,5.142623833119908,0.3081366476815786,115,0.007858389657922089,0.16006376650184395,0.04700014698319137
5.924113514615655,1.1585015477580678,0.32840174968962005,116,0.006507050718646497,0.5717367285862566,0.2532274635275826
6.316294342267889,1.5145086609234628,0.36210576016016033,116,0.006507050718646497,0.5717367285862566,0.2532274635275826
3.7786499796349093,1.1237827229977413,0.38520880741414354,117,0.0022109534475021064,0.19426705185323956,0.054284734278917314
4.214022140221402,1.2250922509225093,0.3638027750123473,117,0.0022109534475021064,0.19426705185323956,0.054284734278917314
11.53987572158694,4.866345552818325,0.3679096977312243,118,0.009064895927440376,0.3057351876050234,0.12970007078256457
10.084142634739417,4.153384239009563,0.3966818998176474,118,0.009064895927440376,0.3057351876050234,0.12970007078256457
4.095575744146539,1.685870448334441,0.2661986272647215,119,0.002138902742881328,0.5033674037083984,0.017618680698797105
4.098633173254526,1.690062800147765,0.2568773855495175,119,0.002138902742881328,0.5033674037083984,0.017618680698797105
6.618138602094629,1.0194607442620516,0.33359304377720833,120,0.006747550636064262,0.6884045438840986,0.27752632456831633
5.926379912339351,1.1589034989971028,0.3681906066383584,120,0.006747550636064262,0.6884045438840986,0.27752632456831633
2.7186453293636026,0.27912169705991813,0.2724100662563326,121,0.001031189791392535,0.34538010973483324,0.0551893106661737
2.905077425665824,0.275004152747273,0.2876959101088829,121,0.001031189791392535,0.34538010973483324,0.0551893106661737
11.350792302293797,5.004986517932996,0.3316447392879495,122,0.008389190542511643,0.48151651583611965,0.11504380842670797
11.66961260863161,4.936294005008102,0.328377846211875,122,0.008389190542511643,0.48151651583611965,0.11504380842670797
4.717469233896301,1.5743375586680957,0.4188806477032241,123,0.003335100950207561,0.14376864340156317,0.07748565310612321
4.858135067238067,1.764075661297473,0.4370770991166398,123,0.003335100950207561,0.14376864340156317,0.07748565310612321
9.944557383108481,4.267233413417113,0.3191206925269398,124,0.00743927187519148,0.6521449124440551,0.100072079943493
10.485677782509676,4.586442498194678,0.28601259917171434,124,0.00743927187519148,0.6521449124440551,0.100072079943493
7.564296520423601,2.4205748865355523,0.34802394161360295,125,0.009220388540998102,0.002979756705462933,0.2953494964633137
6.955637707948243,2.399260628465804,0.40106870245384707,125,0.009220388540998102,0.002979756705462933,0.2953494964633137
7.874829329495553,5.097974094985055,0.20489637395250299,126,0.009228715877979994,0.3698950227349997,0.0230432647280395
7.800802262602362,5.087158252768176,0.21082177961887966,126,0.009228715877979994,0.3698950227349997,0.0230432647280395
4.866297277764394,0.6782424994903916,0.3552055497272019,127,0.004826870057731867,0.5788683822378516,0.2707081336760893
4.75468908805322,0.6245957682712742,0.365178729999716,127,0.004826870057731867,0.5788683822378516,0.2707081336760893
2.883638446049545,0.20874512774093434,0.41582014426996783,128,0.002176067375112325,0.12856347486376762,0.23655492276884615
2.7314140277752164,0.16783165194297411,0.38595703441258844,128,0.002176067375112325,0.12856347486376762,0.23655492276884615
6.860845008029237,1.699983387784484,0.37699014376000023,129,0.0064105472341179845,0.58111712038517,0.20498361631762235
6.862131201885889,1.7275037754613431,0.3443410595769006,129,0.0064105472341179845,0.58111712038517,0.20498361631762235
7.301546296638005,4.804959958667012,0.22555874313930369,130,0.009439386846497656,0.19959392976015808,0.019943573232740163
7.044336796953001,4.478053470398994,0.22348353028057896,130,0.009439386846497656,0.19959392976015808,0.019943573232740163
7.7291204730229115,2.6034737620103474,0.3399033645831414,131,0.0058429898321628575,0.6247993307188153,0.12755310845095663
7.795888127431006,2.667160585293573,0.3283666399995691,131,0.0058429898321628575,0.6247993307188153,0.12755310845095663
6.620396076253933,1.6157690172126598,0.4436087914086538,132,0.006839332755189389,0.4158441297709942,0.24438541517592965
6.890697374005795,1.485541346029637,0.35315594875213246,132,0.006839332755189389,0.4158441297709942,0.24438541517592965
8.052513987111547,2.6127739719703826,0.4806690979993662,133,0.009343236375134439,0.2567645899951458,0.2545664217788726
8.449379345961598,2.8422819410885882,0.46565525039316796,133,0.009343236375134439,0.2567645899951458,0.2545664217788726
2.1006928406466514,0.005542725173210162,0.2604458856586482,134,5.032338574528694e-4,0.6427733844146133,0.24021208479534834
1.9930179722565988,0.0055412918598422576,0.016252344978789333,134,5.032338574528694e-4,0.6427733844146133,0.24021208479534834
5.833194974818751,1.287656575719003,0.438908912150669,135,0.005876962747424841,0.2711795140057802,0.220450151944533
6.253581529474832,1.6747693957151044,0.43468527631454873,135,0.005876962747424841,0.2711795140057802,0.220450151944533
5.113909094265775,1.2037071225492006,0.3366146877277841,136,0.0038109054556116463,0.49525622334331276,0.13139402093365787
5.720440402106271,1.3145781934676142,0.3159976340904171,136,0.0038109054556116463,0.49525622334331276,0.13139402093365787
9.50094196741901,5.319345424993536,0.31695018306239864,137,0.008120536243077368,0.18849832508713008,0.04977532953489572
9.344031947936696,5.139772223043929,0.32039897278908763,137,0.008120536243077368,0.18849832508713008,0.04977532953489572
10.514243433222346,6.391046984831668,0.23097057280796607,138,0.009418819257989526,0.360523665137589,0.04006329732947051
10.692033205761089,6.476602510769686,0.18716779695611027,138,0.009418819257989526,0.360523665137589,0.04006329732947051
2.969345117035832,0.07025847723995118,0.15211896483336362,139,0.002299871020950377,0.7434144197031856,0.253420923021622
2.962415735524979,0.07941638193739034,0.17643955107564624,139,0.002299871020950377,0.7434144197031856,0.253420923021622
1.8566661135387283,0.08850047015874771,0.20372736770316133,140,0.007289439097512514,0.12521705105900766,3.363455878570676e-4
1.8802664017367627,0.09750892298634875,0.22937828149382822,140,0.007289439097512514,0.12521705105900766,3.363455878570676e-4
3.749907728648409,0.6514357422307522,0.2945370595089891,141,0.002066179718822241,0.3765456791967154,0.08253463546279817
3.718552302486391,0.6050463439752832,0.35161779673690585,141,0.002066179718822241,0.3765456791967154,0.08253463546279817
10.872801455588025,4.403521346786495,0.31235331968573504,142,0.00846071526641026,0.6501794094219804,0.1252434484893456
11.486424128320136,4.800930284068886,0.3020618657389026,142,0.00846071526641026,0.6501794094219804,0.1252434484893456
8.17854891928966,3.879805731657583,0.4521548075618412,143,0.009633649941533803,0.03944478239864111,0.14849941805005074
9.111705562217507,4.265289179964948,0.37650542224148753,143,0.009633649941533803,0.03944478239864111,0.14849941805005074
5.370527637263227,1.8258686260753978,0.3712162660771745,144,0.0036758673330768944,0.27212239168584346,0.07536215905565768
5.633594010600052,2.0254994255216636,0.3593891535180634,144,0.0036758673330768944,0.27212239168584346,0.07536215905565768
6.567483756645009,4.254651506202008,0.2004726124339446,145,0.008449905512388795,0.3983325803652406,0.0166906897444278
6.341058074046718,3.957160003693103,0.22500499256323622,145,0.008449905512388795,0.3983325803652406,0.0166906897444278
12.737382694155027,5.512451045592256,0.2751305915654051,146,0.009780566033441573,0.5664571208879352,0.12588168571237474
13.563529259211233,5.877776336994979,0.3065737877603145,146,0.009780566033441573,0.5664571208879352,0.12588168571237474
2.4633366005215174,0.05178185046141328,0.20427477264558414,147,0.0013245019526220859,0.7093692807480694,0.21602653234731406
2.497227356746765,0.04066543438077634,0.28710844218195664,147,0.0013245019526220859,0.7093692807480694,0.21602653234731406
2.1384532780359558,0.02962359519357168,0.13221413091684509,148,2.2944684373214842e-4,0.27797553557902577,0.02886979377362877
2.070260024659097,0.04784600945878802,0.21721878211231851,148,2.2944684373214842e-4,0.27797553557902577,0.02886979377362877
3.7582698615666867,0.4429124738236875,0.3362699544345888,149,0.003635584085714072,0.5263456793501974,0.26400898669380696
3.5990142710019124,0.30895983522142123,0.31645848656594056,149,0.003635584085714072,0.5263456793501974,0.26400898669380696
4.514680991978806,2.0200161895650894,0.2876768080319391,150,0.0026533300220035016,0.4098715713247657,0.022868568543344736
4.823412185850833,2.1847436985644166,0.2337369065298005,150,0.0026533300220035016,0.4098715713247657,0.022868568543344736
5.695654576602133,2.2546834417079595,0.3720808455162023,151,0.0036469559953548015,0.3284948877990246,0.057620735233649606
5.6415192122603095,2.106315243947583,0.38298293601777084,151,0.0036469559953548015,0.3284948877990246,0.057620735233649606
6.754335740538943,4.454869512217646,0.16933680756988426,152,0.009543143000919373,0.4229977261275053,0.016446943441405893
6.716486760771288,4.374942337854046,0.181358334099464,152,0.009543143000919373,0.4229977261275053,0.016446943441405893
7.94700766509434,2.352962853773585,0.3376044344929034,153,0.0072463050694204865,0.7048572272062302,0.17552091996185482
8.84069750258608,2.698758681838333,0.3439935270361284,153,0.0072463050694204865,0.7048572272062302,0.17552091996185482
3.7039752213038137,0.527830214614299,0.27145132554050144,154,0.002903984358999878,0.15626797918230295,0.1413867977214977
4.1333898961580315,0.6990427356733128,0.3743056014760861,154,0.002903984358999878,0.15626797918230295,0.1413867977214977
3.7783189432514206,1.5847538927016458,0.27143339301154357,155,0.0022155344975180926,0.16507961098104718,0.01220614998601377
3.3701861065045144,1.463055094895891,0.317166140434878,155,0.0022155344975180926,0.16507961098104718,0.01220614998601377
8.906584089065841,2.7243235272432353,0.35251624506277046,156,0.009490987611934542,0.6804134713485838,0.2496280850144103
9.165172713327296,2.5431090247102963,0.3531759149778486,156,0.009490987611934542,0.6804134713485838,0.2496280850144103
6.259595641960009,3.1723423540075104,0.29495165305808896,157,0.004066915481816978,0.3805850783362985,0.03301070092711598
6.662851235092123,3.400657238858324,0.2732477015415277,157,0.004066915481816978,0.3805850783362985,0.03301070092711598
2.2847553891829095,0.020284349702188866,0.26339541973736835,158,9.653907222673297e-4,0.3947654163464904,0.2743655799189582
2.2546565559891043,0.012883751748509167,0.324048114151864,158,9.653907222673297e-4,0.3947654163464904,0.2743655799189582
4.081179993345902,0.6746515840449522,0.42629048941342074,159,0.004025572123937309,0.1996632980182767,0.26283719572238623
4.149055942119931,0.579538952769421,0.3872490616920472,159,0.004025572123937309,0.1996632980182767,0.26283719572238623
5.856656300903302,2.1490448689471346,0.44372181763016355,160,0.005458277659490704,0.07338100597262383,0.15815606536343693
6.006365091337221,2.143159366434261,0.4604142235952744,160,0.005458277659490704,0.07338100597262383,0.15815606536343693
9.581459062216545,3.870716943410896,0.3622893186463595,161,0.006708540334366262,0.3998329419642687,0.11466639242134988
8.827208181584078,3.4028620829194716,0.4013385155435338,161,0.006708540334366262,0.3998329419642687,0.11466639242134988
10.183924958616885,4.592606216663602,0.4239105423058315,162,0.008716948840301483,0.18448424935340882,0.10966354936826973
9.33826247689464,4.251386321626617,0.44062735901825645,162,0.008716948840301483,0.18448424935340882,0.10966354936826973
3.191607460035524,0.2849319123741859,0.32676109682557286,163,0.002775559143628925,0.34156314786523584,0.22372643002308903
3.249044127154177,0.21426328524723398,0.314867046166328,163,0.002775559143628925,0.34156314786523584,0.22372643002308903
10.066308343030236,4.593561256718568,0.4544526212566566,164,0.009813959416933358,0.15739821996539832,0.1233113842550665
10.237528376058911,4.647214070834026,0.4346173246973132,164,0.009813959416933358,0.15739821996539832,0.1233113842550665
7.94315770047061,2.439789609670573,0.3164620622011105,165,0.0063751368876546624,0.6520537149161101,0.1391299334121868
8.139922882989767,2.6471896781847843,0.3454623883456448,165,0.0063751368876546624,0.6520537149161101,0.1391299334121868
2.131277842473983,0.0018484630030129946,NA,166,2.696148282848299e-4,0.654275910370052,0.1432477989932522
2.1209711718042126,0.0018491466188354075,NA,166,2.696148282848299e-4,0.654275910370052,0.1432477989932522
4.5619761145315625,2.1604480379793785,0.3307173345836865,167,0.003610211026389152,0.026422948576509953,0.04368131055962294
4.755117906193314,2.308147928775034,0.3244200847071637,167,0.003610211026389152,0.026422948576509953,0.04368131055962294
4.5314318437921415,0.9310402157648754,0.33253501319694856,168,0.0031342901778407396,0.5985166294500232,0.1147351917810738
4.957761058838753,0.9778730798380687,0.3210196398248933,168,0.0031342901778407396,0.5985166294500232,0.1147351917810738
8.98111955158935,5.020650490449148,0.21306196568520613,169,0.00736704881535843,0.5974412847310305,0.03834432649891823
9.065558633425669,5.237303785780241,0.2699602705609118,169,0.00736704881535843,0.5974412847310305,0.03834432649891823
6.261908725974434,2.140333351832325,0.40794090042967596,170,0.004580581835471094,0.27102940548211335,0.10710412587504833
6.141386562373169,1.9407445670221009,0.4115613024228042,170,0.004580581835471094,0.27102940548211335,0.10710412587504833
3.924149180692519,0.48565285089345295,0.4011458164437089,171,0.004025477254763246,0.23173865657299758,0.2841930641792714
3.82864200261756,0.593559328282549,0.5034546550423579,171,0.004025477254763246,0.23173865657299758,0.2841930641792714
10.747198466529047,4.524845178413448,0.32946125371648544,172,0.00807712450157851,0.5011544650420546,0.11181418988853693
10.925205918664432,4.759623357718034,0.3067094104851594,172,0.00807712450157851,0.5011544650420546,0.11181418988853693
5.7456626061277225,1.050203026947213,0.37417913327227764,173,0.005914825787767768,0.5876644158735872,0.25878408558201044
6.5370635532547645,1.448397400594779,0.37876442561036555,173,0.005914825787767768,0.5876644158735872,0.25878408558201044
3.6363299557268034,0.5186818072356112,0.29887418050730225,174,0.0020494776614941655,0.45097169615328314,0.10179377454333007
3.5775790233875893,0.40553302594300317,0.27690308996823343,174,0.0020494776614941655,0.45097169615328314,0.10179377454333007
9.591163073745552,4.30044073985284,0.41314261579651174,175,0.008233938319608568,0.2069902203977108,0.11121042729355395
9.431214980831614,4.0290474786198756,0.42964335328526254,175,0.008233938319608568,0.2069902203977108,0.11121042729355395
2.810680957220734,0.04434999538020881,0.2790429221239726,176,0.0022188087087124586,0.6620799383148551,0.293485512281768
2.7854639365430733,0.07009776793949456,0.25060675090554135,176,0.0022188087087124586,0.6620799383148551,0.293485512281768
5.357968521703748,1.04866004549742,0.41453358840689164,177,0.006493415273725987,0.40087975822389127,0.2990305925952271
5.822738161046619,1.1240095817210245,0.40836579596556194,177,0.006493415273725987,0.40087975822389127,0.2990305925952271
2.6481621791436436,0.06098349749598063,0.22357169780446765,178,0.0017042138800024986,0.27000191174447535,0.25237838008906693
2.583597844541227,0.06643537314534584,0.13330572134181123,178,0.0017042138800024986,0.27000191174447535,0.25237838008906693
2.0679331756357184,0.003696037847427558,0.001149328464820463,179,3.5723266424611213e-4,0.3896698668599129,0.2834754615090787
2.0427317396345166,0.0018402988645356006,NA,179,3.5723266424611213e-4,0.3896698668599129,0.2834754615090787
2.5556046545883047,0.055236411842686704,0.36471455592259655,180,0.001552559060510248,0.4492098305374384,0.2510660494677722
2.4442846872753416,0.06083061438920533,0.1645756615040357,180,0.001552559060510248,0.4492098305374384,0.2510660494677722
5.563729998160751,1.771197351480596,0.4438481356443409,181,0.008068398034665733,6.108960136771203e-4,0.29619248409289867
6.034228385954559,2.137429920330481,0.4320964634022474,181,0.008068398034665733,6.108960136771203e-4,0.29619248409289867
2.968683445376595,0.27594125599570346,0.3605631501305239,182,0.0012817100412212312,0.46535130422562365,0.08284416343085467
2.992665757564589,0.24140345704492683,0.23708467996497337,182,0.0012817100412212312,0.46535130422562365,0.08284416343085467
2.769760213143872,0.04070455891059799,0.24684288811235408,183,0.0018789408821612598,0.6613347755745054,0.2905327329179272
2.743377575387349,0.07034301475352178,0.12378543952561469,183,0.0018789408821612598,0.6613347755745054,0.2905327329179272
6.148633636969563,1.6459305339554173,0.4218024073043202,184,0.0050814018631353975,0.5069180520251394,0.17500834388192743
5.552590411337076,1.4797092113738843,0.40373947307371405,184,0.0050814018631353975,0.5069180520251394,0.17500834388192743
5.698400384203333,1.7030551553437512,0.43320970353453897,185,0.0071245820936746895,0.026917382143437862,0.24161575343459843
6.4809005351540865,1.9616165344159437,0.4038667026239279,185,0.0071245820936746895,0.026917382143437862,0.24161575343459843
2.232167523067573,0.02025894616645487,0.12662436374863875,186,7.450993359088898e-4,0.3833060430362821,0.15063889380544424
2.2834573344355653,0.025718747129604112,0.32785081434046365,186,7.450993359088898e-4,0.3833060430362821,0.15063889380544424
4.112745640231537,1.9761825756737825,0.2406699733560507,187,0.0031946162297390402,0.5233602108433842,0.011794378096237778
4.031559348904087,1.9355909082529912,0.2524105796451936,187,0.0031946162297390402,0.5233602108433842,0.011794378096237778
5.477756429204848,1.6054537392846586,0.3880514186238779,188,0.004274816408287734,0.12558216005563735,0.1424694258486852
4.813644510966979,1.3064286638209803,0.44534680123596104,188,0.004274816408287734,0.12558216005563735,0.1424694258486852
4.441614998523767,0.41334514319456744,0.31566397917846717,189,0.004687077852431685,0.57295967675745485,0.29435349837876856
4.32962962962963,0.4722222222222222,0.31910175379574496,189,0.004687077852431685,0.57295967675745485,0.29435349837876856
1.9392622331902982,0.0018416545424409288,NA,190,2.4027375038713217e-4,0.4370282305404544,0.2858521391171962
1.951669433683822,0,NA,190,2.4027375038713217e-4,0.4370282305404544,0.2858521391171962
2.1279337321675103,0.02393005062126093,0.36134258728921137,191,0.0010736160422675312,0.3730859631672502,0.2496015256270766
2.456537469617975,0.027830862571200626,0.21366898623896097,191,0.0010736160422675312,0.3730859631672502,0.2496015256270766
10.573262464826293,4.202453423574201,0.3209845720792745,192,0.008737026241142302,0.5419023202732206,0.134385700779967
12.020011815093783,4.718653079308817,0.28966356326413495,192,0.008737026241142302,0.5419023202732206,0.134385700779967
2.7686905091950837,0.9056464282413825,0.24753734201696478,193,0.0031179849384352564,0.12282227501273156,0.0037704850081354377
2.54640339026963,0.8309121527842035,0.2529696136558206,193,0.0031179849384352564,0.12282227501273156,0.0037704850081354377
10.183852032340237,4.304647986118802,0.3634018980696824,194,0.008210147896315903,0.49788149017840627,0.1180859186220914
11.322219347207334,4.555871807193287,0.311484841160101,194,0.008210147896315903,0.49788149017840627,0.1180859186220914
9.39426377763833,5.19729799564431,0.21723509214648112,195,0.006948153637349606,0.5757116379216314,0.039916803734377025
9.45421624418003,5.276771857216762,0.212866571311414,195,0.006948153637349606,0.5757116379216314,0.039916803734377025
8.639967473063631,4.745975715685006,0.3428229000621022,196,0.008159764856100083,0.10842970665544271,0.04947886916343123
8.179137486177664,4.627718392922963,0.35134386107794696,196,0.008159764856100083,0.10842970665544271,0.04947886916343123
5.748910071676643,1.0733022980861597,0.38381862585472015,197,0.005881335574667901,0.3324843468144536,0.2711557834642008
5.548253327656108,1.2699705648221857,0.43145269938382186,197,0.005881335574667901,0.3324843468144536,0.2711557834642008
1.891911846136808,0,NA,198,1.1864012572914362e-4,0.3865809051319957,0.12101979714352637
1.8962591308197447,0.0018446100494355492,NA,198,1.1864012572914362e-4,0.3865809051319957,0.12101979714352637
6.080855947576913,1.203213505608826,0.4069837232395341,199,0.0070668920362368225,0.5824106747284532,0.28134445378091183
7.699407453897698,1.4306019603861702,0.30127658368441246,199,0.0070668920362368225,0.5824106747284532,0.28134445378091183
7.008793320032513,2.695263430133747,0.45787474254896365,200,0.00658344809897244,0.15784227456897498,0.15382154812105
7.5106701402361296,2.754836206418713,0.4153409502760557,200,0.00658344809897244,0.15784227456897498,0.15382154812105
2.7164998802086213,0.27091281030574443,0.3261453154789903,201,0.0013282299763523043,0.1401974504813552,0.08726297698449344
2.754174671198463,0.27523274715531254,0.32815430928383704,201,0.0013282299763523043,0.1401974504813552,0.08726297698449344
2.7635960044395116,0.040695523492415835,0.22443877180730826,202,0.0015168501040898263,0.500873307324946,0.26005407334305347
2.6317726737338045,0.044169611307420496,0.15900650040022737,202,0.0015168501040898263,0.500873307324946,0.26005407334305347
8.1633407926615,3.1236707292263874,0.430815187453669,203,0.007167635292280466,0.21496113389730453,0.1426747916964814
7.808085098524442,2.7572069659642837,0.39073997796426696,203,0.007167635292280466,0.21496113389730453,0.1426747916964814
2.734957732471407,0.07182717277197635,0.22862156761562857,204,0.0018210491561330856,0.6332306947559119,0.21748655510600656
2.7142567580018055,0.10318966629198992,0.2259636246238405,204,0.0018210491561330856,0.6332306947559119,0.21748655510600656
4.483052101835405,0.6050177619893428,0.4018828321995331,205,0.005021094027906656,0.5856200978159904,0.27859515852760525
4.324005238982457,0.6087550037816598,0.3563143827396664,205,0.005021094027906656,0.5856200978159904,0.27859515852760525
4.848831629074532,0.9708737864077669,0.4003858189685706,206,0.003877233553212136,0.24659243095666172,0.159766559000127
4.545201978107462,1.0705487951695654,0.422257338107254,206,0.003877233553212136,0.24659243095666172,0.159766559000127
7.026767760621322,2.003431291161658,0.44204191065451365,207,0.007055052225477994,0.32706094775348904,0.25436138806398956
6.232326032714167,1.535902411976712,0.4510281861616669,207,0.007055052225477994,0.32706094775348904,0.25436138806398956
8.101321911232553,2.1028727568126433,0.3687086944737289,208,0.007746086223050952,0.5913023503497243,0.2634706695796922
8.21327513824416,1.9159993342087254,0.3820398117653369,208,0.007746086223050952,0.5913023503497243,0.2634706695796922
2.9939676547870175,0.173938788349802,0.3205639469017518,209,0.0026433659996837377,0.1574438363313675,0.2675240617012605
3.065599411169381,0.14352746342809827,0.301948164251528,209,0.0026433659996837377,0.1574438363313675,0.2675240617012605
2.0926591139357096,0.0036842590034079394,0.0022631838607518485,210,4.6836657449603083e-4,0.7512349531054497,0.24660840360447764
2.0937077694885136,0.0037024010070530735,0.0014808107352974474,210,4.6836657449603083e-4,0.7512349531054497,0.24660840360447764
6.076183431952662,2.3631656804733727,0.40417010518937535,211,0.004191250291187316,0.22414529081434012,0.08080419378820806
5.6546847814015475,2.0027394217598933,0.36000956528343275,211,0.004191250291187316,0.22414529081434012,0.08080419378820806
4.011266153676226,2.0949155038474285,0.2219629738908832,212,0.0043957035662606355,0.21469731926918031,0.009549171547405422
4.002288076170793,1.9467099678931246,0.23753985415075005,212,0.0043957035662606355,0.21469731926918031,0.009549171547405422
1.8290097166141197,0,NA,213,1.5185554046183824e-4,0.46580640934407713,0.1683212338713929
2.010208233161963,0.0018493176018049339,NA,213,1.5185554046183824e-4,0.46580640934407713,0.1683212338713929
6.202194878616561,1.4854229021172818,0.45441893925781546,214,0.0068137633102014665,0.3374070465564728,0.29450815469026564
6.257743587846959,1.5477929618876787,0.3928090116871142,214,0.0068137633102014665,0.3374070465564728,0.29450815469026564
7.862571423288152,2.8606298193383752,0.5035068498448121,215,0.008798929071053863,0.1014414556324482,0.23069909701589494
7.4150436287323735,2.6729501859283533,0.4687784190539637,215,0.008798929071053863,0.1014414556324482,0.23069909701589494
6.101206953825711,2.3234783892518363,0.29230055818140377,216,0.0031585751078091564,0.5184970002621413,0.04819175046868622
5.635211737245749,2.2488977807417285,0.2880184243022685,216,0.0031585751078091564,0.5184970002621413,0.04819175046868622
6.484534753053442,1.3927012140080688,0.33647505169076064,217,0.006635582309681923,0.762711799517274,0.25691653839312495
6.971637356756657,1.5408462659851268,0.3334428848641207,217,0.006635582309681923,0.762711799517274,0.25691653839312495
6.677768526228143,1.604218706633361,0.3528081803197501,218,0.006108450598549098,0.6934498073533177,0.2027834525099024
6.46760667219611,1.456086996590176,0.3559916730843455,218,0.006108450598549098,0.6934498073533177,0.2027834525099024
4.03601480363094,1.6387103901603726,0.2673697607822762,219,0.0021789143048226833,0.5256607443094253,0.015079218009486793
3.937255191781834,1.6277436996526495,0.26445579498995697,219,0.0021789143048226833,0.5256607443094253,0.015079218009486793
12.51523770824868,5.740460271138857,0.30414551764273723,220,0.009508332847617566,0.498007807135582,0.11100015139672904
12.751715083488971,5.909872593797962,0.3050777516215496,220,0.009508332847617566,0.498007807135582,0.11100015139672904
2.3229660220128685,0.029497981231909443,0.32093080148153297,221,9.636297821998596e-4,0.21346530225127935,0.24419608216267077
2.2581240768094535,0.01292466765140325,0.07409100268057577,221,9.636297821998596e-4,0.21346530225127935,0.24419608216267077
7.703977798334876,2.375578168362627,0.4372277612094279,222,0.008050808508414775,0.32121435012668376,0.24057933865115044
7.703228423401,2.1313863229898407,0.4685080866226685,222,0.008050808508414775,0.32121435012668376,0.24057933865115044
2.556729156297812,0.09954100536415417,0.3050018494113531,223,8.211943041533232e-4,0.11787240672856569,0.09081956266891211
2.3963048498845265,0.0997690531177829,0.2553045298947962,223,8.211943041533232e-4,0.11787240672856569,0.09081956266891211
9.875083154704708,4.710252051149383,0.31743303262006894,224,0.0070796003146097065,0.36275945436209445,0.0730467984220013
8.974547324347155,4.284350093657031,0.3364426643686773,224,0.0070796003146097065,0.36275945436209445,0.0730467984220013
3.8025485953133957,0.7286985148606411,0.42044387665222316,225,0.003628458206076175,0.14659160804003477,0.18340579723007977
4.114374433950059,0.8613200746723843,0.36836929178930405,225,0.003628458206076175,0.14659160804003477,0.18340579723007977
4.134290618482494,0.5703106254960226,0.33925514256541195,226,0.0035802568448707463,0.48416516426950695,0.17673670453950763
4.189401646166651,0.7306020530842504,0.3255579271256735,226,0.0035802568448707463,0.48416516426950695,0.17673670453950763
5.329756729257238,1.248728147257423,0.35116106986159573,227,0.004285825632978231,0.7345343925058843,0.1451177370501682
5.756205591953493,1.3915290209467566,0.3368522612248064,227,0.004285825632978231,0.7345343925058843,0.1451177370501682
5.2441363032895705,3.197374243988789,0.19538917317727406,228,0.007759453551843763,0.5281667163595557,0.011502623604610561
5.272187275175709,3.2245568079101257,0.16987151899447922,228,0.007759453551843763,0.5281667163595557,0.011502623604610561
3.9901859504132235,0.974025974025974,0.2838456036128549,229,0.001961755040101707,0.5850653804838658,0.04911728412844241
4.167203994031061,1.1329931283506198,0.28742633935067397,229,0.001961755040101707,0.5850653804838658,0.04911728412844241
9.157006398961327,2.733933042752481,0.40369155867163115,230,0.008441138912457973,0.5637883896008135,0.22269702390767634
8.688999096624325,2.536826385944212,0.38089119606552474,230,0.008441138912457973,0.5637883896008135,0.22269702390767634
9.45650157670191,4.1365238360230014,0.3811663824854667,231,0.007624108938034624,0.24606100954115392,0.11700319256633519
9.066504863294538,3.7490576792248147,0.4174231818019483,231,0.007624108938034624,0.24606100954115392,0.11700319256633519
7.845238535161301,2.7604301393148813,0.35669091510921724,232,0.006429254934191704,0.49012136030942205,0.1460871730931103
7.771637680891566,2.49505609255734,0.3678171963319325,232,0.006429254934191704,0.49012136030942205,0.1460871730931103
3.716041157746688,1.882078614257162,0.2058985326700247,233,0.004410299013834447,0.27005622126162054,0.007801922969520092
3.804737975592247,1.8609531172345244,0.20343462662474174,233,0.004410299013834447,0.27005622126162054,0.007801922969520092
9.445316105214582,3.2948777111213663,0.483502498219002,234,0.009872593367472291,0.16562241651117804,0.2187791661825031
9.480971420109581,3.735376869539464,0.49487129500389093,234,0.009872593367472291,0.16562241651117804,0.2187791661825031
4.775706110393207,0.9765552889052981,0.38587420558560076,235,0.005205811439082026,0.4707517586648464,0.2593459025491029
5.151447744040337,0.9249990731472212,0.3827572616844946,235,0.005205811439082026,0.4707517586648464,0.2593459025491029
2.330375878952988,0.03681478481758274,0.18991582306034965,236,4.8738587182015183e-4,0.3429976554587484,0.07266211865935475
2.205218032635752,0.04240803908914907,0.3112696874683037,236,4.8738587182015183e-4,0.3429976554587484,0.07266211865935475
2.004483224957854,0.0037051445932677523,0.40058850653359124,237,4.2978755198419094e-4,0.60995123796165,0.1486445125658065
2.0883430135770045,0.005549184269912323,0.013756760012225734,237,4.2978755198419094e-4,0.60995123796165,0.1486445125658065
11.075388026607538,5.696600147819661,0.34297345922980976,238,0.008730660085566342,0.18878392763435842,0.0749848724110052
11.265646731571627,5.617060732498841,0.3354480302644401,238,0.008730660085566342,0.18878392763435842,0.0749848724110052
1.9359380499824004,0.0018525722966338761,NA,239,1.9412242574617266e-4,0.6636859131976962,0.15901922495104373
1.9055371579745806,0,NA,239,1.9412242574617266e-4,0.6636859131976962,0.15901922495104373
9.216751681821542,5.2450654247061435,0.22253411715990704,240,0.007227812840137631,0.7010835746303201,0.039140792749822136
8.970956803774142,5.1802299867315345,0.2531608324478531,240,0.007227812840137631,0.7010835746303201,0.039140792749822136
13.262589662057236,7.093470383790579,0.23287071529681994,241,0.009465679854620249,0.4182053431868553,0.07441564947366715
12.806881529885183,6.720936242477942,0.24424174130088197,241,0.009465679854620249,0.4182053431868553,0.07441564947366715
4.317515353829697,0.6916139503144538,0.39096926540313415,242,0.004642913355492055,0.478338641859591,0.2923917284701019
4.640782071382459,0.5035506778566817,0.3502490969848142,242,0.004642913355492055,0.478338641859591,0.2923917284701019
2.280466032283595,0.06626051425521341,0.29734717018551937,243,0.0011616763030178846,0.011616068333387375,0.18729968885891138
2.423539803466932,0.0699274962275956,0.2533824253820389,243,0.0011616763030178846,0.011616068333387375,0.18729968885891138
7.2380286355773125,3.654900806065737,0.2809248464841857,244,0.004491034047678113,0.344509394839406,0.0386454785708338
7.1804240713059855,3.7092398826330064,0.2855120743841888,244,0.004491034047678113,0.344509394839406,0.0386454785708338
7.343448582875797,2.4632734827125686,0.369604102505188,245,0.005513416423927993,0.5401914950460196,0.11472401891369371
7.116932883804049,2.284493082039094,0.36079830219100334,245,0.005513416423927993,0.5401914950460196,0.11472401891369371
5.347494634001924,1.7263711050255346,0.37919094274929643,246,0.003694342849776149,0.22757444046437741,0.08510952447541058
4.942566821294456,1.599661291510198,0.4111287951734901,246,0.003694342849776149,0.22757444046437741,0.08510952447541058
3.602089987629932,1.3348595904953566,0.35701446034416306,247,0.0016872133687138558,0.14848416429013014,0.02085028204601258
3.4634272421814423,1.1353985895211018,0.2888660864804641,247,0.0016872133687138558,0.14848416429013014,0.02085028204601258
7.622944748926084,2.610724337135239,0.4763178532325744,248,0.008346596162300558,0.09906449671834708,0.25653302134014666
7.233547099373487,2.6483579441497715,0.4631100528475214,248,0.008346596162300558,0.09906449671834708,0.25653302134014666
3.5878412048059354,0.3155971430153369,0.3504241864066503,249,0.003150987436529249,0.34835213087499145,0.22971043987199663
3.554860088365243,0.26325478645066275,0.36220791265722624,249,0.003150987436529249,0.34835213087499145,0.22971043987199663
5.2318272572654,1.3624935295422613,0.31392229599021104,250,0.0035514861531555655,0.6764427391812206,0.11627303303685038
5.098605098605099,1.245051245051245,0.3519752348943179,250,0.0035514861531555655,0.6764427391812206,0.11627303303685038
12.187712870740283,5.615184932893937,0.2602661935645476,251,0.008770713354460896,0.739835605211556,0.100179209606722
12.054150153709395,5.3298270306307645,0.2736270126897797,251,0.008770713354460896,0.739835605211556,0.100179209606722
11.249607012742034,5.192979860558874,0.24839981615838883,252,0.008126306033227592,0.7358362749218941,0.08843639439437538
11.809858503653011,5.534079348931841,0.24915991255109962,252,0.008126306033227592,0.7358362749218941,0.08843639439437538
7.194204821942048,1.6386492663864927,0.34533826047106725,253,0.008145496090874076,0.7459560507908464,0.2863585137063637
7.193398393707155,1.6448879822094797,0.3940379907862064,253,0.008145496090874076,0.7459560507908464,0.2863585137063637
2.289047645419136,0.023998080153587713,0.21950266948956032,254,5.541196372359992e-4,0.7940692033618689,0.0981428214116022
2.1640385538609257,0.014771594224306659,0.4285380415049038,254,5.541196372359992e-4,0.7940692033618689,0.0981428214116022
2.525215206709277,0.07573798352237042,0.3293736255660295,255,0.0010477869096212089,0.25539460536092523,0.16959005591925233
2.3409396963603832,0.04058366691877732,0.2018986966746544,255,0.0010477869096212089,0.25539460536092523,0.16959005591925233
3.4826605606234073,0.26221516416146545,0.3396974217634291,256,0.003360682842321694,0.7586148250848055,0.29521805557888
3.289278839034503,0.22767658818302977,0.2715529759326757,256,0.003360682842321694,0.7586148250848055,0.29521805557888
4.4047795754787,2.083642570877245,0.30119255331338074,257,0.003152423982974142,0.2792619865387678,0.02020678105764091
4.826286917493213,2.332797694907741,0.2489382633129728,257,0.003152423982974142,0.2792619865387678,0.02020678105764091
4.204465508942127,1.53293590550598,0.34557356508734266,258,0.003179032811895013,0.008353622443974019,0.07366479774937033
4.19052192221032,1.693569238724929,0.3257570348569541,258,0.003179032811895013,0.008353622443974019,0.07366479774937033
6.8138462393273205,3.0522475135665736,0.4896412858893216,259,0.006385523611679674,0.14744157604873181,0.10585171636193991
6.8516159994093435,3.0289606290492275,0.4807236895328469,259,0.006385523611679674,0.14744157604873181,0.10585171636193991
3.0222664235593126,0.1510212350590272,0.2659802012030674,260,0.0019489126140251757,0.599749980866909,0.22417115934658796
3.0899705014749266,0.09402654867256637,0.228470422080048,260,0.0019489126140251757,0.599749980866909,0.22417115934658796
8.048839413481018,2.88055901429129,0.42029737869719297,261,0.008358042647596448,0.14759933706372977,0.21184570861514657
7.025028441410694,1.8088737201365188,0.4314445812194925,261,0.008358042647596448,0.14759933706372977,0.21184570861514657
7.168339525684393,2.007430821272112,0.4134795989095974,262,0.006283451041672379,0.48148031905293465,0.1628026296151802
7.798700216630563,2.488474143198356,0.34287990724739464,262,0.006283451041672379,0.48148031905293465,0.1628026296151802
6.139572706438974,2.217786648924373,0.3127579911478222,263,0.004028811340685934,0.7170287353917957,0.07056316207163035
6.538149948446017,2.1726321991456765,0.27986443645915715,263,0.004028811340685934,0.7170287353917957,0.07056316207163035
4.730913180552738,1.168900606574605,0.401499404763658,264,0.003829689593985677,0.5767311295494437,0.13705600728280842
5.085557458879004,1.239616142638743,0.3770959082963013,264,0.003829689593985677,0.5767311295494437,0.13705600728280842
8.881463567723237,2.70080673447913,0.39337738076017453,265,0.008771729492582382,0.3264538880437613,0.26636745245195925
7.811174626590447,2.199889360132768,0.3963982641736435,265,0.008771729492582382,0.3264538880437613,0.26636745245195925
7.965484747140667,2.36322314813104,0.3972536426191415,266,0.008842404403258116,0.40617529526352886,0.2560441669542342
7.520622856613217,2.0836036704050422,0.4276515516350907,266,0.008842404403258116,0.40617529526352886,0.2560441669542342
8.926526541317276,2.936721953381848,0.37692256503854443,267,0.008221124531701207,0.44387907404452565,0.20038660671561956
8.992486212384796,2.912980715845579,0.40721516134130437,267,0.008221124531701207,0.44387907404452565,0.20038660671561956
5.630135721540024,2.4245222047825683,0.3047784240207118,268,0.0034388634306378664,0.5154722079634667,0.036367968865670265
5.584900084955491,2.5652864477523734,0.2820070469785521,268,0.0034388634306378664,0.5154722079634667,0.036367968865670265
9.208561473369837,2.5699168556311416,0.3534396645594709,269,0.00970334957819432,0.5373231053352356,0.2496573789278045
10.257643294430983,3.1128044833262436,0.3826185564834974,269,0.00970334957819432,0.5373231053352356,0.2496573789278045
12.092456522541815,6.710851825868626,0.22668418071321442,270,0.009313984517939388,0.43057239782065154,0.05625273690093308
11.868958109559614,6.753953850142598,0.2450420139435658,270,0.009313984517939388,0.43057239782065154,0.05625273690093308
5.760509412657572,2.034318716102401,0.44140964518953363,271,0.004512386315036566,0.16503010112792255,0.10213892525061964
5.862278873291398,2.1785246536680747,0.43826489212673614,271,0.004512386315036566,0.16503010112792255,0.10213892525061964
4.38602968323119,0.5722513475596249,0.2869841060302218,272,0.0032346502086147665,0.7462073830887676,0.1657126839738339
4.213986298081362,0.4321090244307795,0.3101497337711739,272,0.0032346502086147665,0.7462073830887676,0.1657126839738339
4.510958092699541,1.3234858581371243,0.5032781431981084,273,0.00514484572224319,0.07277929801493883,0.20195289601106195
5.090808518484374,1.2962109338987737,0.44478676531235734,273,0.00514484572224319,0.07277929801493883,0.20195289601106195
8.880785310422306,3.3519347293588964,0.3330259985524,274,0.007327784684021026,0.76683714594692,0.13004102543927729
9.5382342076099,3.5426671592168453,0.29981175549595385,274,0.007327784684021026,0.76683714594692,0.13004102543927729
2.797060778376782,0.461561184550624,0.24270897996793786,275,8.81936599034816e-4,0.026415873877704145,0.03625337434932589
2.6366357488636782,0.41203207568086914,0.2632187418008147,275,8.81936599034816e-4,0.026415873877704145,0.03625337434932589
8.221737200355134,2.630216040248594,0.352520546797039,276,0.00696893444750458,0.7292465284466744,0.15047805227804928
8.393897364771151,2.7535829865926953,0.3308867534940225,276,0.00696893444750458,0.7292465284466744,0.15047805227804928
8.577069993172298,3.716484287058737,0.315304443418327,277,0.006351340238470584,0.796966214105487,0.08988973153755069
8.72333710806245,3.7221304323611855,0.28122999470839116,277,0.006351340238470584,0.796966214105487,0.08988973153755069
3.949412025737741,0.4733377708749353,0.31764061858831716,278,0.0030225136200897396,0.4870042992755771,0.1695080959238112
3.8301169698535107,0.4833769971587764,0.37451738464681195,278,0.0030225136200897396,0.4870042992755771,0.1695080959238112
11.003194416234281,4.976272688664438,0.2597057881603248,279,0.007926099663600326,0.7901146739721299,0.10055448585189879
11.199600872168226,5.116597065671311,0.2628416737225767,279,0.007926099663600326,0.7901146739721299,0.10055448585189879
11.958728635239396,5.852929233268116,0.2601299868838643,280,0.008714871052652598,0.7375771218910814,0.09192311419174075
12.144272250921142,5.674980095909941,0.2524518902842692,280,0.008714871052652598,0.7375771218910814,0.09192311419174075
6.647585633828824,2.38020496722371,0.4261301521575819,281,0.005163477307651192,0.2250639505684376,0.10676541519351303
6.042518698647802,2.2954202129619397,0.4772100074742146,281,0.005163477307651192,0.2250639505684376,0.10676541519351303
11.308744026422128,4.289905345314316,0.3416394458759085,282,0.009096307891886682,0.5788475997745991,0.17765599200502039
11.20412462579,3.9305909746091583,0.3363063903955591,282,0.009096307891886682,0.5788475997745991,0.17765599200502039
6.424244669618213,2.185873330492933,0.4517007599321465,283,0.006048281092662365,0.15036787353456021,0.16846465752460063
6.068611331769227,2.067207330365225,0.45159624360297623,283,0.006048281092662365,0.15036787353456021,0.16846465752460063
9.212909904247848,3.4751746829827352,0.4404597977055444,284,0.008388294153846801,0.34696103483438495,0.15732478369027375
10.734014447503094,4.232638054944852,0.3831787215597449,284,0.008388294153846801,0.34696103483438495,0.15732478369027375
3.430376473196143,0.2678538441644807,0.39307364971946157,285,0.0028703583916649222,0.7197651596739889,0.2402334552956745
3.531813917554219,0.2409727204164597,0.299882409027666,285,0.0028703583916649222,0.7197651596739889,0.2402334552956745
5.327755560879421,1.0559681550964746,0.43817937392099243,286,0.005378683414310217,0.14783610999584199,0.25918353830929847
4.6381328732305525,0.9702973970798315,0.4255337092368948,286,0.005378683414310217,0.14783610999584199,0.25918353830929847
2.172190799049321,0.009212005085026807,0.13621069344319206,287,6.190405902452767e-4,0.26976605523377656,0.20651697108987718
2.1229732731176427,0.01110535278003998,0.3871304725984566,287,6.190405902452767e-4,0.26976605523377656,0.20651697108987718
2.062102203745263,0.009197601265589935,0.17348480972553515,288,4.667608579620719e-4,0.6600576663389802,0.25603920815046877
1.988557973547212,0,NA,288,4.667608579620719e-4,0.6600576663389802,0.25603920815046877
9.205322491221587,2.5263352430234707,0.384800150247574,289,0.009949046594556421,0.7546056391671301,0.2922866279259324
8.727353071144499,2.434084548534394,0.3713298258055967,289,0.009949046594556421,0.7546056391671301,0.2922866279259324
1.902042935004264,0,NA,290,2.8131806757301093e-5,0.4642198756337166,0.09946983468253165
1.9367596237363938,0,NA,290,2.8131806757301093e-5,0.4642198756337166,0.09946983468253165
6.035472284963158,1.2200540600585035,0.40452603441879087,291,0.006697424091398716,0.39671158455312255,0.29276916871313
6.0114944652856055,1.2935893408238317,0.4082594408432831,291,0.006697424091398716,0.39671158455312255,0.29276916871313
5.343708036716149,1.6408218825303977,0.3941201927922837,292,0.0035091653349809348,0.20663038808852435,0.09981670186389237
4.691517898436778,1.4059753954305798,0.38853806268100044,292,0.0035091653349809348,0.20663038808852435,0.09981670186389237
2.0173123419648955,0.020302320001476533,0.18872844090418264,293,7.794926571659744e-4,0.1837683016434312,0.2792342877946794
2.105418682820522,0.016621726443319912,0.19651391319939968,293,7.794926571659744e-4,0.1837683016434312,0.2792342877946794
6.110998320444437,1.9490227201417472,0.39217722583428655,294,0.004194393046200276,0.38973123710602525,0.10658285350073128
6.023274256311898,1.657968020950519,0.3961818471946692,294,0.004194393046200276,0.38973123710602525,0.10658285350073128
2.5211168898233187,0.035041127217734495,0.21823311615278687,295,0.0013411117275245487,0.7270761704072357,0.2813032277394086
2.4501477104874447,0.042466765140324964,0.2633179354733571,295,0.0013411117275245487,0.7270761704072357,0.2813032277394086
4.655229540183338,1.3087656002650665,0.33721236459667076,296,0.003258780664764345,0.19090359285473824,0.09633692717179655
5.175910249493014,1.4363057917356603,0.4131695097078174,296,0.003258780664764345,0.19090359285473824,0.09633692717179655
2.953461723283924,0.9407459431486341,0.25324436072897044,297,0.001447290605865419,0.5536617005243898,0.008234499162063003
3.0831049551885044,1.0888082364269314,0.2500053174154918,297,0.001447290605865419,0.5536617005243898,0.008234499162063003
2.0520391216091527,0.19929876360952206,0.21428006559360413,298,7.523750164546072e-4,0.4574988419190049,0.0013204438844695687
1.957561543149458,0.1680548117232082,0.24489581936891847,298,7.523750164546072e-4,0.4574988419190049,0.0013204438844695687
5.059320626602949,0.9520822185729838,0.35932274129465075,299,0.0037803260795772078,0.5183421118184924,0.1462085542967543
5.233437903672264,1.0407824321830597,0.3434365330071936,299,0.0037803260795772078,0.5183421118184924,0.1462085542967543
3.2177853090694764,1.1659176305901422,0.30100660970380283,300,0.0017076901695691048,0.18925346452742817,0.015283562173135578
3.735191380043248,1.4526771027778291,0.274187096070693,300,0.0017076901695691048,0.18925346452742817,0.015283562173135578
2.313391368771995,0.029635117614373034,0.1787930296644358,301,8.923557261005044e-4,0.5486394537612796,0.1637409886345267
2.3102616440898127,0.024123213954351456,0.1290073945584631,301,8.923557261005044e-4,0.5486394537612796,0.1637409886345267
10.499225149435466,6.185890340196296,0.2275149635781576,302,0.008796526391524822,0.3101135049015284,0.040773682412691414
10.22397843307421,5.940137009066233,0.26977331515290076,302,0.008796526391524822,0.3101135049015284,0.040773682412691414
7.577292061796821,2.8375715837737308,0.2996326055648114,303,0.0051737962570041415,0.6998588312417269,0.08941654649097472
7.729272169445163,2.7982109193065465,0.29874967894353394,303,0.0051737962570041415,0.6998588312417269,0.08941654649097472
7.046355174638282,4.502810800847848,0.2724801505295201,304,0.009277008657809347,0.16119285244494677,0.01968861110508442
6.85314426405524,4.413262000407264,0.24593937383016787,304,0.009277008657809347,0.16119285244494677,0.01968861110508442
2.8296652487516183,0.10911781024597743,0.2776968115261353,305,0.0020942959911189976,0.08118602745234967,0.2765960211865604
2.941339491916859,0.09237875288683603,0.1436246423665001,305,0.0020942959911189976,0.08118602745234967,0.2765960211865604
1.8906942392909896,0,NA,306,3.064676886424422e-5,0.7722460908815265,0.15505278550554066
1.7830003336175262,0,NA,306,3.064676886424422e-5,0.7722460908815265,0.15505278550554066
7.59163755337437,2.5693635741880625,0.400879563955761,307,0.006344011570326984,0.32263520862907175,0.13772131986916064
7.97486264493486,2.8775656456147445,0.3775239982083547,307,0.006344011570326984,0.32263520862907175,0.13772131986916064
5.948003473826198,1.9142999685877418,0.5058115934458239,308,0.007136889914982021,0.1428654097020626,0.27844682657159864
5.927920616769339,1.6710317606698881,0.4856215991924733,308,0.007136889914982021,0.1428654097020626,0.27844682657159864
3.7881730573590073,0.5512087749477461,0.38783645669619377,309,0.004002521682996303,0.08863113820552826,0.27715614493936297
4.0062088846182276,0.6227363441496045,0.3237859223804139,309,0.004002521682996303,0.08863113820552826,0.27715614493936297
4.609640692000591,0.7374685790329736,0.29466467753755055,310,0.0030894126486964526,0.6458404615521431,0.13914034247864038
4.222111792096884,0.6883477812747317,0.37374766733844905,310,0.0030894126486964526,0.6458404615521431,0.13914034247864038
2.108478341355054,0.03887449092928545,0.17835943158429773,311,2.824976854026318e-4,0.11269412599503995,0.04160090319346636
2.133328433354158,0.04961228914777112,0.19574855926161333,311,2.824976854026318e-4,0.11269412599503995,0.04160090319346636
6.685272807925477,3.0071713736507464,0.39609389187867333,312,0.008710820889100433,0.020889844931662085,0.18545584401581436
7.272188142849201,3.206137993661854,0.43859367016450734,312,0.008710820889100433,0.020889844931662085,0.18545584401581436
8.48080010333438,4.094624767036334,0.2862373120302162,313,0.005660369684919715,0.49644358139485123,0.05426494202110916
8.323951200605379,4.0696923275687045,0.2854379374603026,313,0.005660369684919715,0.49644358139485123,0.05426494202110916
3.629516126054609,0.5021507559953478,0.41637119414678747,314,0.0033762497291900217,0.28203980177640914,0.21348350385669618
3.6957202601374384,0.34451629543654083,0.34465873094257504,314,0.0033762497291900217,0.28203980177640914,0.21348350385669618
9.685767097966728,3.0702402957486137,0.3607917167389251,315,0.00822337595745921,0.5749684561043978,0.18944934345781803
9.305368694594446,3.0262260638788034,0.3689274530439856,315,0.00822337595745921,0.5749684561043978,0.18944934345781803
3.865769827777367,0.6652376376672333,0.30571702018278923,316,0.0019944484438747167,0.7969689974561334,0.08041970799677074
3.8365058285377005,0.5588756086764055,0.2730069770238568,316,0.0019944484438747167,0.7969689974561334,0.08041970799677074
3.551332902868739,0.45383267226270635,0.30769419411146137,317,0.0020390177704393865,0.7554759602993727,0.10930762938223779
3.5479097299297075,0.4827968923418424,0.29400285217867594,317,0.0020390177704393865,0.7554759602993727,0.10930762938223779
5.916657439190935,1.5446794374930795,0.39198916608205964,318,0.005310678000096232,0.301270947791636,0.19891728004440665
6.011251498662732,1.5844323526699253,0.41935895216981983,318,0.005310678000096232,0.301270947791636,0.19891728004440665
7.682698313554029,1.9987507807620237,0.3525752871984428,319,0.007127684461884201,0.5174181386828423,0.2007785034365952
7.8941061519458735,2.160647456814704,0.38862529332706974,319,0.007127684461884201,0.5174181386828423,0.2007785034365952
3.938795474261245,0.47989073257166065,0.3673270585731004,320,0.003156495348084718,0.6373828552663326,0.17900765324011444
4.135400726414573,0.48489094562952856,0.28576222904747195,320,0.003156495348084718,0.6373828552663326,0.17900765324011444
4.18494456475466,0.7533270401836119,0.3190698483245574,321,0.002905818943399936,0.6615876939147711,0.1307213252875954
4.023474869379645,0.7469276620796232,0.3215087311801955,321,0.002905818943399936,0.6615876939147711,0.1307213252875954
2.869329197363319,0.19756642478627745,0.2522182924700343,322,0.0013688411889597773,0.6081189315766097,0.10787246148101985
2.762339125136178,0.1477186697933785,0.35432299277017265,322,0.0013688411889597773,0.6081189315766097,0.10787246148101985
9.891143911439114,3.7952029520295203,0.2988142577811101,323,0.007711242584045977,0.6453990440815688,0.14550925672519952
10.747327017893745,4.136428268055325,0.3007347299637207,323,0.007711242584045977,0.6453990440815688,0.14550925672519952
7.551186641489874,1.9512014513680624,0.3903520856561664,324,0.006503183501772583,0.627655496634543,0.1896300725871697
7.016154285398516,1.9930372635340494,0.3847352159473153,324,0.006503183501772583,0.627655496634543,0.1896300725871697
8.588685916322923,2.9077047731290513,0.3569209013342629,325,0.007020445431116969,0.48889906220138074,0.1436701921513304
8.485535385815945,2.878058750301927,0.3465749317281874,325,0.007020445431116969,0.48889906220138074,0.1436701921513304
4.479316314878255,1.171400154713228,0.31318801055395606,326,0.0030162860755808653,0.15288491658866407,0.09817969864234329
4.458610495195861,1.1437546193643755,0.35012024912382755,326,0.0030162860755808653,0.15288491658866407,0.09817969864234329
3.4868505925065887,0.2727557545935387,0.3262257905028537,327,0.0024588766344822944,0.6389140652492643,0.18389234051574022
3.317719091177338,0.30244910002950726,0.3756305804541865,327,0.0024588766344822944,0.6389140652492643,0.18389234051574022
7.724272344494089,2.539209737621123,0.46016945211732146,328,0.008702272567898035,0.16651710011065007,0.2434050950920209
7.62688360913377,2.5829712489599705,0.5131045198516562,328,0.008702272567898035,0.16651710011065007,0.2434050950920209
5.954014463193028,3.2634897088818837,0.19874030270120532,329,0.004590447628870607,0.651995924115181,0.02207504545804113
6.308786842834705,3.459299639656287,0.21566612368289842,329,0.004590447628870607,0.651995924115181,0.02207504545804113
6.820448417242271,2.4397000701806224,0.4029308623269559,330,0.004783531343564391,0.24450538735836747,0.10933563527651131
6.370766817384885,2.223862692627111,0.41732284625152444,330,0.004783531343564391,0.24450538735836747,0.10933563527651131
4.893468003538779,1.5426865231495133,0.36239883228171027,331,0.002748213734012097,0.4143028534948826,0.054818499530665574
5.414855240033299,1.8074183701785218,0.3150910995327565,331,0.002748213734012097,0.4143028534948826,0.054818499530665574
2.8684307239985296,0.19294377067254684,0.2219108377809794,332,0.001445393981412053,0.7135722378268838,0.10339218992739915
3.1289273305241365,0.21808235381089672,0.24258944509789857,332,0.001445393981412053,0.7135722378268838,0.10339218992739915
5.888664828964165,3.4725177140954253,0.21308482377929153,333,0.006134867016226053,0.7699550479650498,0.016851139348000286
5.868891185589842,3.591466115458438,0.19224725472052445,333,0.006134867016226053,0.7699550479650498,0.016851139348000286
8.539450559615206,3.535288132457682,0.49048768720535474,334,0.009315432109870016,0.076801036298275,0.17066760160960256
8.733986158150493,3.734722426741275,0.45685557141418176,334,0.009315432109870016,0.076801036298275,0.17066760160960256
5.9816092804677234,1.1193546596606783,0.35201861977764826,335,0.006199853485450149,0.36875983979552984,0.2528290109708905
6.367457275639245,1.3571812105389842,0.39499298648616965,335,0.006199853485450149,0.36875983979552984,0.2528290109708905
3.2599460677477743,0.2419563370396365,0.3570697024619676,336,0.0026460138475522398,0.2706589695066214,0.2528647034196183
3.144770431758482,0.16648784638721373,0.30570853615399285,336,0.0026460138475522398,0.2706589695066214,0.2528647034196183
7.789399763453578,3.160112359550562,0.47429535745858,337,0.008064518191386014,0.10994308479130269,0.16856944465544074
7.204281232699761,2.780955895921757,0.4805917963157295,337,0.008064518191386014,0.10994308479130269,0.16856944465544074
4.4352454169130695,0.7983441750443524,0.38685401858493335,338,0.004076204015873373,0.41828897651284935,0.19503451811615377
4.82823686109107,0.9323491869693102,0.3571275808280578,338,0.004076204015873373,0.41828897651284935,0.19503451811615377
6.914746416250023,4.413039868641957,0.193153684720483,339,0.007397540172096342,0.48879600372165444,0.019203339843079446
6.849264570354259,4.211671028864231,0.17231861847137409,339,0.007397540172096342,0.48879600372165444,0.019203339843079446
2.345243346566681,0.03675930010292604,0.28788114145335103,340,0.0010238675214350225,0.09257259778678417,0.2779592530801892
2.308812952957014,0.046102495067033025,0.3037327283457096,340,0.0010238675214350225,0.09257259778678417,0.2779592530801892
6.263001896205747,1.5795577974557706,0.40295064238479095,341,0.005639909135643393,0.20028204824775458,0.20353773816023021
5.725176714407313,1.6653713778172534,0.4096276847129846,341,0.005639909135643393,0.20028204824775458,0.20353773816023021
10.969500515691763,4.0629143951672315,0.33901635237382693,342,0.00897720614913851,0.44352281987667086,0.15075258810538797
10.685383062649308,4.164891942443378,0.3604026517386882,342,0.00897720614913851,0.44352281987667086,0.15075258810538797
8.394099946463845,2.3297457955657292,0.332243973016419,343,0.008491590868216008,0.7010314524173737,0.2504214290063828
8.573066114480106,2.262978849282651,0.353814527885946,343,0.008491590868216008,0.7010314524173737,0.2504214290063828
7.469348446123643,2.16135126125125,0.36921131461074735,344,0.007218172601424158,0.6572455450892449,0.19601405099965633
8.123991916794898,2.4027141771260125,0.3269335732998641,344,0.007218172601424158,0.6572455450892449,0.19601405099965633
5.206234169609347,2.8619497494869566,0.3690893223597721,345,0.005047709660138935,0.04725961536169052,0.03510675828438252
5.390910096207011,2.935972575472741,0.3906398949035553,345,0.005047709660138935,0.04725961536169052,0.03510675828438252
9.185262065386611,3.2971309956260657,0.37158344232044493,346,0.008348561881575733,0.4955097557976842,0.17531486693769693
9.60098830991629,3.3908618209978982,0.3701265662497925,346,0.008348561881575733,0.4955097557976842,0.17531486693769693
6.9144036257784,2.0523969195622533,0.44837991565589874,347,0.007947016919497401,0.18421554192900658,0.29805170847102996
5.7436918990703845,1.8536963258078794,0.4702835526307072,347,0.007947016919497401,0.18421554192900658,0.29805170847102996
6.390440316924276,3.6813686378564934,0.20463222817795196,348,0.004978586328215897,0.3966731268912554,0.020855395426042377
6.250230874367404,3.4945144250304754,0.2008463907193132,348,0.004978586328215897,0.3966731268912554,0.020855395426042377
6.414004959472964,1.8635034605277767,0.4466784263429436,349,0.00595268661621958,0.23040097299963236,0.18140772320330142
6.078155645191133,1.9760944380712728,0.4897638107631541,349,0.00595268661621958,0.23040097299963236,0.18140772320330142
12.33759043260003,5.918721393769379,0.2761516807352777,350,0.008792320620268584,0.6188850603997708,0.09785720491781831
11.869480063560104,5.494992794057869,0.2695722070779805,350,0.008792320620268584,0.6188850603997708,0.09785720491781831
9.19280035335689,4.501619552414605,0.4666477116126063,351,0.009677843470126391,0.10264595542103053,0.10391823914833366
9.887794147549773,4.885668336506646,0.43037565356732305,351,0.009677843470126391,0.10264595542103053,0.10391823914833366
3.019515254362342,0.35599660604271954,0.28092258635828193,352,0.0012024799291975796,0.4837226428091526,0.054646144271828234
2.997657215591507,0.3800106993303695,0.28597296425196256,352,0.0012024799291975796,0.4837226428091526,0.054646144271828234
2.1983101299757797,0.011093238671030008,0.22827622788339533,353,6.64625943172723e-4,0.7983110234141351,0.23219072681386022
2.2043535061732937,0.0036800559368502404,4.617421746710108e-4,353,6.64625943172723e-4,0.7983110234141351,0.23219072681386022
2.9237935669176807,0.09942371071382543,0.352571660188547,354,0.002368478134740144,0.7043219698593021,0.26724289334379137
2.9541226955448736,0.09208611893843122,0.2850833695887353,354,0.002368478134740144,0.7043219698593021,0.26724289334379137
5.405555042908554,1.4708867767832428,0.39856731301863135,355,0.004660474909469485,0.2597912630066276,0.15497066653333605
5.801309316862078,1.3518511669194067,0.35535230046939337,355,0.004660474909469485,0.2597912630066276,0.15497066653333605
5.879745900428423,1.1190722410991285,0.326425778786644,356,0.004604786571580917,0.637091506831348,0.16577101056464016
5.988101396792551,1.3450594930160371,0.3143655012249839,356,0.004604786571580917,0.637091506831348,0.16577101056464016
3.0976965845909454,0.20688253874429685,0.24290832923379752,357,0.0015125361550599337,0.6459878500550986,0.10170610039494932
3.111012875062165,0.23392459155292777,0.2689021573487157,357,0.0015125361550599337,0.6459878500550986,0.10170610039494932
5.389398874740895,1.1382143914717204,0.3972544809940147,358,0.005678557832725346,0.4817528570070863,0.25964830932207406
5.514155217367185,1.261117994045748,0.4028940902187536,358,0.005678557832725346,0.4817528570070863,0.25964830932207406
4.271880475883058,0.8042054781886931,0.3788675643034782,359,0.0035689739789813756,0.7341355690732598,0.15089043618645517
4.774300747715314,0.6683282562540386,0.3358775633085976,359,0.0035689739789813756,0.7341355690732598,0.15089043618645517
9.689685233617123,3.757906256376013,0.37959795455873147,360,0.00869040759280324,0.3033973276615143,0.15667955679818987
9.900825530500306,3.6308567418324196,0.42024287552253503,360,0.00869040759280324,0.3033973276615143,0.15667955679818987
8.791775673385164,5.02229264158591,0.2913470644390538,361,0.008388731933664531,0.18626701626926662,0.043302486464381215
9.011451015102063,5.137283103759842,0.29075208147250003,361,0.008388731933664531,0.18626701626926662,0.043302486464381215
2.6714454626071533,0.05727165237954478,0.136444303693275,362,0.0011443145014345647,0.2912011809647083,0.17988020139746366
2.39344989465124,0.08501829741618305,0.27066558892381687,362,0.0011443145014345647,0.2912011809647083,0.17988020139746366
5.092034774871633,0.7989322853912174,0.3319189770786017,363,0.0049693235312588515,0.3429804271087051,0.25564780707936735
4.852702303603071,0.8749261665682221,0.38593555010496977,363,0.0049693235312588515,0.3429804271087051,0.25564780707936735
3.77773262150629,0.5301756784216651,0.415355034937305,364,0.003582140312064439,0.06619844641536475,0.2350092440843582
3.8581391897907698,0.5323490132067071,0.3129595888907418,364,0.003582140312064439,0.06619844641536475,0.2350092440843582
4.038775207591933,0.5393683274021353,0.2873900404793574,365,0.0025770729780197144,0.5833357399329543,0.11586446652654558
3.920738107953813,0.5524760133330877,0.32779227412789363,365,0.0025770729780197144,0.5833357399329543,0.11586446652654558
3.51705069124424,1.1963133640552994,0.3198641860947231,366,0.0016015710192732514,0.059129354543983936,0.029865332809276876
3.400884303610906,1.214075165806927,0.27804985872987975,366,0.0016015710192732514,0.059129354543983936,0.029865332809276876
1.967473078625166,0,NA,367,4.026934877038002e-4,0.6654066041111947,0.2115555107127875
2.1399985177499445,0.0037056251389609423,0.2668561019493138,367,4.026934877038002e-4,0.6654066041111947,0.2115555107127875
6.673693553755686,1.3794888864233146,0.3723304390253872,368,0.007044371555093676,0.43631965145468715,0.2728603963041678
6.783446544595392,1.5800354400472534,0.45100307727171457,368,0.007044371555093676,0.43631965145468715,0.2728603963041678
6.6071890354279805,1.9228637925302006,0.30553646920038896,369,0.004989071360323579,0.7985367972403765,0.12762514085043222
6.03529520465675,1.8571560565462442,0.3219810033506616,369,0.004989071360323579,0.7985367972403765,0.12762514085043222
4.524786514361761,2.635762079035895,0.17094954109513236,370,0.009530779123306275,0.46526925899088384,0.0075842978199943895
4.432184248528159,2.528973969711556,0.20887016227718974,370,0.009530779123306275,0.46526925899088384,0.0075842978199943895
3.386693809567873,1.6156195058758211,0.18515321249465633,371,0.009681069073267282,0.4870795913040638,0.0042839416069909925
3.2799277272811076,1.6040118733752466,0.19875667198139232,371,0.009681069073267282,0.4870795913040638,0.0042839416069909925
5.575880136041915,2.855041823697031,0.26008492880766526,372,0.004398493056651205,0.0221324535086751,0.04238600553944707
4.854099633862199,2.6868597211435334,0.34045671131381605,372,0.004398493056651205,0.0221324535086751,0.04238600553944707
5.522872784633943,2.3642943305186974,0.3839620193389119,373,0.004065742886159569,0.22293947003781797,0.053085666289553045
5.850729724736745,2.617772030297432,0.40776184686440214,373,0.004065742886159569,0.22293947003781797,0.053085666289553045
2.9236420015135014,0.06829214271212093,0.19569876463217234,374,0.002219788224902004,0.6033969884738326,0.28397555463016033
2.945670784468951,0.10493952169670637,0.32058096596537655,374,0.002219788224902004,0.6033969884738326,0.28397555463016033
1.8798868740642156,0,NA,375,1.4258481096476316e-5,0.6557352829724551,0.039072205871343614
1.8411692069518422,0,NA,375,1.4258481096476316e-5,0.6557352829724551,0.039072205871343614
8.287200755401678,2.904963803669623,0.499336400181393,376,0.009124688121955842,0.24455529153347016,0.2580975740449503
7.519075487073117,2.453885472998,0.4800980581600417,376,0.009124688121955842,0.24455529153347016,0.2580975740449503
1.936665310199401,0.005549184269912323,0.11025218837749458,377,1.0482627432793378e-4,0.13710575178265572,0.04281770798843354
1.979303093468115,0.0018446440759255502,NA,377,1.0482627432793378e-4,0.13710575178265572,0.04281770798843354
7.897891805153365,4.264345131600789,0.3329121201729956,378,0.007146987209562213,0.09547277390956879,0.04642790935467928
7.637191735169963,4.306450418425535,0.3721050737037489,378,0.007146987209562213,0.09547277390956879,0.04642790935467928
1.9246028084808002,0,NA,379,3.55047550983727e-4,0.5374707892537117,0.27935846569016576
1.9054666543335492,0.0036999352511331053,0.5054320575395697,379,3.55047550983727e-4,0.5374707892537117,0.27935846569016576
3.245481092669944,0.4195468155102946,0.3609436385193996,380,0.002997184908017516,0.11384376157075167,0.25511807093862443
3.261373112202354,0.3187250996015936,0.330184569996907,380,0.002997184908017516,0.11384376157075167,0.25511807093862443
4.564499160191218,0.8305801140663358,0.4197582884061558,381,0.0033756191399879755,0.46806551273912195,0.14024598514661193
4.650432340551327,0.9736900450816642,0.3683669236089872,381,0.0033756191399879755,0.46806551273912195,0.14024598514661193
8.821738889811279,3.7283007729629016,0.4630388263782307,382,0.009671596377156675,0.08215279448777438,0.18484486886300147
9.269057055949856,3.8399852520969677,0.453086660221493,382,0.009671596377156675,0.08215279448777438,0.18484486886300147
4.2314526876943575,0.5645638975270251,0.39071150911881075,383,0.009087263650726526,0.07665503863245249,0.0958724330412224
3.653913718818765,0.5584422788882931,0.4090145585559241,383,0.009087263650726526,0.07665503863245249,0.0958724330412224
4.394935026580035,0.6220466627288836,0.36815952037804756,383,0.009087263650726526,0.07665503863245249,0.0958724330412224
9.289939737942982,4.732506496139174,0.4574001043228086,383,0.009087263650726526,0.07665503863245249,0.0958724330412224
9.100648331147601,4.484752211899001,0.44935574150418345,383,0.009087263650726526,0.07665503863245249,0.0958724330412224
5.1249329560376555,0.9802289666907099,0.3967898737610359,384,0.004245713246054947,0.47511792406439785,0.20498531134799122
4.705295996160449,0.6829970649585587,0.338819564245391,384,0.004245713246054947,0.47511792406439785,0.20498531134799122
2.787308614646744,0.06640841173215274,0.34539942629764375,385,0.0018784878752194346,0.5915687929838896,0.29213549627456814
2.7094097820249274,0.06296646109969072,0.25651362348531437,385,0.0018784878752194346,0.5915687929838896,0.29213549627456814
3.0808444616833826,0.2918305904951885,0.28023248421883895,386,0.001482245253864676,0.4831908849999309,0.09061640908475965
3.0662819943778667,0.1997336884154461,0.29866017391881505,386,0.001482245253864676,0.4831908849999309,0.09061640908475965
4.464847654659213,0.703417126355929,0.3535376152936147,387,0.0038174616149626675,0.48940777108073236,0.22029382344335316
4.474190208549031,0.6230587191243898,0.3335415047877639,387,0.0038174616149626675,0.48940777108073236,0.22029382344335316
5.148705420761387,1.8026021135232173,0.45103112660834055,388,0.00647315378068015,0.01392381563782692,0.22896640102844684
5.45047379330767,1.6268137400059224,0.37688964127546387,388,0.00647315378068015,0.01392381563782692,0.22896640102844684
8.55364321840784,2.22872705041036,0.3592827431356047,389,0.009237532292027027,0.5472378421574832,0.2825263021979481
7.881527034286032,2.3098153259117935,0.44175538106123086,389,0.009237532292027027,0.5472378421574832,0.2825263021979481
10.585598102965967,3.79036291891291,0.41414768050765877,390,0.009676833199337124,0.3367932530120015,0.2039117486681789
9.597797771906812,3.447447669370185,0.4143843552460952,390,0.009676833199337124,0.3367932530120015,0.2039117486681789
2.7557895511947277,0.4270829498177534,0.24692769307942325,391,8.640293381176889e-4,0.022742913849651814,0.03012340951245278
2.612664215369265,0.3991057075811607,0.23886556771153233,391,8.640293381176889e-4,0.022742913849651814,0.03012340951245278
8.453356968756925,2.1770440948371372,0.39311905277495784,392,0.007871779268607498,0.4814667595550418,0.2297882888931781
8.757973594422193,2.5496958908173863,0.39442775454034673,392,0.007871779268607498,0.4814667595550418,0.2297882888931781
2.591085629739227,0.09432217495838728,0.21389501874449757,393,0.0012109601544216275,0.40736326295882463,0.14241564280819147
2.621957974814432,0.08678311606780162,0.19039284007445859,393,0.0012109601544216275,0.40736326295882463,0.14241564280819147
6.0836782968657594,2.0494529863985806,0.4431403534475936,394,0.006747475136071443,0.09918010048568249,0.18431407688185572
5.929138217383281,1.9800701236390477,0.47444424741525043,394,0.006747475136071443,0.09918010048568249,0.18431407688185572
6.02282606685041,2.093930929875511,0.404746009477739,395,0.004202178532723338,0.3963131751865149,0.08436051083263009
6.573992024811696,2.401787032934574,0.35191271566792676,395,0.004202178532723338,0.3963131751865149,0.08436051083263009
6.4356070387722735,2.148891430257867,0.4387665810125777,396,0.007992242597974836,0.06659923344850541,0.2879353559575975
5.864083413443763,1.8597944243141313,0.45387467447197405,396,0.007992242597974836,0.06659923344850541,0.2879353559575975
5.317336888098941,2.5772050655409906,0.27727471201895654,397,0.0032295128237456085,0.3351696033030749,0.023548081261105833
5.317850671202988,2.6256425428053696,0.2513276344513524,397,0.0032295128237456085,0.3351696033030749,0.023548081261105833
3.872550828382716,0.536880557912992,0.33352481837865355,398,0.0025527127273380756,0.4869807045906782,0.10581458467058837
3.8964396513517503,0.6334022750775594,0.3508231241255612,398,0.0025527127273380756,0.4869807045906782,0.10581458467058837
6.669979570426812,3.268731710010491,0.23230039189889018,399,0.003908269377425313,0.6603153593838216,0.03307960121892393
5.9888527978739114,2.9510556621880997,0.2686432554476982,399,0.003908269377425313,0.6603153593838216,0.03307960121892393
9.098492853567656,3.1384980442318744,0.3084475537241063,400,0.006755630583502353,0.6594194283708931,0.14003948403988034
9.208065621123188,3.110707871201881,0.32041357870154724,400,0.006755630583502353,0.6594194283708931,0.14003948403988034
7.201357632996384,2.5142034973806537,0.4625673632798335,401,0.00718521052505821,0.23128017019480468,0.1847234094282612
6.762821104729542,2.129309867218231,0.45080313012814305,401,0.00718521052505821,0.23128017019480468,0.1847234094282612
2.9315660248481605,0.3138326349018812,0.3271197716013838,402,0.0011501148785464466,0.6183167921379209,0.05830196414608508
3.1071362714364743,0.3503595795685045,0.288178238434372,402,0.0011501148785464466,0.6183167921379209,0.05830196414608508
2.2291227681046912,0.04251229159735315,0.27516179035616933,403,7.783032883889973e-4,0.022492034919559957,0.13971040842588991
2.3924592341179074,0.03504759093927543,0.3764542927755647,403,7.783032883889973e-4,0.022492034919559957,0.13971040842588991
5.188627263710833,1.333431289718253,0.3962731754766969,404,0.0052166560105979445,0.06852853186428547,0.21265346130821852
5.141625048375505,1.3084422166116876,0.3670419799570608,404,0.0052166560105979445,0.06852853186428547,0.21265346130821852
5.547569022079693,1.0192045412658042,0.34548528107531634,405,0.005653740493580699,0.576489781215787,0.2644278207561001
5.420921887938173,1.12981875057503,0.3746254822421933,405,0.005653740493580699,0.576489781215787,0.2644278207561001
3.5591062565729996,0.5701212199487075,0.41351065590439184,406,0.0027821180620230734,0.046880147792398935,0.1590360869653523
3.5477985219042005,0.5197294458062257,0.34076085852090165,406,0.0027821180620230734,0.046880147792398935,0.1590360869653523
5.494119387528664,2.9772912197647754,0.21151324341841238,407,0.004354981505312026,0.6471839027479291,0.01736630257219076
5.634426865065445,3.099673232780106,0.21659531332468207,407,0.004354981505312026,0.6471839027479291,0.01736630257219076
3.4967108310942274,0.49476512554433427,0.34684280287763036,408,0.0027078311541117728,0.1338603898882866,0.15638676546514033
3.3644169513433666,0.6019758101744991,0.3092522559549102,408,0.0027078311541117728,0.1338603898882866,0.15638676546514033
8.553384791520479,3.6100749713779225,0.433933175812096,409,0.00851058964850381,0.1586237668991089,0.14414879023097454
9.177267622747106,3.794252471510889,0.4577176042413765,409,0.00851058964850381,0.1586237668991089,0.14414879023097454
2.3298850787423433,0.4459907100690268,0.22346062084918986,410,0.00511152135906741,0.523339475132525,0.0013617812655866146
2.25898354930613,0.44297399136108817,0.2149332464667683,410,0.00511152135906741,0.523339475132525,0.0013617812655866146
6.152649417517086,3.613431370733243,0.3661968640095694,411,0.006102034039795399,0.02864697575569153,0.047616192628629504
6.322411630137998,3.6159693011585863,0.3814096586968536,411,0.006102034039795399,0.02864697575569153,0.047616192628629504
2.932107313650547,1.0339925035543491,0.22372036458870587,412,0.002891830783337355,0.5587494416162372,0.00437493750359863
2.769593400117855,0.9741455509723042,0.22831817570041446,412,0.002891830783337355,0.5587494416162372,0.00437493750359863
9.964255444595938,3.8250359288056894,0.4206960815152068,413,0.00960451374994591,0.2489644018933177,0.1754710590932518
10.459103873401416,3.877081608243629,0.41605435633368687,413,0.00960451374994591,0.2489644018933177,0.1754710590932518
7.5964556027321395,4.79416651282998,0.3102827077721089,414,0.00940483386395499,0.0976040069013834,0.028107605525292456
7.626164775348279,4.7144570532336925,0.2519216019030682,414,0.00940483386395499,0.0976040069013834,0.028107605525292456
11.168591224018476,3.9630484988452652,0.28996619772301574,415,0.00982644223375246,0.787046648003161,0.17853313218802214
11.817913857263918,4.443461921078811,0.32170174953559344,415,0.00982644223375246,0.787046648003161,0.17853313218802214
12.577796544823661,5.674787493803815,0.3161263608453072,416,0.009771614456549288,0.474884993955493,0.10730498547200114
12.354476299764942,5.576634770215995,0.28352063027738406,416,0.009771614456549288,0.474884993955493,0.10730498547200114
10.525441252492431,6.016911601801935,0.19628127898796455,417,0.00870309840887785,0.48431705422699456,0.04511815442238003
10.946952929024642,6.404013575328317,0.21196090227371336,417,0.00870309840887785,0.48431705422699456,0.04511815442238003
2.056915364199351,0.001843114125626659,NA,418,5.27675156481564e-4,0.6659277584403753,0.22547719571739433
2.0488471770617798,0.0018474726574046706,NA,418,5.27675156481564e-4,0.6659277584403753,0.22547719571739433
7.677550267478325,2.6747832503228186,0.3963592930591781,419,0.006060473108664155,0.26033913157880306,0.13711164942942558
7.318331766830689,2.5358913400047913,0.40035976111038074,419,0.006060473108664155,0.26033913157880306,0.13711164942942558
2.329183955739972,0.02581834946980175,0.2534915851781669,420,8.711302280426025e-4,0.5288246545940638,0.15998562513850628
2.4231317450621055,0.0444271672127506,0.26835028199180144,420,8.711302280426025e-4,0.5288246545940638,0.15998562513850628
6.437831739749589,2.7094006029109874,0.3608936950682,421,0.004618523649405688,0.2756163848564029,0.06820495238061994
7.276787362049237,2.9823201564979884,0.32825792219767236,421,0.004618523649405688,0.2756163848564029,0.06820495238061994
7.9021584855578695,2.416545317137011,0.37831161714850536,422,0.007292593682650477,0.5576089607551694,0.1982805584091693
8.369774681292617,2.4199525644826565,0.3658629781326922,422,0.007292593682650477,0.5576089607551694,0.1982805584091693
4.820391402463837,2.4471902630313345,0.2699457719696487,423,0.0032672991021536293,0.2459485124796629,0.018052626005373894
4.476125486435145,2.2242304642112836,0.26694326493100834,423,0.0032672991021536293,0.2459485124796629,0.018052626005373894
3.3504153330989954,0.20905407655449285,0.28557475041004327,424,0.002654741294682026,0.6088534040376544,0.23734928069170563
3.2721571520796826,0.24531956100710137,0.26618625007495933,424,0.002654741294682026,0.6088534040376544,0.23734928069170563
10.385315032247396,4.207779798982048,0.43484684854234007,425,0.009508991478942335,0.22752196975052358,0.165582651598379
10.780539026951349,4.294162076524879,0.4153027192980069,425,0.009508991478942335,0.22752196975052358,0.165582651598379
4.666961228322103,1.5795868772782502,0.34683396044697445,426,0.0024513607914559542,0.38930009156465534,0.048967787506990136
4.707861222528234,1.4010831592761686,0.3448137155263882,426,0.0024513607914559542,0.38930009156465534,0.048967787506990136
10.400840769968287,4.01762666863338,0.4244048183490774,427,0.009508094459306449,0.29522812347859145,0.17575910571031272
9.694852941176471,3.6544117647058822,0.4053206822331974,427,0.009508094459306449,0.29522812347859145,0.17575910571031272
2.9606961138559105,0.715286483297692,0.23351751575883822,428,8.339011343196035e-4,0.6114769553765655,0.013551851548254489
2.830292979546711,0.5767459001289846,0.29198627991535653,428,8.339011343196035e-4,0.6114769553765655,0.013551851548254489
8.379392572601068,3.7414274359021755,0.3966224124833803,429,0.007607065385673195,0.09368782378733159,0.10298868741374463
8.098481073399405,3.9311223077348982,0.4380716469548672,429,0.007607065385673195,0.09368782378733159,0.10298868741374463
4.731837902704698,1.9477522385304165,0.4206354230377562,430,0.003822248068172485,0.05452766343951226,0.08448879865463822
5.079517538188736,1.8489443839007,0.3397101279892775,430,0.003822248068172485,0.05452766343951226,0.08448879865463822
6.59175891303543,1.3438969308800117,0.3486971287988466,431,0.007144270562566817,0.7336427057161927,0.2573326207464561
6.561060968870878,1.3464726468962975,0.3363999212727788,431,0.007144270562566817,0.7336427057161927,0.2573326207464561
4.8785432562940025,0.6266357034907295,0.31554898981807145,432,0.00476171133806929,0.6497016929090024,0.26144713782705364
4.789034609052737,0.5956234623850835,0.3507199859052882,432,0.00476171133806929,0.6497016929090024,0.26144713782705364
3.499038319278,0.43645509690782663,0.31736430265026166,433,0.0028060907078906894,0.7227564357221127,0.20732267790008335
3.5640189685832837,0.25748369887374034,0.3516062476072361,433,0.0028060907078906894,0.7227564357221127,0.20732267790008335
10.631755326004898,3.975400025778416,0.33374736222221935,434,0.009212512297090143,0.5803695632144809,0.1793284404091537
10.418860743122147,3.74332538846701,0.3172752624707101,434,0.009212512297090143,0.5803695632144809,0.1793284404091537
3.478341184076845,0.30479357162648935,0.2745453968112525,435,0.003188005464617163,0.6380398219451309,0.26792027754709125
3.523335178011437,0.28961446227633275,0.33364904513843985,435,0.003188005464617163,0.6380398219451309,0.26792027754709125
8.646186753208438,2.9281604956483256,0.46457098347542725,436,0.008833178917411715,0.20610428713262083,0.21373841352760792
8.4109740379304,2.7950653654943842,0.4601779747882003,436,0.008833178917411715,0.20610428713262083,0.21373841352760792
13.503393832079091,7.13626973587133,0.23829334011978592,437,0.009594100380782037,0.5669089259579778,0.07711145980283618
12.45289988917621,6.405615072035463,0.27327520804088096,437,0.009594100380782037,0.5669089259579778,0.07711145980283618
11.775869693396226,5.238428655660377,0.2899879364605835,438,0.008589119189418853,0.47674903739243746,0.1024422709364444
11.11254684067709,5.240618020046886,0.33798234310774156,438,0.008589119189418853,0.47674903739243746,0.1024422709364444
3.4668238588217957,1.679991157941274,0.1951486985954894,439,0.007165828687138855,0.7624565759673715,0.005453657079488039
3.582568892006128,1.8494250539877073,0.21866542098258085,439,0.007165828687138855,0.7624565759673715,0.005453657079488039
4.57928087238432,0.5710285882699676,0.38242785434260423,440,0.004929901428986341,0.3936897814273834,0.2768802427221089
4.562064001771676,0.6939061750267597,0.3898593379685671,440,0.004929901428986341,0.3936897814273834,0.2768802427221089
8.428885319152865,5.264129692202588,0.26832292424771903,441,0.008940557737369091,0.29380718749016527,0.030648555513471364
8.839123503021765,5.429906195543362,0.21857440718893031,441,0.008940557737369091,0.29380718749016527,0.030648555513471364
11.704543356656266,6.585190244983108,0.2179808643444323,442,0.008883949974551797,0.47927192803472285,0.05461465842090547
11.633979665536973,6.487397448006371,0.21767170653668555,442,0.008883949974551797,0.47927192803472285,0.05461465842090547
9.608172766067504,3.43980343980344,0.35675784454656695,443,0.008050058868248016,0.3714467814192176,0.1483296294696629
9.83782981407949,3.6293464949716108,0.3758802121355215,443,0.008050058868248016,0.3714467814192176,0.1483296294696629
6.95828719084533,1.937984496124031,0.3199923925510011,444,0.005767165792640298,0.653385778516531,0.17577258115634323
6.358509753166312,1.6011833225478413,0.3199197464582485,444,0.005767165792640298,0.653385778516531,0.17577258115634323
5.266860432826703,1.6402243738082456,0.44668296353259457,445,0.003983487437944859,0.10873455796390773,0.12666043038479982
4.685769145557935,1.3422199246732147,0.4687481538227923,445,0.003983487437944859,0.10873455796390773,0.12666043038479982
3.205685835384701,0.1961909344981399,0.35838839031887715,446,0.002590059987269342,0.32095730379223825,0.24013539981096982
3.10339728660678,0.15711064285978338,0.32053123510115117,446,0.002590059987269342,0.32095730379223825,0.24013539981096982
6.7423416095099,3.01528904993437,0.44772689656389375,447,0.005806101022753865,0.1340380735695362,0.09224993451498449
7.2584527645076475,3.1515016849979633,0.4039079808527362,447,0.005806101022753865,0.1340380735695362,0.09224993451498449
4.221674968059696,2.3441405743699892,0.16888453735387537,448,0.006941506031434983,0.6223377168178559,0.007931128679774701
4.5193355874581975,2.5940912366276816,0.1751644479624611,448,0.006941506031434983,0.6223377168178559,0.007931128679774701
4.612905018618352,1.9878100742881493,0.39738509039537184,449,0.0026008258853107693,0.1599867118522525,0.028233526088297364
4.430122617816516,1.9334465947702761,0.36029442890134755,449,0.0026008258853107693,0.1599867118522525,0.028233526088297364
4.757498935993042,0.762384115763957,0.40628099239435106,450,0.005110578420571983,0.19480269122868776,0.29671055807266383
4.964329824690767,0.7779232031264401,0.3598818105128893,450,0.005110578420571983,0.19480269122868776,0.29671055807266383
5.017166906634179,0.8491158120131428,0.35933365400719774,451,0.0051351411594077944,0.6646690202876926,0.2638823672896251
4.952156197570014,0.813068087538487,0.35558045661319704,451,0.0051351411594077944,0.6646690202876926,0.2638823672896251
5.104596346493813,1.3940041249263406,0.4036499202738371,452,0.004101418682839721,0.26692511774599553,0.1333638936979696
5.460252977564398,1.5104791801311053,0.36036877209544116,452,0.004101418682839721,0.26692511774599553,0.1333638936979696
4.558978434017703,2.128878458041506,0.3347779259849165,453,0.003773437838535756,0.005106114037334919,0.0645907039521262
4.5193355874581975,2.16913327051346,0.32654509049830693,453,0.003773437838535756,0.005106114037334919,0.0645907039521262
5.592371695751417,3.4091745821368082,0.2274921407729608,454,0.00813306934433058,0.27696894723922016,0.013074503000825643
5.632683242443848,3.5271282003882063,0.1930873960764044,454,0.00813306934433058,0.27696894723922016,0.013074503000825643
7.62929679554742,3.727741720752205,0.3874617240561025,455,0.006539858065079898,0.18071113508194686,0.07834711731411516
8.158516767617078,3.870586497266952,0.40839805716464667,455,0.006539858065079898,0.18071113508194686,0.07834711731411516
2.8423101881894874,0.2836747937331974,0.2761523807921067,456,9.160799160599709e-4,0.7034653279930354,0.037351220310665664
2.7841540170307293,0.3720844131803036,0.26614452523099574,456,9.160799160599709e-4,0.7034653279930354,0.037351220310665664
11.468492643656889,4.717312852780605,0.2928138844227421,457,0.008928045961074531,0.794020134024322,0.14467749309260397
10.84381870923637,4.177521571235888,0.30555256782407153,457,0.008928045961074531,0.794020134024322,0.14467749309260397
3.7988248771294484,0.415727430619711,0.3576985934974674,458,0.0032140497490763665,0.4141007686033845,0.2451097872806713
3.648421480427835,0.3232778526961373,0.35243585839132685,458,0.0032140497490763665,0.4141007686033845,0.2451097872806713
4.163429881996079,1.9143269337476418,0.3051888677399544,459,0.0030036034248769284,0.14617391116917133,0.01593457767739892
4.129127740264545,1.9794653593562113,0.30382245290209303,459,0.0030036034248769284,0.14617391116917133,0.01593457767739892
5.5700464324694305,1.322677914053684,0.39802311017959013,460,0.004788706516847014,0.45909143052995205,0.15613955820444972
6.158656158656159,1.5484515484515484,0.3412615520630623,460,0.004788706516847014,0.45909143052995205,0.15613955820444972
7.189457925961521,2.1494446189956937,0.45212302045164354,461,0.007671902624424547,0.189126243814826,0.23388402953278273
6.900118203309693,2.133200354609929,0.4512609245519922,461,0.007671902624424547,0.189126243814826,0.23388402953278273
6.73091123910796,1.6190370698567418,0.32747564421507835,462,0.005265260071028024,0.7412414152175189,0.17241943990811706
6.485707422531828,1.642676324396238,0.35171743333098765,462,0.005265260071028024,0.7412414152175189,0.17241943990811706
8.027505931198101,4.602239027283511,0.375264540043463,463,0.008400344273541123,0.019356136582791807,0.08016355829313397
7.565625863498204,4.085843234779405,0.3056868281283415,463,0.008400344273541123,0.019356136582791807,0.08016355829313397
2.422931913949878,0.0332667997338656,0.1926778100168484,464,0.0010528794210404157,0.24218007549643517,0.219011509953998
2.4636614535418584,0.05335786568537259,0.34438778318368624,464,0.0010528794210404157,0.24218007549643517,0.219011509953998
10.213785477331367,3.6380390711389605,0.3512568956565881,465,0.008715618602000177,0.4173350198194385,0.18125176664907486
9.373208307902866,3.5195768370045686,0.4149334837023527,465,0.008715618602000177,0.4173350198194385,0.18125176664907486
8.421149594694178,2.9366249078850406,0.4157529947652942,466,0.007620438835583628,0.33273045457899575,0.17508534758817404
8.233682573766243,2.7118581318722,0.38935747420565664,466,0.007620438835583628,0.33273045457899575,0.17508534758817404
11.119087060555863,4.6824958586416345,0.32823394681251644,467,0.009008464450016618,0.6281283684074879,0.1321783581515774
11.548624327870064,4.813466619856243,0.3074608261842883,467,0.009008464450016618,0.6281283684074879,0.1321783581515774
2.353093402835542,0.020333093033142943,0.32182939231943136,468,0.001097786284517497,0.4003882251679898,0.283622912527062
2.3384173826651704,0.016558423638069655,0.12065751574638847,468,0.001097786284517497,0.4003882251679898,0.283622912527062
5.911220578158854,3.5389544250819456,0.27641446991439694,469,0.0067896322137676185,0.12387019861489534,0.018631686153821648
6.082725060827251,3.7473272874732726,0.23233623375357507,469,0.0067896322137676185,0.12387019861489534,0.018631686153821648
4.5205580844528335,1.641316013471004,0.4159377991020107,470,0.0037831966858357193,0.06818603910505772,0.10689497021958232
4.865774916282771,1.7242974228043884,0.44684558717471345,470,0.0037831966858357193,0.06818603910505772,0.10689497021958232
8.898933017190279,3.2843064611736814,0.3330190296078962,471,0.006759782009758055,0.496435852535069,0.12601761238183826
9.565009296246526,3.4644625665003774,0.3310370627758536,471,0.006759782009758055,0.496435852535069,0.12601761238183826
3.668581841170673,0.5076142131979695,0.2647524099630389,472,0.0023467272170819343,0.2467314435169101,0.12028616212774068
3.699134597679985,0.6002577794144726,0.3938618522391302,472,0.0023467272170819343,0.2467314435169101,0.12028616212774068
2.008328112908575,0.0018425028558794266,NA,473,2.96504576690495e-4,0.10973718091845514,0.1601556324167177
1.9908598072048402,0.0018502414565100748,NA,473,2.96504576690495e-4,0.10973718091845514,0.1601556324167177
1.8037438278428772,0.0036848699240916794,0.04768719423738583,474,4.9011940136551855e-5,0.11777457110583783,0.005594713473692536
1.9982303495059726,0.009216929656392862,0.4426102347141082,474,4.9011940136551855e-5,0.11777457110583783,0.005594713473692536
5.678829412854233,3.5673272828301537,0.19560489388437124,475,0.0083678397978656,0.15491435397416353,0.014244642527773976
5.6469894395399844,3.4667059842606753,0.20180640640747716,475,0.0083678397978656,0.15491435397416353,0.014244642527773976
6.231667496817754,1.553304923718339,0.33800255526552153,476,0.0053515896550379695,0.5067187681794166,0.17792005778755993
5.995008780848507,1.491819946390609,0.3835899991224505,476,0.0053515896550379695,0.5067187681794166,0.17792005778755993
9.559189542965653,3.2226544495861065,0.34253982902463337,477,0.008908354209270329,0.6519734563305974,0.19860728667117655
10.473110330807614,3.4189613749768992,0.34797887068053585,477,0.008908354209270329,0.6519734563305974,0.19860728667117655
6.717723080321802,1.9256613707910677,0.35082289639973574,478,0.007037142105400562,0.08813282325863839,0.22269241770263762
6.611067033230622,1.996420466077458,0.3912153726417987,478,0.007037142105400562,0.08813282325863839,0.22269241770263762
2.91387550978981,0.11810515049179722,0.3660591560967878,479,0.0020228918408975007,0.2023978337645531,0.22214038234669714
2.836265920636089,0.13804019730545536,0.3127031128664423,479,0.0020228918408975007,0.2023978337645531,0.22214038234669714
10.914109974803617,5.246776345042241,0.2639063799624978,480,0.007283827573992312,0.7654426347464324,0.07633516998030244
10.250472414687465,4.933491422431361,0.25093267947952363,480,0.007283827573992312,0.7654426347464324,0.07633516998030244
4.910449970396685,1.2174363528715215,0.42001356508899523,481,0.005348499172832817,0.029435355402529242,0.24025003553833812
4.7650672422380875,1.4610659139963473,0.5049722307189809,481,0.005348499172832817,0.029435355402529242,0.24025003553833812
4.960277229912813,1.0691047169637427,0.3253075103566509,482,0.004301178136374801,0.7912673847749829,0.14979083470534532
5.387043772038326,1.2609153174442005,0.35745269742779745,482,0.004301178136374801,0.7912673847749829,0.14979083470534532
8.258236076229872,4.784680159550893,0.2327476709427133,483,0.006358446802478284,0.7361515998840332,0.03439272770192474
8.24955647545831,4.810393258426966,0.21013491097050416,483,0.006358446802478284,0.7361515998840332,0.03439272770192474
6.624384667858921,3.7224137613156585,0.2695079512891732,484,0.0057220590510405605,0.6431293413043022,0.02639995424542576
7.166586689306412,4.1748182053080365,0.2091591880725167,484,0.0057220590510405605,0.6431293413043022,0.02639995424542576
4.177598758360741,0.7187465356047448,0.35725160947176265,485,0.0031244099512696267,0.39603876005858185,0.15479405850637704
4.041874781134232,0.5123762832445583,0.3658008261700039,485,0.0031244099512696267,0.39603876005858185,0.15479405850637704
4.618814252551679,0.6521979439183463,0.38971987810729336,486,0.005152444308623672,0.3877119440585375,0.2969989845296368
4.631911997351091,0.6107207240351716,0.38265385470990937,486,0.005152444308623672,0.3877119440585375,0.2969989845296368
5.023773543179389,0.7942943496369468,0.34288484170035477,487,0.004326734042260796,0.6635470364242793,0.21549187414348125
4.8399572728277285,0.637224207153118,0.2946351815812883,487,0.004326734042260796,0.6635470364242793,0.21549187414348125
4.294842115010649,1.3742013149365682,0.42833966990165545,488,0.0025027732597664,0.2865537764504552,0.05368229784071445
4.476260853500831,1.3984851283946056,0.34159383864318177,488,0.0025027732597664,0.2865537764504552,0.05368229784071445
3.369020543259185,0.48815665390802687,0.32305150204427546,489,0.0015871772752143443,0.28611422739923004,0.08167801613453775
3.303480749699935,0.4154741021143015,0.2377420422925193,489,0.0015871772752143443,0.28611422739923004,0.08167801613453775
3.777486476007607,0.27324926610416705,0.3212020096926314,490,0.003063165384810418,0.59992811810225255,0.2132256251759827
3.938836556862308,0.3697304126488676,0.3458303609533053,490,0.003063165384810418,0.59992811810225255,0.2132256251759827
1.9419630472174443,0.003698977232795132,0.4507898127707471,491,5.821119761094451e-5,0.520127440057695,0.015143808885477483
1.9522375930406517,0.009234804129804406,0.3061771206768212,491,5.821119761094451e-5,0.520127440057695,0.015143808885477483
3.974048538844014,0.7319642890149904,0.35456874908594854,492,0.002606692884583026,0.5155168864876032,0.09707076991908252
3.8935672299102615,0.7739224971899242,0.34798941488532215,492,0.002606692884583026,0.5155168864876032,0.09707076991908252
3.056333874059873,0.1806518212653001,0.19390377369487663,493,0.0025639991578646003,0.46526324916630984,0.2624088398180902
3.4411384217335055,0.2642764738495657,0.2881670869041407,493,0.0025639991578646003,0.46526324916630984,0.2624088398180902
6.687468842894334,2.5627296394084302,0.4305170791878161,494,0.006936548296362162,0.05202167574316263,0.17966162930242716
6.189630287554125,2.338921579512231,0.4251232598395042,494,0.006936548296362162,0.05202167574316263,0.17966162930242716
9.162740661052787,3.789368253143896,0.4575266876011442,495,0.009631694322451948,0.12138242460787296,0.17199137317948043
9.314032823160613,4.095519085377097,0.4694051374960733,495,0.009631694322451948,0.12138242460787296,0.17199137317948043
7.799206422441634,4.036172372427794,0.30871852244131864,496,0.008613090626895428,0.00658524539321661,0.11315595810301601
7.5718986447546985,4.045286386198434,0.28422700952406604,496,0.008613090626895428,0.00658524539321661,0.11315595810301601
5.729677694059278,3.267489864301979,0.2448533250056246,497,0.005713955557439476,0.20901875961571934,0.01851062555797398
5.661389361544721,3.2440630317378116,0.23958549386691594,497,0.005713955557439476,0.20901875961571934,0.01851062555797398
6.190458607192969,1.8647071855845212,0.3923713926954502,498,0.00492958557093516,0.270704503543675,0.1416075643384829
6.378039793662491,1.7962417096536478,0.3743060098297001,498,0.00492958557093516,0.270704503543675,0.1416075643384829
3.8422667720181547,0.3013542566288749,0.35330876619941687,499,0.003298567826859653,0.15156096015125514,0.28325939518399534
3.438702990820255,0.27021024578027836,0.2764198245967145,499,0.003298567826859653,0.15156096015125514,0.28325939518399534
6.4482713971254695,3.9529420469469674,0.32459551558368654,500,0.007976743336766958,0.08373337462544442,0.0248181180562824
6.956360604095247,4.306494950430835,0.26635582687021653,500,0.007976743336766958,0.08373337462544442,0.0248181180562824
