ANT,MF,ICC,Sim,T1,W,k,ICC10
2.408123254480552,0.012946899217637376,0.11623719495553199,1,0.0019590828841294255,0.2778310863740896,0.7403590615686693,0.7554699728120478
2.414967245271846,0.027758244198526964,0.16913963312602007,1,0.0019590828841294255,0.2778310863740896,0.7403590615686693,0.7554699728120478
3.888270230141054,0.24127691165553078,0.32275374352786834,2,0.005371218929582634,0.5194321677186273,0.626199157445092,0.6098900979983481
3.7278588897947085,0.13340250500259393,0.33964834170536723,2,0.005371218929582634,0.5194321677186273,0.626199157445092,0.6098900979983481
6.591535742704344,2.4408297710912485,0.4577660986693949,3,0.00881808135871797,0.5203453289884675,0.27750400839858547,0.8383831368022814
7.2799837401378396,2.5867962528408563,0.45979972783282663,3,0.00881808135871797,0.5203453289884675,0.27750400839858547,0.8383831368022814
2.7345775012960085,0.22772717173961343,0.33569802494175494,4,0.0030799705839329125,0.1417686013243788,0.47280574449887386,0.7579098398204072
2.82886216466235,0.13691026827012026,0.30537262567004764,4,0.0030799705839329125,0.1417686013243788,0.47280574449887386,0.7579098398204072
13.68440502586844,4.656319290465632,0.2973614329103368,5,0.01298062256653083,0.6953241889894548,0.2597900722632965,0.4436599697175608
13.898417616465641,4.6955110471764225,0.30622429534732193,5,0.01298062256653083,0.6953241889894548,0.2597900722632965,0.4436599697175608
12.35259324978744,6.648552733725185,0.26297275703482553,6,0.010076029610544017,0.6985110257962471,0.06857584526850279,0.6126209905196833
13.240270727580372,7.286838814095491,0.21595450297137636,6,0.010076029610544017,0.6985110257962471,0.06857584526850279,0.6126209905196833
4.40083860526703,0.45608356627924085,0.38216576025847115,7,0.005517023665025113,0.7052415196528278,0.3841237464681592,0.5728452563872126
4.718518518518518,0.4518518518518519,0.2876536649466179,7,0.005517023665025113,0.7052415196528278,0.3841237464681592,0.5728452563872126
8.205869811075885,1.3719710032074457,0.3448894454775237,8,0.012893364306497335,0.5954262753596217,0.610065648232972,0.4562702474892632
8.283193680558119,1.6629138828393193,0.38973588005040277,8,0.012893364306497335,0.5954262753596217,0.610065648232972,0.4562702474892632
7.132381606549465,1.7636029480015594,0.4315048821482834,9,0.011983252015783551,0.5910279489433891,0.6071434085690018,0.6830871530766898
7.6890241639137376,1.6777402472068592,0.40771965068116456,9,0.011983252015783551,0.5910279489433891,0.6071434085690018,0.6830871530766898
8.549270748500778,1.984156363367143,0.40092075920416287,10,0.01288318399216567,0.2513634686087262,0.5404398716826675,0.445963760828707
8.619163531754813,1.7223574537139483,0.43347593425192166,10,0.01288318399216567,0.2513634686087262,0.5404398716826675,0.445963760828707
2.1405656550757772,0.03318706441977949,0.2312442559408664,11,0.0018892211113027278,0.11603320560765146,0.6322712242678774,0.8505549014349049
2.2295470538128215,0.03888744861301433,0.23195074895229315,11,0.0018892211113027278,0.11603320560765146,0.6322712242678774,0.8505549014349049
10.249230426881281,5.351778362941809,0.34309520525093323,12,0.0087589216981678545,0.43933699377395563,0.07311576558465122,0.753750636121289
10.429323238851444,5.451020219739636,0.32998099484075827,12,0.0087589216981678545,0.43933699377395563,0.07311576558465122,0.753750636121289
6.447623442547299,1.5357637286571297,0.3651564319861476,13,0.011425724254583625,0.7825949671631105,0.6031165506383969,0.7505227362990214
7.171726492571745,1.269724093383778,0.35864947308893746,13,0.011425724254583625,0.7825949671631105,0.6031165506383969,0.7505227362990214
7.021312052141389,0.983205880719166,0.38663064355995397,14,0.011959060277436987,0.7290160735220051,0.689593247518734,0.5563413119919116
6.223009633484664,0.9153655925884916,0.36529485949877405,14,0.011959060277436987,0.7290160735220051,0.689593247518734,0.5563413119919116
1.9096482616829353,0.011113374946748413,0.0750685086236506,15,0.001106296136302314,0.2897278588878444,0.41053924439758127,0.8922645465449957
2.0563270891506553,0.03328587014812212,0.20757507081681767,15,0.001106296136302314,0.2897278588878444,0.41053924439758127,0.8922645465449957
8.43803778612535,3.4492329897670286,0.40002025787753986,16,0.011081230849934747,0.7938151226177687,0.25916712859802943,0.8636042675538194
9.043774535219613,3.479371898377898,0.44021844564455237,16,0.011081230849934747,0.7938151226177687,0.25916712859802943,0.8636042675538194
9.986335266092993,3.4420356760350117,0.4626506310771279,17,0.012096438538529729,0.22465374011732125,0.3030136859758866,0.5715604943885895
9.672594316104371,3.1669528927298582,0.4575334350478192,17,0.012096438538529729,0.22465374011732125,0.3030136859758866,0.5715604943885895
2.8275874831140473,0.13878865263976017,0.3069001758941421,18,0.002748401438972796,0.6508504089379882,0.3271642651758546,0.7725912692022938
2.981879912905488,0.12732036756836548,0.3702526175961752,18,0.002748401438972796,0.6508504089379882,0.3271642651758546,0.7725912692022938
2.622793588726783,0.06639983768928565,0.2225836065990365,19,0.002755398823209795,0.6228184506171938,0.440996679316114,0.7359114128094106
2.7000147340503906,0.10313835273316635,0.21504437828322043,19,0.002755398823209795,0.6228184506171938,0.440996679316114,0.7359114128094106
9.03591124555029,3.0617702934503934,0.38849918924864657,20,0.008297950965579087,0.38166248281155635,0.17590734646393175,0.5112862939824232
9.870594967787193,3.500027690092485,0.386011374900072,20,0.008297950965579087,0.38166248281155635,0.17590734646393175,0.5112862939824232
18.32893059686328,10.61090277649493,0.17558780316249298,21,0.014462170498010579,0.42181650412684146,0.08357342665159907,0.42423094633036224
17.40373793841442,10.042250142986292,0.19572865500838083,21,0.014462170498010579,0.42181650412684146,0.08357342665159907,0.42423094633036224
7.234293724868116,1.9257018482310841,0.43765901523643014,22,0.009328299323163522,0.4625733739266316,0.34553722279419713,0.6950896068659235
7.53185917415119,2.130092396215628,0.4093905739876239,22,0.009328299323163522,0.4625733739266316,0.34553722279419713,0.6950896068659235
12.735778998960345,5.0181939699985145,0.3460160200229452,23,0.011984376689128195,0.6781805867938238,0.20162695460450059,0.6463302576767034
13.569485314530008,5.598430588714304,0.345129569975702,23,0.011984376689128195,0.6781805867938238,0.20162695460450059,0.6463302576767034
5.139615085104016,0.5488189268365039,0.3616886239078171,24,0.008862641297380763,0.14538060795496371,0.7344022450725705,0.530015378129482
5.00332938739272,0.8304971885173129,0.4821032621257563,24,0.008862641297380763,0.14538060795496371,0.7344022450725705,0.530015378129482
8.417900515721177,3.109114771067857,0.507867172680354,25,0.01490594271347767,0.2414518264639145,0.5386144734201512,0.7408512947841244
9.255908419497784,3.299483013293944,0.5448451200512127,25,0.01490594271347767,0.2414518264639145,0.5386144734201512,0.7408512947841244
3.787459913745438,0.38151056065465,0.31822533403528896,26,0.005781137771549788,0.23013810177071142,0.7377810806404951,0.6327225289555002
3.8621454310265175,0.34925621361914444,0.3662640403116111,26,0.005781137771549788,0.23013810177071142,0.7377810806404951,0.6327225289555002
6.255209587493285,1.6411358289958693,0.39070702039959765,27,0.007269623195073014,0.404675399924741,0.30393789844100433,0.7216443662303567
6.347150259067358,1.881939304219097,0.4532094590977246,27,0.007269623195073014,0.404675399924741,0.30393789844100433,0.7216443662303567
2.8491134653428736,0.09983914803927006,0.2950473222786135,28,0.0026385404993352537,0.13373715072342368,0.44888417370801514,0.4614725641874349
2.910444996109526,0.09448293749305273,0.23830159726960484,28,0.0026385404993352537,0.13373715072342368,0.44888417370801514,0.4614725641874349
5.50311270389596,0.8165074908096724,0.3747512129597748,29,0.0088254828205566,0.5287687766328235,0.5667484171697104,0.5026380746273137
5.022510886412281,0.5996752527861835,0.3969920528895183,29,0.0088254828205566,0.5287687766328235,0.5667484171697104,0.5026380746273137
12.223823246878002,3.6780462572969777,0.3742533364251078,30,0.014953445611828169,0.6662553754125532,0.3870890556682189,0.4907046558257585
14.483806981443376,4.258198468754055,0.35114902776309825,30,0.014953445611828169,0.6662553754125532,0.3870890556682189,0.4907046558257585
5.876919097677684,1.6276534816265449,0.411713660521217,31,0.008525873919339334,0.7992167675488369,0.3635467034107341,0.8270134138219967
6.399424439197167,1.4831759149940968,0.37683017766736515,31,0.008525873919339334,0.7992167675488369,0.3635467034107341,0.8270134138219967
10.910468726896347,4.171595445808073,0.37832149852839775,32,0.012180178892677,0.7254346554378068,0.22510907177875913,0.7969477728393713
11.200989897870612,4.670618870851571,0.3636447009757094,32,0.012180178892677,0.7254346554378068,0.22510907177875913,0.7969477728393713
6.11764705882353,1.1171838814265862,0.37758300999336075,33,0.009310667091426151,0.6471731922151578,0.491243060384541,0.5906990855153208
6.30575492868933,1.114634915335967,0.3592000473605636,33,0.009310667091426151,0.6471731922151578,0.491243060384541,0.5906990855153208
6.576042969612243,2.3103524391141197,0.5515286740848346,34,0.01160190989104967,0.1265022447128936,0.5386032697859873,0.7565425963981218
5.8277167389899365,2.1364601606499862,0.5406681498562799,34,0.01160190989104967,0.1265022447128936,0.5386032697859873,0.7565425963981218
11.386788441272717,6.89973931853057,0.28637679316973863,35,0.012864820456803464,0.5744650852607419,0.04925970243895848,0.8190334193778577
12.20205150911372,7.4311858903401955,0.24290009008620234,35,0.012864820456803464,0.5744650852607419,0.04925970243895848,0.8190334193778577
3.0655743781740004,0.13715387181673278,0.2739192670631798,36,0.002462507224921487,0.471237184577001,0.23573404046070773,0.5158311011020256
3.0807490303064045,0.11135237458938811,0.3040242594125346,36,0.002462507224921487,0.471237184577001,0.23573404046070773,0.5158311011020256
2.3512987251552224,0.022043425548330213,0.156634197174956,37,0.0017215513107559346,0.1450469007179503,0.5790448422593361,0.6091317458542538
2.2918978912319647,0.012948575656677766,0.036694507829986026,37,0.0017215513107559346,0.1450469007179503,0.5790448422593361,0.6091317458542538
3.6735750337406863,0.7487659228308898,0.427553623113183,38,0.003390321100639829,0.692894034861112,0.17394083713174197,0.8040147912537392
4.099256870702915,0.8283760493689887,0.4006580485721388,38,0.003390321100639829,0.692894034861112,0.17394083713174197,0.8040147912537392
7.3597567757962254,1.9965889288495051,0.493417392773246,39,0.013872540241686715,0.4441713032283893,0.6455828720101243,0.6819440125358186
8.091619987798792,2.2276449817906196,0.4439712138634612,39,0.013872540241686715,0.4441713032283893,0.6455828720101243,0.6819440125358186
9.186958774332025,2.349937088298424,0.2850725525825548,40,0.008201850101115375,0.7929044287940771,0.2365113803218974,0.4920983276228542
7.701092262069221,2.005857324418412,0.3626619889915873,40,0.008201850101115375,0.7929044287940771,0.2365113803218974,0.4920983276228542
3.1066844721418505,0.30046739372357,0.3024856667705324,41,0.0034161378700650947,0.13196544392239593,0.3524196368323836,0.7385581845464424
3.0044578712743615,0.2818406218914637,0.4945134000490967,41,0.0034161378700650947,0.13196544392239593,0.3524196368323836,0.7385581845464424
7.242365531875635,1.7197158409447366,0.4792825097031432,42,0.01201352667268681,0.13859189712142447,0.6503774886668003,0.5419266730129598
6.706311713814632,1.2838326015672763,0.43058948488135695,42,0.01201352667268681,0.13859189712142447,0.6503774886668003,0.5419266730129598
7.3038907192833085,2.409950764446748,0.44561312472369413,43,0.008002764098247265,0.4555281649226925,0.2591432869764519,0.7249810345228891
7.413484761887203,2.42629841995612,0.45788770444369664,43,0.008002764098247265,0.4555281649226925,0.2591432869764519,0.7249810345228891
4.216232216528222,0.5235602094240838,0.40519240333542705,44,0.007181357514048545,0.7007683880999278,0.5927148738002157,0.6775282548335095
4.5620707480983675,0.5317184846023189,0.4415991162581167,44,0.007181357514048545,0.7007683880999278,0.5927148738002157,0.6775282548335095
5.233179723502304,0.4995391705069125,0.35008269945641746,45,0.007520395532306813,0.728653502920626,0.4887399428752038,0.6462480147880473
4.942439672348904,0.7490222123828499,0.40421798051569935,45,0.007520395532306813,0.728653502920626,0.4887399428752038,0.6462480147880473
2.188163604468655,0.025851721909334317,0.35227771663219287,46,0.0023712910579583935,0.7013065580911386,0.704582461065881,0.8939587836254917
2.374091356968897,0.037182323523396975,0.24764778343549865,46,0.0023712910579583935,0.7013065580911386,0.704582461065881,0.8939587836254917
5.504808137703582,1.6805321376294677,0.5749307957033181,47,0.010231454728204428,0.15348932629585732,0.6274113792557193,0.7325932590941429
5.7618580186320445,1.4075898727612839,0.5071726557284129,47,0.010231454728204428,0.15348932629585732,0.6274113792557193,0.7325932590941429
5.747741102710677,1.2520744975106028,0.33731808411204556,48,0.007604496594689621,8.34038335243234e-4,0.33622708946821156,0.4445609802307291
5.5766699419714865,1.5387752831902703,0.48395587195855316,48,0.007604496594689621,8.34038335243234e-4,0.33622708946821156,0.4445609802307291
3.037867021669995,0.068412099696768,0.35461508181655876,49,0.003531874541572739,0.7186335829728715,0.5491422210358042,0.5015867129038173
3.023131113288834,0.07026237449845608,0.24084625036251614,49,0.003531874541572739,0.7186335829728715,0.5491422210358042,0.5015867129038173
2.0649784821115236,0,NA,50,4.431651141909752e-4,0.35748449283576916,0.43246338033871334,0.5124074295816816
2.0367766760396626,0,NA,50,4.431651141909752e-4,0.35748449283576916,0.43246338033871334,0.5124074295816816
2.445426147390991,0.12384244283839485,0.2863245605922197,51,0.0032361443522661054,0.1356100431193805,0.7285585502023294,0.8547908029278013
2.4942263279445727,0.11824480369515011,0.4005320531812513,51,0.0032361443522661054,0.1356100431193805,0.7285585502023294,0.8547908029278013
10.48041416934182,4.358798315117552,0.4678554688857418,52,0.011682724695421462,0.07361934467051731,0.20097890622532286,0.4595724684863988
9.60329784087548,4.10751257024549,0.46137331997712094,52,0.011682724695421462,0.07361934467051731,0.20097890622532286,0.4595724684863988
6.294015707385421,1.227830832196453,0.4133148879460331,53,0.007715701921811794,0.596944194884131,0.3587352661408799,0.5233648524293418
6.372738839409194,1.2188600615883904,0.38645352275778133,53,0.007715701921811794,0.596944194884131,0.3587352661408799,0.5233648524293418
12.905260034127162,5.682914162771719,0.33368656643086814,54,0.010781560233459931,0.5768246618983173,0.12925741845405267,0.6667296673124123
12.101252744414309,5.391044445674434,0.3258632656939658,54,0.010781560233459931,0.5768246618983173,0.12925741845405267,0.6667296673124123
3.1757535213884864,0.5110194373211432,0.43431299577844323,55,0.0030543199193893335,0.31388202469969667,0.24958393886533084,0.8553355067525492
3.0356154272005904,0.38568001476287134,0.42758523887873934,55,0.0030543199193893335,0.31388202469969667,0.24958393886533084,0.8553355067525492
7.080922183808168,1.6583778587143412,0.45495077057911815,56,0.009652417528606683,0.10268881352601417,0.4236124207897539,0.4628437018188392
6.943647635791617,1.5397427593226611,0.40195265368034994,56,0.009652417528606683,0.10268881352601417,0.4236124207897539,0.4628437018188392
5.931059975972646,1.9425191756769247,0.3738060927640327,57,0.004455606220701266,0.6492993360045977,0.11874095131599297,0.7404446162312479
5.912782289464902,2.0302592056958506,0.35900925020966673,57,0.004455606220701266,0.6492993360045977,0.11874095131599297,0.7404446162312479
8.034475743059536,2.820574472413857,0.48326355920429603,58,0.013719165054752104,0.6285654597779774,0.5140951153663416,0.894883585939134
7.596340449126698,2.6411607060345625,0.5044925988318866,58,0.013719165054752104,0.6285654597779774,0.5140951153663416,0.894883585939134
7.846358300417143,5.2272139983018935,0.15275859280107293,59,0.010860770971989344,0.33761487450075667,0.01895242009826549,0.4702121233577192
7.5052581085568795,4.959226596804546,0.1677707647403531,59,0.010860770971989344,0.33761487450075667,0.01895242009826549,0.4702121233577192
9.249389296024873,3.693833740469317,0.4426658677018754,60,0.009938310810171219,0.07040383281279292,0.1823122109800903,0.4752098112468703
9.623772667371977,3.9682981606251277,0.4357412317625921,60,0.009938310810171219,0.07040383281279292,0.1823122109800903,0.4752098112468703
9.25189936595375,2.5879438785884616,0.40013451864670524,61,0.009722307122368339,0.35357256325499464,0.2838239497261545,0.49319943012331646
10.151223840863715,2.9412852177771205,0.3841497677136566,61,0.009722307122368339,0.35357256325499464,0.2838239497261545,0.49319943012331646
2.5867799113737076,0.24187592319054652,0.29021274318113116,62,8.001693341497382e-4,0.07944358226942484,0.047984406645585925,0.4033001315748383
2.701703810474184,0.20881842037180764,0.3232705281011437,62,8.001693341497382e-4,0.07944358226942484,0.047984406645585925,0.4033001315748383
2.100693486378603,0.02391332340010669,0.09882996778035401,63,0.0014148623517927176,0.7986235113147857,0.5413891342442808,0.8641868661974716
2.115843838507247,0.027766979507969122,0.25104342304161753,63,0.0014148623517927176,0.7986235113147857,0.5413891342442808,0.8641868661974716
2.383816697821621,0.04812052340323148,0.28181643317075417,64,0.0020429971103890334,0.050293911262679285,0.6120445626101617,0.8268448505978401
2.2757006762608487,0.06633621404485064,0.29912970218716445,64,0.0020429971103890334,0.050293911262679285,0.6120445626101617,0.8268448505978401
4.93370564195499,2.694306266989663,0.4498020974119907,65,0.005108750344398449,0.002336213850866184,0.08246196828598376,0.6862774001075187
5.478994713901511,2.9194101826949828,0.3187126666280197,65,0.005108750344398449,0.002336213850866184,0.08246196828598376,0.6862774001075187
3.1829846943485403,0.10339161420157672,0.24254675289578057,66,0.0030573480042927867,0.6895327028405859,0.42864188268257114,0.42895022242368347
3.126268029067837,0.051643365671917074,0.20385444675170686,66,0.0030573480042927867,0.6895327028405859,0.42864188268257114,0.42895022242368347
8.321146263351784,3.7894074307188212,0.5295230560296353,67,0.012360609669938408,0.1403245429479296,0.2222850702366081,0.747653896736915
8.303909788335336,3.7563545614197245,0.5374507181593331,67,0.012360609669938408,0.1403245429479296,0.2222850702366081,0.747653896736915
11.972856853091406,4.851468717154395,0.44348846201588815,68,0.013389720547725885,0.22255076465442758,0.23688335989409567,0.6707157587420377
10.859854312246298,4.359511408500306,0.46789671824249796,68,0.013389720547725885,0.22255076465442758,0.23688335989409567,0.6707157587420377
4.37357715301042,0.5015824834810935,0.3543746950396574,69,0.006655226257696529,0.6464680398035219,0.5300911103326248,0.7021521961427426
4.394389043519935,0.5013732465761,0.3818546317395122,69,0.006655226257696529,0.6464680398035219,0.5300911103326248,0.7021521961427426
13.81735614996954,4.5061010503775085,0.35507383613351373,70,0.014668823012876135,0.6420694939676801,0.3436453982112564,0.6000802870878716
12.104894331132666,3.9796407627337436,0.3796784579922,70,0.014668823012876135,0.6420694939676801,0.3436453982112564,0.6000802870878716
1.9758385288513127,0.0018500360757034763,NA,71,2.699199857058369e-4,0.6963233005337526,0.42431851524818953,0.5200619564561376
1.9699047477854787,0,NA,71,2.699199857058369e-4,0.6963233005337526,0.42431851524818953,0.5200619564561376
7.446867338850898,1.9667840224143336,0.3808238316619601,72,0.009127276782755175,0.053539949826968275,0.3593322319027745,0.4547678059413339
6.582090934345773,1.5760718585054172,0.43499320867880276,72,0.009127276782755175,0.053539949826968275,0.3593322319027745,0.4547678059413339
2.4937933078889833,0.06669878089450476,0.2600494043532609,73,0.0015837790757478327,0.5976742020613128,0.2275072752641312,0.7639039536221006
2.5884526558891454,0.11270207852193996,0.23851506041010162,73,0.0015837790757478327,0.5976742020613128,0.2275072752641312,0.7639039536221006
8.04929499278339,4.846230709448207,0.27503311358327676,74,0.011666578739333987,0.013984847000997556,0.1168101729723895,0.6817038808936271
7.858864217516878,4.630328004562262,0.3560907706466674,74,0.011666578739333987,0.013984847000997556,0.1168101729723895,0.6817038808936271
9.735669845009756,1.881235504178478,0.3180316993297036,75,0.014210322011668929,0.688882475552977,0.5433188831271436,0.42649213851205187
10.034319636397365,1.9441610240237457,0.34787470363804784,75,0.014210322011668929,0.688882475552977,0.5433188831271436,0.42649213851205187
3.593747102564578,0.4265024941124112,0.39059553760308696,76,0.004924436486159169,0.61944190078506145,0.4068913396665358,0.7689337436198767
3.6257957376141707,0.4871298090229726,0.40894313861722575,76,0.004924436486159169,0.61944190078506145,0.4068913396665358,0.7689337436198767
2.6687598116169546,0.03509095946070736,0.2693740011858757,77,0.0028556503714004715,0.6517001132372823,0.6861614502876955,0.4492172862256867
2.7901207139154263,0.05184033177812338,0.23581150740331208,77,0.0028556503714004715,0.6517001132372823,0.6861614502876955,0.4492172862256867
2.1057695866178157,0.014803301136153363,0.16019669283917,78,0.00131999940019098,0.3266445819153621,0.7438037874482545,0.7457673499173505
2.068391866913124,0.0073937153419593345,0.03453874194145999,78,0.00131999940019098,0.3266445819153621,0.7438037874482545,0.7457673499173505
7.646417819478049,2.9181981050181927,0.4264606972889567,79,0.011479022002927162,0.001329356868869213,0.33755769443977635,0.5965570462364391
7.237218927258282,2.9488387561665097,0.4902318868790594,79,0.011479022002927162,0.001329356868869213,0.33755769443977635,0.5965570462364391
2.2478375468686194,0.00928091472695549,0.11935558672780557,80,0.001006563721309708,0.09442440747289844,0.36149768180947706,0.476569653913958
2.268806233188016,0.02411650125220295,0.22841031935085634,80,0.001006563721309708,0.09442440747289844,0.36149768180947706,0.476569653913958
11.629279811097993,6.628172963400236,0.33315800461353046,81,0.013434255993767932,0.018442314452492028,0.1040399743710446,0.40950197537346067
11.17152652338998,6.20415084602057,0.3317795767573771,81,0.013434255993767932,0.018442314452492028,0.1040399743710446,0.40950197537346067
10.418823007541032,6.794322046429099,0.16829401947826003,82,0.011914535375131145,0.690581701053538,0.031109894176679198,0.6123498978719066
10.336551775065999,6.721804788893607,0.1584420051190477,82,0.011914535375131145,0.690581701053538,0.031109894176679198,0.6123498978719066
5.144226338586305,0.9252603446686941,0.47828132751419583,83,0.0095551353675472,0.48027347808165566,0.7450943202943585,0.6286041120648513
5.132700896976856,0.7991583920859326,0.41675928794259054,83,0.0095551353675472,0.48027347808165566,0.7450943202943585,0.6286041120648513
4.595404595404595,0.6863506863506863,0.4039139894052969,84,0.005901932583097829,0.22737605387676024,0.3793417381642111,0.47667990667964816
4.332249963066922,0.6943418525631555,0.3644539186332254,84,0.005901932583097829,0.22737605387676024,0.3793417381642111,0.47667990667964816
6.303422756706753,1.6484736355226643,0.43800811860975974,85,0.010555055717809961,0.023179277968893255,0.6101705147036043,0.5521202212062213
6.331676789987116,1.3694091662065158,0.4424166208059304,85,0.010555055717809961,0.023179277968893255,0.6101705147036043,0.5521202212062213
7.689460534838531,2.070879985194781,0.424645282809131,86,0.009913655814491308,0.5818877770175827,0.3532745820100217,0.6598713298917833
7.9531192321890005,2.146548541897379,0.3954492862952378,86,0.009913655814491308,0.5818877770175827,0.3532745820100217,0.6598713298917833
7.431517646840631,1.20365733785864,0.4017157091134892,87,0.011389471711360412,0.3546669850523428,0.584333957583053,0.4959814228033964
7.282478039759593,1.3277854831252889,0.44487460950506064,87,0.011389471711360412,0.3546669850523428,0.584333957583053,0.4959814228033964
9.661201781786593,2.9332939023714024,0.4668258045104995,88,0.012306888488780896,0.33298575516348644,0.35721492268161475,0.5759158292763151
10.284073126277224,3.2365557744352595,0.4410983018928348,88,0.012306888488780896,0.33298575516348644,0.35721492268161475,0.5759158292763151
3.3407489803485353,0.6637004078605858,0.46767735409483635,89,0.004949534964864904,0.3540411496629378,0.48046802940716743,0.8709736938733907
3.42517718028904,0.47926574267685645,0.4020104973670914,89,0.004949534964864904,0.3540411496629378,0.48046802940716743,0.8709736938733907
8.838248601133866,3.0968957175306087,0.4887898281918813,90,0.014507034895350985,0.3031315784555321,0.4880231487445568,0.8714968383943994
8.038668416480286,2.9722186281214764,0.5349385441769755,90,0.014507034895350985,0.3031315784555321,0.4880231487445568,0.8714968383943994
6.454243822869747,2.4337800515301486,0.5448156134403809,91,0.014327715307046844,0.344777330130731,0.7042341797660826,0.8995592142008983
6.606584513518484,2.308258230641898,0.5425251832622566,91,0.014327715307046844,0.344777330130731,0.7042341797660826,0.8995592142008983
4.774418002146637,1.1084792183278434,0.4288435105394933,92,0.005248502800634267,0.5698501715736548,0.24748985651831382,0.8417546313221016
4.8081718602803996,1.3114875223968818,0.43957589815770615,92,0.005248502800634267,0.5698501715736548,0.24748985651831382,0.8417546313221016
7.112164765150393,1.9354719217661878,0.43983209595194916,93,0.012127457808822214,0.6854663327748416,0.5991675762801562,0.7392292957426267
6.845816445505524,1.6897081413210446,0.40920220002155033,93,0.012127457808822214,0.6854663327748416,0.5991675762801562,0.7392292957426267
5.232644017725258,1.2721565731166913,0.5109470960027316,94,0.00932518175445446,0.49778670769642003,0.6739370188766393,0.776441408367784
5.232687185557857,0.8489937851435336,0.4674005507264691,94,0.00932518175445446,0.49778670769642003,0.6739370188766393,0.776441408367784
3.76214937728667,0.3510846668391293,0.42898749640521877,95,0.006447014865926256,0.028771457165587485,0.7090375660499125,0.6369297301120553
3.759203278870941,0.5971699337920291,0.470360337029439,95,0.006447014865926256,0.028771457165587485,0.7090375660499125,0.6369297301120553
7.87577085964782,3.087153577531763,0.46133256358660985,96,0.013125809342639601,0.41863848191611575,0.38283153461035324,0.8944444191279912
8.307612693366847,3.3544643022159795,0.48953061366550155,96,0.013125809342639601,0.41863848191611575,0.38283153461035324,0.8944444191279912
3.7238269483099558,0.41026778289072463,0.41811412891113814,97,0.0049004074824705625,0.3192484274515121,0.4791368317418874,0.5948144326501996
3.9585961267344363,0.5064183423610596,0.37031403050510325,97,0.0049004074824705625,0.3192484274515121,0.4791368317418874,0.5948144326501996
4.284764051587155,0.7316802778906913,0.3978495876118159,98,0.00734403268493684,0.41717257452474343,0.628605856781364,0.7768362563294222
4.470914127423823,0.6131117266851339,0.3675680157217976,98,0.00734403268493684,0.41717257452474343,0.628605856781364,0.7768362563294222
3.8180206139864787,1.5534375115445713,0.4911453357506264,99,0.009414876567501186,0.017588887284157927,0.7336578669075008,0.8311029203630536
4.0517892332909735,1.3260401127134096,0.5885044410486125,99,0.009414876567501186,0.017588887284157927,0.7336578669075008,0.8311029203630536
6.918958833302566,1.9881853424404652,0.47481963801165344,100,0.009022127346043124,0.3199969003348042,0.3383742990535345,0.7110436458832301
6.944598235706641,2.1518473406414937,0.46393825734140853,100,0.009022127346043124,0.3199969003348042,0.3383742990535345,0.7110436458832301
10.619469026548673,3.420234393685721,0.45446543746776735,101,0.01413325261201629,0.4260323687956512,0.40601137988510705,0.677981909764986
10.430228483965552,3.4134287347631256,0.4049418207511775,101,0.01413325261201629,0.4260323687956512,0.40601137988510705,0.677981909764986
9.560427372546119,2.769048763355392,0.46584787198623107,102,0.01474715790185352,0.09541748088012358,0.5346371617551264,0.483367982492908
8.890452298520726,2.8363542110232722,0.5255831583093844,102,0.01474715790185352,0.09541748088012358,0.5346371617551264,0.483367982492908
2.4323874048980954,0.007404527868791766,0.31948725378078524,103,0.001833870397285801,0.642707032543389,0.6647980778939092,0.5904050200488987
2.291214251536678,0.011041996392947845,0.5987712331558286,103,0.001833870397285801,0.642707032543389,0.6647980778939092,0.5904050200488987
13.954217045119432,6.301607195517546,0.3305009389394142,104,0.014176674710760903,0.7720542111870079,0.1690988640749277,0.7202059191192574
14.188239644970412,6.738165680473372,0.33294819726510894,104,0.014176674710760903,0.7720542111870079,0.1690988640749277,0.7202059191192574
3.8549674748669425,0.6153903015966884,0.4461068164595704,105,0.004987464845737603,0.6170000302456335,0.37300601998466354,0.8819937955482653
4.06079184517654,0.6832619293839562,0.46552669071172126,105,0.004987464845737603,0.6170000302456335,0.37300601998466354,0.8819937955482653
4.503853564547207,0.8244404920705498,0.45259572327630293,106,0.00817286767530173,0.7135757950189909,0.6940553900514546,0.8623151914359909
4.587629816826843,0.6825183080924535,0.40455795798495997,106,0.00817286767530173,0.7135757950189909,0.6940553900514546,0.8623151914359909
9.752270545669349,5.608063206084324,0.20840086279761783,107,0.007712432801301131,0.35237163987320413,0.04115248666603985,0.5323178325598383
9.583833164159824,5.6270185475685155,0.2462327286572572,107,0.007712432801301131,0.35237163987320413,0.04115248666603985,0.5323178325598383
4.237099644128114,0.6190688018979834,0.3531191072006681,108,0.004921002839358661,0.45276789958023544,0.3717914473853589,0.7145502507515373
4.047676333956432,0.49971312764894227,0.38030692714873726,108,0.004921002839358661,0.45276789958023544,0.3717914473853589,0.7145502507515373
2.0111380414068716,0.0037003459823493497,0.023817377014003313,109,5.278479505312568e-4,0.4730335170382103,0.40498552802880056,0.7873636863594053
1.9452808926493137,0.0018473702684229,NA,109,5.278479505312568e-4,0.4730335170382103,0.40498552802880056,0.7873636863594053
11.091049780758318,4.990972401341243,0.44048736118575854,110,0.012722218757546857,0.18629426293755108,0.16234898841208537,0.8019510854514842
9.763428171039774,4.473291169583095,0.48197007955956783,110,0.012722218757546857,0.18629426293755108,0.16234898841208537,0.8019510854514842
2.82558912609884,0.08495235281081481,0.3123328056845528,111,0.003205210050028677,0.1789007225100301,0.6131331619507862,0.6966664626045675
2.5570591054902105,0.10324103093543749,0.26510982344826317,111,0.003205210050028677,0.1789007225100301,0.6131331619507862,0.6966664626045675
5.861204321693278,1.347763560603267,0.39533068722021064,112,0.00763742931037799,0.5782734674124237,0.41501350320941044,0.7361676792667428
5.356088560885609,1.1383763837638377,0.43026540017270143,112,0.00763742931037799,0.5782734674124237,0.41501350320941044,0.7361676792667428
14.739712812140551,5.886609031204779,0.4272007667176737,113,0.01433236755689896,0.2788074267078063,0.22286006136212796,0.49770568118495445
13.824510942714383,5.348747165219316,0.4182283408274123,113,0.01433236755689896,0.2788074267078063,0.22286006136212796,0.49770568118495445
4.473026741926529,0.8161376885352086,0.41258866701933855,114,0.00473309455194596,0.6752777095087255,0.2993145831901192,0.8306067936276582
4.11236285987777,0.5283116118106178,0.36584554503938616,114,0.00473309455194596,0.6752777095087255,0.2993145831901192,0.8306067936276582
2.8752050426673055,0.10321248871113405,0.36876711047938,115,0.003619646018577361,0.028323193893587298,0.6268725939629366,0.4656655604621481
3.071490316529032,0.08644314064482904,0.2488125137156922,115,0.003619646018577361,0.028323193893587298,0.6268725939629366,0.4656655604621481
7.583575983192657,1.994028970550293,0.4011897401171684,116,0.008640478750974774,0.6498636685245772,0.299384235556219,0.6082504883446036
7.611158575090078,1.879573567103748,0.34032712674302656,116,0.008640478750974774,0.6498636685245772,0.299384235556219,0.6082504883446036
3.479755326816107,0.2328460813482897,0.38666437571160256,117,0.004834157077247434,0.44982403199267545,0.5982885394813531,0.6959011120366472
3.400403531829036,0.22953186605704978,0.3731335343219265,117,0.004834157077247434,0.44982403199267545,0.5982885394813531,0.6959011120366472
4.034207101691764,0.24911693623350062,0.322431938487386,118,0.005948813970282978,0.6753344503393318,0.7475910591098807,0.45722390322540235
3.919178486997636,0.14590721040189125,0.25284814764497165,118,0.005948813970282978,0.6753344503393318,0.7475910591098807,0.45722390322540235
3.9369206337482,0.5687483842375448,0.2945835314443035,119,0.00203522120796284,0.570078491088079,0.09203735496470934,0.5191397865258799
3.538546866333888,0.5564799408393418,0.3019485771318001,119,0.00203522120796284,0.570078491088079,0.09203735496470934,0.5191397865258799
3.959757513220689,1.0668681247811906,0.5683208391439651,120,0.0057198680296383225,0.1859514205432254,0.3476308678573045,0.8177819732340637
4.496286877844731,1.1314426815560101,0.48659838936375843,120,0.0057198680296383225,0.1859514205432254,0.3476308678573045,0.8177819732340637
8.063267337683884,1.7439073848763043,0.42848775560615,121,0.01265269720618637,0.25669121085474544,0.6058530404366163,0.5982161524307354
7.004158312913046,1.7635702086582015,0.5244281542680977,121,0.01265269720618637,0.25669121085474544,0.6058530404366163,0.5982161524307354
6.04424058592883,1.7108086113782646,0.5193567847163579,122,0.011735138711731149,0.32022823770704534,0.7213414406448183,0.8035347339080705
6.328482789185995,1.7543211700398877,0.487200943228697,122,0.011735138711731149,0.32022823770704534,0.7213414406448183,0.8035347339080705
2.669309425014819,0.07780082987551867,0.2555526738344345,123,0.001985053112239355,0.6087880798214863,0.34964525805465263,0.7727912898269921
2.4873134051931696,0.050005556172908104,0.10736106117427172,123,0.001985053112239355,0.6087880798214863,0.34964525805465263,0.7727912898269921
4.934940115333432,1.6449800384444773,0.45467459770394103,124,0.009759557059730374,0.504588241166052,0.5348280980354745,0.8735783369988889
5.803464369385158,1.7358741168440666,0.4745216656628094,124,0.009759557059730374,0.504588241166052,0.5348280980354745,0.8735783369988889
6.428518709867887,3.1127758506162815,0.36148477831967035,125,0.005072292273407056,0.46380195162976307,0.06563162407637058,0.81348404425771
6.765847347994826,3.2489373498429126,0.3490125589960475,125,0.005072292273407056,0.46380195162976307,0.06563162407637058,0.81348404425771
8.40667061085638,1.8340482177192725,0.3842977683590739,126,0.014302675194329685,0.6668506885657421,0.6580892697029207,0.7014419720740828
8.286412801896576,2.0540080011853608,0.4084209902057,126,0.014302675194329685,0.6668506885657421,0.6580892697029207,0.7014419720740828
5.658736912205409,1.5298383218025084,0.42995678471618365,127,0.006970458866529038,0.6614683493937871,0.2811589549856872,0.7915389492037012
6.161322032012166,1.7100357957601497,0.4068408329913467,127,0.006970458866529038,0.6614683493937871,0.2811589549856872,0.7915389492037012
8.101667990468627,2.3422058850693612,0.4238542125579509,128,0.010699228000696615,0.5345992604262769,0.37527661789151295,0.5763824972295108
8.126331388348614,2.1746781513383344,0.40425332645594875,128,0.010699228000696615,0.5345992604262769,0.37527661789151295,0.5763824972295108
7.123338257016249,4.163589364844904,0.353689719047385,129,0.007780095022930709,0.272411689875096,0.04320236457187958,0.8468668198558267
7.84118374199738,4.5220567886201355,0.37534779793441764,129,0.007780095022930709,0.272411689875096,0.04320236457187958,0.8468668198558267
11.547975043378743,4.7070550448554656,0.35256616523854556,130,0.014066300679880787,0.018349593276324544,0.28006441199532656,0.45278367374069156
11.781582600647848,5.082832022211939,0.4203804999534159,130,0.014066300679880787,0.018349593276324544,0.28006441199532656,0.45278367374069156
10.243929420875048,2.435606689160536,0.3878722141930546,131,0.011735202106861872,0.48953004819859064,0.39116867040355774,0.4372296174158716
9.160644802668148,1.991847322586622,0.3582662539175299,131,0.011735202106861872,0.48953004819859064,0.39116867040355774,0.4372296174158716
7.223368203919257,1.7736113157506999,0.49366339221761346,132,0.012115640117566369,0.201248559416202,0.5086547809606871,0.5494383568836325
7.1041385307013485,1.9184874105045047,0.5104259179973164,132,0.012115640117566369,0.201248559416202,0.5086547809606871,0.5494383568836325
11.447699363811214,4.292424914928244,0.3322976315841216,133,0.008748603557401697,0.3397215821459166,0.13864861539539697,0.4125055372717678
11.223922629414162,4.378033868158743,0.3407609397542946,133,0.008748603557401697,0.3397215821459166,0.13864861539539697,0.4125055372717678
6.817845516424978,1.598105948505475,0.42822078979993244,134,0.01132275443410802,0.5016887514738507,0.5932049420817355,0.6214056874048857
7.100876058108158,1.3935607880826526,0.387623235349243,134,0.01132275443410802,0.5016887514738507,0.5932049420817355,0.6214056874048857
11.670374490174268,5.7638116425658135,0.3530598539917345,135,0.010313329536042304,0.6250158411458356,0.1010524179644191,0.7545290866731783
12.818995487831941,6.3984022486870336,0.2752570975103599,135,0.010313329536042304,0.6250158411458356,0.1010524179644191,0.7545290866731783
2.06395295074994,0.014795361654121434,0.37071707021765216,136,7.382266406321761e-4,0.41134075633224043,0.3359622115455894,0.7724019807902194
2.0357129626199386,0.014818656688771163,0.2660557909104812,136,7.382266406321761e-4,0.41134075633224043,0.3359622115455894,0.7724019807902194
11.982550584741043,5.741600148505662,0.42985515409026875,137,0.011319086080037502,0.22701263074265499,0.11603633293312912,0.7582883839318492
11.690234693122086,5.889538757681202,0.40137333054602403,137,0.011319086080037502,0.22701263074265499,0.11603633293312912,0.7582883839318492
8.073753833647416,1.5297638842700367,0.3659398653141741,138,0.012473776523150857,0.7301786226865729,0.5782344659261334,0.4443993838818446
8.145788058492027,1.4015249180448635,0.3315964767785285,138,0.012473776523150857,0.7301786226865729,0.5782344659261334,0.4443993838818446
2.448550951600125,0.04790242644213939,0.33477208924675367,139,0.0018059330132403567,0.059639576171765074,0.43040757377277483,0.5550374419306843
2.431073539974584,0.03867616995414111,0.25589044962677526,139,0.0018059330132403567,0.059639576171765074,0.43040757377277483,0.5550374419306843
5.123011743719339,0.5611713988404935,0.3627251525110176,140,0.009992271961735695,0.5479125312449892,0.7091823077131808,0.7213544532986652
5.43947727860017,1.111152128170106,0.4384904672675299,140,0.009992271961735695,0.5479125312449892,0.7091823077131808,0.7213544532986652
2.004182319521809,0,NA,141,4.6034187678040714e-4,0.7613125359530114,0.4992824110041237,0.5028551044626771
1.9988567424535784,0,NA,141,4.6034187678040714e-4,0.7613125359530114,0.4992824110041237,0.5028551044626771
12.68087150961876,4.969231053536119,0.3319539581165179,142,0.011905392034985486,0.7461932195369597,0.20135598882149108,0.603431221729539
13.275664061052867,5.067980587559737,0.3189219293083643,142,0.011905392034985486,0.7461932195369597,0.20135598882149108,0.603431221729539
7.001164703924867,1.5104176295502025,0.39234002330090295,143,0.00936364085125674,0.5166499598564561,0.36934489198116066,0.5284824526459795
7.233963663329626,1.3830181683351872,0.4461854790350882,143,0.00936364085125674,0.5166499598564561,0.36934489198116066,0.5284824526459795
2.9412854232265233,0.11113169105389886,0.2980950070072119,144,0.0021401047637084943,0.612532067905802,0.2146411719278814,0.468955853312001
3.1034928132553463,0.14576452571175524,0.22064897700927816,144,0.0021401047637084943,0.612532067905802,0.2146411719278814,0.468955853312001
1.8143029403580373,0,NA,145,2.0254522844436756e-4,0.19414488048808073,0.6004911068319694,0.6826540342746394
1.8147580630273046,0,NA,145,2.0254522844436756e-4,0.19414488048808073,0.6004911068319694,0.6826540342746394
7.855504587155964,2.3342704942290617,0.5083071808013037,146,0.01017769735817822,0.11472832482855107,0.3291772291178032,0.5185033615093444
8.807848944835246,2.3713439466864124,0.4417300592386429,146,0.01017769735817822,0.11472832482855107,0.3291772291178032,0.5185033615093444
1.8446923671711035,0,NA,147,1.7278019477107576e-5,0.021101970129928038,0.07639940403194075,0.8879591546476596
1.8024327312937707,0,NA,147,1.7278019477107576e-5,0.021101970129928038,0.07639940403194075,0.8879591546476596
7.088020325128413,1.6679860817055434,0.48085059824302157,148,0.011496355646811887,0.4310473658279172,0.601024060294266,0.6582624756541557
7.408917386308884,1.6048330306511989,0.4687309159971048,148,0.011496355646811887,0.4310473658279172,0.601024060294266,0.6582624756541557
10.673119550761047,3.3360425594798286,0.45455672347066073,149,0.011733938866681254,0.23673584043072884,0.2874817688102387,0.5082288217757817
10.803196582455623,3.5556455770788835,0.4321391586900336,149,0.011733938866681254,0.23673584043072884,0.2874817688102387,0.5082288217757817
5.8072502863900075,1.694320239459,0.4989548856747237,150,0.009839008079495672,0.0826210181194292,0.4476889839161441,0.6137897263672816
6.108296038761697,1.8141805673706404,0.5134495437365231,150,0.009839008079495672,0.0826210181194292,0.4476889839161441,0.6137897263672816
3.17475026409919,0.33730563226272775,0.3468720585225172,151,0.0018474084358338627,0.5390893929010708,0.12096630326029638,0.792302122106506
2.907384831356903,0.31770660164764125,0.3498845707796999,151,0.0018474084358338627,0.5390893929010708,0.12096630326029638,0.792302122106506
4.729056770814121,1.7798517097642848,0.3265818092279443,152,0.0026106051933034048,0.225413229615882,0.034567756147611255,0.4668513546476797
4.974315384899663,1.960530692191138,0.30923918571547415,152,0.0026106051933034048,0.225413229615882,0.034567756147611255,0.4668513546476797
2.0935165544590983,0.0036890159549940052,0.4321654721675652,153,2.530744480061078e-4,0.20852834102089868,0.1493073240285561,0.4279772788796746
2.0077505074737036,0.0036907178446207787,9.349137270708745e-6,153,2.530744480061078e-4,0.20852834102089868,0.1493073240285561,0.4279772788796746
2.1466143132315896,0.011112757445547489,0.2887960361355707,154,0.001051970277635804,0.7622766452267633,0.3856319693409488,0.7736113937830482
2.191198224852071,0.014792899408284025,0.2590311167717597,154,0.001051970277635804,0.7622766452267633,0.3856319693409488,0.7736113937830482
2.2862090564091226,0.060793633248590696,0.21524062979151187,155,7.749163629912314e-4,0.2897169007596363,0.1237655775861908,0.863183184699645
2.25652768031909,0.09048269749233667,0.27349787982253365,155,7.749163629912314e-4,0.2897169007596363,0.1237655775861908,0.863183184699645
6.220440437481526,1.6571829736919892,0.5261634068344571,156,0.011643683705918076,0.3156312553331492,0.6919517615451399,0.8496443531303726
6.248031860702047,1.7745670093544503,0.4850058956420194,156,0.011643683705918076,0.3156312553331492,0.6919517615451399,0.8496443531303726
7.7582543465809355,3.752563605121667,0.4700719043761572,157,0.00948595858134315,0.21829501385925407,0.12601039641773387,0.806048685768183
9.184766548463356,4.297798463356974,0.4493455902906977,157,0.00948595858134315,0.21829501385925407,0.12601039641773387,0.806048685768183
4.057031756318859,1.3480233311730396,0.5890269047395938,158,0.00864043578324156,0.09713732157940114,0.6520916825987096,0.8747596542001721
3.9271906620544224,1.296731349081559,0.5398430342842873,158,0.00864043578324156,0.09713732157940114,0.6520916825987096,0.8747596542001721
4.349108064278343,1.050420168067227,0.4828039084924135,159,0.006669137563365655,0.3393580081375469,0.47272441916788915,0.7642369342877722
3.9526274105317443,0.9467150461385446,0.5237567079227126,159,0.006669137563365655,0.3393580081375469,0.47272441916788915,0.7642369342877722
6.522100826354611,2.281256354796369,0.6091576580280066,160,0.014108997688086593,0.12587414807216799,0.6976843990521402,0.6431234773410679
6.995039241818452,2.367466311269066,0.5573211683013302,160,0.014108997688086593,0.12587414807216799,0.6976843990521402,0.6431234773410679
15.81776393831554,6.075771055753262,0.2608169180727025,161,0.013422109372168489,0.7870466518461946,0.22231615460984414,0.42917219688366565
13.982199782564631,5.384289373307045,0.3079034675308394,161,0.013422109372168489,0.7870466518461946,0.22231615460984414,0.42917219688366565
9.002289343475372,1.4991507274204268,0.34578432750245175,162,0.01483062991285022,0.7213512051014814,0.6553607499122238,0.4715552734638324
8.809940174873446,1.5370455591348366,0.3009632766058933,162,0.01483062991285022,0.7213512051014814,0.6553607499122238,0.4715552734638324
5.8235196243367655,2.693608918304339,0.5768555269669077,163,0.014353052278849036,0.032069644208644985,0.6648501817017882,0.7069276063099834
7.117622033553447,2.6524610177015706,0.5006818144658811,163,0.014353052278849036,0.032069644208644985,0.6648501817017882,0.7069276063099834
3.5694470131311267,0.7767708525984834,0.4548455028933489,164,0.005197639108195188,0.1735765125844429,0.4098930027004668,0.79173739694091
3.221376878827241,0.937094080534422,0.5510402636164543,164,0.005197639108195188,0.1735765125844429,0.4098930027004668,0.79173739694091
3.1895768852975515,0.16494616083177346,0.3276836916162452,165,0.002613295166186382,0.2117629699517735,0.2605164987005833,0.5273538020880872
2.9709018214127054,0.2221235006663705,0.35328715150079937,165,0.002613295166186382,0.2117629699517735,0.2605164987005833,0.5273538020880872
8.842179209879282,4.202022442829941,0.33417710517114674,166,0.006756016437488473,0.3743830638638878,0.07540999560274163,0.6029218576400882
8.35153444637767,4.038796135194166,0.35393366947638694,166,0.006756016437488473,0.3743830638638878,0.07540999560274163,0.6029218576400882
2.6342526739696672,0.16810448340199138,0.26249929695340274,167,0.001367783832712806,0.511990509949165,0.1419592560379592,0.7917664454754956
2.5685026293938553,0.14207952763170034,0.24569869607122782,167,0.001367783832712806,0.511990509949165,0.1419592560379592,0.7917664454754956
2.720469443464374,0.12070342240626915,0.2034269033993509,168,0.0024824669995236063,0.4717899282770942,0.34534133734903255,0.858290109835645
2.6090183707552423,0.14845054741139357,0.3532573741101712,168,0.0024824669995236063,0.4717899282770942,0.34534133734903255,0.858290109835645
2.0090397564800297,0.0036896965224610277,0.2302752089724461,169,5.988728696400199e-4,0.6303678110047488,0.3623127223320879,0.721789816937475
2.1023190338593762,0.0018522634659553976,NA,169,5.988728696400199e-4,0.6303678110047488,0.3623127223320879,0.721789816937475
6.724559821904955,3.9390650010119037,0.18472441448286792,170,0.006452553952609008,0.7497421514118016,0.02183647650340272,0.513421259236434
7.041107041107041,4.118104118104118,0.1682051752789668,170,0.006452553952609008,0.7497421514118016,0.02183647650340272,0.513421259236434
6.875588979840722,2.7975387571832444,0.494095991139762,171,0.007138905068834372,0.29653440920616436,0.16482384235676362,0.7647166284176192
7.863089731729881,3.143385753931545,0.4414993586710562,171,0.007138905068834372,0.29653440920616436,0.16482384235676362,0.7647166284176192
4.6766242637963185,1.1354614773923157,0.44219130825533415,172,0.0033998483424467164,0.33995483580758007,0.12863314501840953,0.5592898919787951
4.742900430500896,1.139995935184672,0.37467177073228924,172,0.0033998483424467164,0.33995483580758007,0.12863314501840953,0.5592898919787951
12.220929588388454,4.869536313777631,0.3903167762763869,173,0.01234007280127498,0.5401464006748171,0.21605725935658207,0.8008357844720231
10.20547439870149,4.076287442821307,0.4279786658151801,173,0.01234007280127498,0.5401464006748171,0.21605725935658207,0.8008357844720231
8.716180077829623,3.364010254329503,0.38682854158314856,174,0.008191392782332772,0.39320369031894203,0.1636635127761426,0.7133842633534053
8.562385473929702,3.2983508245877062,0.41821747786119395,174,0.008191392782332772,0.39320369031894203,0.1636635127761426,0.7133842633534053
8.779668524602267,1.279022553615592,0.315785266215002,175,0.014960084327426168,0.742307959869517,0.7492035030374138,0.4135424584887995
8.599704032556419,1.513133555308916,0.3963012103165533,175,0.014960084327426168,0.742307959869517,0.7492035030374138,0.4135424584887995
4.18757987146482,1.2316411386661235,0.5516358203514306,176,0.008873185711126455,0.21623585042009524,0.729992006830484,0.8918967074049906
4.11576632353213,1.4415346799977822,0.5376535889564771,176,0.008873185711126455,0.21623585042009524,0.729992006830484,0.8918967074049906
4.712080736123479,0.8719204511724548,0.4404089766817584,177,0.007472952571551813,0.0424491979250296,0.4639064959186482,0.51826921198517
4.8455380747259245,1.055628477935331,0.40698876432545056,177,0.007472952571551813,0.0424491979250296,0.4639064959186482,0.51826921198517
6.447256447256447,1.7815517815517816,0.5230466807929467,178,0.011244065490031062,0.4834173619166975,0.6201218242629757,0.8589171836745866
5.875379714010521,1.4799585092983627,0.5449050572278283,178,0.011244065490031062,0.4834173619166975,0.6201218242629757,0.8589171836745866
8.5403985272623,3.746600307128717,0.47264593530685367,179,0.012937480531631957,0.2920056184607485,0.24569719717489022,0.8948418999386755
9.496245885268335,4.081443947183489,0.4665928221212437,179,0.012937480531631957,0.2920056184607485,0.24569719717489022,0.8948418999386755
2.7301540229458974,0.040776231164161396,0.21542283529394463,180,0.0024457181568046517,0.6652027251110801,0.46224202916173784,0.569020009147041
2.6421181443987094,0.04264471390959321,0.2594052788985766,180,0.0024457181568046517,0.6652027251110801,0.46224202916173784,0.569020009147041
12.554903480603846,3.716827224744399,0.3246307601008103,181,0.011904795948927653,0.6610230462376014,0.30144007864863065,0.41169816635856843
11.37576395428276,3.151830720655847,0.3024362552638754,181,0.011904795948927653,0.6610230462376014,0.30144007864863065,0.41169816635856843
2.297087522176227,0.011088113542282674,0.02481077928183411,182,0.001787556115726864,0.37263690231099633,0.6450451408162223,0.5102729678239621
2.2626523827114884,0.012929442186922793,0.11294342729012943,182,0.001787556115726864,0.37263690231099633,0.6450451408162223,0.5102729678239621
4.995739636201979,1.053976956988849,0.5249759303099987,183,0.007534892118363074,0.18961295584204954,0.5167943986442953,0.6600544188384245
4.847304398956305,0.9867333063834478,0.4789743916513976,183,0.007534892118363074,0.18961295584204954,0.5167943986442953,0.6600544188384245
12.763587763587763,4.2303979803979805,0.3770253907348048,184,0.013470002273507527,0.4510584962135571,0.2989900930295557,0.5789981992290415
12.738205365402406,4.397779833487511,0.3639797523616936,184,0.013470002273507527,0.4510584962135571,0.2989900930295557,0.5789981992290415
5.534065039145644,0.86435062651539,0.3809559237780641,185,0.008548243421370776,0.7225848890602723,0.5336369647496587,0.6886485115249852
5.727326266195524,1.159452296819788,0.3828817999752771,185,0.008548243421370776,0.7225848890602723,0.5336369647496587,0.6886485115249852
6.703486109309265,2.2573530774505626,0.5389327900244121,186,0.011463519749094757,0.3273822017236376,0.47349726610058723,0.8117973529859096
7.051518278301887,2.0047169811320753,0.47511015460616807,186,0.011463519749094757,0.3273822017236376,0.47349726610058723,0.8117973529859096
4.180707276430291,0.3832623588224403,0.396476895514213,187,0.0070934319567014115,0.5173369030482313,0.6691137248034716,0.4971682270083091
4.5607421369701004,0.24208153158147613,0.22706114998735355,187,0.0070934319567014115,0.5173369030482313,0.6691137248034716,0.4971682270083091
4.912675848318133,0.7587785695823949,0.3591354054304941,188,0.006608003349850117,0.7435393982232071,0.3682161857115493,0.8041512446858592
5.136516874745305,1.1076945874856443,0.38965895595540795,188,0.006608003349850117,0.7435393982232071,0.3682161857115493,0.8041512446858592
7.190331204515076,1.357121639685133,0.42390497873844074,189,0.012457470357453879,0.25726608203522516,0.7016700108413031,0.49802266428915654
6.7257029820117955,1.081510787376828,0.41994524979694786,189,0.012457470357453879,0.25726608203522516,0.7016700108413031,0.49802266428915654
8.677464136973622,1.7751041184636742,0.3779005923375876,190,0.014664071832114585,0.7235950801772478,0.616388907094694,0.526610546567243
9.56325579675308,2.100514034244296,0.3577016834357734,190,0.014664071832114585,0.7235950801772478,0.616388907094694,0.526610546567243
4.286635350465138,1.1734364925854288,0.4630603240982936,191,0.006809873751237462,1.9359775825132007e-4,0.39874539997406383,0.6565248729328563
4.032751051256877,1.2003778967452716,0.49004400434555906,191,0.006809873751237462,1.9359775825132007e-4,0.39874539997406383,0.6565248729328563
6.992273730684327,2.178072111846946,0.4708027912381818,192,0.012837683003218395,0.5361932222564217,0.6935153084134646,0.8644408463741877
6.853576785615082,2.05366567285791,0.4569396725492339,192,0.012837683003218395,0.5361932222564217,0.6935153084134646,0.8644408463741877
3.715784206527178,0.3762115680424026,0.41663131316049884,193,0.005935369830009743,0.793930348646248,0.6890588025013523,0.8568009309038971
3.6930402524777146,0.40787700939409044,0.3295921004764067,193,0.005935369830009743,0.793930348646248,0.6890588025013523,0.8568009309038971
6.671969220524583,1.9977063371684363,0.5137711627071311,194,0.011093519572739506,0.6259138198080647,0.585850324136407,0.8624651927018445
6.947587076671984,1.7341147668682073,0.4430891435850534,194,0.011093519572739506,0.6259138198080647,0.585850324136407,0.8624651927018445
5.9907240401958255,2.972356167408989,0.3876082173305889,195,0.004701633331817513,0.48113093545549424,0.05481182887238926,0.8632025744873415
6.369144377124279,3.053421013743165,0.3570798793072015,195,0.004701633331817513,0.48113093545549424,0.05481182887238926,0.8632025744873415
8.572061429415239,1.8070732427643237,0.39507869754080954,196,0.010929004905799641,0.453005074482657,0.40147622679058825,0.43205764053109785
8.660437294495736,1.8743846482510078,0.3674547569617835,196,0.010929004905799641,0.453005074482657,0.40147622679058825,0.43205764053109785
8.337656562662122,1.9788038242051436,0.38873033639071397,197,0.013701725882701339,0.756390732277481,0.5775455309845207,0.65058357187579
8.097271208464822,1.9955448301466494,0.37891600775003265,197,0.013701725882701339,0.756390732277481,0.5775455309845207,0.65058357187579
6.025451862781262,2.1689413500553303,0.4214866887687502,198,0.0061173805611709035,0.746874328923845,0.18375066518786792,0.8577741360331468
6.142775006027783,2.0197711296993526,0.3876978710426908,198,0.0061173805611709035,0.746874328923845,0.18375066518786792,0.8577741360331468
3.62558410136121,0.18839000424800992,0.31490168757139747,199,0.005099952083730613,0.4319586642662534,0.7279850599358074,0.5498870779007003
3.4711596954670307,0.11982229432042325,0.33547381678794036,199,0.005099952083730613,0.4319586642662534,0.7279850599358074,0.5498870779007003
1.808627188828849,0,NA,200,0.00027184544865597353,0.24780821249450288,0.36374642706458854,0.6660487311282512
1.9745258356972024,0,NA,200,0.00027184544865597353,0.24780821249450288,0.36374642706458854,0.6660487311282512
3.1950423036960074,0.2189401810895057,0.3237343671077378,201,0.004196552091250857,0.2625361642352124,0.5027877822005793,0.6763583862647751
3.175718141151244,0.2107286775851233,0.34377294365346206,201,0.004196552091250857,0.2625361642352124,0.5027877822005793,0.6763583862647751
9.261063818051445,3.3168471565941644,0.37325993897113624,202,0.009826994429811565,0.47737646943291323,0.2495471410280572,0.6747635941837979
8.87785794689155,3.1481242272702112,0.4156627677821379,202,0.009826994429811565,0.47737646943291323,0.2495471410280572,0.6747635941837979
12.649947483830548,6.773664523024195,0.30631777220522893,203,0.012823492073753466,0.418848224897038,0.08742172870871602,0.8029022993761298
13.481336098355797,7.189675603614279,0.32589209105140043,203,0.012823492073753466,0.418848224897038,0.08742172870871602,0.8029022993761298
2.2678545024397456,0.018482921780275028,0.25678260560991073,204,0.0013655302391923708,0.5844658156784461,0.3990660217743676,0.6193559443405915
2.3387720525947477,0.011049316783912194,0.34672035820522107,204,0.0013655302391923708,0.5844658156784461,0.3990660217743676,0.6193559443405915
4.571343759856032,1.076046826589488,0.3868705359616896,205,0.006723817952106273,0.09993412382581686,0.40513295283719303,0.5398438690434035
5.187128237336978,0.838659622418443,0.37565644366163664,205,0.006723817952106273,0.09993412382581686,0.40513295283719303,0.5398438690434035
6.8825086540419464,1.0958701245811813,0.4554661913579815,206,0.011136468596846208,0.31136676593783486,0.6163204961117971,0.46498284743084395
6.8045314261425585,1.092199367965848,0.42212506266306915,206,0.011136468596846208,0.31136676593783486,0.6163204961117971,0.46498284743084395
9.963892232200722,3.7774280159244515,0.2685832102671857,207,0.007016562475926475,0.619111110450493,0.11507080351345407,0.4572996134679578
10.423836428216502,3.99727625743048,0.2746075284307956,207,0.007016562475926475,0.619111110450493,0.11507080351345407,0.4572996134679578
8.143883293838861,3.90625,0.4907201044965141,208,0.009297598334704633,0.1452811957845671,0.11817640073147868,0.7368981622799342
8.564994277697789,4.12374940008122,0.47763939588601484,208,0.009297598334704633,0.1452811957845671,0.11817640073147868,0.7368981622799342
4.932328599729685,1.64225805854363,0.4990790787621421,209,0.007651188093341683,0.10915575984502167,0.38432275423759893,0.6333884602516889
5.117724305028946,1.376070431131744,0.5246507560784784,209,0.007651188093341683,0.10915575984502167,0.38432275423759893,0.6333884602516889
10.44160361127042,3.1173107875603576,0.440027529250335,210,0.012679720774149039,0.44576139504052015,0.3982547422724279,0.5410885835873023
10.3434910205061,2.8793443954299636,0.4224391046775379,210,0.012679720774149039,0.44576139504052015,0.3982547422724279,0.5410885835873023
3.857429122754935,0.7124833011726288,0.45578097972237996,211,0.007511644678288628,0.08759220350048932,0.7462218068898973,0.778953123889456
3.8646090001296844,0.89853085573485,0.42917544302804933,211,0.007511644678288628,0.08759220350048932,0.7462218068898973,0.778953123889456
10.934243290602232,3.0028589873651206,0.41997900388419096,212,0.013207869282280285,0.32390382275264606,0.3948766982262846,0.41598069568257423
10.12637179913535,2.5422163100912685,0.40394302615741035,212,0.013207869282280285,0.32390382275264606,0.3948766982262846,0.41598069568257423
4.073650418803735,0.6863215379506291,0.39546843538196036,213,0.0029956554547176544,0.4057732145303928,0.14226167369876713,0.6482481006615808
4.517180094786729,0.8201273696682464,0.37027551378168194,213,0.0029956554547176544,0.4057732145303928,0.14226167369876713,0.6482481006615808
4.265183981084675,1.0602925964238215,0.42092098171123915,214,0.007853733688494333,0.019819202675110236,0.5444967224996813,0.6644351831410356
4.386467360174424,1.0402616359638588,0.38377808146263126,214,0.007853733688494333,0.019819202675110236,0.5444967224996813,0.6644351831410356
2.7050061140549153,0.6984844554785637,0.35954812496659927,215,0.0010178496261855406,0.18544460632197518,0.01841376661091658,0.6682124179061928
2.635658914728682,0.6773717238833518,0.27372303307199564,215,0.0010178496261855406,0.18544460632197518,0.01841376661091658,0.6682124179061928
10.546666421166982,4.078363499106994,0.33487050356714393,216,0.010490345651514804,0.7882436638592469,0.19912186948986466,0.7507312186882118
9.931266398137542,3.985440301540963,0.3883824992948314,216,0.010490345651514804,0.7882436638592469,0.19912186948986466,0.7507312186882118
1.885640266469282,0,NA,217,6.487047846733115e-5,0.6122193537982241,0.5298328088981156,0.4923836080394198
1.9540421126578298,0,NA,217,6.487047846733115e-5,0.6122193537982241,0.5298328088981156,0.4923836080394198
6.7409697665376855,1.1497232147816265,0.36462212971977737,218,0.010355204988476504,0.7563710029528404,0.55203655516347,0.6465997194621577
6.996372251425187,1.2104834530243576,0.37243926161555346,218,0.010355204988476504,0.7563710029528404,0.55203655516347,0.6465997194621577
2.5964200036907177,0.13102048348403764,0.2728328527329808,219,9.456193823574186e-4,0.31841099817061047,0.08429021233980642,0.5502026575017145
2.549001564369191,0.13251127266034785,0.27369001753709654,219,9.456193823574186e-4,0.31841099817061047,0.08429021233980642,0.5502026575017145
2.1015535628620983,0.0036901730691169415,0.17041958738130009,220,7.199271849228197e-4,0.32942537938255795,0.42971232457555913,0.4883990565517461
2.123401889938855,0.0037057624606262737,0.06312235846546167,220,7.199271849228197e-4,0.32942537938255795,0.42971232457555913,0.4883990565517461
11.554803465337429,3.4377471628009637,0.4618994076833836,221,0.013666256635352361,0.3355060475378433,0.4099299640453962,0.6031403396402464
10.14863412283628,3.0245746691871456,0.4217679067839021,221,0.013666256635352361,0.3355060475378433,0.4099299640453962,0.6031403396402464
16.2590220220405,6.427556162664058,0.3312846790877881,222,0.01360511174538714,0.5287457213688433,0.21565990887518532,0.5144515000763145
15.250686049098865,5.959356226359119,0.3313511733983926,222,0.01360511174538714,0.5287457213688433,0.21565990887518532,0.5144515000763145
2.0487931385806646,0.03334383046514643,0.3476178143681394,223,0.0017914080719027854,0.3847741613241438,0.677821950956007,0.8635946010071033
2.2287931990389946,0.018480872297172428,0.25161939748690576,223,0.0017914080719027854,0.3847741613241438,0.677821950956007,0.8635946010071033
4.397896096705731,2.3918058503275814,0.27236143219458986,224,0.004238819565315375,0.47460784099959563,0.013065153625223775,0.8468654875988191
4.257209491726206,2.3192536926664937,0.33217009467921427,224,0.004238819565315375,0.47460784099959563,0.013065153625223775,0.8468654875988191
3.7252619324796274,0.31413419073488924,0.3489236775815921,225,0.0059242047572588994,0.5918770476967158,0.5867982967277164,0.7152942804343092
4.141782075698464,0.48998761163397003,0.36951046623534933,225,0.0059242047572588994,0.5918770476967158,0.5867982967277164,0.7152942804343092
2.211684510799096,0.0018523320860963954,NA,226,0.0010930358146669925,0.6259949581248108,0.5214736438511214,0.5201767673475592
2.1064506583814175,0.009246930019233615,0.28482039772350254,226,0.0010930358146669925,0.6259949581248108,0.5214736438511214,0.5201767673475592
2.6524806974768182,0.15885330082382063,0.3212684266510866,227,0.002737904913836211,1.2450293309442004e-5,0.475289365313991,0.6648058545495426
2.5689661522595855,0.11417627343375936,0.24051258101617107,227,0.002737904913836211,1.2450293309442004e-5,0.475289365313991,0.6648058545495426
8.285962930731202,5.428925879978521,0.38421502998405876,228,0.014259393293399786,0.013926373165260448,0.07102743167749276,0.767043010970798
6.812341707799531,4.61982141866785,0.49324317955715247,228,0.014259393293399786,0.013926373165260448,0.07102743167749276,0.767043010970798
3.6389753411539383,0.5487928399108671,0.4174817560967647,229,0.0033341380775674992,0.5640909121676605,0.24415858582709588,0.782471682516418
3.6656674438399763,0.49220976277709927,0.3601512934689717,229,0.0033341380775674992,0.5640909121676605,0.24415858582709588,0.782471682516418
3.4070886733312316,0.4061798690579966,0.45571275576821846,230,0.00429576799239026,0.3639256010988088,0.43220628238257647,0.81249136796645
3.448084910013844,0.34702353484079373,0.3767829499680853,230,0.00429576799239026,0.3639256010988088,0.43220628238257647,0.81249136796645
6.815072292275265,1.279443848685427,0.37127450087291747,231,0.008378866831260804,0.5641751484359687,0.3593720383498315,0.4357755122103977
7.209439964489162,1.3557002293408302,0.33031581979975155,231,0.008378866831260804,0.5641751484359687,0.3593720383498315,0.4357755122103977
4.464977315480801,1.1674228173066283,0.3715679802066169,232,0.004535739083875374,0.006818718793404641,0.199108106590455,0.6207991388687447
4.062868514150943,1.3340212264150944,0.49043953237161125,232,0.004535739083875374,0.006818718793404641,0.199108106590455,0.6207991388687447
4.370794639381638,1.1195758957533968,0.3416896157469692,233,0.0028867566283897915,0.4646716382009213,0.0983074564365556,0.7249409814802288
4.211264486602199,1.092492802834576,0.41652095526954064,233,0.0028867566283897915,0.4646716382009213,0.0983074564365556,0.7249409814802288
2.7080019237172137,0.11468314157818801,0.32920074666474725,234,0.002165119674835562,0.7474935793035349,0.2733280879986106,0.7180612904617443
2.8839381695518402,0.09637839641175816,0.17696323525861066,234,0.002165119674835562,0.7474935793035349,0.2733280879986106,0.7180612904617443
7.9160292681128706,2.3978472823783106,0.4244979113965243,235,0.01200405126946109,0.7706655031764938,0.4387366954510177,0.7726172858160911
9.123308521894085,2.5485864904497615,0.40995896347682814,235,0.01200405126946109,0.7706655031764938,0.4387366954510177,0.7726172858160911
1.862781261527112,0,NA,236,2.2527755863446096e-5,0.013475888130018661,0.6725719592755119,0.5826335629419845
1.849493327426768,0,NA,236,2.2527755863446096e-5,0.013475888130018661,0.6725719592755119,0.5826335629419845
7.594398090762771,2.1016409819991493,0.3973023615803569,237,0.011834799367151752,0.6121833253964158,0.4550888373140428,0.6868826815792355
8.408990256864483,2.421021552996752,0.40322129943464685,237,0.011834799367151752,0.6121833253964158,0.4550888373140428,0.6868826815792355
3.2960521442856083,0.1370268868972669,0.27831178344916074,238,0.004582873374046214,0.31659222400076287,0.6276671128102485,0.5308866284611679
3.4783734304787615,0.2551916711356029,0.3313646567921001,238,0.004582873374046214,0.31659222400076287,0.6276671128102485,0.5308866284611679
3.2675276752767526,0.6162361623616236,0.37419312429970764,239,0.0019599904696638738,0.2471828049547094,0.109581819119169,0.6718502176098631
3.2277092665302582,0.5198252502350273,0.3926211799057155,239,0.0019599904696638738,0.2471828049547094,0.109581819119169,0.6718502176098631
6.0972224792287335,2.894098924890361,0.5758292065396854,240,0.011580241231408477,0.09095669959648363,0.44302989977184204,0.864956348811025
4.931598141394695,2.5009718802643515,0.6539217050367118,240,0.011580241231408477,0.09095669959648363,0.44302989977184204,0.864956348811025
1.9798880212170324,0,NA,241,6.261178420932292e-4,0.687753865274788,0.49957892016331096,0.6805230883762247
1.9835412207542993,0,NA,241,6.261178420932292e-4,0.687753865274788,0.49957892016331096,0.6805230883762247
7.836158087896281,2.6483226675027205,0.46250951228365605,242,0.010124325733832026,0.3153322331581974,0.2735732841825213,0.5476145575763258
9.013511012400519,2.546733296316861,0.41363911921784763,242,0.010124325733832026,0.3153322331581974,0.2735732841825213,0.5476145575763258
9.909342034520478,2.3656352546395,0.4572126549864061,243,0.01304198347561354,0.2940290904506228,0.44854928177275016,0.4047817628352453
10.305576634770217,2.4061152344111494,0.40382279644368213,243,0.01304198347561354,0.2940290904506228,0.44854928177275016,0.4047817628352453
4.730466944059177,2.3134535367545075,0.6435041865431633,244,0.011241431609545318,0.08710319244243765,0.4850249009358649,0.8265310001136847
5.710533131081432,2.362277553738577,0.6197935984013337,244,0.011241431609545318,0.08710319244243765,0.4850249009358649,0.8265310001136847
3.863703813622199,0.16508384033239354,0.22879157566963973,245,0.004872586987562965,0.25690624877728985,0.5617079799331864,0.42107026041080575
3.8597655385976553,0.18985475189854753,0.30190048937421804,245,0.004872586987562965,0.25690624877728985,0.5617079799331864,0.42107026041080575
4.363629654230784,1.512970958337946,0.4090423984388009,246,0.004764172167272263,0.0490373104344496,0.19172179813918985,0.625088404798505
4.537830614689891,1.478204773753571,0.43470583128292206,246,0.004764172167272263,0.0490373104344496,0.19172179813918985,0.625088404798505
5.877886627530139,2.225967147539769,0.44602926354603556,247,0.0049314537040755085,0.20159567211100363,0.11129056457626574,0.676246935818196
5.8714952839765955,2.3884674308285803,0.512350647049313,247,0.0049314537040755085,0.20159567211100363,0.11129056457626574,0.676246935818196
11.87592319054653,3.570901033973412,0.40865952967262303,248,0.014338052094056001,0.4755897886405411,0.35967441758892477,0.5441413206004991
12.098998537605747,4.107661835212232,0.3726664215942338,248,0.014338052094056001,0.4755897886405411,0.35967441758892477,0.5441413206004991
2.224022387510126,0.0036821562707121287,0.008052378804167351,249,9.805991230450147e-4,0.24811244635083454,0.6473566998891053,0.40711470562495733
2.1782729805013927,0.0037140204271123496,0.04228624577030059,249,9.805991230450147e-4,0.24811244635083454,0.6473566998891053,0.40711470562495733
5.174843327029332,0.8009789743019244,0.4600421832380643,250,0.007478229776134667,0.07611522596142418,0.4594390320645922,0.4635818150418386
4.944394071168187,0.9770359541829352,0.3427176624099917,250,0.007478229776134667,0.07611522596142418,0.4594390320645922,0.4635818150418386
4.8110793874448445,0.2966368793800289,0.2658501947815707,251,0.0070830847132675396,0.6997270922975698,0.621972893055147,0.4492563041032551
4.7697126013264555,0.33345615327929257,0.3461073051452668,251,0.0070830847132675396,0.6997270922975698,0.621972893055147,0.4492563041032551
4.547633092464238,1.0230791918596078,0.3959717930633249,252,0.00463828837726358,0.1274528902280613,0.24494499803720035,0.5591820080321882
4.554865424430641,1.022256728778468,0.4609059177356702,252,0.00463828837726358,0.1274528902280613,0.24494499803720035,0.5591820080321882
6.982414659376385,1.8545884439190186,0.4910494417981679,253,0.012988301196966007,0.24223877843135644,0.7420069063681729,0.5622734541895051
7.011630491147493,1.3130602266834581,0.45623853665430203,253,0.012988301196966007,0.24223877843135644,0.7420069063681729,0.5622734541895051
2.9122982193376603,0.1257373199460069,0.1251351094540618,254,0.004137528301357731,0.1466693148266565,0.6742658756736905,0.7026287987471536
3.0650211825382208,0.12893718916927613,0.43835282343892484,254,0.004137528301357731,0.1466693148266565,0.6742658756736905,0.7026287987471536
1.8875235248533158,0.0018450865345584707,NA,255,3.2265602427359046e-4,0.5885891381712959,0.6868060415740257,0.507973082679883
1.9275236315877096,0,NA,255,3.2265602427359046e-4,0.5885891381712959,0.6868060415740257,0.507973082679883
2.6677520211644126,0.13505263352635374,0.23267833296441987,256,0.0010624626781773375,0.7999965429304358,0.10027240012694599,0.4843450182685079
2.6538511398781415,0.10926532955534568,0.22354415885743484,256,0.0010624626781773375,0.7999965429304358,0.10027240012694599,0.4843450182685079
10.518515774068653,5.40560567607121,0.3095276113095572,257,0.008868467663331254,0.2723679551511386,0.07636864029911282,0.6131273045275545
10.20876093267506,5.103455927220281,0.343044653413325,257,0.008868467663331254,0.2723679551511386,0.07636864029911282,0.6131273045275545
4.844679323107518,0.473235494503471,0.3248560527664415,258,0.007570384524213146,0.6331252082460662,0.5994949839066148,0.5716886595150552
4.784963128615521,0.4509582863585118,0.3778768508535714,258,0.007570384524213146,0.6331252082460662,0.5994949839066148,0.5716886595150552
3.5943800983298657,0.3645938829248531,0.3845070931071476,259,0.00412134794454099,0.18563831080979873,0.37055186724634576,0.5022665338291412
3.6221225270280213,0.2629256453629477,0.2961771082085472,259,0.00412134794454099,0.18563831080979873,0.37055186724634576,0.5022665338291412
2.573760200878845,0.21047967209482663,0.3826273727376752,260,0.003252710964661995,0.02402360388005842,0.4891548855053765,0.8487927995736018
2.6867834779538824,0.22111150337241495,0.3920378087106779,260,0.003252710964661995,0.02402360388005842,0.4891548855053765,0.8487927995736018
3.7525149048489213,0.5869649482252617,0.38961384860210574,261,0.004063703470223193,0.28131217568016903,0.25914246530310087,0.6775481448578682
4.12504624491306,0.6030336662967073,0.39902365520937094,261,0.004063703470223193,0.28131217568016903,0.25914246530310087,0.6775481448578682
4.738670806535078,0.7133880387373401,0.40472701078440665,262,0.006929898663987155,0.3009388836555388,0.5672282454612374,0.6351596881433426
4.371554268530378,0.7258079486179948,0.4939658715559169,262,0.006929898663987155,0.3009388836555388,0.5672282454612374,0.6351596881433426
8.207219843496235,3.7815591318470396,0.2952844654075396,263,0.006413165072197639,0.7498652856731741,0.07847030860880022,0.7525416568919702
7.668292322470998,3.6909776102859677,0.3729666247414988,263,0.006413165072197639,0.7498652856731741,0.07847030860880022,0.7525416568919702
1.9032425614009054,0.027825183646212063,0.18870359451436072,264,3.5555838699362813e-4,0.008167242281787656,0.07227539670962899,0.8137367340869366
1.9847748326148766,0.03118407777675869,0.13972868531797625,264,3.5555838699362813e-4,0.008167242281787656,0.07227539670962899,0.8137367340869366
8.683333333333334,2.711111111111111,0.41625691654528574,265,0.011964777388766803,0.6478115157095705,0.39417375986188236,0.7267854447409913
8.779113935777946,2.7552854416424246,0.41329461105574583,265,0.011964777388766803,0.6478115157095705,0.39417375986188236,0.7267854447409913
2.5537733757114345,0.022174587922241112,0.20966060707569462,266,0.002235410363638158,0.7659564888381749,0.7415168597957834,0.629945593590076
2.4792927979794226,0.014857185306243732,0.2568284710282669,266,0.002235410363638158,0.7659564888381749,0.7415168597957834,0.629945593590076
5.909889906559348,1.023221389582755,0.4499536887168386,267,0.009877356217356886,0.1884821485738007,0.6634535732209551,0.5400890084073213
5.7711847185531395,0.7371007371007371,0.444729680506344,267,0.009877356217356886,0.1884821485738007,0.6634535732209551,0.5400890084073213
3.9569677443247047,0.31663148539051217,0.3226271633868963,268,0.004464190309762858,0.3853703244023555,0.3573056389343862,0.48175470447283675
4.019868527956275,0.5281039958638009,0.35081977458189423,268,0.004464190309762858,0.3853703244023555,0.3573056389343862,0.48175470447283675
7.639324888281568,1.4865014588026737,0.3821287858855947,269,0.010280754112963765,0.36857124507958516,0.4313738302760191,0.43944070676892694
7.580282417136748,1.5964310732588578,0.40594972641605426,269,0.010280754112963765,0.36857124507958516,0.4313738302760191,0.43944070676892694
4.367263994088306,0.5726953630149639,0.41973304320859933,270,0.005927533983003132,0.17501588063391468,0.4803766148440391,0.5813886443220168
4.34887073522345,0.4435737256496507,0.3919220991929834,270,0.005927533983003132,0.17501588063391468,0.4803766148440391,0.5813886443220168
11.835837979544364,6.158845031938855,0.5145598393807257,271,0.014943016938201043,0.049588253515389924,0.15521544108744983,0.5418993370642565
12.150675037502083,6.226271829916477,0.4632594521224906,271,0.014943016938201043,0.049588253515389924,0.15521544108744983,0.5418993370642565
4.343007038220679,2.214915116472392,0.6779194406828232,272,0.00788319509469545,0.07741682028926412,0.30952462991725727,0.8934015258046606
4.052729861149629,2.325882374692625,0.6479168711091541,272,0.00788319509469545,0.07741682028926412,0.30952462991725727,0.8934015258046606
2.7036516853932584,0.0960969840331165,0.2674087253286679,273,0.003219267756121162,0.3975248574011891,0.6193500374594723,0.778561644754564
2.710263060392738,0.11670989255279733,0.3699755107247839,273,0.003219267756121162,0.3975248574011891,0.6193500374594723,0.778561644754564
3.644150713507726,0.3359855267773081,0.3827498063134596,274,0.0055229048625948405,0.3275333790404124,0.5839609059933267,0.6312940106748497
3.902448084995728,0.27304134626100524,0.38295666816267154,274,0.0055229048625948405,0.3275333790404124,0.5839609059933267,0.6312940106748497
7.952847418230117,3.7651963768516983,0.27276966970825506,275,0.005291117760481428,0.7357699171267784,0.05906672209172468,0.5899140074388389
8.722938096475918,3.9715548293661107,0.25151664338634017,275,0.005291117760481428,0.7357699171267784,0.05906672209172468,0.5899140074388389
9.6767631939051,3.759384592625467,0.3517087637298114,276,0.008313005692117193,0.6986701633137172,0.14885634045165938,0.7445093543636487
9.446499898761205,3.82314502917518,0.32920113568891846,276,0.008313005692117193,0.6986701633137172,0.14885634045165938,0.7445093543636487
5.847499861564871,1.1776214998984809,0.41716424679682557,277,0.008369106610951521,0.49643021879193505,0.43504071085445306,0.7306341828480154
5.473225174618427,1.487490298976311,0.37423171380593306,277,0.008369106610951521,0.49643021879193505,0.43504071085445306,0.7306341828480154
4.712758480375837,0.7028446713276366,0.45657866585590423,278,0.006696251212344564,0.2661984699241076,0.4318533897878381,0.665704448047682
4.728869536338308,0.9114559309212348,0.4456573460218461,278,0.006696251212344564,0.2661984699241076,0.4318533897878381,0.665704448047682
4.558346463991102,1.2104921679488367,0.5180535490940475,279,0.007378351502049974,0.3956006800487968,0.4949940080192764,0.8770349611582402
4.484288286281716,1.0375484900792546,0.4894340617627207,279,0.007378351502049974,0.3956006800487968,0.4949940080192764,0.8770349611582402
2.1202854230377164,0.022240756185710316,0.3537221710161792,280,0.0014408935617436333,0.6581575947107701,0.6522127799178143,0.86829557404981
2.0258915215424107,0.012927293209477551,0.1748929046451118,280,0.0014408935617436333,0.6581575947107701,0.6522127799178143,0.86829557404981
3.111349670541201,0.11290441993040647,0.30850087627504674,281,0.0030137459321085257,0.20928517755384488,0.39139635834620395,0.45948385104365674
2.934649950072118,0.12204593365139242,0.3466517868856181,281,0.0030137459321085257,0.20928517755384488,0.39139635834620395,0.45948385104365674
3.8757685987037687,0.9730967372638809,0.2701169045142189,282,0.0018437866048206608,0.5408669668483383,0.0476410378118362,0.5595980871227575
3.7457623978807355,0.9169893110538894,0.3206581276461476,282,0.0018437866048206608,0.5408669668483383,0.0476410378118362,0.5595980871227575
6.508086478074807,2.558402341651383,0.47391688126003095,283,0.009472705859300407,0.45213873266355525,0.32137505660439186,0.8003141159809513
7.463788172340621,2.730879232401513,0.48076769923013707,283,0.009472705859300407,0.45213873266355525,0.32137505660439186,0.8003141159809513
5.9247886646565915,0.9489280627439374,0.3823834310390948,284,0.009555818482211383,0.3898298722423179,0.6338385521430566,0.5649982138349742
5.449721802571945,0.9156564353881868,0.41538936582720043,284,0.009555818482211383,0.3898298722423179,0.6338385521430566,0.5649982138349742
2.4305748531836455,0.020378295262972638,0.1922659493431725,285,0.001990565048539436,0.07608199190000407,0.5512917235187903,0.4965340668519693
2.3782203138880664,0.029612081729345572,0.21786349403605126,285,0.001990565048539436,0.07608199190000407,0.5512917235187903,0.4965340668519693
4.2897821826115905,1.0354646647683148,0.47976008521385766,286,0.005774701189049019,0.37199360406367804,0.3716372276191934,0.8555179000011932
4.363535297387437,0.9542338336112656,0.4898461940139171,286,0.005774701189049019,0.37199360406367804,0.3716372276191934,0.8555179000011932
4.483650471088121,0.7278773323480511,0.4066453873142719,287,0.006756466126615405,0.12650795167164272,0.5036190630478704,0.5647319105137693
4.4664507172605274,0.6515502082369273,0.4047190712404861,287,0.006756466126615405,0.12650795167164272,0.5036190630478704,0.5647319105137693
7.834314705773432,4.275450875828612,0.2980293813859845,288,0.005889004757607586,0.6987330266592255,0.040986145624219976,0.7579687762440894
7.5527692250621365,4.139926549690247,0.29729242710273535,288,0.005889004757607586,0.6987330266592255,0.040986145624219976,0.7579687762440894
3.7604122416563546,0.4451175590565724,0.2886678486536995,289,0.0026915729080436673,0.44889106726491407,0.14872550762139858,0.48055611286677224
3.8821111872188383,0.34988984949182667,0.3011331374840083,289,0.0026915729080436673,0.44889106726491407,0.14872550762139858,0.48055611286677224
3.712352443643585,0.46703195675357634,0.38976526356081054,290,0.005797569110499317,0.3308168154232898,0.6759460906816617,0.6930764884128957
3.724646816715488,0.30219882086840444,0.4158265012579421,290,0.005797569110499317,0.3308168154232898,0.6759460906816617,0.6930764884128957
2.089927990966476,0.024064715573573238,0.2504981668196316,291,8.929462185438754e-4,0.049046420632315686,0.32570970658390297,0.821401182574091
2.0940959409594098,0.01845018450184502,0.11978420130498932,291,8.929462185438754e-4,0.049046420632315686,0.32570970658390297,0.821401182574091
5.911956641964385,3.9744865980901816,0.44254979508459963,292,0.011789283332687556,0.027256670237841882,0.03607226882666162,0.7826213692280568
6.372113676731795,4.190719360568384,0.45763007286951624,292,0.011789283332687556,0.027256670237841882,0.03607226882666162,0.7826213692280568
6.605501193096687,1.5094060413236898,0.4179903263848828,293,0.008457874860437115,0.19531481094320324,0.3552361016881441,0.4883538317581632
6.502938241490187,1.5799977824592526,0.43520152593053735,293,0.008457874860437115,0.19531481094320324,0.3552361016881441,0.4883538317581632
2.1471594289113622,0.00185901249256395,NA,294,0.001001906393421006,0.2847733695136525,0.5487495402572454,0.5768929392084785
2.26857406552838,0.007383479464697738,0.15467706318295632,294,0.001001906393421006,0.2847733695136525,0.5487495402572454,0.5768929392084785
7.4798533435074726,4.969198414323203,0.22616641054971873,295,0.011270158261571293,0.10510350397357925,0.02099903405359925,0.5108337555903525
7.193659825238773,4.777299514141619,0.2592617151167603,295,0.011270158261571293,0.10510350397357925,0.02099903405359925,0.5108337555903525
4.610244988864142,0.3674832962138085,0.346634848102737,296,0.005556984833873075,0.7785069740213107,0.419385763567928,0.5279252002966688
4.186244404158496,0.41991934588775026,0.32564608375805515,296,0.005556984833873075,0.7785069740213107,0.419385763567928,0.5279252002966688
10.116187003995654,2.4507908449796534,0.31969087058051926,297,0.011573726683234599,0.6960445214009985,0.37906894330082935,0.6006335611761968
8.681950536286905,2.4307987173344143,0.35097773548489686,297,0.011573726683234599,0.6960445214009985,0.37906894330082935,0.6006335611761968
9.689692290560856,2.822835084072603,0.3976376784182532,298,0.014497102011320465,0.7355009859856696,0.4719327533482604,0.6259986636945332
10.144176491273528,2.6891969424959745,0.38075634976974926,298,0.014497102011320465,0.7355009859856696,0.4719327533482604,0.6259986636945332
2.5564187939326675,0.040695523492415835,0.1975611408765645,299,0.0015514839854344421,0.4030658624688395,0.27420542717788576,0.4610458184260713
2.507448324358334,0.035159792002072573,0.24119846923741786,299,0.0015514839854344421,0.4030658624688395,0.27420542717788576,0.4610458184260713
13.566121842496285,7.013372956909361,0.2583434936125674,300,0.011875948733696096,0.7755291731353078,0.10258696539748666,0.6904769683767132
13.869948445035757,7.165955245117061,0.2713717640161412,300,0.011875948733696096,0.7755291731353078,0.10258696539748666,0.6904769683767132
12.332128099173554,3.956980519480519,0.28535008595125455,301,0.012693456363687043,0.7848124785444224,0.2391080069808442,0.436014187264012
13.267913349379745,4.823180892427328,0.30364782556796605,301,0.012693456363687043,0.7848124785444224,0.2391080069808442,0.436014187264012
3.727920726428821,0.24128340670067963,0.335928967436591,302,0.004631403031137733,0.4653585925685678,0.47376951375605053,0.5774943925949824
3.9317438918539587,0.31025503702746127,0.34475659561084254,302,0.004631403031137733,0.4653585925685678,0.47376951375605053,0.5774943925949824
5.658419052914466,2.3389861921972015,0.5788428672157386,303,0.008817441480706407,0.22055994073778107,0.2892224616646469,0.8723890307957582
5.781342620035566,2.4359069353882634,0.6032212695207825,303,0.008817441480706407,0.22055994073778107,0.2892224616646469,0.8723890307957582
5.175884036561721,1.6637429600221587,0.5471944239635415,304,0.009612221449926045,0.23501134069691387,0.5364063854032495,0.7826726342309053
5.080643671365492,1.7403513957913797,0.5513205501211675,304,0.009612221449926045,0.23501134069691387,0.5364063854032495,0.7826726342309053
2.542137689874003,0.05180484375289089,0.10560330359299043,305,0.00212785737765821,0.012151507317906603,0.5732951716998117,0.6816497411306823
2.403029183598079,0.033247137052087185,0.14540105916709814,305,0.00212785737765821,0.012151507317906603,0.5732951716998117,0.6816497411306823
8.108856088560886,4.3099630996309966,0.24659607756346177,306,0.005579825524614125,0.4514544055570189,0.03983480121140337,0.5713275625687403
8.50548353091306,4.497789942852916,0.25267575976832507,306,0.005579825524614125,0.4514544055570189,0.03983480121140337,0.5713275625687403
8.454579025110782,2.2618168389955686,0.3839971367732225,307,0.007680263753862787,0.4312193064237051,0.20760687202732764,0.49928433367776254
7.937859907049086,2.2700761012461346,0.379600998062078,307,0.007680263753862787,0.4312193064237051,0.20760687202732764,0.49928433367776254
10.035012319149331,2.4564198514292066,0.4128749700623911,308,0.014397838116798163,0.6368521462346536,0.5345776904542371,0.5978900873011765
9.373618275607958,2.3212969786293294,0.40765164423677286,308,0.014397838116798163,0.6368521462346536,0.5345776904542371,0.5978900873011765
6.197614739873721,1.5064800797548277,0.426453198105763,309,0.010738978860598896,0.4092269112167875,0.6042343115435767,0.7250845383428001
6.330489894430421,1.2215118742745545,0.46466440408783355,309,0.010738978860598896,0.4092269112167875,0.6042343115435767,0.7250845383428001
5.175872922380313,1.785418468957647,0.45750997311818403,310,0.006731370986701261,0.009318108562884522,0.2393828516340892,0.626397321114932
4.5560402188377935,1.9517965399970427,0.5074598351176606,310,0.006731370986701261,0.009318108562884522,0.2393828516340892,0.626397321114932
2.631627376285909,0.13066121938202765,0.3682055880197987,311,0.0031484377616725523,0.24556806513065418,0.4956420510573189,0.7655344504004264
2.8369579252208883,0.1918359065168871,0.39208143118168814,311,0.0031484377616725523,0.24556806513065418,0.4956420510573189,0.7655344504004264
12.557682685001575,8.130247039418819,0.17331004467116504,312,0.012419682672082913,0.5047646023777866,0.04212076935477555,0.48829999094977933
12.551821143026354,7.874962984897839,0.1569565987524908,312,0.012419682672082913,0.5047646023777866,0.04212076935477555,0.48829999094977933
7.51595411118079,3.4545722822678817,0.3415698136916661,313,0.005133574979329388,0.40495557473757304,0.06023046741446882,0.5495958386491832
8.539491916859122,3.88175519630485,0.2802527453742572,313,0.005133574979329388,0.40495557473757304,0.06023046741446882,0.5495958386491832
8.520303584288959,2.3267409007811204,0.4604816442094061,314,0.012486687811843833,0.20240832224975602,0.5330026839218471,0.5573652881737752
7.800251442094365,1.8858157077355422,0.4822719107090222,314,0.012486687811843833,0.20240832224975602,0.5330026839218471,0.5573652881737752
2.4469007768817703,0.02767987304164898,0.35644764321059996,315,0.001441208620036811,0.4505644025554405,0.36659200110732026,0.5437546268340578
2.399483585392844,0.03873109553670233,0.12677055027040357,315,0.001441208620036811,0.4505644025554405,0.36659200110732026,0.5437546268340578
4.76941049937879,1.1979157008548593,0.5021622971736877,316,0.007563527907061811,0.17098848492968943,0.45309123430470394,0.7477027841895305
5.0086195710604855,1.1974715924889243,0.522088369197313,316,0.007563527907061811,0.17098848492968943,0.45309123430470394,0.7477027841895305
3.985788830909293,0.26460900780874136,0.3045650680143985,317,0.00613508250589882,0.5986137456520598,0.7134131821920029,0.548811348120859
4.002516607760774,0.3756407172332118,0.32396462041062646,317,0.00613508250589882,0.5986137456520598,0.7134131821920029,0.548811348120859
3.790410427782804,0.5797315510588409,0.331906651912518,318,0.00229986503682377,0.49235715512425843,0.11227092253797501,0.658947929335099
3.534672308346113,0.5229023853956875,0.3466075358695265,318,0.00229986503682377,0.49235715512425843,0.11227092253797501,0.658947929335099
5.786286962801118,1.0387542355620567,0.4481663482626038,319,0.010269142850530735,0.568187829056538,0.6551345333661845,0.7384896634160192
6.242845009047601,1.155877248051996,0.4787626585303586,319,0.010269142850530735,0.568187829056538,0.6551345333661845,0.7384896634160192
3.0006643537314535,0.12364361113161586,0.1911212495192724,320,0.0018402931915551853,0.08776932075992663,0.176378124804853,0.4048147429482701
3.0177896580329984,0.14010507880910683,0.3122613663653461,320,0.0018402931915551853,0.08776932075992663,0.176378124804853,0.4048147429482701
10.217198581560284,4.185135933806147,0.42779473792386824,321,0.011227435569815944,0.306049396763154,0.20214950232931797,0.7026614030715013
10.515353706639141,4.38308696133004,0.4545043226232335,321,0.011227435569815944,0.306049396763154,0.20214950232931797,0.7026614030715013
2.3764645008685368,0.009239753113796798,0.1584436382434648,322,9.574943045523986e-4,0.5190111091254072,0.333884402086948,0.46159153727605934
2.300040675960507,0.009244536478940945,0.36938600952725004,322,9.574943045523986e-4,0.5190111091254072,0.333884402086948,0.46159153727605934
8.772026837720269,1.7234387672343876,0.3761769417207797,323,0.013589452791867355,0.6132612890466929,0.5725221261113421,0.5171092722468844
8.263819374930486,1.646090534979424,0.40814135918153327,323,0.013589452791867355,0.6132612890466929,0.5725221261113421,0.5171092722468844
2.026193151467148,0.0018419937740610437,NA,324,6.903813659677571e-4,0.3067534967802296,0.7287287504727906,0.5782852262452541
2.0038521371953477,0,NA,324,6.903813659677571e-4,0.3067534967802296,0.7287287504727906,0.5782852262452541
9.124033588576925,2.5690822328265455,0.3727138825037868,325,0.012234774040950696,0.738258277242473,0.40577300570923497,0.7216111723787906
9.367008857428752,3.092687988733647,0.39946809375194764,325,0.012234774040950696,0.738258277242473,0.40577300570923497,0.7216111723787906
14.751486634186103,7.05618643596821,0.2745750270811909,326,0.013042101740780557,0.7730582432812348,0.13533076818305995,0.6767857227175103
13.565920213554797,6.621681744030846,0.2965101822273288,326,0.013042101740780557,0.7730582432812348,0.13533076818305995,0.6767857227175103
6.23321790337216,2.092553841595526,0.47725654463852896,327,0.008747762412422939,0.3959257293382082,0.4093227762121562,0.7995986270291067
6.019503710146,1.6024870006106473,0.5202834716568783,327,0.008747762412422939,0.3959257293382082,0.4093227762121562,0.7995986270291067
1.9695563393354372,0.001856320772229441,NA,328,1.708885318471153e-4,0.5008697776545105,0.617079096341611,0.5703129159112197
1.842314153329272,0,NA,328,1.708885318471153e-4,0.5008697776545105,0.617079096341611,0.5703129159112197
4.695112948471873,2.6871401151631478,0.2195541944428273,329,0.006225278039895425,0.5490284049412953,0.010621434191534834,0.5933823306401085
4.64038408272551,2.716277352045056,0.2232641184965319,329,0.006225278039895425,0.5490284049412953,0.010621434191534834,0.5933823306401085
2.7164685908319184,0.02768140547722743,0.14472126098952573,330,0.002072767560867512,0.48238859761898145,0.4915754033922414,0.5210180191955874
2.5780816854555537,0.0258732212160414,0.3577519062577532,330,0.002072767560867512,0.48238859761898145,0.4915754033922414,0.5210180191955874
9.037124685697382,2.719642064783316,0.36149495766953726,331,0.009811959048008427,0.6993374731070816,0.2943449159953144,0.5443494982143622
8.778414341156902,2.22509702457956,0.3490050440843143,331,0.009811959048008427,0.6993374731070816,0.2943449159953144,0.5443494982143622
9.838123188807058,4.132750059988556,0.5097351296358124,332,0.014296600517978174,0.15641620059836886,0.23010932283074112,0.721670578072658
10.912574144346609,4.929447739748738,0.49929332048373803,332,0.014296600517978174,0.15641620059836886,0.23010932283074112,0.721670578072658
4.4324404321444435,0.34593754624833506,0.3203616566542371,333,0.006642152842033606,0.7865108986371819,0.6548338457163051,0.5945425292860824
4.046775859524863,0.32278294230485466,0.28535568895832325,333,0.006642152842033606,0.7865108986371819,0.6548338457163051,0.5945425292860824
7.846352247605011,2.1739130434782608,0.4441258106965476,334,0.011115625718853005,0.023611115317584946,0.4113263299353134,0.529562569421021
6.990190826298191,2.34792086158166,0.4243897025418208,334,0.011115625718853005,0.023611115317584946,0.4113263299353134,0.529562569421021
6.7100881308531575,3.1388566907692588,0.3939746752788875,335,0.004751315685751305,0.18532960120322117,0.057416717233759636,0.6657225038321412
5.676379829634694,2.795690977290785,0.4312000502194812,335,0.004751315685751305,0.18532960120322117,0.057416717233759636,0.6657225038321412
2.2303595206391478,0.005548158011540168,0.019087635275907237,336,0.001150897935588558,0.08005176965397973,0.7029709454621088,0.48056025608827674
2.2133131339257672,0.012932547527112162,0.48065763947169016,336,0.001150897935588558,0.08005176965397973,0.7029709454621088,0.48056025608827674
5.861263812027725,0.8788218639113089,0.3876933990327148,337,0.009700016172743254,0.06854970582256532,0.6628434758473754,0.46336209449901145
5.759869699605767,0.9050694997131171,0.4334715718724198,337,0.009700016172743254,0.06854970582256532,0.6628434758473754,0.46336209449901145
7.760118277582702,2.718536314914064,0.45537634991479126,338,0.0145817472722855,0.3968084331918867,0.6119560568981944,0.7631364879040955
8.409469206584058,2.629924172369151,0.4851578305874008,338,0.0145817472722855,0.3968084331918867,0.6119560568981944,0.7631364879040955
3.1930173461495968,0.24674989872205652,0.2854908992118595,339,0.00201873374518394,0.31414127623228955,0.15908312130004382,0.5318388526380252
3.182666198718067,0.25675600790586844,0.3255447125493506,339,0.00201873374518394,0.31414127623228955,0.15908312130004382,0.5318388526380252
1.9720137151329813,0.001853396348809193,NA,340,9.180731747670147e-4,0.49941030831014377,0.7431637092488939,0.6512505994551174
1.9335280417020964,0.0018484971717993273,NA,340,9.180731747670147e-4,0.49941030831014377,0.7431637092488939,0.6512505994551174
4.0969032449251745,1.526152022521855,0.45113728703646,341,0.0030197369780170947,0.30002434775351183,0.08660161324616884,0.8669984756353505
4.16013860984646,1.5040642913755922,0.4318018089029333,341,0.0030197369780170947,0.30002434775351183,0.08660161324616884,0.8669984756353505
11.808821895485352,4.762786563460613,0.4449937066418368,342,0.013250140922849372,0.23756595398618807,0.21713443314748868,0.6712436694229682
11.095242511360475,4.622090327367152,0.4759196552025885,342,0.013250140922849372,0.23756595398618807,0.21713443314748868,0.6712436694229682
6.656826568265682,1.3782287822878228,0.4211561632307426,343,0.012458205845045582,0.532592917508289,0.7336441512168348,0.7106831190227738
6.826738520596486,1.5262808209065406,0.4666044035086808,343,0.012458205845045582,0.532592917508289,0.7336441512168348,0.7106831190227738
7.083179297597042,1.8798521256931606,0.31749924095920384,344,0.005742514358005251,0.7860067532140308,0.1501149918893162,0.48240486789499704
7.43617790467009,1.9281039692986521,0.2787665883577947,344,0.005742514358005251,0.7860067532140308,0.1501149918893162,0.48240486789499704
8.956079519186314,1.9361997226074896,0.365053699358451,345,0.010833128096603473,0.5601195779873227,0.3979920845391121,0.4203871086101324
8.140287304257797,1.5086246741481633,0.337094974502732,345,0.010833128096603473,0.5601195779873227,0.3979920845391121,0.4203871086101324
7.414610654219455,2.0300807586871157,0.501598639135828,346,0.013672536367989976,0.3091601854901106,0.6669333658931172,0.76896107956858
7.187263637537587,2.169461508661243,0.5430982856441944,346,0.013672536367989976,0.3091601854901106,0.6669333658931172,0.76896107956858
11.58408158740716,4.41008018327606,0.3728741024392921,347,0.011129494793697941,0.5808418674429666,0.2010767477247779,0.718373150593046
11.509221065093135,4.430180721777251,0.39329789284252353,347,0.011129494793697941,0.5808418674429666,0.2010767477247779,0.718373150593046
10.012948575656678,3.1335553089160193,0.4698276885776207,348,0.013393286453979924,0.2201388787917995,0.38808621442921754,0.46919780464217614
10.161186331399097,3.0542507138251818,0.4576926256363047,348,0.013393286453979924,0.2201388787917995,0.38808621442921754,0.46919780464217614
3.2563044644674277,0.43294047993487395,0.37960414064131537,349,0.005037451550082751,0.20694098692474083,0.5312164761528901,0.8020686925226562
3.365402336982565,0.5602860407681817,0.4857627357653099,349,0.005037451550082751,0.20694098692474083,0.5312164761528901,0.8020686925226562
10.215033865057922,3.216255227802657,0.3702950806983306,350,0.013610459804994902,0.6775622323464939,0.4068734229145739,0.7497055342278329
10.205138639684801,3.4165109783392835,0.40967521839793986,350,0.013610459804994902,0.6775622323464939,0.4068734229145739,0.7497055342278329
3.6409337054355255,0.18851534921544347,0.37396679540721006,351,0.005535743207771933,0.09470939945884867,0.6200006492389681,0.45213065686243975
3.570173329140384,0.18498307404872452,0.3015388208752635,351,0.005535743207771933,0.09470939945884867,0.6200006492389681,0.45213065686243975
3.870240712345976,1.2987012987012987,0.5438262370055682,352,0.00664834792093755,0.08944811788508868,0.4548814780766488,0.7673522369724851
4.141443968699247,1.1294847187361583,0.5228895629541408,352,0.00664834792093755,0.08944811788508868,0.4548814780766488,0.7673522369724851
5.191146140247495,2.8487772539776075,0.3056466671441744,353,0.003919866952424014,0.426298044591675,0.023235220059968014,0.7855614675434273
5.079083845486592,2.727792850155953,0.3514345091440341,353,0.003919866952424014,0.426298044591675,0.023235220059968014,0.7855614675434273
1.938966008022033,0.0018483946692297738,NA,354,3.2535207752912125e-4,0.018293679273939996,0.39782801761483494,0.5169092098290836
1.9906127673784393,0,NA,354,3.2535207752912125e-4,0.018293679273939996,0.39782801761483494,0.5169092098290836
3.5684493465566782,0.4801186393548985,0.32732822163208614,355,0.0021360930100333287,0.3239025485170377,0.09585153716083611,0.4912251358327522
3.7003426243170665,0.5352347439577738,0.3254501984248432,355,0.0021360930100333287,0.3239025485170377,0.09585153716083611,0.4912251358327522
3.280050206733609,0.3322504430005907,0.3588134652399491,356,0.0035659725898230217,0.7179536714531398,0.34772208772743923,0.8646003167463621
3.2668748498678837,0.2974925626859329,0.3420259318863214,356,0.0035659725898230217,0.7179536714531398,0.34772208772743923,0.8646003167463621
1.9165207776651618,0.029484935041002486,0.3453368296273833,357,2.3691340099973312e-4,0.6903226557157731,0.052230498535545476,0.7802551669285341
1.889999445747963,0.014780054316699615,0.18345332146612522,357,2.3691340099973312e-4,0.6903226557157731,0.052230498535545476,0.7802551669285341
6.6382978723404245,1.696577243293247,0.47579455582200814,358,0.008520687040244905,0.24638873824124638,0.3707973759728145,0.5452088808183203
7.71843047506552,1.611236203905356,0.4063463395878449,358,0.008520687040244905,0.24638873824124638,0.3707973759728145,0.5452088808183203
9.297810974707883,3.2761425824582164,0.48022866302813494,359,0.013757522300948538,0.06377457894038234,0.40279274012448496,0.4713597129431601
9.816064674033969,3.396870132759772,0.480843610839128,359,0.013757522300948538,0.06377457894038234,0.40279274012448496,0.4713597129431601
3.230940044411547,0.18689859363434494,0.3797062431719346,360,0.004707470115775658,0.15620263062653766,0.675230790173636,0.5444971474249397
3.294962703748043,0.13813426650704483,0.31987746158702324,360,0.004707470115775658,0.15620263062653766,0.675230790173636,0.5444971474249397
6.5984389194801345,1.1124089215195505,0.3935551620709065,361,0.011064166572491324,0.5106370504508976,0.6274742154717997,0.6339889138633605
6.304021914157213,1.297451368709397,0.44414166685703693,361,0.011064166572491324,0.5106370504508976,0.6274742154717997,0.6339889138633605
13.956023651145602,4.892830746489283,0.32208343026645025,362,0.014127741960941425,0.7414962304363066,0.25707922835659225,0.4774140603845298
14.558190252647533,5.322786330788992,0.31631150441198647,362,0.014127741960941425,0.7414962304363066,0.25707922835659225,0.4774140603845298
1.8598815432588518,0.0055353617358894405,0.011479533873104021,363,3.806892023848729e-4,0.2344617403969267,0.12806542817447547,0.8402249494024528
1.9802163604030822,0.007409602845287492,0.3016614221265948,363,3.806892023848729e-4,0.2344617403969267,0.12806542817447547,0.8402249494024528
7.780019621272421,2.534105843807267,0.47047366564392645,364,0.010364098464076519,0.3305022965987394,0.359477108989665,0.69048019343053
7.854374153823327,2.4518258869786163,0.4914324442923748,364,0.010364098464076519,0.3305022965987394,0.359477108989665,0.69048019343053
6.7332456319134355,1.1432065368438606,0.4436617645343954,365,0.011399965987352871,0.36642006808318534,0.5879076255310295,0.46586586746855185
6.515339467886172,1.3793486512006812,0.46000189783275625,365,0.011399965987352871,0.36642006808318534,0.5879076255310295,0.46586586746855185
3.116403581648666,0.21600664635834949,0.3127177758852208,366,0.005337273033837041,0.68899137138161,0.72859013199032,0.884771823238707
3.3602274615512435,0.28248066022930785,0.37226723401360395,366,0.005337273033837041,0.68899137138161,0.72859013199032,0.884771823238707
2.1168031650366976,0.011092418332070031,0.1763438190694009,367,0.0011229009946257357,0.21490353026891462,0.449798281262173,0.4621708974781322
2.392812338572799,0.009224411482547414,0.016866154633104,367,0.0011229009946257357,0.21490353026891462,0.449798281262173,0.4621708974781322
10.742320976708964,3.9193956520936073,0.3926841922422489,368,0.012758550883452078,0.6978123153431719,0.3072979488917565,0.7807281631025156
10.344190856045499,3.892458822660463,0.4285672369332355,368,0.012758550883452078,0.6978123153431719,0.3072979488917565,0.7807281631025156
6.954880260576673,3.1091534959469964,0.42858485754669173,369,0.007707668226956155,0.5503416044802997,0.15725934346903664,0.8727729510834381
8.201787664007995,3.4069248848011546,0.39710707778113846,369,0.007707668226956155,0.5503416044802997,0.15725934346903664,0.8727729510834381
7.0360581810116996,2.716838856340215,0.3875603383717655,370,0.008508222342866996,0.762260730227044,0.20675850902352713,0.8057610400249942
8.974856361654567,3.1609673188124665,0.34455479356532065,370,0.008508222342866996,0.762260730227044,0.20675850902352713,0.8057610400249942
3.8834951456310676,0.26629680998613037,0.36212274348106843,371,0.0051984357557433285,0.5090074886273495,0.5387854149023459,0.5074123689536407
3.6839958469296947,0.1928211213289825,0.30536143832350565,371,0.0051984357557433285,0.5090074886273495,0.5387854149023459,0.5074123689536407
3.15291936978684,0.18164967562557924,0.3313505083499796,372,0.0025097207380509736,0.5369914471391172,0.23720801993721824,0.6283131526757814
2.9586999428181433,0.1918359065168871,0.3109874166160945,372,0.0025097207380509736,0.5369914471391172,0.23720801993721824,0.6283131526757814
3.0124596215966775,0.25473004153207196,0.38990789532023035,373,0.003681206759226277,0.1321317254294173,0.4456969000224386,0.7440375264174783
2.979577555567832,0.32410732372060475,0.2829158471487239,373,0.003681206759226277,0.1321317254294173,0.4456969000224386,0.7440375264174783
5.262278960161802,1.2599038836212495,0.4429635195920472,374,0.007788703269336904,0.5202419758332734,0.40703875310347903,0.6702287070470796
5.917948148559374,1.2620514813375525,0.4343108309416633,374,0.007788703269336904,0.5202419758332734,0.40703875310347903,0.6702287070470796
5.991781430475345,1.28091218717607,0.3783218595119627,375,0.008621289566678049,0.6995348004398958,0.4121994380740177,0.6862692442825071
5.875934009025671,1.5055115780128727,0.4323989513048587,375,0.008621289566678049,0.6995348004398958,0.4121994380740177,0.6862692442825071
7.014468147929431,1.387761127925002,0.4105096264337174,376,0.009361857143758399,0.4115936160114297,0.38429314212244325,0.4558231412692027
7.257855102570761,1.4022331861854065,0.3774151469583979,376,0.009361857143758399,0.4115936160114297,0.38429314212244325,0.4558231412692027
2.1267160621570182,0.014781692873376323,0.09862878367171497,377,7.422034243071248e-4,0.6852648979367454,0.22435859558791574,0.7594268340991768
2.177764653772331,0.009227816329543777,0.09287920604934,377,7.422034243071248e-4,0.6852648979367454,0.22435859558791574,0.7594268340991768
10.906594426095669,2.9112702712732403,0.3631441849213042,378,0.014435798469382824,0.7092342058943387,0.41212142200704105,0.5778562279637194
11.212054066031465,3.4585272176674793,0.386526359270024,378,0.014435798469382824,0.7092342058943387,0.41212142200704105,0.5778562279637194
6.906174345327198,2.1012363475079003,0.4710584218175534,379,0.010802027815212912,0.4075602322752887,0.4273387425175073,0.7492672484478885
7.734377886996045,2.4851261963711613,0.45454305173671594,379,0.010802027815212912,0.4075602322752887,0.4273387425175073,0.7492672484478885
7.205328806553989,2.395010701896819,0.5256006105596915,380,0.011041807135729092,0.2985838423728569,0.4578777634488826,0.7815948754483215
6.582818476022359,2.349955869373345,0.5356053817940197,380,0.011041807135729092,0.2985838423728569,0.4578777634488826,0.7815948754483215
7.634281054231383,2.8431626941468657,0.4031944189056574,381,0.006381213818046375,0.568245925706614,0.15427923794604875,0.8448843256188416
5.878126957226541,2.5034078768006482,0.4321869031241719,381,0.006381213818046375,0.568245925706614,0.15427923794604875,0.8448843256188416
6.579238601150952,3.338497860410211,0.5569095415884344,382,0.009282987370589137,0.12875340068263638,0.15271797828966274,0.8653732544504193
6.459316856428769,3.262056836064056,0.5609394483769516,382,0.009282987370589137,0.12875340068263638,0.15271797828966274,0.8653732544504193
5.20681175230664,2.1892276685834733,0.6408604423679473,383,0.009871667094600097,0.08923682089924319,0.5233836737796208,0.8699026282736442
4.479976421176731,1.711306782595881,0.600738746134041,383,0.009871667094600097,0.08923682089924319,0.5233836737796208,0.8699026282736442
15.277290115129452,7.924158704932271,0.2605430277274845,384,0.012176672372209806,0.37827887858310877,0.09549094075386313,0.4654832030694248
15.205641728056863,7.91470773331359,0.27694115769874694,384,0.012176672372209806,0.37827887858310877,0.09549094075386313,0.4654832030694248
11.174616051180884,3.569387341212043,0.3950328927647061,385,0.011637930789890142,0.4209017746959742,0.29619627338108256,0.48643371320287987
10.19469484261859,2.9739914289936458,0.4285308621721112,385,0.011637930789890142,0.4209017746959742,0.29619627338108256,0.48643371320287987
2.6767444004055676,0.16591390911604756,0.40835384872779984,386,0.0018276815768698623,0.17362087110829105,0.19484899525265,0.8142360919297458
2.644239665445394,0.20354539062210875,0.24751386876906925,386,0.0018276815768698623,0.17362087110829105,0.19484899525265,0.8142360919297458
6.124297545104999,1.2440845903578823,0.4965106133659357,387,0.008785160454528727,0.3118300706289371,0.5233257651915214,0.6655441014173378
5.6631368483412325,1.0515402843601895,0.45373063441173905,387,0.008785160454528727,0.3118300706289371,0.5233257651915214,0.6655441014173378
1.7837938067865753,0,NA,388,6.411124564128441e-5,0.3324806214207712,0.6943047152774829,0.672547522603973
1.9040393760524028,0,NA,388,6.411124564128441e-5,0.3324806214207712,0.6943047152774829,0.672547522603973
3.957842391405192,0.31729538158944576,0.3078036038293041,389,0.005996347434641856,0.39212581439925587,0.6030557823031216,0.478166572902968
4.007521014599616,0.23964017106621444,0.3198017315152626,389,0.005996347434641856,0.39212581439925587,0.6030557823031216,0.478166572902968
11.947937185883392,5.585522561166443,0.39364670391219203,390,0.012730233662968642,0.40405881610797584,0.13294953400117884,0.8419218696234163
11.167381816172814,5.34428463564207,0.40023830603448435,390,0.012730233662968642,0.40405881610797584,0.13294953400117884,0.8419218696234163
6.430011653933665,2.005216522688174,0.26469241726719195,391,0.003937566641022885,0.7492436682439139,0.08181902103553441,0.43278451012894004
6.758636034933526,2.0322263633160893,0.24534298350545705,391,0.003937566641022885,0.7492436682439139,0.08181902103553441,0.43278451012894004
10.856711304315791,3.0098178268157456,0.4018197299125182,392,0.014764890003972018,0.5519444494518558,0.4435975394277573,0.5548485321012546
12.16473150831595,3.3706828124711574,0.3865464656410286,392,0.014764890003972018,0.5519444494518558,0.4435975394277573,0.5548485321012546
4.5417530352383775,2.6206692330470833,0.5385294403161304,393,0.005122485053836576,0.08305520743026473,0.07092070787016005,0.8631964235670996
4.643980025892361,2.6687627149990756,0.539157672355841,393,0.005122485053836576,0.08305520743026473,0.07092070787016005,0.8631964235670996
3.8663836855218237,0.2473009135369567,0.3878183683120693,394,0.0046199550726336094,0.28892051486658565,0.3824189784338576,0.4326663441477808
4.076414237803183,0.3705831125275621,0.33075938487629847,394,0.0046199550726336094,0.28892051486658565,0.3824189784338576,0.4326663441477808
7.9388551043418785,2.554481432875548,0.38807412032682553,395,0.008543899688434586,0.7833369271210584,0.24324589711966615,0.7579014391739619
7.452413639568105,2.2206968201550965,0.35665336950044746,395,0.008543899688434586,0.7833369271210584,0.24324589711966615,0.7579014391739619
4.209496742761179,1.8620702382490264,0.6413744025810134,396,0.010910053152891588,0.03084993083420806,0.7064893421367238,0.8875967276562284
3.577112402383508,1.8635034605277767,0.6171897864961979,396,0.010910053152891588,0.03084993083420806,0.7064893421367238,0.8875967276562284
11.157300868532403,3.9585034518595497,0.3183568676538568,397,0.0112484725552337,0.6736955592708376,0.23377869892538747,0.6039653549261377
11.475865133588846,4.056731285526486,0.3306837147812093,397,0.0112484725552337,0.6736955592708376,0.23377869892538747,0.6039653549261377
6.14442723316368,1.62093383491923,0.41873431356535495,398,0.009532375984763308,0.7103589224989192,0.43609045757139464,0.778801119930724
6.818139767239625,1.6800192425111475,0.3734958890943798,398,0.009532375984763308,0.7103589224989192,0.43609045757139464,0.778801119930724
6.678075821273113,2.4945124446594,0.5223659687006031,399,0.011220862432136058,0.025418036730715927,0.4569601459074092,0.5588199876794958
7.217315632579756,2.0496583902682888,0.42125097291794295,399,0.011220862432136058,0.025418036730715927,0.4569601459074092,0.5588199876794958
5.99068939295584,3.436763914906245,0.29215136635865596,400,0.0056296213450751365,0.2245130759428069,0.024021244090147963,0.7335454147023723
5.599749567266969,3.2961367068095604,0.354042441951229,400,0.0056296213450751365,0.2245130759428069,0.024021244090147963,0.7335454147023723
2.580871621496795,0.04618596316207578,0.18285146928993595,401,0.0020226439800369433,0.004066896449288927,0.46946295952617556,0.5389959960736258
2.518438901449168,0.0593009895852637,0.24988305569571598,401,0.0020226439800369433,0.004066896449288927,0.46946295952617556,0.5389959960736258
2.1468465292338523,0.0166997569257603,0.19433761080684453,402,0.0013687322974894937,0.5860824563319681,0.5251437771809069,0.6549105568373101
2.190051967334818,0.014847809948032666,0.11712149333293409,402,0.0013687322974894937,0.5860824563319681,0.5251437771809069,0.6549105568373101
2.586652871184687,0.03695218387406696,0.15960569125612797,403,0.002990005154144269,0.48999611742775717,0.7248454017815747,0.6436727550076166
2.7852683683646706,0.05171585829854826,0.30557512484391613,403,0.002990005154144269,0.48999611742775717,0.7248454017815747,0.6436727550076166
14.409237875288683,7.179676674364896,0.3216388874986001,404,0.013828680415490067,0.5287899310673368,0.11680688490062768,0.726338279964021
15.932403512655894,8.13408604531031,0.300621035341404,404,0.013828680415490067,0.5287899310673368,0.11680688490062768,0.726338279964021
4.213395208367862,0.6592637607498665,0.40477465218599296,405,0.005839624938006044,0.4850170945943231,0.4319529478592364,0.7472885729828904
4.271654271654271,0.7455507455507455,0.38809897336485993,405,0.005839624938006044,0.4850170945943231,0.4319529478592364,0.7472885729828904
2.3212696529219814,0.0037080984870958176,0.16544471915426134,406,0.0010453376563801973,0.2253395854659923,0.38519660238197384,0.4343229484602747
2.4005461657686915,0.018451546239574877,0.3751796746943497,406,0.0010453376563801973,0.2253395854659923,0.38519660238197384,0.4343229484602747
3.829583532790809,1.8632396803770668,0.4986104890931828,407,0.0033054122951640184,0.021178470273763367,0.06428948897221445,0.8087166889833919
3.6599067985485623,1.9137610285314324,0.3835026719230927,407,0.0033054122951640184,0.021178470273763367,0.06428948897221445,0.8087166889833919
3.328156201464388,0.2773463501220324,0.34296521358562615,408,0.0043884805002724625,0.33790245295588633,0.5486941177091507,0.7066798952150667
3.019118624049605,0.2823503358677198,0.3904643672946703,408,0.0043884805002724625,0.33790245295588633,0.5486941177091507,0.7066798952150667
5.265606102893292,0.6009861382454182,0.4032473077878931,409,0.008341244852631104,0.4254978074933273,0.6572955329011826,0.41136847396023635
4.711702364188838,0.49840658119024683,0.4140407344125089,409,0.008341244852631104,0.4254978074933273,0.6572955329011826,0.41136847396023635
5.707383639448255,0.9091244375599321,0.3567400629617073,410,0.005976443008543026,0.40028341879578105,0.27931351316562175,0.4912746607757009
5.34212909067391,0.9941423212668847,0.3847855886385125,410,0.005976443008543026,0.40028341879578105,0.27931351316562175,0.4912746607757009
4.206819866567828,0.5541141586360268,0.4489195360084348,411,0.00452347840901546,0.42066584776586313,0.31726784939219077,0.6836828390150402
3.78922111480251,0.48172757475083056,0.3570370687352947,411,0.00452347840901546,0.42066584776586313,0.31726784939219077,0.6836828390150402
5.027737333898523,1.4688807386792975,0.4854462739905424,412,0.005914341911017689,0.2723241785176632,0.2923188790218735,0.7703285432486648
4.798390074588287,1.5379218669226793,0.5373988493558227,412,0.005914341911017689,0.2723241785176632,0.2923188790218735,0.7703285432486648
4.225430729728724,0.6363264242920403,0.3763261018050321,413,0.0068601878282891285,0.26695437420311147,0.5869239653693943,0.6551641634372403
3.9062211556211923,0.5611962340779029,0.35423112893903075,413,0.0068601878282891285,0.26695437420311147,0.5869239653693943,0.6551641634372403
7.674947742281581,2.156902643408128,0.49125398833875633,414,0.013595383247090437,0.3729900918858916,0.6272646606832393,0.7562967218714111
7.525769387076514,2.5621605645250676,0.46029281583505016,414,0.013595383247090437,0.3729900918858916,0.6272646606832393,0.7562967218714111
5.8817023943376405,0.9308241018929828,0.3043731349195123,415,0.009858220031137989,0.7040358072238622,0.5923280536253553,0.4472363634792072
6.313668213499972,0.7376730943445063,0.2967170743402171,415,0.009858220031137989,0.7040358072238622,0.5923280536253553,0.4472363634792072
8.37828850133018,3.6635382796334617,0.48661400657858944,416,0.009802108603492052,0.22082001239307286,0.15553042954074436,0.8147783616264117
8.006669136717303,3.6661726565394592,0.47570352533149873,416,0.009802108603492052,0.22082001239307286,0.15553042954074436,0.8147783616264117
7.177131000240844,2.271337792022528,0.4766999372710856,417,0.012894890218073773,0.26925893761354014,0.5764897448219981,0.6916634286907486
8.102711996006876,2.416209121328083,0.45913188727612625,417,0.012894890218073773,0.26925893761354014,0.5764897448219981,0.6916634286907486
2.7709997042295176,0.16637089618456077,0.27749471474608883,418,0.003162973281670931,0.11818182500587303,0.48775480752647854,0.7033384838128474
2.7239720599347574,0.1253248309036289,0.3033390344202122,418,0.003162973281670931,0.11818182500587303,0.48775480752647854,0.7033384838128474
4.897687818571323,0.8273620447661963,0.47294773974871934,419,0.007633371002213371,0.600841725285882,0.6162944361961546,0.8749897629483303
4.349838037945395,0.9754743174456271,0.4469202626907219,419,0.007633371002213371,0.600841725285882,0.6162944361961546,0.8749897629483303
5.91472309936661,1.709969900097871,0.35760664398308173,420,0.004924120268369331,0.47806211287084033,0.15322781842001396,0.6396269078232342
5.974185846980267,1.708508971537285,0.41485092604096924,420,0.004924120268369331,0.47806211287084033,0.15322781842001396,0.6396269078232342
7.3468860207906355,1.3275725179563875,0.40911753151883556,421,0.01168528491992952,0.43763573463732214,0.5923623833412714,0.5661017241536543
7.083703046435966,1.7210144927536233,0.42835912060390235,421,0.01168528491992952,0.43763573463732214,0.5923623833412714,0.5661017241536543
5.759876179245283,2.4174528301886795,0.5330471035064127,422,0.010165628740668944,0.0403258795821534,0.3806887688495368,0.7207624548158121
6.084058507683762,2.3958526198852064,0.4803492663194053,422,0.010165628740668944,0.0403258795821534,0.3806887688495368,0.7207624548158121
8.06368107688325,2.862320180466699,0.5393888155338634,423,0.012872599457041521,0.11718722516087417,0.47238575363444096,0.7675834779761181
7.260555175411018,2.7777264068943834,0.5454696362945008,423,0.012872599457041521,0.11718722516087417,0.47238575363444096,0.7675834779761181
4.342358337032105,0.6583814173694333,0.3820719111614712,424,0.004286422253720422,0.12415447352084577,0.23494894165298436,0.4370059279252852
4.391176798247242,0.6739945783356233,0.34160835047107735,424,0.004286422253720422,0.12415447352084577,0.23494894165298436,0.4370059279252852
10.97979835284559,5.283081582154596,0.4174998909665141,425,0.011155510790493862,0.3195875642993985,0.1198061237483457,0.7812195116872105
12.58577840424348,6.0350903223413335,0.37505032654618375,425,0.011155510790493862,0.3195875642993985,0.1198061237483457,0.7812195116872105
13.700653643044426,7.636914213966542,0.2014636987671842,426,0.010663324120215005,0.7077723538541818,0.06739779380120829,0.5925765618346457
13.575338412604482,7.493157777942155,0.17873161893920197,426,0.010663324120215005,0.7077723538541818,0.06739779380120829,0.5925765618346457
2.870998672370556,0.24155480159315534,0.33656859016876783,427,0.004045446929860153,0.19389981933197997,0.6268107641201092,0.7798172627580331
2.8969917281798288,0.2615082161801254,0.4473394692470567,427,0.004045446929860153,0.19389981933197997,0.6268107641201092,0.7798172627580331
9.490847846606577,3.4258111084377485,0.3082669958713201,428,0.0071641046542520095,0.6620896322919624,0.13463526398971093,0.5285214014892586
9.798786448055182,3.7439368510355764,0.3166122756776828,428,0.0071641046542520095,0.6620896322919624,0.13463526398971093,0.5285214014892586
7.525809370786932,1.6621419469222674,0.2824541850517944,429,0.007475906357864971,0.7657252494410733,0.2400503029791785,0.4145806018339389
7.319502074688796,1.6265560165975104,0.32865252931570577,429,0.007475906357864971,0.7657252494410733,0.2400503029791785,0.4145806018339389
8.14796994707428,1.993041933454236,0.4995638616845973,430,0.01421483992056146,0.19316970058234825,0.576695279286387,0.6038209404318491
8.046934280902411,2.2264171894953084,0.5181337533489969,430,0.01421483992056146,0.19316970058234825,0.576695279286387,0.6038209404318491
7.5921788740975975,1.922047229556323,0.40563075335125615,431,0.013719586140633077,0.586571535376571,0.6522657605333436,0.6790637442481842
7.398493477861473,1.793128789270623,0.4565508289217501,431,0.013719586140633077,0.586571535376571,0.6522657605333436,0.6790637442481842
6.357525139354432,2.027815329913517,0.47012248239147064,432,0.012022836117714158,0.6714632333406138,0.5977738427084311,0.890122331875713
6.693542394292932,2.011964033588467,0.44448405843015315,432,0.012022836117714158,0.6714632333406138,0.5977738427084311,0.890122331875713
1.8704902867715079,0,NA,433,9.744711692188875e-5,0.6269326264043308,0.1207152497462863,0.5533281198684706
1.8704371130209778,0,NA,433,9.744711692188875e-5,0.6269326264043308,0.1207152497462863,0.5533281198684706
13.156484953725084,6.873810799327582,0.2940698442614675,434,0.01147925948321027,0.7910093720373581,0.0978051826272807,0.7257533839802965
12.541710451118115,6.428479250778903,0.2858091980080444,434,0.01147925948321027,0.7910093720373581,0.0978051826272807,0.7257533839802965
2.3606339354981714,0.059108204957700694,0.16267512016117178,435,0.0023769951284432285,0.36840453088007463,0.7040146372269477,0.8729627431082192
2.182396567349128,0.04808670402633672,0.21207290601422646,435,0.0023769951284432285,0.36840453088007463,0.7040146372269477,0.8729627431082192
2.57131749939836,0.07219681963753494,0.22571812264664304,436,0.002184933883712219,0.7379801247035773,0.3804712941912071,0.7382204528548415
2.4588952521707,0.0720487714760761,0.2195504215190905,436,0.002184933883712219,0.7379801247035773,0.3804712941912071,0.7382204528548415
6.7144864305257705,1.3014863565776824,0.3950297565580181,437,0.00921486767164722,0.6521877606527542,0.3914738361645858,0.574684948715025
7.055005439693164,1.7296380299090925,0.3807658502183301,437,0.00921486767164722,0.6521877606527542,0.3914738361645858,0.574684948715025
8.466789667896679,2.8265682656826567,0.35814082375156586,438,0.006374693922916506,0.35448996520925147,0.12425529938309973,0.43516700242523493
9.543115257877004,3.3137102447332376,0.3146799269997817,438,0.006374693922916506,0.35448996520925147,0.12425529938309973,0.43516700242523493
5.749167591564928,1.5723270440251573,0.450233404788528,439,0.008458326826647851,0.4483025175628541,0.47039160168763566,0.863118189905906
5.203111176644057,1.4947655558832202,0.5020719567177764,439,0.008458326826647851,0.4483025175628541,0.47039160168763566,0.863118189905906
12.758990676335651,4.700680775492082,0.3291212071720427,440,0.010337454554436392,0.6280673673930608,0.17868156414613254,0.4675208359128642
12.053060772665216,4.368842478137338,0.3024018071251251,440,0.010337454554436392,0.6280673673930608,0.17868156414613254,0.4675208359128642
6.420727077430227,1.209326444061707,0.33384553403573863,441,0.007932889661761247,0.6330657947058058,0.3417610667241509,0.5255531156470645
6.788729265402843,1.3847748815165877,0.3372030142981613,441,0.007932889661761247,0.6330657947058058,0.3417610667241509,0.5255531156470645
4.693380562320124,0.6106560401446388,0.3786538887981512,442,0.005206787219040968,0.40785468892049404,0.3098579382920757,0.46991654623827006
4.455463864115753,0.6549975946416017,0.38364066940564295,442,0.005206787219040968,0.40785468892049404,0.3098579382920757,0.46991654623827006
4.512528642176066,0.7687190479710252,0.4126040379766125,443,0.0063932641525284726,0.11391327932802081,0.44705295240204185,0.5050779965837076
4.243825733049671,0.7011377300897235,0.45127653937333867,443,0.0063932641525284726,0.11391327932802081,0.44705295240204185,0.5050779965837076
2.6684641096193973,0.11449465383834094,0.27258448472622576,444,0.0028866229265503513,0.6564291130139623,0.4500730337377617,0.7121140069374148
2.783978746563843,0.0977805656513477,0.25734633545858343,444,0.0028866229265503513,0.6564291130139623,0.4500730337377617,0.7121140069374148
3.1926496958941084,0.26251086092470377,0.3567294460165006,445,0.004745214106981767,0.44243616238858596,0.568825870322944,0.7565419175803473
3.543655327461025,0.3243283087015811,0.3862717408314276,445,0.004745214106981767,0.44243616238858596,0.568825870322944,0.7565419175803473
4.021393145310534,0.2831445702864757,0.31655492047565054,446,0.0071729311479650625,0.5847574448281779,0.7007672495813082,0.5611654911009647
4.718190771746604,0.34749967479976956,0.3059571623107974,446,0.0071729311479650625,0.5847574448281779,0.7007672495813082,0.5611654911009647
8.675285395496376,3.5261789277612823,0.40451022094971484,447,0.011327864999462832,7.722856850911451e-4,0.27055489839879304,0.4339190034557024
8.876529477196886,3.472376714868372,0.40003513792553036,447,0.011327864999462832,7.722856850911451e-4,0.27055489839879304,0.4339190034557024
5.733037530042521,0.8726197078942504,0.39337357358503006,448,0.0080717891859664,0.5482290207482028,0.4362680785739237,0.6089607873847345
5.786221525408097,1.1159273263856866,0.4037485327910912,448,0.0080717891859664,0.5482290207482028,0.4362680785739237,0.6089607873847345
10.650418494893255,3.57287710630139,0.32679298932462564,449,0.009698240260415238,0.7722111906437036,0.20881970634555885,0.5062696352843391
10.258582584352439,3.197288934728157,0.29610694119742553,449,0.009698240260415238,0.7722111906437036,0.20881970634555885,0.5062696352843391
1.8840017009632628,0.0036977462236766692,0.06668568932070652,450,4.496626401156721e-4,0.6658798320458749,0.4666594164271743,0.78339559064393
1.8016855072196507,0.003688199605362642,NA,450,4.496626401156721e-4,0.6658798320458749,0.4666594164271743,0.78339559064393
9.135191984796206,5.3010314224034545,0.4519510205424301,451,0.012215455785816258,0.09433016563315749,0.0708379151053462,0.8227865949365338
8.067708815095735,4.500971233003423,0.44483700808941484,451,0.012215455785816258,0.09433016563315749,0.0708379151053462,0.8227865949365338
1.9907210587604665,0,NA,452,4.8189804778313127e-4,0.07112733861303108,0.6854675513639233,0.4484827390369982
2.074918386543463,0.003688743798299489,0.003184814329065262,452,4.8189804778313127e-4,0.07112733861303108,0.6854675513639233,0.4484827390369982
8.93172779496244,2.2978347326557667,0.3882630078108548,453,0.010981710364389177,0.4550309997625761,0.35134918839219753,0.4585689198184608
10.23355190451632,2.5915420319752447,0.3877877646180813,453,0.010981710364389177,0.4550309997625761,0.35134918839219753,0.4585689198184608
10.790781911256492,5.971059488828519,0.39352644424720873,454,0.01463609159907956,0.11476811316603973,0.08102297514043257,0.7388522791166963
11.60118059398635,6.41025641025641,0.39261623465408557,454,0.01463609159907956,0.11476811316603973,0.08102297514043257,0.7388522791166963
7.182115957584618,1.5304328515646686,0.3678040147221233,455,0.00995118751303456,0.618952409164538,0.40434420086527095,0.5275935797112679
8.347236125013904,1.6331145960775588,0.3608224943944175,455,0.00995118751303456,0.618952409164538,0.40434420086527095,0.5275935797112679
10.852498894294559,5.156273035530001,0.35557479569747596,456,0.009607837861038344,0.4235724270583748,0.10910667017898229,0.7993530378363636
10.720630690650678,5.061440521134059,0.4153465752440633,456,0.009607837861038344,0.4235724270583748,0.10910667017898229,0.7993530378363636
6.85645623440244,1.809779092337554,0.5451903505106982,457,0.013455682437350496,0.2176155776865874,0.7073548386408497,0.5814345761058833
7.090035126640784,1.998520983545942,0.5266613995236277,457,0.013455682437350496,0.2176155776865874,0.7073548386408497,0.5814345761058833
1.9359849115216063,0.0018490782345001015,NA,458,5.01052143336005e-4,0.7272732185369427,0.4531697495093821,0.7344945904274646
2.0365544898449484,0.005544159228253035,0.10055566474492758,458,5.01052143336005e-4,0.7272732185369427,0.4531697495093821,0.7344945904274646
3.093277326406161,0.17317931428360878,0.2252648014997406,459,0.0020842832241977824,0.19522060710142516,0.20063690403301176,0.48086453269231666
3.085468021473817,0.2080508238441105,0.3164066217052117,459,0.0020842832241977824,0.19522060710142516,0.20063690403301176,0.48086453269231666
7.271382339343504,2.29126213592233,0.44667419587034335,460,0.009178508461716065,0.7932371164190863,0.2961639183345472,0.7854820888210727
8.10142010304519,2.4671751214197335,0.39382878860694503,460,0.009178508461716065,0.7932371164190863,0.2961639183345472,0.7854820888210727
4.473168386404823,2.392839971892452,0.29611893750657164,461,0.0034381864010688784,0.11368548321690891,0.01966961498634888,0.6953963092161418
4.059549879464861,2.055538175594855,0.36376850004322375,461,0.0034381864010688784,0.11368548321690891,0.01966961498634888,0.6953963092161418
15.117464908865031,6.495336633846953,0.27313793173366235,462,0.013060688653873104,0.7491162593979813,0.17803662189552966,0.6591183705713184
14.851084195412877,6.435224386113463,0.33593525147335856,462,0.013060688653873104,0.7491162593979813,0.17803662189552966,0.6591183705713184
1.9747088926796708,0.0018541867536898318,NA,463,4.2532687621842845e-4,0.7452069518629104,0.6268615429818633,0.42932962183853646
1.9801431027788565,0.0018488731118383346,NA,463,4.2532687621842845e-4,0.7452069518629104,0.6268615429818633,0.42932962183853646
5.312222551050607,2.7208493637170763,0.3091067877816078,464,0.005099897615327199,0.03165899761604879,0.05889700252343354,0.6607431415781784
5.347337387138382,2.926110189791782,0.3677774470020613,464,0.005099897615327199,0.03165899761604879,0.05889700252343354,0.6607431415781784
5.409159089646488,0.968500583322531,0.34135360393577135,465,0.005905387533903263,0.7487139600637611,0.2950109207542314,0.6162606625310653
5.115840815874072,0.9939770165909174,0.3622250371686091,465,0.005905387533903263,0.7487139600637611,0.2950109207542314,0.6162606625310653
7.416709758439831,2.201374011967201,0.40658401364472874,466,0.009408319362423019,0.5812129004141976,0.3321724729686683,0.7854818718229024
7.345914288370363,2.3593938830528955,0.40124345561725105,466,0.009408319362423019,0.5812129004141976,0.3321724729686683,0.7854818718229024
16.02432196948631,8.86676677233376,0.2547825070329147,467,0.014183263470213583,0.4431993080734872,0.08951649920070355,0.7522571755502123
15.128593040847202,8.317036271724291,0.3073749133261469,467,0.014183263470213583,0.4431993080734872,0.08951649920070355,0.7522571755502123
6.6770186335403725,3.1665927240461405,0.5882899026705616,468,0.013490845643937564,0.04459116730721733,0.42784468137931403,0.7689849599611182
6.228136741379629,3.03725776897592,0.5957601684316053,468,0.013490845643937564,0.04459116730721733,0.42784468137931403,0.7689849599611182
2.131002106975197,0.007392895427494178,0.2630102722632316,469,4.947471148118842e-4,0.7717916920158715,0.10899674944377596,0.5502503399392755
2.155299675228816,0.02767936226749336,0.30332045530266877,469,4.947471148118842e-4,0.7717916920158715,0.10899674944377596,0.5502503399392755
8.215753805132762,2.181239121579084,0.41344712774715037,470,0.013475549661767281,0.6583296049694899,0.6289647636666593,0.7743405084504806
7.942392170673389,1.9313821801264108,0.4246353026422172,470,0.013475549661767281,0.6583296049694899,0.6289647636666593,0.7743405084504806
4.821643657926434,0.9394978226628371,0.4128186519386318,471,0.005820454361535262,0.1936102754135936,0.34441345500713183,0.5783632020464973
4.851318634607922,0.8593764438448318,0.4142252775414549,471,0.005820454361535262,0.1936102754135936,0.34441345500713183,0.5783632020464973
9.958398816677452,1.8526393639641303,0.3542722020151162,472,0.014677135147583698,0.6740813715869853,0.6677423776524176,0.46437022573989983
8.961024540104379,1.7007809897471964,0.35490995560894356,472,0.014677135147583698,0.6740813715869853,0.6677423776524176,0.46437022573989983
9.85439225396356,3.2336745629919803,0.4445620378430528,473,0.012862665109670336,0.337661587594452,0.3732926702697006,0.5194185884294721
9.699342542660855,3.0361232178473814,0.4519977257432593,473,0.012862665109670336,0.337661587594452,0.3732926702697006,0.5194185884294721
2.157531091662828,0.02026715799170889,0.1555359639601802,474,0.0012524229428972984,0.25452724102457663,0.4276636851239127,0.726299986771866
2.083798466919699,0.02046587780010419,0.4253436630731122,474,0.0012524229428972984,0.25452724102457663,0.4276636851239127,0.726299986771866
12.355340630133446,4.579265028885731,0.34053477621934913,475,0.014245347004158465,0.7733064279071376,0.265235303628478,0.7176857466061217
12.79412306219391,4.919541922892808,0.3545587658579673,475,0.014245347004158465,0.7733064279071376,0.265235303628478,0.7176857466061217
5.820859622180695,2.4978259662886004,0.6136120999702529,476,0.014614555642434296,0.04972583426697495,0.6858506902905516,0.8807943636563671
5.578474345279752,2.613355924711776,0.625090473726883,476,0.014614555642434296,0.04972583426697495,0.6858506902905516,0.8807943636563671
4.1189804832199925,2.285250916864783,0.5865729102591477,477,0.007772568283065736,0.03548143268100406,0.2176775847321697,0.8522741676943906
4.913086136359429,2.6638775245746866,0.6136201383832113,477,0.007772568283065736,0.03548143268100406,0.2176775847321697,0.8522741676943906
4.091901291205742,0.5457101631580895,0.3970680904118587,478,0.007227483125942874,0.7835921063523643,0.7338360375300739,0.8232323942781282
4.150734275422555,0.4987531172069825,0.37469410722738916,478,0.007227483125942874,0.7835921063523643,0.7338360375300739,0.8232323942781282
2.740562546262028,0.31088082901554404,0.24794318000988005,479,0.0026497048456544546,0.30609214838295407,0.24867441090389097,0.8660248984427144
2.9829833520768423,0.39084825132280016,0.4250939716292365,479,0.0026497048456544546,0.30609214838295407,0.24867441090389097,0.8660248984427144
2.320986742494184,0.0036928985560766648,6.176038312863548e-4,480,0.0014500269658410943,0.5493707809292532,0.7010427753154416,0.4322058821792769
2.289934679334917,0.005567102137767221,0.2631082830069088,480,0.0014500269658410943,0.5493707809292532,0.7010427753154416,0.4322058821792769
4.4510330769943485,1.1451866950801446,0.5287019919781668,481,0.008369887765947881,0.23284493769326878,0.636289759159151,0.780137052868611
5.111667130015754,1.191733852284311,0.5318716769823998,481,0.008369887765947881,0.23284493769326878,0.636289759159151,0.780137052868611
5.079265363438158,1.2250101622260818,0.42474248242120877,482,0.00796976805378491,0.659488999930609,0.44647516769050505,0.8204062919468873
5.483613998036273,1.2653068786009374,0.3995360607381629,482,0.00796976805378491,0.659488999930609,0.44647516769050505,0.8204062919468873
3.2638426850003697,0.13676351001700304,0.2990112862703108,483,0.0050225542077541535,0.360231496702915,0.735367390102804,0.6741390207132596
3.4144259496372174,0.16144296609697711,0.22260754378059908,483,0.0050225542077541535,0.360231496702915,0.735367390102804,0.6741390207132596
6.928901200369345,1.9095106186518929,0.4636495472513725,484,0.011888657574970455,0.053210256962974906,0.5736324002955899,0.6086459613401349
6.318356488323973,2.0045078332840673,0.4872556337920111,484,0.011888657574970455,0.053210256962974906,0.5736324002955899,0.6086459613401349
8.219355555144269,2.8650219318539354,0.4873503123253001,485,0.014603166008009235,0.4348689286161069,0.5919499110722871,0.8499879989534393
7.001350326483047,2.5508222193448145,0.47660106741433506,485,0.014603166008009235,0.4348689286161069,0.5919499110722871,0.8499879989534393
6.866366255448031,1.9428233729777649,0.45549971595589256,486,0.010258801132168304,0.12997658081239297,0.5064475206474505,0.5564022934836516
6.701279436306323,1.3721490821435194,0.44749770749633877,486,0.010258801132168304,0.12997658081239297,0.5064475206474505,0.5564022934836516
4.482809721398933,1.518968583283936,0.5479992257975764,487,0.008301265645228153,0.16635021534768046,0.48732357787976605,0.7929447484511203
4.832568764741935,1.4059394907416007,0.5261403880372733,487,0.008301265645228153,0.16635021534768046,0.48732357787976605,0.7929447484511203
8.548968833811154,2.1418662720799038,0.35794676093600836,488,0.010990837433164518,0.7593286015885765,0.3706517655997461,0.5334349661493845
9.297436843075788,2.2754932694080767,0.3699380924570839,488,0.010990837433164518,0.7593286015885765,0.3706517655997461,0.5334349661493845
3.0182464191864984,0.3016395869573263,0.42779062641629845,489,0.0044632872609337215,0.19124509947816393,0.6822227498615002,0.7746727799139774
2.7439531403019273,0.27901476376134077,0.2722302551301514,489,0.0044632872609337215,0.19124509947816393,0.6822227498615002,0.7746727799139774
6.445845314458454,3.9943227899432276,0.28870261163790845,490,0.007419202067701619,0.1511646932555028,0.021076559253019357,0.5352471749138582
6.386168854006627,3.9168502304573978,0.23511419150417742,490,0.007419202067701619,0.1511646932555028,0.021076559253019357,0.5352471749138582
6.029390045783488,1.4935016984197313,0.41725655192512556,491,0.011359338995009315,0.6935636135426425,0.6596857296802644,0.7760863605947148
7.034850363680109,1.482482278691862,0.3848053687706997,491,0.011359338995009315,0.6935636135426425,0.6596857296802644,0.7760863605947148
3.550908049587082,0.2937535795444048,0.22298323090128974,492,0.004782592357317734,0.04218620228924092,0.6189589255963118,0.6375763081749604
3.4110415859128413,0.252874836185097,0.35467219773282954,492,0.004782592357317734,0.04218620228924092,0.6189589255963118,0.6375763081749604
9.791770412585993,5.640089267599919,0.24848802379143056,493,0.009111899841873713,0.7588722838660319,0.04704348245753077,0.6609408584599613
9.703076270091717,5.656129472771227,0.2562278709367917,493,0.009111899841873713,0.7588722838660319,0.04704348245753077,0.6609408584599613
1.912699586043761,0,NA,494,1.8325849275984023e-4,0.20757971722087387,0.5328087057788415,0.6405207578624408
1.8272670280635763,0,NA,494,1.8325849275984023e-4,0.20757971722087387,0.5328087057788415,0.6405207578624408
6.552305440803245,2.1118541709119873,0.5364400914123924,495,0.011830657086283126,0.27558038190955286,0.5600324940697194,0.72391082830109
6.2630634629968736,1.997669385716664,0.5348399536075419,495,0.011830657086283126,0.27558038190955286,0.5600324940697194,0.72391082830109
12.392512972572275,4.809117865085248,0.45692674322890603,496,0.013275511118421872,0.13109207024498626,0.24957616113867648,0.5251310289435215
11.28913035443693,4.462800753963854,0.49954254682329347,496,0.013275511118421872,0.13109207024498626,0.24957616113867648,0.5251310289435215
2.9491707190799326,0.12573267015513193,0.27796744945636853,497,0.003163122231589962,0.01664175602176349,0.4510353672633312,0.4464426882472074
3.0476542297746585,0.09789434798670114,0.2765975359597816,497,0.003163122231589962,0.01664175602176349,0.4510353672633312,0.4464426882472074
1.965025140490979,0.009242827565808933,0.2888893726944667,498,4.213379527531318e-4,0.39268048519211385,0.15077760588883937,0.7370068248122511
1.8629173989455183,0.007399870502266211,0.42592679598675204,498,4.213379527531318e-4,0.39268048519211385,0.15077760588883937,0.7370068248122511
3.1343448886919925,0.4282497138848894,0.40573180386765373,499,0.002911080434104598,0.2527806907376237,0.25141031817378157,0.8323597247551249
2.964785085447954,0.4660797514241326,0.4662302369267597,499,0.002911080434104598,0.2527806907376237,0.25141031817378157,0.8323597247551249
3.8575831964414253,0.4300559257276805,0.39998530106991764,500,0.004884097695092745,0.5988639950202106,0.4058453970439366,0.7665760153084554
3.6947405368458,0.4636899373741479,0.4288597457134929,500,0.004884097695092745,0.5988639950202106,0.4058453970439366,0.7665760153084554
2.775107232657891,0.022186067149829906,0.3123308652097798,501,0.002672723124485093,0.79659006262448,0.5908407750667263,0.530089620374758
2.583597844541227,0.01660884328633646,0.23746345223795165,501,0.002672723124485093,0.79659006262448,0.5908407750667263,0.530089620374758
4.425399874404344,0.5651804514055632,0.4529417482235061,502,0.007185765990204953,0.3403160662357095,0.6559307575862849,0.5358495971087172
4.746788719917318,0.48907426546582017,0.38069380582368745,502,0.007185765990204953,0.3403160662357095,0.6559307575862849,0.5358495971087172
10.717590022575035,5.33103882165723,0.5208462577604509,503,0.014804305744891893,0.08142379730384562,0.18700155558444645,0.7224413898000049
10.822031552726266,5.3307500691945755,0.5309976371610735,503,0.014804305744891893,0.08142379730384562,0.18700155558444645,0.7224413898000049
7.79122401847575,4.986605080831408,0.2808862145260323,504,0.00923868136518768,0.23585368326342812,0.026978658575462406,0.8279043875877077
7.650658260708326,4.915631374003338,0.28472689600200873,504,0.00923868136518768,0.23585368326342812,0.026978658575462406,0.8279043875877077
5.425970963224999,1.8682290515144817,0.5054986295903027,505,0.008042251815271653,0.0852473270454081,0.3276727293608542,0.6966587413579735
5.330923042868737,1.6417029439976387,0.5063669766793781,505,0.008042251815271653,0.0852473270454081,0.3276727293608542,0.6966587413579735
16.072848294351484,7.325506147730425,0.3097550037708869,506,0.014192989233914242,0.7260517019356495,0.17325962461018982,0.5928114902937762
16.51325274481535,7.208605966507707,0.31060585822862485,506,0.014192989233914242,0.7260517019356495,0.17325962461018982,0.5928114902937762
2.1881838074398248,0.020398323628676336,0.1853778554306512,507,0.0010102494992622862,0.4583543157525589,0.24507800557097079,0.7905056635209309
2.2018348623853212,0.016680567139282735,0.15837722011797442,507,0.0010102494992622862,0.4583543157525589,0.24507800557097079,0.7905056635209309
6.149292387383221,2.53815558227731,0.5320787224969491,508,0.008034944332034425,0.17468833744879214,0.2592295333882196,0.8569344625441284
4.646647683147813,2.159683443659628,0.5846347781111217,508,0.008034944332034425,0.17468833744879214,0.2592295333882196,0.8569344625441284
7.160653317338747,1.995017071145151,0.5111299154002886,509,0.013299954209101964,0.17670258226667934,0.6455545521051035,0.5931781620208775
6.4721328451495985,1.8029512925773883,0.5031757860543632,509,0.013299954209101964,0.17670258226667934,0.6455545521051035,0.5931781620208775
6.263614546797121,1.690972863208418,0.494304255890838,510,0.01160408626279094,0.2811705451653045,0.7424147061776042,0.6782528970568913
6.46800177357375,1.452113508720071,0.4304868327361576,510,0.01160408626279094,0.2811705451653045,0.7424147061776042,0.6782528970568913
1.9964375834941368,0,NA,511,5.231525059360362e-4,0.7803926612999463,0.3452047783049275,0.5370475267772297
2.0900113023660856,0.0018528468992607139,NA,511,5.231525059360362e-4,0.7803926612999463,0.3452047783049275,0.5370475267772297
3.5772178013557325,0.1270999115826702,0.2912856180410273,512,0.00535271291932191,0.711613913629133,0.749763884952033,0.6945684127673111
3.3679810608862915,0.19789894207294517,0.3802832519459407,512,0.00535271291932191,0.711613913629133,0.749763884952033,0.6945684127673111
8.6330669717829,2.576263679480318,0.4646724955026842,513,0.0123700586492131,0.1780178297841243,0.41413840144891,0.42962018436775506
9.112041768905781,2.593952364260281,0.45477272463163826,513,0.0123700586492131,0.1780178297841243,0.41413840144891,0.42962018436775506
6.261967889232582,1.3422448077772868,0.3979611462141455,514,0.008710429962205102,0.6291962343437637,0.40199636997078664,0.6372323209057382
6.231760924975065,1.300284437220642,0.3950879487350303,514,0.008710429962205102,0.6291962343437637,0.40199636997078664,0.6372323209057382
7.587890444399238,1.7235958796441846,0.3187660888049514,515,0.00686572394987349,0.7063464411813906,0.21109915175675964,0.41453129342349926
8.175996161157558,1.956333167229574,0.30983913422781945,515,0.00686572394987349,0.7063464411813906,0.21109915175675964,0.41453129342349926
2.028743625405656,0,NA,516,6.376937782951412e-4,0.646873590571272,0.7263773923615221,0.7389115713056194
1.9075229899915058,0.003693171326217823,0.02361930012603089,516,6.376937782951412e-4,0.646873590571272,0.7263773923615221,0.7389115713056194
14.072734653209586,6.424709854789011,0.3800458364902765,517,0.011921836617342666,0.15261813712878447,0.13843374962318222,0.41431323040210455
13.332596725779421,6.154356112921938,0.3945369098259034,517,0.011921836617342666,0.15261813712878447,0.13843374962318222,0.41431323040210455
9.616310507018259,5.162771749194475,0.33155817178468805,518,0.008985255834165312,0.30433550311759694,0.07512993317726677,0.8121204299668432
10.446902490627668,5.473070784306447,0.34671712224929574,518,0.008985255834165312,0.30433550311759694,0.07512993317726677,0.8121204299668432
3.853977882161482,0.2385619706328365,0.24890113689442936,519,0.004145915827795513,0.6813251331717773,0.3896834259559756,0.5589917347464434
3.590654309340141,0.22568770002034888,0.32864836741671827,519,0.004145915827795513,0.6813251331717773,0.3896834259559756,0.5589917347464434
7.880891284683121,2.770957558751315,0.3781363024440098,520,0.00742824402173859,0.6753265009419789,0.1699429076509841,0.7681167763584036
8.361868993703744,3.1241945579734156,0.37542077899440407,520,0.00742824402173859,0.6753265009419789,0.1699429076509841,0.7681167763584036
2.7020520038521374,0.0648196162678717,0.13486742481281994,521,0.0029918223787795415,0.2916306778460697,0.5624380390316044,0.6316387440499056
2.6889950388225965,0.0737721547002084,0.2213017690561413,521,0.0029918223787795415,0.2916306778460697,0.5624380390316044,0.6316387440499056
7.760437853629673,2.474020931178581,0.5104579410342667,522,0.013992047041036605,0.2647979993089065,0.5434358646708215,0.7339720432335011
8.126207340631037,2.4395179836261613,0.5116728904424668,522,0.013992047041036605,0.2647979993089065,0.5434358646708215,0.7339720432335011
15.07632180517661,7.305877147702971,0.3229979016233818,523,0.014073188013216274,0.38303798075576784,0.13097531654938727,0.8233411492442152
14.245167513820354,7.001075947018885,0.3362695240642386,523,0.014073188013216274,0.38303798075576784,0.13097531654938727,0.8233411492442152
11.568823660217923,3.6005485138240303,0.33286965489455295,524,0.012723846848020364,0.7225786173474865,0.34024314831257213,0.5777873194030865
10.701325631341184,3.001184921869214,0.34847963203485094,524,0.012723846848020364,0.7225786173474865,0.34024314831257213,0.5777873194030865
3.6622640460885836,0.5075671970805624,0.3152473339650023,525,0.004524596083470617,0.15827337897402768,0.37880383657086597,0.7667550993350011
3.6401542406966665,0.5940849799819191,0.37038927830134927,525,0.004524596083470617,0.15827337897402768,0.37880383657086597,0.7667550993350011
13.58751846381093,6.449409158050222,0.32179149362627707,526,0.012042344872562154,0.6931942556482753,0.12808474413157134,0.7223105643504759
12.32952758091079,6.1693899076627,0.33610464455092426,526,0.012042344872562154,0.6931942556482753,0.12808474413157134,0.7223105643504759
1.9610742472690976,0.0018483263404986787,NA,527,5.678120216133308e-4,0.2564269830791309,0.371500135495334,0.731364470399872
2.033552692557234,0.0055612197608675504,0.18565789767124666,527,5.678120216133308e-4,0.2564269830791309,0.371500135495334,0.731364470399872
9.275174013921115,3.3299303944315546,0.4720377304332709,528,0.013825387640549018,0.37980624954209197,0.47227574054928356,0.7910189286880049
8.982191602755751,3.1809994243375237,0.4974568955920557,528,0.013825387640549018,0.37980624954209197,0.47227574054928356,0.7910189286880049
4.272632905761103,1.4458367316675318,0.5517368750314976,529,0.008638259907429587,0.213710501895236,0.6521437915754292,0.8608098001564943
4.450625869262865,1.2554473806212332,0.5527788499070782,529,0.008638259907429587,0.213710501895236,0.6521437915754292,0.8608098001564943
10.988949969459714,3.1299165232198716,0.48226073659499014,530,0.014995687730634364,0.21236428492045298,0.43693146772723307,0.49744214610382137
11.618755542417972,3.6912503694945316,0.4849597525241941,530,0.014995687730634364,0.21236428492045298,0.43693146772723307,0.49744214610382137
3.131717441257134,0.11118523460084502,0.21358949289632523,531,0.004189490679747905,0.21047717700229326,0.7096189653316385,0.6276134990024399
2.848971307316173,0.2029707537595719,0.4107877240710928,531,0.004189490679747905,0.21047717700229326,0.7096189653316385,0.6276134990024399
3.934881139580057,0.9175839422810101,0.42802247129487836,532,0.004838922245310579,0.0669736279944225,0.3160679495805254,0.7709351080829516
3.7584240539139455,1.0812412056580019,0.47456201758941197,532,0.004838922245310579,0.0669736279944225,0.3160679495805254,0.7709351080829516
10.465887729903063,5.1177619697025545,0.45580955130956957,533,0.01325495529268652,0.13987897809008776,0.12604786620427766,0.6671082456499606
11.720762971064193,5.944723524941145,0.45110221132610834,533,0.01325495529268652,0.13987897809008776,0.12604786620427766,0.6671082456499606
2.570102067135856,0.029477873171450678,0.25769487772553024,534,0.002410632378051881,0.34801489291412246,0.6667654004570105,0.41773785466548846
2.63094688221709,0.03325635103926097,0.29571305930433667,534,0.002410632378051881,0.34801489291412246,0.6667654004570105,0.41773785466548846
15.800362037755367,6.705086999889172,0.2565789434397593,535,0.011805644972616379,0.6879391930744407,0.16570019290913832,0.4812549172902999
15.236863976359775,6.368085695816789,0.2404274100171068,535,0.011805644972616379,0.6879391930744407,0.16570019290913832,0.4812549172902999
5.139909448526684,2.098641727900245,0.5365599743230686,536,0.0075305072861596755,0.11516468821891007,0.2850193635011156,0.8233222332669015
4.5757653907084705,1.9231477729064583,0.5999523270162793,536,0.0075305072861596755,0.11516468821891007,0.2850193635011156,0.8233222332669015
12.34634083220881,5.1093406288703624,0.4292588688831818,537,0.014903603362606257,0.42445050279742685,0.2892990149497509,0.8077823445710186
12.528616793442138,4.796543829850084,0.40521951734721606,537,0.014903603362606257,0.42445050279742685,0.2892990149497509,0.8077823445710186
4.398675030996133,1.6691648624141826,0.4237641006357372,538,0.004527410946716899,0.025535546548523403,0.14776725127724658,0.6425586820934448
4.2967954532832255,1.649480719032897,0.4422623493924519,538,0.004527410946716899,0.025535546548523403,0.14776725127724658,0.6425586820934448
2.2455034303727053,0.0037085110328203227,0.0315836337121288,539,0.0013474070584077083,0.7253253237501877,0.5660891248394125,0.6998841083319612
2.128443748272367,0.009214042200313279,0.1740157089287453,539,0.0013474070584077083,0.7253253237501877,0.5660891248394125,0.6998841083319612
1.6663580818366968,0,NA,540,3.937049959531611e-8,0.6514227562341685,0.6218523930817139,0.8790983726625474
1.832426951792792,0,NA,540,3.937049959531611e-8,0.6514227562341685,0.6218523930817139,0.8790983726625474
3.0110262934690413,0.15857211343437697,0.3641171355102215,541,0.003317386871207615,0.6259456190738568,0.42234117064787163,0.819478744094162
3.0994022581359313,0.17526381816840084,0.3531893103847215,541,0.003317386871207615,0.6259456190738568,0.42234117064787163,0.819478744094162
6.157265907196444,2.3525053255533948,0.38711826314617015,542,0.005430660487519899,0.33374226405713503,0.12195226493432912,0.6288223736907946
6.92000591453497,2.4988910246931835,0.40783728519342294,542,0.005430660487519899,0.33374226405713503,0.12195226493432912,0.6288223736907946
12.923685719040662,4.112502080289946,0.31013762300973124,543,0.012869083447560985,0.6004509479025839,0.2516089263918476,0.43497400129553687
14.278582126809786,4.90745363436327,0.3239977866177983,543,0.012869083447560985,0.6004509479025839,0.2516089263918476,0.43497400129553687
6.26578517307978,1.845936710741346,0.5295009575541023,544,0.013234189276749122,0.1534604051894891,0.7498572588503152,0.664273401924611
6.461555498135913,1.8493226532796871,0.5105134484224366,544,0.013234189276749122,0.1534604051894891,0.7498572588503152,0.664273401924611
6.481104489765703,4.217714772180479,0.1508497432191355,545,0.009988893834569008,0.5705253946290543,0.014616247033742114,0.43530442175532685
6.321754217579091,4.095758425929344,0.16278882612615436,545,0.009988893834569008,0.5705253946290543,0.014616247033742114,0.43530442175532685
2.9526390023012397,0.08722440798752877,0.24956088228223441,546,0.0027251052965461047,0.7786667915905577,0.45380621210478533,0.650682498594271
2.8317539913719996,0.058994874820249996,0.28925710742670024,546,0.0027251052965461047,0.7786667915905577,0.45380621210478533,0.650682498594271
5.327050997782705,1.5687361419068735,0.44126268927149614,547,0.005276022877640268,0.7986666462669761,0.18389558328089337,0.812602157173969
5.452502440731667,1.6339086705841177,0.40015674233348747,547,0.005276022877640268,0.7986666462669761,0.18389558328089337,0.812602157173969
11.54636503323028,4.966954847547994,0.37213714718332136,548,0.008814272736983543,0.28034888895055493,0.1339309600176382,0.46223925283312906
11.057487842310607,4.349032007544239,0.37912342388466447,548,0.008814272736983543,0.28034888895055493,0.1339309600176382,0.46223925283312906
2.853725850965961,0.05519779208831647,0.2476504251000425,549,0.0029359191436486277,0.6677617444876682,0.6336344043062898,0.49040940618262546
2.826476510687037,0.0277105540263435,0.2363189154142818,549,0.0029359191436486277,0.6677617444876682,0.6336344043062898,0.49040940618262546
8.444033302497687,2.266419981498612,0.33264032097511176,550,0.006898271684730545,0.5335404596702233,0.17556897348685807,0.41514133639852474
7.654101338077764,2.0015567663738465,0.3330402023902218,550,0.006898271684730545,0.5335404596702233,0.17556897348685807,0.41514133639852474
2.544755141293091,0.17754105636928538,0.3715774336676854,551,0.0012505278818099293,0.5117145760070142,0.131527798408126,0.8405569276157396
2.4334192041811074,0.151972867283207,0.2587454702183955,551,0.0012505278818099293,0.5117145760070142,0.131527798408126,0.8405569276157396
7.1703134240094615,2.2009905381431105,0.3785390452438752,552,0.006126409889965611,0.3682007966064303,0.16941838697973277,0.5920661742216359
6.9391073012119415,2.2058823529411766,0.40580752726492464,552,0.006126409889965611,0.3682007966064303,0.16941838697973277,0.5920661742216359
2.297958806686986,0.01662510390689942,0.13473342220785778,553,0.0012869238009862952,6.480980978357617e-5,0.6689660479279557,0.41698507450821243
2.3152006815950807,0.011112963271656387,0.19735386718047238,553,0.0012869238009862952,6.480980978357617e-5,0.6689660479279557,0.41698507450821243
6.822557950085166,4.312004739687477,0.24950213538313556,554,0.009070337589744064,0.10257260793240333,0.020333879568950962,0.5753681832869961
6.5497849818061535,4.155180652038078,0.23335207981579978,554,0.009070337589744064,0.10257260793240333,0.020333879568950962,0.5753681832869961
6.1467075830960924,1.1498502606573742,0.43714385988938664,555,0.011083775145333546,0.12532838500763852,0.7182729908499826,0.5109559642101733
5.667424788742811,1.238882417115068,0.49440160330111504,555,0.011083775145333546,0.12532838500763852,0.7182729908499826,0.5109559642101733
4.422803814161087,0.2729670410741622,0.3239048297653759,556,0.007611800148909547,0.7018898525259201,0.6792919383646742,0.5190325930385803
4.491317898486198,0.333926981300089,0.3330198937110308,556,0.007611800148909547,0.7018898525259201,0.6792919383646742,0.5190325930385803
4.8924293952388,1.4546059441076444,0.4719655802301919,557,0.006376291946803388,0.45301198936684384,0.32849424557918755,0.8748459906009879
4.42965639286241,1.4562748857100722,0.529392360336459,557,0.006376291946803388,0.45301198936684384,0.32849424557918755,0.8748459906009879
6.352500787576673,2.5517484202138503,0.5599143479562082,558,0.008558584832396741,0.21997629538063648,0.3211126524888519,0.8334556836771738
5.380916129751007,2.3302449078114265,0.5805130192919514,558,0.008558584832396741,0.21997629538063648,0.3211126524888519,0.8334556836771738
4.350476612724451,0.42488731249538164,0.38584326814415654,559,0.007446857529912696,0.27678593973896365,0.7380414964753742,0.6373438529594619
3.7284506626305878,0.5352726198826091,0.48926068331841305,559,0.007446857529912696,0.27678593973896365,0.7380414964753742,0.6373438529594619
3.579492874329077,0.23690542291319636,0.2525667146596761,560,0.002885326378780391,0.3816439217380099,0.21732774071958152,0.48270283245998186
3.4741194713135934,0.20305692977922174,0.3176345628735957,560,0.002885326378780391,0.3816439217380099,0.21732774071958152,0.48270283245998186
2.619297954365189,0.0590264327744268,0.33465307902871805,561,0.0024990520590922865,0.518926757000565,0.5017338233954821,0.7760417729422191
2.541015301331271,0.05155683220092434,0.3345558411563357,561,0.0024990520590922865,0.518926757000565,0.5017338233954821,0.7760417729422191
5.547855334405204,2.4542144850400103,0.5919838829525494,562,0.013293779683324085,0.09901529732048091,0.7163029575746077,0.8779133971095986
5.4939367051168295,2.3439810706891455,0.6295794445092143,562,0.013293779683324085,0.09901529732048091,0.7163029575746077,0.8779133971095986
5.804247460757156,0.9529085872576177,0.38027372306026636,563,0.006870813137881722,0.4535239323817608,0.3512959622567427,0.4036928550731656
5.7676670609107035,0.8519367238320521,0.3233680478371603,563,0.006870813137881722,0.4535239323817608,0.3512959622567427,0.4036928550731656
10.166700586504838,4.915909637551111,0.359157781165544,564,0.00894648931358703,0.6035554256149402,0.10373950312328914,0.8298195716465058
10.738974529592252,5.132897120254334,0.3537641534720005,564,0.00894648931358703,0.6035554256149402,0.10373950312328914,0.8298195716465058
1.998190178950673,0.0036935123455650153,0.10704452881458094,565,6.259040860897046e-4,0.21688531402315606,0.4320279684108257,0.7062829197633191
2.0074074074074075,0.005555555555555556,0.02163283612056594,565,6.259040860897046e-4,0.21688531402315606,0.4320279684108257,0.7062829197633191
5.719400561051232,2.3900044293518383,0.6146938840272527,566,0.01276667811685918,0.14607238955401283,0.7189908490726018,0.867447679659612
5.189953020382496,2.3563792401879184,0.6293297490762576,566,0.01276667811685918,0.14607238955401283,0.7189908490726018,0.867447679659612
6.678025112041188,2.6723211970813736,0.6165747942600218,567,0.01142304953676516,0.11699091185212827,0.4251928882021738,0.8164158515898738
5.764067620863962,2.534856592663914,0.5871911051083627,567,0.01142304953676516,0.11699091185212827,0.4251928882021738,0.8164158515898738
4.934161858263057,2.2063175025891404,0.5708855999633979,568,0.006307233886771055,0.10354786886320376,0.18375316294391125,0.818216870629487
4.90058910162003,2.220176730486009,0.5329353722570758,568,0.006307233886771055,0.10354786886320376,0.18375316294391125,0.818216870629487
4.3364382550954534,0.3578345476344185,0.36153245817898993,569,0.007423038241451596,0.3752545298200432,0.72607683358806685,0.48542352711504644
4.81287383566971,0.4111034980833688,0.329514983213993,569,0.007423038241451596,0.3752545298200432,0.72607683358806685,0.48542352711504644
5.0498142363357426,0.7430546570303691,0.3237216676871731,570,0.00648894518141183,0.7796985085535073,0.3586807436602178,0.5926512463417508
4.82633690086693,0.707961330153977,0.30846542438946467,570,0.00648894518141183,0.7796985085535073,0.3586807436602178,0.5926512463417508
6.615480925025777,2.2646928855501547,0.3498015568401618,571,0.005376908806710745,0.41164129451415254,0.12934451358943685,0.6287767052383988
7.246457143912939,2.3058588770023833,0.388380872297584,571,0.005376908806710745,0.41164129451415254,0.12934451358943685,0.6287767052383988
2.8793673189024616,0.14109085508484015,0.3147026426342616,572,0.002478883058207034,0.27669910061019776,0.42060863422383465,0.5244086848751192
2.745898624291915,0.05149709409254763,0.3015637987900552,572,0.002478883058207034,0.27669910061019776,0.42060863422383465,0.5244086848751192
9.52618269745464,3.0160400169813757,0.4337836334339475,573,0.0099737709701397375,0.3708993240136327,0.26194854802575385,0.5335981852115185
9.11010278729512,2.9150847300675986,0.41362546137295125,573,0.0099737709701397375,0.3708993240136327,0.26194854802575385,0.5335981852115185
1.883089229173996,0.001851611828096358,NA,574,3.6872209671283987e-4,0.23449948131476817,0.7275523416630195,0.6391926593268461
1.9050258684405026,0,NA,574,3.6872209671283987e-4,0.23449948131476817,0.7275523416630195,0.6391926593268461
4.881514838328658,1.5188985678429057,0.4790853463157223,575,0.0046759578952564025,0.1842024197601954,0.1617914071475651,0.5986601001865466
5.515255551248685,1.5393986377983278,0.41879602600266935,575,0.0046759578952564025,0.1842024197601954,0.1617914071475651,0.5986601001865466
5.848850755376394,1.6013609719114628,0.5444460960579715,576,0.010224026018194252,0.1615267636248765,0.5812720368952918,0.7282840462129287
5.294128532040488,1.5636276160692808,0.55527213814424,576,0.010224026018194252,0.1615267636248765,0.5812720368952918,0.7282840462129287
4.445140950238758,1.618761407843065,0.5076497475180387,577,0.010080371380717783,0.049615445341917835,0.6856608589360161,0.7983991496188154
4.566609576290118,1.3869238215801625,0.5306174532547067,577,0.010080371380717783,0.049615445341917835,0.6856608589360161,0.7983991496188154
7.3255125453334315,2.2944267633779885,0.49417085282285617,578,0.012355581739675487,0.1846644647443222,0.5004527109335558,0.6226991293303248
7.204957454679985,2.2160562338142804,0.45887445676239,578,0.012355581739675487,0.1846644647443222,0.5004527109335558,0.6226991293303248
4.113348911390527,0.2781795927450762,0.3625577441977521,579,0.005989147096579568,0.6129252020941215,0.6850601130287405,0.6055696143672056
3.9981532779316717,0.1791320406278855,0.3276981802682673,579,0.005989147096579568,0.6129252020941215,0.6850601130287405,0.6055696143672056
3.9230925812838873,0.17394844464183276,0.31234530180439735,580,0.005312091057401836,0.675419456625182,0.49152065055358585,0.4677763239009016
4.362341419986645,0.26337265375769714,0.28548371658254595,580,0.005312091057401836,0.675419456625182,0.49152065055358585,0.4677763239009016
9.070017420957042,2.2591645353793695,0.5016574751039671,581,0.014986669099244098,0.3268338322596246,0.6758033452246096,0.5407037269711437
8.372856958311035,1.5741783084503664,0.4495513306699072,581,0.014986669099244098,0.3268338322596246,0.6758033452246096,0.5407037269711437
3.0221152956417137,0.16470805959100582,0.35191672952618847,582,0.002747505162023258,0.2964130945629263,0.34677620868884296,0.5860996600493624
3.0138504155124655,0.1218836565096953,0.3161942858001592,582,0.002747505162023258,0.2964130945629263,0.34677620868884296,0.5860996600493624
4.490593156313918,0.42565737345445837,0.38837745885988467,583,0.0075564600310157265,0.06995169784639803,0.6640461396103718,0.43298258824748415
4.367400409616769,0.38563020093363104,0.31449304642154835,583,0.0075564600310157265,0.06995169784639803,0.6640461396103718,0.43298258824748415
8.532442113815133,1.4051479005871708,0.39653464439519653,584,0.013377071008419334,0.3986271932056305,0.6478936814288344,0.44157122891554973
8.70776668573432,1.2953702507703948,0.38807674935522196,584,0.013377071008419334,0.3986271932056305,0.6478936814288344,0.44157122891554973
4.44910535303289,0.28212933402628254,0.27166869139788646,585,0.006202537177625982,0.7327926221352223,0.4771823203223578,0.4457032537102413
4.707317975076729,0.3919683467070961,0.34357996745603425,585,0.006202537177625982,0.7327926221352223,0.4771823203223578,0.4457032537102413
2.1080880992041457,0.003701647233018693,0.0169153465713643,586,4.176846896015144e-4,0.2888621522307694,0.29365589507865403,0.5105692702109014
2.0625600118177116,0,NA,586,4.176846896015144e-4,0.2888621522307694,0.29365589507865403,0.5105692702109014
7.791537667698659,2.340409848149786,0.49821172933603647,587,0.010485773682836659,0.28588919198721463,0.3606449003084887,0.5373076018784152
7.706958081396424,2.4833120689336368,0.4674919453100898,587,0.010485773682836659,0.28588919198721463,0.3606449003084887,0.5373076018784152
2.6226189380693845,0.04601085856262078,0.1594088579020651,588,0.0028279067595034387,0.37507249797114167,0.7261076098984068,0.6419863944717614
2.7503095946620335,0.04805648485296564,0.2038542282418598,588,0.0028279067595034387,0.37507249797114167,0.7261076098984068,0.6419863944717614
6.456605859590934,1.6712732633130643,0.39919702969862003,589,0.008034485461230617,0.049583343396274245,0.321967335950864,0.4374966354107718
6.404878499491823,1.6631248267578305,0.4269321737841938,589,0.008034485461230617,0.049583343396274245,0.321967335950864,0.4374966354107718
3.610941800114516,0.2456548641510131,0.3176764298247383,590,0.0033903765643942927,0.3763659309326005,0.2918813919768039,0.5418628455157094
3.4472571502428035,0.33050831810040804,0.4124723233416029,590,0.0033903765643942927,0.3763659309326005,0.2918813919768039,0.5418628455157094
3.4436179267976756,0.2868139595129714,0.3592242448475251,591,0.006123787653340919,0.5976478892170735,0.7219677726573537,0.610184893621704
3.704320165704986,0.21083000443852642,0.2648552271811685,591,0.006123787653340919,0.5976478892170735,0.7219677726573537,0.610184893621704
2.164181865265806,0.022196737079649292,0.08180378368829407,592,0.0011936673739186522,0.3437868705735703,0.25935023287889747,0.5968964775918209
2.3120640661327823,0.03690445436764218,0.12920489841852176,592,0.0011936673739186522,0.3437868705735703,0.25935023287889747,0.5968964775918209
10.757045496408178,3.6912875299318477,0.3260331562304257,593,0.008574778076390234,0.41929262616039875,0.18583141899037528,0.47015396330785575
10.350689183696094,3.327667122427109,0.3409506258039171,593,0.008574778076390234,0.41929262616039875,0.18583141899037528,0.47015396330785575
3.0152235615024514,0.32437612886578937,0.3288309702780901,594,0.002400881887735667,0.5047769148353484,0.1606721577886047,0.7802845446856659
3.525741605596884,0.4134901150019382,0.3917762877388268,594,0.002400881887735667,0.5047769148353484,0.1606721577886047,0.7802845446856659
13.794951398898622,5.362752707247663,0.3640656842489536,595,0.014481699823446938,0.46012476191528856,0.2484729455230694,0.6594585990224473
14.488804863582445,5.46596975088968,0.3797182794387492,595,0.014481699823446938,0.46012476191528856,0.2484729455230694,0.6594585990224473
7.477289896998397,4.60835436973706,0.1912770972047663,596,0.007153848871356009,0.3447847935639409,0.02312892164821171,0.44407384355258184
7.31252308828962,4.553010712966383,0.19466802570055164,596,0.007153848871356009,0.3447847935639409,0.02312892164821171,0.44407384355258184
9.186560402374305,3.380240019231125,0.46995906523032993,597,0.010839113156435905,0.3299248592519134,0.25508142893131297,0.6473388548117323
8.383920639620964,3.07965649985194,0.448084666665059,597,0.010839113156435905,0.3299248592519134,0.25508142893131297,0.6473388548117323
3.2522728952620295,0.34001034814103037,0.37137073131440124,598,0.0037192041039453947,0.6322039092654395,0.42286747508599304,0.8390748724871254
3.1250577858318382,0.2810702860629819,0.3761110869388593,598,0.0037192041039453947,0.6322039092654395,0.42286747508599304,0.8390748724871254
4.4759321783730925,1.736130329698714,0.4079196421174637,599,0.002952530917042501,0.2835532841689613,0.07311681606534351,0.7090994605544694
4.705186061996005,1.6664200636235853,0.40103246378313673,599,0.002952530917042501,0.2835532841689613,0.07311681606534351,0.7090994605544694
6.47529916584978,1.178167828805001,0.3901686586452695,600,0.010255912155432098,0.5083039047492698,0.6321724149891786,0.5382275322106032
6.397350012953848,0.8271956771161035,0.3926251043473388,600,0.010255912155432098,0.5083039047492698,0.6321724149891786,0.5382275322106032
