X,1,2,3,4,5,6,7,8,9,10,11,12,13,14,15,16,17,18,19,20,21,22,23,24,25,26,27,28,29,30,31,32,33,34,35,36,37,38,39,40,41,42,43,44,45,46,47,48,49,50,51,52,53,54,55,56,57,58,59,60,61,62,63,64,65,66,67,68,69,70,71,72,73,74,75,76,77,78,79,80,81,82,83,84,85,86,87,88,89,90,91,92,93,94,95,96,97,98,99,100,101,102,103,104,105,106,107,108,109,110,111,112,113,114,115,116,117,118,119,120,121,122,123,124,125,126,127,128,129,130,131,132,133,134,135,136,137,138,139,140,141,142,143,144,145,146,147,148,149,150,151,152,153,154,155,156,157,158,159,160,161,162,163,164,165,166,167,168,169,170,171,172,173,174,175,176,177,178,179,180,181,182,183,184,185,186,187,188,189,190,191,192,193,194,195,196,197,198,199,200,201,202,203,204,205,206,207,208,209,210,211,212,213,214,215,216,217,218,219,220,221,222,223,224,225,226,227,228,229,230,231,232,233,234,235,236,237,238,239,240,241,242,243,244,245,246,247,248,249,250,251,252,253,254,255,256,257,258,259,260,261,262,263,264,265,266,267,268,269,270,271,272,273,274,275,276,277,278,279,280,281,282,283,284,285,286,287,288,289,290,291,292,293,294,295,296,297,298
1,0,2,4,5,6,7,7,8,12,1,1,1,1,2,2,4,4,5,6,6,7,7,8,1,2,2,5,6,6,7,7,2,2,3,3,4,5,6,6,7,3,3,4,4,4,5,5,6,6,9,3,4,4,5,5,6,6,8,9,3,4,5,5,6,6,7,7,8,9,9,4,4,5,5,7,7,8,8,9,9,10,10,11,11,4,5,5,7,7,7,8,8,9,9,10,10,11,11,5,5,5,7,7,7,8,8,9,9,10,10,11,6,6,6,6,6,7,7,8,8,9,9,9,10,10,12,12,13,6,6,7,7,7,8,8,9,10,10,11,11,13,13,7,7,8,8,8,9,11,13,7,8,8,9,9,10,10,11,12,14,9,9,10,10,11,12,12,13,13,14,8,8,9,9,9,10,10,11,11,11,12,12,12,14,14,9,9,10,10,10,11,11,12,12,12,13,13,9,11,11,12,12,13,13,14,14,11,11,11,11,12,12,13,14,14,15,15,11,11,11,12,12,12,12,13,13,13,14,14,14,15,15,16,11,11,11,11,12,12,13,13,13,13,14,14,15,15,16,16,12,12,12,12,12,12,13,13,13,14,14,14,15,15,16,16,16,12,12,12,12,13,13,13,14,14,14,15,15,15,16,16,16,17,13,13,13,13,13,13,13,14,14,15,15,16,16,16,17
2,2,0,3,3,4,5,6,7,10,3,2,1,1,1,1,2,3,3,4,4,5,6,6,2,1,1,3,4,5,5,6,2,2,2,2,3,4,4,5,5,2,2,2,3,3,4,4,4,5,7,3,3,3,4,4,4,5,7,8,4,3,4,4,5,5,6,6,7,7,8,5,4,4,4,5,6,6,7,7,8,8,9,9,10,5,4,5,6,6,6,7,7,7,8,8,9,9,10,6,5,5,6,6,6,7,7,7,8,8,9,9,6,6,6,6,6,6,6,7,7,7,8,8,9,9,10,11,11,7,6,6,6,7,7,7,8,9,9,9,10,11,12,7,7,7,7,7,8,10,12,7,7,8,8,8,9,9,10,11,12,8,8,9,9,10,11,11,11,12,13,9,8,8,9,9,9,9,10,10,10,11,11,11,12,13,9,9,9,9,9,10,10,11,11,11,12,12,9,10,10,11,11,12,12,13,13,10,10,10,11,11,11,12,13,13,14,14,11,11,11,11,11,11,12,12,12,12,13,13,13,14,14,14,11,11,11,11,11,12,12,12,12,13,13,13,14,14,14,15,12,12,12,12,12,12,12,12,13,13,13,13,14,14,15,15,15,12,12,12,12,12,12,13,13,13,14,14,14,14,15,15,15,16,13,13,13,13,13,13,13,13,13,14,15,15,15,15,16
3,4,3,0,1,2,2,3,4,7,6,5,4,3,3,2,1,1,1,1,2,2,3,3,5,3,3,1,2,2,2,3,4,3,3,2,2,2,2,2,3,4,3,3,2,2,2,2,2,3,5,4,3,3,3,3,3,3,4,5,6,4,3,3,3,3,4,4,5,5,6,7,4,4,4,4,4,4,5,5,5,6,6,7,7,7,5,5,4,5,5,5,5,6,6,6,7,7,7,7,7,6,5,5,5,5,5,6,6,6,7,7,8,7,7,6,6,6,6,6,6,6,6,6,7,7,8,9,9,8,8,6,6,6,6,6,6,7,7,7,8,9,9,9,8,7,7,7,7,8,10,9,7,7,7,7,7,8,8,9,10,8,8,8,8,9,9,9,9,10,11,10,9,8,8,8,8,8,9,9,9,9,9,10,11,11,10,10,9,9,9,9,9,9,10,10,10,10,10,9,9,10,10,10,11,11,11,10,10,10,10,10,10,10,11,12,12,12,11,10,10,10,11,11,11,11,11,11,11,12,12,12,12,13,12,11,11,11,11,11,11,11,11,11,12,12,12,13,13,13,13,12,12,12,12,12,12,12,12,12,12,12,13,13,13,13,14,13,12,12,12,12,12,12,12,12,13,13,13,13,13,14,14,14,13,13,13,13,13,13,13,13,13,13,13,14,14,14,14
4,5,3,1,0,1,2,2,3,7,6,6,4,4,3,3,1,1,1,1,1,2,2,3,6,4,3,1,1,2,2,2,4,4,3,3,2,2,2,2,2,4,4,3,3,2,2,2,2,2,4,5,4,3,3,3,3,3,4,5,7,4,4,3,3,3,3,4,4,5,5,7,5,4,4,4,4,4,4,5,5,5,6,6,7,7,5,5,4,4,5,5,5,5,6,6,6,7,7,8,7,6,5,5,5,5,5,5,6,6,6,7,8,8,7,6,6,6,6,6,6,6,6,6,6,7,8,8,9,9,8,6,6,6,6,6,6,7,7,7,7,9,9,9,9,7,7,7,7,8,9,9,7,7,7,7,7,7,8,9,10,8,8,8,8,8,9,9,9,10,10,10,9,8,8,8,8,8,8,9,9,9,9,9,10,11,10,10,9,9,9,9,9,9,9,10,10,10,11,9,9,10,10,10,10,11,11,10,10,10,10,10,10,10,11,11,12,12,11,11,10,10,10,11,11,11,11,11,11,11,12,12,12,12,13,11,11,11,11,11,11,11,11,11,11,12,12,12,13,13,13,13,12,12,12,12,12,12,12,12,12,12,12,13,13,13,13,14,13,12,12,12,12,12,12,12,12,13,13,13,13,13,14,14,13,13,13,13,13,13,13,13,13,13,13,13,14,14,14
5,6,4,2,1,0,1,1,2,6,7,7,6,5,4,4,2,2,1,1,1,1,1,2,7,5,5,2,1,1,1,2,5,5,4,4,3,2,2,2,2,5,4,4,4,3,3,2,2,2,4,6,4,4,4,3,3,3,3,4,8,5,4,4,3,3,3,3,4,4,4,8,5,5,5,4,4,4,4,4,4,5,5,5,6,8,6,6,5,4,4,4,5,5,5,5,6,6,6,9,8,7,5,5,5,5,5,5,5,5,6,6,9,9,8,6,6,6,6,6,6,6,6,6,6,6,7,7,8,9,9,7,6,6,6,6,6,6,6,7,7,8,8,10,9,7,7,7,7,7,9,10,7,7,7,7,7,7,8,8,9,8,8,8,8,8,8,8,9,9,9,11,10,9,9,8,8,8,8,8,8,9,9,9,10,10,11,10,9,9,9,9,9,9,9,9,9,10,11,9,9,9,9,10,10,10,11,10,10,10,10,10,10,10,10,11,11,11,11,11,11,11,10,10,10,11,11,11,11,11,11,11,12,12,13,12,11,11,11,11,11,11,11,11,11,11,12,12,12,12,13,13,12,12,12,12,12,12,12,12,12,12,12,12,12,13,13,14,13,13,13,12,12,12,12,12,12,12,12,13,13,13,13,13,14,14,13,13,13,13,13,13,13,13,13,13,13,13,14
6,7,5,2,2,1,0,1,2,5,8,7,6,6,5,4,3,2,2,1,1,1,1,1,7,6,5,2,2,1,1,1,6,5,5,4,3,2,2,2,2,5,5,4,4,4,3,3,2,2,3,6,5,4,4,4,3,3,3,4,8,5,5,4,4,3,3,3,3,4,4,9,6,5,5,4,4,4,4,4,4,4,5,5,5,8,6,6,5,5,4,4,4,5,5,5,5,6,6,9,9,7,5,5,5,5,5,5,5,5,5,6,9,9,8,7,6,6,6,6,6,6,6,6,6,6,7,7,7,10,9,7,7,6,6,6,6,6,6,6,7,7,8,10,10,7,7,7,7,7,8,10,8,7,7,7,7,7,7,8,9,8,8,8,8,8,8,8,8,9,9,11,10,9,9,9,8,8,8,8,8,8,9,9,9,10,11,11,9,9,9,9,9,9,9,9,9,9,11,9,9,9,9,10,10,10,10,10,10,10,10,10,10,10,10,11,11,11,11,11,11,11,11,10,10,10,11,11,11,11,11,11,11,12,13,12,12,11,11,11,11,11,11,11,11,11,11,12,12,12,14,13,12,12,12,12,12,12,12,12,12,12,12,12,12,12,13,14,13,13,13,13,12,12,12,12,12,12,12,12,13,13,13,13,14,14,13,13,13,13,13,13,13,13,13,13,13,13,13
7,7,6,3,2,1,1,0,1,4,8,8,7,6,6,5,3,3,2,2,1,1,1,1,8,6,6,2,2,2,1,1,6,6,5,5,4,3,2,2,2,6,5,5,4,4,4,3,3,2,3,7,5,5,4,4,4,3,3,3,9,6,5,5,4,4,3,3,3,3,4,9,6,6,5,4,4,4,4,4,4,4,4,5,5,9,7,6,5,5,5,4,4,4,5,5,5,5,6,10,9,8,6,5,5,5,5,5,5,5,5,5,10,9,9,7,7,6,6,6,6,6,6,6,6,6,6,7,7,10,10,7,7,7,6,6,6,6,6,6,6,7,7,11,10,7,7,7,7,7,8,11,8,8,7,7,7,7,7,8,8,8,8,8,8,8,8,8,8,9,9,11,10,9,9,9,9,8,8,8,8,8,8,9,9,9,11,11,9,9,9,9,9,9,9,9,9,9,12,9,9,9,9,9,10,10,10,10,10,10,10,10,10,10,10,10,11,11,11,11,11,11,11,11,10,10,10,11,11,11,11,11,11,11,14,12,12,12,11,11,11,11,11,11,11,11,11,11,12,12,14,14,13,12,12,12,12,12,12,12,12,12,12,12,12,12,12,15,13,13,13,13,13,12,12,12,12,12,12,12,12,13,13,13,14,14,14,13,13,13,13,13,13,13,13,13,13,13,13
8,8,7,4,3,2,2,1,0,3,9,9,8,7,7,6,4,4,3,3,2,2,1,1,9,7,7,3,3,2,2,2,7,7,6,6,5,4,3,3,2,7,6,6,5,5,4,4,4,3,2,8,6,6,5,5,4,4,3,3,10,6,6,6,5,4,4,4,3,3,3,10,7,7,6,5,4,4,4,4,4,4,4,4,4,10,7,7,6,5,5,5,5,4,4,4,5,5,5,11,10,9,6,6,6,5,5,5,5,5,5,5,11,10,9,8,7,7,7,6,6,6,6,6,6,6,6,6,6,11,11,8,7,7,7,7,6,6,6,6,6,7,7,11,11,8,8,7,7,7,7,11,8,8,8,8,7,7,7,7,8,9,9,8,8,8,8,8,8,8,8,12,11,10,9,9,9,9,8,8,8,8,8,8,9,9,12,12,10,10,9,9,9,9,9,9,9,9,12,10,10,9,9,9,9,10,10,11,11,10,10,10,10,10,10,10,10,10,12,11,11,11,11,11,11,11,10,10,10,11,11,11,11,11,14,13,12,12,12,11,11,11,11,11,11,11,11,11,11,11,15,14,13,13,13,12,12,12,12,12,12,12,12,12,12,12,12,15,14,14,13,13,13,13,12,12,12,12,12,12,12,12,12,13,15,15,14,14,14,13,13,13,13,13,13,13,13,13,13
9,12,10,7,7,6,5,4,3,0,13,12,11,10,10,9,8,7,7,6,6,5,4,4,12,11,10,7,6,6,5,5,11,10,9,9,8,7,6,6,5,10,10,9,9,8,7,7,6,6,4,11,9,9,8,8,7,7,5,4,13,9,9,8,7,7,6,6,5,5,4,13,10,10,9,7,7,6,6,5,5,5,4,4,4,13,10,10,8,7,7,7,6,6,6,5,5,5,5,14,13,12,9,8,8,7,7,7,6,6,6,5,14,13,12,10,10,9,9,8,8,7,7,7,6,6,6,6,6,14,14,10,10,9,9,9,8,7,7,7,6,6,6,14,14,10,10,9,9,7,7,14,11,10,10,9,9,8,8,7,7,11,11,9,9,8,8,8,8,8,8,15,13,12,11,11,11,10,10,9,9,9,9,9,8,8,15,14,12,11,11,10,10,10,9,9,9,9,15,11,11,10,10,10,10,9,9,13,12,12,12,11,11,11,10,10,10,10,14,13,13,12,12,12,12,11,11,11,11,11,11,11,10,10,17,14,14,14,13,13,12,12,12,12,11,11,11,11,11,11,17,16,15,15,14,14,13,13,13,12,12,12,12,12,12,12,12,18,16,15,15,15,14,14,13,13,13,13,12,12,12,12,12,12,17,16,16,15,15,15,15,14,14,13,13,13,13,13,13
10,1,3,6,6,7,8,8,9,13,0,1,2,2,3,3,5,6,6,7,7,8,8,9,1,2,3,6,7,7,8,8,2,3,3,4,5,6,7,7,8,3,4,4,5,5,6,6,7,7,10,3,4,5,5,6,6,7,9,10,3,5,5,6,7,7,8,8,9,10,10,3,5,5,6,7,8,8,9,9,10,10,11,11,12,4,5,5,7,8,8,9,9,10,10,11,11,12,12,4,4,5,7,7,8,8,9,9,10,10,11,11,5,5,5,6,7,7,7,8,9,9,10,10,11,11,13,13,14,6,6,7,7,8,8,9,9,10,11,11,12,13,14,6,6,8,8,9,9,12,14,7,8,9,9,9,10,11,12,13,14,9,9,10,11,12,12,13,13,14,15,8,8,9,9,9,10,11,11,11,12,12,13,13,14,15,8,8,10,10,10,11,11,12,12,13,13,14,9,11,11,12,12,13,14,15,15,11,11,11,11,12,12,13,14,15,15,16,11,11,11,12,12,12,13,13,13,14,14,14,15,15,16,16,10,11,11,11,12,12,13,13,13,14,14,15,15,16,16,16,11,11,11,12,12,12,13,13,13,14,14,14,15,16,16,16,17,12,12,12,12,12,13,13,14,14,15,15,15,16,16,16,17,17,12,12,13,13,13,13,13,14,14,15,16,16,16,17,17
11,1,2,5,6,7,7,8,9,12,1,0,1,2,2,3,4,5,6,6,7,7,8,8,1,2,2,6,6,7,7,8,2,2,3,3,5,6,6,7,7,3,3,4,4,5,5,6,6,7,9,3,4,4,5,5,6,6,9,10,3,4,5,5,6,7,7,8,9,9,10,3,4,5,5,7,7,8,8,9,9,10,10,11,11,4,5,5,7,7,8,8,9,9,10,10,11,11,12,4,4,5,7,7,7,8,8,9,9,10,10,11,5,5,5,6,6,7,7,8,8,9,9,10,10,11,12,13,13,6,6,7,7,7,8,8,9,10,10,11,11,13,13,6,6,7,8,8,9,11,14,7,8,8,9,9,10,10,11,12,14,8,9,10,10,11,12,12,13,14,14,8,8,9,9,9,9,10,11,11,11,12,12,13,14,14,8,8,9,10,10,11,11,12,12,12,13,13,9,11,11,12,12,13,13,14,15,10,11,11,11,11,12,12,14,14,15,15,10,11,11,11,12,12,12,13,13,13,14,14,14,15,15,16,10,11,11,11,12,12,12,13,13,13,14,14,15,15,16,16,11,11,11,11,12,12,13,13,13,13,14,14,15,15,16,16,16,12,12,12,12,12,12,13,14,14,14,15,15,15,16,16,16,17,12,12,12,13,13,13,13,13,14,15,15,16,16,16,17
12,1,1,4,4,6,6,7,8,11,2,1,0,1,1,2,3,4,4,5,6,6,7,7,1,1,1,4,5,6,6,7,1,2,2,2,3,5,5,6,6,2,2,3,3,4,4,5,5,6,8,2,3,4,4,4,5,5,7,9,3,4,4,4,5,6,6,7,8,8,9,4,4,4,4,6,6,7,7,8,8,9,9,10,10,4,4,4,6,6,7,7,8,8,9,9,10,10,11,5,5,4,6,6,7,7,7,8,8,9,9,10,5,5,5,5,6,6,6,7,7,8,8,9,9,10,11,12,12,6,6,6,6,7,7,7,8,9,9,10,10,12,12,6,6,7,7,7,8,10,13,7,7,8,8,8,9,9,11,11,13,8,8,9,9,11,11,11,12,13,13,8,8,8,8,9,9,9,10,10,11,11,11,12,13,13,8,8,9,9,9,10,10,11,11,12,12,12,9,10,10,11,11,12,12,13,14,10,10,10,11,11,11,12,13,14,14,14,10,10,11,11,11,11,12,12,12,13,13,13,14,14,14,15,11,11,11,11,11,12,12,12,12,13,13,14,14,14,15,15,11,11,11,11,11,12,12,12,13,13,13,13,14,14,15,15,16,12,12,12,12,12,12,12,13,13,14,14,14,15,15,15,16,16,12,12,12,12,12,13,13,13,13,14,15,15,15,16,16
13,1,1,3,4,5,6,6,7,10,2,2,1,0,1,1,3,3,4,4,5,6,6,7,2,1,1,4,4,5,6,6,1,1,2,2,3,4,5,5,6,2,2,2,3,3,4,4,5,5,8,2,3,3,4,4,4,5,7,8,4,3,4,4,5,5,6,6,7,8,8,4,3,4,4,6,6,6,7,7,8,8,9,9,10,4,4,4,5,6,6,7,7,8,8,9,9,10,10,5,5,4,6,6,6,7,7,7,8,8,9,9,5,5,5,5,5,6,6,7,7,7,8,8,9,9,11,11,12,6,6,6,6,6,7,7,8,9,9,9,10,11,12,6,6,7,7,7,8,10,12,7,7,7,8,8,9,9,10,11,12,8,8,9,9,10,11,11,11,12,13,8,8,8,8,8,9,9,9,10,10,11,11,11,13,13,8,8,9,9,9,10,10,11,11,11,12,12,9,10,10,11,11,12,12,13,13,10,10,10,10,11,11,11,12,13,14,14,10,10,10,11,11,11,11,12,12,12,13,13,13,14,14,14,11,11,11,11,11,11,12,12,12,12,13,13,14,14,14,15,11,11,11,11,11,11,12,12,12,13,13,13,14,14,14,15,15,12,12,12,12,12,12,12,13,13,13,14,14,14,15,15,15,16,12,12,12,12,12,12,13,13,13,14,14,15,15,15,16
14,2,1,3,3,4,5,6,7,10,3,2,1,1,0,1,2,3,3,4,4,5,6,6,2,1,1,3,4,4,5,6,1,1,1,2,2,3,4,5,5,2,2,2,2,3,3,4,4,5,7,2,2,3,3,4,4,4,6,7,4,3,3,4,4,5,5,6,7,7,8,4,3,3,4,5,6,6,6,7,7,8,8,9,9,4,4,4,5,5,6,6,7,7,8,8,9,9,10,5,5,4,5,6,6,6,7,7,7,8,8,9,6,5,5,5,5,5,6,6,7,7,7,8,8,9,10,11,11,6,6,6,6,6,6,7,7,8,9,9,9,11,11,7,6,6,7,7,7,9,12,7,7,7,7,8,8,9,10,11,12,7,8,8,9,10,10,11,11,12,12,8,8,8,8,8,8,9,9,9,10,10,11,11,12,13,8,8,9,9,9,9,10,10,11,11,11,12,9,10,10,10,11,11,12,12,13,10,10,10,10,10,11,11,12,13,13,14,10,10,10,10,11,11,11,11,12,12,12,13,13,13,14,14,11,10,11,11,11,11,11,12,12,12,12,13,13,14,14,14,11,11,11,11,11,11,12,12,12,12,13,13,13,14,14,14,15,12,12,12,12,12,12,12,13,13,13,13,14,14,14,15,15,15,12,12,12,12,12,12,12,13,13,14,14,14,15,15,15
15,2,1,2,3,4,4,5,6,9,3,3,2,1,1,0,2,2,3,3,4,4,5,6,3,1,1,3,3,4,4,5,2,1,1,1,2,3,3,4,5,2,2,2,2,2,3,3,4,4,7,2,2,2,3,3,4,4,6,7,4,3,3,3,4,4,5,5,6,7,7,5,3,3,3,5,5,6,6,6,7,7,8,8,9,5,4,4,5,5,5,6,6,7,7,8,8,9,9,6,5,5,5,5,6,6,6,7,7,7,8,8,6,6,5,5,5,5,5,6,6,7,7,7,8,8,10,10,11,6,6,6,6,6,6,6,7,8,8,9,9,10,11,7,7,6,6,7,7,9,11,7,7,7,7,7,8,8,9,10,11,7,7,8,8,9,10,10,11,11,12,8,8,8,8,8,8,9,9,9,9,10,10,11,12,12,9,8,8,9,9,9,9,10,10,11,11,11,9,9,10,10,10,11,11,12,12,9,10,10,10,10,10,11,12,12,13,13,10,10,10,10,10,11,11,11,11,12,12,12,13,13,13,14,11,10,10,11,11,11,11,11,12,12,12,13,13,13,14,14,11,11,11,11,11,11,11,12,12,12,12,13,13,13,14,14,14,12,12,12,12,12,12,12,12,13,13,13,13,14,14,14,15,15,12,12,12,12,12,12,12,12,13,14,14,14,14,15,15
16,4,2,1,1,2,3,3,4,8,5,4,3,3,2,2,0,1,1,2,2,3,3,4,4,3,2,1,2,2,3,3,3,2,2,2,1,2,2,2,3,3,2,2,2,2,2,2,2,3,5,4,2,2,2,2,2,3,4,5,6,3,3,3,3,3,4,4,5,5,6,6,4,3,3,4,4,4,5,5,6,6,6,7,7,6,4,4,4,4,4,5,5,5,6,6,7,7,8,7,6,5,4,5,5,5,5,6,6,6,7,7,7,7,6,5,5,5,5,5,5,6,6,6,7,7,8,9,9,7,7,6,6,6,6,6,6,7,7,7,8,9,9,8,7,6,6,6,6,8,10,8,7,7,7,7,7,7,8,9,10,7,7,7,8,8,9,9,9,10,11,9,8,8,8,8,8,8,8,8,9,9,9,9,11,11,9,9,8,8,8,9,9,9,9,10,10,10,10,9,9,9,10,10,10,11,11,9,9,9,9,10,10,10,11,11,12,12,10,10,10,10,10,10,10,10,11,11,11,11,12,12,12,13,12,11,11,10,10,11,11,11,11,11,11,12,12,12,13,13,12,12,11,11,11,11,11,11,11,11,12,12,12,13,13,13,13,13,12,12,12,12,12,12,12,12,12,12,13,13,13,13,14,14,13,12,12,12,12,12,12,12,12,13,13,13,14,14,14
17,4,3,1,1,2,2,3,4,7,6,5,4,3,3,2,1,0,1,1,2,2,3,3,5,3,3,1,1,2,2,3,3,3,2,2,1,1,2,2,2,3,3,2,2,2,2,2,2,2,5,4,3,2,2,2,2,2,4,5,6,3,3,3,3,3,3,4,4,5,5,6,4,4,3,3,4,4,4,5,5,6,6,6,7,6,4,4,4,4,4,4,5,5,5,6,6,7,7,7,7,6,4,4,5,5,5,5,6,6,6,7,7,7,6,5,5,5,5,5,5,5,6,6,6,7,8,8,9,8,7,6,6,6,6,6,6,6,7,7,7,9,9,8,8,6,6,6,6,7,9,8,7,7,7,7,7,7,8,9,10,7,7,7,7,8,8,9,9,10,10,9,8,8,8,8,8,8,8,8,8,9,9,9,10,11,9,9,8,8,8,8,9,9,9,9,10,10,10,9,9,9,9,10,10,11,11,9,9,9,9,9,10,10,11,11,11,12,10,10,10,10,10,10,10,10,10,11,11,11,11,12,12,12,12,11,11,11,10,11,11,11,11,11,11,12,12,12,12,13,12,12,11,11,11,11,11,11,11,11,11,12,12,12,13,13,13,13,12,12,12,12,12,12,12,12,12,12,12,13,13,13,13,14,13,13,12,12,12,12,12,12,12,13,13,13,13,14,14
18,5,3,1,1,1,2,2,3,7,6,6,4,4,3,3,1,1,0,1,1,2,2,3,6,4,3,1,1,1,2,2,4,3,3,2,2,1,1,2,2,4,3,3,2,2,2,2,2,2,4,4,3,3,2,2,2,2,4,4,7,4,3,3,3,3,3,3,4,4,5,7,4,4,4,3,3,4,4,4,5,5,6,6,6,7,5,4,4,4,4,4,4,5,5,5,6,6,7,7,7,6,4,4,4,5,5,5,5,6,6,6,8,7,7,5,5,5,5,5,5,5,5,6,6,6,7,8,8,8,8,6,6,6,6,6,6,6,6,7,7,8,9,9,8,6,6,6,6,7,9,9,7,7,7,7,7,7,8,8,9,7,7,7,7,8,8,8,9,9,10,9,9,8,8,8,8,8,8,8,8,8,9,9,10,10,10,9,8,8,8,8,8,9,9,9,9,10,10,9,9,9,9,10,10,10,11,9,9,9,9,9,9,10,10,11,11,11,10,10,10,10,10,10,10,10,10,10,11,11,11,11,12,12,12,11,11,11,10,10,11,11,11,11,11,11,12,12,12,12,12,12,11,11,11,11,11,11,11,11,11,11,12,12,12,13,13,13,12,12,12,12,12,12,12,12,12,12,12,12,13,13,13,13,13,13,12,12,12,12,12,12,12,13,13,13,13,13,14
19,6,4,1,1,1,1,2,3,6,7,6,5,4,4,3,2,1,1,0,1,1,2,2,6,4,4,1,1,1,1,2,5,4,3,3,2,1,1,1,2,4,4,3,3,2,2,2,2,2,4,5,4,3,3,2,2,2,3,4,7,4,4,3,3,3,3,3,4,4,4,7,5,4,4,3,3,3,4,4,4,5,5,6,6,7,5,5,4,4,4,4,4,4,5,5,5,6,6,8,7,6,5,4,4,4,5,5,5,5,6,6,8,8,7,6,5,5,5,5,5,5,5,5,6,6,7,7,8,9,8,6,6,6,6,6,6,6,6,6,7,8,8,9,9,6,6,6,6,7,9,9,7,7,7,7,7,7,7,8,9,7,7,7,7,8,8,8,8,9,9,10,9,8,8,8,8,8,8,8,8,8,8,9,9,10,10,10,8,8,8,8,8,9,9,9,9,9,10,9,9,9,9,9,10,10,10,9,9,9,9,9,9,10,10,11,11,11,10,10,10,10,10,10,10,10,10,10,10,11,11,11,11,12,12,11,11,11,11,10,10,11,11,11,11,11,11,12,12,12,13,12,11,11,11,11,11,11,11,11,11,11,12,12,12,12,13,13,12,12,12,12,12,12,12,12,12,12,12,12,12,13,13,13,13,13,13,12,12,12,12,12,12,12,13,13,13,13,13
20,6,4,2,1,1,1,1,2,6,7,7,6,5,4,4,2,2,1,1,0,1,1,2,7,5,4,1,1,1,1,1,5,5,4,3,2,2,1,1,1,5,4,4,3,3,2,2,2,2,3,5,4,4,3,3,2,2,3,4,8,4,4,4,3,3,3,3,3,4,4,8,5,5,4,3,3,3,3,4,4,4,5,5,6,8,5,5,4,4,4,4,4,4,4,5,5,5,6,8,8,7,5,5,4,4,4,5,5,5,5,6,9,8,7,6,6,5,5,5,5,5,5,5,5,6,7,7,7,9,9,6,6,6,6,6,6,6,6,6,6,7,8,9,9,6,6,6,6,7,8,9,7,7,7,7,7,7,7,8,9,7,7,7,7,7,8,8,8,9,9,10,9,8,8,8,8,8,8,8,8,8,8,8,9,9,10,10,9,8,8,8,8,8,9,9,9,9,11,9,9,9,9,9,9,10,10,10,9,9,9,9,9,9,10,10,11,11,10,10,10,10,10,10,10,10,10,10,10,10,11,11,11,11,13,11,11,11,11,10,10,10,11,11,11,11,11,11,12,12,13,13,12,11,11,11,11,11,11,11,11,11,11,12,12,12,12,14,12,12,12,12,12,12,12,12,12,12,12,12,12,12,13,13,13,13,13,13,12,12,12,12,12,12,12,13,13,13,13
21,7,5,2,2,1,1,1,2,5,8,7,6,6,5,4,3,2,2,1,1,0,1,1,7,6,5,2,1,1,1,1,6,5,5,4,3,2,2,1,1,5,5,4,4,3,3,2,2,2,3,6,4,4,4,3,3,2,2,3,8,5,4,4,3,3,3,3,3,3,4,8,6,5,5,3,3,3,3,3,4,4,4,5,5,8,6,5,4,4,4,4,4,4,4,4,5,5,5,9,8,7,5,5,5,4,4,4,5,5,5,5,9,9,8,6,6,6,5,5,5,5,5,5,5,5,6,7,7,9,9,6,6,6,6,6,6,6,6,6,6,7,7,10,9,7,6,6,6,6,8,10,7,7,7,7,7,7,7,7,8,8,7,7,7,7,7,8,8,8,9,11,9,8,8,8,8,8,8,8,8,8,8,8,9,9,11,10,9,9,8,8,8,8,8,9,9,9,11,9,9,9,9,9,9,10,10,10,10,9,9,9,9,9,10,10,10,11,11,10,10,10,10,10,10,10,10,10,10,10,10,11,11,11,13,11,11,11,11,11,10,10,10,11,11,11,11,11,11,12,13,13,12,12,11,11,11,11,11,11,11,11,11,11,12,12,12,14,13,12,12,12,12,12,12,12,12,12,12,12,12,12,12,13,14,13,13,13,13,12,12,12,12,12,12,12,13,13,13
22,7,6,3,2,1,1,1,1,4,8,8,7,6,6,5,3,3,2,2,1,1,0,1,8,6,6,2,2,1,1,1,6,6,5,5,3,2,2,2,1,6,5,5,4,4,3,3,2,2,2,6,5,4,4,4,3,3,2,3,9,5,5,4,4,3,3,3,3,3,3,9,6,6,5,4,3,3,3,3,3,4,4,4,5,9,6,6,4,4,4,4,4,4,4,4,4,5,5,9,9,7,5,5,5,5,4,4,4,5,5,5,10,9,8,7,6,6,6,5,5,5,5,5,5,5,6,6,7,10,9,7,6,6,6,6,6,6,6,6,6,7,7,10,10,7,7,6,6,6,7,10,7,7,7,7,7,7,7,7,8,8,8,7,7,7,7,7,8,8,8,11,10,9,8,8,8,8,8,8,8,8,8,8,9,9,11,11,9,9,9,8,8,8,8,8,9,9,11,9,9,9,9,9,9,9,10,10,10,10,9,9,9,9,10,10,10,10,11,10,10,10,10,10,10,10,10,10,10,10,10,10,11,11,13,12,11,11,11,11,11,10,10,10,11,11,11,11,11,11,13,13,12,12,12,11,11,11,11,11,11,11,11,11,11,12,12,14,13,13,12,12,12,12,12,12,12,12,12,12,12,12,12,12,14,14,13,13,13,13,12,12,12,12,12,12,12,13,13
23,8,6,3,3,2,1,1,1,4,9,8,7,7,6,6,4,3,3,2,2,1,1,0,8,7,6,3,2,2,1,1,7,6,6,5,4,3,2,2,2,6,6,5,5,4,4,3,3,2,2,7,5,5,4,4,4,3,2,2,9,6,5,5,4,4,3,3,3,3,3,9,6,6,6,4,4,3,3,3,3,3,4,4,4,9,7,6,5,4,4,4,4,4,4,4,4,4,5,10,9,8,6,5,5,5,5,4,4,4,5,5,10,10,9,7,7,6,6,5,5,5,5,5,5,5,6,6,6,10,10,7,7,6,6,6,6,6,6,6,6,6,7,11,10,7,7,7,6,6,7,11,8,7,7,7,7,7,7,7,8,8,8,7,7,7,7,7,7,8,8,11,10,9,9,8,8,8,8,8,8,8,8,8,8,9,11,11,9,9,9,8,8,8,8,8,8,9,12,9,9,9,9,9,9,9,9,10,10,10,10,9,9,9,9,10,10,10,11,11,10,10,10,10,10,10,10,10,10,10,10,10,10,11,14,12,12,11,11,11,11,11,10,10,10,11,11,11,11,11,14,13,12,12,12,11,11,11,11,11,11,11,11,11,11,11,12,15,13,13,13,12,12,12,12,12,12,12,12,12,12,12,12,12,14,14,13,13,13,13,13,12,12,12,12,12,12,12,13
24,1,2,5,6,7,7,8,9,12,1,1,1,2,2,3,4,5,6,6,7,7,8,8,0,2,2,6,6,7,7,8,2,2,3,3,4,6,6,7,7,2,3,3,4,5,5,6,6,7,9,2,4,4,5,5,6,6,8,9,2,4,4,5,6,6,7,7,9,9,10,3,4,4,5,7,7,8,8,9,9,10,10,11,11,3,4,5,6,7,7,8,8,9,9,10,10,11,11,4,4,4,6,7,7,8,8,9,9,10,10,11,4,4,5,6,6,6,7,7,8,8,9,9,10,10,12,12,13,5,5,6,7,7,7,8,9,10,10,11,11,13,13,6,6,7,7,8,9,11,13,6,7,8,8,9,9,10,11,12,14,8,8,9,10,11,11,12,12,13,14,7,7,8,8,9,9,10,10,11,11,11,12,12,14,14,8,8,9,9,9,10,11,11,12,12,13,13,8,10,11,11,12,12,13,14,14,10,10,10,11,11,11,12,13,14,15,15,10,10,11,11,11,11,12,12,12,13,13,14,14,14,15,15,10,10,10,11,11,12,12,12,13,13,13,14,14,15,15,16,10,10,11,11,11,12,12,12,13,13,13,14,14,15,15,16,16,11,11,11,11,12,12,12,13,13,14,14,14,15,15,16,16,16,12,12,12,12,12,12,13,13,13,15,15,15,16,16,16
25,2,1,3,4,5,6,6,7,11,2,2,1,1,1,1,3,3,4,4,5,6,6,7,2,0,1,4,4,5,6,6,1,1,1,2,3,4,4,5,6,1,2,2,2,3,3,4,5,5,8,2,2,3,3,4,4,5,7,8,3,3,3,4,4,5,5,6,7,7,8,4,3,3,4,5,6,6,7,7,8,8,9,9,10,4,3,4,5,6,6,6,7,7,8,8,9,9,10,4,4,4,5,5,6,6,7,7,8,8,9,9,5,5,4,5,5,5,6,6,7,7,7,8,8,9,10,11,11,5,5,5,6,6,6,7,7,8,9,9,10,11,12,6,6,6,6,7,7,9,12,6,7,7,7,7,8,9,10,11,12,7,7,8,9,10,10,11,11,12,12,7,7,7,8,8,8,9,9,9,10,10,11,11,12,13,8,8,8,8,9,9,9,10,11,11,11,12,8,9,10,10,11,11,12,12,13,9,9,10,10,10,10,11,12,13,13,14,9,10,10,10,10,11,11,11,11,12,12,12,13,13,14,14,10,10,10,10,10,11,11,11,12,12,12,13,13,14,14,14,11,11,11,11,11,11,11,12,12,12,12,13,13,14,14,14,15,11,11,11,11,11,11,12,12,13,13,13,13,14,14,14,15,15,12,12,12,12,12,12,12,12,12,14,14,14,15,15,15
26,2,1,3,3,5,5,6,7,10,3,2,1,1,1,1,2,3,3,4,4,5,6,6,2,1,0,3,4,4,5,6,1,1,1,1,2,3,4,4,5,1,1,2,2,2,3,3,4,5,7,2,2,2,3,3,4,4,6,7,4,2,3,3,4,4,5,5,6,7,7,4,3,3,3,5,5,6,6,7,7,8,8,9,9,4,3,3,5,5,6,6,6,7,7,8,8,9,9,5,4,4,5,5,5,6,6,7,7,8,8,9,5,5,5,5,5,5,5,6,6,7,7,7,8,8,10,10,11,6,5,5,5,6,6,6,7,8,8,9,9,11,11,6,6,6,6,6,7,9,11,6,6,7,7,7,8,8,9,10,12,7,7,8,8,9,10,10,11,11,12,7,7,7,7,8,8,8,9,9,9,10,10,11,12,12,8,8,8,8,8,9,9,10,10,11,11,11,8,9,9,10,10,11,11,12,12,9,9,9,10,10,10,11,12,12,13,13,9,10,10,10,10,10,11,11,11,11,12,12,12,13,13,14,10,10,10,10,10,11,11,11,11,12,12,13,13,13,14,14,11,11,10,11,11,11,11,11,12,12,12,12,13,13,14,14,14,11,11,11,11,11,11,11,12,12,13,13,13,13,14,14,14,15,12,12,12,12,12,12,12,12,12,13,14,14,14,15,15
27,5,3,1,1,2,2,2,3,7,6,6,4,4,3,3,1,1,1,1,1,2,2,3,6,4,3,0,1,1,2,2,4,3,3,2,1,1,1,1,2,3,3,2,2,2,1,1,1,2,4,4,3,2,2,2,2,2,3,4,6,3,3,2,2,2,2,3,4,4,4,7,4,4,3,3,3,3,4,4,4,5,5,6,6,6,4,4,3,3,3,4,4,4,5,5,6,6,6,7,7,5,4,4,4,4,4,4,5,5,5,6,7,7,6,5,5,5,4,4,5,5,5,5,6,6,7,7,8,8,7,5,5,5,5,5,5,6,6,6,7,8,8,8,8,6,6,6,6,7,9,8,6,6,6,6,6,6,7,8,9,7,7,7,7,7,8,8,8,9,9,9,8,7,7,7,7,7,7,7,8,8,8,8,9,10,9,9,8,8,8,8,8,8,8,9,9,9,10,8,8,9,9,9,9,10,10,9,9,9,9,9,9,9,10,10,11,11,10,9,9,9,9,9,9,10,10,10,10,10,11,11,11,11,12,10,10,10,10,10,10,10,10,10,10,11,11,11,12,12,12,12,11,11,11,10,10,11,11,11,11,11,11,12,12,12,12,13,11,11,11,11,11,11,11,11,11,11,12,12,12,12,13,13,12,12,12,12,12,12,12,12,12,12,12,12,13,13,13
28,6,4,2,1,1,2,2,3,6,7,6,5,4,4,3,2,1,1,1,1,1,2,2,6,4,4,1,0,1,1,2,4,4,3,3,2,1,1,1,1,4,3,3,2,2,2,1,1,1,3,5,3,3,2,2,2,2,3,4,7,4,3,3,2,2,2,2,3,4,4,7,4,4,4,3,3,3,3,4,4,4,5,5,6,7,5,4,3,3,3,3,4,4,4,5,5,6,6,8,7,6,4,4,4,4,4,4,4,5,5,5,8,7,7,5,5,5,5,4,4,5,5,5,5,6,7,7,7,8,8,5,5,5,5,5,5,5,6,6,6,7,8,9,8,6,6,6,6,6,8,9,6,6,6,6,6,6,7,7,9,7,7,7,7,7,7,8,8,9,9,9,8,7,7,7,7,7,7,7,7,8,8,8,9,9,9,9,8,8,8,8,8,8,8,8,9,9,10,8,8,8,9,9,9,10,10,9,9,9,9,9,9,9,10,10,10,11,10,9,9,9,9,9,9,9,10,10,10,10,10,11,11,11,12,10,10,10,10,10,10,10,10,10,10,11,11,11,11,12,12,12,11,11,11,11,10,10,11,11,11,11,11,11,12,12,12,13,12,11,11,11,11,11,11,11,11,11,11,12,12,12,12,13,13,12,12,12,12,12,12,12,12,12,12,12,12,13,13
29,6,5,2,2,1,1,2,2,6,7,7,6,5,4,4,2,2,1,1,1,1,1,2,7,5,4,1,1,0,1,1,5,4,4,3,2,1,1,1,1,5,4,3,3,2,2,2,1,1,3,5,4,3,3,2,2,2,2,3,7,4,4,3,2,2,2,2,3,3,4,8,5,4,4,3,3,3,3,3,4,4,4,5,5,7,5,5,3,3,3,3,3,4,4,4,5,5,6,8,8,6,4,4,4,4,4,4,4,4,5,5,8,8,7,6,5,5,5,4,4,4,5,5,5,5,6,7,7,9,8,6,5,5,5,5,5,5,5,6,6,7,7,9,9,6,6,6,6,6,8,9,6,6,6,6,6,6,7,7,8,7,7,7,7,7,7,7,8,8,9,10,9,8,7,7,7,7,7,7,7,7,8,8,9,9,10,9,8,8,8,8,8,8,8,8,8,9,10,8,8,8,8,9,9,9,10,9,9,9,9,9,9,9,9,10,10,10,10,10,9,9,9,9,9,9,9,10,10,10,10,10,11,11,12,11,10,10,10,10,10,10,10,10,10,10,11,11,11,11,12,12,11,11,11,11,10,10,10,11,11,11,11,11,11,12,12,13,12,12,11,11,11,11,11,11,11,11,11,11,12,12,12,12,13,13,12,12,12,12,12,12,12,12,12,12,12,12,13
30,7,5,2,2,1,1,1,2,5,8,7,6,6,5,4,3,2,2,1,1,1,1,1,7,6,5,2,1,1,0,1,6,5,4,4,3,2,1,1,1,5,5,4,3,3,2,2,2,1,2,6,4,4,3,3,2,2,2,3,8,4,4,4,3,2,2,2,2,3,3,8,5,5,4,3,3,3,3,3,3,4,4,4,5,8,6,5,4,3,3,3,3,3,4,4,4,5,5,9,8,7,4,4,4,4,4,4,4,4,4,5,9,8,7,6,6,5,5,5,4,4,4,5,5,5,6,6,7,9,9,6,6,5,5,5,5,5,5,5,6,7,7,9,9,6,6,6,6,6,7,9,7,6,6,6,6,6,6,7,8,7,7,7,7,7,7,7,7,8,8,10,9,8,8,7,7,7,7,7,7,7,7,8,8,9,10,10,8,8,8,8,8,8,8,8,8,8,11,8,8,8,8,9,9,9,9,9,9,9,9,9,9,9,9,10,10,10,10,10,10,9,9,9,9,9,9,9,10,10,10,10,10,11,13,11,11,10,10,10,10,10,10,10,10,10,10,11,11,11,13,12,11,11,11,11,11,10,10,10,11,11,11,11,11,11,12,13,12,12,12,11,11,11,11,11,11,11,11,11,11,12,12,12,13,13,12,12,12,12,12,12,12,12,12,12,12,12,12
31,7,6,3,2,2,1,1,2,5,8,8,7,6,6,5,3,3,2,2,1,1,1,1,8,6,6,2,2,1,1,0,6,6,5,4,3,2,2,1,1,6,5,5,4,3,3,2,2,2,2,6,5,4,4,3,3,2,2,2,9,5,4,4,3,3,2,2,2,2,3,9,6,5,5,3,3,3,3,3,3,3,4,4,4,8,6,6,4,4,3,3,3,3,3,4,4,4,5,9,9,7,5,4,4,4,4,4,4,4,4,4,9,9,8,6,6,6,5,5,5,4,4,4,5,5,6,6,6,10,9,6,6,6,5,5,5,5,5,5,5,6,7,10,9,6,6,6,6,6,7,10,7,7,6,6,6,6,6,7,7,7,7,7,7,7,7,7,7,8,8,11,9,8,8,8,7,7,7,7,7,7,7,7,8,8,11,10,8,8,8,8,8,8,8,8,8,8,11,8,8,8,8,8,9,9,9,9,9,9,9,9,9,9,9,9,10,10,10,10,10,10,9,9,9,9,9,9,9,10,10,10,10,10,13,11,11,11,10,10,10,10,10,10,10,10,10,10,11,11,13,13,12,11,11,11,11,11,10,10,10,11,11,11,11,11,11,14,12,12,12,12,11,11,11,11,11,11,11,11,11,11,12,12,13,13,13,12,12,12,12,12,12,12,12,12,12,12,12
32,2,2,4,4,5,6,6,7,11,2,2,1,1,1,2,3,3,4,5,5,6,6,7,2,1,1,4,4,5,6,6,0,1,1,2,3,4,4,5,6,1,1,2,2,3,3,4,4,5,8,1,2,2,3,3,4,5,7,8,3,2,3,3,4,5,5,6,7,7,8,3,2,3,3,5,5,6,6,7,7,8,9,9,10,3,3,3,5,5,6,6,7,7,8,8,9,9,10,4,4,3,5,5,6,6,6,7,7,8,8,9,4,4,4,4,4,5,5,6,6,7,7,8,8,9,10,11,11,5,5,5,5,5,6,6,7,8,8,9,9,11,11,5,5,6,6,6,7,9,12,6,6,6,7,7,8,8,9,10,12,7,7,8,8,9,10,10,11,12,12,7,7,7,7,7,8,8,9,9,9,10,10,11,12,12,7,7,8,8,8,9,9,10,10,11,11,11,8,9,9,10,10,11,11,12,13,9,9,9,9,10,10,11,12,12,13,13,9,9,9,10,10,10,10,11,11,11,12,12,12,13,13,14,10,9,9,10,10,10,11,11,11,11,12,12,13,13,14,14,10,10,10,10,10,10,11,11,11,12,12,12,13,13,14,14,14,11,10,11,11,11,11,11,12,12,12,13,13,13,14,14,14,15,11,11,11,11,11,11,11,12,12,13,13,14,14,14,15
33,2,2,3,4,5,5,6,7,10,3,2,2,1,1,1,2,3,3,4,5,5,6,6,2,1,1,3,4,4,5,6,1,0,1,1,2,3,4,4,5,1,1,1,2,2,3,3,4,4,7,1,2,2,2,3,3,4,6,7,3,2,2,3,4,4,5,5,6,7,7,4,2,2,3,4,5,5,6,6,7,7,8,9,9,4,3,3,4,5,5,6,6,7,7,8,8,9,9,4,4,3,4,5,5,6,6,6,7,7,8,8,5,4,4,4,4,4,5,5,6,6,7,7,8,8,10,10,11,5,5,5,5,5,6,6,7,7,8,8,9,10,11,6,5,5,6,6,7,9,11,6,6,6,6,7,7,8,9,10,11,6,7,7,8,9,9,10,10,11,12,7,7,7,7,7,7,8,8,9,9,9,10,10,11,12,7,7,7,8,8,8,9,9,10,10,11,11,8,9,9,9,10,11,11,12,12,9,9,9,9,9,10,10,11,12,12,13,9,9,9,9,10,10,10,10,11,11,11,12,12,12,13,13,10,9,9,9,10,10,10,11,11,11,11,12,12,13,13,14,10,10,10,10,10,10,11,11,11,11,12,12,13,13,13,14,14,11,10,10,11,11,11,11,12,12,12,12,13,13,13,14,14,14,11,11,11,11,11,11,11,11,12,13,13,13,14,14,14
34,3,2,3,3,4,5,5,6,9,3,3,2,2,1,1,2,2,3,3,4,5,5,6,3,1,1,3,3,4,4,5,1,1,0,1,2,3,3,4,4,1,1,1,1,2,2,3,3,4,7,2,1,2,2,2,3,3,6,7,4,2,2,2,3,4,4,5,6,6,7,4,2,2,2,4,4,5,5,6,6,7,7,8,9,4,3,3,4,4,5,5,6,6,7,7,8,8,9,5,4,3,4,4,5,5,6,6,6,7,7,8,5,5,4,4,4,4,4,5,5,6,6,7,7,8,9,10,10,6,5,5,5,5,5,6,6,7,7,8,8,10,10,6,6,5,5,6,6,8,11,6,6,6,6,6,7,7,9,9,11,6,6,7,7,9,9,9,10,11,11,7,7,7,7,7,7,8,8,8,9,9,9,10,11,11,7,7,7,7,8,8,8,9,9,10,10,11,8,8,9,9,9,10,11,11,12,8,9,9,9,9,9,10,11,12,12,12,9,9,9,9,9,10,10,10,10,11,11,11,12,12,12,13,10,9,9,9,10,10,10,10,11,11,11,12,12,12,13,13,10,10,10,10,10,10,10,11,11,11,11,12,12,13,13,13,14,11,10,10,10,11,11,11,11,12,12,12,12,13,13,13,14,14,11,11,11,11,11,11,11,11,11,13,13,13,13,14,14
35,3,2,2,3,4,4,5,6,9,4,3,2,2,2,1,2,2,2,3,3,4,5,5,3,2,1,2,3,3,4,4,2,1,1,0,1,2,3,3,4,1,1,1,1,1,2,2,3,3,6,2,1,1,2,2,2,3,5,6,4,2,2,2,3,3,4,4,5,6,6,4,2,2,2,4,4,4,5,5,6,6,7,7,8,4,3,3,4,4,4,5,5,6,6,7,7,8,8,5,5,4,4,4,4,5,5,6,6,6,7,7,5,5,4,4,4,4,4,5,5,5,6,6,7,7,9,9,10,6,6,4,5,5,5,5,6,7,7,7,8,9,10,6,6,5,5,5,6,8,10,6,6,6,6,6,7,7,8,9,10,6,6,7,7,8,9,9,9,10,11,7,7,7,7,7,7,7,8,8,8,9,9,9,11,11,8,7,7,7,7,8,8,9,9,9,10,10,8,8,8,9,9,10,10,11,11,8,8,9,9,9,9,10,11,11,12,12,9,9,9,9,9,9,10,10,10,10,11,11,11,12,12,12,10,9,9,9,9,10,10,10,10,11,11,11,12,12,12,13,10,10,10,10,10,10,10,10,11,11,11,11,12,12,13,13,13,11,11,10,10,10,11,11,11,11,12,12,12,12,13,13,13,14,11,11,11,11,11,11,11,11,11,12,13,13,13,13,14
36,4,3,2,2,3,3,4,5,8,5,5,3,3,2,2,1,1,2,2,2,3,3,4,4,3,2,1,2,2,3,3,3,2,2,1,0,1,2,2,3,2,2,1,1,1,1,1,2,2,5,3,2,1,1,1,2,2,4,5,5,2,2,2,2,2,3,3,4,5,5,5,3,2,2,3,3,4,4,4,5,5,6,6,7,5,3,3,3,3,4,4,4,5,5,6,6,7,7,6,6,4,3,3,4,4,4,5,5,6,6,6,6,6,5,4,4,4,4,4,4,5,5,5,6,6,8,8,9,7,6,4,4,4,5,5,5,6,6,7,7,8,9,7,7,5,5,5,5,7,9,7,6,6,6,6,6,6,7,8,9,6,6,6,7,7,8,8,9,9,10,8,7,7,7,7,7,7,7,7,8,8,8,9,10,10,8,8,7,7,7,7,8,8,8,9,9,9,9,8,8,8,9,9,9,10,11,8,8,8,8,9,9,9,10,11,11,11,9,9,9,9,9,9,9,9,10,10,10,10,11,11,11,12,11,9,9,9,9,9,10,10,10,10,10,11,11,11,12,12,11,11,10,10,10,10,10,10,10,10,11,11,11,12,12,12,13,12,11,11,11,10,10,11,11,11,11,11,12,12,12,12,13,13,11,11,11,11,11,11,11,11,11,12,12,12,13,13,13
37,5,4,2,2,2,2,3,4,7,6,6,5,4,3,3,2,1,1,1,2,2,2,3,6,4,3,1,1,1,2,2,4,3,3,2,1,0,1,1,2,3,3,2,2,1,1,1,1,1,4,4,2,2,2,1,1,1,3,4,6,3,2,2,2,2,2,2,3,4,4,6,4,3,3,2,2,3,3,4,4,4,5,5,6,6,4,4,3,3,3,3,4,4,4,5,5,6,6,7,6,5,3,3,3,3,4,4,4,5,5,6,7,7,6,4,4,4,4,4,4,4,4,5,5,5,7,7,8,7,7,5,5,4,4,4,5,5,6,6,6,7,8,8,7,5,5,5,5,6,8,8,6,6,6,6,6,6,7,7,9,6,6,6,6,7,7,7,8,9,9,9,8,7,7,7,7,7,7,7,7,7,8,8,9,9,9,8,7,7,7,7,7,8,8,8,8,9,9,8,8,8,8,9,9,9,10,8,8,8,8,8,8,9,9,10,10,11,9,9,9,9,9,9,9,9,9,9,10,10,10,10,11,11,11,10,10,9,9,9,9,9,10,10,10,10,11,11,11,11,11,11,10,10,10,10,10,10,10,10,10,10,11,11,11,12,12,12,11,11,11,11,11,10,11,11,11,11,11,11,12,12,12,12,12,12,11,11,11,11,11,11,11,11,12,12,12,12,13
38,6,4,2,2,2,2,2,3,6,7,6,5,5,4,3,2,2,1,1,1,2,2,2,6,4,4,1,1,1,1,2,4,4,3,3,2,1,0,1,1,4,3,3,2,2,1,1,1,1,3,5,3,2,2,2,1,1,2,3,7,3,3,2,2,2,2,2,3,3,4,7,4,4,3,2,2,2,3,3,4,4,4,5,5,7,4,4,3,3,3,3,3,4,4,4,5,5,6,7,7,6,3,3,3,3,3,4,4,4,5,5,8,7,6,5,4,4,4,4,4,4,4,4,5,5,6,7,7,8,7,5,5,5,4,4,5,5,5,5,6,7,7,8,8,5,5,5,5,6,8,8,6,6,6,6,6,6,6,7,8,6,6,6,6,7,7,7,7,8,9,9,8,7,7,7,7,7,7,7,7,7,7,8,9,9,9,9,7,7,7,7,7,7,8,8,8,8,9,8,8,8,8,8,9,9,9,8,8,8,8,8,8,9,9,10,10,10,9,9,9,9,9,9,9,9,9,9,9,10,10,10,10,11,11,10,10,10,9,9,9,9,9,10,10,10,10,11,11,11,12,11,10,10,10,10,10,10,10,10,10,10,11,11,11,11,12,12,11,11,11,11,11,10,11,11,11,11,11,11,11,12,12,12,12,12,11,11,11,11,11,11,11,11,11,12,12,12,12
39,6,5,2,2,2,2,2,3,6,7,7,6,5,5,4,2,2,2,1,1,1,2,2,7,5,4,1,1,1,1,1,5,4,4,3,2,1,1,0,1,4,4,3,3,2,2,1,1,1,3,5,3,3,2,2,2,1,2,3,7,4,3,3,2,2,2,2,2,3,3,7,4,4,4,2,2,2,2,3,3,4,4,4,5,7,5,4,3,3,3,3,3,3,4,4,4,5,5,8,7,6,4,3,3,3,3,3,4,4,4,5,8,8,7,5,5,4,4,4,4,4,4,4,4,5,6,6,7,8,8,5,5,5,5,4,4,5,5,5,6,7,7,9,8,5,5,5,5,6,7,9,6,6,6,6,6,6,6,7,8,6,6,6,6,6,7,7,7,8,8,9,8,7,7,7,7,7,7,7,7,7,7,7,8,9,9,9,7,7,7,7,7,7,7,8,8,8,10,8,8,8,8,8,8,9,9,9,8,8,8,8,8,8,9,9,10,10,9,9,9,9,9,9,9,9,9,9,9,9,10,10,10,10,12,10,10,10,9,9,9,9,9,9,10,10,10,10,11,11,12,12,11,10,10,10,10,10,10,10,10,10,10,11,11,11,11,13,11,11,11,11,11,11,10,11,11,11,11,11,11,11,12,12,12,12,12,11,11,11,11,11,11,11,11,11,12,12,12
40,7,5,3,2,2,2,2,2,5,8,7,6,6,5,5,3,2,2,2,1,1,1,2,7,6,5,2,1,1,1,1,6,5,4,4,3,2,1,1,0,5,4,4,3,3,2,2,1,1,2,6,4,3,3,2,2,2,2,2,8,4,4,3,2,2,2,2,2,2,3,8,5,4,4,2,2,2,2,2,3,3,4,4,4,8,5,5,3,3,3,3,3,3,3,4,4,4,5,8,8,6,4,4,3,3,3,3,3,4,4,4,9,8,7,5,5,5,4,4,4,4,4,4,4,4,5,6,6,9,8,6,5,5,5,5,4,5,5,5,5,6,7,9,9,6,5,5,5,5,7,9,6,6,6,6,6,6,6,6,7,7,6,6,6,6,6,7,7,7,8,10,9,7,7,7,7,7,7,7,7,7,7,7,8,8,10,9,8,7,7,7,7,7,7,7,8,8,10,8,8,8,8,8,8,9,9,9,9,8,8,8,8,8,9,9,9,10,10,9,9,9,9,9,9,9,9,9,9,9,9,10,10,10,12,10,10,10,10,9,9,9,9,9,9,10,10,10,10,11,12,12,11,11,10,10,10,10,10,10,10,10,10,10,11,11,11,13,12,11,11,11,11,11,10,10,11,11,11,11,11,11,11,12,13,12,12,12,11,11,11,11,11,11,11,11,11,12,12
41,3,2,4,4,5,5,6,7,10,3,3,2,2,2,2,3,3,4,4,5,5,6,6,2,1,1,3,4,5,5,6,1,1,1,1,2,3,4,4,5,0,1,1,2,2,3,3,4,4,7,1,1,2,2,3,3,4,6,7,3,2,2,2,3,4,5,5,6,7,7,3,2,2,2,4,5,5,6,6,7,7,8,8,9,3,2,2,4,4,5,5,6,6,7,7,8,9,9,4,4,3,4,4,5,5,6,6,7,7,8,8,4,4,3,3,4,4,4,5,6,6,6,7,7,8,9,10,10,5,4,4,4,5,5,5,6,7,8,8,9,10,11,5,5,5,5,6,6,8,11,5,5,6,6,6,7,7,9,10,11,6,6,7,7,9,9,9,10,11,11,6,6,6,6,7,7,7,8,8,9,9,9,10,11,12,7,7,7,7,7,8,8,9,9,10,10,11,7,8,8,9,9,10,11,11,12,8,8,8,9,9,9,10,11,12,12,13,8,9,9,9,9,9,10,10,10,11,11,11,12,12,12,13,9,9,9,9,9,10,10,10,10,11,11,12,12,12,13,13,10,9,9,9,9,10,10,10,11,11,11,11,12,12,13,13,14,10,10,10,10,10,10,10,11,11,12,12,12,13,13,13,14,14,11,10,10,11,11,11,11,11,11,12,13,13,13,14,14
42,3,2,3,4,4,5,5,6,10,4,3,2,2,2,2,2,3,3,4,4,5,5,6,3,2,1,3,3,4,5,5,1,1,1,1,2,3,3,4,4,1,0,1,1,2,2,3,3,4,7,1,1,1,2,2,3,3,6,7,3,1,2,2,3,3,4,5,6,6,7,4,2,2,2,4,4,5,5,6,6,7,7,8,8,4,2,2,4,4,4,5,5,6,6,7,7,8,9,4,4,3,4,4,4,5,5,6,6,7,7,8,5,4,4,3,3,4,4,5,5,6,6,6,7,7,9,9,10,5,5,4,4,4,5,5,6,7,7,8,8,10,10,6,5,5,5,5,6,8,10,6,5,5,6,6,7,7,8,9,11,6,6,7,7,8,9,9,9,10,11,7,6,6,6,6,7,7,7,8,8,9,9,9,11,11,7,7,7,7,7,8,8,9,9,9,10,10,7,8,8,9,9,10,10,11,11,8,8,8,8,9,9,9,11,11,12,12,8,8,9,9,9,9,9,10,10,10,11,11,11,12,12,12,9,9,9,9,9,9,10,10,10,10,11,11,12,12,12,13,10,10,9,9,9,10,10,10,10,11,11,11,12,12,12,13,13,10,10,10,10,10,10,10,11,11,11,12,12,12,13,13,13,14,11,11,10,10,11,11,11,11,11,12,12,13,13,13,14
43,4,2,3,3,4,4,5,6,9,4,4,3,2,2,2,2,2,3,3,4,4,5,5,3,2,2,2,3,3,4,5,2,1,1,1,1,2,3,3,4,1,1,0,1,1,2,2,3,3,6,2,1,1,1,2,2,3,5,6,4,1,1,2,2,3,3,4,5,6,6,4,2,2,2,3,4,4,5,5,6,6,7,7,8,4,2,2,3,4,4,4,5,5,6,6,7,7,8,5,4,3,3,4,4,4,5,5,6,6,7,7,5,5,4,3,3,3,4,4,5,5,6,6,6,7,8,9,9,5,5,4,4,4,4,5,5,6,7,7,8,9,10,6,6,5,5,5,6,7,10,6,5,5,5,6,6,7,8,9,10,6,6,6,7,8,8,9,9,10,10,7,6,6,6,6,6,7,7,7,8,8,9,9,10,11,7,7,7,7,7,7,8,8,9,9,9,10,8,8,8,8,9,9,10,11,11,8,8,8,8,8,9,9,10,11,11,12,8,8,8,9,9,9,9,9,10,10,10,11,11,11,12,12,10,9,9,9,9,9,9,10,10,10,10,11,11,12,12,12,10,10,9,9,9,9,10,10,10,10,11,11,11,12,12,12,13,11,10,10,10,10,10,10,11,11,11,11,12,12,12,13,13,13,11,11,10,10,10,11,11,11,11,12,12,12,13,13,13
44,4,3,2,3,4,4,4,5,9,5,4,3,3,2,2,2,2,2,3,3,4,4,5,4,2,2,2,2,3,3,4,2,2,1,1,1,2,2,3,3,2,1,1,0,1,1,2,2,3,6,2,1,1,1,1,2,2,4,6,5,1,1,1,2,2,3,3,5,5,6,5,2,2,2,3,3,4,4,5,5,6,6,7,7,4,2,2,3,3,4,4,4,5,5,6,6,7,7,5,5,4,3,3,4,4,4,5,5,6,6,7,6,5,4,3,3,3,3,4,4,5,5,6,6,6,8,8,9,6,5,4,4,4,4,4,5,6,6,7,7,9,9,6,6,4,5,5,5,7,9,6,5,5,5,5,6,6,7,8,10,6,6,6,6,7,8,8,9,9,10,7,6,6,6,6,6,7,7,7,7,8,8,9,10,10,7,7,7,7,7,7,7,8,8,9,9,9,8,7,8,8,8,9,9,10,11,8,8,8,8,8,8,9,10,11,11,11,8,8,8,8,9,9,9,9,9,10,10,10,11,11,11,12,10,9,9,9,9,9,9,9,10,10,10,11,11,11,12,12,10,10,9,9,9,9,10,10,10,10,10,11,11,11,12,12,12,11,10,10,10,10,10,10,10,11,11,11,11,12,12,12,13,13,11,11,11,10,10,10,11,11,11,12,12,12,12,13,13
45,4,3,2,2,3,4,4,5,8,5,5,4,3,3,2,2,2,2,2,3,3,4,4,5,3,2,2,2,2,3,3,3,2,2,1,1,1,2,2,3,2,2,1,1,0,1,1,2,2,5,3,1,1,1,1,1,2,4,5,5,2,1,1,2,2,2,3,4,5,5,5,2,2,2,2,3,3,4,4,5,5,6,6,7,5,3,2,2,3,3,4,4,4,5,5,6,6,7,6,5,4,3,3,3,4,4,4,5,5,6,6,6,6,5,3,3,3,3,4,4,4,5,5,6,6,7,8,8,6,6,4,4,4,4,4,5,5,6,6,7,8,9,7,6,4,4,5,5,7,9,7,5,5,5,5,6,6,7,8,9,6,6,6,6,7,7,8,8,9,9,7,7,6,6,6,6,6,7,7,7,7,8,8,9,10,8,7,7,7,7,7,7,8,8,8,9,9,8,7,7,8,8,9,9,10,10,8,8,8,8,8,8,9,9,10,11,11,8,8,8,8,8,9,9,9,9,9,10,10,10,11,11,11,10,9,9,9,9,9,9,9,9,10,10,10,11,11,11,12,10,10,9,9,9,9,9,10,10,10,10,10,11,11,11,12,12,11,10,10,10,10,10,10,10,10,11,11,11,11,12,12,12,13,11,11,11,11,10,10,10,11,11,11,12,12,12,12,13
46,5,4,2,2,3,3,4,4,7,6,5,4,4,3,3,2,2,2,2,2,3,3,4,5,3,3,1,2,2,2,3,3,3,2,2,1,1,1,2,2,3,2,2,1,1,0,1,1,2,4,3,2,1,1,1,1,1,3,4,6,2,2,1,1,2,2,2,3,4,5,6,3,2,2,2,2,3,3,4,4,5,5,6,6,5,3,3,2,2,3,3,4,4,4,5,5,6,6,6,6,4,3,3,3,3,4,4,4,5,5,6,6,6,5,4,3,3,3,3,4,4,4,5,5,6,7,7,8,7,6,4,4,4,4,4,4,5,5,6,6,8,8,7,7,4,4,4,5,6,8,7,5,5,5,5,5,6,7,7,9,6,6,6,6,7,7,7,8,9,9,8,7,6,6,6,6,6,6,7,7,7,7,8,9,9,8,8,7,7,7,7,7,7,8,8,8,9,8,7,7,8,8,8,9,9,10,8,8,8,8,8,8,8,9,10,10,11,8,8,8,8,8,8,9,9,9,9,9,10,10,10,11,11,10,9,9,9,9,9,9,9,9,9,10,10,10,11,11,11,11,10,10,9,9,9,9,9,10,10,10,10,11,11,11,11,12,11,10,10,10,10,10,10,10,10,10,11,11,11,11,12,12,12,11,11,11,11,11,10,10,10,11,11,11,12,12,12,12
47,5,4,2,2,2,3,3,4,7,6,6,5,4,4,3,2,2,2,2,2,2,3,3,6,4,3,1,1,2,2,2,4,3,3,2,1,1,1,1,2,3,3,2,2,1,1,0,1,1,4,4,2,2,1,1,1,1,3,4,6,2,2,2,1,1,2,2,3,3,4,6,3,3,2,2,2,2,3,3,4,4,5,5,6,6,4,3,2,2,2,3,3,4,4,4,5,5,6,7,6,5,3,3,3,3,3,4,4,4,5,5,7,6,6,4,4,3,3,3,3,4,4,4,5,5,6,7,7,7,7,4,4,4,4,4,4,5,5,5,6,7,8,7,7,5,4,4,5,6,8,7,5,5,5,5,5,5,6,7,8,6,6,6,6,6,7,7,7,8,9,8,7,6,6,6,6,6,6,6,7,7,7,7,9,9,8,8,7,7,7,7,7,7,7,8,8,8,9,7,7,7,8,8,8,9,9,8,8,8,8,8,8,8,9,9,10,10,9,8,8,8,8,8,8,9,9,9,9,9,10,10,10,11,11,9,9,9,9,9,9,9,9,9,9,10,10,10,11,11,11,11,10,10,9,9,9,9,9,10,10,10,10,11,11,11,11,12,10,10,10,10,10,10,10,10,10,10,11,11,11,11,12,12,11,11,11,11,11,11,10,10,10,11,11,11,12,12,12
48,6,4,2,2,2,2,3,4,6,7,6,5,5,4,4,2,2,2,2,2,2,2,3,6,5,4,1,1,1,2,2,4,4,3,3,2,1,1,1,1,4,3,3,2,2,1,1,0,1,3,4,3,2,2,1,1,1,2,3,7,3,2,2,1,1,1,2,2,3,3,7,4,3,3,2,2,2,2,3,3,4,4,5,5,6,4,4,2,2,2,2,3,3,4,4,4,5,5,7,7,5,3,3,3,3,3,3,4,4,4,5,7,7,6,4,4,4,3,3,3,3,4,4,4,5,6,6,7,8,7,4,4,4,4,4,4,4,5,5,5,7,7,8,7,5,5,4,4,6,7,8,5,5,5,5,5,5,6,7,8,6,6,6,6,6,6,7,7,8,8,9,7,6,6,6,6,6,6,6,6,7,7,7,8,9,9,8,7,7,7,7,7,7,7,7,8,8,9,7,7,7,7,8,8,9,9,8,8,8,8,8,8,8,9,9,9,10,9,8,8,8,8,8,8,8,9,9,9,9,9,10,10,10,11,9,9,9,9,9,9,9,9,9,9,10,10,10,10,11,11,11,10,10,10,9,9,9,9,9,10,10,10,10,11,11,11,12,11,10,10,10,10,10,10,10,10,10,10,11,11,11,11,12,12,11,11,11,11,11,11,10,10,11,11,11,11,12,12
49,6,5,3,2,2,2,2,3,6,7,7,6,5,5,4,3,2,2,2,2,2,2,2,7,5,5,2,1,1,1,2,5,4,4,3,2,1,1,1,1,4,4,3,3,2,2,1,1,0,3,5,3,3,2,2,1,1,2,3,7,3,3,2,2,1,1,1,2,2,3,7,4,4,3,2,2,2,2,2,3,3,4,4,5,7,4,4,2,2,2,2,2,3,3,4,4,4,5,8,7,6,3,3,3,3,3,3,3,4,4,4,8,7,6,5,4,4,4,3,3,3,3,4,4,4,6,6,6,8,8,5,4,4,4,4,4,4,4,5,5,6,7,8,8,5,5,5,4,5,7,8,5,5,5,5,5,5,6,6,7,6,6,6,6,6,6,6,7,7,8,9,8,7,6,6,6,6,6,6,6,6,7,7,8,8,9,9,7,7,7,7,7,7,7,7,7,8,9,7,7,7,7,8,8,8,9,8,8,8,8,8,8,8,8,9,9,9,9,9,8,8,8,8,8,8,8,9,9,9,9,9,10,10,11,10,9,9,9,9,9,9,9,9,9,9,10,10,10,10,11,11,10,10,10,9,9,9,9,9,9,10,10,10,10,11,11,12,11,11,10,10,10,10,10,10,10,10,10,10,11,11,11,11,12,12,11,11,11,11,11,11,10,11,11,11,11,11,12
50,9,7,5,4,4,3,3,2,4,10,9,8,8,7,7,5,5,4,4,3,3,2,2,9,8,7,4,3,3,2,2,8,7,7,6,5,4,3,3,2,7,7,6,6,5,4,4,3,3,0,8,6,6,5,4,4,3,1,1,10,6,6,5,4,3,3,2,2,1,1,10,7,6,6,4,3,3,2,2,2,2,2,2,2,10,7,6,4,4,4,3,3,2,2,2,2,2,3,10,10,8,5,5,4,4,4,3,3,3,3,3,10,10,9,7,6,6,6,5,4,4,4,3,3,3,4,4,4,11,10,7,6,6,5,5,4,4,4,4,4,4,5,11,10,7,6,6,5,4,5,11,7,7,6,6,5,5,5,5,6,7,7,6,6,6,6,6,6,6,6,11,10,8,8,7,7,7,6,6,6,6,6,6,6,7,11,11,8,8,8,7,7,7,7,7,7,7,11,8,8,7,7,7,7,7,7,9,9,9,8,8,8,8,8,8,8,8,10,10,9,9,9,9,9,8,8,8,8,8,8,8,9,9,13,11,11,10,10,9,9,9,9,9,9,9,9,9,9,9,13,13,11,11,11,10,10,10,10,9,9,9,9,9,9,10,10,14,12,12,12,11,11,11,10,10,10,10,10,10,10,10,10,10,13,13,12,12,12,12,11,11,11,10,10,10,11,11,11
51,3,3,4,5,6,6,7,8,11,3,3,2,2,2,2,4,4,4,5,5,6,6,7,2,2,2,4,5,5,6,6,1,1,2,2,3,4,5,5,6,1,1,2,2,3,3,4,4,5,8,0,2,2,3,3,4,4,7,8,2,2,2,3,4,4,5,6,7,7,8,2,2,2,2,5,5,6,6,7,7,8,8,9,9,2,2,2,4,5,5,6,6,7,7,8,8,9,9,3,3,2,4,4,5,5,6,6,7,7,8,9,4,3,3,3,4,4,4,5,6,6,7,7,8,8,10,10,11,4,4,4,4,5,5,6,6,7,8,8,9,10,11,4,4,5,5,5,6,9,11,5,5,6,6,6,7,7,9,10,11,6,6,7,7,9,9,10,10,11,12,6,6,6,6,6,7,7,8,8,9,9,9,10,11,12,6,6,7,7,7,8,8,9,9,10,10,11,7,8,8,9,9,10,11,11,12,8,8,8,8,9,9,10,11,12,12,13,8,8,8,9,9,9,9,10,10,11,11,11,12,12,13,13,9,8,8,9,9,9,10,10,10,11,11,12,12,12,13,13,9,9,9,9,9,9,10,10,10,11,11,11,12,12,13,13,14,10,9,9,9,10,10,10,11,11,11,12,12,12,13,13,14,14,10,10,10,10,10,10,10,11,11,12,13,13,13,14,14
52,4,3,3,4,4,5,5,6,9,4,4,3,3,2,2,2,3,3,4,4,4,5,5,4,2,2,3,3,4,4,5,2,2,1,1,2,2,3,3,4,1,1,1,1,1,2,2,3,3,6,2,0,1,1,2,2,3,5,6,4,1,1,1,2,3,3,4,5,6,6,4,1,1,1,3,3,4,5,5,6,6,7,7,8,4,2,2,3,3,4,4,5,5,6,6,7,7,8,4,4,3,3,3,4,4,4,5,5,6,6,7,5,4,4,3,3,3,3,4,4,5,5,6,6,7,8,9,9,5,5,3,3,4,4,4,5,6,6,7,7,9,9,5,5,4,4,4,5,7,10,6,5,5,5,5,6,6,7,8,10,5,5,6,6,7,8,8,9,10,10,6,6,6,6,6,6,6,7,7,7,8,8,9,10,10,7,6,6,6,6,7,7,8,8,9,9,9,7,7,7,8,8,9,9,10,11,7,7,7,8,8,8,9,10,11,11,11,8,8,8,8,8,8,9,9,9,9,10,10,11,11,11,12,9,8,8,8,8,9,9,9,9,10,10,11,11,11,12,12,9,9,9,9,9,9,9,9,10,10,10,10,11,11,12,12,12,10,9,9,9,9,9,10,10,10,11,11,11,11,12,12,12,13,10,10,10,10,10,10,10,10,10,11,12,12,12,13,13
53,4,3,3,3,4,4,5,6,9,5,4,4,3,3,2,2,2,3,3,4,4,4,5,4,3,2,2,3,3,4,4,2,2,2,1,1,2,2,3,3,2,1,1,1,1,1,2,2,3,6,2,1,0,1,1,2,2,4,6,4,1,1,1,2,2,3,3,4,5,6,5,2,1,1,2,3,3,4,5,5,6,6,7,7,4,2,2,2,3,3,4,4,5,5,6,6,7,7,5,4,3,2,3,3,4,4,4,5,5,6,6,5,5,4,3,3,3,3,4,4,4,5,5,6,6,8,8,9,6,5,3,3,3,4,4,5,6,6,6,7,8,9,6,5,4,4,4,5,7,9,6,4,5,5,5,6,6,7,8,9,5,5,6,6,7,7,8,8,9,10,7,6,6,6,6,6,6,6,7,7,7,8,8,9,10,7,7,6,6,6,7,7,7,8,8,9,9,7,7,7,8,8,9,9,10,10,7,7,7,7,8,8,8,9,10,11,11,8,8,8,8,8,8,8,9,9,9,9,10,10,11,11,11,9,8,8,8,8,9,9,9,9,9,10,10,11,11,11,12,10,9,9,9,9,9,9,9,9,10,10,10,11,11,11,12,12,10,9,9,9,9,9,9,10,10,10,11,11,11,11,12,12,12,10,10,10,10,10,10,10,10,10,11,11,12,12,12,13
54,5,4,3,3,4,4,4,5,8,5,5,4,4,3,3,2,2,2,3,3,4,4,4,5,3,3,2,2,3,3,4,3,2,2,2,1,2,2,2,3,2,2,1,1,1,1,1,2,2,5,3,1,1,0,1,1,2,4,5,5,1,1,1,1,2,2,3,4,4,5,5,2,2,1,2,2,3,3,4,5,5,6,6,7,5,2,2,2,2,3,3,4,4,5,5,6,6,7,5,5,4,2,2,3,3,4,4,4,5,5,6,6,5,4,3,3,3,3,3,4,4,4,5,5,6,7,8,8,6,6,3,3,3,3,4,4,5,6,6,6,8,8,6,6,4,4,4,4,6,9,6,4,4,5,5,5,6,7,7,9,5,5,5,6,7,7,7,8,9,9,7,6,6,6,6,6,6,6,6,7,7,7,8,9,9,7,7,6,6,6,6,7,7,7,8,8,9,8,7,7,7,8,8,9,9,10,7,7,7,7,7,8,8,9,10,10,11,8,8,8,8,8,8,8,8,9,9,9,9,10,10,11,11,10,8,8,8,8,8,9,9,9,9,9,10,10,11,11,11,10,10,9,9,9,9,9,9,9,9,10,10,10,11,11,11,12,11,10,9,9,9,9,9,10,10,10,10,11,11,11,11,12,12,10,10,10,10,10,10,10,10,10,11,11,11,12,12,12
55,5,4,3,3,3,4,4,5,8,6,5,4,4,4,3,2,2,2,2,3,3,4,4,5,4,3,2,2,2,3,3,3,3,2,2,1,1,2,2,2,3,2,2,1,1,1,1,1,2,4,3,2,1,1,0,1,1,3,4,6,2,1,1,1,1,2,2,3,4,4,6,2,2,2,2,2,2,3,3,4,5,5,6,6,5,3,2,2,2,2,3,3,4,4,5,5,6,6,6,5,4,2,2,2,3,3,4,4,4,5,5,6,6,5,3,3,3,3,3,3,4,4,4,5,5,7,7,8,6,6,3,3,3,3,3,4,5,5,6,6,7,8,7,6,4,4,4,4,6,8,7,4,4,4,5,5,5,6,7,8,5,5,5,5,6,7,7,7,8,9,7,6,6,6,6,6,6,6,6,6,7,7,7,9,9,7,7,6,6,6,6,6,7,7,7,8,8,8,7,7,7,7,8,8,9,9,7,7,7,7,7,7,8,9,9,10,10,8,8,8,8,8,8,8,8,8,9,9,9,9,10,10,11,10,9,8,8,8,8,8,9,9,9,9,10,10,10,11,11,10,10,9,9,9,9,9,9,9,9,9,10,10,10,11,11,11,11,10,10,9,9,9,9,10,10,10,10,10,11,11,11,11,12,11,10,10,10,10,10,10,10,10,11,11,11,11,12,12
56,6,4,3,3,3,3,4,4,7,6,6,5,4,4,4,2,2,2,2,2,3,3,4,6,4,4,2,2,2,2,3,4,3,3,2,2,1,1,2,2,3,3,2,2,1,1,1,1,1,4,4,2,2,1,1,0,1,3,4,6,2,2,1,1,1,1,2,3,3,4,6,3,2,2,1,2,2,2,3,3,4,5,5,6,6,3,3,2,2,2,2,3,3,4,4,5,5,6,6,6,4,2,2,2,2,3,3,4,4,4,5,7,6,5,4,3,3,3,3,3,3,4,4,4,5,6,7,7,7,6,4,3,3,3,3,4,4,5,5,6,7,7,7,7,4,4,4,4,5,8,7,5,4,4,4,5,5,6,7,8,5,5,5,5,6,6,7,7,8,8,8,7,6,6,6,6,6,6,6,6,6,7,7,8,9,8,7,6,6,6,6,6,7,7,7,7,8,8,7,7,7,7,8,8,9,9,7,7,7,7,7,7,8,8,9,9,10,8,8,8,8,8,8,8,8,8,8,9,9,9,9,10,10,10,9,9,8,8,8,8,8,9,9,9,9,10,10,10,11,10,10,9,9,9,9,9,9,9,9,9,9,10,10,10,11,11,11,10,10,10,9,9,9,9,10,10,10,10,10,11,11,11,11,11,11,10,10,10,10,10,10,10,10,11,11,11,11,12
57,6,5,3,3,3,3,3,4,7,7,6,5,5,4,4,3,2,2,2,2,2,3,3,6,5,4,2,2,2,2,2,5,4,3,3,2,1,1,1,2,4,3,3,2,2,1,1,1,1,3,4,3,2,2,1,1,0,2,3,7,3,2,2,1,1,1,1,2,3,3,7,3,3,2,1,1,2,2,2,3,3,4,5,5,6,4,3,2,2,2,2,2,3,3,4,4,5,5,7,6,5,2,2,2,2,2,3,3,4,4,4,7,7,6,4,4,3,3,3,3,3,3,4,4,4,6,6,7,7,7,4,4,3,3,3,3,4,4,5,5,6,7,8,7,4,4,4,4,5,7,7,5,5,4,4,5,5,6,6,7,5,5,5,5,6,6,6,7,7,8,8,7,6,6,6,6,6,6,6,6,6,6,7,8,8,8,8,6,6,6,6,6,6,7,7,7,7,9,7,7,7,7,7,8,8,9,7,7,7,7,7,7,7,8,9,9,9,8,8,8,8,8,8,8,8,8,8,8,9,9,9,9,10,11,9,9,9,8,8,8,8,8,9,9,9,9,10,10,10,11,10,9,9,9,9,9,9,9,9,9,9,10,10,10,10,11,11,10,10,10,10,9,9,9,9,10,10,10,10,10,11,11,11,11,11,10,10,10,10,10,10,10,10,10,11,11,11,11
58,8,7,4,4,3,3,3,3,5,9,9,7,7,6,6,4,4,4,3,3,2,2,2,8,7,6,3,3,2,2,2,7,6,6,5,4,3,2,2,2,6,6,5,4,4,3,3,2,2,1,7,5,4,4,3,3,2,0,1,9,5,4,4,3,2,2,1,1,1,1,9,6,5,5,2,2,2,1,1,1,2,2,2,3,8,6,5,3,3,2,2,2,2,2,2,2,3,3,9,9,7,4,4,3,3,2,2,2,2,2,3,9,9,8,6,5,5,4,4,3,3,3,3,3,3,4,4,5,9,9,6,5,5,4,4,3,3,3,3,4,5,5,10,9,5,5,5,4,4,5,9,6,6,5,5,5,4,5,5,6,6,6,5,5,5,5,5,5,6,6,10,9,7,7,6,6,6,6,6,6,6,6,6,6,7,10,9,7,7,7,6,6,6,6,6,6,6,10,7,7,7,7,7,7,7,7,8,8,8,7,7,7,7,7,8,8,8,9,9,8,8,8,8,8,8,8,8,8,8,8,8,8,9,12,10,10,9,9,9,8,8,8,8,8,8,9,9,9,9,12,12,10,10,10,9,9,9,9,9,9,9,9,9,9,9,10,13,11,11,11,10,10,10,9,9,9,9,9,9,10,10,10,10,12,12,11,11,11,11,10,10,10,10,10,10,10,10,10
59,9,8,5,5,4,4,3,3,4,10,10,9,8,7,7,5,5,4,4,4,3,3,2,9,8,7,4,4,3,3,2,8,7,7,6,5,4,3,3,2,7,7,6,6,5,4,4,3,3,1,8,6,6,5,4,4,3,1,0,10,6,6,5,4,3,3,2,1,1,1,10,7,6,6,3,3,2,2,2,1,1,1,2,2,9,7,6,4,4,3,3,2,2,2,2,2,2,2,10,10,8,5,4,4,4,3,3,2,2,2,2,10,10,9,7,6,6,5,4,4,4,3,3,3,3,3,4,4,10,10,6,6,6,5,5,4,3,3,3,3,4,4,11,10,6,6,5,5,4,5,10,7,6,6,6,5,5,4,5,5,7,7,6,5,5,5,5,5,5,6,11,9,8,7,7,7,6,6,6,6,6,6,6,6,6,11,10,8,7,7,7,6,6,6,6,6,6,11,7,7,7,7,7,7,7,7,9,8,8,8,8,7,7,7,7,7,8,10,9,9,9,8,8,8,8,8,8,8,8,8,8,8,8,13,11,10,10,9,9,9,9,8,8,8,8,8,8,9,9,13,12,11,11,10,10,9,9,9,9,9,9,9,9,9,9,9,14,12,11,11,11,11,10,10,9,9,9,9,9,9,9,10,10,13,13,12,12,11,11,11,11,10,10,10,10,10,10,10
60,3,4,6,7,8,8,9,10,13,3,3,3,4,4,4,6,6,7,7,8,8,9,9,2,3,4,6,7,7,8,9,3,3,4,4,5,6,7,7,8,3,3,4,5,5,6,6,7,7,10,2,4,4,5,6,6,7,9,10,0,4,4,5,6,7,7,8,9,9,10,1,3,4,4,7,7,8,8,9,9,10,10,11,12,1,3,4,6,7,7,8,8,9,9,10,11,11,12,2,2,3,6,6,7,7,8,8,9,9,10,11,2,2,3,4,5,5,6,7,7,8,9,9,10,10,12,12,13,3,3,5,6,6,7,7,8,9,10,10,11,12,13,3,3,6,6,7,8,10,13,4,6,7,7,8,9,9,11,12,13,7,7,8,9,10,11,11,12,13,13,5,5,7,7,7,8,9,9,10,10,11,11,12,13,14,6,6,7,8,8,9,9,10,11,11,12,12,6,9,9,10,11,12,12,13,14,8,9,9,9,10,10,11,12,13,14,14,8,9,9,9,10,10,11,11,11,12,12,13,13,14,14,15,8,8,9,9,9,10,11,11,11,12,12,13,13,14,14,15,8,8,9,9,9,10,11,11,11,12,12,12,13,14,14,15,15,9,9,9,10,10,10,11,12,12,12,13,13,14,14,15,15,15,9,10,10,10,10,11,11,11,11,13,14,14,14,15,15
61,4,3,4,4,5,5,6,6,9,5,4,4,3,3,3,3,3,4,4,4,5,5,6,4,3,2,3,4,4,4,5,2,2,2,2,2,3,3,4,4,2,1,1,1,2,2,2,3,3,6,2,1,1,1,2,2,3,5,6,4,0,1,1,2,3,3,4,5,6,6,4,1,1,1,3,3,4,4,5,6,6,7,7,8,3,1,1,2,3,3,4,5,5,6,6,7,7,8,4,4,2,2,3,3,4,4,5,5,6,6,7,4,4,3,2,2,2,3,4,4,4,5,5,6,6,8,9,9,5,4,3,3,3,4,4,5,6,6,7,7,9,9,5,5,3,4,4,5,7,9,5,4,4,4,5,5,6,7,8,10,5,5,5,6,7,7,8,8,9,10,6,5,5,5,5,5,6,6,7,7,7,8,8,10,10,6,6,6,6,6,6,7,7,8,8,9,9,7,7,7,7,8,9,9,10,10,7,7,7,7,7,8,8,9,10,11,11,7,7,7,7,8,8,8,8,9,9,9,10,10,11,11,11,9,8,8,8,8,8,8,9,9,9,9,10,11,11,11,12,9,9,8,8,8,8,9,9,9,9,10,10,11,11,11,12,12,10,9,9,9,9,9,9,10,10,10,10,11,11,11,12,12,12,10,9,9,9,9,9,9,10,10,11,11,11,12,12,12
62,5,4,3,4,4,5,5,6,9,5,5,4,4,3,3,3,3,3,4,4,4,5,5,4,3,3,3,3,4,4,4,3,2,2,2,2,2,3,3,4,2,2,1,1,1,2,2,2,3,6,2,1,1,1,1,2,2,4,6,4,1,0,1,2,2,3,3,4,5,6,4,1,1,1,2,3,3,4,4,5,6,6,7,7,4,2,1,2,2,3,3,4,5,5,6,6,7,7,5,4,3,2,2,3,3,4,4,5,5,6,6,5,4,4,2,2,2,2,3,4,4,4,5,5,6,7,8,9,5,5,3,3,3,3,4,4,5,6,6,7,8,9,6,5,3,3,4,4,6,9,5,4,4,4,4,5,5,7,8,9,4,5,5,6,7,7,7,8,9,9,6,5,5,5,5,5,6,6,6,7,7,7,8,9,10,6,6,6,6,6,6,6,7,7,8,8,9,7,6,7,7,7,8,9,9,10,7,7,7,7,7,7,8,9,10,10,11,7,7,7,7,7,8,8,8,8,9,9,9,10,10,11,11,9,8,8,8,8,8,8,8,9,9,9,10,10,11,11,11,9,9,8,8,8,8,9,9,9,9,9,10,10,11,11,11,12,10,9,9,9,9,9,9,9,10,10,10,10,11,11,11,12,12,10,10,9,9,9,9,9,9,10,11,11,11,11,12,12
63,5,4,3,3,4,4,5,6,8,6,5,4,4,4,3,3,3,3,3,4,4,4,5,5,4,3,2,3,3,4,4,3,3,2,2,2,2,2,3,3,2,2,2,1,1,1,2,2,2,5,3,1,1,1,1,1,2,4,5,5,1,1,0,1,2,2,3,4,4,5,5,2,1,1,2,2,3,3,4,4,5,6,6,7,5,2,2,2,2,2,3,3,4,5,5,6,6,7,5,5,3,2,2,2,3,3,4,4,5,5,6,5,5,4,2,2,2,2,3,3,4,4,4,5,5,7,7,8,6,5,3,3,3,3,3,4,5,5,6,6,8,8,6,6,3,3,3,4,6,8,6,4,4,4,4,5,5,6,7,9,4,4,5,5,6,7,7,7,8,9,7,6,5,5,5,5,5,6,6,6,7,7,7,9,9,7,6,5,6,6,6,6,7,7,7,8,8,7,6,6,7,7,8,8,9,9,7,7,7,7,7,7,8,9,9,10,10,7,7,7,7,7,7,8,8,8,8,9,9,9,10,10,11,9,8,8,8,8,8,8,8,8,9,9,9,10,10,11,11,9,9,8,8,8,8,8,9,9,9,9,9,10,10,11,11,11,10,9,9,9,9,9,9,9,9,10,10,10,10,11,11,11,12,10,10,9,9,9,9,9,9,9,10,11,11,11,11,12
64,6,5,3,3,3,4,4,5,7,7,6,5,5,4,4,3,3,3,3,3,3,4,4,6,4,4,2,2,2,3,3,4,4,3,3,2,2,2,2,2,3,3,2,2,2,1,1,1,2,4,4,2,2,1,1,1,1,3,4,6,2,2,1,0,1,1,2,3,3,4,6,3,2,2,1,1,2,2,3,3,4,4,5,6,6,3,2,1,1,2,2,2,3,3,4,5,5,6,6,6,4,2,2,2,2,2,3,3,4,4,5,6,6,5,3,3,2,2,2,2,3,3,4,4,4,6,6,7,7,6,3,3,3,3,3,3,4,4,5,5,7,7,7,6,3,3,3,3,5,7,7,4,4,4,4,4,4,5,6,8,5,4,5,5,6,6,6,7,7,8,7,6,5,5,5,5,5,5,5,6,6,6,7,8,8,7,7,6,6,5,6,6,6,6,7,7,7,8,6,6,6,7,7,7,8,9,7,7,7,7,7,7,7,8,9,9,9,7,7,7,7,7,7,7,7,8,8,8,8,9,9,9,10,10,8,8,8,8,8,8,8,8,8,8,9,9,9,10,10,10,10,9,9,8,8,8,8,8,9,9,9,9,10,10,10,11,11,9,9,9,9,9,9,9,9,9,9,10,10,10,10,11,11,10,10,10,10,9,9,9,9,9,10,10,10,11,11,11
65,6,5,3,3,3,3,4,4,7,7,7,6,5,5,4,3,3,3,3,3,3,3,4,6,5,4,2,2,2,2,3,5,4,4,3,2,2,2,2,2,4,3,3,2,2,2,1,1,1,3,4,3,2,2,1,1,1,2,3,7,3,2,2,1,0,1,1,2,3,3,7,3,3,2,1,1,1,2,2,3,3,4,4,5,6,3,3,1,1,1,2,2,2,3,3,4,5,5,7,6,5,2,2,2,2,2,2,3,3,4,4,7,6,5,4,3,3,2,2,2,2,3,3,4,4,5,6,6,7,7,4,3,3,3,3,3,4,4,4,5,6,7,7,7,4,3,3,3,5,7,7,4,4,4,4,4,4,5,6,7,5,5,4,5,5,5,6,6,7,7,8,7,5,5,5,5,5,5,5,5,6,6,6,7,8,8,7,6,6,6,6,6,6,6,6,7,7,8,6,6,6,6,7,7,8,8,7,7,7,7,7,7,7,8,8,9,9,8,7,7,7,7,7,7,7,7,8,8,8,8,9,9,9,10,8,8,8,8,8,8,8,8,8,8,9,9,9,9,10,10,10,9,9,9,8,8,8,8,8,9,9,9,9,10,10,10,11,10,9,9,9,9,9,9,9,9,9,9,10,10,10,10,11,11,10,10,10,10,9,9,9,9,10,10,10,10,11,11
66,7,6,4,3,3,3,3,4,6,8,7,6,6,5,5,4,3,3,3,3,3,3,3,7,5,5,2,2,2,2,2,5,5,4,4,3,2,2,2,2,5,4,3,3,2,2,2,1,1,3,5,3,3,2,2,1,1,2,3,7,3,3,2,1,1,0,1,2,2,3,7,4,3,3,1,1,1,1,2,2,3,3,4,4,7,4,3,2,1,1,1,2,2,2,3,3,4,5,7,7,5,2,2,2,2,2,2,2,3,3,4,7,7,6,4,4,3,3,2,2,2,2,3,3,4,5,5,6,8,7,4,4,3,3,3,3,3,4,4,4,6,6,8,7,4,4,3,3,4,6,8,4,4,4,4,4,4,5,5,7,5,5,4,4,5,5,6,6,7,7,8,7,6,5,5,5,5,5,5,5,5,6,6,7,7,8,8,6,6,6,5,6,6,6,6,6,7,9,6,6,6,6,7,7,7,8,7,7,7,7,7,7,7,7,8,8,9,8,7,7,7,7,7,7,7,7,7,8,8,8,8,9,9,11,9,8,8,8,8,8,8,8,8,8,8,9,9,9,9,11,10,9,9,9,8,8,8,8,8,8,9,9,9,9,10,10,11,10,10,9,9,9,9,9,9,9,9,9,9,10,10,10,10,11,11,10,10,10,10,9,9,9,10,10,10,10,10,11
67,7,6,4,4,3,3,3,4,6,8,8,7,6,6,5,4,4,3,3,3,3,3,3,7,6,5,3,2,2,2,2,6,5,5,4,3,2,2,2,2,5,5,4,3,3,2,2,2,1,2,6,4,3,3,2,2,1,1,2,8,4,3,3,2,1,1,0,1,2,2,8,4,4,3,1,1,1,1,1,2,2,3,3,4,7,5,4,2,2,1,1,1,2,2,2,3,3,4,8,7,6,3,2,2,2,2,2,2,2,3,3,8,7,6,4,4,4,3,2,2,2,2,2,3,3,4,5,5,8,8,4,4,4,3,3,3,3,3,4,4,5,6,8,8,4,4,4,3,4,6,8,5,4,4,4,4,4,4,5,6,5,5,4,4,5,5,5,5,6,7,9,7,6,6,5,5,5,5,5,5,5,5,6,7,7,9,8,6,6,6,6,5,6,6,6,6,6,9,6,6,6,6,6,7,7,7,7,7,7,7,7,7,7,7,8,8,8,8,8,7,7,7,7,7,7,7,7,7,8,8,8,8,9,11,9,9,8,8,8,8,8,8,8,8,8,8,9,9,9,11,11,9,9,9,9,8,8,8,8,8,8,9,9,9,9,10,12,10,10,10,9,9,9,9,9,9,9,9,9,9,10,10,10,11,11,10,10,10,10,10,9,9,9,10,10,10,10,10
68,8,7,5,4,4,3,3,3,5,9,9,8,7,7,6,5,4,4,4,3,3,3,3,9,7,6,4,3,3,2,2,7,6,6,5,4,3,3,2,2,6,6,5,5,4,3,3,2,2,2,7,5,4,4,3,3,2,1,1,9,5,4,4,3,2,2,1,0,1,1,9,6,5,4,2,2,1,1,1,1,1,2,2,3,8,6,5,3,2,2,2,1,1,1,2,2,2,3,9,8,7,4,3,3,2,2,2,2,2,2,2,9,9,7,5,5,4,4,3,3,2,2,2,2,2,4,4,4,9,9,5,5,4,4,4,3,3,3,3,3,4,5,9,9,5,5,4,4,3,5,9,5,5,5,4,4,4,4,4,5,6,6,5,5,4,5,5,5,6,6,10,8,7,6,6,6,5,5,5,5,5,5,5,6,6,9,9,7,6,6,6,6,5,6,6,6,6,10,6,6,6,6,6,6,7,7,8,7,7,7,7,7,7,7,7,7,8,9,8,8,8,7,7,7,7,7,7,7,7,7,8,8,8,12,9,9,9,8,8,8,8,8,8,8,8,8,8,8,9,12,11,10,10,9,9,9,8,8,8,8,8,8,9,9,9,9,12,11,10,10,10,10,9,9,9,9,9,9,9,9,9,9,10,12,11,11,11,10,10,10,10,10,9,9,9,10,10,10
69,9,7,5,5,4,4,3,3,5,10,9,8,8,7,7,5,5,4,4,4,3,3,3,9,7,7,4,4,3,3,2,7,7,6,6,5,4,3,3,2,7,6,6,5,5,4,3,3,2,1,7,6,5,4,4,3,3,1,1,9,6,5,4,3,3,2,2,1,0,1,9,6,6,5,3,2,2,1,1,1,1,1,2,2,9,6,6,3,3,2,2,2,1,1,1,2,2,2,9,9,7,4,4,3,3,2,2,2,2,2,2,10,9,8,6,5,5,4,4,3,3,2,2,2,2,3,4,4,10,9,6,5,5,4,4,3,3,3,3,3,4,4,10,9,6,5,5,4,3,5,10,6,5,5,5,4,4,4,4,5,6,6,5,5,4,4,5,5,5,5,10,9,7,7,6,6,5,5,5,5,5,5,5,6,6,10,9,7,7,6,6,6,6,5,6,6,6,10,7,6,6,6,6,6,6,7,8,8,7,7,7,7,7,7,7,7,7,9,8,8,8,8,7,7,7,7,7,7,7,7,7,8,8,12,10,9,9,9,8,8,8,8,8,8,8,8,8,8,8,12,12,10,10,10,9,9,9,8,8,8,8,8,8,9,9,9,13,11,11,10,10,10,9,9,9,9,9,9,9,9,9,9,9,12,12,11,11,11,10,10,10,10,9,9,9,9,10,10
70,9,8,6,5,4,4,4,3,4,10,10,9,8,8,7,6,5,5,4,4,4,3,3,10,8,7,4,4,4,3,3,8,7,7,6,5,4,4,3,3,7,7,6,6,5,5,4,3,3,1,8,6,6,5,4,4,3,1,1,10,6,6,5,4,3,3,2,1,1,0,10,7,6,6,3,3,2,2,1,1,1,1,1,2,9,7,6,4,3,3,2,2,2,1,1,1,2,2,10,9,8,5,4,4,3,3,2,2,2,2,2,10,10,9,6,6,5,5,4,4,3,3,2,2,2,3,3,4,10,10,6,6,5,5,4,4,3,3,3,3,4,4,10,10,6,6,5,4,3,4,10,6,6,5,5,4,4,4,4,5,7,6,5,5,4,4,4,5,5,5,11,9,7,7,7,6,6,5,5,5,5,5,5,5,6,10,10,7,7,7,6,6,6,6,5,6,6,11,7,7,6,6,6,6,6,6,8,8,8,7,7,7,7,7,7,7,7,9,9,8,8,8,8,7,7,7,7,7,7,7,7,7,8,13,10,10,9,9,8,8,8,8,8,8,8,8,8,8,8,12,12,11,10,10,9,9,9,9,8,8,8,8,8,8,9,9,13,11,11,11,10,10,10,9,9,9,9,9,9,9,9,9,9,12,12,11,11,11,11,10,10,10,9,9,9,9,9,10
71,4,5,7,7,8,9,9,10,13,3,3,4,4,4,5,6,6,7,7,8,8,9,9,3,4,4,7,7,8,8,9,3,4,4,4,5,6,7,7,8,3,4,4,5,5,6,6,7,7,10,2,4,5,5,6,6,7,9,10,1,4,4,5,6,7,7,8,9,9,10,0,3,4,4,7,7,8,8,9,9,10,10,11,12,1,3,4,6,7,7,8,8,9,9,10,10,11,12,1,1,2,6,6,7,7,8,8,9,9,10,11,2,2,2,4,5,5,6,7,7,8,8,9,9,10,12,12,13,2,2,5,5,6,6,7,8,9,10,10,11,12,13,3,3,6,6,7,8,10,13,3,6,6,7,7,8,9,10,11,13,6,7,8,9,10,11,11,12,13,13,4,5,6,7,7,7,8,9,9,10,10,11,11,13,13,5,5,7,7,8,9,9,10,11,11,12,12,6,9,9,10,10,11,12,13,13,8,8,9,9,9,10,11,12,13,14,14,8,8,9,9,9,10,10,11,11,11,12,12,13,13,14,14,7,8,8,8,9,10,10,11,11,11,12,13,13,14,14,15,8,8,8,9,9,9,10,11,11,11,12,12,13,13,14,14,15,8,9,9,9,9,10,10,11,12,12,12,13,13,14,14,15,15,9,9,9,10,10,10,10,11,11,13,13,14,14,15,15
72,4,4,4,5,5,6,6,7,10,5,4,4,3,3,3,4,4,4,5,5,6,6,6,4,3,3,4,4,5,5,6,2,2,2,2,3,4,4,4,5,2,2,2,2,2,3,3,4,4,7,2,1,2,2,2,3,3,6,7,3,1,1,2,3,3,4,4,6,6,7,3,0,1,1,3,4,4,5,6,6,7,7,8,8,3,1,1,3,3,4,4,5,6,6,7,7,8,8,3,3,2,2,3,3,4,5,5,6,6,7,7,4,3,2,2,2,2,3,4,4,5,5,6,6,7,8,9,9,4,4,2,3,3,4,4,5,6,6,7,7,9,10,4,4,3,4,4,5,7,10,4,4,4,4,5,6,6,7,8,10,4,4,5,6,7,8,8,9,10,10,5,5,5,5,5,5,6,6,7,7,7,8,8,10,10,5,5,5,5,6,6,7,7,8,8,9,9,6,6,7,7,8,9,9,10,10,6,6,7,7,7,7,8,9,10,11,11,7,7,7,7,7,8,8,8,9,9,9,10,10,11,11,11,8,7,7,7,7,8,8,8,9,9,9,10,11,11,11,12,8,8,8,8,8,8,8,9,9,9,9,10,11,11,11,12,12,9,8,8,8,8,8,9,9,10,10,10,11,11,11,12,12,12,9,9,9,9,9,9,9,9,9,11,11,11,12,12,12
73,5,4,4,4,5,5,6,7,10,5,5,4,4,3,3,3,4,4,4,5,5,6,6,4,3,3,4,4,4,5,5,3,2,2,2,2,3,4,4,4,2,2,2,2,2,2,3,3,4,6,2,1,1,2,2,2,3,5,6,4,1,1,1,2,3,3,4,5,6,6,4,1,0,1,3,3,4,4,5,6,6,7,7,8,3,1,1,2,3,3,4,4,5,6,6,7,7,8,4,3,2,2,2,3,3,4,5,5,6,6,7,4,4,3,2,2,2,2,3,4,4,5,5,6,6,8,8,9,4,4,2,2,3,3,4,4,5,6,6,7,9,9,5,4,3,3,4,4,7,9,5,3,4,4,4,5,6,7,8,9,4,4,5,5,7,7,8,8,9,10,6,5,4,5,5,5,6,6,6,7,7,7,8,9,10,6,5,5,5,5,6,6,7,7,8,8,9,6,6,6,7,7,8,9,9,10,6,6,6,7,7,7,8,9,10,10,11,7,7,7,7,7,7,8,8,8,9,9,9,10,10,11,11,8,7,7,7,7,8,8,8,8,9,9,10,10,11,11,11,8,8,8,8,8,8,8,8,9,9,9,9,10,11,11,11,12,9,8,8,8,8,8,9,9,9,10,10,10,11,11,11,12,12,9,9,9,9,9,9,9,9,9,10,11,11,11,12,12
74,5,4,4,4,5,5,5,6,9,6,5,4,4,4,3,3,3,4,4,4,5,5,6,5,4,3,3,4,4,4,5,3,3,2,2,2,3,3,4,4,2,2,2,2,2,2,2,3,3,6,2,1,1,1,2,2,2,5,6,4,1,1,1,2,2,3,3,4,5,6,4,1,1,0,2,3,3,4,4,5,6,6,7,7,4,1,1,2,2,3,3,4,4,5,6,6,7,7,5,4,2,2,2,2,3,3,4,5,5,6,6,5,4,3,2,2,2,2,3,3,4,4,5,5,6,7,8,8,5,4,2,2,2,3,3,4,5,5,6,6,8,9,5,5,3,3,3,4,6,9,5,3,3,4,4,5,5,6,7,9,4,4,5,5,6,7,7,8,9,9,6,5,4,4,5,5,5,6,6,6,7,7,7,9,9,6,6,5,5,5,6,6,7,7,7,8,8,6,6,6,7,7,8,8,9,9,6,6,6,6,7,7,7,9,9,10,10,7,7,7,7,7,7,7,8,8,8,9,9,9,10,10,11,8,7,7,7,7,7,8,8,8,8,9,9,10,10,11,11,9,8,8,8,8,8,8,8,8,9,9,9,10,10,11,11,11,9,8,8,8,8,8,8,9,9,9,10,10,10,11,11,11,12,9,9,9,9,9,9,9,9,9,10,10,11,11,11,12
75,7,5,4,4,4,4,4,5,7,7,7,6,6,5,5,4,3,3,3,3,3,4,4,7,5,5,3,3,3,3,3,5,4,4,4,3,2,2,2,2,4,4,3,3,2,2,2,2,2,4,5,3,2,2,2,1,1,2,3,7,3,2,2,1,1,1,1,2,3,3,7,3,3,2,0,1,1,2,2,3,3,4,4,5,6,3,3,1,1,1,1,2,2,3,3,4,4,5,7,6,5,2,1,1,1,2,2,2,3,3,4,7,6,5,3,3,2,2,2,2,2,2,3,3,4,5,6,6,7,6,3,3,2,2,2,2,3,4,4,4,6,6,7,7,3,3,3,3,4,7,7,4,3,3,3,3,4,5,6,7,4,4,4,4,5,5,5,6,7,7,7,6,5,5,5,4,4,5,5,5,5,6,6,7,7,7,7,5,5,5,5,5,5,6,6,6,7,8,6,6,6,6,6,7,7,8,6,6,6,6,6,6,6,7,8,8,9,7,7,7,7,7,7,7,7,7,7,7,8,8,8,9,9,10,8,8,7,7,7,7,7,7,7,8,8,8,9,9,9,10,9,8,8,8,8,8,8,8,8,8,8,9,9,9,9,10,11,9,9,9,9,8,8,8,8,9,9,9,9,9,10,10,10,10,10,9,9,9,9,9,9,9,9,9,10,10,10,10
76,7,6,4,4,4,4,4,4,7,8,7,6,6,6,5,4,4,3,3,3,3,3,4,7,6,5,3,3,3,3,3,5,5,4,4,3,2,2,2,2,5,4,4,3,3,2,2,2,2,3,5,3,3,2,2,2,1,2,3,7,3,3,2,1,1,1,1,2,2,3,7,4,3,3,1,0,1,1,2,2,3,3,4,4,7,4,3,1,1,1,1,1,2,2,3,3,4,4,7,7,5,2,2,1,1,1,2,2,2,3,3,7,7,6,4,3,3,2,2,2,2,2,2,3,3,5,5,6,7,7,4,3,3,2,2,2,3,3,4,4,5,6,8,7,4,3,3,3,4,6,7,4,4,3,3,3,3,4,5,6,4,4,4,4,4,5,5,5,6,7,8,7,5,5,5,5,4,4,5,5,5,5,6,7,7,8,7,5,5,5,5,5,5,5,6,6,6,8,6,6,6,6,6,6,7,7,6,6,6,6,6,6,6,7,7,8,8,7,7,7,7,7,7,7,7,7,7,7,7,8,8,8,9,10,8,8,8,7,7,7,7,7,7,7,8,8,8,9,9,10,10,9,8,8,8,8,8,8,8,8,8,8,9,9,9,9,11,9,9,9,9,9,8,8,8,8,9,9,9,9,9,10,10,10,10,10,9,9,9,9,9,9,9,9,9,10,10,10
77,8,6,4,4,4,4,4,4,6,8,8,7,6,6,6,4,4,4,3,3,3,3,3,8,6,6,3,3,3,3,3,6,5,5,4,4,3,2,2,2,5,5,4,4,3,3,2,2,2,3,6,4,3,3,2,2,2,2,2,8,4,3,3,2,1,1,1,1,2,2,8,4,4,3,1,1,0,1,1,2,2,3,3,4,7,4,4,2,1,1,1,1,1,2,2,3,3,4,8,7,6,2,2,2,1,1,1,2,2,2,3,8,7,6,4,4,3,3,2,2,2,2,2,2,3,4,5,5,8,7,4,4,3,3,2,2,2,3,3,4,5,5,8,8,4,4,3,3,4,6,8,4,4,4,3,3,3,4,5,6,5,4,4,4,4,4,5,5,6,6,8,7,6,5,5,5,4,4,4,5,5,5,5,6,7,8,8,6,5,5,5,5,5,5,5,6,6,9,6,6,6,6,6,6,7,7,7,6,6,6,6,6,6,7,7,7,8,8,7,7,7,7,7,7,7,7,7,7,7,7,8,8,8,11,8,8,8,7,7,7,7,7,7,7,8,8,8,8,9,11,10,9,9,8,8,8,8,8,8,8,8,8,8,9,9,9,11,10,9,9,9,9,8,8,8,8,8,9,9,9,9,9,10,11,10,10,10,9,9,9,9,9,9,9,9,9,10,10
78,8,7,5,4,4,4,4,4,6,9,8,7,7,6,6,5,4,4,4,3,3,3,3,8,7,6,4,3,3,3,3,6,6,5,5,4,3,3,2,2,6,5,5,4,4,3,3,2,2,2,6,5,4,3,3,2,2,1,2,8,4,4,3,2,2,1,1,1,1,2,8,5,4,4,2,1,1,0,1,1,2,2,3,3,8,5,4,2,2,1,1,1,1,1,2,2,3,3,8,8,6,3,2,2,2,1,1,1,2,2,2,8,8,7,5,4,4,3,2,2,2,2,2,2,2,4,4,5,9,8,4,4,4,3,3,2,2,2,3,3,4,5,9,8,4,4,4,3,3,5,8,5,4,4,4,3,3,4,4,6,5,5,4,4,4,4,4,5,5,6,9,7,6,6,5,5,5,4,4,4,5,5,5,6,6,9,8,6,6,5,5,5,5,5,5,5,6,9,6,6,6,6,6,6,6,7,7,7,6,6,6,6,6,6,7,7,7,8,7,7,7,7,7,7,7,7,7,7,7,7,7,8,8,11,9,8,8,8,7,7,7,7,7,7,7,8,8,8,8,11,11,9,9,9,8,8,8,8,8,8,8,8,8,8,9,9,12,10,10,9,9,9,9,8,8,8,8,8,9,9,9,9,9,11,11,10,10,10,9,9,9,9,9,9,9,9,9,10
79,9,7,5,5,4,4,4,4,5,9,9,8,7,7,6,5,5,4,4,4,3,3,3,9,7,7,4,4,3,3,3,7,6,6,5,4,4,3,3,2,6,6,5,5,4,4,3,3,2,2,7,5,5,4,3,3,2,1,2,9,5,4,4,3,2,2,1,1,1,1,9,6,5,4,2,2,1,1,0,1,1,2,2,3,8,6,5,3,2,2,1,1,1,1,1,2,2,3,9,8,7,3,3,2,2,2,1,1,1,2,2,9,8,7,5,5,4,4,3,2,2,2,2,2,2,3,4,4,9,9,5,4,4,4,3,2,2,2,2,3,4,4,9,9,5,4,4,3,3,5,9,5,5,4,4,3,3,3,4,5,5,5,4,4,4,4,4,4,5,5,9,8,6,6,6,5,5,5,4,4,4,5,5,6,6,9,9,6,6,6,5,5,5,5,5,5,5,9,6,6,6,6,6,6,6,6,7,7,7,6,6,6,6,6,7,7,7,8,8,7,7,7,7,7,7,7,7,7,7,7,7,7,8,11,9,9,8,8,7,7,7,7,7,7,7,7,8,8,8,11,11,9,9,9,8,8,8,8,8,8,8,8,8,8,8,9,12,10,10,10,9,9,9,8,8,8,8,8,8,9,9,9,9,11,11,10,10,10,10,9,9,9,9,9,9,9,9,9
80,9,8,5,5,4,4,4,4,5,10,9,8,8,7,7,6,5,5,4,4,4,3,3,9,8,7,4,4,4,3,3,7,7,6,6,5,4,4,3,3,7,6,6,5,5,4,4,3,3,2,7,6,5,5,4,3,3,1,1,9,6,5,4,3,3,2,2,1,1,1,9,6,6,5,3,2,2,1,1,0,1,1,2,2,9,6,6,3,3,2,2,1,1,1,1,1,2,2,9,9,7,4,3,3,2,2,2,1,1,1,2,9,9,8,6,5,5,4,3,3,2,2,2,2,2,3,3,4,10,9,5,5,4,4,4,3,2,2,2,2,4,4,10,9,5,5,4,4,3,4,9,6,5,5,4,4,3,3,4,5,6,5,4,4,4,4,4,4,5,5,10,8,7,6,6,6,5,5,5,4,4,4,5,5,6,10,9,7,6,6,5,5,5,5,5,5,5,10,6,6,6,6,6,6,6,6,7,7,7,7,6,6,6,6,6,7,7,9,8,8,7,7,7,7,7,7,7,7,7,7,7,7,7,12,9,9,9,8,8,7,7,7,7,7,7,7,7,8,8,12,11,10,9,9,9,8,8,8,8,8,8,8,8,8,8,8,12,11,10,10,10,9,9,8,8,8,8,8,8,8,9,9,9,12,11,11,10,10,10,10,9,9,9,9,9,9,9,9
81,10,8,6,5,5,4,4,4,5,10,10,9,8,8,7,6,6,5,5,4,4,4,3,10,8,8,5,4,4,4,3,8,7,7,6,5,4,4,4,3,7,7,6,6,5,5,4,4,3,2,8,6,6,5,5,4,3,2,1,10,6,6,5,4,3,3,2,1,1,1,10,7,6,6,3,3,2,2,1,1,0,1,1,2,9,7,6,4,3,3,2,2,1,1,1,1,1,2,10,9,8,5,4,3,3,2,2,2,1,1,1,10,9,8,6,6,5,5,4,3,3,2,2,2,2,2,3,3,10,10,6,5,5,4,4,3,2,2,2,2,3,4,10,10,6,5,5,4,3,4,10,6,6,5,5,4,4,3,3,4,6,6,5,4,4,4,4,4,4,5,10,9,7,7,6,6,5,5,5,5,4,4,4,5,5,10,10,7,7,6,6,5,5,5,5,5,5,10,6,6,6,6,6,6,6,6,8,7,7,7,7,6,6,6,6,6,7,9,8,8,8,7,7,7,7,7,7,7,7,7,7,7,7,12,10,9,9,8,8,8,7,7,7,7,7,7,7,7,8,12,12,10,10,9,9,8,8,8,8,8,8,8,8,8,8,8,13,11,11,10,10,10,9,9,8,8,8,8,8,8,8,9,9,12,12,11,11,10,10,10,10,9,9,9,9,9,9,9
82,10,9,6,6,5,5,4,4,4,11,10,9,9,8,8,6,6,6,5,5,4,4,4,10,9,8,5,5,4,4,4,9,8,7,7,6,5,4,4,4,8,7,7,6,6,5,5,4,4,2,8,7,6,6,5,5,4,2,1,10,7,6,6,4,4,3,3,2,1,1,10,7,7,6,4,3,3,2,2,1,1,0,1,1,10,7,7,4,4,3,3,2,2,1,1,1,1,1,11,10,8,5,5,4,3,3,2,2,2,1,1,11,10,9,7,6,6,5,4,4,3,3,2,2,2,2,2,3,11,10,6,6,5,5,4,4,3,2,2,2,3,3,11,10,6,6,5,4,3,4,10,6,6,6,5,4,4,3,3,4,7,6,5,5,4,4,4,4,4,4,11,9,7,7,7,6,6,5,5,5,5,4,4,5,5,11,10,7,7,7,6,6,5,5,5,5,5,11,7,6,6,6,6,6,6,6,8,8,7,7,7,7,6,6,6,6,6,9,9,8,8,8,7,7,7,7,7,7,7,7,7,7,7,13,10,10,9,9,8,8,8,7,7,7,7,7,7,7,7,13,12,11,10,10,9,9,8,8,8,8,8,8,8,8,8,8,13,11,11,11,10,10,9,9,9,8,8,8,8,8,8,8,9,12,12,11,11,11,10,10,10,10,9,9,9,9,9,9
83,11,9,7,6,5,5,5,4,4,11,11,10,9,9,8,7,6,6,6,5,5,4,4,11,9,9,6,5,5,4,4,9,9,8,7,6,5,5,4,4,8,8,7,7,6,6,5,5,4,2,9,7,7,6,6,5,5,2,2,11,7,7,6,5,4,4,3,2,2,1,11,8,7,7,4,4,3,3,2,2,1,1,0,1,10,8,7,5,4,4,3,3,2,2,1,1,1,1,11,11,9,6,5,5,4,3,3,2,2,2,1,11,11,9,7,7,6,6,5,4,4,3,3,2,2,2,2,2,11,11,7,6,6,5,5,4,3,3,2,2,2,3,11,11,7,6,6,5,3,3,11,7,6,6,6,5,4,3,3,4,7,7,5,5,4,4,4,4,4,4,11,10,8,7,7,7,6,6,5,5,5,5,4,5,5,11,11,8,7,7,6,6,5,5,5,5,5,11,7,7,6,6,6,6,6,6,9,8,8,7,7,7,6,6,6,6,6,10,9,9,8,8,8,7,7,7,7,7,7,7,7,7,7,13,11,10,10,9,8,8,8,8,7,7,7,7,7,7,7,13,13,11,11,10,9,9,9,8,8,8,8,8,8,8,8,8,14,12,11,11,11,10,10,9,9,9,8,8,8,8,8,8,8,13,12,12,11,11,11,10,10,10,9,9,9,9,9,9
84,11,10,7,7,6,5,5,4,4,12,11,10,10,9,9,7,7,6,6,6,5,5,4,11,10,9,6,6,5,5,4,10,9,9,8,7,6,5,5,4,9,8,8,7,7,6,6,5,5,2,9,8,7,7,6,6,5,3,2,12,8,7,7,6,5,4,4,3,2,2,12,8,8,7,5,4,4,3,3,2,2,1,1,0,11,8,8,6,5,4,4,3,3,2,2,1,1,1,12,11,9,6,6,5,5,4,3,3,2,2,2,12,11,10,8,7,7,6,5,5,4,4,3,3,2,2,2,2,12,11,7,7,6,6,5,4,4,3,3,2,2,2,12,11,7,7,6,5,3,3,11,7,7,6,6,5,5,4,3,3,8,7,6,5,4,4,4,4,4,4,12,10,8,8,7,7,6,6,6,5,5,5,5,4,5,12,11,8,8,7,7,6,6,5,5,5,5,12,7,7,6,6,6,6,6,6,9,9,8,8,7,7,7,6,6,6,6,10,9,9,9,8,8,8,7,7,7,7,7,7,7,7,7,14,11,11,10,9,9,8,8,8,8,7,7,7,7,7,7,13,13,11,11,11,10,9,9,9,8,8,8,8,8,8,8,8,14,12,12,11,11,11,10,9,9,9,9,8,8,8,8,8,8,13,13,12,12,11,11,11,10,10,9,9,9,9,9,9
85,4,5,7,7,8,8,9,10,13,4,4,4,4,4,5,6,6,7,7,8,8,9,9,3,4,4,6,7,7,8,8,3,4,4,4,5,6,7,7,8,3,4,4,4,5,5,6,6,7,10,2,4,4,5,5,6,6,8,9,1,3,4,5,6,6,7,7,8,9,9,1,3,3,4,6,7,7,8,8,9,9,10,10,11,0,3,3,6,6,7,7,8,8,9,9,10,10,11,1,1,2,5,6,6,7,7,8,8,9,9,10,1,1,2,3,4,5,5,6,7,7,8,8,9,9,11,12,12,2,2,4,5,5,6,6,7,8,9,9,10,12,12,2,2,5,5,6,7,10,12,3,5,6,6,7,8,8,10,11,12,6,6,7,8,9,10,10,11,12,13,4,4,5,6,6,7,8,8,9,9,10,10,11,12,13,4,5,6,7,7,8,8,9,10,10,11,11,5,8,8,9,10,11,11,12,13,7,7,8,8,9,9,10,11,12,13,13,7,7,8,8,9,9,9,10,10,11,11,12,12,13,13,14,7,7,7,8,8,9,9,10,10,11,11,12,12,13,13,14,7,7,8,8,8,9,9,10,10,11,11,11,12,13,13,14,14,8,8,8,8,9,9,9,11,11,11,12,12,13,13,13,14,14,8,8,9,9,9,9,10,10,10,12,12,13,13,14,14
86,5,4,5,5,6,6,7,7,10,5,5,4,4,4,4,4,4,5,5,5,6,6,7,4,3,3,4,5,5,6,6,3,3,3,3,3,4,4,5,5,2,2,2,2,3,3,4,4,4,7,2,2,2,2,3,3,4,6,7,3,1,2,2,3,3,4,5,6,6,7,3,1,1,1,3,4,4,5,6,6,7,7,8,8,3,0,1,3,3,4,4,5,6,6,7,7,8,8,3,3,1,2,3,3,4,4,5,6,6,7,7,3,3,2,1,2,2,2,3,4,5,5,6,6,7,8,9,9,4,3,2,2,3,3,4,5,6,6,7,7,9,9,4,4,3,3,4,4,7,10,4,3,4,4,4,5,6,7,8,10,4,4,5,6,7,7,8,8,9,10,5,4,4,4,4,5,5,6,6,7,7,8,8,10,10,5,5,5,5,5,6,6,7,7,8,8,9,5,6,6,7,7,8,9,10,10,6,6,6,6,7,7,8,9,10,10,11,6,6,6,7,7,7,7,8,8,9,9,9,10,10,11,11,7,7,7,7,7,7,8,8,8,9,9,10,10,11,11,11,8,7,7,7,7,7,8,8,8,9,9,9,10,11,11,11,12,8,8,8,8,8,8,8,9,9,9,10,10,11,11,11,12,12,8,8,8,8,8,8,9,9,9,10,11,11,11,12,12
87,5,5,5,5,6,6,6,7,10,5,5,4,4,4,4,4,4,4,5,5,5,6,6,5,4,3,4,4,5,5,6,3,3,3,3,3,4,4,4,5,2,2,2,2,2,3,3,4,4,6,2,2,2,2,2,3,3,5,6,4,1,1,2,2,3,3,4,5,6,6,4,1,1,1,3,3,4,4,5,6,6,7,7,8,3,1,0,2,3,3,4,4,5,6,6,7,7,8,4,3,2,2,2,3,3,4,4,5,6,6,7,4,3,2,1,1,2,2,3,3,4,5,5,6,6,8,8,9,4,4,2,2,2,3,3,4,5,6,6,7,8,9,4,4,2,3,3,4,6,9,4,3,3,4,4,5,5,7,8,9,3,4,5,5,6,7,7,8,9,9,5,4,4,4,4,4,5,5,6,6,7,7,8,9,10,5,5,5,5,5,5,6,7,7,7,8,8,6,6,6,7,7,8,8,9,10,6,6,6,6,6,7,7,9,9,10,10,6,6,6,6,7,7,7,7,8,8,9,9,9,10,10,11,8,7,7,7,7,7,7,8,8,8,9,9,10,10,11,11,8,8,7,7,7,7,8,8,8,8,9,9,10,10,11,11,11,9,8,8,8,8,8,8,9,9,9,9,10,10,11,11,11,12,9,8,8,8,8,8,8,9,9,10,10,11,11,11,12
88,7,6,4,4,5,5,5,6,8,7,7,6,5,5,5,4,4,4,4,4,4,4,5,6,5,5,3,3,3,4,4,5,4,4,4,3,3,3,3,3,4,4,3,3,2,2,2,2,2,4,4,3,2,2,2,2,2,3,4,6,2,2,2,1,1,2,2,3,3,4,6,3,2,2,1,1,2,2,3,3,4,4,5,6,6,3,2,0,1,1,2,2,3,3,4,4,5,6,6,6,4,1,1,1,1,2,2,3,3,4,4,6,6,5,2,2,2,1,1,2,2,2,3,3,4,6,6,7,6,6,2,2,2,2,2,2,3,4,4,5,6,7,6,6,2,2,2,2,4,7,6,3,3,3,3,3,4,5,6,7,3,3,3,4,5,5,6,6,7,7,7,5,4,4,4,4,4,4,4,5,5,5,6,7,8,7,6,5,4,4,5,5,5,6,6,6,7,7,5,5,5,6,6,7,7,8,6,6,6,6,6,6,6,7,8,8,9,6,6,6,6,6,6,6,6,7,7,7,7,8,8,9,9,9,7,7,7,7,7,7,7,7,7,7,8,8,9,9,9,9,9,8,7,7,7,7,7,7,7,8,8,8,9,9,9,10,10,8,8,8,8,8,8,8,8,8,8,9,9,9,9,10,10,9,9,9,9,8,8,8,8,8,9,9,9,10,10,10
89,7,6,5,4,4,5,5,5,7,8,7,6,6,5,5,4,4,4,4,4,4,4,4,7,6,5,3,3,3,3,4,5,5,4,4,3,3,3,3,3,4,4,4,3,3,2,2,2,2,4,5,3,3,2,2,2,2,3,4,7,3,2,2,1,1,1,2,2,3,3,7,3,3,2,1,1,1,2,2,3,3,4,4,5,6,3,3,1,0,1,1,2,2,3,3,4,4,5,7,6,4,1,1,1,1,1,2,2,3,3,4,7,6,5,3,2,2,2,1,1,2,2,2,3,3,5,6,6,7,6,3,2,2,2,2,2,3,3,4,4,6,6,7,6,3,2,2,2,4,6,7,3,3,3,3,3,3,4,5,7,4,3,3,3,4,5,5,6,6,7,7,6,4,4,4,4,4,4,4,4,5,5,5,7,7,7,7,5,5,4,4,5,5,5,5,6,6,7,5,5,5,5,6,6,7,7,6,6,6,6,6,6,6,7,7,8,8,7,6,6,6,6,6,6,6,6,7,7,7,7,8,8,9,9,7,7,7,7,7,7,7,7,7,7,8,8,8,9,9,9,9,8,8,7,7,7,7,7,7,7,8,8,8,9,9,9,10,9,8,8,8,8,8,8,8,8,8,8,9,9,9,9,10,10,9,9,9,9,8,8,8,8,9,9,9,9,10,10
90,7,6,5,5,4,4,5,5,7,8,8,7,6,6,5,4,4,4,4,4,4,4,4,7,6,6,3,3,3,3,3,6,5,5,4,4,3,3,3,3,5,4,4,4,3,3,2,2,2,4,5,4,3,3,2,2,2,2,3,7,3,3,2,2,1,1,1,2,2,3,7,4,3,3,1,1,1,1,2,2,3,3,4,4,7,4,3,1,1,0,1,1,2,2,3,3,4,4,7,7,5,2,1,1,1,1,1,2,2,3,3,7,7,6,3,3,2,2,1,1,1,2,2,2,3,5,5,6,7,7,3,3,2,2,2,2,2,3,3,4,5,6,7,7,3,3,2,2,4,6,7,4,3,3,3,3,3,4,5,6,4,4,3,3,4,4,5,5,6,6,8,6,5,4,4,4,4,4,4,4,4,5,5,6,7,7,7,5,5,5,4,4,5,5,5,6,6,8,5,5,5,5,6,6,7,7,6,6,6,6,6,6,6,6,7,7,8,7,6,6,6,6,6,6,6,6,6,7,7,7,7,8,8,10,8,7,7,7,7,7,7,7,7,7,7,8,8,8,9,10,9,8,8,8,7,7,7,7,7,7,7,8,8,8,9,9,11,9,9,8,8,8,8,8,8,8,8,8,8,9,9,9,9,10,10,9,9,9,9,8,8,8,9,9,9,9,9,10
91,8,7,5,5,4,4,4,5,7,9,8,7,7,6,6,5,4,4,4,4,4,4,4,8,6,6,4,3,3,3,3,6,6,5,5,4,3,3,3,3,5,5,4,4,4,3,3,2,2,3,6,4,4,3,3,2,2,2,3,8,4,3,3,2,2,1,1,2,2,2,8,4,4,3,1,1,1,1,1,2,2,3,3,4,7,4,4,2,1,1,0,1,1,2,2,3,3,4,8,7,6,2,2,1,1,1,1,1,2,2,3,8,7,6,4,3,3,2,2,1,1,1,2,2,2,4,5,5,8,7,4,3,3,2,2,2,2,2,3,3,5,5,8,7,4,3,3,2,3,5,8,4,4,3,3,3,3,4,4,6,4,4,3,3,4,4,4,5,6,6,8,7,5,5,4,4,4,4,4,4,4,4,5,6,6,8,7,5,5,5,4,4,5,5,5,5,5,8,5,5,5,5,5,6,6,7,6,6,6,6,6,6,6,6,7,7,7,7,7,6,6,6,6,6,6,6,6,6,7,7,7,7,8,10,8,8,7,7,7,7,7,7,7,7,7,7,8,8,8,10,10,8,8,8,7,7,7,7,7,7,7,8,8,8,8,9,11,9,9,9,8,8,8,8,8,8,8,8,8,8,9,9,9,10,10,9,9,9,9,9,8,8,8,9,9,9,9,9
92,8,7,5,5,5,4,4,5,6,9,9,8,7,7,6,5,5,4,4,4,4,4,4,8,7,6,4,4,3,3,3,7,6,6,5,4,4,3,3,3,6,5,5,4,4,4,3,3,2,3,6,5,4,4,3,3,2,2,2,8,5,4,3,2,2,2,1,1,2,2,8,5,4,4,2,1,1,1,1,1,2,2,3,3,8,5,4,2,2,1,1,0,1,1,2,2,3,3,8,8,6,3,2,2,1,1,1,1,1,2,2,8,8,7,5,4,3,3,2,2,1,1,1,2,2,3,4,5,8,8,4,4,3,3,2,2,2,2,2,3,4,5,9,8,4,4,3,2,3,5,8,4,4,4,3,3,3,3,4,5,5,4,3,3,3,4,4,4,5,6,9,7,5,5,5,4,4,4,4,4,4,4,4,5,6,8,8,5,5,5,5,4,4,5,5,5,5,9,5,5,5,5,5,5,6,6,6,6,6,6,6,6,6,6,6,7,7,7,7,7,6,6,6,6,6,6,6,6,6,7,7,7,7,11,8,8,8,7,7,7,7,7,7,7,7,7,7,8,8,11,10,9,8,8,8,7,7,7,7,7,7,7,8,8,8,8,11,9,9,9,9,8,8,8,8,8,8,8,8,8,8,9,9,11,10,10,9,9,9,9,9,8,8,8,9,9,9,9
93,9,7,6,5,5,5,4,4,6,10,9,8,8,7,7,5,5,5,4,4,4,4,4,9,7,7,4,4,4,3,3,7,7,6,6,5,4,4,3,3,6,6,5,5,4,4,4,3,3,2,7,5,5,4,4,3,3,2,2,9,5,5,4,3,2,2,2,1,1,2,9,6,5,4,2,2,1,1,1,1,1,2,2,3,8,6,5,3,2,2,1,1,0,1,1,2,2,3,9,8,7,3,3,2,2,1,1,1,1,1,2,9,8,7,5,5,4,3,2,2,2,1,1,1,2,3,3,4,9,8,5,4,4,3,3,2,2,2,2,2,4,4,9,9,4,4,4,3,2,4,9,5,4,4,4,3,3,3,4,5,5,5,4,3,3,3,4,4,5,5,9,8,6,5,5,5,4,4,4,4,4,4,4,5,5,9,8,6,6,5,5,5,4,4,5,5,5,9,5,5,5,5,5,5,6,6,7,6,6,6,6,6,6,6,6,6,7,8,7,7,7,6,6,6,6,6,6,6,6,6,7,7,7,11,9,8,8,7,7,7,7,7,7,7,7,7,7,7,8,11,11,9,9,8,8,7,7,7,7,7,7,7,7,8,8,8,12,10,9,9,9,9,8,8,8,8,8,8,8,8,8,8,9,11,11,10,10,9,9,9,9,9,8,8,8,9,9,9
94,9,8,6,6,5,5,5,4,6,10,10,9,8,8,7,6,5,5,5,4,4,4,4,9,8,7,5,4,4,4,3,8,7,7,6,5,4,4,4,3,7,6,6,5,5,4,4,4,3,2,7,6,5,5,4,4,3,2,2,9,6,5,5,3,3,2,2,1,1,1,9,6,6,5,3,2,2,1,1,1,1,1,2,2,9,6,6,3,3,2,2,1,1,0,1,1,2,2,9,9,7,4,3,3,2,2,1,1,1,1,1,9,9,8,6,5,5,4,3,2,2,2,1,1,1,2,3,3,9,9,5,5,4,4,3,2,2,2,2,2,3,4,10,9,5,4,4,3,2,4,9,5,5,4,4,3,3,3,3,4,6,5,4,4,3,3,3,4,4,5,10,8,6,6,5,5,4,4,4,4,4,4,4,5,5,9,9,6,6,6,5,5,4,4,4,5,5,10,6,5,5,5,5,5,5,6,7,7,6,6,6,6,6,6,6,6,6,8,7,7,7,7,6,6,6,6,6,6,6,6,6,7,7,11,9,9,8,8,7,7,7,7,7,7,7,7,7,7,7,11,11,9,9,9,8,8,7,7,7,7,7,7,7,7,8,8,12,10,10,9,9,9,8,8,8,8,8,8,8,8,8,8,8,11,11,10,10,10,9,9,9,9,8,8,8,8,9,9
95,10,8,6,6,5,5,5,4,5,11,10,9,9,8,8,6,6,5,5,5,4,4,4,10,8,8,5,5,4,4,4,8,8,7,7,6,5,4,4,4,7,7,6,6,5,5,4,4,4,2,8,6,6,5,5,4,4,2,2,10,6,6,5,4,3,3,2,2,1,1,10,7,6,6,3,3,2,2,1,1,1,1,1,2,9,7,6,4,3,3,2,2,1,1,0,1,1,2,10,9,8,4,4,3,3,2,2,1,1,1,1,10,9,8,6,6,5,5,3,3,2,2,2,1,1,2,2,3,10,9,6,5,5,4,4,3,2,2,2,2,3,3,10,10,5,5,4,4,2,4,10,6,5,5,4,4,3,3,3,4,6,6,4,4,3,3,3,3,4,4,10,9,7,6,6,5,5,4,4,4,4,4,4,4,5,10,9,7,6,6,5,5,5,4,4,4,5,10,6,6,5,5,5,5,5,5,7,7,7,6,6,6,6,6,6,6,6,9,8,7,7,7,7,6,6,6,6,6,6,6,6,6,7,12,9,9,9,8,7,7,7,7,7,7,7,7,7,7,7,12,11,10,9,9,8,8,8,7,7,7,7,7,7,7,7,8,13,11,10,10,9,9,9,8,8,8,8,8,8,8,8,8,8,12,11,11,10,10,10,9,9,9,8,8,8,8,8,9
96,10,9,7,6,6,5,5,5,5,11,11,10,9,9,8,7,6,6,5,5,5,4,4,10,9,8,6,5,5,4,4,9,8,8,7,6,5,5,4,4,8,7,7,6,6,5,5,4,4,2,8,7,6,6,5,5,4,2,2,11,7,6,6,5,4,3,3,2,2,1,10,7,7,6,4,3,3,2,2,1,1,1,1,1,10,7,7,4,4,3,3,2,2,1,1,0,1,1,10,10,8,5,4,4,3,3,2,2,1,1,1,11,10,9,7,6,6,5,4,3,3,2,2,2,1,2,2,2,11,10,6,6,5,5,4,3,2,2,2,2,2,3,11,10,6,5,5,4,2,3,10,6,6,5,5,4,4,3,3,4,6,6,5,4,3,3,3,3,4,4,11,9,7,7,6,6,5,5,4,4,4,4,4,4,4,10,10,7,7,6,6,5,5,5,4,4,4,11,6,6,5,5,5,5,5,5,8,7,7,7,6,6,6,6,6,6,6,9,8,8,7,7,7,7,6,6,6,6,6,6,6,6,6,12,10,9,9,8,8,7,7,7,7,7,7,7,7,7,7,12,12,10,10,9,9,8,8,8,7,7,7,7,7,7,7,7,13,11,11,10,10,9,9,8,8,8,8,8,8,8,8,8,8,12,12,11,11,10,10,10,9,9,8,8,8,8,8,8
97,11,9,7,7,6,6,5,5,5,12,11,10,10,9,9,7,7,6,6,5,5,5,4,11,9,9,6,6,5,5,4,9,9,8,8,7,6,5,5,4,9,8,7,7,6,6,5,5,4,2,9,7,7,6,6,5,5,3,2,11,7,7,6,5,5,4,3,2,2,2,11,8,7,7,4,4,3,3,2,2,1,1,1,1,10,8,7,5,4,4,3,3,2,2,1,1,0,1,11,10,9,6,5,4,4,3,3,2,2,1,1,11,11,9,7,7,6,6,5,4,3,3,2,2,2,1,2,2,11,11,7,6,6,5,5,4,3,2,2,2,2,2,11,11,6,6,5,4,2,3,11,7,6,6,5,4,4,3,3,3,7,6,5,5,4,3,3,3,3,4,11,10,8,7,7,6,5,5,5,4,4,4,4,4,4,11,10,7,7,7,6,5,5,5,5,4,4,11,7,6,6,5,5,5,5,5,8,8,7,7,7,6,6,6,6,6,6,9,9,8,8,7,7,7,7,6,6,6,6,6,6,6,6,13,10,10,9,9,8,8,7,7,7,7,7,7,7,7,7,13,12,11,10,10,9,8,8,8,8,7,7,7,7,7,7,7,13,11,11,11,10,10,9,8,8,8,8,8,8,8,8,8,8,12,12,11,11,11,10,10,10,9,8,8,8,8,8,8
98,11,10,7,7,6,6,6,5,5,12,12,11,10,10,9,8,7,7,6,6,5,5,5,11,10,9,6,6,6,5,5,10,9,9,8,7,6,6,5,5,9,9,8,7,7,6,6,5,5,3,9,8,7,7,6,6,5,3,2,12,8,7,7,6,5,5,4,3,2,2,12,8,8,7,5,4,4,3,3,2,2,1,1,1,11,8,8,6,5,4,4,3,3,2,2,1,1,0,12,11,9,6,6,5,4,4,3,3,2,2,1,12,11,10,8,7,7,6,5,5,4,3,3,2,2,1,1,2,12,11,7,7,6,6,5,4,3,3,2,2,2,2,12,11,7,6,6,5,3,2,11,7,7,6,6,5,4,3,3,3,7,7,6,5,4,4,3,3,3,3,12,10,8,8,7,7,6,5,5,5,4,4,4,4,4,11,11,8,7,7,6,6,5,5,5,5,4,12,7,7,6,6,5,5,5,5,9,8,8,7,7,7,6,6,6,6,6,10,9,9,8,8,7,7,7,7,6,6,6,6,6,6,6,13,11,10,10,9,8,8,8,7,7,7,7,7,7,7,7,13,13,11,11,10,9,9,8,8,8,8,7,7,7,7,7,7,14,12,11,11,11,10,9,9,8,8,8,8,8,8,8,8,8,13,12,12,11,11,11,10,10,10,9,8,8,8,8,8
99,5,6,7,8,9,9,10,11,14,4,4,5,5,5,6,7,7,7,8,8,9,9,10,4,4,5,7,8,8,9,9,4,4,5,5,6,7,7,8,8,4,4,5,5,6,6,7,7,8,10,3,4,5,5,6,6,7,9,10,2,4,5,5,6,7,7,8,9,9,10,1,3,4,5,7,7,8,8,9,9,10,11,11,12,1,3,4,6,7,7,8,8,9,9,10,10,11,12,0,1,2,6,6,7,7,8,8,9,9,10,10,1,1,2,4,4,5,6,7,7,8,8,9,9,10,12,12,13,1,1,5,5,6,6,7,8,9,9,10,11,12,13,2,2,5,6,6,7,10,13,2,5,6,6,7,8,9,10,11,13,6,6,8,8,10,10,11,11,12,13,3,4,6,6,6,7,8,8,9,9,10,10,11,13,13,4,4,6,7,7,8,9,10,10,11,11,12,5,8,8,9,10,11,11,12,13,7,7,8,8,9,9,10,12,13,13,14,7,7,8,8,9,9,9,10,10,11,11,12,12,13,13,14,6,7,7,7,8,9,9,10,10,11,11,12,13,13,14,14,7,7,7,8,8,9,9,10,10,11,11,11,12,13,13,14,14,7,8,8,8,8,9,9,11,11,11,12,12,13,13,14,14,15,8,8,8,9,9,9,9,10,10,12,13,13,13,14,14
100,5,5,7,7,8,9,9,10,13,4,4,5,5,5,5,6,7,7,7,8,8,9,9,4,4,4,7,7,8,8,9,4,4,4,5,6,6,7,7,8,4,4,4,5,5,6,6,7,7,10,3,4,4,5,5,6,6,9,10,2,4,4,5,6,6,7,7,8,9,9,1,3,3,4,6,7,7,8,8,9,9,10,11,11,1,3,3,6,6,7,7,8,8,9,9,10,10,11,1,0,2,5,6,6,7,7,8,8,9,9,10,1,1,1,3,4,4,5,6,7,7,8,8,9,9,11,12,12,1,1,4,5,5,6,6,7,8,9,9,10,12,12,2,2,5,5,6,7,9,12,2,5,5,6,6,7,8,10,11,12,5,6,7,8,9,10,10,11,12,12,3,4,5,6,6,6,7,8,8,9,9,10,10,12,13,4,4,6,6,7,8,8,9,10,10,11,11,4,7,8,9,9,10,11,12,12,7,7,7,8,8,9,10,11,12,13,13,6,7,7,8,8,9,9,9,10,10,11,11,12,12,13,13,6,7,7,7,8,9,9,9,10,10,11,12,12,13,13,14,7,7,7,7,8,8,9,9,10,10,11,11,12,12,13,13,14,7,7,8,8,8,8,9,10,11,11,11,12,12,13,13,14,14,8,8,8,8,9,9,9,9,10,12,12,13,13,13,14
101,5,5,6,6,7,7,8,9,12,5,5,4,4,4,5,5,6,6,6,7,7,7,8,4,4,4,5,6,6,7,7,3,3,3,4,4,5,6,6,6,3,3,3,4,4,4,5,5,6,8,2,3,3,4,4,4,5,7,8,3,2,3,3,4,5,5,6,7,7,8,2,2,2,2,5,5,6,6,7,7,8,8,9,9,2,1,2,4,4,5,6,6,7,7,8,8,9,9,2,2,0,3,4,4,5,6,6,7,7,8,8,2,2,1,2,2,3,3,4,5,6,6,7,7,8,9,10,10,2,2,2,3,3,4,5,6,7,7,8,8,10,11,3,2,3,4,4,5,8,11,3,4,4,4,5,6,6,8,9,11,4,4,6,6,8,8,9,9,10,11,4,3,4,4,5,5,6,6,7,7,8,8,9,10,11,4,4,5,5,5,6,7,8,8,9,9,10,5,6,7,7,8,9,9,10,11,6,6,6,7,7,7,8,10,11,11,12,6,6,6,7,7,7,8,8,9,9,9,10,10,11,11,12,6,6,6,6,7,7,8,8,9,9,9,10,11,11,12,12,7,7,7,7,7,7,8,8,9,9,9,10,11,11,11,12,12,7,7,7,7,7,8,8,9,9,10,10,11,11,11,12,12,13,8,8,8,8,8,8,8,9,9,11,11,11,12,12,13
102,7,6,5,5,5,5,6,6,9,7,7,6,6,5,5,4,4,4,5,5,5,5,6,6,5,5,4,4,4,4,5,5,4,4,4,3,3,3,4,4,4,4,3,3,3,3,3,3,3,5,4,3,2,2,2,2,2,4,5,6,2,2,2,2,2,2,3,4,4,5,6,2,2,2,2,2,2,3,3,4,5,5,6,6,5,2,2,1,1,2,2,3,3,4,4,5,6,6,6,5,3,0,1,1,2,2,3,3,4,4,5,6,5,4,2,1,1,1,1,2,2,3,3,4,4,6,7,7,6,5,2,1,1,1,2,2,3,4,5,5,7,7,6,5,2,2,2,2,5,7,5,2,2,2,2,3,4,5,6,7,3,3,3,4,5,5,6,6,7,8,6,5,3,3,3,3,4,4,4,5,5,6,6,7,8,6,5,4,4,4,4,4,5,5,6,6,7,6,5,5,5,6,6,7,7,8,5,5,5,5,5,5,6,7,8,8,9,6,6,6,6,6,6,6,6,6,7,7,7,8,8,9,9,8,6,6,6,6,6,6,6,7,7,7,8,8,9,9,9,8,8,7,7,7,7,7,7,7,7,7,8,8,9,9,9,10,9,8,7,7,7,7,7,7,8,8,8,8,9,9,9,10,10,9,8,8,8,8,8,8,8,8,9,9,9,9,10,10
103,7,6,5,5,5,5,5,6,8,7,7,6,6,6,5,5,4,4,4,5,5,5,5,7,5,5,4,4,4,4,4,5,5,4,4,3,3,3,3,4,4,4,4,3,3,3,3,3,3,5,4,3,3,2,2,2,2,4,4,6,3,2,2,2,2,2,2,3,4,4,6,3,2,2,1,2,2,2,3,3,4,5,5,6,6,3,2,1,1,1,2,2,3,3,4,4,5,6,6,6,4,1,0,1,1,2,2,3,3,4,4,6,6,4,2,2,1,1,1,1,2,2,3,3,4,6,6,7,6,6,2,2,1,1,1,2,3,3,4,5,6,7,6,6,2,2,2,2,4,7,6,2,2,2,2,3,3,4,5,7,3,3,3,3,4,5,5,6,7,7,6,5,4,3,3,3,3,4,4,4,5,5,6,7,7,6,6,4,4,4,4,4,5,5,5,6,6,7,4,5,5,5,6,6,7,7,5,5,5,5,5,5,6,7,7,8,8,6,6,6,6,6,6,6,6,6,6,7,7,7,8,8,9,9,7,6,6,6,6,6,6,6,7,7,7,8,8,9,9,9,8,7,7,7,7,7,7,7,7,7,7,8,8,9,9,9,9,8,8,7,7,7,7,7,7,8,8,8,8,9,9,9,10,9,9,8,8,8,8,8,8,8,8,9,9,9,9,10
104,7,6,5,5,5,5,5,6,8,8,7,7,6,6,6,5,5,4,4,4,5,5,5,7,6,5,4,4,4,4,4,6,5,5,4,4,3,3,3,3,5,4,4,4,3,3,3,3,3,4,5,4,3,3,2,2,2,3,4,7,3,3,2,2,2,2,2,3,3,4,7,3,3,2,1,1,2,2,2,3,3,4,5,5,6,3,3,1,1,1,1,2,2,3,3,4,4,5,7,6,4,1,1,0,1,1,2,2,3,3,4,7,6,5,3,2,2,1,1,1,1,2,2,3,3,5,6,6,7,6,2,2,2,1,1,2,2,3,3,4,6,6,7,6,2,2,2,2,4,6,6,3,2,2,2,2,3,4,5,6,3,3,3,3,4,4,5,5,6,7,7,6,4,4,3,3,3,3,4,4,4,5,5,6,7,7,6,4,4,4,4,4,4,5,5,5,6,7,4,4,5,5,6,6,7,7,5,5,5,5,5,5,5,6,7,7,8,6,6,6,6,6,6,6,6,6,6,6,7,7,7,8,8,9,7,7,6,6,6,6,6,6,6,7,7,7,8,8,9,9,9,7,7,7,7,7,7,7,7,7,7,8,8,8,9,9,10,8,8,8,7,7,7,7,7,7,8,8,8,8,9,9,9,9,9,8,8,8,8,8,8,8,8,8,9,9,9,9
105,8,7,5,5,5,5,5,5,7,8,8,7,7,6,6,5,5,5,4,4,4,5,5,8,6,6,4,4,4,4,4,6,6,5,5,4,3,3,3,3,5,5,4,4,4,3,3,3,3,4,5,4,4,3,3,2,2,3,4,7,4,3,3,2,2,2,2,2,3,3,7,4,3,3,1,1,1,2,2,2,3,3,4,5,7,4,3,1,1,1,1,1,2,2,3,3,4,4,7,7,5,2,1,1,0,1,1,2,2,3,3,7,7,6,3,3,2,2,1,1,1,1,2,2,3,4,5,6,7,7,3,2,2,2,1,1,2,2,3,3,5,6,7,7,3,2,2,2,3,6,7,3,3,2,2,2,2,4,4,6,4,3,3,3,4,4,4,5,6,6,7,6,4,4,4,3,3,3,3,4,4,4,5,6,6,7,7,4,4,4,4,4,4,4,5,5,5,7,4,4,5,5,5,6,6,7,5,5,5,5,5,5,5,6,7,7,7,6,6,6,6,6,6,6,6,6,6,6,6,7,7,7,8,9,7,7,7,6,6,6,6,6,6,6,7,7,7,8,8,9,9,8,7,7,7,7,7,7,7,7,7,7,8,8,8,9,10,8,8,8,8,7,7,7,7,7,7,8,8,8,8,9,9,9,9,9,8,8,8,8,8,8,8,8,8,9,9,9
106,8,7,5,5,5,5,5,5,7,9,8,7,7,7,6,5,5,5,5,4,4,4,5,8,7,6,4,4,4,4,4,6,6,6,5,4,4,3,3,3,6,5,5,4,4,4,3,3,3,4,6,4,4,4,3,3,2,2,3,8,4,4,3,2,2,2,2,2,2,3,8,5,4,3,2,1,1,1,2,2,2,3,3,4,7,4,4,2,1,1,1,1,1,2,2,3,3,4,8,7,6,2,2,1,1,0,1,1,2,2,3,8,7,6,4,3,3,2,1,1,1,1,1,2,2,4,4,5,8,7,3,3,2,2,2,1,2,2,2,3,5,5,8,7,3,3,2,2,3,5,7,4,3,3,2,2,2,3,4,5,4,4,3,3,3,4,4,4,5,6,8,6,5,4,4,4,3,3,3,3,4,4,4,6,6,8,7,5,4,4,4,4,4,4,4,5,5,8,5,4,4,5,5,5,6,6,6,5,5,5,5,5,5,6,6,7,7,7,6,6,6,6,6,6,6,6,6,6,6,6,7,7,7,10,7,7,7,6,6,6,6,6,6,6,7,7,7,7,8,10,9,8,8,7,7,7,7,7,7,7,7,7,7,8,8,8,11,9,8,8,8,8,7,7,7,7,7,7,8,8,8,8,9,10,9,9,9,8,8,8,8,8,8,8,8,8,9,9
107,9,7,6,5,5,5,5,5,7,9,9,8,7,7,7,6,5,5,5,5,4,4,4,9,7,7,4,4,4,4,4,7,6,6,6,5,4,4,3,3,6,6,5,5,4,4,4,3,3,3,6,5,4,4,4,3,3,2,3,8,5,4,4,3,2,2,2,2,2,2,8,5,5,4,2,2,1,1,1,2,2,2,3,3,8,5,4,2,2,1,1,1,1,1,2,2,3,3,8,8,6,3,2,2,1,1,0,1,1,2,2,8,8,7,4,4,3,3,2,1,1,1,1,1,2,3,4,4,8,8,4,3,3,2,2,1,1,2,2,2,4,5,8,8,4,3,3,2,2,5,8,4,4,3,3,2,2,3,4,5,4,4,3,3,3,3,4,4,5,5,8,7,5,5,4,4,3,3,3,3,3,4,4,5,6,8,8,5,5,4,4,4,4,4,4,4,5,8,5,5,4,4,5,5,6,6,6,6,5,5,5,5,5,5,6,6,7,7,6,6,6,6,6,6,6,6,6,6,6,6,6,7,7,10,8,7,7,7,6,6,6,6,6,6,6,7,7,7,7,10,10,8,8,8,7,7,7,7,7,7,7,7,7,7,8,8,11,9,9,8,8,8,7,7,7,7,7,7,7,8,8,8,8,10,10,9,9,9,8,8,8,8,8,8,8,8,8,9
108,9,8,6,6,5,5,5,5,6,10,9,8,8,7,7,6,6,5,5,5,5,4,4,9,8,7,5,4,4,4,4,7,7,6,6,5,4,4,4,3,7,6,6,5,5,4,4,4,3,3,7,5,5,4,4,4,3,2,2,9,5,5,4,3,3,2,2,2,2,2,9,6,5,5,2,2,2,1,1,1,2,2,2,3,8,6,5,3,2,2,1,1,1,1,1,2,2,3,9,8,7,3,3,2,2,1,1,0,1,1,2,9,8,7,5,4,4,3,2,2,1,1,1,1,1,3,3,4,9,8,5,4,3,3,2,2,1,1,2,2,3,4,9,8,4,4,3,2,2,4,9,4,4,4,3,2,2,2,3,4,5,4,3,3,3,3,3,4,4,5,9,7,6,5,5,4,4,3,3,3,3,3,4,5,5,9,8,5,5,5,4,4,4,4,4,4,4,9,5,5,4,4,5,5,5,6,6,6,6,5,5,5,5,5,6,6,6,7,7,6,6,6,6,6,6,6,6,6,6,6,6,6,7,11,8,8,7,7,6,6,6,6,6,6,6,6,7,7,7,11,10,9,8,8,7,7,7,7,7,7,7,7,7,7,7,8,11,9,9,9,8,8,8,7,7,7,7,7,7,7,8,8,8,11,10,9,9,9,9,8,8,8,8,8,8,8,8,8
109,10,8,6,6,5,5,5,5,6,10,10,9,8,8,7,6,6,6,5,5,5,5,4,10,8,8,5,5,4,4,4,8,7,7,6,6,5,4,4,4,7,7,6,6,5,5,4,4,4,3,7,6,5,5,4,4,4,2,2,9,6,5,5,4,3,3,2,2,2,2,9,6,6,5,3,2,2,2,1,1,1,2,2,2,9,6,6,3,3,2,2,1,1,1,1,1,2,2,9,9,7,4,3,3,2,2,1,1,0,1,1,9,9,8,6,5,4,4,3,2,2,1,1,1,1,2,3,3,9,9,5,5,4,3,3,2,1,1,1,2,3,3,9,9,5,4,4,3,2,4,9,5,4,4,4,3,2,2,3,4,5,5,4,3,3,3,3,3,4,4,9,8,6,6,5,5,4,4,3,3,3,3,3,4,5,9,9,6,5,5,4,4,4,4,4,4,4,9,5,5,5,4,4,5,5,5,7,6,6,6,5,5,5,5,5,6,6,8,7,7,6,6,6,6,6,6,6,6,6,6,6,6,6,11,9,8,8,7,7,6,6,6,6,6,6,6,6,7,7,11,11,9,9,8,8,7,7,7,7,7,7,7,7,7,7,7,12,10,9,9,9,8,8,7,7,7,7,7,7,7,7,8,8,11,11,10,9,9,9,9,8,8,8,8,8,8,8,8
110,10,9,7,6,6,5,5,5,6,11,10,9,9,8,8,7,6,6,6,5,5,5,5,10,9,8,5,5,5,4,4,8,8,7,7,6,5,5,4,4,8,7,7,6,6,5,5,4,4,3,8,6,6,5,5,4,4,2,2,10,6,6,5,4,4,3,3,2,2,2,10,7,6,6,3,3,2,2,2,1,1,1,2,2,9,7,6,4,3,3,2,2,1,1,1,1,1,2,10,9,8,4,4,3,3,2,2,1,1,0,1,10,9,8,6,6,5,4,3,3,2,2,1,1,1,2,2,3,10,9,6,5,5,4,3,2,2,1,1,1,2,3,10,9,5,5,4,3,2,3,10,5,5,4,4,3,3,2,2,4,6,5,4,4,3,3,3,3,4,4,10,8,6,6,6,5,4,4,4,3,3,3,3,4,4,10,9,6,6,5,5,4,4,4,4,4,4,10,6,5,5,5,4,4,5,5,7,7,6,6,6,5,5,5,5,5,6,8,7,7,7,6,6,6,6,6,6,6,6,6,6,6,6,12,9,9,8,7,7,7,6,6,6,6,6,6,6,6,7,11,11,9,9,9,8,7,7,7,7,7,7,7,7,7,7,7,12,10,10,9,9,9,8,7,7,7,7,7,7,7,7,7,8,11,11,10,10,9,9,9,9,8,8,8,8,8,8,8
111,11,9,7,7,6,6,5,5,5,11,11,10,9,9,8,7,7,6,6,6,5,5,5,11,9,9,6,5,5,5,4,9,8,8,7,6,6,5,5,4,8,8,7,7,6,6,5,5,4,3,9,7,6,6,5,5,4,3,2,11,7,6,6,5,4,4,3,2,2,2,11,7,7,6,4,3,3,2,2,2,1,1,1,2,10,7,7,4,4,3,3,2,2,1,1,1,1,1,10,10,8,5,4,4,3,3,2,2,1,1,0,10,10,9,7,6,6,5,4,3,3,2,2,1,1,1,2,2,11,10,6,6,5,5,4,3,2,2,1,1,2,2,11,10,6,5,5,4,2,3,10,6,5,5,4,4,3,2,2,3,6,6,4,4,3,3,3,3,3,4,10,9,7,6,6,6,5,4,4,4,3,3,3,4,4,10,10,7,6,6,5,5,4,4,4,4,4,10,6,6,5,5,4,4,5,5,7,7,7,6,6,6,5,5,5,5,5,9,8,7,7,7,6,6,6,6,6,6,6,6,6,6,6,12,9,9,9,8,7,7,7,6,6,6,6,6,6,6,6,12,11,10,9,9,8,8,7,7,7,7,7,7,7,7,7,7,13,11,10,10,9,9,8,8,7,7,7,7,7,7,7,7,7,12,11,11,10,10,9,9,9,9,8,8,8,8,8,8
112,6,6,8,8,9,9,10,11,14,5,5,5,5,6,6,7,7,8,8,9,9,10,10,4,5,5,7,8,8,9,9,4,5,5,5,6,7,8,8,9,4,5,5,6,6,6,7,7,8,10,4,5,5,6,6,7,7,9,10,2,4,5,5,6,7,7,8,9,10,10,2,4,4,5,7,7,8,8,9,9,10,11,11,12,1,3,4,6,7,7,8,8,9,9,10,11,11,12,1,1,2,6,6,7,7,8,8,9,9,10,10,0,1,2,4,4,5,6,7,7,8,8,9,9,10,12,12,13,1,1,4,5,6,6,7,8,9,9,10,10,12,13,1,1,5,6,6,7,10,13,2,5,6,6,7,8,8,10,11,13,5,6,7,8,10,10,11,11,12,13,3,4,5,6,6,7,8,8,9,9,10,10,11,12,13,3,4,6,6,7,8,8,9,10,10,11,11,4,8,8,9,10,11,11,12,13,7,7,7,8,8,9,10,11,12,13,13,6,7,7,8,8,9,9,10,10,11,11,12,12,13,13,14,6,6,7,7,8,9,9,9,10,10,11,12,12,13,13,14,6,6,7,7,7,8,9,9,10,10,11,11,12,13,13,14,14,7,7,7,8,8,8,9,10,11,11,11,12,12,13,13,14,14,7,7,8,8,8,9,9,9,10,12,12,13,13,14,14
113,6,6,7,8,9,9,9,10,13,5,5,5,5,5,6,7,7,7,8,8,9,9,10,4,5,5,7,7,8,8,9,4,4,5,5,6,7,7,8,8,4,4,5,5,6,6,6,7,7,10,3,4,5,5,6,6,7,9,10,2,4,4,5,6,6,7,7,9,9,10,2,3,4,4,6,7,7,8,8,9,9,10,11,11,1,3,3,6,6,7,7,8,8,9,9,10,11,11,1,1,2,5,6,6,7,7,8,8,9,9,10,1,0,1,3,4,4,5,6,7,7,8,8,9,9,11,12,12,1,1,4,4,5,6,6,7,8,9,9,10,12,12,1,1,5,5,6,7,9,12,2,5,5,6,6,7,8,9,11,12,5,5,7,7,9,10,10,11,12,12,3,3,5,5,6,6,7,8,8,9,9,10,10,12,12,3,3,6,6,6,7,8,9,9,10,10,11,4,7,8,9,9,10,11,12,12,6,7,7,7,8,8,9,11,12,12,13,6,7,7,7,8,8,9,9,10,10,11,11,12,12,13,13,6,6,6,7,7,8,9,9,9,10,10,11,12,12,13,13,6,6,7,7,7,8,9,9,9,10,10,11,12,12,13,13,14,7,7,7,7,8,8,9,10,10,11,11,11,12,12,13,13,14,7,7,8,8,8,8,9,9,9,11,12,12,13,13,14
114,6,6,7,7,8,8,9,9,12,5,5,5,5,5,5,6,6,7,7,7,8,8,9,5,4,5,6,7,7,7,8,4,4,4,4,5,6,6,7,7,3,4,4,4,5,5,6,6,6,9,3,4,4,4,5,5,6,8,9,3,3,4,4,5,5,6,6,7,8,9,2,2,3,3,5,6,6,7,7,8,8,9,9,10,2,2,2,5,5,6,6,7,7,8,8,9,9,10,2,1,1,4,4,5,6,6,7,7,8,8,9,2,1,0,2,3,3,4,5,6,6,7,7,8,8,10,10,11,2,1,3,3,4,4,5,6,7,8,8,9,10,11,2,2,3,4,5,6,8,11,2,4,4,5,5,6,7,8,9,11,4,4,6,6,8,9,9,10,11,11,3,3,4,4,5,5,6,7,7,8,8,9,9,11,11,3,3,5,5,6,6,7,8,8,9,9,10,4,6,7,8,8,9,10,11,11,6,6,6,7,7,7,8,10,11,11,12,5,6,6,7,7,7,8,8,9,9,10,10,11,11,12,12,6,6,6,6,7,7,8,8,9,9,9,10,11,11,12,12,6,6,6,6,7,7,8,8,9,9,9,10,11,11,12,12,13,7,7,7,7,7,7,8,9,9,10,10,11,11,11,12,12,13,7,7,7,7,8,8,8,8,9,11,11,11,12,12,13
115,6,6,6,6,6,7,7,8,10,6,6,5,5,5,5,5,5,5,6,6,6,7,7,6,5,5,5,5,6,6,6,4,4,4,4,4,4,5,5,5,3,3,3,3,3,4,4,4,5,7,3,3,3,3,3,4,4,6,7,4,2,2,2,3,4,4,4,5,6,6,4,2,2,2,3,4,4,5,5,6,6,7,7,8,3,1,1,2,3,3,4,5,5,6,6,7,7,8,4,3,2,2,2,3,3,4,4,5,6,6,7,4,3,2,0,1,1,2,3,3,4,4,5,6,6,8,8,9,4,3,1,1,2,2,3,4,5,6,6,7,8,9,4,3,2,2,2,3,6,9,4,2,2,3,3,4,5,6,7,9,2,3,4,4,6,6,7,7,9,9,4,3,3,3,3,4,4,5,5,6,6,7,7,9,9,4,4,3,4,4,5,5,6,6,7,7,8,5,5,5,6,6,7,8,9,9,5,5,5,5,6,6,7,8,9,9,10,5,5,5,5,6,6,6,7,7,7,8,8,9,9,10,10,7,6,6,6,6,6,6,7,7,7,8,9,9,9,10,10,7,7,6,6,6,6,7,7,7,7,8,8,9,9,10,10,11,8,7,7,7,7,7,7,8,8,8,9,9,9,10,10,11,11,7,7,7,7,7,7,7,7,8,9,9,10,10,11,11
116,6,6,6,6,6,6,7,7,10,7,6,6,5,5,5,5,5,5,5,6,6,6,7,6,5,5,5,5,5,6,6,4,4,4,4,4,4,4,5,5,4,3,3,3,3,3,4,4,4,6,4,3,3,3,3,3,4,5,6,5,2,2,2,3,3,4,4,5,5,6,5,2,2,2,3,3,4,4,5,5,6,6,7,7,4,2,1,2,2,3,3,4,5,5,6,6,7,7,4,4,2,1,2,2,3,3,4,4,5,6,6,4,4,3,1,0,1,1,2,3,3,4,4,5,6,7,8,8,4,4,1,1,1,2,2,3,4,5,6,6,8,8,5,4,1,2,2,3,6,8,4,2,2,2,3,4,4,6,7,8,2,2,4,4,5,6,6,7,8,9,5,4,3,3,3,3,4,4,5,5,6,6,7,8,9,5,4,3,3,4,4,5,6,6,6,7,7,5,4,5,5,6,7,7,8,9,4,5,5,5,5,6,6,7,8,9,9,5,5,5,5,5,6,6,6,7,7,7,8,8,9,9,10,7,6,6,6,6,6,6,6,7,7,7,8,9,9,9,10,7,7,6,6,6,6,6,7,7,7,7,8,9,9,9,10,10,8,7,7,7,7,7,7,7,8,8,8,9,9,9,10,10,11,8,7,7,7,7,7,7,7,7,9,9,9,10,10,11
117,7,6,6,6,6,6,6,7,9,7,7,6,6,5,5,5,5,5,5,5,6,6,6,6,5,5,5,5,5,5,6,5,4,4,4,4,4,4,4,5,4,4,3,3,3,3,3,4,4,6,4,3,3,3,3,3,3,5,6,5,2,2,2,2,3,3,4,4,5,5,5,2,2,2,2,3,3,4,4,5,5,6,6,7,5,2,2,2,2,2,3,3,4,5,5,6,6,7,5,4,3,1,1,2,2,3,3,4,4,5,6,5,4,3,1,1,0,1,2,2,3,3,4,4,5,7,7,8,5,4,1,1,1,1,2,3,4,4,5,6,7,8,5,5,1,1,2,2,5,8,5,2,2,2,2,3,4,5,6,8,2,2,3,4,5,5,6,6,7,8,5,4,3,3,3,3,4,4,4,5,5,6,6,8,8,5,5,3,3,3,4,4,5,6,6,6,7,5,4,4,5,5,6,7,8,8,4,4,5,5,5,5,6,7,8,8,9,5,5,5,5,5,5,6,6,6,7,7,7,8,8,9,9,7,6,6,6,6,6,6,6,6,7,7,8,8,9,9,9,7,7,6,6,6,6,6,6,7,7,7,7,8,9,9,9,10,8,7,7,7,7,7,7,7,7,8,8,8,9,9,9,10,10,8,8,7,7,7,7,7,7,7,8,9,9,9,10,10
118,7,6,6,6,6,6,6,7,9,7,7,6,6,6,5,5,5,5,5,5,5,6,6,7,6,5,4,5,5,5,5,5,5,4,4,4,4,4,4,4,4,4,4,3,3,3,3,3,4,6,4,3,3,3,3,3,3,4,5,6,3,2,2,2,2,3,3,4,4,5,6,3,2,2,2,2,3,3,4,4,5,5,6,6,5,2,2,1,2,2,2,3,3,4,5,5,6,6,6,5,3,1,1,1,2,2,3,3,4,4,5,6,5,4,2,1,1,0,1,2,2,3,3,4,4,6,7,7,6,5,1,1,1,1,1,2,3,4,4,5,7,7,6,5,1,1,1,2,5,7,5,2,2,2,2,3,3,5,6,7,2,2,3,3,4,5,5,6,7,7,6,4,3,3,3,3,3,4,4,4,5,5,6,7,8,6,5,3,3,3,4,4,5,5,6,6,6,6,4,4,5,5,6,6,7,8,4,4,4,5,5,5,6,7,7,8,8,5,5,5,5,5,5,5,6,6,6,7,7,7,8,8,9,8,6,6,6,6,6,6,6,6,6,7,7,8,8,9,9,8,7,6,6,6,6,6,6,6,7,7,7,8,8,9,9,9,9,7,7,7,7,7,7,7,7,7,8,8,8,9,9,9,10,8,8,7,7,7,7,7,7,7,8,8,9,9,9,10
119,8,7,6,6,6,6,6,6,8,8,8,7,7,6,6,5,5,5,5,5,5,5,5,7,6,6,4,4,4,5,5,6,5,5,5,4,4,4,4,4,5,5,4,4,4,3,3,3,3,5,5,4,4,3,3,3,3,4,4,7,4,3,3,2,2,2,2,3,4,4,7,4,3,3,2,2,2,2,3,3,4,4,5,5,6,3,3,1,1,1,2,2,2,3,3,4,5,5,7,6,4,1,1,1,1,1,2,2,3,3,4,7,6,5,3,2,2,1,0,1,1,2,2,3,3,5,6,6,7,6,2,2,1,1,1,1,2,3,3,4,6,6,7,6,2,2,1,1,3,6,6,2,2,2,2,2,2,4,5,6,3,2,2,2,4,4,4,5,6,6,7,5,4,3,3,3,3,3,3,4,4,4,5,6,7,6,6,4,3,3,3,3,4,4,5,5,6,7,4,4,4,4,5,5,6,7,5,5,4,4,4,5,5,6,7,7,7,6,5,5,5,5,5,5,5,5,6,6,6,7,7,7,8,9,6,6,6,6,6,6,6,6,6,6,7,7,7,8,8,9,8,7,7,6,6,6,6,6,6,6,7,7,7,8,8,9,9,8,7,7,7,7,7,7,7,7,7,7,8,8,8,9,9,9,8,8,8,7,7,7,7,7,8,8,8,8,9,9
120,8,7,6,6,6,6,6,6,8,9,8,7,7,7,6,5,5,5,5,5,5,5,5,8,7,6,5,4,4,4,5,6,6,5,5,4,4,4,4,4,6,5,5,4,4,4,3,3,3,4,6,4,4,4,3,3,3,3,4,7,4,4,3,2,2,2,2,3,3,4,7,4,4,3,2,2,2,2,2,3,3,4,4,5,7,4,3,2,1,1,1,2,2,2,3,3,4,5,7,7,5,2,1,1,1,1,1,2,2,3,3,7,7,6,3,3,2,2,1,0,1,1,2,2,3,4,5,6,7,7,3,2,2,1,1,1,2,2,3,3,5,6,7,7,2,2,2,1,3,6,7,3,2,2,2,2,2,3,4,6,3,3,2,2,3,4,4,4,5,6,7,6,4,4,3,3,3,3,3,3,4,4,4,6,6,7,6,4,4,3,3,3,4,4,4,5,5,7,4,4,4,4,5,5,6,6,5,5,5,4,4,4,5,6,6,7,7,6,5,5,5,5,5,5,5,5,5,6,6,6,7,7,7,9,7,6,6,6,6,6,6,6,6,6,6,7,7,7,8,9,9,7,7,7,6,6,6,6,6,6,6,7,7,7,8,8,10,8,8,7,7,7,7,7,7,7,7,7,7,8,8,8,9,9,9,8,8,8,7,7,7,7,7,8,8,8,8,9
121,9,7,6,6,6,6,6,6,7,9,9,8,7,7,7,6,5,5,5,5,5,5,5,8,7,7,5,5,4,4,4,7,6,6,5,5,4,4,4,4,6,6,5,5,4,4,4,3,3,4,6,5,4,4,4,3,3,3,4,8,4,4,4,3,2,2,2,2,3,3,8,5,4,4,2,2,2,2,2,2,3,3,4,4,7,5,4,2,2,1,1,1,2,2,2,3,3,4,8,7,6,2,2,1,1,1,1,1,2,2,3,8,7,6,4,3,3,2,1,1,0,1,1,2,2,4,4,5,8,7,3,3,2,2,1,1,1,2,2,3,4,5,8,7,3,2,2,1,2,5,7,3,3,2,2,2,2,3,4,5,4,3,2,2,3,3,4,4,5,5,8,6,4,4,4,3,3,3,3,3,3,4,4,5,6,7,7,4,4,4,3,3,3,4,4,4,5,8,4,4,4,4,4,5,5,6,5,5,5,5,4,4,5,5,6,6,7,6,6,5,5,5,5,5,5,5,5,5,6,6,6,7,7,9,7,7,6,6,6,6,6,6,6,6,6,6,7,7,7,9,9,7,7,7,6,6,6,6,6,6,6,7,7,7,7,8,10,8,8,8,7,7,7,7,7,7,7,7,7,7,8,8,8,9,9,8,8,8,8,7,7,7,7,7,8,8,8,8
122,9,8,6,6,6,6,6,6,7,10,9,8,8,7,7,6,6,5,5,5,5,5,5,9,7,7,5,5,5,4,4,7,7,6,6,5,4,4,4,4,6,6,6,5,5,4,4,4,3,4,7,5,5,4,4,4,3,3,3,9,5,4,4,3,3,2,2,2,2,3,8,5,5,4,2,2,2,2,2,2,2,3,3,4,8,5,5,2,2,2,1,1,1,2,2,2,3,3,8,8,6,3,2,2,1,1,1,1,1,2,2,8,8,7,4,4,3,3,2,1,1,0,1,1,2,3,4,4,8,8,4,3,3,2,2,1,1,1,2,2,4,4,8,8,3,3,2,2,2,5,8,4,3,3,2,2,2,2,3,5,4,4,2,2,2,3,3,4,4,5,8,7,5,4,4,4,3,3,3,3,3,3,4,5,5,8,7,5,4,4,3,3,3,3,4,4,4,8,4,4,4,4,4,4,5,5,6,5,5,5,5,4,4,5,6,6,6,7,6,6,5,5,5,5,5,5,5,5,5,6,6,6,7,10,7,7,7,6,6,6,6,6,6,6,6,6,6,7,7,10,9,8,7,7,7,6,6,6,6,6,6,6,7,7,7,7,11,9,8,8,8,7,7,7,7,7,7,7,7,7,7,8,8,10,9,9,8,8,8,8,7,7,7,7,7,8,8,8
123,9,8,6,6,6,6,6,6,7,10,10,9,8,8,7,6,6,6,5,5,5,5,5,9,8,7,5,5,5,5,4,8,7,7,6,5,5,4,4,4,7,6,6,6,5,5,4,4,4,3,7,6,5,5,4,4,4,3,3,9,5,5,4,4,3,3,2,2,2,2,9,6,5,5,3,2,2,2,2,2,2,2,3,3,8,6,5,3,2,2,2,1,1,1,2,2,2,3,9,8,7,3,3,2,2,1,1,1,1,1,2,9,8,7,5,4,4,3,2,2,1,1,0,1,1,3,3,4,9,8,4,4,3,3,2,1,1,1,1,2,3,4,9,8,4,3,3,2,2,4,8,4,4,3,3,2,2,2,3,4,4,4,3,2,2,2,3,3,4,4,9,7,5,5,4,4,3,3,3,3,3,3,3,4,5,8,8,5,5,4,4,3,3,3,3,4,4,9,4,4,4,4,4,4,5,5,6,6,5,5,5,5,4,5,5,6,6,7,6,6,6,5,5,5,5,5,5,5,5,5,6,6,6,10,8,7,7,6,6,6,6,6,6,6,6,6,6,6,7,10,10,8,8,7,7,6,6,6,6,6,6,6,6,7,7,7,11,9,9,8,8,8,7,7,7,7,7,7,7,7,7,7,8,10,10,9,9,8,8,8,8,7,7,7,7,7,8,8
124,10,9,7,6,6,6,6,6,6,11,10,9,9,8,8,7,6,6,6,5,5,5,5,10,8,8,6,5,5,5,5,8,8,7,7,6,5,5,4,4,7,7,6,6,6,5,5,4,4,3,8,6,6,5,5,4,4,3,3,10,6,5,5,4,4,3,3,2,2,2,9,6,6,5,3,3,2,2,2,2,2,2,2,3,9,6,6,3,3,2,2,2,1,1,1,2,2,2,9,9,7,4,3,3,2,2,1,1,1,1,1,9,9,8,6,5,4,4,3,2,2,1,1,0,1,2,3,3,9,9,5,4,4,3,3,2,1,1,1,1,3,3,9,9,5,4,3,2,1,3,9,5,4,4,3,2,2,2,2,4,5,4,3,3,2,2,2,3,4,4,9,8,6,5,5,4,4,3,3,3,3,3,3,4,4,9,8,6,5,5,4,4,3,3,3,3,4,9,5,4,4,4,4,4,4,5,6,6,6,5,5,5,4,5,5,5,6,7,7,6,6,6,5,5,5,5,5,5,5,5,5,6,6,11,8,8,7,7,6,6,6,6,6,6,6,6,6,6,6,11,10,9,8,8,7,7,6,6,6,6,6,6,6,6,7,7,11,9,9,9,8,8,7,7,7,7,7,7,7,7,7,7,7,11,10,9,9,9,8,8,8,8,7,7,7,7,7,8
125,10,9,7,7,6,6,6,6,6,11,11,10,9,9,8,7,7,6,6,6,5,5,5,10,9,8,6,6,5,5,5,9,8,8,7,6,5,5,5,4,8,7,7,6,6,6,5,5,4,3,8,7,6,6,5,5,4,3,3,10,6,6,5,4,4,4,3,2,2,2,10,7,6,6,4,3,3,2,2,2,2,2,2,2,9,7,6,4,3,3,2,2,2,1,1,1,2,2,10,9,8,4,4,3,3,2,2,1,1,1,1,10,9,8,6,6,5,4,3,3,2,2,1,1,0,2,2,3,10,9,6,5,4,4,3,2,1,1,1,1,2,3,10,9,5,5,4,3,1,3,9,5,5,4,4,3,2,2,2,3,5,5,4,3,2,2,2,2,3,4,10,8,6,6,5,5,4,4,3,3,3,3,3,4,4,9,9,6,6,5,4,4,3,3,3,3,3,10,5,5,4,4,4,4,4,4,7,6,6,6,5,5,5,4,5,5,5,8,7,7,6,6,6,5,5,5,5,5,5,5,5,5,6,11,9,8,8,7,6,6,6,6,6,6,6,6,6,6,6,11,11,9,9,8,7,7,7,6,6,6,6,6,6,6,6,7,12,10,9,9,9,8,8,7,7,7,7,7,7,7,7,7,7,11,11,10,9,9,9,8,8,8,7,7,7,7,7,7
126,12,10,8,8,7,7,6,6,6,13,12,11,11,10,10,8,8,7,7,7,6,6,6,12,10,10,7,7,6,6,6,10,10,9,9,8,7,6,6,5,9,9,8,8,7,7,6,6,6,4,10,8,8,7,7,6,6,4,3,12,8,7,7,6,5,5,4,4,3,3,12,8,8,7,5,5,4,4,3,3,2,2,2,2,11,8,8,6,5,5,4,3,3,2,2,2,1,1,12,11,9,6,6,5,4,4,3,3,2,2,1,12,11,10,8,7,7,6,5,4,4,3,3,2,2,0,1,1,12,11,7,7,6,6,5,4,3,2,2,1,1,1,12,11,7,6,6,5,2,2,11,7,6,6,5,4,4,2,2,2,7,6,5,4,3,3,2,2,2,2,11,10,8,7,7,6,5,5,4,4,4,3,3,3,3,11,10,7,7,6,6,5,4,4,4,3,3,11,6,6,5,5,4,4,4,4,8,7,7,7,6,6,5,5,4,4,5,9,8,8,7,7,7,6,6,6,5,5,5,5,5,5,5,13,10,9,9,8,7,7,7,6,6,6,6,6,6,6,6,13,12,10,10,9,9,8,7,7,7,7,6,6,6,6,6,6,13,11,11,10,10,9,9,8,7,7,7,7,7,7,7,7,7,12,12,11,11,10,10,9,9,9,7,7,7,7,7,7
127,12,11,9,8,7,7,7,6,6,13,13,12,11,11,10,9,8,8,7,7,7,6,6,12,11,10,7,7,7,6,6,11,10,10,9,8,7,7,6,6,10,9,9,8,8,7,7,6,6,4,10,9,8,8,7,7,6,4,4,12,9,8,7,6,6,5,5,4,4,3,12,9,8,8,6,5,5,4,4,3,3,2,2,2,12,9,8,6,6,5,5,4,3,3,2,2,2,1,12,12,10,7,6,6,5,4,4,3,3,2,2,12,12,10,8,8,7,7,6,5,4,4,3,3,2,1,0,1,12,12,8,7,7,6,6,4,3,3,2,2,1,1,12,12,7,7,6,5,2,1,12,7,7,6,6,5,4,3,2,2,7,7,5,5,4,3,3,2,2,2,12,10,8,8,7,7,6,5,5,4,4,4,3,3,3,11,11,8,7,7,6,6,5,4,4,4,3,12,7,6,5,5,4,4,4,4,8,8,7,7,7,6,6,5,4,4,4,10,9,8,8,7,7,7,6,6,6,5,5,5,5,5,5,13,10,10,9,9,8,7,7,7,6,6,6,6,6,6,6,13,13,11,10,10,9,8,8,7,7,7,7,6,6,6,6,6,14,11,11,11,10,10,9,8,8,7,7,7,7,7,7,7,7,13,12,11,11,11,10,10,9,9,8,7,7,7,7,7
128,13,11,9,9,8,7,7,6,6,14,13,12,12,11,11,9,9,8,8,7,7,7,6,13,11,11,8,7,7,7,6,11,11,10,10,9,8,7,7,6,10,10,9,9,8,8,7,7,6,4,11,9,9,8,8,7,7,5,4,13,9,9,8,7,6,6,5,4,4,4,13,9,9,8,6,6,5,5,4,4,3,3,2,2,12,9,9,7,6,6,5,5,4,3,3,2,2,2,13,12,10,7,7,6,6,5,4,4,3,3,2,13,12,11,9,8,8,7,6,6,5,4,4,3,3,1,1,0,13,12,8,8,7,7,6,5,4,3,3,2,1,1,13,12,8,7,7,6,3,1,12,8,7,7,6,5,5,3,2,2,8,7,6,5,4,4,3,3,2,2,12,11,9,8,8,7,6,6,5,5,4,4,4,3,3,12,11,8,8,7,6,6,5,5,4,4,4,12,7,7,6,5,5,4,4,4,9,8,8,7,7,7,6,5,5,4,4,10,9,9,8,8,7,7,7,6,6,6,5,5,5,5,5,14,11,10,10,9,8,8,7,7,7,6,6,6,6,6,6,14,13,11,11,10,9,9,8,8,7,7,7,6,6,6,6,6,14,12,11,11,11,10,9,8,8,8,7,7,7,7,7,7,7,13,13,12,11,11,11,10,10,9,8,8,7,7,7,7
129,6,7,8,9,9,10,10,11,14,6,6,6,6,6,6,7,8,8,9,9,9,10,10,5,5,6,8,8,9,9,10,5,5,6,6,7,7,8,8,9,5,5,5,6,6,7,7,8,8,11,4,5,6,6,6,7,7,9,10,3,5,5,6,7,7,8,8,9,10,10,2,4,4,5,7,7,8,9,9,10,10,11,11,12,2,4,4,6,7,7,8,8,9,9,10,11,11,12,1,1,2,6,6,7,7,8,8,9,9,10,11,1,1,2,4,4,5,6,7,7,8,8,9,9,10,12,12,13,0,1,4,5,6,6,7,8,9,9,10,10,12,13,1,1,5,6,6,7,10,13,1,5,6,6,7,8,8,10,11,13,5,6,7,8,9,10,11,11,12,13,2,3,5,5,6,6,7,8,9,9,10,10,11,12,13,3,3,6,6,7,8,8,9,10,10,11,11,3,7,8,9,9,10,11,12,13,6,7,7,8,8,9,10,11,12,13,13,6,7,7,7,8,8,9,9,10,10,11,11,12,12,13,13,5,6,6,7,7,8,9,9,10,10,11,12,12,13,13,14,6,6,6,7,7,8,9,9,9,10,10,11,12,12,13,13,14,6,7,7,7,7,8,9,10,10,11,11,12,12,13,13,14,14,7,7,7,8,8,8,9,9,9,11,12,12,13,13,14
130,6,6,8,8,9,9,10,11,14,6,6,6,6,6,6,7,7,8,8,9,9,9,10,5,5,5,7,8,8,9,9,5,5,5,6,6,7,7,8,8,4,5,5,5,6,6,7,7,8,10,4,5,5,6,6,6,7,9,10,3,4,5,5,6,7,7,8,9,9,10,2,4,4,4,6,7,7,8,9,9,10,10,11,11,2,3,4,6,6,7,7,8,8,9,9,10,11,11,1,1,2,5,6,6,7,7,8,8,9,9,10,1,1,1,3,4,4,5,6,7,7,8,8,9,9,11,12,12,1,0,4,4,5,6,6,7,8,9,9,10,12,12,1,1,4,5,6,7,9,12,1,5,5,6,6,7,8,9,11,12,5,5,7,7,9,9,10,11,12,12,2,3,4,5,5,6,7,7,8,9,9,10,10,12,12,3,3,5,6,6,7,8,9,9,10,10,11,3,7,7,8,9,10,10,11,12,6,6,7,7,8,8,9,11,12,12,13,6,6,7,7,7,8,8,9,9,10,10,11,11,12,12,13,5,6,6,6,7,8,8,9,9,10,10,11,12,12,13,13,6,6,6,6,7,7,8,9,9,9,10,10,11,12,12,13,13,6,6,7,7,7,7,8,9,10,10,11,11,12,12,13,13,14,7,7,7,7,8,8,8,9,9,11,11,12,12,13,13
131,7,6,6,6,7,7,7,8,10,7,7,6,6,6,6,6,6,6,6,6,6,7,7,6,5,5,5,5,6,6,6,5,5,5,4,4,5,5,5,6,4,4,4,4,4,4,4,4,5,7,4,3,3,3,3,4,4,6,6,5,3,3,3,3,4,4,4,5,6,6,5,2,2,2,3,4,4,4,5,5,6,6,7,7,4,2,2,2,3,3,4,4,5,5,6,6,7,7,5,4,2,2,2,2,3,3,4,5,5,6,6,4,4,3,1,1,1,1,2,3,3,4,4,5,6,7,8,8,4,4,0,1,1,2,2,3,4,5,6,6,8,8,4,4,1,1,2,3,6,8,4,1,2,2,2,3,4,6,7,8,2,2,3,4,5,6,6,7,8,8,4,3,2,2,2,3,4,4,4,5,5,6,6,8,9,4,4,3,3,3,4,4,5,6,6,7,7,5,4,4,5,6,6,7,8,8,4,4,4,4,5,5,6,7,8,9,9,4,4,5,5,5,5,6,6,6,7,7,7,8,8,9,9,7,5,5,5,5,5,6,6,6,7,7,8,8,9,9,10,7,6,6,6,6,6,6,6,6,7,7,7,8,9,9,9,10,7,6,6,6,6,6,6,7,7,7,8,8,9,9,9,10,10,7,7,7,7,7,7,7,7,7,8,9,9,9,10,10
132,7,6,6,6,6,7,7,7,10,7,7,6,6,6,6,6,6,6,6,6,6,6,7,7,6,5,5,5,5,6,6,5,5,5,5,4,5,5,5,5,4,4,4,4,4,4,4,4,4,6,4,3,3,3,3,3,4,5,6,6,3,3,3,3,3,4,4,5,5,6,5,3,2,2,3,3,4,4,4,5,5,6,6,7,5,2,2,2,2,3,3,4,4,5,5,6,6,7,5,5,3,1,2,2,2,3,3,4,5,5,6,5,4,3,1,1,1,1,2,2,3,3,4,4,5,7,7,8,5,4,1,0,1,1,2,3,4,4,5,6,7,8,5,4,1,1,1,2,5,8,5,1,1,2,2,3,3,5,6,8,2,2,3,3,5,5,6,6,7,8,5,4,2,2,2,2,3,4,4,4,5,5,6,7,8,5,4,3,3,3,4,4,5,5,6,6,7,5,4,4,5,5,6,6,7,8,4,4,4,4,4,5,5,7,8,8,9,5,4,4,5,5,5,5,6,6,6,7,7,7,8,8,9,7,5,5,5,5,5,5,6,6,6,7,7,8,8,9,9,7,7,6,6,6,6,6,6,6,6,7,7,8,8,9,9,9,8,6,6,6,6,6,6,7,7,7,7,8,8,9,9,9,10,7,7,7,7,7,7,7,7,7,8,8,9,9,9,10
133,7,7,6,6,6,6,7,7,9,8,7,7,6,6,6,6,6,6,6,6,6,6,6,7,6,6,5,5,5,5,6,5,5,5,5,4,4,5,5,5,5,4,4,4,4,4,4,4,4,6,5,4,3,3,3,3,3,5,6,6,3,3,3,3,3,3,4,4,5,5,6,3,3,2,2,3,3,4,4,4,5,5,6,6,5,3,2,2,2,2,3,3,4,4,5,5,6,6,6,5,3,1,1,2,2,2,3,3,4,5,5,6,5,4,2,1,1,1,1,2,2,3,3,4,4,6,7,7,6,5,1,1,0,1,1,2,3,4,4,5,7,7,6,5,1,1,1,2,4,7,5,1,1,1,2,2,3,5,6,7,2,2,2,3,4,5,5,6,7,7,5,4,2,2,2,2,3,3,4,4,4,5,5,7,7,5,5,3,3,3,3,4,4,5,5,6,6,6,3,4,4,5,6,6,7,7,4,4,4,4,4,4,5,6,7,8,8,5,4,4,4,5,5,5,5,6,6,6,7,7,7,8,8,7,5,5,5,5,5,5,5,6,6,6,7,7,8,8,9,7,7,6,6,6,6,6,6,6,6,6,7,7,8,8,9,9,8,7,6,6,6,6,6,6,7,7,7,7,8,8,9,9,9,8,7,7,7,7,7,7,7,7,8,8,8,9,9,9
134,8,7,6,6,6,6,6,7,9,8,8,7,7,6,6,6,6,6,6,6,6,6,6,7,6,6,5,5,5,5,5,6,6,5,5,5,4,4,5,5,5,5,4,4,4,4,4,4,4,5,5,4,4,3,3,3,3,4,5,7,4,3,3,3,3,3,3,4,4,5,6,4,3,3,2,2,3,3,4,4,4,5,5,6,6,3,3,2,2,2,2,3,3,4,4,5,5,6,6,6,4,1,1,1,2,2,2,3,3,4,5,6,6,4,2,2,1,1,1,1,2,2,3,3,4,6,6,7,6,6,2,1,1,0,1,2,3,3,4,4,6,7,6,6,1,1,1,1,4,7,6,2,1,1,1,2,2,4,5,7,2,2,2,2,4,4,5,5,6,7,6,4,3,2,2,2,2,3,3,4,4,4,5,6,7,6,5,3,3,3,3,3,4,4,5,5,6,6,3,3,4,4,5,6,6,7,4,4,4,4,4,4,5,6,7,7,8,5,5,4,4,4,5,5,5,5,6,6,6,7,7,7,8,8,6,5,5,5,5,5,5,5,6,6,7,7,7,8,8,8,7,6,6,6,6,6,6,6,6,6,6,7,7,8,8,9,9,7,7,6,6,6,6,6,6,7,7,7,7,8,8,9,9,8,8,7,7,7,7,7,7,7,7,8,8,8,9,9
135,8,7,6,6,6,6,6,7,9,9,8,7,7,7,6,6,6,6,6,6,6,6,6,8,7,6,5,5,5,5,5,6,6,6,5,5,4,4,4,5,5,5,5,4,4,4,4,4,4,5,6,4,4,4,3,3,3,4,5,7,4,4,3,3,3,3,3,4,4,4,7,4,4,3,2,2,2,3,3,4,4,4,5,5,6,4,3,2,2,2,2,2,3,3,4,4,5,5,7,6,5,2,1,1,1,2,2,2,3,3,4,7,6,5,3,2,2,1,1,1,1,2,2,3,3,5,6,6,7,6,2,2,1,1,0,1,2,3,3,4,6,6,7,6,2,1,1,1,3,6,6,2,2,1,1,2,2,3,5,6,2,2,2,2,3,4,4,5,6,6,6,5,3,3,2,2,2,2,3,3,4,4,4,6,6,6,6,3,3,3,3,3,4,4,4,5,5,6,3,3,4,4,5,5,6,6,4,4,4,4,4,4,4,5,6,7,7,5,5,5,4,4,4,5,5,5,5,6,6,6,7,7,7,8,6,6,5,5,5,5,5,5,5,6,6,7,7,7,8,8,8,6,6,6,6,6,6,6,6,6,6,7,7,7,8,8,9,7,7,7,6,6,6,6,6,6,7,7,7,7,8,8,9,8,8,7,7,7,7,7,7,7,7,7,8,8,8,9
136,9,8,6,6,6,6,6,6,8,9,9,8,8,7,7,6,6,6,6,6,6,6,6,9,7,7,5,5,5,5,5,7,7,6,6,5,5,5,4,4,6,6,5,5,5,4,4,4,4,4,6,5,5,4,4,4,3,3,4,8,5,4,4,3,3,3,3,3,3,4,8,5,4,4,2,2,2,2,2,3,3,4,4,4,7,5,4,2,2,2,2,2,2,2,3,3,4,4,8,7,6,2,2,2,1,1,1,2,2,2,3,8,7,6,4,3,3,2,1,1,1,1,1,2,2,4,4,5,8,7,3,3,2,2,1,0,1,2,2,3,4,5,8,7,3,2,2,1,2,5,7,3,2,2,2,1,1,2,3,5,3,3,2,2,2,3,3,4,5,5,7,6,4,4,3,3,2,2,2,2,3,3,4,5,5,7,7,4,4,3,3,3,3,3,4,4,4,7,3,3,3,3,4,4,5,6,5,4,4,4,4,4,4,5,5,6,6,6,5,5,5,5,4,4,4,5,5,5,5,6,6,6,7,9,7,6,6,5,5,5,5,5,5,5,6,6,6,7,7,9,9,7,7,6,6,6,6,6,6,6,6,6,6,7,7,7,10,8,7,7,7,7,6,6,6,6,6,6,7,7,7,7,8,9,9,8,8,7,7,7,7,7,7,7,7,7,8,8
137,10,9,7,7,6,6,6,6,7,10,10,9,9,8,8,7,6,6,6,6,6,6,6,10,8,8,6,5,5,5,5,8,7,7,7,6,5,5,5,5,7,7,6,6,5,5,5,4,4,4,7,6,6,5,5,4,4,3,3,9,6,5,5,4,4,3,3,3,3,3,9,6,5,5,3,3,2,2,2,2,2,3,3,4,8,6,5,3,3,2,2,2,2,2,2,2,3,3,9,8,7,3,3,2,2,2,1,1,1,2,2,9,8,7,5,4,4,3,2,2,1,1,1,1,1,3,3,4,9,8,4,4,3,3,2,1,0,1,1,2,3,4,9,8,4,3,3,2,1,4,8,4,3,3,2,2,1,2,2,4,4,4,2,2,2,2,2,3,4,4,9,7,5,4,4,4,3,2,2,2,2,2,3,4,4,8,8,5,4,4,3,3,3,3,3,3,4,8,4,4,3,3,3,4,4,5,5,5,5,4,4,4,4,4,5,5,5,7,6,6,5,5,5,5,4,4,4,5,5,5,5,6,6,10,7,7,7,6,5,5,5,5,5,5,5,5,6,6,6,10,9,8,7,7,6,6,6,6,6,6,6,6,6,6,6,7,11,9,8,8,7,7,7,6,6,6,6,6,6,6,7,7,7,10,9,9,8,8,8,7,7,7,7,7,7,7,7,7
138,10,9,7,7,6,6,6,6,7,11,10,9,9,9,8,7,7,6,6,6,6,6,6,10,9,8,6,6,5,5,5,8,8,7,7,6,6,5,5,5,8,7,7,6,6,5,5,5,4,4,8,6,6,6,5,5,4,3,3,10,6,6,5,4,4,4,3,3,3,3,10,6,6,5,4,3,3,2,2,2,2,2,3,3,9,6,6,4,3,3,2,2,2,2,2,2,2,3,9,9,7,4,3,3,2,2,2,1,1,1,2,9,9,8,6,5,4,4,3,2,2,1,1,1,1,2,3,3,9,9,5,4,4,3,3,2,1,0,1,1,3,3,9,9,4,4,3,2,1,3,9,5,4,3,3,2,2,1,2,3,5,4,3,2,2,2,2,2,3,4,9,7,5,5,4,4,3,3,2,2,2,2,2,4,4,9,8,5,5,4,4,3,3,3,3,3,3,9,4,4,3,3,3,3,4,4,6,5,5,5,4,4,4,4,4,5,5,7,6,6,6,5,5,5,5,4,4,4,5,5,5,5,6,11,8,7,7,6,6,5,5,5,5,5,5,5,5,6,6,10,10,8,8,7,7,6,6,6,6,6,6,6,6,6,6,6,11,9,9,8,8,7,7,6,6,6,6,6,6,6,6,7,7,10,10,9,9,8,8,8,7,7,7,7,7,7,7,7
139,11,9,7,7,7,6,6,6,7,11,11,10,9,9,9,7,7,7,6,6,6,6,6,11,9,9,6,6,6,5,5,9,8,8,7,7,6,5,5,5,8,8,7,7,6,6,5,5,5,4,8,7,6,6,6,5,5,3,3,10,7,6,6,5,4,4,4,3,3,3,10,7,6,6,4,4,3,3,2,2,2,2,2,3,9,7,6,4,4,3,3,2,2,2,2,2,2,2,10,9,8,5,4,3,3,2,2,2,1,1,1,10,9,8,6,6,5,4,3,3,2,2,1,1,1,2,2,3,10,9,6,5,4,4,3,2,1,1,0,1,2,3,10,9,5,4,4,3,1,3,9,5,5,4,3,2,2,1,2,3,5,5,3,3,2,2,2,2,3,3,10,8,6,5,5,4,4,3,3,2,2,2,2,3,4,9,9,6,5,5,4,4,3,3,3,3,3,9,5,4,4,3,3,3,4,4,6,6,5,5,5,4,4,4,4,4,5,7,7,6,6,6,5,5,5,5,4,4,4,5,5,5,5,11,8,8,7,7,6,6,5,5,5,5,5,5,5,5,6,11,10,9,8,8,7,6,6,6,6,6,6,6,6,6,6,6,12,9,9,9,8,8,7,6,6,6,6,6,6,6,6,6,7,11,10,9,9,9,8,8,8,7,7,7,7,7,7,7
140,11,10,8,7,7,7,6,6,6,12,11,10,10,9,9,8,7,7,7,6,6,6,6,11,10,9,7,6,6,6,5,9,9,8,8,7,6,6,6,5,9,8,8,7,7,6,6,5,5,4,9,7,7,6,6,6,5,4,3,11,7,7,6,5,5,4,4,3,3,3,11,7,7,6,4,4,4,3,3,2,2,2,2,2,10,7,7,5,4,4,3,3,2,2,2,2,2,2,11,10,8,5,5,4,3,3,2,2,2,1,1,10,10,9,7,6,6,5,4,3,3,2,2,1,1,1,2,2,10,10,6,6,5,4,4,3,2,1,1,0,2,2,10,10,6,5,4,3,1,2,10,6,5,5,4,3,2,1,1,2,6,5,4,3,2,2,2,2,2,3,10,9,6,6,5,5,4,4,3,3,2,2,2,3,3,10,9,6,6,5,4,4,3,3,3,3,3,10,5,5,4,4,3,3,3,4,7,6,6,5,5,5,4,4,4,4,4,8,7,7,6,6,6,5,5,5,5,4,4,4,5,5,5,12,9,8,8,7,6,6,6,5,5,5,5,5,5,5,5,11,11,9,9,8,7,7,6,6,6,6,6,6,6,6,6,6,12,10,9,9,9,8,7,7,6,6,6,6,6,6,6,6,6,11,11,10,9,9,9,8,8,8,7,7,7,7,7,7
141,13,11,9,9,8,7,7,7,6,13,13,12,11,11,10,9,9,8,8,7,7,7,6,13,11,11,8,7,7,7,6,11,10,10,9,8,7,7,7,6,10,10,9,9,8,8,7,7,6,4,10,9,8,8,7,7,6,5,4,12,9,8,8,7,6,6,5,4,4,4,12,9,9,8,6,5,5,4,4,4,3,3,2,2,12,9,8,6,6,5,5,4,4,3,3,2,2,2,12,12,10,7,6,6,5,5,4,3,3,2,2,12,12,10,8,8,7,7,6,5,4,4,3,3,2,1,1,1,12,12,8,7,7,6,6,4,3,3,2,2,0,1,12,12,7,7,6,5,2,1,12,7,7,6,6,5,4,2,2,1,7,7,5,5,3,3,2,2,2,2,12,10,8,7,7,6,5,5,4,4,4,3,3,2,2,11,11,8,7,7,6,5,4,4,4,3,3,11,6,6,5,5,4,4,3,3,8,8,7,7,6,6,5,4,4,4,4,9,8,8,7,7,7,6,6,6,5,5,5,5,4,4,4,13,10,10,9,8,7,7,7,6,6,6,5,5,5,5,5,13,12,10,10,9,9,8,7,7,7,6,6,6,6,6,6,6,14,11,11,10,10,9,9,7,7,7,7,6,6,6,6,6,6,12,12,11,11,10,10,9,9,9,7,7,7,7,7,7
142,13,12,9,9,8,8,7,7,6,14,13,12,12,11,11,9,9,9,8,8,7,7,7,13,12,11,8,8,7,7,7,11,11,10,10,9,8,7,7,7,11,10,10,9,9,8,8,7,7,5,11,9,9,8,8,7,7,5,4,13,9,9,8,7,7,6,6,5,4,4,13,10,9,9,6,6,5,5,4,4,4,3,3,2,12,9,9,7,6,6,5,5,4,4,3,3,2,2,13,12,11,7,7,6,6,5,5,4,3,3,2,13,12,11,9,8,8,7,6,6,5,4,4,3,3,1,1,1,13,12,8,8,7,7,6,5,4,3,3,2,1,0,13,12,8,7,7,6,3,1,12,8,7,7,6,5,5,3,2,1,8,7,6,5,4,3,3,2,2,2,12,11,9,8,7,7,6,5,5,4,4,4,3,2,2,12,11,8,8,7,6,6,5,4,4,4,3,12,7,6,6,5,4,4,3,3,9,8,8,7,7,6,5,4,4,4,4,10,9,8,8,7,7,7,6,6,6,5,5,5,5,4,4,14,11,10,10,9,8,7,7,7,6,6,5,5,5,5,5,13,13,11,10,10,9,8,8,7,7,7,6,6,6,6,6,6,14,12,11,11,10,10,9,8,7,7,7,7,6,6,6,6,6,13,12,11,11,11,10,10,9,9,7,7,7,7,7,7
143,7,7,9,9,10,10,11,11,14,6,6,6,6,7,7,8,8,9,9,9,10,10,11,6,6,6,8,9,9,9,10,5,6,6,6,7,8,8,9,9,5,6,6,6,7,7,7,8,8,11,4,5,6,6,7,7,8,10,11,3,5,6,6,7,7,8,8,9,10,10,3,4,5,5,7,8,8,9,9,10,10,11,11,12,2,4,4,6,7,7,8,9,9,10,10,11,11,12,2,2,3,6,6,7,7,8,8,9,9,10,11,1,1,2,4,5,5,6,7,7,8,8,9,9,10,12,12,13,1,1,4,5,6,6,7,8,9,9,10,10,12,13,0,1,5,6,6,7,10,13,1,5,6,6,7,8,8,10,11,13,5,6,7,8,9,10,11,11,12,13,2,3,5,5,6,6,7,8,8,9,9,10,11,12,13,2,3,5,6,6,7,8,9,10,10,11,11,3,7,8,9,9,10,11,12,12,6,6,7,7,8,8,9,11,12,13,13,5,6,7,7,8,8,9,9,10,10,11,11,12,12,13,13,4,6,6,6,7,8,8,9,9,10,10,11,12,12,13,13,5,5,6,6,7,7,8,9,9,10,10,11,12,12,13,13,14,6,6,6,7,7,7,8,9,10,10,11,11,12,12,13,13,14,6,6,7,7,7,8,8,9,9,11,12,12,13,13,14
144,7,7,8,9,9,10,10,11,14,6,6,6,6,6,7,7,8,8,9,9,9,10,10,6,6,6,8,8,9,9,9,5,5,6,6,7,7,8,8,9,5,5,6,6,6,7,7,7,8,10,4,5,5,6,6,7,7,9,10,3,5,5,6,6,7,7,8,9,9,10,3,4,4,5,7,7,8,8,9,9,10,10,11,11,2,4,4,6,6,7,7,8,9,9,10,10,11,11,2,2,2,5,6,6,7,7,8,8,9,9,10,1,1,2,3,4,5,5,6,7,7,8,8,9,9,11,12,12,1,1,4,4,5,6,6,7,8,9,9,10,12,12,1,0,4,5,6,7,9,12,1,4,5,6,6,7,8,9,10,12,5,5,7,7,9,9,10,11,12,12,2,2,4,5,5,6,7,7,8,8,9,9,10,12,12,2,2,5,5,6,7,7,9,9,10,10,11,3,7,7,8,9,10,10,11,12,6,6,6,7,7,8,9,10,11,12,13,5,6,6,7,7,8,8,9,9,10,10,11,11,12,12,13,4,5,6,6,7,7,8,8,9,9,10,11,11,12,12,13,5,5,6,6,6,7,8,8,9,9,10,10,11,12,12,13,13,6,6,6,6,7,7,8,9,9,10,10,11,11,12,12,13,13,6,6,7,7,7,7,8,8,9,11,11,12,12,13,13
145,8,7,7,7,7,7,7,8,10,8,7,7,7,6,6,6,6,6,6,6,7,7,7,7,6,6,6,6,6,6,6,6,5,5,5,5,5,5,5,6,5,5,5,4,4,4,5,5,5,7,5,4,4,4,4,4,4,5,6,6,3,3,3,3,4,4,4,5,6,6,6,3,3,3,3,4,4,4,5,5,6,6,7,7,5,3,2,2,3,3,4,4,4,5,5,6,6,7,5,5,3,2,2,2,3,3,4,4,5,5,6,5,5,3,2,1,1,1,2,2,3,3,4,5,5,7,7,8,5,4,1,1,1,1,2,3,4,4,5,6,7,8,5,4,0,1,1,2,5,8,4,1,1,1,2,3,3,5,6,8,1,1,2,3,5,5,6,6,7,8,5,3,2,2,2,2,3,3,4,4,5,5,6,7,8,4,4,2,2,2,3,4,4,5,5,6,6,5,3,4,4,5,6,6,7,8,3,3,3,4,4,4,5,6,7,8,8,4,4,4,4,4,4,5,5,5,6,6,7,7,8,8,9,7,5,5,4,4,5,5,5,5,6,6,7,7,8,8,9,7,6,5,5,5,5,5,5,6,6,6,7,7,8,8,9,9,7,6,6,6,6,6,6,6,6,7,7,7,8,8,9,9,9,7,7,6,6,6,6,6,6,6,7,8,8,9,9,9
146,8,7,7,7,7,7,7,8,10,8,8,7,7,7,6,6,6,6,6,6,6,7,7,7,6,6,6,6,6,6,6,6,6,5,5,5,5,5,5,5,5,5,5,5,4,4,4,5,5,6,5,4,4,4,4,4,4,5,6,6,4,3,3,3,3,4,4,5,5,6,6,4,3,3,3,3,4,4,4,5,5,6,6,7,5,3,3,2,2,3,3,4,4,4,5,5,6,6,6,5,4,2,2,2,2,3,3,4,4,5,5,6,5,4,2,2,1,1,2,2,2,3,3,4,5,6,7,7,6,5,1,1,1,1,1,2,3,4,4,5,7,7,6,5,1,0,1,2,4,7,5,1,1,1,1,2,3,4,6,7,1,1,2,2,4,5,5,6,7,7,5,4,2,2,2,2,2,3,3,4,4,5,5,7,7,5,4,2,2,2,3,3,4,4,5,5,6,5,3,3,4,4,5,6,7,7,3,3,3,3,4,4,5,6,7,7,8,4,4,4,4,4,4,4,5,5,5,6,6,7,7,8,8,7,5,5,5,4,5,5,5,5,6,6,7,7,7,8,8,7,7,5,5,5,5,5,5,5,6,6,6,7,7,8,8,9,8,6,6,6,6,6,6,6,6,6,7,7,7,8,8,9,9,7,7,6,6,6,6,6,6,6,7,7,8,8,9,9
147,8,7,7,7,7,7,7,7,9,9,8,7,7,7,7,6,6,6,6,6,6,6,7,8,7,6,6,6,6,6,6,6,6,6,5,5,5,5,5,5,6,5,5,5,5,4,4,4,5,6,5,4,4,4,4,4,4,5,5,7,4,4,3,3,3,3,4,4,5,5,7,4,4,3,3,3,3,4,4,4,5,5,6,6,6,4,3,2,2,2,3,3,4,4,4,5,5,6,6,6,4,2,2,2,2,2,3,3,4,4,5,6,6,5,2,2,2,1,1,2,2,2,3,3,4,6,6,7,6,6,2,1,1,1,1,2,3,3,4,4,6,7,6,6,1,1,0,1,4,7,6,1,1,1,1,2,2,4,5,7,2,1,2,2,3,4,5,5,6,7,6,4,2,2,2,2,2,2,3,3,4,4,5,6,7,5,5,2,2,2,2,3,4,4,4,5,5,6,3,3,4,4,5,5,6,7,3,3,3,3,3,4,4,6,6,7,7,4,4,4,4,4,4,4,4,5,5,5,6,6,7,7,8,7,5,5,5,4,4,5,5,5,5,6,6,7,7,7,8,7,7,6,5,5,5,5,5,5,5,6,6,7,7,7,8,8,8,6,6,6,6,6,6,6,6,6,6,7,7,7,8,8,9,7,7,7,6,6,6,6,6,6,7,7,7,8,8,9
148,9,8,7,7,7,7,7,7,9,9,9,8,8,7,7,6,6,6,6,6,6,6,6,9,7,7,6,6,6,6,6,7,7,6,6,5,5,5,5,5,6,6,6,5,5,5,5,4,4,5,6,5,5,4,4,4,4,4,5,8,5,4,4,3,3,3,3,4,4,4,8,5,4,4,3,3,3,3,3,4,4,4,5,5,7,4,4,2,2,2,2,2,3,3,4,4,4,5,7,7,5,2,2,2,2,2,2,2,3,3,4,7,7,6,3,3,2,2,1,1,1,2,2,2,3,5,5,6,7,7,3,2,2,1,1,1,2,2,3,3,5,6,7,7,2,2,1,0,3,6,7,2,2,1,1,1,1,3,4,6,2,2,1,1,2,3,3,4,5,6,7,5,3,3,2,2,2,2,2,2,3,3,4,5,6,6,6,3,3,2,2,2,3,3,4,4,4,7,3,3,3,3,4,4,5,6,4,4,3,3,3,3,4,5,6,6,6,5,4,4,4,4,4,4,4,4,4,5,5,5,6,6,7,8,6,5,5,5,4,4,4,5,5,5,6,6,6,7,7,8,8,6,6,6,5,5,5,5,5,5,5,6,6,7,7,7,9,7,7,6,6,6,6,6,6,6,6,6,6,7,7,7,8,8,8,7,7,7,6,6,6,6,6,7,7,7,7,8
149,11,10,8,8,7,7,7,7,7,12,11,10,10,9,9,8,7,7,7,7,6,6,6,11,9,9,7,6,6,6,6,9,9,8,8,7,6,6,6,5,8,8,7,7,7,6,6,6,5,4,9,7,7,6,6,5,5,4,4,10,7,6,6,5,5,4,4,3,3,3,10,7,7,6,4,4,4,3,3,3,3,3,3,3,10,7,6,4,4,4,3,3,2,2,2,2,2,3,10,9,8,5,4,4,3,3,2,2,2,2,2,10,9,8,6,6,5,5,3,3,2,2,2,1,1,2,2,3,10,9,6,5,4,4,3,2,1,1,1,1,2,3,10,9,5,4,4,3,0,3,9,5,4,4,3,2,2,1,1,3,5,5,3,2,1,1,1,2,2,3,9,8,6,5,5,4,3,3,2,2,2,2,2,3,3,9,9,5,5,4,4,3,2,2,2,2,2,9,4,4,3,3,3,3,3,4,6,6,5,5,4,4,3,3,4,4,4,7,6,6,5,5,5,4,4,4,4,4,4,4,4,4,5,11,8,7,7,6,5,5,5,5,5,4,4,5,5,5,5,11,10,8,8,7,7,6,6,5,5,5,5,5,5,5,5,6,11,9,9,8,8,7,7,6,6,6,6,6,6,6,6,6,6,10,10,9,9,8,8,7,7,7,6,6,6,6,6,6
150,13,12,10,9,9,8,8,7,7,14,14,13,12,12,11,10,9,9,9,8,8,7,7,13,12,11,9,8,8,7,7,12,11,11,10,9,8,8,7,7,11,10,10,9,9,8,8,7,7,5,11,10,9,9,8,8,7,5,5,13,9,9,8,7,7,6,6,5,5,4,13,10,9,9,7,6,6,5,5,4,4,4,3,3,12,10,9,7,6,6,5,5,4,4,4,3,3,2,13,12,11,7,7,6,6,5,5,4,4,3,3,13,12,11,9,8,8,7,6,6,5,5,4,3,3,2,1,1,13,12,8,8,7,7,6,5,4,3,3,2,1,1,13,12,8,7,7,6,3,0,12,8,7,7,6,5,4,3,2,1,8,7,6,5,3,3,2,2,1,1,12,11,8,8,7,7,6,5,5,4,4,3,3,2,2,12,11,8,7,7,6,5,4,4,4,3,3,12,7,6,5,5,4,4,3,3,8,8,7,7,6,6,5,4,3,3,3,10,9,8,8,7,7,6,6,5,5,5,4,4,4,4,4,13,10,10,9,8,7,7,7,6,6,5,5,5,5,4,4,13,13,11,10,10,9,8,7,7,7,6,6,5,5,5,5,5,14,11,11,10,10,9,9,7,7,7,6,6,6,6,6,6,6,13,12,11,11,10,10,9,9,9,7,7,6,6,6,6
151,7,7,9,9,10,10,11,11,14,7,7,7,7,7,7,8,8,9,9,9,10,10,11,6,6,6,8,9,9,9,10,6,6,6,6,7,8,8,9,9,5,6,6,6,7,7,7,8,8,11,5,6,6,6,7,7,7,9,10,4,5,5,6,7,7,8,8,9,10,10,3,4,5,5,7,7,8,8,9,9,10,10,11,11,3,4,4,6,7,7,8,8,9,9,10,10,11,11,2,2,3,5,6,6,7,7,8,9,9,10,10,2,2,2,4,4,5,5,6,7,7,8,8,9,9,11,12,12,1,1,4,5,5,6,6,7,8,9,9,10,12,12,1,1,4,5,6,7,9,12,0,4,5,6,6,7,8,9,10,12,4,5,7,7,9,9,10,10,12,12,1,2,4,5,5,6,7,7,8,8,9,9,10,12,12,2,2,5,5,6,7,7,8,9,9,10,11,2,6,7,8,9,10,10,11,12,5,6,6,7,7,8,9,10,11,12,12,5,6,6,6,7,7,8,8,9,9,10,10,11,11,12,13,4,5,5,5,6,7,8,8,9,9,10,11,11,12,12,13,4,4,5,6,6,7,7,8,8,9,9,10,11,11,12,12,13,5,5,6,6,6,7,7,9,9,10,10,11,11,12,12,13,13,6,6,6,6,7,7,7,8,8,10,11,11,12,12,13
152,8,7,7,7,7,8,8,8,11,8,8,7,7,7,7,7,7,7,7,7,7,7,8,7,7,6,6,6,6,7,7,6,6,6,6,6,6,6,6,6,5,5,5,5,5,5,5,5,5,7,5,5,4,4,4,5,5,6,7,6,4,4,4,4,4,4,5,5,6,6,6,4,3,3,4,4,4,5,5,6,6,6,7,7,5,3,3,3,3,4,4,4,5,5,6,6,7,7,5,5,4,2,2,3,3,4,4,4,5,5,6,5,5,4,2,2,2,2,2,3,3,4,4,5,5,7,7,8,5,5,1,1,1,2,2,3,4,5,5,6,7,8,5,4,1,1,1,2,5,8,4,0,1,1,2,3,3,5,6,8,1,1,2,3,4,5,6,6,7,8,5,3,1,1,1,2,2,3,3,4,5,5,6,7,8,4,4,2,2,2,3,3,4,5,5,6,6,4,3,3,4,4,5,6,7,7,3,3,3,3,4,4,5,6,7,8,8,3,3,3,3,4,4,4,5,5,6,6,6,7,7,8,8,6,4,4,4,4,4,4,5,5,5,6,7,7,8,8,9,6,6,5,5,4,4,5,5,5,6,6,6,7,7,8,8,9,7,5,5,5,5,5,5,6,6,6,7,7,7,8,8,9,9,6,6,6,6,6,6,6,6,6,7,7,8,8,9,9
153,8,8,7,7,7,7,8,8,10,9,8,8,7,7,7,7,7,7,7,7,7,7,7,8,7,7,6,6,6,6,7,6,6,6,6,6,6,6,6,6,6,5,5,5,5,5,5,5,5,7,6,5,5,4,4,4,5,6,6,7,4,4,4,4,4,4,4,5,5,6,6,4,4,3,3,4,4,4,5,5,6,6,6,7,6,4,3,3,3,3,4,4,4,5,5,6,6,7,6,5,4,2,2,2,3,3,4,4,4,5,5,6,5,4,2,2,2,2,2,2,3,3,4,4,5,6,7,7,6,5,2,1,1,1,2,2,3,4,5,5,7,7,6,5,1,1,1,2,4,7,5,1,0,1,1,2,3,4,6,7,1,1,2,2,4,4,5,6,7,7,5,3,2,1,1,1,2,2,3,3,4,5,5,7,7,5,4,2,2,2,2,3,4,4,5,5,6,5,2,3,4,4,5,5,6,7,3,3,3,3,3,4,4,6,7,7,8,4,3,3,3,3,4,4,4,5,5,6,6,6,7,7,8,7,4,4,4,4,4,4,4,5,5,5,6,7,7,8,8,7,6,5,5,5,4,5,5,5,5,6,6,7,7,7,8,8,7,6,5,5,5,5,5,5,6,6,6,7,7,7,8,8,9,7,6,6,6,6,6,6,6,6,7,7,7,8,8,9
154,9,8,7,7,7,7,7,8,10,9,9,8,8,7,7,7,7,7,7,7,7,7,7,8,7,7,6,6,6,6,6,7,6,6,6,6,6,6,6,6,6,6,5,5,5,5,5,5,5,6,6,5,5,5,4,4,4,5,6,7,4,4,4,4,4,4,4,5,5,5,7,4,4,4,3,3,4,4,4,5,5,6,6,6,6,4,4,3,3,3,3,4,4,4,5,5,6,6,6,6,4,2,2,2,2,3,3,4,4,4,5,6,6,5,3,2,2,2,2,2,2,3,3,4,4,6,6,7,6,6,2,2,1,1,1,2,3,3,4,5,6,7,6,6,1,1,1,1,4,7,6,1,1,0,1,2,2,4,5,7,1,1,1,2,3,4,4,5,6,7,6,4,2,2,1,1,2,2,2,3,3,4,5,6,7,5,5,2,2,2,2,2,3,4,4,5,5,5,2,2,3,4,4,5,6,6,3,3,3,3,3,3,4,5,6,7,7,4,3,3,3,3,3,4,4,4,5,5,6,6,6,7,7,7,5,4,4,4,4,4,4,4,5,5,6,6,7,7,8,7,7,5,5,5,4,4,5,5,5,5,6,6,7,7,7,8,8,6,6,5,5,5,5,5,5,6,6,6,7,7,7,8,8,7,7,6,6,6,6,6,6,6,6,7,7,7,8,8
155,9,8,7,7,7,7,7,8,9,9,9,8,8,8,7,7,7,7,7,7,7,7,7,9,7,7,6,6,6,6,6,7,7,6,6,6,6,6,6,6,6,6,6,5,5,5,5,5,5,6,6,5,5,5,5,4,4,5,6,8,5,4,4,4,4,4,4,4,5,5,7,5,4,4,3,3,3,4,4,4,5,5,6,6,7,4,4,3,3,3,3,3,4,4,4,5,5,6,7,6,5,2,2,2,2,2,3,3,4,4,4,7,6,5,3,3,2,2,2,2,2,2,3,3,4,5,6,6,7,6,2,2,2,1,1,2,2,3,3,4,6,6,7,6,2,1,1,1,3,6,6,2,1,1,0,1,2,3,4,6,2,1,1,1,3,3,4,4,6,6,6,5,2,2,2,1,1,2,2,2,3,3,4,6,6,6,5,2,2,2,2,2,3,3,4,4,5,6,2,2,3,3,4,4,5,6,3,3,3,3,3,3,4,5,6,6,7,4,4,3,3,3,3,3,4,4,4,5,5,6,6,6,7,8,5,5,4,4,4,4,4,4,4,5,5,6,6,7,7,7,7,6,5,5,5,4,4,5,5,5,5,6,6,7,7,7,8,6,6,6,5,5,5,5,5,5,6,6,6,7,7,7,8,7,7,6,6,6,6,6,6,6,6,6,7,7,7,8
156,10,9,7,7,7,7,7,7,9,10,10,9,9,8,8,7,7,7,7,7,7,7,7,9,8,8,6,6,6,6,6,8,7,7,7,6,6,6,6,6,7,7,6,6,6,5,5,5,5,5,7,6,6,5,5,5,5,5,5,9,5,5,5,4,4,4,4,4,4,4,8,6,5,5,3,3,3,3,3,4,4,4,5,5,8,5,5,3,3,3,3,3,3,3,4,4,4,5,8,7,6,3,3,2,2,2,2,2,3,3,4,8,7,6,4,4,3,3,2,2,2,2,2,2,3,4,5,5,8,7,3,3,2,2,2,1,2,2,2,3,5,5,8,7,3,2,2,1,2,5,7,3,2,2,1,0,1,2,3,5,3,2,1,1,2,2,3,3,4,5,7,6,3,3,2,2,1,1,1,2,2,2,3,5,5,7,6,3,3,2,2,2,2,2,3,3,4,7,2,2,2,2,3,4,4,5,4,4,3,3,3,3,3,4,5,5,6,5,4,4,4,3,3,3,3,3,4,4,4,5,5,6,6,9,6,5,5,4,4,4,4,4,4,4,5,5,5,6,6,8,8,6,6,6,5,5,4,4,4,5,5,5,6,6,6,7,9,7,7,6,6,6,5,5,5,5,5,5,6,6,6,7,7,8,8,7,7,6,6,6,6,6,6,6,6,6,7,7
157,10,9,8,7,7,7,7,7,8,11,10,9,9,9,8,7,7,7,7,7,7,7,7,10,9,8,6,6,6,6,6,8,8,7,7,6,6,6,6,6,7,7,7,6,6,6,5,5,5,5,7,6,6,6,5,5,5,4,5,9,6,5,5,4,4,4,4,4,4,4,9,6,6,5,4,3,3,3,3,3,4,4,4,5,8,6,5,4,3,3,3,3,3,3,3,4,4,4,9,8,6,4,3,3,2,2,2,2,2,3,3,8,8,7,5,4,4,3,2,2,2,2,2,2,2,4,4,5,8,8,4,3,3,2,2,1,1,2,2,2,4,5,8,8,3,3,2,1,2,4,8,3,3,2,2,1,0,2,3,4,3,3,1,1,1,2,2,3,4,4,8,6,4,3,3,2,2,1,1,1,2,2,2,4,5,7,7,4,3,3,2,2,2,2,2,3,3,7,3,2,2,2,3,3,4,4,4,4,4,3,3,3,3,4,4,5,5,6,5,4,4,4,3,3,3,3,3,4,4,4,5,5,6,9,6,6,5,5,4,4,4,4,4,4,4,5,5,5,6,9,8,7,6,6,5,5,5,4,4,4,5,5,5,6,6,6,10,7,7,7,6,6,5,5,5,5,5,5,5,6,6,6,7,9,8,7,7,7,6,6,6,6,6,6,6,6,6,7
158,11,10,8,8,8,7,7,7,8,12,11,11,10,10,9,8,8,8,7,7,7,7,7,11,10,9,7,7,7,6,6,9,9,9,8,7,7,6,6,6,9,8,8,7,7,7,6,6,6,5,9,7,7,7,6,6,6,5,4,11,7,7,6,5,5,5,4,4,4,4,10,7,7,6,5,4,4,4,3,3,3,3,3,4,10,7,7,5,4,4,4,3,3,3,3,3,3,3,10,10,8,5,4,4,4,3,3,2,2,2,2,10,9,8,6,6,5,5,4,3,3,2,2,2,2,2,3,3,10,9,6,5,5,4,3,2,2,1,1,1,2,3,10,9,5,4,4,3,1,3,9,5,4,4,3,2,2,0,1,3,5,4,3,2,1,1,1,1,2,3,9,8,6,5,5,4,3,2,2,2,1,1,1,2,3,9,8,5,5,4,3,3,2,2,2,2,2,9,4,4,3,2,2,2,3,3,6,5,5,4,4,4,3,3,3,4,4,7,6,6,5,5,4,4,4,3,3,3,3,3,4,4,4,11,8,7,7,6,5,5,4,4,4,4,4,4,4,4,5,10,10,8,7,7,6,6,5,5,5,5,4,4,5,5,5,5,11,9,8,8,7,7,6,5,5,5,5,5,5,5,5,5,6,10,9,9,8,8,7,7,7,6,6,6,6,6,6,6
159,12,11,9,9,8,8,8,7,7,13,12,11,11,11,10,9,9,8,8,8,7,7,7,12,11,10,8,7,7,7,7,10,10,9,9,8,7,7,7,6,10,9,9,8,8,7,7,7,6,5,10,8,8,7,7,7,6,5,5,12,8,8,7,6,6,5,5,4,4,4,11,8,8,7,6,5,5,4,4,4,3,3,3,3,11,8,8,6,5,5,4,4,4,3,3,3,3,3,11,11,9,6,5,5,4,4,4,3,3,2,2,11,11,9,7,7,6,6,5,4,4,3,3,2,2,2,2,2,11,11,7,6,6,5,5,3,2,2,2,1,2,2,11,10,6,6,5,4,1,2,10,6,6,5,4,3,3,1,0,2,6,6,4,3,2,1,1,1,1,2,11,9,7,6,6,5,4,3,3,2,2,2,1,2,2,10,9,6,6,5,4,4,3,2,2,2,2,10,5,4,4,3,2,2,2,2,7,6,6,5,5,4,4,3,3,3,3,8,7,6,6,6,5,5,4,4,4,3,3,3,3,3,4,12,9,8,8,7,6,5,5,5,4,4,4,4,4,4,4,11,11,9,8,8,7,6,6,6,5,5,5,4,4,4,5,5,12,10,9,9,8,8,7,6,6,5,5,5,5,5,5,5,5,11,10,9,9,9,8,8,7,7,6,6,6,6,6,6
160,14,12,10,10,9,9,8,8,7,14,14,13,12,12,11,10,10,9,9,9,8,8,8,14,12,12,9,9,8,8,7,12,11,11,10,9,9,8,8,7,11,11,10,10,9,9,8,8,7,6,11,10,9,9,8,8,7,6,5,13,10,9,9,8,7,7,6,5,5,5,13,10,9,9,7,6,6,6,5,5,4,4,4,3,12,10,9,7,7,6,6,5,5,4,4,4,3,3,13,12,11,7,7,6,6,5,5,4,4,4,3,13,12,11,9,8,8,7,6,6,5,5,4,4,3,2,2,2,13,12,8,8,7,7,6,5,4,3,3,2,1,1,13,12,8,7,7,6,3,1,12,8,7,7,6,5,4,3,2,0,8,7,6,5,3,3,2,2,1,1,12,11,8,8,7,7,6,5,5,4,3,3,2,1,1,12,11,8,7,7,6,5,4,4,3,3,2,12,6,6,5,4,4,3,2,2,8,8,7,7,6,6,5,4,3,3,3,9,8,8,7,7,6,6,6,5,5,4,4,4,3,3,3,13,10,10,9,8,7,7,6,6,5,5,4,4,4,4,4,13,12,10,10,9,8,7,7,7,6,6,6,5,5,5,4,4,14,11,11,10,10,9,8,7,7,6,6,6,5,5,5,5,5,12,12,11,10,10,9,9,9,8,6,6,6,6,6,6
161,9,8,8,8,8,8,8,9,11,9,8,8,8,7,7,7,7,7,7,7,8,8,8,8,7,7,7,7,7,7,7,7,6,6,6,6,6,6,6,7,6,6,6,6,6,6,6,6,6,7,6,5,5,5,5,5,5,6,7,7,5,4,4,5,5,5,5,6,6,7,6,4,4,4,4,4,5,5,5,6,6,7,7,8,6,4,3,3,4,4,4,5,5,6,6,6,7,7,6,5,4,3,3,3,4,4,4,5,5,6,6,5,5,4,2,2,2,2,3,3,4,4,4,5,5,7,7,8,5,5,2,2,2,2,2,3,4,5,5,6,7,8,5,5,1,1,2,2,5,8,4,1,1,1,2,3,3,5,6,8,0,1,2,3,4,5,6,6,7,8,4,3,1,1,1,1,2,3,3,4,4,5,6,7,8,4,3,1,1,2,2,3,4,5,5,6,6,4,2,3,4,4,5,6,7,7,2,2,2,3,3,4,4,6,7,7,8,3,3,3,3,3,4,4,4,5,5,6,6,7,7,8,8,6,4,3,3,3,4,4,4,5,5,6,6,7,7,8,8,6,5,4,4,4,4,4,4,5,5,5,6,7,7,8,8,9,7,5,5,5,4,4,5,5,6,6,6,7,7,7,8,8,9,6,6,5,5,5,5,5,5,5,7,7,7,8,8,9
162,9,8,8,8,8,8,8,9,11,9,9,8,8,8,7,7,7,7,7,7,7,8,8,8,7,7,7,7,7,7,7,7,7,6,6,6,6,6,6,6,6,6,6,6,6,6,6,6,6,7,6,5,5,5,5,5,5,6,7,7,5,5,4,4,5,5,5,6,6,6,7,4,4,4,4,4,4,5,5,5,6,6,7,7,6,4,4,3,3,4,4,4,5,5,6,6,6,7,6,6,4,3,3,3,3,4,4,4,5,5,6,6,5,4,3,2,2,2,2,3,3,4,4,4,5,6,7,7,6,5,2,2,2,2,2,3,4,4,5,5,7,7,6,5,1,1,1,2,5,7,5,1,1,1,1,2,3,4,6,7,1,0,2,2,4,4,5,6,7,7,5,3,1,1,1,1,2,2,3,3,4,4,5,7,7,5,4,1,1,1,2,2,3,4,5,5,6,5,2,2,3,4,5,5,6,7,2,2,2,2,3,3,4,5,6,7,7,3,3,3,3,3,3,4,4,4,5,5,6,6,7,7,8,6,4,4,3,3,3,4,4,4,5,5,6,6,7,7,8,6,6,4,4,4,4,4,4,4,5,5,5,6,7,7,8,8,7,5,5,5,5,4,4,5,5,6,6,6,7,7,7,8,8,6,6,5,5,5,5,5,5,5,6,7,7,7,8,8
163,10,9,8,8,8,8,8,8,9,10,10,9,9,8,8,7,7,7,7,7,7,7,7,9,8,8,7,7,7,7,7,8,7,7,7,6,6,6,6,6,7,7,6,6,6,6,6,6,6,6,7,6,6,5,5,5,5,5,6,8,5,5,5,5,4,4,4,5,5,5,8,5,5,5,4,4,4,4,4,4,5,5,5,6,7,5,5,3,3,3,3,3,4,4,4,5,5,6,8,7,6,3,3,3,3,3,3,3,4,4,4,7,7,6,4,4,3,3,2,2,2,2,3,3,4,5,5,6,7,7,3,3,2,2,2,2,2,3,3,4,5,6,7,7,2,2,2,1,3,6,7,2,2,1,1,1,1,3,4,6,2,2,0,1,2,3,3,4,5,6,7,5,3,2,2,1,1,1,1,2,2,3,3,5,6,6,6,2,2,2,1,1,2,2,3,3,4,6,2,2,2,2,3,4,5,5,3,3,2,2,2,2,3,4,5,5,6,4,4,3,3,3,3,3,3,3,4,4,4,5,5,6,6,8,5,5,4,4,3,3,3,3,4,4,5,5,6,6,6,8,7,5,5,5,4,4,4,4,4,4,4,5,5,6,6,7,8,6,6,6,5,5,5,4,5,5,5,5,6,6,6,7,7,7,7,6,6,6,5,5,5,5,5,6,6,6,7,7
164,10,9,8,8,8,8,8,8,9,11,10,9,9,9,8,8,7,7,7,7,7,7,7,10,9,8,7,7,7,7,7,8,8,7,7,7,6,6,6,6,7,7,7,6,6,6,6,6,6,6,7,6,6,6,5,5,5,5,5,9,6,6,5,5,5,4,4,5,5,5,9,6,5,5,4,4,4,4,4,4,4,5,5,5,8,6,5,4,3,3,3,3,3,4,4,4,5,5,8,8,6,4,3,3,3,3,3,3,3,4,4,8,7,6,4,4,4,3,2,2,2,2,2,3,3,4,5,5,8,7,4,3,3,2,2,2,2,2,3,3,5,5,8,7,3,2,2,1,2,5,7,3,2,2,1,1,1,2,3,5,3,2,1,0,2,2,3,3,4,5,7,6,3,3,2,2,1,1,1,1,2,2,3,4,5,7,6,3,2,2,1,1,2,2,2,3,3,7,2,2,2,2,3,3,4,5,4,3,3,2,2,2,2,4,4,5,5,5,4,4,3,3,3,3,3,3,3,4,4,4,5,5,6,8,6,5,5,4,3,3,3,3,3,4,4,5,5,6,6,8,8,6,5,5,4,4,4,4,4,4,4,5,5,5,6,6,9,7,6,6,6,5,5,4,4,5,5,5,5,6,6,6,7,8,7,7,6,6,6,5,5,5,5,5,6,6,6,7
165,11,10,9,8,8,8,8,8,8,12,11,11,10,10,9,8,8,8,8,7,7,7,7,11,10,9,7,7,7,7,7,9,9,9,8,7,7,7,6,6,9,8,8,7,7,7,6,6,6,6,9,7,7,7,6,6,6,5,5,10,7,7,6,6,5,5,5,4,4,4,10,7,7,6,5,4,4,4,4,4,4,4,4,4,9,7,6,5,4,4,4,3,3,3,3,3,4,4,10,9,8,5,4,4,4,3,3,3,3,3,3,10,9,8,6,5,5,4,4,3,3,2,2,2,2,3,4,4,9,9,5,5,4,4,3,2,2,2,2,2,3,4,9,9,5,4,3,2,1,3,9,4,4,3,3,2,1,1,2,3,4,4,2,2,0,1,1,2,3,3,9,7,5,4,4,3,2,2,1,1,1,1,1,3,3,8,8,5,4,3,2,2,1,1,1,2,2,8,3,3,2,2,2,2,3,3,5,4,4,4,3,3,2,2,3,4,4,6,5,5,4,4,4,3,3,3,3,3,3,3,4,4,4,10,7,6,6,5,4,4,4,3,3,3,3,4,4,4,5,10,9,7,7,6,5,5,4,4,4,4,4,4,4,4,5,5,10,8,7,7,7,6,6,5,5,4,4,4,5,5,5,5,6,9,9,8,7,7,7,6,6,6,5,5,5,5,5,6
166,12,11,9,9,8,8,8,8,8,12,12,11,11,10,10,9,8,8,8,8,7,7,7,11,10,10,8,7,7,7,7,10,9,9,9,8,7,7,7,6,9,9,8,8,7,7,7,6,6,6,9,8,7,7,7,6,6,5,5,11,7,7,7,6,5,5,5,5,4,4,11,8,7,7,5,5,4,4,4,4,4,4,4,4,10,7,7,5,5,4,4,4,3,3,3,3,3,4,10,10,8,5,5,4,4,4,3,3,3,3,3,10,10,9,6,6,5,5,4,4,3,3,2,2,2,3,3,4,10,9,6,5,5,4,4,3,2,2,2,2,3,3,10,9,5,5,4,3,1,3,9,5,4,4,3,2,2,1,1,3,5,4,3,2,1,0,1,1,2,3,9,8,6,5,4,4,3,2,2,1,1,1,1,2,3,9,8,5,5,4,3,2,2,1,1,1,2,9,4,3,2,2,2,2,2,3,5,5,4,4,4,3,2,2,3,3,4,7,6,5,5,4,4,4,3,3,3,3,3,3,3,4,4,10,7,7,6,6,5,4,4,4,3,3,3,3,4,4,4,10,10,8,7,7,6,5,5,4,4,4,4,4,4,4,4,5,11,8,8,7,7,7,6,5,5,5,4,4,4,5,5,5,5,10,9,8,8,7,7,7,6,6,5,5,5,5,5,5
167,12,11,9,9,8,8,8,8,8,13,12,11,11,11,10,9,9,8,8,8,8,7,7,12,11,10,8,8,7,7,7,10,10,9,9,8,7,7,7,7,9,9,9,8,8,7,7,7,6,6,10,8,8,7,7,7,6,5,5,11,8,7,7,6,6,6,5,5,5,4,11,8,8,7,5,5,5,4,4,4,4,4,4,4,10,8,7,6,5,5,4,4,4,3,3,3,3,3,11,10,9,6,5,5,4,4,4,3,3,3,3,11,10,9,7,6,6,5,4,4,4,3,3,2,2,2,3,3,11,10,6,6,5,5,4,3,2,2,2,2,2,3,11,10,6,5,5,3,1,2,10,6,5,4,4,3,2,1,1,2,6,5,3,3,1,1,0,1,2,2,10,8,6,6,5,4,3,3,2,2,1,1,1,2,2,9,9,6,5,5,3,3,2,2,1,1,1,9,4,4,3,2,2,2,2,2,6,5,5,4,4,4,3,2,2,3,3,7,6,6,5,5,4,4,4,3,3,3,3,3,3,3,4,11,8,7,7,6,5,5,4,4,4,3,3,3,3,4,4,11,10,8,8,7,6,5,5,5,4,4,4,4,4,4,4,4,11,9,8,8,7,7,6,5,5,5,5,4,4,4,5,5,5,10,10,9,8,8,7,7,7,6,5,5,5,5,5,5
168,13,11,9,9,9,8,8,8,8,13,13,12,11,11,11,9,9,9,8,8,8,8,7,12,11,11,8,8,8,7,7,11,10,10,9,9,8,7,7,7,10,9,9,9,8,8,7,7,7,6,10,9,8,8,7,7,7,5,5,12,8,8,7,7,6,6,5,5,5,5,12,9,8,8,6,5,5,5,4,4,4,4,4,4,11,8,8,6,6,5,5,4,4,4,3,3,3,3,11,11,9,6,6,5,5,4,4,4,3,3,3,11,11,10,7,7,6,6,5,4,4,4,3,3,2,2,2,3,11,11,7,6,6,5,5,4,3,2,2,2,2,2,11,11,6,6,5,4,2,2,10,6,6,5,4,3,3,1,1,2,6,6,4,3,2,1,1,0,1,2,10,9,7,6,6,5,4,3,3,2,2,1,1,1,2,10,9,6,6,5,4,3,2,2,2,1,1,10,5,4,3,3,2,2,2,2,6,6,5,5,4,4,3,2,2,2,3,8,7,6,6,5,5,4,4,4,3,3,3,3,3,3,3,11,8,8,7,6,6,5,5,4,4,4,3,3,3,3,4,11,11,9,8,8,7,6,5,5,5,4,4,4,4,4,4,4,12,9,9,8,8,7,7,6,5,5,5,5,4,4,4,5,5,11,10,9,9,8,8,7,7,7,5,5,5,5,5,5
169,13,12,10,10,9,9,9,8,8,14,14,13,12,12,11,10,10,9,9,9,8,8,8,13,12,11,9,9,8,8,8,12,11,11,10,9,9,8,8,7,11,10,10,9,9,9,8,8,7,6,11,10,9,9,8,8,7,6,5,13,9,9,8,7,7,7,6,6,5,5,13,10,9,9,7,6,6,5,5,5,4,4,4,4,12,9,9,7,6,6,6,5,5,4,4,4,3,3,12,12,10,7,7,6,6,5,5,4,4,4,3,12,12,11,9,8,7,7,6,5,5,4,4,4,3,2,2,2,12,12,8,7,7,6,6,5,4,3,3,2,2,2,12,12,7,7,6,5,2,1,12,7,7,6,6,4,4,2,1,1,7,7,5,4,3,2,2,1,0,1,12,10,8,7,7,6,5,4,4,3,3,2,2,1,1,11,11,7,7,6,5,5,3,3,2,2,2,11,6,5,4,4,3,2,2,2,7,7,6,6,5,5,4,3,2,2,2,9,8,7,7,6,6,5,5,4,4,4,3,3,3,3,3,13,9,9,8,7,6,6,6,5,5,4,4,3,3,3,3,12,12,10,9,9,8,7,6,6,5,5,5,4,4,4,4,4,13,10,10,9,9,8,7,6,6,6,5,5,5,5,4,4,4,12,11,10,10,9,9,8,8,7,6,5,5,5,5,5
170,14,13,11,10,9,9,9,8,8,15,14,13,13,12,12,11,10,10,9,9,9,8,8,14,12,12,9,9,9,8,8,12,12,11,11,10,9,9,8,8,11,11,10,10,9,9,9,8,8,6,12,10,10,9,9,8,8,6,6,13,10,9,9,8,7,7,7,6,5,5,13,10,10,9,7,7,6,6,5,5,5,4,4,4,13,10,9,7,7,6,6,6,5,5,4,4,4,3,13,12,11,8,7,7,6,6,5,5,4,4,4,13,12,11,9,9,8,7,6,6,5,5,4,4,4,2,2,2,13,12,8,8,7,7,6,5,4,4,3,3,2,2,13,12,8,7,7,6,3,1,12,8,7,7,6,5,4,3,2,1,8,7,6,5,3,3,2,2,1,0,12,10,8,8,7,7,6,5,4,4,3,3,2,1,1,12,11,8,7,7,6,5,4,3,3,2,2,12,6,6,5,4,3,3,2,2,8,7,7,6,6,5,4,3,2,2,2,9,8,8,7,7,6,6,5,5,4,4,4,3,3,3,3,13,10,9,9,8,7,6,6,6,5,5,4,4,3,3,3,13,12,10,10,9,8,7,7,6,6,5,5,4,4,4,4,4,13,11,10,10,9,9,8,7,6,6,6,5,5,5,5,4,4,12,12,11,10,10,9,9,8,8,6,6,5,5,5,5
171,8,9,10,10,11,11,11,12,15,8,8,8,8,8,8,9,9,9,10,10,11,11,11,7,7,7,9,9,10,10,11,7,7,7,7,8,9,9,9,10,6,7,7,7,7,8,8,9,9,11,6,6,7,7,7,8,8,10,11,5,6,6,7,7,8,8,9,10,10,11,4,5,6,6,7,8,8,9,9,10,10,11,11,12,4,5,5,7,7,8,8,9,9,10,10,11,11,12,3,3,4,6,6,7,7,8,8,9,9,10,10,3,3,3,4,5,5,6,7,7,8,8,9,9,10,11,12,12,2,2,4,5,5,6,6,7,9,9,10,10,12,12,2,2,5,5,6,7,9,12,1,5,5,6,6,7,8,9,11,12,4,5,7,7,9,9,10,10,12,12,0,2,4,4,5,6,7,7,8,8,9,9,10,12,12,1,1,4,5,6,7,7,8,9,9,10,10,1,6,7,8,8,9,10,11,12,5,5,6,6,7,7,8,10,11,12,12,4,5,5,6,6,7,7,8,9,9,10,10,11,11,12,12,3,4,4,5,6,7,7,8,8,9,9,10,11,11,12,12,3,3,4,5,5,6,7,7,8,8,9,9,10,11,11,12,13,4,4,5,5,5,6,7,8,9,9,10,10,11,11,12,12,13,5,5,5,6,6,6,7,7,7,10,10,11,11,12,12
172,8,8,9,9,10,10,10,11,13,8,8,8,8,8,8,8,8,9,9,9,9,10,10,7,7,7,8,8,9,9,9,7,7,7,7,7,8,8,8,9,6,6,6,6,7,7,7,7,8,10,6,6,6,6,6,7,7,9,9,5,5,5,6,6,7,7,7,8,9,9,5,5,5,5,6,7,7,7,8,8,9,9,10,10,4,4,4,5,6,6,7,7,8,8,9,9,10,10,4,4,3,5,5,6,6,6,7,7,8,8,9,4,3,3,3,4,4,4,5,6,6,7,7,8,8,10,10,11,3,3,3,4,4,4,5,6,7,7,8,9,10,11,3,2,3,4,4,5,8,11,2,3,3,4,5,6,6,8,9,11,3,3,5,6,7,8,8,9,10,10,2,0,2,3,3,4,5,6,6,7,7,8,8,10,10,1,1,3,3,4,5,6,7,7,8,8,9,2,5,5,6,7,8,8,9,10,3,4,4,5,5,6,7,8,9,10,11,3,4,4,4,5,5,6,6,7,7,8,9,9,10,10,11,4,3,3,4,4,5,6,6,7,7,8,9,9,10,10,11,4,3,3,4,4,5,6,6,6,7,7,8,9,9,10,10,11,4,4,4,4,4,5,5,7,7,8,8,9,9,10,10,11,11,4,4,5,5,5,5,6,6,6,8,9,9,10,10,11
173,9,8,8,8,9,9,9,10,12,9,9,8,8,8,8,8,8,8,8,8,8,9,9,8,7,7,7,7,8,8,8,7,7,7,7,7,7,7,7,7,6,6,6,6,6,6,6,6,7,8,6,6,6,6,6,6,6,7,8,7,5,5,5,5,5,6,6,7,7,7,6,5,4,4,5,5,6,6,6,7,7,7,8,8,5,4,4,4,4,5,5,5,6,6,7,7,8,8,6,5,4,3,4,4,4,5,5,6,6,6,7,5,5,4,3,3,3,3,4,4,4,5,5,6,6,8,8,9,5,4,2,2,2,3,3,4,5,5,6,6,8,9,5,4,2,2,2,3,6,8,4,1,2,2,2,3,4,6,7,8,1,1,3,3,5,6,6,7,8,8,4,2,0,1,1,2,3,3,4,4,5,6,6,8,8,3,3,1,1,2,3,3,4,5,6,6,7,3,2,3,4,5,6,6,7,8,2,2,2,3,3,4,5,6,7,8,8,2,2,2,3,3,4,4,4,5,5,6,6,7,7,8,9,5,3,3,3,3,4,4,4,5,5,6,7,7,8,8,9,5,5,3,3,3,3,4,4,5,5,6,6,7,7,8,8,9,6,4,4,4,4,4,4,5,5,6,6,7,7,8,8,9,9,5,5,5,4,4,4,5,5,5,7,7,7,8,8,9
174,9,9,8,8,9,9,9,9,11,9,9,8,8,8,8,8,8,8,8,8,8,8,9,8,8,7,7,7,7,8,8,7,7,7,7,7,7,7,7,7,6,6,6,6,6,6,6,6,6,8,6,6,6,6,6,6,6,7,7,7,5,5,5,5,5,5,6,6,7,7,7,5,5,4,5,5,5,6,6,6,7,7,7,8,6,4,4,4,4,4,5,5,5,6,6,7,7,8,6,6,4,3,3,4,4,4,5,5,6,6,6,6,5,4,3,3,3,3,3,4,4,4,5,5,6,7,8,8,5,5,2,2,2,2,3,4,4,5,5,6,7,8,5,5,2,2,2,3,5,8,5,1,1,2,2,3,3,5,6,8,1,1,2,3,4,5,6,6,7,8,4,3,1,0,1,1,2,3,3,4,4,5,6,7,8,4,3,1,1,1,2,3,4,4,5,6,6,4,2,2,3,4,5,6,7,7,2,2,2,2,3,3,4,6,7,7,8,2,2,2,2,3,3,4,4,4,5,5,6,6,7,7,8,6,3,3,3,3,3,4,4,4,5,5,6,7,7,8,8,6,5,4,3,3,3,4,4,4,5,5,6,6,7,7,8,8,6,4,4,4,4,4,4,5,5,5,6,6,7,7,8,8,9,6,5,5,5,4,4,4,5,5,6,7,7,7,8,8
175,9,9,8,8,8,9,9,9,11,9,9,9,8,8,8,8,8,8,8,8,8,8,8,9,8,8,7,7,7,7,8,7,7,7,7,7,7,7,7,7,7,6,6,6,6,6,6,6,6,7,6,6,6,6,6,6,6,6,7,7,5,5,5,5,5,5,5,6,6,7,7,5,5,5,5,5,5,5,6,6,6,7,7,7,6,4,4,4,4,4,4,5,5,5,6,6,7,7,6,6,5,3,3,3,4,4,4,5,5,6,6,6,6,5,3,3,3,3,3,3,4,4,4,5,5,7,7,8,6,5,2,2,2,2,2,3,4,4,5,5,7,7,6,5,2,2,2,2,5,7,5,1,1,1,2,2,3,5,6,7,1,1,2,2,4,4,5,6,7,7,5,3,1,1,0,1,2,2,3,3,4,4,5,7,7,4,4,1,1,1,2,2,3,4,4,5,6,5,2,2,3,3,5,5,6,7,2,2,2,2,2,3,4,5,6,7,7,3,2,2,2,2,3,3,4,4,4,5,5,6,6,7,7,6,4,3,3,3,3,3,4,4,4,5,6,6,7,7,8,6,6,4,4,3,3,3,4,4,4,5,5,6,6,7,7,8,7,5,4,4,4,4,4,4,5,5,5,6,6,7,7,8,8,6,6,5,5,5,4,4,4,5,6,6,7,7,7,8
176,10,9,8,8,8,8,9,9,11,10,9,9,9,8,8,8,8,8,8,8,8,8,8,9,8,8,7,7,7,7,7,8,7,7,7,7,7,7,7,7,7,7,6,6,6,6,6,6,6,7,7,6,6,6,6,6,6,6,7,8,5,5,5,5,5,5,5,6,6,6,7,5,5,5,4,5,5,5,5,6,6,6,7,7,7,5,4,4,4,4,4,4,5,5,5,6,6,7,7,6,5,3,3,3,3,4,4,4,5,5,6,7,6,5,4,3,3,3,3,3,3,4,4,4,5,6,7,7,6,6,3,2,2,2,2,3,4,4,4,5,6,7,6,6,2,2,2,2,4,7,6,2,1,1,1,2,2,4,5,7,1,1,1,2,3,4,4,5,6,7,6,4,2,1,1,0,1,2,2,3,3,4,4,6,7,5,4,1,1,1,1,2,3,3,4,4,5,5,1,2,2,3,4,5,6,6,2,2,2,2,2,2,3,5,6,6,7,3,2,2,2,2,2,3,3,4,4,4,5,5,6,6,7,7,4,4,3,3,3,3,3,4,4,4,5,6,6,7,7,6,6,4,4,4,3,3,3,4,4,4,5,6,6,6,7,7,7,5,5,4,4,4,4,4,4,5,5,5,6,6,7,7,8,6,6,5,5,5,5,4,4,4,6,6,6,7,7,7
177,10,9,8,8,8,8,8,9,10,11,10,9,9,9,9,8,8,8,8,8,8,8,8,10,9,8,7,7,7,7,7,8,8,8,7,7,7,7,7,7,7,7,7,7,6,6,6,6,6,7,7,6,6,6,6,6,6,6,6,9,6,6,5,5,5,5,5,5,5,6,8,6,6,5,4,4,4,5,5,5,5,6,6,6,8,5,5,4,4,4,4,4,4,4,5,5,5,6,8,7,6,4,3,3,3,3,3,4,4,4,5,8,7,6,4,4,4,3,3,3,3,3,3,4,4,5,6,6,7,7,4,3,3,2,2,2,3,3,4,4,5,6,7,7,3,2,2,2,3,6,7,2,2,2,1,1,2,3,4,6,2,2,1,1,2,3,3,4,5,6,7,5,3,2,2,1,0,1,1,2,2,3,3,5,6,6,6,2,2,1,1,1,2,2,3,3,4,6,1,1,2,2,3,3,5,5,3,2,2,2,2,2,2,4,5,5,6,4,3,3,2,2,2,2,2,3,3,4,4,4,5,5,6,8,5,4,4,3,3,3,3,3,3,4,4,5,5,6,6,7,7,5,5,4,4,3,3,3,3,4,4,5,5,6,6,6,8,6,5,5,5,4,4,4,4,4,4,5,5,5,6,6,7,7,7,6,6,5,5,5,5,4,5,5,6,6,6,7
178,11,10,9,8,8,8,8,8,10,11,11,10,9,9,9,8,8,8,8,8,8,8,8,10,9,9,7,7,7,7,7,9,8,8,8,7,7,7,7,7,8,7,7,7,7,6,6,6,6,6,8,7,6,6,6,6,6,6,6,9,6,6,6,5,5,5,5,5,5,5,9,6,6,6,5,4,4,4,5,5,5,5,6,6,8,6,5,4,4,4,4,4,4,4,4,5,5,5,8,8,6,4,4,3,3,3,3,3,4,4,4,8,8,7,5,4,4,4,3,3,3,3,3,3,4,5,5,6,8,7,4,4,3,3,2,2,2,3,3,4,5,5,8,7,3,3,2,2,3,5,7,3,2,2,2,1,1,2,3,5,3,2,1,1,2,2,3,3,4,5,7,6,3,3,2,2,1,0,1,1,2,2,3,4,5,7,6,3,2,2,1,1,1,2,2,3,3,7,2,1,1,2,2,3,4,5,3,3,2,2,2,2,2,3,4,5,5,4,4,3,3,2,2,2,2,2,3,3,4,4,4,5,5,8,5,5,4,4,3,3,3,3,3,3,4,4,5,5,6,8,7,6,5,5,4,3,3,3,3,3,4,4,5,5,6,6,9,6,6,5,5,5,4,4,4,4,4,4,5,5,5,6,6,7,7,6,6,6,5,5,5,5,5,5,5,6,6,6
179,11,10,9,9,8,8,8,8,9,11,11,10,10,9,9,8,8,8,8,8,8,8,8,11,9,9,7,7,7,7,7,9,9,8,8,7,7,7,7,7,8,8,7,7,7,7,6,6,6,6,8,7,7,6,6,6,6,6,6,10,7,6,6,5,5,5,5,5,5,5,9,7,6,6,5,5,4,4,4,5,5,5,5,6,9,6,6,4,4,4,4,4,4,4,4,4,5,5,9,8,7,4,4,4,3,3,3,3,3,4,4,9,8,7,5,5,4,4,3,3,3,3,3,3,3,4,5,5,9,8,4,4,4,3,3,2,2,2,3,3,4,5,8,8,4,3,3,2,2,5,8,3,3,2,2,1,1,2,3,5,3,3,1,1,1,2,2,3,4,4,8,6,4,3,3,2,1,1,0,1,1,2,2,4,4,7,7,3,3,2,1,1,1,1,2,2,3,7,2,2,1,1,2,2,3,4,4,3,3,2,2,2,2,3,4,4,5,5,4,4,3,3,2,2,2,2,2,3,3,4,4,4,5,9,6,5,5,4,3,3,3,3,3,3,4,4,4,5,5,8,8,6,6,5,4,4,3,3,3,3,3,4,4,5,5,6,9,7,6,6,5,5,4,4,4,4,4,4,4,5,5,5,6,8,7,7,6,6,6,5,5,5,5,5,5,5,6,6
180,11,10,9,9,8,8,8,8,9,12,11,11,10,10,9,9,8,8,8,8,8,8,8,11,10,9,8,7,7,7,7,9,9,9,8,8,7,7,7,7,9,8,8,7,7,7,7,6,6,6,9,7,7,7,6,6,6,6,6,10,7,7,6,6,5,5,5,5,5,5,10,7,7,6,5,5,5,4,4,4,5,5,5,5,9,7,6,5,4,4,4,4,4,4,4,4,4,5,9,9,7,5,4,4,4,3,3,3,3,3,4,9,9,8,6,5,5,4,4,3,3,3,3,3,3,4,4,5,9,9,5,4,4,4,3,2,2,2,2,3,4,4,9,8,4,4,3,2,2,4,8,4,3,3,2,2,1,2,2,4,4,3,2,1,1,1,2,2,3,4,8,7,4,4,3,3,2,1,1,0,1,1,2,3,4,8,7,4,3,3,2,1,1,1,1,2,2,8,2,2,1,1,2,2,3,3,4,4,3,3,2,2,2,2,3,4,4,5,4,4,4,3,3,2,2,2,2,2,3,3,4,4,4,9,6,6,5,4,4,3,3,3,3,3,3,4,4,4,5,9,8,6,6,6,5,4,4,3,3,3,3,4,4,4,5,5,10,7,7,6,6,5,5,4,4,4,4,4,4,4,5,5,5,8,8,7,7,6,6,6,5,5,4,5,5,5,5,6
181,12,11,9,9,9,8,8,8,9,12,12,11,11,10,10,9,9,8,8,8,8,8,8,11,10,10,8,8,7,7,7,10,9,9,9,8,7,7,7,7,9,9,8,8,7,7,7,7,6,6,9,8,7,7,7,6,6,6,6,11,7,7,7,6,6,5,5,5,5,5,10,7,7,7,5,5,5,5,4,4,4,5,5,5,10,7,7,5,5,4,4,4,4,4,4,4,4,4,10,9,8,5,5,4,4,4,3,3,3,3,3,10,9,8,6,6,5,5,4,4,3,3,3,3,3,4,4,4,10,9,5,5,4,4,4,3,2,2,2,2,4,4,9,9,5,4,4,3,2,4,9,5,4,3,3,2,2,1,2,3,4,4,2,2,1,1,1,2,3,3,9,7,5,4,4,3,2,2,1,1,0,1,1,3,3,8,8,4,4,3,2,2,1,1,1,1,2,8,3,2,2,1,1,2,2,3,5,4,4,3,3,2,2,2,3,3,4,6,5,4,4,4,3,3,2,2,2,2,2,3,3,4,4,10,7,6,6,5,4,4,3,3,3,3,3,3,4,4,4,9,9,7,6,6,5,4,4,4,3,3,3,3,4,4,4,5,10,8,7,7,6,6,5,4,4,4,4,4,4,4,4,5,5,9,8,7,7,7,6,6,6,5,4,4,5,5,5,5
182,12,11,9,9,9,9,8,8,9,13,12,11,11,11,10,9,9,9,8,8,8,8,8,12,11,10,8,8,8,7,7,10,10,9,9,8,8,7,7,7,9,9,9,8,8,7,7,7,7,6,9,8,8,7,7,7,6,6,6,11,8,7,7,6,6,6,5,5,5,5,11,8,7,7,6,5,5,5,5,4,4,4,5,5,10,8,7,5,5,5,4,4,4,4,4,4,4,4,10,10,8,6,5,5,4,4,4,3,3,3,3,10,10,9,7,6,6,5,4,4,4,3,3,3,3,3,4,4,10,10,6,5,5,4,4,3,2,2,2,2,3,4,10,9,5,5,4,3,2,3,9,5,5,4,3,2,2,1,2,3,5,4,3,2,1,1,1,1,2,3,9,8,6,5,4,4,3,2,2,1,1,0,1,2,3,9,8,5,4,4,3,2,1,1,1,1,1,9,3,3,2,2,1,1,2,2,5,5,4,4,3,3,2,2,2,3,3,6,5,5,4,4,4,3,3,2,2,2,2,2,3,3,4,10,7,7,6,5,4,4,4,3,3,3,3,3,3,4,4,10,9,7,7,6,6,5,4,4,4,3,3,3,3,4,4,4,11,8,8,7,7,6,5,4,4,4,4,4,4,4,4,4,5,9,9,8,7,7,7,6,6,6,4,4,4,5,5,5
183,12,11,10,9,9,9,9,8,9,13,13,12,11,11,11,9,9,9,9,8,8,8,8,12,11,11,8,8,8,8,7,11,10,10,9,9,8,8,7,7,10,9,9,9,8,8,7,7,7,6,10,9,8,8,7,7,7,6,6,12,8,8,7,7,6,6,6,5,5,5,11,8,8,7,6,6,5,5,5,5,4,4,4,5,11,8,8,6,5,5,5,4,4,4,4,4,4,4,11,10,9,6,6,5,5,4,4,4,3,3,3,11,10,9,7,7,6,6,5,4,4,4,3,3,3,3,3,4,11,10,6,6,5,5,4,4,3,2,2,2,3,3,11,10,6,5,5,4,2,3,10,6,5,5,4,3,2,1,1,2,6,5,3,3,1,1,1,1,2,2,10,8,6,6,5,4,3,3,2,2,1,1,0,2,2,9,9,6,5,4,3,3,2,1,1,1,1,9,4,3,2,2,1,1,2,2,6,5,5,4,4,3,2,2,2,2,3,7,6,5,5,4,4,4,3,3,2,2,2,2,2,3,3,11,8,7,7,6,5,4,4,4,3,3,3,3,3,3,4,10,10,8,7,7,6,5,5,4,4,4,3,3,3,3,4,4,11,9,8,8,7,7,6,5,4,4,4,4,4,4,4,4,4,10,9,8,8,7,7,7,6,6,5,4,4,4,5,5
184,14,12,11,10,10,9,9,9,8,14,14,13,13,12,12,11,10,10,9,9,9,9,8,14,12,12,9,9,9,8,8,12,11,11,11,10,9,9,8,8,11,11,10,10,9,9,9,8,8,6,11,10,9,9,9,8,8,6,6,13,10,9,9,8,7,7,7,6,6,5,13,10,9,9,7,7,6,6,6,5,5,5,5,4,12,10,9,7,7,6,6,5,5,5,4,4,4,4,13,12,10,7,7,6,6,6,5,5,4,4,4,12,12,11,9,8,8,7,6,6,5,5,4,4,4,3,3,3,12,12,8,7,7,6,6,5,4,4,3,3,2,2,12,12,7,7,6,5,3,2,12,7,7,6,6,5,4,2,2,1,7,7,5,4,3,2,2,1,1,1,12,10,8,7,7,6,5,4,4,3,3,2,2,0,1,11,10,7,7,6,5,4,3,3,2,2,1,11,6,5,4,3,2,2,1,1,7,7,6,6,5,5,4,2,2,2,2,9,7,7,6,6,5,5,4,4,4,3,3,2,2,2,2,12,9,9,8,7,6,6,5,5,4,4,3,3,3,3,3,12,11,9,9,8,7,6,6,6,5,5,4,4,3,3,3,3,13,10,10,9,9,8,7,6,5,5,5,4,4,4,4,4,4,11,11,10,9,9,8,8,7,7,5,5,5,5,4,4
185,14,13,11,11,10,10,9,9,8,15,14,13,13,13,12,11,11,10,10,9,9,9,9,14,13,12,10,9,9,9,8,12,12,11,11,10,9,9,9,8,12,11,11,10,10,9,9,9,8,7,12,10,10,9,9,9,8,7,6,14,10,10,9,8,8,7,7,6,6,6,13,10,10,9,7,7,7,6,6,6,5,5,5,5,13,10,10,8,7,7,6,6,5,5,5,4,4,4,13,13,11,8,7,7,6,6,6,5,5,4,4,13,12,11,9,9,8,8,7,6,6,5,5,4,4,3,3,3,13,12,9,8,7,7,6,5,4,4,4,3,2,2,13,12,8,7,7,6,3,2,12,8,7,7,6,5,5,3,2,1,8,7,6,5,3,3,2,2,1,1,12,10,8,8,7,7,6,5,4,4,3,3,2,1,0,12,11,8,7,7,6,5,4,3,3,2,2,12,6,6,5,4,3,2,2,1,8,7,7,6,6,5,4,3,2,2,2,9,8,7,7,6,6,5,5,4,4,4,3,3,2,2,2,13,10,9,9,8,7,6,6,5,5,4,4,3,3,3,3,13,12,10,9,9,8,7,6,6,6,5,5,4,4,3,3,3,13,11,10,10,9,9,8,6,6,5,5,5,4,4,4,4,4,12,11,10,10,9,9,8,8,7,6,5,5,5,5,4
186,9,9,10,10,11,11,11,12,15,8,8,8,8,8,9,9,9,10,10,10,11,11,11,8,8,8,9,9,10,10,11,7,7,7,8,8,9,9,9,10,7,7,7,7,8,8,8,9,9,11,6,7,7,7,7,8,8,10,11,6,6,6,7,7,8,8,9,9,10,10,5,5,6,6,7,8,8,9,9,10,10,11,11,12,4,5,5,7,7,7,8,8,9,9,10,10,11,11,4,4,4,6,6,7,7,8,8,9,9,10,10,3,3,3,4,5,5,6,6,7,7,8,8,9,9,11,11,12,3,3,4,5,5,6,6,7,8,9,9,10,11,12,2,2,4,5,5,6,9,12,2,4,5,5,6,7,7,9,10,12,4,5,6,7,8,9,9,10,11,12,1,1,3,4,4,5,6,7,7,8,8,9,9,11,12,0,1,4,4,5,6,7,8,8,9,9,10,1,6,6,7,8,9,9,10,11,4,5,5,6,6,7,8,9,11,11,12,3,4,5,5,6,6,7,7,8,8,9,9,10,11,11,12,2,3,4,4,5,6,6,7,7,8,9,10,10,11,11,12,3,3,4,4,4,5,6,7,7,8,8,9,10,10,11,11,12,3,4,4,4,5,5,6,7,8,8,9,9,10,10,11,11,12,4,4,4,5,5,5,6,6,7,9,10,10,11,11,12
187,9,9,10,10,10,11,11,12,14,8,8,8,8,8,8,9,9,9,10,10,10,11,11,8,8,8,9,9,9,10,10,7,7,7,7,8,8,9,9,9,7,7,7,7,7,8,8,8,9,11,6,6,7,7,7,7,8,9,10,6,6,6,6,7,7,8,8,9,9,10,5,5,5,6,7,7,8,8,9,9,10,10,11,11,5,5,5,6,7,7,7,8,8,9,9,10,10,11,4,4,4,5,6,6,7,7,8,8,9,9,10,4,3,3,4,4,5,5,6,6,7,7,8,8,9,10,11,11,3,3,4,4,5,5,6,7,8,8,9,9,11,11,3,2,4,4,5,6,9,11,2,4,4,5,5,6,7,8,9,11,3,4,6,6,8,8,9,9,11,11,1,1,3,3,4,4,6,6,7,7,8,8,9,10,11,1,0,3,4,4,6,6,7,8,8,9,9,1,5,6,7,7,8,9,10,10,3,4,5,5,6,6,7,9,10,11,11,3,4,4,5,5,6,6,7,7,8,8,9,9,10,11,11,3,3,3,4,4,5,6,6,7,7,8,9,10,10,11,11,3,3,3,4,4,5,6,6,7,7,8,8,9,10,10,11,11,4,3,4,4,4,5,6,7,7,8,8,9,9,10,10,11,11,4,4,4,4,5,5,5,6,6,9,9,10,10,11,11
188,10,9,9,9,9,9,9,10,12,10,9,9,9,9,8,8,8,8,8,9,9,9,9,9,8,8,8,8,8,8,8,8,7,7,7,7,7,7,7,8,7,7,7,7,7,7,7,7,7,8,7,6,6,6,6,6,6,7,8,7,6,6,5,6,6,6,6,7,7,7,7,5,5,5,5,5,6,6,6,7,7,7,8,8,6,5,5,5,5,5,5,5,6,6,7,7,7,8,6,6,5,4,4,4,4,5,5,5,6,6,7,6,6,5,3,3,3,3,4,4,4,5,5,6,6,7,8,8,6,5,3,3,3,3,3,4,5,5,6,6,8,8,5,5,2,2,2,3,5,8,5,2,2,2,2,3,4,5,6,8,1,1,2,3,5,5,6,6,7,8,4,3,1,1,1,1,2,3,3,4,4,5,6,7,8,4,3,0,1,1,2,3,4,4,5,6,6,4,2,2,3,4,5,6,7,7,1,1,2,2,2,3,4,6,7,7,8,2,2,2,2,2,3,3,4,4,5,5,6,6,7,7,8,5,3,2,2,2,3,3,4,4,4,5,6,6,7,7,8,5,5,3,3,3,3,3,4,4,4,5,5,6,7,7,8,8,6,4,4,3,3,3,3,4,5,5,6,6,6,7,7,8,8,5,5,4,4,4,4,4,4,4,6,6,7,7,8,8
189,10,9,9,9,9,9,9,10,11,10,10,9,9,9,9,8,8,8,8,8,9,9,9,9,8,8,8,8,8,8,8,8,8,7,7,7,7,7,7,7,7,7,7,7,7,7,7,7,7,8,7,6,6,6,6,6,6,7,7,8,6,6,6,6,6,6,6,6,7,7,7,5,5,5,5,5,5,6,6,6,7,7,7,8,7,5,5,4,5,5,5,5,6,6,6,7,7,7,7,6,5,4,4,4,4,4,5,5,5,6,6,6,6,5,4,3,3,3,3,4,4,4,5,5,6,7,7,8,6,6,3,3,3,3,3,4,4,5,5,6,7,8,6,5,2,2,2,3,5,7,5,2,2,2,2,3,3,5,6,7,1,1,2,2,4,5,5,6,7,7,5,3,1,1,1,1,2,2,3,3,4,4,5,7,7,4,4,1,0,1,2,2,3,4,4,5,6,4,1,2,3,3,4,5,6,7,1,1,1,2,2,2,3,5,6,7,7,2,2,2,2,2,2,3,3,4,4,5,5,6,6,7,7,6,3,3,2,2,2,3,3,4,4,4,5,6,6,7,7,6,5,4,3,3,3,3,3,4,4,4,5,6,6,7,7,8,6,4,4,4,3,3,3,4,4,5,5,6,6,6,7,7,8,5,5,4,4,4,4,4,4,4,5,6,6,7,7,8
190,10,9,9,9,9,9,9,9,11,10,10,9,9,9,9,8,8,8,8,8,8,9,9,9,9,8,8,8,8,8,8,8,8,8,7,7,7,7,7,7,7,7,7,7,7,7,7,7,7,8,7,6,6,6,6,6,6,7,7,8,6,6,6,5,6,6,6,6,6,7,8,6,5,5,5,5,5,5,6,6,6,7,7,7,7,5,5,4,4,5,5,5,5,6,6,6,7,7,7,7,5,4,4,4,4,4,4,5,5,5,6,7,6,6,4,4,3,3,3,3,4,4,4,5,5,6,7,7,7,6,3,3,3,3,3,3,4,4,5,5,7,7,6,6,2,2,2,2,4,7,6,2,2,2,2,2,3,4,5,7,2,1,2,2,3,4,5,5,6,7,6,4,2,1,1,1,1,2,2,3,3,4,4,6,7,5,4,1,1,0,1,2,3,3,4,4,5,5,1,1,2,3,4,4,6,6,2,1,1,1,2,2,3,5,6,6,7,3,2,2,2,2,2,2,3,3,4,4,5,5,6,6,7,6,4,3,3,2,2,2,3,3,4,4,5,5,6,6,7,6,6,4,4,3,3,3,3,3,4,4,4,5,6,6,7,7,7,5,4,4,4,3,3,4,4,4,5,5,6,6,6,7,7,6,5,5,4,4,4,4,4,4,5,5,6,6,7,7
191,11,10,9,9,9,9,9,9,10,11,11,10,10,9,9,9,8,8,8,8,8,8,8,10,9,9,8,8,8,8,8,9,8,8,8,7,7,7,7,7,8,8,7,7,7,7,7,7,7,7,8,7,7,6,6,6,6,6,7,9,6,6,6,6,6,5,6,6,6,6,9,6,6,6,5,5,5,5,5,5,6,6,6,7,8,6,5,5,4,4,4,5,5,5,5,6,6,6,8,8,6,4,4,4,4,4,4,4,4,5,5,8,7,6,5,4,4,4,3,3,3,3,4,4,4,6,6,6,8,7,4,4,3,3,3,3,3,4,4,4,6,6,7,7,3,3,2,2,4,6,7,3,2,2,2,2,2,3,4,6,2,2,1,1,2,3,3,4,5,6,7,5,3,2,2,1,1,1,1,2,2,3,3,5,6,6,6,2,2,1,0,1,2,2,3,3,4,6,1,1,1,2,3,3,4,5,2,2,2,1,1,1,2,3,5,5,6,4,3,2,2,2,2,2,2,2,3,3,4,4,5,5,6,7,4,4,4,3,2,2,2,2,3,3,4,4,5,5,6,7,7,5,4,4,3,3,3,3,3,3,4,4,5,5,6,6,8,6,5,5,4,4,3,3,3,4,4,4,5,5,6,6,6,7,6,5,5,5,4,4,4,4,4,5,5,5,6,6
192,11,10,9,9,9,9,9,9,10,11,11,10,10,10,9,9,9,8,8,8,8,8,8,11,9,9,8,8,8,8,8,9,9,8,8,8,7,7,7,7,8,8,8,7,7,7,7,7,7,7,8,7,7,7,6,6,6,6,6,9,7,6,6,6,6,6,5,6,6,6,9,7,6,6,5,5,5,5,5,5,5,6,6,6,8,6,6,5,5,4,4,4,5,5,5,5,5,6,9,8,7,4,4,4,4,4,4,4,4,4,5,8,8,7,5,5,4,4,3,3,3,3,3,4,4,5,6,6,8,8,4,4,4,3,3,3,3,3,4,4,5,6,8,7,4,3,3,2,3,5,7,3,3,2,2,2,2,3,4,5,3,2,1,1,2,2,3,3,5,5,7,6,3,3,2,2,1,1,1,1,2,2,3,4,5,7,6,3,2,2,1,0,1,2,2,3,3,7,1,1,1,1,2,3,4,4,3,2,2,2,1,1,2,3,4,5,5,4,3,3,2,2,2,2,2,2,2,3,3,4,4,5,5,8,5,4,4,3,2,2,2,2,2,3,4,4,4,5,5,8,7,5,5,4,4,3,3,3,3,3,3,4,4,5,5,6,8,6,6,5,5,4,4,3,3,3,4,4,4,5,5,6,6,7,7,6,5,5,5,4,4,4,4,4,5,5,5,6
193,12,11,9,9,9,9,9,9,10,12,12,11,11,10,10,9,9,9,9,8,8,8,8,11,10,10,8,8,8,8,8,10,9,9,9,8,8,7,7,7,9,9,8,8,8,7,7,7,7,7,9,8,7,7,7,7,6,6,6,10,7,7,7,6,6,6,6,5,6,6,10,7,7,7,5,5,5,5,5,5,5,5,5,6,9,7,7,5,5,5,5,4,4,4,5,5,5,5,10,9,8,5,5,4,4,4,4,4,4,4,4,9,9,8,6,6,5,5,4,4,3,3,3,3,3,4,5,5,9,9,5,5,4,4,4,3,3,3,3,3,4,5,9,9,4,4,4,3,2,4,8,4,4,3,3,2,2,2,3,4,4,3,2,2,1,2,2,2,3,4,8,7,4,4,3,3,2,1,1,1,1,1,2,3,4,8,7,4,3,3,2,1,0,1,1,2,2,8,2,2,1,1,1,2,3,3,4,3,3,2,2,2,1,2,3,3,4,5,4,4,3,3,2,2,2,2,2,2,2,3,3,4,4,9,6,5,5,4,3,3,2,2,2,2,3,3,4,4,4,9,8,6,6,5,4,4,3,3,3,3,3,3,4,4,4,5,9,7,6,6,6,5,4,3,3,3,3,3,4,4,4,5,5,8,8,7,6,6,5,5,5,4,4,4,4,4,5,5
194,12,11,10,9,9,9,9,9,9,12,12,11,11,11,10,9,9,9,9,9,8,8,8,12,11,10,8,8,8,8,8,10,10,9,9,8,8,8,7,7,9,9,9,8,8,8,7,7,7,7,9,8,8,7,7,7,7,6,6,11,8,7,7,6,6,6,6,6,5,6,11,8,7,7,6,5,5,5,5,5,5,5,5,5,10,7,7,6,5,5,5,5,4,4,4,5,5,5,10,10,8,5,5,5,4,4,4,4,4,4,4,10,9,8,6,6,6,5,4,4,4,3,3,3,3,4,4,5,10,9,6,5,5,4,4,3,3,3,3,3,4,4,10,9,5,4,4,3,2,4,9,5,4,4,3,2,2,2,2,4,5,4,2,2,1,1,2,2,3,3,9,7,5,4,4,3,2,2,1,1,1,1,1,3,3,8,8,4,4,3,2,2,1,0,1,1,2,8,3,2,1,1,1,1,2,3,5,4,3,3,2,2,1,2,2,3,3,6,5,4,4,3,3,2,2,2,2,2,2,2,3,3,4,10,6,6,5,4,4,3,3,2,2,2,2,3,3,4,4,9,9,7,6,6,5,4,4,3,3,3,3,3,3,4,4,4,10,7,7,6,6,6,5,4,3,3,3,3,3,4,4,4,5,9,8,7,7,6,6,5,5,5,4,4,4,4,4,5
195,12,11,10,10,9,9,9,9,9,13,12,12,11,11,11,10,9,9,9,9,9,8,8,12,11,11,9,8,8,8,8,11,10,10,9,9,8,8,8,7,10,9,9,9,8,8,8,7,7,7,10,9,8,8,7,7,7,6,6,11,8,8,7,7,6,6,6,6,6,5,11,8,8,7,6,6,5,5,5,5,5,5,5,5,10,8,7,6,5,5,5,5,5,4,4,4,5,5,11,10,9,6,5,5,5,4,4,4,4,4,4,10,10,9,7,6,6,6,5,4,4,4,3,3,3,4,4,4,10,10,6,6,5,5,4,4,3,3,3,3,4,4,10,10,5,5,4,4,2,4,9,5,5,4,4,3,2,2,2,3,5,5,3,2,1,1,1,2,2,3,9,8,6,5,4,4,3,2,2,1,1,1,1,2,3,9,8,5,4,4,3,2,1,1,0,1,1,9,3,3,2,1,1,1,2,2,5,5,4,3,3,2,2,1,2,2,3,6,5,5,4,4,3,3,2,2,2,2,2,2,2,3,3,10,7,6,6,5,4,4,3,3,2,2,2,2,3,3,4,10,9,7,7,6,5,4,4,4,3,3,3,3,3,3,4,4,10,8,7,7,6,6,5,4,4,3,3,3,3,3,4,4,4,9,9,8,7,7,6,6,5,5,4,4,4,4,4,4
196,13,12,10,10,9,9,9,9,9,13,13,12,12,11,11,10,10,9,9,9,9,9,8,13,11,11,9,9,8,8,8,11,11,10,10,9,8,8,8,8,10,10,9,9,9,8,8,8,7,7,10,9,9,8,8,7,7,6,6,12,9,8,8,7,7,6,6,6,6,6,12,9,8,8,6,6,6,5,5,5,5,5,5,5,11,8,8,6,6,6,5,5,5,5,4,4,4,5,11,11,9,6,6,5,5,5,4,4,4,4,4,11,10,9,7,7,6,6,5,5,4,4,4,3,3,3,4,4,11,10,7,6,6,5,5,4,3,3,3,3,3,4,11,10,6,5,5,4,2,3,10,6,5,5,4,3,3,2,2,3,6,5,3,3,2,1,1,1,2,2,10,8,6,6,5,4,3,3,2,2,1,1,1,2,2,9,9,6,5,4,3,3,2,1,1,0,1,9,4,3,2,2,1,1,1,2,6,5,5,4,3,3,2,1,2,2,2,7,6,5,5,4,4,3,3,2,2,2,2,2,2,2,3,11,7,7,6,5,4,4,4,3,3,2,2,2,2,3,3,10,10,8,7,7,6,5,4,4,4,3,3,3,3,3,3,4,11,8,8,7,7,6,6,4,4,4,3,3,3,3,3,4,4,10,9,8,8,7,7,6,6,5,4,4,4,4,4,4
197,13,12,10,10,10,9,9,9,9,14,13,12,12,12,11,10,10,10,9,9,9,9,9,13,12,11,9,9,9,8,8,11,11,11,10,9,9,8,8,8,11,10,10,9,9,9,8,8,8,7,11,9,9,9,8,8,7,6,6,12,9,9,8,7,7,7,6,6,6,6,12,9,9,8,7,6,6,6,5,5,5,5,5,5,11,9,8,7,6,6,5,5,5,5,5,4,4,4,12,11,10,7,6,6,5,5,5,4,4,4,4,11,11,10,8,7,7,6,6,5,5,4,4,4,3,3,3,4,11,11,7,7,6,6,5,4,4,3,3,3,3,3,11,11,6,6,5,4,2,3,11,6,6,5,5,4,3,2,2,2,6,6,4,3,2,2,1,1,2,2,10,9,7,6,6,5,4,3,3,2,2,1,1,1,2,10,9,6,6,5,4,3,2,2,1,1,0,10,4,4,3,2,1,1,1,1,6,6,5,5,4,3,2,1,1,2,2,7,6,6,5,5,4,4,3,3,2,2,2,2,2,2,2,11,8,7,7,6,5,4,4,4,3,3,2,2,2,2,3,11,10,8,8,7,6,5,5,4,4,4,3,3,3,3,3,3,11,9,8,8,7,7,6,5,4,4,4,3,3,3,3,3,4,10,10,9,8,8,7,7,6,6,4,4,4,4,4,4
198,9,9,10,11,11,11,12,12,15,9,9,9,9,9,9,10,10,10,10,11,11,11,12,8,8,8,10,10,10,11,11,8,8,8,8,9,9,9,10,10,7,7,8,8,8,8,9,9,9,11,7,7,7,8,8,8,9,10,11,6,7,7,7,8,8,9,9,10,10,11,6,6,6,6,8,8,9,9,9,10,10,11,11,12,5,5,6,7,7,8,8,9,9,10,10,11,11,12,5,4,5,6,7,7,7,8,8,9,9,10,10,4,4,4,5,5,5,6,7,7,8,8,9,9,10,11,12,12,3,3,5,5,6,6,6,7,8,9,9,10,11,12,3,3,5,5,6,7,9,12,2,4,5,5,6,7,7,9,10,12,4,5,6,7,8,9,9,10,11,12,1,2,3,4,5,5,6,7,7,8,8,9,9,11,12,1,1,4,4,5,6,7,8,8,9,9,10,0,6,6,7,8,9,9,10,11,4,4,5,6,6,7,8,9,10,11,12,3,4,5,5,6,6,7,7,8,8,9,9,10,11,11,12,2,3,3,4,5,6,6,7,7,8,8,9,10,11,11,12,2,2,3,4,4,5,6,6,7,7,8,9,10,10,11,11,12,3,3,4,4,4,5,6,7,8,8,9,9,10,10,11,11,12,3,3,4,4,5,5,6,6,6,9,9,10,10,11,11
199,11,10,9,9,9,9,9,10,11,11,11,10,10,10,9,9,9,9,9,9,9,9,9,10,9,9,8,8,8,8,8,9,9,8,8,8,8,8,8,8,8,8,8,7,7,7,7,7,7,8,8,7,7,7,7,7,7,7,7,9,7,6,6,6,6,6,6,6,7,7,9,6,6,6,6,6,6,6,6,6,6,7,7,7,8,6,6,5,5,5,5,5,5,6,6,6,7,7,8,7,6,5,4,4,4,5,5,5,5,6,6,8,7,6,5,4,4,4,4,4,4,4,4,5,5,6,7,7,7,7,4,4,3,3,3,3,4,4,5,5,6,7,7,7,3,3,3,3,4,7,6,3,2,2,2,2,3,4,5,6,2,2,2,2,3,4,4,5,6,6,6,5,2,2,2,1,1,2,2,2,3,3,4,6,6,6,5,2,1,1,1,1,2,3,3,4,4,6,0,1,2,2,3,4,5,6,2,1,1,1,1,1,2,4,5,6,6,3,2,2,1,1,1,2,2,2,3,3,4,5,5,6,6,7,4,3,3,2,2,2,2,2,3,3,4,5,5,6,6,6,6,4,4,3,2,2,2,2,3,3,4,4,5,5,6,6,7,5,4,4,4,3,3,3,3,4,4,4,5,5,6,6,7,6,6,5,4,4,4,3,3,3,4,5,5,6,6,6
200,11,10,9,9,9,9,9,10,11,11,11,10,10,10,10,9,9,9,9,9,9,9,9,11,10,9,8,8,8,8,8,9,9,9,8,8,8,8,8,8,8,8,8,8,7,7,7,7,7,8,8,7,7,7,7,7,7,7,7,9,7,7,6,6,6,6,6,6,6,7,9,7,6,6,6,6,6,6,6,6,6,6,7,7,8,6,6,5,5,5,5,5,5,5,6,6,6,7,8,8,7,5,5,4,4,4,5,5,5,5,6,8,8,7,5,5,4,4,4,4,4,4,4,4,5,6,6,7,8,7,4,4,4,3,3,3,4,4,4,5,6,6,8,7,4,3,3,3,4,6,7,3,3,2,2,2,2,4,4,6,3,2,2,2,3,3,4,4,5,6,7,5,3,2,2,2,1,1,2,2,2,3,3,5,6,6,6,2,2,1,1,1,2,2,3,3,4,6,1,0,1,2,3,3,4,5,2,2,1,1,1,1,2,3,4,5,6,3,2,2,2,1,1,1,2,2,2,3,3,4,5,5,6,7,4,4,3,2,2,2,2,2,2,3,4,4,5,5,6,7,6,4,4,4,3,2,2,2,2,3,3,4,4,5,5,6,8,5,5,4,4,4,3,3,3,3,4,4,4,5,5,6,6,6,6,5,5,4,4,4,3,3,4,4,5,5,6,6
201,12,11,10,10,9,9,9,9,10,12,12,11,11,10,10,9,9,9,9,9,9,9,9,11,10,10,9,8,8,8,8,10,9,9,9,8,8,8,8,8,9,9,8,8,8,8,7,7,7,7,9,8,8,7,7,7,7,7,7,10,7,7,7,6,6,6,6,6,6,6,10,7,7,7,6,6,6,6,6,6,6,6,6,6,9,7,7,5,5,5,5,5,5,5,5,5,6,6,9,9,7,5,5,5,5,4,4,4,5,5,5,9,9,8,6,5,5,5,4,4,4,4,4,4,4,5,5,6,9,8,5,5,4,4,4,3,3,3,4,4,5,6,9,8,4,4,4,3,3,5,8,4,4,3,3,2,2,3,4,5,4,3,2,2,2,2,3,3,4,5,8,6,4,3,3,2,2,1,1,1,2,2,2,4,5,7,7,3,3,2,1,1,1,1,2,2,3,7,2,1,0,1,2,2,3,4,3,3,2,2,1,1,1,2,3,4,4,5,3,3,2,2,2,1,1,1,2,2,2,3,3,4,5,8,5,5,4,3,2,2,2,2,2,2,3,3,4,4,5,8,7,5,5,4,4,3,2,2,2,2,2,3,4,4,4,5,9,6,6,5,5,4,4,3,3,3,3,3,4,4,4,5,5,7,7,6,6,5,5,4,4,4,3,4,4,4,5,5
202,12,11,10,10,9,9,9,9,10,12,12,11,11,11,10,10,9,9,9,9,9,9,9,12,11,10,9,9,8,8,8,10,10,9,9,9,8,8,8,8,9,9,9,8,8,8,8,7,7,7,9,8,8,8,7,7,7,7,7,11,8,7,7,7,6,6,6,6,6,6,10,8,7,7,6,6,6,6,6,6,6,6,6,6,10,7,7,6,5,5,5,5,5,5,5,5,5,6,10,9,8,6,5,5,5,5,4,4,4,5,5,10,9,8,6,6,5,5,4,4,4,4,4,4,4,5,5,5,9,9,6,5,5,4,4,3,3,3,3,4,5,5,9,9,5,4,4,3,3,5,9,4,4,4,3,2,2,2,3,4,4,4,2,2,2,2,2,3,4,4,8,7,5,4,3,3,2,2,1,1,1,2,2,3,4,8,7,4,3,3,2,1,1,1,1,2,2,8,2,2,1,0,1,2,3,3,4,3,3,2,2,1,1,2,3,3,4,5,4,3,3,2,2,2,1,1,1,2,2,2,3,3,4,9,6,5,5,4,3,2,2,2,2,2,2,3,3,4,4,9,8,6,5,5,4,3,3,2,2,2,2,3,3,4,4,4,9,7,6,6,5,5,4,3,3,3,3,3,3,4,4,4,5,8,7,6,6,6,5,5,4,4,3,3,4,4,4,5
203,13,12,10,10,10,10,9,9,10,13,13,12,12,11,11,10,10,10,9,9,9,9,9,12,11,11,9,9,9,9,8,11,11,10,10,9,9,8,8,8,10,10,9,9,9,8,8,8,8,7,10,9,9,8,8,8,7,7,7,12,9,8,8,7,7,7,6,6,6,6,11,9,8,8,6,6,6,6,6,6,6,6,6,6,11,8,8,6,6,6,5,5,5,5,5,5,5,5,11,10,9,6,6,6,5,5,5,5,4,4,4,11,10,9,7,7,6,6,5,5,4,4,4,4,4,4,4,5,10,10,6,6,6,5,5,4,3,3,3,3,4,4,10,10,6,5,5,4,3,4,10,5,5,4,4,3,3,2,2,4,5,5,3,3,2,2,2,2,3,3,9,8,6,5,5,4,3,2,2,2,1,1,1,2,3,9,8,5,4,4,3,2,1,1,1,1,1,9,3,3,2,1,0,1,2,2,5,4,4,3,3,2,1,1,2,2,3,6,5,5,4,3,3,2,2,2,1,1,1,2,2,2,3,10,7,6,6,5,4,3,3,2,2,2,2,2,2,3,3,10,9,7,6,6,5,4,4,3,3,2,2,2,2,3,3,4,10,8,7,7,6,6,5,4,3,3,3,3,3,3,3,4,4,9,8,7,7,6,6,6,5,5,3,3,3,3,4,4
204,13,12,11,10,10,10,10,9,10,14,13,12,12,12,11,10,10,10,10,9,9,9,9,13,12,11,9,9,9,9,9,11,11,11,10,9,9,9,8,8,11,10,10,9,9,9,8,8,8,7,11,9,9,9,8,8,8,7,7,12,9,9,8,7,7,7,7,6,6,6,12,9,9,8,7,6,6,6,6,6,6,6,6,6,11,9,8,7,6,6,6,5,5,5,5,5,5,5,11,11,9,7,6,6,6,5,5,5,5,4,4,11,11,10,8,7,7,6,5,5,5,4,4,4,4,4,4,4,11,10,7,6,6,6,5,4,4,3,3,3,4,4,11,10,6,6,5,4,3,4,10,6,5,5,4,4,3,2,2,3,6,5,4,3,2,2,2,2,2,3,10,8,6,6,5,5,3,3,2,2,2,1,1,2,2,9,9,6,5,4,3,3,2,1,1,1,1,9,4,3,2,2,1,0,1,2,6,5,4,4,3,3,2,1,1,2,2,7,6,5,5,4,3,3,2,2,2,1,1,1,2,2,2,11,7,7,6,5,4,4,3,3,2,2,2,2,2,2,3,10,10,7,7,6,5,4,4,4,3,3,2,2,2,2,3,3,11,8,8,7,7,6,5,4,4,3,3,3,3,3,3,3,4,9,9,8,7,7,6,6,6,5,3,3,3,3,3,4
205,14,13,11,11,10,10,10,10,9,15,14,13,13,12,12,11,11,10,10,10,10,9,9,14,12,12,10,10,9,9,9,12,12,11,11,10,9,9,9,9,11,11,11,10,10,9,9,9,8,7,11,10,10,9,9,9,8,7,7,13,10,9,9,8,8,7,7,7,6,6,13,10,9,9,7,7,7,6,6,6,6,6,6,6,12,10,9,7,7,7,6,6,6,5,5,5,5,5,12,12,10,7,7,7,6,6,6,5,5,5,5,12,12,11,9,8,8,7,6,6,5,5,5,4,4,4,4,4,12,11,8,7,7,6,6,5,4,4,4,3,3,3,12,11,7,7,6,5,3,3,11,7,6,6,5,4,4,3,2,2,7,6,5,4,3,2,2,2,2,2,11,9,7,7,6,6,5,4,3,3,2,2,2,1,2,10,10,7,6,6,4,4,3,2,2,1,1,10,5,4,3,3,2,1,0,1,7,6,6,5,4,4,3,1,1,1,1,8,7,6,6,5,5,4,3,3,2,2,2,1,1,1,2,12,8,8,7,6,5,5,4,4,3,3,2,2,2,2,2,11,11,9,8,7,6,5,5,4,4,4,3,2,2,2,2,2,12,9,9,8,8,7,6,5,4,4,4,3,3,3,3,3,3,10,10,9,8,8,7,7,6,6,4,4,3,3,3,3
206,14,13,11,11,11,10,10,10,9,15,15,14,13,13,12,11,11,11,10,10,10,10,9,14,13,12,10,10,10,9,9,13,12,12,11,11,10,9,9,9,12,11,11,11,10,10,9,9,9,7,12,11,10,10,9,9,9,7,7,14,10,10,9,9,8,8,7,7,7,6,13,10,10,9,8,7,7,7,6,6,6,6,6,6,13,10,10,8,7,7,7,6,6,6,5,5,5,5,13,12,11,8,7,7,7,6,6,6,5,5,5,13,12,11,9,9,8,8,7,6,6,5,5,5,4,4,4,4,13,12,8,8,7,7,6,6,5,4,4,4,3,3,12,12,8,7,7,6,4,3,12,7,7,6,6,5,4,3,2,2,7,7,5,5,3,3,2,2,2,2,12,10,8,7,7,6,5,5,4,3,3,2,2,1,1,11,10,7,7,6,5,4,3,3,2,2,1,11,6,5,4,3,2,2,1,0,7,7,6,6,5,4,3,2,1,1,1,8,7,7,6,6,5,5,4,3,3,2,2,2,1,1,1,12,9,8,8,7,6,5,5,4,4,3,2,2,2,2,2,12,11,9,9,8,7,6,5,5,4,4,4,3,2,2,2,2,12,10,9,9,8,8,7,5,5,4,4,4,3,3,3,3,3,11,10,9,9,8,8,7,7,6,4,4,4,3,3,3
207,11,10,10,10,10,10,10,11,13,11,10,10,10,10,9,9,9,9,9,10,10,10,10,10,9,9,9,9,9,9,9,9,9,8,8,8,8,8,9,9,8,8,8,8,8,8,8,8,8,9,8,7,7,7,7,7,7,8,9,8,7,7,7,7,7,7,7,8,8,8,8,6,6,6,6,6,7,7,7,7,8,8,9,9,7,6,6,6,6,6,6,6,7,7,7,8,8,9,7,7,6,5,5,5,5,6,6,6,7,7,7,7,6,6,5,4,4,4,5,5,5,6,6,6,7,8,8,9,6,6,4,4,4,4,4,5,5,6,6,7,8,9,6,6,3,3,3,4,6,8,5,3,3,3,3,4,4,6,7,8,2,2,3,4,5,5,6,6,7,8,5,3,2,2,2,2,3,3,4,4,5,5,6,7,8,4,3,1,1,2,2,3,4,5,5,6,6,4,2,2,3,4,5,6,7,7,0,1,1,2,2,3,4,6,7,7,8,1,1,1,1,2,2,3,3,4,4,5,6,6,7,7,8,5,2,2,1,1,2,2,3,3,4,5,6,6,7,7,8,5,4,2,2,2,2,2,3,3,4,4,5,6,6,7,7,8,5,3,3,2,2,2,2,4,4,4,5,5,6,6,7,7,8,4,4,3,3,3,3,3,3,3,5,6,6,7,7,8
208,11,10,10,10,10,10,10,11,12,11,11,10,10,10,10,9,9,9,9,9,10,10,10,10,9,9,9,9,9,9,9,9,9,9,8,8,8,8,8,9,8,8,8,8,8,8,8,8,8,9,8,7,7,7,7,7,7,8,8,9,7,7,7,7,7,7,7,7,8,8,8,6,6,6,6,6,6,7,7,7,7,8,8,9,7,6,6,6,6,6,6,6,6,7,7,7,8,8,7,7,6,5,5,5,5,5,6,6,6,7,7,7,7,6,5,5,4,4,5,5,5,5,6,6,6,7,8,8,7,6,4,4,4,4,4,4,5,5,6,6,8,8,6,6,3,3,3,4,6,8,6,3,3,3,3,4,4,5,6,8,2,2,3,3,4,5,5,6,7,7,5,4,2,2,2,2,2,3,3,4,4,5,5,7,7,5,4,1,1,1,2,2,3,4,5,5,6,4,1,2,3,3,4,5,6,7,1,0,1,1,2,2,3,5,6,7,7,2,1,1,1,1,2,2,3,3,4,4,5,6,6,7,7,6,2,2,2,1,2,2,2,3,3,4,5,6,6,7,7,5,5,3,2,2,2,2,2,3,3,4,4,5,6,6,7,7,6,4,3,3,2,2,2,3,4,4,4,5,5,6,6,7,7,5,4,4,3,3,3,3,3,3,5,5,6,6,7,7
209,11,10,10,10,10,10,10,10,12,11,11,10,10,10,10,9,9,9,9,9,9,10,10,10,10,9,9,9,9,9,9,9,9,9,9,8,8,8,8,8,8,8,8,8,8,8,8,8,8,9,8,7,7,7,7,7,7,8,8,9,7,7,7,7,7,7,7,7,7,8,9,7,6,6,6,6,6,6,7,7,7,7,8,8,8,6,6,6,6,6,6,6,6,6,7,7,7,8,8,7,6,5,5,5,5,5,5,6,6,6,7,7,7,6,5,5,5,4,4,5,5,5,5,6,6,7,7,8,7,7,4,4,4,4,4,4,5,5,5,6,7,8,7,6,3,3,3,3,5,7,6,3,3,3,3,3,4,5,6,7,2,2,2,3,4,4,5,5,6,7,6,4,2,2,2,2,2,2,3,3,4,4,5,6,7,5,5,2,1,1,2,2,3,3,4,5,5,5,1,1,2,3,4,4,6,6,1,1,0,1,1,2,3,4,6,6,7,2,1,1,1,1,1,2,2,3,3,4,4,5,6,6,7,6,3,2,2,1,1,2,2,2,3,3,5,5,6,6,7,6,5,3,3,2,2,2,2,2,3,3,4,5,5,6,6,7,6,4,4,3,3,2,2,3,3,4,4,4,5,5,6,6,7,5,5,4,4,3,3,3,3,3,4,5,5,6,6,7
210,11,11,10,10,10,10,10,10,12,11,11,11,10,10,10,9,9,9,9,9,9,9,10,11,10,10,9,9,9,9,9,9,9,9,9,8,8,8,8,8,9,8,8,8,8,8,8,8,8,8,8,8,7,7,7,7,7,7,8,9,7,7,7,7,7,7,7,7,7,7,9,7,7,6,6,6,6,6,6,7,7,7,7,8,8,6,6,6,6,6,6,6,6,6,6,7,7,7,8,8,7,5,5,5,5,5,5,5,6,6,6,8,7,7,5,5,5,5,4,4,5,5,5,5,6,7,7,7,8,7,4,4,4,4,4,4,4,5,5,5,7,7,7,7,4,3,3,3,5,7,7,3,3,3,3,3,3,4,5,7,3,2,2,2,4,4,4,5,6,6,6,5,3,2,2,2,2,2,2,3,3,4,4,6,6,6,5,2,2,1,1,2,2,3,3,4,5,6,1,1,2,2,3,4,5,6,2,1,1,0,1,1,2,4,5,6,6,3,2,1,1,1,1,1,2,2,3,3,4,4,5,6,6,7,3,3,2,2,1,1,2,2,2,3,4,5,5,6,6,6,6,4,3,3,2,2,2,2,2,3,3,4,5,5,6,6,7,4,4,4,3,3,2,2,3,3,4,4,4,5,5,6,6,6,5,4,4,4,3,3,3,3,4,4,5,5,6,6
211,12,11,10,10,10,10,10,10,11,12,11,11,11,10,10,10,9,9,9,9,9,9,9,11,10,10,9,9,9,9,9,10,9,9,9,9,8,8,8,8,9,9,8,8,8,8,8,8,8,8,9,8,8,7,7,7,7,7,8,10,7,7,7,7,7,7,7,7,7,7,9,7,7,7,6,6,6,6,6,6,7,7,7,7,9,7,6,6,6,6,6,6,6,6,6,6,7,7,9,8,7,5,5,5,5,5,5,5,5,6,6,8,8,7,6,5,5,5,4,4,4,5,5,5,5,6,7,7,8,8,5,4,4,4,4,4,4,4,5,5,6,7,8,7,4,4,3,3,4,6,7,4,3,3,3,3,3,4,5,6,3,3,2,2,3,4,4,4,5,6,7,5,3,3,2,2,2,2,2,2,3,3,4,5,6,6,6,2,2,2,1,1,2,2,3,3,4,6,1,1,1,2,3,3,4,5,2,2,1,1,0,1,2,3,4,5,6,3,2,2,1,1,1,1,1,2,2,3,3,4,4,5,6,7,4,3,3,2,1,1,1,2,2,2,3,4,5,5,6,7,6,4,4,3,2,2,2,2,2,2,3,4,4,5,5,6,7,5,4,4,4,3,2,2,2,3,3,4,4,4,5,5,6,6,6,5,4,4,4,3,3,3,4,4,4,5,5,6
212,12,11,10,10,10,10,10,10,11,12,12,11,11,11,10,10,10,9,9,9,9,9,9,11,10,10,9,9,9,9,9,10,10,9,9,9,8,8,8,8,9,9,9,8,8,8,8,8,8,8,9,8,8,8,7,7,7,7,7,10,8,7,7,7,7,7,7,7,7,7,10,7,7,7,6,6,6,6,6,6,6,7,7,7,9,7,7,6,6,6,6,6,6,6,6,6,6,7,9,9,7,5,5,5,5,5,5,5,5,5,6,9,8,7,6,6,5,5,5,4,4,4,5,5,5,6,6,7,9,8,5,5,4,4,4,4,4,4,4,5,6,6,8,8,4,4,4,3,4,6,8,4,4,3,3,3,3,4,4,6,4,3,2,2,3,3,4,4,5,5,7,6,4,3,3,2,2,2,2,2,2,3,3,5,5,7,6,3,2,2,1,1,2,2,2,3,3,7,1,1,1,1,2,3,4,4,3,2,2,1,1,0,1,3,4,4,5,4,3,2,2,1,1,1,1,1,2,2,3,3,4,4,5,8,5,4,3,2,2,1,1,1,2,2,3,3,4,5,5,7,7,5,4,4,3,2,2,2,2,2,2,3,4,4,5,5,8,5,5,4,4,4,3,2,2,2,3,3,4,4,4,5,5,7,6,5,5,4,4,4,3,3,3,4,4,4,5,5
213,13,12,10,10,10,10,10,10,11,13,12,12,11,11,11,10,10,10,10,9,9,9,9,12,11,11,9,9,9,9,9,11,10,10,10,9,9,9,8,8,10,9,9,9,9,8,8,8,8,8,10,9,8,8,8,8,7,7,7,11,8,8,8,7,7,7,7,7,7,7,11,8,8,7,6,6,6,6,6,6,6,6,6,7,10,8,7,6,6,6,6,6,6,6,6,6,6,6,10,10,8,6,6,5,5,5,5,5,5,5,5,10,9,8,7,6,6,6,5,5,5,4,4,4,5,5,6,6,10,9,6,5,5,5,4,4,4,4,4,4,5,5,9,9,5,5,4,4,3,5,9,5,4,4,4,3,3,3,4,5,4,4,3,2,2,2,3,3,4,4,8,7,5,4,4,3,2,2,2,2,2,2,2,4,4,8,7,4,3,3,2,2,1,1,2,2,2,8,2,2,1,1,1,2,3,3,4,3,3,2,2,1,0,2,3,3,4,5,4,3,3,2,2,1,1,1,1,1,2,2,3,3,4,9,6,5,5,3,2,2,2,1,1,1,2,2,3,3,4,8,8,6,5,5,4,3,2,2,2,2,2,2,3,3,4,4,9,6,6,5,5,4,4,2,2,2,2,2,3,3,4,4,4,8,7,6,6,5,5,4,4,4,3,3,3,4,4,4
214,14,13,11,11,10,10,10,10,10,14,14,13,12,12,12,11,11,10,10,10,10,10,9,13,12,12,10,10,9,9,9,12,11,11,11,10,9,9,9,9,11,11,10,10,9,9,9,9,8,8,11,10,9,9,9,8,8,7,7,12,9,9,9,8,8,7,7,7,7,7,12,9,9,9,7,7,7,6,6,6,6,6,6,6,11,9,9,7,7,6,6,6,6,6,6,6,6,6,12,11,10,7,7,6,6,6,5,5,5,5,5,11,11,10,8,7,7,7,6,6,5,5,5,5,4,5,5,5,11,11,7,7,6,6,5,5,4,4,4,4,4,4,11,10,6,6,6,5,3,4,10,6,6,5,5,4,4,3,3,4,6,5,4,4,2,2,2,2,3,3,10,8,6,6,5,5,4,3,3,2,2,2,2,2,3,9,9,6,5,5,3,3,2,2,1,1,1,9,4,3,2,2,1,1,1,2,6,5,4,4,3,3,2,0,1,2,2,7,6,5,4,4,3,3,2,2,1,1,1,1,1,2,2,11,7,7,6,5,4,3,3,2,2,2,1,1,2,2,2,10,9,7,7,6,5,4,4,3,3,2,2,2,2,2,2,3,11,8,7,7,6,6,5,4,3,3,2,2,2,2,2,3,3,9,9,8,7,7,6,6,5,5,3,3,3,3,3,3
215,14,13,12,11,11,11,10,10,10,15,14,14,13,13,12,11,11,11,11,10,10,10,10,14,13,12,10,10,10,10,9,12,12,12,11,11,10,10,9,9,12,11,11,11,10,10,9,9,9,8,12,11,10,10,9,9,9,8,7,13,10,10,9,9,8,8,8,7,7,7,13,10,10,9,8,7,7,7,7,6,6,6,6,6,12,10,9,8,7,7,7,6,6,6,6,6,6,6,13,12,11,8,7,7,7,6,6,6,5,5,5,12,12,11,9,8,8,7,7,6,6,6,5,5,5,4,4,5,12,12,8,8,7,7,6,5,5,4,4,4,4,4,12,11,7,7,6,6,4,3,11,7,7,6,6,5,4,3,3,3,7,6,5,4,3,3,2,2,2,2,11,9,7,7,6,6,5,4,4,3,3,2,2,2,2,11,10,7,6,6,5,4,3,2,2,2,1,10,5,4,3,3,2,1,1,1,7,6,6,5,4,4,3,1,0,1,1,8,7,6,6,5,4,4,3,3,2,2,1,1,1,1,1,12,8,8,7,6,5,5,4,3,3,2,2,1,1,1,2,11,11,8,8,7,6,5,5,4,4,3,3,2,2,2,2,2,12,9,9,8,7,7,6,4,4,4,3,3,2,2,2,2,2,10,10,9,8,8,7,7,6,6,4,3,3,3,3,3
216,15,14,12,12,11,11,11,10,10,15,15,14,14,13,13,12,11,11,11,11,10,10,10,15,13,13,11,10,10,10,10,13,12,12,12,11,10,10,10,9,12,12,11,11,11,10,10,9,9,8,12,11,11,10,10,9,9,8,7,14,11,10,10,9,9,8,8,7,7,7,14,11,10,10,8,8,7,7,7,7,6,6,6,6,13,10,10,8,8,7,7,7,6,6,6,6,6,6,13,13,11,8,8,7,7,7,6,6,6,5,5,13,12,11,9,9,8,8,7,7,6,6,6,5,5,4,4,4,13,12,9,8,8,7,7,6,5,5,4,4,4,4,13,12,8,7,7,6,4,3,12,8,7,7,6,5,5,4,3,3,7,7,5,5,4,3,3,2,2,2,12,10,8,7,7,6,5,5,4,4,3,3,2,2,2,11,11,7,7,6,5,5,3,3,2,2,2,11,6,5,4,3,2,2,1,1,7,7,6,6,5,4,3,2,1,0,1,8,7,7,6,6,5,4,4,3,3,2,2,1,1,1,1,12,9,8,8,7,6,5,5,4,3,3,2,2,1,1,1,12,11,9,8,8,7,6,5,5,4,4,3,2,2,2,2,2,12,10,9,9,8,7,6,5,4,4,4,3,3,2,2,2,2,11,10,9,9,8,8,7,7,6,4,4,3,3,3,3
217,15,14,12,12,11,11,11,10,10,16,15,14,14,14,13,12,12,11,11,11,11,10,10,15,14,13,11,11,10,10,10,13,13,12,12,11,11,10,10,10,13,12,12,11,11,11,10,10,9,8,13,11,11,11,10,10,9,8,8,14,11,11,10,9,9,9,8,8,7,7,14,11,11,10,9,8,8,7,7,7,7,6,6,6,13,11,10,9,8,8,7,7,7,6,6,6,6,6,14,13,12,9,8,8,7,7,7,6,6,6,5,13,13,12,10,9,9,8,7,7,7,6,6,6,5,5,4,4,13,13,9,9,8,8,7,6,5,5,5,4,4,4,13,13,8,8,7,6,4,3,12,8,8,7,7,6,5,4,3,3,8,7,6,5,4,4,3,3,2,2,12,11,8,8,7,7,6,5,5,4,4,3,3,2,2,12,11,8,7,7,6,5,4,3,3,2,2,12,6,6,4,4,3,2,1,1,8,7,7,6,6,5,4,2,1,1,0,9,8,7,7,6,6,5,4,4,3,3,2,2,1,1,1,13,9,9,8,7,6,6,5,5,4,3,2,2,2,1,1,12,12,9,9,8,7,6,6,5,5,4,4,3,2,2,2,2,13,10,10,9,9,8,7,5,5,4,4,4,3,3,2,2,2,11,11,10,9,9,8,8,7,7,4,4,4,3,3,3
218,11,11,11,11,11,11,11,12,14,11,10,10,10,10,10,10,10,10,10,10,11,11,11,10,9,9,10,10,10,10,10,9,9,9,9,9,9,9,9,10,8,8,8,8,8,8,9,9,9,10,8,8,8,8,8,8,8,9,10,8,7,7,7,7,8,8,8,9,9,9,8,7,7,7,7,7,8,8,8,9,9,9,10,10,7,6,6,6,7,7,7,7,8,8,9,9,9,10,7,6,6,6,6,6,6,7,7,7,8,8,9,6,6,5,5,5,5,5,6,6,6,7,7,7,8,9,10,10,6,6,4,5,5,5,5,6,7,7,7,8,9,10,5,5,4,4,4,5,7,10,5,3,4,4,4,5,6,7,8,9,3,3,4,5,6,7,7,8,9,9,4,3,2,2,3,3,4,4,5,5,6,6,7,9,9,3,3,2,2,3,4,4,5,6,6,7,7,3,3,3,5,5,6,7,8,8,1,2,2,3,3,4,5,7,8,8,9,0,1,2,2,3,3,4,4,5,6,6,7,7,8,8,9,4,1,1,1,2,3,3,4,4,5,6,7,7,8,8,9,3,3,1,1,1,2,3,3,4,5,5,6,7,7,8,8,9,4,2,2,2,2,2,3,4,5,5,6,6,7,7,8,8,9,3,3,2,2,2,2,3,3,4,6,6,7,7,8,9
219,11,11,10,11,11,11,11,11,13,11,11,10,10,10,10,10,10,10,10,10,10,10,11,10,10,10,9,9,10,10,10,9,9,9,9,9,9,9,9,9,9,8,8,8,8,8,8,8,9,10,8,8,8,8,8,8,8,9,9,9,7,7,7,7,7,7,8,8,8,9,8,7,7,7,7,7,7,7,8,8,8,9,9,9,7,6,6,6,6,6,7,7,7,7,8,8,9,9,7,7,6,6,6,6,6,6,6,7,7,7,8,7,7,6,5,5,5,5,5,5,6,6,6,7,7,8,9,9,7,6,4,4,4,5,5,5,6,6,7,7,8,9,6,6,4,4,4,4,6,9,6,3,3,3,4,4,5,6,7,8,3,3,4,4,5,6,6,7,8,8,5,4,2,2,2,2,3,4,4,4,5,5,6,7,8,4,4,2,2,2,3,3,4,5,5,6,6,4,2,2,3,4,5,6,7,7,1,1,1,2,2,3,4,6,7,7,8,1,0,1,1,2,2,3,3,4,4,5,6,6,7,7,8,5,2,1,1,1,2,2,3,3,4,4,6,6,7,7,8,5,4,2,2,1,1,2,2,3,3,4,5,6,6,7,7,8,5,3,2,2,2,2,2,3,4,4,5,5,6,6,7,7,8,4,4,3,2,2,2,2,2,3,5,5,6,6,7,7
220,11,11,10,10,11,11,11,11,13,11,11,11,10,10,10,10,10,10,10,10,10,10,10,11,10,10,9,9,9,10,10,9,9,9,9,9,9,9,9,9,9,9,8,8,8,8,8,8,8,9,8,8,8,8,8,8,8,8,9,9,7,7,7,7,7,7,7,8,8,8,9,7,7,7,7,7,7,7,7,8,8,8,9,9,8,6,6,6,6,6,6,7,7,7,7,8,8,9,8,7,6,6,6,6,6,6,6,6,7,7,7,7,7,6,5,5,5,5,5,5,5,6,6,6,7,8,8,9,7,7,5,4,4,4,5,5,6,6,6,7,8,8,7,6,4,4,4,4,6,8,6,3,3,3,3,4,4,6,6,8,3,3,3,4,5,5,6,6,7,8,5,4,2,2,2,2,3,3,4,4,4,5,5,7,7,5,4,2,2,2,2,3,4,4,5,5,6,5,2,2,3,3,5,5,6,7,1,1,1,1,2,2,3,5,6,7,7,2,1,0,1,1,2,2,3,3,4,4,5,6,6,7,7,6,2,2,1,1,1,2,2,3,3,4,5,6,6,7,7,5,5,2,2,2,1,2,2,2,3,3,4,5,6,6,7,7,6,3,3,2,2,2,2,3,3,4,4,5,5,6,6,7,7,4,4,3,3,2,2,2,2,2,4,5,5,6,6,7
221,12,11,10,10,11,11,11,11,12,12,11,11,11,10,10,10,10,10,10,10,10,10,10,11,10,10,9,9,9,9,10,10,9,9,9,9,9,9,9,9,9,9,9,8,8,8,8,8,8,9,9,8,8,8,8,8,8,8,9,9,7,7,7,7,7,7,7,8,8,8,9,7,7,7,7,7,7,7,7,7,8,8,8,9,8,7,6,6,6,6,6,6,7,7,7,7,8,8,8,8,7,6,6,6,6,6,6,6,6,7,7,8,7,7,5,5,5,5,5,5,5,5,6,6,6,7,8,8,7,7,5,5,4,4,4,5,5,6,6,6,7,8,7,7,4,4,4,4,5,8,6,3,3,3,3,4,4,5,6,7,3,3,3,3,4,5,5,6,7,7,6,4,3,2,2,2,2,3,3,4,4,4,5,6,7,5,5,2,2,2,2,2,3,4,4,5,5,5,1,2,2,3,4,5,6,6,1,1,1,1,1,2,3,4,6,6,7,2,1,1,0,1,1,2,2,3,3,4,4,5,6,6,7,6,3,2,2,1,1,1,2,2,3,3,4,5,6,6,7,6,5,3,2,2,1,1,2,2,2,3,3,5,5,6,6,7,6,4,3,3,2,2,2,2,3,3,4,4,5,5,6,6,7,5,4,4,3,3,2,2,2,2,4,4,5,5,6,6
222,12,11,11,10,10,11,11,11,12,12,12,11,11,11,10,10,10,10,10,10,10,10,10,11,10,10,9,9,9,9,9,10,10,9,9,9,9,9,9,9,9,9,9,9,8,8,8,8,8,9,9,8,8,8,8,8,8,8,8,10,8,7,7,7,7,7,7,7,8,8,9,7,7,7,7,7,7,7,7,7,7,8,8,8,9,7,7,6,6,6,6,6,6,7,7,7,7,8,9,8,7,6,6,6,6,6,6,6,6,6,7,8,8,7,6,5,5,5,5,5,5,5,5,6,6,7,7,8,8,7,5,5,5,4,4,5,5,5,6,6,7,7,8,7,4,4,4,4,5,7,7,4,3,3,3,3,4,5,6,7,3,3,3,3,4,4,5,5,6,7,6,5,3,3,2,2,2,2,3,3,4,4,4,6,6,6,5,2,2,2,2,2,3,3,4,4,5,6,1,1,2,2,3,4,5,6,2,1,1,1,1,1,2,4,5,6,6,3,2,1,1,0,1,1,2,2,3,3,4,4,5,6,6,7,3,3,2,1,1,1,1,2,2,3,4,4,5,6,6,6,6,3,3,2,2,1,1,2,2,2,3,4,5,5,6,6,7,4,4,3,3,2,2,2,2,3,3,4,4,5,5,6,6,5,5,4,4,3,3,2,2,2,4,4,4,5,5,6
223,12,11,11,11,10,10,11,11,12,12,12,11,11,11,11,10,10,10,10,10,10,10,10,11,11,10,9,9,9,9,9,10,10,10,9,9,9,9,9,9,9,9,9,9,9,8,8,8,8,9,9,8,8,8,8,8,8,8,8,10,8,8,7,7,7,7,7,7,7,8,10,8,7,7,7,7,7,7,7,7,7,7,8,8,9,7,7,6,6,6,6,6,6,6,7,7,7,7,9,9,7,6,6,6,6,6,6,6,6,6,6,9,8,7,6,6,5,5,5,5,5,5,5,5,6,7,7,7,8,8,5,5,5,5,4,4,5,5,5,6,7,7,8,8,4,4,4,4,5,7,7,4,4,3,3,3,3,4,5,6,4,3,3,3,4,4,4,5,6,6,7,5,4,3,3,2,2,2,2,3,3,4,4,5,6,6,6,3,2,2,2,2,2,3,3,4,4,6,1,1,2,2,3,3,5,5,2,2,1,1,1,1,2,3,4,5,6,3,2,2,1,1,0,1,1,2,2,3,3,4,4,5,6,7,4,3,3,2,1,1,1,1,2,2,3,4,4,5,6,7,6,4,3,3,2,1,1,1,2,2,2,3,4,5,5,6,7,5,4,4,3,3,2,2,2,2,3,3,4,4,5,5,6,6,5,4,4,4,3,3,2,2,3,4,4,4,5,5
224,12,12,11,11,10,10,10,11,12,13,12,12,11,11,11,10,10,10,10,10,10,10,10,12,11,11,9,9,9,9,9,10,10,10,10,9,9,9,9,9,10,9,9,9,9,9,8,8,8,9,9,9,8,8,8,8,8,8,8,11,8,8,8,7,7,7,7,7,7,7,10,8,8,7,7,7,7,7,7,7,7,7,7,8,9,7,7,6,6,6,6,6,6,6,6,7,7,7,9,9,8,6,6,6,6,6,6,6,6,6,6,9,9,8,6,6,6,5,5,5,5,5,5,5,5,6,7,7,9,8,6,5,5,5,5,4,5,5,5,5,6,7,9,8,5,4,4,4,4,6,8,4,4,4,3,3,3,4,5,6,4,4,3,3,3,4,4,4,5,6,7,6,4,4,3,3,2,2,2,2,3,3,4,5,5,7,6,3,3,2,2,2,2,2,3,3,4,7,2,1,1,2,2,3,4,5,3,2,2,1,1,1,1,3,4,4,5,4,3,2,2,1,1,0,1,1,2,2,3,3,4,4,5,8,4,4,3,2,1,1,1,1,1,2,3,3,4,4,5,7,7,5,4,3,2,2,1,1,1,2,2,3,3,4,5,5,8,5,5,4,4,3,2,2,2,2,2,3,3,4,4,5,5,6,6,5,4,4,4,3,3,2,3,3,4,4,4,5
225,13,12,11,11,11,10,10,11,11,13,13,12,12,11,11,10,10,10,10,10,10,10,10,12,11,11,10,9,9,9,9,11,10,10,10,9,9,9,9,9,10,10,9,9,9,9,9,8,8,8,10,9,9,8,8,8,8,8,8,11,8,8,8,7,7,7,7,7,7,7,11,8,8,8,7,7,7,7,7,7,7,7,7,7,10,8,7,6,6,6,6,6,6,6,6,6,7,7,10,9,8,6,6,6,6,6,6,6,6,6,6,10,9,8,7,6,6,6,5,5,5,5,5,5,5,6,6,7,9,9,6,6,5,5,5,4,4,5,5,5,6,6,9,9,5,5,4,4,4,6,8,5,4,4,4,3,3,4,4,6,4,4,3,3,3,3,4,4,5,5,8,6,4,4,4,3,2,2,2,2,2,3,3,4,5,7,7,4,3,3,2,2,2,2,2,3,3,7,2,2,1,1,2,2,3,4,3,3,2,2,1,1,1,2,3,4,4,4,3,3,2,2,1,1,0,1,1,2,2,3,3,4,4,8,5,4,4,3,2,1,1,1,1,1,2,3,3,4,4,8,7,5,5,4,3,2,2,1,1,1,2,2,3,3,4,5,8,6,5,5,4,4,3,2,2,2,2,2,3,3,4,4,5,7,6,5,5,4,4,4,3,3,2,3,3,4,4,4
226,13,12,11,11,11,11,10,10,11,13,13,12,12,12,11,11,10,10,10,10,10,10,10,12,11,11,10,10,9,9,9,11,11,10,10,10,9,9,9,9,10,10,10,9,9,9,9,9,8,8,10,9,9,9,8,8,8,8,8,11,9,8,8,8,7,7,7,7,7,7,11,9,8,8,7,7,7,7,7,7,7,7,7,7,10,8,8,7,6,6,6,6,6,6,6,6,6,7,10,10,9,6,6,6,6,6,6,6,6,6,6,10,10,9,7,7,6,6,5,5,5,5,5,5,5,6,6,6,10,9,6,6,6,5,5,5,4,4,5,5,6,6,10,9,5,5,5,4,4,5,9,5,5,4,4,3,3,3,4,5,5,4,3,3,3,3,3,4,4,5,9,7,5,4,4,4,3,2,2,2,2,2,3,4,4,8,7,4,4,3,2,2,2,2,2,2,3,8,2,2,1,1,2,2,3,3,4,3,3,2,2,1,1,2,3,3,4,5,4,3,3,2,2,1,1,0,1,1,2,2,3,3,4,9,6,5,4,3,2,2,1,1,1,1,2,2,3,3,4,8,8,6,5,5,3,2,2,2,1,1,1,2,2,3,3,4,9,6,6,5,5,4,3,2,2,2,2,2,2,3,3,4,4,7,7,6,5,5,4,4,4,3,2,2,3,3,4,4
227,13,12,11,11,11,11,11,10,11,14,13,13,12,12,12,11,11,10,10,10,10,10,10,13,12,11,10,10,10,9,9,11,11,11,10,10,9,9,9,9,11,10,10,10,9,9,9,9,9,8,11,9,9,9,9,8,8,8,8,12,9,9,8,8,8,7,7,7,7,7,11,9,9,8,7,7,7,7,7,7,7,7,7,7,11,9,8,7,7,6,6,6,6,6,6,6,6,6,11,10,9,7,6,6,6,6,6,6,6,6,6,11,10,9,7,7,7,6,6,5,5,5,5,5,5,5,6,6,10,10,7,6,6,6,5,5,4,4,4,5,5,6,10,10,6,5,5,4,4,5,9,6,5,5,4,4,3,3,4,5,5,5,4,3,3,3,3,3,4,4,9,7,5,5,4,4,3,3,2,2,2,2,2,4,4,8,8,5,4,4,3,2,2,2,2,2,2,8,3,2,2,1,1,2,2,3,4,4,3,3,2,2,1,1,2,3,3,6,4,4,3,3,2,2,1,1,0,1,1,2,2,3,3,9,6,6,5,4,3,2,2,1,1,1,1,2,2,3,3,9,8,6,6,5,4,3,2,2,2,1,1,2,2,2,3,3,9,7,6,6,5,5,4,2,2,2,2,2,2,2,3,3,4,8,7,6,6,5,5,4,4,4,2,2,2,3,3,4
228,14,13,11,11,11,11,11,10,11,14,14,13,13,12,12,11,11,11,10,10,10,10,10,13,12,12,10,10,10,10,9,12,11,11,11,10,10,9,9,9,11,11,10,10,10,9,9,9,9,8,11,10,9,9,9,9,8,8,8,12,9,9,9,8,8,8,7,7,7,7,12,9,9,9,7,7,7,7,7,7,7,7,7,7,11,9,9,7,7,7,6,6,6,6,6,6,6,6,11,11,9,7,7,6,6,6,6,6,6,6,6,11,11,10,8,7,7,7,6,6,5,5,5,5,5,5,5,6,11,10,7,7,6,6,6,5,5,4,4,4,5,5,11,10,6,6,5,5,4,5,10,6,6,5,5,4,4,3,3,4,6,5,4,4,3,3,3,3,4,4,10,8,6,5,5,4,4,3,3,2,2,2,2,3,4,9,8,5,5,4,3,3,2,2,2,2,2,9,3,3,2,2,1,1,2,2,5,4,4,3,3,2,1,1,2,2,3,6,5,4,4,3,3,2,2,1,1,0,1,1,2,2,3,10,7,6,6,4,3,3,2,2,1,1,1,1,2,2,3,9,9,7,6,6,5,3,3,2,2,2,1,1,2,2,2,3,10,7,7,6,6,5,4,3,2,2,2,2,2,2,2,3,3,9,8,7,6,6,5,5,4,4,2,2,2,2,3,3
229,14,13,12,11,11,11,11,11,11,14,14,13,13,13,12,11,11,11,11,10,10,10,10,14,12,12,10,10,10,10,10,12,12,11,11,10,10,10,9,9,11,11,11,10,10,10,9,9,9,8,11,10,10,9,9,9,9,8,8,13,10,9,9,8,8,8,8,7,7,7,12,10,9,9,8,7,7,7,7,7,7,7,7,7,12,9,9,7,7,7,7,6,6,6,6,6,6,6,12,11,10,7,7,7,6,6,6,6,6,6,6,12,11,10,8,8,7,7,6,6,6,5,5,5,5,5,5,5,11,11,7,7,7,6,6,5,5,5,4,4,5,5,11,11,7,6,6,5,4,4,10,6,6,6,5,4,4,3,3,4,6,6,4,4,3,3,3,3,3,4,10,9,6,6,5,5,4,4,3,3,2,2,2,3,3,9,9,6,5,5,4,3,2,2,2,2,2,9,4,3,2,2,1,1,2,2,6,5,4,4,3,3,2,1,1,2,2,7,6,5,4,4,3,3,2,2,1,1,0,1,1,2,2,10,7,7,6,5,4,3,3,2,2,1,1,1,1,2,2,10,9,7,7,6,5,4,3,3,2,2,2,1,1,2,2,2,11,8,7,7,6,6,5,3,3,2,2,2,2,2,2,2,3,9,9,7,7,6,6,5,5,4,2,2,2,2,2,3
230,14,13,12,12,11,11,11,11,11,15,14,14,13,13,13,12,11,11,11,11,10,10,10,14,13,12,11,10,10,10,10,12,12,12,11,11,10,10,10,9,12,11,11,11,10,10,10,9,9,8,12,11,10,10,9,9,9,8,8,13,10,10,9,9,8,8,8,7,7,7,13,10,10,9,8,8,7,7,7,7,7,7,7,7,12,10,9,8,7,7,7,7,6,6,6,6,6,6,12,12,10,8,7,7,7,6,6,6,6,6,6,12,12,11,9,8,8,7,7,6,6,6,5,5,5,5,5,5,12,11,8,7,7,7,6,6,5,5,5,4,5,5,12,11,7,7,6,5,4,4,11,7,6,6,6,5,4,3,3,4,7,6,5,4,3,3,3,3,3,3,11,9,7,6,6,5,4,4,4,3,3,2,2,2,3,10,9,6,6,5,4,4,3,2,2,2,2,10,5,4,3,2,2,1,1,2,6,6,5,4,4,3,2,1,1,1,2,7,6,6,5,4,4,3,3,2,2,1,1,0,1,1,2,11,8,7,7,6,4,4,3,3,2,2,1,1,1,1,2,11,10,8,7,7,6,5,4,3,3,2,2,1,1,1,2,2,11,8,8,7,7,6,5,4,3,3,2,2,2,2,2,2,2,10,9,8,7,7,6,6,5,5,3,2,2,2,2,2
231,15,14,12,12,11,11,11,11,11,15,15,14,14,13,13,12,12,11,11,11,11,10,10,14,13,13,11,11,10,10,10,13,12,12,12,11,10,10,10,10,12,12,11,11,11,10,10,10,9,8,12,11,11,10,10,9,9,8,8,14,11,10,10,9,9,8,8,8,7,7,13,11,10,10,8,8,8,7,7,7,7,7,7,7,13,10,10,8,8,7,7,7,7,6,6,6,6,6,13,12,11,8,8,7,7,7,6,6,6,6,6,13,12,11,9,9,8,8,7,7,6,6,6,5,5,5,5,5,12,12,8,8,7,7,7,6,5,5,5,5,4,5,12,12,8,7,7,6,4,4,11,7,7,6,6,5,5,4,3,3,7,7,5,5,4,3,3,3,3,3,11,10,7,7,6,6,5,4,4,4,3,3,2,2,2,11,10,7,6,6,5,4,3,3,2,2,2,11,5,5,3,3,2,2,1,1,7,6,6,5,4,4,3,1,1,1,1,8,7,6,6,5,4,4,3,3,2,2,1,1,0,1,1,12,8,8,7,6,5,4,4,3,3,2,1,1,1,1,1,11,11,8,8,7,6,5,5,4,3,3,2,2,1,1,1,2,12,9,8,8,7,7,6,4,4,3,3,2,2,2,2,2,2,10,10,9,8,7,7,6,6,5,3,3,2,2,2,2
232,15,14,12,12,12,11,11,11,10,16,15,14,14,14,13,12,12,12,11,11,11,11,10,15,14,13,11,11,11,10,10,13,13,12,12,11,11,10,10,10,12,12,12,11,11,11,10,10,10,9,13,11,11,11,10,10,9,8,8,14,11,11,10,9,9,9,8,8,8,7,14,11,11,10,9,8,8,8,7,7,7,7,7,7,13,11,10,9,8,8,7,7,7,7,6,6,6,6,13,13,11,9,8,8,7,7,7,6,6,6,6,13,13,12,10,9,9,8,7,7,7,6,6,6,5,5,5,5,13,12,9,8,8,7,7,6,6,5,5,5,4,4,13,12,8,8,7,6,4,4,12,8,7,7,6,6,5,4,3,3,8,7,6,5,4,4,3,3,3,3,12,10,8,7,7,6,5,5,4,4,4,3,3,2,2,11,11,7,7,6,5,5,4,3,3,2,2,11,6,5,4,3,2,2,1,1,7,7,6,6,5,4,3,2,1,1,1,8,7,7,6,6,5,4,4,3,3,2,2,1,1,0,1,12,9,8,8,7,6,5,4,4,3,3,2,1,1,1,1,12,11,9,8,8,7,6,5,5,4,3,3,2,2,1,1,1,12,9,9,8,8,7,6,5,4,4,3,3,2,2,2,2,2,11,10,9,9,8,7,7,6,6,4,3,3,2,2,2
233,16,14,13,12,12,12,11,11,10,16,16,15,14,14,14,13,12,12,12,11,11,11,11,15,14,14,11,11,11,11,10,14,13,13,12,12,11,11,10,10,13,12,12,12,11,11,11,10,10,9,13,12,11,11,11,10,10,9,8,15,11,11,11,10,9,9,9,8,8,8,14,11,11,11,9,9,8,8,8,7,7,7,7,7,14,11,11,9,9,8,8,7,7,7,7,6,6,6,14,13,12,9,9,8,8,7,7,7,6,6,6,14,13,12,10,10,9,9,8,7,7,7,6,6,6,5,5,5,13,13,9,9,8,8,7,7,6,6,5,5,4,4,13,13,9,8,8,7,5,4,13,8,8,7,7,6,6,4,4,3,8,8,6,6,4,4,4,3,3,3,12,11,9,8,7,7,6,5,5,4,4,4,3,2,2,12,11,8,7,7,6,5,4,4,3,3,2,12,6,6,5,4,3,2,2,1,8,7,7,6,6,5,4,2,1,1,1,9,8,7,7,6,6,5,4,4,3,3,2,2,1,1,0,13,9,9,8,7,6,6,5,4,4,3,2,2,1,1,1,12,12,9,9,8,7,6,6,5,5,4,3,2,2,2,1,1,13,10,9,9,8,8,7,5,5,4,4,3,3,2,2,2,2,11,11,10,9,9,8,7,7,6,4,4,3,3,2,2
234,11,11,12,13,13,13,14,14,17,10,10,11,11,11,11,12,12,12,12,13,13,13,14,10,10,10,12,12,12,13,13,10,10,10,10,11,11,11,12,12,9,9,10,10,10,10,11,11,11,13,9,9,9,10,10,10,11,12,13,8,9,9,9,10,10,11,11,12,12,13,7,8,8,8,10,10,11,11,11,12,12,13,13,14,7,7,8,9,9,10,10,11,11,11,12,12,13,13,6,6,6,8,9,9,9,10,10,11,11,12,12,6,6,6,7,7,7,8,9,9,9,10,10,11,11,13,13,14,5,5,7,7,7,8,8,9,10,11,11,12,13,14,4,4,7,7,7,8,11,13,4,6,7,7,8,9,9,11,12,13,6,6,8,8,10,10,11,11,13,13,3,4,5,6,6,7,8,8,9,9,10,10,11,12,13,2,3,5,6,6,7,8,9,10,10,11,11,2,7,7,8,9,10,11,12,12,5,6,6,7,7,8,9,11,12,12,13,4,5,6,6,7,7,8,8,9,9,10,10,11,12,12,13,0,3,4,4,6,7,7,8,8,9,9,10,11,12,12,13,1,1,3,4,4,6,7,7,8,8,9,9,10,11,12,12,13,1,3,3,4,5,5,6,8,8,9,9,10,11,11,12,12,13,2,3,4,4,5,5,6,6,7,9,10,11,11,12,12
235,11,11,11,11,12,12,12,13,14,11,11,11,11,10,10,11,11,11,11,11,11,12,12,10,10,10,10,10,11,11,11,9,9,9,9,9,10,10,10,10,9,9,9,9,9,9,9,9,10,11,8,8,8,8,9,9,9,10,11,8,8,8,8,8,8,9,9,9,10,10,8,7,7,7,8,8,8,9,9,9,10,10,11,11,7,7,7,7,7,8,8,8,9,9,9,10,10,11,7,7,6,6,7,7,7,7,8,8,9,9,9,6,6,6,6,6,6,6,6,7,7,7,8,8,9,10,10,11,6,6,5,5,5,6,6,7,7,8,8,9,10,11,6,5,5,5,5,6,8,10,5,4,4,5,5,6,6,8,9,10,4,4,5,6,7,7,8,8,9,10,4,3,3,3,4,4,5,5,6,6,7,7,8,9,10,3,3,3,3,4,4,5,6,6,7,7,8,3,4,4,5,6,7,7,8,9,2,2,3,3,4,5,6,7,8,9,9,1,2,2,3,3,4,4,5,6,6,7,7,8,8,9,9,3,0,1,1,2,3,4,4,5,6,6,7,8,8,9,9,3,2,1,1,1,2,3,4,4,5,6,6,7,8,8,9,9,3,1,1,1,2,2,3,5,5,6,6,7,7,8,8,9,9,2,2,2,2,2,2,3,3,4,6,7,7,8,8,9
236,11,11,11,11,11,12,12,12,14,11,11,11,11,11,10,11,11,11,11,11,11,11,12,10,10,10,10,10,10,11,11,9,9,9,9,9,10,10,10,10,9,9,9,9,9,9,9,9,9,11,8,8,8,8,8,9,9,10,10,9,8,8,8,8,8,8,9,9,9,10,8,7,7,7,8,8,8,8,9,9,9,10,10,11,7,7,7,7,7,7,8,8,8,9,9,9,10,10,7,7,6,6,6,7,7,7,7,8,8,9,9,7,6,6,6,6,6,6,6,6,7,7,7,8,8,9,10,10,6,6,5,5,5,5,6,6,7,7,8,8,10,10,6,6,5,5,5,5,7,10,5,4,4,4,5,5,6,7,8,10,3,4,5,5,6,7,7,8,9,9,4,3,3,3,3,4,4,5,5,6,6,7,7,9,9,4,3,2,3,3,4,4,5,6,6,7,7,3,3,4,5,5,6,7,8,8,2,2,2,3,3,4,5,7,8,8,9,1,1,2,2,3,3,4,4,5,6,6,7,7,8,8,9,4,1,0,1,2,3,3,4,4,5,6,7,7,8,8,9,3,3,1,1,1,2,3,3,4,4,5,6,7,7,8,8,9,4,2,1,1,1,2,2,4,5,5,6,6,7,7,8,8,9,3,2,2,2,2,2,2,3,3,6,6,7,7,8,8
237,11,11,11,11,11,11,12,12,14,11,11,11,11,11,11,10,11,11,11,11,11,11,11,11,10,10,10,10,10,10,11,10,9,9,9,9,9,10,10,10,9,9,9,9,9,9,9,9,9,10,9,8,8,8,8,8,9,9,10,9,8,8,8,8,8,8,8,9,9,9,8,7,7,7,7,8,8,8,8,9,9,9,10,10,8,7,7,7,7,7,7,8,8,8,9,9,9,10,7,7,6,6,6,6,7,7,7,7,8,8,9,7,7,6,6,6,6,6,6,6,6,7,7,7,8,9,9,10,7,6,5,5,5,5,5,6,7,7,7,8,9,10,6,6,4,5,5,5,7,9,5,4,4,4,4,5,5,7,8,9,3,3,4,5,6,6,7,7,8,9,5,4,3,3,3,3,4,4,5,5,6,6,7,8,9,4,4,2,2,3,4,4,5,5,6,6,7,4,3,3,4,5,6,6,7,8,1,2,2,2,3,3,5,6,7,8,8,1,1,1,2,2,3,3,4,4,5,6,6,7,7,8,8,4,1,1,0,1,2,3,3,4,4,5,6,7,7,8,8,4,3,1,1,1,1,2,3,3,4,4,5,6,7,7,8,8,5,2,2,1,1,1,2,3,4,5,5,6,6,7,7,8,8,3,3,2,2,2,2,2,2,3,5,6,6,7,7,8
238,12,11,11,11,11,11,11,12,13,12,12,11,11,11,11,10,10,10,11,11,11,11,11,11,10,10,10,10,10,10,10,10,10,10,9,9,9,9,9,10,9,9,9,9,9,9,9,9,9,10,9,8,8,8,8,8,8,9,9,9,8,8,8,8,8,8,8,8,9,9,9,7,7,7,7,7,7,8,8,8,8,9,9,9,8,7,7,7,7,7,7,7,7,8,8,8,9,9,8,8,7,6,6,6,6,6,7,7,7,7,8,8,7,7,6,6,6,6,6,6,6,6,6,7,7,8,9,9,7,7,5,5,5,5,5,5,6,6,7,7,8,9,7,7,4,4,4,5,6,8,6,4,4,4,4,4,5,6,7,8,3,3,4,4,5,6,6,6,7,8,6,4,3,3,3,3,3,4,4,4,5,5,6,7,8,5,4,2,2,2,3,3,4,4,5,5,6,5,2,2,3,4,5,5,6,7,1,1,1,2,2,2,3,5,6,7,7,2,1,1,1,1,2,2,3,3,4,4,5,6,6,7,7,6,2,2,1,0,1,2,2,3,3,4,5,6,6,7,7,5,4,2,2,1,1,1,2,2,3,3,4,5,6,6,7,7,6,3,2,2,2,1,1,2,3,3,4,5,5,6,6,7,7,4,4,3,2,2,2,2,2,2,4,5,5,6,6,7
239,12,12,11,11,11,11,11,11,13,12,12,12,11,11,11,11,11,10,10,10,11,11,11,12,11,11,10,10,10,10,10,10,10,10,10,9,9,9,9,9,10,9,9,9,9,9,9,9,9,9,9,9,9,8,8,8,8,9,9,10,8,8,8,8,8,8,8,8,8,8,10,8,8,7,7,7,7,7,7,8,8,8,8,9,9,7,7,7,7,7,7,7,7,7,7,8,8,8,9,9,7,6,6,6,6,6,6,6,7,7,7,9,8,7,6,6,6,6,6,6,6,6,6,6,6,7,8,8,8,8,5,5,5,5,5,5,5,6,6,6,7,8,8,7,5,5,4,4,5,7,7,4,4,4,4,4,4,5,6,7,4,3,3,3,4,5,5,6,6,7,7,5,4,3,3,3,3,3,3,4,4,4,5,6,7,6,5,3,2,2,2,2,3,4,4,4,5,6,2,2,2,3,4,4,5,6,2,2,1,1,1,2,2,4,5,6,6,3,2,1,1,1,1,1,2,2,3,3,4,4,5,6,6,7,3,3,2,1,0,1,1,2,2,3,4,4,5,6,6,6,6,3,3,2,1,1,1,1,2,2,3,4,4,5,6,6,7,4,3,3,2,2,1,2,2,2,3,3,4,5,5,6,6,5,5,4,3,3,2,2,2,2,3,4,4,5,5,6
240,13,12,11,11,11,11,11,11,12,13,12,12,12,11,11,11,11,11,10,10,10,11,11,12,11,11,10,10,10,10,10,11,10,10,10,10,9,9,9,9,10,10,9,9,9,9,9,9,9,9,10,9,9,9,8,8,8,8,9,11,8,8,8,8,8,8,8,8,8,8,10,8,8,8,7,7,7,7,7,7,8,8,8,8,9,8,7,7,7,7,7,7,7,7,7,7,8,8,9,9,8,6,6,6,6,6,6,6,6,7,7,9,9,8,6,6,6,6,6,6,6,6,6,6,6,7,7,8,9,8,6,5,5,5,5,5,5,5,6,6,7,7,8,8,5,5,5,4,5,7,8,4,4,4,4,4,4,5,5,7,4,4,3,3,4,4,5,5,6,6,7,6,4,4,3,3,3,3,3,3,4,4,4,6,6,6,6,3,3,2,2,2,3,3,4,4,4,6,2,2,2,2,3,4,5,5,2,2,2,1,1,1,2,3,5,5,6,3,2,2,1,1,1,1,1,2,2,3,3,4,4,5,6,7,4,3,3,2,1,0,1,1,2,2,3,4,4,5,6,7,6,4,3,3,2,1,1,1,1,2,2,3,4,4,5,6,7,5,4,3,3,2,2,1,2,2,2,3,3,4,5,5,6,6,5,4,4,3,3,2,2,2,3,3,4,4,5,5
241,13,12,11,11,11,11,11,11,12,13,13,12,12,12,11,11,11,11,11,10,10,10,11,12,11,11,10,10,10,10,10,11,11,10,10,10,9,9,9,9,10,10,10,9,9,9,9,9,9,9,10,9,9,9,9,8,8,8,9,11,9,8,8,8,8,8,8,8,8,8,11,8,8,8,7,7,7,7,7,7,7,8,8,8,10,8,8,7,7,7,7,7,7,7,7,7,7,8,10,9,8,6,6,6,6,6,6,6,6,6,7,9,9,8,7,6,6,6,6,6,6,6,6,6,6,7,7,7,9,9,6,6,5,5,5,5,5,5,5,6,7,7,9,8,5,5,5,4,5,7,8,5,4,4,4,4,4,4,5,6,4,4,3,3,4,4,4,5,6,6,8,6,4,4,4,3,3,3,3,3,3,4,4,5,6,7,6,4,3,3,2,2,2,3,3,4,4,7,2,2,2,2,3,3,4,5,3,2,2,2,1,1,2,3,4,5,5,4,3,2,2,1,1,1,1,1,2,2,3,3,4,4,5,8,4,4,3,2,1,1,0,1,1,2,3,3,4,4,5,7,7,4,4,3,2,1,1,1,1,1,2,3,3,4,4,5,8,5,5,4,3,3,2,1,1,2,2,2,3,3,4,5,5,6,6,5,4,4,3,3,2,2,2,3,3,4,4,5
242,13,12,11,11,11,11,11,11,12,13,13,12,12,12,12,11,11,11,11,11,10,10,10,13,12,11,10,10,10,10,10,11,11,11,10,10,10,9,9,9,10,10,10,10,9,9,9,9,9,9,10,9,9,9,9,9,8,8,8,11,9,9,8,8,8,8,8,8,8,8,11,9,8,8,7,7,7,7,7,7,7,7,8,8,10,8,8,7,7,7,7,7,7,7,7,7,7,7,10,10,9,7,6,6,6,6,6,6,6,6,6,10,9,9,7,7,6,6,6,6,6,6,6,6,6,6,7,7,10,9,6,6,6,5,5,5,5,5,5,5,6,7,9,9,5,5,5,5,5,6,9,5,5,4,4,4,4,4,5,6,5,4,3,3,3,4,4,4,5,6,8,7,5,4,4,4,3,3,3,3,3,3,4,5,5,7,7,4,4,3,2,2,2,2,3,3,4,7,2,2,2,2,2,3,4,4,3,3,2,2,2,1,1,2,3,4,5,4,3,3,2,2,1,1,1,1,1,2,2,3,3,4,4,8,5,4,4,3,2,1,1,0,1,1,2,3,3,4,4,8,7,5,4,4,3,2,1,1,1,1,1,2,3,3,4,4,8,6,5,5,4,3,2,1,1,1,2,2,2,3,3,4,5,7,6,5,5,4,4,3,3,2,2,2,3,3,4,4
243,13,13,11,11,11,11,11,11,12,14,13,13,12,12,12,11,11,11,11,11,11,10,10,13,12,12,10,10,10,10,10,11,11,11,11,10,10,10,9,9,11,10,10,10,10,9,9,9,9,9,11,10,9,9,9,9,9,8,8,12,9,9,9,8,8,8,8,8,8,8,11,9,9,8,7,7,7,7,7,7,7,7,7,8,11,9,8,7,7,7,7,7,7,7,7,7,7,7,11,10,9,7,7,6,6,6,6,6,6,6,6,10,10,9,7,7,7,6,6,6,6,6,6,6,6,6,6,7,10,10,7,6,6,6,5,5,5,5,5,5,6,6,10,9,6,6,5,5,5,6,9,5,5,5,4,4,4,4,4,5,5,5,4,3,3,3,4,4,5,5,9,7,5,5,4,4,3,3,3,3,3,3,3,4,5,8,7,4,4,4,3,2,2,2,2,3,3,8,3,2,2,2,2,2,3,4,4,3,3,2,2,2,1,2,3,3,4,5,4,3,3,2,2,1,1,1,1,1,2,2,3,3,4,9,6,5,4,3,2,2,1,1,0,1,2,2,3,3,4,8,8,6,5,4,3,2,2,1,1,1,1,2,2,3,3,4,9,6,6,5,5,4,3,2,1,1,1,2,2,2,3,3,4,7,7,6,5,5,4,4,3,3,2,2,2,3,3,4
244,14,13,12,11,11,11,11,11,11,14,14,13,13,12,12,11,11,11,11,11,11,11,10,13,12,12,10,10,10,10,10,12,11,11,11,10,10,10,10,9,11,11,10,10,10,10,9,9,9,9,11,10,10,9,9,9,9,8,8,12,9,9,9,8,8,8,8,8,8,8,12,9,9,9,8,7,7,7,7,7,7,7,7,7,11,9,9,7,7,7,7,7,7,7,7,7,7,7,11,11,9,7,7,7,6,6,6,6,6,6,6,11,10,9,8,7,7,7,6,6,6,6,6,6,6,6,6,6,11,10,7,7,6,6,6,5,5,5,5,5,6,6,10,10,6,6,6,5,4,5,10,6,5,5,5,4,4,4,4,5,6,5,4,4,3,3,3,4,4,5,9,8,6,5,5,4,4,3,3,3,3,3,3,4,4,9,8,5,4,4,3,3,2,2,2,2,3,8,3,3,2,2,2,2,3,3,5,4,3,3,2,2,1,2,2,3,3,6,4,4,3,3,2,2,1,1,1,1,1,2,2,3,3,9,6,6,5,4,3,2,2,1,1,0,1,2,2,3,3,9,8,6,6,5,4,3,2,2,1,1,1,1,2,2,3,3,9,7,6,6,5,5,3,2,2,1,1,1,2,2,2,3,3,8,7,6,6,5,5,4,4,3,2,2,2,2,3,3
245,14,13,12,12,11,11,11,11,11,15,14,14,13,13,13,12,12,11,11,11,11,11,11,14,13,13,11,11,10,10,10,12,12,12,11,11,10,10,10,10,12,11,11,11,10,10,10,10,9,9,12,11,10,10,10,9,9,8,8,13,10,10,9,9,9,8,8,8,8,8,13,10,10,9,8,8,8,7,7,7,7,7,7,7,12,10,9,8,8,7,7,7,7,7,7,7,7,7,12,12,10,8,7,7,7,7,6,6,6,6,6,12,11,10,9,8,8,7,7,6,6,6,6,6,6,6,6,6,12,11,8,7,7,7,6,6,5,5,5,5,5,5,11,11,7,7,6,6,4,5,11,7,6,6,5,5,4,4,4,4,6,6,5,4,3,3,3,3,4,4,10,9,7,6,6,5,4,4,4,3,3,3,3,3,4,10,9,6,5,5,4,4,3,2,2,2,2,9,4,4,3,2,2,2,2,2,6,5,5,4,3,3,2,1,2,2,2,7,6,5,4,4,3,3,2,2,1,1,1,1,1,2,2,10,7,7,6,5,4,3,3,2,2,1,0,1,1,2,2,10,9,7,7,6,5,4,3,3,2,2,1,1,1,1,2,2,11,8,7,7,6,6,5,3,2,2,2,1,1,1,2,2,2,9,8,7,7,6,6,5,5,4,2,2,2,2,2,2
246,15,14,12,12,12,11,11,11,11,15,15,14,14,13,13,12,12,12,11,11,11,11,11,14,13,13,11,11,11,10,10,13,12,12,12,11,11,10,10,10,12,12,11,11,11,10,10,10,10,9,12,11,11,10,10,10,9,9,8,13,11,10,10,9,9,9,8,8,8,8,13,11,10,10,8,8,8,8,7,7,7,7,7,7,12,10,10,8,8,8,7,7,7,7,7,7,7,7,13,12,11,8,8,7,7,7,7,6,6,6,6,12,12,11,9,9,8,8,7,7,6,6,6,6,6,6,6,6,12,12,8,8,7,7,7,6,5,5,5,5,5,5,12,11,7,7,7,6,5,5,11,7,7,6,6,5,5,4,4,4,7,6,5,5,4,3,3,3,3,4,11,9,7,7,6,6,5,4,4,4,3,3,3,3,3,10,10,6,6,5,4,4,3,3,2,2,2,10,5,4,3,3,2,2,2,2,6,6,5,5,4,3,2,1,1,2,2,7,6,6,5,4,4,3,3,2,2,1,1,1,1,1,2,11,8,7,7,6,4,4,3,3,2,2,1,0,1,1,2,10,10,8,7,7,6,4,4,3,3,2,2,1,1,1,1,2,11,8,8,7,7,6,5,3,3,2,2,2,1,1,1,2,2,9,9,8,7,7,6,6,5,5,2,2,2,2,2,2
247,15,14,13,12,12,12,11,11,11,16,15,14,14,14,13,12,12,12,12,11,11,11,11,15,14,13,11,11,11,11,10,13,13,12,12,11,11,11,10,10,12,12,12,11,11,11,10,10,10,9,12,11,11,11,10,10,10,9,8,14,11,11,10,9,9,9,9,8,8,8,14,11,11,10,9,8,8,8,8,7,7,7,7,7,13,11,10,9,8,8,8,7,7,7,7,7,7,7,13,13,11,9,8,8,7,7,7,7,6,6,6,13,12,11,9,9,9,8,7,7,7,6,6,6,6,6,6,6,13,12,9,8,8,7,7,6,6,5,5,5,5,5,12,12,8,7,7,6,5,5,12,8,7,7,6,5,5,4,4,4,7,7,6,5,4,4,3,3,3,3,11,10,8,7,7,6,5,5,4,4,4,3,3,3,3,11,10,7,6,6,5,4,4,3,3,2,2,11,5,5,4,3,2,2,2,2,7,6,6,5,5,4,3,2,1,1,2,8,7,6,6,5,4,4,3,3,2,2,1,1,1,1,1,12,8,8,7,6,5,4,4,3,3,2,1,1,0,1,1,11,10,8,8,7,6,5,4,4,3,3,2,1,1,1,1,1,12,9,8,8,7,7,6,4,3,3,2,2,2,1,1,1,2,10,9,8,8,7,7,6,6,5,3,2,2,2,2,2
248,16,14,13,13,12,12,12,11,11,16,16,15,14,14,14,13,12,12,12,12,11,11,11,15,14,14,12,11,11,11,11,14,13,13,12,12,11,11,11,10,13,12,12,12,11,11,11,10,10,9,13,12,11,11,11,10,10,9,9,14,11,11,11,10,9,9,9,8,8,8,14,11,11,11,9,9,8,8,8,8,7,7,7,7,13,11,11,9,9,8,8,8,7,7,7,7,7,7,14,13,12,9,9,8,8,7,7,7,7,6,6,13,13,12,10,9,9,9,8,7,7,7,6,6,6,6,6,6,13,13,9,9,8,8,7,7,6,6,5,5,5,5,13,12,8,8,7,7,5,4,12,8,8,7,7,6,5,4,4,4,8,7,6,6,4,4,4,3,3,3,12,10,8,8,7,7,6,5,5,4,4,4,3,3,3,11,11,7,7,6,5,5,4,4,3,3,2,11,6,5,4,4,3,2,2,2,7,7,6,6,5,5,3,2,1,1,1,8,7,7,6,6,5,4,4,3,3,2,2,1,1,1,1,12,9,8,8,7,6,5,4,4,3,3,2,1,1,0,1,12,11,9,8,8,7,6,5,4,4,3,3,2,1,1,1,1,12,9,9,8,8,7,6,5,4,3,3,2,2,2,1,1,1,11,10,9,8,8,7,7,6,6,3,3,2,2,2,2
249,16,15,13,13,12,12,12,11,11,16,16,15,15,14,14,13,13,12,12,12,12,11,11,16,14,14,12,12,11,11,11,14,14,13,13,12,11,11,11,11,13,13,12,12,12,11,11,11,10,9,13,12,12,11,11,11,10,9,9,15,12,11,11,10,10,9,9,9,8,8,15,12,11,11,9,9,9,8,8,8,8,7,7,7,14,11,11,9,9,9,8,8,8,7,7,7,7,7,14,14,12,9,9,9,8,8,7,7,7,7,6,14,13,12,10,10,9,9,8,8,7,7,7,6,6,6,6,6,14,13,10,9,9,8,8,7,6,6,6,5,5,5,13,13,9,8,8,7,5,4,13,9,8,8,7,6,6,5,4,4,8,8,6,6,5,4,4,4,3,3,12,11,9,8,8,7,6,6,5,5,4,4,4,3,3,12,11,8,7,7,6,5,4,4,4,3,3,12,6,6,5,4,3,3,2,2,8,7,7,6,6,5,4,2,2,1,1,9,8,7,7,6,6,5,4,4,3,3,2,2,1,1,1,13,9,9,8,7,6,6,5,4,4,3,2,2,1,1,0,12,12,9,9,8,7,6,6,5,4,4,3,2,2,1,1,1,13,10,9,9,8,8,7,5,5,4,3,3,2,2,2,1,1,11,11,9,9,8,8,7,7,6,4,3,3,2,2,2
250,12,12,13,13,13,14,14,15,17,11,11,11,11,11,11,12,12,12,13,13,13,13,14,10,11,11,12,12,12,13,13,10,10,10,10,11,11,12,12,12,10,10,10,10,10,11,11,11,11,13,9,9,10,10,10,10,11,12,13,8,9,9,9,10,10,11,11,12,12,12,8,8,8,9,10,10,11,11,11,12,12,13,13,13,7,8,8,9,9,10,10,11,11,11,12,12,13,13,7,7,7,8,9,9,9,10,10,11,11,11,12,6,6,6,7,7,7,8,9,9,9,10,10,11,11,13,13,14,6,6,7,7,7,8,8,9,10,10,11,11,13,13,5,5,7,7,7,8,11,13,4,6,7,7,7,8,9,10,11,13,6,6,8,8,10,10,11,11,12,13,3,4,5,6,6,6,7,8,8,9,9,10,10,12,13,3,3,5,6,6,7,8,9,9,10,10,11,2,6,7,8,9,10,10,11,12,5,5,6,6,7,7,8,10,11,12,12,3,5,5,6,6,7,7,8,8,9,9,10,11,11,12,12,1,3,3,4,5,6,7,7,8,8,9,10,10,11,12,12,0,1,3,3,4,5,6,7,7,8,8,9,10,10,11,12,12,1,2,3,3,4,4,6,7,8,8,9,9,10,10,11,12,12,2,2,3,3,4,5,5,6,6,9,9,10,11,11,12
251,12,12,12,13,13,13,14,14,16,11,11,11,11,11,11,12,12,12,12,13,13,13,13,10,11,11,12,12,12,12,13,10,10,10,10,11,11,11,12,12,9,10,10,10,10,10,11,11,11,13,9,9,9,10,10,10,10,12,12,8,9,9,9,10,10,10,11,11,12,12,8,8,8,8,9,10,10,11,11,11,12,12,13,13,7,7,8,9,9,9,10,10,11,11,11,12,12,13,7,7,7,8,8,9,9,9,10,10,11,11,11,6,6,6,7,7,7,7,8,9,9,9,10,10,11,12,13,13,6,6,6,7,7,7,8,9,9,10,10,11,12,13,5,5,6,7,7,8,10,13,4,6,6,7,7,8,8,10,11,12,5,6,7,8,9,10,10,11,12,12,3,3,5,5,6,6,7,7,8,8,9,9,10,11,12,3,3,5,5,6,7,7,8,9,9,10,10,2,6,6,7,8,9,10,11,11,4,5,5,6,6,7,8,9,11,11,12,3,4,5,5,6,6,7,7,8,8,9,9,10,11,11,12,1,2,3,3,4,6,6,7,7,8,8,9,10,10,11,12,1,0,2,3,3,4,6,6,7,7,8,8,9,10,10,11,12,1,2,2,3,3,4,5,7,7,8,8,9,9,10,10,11,12,1,2,2,3,3,4,5,5,6,8,9,9,10,11,11
252,12,12,12,12,12,12,13,13,15,11,11,11,11,11,11,11,11,11,11,12,12,12,12,11,11,10,11,11,11,11,12,10,10,10,10,10,10,10,11,11,9,9,9,9,9,10,10,10,10,11,9,9,9,9,9,9,9,10,11,9,8,8,8,9,9,9,9,10,10,11,8,8,8,8,8,9,9,9,9,10,10,11,11,11,8,7,7,8,8,8,8,9,9,9,10,10,11,11,7,7,7,7,7,7,8,8,8,9,9,9,10,7,7,6,6,6,6,6,7,7,7,8,8,9,9,10,11,11,6,6,6,6,6,6,6,7,8,8,9,9,10,11,6,6,5,5,6,6,8,11,5,5,5,5,6,6,7,8,9,10,4,4,5,6,7,8,8,9,10,10,4,3,3,4,4,4,5,6,6,6,7,7,8,9,10,4,3,3,4,4,5,5,6,7,7,8,8,3,4,4,5,6,7,7,9,9,2,3,3,4,4,5,6,7,8,9,9,1,2,2,3,3,4,5,5,6,6,7,7,8,8,9,9,3,1,1,1,2,3,4,4,5,6,6,7,8,8,9,9,3,2,0,1,1,2,3,4,4,5,6,6,7,8,8,9,9,3,1,1,1,1,2,3,4,5,6,6,7,7,8,8,9,9,2,2,1,1,2,2,2,3,3,6,7,7,8,8,9
253,12,12,12,12,12,12,12,13,15,12,11,11,11,11,11,11,11,11,11,11,12,12,12,11,11,11,11,11,11,11,11,10,10,10,10,10,10,10,10,11,9,9,9,9,9,9,10,10,10,11,9,9,9,9,9,9,9,10,11,9,8,8,8,9,9,9,9,10,10,10,9,8,8,8,8,8,9,9,9,9,10,10,11,11,8,7,7,7,8,8,8,8,9,9,9,10,10,11,8,7,7,7,7,7,7,8,8,8,9,9,9,7,7,6,6,6,6,6,7,7,7,7,8,8,9,10,10,11,7,6,6,6,6,6,6,7,7,8,8,9,10,10,6,6,5,5,5,6,8,10,6,5,5,5,5,6,6,7,8,10,4,4,5,5,7,7,8,8,9,10,5,4,3,3,4,4,5,5,6,6,6,7,7,9,9,4,4,3,3,4,4,5,6,6,7,7,8,4,4,4,5,5,6,7,8,9,2,2,3,3,4,4,5,7,8,8,9,1,2,2,2,3,3,4,5,5,6,6,7,7,8,8,9,4,1,1,1,2,3,3,4,4,5,6,7,7,8,8,9,3,3,1,0,1,2,3,3,4,4,5,6,7,7,8,8,9,4,1,1,1,1,1,2,4,4,5,6,6,7,7,8,8,9,2,2,1,1,1,2,2,2,3,6,6,7,7,8,8
254,12,12,12,12,12,12,12,13,14,12,12,11,11,11,11,11,11,11,11,11,11,12,12,11,11,11,11,11,11,11,11,10,10,10,10,10,10,10,10,10,9,9,9,9,9,9,9,10,10,11,9,9,9,9,9,9,9,10,10,9,8,8,8,8,9,9,9,9,10,10,9,8,8,8,8,8,8,9,9,9,9,10,10,11,8,7,7,7,7,8,8,8,8,9,9,9,10,10,8,8,7,7,7,7,7,7,8,8,8,9,9,7,7,7,6,6,6,6,6,7,7,7,7,8,8,9,10,10,7,7,6,6,6,6,6,6,7,7,8,8,9,10,7,6,5,5,5,6,7,10,6,4,5,5,5,6,6,7,8,9,4,4,5,5,6,7,7,8,9,9,5,4,3,3,3,4,4,5,5,6,6,6,7,8,9,4,4,3,3,3,4,4,5,6,6,7,7,4,3,4,4,5,6,6,7,8,2,2,2,3,3,4,5,6,7,8,8,1,1,2,2,2,3,3,4,5,5,6,6,7,7,8,8,4,1,1,1,1,2,3,3,4,4,5,6,7,7,8,8,4,3,1,1,0,1,2,3,3,4,4,5,6,7,7,8,8,4,2,1,1,1,1,2,3,4,4,5,6,6,7,7,8,8,3,2,2,1,1,1,2,2,2,5,6,6,7,7,8
255,12,12,12,12,12,12,12,12,14,12,12,12,11,11,11,11,11,11,11,11,11,11,11,12,11,11,10,11,11,11,11,10,10,10,10,10,10,10,10,10,10,10,9,9,9,9,9,9,9,10,9,9,9,9,9,9,9,9,10,10,8,8,8,8,8,8,9,9,9,9,9,8,8,8,8,8,8,8,8,9,9,9,9,10,9,7,7,7,7,7,7,8,8,8,8,9,9,9,9,8,7,7,7,7,7,7,7,7,8,8,8,8,8,7,6,6,6,6,6,6,6,7,7,7,7,9,9,9,8,7,6,6,6,6,6,6,6,7,7,7,9,9,7,7,5,5,5,5,7,9,7,4,4,4,5,5,5,6,7,8,4,4,4,4,5,6,6,7,8,8,6,5,3,3,3,3,4,4,4,5,5,6,6,7,8,5,5,3,3,3,3,4,4,5,5,6,6,5,2,3,4,4,5,5,6,7,2,2,2,2,2,3,4,5,6,7,7,2,1,1,1,2,2,2,3,3,4,5,5,6,6,7,7,6,2,2,1,1,1,2,2,3,3,4,5,6,6,7,7,5,4,2,2,1,0,1,2,2,3,3,4,5,6,6,7,7,6,3,2,2,1,1,1,2,3,3,4,4,5,6,6,7,7,4,3,2,2,2,1,1,1,2,4,5,5,6,6,7
256,13,12,12,12,12,12,12,12,13,13,13,12,12,12,11,11,11,11,11,11,11,11,11,12,11,11,10,10,10,11,11,11,11,10,10,10,10,10,10,10,10,10,10,10,9,9,9,9,9,10,10,9,9,9,9,9,9,9,9,11,9,9,8,8,8,8,8,9,9,9,10,8,8,8,8,8,8,8,8,8,8,9,9,9,9,8,8,7,7,7,7,7,7,8,8,8,8,9,9,9,8,7,7,7,7,7,7,7,7,7,8,9,9,8,7,6,6,6,6,6,6,6,6,7,7,8,8,9,9,8,6,6,6,6,6,6,6,6,6,7,8,8,8,8,5,5,5,5,6,8,7,5,5,4,4,5,5,6,6,7,4,4,4,4,5,5,5,6,7,7,7,6,4,4,3,3,3,3,4,4,4,5,5,6,7,6,6,3,3,3,3,3,4,4,4,5,5,6,2,2,3,3,4,4,5,6,2,2,2,2,2,2,3,4,5,6,6,3,2,2,1,1,1,2,2,2,3,3,4,5,5,6,6,7,3,3,2,1,1,1,1,2,2,3,4,4,5,6,6,6,6,3,3,2,1,0,1,1,2,2,3,4,4,5,6,6,7,4,3,3,2,2,1,1,2,2,3,3,4,4,5,6,6,5,5,3,3,2,2,2,1,1,3,3,4,5,5,6
257,13,12,12,12,12,12,12,12,13,13,13,12,12,12,12,11,11,11,11,11,11,11,11,12,12,11,11,10,10,10,11,11,11,11,10,10,10,10,10,10,10,10,10,10,10,9,9,9,9,10,10,9,9,9,9,9,9,9,9,11,9,9,9,8,8,8,8,8,9,9,11,9,8,8,8,8,8,8,8,8,8,8,9,9,10,8,8,7,7,7,7,7,7,7,8,8,8,8,10,9,8,7,7,7,7,7,7,7,7,7,7,9,9,8,7,7,6,6,6,6,6,6,6,6,7,7,8,8,9,9,6,6,6,6,6,6,6,6,6,6,7,8,9,8,5,5,5,5,6,7,8,5,5,5,4,4,5,5,6,7,4,4,4,4,4,5,5,5,6,7,7,6,4,4,4,3,3,3,3,4,4,4,5,6,6,7,6,4,3,3,3,3,3,4,4,4,5,6,2,2,2,3,4,4,5,5,3,2,2,2,2,2,2,4,5,5,6,3,2,2,2,1,1,1,2,2,2,3,3,4,5,5,6,7,4,3,3,2,1,1,1,1,2,2,3,4,4,5,6,7,6,4,3,3,2,1,0,1,1,2,2,3,4,4,5,6,7,4,4,3,3,2,1,1,1,2,2,3,3,4,4,5,6,6,5,4,3,3,2,2,2,1,2,3,3,4,5,5
258,13,13,12,12,12,12,12,12,13,13,13,13,12,12,12,11,11,11,11,11,11,11,11,13,12,12,11,11,10,10,10,11,11,11,11,10,10,10,10,10,11,10,10,10,10,10,9,9,9,10,10,10,9,9,9,9,9,9,9,11,9,9,9,8,8,8,8,8,8,9,11,9,9,8,8,8,8,8,8,8,8,8,8,9,10,8,8,7,7,7,7,7,7,7,7,8,8,8,10,10,9,7,7,7,7,7,7,7,7,7,7,10,9,9,7,7,7,6,6,6,6,6,6,6,6,7,7,8,9,9,6,6,6,6,6,6,6,6,6,6,7,7,9,9,6,5,5,5,5,7,8,5,5,5,5,4,4,5,6,7,5,4,4,4,4,4,5,5,6,6,8,6,5,4,4,4,3,3,3,3,4,4,4,6,6,7,7,4,4,3,3,3,3,3,4,4,4,7,2,2,2,2,3,4,4,5,3,3,2,2,2,2,2,3,4,5,5,4,3,2,2,2,1,1,1,2,2,2,3,3,4,5,5,8,4,4,3,2,1,1,1,1,1,2,3,3,4,4,5,7,7,4,4,3,2,1,1,0,1,1,2,3,3,4,4,5,8,5,4,4,3,3,2,1,1,1,2,2,3,3,4,4,5,6,6,5,4,3,3,2,2,2,2,2,3,3,4,5
259,14,13,12,12,12,12,12,12,12,14,13,13,13,12,12,11,11,11,11,11,11,11,11,13,12,12,11,11,11,10,10,12,11,11,11,10,10,10,10,10,11,11,10,10,10,10,10,9,9,9,11,10,10,9,9,9,9,9,9,12,9,9,9,9,8,8,8,8,8,8,11,9,9,9,8,8,8,8,8,8,8,8,8,8,11,9,8,7,7,7,7,7,7,7,7,7,8,8,11,10,9,7,7,7,7,7,7,7,7,7,7,10,10,9,7,7,7,7,6,6,6,6,6,6,6,7,7,7,10,9,7,6,6,6,6,6,6,6,6,6,7,7,10,9,6,6,5,5,5,7,9,6,5,5,5,4,4,5,5,6,5,5,4,4,4,4,4,5,5,6,8,7,5,5,4,4,3,3,3,3,3,4,4,5,6,8,7,4,4,4,3,3,3,3,3,4,4,7,3,2,2,2,3,3,4,4,4,3,3,2,2,2,2,3,4,4,5,5,3,3,2,2,2,1,1,1,2,2,2,3,3,4,5,8,5,4,4,3,2,1,1,1,1,1,2,3,3,4,4,8,7,5,4,4,3,2,1,1,0,1,1,2,3,3,4,4,8,6,5,4,4,3,2,1,1,1,1,2,2,3,3,4,4,7,6,5,5,4,3,3,2,2,2,2,2,3,3,4
260,14,13,12,12,12,12,12,12,12,14,14,13,13,13,12,12,11,11,11,11,11,11,11,13,12,12,11,11,11,11,10,12,12,11,11,11,10,10,10,10,11,11,11,10,10,10,10,10,9,9,11,10,10,10,9,9,9,9,9,12,10,9,9,9,9,8,8,8,8,8,12,9,9,9,8,8,8,8,8,8,8,8,8,8,11,9,9,8,7,7,7,7,7,7,7,7,7,8,11,11,9,7,7,7,7,7,7,7,7,7,7,11,10,9,8,7,7,7,6,6,6,6,6,6,6,7,7,7,10,10,7,7,6,6,6,6,6,6,6,6,6,7,10,10,6,6,6,5,5,6,9,6,6,5,5,5,4,5,5,6,5,5,4,4,4,4,4,4,5,5,9,7,6,5,5,4,4,3,3,3,3,3,4,5,5,8,8,5,4,4,3,3,3,3,3,3,4,8,3,3,2,2,2,3,4,4,4,4,3,3,2,2,2,2,3,4,4,5,4,3,3,2,2,2,1,1,1,2,2,2,3,3,4,9,6,5,4,3,2,2,1,1,1,1,2,2,3,3,4,8,8,6,5,4,3,2,2,1,1,0,1,2,2,3,3,4,9,6,6,5,4,4,3,1,1,1,1,1,2,2,3,3,4,7,7,6,5,5,4,3,3,2,1,2,2,2,3,3
261,14,13,12,12,12,12,12,12,12,14,14,13,13,13,13,12,12,11,11,11,11,11,11,14,13,12,11,11,11,11,11,12,12,12,11,11,10,10,10,10,11,11,11,11,10,10,10,10,10,9,11,10,10,10,10,9,9,9,9,12,10,10,9,9,9,9,8,8,8,8,12,10,9,9,8,8,8,8,8,8,8,8,8,8,11,9,9,8,8,7,7,7,7,7,7,7,7,7,11,11,10,8,7,7,7,7,7,7,7,7,7,11,11,10,8,8,7,7,7,6,6,6,6,6,6,6,7,7,11,10,7,7,7,6,6,6,6,6,6,6,6,6,11,10,7,6,6,5,5,6,10,6,6,6,5,5,5,4,5,6,6,5,4,4,4,4,4,4,5,5,9,8,6,6,5,5,4,4,3,3,3,3,3,4,5,9,8,5,5,4,4,3,3,3,3,3,3,9,4,3,2,2,2,2,3,4,5,4,4,3,3,2,2,2,3,3,4,6,5,4,3,3,2,2,2,1,1,1,2,2,2,3,3,9,6,6,5,4,3,2,2,1,1,1,1,2,2,3,3,9,8,6,6,5,4,3,2,2,1,1,0,1,2,2,3,3,9,7,6,6,5,4,3,2,1,1,1,1,1,2,2,3,3,8,7,6,6,5,5,4,3,3,1,1,2,2,2,3
262,15,14,13,12,12,12,12,12,12,15,15,14,14,13,13,12,12,12,12,11,11,11,11,14,13,13,11,11,11,11,11,13,13,12,12,11,11,11,10,10,12,12,11,11,11,11,10,10,10,9,12,11,11,10,10,10,10,9,9,13,11,10,10,9,9,9,9,8,8,8,13,11,10,10,9,8,8,8,8,8,8,8,8,8,12,10,10,8,8,8,8,7,7,7,7,7,7,7,12,12,11,8,8,8,7,7,7,7,7,7,7,12,12,11,9,9,8,8,7,7,7,6,6,6,6,6,6,6,12,11,8,8,7,7,7,6,6,6,6,6,6,6,12,11,7,7,7,6,5,5,11,7,7,6,6,5,5,4,4,5,7,6,5,5,4,4,4,4,4,4,10,9,7,6,6,6,5,4,4,4,3,3,3,4,4,10,9,6,6,5,4,4,3,3,3,3,3,10,4,4,3,3,2,2,2,3,6,5,5,4,4,3,2,2,2,2,3,7,6,5,5,4,3,3,2,2,2,1,1,1,2,2,2,10,7,7,6,5,4,3,3,2,2,1,1,1,1,2,2,10,9,7,7,6,5,4,3,3,2,2,1,0,1,1,2,2,10,8,7,7,6,6,4,3,2,2,1,1,1,1,1,2,2,9,8,7,7,6,6,5,5,4,2,1,1,1,2,2
263,15,14,13,13,12,12,12,12,12,16,15,14,14,14,13,13,12,12,12,12,11,11,11,15,14,13,12,11,11,11,11,13,13,13,12,12,11,11,11,10,12,12,12,11,11,11,11,10,10,9,12,11,11,11,10,10,10,9,9,14,11,11,10,10,9,9,9,9,8,8,13,11,11,10,9,9,8,8,8,8,8,8,8,8,13,11,10,9,8,8,8,8,7,7,7,7,7,7,13,12,11,9,8,8,8,7,7,7,7,7,7,13,12,11,9,9,9,8,7,7,7,7,6,6,6,6,6,6,12,12,9,8,8,7,7,6,6,6,6,6,6,6,12,12,8,7,7,6,5,5,11,7,7,7,6,6,5,5,4,5,7,7,5,5,4,4,4,4,4,4,11,9,7,7,6,6,5,5,4,4,4,3,3,3,4,10,10,7,6,6,5,4,4,3,3,3,3,10,5,4,4,3,2,2,2,2,6,6,5,5,4,4,3,2,2,2,2,7,6,6,5,5,4,3,3,2,2,2,1,1,1,2,2,11,8,7,7,6,4,4,3,3,2,2,1,1,1,1,2,10,10,8,7,7,6,4,4,3,3,2,2,1,0,1,1,2,11,8,8,7,7,6,5,3,3,2,2,1,1,1,1,1,2,9,9,8,7,7,6,6,5,5,2,2,1,1,1,2
264,16,15,13,13,12,12,12,12,12,16,16,15,14,14,14,13,13,12,12,12,12,11,11,15,14,14,12,12,11,11,11,14,13,13,13,12,11,11,11,11,13,12,12,12,11,11,11,11,10,9,13,12,11,11,11,10,10,9,9,14,11,11,11,10,10,9,9,9,9,8,14,11,11,11,9,9,9,8,8,8,8,8,8,8,13,11,11,9,9,8,8,8,8,7,7,7,7,7,13,13,11,9,9,8,8,8,7,7,7,7,7,13,13,12,10,9,9,9,8,7,7,7,7,6,6,6,6,6,13,12,9,9,8,8,7,7,6,6,6,6,6,6,13,12,8,8,7,7,5,5,12,8,7,7,7,6,6,5,4,5,8,7,6,5,4,4,4,4,4,4,11,10,8,7,7,6,6,5,5,4,4,4,3,3,3,11,10,7,7,6,5,5,4,4,3,3,3,11,5,5,4,4,3,2,2,2,7,6,6,5,5,4,3,2,2,2,2,8,7,6,6,5,5,4,3,3,2,2,2,1,1,1,2,12,8,8,7,6,5,4,4,3,3,2,1,1,1,1,1,11,10,8,8,7,6,5,4,4,3,3,2,1,1,0,1,1,12,9,8,8,7,7,6,4,3,3,2,2,1,1,1,1,1,10,9,8,8,7,7,6,6,5,2,2,2,1,1,1
265,16,15,13,13,13,12,12,12,12,16,16,15,15,14,14,13,13,13,12,12,12,12,11,16,14,14,12,12,12,11,11,14,14,13,13,12,12,11,11,11,13,13,12,12,12,11,11,11,11,10,13,12,12,11,11,11,10,9,9,15,12,11,11,10,10,10,9,9,9,9,14,12,11,11,9,9,9,9,8,8,8,8,8,8,14,11,11,9,9,9,8,8,8,8,7,7,7,7,14,13,12,9,9,9,8,8,8,7,7,7,7,14,13,12,10,10,9,9,8,8,7,7,7,7,6,6,6,6,13,13,9,9,9,8,8,7,6,6,6,6,6,6,13,13,9,8,8,7,5,5,12,8,8,7,7,6,6,5,5,4,8,8,6,6,5,4,4,4,4,4,12,10,8,8,7,7,6,6,5,5,4,4,4,3,3,11,11,8,7,7,6,5,4,4,4,3,3,11,6,5,4,4,3,3,2,2,7,7,6,6,5,5,4,2,2,2,2,8,7,7,6,6,5,5,4,3,3,2,2,2,1,1,1,12,9,8,8,7,6,5,4,4,3,3,2,1,1,1,1,12,11,9,8,8,7,6,5,4,4,3,3,2,1,1,0,1,12,9,9,8,8,7,6,4,4,3,3,2,2,1,1,1,1,11,10,9,8,8,7,7,6,6,3,2,2,2,1,1
266,16,15,14,13,13,13,12,12,12,17,16,16,15,15,14,13,13,13,13,12,12,12,12,16,15,14,12,12,12,12,11,14,14,14,13,13,12,12,11,11,14,13,13,12,12,12,11,11,11,10,14,12,12,12,11,11,11,10,9,15,12,12,11,11,10,10,10,9,9,9,15,12,12,11,10,9,9,9,9,8,8,8,8,8,14,12,11,10,9,9,9,8,8,8,8,7,7,7,14,14,12,10,9,9,9,8,8,8,7,7,7,14,14,13,11,10,10,9,9,8,8,7,7,7,7,6,6,6,14,13,10,9,9,9,8,7,7,6,6,6,6,6,14,13,9,9,8,7,6,5,13,9,8,8,7,7,6,5,5,4,9,8,7,6,5,5,4,4,4,4,13,11,9,8,8,7,6,6,6,5,5,4,4,3,3,12,11,8,8,7,6,6,5,4,4,4,3,12,6,6,5,4,4,3,2,2,8,7,7,6,6,5,4,3,2,2,2,9,8,7,7,6,6,5,5,4,3,3,2,2,2,1,1,13,9,9,8,7,6,6,5,4,4,3,2,2,1,1,1,12,12,9,9,8,7,6,6,5,4,4,3,2,2,1,1,0,13,10,9,9,8,8,7,5,4,4,3,3,2,2,1,1,1,11,11,9,9,8,8,7,7,6,3,3,2,2,2,1
267,12,12,13,14,14,14,15,15,18,12,12,12,12,12,12,13,13,13,13,14,14,14,15,11,11,11,13,13,13,13,14,11,11,11,11,12,12,12,13,13,10,10,11,11,11,11,12,12,12,14,10,10,10,11,11,11,11,13,14,9,10,10,10,11,11,11,12,12,13,13,8,9,9,9,11,11,11,12,12,12,13,13,14,14,8,8,9,10,10,11,11,11,12,12,13,13,13,14,7,7,7,9,9,10,10,11,11,11,12,12,13,7,7,7,8,8,8,9,9,10,10,11,11,11,12,13,14,14,6,6,7,8,8,9,9,10,11,11,12,12,14,14,6,6,7,8,8,9,11,14,5,7,7,8,8,9,10,11,12,14,7,7,8,9,10,11,11,12,13,13,4,4,6,6,7,7,8,9,9,10,10,11,11,13,13,3,4,6,6,7,8,8,9,10,10,11,11,3,7,8,9,9,10,11,12,12,5,6,6,7,7,8,9,11,12,12,13,4,5,6,6,7,7,8,8,9,9,10,11,11,12,12,13,1,3,4,5,6,7,7,8,8,9,9,11,11,12,12,13,1,1,3,4,4,6,7,7,8,8,9,9,10,11,12,12,13,0,3,3,4,4,5,6,8,8,9,9,10,10,11,12,12,13,2,2,3,4,4,5,6,6,7,9,10,10,11,12,12
268,12,12,12,13,13,13,13,14,16,12,12,12,12,12,12,12,12,12,12,12,13,13,13,11,11,11,11,12,12,12,12,10,10,10,11,11,11,11,11,12,10,10,10,10,10,10,10,11,11,12,9,9,9,10,10,10,10,11,12,9,9,9,9,9,10,10,10,11,11,11,9,8,8,8,9,9,10,10,10,11,11,11,12,12,8,8,8,8,9,9,9,9,10,10,11,11,11,12,8,7,7,8,8,8,8,9,9,9,10,10,11,7,7,7,7,7,7,7,8,8,8,9,9,9,10,11,11,12,7,6,6,6,7,7,7,8,9,9,9,10,11,12,6,6,6,6,6,7,9,11,5,5,6,6,6,7,7,9,10,11,5,5,6,7,8,8,9,9,10,11,4,4,4,4,5,5,6,6,7,7,8,8,9,10,11,4,3,4,4,5,6,6,7,7,8,8,9,3,5,5,6,7,8,8,9,10,3,4,4,4,5,5,6,8,9,10,10,2,3,3,4,4,5,5,6,6,7,7,8,8,9,9,10,3,1,2,2,3,4,5,5,6,6,7,8,8,9,9,10,2,2,1,1,2,3,4,4,5,6,6,7,8,8,9,9,10,3,0,1,1,2,2,3,5,6,6,7,7,8,8,9,9,10,1,1,1,1,2,2,3,3,4,7,7,8,8,9,9
269,12,12,12,12,13,13,13,14,15,12,12,12,12,12,12,12,12,12,12,12,12,13,13,11,11,11,11,11,12,12,12,11,10,10,10,11,11,11,11,11,10,10,10,10,10,10,10,10,11,12,9,9,9,9,10,10,10,11,11,9,9,9,9,9,9,10,10,10,11,11,9,8,8,8,9,9,9,10,10,10,11,11,11,12,8,8,8,8,8,9,9,9,9,10,10,11,11,11,8,8,7,7,8,8,8,8,9,9,9,10,10,7,7,7,7,7,7,7,7,8,8,8,9,9,9,11,11,11,7,7,6,6,6,7,7,7,8,9,9,9,11,11,6,6,6,6,6,7,9,11,6,5,5,6,6,7,7,8,9,11,5,5,6,6,7,8,8,9,10,10,5,4,4,4,4,5,5,6,6,7,7,8,8,10,10,4,4,4,4,4,5,6,6,7,7,8,8,4,4,5,6,6,7,8,9,9,3,3,4,4,4,5,6,7,9,9,10,2,2,3,3,4,4,5,5,6,6,7,7,8,8,9,9,3,1,1,2,2,3,4,5,5,6,6,7,8,8,9,9,3,2,1,1,1,2,3,4,4,5,6,6,7,8,8,9,9,3,1,0,1,1,2,3,4,5,6,6,7,7,8,8,9,9,2,1,1,1,1,2,2,3,3,6,7,7,8,8,9
270,12,12,12,12,13,13,13,13,15,12,12,12,12,12,12,12,12,12,12,12,12,12,13,11,11,11,11,11,11,12,12,11,11,10,10,11,11,11,11,11,10,10,10,10,10,10,10,10,10,12,9,9,9,9,9,10,10,11,11,10,9,9,9,9,9,9,10,10,10,11,9,8,8,8,9,9,9,9,10,10,10,11,11,11,8,8,8,8,8,8,9,9,9,9,10,10,11,11,8,8,7,7,7,8,8,8,8,9,9,9,10,8,7,7,7,7,7,7,7,7,8,8,8,9,9,10,11,11,7,7,6,6,6,6,7,7,8,8,9,9,10,11,7,6,6,6,6,6,8,10,6,5,5,5,6,6,7,8,9,10,5,5,6,6,7,7,8,8,9,10,5,4,4,4,4,4,5,5,6,6,7,7,8,9,10,4,4,3,4,4,5,5,6,6,7,7,8,4,4,4,5,6,7,7,8,9,2,3,3,4,4,4,5,7,8,9,9,2,2,2,3,3,4,4,5,5,6,6,7,7,8,8,9,4,1,1,1,2,3,3,4,5,5,6,7,7,8,8,9,3,3,1,1,1,2,3,3,4,4,5,6,7,7,8,8,9,4,1,1,0,1,1,2,4,4,5,6,6,7,7,8,8,9,2,2,1,1,1,1,2,2,3,6,6,7,7,8,8
271,13,12,12,12,12,13,13,13,15,12,12,12,12,12,12,12,12,12,12,12,12,12,12,12,11,11,11,11,11,11,12,11,11,11,10,10,11,11,11,11,10,10,10,10,10,10,10,10,10,11,10,9,9,9,9,9,10,10,11,10,9,9,9,9,9,9,9,10,10,10,9,8,8,8,9,9,9,9,9,10,10,10,11,11,9,8,8,8,8,8,8,9,9,9,9,10,10,11,8,8,7,7,7,7,8,8,8,8,9,9,9,8,8,7,7,7,7,7,7,7,7,8,8,8,9,10,10,11,7,7,6,6,6,6,6,7,7,8,8,9,10,10,7,7,6,6,6,6,8,10,6,5,5,5,5,6,6,7,8,10,4,5,5,6,7,7,7,8,9,9,5,4,4,4,4,4,5,5,5,6,6,7,7,9,9,5,4,3,3,4,4,5,6,6,6,7,7,4,4,4,5,5,6,7,8,8,2,2,3,3,4,4,5,6,7,8,9,2,2,2,2,3,3,4,4,5,5,6,6,7,7,8,8,5,2,1,1,2,2,3,3,4,5,5,6,7,7,8,8,4,3,1,1,1,1,2,3,3,4,4,5,6,7,7,8,8,4,2,1,1,0,1,2,3,4,4,5,6,6,7,7,8,8,3,2,1,1,1,1,1,2,2,5,6,6,7,7,8
272,13,12,12,12,12,12,13,13,14,13,12,12,12,12,12,12,12,12,12,12,12,12,12,12,11,11,11,11,11,11,11,11,11,11,11,10,11,11,11,11,10,10,10,10,10,10,10,10,10,11,10,9,9,9,9,9,9,10,11,10,9,9,9,9,9,9,9,10,10,10,10,8,8,8,8,9,9,9,9,9,10,10,10,11,9,8,8,8,8,8,8,8,9,9,9,9,10,10,9,8,8,7,7,7,7,8,8,8,8,9,9,8,8,7,7,7,7,7,7,7,7,7,8,8,8,9,10,10,8,7,6,6,6,6,6,7,7,7,8,8,9,10,7,7,6,6,6,6,7,9,7,5,5,5,5,6,6,7,8,9,4,4,5,5,6,7,7,7,8,9,6,5,4,4,4,4,4,5,5,5,6,6,7,8,9,5,5,3,3,3,4,4,5,6,6,6,7,5,3,4,4,5,6,6,7,8,2,2,2,3,3,4,4,6,7,7,8,2,2,2,2,2,3,3,4,4,5,5,6,6,7,7,8,5,2,2,1,1,2,2,3,3,4,5,6,6,7,7,8,4,4,2,1,1,1,2,2,3,3,4,4,6,6,7,7,8,5,2,2,1,1,0,1,3,3,4,4,5,6,6,7,7,8,3,3,2,1,1,1,1,1,2,4,5,6,6,7,7
273,13,13,12,12,12,12,12,13,14,13,13,12,12,12,12,12,12,12,12,12,12,12,12,12,12,11,11,11,11,11,11,11,11,11,11,11,10,10,11,11,10,10,10,10,10,10,10,10,10,11,10,10,9,9,9,9,9,10,10,11,9,9,9,9,9,9,9,9,9,10,10,9,9,8,8,8,8,9,9,9,9,9,10,10,9,8,8,8,8,8,8,8,8,8,9,9,9,9,9,9,8,7,7,7,7,7,7,8,8,8,8,9,9,8,7,7,7,7,7,7,7,7,7,7,8,9,9,9,9,8,6,6,6,6,6,6,7,7,7,7,9,9,8,8,6,6,6,6,7,9,7,5,5,5,5,5,5,6,7,8,5,4,5,5,6,6,6,7,7,8,7,5,4,4,4,4,4,4,4,5,5,5,6,7,8,6,6,3,3,3,3,4,4,5,5,6,6,6,3,3,4,4,5,5,6,7,2,2,2,2,2,3,4,5,6,6,7,3,2,2,2,2,2,2,3,3,4,4,5,5,6,6,7,6,3,2,2,1,1,2,2,2,3,3,5,5,6,6,7,6,5,3,2,2,1,1,1,2,2,3,3,4,5,6,6,7,6,3,3,2,2,1,0,2,2,3,3,4,4,5,6,6,7,4,4,3,2,2,1,1,1,1,3,4,4,5,6,6
274,14,13,12,12,12,12,12,12,13,14,14,13,13,13,12,12,12,12,12,12,12,12,12,13,12,12,11,11,11,11,11,12,12,11,11,11,11,11,10,10,11,11,11,10,10,10,10,10,10,10,11,10,10,10,10,9,9,9,10,12,10,9,9,9,9,9,9,9,9,9,11,9,9,9,8,8,8,8,8,8,9,9,9,9,11,9,9,8,8,8,8,8,8,8,8,8,8,9,11,10,9,7,7,7,7,7,7,7,7,7,8,10,10,9,8,7,7,7,7,7,7,7,7,7,7,8,8,8,10,9,7,7,6,6,6,6,6,6,6,7,7,8,9,9,6,6,6,6,6,7,9,6,5,5,5,5,5,5,6,7,5,5,4,4,5,5,5,6,6,7,8,7,5,5,4,4,4,4,4,4,4,4,5,6,6,7,7,4,4,4,3,3,3,4,4,4,5,7,3,3,3,3,4,4,5,5,4,3,3,2,2,2,2,4,4,5,5,4,3,3,2,2,2,2,2,2,2,3,3,4,4,5,5,8,5,4,3,2,2,1,1,1,2,2,3,3,4,5,5,7,7,4,4,3,2,1,1,1,1,1,2,3,3,4,4,5,8,5,4,4,3,3,2,0,1,1,2,2,3,3,4,4,5,6,6,4,4,3,3,2,2,1,2,2,3,3,4,4
275,14,13,12,12,12,12,12,12,13,14,14,13,13,13,13,12,12,12,12,12,12,12,12,13,13,12,11,11,11,11,11,12,12,12,11,11,11,11,11,10,11,11,11,11,10,10,10,10,10,10,11,10,10,10,10,10,9,9,9,12,10,10,9,9,9,9,9,9,9,9,12,10,9,9,8,8,8,8,8,8,8,9,9,9,11,9,9,8,8,8,8,8,8,8,8,8,8,8,11,11,9,8,7,7,7,7,7,7,7,7,7,11,10,9,8,8,7,7,7,7,7,7,7,7,7,7,8,8,10,10,7,7,7,6,6,6,6,6,6,6,7,7,10,9,6,6,6,6,6,7,9,6,6,5,5,5,5,5,6,7,6,5,5,4,5,5,5,5,6,6,9,7,5,5,5,4,4,4,4,4,4,4,4,5,6,8,7,5,4,4,3,3,3,3,4,4,4,8,3,3,3,3,3,4,4,5,4,4,3,3,2,2,2,3,4,4,5,5,4,3,3,2,2,2,2,2,2,2,3,3,4,4,5,8,5,5,4,3,2,2,1,1,1,2,2,3,3,4,5,8,7,5,4,4,3,2,1,1,1,1,1,2,3,3,4,4,8,6,5,4,4,3,2,1,0,1,1,2,2,3,3,4,4,7,6,5,4,4,3,3,2,2,1,2,2,3,3,4
276,14,14,13,12,12,12,12,12,13,15,14,14,13,13,13,12,12,12,12,12,12,12,12,14,13,13,11,11,11,11,11,12,12,12,12,11,11,11,11,11,12,11,11,11,11,10,10,10,10,10,11,11,10,10,10,10,10,9,9,12,10,10,10,9,9,9,9,9,9,9,12,10,10,9,9,8,8,8,8,8,8,8,9,9,11,9,9,8,8,8,8,8,8,8,8,8,8,8,11,11,10,8,8,7,7,7,7,7,7,7,7,11,11,10,8,8,8,7,7,7,7,7,7,7,7,7,7,8,11,10,7,7,7,7,6,6,6,6,6,6,7,7,10,10,7,6,6,6,6,7,10,6,6,6,5,5,5,5,5,6,6,6,5,5,4,5,5,5,6,6,9,8,6,5,5,5,4,4,4,4,4,4,4,5,5,8,8,5,5,4,4,3,3,3,3,4,4,8,4,3,3,3,3,3,4,4,4,4,4,3,3,2,2,3,4,4,4,5,4,4,3,3,2,2,2,2,2,2,2,3,3,4,4,9,6,5,5,3,2,2,2,1,1,1,2,2,3,3,4,8,8,6,5,4,3,2,2,1,1,1,1,2,2,3,3,4,9,6,6,5,4,4,3,1,1,0,1,1,2,2,3,3,4,7,7,6,5,4,4,3,3,2,1,1,2,2,3,3
277,15,14,13,13,12,12,12,12,13,15,15,14,14,13,13,12,12,12,12,12,12,12,12,14,13,13,11,11,11,11,11,13,12,12,12,11,11,11,11,11,12,12,11,11,11,11,10,10,10,10,12,11,11,10,10,10,10,9,9,13,10,10,10,9,9,9,9,9,9,9,12,10,10,10,9,9,8,8,8,8,8,8,8,9,12,10,9,8,8,8,8,8,8,8,8,8,8,8,12,11,10,8,8,8,7,7,7,7,7,7,7,11,11,10,9,8,8,8,7,7,7,7,7,7,7,7,7,7,11,11,8,7,7,7,7,6,6,6,6,6,7,7,11,10,7,7,6,6,6,6,10,7,6,6,6,5,5,5,5,6,6,6,5,5,4,4,5,5,5,6,10,8,6,6,5,5,4,4,4,4,4,4,4,5,5,9,8,6,5,5,4,4,3,3,3,3,4,9,4,4,3,3,3,3,4,4,5,4,4,4,3,3,2,2,3,4,4,6,5,4,4,3,3,2,2,2,2,2,2,2,3,3,4,9,6,6,5,4,3,2,2,2,1,1,2,2,2,3,3,9,8,6,6,5,4,3,2,2,1,1,1,1,2,2,3,3,9,7,6,6,5,4,3,2,1,1,0,1,1,2,2,3,3,8,7,6,6,5,4,4,3,3,1,1,1,2,2,3
278,15,14,13,13,12,12,12,12,12,15,15,14,14,14,13,13,12,12,12,12,12,12,12,14,13,13,12,11,11,11,11,13,13,12,12,12,11,11,11,11,12,12,12,11,11,11,11,10,10,10,12,11,11,11,10,10,10,9,9,13,11,10,10,10,9,9,9,9,9,9,13,11,10,10,9,9,9,8,8,8,8,8,8,8,12,10,10,9,8,8,8,8,8,8,8,8,8,8,12,12,11,8,8,8,8,7,7,7,7,7,7,12,11,11,9,9,8,8,7,7,7,7,7,7,7,7,7,7,12,11,8,8,7,7,7,6,6,6,6,6,6,7,11,11,7,7,7,6,6,6,11,7,7,6,6,5,5,5,5,6,7,6,5,5,4,4,4,5,5,5,10,9,7,6,6,5,5,4,4,4,4,4,4,4,5,9,9,6,6,5,4,4,3,3,3,3,3,9,4,4,3,3,3,3,3,4,5,5,4,4,4,3,2,2,3,3,4,6,5,5,4,4,3,3,2,2,2,2,2,2,2,3,3,10,7,6,6,5,3,3,2,2,2,1,1,2,2,2,3,9,9,7,6,6,4,3,3,2,2,1,1,1,1,2,2,3,10,7,7,6,6,5,4,2,2,1,1,0,1,1,2,2,3,8,8,7,6,6,5,4,4,3,1,1,1,1,2,2
279,15,14,13,13,13,12,12,12,12,16,15,15,14,14,14,13,13,12,12,12,12,12,12,15,14,13,12,12,11,11,11,13,13,13,12,12,11,11,11,11,13,12,12,12,11,11,11,11,10,10,12,11,11,11,11,10,10,9,9,14,11,11,10,10,10,9,9,9,9,9,13,11,11,10,9,9,9,9,8,8,8,8,8,8,13,11,10,9,9,8,8,8,8,8,8,8,8,8,13,12,11,9,8,8,8,8,7,7,7,7,7,12,12,11,9,9,9,8,8,7,7,7,7,7,7,7,7,7,12,12,9,8,8,7,7,7,6,6,6,6,6,6,12,11,8,7,7,6,6,6,11,7,7,7,6,6,5,5,5,5,7,7,6,5,5,4,4,4,5,5,11,9,7,7,6,6,5,5,4,4,4,4,4,4,4,10,9,6,6,6,5,4,4,3,3,3,3,10,5,4,4,3,3,3,3,3,6,5,5,4,4,4,3,2,2,3,3,7,6,5,5,4,4,3,3,2,2,2,2,2,2,2,3,11,7,7,6,5,4,3,3,2,2,2,1,1,2,2,2,10,9,7,7,6,5,4,3,3,2,2,1,1,1,1,2,2,10,8,7,7,6,6,4,3,2,2,1,1,0,1,1,2,2,9,8,7,7,6,6,5,4,4,1,1,1,1,1,2
280,16,15,13,13,13,13,12,12,12,16,16,15,15,14,14,13,13,13,12,12,12,12,12,15,14,14,12,12,12,11,11,14,13,13,13,12,12,11,11,11,13,13,12,12,12,11,11,11,11,10,13,12,11,11,11,11,10,10,9,14,11,11,11,10,10,10,9,9,9,9,14,11,11,11,9,9,9,9,9,8,8,8,8,8,13,11,11,9,9,9,8,8,8,8,8,8,8,8,13,13,11,9,9,8,8,8,8,7,7,7,7,13,12,11,10,9,9,9,8,8,7,7,7,7,7,7,7,7,13,12,9,9,8,8,7,7,6,6,6,6,6,6,12,12,8,8,7,7,6,6,12,8,7,7,7,6,6,5,5,5,7,7,6,6,5,5,4,4,5,5,11,10,8,7,7,6,5,5,5,4,4,4,4,4,4,10,10,7,6,6,5,5,4,4,3,3,3,10,5,5,4,4,3,3,3,3,6,6,5,5,4,4,3,2,2,2,3,7,6,6,5,5,4,4,3,3,2,2,2,2,2,2,2,11,8,7,7,6,5,4,3,3,2,2,1,1,1,2,2,10,10,8,7,7,6,4,4,3,3,2,2,1,1,1,1,2,11,8,8,7,7,6,5,3,3,2,2,1,1,0,1,1,2,9,9,8,7,7,6,6,5,4,2,1,1,1,1,1
281,16,15,14,13,13,13,13,12,12,16,16,15,15,15,14,13,13,13,13,12,12,12,12,16,14,14,12,12,12,12,11,14,14,13,13,12,12,12,11,11,13,13,13,12,12,12,11,11,11,10,13,12,12,11,11,11,11,10,9,15,12,11,11,10,10,10,10,9,9,9,14,12,11,11,10,9,9,9,9,9,8,8,8,8,13,11,11,9,9,9,9,8,8,8,8,8,8,8,14,13,12,9,9,9,8,8,8,8,7,7,7,13,13,12,10,10,9,9,8,8,8,7,7,7,7,7,7,7,13,13,9,9,9,8,8,7,7,6,6,6,6,6,13,12,9,8,8,7,6,6,12,8,8,7,7,6,6,5,5,5,8,7,6,6,5,5,5,4,4,5,12,10,8,8,7,7,6,5,5,5,4,4,4,4,4,11,10,7,7,6,6,5,4,4,4,3,3,11,6,5,4,4,3,3,3,3,7,6,6,5,5,4,4,2,2,2,2,8,7,6,6,5,5,4,4,3,3,2,2,2,2,2,2,12,8,8,7,6,5,5,4,3,3,2,2,1,1,1,2,11,10,8,8,7,6,5,4,4,3,3,2,1,1,1,1,1,12,9,8,8,7,7,6,4,3,3,2,2,1,1,0,1,1,10,9,8,8,7,7,6,6,5,2,2,1,1,1,1
282,16,15,14,14,13,13,13,12,12,17,16,16,15,15,15,14,13,13,13,13,12,12,12,16,15,14,13,12,12,12,12,14,14,14,13,13,12,12,12,11,14,13,13,13,12,12,12,11,11,10,14,12,12,12,11,11,11,10,10,15,12,12,11,11,10,10,10,9,9,9,15,12,12,11,10,10,9,9,9,9,9,8,8,8,14,12,11,10,9,9,9,9,8,8,8,8,8,8,14,14,12,10,9,9,9,8,8,8,8,7,7,14,13,12,11,10,10,9,9,8,8,8,7,7,7,7,7,7,14,13,10,9,9,9,8,7,7,7,6,6,6,6,13,13,9,9,8,7,6,6,13,9,8,8,7,7,6,5,5,5,8,8,7,6,5,5,5,5,4,4,12,11,9,8,8,7,6,6,5,5,5,4,4,4,4,11,11,8,7,7,6,6,5,4,4,4,3,11,6,6,5,4,4,3,3,3,7,7,6,6,5,5,4,3,2,2,2,8,7,7,6,6,5,5,4,4,3,3,2,2,2,2,2,12,9,8,8,7,6,5,5,4,3,3,2,2,1,1,1,12,11,9,8,8,7,6,5,4,4,3,3,2,1,1,1,1,12,9,9,8,8,7,6,4,4,3,3,2,2,1,1,0,1,10,10,9,8,8,7,7,6,6,3,2,2,1,1,1
283,17,16,14,14,13,13,13,13,12,17,17,16,16,15,15,14,14,13,13,13,13,12,12,16,15,15,13,13,12,12,12,15,14,14,14,13,12,12,12,12,14,14,13,13,13,12,12,12,11,10,14,13,12,12,12,11,11,10,10,15,12,12,12,11,11,10,10,10,9,9,15,12,12,12,10,10,10,9,9,9,9,9,8,8,14,12,12,10,10,9,9,9,9,8,8,8,8,8,15,14,13,10,10,9,9,9,8,8,8,8,7,14,14,13,11,11,10,10,9,9,8,8,8,7,7,7,7,7,14,14,10,10,9,9,9,8,7,7,7,6,6,6,14,13,9,9,9,8,6,6,13,9,9,8,8,7,7,6,5,5,9,8,7,7,6,5,5,5,4,4,13,11,9,9,8,8,7,6,6,5,5,5,4,4,4,12,11,8,8,7,6,6,5,5,4,4,4,12,7,6,5,5,4,4,3,3,8,7,7,6,6,5,4,3,2,2,2,9,8,7,7,6,6,5,5,4,4,3,3,2,2,2,2,13,9,9,8,7,6,6,5,5,4,3,2,2,2,1,1,12,12,9,9,8,7,6,6,5,4,4,3,2,2,1,1,1,13,10,9,9,8,8,7,5,4,4,3,3,2,2,1,1,0,11,10,9,9,8,8,7,7,6,3,3,2,2,1,1
284,13,13,13,13,14,14,14,15,17,12,12,12,12,12,12,13,13,13,13,13,14,14,14,12,12,12,12,13,13,13,13,11,11,11,11,11,12,12,12,13,11,11,11,11,11,11,11,12,12,13,10,10,10,10,11,11,11,12,13,9,10,10,10,10,11,11,11,12,12,12,9,9,9,9,10,10,11,11,11,12,12,12,13,13,8,8,9,9,10,10,10,11,11,11,12,12,12,13,8,8,8,9,9,9,9,10,10,11,11,11,12,7,7,7,7,8,8,8,9,9,9,10,10,11,11,12,13,13,7,7,7,7,8,8,8,9,10,10,11,11,12,13,6,6,7,7,7,8,10,13,6,6,7,7,7,8,9,10,11,12,6,6,7,8,9,10,10,11,12,12,5,4,5,6,6,6,7,7,8,8,9,9,10,11,12,4,4,5,5,6,7,7,8,9,9,10,10,3,6,6,7,8,9,9,10,11,4,5,5,6,6,7,8,9,10,11,11,3,4,4,5,5,6,6,7,7,8,9,9,10,10,11,11,2,2,3,3,4,5,6,6,7,7,8,9,9,10,11,11,2,1,2,2,3,4,5,6,6,7,7,8,9,9,10,11,11,2,1,2,2,3,3,4,6,7,7,8,8,9,9,10,10,11,0,1,2,2,3,3,4,4,5,8,8,9,9,10,10
285,13,13,13,13,14,14,14,15,16,12,12,12,12,12,12,12,13,13,13,13,13,14,14,12,12,12,12,12,13,13,13,11,11,11,11,11,12,12,12,12,10,11,11,11,11,11,11,11,12,13,10,10,10,10,10,11,11,12,13,10,9,10,10,10,10,11,11,11,12,12,9,9,9,9,10,10,10,11,11,11,12,12,12,13,8,8,8,9,9,10,10,10,11,11,11,12,12,12,8,8,8,8,9,9,9,9,10,10,11,11,11,7,7,7,7,7,8,8,8,9,9,9,10,10,11,12,12,13,7,7,7,7,7,8,8,9,9,10,10,11,12,12,6,6,7,7,7,8,10,12,6,6,6,7,7,8,8,9,10,12,6,6,7,7,9,9,10,10,11,12,5,4,5,5,6,6,7,7,7,8,8,9,9,11,11,4,4,5,5,5,6,7,8,8,9,9,10,3,6,6,7,7,8,9,10,10,4,4,5,5,6,6,7,9,10,10,11,3,4,4,4,5,5,6,6,7,7,8,9,9,10,10,11,3,2,2,3,4,5,5,6,6,7,7,8,9,9,10,11,2,2,2,2,2,3,5,5,6,6,7,7,8,9,9,10,11,2,1,1,2,2,3,4,6,6,7,7,8,8,9,9,10,10,1,0,1,2,2,3,3,4,4,7,8,8,9,9,10
286,13,13,13,13,13,13,14,14,16,13,12,12,12,12,12,12,12,12,13,13,13,13,13,12,12,12,12,12,12,12,13,11,11,11,11,11,11,11,12,12,10,10,10,11,11,11,11,11,11,12,10,10,10,10,10,10,10,11,12,10,9,9,9,10,10,10,10,11,11,11,9,9,9,9,9,10,10,10,10,11,11,11,12,12,9,8,8,9,9,9,9,10,10,10,11,11,11,12,8,8,8,8,8,8,9,9,9,9,10,10,11,8,8,7,7,7,7,7,8,8,8,9,9,9,10,11,11,12,7,7,7,7,7,7,7,8,9,9,9,10,11,11,7,7,6,6,7,7,9,11,6,6,6,6,6,7,7,9,9,11,5,5,6,7,8,8,9,9,10,11,5,5,5,5,5,5,6,6,7,7,7,8,8,10,10,4,4,4,4,5,5,6,7,7,8,8,9,4,5,5,6,6,7,8,9,9,3,4,4,4,5,5,6,8,9,9,10,2,3,3,4,4,4,5,5,6,6,7,7,8,9,9,10,4,2,2,2,3,4,4,5,5,6,6,7,8,8,9,9,3,2,1,1,2,2,3,4,5,5,6,6,7,8,8,9,9,3,1,1,1,1,2,3,4,5,6,6,7,7,8,8,9,9,2,1,0,1,1,2,2,3,3,6,7,7,8,8,9
287,13,13,13,13,13,13,13,14,15,13,13,12,12,12,12,12,12,12,12,13,13,13,13,12,12,12,12,12,12,12,12,11,11,11,11,11,11,11,11,12,11,10,10,10,11,11,11,11,11,12,10,10,10,10,10,10,10,11,12,10,9,9,9,10,10,10,10,11,11,11,10,9,9,9,9,9,10,10,10,10,11,11,11,12,9,8,8,9,9,9,9,9,10,10,10,11,11,11,9,8,8,8,8,8,8,9,9,9,9,10,10,8,8,7,7,7,7,7,8,8,8,8,9,9,9,11,11,11,8,7,7,7,7,7,7,8,8,9,9,9,11,11,7,7,6,6,6,7,9,11,6,6,6,6,6,7,7,8,9,10,5,5,6,6,7,8,8,9,10,10,6,5,4,5,5,5,6,6,6,7,7,7,8,9,10,5,4,4,4,4,5,5,6,7,7,8,8,4,4,5,6,6,7,7,8,9,3,3,4,4,4,5,6,7,8,9,9,2,2,3,3,4,4,4,5,5,6,6,7,7,8,9,9,4,2,2,2,2,3,4,4,5,5,6,7,7,8,8,9,3,3,1,1,1,2,3,3,4,5,5,6,7,7,8,8,9,4,1,1,1,1,1,2,4,4,5,6,6,7,7,8,8,9,2,2,1,0,1,1,2,2,3,6,6,7,7,8,8
288,13,13,13,13,13,13,13,14,15,13,13,12,12,12,12,12,12,12,12,12,13,13,13,12,12,12,12,12,12,12,12,11,11,11,11,11,11,11,11,11,11,11,10,10,10,11,11,11,11,12,10,10,10,10,10,10,10,11,11,10,9,9,9,9,10,10,10,10,11,11,10,9,9,9,9,9,9,10,10,10,10,11,11,11,9,8,8,8,9,9,9,9,9,10,10,10,11,11,9,9,8,8,8,8,8,8,9,9,9,9,10,8,8,8,7,7,7,7,7,8,8,8,8,9,9,10,11,11,8,8,7,7,7,7,7,7,8,8,9,9,10,11,7,7,6,6,6,7,8,10,7,6,6,6,6,6,7,8,9,10,5,5,6,6,7,7,8,8,9,10,6,5,4,4,5,5,5,6,6,6,7,7,7,9,9,5,5,4,4,4,5,5,6,6,7,7,8,5,4,4,5,6,6,7,8,8,3,3,3,4,4,4,5,7,8,8,9,2,2,2,3,3,4,4,4,5,5,6,6,7,7,8,9,5,2,2,2,2,3,3,4,4,5,5,6,7,7,8,8,4,3,2,1,1,2,2,3,3,4,5,5,6,7,7,8,8,4,2,1,1,1,1,2,3,4,4,5,6,6,7,7,8,8,3,2,1,1,0,1,1,2,2,5,6,6,7,7,8
289,13,13,13,13,13,13,13,13,15,13,13,13,12,12,12,12,12,12,12,12,12,13,13,12,12,12,12,12,12,12,12,11,11,11,11,11,11,11,11,11,11,11,11,10,10,10,11,11,11,12,10,10,10,10,10,10,10,11,11,11,9,9,9,9,9,10,10,10,10,11,10,9,9,9,9,9,9,9,10,10,10,10,11,11,9,8,8,8,8,9,9,9,9,9,10,10,10,11,9,9,8,8,8,8,8,8,8,9,9,9,9,9,8,8,7,7,7,7,7,7,8,8,8,8,9,10,10,11,8,8,7,7,7,7,7,7,8,8,8,9,10,10,8,7,6,6,6,6,8,10,7,6,6,6,6,6,6,7,8,9,5,5,5,6,7,7,7,8,9,9,6,5,4,4,4,5,5,5,6,6,6,7,7,8,9,5,5,4,4,4,4,5,5,6,6,7,7,5,4,4,5,5,6,6,7,8,3,3,3,3,4,4,5,6,7,8,8,2,2,2,2,3,3,4,4,4,5,5,6,6,7,7,8,5,2,2,2,2,2,3,3,4,4,5,6,6,7,7,8,5,4,2,2,1,1,2,2,3,3,4,5,6,6,7,7,8,5,2,2,1,1,1,1,3,3,4,4,5,6,6,7,7,8,3,3,2,1,1,0,1,1,2,4,5,6,6,7,7
290,13,13,13,13,13,13,13,13,15,13,13,13,13,12,12,12,12,12,12,12,12,12,13,13,12,12,12,12,12,12,12,11,11,11,11,11,11,11,11,11,11,11,11,11,10,10,10,11,11,11,10,10,10,10,10,10,10,10,11,11,9,9,9,9,9,9,10,10,10,10,10,9,9,9,9,9,9,9,9,10,10,10,10,11,10,9,8,8,8,8,9,9,9,9,9,10,10,10,9,9,8,8,8,8,8,8,8,8,9,9,9,9,9,8,7,7,7,7,7,7,7,8,8,8,8,9,10,10,9,8,7,7,7,7,7,7,7,8,8,8,9,10,8,8,6,6,6,6,7,9,7,6,6,6,6,6,6,7,8,9,5,5,5,5,6,7,7,7,8,9,7,6,5,4,4,4,5,5,5,6,6,6,7,8,8,6,5,4,4,4,4,4,5,5,6,6,7,6,3,4,4,5,6,6,7,7,3,3,3,3,3,4,4,6,7,7,8,3,2,2,2,2,3,3,4,4,4,5,5,6,6,7,7,6,3,2,2,2,2,2,3,3,4,4,5,6,6,7,7,5,5,2,2,2,1,2,2,2,3,3,4,5,6,6,7,7,6,3,2,2,1,1,1,2,3,3,4,4,5,6,6,7,7,4,3,2,2,1,1,0,1,1,4,4,5,6,6,7
291,14,13,13,13,13,13,13,13,14,14,13,13,13,13,12,12,12,12,12,12,12,12,12,13,12,12,12,12,12,12,12,12,11,11,11,11,11,11,11,11,11,11,11,11,11,10,10,10,11,11,11,10,10,10,10,10,10,10,11,11,10,9,9,9,9,9,9,10,10,10,11,9,9,9,9,9,9,9,9,9,10,10,10,10,10,9,9,8,8,8,8,9,9,9,9,9,10,10,10,9,9,8,8,8,8,8,8,8,8,9,9,9,9,8,7,7,7,7,7,7,7,7,8,8,8,9,9,10,9,9,7,7,7,7,7,7,7,7,8,8,9,9,9,8,6,6,6,6,7,9,8,6,6,6,6,6,6,7,7,9,5,5,5,5,6,6,7,7,8,8,7,6,5,5,4,4,5,5,5,5,6,6,6,7,8,6,6,4,4,4,4,4,5,5,5,6,6,6,3,3,4,4,5,6,6,7,3,3,3,3,3,3,4,5,6,7,7,3,2,2,2,2,2,3,3,4,4,4,5,5,6,6,7,6,3,3,2,2,2,2,2,3,3,4,5,5,6,6,7,6,5,3,2,2,1,1,2,2,2,3,3,5,5,6,6,7,6,3,3,2,2,1,1,2,2,3,3,4,4,5,6,6,7,4,4,3,2,2,1,1,0,1,3,4,4,5,6,6
292,14,13,13,13,13,13,13,13,14,14,14,13,13,13,13,12,12,12,12,12,12,12,12,13,12,12,12,12,12,12,12,12,12,11,11,11,11,11,11,11,11,11,11,11,11,11,10,10,10,11,11,10,10,10,10,10,10,10,10,11,10,10,9,9,9,9,9,10,10,10,11,9,9,9,9,9,9,9,9,9,9,10,10,10,10,9,9,8,8,8,8,8,9,9,9,9,9,10,10,10,9,8,8,8,8,8,8,8,8,8,9,10,9,9,8,7,7,7,7,7,7,7,7,8,8,9,9,9,9,9,7,7,7,7,7,7,7,7,7,8,9,9,9,9,6,6,6,6,7,9,8,6,6,6,6,6,6,6,7,8,5,5,5,5,6,6,6,7,7,8,7,6,5,5,5,4,4,5,5,5,5,6,6,7,7,7,6,4,4,4,4,4,4,5,5,5,6,6,3,3,4,4,5,5,6,6,3,3,3,3,3,3,4,5,6,6,7,4,3,2,2,2,2,2,3,3,4,4,4,5,5,6,6,7,4,3,3,2,2,2,2,2,3,3,4,5,5,6,6,6,6,3,3,2,2,1,1,2,2,2,3,4,5,5,6,6,7,4,3,3,2,2,1,1,2,2,3,3,4,4,5,6,6,5,4,3,3,2,2,1,1,0,3,3,4,4,5,6
293,15,14,13,13,13,13,13,13,13,15,15,14,14,14,14,13,13,13,12,12,12,12,12,15,14,13,12,12,12,12,12,13,13,13,12,12,11,11,11,11,12,12,12,12,11,11,11,11,11,10,12,11,11,11,11,10,10,10,10,13,11,11,10,10,10,10,9,9,9,9,13,11,10,10,9,9,9,9,9,9,9,9,9,9,12,10,10,9,9,9,8,8,8,8,8,8,8,9,12,12,11,9,8,8,8,8,8,8,8,8,8,12,11,11,9,9,8,8,8,7,7,7,7,7,7,7,8,8,11,11,8,8,8,7,7,7,7,7,7,7,7,7,11,11,7,7,7,6,6,7,10,7,7,6,6,6,6,6,6,6,7,6,5,5,5,5,5,5,6,6,10,8,7,6,6,6,5,5,5,4,4,4,5,5,6,9,9,6,5,5,4,4,4,4,4,4,4,9,4,4,3,3,3,3,4,4,5,5,4,4,4,3,3,3,4,4,4,6,5,4,4,4,3,3,2,2,2,2,2,3,3,4,4,9,6,6,5,4,3,3,2,2,2,2,2,2,3,3,4,9,8,6,6,5,4,3,2,2,2,1,1,2,2,2,3,3,9,7,6,6,5,4,3,2,1,1,1,1,1,2,2,3,3,8,7,6,6,5,4,4,3,3,0,1,1,2,2,3
294,15,15,13,13,13,13,13,13,13,16,15,15,14,14,14,13,13,13,13,12,12,12,12,15,14,14,12,12,12,12,12,13,13,13,13,12,12,11,11,11,13,12,12,12,12,11,11,11,11,10,13,12,11,11,11,11,10,10,10,14,11,11,11,10,10,10,10,9,9,9,13,11,11,10,9,9,9,9,9,9,9,9,9,9,12,11,10,9,9,9,9,8,8,8,8,8,8,8,13,12,11,9,9,8,8,8,8,8,8,8,8,12,12,11,9,9,9,8,8,8,7,7,7,7,7,7,7,8,12,11,9,8,8,8,7,7,7,7,7,7,7,7,12,11,8,7,7,7,6,7,11,7,7,7,6,6,6,6,6,6,7,7,6,5,5,5,5,5,5,6,10,9,7,7,6,6,5,5,5,5,4,4,4,5,5,10,9,6,6,5,5,4,4,4,4,4,4,9,5,4,4,3,3,3,4,4,6,5,5,4,4,4,3,3,3,4,4,6,5,5,4,4,4,3,3,2,2,2,2,2,3,3,4,10,7,6,6,5,4,3,3,2,2,2,2,2,2,3,3,9,9,7,6,6,5,3,3,2,2,2,1,1,2,2,2,3,10,7,7,6,6,5,4,2,2,1,1,1,1,1,2,2,3,8,8,7,6,6,5,4,4,3,1,0,1,1,2,2
295,16,15,14,13,13,13,13,13,13,16,16,15,15,14,14,13,13,13,13,13,12,12,12,15,14,14,12,12,12,12,12,14,13,13,13,12,12,12,11,11,13,13,12,12,12,12,11,11,11,10,13,12,12,11,11,11,11,10,10,14,11,11,11,10,10,10,10,9,9,9,14,11,11,11,10,9,9,9,9,9,9,9,9,9,13,11,11,9,9,9,9,9,8,8,8,8,8,8,13,13,11,9,9,9,8,8,8,8,8,8,8,13,12,11,10,9,9,9,8,8,8,7,7,7,7,7,7,7,12,12,9,9,8,8,8,7,7,7,7,7,7,7,12,12,8,8,7,7,6,6,11,8,7,7,7,6,6,6,6,6,7,7,6,6,5,5,5,5,5,5,11,9,7,7,7,6,6,5,5,5,5,4,4,5,5,10,10,7,6,6,5,5,4,4,4,4,4,10,5,5,4,4,3,3,3,4,6,6,5,5,4,4,3,3,3,3,4,7,6,5,5,4,4,4,3,3,2,2,2,2,2,3,3,11,7,7,6,5,4,4,3,3,2,2,2,2,2,2,3,10,9,7,7,6,5,4,3,3,2,2,2,1,1,2,2,2,10,8,7,7,6,6,4,3,2,2,1,1,1,1,1,2,2,9,8,7,7,6,6,5,4,4,1,1,0,1,1,2
296,16,15,14,14,13,13,13,13,13,16,16,15,15,15,14,14,13,13,13,13,13,12,12,16,15,14,13,12,12,12,12,14,14,13,13,13,12,12,12,11,13,13,13,12,12,12,12,11,11,11,13,12,12,12,11,11,11,10,10,14,12,11,11,11,10,10,10,10,9,9,14,12,11,11,10,10,9,9,9,9,9,9,9,9,13,11,11,10,9,9,9,9,9,8,8,8,8,8,13,13,12,9,9,9,9,8,8,8,8,8,8,13,13,12,10,10,9,9,8,8,8,8,7,7,7,7,7,7,13,12,9,9,9,8,8,7,7,7,7,7,7,7,13,12,9,8,8,7,6,6,12,8,8,7,7,6,6,6,6,6,8,7,6,6,5,5,5,5,5,5,11,10,8,7,7,7,6,6,5,5,5,5,4,5,5,11,10,7,7,6,5,5,4,4,4,4,4,10,6,5,4,4,3,3,3,3,7,6,6,5,5,4,4,3,3,3,3,7,6,6,5,5,4,4,4,3,3,2,2,2,2,2,3,11,8,7,7,6,5,4,4,3,3,2,2,2,2,2,2,11,10,8,7,7,6,5,4,3,3,2,2,1,1,1,2,2,11,8,8,7,7,6,5,3,3,2,2,1,1,1,1,1,2,9,9,8,7,7,6,6,5,4,2,1,1,0,1,1
297,16,15,14,14,13,13,13,13,13,17,16,16,15,15,15,14,14,13,13,13,13,13,12,16,15,15,13,13,12,12,12,14,14,14,13,13,12,12,12,12,14,13,13,13,12,12,12,12,11,11,14,13,12,12,12,11,11,10,10,15,12,12,11,11,11,10,10,10,10,9,15,12,12,11,10,10,10,9,9,9,9,9,9,9,14,12,11,10,10,9,9,9,9,9,8,8,8,8,14,13,12,10,9,9,9,9,8,8,8,8,8,14,13,12,11,10,10,9,9,8,8,8,8,7,7,7,7,7,13,13,10,9,9,9,8,8,7,7,7,7,7,7,13,13,9,9,8,7,6,6,12,9,8,8,7,7,6,6,6,6,8,8,7,6,5,5,5,5,5,5,12,10,8,8,7,7,6,6,6,5,5,5,5,4,5,11,11,8,7,7,6,5,5,4,4,4,4,11,6,6,5,4,4,3,3,3,7,7,6,6,5,5,4,3,3,3,3,8,7,6,6,5,5,4,4,4,3,3,2,2,2,2,2,12,8,8,7,6,5,5,4,4,3,3,2,2,2,2,2,11,11,8,8,7,6,5,5,4,3,3,2,2,1,1,1,2,12,9,8,8,7,7,6,4,3,3,2,2,1,1,1,1,1,10,9,8,8,7,7,6,6,5,2,2,1,1,0,1
298,17,16,14,14,14,13,13,13,13,17,17,16,16,15,15,14,14,14,13,13,13,13,13,16,15,15,13,13,13,12,12,15,14,14,14,13,13,12,12,12,14,14,13,13,13,12,12,12,12,11,14,13,13,12,12,12,11,10,10,15,12,12,12,11,11,11,10,10,10,10,15,12,12,12,10,10,10,10,9,9,9,9,9,9,14,12,12,10,10,10,9,9,9,9,9,8,8,8,14,14,13,10,10,9,9,9,9,8,8,8,8,14,14,13,11,11,10,10,9,9,8,8,8,8,7,7,7,7,14,13,10,10,9,9,9,8,7,7,7,7,7,7,14,13,9,9,9,8,6,6,13,9,9,8,8,7,7,6,6,6,9,8,7,7,6,5,5,5,5,5,12,11,9,8,8,7,7,6,6,6,5,5,5,4,4,12,11,8,8,7,6,6,5,5,4,4,4,11,6,6,5,5,4,4,3,3,8,7,7,6,6,5,4,3,3,3,3,9,7,7,6,6,5,5,4,4,4,3,3,2,2,2,2,12,9,8,8,7,6,5,5,4,4,3,2,2,2,2,2,12,11,9,8,8,7,6,5,5,4,3,3,2,2,1,1,1,12,9,9,8,8,7,6,4,4,3,3,2,2,1,1,1,1,10,10,9,8,8,7,7,6,6,3,2,2,1,1,0
