X,1,2,3,4,5,6,7,8,9,10,11,12,13,14,15,16,17,18,19,20,21,22,23,24,25,26,27,28,29,30,31,32,33,34,35,36,37,38,39,40,41,42,43,44,45,46,47,48,49,50,51,52,53,54,55,56,57,58,59,60,61,62,63,64,65,66,67,68,69,70,71,72,73,74,75,76,77,78,79,80,81,82,83,84,85,86,87,88,89,90,91,92,93,94,95,96,97,98,99,100,101,102,103,104,105,106,107,108,109,110,111,112,113,114,115,116,117,118,119,120,121,122,123,124,125,126,127,128,129,130,131,132,133,134,135,136,137,138,139,140,141,142,143,144,145,146,147,148,149,150,151,152,153,154,155,156,157,158,159,160,161,162,163,164,165,166,167,168,169,170,171,172,173,174,175,176,177,178,179,180,181,182,183,184,185,186,187,188,189,190,191,192,193,194,195,196,197,198,199,200,201,202,203,204,205,206,207,208,209,210,211,212,213,214,215,216,217,218,219,220,221,222,223,224,225,226,227,228,229,230,231,232,233,234,235,236,237,238,239,240,241,242,243,244,245,246,247,248,249,250,251,252,253,254,255,256,257,258,259,260,261,262,263,264,265,266,267,268,269,270,271,272,273,274,275,276,277,278,279,280,281,282,283,284,285,286,287,288,289,290,291,292,293,294,295,296,297,298
1,0,2,4,5,6,7,7,8,12,2,1,1,2,2,3,4,5,6,6,7,7,8,8,2,2,3,6,7,7,8,8,3,3,4,4,6,7,7,8,8,4,4,5,6,6,7,7,8,8,11,4,6,6,7,7,8,8,10,12,4,6,7,7,8,9,9,10,11,12,12,5,6,7,7,9,10,10,11,12,12,13,13,14,14,5,7,7,9,10,10,11,12,12,13,13,14,14,15,6,6,6,9,10,10,11,12,12,13,13,14,14,7,6,6,8,9,9,10,11,12,12,13,13,14,14,16,16,17,7,7,9,10,10,11,12,13,14,14,15,15,17,18,8,7,10,11,12,13,15,18,8,11,12,12,13,14,14,16,17,19,12,12,14,14,16,16,17,18,19,19,9,9,12,12,13,13,14,15,15,16,16,17,18,19,20,9,9,13,13,14,15,15,16,17,18,18,19,9,15,15,16,17,18,19,20,20,14,14,15,15,16,16,18,19,20,21,21,13,14,15,15,16,16,17,18,18,19,19,20,20,21,21,22,12,13,14,14,15,16,17,18,18,19,19,20,21,21,22,23,12,12,14,14,15,16,17,18,18,19,19,20,21,21,22,23,23,13,14,14,15,15,16,17,19,19,20,20,21,21,22,23,23,24,13,14,15,15,16,16,17,18,18,21,21,22,23,23,24
2,2,0,3,3,4,5,6,7,10,3,3,2,1,1,1,3,3,4,4,5,6,6,7,3,2,1,4,5,6,6,7,2,2,2,3,4,5,6,6,7,2,3,3,4,4,5,6,6,7,9,3,4,4,5,6,6,7,9,10,6,4,5,6,7,7,8,8,9,10,10,7,4,5,6,8,8,9,9,10,10,11,12,12,13,7,5,6,8,8,9,9,10,10,11,12,12,13,13,8,7,6,8,8,9,9,10,10,11,12,12,13,8,8,7,7,7,8,8,9,10,10,11,12,12,13,14,15,15,9,8,8,8,9,9,10,11,12,13,13,14,15,16,9,9,9,9,10,11,14,16,9,9,10,10,11,12,13,14,15,17,10,10,12,13,14,15,15,16,17,18,10,9,10,10,11,12,13,13,14,14,15,15,16,18,18,10,10,11,12,12,13,14,15,15,16,16,17,11,13,14,15,15,16,17,18,19,12,13,13,14,14,15,16,18,19,19,20,12,13,13,14,14,15,15,16,16,17,18,18,19,19,20,20,14,12,12,13,14,15,15,16,16,17,18,19,19,20,20,21,14,13,12,13,13,14,15,16,16,17,18,18,19,20,20,21,21,15,12,13,13,14,14,15,17,18,18,19,19,20,20,21,21,22,14,13,13,14,14,15,15,16,16,19,20,20,21,21,22
3,4,3,0,1,2,2,3,4,7,6,5,4,4,3,3,1,1,1,2,2,3,3,4,6,4,4,2,2,3,3,4,5,4,4,3,2,2,3,3,4,5,4,4,3,3,2,3,3,4,7,6,4,4,3,3,3,4,6,7,9,5,4,4,4,4,5,6,7,7,8,9,6,5,5,5,6,6,7,7,8,8,9,9,10,9,7,6,5,6,6,7,7,8,8,9,9,10,10,10,10,8,5,6,6,7,7,8,8,9,9,10,11,10,9,7,7,6,6,7,7,8,8,9,9,10,12,12,13,12,11,7,7,6,7,7,8,9,10,10,11,13,13,12,12,7,7,7,8,11,14,12,8,7,8,8,9,10,12,13,14,8,8,9,10,12,12,13,13,14,15,13,12,9,9,8,9,10,10,11,12,12,13,13,15,15,13,13,9,9,9,10,11,12,13,13,14,14,14,10,11,12,13,14,14,15,16,10,10,10,11,12,12,13,15,16,16,17,12,11,10,11,12,12,13,13,14,14,15,15,16,16,17,18,16,13,13,12,11,12,13,13,14,14,15,16,16,17,18,18,16,16,14,13,13,12,13,13,14,14,15,15,16,17,18,18,19,18,15,14,14,13,13,13,14,15,15,16,16,17,18,18,19,19,16,16,15,14,14,13,13,13,14,16,17,18,18,19,19
4,5,3,1,0,1,2,2,3,7,7,6,5,4,4,3,2,1,1,1,2,2,3,3,7,5,4,1,2,2,3,3,6,5,4,4,3,2,2,3,3,6,5,4,4,3,3,2,3,3,6,7,5,4,4,3,3,3,6,7,9,6,5,4,3,4,4,5,6,7,7,10,7,6,6,4,5,6,6,7,7,8,8,9,9,10,7,7,4,5,6,6,7,7,8,8,9,9,10,11,10,9,6,5,6,6,7,7,8,8,9,9,12,11,10,8,7,7,6,6,7,7,8,8,9,9,11,12,12,12,12,8,7,7,6,7,8,9,9,10,10,12,13,13,12,8,7,7,8,10,13,13,8,8,7,8,9,9,11,12,14,9,8,9,9,11,12,12,13,14,14,14,12,10,9,9,8,9,10,10,11,12,12,13,14,15,14,13,10,9,9,10,10,12,12,13,13,14,14,10,10,12,12,13,14,15,15,11,10,10,10,11,12,13,14,15,16,16,13,12,11,10,11,12,12,13,13,14,14,15,15,16,16,17,17,14,13,13,12,12,12,13,13,14,14,15,16,16,17,18,17,16,14,14,13,12,12,13,13,14,14,15,16,16,17,18,18,18,15,15,14,14,13,12,14,14,15,15,16,16,17,18,18,19,17,16,15,15,14,14,13,13,13,16,16,17,18,18,19
5,6,4,2,1,0,1,1,2,6,8,7,6,5,5,4,3,2,2,1,1,1,2,2,8,6,6,2,2,1,2,2,7,6,6,5,4,3,2,2,2,7,6,5,5,4,4,3,3,2,5,8,6,6,5,4,4,3,4,6,10,7,6,6,4,4,3,4,5,6,6,11,8,7,7,4,4,4,5,6,6,7,7,8,8,11,8,8,6,5,4,5,6,6,7,7,8,8,9,12,12,10,7,6,6,5,6,6,7,7,8,8,13,12,11,9,8,8,7,6,6,6,7,7,8,8,10,10,11,13,13,9,8,8,7,7,7,8,8,9,9,11,12,14,13,9,8,8,7,9,12,14,9,9,8,8,8,8,10,11,13,10,9,8,8,10,10,11,12,13,13,15,13,11,10,10,9,8,9,9,10,10,11,12,13,14,15,14,11,10,10,9,9,10,11,12,12,13,15,10,9,10,11,12,13,14,14,12,12,11,10,10,10,12,13,14,15,15,14,13,12,12,11,10,11,12,12,13,13,14,14,15,15,16,18,15,14,14,13,12,11,12,12,13,13,14,15,15,16,16,18,18,15,15,14,13,12,12,12,13,13,14,15,15,16,16,17,19,16,16,15,15,14,13,13,13,14,14,15,15,16,16,17,18,18,18,16,16,15,15,14,14,13,15,15,16,16,17,18
6,7,5,2,2,1,0,1,2,5,8,8,7,6,6,5,3,3,2,2,1,1,1,2,8,7,6,3,2,2,1,2,7,7,6,6,4,3,3,2,2,7,7,6,6,5,4,4,3,3,4,8,7,6,6,5,4,4,4,5,11,7,7,6,5,4,4,3,4,5,6,12,8,8,7,5,4,4,4,5,6,6,7,7,8,12,9,8,6,6,5,4,5,6,6,7,7,8,8,13,12,10,7,7,6,6,5,5,6,7,7,8,13,13,12,9,9,8,8,7,6,6,6,7,7,8,9,10,10,14,13,9,9,8,8,7,6,7,8,8,9,10,11,14,14,9,9,8,7,9,12,14,10,9,9,8,7,8,9,10,12,10,10,8,8,9,10,10,11,12,13,15,14,12,11,10,10,9,8,9,9,10,10,11,13,13,15,15,12,11,10,9,9,10,10,11,12,12,16,10,10,10,10,12,12,13,14,13,12,12,11,10,10,11,13,14,14,15,14,13,13,12,12,11,10,11,12,12,13,13,14,14,15,15,19,15,15,14,13,12,12,11,12,12,13,14,14,15,15,16,19,18,16,15,15,14,13,12,12,12,13,13,14,15,15,16,16,20,17,16,16,15,15,14,12,13,13,14,14,15,15,16,16,17,19,18,17,16,16,15,15,14,14,14,15,15,16,16,17
7,7,6,3,2,1,1,0,1,4,9,8,7,7,6,5,4,3,3,2,2,1,1,1,9,7,7,3,3,2,2,1,8,7,7,6,5,4,3,3,2,8,7,7,6,5,5,4,4,3,4,9,7,7,6,6,5,4,3,4,12,8,7,7,6,5,4,4,4,4,5,12,9,8,8,5,5,4,4,4,5,6,6,7,7,12,9,9,7,6,6,5,4,5,6,6,7,7,8,13,13,11,8,7,7,6,5,5,6,6,7,7,14,13,12,10,9,9,8,7,7,6,6,6,7,7,9,9,10,14,14,10,9,9,8,8,7,7,7,8,8,10,10,15,14,10,9,9,8,8,11,15,10,10,9,9,8,7,9,10,12,11,10,9,8,9,9,10,10,12,12,16,14,12,12,11,10,9,9,8,9,9,10,10,12,13,16,15,12,12,11,10,9,9,10,10,11,12,16,11,10,9,10,11,12,13,13,13,13,12,12,11,10,10,12,13,14,14,15,14,13,13,12,12,11,10,11,12,12,13,13,14,14,15,19,16,15,15,14,13,12,12,11,12,12,13,14,14,15,15,19,19,16,16,15,14,13,13,12,12,12,13,14,14,15,15,16,20,18,17,16,16,15,14,13,12,13,13,14,14,15,15,16,16,19,19,18,17,16,16,15,15,14,14,14,15,15,16,16
8,8,7,4,3,2,2,1,0,3,10,9,8,8,7,7,5,4,4,3,3,2,2,1,10,8,8,4,4,3,3,2,9,8,8,7,6,5,4,4,3,9,8,8,7,7,6,6,5,4,3,10,8,8,7,7,6,6,3,3,13,9,8,8,7,6,6,5,4,3,4,13,10,9,9,7,6,6,5,4,4,4,5,5,6,13,10,10,8,7,7,6,6,5,4,5,6,6,7,14,14,12,9,8,8,7,7,6,6,5,5,6,15,14,13,11,10,10,9,8,8,7,7,6,6,6,8,8,9,15,15,11,10,10,9,9,8,7,6,7,7,9,9,16,15,11,10,10,9,7,10,16,12,11,10,10,9,8,8,9,10,12,12,10,9,8,8,9,9,10,11,17,15,13,13,12,12,10,10,9,9,8,9,9,11,12,17,16,13,13,12,11,10,9,9,9,10,10,18,12,12,10,10,10,10,12,12,14,14,13,13,12,12,10,11,12,13,13,16,15,14,14,13,13,12,12,11,10,11,12,12,13,13,14,20,17,16,16,15,14,13,13,12,12,11,12,13,13,14,14,20,20,18,17,16,15,14,14,13,13,12,12,13,13,14,14,15,21,19,18,18,17,16,15,14,13,13,12,13,13,14,14,15,15,20,20,19,18,18,17,16,16,15,13,13,14,14,15,15
9,12,10,7,7,6,5,4,3,0,13,13,12,11,10,10,8,8,7,7,6,5,5,4,13,12,11,8,7,7,6,6,12,12,11,10,9,8,8,7,7,12,12,11,10,10,9,9,8,8,5,13,12,11,10,10,9,9,7,6,16,12,12,11,10,9,9,8,7,7,6,16,13,13,12,10,9,9,8,8,7,7,6,6,5,16,14,13,11,10,10,9,9,8,8,7,7,6,6,18,17,15,12,12,11,10,10,9,9,8,8,7,18,18,16,14,14,13,13,12,11,10,10,9,9,8,7,6,6,19,18,14,14,13,13,12,11,10,9,9,8,7,6,19,19,14,14,13,12,9,7,19,15,14,14,13,12,12,10,9,7,15,15,13,13,11,10,10,9,8,8,20,19,16,16,15,15,14,13,13,12,12,11,10,9,8,20,20,16,16,15,14,14,13,12,12,11,10,21,15,15,14,13,12,12,10,10,18,17,16,16,15,15,14,12,11,10,10,19,18,18,17,16,16,15,15,14,14,13,13,12,12,11,10,24,20,20,19,18,17,16,16,15,15,14,13,13,12,12,11,24,23,21,20,20,19,18,17,16,16,15,15,14,13,13,12,12,25,22,21,21,20,20,19,17,16,16,15,15,14,14,13,13,12,24,23,22,21,21,20,20,19,19,16,15,15,14,14,13
10,2,3,6,7,8,8,9,10,13,0,1,2,2,3,3,5,6,6,7,7,8,8,9,1,3,3,7,7,8,8,9,3,4,4,5,6,7,8,8,9,4,5,6,6,7,7,8,8,9,12,4,6,7,7,8,8,9,11,12,3,7,7,8,9,9,10,10,12,12,13,3,7,7,8,10,10,11,12,12,13,13,14,14,15,4,7,8,10,10,11,12,12,13,13,14,14,15,15,4,5,7,10,10,11,12,12,13,13,14,14,15,5,6,7,9,9,10,10,12,12,13,13,14,14,15,16,17,18,6,6,10,10,11,12,12,13,14,15,15,16,18,18,6,7,11,12,12,13,16,19,7,12,12,13,13,14,15,16,18,19,12,13,14,15,17,17,18,18,19,20,8,10,12,13,13,14,15,15,16,16,17,18,18,20,20,9,10,13,14,14,15,16,17,18,18,19,19,10,15,16,17,18,19,19,20,21,14,15,15,16,16,17,18,20,21,21,22,14,15,15,16,17,17,18,18,19,19,20,20,21,21,22,23,10,14,14,15,16,17,18,18,19,19,20,21,21,22,23,23,12,12,14,15,15,16,18,18,19,19,20,20,21,22,23,23,24,12,14,15,15,16,16,18,19,20,20,21,21,22,23,23,24,24,14,14,15,16,16,17,18,18,19,21,22,23,23,24,24
11,1,3,5,6,7,8,8,9,13,1,0,1,2,2,3,4,5,6,6,7,7,8,8,1,2,3,6,7,7,8,8,3,3,4,4,6,7,7,8,8,4,4,5,6,6,7,7,8,8,11,4,6,6,7,7,8,8,10,12,3,6,7,7,8,9,9,10,11,12,12,4,6,7,7,9,10,10,11,12,12,13,13,14,14,4,7,7,9,10,10,11,12,12,13,13,14,14,15,5,4,6,9,10,10,11,12,12,13,13,14,14,6,5,6,8,9,9,10,11,12,12,13,13,14,14,16,16,17,6,6,9,10,10,11,12,13,14,14,15,15,17,18,7,6,10,11,12,13,15,18,7,11,12,12,13,14,14,16,17,19,12,12,14,14,16,16,17,18,19,19,8,9,12,12,13,13,14,15,15,16,16,17,18,19,20,9,9,13,13,14,15,15,16,17,18,18,19,9,15,15,16,17,18,19,20,20,14,14,15,15,16,17,18,19,20,21,21,13,14,15,15,16,17,17,18,18,19,19,20,20,21,21,22,11,13,14,14,15,16,17,18,18,19,19,20,21,21,22,23,11,12,14,14,15,16,17,18,18,19,19,20,21,21,22,23,23,12,14,14,15,15,16,17,19,19,20,20,21,21,22,23,23,24,13,14,15,15,16,16,17,18,18,21,21,22,23,23,24
12,1,2,4,5,6,7,7,8,12,2,1,0,1,1,2,3,4,4,5,6,6,7,7,2,1,2,5,6,6,7,7,2,2,3,3,4,6,6,7,7,3,3,4,4,5,6,6,7,7,10,3,4,5,6,6,7,7,9,10,4,5,6,6,7,8,8,9,10,10,11,5,5,6,6,8,9,9,10,10,11,12,12,13,13,5,6,6,8,9,9,10,10,11,12,12,13,13,14,6,6,5,8,9,9,10,10,11,12,12,13,13,7,6,5,7,8,8,9,10,10,11,12,12,13,13,15,15,16,7,7,8,9,9,10,10,12,13,13,14,14,16,16,8,7,9,10,10,12,14,17,8,10,10,11,12,13,13,15,16,18,10,11,13,13,15,15,16,16,18,18,9,8,10,11,12,12,13,14,14,15,15,16,16,18,19,9,8,12,12,13,14,14,15,16,16,17,18,9,14,14,15,16,17,18,19,19,13,13,14,14,15,15,16,18,19,20,20,12,13,14,14,15,15,16,16,17,18,18,19,19,20,20,21,12,12,13,13,14,15,16,16,17,18,18,19,20,20,21,21,12,12,13,13,14,15,16,16,17,18,18,19,20,20,21,21,22,13,13,13,14,14,15,16,18,18,19,19,20,20,21,21,22,23,12,13,14,14,15,15,16,16,17,20,20,21,21,22,23
13,2,1,4,4,5,6,7,8,11,2,2,1,0,1,1,3,3,4,4,5,6,6,7,2,1,1,4,5,6,6,7,1,2,2,3,4,5,6,6,7,2,3,3,4,4,5,6,6,7,9,2,4,4,5,6,6,7,9,10,5,4,5,6,7,7,8,8,9,10,10,6,4,5,6,8,8,9,9,10,10,11,12,12,13,6,5,6,8,8,9,9,10,10,11,12,12,13,13,7,6,4,8,8,9,9,10,10,11,12,12,13,7,7,6,7,7,8,8,9,10,10,11,12,12,13,14,15,15,8,7,8,8,9,9,10,11,12,13,13,14,15,16,8,8,9,9,10,11,14,16,8,9,10,10,11,12,13,14,15,17,10,10,12,13,14,15,15,16,17,18,9,8,10,10,11,12,13,13,14,14,15,15,16,18,18,9,9,11,12,12,13,14,15,15,16,16,17,10,13,14,15,15,16,17,18,19,12,13,13,14,14,15,16,18,19,19,20,12,13,13,14,14,15,15,16,17,17,18,18,19,19,20,20,13,12,12,13,14,15,15,16,16,17,18,19,19,20,20,21,13,12,12,13,13,14,15,16,17,17,18,18,19,20,20,21,21,14,12,13,13,14,14,15,17,18,18,19,19,20,20,21,21,22,13,12,13,14,14,15,15,16,16,19,20,20,21,21,22
14,2,1,3,4,5,6,6,7,10,3,2,1,1,0,1,2,3,3,4,4,5,6,6,3,1,1,4,4,5,6,6,2,1,2,2,3,4,5,6,6,2,2,3,3,4,4,5,6,6,9,3,3,4,4,5,6,6,8,9,6,4,4,5,6,7,7,8,9,9,10,6,4,4,5,7,8,8,9,9,10,10,11,12,12,6,4,5,7,8,8,9,9,10,10,11,12,12,13,7,7,5,7,8,8,9,9,10,10,11,12,12,8,7,6,6,7,7,8,9,9,10,10,11,12,12,14,14,15,8,8,7,8,8,9,9,10,12,12,13,13,15,15,9,8,8,9,9,10,13,16,9,9,9,10,10,12,12,14,15,16,9,10,12,12,14,14,15,15,17,17,10,8,9,10,10,11,12,13,13,14,14,15,15,17,18,10,9,10,11,12,13,13,14,15,15,16,16,10,13,13,14,15,16,16,18,18,12,12,13,13,14,14,15,17,18,19,19,11,12,13,13,14,14,15,15,16,17,17,18,18,19,19,20,13,11,12,12,13,14,15,15,16,16,17,18,19,19,20,20,13,13,12,12,13,14,15,15,16,16,17,18,19,19,20,20,21,14,12,12,13,13,14,15,16,17,18,18,19,19,20,20,21,21,13,13,13,13,14,14,15,15,16,19,19,20,20,21,21
15,3,1,3,3,4,5,5,7,10,3,3,2,1,1,0,2,2,3,3,4,4,5,6,3,2,1,3,4,4,5,6,2,2,1,2,3,4,4,5,6,2,2,2,3,3,4,4,5,6,8,3,3,3,4,4,5,6,8,9,6,3,4,4,6,6,7,7,8,9,9,7,3,4,4,7,7,8,8,9,9,10,10,11,12,7,4,4,7,7,8,8,9,9,10,10,11,12,12,8,7,6,7,7,8,8,9,9,10,10,11,12,8,8,7,6,6,7,7,8,9,9,10,10,11,12,13,14,14,9,8,7,7,8,8,9,10,11,12,12,13,14,15,9,9,8,8,9,10,13,15,9,8,9,9,10,11,12,13,14,16,9,9,11,12,13,14,14,15,16,16,10,9,9,9,10,10,12,12,13,13,14,14,15,16,17,10,10,10,10,11,12,13,14,14,15,15,16,11,12,13,14,14,15,16,17,18,11,12,12,13,13,14,15,16,18,18,19,10,12,12,13,13,14,14,15,15,16,16,17,18,18,19,19,14,10,11,12,13,14,14,15,15,16,16,18,18,19,19,20,14,13,11,12,12,13,14,15,15,16,16,17,18,19,19,20,20,15,12,12,12,13,13,14,16,16,17,18,18,19,19,20,20,21,14,13,12,13,13,14,14,15,15,18,19,19,20,20,21
16,4,3,1,2,3,3,4,5,8,5,4,3,3,2,2,0,1,1,2,2,3,3,4,5,3,3,2,2,3,3,4,4,3,3,2,1,2,3,3,4,4,3,3,2,2,2,3,3,4,7,5,3,3,2,3,3,4,6,7,8,4,3,3,4,4,5,6,7,7,8,8,5,4,4,5,6,6,7,7,8,8,9,9,10,8,6,5,5,6,6,7,7,8,8,9,9,10,10,9,9,7,5,6,6,7,7,8,8,9,9,10,10,9,8,6,6,5,6,7,7,8,8,9,9,10,12,12,13,10,10,6,6,6,7,7,8,9,10,10,11,13,13,11,10,6,7,7,8,11,14,11,7,7,8,8,9,10,12,13,14,7,8,9,10,12,12,13,13,14,15,12,10,8,8,8,9,10,10,11,12,12,13,13,15,15,12,12,8,9,9,10,11,12,13,13,14,14,13,10,11,12,13,14,14,15,16,9,10,10,11,12,12,13,15,16,17,17,11,10,10,11,12,12,13,13,14,14,15,15,16,17,17,18,15,12,12,11,11,12,13,13,14,14,15,16,16,17,18,18,15,15,13,12,12,12,13,13,14,14,15,15,17,17,18,18,19,16,14,13,13,12,12,13,14,15,15,16,16,17,18,18,19,19,15,15,14,13,13,12,13,13,14,17,17,18,18,19,19
17,5,3,1,1,2,3,3,4,8,6,5,4,3,3,2,1,0,1,1,2,2,3,3,6,4,3,1,2,2,3,3,4,4,3,3,2,2,2,3,3,4,4,3,3,2,2,2,3,3,6,6,4,3,3,2,3,3,6,7,8,4,4,3,3,4,4,5,6,7,7,9,6,5,4,4,5,6,6,7,7,8,8,9,9,9,6,6,4,5,6,6,7,7,8,8,9,9,10,10,9,8,4,5,6,6,7,7,8,8,9,9,10,10,9,7,6,6,5,6,7,7,8,8,9,9,11,12,12,11,10,7,6,6,6,7,8,9,9,10,10,12,13,12,11,7,6,7,8,10,13,12,7,7,7,8,9,9,11,12,14,8,7,9,9,11,12,12,13,14,14,13,11,9,8,8,8,9,10,10,11,12,12,13,14,15,13,12,9,8,9,10,10,12,12,13,13,14,13,10,10,12,12,13,14,15,15,10,9,10,10,11,12,13,14,15,16,16,12,10,10,10,11,12,12,13,13,14,14,15,15,16,17,17,16,13,12,12,10,12,12,13,13,14,14,15,16,16,17,18,16,15,13,13,12,11,12,13,13,14,14,15,16,16,17,18,18,17,14,14,13,13,12,12,14,14,15,15,16,16,17,18,18,19,16,15,14,14,13,13,12,13,13,16,16,17,18,18,19
18,6,4,1,1,2,2,3,4,7,6,6,4,4,3,3,1,1,0,1,1,2,2,3,6,4,4,1,1,2,2,3,5,4,4,3,2,1,2,2,3,5,4,4,3,3,2,2,2,3,6,6,4,4,3,3,2,3,5,6,9,5,4,4,3,3,4,4,6,6,7,9,6,6,5,4,4,5,6,6,7,7,8,8,9,9,7,6,4,4,5,6,6,7,7,8,8,9,9,10,10,8,5,4,5,6,6,7,7,8,8,9,11,10,9,7,7,6,6,6,6,7,7,8,8,9,10,11,12,12,11,7,7,6,6,6,7,8,9,9,10,12,12,12,12,7,7,6,7,10,13,12,8,7,7,7,8,9,10,12,13,8,8,8,9,10,11,12,12,13,14,13,12,9,9,8,8,9,9,10,10,11,12,12,14,14,13,13,9,9,8,9,10,11,12,12,13,13,14,9,10,11,12,13,13,14,15,10,10,9,10,10,11,12,14,15,15,16,12,11,10,10,10,11,12,12,13,13,14,14,15,15,16,16,16,13,13,12,11,11,12,12,13,13,14,15,15,16,16,17,17,16,14,13,13,12,12,12,13,13,14,14,15,16,16,17,18,18,15,14,14,13,13,12,13,14,14,15,15,16,16,17,18,18,16,16,15,14,14,13,13,12,13,15,16,16,17,18,18
19,6,4,2,1,1,2,2,3,7,7,6,5,4,4,3,2,1,1,0,1,1,2,2,7,5,4,1,1,1,2,2,6,5,4,4,3,2,1,2,2,6,5,4,4,3,3,2,2,2,5,7,5,4,4,3,3,2,4,6,9,6,5,4,3,3,3,4,5,6,6,10,7,6,6,3,4,4,5,6,6,7,7,8,8,10,7,7,4,4,4,5,6,6,7,7,8,8,9,11,10,9,6,5,4,5,6,6,7,7,8,8,12,11,10,8,7,7,6,5,6,6,7,7,8,8,10,10,11,12,12,8,7,7,6,6,7,8,8,9,9,11,12,13,12,8,7,7,7,9,12,13,8,8,7,7,8,8,10,11,13,9,8,8,8,10,10,11,12,13,13,14,12,10,9,9,8,8,9,9,10,10,11,12,13,14,14,13,10,9,9,9,9,10,11,12,12,13,14,9,9,10,11,12,13,14,14,11,10,10,9,10,10,12,13,14,15,15,13,12,11,10,10,10,11,12,12,13,13,14,14,15,15,16,17,14,13,13,12,10,11,12,12,13,13,14,15,15,16,16,17,16,14,14,13,12,11,12,12,13,13,14,15,15,16,17,17,18,15,15,14,14,13,12,13,13,14,14,15,15,16,16,17,18,17,16,15,15,14,14,13,13,12,15,15,16,16,17,18
20,7,5,2,2,1,1,2,3,6,7,7,6,5,4,4,2,2,1,1,0,1,1,2,7,6,5,2,1,1,1,2,6,6,5,4,3,2,2,1,2,6,6,5,4,4,3,3,2,2,4,7,6,5,4,4,3,3,4,5,10,6,6,5,4,3,3,3,4,5,6,10,7,7,6,4,3,4,4,5,6,6,7,7,8,10,8,7,5,4,4,4,5,6,6,7,7,8,8,12,11,9,6,6,5,4,5,6,6,7,7,8,12,12,10,8,8,7,7,6,5,6,6,7,7,8,9,10,10,13,12,8,8,7,7,6,6,7,8,8,9,10,11,13,13,8,8,7,6,9,12,13,9,8,8,7,7,8,9,10,12,9,9,7,8,9,10,10,11,12,13,14,13,10,10,9,9,8,8,9,9,10,10,11,13,13,14,14,10,10,9,8,9,10,10,11,12,12,15,9,9,10,10,12,12,13,14,12,11,10,10,9,10,11,13,14,14,15,13,12,12,11,10,10,10,11,12,12,13,13,14,14,15,15,18,14,14,13,12,11,10,11,12,12,13,14,14,15,15,16,18,17,15,14,14,13,12,11,12,12,13,13,14,15,15,16,16,19,16,15,15,14,14,13,12,13,13,14,14,15,15,16,16,17,18,17,16,15,15,14,14,13,13,14,15,15,16,16,17
21,7,6,3,2,1,1,1,2,5,8,7,6,6,5,4,3,2,2,1,1,0,1,1,8,6,6,2,2,1,1,1,7,6,6,5,4,3,2,2,1,7,6,6,5,4,4,3,3,2,4,8,6,6,5,4,4,3,3,4,10,7,6,6,4,4,3,3,4,4,5,11,8,7,7,4,4,3,4,4,5,6,6,7,7,11,8,8,6,5,4,4,4,5,6,6,7,7,8,12,12,10,7,6,6,5,4,5,6,6,7,7,13,12,11,9,8,8,7,6,6,5,6,6,7,7,9,9,10,13,13,9,8,8,7,7,6,7,7,8,8,10,10,14,13,9,8,8,7,8,11,14,9,9,8,8,7,7,9,10,12,10,9,8,7,9,9,10,10,12,12,15,13,11,10,10,9,8,8,8,9,9,10,10,12,13,15,14,11,10,10,9,8,9,10,10,11,12,15,10,9,9,10,11,12,13,13,12,12,11,10,10,9,10,12,13,14,14,14,13,12,12,11,10,10,10,11,12,12,13,13,14,14,15,18,15,14,14,13,12,11,10,11,12,12,13,14,14,15,15,18,18,15,15,14,13,12,12,11,12,12,13,14,14,15,15,16,19,16,16,15,15,14,13,12,12,13,13,14,14,15,15,16,16,18,18,16,16,15,15,14,14,13,14,14,15,15,16,16
22,8,6,3,3,2,1,1,2,5,8,8,7,6,6,5,3,3,2,2,1,1,0,1,8,7,6,3,2,2,1,1,7,7,6,6,4,3,3,2,2,7,7,6,6,5,4,4,3,3,3,8,7,6,6,5,4,4,3,4,11,7,7,6,5,4,4,3,3,4,4,12,8,8,7,5,4,4,3,4,4,5,6,6,7,12,9,8,6,6,5,4,4,4,5,6,6,7,7,13,12,10,7,7,6,6,5,4,5,6,6,7,13,13,12,9,9,8,8,7,6,6,5,6,6,7,8,9,9,14,13,9,9,8,8,7,6,6,7,7,8,9,10,14,14,9,9,8,7,8,10,14,10,9,9,8,7,7,8,9,11,10,10,8,8,8,9,9,10,11,12,15,14,12,11,10,10,9,8,8,8,9,9,10,12,12,15,15,12,11,10,9,9,9,9,10,10,11,16,10,10,9,9,10,11,12,13,13,12,12,11,10,10,10,12,13,13,14,14,13,13,12,12,11,10,10,10,11,12,12,13,13,14,14,19,15,15,14,13,12,12,11,10,11,12,13,13,14,14,15,19,18,16,15,15,14,13,12,12,11,12,12,13,14,14,15,15,20,17,16,16,15,15,14,12,12,12,13,13,14,14,15,15,16,19,18,17,16,16,15,15,14,14,13,14,14,15,15,16
23,8,7,4,3,2,2,1,1,4,9,8,7,7,6,6,4,3,3,2,2,1,1,0,9,7,7,3,3,2,2,1,8,7,7,6,5,4,3,3,2,8,7,7,6,6,5,4,4,3,3,9,7,7,6,6,5,4,2,3,12,8,7,7,6,5,4,4,3,3,4,12,9,8,8,6,5,4,4,3,4,4,5,6,6,12,9,9,7,6,6,5,4,4,4,5,6,6,7,13,13,11,8,7,7,6,6,5,4,5,6,6,14,13,12,10,9,9,8,7,7,6,6,5,6,6,8,8,9,14,14,10,9,9,8,8,7,6,6,7,7,9,9,15,14,10,9,9,8,7,10,15,10,10,9,9,8,7,8,9,10,11,10,9,8,8,8,9,9,10,11,16,14,12,12,11,10,9,9,8,8,8,9,9,11,12,16,15,12,12,11,10,9,8,9,9,10,10,16,11,10,9,9,10,10,12,12,13,13,12,12,11,10,9,11,12,13,13,15,14,13,13,12,12,11,10,10,10,11,12,12,13,13,14,19,16,15,15,14,13,12,12,11,10,11,12,13,13,14,14,19,19,16,16,15,14,13,13,12,12,11,12,13,13,14,14,15,20,18,17,16,16,15,14,13,12,12,12,13,13,14,14,15,15,19,19,18,17,16,16,15,15,14,13,13,14,14,15,15
24,2,3,6,7,8,8,9,10,13,1,1,2,2,3,3,5,6,6,7,7,8,8,9,0,2,2,6,6,7,7,8,2,3,3,4,5,6,7,7,8,3,4,4,5,6,6,7,7,8,10,3,5,6,6,7,7,8,10,11,3,6,6,7,8,8,9,9,10,11,12,3,6,6,7,9,9,10,10,11,12,12,13,13,14,3,6,7,9,9,10,10,11,12,12,13,13,14,14,4,4,6,9,9,10,10,11,12,12,13,13,14,5,4,6,8,8,9,9,10,11,12,12,13,13,14,15,16,16,6,5,9,9,10,10,11,12,13,14,14,15,16,17,6,6,10,10,11,12,15,18,6,10,11,12,12,13,14,15,16,18,11,12,13,14,15,16,16,17,18,19,7,9,11,12,12,13,14,14,15,15,16,16,17,19,19,8,9,12,13,13,14,15,16,16,17,18,18,9,14,15,16,16,18,18,19,20,13,14,14,15,15,16,17,19,20,20,21,13,14,14,15,15,16,17,17,18,18,19,19,20,20,21,21,10,13,13,14,15,16,16,17,18,18,19,20,20,21,21,22,10,11,13,14,14,15,16,17,18,18,19,19,20,21,21,22,23,12,13,14,14,15,15,16,18,19,19,20,20,21,21,22,23,23,13,13,14,15,15,16,16,17,18,20,21,21,22,23,23
25,2,2,4,5,6,7,7,8,12,3,2,1,1,1,2,3,4,4,5,6,6,7,7,2,0,1,4,4,5,6,6,1,1,2,2,3,4,5,6,6,2,2,3,3,4,4,5,6,6,9,2,3,4,4,5,6,6,8,9,4,4,4,5,6,7,7,8,9,9,10,5,4,4,5,7,8,8,9,9,10,10,11,12,12,5,4,5,7,8,8,9,9,10,10,11,12,12,13,6,6,4,7,8,8,9,9,10,10,11,12,12,7,6,5,6,7,7,8,9,9,10,10,11,12,12,14,14,15,7,7,7,8,8,9,9,10,12,12,13,13,15,15,8,7,8,9,9,10,13,16,8,9,9,10,10,12,12,14,15,16,9,10,12,12,14,14,15,15,17,17,9,7,9,10,10,11,12,13,13,14,14,15,15,17,18,9,8,10,11,12,13,13,14,15,15,16,16,9,13,13,14,15,16,16,18,18,12,12,13,13,14,14,15,17,18,19,19,11,12,13,13,14,14,15,15,16,17,17,18,18,19,19,20,12,11,12,12,13,14,15,15,16,16,17,18,19,19,20,20,12,12,12,12,13,14,15,15,16,16,17,18,19,19,20,20,21,13,12,12,13,13,14,15,16,17,18,18,19,19,20,20,21,21,12,12,13,13,14,14,15,15,16,19,19,20,20,21,21
26,3,1,4,4,6,6,7,8,11,3,3,2,1,1,1,3,3,4,4,5,6,6,7,2,1,0,3,4,4,5,6,1,1,1,2,3,4,4,5,6,1,2,2,3,3,4,4,5,6,8,2,3,3,4,4,5,6,8,9,5,3,4,4,6,6,7,7,8,9,9,6,3,4,4,7,7,8,8,9,9,10,10,11,12,6,4,4,7,7,8,8,9,9,10,10,11,12,12,7,6,4,7,7,8,8,9,9,10,10,11,12,7,7,6,6,6,7,7,8,9,9,10,10,11,12,13,14,14,8,7,7,7,8,8,9,10,11,12,12,13,14,15,8,8,8,8,9,10,13,15,8,8,9,9,10,11,12,13,14,16,9,9,11,12,13,14,14,15,16,16,9,8,9,9,10,10,12,12,13,13,14,14,15,16,17,9,9,10,10,11,12,13,14,14,15,15,16,10,12,13,14,14,15,16,17,18,11,12,12,13,13,14,15,16,18,18,19,10,12,12,13,13,14,14,15,15,16,16,17,18,18,19,19,13,10,11,12,13,14,14,15,15,16,16,18,18,19,19,20,13,12,11,12,12,13,14,15,15,16,16,17,18,19,19,20,20,14,11,12,12,13,13,14,16,16,17,18,18,19,19,20,20,21,13,12,12,13,13,14,14,15,15,18,19,19,20,20,21
27,6,4,2,1,2,3,3,4,8,7,6,5,4,4,3,2,1,1,1,2,2,3,3,6,4,3,0,1,1,2,2,4,4,3,3,2,1,1,2,2,4,4,3,3,2,2,1,2,2,5,6,4,3,3,2,2,2,4,6,8,4,4,3,2,3,3,4,5,6,6,9,6,5,4,3,4,4,5,6,6,7,7,8,8,9,6,6,3,4,4,5,6,6,7,7,8,8,9,10,9,8,4,4,4,5,6,6,7,7,8,8,10,10,9,7,6,6,5,5,6,6,7,7,8,8,10,10,11,11,10,7,6,6,5,6,7,8,8,9,9,11,12,12,11,7,6,6,7,9,12,12,7,7,6,7,8,8,10,11,13,8,7,8,8,10,10,11,12,13,13,13,11,9,8,8,7,8,9,9,10,10,11,12,13,14,13,12,9,8,8,9,9,10,11,12,12,13,13,9,9,10,11,12,13,14,14,10,9,9,9,10,10,12,13,14,15,15,12,10,10,9,10,10,11,12,12,13,13,14,14,15,15,16,16,13,12,12,10,10,11,12,12,13,13,14,15,15,16,16,16,15,13,13,12,11,11,12,12,13,13,14,15,15,16,16,17,17,14,14,13,13,12,11,13,13,14,14,15,15,16,16,17,18,16,15,14,14,13,13,12,12,12,15,15,16,16,17,18
28,7,5,2,2,2,2,3,4,7,7,7,6,5,4,4,2,2,1,1,1,2,2,3,6,4,4,1,0,1,1,2,5,4,4,3,2,1,1,1,2,5,4,4,3,3,2,2,1,2,4,6,4,4,3,3,2,2,4,5,9,5,4,4,3,2,3,3,4,5,6,9,6,6,5,3,3,4,4,5,6,6,7,7,8,9,7,6,4,3,4,4,5,6,6,7,7,8,8,10,10,8,5,4,4,4,5,6,6,7,7,8,11,10,9,7,7,6,6,4,5,6,6,7,7,8,9,10,10,12,11,7,7,6,6,5,6,7,8,8,9,10,11,12,12,7,7,6,6,9,12,12,8,7,7,6,7,8,9,10,12,8,8,7,8,9,10,10,11,12,13,13,12,9,9,8,8,8,8,9,9,10,10,11,13,13,13,13,9,9,8,8,9,10,10,11,12,12,14,8,9,10,10,12,12,13,14,10,10,9,9,9,10,11,13,14,14,15,12,11,10,10,9,10,10,11,12,12,13,13,14,14,15,15,16,13,13,12,11,10,10,11,12,12,13,14,14,15,15,16,16,16,14,13,13,12,10,11,12,12,13,13,14,15,15,16,16,18,15,14,14,13,13,12,12,13,13,14,14,15,15,16,16,17,16,16,15,14,14,13,13,12,12,14,15,15,16,16,17
29,7,6,3,2,1,2,2,3,7,8,7,6,6,5,4,3,2,2,1,1,1,2,2,7,5,4,1,1,0,1,1,6,5,4,4,3,2,1,1,1,6,5,4,4,3,3,2,2,1,4,7,5,4,4,3,3,2,3,4,9,6,5,4,3,3,2,3,4,4,5,10,7,6,6,3,3,3,4,4,5,6,6,7,7,10,7,7,4,4,3,4,4,5,6,6,7,7,8,11,10,9,6,5,4,4,4,5,6,6,7,7,12,11,10,8,7,7,6,5,4,5,6,6,7,7,9,9,10,12,12,8,7,7,6,6,6,7,7,8,8,10,10,13,12,8,7,7,6,8,11,13,8,8,7,7,7,7,9,10,12,9,8,7,7,9,9,10,10,12,12,14,12,10,9,9,8,7,8,8,9,9,10,10,12,13,14,13,10,9,9,8,8,9,10,10,11,12,14,9,8,9,10,11,12,13,13,11,10,10,9,9,9,10,12,13,14,14,13,12,11,10,10,9,10,10,11,12,12,13,13,14,14,15,17,14,13,13,12,10,10,10,11,12,12,13,14,14,15,15,17,16,14,14,13,12,11,10,11,12,12,13,14,14,15,15,16,18,15,15,14,14,13,12,12,12,13,13,14,14,15,15,16,16,17,16,15,15,14,14,13,13,12,14,14,15,15,16,16
30,8,6,3,3,2,1,2,3,6,8,8,7,6,6,5,3,3,2,2,1,1,1,2,7,6,5,2,1,1,0,1,6,6,5,4,3,2,2,1,1,6,6,5,4,4,3,3,2,2,3,7,6,5,4,4,3,3,3,4,10,6,6,5,4,3,3,2,3,4,4,10,7,7,6,4,3,3,3,4,4,5,6,6,7,10,8,7,5,4,4,3,4,4,5,6,6,7,7,12,11,9,6,6,5,4,4,4,5,6,6,7,12,12,10,8,8,7,7,6,5,4,5,6,6,7,8,9,9,13,12,8,8,7,7,6,5,6,7,7,8,9,10,13,13,8,8,7,6,8,10,13,9,8,8,7,6,7,8,9,11,9,9,7,7,8,9,9,10,11,12,14,13,10,10,9,9,8,7,8,8,9,9,10,12,12,14,14,10,10,9,8,8,9,9,10,10,11,15,9,9,9,9,10,11,12,13,12,11,10,10,9,9,10,12,13,13,14,13,12,12,11,10,10,9,10,10,11,12,12,13,13,14,14,18,14,14,13,12,11,10,10,10,11,12,13,13,14,14,15,18,17,15,14,14,13,12,11,10,11,12,12,13,14,14,15,15,19,16,15,15,14,14,13,11,12,12,13,13,14,14,15,15,16,18,17,16,15,15,14,14,13,13,13,14,14,15,15,16
31,8,7,4,3,2,2,1,2,6,9,8,7,7,6,6,4,3,3,2,2,1,1,1,8,6,6,2,2,1,1,0,7,6,6,5,4,3,2,2,1,7,6,5,5,4,4,3,3,2,3,8,6,6,5,4,4,3,2,3,10,7,6,6,4,4,3,3,3,3,4,11,8,7,7,4,4,3,3,3,4,4,5,6,6,11,8,8,6,5,4,4,3,4,4,5,6,6,7,12,12,10,7,6,6,5,4,4,4,5,6,6,13,12,11,9,8,8,7,6,6,5,4,5,6,6,8,8,9,13,13,9,8,8,7,7,5,6,6,7,7,9,9,14,13,9,8,8,7,7,10,14,9,9,8,8,7,6,8,9,10,10,9,8,7,8,8,9,9,10,11,15,13,11,10,10,9,8,8,7,8,8,9,9,11,12,15,14,11,10,10,9,8,8,9,9,10,10,15,10,9,8,9,10,10,12,12,12,12,11,10,10,9,9,11,12,13,13,14,13,12,12,11,10,10,9,10,10,11,12,12,13,13,14,18,15,14,14,13,12,11,10,10,10,11,12,13,13,14,14,18,18,15,15,14,13,12,12,11,10,11,12,13,13,14,14,15,19,16,16,15,15,14,13,12,11,12,12,13,13,14,14,15,15,18,18,16,16,15,15,14,14,13,13,13,14,14,15,15
32,3,2,5,6,7,7,8,9,12,3,3,2,1,2,2,4,4,5,6,6,7,7,8,2,1,1,4,5,6,6,7,0,1,1,2,3,4,4,5,6,1,2,2,3,3,4,4,5,5,8,1,3,3,4,4,5,6,8,9,4,3,4,4,6,6,7,7,8,9,9,4,3,4,4,7,7,8,8,9,9,10,10,11,12,4,4,4,7,7,8,8,9,9,10,10,11,12,12,6,5,3,7,7,8,8,9,9,10,10,11,12,6,6,4,6,6,7,7,8,9,9,10,10,11,12,13,14,14,7,6,7,7,8,8,9,10,11,12,12,13,14,15,7,7,8,8,9,10,13,15,7,8,9,9,10,11,12,13,14,16,9,9,11,12,13,14,14,15,16,16,8,7,9,9,10,10,12,12,13,13,14,14,15,16,17,8,8,10,10,11,12,13,14,14,15,15,16,9,12,13,14,14,15,16,17,18,11,12,12,13,13,14,15,16,18,18,19,10,12,12,13,13,14,14,15,15,16,16,17,18,18,19,19,12,10,11,12,13,14,14,15,15,16,16,18,18,19,19,20,12,11,11,12,12,13,14,15,15,16,16,17,18,19,19,20,20,13,11,12,12,13,13,14,16,16,17,18,18,19,19,20,20,21,12,11,12,13,13,14,14,15,15,18,19,19,20,20,21
33,3,2,4,5,6,7,7,8,12,4,3,2,2,1,2,3,4,4,5,6,6,7,7,3,1,1,4,4,5,6,6,1,0,1,1,2,3,4,4,5,1,1,2,2,3,3,4,4,5,8,2,2,3,3,4,4,5,7,8,4,3,3,4,5,6,6,7,8,8,9,5,3,3,4,6,7,7,8,8,9,9,10,10,11,5,3,4,6,7,7,8,8,9,9,10,10,11,12,6,6,4,6,7,7,8,8,9,9,10,10,11,7,6,5,5,6,6,7,8,8,9,9,10,10,11,13,13,14,7,7,6,7,7,8,8,9,10,11,12,12,14,14,8,7,7,8,8,9,12,15,8,8,8,9,9,10,11,13,14,15,8,9,10,11,13,13,14,14,15,16,9,7,8,9,9,10,11,12,12,13,13,14,14,16,16,9,8,9,10,10,12,12,13,14,14,15,15,9,12,12,13,14,15,15,16,17,10,11,12,12,13,13,14,16,17,18,18,10,11,12,12,13,13,14,14,15,15,16,16,17,18,18,19,12,10,10,11,12,13,14,14,15,15,16,17,18,18,19,19,12,12,10,11,12,13,14,14,15,15,16,16,18,18,19,19,20,13,10,11,12,12,13,14,15,16,16,17,18,18,19,19,20,20,12,12,12,12,13,13,14,14,15,18,18,19,19,20,20
34,4,2,4,4,6,6,7,8,11,4,4,3,2,2,1,3,3,4,4,5,6,6,7,3,2,1,3,4,4,5,6,1,1,0,1,2,3,3,4,4,1,1,1,2,2,3,3,4,4,7,2,2,2,3,3,4,4,7,8,5,2,3,3,4,5,6,6,7,8,8,6,2,3,3,6,6,7,7,8,8,9,9,10,10,6,3,3,6,6,7,7,8,8,9,9,10,10,11,7,6,4,6,6,7,7,8,8,9,9,10,10,7,7,6,4,5,6,6,7,8,8,9,9,10,10,12,13,13,8,7,6,6,7,7,8,9,10,10,11,12,13,14,8,8,7,7,8,9,12,14,8,7,8,8,9,10,10,12,13,15,8,8,10,10,12,13,13,14,15,15,9,8,8,8,9,9,10,11,12,12,13,13,14,15,16,9,9,9,9,10,11,12,13,13,14,14,15,10,11,12,13,13,14,15,16,16,10,10,11,12,12,13,14,15,16,17,18,9,10,11,12,12,13,13,14,14,15,15,16,16,17,18,18,13,9,10,10,12,13,13,14,14,15,15,16,17,18,18,19,13,12,10,10,11,12,13,14,14,15,15,16,17,18,18,19,19,14,11,10,11,12,12,13,15,15,16,16,17,18,18,19,19,20,13,12,11,12,12,13,13,14,14,17,18,18,19,19,20
35,4,3,3,4,5,6,6,7,10,5,4,3,3,2,2,2,3,3,4,4,5,6,6,4,2,2,3,3,4,4,5,2,1,1,0,1,2,3,3,4,2,1,1,1,2,2,3,3,4,7,3,1,2,2,3,3,4,6,7,6,2,2,3,4,4,5,6,7,7,8,6,3,2,3,5,5,6,7,7,8,8,9,9,10,6,3,3,5,6,6,7,7,8,8,9,9,10,10,7,7,5,5,6,6,7,7,8,8,9,9,10,8,7,6,4,4,5,5,7,7,8,8,9,9,10,12,12,13,8,8,5,5,6,7,7,8,9,10,10,11,13,13,9,8,6,7,7,8,11,14,9,7,7,8,8,9,10,12,13,14,7,8,9,10,12,12,13,13,14,15,10,8,7,8,8,9,10,10,11,12,12,13,13,15,15,10,9,8,9,9,10,11,12,13,13,14,14,10,10,11,12,13,14,14,15,16,9,10,10,11,12,12,13,15,16,16,17,9,10,10,11,12,12,13,13,14,14,15,15,16,16,17,18,13,10,9,10,11,12,13,13,14,14,15,16,16,17,18,18,13,13,10,10,10,12,13,13,14,14,15,15,16,17,18,18,19,14,12,11,10,11,12,13,14,15,15,16,16,17,18,18,19,19,13,13,12,11,12,12,13,13,14,16,17,18,18,19,19
36,6,4,2,3,4,4,5,6,9,6,6,4,4,3,3,1,2,2,3,3,4,4,5,5,3,3,2,2,3,3,4,3,2,2,1,0,1,2,2,3,3,2,2,1,1,1,2,2,3,5,4,2,2,1,2,2,3,5,6,7,3,2,2,3,3,4,4,6,6,7,7,4,3,3,4,4,5,5,6,7,7,8,8,9,7,4,4,4,4,5,6,6,7,7,8,8,9,9,8,8,6,4,4,5,6,6,7,7,8,8,9,9,8,7,5,4,4,4,6,6,7,7,8,8,9,10,11,12,9,9,5,4,5,6,6,7,8,9,9,10,12,12,10,9,5,6,6,7,10,13,10,6,6,7,7,8,9,10,12,13,6,7,8,9,10,11,12,12,13,14,11,9,7,7,7,8,9,9,10,10,11,12,12,14,14,11,10,7,8,8,9,10,11,12,12,13,13,12,9,10,11,12,13,13,14,15,8,9,9,10,10,11,12,14,15,15,16,10,9,9,10,10,11,12,12,13,13,14,14,15,15,16,16,14,11,10,10,10,11,12,12,13,13,14,15,15,16,16,17,14,14,12,11,10,10,12,12,13,13,14,14,15,16,16,17,18,15,13,12,12,11,10,12,13,14,14,15,15,16,16,17,18,18,14,14,13,12,12,11,12,12,13,15,16,16,17,18,18
37,7,5,2,2,3,3,4,5,8,7,7,6,5,4,4,2,2,1,2,2,3,3,4,6,4,4,1,1,2,2,3,4,3,3,2,1,0,1,1,2,4,3,3,2,2,1,1,1,2,4,5,3,3,2,2,1,2,4,5,8,4,3,3,2,2,3,3,4,5,6,8,5,4,4,3,3,4,4,5,6,6,7,7,8,8,6,5,3,3,4,4,5,6,6,7,7,8,8,9,9,7,4,3,4,4,5,5,6,7,7,8,10,9,8,6,6,5,4,4,5,6,6,7,7,8,9,10,10,10,10,6,6,5,4,5,6,7,8,8,9,10,11,11,10,6,6,5,6,9,12,11,7,6,6,6,7,8,9,10,12,7,7,7,8,9,10,10,11,12,13,12,10,8,8,7,7,8,8,9,9,10,10,11,13,13,12,12,8,8,7,8,9,10,10,11,12,12,13,8,9,10,10,12,12,13,14,9,9,8,9,9,10,11,13,14,14,15,11,10,9,9,9,10,10,11,12,12,13,13,14,14,15,15,15,12,12,11,10,10,10,11,12,12,13,14,14,15,15,16,15,15,13,12,12,10,10,11,12,12,13,13,14,15,15,16,16,16,14,13,13,12,12,10,12,13,13,14,14,15,15,16,16,17,15,15,14,13,13,12,12,11,12,14,15,15,16,16,17
38,7,6,3,2,2,3,3,4,8,8,7,6,6,5,4,3,2,2,1,2,2,3,3,7,5,4,1,1,1,2,2,4,4,3,3,2,1,0,1,1,4,4,3,3,2,2,1,1,1,4,6,4,3,3,2,2,1,3,4,8,4,4,3,2,2,2,3,4,4,5,9,6,5,4,2,3,3,4,4,5,5,6,7,7,9,6,6,3,3,3,4,4,5,6,6,7,7,8,10,9,8,4,4,3,4,4,5,6,6,7,7,10,10,9,7,6,6,5,4,4,5,5,6,7,7,9,9,10,11,10,7,6,6,5,4,6,7,7,8,8,10,10,12,11,7,6,6,6,8,11,12,7,7,6,6,7,7,9,10,12,8,7,7,7,9,9,10,10,12,12,13,11,9,8,8,7,7,8,8,9,9,10,10,12,13,13,12,9,8,8,8,8,9,10,10,11,12,13,8,8,9,10,11,12,13,13,10,9,9,8,9,9,10,12,13,14,14,12,10,10,9,9,9,10,10,11,12,12,13,13,14,14,15,16,13,12,12,10,9,10,10,11,12,12,13,14,14,15,15,16,15,13,13,12,11,10,10,11,12,12,13,14,14,15,15,16,17,14,14,13,13,12,11,12,12,13,13,14,14,15,15,16,16,16,15,14,14,13,13,12,12,11,14,14,15,15,16,16
39,8,6,3,3,2,2,3,4,7,8,8,7,6,6,5,3,3,2,2,1,2,2,3,7,6,5,2,1,1,1,2,5,4,4,3,2,1,1,0,1,5,4,4,3,3,2,2,1,1,3,6,4,4,3,3,2,2,3,4,9,5,4,4,3,2,2,2,3,4,4,9,6,5,5,3,2,3,3,4,4,5,6,6,7,9,7,6,4,3,3,3,4,4,5,6,6,7,7,10,10,8,5,4,4,3,4,4,5,6,6,7,11,10,9,7,7,6,6,4,4,4,5,6,6,7,8,9,9,12,11,7,7,6,5,5,5,6,7,7,8,9,10,12,12,7,7,6,5,8,10,12,8,7,7,6,6,7,8,9,11,8,8,6,7,8,9,9,10,11,12,13,12,9,9,8,8,7,7,8,8,9,9,10,12,12,13,13,9,9,8,7,8,9,9,10,10,11,14,8,8,9,9,10,11,12,13,10,10,9,9,8,9,10,12,13,13,14,12,11,10,10,9,9,9,10,10,11,12,12,13,13,14,14,16,13,13,12,11,10,9,10,10,11,12,13,13,14,14,15,16,16,14,13,13,12,10,10,10,11,12,12,13,14,14,15,15,18,15,14,14,13,13,12,11,12,12,13,13,14,14,15,15,16,16,16,15,14,14,13,13,12,12,13,14,14,15,15,16
40,8,7,4,3,2,2,2,3,7,9,8,7,7,6,6,4,3,3,2,2,1,2,2,8,6,6,2,2,1,1,1,6,5,4,4,3,2,1,1,0,6,5,4,4,3,3,2,2,1,3,7,5,4,4,3,3,2,2,3,9,6,5,4,3,3,2,2,3,3,4,10,7,6,6,3,3,2,3,3,4,4,5,5,6,10,7,7,4,4,3,3,3,4,4,5,6,6,7,11,10,9,6,5,4,4,3,4,4,5,5,6,12,11,10,8,7,7,6,5,4,4,4,5,6,6,8,8,9,12,12,8,7,7,6,6,4,5,6,7,7,9,9,13,12,8,7,7,6,7,10,13,8,8,7,7,6,6,8,9,10,9,8,7,6,8,8,9,9,10,11,14,12,10,9,9,8,7,7,7,8,8,9,9,11,12,14,13,10,9,9,8,7,8,9,9,10,10,14,9,8,8,9,10,10,12,12,11,10,10,9,9,8,9,11,12,13,13,13,12,11,10,10,9,9,9,10,10,11,12,12,13,13,14,17,14,13,13,12,10,10,9,10,10,11,12,13,13,14,14,17,16,14,14,13,12,11,10,10,10,11,12,13,13,14,14,15,18,15,15,14,14,13,12,10,11,12,12,13,13,14,14,15,15,17,16,15,15,14,14,13,13,12,13,13,14,14,15,15
41,4,2,5,6,7,7,8,9,12,4,4,3,2,2,2,4,4,5,6,6,7,7,8,3,2,1,4,5,6,6,7,1,1,1,2,3,4,4,5,6,0,1,1,2,2,3,3,4,4,7,1,2,2,3,3,4,4,7,8,4,2,3,3,4,5,6,6,7,8,8,4,2,3,3,6,6,7,7,8,8,9,9,10,10,4,3,3,6,6,7,7,8,8,9,9,10,10,11,6,5,3,6,6,7,7,8,8,9,9,10,10,6,6,4,4,5,6,6,7,8,8,9,9,10,10,12,13,13,7,6,6,6,7,7,8,9,10,10,11,12,13,14,7,7,7,7,8,9,12,14,7,7,8,8,9,10,10,12,13,15,8,8,10,10,12,13,13,14,15,15,8,7,8,8,9,9,10,11,12,12,13,13,14,15,16,8,8,9,9,10,11,12,13,13,14,14,15,9,11,12,13,13,14,15,16,16,10,10,11,12,12,13,14,15,16,17,18,9,10,11,12,12,13,13,14,14,15,15,16,16,17,18,18,12,9,10,10,12,13,13,14,14,15,15,16,17,18,18,19,12,11,10,10,11,12,13,14,14,15,15,16,17,18,18,19,19,13,10,10,11,12,12,13,15,15,16,16,17,18,18,19,19,20,12,11,11,12,12,13,13,14,14,17,18,18,19,19,20
42,4,3,4,5,6,7,7,8,12,5,4,3,3,2,2,3,4,4,5,6,6,7,7,4,2,2,4,4,5,6,6,2,1,1,1,2,3,4,4,5,1,0,1,1,2,2,3,3,4,7,2,1,2,2,3,3,4,6,7,4,2,2,3,4,4,5,6,7,7,8,5,2,2,3,5,6,6,7,7,8,8,9,9,10,5,2,3,5,6,6,7,7,8,8,9,9,10,10,6,6,4,5,6,6,7,7,8,8,9,9,10,7,6,5,4,4,5,6,7,7,8,8,9,9,10,12,12,13,7,7,5,6,6,7,7,8,9,10,10,11,13,13,8,7,6,7,7,8,11,14,8,7,7,8,8,9,10,12,13,14,7,8,9,10,12,12,13,13,14,15,9,7,7,8,8,9,10,10,11,12,12,13,13,15,15,9,8,8,9,9,10,11,12,13,13,14,14,9,10,11,12,13,14,14,15,16,9,10,10,11,12,12,13,15,16,16,17,9,10,10,11,12,12,13,13,14,14,15,15,16,16,17,18,12,9,9,10,11,12,13,13,14,14,15,16,16,17,18,18,12,12,9,10,10,12,13,13,14,14,15,15,16,17,18,18,19,13,10,10,10,11,12,13,14,15,15,16,16,17,18,18,19,19,12,12,10,11,12,12,13,13,14,16,17,18,18,19,19
43,5,3,4,4,5,6,7,8,11,6,5,4,3,3,2,3,3,4,4,5,6,6,7,4,3,2,3,4,4,5,5,2,2,1,1,2,3,3,4,4,1,1,0,1,1,2,2,3,3,6,2,1,1,2,2,3,3,6,7,5,1,2,2,3,4,4,5,6,7,7,6,2,2,2,4,5,6,6,7,7,8,8,9,9,6,3,2,4,5,6,6,7,7,8,8,9,9,10,7,6,4,4,5,6,6,7,7,8,8,9,9,7,7,6,3,4,4,5,6,7,7,8,8,9,9,11,12,12,8,7,4,5,6,6,7,8,9,9,10,10,12,13,8,8,6,6,7,8,10,13,8,6,7,7,8,9,9,11,12,14,7,7,9,9,11,12,12,13,14,14,9,8,7,7,8,8,9,10,10,11,12,12,13,14,15,9,9,8,8,9,10,10,12,12,13,13,14,10,10,10,12,12,13,14,15,15,9,9,10,10,11,12,13,14,15,16,16,8,9,10,10,11,12,12,13,13,14,14,15,15,16,16,17,13,9,9,9,10,12,12,13,13,14,14,15,16,16,17,18,13,12,10,9,10,11,12,13,13,14,14,15,16,16,17,18,18,14,11,10,10,10,11,12,14,14,15,15,16,16,17,18,18,19,13,12,11,10,11,12,12,13,13,16,16,17,18,18,19
44,6,4,3,4,5,6,6,7,10,6,6,4,4,3,3,2,3,3,4,4,5,6,6,5,3,3,3,3,4,4,5,3,2,2,1,1,2,3,3,4,2,1,1,0,1,1,2,2,3,6,3,1,1,1,2,2,3,5,6,6,2,1,2,3,3,4,4,6,6,7,6,3,2,2,4,4,5,6,6,7,7,8,8,9,6,3,3,4,4,5,6,6,7,7,8,8,9,9,7,7,5,4,4,5,6,6,7,7,8,8,9,8,7,6,4,3,4,4,6,6,7,7,8,8,9,10,11,12,8,8,4,4,5,6,6,7,8,9,9,10,12,12,9,8,5,6,6,7,10,13,9,6,6,7,7,8,9,10,12,13,6,7,8,9,10,11,12,12,13,14,10,8,6,7,7,8,9,9,10,10,11,12,12,14,14,10,9,7,8,8,9,10,11,12,12,13,13,10,9,10,11,12,13,13,14,15,8,9,9,10,10,11,12,14,15,15,16,9,9,9,10,10,11,12,12,13,13,14,14,15,15,16,16,13,10,9,9,10,11,12,12,13,13,14,15,15,16,16,17,13,13,10,10,9,10,12,12,13,13,14,14,15,16,16,17,18,14,12,11,10,10,10,12,13,14,14,15,15,16,16,17,18,18,13,13,12,11,10,11,12,12,13,15,16,16,17,18,18
45,6,4,3,3,4,5,5,7,10,7,6,5,4,4,3,2,2,3,3,4,4,5,6,6,4,3,2,3,3,4,4,3,3,2,2,1,2,2,3,3,2,2,1,1,0,1,1,2,2,5,3,2,1,1,1,2,2,4,6,6,2,2,1,2,3,3,4,5,6,6,7,3,3,2,3,4,4,5,6,6,7,7,8,8,7,4,3,3,4,4,5,6,6,7,7,8,8,9,8,7,6,3,4,4,5,6,6,7,7,8,8,8,8,7,4,4,3,4,5,6,6,7,7,8,8,10,10,11,9,8,4,4,4,5,6,7,8,8,9,9,11,12,9,9,4,5,6,7,9,12,9,5,6,6,7,8,8,10,11,13,6,6,8,8,10,10,11,12,13,13,10,9,7,6,7,7,8,9,9,10,10,11,12,13,14,10,10,7,7,8,9,9,10,11,12,12,13,11,9,9,10,11,12,13,14,14,8,8,9,9,10,10,12,13,14,15,15,9,8,9,9,10,10,11,12,12,13,13,14,14,15,15,16,14,10,10,9,9,10,11,12,12,13,13,14,15,15,16,16,14,13,11,10,10,10,11,12,12,13,13,14,15,15,16,17,17,15,12,12,11,10,10,11,13,13,14,14,15,15,16,16,17,18,14,13,12,12,11,10,11,12,12,15,15,16,16,17,18
46,7,5,2,3,4,4,5,6,9,7,7,6,5,4,4,2,2,2,3,3,4,4,5,6,4,4,2,2,3,3,4,4,3,3,2,1,1,2,2,3,3,2,2,1,1,0,1,1,2,4,4,2,2,1,1,1,2,4,5,7,3,2,2,2,2,3,3,4,5,6,7,4,3,3,3,3,4,4,5,6,6,7,7,8,7,4,4,3,3,4,4,5,6,6,7,7,8,8,8,8,6,3,3,4,4,5,6,6,7,7,8,9,8,7,5,4,4,3,4,5,6,6,7,7,8,9,10,10,9,9,5,4,4,4,5,6,7,8,8,9,10,11,10,9,5,4,5,6,9,12,10,6,5,6,6,7,8,9,10,12,6,6,7,8,9,10,10,11,12,13,11,9,7,7,6,7,8,8,9,9,10,10,11,13,13,11,10,7,7,7,8,9,10,10,11,12,12,12,8,9,10,10,12,12,13,14,8,8,8,9,9,10,11,13,14,14,15,10,9,8,9,9,10,10,11,12,12,13,13,14,14,15,15,14,11,10,10,9,10,10,11,12,12,13,14,14,15,15,16,14,14,12,11,10,9,10,11,12,12,13,13,14,15,15,16,16,15,13,12,12,11,10,10,12,13,13,14,14,15,15,16,16,17,14,14,13,12,12,11,10,11,12,14,15,15,16,16,17
47,7,6,3,2,3,4,4,6,9,8,7,6,6,5,4,3,2,2,2,3,3,4,4,7,5,4,1,2,2,3,3,4,4,3,3,2,1,1,2,2,3,3,2,2,1,1,0,1,1,4,4,3,2,2,1,1,1,3,4,7,3,3,2,1,2,2,3,4,4,5,8,4,4,3,2,3,3,4,4,5,6,6,7,7,8,5,4,2,3,3,4,4,5,6,6,7,7,8,9,8,7,3,3,3,4,4,5,6,6,7,7,9,9,8,6,5,4,4,4,4,5,6,6,7,7,9,9,10,10,9,6,5,4,4,4,6,7,7,8,8,10,10,10,10,6,5,4,6,8,11,10,6,6,5,6,7,7,9,10,12,7,6,7,7,9,9,10,10,12,12,12,10,8,7,7,6,7,8,8,9,9,10,10,12,13,12,11,8,7,7,8,8,9,10,10,11,12,12,8,8,9,10,11,12,13,13,9,8,8,8,9,9,10,12,13,14,14,10,9,9,8,9,9,10,10,11,12,12,13,13,14,14,15,15,12,11,10,9,9,10,10,11,12,12,13,14,14,15,15,15,14,12,12,11,10,10,10,11,12,12,13,14,14,15,15,16,16,13,13,12,12,11,10,12,12,13,13,14,14,15,15,16,16,15,14,13,13,12,12,11,10,11,14,14,15,15,16,16
48,8,6,3,3,3,3,4,5,8,8,8,7,6,6,5,3,3,2,2,2,3,3,4,7,6,5,2,1,2,2,3,5,4,4,3,2,1,1,1,2,4,3,3,2,2,1,1,0,1,3,5,3,3,2,2,1,1,3,4,8,4,3,3,2,1,2,2,3,4,4,8,5,4,4,2,2,3,3,4,4,5,6,6,7,8,6,5,3,2,3,3,4,4,5,6,6,7,7,9,9,7,4,3,3,3,4,4,5,6,6,7,10,9,8,6,6,5,4,3,4,4,5,6,6,7,8,9,9,10,10,6,6,5,4,4,5,6,7,7,8,9,10,11,10,6,6,5,5,8,10,11,7,6,6,5,6,7,8,9,11,7,7,6,7,8,9,9,10,11,12,12,10,8,8,7,7,7,7,8,8,9,9,10,12,12,12,12,8,8,7,7,8,9,9,10,10,11,13,7,8,9,9,10,11,12,13,9,9,8,8,8,9,10,12,13,13,14,11,10,9,9,8,9,9,10,10,11,12,12,13,13,14,14,15,12,12,11,10,9,9,10,10,11,12,13,13,14,14,15,15,15,13,12,12,10,9,10,10,11,12,12,13,14,14,15,15,16,14,13,13,12,12,10,11,12,12,13,13,14,14,15,15,16,15,15,14,13,13,12,12,11,10,13,14,14,15,15,16
49,8,7,4,3,2,3,3,4,8,9,8,7,7,6,6,4,3,3,2,2,2,3,3,8,6,6,2,2,1,2,2,5,5,4,4,3,2,1,1,1,4,4,3,3,2,2,1,1,0,3,6,4,3,3,2,2,1,2,3,8,4,4,3,2,2,1,2,3,3,4,9,6,5,4,2,2,2,3,3,4,4,5,6,6,9,6,6,3,3,2,3,3,4,4,5,6,6,7,10,9,8,4,4,3,3,3,4,4,5,6,6,10,10,9,7,6,6,5,4,3,4,4,5,6,6,8,8,9,11,10,7,6,6,5,4,4,6,6,7,7,9,9,12,11,7,6,6,4,7,10,12,7,7,6,6,6,6,8,9,10,8,7,6,6,8,8,9,9,10,11,13,11,9,8,8,7,6,7,7,8,8,9,9,11,12,13,12,9,8,8,7,7,8,9,9,10,10,13,8,7,8,9,10,10,12,12,10,9,9,8,8,8,9,11,12,13,13,12,10,10,9,9,8,9,9,10,10,11,12,12,13,13,14,16,13,12,12,10,9,9,9,10,10,11,12,13,13,14,14,16,15,13,13,12,11,10,9,10,10,11,12,13,13,14,14,15,17,14,14,13,13,12,11,10,11,12,12,13,13,14,14,15,15,16,15,14,14,13,13,12,12,11,13,13,14,14,15,15
50,11,9,7,6,5,4,4,3,5,12,11,10,9,9,8,7,6,6,5,4,4,3,3,10,9,8,5,4,4,3,3,8,8,7,7,5,4,4,3,3,7,7,6,6,5,4,4,3,3,0,8,7,6,6,5,4,4,2,1,11,7,7,6,5,4,4,3,2,2,1,12,8,8,7,5,4,4,3,3,2,2,2,3,3,12,9,8,6,6,5,4,4,3,3,2,3,3,4,13,12,10,7,7,6,6,5,4,4,3,3,3,13,13,12,9,9,8,8,7,6,6,5,4,4,3,5,6,6,14,13,9,9,8,8,7,6,5,4,4,4,6,7,14,14,9,9,8,7,4,7,14,10,9,9,8,7,7,5,6,8,10,10,8,8,6,6,6,7,8,8,15,14,12,11,10,10,9,8,8,7,7,6,7,8,9,15,15,12,11,10,9,9,8,7,7,7,8,16,10,10,9,8,7,8,9,9,13,12,12,11,10,10,9,8,9,10,10,14,13,13,12,12,11,10,10,9,9,8,9,9,10,10,11,19,15,15,14,13,12,12,11,10,10,9,9,10,10,11,12,19,18,16,15,15,14,13,12,12,11,10,10,10,10,11,12,12,20,17,16,16,15,15,14,12,12,11,10,10,10,11,12,12,13,19,18,17,16,16,15,15,14,14,11,10,11,12,12,13
51,4,3,6,7,8,8,9,10,13,4,4,3,2,3,3,5,6,6,7,7,8,8,9,3,2,2,6,6,7,7,8,1,2,2,3,4,5,6,6,7,1,2,2,3,3,4,4,5,6,8,0,2,2,3,3,4,4,7,8,3,2,3,3,4,5,6,6,7,8,8,3,2,3,3,6,6,7,7,8,8,9,9,10,10,3,3,3,6,6,7,7,8,8,9,9,10,10,11,4,4,2,6,6,7,7,8,8,9,9,10,10,5,4,3,4,5,6,6,7,8,8,9,9,10,10,12,13,13,6,5,6,6,7,7,8,9,10,10,11,12,13,14,6,6,7,7,8,9,12,14,6,7,8,8,9,10,10,12,13,15,8,8,10,10,12,13,13,14,15,15,7,6,8,8,9,9,10,11,12,12,13,13,14,15,16,7,7,9,9,10,11,12,13,13,14,14,15,8,11,12,13,13,14,15,16,16,10,10,11,12,12,13,14,15,16,17,18,9,10,11,12,12,13,13,14,14,15,15,16,16,17,18,18,10,9,10,10,12,13,13,14,14,15,15,16,17,18,18,19,10,10,10,10,11,12,13,14,14,15,15,16,17,18,18,19,19,12,10,10,11,12,12,13,15,15,16,16,17,18,18,19,19,20,10,10,11,12,12,13,13,14,14,17,18,18,19,19,20
52,6,4,4,5,6,7,7,8,12,6,6,4,4,3,3,3,4,4,5,6,6,7,7,5,3,3,4,4,5,6,6,3,2,2,1,2,3,4,4,5,2,1,1,1,2,2,3,3,4,7,2,0,1,1,2,2,3,5,6,4,1,1,2,3,3,4,4,6,6,7,5,2,1,2,4,4,5,5,6,7,7,8,8,9,5,2,2,4,4,5,6,6,7,7,8,8,9,9,6,6,4,4,4,5,6,6,7,7,8,8,9,7,6,5,3,3,4,4,6,6,7,7,8,8,9,10,11,12,7,7,4,4,5,6,6,7,8,9,9,10,12,12,8,7,5,6,6,7,10,13,8,6,6,7,7,8,9,10,12,13,6,7,8,9,10,11,12,12,13,14,9,7,6,7,7,8,9,9,10,10,11,12,12,14,14,9,8,7,8,8,9,10,11,12,12,13,13,9,9,10,11,12,13,13,14,15,8,9,9,10,10,11,12,14,15,15,16,8,9,9,10,10,11,12,12,13,13,14,14,15,15,16,16,12,9,8,9,10,11,12,12,13,13,14,15,15,16,16,17,12,12,9,9,9,10,12,12,13,13,14,14,15,16,16,17,18,13,10,10,9,10,10,12,13,14,14,15,15,16,16,17,18,18,12,12,10,10,10,11,12,12,13,15,16,16,17,18,18
53,6,4,4,4,6,6,7,8,11,7,6,5,4,4,3,3,3,4,4,5,6,6,7,6,4,3,3,4,4,5,6,3,3,2,2,2,3,3,4,4,2,2,1,1,1,2,2,3,3,6,2,1,0,1,1,2,2,4,6,5,1,1,1,2,3,3,4,5,6,6,6,2,2,1,3,4,4,5,6,6,7,7,8,8,6,3,2,3,4,4,5,6,6,7,7,8,8,9,7,6,4,3,4,4,5,6,6,7,7,8,8,7,7,6,3,3,3,4,5,6,6,7,7,8,8,10,10,11,8,7,3,4,4,5,6,7,8,8,9,9,11,12,8,8,4,5,6,7,9,12,8,5,6,6,7,8,8,10,11,13,6,6,8,8,10,10,11,12,13,13,9,8,6,6,7,7,8,9,9,10,10,11,12,13,14,9,9,7,7,8,9,9,10,11,12,12,13,10,9,9,10,11,12,13,14,14,8,8,9,9,10,10,12,13,14,15,15,8,8,9,9,10,10,11,12,12,13,13,14,14,15,15,16,13,9,9,8,9,10,11,12,12,13,13,14,15,15,16,16,13,12,10,9,9,10,11,12,12,13,13,14,15,15,16,16,17,14,11,10,10,9,10,11,13,13,14,14,15,15,16,16,17,18,13,12,11,10,10,10,11,12,12,15,15,16,16,17,18
54,7,5,3,4,5,6,6,7,10,7,7,6,5,4,4,2,3,3,4,4,5,6,6,6,4,4,3,3,4,4,5,4,3,3,2,1,2,3,3,4,3,2,2,1,1,1,2,2,3,6,3,1,1,0,1,1,2,4,5,6,2,1,1,2,2,3,3,4,5,6,6,3,2,2,3,3,4,4,5,6,6,7,7,8,6,3,3,3,3,4,4,5,6,6,7,7,8,8,7,7,5,3,3,4,4,5,6,6,7,7,8,8,7,6,4,3,3,3,4,5,6,6,7,7,8,9,10,10,8,8,4,3,4,4,5,6,7,8,8,9,10,11,9,8,4,4,5,6,9,12,9,4,5,6,6,7,8,9,10,12,5,6,7,8,9,10,10,11,12,13,10,8,6,6,6,7,8,8,9,9,10,10,11,13,13,10,9,6,7,7,8,9,10,10,11,12,12,10,8,9,10,10,12,12,13,14,7,8,8,9,9,10,11,13,14,14,15,9,8,8,9,9,10,10,11,12,12,13,13,14,14,15,15,13,10,9,9,9,10,10,11,12,12,13,14,14,15,15,16,13,13,10,10,9,9,10,11,12,12,13,13,14,15,15,16,16,14,12,11,10,10,9,10,12,13,13,14,14,15,15,16,16,17,13,13,12,11,10,10,10,11,12,14,15,15,16,16,17
55,7,6,3,3,4,5,6,7,10,8,7,6,6,5,4,3,2,3,3,4,4,5,6,7,5,4,2,3,3,4,4,4,4,3,3,2,2,2,3,3,3,3,2,2,1,1,1,2,2,5,3,2,1,1,0,1,1,3,4,6,2,2,1,1,2,2,3,4,4,5,7,3,3,2,2,3,3,4,4,5,6,6,7,7,7,4,3,2,3,3,4,4,5,6,6,7,7,8,8,7,6,2,3,3,4,4,5,6,6,7,7,8,8,7,4,4,3,3,4,4,5,6,6,7,7,9,9,10,9,8,4,4,3,4,4,6,7,7,8,8,10,10,9,9,4,4,4,6,8,11,9,5,4,5,6,7,7,9,10,12,6,5,7,7,9,9,10,10,12,12,10,9,7,6,6,6,7,8,8,9,9,10,10,12,13,10,10,7,6,7,8,8,9,10,10,11,12,11,8,8,9,10,11,12,13,13,8,7,8,8,9,9,10,12,13,14,14,9,8,8,8,9,9,10,10,11,12,12,13,13,14,14,15,14,10,10,9,8,9,10,10,11,12,12,13,14,14,15,15,14,13,11,10,10,9,10,10,11,12,12,13,14,14,15,15,16,15,12,12,11,10,10,10,12,12,13,13,14,14,15,15,16,16,14,13,12,12,11,10,10,10,11,14,14,15,15,16,16
56,8,6,3,3,4,4,5,6,9,8,8,7,6,6,5,3,3,2,3,3,4,4,5,7,6,5,2,2,3,3,4,5,4,4,3,2,1,2,2,3,4,3,3,2,2,1,1,1,2,4,4,2,2,1,1,0,1,3,4,7,3,2,2,1,1,2,2,3,4,4,7,4,3,3,2,2,3,3,4,4,5,6,6,7,7,4,4,2,2,3,3,4,4,5,6,6,7,7,8,8,6,3,2,3,3,4,4,5,6,6,7,9,8,7,5,4,4,3,3,4,4,5,6,6,7,8,9,9,9,9,5,4,4,3,4,5,6,7,7,8,9,10,10,9,5,4,4,5,8,10,10,6,5,4,5,6,7,8,9,11,6,6,6,7,8,9,9,10,11,12,11,9,7,7,6,6,7,7,8,8,9,9,10,12,12,11,10,7,7,6,7,8,9,9,10,10,11,12,7,8,9,9,10,11,12,13,8,8,7,8,8,9,10,12,13,13,14,10,9,8,8,8,9,9,10,10,11,12,12,13,13,14,14,14,11,10,10,9,9,9,10,10,11,12,13,13,14,14,15,14,14,12,11,10,9,9,10,10,11,12,12,13,14,14,15,15,15,13,12,12,11,10,9,11,12,12,13,13,14,14,15,15,16,14,14,13,12,12,11,10,10,10,13,14,14,15,15,16
57,8,7,4,3,3,4,4,6,9,9,8,7,7,6,6,4,3,3,2,3,3,4,4,8,6,6,2,2,2,3,3,6,5,4,4,3,2,1,2,2,4,4,3,3,2,2,1,1,1,4,4,3,2,2,1,1,0,2,3,7,3,3,2,1,1,1,2,3,3,4,8,4,4,3,1,2,2,3,3,4,4,5,5,6,8,5,4,2,2,2,3,3,4,4,5,6,6,7,9,8,7,3,3,2,3,3,4,4,5,6,6,9,9,8,6,5,4,4,3,3,4,4,5,6,6,8,8,9,10,9,6,5,4,4,3,4,6,6,7,7,9,9,10,10,6,5,4,4,7,10,10,6,6,5,4,6,6,8,9,10,7,6,6,6,8,8,9,9,10,11,12,10,8,7,7,6,6,7,7,8,8,9,9,11,12,12,11,8,7,7,7,7,8,9,9,10,10,12,7,7,8,9,10,10,12,12,9,8,8,7,8,8,9,11,12,13,13,10,9,9,8,8,8,9,9,10,10,11,12,12,13,13,14,15,12,11,10,9,8,9,9,10,10,11,12,13,13,14,14,15,14,12,12,11,10,9,9,10,10,11,12,13,13,14,14,15,16,13,13,12,12,11,10,10,11,12,12,13,13,14,14,15,15,15,14,13,13,12,12,11,10,10,13,13,14,14,15,15
58,10,9,6,6,4,4,3,3,7,11,10,9,9,8,8,6,6,5,4,4,3,3,2,10,8,8,4,4,3,3,2,8,7,7,6,5,4,3,3,2,7,6,6,5,4,4,3,3,2,2,7,5,4,4,3,3,2,0,1,9,6,5,4,3,3,2,2,1,1,2,10,7,6,6,3,3,2,2,1,2,2,3,3,4,10,7,7,4,4,3,3,2,2,2,3,3,4,4,11,10,9,6,5,4,4,3,3,2,3,3,4,12,11,10,8,7,7,6,5,4,4,3,3,3,4,6,6,7,12,12,8,7,7,6,6,4,3,4,4,5,7,7,13,12,8,7,7,6,5,8,13,8,8,7,7,6,5,6,7,8,9,8,7,6,6,6,7,7,8,9,14,12,10,9,9,8,7,7,6,6,6,7,7,9,9,14,13,10,9,9,8,7,6,7,7,8,8,14,9,8,7,7,8,8,9,10,11,10,10,9,9,8,7,9,10,10,11,13,12,11,10,10,9,9,8,8,8,9,9,10,10,11,12,17,14,13,13,12,10,10,9,9,8,9,10,10,11,12,12,17,16,14,14,13,12,11,10,10,9,9,9,10,11,12,12,13,18,15,15,14,14,13,12,10,10,9,10,10,11,12,12,13,13,17,16,15,15,14,14,13,13,12,10,11,12,12,13,13
59,12,10,7,7,6,5,4,3,6,12,12,10,10,9,9,7,7,6,6,5,4,4,3,11,9,9,6,5,4,4,3,9,8,8,7,6,5,4,4,3,8,7,7,6,6,5,4,4,3,1,8,6,6,5,4,4,3,1,0,10,7,6,6,4,4,3,3,2,1,1,11,8,7,7,4,4,3,3,2,2,1,2,2,3,11,8,8,6,5,4,4,3,3,2,2,2,3,3,12,12,10,7,6,6,5,4,4,3,3,2,3,13,12,11,9,8,8,7,6,6,5,4,4,3,3,4,5,6,13,13,9,8,8,7,7,5,4,4,3,4,6,6,14,13,9,8,8,7,4,7,14,9,9,8,8,7,6,4,6,7,10,9,8,7,5,5,6,6,7,8,15,13,11,10,10,9,8,8,7,7,6,6,6,8,8,15,14,11,10,10,9,8,7,7,6,7,7,15,10,9,8,8,7,7,8,9,12,12,11,10,10,9,8,8,9,9,10,14,13,12,12,11,10,10,9,9,8,8,8,9,9,10,10,18,15,14,14,13,12,11,10,10,9,9,9,9,10,10,11,18,18,15,15,14,13,12,12,11,10,10,9,9,10,10,11,12,19,16,16,15,15,14,13,12,11,10,10,9,10,10,11,12,12,18,18,16,16,15,15,14,14,13,10,10,10,11,12,12
60,4,6,9,9,10,11,12,13,16,3,3,4,5,6,6,8,8,9,9,10,10,11,12,3,4,5,8,9,9,10,10,4,4,5,6,7,8,8,9,9,4,4,5,6,6,7,7,8,8,11,3,4,5,6,6,7,7,9,10,0,4,4,5,6,7,7,8,9,9,10,1,4,4,5,7,8,8,9,9,10,10,11,12,12,2,4,5,7,8,8,9,9,10,10,11,12,12,13,2,2,4,7,8,8,9,9,10,10,11,12,12,2,3,4,6,7,7,8,9,9,10,10,11,12,12,14,14,15,3,3,7,8,8,9,9,10,12,12,13,13,15,15,3,4,8,9,9,10,13,16,4,9,9,10,10,12,12,14,15,16,9,10,12,12,14,14,15,15,16,17,5,7,9,10,10,11,12,13,13,14,14,15,15,17,18,7,7,10,11,12,13,13,14,15,15,16,16,7,13,13,14,15,16,16,18,18,12,12,13,13,14,14,15,17,18,19,19,11,12,13,13,14,14,15,15,16,16,17,18,18,19,19,20,8,11,12,12,13,14,15,15,16,16,17,18,19,19,20,20,9,9,12,12,13,14,15,15,16,16,17,18,19,19,20,20,21,9,12,12,13,13,14,15,16,17,18,18,19,19,20,20,21,21,11,12,13,13,14,14,15,15,16,19,19,20,20,21,21
61,6,4,5,6,7,7,8,9,12,7,6,5,4,4,3,4,4,5,6,6,7,7,8,6,4,3,4,5,6,6,7,3,3,2,2,3,4,4,5,6,2,2,1,2,2,3,3,4,4,7,2,1,1,2,2,3,3,6,7,4,0,1,1,2,3,3,4,5,6,6,4,1,1,1,3,4,4,5,5,6,7,7,8,8,4,2,1,3,4,4,5,5,6,7,7,8,8,9,6,5,3,3,4,4,5,6,6,7,7,8,8,6,6,4,2,3,3,4,5,5,6,7,7,8,8,10,10,11,7,6,3,4,4,5,5,7,8,8,9,9,11,12,7,7,4,5,6,7,9,12,7,5,5,6,7,8,8,10,11,13,5,6,8,8,10,10,11,12,13,13,8,7,5,6,7,7,8,9,9,10,10,11,12,13,14,8,8,7,7,8,9,9,10,11,12,12,13,9,9,9,10,11,12,13,14,14,8,8,9,9,10,10,12,13,14,15,15,7,8,9,9,10,10,11,12,12,13,13,14,14,15,15,16,12,8,8,8,9,10,11,12,12,13,13,14,15,15,16,16,12,11,9,8,9,10,11,12,12,13,13,14,15,15,16,16,17,13,10,9,9,9,10,11,13,13,14,14,15,15,16,16,17,18,12,11,10,9,10,10,11,12,12,15,15,16,16,17,18
62,7,5,4,5,6,7,7,8,12,7,7,6,5,4,4,3,4,4,5,6,6,7,7,6,4,4,4,4,5,6,6,4,3,3,2,2,3,4,4,5,3,2,2,1,2,2,3,3,4,7,3,1,1,1,2,2,3,5,6,4,1,0,1,2,2,3,3,4,5,6,5,2,1,1,3,3,4,4,5,6,6,7,7,8,5,2,2,3,3,4,4,5,6,6,7,7,8,8,6,6,4,3,3,4,4,5,5,6,7,7,8,7,6,5,3,2,3,3,4,5,6,6,7,7,8,9,10,10,7,7,3,3,4,4,5,6,7,8,8,9,10,11,8,7,4,4,5,6,9,12,8,4,5,6,6,7,8,9,10,12,5,5,7,8,9,10,10,11,12,13,9,7,5,5,6,7,8,8,9,9,10,10,11,13,13,9,8,6,7,7,8,9,10,10,11,12,12,9,8,9,10,10,12,12,13,14,7,8,8,9,9,10,11,13,14,14,15,8,8,8,9,9,10,10,11,12,12,13,13,14,14,15,15,12,9,8,8,9,10,10,11,12,12,13,14,14,15,15,16,12,12,9,9,8,9,10,11,12,12,13,13,14,15,15,16,16,13,10,10,9,9,9,10,12,13,13,14,14,15,15,16,16,17,12,12,10,10,9,10,10,11,12,14,15,15,16,16,17
63,7,6,4,4,6,6,7,8,11,8,7,6,6,5,4,3,3,4,4,5,6,6,7,7,5,4,3,4,4,5,6,4,4,3,3,2,3,3,4,4,3,3,2,2,1,2,2,3,3,6,3,2,1,1,1,2,2,4,6,5,1,1,0,1,2,2,3,4,4,5,5,2,2,1,2,3,3,4,4,5,5,6,7,7,6,3,2,2,3,3,4,4,5,6,6,7,7,8,7,6,4,2,3,3,4,4,5,6,6,7,7,7,7,5,3,3,2,3,4,4,5,5,6,7,7,9,9,10,8,7,3,3,3,4,4,6,7,7,8,8,10,10,8,8,3,4,4,6,8,11,8,4,4,5,6,7,7,9,10,12,4,5,7,7,9,9,10,10,12,12,9,8,5,5,5,6,7,8,8,9,9,10,10,12,13,9,9,5,6,7,8,8,9,10,10,11,12,10,8,8,9,10,11,12,13,13,7,7,8,8,9,9,10,12,13,14,14,8,7,8,8,9,9,10,10,11,12,12,13,13,14,14,15,13,9,9,8,8,9,10,10,11,12,12,13,14,14,15,15,13,12,10,9,9,9,10,10,11,12,12,13,14,14,15,15,16,14,11,10,10,9,9,10,12,12,13,13,14,14,15,15,16,16,13,12,11,10,10,9,10,10,11,14,14,15,15,16,16
64,8,7,4,3,4,5,6,7,10,9,8,7,7,6,6,4,3,3,3,4,4,5,6,8,6,6,2,3,3,4,4,6,5,4,4,3,2,2,3,3,4,4,3,3,2,2,1,2,2,5,4,3,2,2,1,1,1,3,4,6,2,2,1,0,1,1,2,3,3,4,7,3,3,2,1,2,2,3,3,4,4,5,5,6,7,4,3,1,2,2,3,3,4,4,5,6,6,7,8,7,6,2,2,2,3,3,4,4,5,5,6,8,8,7,4,4,3,3,3,3,4,4,5,6,6,8,8,9,9,8,4,4,3,3,3,4,5,6,7,7,9,9,9,9,4,4,3,4,7,10,9,5,4,4,4,6,6,8,9,10,6,5,5,6,8,8,9,9,10,11,10,9,7,6,6,5,6,7,7,8,8,9,9,11,12,10,10,7,6,5,7,7,8,9,9,10,10,11,7,7,8,9,10,10,12,12,8,7,7,7,8,8,9,11,12,13,13,9,8,8,7,8,8,9,9,10,10,11,12,12,13,13,14,14,10,10,9,8,8,9,9,10,10,11,12,13,13,14,14,14,13,11,10,10,9,9,9,10,10,11,12,13,13,14,14,15,15,12,12,11,10,10,9,10,11,12,12,13,13,14,14,15,15,14,13,12,12,11,10,10,9,10,13,13,14,14,15,15
65,9,7,4,4,4,4,5,6,9,9,9,8,7,7,6,4,4,3,3,3,4,4,5,8,7,6,3,2,3,3,4,6,6,5,4,3,2,2,2,3,5,4,4,3,3,2,2,1,2,4,5,3,3,2,2,1,1,3,4,7,3,2,2,1,0,1,1,2,3,3,7,4,3,3,1,1,2,2,3,3,4,4,5,5,7,4,4,2,1,2,2,3,3,4,4,5,5,6,8,8,6,3,2,2,2,3,3,4,4,5,6,9,8,7,5,4,4,3,2,3,3,4,4,5,5,7,8,8,9,9,5,4,4,3,3,4,5,6,6,7,8,9,10,9,5,4,4,4,7,9,10,6,5,4,4,5,5,7,8,10,6,6,5,6,7,8,8,9,10,10,11,9,7,7,6,5,5,6,7,7,8,8,9,10,11,11,10,7,7,6,6,7,8,8,9,9,10,12,6,7,8,8,9,10,11,12,8,8,7,7,7,8,9,10,12,12,13,10,9,8,8,7,8,8,9,9,10,10,11,12,12,13,13,14,11,10,10,9,8,8,9,9,10,10,12,12,13,13,14,14,14,12,11,10,9,8,9,9,10,10,11,12,13,13,14,14,15,13,12,12,11,10,9,10,10,11,12,12,13,13,14,14,15,14,14,13,12,12,11,10,10,9,12,13,13,14,14,15
66,9,8,5,4,3,4,4,6,9,10,9,8,8,7,7,5,4,4,3,3,3,4,4,9,7,7,3,3,2,3,3,7,6,6,5,4,3,2,2,2,6,5,4,4,3,3,2,2,1,4,6,4,3,3,2,2,1,2,3,7,3,3,2,1,1,0,1,2,2,3,8,4,4,3,1,1,1,2,2,3,3,4,4,5,8,5,4,2,2,1,2,2,3,3,4,4,5,6,9,8,7,3,3,2,2,2,3,3,4,4,5,9,9,8,5,5,4,4,3,2,3,3,4,4,5,7,7,8,10,9,5,5,4,4,3,3,4,5,5,6,8,8,10,10,6,5,4,3,6,9,10,6,6,5,4,4,5,7,8,9,7,6,4,5,7,7,8,8,9,10,12,10,8,7,7,6,5,6,6,7,7,8,8,10,10,12,11,8,7,7,5,6,7,8,8,9,9,12,7,6,7,8,9,9,10,11,9,8,8,7,7,7,8,10,11,12,12,10,9,9,8,8,7,8,8,9,9,10,10,11,12,12,13,15,12,11,10,9,8,8,8,9,9,10,11,12,12,13,13,15,14,12,12,11,10,9,8,9,9,10,10,12,12,13,13,14,16,13,13,12,12,11,10,9,10,10,11,12,12,13,13,14,14,15,14,13,13,12,12,11,10,10,12,12,13,13,14,14
67,10,8,6,5,4,3,4,5,8,10,10,9,8,8,7,6,5,4,4,3,3,3,4,9,8,7,4,3,3,2,3,7,7,6,6,4,3,3,2,2,6,6,5,4,4,3,3,2,2,3,6,4,4,3,3,2,2,2,3,8,4,3,3,2,1,1,0,1,2,2,8,5,4,4,2,1,1,1,2,2,3,3,4,4,8,6,5,3,2,2,1,2,2,3,3,4,4,5,9,9,7,4,3,3,2,2,2,3,3,4,4,10,9,8,6,6,5,4,3,3,2,3,3,4,4,6,7,7,10,10,6,6,5,4,4,3,4,4,5,5,7,8,11,10,6,6,5,4,5,8,11,7,6,6,5,4,4,6,7,9,7,7,5,4,6,7,7,8,9,9,12,10,8,8,7,7,6,5,5,6,7,7,8,9,10,12,12,8,8,7,6,5,7,7,8,8,9,13,7,7,7,7,8,9,10,10,9,9,8,8,7,7,8,9,10,11,12,11,10,9,9,8,8,7,8,8,9,9,10,10,11,12,12,15,12,12,11,10,9,8,8,8,9,9,10,11,12,12,13,15,15,13,12,12,10,9,9,8,9,9,10,11,12,12,13,13,16,14,13,13,12,12,10,9,9,10,10,11,12,12,13,13,14,15,15,14,13,13,12,12,11,10,11,12,12,13,13,14
68,11,9,7,6,5,4,4,4,7,12,11,10,9,9,8,7,6,6,5,4,4,3,3,10,9,8,5,4,4,3,3,8,8,7,7,6,4,4,3,3,7,7,6,6,5,4,4,3,3,2,7,6,5,4,4,3,3,1,2,9,5,4,4,3,2,2,1,0,1,1,9,6,5,5,3,2,2,1,1,1,2,2,3,3,9,7,6,4,3,3,2,2,1,2,2,3,3,4,10,10,8,5,4,4,3,3,2,2,2,3,3,11,10,9,7,7,6,6,4,4,3,3,2,3,3,5,6,6,12,11,7,7,6,5,5,4,3,3,4,4,6,7,12,12,7,7,6,5,4,7,12,8,7,7,6,5,4,5,6,8,8,8,6,5,5,5,6,7,8,8,13,12,9,9,8,8,7,6,6,5,6,6,7,8,9,13,13,9,9,8,7,7,5,6,7,7,8,14,8,8,7,6,7,8,9,9,10,10,9,9,8,8,7,8,9,10,10,12,11,10,10,9,9,8,8,7,8,8,9,9,10,10,11,16,13,13,12,11,10,9,9,8,8,8,9,10,10,11,12,16,16,14,13,13,12,10,10,9,9,8,9,10,10,11,12,12,18,15,14,14,13,13,12,10,9,9,9,10,10,11,12,12,13,16,16,15,14,14,13,13,12,12,10,10,11,12,12,13
69,12,10,7,7,6,5,4,3,7,12,12,10,10,9,9,7,7,6,6,5,4,4,3,11,9,9,6,5,4,4,3,9,8,8,7,6,5,4,4,3,8,7,7,6,6,5,4,4,3,2,8,6,6,5,4,4,3,1,1,9,6,5,4,3,3,2,2,1,0,1,10,7,6,6,3,3,2,2,1,1,1,2,2,3,10,7,7,4,4,3,3,2,2,1,2,2,3,3,11,10,9,6,5,4,4,3,3,2,2,2,3,12,11,10,8,7,7,6,5,4,4,3,3,2,3,4,5,5,12,12,8,7,7,6,6,4,3,3,3,4,5,6,13,12,8,7,7,6,4,7,13,8,8,7,7,6,5,4,5,7,9,8,7,6,4,5,5,6,7,8,14,12,10,9,9,8,7,7,6,6,5,5,6,8,8,14,13,10,9,9,8,7,6,5,6,7,7,14,9,8,7,7,7,7,8,9,11,10,10,9,9,8,7,8,9,9,10,13,12,11,10,10,9,9,8,8,7,8,8,9,9,10,10,17,14,13,13,12,10,10,9,9,8,8,9,9,10,10,11,17,16,14,14,13,12,11,10,10,9,9,8,9,10,10,11,12,18,15,15,14,14,13,12,10,10,9,9,9,10,10,11,12,12,17,16,15,15,14,14,13,13,12,9,10,10,11,12,12
70,12,10,8,7,6,6,5,4,6,13,12,11,10,10,9,8,7,7,6,6,5,4,4,12,10,9,6,6,5,4,4,9,9,8,8,7,6,5,4,4,8,8,7,7,6,6,5,4,4,1,8,7,6,6,5,4,4,2,1,10,6,6,5,4,3,3,2,1,1,0,10,7,7,6,4,3,3,2,2,1,1,1,2,2,10,8,7,5,4,4,3,3,2,2,1,2,2,3,12,11,9,6,5,5,4,4,3,3,2,2,2,12,12,10,8,8,7,7,5,5,4,4,3,3,2,4,4,5,13,12,8,8,7,7,6,5,4,3,3,3,5,5,13,13,8,8,7,6,3,6,13,9,8,8,7,6,6,4,5,7,9,9,7,7,5,4,5,5,7,7,14,13,10,10,9,9,8,7,7,6,5,5,6,7,8,14,14,10,10,9,8,8,7,6,5,6,7,15,9,9,8,7,6,7,8,8,12,11,10,10,9,9,8,7,8,9,9,13,12,12,11,10,10,9,9,8,8,7,8,8,9,9,10,18,14,14,13,12,11,10,10,9,9,8,8,9,9,10,10,18,17,15,14,14,13,12,11,10,10,9,9,9,9,10,10,11,19,16,15,15,14,14,13,11,10,10,9,9,9,10,10,11,12,18,17,16,15,15,14,14,13,13,10,9,10,10,11,12
71,5,7,9,10,11,12,12,13,16,3,4,5,6,6,7,8,9,9,10,10,11,12,12,3,5,6,9,9,10,10,11,4,5,6,6,7,8,9,9,10,4,5,6,6,7,7,8,8,9,12,3,5,6,6,7,7,8,10,11,1,4,5,5,7,7,8,8,9,10,10,0,3,4,4,7,7,8,8,9,9,10,10,11,12,1,4,4,7,7,8,8,9,9,10,10,11,12,12,1,2,3,7,7,8,8,9,9,10,10,11,12,2,2,3,6,6,7,7,8,9,9,10,10,11,12,13,14,14,2,3,7,7,8,8,9,10,11,12,12,13,14,15,3,3,8,8,9,10,13,15,4,8,9,9,10,11,12,13,14,16,9,9,11,12,13,14,14,15,16,16,5,7,9,9,10,10,12,12,13,13,14,14,15,16,17,6,7,10,10,11,12,13,14,14,15,15,16,7,12,13,14,14,15,16,17,18,11,12,12,13,13,14,15,16,18,18,19,10,12,12,13,13,14,14,15,15,16,16,17,18,18,19,19,7,10,11,12,13,14,14,15,15,16,16,18,18,19,19,20,8,9,11,12,12,13,14,15,15,16,16,17,18,19,19,20,20,8,11,12,12,13,13,14,16,16,17,18,18,19,19,20,20,21,10,11,12,13,13,14,14,15,15,18,19,19,20,20,21
72,6,4,6,7,8,8,9,10,13,7,6,5,4,4,3,5,6,6,7,7,8,8,9,6,4,3,6,6,7,7,8,3,3,2,3,4,5,6,6,7,2,2,2,3,3,4,4,5,6,8,2,2,2,3,3,4,4,7,8,4,1,2,2,3,4,4,5,6,7,7,3,0,1,1,3,4,4,5,6,6,7,7,8,8,3,1,1,3,4,4,5,6,6,7,7,8,8,9,4,4,2,3,4,4,5,6,6,7,7,8,8,5,4,3,2,3,3,4,5,6,6,7,7,8,8,10,10,11,6,5,3,4,4,5,6,7,8,8,9,9,11,12,6,6,4,5,6,7,9,12,6,5,6,6,7,8,8,10,11,13,6,6,8,8,10,10,11,12,13,13,7,6,6,6,7,7,8,9,9,10,10,11,12,13,14,7,7,7,7,8,9,9,10,11,12,12,13,8,9,9,10,11,12,13,14,14,8,8,9,9,10,10,12,13,14,15,15,7,8,9,9,10,10,11,12,12,13,13,14,14,15,15,16,10,7,8,8,9,10,11,12,12,13,13,14,15,15,16,16,10,10,8,8,9,10,11,12,12,13,13,14,15,15,16,16,17,12,9,8,9,9,10,11,13,13,14,14,15,15,16,16,17,18,10,10,9,9,10,10,11,12,12,15,15,16,16,17,18
73,7,5,5,6,7,8,8,9,13,7,7,6,5,4,4,4,5,6,6,7,7,8,8,6,4,4,5,6,6,7,7,4,3,3,2,3,4,5,5,6,3,2,2,2,3,3,4,4,5,8,3,1,2,2,3,3,4,6,7,4,1,1,2,3,3,4,4,5,6,7,4,1,0,1,3,3,4,4,5,6,6,7,7,8,4,1,1,3,3,4,4,5,6,6,7,7,8,8,5,4,3,3,3,4,4,5,6,6,7,7,8,6,5,4,2,2,3,3,4,5,6,6,7,7,8,9,10,10,6,6,3,3,4,4,5,6,7,8,8,9,10,11,7,6,4,4,5,6,9,12,7,4,5,6,6,7,8,9,10,12,5,6,7,8,9,10,10,11,12,13,8,6,5,6,6,7,8,8,9,9,10,10,11,13,13,8,7,6,7,7,8,9,10,10,11,12,12,8,8,9,10,10,12,12,13,14,7,8,8,9,9,10,11,13,14,14,15,7,8,8,9,9,10,10,11,12,12,13,13,14,14,15,15,11,8,7,8,9,10,10,11,12,12,13,14,14,15,15,16,11,10,8,8,8,9,10,11,12,12,13,13,14,15,15,16,16,12,9,9,8,9,9,10,12,13,13,14,14,15,15,16,16,17,11,10,9,9,9,10,10,11,12,14,15,15,16,16,17
74,7,6,5,6,7,7,8,9,12,8,7,6,6,5,4,4,4,5,6,6,7,7,8,7,5,4,4,5,6,6,7,4,4,3,3,3,4,4,5,6,3,3,2,2,2,3,3,4,4,7,3,2,1,2,2,3,3,6,7,5,1,1,1,2,3,3,4,5,6,6,4,1,1,0,2,3,3,4,4,5,6,6,7,7,4,2,1,2,3,3,4,4,5,6,6,7,7,8,6,5,3,2,3,3,4,4,5,6,6,7,7,6,6,4,2,2,2,3,4,4,5,6,6,7,7,9,9,10,7,6,2,3,3,4,4,6,7,7,8,8,10,10,7,7,3,4,4,6,8,11,7,4,4,5,6,7,7,9,10,12,4,5,7,7,9,9,10,10,12,12,8,7,4,5,6,6,7,8,8,9,9,10,10,12,13,8,8,6,6,7,8,8,9,10,10,11,12,9,8,8,9,10,11,12,13,13,7,7,8,8,9,9,10,12,13,14,14,7,7,8,8,9,9,10,10,11,12,12,13,13,14,14,15,12,8,8,7,8,9,10,10,11,12,12,13,14,14,15,15,12,11,9,8,8,9,10,10,11,12,12,13,14,14,15,15,16,13,10,9,9,8,9,10,12,12,13,13,14,14,15,15,16,16,12,11,10,9,9,9,10,10,11,14,14,15,15,16,16
75,9,8,5,4,4,5,5,7,10,10,9,8,8,7,7,5,4,4,3,4,4,5,6,9,7,7,3,3,3,4,4,7,6,6,5,4,3,2,3,3,6,5,4,4,3,3,2,2,2,5,6,4,3,3,2,2,1,3,4,7,3,3,2,1,1,1,2,3,3,4,7,3,3,2,0,1,1,2,2,3,3,4,4,5,7,4,3,1,1,1,2,2,3,3,4,4,5,6,8,7,6,2,2,1,2,2,3,3,4,4,5,8,8,7,4,4,3,3,2,2,3,3,4,4,5,7,7,8,9,8,4,4,3,3,2,3,4,5,6,6,8,8,9,9,4,4,3,3,6,9,9,5,4,4,3,4,5,7,8,9,6,5,4,5,7,7,8,8,9,10,10,9,7,6,6,5,5,6,6,7,7,8,8,10,10,10,10,7,6,6,6,6,7,8,8,9,9,11,6,6,7,8,9,9,10,11,8,7,7,6,7,7,8,10,11,12,12,9,8,8,7,7,7,8,8,9,9,10,10,11,12,12,13,14,10,10,9,8,7,8,8,9,9,10,11,12,12,13,13,14,13,11,10,10,9,8,8,9,9,10,10,12,12,13,13,14,15,12,12,11,10,10,9,9,10,10,11,12,12,13,13,14,14,14,13,12,12,11,10,10,9,9,12,12,13,13,14,14
76,10,8,6,5,4,4,5,6,9,10,10,9,8,8,7,6,5,4,4,3,4,4,5,9,8,7,4,3,3,3,4,7,7,6,5,4,3,3,2,3,6,6,5,4,4,3,3,2,2,4,6,4,4,3,3,2,2,3,4,8,4,3,3,2,1,1,1,2,3,3,7,4,3,3,1,0,1,1,2,2,3,3,4,4,7,4,4,2,1,1,1,2,2,3,3,4,4,5,8,8,6,3,2,2,1,2,2,3,3,4,4,9,8,7,5,4,4,3,2,2,2,3,3,4,4,6,7,7,9,9,5,4,4,3,3,3,4,4,5,6,7,8,10,9,5,4,4,3,6,8,10,6,5,4,4,4,4,6,7,9,6,6,4,4,6,7,7,8,9,9,11,9,7,7,6,6,4,5,6,6,7,7,8,9,10,11,10,7,7,6,5,6,7,7,8,8,9,12,6,6,7,7,8,9,10,10,8,8,7,7,6,7,8,9,10,11,12,10,9,8,8,7,7,7,8,8,9,9,10,10,11,12,12,14,11,10,10,9,8,7,8,8,9,9,10,11,12,12,13,14,14,12,11,10,9,8,8,8,9,9,10,11,12,12,13,13,15,13,12,12,11,10,9,9,9,10,10,11,12,12,13,13,14,14,14,13,12,12,11,10,10,9,11,12,12,13,13,14
77,10,9,6,6,4,4,4,6,9,11,10,9,9,8,8,6,6,5,4,4,3,4,4,10,8,8,4,4,3,3,3,8,7,7,6,5,4,3,3,2,7,6,6,5,4,4,3,3,2,4,7,5,4,4,3,3,2,2,3,8,4,4,3,2,2,1,1,2,2,3,8,4,4,3,1,1,0,1,1,2,2,3,3,4,8,5,4,2,2,1,1,1,2,2,3,3,4,4,9,8,7,3,3,2,2,1,2,2,3,3,4,9,9,8,6,5,4,4,3,2,2,2,3,3,4,6,6,7,10,9,6,5,4,4,3,2,3,4,4,5,7,7,10,10,6,5,4,3,5,8,10,6,6,5,4,3,4,6,7,8,7,6,4,4,6,6,7,7,8,9,12,10,8,7,7,6,5,4,5,6,6,7,7,9,9,12,11,8,7,7,6,5,6,7,7,8,8,12,7,6,6,7,8,8,9,10,9,8,8,7,7,6,7,9,10,10,11,10,9,9,8,8,7,7,7,8,8,9,9,10,10,11,12,15,12,11,10,9,8,8,7,8,8,9,10,10,11,12,12,15,14,12,12,11,10,9,8,8,8,9,9,10,11,12,12,13,16,13,13,12,12,11,10,8,9,9,10,10,11,12,12,13,13,15,14,13,13,12,12,11,10,10,10,11,12,12,13,13
78,11,9,7,6,5,4,4,5,8,12,11,10,9,9,8,7,6,6,5,4,4,3,4,10,9,8,5,4,4,3,3,8,8,7,7,5,4,4,3,3,7,7,6,6,5,4,4,3,3,3,7,5,5,4,4,3,3,2,3,9,5,4,4,3,2,2,1,1,2,2,8,5,4,4,2,1,1,0,1,1,2,2,3,3,8,6,5,3,2,2,1,1,1,2,2,3,3,4,9,9,7,4,3,3,2,2,1,2,2,3,3,10,9,8,6,6,5,4,3,3,2,2,2,3,3,5,6,6,10,10,6,6,5,4,4,3,3,3,4,4,6,7,11,10,6,6,5,4,4,7,11,7,6,6,5,4,3,5,6,8,7,7,5,4,5,6,6,7,8,8,12,10,8,8,7,7,6,5,4,5,6,6,7,8,9,12,12,8,8,7,6,5,6,6,7,7,8,13,7,7,6,6,7,8,9,9,9,9,8,8,7,7,7,8,9,10,10,11,10,9,9,8,8,7,7,7,8,8,9,9,10,10,11,15,12,12,11,10,9,8,8,7,8,8,9,10,10,11,12,15,15,13,12,12,10,9,9,8,8,8,9,10,10,11,12,12,16,14,13,13,12,12,10,9,8,9,9,10,10,11,12,12,13,15,15,14,13,13,12,12,11,10,10,10,11,12,12,13
79,12,10,7,7,6,5,4,4,8,12,12,10,10,9,9,7,7,6,6,5,4,4,3,11,9,9,6,5,4,4,3,9,8,8,7,6,5,4,4,3,8,7,7,6,6,5,4,4,3,3,8,6,6,5,4,4,3,1,2,9,5,5,4,3,3,2,2,1,1,2,9,6,5,4,2,2,1,1,0,1,1,2,2,3,9,6,6,3,3,2,2,1,1,1,2,2,3,3,10,9,8,4,4,3,3,2,2,1,2,2,3,10,10,9,7,6,6,5,4,3,3,2,2,2,3,4,5,6,11,10,7,6,6,5,4,3,2,3,3,4,6,6,12,11,7,6,6,4,4,7,12,7,7,6,6,4,4,4,6,7,8,7,6,5,4,5,6,6,7,8,13,11,9,8,8,7,6,6,5,4,5,6,6,8,8,13,12,9,8,8,7,6,5,6,6,7,7,13,8,7,6,6,7,7,8,9,10,9,9,8,8,7,6,8,9,9,10,12,10,10,9,9,8,8,7,7,7,8,8,9,9,10,10,16,13,12,12,10,9,9,8,8,7,8,9,9,10,10,11,16,15,13,13,12,11,10,9,9,8,8,8,9,10,10,11,12,17,14,14,13,13,12,11,9,9,8,9,9,10,10,11,12,12,16,15,14,14,13,13,12,12,11,9,10,10,11,12,12
80,12,10,8,7,6,6,5,4,7,13,12,11,10,10,9,8,7,7,6,6,5,4,4,12,10,9,6,6,5,4,4,9,9,8,8,7,6,5,4,4,8,8,7,7,6,6,5,4,4,2,8,7,6,6,5,4,4,2,2,10,6,6,5,4,3,3,2,1,1,1,9,6,6,5,3,2,2,1,1,0,1,1,2,2,9,7,6,4,3,3,2,2,1,1,1,2,2,3,10,10,8,5,4,4,3,3,2,2,1,2,2,11,10,9,7,7,6,6,4,4,3,3,2,2,2,4,4,5,12,11,7,7,6,6,5,4,3,2,3,3,5,5,12,12,7,7,6,5,3,6,12,8,7,7,6,5,4,4,5,7,8,8,6,6,4,4,5,5,7,7,13,12,9,9,8,8,7,6,6,5,4,5,6,7,8,13,13,9,9,8,7,7,6,5,5,6,7,14,8,8,7,6,6,7,8,8,10,10,9,9,8,8,7,7,8,9,9,12,11,10,10,9,9,8,8,7,7,7,8,8,9,9,10,16,13,13,12,11,10,9,9,8,8,7,8,9,9,10,10,16,16,14,13,13,12,10,10,9,9,8,8,9,9,10,10,11,18,15,14,14,13,13,12,10,9,9,8,9,9,10,10,11,12,16,16,15,14,14,13,13,12,12,9,9,10,10,11,12
81,13,11,8,8,7,6,6,4,7,13,13,12,11,10,10,8,8,7,7,6,6,5,4,12,10,10,7,6,6,5,4,10,9,9,8,7,6,5,5,4,9,8,8,7,7,6,6,5,4,2,9,7,7,6,6,5,4,2,1,10,7,6,5,4,4,3,3,2,1,1,10,7,6,6,3,3,2,2,1,1,0,1,1,2,10,7,7,4,4,3,3,2,2,1,1,1,2,2,11,10,9,6,5,4,4,3,3,2,2,1,2,12,11,10,8,7,7,6,5,4,4,3,3,2,2,3,4,4,12,12,8,7,7,6,6,4,3,3,2,3,4,5,13,12,8,7,7,6,3,6,13,8,8,7,7,6,5,3,4,6,9,8,7,6,4,4,4,5,6,7,14,12,10,9,9,8,7,7,6,6,5,4,5,7,7,14,13,10,9,9,8,7,6,5,5,6,6,14,9,8,7,7,6,6,7,8,11,10,10,9,9,8,7,7,8,8,9,13,12,11,10,10,9,9,8,8,7,7,7,8,8,9,9,17,14,13,13,12,10,10,9,9,8,8,8,8,9,9,10,17,16,14,14,13,12,11,10,10,9,9,8,8,9,9,10,10,18,15,15,14,14,13,12,10,10,9,9,8,9,9,10,10,11,17,16,15,15,14,14,13,13,12,9,9,9,10,10,11
82,13,12,9,8,7,7,6,5,6,14,13,12,12,11,10,9,8,8,7,7,6,6,5,13,11,10,7,7,6,6,5,10,10,9,9,8,7,6,6,5,9,9,8,8,7,7,6,6,5,2,9,8,7,7,6,6,5,3,2,11,7,7,6,5,4,4,3,2,2,1,10,7,7,6,4,3,3,2,2,1,1,0,1,1,10,8,7,5,4,4,3,3,2,2,1,1,1,2,12,11,9,6,6,5,4,4,3,3,2,2,1,12,12,10,8,8,7,7,6,5,4,4,3,3,2,3,3,4,13,12,8,8,7,7,6,5,4,3,3,2,4,4,13,13,8,8,7,6,3,5,13,9,8,8,7,6,6,4,4,6,9,9,7,7,5,4,4,4,6,6,14,13,10,10,9,9,8,7,7,6,6,5,4,6,7,14,14,10,10,9,8,8,7,6,6,5,5,15,9,9,8,7,6,6,7,7,12,11,10,10,9,9,8,6,7,8,8,13,12,12,11,10,10,9,9,8,8,7,7,7,8,8,9,18,14,14,13,12,11,10,10,9,9,8,7,8,8,9,9,18,17,15,14,14,13,12,11,10,10,9,9,8,8,9,9,10,19,16,15,15,14,14,13,11,10,10,9,9,8,9,9,10,10,18,17,16,15,15,14,14,13,13,10,9,9,9,10,10
83,14,12,9,9,8,7,7,5,6,14,14,13,12,12,11,9,9,8,8,7,7,6,6,13,12,11,8,7,7,6,6,11,10,10,9,8,7,7,6,5,10,9,9,8,8,7,7,6,6,3,10,8,8,7,7,6,5,3,2,12,8,7,7,5,5,4,4,3,2,2,11,8,7,7,4,4,3,3,2,2,1,1,0,1,11,8,8,6,5,4,4,3,3,2,2,1,1,1,12,12,10,7,6,6,5,4,4,3,3,2,2,13,12,11,9,8,8,7,6,6,5,4,4,3,3,2,3,3,13,13,9,8,8,7,7,5,4,4,3,3,3,4,14,13,9,8,8,7,4,4,14,9,9,8,8,7,6,4,3,5,10,9,8,7,5,5,4,4,5,6,15,13,11,10,10,9,8,8,7,7,6,6,5,6,6,15,14,11,10,10,9,8,7,7,6,5,5,15,10,9,8,8,7,6,6,7,12,12,11,10,10,9,8,7,7,7,8,14,13,12,12,11,10,10,9,9,8,8,7,7,7,8,8,18,15,14,14,13,12,11,10,10,9,9,8,7,8,8,9,18,18,15,15,14,13,12,12,11,10,10,9,8,8,8,9,9,19,16,16,15,15,14,13,12,11,10,10,9,9,8,9,9,10,18,18,16,16,15,15,14,14,13,10,10,9,9,9,10
84,14,13,10,9,8,8,7,6,5,15,14,13,13,12,12,10,9,9,8,8,7,7,6,14,12,12,8,8,7,7,6,12,11,10,10,9,8,7,7,6,10,10,9,9,8,8,7,7,6,3,10,9,8,8,7,7,6,4,3,12,8,8,7,6,5,5,4,3,3,2,12,8,8,7,5,4,4,3,3,2,2,1,1,0,12,9,8,6,6,5,4,4,3,3,2,2,1,1,13,12,10,7,7,6,6,5,4,4,3,3,2,13,13,12,9,9,8,8,7,6,6,5,4,4,3,2,2,3,14,13,9,9,8,8,7,6,5,4,4,3,3,3,14,14,9,9,8,7,4,4,14,10,9,9,8,7,7,5,4,4,10,10,8,8,6,6,5,4,4,5,15,14,12,11,10,10,9,8,8,7,7,6,6,5,6,15,15,12,11,10,9,9,8,7,7,6,6,16,10,10,9,8,7,7,6,6,13,12,12,11,10,10,9,7,6,7,7,14,13,13,12,12,11,10,10,9,9,8,8,7,7,7,8,19,15,15,14,13,12,12,11,10,10,9,8,8,7,8,8,19,18,16,15,15,14,13,12,12,11,10,10,9,8,8,8,9,20,17,16,16,15,15,14,12,12,11,10,10,9,9,8,9,9,19,18,17,16,16,15,15,14,14,11,10,10,9,9,9
85,5,7,9,10,11,12,12,13,16,4,4,5,6,6,7,8,9,9,10,10,11,12,12,3,5,6,9,9,10,10,11,4,5,6,6,7,8,9,9,10,4,5,6,6,7,7,8,8,9,12,3,5,6,6,7,7,8,10,11,2,4,5,6,7,7,8,8,9,10,10,1,3,4,4,7,7,8,8,9,9,10,10,11,12,0,3,3,6,6,7,7,8,8,9,9,10,10,11,1,1,2,6,6,7,7,8,8,9,9,10,10,2,1,2,4,5,6,6,7,8,8,9,9,10,10,12,13,13,2,2,6,6,7,7,8,9,10,10,11,12,13,14,3,2,7,7,8,9,12,14,3,7,8,8,9,10,10,12,13,15,8,8,10,10,12,13,13,14,15,15,4,6,8,8,9,9,10,11,12,12,13,13,14,15,16,5,6,9,9,10,11,12,13,13,14,14,15,5,11,12,13,13,14,15,16,16,10,10,11,12,12,13,14,15,16,17,18,9,10,11,12,12,13,13,14,14,15,15,16,16,17,18,18,7,9,10,10,12,13,13,14,14,15,15,16,17,18,18,19,7,8,10,10,11,12,13,14,14,15,15,16,17,18,18,19,19,8,10,10,11,12,12,13,15,15,16,16,17,18,18,19,19,20,9,10,11,12,12,13,13,14,14,17,18,18,19,19,20
86,7,5,7,7,8,9,9,10,14,7,7,6,5,4,4,6,6,7,7,8,8,9,9,6,4,4,6,7,7,8,8,4,3,3,3,4,6,6,7,7,3,2,3,3,4,4,5,6,6,9,3,2,3,3,4,4,5,7,8,4,2,2,3,4,4,5,6,7,7,8,4,1,1,2,4,4,5,6,6,7,7,8,8,9,3,0,1,3,3,4,4,5,6,6,7,7,8,8,4,3,2,3,3,4,4,5,5,6,7,7,8,4,4,3,2,2,3,3,4,5,6,6,7,7,8,9,10,10,5,4,3,3,4,4,5,6,7,8,8,9,10,11,6,5,4,4,5,6,9,12,6,4,5,6,6,7,8,9,10,12,5,6,7,8,9,10,10,11,12,13,7,5,5,6,6,7,8,8,9,9,10,10,11,13,13,7,6,6,7,7,8,9,10,10,11,12,12,7,8,9,10,10,12,12,13,14,7,8,8,9,9,10,11,13,14,14,15,7,8,8,9,9,10,10,11,12,12,13,13,14,14,15,15,10,7,7,8,9,10,10,11,12,12,13,14,14,15,15,16,10,9,7,8,8,9,10,11,12,12,13,13,14,15,15,16,16,11,8,8,8,9,9,10,12,13,13,14,14,15,15,16,16,17,10,9,8,9,9,10,10,11,12,14,15,15,16,16,17
87,7,6,6,7,8,8,9,10,13,8,7,6,6,5,4,5,6,6,7,7,8,8,9,7,5,4,6,6,7,7,8,4,4,3,3,4,5,6,6,7,3,3,2,3,3,4,4,5,6,8,3,2,2,3,3,4,4,7,8,5,1,2,2,3,4,4,5,6,7,7,4,1,1,1,3,4,4,5,6,6,7,7,8,8,3,1,0,2,3,3,4,4,5,6,6,7,7,8,4,4,2,2,3,3,4,4,5,6,6,7,7,5,4,3,1,2,2,3,4,4,5,5,6,7,7,9,9,10,6,5,2,3,3,4,4,6,7,7,8,8,10,10,6,6,3,4,4,6,8,11,6,4,4,5,6,7,7,9,10,12,4,5,7,7,9,9,10,10,12,12,7,6,4,5,5,6,7,8,8,9,9,10,10,12,13,7,7,5,6,7,8,8,9,10,10,11,12,8,8,8,9,10,11,12,13,13,7,7,8,8,9,9,10,12,13,14,14,6,7,8,8,9,9,10,10,11,12,12,13,13,14,14,15,10,7,7,7,8,9,10,10,11,12,12,13,14,14,15,15,10,10,8,7,8,9,10,10,11,12,12,13,14,14,15,15,16,12,9,8,8,8,9,10,12,12,13,13,14,14,15,15,16,16,10,10,9,8,9,9,10,10,11,14,14,15,15,16,16
88,9,8,5,4,6,6,7,8,11,10,9,8,8,7,7,5,4,4,4,5,6,6,7,9,7,7,3,4,4,5,6,7,6,6,5,4,3,3,4,4,6,5,4,4,3,3,2,3,3,6,6,4,3,3,2,2,2,4,6,7,3,3,2,1,2,2,3,4,4,5,7,3,3,2,1,2,2,3,3,4,4,5,6,6,6,3,2,0,1,1,2,2,3,3,4,4,5,6,7,6,4,1,1,1,2,2,3,3,4,4,5,7,7,6,3,3,2,2,2,2,3,3,4,4,5,7,7,8,8,7,3,3,2,2,2,3,4,5,5,6,8,8,8,8,3,3,2,3,6,9,8,4,3,3,3,4,5,7,8,9,4,4,4,5,7,7,8,8,9,10,9,8,6,5,4,4,5,6,6,7,7,8,8,10,10,9,9,6,5,4,5,6,7,8,8,9,9,10,5,6,7,8,9,9,10,11,7,6,6,6,7,7,8,10,11,12,12,8,7,7,6,7,7,8,8,9,9,10,10,11,12,12,13,13,9,9,8,7,7,8,8,9,9,10,11,12,12,13,13,13,12,10,9,9,8,8,8,9,9,10,10,12,12,13,13,14,14,11,10,10,9,9,8,9,10,10,11,12,12,13,13,14,14,13,12,11,10,10,9,9,8,9,12,12,13,13,14,14
89,10,8,6,5,5,6,6,7,10,10,10,9,8,8,7,6,5,4,4,4,5,6,6,9,8,7,4,3,4,4,5,7,7,6,6,4,3,3,3,4,6,6,5,4,4,3,3,2,3,6,6,4,4,3,3,2,2,4,5,8,4,3,3,2,1,2,2,3,4,4,7,4,3,3,1,1,2,2,3,3,4,4,5,6,6,3,3,1,0,1,1,2,2,3,3,4,4,5,7,7,5,2,1,1,1,2,2,3,3,4,4,8,7,6,4,3,3,2,1,2,2,3,3,4,4,6,7,7,8,8,4,3,3,2,2,3,4,4,5,6,7,8,9,8,4,3,3,3,6,8,9,4,4,3,3,4,4,6,7,9,5,4,4,4,6,7,7,8,9,9,10,8,6,6,5,4,4,5,5,6,7,7,8,9,10,10,9,6,6,5,5,6,7,7,8,8,9,10,5,5,7,7,8,9,10,10,7,7,6,6,6,7,8,9,10,11,12,9,8,7,7,6,7,7,8,8,9,9,10,10,11,12,12,13,10,9,9,8,7,7,8,8,9,9,10,11,12,12,13,13,13,10,10,9,8,7,8,8,9,9,10,11,12,12,13,13,14,12,11,10,10,9,8,9,9,10,10,11,12,12,13,13,14,13,13,12,11,10,10,9,9,8,11,12,12,13,13,14
90,10,9,6,6,4,5,6,7,10,11,10,9,9,8,8,6,6,5,4,4,4,5,6,10,8,8,4,4,3,4,4,8,7,7,6,5,4,3,3,3,7,6,6,5,4,4,3,3,2,5,7,5,4,4,3,3,2,3,4,8,4,4,3,2,2,1,2,3,3,4,8,4,4,3,1,1,1,2,2,3,3,4,4,5,7,4,3,1,1,0,1,1,2,2,3,3,4,4,8,7,6,2,2,1,1,1,2,2,3,3,4,8,8,7,4,4,3,3,2,1,2,2,3,3,4,6,6,7,9,8,4,4,3,3,2,2,3,4,4,5,7,7,9,9,4,4,3,2,5,8,9,5,4,4,3,3,4,6,7,8,6,5,3,4,6,6,7,7,8,9,10,9,7,6,6,5,4,4,5,6,6,7,7,9,9,10,10,7,6,5,4,5,6,7,7,8,8,11,5,5,6,7,8,8,9,10,8,7,7,6,6,6,7,9,10,10,11,9,8,8,7,7,6,7,7,8,8,9,9,10,10,11,12,14,10,10,9,8,7,7,7,8,8,9,10,10,11,12,12,14,13,11,10,10,9,8,7,8,8,9,9,10,11,12,12,13,15,12,12,11,10,10,9,8,9,9,10,10,11,12,12,13,13,14,13,12,12,11,10,10,9,9,10,11,12,12,13,13
91,11,9,7,6,5,4,5,6,9,12,11,10,9,9,8,7,6,6,5,4,4,4,5,10,9,8,5,4,4,3,4,8,8,7,7,6,4,4,3,3,7,7,6,6,5,4,4,3,3,4,7,6,5,4,4,3,3,3,4,9,5,4,4,3,2,2,1,2,3,3,8,5,4,4,2,1,1,1,2,2,3,3,4,4,7,4,4,2,1,1,0,1,1,2,2,3,3,4,8,8,6,3,2,2,1,1,1,2,2,3,3,9,8,7,5,4,4,3,2,2,1,2,2,3,3,5,6,6,9,9,5,4,4,3,3,2,3,3,4,4,6,7,10,9,5,4,4,3,4,7,10,6,5,4,4,3,3,5,6,8,6,6,4,3,5,5,6,7,8,8,11,9,7,7,6,6,4,4,4,5,6,6,7,8,9,11,10,7,7,6,5,4,5,6,7,7,8,12,6,6,5,6,7,8,9,9,8,8,7,7,6,6,7,8,9,10,10,10,9,8,8,7,7,6,7,7,8,8,9,9,10,10,11,14,11,10,10,9,8,7,7,7,8,8,9,10,10,11,12,14,14,12,11,10,9,8,8,7,8,8,9,10,10,11,12,12,15,13,12,12,11,10,9,8,8,9,9,10,10,11,12,12,13,14,14,13,12,12,11,10,10,9,10,10,11,12,12,13
92,12,10,7,7,6,5,4,6,9,12,12,10,10,9,9,7,7,6,6,5,4,4,4,11,9,9,6,5,4,4,3,9,8,8,7,6,5,4,4,3,8,7,7,6,6,5,4,4,3,4,8,6,6,5,4,4,3,2,3,9,5,5,4,3,3,2,2,2,2,3,9,6,5,4,2,2,1,1,1,2,2,3,3,4,8,5,4,2,2,1,1,0,1,1,2,2,3,3,9,8,7,3,3,2,2,1,1,1,2,2,3,9,9,8,5,5,4,4,3,2,2,1,2,2,3,4,5,6,10,9,5,5,4,4,3,2,2,3,3,4,6,6,10,10,6,5,4,3,4,7,10,6,6,5,4,3,3,4,6,7,7,6,4,4,4,5,6,6,7,8,12,10,8,7,7,6,5,4,4,4,5,6,6,8,8,12,11,8,7,7,5,5,5,6,6,7,7,12,7,6,5,6,7,7,8,9,9,8,8,7,7,6,6,8,9,9,10,10,9,9,8,8,7,7,6,7,7,8,8,9,9,10,10,15,12,11,10,9,8,8,7,7,7,8,9,9,10,10,11,15,14,12,12,11,10,9,8,8,7,8,8,9,10,10,11,12,16,13,13,12,12,11,10,8,8,8,9,9,10,10,11,12,12,15,14,13,13,12,12,11,10,10,9,10,10,11,12,12
93,12,10,8,7,6,6,5,5,8,13,12,11,10,10,9,8,7,7,6,6,5,4,4,12,10,9,6,6,5,4,4,9,9,8,8,7,6,5,4,4,8,8,7,7,6,6,5,4,4,3,8,7,6,6,5,4,4,2,3,10,6,6,5,4,3,3,2,1,2,2,9,6,6,5,3,2,2,1,1,1,2,2,3,3,8,6,5,3,2,2,1,1,0,1,1,2,2,3,9,9,7,4,3,3,2,2,1,1,1,2,2,10,9,8,6,6,5,4,3,3,2,2,1,2,2,4,4,5,10,10,6,6,5,4,4,3,2,2,3,3,5,5,11,10,6,6,5,4,3,6,11,7,6,6,5,4,3,4,5,7,7,7,5,4,4,4,5,5,7,7,12,10,8,8,7,7,6,5,4,4,4,5,6,7,8,12,12,8,8,7,6,5,4,5,5,6,7,13,7,7,6,5,6,7,8,8,9,9,8,8,7,7,6,7,8,9,9,11,10,9,9,8,8,7,7,6,7,7,8,8,9,9,10,15,12,12,11,10,9,8,8,7,7,7,8,9,9,10,10,15,15,13,12,12,10,9,9,8,8,7,8,9,9,10,10,11,16,14,13,13,12,12,10,9,8,8,8,9,9,10,10,11,12,15,15,14,13,13,12,12,11,10,9,9,10,10,11,12
94,13,11,8,8,7,6,6,4,8,13,13,12,11,10,10,8,8,7,7,6,6,5,4,12,10,10,7,6,6,5,4,10,9,9,8,7,6,6,5,4,9,8,8,7,7,6,6,5,4,3,9,7,7,6,6,5,4,2,2,10,7,6,6,4,4,3,3,2,1,2,10,7,6,6,3,3,2,2,1,1,1,2,2,3,9,6,6,3,3,2,2,1,1,0,1,1,2,2,10,9,8,4,4,3,3,2,2,1,1,1,2,10,10,9,7,6,6,5,4,3,3,2,2,1,2,3,4,4,11,10,7,6,6,5,4,3,2,2,2,3,4,5,12,11,7,6,6,4,3,5,12,7,7,6,6,4,4,3,4,6,8,7,6,5,3,4,4,5,6,7,13,11,9,8,8,7,6,6,5,4,4,4,5,7,7,13,12,9,8,8,7,6,5,4,5,5,6,13,8,7,6,6,5,6,7,8,10,9,9,8,8,7,6,7,8,8,9,12,10,10,9,9,8,8,7,7,6,7,7,8,8,9,9,16,13,12,12,10,9,9,8,8,7,7,8,8,9,9,10,16,15,13,13,12,11,10,9,9,8,8,7,8,9,9,10,10,17,14,14,13,13,12,11,9,9,8,8,8,9,9,10,10,11,16,15,14,14,13,13,12,12,11,8,9,9,10,10,11
95,13,12,9,8,7,7,6,5,7,14,13,12,12,11,10,9,8,8,7,7,6,6,5,13,11,10,7,7,6,6,5,10,10,9,9,8,7,6,6,5,9,9,8,8,7,7,6,6,5,2,9,8,7,7,6,6,5,3,2,11,7,7,6,5,4,4,3,2,2,1,10,7,7,6,4,3,3,2,2,1,1,1,2,2,9,7,6,4,3,3,2,2,1,1,0,1,1,2,10,10,8,5,4,4,3,3,2,2,1,1,1,11,10,9,7,7,6,6,4,4,3,3,2,2,1,3,3,4,12,11,7,7,6,5,5,4,3,2,2,2,4,4,12,12,7,7,6,5,2,5,12,8,7,7,6,5,4,3,4,6,8,8,6,5,4,3,4,4,6,6,13,12,9,9,8,8,7,6,6,5,4,4,4,6,7,13,13,9,9,8,7,7,5,5,4,5,5,14,8,8,7,6,5,6,7,7,10,10,9,9,8,8,7,6,7,8,8,12,11,10,10,9,9,8,8,7,7,6,7,7,8,8,9,16,13,13,12,11,10,9,9,8,8,7,7,8,8,9,9,16,16,14,13,13,12,10,10,9,9,8,8,8,8,9,9,10,18,15,14,14,13,13,12,10,9,9,8,8,8,9,9,10,10,16,16,15,14,14,13,13,12,12,9,8,9,9,10,10
96,14,12,9,9,8,7,7,6,7,14,14,13,12,12,11,9,9,8,8,7,7,6,6,13,12,11,8,7,7,6,6,11,10,10,9,8,7,7,6,6,10,9,9,8,8,7,7,6,6,3,10,8,8,7,7,6,6,3,2,12,8,7,7,6,5,4,4,3,2,2,11,8,7,7,4,4,3,3,2,2,1,1,1,2,10,7,7,4,4,3,3,2,2,1,1,0,1,1,11,10,9,6,5,4,4,3,3,2,2,1,1,12,11,10,8,7,7,6,5,4,4,3,3,2,2,2,3,3,12,12,8,7,7,6,6,4,3,3,2,2,3,4,13,12,8,7,7,6,3,4,13,8,8,7,7,6,5,3,3,5,9,8,7,6,4,4,3,4,5,5,14,12,10,9,9,8,7,7,6,6,5,4,4,6,6,14,13,10,9,9,8,7,6,5,5,4,5,14,9,8,7,7,6,5,6,7,11,10,10,9,9,8,7,6,7,7,8,13,12,11,10,10,9,9,8,8,7,7,6,7,7,8,8,17,14,13,13,12,10,10,9,9,8,8,7,7,8,8,9,17,16,14,14,13,12,11,10,10,9,9,8,7,8,8,9,9,18,15,15,14,14,13,12,10,10,9,9,8,8,8,9,9,10,17,16,15,15,14,14,13,13,12,9,9,8,9,9,10
97,14,13,10,9,8,8,7,6,6,15,14,13,13,12,12,10,9,9,8,8,7,7,6,14,12,12,8,8,7,7,6,12,11,10,10,9,8,7,7,6,10,10,9,9,8,8,7,7,6,3,10,9,8,8,7,7,6,4,3,12,8,8,7,6,5,5,4,3,3,2,12,8,8,7,5,4,4,3,3,2,2,1,1,1,10,8,7,5,4,4,3,3,2,2,1,1,0,1,12,11,9,6,5,5,4,4,3,3,2,2,1,12,12,10,8,8,7,7,5,5,4,4,3,3,2,2,2,3,13,12,8,8,7,7,6,5,4,3,3,2,3,3,13,13,8,8,7,6,3,4,13,9,8,8,7,6,6,4,3,4,9,9,7,7,5,4,4,3,4,5,14,13,10,10,9,9,8,7,7,6,5,5,4,5,6,14,14,10,10,9,8,8,7,6,5,5,4,15,9,9,8,7,6,5,6,6,12,11,10,10,9,9,8,6,6,7,7,13,12,12,11,10,10,9,9,8,8,7,7,6,7,7,8,18,14,14,13,12,11,10,10,9,9,8,7,7,7,8,8,18,17,15,14,14,13,12,11,10,10,9,9,8,7,8,8,9,19,16,15,15,14,14,13,11,10,10,9,9,8,8,8,9,9,18,17,16,15,15,14,14,13,13,10,9,9,8,9,9
98,15,13,10,10,9,8,8,7,6,15,15,14,13,13,12,10,10,9,9,8,8,7,7,14,13,12,9,8,8,7,7,12,12,11,10,9,8,8,7,7,11,10,10,9,9,8,8,7,7,4,11,9,9,8,8,7,7,4,3,13,9,8,8,7,6,6,5,4,3,3,12,9,8,8,6,5,4,4,3,3,2,2,1,1,11,8,8,6,5,4,4,3,3,2,2,1,1,0,12,12,10,7,6,6,5,4,4,3,3,2,2,13,12,11,9,8,8,7,6,6,5,4,4,3,3,1,2,2,13,13,9,8,8,7,7,5,4,4,3,3,2,3,14,13,9,8,8,7,4,3,14,9,9,8,8,7,6,4,3,4,10,9,8,7,5,5,4,4,4,4,15,13,11,10,10,9,8,8,7,7,6,6,5,4,5,15,14,11,10,10,9,8,7,7,6,5,5,15,10,9,8,8,7,6,5,6,12,12,11,10,10,9,8,7,6,6,7,14,13,12,12,11,10,10,9,9,8,8,7,7,6,7,7,18,15,14,14,13,12,11,10,10,9,9,8,7,7,7,8,18,18,15,15,14,13,12,12,11,10,10,9,8,8,7,8,8,19,16,16,15,15,14,13,12,11,10,10,9,9,8,8,8,9,18,18,16,16,15,15,14,14,13,10,10,9,9,8,9
99,6,8,10,11,12,13,13,14,18,4,5,6,7,7,8,9,10,10,11,12,12,13,13,4,6,7,10,10,11,12,12,6,6,7,7,8,9,10,10,11,6,6,7,7,8,8,9,9,10,13,4,6,7,7,8,8,9,11,12,2,6,6,7,8,8,9,9,10,11,12,1,4,5,6,8,8,9,9,10,10,11,12,12,13,1,4,4,7,7,8,8,9,9,10,10,11,12,12,0,1,2,6,6,7,7,8,8,9,9,10,10,1,1,2,4,5,6,6,7,8,8,9,9,10,10,12,13,13,1,2,6,6,7,7,8,9,10,10,11,12,13,14,2,2,7,7,8,9,12,14,3,7,8,8,9,10,10,12,13,15,8,8,10,10,12,13,13,14,15,15,4,6,8,8,9,9,10,11,12,12,13,13,14,15,16,5,6,9,9,10,11,12,13,13,14,14,15,6,11,12,13,13,14,15,16,16,10,10,11,12,12,13,14,15,16,17,18,9,10,11,12,12,13,13,14,14,15,15,16,16,17,18,18,6,9,10,10,12,13,13,14,14,15,15,16,17,18,18,19,7,8,10,10,11,12,13,14,14,15,15,16,17,18,18,19,19,7,10,10,11,12,12,13,15,15,16,16,17,18,18,19,19,20,9,10,11,12,12,13,13,14,14,17,18,18,19,19,20
100,6,7,10,10,12,12,13,14,17,5,4,6,6,7,7,9,9,10,10,11,12,12,13,4,6,6,9,10,10,11,12,5,6,6,7,8,9,9,10,10,5,6,6,7,7,8,8,9,9,12,4,6,6,7,7,8,8,10,12,2,5,6,6,7,8,8,9,10,10,11,2,4,4,5,7,8,8,9,9,10,10,11,12,12,1,3,4,6,7,7,8,8,9,9,10,10,11,12,1,0,2,5,6,6,7,7,8,8,9,9,10,1,1,2,4,4,5,6,7,7,8,8,9,9,10,12,12,13,2,1,5,6,6,7,7,8,9,10,10,11,13,13,2,2,6,7,7,8,11,14,2,7,7,8,8,9,10,12,13,14,7,8,9,10,12,12,13,13,14,15,3,5,7,8,8,9,10,10,11,12,12,13,13,15,15,4,5,8,9,9,10,11,12,13,13,14,14,5,10,11,12,13,14,14,15,16,9,10,10,11,12,12,13,15,16,16,17,9,10,10,11,12,12,13,13,14,14,15,15,16,16,17,18,7,9,9,10,11,12,13,13,14,14,15,16,16,17,18,18,7,7,9,10,10,12,13,13,14,14,15,15,16,17,18,18,19,8,9,10,10,11,12,13,14,15,15,16,16,17,18,18,19,19,9,9,10,11,12,12,13,13,14,16,17,18,18,19,19
101,6,6,8,9,10,10,11,12,15,7,6,5,4,5,6,7,8,8,9,9,10,10,11,6,4,4,8,8,9,9,10,3,4,4,5,6,7,8,8,9,3,4,4,5,6,6,7,7,8,10,2,4,4,5,6,6,7,9,10,4,3,4,4,6,6,7,7,8,9,9,3,2,3,3,6,6,7,7,8,8,9,9,10,10,2,2,2,4,5,6,6,7,7,8,8,9,9,10,2,2,0,3,4,4,5,6,6,7,7,8,8,3,2,1,2,3,3,4,5,6,6,7,7,8,8,10,10,11,3,3,3,4,4,5,6,7,8,8,9,9,11,12,4,3,4,5,6,7,9,12,4,5,6,6,7,8,8,10,11,13,6,6,8,8,10,10,11,12,13,13,5,3,6,6,7,7,8,9,9,10,10,11,12,13,14,5,4,7,7,8,9,9,10,11,12,12,13,6,9,9,10,11,12,13,14,14,8,8,9,9,10,10,12,13,14,15,15,7,8,9,9,10,10,11,12,12,13,13,14,14,15,15,16,8,7,8,8,9,10,11,12,12,13,13,14,15,15,16,16,8,8,8,8,9,10,11,12,12,13,13,14,15,15,16,16,17,9,8,8,9,9,10,11,13,13,14,14,15,15,16,16,17,18,8,8,9,9,10,10,11,12,12,15,15,16,16,17,18
102,9,8,5,6,7,7,8,9,12,10,9,8,8,7,7,5,4,5,6,6,7,7,8,9,7,7,4,5,6,6,7,7,6,6,5,4,4,4,5,6,6,5,4,4,3,3,3,4,4,7,6,4,3,3,2,3,3,6,7,7,3,3,2,2,3,3,4,5,6,6,7,3,3,2,2,3,3,4,4,5,6,6,7,7,6,3,2,1,2,2,3,3,4,4,5,6,6,7,6,5,3,0,1,1,2,2,3,3,4,4,5,6,6,4,2,2,1,1,2,2,3,3,4,4,5,7,7,8,7,6,2,2,1,2,2,3,4,5,6,6,8,8,7,7,2,2,2,3,6,9,7,3,2,3,3,4,5,7,8,9,3,3,4,5,7,7,8,8,9,10,8,7,4,4,3,4,5,6,6,7,7,8,8,10,10,8,8,4,4,4,6,6,7,8,8,9,9,9,6,6,7,8,9,9,10,11,5,5,6,6,7,7,8,10,11,12,12,7,6,6,6,7,7,8,8,9,9,10,10,11,12,12,13,12,8,8,7,6,7,8,8,9,9,10,11,12,12,13,13,12,11,9,8,8,7,8,8,9,9,10,10,12,12,13,13,14,13,10,9,9,8,8,8,9,10,10,11,12,12,13,13,14,14,12,11,10,9,9,8,8,8,9,12,12,13,13,14,14
103,10,8,6,5,6,7,7,8,12,10,10,9,8,8,7,6,5,4,5,6,6,7,7,9,8,7,4,4,5,6,6,7,7,6,6,4,3,4,4,5,6,6,5,4,4,3,3,3,4,7,6,4,4,3,3,2,3,5,6,8,4,3,3,2,2,3,3,4,5,5,7,4,3,3,2,2,3,3,4,4,5,6,6,7,6,3,3,1,1,2,2,3,3,4,4,5,5,6,6,6,4,1,0,1,1,2,2,3,3,4,4,7,6,5,3,2,2,1,1,2,2,3,3,4,4,6,7,7,7,7,3,2,2,1,2,3,4,4,5,6,7,8,8,7,3,2,2,3,6,8,8,3,3,2,3,4,4,6,7,9,4,3,4,4,6,7,7,8,9,9,9,7,5,4,4,3,4,5,5,6,7,7,8,9,10,9,8,5,4,4,5,6,7,7,8,8,9,9,5,6,7,7,8,9,10,10,6,6,5,5,6,7,8,9,10,11,12,8,7,6,6,6,7,7,8,8,9,9,10,10,11,12,12,12,9,8,8,7,7,7,8,8,9,9,10,11,12,12,13,12,12,9,9,8,7,7,8,8,9,9,10,11,12,12,13,13,13,10,10,9,9,8,7,9,9,10,10,11,12,12,13,13,14,12,12,10,10,9,9,8,8,8,11,12,12,13,13,14
104,10,9,6,6,6,6,7,8,11,11,10,9,9,8,8,6,6,5,4,5,6,6,7,10,8,8,4,4,4,5,6,8,7,7,6,5,4,3,4,4,7,6,6,5,4,4,3,3,3,6,7,5,4,4,3,3,2,4,6,8,4,4,3,2,2,2,3,4,4,5,8,4,4,3,1,2,2,3,3,4,4,5,6,6,7,4,3,1,1,1,2,2,3,3,4,4,5,6,7,6,4,1,1,0,1,1,2,2,3,3,4,7,7,6,3,3,2,2,1,1,2,2,3,3,4,6,6,7,8,7,3,3,2,2,1,2,3,4,4,5,7,7,8,8,3,3,2,2,5,8,8,4,3,3,2,3,4,6,7,8,4,4,3,4,6,6,7,7,8,9,9,8,6,5,4,4,4,4,5,6,6,7,7,9,9,9,9,6,5,4,4,5,6,7,7,8,8,10,4,5,6,7,8,8,9,10,7,6,5,5,5,6,7,9,10,10,11,8,7,7,6,6,6,7,7,8,8,9,9,10,10,11,12,13,9,9,8,7,6,7,7,8,8,9,10,10,11,12,12,13,12,10,9,9,8,7,7,8,8,9,9,10,11,12,12,13,14,11,10,10,9,9,8,8,9,9,10,10,11,12,12,13,13,13,12,11,10,10,9,9,8,8,10,11,12,12,13,13
105,11,9,7,6,5,6,6,7,10,12,11,10,9,9,8,7,6,6,5,4,5,6,6,10,9,8,5,4,4,4,5,8,8,7,7,6,4,4,3,4,7,7,6,6,5,4,4,3,3,6,7,6,5,4,4,3,3,4,5,9,5,4,4,3,2,2,2,3,4,4,8,5,4,4,2,1,2,2,3,3,4,4,5,6,7,4,4,2,1,1,1,2,2,3,3,4,4,5,7,7,5,2,1,1,0,1,1,2,2,3,3,8,7,6,4,3,3,2,1,1,1,2,2,3,3,5,6,6,8,8,4,3,3,2,2,2,3,3,4,4,6,7,9,8,4,3,3,2,4,7,9,4,4,3,3,3,3,5,6,8,5,4,3,3,5,6,6,7,8,8,10,8,6,6,5,4,3,4,4,5,6,6,7,8,9,10,9,6,6,5,4,4,6,6,7,7,8,10,5,4,6,6,7,8,9,9,7,7,6,5,5,6,7,8,9,10,10,9,8,7,7,6,6,6,7,7,8,8,9,9,10,10,11,13,10,9,9,8,7,6,7,7,8,8,9,10,10,11,12,13,13,10,10,9,8,7,7,7,8,8,9,10,10,11,12,12,14,12,11,10,10,9,8,8,8,9,9,10,10,11,12,12,13,13,13,12,11,10,10,9,9,8,10,10,11,12,12,13
106,12,10,7,7,6,5,5,7,10,12,12,10,10,9,9,7,7,6,6,5,4,5,6,11,9,9,6,5,4,4,4,9,8,8,7,6,5,4,4,3,8,7,7,6,6,5,4,4,3,5,8,6,6,5,4,4,3,3,4,9,6,5,4,3,3,2,2,3,3,4,9,6,5,4,2,2,1,2,2,3,3,4,4,5,8,5,4,2,2,1,1,1,2,2,3,3,4,4,8,7,6,2,2,1,1,0,1,1,2,2,3,8,8,7,4,4,3,3,2,1,1,1,2,2,3,4,5,5,9,8,4,4,3,3,2,1,2,3,3,4,6,6,9,9,4,4,3,2,4,7,9,5,4,4,3,2,3,4,5,7,6,5,3,3,4,5,6,6,7,8,10,9,7,6,6,5,4,3,4,4,5,5,6,8,8,10,10,7,6,6,4,4,5,6,6,7,7,11,6,5,5,6,7,7,8,9,8,7,7,6,6,5,6,8,9,9,10,9,8,8,7,7,6,6,6,7,7,8,8,9,9,10,10,14,10,10,9,8,7,7,6,7,7,8,9,9,10,10,11,14,13,11,10,10,9,8,7,7,7,8,8,9,10,10,11,12,15,12,12,11,10,10,9,7,8,8,9,9,10,10,11,12,12,14,13,12,12,11,10,10,9,9,9,10,10,11,12,12
107,12,10,8,7,6,5,5,6,9,13,12,11,10,10,9,8,7,7,6,6,5,4,5,12,10,9,6,6,5,4,4,9,9,8,8,7,5,5,4,4,8,8,7,7,6,6,5,4,4,4,8,7,6,6,5,4,4,3,4,10,6,5,5,4,3,3,2,2,3,3,9,6,6,5,3,2,2,1,2,2,3,3,4,4,8,5,5,3,2,2,1,1,1,2,2,3,3,4,8,8,6,3,2,2,1,1,0,1,1,2,2,9,8,7,5,4,4,3,2,2,1,1,1,2,2,4,4,5,9,9,5,4,4,3,3,2,2,2,3,3,5,6,10,9,5,4,4,3,3,6,10,6,5,4,4,3,2,4,5,7,6,6,4,3,4,4,5,6,7,7,11,9,7,7,6,5,4,4,3,4,4,5,6,7,8,11,10,7,7,6,5,4,4,5,6,6,7,12,6,6,4,5,6,7,8,8,8,8,7,7,6,5,6,7,8,9,9,10,9,8,8,7,7,6,6,6,7,7,8,8,9,9,10,14,11,10,10,9,8,7,7,6,7,7,8,9,9,10,10,14,14,12,11,10,9,8,8,7,7,7,8,9,9,10,10,11,15,13,12,12,11,10,9,8,7,8,8,9,9,10,10,11,12,14,14,13,12,12,11,10,10,9,9,9,10,10,11,12
108,13,11,8,8,7,6,6,6,9,13,13,12,11,10,10,8,8,7,7,6,6,5,4,12,10,10,7,6,6,5,4,10,9,9,8,7,6,6,5,4,9,8,8,7,7,6,6,5,4,4,9,7,7,6,6,5,4,2,3,10,7,6,6,4,4,3,3,2,2,3,10,7,6,6,3,3,2,2,1,2,2,3,3,4,9,6,6,3,3,2,2,1,1,1,2,2,3,3,9,8,7,3,3,2,2,1,1,0,1,1,2,9,9,8,6,5,4,4,3,2,2,1,1,1,2,3,4,4,10,9,6,5,4,4,3,2,1,2,2,3,4,5,10,10,6,5,4,3,3,6,10,6,6,5,4,3,3,3,4,6,7,6,4,4,3,4,4,5,6,7,12,10,8,7,7,6,5,4,4,3,4,4,5,7,7,12,11,8,7,7,6,5,4,4,5,6,6,12,7,6,5,4,6,6,7,8,9,8,8,7,7,6,5,7,8,8,9,10,9,9,8,8,7,7,6,6,6,7,7,8,8,9,9,15,12,11,10,9,8,8,7,7,6,7,8,8,9,9,10,15,14,12,12,11,10,9,8,8,7,7,7,8,9,9,10,10,16,13,13,12,12,11,10,8,8,7,8,8,9,9,10,10,11,15,14,13,13,12,12,11,10,10,8,9,9,10,10,11
109,13,12,9,8,7,7,6,5,8,14,13,12,12,11,10,9,8,8,7,7,6,6,5,13,11,10,7,7,6,6,5,10,10,9,9,8,7,6,6,5,9,9,8,8,7,7,6,6,5,3,9,8,7,7,6,6,5,3,3,11,7,7,6,5,4,4,3,2,2,2,10,7,7,6,4,3,3,2,2,1,2,2,3,3,9,7,6,4,3,3,2,2,1,1,1,2,2,3,9,9,7,4,3,3,2,2,1,1,0,1,1,10,9,8,6,6,5,4,3,3,2,2,1,1,1,3,3,4,10,10,6,6,5,4,4,3,2,1,2,2,4,4,11,10,6,6,5,4,2,5,11,7,6,6,5,4,3,3,4,5,7,7,5,4,3,3,4,4,6,6,12,10,8,8,7,7,6,5,4,4,3,4,4,6,7,12,12,8,8,7,6,6,4,4,4,5,5,13,7,7,6,5,5,6,7,7,9,9,8,8,7,7,6,6,7,8,8,11,10,9,9,8,8,7,7,6,6,6,7,7,8,8,9,15,12,12,11,10,9,8,8,7,7,6,7,8,8,9,9,15,15,13,12,12,10,9,9,8,8,7,7,8,8,9,9,10,16,14,13,13,12,12,10,9,8,8,7,8,8,9,9,10,10,15,15,14,13,13,12,12,11,10,8,8,9,9,10,10
110,14,12,9,9,8,7,7,5,8,14,14,13,12,12,11,9,9,8,8,7,7,6,6,13,12,11,8,7,7,6,6,11,10,10,9,8,7,7,6,5,10,9,9,8,8,7,7,6,6,3,10,8,8,7,7,6,6,3,2,12,8,7,7,5,5,4,4,3,2,2,11,8,7,7,4,4,3,3,2,2,1,2,2,3,10,7,7,4,4,3,3,2,2,1,1,1,2,2,10,9,8,4,4,3,3,2,2,1,1,0,1,10,10,9,7,6,6,5,4,3,3,2,2,1,1,2,3,3,11,10,7,6,6,5,4,3,2,2,1,2,3,4,12,11,7,6,6,4,2,4,12,7,7,6,6,4,4,2,3,5,8,7,6,5,3,3,3,4,5,6,13,11,9,8,8,7,6,5,5,4,4,3,4,6,6,13,12,9,8,8,7,6,5,4,4,4,5,13,8,7,6,6,4,5,6,7,10,9,9,8,8,7,6,6,7,7,8,12,10,10,9,9,8,8,7,7,6,6,6,7,7,8,8,16,13,12,12,10,9,9,8,8,7,7,7,7,8,8,9,16,15,13,13,12,11,10,9,9,8,8,7,7,8,8,9,9,17,14,14,13,13,12,11,9,9,8,8,7,8,8,9,9,10,16,15,14,14,13,13,12,12,11,8,8,8,9,9,10
111,14,13,10,9,8,8,7,6,7,15,14,13,13,12,12,10,9,9,8,8,7,7,6,14,12,12,8,8,7,7,6,12,11,10,10,9,8,7,7,6,10,10,9,9,8,8,7,7,6,3,10,9,8,8,7,7,6,4,3,12,8,8,7,6,6,5,4,3,3,2,12,8,8,7,5,4,4,3,3,2,2,1,2,2,10,8,7,5,4,4,3,3,2,2,1,1,1,2,10,10,8,5,4,4,3,3,2,2,1,1,0,11,10,9,7,7,6,6,4,4,3,3,2,2,1,2,2,3,12,11,7,7,6,6,5,4,3,2,2,1,3,3,12,12,7,7,6,5,2,4,12,8,7,7,6,5,4,3,3,4,8,8,6,6,4,3,3,3,4,5,13,12,9,9,8,8,7,6,6,5,4,4,3,5,5,13,13,9,9,8,7,7,6,5,4,4,4,14,8,8,7,6,5,4,6,6,10,10,9,9,8,8,7,5,6,7,7,12,11,10,10,9,9,8,8,7,7,6,6,6,7,7,8,16,13,13,12,11,10,9,9,8,8,7,6,7,7,8,8,16,16,14,13,13,12,10,10,9,9,8,8,7,7,8,8,9,18,15,14,14,13,13,12,10,9,9,8,8,7,8,8,9,9,16,16,15,14,14,13,13,12,12,9,8,8,8,9,9
112,7,8,11,12,13,13,14,15,18,5,6,7,7,8,8,10,10,11,12,12,13,13,14,5,7,7,10,11,12,12,13,6,7,7,8,9,10,10,11,12,6,7,7,8,8,9,9,10,10,13,5,7,7,8,8,9,9,12,13,2,6,7,7,8,9,9,10,11,12,12,2,5,6,6,8,9,9,10,10,11,12,12,13,13,2,4,5,7,8,8,9,9,10,10,11,12,12,13,1,1,3,6,7,7,8,8,9,9,10,10,11,0,1,2,4,4,5,6,7,7,8,8,9,9,10,12,12,13,1,1,5,6,6,7,7,8,9,10,10,11,13,13,1,2,6,7,7,8,11,14,2,7,7,8,8,9,10,12,13,14,7,8,9,10,12,12,13,13,14,15,3,5,7,8,8,9,10,10,11,12,12,13,13,15,15,4,5,8,9,9,10,11,12,13,13,14,14,5,10,11,12,13,14,14,15,16,9,10,10,11,12,12,13,15,16,16,17,9,10,10,11,12,12,13,13,14,14,15,15,16,16,17,18,6,9,9,10,11,12,13,13,14,14,15,16,16,17,18,18,7,7,9,10,10,12,13,13,14,14,15,15,16,17,18,18,19,7,9,10,10,11,12,13,14,15,15,16,16,17,18,18,19,19,9,9,10,11,12,12,13,13,14,16,17,18,18,19,19
113,6,8,10,11,12,13,13,14,18,6,5,6,7,7,8,9,10,10,11,12,12,13,13,4,6,7,10,10,11,12,12,6,6,7,7,8,9,10,10,11,6,6,7,7,8,8,9,9,10,13,4,6,7,7,8,8,9,11,12,3,6,6,7,8,8,9,9,10,11,12,2,4,5,6,8,8,9,9,10,10,11,12,12,13,1,4,4,7,7,8,8,9,9,10,10,11,12,12,1,1,2,6,6,7,7,8,8,9,9,10,10,1,0,1,3,4,4,5,6,7,7,8,8,9,9,11,12,12,1,1,4,5,6,6,7,8,9,9,10,10,12,13,2,1,6,6,7,8,10,13,2,6,7,7,8,9,9,11,12,14,7,7,9,9,11,12,12,13,14,14,3,4,7,7,8,8,9,10,10,11,12,12,13,14,15,4,4,8,8,9,10,10,12,12,13,13,14,4,10,10,12,12,13,14,15,15,9,9,10,10,11,12,13,14,15,16,16,8,9,10,10,11,12,12,13,13,14,14,15,15,16,16,17,6,8,9,9,10,12,12,13,13,14,14,15,16,16,17,18,6,7,9,9,10,11,12,13,13,14,14,15,16,16,17,18,18,7,9,9,10,10,11,12,14,14,15,15,16,16,17,18,18,19,8,9,10,10,11,12,12,13,13,16,16,17,18,18,19
114,6,7,9,10,11,12,12,13,16,7,6,5,6,6,7,8,9,9,10,10,11,12,12,6,5,6,9,9,10,10,11,4,5,6,6,7,8,9,9,10,4,5,6,6,7,7,8,8,9,12,3,5,6,6,7,7,8,10,11,4,4,5,5,7,7,8,8,9,10,10,3,3,4,4,7,7,8,8,9,9,10,10,11,12,2,3,3,6,6,7,7,8,8,9,9,10,10,11,2,2,1,4,5,6,6,7,7,8,8,9,9,2,1,0,2,3,3,4,5,6,6,7,7,8,8,10,10,11,2,2,3,4,4,5,6,7,8,8,9,9,11,12,3,2,4,5,6,7,9,12,3,5,6,6,7,8,8,10,11,13,6,6,8,8,10,10,11,12,13,13,4,3,6,6,7,7,8,9,9,10,10,11,12,13,14,4,3,7,7,8,9,9,10,11,12,12,13,4,9,9,10,11,12,13,14,14,8,8,9,9,10,10,12,13,14,15,15,7,8,9,9,10,10,11,12,12,13,13,14,14,15,15,16,7,7,8,8,9,10,11,12,12,13,13,14,15,15,16,16,7,7,8,8,9,10,11,12,12,13,13,14,15,15,16,16,17,8,8,8,9,9,10,11,13,13,14,14,15,15,16,16,17,18,7,8,9,9,10,10,11,12,12,15,15,16,16,17,18
115,8,7,7,8,9,9,10,11,14,9,8,7,7,6,6,6,7,7,8,8,9,9,10,8,6,6,7,7,8,8,9,6,5,4,4,5,6,7,7,8,4,4,3,4,4,5,6,6,7,9,4,3,3,4,4,5,6,8,9,6,2,3,3,4,5,5,6,7,8,8,6,2,2,2,4,5,6,6,7,7,8,8,9,9,4,2,1,3,4,4,5,5,6,7,7,8,8,9,4,4,2,2,3,3,4,4,5,6,6,7,7,4,3,2,0,1,1,2,3,3,4,4,5,6,6,8,8,9,4,4,1,2,2,3,3,4,6,6,7,7,9,9,5,4,2,3,3,4,7,10,5,3,3,4,4,6,6,8,9,10,3,4,6,6,8,8,9,9,10,11,6,4,3,4,4,5,6,7,7,8,8,9,9,11,12,6,6,4,5,6,7,7,8,9,9,10,10,7,7,7,8,9,10,10,12,12,6,6,7,7,8,8,9,11,12,13,13,5,6,7,7,8,8,9,9,10,10,11,12,12,13,13,14,9,6,6,6,7,8,9,9,10,10,11,12,13,13,14,14,9,9,7,6,7,8,9,9,10,10,11,12,13,13,14,14,15,10,8,7,7,7,8,9,10,11,12,12,13,13,14,14,15,15,9,9,8,7,8,8,9,9,10,13,13,14,14,15,15
116,9,7,7,7,8,9,9,10,14,9,9,8,7,7,6,6,6,7,7,8,8,9,9,8,7,6,6,7,7,8,8,6,6,5,4,4,6,6,7,7,5,4,4,3,4,4,5,6,6,9,5,3,3,3,4,4,5,7,8,7,3,2,3,4,4,5,6,7,7,8,6,3,2,2,4,4,5,6,6,7,7,8,8,9,5,2,2,3,3,4,4,5,6,6,7,7,8,8,5,4,3,2,2,3,3,4,4,5,6,6,7,4,4,3,1,0,1,1,2,3,3,4,4,5,6,7,8,8,5,4,1,1,2,2,3,4,5,6,6,7,8,9,6,5,2,2,3,4,7,9,6,2,3,3,4,5,6,7,8,10,3,3,5,6,7,8,8,9,10,10,7,5,3,3,4,4,6,6,7,7,8,8,9,10,11,7,6,4,4,5,6,7,8,8,9,9,10,7,6,7,8,8,9,10,11,12,5,6,6,7,7,8,9,10,12,12,13,6,6,6,7,7,8,8,9,9,10,10,11,12,12,13,13,10,7,6,6,7,8,8,9,9,10,10,12,12,13,13,14,10,9,7,7,6,7,8,9,9,10,10,11,12,13,13,14,14,11,8,8,7,7,7,8,10,10,11,12,12,13,13,14,14,15,10,9,8,8,7,8,8,9,9,12,13,13,14,14,15
117,9,8,6,7,8,8,9,10,13,10,9,8,8,7,7,5,6,6,7,7,8,8,9,9,7,7,6,6,7,7,8,7,6,6,5,4,5,6,6,7,6,5,4,4,3,4,4,5,6,8,6,4,3,3,3,4,4,7,8,7,3,3,2,3,4,4,5,6,7,7,7,3,3,2,3,4,4,5,6,6,7,7,8,8,6,3,2,2,3,3,4,4,5,6,6,7,7,8,6,5,3,1,2,2,3,3,4,4,5,6,6,5,4,3,1,1,0,1,2,2,3,3,4,4,5,7,7,8,6,5,1,1,1,2,2,3,4,5,6,6,8,8,6,6,1,2,2,3,6,9,6,2,2,3,3,4,5,7,8,9,2,3,4,5,7,7,8,8,9,10,7,6,3,3,3,4,5,6,6,7,7,8,8,10,10,7,7,3,4,4,6,6,7,8,8,9,9,8,6,6,7,8,9,9,10,11,4,5,6,6,7,7,8,10,11,12,12,6,5,6,6,7,7,8,8,9,9,10,10,11,12,12,13,10,7,7,6,6,7,8,8,9,9,10,11,12,12,13,13,10,10,8,7,7,7,8,8,9,9,10,10,12,12,13,13,14,12,9,8,8,7,7,8,9,10,10,11,12,12,13,13,14,14,10,10,9,8,8,7,8,8,9,12,12,13,13,14,14
118,10,8,6,6,7,8,8,9,13,10,10,9,8,8,7,6,5,6,6,7,7,8,8,9,8,7,5,6,6,7,7,7,7,6,5,4,4,5,6,6,6,6,5,4,4,3,4,4,5,8,6,4,4,3,3,3,4,6,7,8,4,3,3,3,3,4,4,6,6,7,7,4,3,3,3,3,4,4,5,6,6,7,7,8,6,3,3,2,2,3,3,4,4,5,6,6,7,7,6,6,4,1,1,2,2,3,3,4,4,5,6,6,5,4,2,1,1,0,1,2,2,3,3,4,4,6,7,7,6,6,2,1,1,1,2,3,4,4,5,6,7,8,7,6,2,1,2,3,6,8,7,2,2,2,3,4,4,6,7,9,3,2,4,4,6,7,7,8,9,9,8,6,4,3,3,3,4,5,6,6,7,7,8,9,10,8,7,4,3,4,5,6,7,7,8,8,9,8,5,6,7,7,8,9,10,10,5,4,5,6,6,7,8,9,10,11,12,7,6,5,6,6,7,7,8,8,9,9,10,10,11,12,12,11,8,7,7,6,7,7,8,8,9,9,10,11,12,12,13,11,10,8,8,7,6,7,8,8,9,9,10,11,12,12,13,13,12,9,9,8,8,7,7,9,9,10,10,11,12,12,13,13,14,11,10,9,9,8,8,7,8,8,11,12,12,13,13,14
119,11,9,7,6,6,7,7,8,12,12,11,10,9,9,8,7,6,6,5,6,6,7,7,10,9,8,5,4,5,6,6,8,8,7,7,6,4,4,4,5,7,7,6,6,5,4,4,3,4,7,7,6,5,4,4,3,3,5,6,9,5,4,4,3,2,3,3,4,5,5,8,5,4,4,2,2,3,3,4,4,5,6,6,7,7,4,4,2,1,2,2,3,3,4,4,5,5,6,7,7,5,2,1,1,1,2,2,3,3,4,4,7,6,5,3,2,2,1,0,1,1,2,2,3,3,5,6,6,7,7,3,2,2,1,1,2,3,3,4,4,6,7,8,7,3,2,2,2,4,7,8,3,3,2,2,3,3,5,6,8,4,3,3,3,5,6,6,7,8,8,9,7,5,4,4,3,3,4,4,5,6,6,7,8,9,9,8,5,4,4,4,4,6,6,7,7,8,9,4,4,6,6,7,8,9,9,6,6,5,4,5,6,7,8,9,10,10,8,7,6,6,5,6,6,7,7,8,8,9,9,10,10,11,12,9,8,8,7,6,6,7,7,8,8,9,10,10,11,12,12,12,9,9,8,7,6,7,7,8,8,9,10,10,11,12,12,13,10,10,9,9,8,7,8,8,9,9,10,10,11,12,12,13,12,12,10,10,9,9,8,8,7,10,10,11,12,12,13
120,12,10,7,7,6,6,7,8,11,12,12,10,10,9,9,7,7,6,6,5,6,6,7,11,9,9,6,5,4,5,6,9,8,8,7,6,5,4,4,4,8,7,7,6,6,5,4,4,3,6,8,6,6,5,4,4,3,4,6,9,5,5,4,3,3,2,3,4,4,5,9,6,5,4,2,2,2,3,3,4,4,5,6,6,8,5,4,2,2,1,2,2,3,3,4,4,5,6,8,7,6,2,2,1,1,1,2,2,3,3,4,7,7,6,3,3,2,2,1,0,1,1,2,2,3,4,5,6,8,7,3,3,2,2,1,1,2,3,3,4,6,6,8,8,3,3,2,1,4,7,8,4,3,3,2,2,3,4,6,7,4,4,2,3,4,5,6,6,7,8,9,8,6,5,4,4,3,3,4,4,5,6,6,8,8,9,9,6,5,4,3,4,5,6,6,7,7,10,4,4,5,6,7,7,8,9,7,6,6,5,4,5,6,8,9,9,10,8,7,7,6,6,5,6,6,7,7,8,8,9,9,10,10,13,9,9,8,7,6,6,6,7,7,8,9,9,10,10,11,13,12,10,9,9,8,7,6,7,7,8,8,9,10,10,11,12,14,11,10,10,9,9,8,7,8,8,9,9,10,10,11,12,12,13,12,11,10,10,9,9,8,8,9,10,10,11,12,12
121,12,10,8,7,6,6,6,7,10,13,12,11,10,10,9,8,7,7,6,6,5,6,6,12,10,9,6,6,5,4,5,9,9,8,8,7,6,5,4,4,8,8,7,7,6,6,5,4,4,6,8,7,6,6,5,4,4,4,5,10,6,6,5,4,3,3,2,3,4,4,9,6,6,5,3,2,2,2,3,3,4,4,5,6,8,6,5,3,2,2,1,2,2,3,3,4,4,5,8,8,6,3,2,2,1,1,1,2,2,3,3,8,7,6,4,3,3,2,1,1,0,1,1,2,2,4,4,5,8,8,4,3,3,2,2,1,2,2,3,3,5,5,9,8,4,3,3,2,3,6,9,4,4,3,3,2,2,4,5,7,5,4,3,2,4,4,5,5,7,7,10,8,6,6,5,4,3,3,3,4,4,5,6,7,8,10,9,6,6,5,4,3,4,5,5,6,7,10,5,4,4,5,6,7,8,8,7,7,6,6,5,4,6,7,8,9,9,9,8,7,7,6,6,5,5,6,7,7,8,8,9,9,10,13,10,9,9,8,7,6,6,6,7,7,8,9,9,10,10,13,13,10,10,9,8,7,7,6,7,7,8,9,9,10,10,11,14,12,11,10,10,9,8,7,7,8,8,9,9,10,10,11,12,13,13,12,11,10,10,9,9,8,9,9,10,10,11,12
122,13,11,8,8,7,6,6,7,10,13,13,12,11,10,10,8,8,7,7,6,6,5,6,12,10,10,7,6,6,5,4,10,9,9,8,7,6,5,5,4,9,8,8,7,7,6,6,5,4,5,9,7,7,6,6,5,4,3,4,10,7,6,5,4,4,3,3,3,3,4,10,7,6,6,3,3,2,2,2,3,3,4,4,5,9,6,5,3,3,2,2,1,2,2,3,3,4,4,9,8,7,3,3,2,2,1,1,1,2,2,3,8,8,7,4,4,3,3,2,1,1,0,1,1,2,3,4,4,9,8,4,4,3,3,2,1,1,2,2,3,4,5,9,9,4,4,3,2,3,6,9,5,4,4,3,2,2,3,4,6,6,5,3,3,3,4,4,5,6,7,10,9,7,6,6,5,4,3,3,3,4,4,5,7,7,10,10,7,6,5,4,4,4,4,5,6,6,11,6,5,4,4,6,6,7,8,8,7,7,6,6,5,5,7,8,8,9,9,8,8,7,7,6,5,5,6,6,7,7,8,8,9,9,14,10,10,9,8,7,7,6,6,6,7,8,8,9,9,10,14,13,11,10,10,9,8,7,7,6,7,7,8,9,9,10,10,15,12,12,11,10,10,9,7,7,7,8,8,9,9,10,10,11,14,13,12,12,11,10,10,9,9,8,9,9,10,10,11
123,13,12,9,8,7,7,6,6,9,14,13,12,12,11,10,9,8,8,7,7,6,6,5,13,11,10,7,7,6,6,5,10,10,9,9,8,7,6,6,5,9,9,8,8,7,7,6,6,5,4,9,8,7,7,6,6,5,3,4,11,7,7,6,5,4,4,3,2,3,3,10,7,7,6,4,3,3,2,2,2,3,3,4,4,9,7,6,4,3,3,2,2,1,2,2,3,3,4,9,9,7,4,3,3,2,2,1,1,1,2,2,9,8,7,5,4,4,3,2,2,1,1,0,1,1,3,3,4,9,9,5,4,4,3,3,2,1,1,2,2,4,4,10,9,5,4,4,3,2,5,10,6,5,4,4,3,2,3,4,6,6,6,4,3,3,3,4,4,6,6,11,9,7,7,6,6,4,4,3,3,3,4,4,6,7,11,10,7,7,6,5,4,3,4,4,5,5,12,6,6,4,4,5,6,7,7,8,8,7,7,6,6,4,6,7,8,8,10,9,8,8,7,7,6,6,5,6,6,7,7,8,8,9,14,11,10,10,9,8,7,7,6,6,6,7,8,8,9,9,14,14,12,11,10,9,8,8,7,7,6,7,8,8,9,9,10,15,13,12,12,11,10,9,8,7,7,7,8,8,9,9,10,10,14,14,13,12,12,11,10,10,9,8,8,9,9,10,10
124,14,12,9,9,8,7,7,6,9,14,14,13,12,12,11,9,9,8,8,7,7,6,6,13,12,11,8,7,7,6,6,11,10,10,9,8,7,7,6,6,10,9,9,8,8,7,7,6,6,4,10,8,8,7,7,6,6,3,3,12,8,7,7,6,5,4,4,3,2,3,11,8,7,7,4,4,3,3,2,2,2,3,3,4,10,7,7,4,4,3,3,2,2,1,2,2,3,3,10,9,8,4,4,3,3,2,2,1,1,1,2,9,9,8,6,5,4,4,3,2,2,1,1,0,1,2,3,3,10,9,6,5,4,4,3,2,1,1,1,2,3,4,10,10,6,5,4,3,2,4,10,6,6,5,4,3,3,2,3,5,7,6,4,4,2,3,3,4,5,5,12,10,8,7,7,6,5,4,4,3,3,3,4,6,6,12,11,8,7,7,6,5,4,3,4,4,5,12,7,6,5,4,4,5,6,7,9,8,8,7,7,6,5,6,7,7,8,10,9,9,8,8,7,7,6,6,5,5,6,7,7,8,8,15,12,11,10,9,8,8,7,7,6,6,7,7,8,8,9,15,14,12,12,11,10,9,8,8,7,7,6,7,8,8,9,9,16,13,13,12,12,11,10,8,8,7,7,7,8,8,9,9,10,15,14,13,13,12,12,11,10,10,7,8,8,9,9,10
125,14,13,10,9,8,8,7,6,8,15,14,13,13,12,12,10,9,9,8,8,7,7,6,14,12,12,8,8,7,7,6,12,11,10,10,9,8,7,7,6,10,10,9,9,8,8,7,7,6,3,10,9,8,8,7,7,6,4,3,12,8,8,7,6,5,5,4,3,3,2,12,8,8,7,5,4,4,3,3,2,2,2,3,3,10,8,7,5,4,4,3,3,2,2,1,2,2,3,10,10,8,5,4,4,3,3,2,2,1,1,1,10,9,8,6,6,5,4,3,3,2,2,1,1,0,2,2,3,10,10,6,6,5,4,4,3,2,1,1,1,3,3,11,10,6,6,5,4,1,4,11,7,6,6,5,4,3,2,3,4,7,7,5,4,3,2,3,3,4,5,12,10,8,8,7,7,6,5,4,4,3,3,3,5,6,12,12,8,8,7,6,5,4,4,3,4,4,13,7,7,6,5,4,4,6,6,9,9,8,8,7,7,6,5,6,7,7,11,10,9,9,8,8,7,7,6,5,5,6,6,7,7,8,15,12,12,11,10,9,8,8,7,7,6,6,7,7,8,8,15,15,13,12,12,10,9,9,8,8,7,7,7,7,8,8,9,16,14,13,13,12,12,10,9,8,8,7,7,7,8,8,9,9,15,15,14,13,13,12,12,11,10,8,7,8,8,9,9
126,16,14,12,11,10,9,9,8,7,16,16,15,14,14,13,12,11,10,10,9,9,8,8,15,14,13,10,9,9,8,8,13,13,12,12,10,9,9,8,8,12,12,11,10,10,9,9,8,8,5,12,10,10,9,9,8,8,6,4,14,10,9,9,8,7,7,6,5,4,4,13,10,9,9,7,6,6,5,4,4,3,3,2,2,12,9,9,7,6,6,5,4,4,3,3,2,2,1,12,12,10,7,6,6,5,4,4,3,3,2,2,12,11,10,8,7,7,6,5,4,4,3,3,2,2,0,1,1,12,12,8,7,7,6,6,4,3,3,2,2,1,2,13,12,8,7,7,6,3,2,13,8,8,7,7,6,5,3,2,3,9,8,7,6,4,4,3,3,3,3,14,12,10,9,9,8,7,7,6,6,5,4,4,3,4,14,13,10,9,9,8,7,6,5,5,4,4,14,9,8,7,7,6,5,4,4,11,10,10,9,9,8,7,6,4,5,6,13,12,11,10,10,9,9,8,8,7,7,6,6,5,6,6,17,14,13,13,12,10,10,9,9,8,8,7,6,6,6,7,17,16,14,14,13,12,11,10,10,9,9,8,7,7,6,7,7,18,15,15,14,14,13,12,10,10,9,9,8,8,7,7,7,8,17,16,15,15,14,14,13,13,12,9,9,8,8,7,8
127,16,15,12,12,10,10,9,8,6,17,16,15,15,14,14,12,12,11,10,10,9,9,8,16,14,14,10,10,9,9,8,14,13,13,12,11,10,9,9,8,13,12,12,11,10,10,9,9,8,6,13,11,10,10,9,9,8,6,5,14,10,10,9,8,8,7,7,6,5,4,14,10,10,9,7,7,6,6,5,4,4,3,3,2,13,10,9,7,7,6,6,5,4,4,3,3,2,2,13,12,10,7,7,6,6,5,4,4,3,3,2,12,12,10,8,8,7,7,6,5,4,4,3,3,2,1,0,1,13,12,8,8,7,7,6,5,4,3,3,2,1,1,13,13,8,8,7,6,3,2,13,9,8,8,7,6,6,4,3,2,9,9,7,7,5,4,4,3,2,3,14,13,10,10,9,9,8,7,7,6,6,5,4,3,3,14,14,10,10,9,8,8,7,6,6,5,4,15,9,9,8,7,6,6,4,4,12,11,10,10,9,9,8,6,5,4,5,13,12,12,11,10,10,9,9,8,8,7,7,6,6,5,5,18,14,14,13,12,11,10,10,9,9,8,7,7,6,6,6,18,17,15,14,14,13,12,11,10,10,9,9,8,7,7,6,7,19,16,15,15,14,14,13,11,10,10,9,9,8,8,7,7,7,18,17,16,15,15,14,14,13,13,10,9,9,8,8,7
128,17,15,13,12,11,10,10,9,6,18,17,16,15,15,14,13,12,12,11,10,10,9,9,16,15,14,11,10,10,9,9,14,14,13,13,12,10,10,9,9,13,13,12,12,11,10,10,9,9,6,13,12,11,10,10,9,9,7,6,15,11,10,10,9,8,8,7,6,5,5,14,11,10,10,8,7,7,6,6,5,4,4,3,3,13,10,10,8,7,7,6,6,5,4,4,3,3,2,13,13,11,8,7,7,6,5,5,4,4,3,3,13,12,11,9,8,8,7,6,6,5,4,4,3,3,1,1,0,13,13,9,8,8,7,7,5,4,4,3,3,1,1,14,13,9,8,8,7,4,1,14,9,9,8,8,7,6,4,3,2,10,9,8,7,5,5,4,4,3,2,15,13,11,10,10,9,8,8,7,7,6,6,5,3,3,15,14,11,10,10,9,8,7,7,6,5,5,15,10,9,8,8,7,6,5,4,12,12,11,10,10,9,8,7,6,5,4,14,13,12,12,11,10,10,9,9,8,8,7,7,6,5,5,18,15,14,14,13,12,11,10,10,9,9,8,7,7,6,6,18,18,15,15,14,13,12,12,11,10,10,9,8,8,7,7,6,19,16,16,15,15,14,13,12,11,10,10,9,9,8,8,7,7,18,18,16,16,15,15,14,14,13,10,10,9,9,8,8
129,7,9,12,12,13,14,14,15,19,6,6,7,8,8,9,10,11,12,12,13,13,14,14,6,7,8,11,12,12,13,13,7,7,8,8,9,10,11,12,12,7,7,8,8,9,9,10,10,11,14,6,7,8,8,9,9,10,12,13,3,7,7,8,9,9,10,10,12,12,13,2,6,6,7,9,9,10,10,11,12,12,13,13,14,2,5,6,8,8,9,9,10,10,11,12,12,13,13,1,2,3,7,7,8,8,9,9,10,10,11,12,1,1,2,4,5,6,6,7,8,8,9,9,10,10,12,13,13,0,1,4,5,6,6,7,8,9,9,10,10,12,13,1,1,6,6,7,8,10,13,2,6,7,7,8,9,9,11,12,14,7,7,9,9,11,12,12,13,14,14,3,4,7,7,8,8,9,10,10,11,12,12,13,14,15,4,4,8,8,9,10,10,12,12,13,13,14,4,10,10,12,12,13,14,15,15,9,9,10,10,11,12,13,14,15,16,16,8,9,10,10,11,12,12,13,13,14,14,15,15,16,16,17,5,8,9,9,10,12,12,13,13,14,14,15,16,16,17,18,6,7,9,9,10,11,12,13,13,14,14,15,16,16,17,18,18,6,9,9,10,10,11,12,14,14,15,15,16,16,17,18,18,19,8,9,10,10,11,12,12,13,13,16,16,17,18,18,19
130,7,8,11,12,13,13,14,15,18,6,6,7,7,8,8,10,10,11,12,12,13,13,14,5,7,7,10,11,12,12,13,6,7,7,8,9,10,10,11,12,6,7,7,8,8,9,9,10,10,13,5,7,7,8,8,9,9,12,13,3,6,7,7,8,9,9,10,11,12,12,3,5,6,6,8,9,9,10,10,11,12,12,13,13,2,4,5,7,8,8,9,9,10,10,11,12,12,13,2,1,3,6,7,7,8,8,9,9,10,10,11,1,1,2,4,4,5,6,7,7,8,8,9,9,10,12,12,13,1,0,4,4,5,6,6,7,8,9,9,10,12,12,1,1,5,6,6,7,10,13,1,6,6,7,7,8,9,10,12,13,6,7,8,9,10,11,12,12,13,14,2,4,6,7,7,8,9,9,10,10,11,12,12,14,14,3,4,7,8,8,9,10,11,12,12,13,13,4,9,10,11,12,13,13,14,15,8,9,9,10,10,11,12,14,15,15,16,8,9,9,10,10,11,12,12,13,13,14,14,15,15,16,16,6,8,8,9,10,11,12,12,13,13,14,15,15,16,16,17,6,6,8,9,9,10,12,12,13,13,14,14,15,16,16,17,18,7,8,9,9,10,10,12,13,14,14,15,15,16,16,17,18,18,8,8,9,10,10,11,12,12,13,15,16,16,17,18,18
131,9,8,7,8,9,9,10,11,14,10,9,8,8,7,7,6,7,7,8,8,9,9,10,9,7,7,7,7,8,8,9,7,6,6,5,5,6,7,7,8,6,5,4,4,4,5,6,6,7,9,6,4,3,4,4,5,6,8,9,7,3,3,3,4,5,5,6,7,8,8,7,3,3,2,4,5,6,6,7,7,8,8,9,9,6,3,2,3,4,4,5,5,6,7,7,8,8,9,6,5,3,2,3,3,4,4,5,6,6,7,7,5,4,3,1,1,1,2,3,3,4,4,5,6,6,8,8,9,4,4,0,1,1,2,2,3,4,5,6,6,8,8,5,4,1,2,2,3,6,9,5,2,2,3,3,4,5,7,8,9,2,3,4,5,7,7,8,8,9,10,6,4,2,3,3,4,5,6,6,7,7,8,8,10,10,6,6,3,4,4,6,6,7,8,8,9,9,7,6,6,7,8,9,9,10,11,4,5,6,6,7,7,8,10,11,12,12,5,5,6,6,7,7,8,8,9,9,10,10,11,12,12,13,9,6,6,5,6,7,8,8,9,9,10,11,12,12,13,13,9,9,7,6,6,7,8,8,9,9,10,10,12,12,13,13,14,10,8,7,7,6,7,8,9,10,10,11,12,12,13,13,14,14,9,9,8,7,7,7,8,8,9,12,12,13,13,14,14
132,10,8,7,7,8,9,9,10,14,10,10,9,8,8,7,6,6,7,7,8,8,9,9,9,8,7,6,7,7,8,8,7,7,6,5,4,6,6,7,7,6,6,5,4,4,4,5,6,6,9,6,4,4,3,4,4,5,7,8,8,4,3,3,4,4,5,6,7,7,8,7,4,3,3,4,4,5,6,6,7,7,8,8,9,6,3,3,3,3,4,4,5,6,6,7,7,8,8,6,6,4,2,2,3,3,4,4,5,6,6,7,6,5,4,2,1,1,1,2,3,3,4,4,5,6,7,8,8,5,4,1,0,1,1,2,3,4,4,5,6,7,8,6,5,1,1,2,3,6,8,6,1,2,2,3,4,4,6,7,9,2,2,4,4,6,7,7,8,9,9,7,5,3,2,3,3,4,5,6,6,7,7,8,9,10,7,6,3,3,4,5,6,7,7,8,8,9,7,5,6,7,7,8,9,10,10,4,4,5,6,6,7,8,9,10,11,12,6,4,5,6,6,7,7,8,8,9,9,10,10,11,12,12,10,7,6,6,6,7,7,8,8,9,9,10,11,12,12,13,10,9,7,7,6,6,7,8,8,9,9,10,11,12,12,13,13,11,8,8,7,7,6,7,9,9,10,10,11,12,12,13,13,14,10,9,8,8,7,7,7,8,8,11,12,12,13,13,14
133,10,9,6,7,8,8,9,10,13,11,10,9,9,8,8,6,6,6,7,7,8,8,9,10,8,8,6,6,7,7,8,8,7,7,6,5,5,6,6,7,7,6,6,5,4,4,4,5,6,8,7,5,4,4,3,4,4,7,8,8,4,4,3,3,4,4,5,6,7,7,8,4,4,3,3,4,4,5,6,6,7,7,8,8,7,4,3,2,3,3,4,4,5,6,6,7,7,8,7,6,4,1,2,2,3,3,4,4,5,6,6,6,6,4,2,2,1,1,2,2,3,3,4,4,5,7,7,8,6,5,1,1,0,1,1,2,3,4,4,5,7,7,6,6,1,1,1,2,5,8,6,2,1,2,2,3,4,6,7,8,2,2,3,4,6,6,7,7,8,9,7,6,3,3,2,3,4,4,5,6,6,7,7,9,9,7,7,3,3,3,4,5,6,7,7,8,8,8,4,5,6,7,8,8,9,10,4,4,4,5,6,6,7,9,10,10,11,6,5,4,5,6,6,7,7,8,8,9,9,10,10,11,12,10,7,7,6,5,6,7,7,8,8,9,10,10,11,12,12,10,10,8,7,7,6,7,7,8,8,9,9,10,11,12,12,13,12,9,8,8,7,7,7,8,9,9,10,10,11,12,12,13,13,10,10,9,8,8,7,7,7,8,10,11,12,12,13,13
134,11,9,7,6,7,8,8,9,13,12,11,10,9,9,8,7,6,6,6,7,7,8,8,10,9,8,5,6,6,7,7,8,8,7,7,6,4,5,5,6,7,7,6,6,5,4,4,4,5,8,7,6,5,4,4,3,4,6,7,9,5,4,4,3,3,4,4,5,6,7,8,5,4,4,3,3,4,4,5,6,6,7,7,8,7,4,4,2,2,3,3,4,4,5,5,6,7,7,7,7,5,2,1,2,2,3,3,4,4,5,6,7,6,5,3,2,2,1,1,2,2,3,3,4,4,6,7,7,6,6,2,1,1,0,1,2,3,3,4,4,6,7,7,6,2,1,1,2,4,7,7,2,2,1,2,3,3,5,6,8,3,2,3,3,5,6,6,7,8,8,8,6,4,3,3,2,3,4,4,5,6,6,7,8,9,8,7,4,3,3,4,4,6,6,7,7,8,8,4,4,6,6,7,8,9,9,5,4,4,4,5,6,7,8,9,10,10,7,6,5,4,5,6,6,7,7,8,8,9,9,10,10,11,11,8,7,7,6,6,6,7,7,8,8,9,10,10,11,12,11,10,8,8,7,6,6,7,7,8,8,9,10,10,11,12,12,12,9,9,8,8,7,6,8,8,9,9,10,10,11,12,12,13,11,10,9,9,8,8,7,7,7,10,10,11,12,12,13
135,12,10,7,7,7,7,8,9,12,12,12,10,10,9,9,7,7,6,6,6,7,7,8,11,9,9,6,5,6,6,7,9,8,8,7,6,5,4,5,6,8,7,7,6,6,5,4,4,4,7,8,6,6,5,4,4,3,6,7,9,5,5,4,3,3,3,4,5,6,6,9,6,5,4,2,3,3,4,4,5,6,6,7,7,8,5,4,2,2,2,3,3,4,4,5,6,6,7,8,7,6,2,2,1,2,2,3,3,4,4,5,7,7,6,3,3,2,2,1,1,2,2,3,3,4,6,6,7,7,6,2,2,1,1,0,1,2,3,3,4,6,6,7,7,2,2,1,1,4,7,7,3,2,2,1,2,3,4,6,7,3,3,2,3,4,5,6,6,7,8,8,7,4,4,3,3,3,3,4,4,5,6,6,8,8,8,8,4,4,3,3,4,5,6,6,7,7,9,3,4,5,6,7,7,8,9,6,5,4,4,4,5,6,8,9,9,10,7,6,6,5,4,5,6,6,7,7,8,8,9,9,10,10,12,8,8,7,6,5,6,6,7,7,8,9,9,10,10,11,12,11,9,8,8,7,6,6,7,7,8,8,9,10,10,11,12,13,10,9,9,8,8,7,7,8,8,9,9,10,10,11,12,12,12,11,10,9,9,8,8,7,7,9,10,10,11,12,12
136,13,11,8,8,7,6,7,8,11,13,13,12,11,10,10,8,8,7,7,6,6,6,7,12,10,10,7,6,6,5,5,10,9,9,8,7,6,6,5,4,9,8,8,7,7,6,6,5,4,6,9,7,7,6,6,5,4,4,5,10,7,6,6,4,4,3,3,4,4,5,10,7,6,6,3,3,2,3,3,4,4,5,5,6,9,6,6,3,3,2,2,2,3,3,4,4,5,5,9,8,7,3,3,2,2,1,2,2,3,3,4,8,8,7,4,4,3,3,2,1,1,1,2,2,3,4,5,5,8,7,3,3,2,2,1,0,1,2,2,3,4,5,8,8,3,3,2,1,3,6,8,4,3,3,2,1,2,3,4,6,4,4,2,2,3,4,4,5,6,7,9,8,6,5,4,4,3,2,3,3,4,4,5,7,7,9,9,6,5,4,3,3,4,4,5,6,6,10,4,4,4,4,6,6,7,8,7,6,6,5,4,4,5,7,8,8,9,8,7,7,6,6,5,4,5,6,6,7,7,8,8,9,9,13,9,9,8,7,6,6,5,5,6,7,8,8,9,9,10,13,12,10,9,9,8,7,6,6,6,7,7,8,9,9,10,10,14,11,10,10,9,9,8,6,7,7,8,8,9,9,10,10,11,13,12,11,10,10,9,9,8,8,8,9,9,10,10,11
137,14,12,9,9,8,7,7,7,10,14,14,13,12,12,11,9,9,8,8,7,7,6,6,13,12,11,8,7,7,6,6,11,10,10,9,8,7,7,6,5,10,9,9,8,8,7,7,6,6,5,10,8,8,7,7,6,6,3,4,12,8,7,7,5,5,4,4,3,3,4,11,8,7,7,4,4,3,3,2,3,3,4,4,5,10,7,7,4,4,3,3,2,2,2,3,3,4,4,10,9,8,4,4,3,3,2,2,1,2,2,3,9,9,8,6,5,4,4,3,2,2,1,1,1,2,3,4,4,9,8,4,4,3,3,2,1,0,1,1,2,3,4,9,9,4,4,3,2,2,4,9,5,4,4,3,2,2,2,3,5,6,5,3,3,2,3,3,4,5,6,10,9,7,6,6,5,4,3,3,2,3,3,4,6,6,10,10,7,6,6,4,4,3,3,4,4,5,11,6,5,4,3,4,5,6,7,8,7,7,6,6,5,4,6,7,7,8,9,8,8,7,7,6,6,5,4,5,6,6,7,7,8,8,14,10,10,9,8,7,7,6,6,5,6,7,7,8,8,9,14,13,11,10,10,9,8,7,7,6,6,6,7,8,8,9,9,15,12,12,11,10,10,9,7,7,6,7,7,8,8,9,9,10,14,13,12,12,11,10,10,9,9,7,8,8,9,9,10
138,14,13,10,9,8,8,7,6,9,15,14,13,13,12,12,10,9,9,8,8,7,7,6,14,12,12,8,8,7,7,6,12,11,10,10,9,8,7,7,6,10,10,9,9,8,8,7,7,6,4,10,9,8,8,7,7,6,4,4,12,8,8,7,6,6,5,4,3,3,3,12,8,8,7,5,4,4,3,3,2,3,3,4,4,10,8,7,5,4,4,3,3,2,2,2,3,3,4,10,10,8,5,4,4,3,3,2,2,1,2,2,10,9,8,6,6,5,4,3,3,2,2,1,1,1,3,3,4,9,9,5,4,4,3,3,2,1,0,1,1,3,3,10,9,5,4,4,3,1,4,10,6,5,4,4,3,2,2,3,4,6,6,4,3,2,2,3,3,4,5,11,9,7,7,6,6,4,4,3,3,2,3,3,5,5,11,10,7,7,6,5,4,3,3,3,4,4,12,6,6,4,4,4,4,6,6,8,8,7,7,6,6,4,5,6,7,7,10,9,8,8,7,7,6,6,5,4,5,6,6,7,7,8,14,11,10,10,9,8,7,7,6,6,5,6,7,7,8,8,14,14,12,11,10,9,8,8,7,7,6,6,7,7,8,8,9,15,13,12,12,11,10,9,8,7,7,6,7,7,8,8,9,9,14,14,13,12,12,11,10,10,9,7,7,8,8,9,9
139,15,13,10,10,9,8,8,7,9,15,15,14,13,13,12,10,10,9,9,8,8,7,7,14,13,12,9,8,8,7,7,12,12,11,10,9,8,8,7,7,11,10,10,9,9,8,8,7,7,4,11,9,9,8,8,7,7,4,3,13,9,8,8,7,6,5,5,4,3,3,12,9,8,8,6,5,4,4,3,3,2,3,3,4,11,8,8,5,5,4,4,3,3,2,2,2,3,3,11,10,9,6,5,4,4,3,3,2,2,1,2,10,10,9,7,6,6,5,4,3,3,2,2,1,1,2,3,3,10,9,6,5,4,4,3,2,1,1,0,1,2,3,10,10,6,5,4,3,1,3,10,6,6,5,4,3,3,1,2,4,7,6,4,4,2,2,2,3,4,4,12,10,8,7,7,6,5,4,4,3,3,2,3,4,5,12,11,8,7,7,6,5,4,3,3,3,4,12,7,6,5,4,3,4,5,6,9,8,8,7,7,6,5,4,6,6,7,10,9,9,8,8,7,7,6,6,5,4,5,6,6,7,7,15,12,11,10,9,8,8,7,7,6,5,6,6,7,7,8,15,14,12,12,11,10,9,8,8,7,7,6,6,7,7,8,8,16,13,13,12,12,11,10,8,8,7,7,6,7,7,8,8,9,15,14,13,13,12,12,11,10,10,7,7,7,8,8,9
140,15,14,11,10,9,9,8,7,8,16,15,14,14,13,13,11,10,10,9,9,8,8,7,15,13,13,9,9,8,8,7,13,12,12,11,10,9,8,8,7,12,11,10,10,9,9,8,8,7,4,12,10,9,9,8,8,7,5,4,13,9,9,8,7,7,6,5,4,4,3,13,9,9,8,6,6,5,4,4,3,3,2,3,3,12,9,8,6,6,5,4,4,3,3,2,2,2,3,12,11,9,6,6,5,4,4,3,3,2,2,1,11,10,9,7,7,6,6,4,4,3,3,2,2,1,2,2,3,10,10,6,6,5,4,4,3,2,1,1,0,2,2,11,10,6,6,5,4,1,3,11,7,6,6,5,4,3,2,2,3,7,7,5,4,3,2,2,2,3,4,12,10,8,8,7,7,6,5,4,4,3,3,2,4,4,12,12,8,8,7,6,6,4,4,3,3,3,13,7,7,6,5,4,3,4,5,9,9,8,8,7,7,6,4,5,6,6,11,10,9,9,8,8,7,7,6,6,5,4,5,6,6,7,15,12,12,11,10,9,8,8,7,7,6,5,5,6,7,7,15,15,13,12,12,10,9,9,8,8,7,7,6,6,7,7,8,16,14,13,13,12,12,10,9,8,8,7,7,6,7,7,8,8,15,15,14,13,13,12,12,11,10,8,7,7,7,8,8
141,17,15,13,12,11,10,10,9,7,18,17,16,15,15,14,13,12,12,11,10,10,9,9,16,15,14,11,10,10,9,9,14,14,13,13,12,10,10,9,9,13,13,12,12,11,10,10,9,9,6,13,12,11,10,10,9,9,7,6,15,11,10,10,9,8,8,7,6,5,5,14,11,10,10,8,7,7,6,6,5,4,4,3,3,13,10,10,8,7,7,6,6,5,4,4,3,3,2,13,13,11,8,7,7,6,6,5,4,4,3,3,13,12,11,9,8,8,7,6,6,5,4,4,3,3,1,1,1,12,12,8,7,7,6,6,4,3,3,2,2,0,1,13,12,8,7,7,6,3,1,13,8,8,7,7,6,5,3,2,2,9,8,7,6,4,4,3,3,2,2,14,12,10,9,9,8,7,7,6,6,5,4,4,2,3,14,13,10,9,9,8,7,6,6,5,4,4,14,9,8,7,7,6,5,4,3,11,10,10,9,9,8,7,6,4,4,4,13,12,11,10,10,9,9,8,8,7,7,6,6,5,4,5,17,14,13,13,12,10,10,9,9,8,8,7,6,6,5,5,17,16,14,14,13,12,11,10,10,9,9,8,7,7,6,6,6,18,15,15,14,14,13,12,10,10,9,9,8,8,7,7,6,7,17,17,15,15,14,14,13,13,12,9,9,8,8,7,7
142,18,16,13,13,12,11,10,9,6,18,18,16,16,15,15,13,13,12,12,11,10,10,9,17,15,15,12,11,10,10,9,15,14,14,13,12,11,10,10,9,14,13,13,12,12,11,10,10,9,7,14,12,12,11,10,10,9,7,6,15,12,11,10,9,9,8,8,7,6,5,15,12,11,10,8,8,7,7,6,5,5,4,4,3,14,11,10,8,8,7,7,6,5,5,4,4,3,3,14,13,12,8,8,7,7,6,6,5,4,4,3,13,13,12,9,9,8,8,7,6,5,5,4,4,3,2,1,1,13,12,8,8,7,7,6,5,4,3,3,2,1,0,13,13,8,8,7,6,3,1,13,9,8,8,7,6,6,4,3,1,9,9,7,7,5,4,4,3,2,2,14,13,10,10,9,9,8,7,7,6,5,5,4,3,2,14,14,10,10,9,8,8,7,6,6,5,4,15,9,9,8,7,6,6,4,4,12,11,10,10,9,9,8,6,5,4,4,13,12,12,11,10,10,9,9,8,8,7,7,6,6,5,4,18,14,14,13,12,11,10,10,9,9,8,7,7,6,5,5,18,17,15,14,14,13,12,11,10,10,9,9,8,7,7,6,6,19,16,15,15,14,14,13,11,10,10,9,9,8,8,7,7,6,18,17,16,15,15,14,14,13,13,10,9,9,8,8,7
143,8,9,12,13,14,14,15,16,19,6,7,8,8,9,9,11,12,12,13,13,14,14,15,6,8,8,12,12,13,13,14,7,8,8,9,10,11,12,12,13,7,8,8,9,9,10,10,11,12,14,6,8,8,9,9,10,10,13,14,3,7,8,8,9,10,10,11,12,13,13,3,6,7,7,9,10,10,11,12,12,13,13,14,14,3,6,6,8,9,9,10,10,11,12,12,13,13,14,2,2,4,7,8,8,9,9,10,10,11,12,12,1,2,3,5,6,6,7,8,8,9,9,10,10,11,13,13,14,1,1,5,6,6,7,7,8,9,10,10,11,13,13,0,1,5,6,6,7,10,13,1,6,6,7,7,8,9,10,12,13,6,7,8,9,10,11,12,12,13,14,2,4,6,7,7,8,9,9,10,10,11,12,12,14,14,3,4,7,8,8,9,10,11,12,12,13,13,4,9,10,11,12,13,13,14,15,8,9,9,10,10,11,12,14,15,15,16,8,9,9,10,10,11,12,12,13,13,14,14,15,15,16,16,4,8,8,9,10,11,12,12,13,13,14,15,15,16,16,17,5,6,8,9,9,10,12,12,13,13,14,14,15,16,16,17,18,6,8,9,9,10,10,12,13,14,14,15,15,16,16,17,18,18,8,8,9,10,10,11,12,12,13,15,16,16,17,18,18
144,7,9,12,12,13,14,14,15,19,7,6,7,8,8,9,10,11,12,12,13,13,14,14,6,7,8,11,12,12,13,13,7,7,8,8,9,10,11,12,12,7,7,8,8,9,9,10,10,11,14,6,7,8,8,9,9,10,12,13,4,7,7,8,9,9,10,10,12,12,13,3,6,6,7,9,9,10,10,11,12,12,13,13,14,2,5,6,8,8,9,9,10,10,11,12,12,13,13,2,2,3,7,7,8,8,9,9,10,10,11,12,2,1,2,4,5,6,6,7,8,8,9,9,10,10,12,13,13,1,1,4,5,6,6,7,8,9,9,10,10,12,13,1,0,4,5,6,7,9,12,1,5,6,6,7,8,8,10,11,13,6,6,8,8,10,10,11,12,13,13,2,3,6,6,7,7,8,9,9,10,10,11,12,13,14,3,3,7,7,8,9,9,10,11,12,12,13,3,9,9,10,11,12,13,14,14,8,8,9,9,10,10,12,13,14,15,15,7,8,9,9,10,10,11,12,12,13,13,14,14,15,15,16,5,7,8,8,9,10,11,12,12,13,13,14,15,15,16,16,5,5,8,8,9,10,11,12,12,13,13,14,15,15,16,16,17,6,8,8,9,9,10,11,13,13,14,14,15,15,16,16,17,18,7,8,9,9,10,10,11,12,12,15,15,16,16,17,18
145,10,9,7,8,9,9,10,11,14,11,10,9,9,8,8,6,7,7,8,8,9,9,10,10,8,8,7,7,8,8,9,8,7,7,6,5,6,7,7,8,7,6,6,5,4,5,6,6,7,9,7,5,4,4,4,5,6,8,9,8,4,4,3,4,5,6,6,7,8,8,8,4,4,3,4,5,6,6,7,7,8,8,9,9,7,4,3,3,4,4,5,6,6,7,7,8,8,9,7,6,4,2,3,3,4,4,5,6,6,7,7,6,6,4,2,2,1,2,3,3,4,4,5,6,6,8,8,9,6,5,1,1,1,2,2,3,4,5,6,6,8,8,5,4,0,1,1,2,5,8,5,1,1,2,2,3,4,6,7,8,1,2,3,4,6,6,7,7,8,9,6,4,2,2,2,3,4,4,5,6,6,7,7,9,9,6,5,2,3,3,4,5,6,7,7,8,8,7,4,5,6,7,8,8,9,10,3,4,4,5,6,6,7,9,10,10,11,5,4,4,5,6,6,7,7,8,8,9,9,10,10,11,12,9,6,5,5,5,6,7,7,8,8,9,10,10,11,12,12,9,9,7,6,5,5,7,7,8,8,9,9,10,11,12,12,13,10,8,7,7,6,6,7,8,9,9,10,10,11,12,12,13,13,9,9,8,7,7,6,7,7,8,10,11,12,12,13,13
146,11,9,7,7,8,9,9,10,14,12,11,10,9,9,8,7,6,7,7,8,8,9,9,10,9,8,6,7,7,8,8,8,8,7,7,6,6,6,7,7,7,7,6,6,5,4,5,6,6,9,7,6,5,4,4,4,5,7,8,9,5,4,4,4,4,5,6,7,7,8,8,5,4,4,4,4,5,6,6,7,7,8,8,9,7,4,4,3,3,4,4,5,6,6,7,7,8,8,7,7,5,2,2,3,3,4,4,5,6,6,7,7,6,5,3,2,2,1,2,3,3,4,4,5,6,7,8,8,6,6,2,1,1,1,2,3,4,4,5,6,7,8,6,5,1,0,1,2,4,7,6,1,1,1,2,3,3,5,6,8,2,1,3,3,5,6,6,7,8,8,7,5,3,2,2,2,3,4,4,5,6,6,7,8,9,7,6,3,2,3,4,4,6,6,7,7,8,7,4,4,6,6,7,8,9,9,4,3,4,4,5,6,7,8,9,10,10,5,4,4,4,5,6,6,7,7,8,8,9,9,10,10,11,10,7,6,5,4,6,6,7,7,8,8,9,10,10,11,12,10,9,7,7,6,5,6,7,7,8,8,9,10,10,11,12,12,11,8,8,7,7,6,6,8,8,9,9,10,10,11,12,12,13,10,9,8,8,7,7,6,7,7,10,10,11,12,12,13
147,12,10,7,7,8,8,9,10,13,12,12,10,10,9,9,7,7,6,7,7,8,8,9,11,9,9,6,6,7,7,8,9,8,8,7,6,5,6,6,7,8,7,7,6,6,5,4,5,6,8,8,6,6,5,4,4,4,7,8,9,6,5,4,3,4,4,5,6,7,7,9,6,5,4,3,4,4,5,6,6,7,7,8,8,8,5,4,2,3,3,4,4,5,6,6,7,7,8,8,7,6,2,2,2,3,3,4,4,5,6,6,7,7,6,3,3,2,2,2,2,3,3,4,4,5,7,7,8,7,6,2,2,1,1,1,2,3,4,4,5,7,7,6,6,1,1,0,1,4,7,6,2,1,1,1,2,3,4,5,7,2,2,2,3,4,5,6,6,7,8,7,6,3,3,2,2,3,3,4,4,5,5,6,8,8,7,7,3,3,2,3,4,5,6,6,7,7,8,3,4,5,6,7,7,8,9,4,4,3,4,4,5,6,8,9,9,10,6,5,4,4,4,5,6,6,7,7,8,8,9,9,10,10,10,7,7,6,5,5,5,6,7,7,8,9,9,10,10,11,10,10,8,7,7,6,5,6,7,7,8,8,9,10,10,11,12,12,9,8,8,7,7,6,7,8,8,9,9,10,10,11,12,12,10,10,9,8,8,7,7,6,7,9,10,10,11,12,12
148,13,11,8,8,7,7,8,9,12,13,13,12,11,10,10,8,8,7,7,6,7,7,8,12,10,10,7,6,6,6,7,10,9,9,8,7,6,6,5,6,9,8,8,7,7,6,6,5,4,7,9,7,7,6,6,5,4,6,7,10,7,6,6,4,4,3,4,5,6,6,10,7,6,6,3,3,3,4,4,5,6,6,7,7,9,6,6,3,3,2,3,3,4,4,5,6,6,7,9,8,7,3,3,2,2,2,3,3,4,4,5,8,8,7,4,4,3,3,2,1,2,2,3,3,4,6,6,7,8,7,3,3,2,2,1,1,2,3,3,4,6,6,7,7,2,2,1,0,3,6,7,3,2,2,1,1,2,3,4,6,3,3,1,2,3,4,4,5,6,7,8,7,4,4,3,3,2,2,3,3,4,4,5,7,7,8,8,4,4,3,2,3,4,4,5,6,6,9,3,3,4,4,6,6,7,8,6,5,4,4,3,4,5,7,8,8,9,7,6,6,5,4,4,4,5,6,6,7,7,8,8,9,9,12,8,8,7,6,5,4,5,5,6,7,8,8,9,9,10,12,11,9,8,8,7,5,5,6,6,7,7,8,9,9,10,10,13,10,9,9,8,8,7,6,7,7,8,8,9,9,10,10,11,12,11,10,9,9,8,8,7,7,8,9,9,10,10,11
149,15,14,11,10,9,9,8,7,9,16,15,14,14,13,13,11,10,10,9,9,8,8,7,15,13,13,9,9,8,8,7,13,12,12,11,10,9,8,8,7,12,11,10,10,9,9,8,8,7,4,12,10,9,9,8,8,7,5,4,13,9,9,8,7,7,6,5,4,4,3,13,9,9,8,6,6,5,4,4,3,3,3,4,4,12,9,8,6,6,5,4,4,3,3,2,3,3,4,12,11,9,6,6,5,4,4,3,3,2,2,2,11,10,9,7,7,6,6,4,4,3,3,2,2,1,3,3,4,10,10,6,6,5,4,4,3,2,1,1,1,3,3,10,9,5,4,4,3,0,3,10,6,5,4,4,3,2,1,2,3,6,6,4,3,2,1,2,2,3,4,11,9,7,7,6,5,4,4,3,3,2,2,2,4,4,11,10,7,7,6,5,4,3,3,2,3,3,12,6,6,4,4,3,3,4,5,8,8,7,7,6,5,4,4,5,6,6,10,9,8,8,7,7,6,6,5,4,4,4,5,6,6,7,14,11,10,10,9,8,7,7,6,5,5,5,5,6,7,7,14,14,12,11,10,9,8,8,7,7,6,5,6,6,7,7,8,15,13,12,12,11,10,9,8,7,7,6,6,6,7,7,8,8,14,14,13,12,12,11,10,10,9,7,6,7,7,8,8
150,18,16,14,13,12,12,11,10,7,19,18,17,16,16,15,14,13,13,12,12,11,10,10,18,16,15,12,12,11,10,10,15,15,14,14,13,12,11,10,10,14,14,13,13,12,12,11,10,10,7,14,13,12,12,11,10,10,8,7,16,12,12,11,10,9,9,8,7,7,6,15,12,12,11,9,8,8,7,7,6,6,5,4,4,14,12,11,9,8,8,7,7,6,5,5,4,4,3,14,14,12,9,8,8,7,7,6,6,5,4,4,14,13,12,10,9,9,8,7,7,6,6,5,4,4,2,2,1,13,13,9,8,8,7,7,6,4,4,3,3,1,1,13,12,8,7,7,6,3,0,13,8,8,7,7,5,5,3,2,1,9,8,7,6,4,4,3,3,2,1,14,12,10,9,9,8,7,7,6,5,5,4,4,2,2,14,13,10,9,9,8,7,6,5,5,4,4,14,9,8,7,7,6,5,4,3,11,10,10,9,9,8,7,5,4,4,3,13,12,11,10,10,9,9,8,8,7,7,6,6,5,4,4,17,14,13,13,12,10,10,9,9,8,8,7,6,5,5,4,17,16,14,14,13,12,11,10,10,9,9,8,7,7,6,5,5,18,15,15,14,14,13,12,10,10,9,9,8,8,7,7,6,6,17,16,15,15,14,14,13,13,12,9,9,8,8,7,7
151,8,9,12,13,14,14,15,16,19,7,7,8,8,9,9,11,12,12,13,13,14,14,15,6,8,8,12,12,13,13,14,7,8,8,9,10,11,12,12,13,7,8,8,9,9,10,10,11,12,14,6,8,8,9,9,10,10,13,14,4,7,8,8,9,10,10,11,12,13,13,4,6,7,7,9,10,10,11,12,12,13,13,14,14,3,6,6,8,9,9,10,10,11,12,12,13,13,14,3,2,4,7,8,8,9,9,10,10,11,12,12,2,2,3,5,6,6,7,8,8,9,9,10,10,11,13,13,14,2,1,5,6,6,7,7,8,9,10,10,11,13,13,1,1,5,6,6,7,10,13,0,4,5,6,6,7,8,9,10,12,5,6,7,8,9,10,10,11,12,13,1,3,5,6,6,7,8,8,9,9,10,10,11,13,13,2,3,6,7,7,8,9,10,10,11,12,12,3,8,9,10,10,12,12,13,14,7,8,8,9,9,10,11,13,14,14,15,7,8,8,9,9,10,10,11,12,12,13,13,14,14,15,15,4,7,7,8,9,10,10,11,12,12,13,14,14,15,15,16,4,5,7,8,8,9,10,11,12,12,13,13,14,15,15,16,16,6,7,8,8,9,9,10,12,13,13,14,14,15,15,16,16,17,7,7,8,9,9,10,10,11,12,14,15,15,16,16,17
152,11,9,8,8,9,10,10,12,15,12,11,10,9,9,8,7,7,8,8,9,9,10,10,10,9,8,7,8,8,9,9,8,8,7,7,6,7,7,8,8,7,7,6,6,5,6,6,7,7,10,7,6,5,4,5,6,6,8,9,9,5,4,4,5,6,6,7,8,8,9,8,5,4,4,5,6,6,7,7,8,8,9,9,10,7,4,4,4,4,5,6,6,7,7,8,8,9,9,7,7,5,3,3,4,4,5,6,6,7,7,8,7,6,5,3,2,2,2,3,4,4,5,6,6,7,8,9,9,6,6,2,1,2,2,3,4,5,6,6,7,8,9,6,5,1,1,2,3,6,8,4,0,1,1,2,3,3,5,6,8,1,1,3,3,5,6,6,7,8,8,6,4,2,1,2,2,3,4,4,5,6,6,7,8,9,6,5,2,2,3,4,4,6,6,7,7,8,6,4,4,6,6,7,8,9,9,3,3,4,4,5,6,7,8,9,10,10,4,3,4,4,5,6,6,7,7,8,8,9,9,10,10,11,9,6,5,4,4,6,6,7,7,8,8,9,10,10,11,12,9,8,6,6,5,5,6,7,7,8,8,9,10,10,11,12,12,10,7,7,6,6,5,6,8,8,9,9,10,10,11,12,12,13,9,8,7,7,6,6,6,7,7,10,10,11,12,12,13
153,12,10,7,8,9,9,10,11,14,12,12,10,10,9,9,7,7,7,8,8,9,9,10,11,9,9,7,7,8,8,9,9,8,8,7,6,6,7,7,8,8,7,7,6,6,5,6,6,7,9,8,6,6,5,4,5,6,8,9,9,5,5,4,4,5,6,6,7,8,8,9,6,5,4,4,5,6,6,7,7,8,8,9,9,8,5,4,3,4,4,5,6,6,7,7,8,8,9,8,7,6,2,3,3,4,4,5,6,6,7,7,7,7,6,3,3,2,2,3,3,4,4,5,6,6,8,8,9,7,6,2,2,1,2,2,3,4,5,6,6,8,8,6,6,1,1,1,2,5,8,5,1,0,1,1,2,3,4,6,7,1,1,2,3,4,5,6,6,7,8,6,4,2,2,1,2,3,3,4,4,5,6,6,8,8,6,5,2,2,2,3,4,5,6,6,7,7,7,3,4,5,6,7,7,8,9,3,3,3,4,4,5,6,8,9,9,10,5,4,3,4,4,5,6,6,7,7,8,8,9,9,10,10,9,6,5,5,4,5,6,6,7,7,8,9,9,10,10,11,9,9,7,6,6,4,6,6,7,7,8,8,9,10,10,11,12,10,8,7,7,6,6,6,7,8,8,9,9,10,10,11,12,12,9,9,8,7,7,6,6,6,7,9,10,10,11,12,12
154,12,10,8,7,8,9,9,10,14,13,12,11,10,10,9,8,7,7,7,8,8,9,9,12,10,9,6,7,7,8,8,9,9,8,8,7,6,6,7,7,8,8,7,7,6,6,5,6,6,9,8,7,6,6,5,4,5,7,8,10,6,6,5,4,4,5,6,7,7,8,9,6,6,5,4,4,5,6,6,7,7,8,8,9,8,6,5,3,3,4,4,5,6,6,7,7,8,8,8,8,6,3,2,3,3,4,4,5,6,6,7,8,7,6,4,3,3,2,2,3,3,4,4,5,6,7,8,8,7,7,3,2,2,1,2,3,4,4,5,6,7,8,7,6,2,1,1,2,4,7,6,1,1,0,1,2,2,4,5,7,2,1,2,2,4,4,5,5,7,7,7,5,3,2,2,1,2,3,3,4,4,5,6,7,8,7,6,3,2,2,3,3,4,5,5,6,7,7,3,3,4,5,6,7,8,8,4,3,3,3,4,4,6,7,8,9,9,6,4,4,3,4,4,5,5,6,7,7,8,8,9,9,10,10,7,6,6,4,4,5,6,6,7,7,8,9,9,10,10,10,9,7,7,6,5,5,6,6,7,7,8,9,9,10,10,11,11,8,8,7,7,6,5,7,7,8,8,9,9,10,10,11,12,10,9,8,8,7,7,6,6,6,9,9,10,10,11,12
155,13,11,8,8,8,8,9,10,13,13,13,12,11,10,10,8,8,7,7,7,8,8,9,12,10,10,7,6,7,7,8,10,9,9,8,7,6,6,6,7,9,8,8,7,7,6,6,5,6,8,9,7,7,6,6,5,4,7,8,10,7,6,6,4,4,4,5,6,7,7,10,7,6,6,3,4,4,5,6,6,7,7,8,8,9,6,6,3,3,3,4,4,5,6,6,7,7,8,9,8,7,3,3,2,3,3,4,4,5,6,6,8,8,7,4,4,3,3,2,2,3,3,4,4,5,7,7,8,8,7,3,3,2,2,1,2,3,4,4,5,7,7,7,7,2,2,1,1,4,7,6,2,1,1,0,1,2,3,4,6,2,2,1,2,3,4,4,5,6,7,7,6,3,3,2,2,2,2,3,3,4,4,5,7,7,7,7,3,3,2,2,3,4,4,5,6,6,8,2,3,4,4,6,6,7,8,4,4,3,3,3,4,5,7,8,8,9,6,5,4,4,3,4,4,5,6,6,7,7,8,8,9,9,10,7,7,6,5,4,4,5,5,6,7,8,8,9,9,10,10,10,8,7,7,6,4,5,6,6,7,7,8,9,9,10,10,12,9,8,8,7,7,6,6,7,7,8,8,9,9,10,10,11,10,10,9,8,8,7,7,6,6,8,9,9,10,10,11
156,14,12,9,9,8,7,8,9,12,14,14,13,12,12,11,9,9,8,8,7,7,7,8,13,12,11,8,7,7,6,7,11,10,10,9,8,7,7,6,6,10,9,9,8,8,7,7,6,6,7,10,8,8,7,7,6,6,6,7,12,8,7,7,6,5,4,4,5,6,6,11,8,7,7,4,4,3,4,4,5,6,6,7,7,10,7,7,4,4,3,3,3,4,4,5,6,6,7,10,9,8,4,4,3,3,2,3,3,4,4,5,9,9,8,6,5,4,4,3,2,2,2,3,3,4,6,6,7,9,8,4,4,3,3,2,1,2,3,3,4,6,6,8,8,3,3,2,1,3,5,7,3,2,2,1,0,1,2,3,5,3,3,1,1,2,3,3,4,5,5,8,7,4,4,3,3,2,1,2,2,3,3,4,6,6,8,8,4,4,3,2,2,3,3,4,4,5,9,3,3,3,3,4,5,6,7,6,5,4,4,3,3,4,6,7,7,8,7,6,6,5,4,4,3,4,4,5,5,6,7,7,8,8,12,8,8,7,6,5,4,4,4,5,6,7,7,8,8,9,12,11,9,8,8,7,6,5,4,5,6,6,7,8,8,9,9,13,10,9,9,8,8,7,5,5,6,7,7,8,8,9,9,10,12,11,10,9,9,8,8,7,7,7,8,8,9,9,10
157,14,13,10,9,8,8,7,8,12,15,14,13,13,12,12,10,9,9,8,8,7,7,7,14,12,12,8,8,7,7,6,12,11,10,10,9,8,7,7,6,10,10,9,9,8,8,7,7,6,7,10,9,8,8,7,7,6,5,6,12,8,8,7,6,5,5,4,4,5,6,12,8,8,7,5,4,4,3,4,4,5,6,6,7,10,8,7,5,4,4,3,3,3,4,4,5,6,6,10,10,8,5,4,4,3,3,2,3,3,4,4,10,9,8,6,6,5,4,3,3,2,2,2,3,3,5,6,6,9,9,5,4,4,3,3,2,2,2,3,3,5,6,9,8,4,3,3,2,2,5,8,3,3,2,2,1,0,2,3,4,4,3,2,1,2,2,3,3,4,5,9,7,5,4,4,3,2,2,1,2,2,3,3,5,6,9,8,5,4,4,3,2,2,3,3,4,4,9,4,3,2,3,4,4,6,6,6,6,5,4,4,3,3,5,6,7,7,8,7,6,5,5,4,4,3,4,4,5,6,6,7,7,8,12,9,8,8,7,5,5,4,4,4,5,6,7,7,8,8,12,12,9,9,8,7,6,6,5,4,5,6,7,7,8,8,9,13,10,10,9,9,8,7,5,5,6,6,7,7,8,8,9,9,12,12,10,10,9,9,8,8,7,7,7,8,8,9,9
158,16,14,12,11,10,9,9,8,10,16,16,15,14,14,13,12,11,10,10,9,9,8,8,15,14,13,10,9,9,8,8,13,13,12,12,10,9,9,8,8,12,12,11,10,10,9,9,8,8,5,12,10,10,9,9,8,8,6,4,14,10,9,9,8,7,7,6,5,4,4,13,10,9,9,7,6,6,5,4,4,3,4,4,5,12,9,9,7,6,6,5,4,4,3,3,3,4,4,12,12,10,7,6,6,5,4,4,3,3,2,3,12,11,10,8,7,7,6,5,4,4,3,3,2,2,3,4,4,11,10,7,6,6,5,4,3,2,2,1,2,3,4,10,10,6,5,4,3,1,3,9,5,4,4,3,2,2,0,1,3,6,5,3,3,1,1,1,2,3,3,10,9,7,6,6,5,4,3,3,2,2,1,2,3,4,10,10,7,6,5,4,4,3,2,2,2,3,11,6,5,4,3,2,3,4,4,8,7,7,6,6,5,4,3,4,5,6,9,8,8,7,7,6,5,5,4,4,3,4,4,5,6,6,14,10,10,9,8,7,7,6,6,5,4,4,5,6,6,7,14,13,11,10,10,9,8,7,7,6,6,5,5,6,6,7,7,15,12,12,11,10,10,9,7,7,6,5,5,6,6,7,7,8,14,13,12,12,11,10,10,9,9,6,6,6,7,7,8
159,17,15,13,12,11,10,10,9,9,18,17,16,15,15,14,13,12,12,11,10,10,9,9,16,15,14,11,10,10,9,9,14,14,13,13,12,10,10,9,9,13,13,12,12,11,10,10,9,9,6,13,12,11,10,10,9,9,7,6,15,11,10,10,9,8,8,7,6,5,5,14,11,10,10,8,7,7,6,6,5,4,4,3,4,13,10,10,8,7,7,6,6,5,4,4,3,3,3,13,13,11,8,7,7,6,5,5,4,4,3,3,13,12,11,9,8,8,7,6,6,5,4,4,3,3,2,3,3,12,12,8,7,7,6,6,4,3,3,2,2,2,3,12,11,7,6,5,4,2,2,10,6,6,5,4,3,3,1,0,2,7,6,4,4,2,2,1,1,2,2,12,10,8,7,7,6,5,4,4,3,3,2,2,2,3,12,11,8,7,7,5,5,4,3,3,2,2,12,7,6,5,4,3,3,3,3,9,8,8,7,7,6,5,3,3,4,4,10,9,9,8,8,7,7,6,5,5,4,4,3,4,4,5,15,12,11,10,9,8,8,7,7,6,5,4,4,4,5,6,15,14,12,12,11,10,9,8,8,7,7,6,5,4,5,6,6,16,13,13,12,12,11,10,8,8,7,7,6,5,5,6,6,7,15,14,13,13,12,12,11,10,10,7,7,6,6,6,7
160,19,17,14,14,13,12,12,10,7,19,19,18,17,16,16,14,14,13,13,12,12,11,10,18,16,16,13,12,12,11,10,16,15,15,14,13,12,12,11,10,15,14,14,13,13,12,12,11,10,8,15,13,13,12,12,11,10,8,7,16,13,12,12,10,10,9,9,8,7,7,16,13,12,12,9,9,8,8,7,7,6,6,5,4,15,12,12,9,9,8,8,7,7,6,6,5,4,4,15,14,13,9,9,8,8,7,7,6,5,5,4,14,14,13,10,10,9,9,8,7,7,6,6,5,4,3,2,2,14,13,9,9,8,8,7,6,5,4,4,3,2,1,13,13,8,8,7,6,3,1,12,8,7,7,6,5,4,3,2,0,8,8,6,5,4,3,3,2,1,1,13,12,9,9,8,8,7,6,6,5,4,4,3,2,1,13,13,9,9,8,7,7,5,5,4,4,3,14,8,8,7,6,5,4,3,3,10,10,9,9,8,8,7,5,4,3,3,12,11,10,10,9,9,8,8,7,7,6,5,5,4,4,3,16,13,13,12,11,10,9,9,8,8,7,6,6,5,4,4,16,16,14,13,13,12,10,10,9,9,8,8,7,6,6,5,4,18,15,14,14,13,13,12,10,9,9,8,8,7,7,6,5,5,16,16,15,14,14,13,13,12,12,9,8,8,7,7,6
161,12,10,8,9,10,10,11,12,15,12,12,10,10,9,9,7,8,8,9,9,10,10,11,11,9,9,8,8,9,9,10,9,8,8,7,6,7,8,8,9,8,7,7,6,6,6,7,7,8,10,8,6,6,5,6,6,7,9,10,9,5,5,4,6,6,7,7,8,9,9,9,6,5,4,6,6,7,7,8,8,9,9,10,10,8,5,4,4,5,6,6,7,7,8,8,9,9,10,8,7,6,3,4,4,5,6,6,7,7,8,8,7,7,6,3,3,2,3,4,4,5,6,6,7,7,9,9,10,7,6,2,2,2,3,3,4,6,6,7,7,9,9,6,6,1,2,2,3,6,9,5,1,1,2,2,3,4,6,7,8,0,1,2,3,4,5,6,6,7,8,5,3,1,1,1,2,3,3,4,4,5,6,6,8,8,5,4,1,2,2,3,4,5,6,6,7,7,6,3,4,5,6,7,7,8,9,2,3,3,4,4,5,6,8,9,9,10,4,3,3,4,4,5,6,6,7,7,8,8,9,9,10,10,8,5,4,4,4,5,6,6,7,7,8,9,9,10,10,11,8,8,6,5,4,4,6,6,7,7,8,8,9,10,10,11,12,9,7,6,6,5,4,6,7,8,8,9,9,10,10,11,12,12,8,8,7,6,6,5,6,6,7,9,10,10,11,12,12
162,12,10,8,8,9,10,10,12,15,13,12,11,10,10,9,8,7,8,8,9,9,10,10,12,10,9,7,8,8,9,9,9,9,8,8,7,7,7,8,8,8,8,7,7,6,6,6,7,7,10,8,7,6,6,5,6,6,8,9,10,6,5,5,5,6,6,7,8,8,9,9,6,6,5,5,6,6,7,7,8,8,9,9,10,8,6,5,4,4,5,6,6,7,7,8,8,9,9,8,8,6,3,3,4,4,5,6,6,7,7,8,8,7,6,4,3,3,2,3,4,4,5,6,6,7,8,9,9,7,7,3,2,2,2,3,4,5,6,6,7,8,9,7,6,2,1,2,3,6,8,6,1,1,1,2,3,3,5,6,8,1,0,2,2,4,4,5,6,7,7,6,4,2,1,1,1,2,3,3,4,4,5,6,7,8,6,5,2,1,2,3,3,4,5,6,6,7,6,3,3,4,5,6,7,8,8,3,2,3,3,4,4,6,7,8,9,9,4,3,3,3,4,4,5,6,6,7,7,8,8,9,9,10,9,6,5,4,3,4,5,6,6,7,7,8,9,9,10,10,9,8,6,6,5,4,5,6,6,7,7,8,9,9,10,10,11,10,7,7,6,6,5,5,7,7,8,8,9,9,10,10,11,12,9,8,7,7,6,6,5,6,6,9,9,10,10,11,12
163,14,12,9,9,8,8,9,10,13,14,14,13,12,12,11,9,9,8,8,7,8,8,9,13,12,11,8,7,7,7,8,11,10,10,9,8,7,7,6,7,10,9,9,8,8,7,7,6,6,8,10,8,8,7,7,6,6,7,8,12,8,7,7,5,5,4,5,6,7,7,11,8,7,7,4,4,4,5,6,6,7,7,8,8,10,7,7,4,4,3,4,4,5,6,6,7,7,8,10,9,8,4,4,3,3,3,4,4,5,6,6,9,9,8,6,5,4,4,3,2,3,3,4,4,5,7,7,8,9,8,4,4,3,3,2,2,3,4,4,5,7,7,8,8,3,3,2,1,4,7,7,3,2,2,1,1,2,3,4,6,2,2,0,1,2,3,3,4,5,6,7,6,3,3,2,2,1,1,2,2,3,3,4,6,6,7,7,3,3,2,1,2,3,3,4,4,5,8,2,2,3,3,4,5,6,7,4,4,3,3,2,3,4,6,7,7,8,6,5,4,4,3,3,3,4,4,5,6,6,7,7,8,8,10,7,7,6,5,4,3,4,4,5,6,7,7,8,8,9,10,10,8,7,7,6,4,4,4,5,6,6,7,8,8,9,9,12,9,8,8,7,7,6,5,6,6,7,7,8,8,9,9,10,10,10,9,8,8,7,7,6,6,7,8,8,9,9,10
164,14,13,10,9,8,8,8,9,13,15,14,13,13,12,12,10,9,9,8,8,7,8,8,14,12,12,8,8,7,7,7,12,11,10,10,9,8,7,7,6,10,10,9,9,8,8,7,7,6,8,10,9,8,8,7,7,6,6,7,12,8,8,7,6,6,5,4,5,6,7,12,8,8,7,5,4,4,4,5,6,6,7,7,8,10,8,7,5,4,4,3,4,4,5,5,6,7,7,10,10,8,5,4,4,3,3,3,4,4,5,6,10,9,8,6,6,5,4,3,3,2,3,3,4,4,6,7,7,9,9,5,4,4,3,3,2,3,3,4,4,6,7,9,8,4,3,3,2,3,6,8,3,3,2,2,1,1,3,4,5,3,2,1,0,2,2,3,3,4,5,8,6,4,3,3,2,1,1,1,2,2,3,3,5,5,8,7,4,3,3,2,1,2,3,3,4,4,8,3,2,2,3,4,4,6,6,5,4,4,3,3,2,3,5,6,7,7,7,6,5,4,4,3,3,3,4,4,5,6,6,7,7,8,11,8,7,7,6,4,4,3,4,4,5,6,7,7,8,8,11,10,8,8,7,6,5,4,4,4,5,6,7,7,8,8,9,12,9,9,8,8,7,6,4,5,6,6,7,7,8,8,9,9,11,10,9,9,8,8,7,7,6,7,7,8,8,9,9
165,16,14,12,11,10,9,9,8,11,17,16,15,14,14,13,12,11,10,10,9,9,8,8,15,14,13,10,9,9,8,8,13,13,12,12,10,9,9,8,8,12,12,11,10,10,9,9,8,8,6,12,10,10,9,9,8,8,6,5,14,10,9,9,8,7,7,6,5,4,5,13,10,9,9,7,6,6,5,4,4,4,5,5,6,12,9,9,7,6,6,5,4,4,3,4,4,5,5,12,12,10,7,6,6,5,4,4,3,3,3,4,12,11,10,8,7,7,6,5,4,4,3,3,2,3,4,5,5,11,10,7,6,6,5,4,3,2,2,2,3,4,5,10,10,6,5,4,3,2,4,9,5,4,4,3,2,2,1,2,4,4,4,2,2,0,1,1,2,3,3,9,8,6,5,4,4,3,2,2,1,1,1,2,3,4,9,9,6,5,4,3,3,2,1,2,2,3,10,4,4,3,2,2,3,4,4,7,6,6,5,4,4,3,3,4,5,5,8,7,7,6,6,5,4,4,3,3,3,4,4,5,6,6,13,9,9,8,7,6,6,5,4,4,3,4,5,5,6,7,13,12,10,9,9,8,7,6,6,5,4,4,5,5,6,7,7,14,11,10,10,9,9,8,6,6,5,4,5,6,6,7,7,8,13,12,11,10,10,9,9,8,8,5,5,6,7,7,8
166,16,15,12,12,10,10,9,8,10,17,16,15,15,14,14,12,12,11,10,10,9,9,8,16,14,14,10,10,9,9,8,14,13,13,12,11,10,9,9,8,13,12,12,11,10,10,9,9,8,6,13,11,10,10,9,9,8,6,5,14,10,10,9,8,8,7,7,5,5,4,14,10,10,9,7,7,6,6,5,4,4,4,5,6,13,10,9,7,7,6,5,5,4,4,3,4,4,5,13,12,10,7,7,6,6,5,4,4,3,3,3,12,12,10,8,8,7,7,6,5,4,4,3,3,2,4,4,5,12,11,7,7,6,6,5,4,3,2,2,2,4,4,11,10,6,6,5,4,1,4,10,6,5,4,4,3,2,1,2,3,5,4,3,2,1,0,1,1,2,3,10,8,6,6,5,4,3,3,2,2,1,1,1,3,3,10,9,6,6,5,4,3,2,2,1,2,2,10,5,4,3,3,2,2,3,4,7,7,6,6,5,4,3,3,4,4,5,9,8,7,7,6,6,5,4,4,3,3,3,4,4,5,6,13,10,9,9,8,7,6,5,5,4,4,4,4,5,6,6,13,13,10,10,9,8,7,7,6,6,5,4,4,5,6,6,7,14,12,11,10,10,9,8,7,6,6,5,4,5,6,6,7,7,13,13,12,11,10,10,9,9,8,5,5,6,6,7,7
167,17,15,13,12,11,10,10,9,10,18,17,16,15,15,14,13,12,12,11,10,10,9,9,16,15,14,11,10,10,9,9,14,14,13,13,12,10,10,9,9,13,13,12,12,11,10,10,9,9,6,13,12,11,10,10,9,9,7,6,15,11,10,10,9,8,8,7,6,5,5,14,11,10,10,8,7,7,6,6,5,4,4,4,5,13,10,10,8,7,7,6,6,5,4,4,3,4,4,13,13,11,8,7,7,6,6,5,4,4,3,3,13,12,11,9,8,8,7,6,6,5,4,4,3,3,3,4,4,12,12,8,7,7,6,6,4,3,3,2,2,3,4,12,11,7,6,6,4,2,3,10,6,6,5,4,3,3,1,1,3,6,5,3,3,1,1,0,1,2,2,10,9,7,6,6,5,4,3,3,2,2,1,1,2,3,10,10,7,6,6,4,4,3,2,2,1,2,11,6,5,4,3,2,2,3,3,8,7,7,6,6,5,4,2,3,4,4,9,8,8,7,7,6,6,5,4,4,3,3,3,4,4,5,14,10,10,9,8,7,7,6,6,5,4,3,4,4,5,5,14,13,11,10,10,9,8,7,7,6,6,5,4,4,5,6,6,15,12,12,11,10,10,9,7,7,6,6,5,4,5,6,6,7,14,13,12,12,11,10,10,9,9,6,6,5,5,6,7
168,18,16,13,13,12,11,10,9,9,18,18,16,16,15,15,13,13,12,12,11,10,10,9,17,15,15,12,11,10,10,9,15,14,14,13,12,11,10,10,9,14,13,13,12,12,11,10,10,9,7,14,12,12,11,10,10,9,7,6,15,12,11,10,9,9,8,8,7,6,5,15,12,11,10,8,8,7,7,6,5,5,4,4,4,14,11,10,8,8,7,7,6,5,5,4,4,3,4,14,13,12,8,8,7,7,6,6,5,4,4,3,13,13,12,9,9,8,8,7,6,5,5,4,4,3,3,3,4,13,12,8,8,7,7,6,5,4,3,3,2,3,3,12,12,7,7,6,5,2,3,11,7,6,5,5,4,3,2,1,2,6,6,4,3,2,1,1,0,1,2,11,9,7,7,6,5,4,4,3,3,2,2,1,2,2,11,10,7,7,6,5,4,3,3,2,2,1,12,6,6,4,4,3,2,2,3,8,8,7,7,6,5,4,3,3,3,4,10,9,8,8,7,7,6,6,5,4,4,3,3,3,4,4,14,11,10,10,9,8,7,7,6,5,5,4,3,4,4,5,14,14,12,11,10,9,8,8,7,7,6,5,4,4,4,5,6,15,13,12,12,11,10,9,8,7,7,6,6,5,4,5,6,6,14,14,13,12,12,11,10,10,9,7,6,5,5,6,6
169,19,17,14,14,13,12,12,10,8,19,19,18,17,17,16,14,14,13,13,12,12,11,10,18,17,16,13,12,12,11,10,16,15,15,14,13,12,12,11,10,15,14,14,13,13,12,12,11,10,8,15,13,13,12,12,11,10,8,7,16,13,12,12,10,10,9,9,8,7,7,16,13,12,12,9,9,8,8,7,7,6,6,5,4,15,12,12,9,9,8,8,7,7,6,6,5,4,4,15,14,13,9,9,8,8,7,7,6,6,5,4,14,14,13,10,10,9,9,8,7,7,6,6,5,4,3,2,3,14,13,9,9,8,8,7,6,5,4,4,3,2,2,13,13,8,8,7,6,3,2,12,8,7,7,6,5,4,3,2,1,7,7,5,4,3,2,2,1,0,1,12,10,8,8,7,7,6,5,4,4,3,3,2,1,1,12,12,8,8,7,6,6,4,4,3,3,2,13,7,7,6,5,4,3,2,2,9,9,8,8,7,7,6,4,3,2,3,11,10,9,9,8,8,7,7,6,6,5,4,4,3,3,3,15,12,12,11,10,9,8,8,7,7,6,5,4,4,3,4,15,15,13,12,12,10,9,9,8,8,7,7,6,5,4,4,4,16,14,13,13,12,12,10,9,8,8,7,7,6,6,5,4,5,15,15,14,13,13,12,12,11,10,8,7,7,6,6,5
170,19,18,15,14,13,13,12,11,8,20,19,18,18,17,16,15,14,14,13,13,12,12,11,19,17,16,13,13,12,12,11,16,16,15,15,14,13,12,12,11,15,15,14,14,13,13,12,12,11,8,15,14,13,13,12,12,11,9,8,17,13,13,12,11,10,10,9,8,8,7,16,13,13,12,10,9,9,8,8,7,7,6,6,5,15,13,12,10,9,9,8,8,7,7,6,5,5,4,15,15,13,10,9,9,8,8,7,7,6,6,5,15,14,13,11,10,10,9,8,8,7,7,6,5,5,3,3,2,14,14,10,9,9,8,8,7,6,5,4,4,2,2,14,13,9,8,8,7,4,1,13,8,8,7,7,5,5,3,2,1,8,7,6,5,3,3,2,2,1,0,13,11,9,8,8,7,6,5,5,4,4,3,3,1,1,13,12,9,8,8,7,6,5,4,4,3,3,13,8,7,6,6,4,4,3,2,10,9,9,8,8,7,6,4,3,3,2,12,10,10,9,9,8,8,7,7,6,6,5,4,4,3,3,16,13,12,12,10,9,9,8,8,7,7,5,5,4,4,3,16,15,13,13,12,11,10,9,9,8,8,7,6,6,5,4,4,17,14,14,13,13,12,11,9,9,8,8,7,7,6,6,5,4,16,15,14,14,13,13,12,12,11,8,8,7,7,6,5
171,9,10,13,14,15,15,16,17,20,8,8,9,9,10,10,12,13,13,14,14,15,15,16,7,9,9,13,13,14,14,15,8,9,9,10,11,12,13,13,14,8,9,9,10,10,11,12,12,13,15,7,9,9,10,10,11,12,14,15,5,8,9,9,10,11,12,12,13,14,14,5,7,8,8,10,11,12,12,13,13,14,14,15,15,4,7,7,9,10,10,11,12,12,13,13,14,14,15,4,3,5,8,9,9,10,10,11,12,12,13,13,3,3,4,6,7,7,8,9,9,10,10,11,12,12,14,14,15,3,2,6,7,7,8,8,9,10,11,12,12,14,14,2,2,6,7,7,8,11,14,1,6,6,7,7,8,9,10,12,13,5,6,7,8,9,10,10,11,12,13,0,2,4,4,5,6,7,7,8,8,9,9,10,12,12,1,2,5,6,6,7,8,9,9,10,10,11,2,7,8,9,9,10,11,12,13,6,7,7,8,8,9,10,12,13,13,14,6,7,7,8,8,9,9,10,10,11,12,12,13,13,14,14,3,6,6,7,8,9,9,10,10,11,12,13,13,14,14,15,3,4,6,7,7,8,9,10,10,11,12,12,13,14,14,15,15,4,6,7,7,8,8,9,11,12,12,13,13,14,14,15,15,16,6,6,7,8,8,9,9,10,10,13,14,14,15,15,16
172,9,9,12,12,13,14,14,15,19,10,9,8,8,8,9,10,11,12,12,13,13,14,14,9,7,8,11,12,12,13,13,7,7,8,8,9,10,11,12,12,7,7,8,8,9,9,10,10,11,14,6,7,8,8,9,9,10,12,13,7,7,7,8,9,9,10,10,12,12,13,7,6,6,7,9,9,10,10,11,12,12,13,13,14,6,5,6,8,8,9,9,10,10,11,12,12,13,13,6,5,3,7,7,8,8,9,9,10,10,11,12,5,4,3,4,5,6,6,7,8,8,9,9,10,10,12,13,13,4,4,4,5,6,6,7,8,9,9,10,10,12,13,4,3,4,5,6,7,9,12,3,4,4,5,6,7,7,9,10,12,3,4,6,6,8,8,9,9,10,11,2,0,2,3,3,4,5,6,6,7,7,8,8,10,10,2,1,3,4,4,6,6,7,8,8,9,9,2,6,6,7,8,9,9,10,11,4,5,6,6,7,7,8,10,11,12,12,4,5,6,6,7,7,8,8,9,9,10,10,11,12,12,13,5,4,4,5,6,7,8,8,9,9,10,11,12,12,13,13,5,4,4,5,6,7,8,8,9,9,10,10,12,12,13,13,14,6,4,5,6,6,7,8,9,10,10,11,12,12,13,13,14,14,5,4,6,6,7,7,8,8,9,12,12,13,13,14,14
173,12,10,9,10,11,12,12,13,16,12,12,10,10,9,9,8,9,9,10,10,11,12,12,11,9,9,9,9,10,10,11,9,8,8,7,7,8,9,9,10,8,7,7,6,7,7,8,8,9,12,8,6,6,6,7,7,8,10,11,9,5,5,5,7,7,8,8,9,10,10,9,6,5,4,7,7,8,8,9,9,10,10,11,12,8,5,4,6,6,7,7,8,8,9,9,10,10,11,8,7,6,4,5,6,6,7,7,8,8,9,9,7,7,6,3,3,3,4,5,6,6,7,7,8,8,10,10,11,7,6,2,3,3,4,4,6,7,7,8,8,10,10,6,6,2,3,3,4,7,10,5,2,2,3,3,4,5,7,8,9,1,2,3,4,6,6,7,7,8,9,4,2,0,1,1,2,3,3,4,4,5,6,6,8,8,4,3,1,2,2,3,4,5,6,6,7,7,4,3,4,5,6,7,7,8,9,2,3,3,4,4,5,6,8,9,9,10,3,3,3,4,4,5,6,6,7,7,8,8,9,9,10,10,7,4,3,3,4,5,6,6,7,7,8,9,9,10,10,11,7,7,4,4,3,4,6,6,7,7,8,8,9,10,10,11,12,8,6,5,4,4,4,6,7,8,8,9,9,10,10,11,12,12,7,7,6,5,4,5,6,6,7,9,10,10,11,12,12
174,12,10,9,9,10,11,12,13,16,13,12,11,10,10,9,8,8,9,9,10,10,11,12,12,10,9,8,9,9,10,10,9,9,8,8,7,8,8,9,9,8,8,7,7,6,7,7,8,8,11,8,7,6,6,6,7,7,9,10,10,6,5,5,6,7,7,8,9,9,10,9,6,6,5,6,7,7,8,8,9,9,10,10,11,8,6,5,5,6,6,7,7,8,8,9,9,10,10,8,8,6,4,4,5,6,6,7,7,8,8,9,8,7,6,4,3,3,3,4,5,6,6,7,7,8,9,10,10,7,7,3,2,3,3,4,5,6,7,7,8,9,10,7,6,2,2,3,4,7,9,6,1,2,2,3,4,4,6,7,9,1,1,3,3,5,6,6,7,8,8,4,3,1,0,1,1,2,3,3,4,4,5,6,7,8,4,4,1,1,2,3,3,4,5,6,6,7,5,3,3,4,5,6,7,8,8,2,2,3,3,4,4,6,7,8,9,9,3,2,3,3,4,4,5,6,6,7,7,8,8,9,9,10,8,4,4,3,3,4,5,6,6,7,7,8,9,9,10,10,8,7,5,4,4,4,5,6,6,7,7,8,9,9,10,10,11,9,6,6,5,4,4,5,7,7,8,8,9,9,10,10,11,12,8,7,6,6,5,4,5,6,6,9,9,10,10,11,12
175,13,11,8,9,10,10,11,12,15,13,13,12,11,10,10,8,8,8,9,9,10,10,11,12,10,10,8,8,9,9,10,10,9,9,8,7,7,8,8,9,9,8,8,7,7,6,7,7,8,10,9,7,7,6,6,6,7,9,10,10,7,6,5,6,6,7,7,8,9,9,10,7,6,6,6,6,7,7,8,8,9,9,10,10,9,6,5,4,5,6,6,7,7,8,8,9,9,10,9,8,7,3,4,4,5,6,6,7,7,8,8,8,8,7,4,4,3,3,4,4,5,6,6,7,7,9,9,10,8,7,3,3,2,3,3,4,6,6,7,7,9,9,7,7,2,2,2,3,6,9,6,2,1,2,2,3,4,6,7,8,1,1,2,3,4,5,6,6,7,8,5,3,1,1,0,1,2,2,3,3,4,4,5,7,7,5,4,1,1,1,2,3,4,4,5,6,6,6,2,3,4,4,6,6,7,8,2,2,2,3,3,4,5,7,8,8,9,4,3,2,3,3,4,4,5,6,6,7,7,8,8,9,9,8,5,4,4,3,4,4,5,6,6,7,8,8,9,9,10,8,8,6,5,4,3,4,5,6,6,7,7,8,9,9,10,10,9,7,6,6,5,4,4,6,7,7,8,8,9,9,10,10,11,8,8,7,6,6,5,4,5,6,8,9,9,10,10,11
176,13,12,9,8,9,10,10,12,15,14,13,12,12,11,10,9,8,8,8,9,9,10,10,13,11,10,7,8,8,9,9,10,10,9,9,8,7,7,8,8,9,9,8,8,7,7,6,7,7,10,9,8,7,7,6,6,6,8,9,11,7,7,6,5,5,6,7,8,8,9,10,7,7,6,5,6,6,7,7,8,8,9,9,10,9,7,6,4,4,5,6,6,7,7,8,8,9,9,9,9,7,4,3,4,4,5,5,6,7,7,8,9,8,7,5,4,4,3,3,4,4,5,6,6,7,8,9,9,8,8,4,3,3,2,3,4,5,6,6,7,8,9,8,7,3,2,2,3,5,8,7,2,2,1,2,3,3,5,6,8,2,1,2,2,4,4,5,5,7,7,6,4,2,1,1,0,1,2,2,3,3,4,4,6,7,6,5,2,1,1,2,2,3,4,4,5,5,6,2,2,3,4,5,6,7,7,3,2,2,2,3,3,4,6,7,8,8,4,3,3,2,3,3,4,4,5,6,6,7,7,8,8,9,9,6,5,4,3,3,4,4,5,6,6,7,8,8,9,9,9,8,6,6,5,4,4,4,5,6,6,7,8,8,9,9,10,10,7,7,6,6,5,4,6,6,7,7,8,8,9,9,10,10,9,8,7,7,6,6,5,4,5,8,8,9,9,10,10
177,14,13,10,9,8,9,9,10,14,15,14,13,13,12,12,10,9,9,8,8,8,9,9,14,12,12,8,8,7,8,8,12,11,10,10,9,8,7,7,7,10,10,9,9,8,8,7,7,6,9,10,9,8,8,7,7,6,7,8,12,8,8,7,6,5,5,6,7,7,8,12,8,8,7,5,4,5,6,6,7,7,8,8,9,10,8,7,5,4,4,4,5,6,6,7,7,8,8,10,10,8,5,4,4,3,4,4,5,6,6,7,10,9,8,6,6,5,4,3,3,3,4,4,5,6,7,8,8,9,9,5,4,4,3,3,3,4,4,5,6,7,8,9,8,4,3,3,2,4,7,8,3,3,2,2,2,2,4,5,7,3,2,1,1,3,3,4,4,6,6,7,5,3,2,2,1,0,1,1,2,2,3,3,5,6,7,6,3,2,2,1,1,2,3,3,4,4,7,2,1,2,3,4,4,6,6,4,3,3,2,2,2,3,5,6,7,7,6,4,4,3,3,2,3,3,4,4,5,6,6,7,7,8,10,7,6,6,4,3,3,3,4,4,5,6,7,7,8,8,10,9,7,7,6,5,4,3,4,4,5,6,7,7,8,8,9,11,8,8,7,7,6,5,4,5,6,6,7,7,8,8,9,9,10,9,8,8,7,7,6,6,5,7,7,8,8,9,9
178,15,13,10,10,9,8,9,10,13,15,15,14,13,13,12,10,10,9,9,8,8,8,9,14,13,12,9,8,8,7,8,12,12,11,10,9,8,8,7,7,11,10,10,9,9,8,8,7,7,8,11,9,9,8,8,7,7,7,8,13,9,8,8,7,6,6,5,6,7,7,12,9,8,8,6,5,4,5,6,6,7,7,8,8,11,8,8,6,5,4,4,4,5,6,6,7,7,8,11,10,9,6,5,4,4,3,4,4,5,5,6,10,10,9,7,6,6,5,4,3,3,3,4,4,5,7,7,8,10,9,6,5,4,4,3,2,3,4,4,5,7,7,9,9,4,4,3,2,4,7,8,4,3,3,2,1,2,3,4,6,3,3,1,1,2,3,3,4,5,5,7,6,3,3,2,2,1,0,1,1,2,2,3,4,5,7,7,3,3,2,1,1,2,2,3,3,4,8,2,2,2,2,3,4,5,6,4,4,3,3,2,2,3,4,6,6,7,6,5,4,4,3,3,2,3,3,4,4,5,5,6,7,7,10,7,7,6,5,4,3,3,3,4,4,6,6,7,7,8,10,10,8,7,7,6,4,4,3,4,4,5,6,7,7,8,8,12,9,8,8,7,7,6,4,4,5,6,6,7,7,8,8,9,10,10,9,8,8,7,7,6,6,6,7,7,8,8,9
179,15,14,11,10,9,9,8,9,13,16,15,14,14,13,13,11,10,10,9,9,8,8,8,15,13,13,9,9,8,8,7,13,12,12,11,10,9,8,8,7,12,11,10,10,9,9,8,8,7,8,12,10,9,9,8,8,7,6,7,13,9,9,8,7,7,6,5,6,6,7,13,9,9,8,6,6,5,4,5,6,6,7,7,8,12,9,8,6,5,5,4,4,4,5,6,6,7,7,12,11,9,6,5,5,4,4,3,4,4,5,6,11,10,9,7,7,6,6,4,4,3,3,3,4,4,6,7,7,10,10,6,6,5,4,4,3,3,3,4,4,6,7,10,9,5,4,4,3,3,6,9,4,4,3,3,2,1,3,4,6,4,3,2,1,2,2,3,3,4,5,8,6,4,3,3,2,1,1,0,1,1,2,2,4,4,8,7,4,3,3,2,1,1,2,2,3,3,8,3,2,1,2,3,3,4,5,5,4,4,3,3,2,2,4,5,6,6,7,6,5,4,4,3,3,2,3,3,4,4,5,6,6,7,11,8,7,7,6,4,4,3,3,3,4,5,6,6,7,7,11,10,8,8,7,6,5,4,4,3,4,4,6,6,7,7,8,12,9,9,8,8,7,6,4,4,4,5,6,6,7,7,8,8,11,10,9,9,8,8,7,7,6,6,6,7,7,8,8
180,16,14,12,11,10,9,9,9,12,16,16,15,14,14,13,12,11,10,10,9,9,8,8,15,14,13,10,9,9,8,8,13,13,12,12,10,9,9,8,8,12,12,11,10,10,9,9,8,8,7,12,10,10,9,9,8,8,6,7,14,10,9,9,8,7,7,6,5,6,6,13,10,9,9,7,6,6,5,4,5,6,6,7,7,12,9,9,7,6,6,5,4,4,4,5,6,6,7,12,12,10,7,6,6,5,4,4,3,4,4,5,12,11,10,8,7,7,6,5,4,4,3,3,3,4,6,6,7,11,10,7,6,6,5,4,3,2,3,3,4,6,6,10,10,6,5,4,3,3,5,9,5,4,4,3,2,2,2,3,5,4,4,2,2,1,2,2,3,4,4,8,7,4,4,3,3,2,1,1,0,1,1,2,3,4,8,8,4,4,3,2,2,1,1,2,2,3,9,3,3,2,1,2,3,4,4,6,5,4,4,3,3,2,3,4,5,6,7,6,6,5,4,4,3,3,2,3,3,4,4,5,6,6,12,8,8,7,6,5,4,4,3,3,3,4,5,6,6,7,12,11,9,8,8,7,6,5,4,4,3,4,5,6,6,7,7,13,10,9,9,8,8,7,5,4,4,4,5,6,6,7,7,8,12,11,10,9,9,8,8,7,7,5,6,6,7,7,8
181,16,15,12,12,10,10,9,8,12,17,16,15,15,14,14,12,12,11,10,10,9,9,8,16,14,14,10,10,9,9,8,14,13,13,12,11,10,9,9,8,13,12,12,11,10,10,9,9,8,7,13,11,10,10,9,9,8,6,6,14,10,10,9,8,8,7,7,6,5,5,14,10,10,9,7,7,6,6,5,4,5,6,6,7,13,10,9,7,7,6,6,5,4,4,4,5,5,6,13,12,10,7,7,6,6,5,4,4,3,4,4,12,12,10,8,8,7,7,6,5,4,4,3,3,3,5,6,6,12,11,7,7,6,6,5,4,3,2,3,3,5,5,11,10,6,6,5,4,2,5,10,6,5,4,4,3,2,2,3,4,5,4,3,2,1,1,2,2,3,4,9,7,5,4,4,3,2,2,1,1,0,1,1,3,3,9,8,5,4,4,3,2,1,1,1,2,2,9,4,3,2,2,2,2,3,4,6,6,5,4,4,3,2,3,4,4,5,8,7,6,6,5,4,4,3,3,2,3,3,4,4,5,5,12,9,8,8,7,6,5,4,4,3,3,4,4,5,6,6,12,12,9,9,8,7,6,6,5,4,4,3,4,5,6,6,7,13,10,10,9,9,8,7,6,5,4,4,4,5,5,6,7,7,12,12,10,10,9,9,8,8,7,4,5,6,6,7,7
182,17,15,13,12,11,10,10,9,11,18,17,16,15,15,14,13,12,12,11,10,10,9,9,16,15,14,11,10,10,9,9,14,14,13,13,12,10,10,9,9,13,13,12,12,11,10,10,9,9,6,13,12,11,10,10,9,9,7,6,15,11,10,10,9,8,8,7,6,5,5,14,11,10,10,8,7,7,6,6,5,4,5,6,6,13,10,10,8,7,7,6,6,5,4,4,4,5,6,13,13,11,8,7,7,6,5,5,4,4,3,4,13,12,11,9,8,8,7,6,6,5,4,4,3,3,4,5,6,12,12,8,7,7,6,6,4,3,3,2,3,4,5,12,11,7,6,5,4,2,4,10,6,6,5,4,3,3,1,2,4,6,5,3,3,1,1,1,2,3,3,9,8,6,5,4,4,3,2,2,1,1,0,1,2,3,9,9,6,5,4,3,3,2,1,1,1,2,10,4,4,3,2,1,2,3,3,7,6,6,5,4,4,3,2,3,4,4,8,7,7,6,6,5,4,4,3,3,2,3,3,4,4,5,13,9,9,8,7,6,6,5,4,4,3,3,4,4,5,6,13,12,10,9,9,8,7,6,6,5,4,4,4,4,5,6,6,14,11,10,10,9,9,8,6,6,5,4,4,4,5,6,6,7,13,12,11,10,10,9,9,8,8,5,4,5,6,6,7
183,18,16,13,13,12,11,10,9,10,18,18,16,16,15,15,13,13,12,12,11,10,10,9,17,15,15,12,11,10,10,9,15,14,14,13,12,11,10,10,9,14,13,13,12,12,11,10,10,9,7,14,12,12,11,10,10,9,7,6,15,12,11,10,9,9,8,8,7,6,6,15,12,11,10,8,8,7,7,6,6,5,4,5,6,14,11,10,8,8,7,7,6,6,5,4,4,4,5,14,13,12,8,8,7,7,6,6,5,4,4,3,13,13,12,9,9,8,8,7,6,6,5,4,4,3,4,4,5,13,12,8,8,7,7,6,5,4,3,3,2,4,4,12,12,7,7,6,5,2,4,11,7,6,6,5,4,3,2,2,3,6,6,4,3,2,1,1,1,2,3,10,8,6,6,5,4,3,3,2,2,1,1,0,2,2,10,9,6,6,5,4,3,2,2,1,1,1,10,5,4,3,3,2,1,2,3,7,7,6,6,5,4,3,2,3,3,4,9,8,7,7,6,6,5,4,4,3,3,2,3,3,4,4,13,10,9,9,8,7,6,6,5,4,4,3,3,4,4,5,13,13,10,10,9,8,7,7,6,6,5,4,3,4,4,5,6,14,12,11,10,10,9,8,7,6,6,5,4,4,4,5,6,6,13,13,12,11,10,10,9,9,8,6,5,4,5,6,6
184,19,18,15,14,13,13,12,11,9,20,19,18,18,17,16,15,14,14,13,13,12,12,11,19,17,16,13,13,12,12,11,16,16,15,15,14,13,12,12,11,15,15,14,14,13,13,12,12,11,8,15,14,13,13,12,12,11,9,8,17,13,13,12,11,10,10,9,8,8,7,16,13,13,12,10,9,9,8,8,7,7,6,6,5,15,13,12,10,9,9,8,8,7,7,6,6,5,4,15,15,13,10,9,9,8,8,7,7,6,6,5,15,14,13,11,10,10,9,8,8,7,7,6,6,5,3,3,3,14,14,10,9,9,8,8,7,6,5,4,4,2,3,14,13,9,8,8,7,4,2,13,8,8,7,7,6,5,3,2,2,8,7,6,5,3,3,2,2,1,1,12,10,8,7,7,6,5,4,4,3,3,2,2,0,1,12,11,8,7,7,6,5,4,3,3,2,2,12,7,6,5,4,3,3,2,1,9,8,8,7,7,6,5,3,2,2,2,10,9,9,8,8,7,7,6,6,5,4,4,3,3,2,3,15,12,11,10,9,8,8,7,7,6,6,4,4,3,3,3,15,14,12,12,11,10,9,8,8,7,7,6,5,4,4,3,4,16,13,13,12,12,11,10,8,8,7,7,6,6,5,4,4,4,15,14,13,13,12,12,11,10,10,7,7,6,6,5,4
185,20,18,15,15,14,13,13,12,8,20,20,19,18,18,17,15,15,14,14,13,13,12,12,19,18,17,14,13,13,12,12,17,16,16,15,14,13,13,12,12,16,15,15,14,14,13,13,12,12,9,16,14,14,13,13,12,12,9,8,18,14,13,13,12,11,10,10,9,8,8,17,14,13,13,10,10,9,9,8,8,7,7,6,6,16,13,13,10,10,9,9,8,8,7,7,6,6,5,16,15,14,10,10,9,9,8,8,7,7,6,5,15,15,14,12,11,10,10,9,8,8,7,7,6,6,4,3,3,15,14,10,10,9,9,8,7,6,5,5,4,3,2,14,14,9,9,8,7,4,2,13,9,8,8,7,6,6,4,3,1,8,8,6,5,4,3,3,2,1,1,12,10,8,8,7,7,6,5,4,4,3,3,2,1,0,12,12,8,8,7,6,5,4,4,3,3,2,13,7,7,6,5,4,3,2,2,9,9,8,8,7,7,6,4,3,2,2,11,10,9,9,8,8,7,7,6,5,5,4,4,3,3,2,15,12,12,11,10,9,8,8,7,7,6,5,4,4,3,3,15,15,13,12,12,10,9,9,8,8,7,7,6,5,4,4,3,16,14,13,13,12,12,10,9,8,8,7,7,6,6,5,4,4,15,15,14,13,13,12,12,11,10,8,7,7,6,6,5
186,9,10,13,14,15,15,16,17,20,9,9,9,9,10,10,12,13,13,14,14,15,15,16,8,9,9,13,13,14,14,15,8,9,9,10,11,12,13,13,14,8,9,9,10,10,11,12,12,13,15,7,9,9,10,10,11,12,14,15,7,8,9,9,10,11,12,12,13,14,14,6,7,8,8,10,11,12,12,13,13,14,14,15,15,5,7,7,9,10,10,11,12,12,13,13,14,14,15,5,4,5,8,9,9,10,10,11,12,12,13,13,4,4,4,6,7,7,8,9,9,10,10,11,12,12,14,14,15,4,3,6,7,7,8,8,9,10,11,12,12,14,14,3,3,6,7,7,8,11,14,2,6,6,7,7,8,9,10,12,13,5,6,7,8,9,10,10,11,12,13,1,2,4,4,5,6,7,7,8,8,9,9,10,12,12,0,1,4,4,5,6,7,8,8,9,9,10,1,6,7,8,8,9,10,11,12,5,6,6,7,7,8,9,10,12,12,13,4,6,6,7,7,8,8,9,9,10,10,11,12,12,13,13,3,4,5,6,7,8,8,9,9,10,10,12,12,13,13,14,3,3,5,6,6,7,8,9,9,10,10,11,12,13,13,14,14,4,5,6,6,7,7,8,10,10,11,12,12,13,13,14,14,15,4,5,6,7,7,8,8,9,9,12,13,13,14,14,15
187,9,10,13,13,14,15,15,16,20,10,9,8,9,9,10,12,12,13,13,14,14,15,15,9,8,9,12,13,13,14,14,8,8,9,9,10,12,12,13,13,8,8,9,9,10,10,11,12,12,15,7,8,9,9,10,10,11,13,14,7,8,8,9,10,10,11,12,13,13,14,7,7,7,8,10,10,11,12,12,13,13,14,14,15,6,6,7,9,9,10,10,11,12,12,13,13,14,14,6,5,4,8,8,9,9,10,10,11,12,12,13,5,4,3,6,6,7,7,8,9,9,10,10,11,12,13,14,14,4,4,6,6,7,7,8,9,10,10,11,12,13,14,4,3,5,6,7,8,10,13,3,5,5,6,7,8,8,10,11,13,4,5,7,7,9,9,10,10,12,12,2,1,3,4,4,5,6,7,7,8,8,9,9,11,12,1,0,3,4,4,6,6,7,8,8,9,9,1,6,6,7,8,9,9,10,11,4,5,6,6,7,7,8,10,11,12,12,4,5,6,6,7,7,8,8,9,9,10,10,11,12,12,13,4,4,4,5,6,7,8,8,9,9,10,11,12,12,13,13,4,3,4,5,6,7,8,8,9,9,10,10,12,12,13,13,14,5,4,5,6,6,7,8,9,10,10,11,12,12,13,13,14,14,4,4,6,6,7,7,8,8,9,12,12,13,13,14,14
188,13,11,9,10,11,12,12,13,16,13,13,12,11,10,10,8,9,9,10,10,11,12,12,12,10,10,9,9,10,10,11,10,9,9,8,7,8,9,9,10,9,8,8,7,7,7,8,8,9,12,9,7,7,6,7,7,8,10,11,10,7,6,5,7,7,8,8,9,10,10,10,7,6,6,7,7,8,8,9,9,10,10,11,12,9,6,5,6,6,7,7,8,8,9,9,10,10,11,9,8,7,4,5,6,6,7,7,8,8,9,9,8,8,7,4,4,3,4,5,6,6,7,7,8,8,10,10,11,8,7,3,3,3,4,4,6,7,7,8,8,10,10,7,7,2,3,3,4,7,10,6,2,2,3,3,4,5,7,8,9,1,2,3,4,6,6,7,7,8,9,5,3,1,1,1,2,3,3,4,4,5,6,6,8,8,4,3,0,1,1,2,3,4,4,5,6,6,4,2,3,4,4,6,6,7,8,1,2,2,3,3,4,5,7,8,8,9,3,2,2,3,3,4,4,5,6,6,7,7,8,8,9,9,7,4,3,3,3,4,4,5,6,6,7,8,8,9,9,10,7,7,4,4,3,3,4,5,6,6,7,7,8,9,9,10,10,8,6,5,4,4,3,4,6,7,7,8,8,9,9,10,10,11,7,7,6,5,4,4,4,5,6,8,9,9,10,10,11
189,13,12,9,9,10,11,12,13,16,14,13,12,12,11,10,9,8,9,9,10,10,11,12,13,11,10,8,9,9,10,10,10,10,9,9,8,8,8,9,9,9,9,8,8,7,7,7,8,8,11,9,8,7,7,6,7,7,9,10,11,7,7,6,6,7,7,8,9,9,10,10,7,7,6,6,7,7,8,8,9,9,10,10,11,9,7,6,5,6,6,7,7,8,8,9,9,10,10,9,9,7,4,4,5,6,6,7,7,8,8,9,9,8,7,5,4,4,3,4,5,6,6,7,7,8,9,10,10,8,8,4,3,3,3,4,5,6,7,7,8,9,10,8,7,3,2,3,4,7,9,7,2,2,2,3,4,4,6,7,9,2,1,3,3,5,6,6,7,8,8,6,4,2,1,1,1,2,3,3,4,4,5,6,7,8,4,4,1,0,1,2,2,3,4,4,5,6,5,2,2,3,4,5,6,7,7,2,1,2,2,3,3,4,6,7,8,8,3,2,2,2,3,3,4,4,5,6,6,7,7,8,8,9,8,4,4,3,2,3,4,4,5,6,6,7,8,8,9,9,8,7,5,4,4,3,4,4,5,6,6,7,8,8,9,9,10,9,6,6,5,4,4,4,6,6,7,7,8,8,9,9,10,10,8,7,6,6,5,4,4,4,5,8,8,9,9,10,10
190,14,12,9,9,10,10,11,12,15,14,14,13,12,12,11,9,9,8,9,9,10,10,11,13,12,11,8,8,9,9,10,11,10,10,9,8,7,8,8,9,10,9,9,8,8,7,7,7,8,10,10,8,8,7,7,6,7,9,10,12,8,7,7,5,6,7,7,8,9,9,11,8,7,7,6,6,7,7,8,8,9,9,10,10,10,7,7,4,5,5,6,7,7,8,8,9,9,10,10,9,8,4,4,4,5,6,6,7,7,8,8,9,9,8,6,5,4,4,4,4,5,5,6,7,7,9,9,10,9,8,4,4,3,3,3,4,6,6,7,7,9,9,8,8,3,3,2,3,6,9,7,3,2,2,2,3,4,5,7,8,2,2,2,3,4,5,6,6,7,8,6,4,2,2,1,1,2,2,3,3,4,4,5,7,7,5,4,1,1,0,1,2,3,3,4,4,5,6,1,2,3,3,4,5,6,7,2,2,1,2,2,3,4,6,7,7,8,4,3,2,2,2,3,3,4,4,5,6,6,7,7,8,8,8,5,4,4,3,3,3,4,4,5,6,7,7,8,8,9,8,8,6,5,4,3,3,4,4,5,6,6,7,8,8,9,9,9,7,6,6,5,4,3,5,6,6,7,7,8,8,9,9,10,8,8,7,6,6,5,4,4,4,7,8,8,9,9,10
191,15,13,10,10,9,9,10,11,14,15,15,14,13,13,12,10,10,9,9,8,9,9,10,14,13,12,9,8,8,8,9,12,12,11,10,9,8,8,7,8,11,10,10,9,9,8,8,7,7,9,11,9,9,8,8,7,7,8,9,13,9,8,8,7,6,5,6,7,8,8,12,9,8,8,6,5,6,6,7,7,8,8,9,9,11,8,8,5,5,4,5,5,6,7,7,8,8,9,11,10,9,6,5,4,4,4,5,6,6,7,7,10,10,9,7,6,6,5,4,3,4,4,5,6,6,8,8,9,10,9,6,5,4,4,3,3,4,5,6,6,8,8,9,9,4,4,3,2,5,8,8,4,3,3,2,2,3,4,5,7,3,3,1,2,3,4,4,5,6,7,7,6,3,3,2,2,1,1,2,2,3,3,4,6,6,6,6,2,2,1,0,1,2,2,3,3,4,7,1,1,2,2,3,4,5,6,3,3,2,2,1,2,3,4,6,6,7,5,4,3,3,2,2,2,3,3,4,4,5,6,6,7,7,9,6,6,5,4,3,2,3,3,4,4,6,6,7,7,8,9,9,7,6,6,4,3,3,3,4,4,5,6,7,7,8,8,10,8,7,7,6,6,4,4,4,5,6,6,7,7,8,8,9,9,9,8,7,7,6,6,5,4,6,7,7,8,8,9
192,15,14,11,10,9,9,9,10,14,16,15,14,14,13,13,11,10,10,9,9,8,9,9,15,13,13,9,9,8,8,8,13,12,12,11,10,9,8,8,7,12,11,10,10,9,9,8,8,7,9,12,10,9,9,8,8,7,7,8,13,9,9,8,7,7,6,5,7,7,8,13,9,9,8,6,6,5,5,6,7,7,8,8,9,12,9,8,6,6,5,4,5,5,6,7,7,8,8,12,11,9,6,6,5,4,4,4,5,6,6,7,11,10,9,7,7,6,6,4,4,3,4,4,5,5,7,8,8,10,10,6,6,5,4,4,3,4,4,5,6,7,8,10,9,5,4,4,3,4,7,9,4,4,3,3,2,2,4,5,7,4,3,2,1,3,3,4,4,6,6,8,6,4,3,3,2,1,1,1,2,2,3,3,5,5,7,6,3,2,2,1,0,1,2,2,3,3,7,2,1,1,2,3,3,4,5,4,3,3,2,2,1,2,4,5,6,6,6,4,4,3,3,2,2,2,3,3,4,4,5,6,6,7,10,7,6,6,4,3,3,2,3,3,4,5,5,6,7,7,10,9,7,7,6,5,4,3,3,3,4,4,6,6,7,7,8,11,8,8,7,7,6,5,3,4,4,5,6,6,7,7,8,8,10,9,8,8,7,7,6,6,5,6,6,7,7,8,8
193,16,15,12,12,10,10,9,9,13,17,16,15,15,14,14,12,12,11,10,10,9,9,8,16,14,14,10,10,9,9,8,14,13,13,12,11,10,9,9,8,13,12,12,11,10,10,9,9,8,8,13,11,10,10,9,9,8,6,7,14,10,10,9,8,8,7,7,5,6,7,14,10,10,9,7,7,6,6,5,6,6,7,7,8,13,10,9,7,7,6,5,5,4,5,5,6,7,7,13,12,10,7,7,6,6,5,4,4,4,5,6,12,12,10,8,8,7,7,6,5,4,4,3,4,4,6,7,7,12,11,7,7,6,6,5,4,3,3,4,4,6,7,11,10,6,6,5,4,3,6,10,6,5,4,4,3,2,3,4,5,5,4,3,2,2,2,3,3,4,5,9,7,5,4,4,3,2,2,1,1,1,2,2,4,4,8,7,4,3,3,2,1,0,1,1,2,2,8,3,2,1,1,2,2,3,4,5,4,4,3,3,2,1,3,4,4,5,7,6,5,4,4,3,3,2,2,2,3,3,4,4,5,6,11,8,7,7,6,4,4,3,3,2,3,4,4,5,6,6,11,10,8,8,7,6,5,4,4,3,3,3,4,5,6,6,7,12,9,9,8,8,7,6,4,4,3,4,4,5,6,6,7,7,11,10,9,9,8,8,7,7,6,4,5,6,6,7,7
194,17,15,13,12,11,10,10,9,12,18,17,16,15,15,14,13,12,12,11,10,10,9,9,16,15,14,11,10,10,9,9,14,14,13,13,12,10,10,9,9,13,13,12,12,11,10,10,9,9,7,13,12,11,10,10,9,9,7,7,15,11,10,10,9,8,8,7,6,5,6,14,11,10,10,8,7,7,6,6,5,5,6,7,7,13,10,10,8,7,7,6,6,5,4,5,5,6,7,13,13,11,8,7,7,6,6,5,4,4,4,5,13,12,11,9,8,8,7,6,6,5,4,4,3,4,5,6,7,12,12,8,7,7,6,6,4,3,3,3,4,6,6,12,11,7,6,6,4,3,5,10,6,6,5,4,3,3,2,3,5,6,5,3,3,1,2,2,3,4,4,9,8,6,5,4,4,3,2,2,1,1,1,2,3,4,8,8,4,4,3,2,2,1,0,1,1,2,9,3,3,2,1,1,2,3,3,6,5,4,4,3,3,2,2,3,4,4,7,6,6,5,4,4,3,3,2,2,2,3,3,4,4,5,12,8,8,7,6,5,4,4,3,3,2,3,4,4,5,5,12,11,9,8,8,7,6,5,4,4,3,3,4,4,5,6,6,13,10,9,9,8,8,7,5,4,4,3,4,4,5,6,6,7,12,11,10,9,9,8,8,7,7,4,4,5,5,6,7
195,18,16,13,13,12,11,10,9,12,18,18,16,16,15,15,13,13,12,12,11,10,10,9,17,15,15,12,11,10,10,9,15,14,14,13,12,11,10,10,9,14,13,13,12,12,11,10,10,9,7,14,12,12,11,10,10,9,7,6,15,12,11,10,9,9,8,8,7,6,5,15,12,11,10,8,8,7,7,6,5,5,6,6,7,14,11,10,8,8,7,7,6,5,5,4,5,5,6,14,13,12,8,8,7,7,6,6,5,4,4,4,13,13,12,9,9,8,8,7,6,5,5,4,4,3,5,6,6,13,12,8,8,7,7,6,5,4,3,3,3,5,6,12,12,7,7,6,5,2,5,11,7,6,5,5,4,3,2,3,4,6,6,4,3,2,1,2,2,3,4,10,8,6,6,5,4,3,3,2,2,1,1,1,3,3,9,8,5,4,4,3,2,1,1,0,1,1,9,4,3,2,2,1,1,2,3,6,6,5,4,4,3,2,2,3,3,4,8,7,6,6,5,4,4,3,3,2,2,2,3,3,4,4,12,9,8,8,7,6,5,4,4,3,3,3,3,4,4,5,12,12,9,9,8,7,6,6,5,4,4,3,3,4,4,5,6,13,10,10,9,9,8,7,6,5,4,4,3,4,4,5,6,6,12,12,10,10,9,9,8,8,7,4,4,4,5,6,6
196,18,16,14,13,12,12,11,10,11,19,18,17,16,16,15,14,13,13,12,12,11,10,10,18,16,15,12,12,11,10,10,15,15,14,14,13,12,11,10,10,14,14,13,13,12,12,11,10,10,7,14,13,12,12,11,10,10,8,7,16,12,12,11,10,9,9,8,7,7,6,15,12,12,11,9,8,8,7,7,6,6,5,5,6,14,12,11,9,8,8,7,7,6,5,5,4,5,5,14,14,12,9,8,8,7,7,6,6,5,4,4,14,13,12,10,9,9,8,7,7,6,6,5,4,4,4,5,5,13,13,9,8,8,7,7,6,4,4,3,3,4,5,13,12,8,7,7,6,3,4,12,7,7,6,6,4,4,2,2,4,7,6,4,4,2,2,1,2,3,3,10,9,7,6,6,5,4,3,3,2,2,1,1,2,3,9,9,6,5,4,3,3,2,1,1,0,1,10,4,4,3,2,1,1,2,2,7,6,6,5,4,4,3,1,2,3,3,8,7,7,6,6,5,4,4,3,3,2,2,2,3,3,4,13,9,9,8,7,6,6,5,4,4,3,2,3,3,4,4,13,12,10,9,9,8,7,6,6,5,4,4,3,3,4,4,5,14,11,10,10,9,9,8,6,6,5,4,4,3,4,4,5,6,13,12,11,10,10,9,9,8,8,5,4,4,4,5,6
197,19,17,14,14,13,12,12,10,10,19,19,18,17,16,16,14,14,13,13,12,12,11,10,18,16,16,13,12,12,11,10,16,15,15,14,13,12,12,11,10,15,14,14,13,13,12,12,11,10,8,15,13,13,12,12,11,10,8,7,16,13,12,12,10,10,9,9,8,7,7,16,13,12,12,9,9,8,8,7,7,6,5,5,6,15,12,12,9,9,8,8,7,7,6,5,5,4,5,15,14,13,9,9,8,8,7,7,6,5,5,4,14,14,13,10,10,9,9,8,7,7,6,5,5,4,4,4,5,14,13,9,9,8,8,7,6,5,4,4,3,4,4,13,13,8,8,7,6,3,4,12,8,7,7,6,5,4,3,2,3,7,7,5,4,3,2,2,1,2,3,11,9,7,7,6,5,4,4,3,3,2,2,1,2,2,10,9,6,6,5,4,3,2,2,1,1,0,10,5,4,3,3,2,1,1,2,7,7,6,6,5,4,3,2,2,2,3,9,8,7,7,6,6,5,4,4,3,3,2,2,2,3,3,13,10,9,9,8,7,6,5,5,4,4,3,2,3,3,4,13,13,10,10,9,8,7,7,6,6,5,4,3,3,3,4,4,14,12,11,10,10,9,8,7,6,6,5,4,4,3,4,4,5,13,13,12,11,10,10,9,9,8,5,5,4,4,4,5
198,9,11,14,14,15,16,16,18,21,10,9,9,10,10,11,13,13,14,14,15,15,16,16,9,9,10,13,14,14,15,15,9,9,10,10,12,13,13,14,14,9,9,10,10,11,12,12,13,13,16,8,9,10,10,11,12,12,14,15,7,9,9,10,11,12,12,13,14,14,15,7,8,8,9,11,12,12,13,13,14,14,15,15,16,5,7,8,10,10,11,12,12,13,13,14,14,15,15,6,5,6,9,9,10,10,11,12,12,13,13,14,5,4,4,7,7,8,8,9,10,10,11,12,12,13,14,15,15,4,4,7,7,8,8,9,10,11,12,12,13,14,15,4,3,7,7,8,9,12,14,3,6,7,7,8,9,9,11,12,14,6,6,8,8,10,10,11,12,13,13,2,2,4,5,6,6,7,8,8,9,9,10,10,12,13,1,1,4,5,6,7,7,8,9,9,10,10,0,6,6,7,8,9,9,10,11,4,5,6,6,7,7,8,10,11,12,12,4,5,6,6,7,7,8,8,9,9,10,10,11,12,12,13,3,4,4,5,6,7,8,8,9,9,10,11,12,12,13,13,3,2,4,5,6,7,8,8,9,9,10,10,12,12,13,13,14,4,4,5,6,6,7,8,9,10,10,11,12,12,13,13,14,14,4,4,6,6,7,7,8,8,9,12,12,13,13,14,14
199,15,13,10,10,10,10,11,12,15,15,15,14,13,13,12,10,10,9,9,9,10,10,11,14,13,12,9,8,9,9,10,12,12,11,10,9,8,8,8,9,11,10,10,9,9,8,8,7,8,10,11,9,9,8,8,7,7,9,10,13,9,8,8,7,6,7,7,8,9,9,12,9,8,8,6,6,7,7,8,8,9,9,10,10,11,8,8,5,5,5,6,7,7,8,8,9,9,10,11,10,9,6,5,4,5,6,6,7,7,8,8,10,10,9,7,6,6,5,4,4,5,6,6,7,7,9,9,10,10,9,6,5,4,4,3,4,6,6,7,7,9,9,9,9,4,4,3,3,6,9,8,4,3,3,2,3,4,6,7,8,3,3,2,3,4,5,6,6,7,8,7,6,3,3,2,2,2,2,3,3,4,4,5,7,7,6,6,2,2,1,1,2,3,3,4,4,5,6,0,1,2,2,3,4,5,6,2,2,1,1,1,2,3,4,6,6,7,4,3,2,2,1,2,2,3,3,4,4,5,6,6,7,7,8,5,4,4,3,2,2,3,3,4,4,6,6,7,7,8,8,8,6,5,4,3,2,3,3,4,4,5,6,7,7,8,8,9,7,6,6,5,4,3,4,4,5,6,6,7,7,8,8,9,8,8,7,6,6,5,4,4,3,6,7,7,8,8,9
200,15,14,11,10,9,10,10,12,15,16,15,14,14,13,13,11,10,10,9,9,9,10,10,15,13,13,9,9,8,9,9,13,12,12,11,10,9,8,8,8,12,11,10,10,9,9,8,8,7,10,12,10,9,9,8,8,7,8,9,13,9,9,8,7,7,6,7,8,8,9,13,9,9,8,6,6,6,7,7,8,8,9,9,10,12,9,8,6,5,5,6,6,7,7,8,8,9,9,12,11,9,6,6,5,4,5,6,6,7,7,8,11,10,9,7,7,6,6,4,4,4,5,6,6,7,8,9,9,10,10,6,6,5,4,4,4,5,6,6,7,8,9,10,9,5,4,4,3,6,8,9,4,4,3,3,3,3,5,6,8,4,3,2,2,4,4,5,6,7,7,8,6,4,3,3,2,1,2,2,3,3,4,4,6,7,7,6,3,2,2,1,1,2,3,3,4,4,6,1,0,1,2,3,3,4,5,3,2,2,1,1,1,2,4,5,6,6,4,3,3,2,2,1,2,2,3,3,4,4,5,6,6,7,9,6,5,4,3,2,2,2,3,3,4,5,6,6,7,7,9,8,6,6,5,4,3,2,3,3,4,4,6,6,7,7,8,10,7,7,6,6,5,4,3,4,4,5,6,6,7,7,8,8,9,8,7,7,6,6,5,4,4,6,6,7,7,8,8
201,16,15,12,12,10,10,9,10,14,17,16,15,15,14,14,12,12,11,10,10,9,9,9,16,14,14,10,10,9,9,8,14,13,13,12,11,10,9,9,8,13,12,12,11,10,10,9,9,8,9,13,11,10,10,9,9,8,7,8,14,10,10,9,8,8,7,7,7,7,8,14,10,10,9,7,7,6,6,6,7,7,8,8,9,13,10,9,7,7,6,5,5,6,6,7,7,8,8,13,12,10,7,7,6,6,5,4,5,6,6,7,12,12,10,8,8,7,7,6,5,4,4,4,5,6,7,8,8,12,11,7,7,6,6,5,4,4,4,5,6,7,8,11,10,6,6,5,4,4,7,10,6,5,4,4,3,2,4,5,7,5,4,3,2,3,3,4,4,6,6,9,7,5,4,4,3,2,2,1,2,2,3,3,5,6,8,7,4,3,3,2,1,1,2,2,3,3,7,2,1,0,1,2,2,3,4,4,3,3,2,2,1,1,3,4,4,5,6,4,4,3,3,2,2,1,2,2,3,3,4,4,5,6,10,7,6,6,4,3,3,2,2,2,3,4,4,5,6,6,10,9,7,7,6,5,4,3,3,2,3,3,4,5,6,6,7,11,8,8,7,7,6,5,3,3,3,4,4,5,6,6,7,7,10,9,8,8,7,7,6,6,5,4,5,6,6,7,7
202,17,15,13,12,11,10,10,10,13,18,17,16,15,15,14,13,12,12,11,10,10,9,9,16,15,14,11,10,10,9,9,14,14,13,13,12,10,10,9,9,13,13,12,12,11,10,10,9,9,8,13,12,11,10,10,9,9,7,8,15,11,10,10,9,8,8,7,6,7,7,14,11,10,10,8,7,7,6,6,6,7,7,8,8,13,10,10,8,7,7,6,6,5,6,6,7,7,8,13,13,11,8,7,7,6,6,5,4,5,6,6,13,12,11,9,8,8,7,6,6,5,4,4,4,5,7,7,8,12,12,8,7,7,6,6,4,3,4,4,5,7,7,12,11,7,6,6,4,4,7,10,6,6,5,4,3,3,3,4,6,6,5,3,3,2,3,3,4,5,6,9,8,6,5,4,4,3,2,2,1,2,2,3,4,5,8,8,4,4,3,2,2,1,1,2,2,3,8,2,2,1,0,1,2,3,3,4,4,3,3,2,2,1,2,3,4,4,6,5,4,4,3,3,2,2,1,2,2,3,3,4,4,5,10,7,7,6,5,4,3,3,2,2,2,3,4,4,5,6,10,10,8,7,7,6,4,4,3,3,2,3,4,4,5,6,6,12,9,8,8,7,7,6,4,3,3,3,4,4,5,6,6,7,10,10,9,8,8,7,7,6,6,4,4,5,6,6,7
203,18,16,14,13,12,12,11,10,12,19,18,17,16,16,15,14,13,13,12,12,11,10,10,18,16,15,12,12,11,10,10,15,15,14,14,13,12,11,10,10,14,14,13,13,12,12,11,10,10,7,14,13,12,12,11,10,10,8,7,16,12,12,11,10,9,9,8,7,7,6,15,12,12,11,9,8,8,7,7,6,6,6,7,7,14,12,11,9,8,8,7,7,6,5,5,6,6,7,14,14,12,9,8,8,7,7,6,6,5,4,5,14,13,12,10,9,9,8,7,7,6,6,5,4,4,6,6,7,13,13,9,8,8,7,7,6,4,4,3,4,6,6,13,12,8,7,7,6,3,6,12,7,7,6,6,4,4,2,3,5,7,6,4,4,2,2,2,3,4,4,10,9,7,6,6,5,4,3,3,2,2,1,2,3,4,9,9,6,5,4,3,3,2,1,1,1,2,9,3,3,2,1,0,1,2,2,6,5,4,4,3,3,2,1,2,3,3,7,6,6,5,4,4,3,3,2,2,1,2,2,3,3,4,12,8,8,7,6,5,4,4,3,3,2,2,3,3,4,4,12,11,9,8,8,7,6,5,4,4,3,3,3,3,4,4,5,13,10,9,9,8,8,7,5,4,4,3,3,3,4,4,5,6,12,11,10,9,9,8,8,7,7,4,3,4,4,5,6
204,19,17,14,14,13,12,12,10,12,19,19,18,17,16,16,14,14,13,13,12,12,11,10,18,16,16,13,12,12,11,10,16,15,15,14,13,12,12,11,10,15,14,14,13,13,12,12,11,10,8,15,13,13,12,12,11,10,8,7,16,13,12,12,10,10,9,9,8,7,7,16,13,12,12,9,9,8,8,7,7,6,6,6,7,15,12,12,9,9,8,8,7,7,6,6,5,5,6,15,14,13,9,9,8,8,7,7,6,6,5,4,14,14,13,10,10,9,9,8,7,7,6,6,5,4,5,6,6,14,13,9,9,8,8,7,6,5,4,4,3,5,6,13,13,8,8,7,6,3,5,12,8,7,7,6,5,4,3,3,4,7,7,5,4,3,2,2,2,3,4,11,9,7,7,6,6,4,4,3,3,2,2,1,3,3,10,9,6,6,5,4,3,2,2,1,1,1,9,4,3,2,2,1,0,1,2,6,6,5,4,4,3,2,1,2,2,3,8,7,6,6,5,4,4,3,3,2,2,1,2,2,3,3,12,9,8,8,7,6,5,4,4,3,3,2,2,3,3,4,12,12,9,9,8,7,6,6,5,4,4,3,2,3,3,4,4,13,10,10,9,9,8,7,6,5,4,4,3,3,3,4,4,5,12,12,10,10,9,9,8,8,7,4,4,3,4,4,5
205,20,18,15,15,14,13,13,12,10,20,20,19,18,18,17,15,15,14,14,13,13,12,12,19,18,17,14,13,13,12,12,17,16,16,15,14,13,13,12,12,16,15,15,14,14,13,13,12,12,9,16,14,14,13,13,12,12,9,8,18,14,13,13,12,11,10,10,9,8,8,17,14,13,13,10,10,9,9,8,8,7,7,6,6,16,13,13,10,10,9,9,8,8,7,7,6,6,5,16,15,14,10,10,9,9,8,8,7,7,6,6,15,15,14,12,11,10,10,9,8,8,7,7,6,6,4,4,5,15,14,10,10,9,9,8,7,6,6,5,4,4,4,14,14,9,9,8,7,4,4,13,9,8,8,7,6,6,4,3,3,8,8,6,6,4,3,3,2,2,3,12,10,8,8,7,7,6,5,4,4,3,3,2,2,2,11,10,7,7,6,5,4,3,3,2,2,1,10,5,4,3,3,2,1,0,1,7,7,6,6,5,4,3,2,1,1,2,9,8,7,7,6,6,5,4,4,3,3,2,2,1,2,2,13,10,9,9,8,7,6,6,5,4,4,3,2,2,2,3,13,13,10,10,9,8,7,7,6,6,5,4,3,3,2,3,3,14,12,11,10,10,9,8,7,6,6,5,4,4,3,3,3,4,13,13,12,11,10,10,9,9,8,6,5,4,4,3,4
206,20,19,16,15,14,14,13,12,10,21,20,19,19,18,18,16,15,15,14,14,13,13,12,20,18,18,14,14,13,13,12,18,17,16,16,15,14,13,13,12,16,16,15,15,14,14,13,13,12,9,16,15,14,14,13,13,12,10,9,18,14,14,13,12,12,11,10,9,9,8,18,14,14,13,11,10,10,9,9,8,8,7,7,6,16,14,13,11,10,10,9,9,8,8,7,7,6,6,16,16,14,11,10,10,9,9,8,8,7,7,6,16,15,14,12,12,11,10,9,9,8,8,7,7,6,4,4,4,15,15,11,10,10,9,9,8,7,6,6,5,3,4,15,14,10,9,9,8,5,3,14,9,9,8,8,7,6,4,3,3,9,8,7,6,4,4,3,3,2,2,13,11,9,8,8,7,6,6,5,4,4,3,3,1,2,12,11,8,7,7,6,5,4,3,3,2,2,11,6,5,4,3,2,2,1,0,8,7,7,6,6,5,4,2,1,1,1,9,8,8,7,7,6,6,5,4,4,3,3,2,2,1,2,14,10,10,9,8,7,7,6,6,5,4,3,3,2,2,2,14,13,11,10,10,9,8,7,7,6,6,5,4,3,3,2,3,15,12,12,11,10,10,9,7,7,6,6,5,4,4,3,3,3,14,13,12,12,11,10,10,9,9,6,6,5,4,4,3
207,14,12,10,11,12,13,13,14,18,14,14,13,12,12,11,9,10,10,11,12,12,13,13,13,12,11,10,10,11,12,12,11,10,10,9,8,9,10,10,11,10,9,9,8,8,8,9,9,10,13,10,8,8,7,8,8,9,11,12,12,8,7,7,8,8,9,9,10,11,12,11,8,7,7,8,8,9,9,10,10,11,12,12,13,10,7,7,7,7,8,8,9,9,10,10,11,12,12,10,9,8,5,6,7,7,8,8,9,9,10,10,9,9,8,6,5,4,5,6,7,7,8,8,9,9,11,12,12,9,8,4,4,4,5,6,7,8,8,9,9,11,12,8,8,3,4,4,6,8,11,7,3,3,4,4,6,6,8,9,10,2,3,4,5,7,7,8,8,9,10,6,4,2,2,2,3,4,4,5,6,6,7,7,9,9,5,4,1,2,2,3,4,5,6,6,7,7,4,2,3,4,4,6,6,7,8,0,1,1,2,2,3,4,6,7,7,8,2,1,1,2,2,3,3,4,4,5,6,6,7,7,8,8,6,3,2,2,2,3,3,4,4,5,6,7,7,8,8,9,6,6,3,3,2,2,3,4,4,5,6,6,7,8,8,9,9,7,4,4,3,3,2,3,5,6,6,7,7,8,8,9,9,10,6,6,4,4,3,3,3,4,4,7,8,8,9,9,10
208,14,13,10,10,12,12,13,14,17,15,14,13,13,12,12,10,9,10,10,11,12,12,13,14,12,12,9,10,10,11,12,12,11,10,10,9,9,9,10,10,10,10,9,9,8,8,8,9,9,12,10,9,8,8,7,8,8,10,12,12,8,8,7,7,8,8,9,10,10,11,12,8,8,7,7,8,8,9,9,10,10,11,12,12,10,8,7,6,7,7,8,8,9,9,10,10,11,12,10,10,8,5,6,6,7,7,8,8,9,9,10,10,9,8,6,6,5,4,6,6,7,7,8,8,9,10,11,12,9,9,5,4,4,4,5,6,7,8,8,9,10,11,9,8,4,3,4,5,8,10,8,3,3,3,4,5,6,7,8,10,3,2,4,4,6,7,7,8,9,9,7,5,3,2,2,2,3,4,4,5,6,6,7,8,9,6,5,2,1,2,3,3,4,5,6,6,7,5,2,2,3,4,5,6,7,7,1,0,1,1,2,2,3,5,6,7,7,2,1,1,1,2,2,3,3,4,4,5,6,6,7,7,8,7,3,3,2,1,2,3,3,4,4,5,6,7,7,8,8,7,6,4,3,3,2,3,3,4,4,5,6,7,7,8,8,9,8,5,4,4,3,3,3,4,5,6,6,7,7,8,8,9,9,7,6,5,4,4,3,3,3,4,7,7,8,8,9,9
209,15,13,10,10,11,12,12,13,16,15,15,14,13,13,12,10,10,9,10,10,11,12,12,14,13,12,9,9,10,10,11,12,12,11,10,9,8,9,9,10,11,10,10,9,9,8,8,8,9,12,11,9,9,8,8,7,8,10,11,13,9,8,8,7,7,8,8,9,10,10,12,9,8,8,7,7,8,8,9,9,10,10,11,12,11,8,8,6,6,7,7,8,8,9,9,10,10,11,11,10,9,6,5,5,6,7,7,8,8,9,9,10,10,9,7,6,6,5,5,6,6,7,7,8,8,10,10,11,10,9,6,5,4,4,4,6,7,7,8,8,10,10,9,9,4,4,3,4,7,10,8,4,3,3,3,4,5,7,8,9,3,3,3,4,6,6,7,7,8,9,7,6,3,3,2,2,3,3,4,4,5,6,6,8,8,6,6,2,2,1,2,3,4,4,5,6,6,6,1,2,3,3,4,5,6,7,1,1,0,1,1,2,3,4,6,6,7,3,2,1,1,1,2,2,3,3,4,4,5,6,6,7,7,7,4,3,3,2,2,2,3,3,4,4,6,6,7,7,8,7,7,4,4,3,2,2,3,3,4,4,5,6,7,7,8,8,8,6,5,4,4,3,2,4,4,5,6,6,7,7,8,8,9,7,7,6,5,4,4,3,3,3,6,7,7,8,8,9
210,15,14,11,10,10,11,12,13,16,16,15,14,14,13,13,11,10,10,9,10,10,11,12,15,13,13,9,9,9,10,10,13,12,12,11,10,9,8,9,9,12,11,10,10,9,9,8,8,8,11,12,10,9,9,8,8,7,9,10,13,9,9,8,7,7,7,8,9,9,10,13,9,9,8,6,7,7,8,8,9,9,10,10,11,12,9,8,6,6,6,7,7,8,8,9,9,10,10,12,11,9,6,5,5,5,6,7,7,8,8,9,11,10,9,7,7,6,6,4,5,6,6,7,7,8,9,10,10,10,10,6,6,5,4,4,5,6,7,7,8,9,10,10,9,5,4,4,4,7,9,9,4,4,3,3,4,4,6,7,9,4,3,3,3,5,6,6,7,8,8,8,6,4,3,3,2,2,3,3,4,4,5,6,7,8,7,6,3,2,2,2,2,3,4,4,5,6,6,1,1,2,3,4,4,6,6,2,1,1,0,1,1,2,4,5,6,6,3,2,2,1,1,1,2,2,3,3,4,4,5,6,6,7,8,4,4,3,2,1,2,2,3,3,4,5,6,6,7,7,8,7,5,4,4,3,2,2,3,3,4,4,6,6,7,7,8,9,6,6,5,4,4,3,3,4,4,5,6,6,7,7,8,8,8,7,6,6,5,4,4,3,3,6,6,7,7,8,8
211,16,14,12,11,10,10,11,12,15,16,16,15,14,14,13,12,11,10,10,9,10,10,11,15,14,13,10,9,9,9,10,13,13,12,12,10,9,9,8,9,12,12,11,10,10,9,9,8,8,10,12,10,10,9,9,8,8,9,10,14,10,9,9,8,7,7,7,8,9,9,13,10,9,9,7,6,7,7,8,8,9,9,10,10,12,9,9,7,6,6,6,7,7,8,8,9,9,10,12,12,10,7,6,5,5,6,6,7,7,8,8,12,11,10,8,7,7,6,5,4,5,6,6,7,7,9,9,10,11,10,7,6,6,5,4,4,6,6,7,7,9,9,10,10,6,5,4,3,6,9,9,5,4,4,3,3,4,6,7,8,4,4,2,3,4,5,6,6,7,8,8,7,4,4,3,3,2,2,3,3,4,4,5,7,7,7,7,3,3,2,1,2,3,3,4,4,5,7,1,1,2,2,3,4,5,6,2,2,1,1,0,1,2,3,4,5,6,4,3,2,2,1,1,1,2,2,3,3,4,4,5,6,6,8,5,4,4,3,2,1,2,2,3,3,4,5,6,6,7,8,8,6,5,4,3,2,2,2,3,3,4,5,6,6,7,7,9,7,6,6,5,4,3,3,3,4,4,5,6,6,7,7,8,8,8,7,6,6,5,4,4,3,5,6,6,7,7,8
212,16,15,12,12,10,10,10,12,15,17,17,15,15,14,14,12,12,11,10,10,9,10,10,16,14,14,10,10,9,9,9,14,13,13,12,11,10,9,9,8,13,12,12,11,10,10,9,9,8,10,13,11,10,10,9,9,8,8,9,14,10,10,9,8,8,7,7,8,8,9,14,10,10,9,7,7,6,7,7,8,8,9,9,10,13,10,9,7,7,6,6,6,7,7,8,8,9,9,13,12,10,7,7,6,6,5,5,6,7,7,8,12,12,10,8,8,7,7,6,5,4,5,6,6,7,8,9,9,12,11,7,7,6,6,5,4,5,6,6,7,8,9,11,10,6,6,5,4,5,8,10,6,5,4,4,3,3,5,6,8,5,4,3,2,4,4,5,5,7,7,9,7,5,4,4,3,2,2,2,3,3,4,4,6,7,8,7,4,3,3,2,1,2,3,3,4,4,7,2,1,1,2,3,3,4,5,3,2,2,1,1,0,1,3,4,4,5,4,3,3,2,2,1,1,1,2,2,3,3,4,4,5,6,9,6,5,4,3,2,2,1,2,2,3,4,4,5,6,6,9,8,6,6,5,4,3,2,2,2,3,3,4,5,6,6,7,10,7,7,6,6,5,4,2,3,3,4,4,5,5,6,7,7,9,8,7,7,6,6,5,4,4,4,5,6,6,7,7
213,18,16,13,13,12,11,10,10,14,18,18,16,16,15,15,13,13,12,12,11,10,10,9,17,15,15,12,11,10,10,9,15,14,14,13,12,11,10,10,9,14,13,13,12,12,11,10,10,9,9,14,12,12,11,10,10,9,7,8,15,12,11,10,9,9,8,8,7,7,8,15,12,11,10,8,8,7,7,6,7,7,8,8,9,14,11,10,8,8,7,7,6,6,6,7,7,8,8,14,13,12,8,8,7,7,6,6,5,6,6,7,13,13,12,9,9,8,8,7,6,6,5,4,5,6,7,8,8,13,12,8,8,7,7,6,5,4,4,5,6,7,8,12,12,7,7,6,5,4,7,11,7,6,6,5,4,3,4,5,7,6,6,4,3,3,3,4,4,6,6,10,8,6,6,5,4,3,3,2,2,2,3,3,5,6,9,8,5,4,4,3,2,1,2,2,3,3,8,3,2,1,1,2,2,3,4,4,3,3,2,2,1,0,2,3,3,4,6,4,4,3,3,2,2,1,1,1,2,2,3,3,4,4,10,7,6,6,4,3,3,2,2,1,2,3,3,4,4,5,10,9,7,7,6,5,4,3,3,2,2,2,3,4,4,5,6,11,8,8,7,7,6,5,3,3,2,3,3,4,4,5,6,6,10,9,8,8,7,7,6,6,5,3,4,4,5,6,6
214,19,18,15,14,13,13,12,11,12,20,19,18,18,17,16,15,14,14,13,13,12,12,11,19,17,16,13,13,12,12,11,16,16,15,15,14,13,12,12,11,15,15,14,14,13,13,12,12,11,8,15,14,13,13,12,12,11,9,8,17,13,13,12,11,10,10,9,8,8,7,16,13,13,12,10,9,9,8,8,7,7,6,7,7,15,13,12,10,9,9,8,8,7,7,6,6,6,7,15,15,13,10,9,9,8,8,7,7,6,6,5,15,14,13,11,10,10,9,8,8,7,7,6,6,5,6,6,7,14,14,10,9,9,8,8,7,6,5,4,4,6,6,14,13,9,8,8,7,4,5,13,8,8,7,7,6,5,3,3,5,8,7,6,5,3,3,2,3,4,4,12,10,8,7,7,6,5,4,4,3,3,2,2,3,4,10,10,7,6,6,4,4,3,2,2,1,2,10,4,4,3,2,1,1,2,2,6,5,4,4,3,3,2,0,1,2,2,7,6,6,5,4,4,3,3,2,2,1,1,1,2,2,3,12,8,8,7,6,5,4,4,3,3,2,1,2,2,3,3,12,11,9,8,8,7,6,5,4,4,3,3,2,2,3,3,4,13,10,9,9,8,8,7,5,4,4,3,3,2,3,3,4,4,12,11,10,9,9,8,8,7,7,4,3,3,3,4,4
215,20,19,16,15,14,14,13,12,11,21,20,19,19,18,18,16,15,15,14,14,13,13,12,20,18,18,14,14,13,13,12,18,17,16,16,15,14,13,13,12,16,16,15,15,14,14,13,13,12,9,16,15,14,14,13,13,12,10,9,18,14,14,13,12,12,11,10,9,9,8,18,14,14,13,11,10,10,9,9,8,8,7,7,6,16,14,13,11,10,10,9,9,8,8,7,7,6,6,16,16,14,11,10,10,9,9,8,8,7,7,6,16,15,14,12,12,11,10,9,9,8,8,7,7,6,4,5,6,15,15,11,10,10,9,9,8,7,6,6,5,4,5,15,14,10,9,9,8,5,4,14,9,9,8,8,7,6,4,3,4,9,8,7,6,4,4,3,3,3,3,13,11,9,8,8,7,6,6,5,4,4,3,3,2,3,12,11,8,7,7,6,5,4,3,3,2,2,11,6,5,4,3,2,2,1,1,7,6,6,5,4,4,3,1,0,1,1,8,7,7,6,6,5,4,4,3,3,2,2,1,1,1,2,13,9,9,8,7,6,6,5,4,4,3,2,2,1,2,2,13,12,10,9,9,8,7,6,6,5,4,4,3,2,2,2,3,14,11,10,10,9,9,8,6,6,5,4,4,3,3,2,3,3,13,12,11,10,10,9,9,8,8,5,4,4,3,3,3
216,21,19,16,16,15,14,14,13,10,21,21,20,19,19,18,17,16,15,15,14,14,13,13,20,19,18,15,14,14,13,13,18,18,17,16,15,14,14,13,13,17,16,16,15,15,14,14,13,13,10,17,15,15,14,14,13,13,10,9,19,15,14,14,13,12,12,11,10,9,9,18,15,14,14,12,11,10,10,9,9,8,8,7,7,17,14,14,12,11,10,10,9,9,8,8,7,7,6,17,16,15,12,11,10,10,9,9,8,8,7,7,16,16,15,13,12,12,11,10,9,9,8,8,7,7,5,4,5,16,15,12,11,10,10,9,8,7,7,6,6,4,4,15,15,10,10,9,8,6,4,14,10,9,9,8,7,7,5,4,3,9,9,7,7,5,4,4,3,2,3,13,12,9,9,8,8,7,6,6,5,4,4,3,2,2,12,12,8,8,7,6,6,4,4,3,3,2,12,6,6,4,4,3,2,1,1,7,7,6,6,5,4,3,2,1,0,1,9,8,7,7,6,6,5,4,4,3,3,2,2,1,1,1,13,10,9,9,8,7,6,6,5,4,4,3,2,2,1,2,13,13,10,10,9,8,7,7,6,6,5,4,3,3,2,2,2,14,12,11,10,10,9,8,7,6,6,5,4,4,3,3,2,3,13,13,12,11,10,10,9,9,8,6,5,4,4,3,3
217,21,20,17,16,15,15,14,13,10,22,21,20,20,19,19,17,16,16,15,15,14,14,13,21,19,19,15,15,14,14,13,19,18,18,17,16,15,14,14,13,18,17,16,16,15,15,14,14,13,10,18,16,15,15,14,14,13,11,10,19,15,15,14,13,13,12,12,10,10,9,19,15,15,14,12,12,11,10,10,9,9,8,8,7,18,15,14,12,12,11,10,10,9,9,8,8,7,7,18,17,15,12,12,11,10,10,9,9,8,8,7,17,16,15,13,13,12,12,10,10,9,9,8,8,7,6,5,4,16,16,12,12,11,10,10,9,8,7,7,6,4,4,16,15,11,10,10,9,6,3,15,10,10,9,9,8,7,6,4,3,10,9,8,7,5,5,4,4,3,2,14,12,10,9,9,8,7,7,6,6,5,4,4,2,2,13,12,9,8,8,7,6,5,4,4,3,3,12,7,6,5,4,3,3,2,1,8,7,7,6,6,5,4,2,1,1,0,9,8,8,7,7,6,6,5,4,4,3,3,2,2,1,1,14,10,10,9,8,7,7,6,6,5,4,3,3,2,2,1,14,13,11,10,10,9,8,7,7,6,6,5,4,3,3,2,2,15,12,12,11,10,10,9,7,7,6,5,5,4,4,3,3,2,14,13,12,12,11,10,10,9,9,6,6,5,4,4,3
218,13,12,12,13,14,14,15,16,19,14,13,12,12,11,10,11,12,12,13,13,14,14,15,13,11,10,12,12,13,13,14,10,10,9,9,10,11,12,12,13,9,9,8,9,9,10,10,11,12,14,9,8,8,9,9,10,10,13,14,11,7,8,8,9,10,10,11,12,13,13,10,7,7,7,9,10,10,11,12,12,13,13,14,14,9,7,6,8,9,9,10,10,11,12,12,13,13,14,9,9,7,7,8,8,9,9,10,10,11,12,12,9,8,7,5,6,6,7,8,8,9,9,10,10,11,13,13,14,8,8,5,6,6,7,7,8,9,10,10,11,13,13,8,7,5,5,6,7,10,13,7,4,5,6,6,7,8,9,10,12,4,4,6,7,8,9,9,10,11,12,6,4,3,3,4,4,6,6,7,7,8,8,9,10,11,4,4,3,3,4,5,6,7,7,8,8,9,4,4,4,6,6,7,8,9,9,2,2,3,3,4,4,6,7,8,9,9,0,1,2,2,3,3,4,4,5,6,6,7,7,8,8,9,4,1,1,1,2,3,4,4,5,6,6,7,8,8,9,9,4,4,2,1,2,3,4,4,5,6,6,7,8,8,9,9,10,6,3,2,2,2,3,4,6,6,7,7,8,8,9,9,10,10,4,4,3,2,3,3,4,4,5,8,8,9,9,10,10
219,14,13,11,12,13,13,14,15,18,15,14,13,13,12,12,10,10,11,12,12,13,13,14,14,12,12,10,11,12,12,13,12,11,10,10,9,10,10,11,12,10,10,9,9,8,9,9,10,10,13,10,9,8,8,8,9,9,12,13,12,8,8,7,8,9,9,10,11,12,12,12,8,8,7,8,9,9,10,10,11,12,12,13,13,10,8,7,7,8,8,9,9,10,10,11,12,12,13,10,10,8,6,7,7,8,8,9,9,10,10,11,10,9,8,6,6,5,6,7,7,8,8,9,9,10,12,12,13,9,9,5,4,5,6,6,7,8,9,9,10,12,12,9,8,4,4,5,6,9,12,8,3,4,4,5,6,7,8,9,11,3,3,5,6,7,8,8,9,10,10,7,5,3,2,3,3,4,5,6,6,7,7,8,9,10,6,5,2,2,3,4,4,6,6,7,7,8,5,3,3,4,5,6,7,8,8,1,1,2,2,3,3,4,6,7,8,8,1,0,1,1,2,2,3,3,4,4,5,6,6,7,7,8,6,2,2,1,1,2,3,3,4,4,5,6,7,7,8,8,6,5,3,2,2,2,3,3,4,4,5,6,7,7,8,8,9,7,4,3,3,2,2,3,4,5,6,6,7,7,8,8,9,9,6,5,4,3,3,2,3,3,4,7,7,8,8,9,9
220,15,13,10,11,12,13,13,14,18,15,15,14,13,13,12,10,10,10,11,12,12,13,13,14,13,12,10,10,11,12,12,12,12,11,10,9,9,10,10,11,11,10,10,9,9,8,9,9,10,13,11,9,9,8,8,8,9,11,12,13,9,8,8,8,8,9,9,10,11,12,12,9,8,8,8,8,9,9,10,10,11,12,12,13,11,8,8,7,7,8,8,9,9,10,10,11,12,12,11,10,9,6,6,7,7,8,8,9,9,10,10,10,10,9,7,6,6,5,6,7,7,8,8,9,9,11,12,12,10,9,6,5,4,5,6,7,8,8,9,9,11,12,9,9,4,4,4,6,8,11,8,4,3,4,4,6,6,8,9,10,3,3,4,5,7,7,8,8,9,10,7,6,3,3,2,3,4,4,5,6,6,7,7,9,9,6,6,2,2,2,3,4,5,6,6,7,7,6,2,3,4,4,6,6,7,8,1,1,1,2,2,3,4,6,7,7,8,2,1,0,1,1,2,2,3,3,4,4,5,6,6,7,7,6,3,2,2,1,2,2,3,3,4,4,6,6,7,7,8,6,6,3,3,2,1,2,3,3,4,4,5,6,7,7,8,8,7,4,4,3,3,2,2,4,4,5,6,6,7,7,8,8,9,6,6,4,4,3,3,2,3,3,6,7,7,8,8,9
221,15,14,11,10,12,12,13,14,17,16,15,14,14,13,13,11,10,10,10,11,12,12,13,15,13,13,9,10,10,11,12,13,12,12,11,10,9,9,10,10,12,11,10,10,9,9,8,9,9,12,12,10,9,9,8,8,8,10,12,13,9,9,8,7,8,8,9,10,10,11,13,9,9,8,7,8,8,9,9,10,10,11,12,12,12,9,8,6,7,7,8,8,9,9,10,10,11,12,12,11,9,6,6,6,7,7,8,8,9,9,10,11,10,9,7,7,6,6,6,6,7,7,8,8,9,10,11,12,10,10,6,6,5,4,5,6,7,8,8,9,10,11,10,9,5,4,4,5,8,10,9,4,4,3,4,5,5,7,8,10,4,3,4,4,6,7,7,8,9,9,8,6,4,3,3,2,3,4,4,5,6,6,7,8,9,7,6,3,2,2,3,3,4,5,6,6,7,6,2,2,3,4,5,6,7,7,2,1,1,1,2,2,3,5,6,7,7,2,1,1,0,1,1,2,2,3,3,4,4,5,6,6,7,7,3,3,2,1,1,2,2,3,3,4,5,5,6,7,7,7,6,4,3,3,2,2,2,3,3,4,4,6,6,7,7,8,8,5,4,4,3,3,2,3,4,4,5,6,6,7,7,8,8,7,6,5,4,4,3,3,2,3,6,6,7,7,8,8
222,16,14,12,11,11,12,12,13,16,17,16,15,14,14,13,12,11,10,10,10,11,12,12,15,14,13,10,9,10,10,11,13,13,12,12,10,9,9,9,10,12,12,11,10,10,9,9,8,9,12,12,10,10,9,9,8,8,10,11,14,10,9,9,8,7,8,8,9,10,10,13,10,9,9,7,7,8,8,9,9,10,10,11,12,12,9,9,7,6,7,7,8,8,9,9,10,10,11,12,12,10,7,6,6,6,7,7,8,8,9,9,12,11,10,8,7,7,6,5,6,6,7,7,8,8,10,10,11,11,10,7,6,6,5,4,6,7,7,8,8,10,10,10,10,6,5,4,4,7,10,9,5,4,4,3,4,5,7,8,9,4,4,3,4,6,6,7,7,8,9,8,7,4,4,3,3,3,3,4,4,5,6,6,8,8,7,7,3,3,2,2,3,4,4,5,6,6,7,1,2,3,3,4,5,6,7,2,2,1,1,1,2,3,4,6,6,7,3,2,1,1,0,1,1,2,2,3,3,4,4,5,6,6,7,4,3,3,2,1,1,2,2,3,3,4,5,6,6,7,7,7,4,4,3,2,1,2,2,3,3,4,5,6,6,7,7,8,6,5,4,4,3,2,3,3,4,4,5,6,6,7,7,8,7,7,6,5,4,4,3,3,2,5,6,6,7,7,8
223,16,15,12,12,10,11,12,13,16,17,17,15,15,14,14,12,12,11,10,10,10,11,12,16,14,14,10,10,9,10,10,14,13,13,12,11,10,9,9,9,13,12,12,11,10,10,9,9,8,11,13,11,10,10,9,9,8,9,10,14,10,10,9,8,8,7,8,9,9,10,14,10,10,9,7,7,7,8,8,9,9,10,10,11,13,10,9,7,7,6,7,7,8,8,9,9,10,10,13,12,10,7,7,6,6,6,7,7,8,8,9,12,12,10,8,8,7,7,6,5,6,6,7,7,8,9,10,10,12,11,7,7,6,6,5,5,6,7,7,8,9,10,11,10,6,6,5,4,7,9,10,6,5,4,4,4,4,6,7,9,5,4,3,3,5,6,6,7,8,8,9,7,5,4,4,3,2,3,3,4,4,5,6,7,8,8,7,4,3,3,2,2,3,4,4,5,6,7,2,1,2,3,4,4,6,6,3,2,2,1,1,1,2,4,5,6,6,3,2,2,1,1,0,1,1,2,2,3,3,4,4,5,6,8,4,4,3,2,1,1,1,2,2,3,4,4,5,6,6,8,7,5,4,4,3,2,1,2,2,3,3,4,5,6,6,7,9,6,6,5,4,4,3,2,3,3,4,4,5,6,6,7,7,8,7,6,6,5,4,4,3,3,4,5,6,6,7,7
224,17,15,13,12,11,10,11,12,15,18,17,16,15,15,14,13,12,12,11,10,10,10,11,17,15,14,11,10,10,9,10,14,14,13,13,12,10,10,9,9,13,13,12,12,11,10,10,9,9,10,13,12,11,10,10,9,9,9,10,15,11,10,10,9,8,8,7,8,9,9,14,11,10,10,8,7,7,7,8,8,9,9,10,10,13,10,10,8,7,7,6,7,7,8,8,9,9,10,13,13,11,8,7,7,6,6,6,7,7,8,8,13,12,11,9,8,8,7,6,6,5,5,6,7,7,9,9,10,12,12,8,7,7,6,6,4,6,6,7,7,9,9,12,11,7,6,6,4,6,9,10,6,6,5,4,3,4,5,7,8,6,5,3,3,4,5,6,6,7,8,9,8,6,5,4,4,3,2,3,3,4,4,5,7,7,8,8,4,4,3,2,2,3,3,4,4,5,8,2,2,2,2,3,4,5,6,3,3,2,2,1,1,2,3,4,5,6,4,3,2,2,1,1,0,1,1,2,2,3,3,4,4,5,8,5,4,4,3,2,1,1,1,2,2,3,4,4,5,5,8,8,6,5,4,3,2,2,1,2,2,3,4,4,5,6,6,9,7,6,6,5,4,3,2,2,3,3,4,4,5,6,6,7,8,8,7,6,6,5,4,4,3,4,4,5,5,6,7
225,18,16,13,13,12,11,10,12,15,18,18,16,16,15,15,13,13,12,12,11,10,10,10,17,15,15,12,11,10,10,9,15,14,14,13,12,11,10,10,9,14,13,13,12,12,11,10,10,9,10,14,12,12,11,10,10,9,8,9,15,12,11,10,9,9,8,8,8,8,9,15,12,11,10,8,8,7,7,7,8,8,9,9,10,14,11,10,8,8,7,7,6,7,7,8,8,9,9,14,13,12,8,8,7,7,6,6,6,7,7,8,13,13,12,9,9,8,8,7,6,5,5,6,6,7,8,9,9,13,12,8,8,7,7,6,5,5,6,6,7,8,9,12,12,7,7,6,5,6,8,11,7,6,5,5,4,3,5,6,8,6,6,4,3,4,4,5,6,7,7,10,8,6,6,5,4,3,3,2,3,3,4,4,6,7,9,8,5,4,4,3,2,2,3,3,4,4,8,3,2,1,2,3,3,4,5,4,3,3,2,2,1,1,3,4,4,5,4,3,3,2,2,1,1,0,1,1,2,2,3,3,4,4,9,5,5,4,3,2,2,1,1,1,2,3,3,4,4,5,9,8,6,6,5,4,3,2,2,1,2,2,3,4,4,5,6,10,7,7,6,6,5,4,2,2,2,3,3,4,4,5,6,6,9,8,7,7,6,6,5,4,4,3,4,4,5,6,6
226,18,16,14,13,12,12,11,11,14,19,18,17,17,16,15,14,13,13,12,12,11,10,10,18,16,15,12,12,11,10,10,15,15,14,14,13,12,11,10,10,14,14,13,13,12,12,11,10,10,9,14,13,12,12,11,10,10,8,9,16,12,12,11,10,9,9,8,7,8,8,15,12,12,11,9,8,8,7,7,7,8,8,9,9,14,12,11,9,8,8,7,7,6,7,7,8,8,9,14,14,12,9,8,8,7,7,6,6,6,7,7,14,13,12,10,9,9,8,7,7,6,6,5,6,6,8,8,9,13,13,9,8,8,7,7,6,4,5,6,6,8,8,13,12,8,7,7,6,5,8,12,7,7,6,6,4,4,4,5,7,7,6,4,4,3,4,4,5,6,7,10,9,7,6,6,5,4,3,3,2,3,3,4,6,6,9,9,6,5,4,3,3,2,2,3,3,4,9,3,3,2,1,2,3,4,4,4,4,3,3,2,2,1,2,3,4,4,5,4,3,3,2,2,1,1,0,1,1,2,2,3,3,4,9,6,6,5,4,3,2,2,1,1,1,2,3,3,4,4,9,9,7,6,6,4,3,3,2,2,1,2,3,3,4,4,5,10,8,7,7,6,6,4,3,2,2,2,3,3,4,4,5,6,9,9,8,7,7,6,6,5,4,3,3,4,4,5,6
227,19,17,14,14,13,12,12,10,14,19,19,18,17,17,16,14,14,13,13,12,12,11,10,18,17,16,13,12,12,11,10,16,15,15,14,13,12,12,11,10,15,14,14,13,13,12,12,11,10,9,15,13,13,12,12,11,10,8,8,16,13,12,12,10,10,9,9,8,7,8,16,13,12,12,9,9,8,8,7,7,7,8,8,9,15,12,12,9,9,8,8,7,7,6,7,7,8,8,15,14,13,9,9,8,8,7,7,6,6,6,7,14,14,13,10,10,9,9,8,7,7,6,6,5,5,7,8,8,14,13,9,9,8,8,7,6,5,4,5,6,7,8,13,13,8,8,7,6,4,7,12,8,7,7,6,5,4,4,5,7,7,7,5,4,3,3,4,4,6,6,11,9,7,7,6,6,4,4,3,3,2,3,3,5,5,10,9,6,6,5,4,3,2,2,2,3,3,9,4,3,2,2,2,2,3,4,5,4,4,3,3,2,1,2,3,3,4,6,4,4,3,3,2,2,1,1,0,1,1,2,2,3,3,10,7,6,6,4,3,3,2,2,1,1,2,2,3,3,4,10,9,7,7,6,5,4,3,3,2,2,1,2,3,3,4,4,11,8,8,7,7,6,5,3,3,2,2,2,3,3,4,4,5,10,9,8,8,7,7,6,6,5,2,3,3,4,4,5
228,19,18,15,14,13,13,12,11,13,20,19,18,18,17,16,15,14,14,13,13,12,12,11,19,17,16,13,13,12,12,11,16,16,15,15,14,13,12,12,11,15,15,14,14,13,13,12,12,11,8,15,14,13,13,12,12,11,9,8,17,13,13,12,11,10,10,9,8,8,7,16,13,13,12,10,9,9,8,8,7,7,7,8,8,15,13,12,10,9,9,8,8,7,7,6,7,7,8,15,15,13,10,9,9,8,8,7,7,6,6,6,15,14,13,11,10,10,9,8,8,7,7,6,5,5,7,7,8,14,14,10,9,9,8,8,7,6,5,4,5,7,7,14,13,9,8,8,7,4,7,13,8,8,7,7,5,5,3,4,6,8,7,6,5,3,3,3,4,5,6,12,10,8,7,7,6,5,4,4,3,3,2,3,4,5,10,10,7,6,6,4,4,3,2,2,2,3,10,4,4,3,2,1,2,3,3,6,5,4,4,3,3,2,1,2,3,3,6,5,4,4,3,3,2,2,1,1,0,1,1,2,2,3,10,7,7,6,5,4,3,3,2,2,1,1,2,2,3,3,10,10,8,7,7,6,4,4,3,3,2,2,2,2,3,3,4,12,9,8,8,7,7,6,4,3,3,2,2,2,3,3,4,4,10,10,9,8,8,7,7,6,6,3,2,3,3,4,4
229,20,18,15,15,14,13,13,12,13,20,20,19,18,18,17,15,15,14,14,13,13,12,12,19,18,17,14,13,13,12,12,17,16,16,15,14,13,13,12,12,16,15,15,14,14,13,13,12,12,9,16,14,14,13,13,12,12,9,8,18,14,13,13,12,11,10,10,9,8,8,17,14,13,13,10,10,9,9,8,8,7,7,7,8,16,13,13,10,10,9,9,8,8,7,7,6,7,7,16,15,14,10,10,9,9,8,8,7,7,6,6,15,15,14,12,11,10,10,9,8,8,7,7,6,6,6,7,7,15,14,10,10,9,9,8,7,6,6,5,4,6,7,14,14,9,9,8,7,4,6,13,9,8,8,7,6,6,4,4,5,8,8,6,6,4,3,3,3,4,5,12,10,8,8,7,7,6,5,4,4,3,3,2,4,4,11,10,7,7,6,5,4,3,3,2,2,2,10,5,4,3,3,2,1,2,3,6,6,5,4,4,3,2,1,2,2,3,7,6,5,4,4,3,3,2,2,1,1,0,1,1,2,2,11,8,7,7,6,4,4,3,3,2,2,1,1,2,2,3,11,10,8,8,7,6,5,4,4,3,3,2,1,2,2,3,3,12,9,9,8,8,7,6,4,4,3,3,2,2,2,3,3,4,11,10,9,9,8,8,7,7,6,3,3,2,3,3,4
230,20,19,16,15,14,14,13,12,12,21,20,19,19,18,18,16,15,15,14,14,13,13,12,20,18,18,14,14,13,13,12,18,17,16,16,15,14,13,13,12,16,16,15,15,14,14,13,13,12,9,16,15,14,14,13,13,12,10,9,18,14,14,13,12,12,11,10,9,9,8,18,14,14,13,11,10,10,9,9,8,8,7,7,7,16,14,13,11,10,10,9,9,8,8,7,7,6,7,16,16,14,11,10,10,9,9,8,8,7,7,6,16,15,14,12,12,11,10,9,9,8,8,7,7,6,6,6,7,15,15,11,10,10,9,9,8,7,6,6,5,6,6,15,14,10,9,9,8,5,6,14,9,9,8,8,7,6,4,3,5,9,8,7,6,4,4,3,3,4,4,13,11,9,8,8,7,6,5,5,4,4,3,3,3,4,12,11,8,7,7,6,5,4,3,3,2,2,11,6,5,4,3,2,2,2,2,7,6,6,5,4,4,3,1,1,2,2,7,6,6,5,4,4,3,3,2,2,1,1,0,1,1,2,12,8,8,7,6,5,4,4,3,3,2,1,1,1,2,2,12,11,9,8,8,7,6,5,4,4,3,3,2,1,2,2,3,13,10,9,9,8,8,7,5,4,4,3,3,2,2,2,3,3,12,11,10,9,9,8,8,7,7,4,3,3,2,3,3
231,21,19,16,16,15,14,14,13,12,21,21,20,19,19,18,17,16,15,15,14,14,13,13,20,19,18,15,14,14,13,13,18,18,17,16,15,14,14,13,13,17,16,16,15,15,14,14,13,13,10,17,15,15,14,14,13,13,10,9,19,15,14,14,13,12,12,11,10,9,9,18,15,14,14,12,11,10,10,9,9,8,8,7,7,17,14,14,12,11,10,10,9,9,8,8,7,7,6,17,16,15,12,11,10,10,9,9,8,8,7,7,16,16,15,13,12,12,11,10,9,9,8,8,7,7,5,6,6,16,15,12,11,10,10,9,8,7,7,6,6,5,6,15,15,10,10,9,8,6,5,14,10,9,9,8,7,7,5,4,4,9,9,7,7,5,4,4,3,3,4,13,12,9,9,8,8,7,6,6,5,4,4,3,3,3,12,12,8,8,7,6,6,4,4,3,3,2,12,6,6,4,4,3,2,1,2,7,7,6,6,5,4,3,2,1,1,2,8,7,6,6,5,4,4,3,3,2,2,1,1,0,1,1,12,9,8,8,7,6,5,4,4,3,3,2,1,1,1,2,12,12,9,9,8,7,6,6,5,4,4,3,2,2,1,2,2,13,10,10,9,9,8,7,6,5,4,4,3,3,2,2,2,3,12,12,10,10,9,9,8,8,7,4,4,3,3,2,3
232,21,20,17,16,15,15,14,13,11,22,21,20,20,19,19,17,17,16,15,15,14,14,13,21,19,19,15,15,14,14,13,19,18,18,17,16,15,14,14,13,18,17,16,16,15,15,14,14,13,10,18,16,15,15,14,14,13,11,10,19,15,15,14,13,13,12,12,10,10,9,19,15,15,14,12,12,11,10,10,9,9,8,8,7,18,15,14,12,12,11,10,10,9,9,8,8,7,7,18,17,15,12,12,11,10,10,9,9,8,8,7,17,16,15,13,13,12,12,10,10,9,9,8,8,7,6,5,5,16,16,12,12,11,10,10,9,8,7,7,6,4,5,16,15,11,10,10,9,6,4,15,10,10,9,9,8,7,6,4,4,10,9,8,7,6,5,4,4,3,3,14,12,10,9,9,8,7,7,6,6,5,4,4,2,3,13,12,9,8,8,7,6,5,4,4,3,3,12,7,6,5,4,3,3,2,1,8,7,7,6,6,5,4,2,1,1,1,8,7,7,6,6,5,4,4,3,3,2,2,1,1,0,1,13,9,9,8,7,6,6,5,4,4,3,2,2,1,1,1,13,12,10,9,9,8,7,6,6,5,4,4,3,2,2,1,2,14,11,10,10,9,9,8,6,6,5,4,4,3,3,2,2,2,13,12,11,10,10,9,9,8,8,5,4,4,3,3,2
233,22,20,18,17,16,15,15,14,10,23,22,21,20,20,19,18,17,16,16,15,15,14,14,21,20,19,16,15,15,14,14,19,19,18,18,16,15,15,14,14,18,18,17,16,16,15,15,14,14,11,18,16,16,15,15,14,14,12,10,20,16,15,15,14,13,13,12,11,10,10,19,16,15,15,13,12,12,11,10,10,9,9,8,8,18,15,15,13,12,12,11,10,10,9,9,8,8,7,18,18,16,13,12,12,11,10,10,9,9,8,8,18,17,16,14,13,13,12,11,10,10,9,9,8,8,6,5,5,17,16,13,12,12,11,10,9,8,8,7,7,5,4,16,16,12,11,10,9,7,4,15,11,10,10,9,8,8,6,5,3,10,10,8,8,6,6,5,4,3,3,14,13,10,10,9,9,8,7,7,6,5,5,4,3,2,13,13,9,9,8,7,7,6,5,4,4,3,13,7,7,6,5,4,3,2,2,8,8,7,7,6,6,4,3,2,1,1,9,8,7,7,6,6,5,4,4,3,3,2,2,1,1,0,13,10,9,9,8,7,6,5,5,4,4,3,2,2,1,1,13,13,10,10,9,8,7,7,6,6,5,4,3,3,2,2,1,14,12,11,10,10,9,8,7,6,6,5,4,4,3,3,2,2,13,13,12,11,10,10,9,9,8,5,5,4,4,3,3
234,12,14,16,17,18,19,19,20,24,10,11,12,13,13,14,15,16,16,17,18,18,19,19,10,12,13,16,16,17,18,18,12,12,13,13,14,15,16,16,17,12,12,13,13,14,14,15,15,16,19,10,12,13,13,14,14,15,17,18,8,12,12,13,14,14,15,15,16,17,18,7,10,11,12,14,14,15,15,16,16,17,18,18,19,7,10,10,13,13,14,14,15,15,16,16,17,18,18,6,7,8,12,12,13,13,14,14,15,15,16,16,6,6,7,9,10,10,11,12,13,13,14,14,15,15,17,18,18,5,6,9,10,10,11,12,13,14,14,15,15,17,18,4,5,9,10,10,12,14,17,4,9,9,10,10,12,12,14,15,16,8,9,10,11,13,13,14,14,15,16,3,5,7,8,8,9,10,10,11,12,12,13,13,15,15,3,4,7,8,8,9,10,11,12,12,13,13,3,8,9,10,10,12,12,13,14,6,7,7,8,8,9,10,12,13,13,14,4,6,6,7,7,8,8,9,9,10,10,11,12,12,13,13,0,3,4,4,6,7,7,8,8,9,9,10,11,12,12,13,1,2,4,4,5,6,7,8,8,9,9,10,11,12,12,13,13,1,4,4,5,6,6,7,9,9,10,10,11,12,12,13,13,14,3,4,5,6,6,7,7,8,8,11,12,12,13,13,14
235,13,12,13,14,15,15,16,17,20,14,13,12,12,11,10,12,13,13,14,14,15,15,16,13,11,10,13,13,14,14,15,10,10,9,10,11,12,13,13,14,9,9,9,10,10,11,12,12,13,15,9,9,9,10,10,11,12,14,15,11,8,9,9,10,11,12,12,13,14,14,10,7,8,8,10,11,12,12,13,13,14,14,15,15,9,7,7,9,10,10,11,12,12,13,13,14,14,15,9,9,7,8,9,9,10,10,11,12,12,13,13,9,8,7,6,7,7,8,9,9,10,10,11,12,12,14,14,15,8,8,6,7,7,8,8,9,10,11,12,12,14,14,8,7,6,7,7,8,11,14,7,6,6,7,7,8,9,10,12,13,5,6,7,8,9,10,10,11,12,13,6,4,4,4,5,6,7,7,8,8,9,9,10,12,12,4,4,4,4,5,6,7,8,8,9,9,10,4,5,6,7,7,8,9,10,10,3,3,4,4,5,6,7,8,9,10,10,1,2,3,3,4,4,5,5,6,7,7,8,8,9,9,10,3,0,1,1,2,3,4,4,5,6,6,7,8,8,9,9,3,3,1,1,2,3,4,4,5,6,6,7,8,8,9,9,10,4,2,1,2,2,3,4,6,6,7,7,8,8,9,9,10,10,3,3,2,2,3,3,4,4,5,8,8,9,9,10,10
236,14,12,13,13,14,15,15,16,20,14,14,13,12,12,11,12,12,13,13,14,14,15,15,13,12,11,12,13,13,14,14,11,10,10,9,10,12,12,13,13,10,9,9,9,10,10,11,12,12,15,10,8,9,9,10,10,11,13,14,12,8,8,9,10,10,11,12,13,13,14,11,8,7,8,10,10,11,12,12,13,13,14,14,15,10,7,7,9,9,10,10,11,12,12,13,13,14,14,10,9,8,8,8,9,9,10,10,11,12,12,13,9,9,8,6,6,7,7,8,9,9,10,10,11,12,13,14,14,9,8,6,6,7,7,8,9,10,10,11,12,13,14,8,8,5,6,7,8,10,13,7,5,5,6,7,8,8,10,11,13,4,5,7,7,9,9,10,10,12,12,6,4,3,4,4,5,6,7,7,8,8,9,9,11,12,5,4,3,4,4,6,6,7,8,8,9,9,4,4,5,6,7,8,8,9,10,2,3,3,4,4,5,6,8,9,9,10,1,2,2,3,3,4,4,5,6,6,7,7,8,8,9,9,4,1,0,1,2,3,3,4,4,5,6,7,7,8,8,9,4,3,1,1,1,2,3,4,4,5,6,6,7,8,8,9,9,5,2,2,1,2,2,3,5,6,6,7,7,8,8,9,9,10,4,3,2,2,2,3,3,4,4,7,8,8,9,9,10
237,14,13,12,13,14,14,15,16,19,15,14,13,13,12,12,11,12,12,13,13,14,14,15,14,12,12,12,12,13,13,14,12,11,10,10,10,11,12,12,13,10,10,9,9,9,10,10,11,12,14,10,9,8,9,9,10,10,13,14,12,8,8,8,9,10,10,11,12,13,13,12,8,8,7,9,10,10,11,12,12,13,13,14,14,10,8,7,8,9,9,10,10,11,12,12,13,13,14,10,10,8,7,8,8,9,9,10,10,11,12,12,10,9,8,6,6,6,7,8,8,9,9,10,10,11,13,13,14,9,9,5,6,6,7,7,8,9,10,10,11,13,13,9,8,5,5,6,7,10,13,8,4,5,6,6,7,8,9,10,12,4,4,6,7,8,9,9,10,11,12,7,5,3,3,4,4,6,6,7,7,8,8,9,10,11,6,5,3,3,4,5,6,7,7,8,8,9,5,4,4,6,6,7,8,9,9,2,2,3,3,4,4,6,7,8,9,9,1,1,2,2,3,3,4,4,5,6,6,7,7,8,8,9,4,1,1,0,1,2,3,3,4,4,5,6,7,7,8,8,4,4,2,1,1,2,3,3,4,4,5,6,7,7,8,8,9,6,3,2,2,1,2,3,4,5,6,6,7,7,8,8,9,9,4,4,3,2,2,2,3,3,4,7,7,8,8,9,9
238,15,14,11,12,13,13,14,15,18,16,15,14,14,13,13,11,10,11,12,12,13,13,14,15,13,13,10,11,12,12,13,13,12,12,11,10,10,10,11,12,12,11,10,10,9,9,9,10,10,13,12,10,9,9,8,9,9,12,13,13,9,9,8,8,9,9,10,11,12,12,13,9,9,8,8,9,9,10,10,11,12,12,13,13,12,9,8,7,8,8,9,9,10,10,11,12,12,13,12,11,9,6,7,7,8,8,9,9,10,10,11,11,10,9,7,7,6,6,7,7,8,8,9,9,10,12,12,13,10,10,6,6,5,6,6,7,8,9,9,10,12,12,10,9,5,4,5,6,9,12,9,4,4,4,5,6,7,8,9,11,4,3,5,6,7,8,8,9,10,10,8,6,4,3,3,3,4,5,6,6,7,7,8,9,10,7,6,3,2,3,4,4,6,6,7,7,8,6,3,3,4,5,6,7,8,8,2,1,2,2,3,3,4,6,7,8,8,2,1,1,1,2,2,3,3,4,4,5,6,6,7,7,8,6,2,2,1,0,1,2,2,3,3,4,5,6,6,7,7,6,5,3,2,2,1,2,2,3,3,4,4,6,6,7,7,8,7,4,3,3,2,2,2,3,4,4,5,6,6,7,7,8,8,6,5,4,3,3,2,2,2,3,6,6,7,7,8,8
239,16,15,12,12,12,12,13,14,17,17,16,15,15,14,14,12,12,11,10,11,12,12,13,16,14,14,10,10,10,11,12,14,13,13,12,11,10,9,10,10,13,12,12,11,10,10,9,9,9,12,13,11,10,10,9,9,8,10,12,14,10,10,9,8,8,8,9,10,10,11,14,10,10,9,7,8,8,9,9,10,10,11,12,12,13,10,9,7,7,7,8,8,9,9,10,10,11,12,13,12,10,7,7,6,7,7,8,8,9,9,10,12,12,10,8,8,7,7,6,6,7,7,8,8,9,10,11,12,12,11,7,7,6,6,5,6,7,8,8,9,10,11,11,10,6,6,5,5,8,10,10,6,5,4,4,5,5,7,8,10,5,4,4,4,6,7,7,8,9,9,9,7,5,4,4,3,3,4,4,5,6,6,7,8,9,8,7,4,3,3,3,3,4,5,6,6,7,7,2,2,3,4,5,6,7,7,3,2,2,1,2,2,3,5,6,7,7,3,2,2,1,1,1,2,2,3,3,4,4,5,6,6,7,7,3,3,2,1,0,1,1,2,2,3,4,4,5,6,6,7,6,4,3,3,2,1,1,2,2,3,3,4,5,6,6,7,8,5,4,4,3,3,2,2,3,3,4,4,5,6,6,7,7,7,6,5,4,4,3,3,2,2,4,5,6,6,7,7
240,17,15,13,12,11,12,12,13,16,18,17,16,15,15,14,13,12,12,11,10,11,12,12,16,15,14,11,10,10,10,11,14,14,13,13,12,10,10,9,10,13,13,12,12,11,10,10,9,9,12,13,12,11,10,10,9,9,10,11,15,11,10,10,9,8,8,8,9,10,10,14,11,10,10,8,7,8,8,9,9,10,10,11,12,13,10,10,8,7,7,7,8,8,9,9,10,10,11,13,13,11,8,7,7,6,7,7,8,8,9,9,13,12,11,9,8,8,7,6,6,6,7,7,8,8,10,10,11,12,12,8,7,7,6,6,6,7,7,8,8,10,10,12,11,7,6,5,4,7,10,10,6,6,5,4,4,5,7,8,9,6,5,3,4,6,6,7,7,8,9,9,8,6,5,4,4,3,3,4,4,5,6,6,8,8,8,8,4,4,3,2,3,4,4,5,6,6,8,2,2,3,3,4,5,6,7,3,3,2,2,1,2,3,4,6,6,7,4,3,2,2,1,1,1,2,2,3,3,4,4,5,6,6,7,4,3,3,2,1,0,1,1,2,2,3,4,4,5,6,7,7,4,4,3,2,1,1,1,2,2,3,4,4,5,6,6,8,6,5,4,4,3,2,2,2,3,3,4,4,5,6,6,7,7,7,6,5,4,4,3,3,2,4,4,5,6,6,7
241,18,16,13,13,12,11,12,13,16,18,18,16,16,15,15,13,13,12,12,11,10,11,12,17,15,15,12,11,10,10,10,15,14,14,13,12,11,10,10,9,14,13,13,12,12,11,10,10,9,11,14,12,12,11,10,10,9,9,10,15,12,11,10,9,9,8,8,9,9,10,15,12,11,10,8,8,7,8,8,9,9,10,10,11,14,11,10,8,8,7,7,7,8,8,9,9,10,10,14,13,12,8,8,7,7,6,7,7,8,8,9,13,13,12,9,9,8,8,7,6,6,6,7,7,8,9,10,10,13,12,8,8,7,7,6,5,6,7,7,8,9,10,12,12,7,7,6,5,7,9,11,7,6,6,5,4,4,6,7,9,6,6,4,3,5,5,6,7,8,8,10,8,6,6,5,4,3,3,3,4,4,5,6,7,8,9,8,5,4,4,3,2,3,4,4,5,5,8,3,2,2,3,4,4,6,6,4,3,3,2,2,1,2,4,5,6,6,4,3,3,2,2,1,1,1,2,2,3,3,4,4,5,5,8,4,4,3,2,1,1,0,1,1,2,3,3,4,4,5,8,7,5,4,4,3,2,1,1,1,2,2,3,4,4,5,6,9,6,6,5,4,4,3,1,2,2,3,3,4,4,5,6,6,8,7,6,6,5,4,4,3,3,3,4,4,5,6,6
242,18,16,14,13,12,12,11,12,15,19,18,17,16,16,15,14,13,13,12,12,11,10,11,18,16,15,12,12,11,10,10,15,15,14,14,13,12,11,10,10,14,14,13,13,12,12,11,10,10,10,14,13,12,12,11,10,10,9,10,16,12,12,11,10,9,9,8,8,9,9,15,12,12,11,9,8,8,7,8,8,9,9,10,10,14,12,11,9,8,8,7,7,7,8,8,9,9,10,14,14,12,9,8,8,7,7,6,7,7,8,8,14,13,12,10,9,9,8,7,7,6,6,6,7,7,9,9,10,13,13,9,8,8,7,7,5,6,6,7,7,9,9,13,12,8,7,7,5,6,9,12,7,7,6,5,4,4,6,7,8,7,6,4,4,4,5,6,6,7,8,10,9,7,6,6,5,4,3,3,3,4,4,5,7,7,9,9,6,5,4,3,3,3,3,4,4,5,9,3,3,2,2,3,4,5,6,4,4,3,3,2,2,2,3,4,5,6,5,4,3,3,2,2,1,1,1,2,2,3,3,4,4,5,8,5,4,4,3,2,1,1,0,1,1,2,3,3,4,4,8,8,6,5,4,3,2,2,1,1,1,2,3,3,4,4,5,9,7,6,6,5,4,3,2,1,2,2,3,3,4,4,5,6,8,8,7,6,6,5,4,4,3,3,3,4,4,5,6
243,19,17,14,14,13,12,12,12,15,19,19,18,17,16,16,14,14,13,13,12,12,11,10,18,16,16,13,12,12,11,10,16,15,15,14,13,12,12,11,10,15,14,14,13,13,12,12,11,10,10,15,13,13,12,12,11,10,8,9,16,13,12,12,10,10,9,9,8,8,9,16,13,12,12,9,9,8,8,7,8,8,9,9,10,15,12,12,9,9,8,8,7,7,7,8,8,9,9,15,14,13,9,9,8,8,7,7,6,7,7,8,14,14,13,10,10,9,9,8,7,7,6,6,6,7,8,9,9,14,13,9,9,8,8,7,6,5,6,6,7,8,9,13,13,8,8,7,6,5,8,12,8,7,7,6,5,4,5,6,8,7,7,5,4,4,4,5,5,7,7,11,9,7,7,6,6,4,4,3,3,3,4,4,6,7,10,9,6,6,5,4,3,2,3,3,4,4,9,4,3,2,2,3,3,4,5,5,4,4,3,3,2,1,3,4,4,5,6,4,4,3,3,2,2,1,1,1,2,2,3,3,4,4,9,6,5,4,3,2,2,1,1,0,1,2,2,3,3,4,9,8,6,6,5,4,3,2,2,1,1,1,2,3,3,4,4,10,7,7,6,6,5,4,2,2,1,2,2,3,3,4,4,5,9,8,7,7,6,6,5,4,4,2,3,3,4,4,5
244,19,18,15,14,13,13,12,11,14,20,19,18,18,17,16,15,14,14,13,13,12,12,11,19,17,16,13,13,12,12,11,16,16,15,15,14,13,12,12,11,15,15,14,14,13,13,12,12,11,9,15,14,13,13,12,12,11,9,9,17,13,13,12,11,10,10,9,8,8,8,16,13,13,12,10,9,9,8,8,7,8,8,9,9,15,13,12,10,9,9,8,8,7,7,7,8,8,9,15,15,13,10,9,9,8,8,7,7,6,7,7,15,14,13,11,10,10,9,8,8,7,7,6,6,6,8,8,9,14,14,10,9,9,8,8,7,6,5,5,6,8,8,14,13,9,8,8,7,5,8,13,8,8,7,7,6,5,4,5,7,8,7,6,5,3,4,4,5,6,7,12,10,8,7,7,6,5,4,4,3,3,3,4,6,6,10,10,7,6,6,4,4,3,2,3,3,4,10,4,4,3,2,2,3,4,4,6,5,4,4,3,3,2,2,3,4,4,6,5,4,4,3,3,2,2,1,1,1,2,2,3,3,4,9,6,6,5,4,3,2,2,1,1,0,1,2,2,3,3,9,9,7,6,6,4,3,3,2,2,1,1,2,2,3,3,4,10,8,7,7,6,6,4,3,2,2,1,2,2,3,3,4,4,9,9,8,7,7,6,6,5,4,2,2,3,3,4,4
245,20,19,16,15,14,14,13,12,13,21,20,19,19,18,18,16,15,15,14,14,13,13,12,20,18,18,14,14,13,13,12,18,17,16,16,15,14,13,13,12,16,16,15,15,14,14,13,13,12,9,16,15,14,14,13,13,12,10,9,18,14,14,13,12,12,11,10,9,9,8,18,14,14,13,11,10,10,9,9,8,8,7,8,8,16,14,13,11,10,10,9,9,8,8,7,7,7,8,16,16,14,11,10,10,9,9,8,8,7,7,6,16,15,14,12,12,11,10,9,9,8,8,7,7,6,7,7,8,15,15,11,10,10,9,9,8,7,6,6,5,7,7,15,14,10,9,9,8,5,7,14,9,9,8,8,7,6,4,4,6,9,8,7,6,4,4,3,4,5,5,13,11,9,8,8,7,6,6,5,4,4,3,3,4,5,12,11,8,7,7,6,5,4,3,3,2,3,11,6,5,4,3,2,2,3,3,7,6,6,5,4,4,3,1,2,3,3,7,6,6,5,4,4,3,3,2,2,1,1,1,2,2,3,10,7,7,6,5,4,3,3,2,2,1,0,1,1,2,2,10,10,8,7,7,6,4,4,3,3,2,2,1,1,2,2,3,12,9,8,8,7,7,6,4,3,3,2,2,1,2,2,3,3,10,10,9,8,8,7,7,6,6,3,2,2,2,3,3
246,21,19,16,16,15,14,14,13,13,21,21,20,19,19,18,16,16,15,15,14,14,13,13,20,19,18,15,14,14,13,13,18,18,17,16,15,14,14,13,13,17,16,16,15,15,14,14,13,13,10,17,15,15,14,14,13,13,10,9,19,15,14,14,13,12,12,11,10,9,9,18,15,14,14,12,11,10,10,9,9,8,8,7,8,17,14,14,12,11,10,10,9,9,8,8,7,7,7,17,16,15,12,11,10,10,9,9,8,8,7,7,16,16,15,13,12,12,11,10,9,9,8,8,7,7,6,7,7,16,15,12,11,10,10,9,8,7,7,6,5,6,7,15,15,10,10,9,8,5,6,14,10,9,9,8,7,7,5,4,6,9,9,7,7,5,4,4,3,4,5,13,12,9,9,8,8,7,6,6,5,4,4,3,4,4,12,12,8,8,7,6,5,4,4,3,3,2,12,6,6,4,4,3,2,2,3,7,7,6,6,5,4,3,2,2,2,3,8,7,6,5,5,4,4,3,3,2,2,1,1,1,2,2,11,8,7,7,6,4,4,3,3,2,2,1,0,1,1,2,11,10,8,8,7,6,5,4,4,3,3,2,1,1,1,2,2,12,9,9,8,8,7,6,4,4,3,3,2,2,1,2,2,3,11,10,9,9,8,8,7,7,6,3,3,2,2,2,3
247,21,20,17,16,15,15,14,13,12,22,21,20,20,19,19,17,16,16,15,15,14,14,13,21,19,19,15,15,14,14,13,19,18,18,17,16,15,14,14,13,18,17,16,16,15,15,14,14,13,10,18,16,15,15,14,14,13,11,10,19,15,15,14,13,13,12,12,10,10,9,19,15,15,14,12,12,11,10,10,9,9,8,8,7,18,15,14,12,12,11,10,10,9,9,8,8,7,7,18,17,15,12,12,11,10,10,9,9,8,8,7,17,16,15,13,13,12,12,10,10,9,9,8,8,7,6,6,7,16,16,12,12,11,10,10,9,8,7,7,6,6,6,16,15,11,10,10,9,6,5,15,10,10,9,9,8,7,6,4,5,10,9,8,7,5,5,4,4,4,4,14,12,10,9,9,8,7,7,6,6,5,4,4,3,4,13,12,9,8,8,7,6,5,4,4,3,3,12,7,6,5,4,3,3,2,2,8,7,7,6,6,5,4,2,1,2,2,8,7,7,6,6,5,4,4,3,3,2,2,1,1,1,2,12,8,8,7,6,5,4,4,3,3,2,1,1,0,1,1,12,11,9,8,8,7,6,5,4,4,3,3,2,1,1,1,2,13,10,9,9,8,8,7,5,4,4,3,3,2,2,1,2,2,12,11,10,9,9,8,8,7,7,4,3,3,2,2,2
248,22,20,18,17,16,15,15,14,12,23,22,21,20,20,19,18,17,16,16,15,15,14,14,21,20,19,16,15,15,14,14,19,19,18,18,16,15,15,14,14,18,18,17,16,16,15,15,14,14,11,18,16,16,15,15,14,14,12,10,20,16,15,15,14,13,13,12,11,10,10,19,16,15,15,13,12,12,11,10,10,9,9,8,8,18,15,15,13,12,12,11,10,10,9,9,8,8,7,18,18,16,13,12,12,11,10,10,9,9,8,8,18,17,16,14,13,13,12,11,10,10,9,9,8,8,6,6,6,17,16,13,12,12,11,10,9,8,8,7,7,5,5,16,16,12,11,10,9,7,5,15,11,10,10,9,8,8,6,5,4,10,10,8,8,6,6,5,4,3,4,14,13,10,10,9,9,8,7,7,6,6,5,4,3,3,13,13,9,9,8,7,7,6,5,4,4,3,13,7,7,6,5,4,3,2,2,8,8,7,7,6,6,4,3,2,1,2,9,8,7,7,6,6,5,4,4,3,3,2,2,1,1,1,12,9,8,8,7,6,5,4,4,3,3,2,1,1,0,1,12,12,9,9,8,7,6,6,5,4,4,3,2,2,1,1,1,13,10,10,9,9,8,7,6,5,4,4,3,3,2,2,1,2,12,12,10,10,9,9,8,8,7,4,4,3,3,2,2
249,23,21,18,18,16,16,15,14,11,23,23,21,21,20,20,18,18,17,16,16,15,15,14,22,20,20,16,16,15,15,14,20,19,19,18,17,16,15,15,14,19,18,18,17,16,16,15,15,14,12,19,17,16,16,15,15,14,12,11,20,16,16,15,14,14,13,13,12,11,10,20,16,16,15,13,13,12,12,11,10,10,9,9,8,19,16,15,13,13,12,12,11,10,10,9,9,8,8,19,18,16,13,13,12,12,11,10,10,9,9,8,18,18,16,14,14,13,13,12,11,10,10,9,9,8,7,6,6,18,17,13,13,12,12,11,10,9,8,8,7,5,5,17,16,12,12,11,10,7,4,16,12,11,10,10,9,8,7,6,4,11,10,9,8,7,6,5,5,4,3,15,13,11,10,10,9,8,8,7,7,6,6,5,3,3,14,13,10,9,9,8,7,6,5,5,4,4,13,8,7,6,6,4,4,3,2,9,8,8,7,7,6,5,3,2,2,1,9,8,8,7,7,6,5,5,4,4,3,3,2,2,1,1,13,9,9,8,7,6,6,5,4,4,3,2,2,1,1,0,13,12,10,9,9,8,7,6,6,5,4,4,3,2,2,1,1,14,11,10,10,9,9,8,6,6,5,4,4,3,3,2,2,1,13,12,11,10,10,9,9,8,8,5,4,4,3,3,2
250,12,14,16,17,18,19,19,20,24,12,11,12,13,13,14,15,16,17,17,18,18,19,19,10,12,13,16,16,17,18,18,12,12,13,13,14,15,16,16,17,12,12,13,13,14,14,15,15,16,19,10,12,13,13,14,14,15,17,18,9,12,12,13,14,14,15,15,16,17,18,8,10,11,12,14,14,15,15,16,16,17,18,18,19,7,10,10,13,13,14,14,15,15,16,16,17,18,18,7,7,8,12,12,13,13,14,14,15,15,16,16,7,6,7,9,10,10,11,12,13,13,14,14,15,15,17,18,18,6,6,9,10,10,11,12,13,14,14,15,15,17,18,5,5,9,10,10,12,14,17,4,9,9,10,10,12,12,14,15,16,8,9,10,11,13,13,14,14,15,16,3,5,7,8,8,9,10,10,11,12,12,13,13,15,15,3,4,7,8,8,9,10,11,12,12,13,13,3,8,9,10,10,12,12,13,14,6,7,7,8,8,9,10,12,13,13,14,4,6,6,7,7,8,8,9,9,10,10,11,12,12,13,13,1,3,4,4,6,7,7,8,8,9,9,10,11,12,12,13,0,1,3,3,4,5,6,7,7,8,8,9,10,10,11,12,12,1,3,3,4,4,5,6,8,8,9,9,10,10,11,12,12,13,2,3,4,4,5,6,6,7,7,10,10,11,12,12,13
251,12,13,16,16,18,18,19,20,23,12,12,12,12,13,13,15,15,16,16,17,18,18,19,11,12,12,15,16,16,17,18,11,12,12,13,14,15,15,16,16,11,12,12,13,13,14,14,15,15,18,10,12,12,13,13,14,14,16,18,9,11,12,12,13,14,14,15,16,16,17,9,10,10,11,13,14,14,15,15,16,16,17,18,18,8,9,10,12,13,13,14,14,15,15,16,16,17,18,8,7,8,11,12,12,13,13,14,14,15,15,16,7,7,7,9,9,10,10,12,12,13,13,14,14,15,16,17,18,7,6,9,9,10,10,11,12,13,14,14,15,16,17,6,5,9,9,10,11,14,16,5,8,9,9,10,11,12,13,14,16,8,8,10,10,12,13,13,14,15,15,4,4,7,7,8,8,9,10,10,11,12,12,13,14,15,3,3,7,7,8,9,9,10,11,12,12,13,2,8,8,9,10,11,12,13,13,6,6,7,7,8,8,9,11,12,13,13,4,5,6,6,7,7,8,8,9,9,10,10,11,12,12,13,2,3,3,4,5,6,7,7,8,8,9,10,10,11,12,12,1,0,2,3,3,4,6,6,7,7,8,8,9,10,10,11,12,2,2,3,3,4,4,6,7,8,8,9,9,10,10,11,12,12,2,2,3,4,4,5,6,6,7,9,10,10,11,12,12
252,14,12,14,14,15,16,16,18,21,14,14,13,12,12,11,13,13,14,14,15,15,16,16,13,12,11,13,14,14,15,15,11,10,10,10,12,13,13,14,14,10,9,10,10,11,12,12,13,13,16,10,9,10,10,11,12,12,14,15,12,9,9,10,11,12,12,13,14,14,15,11,8,8,9,11,12,12,13,13,14,14,15,15,16,10,7,8,10,10,11,12,12,13,13,14,14,15,15,10,9,8,9,9,10,10,11,12,12,13,13,14,9,9,8,7,7,8,8,9,10,10,11,12,12,13,14,15,15,9,8,7,7,8,8,9,10,11,12,12,13,14,15,8,8,7,7,8,9,12,14,7,6,7,7,8,9,9,11,12,14,6,6,8,8,10,10,11,12,13,13,6,4,4,5,6,6,7,8,8,9,9,10,10,12,13,5,4,4,5,6,7,7,8,9,9,10,10,4,6,6,7,8,9,9,10,11,3,4,4,5,6,6,7,9,10,10,11,2,3,3,4,4,5,6,6,7,7,8,8,9,9,10,10,4,1,1,2,3,4,4,5,6,6,7,8,8,9,9,10,3,2,0,1,1,2,3,4,4,5,6,6,7,8,8,9,9,4,1,1,1,2,2,3,5,5,6,7,7,8,8,9,9,10,3,2,1,2,2,3,3,4,4,7,8,8,9,9,10
253,14,13,13,14,15,15,16,17,20,15,14,13,13,12,12,12,13,13,14,14,15,15,16,14,12,12,13,13,14,14,15,12,11,10,10,11,12,13,13,14,10,10,9,10,10,11,12,12,13,15,10,9,9,10,10,11,12,14,15,12,8,9,9,10,11,12,12,13,14,14,12,8,8,8,10,11,12,12,13,13,14,14,15,15,10,8,7,9,10,10,11,12,12,13,13,14,14,15,10,10,8,8,9,9,10,10,11,12,12,13,13,10,9,8,6,7,7,8,9,9,10,10,11,12,12,14,14,15,9,9,6,7,7,8,8,9,10,11,12,12,14,14,9,8,6,7,7,8,11,14,8,6,6,7,7,8,9,10,12,13,5,6,7,8,9,10,10,11,12,13,7,5,4,4,5,6,7,7,8,8,9,9,10,12,12,6,5,4,4,5,6,7,8,8,9,9,10,5,5,6,7,7,8,9,10,10,3,3,4,4,5,6,7,8,9,10,10,1,2,3,3,4,4,5,6,6,7,7,8,8,9,9,10,4,1,1,1,2,3,4,4,5,6,6,7,8,8,9,9,3,3,1,0,1,2,3,3,4,4,5,6,7,7,8,8,9,4,2,1,1,1,2,3,4,5,6,6,7,7,8,8,9,9,3,3,2,1,2,2,3,3,4,7,7,8,8,9,9
254,15,13,13,13,14,15,15,16,20,15,15,14,13,13,12,12,12,13,13,14,14,15,15,14,13,12,12,13,13,14,14,12,12,11,10,10,12,12,13,13,11,10,10,9,10,10,11,12,12,15,11,9,9,9,10,10,11,13,14,13,9,8,9,10,10,11,12,13,13,14,12,9,8,8,10,10,11,12,12,13,13,14,14,15,11,8,8,9,9,10,10,11,12,12,13,13,14,14,11,10,9,8,8,9,9,10,10,11,12,12,13,10,10,9,7,6,7,7,8,9,9,10,10,11,12,13,14,14,10,9,6,6,7,7,8,9,10,10,11,12,13,14,9,9,5,6,7,8,10,13,8,5,6,6,7,8,8,10,11,13,4,5,7,7,9,9,10,10,12,12,7,6,3,4,4,5,6,7,7,8,8,9,9,11,12,6,6,3,4,4,6,6,7,8,8,9,9,6,4,5,6,7,8,8,9,10,2,3,3,4,4,5,6,8,9,9,10,2,2,2,3,3,4,4,5,6,6,7,7,8,8,9,9,5,2,1,1,2,3,3,4,4,5,6,7,7,8,8,9,4,3,1,1,0,1,2,3,3,4,4,5,6,7,7,8,8,5,2,2,1,1,1,2,4,4,5,6,6,7,7,8,8,9,4,3,2,2,1,2,2,3,3,6,7,7,8,8,9
255,16,14,12,12,13,14,14,15,19,16,16,15,14,14,13,12,11,12,12,13,13,14,14,15,14,13,11,12,12,13,13,13,13,12,12,10,10,11,12,12,12,12,11,10,10,9,10,10,11,14,12,10,10,9,9,9,10,12,13,14,10,9,9,9,9,10,10,12,12,13,13,10,9,9,9,9,10,10,11,12,12,13,13,14,12,9,9,8,8,9,9,10,10,11,12,12,13,13,12,12,10,7,7,8,8,9,9,10,10,11,12,12,11,10,8,7,7,6,7,8,8,9,9,10,10,12,13,13,11,10,7,6,6,6,7,8,9,9,10,10,12,13,10,10,5,5,6,7,9,12,9,5,4,5,6,7,7,9,10,12,4,4,6,6,8,8,9,9,10,11,8,7,4,4,3,4,5,6,6,7,7,8,8,10,10,7,7,3,3,3,4,5,6,7,7,8,8,7,3,4,5,6,7,7,8,9,2,2,2,3,3,4,5,7,8,8,9,3,2,1,2,2,3,3,4,4,5,6,6,7,7,8,8,6,3,2,2,1,2,2,3,3,4,4,6,6,7,7,8,5,4,2,2,1,0,1,2,2,3,3,4,5,6,6,7,7,6,3,3,2,2,1,1,3,3,4,4,5,6,6,7,7,8,5,4,3,3,2,2,1,2,2,5,6,6,7,7,8
256,17,15,13,12,12,13,13,14,18,18,17,16,15,15,14,13,12,12,11,12,12,13,13,16,15,14,11,10,11,12,12,14,14,13,13,12,10,10,10,11,13,13,12,12,11,10,10,9,10,13,13,12,11,10,10,9,9,11,12,15,11,10,10,9,8,9,9,10,11,12,14,11,10,10,8,8,9,9,10,10,11,12,12,13,13,10,10,8,7,8,8,9,9,10,10,11,12,12,13,13,11,8,7,7,7,8,8,9,9,10,10,13,12,11,9,8,8,7,6,7,7,8,8,9,9,11,12,12,12,12,8,7,7,6,6,7,8,8,9,9,11,12,12,11,7,6,5,5,8,11,10,6,6,5,4,6,6,8,9,10,6,5,4,5,7,7,8,8,9,10,9,8,6,5,4,4,4,4,5,6,6,7,7,9,9,8,8,4,4,3,3,4,5,6,6,7,7,8,2,3,4,4,6,6,7,8,3,3,2,2,2,3,4,6,7,7,8,4,3,2,2,1,2,2,3,3,4,4,5,6,6,7,7,7,4,3,3,2,1,1,2,2,3,3,4,5,6,6,7,6,6,3,3,2,1,0,1,1,2,2,3,4,4,5,6,6,7,4,4,3,3,2,1,2,2,3,3,4,4,5,6,6,7,6,6,4,4,3,3,2,2,1,4,4,5,6,6,7
257,18,16,13,13,12,12,13,14,17,18,18,16,16,15,15,13,13,12,12,11,12,12,13,17,15,15,12,11,10,11,12,15,14,14,13,12,11,10,10,10,14,13,13,12,12,11,10,10,9,12,14,12,12,11,10,10,9,10,12,15,12,11,10,9,9,8,9,10,10,11,15,12,11,10,8,8,8,9,9,10,10,11,12,12,14,11,10,8,8,7,8,8,9,9,10,10,11,12,14,13,12,8,8,7,7,7,8,8,9,9,10,13,13,12,9,9,8,8,7,6,7,7,8,8,9,10,11,12,13,12,8,8,7,7,6,6,7,8,8,9,10,11,12,12,7,7,6,5,8,10,11,7,6,6,5,5,6,7,8,10,6,6,4,4,6,7,7,8,9,9,10,8,6,6,5,4,3,4,4,5,6,6,7,8,9,9,8,5,4,4,3,3,4,5,6,6,7,8,3,2,3,4,5,6,7,7,4,3,3,2,2,2,3,5,6,7,7,4,3,3,2,2,1,2,2,3,3,4,4,5,6,6,7,8,4,4,3,2,1,1,1,2,2,3,4,4,5,6,6,7,6,4,3,3,2,1,0,1,1,2,2,3,4,4,5,6,8,5,4,4,3,3,2,1,2,2,3,3,4,4,5,6,6,7,6,5,4,4,3,3,2,2,3,4,4,5,6,6
258,18,16,14,13,12,12,12,13,16,19,18,17,17,16,15,14,13,13,12,12,11,12,12,18,16,15,12,12,11,10,11,15,15,14,14,13,12,11,10,10,14,14,13,13,12,12,11,10,10,12,14,13,12,12,11,10,10,10,11,16,12,12,11,10,9,9,8,9,10,10,15,12,12,11,9,8,8,8,9,9,10,10,11,12,14,12,11,9,8,8,7,8,8,9,9,10,10,11,14,14,12,9,8,8,7,7,7,8,8,9,9,14,13,12,10,9,9,8,7,7,6,7,7,8,8,10,10,11,13,13,9,8,8,7,7,6,7,7,8,8,10,10,13,12,8,7,7,6,7,10,12,7,7,6,6,4,5,7,8,9,7,6,4,4,6,6,7,7,8,9,10,9,7,6,6,5,4,3,4,4,5,6,6,8,8,9,9,6,5,4,3,3,4,4,5,6,6,9,3,3,3,3,4,5,6,7,4,4,3,3,2,2,3,4,6,6,7,5,4,3,3,2,2,1,2,2,3,3,4,4,5,6,6,8,5,4,4,3,2,1,1,1,2,2,3,4,4,5,6,7,7,4,4,3,2,1,1,0,1,1,2,3,3,4,4,5,8,6,5,4,4,3,2,1,1,2,2,3,3,4,4,5,5,7,7,6,5,4,4,3,3,2,3,3,4,4,5,6
259,19,17,14,14,13,12,12,13,16,19,19,18,17,16,16,14,14,13,13,12,12,11,12,18,16,16,13,12,12,11,10,16,15,15,14,13,12,12,11,10,15,14,14,13,13,12,12,11,10,11,15,13,13,12,12,11,10,9,10,16,13,12,12,10,10,9,9,9,9,10,16,13,12,12,9,9,8,8,8,9,9,10,10,11,15,12,12,9,9,8,8,7,8,8,9,9,10,10,15,14,13,9,9,8,8,7,7,7,8,8,9,14,14,13,10,10,9,9,8,7,7,6,7,7,8,9,10,10,14,13,9,9,8,8,7,6,6,7,7,8,9,10,13,13,8,8,7,6,7,9,12,8,7,7,6,5,4,6,7,9,7,7,5,4,5,6,6,7,8,8,11,9,7,7,6,6,4,4,3,4,4,5,6,7,8,10,9,6,6,5,4,3,3,4,4,5,6,9,4,3,2,3,4,4,6,6,5,4,4,3,3,2,2,4,5,6,6,6,4,4,3,3,2,2,1,2,2,3,3,4,4,5,6,9,6,5,4,3,2,2,1,1,1,2,3,3,4,4,5,8,7,5,4,4,3,2,1,1,0,1,1,2,3,3,4,4,9,6,5,5,4,4,3,1,1,1,2,2,3,3,4,4,5,8,7,6,6,5,4,4,3,3,2,3,3,4,4,5
260,19,18,15,14,13,13,12,12,15,20,19,18,18,17,16,15,14,14,13,13,12,12,11,19,17,16,13,13,12,12,11,16,16,15,15,14,13,12,12,11,15,15,14,14,13,13,12,12,11,10,15,14,13,13,12,12,11,9,10,17,13,13,12,11,10,10,9,8,9,9,16,13,13,12,10,9,9,8,8,8,9,9,10,10,15,13,12,10,9,9,8,8,7,8,8,9,9,10,15,15,13,10,9,9,8,8,7,7,7,8,8,15,14,13,11,10,10,9,8,8,7,7,6,7,7,9,9,10,14,14,10,9,9,8,8,7,6,6,7,7,9,9,14,13,9,8,8,7,6,9,13,8,8,7,7,6,5,6,7,8,8,7,6,5,4,5,6,6,7,8,12,10,8,7,7,6,5,4,4,3,4,4,5,7,7,10,10,7,6,6,4,4,3,3,4,4,5,10,4,4,3,2,3,4,5,6,6,5,4,4,3,3,2,3,4,5,6,6,5,4,4,3,3,2,2,1,2,2,3,3,4,4,5,9,6,6,5,4,3,2,2,1,1,1,2,3,3,4,4,8,8,6,5,4,3,2,2,1,1,0,1,2,2,3,3,4,9,7,6,6,5,4,3,2,1,1,1,2,2,3,3,4,4,8,8,7,6,6,5,4,4,3,2,2,3,3,4,4
261,20,18,15,15,14,13,13,12,15,20,20,19,18,18,17,15,15,14,14,13,13,12,12,19,18,17,14,13,13,12,12,17,16,16,15,14,13,13,12,12,16,15,15,14,14,13,13,12,12,10,16,14,14,13,13,12,12,9,9,18,14,13,13,12,11,10,10,9,8,9,17,14,13,13,10,10,9,9,8,8,8,9,9,10,16,13,13,10,10,9,9,8,8,7,8,8,9,9,16,15,14,10,10,9,9,8,8,7,7,7,8,15,15,14,12,11,10,10,9,8,8,7,7,6,7,8,9,9,15,14,10,10,9,9,8,7,6,6,6,7,8,9,14,14,9,9,8,7,5,8,13,9,8,8,7,6,6,5,6,8,8,8,6,6,4,4,5,5,7,7,12,10,8,8,7,7,6,5,4,4,3,4,4,6,7,11,10,7,7,6,5,4,3,3,3,4,4,10,5,4,3,3,3,3,4,5,6,6,5,4,4,3,2,3,4,4,5,7,6,5,4,4,3,3,2,2,1,2,2,3,3,4,4,10,7,6,6,4,3,3,2,2,1,1,2,2,3,3,4,9,8,6,6,5,4,3,2,2,1,1,0,1,2,2,3,3,10,7,7,6,6,5,4,2,2,1,1,1,2,2,3,3,4,9,8,7,7,6,6,5,4,4,1,2,2,3,3,4
262,21,19,16,16,15,14,14,13,14,21,21,20,19,19,18,17,16,15,15,14,14,13,13,20,19,18,15,14,14,13,13,18,18,17,16,15,14,14,13,13,17,16,16,15,15,14,14,13,13,10,17,15,15,14,14,13,13,10,9,19,15,14,14,13,12,12,11,10,9,9,18,15,14,14,12,11,10,10,9,9,8,8,8,9,17,14,14,12,11,10,10,9,9,8,8,7,8,8,17,16,15,12,11,10,10,9,9,8,8,7,7,16,16,15,13,12,12,11,10,9,9,8,8,7,7,7,8,8,16,15,12,11,10,10,9,8,7,7,6,6,7,8,15,15,10,10,9,8,6,7,14,10,9,9,8,7,7,5,5,7,9,9,7,7,5,4,4,4,6,6,13,12,9,9,8,8,7,6,6,5,4,4,3,5,6,12,12,8,8,7,6,6,4,4,3,3,3,12,6,6,4,4,3,2,3,4,7,7,6,6,5,4,3,2,3,3,4,8,7,6,6,5,4,4,3,3,2,2,1,2,2,3,3,11,8,7,7,6,4,4,3,3,2,2,1,1,2,2,3,10,9,7,7,6,5,4,3,3,2,2,1,0,1,1,2,2,11,8,8,7,7,6,5,3,3,2,2,1,1,1,2,2,3,10,9,8,8,7,7,6,6,5,2,2,1,2,2,3
263,21,20,17,16,15,15,14,13,13,22,21,20,20,19,19,17,16,16,15,15,14,14,13,21,19,19,15,15,14,14,13,19,18,18,17,16,15,14,14,13,18,17,16,16,15,15,14,14,13,10,18,16,15,15,14,14,13,11,10,19,15,15,14,13,13,12,12,10,10,9,19,15,15,14,12,12,11,10,10,9,9,8,8,8,18,15,14,12,12,11,10,10,9,9,8,8,7,8,18,17,15,12,12,11,10,10,9,9,8,8,7,17,16,15,13,13,12,12,10,10,9,9,8,8,7,7,7,8,16,16,12,12,11,10,10,9,8,7,7,6,7,7,16,15,11,10,10,9,6,7,15,10,10,9,9,8,7,6,4,6,10,9,8,7,5,5,4,4,5,6,14,12,10,9,9,8,7,7,6,6,5,4,4,4,5,13,12,9,8,8,7,6,5,4,4,3,3,12,7,6,5,4,3,3,3,3,8,7,7,6,6,5,4,2,2,3,3,8,7,7,6,6,5,4,4,3,3,2,2,1,2,2,3,12,8,8,7,6,5,4,4,3,3,2,1,1,1,2,2,10,10,8,7,7,6,4,4,3,3,2,2,1,0,1,1,2,12,9,8,8,7,7,5,4,3,3,2,2,1,1,1,2,2,10,10,9,8,8,7,7,6,6,3,2,2,1,2,2
264,22,20,18,17,16,15,15,14,13,23,22,21,20,20,19,18,17,16,16,15,15,14,14,21,20,19,16,15,15,14,14,19,19,18,18,16,15,15,14,14,18,18,17,16,16,15,15,14,14,11,18,16,16,15,15,14,14,12,10,20,16,15,15,14,13,13,12,11,10,10,19,16,15,15,13,12,12,11,10,10,9,9,8,8,18,15,15,13,12,12,11,10,10,9,9,8,8,7,18,18,16,13,12,12,11,10,10,9,9,8,8,18,17,16,14,13,13,12,11,10,10,9,9,8,8,6,7,7,17,16,13,12,12,11,10,9,8,8,7,7,6,7,16,16,12,11,10,9,7,6,15,11,10,10,9,8,8,6,5,6,10,10,8,8,6,6,5,4,4,5,14,13,10,10,9,9,8,7,7,6,6,5,4,4,4,13,13,9,9,8,7,7,6,5,4,4,3,13,7,7,6,5,4,3,2,3,8,8,7,7,6,6,4,3,2,2,3,9,8,7,7,6,6,5,4,4,3,3,2,2,1,2,2,12,9,8,8,7,6,5,4,4,3,3,2,1,1,1,2,11,10,8,8,7,6,5,4,4,3,3,2,1,1,0,1,1,12,9,9,8,8,7,6,4,4,3,3,2,2,1,1,1,2,11,10,9,9,8,8,7,7,6,3,3,2,2,1,2
265,23,21,18,18,16,16,15,14,12,23,23,21,21,20,20,18,18,17,17,16,15,15,14,22,20,20,16,16,15,15,14,20,19,19,18,17,16,15,15,14,19,18,18,17,17,16,15,15,14,12,19,17,16,16,15,15,14,12,11,20,16,16,15,14,14,13,13,12,11,10,20,16,16,15,13,13,12,12,11,10,10,9,9,8,19,16,15,13,13,12,12,11,10,10,9,9,8,8,19,18,16,13,13,12,12,11,10,10,9,9,8,18,18,16,14,14,13,13,12,11,10,10,9,9,8,7,6,7,18,17,13,13,12,12,11,10,9,8,8,7,6,6,17,16,12,12,11,10,7,5,16,12,11,10,10,9,8,7,6,5,11,10,9,8,7,6,6,5,4,4,15,13,11,10,10,9,8,8,7,7,6,6,5,3,4,14,13,10,9,9,8,7,6,6,5,4,4,13,8,7,6,6,4,4,3,2,9,8,8,7,7,6,5,3,2,2,2,9,8,8,7,7,6,6,5,4,4,3,3,2,2,1,2,13,9,9,8,7,6,6,5,4,4,3,2,2,1,1,1,12,11,9,8,8,7,6,5,4,4,3,3,2,1,1,0,1,13,10,9,9,8,8,7,5,4,4,3,3,2,2,1,1,1,12,11,10,9,9,8,8,7,7,4,3,3,2,2,1
266,23,21,19,18,17,16,16,15,12,24,23,22,21,21,20,19,18,18,17,16,16,15,15,23,21,20,17,16,16,15,15,20,20,19,19,18,16,16,15,15,19,19,18,18,17,16,16,15,15,12,19,18,17,16,16,15,15,13,12,21,17,16,16,15,14,14,13,12,12,11,20,17,16,16,14,13,13,12,12,11,10,10,9,9,19,16,16,14,13,13,12,12,11,10,10,9,9,8,19,19,17,14,13,13,12,12,11,10,10,9,9,19,18,17,15,14,14,13,12,12,11,10,10,9,9,7,7,6,18,18,14,13,13,12,12,10,9,9,8,8,6,6,18,17,13,12,12,10,8,5,16,12,12,11,10,9,9,7,6,4,12,11,9,9,7,7,6,6,4,4,15,14,12,11,10,10,9,8,8,7,7,6,6,4,3,14,14,10,10,9,8,8,7,6,6,5,4,14,8,8,7,6,5,4,3,3,9,9,8,8,7,7,6,4,3,2,2,10,9,8,8,7,7,6,6,5,4,4,3,3,2,2,1,13,10,9,9,8,7,6,6,5,4,4,3,2,2,1,1,12,12,9,9,8,7,6,6,5,4,4,3,2,2,1,1,0,13,10,10,9,9,8,7,5,5,4,4,3,3,2,2,1,1,12,12,10,10,9,9,8,8,7,4,4,3,3,2,2
267,13,15,18,18,19,20,20,21,25,12,12,13,14,14,15,16,17,18,18,19,19,20,20,12,13,14,17,18,18,19,19,13,13,14,14,15,16,17,18,18,13,13,14,14,15,15,16,16,17,20,12,13,14,14,15,15,16,18,19,9,13,13,14,15,15,16,16,18,18,19,8,12,12,13,15,15,16,16,17,18,18,19,19,20,8,11,12,14,14,15,15,16,16,17,18,18,19,19,7,8,9,13,13,14,14,15,15,16,16,17,18,7,7,8,10,11,12,12,13,14,14,15,15,16,16,18,19,19,6,7,10,11,12,12,13,14,15,15,16,16,18,19,6,6,10,11,12,13,15,18,6,10,10,11,12,13,13,15,16,18,9,10,12,12,14,14,15,15,16,17,4,6,8,9,9,10,11,12,12,13,13,14,14,16,16,4,5,8,9,9,10,11,12,13,13,14,14,4,9,10,11,12,13,13,14,15,7,8,8,9,9,10,11,13,14,14,15,6,7,7,8,8,9,9,10,10,11,12,12,13,13,14,14,1,4,5,6,7,8,8,9,9,10,10,12,12,13,13,14,1,2,4,4,5,6,7,8,8,9,9,10,11,12,12,13,13,0,3,3,4,4,5,6,8,8,9,9,10,10,11,12,12,13,2,3,4,4,5,6,6,7,7,10,10,11,12,12,13
268,14,12,15,15,16,17,18,19,22,14,14,13,12,12,12,14,14,15,15,16,16,17,18,13,12,11,14,15,15,16,16,11,10,11,12,13,14,14,15,15,10,10,11,12,12,13,13,14,14,17,10,10,11,12,12,13,13,15,16,12,10,10,11,12,13,13,14,15,15,16,11,9,9,10,12,13,13,14,14,15,15,16,16,17,10,8,9,11,12,12,13,13,14,14,15,15,16,16,10,9,8,10,10,11,12,12,13,13,14,14,15,9,9,8,8,8,9,9,10,11,12,12,13,13,14,15,16,16,9,8,8,8,9,9,10,11,12,13,13,14,15,16,8,8,8,8,9,10,13,15,7,7,8,8,9,10,10,12,13,15,7,7,9,9,11,12,12,13,14,14,6,4,6,6,7,7,8,9,9,10,10,11,12,13,14,5,4,6,6,7,8,8,9,10,10,11,12,4,7,7,8,9,10,10,12,12,4,5,6,6,7,7,8,10,11,12,12,3,4,4,5,6,6,7,7,8,8,9,9,10,10,11,12,4,2,2,3,4,5,6,6,7,7,8,9,9,10,10,11,3,2,1,2,2,3,4,5,6,6,7,7,8,9,9,10,10,3,0,1,1,2,2,3,5,6,6,7,7,8,8,9,9,10,2,1,1,2,2,3,3,4,4,7,8,8,9,9,10
269,14,13,14,15,16,16,17,18,21,15,14,13,13,12,12,13,14,14,15,15,16,16,17,14,12,12,14,14,15,15,16,12,11,10,11,12,13,14,14,15,10,10,10,11,12,12,13,13,14,16,10,10,10,11,12,12,13,15,16,12,9,10,10,12,12,13,13,14,15,15,12,8,9,9,12,12,13,13,14,14,15,15,16,16,10,8,8,10,11,12,12,13,13,14,14,15,15,16,10,10,8,9,10,10,11,12,12,13,13,14,14,10,9,8,7,8,8,9,10,10,11,12,12,13,13,15,15,16,9,9,7,8,8,9,9,10,12,12,13,13,15,15,9,8,7,8,8,9,12,15,8,7,7,8,8,9,10,12,13,14,6,7,8,9,10,11,12,12,13,14,7,5,5,6,6,7,8,8,9,9,10,10,11,13,13,6,5,5,6,6,7,8,9,9,10,10,11,5,6,7,8,8,9,10,11,12,4,4,5,6,6,7,8,9,10,11,12,2,3,4,4,5,6,6,7,7,8,8,9,9,10,10,11,4,1,2,2,3,4,5,6,6,7,7,8,9,9,10,10,3,3,1,1,2,3,4,4,5,5,6,7,8,8,9,9,10,3,1,0,1,1,2,3,4,5,6,6,7,7,8,8,9,9,2,2,1,1,2,2,3,3,4,7,7,8,8,9,9
270,15,13,14,14,15,16,16,18,21,15,15,14,13,13,12,13,13,14,14,15,15,16,16,14,13,12,13,14,14,15,15,12,12,11,10,12,13,13,14,14,11,10,10,10,11,12,12,13,13,16,11,9,10,10,11,12,12,14,15,13,9,9,10,11,12,12,13,14,14,15,12,9,8,9,11,12,12,13,13,14,14,15,15,16,11,8,8,10,10,11,12,12,13,13,14,14,15,15,11,10,9,9,9,10,10,11,12,12,13,13,14,10,10,9,7,7,8,8,9,10,10,11,12,12,13,14,15,15,10,9,7,7,8,8,9,10,11,12,12,13,14,15,9,9,7,7,8,9,12,14,8,6,7,7,8,9,9,11,12,14,6,6,8,8,10,10,11,12,13,13,7,6,4,5,6,6,7,8,8,9,9,10,10,12,13,6,6,4,5,6,7,7,8,9,9,10,10,6,6,6,7,8,9,9,10,11,3,4,4,5,6,6,7,9,10,10,11,2,3,3,4,4,5,6,6,7,7,8,8,9,9,10,10,5,2,1,2,3,4,4,5,6,6,7,8,8,9,9,10,4,3,1,1,1,2,3,4,4,5,6,6,7,8,8,9,9,4,1,1,0,1,1,2,4,4,5,6,6,7,7,8,8,9,3,2,1,1,1,2,2,3,3,6,7,7,8,8,9
271,15,14,13,14,15,15,16,17,20,16,15,14,14,13,13,12,13,13,14,14,15,15,16,15,13,13,13,13,14,14,15,13,12,12,11,11,12,13,13,14,12,11,10,10,10,11,12,12,13,15,12,10,9,10,10,11,12,14,15,13,9,9,9,10,11,12,12,13,14,14,13,9,9,8,10,11,12,12,13,13,14,14,15,15,12,9,8,9,10,10,11,12,12,13,13,14,14,15,12,11,9,8,9,9,10,10,11,12,12,13,13,11,10,9,7,7,7,8,9,9,10,10,11,12,12,14,14,15,10,10,6,7,7,8,8,9,10,11,12,12,14,14,10,9,6,7,7,8,11,14,9,6,6,7,7,8,9,10,12,13,5,6,7,8,9,10,10,11,12,13,8,6,4,4,5,6,7,7,8,8,9,9,10,12,12,7,6,4,4,5,6,7,8,8,9,9,10,6,5,6,7,7,8,9,10,10,3,3,4,4,5,6,7,8,9,10,10,2,2,3,3,4,4,5,6,6,7,7,8,8,9,9,10,6,2,2,1,2,3,4,4,5,6,6,7,8,8,9,9,4,4,2,1,1,2,3,3,4,4,5,6,7,7,8,8,9,4,2,1,1,0,1,2,3,4,4,5,6,6,7,7,8,8,3,3,2,1,1,1,2,2,3,6,6,7,7,8,8
272,16,14,13,13,14,15,15,16,20,16,16,15,14,14,13,12,12,13,13,14,14,15,15,15,14,13,12,13,13,14,14,13,13,12,12,10,12,12,13,13,12,12,11,10,10,10,11,12,12,15,12,10,10,9,10,10,11,13,14,14,10,9,9,10,10,11,12,13,13,14,13,10,9,9,10,10,11,12,12,13,13,14,14,15,12,9,9,9,9,10,10,11,12,12,13,13,14,14,12,12,10,8,8,9,9,10,10,11,12,12,13,12,11,10,8,7,7,7,8,9,9,10,10,11,12,13,14,14,11,10,7,6,7,7,8,9,10,10,11,12,13,14,10,10,6,6,7,8,10,13,9,5,6,6,7,8,8,10,11,13,4,5,7,7,9,9,10,10,12,12,8,7,4,4,4,5,6,7,7,8,8,9,9,11,12,7,7,3,4,4,6,6,7,8,8,9,9,7,4,5,6,7,8,8,9,10,2,3,3,4,4,5,6,8,9,9,10,3,2,2,3,3,4,4,5,6,6,7,7,8,8,9,9,6,3,2,2,2,3,3,4,4,5,6,7,7,8,8,9,5,4,2,2,1,1,2,3,3,4,4,5,6,7,7,8,8,5,2,2,1,1,0,1,3,3,4,4,5,6,6,7,7,8,4,3,2,2,1,1,1,2,2,5,6,6,7,7,8
273,17,15,13,12,13,14,14,15,19,18,17,16,15,15,14,13,12,12,12,13,13,14,14,16,15,14,11,12,12,13,13,14,14,13,13,12,10,11,12,12,13,13,12,12,11,10,10,10,11,14,13,12,11,10,10,9,10,12,13,15,11,10,10,9,9,10,10,12,12,13,14,11,10,10,9,9,10,10,11,12,12,13,13,14,13,10,10,8,8,9,9,10,10,11,12,12,13,13,13,13,11,8,7,8,8,9,9,10,10,11,12,13,12,11,9,8,8,7,7,8,8,9,9,10,10,12,13,13,12,12,8,7,7,6,7,8,9,9,10,10,12,13,12,11,7,6,6,7,9,12,10,6,6,5,6,7,7,9,10,12,6,5,6,6,8,8,9,9,10,11,9,8,6,5,4,4,5,6,6,7,7,8,8,10,10,8,8,4,4,3,4,5,6,7,7,8,8,8,3,4,5,6,7,7,8,9,3,3,2,3,3,4,5,7,8,8,9,4,3,2,2,2,3,3,4,4,5,6,6,7,7,8,8,7,4,3,3,2,2,2,3,3,4,4,6,6,7,7,8,6,6,3,3,2,1,1,2,2,3,3,4,5,5,6,7,7,6,3,3,2,2,1,0,2,2,3,3,4,4,5,6,6,7,5,4,3,3,2,2,1,1,1,4,4,5,5,6,7
274,19,17,14,14,13,12,13,14,17,19,19,18,17,16,16,14,14,13,13,12,12,12,13,18,16,16,13,12,12,11,12,16,15,15,14,13,12,12,11,10,15,14,14,13,13,12,12,11,10,12,15,13,13,12,12,11,10,10,12,16,13,12,12,10,10,9,9,10,10,11,16,13,12,12,9,9,8,9,9,10,10,11,12,12,15,12,12,9,9,8,8,8,9,9,10,10,11,12,15,14,13,9,9,8,8,7,8,8,9,9,10,14,14,13,10,10,9,9,8,7,7,7,8,8,9,10,11,12,14,13,9,9,8,8,7,6,7,8,8,9,10,11,13,13,8,8,7,6,8,10,12,8,7,7,6,5,5,7,8,10,7,7,5,4,6,7,7,8,9,9,11,9,7,7,6,6,4,4,4,5,6,6,7,8,9,10,9,6,6,5,4,3,4,5,6,6,7,9,4,3,3,4,5,6,7,7,5,4,4,3,3,2,3,5,6,7,7,6,4,4,3,3,2,2,2,3,3,4,4,5,6,6,7,9,6,5,4,3,2,2,1,2,2,3,4,4,5,6,6,8,7,5,4,4,3,2,1,1,1,2,2,3,4,4,5,5,8,5,4,4,3,3,2,0,1,1,2,2,3,3,4,4,5,7,6,5,4,4,3,3,2,2,2,3,3,4,4,5
275,19,18,15,14,13,13,12,13,16,20,19,18,18,17,16,15,14,14,13,13,12,12,12,19,17,16,13,13,12,12,11,16,16,15,15,14,13,12,12,11,15,15,14,14,13,13,12,12,11,12,15,14,13,13,12,12,11,10,11,17,13,13,12,11,10,10,9,9,10,10,16,13,13,12,10,9,9,8,9,9,10,10,11,12,15,13,12,10,9,9,8,8,8,9,9,10,10,11,15,15,13,10,9,9,8,8,7,8,8,9,9,15,14,13,11,10,10,9,8,8,7,7,7,8,8,10,10,11,14,14,10,9,9,8,8,7,7,7,8,8,10,10,14,13,9,8,8,7,7,10,13,8,8,7,7,5,5,7,8,9,8,7,6,5,6,6,7,7,8,9,12,10,8,7,7,6,5,4,4,4,5,6,6,8,8,10,10,7,6,6,4,4,4,4,5,6,6,10,4,4,3,3,4,5,6,7,6,5,4,4,3,3,3,4,6,6,7,6,5,4,4,3,3,2,2,2,3,3,4,4,5,6,6,9,6,6,5,4,3,2,2,1,2,2,3,4,4,5,6,8,8,5,5,4,3,2,2,1,1,1,2,3,3,4,4,5,8,6,5,4,4,3,2,1,0,1,1,2,2,3,3,4,4,7,7,5,5,4,4,3,3,2,2,2,3,3,4,4
276,20,18,15,15,14,13,13,13,16,20,20,19,18,18,17,15,15,14,14,13,13,12,12,19,18,17,14,13,13,12,12,17,16,16,15,14,13,13,12,12,16,15,15,14,14,13,13,12,12,11,16,14,14,13,13,12,12,9,10,18,14,13,13,12,11,10,10,9,9,10,17,14,13,13,10,10,9,9,8,9,9,10,10,11,16,13,13,10,10,9,9,8,8,8,9,9,10,10,16,15,14,10,10,9,9,8,8,7,8,8,9,15,15,14,12,11,10,10,9,8,8,7,7,7,8,9,10,10,15,14,10,10,9,9,8,7,6,7,7,8,9,10,14,14,9,9,8,7,7,9,13,9,8,8,7,6,6,6,7,9,8,8,6,6,5,6,6,7,8,8,12,10,8,8,7,7,6,5,4,4,4,5,6,7,8,11,10,7,7,6,5,4,3,4,4,5,6,10,5,4,3,3,4,4,6,6,6,6,5,4,4,3,2,4,5,6,6,7,6,5,4,4,3,3,2,2,2,3,3,4,4,5,6,10,7,6,6,4,3,3,2,2,1,2,3,3,4,4,5,9,8,6,6,5,4,3,2,2,1,1,1,2,3,3,4,4,9,6,6,5,4,4,3,1,1,0,1,1,2,2,3,3,4,8,7,6,6,5,4,4,3,3,1,2,2,3,3,4
277,20,19,16,15,14,14,13,12,15,21,20,19,19,18,18,16,15,15,14,14,13,13,12,20,18,18,14,14,13,13,12,18,17,16,16,15,14,13,13,12,16,16,15,15,14,14,13,13,12,10,16,15,14,14,13,13,12,10,10,18,14,14,13,12,12,11,10,9,9,9,18,14,14,13,11,10,10,9,9,8,9,9,10,10,16,14,13,11,10,10,9,9,8,8,8,9,9,10,16,16,14,11,10,10,9,9,8,8,7,8,8,16,15,14,12,12,11,10,9,9,8,8,7,7,7,9,9,10,15,15,11,10,10,9,9,8,7,6,7,7,9,9,15,14,10,9,9,8,6,9,14,9,9,8,8,7,6,5,7,8,9,8,7,6,4,5,6,6,7,8,13,11,9,8,8,7,6,6,5,4,4,4,5,7,7,12,11,8,7,7,6,5,4,3,4,4,5,11,6,5,4,3,3,4,5,6,7,6,6,5,4,4,3,3,4,5,5,7,6,6,5,4,4,3,3,2,2,2,3,3,4,4,5,10,7,7,6,5,4,3,3,2,2,1,2,3,3,4,4,9,9,7,6,6,4,3,3,2,2,1,1,2,2,3,3,4,9,7,6,6,5,4,3,2,1,1,0,1,1,2,2,3,3,8,8,7,6,6,5,4,4,3,1,1,2,2,3,3
278,21,19,16,16,15,14,14,13,15,21,21,20,19,19,18,16,16,15,15,14,14,13,13,20,19,18,15,14,14,13,13,18,18,17,16,15,14,14,13,13,17,16,16,15,15,14,14,13,13,10,17,15,15,14,14,13,13,10,9,19,15,14,14,13,12,12,11,10,9,9,18,15,14,14,12,11,10,10,9,9,8,9,9,10,17,14,14,12,11,10,10,9,9,8,8,8,9,9,17,16,15,12,11,10,10,9,9,8,8,7,8,16,16,15,13,12,12,11,10,9,9,8,8,7,7,8,9,9,16,15,12,11,10,10,9,8,7,7,6,7,8,9,15,15,10,10,9,8,6,8,14,10,9,9,8,7,7,5,6,8,9,9,7,7,5,4,5,6,7,7,13,12,9,9,8,8,7,6,6,5,4,4,4,6,7,12,12,8,8,7,6,6,4,4,3,4,4,12,6,6,4,4,3,3,4,5,7,7,6,6,5,4,3,3,4,4,5,8,7,6,6,5,4,4,3,3,2,2,2,3,3,4,4,11,8,7,7,6,4,4,3,3,2,2,2,2,3,3,4,10,9,7,7,6,5,4,3,3,2,2,1,1,2,2,3,3,10,7,7,6,6,5,4,2,2,1,1,0,1,1,2,2,3,9,8,7,7,6,6,5,4,4,1,1,1,2,2,3
279,21,20,17,16,15,15,14,13,14,22,21,20,20,19,19,17,16,16,15,15,14,14,13,21,19,19,15,15,14,14,13,19,18,18,17,16,15,14,14,13,18,17,16,16,15,15,14,14,13,10,18,16,15,15,14,14,13,11,10,19,15,15,14,13,13,12,12,10,10,9,19,15,15,14,12,12,11,10,10,9,9,8,9,9,18,15,14,12,12,11,10,10,9,9,8,8,8,9,18,17,15,12,12,11,10,10,9,9,8,8,7,17,16,15,13,13,12,12,10,10,9,9,8,8,7,8,8,9,16,16,12,12,11,10,10,9,8,7,7,6,8,8,16,15,11,10,10,9,6,8,15,10,10,9,9,8,7,6,5,7,10,9,8,7,6,5,4,5,6,7,14,12,10,9,9,8,7,7,6,6,5,4,4,6,6,13,12,9,8,8,7,6,5,4,4,3,4,12,7,6,5,4,3,3,4,4,8,7,7,6,6,5,4,2,3,4,4,8,7,7,6,6,5,4,4,3,3,2,2,2,3,3,4,12,8,8,7,6,5,4,4,3,3,2,1,2,2,3,3,10,10,8,7,7,6,4,4,3,3,2,2,1,1,2,2,3,10,8,7,7,6,6,4,3,2,2,1,1,0,1,1,2,2,9,9,8,7,7,6,6,5,4,2,1,1,1,2,2
280,22,20,18,17,16,15,15,14,14,23,22,21,20,20,19,18,17,16,16,15,15,14,14,21,20,19,16,15,15,14,14,19,19,18,18,16,15,15,14,14,18,18,17,16,16,15,15,14,14,11,18,16,16,15,15,14,14,12,10,20,16,15,15,14,13,13,12,11,10,10,19,16,15,15,13,12,12,11,10,10,9,9,8,9,18,15,15,13,12,12,11,10,10,9,9,8,8,8,18,18,16,13,12,12,11,10,10,9,9,8,8,18,17,16,14,13,13,12,11,10,10,9,9,8,8,7,8,8,17,16,13,12,12,11,10,9,8,8,7,7,7,8,16,16,12,11,10,9,7,7,15,11,10,10,9,8,8,6,5,7,10,10,8,8,6,6,5,4,6,6,14,13,10,10,9,9,8,7,7,6,5,5,4,5,6,13,13,9,9,8,7,7,6,5,4,4,3,13,7,7,6,5,4,3,3,4,8,8,7,7,6,5,4,3,3,3,4,9,8,7,7,6,6,5,4,4,3,3,2,2,2,3,3,12,9,8,8,7,6,5,4,4,3,3,2,1,2,2,3,11,10,8,8,7,6,5,4,4,3,3,2,1,1,1,2,2,11,8,8,7,7,6,5,3,3,2,2,1,1,0,1,1,2,10,9,8,8,7,7,6,5,5,2,2,1,1,1,2
281,23,21,18,18,16,16,15,14,13,23,23,21,21,20,20,18,18,17,16,16,15,15,14,22,20,20,16,16,15,15,14,20,19,19,18,17,16,15,15,14,19,18,18,17,16,16,15,15,14,12,19,17,16,16,15,15,14,12,11,20,16,16,15,14,14,13,13,12,11,10,20,16,16,15,13,13,12,12,11,10,10,9,9,8,19,16,15,13,13,12,12,11,10,10,9,9,8,8,19,18,16,13,13,12,12,11,10,10,9,9,8,18,18,16,14,14,13,13,12,11,10,10,9,9,8,7,7,8,18,17,13,13,12,12,11,10,9,8,8,7,7,7,17,16,12,12,11,10,7,7,16,12,11,10,10,9,8,7,6,6,11,10,9,8,7,6,6,5,5,6,15,13,11,10,10,9,8,8,7,7,6,6,5,4,5,14,13,10,9,9,8,7,6,6,5,4,4,13,8,7,6,6,4,4,3,3,9,8,8,7,7,6,5,3,2,3,3,9,8,8,7,7,6,6,5,4,4,3,3,2,2,2,3,13,9,9,8,7,6,6,5,4,4,3,2,2,1,2,2,12,11,9,8,8,7,6,5,4,4,3,3,2,1,1,1,2,12,9,8,8,7,7,6,4,3,3,2,2,1,1,0,1,1,10,10,9,8,8,7,7,6,6,3,2,2,1,1,1
282,23,21,19,18,17,16,16,15,13,24,23,22,21,21,20,19,18,18,17,16,16,15,15,23,21,20,17,16,16,15,15,20,20,19,19,18,16,16,15,15,19,19,18,18,17,16,16,15,15,12,19,18,17,16,16,15,15,13,12,21,17,16,16,15,14,14,13,12,12,11,20,17,16,16,14,13,13,12,12,11,10,10,9,9,19,16,16,14,13,13,12,12,11,10,10,9,9,8,19,19,17,14,13,13,12,12,11,10,10,9,9,19,18,17,15,14,14,13,12,12,11,10,10,9,9,7,7,7,18,18,14,13,13,12,12,10,9,9,8,8,6,7,18,17,13,12,12,10,8,6,16,12,12,11,10,9,9,7,6,5,12,11,9,9,7,7,6,6,4,5,15,14,12,11,10,10,9,8,8,7,7,6,6,4,4,14,14,10,10,9,8,8,7,6,6,5,4,14,8,8,7,6,5,4,3,3,9,9,8,8,7,7,6,4,3,2,3,10,9,8,8,7,7,6,6,5,4,4,3,3,2,2,2,13,10,9,9,8,7,6,6,5,4,4,3,2,2,1,2,12,12,9,9,8,7,6,6,5,4,4,3,2,2,1,1,1,12,9,9,8,8,7,6,4,4,3,3,2,2,1,1,0,1,11,10,9,9,8,8,7,7,6,3,3,2,2,1,1
283,24,22,19,19,18,17,16,15,12,24,24,23,22,21,21,19,19,18,18,17,16,16,15,23,21,21,18,17,16,16,15,21,20,20,19,18,17,16,16,15,20,19,19,18,18,17,16,16,15,13,20,18,18,17,16,16,15,13,12,21,18,17,16,15,15,14,14,13,12,12,21,18,17,16,14,14,13,13,12,12,11,10,10,9,20,17,16,14,14,13,13,12,12,11,10,10,9,9,20,19,18,14,14,13,13,12,12,11,10,10,9,19,19,18,15,15,14,14,13,12,12,11,10,10,9,8,7,7,19,18,14,14,13,13,12,11,10,9,9,8,7,6,18,18,13,13,12,11,8,6,17,13,12,12,11,10,9,8,7,5,12,12,10,9,8,7,7,6,5,4,16,14,12,12,11,10,9,9,8,8,7,7,6,4,4,15,14,11,10,10,9,8,7,7,6,6,5,14,9,8,7,7,6,5,4,3,10,9,9,8,8,7,6,4,3,3,2,10,9,9,8,8,7,7,6,6,5,4,4,3,3,2,2,14,10,10,9,8,7,7,6,6,5,4,3,3,2,2,1,13,12,10,9,9,8,7,6,5,5,4,4,3,2,2,1,1,13,10,9,9,8,8,7,5,4,4,3,3,2,2,1,1,0,12,11,10,9,9,8,8,7,7,4,3,3,2,2,1
284,13,14,16,17,18,19,19,20,24,14,13,12,13,13,14,15,16,16,17,18,18,19,19,13,12,13,16,16,17,18,18,12,12,13,13,14,15,16,16,17,12,12,13,13,14,14,15,15,16,19,10,12,13,13,14,14,15,17,18,11,12,12,13,14,14,15,15,16,17,18,10,10,11,12,14,14,15,15,16,16,17,18,18,19,9,10,10,13,13,14,14,15,15,16,16,17,18,18,9,9,8,12,12,13,13,14,14,15,15,16,16,9,8,7,9,10,10,11,12,13,13,14,14,15,15,17,18,18,8,8,9,10,10,11,12,13,14,14,15,15,17,18,8,7,9,10,10,12,14,17,7,9,9,10,10,12,12,14,15,16,8,9,10,11,13,13,14,14,15,16,6,5,7,8,8,9,10,10,11,12,12,13,13,15,15,4,4,7,8,8,9,10,11,12,12,13,13,4,8,9,10,10,12,12,13,14,6,7,7,8,8,9,10,12,13,13,14,4,6,6,7,7,8,8,9,9,10,10,11,12,12,13,13,3,3,4,4,6,7,7,8,8,9,9,10,11,12,12,13,2,2,3,3,4,5,6,7,7,8,8,9,10,10,11,12,12,2,2,2,3,3,4,5,7,7,8,8,9,9,10,10,11,12,0,1,2,2,3,3,4,4,5,8,8,9,9,10,10
285,14,13,16,16,18,18,19,20,23,14,14,13,12,13,13,15,15,16,16,17,18,18,19,13,12,12,15,16,16,17,18,11,12,12,13,14,15,15,16,16,11,12,12,13,13,14,14,15,15,18,10,12,12,13,13,14,14,16,18,12,11,12,12,13,14,14,15,16,16,17,11,10,10,11,13,14,14,15,15,16,16,17,18,18,10,9,10,12,13,13,14,14,15,15,16,16,17,18,10,9,8,11,12,12,13,13,14,14,15,15,16,9,9,8,9,9,10,10,12,12,13,13,14,14,15,16,17,18,9,8,9,9,10,10,11,12,13,14,14,15,17,17,8,8,9,9,10,11,14,16,7,8,9,9,10,11,12,13,14,16,8,8,10,10,12,13,13,14,15,15,6,4,7,7,8,8,9,10,10,11,12,12,13,14,15,5,4,7,7,8,9,9,10,11,12,12,13,4,8,8,9,10,11,12,13,13,6,6,7,7,8,8,9,11,12,13,13,4,5,6,6,7,7,8,8,9,9,10,10,11,12,12,13,4,3,3,4,5,6,7,7,8,8,9,10,10,11,12,12,3,2,2,3,3,4,6,6,7,7,8,8,9,10,10,11,12,3,1,2,2,3,3,4,6,7,7,8,8,9,9,10,10,11,1,0,1,2,2,3,3,4,4,7,8,8,9,9,10
286,15,13,15,15,16,17,18,19,22,15,15,14,13,13,12,14,14,15,15,16,16,17,18,14,13,12,14,15,15,16,16,12,12,11,12,13,14,14,15,15,11,10,11,12,12,13,13,14,14,17,11,10,11,12,12,13,13,15,16,13,10,10,11,12,13,13,14,15,15,16,12,9,9,10,12,13,13,14,14,15,15,16,16,17,11,8,9,11,12,12,13,13,14,14,15,15,16,16,11,10,9,10,10,11,12,12,13,13,14,14,15,10,10,9,8,8,9,9,10,11,12,12,13,13,14,15,16,16,10,9,8,8,9,9,10,11,12,13,13,14,15,16,9,9,8,8,9,10,13,15,8,7,8,8,9,10,10,12,13,15,7,7,9,9,11,12,12,13,14,14,7,6,6,6,7,7,8,9,9,10,10,11,12,13,14,6,6,6,6,7,8,8,9,10,10,11,12,6,7,7,8,9,10,10,12,12,4,5,6,6,7,7,8,10,11,12,12,3,4,4,5,6,6,7,7,8,8,9,9,10,10,11,12,5,2,2,3,4,5,6,6,7,7,8,9,9,10,10,11,4,3,1,2,2,3,4,5,6,6,7,7,8,9,9,10,10,4,1,1,1,2,2,3,5,5,6,7,7,8,8,9,9,10,2,1,0,1,1,2,2,3,3,6,7,7,8,8,9
287,15,14,14,15,16,16,17,18,21,16,15,14,14,13,13,13,14,14,15,15,16,16,17,15,13,13,14,14,15,15,16,13,12,12,11,12,13,14,14,15,12,11,10,11,12,12,13,13,14,16,12,10,10,11,12,12,13,15,16,13,9,10,10,12,12,13,13,14,15,15,13,9,9,9,12,12,13,13,14,14,15,15,16,16,12,9,8,10,11,12,12,13,13,14,14,15,15,16,12,11,9,9,10,10,11,12,12,13,13,14,14,11,10,9,7,8,8,9,10,10,11,12,12,13,13,15,15,16,10,10,7,8,8,9,9,10,12,12,13,13,15,15,10,9,7,8,8,9,12,15,9,7,7,8,8,9,10,12,13,14,6,7,8,9,10,11,12,12,13,14,8,6,5,6,6,7,8,8,9,9,10,10,11,13,13,7,6,5,6,6,7,8,9,9,10,10,11,6,6,7,8,8,9,10,11,12,4,4,5,6,6,7,8,9,10,11,12,2,3,4,4,5,6,6,7,7,8,8,9,9,10,10,11,6,2,2,2,3,4,5,6,6,7,7,8,9,9,10,10,4,4,2,1,2,3,4,4,5,6,6,7,8,8,9,9,10,4,2,1,1,1,2,3,4,5,6,6,7,7,8,8,9,9,2,2,1,0,1,1,2,2,3,6,6,7,7,8,8
288,16,14,14,14,15,16,16,18,21,16,16,15,14,14,13,13,13,14,14,15,15,16,16,15,14,13,13,14,14,15,15,13,13,12,12,12,13,13,14,14,12,12,11,10,11,12,12,13,13,16,12,10,10,10,11,12,12,14,15,14,10,9,10,11,12,12,13,14,14,15,13,10,9,9,11,12,12,13,13,14,14,15,15,16,12,9,9,10,10,11,12,12,13,13,14,14,15,15,12,12,10,9,9,10,10,11,12,12,13,13,14,12,11,10,8,7,8,8,9,10,10,11,12,12,13,14,15,15,11,10,7,7,8,8,9,10,11,12,12,13,14,15,10,10,7,7,8,9,12,14,9,6,7,7,8,9,9,11,12,14,6,6,8,8,10,10,11,12,13,13,8,7,4,5,6,6,7,8,8,9,9,10,10,12,13,7,7,4,5,6,7,7,8,9,9,10,10,7,6,6,7,8,9,9,10,11,3,4,4,5,6,6,7,9,10,10,11,3,3,3,4,4,5,6,6,7,7,8,8,9,9,10,10,6,3,2,2,3,4,4,5,6,6,7,8,8,9,9,10,5,4,2,2,1,2,3,4,4,5,6,6,7,8,8,9,9,5,2,2,1,1,1,2,4,4,5,6,6,7,7,8,8,9,3,2,1,1,0,1,1,2,2,5,6,6,7,7,8
289,16,15,13,14,15,15,16,17,20,17,16,15,15,14,14,12,13,13,14,14,15,15,16,16,14,14,13,13,14,14,15,14,13,13,12,11,12,13,13,14,13,12,12,11,10,11,12,12,13,15,13,11,10,10,10,11,12,14,15,14,10,10,9,10,11,12,12,13,14,14,14,10,10,9,10,11,12,12,13,13,14,14,15,15,13,10,9,9,10,10,11,12,12,13,13,14,14,15,13,12,10,8,9,9,10,10,11,12,12,13,13,12,12,10,8,8,7,8,9,9,10,10,11,12,12,14,14,15,12,11,7,7,7,8,8,9,10,11,12,12,14,14,11,10,6,7,7,8,11,14,10,6,6,7,7,8,9,10,12,13,5,6,7,8,9,10,10,11,12,13,9,7,5,4,5,6,7,7,8,8,9,9,10,12,12,8,7,4,4,5,6,7,8,8,9,9,10,7,5,6,7,7,8,9,10,10,3,3,4,4,5,6,7,8,9,10,10,3,2,3,3,4,4,5,6,6,7,7,8,8,9,9,10,7,3,3,2,2,3,4,4,5,6,6,7,8,8,9,9,6,5,3,2,2,2,3,3,4,4,5,6,7,7,8,8,9,6,3,2,2,1,1,2,3,4,4,5,6,6,7,7,8,8,3,3,2,1,1,0,1,1,2,4,5,6,6,7,7
290,17,15,13,13,14,15,15,16,20,18,17,16,15,15,14,13,12,13,13,14,14,15,15,16,15,14,12,13,13,14,14,14,14,13,13,12,12,12,13,13,13,13,12,12,11,10,11,12,12,15,13,12,11,10,10,10,11,13,14,15,11,10,10,10,10,11,12,13,13,14,14,11,10,10,10,10,11,12,12,13,13,14,14,15,13,10,10,9,9,10,10,11,12,12,13,13,14,14,13,13,11,8,8,9,9,10,10,11,12,12,13,13,12,11,9,8,8,7,8,9,9,10,10,11,12,13,14,14,12,12,8,7,7,7,8,9,10,10,11,12,13,14,12,11,7,6,7,8,10,13,10,6,6,6,7,8,8,10,11,13,6,5,7,7,9,9,10,10,12,12,9,8,6,5,4,5,6,7,7,8,8,9,9,11,12,8,8,4,4,4,6,6,7,8,8,9,9,8,4,5,6,7,8,8,9,10,3,3,3,4,4,5,6,8,9,9,10,4,3,2,3,3,4,4,5,6,6,7,7,8,8,9,9,7,4,3,3,2,3,3,4,4,5,6,7,7,8,8,9,6,6,3,3,2,1,2,3,3,4,4,5,6,7,7,8,8,6,3,3,2,2,1,1,3,3,4,4,5,6,6,7,7,8,4,3,2,2,1,1,0,1,1,4,4,5,6,6,7
291,18,16,13,13,14,14,15,16,19,18,18,16,16,15,15,13,13,12,13,13,14,14,15,17,15,15,12,12,13,13,14,15,14,14,13,12,11,12,12,13,14,13,13,12,12,11,10,11,12,14,14,12,12,11,10,10,10,13,14,15,12,11,10,9,10,10,11,12,13,13,15,12,11,10,9,10,10,11,12,12,13,13,14,14,14,11,10,8,9,9,10,10,11,12,12,13,13,14,14,13,12,8,8,8,9,9,10,10,11,12,12,13,13,12,9,9,8,8,8,8,9,9,10,10,11,13,13,14,13,12,8,8,7,7,7,8,9,10,10,11,13,13,12,12,7,7,6,7,10,13,11,7,6,6,6,7,8,9,10,12,6,6,6,7,8,9,9,10,11,12,10,8,6,6,5,4,6,6,7,7,8,8,9,10,11,9,8,5,4,4,5,6,7,7,8,8,9,8,4,4,6,6,7,8,9,9,4,3,3,3,4,4,6,7,8,9,9,4,3,3,2,3,3,4,4,5,6,6,7,7,8,8,9,8,4,4,3,2,2,3,3,4,4,5,6,7,7,8,8,7,6,4,3,3,2,2,2,3,3,4,4,6,6,7,7,8,7,4,3,3,2,2,1,2,3,3,4,4,5,5,6,7,7,4,4,3,2,2,1,1,0,1,3,4,4,5,6,6
292,18,16,14,13,13,14,14,15,19,19,18,17,16,16,15,14,13,13,12,13,13,14,14,18,16,15,12,12,12,13,13,15,15,14,14,13,12,11,12,12,14,14,13,13,12,12,11,10,11,14,14,13,12,12,11,10,10,12,13,16,12,12,11,10,9,10,10,12,12,13,15,12,12,11,9,9,10,10,11,12,12,13,13,14,14,12,11,9,8,9,9,10,10,11,12,12,13,13,14,14,12,9,8,8,8,9,9,10,10,11,12,14,13,12,10,9,9,8,7,8,8,9,9,10,10,12,13,13,13,13,9,8,8,7,7,8,9,9,10,10,12,13,13,12,8,7,7,7,9,12,12,7,7,6,6,7,7,9,10,12,7,6,6,6,8,8,9,9,10,11,10,9,7,6,6,5,5,6,6,7,7,8,8,10,10,9,9,6,5,4,4,5,6,7,7,8,8,9,3,4,5,6,7,7,8,9,4,4,3,3,3,4,5,7,8,8,9,5,4,3,3,2,3,3,4,4,5,6,6,7,7,8,8,8,5,4,4,3,2,2,3,3,4,4,6,6,7,7,8,7,7,4,4,3,2,1,2,2,3,3,4,5,6,6,7,7,7,4,4,3,3,2,1,2,2,3,3,4,4,5,6,6,7,5,4,3,3,2,2,1,1,0,3,3,4,4,5,6
293,21,19,16,16,15,14,14,13,16,21,21,20,19,19,18,17,16,15,15,14,14,13,13,20,19,18,15,14,14,13,13,18,18,17,16,15,14,14,13,13,17,16,16,15,15,14,14,13,13,11,17,15,15,14,14,13,13,10,10,19,15,14,14,13,12,12,11,10,9,10,18,15,14,14,12,11,10,10,9,9,9,10,10,11,17,14,14,12,11,10,10,9,9,8,9,9,10,10,17,16,15,12,11,10,10,9,9,8,8,8,9,16,16,15,13,12,12,11,10,9,9,8,8,7,8,9,10,10,16,15,12,11,10,10,9,8,7,7,7,8,9,10,15,15,10,10,9,8,7,9,14,10,9,9,8,7,7,6,7,9,9,9,7,7,5,5,6,7,8,8,13,12,9,9,8,8,7,6,6,5,4,5,6,7,8,12,12,8,8,7,6,6,4,4,4,5,5,12,6,6,4,4,4,4,6,6,7,7,6,6,5,4,3,4,5,6,6,8,7,6,6,5,4,4,3,3,2,3,3,4,4,5,5,11,8,7,7,6,4,4,3,3,2,2,3,3,4,4,5,10,9,7,7,6,5,4,3,3,2,2,1,2,3,3,4,4,10,7,7,6,6,5,4,2,2,1,1,1,2,2,3,3,4,8,7,6,6,5,4,4,3,3,0,1,1,2,2,3
294,21,20,17,16,15,15,14,13,15,22,21,20,20,19,19,17,16,16,15,15,14,14,13,21,19,19,15,15,14,14,13,19,18,18,17,16,15,14,14,13,18,17,16,16,15,15,14,14,13,10,18,16,15,15,14,14,13,11,10,19,15,15,14,13,13,12,12,10,10,9,19,15,15,14,12,12,11,10,10,9,9,9,10,10,18,15,14,12,12,11,10,10,9,9,8,9,9,10,18,17,15,12,12,11,10,10,9,9,8,8,8,17,16,15,13,13,12,12,10,10,9,9,8,8,7,9,9,10,16,16,12,12,11,10,10,9,8,7,7,7,9,9,16,15,11,10,10,9,6,9,15,10,10,9,9,8,7,6,7,8,10,9,8,7,5,5,6,6,7,8,14,12,10,9,9,8,7,7,6,6,5,4,5,7,7,13,12,9,8,8,7,6,5,4,4,4,5,12,7,6,5,4,3,4,5,6,8,7,7,6,6,5,4,3,4,5,6,8,7,7,6,6,5,4,4,3,3,2,3,3,4,4,5,12,8,8,7,6,5,4,4,3,3,2,2,3,3,4,4,10,10,8,7,7,6,4,4,3,3,2,2,2,2,3,3,4,10,8,7,7,6,6,4,3,2,2,1,1,1,2,2,3,3,8,8,7,6,6,5,4,4,3,1,0,1,1,2,2
295,22,20,18,17,16,15,15,14,15,23,22,21,20,20,19,18,17,16,16,15,15,14,14,21,20,19,16,15,15,14,14,19,19,18,18,16,15,15,14,14,18,18,17,16,16,15,15,14,14,11,18,16,16,15,15,14,14,12,10,20,16,15,15,14,13,13,12,11,10,10,19,16,15,15,13,12,12,11,10,10,9,9,9,10,18,15,15,13,12,12,11,10,10,9,9,8,9,9,18,18,16,13,12,12,11,10,10,9,9,8,8,18,17,16,14,13,13,12,11,10,10,9,9,8,8,8,9,9,17,16,13,12,12,11,10,9,8,8,7,7,8,9,16,16,12,11,10,9,7,8,15,11,10,10,9,8,8,6,6,8,10,10,8,8,6,6,5,5,7,7,14,13,10,10,9,9,8,7,7,6,6,5,4,6,7,13,13,9,9,8,7,7,6,5,4,4,4,13,7,7,6,5,4,3,4,5,8,8,7,7,6,6,4,3,4,4,5,9,8,7,7,6,6,5,4,4,3,3,2,3,3,4,4,12,9,8,8,7,6,5,4,4,3,3,2,2,3,3,4,11,10,8,8,7,6,5,4,4,3,3,2,1,2,2,3,3,11,8,8,7,7,6,5,3,3,2,2,1,1,1,2,2,3,9,8,7,7,6,6,5,4,4,1,1,0,1,1,2
296,23,21,18,18,16,16,15,14,14,23,23,21,21,20,20,18,18,17,16,16,15,15,14,22,20,20,16,16,15,15,14,20,19,19,18,17,16,15,15,14,19,18,18,17,16,16,15,15,14,12,19,17,16,16,15,15,14,12,11,20,16,16,15,14,14,13,13,12,11,10,20,16,16,15,13,13,12,12,11,10,10,9,9,9,19,16,15,13,13,12,12,11,10,10,9,9,8,9,19,18,16,13,13,12,12,11,10,10,9,9,8,18,18,16,14,14,13,13,12,11,10,10,9,9,8,8,8,9,18,17,13,13,12,12,11,10,9,8,8,7,8,8,17,16,12,12,11,10,7,8,16,12,11,10,10,9,8,7,6,7,11,10,9,8,7,6,5,5,6,7,15,13,11,10,10,9,8,8,7,7,6,6,5,6,6,14,13,10,9,9,8,7,6,5,5,4,4,13,8,7,6,6,4,4,4,4,9,8,8,7,7,6,5,3,3,4,4,9,8,8,7,7,6,5,5,4,4,3,3,2,3,3,4,13,9,9,8,7,6,6,5,4,4,3,2,2,2,3,3,12,11,9,8,8,7,6,5,4,4,3,3,2,1,2,2,3,12,9,8,8,7,7,5,4,3,3,2,2,1,1,1,2,2,9,9,8,7,7,6,6,5,4,2,1,1,0,1,1
297,23,21,19,18,17,16,16,15,14,24,23,22,21,21,20,19,18,18,17,16,16,15,15,23,21,20,17,16,16,15,15,20,20,19,19,18,16,16,15,15,19,19,18,18,17,16,16,15,15,12,19,18,17,16,16,15,15,13,12,21,17,16,16,15,14,14,13,12,12,11,20,17,16,16,14,13,13,12,12,11,10,10,9,9,19,16,16,14,13,13,12,12,11,10,10,9,9,8,19,19,17,14,13,13,12,12,11,10,10,9,9,19,18,17,15,14,14,13,12,12,11,10,10,9,9,7,8,8,18,18,14,13,13,12,12,10,9,9,8,8,7,8,18,17,13,12,12,10,8,7,16,12,12,11,10,9,9,7,6,7,12,11,9,9,7,7,6,6,6,6,15,14,12,11,10,10,9,8,8,7,7,6,6,5,6,14,14,10,10,9,8,8,7,6,6,5,4,14,8,8,7,6,5,4,3,4,9,9,8,8,7,7,6,4,3,3,4,10,9,8,8,7,7,6,6,5,4,4,3,3,2,3,3,13,10,9,9,8,7,6,6,5,4,4,3,2,2,2,3,12,12,9,9,8,7,6,6,5,4,4,3,2,2,1,2,2,12,9,9,8,8,7,6,4,4,3,3,2,2,1,1,1,2,10,9,8,8,7,7,6,6,5,2,2,1,1,0,1
298,24,22,19,19,18,17,16,15,13,24,24,23,22,21,21,19,19,18,18,17,16,16,15,23,21,21,18,17,16,16,15,21,20,20,19,18,17,16,16,15,20,19,19,18,18,17,16,16,15,13,20,18,18,17,16,16,15,13,12,21,18,17,16,15,15,14,14,13,12,12,21,18,17,16,14,14,13,13,12,12,11,10,10,9,20,17,16,14,14,13,13,12,12,11,10,10,9,9,20,19,18,14,14,13,13,12,12,11,10,10,9,19,19,18,15,15,14,14,13,12,12,11,10,10,9,8,7,8,19,18,14,14,13,13,12,11,10,9,9,8,7,7,18,18,13,13,12,11,8,7,17,13,12,12,11,10,9,8,7,6,12,12,10,9,8,7,7,6,5,5,16,14,12,12,11,10,9,9,8,8,7,7,6,4,5,15,14,11,10,10,9,8,7,7,6,6,5,14,9,8,7,7,6,5,4,3,10,9,9,8,8,7,6,4,3,3,3,10,9,9,8,8,7,7,6,6,5,4,4,3,3,2,3,14,10,10,9,8,7,7,6,6,5,4,3,3,2,2,2,13,12,10,9,9,8,7,6,6,5,4,4,3,2,2,1,2,13,10,9,9,8,8,7,5,4,4,3,3,2,2,1,1,1,10,10,9,8,8,7,7,6,6,3,2,2,1,1,0
