Theta_1,Theta_2,Agg,WorktoNot
0.005214707614184656,1,0.2166172806590758,0.40393490434207613
