X,1,2,3,4,5,6,7,8,9,10,11,12,13,14,15,16,17,18,19,20,21,22,23,24,25,26,27,28,29,30,31,32,33,34,35,36,37,38,39,40,41,42,43,44,45,46,47,48,49,50,51,52,53,54,55,56,57,58,59,60,61,62,63,64,65,66,67,68,69,70,71,72,73,74,75,76,77,78,79,80,81,82,83,84,85,86,87,88,89,90,91,92,93,94,95,96,97,98,99,100,101,102,103,104,105,106,107,108,109,110,111,112,113,114,115,116,117,118,119,120,121,122,123,124,125,126,127,128,129,130,131,132,133,134,135,136,137,138,139,140,141,142,143,144,145,146,147,148,149,150,151,152,153,154,155,156,157,158,159,160,161,162,163,164,165,166,167,168,169,170,171,172,173,174,175,176,177,178,179,180,181,182,183,184,185,186,187,188,189,190,191,192,193,194,195,196,197,198,199,200,201,202,203,204,205,206,207,208,209,210,211,212,213,214,215,216,217,218,219,220,221,222,223,224,225,226,227,228,229,230,231,232,233,234,235,236,237,238,239,240,241,242,243,244,245,246,247,248,249,250,251,252,253,254,255,256,257,258,259,260,261,262,263,264,265,266,267,268,269,270,271,272,273,274,275,276,277,278,279,280,281,282,283,284,285,286,287,288,289,290,291,292,293,294,295,296,297,298,299
1,0,765,541,10299,10839,11380,1210,1083,1952,4464,9803,10880,11418,2706,3156,4122,4625,5135,6172,7222,7750,8280,8811,9344,11482,12018,3062,5830,6336,6847,7362,8927,9453,9981,11571,12103,4656,4228,3827,3466,3156,2915,2760,2706,2760,2915,3156,3466,6540,7037,7539,9592,10112,11685,12212,4990,4593,4228,3903,3631,3423,3292,3423,5855,6312,6782,7750,8245,9249,9758,10270,10785,11302,11822,5358,4990,4656,4364,4122,3941,3827,3941,5358,5754,6172,8472,8960,9453,9951,6932,6518,6124,5754,5413,4841,4625,4464,4364,4464,4841,5754,6124,8728,9202,12671,13181,7693,7282,6889,6518,6172,5331,5135,4990,4901,4990,5135,5331,5573,12866,13369,8047,7655,5830,5651,5520,5520,5651,15781,6172,6052,5979,16489,15993,6847,6695,6585,18195,17697,17202,16710,8262,7992,7539,7362,18906,18411,17920,13661,13214,12775,12343,11920,9981,9637,9313,9009,8728,8472,8245,8047,19129,13532,13103,12683,12272,11871,10744,10398,10068,9758,9469,9202,8745,8558,19365,13036,12636,12248,11871,11508,11159,10826,10510,10213,9937,9683,9249,19613,19137,17731,17270,15049,14625,13401,13013,12636,12272,11920,11584,11263,10960,10676,10412,10170,9951,19403,18937,18475,17565,17117,16675,16238,15809,15386,14971,13779,13401,13036,12683,12343,12018,11710,11418,11146,10893,10662,16569,16148,15734,15329,14932,14544,14167,13800,13445,13103,12775,12461,12164,11884,11622,11380,16498,16093,15697,15310,14932,14564,14208,13864,13532,13214,12912,12625,12355,12103,16858,16462,16075,15697,15329,14971,14625,14290,13969,13661,13369,13092,12832,12590,17228,16841,16462,16093,15734,15386,15049,14724,14413,14115,13832,13564,17228,16858,16498,15809,15481,15166,14863,14574,14300,14042,17623,17262,16910,15920,15319,15039
2,765,0,541,10826,11367,11908,541,765,2232,4901,10299,11380,11920,2915,3423,4464,4990,5520,6585,7655,8191,8728,9265,9803,11957,12496,3156,6172,6695,7222,7750,9344,9877,10412,12018,12555,3903,3466,3062,2706,2421,2232,2165,2232,2421,2706,3062,3466,6847,7362,7881,9981,10510,12103,12636,4228,3827,3466,3156,2915,2760,2915,3156,6052,6540,7037,8047,8558,9592,10112,10634,11159,11685,12212,4593,4228,3903,3631,3423,3292,3423,3631,5413,5855,6312,8745,9249,9758,10270,6172,5754,5358,4990,4656,4122,3941,3827,3789,4122,4656,5754,6172,8960,9453,13013,13532,6932,6518,6124,5754,5413,4625,4464,4364,4330,4625,4841,5106,5413,13181,13693,7282,6889,5135,4990,4901,5135,5331,15078,5520,5440,5413,15781,15281,6172,6052,5979,17489,16988,16489,15993,7520,7262,6847,6695,18195,17697,17202,12912,12461,12018,11584,11159,9218,8878,8558,8262,7992,7750,7539,7362,18411,12775,12343,11920,11508,11106,9981,9637,9313,9009,8728,8472,8047,7881,18641,12272,11871,11482,11106,10744,10398,10068,9758,9469,9202,8960,8558,18883,18404,16988,16525,14290,13864,12636,12248,11871,11508,11159,10826,10510,10213,9937,9683,9453,9249,18664,18195,17731,16815,16364,15920,15481,15049,14625,14208,13013,12636,12272,11920,11584,11263,10960,10676,10412,10170,9951,15809,15386,14971,14564,14167,13779,13401,13036,12683,12343,12018,11710,11418,11146,10893,10662,15734,15329,14932,14544,14167,13800,13445,13103,12775,12461,12164,11884,11622,11380,16093,15697,15310,14932,14564,14208,13864,13532,13214,12912,12625,12355,12103,11871,16462,16075,15697,15329,14971,14625,14290,13969,13661,13369,13092,12832,16462,16093,15734,15049,14724,14413,14115,13832,13564,13314,16858,16498,16148,15166,14574,14300
3,541,541,0,10284,10826,11367,765,541,1712,4364,9758,10839,11380,2421,2915,3941,4464,4990,6052,7119,7655,8191,8728,9265,11418,11957,2706,5651,6172,6695,7222,8811,9344,9877,11482,12018,4364,3903,3466,3062,2706,2421,2232,2165,2232,2421,2706,3062,6336,6847,7362,9453,9981,11571,12103,4656,4228,3827,3466,3156,2915,2760,2915,5573,6052,6540,7539,8047,9074,9592,10112,10634,11159,11685,4990,4593,4228,3903,3631,3423,3292,3423,4990,5413,5855,8245,8745,9249,9758,6607,6172,5754,5358,4990,4364,4122,3941,3827,3941,4364,5358,5754,8472,8960,12496,13013,7362,6932,6518,6124,5754,4841,4625,4464,4364,4464,4625,4841,5106,12671,13181,7693,7282,5331,5135,4990,4990,5135,15585,5651,5520,5440,16283,15781,6336,6172,6052,17993,17489,16988,16489,7806,7520,7037,6847,18696,18195,17697,13369,12912,12461,12018,11584,9576,9218,8878,8558,8262,7992,7750,7539,18906,13214,12775,12343,11920,11508,10341,9981,9637,9313,9009,8728,8245,8047,19129,12683,12272,11871,11482,11106,10744,10398,10068,9758,9469,9202,8745,19365,18883,17456,16988,14724,14290,13036,12636,12248,11871,11508,11159,10826,10510,10213,9937,9683,9453,19137,18664,18195,17270,16815,16364,15920,15481,15049,14625,13401,13013,12636,12272,11920,11584,11263,10960,10676,10412,10170,16238,15809,15386,14971,14564,14167,13779,13401,13036,12683,12343,12018,11710,11418,11146,10893,16148,15734,15329,14932,14544,14167,13800,13445,13103,12775,12461,12164,11884,11622,16498,16093,15697,15310,14932,14564,14208,13864,13532,13214,12912,12625,12355,12103,16858,16462,16075,15697,15329,14971,14625,14290,13969,13661,13369,13092,16841,16462,16093,15386,15049,14724,14413,14115,13832,13564,17228,16858,16498,15481,14863,14574
4,10299,10826,10284,0,541,1083,10839,10299,8677,5979,765,765,1210,8191,7655,6585,6052,5520,4464,3423,2915,2421,1952,1531,1531,1952,8280,5135,4625,4122,3631,2296,1952,1712,1952,2296,14239,13704,13170,12636,12103,11571,11040,10510,9981,9453,8927,8403,4841,4364,3903,2421,2232,2421,2706,14331,13800,13270,12740,12212,11685,10112,9592,6052,5573,5106,4228,3827,3156,2915,2760,2706,2760,2915,14443,13916,13391,12866,12343,11822,10270,9758,7262,6782,6312,4228,3903,3631,3423,16148,15622,15098,14574,14052,13013,12496,11982,11470,9951,8960,7520,7057,4656,4364,4122,4364,16806,16283,15762,15243,14724,13181,12671,12164,11660,10170,9683,9202,8728,4625,4841,16953,16436,13369,12866,12367,10412,9937,25480,13081,12590,12103,26128,25601,13800,13314,12832,27833,27306,26781,26256,15993,15500,14524,14042,28488,27964,27440,22766,22252,21739,21228,20718,18195,17697,17202,16710,16220,15734,15252,14774,28627,22429,21920,21413,20908,20404,18906,18411,17920,17431,16945,16462,15509,15039,28775,21611,21110,20611,20115,19621,19129,18641,18155,17673,17194,16718,15781,28932,28416,26874,26362,23822,23319,21820,21324,20830,20339,19851,19365,18883,18404,17928,17456,16988,16525,28586,28074,27563,26545,26038,25532,25028,24525,24025,23525,22040,21549,21061,20576,20093,19613,19137,18664,18195,17731,17270,25232,24734,24237,23742,23250,22760,22272,21786,21303,20823,20347,19873,19403,18937,18475,18017,24952,24460,23970,23482,22996,22514,22033,21556,21082,20611,20144,19681,19221,18766,25180,24692,24207,23724,23244,22766,22291,21820,21351,20887,20426,19969,19516,19068,25417,24934,24454,23976,23501,23028,22559,22093,21631,21172,20718,20267,25186,24710,24237,23300,22837,22377,21920,21468,21020,20576,25446,24975,24507,23123,22219,21773
5,10839,11367,10826,541,0,541,11380,10839,9218,6518,1210,541,765,8728,8191,7119,6585,6052,4990,3941,3423,2915,2421,1952,1210,1531,8811,5651,5135,4625,4122,2706,2296,1952,1712,1952,14774,14239,13704,13170,12636,12103,11571,11040,10510,9981,9453,8927,5331,4841,4364,2706,2421,2232,2421,14863,14331,13800,13270,12740,12212,10634,10112,6540,6052,5573,4656,4228,3466,3156,2915,2760,2706,2760,14971,14443,13916,13391,12866,12343,10785,10270,7750,7262,6782,4593,4228,3903,3631,16675,16148,15622,15098,14574,13532,13013,12496,11982,10454,9453,7992,7520,4990,4656,3941,4122,17329,16806,16283,15762,15243,13693,13181,12671,12164,10662,10170,9683,9202,4464,4625,17473,16953,13874,13369,12866,10893,10412,26010,13575,13081,12590,26655,26128,14290,13800,13314,28359,27833,27306,26781,16489,15993,15010,14524,29013,28488,27964,23281,22766,22252,21739,21228,18696,18195,17697,17202,16710,16220,15734,15252,29149,22939,22429,21920,21413,20908,19403,18906,18411,17920,17431,16945,15984,15509,29294,22113,21611,21110,20611,20115,19621,19129,18641,18155,17673,17194,16247,29449,28932,27387,26874,24328,23822,22318,21820,21324,20830,20339,19851,19365,18883,18404,17928,17456,16988,29099,28586,28074,27053,26545,26038,25532,25028,24525,24025,22533,22040,21549,21061,20576,20093,19613,19137,18664,18195,17731,25732,25232,24734,24237,23742,23250,22760,22272,21786,21303,20823,20347,19873,19403,18937,18475,25446,24952,24460,23970,23482,22996,22514,22033,21556,21082,20611,20144,19681,19221,25669,25180,24692,24207,23724,23244,22766,22291,21820,21351,20887,20426,19969,19516,25902,25417,24934,24454,23976,23501,23028,22559,22093,21631,21172,20718,25664,25186,24710,23767,23300,22837,22377,21920,21468,21020,25919,25446,24975,23581,22669,22219
6,11380,11908,11367,1083,541,0,11920,11380,9758,7057,1712,765,541,9265,8728,7655,7119,6585,5520,4464,3941,3423,2915,2421,1083,1210,9344,6172,5651,5135,4625,3156,2706,2296,1624,1712,15310,14774,14239,13704,13170,12636,12103,11571,11040,10510,9981,9453,5830,5331,4841,3062,2706,2165,2232,15396,14863,14331,13800,13270,12740,11159,10634,7037,6540,6052,5106,4656,3827,3466,3156,2915,2760,2706,15500,14971,14443,13916,13391,12866,11302,10785,8245,7750,7262,4990,4593,4228,3903,17202,16675,16148,15622,15098,14052,13532,13013,12496,10960,9951,8472,7992,5358,4990,3827,3941,17854,17329,16806,16283,15762,14208,13693,13181,12671,11159,10662,10170,9683,4364,4464,17993,17473,14382,13874,13369,11380,10893,26539,14073,13575,13081,27183,26655,14784,14290,13800,28886,28359,27833,27306,16988,16489,15500,15010,29538,29013,28488,23798,23281,22766,22252,21739,19198,18696,18195,17697,17202,16710,16220,15734,29672,23451,22939,22429,21920,21413,19903,19403,18906,18411,17920,17431,16462,15984,29815,22617,22113,21611,21110,20611,20115,19621,19129,18641,18155,17673,16718,29967,29449,27901,27387,24834,24328,22817,22318,21820,21324,20830,20339,19851,19365,18883,18404,17928,17456,29613,29099,28586,27563,27053,26545,26038,25532,25028,24525,23028,22533,22040,21549,21061,20576,20093,19613,19137,18664,18195,26234,25732,25232,24734,24237,23742,23250,22760,22272,21786,21303,20823,20347,19873,19403,18937,25942,25446,24952,24460,23970,23482,22996,22514,22033,21556,21082,20611,20144,19681,26161,25669,25180,24692,24207,23724,23244,22766,22291,21820,21351,20887,20426,19969,26390,25902,25417,24934,24454,23976,23501,23028,22559,22093,21631,21172,26144,25664,25186,24237,23767,23300,22837,22377,21920,21468,26395,25919,25446,24043,23123,22669
7,1210,541,765,10839,11380,11920,0,541,2165,4872,10284,11367,11908,2760,3292,4364,4901,5440,6518,7597,8137,8677,9218,9758,11920,12461,2915,6052,6585,7119,7655,9265,9803,10341,11957,12496,3631,3156,2706,2296,1952,1712,1624,1712,1952,2296,2706,3156,6695,7222,7750,9877,10412,12018,12555,3903,3466,3062,2706,2421,2232,2421,2706,5830,6336,6847,7881,8403,9453,9981,10510,11040,11571,12103,4228,3827,3466,3156,2915,2760,2915,3156,5106,5573,6052,8558,9074,9592,10112,5855,5413,4990,4593,4228,3631,3423,3292,3248,3631,4228,5413,5855,8745,9249,12866,13391,6607,6172,5754,5358,4990,4122,3941,3827,3789,4122,4364,4656,4990,13013,13532,6932,6518,4625,4464,4364,4625,4841,14893,4990,4901,4872,15585,15078,5651,5520,5440,17296,16788,16283,15781,7057,6782,6336,6172,17993,17489,16988,12625,12164,11710,11263,10826,8811,8455,8119,7806,7520,7262,7037,6847,18195,12461,12018,11584,11159,10744,9576,9218,8878,8558,8262,7992,7539,7362,18411,11920,11508,11106,10717,10341,9981,9637,9313,9009,8728,8472,8047,18641,18155,16718,16247,13969,13532,12272,11871,11482,11106,10744,10398,10068,9758,9469,9202,8960,8745,18404,17928,17456,16525,16066,15613,15166,14724,14290,13864,12636,12248,11871,11508,11159,10826,10510,10213,9937,9683,9453,15481,15049,14625,14208,13800,13401,13013,12636,12272,11920,11584,11263,10960,10676,10412,10170,15386,14971,14564,14167,13779,13401,13036,12683,12343,12018,11710,11418,11146,10893,15734,15329,14932,14544,14167,13800,13445,13103,12775,12461,12164,11884,11622,11380,16093,15697,15310,14932,14564,14208,13864,13532,13214,12912,12625,12355,16075,15697,15329,14625,14290,13969,13661,13369,13092,12832,16462,16093,15734,14724,14115,13832
8,1083,765,541,10299,10839,11380,541,0,1624,4330,9743,10826,11367,2232,2760,3827,4364,4901,5979,7057,7597,8137,8677,9218,11380,11920,2421,5520,6052,6585,7119,8728,9265,9803,11418,11957,4122,3631,3156,2706,2296,1952,1712,1624,1712,1952,2296,2706,6172,6695,7222,9344,9877,11482,12018,4364,3903,3466,3062,2706,2421,2232,2421,5331,5830,6336,7362,7881,8927,9453,9981,10510,11040,11571,4656,4228,3827,3466,3156,2915,2760,2915,4656,5106,5573,8047,8558,9074,9592,6312,5855,5413,4990,4593,3903,3631,3423,3292,3423,3903,4990,5413,8245,8745,12343,12866,7057,6607,6172,5754,5358,4364,4122,3941,3827,3941,4122,4364,4656,12496,13013,7362,6932,4841,4625,4464,4464,4625,15405,5135,4990,4901,16093,15585,5830,5651,5520,17805,17296,16788,16283,7362,7057,6540,6336,18499,17993,17489,13092,12625,12164,11710,11263,9186,8811,8455,8119,7806,7520,7262,7037,18696,12912,12461,12018,11584,11159,9951,9576,9218,8878,8558,8262,7750,7539,18906,12343,11920,11508,11106,10717,10341,9981,9637,9313,9009,8728,8245,19129,18641,17194,16718,14413,13969,12683,12272,11871,11482,11106,10744,10398,10068,9758,9469,9202,8960,18883,18404,17928,16988,16525,16066,15613,15166,14724,14290,13036,12636,12248,11871,11508,11159,10826,10510,10213,9937,9683,15920,15481,15049,14625,14208,13800,13401,13013,12636,12272,11920,11584,11263,10960,10676,10412,15809,15386,14971,14564,14167,13779,13401,13036,12683,12343,12018,11710,11418,11146,16148,15734,15329,14932,14544,14167,13800,13445,13103,12775,12461,12164,11884,11622,16498,16093,15697,15310,14932,14564,14208,13864,13532,13214,12912,12625,16462,16075,15697,14971,14625,14290,13969,13661,13369,13092,16841,16462,16093,15049,14413,14115
9,1952,2232,1712,8677,9218,9758,2165,1624,0,2706,8119,9202,9743,765,1210,2232,2760,3292,4364,5440,5979,6518,7057,7597,9758,10299,1210,3941,4464,4990,5520,7119,7655,8191,9803,10341,5651,5135,4625,4122,3631,3156,2706,2296,1952,1712,1624,1712,4625,5135,5651,7750,8280,9877,10412,5830,5331,4841,4364,3903,3466,2421,2232,3903,4364,4841,5830,6336,7362,7881,8403,8927,9453,9981,6052,5573,5106,4656,4228,3827,2915,2760,3466,3827,4228,6540,7037,7539,8047,7750,7262,6782,6312,5855,4990,4593,4228,3903,3292,3292,3903,4228,6782,7262,10785,11302,8472,7992,7520,7057,6607,5358,4990,4656,4364,3827,3789,3827,3941,10960,11470,8728,8262,5754,5413,5106,4364,4330,16953,5855,5573,5331,17631,17117,6607,6312,6052,19343,18828,18316,17805,8420,8047,7362,7057,20027,19516,19007,14524,14042,13564,13092,12625,10398,9981,9576,9186,8811,8455,8119,7806,20209,14300,13832,13369,12912,12461,11159,10744,10341,9951,9576,9218,8558,8262,20404,13661,13214,12775,12343,11920,11508,11106,10717,10341,9981,9637,9009,20611,20115,18641,18155,15781,15319,13969,13532,13103,12683,12272,11871,11482,11106,10744,10398,10068,9758,20339,19851,19365,18404,17928,17456,16988,16525,16066,15613,14290,13864,13445,13036,12636,12248,11871,11508,11159,10826,10510,17270,16815,16364,15920,15481,15049,14625,14208,13800,13401,13013,12636,12272,11920,11584,11263,17117,16675,16238,15809,15386,14971,14564,14167,13779,13401,13036,12683,12343,12018,17431,16997,16569,16148,15734,15329,14932,14544,14167,13800,13445,13103,12775,12461,17755,17329,16910,16498,16093,15697,15310,14932,14564,14208,13864,13532,17673,17262,16858,16075,15697,15329,14971,14625,14290,13969,18026,17623,17228,16093,15386,15049
10,4464,4901,4364,5979,6518,7057,4872,4330,2706,0,5413,6495,7037,2232,1712,765,541,765,1712,2760,3292,3827,4364,4901,7057,7597,2421,1531,1952,2421,2915,4464,4990,5520,7119,7655,8280,7750,7222,6695,6172,5651,5135,4625,4122,3631,3156,2706,2296,2706,3156,5135,5651,7222,7750,8403,7881,7362,6847,6336,5830,4364,3903,2232,2421,2706,3466,3903,4841,5331,5830,6336,6847,7362,8558,8047,7539,7037,6540,6052,4656,4228,2760,2706,2760,4228,4656,5106,5573,10270,9758,9249,8745,8245,7262,6782,6312,5855,4593,3903,3292,3248,4593,4990,8245,8745,10960,10454,9951,9453,8960,7520,7057,6607,6172,4990,4656,4364,4122,8472,8960,11159,10662,7806,7362,6932,5413,5106,19561,7693,7282,6889,20224,19703,8455,8047,7655,21934,21413,20894,20375,10510,10068,9218,8811,22605,22087,21570,16988,16489,15993,15500,15010,12625,12164,11710,11263,10826,10398,9981,9576,22766,16710,16220,15734,15252,14774,13369,12912,12461,12018,11584,11159,10341,9951,22939,15984,15509,15039,14574,14115,13661,13214,12775,12343,11920,11508,10717,23123,22617,21110,20611,18155,17673,16247,15781,15319,14863,14413,13969,13532,13103,12683,12272,11871,11482,22817,22318,21820,20830,20339,19851,19365,18883,18404,17928,16525,16066,15613,15166,14724,14290,13864,13445,13036,12636,12248,19613,19137,18664,18195,17731,17270,16815,16364,15920,15481,15049,14625,14208,13800,13401,13013,19403,18937,18475,18017,17565,17117,16675,16238,15809,15386,14971,14564,14167,13779,19681,19221,18766,18316,17870,17431,16997,16569,16148,15734,15329,14932,14544,14167,19969,19516,19068,18625,18187,17755,17329,16910,16498,16093,15697,15310,19821,19381,18945,18090,17673,17262,16858,16462,16075,15697,20137,19703,19274,18026,17228,16841
11,9803,10299,9758,765,1210,1712,10284,9743,8119,5413,0,1083,1624,7597,7057,5979,5440,4901,3827,2760,2232,1712,1210,765,1712,2232,7655,4464,3941,3423,2915,1531,1210,1083,1952,2421,13629,13092,12555,12018,11482,10947,10412,9877,9344,8811,8280,7750,4122,3631,3156,1712,1624,2296,2706,13704,13170,12636,12103,11571,11040,9453,8927,5331,4841,4364,3466,3062,2421,2232,2165,2232,2421,2706,13800,13270,12740,12212,11685,11159,9592,9074,6540,6052,5573,3466,3156,2915,2760,15500,14971,14443,13916,13391,12343,11822,11302,10785,9249,8245,6782,6312,3903,3631,3903,4228,16148,15622,15098,14574,14052,12496,11982,11470,10960,9453,8960,8472,7992,4364,4656,16283,15762,12671,12164,11660,9683,9202,24840,12367,11871,11380,25480,24952,13081,12590,12103,27183,26655,26128,25601,15281,14784,13800,13314,27833,27306,26781,22087,21570,21054,20540,20027,17489,16988,16489,15993,15500,15010,14524,14042,27964,21739,21228,20718,20209,19703,18195,17697,17202,16710,16220,15734,14774,14300,28105,20908,20404,19903,19403,18906,18411,17920,17431,16945,16462,15984,15039,28256,27738,26189,25675,23123,22617,21110,20611,20115,19621,19129,18641,18155,17673,17194,16718,16247,15781,27901,27387,26874,25851,25342,24834,24328,23822,23319,22817,21324,20830,20339,19851,19365,18883,18404,17928,17456,16988,16525,24525,24025,23525,23028,22533,22040,21549,21061,20576,20093,19613,19137,18664,18195,17731,17270,24237,23742,23250,22760,22272,21786,21303,20823,20347,19873,19403,18937,18475,18017,24460,23970,23482,22996,22514,22033,21556,21082,20611,20144,19681,19221,18766,18316,24692,24207,23724,23244,22766,22291,21820,21351,20887,20426,19969,19516,24454,23976,23501,22559,22093,21631,21172,20718,20267,19821,24710,24237,23767,22377,21468,21020
12,10880,11380,10839,765,541,765,11367,10826,9202,6495,1083,0,541,8677,8137,7057,6518,5979,4901,3827,3292,2760,2232,1712,765,1210,8728,5520,4990,4464,3941,2421,1952,1531,1210,1531,14704,14167,13629,13092,12555,12018,11482,10947,10412,9877,9344,8811,5135,4625,4122,2296,1952,1712,1952,14774,14239,13704,13170,12636,12103,10510,9981,6336,5830,5331,4364,3903,3062,2706,2421,2232,2165,2232,14863,14331,13800,13270,12740,12212,10634,10112,7539,7037,6540,4228,3827,3466,3156,16560,16030,15500,14971,14443,13391,12866,12343,11822,10270,9249,7750,7262,4593,4228,3423,3631,17202,16675,16148,15622,15098,13532,13013,12496,11982,10454,9951,9453,8960,3941,4122,17329,16806,13693,13181,12671,10662,10170,25902,13369,12866,12367,26539,26010,14073,13575,13081,28240,27711,27183,26655,16283,15781,14784,14290,28886,28359,27833,23123,22605,22087,21570,21054,18499,17993,17489,16988,16489,15993,15500,15010,29013,22766,22252,21739,21228,20718,19198,18696,18195,17697,17202,16710,15734,15252,29149,21920,21413,20908,20404,19903,19403,18906,18411,17920,17431,16945,15984,29294,28775,27221,26704,24140,23631,22113,21611,21110,20611,20115,19621,19129,18641,18155,17673,17194,16718,28932,28416,27901,26874,26362,25851,25342,24834,24328,23822,22318,21820,21324,20830,20339,19851,19365,18883,18404,17928,17456,25532,25028,24525,24025,23525,23028,22533,22040,21549,21061,20576,20093,19613,19137,18664,18195,25232,24734,24237,23742,23250,22760,22272,21786,21303,20823,20347,19873,19403,18937,25446,24952,24460,23970,23482,22996,22514,22033,21556,21082,20611,20144,19681,19221,25669,25180,24692,24207,23724,23244,22766,22291,21820,21351,20887,20426,25417,24934,24454,23501,23028,22559,22093,21631,21172,20718,25664,25186,24710,23300,22377,21920
13,11418,11920,11380,1210,765,541,11908,11367,9743,7037,1624,541,0,9218,8677,7597,7057,6518,5440,4364,3827,3292,2760,2232,541,765,9265,6052,5520,4990,4464,2915,2421,1952,1083,1210,15243,14704,14167,13629,13092,12555,12018,11482,10947,10412,9877,9344,5651,5135,4625,2706,2296,1624,1712,15310,14774,14239,13704,13170,12636,11040,10510,6847,6336,5830,4841,4364,3466,3062,2706,2421,2232,2165,15396,14863,14331,13800,13270,12740,11159,10634,8047,7539,7037,4656,4228,3827,3466,17091,16560,16030,15500,14971,13916,13391,12866,12343,10785,9758,8245,7750,4990,4593,3292,3423,17731,17202,16675,16148,15622,14052,13532,13013,12496,10960,10454,9951,9453,3827,3941,17854,17329,14208,13693,13181,11159,10662,26434,13874,13369,12866,27069,26539,14574,14073,13575,28769,28240,27711,27183,16788,16283,15281,14784,29414,28886,28359,23643,23123,22605,22087,21570,19007,18499,17993,17489,16988,16489,15993,15500,29538,23281,22766,22252,21739,21228,19703,19198,18696,18195,17697,17202,16220,15734,29672,22429,21920,21413,20908,20404,19903,19403,18906,18411,17920,17431,16462,29815,29294,27738,27221,24651,24140,22617,22113,21611,21110,20611,20115,19621,19129,18641,18155,17673,17194,29449,28932,28416,27387,26874,26362,25851,25342,24834,24328,22817,22318,21820,21324,20830,20339,19851,19365,18883,18404,17928,26038,25532,25028,24525,24025,23525,23028,22533,22040,21549,21061,20576,20093,19613,19137,18664,25732,25232,24734,24237,23742,23250,22760,22272,21786,21303,20823,20347,19873,19403,25942,25446,24952,24460,23970,23482,22996,22514,22033,21556,21082,20611,20144,19681,26161,25669,25180,24692,24207,23724,23244,22766,22291,21820,21351,20887,25902,25417,24934,23976,23501,23028,22559,22093,21631,21172,26144,25664,25186,23767,22837,22377
14,2706,2915,2421,8191,8728,9265,2760,2232,765,2232,7597,8677,9218,0,541,1624,2165,2706,3789,4872,5413,5954,6495,7037,9202,9743,541,3292,3827,4364,4901,6518,7057,7597,9218,9758,6052,5520,4990,4464,3941,3423,2915,2421,1952,1531,1210,1083,3941,4464,4990,7119,7655,9265,9803,6172,5651,5135,4625,4122,3631,2296,1952,3156,3631,4122,5135,5651,6695,7222,7750,8280,8811,9344,6336,5830,5331,4841,4364,3903,2706,2421,2706,3062,3466,5830,6336,6847,7362,8047,7539,7037,6540,6052,5106,4656,4228,3827,2915,2706,3156,3466,6052,6540,10112,10634,8745,8245,7750,7262,6782,5413,4990,4593,4228,3423,3292,3248,3292,10270,10785,8960,8472,5754,5358,4990,3941,3827,17329,5754,5413,5106,17993,17473,6518,6172,5855,19703,19183,18664,18147,8455,8047,7282,6932,20375,19858,19343,14784,14290,13800,13314,12832,10510,10068,9637,9218,8811,8420,8047,7693,20540,14524,14042,13564,13092,12625,11263,10826,10398,9981,9576,9186,8455,8119,20718,13832,13369,12912,12461,12018,11584,11159,10744,10341,9951,9576,8878,20908,20404,18906,18411,15984,15509,14115,13661,13214,12775,12343,11920,11508,11106,10717,10341,9981,9637,20611,20115,19621,18641,18155,17673,17194,16718,16247,15781,14413,13969,13532,13103,12683,12272,11871,11482,11106,10744,10398,17456,16988,16525,16066,15613,15166,14724,14290,13864,13445,13036,12636,12248,11871,11508,11159,17270,16815,16364,15920,15481,15049,14625,14208,13800,13401,13013,12636,12272,11920,17565,17117,16675,16238,15809,15386,14971,14564,14167,13779,13401,13036,12683,12343,17870,17431,16997,16569,16148,15734,15329,14932,14544,14167,13800,13445,17755,17329,16910,16093,15697,15310,14932,14564,14208,13864,18090,17673,17262,16075,15329,14971
15,3156,3423,2915,7655,8191,8728,3292,2760,1210,1712,7057,8137,8677,541,0,1083,1624,2165,3248,4330,4872,5413,5954,6495,8660,9202,765,2760,3292,3827,4364,5979,6518,7057,8677,9218,6585,6052,5520,4990,4464,3941,3423,2915,2421,1952,1531,1210,3423,3941,4464,6585,7119,8728,9265,6695,6172,5651,5135,4625,4122,2706,2296,2706,3156,3631,4625,5135,6172,6695,7222,7750,8280,8811,6847,6336,5830,5331,4841,4364,3062,2706,2421,2706,3062,5331,5830,6336,6847,8558,8047,7539,7037,6540,5573,5106,4656,4228,3156,2760,2915,3156,5573,6052,9592,10112,9249,8745,8245,7750,7262,5855,5413,4990,4593,3631,3423,3292,3248,9758,10270,9453,8960,6172,5754,5358,4122,3941,17854,6124,5754,5413,18515,17993,6889,6518,6172,20224,19703,19183,18664,8878,8455,7655,7282,20894,20375,19858,15281,14784,14290,13800,13314,10960,10510,10068,9637,9218,8811,8420,8047,21054,15010,14524,14042,13564,13092,11710,11263,10826,10398,9981,9576,8811,8455,21228,14300,13832,13369,12912,12461,12018,11584,11159,10744,10341,9951,9218,21413,20908,19403,18906,16462,15984,14574,14115,13661,13214,12775,12343,11920,11508,11106,10717,10341,9981,21110,20611,20115,19129,18641,18155,17673,17194,16718,16247,14863,14413,13969,13532,13103,12683,12272,11871,11482,11106,10744,17928,17456,16988,16525,16066,15613,15166,14724,14290,13864,13445,13036,12636,12248,11871,11508,17731,17270,16815,16364,15920,15481,15049,14625,14208,13800,13401,13013,12636,12272,18017,17565,17117,16675,16238,15809,15386,14971,14564,14167,13779,13401,13036,12683,18316,17870,17431,16997,16569,16148,15734,15329,14932,14544,14167,13800,18187,17755,17329,16498,16093,15697,15310,14932,14564,14208,18515,18090,17673,16462,15697,15329
16,4122,4464,3941,6585,7119,7655,4364,3827,2232,765,5979,7057,7597,1624,1083,0,541,1083,2165,3248,3789,4330,4872,5413,7578,8119,1712,1712,2232,2760,3292,4901,5440,5979,7597,8137,7655,7119,6585,6052,5520,4990,4464,3941,3423,2915,2421,1952,2421,2915,3423,5520,6052,7655,8191,7750,7222,6695,6172,5651,5135,3631,3156,1952,2296,2706,3631,4122,5135,5651,6172,6695,7222,7750,7881,7362,6847,6336,5830,5331,3903,3466,2165,2232,2421,4364,4841,5331,5830,9592,9074,8558,8047,7539,6540,6052,5573,5106,3827,3156,2706,2760,4656,5106,8558,9074,10270,9758,9249,8745,8245,6782,6312,5855,5413,4228,3903,3631,3423,8745,9249,10454,9951,7057,6607,6172,4656,4364,18906,6932,6518,6124,19561,19037,7693,7282,6889,21269,20746,20224,19703,9758,9313,8455,8047,21934,21413,20894,16283,15781,15281,14784,14290,11884,11418,10960,10510,10068,9637,9218,8811,22087,15993,15500,15010,14524,14042,12625,12164,11710,11263,10826,10398,9576,9186,22252,15252,14774,14300,13832,13369,12912,12461,12018,11584,11159,10744,9951,22429,21920,20404,19903,17431,16945,15509,15039,14574,14115,13661,13214,12775,12343,11920,11508,11106,10717,22113,21611,21110,20115,19621,19129,18641,18155,17673,17194,15781,15319,14863,14413,13969,13532,13103,12683,12272,11871,11482,18883,18404,17928,17456,16988,16525,16066,15613,15166,14724,14290,13864,13445,13036,12636,12248,18664,18195,17731,17270,16815,16364,15920,15481,15049,14625,14208,13800,13401,13013,18937,18475,18017,17565,17117,16675,16238,15809,15386,14971,14564,14167,13779,13401,19221,18766,18316,17870,17431,16997,16569,16148,15734,15329,14932,14544,19068,18625,18187,17329,16910,16498,16093,15697,15310,14932,19381,18945,18515,17262,16462,16075
17,4625,4990,4464,6052,6585,7119,4901,4364,2760,541,5440,6518,7057,2165,1624,541,0,541,1624,2706,3248,3789,4330,4872,7037,7578,2232,1210,1712,2232,2760,4364,4901,5440,7057,7597,8191,7655,7119,6585,6052,5520,4990,4464,3941,3423,2915,2421,1952,2421,2915,4990,5520,7119,7655,8280,7750,7222,6695,6172,5651,4122,3631,1712,1952,2296,3156,3631,4625,5135,5651,6172,6695,7222,8403,7881,7362,6847,6336,5830,4364,3903,2232,2165,2232,3903,4364,4841,5331,10112,9592,9074,8558,8047,7037,6540,6052,5573,4228,3466,2760,2706,4228,4656,8047,8558,10785,10270,9758,9249,8745,7262,6782,6312,5855,4593,4228,3903,3631,8245,8745,10960,10454,7520,7057,6607,4990,4656,19433,7362,6932,6518,20086,19561,8119,7693,7282,21793,21269,20746,20224,10213,9758,8878,8455,22455,21934,21413,16788,16283,15781,15281,14784,12355,11884,11418,10960,10510,10068,9637,9218,22605,16489,15993,15500,15010,14524,13092,12625,12164,11710,11263,10826,9981,9576,22766,15734,15252,14774,14300,13832,13369,12912,12461,12018,11584,11159,10341,22939,22429,20908,20404,17920,17431,15984,15509,15039,14574,14115,13661,13214,12775,12343,11920,11508,11106,22617,22113,21611,20611,20115,19621,19129,18641,18155,17673,16247,15781,15319,14863,14413,13969,13532,13103,12683,12272,11871,19365,18883,18404,17928,17456,16988,16525,16066,15613,15166,14724,14290,13864,13445,13036,12636,19137,18664,18195,17731,17270,16815,16364,15920,15481,15049,14625,14208,13800,13401,19403,18937,18475,18017,17565,17117,16675,16238,15809,15386,14971,14564,14167,13779,19681,19221,18766,18316,17870,17431,16997,16569,16148,15734,15329,14932,19516,19068,18625,17755,17329,16910,16498,16093,15697,15310,19821,19381,18945,17673,16858,16462
18,5135,5520,4990,5520,6052,6585,5440,4901,3292,765,4901,5979,6518,2706,2165,1083,541,0,1083,2165,2706,3248,3789,4330,6495,7037,2760,765,1210,1712,2232,3827,4364,4901,6518,7057,8728,8191,7655,7119,6585,6052,5520,4990,4464,3941,3423,2915,1531,1952,2421,4464,4990,6585,7119,8811,8280,7750,7222,6695,6172,4625,4122,1624,1712,1952,2706,3156,4122,4625,5135,5651,6172,6695,8927,8403,7881,7362,6847,6336,4841,4364,2421,2232,2165,3466,3903,4364,4841,10634,10112,9592,9074,8558,7539,7037,6540,6052,4656,3827,2915,2760,3827,4228,7539,8047,11302,10785,10270,9758,9249,7750,7262,6782,6312,4990,4593,4228,3903,7750,8245,11470,10960,7992,7520,7057,5358,4990,19961,7806,7362,6932,20611,20086,8558,8119,7693,22318,21793,21269,20746,10676,10213,9313,8878,22977,22455,21934,17296,16788,16283,15781,15281,12832,12355,11884,11418,10960,10510,10068,9637,23123,16988,16489,15993,15500,15010,13564,13092,12625,12164,11710,11263,10398,9981,23281,16220,15734,15252,14774,14300,13832,13369,12912,12461,12018,11584,10744,23451,22939,21413,20908,18411,17920,16462,15984,15509,15039,14574,14115,13661,13214,12775,12343,11920,11508,23123,22617,22113,21110,20611,20115,19621,19129,18641,18155,16718,16247,15781,15319,14863,14413,13969,13532,13103,12683,12272,19851,19365,18883,18404,17928,17456,16988,16525,16066,15613,15166,14724,14290,13864,13445,13036,19613,19137,18664,18195,17731,17270,16815,16364,15920,15481,15049,14625,14208,13800,19873,19403,18937,18475,18017,17565,17117,16675,16238,15809,15386,14971,14564,14167,20144,19681,19221,18766,18316,17870,17431,16997,16569,16148,15734,15329,19969,19516,19068,18187,17755,17329,16910,16498,16093,15697,20267,19821,19381,18090,17262,16858
19,6172,6585,6052,4464,4990,5520,6518,5979,4364,1712,3827,4901,5440,3789,3248,2165,1624,1083,0,1083,1624,2165,2706,3248,5413,5954,3827,765,541,765,1210,2760,3292,3827,5440,5979,9803,9265,8728,8191,7655,7119,6585,6052,5520,4990,4464,3941,1083,1210,1531,3423,3941,5520,6052,9877,9344,8811,8280,7750,7222,5651,5135,1952,1712,1624,1952,2296,3156,3631,4122,4625,5135,5651,9981,9453,8927,8403,7881,7362,5830,5331,3062,2706,2421,2706,3062,3466,3903,11685,11159,10634,10112,9592,8558,8047,7539,7037,5573,4656,3466,3156,3156,3466,6540,7037,12343,11822,11302,10785,10270,8745,8245,7750,7262,5855,5413,4990,4593,6782,7262,12496,11982,8960,8472,7992,6172,5754,21020,8728,8262,7806,21665,21138,9469,9009,8558,23369,22843,22318,21793,11622,11146,10213,9758,24025,23501,22977,18316,17805,17296,16788,16283,13800,13314,12832,12355,11884,11418,10960,10510,24164,17993,17489,16988,16489,15993,14524,14042,13564,13092,12625,12164,11263,10826,24315,17202,16710,16220,15734,15252,14774,14300,13832,13369,12912,12461,11584,24478,23963,22429,21920,19403,18906,17431,16945,16462,15984,15509,15039,14574,14115,13661,13214,12775,12343,24140,23631,23123,22113,21611,21110,20611,20115,19621,19129,17673,17194,16718,16247,15781,15319,14863,14413,13969,13532,13103,20830,20339,19851,19365,18883,18404,17928,17456,16988,16525,16066,15613,15166,14724,14290,13864,20576,20093,19613,19137,18664,18195,17731,17270,16815,16364,15920,15481,15049,14625,20823,20347,19873,19403,18937,18475,18017,17565,17117,16675,16238,15809,15386,14971,21082,20611,20144,19681,19221,18766,18316,17870,17431,16997,16569,16148,20887,20426,19969,19068,18625,18187,17755,17329,16910,16498,21172,20718,20267,18945,18090,17673
20,7222,7655,7119,3423,3941,4464,7597,7057,5440,2760,2760,3827,4364,4872,4330,3248,2706,2165,1083,0,541,1083,1624,2165,4330,4872,4901,1712,1210,765,541,1712,2232,2760,4364,4901,10880,10341,9803,9265,8728,8191,7655,7119,6585,6052,5520,4990,1531,1210,1083,2421,2915,4464,4990,10947,10412,9877,9344,8811,8280,6695,6172,2706,2296,1952,1624,1712,2296,2706,3156,3631,4122,4625,11040,10510,9981,9453,8927,8403,6847,6336,3903,3466,3062,2232,2421,2706,3062,12740,12212,11685,11159,10634,9592,9074,8558,8047,6540,5573,4228,3827,2760,2915,5573,6052,13391,12866,12343,11822,11302,9758,9249,8745,8245,6782,6312,5855,5413,5855,6312,13532,13013,9951,9453,8960,7057,6607,22080,9683,9202,8728,22721,22192,10412,9937,9469,24424,23896,23369,22843,12590,12103,11146,10676,25075,24549,24025,19343,18828,18316,17805,17296,14784,14290,13800,13314,12832,12355,11884,11418,25209,19007,18499,17993,17489,16988,15500,15010,14524,14042,13564,13092,12164,11710,25354,18195,17697,17202,16710,16220,15734,15252,14774,14300,13832,13369,12461,25509,24993,23451,22939,20404,19903,18411,17920,17431,16945,16462,15984,15509,15039,14574,14115,13661,13214,25162,24651,24140,23123,22617,22113,21611,21110,20611,20115,18641,18155,17673,17194,16718,16247,15781,15319,14863,14413,13969,21820,21324,20830,20339,19851,19365,18883,18404,17928,17456,16988,16525,16066,15613,15166,14724,21549,21061,20576,20093,19613,19137,18664,18195,17731,17270,16815,16364,15920,15481,21786,21303,20823,20347,19873,19403,18937,18475,18017,17565,17117,16675,16238,15809,22033,21556,21082,20611,20144,19681,19221,18766,18316,17870,17431,16997,21820,21351,20887,19969,19516,19068,18625,18187,17755,17329,22093,21631,21172,19821,18945,18515
21,7750,8191,7655,2915,3423,3941,8137,7597,5979,3292,2232,3292,3827,5413,4872,3789,3248,2706,1624,541,0,541,1083,1624,3789,4330,5440,2232,1712,1210,765,1210,1712,2232,3827,4364,11418,10880,10341,9803,9265,8728,8191,7655,7119,6585,6052,5520,1952,1531,1210,1952,2421,3941,4464,11482,10947,10412,9877,9344,8811,7222,6695,3156,2706,2296,1712,1624,1952,2296,2706,3156,3631,4122,11571,11040,10510,9981,9453,8927,7362,6847,4364,3903,3466,2165,2232,2421,2706,13270,12740,12212,11685,11159,10112,9592,9074,8558,7037,6052,4656,4228,2706,2760,5106,5573,13916,13391,12866,12343,11822,10270,9758,9249,8745,7262,6782,6312,5855,5413,5855,14052,13532,10454,9951,9453,7520,7057,22611,10170,9683,9202,23250,22721,10893,10412,9937,24952,24424,23896,23369,13081,12590,11622,11146,25601,25075,24549,19858,19343,18828,18316,17805,15281,14784,14290,13800,13314,12832,12355,11884,25732,19516,19007,18499,17993,17489,15993,15500,15010,14524,14042,13564,12625,12164,25874,18696,18195,17697,17202,16710,16220,15734,15252,14774,14300,13832,12912,26027,25509,23963,23451,20908,20404,18906,18411,17920,17431,16945,16462,15984,15509,15039,14574,14115,13661,25675,25162,24651,23631,23123,22617,22113,21611,21110,20611,19129,18641,18155,17673,17194,16718,16247,15781,15319,14863,14413,22318,21820,21324,20830,20339,19851,19365,18883,18404,17928,17456,16988,16525,16066,15613,15166,22040,21549,21061,20576,20093,19613,19137,18664,18195,17731,17270,16815,16364,15920,22272,21786,21303,20823,20347,19873,19403,18937,18475,18017,17565,17117,16675,16238,22514,22033,21556,21082,20611,20144,19681,19221,18766,18316,17870,17431,22291,21820,21351,20426,19969,19516,19068,18625,18187,17755,22559,22093,21631,20267,19381,18945
22,8280,8728,8191,2421,2915,3423,8677,8137,6518,3827,1712,2760,3292,5954,5413,4330,3789,3248,2165,1083,541,0,541,1083,3248,3789,5979,2760,2232,1712,1210,765,1210,1712,3292,3827,11957,11418,10880,10341,9803,9265,8728,8191,7655,7119,6585,6052,2421,1952,1531,1531,1952,3423,3941,12018,11482,10947,10412,9877,9344,7750,7222,3631,3156,2706,1952,1712,1712,1952,2296,2706,3156,3631,12103,11571,11040,10510,9981,9453,7881,7362,4841,4364,3903,2232,2165,2232,2421,13800,13270,12740,12212,11685,10634,10112,9592,9074,7539,6540,5106,4656,2760,2706,4656,5106,14443,13916,13391,12866,12343,10785,10270,9758,9249,7750,7262,6782,6312,4990,5413,14574,14052,10960,10454,9951,7992,7520,23142,10662,10170,9683,23779,23250,11380,10893,10412,25480,24952,24424,23896,13575,13081,12103,11622,26128,25601,25075,20375,19858,19343,18828,18316,15781,15281,14784,14290,13800,13314,12832,12355,26256,20027,19516,19007,18499,17993,16489,15993,15500,15010,14524,14042,13092,12625,26395,19198,18696,18195,17697,17202,16710,16220,15734,15252,14774,14300,13369,26545,26027,24478,23963,21413,20908,19403,18906,18411,17920,17431,16945,16462,15984,15509,15039,14574,14115,26189,25675,25162,24140,23631,23123,22617,22113,21611,21110,19621,19129,18641,18155,17673,17194,16718,16247,15781,15319,14863,22817,22318,21820,21324,20830,20339,19851,19365,18883,18404,17928,17456,16988,16525,16066,15613,22533,22040,21549,21061,20576,20093,19613,19137,18664,18195,17731,17270,16815,16364,22760,22272,21786,21303,20823,20347,19873,19403,18937,18475,18017,17565,17117,16675,22996,22514,22033,21556,21082,20611,20144,19681,19221,18766,18316,17870,22766,22291,21820,20887,20426,19969,19516,19068,18625,18187,23028,22559,22093,20718,19821,19381
23,8811,9265,8728,1952,2421,2915,9218,8677,7057,4364,1210,2232,2760,6495,5954,4872,4330,3789,2706,1624,1083,541,0,541,2706,3248,6518,3292,2760,2232,1712,541,765,1210,2760,3292,12496,11957,11418,10880,10341,9803,9265,8728,8191,7655,7119,6585,2915,2421,1952,1210,1531,2915,3423,12555,12018,11482,10947,10412,9877,8280,7750,4122,3631,3156,2296,1952,1624,1712,1952,2296,2706,3156,12636,12103,11571,11040,10510,9981,8403,7881,5331,4841,4364,2421,2232,2165,2232,14331,13800,13270,12740,12212,11159,10634,10112,9592,8047,7037,5573,5106,2915,2760,4228,4656,14971,14443,13916,13391,12866,11302,10785,10270,9758,8245,7750,7262,6782,4593,4990,15098,14574,11470,10960,10454,8472,7992,23674,11159,10662,10170,24309,23779,11871,11380,10893,26010,25480,24952,24424,14073,13575,12590,12103,26655,26128,25601,20894,20375,19858,19343,18828,16283,15781,15281,14784,14290,13800,13314,12832,26781,20540,20027,19516,19007,18499,16988,16489,15993,15500,15010,14524,13564,13092,26917,19703,19198,18696,18195,17697,17202,16710,16220,15734,15252,14774,13832,27064,26545,24993,24478,21920,21413,19903,19403,18906,18411,17920,17431,16945,16462,15984,15509,15039,14574,26704,26189,25675,24651,24140,23631,23123,22617,22113,21611,20115,19621,19129,18641,18155,17673,17194,16718,16247,15781,15319,23319,22817,22318,21820,21324,20830,20339,19851,19365,18883,18404,17928,17456,16988,16525,16066,23028,22533,22040,21549,21061,20576,20093,19613,19137,18664,18195,17731,17270,16815,23250,22760,22272,21786,21303,20823,20347,19873,19403,18937,18475,18017,17565,17117,23482,22996,22514,22033,21556,21082,20611,20144,19681,19221,18766,18316,23244,22766,22291,21351,20887,20426,19969,19516,19068,18625,23501,23028,22559,21172,20267,19821
24,9344,9803,9265,1531,1952,2421,9758,9218,7597,4901,765,1712,2232,7037,6495,5413,4872,4330,3248,2165,1624,1083,541,0,2165,2706,7057,3827,3292,2760,2232,765,541,765,2232,2760,13036,12496,11957,11418,10880,10341,9803,9265,8728,8191,7655,7119,3423,2915,2421,1083,1210,2421,2915,13092,12555,12018,11482,10947,10412,8811,8280,4625,4122,3631,2706,2296,1712,1624,1712,1952,2296,2706,13170,12636,12103,11571,11040,10510,8927,8403,5830,5331,4841,2706,2421,2232,2165,14863,14331,13800,13270,12740,11685,11159,10634,10112,8558,7539,6052,5573,3156,2915,3827,4228,15500,14971,14443,13916,13391,11822,11302,10785,10270,8745,8245,7750,7262,4228,4593,15622,15098,11982,11470,10960,8960,8472,24207,11660,11159,10662,24840,24309,12367,11871,11380,26539,26010,25480,24952,14574,14073,13081,12590,27183,26655,26128,21413,20894,20375,19858,19343,16788,16283,15781,15281,14784,14290,13800,13314,27306,21054,20540,20027,19516,19007,17489,16988,16489,15993,15500,15010,14042,13564,27440,20209,19703,19198,18696,18195,17697,17202,16710,16220,15734,15252,14300,27584,27064,25509,24993,22429,21920,20404,19903,19403,18906,18411,17920,17431,16945,16462,15984,15509,15039,27221,26704,26189,25162,24651,24140,23631,23123,22617,22113,20611,20115,19621,19129,18641,18155,17673,17194,16718,16247,15781,23822,23319,22817,22318,21820,21324,20830,20339,19851,19365,18883,18404,17928,17456,16988,16525,23525,23028,22533,22040,21549,21061,20576,20093,19613,19137,18664,18195,17731,17270,23742,23250,22760,22272,21786,21303,20823,20347,19873,19403,18937,18475,18017,17565,23970,23482,22996,22514,22033,21556,21082,20611,20144,19681,19221,18766,23724,23244,22766,21820,21351,20887,20426,19969,19516,19068,23976,23501,23028,21631,20718,20267
25,11482,11957,11418,1531,1210,1083,11920,11380,9758,7057,1712,765,541,9202,8660,7578,7037,6495,5413,4330,3789,3248,2706,2165,0,541,9218,5979,5440,4901,4364,2760,2232,1712,541,765,15194,14655,14115,13575,13036,12496,11957,11418,10880,10341,9803,9265,5520,4990,4464,2421,1952,1083,1210,15243,14704,14167,13629,13092,12555,10947,10412,6695,6172,5651,4625,4122,3156,2706,2296,1952,1712,1624,15310,14774,14239,13704,13170,12636,11040,10510,7881,7362,6847,4364,3903,3466,3062,16997,16462,15929,15396,14863,13800,13270,12740,12212,10634,9592,8047,7539,4656,4228,2760,2915,17623,17091,16560,16030,15500,13916,13391,12866,12343,10785,10270,9758,9249,3292,3423,17731,17202,14052,13532,13013,10960,10454,26340,13693,13181,12671,26966,26434,14382,13874,13369,28662,28131,27600,27069,16604,16093,15078,14574,29299,28769,28240,23501,22977,22455,21934,21413,18828,18316,17805,17296,16788,16283,15781,15281,29414,23123,22605,22087,21570,21054,19516,19007,18499,17993,17489,16988,15993,15500,29538,22252,21739,21228,20718,20209,19703,19198,18696,18195,17697,17202,16220,29672,29149,27584,27064,24478,23963,22429,21920,21413,20908,20404,19903,19403,18906,18411,17920,17431,16945,29294,28775,28256,27221,26704,26189,25675,25162,24651,24140,22617,22113,21611,21110,20611,20115,19621,19129,18641,18155,17673,25851,25342,24834,24328,23822,23319,22817,22318,21820,21324,20830,20339,19851,19365,18883,18404,25532,25028,24525,24025,23525,23028,22533,22040,21549,21061,20576,20093,19613,19137,25732,25232,24734,24237,23742,23250,22760,22272,21786,21303,20823,20347,19873,19403,25942,25446,24952,24460,23970,23482,22996,22514,22033,21556,21082,20611,25669,25180,24692,23724,23244,22766,22291,21820,21351,20887,25902,25417,24934,23501,22559,22093
26,12018,12496,11957,1952,1531,1210,12461,11920,10299,7597,2232,1210,765,9743,9202,8119,7578,7037,5954,4872,4330,3789,3248,2706,541,0,9758,6518,5979,5440,4901,3292,2760,2232,765,541,15734,15194,14655,14115,13575,13036,12496,11957,11418,10880,10341,9803,6052,5520,4990,2915,2421,1210,1083,15781,15243,14704,14167,13629,13092,11482,10947,7222,6695,6172,5135,4625,3631,3156,2706,2296,1952,1712,15846,15310,14774,14239,13704,13170,11571,11040,8403,7881,7362,4841,4364,3903,3466,17531,16997,16462,15929,15396,14331,13800,13270,12740,11159,10112,8558,8047,5106,4656,2706,2760,18155,17623,17091,16560,16030,14443,13916,13391,12866,11302,10785,10270,9758,3248,3292,18260,17731,14574,14052,13532,11470,10960,26874,14208,13693,13181,27499,26966,14893,14382,13874,29194,28662,28131,27600,17117,16604,15585,15078,29829,29299,28769,24025,23501,22977,22455,21934,19343,18828,18316,17805,17296,16788,16283,15781,29942,23643,23123,22605,22087,21570,20027,19516,19007,18499,17993,17489,16489,15993,30064,22766,22252,21739,21228,20718,20209,19703,19198,18696,18195,17697,16710,30195,29672,28105,27584,24993,24478,22939,22429,21920,21413,20908,20404,19903,19403,18906,18411,17920,17431,29815,29294,28775,27738,27221,26704,26189,25675,25162,24651,23123,22617,22113,21611,21110,20611,20115,19621,19129,18641,18155,26362,25851,25342,24834,24328,23822,23319,22817,22318,21820,21324,20830,20339,19851,19365,18883,26038,25532,25028,24525,24025,23525,23028,22533,22040,21549,21061,20576,20093,19613,26234,25732,25232,24734,24237,23742,23250,22760,22272,21786,21303,20823,20347,19873,26440,25942,25446,24952,24460,23970,23482,22996,22514,22033,21556,21082,26161,25669,25180,24207,23724,23244,22766,22291,21820,21351,26390,25902,25417,23976,23028,22559
27,3062,3156,2706,8280,8811,9344,2915,2421,1210,2421,7655,8728,9265,541,765,1712,2232,2760,3827,4901,5440,5979,6518,7057,9218,9758,0,3248,3789,4330,4872,6495,7037,7578,9202,9743,5979,5440,4901,4364,3827,3292,2760,2232,1712,1210,765,541,3827,4364,4901,7057,7597,9218,9758,6052,5520,4990,4464,3941,3423,1952,1531,2915,3423,3941,4990,5520,6585,7119,7655,8191,8728,9265,6172,5651,5135,4625,4122,3631,2296,1952,2296,2706,3156,5651,6172,6695,7222,7881,7362,6847,6336,5830,4841,4364,3903,3466,2421,2165,2706,3062,5830,6336,9981,10510,8558,8047,7539,7037,6540,5106,4656,4228,3827,2915,2760,2706,2760,10112,10634,8745,8245,5413,4990,4593,3423,3292,17202,5358,4990,4656,17854,17329,6124,5754,5413,19561,19037,18515,17993,8119,7693,6889,6518,20224,19703,19183,14574,14073,13575,13081,12590,10213,9758,9313,8878,8455,8047,7655,7282,20375,14290,13800,13314,12832,12355,10960,10510,10068,9637,9218,8811,8047,7693,20540,13564,13092,12625,12164,11710,11263,10826,10398,9981,9576,9186,8455,20718,20209,18696,18195,15734,15252,13832,13369,12912,12461,12018,11584,11159,10744,10341,9951,9576,9218,20404,19903,19403,18411,17920,17431,16945,16462,15984,15509,14115,13661,13214,12775,12343,11920,11508,11106,10717,10341,9981,17194,16718,16247,15781,15319,14863,14413,13969,13532,13103,12683,12272,11871,11482,11106,10744,16988,16525,16066,15613,15166,14724,14290,13864,13445,13036,12636,12248,11871,11508,17270,16815,16364,15920,15481,15049,14625,14208,13800,13401,13013,12636,12272,11920,17565,17117,16675,16238,15809,15386,14971,14564,14167,13779,13401,13036,17431,16997,16569,15734,15329,14932,14544,14167,13800,13445,17755,17329,16910,15697,14932,14564
28,5830,6172,5651,5135,5651,6172,6052,5520,3941,1531,4464,5520,6052,3292,2760,1712,1210,765,765,1712,2232,2760,3292,3827,5979,6518,3248,0,541,1083,1624,3248,3789,4330,5954,6495,9218,8677,8137,7597,7057,6518,5979,5440,4901,4364,3827,3292,765,1210,1712,3827,4364,5979,6518,9265,8728,8191,7655,7119,6585,4990,4464,1210,1083,1210,1952,2421,3423,3941,4464,4990,5520,6052,9344,8811,8280,7750,7222,6695,5135,4625,2296,1952,1712,2706,3156,3631,4122,11040,10510,9981,9453,8927,7881,7362,6847,6336,4841,3903,2706,2421,3062,3466,6847,7362,11685,11159,10634,10112,9592,8047,7539,7037,6540,5106,4656,4228,3827,7037,7539,11822,11302,8245,7750,7262,5413,4990,20383,7992,7520,7057,21020,20490,8728,8262,7806,22721,22192,21665,21138,10893,10412,9469,9009,23369,22843,22318,17631,17117,16604,16093,15585,13081,12590,12103,11622,11146,10676,10213,9758,23501,17296,16788,16283,15781,15281,13800,13314,12832,12355,11884,11418,10510,10068,23643,16489,15993,15500,15010,14524,14042,13564,13092,12625,12164,11710,10826,23798,23281,21739,21228,18696,18195,16710,16220,15734,15252,14774,14300,13832,13369,12912,12461,12018,11584,23451,22939,22429,21413,20908,20404,19903,19403,18906,18411,16945,16462,15984,15509,15039,14574,14115,13661,13214,12775,12343,20115,19621,19129,18641,18155,17673,17194,16718,16247,15781,15319,14863,14413,13969,13532,13103,19851,19365,18883,18404,17928,17456,16988,16525,16066,15613,15166,14724,14290,13864,20093,19613,19137,18664,18195,17731,17270,16815,16364,15920,15481,15049,14625,14208,20347,19873,19403,18937,18475,18017,17565,17117,16675,16238,15809,15386,20144,19681,19221,18316,17870,17431,16997,16569,16148,15734,20426,19969,19516,18187,17329,16910
29,6336,6695,6172,4625,5135,5651,6585,6052,4464,1952,3941,4990,5520,3827,3292,2232,1712,1210,541,1210,1712,2232,2760,3292,5440,5979,3789,541,0,541,1083,2706,3248,3789,5413,5954,9758,9218,8677,8137,7597,7057,6518,5979,5440,4901,4364,3827,541,765,1210,3292,3827,5440,5979,9803,9265,8728,8191,7655,7119,5520,4990,1531,1210,1083,1531,1952,2915,3423,3941,4464,4990,5520,9877,9344,8811,8280,7750,7222,5651,5135,2706,2296,1952,2296,2706,3156,3631,11571,11040,10510,9981,9453,8403,7881,7362,6847,5331,4364,3062,2706,2706,3062,6336,6847,12212,11685,11159,10634,10112,8558,8047,7539,7037,5573,5106,4656,4228,6540,7037,12343,11822,8745,8245,7750,5855,5413,20915,8472,7992,7520,21549,21020,9202,8728,8262,23250,22721,22192,21665,11380,10893,9937,9469,23896,23369,22843,18147,17631,17117,16604,16093,13575,13081,12590,12103,11622,11146,10676,10213,24025,17805,17296,16788,16283,15781,14290,13800,13314,12832,12355,11884,10960,10510,24164,16988,16489,15993,15500,15010,14524,14042,13564,13092,12625,12164,11263,24315,23798,22252,21739,19198,18696,17202,16710,16220,15734,15252,14774,14300,13832,13369,12912,12461,12018,23963,23451,22939,21920,21413,20908,20404,19903,19403,18906,17431,16945,16462,15984,15509,15039,14574,14115,13661,13214,12775,20611,20115,19621,19129,18641,18155,17673,17194,16718,16247,15781,15319,14863,14413,13969,13532,20339,19851,19365,18883,18404,17928,17456,16988,16525,16066,15613,15166,14724,14290,20576,20093,19613,19137,18664,18195,17731,17270,16815,16364,15920,15481,15049,14625,20823,20347,19873,19403,18937,18475,18017,17565,17117,16675,16238,15809,20611,20144,19681,18766,18316,17870,17431,16997,16569,16148,20887,20426,19969,18625,17755,17329
30,6847,7222,6695,4122,4625,5135,7119,6585,4990,2421,3423,4464,4990,4364,3827,2760,2232,1712,765,765,1210,1712,2232,2760,4901,5440,4330,1083,541,0,541,2165,2706,3248,4872,5413,10299,9758,9218,8677,8137,7597,7057,6518,5979,5440,4901,4364,765,541,765,2760,3292,4901,5440,10341,9803,9265,8728,8191,7655,6052,5520,1952,1531,1210,1210,1531,2421,2915,3423,3941,4464,4990,10412,9877,9344,8811,8280,7750,6172,5651,3156,2706,2296,1952,2296,2706,3156,12103,11571,11040,10510,9981,8927,8403,7881,7362,5830,4841,3466,3062,2421,2706,5830,6336,12740,12212,11685,11159,10634,9074,8558,8047,7539,6052,5573,5106,4656,6052,6540,12866,12343,9249,8745,8245,6312,5855,21447,8960,8472,7992,22080,21549,9683,9202,8728,23779,23250,22721,22192,11871,11380,10412,9937,24424,23896,23369,18664,18147,17631,17117,16604,14073,13575,13081,12590,12103,11622,11146,10676,24549,18316,17805,17296,16788,16283,14784,14290,13800,13314,12832,12355,11418,10960,24686,17489,16988,16489,15993,15500,15010,14524,14042,13564,13092,12625,11710,24834,24315,22766,22252,19703,19198,17697,17202,16710,16220,15734,15252,14774,14300,13832,13369,12912,12461,24478,23963,23451,22429,21920,21413,20908,20404,19903,19403,17920,17431,16945,16462,15984,15509,15039,14574,14115,13661,13214,21110,20611,20115,19621,19129,18641,18155,17673,17194,16718,16247,15781,15319,14863,14413,13969,20830,20339,19851,19365,18883,18404,17928,17456,16988,16525,16066,15613,15166,14724,21061,20576,20093,19613,19137,18664,18195,17731,17270,16815,16364,15920,15481,15049,21303,20823,20347,19873,19403,18937,18475,18017,17565,17117,16675,16238,21082,20611,20144,19221,18766,18316,17870,17431,16997,16569,21351,20887,20426,19068,18187,17755
31,7362,7750,7222,3631,4122,4625,7655,7119,5520,2915,2915,3941,4464,4901,4364,3292,2760,2232,1210,541,765,1210,1712,2232,4364,4901,4872,1624,1083,541,0,1624,2165,2706,4330,4872,10839,10299,9758,9218,8677,8137,7597,7057,6518,5979,5440,4901,1210,765,541,2232,2760,4364,4901,10880,10341,9803,9265,8728,8191,6585,6052,2421,1952,1531,1083,1210,1952,2421,2915,3423,3941,4464,10947,10412,9877,9344,8811,8280,6695,6172,3631,3156,2706,1712,1952,2296,2706,12636,12103,11571,11040,10510,9453,8927,8403,7881,6336,5331,3903,3466,2232,2421,5331,5830,13270,12740,12212,11685,11159,9592,9074,8558,8047,6540,6052,5573,5106,5573,6052,13391,12866,9758,9249,8745,6782,6312,21980,9453,8960,8472,22611,22080,10170,9683,9202,24309,23779,23250,22721,12367,11871,10893,10412,24952,24424,23896,19183,18664,18147,17631,17117,14574,14073,13575,13081,12590,12103,11622,11146,25075,18828,18316,17805,17296,16788,15281,14784,14290,13800,13314,12832,11884,11418,25209,17993,17489,16988,16489,15993,15500,15010,14524,14042,13564,13092,12164,25354,24834,23281,22766,20209,19703,18195,17697,17202,16710,16220,15734,15252,14774,14300,13832,13369,12912,24993,24478,23963,22939,22429,21920,21413,20908,20404,19903,18411,17920,17431,16945,16462,15984,15509,15039,14574,14115,13661,21611,21110,20611,20115,19621,19129,18641,18155,17673,17194,16718,16247,15781,15319,14863,14413,21324,20830,20339,19851,19365,18883,18404,17928,17456,16988,16525,16066,15613,15166,21549,21061,20576,20093,19613,19137,18664,18195,17731,17270,16815,16364,15920,15481,21786,21303,20823,20347,19873,19403,18937,18475,18017,17565,17117,16675,21556,21082,20611,19681,19221,18766,18316,17870,17431,16997,21820,21351,20887,19516,18625,18187
32,8927,9344,8811,2296,2706,3156,9265,8728,7119,4464,1531,2421,2915,6518,5979,4901,4364,3827,2760,1712,1210,765,541,765,2760,3292,6495,3248,2706,2165,1624,0,541,1083,2706,3248,12461,11920,11380,10839,10299,9758,9218,8677,8137,7597,7057,6518,2760,2232,1712,765,1210,2760,3292,12496,11957,11418,10880,10341,9803,8191,7655,3941,3423,2915,1952,1531,1083,1210,1531,1952,2421,2915,12555,12018,11482,10947,10412,9877,8280,7750,5135,4625,4122,1952,1712,1624,1712,14239,13704,13170,12636,12103,11040,10510,9981,9453,7881,6847,5331,4841,2421,2232,3903,4364,14863,14331,13800,13270,12740,11159,10634,10112,9592,8047,7539,7037,6540,4228,4656,14971,14443,11302,10785,10270,8245,7750,23581,10960,10454,9951,24207,23674,11660,11159,10662,25902,25371,24840,24309,13874,13369,12367,11871,26539,26010,25480,20746,20224,19703,19183,18664,16093,15585,15078,14574,14073,13575,13081,12590,26655,20375,19858,19343,18828,18316,16788,16283,15781,15281,14784,14290,13314,12832,26781,19516,19007,18499,17993,17489,16988,16489,15993,15500,15010,14524,13564,26917,26395,24834,24315,21739,21228,19703,19198,18696,18195,17697,17202,16710,16220,15734,15252,14774,14300,26545,26027,25509,24478,23963,23451,22939,22429,21920,21413,19903,19403,18906,18411,17920,17431,16945,16462,15984,15509,15039,23123,22617,22113,21611,21110,20611,20115,19621,19129,18641,18155,17673,17194,16718,16247,15781,22817,22318,21820,21324,20830,20339,19851,19365,18883,18404,17928,17456,16988,16525,23028,22533,22040,21549,21061,20576,20093,19613,19137,18664,18195,17731,17270,16815,23250,22760,22272,21786,21303,20823,20347,19873,19403,18937,18475,18017,22996,22514,22033,21082,20611,20144,19681,19221,18766,18316,23244,22766,22291,20887,19969,19516
33,9453,9877,9344,1952,2296,2706,9803,9265,7655,4990,1210,1952,2421,7057,6518,5440,4901,4364,3292,2232,1712,1210,765,541,2232,2760,7037,3789,3248,2706,2165,541,0,541,2165,2706,13002,12461,11920,11380,10839,10299,9758,9218,8677,8137,7597,7057,3292,2760,2232,541,765,2232,2760,13036,12496,11957,11418,10880,10341,8728,8191,4464,3941,3423,2421,1952,1210,1083,1210,1531,1952,2421,13092,12555,12018,11482,10947,10412,8811,8280,5651,5135,4625,2296,1952,1712,1624,14774,14239,13704,13170,12636,11571,11040,10510,9981,8403,7362,5830,5331,2706,2421,3466,3903,15396,14863,14331,13800,13270,11685,11159,10634,10112,8558,8047,7539,7037,3827,4228,15500,14971,11822,11302,10785,8745,8245,24116,11470,10960,10454,24740,24207,12164,11660,11159,26434,25902,25371,24840,14382,13874,12866,12367,27069,26539,26010,21269,20746,20224,19703,19183,16604,16093,15585,15078,14574,14073,13575,13081,27183,20894,20375,19858,19343,18828,17296,16788,16283,15781,15281,14784,13800,13314,27306,20027,19516,19007,18499,17993,17489,16988,16489,15993,15500,15010,14042,27440,26917,25354,24834,22252,21739,20209,19703,19198,18696,18195,17697,17202,16710,16220,15734,15252,14774,27064,26545,26027,24993,24478,23963,23451,22939,22429,21920,20404,19903,19403,18906,18411,17920,17431,16945,16462,15984,15509,23631,23123,22617,22113,21611,21110,20611,20115,19621,19129,18641,18155,17673,17194,16718,16247,23319,22817,22318,21820,21324,20830,20339,19851,19365,18883,18404,17928,17456,16988,23525,23028,22533,22040,21549,21061,20576,20093,19613,19137,18664,18195,17731,17270,23742,23250,22760,22272,21786,21303,20823,20347,19873,19403,18937,18475,23482,22996,22514,21556,21082,20611,20144,19681,19221,18766,23724,23244,22766,21351,20426,19969
34,9981,10412,9877,1712,1952,2296,10341,9803,8191,5520,1083,1531,1952,7597,7057,5979,5440,4901,3827,2760,2232,1712,1210,765,1712,2232,7578,4330,3789,3248,2706,1083,541,0,1624,2165,13543,13002,12461,11920,11380,10839,10299,9758,9218,8677,8137,7597,3827,3292,2760,765,541,1712,2232,13575,13036,12496,11957,11418,10880,9265,8728,4990,4464,3941,2915,2421,1531,1210,1083,1210,1531,1952,13629,13092,12555,12018,11482,10947,9344,8811,6172,5651,5135,2706,2296,1952,1712,15310,14774,14239,13704,13170,12103,11571,11040,10510,8927,7881,6336,5830,3062,2706,3062,3466,15929,15396,14863,14331,13800,12212,11685,11159,10634,9074,8558,8047,7539,3466,3827,16030,15500,12343,11822,11302,9249,8745,24651,11982,11470,10960,25273,24740,12671,12164,11660,26966,26434,25902,25371,14893,14382,13369,12866,27600,27069,26539,21793,21269,20746,20224,19703,17117,16604,16093,15585,15078,14574,14073,13575,27711,21413,20894,20375,19858,19343,17805,17296,16788,16283,15781,15281,14290,13800,27833,20540,20027,19516,19007,18499,17993,17489,16988,16489,15993,15500,14524,27964,27440,25874,25354,22766,22252,20718,20209,19703,19198,18696,18195,17697,17202,16710,16220,15734,15252,27584,27064,26545,25509,24993,24478,23963,23451,22939,22429,20908,20404,19903,19403,18906,18411,17920,17431,16945,16462,15984,24140,23631,23123,22617,22113,21611,21110,20611,20115,19621,19129,18641,18155,17673,17194,16718,23822,23319,22817,22318,21820,21324,20830,20339,19851,19365,18883,18404,17928,17456,24025,23525,23028,22533,22040,21549,21061,20576,20093,19613,19137,18664,18195,17731,24237,23742,23250,22760,22272,21786,21303,20823,20347,19873,19403,18937,23970,23482,22996,22033,21556,21082,20611,20144,19681,19221,24207,23724,23244,21820,20887,20426
35,11571,12018,11482,1952,1712,1624,11957,11418,9803,7119,1952,1210,1083,9218,8677,7597,7057,6518,5440,4364,3827,3292,2760,2232,541,765,9202,5954,5413,4872,4330,2706,2165,1624,0,541,15166,14625,14084,13543,13002,12461,11920,11380,10839,10299,9758,9218,5440,4901,4364,2232,1712,541,765,15194,14655,14115,13575,13036,12496,10880,10341,6585,6052,5520,4464,3941,2915,2421,1952,1531,1210,1083,15243,14704,14167,13629,13092,12555,10947,10412,7750,7222,6695,4122,3631,3156,2706,16919,16382,15846,15310,14774,13704,13170,12636,12103,10510,9453,7881,7362,4364,3903,2232,2421,17531,16997,16462,15929,15396,13800,13270,12740,12212,10634,10112,9592,9074,2760,2915,17623,17091,13916,13391,12866,10785,10270,26256,13532,13013,12496,26874,26340,14208,13693,13181,28565,28032,27499,26966,16436,15920,14893,14382,29194,28662,28131,23369,22843,22318,21793,21269,18664,18147,17631,17117,16604,16093,15585,15078,29299,22977,22455,21934,21413,20894,19343,18828,18316,17805,17296,16788,15781,15281,29414,22087,21570,21054,20540,20027,19516,19007,18499,17993,17489,16988,15993,29538,29013,27440,26917,24315,23798,22252,21739,21228,20718,20209,19703,19198,18696,18195,17697,17202,16710,29149,28627,28105,27064,26545,26027,25509,24993,24478,23963,22429,21920,21413,20908,20404,19903,19403,18906,18411,17920,17431,25675,25162,24651,24140,23631,23123,22617,22113,21611,21110,20611,20115,19621,19129,18641,18155,25342,24834,24328,23822,23319,22817,22318,21820,21324,20830,20339,19851,19365,18883,25532,25028,24525,24025,23525,23028,22533,22040,21549,21061,20576,20093,19613,19137,25732,25232,24734,24237,23742,23250,22760,22272,21786,21303,20823,20347,25446,24952,24460,23482,22996,22514,22033,21556,21082,20611,25669,25180,24692,23244,22291,21820
36,12103,12555,12018,2296,1952,1712,12496,11957,10341,7655,2421,1531,1210,9758,9218,8137,7597,7057,5979,4901,4364,3827,3292,2760,765,541,9743,6495,5954,5413,4872,3248,2706,2165,541,0,15706,15166,14625,14084,13543,13002,12461,11920,11380,10839,10299,9758,5979,5440,4901,2760,2232,765,541,15734,15194,14655,14115,13575,13036,11418,10880,7119,6585,6052,4990,4464,3423,2915,2421,1952,1531,1210,15781,15243,14704,14167,13629,13092,11482,10947,8280,7750,7222,4625,4122,3631,3156,17456,16919,16382,15846,15310,14239,13704,13170,12636,11040,9981,8403,7881,4841,4364,2165,2232,18066,17531,16997,16462,15929,14331,13800,13270,12740,11159,10634,10112,9592,2706,2760,18155,17623,14443,13916,13391,11302,10785,26792,14052,13532,13013,27408,26874,14724,14208,13693,29099,28565,28032,27499,16953,16436,15405,14893,29726,29194,28662,23896,23369,22843,22318,21793,19183,18664,18147,17631,17117,16604,16093,15585,29829,23501,22977,22455,21934,21413,19858,19343,18828,18316,17805,17296,16283,15781,29942,22605,22087,21570,21054,20540,20027,19516,19007,18499,17993,17489,16489,30064,29538,27964,27440,24834,24315,22766,22252,21739,21228,20718,20209,19703,19198,18696,18195,17697,17202,29672,29149,28627,27584,27064,26545,26027,25509,24993,24478,22939,22429,21920,21413,20908,20404,19903,19403,18906,18411,17920,26189,25675,25162,24651,24140,23631,23123,22617,22113,21611,21110,20611,20115,19621,19129,18641,25851,25342,24834,24328,23822,23319,22817,22318,21820,21324,20830,20339,19851,19365,26038,25532,25028,24525,24025,23525,23028,22533,22040,21549,21061,20576,20093,19613,26234,25732,25232,24734,24237,23742,23250,22760,22272,21786,21303,20823,25942,25446,24952,23970,23482,22996,22514,22033,21556,21082,26161,25669,25180,23724,22766,22291
37,4656,3903,4364,14239,14774,15310,3631,4122,5651,8280,13629,14704,15243,6052,6585,7655,8191,8728,9803,10880,11418,11957,12496,13036,15194,15734,5979,9218,9758,10299,10839,12461,13002,13543,15166,15706,0,541,1083,1624,2165,2706,3248,3789,4330,4872,5413,5954,9743,10284,10826,12991,13532,15156,15697,541,765,1210,1712,2232,2760,4364,4901,8677,9218,9758,10839,11380,12461,13002,13543,14084,14625,15166,1083,1210,1531,1952,2421,2915,4464,4990,7655,8191,8728,11418,11957,12496,13036,2296,1952,1712,1624,1712,2296,2706,3156,3631,5135,6172,7750,8280,11482,12018,15781,16319,3062,2706,2421,2232,2165,2706,3062,3466,3903,5331,5830,6336,6847,15846,16382,3466,3156,3156,3466,3827,5573,6052,11302,3903,4228,4593,11982,11470,4122,4364,4656,13693,13181,12671,12164,4364,4330,4464,4625,14382,13874,13369,9009,8558,8119,7693,7282,5573,5331,5135,4990,4901,4872,4901,4990,14574,8878,8455,8047,7655,7282,6312,6052,5830,5651,5520,5440,5440,5520,14784,8420,8047,7693,7362,7057,6782,6540,6336,6172,6052,5979,5979,15010,14524,13092,12625,10398,9981,8811,8455,8119,7806,7520,7262,7037,6847,6695,6585,6518,6495,14774,14300,13832,12912,12461,12018,11584,11159,10744,10341,9218,8878,8558,8262,7992,7750,7539,7362,7222,7119,7057,11920,11508,11106,10717,10341,9981,9637,9313,9009,8728,8472,8245,8047,7881,7750,7655,11871,11482,11106,10744,10398,10068,9758,9469,9202,8960,8745,8558,8403,8280,12248,11871,11508,11159,10826,10510,10213,9937,9683,9453,9249,9074,8927,8811,12636,12272,11920,11584,11263,10960,10676,10412,10170,9951,9758,9592,12683,12343,12018,11418,11146,10893,10662,10454,10270,10112,13103,12775,12461,11622,11159,10960
38,4228,3466,3903,13704,14239,14774,3156,3631,5135,7750,13092,14167,14704,5520,6052,7119,7655,8191,9265,10341,10880,11418,11957,12496,14655,15194,5440,8677,9218,9758,10299,11920,12461,13002,14625,15166,541,0,541,1083,1624,2165,2706,3248,3789,4330,4872,5413,9202,9743,10284,12449,12991,14615,15156,765,541,765,1210,1712,2232,3827,4364,8137,8677,9218,10299,10839,11920,12461,13002,13543,14084,14625,1210,1083,1210,1531,1952,2421,3941,4464,7119,7655,8191,10880,11418,11957,12496,2706,2296,1952,1712,1624,1952,2296,2706,3156,4625,5651,7222,7750,10947,11482,15243,15781,3466,3062,2706,2421,2232,2421,2706,3062,3466,4841,5331,5830,6336,15310,15846,3827,3466,2915,3156,3466,5106,5573,11822,3631,3903,4228,12496,11982,3941,4122,4364,14208,13693,13181,12671,4464,4364,4364,4464,14893,14382,13874,9469,9009,8558,8119,7693,5855,5573,5331,5135,4990,4901,4872,4901,15078,9313,8878,8455,8047,7655,6607,6312,6052,5830,5651,5520,5413,5440,15281,8811,8420,8047,7693,7362,7057,6782,6540,6336,6172,6052,5954,15500,15010,13564,13092,10826,10398,9186,8811,8455,8119,7806,7520,7262,7037,6847,6695,6585,6518,15252,14774,14300,13369,12912,12461,12018,11584,11159,10744,9576,9218,8878,8558,8262,7992,7750,7539,7362,7222,7119,12343,11920,11508,11106,10717,10341,9981,9637,9313,9009,8728,8472,8245,8047,7881,7750,12272,11871,11482,11106,10744,10398,10068,9758,9469,9202,8960,8745,8558,8403,12636,12248,11871,11508,11159,10826,10510,10213,9937,9683,9453,9249,9074,8927,13013,12636,12272,11920,11584,11263,10960,10676,10412,10170,9951,9758,13036,12683,12343,11710,11418,11146,10893,10662,10454,10270,13445,13103,12775,11884,11380,11159
39,3827,3062,3466,13170,13704,14239,2706,3156,4625,7222,12555,13629,14167,4990,5520,6585,7119,7655,8728,9803,10341,10880,11418,11957,14115,14655,4901,8137,8677,9218,9758,11380,11920,12461,14084,14625,1083,541,0,541,1083,1624,2165,2706,3248,3789,4330,4872,8660,9202,9743,11908,12449,14073,14615,1210,765,541,765,1210,1712,3292,3827,7597,8137,8677,9758,10299,11380,11920,12461,13002,13543,14084,1531,1210,1083,1210,1531,1952,3423,3941,6585,7119,7655,10341,10880,11418,11957,3156,2706,2296,1952,1712,1712,1952,2296,2706,4122,5135,6695,7222,10412,10947,14704,15243,3903,3466,3062,2706,2421,2232,2421,2706,3062,4364,4841,5331,5830,14774,15310,4228,3827,2760,2915,3156,4656,5106,12343,3423,3631,3903,13013,12496,3827,3941,4122,14724,14208,13693,13181,4625,4464,4330,4364,15405,14893,14382,9937,9469,9009,8558,8119,6172,5855,5573,5331,5135,4990,4901,4872,15585,9758,9313,8878,8455,8047,6932,6607,6312,6052,5830,5651,5440,5413,15781,9218,8811,8420,8047,7693,7362,7057,6782,6540,6336,6172,5979,15993,15500,14042,13564,11263,10826,9576,9186,8811,8455,8119,7806,7520,7262,7037,6847,6695,6585,15734,15252,14774,13832,13369,12912,12461,12018,11584,11159,9951,9576,9218,8878,8558,8262,7992,7750,7539,7362,7222,12775,12343,11920,11508,11106,10717,10341,9981,9637,9313,9009,8728,8472,8245,8047,7881,12683,12272,11871,11482,11106,10744,10398,10068,9758,9469,9202,8960,8745,8558,13036,12636,12248,11871,11508,11159,10826,10510,10213,9937,9683,9453,9249,9074,13401,13013,12636,12272,11920,11584,11263,10960,10676,10412,10170,9951,13401,13036,12683,12018,11710,11418,11146,10893,10662,10454,13800,13445,13103,12164,11622,11380
40,3466,2706,3062,12636,13170,13704,2296,2706,4122,6695,12018,13092,13629,4464,4990,6052,6585,7119,8191,9265,9803,10341,10880,11418,13575,14115,4364,7597,8137,8677,9218,10839,11380,11920,13543,14084,1624,1083,541,0,541,1083,1624,2165,2706,3248,3789,4330,8119,8660,9202,11367,11908,13532,14073,1712,1210,765,541,765,1210,2760,3292,7057,7597,8137,9218,9758,10839,11380,11920,12461,13002,13543,1952,1531,1210,1083,1210,1531,2915,3423,6052,6585,7119,9803,10341,10880,11418,3631,3156,2706,2296,1952,1624,1712,1952,2296,3631,4625,6172,6695,9877,10412,14167,14704,4364,3903,3466,3062,2706,2165,2232,2421,2706,3903,4364,4841,5331,14239,14774,4656,4228,2706,2760,2915,4228,4656,12866,3292,3423,3631,13532,13013,3789,3827,3941,15243,14724,14208,13693,4841,4625,4364,4330,15920,15405,14893,10412,9937,9469,9009,8558,6518,6172,5855,5573,5331,5135,4990,4901,16093,10213,9758,9313,8878,8455,7282,6932,6607,6312,6052,5830,5520,5440,16283,9637,9218,8811,8420,8047,7693,7362,7057,6782,6540,6336,6052,16489,15993,14524,14042,11710,11263,9981,9576,9186,8811,8455,8119,7806,7520,7262,7037,6847,6695,16220,15734,15252,14300,13832,13369,12912,12461,12018,11584,10341,9951,9576,9218,8878,8558,8262,7992,7750,7539,7362,13214,12775,12343,11920,11508,11106,10717,10341,9981,9637,9313,9009,8728,8472,8245,8047,13103,12683,12272,11871,11482,11106,10744,10398,10068,9758,9469,9202,8960,8745,13445,13036,12636,12248,11871,11508,11159,10826,10510,10213,9937,9683,9453,9249,13800,13401,13013,12636,12272,11920,11584,11263,10960,10676,10412,10170,13779,13401,13036,12343,12018,11710,11418,11146,10893,10662,14167,13800,13445,12461,11884,11622
41,3156,2421,2706,12103,12636,13170,1952,2296,3631,6172,11482,12555,13092,3941,4464,5520,6052,6585,7655,8728,9265,9803,10341,10880,13036,13575,3827,7057,7597,8137,8677,10299,10839,11380,13002,13543,2165,1624,1083,541,0,541,1083,1624,2165,2706,3248,3789,7578,8119,8660,10826,11367,12991,13532,2232,1712,1210,765,541,765,2232,2760,6518,7057,7597,8677,9218,10299,10839,11380,11920,12461,13002,2421,1952,1531,1210,1083,1210,2421,2915,5520,6052,6585,9265,9803,10341,10880,4122,3631,3156,2706,2296,1712,1624,1712,1952,3156,4122,5651,6172,9344,9877,13629,14167,4841,4364,3903,3466,3062,2232,2165,2232,2421,3466,3903,4364,4841,13704,14239,5106,4656,2760,2706,2760,3827,4228,13391,3248,3292,3423,14052,13532,3827,3789,3827,15762,15243,14724,14208,5106,4841,4464,4364,16436,15920,15405,10893,10412,9937,9469,9009,6889,6518,6172,5855,5573,5331,5135,4990,16604,10676,10213,9758,9313,8878,7655,7282,6932,6607,6312,6052,5651,5520,16788,10068,9637,9218,8811,8420,8047,7693,7362,7057,6782,6540,6172,16988,16489,15010,14524,12164,11710,10398,9981,9576,9186,8811,8455,8119,7806,7520,7262,7037,6847,16710,16220,15734,14774,14300,13832,13369,12912,12461,12018,10744,10341,9951,9576,9218,8878,8558,8262,7992,7750,7539,13661,13214,12775,12343,11920,11508,11106,10717,10341,9981,9637,9313,9009,8728,8472,8245,13532,13103,12683,12272,11871,11482,11106,10744,10398,10068,9758,9469,9202,8960,13864,13445,13036,12636,12248,11871,11508,11159,10826,10510,10213,9937,9683,9453,14208,13800,13401,13013,12636,12272,11920,11584,11263,10960,10676,10412,14167,13779,13401,12683,12343,12018,11710,11418,11146,10893,14544,14167,13800,12775,12164,11884
42,2915,2232,2421,11571,12103,12636,1712,1952,3156,5651,10947,12018,12555,3423,3941,4990,5520,6052,7119,8191,8728,9265,9803,10341,12496,13036,3292,6518,7057,7597,8137,9758,10299,10839,12461,13002,2706,2165,1624,1083,541,0,541,1083,1624,2165,2706,3248,7037,7578,8119,10284,10826,12449,12991,2760,2232,1712,1210,765,541,1712,2232,5979,6518,7057,8137,8677,9758,10299,10839,11380,11920,12461,2915,2421,1952,1531,1210,1083,1952,2421,4990,5520,6052,8728,9265,9803,10341,4625,4122,3631,3156,2706,1952,1712,1624,1712,2706,3631,5135,5651,8811,9344,13092,13629,5331,4841,4364,3903,3466,2421,2232,2165,2232,3062,3466,3903,4364,13170,13704,5573,5106,2915,2760,2706,3466,3827,13916,3292,3248,3292,14574,14052,3941,3827,3789,16283,15762,15243,14724,5413,5106,4625,4464,16953,16436,15920,11380,10893,10412,9937,9469,7282,6889,6518,6172,5855,5573,5331,5135,17117,11146,10676,10213,9758,9313,8047,7655,7282,6932,6607,6312,5830,5651,17296,10510,10068,9637,9218,8811,8420,8047,7693,7362,7057,6782,6336,17489,16988,15500,15010,12625,12164,10826,10398,9981,9576,9186,8811,8455,8119,7806,7520,7262,7037,17202,16710,16220,15252,14774,14300,13832,13369,12912,12461,11159,10744,10341,9951,9576,9218,8878,8558,8262,7992,7750,14115,13661,13214,12775,12343,11920,11508,11106,10717,10341,9981,9637,9313,9009,8728,8472,13969,13532,13103,12683,12272,11871,11482,11106,10744,10398,10068,9758,9469,9202,14290,13864,13445,13036,12636,12248,11871,11508,11159,10826,10510,10213,9937,9683,14625,14208,13800,13401,13013,12636,12272,11920,11584,11263,10960,10676,14564,14167,13779,13036,12683,12343,12018,11710,11418,11146,14932,14544,14167,13103,12461,12164
43,2760,2165,2232,11040,11571,12103,1624,1712,2706,5135,10412,11482,12018,2915,3423,4464,4990,5520,6585,7655,8191,8728,9265,9803,11957,12496,2760,5979,6518,7057,7597,9218,9758,10299,11920,12461,3248,2706,2165,1624,1083,541,0,541,1083,1624,2165,2706,6495,7037,7578,9743,10284,11908,12449,3292,2760,2232,1712,1210,765,1210,1712,5440,5979,6518,7597,8137,9218,9758,10299,10839,11380,11920,3423,2915,2421,1952,1531,1210,1531,1952,4464,4990,5520,8191,8728,9265,9803,5135,4625,4122,3631,3156,2296,1952,1712,1624,2296,3156,4625,5135,8280,8811,12555,13092,5830,5331,4841,4364,3903,2706,2421,2232,2165,2706,3062,3466,3903,12636,13170,6052,5573,3156,2915,2760,3156,3466,14443,3423,3292,3248,15098,14574,4122,3941,3827,16806,16283,15762,15243,5754,5413,4841,4625,17473,16953,16436,11871,11380,10893,10412,9937,7693,7282,6889,6518,6172,5855,5573,5331,17631,11622,11146,10676,10213,9758,8455,8047,7655,7282,6932,6607,6052,5830,17805,10960,10510,10068,9637,9218,8811,8420,8047,7693,7362,7057,6540,17993,17489,15993,15500,13092,12625,11263,10826,10398,9981,9576,9186,8811,8455,8119,7806,7520,7262,17697,17202,16710,15734,15252,14774,14300,13832,13369,12912,11584,11159,10744,10341,9951,9576,9218,8878,8558,8262,7992,14574,14115,13661,13214,12775,12343,11920,11508,11106,10717,10341,9981,9637,9313,9009,8728,14413,13969,13532,13103,12683,12272,11871,11482,11106,10744,10398,10068,9758,9469,14724,14290,13864,13445,13036,12636,12248,11871,11508,11159,10826,10510,10213,9937,15049,14625,14208,13800,13401,13013,12636,12272,11920,11584,11263,10960,14971,14564,14167,13401,13036,12683,12343,12018,11710,11418,15329,14932,14544,13445,12775,12461
44,2706,2232,2165,10510,11040,11571,1712,1624,2296,4625,9877,10947,11482,2421,2915,3941,4464,4990,6052,7119,7655,8191,8728,9265,11418,11957,2232,5440,5979,6518,7057,8677,9218,9758,11380,11920,3789,3248,2706,2165,1624,1083,541,0,541,1083,1624,2165,5954,6495,7037,9202,9743,11367,11908,3827,3292,2760,2232,1712,1210,765,1210,4901,5440,5979,7057,7597,8677,9218,9758,10299,10839,11380,3941,3423,2915,2421,1952,1531,1210,1531,3941,4464,4990,7655,8191,8728,9265,5651,5135,4625,4122,3631,2706,2296,1952,1712,1952,2706,4122,4625,7750,8280,12018,12555,6336,5830,5331,4841,4364,3062,2706,2421,2232,2421,2706,3062,3466,12103,12636,6540,6052,3466,3156,2915,2915,3156,14971,3631,3423,3292,15622,15098,4364,4122,3941,17329,16806,16283,15762,6124,5754,5106,4841,17993,17473,16953,12367,11871,11380,10893,10412,8119,7693,7282,6889,6518,6172,5855,5573,18147,12103,11622,11146,10676,10213,8878,8455,8047,7655,7282,6932,6312,6052,18316,11418,10960,10510,10068,9637,9218,8811,8420,8047,7693,7362,6782,18499,17993,16489,15993,13564,13092,11710,11263,10826,10398,9981,9576,9186,8811,8455,8119,7806,7520,18195,17697,17202,16220,15734,15252,14774,14300,13832,13369,12018,11584,11159,10744,10341,9951,9576,9218,8878,8558,8262,15039,14574,14115,13661,13214,12775,12343,11920,11508,11106,10717,10341,9981,9637,9313,9009,14863,14413,13969,13532,13103,12683,12272,11871,11482,11106,10744,10398,10068,9758,15166,14724,14290,13864,13445,13036,12636,12248,11871,11508,11159,10826,10510,10213,15481,15049,14625,14208,13800,13401,13013,12636,12272,11920,11584,11263,15386,14971,14564,13779,13401,13036,12683,12343,12018,11710,15734,15329,14932,13800,13103,12775
45,2760,2421,2232,9981,10510,11040,1952,1712,1952,4122,9344,10412,10947,1952,2421,3423,3941,4464,5520,6585,7119,7655,8191,8728,10880,11418,1712,4901,5440,5979,6518,8137,8677,9218,10839,11380,4330,3789,3248,2706,2165,1624,1083,541,0,541,1083,1624,5413,5954,6495,8660,9202,10826,11367,4364,3827,3292,2760,2232,1712,541,765,4364,4901,5440,6518,7057,8137,8677,9218,9758,10299,10839,4464,3941,3423,2915,2421,1952,1083,1210,3423,3941,4464,7119,7655,8191,8728,6172,5651,5135,4625,4122,3156,2706,2296,1952,1712,2296,3631,4122,7222,7750,11482,12018,6847,6336,5830,5331,4841,3466,3062,2706,2421,2232,2421,2706,3062,11571,12103,7037,6540,3827,3466,3156,2760,2915,15500,3903,3631,3423,16148,15622,4656,4364,4122,17854,17329,16806,16283,6518,6124,5413,5106,18515,17993,17473,12866,12367,11871,11380,10893,8558,8119,7693,7282,6889,6518,6172,5855,18664,12590,12103,11622,11146,10676,9313,8878,8455,8047,7655,7282,6607,6312,18828,11884,11418,10960,10510,10068,9637,9218,8811,8420,8047,7693,7057,19007,18499,16988,16489,14042,13564,12164,11710,11263,10826,10398,9981,9576,9186,8811,8455,8119,7806,18696,18195,17697,16710,16220,15734,15252,14774,14300,13832,12461,12018,11584,11159,10744,10341,9951,9576,9218,8878,8558,15509,15039,14574,14115,13661,13214,12775,12343,11920,11508,11106,10717,10341,9981,9637,9313,15319,14863,14413,13969,13532,13103,12683,12272,11871,11482,11106,10744,10398,10068,15613,15166,14724,14290,13864,13445,13036,12636,12248,11871,11508,11159,10826,10510,15920,15481,15049,14625,14208,13800,13401,13013,12636,12272,11920,11584,15809,15386,14971,14167,13779,13401,13036,12683,12343,12018,16148,15734,15329,14167,13445,13103
46,2915,2706,2421,9453,9981,10510,2296,1952,1712,3631,8811,9877,10412,1531,1952,2915,3423,3941,4990,6052,6585,7119,7655,8191,10341,10880,1210,4364,4901,5440,5979,7597,8137,8677,10299,10839,4872,4330,3789,3248,2706,2165,1624,1083,541,0,541,1083,4872,5413,5954,8119,8660,10284,10826,4901,4364,3827,3292,2760,2232,765,541,3827,4364,4901,5979,6518,7597,8137,8677,9218,9758,10299,4990,4464,3941,3423,2915,2421,1210,1083,2915,3423,3941,6585,7119,7655,8191,6695,6172,5651,5135,4625,3631,3156,2706,2296,1624,1952,3156,3631,6695,7222,10947,11482,7362,6847,6336,5830,5331,3903,3466,3062,2706,2165,2232,2421,2706,11040,11571,7539,7037,4228,3827,3466,2706,2760,16030,4228,3903,3631,16675,16148,4990,4656,4364,18380,17854,17329,16806,6932,6518,5754,5413,19037,18515,17993,13369,12866,12367,11871,11380,9009,8558,8119,7693,7282,6889,6518,6172,19183,13081,12590,12103,11622,11146,9758,9313,8878,8455,8047,7655,6932,6607,19343,12355,11884,11418,10960,10510,10068,9637,9218,8811,8420,8047,7362,19516,19007,17489,16988,14524,14042,12625,12164,11710,11263,10826,10398,9981,9576,9186,8811,8455,8119,19198,18696,18195,17202,16710,16220,15734,15252,14774,14300,12912,12461,12018,11584,11159,10744,10341,9951,9576,9218,8878,15984,15509,15039,14574,14115,13661,13214,12775,12343,11920,11508,11106,10717,10341,9981,9637,15781,15319,14863,14413,13969,13532,13103,12683,12272,11871,11482,11106,10744,10398,16066,15613,15166,14724,14290,13864,13445,13036,12636,12248,11871,11508,11159,10826,16364,15920,15481,15049,14625,14208,13800,13401,13013,12636,12272,11920,16238,15809,15386,14564,14167,13779,13401,13036,12683,12343,16569,16148,15734,14544,13800,13445
47,3156,3062,2706,8927,9453,9981,2706,2296,1624,3156,8280,9344,9877,1210,1531,2421,2915,3423,4464,5520,6052,6585,7119,7655,9803,10341,765,3827,4364,4901,5440,7057,7597,8137,9758,10299,5413,4872,4330,3789,3248,2706,2165,1624,1083,541,0,541,4330,4872,5413,7578,8119,9743,10284,5440,4901,4364,3827,3292,2760,1210,765,3292,3827,4364,5440,5979,7057,7597,8137,8677,9218,9758,5520,4990,4464,3941,3423,2915,1531,1210,2421,2915,3423,6052,6585,7119,7655,7222,6695,6172,5651,5135,4122,3631,3156,2706,1712,1712,2706,3156,6172,6695,10412,10947,7881,7362,6847,6336,5830,4364,3903,3466,3062,2232,2165,2232,2421,10510,11040,8047,7539,4656,4228,3827,2760,2706,16560,4593,4228,3903,17202,16675,5358,4990,4656,18906,18380,17854,17329,7362,6932,6124,5754,19561,19037,18515,13874,13369,12866,12367,11871,9469,9009,8558,8119,7693,7282,6889,6518,19703,13575,13081,12590,12103,11622,10213,9758,9313,8878,8455,8047,7282,6932,19858,12832,12355,11884,11418,10960,10510,10068,9637,9218,8811,8420,7693,20027,19516,17993,17489,15010,14524,13092,12625,12164,11710,11263,10826,10398,9981,9576,9186,8811,8455,19703,19198,18696,17697,17202,16710,16220,15734,15252,14774,13369,12912,12461,12018,11584,11159,10744,10341,9951,9576,9218,16462,15984,15509,15039,14574,14115,13661,13214,12775,12343,11920,11508,11106,10717,10341,9981,16247,15781,15319,14863,14413,13969,13532,13103,12683,12272,11871,11482,11106,10744,16525,16066,15613,15166,14724,14290,13864,13445,13036,12636,12248,11871,11508,11159,16815,16364,15920,15481,15049,14625,14208,13800,13401,13013,12636,12272,16675,16238,15809,14971,14564,14167,13779,13401,13036,12683,16997,16569,16148,14932,14167,13800
48,3466,3466,3062,8403,8927,9453,3156,2706,1712,2706,7750,8811,9344,1083,1210,1952,2421,2915,3941,4990,5520,6052,6585,7119,9265,9803,541,3292,3827,4364,4901,6518,7057,7597,9218,9758,5954,5413,4872,4330,3789,3248,2706,2165,1624,1083,541,0,3789,4330,4872,7037,7578,9202,9743,5979,5440,4901,4364,3827,3292,1712,1210,2760,3292,3827,4901,5440,6518,7057,7597,8137,8677,9218,6052,5520,4990,4464,3941,3423,1952,1531,1952,2421,2915,5520,6052,6585,7119,7750,7222,6695,6172,5651,4625,4122,3631,3156,1952,1624,2296,2706,5651,6172,9877,10412,8403,7881,7362,6847,6336,4841,4364,3903,3466,2421,2232,2165,2232,9981,10510,8558,8047,5106,4656,4228,2915,2760,17091,4990,4593,4228,17731,17202,5754,5358,4990,19433,18906,18380,17854,7806,7362,6518,6124,20086,19561,19037,14382,13874,13369,12866,12367,9937,9469,9009,8558,8119,7693,7282,6889,20224,14073,13575,13081,12590,12103,10676,10213,9758,9313,8878,8455,7655,7282,20375,13314,12832,12355,11884,11418,10960,10510,10068,9637,9218,8811,8047,20540,20027,18499,17993,15500,15010,13564,13092,12625,12164,11710,11263,10826,10398,9981,9576,9186,8811,20209,19703,19198,18195,17697,17202,16710,16220,15734,15252,13832,13369,12912,12461,12018,11584,11159,10744,10341,9951,9576,16945,16462,15984,15509,15039,14574,14115,13661,13214,12775,12343,11920,11508,11106,10717,10341,16718,16247,15781,15319,14863,14413,13969,13532,13103,12683,12272,11871,11482,11106,16988,16525,16066,15613,15166,14724,14290,13864,13445,13036,12636,12248,11871,11508,17270,16815,16364,15920,15481,15049,14625,14208,13800,13401,13013,12636,17117,16675,16238,15386,14971,14564,14167,13779,13401,13036,17431,16997,16569,15329,14544,14167
49,6540,6847,6336,4841,5331,5830,6695,6172,4625,2296,4122,5135,5651,3941,3423,2421,1952,1531,1083,1531,1952,2421,2915,3423,5520,6052,3827,765,541,765,1210,2760,3292,3827,5440,5979,9743,9202,8660,8119,7578,7037,6495,5954,5413,4872,4330,3789,0,541,1083,3248,3789,5413,5954,9758,9218,8677,8137,7597,7057,5440,4901,1210,765,541,1210,1712,2760,3292,3827,4364,4901,5440,9803,9265,8728,8191,7655,7119,5520,4990,2421,1952,1531,1952,2421,2915,3423,11482,10947,10412,9877,9344,8280,7750,7222,6695,5135,4122,2706,2296,2296,2706,6172,6695,12103,11571,11040,10510,9981,8403,7881,7362,6847,5331,4841,4364,3903,6336,6847,12212,11685,8558,8047,7539,5573,5106,20823,8245,7750,7262,21447,20915,8960,8472,7992,23142,22611,22080,21549,11159,10662,9683,9202,23779,23250,22721,17993,17473,16953,16436,15920,13369,12866,12367,11871,11380,10893,10412,9937,23896,17631,17117,16604,16093,15585,14073,13575,13081,12590,12103,11622,10676,10213,24025,16788,16283,15781,15281,14784,14290,13800,13314,12832,12355,11884,10960,24164,23643,22087,21570,19007,18499,16988,16489,15993,15500,15010,14524,14042,13564,13092,12625,12164,11710,23798,23281,22766,21739,21228,20718,20209,19703,19198,18696,17202,16710,16220,15734,15252,14774,14300,13832,13369,12912,12461,20404,19903,19403,18906,18411,17920,17431,16945,16462,15984,15509,15039,14574,14115,13661,13214,20115,19621,19129,18641,18155,17673,17194,16718,16247,15781,15319,14863,14413,13969,20339,19851,19365,18883,18404,17928,17456,16988,16525,16066,15613,15166,14724,14290,20576,20093,19613,19137,18664,18195,17731,17270,16815,16364,15920,15481,20347,19873,19403,18475,18017,17565,17117,16675,16238,15809,20611,20144,19681,18316,17431,16997
50,7037,7362,6847,4364,4841,5331,7222,6695,5135,2706,3631,4625,5135,4464,3941,2915,2421,1952,1210,1210,1531,1952,2421,2915,4990,5520,4364,1210,765,541,765,2232,2760,3292,4901,5440,10284,9743,9202,8660,8119,7578,7037,6495,5954,5413,4872,4330,541,0,541,2706,3248,4872,5413,10299,9758,9218,8677,8137,7597,5979,5440,1712,1210,765,765,1210,2232,2760,3292,3827,4364,4901,10341,9803,9265,8728,8191,7655,6052,5520,2915,2421,1952,1531,1952,2421,2915,12018,11482,10947,10412,9877,8811,8280,7750,7222,5651,4625,3156,2706,1952,2296,5651,6172,12636,12103,11571,11040,10510,8927,8403,7881,7362,5830,5331,4841,4364,5830,6336,12740,12212,9074,8558,8047,6052,5573,21358,8745,8245,7750,21980,21447,9453,8960,8472,23674,23142,22611,22080,11660,11159,10170,9683,24309,23779,23250,18515,17993,17473,16953,16436,13874,13369,12866,12367,11871,11380,10893,10412,24424,18147,17631,17117,16604,16093,14574,14073,13575,13081,12590,12103,11146,10676,24549,17296,16788,16283,15781,15281,14784,14290,13800,13314,12832,12355,11418,24686,24164,22605,22087,19516,19007,17489,16988,16489,15993,15500,15010,14524,14042,13564,13092,12625,12164,24315,23798,23281,22252,21739,21228,20718,20209,19703,19198,17697,17202,16710,16220,15734,15252,14774,14300,13832,13369,12912,20908,20404,19903,19403,18906,18411,17920,17431,16945,16462,15984,15509,15039,14574,14115,13661,20611,20115,19621,19129,18641,18155,17673,17194,16718,16247,15781,15319,14863,14413,20830,20339,19851,19365,18883,18404,17928,17456,16988,16525,16066,15613,15166,14724,21061,20576,20093,19613,19137,18664,18195,17731,17270,16815,16364,15920,20823,20347,19873,18937,18475,18017,17565,17117,16675,16238,21082,20611,20144,18766,17870,17431
51,7539,7881,7362,3903,4364,4841,7750,7222,5651,3156,3156,4122,4625,4990,4464,3423,2915,2421,1531,1083,1210,1531,1952,2421,4464,4990,4901,1712,1210,765,541,1712,2232,2760,4364,4901,10826,10284,9743,9202,8660,8119,7578,7037,6495,5954,5413,4872,1083,541,0,2165,2706,4330,4872,10839,10299,9758,9218,8677,8137,6518,5979,2232,1712,1210,541,765,1712,2232,2760,3292,3827,4364,10880,10341,9803,9265,8728,8191,6585,6052,3423,2915,2421,1210,1531,1952,2421,12555,12018,11482,10947,10412,9344,8811,8280,7750,6172,5135,3631,3156,1712,1952,5135,5651,13170,12636,12103,11571,11040,9453,8927,8403,7881,6336,5830,5331,4841,5331,5830,13270,12740,9592,9074,8558,6540,6052,21893,9249,8745,8245,22514,21980,9951,9453,8960,24207,23674,23142,22611,12164,11660,10662,10170,24840,24309,23779,19037,18515,17993,17473,16953,14382,13874,13369,12866,12367,11871,11380,10893,24952,18664,18147,17631,17117,16604,15078,14574,14073,13575,13081,12590,11622,11146,25075,17805,17296,16788,16283,15781,15281,14784,14290,13800,13314,12832,11884,25209,24686,23123,22605,20027,19516,17993,17489,16988,16489,15993,15500,15010,14524,14042,13564,13092,12625,24834,24315,23798,22766,22252,21739,21228,20718,20209,19703,18195,17697,17202,16710,16220,15734,15252,14774,14300,13832,13369,21413,20908,20404,19903,19403,18906,18411,17920,17431,16945,16462,15984,15509,15039,14574,14115,21110,20611,20115,19621,19129,18641,18155,17673,17194,16718,16247,15781,15319,14863,21324,20830,20339,19851,19365,18883,18404,17928,17456,16988,16525,16066,15613,15166,21549,21061,20576,20093,19613,19137,18664,18195,17731,17270,16815,16364,21303,20823,20347,19403,18937,18475,18017,17565,17117,16675,21556,21082,20611,19221,18316,17870
52,9592,9981,9453,2421,2706,3062,9877,9344,7750,5135,1712,2296,2706,7119,6585,5520,4990,4464,3423,2421,1952,1531,1210,1083,2421,2915,7057,3827,3292,2760,2232,765,541,765,2232,2760,12991,12449,11908,11367,10826,10284,9743,9202,8660,8119,7578,7037,3248,2706,2165,0,541,2165,2706,13002,12461,11920,11380,10839,10299,8677,8137,4364,3827,3292,2232,1712,765,541,765,1210,1712,2232,13036,12496,11957,11418,10880,10341,8728,8191,5520,4990,4464,1952,1531,1210,1083,14704,14167,13629,13092,12555,11482,10947,10412,9877,8280,7222,5651,5135,2296,1952,3156,3631,15310,14774,14239,13704,13170,11571,11040,10510,9981,8403,7881,7362,6847,3466,3903,15396,14863,11685,11159,10634,8558,8047,24037,11302,10785,10270,24651,24116,11982,11470,10960,26340,25806,25273,24740,14208,13693,12671,12164,26966,26434,25902,21138,20611,20086,19561,19037,16436,15920,15405,14893,14382,13874,13369,12866,27069,20746,20224,19703,19183,18664,17117,16604,16093,15585,15078,14574,13575,13081,27183,19858,19343,18828,18316,17805,17296,16788,16283,15781,15281,14784,13800,27306,26781,25209,24686,22087,21570,20027,19516,19007,18499,17993,17489,16988,16489,15993,15500,15010,14524,26917,26395,25874,24834,24315,23798,23281,22766,22252,21739,20209,19703,19198,18696,18195,17697,17202,16710,16220,15734,15252,23451,22939,22429,21920,21413,20908,20404,19903,19403,18906,18411,17920,17431,16945,16462,15984,23123,22617,22113,21611,21110,20611,20115,19621,19129,18641,18155,17673,17194,16718,23319,22817,22318,21820,21324,20830,20339,19851,19365,18883,18404,17928,17456,16988,23525,23028,22533,22040,21549,21061,20576,20093,19613,19137,18664,18195,23250,22760,22272,21303,20823,20347,19873,19403,18937,18475,23482,22996,22514,21082,20144,19681
53,10112,10510,9981,2232,2421,2706,10412,9877,8280,5651,1624,1952,2296,7655,7119,6052,5520,4990,3941,2915,2421,1952,1531,1210,1952,2421,7597,4364,3827,3292,2760,1210,765,541,1712,2232,13532,12991,12449,11908,11367,10826,10284,9743,9202,8660,8119,7578,3789,3248,2706,541,0,1624,2165,13543,13002,12461,11920,11380,10839,9218,8677,4901,4364,3827,2760,2232,1210,765,541,765,1210,1712,13575,13036,12496,11957,11418,10880,9265,8728,6052,5520,4990,2421,1952,1531,1210,15243,14704,14167,13629,13092,12018,11482,10947,10412,8811,7750,6172,5651,2706,2296,2706,3156,15846,15310,14774,14239,13704,12103,11571,11040,10510,8927,8403,7881,7362,3062,3466,15929,15396,12212,11685,11159,9074,8558,24573,11822,11302,10785,25186,24651,12496,11982,11470,26874,26340,25806,25273,14724,14208,13181,12671,27499,26966,26434,21665,21138,20611,20086,19561,16953,16436,15920,15405,14893,14382,13874,13369,27600,21269,20746,20224,19703,19183,17631,17117,16604,16093,15585,15078,14073,13575,27711,20375,19858,19343,18828,18316,17805,17296,16788,16283,15781,15281,14290,27833,27306,25732,25209,22605,22087,20540,20027,19516,19007,18499,17993,17489,16988,16489,15993,15500,15010,27440,26917,26395,25354,24834,24315,23798,23281,22766,22252,20718,20209,19703,19198,18696,18195,17697,17202,16710,16220,15734,23963,23451,22939,22429,21920,21413,20908,20404,19903,19403,18906,18411,17920,17431,16945,16462,23631,23123,22617,22113,21611,21110,20611,20115,19621,19129,18641,18155,17673,17194,23822,23319,22817,22318,21820,21324,20830,20339,19851,19365,18883,18404,17928,17456,24025,23525,23028,22533,22040,21549,21061,20576,20093,19613,19137,18664,23742,23250,22760,21786,21303,20823,20347,19873,19403,18937,23970,23482,22996,21556,20611,20144
54,11685,12103,11571,2421,2232,2165,12018,11482,9877,7222,2296,1712,1624,9265,8728,7655,7119,6585,5520,4464,3941,3423,2915,2421,1083,1210,9218,5979,5440,4901,4364,2760,2232,1712,541,765,15156,14615,14073,13532,12991,12449,11908,11367,10826,10284,9743,9202,5413,4872,4330,2165,1624,0,541,15166,14625,14084,13543,13002,12461,10839,10299,6518,5979,5440,4364,3827,2760,2232,1712,1210,765,541,15194,14655,14115,13575,13036,12496,10880,10341,7655,7119,6585,3941,3423,2915,2421,16858,16319,15781,15243,14704,13629,13092,12555,12018,10412,9344,7750,7222,4122,3631,1712,1952,17456,16919,16382,15846,15310,13704,13170,12636,12103,10510,9981,9453,8927,2232,2421,17531,16997,13800,13270,12740,10634,10112,26184,13391,12866,12343,26792,26256,14052,13532,13013,28478,27943,27408,26874,16283,15762,14724,14208,29099,28565,28032,23250,22721,22192,21665,21138,18515,17993,17473,16953,16436,15920,15405,14893,29194,22843,22318,21793,21269,20746,19183,18664,18147,17631,17117,16604,15585,15078,29299,21934,21413,20894,20375,19858,19343,18828,18316,17805,17296,16788,15781,29414,28886,27306,26781,24164,23643,22087,21570,21054,20540,20027,19516,19007,18499,17993,17489,16988,16489,29013,28488,27964,26917,26395,25874,25354,24834,24315,23798,22252,21739,21228,20718,20209,19703,19198,18696,18195,17697,17202,25509,24993,24478,23963,23451,22939,22429,21920,21413,20908,20404,19903,19403,18906,18411,17920,25162,24651,24140,23631,23123,22617,22113,21611,21110,20611,20115,19621,19129,18641,25342,24834,24328,23822,23319,22817,22318,21820,21324,20830,20339,19851,19365,18883,25532,25028,24525,24025,23525,23028,22533,22040,21549,21061,20576,20093,25232,24734,24237,23250,22760,22272,21786,21303,20823,20347,25446,24952,24460,22996,22033,21556
55,12212,12636,12103,2706,2421,2232,12555,12018,10412,7750,2706,1952,1712,9803,9265,8191,7655,7119,6052,4990,4464,3941,3423,2915,1210,1083,9758,6518,5979,5440,4901,3292,2760,2232,765,541,15697,15156,14615,14073,13532,12991,12449,11908,11367,10826,10284,9743,5954,5413,4872,2706,2165,541,0,15706,15166,14625,14084,13543,13002,11380,10839,7057,6518,5979,4901,4364,3292,2760,2232,1712,1210,765,15734,15194,14655,14115,13575,13036,11418,10880,8191,7655,7119,4464,3941,3423,2915,17397,16858,16319,15781,15243,14167,13629,13092,12555,10947,9877,8280,7750,4625,4122,1624,1712,17993,17456,16919,16382,15846,14239,13704,13170,12636,11040,10510,9981,9453,2165,2232,18066,17531,14331,13800,13270,11159,10634,26721,13916,13391,12866,27328,26792,14574,14052,13532,29013,28478,27943,27408,16806,16283,15243,14724,29632,29099,28565,23779,23250,22721,22192,21665,19037,18515,17993,17473,16953,16436,15920,15405,29726,23369,22843,22318,21793,21269,19703,19183,18664,18147,17631,17117,16093,15585,29829,22455,21934,21413,20894,20375,19858,19343,18828,18316,17805,17296,16283,29942,29414,27833,27306,24686,24164,22605,22087,21570,21054,20540,20027,19516,19007,18499,17993,17489,16988,29538,29013,28488,27440,26917,26395,25874,25354,24834,24315,22766,22252,21739,21228,20718,20209,19703,19198,18696,18195,17697,26027,25509,24993,24478,23963,23451,22939,22429,21920,21413,20908,20404,19903,19403,18906,18411,25675,25162,24651,24140,23631,23123,22617,22113,21611,21110,20611,20115,19621,19129,25851,25342,24834,24328,23822,23319,22817,22318,21820,21324,20830,20339,19851,19365,26038,25532,25028,24525,24025,23525,23028,22533,22040,21549,21061,20576,25732,25232,24734,23742,23250,22760,22272,21786,21303,20823,25942,25446,24952,23482,22514,22033
56,4990,4228,4656,14331,14863,15396,3903,4364,5830,8403,13704,14774,15310,6172,6695,7750,8280,8811,9877,10947,11482,12018,12555,13092,15243,15781,6052,9265,9803,10341,10880,12496,13036,13575,15194,15734,541,765,1210,1712,2232,2760,3292,3827,4364,4901,5440,5979,9758,10299,10839,13002,13543,15166,15706,0,541,1083,1624,2165,2706,4330,4872,8660,9202,9743,10826,11367,12449,12991,13532,14073,14615,15156,541,765,1210,1712,2232,2760,4364,4901,7597,8137,8677,11380,11920,12461,13002,1952,1531,1210,1083,1210,1952,2421,2915,3423,4990,6052,7655,8191,11418,11957,15734,16274,2706,2296,1952,1712,1624,2296,2706,3156,3631,5135,5651,6172,6695,15781,16319,3062,2706,2706,3062,3466,5331,5830,11159,3466,3827,4228,11822,11302,3631,3903,4228,13532,13013,12496,11982,3827,3789,3941,4122,14208,13693,13181,8728,8262,7806,7362,6932,5106,4841,4625,4464,4364,4330,4364,4464,14382,8558,8119,7693,7282,6889,5855,5573,5331,5135,4990,4901,4901,4990,14574,8047,7655,7282,6932,6607,6312,6052,5830,5651,5520,5440,5440,14784,14290,12832,12355,10068,9637,8420,8047,7693,7362,7057,6782,6540,6336,6172,6052,5979,5954,14524,14042,13564,12625,12164,11710,11263,10826,10398,9981,8811,8455,8119,7806,7520,7262,7037,6847,6695,6585,6518,11584,11159,10744,10341,9951,9576,9218,8878,8558,8262,7992,7750,7539,7362,7222,7119,11508,11106,10717,10341,9981,9637,9313,9009,8728,8472,8245,8047,7881,7750,11871,11482,11106,10744,10398,10068,9758,9469,9202,8960,8745,8558,8403,8280,12248,11871,11508,11159,10826,10510,10213,9937,9683,9453,9249,9074,12272,11920,11584,10960,10676,10412,10170,9951,9758,9592,12683,12343,12018,11146,10662,10454
57,4593,3827,4228,13800,14331,14863,3466,3903,5331,7881,13170,14239,14774,5651,6172,7222,7750,8280,9344,10412,10947,11482,12018,12555,14704,15243,5520,8728,9265,9803,10341,11957,12496,13036,14655,15194,765,541,765,1210,1712,2232,2760,3292,3827,4364,4901,5440,9218,9758,10299,12461,13002,14625,15166,541,0,541,1083,1624,2165,3789,4330,8119,8660,9202,10284,10826,11908,12449,12991,13532,14073,14615,765,541,765,1210,1712,2232,3827,4364,7057,7597,8137,10839,11380,11920,12461,2421,1952,1531,1210,1083,1531,1952,2421,2915,4464,5520,7119,7655,10880,11418,15194,15734,3156,2706,2296,1952,1712,1952,2296,2706,3156,4625,5135,5651,6172,15243,15781,3466,3062,2421,2706,3062,4841,5331,11685,3156,3466,3827,12343,11822,3423,3631,3903,14052,13532,13013,12496,3941,3827,3827,3941,14724,14208,13693,9202,8728,8262,7806,7362,5413,5106,4841,4625,4464,4364,4330,4364,14893,9009,8558,8119,7693,7282,6172,5855,5573,5331,5135,4990,4872,4901,15078,8455,8047,7655,7282,6932,6607,6312,6052,5830,5651,5520,5413,15281,14784,13314,12832,10510,10068,8811,8420,8047,7693,7362,7057,6782,6540,6336,6172,6052,5979,15010,14524,14042,13092,12625,12164,11710,11263,10826,10398,9186,8811,8455,8119,7806,7520,7262,7037,6847,6695,6585,12018,11584,11159,10744,10341,9951,9576,9218,8878,8558,8262,7992,7750,7539,7362,7222,11920,11508,11106,10717,10341,9981,9637,9313,9009,8728,8472,8245,8047,7881,12272,11871,11482,11106,10744,10398,10068,9758,9469,9202,8960,8745,8558,8403,12636,12248,11871,11508,11159,10826,10510,10213,9937,9683,9453,9249,12636,12272,11920,11263,10960,10676,10412,10170,9951,9758,13036,12683,12343,11418,10893,10662
58,4228,3466,3827,13270,13800,14331,3062,3466,4841,7362,12636,13704,14239,5135,5651,6695,7222,7750,8811,9877,10412,10947,11482,12018,14167,14704,4990,8191,8728,9265,9803,11418,11957,12496,14115,14655,1210,765,541,765,1210,1712,2232,2760,3292,3827,4364,4901,8677,9218,9758,11920,12461,14084,14625,1083,541,0,541,1083,1624,3248,3789,7578,8119,8660,9743,10284,11367,11908,12449,12991,13532,14073,1210,765,541,765,1210,1712,3292,3827,6518,7057,7597,10299,10839,11380,11920,2915,2421,1952,1531,1210,1210,1531,1952,2421,3941,4990,6585,7119,10341,10880,14655,15194,3631,3156,2706,2296,1952,1712,1952,2296,2706,4122,4625,5135,5651,14704,15243,3903,3466,2232,2421,2706,4364,4841,12212,2915,3156,3466,12866,12343,3292,3423,3631,14574,14052,13532,13013,4122,3941,3789,3827,15243,14724,14208,9683,9202,8728,8262,7806,5754,5413,5106,4841,4625,4464,4364,4330,15405,9469,9009,8558,8119,7693,6518,6172,5855,5573,5331,5135,4901,4872,15585,8878,8455,8047,7655,7282,6932,6607,6312,6052,5830,5651,5440,15781,15281,13800,13314,10960,10510,9218,8811,8420,8047,7693,7362,7057,6782,6540,6336,6172,6052,15500,15010,14524,13564,13092,12625,12164,11710,11263,10826,9576,9186,8811,8455,8119,7806,7520,7262,7037,6847,6695,12461,12018,11584,11159,10744,10341,9951,9576,9218,8878,8558,8262,7992,7750,7539,7362,12343,11920,11508,11106,10717,10341,9981,9637,9313,9009,8728,8472,8245,8047,12683,12272,11871,11482,11106,10744,10398,10068,9758,9469,9202,8960,8745,8558,13036,12636,12248,11871,11508,11159,10826,10510,10213,9937,9683,9453,13013,12636,12272,11584,11263,10960,10676,10412,10170,9951,13401,13036,12683,11710,11146,10893
59,3903,3156,3466,12740,13270,13800,2706,3062,4364,6847,12103,13170,13704,4625,5135,6172,6695,7222,8280,9344,9877,10412,10947,11482,13629,14167,4464,7655,8191,8728,9265,10880,11418,11957,13575,14115,1712,1210,765,541,765,1210,1712,2232,2760,3292,3827,4364,8137,8677,9218,11380,11920,13543,14084,1624,1083,541,0,541,1083,2706,3248,7037,7578,8119,9202,9743,10826,11367,11908,12449,12991,13532,1712,1210,765,541,765,1210,2760,3292,5979,6518,7057,9758,10299,10839,11380,3423,2915,2421,1952,1531,1083,1210,1531,1952,3423,4464,6052,6585,9803,10341,14115,14655,4122,3631,3156,2706,2296,1624,1712,1952,2296,3631,4122,4625,5135,14167,14704,4364,3903,2165,2232,2421,3903,4364,12740,2760,2915,3156,13391,12866,3248,3292,3423,15098,14574,14052,13532,4364,4122,3827,3789,15762,15243,14724,10170,9683,9202,8728,8262,6124,5754,5413,5106,4841,4625,4464,4364,15920,9937,9469,9009,8558,8119,6889,6518,6172,5855,5573,5331,4990,4901,16093,9313,8878,8455,8047,7655,7282,6932,6607,6312,6052,5830,5520,16283,15781,14290,13800,11418,10960,9637,9218,8811,8420,8047,7693,7362,7057,6782,6540,6336,6172,15993,15500,15010,14042,13564,13092,12625,12164,11710,11263,9981,9576,9186,8811,8455,8119,7806,7520,7262,7037,6847,12912,12461,12018,11584,11159,10744,10341,9951,9576,9218,8878,8558,8262,7992,7750,7539,12775,12343,11920,11508,11106,10717,10341,9981,9637,9313,9009,8728,8472,8245,13103,12683,12272,11871,11482,11106,10744,10398,10068,9758,9469,9202,8960,8745,13445,13036,12636,12248,11871,11508,11159,10826,10510,10213,9937,9683,13401,13013,12636,11920,11584,11263,10960,10676,10412,10170,13779,13401,13036,12018,11418,11146
60,3631,2915,3156,12212,12740,13270,2421,2706,3903,6336,11571,12636,13170,4122,4625,5651,6172,6695,7750,8811,9344,9877,10412,10947,13092,13629,3941,7119,7655,8191,8728,10341,10880,11418,13036,13575,2232,1712,1210,765,541,765,1210,1712,2232,2760,3292,3827,7597,8137,8677,10839,11380,13002,13543,2165,1624,1083,541,0,541,2165,2706,6495,7037,7578,8660,9202,10284,10826,11367,11908,12449,12991,2232,1712,1210,765,541,765,2232,2760,5440,5979,6518,9218,9758,10299,10839,3941,3423,2915,2421,1952,1210,1083,1210,1531,2915,3941,5520,6052,9265,9803,13575,14115,4625,4122,3631,3156,2706,1712,1624,1712,1952,3156,3631,4122,4625,13629,14167,4841,4364,2232,2165,2232,3466,3903,13270,2706,2760,2915,13916,13391,3292,3248,3292,15622,15098,14574,14052,4656,4364,3941,3827,16283,15762,15243,10662,10170,9683,9202,8728,6518,6124,5754,5413,5106,4841,4625,4464,16436,10412,9937,9469,9009,8558,7282,6889,6518,6172,5855,5573,5135,4990,16604,9758,9313,8878,8455,8047,7655,7282,6932,6607,6312,6052,5651,16788,16283,14784,14290,11884,11418,10068,9637,9218,8811,8420,8047,7693,7362,7057,6782,6540,6336,16489,15993,15500,14524,14042,13564,13092,12625,12164,11710,10398,9981,9576,9186,8811,8455,8119,7806,7520,7262,7037,13369,12912,12461,12018,11584,11159,10744,10341,9951,9576,9218,8878,8558,8262,7992,7750,13214,12775,12343,11920,11508,11106,10717,10341,9981,9637,9313,9009,8728,8472,13532,13103,12683,12272,11871,11482,11106,10744,10398,10068,9758,9469,9202,8960,13864,13445,13036,12636,12248,11871,11508,11159,10826,10510,10213,9937,13800,13401,13013,12272,11920,11584,11263,10960,10676,10412,14167,13779,13401,12343,11710,11418
61,3423,2760,2915,11685,12212,12740,2232,2421,3466,5830,11040,12103,12636,3631,4122,5135,5651,6172,7222,8280,8811,9344,9877,10412,12555,13092,3423,6585,7119,7655,8191,9803,10341,10880,12496,13036,2760,2232,1712,1210,765,541,765,1210,1712,2232,2760,3292,7057,7597,8137,10299,10839,12461,13002,2706,2165,1624,1083,541,0,1624,2165,5954,6495,7037,8119,8660,9743,10284,10826,11367,11908,12449,2760,2232,1712,1210,765,541,1712,2232,4901,5440,5979,8677,9218,9758,10299,4464,3941,3423,2915,2421,1531,1210,1083,1210,2421,3423,4990,5520,8728,9265,13036,13575,5135,4625,4122,3631,3156,1952,1712,1624,1712,2706,3156,3631,4122,13092,13629,5331,4841,2421,2232,2165,3062,3466,13800,2760,2706,2760,14443,13916,3423,3292,3248,16148,15622,15098,14574,4990,4656,4122,3941,16806,16283,15762,11159,10662,10170,9683,9202,6932,6518,6124,5754,5413,5106,4841,4625,16953,10893,10412,9937,9469,9009,7693,7282,6889,6518,6172,5855,5331,5135,17117,10213,9758,9313,8878,8455,8047,7655,7282,6932,6607,6312,5830,17296,16788,15281,14784,12355,11884,10510,10068,9637,9218,8811,8420,8047,7693,7362,7057,6782,6540,16988,16489,15993,15010,14524,14042,13564,13092,12625,12164,10826,10398,9981,9576,9186,8811,8455,8119,7806,7520,7262,13832,13369,12912,12461,12018,11584,11159,10744,10341,9951,9576,9218,8878,8558,8262,7992,13661,13214,12775,12343,11920,11508,11106,10717,10341,9981,9637,9313,9009,8728,13969,13532,13103,12683,12272,11871,11482,11106,10744,10398,10068,9758,9469,9202,14290,13864,13445,13036,12636,12248,11871,11508,11159,10826,10510,10213,14208,13800,13401,12636,12272,11920,11584,11263,10960,10676,14564,14167,13779,12683,12018,11710
62,3292,2915,2760,10112,10634,11159,2421,2232,2421,4364,9453,10510,11040,2296,2706,3631,4122,4625,5651,6695,7222,7750,8280,8811,10947,11482,1952,4990,5520,6052,6585,8191,8728,9265,10880,11418,4364,3827,3292,2760,2232,1712,1210,765,541,765,1210,1712,5440,5979,6518,8677,9218,10839,11380,4330,3789,3248,2706,2165,1624,0,541,4330,4872,5413,6495,7037,8119,8660,9202,9743,10284,10826,4364,3827,3292,2760,2232,1712,541,765,3292,3827,4364,7057,7597,8137,8677,6052,5520,4990,4464,3941,2915,2421,1952,1531,1210,1952,3423,3941,7119,7655,11418,11957,6695,6172,5651,5135,4625,3156,2706,2296,1952,1712,1952,2296,2706,11482,12018,6847,6336,3466,3062,2706,2232,2421,15396,3466,3156,2915,16030,15500,4228,3903,3631,17731,17202,16675,16148,6172,5754,4990,4656,18380,17854,17329,12671,12164,11660,11159,10662,8262,7806,7362,6932,6518,6124,5754,5413,18515,12367,11871,11380,10893,10412,9009,8558,8119,7693,7282,6889,6172,5855,18664,11622,11146,10676,10213,9758,9313,8878,8455,8047,7655,7282,6607,18828,18316,16788,16283,13800,13314,11884,11418,10960,10510,10068,9637,9218,8811,8420,8047,7693,7362,18499,17993,17489,16489,15993,15500,15010,14524,14042,13564,12164,11710,11263,10826,10398,9981,9576,9186,8811,8455,8119,15252,14774,14300,13832,13369,12912,12461,12018,11584,11159,10744,10341,9951,9576,9218,8878,15039,14574,14115,13661,13214,12775,12343,11920,11508,11106,10717,10341,9981,9637,15319,14863,14413,13969,13532,13103,12683,12272,11871,11482,11106,10744,10398,10068,15613,15166,14724,14290,13864,13445,13036,12636,12248,11871,11508,11159,15481,15049,14625,13800,13401,13013,12636,12272,11920,11584,15809,15386,14971,13779,13036,12683
63,3423,3156,2915,9592,10112,10634,2706,2421,2232,3903,8927,9981,10510,1952,2296,3156,3631,4122,5135,6172,6695,7222,7750,8280,10412,10947,1531,4464,4990,5520,6052,7655,8191,8728,10341,10880,4901,4364,3827,3292,2760,2232,1712,1210,765,541,765,1210,4901,5440,5979,8137,8677,10299,10839,4872,4330,3789,3248,2706,2165,541,0,3789,4330,4872,5954,6495,7578,8119,8660,9202,9743,10284,4901,4364,3827,3292,2760,2232,765,541,2760,3292,3827,6518,7057,7597,8137,6585,6052,5520,4990,4464,3423,2915,2421,1952,1083,1531,2915,3423,6585,7119,10880,11418,7222,6695,6172,5651,5135,3631,3156,2706,2296,1624,1712,1952,2296,10947,11482,7362,6847,3903,3466,3062,2165,2232,15929,3827,3466,3156,16560,16030,4593,4228,3903,18260,17731,17202,16675,6607,6172,5358,4990,18906,18380,17854,13181,12671,12164,11660,11159,8728,8262,7806,7362,6932,6518,6124,5754,19037,12866,12367,11871,11380,10893,9469,9009,8558,8119,7693,7282,6518,6172,19183,12103,11622,11146,10676,10213,9758,9313,8878,8455,8047,7655,6932,19343,18828,17296,16788,14290,13800,12355,11884,11418,10960,10510,10068,9637,9218,8811,8420,8047,7693,19007,18499,17993,16988,16489,15993,15500,15010,14524,14042,12625,12164,11710,11263,10826,10398,9981,9576,9186,8811,8455,15734,15252,14774,14300,13832,13369,12912,12461,12018,11584,11159,10744,10341,9951,9576,9218,15509,15039,14574,14115,13661,13214,12775,12343,11920,11508,11106,10717,10341,9981,15781,15319,14863,14413,13969,13532,13103,12683,12272,11871,11482,11106,10744,10398,16066,15613,15166,14724,14290,13864,13445,13036,12636,12248,11871,11508,15920,15481,15049,14208,13800,13401,13013,12636,12272,11920,16238,15809,15386,14167,13401,13036
64,5855,6052,5573,6052,6540,7037,5830,5331,3903,2232,5331,6336,6847,3156,2706,1952,1712,1624,1952,2706,3156,3631,4122,4625,6695,7222,2915,1210,1531,1952,2421,3941,4464,4990,6585,7119,8677,8137,7597,7057,6518,5979,5440,4901,4364,3827,3292,2760,1210,1712,2232,4364,4901,6518,7057,8660,8119,7578,7037,6495,5954,4330,3789,0,541,1083,2165,2706,3789,4330,4872,5413,5954,6495,8677,8137,7597,7057,6518,5979,4364,3827,1210,765,541,2760,3292,3827,4364,10341,9803,9265,8728,8191,7119,6585,6052,5520,3941,2915,1531,1210,2915,3423,7119,7655,10947,10412,9877,9344,8811,7222,6695,6172,5651,4122,3631,3156,2706,7222,7750,11040,10510,7362,6847,6336,4364,3903,19673,7037,6540,6052,20289,19755,7750,7262,6782,21980,21447,20915,20383,9951,9453,8472,7992,22611,22080,21549,16806,16283,15762,15243,14724,12164,11660,11159,10662,10170,9683,9202,8728,22721,16436,15920,15405,14893,14382,12866,12367,11871,11380,10893,10412,9469,9009,22843,15585,15078,14574,14073,13575,13081,12590,12103,11622,11146,10676,9758,22977,22455,20894,20375,17805,17296,15781,15281,14784,14290,13800,13314,12832,12355,11884,11418,10960,10510,22605,22087,21570,20540,20027,19516,19007,18499,17993,17489,15993,15500,15010,14524,14042,13564,13092,12625,12164,11710,11263,19198,18696,18195,17697,17202,16710,16220,15734,15252,14774,14300,13832,13369,12912,12461,12018,18906,18411,17920,17431,16945,16462,15984,15509,15039,14574,14115,13661,13214,12775,19129,18641,18155,17673,17194,16718,16247,15781,15319,14863,14413,13969,13532,13103,19365,18883,18404,17928,17456,16988,16525,16066,15613,15166,14724,14290,19137,18664,18195,17270,16815,16364,15920,15481,15049,14625,19403,18937,18475,17117,16238,15809
65,6312,6540,6052,5573,6052,6540,6336,5830,4364,2421,4841,5830,6336,3631,3156,2296,1952,1712,1712,2296,2706,3156,3631,4122,6172,6695,3423,1083,1210,1531,1952,3423,3941,4464,6052,6585,9218,8677,8137,7597,7057,6518,5979,5440,4901,4364,3827,3292,765,1210,1712,3827,4364,5979,6518,9202,8660,8119,7578,7037,6495,4872,4330,541,0,541,1624,2165,3248,3789,4330,4872,5413,5954,9218,8677,8137,7597,7057,6518,4901,4364,1712,1210,765,2232,2760,3292,3827,10880,10341,9803,9265,8728,7655,7119,6585,6052,4464,3423,1952,1531,2421,2915,6585,7119,11482,10947,10412,9877,9344,7750,7222,6695,6172,4625,4122,3631,3156,6695,7222,11571,11040,7881,7362,6847,4841,4364,20209,7539,7037,6540,20823,20289,8245,7750,7262,22514,21980,21447,20915,10454,9951,8960,8472,23142,22611,22080,17329,16806,16283,15762,15243,12671,12164,11660,11159,10662,10170,9683,9202,23250,16953,16436,15920,15405,14893,13369,12866,12367,11871,11380,10893,9937,9469,23369,16093,15585,15078,14574,14073,13575,13081,12590,12103,11622,11146,10213,23501,22977,21413,20894,18316,17805,16283,15781,15281,14784,14290,13800,13314,12832,12355,11884,11418,10960,23123,22605,22087,21054,20540,20027,19516,19007,18499,17993,16489,15993,15500,15010,14524,14042,13564,13092,12625,12164,11710,19703,19198,18696,18195,17697,17202,16710,16220,15734,15252,14774,14300,13832,13369,12912,12461,19403,18906,18411,17920,17431,16945,16462,15984,15509,15039,14574,14115,13661,13214,19621,19129,18641,18155,17673,17194,16718,16247,15781,15319,14863,14413,13969,13532,19851,19365,18883,18404,17928,17456,16988,16525,16066,15613,15166,14724,19613,19137,18664,17731,17270,16815,16364,15920,15481,15049,19873,19403,18937,17565,16675,16238
66,6782,7037,6540,5106,5573,6052,6847,6336,4841,2706,4364,5331,5830,4122,3631,2706,2296,1952,1624,1952,2296,2706,3156,3631,5651,6172,3941,1210,1083,1210,1531,2915,3423,3941,5520,6052,9758,9218,8677,8137,7597,7057,6518,5979,5440,4901,4364,3827,541,765,1210,3292,3827,5440,5979,9743,9202,8660,8119,7578,7037,5413,4872,1083,541,0,1083,1624,2706,3248,3789,4330,4872,5413,9758,9218,8677,8137,7597,7057,5440,4901,2232,1712,1210,1712,2232,2760,3292,11418,10880,10341,9803,9265,8191,7655,7119,6585,4990,3941,2421,1952,1952,2421,6052,6585,12018,11482,10947,10412,9877,8280,7750,7222,6695,5135,4625,4122,3631,6172,6695,12103,11571,8403,7881,7362,5331,4841,20746,8047,7539,7037,21358,20823,8745,8245,7750,23047,22514,21980,21447,10960,10454,9453,8960,23674,23142,22611,17854,17329,16806,16283,15762,13181,12671,12164,11660,11159,10662,10170,9683,23779,17473,16953,16436,15920,15405,13874,13369,12866,12367,11871,11380,10412,9937,23896,16604,16093,15585,15078,14574,14073,13575,13081,12590,12103,11622,10676,24025,23501,21934,21413,18828,18316,16788,16283,15781,15281,14784,14290,13800,13314,12832,12355,11884,11418,23643,23123,22605,21570,21054,20540,20027,19516,19007,18499,16988,16489,15993,15500,15010,14524,14042,13564,13092,12625,12164,20209,19703,19198,18696,18195,17697,17202,16710,16220,15734,15252,14774,14300,13832,13369,12912,19903,19403,18906,18411,17920,17431,16945,16462,15984,15509,15039,14574,14115,13661,20115,19621,19129,18641,18155,17673,17194,16718,16247,15781,15319,14863,14413,13969,20339,19851,19365,18883,18404,17928,17456,16988,16525,16066,15613,15166,20093,19613,19137,18195,17731,17270,16815,16364,15920,15481,20347,19873,19403,18017,17117,16675
67,7750,8047,7539,4228,4656,5106,7881,7362,5830,3466,3466,4364,4841,5135,4625,3631,3156,2706,1952,1624,1712,1952,2296,2706,4625,5135,4990,1952,1531,1210,1083,1952,2421,2915,4464,4990,10839,10299,9758,9218,8677,8137,7597,7057,6518,5979,5440,4901,1210,765,541,2232,2760,4364,4901,10826,10284,9743,9202,8660,8119,6495,5954,2165,1624,1083,0,541,1624,2165,2706,3248,3789,4330,10839,10299,9758,9218,8677,8137,6518,5979,3292,2760,2232,765,1210,1712,2232,12496,11957,11418,10880,10341,9265,8728,8191,7655,6052,4990,3423,2915,1210,1531,4990,5520,13092,12555,12018,11482,10947,9344,8811,8280,7750,6172,5651,5135,4625,5135,5651,13170,12636,9453,8927,8403,6336,5830,21820,9074,8558,8047,22429,21893,9758,9249,8745,24116,23581,23047,22514,11982,11470,10454,9951,24740,24207,23674,18906,18380,17854,17329,16806,14208,13693,13181,12671,12164,11660,11159,10662,24840,18515,17993,17473,16953,16436,14893,14382,13874,13369,12866,12367,11380,10893,24952,17631,17117,16604,16093,15585,15078,14574,14073,13575,13081,12590,11622,25075,24549,22977,22455,19858,19343,17805,17296,16788,16283,15781,15281,14784,14290,13800,13314,12832,12355,24686,24164,23643,22605,22087,21570,21054,20540,20027,19516,17993,17489,16988,16489,15993,15500,15010,14524,14042,13564,13092,21228,20718,20209,19703,19198,18696,18195,17697,17202,16710,16220,15734,15252,14774,14300,13832,20908,20404,19903,19403,18906,18411,17920,17431,16945,16462,15984,15509,15039,14574,21110,20611,20115,19621,19129,18641,18155,17673,17194,16718,16247,15781,15319,14863,21324,20830,20339,19851,19365,18883,18404,17928,17456,16988,16525,16066,21061,20576,20093,19137,18664,18195,17731,17270,16815,16364,21303,20823,20347,18937,18017,17565
68,8245,8558,8047,3827,4228,4656,8403,7881,6336,3903,3062,3903,4364,5651,5135,4122,3631,3156,2296,1712,1624,1712,1952,2296,4122,4625,5520,2421,1952,1531,1210,1531,1952,2421,3941,4464,11380,10839,10299,9758,9218,8677,8137,7597,7057,6518,5979,5440,1712,1210,765,1712,2232,3827,4364,11367,10826,10284,9743,9202,8660,7037,6495,2706,2165,1624,541,0,1083,1624,2165,2706,3248,3789,11380,10839,10299,9758,9218,8677,7057,6518,3827,3292,2760,541,765,1210,1712,13036,12496,11957,11418,10880,9803,9265,8728,8191,6585,5520,3941,3423,1083,1210,4464,4990,13629,13092,12555,12018,11482,9877,9344,8811,8280,6695,6172,5651,5135,4625,5135,13704,13170,9981,9453,8927,6847,6336,22357,9592,9074,8558,22965,22429,10270,9758,9249,24651,24116,23581,23047,12496,11982,10960,10454,25273,24740,24207,19433,18906,18380,17854,17329,14724,14208,13693,13181,12671,12164,11660,11159,25371,19037,18515,17993,17473,16953,15405,14893,14382,13874,13369,12866,11871,11380,25480,18147,17631,17117,16604,16093,15585,15078,14574,14073,13575,13081,12103,25601,25075,23501,22977,20375,19858,18316,17805,17296,16788,16283,15781,15281,14784,14290,13800,13314,12832,25209,24686,24164,23123,22605,22087,21570,21054,20540,20027,18499,17993,17489,16988,16489,15993,15500,15010,14524,14042,13564,21739,21228,20718,20209,19703,19198,18696,18195,17697,17202,16710,16220,15734,15252,14774,14300,21413,20908,20404,19903,19403,18906,18411,17920,17431,16945,16462,15984,15509,15039,21611,21110,20611,20115,19621,19129,18641,18155,17673,17194,16718,16247,15781,15319,21820,21324,20830,20339,19851,19365,18883,18404,17928,17456,16988,16525,21549,21061,20576,19613,19137,18664,18195,17731,17270,16815,21786,21303,20823,19403,18475,18017
69,9249,9592,9074,3156,3466,3827,9453,8927,7362,4841,2421,3062,3466,6695,6172,5135,4625,4122,3156,2296,1952,1712,1624,1712,3156,3631,6585,3423,2915,2421,1952,1083,1210,1531,2915,3423,12461,11920,11380,10839,10299,9758,9218,8677,8137,7597,7057,6518,2760,2232,1712,765,1210,2760,3292,12449,11908,11367,10826,10284,9743,8119,7578,3789,3248,2706,1624,1083,0,541,1083,1624,2165,2706,12461,11920,11380,10839,10299,9758,8137,7597,4901,4364,3827,1210,765,541,765,14115,13575,13036,12496,11957,10880,10341,9803,9265,7655,6585,4990,4464,1531,1210,3423,3941,14704,14167,13629,13092,12555,10947,10412,9877,9344,7750,7222,6695,6172,3631,4122,14774,14239,11040,10510,9981,7881,7362,23432,10634,10112,9592,24037,23501,11302,10785,10270,25721,25186,24651,24116,13532,13013,11982,11470,26340,25806,25273,20490,19961,19433,18906,18380,15762,15243,14724,14208,13693,13181,12671,12164,26434,20086,19561,19037,18515,17993,16436,15920,15405,14893,14382,13874,12866,12367,26539,19183,18664,18147,17631,17117,16604,16093,15585,15078,14574,14073,13081,26655,26128,24549,24025,21413,20894,19343,18828,18316,17805,17296,16788,16283,15781,15281,14784,14290,13800,26256,25732,25209,24164,23643,23123,22605,22087,21570,21054,19516,19007,18499,17993,17489,16988,16489,15993,15500,15010,14524,22766,22252,21739,21228,20718,20209,19703,19198,18696,18195,17697,17202,16710,16220,15734,15252,22429,21920,21413,20908,20404,19903,19403,18906,18411,17920,17431,16945,16462,15984,22617,22113,21611,21110,20611,20115,19621,19129,18641,18155,17673,17194,16718,16247,22817,22318,21820,21324,20830,20339,19851,19365,18883,18404,17928,17456,22533,22040,21549,20576,20093,19613,19137,18664,18195,17731,22760,22272,21786,20347,19403,18937
70,9758,10112,9592,2915,3156,3466,9981,9453,7881,5331,2232,2706,3062,7222,6695,5651,5135,4625,3631,2706,2296,1952,1712,1624,2706,3156,7119,3941,3423,2915,2421,1210,1083,1210,2421,2915,13002,12461,11920,11380,10839,10299,9758,9218,8677,8137,7597,7057,3292,2760,2232,541,765,2232,2760,12991,12449,11908,11367,10826,10284,8660,8119,4330,3789,3248,2165,1624,541,0,541,1083,1624,2165,13002,12461,11920,11380,10839,10299,8677,8137,5440,4901,4364,1712,1210,765,541,14655,14115,13575,13036,12496,11418,10880,10341,9803,8191,7119,5520,4990,1952,1531,2915,3423,15243,14704,14167,13629,13092,11482,10947,10412,9877,8280,7750,7222,6695,3156,3631,15310,14774,11571,11040,10510,8403,7881,23970,11159,10634,10112,24573,24037,11822,11302,10785,26256,25721,25186,24651,14052,13532,12496,11982,26874,26340,25806,21020,20490,19961,19433,18906,16283,15762,15243,14724,14208,13693,13181,12671,26966,20611,20086,19561,19037,18515,16953,16436,15920,15405,14893,14382,13369,12866,27069,19703,19183,18664,18147,17631,17117,16604,16093,15585,15078,14574,13575,27183,26655,25075,24549,21934,21413,19858,19343,18828,18316,17805,17296,16788,16283,15781,15281,14784,14290,26781,26256,25732,24686,24164,23643,23123,22605,22087,21570,20027,19516,19007,18499,17993,17489,16988,16489,15993,15500,15010,23281,22766,22252,21739,21228,20718,20209,19703,19198,18696,18195,17697,17202,16710,16220,15734,22939,22429,21920,21413,20908,20404,19903,19403,18906,18411,17920,17431,16945,16462,23123,22617,22113,21611,21110,20611,20115,19621,19129,18641,18155,17673,17194,16718,23319,22817,22318,21820,21324,20830,20339,19851,19365,18883,18404,17928,23028,22533,22040,21061,20576,20093,19613,19137,18664,18195,23250,22760,22272,20823,19873,19403
71,10270,10634,10112,2760,2915,3156,10510,9981,8403,5830,2165,2421,2706,7750,7222,6172,5651,5135,4122,3156,2706,2296,1952,1712,2296,2706,7655,4464,3941,3423,2915,1531,1210,1083,1952,2421,13543,13002,12461,11920,11380,10839,10299,9758,9218,8677,8137,7597,3827,3292,2760,765,541,1712,2232,13532,12991,12449,11908,11367,10826,9202,8660,4872,4330,3789,2706,2165,1083,541,0,541,1083,1624,13543,13002,12461,11920,11380,10839,9218,8677,5979,5440,4901,2232,1712,1210,765,15194,14655,14115,13575,13036,11957,11418,10880,10341,8728,7655,6052,5520,2421,1952,2421,2915,15781,15243,14704,14167,13629,12018,11482,10947,10412,8811,8280,7750,7222,2706,3156,15846,15310,12103,11571,11040,8927,8403,24507,11685,11159,10634,25110,24573,12343,11822,11302,26792,26256,25721,25186,14574,14052,13013,12496,27408,26874,26340,21549,21020,20490,19961,19433,16806,16283,15762,15243,14724,14208,13693,13181,27499,21138,20611,20086,19561,19037,17473,16953,16436,15920,15405,14893,13874,13369,27600,20224,19703,19183,18664,18147,17631,17117,16604,16093,15585,15078,14073,27711,27183,25601,25075,22455,21934,20375,19858,19343,18828,18316,17805,17296,16788,16283,15781,15281,14784,27306,26781,26256,25209,24686,24164,23643,23123,22605,22087,20540,20027,19516,19007,18499,17993,17489,16988,16489,15993,15500,23798,23281,22766,22252,21739,21228,20718,20209,19703,19198,18696,18195,17697,17202,16710,16220,23451,22939,22429,21920,21413,20908,20404,19903,19403,18906,18411,17920,17431,16945,23631,23123,22617,22113,21611,21110,20611,20115,19621,19129,18641,18155,17673,17194,23822,23319,22817,22318,21820,21324,20830,20339,19851,19365,18883,18404,23525,23028,22533,21549,21061,20576,20093,19613,19137,18664,23742,23250,22760,21303,20347,19873
72,10785,11159,10634,2706,2760,2915,11040,10510,8927,6336,2232,2232,2421,8280,7750,6695,6172,5651,4625,3631,3156,2706,2296,1952,1952,2296,8191,4990,4464,3941,3423,1952,1531,1210,1531,1952,14084,13543,13002,12461,11920,11380,10839,10299,9758,9218,8677,8137,4364,3827,3292,1210,765,1210,1712,14073,13532,12991,12449,11908,11367,9743,9202,5413,4872,4330,3248,2706,1624,1083,541,0,541,1083,14084,13543,13002,12461,11920,11380,9758,9218,6518,5979,5440,2760,2232,1712,1210,15734,15194,14655,14115,13575,12496,11957,11418,10880,9265,8191,6585,6052,2915,2421,1952,2421,16319,15781,15243,14704,14167,12555,12018,11482,10947,9344,8811,8280,7750,2296,2706,16382,15846,12636,12103,11571,9453,8927,25046,12212,11685,11159,25647,25110,12866,12343,11822,27328,26792,26256,25721,15098,14574,13532,13013,27943,27408,26874,22080,21549,21020,20490,19961,17329,16806,16283,15762,15243,14724,14208,13693,28032,21665,21138,20611,20086,19561,17993,17473,16953,16436,15920,15405,14382,13874,28131,20746,20224,19703,19183,18664,18147,17631,17117,16604,16093,15585,14574,28240,27711,26128,25601,22977,22455,20894,20375,19858,19343,18828,18316,17805,17296,16788,16283,15781,15281,27833,27306,26781,25732,25209,24686,24164,23643,23123,22605,21054,20540,20027,19516,19007,18499,17993,17489,16988,16489,15993,24315,23798,23281,22766,22252,21739,21228,20718,20209,19703,19198,18696,18195,17697,17202,16710,23963,23451,22939,22429,21920,21413,20908,20404,19903,19403,18906,18411,17920,17431,24140,23631,23123,22617,22113,21611,21110,20611,20115,19621,19129,18641,18155,17673,24328,23822,23319,22817,22318,21820,21324,20830,20339,19851,19365,18883,24025,23525,23028,22040,21549,21061,20576,20093,19613,19137,24237,23742,23250,21786,20823,20347
73,11302,11685,11159,2760,2706,2760,11571,11040,9453,6847,2421,2165,2232,8811,8280,7222,6695,6172,5135,4122,3631,3156,2706,2296,1712,1952,8728,5520,4990,4464,3941,2421,1952,1531,1210,1531,14625,14084,13543,13002,12461,11920,11380,10839,10299,9758,9218,8677,4901,4364,3827,1712,1210,765,1210,14615,14073,13532,12991,12449,11908,10284,9743,5954,5413,4872,3789,3248,2165,1624,1083,541,0,541,14625,14084,13543,13002,12461,11920,10299,9758,7057,6518,5979,3292,2760,2232,1712,16274,15734,15194,14655,14115,13036,12496,11957,11418,9803,8728,7119,6585,3423,2915,1531,1952,16858,16319,15781,15243,14704,13092,12555,12018,11482,9877,9344,8811,8280,1952,2296,16919,16382,13170,12636,12103,9981,9453,25584,12740,12212,11685,26184,25647,13391,12866,12343,27864,27328,26792,26256,15622,15098,14052,13532,28478,27943,27408,22611,22080,21549,21020,20490,17854,17329,16806,16283,15762,15243,14724,14208,28565,22192,21665,21138,20611,20086,18515,17993,17473,16953,16436,15920,14893,14382,28662,21269,20746,20224,19703,19183,18664,18147,17631,17117,16604,16093,15078,28769,28240,26655,26128,23501,22977,21413,20894,20375,19858,19343,18828,18316,17805,17296,16788,16283,15781,28359,27833,27306,26256,25732,25209,24686,24164,23643,23123,21570,21054,20540,20027,19516,19007,18499,17993,17489,16988,16489,24834,24315,23798,23281,22766,22252,21739,21228,20718,20209,19703,19198,18696,18195,17697,17202,24478,23963,23451,22939,22429,21920,21413,20908,20404,19903,19403,18906,18411,17920,24651,24140,23631,23123,22617,22113,21611,21110,20611,20115,19621,19129,18641,18155,24834,24328,23822,23319,22817,22318,21820,21324,20830,20339,19851,19365,24525,24025,23525,22533,22040,21549,21061,20576,20093,19613,24734,24237,23742,22272,21303,20823
74,11822,12212,11685,2915,2760,2706,12103,11571,9981,7362,2706,2232,2165,9344,8811,7750,7222,6695,5651,4625,4122,3631,3156,2706,1624,1712,9265,6052,5520,4990,4464,2915,2421,1952,1083,1210,15166,14625,14084,13543,13002,12461,11920,11380,10839,10299,9758,9218,5440,4901,4364,2232,1712,541,765,15156,14615,14073,13532,12991,12449,10826,10284,6495,5954,5413,4330,3789,2706,2165,1624,1083,541,0,15166,14625,14084,13543,13002,12461,10839,10299,7597,7057,6518,3827,3292,2760,2232,16815,16274,15734,15194,14655,13575,13036,12496,11957,10341,9265,7655,7119,3941,3423,1210,1531,17397,16858,16319,15781,15243,13629,13092,12555,12018,10412,9877,9344,8811,1712,1952,17456,16919,13704,13170,12636,10510,9981,26122,13270,12740,12212,26721,26184,13916,13391,12866,28400,27864,27328,26792,16148,15622,14574,14052,29013,28478,27943,23142,22611,22080,21549,21020,18380,17854,17329,16806,16283,15762,15243,14724,29099,22721,22192,21665,21138,20611,19037,18515,17993,17473,16953,16436,15405,14893,29194,21793,21269,20746,20224,19703,19183,18664,18147,17631,17117,16604,15585,29299,28769,27183,26655,24025,23501,21934,21413,20894,20375,19858,19343,18828,18316,17805,17296,16788,16283,28886,28359,27833,26781,26256,25732,25209,24686,24164,23643,22087,21570,21054,20540,20027,19516,19007,18499,17993,17489,16988,25354,24834,24315,23798,23281,22766,22252,21739,21228,20718,20209,19703,19198,18696,18195,17697,24993,24478,23963,23451,22939,22429,21920,21413,20908,20404,19903,19403,18906,18411,25162,24651,24140,23631,23123,22617,22113,21611,21110,20611,20115,19621,19129,18641,25342,24834,24328,23822,23319,22817,22318,21820,21324,20830,20339,19851,25028,24525,24025,23028,22533,22040,21549,21061,20576,20093,25232,24734,24237,22760,21786,21303
75,5358,4593,4990,14443,14971,15500,4228,4656,6052,8558,13800,14863,15396,6336,6847,7881,8403,8927,9981,11040,11571,12103,12636,13170,15310,15846,6172,9344,9877,10412,10947,12555,13092,13629,15243,15781,1083,1210,1531,1952,2421,2915,3423,3941,4464,4990,5520,6052,9803,10341,10880,13036,13575,15194,15734,541,765,1210,1712,2232,2760,4364,4901,8677,9218,9758,10839,11380,12461,13002,13543,14084,14625,15166,0,541,1083,1624,2165,2706,4330,4872,7578,8119,8660,11367,11908,12449,12991,1712,1210,765,541,765,1712,2232,2760,3292,4901,5979,7597,8137,11380,11920,15706,16247,2421,1952,1531,1210,1083,1952,2421,2915,3423,4990,5520,6052,6585,15734,16274,2706,2296,2296,2706,3156,5135,5651,11040,3062,3466,3903,11685,11159,3156,3466,3827,13391,12866,12343,11822,3292,3248,3423,3631,14052,13532,13013,8472,7992,7520,7057,6607,4656,4364,4122,3941,3827,3789,3827,3941,14208,8262,7806,7362,6932,6518,5413,5106,4841,4625,4464,4364,4364,4464,14382,7693,7282,6889,6518,6172,5855,5573,5331,5135,4990,4901,4901,14574,14073,12590,12103,9758,9313,8047,7655,7282,6932,6607,6312,6052,5830,5651,5520,5440,5413,14290,13800,13314,12355,11884,11418,10960,10510,10068,9637,8420,8047,7693,7362,7057,6782,6540,6336,6172,6052,5979,11263,10826,10398,9981,9576,9186,8811,8455,8119,7806,7520,7262,7037,6847,6695,6585,11159,10744,10341,9951,9576,9218,8878,8558,8262,7992,7750,7539,7362,7222,11508,11106,10717,10341,9981,9637,9313,9009,8728,8472,8245,8047,7881,7750,11871,11482,11106,10744,10398,10068,9758,9469,9202,8960,8745,8558,11871,11508,11159,10510,10213,9937,9683,9453,9249,9074,12272,11920,11584,10676,10170,9951
76,4990,4228,4593,13916,14443,14971,3827,4228,5573,8047,13270,14331,14863,5830,6336,7362,7881,8403,9453,10510,11040,11571,12103,12636,14774,15310,5651,8811,9344,9877,10412,12018,12555,13092,14704,15243,1210,1083,1210,1531,1952,2421,2915,3423,3941,4464,4990,5520,9265,9803,10341,12496,13036,14655,15194,765,541,765,1210,1712,2232,3827,4364,8137,8677,9218,10299,10839,11920,12461,13002,13543,14084,14625,541,0,541,1083,1624,2165,3789,4330,7037,7578,8119,10826,11367,11908,12449,2232,1712,1210,765,541,1210,1712,2232,2760,4364,5440,7057,7597,10839,11380,15166,15706,2915,2421,1952,1531,1210,1531,1952,2421,2915,4464,4990,5520,6052,15194,15734,3156,2706,1952,2296,2706,4625,5135,11571,2706,3062,3466,12212,11685,2915,3156,3466,13916,13391,12866,12343,3423,3292,3292,3423,14574,14052,13532,8960,8472,7992,7520,7057,4990,4656,4364,4122,3941,3827,3789,3827,14724,8728,8262,7806,7362,6932,5754,5413,5106,4841,4625,4464,4330,4364,14893,8119,7693,7282,6889,6518,6172,5855,5573,5331,5135,4990,4872,15078,14574,13081,12590,10213,9758,8455,8047,7655,7282,6932,6607,6312,6052,5830,5651,5520,5440,14784,14290,13800,12832,12355,11884,11418,10960,10510,10068,8811,8420,8047,7693,7362,7057,6782,6540,6336,6172,6052,11710,11263,10826,10398,9981,9576,9186,8811,8455,8119,7806,7520,7262,7037,6847,6695,11584,11159,10744,10341,9951,9576,9218,8878,8558,8262,7992,7750,7539,7362,11920,11508,11106,10717,10341,9981,9637,9313,9009,8728,8472,8245,8047,7881,12272,11871,11482,11106,10744,10398,10068,9758,9469,9202,8960,8745,12248,11871,11508,10826,10510,10213,9937,9683,9453,9249,12636,12272,11920,10960,10412,10170
77,4656,3903,4228,13391,13916,14443,3466,3827,5106,7539,12740,13800,14331,5331,5830,6847,7362,7881,8927,9981,10510,11040,11571,12103,14239,14774,5135,8280,8811,9344,9877,11482,12018,12555,14167,14704,1531,1210,1083,1210,1531,1952,2421,2915,3423,3941,4464,4990,8728,9265,9803,11957,12496,14115,14655,1210,765,541,765,1210,1712,3292,3827,7597,8137,8677,9758,10299,11380,11920,12461,13002,13543,14084,1083,541,0,541,1083,1624,3248,3789,6495,7037,7578,10284,10826,11367,11908,2760,2232,1712,1210,765,765,1210,1712,2232,3827,4901,6518,7057,10299,10839,14625,15166,3423,2915,2421,1952,1531,1210,1531,1952,2421,3941,4464,4990,5520,14655,15194,3631,3156,1712,1952,2296,4122,4625,12103,2421,2706,3062,12740,12212,2760,2915,3156,14443,13916,13391,12866,3631,3423,3248,3292,15098,14574,14052,9453,8960,8472,7992,7520,5358,4990,4656,4364,4122,3941,3827,3789,15243,9202,8728,8262,7806,7362,6124,5754,5413,5106,4841,4625,4364,4330,15405,8558,8119,7693,7282,6889,6518,6172,5855,5573,5331,5135,4901,15585,15078,13575,13081,10676,10213,8878,8455,8047,7655,7282,6932,6607,6312,6052,5830,5651,5520,15281,14784,14290,13314,12832,12355,11884,11418,10960,10510,9218,8811,8420,8047,7693,7362,7057,6782,6540,6336,6172,12164,11710,11263,10826,10398,9981,9576,9186,8811,8455,8119,7806,7520,7262,7037,6847,12018,11584,11159,10744,10341,9951,9576,9218,8878,8558,8262,7992,7750,7539,12343,11920,11508,11106,10717,10341,9981,9637,9313,9009,8728,8472,8245,8047,12683,12272,11871,11482,11106,10744,10398,10068,9758,9469,9202,8960,12636,12248,11871,11159,10826,10510,10213,9937,9683,9453,13013,12636,12272,11263,10676,10412
78,4364,3631,3903,12866,13391,13916,3156,3466,4656,7037,12212,13270,13800,4841,5331,6336,6847,7362,8403,9453,9981,10510,11040,11571,13704,14239,4625,7750,8280,8811,9344,10947,11482,12018,13629,14167,1952,1531,1210,1083,1210,1531,1952,2421,2915,3423,3941,4464,8191,8728,9265,11418,11957,13575,14115,1712,1210,765,541,765,1210,2760,3292,7057,7597,8137,9218,9758,10839,11380,11920,12461,13002,13543,1624,1083,541,0,541,1083,2706,3248,5954,6495,7037,9743,10284,10826,11367,3292,2760,2232,1712,1210,541,765,1210,1712,3292,4364,5979,6518,9758,10299,14084,14625,3941,3423,2915,2421,1952,1083,1210,1531,1952,3423,3941,4464,4990,14115,14655,4122,3631,1624,1712,1952,3631,4122,12636,2232,2421,2706,13270,12740,2706,2760,2915,14971,14443,13916,13391,3903,3631,3292,3248,15622,15098,14574,9951,9453,8960,8472,7992,5754,5358,4990,4656,4364,4122,3941,3827,15762,9683,9202,8728,8262,7806,6518,6124,5754,5413,5106,4841,4464,4364,15920,9009,8558,8119,7693,7282,6889,6518,6172,5855,5573,5331,4990,16093,15585,14073,13575,11146,10676,9313,8878,8455,8047,7655,7282,6932,6607,6312,6052,5830,5651,15781,15281,14784,13800,13314,12832,12355,11884,11418,10960,9637,9218,8811,8420,8047,7693,7362,7057,6782,6540,6336,12625,12164,11710,11263,10826,10398,9981,9576,9186,8811,8455,8119,7806,7520,7262,7037,12461,12018,11584,11159,10744,10341,9951,9576,9218,8878,8558,8262,7992,7750,12775,12343,11920,11508,11106,10717,10341,9981,9637,9313,9009,8728,8472,8245,13103,12683,12272,11871,11482,11106,10744,10398,10068,9758,9469,9202,13036,12636,12248,11508,11159,10826,10510,10213,9937,9683,13401,13013,12636,11584,10960,10676
79,4122,3423,3631,12343,12866,13391,2915,3156,4228,6540,11685,12740,13270,4364,4841,5830,6336,6847,7881,8927,9453,9981,10510,11040,13170,13704,4122,7222,7750,8280,8811,10412,10947,11482,13092,13629,2421,1952,1531,1210,1083,1210,1531,1952,2421,2915,3423,3941,7655,8191,8728,10880,11418,13036,13575,2232,1712,1210,765,541,765,2232,2760,6518,7057,7597,8677,9218,10299,10839,11380,11920,12461,13002,2165,1624,1083,541,0,541,2165,2706,5413,5954,6495,9202,9743,10284,10826,3827,3292,2760,2232,1712,765,541,765,1210,2760,3827,5440,5979,9218,9758,13543,14084,4464,3941,3423,2915,2421,1210,1083,1210,1531,2915,3423,3941,4464,13575,14115,4625,4122,1712,1624,1712,3156,3631,13170,2165,2232,2421,13800,13270,2760,2706,2760,15500,14971,14443,13916,4228,3903,3423,3292,16148,15622,15098,10454,9951,9453,8960,8472,6172,5754,5358,4990,4656,4364,4122,3941,16283,10170,9683,9202,8728,8262,6932,6518,6124,5754,5413,5106,4625,4464,16436,9469,9009,8558,8119,7693,7282,6889,6518,6172,5855,5573,5135,16604,16093,14574,14073,11622,11146,9758,9313,8878,8455,8047,7655,7282,6932,6607,6312,6052,5830,16283,15781,15281,14290,13800,13314,12832,12355,11884,11418,10068,9637,9218,8811,8420,8047,7693,7362,7057,6782,6540,13092,12625,12164,11710,11263,10826,10398,9981,9576,9186,8811,8455,8119,7806,7520,7262,12912,12461,12018,11584,11159,10744,10341,9951,9576,9218,8878,8558,8262,7992,13214,12775,12343,11920,11508,11106,10717,10341,9981,9637,9313,9009,8728,8472,13532,13103,12683,12272,11871,11482,11106,10744,10398,10068,9758,9469,13445,13036,12636,11871,11508,11159,10826,10510,10213,9937,13800,13401,13013,11920,11263,10960
80,3941,3292,3423,11822,12343,12866,2760,2915,3827,6052,11159,12212,12740,3903,4364,5331,5830,6336,7362,8403,8927,9453,9981,10510,12636,13170,3631,6695,7222,7750,8280,9877,10412,10947,12555,13092,2915,2421,1952,1531,1210,1083,1210,1531,1952,2421,2915,3423,7119,7655,8191,10341,10880,12496,13036,2760,2232,1712,1210,765,541,1712,2232,5979,6518,7057,8137,8677,9758,10299,10839,11380,11920,12461,2706,2165,1624,1083,541,0,1624,2165,4872,5413,5954,8660,9202,9743,10284,4364,3827,3292,2760,2232,1210,765,541,765,2232,3292,4901,5440,8677,9218,13002,13543,4990,4464,3941,3423,2915,1531,1210,1083,1210,2421,2915,3423,3941,13036,13575,5135,4625,1952,1712,1624,2706,3156,13704,2232,2165,2232,14331,13800,2915,2760,2706,16030,15500,14971,14443,4593,4228,3631,3423,16675,16148,15622,10960,10454,9951,9453,8960,6607,6172,5754,5358,4990,4656,4364,4122,16806,10662,10170,9683,9202,8728,7362,6932,6518,6124,5754,5413,4841,4625,16953,9937,9469,9009,8558,8119,7693,7282,6889,6518,6172,5855,5331,17117,16604,15078,14574,12103,11622,10213,9758,9313,8878,8455,8047,7655,7282,6932,6607,6312,6052,16788,16283,15781,14784,14290,13800,13314,12832,12355,11884,10510,10068,9637,9218,8811,8420,8047,7693,7362,7057,6782,13564,13092,12625,12164,11710,11263,10826,10398,9981,9576,9186,8811,8455,8119,7806,7520,13369,12912,12461,12018,11584,11159,10744,10341,9951,9576,9218,8878,8558,8262,13661,13214,12775,12343,11920,11508,11106,10717,10341,9981,9637,9313,9009,8728,13969,13532,13103,12683,12272,11871,11482,11106,10744,10398,10068,9758,13864,13445,13036,12248,11871,11508,11159,10826,10510,10213,14208,13800,13401,12272,11584,11263
81,3827,3423,3292,10270,10785,11302,2915,2760,2915,4656,9592,10634,11159,2706,3062,3903,4364,4841,5830,6847,7362,7881,8403,8927,11040,11571,2296,5135,5651,6172,6695,8280,8811,9344,10947,11482,4464,3941,3423,2915,2421,1952,1531,1210,1083,1210,1531,1952,5520,6052,6585,8728,9265,10880,11418,4364,3827,3292,2760,2232,1712,541,765,4364,4901,5440,6518,7057,8137,8677,9218,9758,10299,10839,4330,3789,3248,2706,2165,1624,0,541,3248,3789,4330,7037,7578,8119,8660,5979,5440,4901,4364,3827,2760,2232,1712,1210,765,1712,3292,3827,7057,7597,11380,11920,6585,6052,5520,4990,4464,2915,2421,1952,1531,1210,1531,1952,2421,11418,11957,6695,6172,3156,2706,2296,1712,1952,15310,3062,2706,2421,15929,15396,3827,3466,3156,17623,17091,16560,16030,5855,5413,4593,4228,18260,17731,17202,12496,11982,11470,10960,10454,7992,7520,7057,6607,6172,5754,5358,4990,18380,12164,11660,11159,10662,10170,8728,8262,7806,7362,6932,6518,5754,5413,18515,11380,10893,10412,9937,9469,9009,8558,8119,7693,7282,6889,6172,18664,18147,16604,16093,13575,13081,11622,11146,10676,10213,9758,9313,8878,8455,8047,7655,7282,6932,18316,17805,17296,16283,15781,15281,14784,14290,13800,13314,11884,11418,10960,10510,10068,9637,9218,8811,8420,8047,7693,15010,14524,14042,13564,13092,12625,12164,11710,11263,10826,10398,9981,9576,9186,8811,8455,14774,14300,13832,13369,12912,12461,12018,11584,11159,10744,10341,9951,9576,9218,15039,14574,14115,13661,13214,12775,12343,11920,11508,11106,10717,10341,9981,9637,15319,14863,14413,13969,13532,13103,12683,12272,11871,11482,11106,10744,15166,14724,14290,13445,13036,12636,12248,11871,11508,11159,15481,15049,14625,13401,12636,12272
82,3941,3631,3423,9758,10270,10785,3156,2915,2760,4228,9074,10112,10634,2421,2706,3466,3903,4364,5331,6336,6847,7362,7881,8403,10510,11040,1952,4625,5135,5651,6172,7750,8280,8811,10412,10947,4990,4464,3941,3423,2915,2421,1952,1531,1210,1083,1210,1531,4990,5520,6052,8191,8728,10341,10880,4901,4364,3827,3292,2760,2232,765,541,3827,4364,4901,5979,6518,7597,8137,8677,9218,9758,10299,4872,4330,3789,3248,2706,2165,541,0,2706,3248,3789,6495,7037,7578,8119,6518,5979,5440,4901,4364,3292,2760,2232,1712,541,1210,2760,3292,6518,7057,10839,11380,7119,6585,6052,5520,4990,3423,2915,2421,1952,1083,1210,1531,1952,10880,11418,7222,6695,3631,3156,2706,1624,1712,15846,3466,3062,2706,16462,15929,4228,3827,3466,18155,17623,17091,16560,6312,5855,4990,4593,18790,18260,17731,13013,12496,11982,11470,10960,8472,7992,7520,7057,6607,6172,5754,5358,18906,12671,12164,11660,11159,10662,9202,8728,8262,7806,7362,6932,6124,5754,19037,11871,11380,10893,10412,9937,9469,9009,8558,8119,7693,7282,6518,19183,18664,17117,16604,14073,13575,12103,11622,11146,10676,10213,9758,9313,8878,8455,8047,7655,7282,18828,18316,17805,16788,16283,15781,15281,14784,14290,13800,12355,11884,11418,10960,10510,10068,9637,9218,8811,8420,8047,15500,15010,14524,14042,13564,13092,12625,12164,11710,11263,10826,10398,9981,9576,9186,8811,15252,14774,14300,13832,13369,12912,12461,12018,11584,11159,10744,10341,9951,9576,15509,15039,14574,14115,13661,13214,12775,12343,11920,11508,11106,10717,10341,9981,15781,15319,14863,14413,13969,13532,13103,12683,12272,11871,11482,11106,15613,15166,14724,13864,13445,13036,12636,12248,11871,11508,15920,15481,15049,13800,13013,12636
83,5358,5413,4990,7262,7750,8245,5106,4656,3466,2760,6540,7539,8047,2706,2421,2165,2232,2421,3062,3903,4364,4841,5331,5830,7881,8403,2296,2296,2706,3156,3631,5135,5651,6172,7750,8280,7655,7119,6585,6052,5520,4990,4464,3941,3423,2915,2421,1952,2421,2915,3423,5520,6052,7655,8191,7597,7057,6518,5979,5440,4901,3292,2760,1210,1712,2232,3292,3827,4901,5440,5979,6518,7057,7597,7578,7037,6495,5954,5413,4872,3248,2706,0,541,1083,3789,4330,4872,5413,9218,8677,8137,7597,7057,5979,5440,4901,4364,2760,1712,541,765,3827,4364,8137,8677,9803,9265,8728,8191,7655,6052,5520,4990,4464,2915,2421,1952,1531,8191,8728,9877,9344,6172,5651,5135,3156,2706,18530,5830,5331,4841,19137,18601,6540,6052,5573,20823,20289,19755,19221,8745,8245,7262,6782,21447,20915,20383,15622,15098,14574,14052,13532,10960,10454,9951,9453,8960,8472,7992,7520,21549,15243,14724,14208,13693,13181,11660,11159,10662,10170,9683,9202,8262,7806,21665,14382,13874,13369,12866,12367,11871,11380,10893,10412,9937,9469,8558,21793,21269,19703,19183,16604,16093,14574,14073,13575,13081,12590,12103,11622,11146,10676,10213,9758,9313,21413,20894,20375,19343,18828,18316,17805,17296,16788,16283,14784,14290,13800,13314,12832,12355,11884,11418,10960,10510,10068,17993,17489,16988,16489,15993,15500,15010,14524,14042,13564,13092,12625,12164,11710,11263,10826,17697,17202,16710,16220,15734,15252,14774,14300,13832,13369,12912,12461,12018,11584,17920,17431,16945,16462,15984,15509,15039,14574,14115,13661,13214,12775,12343,11920,18155,17673,17194,16718,16247,15781,15319,14863,14413,13969,13532,13103,17928,17456,16988,16066,15613,15166,14724,14290,13864,13445,18195,17731,17270,15920,15049,14625
84,5754,5855,5413,6782,7262,7750,5573,5106,3827,2706,6052,7037,7539,3062,2706,2232,2165,2232,2706,3466,3903,4364,4841,5331,7362,7881,2706,1952,2296,2706,3156,4625,5135,5651,7222,7750,8191,7655,7119,6585,6052,5520,4990,4464,3941,3423,2915,2421,1952,2421,2915,4990,5520,7119,7655,8137,7597,7057,6518,5979,5440,3827,3292,765,1210,1712,2760,3292,4364,4901,5440,5979,6518,7057,8119,7578,7037,6495,5954,5413,3789,3248,541,0,541,3248,3789,4330,4872,9758,9218,8677,8137,7597,6518,5979,5440,4901,3292,2232,765,541,3292,3827,7597,8137,10341,9803,9265,8728,8191,6585,6052,5520,4990,3423,2915,2421,1952,7655,8191,10412,9877,6695,6172,5651,3631,3156,19068,6336,5830,5331,19673,19137,7037,6540,6052,21358,20823,20289,19755,9249,8745,7750,7262,21980,21447,20915,16148,15622,15098,14574,14052,11470,10960,10454,9951,9453,8960,8472,7992,22080,15762,15243,14724,14208,13693,12164,11660,11159,10662,10170,9683,8728,8262,22192,14893,14382,13874,13369,12866,12367,11871,11380,10893,10412,9937,9009,22318,21793,20224,19703,17117,16604,15078,14574,14073,13575,13081,12590,12103,11622,11146,10676,10213,9758,21934,21413,20894,19858,19343,18828,18316,17805,17296,16788,15281,14784,14290,13800,13314,12832,12355,11884,11418,10960,10510,18499,17993,17489,16988,16489,15993,15500,15010,14524,14042,13564,13092,12625,12164,11710,11263,18195,17697,17202,16710,16220,15734,15252,14774,14300,13832,13369,12912,12461,12018,18411,17920,17431,16945,16462,15984,15509,15039,14574,14115,13661,13214,12775,12343,18641,18155,17673,17194,16718,16247,15781,15319,14863,14413,13969,13532,18404,17928,17456,16525,16066,15613,15166,14724,14290,13864,18664,18195,17731,16364,15481,15049
85,6172,6312,5855,6312,6782,7262,6052,5573,4228,2760,5573,6540,7037,3466,3062,2421,2232,2165,2421,3062,3466,3903,4364,4841,6847,7362,3156,1712,1952,2296,2706,4122,4625,5135,6695,7222,8728,8191,7655,7119,6585,6052,5520,4990,4464,3941,3423,2915,1531,1952,2421,4464,4990,6585,7119,8677,8137,7597,7057,6518,5979,4364,3827,541,765,1210,2232,2760,3827,4364,4901,5440,5979,6518,8660,8119,7578,7037,6495,5954,4330,3789,1083,541,0,2706,3248,3789,4330,10299,9758,9218,8677,8137,7057,6518,5979,5440,3827,2760,1210,765,2760,3292,7057,7597,10880,10341,9803,9265,8728,7119,6585,6052,5520,3941,3423,2915,2421,7119,7655,10947,10412,7222,6695,6172,4122,3631,19606,6847,6336,5830,20209,19673,7539,7037,6540,21893,21358,20823,20289,9758,9249,8245,7750,22514,21980,21447,16675,16148,15622,15098,14574,11982,11470,10960,10454,9951,9453,8960,8472,22611,16283,15762,15243,14724,14208,12671,12164,11660,11159,10662,10170,9202,8728,22721,15405,14893,14382,13874,13369,12866,12367,11871,11380,10893,10412,9469,22843,22318,20746,20224,17631,17117,15585,15078,14574,14073,13575,13081,12590,12103,11622,11146,10676,10213,22455,21934,21413,20375,19858,19343,18828,18316,17805,17296,15781,15281,14784,14290,13800,13314,12832,12355,11884,11418,10960,19007,18499,17993,17489,16988,16489,15993,15500,15010,14524,14042,13564,13092,12625,12164,11710,18696,18195,17697,17202,16710,16220,15734,15252,14774,14300,13832,13369,12912,12461,18906,18411,17920,17431,16945,16462,15984,15509,15039,14574,14115,13661,13214,12775,19129,18641,18155,17673,17194,16718,16247,15781,15319,14863,14413,13969,18883,18404,17928,16988,16525,16066,15613,15166,14724,14290,19137,18664,18195,16815,15920,15481
86,8472,8745,8245,4228,4593,4990,8558,8047,6540,4228,3466,4228,4656,5830,5331,4364,3903,3466,2706,2232,2165,2232,2421,2706,4364,4841,5651,2706,2296,1952,1712,1952,2296,2706,4122,4625,11418,10880,10341,9803,9265,8728,8191,7655,7119,6585,6052,5520,1952,1531,1210,1952,2421,3941,4464,11380,10839,10299,9758,9218,8677,7057,6518,2760,2232,1712,765,541,1210,1712,2232,2760,3292,3827,11367,10826,10284,9743,9202,8660,7037,6495,3789,3248,2706,0,541,1083,1624,13002,12461,11920,11380,10839,9758,9218,8677,8137,6518,5440,3827,3292,541,765,4364,4901,13575,13036,12496,11957,11418,9803,9265,8728,8191,6585,6052,5520,4990,4464,4990,13629,13092,9877,9344,8811,6695,6172,22298,9453,8927,8403,22894,22357,10112,9592,9074,24573,24037,23501,22965,12343,11822,10785,10270,25186,24651,24116,19320,18790,18260,17731,17202,14574,14052,13532,13013,12496,11982,11470,10960,25273,18906,18380,17854,17329,16806,15243,14724,14208,13693,13181,12671,11660,11159,25371,17993,17473,16953,16436,15920,15405,14893,14382,13874,13369,12866,11871,25480,24952,23369,22843,20224,19703,18147,17631,17117,16604,16093,15585,15078,14574,14073,13575,13081,12590,25075,24549,24025,22977,22455,21934,21413,20894,20375,19858,18316,17805,17296,16788,16283,15781,15281,14784,14290,13800,13314,21570,21054,20540,20027,19516,19007,18499,17993,17489,16988,16489,15993,15500,15010,14524,14042,21228,20718,20209,19703,19198,18696,18195,17697,17202,16710,16220,15734,15252,14774,21413,20908,20404,19903,19403,18906,18411,17920,17431,16945,16462,15984,15509,15039,21611,21110,20611,20115,19621,19129,18641,18155,17673,17194,16718,16247,21324,20830,20339,19365,18883,18404,17928,17456,16988,16525,21549,21061,20576,19137,18195,17731
87,8960,9249,8745,3903,4228,4593,9074,8558,7037,4656,3156,3827,4228,6336,5830,4841,4364,3903,3062,2421,2232,2165,2232,2421,3903,4364,6172,3156,2706,2296,1952,1712,1952,2296,3631,4122,11957,11418,10880,10341,9803,9265,8728,8191,7655,7119,6585,6052,2421,1952,1531,1531,1952,3423,3941,11920,11380,10839,10299,9758,9218,7597,7057,3292,2760,2232,1210,765,765,1210,1712,2232,2760,3292,11908,11367,10826,10284,9743,9202,7578,7037,4330,3789,3248,541,0,541,1083,13543,13002,12461,11920,11380,10299,9758,9218,8677,7057,5979,4364,3827,765,541,3827,4364,14115,13575,13036,12496,11957,10341,9803,9265,8728,7119,6585,6052,5520,3941,4464,14167,13629,10412,9877,9344,7222,6695,22837,9981,9453,8927,23432,22894,10634,10112,9592,25110,24573,24037,23501,12866,12343,11302,10785,25721,25186,24651,19851,19320,18790,18260,17731,15098,14574,14052,13532,13013,12496,11982,11470,25806,19433,18906,18380,17854,17329,15762,15243,14724,14208,13693,13181,12164,11660,25902,18515,17993,17473,16953,16436,15920,15405,14893,14382,13874,13369,12367,26010,25480,23896,23369,20746,20224,18664,18147,17631,17117,16604,16093,15585,15078,14574,14073,13575,13081,25601,25075,24549,23501,22977,22455,21934,21413,20894,20375,18828,18316,17805,17296,16788,16283,15781,15281,14784,14290,13800,22087,21570,21054,20540,20027,19516,19007,18499,17993,17489,16988,16489,15993,15500,15010,14524,21739,21228,20718,20209,19703,19198,18696,18195,17697,17202,16710,16220,15734,15252,21920,21413,20908,20404,19903,19403,18906,18411,17920,17431,16945,16462,15984,15509,22113,21611,21110,20611,20115,19621,19129,18641,18155,17673,17194,16718,21820,21324,20830,19851,19365,18883,18404,17928,17456,16988,22040,21549,21061,19613,18664,18195
88,9453,9758,9249,3631,3903,4228,9592,9074,7539,5106,2915,3466,3827,6847,6336,5331,4841,4364,3466,2706,2421,2232,2165,2232,3466,3903,6695,3631,3156,2706,2296,1624,1712,1952,3156,3631,12496,11957,11418,10880,10341,9803,9265,8728,8191,7655,7119,6585,2915,2421,1952,1210,1531,2915,3423,12461,11920,11380,10839,10299,9758,8137,7597,3827,3292,2760,1712,1210,541,765,1210,1712,2232,2760,12449,11908,11367,10826,10284,9743,8119,7578,4872,4330,3789,1083,541,0,541,14084,13543,13002,12461,11920,10839,10299,9758,9218,7597,6518,4901,4364,1210,765,3292,3827,14655,14115,13575,13036,12496,10880,10341,9803,9265,7655,7119,6585,6052,3423,3941,14704,14167,10947,10412,9877,7750,7222,23376,10510,9981,9453,23970,23432,11159,10634,10112,25647,25110,24573,24037,13391,12866,11822,11302,26256,25721,25186,20383,19851,19320,18790,18260,15622,15098,14574,14052,13532,13013,12496,11982,26340,19961,19433,18906,18380,17854,16283,15762,15243,14724,14208,13693,12671,12164,26434,19037,18515,17993,17473,16953,16436,15920,15405,14893,14382,13874,12866,26539,26010,24424,23896,21269,20746,19183,18664,18147,17631,17117,16604,16093,15585,15078,14574,14073,13575,26128,25601,25075,24025,23501,22977,22455,21934,21413,20894,19343,18828,18316,17805,17296,16788,16283,15781,15281,14784,14290,22605,22087,21570,21054,20540,20027,19516,19007,18499,17993,17489,16988,16489,15993,15500,15010,22252,21739,21228,20718,20209,19703,19198,18696,18195,17697,17202,16710,16220,15734,22429,21920,21413,20908,20404,19903,19403,18906,18411,17920,17431,16945,16462,15984,22617,22113,21611,21110,20611,20115,19621,19129,18641,18155,17673,17194,22318,21820,21324,20339,19851,19365,18883,18404,17928,17456,22533,22040,21549,20093,19137,18664
89,9951,10270,9758,3423,3631,3903,10112,9592,8047,5573,2760,3156,3466,7362,6847,5830,5331,4841,3903,3062,2706,2421,2232,2165,3062,3466,7222,4122,3631,3156,2706,1712,1624,1712,2706,3156,13036,12496,11957,11418,10880,10341,9803,9265,8728,8191,7655,7119,3423,2915,2421,1083,1210,2421,2915,13002,12461,11920,11380,10839,10299,8677,8137,4364,3827,3292,2232,1712,765,541,765,1210,1712,2232,12991,12449,11908,11367,10826,10284,8660,8119,5413,4872,4330,1624,1083,541,0,14625,14084,13543,13002,12461,11380,10839,10299,9758,8137,7057,5440,4901,1712,1210,2760,3292,15194,14655,14115,13575,13036,11418,10880,10341,9803,8191,7655,7119,6585,2915,3423,15243,14704,11482,10947,10412,8280,7750,23915,11040,10510,9981,24507,23970,11685,11159,10634,26184,25647,25110,24573,13916,13391,12343,11822,26792,26256,25721,20915,20383,19851,19320,18790,16148,15622,15098,14574,14052,13532,13013,12496,26874,20490,19961,19433,18906,18380,16806,16283,15762,15243,14724,14208,13181,12671,26966,19561,19037,18515,17993,17473,16953,16436,15920,15405,14893,14382,13369,27069,26539,24952,24424,21793,21269,19703,19183,18664,18147,17631,17117,16604,16093,15585,15078,14574,14073,26655,26128,25601,24549,24025,23501,22977,22455,21934,21413,19858,19343,18828,18316,17805,17296,16788,16283,15781,15281,14784,23123,22605,22087,21570,21054,20540,20027,19516,19007,18499,17993,17489,16988,16489,15993,15500,22766,22252,21739,21228,20718,20209,19703,19198,18696,18195,17697,17202,16710,16220,22939,22429,21920,21413,20908,20404,19903,19403,18906,18411,17920,17431,16945,16462,23123,22617,22113,21611,21110,20611,20115,19621,19129,18641,18155,17673,22817,22318,21820,20830,20339,19851,19365,18883,18404,17928,23028,22533,22040,20576,19613,19137
90,6932,6172,6607,16148,16675,17202,5855,6312,7750,10270,15500,16560,17091,8047,8558,9592,10112,10634,11685,12740,13270,13800,14331,14863,16997,17531,7881,11040,11571,12103,12636,14239,14774,15310,16919,17456,2296,2706,3156,3631,4122,4625,5135,5651,6172,6695,7222,7750,11482,12018,12555,14704,15243,16858,17397,1952,2421,2915,3423,3941,4464,6052,6585,10341,10880,11418,12496,13036,14115,14655,15194,15734,16274,16815,1712,2232,2760,3292,3827,4364,5979,6518,9218,9758,10299,13002,13543,14084,14625,0,541,1083,1624,2165,3248,3789,4330,4872,6495,7578,9202,9743,12991,13532,17321,17862,765,541,765,1210,1712,3292,3827,4364,4901,6518,7057,7597,8137,17329,17870,1210,1083,3423,3941,4464,6585,7119,9344,4122,4625,5135,9981,9453,3903,4364,4841,11685,11159,10634,10112,2915,3156,3827,4228,12343,11822,11302,6782,6312,5855,5413,4990,3423,3292,3248,3292,3423,3631,3903,4228,12496,6607,6172,5754,5358,4990,4122,3941,3827,3789,3827,3941,4364,4656,12671,6124,5754,5413,5106,4841,4625,4464,4364,4330,4364,4464,4841,12866,12367,10893,10412,8119,7693,6518,6172,5855,5573,5331,5135,4990,4901,4872,4901,4990,5135,12590,12103,11622,10676,10213,9758,9313,8878,8455,8047,6932,6607,6312,6052,5830,5651,5520,5440,5413,5440,5520,9637,9218,8811,8420,8047,7693,7362,7057,6782,6540,6336,6172,6052,5979,5954,5979,9576,9186,8811,8455,8119,7806,7520,7262,7037,6847,6695,6585,6518,6495,9951,9576,9218,8878,8558,8262,7992,7750,7539,7362,7222,7119,7057,7037,10341,9981,9637,9313,9009,8728,8472,8245,8047,7881,7750,7655,10398,10068,9758,9202,8960,8745,8558,8403,8280,8191,10826,10510,10213,9453,9074,8927
91,6518,5754,6172,15622,16148,16675,5413,5855,7262,9758,14971,16030,16560,7539,8047,9074,9592,10112,11159,12212,12740,13270,13800,14331,16462,16997,7362,10510,11040,11571,12103,13704,14239,14774,16382,16919,1952,2296,2706,3156,3631,4122,4625,5135,5651,6172,6695,7222,10947,11482,12018,14167,14704,16319,16858,1531,1952,2421,2915,3423,3941,5520,6052,9803,10341,10880,11957,12496,13575,14115,14655,15194,15734,16274,1210,1712,2232,2760,3292,3827,5440,5979,8677,9218,9758,12461,13002,13543,14084,541,0,541,1083,1624,2706,3248,3789,4330,5954,7037,8660,9202,12449,12991,16780,17321,1210,765,541,765,1210,2760,3292,3827,4364,5979,6518,7057,7597,16788,17329,1531,1210,2915,3423,3941,6052,6585,9877,3631,4122,4625,10510,9981,3466,3903,4364,12212,11685,11159,10634,2760,2915,3466,3827,12866,12343,11822,7262,6782,6312,5855,5413,3631,3423,3292,3248,3292,3423,3631,3903,13013,7057,6607,6172,5754,5358,4364,4122,3941,3827,3789,3827,4122,4364,13181,6518,6124,5754,5413,5106,4841,4625,4464,4364,4330,4364,4625,13369,12866,11380,10893,8558,8119,6889,6518,6172,5855,5573,5331,5135,4990,4901,4872,4901,4990,13081,12590,12103,11146,10676,10213,9758,9313,8878,8455,7282,6932,6607,6312,6052,5830,5651,5520,5440,5413,5440,10068,9637,9218,8811,8420,8047,7693,7362,7057,6782,6540,6336,6172,6052,5979,5954,9981,9576,9186,8811,8455,8119,7806,7520,7262,7037,6847,6695,6585,6518,10341,9951,9576,9218,8878,8558,8262,7992,7750,7539,7362,7222,7119,7057,10717,10341,9981,9637,9313,9009,8728,8472,8245,8047,7881,7750,10744,10398,10068,9469,9202,8960,8745,8558,8403,8280,11159,10826,10510,9683,9249,9074
92,6124,5358,5754,15098,15622,16148,4990,5413,6782,9249,14443,15500,16030,7037,7539,8558,9074,9592,10634,11685,12212,12740,13270,13800,15929,16462,6847,9981,10510,11040,11571,13170,13704,14239,15846,16382,1712,1952,2296,2706,3156,3631,4122,4625,5135,5651,6172,6695,10412,10947,11482,13629,14167,15781,16319,1210,1531,1952,2421,2915,3423,4990,5520,9265,9803,10341,11418,11957,13036,13575,14115,14655,15194,15734,765,1210,1712,2232,2760,3292,4901,5440,8137,8677,9218,11920,12461,13002,13543,1083,541,0,541,1083,2165,2706,3248,3789,5413,6495,8119,8660,11908,12449,16238,16780,1712,1210,765,541,765,2232,2760,3292,3827,5440,5979,6518,7057,16247,16788,1952,1531,2421,2915,3423,5520,6052,10412,3156,3631,4122,11040,10510,3062,3466,3903,12740,12212,11685,11159,2706,2760,3156,3466,13391,12866,12343,7750,7262,6782,6312,5855,3903,3631,3423,3292,3248,3292,3423,3631,13532,7520,7057,6607,6172,5754,4656,4364,4122,3941,3827,3789,3941,4122,13693,6932,6518,6124,5754,5413,5106,4841,4625,4464,4364,4330,4464,13874,13369,11871,11380,9009,8558,7282,6889,6518,6172,5855,5573,5331,5135,4990,4901,4872,4901,13575,13081,12590,11622,11146,10676,10213,9758,9313,8878,7655,7282,6932,6607,6312,6052,5830,5651,5520,5440,5413,10510,10068,9637,9218,8811,8420,8047,7693,7362,7057,6782,6540,6336,6172,6052,5979,10398,9981,9576,9186,8811,8455,8119,7806,7520,7262,7037,6847,6695,6585,10744,10341,9951,9576,9218,8878,8558,8262,7992,7750,7539,7362,7222,7119,11106,10717,10341,9981,9637,9313,9009,8728,8472,8245,8047,7881,11106,10744,10398,9758,9469,9202,8960,8745,8558,8403,11508,11159,10826,9937,9453,9249
93,5754,4990,5358,14574,15098,15622,4593,4990,6312,8745,13916,14971,15500,6540,7037,8047,8558,9074,10112,11159,11685,12212,12740,13270,15396,15929,6336,9453,9981,10510,11040,12636,13170,13704,15310,15846,1624,1712,1952,2296,2706,3156,3631,4122,4625,5135,5651,6172,9877,10412,10947,13092,13629,15243,15781,1083,1210,1531,1952,2421,2915,4464,4990,8728,9265,9803,10880,11418,12496,13036,13575,14115,14655,15194,541,765,1210,1712,2232,2760,4364,4901,7597,8137,8677,11380,11920,12461,13002,1624,1083,541,0,541,1624,2165,2706,3248,4872,5954,7578,8119,11367,11908,15697,16238,2232,1712,1210,765,541,1712,2232,2760,3292,4901,5440,5979,6518,15706,16247,2421,1952,1952,2421,2915,4990,5520,10947,2706,3156,3631,11571,11040,2706,3062,3466,13270,12740,12212,11685,2760,2706,2915,3156,13916,13391,12866,8245,7750,7262,6782,6312,4228,3903,3631,3423,3292,3248,3292,3423,14052,7992,7520,7057,6607,6172,4990,4656,4364,4122,3941,3827,3827,3941,14208,7362,6932,6518,6124,5754,5413,5106,4841,4625,4464,4364,4364,14382,13874,12367,11871,9469,9009,7693,7282,6889,6518,6172,5855,5573,5331,5135,4990,4901,4872,14073,13575,13081,12103,11622,11146,10676,10213,9758,9313,8047,7655,7282,6932,6607,6312,6052,5830,5651,5520,5440,10960,10510,10068,9637,9218,8811,8420,8047,7693,7362,7057,6782,6540,6336,6172,6052,10826,10398,9981,9576,9186,8811,8455,8119,7806,7520,7262,7037,6847,6695,11159,10744,10341,9951,9576,9218,8878,8558,8262,7992,7750,7539,7362,7222,11508,11106,10717,10341,9981,9637,9313,9009,8728,8472,8245,8047,11482,11106,10744,10068,9758,9469,9202,8960,8745,8558,11871,11508,11159,10213,9683,9453
94,5413,4656,4990,14052,14574,15098,4228,4593,5855,8245,13391,14443,14971,6052,6540,7539,8047,8558,9592,10634,11159,11685,12212,12740,14863,15396,5830,8927,9453,9981,10510,12103,12636,13170,14774,15310,1712,1624,1712,1952,2296,2706,3156,3631,4122,4625,5135,5651,9344,9877,10412,12555,13092,14704,15243,1210,1083,1210,1531,1952,2421,3941,4464,8191,8728,9265,10341,10880,11957,12496,13036,13575,14115,14655,765,541,765,1210,1712,2232,3827,4364,7057,7597,8137,10839,11380,11920,12461,2165,1624,1083,541,0,1083,1624,2165,2706,4330,5413,7037,7578,10826,11367,15156,15697,2760,2232,1712,1210,765,1210,1712,2232,2760,4364,4901,5440,5979,15166,15706,2915,2421,1531,1952,2421,4464,4990,11482,2296,2706,3156,12103,11571,2421,2706,3062,13800,13270,12740,12212,2915,2760,2760,2915,14443,13916,13391,8745,8245,7750,7262,6782,4593,4228,3903,3631,3423,3292,3248,3292,14574,8472,7992,7520,7057,6607,5358,4990,4656,4364,4122,3941,3789,3827,14724,7806,7362,6932,6518,6124,5754,5413,5106,4841,4625,4464,4330,14893,14382,12866,12367,9937,9469,8119,7693,7282,6889,6518,6172,5855,5573,5331,5135,4990,4901,14574,14073,13575,12590,12103,11622,11146,10676,10213,9758,8455,8047,7655,7282,6932,6607,6312,6052,5830,5651,5520,11418,10960,10510,10068,9637,9218,8811,8420,8047,7693,7362,7057,6782,6540,6336,6172,11263,10826,10398,9981,9576,9186,8811,8455,8119,7806,7520,7262,7037,6847,11584,11159,10744,10341,9951,9576,9218,8878,8558,8262,7992,7750,7539,7362,11920,11508,11106,10717,10341,9981,9637,9313,9009,8728,8472,8245,11871,11482,11106,10398,10068,9758,9469,9202,8960,8745,12248,11871,11508,10510,9937,9683
95,4841,4122,4364,13013,13532,14052,3631,3903,4990,7262,12343,13391,13916,5106,5573,6540,7037,7539,8558,9592,10112,10634,11159,11685,13800,14331,4841,7881,8403,8927,9453,11040,11571,12103,13704,14239,2296,1952,1712,1624,1712,1952,2296,2706,3156,3631,4122,4625,8280,8811,9344,11482,12018,13629,14167,1952,1531,1210,1083,1210,1531,2915,3423,7119,7655,8191,9265,9803,10880,11418,11957,12496,13036,13575,1712,1210,765,541,765,1210,2760,3292,5979,6518,7057,9758,10299,10839,11380,3248,2706,2165,1624,1083,0,541,1083,1624,3248,4330,5954,6495,9743,10284,14073,14615,3827,3292,2760,2232,1712,541,765,1210,1712,3292,3827,4364,4901,14084,14625,3941,3423,1083,1210,1531,3423,3941,12555,1712,1952,2296,13170,12636,2165,2232,2421,14863,14331,13800,13270,3466,3156,2760,2706,15500,14971,14443,9758,9249,8745,8245,7750,5413,4990,4593,4228,3903,3631,3423,3292,15622,9453,8960,8472,7992,7520,6172,5754,5358,4990,4656,4364,3941,3827,15762,8728,8262,7806,7362,6932,6518,6124,5754,5413,5106,4841,4464,15920,15405,13874,13369,10893,10412,9009,8558,8119,7693,7282,6889,6518,6172,5855,5573,5331,5135,15585,15078,14574,13575,13081,12590,12103,11622,11146,10676,9313,8878,8455,8047,7655,7282,6932,6607,6312,6052,5830,12355,11884,11418,10960,10510,10068,9637,9218,8811,8420,8047,7693,7362,7057,6782,6540,12164,11710,11263,10826,10398,9981,9576,9186,8811,8455,8119,7806,7520,7262,12461,12018,11584,11159,10744,10341,9951,9576,9218,8878,8558,8262,7992,7750,12775,12343,11920,11508,11106,10717,10341,9981,9637,9313,9009,8728,12683,12272,11871,11106,10744,10398,10068,9758,9469,9202,13036,12636,12248,11159,10510,10213
96,4625,3941,4122,12496,13013,13532,3423,3631,4593,6782,11822,12866,13391,4656,5106,6052,6540,7037,8047,9074,9592,10112,10634,11159,13270,13800,4364,7362,7881,8403,8927,10510,11040,11571,13170,13704,2706,2296,1952,1712,1624,1712,1952,2296,2706,3156,3631,4122,7750,8280,8811,10947,11482,13092,13629,2421,1952,1531,1210,1083,1210,2421,2915,6585,7119,7655,8728,9265,10341,10880,11418,11957,12496,13036,2232,1712,1210,765,541,765,2232,2760,5440,5979,6518,9218,9758,10299,10839,3789,3248,2706,2165,1624,541,0,541,1083,2706,3789,5413,5954,9202,9743,13532,14073,4364,3827,3292,2760,2232,765,541,765,1210,2760,3292,3827,4364,13543,14084,4464,3941,1210,1083,1210,2915,3423,13092,1624,1712,1952,13704,13170,2232,2165,2232,15396,14863,14331,13800,3827,3466,2915,2760,16030,15500,14971,10270,9758,9249,8745,8245,5855,5413,4990,4593,4228,3903,3631,3423,16148,9951,9453,8960,8472,7992,6607,6172,5754,5358,4990,4656,4122,3941,16283,9202,8728,8262,7806,7362,6932,6518,6124,5754,5413,5106,4625,16436,15920,14382,13874,11380,10893,9469,9009,8558,8119,7693,7282,6889,6518,6172,5855,5573,5331,16093,15585,15078,14073,13575,13081,12590,12103,11622,11146,9758,9313,8878,8455,8047,7655,7282,6932,6607,6312,6052,12832,12355,11884,11418,10960,10510,10068,9637,9218,8811,8420,8047,7693,7362,7057,6782,12625,12164,11710,11263,10826,10398,9981,9576,9186,8811,8455,8119,7806,7520,12912,12461,12018,11584,11159,10744,10341,9951,9576,9218,8878,8558,8262,7992,13214,12775,12343,11920,11508,11106,10717,10341,9981,9637,9313,9009,13103,12683,12272,11482,11106,10744,10398,10068,9758,9469,13445,13036,12636,11508,10826,10510
97,4464,3827,3941,11982,12496,13013,3292,3423,4228,6312,11302,12343,12866,4228,4656,5573,6052,6540,7539,8558,9074,9592,10112,10634,12740,13270,3903,6847,7362,7881,8403,9981,10510,11040,12636,13170,3156,2706,2296,1952,1712,1624,1712,1952,2296,2706,3156,3631,7222,7750,8280,10412,10947,12555,13092,2915,2421,1952,1531,1210,1083,1952,2421,6052,6585,7119,8191,8728,9803,10341,10880,11418,11957,12496,2760,2232,1712,1210,765,541,1712,2232,4901,5440,5979,8677,9218,9758,10299,4330,3789,3248,2706,2165,1083,541,0,541,2165,3248,4872,5413,8660,9202,12991,13532,4901,4364,3827,3292,2760,1210,765,541,765,2232,2760,3292,3827,13002,13543,4990,4464,1531,1210,1083,2421,2915,13629,1712,1624,1712,14239,13704,2421,2232,2165,15929,15396,14863,14331,4228,3827,3156,2915,16560,16030,15500,10785,10270,9758,9249,8745,6312,5855,5413,4990,4593,4228,3903,3631,16675,10454,9951,9453,8960,8472,7057,6607,6172,5754,5358,4990,4364,4122,16806,9683,9202,8728,8262,7806,7362,6932,6518,6124,5754,5413,4841,16953,16436,14893,14382,11871,11380,9937,9469,9009,8558,8119,7693,7282,6889,6518,6172,5855,5573,16604,16093,15585,14574,14073,13575,13081,12590,12103,11622,10213,9758,9313,8878,8455,8047,7655,7282,6932,6607,6312,13314,12832,12355,11884,11418,10960,10510,10068,9637,9218,8811,8420,8047,7693,7362,7057,13092,12625,12164,11710,11263,10826,10398,9981,9576,9186,8811,8455,8119,7806,13369,12912,12461,12018,11584,11159,10744,10341,9951,9576,9218,8878,8558,8262,13661,13214,12775,12343,11920,11508,11106,10717,10341,9981,9637,9313,13532,13103,12683,11871,11482,11106,10744,10398,10068,9758,13864,13445,13036,11871,11159,10826
98,4364,3789,3827,11470,11982,12496,3248,3292,3903,5855,10785,11822,12343,3827,4228,5106,5573,6052,7037,8047,8558,9074,9592,10112,12212,12740,3466,6336,6847,7362,7881,9453,9981,10510,12103,12636,3631,3156,2706,2296,1952,1712,1624,1712,1952,2296,2706,3156,6695,7222,7750,9877,10412,12018,12555,3423,2915,2421,1952,1531,1210,1531,1952,5520,6052,6585,7655,8191,9265,9803,10341,10880,11418,11957,3292,2760,2232,1712,1210,765,1210,1712,4364,4901,5440,8137,8677,9218,9758,4872,4330,3789,3248,2706,1624,1083,541,0,1624,2706,4330,4872,8119,8660,12449,12991,5440,4901,4364,3827,3292,1712,1210,765,541,1712,2232,2760,3292,12461,13002,5520,4990,1952,1531,1210,1952,2421,14167,1952,1712,1624,14774,14239,2706,2421,2232,16462,15929,15396,14863,4656,4228,3466,3156,17091,16560,16030,11302,10785,10270,9758,9249,6782,6312,5855,5413,4990,4593,4228,3903,17202,10960,10454,9951,9453,8960,7520,7057,6607,6172,5754,5358,4656,4364,17329,10170,9683,9202,8728,8262,7806,7362,6932,6518,6124,5754,5106,17473,16953,15405,14893,12367,11871,10412,9937,9469,9009,8558,8119,7693,7282,6889,6518,6172,5855,17117,16604,16093,15078,14574,14073,13575,13081,12590,12103,10676,10213,9758,9313,8878,8455,8047,7655,7282,6932,6607,13800,13314,12832,12355,11884,11418,10960,10510,10068,9637,9218,8811,8420,8047,7693,7362,13564,13092,12625,12164,11710,11263,10826,10398,9981,9576,9186,8811,8455,8119,13832,13369,12912,12461,12018,11584,11159,10744,10341,9951,9576,9218,8878,8558,14115,13661,13214,12775,12343,11920,11508,11106,10717,10341,9981,9637,13969,13532,13103,12272,11871,11482,11106,10744,10398,10068,14290,13864,13445,12248,11508,11159
99,4464,4122,3941,9951,10454,10960,3631,3423,3292,4593,9249,10270,10785,2915,3156,3827,4228,4656,5573,6540,7037,7539,8047,8558,10634,11159,2421,4841,5331,5830,6336,7881,8403,8927,10510,11040,5135,4625,4122,3631,3156,2706,2296,1952,1712,1624,1712,1952,5135,5651,6172,8280,8811,10412,10947,4990,4464,3941,3423,2915,2421,1210,1083,3941,4464,4990,6052,6585,7655,8191,8728,9265,9803,10341,4901,4364,3827,3292,2760,2232,765,541,2760,3292,3827,6518,7057,7597,8137,6495,5954,5413,4872,4330,3248,2706,2165,1624,0,1083,2706,3248,6495,7037,10826,11367,7057,6518,5979,5440,4901,3292,2760,2232,1712,541,765,1210,1712,10839,11380,7119,6585,3423,2915,2421,1083,1210,15781,3156,2706,2296,16382,15846,3903,3466,3062,18066,17531,16997,16462,6052,5573,4656,4228,18688,18155,17623,12866,12343,11822,11302,10785,8245,7750,7262,6782,6312,5855,5413,4990,18790,12496,11982,11470,10960,10454,8960,8472,7992,7520,7057,6607,5754,5358,18906,11660,11159,10662,10170,9683,9202,8728,8262,7806,7362,6932,6124,19037,18515,16953,16436,13874,13369,11871,11380,10893,10412,9937,9469,9009,8558,8119,7693,7282,6889,18664,18147,17631,16604,16093,15585,15078,14574,14073,13575,12103,11622,11146,10676,10213,9758,9313,8878,8455,8047,7655,15281,14784,14290,13800,13314,12832,12355,11884,11418,10960,10510,10068,9637,9218,8811,8420,15010,14524,14042,13564,13092,12625,12164,11710,11263,10826,10398,9981,9576,9186,15252,14774,14300,13832,13369,12912,12461,12018,11584,11159,10744,10341,9951,9576,15509,15039,14574,14115,13661,13214,12775,12343,11920,11508,11106,10717,15319,14863,14413,13532,13103,12683,12272,11871,11482,11106,15613,15166,14724,13445,12636,12248
100,4841,4656,4364,8960,9453,9951,4228,3903,3292,3903,8245,9249,9758,2706,2760,3156,3466,3827,4656,5573,6052,6540,7037,7539,9592,10112,2165,3903,4364,4841,5331,6847,7362,7881,9453,9981,6172,5651,5135,4625,4122,3631,3156,2706,2296,1952,1712,1624,4122,4625,5135,7222,7750,9344,9877,6052,5520,4990,4464,3941,3423,1952,1531,2915,3423,3941,4990,5520,6585,7119,7655,8191,8728,9265,5979,5440,4901,4364,3827,3292,1712,1210,1712,2232,2760,5440,5979,6518,7057,7578,7037,6495,5954,5413,4330,3789,3248,2706,1083,0,1624,2165,5413,5954,9743,10284,8137,7597,7057,6518,5979,4364,3827,3292,2760,1210,765,541,765,9758,10299,8191,7655,4464,3941,3423,1531,1210,16858,4122,3631,3156,17456,16919,4841,4364,3903,19137,18601,18066,17531,7037,6540,5573,5106,19755,19221,18688,13916,13391,12866,12343,11822,9249,8745,8245,7750,7262,6782,6312,5855,19851,13532,13013,12496,11982,11470,9951,9453,8960,8472,7992,7520,6607,6172,19961,12671,12164,11660,11159,10662,10170,9683,9202,8728,8262,7806,6932,20086,19561,17993,17473,14893,14382,12866,12367,11871,11380,10893,10412,9937,9469,9009,8558,8119,7693,19703,19183,18664,17631,17117,16604,16093,15585,15078,14574,13081,12590,12103,11622,11146,10676,10213,9758,9313,8878,8455,16283,15781,15281,14784,14290,13800,13314,12832,12355,11884,11418,10960,10510,10068,9637,9218,15993,15500,15010,14524,14042,13564,13092,12625,12164,11710,11263,10826,10398,9981,16220,15734,15252,14774,14300,13832,13369,12912,12461,12018,11584,11159,10744,10341,16462,15984,15509,15039,14574,14115,13661,13214,12775,12343,11920,11508,16247,15781,15319,14413,13969,13532,13103,12683,12272,11871,16525,16066,15613,14290,13445,13036
101,5754,5754,5358,7520,7992,8472,5413,4990,3903,3292,6782,7750,8245,3156,2915,2706,2760,2915,3466,4228,4656,5106,5573,6052,8047,8558,2706,2706,3062,3466,3903,5331,5830,6336,7881,8403,7750,7222,6695,6172,5651,5135,4625,4122,3631,3156,2706,2296,2706,3156,3631,5651,6172,7750,8280,7655,7119,6585,6052,5520,4990,3423,2915,1531,1952,2421,3423,3941,4990,5520,6052,6585,7119,7655,7597,7057,6518,5979,5440,4901,3292,2760,541,765,1210,3827,4364,4901,5440,9202,8660,8119,7578,7037,5954,5413,4872,4330,2706,1624,0,541,3789,4330,8119,8660,9758,9218,8677,8137,7597,5979,5440,4901,4364,2760,2232,1712,1210,8137,8677,9803,9265,6052,5520,4990,2915,2421,18475,5651,5135,4625,19068,18530,6336,5830,5331,20746,20209,19673,19137,8558,8047,7037,6540,21358,20823,20289,15500,14971,14443,13916,13391,10785,10270,9758,9249,8745,8245,7750,7262,21447,15098,14574,14052,13532,13013,11470,10960,10454,9951,9453,8960,7992,7520,21549,14208,13693,13181,12671,12164,11660,11159,10662,10170,9683,9202,8262,21665,21138,19561,19037,16436,15920,14382,13874,13369,12866,12367,11871,11380,10893,10412,9937,9469,9009,21269,20746,20224,19183,18664,18147,17631,17117,16604,16093,14574,14073,13575,13081,12590,12103,11622,11146,10676,10213,9758,17805,17296,16788,16283,15781,15281,14784,14290,13800,13314,12832,12355,11884,11418,10960,10510,17489,16988,16489,15993,15500,15010,14524,14042,13564,13092,12625,12164,11710,11263,17697,17202,16710,16220,15734,15252,14774,14300,13832,13369,12912,12461,12018,11584,17920,17431,16945,16462,15984,15509,15039,14574,14115,13661,13214,12775,17673,17194,16718,15781,15319,14863,14413,13969,13532,13103,17928,17456,16988,15613,14724,14290
102,6124,6172,5754,7057,7520,7992,5855,5413,4228,3248,6312,7262,7750,3466,3156,2760,2706,2760,3156,3827,4228,4656,5106,5573,7539,8047,3062,2421,2706,3062,3466,4841,5331,5830,7362,7881,8280,7750,7222,6695,6172,5651,5135,4625,4122,3631,3156,2706,2296,2706,3156,5135,5651,7222,7750,8191,7655,7119,6585,6052,5520,3941,3423,1210,1531,1952,2915,3423,4464,4990,5520,6052,6585,7119,8137,7597,7057,6518,5979,5440,3827,3292,765,541,765,3292,3827,4364,4901,9743,9202,8660,8119,7578,6495,5954,5413,4872,3248,2165,541,0,3248,3789,7578,8119,10299,9758,9218,8677,8137,6518,5979,5440,4901,3292,2760,2232,1712,7597,8137,10341,9803,6585,6052,5520,3423,2915,19014,6172,5651,5135,19606,19068,6847,6336,5830,21283,20746,20209,19673,9074,8558,7539,7037,21893,21358,20823,16030,15500,14971,14443,13916,11302,10785,10270,9758,9249,8745,8245,7750,21980,15622,15098,14574,14052,13532,11982,11470,10960,10454,9951,9453,8472,7992,22080,14724,14208,13693,13181,12671,12164,11660,11159,10662,10170,9683,8728,22192,21665,20086,19561,16953,16436,14893,14382,13874,13369,12866,12367,11871,11380,10893,10412,9937,9469,21793,21269,20746,19703,19183,18664,18147,17631,17117,16604,15078,14574,14073,13575,13081,12590,12103,11622,11146,10676,10213,18316,17805,17296,16788,16283,15781,15281,14784,14290,13800,13314,12832,12355,11884,11418,10960,17993,17489,16988,16489,15993,15500,15010,14524,14042,13564,13092,12625,12164,11710,18195,17697,17202,16710,16220,15734,15252,14774,14300,13832,13369,12912,12461,12018,18411,17920,17431,16945,16462,15984,15509,15039,14574,14115,13661,13214,18155,17673,17194,16247,15781,15319,14863,14413,13969,13532,18404,17928,17456,16066,15166,14724
103,8728,8960,8472,4656,4990,5358,8745,8245,6782,4593,3903,4593,4990,6052,5573,4656,4228,3827,3156,2760,2706,2760,2915,3156,4656,5106,5830,3062,2706,2421,2232,2421,2706,3062,4364,4841,11482,10947,10412,9877,9344,8811,8280,7750,7222,6695,6172,5651,2296,1952,1712,2296,2706,4122,4625,11418,10880,10341,9803,9265,8728,7119,6585,2915,2421,1952,1210,1083,1531,1952,2421,2915,3423,3941,11380,10839,10299,9758,9218,8677,7057,6518,3827,3292,2760,541,765,1210,1712,12991,12449,11908,11367,10826,9743,9202,8660,8119,6495,5413,3789,3248,0,541,4330,4872,13543,13002,12461,11920,11380,9758,9218,8677,8137,6518,5979,5440,4901,4364,4901,13575,13036,9803,9265,8728,6585,6052,22252,9344,8811,8280,22837,22298,9981,9453,8927,24507,23970,23432,22894,12212,11685,10634,10112,25110,24573,24037,19221,18688,18155,17623,17091,14443,13916,13391,12866,12343,11822,11302,10785,25186,18790,18260,17731,17202,16675,15098,14574,14052,13532,13013,12496,11470,10960,25273,17854,17329,16806,16283,15762,15243,14724,14208,13693,13181,12671,11660,25371,24840,23250,22721,20086,19561,17993,17473,16953,16436,15920,15405,14893,14382,13874,13369,12866,12367,24952,24424,23896,22843,22318,21793,21269,20746,20224,19703,18147,17631,17117,16604,16093,15585,15078,14574,14073,13575,13081,21413,20894,20375,19858,19343,18828,18316,17805,17296,16788,16283,15781,15281,14784,14290,13800,21054,20540,20027,19516,19007,18499,17993,17489,16988,16489,15993,15500,15010,14524,21228,20718,20209,19703,19198,18696,18195,17697,17202,16710,16220,15734,15252,14774,21413,20908,20404,19903,19403,18906,18411,17920,17431,16945,16462,15984,21110,20611,20115,19129,18641,18155,17673,17194,16718,16247,21324,20830,20339,18883,17928,17456
104,9202,9453,8960,4364,4656,4990,9249,8745,7262,4990,3631,4228,4593,6540,6052,5106,4656,4228,3466,2915,2760,2706,2760,2915,4228,4656,6336,3466,3062,2706,2421,2232,2421,2706,3903,4364,12018,11482,10947,10412,9877,9344,8811,8280,7750,7222,6695,6172,2706,2296,1952,1952,2296,3631,4122,11957,11418,10880,10341,9803,9265,7655,7119,3423,2915,2421,1531,1210,1210,1531,1952,2421,2915,3423,11920,11380,10839,10299,9758,9218,7597,7057,4364,3827,3292,765,541,765,1210,13532,12991,12449,11908,11367,10284,9743,9202,8660,7037,5954,4330,3789,541,0,3789,4330,14084,13543,13002,12461,11920,10299,9758,9218,8677,7057,6518,5979,5440,3827,4364,14115,13575,10341,9803,9265,7119,6585,22792,9877,9344,8811,23376,22837,10510,9981,9453,25046,24507,23970,23432,12740,12212,11159,10634,25647,25110,24573,19755,19221,18688,18155,17623,14971,14443,13916,13391,12866,12343,11822,11302,25721,19320,18790,18260,17731,17202,15622,15098,14574,14052,13532,13013,11982,11470,25806,18380,17854,17329,16806,16283,15762,15243,14724,14208,13693,13181,12164,25902,25371,23779,23250,20611,20086,18515,17993,17473,16953,16436,15920,15405,14893,14382,13874,13369,12866,25480,24952,24424,23369,22843,22318,21793,21269,20746,20224,18664,18147,17631,17117,16604,16093,15585,15078,14574,14073,13575,21934,21413,20894,20375,19858,19343,18828,18316,17805,17296,16788,16283,15781,15281,14784,14290,21570,21054,20540,20027,19516,19007,18499,17993,17489,16988,16489,15993,15500,15010,21739,21228,20718,20209,19703,19198,18696,18195,17697,17202,16710,16220,15734,15252,21920,21413,20908,20404,19903,19403,18906,18411,17920,17431,16945,16462,21611,21110,20611,19621,19129,18641,18155,17673,17194,16718,21820,21324,20830,19365,18404,17928
105,12671,13013,12496,4122,3941,3827,12866,12343,10785,8245,3903,3423,3292,10112,9592,8558,8047,7539,6540,5573,5106,4656,4228,3827,2760,2706,9981,6847,6336,5830,5331,3903,3466,3062,2232,2165,15781,15243,14704,14167,13629,13092,12555,12018,11482,10947,10412,9877,6172,5651,5135,3156,2706,1712,1624,15734,15194,14655,14115,13575,13036,11418,10880,7119,6585,6052,4990,4464,3423,2915,2421,1952,1531,1210,15706,15166,14625,14084,13543,13002,11380,10839,8137,7597,7057,4364,3827,3292,2760,17321,16780,16238,15697,15156,14073,13532,12991,12449,10826,9743,8119,7578,4330,3789,0,541,17870,17329,16788,16247,15706,14084,13543,13002,12461,10839,10299,9758,9218,541,765,17895,17355,14115,13575,13036,10880,10341,26572,13629,13092,12555,27150,26611,14239,13704,13170,28815,28276,27738,27199,16462,15929,14863,14331,29409,28871,28333,23501,22965,22429,21893,21358,18688,18155,17623,17091,16560,16030,15500,14971,29474,23047,22514,21980,21447,20915,19320,18790,18260,17731,17202,16675,15622,15098,29548,22080,21549,21020,20490,19961,19433,18906,18380,17854,17329,16806,15762,29632,29099,27499,26966,24309,23779,22192,21665,21138,20611,20086,19561,19037,18515,17993,17473,16953,16436,29194,28662,28131,27069,26539,26010,25480,24952,24424,23896,22318,21793,21269,20746,20224,19703,19183,18664,18147,17631,17117,25601,25075,24549,24025,23501,22977,22455,21934,21413,20894,20375,19858,19343,18828,18316,17805,25209,24686,24164,23643,23123,22605,22087,21570,21054,20540,20027,19516,19007,18499,25354,24834,24315,23798,23281,22766,22252,21739,21228,20718,20209,19703,19198,18696,25509,24993,24478,23963,23451,22939,22429,21920,21413,20908,20404,19903,25162,24651,24140,23123,22617,22113,21611,21110,20611,20115,25342,24834,24328,22817,21820,21324
106,13181,13532,13013,4364,4122,3941,13391,12866,11302,8745,4228,3631,3423,10634,10112,9074,8558,8047,7037,6052,5573,5106,4656,4228,2915,2760,10510,7362,6847,6336,5830,4364,3903,3466,2421,2232,16319,15781,15243,14704,14167,13629,13092,12555,12018,11482,10947,10412,6695,6172,5651,3631,3156,1952,1712,16274,15734,15194,14655,14115,13575,11957,11418,7655,7119,6585,5520,4990,3941,3423,2915,2421,1952,1531,16247,15706,15166,14625,14084,13543,11920,11380,8677,8137,7597,4901,4364,3827,3292,17862,17321,16780,16238,15697,14615,14073,13532,12991,11367,10284,8660,8119,4872,4330,541,0,18411,17870,17329,16788,16247,14625,14084,13543,13002,11380,10839,10299,9758,765,541,18435,17895,14655,14115,13575,11418,10880,27113,14167,13629,13092,27690,27150,14774,14239,13704,29354,28815,28276,27738,16997,16462,15396,14863,29947,29409,28871,24037,23501,22965,22429,21893,19221,18688,18155,17623,17091,16560,16030,15500,30011,23581,23047,22514,21980,21447,19851,19320,18790,18260,17731,17202,16148,15622,30084,22611,22080,21549,21020,20490,19961,19433,18906,18380,17854,17329,16283,30166,29632,28032,27499,24840,24309,22721,22192,21665,21138,20611,20086,19561,19037,18515,17993,17473,16953,29726,29194,28662,27600,27069,26539,26010,25480,24952,24424,22843,22318,21793,21269,20746,20224,19703,19183,18664,18147,17631,26128,25601,25075,24549,24025,23501,22977,22455,21934,21413,20894,20375,19858,19343,18828,18316,25732,25209,24686,24164,23643,23123,22605,22087,21570,21054,20540,20027,19516,19007,25874,25354,24834,24315,23798,23281,22766,22252,21739,21228,20718,20209,19703,19198,26027,25509,24993,24478,23963,23451,22939,22429,21920,21413,20908,20404,25675,25162,24651,23631,23123,22617,22113,21611,21110,20611,25851,25342,24834,23319,22318,21820
107,7693,6932,7362,16806,17329,17854,6607,7057,8472,10960,16148,17202,17731,8745,9249,10270,10785,11302,12343,13391,13916,14443,14971,15500,17623,18155,8558,11685,12212,12740,13270,14863,15396,15929,17531,18066,3062,3466,3903,4364,4841,5331,5830,6336,6847,7362,7881,8403,12103,12636,13170,15310,15846,17456,17993,2706,3156,3631,4122,4625,5135,6695,7222,10947,11482,12018,13092,13629,14704,15243,15781,16319,16858,17397,2421,2915,3423,3941,4464,4990,6585,7119,9803,10341,10880,13575,14115,14655,15194,765,1210,1712,2232,2760,3827,4364,4901,5440,7057,8137,9758,10299,13543,14084,17870,18411,0,541,1083,1624,2165,3789,4330,4872,5413,7037,7578,8119,8660,17862,18404,541,765,3827,4364,4901,7057,7597,8728,4464,4990,5520,9344,8811,4122,4625,5135,11040,10510,9981,9453,2706,3062,3903,4364,11685,11159,10634,6052,5573,5106,4656,4228,2760,2706,2760,2915,3156,3466,3827,4228,11822,5855,5413,4990,4593,4228,3423,3292,3248,3292,3423,3631,4228,4593,11982,5358,4990,4656,4364,4122,3941,3827,3789,3827,3941,4122,4656,12164,11660,10170,9683,7362,6932,5754,5413,5106,4841,4625,4464,4364,4330,4364,4464,4625,4841,11871,11380,10893,9937,9469,9009,8558,8119,7693,7282,6172,5855,5573,5331,5135,4990,4901,4872,4901,4990,5135,8878,8455,8047,7655,7282,6932,6607,6312,6052,5830,5651,5520,5440,5413,5440,5520,8811,8420,8047,7693,7362,7057,6782,6540,6336,6172,6052,5979,5954,5979,9186,8811,8455,8119,7806,7520,7262,7037,6847,6695,6585,6518,6495,6518,9576,9218,8878,8558,8262,7992,7750,7539,7362,7222,7119,7057,9637,9313,9009,8472,8245,8047,7881,7750,7655,7597,10068,9758,9469,8745,8403,8280
108,7282,6518,6932,16283,16806,17329,6172,6607,7992,10454,15622,16675,17202,8245,8745,9758,10270,10785,11822,12866,13391,13916,14443,14971,17091,17623,8047,11159,11685,12212,12740,14331,14863,15396,16997,17531,2706,3062,3466,3903,4364,4841,5331,5830,6336,6847,7362,7881,11571,12103,12636,14774,15310,16919,17456,2296,2706,3156,3631,4122,4625,6172,6695,10412,10947,11482,12555,13092,14167,14704,15243,15781,16319,16858,1952,2421,2915,3423,3941,4464,6052,6585,9265,9803,10341,13036,13575,14115,14655,541,765,1210,1712,2232,3292,3827,4364,4901,6518,7597,9218,9758,13002,13543,17329,17870,541,0,541,1083,1624,3248,3789,4330,4872,6495,7037,7578,8119,17321,17862,765,541,3292,3827,4364,6518,7057,9265,3941,4464,4990,9877,9344,3631,4122,4625,11571,11040,10510,9981,2421,2706,3466,3903,12212,11685,11159,6540,6052,5573,5106,4656,2915,2760,2706,2760,2915,3156,3466,3827,12343,6312,5855,5413,4990,4593,3631,3423,3292,3248,3292,3423,3903,4228,12496,5754,5358,4990,4656,4364,4122,3941,3827,3789,3827,3941,4364,12671,12164,10662,10170,7806,7362,6124,5754,5413,5106,4841,4625,4464,4364,4330,4364,4464,4625,12367,11871,11380,10412,9937,9469,9009,8558,8119,7693,6518,6172,5855,5573,5331,5135,4990,4901,4872,4901,4990,9313,8878,8455,8047,7655,7282,6932,6607,6312,6052,5830,5651,5520,5440,5413,5440,9218,8811,8420,8047,7693,7362,7057,6782,6540,6336,6172,6052,5979,5954,9576,9186,8811,8455,8119,7806,7520,7262,7037,6847,6695,6585,6518,6495,9951,9576,9218,8878,8558,8262,7992,7750,7539,7362,7222,7119,9981,9637,9313,8728,8472,8245,8047,7881,7750,7655,10398,10068,9758,8960,8558,8403
109,6889,6124,6518,15762,16283,16806,5754,6172,7520,9951,15098,16148,16675,7750,8245,9249,9758,10270,11302,12343,12866,13391,13916,14443,16560,17091,7539,10634,11159,11685,12212,13800,14331,14863,16462,16997,2421,2706,3062,3466,3903,4364,4841,5331,5830,6336,6847,7362,11040,11571,12103,14239,14774,16382,16919,1952,2296,2706,3156,3631,4122,5651,6172,9877,10412,10947,12018,12555,13629,14167,14704,15243,15781,16319,1531,1952,2421,2915,3423,3941,5520,6052,8728,9265,9803,12496,13036,13575,14115,765,541,765,1210,1712,2760,3292,3827,4364,5979,7057,8677,9218,12461,13002,16788,17329,1083,541,0,541,1083,2706,3248,3789,4330,5954,6495,7037,7578,16780,17321,1210,765,2760,3292,3827,5979,6518,9803,3423,3941,4464,10412,9877,3156,3631,4122,12103,11571,11040,10510,2232,2421,3062,3466,12740,12212,11685,7037,6540,6052,5573,5106,3156,2915,2760,2706,2760,2915,3156,3466,12866,6782,6312,5855,5413,4990,3903,3631,3423,3292,3248,3292,3631,3903,13013,6172,5754,5358,4990,4656,4364,4122,3941,3827,3789,3827,4122,13181,12671,11159,10662,8262,7806,6518,6124,5754,5413,5106,4841,4625,4464,4364,4330,4364,4464,12866,12367,11871,10893,10412,9937,9469,9009,8558,8119,6889,6518,6172,5855,5573,5331,5135,4990,4901,4872,4901,9758,9313,8878,8455,8047,7655,7282,6932,6607,6312,6052,5830,5651,5520,5440,5413,9637,9218,8811,8420,8047,7693,7362,7057,6782,6540,6336,6172,6052,5979,9981,9576,9186,8811,8455,8119,7806,7520,7262,7037,6847,6695,6585,6518,10341,9951,9576,9218,8878,8558,8262,7992,7750,7539,7362,7222,10341,9981,9637,9009,8728,8472,8245,8047,7881,7750,10744,10398,10068,9202,8745,8558
110,6518,5754,6124,15243,15762,16283,5358,5754,7057,9453,14574,15622,16148,7262,7750,8745,9249,9758,10785,11822,12343,12866,13391,13916,16030,16560,7037,10112,10634,11159,11685,13270,13800,14331,15929,16462,2232,2421,2706,3062,3466,3903,4364,4841,5331,5830,6336,6847,10510,11040,11571,13704,14239,15846,16382,1712,1952,2296,2706,3156,3631,5135,5651,9344,9877,10412,11482,12018,13092,13629,14167,14704,15243,15781,1210,1531,1952,2421,2915,3423,4990,5520,8191,8728,9265,11957,12496,13036,13575,1210,765,541,765,1210,2232,2760,3292,3827,5440,6518,8137,8677,11920,12461,16247,16788,1624,1083,541,0,541,2165,2706,3248,3789,5413,5954,6495,7037,16238,16780,1712,1210,2232,2760,3292,5440,5979,10341,2915,3423,3941,10947,10412,2706,3156,3631,12636,12103,11571,11040,2165,2232,2706,3062,13270,12740,12212,7539,7037,6540,6052,5573,3466,3156,2915,2760,2706,2760,2915,3156,13391,7262,6782,6312,5855,5413,4228,3903,3631,3423,3292,3248,3423,3631,13532,6607,6172,5754,5358,4990,4656,4364,4122,3941,3827,3789,3941,13693,13181,11660,11159,8728,8262,6932,6518,6124,5754,5413,5106,4841,4625,4464,4364,4330,4364,13369,12866,12367,11380,10893,10412,9937,9469,9009,8558,7282,6889,6518,6172,5855,5573,5331,5135,4990,4901,4872,10213,9758,9313,8878,8455,8047,7655,7282,6932,6607,6312,6052,5830,5651,5520,5440,10068,9637,9218,8811,8420,8047,7693,7362,7057,6782,6540,6336,6172,6052,10398,9981,9576,9186,8811,8455,8119,7806,7520,7262,7037,6847,6695,6585,10744,10341,9951,9576,9218,8878,8558,8262,7992,7750,7539,7362,10717,10341,9981,9313,9009,8728,8472,8245,8047,7881,11106,10744,10398,9469,8960,8745
111,6172,5413,5754,14724,15243,15762,4990,5358,6607,8960,14052,15098,15622,6782,7262,8245,8745,9249,10270,11302,11822,12343,12866,13391,15500,16030,6540,9592,10112,10634,11159,12740,13270,13800,15396,15929,2165,2232,2421,2706,3062,3466,3903,4364,4841,5331,5830,6336,9981,10510,11040,13170,13704,15310,15846,1624,1712,1952,2296,2706,3156,4625,5135,8811,9344,9877,10947,11482,12555,13092,13629,14167,14704,15243,1083,1210,1531,1952,2421,2915,4464,4990,7655,8191,8728,11418,11957,12496,13036,1712,1210,765,541,765,1712,2232,2760,3292,4901,5979,7597,8137,11380,11920,15706,16247,2165,1624,1083,541,0,1624,2165,2706,3248,4872,5413,5954,6495,15697,16238,2232,1712,1712,2232,2760,4901,5440,10880,2421,2915,3423,11482,10947,2296,2706,3156,13170,12636,12103,11571,2232,2165,2421,2706,13800,13270,12740,8047,7539,7037,6540,6052,3827,3466,3156,2915,2760,2706,2760,2915,13916,7750,7262,6782,6312,5855,4593,4228,3903,3631,3423,3292,3292,3423,14052,7057,6607,6172,5754,5358,4990,4656,4364,4122,3941,3827,3827,14208,13693,12164,11660,9202,8728,7362,6932,6518,6124,5754,5413,5106,4841,4625,4464,4364,4330,13874,13369,12866,11871,11380,10893,10412,9937,9469,9009,7693,7282,6889,6518,6172,5855,5573,5331,5135,4990,4901,10676,10213,9758,9313,8878,8455,8047,7655,7282,6932,6607,6312,6052,5830,5651,5520,10510,10068,9637,9218,8811,8420,8047,7693,7362,7057,6782,6540,6336,6172,10826,10398,9981,9576,9186,8811,8455,8119,7806,7520,7262,7037,6847,6695,11159,10744,10341,9951,9576,9218,8878,8558,8262,7992,7750,7539,11106,10717,10341,9637,9313,9009,8728,8472,8245,8047,11482,11106,10744,9758,9202,8960
112,5331,4625,4841,13181,13693,14208,4122,4364,5358,7520,12496,13532,14052,5413,5855,6782,7262,7750,8745,9758,10270,10785,11302,11822,13916,14443,5106,8047,8558,9074,9592,11159,11685,12212,13800,14331,2706,2421,2232,2165,2232,2421,2706,3062,3466,3903,4364,4841,8403,8927,9453,11571,12103,13704,14239,2296,1952,1712,1624,1712,1952,3156,3631,7222,7750,8280,9344,9877,10947,11482,12018,12555,13092,13629,1952,1531,1210,1083,1210,1531,2915,3423,6052,6585,7119,9803,10341,10880,11418,3292,2760,2232,1712,1210,541,765,1210,1712,3292,4364,5979,6518,9758,10299,14084,14625,3789,3248,2706,2165,1624,0,541,1083,1624,3248,3789,4330,4872,14073,14615,3827,3292,541,765,1210,3292,3827,12496,1210,1531,1952,13092,12555,1624,1712,1952,14774,14239,13704,13170,3062,2706,2232,2165,15396,14863,14331,9592,9074,8558,8047,7539,5106,4656,4228,3827,3466,3156,2915,2760,15500,9249,8745,8245,7750,7262,5855,5413,4990,4593,4228,3903,3423,3292,15622,8472,7992,7520,7057,6607,6172,5754,5358,4990,4656,4364,3941,15762,15243,13693,13181,10662,10170,8728,8262,7806,7362,6932,6518,6124,5754,5413,5106,4841,4625,15405,14893,14382,13369,12866,12367,11871,11380,10893,10412,9009,8558,8119,7693,7282,6889,6518,6172,5855,5573,5331,12103,11622,11146,10676,10213,9758,9313,8878,8455,8047,7655,7282,6932,6607,6312,6052,11884,11418,10960,10510,10068,9637,9218,8811,8420,8047,7693,7362,7057,6782,12164,11710,11263,10826,10398,9981,9576,9186,8811,8455,8119,7806,7520,7262,12461,12018,11584,11159,10744,10341,9951,9576,9218,8878,8558,8262,12343,11920,11508,10717,10341,9981,9637,9313,9009,8728,12683,12272,11871,10744,10068,9758
113,5135,4464,4625,12671,13181,13693,3941,4122,4990,7057,11982,13013,13532,4990,5413,6312,6782,7262,8245,9249,9758,10270,10785,11302,13391,13916,4656,7539,8047,8558,9074,10634,11159,11685,13270,13800,3062,2706,2421,2232,2165,2232,2421,2706,3062,3466,3903,4364,7881,8403,8927,11040,11571,13170,13704,2706,2296,1952,1712,1624,1712,2706,3156,6695,7222,7750,8811,9344,10412,10947,11482,12018,12555,13092,2421,1952,1531,1210,1083,1210,2421,2915,5520,6052,6585,9265,9803,10341,10880,3827,3292,2760,2232,1712,765,541,765,1210,2760,3827,5440,5979,9218,9758,13543,14084,4330,3789,3248,2706,2165,541,0,541,1083,2706,3248,3789,4330,13532,14073,4364,3827,765,541,765,2760,3292,13036,1083,1210,1531,13629,13092,1712,1624,1712,15310,14774,14239,13704,3466,3062,2421,2232,15929,15396,14863,10112,9592,9074,8558,8047,5573,5106,4656,4228,3827,3466,3156,2915,16030,9758,9249,8745,8245,7750,6312,5855,5413,4990,4593,4228,3631,3423,16148,8960,8472,7992,7520,7057,6607,6172,5754,5358,4990,4656,4122,16283,15762,14208,13693,11159,10662,9202,8728,8262,7806,7362,6932,6518,6124,5754,5413,5106,4841,15920,15405,14893,13874,13369,12866,12367,11871,11380,10893,9469,9009,8558,8119,7693,7282,6889,6518,6172,5855,5573,12590,12103,11622,11146,10676,10213,9758,9313,8878,8455,8047,7655,7282,6932,6607,6312,12355,11884,11418,10960,10510,10068,9637,9218,8811,8420,8047,7693,7362,7057,12625,12164,11710,11263,10826,10398,9981,9576,9186,8811,8455,8119,7806,7520,12912,12461,12018,11584,11159,10744,10341,9951,9576,9218,8878,8558,12775,12343,11920,11106,10717,10341,9981,9637,9313,9009,13103,12683,12272,11106,10398,10068
114,4990,4364,4464,12164,12671,13181,3827,3941,4656,6607,11470,12496,13013,4593,4990,5855,6312,6782,7750,8745,9249,9758,10270,10785,12866,13391,4228,7037,7539,8047,8558,10112,10634,11159,12740,13270,3466,3062,2706,2421,2232,2165,2232,2421,2706,3062,3466,3903,7362,7881,8403,10510,11040,12636,13170,3156,2706,2296,1952,1712,1624,2296,2706,6172,6695,7222,8280,8811,9877,10412,10947,11482,12018,12555,2915,2421,1952,1531,1210,1083,1952,2421,4990,5520,6052,8728,9265,9803,10341,4364,3827,3292,2760,2232,1210,765,541,765,2232,3292,4901,5440,8677,9218,13002,13543,4872,4330,3789,3248,2706,1083,541,0,541,2165,2706,3248,3789,12991,13532,4901,4364,1210,765,541,2232,2760,13575,1210,1083,1210,14167,13629,1952,1712,1624,15846,15310,14774,14239,3903,3466,2706,2421,16462,15929,15396,10634,10112,9592,9074,8558,6052,5573,5106,4656,4228,3827,3466,3156,16560,10270,9758,9249,8745,8245,6782,6312,5855,5413,4990,4593,3903,3631,16675,9453,8960,8472,7992,7520,7057,6607,6172,5754,5358,4990,4364,16806,16283,14724,14208,11660,11159,9683,9202,8728,8262,7806,7362,6932,6518,6124,5754,5413,5106,16436,15920,15405,14382,13874,13369,12866,12367,11871,11380,9937,9469,9009,8558,8119,7693,7282,6889,6518,6172,5855,13081,12590,12103,11622,11146,10676,10213,9758,9313,8878,8455,8047,7655,7282,6932,6607,12832,12355,11884,11418,10960,10510,10068,9637,9218,8811,8420,8047,7693,7362,13092,12625,12164,11710,11263,10826,10398,9981,9576,9186,8811,8455,8119,7806,13369,12912,12461,12018,11584,11159,10744,10341,9951,9576,9218,8878,13214,12775,12343,11508,11106,10717,10341,9981,9637,9313,13532,13103,12683,11482,10744,10398
115,4901,4330,4364,11660,12164,12671,3789,3827,4364,6172,10960,11982,12496,4228,4593,5413,5855,6312,7262,8245,8745,9249,9758,10270,12343,12866,3827,6540,7037,7539,8047,9592,10112,10634,12212,12740,3903,3466,3062,2706,2421,2232,2165,2232,2421,2706,3062,3466,6847,7362,7881,9981,10510,12103,12636,3631,3156,2706,2296,1952,1712,1952,2296,5651,6172,6695,7750,8280,9344,9877,10412,10947,11482,12018,3423,2915,2421,1952,1531,1210,1531,1952,4464,4990,5520,8191,8728,9265,9803,4901,4364,3827,3292,2760,1712,1210,765,541,1712,2760,4364,4901,8137,8677,12461,13002,5413,4872,4330,3789,3248,1624,1083,541,0,1624,2165,2706,3248,12449,12991,5440,4901,1712,1210,765,1712,2232,14115,1531,1210,1083,14704,14167,2296,1952,1712,16382,15846,15310,14774,4364,3903,3062,2706,16997,16462,15929,11159,10634,10112,9592,9074,6540,6052,5573,5106,4656,4228,3827,3466,17091,10785,10270,9758,9249,8745,7262,6782,6312,5855,5413,4990,4228,3903,17202,9951,9453,8960,8472,7992,7520,7057,6607,6172,5754,5358,4656,17329,16806,15243,14724,12164,11660,10170,9683,9202,8728,8262,7806,7362,6932,6518,6124,5754,5413,16953,16436,15920,14893,14382,13874,13369,12866,12367,11871,10412,9937,9469,9009,8558,8119,7693,7282,6889,6518,6172,13575,13081,12590,12103,11622,11146,10676,10213,9758,9313,8878,8455,8047,7655,7282,6932,13314,12832,12355,11884,11418,10960,10510,10068,9637,9218,8811,8420,8047,7693,13564,13092,12625,12164,11710,11263,10826,10398,9981,9576,9186,8811,8455,8119,13832,13369,12912,12461,12018,11584,11159,10744,10341,9951,9576,9218,13661,13214,12775,11920,11508,11106,10717,10341,9981,9637,13969,13532,13103,11871,11106,10744
116,4990,4625,4464,10170,10662,11159,4122,3941,3827,4990,9453,10454,10960,3423,3631,4228,4593,4990,5855,6782,7262,7750,8245,8745,10785,11302,2915,5106,5573,6052,6540,8047,8558,9074,10634,11159,5331,4841,4364,3903,3466,3062,2706,2421,2232,2165,2232,2421,5331,5830,6336,8403,8927,10510,11040,5135,4625,4122,3631,3156,2706,1712,1624,4122,4625,5135,6172,6695,7750,8280,8811,9344,9877,10412,4990,4464,3941,3423,2915,2421,1210,1083,2915,3423,3941,6585,7119,7655,8191,6518,5979,5440,4901,4364,3292,2760,2232,1712,541,1210,2760,3292,6518,7057,10839,11380,7037,6495,5954,5413,4872,3248,2706,2165,1624,0,541,1083,1624,10826,11367,7057,6518,3292,2760,2232,541,765,15734,2915,2421,1952,16319,15781,3631,3156,2706,17993,17456,16919,16382,5830,5331,4364,3903,18601,18066,17531,12740,12212,11685,11159,10634,8047,7539,7037,6540,6052,5573,5106,4656,18688,12343,11822,11302,10785,10270,8745,8245,7750,7262,6782,6312,5413,4990,18790,11470,10960,10454,9951,9453,8960,8472,7992,7520,7057,6607,5754,18906,18380,16806,16283,13693,13181,11660,11159,10662,10170,9683,9202,8728,8262,7806,7362,6932,6518,18515,17993,17473,16436,15920,15405,14893,14382,13874,13369,11871,11380,10893,10412,9937,9469,9009,8558,8119,7693,7282,15078,14574,14073,13575,13081,12590,12103,11622,11146,10676,10213,9758,9313,8878,8455,8047,14784,14290,13800,13314,12832,12355,11884,11418,10960,10510,10068,9637,9218,8811,15010,14524,14042,13564,13092,12625,12164,11710,11263,10826,10398,9981,9576,9186,15252,14774,14300,13832,13369,12912,12461,12018,11584,11159,10744,10341,15039,14574,14115,13214,12775,12343,11920,11508,11106,10717,15319,14863,14413,13103,12272,11871
117,5135,4841,4625,9683,10170,10662,4364,4122,3789,4656,8960,9951,10454,3292,3423,3903,4228,4593,5413,6312,6782,7262,7750,8245,10270,10785,2760,4656,5106,5573,6052,7539,8047,8558,10112,10634,5830,5331,4841,4364,3903,3466,3062,2706,2421,2232,2165,2232,4841,5331,5830,7881,8403,9981,10510,5651,5135,4625,4122,3631,3156,1952,1712,3631,4122,4625,5651,6172,7222,7750,8280,8811,9344,9877,5520,4990,4464,3941,3423,2915,1531,1210,2421,2915,3423,6052,6585,7119,7655,7057,6518,5979,5440,4901,3827,3292,2760,2232,765,765,2232,2760,5979,6518,10299,10839,7578,7037,6495,5954,5413,3789,3248,2706,2165,541,0,541,1083,10284,10826,7597,7057,3827,3292,2760,765,541,16274,3423,2915,2421,16858,16319,4122,3631,3156,18530,17993,17456,16919,6336,5830,4841,4364,19137,18601,18066,13270,12740,12212,11685,11159,8558,8047,7539,7037,6540,6052,5573,5106,19221,12866,12343,11822,11302,10785,9249,8745,8245,7750,7262,6782,5855,5413,19320,11982,11470,10960,10454,9951,9453,8960,8472,7992,7520,7057,6172,19433,18906,17329,16806,14208,13693,12164,11660,11159,10662,10170,9683,9202,8728,8262,7806,7362,6932,19037,18515,17993,16953,16436,15920,15405,14893,14382,13874,12367,11871,11380,10893,10412,9937,9469,9009,8558,8119,7693,15585,15078,14574,14073,13575,13081,12590,12103,11622,11146,10676,10213,9758,9313,8878,8455,15281,14784,14290,13800,13314,12832,12355,11884,11418,10960,10510,10068,9637,9218,15500,15010,14524,14042,13564,13092,12625,12164,11710,11263,10826,10398,9981,9576,15734,15252,14774,14300,13832,13369,12912,12461,12018,11584,11159,10744,15509,15039,14574,13661,13214,12775,12343,11920,11508,11106,15781,15319,14863,13532,12683,12272
118,5331,5106,4841,9202,9683,10170,4656,4364,3827,4364,8472,9453,9951,3248,3292,3631,3903,4228,4990,5855,6312,6782,7262,7750,9758,10270,2706,4228,4656,5106,5573,7037,7539,8047,9592,10112,6336,5830,5331,4841,4364,3903,3466,3062,2706,2421,2232,2165,4364,4841,5331,7362,7881,9453,9981,6172,5651,5135,4625,4122,3631,2296,1952,3156,3631,4122,5135,5651,6695,7222,7750,8280,8811,9344,6052,5520,4990,4464,3941,3423,1952,1531,1952,2421,2915,5520,6052,6585,7119,7597,7057,6518,5979,5440,4364,3827,3292,2760,1210,541,1712,2232,5440,5979,9758,10299,8119,7578,7037,6495,5954,4330,3789,3248,2706,1083,541,0,541,9743,10284,8137,7597,4364,3827,3292,1210,765,16815,3941,3423,2915,17397,16858,4625,4122,3631,19068,18530,17993,17456,6847,6336,5331,4841,19673,19137,18601,13800,13270,12740,12212,11685,9074,8558,8047,7539,7037,6540,6052,5573,19755,13391,12866,12343,11822,11302,9758,9249,8745,8245,7750,7262,6312,5855,19851,12496,11982,11470,10960,10454,9951,9453,8960,8472,7992,7520,6607,19961,19433,17854,17329,14724,14208,12671,12164,11660,11159,10662,10170,9683,9202,8728,8262,7806,7362,19561,19037,18515,17473,16953,16436,15920,15405,14893,14382,12866,12367,11871,11380,10893,10412,9937,9469,9009,8558,8119,16093,15585,15078,14574,14073,13575,13081,12590,12103,11622,11146,10676,10213,9758,9313,8878,15781,15281,14784,14290,13800,13314,12832,12355,11884,11418,10960,10510,10068,9637,15993,15500,15010,14524,14042,13564,13092,12625,12164,11710,11263,10826,10398,9981,16220,15734,15252,14774,14300,13832,13369,12912,12461,12018,11584,11159,15984,15509,15039,14115,13661,13214,12775,12343,11920,11508,16247,15781,15319,13969,13103,12683
119,5573,5413,5106,8728,9202,9683,4990,4656,3941,4122,7992,8960,9453,3292,3248,3423,3631,3903,4593,5413,5855,6312,6782,7262,9249,9758,2760,3827,4228,4656,5106,6540,7037,7539,9074,9592,6847,6336,5830,5331,4841,4364,3903,3466,3062,2706,2421,2232,3903,4364,4841,6847,7362,8927,9453,6695,6172,5651,5135,4625,4122,2706,2296,2706,3156,3631,4625,5135,6172,6695,7222,7750,8280,8811,6585,6052,5520,4990,4464,3941,2421,1952,1531,1952,2421,4990,5520,6052,6585,8137,7597,7057,6518,5979,4901,4364,3827,3292,1712,765,1210,1712,4901,5440,9218,9758,8660,8119,7578,7037,6495,4872,4330,3789,3248,1624,1083,541,0,9202,9743,8677,8137,4901,4364,3827,1712,1210,17355,4464,3941,3423,17936,17397,5135,4625,4122,19606,19068,18530,17993,7362,6847,5830,5331,20209,19673,19137,14331,13800,13270,12740,12212,9592,9074,8558,8047,7539,7037,6540,6052,20289,13916,13391,12866,12343,11822,10270,9758,9249,8745,8245,7750,6782,6312,20383,13013,12496,11982,11470,10960,10454,9951,9453,8960,8472,7992,7057,20490,19961,18380,17854,15243,14724,13181,12671,12164,11660,11159,10662,10170,9683,9202,8728,8262,7806,20086,19561,19037,17993,17473,16953,16436,15920,15405,14893,13369,12866,12367,11871,11380,10893,10412,9937,9469,9009,8558,16604,16093,15585,15078,14574,14073,13575,13081,12590,12103,11622,11146,10676,10213,9758,9313,16283,15781,15281,14784,14290,13800,13314,12832,12355,11884,11418,10960,10510,10068,16489,15993,15500,15010,14524,14042,13564,13092,12625,12164,11710,11263,10826,10398,16710,16220,15734,15252,14774,14300,13832,13369,12912,12461,12018,11584,16462,15984,15509,14574,14115,13661,13214,12775,12343,11920,16718,16247,15781,14413,13532,13103
120,12866,13181,12671,4625,4464,4364,13013,12496,10960,8472,4364,3941,3827,10270,9758,8745,8245,7750,6782,5855,5413,4990,4593,4228,3292,3248,10112,7037,6540,6052,5573,4228,3827,3466,2760,2706,15846,15310,14774,14239,13704,13170,12636,12103,11571,11040,10510,9981,6336,5830,5331,3466,3062,2232,2165,15781,15243,14704,14167,13629,13092,11482,10947,7222,6695,6172,5135,4625,3631,3156,2706,2296,1952,1712,15734,15194,14655,14115,13575,13036,11418,10880,8191,7655,7119,4464,3941,3423,2915,17329,16788,16247,15706,15166,14084,13543,13002,12461,10839,9758,8137,7597,4364,3827,541,765,17862,17321,16780,16238,15697,14073,13532,12991,12449,10826,10284,9743,9202,0,541,17870,17329,14084,13543,13002,10839,10299,26545,13575,13036,12496,27113,26572,14167,13629,13092,28769,28230,27690,27150,16382,15846,14774,14239,29354,28815,28276,23432,22894,22357,21820,21283,18601,18066,17531,16997,16462,15929,15396,14863,29409,22965,22429,21893,21358,20823,19221,18688,18155,17623,17091,16560,15500,14971,29474,21980,21447,20915,20383,19851,19320,18790,18260,17731,17202,16675,15622,29548,29013,27408,26874,24207,23674,22080,21549,21020,20490,19961,19433,18906,18380,17854,17329,16806,16283,29099,28565,28032,26966,26434,25902,25371,24840,24309,23779,22192,21665,21138,20611,20086,19561,19037,18515,17993,17473,16953,25480,24952,24424,23896,23369,22843,22318,21793,21269,20746,20224,19703,19183,18664,18147,17631,25075,24549,24025,23501,22977,22455,21934,21413,20894,20375,19858,19343,18828,18316,25209,24686,24164,23643,23123,22605,22087,21570,21054,20540,20027,19516,19007,18499,25354,24834,24315,23798,23281,22766,22252,21739,21228,20718,20209,19703,24993,24478,23963,22939,22429,21920,21413,20908,20404,19903,25162,24651,24140,22617,21611,21110
121,13369,13693,13181,4841,4625,4464,13532,13013,11470,8960,4656,4122,3941,10785,10270,9249,8745,8245,7262,6312,5855,5413,4990,4593,3423,3292,10634,7539,7037,6540,6052,4656,4228,3827,2915,2760,16382,15846,15310,14774,14239,13704,13170,12636,12103,11571,11040,10510,6847,6336,5830,3903,3466,2421,2232,16319,15781,15243,14704,14167,13629,12018,11482,7750,7222,6695,5651,5135,4122,3631,3156,2706,2296,1952,16274,15734,15194,14655,14115,13575,11957,11418,8728,8191,7655,4990,4464,3941,3423,17870,17329,16788,16247,15706,14625,14084,13543,13002,11380,10299,8677,8137,4901,4364,765,541,18404,17862,17321,16780,16238,14615,14073,13532,12991,11367,10826,10284,9743,541,0,18411,17870,14625,14084,13543,11380,10839,27086,14115,13575,13036,27653,27113,14704,14167,13629,29309,28769,28230,27690,16919,16382,15310,14774,29893,29354,28815,23970,23432,22894,22357,21820,19137,18601,18066,17531,16997,16462,15929,15396,29947,23501,22965,22429,21893,21358,19755,19221,18688,18155,17623,17091,16030,15500,30011,22514,21980,21447,20915,20383,19851,19320,18790,18260,17731,17202,16148,30084,29548,27943,27408,24740,24207,22611,22080,21549,21020,20490,19961,19433,18906,18380,17854,17329,16806,29632,29099,28565,27499,26966,26434,25902,25371,24840,24309,22721,22192,21665,21138,20611,20086,19561,19037,18515,17993,17473,26010,25480,24952,24424,23896,23369,22843,22318,21793,21269,20746,20224,19703,19183,18664,18147,25601,25075,24549,24025,23501,22977,22455,21934,21413,20894,20375,19858,19343,18828,25732,25209,24686,24164,23643,23123,22605,22087,21570,21054,20540,20027,19516,19007,25874,25354,24834,24315,23798,23281,22766,22252,21739,21228,20718,20209,25509,24993,24478,23451,22939,22429,21920,21413,20908,20404,25675,25162,24651,23123,22113,21611
122,8047,7282,7693,16953,17473,17993,6932,7362,8728,11159,16283,17329,17854,8960,9453,10454,10960,11470,12496,13532,14052,14574,15098,15622,17731,18260,8745,11822,12343,12866,13391,14971,15500,16030,17623,18155,3466,3827,4228,4656,5106,5573,6052,6540,7037,7539,8047,8558,12212,12740,13270,15396,15929,17531,18066,3062,3466,3903,4364,4841,5331,6847,7362,11040,11571,12103,13170,13704,14774,15310,15846,16382,16919,17456,2706,3156,3631,4122,4625,5135,6695,7222,9877,10412,10947,13629,14167,14704,15243,1210,1531,1952,2421,2915,3941,4464,4990,5520,7119,8191,9803,10341,13575,14115,17895,18435,541,765,1210,1712,2232,3827,4364,4901,5440,7057,7597,8137,8677,17870,18411,0,541,3789,4330,4872,7037,7578,8677,4364,4901,5440,9265,8728,3941,4464,4990,10947,10412,9877,9344,2296,2706,3631,4122,11571,11040,10510,5830,5331,4841,4364,3903,2232,2165,2232,2421,2706,3062,3466,3903,11685,5573,5106,4656,4228,3827,2915,2760,2706,2760,2915,3156,3827,4228,11822,4990,4593,4228,3903,3631,3423,3292,3248,3292,3423,3631,4228,11982,11470,9951,9453,7057,6607,5358,4990,4656,4364,4122,3941,3827,3789,3827,3941,4122,4364,11660,11159,10662,9683,9202,8728,8262,7806,7362,6932,5754,5413,5106,4841,4625,4464,4364,4330,4364,4464,4625,8558,8119,7693,7282,6889,6518,6172,5855,5573,5331,5135,4990,4901,4872,4901,4990,8455,8047,7655,7282,6932,6607,6312,6052,5830,5651,5520,5440,5413,5440,8811,8420,8047,7693,7362,7057,6782,6540,6336,6172,6052,5979,5954,5979,9186,8811,8455,8119,7806,7520,7262,7037,6847,6695,6585,6518,9218,8878,8558,7992,7750,7539,7362,7222,7119,7057,9637,9313,9009,8245,7881,7750
123,7655,6889,7282,16436,16953,17473,6518,6932,8262,10662,15762,16806,17329,8472,8960,9951,10454,10960,11982,13013,13532,14052,14574,15098,17202,17731,8245,11302,11822,12343,12866,14443,14971,15500,17091,17623,3156,3466,3827,4228,4656,5106,5573,6052,6540,7037,7539,8047,11685,12212,12740,14863,15396,16997,17531,2706,3062,3466,3903,4364,4841,6336,6847,10510,11040,11571,12636,13170,14239,14774,15310,15846,16382,16919,2296,2706,3156,3631,4122,4625,6172,6695,9344,9877,10412,13092,13629,14167,14704,1083,1210,1531,1952,2421,3423,3941,4464,4990,6585,7655,9265,9803,13036,13575,17355,17895,765,541,765,1210,1712,3292,3827,4364,4901,6518,7057,7597,8137,17329,17870,541,0,3248,3789,4330,6495,7037,9218,3827,4364,4901,9803,9265,3423,3941,4464,11482,10947,10412,9877,1952,2296,3156,3631,12103,11571,11040,6336,5830,5331,4841,4364,2421,2232,2165,2232,2421,2706,3062,3466,12212,6052,5573,5106,4656,4228,3156,2915,2760,2706,2760,2915,3466,3827,12343,5413,4990,4593,4228,3903,3631,3423,3292,3248,3292,3423,3903,12496,11982,10454,9951,7520,7057,5754,5358,4990,4656,4364,4122,3941,3827,3789,3827,3941,4122,12164,11660,11159,10170,9683,9202,8728,8262,7806,7362,6124,5754,5413,5106,4841,4625,4464,4364,4330,4364,4464,9009,8558,8119,7693,7282,6889,6518,6172,5855,5573,5331,5135,4990,4901,4872,4901,8878,8455,8047,7655,7282,6932,6607,6312,6052,5830,5651,5520,5440,5413,9218,8811,8420,8047,7693,7362,7057,6782,6540,6336,6172,6052,5979,5954,9576,9186,8811,8455,8119,7806,7520,7262,7037,6847,6695,6585,9576,9218,8878,8262,7992,7750,7539,7362,7222,7119,9981,9637,9313,8472,8047,7881
124,5830,5135,5331,13369,13874,14382,4625,4841,5754,7806,12671,13693,14208,5754,6172,7057,7520,7992,8960,9951,10454,10960,11470,11982,14052,14574,5413,8245,8745,9249,9758,11302,11822,12343,13916,14443,3156,2915,2760,2706,2760,2915,3156,3466,3827,4228,4656,5106,8558,9074,9592,11685,12212,13800,14331,2706,2421,2232,2165,2232,2421,3466,3903,7362,7881,8403,9453,9981,11040,11571,12103,12636,13170,13704,2296,1952,1712,1624,1712,1952,3156,3631,6172,6695,7222,9877,10412,10947,11482,3423,2915,2421,1952,1531,1083,1210,1531,1952,3423,4464,6052,6585,9803,10341,14115,14655,3827,3292,2760,2232,1712,541,765,1210,1712,3292,3827,4364,4901,14084,14625,3789,3248,0,541,1083,3248,3789,12461,765,1210,1712,13036,12496,1083,1210,1531,14704,14167,13629,13092,2706,2296,1712,1624,15310,14774,14239,9453,8927,8403,7881,7362,4841,4364,3903,3466,3062,2706,2421,2232,15396,9074,8558,8047,7539,7037,5573,5106,4656,4228,3827,3466,2915,2760,15500,8245,7750,7262,6782,6312,5855,5413,4990,4593,4228,3903,3423,15622,15098,13532,13013,10454,9951,8472,7992,7520,7057,6607,6172,5754,5358,4990,4656,4364,4122,15243,14724,14208,13181,12671,12164,11660,11159,10662,10170,8728,8262,7806,7362,6932,6518,6124,5754,5413,5106,4841,11871,11380,10893,10412,9937,9469,9009,8558,8119,7693,7282,6889,6518,6172,5855,5573,11622,11146,10676,10213,9758,9313,8878,8455,8047,7655,7282,6932,6607,6312,11884,11418,10960,10510,10068,9637,9218,8811,8420,8047,7693,7362,7057,6782,12164,11710,11263,10826,10398,9981,9576,9186,8811,8455,8119,7806,12018,11584,11159,10341,9951,9576,9218,8878,8558,8262,12343,11920,11508,10341,9637,9313
125,5651,4990,5135,12866,13369,13874,4464,4625,5413,7362,12164,13181,13693,5358,5754,6607,7057,7520,8472,9453,9951,10454,10960,11470,13532,14052,4990,7750,8245,8745,9249,10785,11302,11822,13391,13916,3466,3156,2915,2760,2706,2760,2915,3156,3466,3827,4228,4656,8047,8558,9074,11159,11685,13270,13800,3062,2706,2421,2232,2165,2232,3062,3466,6847,7362,7881,8927,9453,10510,11040,11571,12103,12636,13170,2706,2296,1952,1712,1624,1712,2706,3156,5651,6172,6695,9344,9877,10412,10947,3941,3423,2915,2421,1952,1210,1083,1210,1531,2915,3941,5520,6052,9265,9803,13575,14115,4364,3827,3292,2760,2232,765,541,765,1210,2760,3292,3827,4364,13543,14084,4330,3789,541,0,541,2706,3248,13002,541,765,1210,13575,13036,1210,1083,1210,15243,14704,14167,13629,3156,2706,1952,1712,15846,15310,14774,9981,9453,8927,8403,7881,5331,4841,4364,3903,3466,3062,2706,2421,15929,9592,9074,8558,8047,7539,6052,5573,5106,4656,4228,3827,3156,2915,16030,8745,8245,7750,7262,6782,6312,5855,5413,4990,4593,4228,3631,16148,15622,14052,13532,10960,10454,8960,8472,7992,7520,7057,6607,6172,5754,5358,4990,4656,4364,15762,15243,14724,13693,13181,12671,12164,11660,11159,10662,9202,8728,8262,7806,7362,6932,6518,6124,5754,5413,5106,12367,11871,11380,10893,10412,9937,9469,9009,8558,8119,7693,7282,6889,6518,6172,5855,12103,11622,11146,10676,10213,9758,9313,8878,8455,8047,7655,7282,6932,6607,12355,11884,11418,10960,10510,10068,9637,9218,8811,8420,8047,7693,7362,7057,12625,12164,11710,11263,10826,10398,9981,9576,9186,8811,8455,8119,12461,12018,11584,10744,10341,9951,9576,9218,8878,8558,12775,12343,11920,10717,9981,9637
126,5520,4901,4990,12367,12866,13369,4364,4464,5106,6932,11660,12671,13181,4990,5358,6172,6607,7057,7992,8960,9453,9951,10454,10960,13013,13532,4593,7262,7750,8245,8745,10270,10785,11302,12866,13391,3827,3466,3156,2915,2760,2706,2760,2915,3156,3466,3827,4228,7539,8047,8558,10634,11159,12740,13270,3466,3062,2706,2421,2232,2165,2706,3062,6336,6847,7362,8403,8927,9981,10510,11040,11571,12103,12636,3156,2706,2296,1952,1712,1624,2296,2706,5135,5651,6172,8811,9344,9877,10412,4464,3941,3423,2915,2421,1531,1210,1083,1210,2421,3423,4990,5520,8728,9265,13036,13575,4901,4364,3827,3292,2760,1210,765,541,765,2232,2760,3292,3827,13002,13543,4872,4330,1083,541,0,2165,2706,13543,765,541,765,14115,13575,1531,1210,1083,15781,15243,14704,14167,3631,3156,2296,1952,16382,15846,15310,10510,9981,9453,8927,8403,5830,5331,4841,4364,3903,3466,3062,2706,16462,10112,9592,9074,8558,8047,6540,6052,5573,5106,4656,4228,3466,3156,16560,9249,8745,8245,7750,7262,6782,6312,5855,5413,4990,4593,3903,16675,16148,14574,14052,11470,10960,9453,8960,8472,7992,7520,7057,6607,6172,5754,5358,4990,4656,16283,15762,15243,14208,13693,13181,12671,12164,11660,11159,9683,9202,8728,8262,7806,7362,6932,6518,6124,5754,5413,12866,12367,11871,11380,10893,10412,9937,9469,9009,8558,8119,7693,7282,6889,6518,6172,12590,12103,11622,11146,10676,10213,9758,9313,8878,8455,8047,7655,7282,6932,12832,12355,11884,11418,10960,10510,10068,9637,9218,8811,8420,8047,7693,7362,13092,12625,12164,11710,11263,10826,10398,9981,9576,9186,8811,8455,12912,12461,12018,11159,10744,10341,9951,9576,9218,8878,13214,12775,12343,11106,10341,9981
127,5520,5135,4990,10412,10893,11380,4625,4464,4364,5413,9683,10662,11159,3941,4122,4656,4990,5358,6172,7057,7520,7992,8472,8960,10960,11470,3423,5413,5855,6312,6782,8245,8745,9249,10785,11302,5573,5106,4656,4228,3827,3466,3156,2915,2760,2706,2760,2915,5573,6052,6540,8558,9074,10634,11159,5331,4841,4364,3903,3466,3062,2232,2165,4364,4841,5331,6336,6847,7881,8403,8927,9453,9981,10510,5135,4625,4122,3631,3156,2706,1712,1624,3156,3631,4122,6695,7222,7750,8280,6585,6052,5520,4990,4464,3423,2915,2421,1952,1083,1531,2915,3423,6585,7119,10880,11418,7057,6518,5979,5440,4901,3292,2760,2232,1712,541,765,1210,1712,10839,11380,7037,6495,3248,2706,2165,0,541,15706,2760,2232,1712,16274,15734,3423,2915,2421,17936,17397,16858,16319,5651,5135,4122,3631,18530,17993,17456,12636,12103,11571,11040,10510,7881,7362,6847,6336,5830,5331,4841,4364,18601,12212,11685,11159,10634,10112,8558,8047,7539,7037,6540,6052,5106,4656,18688,11302,10785,10270,9758,9249,8745,8245,7750,7262,6782,6312,5413,18790,18260,16675,16148,13532,13013,11470,10960,10454,9951,9453,8960,8472,7992,7520,7057,6607,6172,18380,17854,17329,16283,15762,15243,14724,14208,13693,13181,11660,11159,10662,10170,9683,9202,8728,8262,7806,7362,6932,14893,14382,13874,13369,12866,12367,11871,11380,10893,10412,9937,9469,9009,8558,8119,7693,14574,14073,13575,13081,12590,12103,11622,11146,10676,10213,9758,9313,8878,8455,14784,14290,13800,13314,12832,12355,11884,11418,10960,10510,10068,9637,9218,8811,15010,14524,14042,13564,13092,12625,12164,11710,11263,10826,10398,9981,14774,14300,13832,12912,12461,12018,11584,11159,10744,10341,15039,14574,14115,12775,11920,11508
128,5651,5331,5135,9937,10412,10893,4841,4625,4330,5106,9202,10170,10662,3827,3941,4364,4656,4990,5754,6607,7057,7520,7992,8472,10454,10960,3292,4990,5413,5855,6312,7750,8245,8745,10270,10785,6052,5573,5106,4656,4228,3827,3466,3156,2915,2760,2706,2760,5106,5573,6052,8047,8558,10112,10634,5830,5331,4841,4364,3903,3466,2421,2232,3903,4364,4841,5830,6336,7362,7881,8403,8927,9453,9981,5651,5135,4625,4122,3631,3156,1952,1712,2706,3156,3631,6172,6695,7222,7750,7119,6585,6052,5520,4990,3941,3423,2915,2421,1210,1210,2421,2915,6052,6585,10341,10880,7597,7057,6518,5979,5440,3827,3292,2760,2232,765,541,765,1210,10299,10839,7578,7037,3789,3248,2706,541,0,16247,3292,2760,2232,16815,16274,3941,3423,2915,18475,17936,17397,16858,6172,5651,4625,4122,19068,18530,17993,13170,12636,12103,11571,11040,8403,7881,7362,6847,6336,5830,5331,4841,19137,12740,12212,11685,11159,10634,9074,8558,8047,7539,7037,6540,5573,5106,19221,11822,11302,10785,10270,9758,9249,8745,8245,7750,7262,6782,5855,19320,18790,17202,16675,14052,13532,11982,11470,10960,10454,9951,9453,8960,8472,7992,7520,7057,6607,18906,18380,17854,16806,16283,15762,15243,14724,14208,13693,12164,11660,11159,10662,10170,9683,9202,8728,8262,7806,7362,15405,14893,14382,13874,13369,12866,12367,11871,11380,10893,10412,9937,9469,9009,8558,8119,15078,14574,14073,13575,13081,12590,12103,11622,11146,10676,10213,9758,9313,8878,15281,14784,14290,13800,13314,12832,12355,11884,11418,10960,10510,10068,9637,9218,15500,15010,14524,14042,13564,13092,12625,12164,11710,11263,10826,10398,15252,14774,14300,13369,12912,12461,12018,11584,11159,10744,15509,15039,14574,13214,12343,11920
129,15781,15078,15585,25480,26010,26539,14893,15405,16953,19561,24840,25902,26434,17329,17854,18906,19433,19961,21020,22080,22611,23142,23674,24207,26340,26874,17202,20383,20915,21447,21980,23581,24116,24651,26256,26792,11302,11822,12343,12866,13391,13916,14443,14971,15500,16030,16560,17091,20823,21358,21893,24037,24573,26184,26721,11159,11685,12212,12740,13270,13800,15396,15929,19673,20209,20746,21820,22357,23432,23970,24507,25046,25584,26122,11040,11571,12103,12636,13170,13704,15310,15846,18530,19068,19606,22298,22837,23376,23915,9344,9877,10412,10947,11482,12555,13092,13629,14167,15781,16858,18475,19014,22252,22792,26572,27113,8728,9265,9803,10341,10880,12496,13036,13575,14115,15734,16274,16815,17355,26545,27086,8677,9218,12461,13002,13543,15706,16247,0,12991,13532,14073,765,541,12461,13002,13543,2421,1952,1531,1210,10341,10880,11957,12496,3156,2706,2296,3631,4122,4625,5135,5651,8280,8811,9344,9877,10412,10947,11482,12018,3466,4364,4841,5331,5830,6336,7881,8403,8927,9453,9981,10510,11571,12103,3827,5573,6052,6540,7037,7539,8047,8558,9074,9592,10112,10634,11685,4228,3903,3292,3248,4228,4593,5855,6312,6782,7262,7750,8245,8745,9249,9758,10270,10785,11302,4364,4122,3941,3789,3827,3941,4122,4364,4656,4990,6172,6607,7057,7520,7992,8472,8960,9453,9951,10454,10960,4625,4841,5106,5413,5754,6124,6518,6932,7362,7806,8262,8728,9202,9683,10170,10662,5331,5573,5855,6172,6518,6889,7282,7693,8119,8558,9009,9469,9937,10412,5830,6052,6312,6607,6932,7282,7655,8047,8455,8878,9313,9758,10213,10676,6336,6540,6782,7057,7362,7693,8047,8420,8811,9218,9637,10068,7037,7262,7520,8119,8455,8811,9186,9576,9981,10398,7539,7750,7992,8878,9576,9951
130,6172,5520,5651,13081,13575,14073,4990,5135,5855,7693,12367,13369,13874,5754,6124,6932,7362,7806,8728,9683,10170,10662,11159,11660,13693,14208,5358,7992,8472,8960,9453,10960,11470,11982,13532,14052,3903,3631,3423,3292,3248,3292,3423,3631,3903,4228,4593,4990,8245,8745,9249,11302,11822,13391,13916,3466,3156,2915,2760,2706,2760,3466,3827,7037,7539,8047,9074,9592,10634,11159,11685,12212,12740,13270,3062,2706,2421,2232,2165,2232,3062,3466,5830,6336,6847,9453,9981,10510,11040,4122,3631,3156,2706,2296,1712,1624,1712,1952,3156,4122,5651,6172,9344,9877,13629,14167,4464,3941,3423,2915,2421,1210,1083,1210,1531,2915,3423,3941,4464,13575,14115,4364,3827,765,541,765,2760,3292,12991,0,541,1083,13543,13002,765,541,765,15194,14655,14115,13575,2915,2421,1531,1210,15781,15243,14704,9877,9344,8811,8280,7750,5135,4625,4122,3631,3156,2706,2296,1952,15846,9453,8927,8403,7881,7362,5830,5331,4841,4364,3903,3466,2706,2421,15929,8558,8047,7539,7037,6540,6052,5573,5106,4656,4228,3827,3156,16030,15500,13916,13391,10785,10270,8745,8245,7750,7262,6782,6312,5855,5413,4990,4593,4228,3903,15622,15098,14574,13532,13013,12496,11982,11470,10960,10454,8960,8472,7992,7520,7057,6607,6172,5754,5358,4990,4656,12164,11660,11159,10662,10170,9683,9202,8728,8262,7806,7362,6932,6518,6124,5754,5413,11871,11380,10893,10412,9937,9469,9009,8558,8119,7693,7282,6889,6518,6172,12103,11622,11146,10676,10213,9758,9313,8878,8455,8047,7655,7282,6932,6607,12355,11884,11418,10960,10510,10068,9637,9218,8811,8420,8047,7693,12164,11710,11263,10398,9981,9576,9186,8811,8455,8119,12461,12018,11584,10341,9576,9218
131,6052,5440,5520,12590,13081,13575,4901,4990,5573,7282,11871,12866,13369,5413,5754,6518,6932,7362,8262,9202,9683,10170,10662,11159,13181,13693,4990,7520,7992,8472,8960,10454,10960,11470,13013,13532,4228,3903,3631,3423,3292,3248,3292,3423,3631,3903,4228,4593,7750,8245,8745,10785,11302,12866,13391,3827,3466,3156,2915,2760,2706,3156,3466,6540,7037,7539,8558,9074,10112,10634,11159,11685,12212,12740,3466,3062,2706,2421,2232,2165,2706,3062,5331,5830,6336,8927,9453,9981,10510,4625,4122,3631,3156,2706,1952,1712,1624,1712,2706,3631,5135,5651,8811,9344,13092,13629,4990,4464,3941,3423,2915,1531,1210,1083,1210,2421,2915,3423,3941,13036,13575,4901,4364,1210,765,541,2232,2760,13532,541,0,541,14084,13543,1210,765,541,15734,15194,14655,14115,3423,2915,1952,1531,16319,15781,15243,10412,9877,9344,8811,8280,5651,5135,4625,4122,3631,3156,2706,2296,16382,9981,9453,8927,8403,7881,6336,5830,5331,4841,4364,3903,3062,2706,16462,9074,8558,8047,7539,7037,6540,6052,5573,5106,4656,4228,3466,16560,16030,14443,13916,11302,10785,9249,8745,8245,7750,7262,6782,6312,5855,5413,4990,4593,4228,16148,15622,15098,14052,13532,13013,12496,11982,11470,10960,9453,8960,8472,7992,7520,7057,6607,6172,5754,5358,4990,12671,12164,11660,11159,10662,10170,9683,9202,8728,8262,7806,7362,6932,6518,6124,5754,12367,11871,11380,10893,10412,9937,9469,9009,8558,8119,7693,7282,6889,6518,12590,12103,11622,11146,10676,10213,9758,9313,8878,8455,8047,7655,7282,6932,12832,12355,11884,11418,10960,10510,10068,9637,9218,8811,8420,8047,12625,12164,11710,10826,10398,9981,9576,9186,8811,8455,12912,12461,12018,10744,9951,9576
132,5979,5413,5440,12103,12590,13081,4872,4901,5331,6889,11380,12367,12866,5106,5413,6124,6518,6932,7806,8728,9202,9683,10170,10662,12671,13181,4656,7057,7520,7992,8472,9951,10454,10960,12496,13013,4593,4228,3903,3631,3423,3292,3248,3292,3423,3631,3903,4228,7262,7750,8245,10270,10785,12343,12866,4228,3827,3466,3156,2915,2760,2915,3156,6052,6540,7037,8047,8558,9592,10112,10634,11159,11685,12212,3903,3466,3062,2706,2421,2232,2421,2706,4841,5331,5830,8403,8927,9453,9981,5135,4625,4122,3631,3156,2296,1952,1712,1624,2296,3156,4625,5135,8280,8811,12555,13092,5520,4990,4464,3941,3423,1952,1531,1210,1083,1952,2421,2915,3423,12496,13036,5440,4901,1712,1210,765,1712,2232,14073,1083,541,0,14625,14084,1712,1210,765,16274,15734,15194,14655,3941,3423,2421,1952,16858,16319,15781,10947,10412,9877,9344,8811,6172,5651,5135,4625,4122,3631,3156,2706,16919,10510,9981,9453,8927,8403,6847,6336,5830,5331,4841,4364,3466,3062,16997,9592,9074,8558,8047,7539,7037,6540,6052,5573,5106,4656,3827,17091,16560,14971,14443,11822,11302,9758,9249,8745,8245,7750,7262,6782,6312,5855,5413,4990,4593,16675,16148,15622,14574,14052,13532,13013,12496,11982,11470,9951,9453,8960,8472,7992,7520,7057,6607,6172,5754,5358,13181,12671,12164,11660,11159,10662,10170,9683,9202,8728,8262,7806,7362,6932,6518,6124,12866,12367,11871,11380,10893,10412,9937,9469,9009,8558,8119,7693,7282,6889,13081,12590,12103,11622,11146,10676,10213,9758,9313,8878,8455,8047,7655,7282,13314,12832,12355,11884,11418,10960,10510,10068,9637,9218,8811,8420,13092,12625,12164,11263,10826,10398,9981,9576,9186,8811,13369,12912,12461,11159,10341,9951
133,16489,15781,16283,26128,26655,27183,15585,16093,17631,20224,25480,26539,27069,17993,18515,19561,20086,20611,21665,22721,23250,23779,24309,24840,26966,27499,17854,21020,21549,22080,22611,24207,24740,25273,26874,27408,11982,12496,13013,13532,14052,14574,15098,15622,16148,16675,17202,17731,21447,21980,22514,24651,25186,26792,27328,11822,12343,12866,13391,13916,14443,16030,16560,20289,20823,21358,22429,22965,24037,24573,25110,25647,26184,26721,11685,12212,12740,13270,13800,14331,15929,16462,19137,19673,20209,22894,23432,23970,24507,9981,10510,11040,11571,12103,13170,13704,14239,14774,16382,17456,19068,19606,22837,23376,27150,27690,9344,9877,10412,10947,11482,13092,13629,14167,14704,16319,16858,17397,17936,27113,27653,9265,9803,13036,13575,14115,16274,16815,765,13543,14084,14625,0,541,12991,13532,14073,1712,1210,765,541,10839,11380,12461,13002,2421,1952,1531,3941,4464,4990,5520,6052,8728,9265,9803,10341,10880,11418,11957,12496,2706,4625,5135,5651,6172,6695,8280,8811,9344,9877,10412,10947,12018,12555,3062,5830,6336,6847,7362,7881,8403,8927,9453,9981,10510,11040,12103,3466,3156,2706,2760,4228,4656,6052,6540,7037,7539,8047,8558,9074,9592,10112,10634,11159,11685,3631,3423,3292,3292,3423,3631,3903,4228,4593,4990,6312,6782,7262,7750,8245,8745,9249,9758,10270,10785,11302,4364,4656,4990,5358,5754,6172,6607,7057,7520,7992,8472,8960,9453,9951,10454,10960,5106,5413,5754,6124,6518,6932,7362,7806,8262,8728,9202,9683,10170,10662,5573,5855,6172,6518,6889,7282,7693,8119,8558,9009,9469,9937,10412,10893,6052,6312,6607,6932,7282,7655,8047,8455,8878,9313,9758,10213,6782,7057,7362,8047,8420,8811,9218,9637,10068,10510,7262,7520,7806,8811,9576,9981
134,15993,15281,15781,25601,26128,26655,15078,15585,17117,19703,24952,26010,26539,17473,17993,19037,19561,20086,21138,22192,22721,23250,23779,24309,26434,26966,17329,20490,21020,21549,22080,23674,24207,24740,26340,26874,11470,11982,12496,13013,13532,14052,14574,15098,15622,16148,16675,17202,20915,21447,21980,24116,24651,26256,26792,11302,11822,12343,12866,13391,13916,15500,16030,19755,20289,20823,21893,22429,23501,24037,24573,25110,25647,26184,11159,11685,12212,12740,13270,13800,15396,15929,18601,19137,19673,22357,22894,23432,23970,9453,9981,10510,11040,11571,12636,13170,13704,14239,15846,16919,18530,19068,22298,22837,26611,27150,8811,9344,9877,10412,10947,12555,13092,13629,14167,15781,16319,16858,17397,26572,27113,8728,9265,12496,13036,13575,15734,16274,541,13002,13543,14084,541,0,12449,12991,13532,2232,1712,1210,765,10299,10839,11920,12461,2915,2421,1952,3423,3941,4464,4990,5520,8191,8728,9265,9803,10341,10880,11418,11957,3156,4122,4625,5135,5651,6172,7750,8280,8811,9344,9877,10412,11482,12018,3466,5331,5830,6336,6847,7362,7881,8403,8927,9453,9981,10510,11571,3827,3466,2760,2706,3827,4228,5573,6052,6540,7037,7539,8047,8558,9074,9592,10112,10634,11159,3903,3631,3423,3248,3292,3423,3631,3903,4228,4593,5855,6312,6782,7262,7750,8245,8745,9249,9758,10270,10785,4122,4364,4656,4990,5358,5754,6172,6607,7057,7520,7992,8472,8960,9453,9951,10454,4841,5106,5413,5754,6124,6518,6932,7362,7806,8262,8728,9202,9683,10170,5331,5573,5855,6172,6518,6889,7282,7693,8119,8558,9009,9469,9937,10412,5830,6052,6312,6607,6932,7282,7655,8047,8455,8878,9313,9758,6540,6782,7057,7693,8047,8420,8811,9218,9637,10068,7037,7262,7520,8455,9186,9576
135,6847,6172,6336,13800,14290,14784,5651,5830,6607,8455,13081,14073,14574,6518,6889,7693,8119,8558,9469,10412,10893,11380,11871,12367,14382,14893,6124,8728,9202,9683,10170,11660,12164,12671,14208,14724,4122,3941,3827,3789,3827,3941,4122,4364,4656,4990,5358,5754,8960,9453,9951,11982,12496,14052,14574,3631,3423,3292,3248,3292,3423,4228,4593,7750,8245,8745,9758,10270,11302,11822,12343,12866,13391,13916,3156,2915,2760,2706,2760,2915,3827,4228,6540,7037,7539,10112,10634,11159,11685,3903,3466,3062,2706,2421,2165,2232,2421,2706,3903,4841,6336,6847,9981,10510,14239,14774,4122,3631,3156,2706,2296,1624,1712,1952,2296,3631,4122,4625,5135,14167,14704,3941,3423,1083,1210,1531,3423,3941,12461,765,1210,1712,12991,12449,0,541,1083,14625,14084,13543,13002,2232,1712,765,541,15194,14655,14115,9265,8728,8191,7655,7119,4464,3941,3423,2915,2421,1952,1531,1210,15243,8811,8280,7750,7222,6695,5135,4625,4122,3631,3156,2706,1952,1712,15310,7881,7362,6847,6336,5830,5331,4841,4364,3903,3466,3062,2421,15396,14863,13270,12740,10112,9592,8047,7539,7037,6540,6052,5573,5106,4656,4228,3827,3466,3156,14971,14443,13916,12866,12343,11822,11302,10785,10270,9758,8245,7750,7262,6782,6312,5855,5413,4990,4593,4228,3903,11470,10960,10454,9951,9453,8960,8472,7992,7520,7057,6607,6172,5754,5358,4990,4656,11159,10662,10170,9683,9202,8728,8262,7806,7362,6932,6518,6124,5754,5413,11380,10893,10412,9937,9469,9009,8558,8119,7693,7282,6889,6518,6172,5855,11622,11146,10676,10213,9758,9313,8878,8455,8047,7655,7282,6932,11418,10960,10510,9637,9218,8811,8420,8047,7693,7362,11710,11263,10826,9576,8811,8455
136,6695,6052,6172,13314,13800,14290,5520,5651,6312,8047,12590,13575,14073,6172,6518,7282,7693,8119,9009,9937,10412,10893,11380,11871,13874,14382,5754,8262,8728,9202,9683,11159,11660,12164,13693,14208,4364,4122,3941,3827,3789,3827,3941,4122,4364,4656,4990,5358,8472,8960,9453,11470,11982,13532,14052,3903,3631,3423,3292,3248,3292,3903,4228,7262,7750,8245,9249,9758,10785,11302,11822,12343,12866,13391,3466,3156,2915,2760,2706,2760,3466,3827,6052,6540,7037,9592,10112,10634,11159,4364,3903,3466,3062,2706,2232,2165,2232,2421,3466,4364,5830,6336,9453,9981,13704,14239,4625,4122,3631,3156,2706,1712,1624,1712,1952,3156,3631,4122,4625,13629,14167,4464,3941,1210,1083,1210,2915,3423,13002,541,765,1210,13532,12991,541,0,541,15166,14625,14084,13543,2760,2232,1210,765,15734,15194,14655,9803,9265,8728,8191,7655,4990,4464,3941,3423,2915,2421,1952,1531,15781,9344,8811,8280,7750,7222,5651,5135,4625,4122,3631,3156,2296,1952,15846,8403,7881,7362,6847,6336,5830,5331,4841,4364,3903,3466,2706,15929,15396,13800,13270,10634,10112,8558,8047,7539,7037,6540,6052,5573,5106,4656,4228,3827,3466,15500,14971,14443,13391,12866,12343,11822,11302,10785,10270,8745,8245,7750,7262,6782,6312,5855,5413,4990,4593,4228,11982,11470,10960,10454,9951,9453,8960,8472,7992,7520,7057,6607,6172,5754,5358,4990,11660,11159,10662,10170,9683,9202,8728,8262,7806,7362,6932,6518,6124,5754,11871,11380,10893,10412,9937,9469,9009,8558,8119,7693,7282,6889,6518,6172,12103,11622,11146,10676,10213,9758,9313,8878,8455,8047,7655,7282,11884,11418,10960,10068,9637,9218,8811,8420,8047,7693,12164,11710,11263,9981,9186,8811
137,6585,5979,6052,12832,13314,13800,5440,5520,6052,7655,12103,13081,13575,5855,6172,6889,7282,7693,8558,9469,9937,10412,10893,11380,13369,13874,5413,7806,8262,8728,9202,10662,11159,11660,13181,13693,4656,4364,4122,3941,3827,3789,3827,3941,4122,4364,4656,4990,7992,8472,8960,10960,11470,13013,13532,4228,3903,3631,3423,3292,3248,3631,3903,6782,7262,7750,8745,9249,10270,10785,11302,11822,12343,12866,3827,3466,3156,2915,2760,2706,3156,3466,5573,6052,6540,9074,9592,10112,10634,4841,4364,3903,3466,3062,2421,2232,2165,2232,3062,3903,5331,5830,8927,9453,13170,13704,5135,4625,4122,3631,3156,1952,1712,1624,1712,2706,3156,3631,4122,13092,13629,4990,4464,1531,1210,1083,2421,2915,13543,765,541,765,14073,13532,1083,541,0,15706,15166,14625,14084,3292,2760,1712,1210,16274,15734,15194,10341,9803,9265,8728,8191,5520,4990,4464,3941,3423,2915,2421,1952,16319,9877,9344,8811,8280,7750,6172,5651,5135,4625,4122,3631,2706,2296,16382,8927,8403,7881,7362,6847,6336,5830,5331,4841,4364,3903,3062,16462,15929,14331,13800,11159,10634,9074,8558,8047,7539,7037,6540,6052,5573,5106,4656,4228,3827,16030,15500,14971,13916,13391,12866,12343,11822,11302,10785,9249,8745,8245,7750,7262,6782,6312,5855,5413,4990,4593,12496,11982,11470,10960,10454,9951,9453,8960,8472,7992,7520,7057,6607,6172,5754,5358,12164,11660,11159,10662,10170,9683,9202,8728,8262,7806,7362,6932,6518,6124,12367,11871,11380,10893,10412,9937,9469,9009,8558,8119,7693,7282,6889,6518,12590,12103,11622,11146,10676,10213,9758,9313,8878,8455,8047,7655,12355,11884,11418,10510,10068,9637,9218,8811,8420,8047,12625,12164,11710,10398,9576,9186
138,18195,17489,17993,27833,28359,28886,17296,17805,19343,21934,27183,28240,28769,19703,20224,21269,21793,22318,23369,24424,24952,25480,26010,26539,28662,29194,19561,22721,23250,23779,24309,25902,26434,26966,28565,29099,13693,14208,14724,15243,15762,16283,16806,17329,17854,18380,18906,19433,23142,23674,24207,26340,26874,28478,29013,13532,14052,14574,15098,15622,16148,17731,18260,21980,22514,23047,24116,24651,25721,26256,26792,27328,27864,28400,13391,13916,14443,14971,15500,16030,17623,18155,20823,21358,21893,24573,25110,25647,26184,11685,12212,12740,13270,13800,14863,15396,15929,16462,18066,19137,20746,21283,24507,25046,28815,29354,11040,11571,12103,12636,13170,14774,15310,15846,16382,17993,18530,19068,19606,28769,29309,10947,11482,14704,15243,15781,17936,18475,2421,15194,15734,16274,1712,2232,14625,15166,15706,0,541,1083,1624,12449,12991,14073,14615,765,541,765,5440,5979,6518,7057,7597,10299,10839,11380,11920,12461,13002,13543,14084,1210,6052,6585,7119,7655,8191,9803,10341,10880,11418,11957,12496,13575,14115,1712,7222,7750,8280,8811,9344,9877,10412,10947,11482,12018,12555,13629,2232,2165,2706,3062,5331,5830,7362,7881,8403,8927,9453,9981,10510,11040,11571,12103,12636,13170,2706,2760,2915,3466,3827,4228,4656,5106,5573,6052,7539,8047,8558,9074,9592,10112,10634,11159,11685,12212,12740,4990,5413,5855,6312,6782,7262,7750,8245,8745,9249,9758,10270,10785,11302,11822,12343,5754,6172,6607,7057,7520,7992,8472,8960,9453,9951,10454,10960,11470,11982,6124,6518,6932,7362,7806,8262,8728,9202,9683,10170,10662,11159,11660,12164,6518,6889,7282,7693,8119,8558,9009,9469,9937,10412,10893,11380,7282,7655,8047,8878,9313,9758,10213,10676,11146,11622,7693,8047,8420,9637,10510,10960
139,17697,16988,17489,27306,27833,28359,16788,17296,18828,21413,26655,27711,28240,19183,19703,20746,21269,21793,22843,23896,24424,24952,25480,26010,28131,28662,19037,22192,22721,23250,23779,25371,25902,26434,28032,28565,13181,13693,14208,14724,15243,15762,16283,16806,17329,17854,18380,18906,22611,23142,23674,25806,26340,27943,28478,13013,13532,14052,14574,15098,15622,17202,17731,21447,21980,22514,23581,24116,25186,25721,26256,26792,27328,27864,12866,13391,13916,14443,14971,15500,17091,17623,20289,20823,21358,24037,24573,25110,25647,11159,11685,12212,12740,13270,14331,14863,15396,15929,17531,18601,20209,20746,23970,24507,28276,28815,10510,11040,11571,12103,12636,14239,14774,15310,15846,17456,17993,18530,19068,28230,28769,10412,10947,14167,14704,15243,17397,17936,1952,14655,15194,15734,1210,1712,14084,14625,15166,541,0,541,1083,11908,12449,13532,14073,1210,765,541,4901,5440,5979,6518,7057,9758,10299,10839,11380,11920,12461,13002,13543,1531,5520,6052,6585,7119,7655,9265,9803,10341,10880,11418,11957,13036,13575,1952,6695,7222,7750,8280,8811,9344,9877,10412,10947,11482,12018,13092,2421,2232,2421,2706,4841,5331,6847,7362,7881,8403,8927,9453,9981,10510,11040,11571,12103,12636,2760,2706,2760,3156,3466,3827,4228,4656,5106,5573,7037,7539,8047,8558,9074,9592,10112,10634,11159,11685,12212,4593,4990,5413,5855,6312,6782,7262,7750,8245,8745,9249,9758,10270,10785,11302,11822,5358,5754,6172,6607,7057,7520,7992,8472,8960,9453,9951,10454,10960,11470,5754,6124,6518,6932,7362,7806,8262,8728,9202,9683,10170,10662,11159,11660,6172,6518,6889,7282,7693,8119,8558,9009,9469,9937,10412,10893,6932,7282,7655,8455,8878,9313,9758,10213,10676,11146,7362,7693,8047,9218,10068,10510
140,17202,16489,16988,26781,27306,27833,16283,16788,18316,20894,26128,27183,27711,18664,19183,20224,20746,21269,22318,23369,23896,24424,24952,25480,27600,28131,18515,21665,22192,22721,23250,24840,25371,25902,27499,28032,12671,13181,13693,14208,14724,15243,15762,16283,16806,17329,17854,18380,22080,22611,23142,25273,25806,27408,27943,12496,13013,13532,14052,14574,15098,16675,17202,20915,21447,21980,23047,23581,24651,25186,25721,26256,26792,27328,12343,12866,13391,13916,14443,14971,16560,17091,19755,20289,20823,23501,24037,24573,25110,10634,11159,11685,12212,12740,13800,14331,14863,15396,16997,18066,19673,20209,23432,23970,27738,28276,9981,10510,11040,11571,12103,13704,14239,14774,15310,16919,17456,17993,18530,27690,28230,9877,10412,13629,14167,14704,16858,17397,1531,14115,14655,15194,765,1210,13543,14084,14625,1083,541,0,541,11367,11908,12991,13532,1712,1210,765,4364,4901,5440,5979,6518,9218,9758,10299,10839,11380,11920,12461,13002,1952,4990,5520,6052,6585,7119,8728,9265,9803,10341,10880,11418,12496,13036,2296,6172,6695,7222,7750,8280,8811,9344,9877,10412,10947,11482,12555,2706,2421,2232,2421,4364,4841,6336,6847,7362,7881,8403,8927,9453,9981,10510,11040,11571,12103,2915,2760,2706,2915,3156,3466,3827,4228,4656,5106,6540,7037,7539,8047,8558,9074,9592,10112,10634,11159,11685,4228,4593,4990,5413,5855,6312,6782,7262,7750,8245,8745,9249,9758,10270,10785,11302,4990,5358,5754,6172,6607,7057,7520,7992,8472,8960,9453,9951,10454,10960,5413,5754,6124,6518,6932,7362,7806,8262,8728,9202,9683,10170,10662,11159,5855,6172,6518,6889,7282,7693,8119,8558,9009,9469,9937,10412,6607,6932,7282,8047,8455,8878,9313,9758,10213,10676,7057,7362,7693,8811,9637,10068
141,16710,15993,16489,26256,26781,27306,15781,16283,17805,20375,25601,26655,27183,18147,18664,19703,20224,20746,21793,22843,23369,23896,24424,24952,27069,27600,17993,21138,21665,22192,22721,24309,24840,25371,26966,27499,12164,12671,13181,13693,14208,14724,15243,15762,16283,16806,17329,17854,21549,22080,22611,24740,25273,26874,27408,11982,12496,13013,13532,14052,14574,16148,16675,20383,20915,21447,22514,23047,24116,24651,25186,25721,26256,26792,11822,12343,12866,13391,13916,14443,16030,16560,19221,19755,20289,22965,23501,24037,24573,10112,10634,11159,11685,12212,13270,13800,14331,14863,16462,17531,19137,19673,22894,23432,27199,27738,9453,9981,10510,11040,11571,13170,13704,14239,14774,16382,16919,17456,17993,27150,27690,9344,9877,13092,13629,14167,16319,16858,1210,13575,14115,14655,541,765,13002,13543,14084,1624,1083,541,0,10826,11367,12449,12991,2232,1712,1210,3827,4364,4901,5440,5979,8677,9218,9758,10299,10839,11380,11920,12461,2421,4464,4990,5520,6052,6585,8191,8728,9265,9803,10341,10880,11957,12496,2706,5651,6172,6695,7222,7750,8280,8811,9344,9877,10412,10947,12018,3062,2706,2165,2232,3903,4364,5830,6336,6847,7362,7881,8403,8927,9453,9981,10510,11040,11571,3156,2915,2760,2760,2915,3156,3466,3827,4228,4656,6052,6540,7037,7539,8047,8558,9074,9592,10112,10634,11159,3903,4228,4593,4990,5413,5855,6312,6782,7262,7750,8245,8745,9249,9758,10270,10785,4656,4990,5358,5754,6172,6607,7057,7520,7992,8472,8960,9453,9951,10454,5106,5413,5754,6124,6518,6932,7362,7806,8262,8728,9202,9683,10170,10662,5573,5855,6172,6518,6889,7282,7693,8119,8558,9009,9469,9937,6312,6607,6932,7655,8047,8455,8878,9313,9758,10213,6782,7057,7362,8420,9218,9637
142,8262,7520,7806,15993,16489,16988,7057,7362,8420,10510,15281,16283,16788,8455,8878,9758,10213,10676,11622,12590,13081,13575,14073,14574,16604,17117,8119,10893,11380,11871,12367,13874,14382,14893,16436,16953,4364,4464,4625,4841,5106,5413,5754,6124,6518,6932,7362,7806,11159,11660,12164,14208,14724,16283,16806,3827,3941,4122,4364,4656,4990,6172,6607,9951,10454,10960,11982,12496,13532,14052,14574,15098,15622,16148,3292,3423,3631,3903,4228,4593,5855,6312,8745,9249,9758,12343,12866,13391,13916,2915,2760,2706,2760,2915,3466,3827,4228,4656,6052,7037,8558,9074,12212,12740,16462,16997,2706,2421,2232,2165,2232,3062,3466,3903,4364,5830,6336,6847,7362,16382,16919,2296,1952,2706,3156,3631,5651,6172,10341,2915,3423,3941,10839,10299,2232,2760,3292,12449,11908,11367,10826,0,541,1624,2165,13002,12461,11920,7057,6518,5979,5440,4901,2232,1712,1210,765,541,765,1210,1712,13036,6585,6052,5520,4990,4464,2915,2421,1952,1531,1210,1083,1531,1952,13092,5651,5135,4625,4122,3631,3156,2706,2296,1952,1712,1624,1952,13170,12636,11040,10510,7881,7362,5830,5331,4841,4364,3903,3466,3062,2706,2421,2232,2165,2232,12740,12212,11685,10634,10112,9592,9074,8558,8047,7539,6052,5573,5106,4656,4228,3827,3466,3156,2915,2760,2706,9249,8745,8245,7750,7262,6782,6312,5855,5413,4990,4593,4228,3903,3631,3423,3292,8960,8472,7992,7520,7057,6607,6172,5754,5358,4990,4656,4364,4122,3941,9202,8728,8262,7806,7362,6932,6518,6124,5754,5413,5106,4841,4625,4464,9469,9009,8558,8119,7693,7282,6889,6518,6172,5855,5573,5331,9313,8878,8455,7655,7282,6932,6607,6312,6052,5830,9637,9218,8811,7693,7057,6782
143,7992,7262,7520,15500,15993,16489,6782,7057,8047,10068,14784,15781,16283,8047,8455,9313,9758,10213,11146,12103,12590,13081,13575,14073,16093,16604,7693,10412,10893,11380,11871,13369,13874,14382,15920,16436,4330,4364,4464,4625,4841,5106,5413,5754,6124,6518,6932,7362,10662,11159,11660,13693,14208,15762,16283,3789,3827,3941,4122,4364,4656,5754,6172,9453,9951,10454,11470,11982,13013,13532,14052,14574,15098,15622,3248,3292,3423,3631,3903,4228,5413,5855,8245,8745,9249,11822,12343,12866,13391,3156,2915,2760,2706,2760,3156,3466,3827,4228,5573,6540,8047,8558,11685,12212,15929,16462,3062,2706,2421,2232,2165,2706,3062,3466,3903,5331,5830,6336,6847,15846,16382,2706,2296,2296,2706,3156,5135,5651,10880,2421,2915,3423,11380,10839,1712,2232,2760,12991,12449,11908,11367,541,0,1083,1624,13543,13002,12461,7597,7057,6518,5979,5440,2760,2232,1712,1210,765,541,765,1210,13575,7119,6585,6052,5520,4990,3423,2915,2421,1952,1531,1210,1210,1531,13629,6172,5651,5135,4625,4122,3631,3156,2706,2296,1952,1712,1712,13704,13170,11571,11040,8403,7881,6336,5830,5331,4841,4364,3903,3466,3062,2706,2421,2232,2165,13270,12740,12212,11159,10634,10112,9592,9074,8558,8047,6540,6052,5573,5106,4656,4228,3827,3466,3156,2915,2760,9758,9249,8745,8245,7750,7262,6782,6312,5855,5413,4990,4593,4228,3903,3631,3423,9453,8960,8472,7992,7520,7057,6607,6172,5754,5358,4990,4656,4364,4122,9683,9202,8728,8262,7806,7362,6932,6518,6124,5754,5413,5106,4841,4625,9937,9469,9009,8558,8119,7693,7282,6889,6518,6172,5855,5573,9758,9313,8878,8047,7655,7282,6932,6607,6312,6052,10068,9637,9218,8047,7362,7057
144,7539,6847,7037,14524,15010,15500,6336,6540,7362,9218,13800,14784,15281,7282,7655,8455,8878,9313,10213,11146,11622,12103,12590,13081,15078,15585,6889,9469,9937,10412,10893,12367,12866,13369,14893,15405,4464,4364,4330,4364,4464,4625,4841,5106,5413,5754,6124,6518,9683,10170,10662,12671,13181,14724,15243,3941,3827,3789,3827,3941,4122,4990,5358,8472,8960,9453,10454,10960,11982,12496,13013,13532,14052,14574,3423,3292,3248,3292,3423,3631,4593,4990,7262,7750,8245,10785,11302,11822,12343,3827,3466,3156,2915,2760,2760,2915,3156,3466,4656,5573,7037,7539,10634,11159,14863,15396,3903,3466,3062,2706,2421,2232,2421,2706,3062,4364,4841,5331,5830,14774,15310,3631,3156,1712,1952,2296,4122,4625,11957,1531,1952,2421,12461,11920,765,1210,1712,14073,13532,12991,12449,1624,1083,0,541,14625,14084,13543,8677,8137,7597,7057,6518,3827,3292,2760,2232,1712,1210,765,541,14655,8191,7655,7119,6585,6052,4464,3941,3423,2915,2421,1952,1210,1083,14704,7222,6695,6172,5651,5135,4625,4122,3631,3156,2706,2296,1712,14774,14239,12636,12103,9453,8927,7362,6847,6336,5830,5331,4841,4364,3903,3466,3062,2706,2421,14331,13800,13270,12212,11685,11159,10634,10112,9592,9074,7539,7037,6540,6052,5573,5106,4656,4228,3827,3466,3156,10785,10270,9758,9249,8745,8245,7750,7262,6782,6312,5855,5413,4990,4593,4228,3903,10454,9951,9453,8960,8472,7992,7520,7057,6607,6172,5754,5358,4990,4656,10662,10170,9683,9202,8728,8262,7806,7362,6932,6518,6124,5754,5413,5106,10893,10412,9937,9469,9009,8558,8119,7693,7282,6889,6518,6172,10676,10213,9758,8878,8455,8047,7655,7282,6932,6607,10960,10510,10068,8811,8047,7693
145,7362,6695,6847,14042,14524,15010,6172,6336,7057,8811,13314,14290,14784,6932,7282,8047,8455,8878,9758,10676,11146,11622,12103,12590,14574,15078,6518,9009,9469,9937,10412,11871,12367,12866,14382,14893,4625,4464,4364,4330,4364,4464,4625,4841,5106,5413,5754,6124,9202,9683,10170,12164,12671,14208,14724,4122,3941,3827,3789,3827,3941,4656,4990,7992,8472,8960,9951,10454,11470,11982,12496,13013,13532,14052,3631,3423,3292,3248,3292,3423,4228,4593,6782,7262,7750,10270,10785,11302,11822,4228,3827,3466,3156,2915,2706,2760,2915,3156,4228,5106,6540,7037,10112,10634,14331,14863,4364,3903,3466,3062,2706,2165,2232,2421,2706,3903,4364,4841,5331,14239,14774,4122,3631,1624,1712,1952,3631,4122,12496,1210,1531,1952,13002,12461,541,765,1210,14615,14073,13532,12991,2165,1624,541,0,15166,14625,14084,9218,8677,8137,7597,7057,4364,3827,3292,2760,2232,1712,1210,765,15194,8728,8191,7655,7119,6585,4990,4464,3941,3423,2915,2421,1531,1210,15243,7750,7222,6695,6172,5651,5135,4625,4122,3631,3156,2706,1952,15310,14774,13170,12636,9981,9453,7881,7362,6847,6336,5830,5331,4841,4364,3903,3466,3062,2706,14863,14331,13800,12740,12212,11685,11159,10634,10112,9592,8047,7539,7037,6540,6052,5573,5106,4656,4228,3827,3466,11302,10785,10270,9758,9249,8745,8245,7750,7262,6782,6312,5855,5413,4990,4593,4228,10960,10454,9951,9453,8960,8472,7992,7520,7057,6607,6172,5754,5358,4990,11159,10662,10170,9683,9202,8728,8262,7806,7362,6932,6518,6124,5754,5413,11380,10893,10412,9937,9469,9009,8558,8119,7693,7282,6889,6518,11146,10676,10213,9313,8878,8455,8047,7655,7282,6932,11418,10960,10510,9218,8420,8047
146,18906,18195,18696,28488,29013,29538,17993,18499,20027,22605,27833,28886,29414,20375,20894,21934,22455,22977,24025,25075,25601,26128,26655,27183,29299,29829,20224,23369,23896,24424,24952,26539,27069,27600,29194,29726,14382,14893,15405,15920,16436,16953,17473,17993,18515,19037,19561,20086,23779,24309,24840,26966,27499,29099,29632,14208,14724,15243,15762,16283,16806,18380,18906,22611,23142,23674,24740,25273,26340,26874,27408,27943,28478,29013,14052,14574,15098,15622,16148,16675,18260,18790,21447,21980,22514,25186,25721,26256,26792,12343,12866,13391,13916,14443,15500,16030,16560,17091,18688,19755,21358,21893,25110,25647,29409,29947,11685,12212,12740,13270,13800,15396,15929,16462,16997,18601,19137,19673,20209,29354,29893,11571,12103,15310,15846,16382,18530,19068,3156,15781,16319,16858,2421,2915,15194,15734,16274,765,1210,1712,2232,13002,13543,14625,15166,0,541,1083,5954,6495,7037,7578,8119,10826,11367,11908,12449,12991,13532,14073,14615,541,6518,7057,7597,8137,8677,10299,10839,11380,11920,12461,13002,14084,14625,1083,7655,8191,8728,9265,9803,10341,10880,11418,11957,12496,13036,14115,1624,1712,2706,3156,5651,6172,7750,8280,8811,9344,9877,10412,10947,11482,12018,12555,13092,13629,2232,2421,2706,3466,3903,4364,4841,5331,5830,6336,7881,8403,8927,9453,9981,10510,11040,11571,12103,12636,13170,5106,5573,6052,6540,7037,7539,8047,8558,9074,9592,10112,10634,11159,11685,12212,12740,5855,6312,6782,7262,7750,8245,8745,9249,9758,10270,10785,11302,11822,12343,6172,6607,7057,7520,7992,8472,8960,9453,9951,10454,10960,11470,11982,12496,6518,6932,7362,7806,8262,8728,9202,9683,10170,10662,11159,11660,7282,7693,8119,9009,9469,9937,10412,10893,11380,11871,7655,8047,8455,9758,10676,11146
147,18411,17697,18195,27964,28488,29013,17489,17993,19516,22087,27306,28359,28886,19858,20375,21413,21934,22455,23501,24549,25075,25601,26128,26655,28769,29299,19703,22843,23369,23896,24424,26010,26539,27069,28662,29194,13874,14382,14893,15405,15920,16436,16953,17473,17993,18515,19037,19561,23250,23779,24309,26434,26966,28565,29099,13693,14208,14724,15243,15762,16283,17854,18380,22080,22611,23142,24207,24740,25806,26340,26874,27408,27943,28478,13532,14052,14574,15098,15622,16148,17731,18260,20915,21447,21980,24651,25186,25721,26256,11822,12343,12866,13391,13916,14971,15500,16030,16560,18155,19221,20823,21358,24573,25110,28871,29409,11159,11685,12212,12740,13270,14863,15396,15929,16462,18066,18601,19137,19673,28815,29354,11040,11571,14774,15310,15846,17993,18530,2706,15243,15781,16319,1952,2421,14655,15194,15734,541,765,1210,1712,12461,13002,14084,14625,541,0,541,5413,5954,6495,7037,7578,10284,10826,11367,11908,12449,12991,13532,14073,765,5979,6518,7057,7597,8137,9758,10299,10839,11380,11920,12461,13543,14084,1210,7119,7655,8191,8728,9265,9803,10341,10880,11418,11957,12496,13575,1712,1624,2296,2706,5135,5651,7222,7750,8280,8811,9344,9877,10412,10947,11482,12018,12555,13092,2165,2232,2421,3062,3466,3903,4364,4841,5331,5830,7362,7881,8403,8927,9453,9981,10510,11040,11571,12103,12636,4656,5106,5573,6052,6540,7037,7539,8047,8558,9074,9592,10112,10634,11159,11685,12212,5413,5855,6312,6782,7262,7750,8245,8745,9249,9758,10270,10785,11302,11822,5754,6172,6607,7057,7520,7992,8472,8960,9453,9951,10454,10960,11470,11982,6124,6518,6932,7362,7806,8262,8728,9202,9683,10170,10662,11159,6889,7282,7693,8558,9009,9469,9937,10412,10893,11380,7282,7655,8047,9313,10213,10676
148,17920,17202,17697,27440,27964,28488,16988,17489,19007,21570,26781,27833,28359,19343,19858,20894,21413,21934,22977,24025,24549,25075,25601,26128,28240,28769,19183,22318,22843,23369,23896,25480,26010,26539,28131,28662,13369,13874,14382,14893,15405,15920,16436,16953,17473,17993,18515,19037,22721,23250,23779,25902,26434,28032,28565,13181,13693,14208,14724,15243,15762,17329,17854,21549,22080,22611,23674,24207,25273,25806,26340,26874,27408,27943,13013,13532,14052,14574,15098,15622,17202,17731,20383,20915,21447,24116,24651,25186,25721,11302,11822,12343,12866,13391,14443,14971,15500,16030,17623,18688,20289,20823,24037,24573,28333,28871,10634,11159,11685,12212,12740,14331,14863,15396,15929,17531,18066,18601,19137,28276,28815,10510,11040,14239,14774,15310,17456,17993,2296,14704,15243,15781,1531,1952,14115,14655,15194,765,541,765,1210,11920,12461,13543,14084,1083,541,0,4872,5413,5954,6495,7037,9743,10284,10826,11367,11908,12449,12991,13532,1210,5440,5979,6518,7057,7597,9218,9758,10299,10839,11380,11920,13002,13543,1531,6585,7119,7655,8191,8728,9265,9803,10341,10880,11418,11957,13036,1952,1712,1952,2296,4625,5135,6695,7222,7750,8280,8811,9344,9877,10412,10947,11482,12018,12555,2232,2165,2232,2706,3062,3466,3903,4364,4841,5331,6847,7362,7881,8403,8927,9453,9981,10510,11040,11571,12103,4228,4656,5106,5573,6052,6540,7037,7539,8047,8558,9074,9592,10112,10634,11159,11685,4990,5413,5855,6312,6782,7262,7750,8245,8745,9249,9758,10270,10785,11302,5358,5754,6172,6607,7057,7520,7992,8472,8960,9453,9951,10454,10960,11470,5754,6124,6518,6932,7362,7806,8262,8728,9202,9683,10170,10662,6518,6889,7282,8119,8558,9009,9469,9937,10412,10893,6932,7282,7655,8878,9758,10213
149,13661,12912,13369,22766,23281,23798,12625,13092,14524,16988,22087,23123,23643,14784,15281,16283,16788,17296,18316,19343,19858,20375,20894,21413,23501,24025,14574,17631,18147,18664,19183,20746,21269,21793,23369,23896,9009,9469,9937,10412,10893,11380,11871,12367,12866,13369,13874,14382,17993,18515,19037,21138,21665,23250,23779,8728,9202,9683,10170,10662,11159,12671,13181,16806,17329,17854,18906,19433,20490,21020,21549,22080,22611,23142,8472,8960,9453,9951,10454,10960,12496,13013,15622,16148,16675,19320,19851,20383,20915,6782,7262,7750,8245,8745,9758,10270,10785,11302,12866,13916,15500,16030,19221,19755,23501,24037,6052,6540,7037,7539,8047,9592,10112,10634,11159,12740,13270,13800,14331,23432,23970,5830,6336,9453,9981,10510,12636,13170,3631,9877,10412,10947,3941,3423,9265,9803,10341,5440,4901,4364,3827,7057,7597,8677,9218,5954,5413,4872,0,541,1083,1624,2165,4872,5413,5954,6495,7037,7578,8119,8660,5979,765,1210,1712,2232,2760,4364,4901,5440,5979,6518,7057,8137,8677,6052,1952,2421,2915,3423,3941,4464,4990,5520,6052,6585,7119,8191,6172,5651,4122,3631,1712,1624,2296,2706,3156,3631,4122,4625,5135,5651,6172,6695,7222,7750,5830,5331,4841,3903,3466,3062,2706,2421,2232,2165,2706,3062,3466,3903,4364,4841,5331,5830,6336,6847,7362,3156,2915,2760,2706,2760,2915,3156,3466,3827,4228,4656,5106,5573,6052,6540,7037,3423,3292,3248,3292,3423,3631,3903,4228,4593,4990,5413,5855,6312,6782,3941,3827,3789,3827,3941,4122,4364,4656,4990,5358,5754,6172,6607,7057,4464,4364,4330,4364,4464,4625,4841,5106,5413,5754,6124,6518,4901,4872,4901,5135,5331,5573,5855,6172,6518,6889,5440,5413,5440,5830,6312,6607
150,13214,12461,12912,22252,22766,23281,12164,12625,14042,16489,21570,22605,23123,14290,14784,15781,16283,16788,17805,18828,19343,19858,20375,20894,22977,23501,14073,17117,17631,18147,18664,20224,20746,21269,22843,23369,8558,9009,9469,9937,10412,10893,11380,11871,12367,12866,13369,13874,17473,17993,18515,20611,21138,22721,23250,8262,8728,9202,9683,10170,10662,12164,12671,16283,16806,17329,18380,18906,19961,20490,21020,21549,22080,22611,7992,8472,8960,9453,9951,10454,11982,12496,15098,15622,16148,18790,19320,19851,20383,6312,6782,7262,7750,8245,9249,9758,10270,10785,12343,13391,14971,15500,18688,19221,22965,23501,5573,6052,6540,7037,7539,9074,9592,10112,10634,12212,12740,13270,13800,22894,23432,5331,5830,8927,9453,9981,12103,12636,4122,9344,9877,10412,4464,3941,8728,9265,9803,5979,5440,4901,4364,6518,7057,8137,8677,6495,5954,5413,541,0,541,1083,1624,4330,4872,5413,5954,6495,7037,7578,8119,6518,541,765,1210,1712,2232,3827,4364,4901,5440,5979,6518,7597,8137,6585,1531,1952,2421,2915,3423,3941,4464,4990,5520,6052,6585,7655,6695,6172,4625,4122,1952,1712,1952,2296,2706,3156,3631,4122,4625,5135,5651,6172,6695,7222,6336,5830,5331,4364,3903,3466,3062,2706,2421,2232,2421,2706,3062,3466,3903,4364,4841,5331,5830,6336,6847,3466,3156,2915,2760,2706,2760,2915,3156,3466,3827,4228,4656,5106,5573,6052,6540,3631,3423,3292,3248,3292,3423,3631,3903,4228,4593,4990,5413,5855,6312,4122,3941,3827,3789,3827,3941,4122,4364,4656,4990,5358,5754,6172,6607,4625,4464,4364,4330,4364,4464,4625,4841,5106,5413,5754,6124,4990,4901,4872,4990,5135,5331,5573,5855,6172,6518,5520,5440,5413,5651,6052,6312
151,12775,12018,12461,21739,22252,22766,11710,12164,13564,15993,21054,22087,22605,13800,14290,15281,15781,16283,17296,18316,18828,19343,19858,20375,22455,22977,13575,16604,17117,17631,18147,19703,20224,20746,22318,22843,8119,8558,9009,9469,9937,10412,10893,11380,11871,12367,12866,13369,16953,17473,17993,20086,20611,22192,22721,7806,8262,8728,9202,9683,10170,11660,12164,15762,16283,16806,17854,18380,19433,19961,20490,21020,21549,22080,7520,7992,8472,8960,9453,9951,11470,11982,14574,15098,15622,18260,18790,19320,19851,5855,6312,6782,7262,7750,8745,9249,9758,10270,11822,12866,14443,14971,18155,18688,22429,22965,5106,5573,6052,6540,7037,8558,9074,9592,10112,11685,12212,12740,13270,22357,22894,4841,5331,8403,8927,9453,11571,12103,4625,8811,9344,9877,4990,4464,8191,8728,9265,6518,5979,5440,4901,5979,6518,7597,8137,7037,6495,5954,1083,541,0,541,1083,3789,4330,4872,5413,5954,6495,7037,7578,7057,765,541,765,1210,1712,3292,3827,4364,4901,5440,5979,7057,7597,7119,1210,1531,1952,2421,2915,3423,3941,4464,4990,5520,6052,7119,7222,6695,5135,4625,2296,1952,1712,1952,2296,2706,3156,3631,4122,4625,5135,5651,6172,6695,6847,6336,5830,4841,4364,3903,3466,3062,2706,2421,2232,2421,2706,3062,3466,3903,4364,4841,5331,5830,6336,3827,3466,3156,2915,2760,2706,2760,2915,3156,3466,3827,4228,4656,5106,5573,6052,3903,3631,3423,3292,3248,3292,3423,3631,3903,4228,4593,4990,5413,5855,4364,4122,3941,3827,3789,3827,3941,4122,4364,4656,4990,5358,5754,6172,4841,4625,4464,4364,4330,4364,4464,4625,4841,5106,5413,5754,5135,4990,4901,4901,4990,5135,5331,5573,5855,6172,5651,5520,5440,5520,5830,6052
152,12343,11584,12018,21228,21739,22252,11263,11710,13092,15500,20540,21570,22087,13314,13800,14784,15281,15781,16788,17805,18316,18828,19343,19858,21934,22455,13081,16093,16604,17117,17631,19183,19703,20224,21793,22318,7693,8119,8558,9009,9469,9937,10412,10893,11380,11871,12367,12866,16436,16953,17473,19561,20086,21665,22192,7362,7806,8262,8728,9202,9683,11159,11660,15243,15762,16283,17329,17854,18906,19433,19961,20490,21020,21549,7057,7520,7992,8472,8960,9453,10960,11470,14052,14574,15098,17731,18260,18790,19320,5413,5855,6312,6782,7262,8245,8745,9249,9758,11302,12343,13916,14443,17623,18155,21893,22429,4656,5106,5573,6052,6540,8047,8558,9074,9592,11159,11685,12212,12740,21820,22357,4364,4841,7881,8403,8927,11040,11571,5135,8280,8811,9344,5520,4990,7655,8191,8728,7057,6518,5979,5440,5440,5979,7057,7597,7578,7037,6495,1624,1083,541,0,541,3248,3789,4330,4872,5413,5954,6495,7037,7597,1210,765,541,765,1210,2760,3292,3827,4364,4901,5440,6518,7057,7655,1083,1210,1531,1952,2421,2915,3423,3941,4464,4990,5520,6585,7750,7222,5651,5135,2706,2296,1624,1712,1952,2296,2706,3156,3631,4122,4625,5135,5651,6172,7362,6847,6336,5331,4841,4364,3903,3466,3062,2706,2165,2232,2421,2706,3062,3466,3903,4364,4841,5331,5830,4228,3827,3466,3156,2915,2760,2706,2760,2915,3156,3466,3827,4228,4656,5106,5573,4228,3903,3631,3423,3292,3248,3292,3423,3631,3903,4228,4593,4990,5413,4656,4364,4122,3941,3827,3789,3827,3941,4122,4364,4656,4990,5358,5754,5106,4841,4625,4464,4364,4330,4364,4464,4625,4841,5106,5413,5331,5135,4990,4872,4901,4990,5135,5331,5573,5855,5830,5651,5520,5440,5651,5830
153,11920,11159,11584,20718,21228,21739,10826,11263,12625,15010,20027,21054,21570,12832,13314,14290,14784,15281,16283,17296,17805,18316,18828,19343,21413,21934,12590,15585,16093,16604,17117,18664,19183,19703,21269,21793,7282,7693,8119,8558,9009,9469,9937,10412,10893,11380,11871,12367,15920,16436,16953,19037,19561,21138,21665,6932,7362,7806,8262,8728,9202,10662,11159,14724,15243,15762,16806,17329,18380,18906,19433,19961,20490,21020,6607,7057,7520,7992,8472,8960,10454,10960,13532,14052,14574,17202,17731,18260,18790,4990,5413,5855,6312,6782,7750,8245,8745,9249,10785,11822,13391,13916,17091,17623,21358,21893,4228,4656,5106,5573,6052,7539,8047,8558,9074,10634,11159,11685,12212,21283,21820,3903,4364,7362,7881,8403,10510,11040,5651,7750,8280,8811,6052,5520,7119,7655,8191,7597,7057,6518,5979,4901,5440,6518,7057,8119,7578,7037,2165,1624,1083,541,0,2706,3248,3789,4330,4872,5413,5954,6495,8137,1712,1210,765,541,765,2232,2760,3292,3827,4364,4901,5979,6518,8191,1210,1083,1210,1531,1952,2421,2915,3423,3941,4464,4990,6052,8280,7750,6172,5651,3156,2706,1712,1624,1712,1952,2296,2706,3156,3631,4122,4625,5135,5651,7881,7362,6847,5830,5331,4841,4364,3903,3466,3062,2232,2165,2232,2421,2706,3062,3466,3903,4364,4841,5331,4656,4228,3827,3466,3156,2915,2760,2706,2760,2915,3156,3466,3827,4228,4656,5106,4593,4228,3903,3631,3423,3292,3248,3292,3423,3631,3903,4228,4593,4990,4990,4656,4364,4122,3941,3827,3789,3827,3941,4122,4364,4656,4990,5358,5413,5106,4841,4625,4464,4364,4330,4364,4464,4625,4841,5106,5573,5331,5135,4901,4872,4901,4990,5135,5331,5573,6052,5830,5651,5413,5520,5651
154,9981,9218,9576,18195,18696,19198,8811,9186,10398,12625,17489,18499,19007,10510,10960,11884,12355,12832,13800,14784,15281,15781,16283,16788,18828,19343,10213,13081,13575,14073,14574,16093,16604,17117,18664,19183,5573,5855,6172,6518,6889,7282,7693,8119,8558,9009,9469,9937,13369,13874,14382,16436,16953,18515,19037,5106,5413,5754,6124,6518,6932,8262,8728,12164,12671,13181,14208,14724,15762,16283,16806,17329,17854,18380,4656,4990,5358,5754,6172,6607,7992,8472,10960,11470,11982,14574,15098,15622,16148,3423,3631,3903,4228,4593,5413,5855,6312,6782,8245,9249,10785,11302,14443,14971,18688,19221,2760,2915,3156,3466,3827,5106,5573,6052,6540,8047,8558,9074,9592,18601,19137,2232,2421,4841,5331,5830,7881,8403,8280,5135,5651,6172,8728,8191,4464,4990,5520,10299,9758,9218,8677,2232,2760,3827,4364,10826,10284,9743,4872,4330,3789,3248,2706,0,541,1083,1624,2165,2706,3248,3789,10839,4364,3827,3292,2760,2232,765,541,765,1210,1712,2232,3292,3827,10880,3423,2915,2421,1952,1531,1210,1083,1210,1531,1952,2421,3423,10947,10412,8811,8280,5651,5135,3631,3156,2706,2296,1952,1712,1624,1712,1952,2296,2706,3156,10510,9981,9453,8403,7881,7362,6847,6336,5830,5331,3903,3466,3062,2706,2421,2232,2165,2232,2421,2706,3062,7037,6540,6052,5573,5106,4656,4228,3827,3466,3156,2915,2760,2706,2760,2915,3156,6782,6312,5855,5413,4990,4593,4228,3903,3631,3423,3292,3248,3292,3423,7057,6607,6172,5754,5358,4990,4656,4364,4122,3941,3827,3789,3827,3941,7362,6932,6518,6124,5754,5413,5106,4841,4625,4464,4364,4330,7282,6889,6518,5855,5573,5331,5135,4990,4901,4872,7655,7282,6932,6052,5651,5520
155,9637,8878,9218,17697,18195,18696,8455,8811,9981,12164,16988,17993,18499,10068,10510,11418,11884,12355,13314,14290,14784,15281,15781,16283,18316,18828,9758,12590,13081,13575,14073,15585,16093,16604,18147,18664,5331,5573,5855,6172,6518,6889,7282,7693,8119,8558,9009,9469,12866,13369,13874,15920,16436,17993,18515,4841,5106,5413,5754,6124,6518,7806,8262,11660,12164,12671,13693,14208,15243,15762,16283,16806,17329,17854,4364,4656,4990,5358,5754,6172,7520,7992,10454,10960,11470,14052,14574,15098,15622,3292,3423,3631,3903,4228,4990,5413,5855,6312,7750,8745,10270,10785,13916,14443,18155,18688,2706,2760,2915,3156,3466,4656,5106,5573,6052,7539,8047,8558,9074,18066,18601,2165,2232,4364,4841,5331,7362,7881,8811,4625,5135,5651,9265,8728,3941,4464,4990,10839,10299,9758,9218,1712,2232,3292,3827,11367,10826,10284,5413,4872,4330,3789,3248,541,0,541,1083,1624,2165,2706,3248,11380,4901,4364,3827,3292,2760,1210,765,541,765,1210,1712,2760,3292,11418,3941,3423,2915,2421,1952,1531,1210,1083,1210,1531,1952,2915,11482,10947,9344,8811,6172,5651,4122,3631,3156,2706,2296,1952,1712,1624,1712,1952,2296,2706,11040,10510,9981,8927,8403,7881,7362,6847,6336,5830,4364,3903,3466,3062,2706,2421,2232,2165,2232,2421,2706,7539,7037,6540,6052,5573,5106,4656,4228,3827,3466,3156,2915,2760,2706,2760,2915,7262,6782,6312,5855,5413,4990,4593,4228,3903,3631,3423,3292,3248,3292,7520,7057,6607,6172,5754,5358,4990,4656,4364,4122,3941,3827,3789,3827,7806,7362,6932,6518,6124,5754,5413,5106,4841,4625,4464,4364,7693,7282,6889,6172,5855,5573,5331,5135,4990,4901,8047,7655,7282,6312,5830,5651
156,9313,8558,8878,17202,17697,18195,8119,8455,9576,11710,16489,17489,17993,9637,10068,10960,11418,11884,12832,13800,14290,14784,15281,15781,17805,18316,9313,12103,12590,13081,13575,15078,15585,16093,17631,18147,5135,5331,5573,5855,6172,6518,6889,7282,7693,8119,8558,9009,12367,12866,13369,15405,15920,17473,17993,4625,4841,5106,5413,5754,6124,7362,7806,11159,11660,12164,13181,13693,14724,15243,15762,16283,16806,17329,4122,4364,4656,4990,5358,5754,7057,7520,9951,10454,10960,13532,14052,14574,15098,3248,3292,3423,3631,3903,4593,4990,5413,5855,7262,8245,9758,10270,13391,13916,17623,18155,2760,2706,2760,2915,3156,4228,4656,5106,5573,7037,7539,8047,8558,17531,18066,2232,2165,3903,4364,4841,6847,7362,9344,4122,4625,5135,9803,9265,3423,3941,4464,11380,10839,10299,9758,1210,1712,2760,3292,11908,11367,10826,5954,5413,4872,4330,3789,1083,541,0,541,1083,1624,2165,2706,11920,5440,4901,4364,3827,3292,1712,1210,765,541,765,1210,2232,2760,11957,4464,3941,3423,2915,2421,1952,1531,1210,1083,1210,1531,2421,12018,11482,9877,9344,6695,6172,4625,4122,3631,3156,2706,2296,1952,1712,1624,1712,1952,2296,11571,11040,10510,9453,8927,8403,7881,7362,6847,6336,4841,4364,3903,3466,3062,2706,2421,2232,2165,2232,2421,8047,7539,7037,6540,6052,5573,5106,4656,4228,3827,3466,3156,2915,2760,2706,2760,7750,7262,6782,6312,5855,5413,4990,4593,4228,3903,3631,3423,3292,3248,7992,7520,7057,6607,6172,5754,5358,4990,4656,4364,4122,3941,3827,3789,8262,7806,7362,6932,6518,6124,5754,5413,5106,4841,4625,4464,8119,7693,7282,6518,6172,5855,5573,5331,5135,4990,8455,8047,7655,6607,6052,5830
157,9009,8262,8558,16710,17202,17697,7806,8119,9186,11263,15993,16988,17489,9218,9637,10510,10960,11418,12355,13314,13800,14290,14784,15281,17296,17805,8878,11622,12103,12590,13081,14574,15078,15585,17117,17631,4990,5135,5331,5573,5855,6172,6518,6889,7282,7693,8119,8558,11871,12367,12866,14893,15405,16953,17473,4464,4625,4841,5106,5413,5754,6932,7362,10662,11159,11660,12671,13181,14208,14724,15243,15762,16283,16806,3941,4122,4364,4656,4990,5358,6607,7057,9453,9951,10454,13013,13532,14052,14574,3292,3248,3292,3423,3631,4228,4593,4990,5413,6782,7750,9249,9758,12866,13391,17091,17623,2915,2760,2706,2760,2915,3827,4228,4656,5106,6540,7037,7539,8047,16997,17531,2421,2232,3466,3903,4364,6336,6847,9877,3631,4122,4625,10341,9803,2915,3423,3941,11920,11380,10839,10299,765,1210,2232,2760,12449,11908,11367,6495,5954,5413,4872,4330,1624,1083,541,0,541,1083,1624,2165,12461,5979,5440,4901,4364,3827,2232,1712,1210,765,541,765,1712,2232,12496,4990,4464,3941,3423,2915,2421,1952,1531,1210,1083,1210,1952,12555,12018,10412,9877,7222,6695,5135,4625,4122,3631,3156,2706,2296,1952,1712,1624,1712,1952,12103,11571,11040,9981,9453,8927,8403,7881,7362,6847,5331,4841,4364,3903,3466,3062,2706,2421,2232,2165,2232,8558,8047,7539,7037,6540,6052,5573,5106,4656,4228,3827,3466,3156,2915,2760,2706,8245,7750,7262,6782,6312,5855,5413,4990,4593,4228,3903,3631,3423,3292,8472,7992,7520,7057,6607,6172,5754,5358,4990,4656,4364,4122,3941,3827,8728,8262,7806,7362,6932,6518,6124,5754,5413,5106,4841,4625,8558,8119,7693,6889,6518,6172,5855,5573,5331,5135,8878,8455,8047,6932,6312,6052
158,8728,7992,8262,16220,16710,17202,7520,7806,8811,10826,15500,16489,16988,8811,9218,10068,10510,10960,11884,12832,13314,13800,14290,14784,16788,17296,8455,11146,11622,12103,12590,14073,14574,15078,16604,17117,4901,4990,5135,5331,5573,5855,6172,6518,6889,7282,7693,8119,11380,11871,12367,14382,14893,16436,16953,4364,4464,4625,4841,5106,5413,6518,6932,10170,10662,11159,12164,12671,13693,14208,14724,15243,15762,16283,3827,3941,4122,4364,4656,4990,6172,6607,8960,9453,9951,12496,13013,13532,14052,3423,3292,3248,3292,3423,3903,4228,4593,4990,6312,7262,8745,9249,12343,12866,16560,17091,3156,2915,2760,2706,2760,3466,3827,4228,4656,6052,6540,7037,7539,16462,16997,2706,2421,3062,3466,3903,5830,6336,10412,3156,3631,4122,10880,10341,2421,2915,3423,12461,11920,11380,10839,541,765,1712,2232,12991,12449,11908,7037,6495,5954,5413,4872,2165,1624,1083,541,0,541,1083,1624,13002,6518,5979,5440,4901,4364,2760,2232,1712,1210,765,541,1210,1712,13036,5520,4990,4464,3941,3423,2915,2421,1952,1531,1210,1083,1531,13092,12555,10947,10412,7750,7222,5651,5135,4625,4122,3631,3156,2706,2296,1952,1712,1624,1712,12636,12103,11571,10510,9981,9453,8927,8403,7881,7362,5830,5331,4841,4364,3903,3466,3062,2706,2421,2232,2165,9074,8558,8047,7539,7037,6540,6052,5573,5106,4656,4228,3827,3466,3156,2915,2760,8745,8245,7750,7262,6782,6312,5855,5413,4990,4593,4228,3903,3631,3423,8960,8472,7992,7520,7057,6607,6172,5754,5358,4990,4656,4364,4122,3941,9202,8728,8262,7806,7362,6932,6518,6124,5754,5413,5106,4841,9009,8558,8119,7282,6889,6518,6172,5855,5573,5331,9313,8878,8455,7282,6607,6312
159,8472,7750,7992,15734,16220,16710,7262,7520,8455,10398,15010,15993,16489,8420,8811,9637,10068,10510,11418,12355,12832,13314,13800,14290,16283,16788,8047,10676,11146,11622,12103,13575,14073,14574,16093,16604,4872,4901,4990,5135,5331,5573,5855,6172,6518,6889,7282,7693,10893,11380,11871,13874,14382,15920,16436,4330,4364,4464,4625,4841,5106,6124,6518,9683,10170,10662,11660,12164,13181,13693,14208,14724,15243,15762,3789,3827,3941,4122,4364,4656,5754,6172,8472,8960,9453,11982,12496,13013,13532,3631,3423,3292,3248,3292,3631,3903,4228,4593,5855,6782,8245,8745,11822,12343,16030,16560,3466,3156,2915,2760,2706,3156,3466,3827,4228,5573,6052,6540,7037,15929,16462,3062,2706,2706,3062,3466,5331,5830,10947,2706,3156,3631,11418,10880,1952,2421,2915,13002,12461,11920,11380,765,541,1210,1712,13532,12991,12449,7578,7037,6495,5954,5413,2706,2165,1624,1083,541,0,541,1083,13543,7057,6518,5979,5440,4901,3292,2760,2232,1712,1210,765,765,1210,13575,6052,5520,4990,4464,3941,3423,2915,2421,1952,1531,1210,1210,13629,13092,11482,10947,8280,7750,6172,5651,5135,4625,4122,3631,3156,2706,2296,1952,1712,1624,13170,12636,12103,11040,10510,9981,9453,8927,8403,7881,6336,5830,5331,4841,4364,3903,3466,3062,2706,2421,2232,9592,9074,8558,8047,7539,7037,6540,6052,5573,5106,4656,4228,3827,3466,3156,2915,9249,8745,8245,7750,7262,6782,6312,5855,5413,4990,4593,4228,3903,3631,9453,8960,8472,7992,7520,7057,6607,6172,5754,5358,4990,4656,4364,4122,9683,9202,8728,8262,7806,7362,6932,6518,6124,5754,5413,5106,9469,9009,8558,7693,7282,6889,6518,6172,5855,5573,9758,9313,8878,7655,6932,6607
160,8245,7539,7750,15252,15734,16220,7037,7262,8119,9981,14524,15500,15993,8047,8420,9218,9637,10068,10960,11884,12355,12832,13314,13800,15781,16283,7655,10213,10676,11146,11622,13081,13575,14073,15585,16093,4901,4872,4901,4990,5135,5331,5573,5855,6172,6518,6889,7282,10412,10893,11380,13369,13874,15405,15920,4364,4330,4364,4464,4625,4841,5754,6124,9202,9683,10170,11159,11660,12671,13181,13693,14208,14724,15243,3827,3789,3827,3941,4122,4364,5358,5754,7992,8472,8960,11470,11982,12496,13013,3903,3631,3423,3292,3248,3423,3631,3903,4228,5413,6312,7750,8245,11302,11822,15500,16030,3827,3466,3156,2915,2760,2915,3156,3466,3827,5106,5573,6052,6540,15396,15929,3466,3062,2421,2706,3062,4841,5331,11482,2296,2706,3156,11957,11418,1531,1952,2421,13543,13002,12461,11920,1210,765,765,1210,14073,13532,12991,8119,7578,7037,6495,5954,3248,2706,2165,1624,1083,541,0,541,14084,7597,7057,6518,5979,5440,3827,3292,2760,2232,1712,1210,541,765,14115,6585,6052,5520,4990,4464,3941,3423,2915,2421,1952,1531,1083,14167,13629,12018,11482,8811,8280,6695,6172,5651,5135,4625,4122,3631,3156,2706,2296,1952,1712,13704,13170,12636,11571,11040,10510,9981,9453,8927,8403,6847,6336,5830,5331,4841,4364,3903,3466,3062,2706,2421,10112,9592,9074,8558,8047,7539,7037,6540,6052,5573,5106,4656,4228,3827,3466,3156,9758,9249,8745,8245,7750,7262,6782,6312,5855,5413,4990,4593,4228,3903,9951,9453,8960,8472,7992,7520,7057,6607,6172,5754,5358,4990,4656,4364,10170,9683,9202,8728,8262,7806,7362,6932,6518,6124,5754,5413,9937,9469,9009,8119,7693,7282,6889,6518,6172,5855,10213,9758,9313,8047,7282,6932
161,8047,7362,7539,14774,15252,15734,6847,7037,7806,9576,14042,15010,15500,7693,8047,8811,9218,9637,10510,11418,11884,12355,12832,13314,15281,15781,7282,9758,10213,10676,11146,12590,13081,13575,15078,15585,4990,4901,4872,4901,4990,5135,5331,5573,5855,6172,6518,6889,9937,10412,10893,12866,13369,14893,15405,4464,4364,4330,4364,4464,4625,5413,5754,8728,9202,9683,10662,11159,12164,12671,13181,13693,14208,14724,3941,3827,3789,3827,3941,4122,4990,5358,7520,7992,8472,10960,11470,11982,12496,4228,3903,3631,3423,3292,3292,3423,3631,3903,4990,5855,7262,7750,10785,11302,14971,15500,4228,3827,3466,3156,2915,2760,2915,3156,3466,4656,5106,5573,6052,14863,15396,3903,3466,2232,2421,2706,4364,4841,12018,1952,2296,2706,12496,11957,1210,1531,1952,14084,13543,13002,12461,1712,1210,541,765,14615,14073,13532,8660,8119,7578,7037,6495,3789,3248,2706,2165,1624,1083,541,0,14625,8137,7597,7057,6518,5979,4364,3827,3292,2760,2232,1712,765,541,14655,7119,6585,6052,5520,4990,4464,3941,3423,2915,2421,1952,1210,14704,14167,12555,12018,9344,8811,7222,6695,6172,5651,5135,4625,4122,3631,3156,2706,2296,1952,14239,13704,13170,12103,11571,11040,10510,9981,9453,8927,7362,6847,6336,5830,5331,4841,4364,3903,3466,3062,2706,10634,10112,9592,9074,8558,8047,7539,7037,6540,6052,5573,5106,4656,4228,3827,3466,10270,9758,9249,8745,8245,7750,7262,6782,6312,5855,5413,4990,4593,4228,10454,9951,9453,8960,8472,7992,7520,7057,6607,6172,5754,5358,4990,4656,10662,10170,9683,9202,8728,8262,7806,7362,6932,6518,6124,5754,10412,9937,9469,8558,8119,7693,7282,6889,6518,6172,10676,10213,9758,8455,7655,7282
162,19129,18411,18906,28627,29149,29672,18195,18696,20209,22766,27964,29013,29538,20540,21054,22087,22605,23123,24164,25209,25732,26256,26781,27306,29414,29942,20375,23501,24025,24549,25075,26655,27183,27711,29299,29829,14574,15078,15585,16093,16604,17117,17631,18147,18664,19183,19703,20224,23896,24424,24952,27069,27600,29194,29726,14382,14893,15405,15920,16436,16953,18515,19037,22721,23250,23779,24840,25371,26434,26966,27499,28032,28565,29099,14208,14724,15243,15762,16283,16806,18380,18906,21549,22080,22611,25273,25806,26340,26874,12496,13013,13532,14052,14574,15622,16148,16675,17202,18790,19851,21447,21980,25186,25721,29474,30011,11822,12343,12866,13391,13916,15500,16030,16560,17091,18688,19221,19755,20289,29409,29947,11685,12212,15396,15929,16462,18601,19137,3466,15846,16382,16919,2706,3156,15243,15781,16319,1210,1531,1952,2421,13036,13575,14655,15194,541,765,1210,5979,6518,7057,7597,8137,10839,11380,11920,12461,13002,13543,14084,14625,0,6495,7037,7578,8119,8660,10284,10826,11367,11908,12449,12991,14073,14615,541,7597,8137,8677,9218,9758,10299,10839,11380,11920,12461,13002,14084,1083,1210,2421,2915,5520,6052,7655,8191,8728,9265,9803,10341,10880,11418,11957,12496,13036,13575,1712,1952,2296,3156,3631,4122,4625,5135,5651,6172,7750,8280,8811,9344,9877,10412,10947,11482,12018,12555,13092,4841,5331,5830,6336,6847,7362,7881,8403,8927,9453,9981,10510,11040,11571,12103,12636,5573,6052,6540,7037,7539,8047,8558,9074,9592,10112,10634,11159,11685,12212,5855,6312,6782,7262,7750,8245,8745,9249,9758,10270,10785,11302,11822,12343,6172,6607,7057,7520,7992,8472,8960,9453,9951,10454,10960,11470,6932,7362,7806,8728,9202,9683,10170,10662,11159,11660,7282,7693,8119,9469,10412,10893
163,13532,12775,13214,22429,22939,23451,12461,12912,14300,16710,21739,22766,23281,14524,15010,15993,16489,16988,17993,19007,19516,20027,20540,21054,23123,23643,14290,17296,17805,18316,18828,20375,20894,21413,22977,23501,8878,9313,9758,10213,10676,11146,11622,12103,12590,13081,13575,14073,17631,18147,18664,20746,21269,22843,23369,8558,9009,9469,9937,10412,10893,12367,12866,16436,16953,17473,18515,19037,20086,20611,21138,21665,22192,22721,8262,8728,9202,9683,10170,10662,12164,12671,15243,15762,16283,18906,19433,19961,20490,6607,7057,7520,7992,8472,9453,9951,10454,10960,12496,13532,15098,15622,18790,19320,23047,23581,5855,6312,6782,7262,7750,9249,9758,10270,10785,12343,12866,13391,13916,22965,23501,5573,6052,9074,9592,10112,12212,12740,4364,9453,9981,10510,4625,4122,8811,9344,9877,6052,5520,4990,4464,6585,7119,8191,8728,6518,5979,5440,765,541,765,1210,1712,4364,4901,5440,5979,6518,7057,7597,8137,6495,0,541,1083,1624,2165,3789,4330,4872,5413,5954,6495,7578,8119,6518,1210,1712,2232,2760,3292,3827,4364,4901,5440,5979,6518,7597,6585,6052,4464,3941,1531,1210,1531,1952,2421,2915,3423,3941,4464,4990,5520,6052,6585,7119,6172,5651,5135,4122,3631,3156,2706,2296,1952,1712,1952,2296,2706,3156,3631,4122,4625,5135,5651,6172,6695,3062,2706,2421,2232,2165,2232,2421,2706,3062,3466,3903,4364,4841,5331,5830,6336,3156,2915,2760,2706,2760,2915,3156,3466,3827,4228,4656,5106,5573,6052,3631,3423,3292,3248,3292,3423,3631,3903,4228,4593,4990,5413,5855,6312,4122,3941,3827,3789,3827,3941,4122,4364,4656,4990,5358,5754,4464,4364,4330,4464,4625,4841,5106,5413,5754,6124,4990,4901,4872,5135,5573,5855
164,13103,12343,12775,21920,22429,22939,12018,12461,13832,16220,21228,22252,22766,14042,14524,15500,15993,16489,17489,18499,19007,19516,20027,20540,22605,23123,13800,16788,17296,17805,18316,19858,20375,20894,22455,22977,8455,8878,9313,9758,10213,10676,11146,11622,12103,12590,13081,13575,17117,17631,18147,20224,20746,22318,22843,8119,8558,9009,9469,9937,10412,11871,12367,15920,16436,16953,17993,18515,19561,20086,20611,21138,21665,22192,7806,8262,8728,9202,9683,10170,11660,12164,14724,15243,15762,18380,18906,19433,19961,6172,6607,7057,7520,7992,8960,9453,9951,10454,11982,13013,14574,15098,18260,18790,22514,23047,5413,5855,6312,6782,7262,8745,9249,9758,10270,11822,12343,12866,13391,22429,22965,5106,5573,8558,9074,9592,11685,12212,4841,8927,9453,9981,5135,4625,8280,8811,9344,6585,6052,5520,4990,6052,6585,7655,8191,7057,6518,5979,1210,765,541,765,1210,3827,4364,4901,5440,5979,6518,7057,7597,7037,541,0,541,1083,1624,3248,3789,4330,4872,5413,5954,7037,7578,7057,765,1210,1712,2232,2760,3292,3827,4364,4901,5440,5979,7057,7119,6585,4990,4464,1952,1531,1210,1531,1952,2421,2915,3423,3941,4464,4990,5520,6052,6585,6695,6172,5651,4625,4122,3631,3156,2706,2296,1952,1712,1952,2296,2706,3156,3631,4122,4625,5135,5651,6172,3466,3062,2706,2421,2232,2165,2232,2421,2706,3062,3466,3903,4364,4841,5331,5830,3466,3156,2915,2760,2706,2760,2915,3156,3466,3827,4228,4656,5106,5573,3903,3631,3423,3292,3248,3292,3423,3631,3903,4228,4593,4990,5413,5855,4364,4122,3941,3827,3789,3827,3941,4122,4364,4656,4990,5358,4625,4464,4364,4364,4464,4625,4841,5106,5413,5754,5135,4990,4901,4990,5331,5573
165,12683,11920,12343,21413,21920,22429,11584,12018,13369,15734,20718,21739,22252,13564,14042,15010,15500,15993,16988,17993,18499,19007,19516,20027,22087,22605,13314,16283,16788,17296,17805,19343,19858,20375,21934,22455,8047,8455,8878,9313,9758,10213,10676,11146,11622,12103,12590,13081,16604,17117,17631,19703,20224,21793,22318,7693,8119,8558,9009,9469,9937,11380,11871,15405,15920,16436,17473,17993,19037,19561,20086,20611,21138,21665,7362,7806,8262,8728,9202,9683,11159,11660,14208,14724,15243,17854,18380,18906,19433,5754,6172,6607,7057,7520,8472,8960,9453,9951,11470,12496,14052,14574,17731,18260,21980,22514,4990,5413,5855,6312,6782,8245,8745,9249,9758,11302,11822,12343,12866,21893,22429,4656,5106,8047,8558,9074,11159,11685,5331,8403,8927,9453,5651,5135,7750,8280,8811,7119,6585,6052,5520,5520,6052,7119,7655,7597,7057,6518,1712,1210,765,541,765,3292,3827,4364,4901,5440,5979,6518,7057,7578,1083,541,0,541,1083,2706,3248,3789,4330,4872,5413,6495,7037,7597,541,765,1210,1712,2232,2760,3292,3827,4364,4901,5440,6518,7655,7119,5520,4990,2421,1952,1083,1210,1531,1952,2421,2915,3423,3941,4464,4990,5520,6052,7222,6695,6172,5135,4625,4122,3631,3156,2706,2296,1624,1712,1952,2296,2706,3156,3631,4122,4625,5135,5651,3903,3466,3062,2706,2421,2232,2165,2232,2421,2706,3062,3466,3903,4364,4841,5331,3827,3466,3156,2915,2760,2706,2760,2915,3156,3466,3827,4228,4656,5106,4228,3903,3631,3423,3292,3248,3292,3423,3631,3903,4228,4593,4990,5413,4656,4364,4122,3941,3827,3789,3827,3941,4122,4364,4656,4990,4841,4625,4464,4330,4364,4464,4625,4841,5106,5413,5331,5135,4990,4901,5135,5331
166,12272,11508,11920,20908,21413,21920,11159,11584,12912,15252,20209,21228,21739,13092,13564,14524,15010,15500,16489,17489,17993,18499,19007,19516,21570,22087,12832,15781,16283,16788,17296,18828,19343,19858,21413,21934,7655,8047,8455,8878,9313,9758,10213,10676,11146,11622,12103,12590,16093,16604,17117,19183,19703,21269,21793,7282,7693,8119,8558,9009,9469,10893,11380,14893,15405,15920,16953,17473,18515,19037,19561,20086,20611,21138,6932,7362,7806,8262,8728,9202,10662,11159,13693,14208,14724,17329,17854,18380,18906,5358,5754,6172,6607,7057,7992,8472,8960,9453,10960,11982,13532,14052,17202,17731,21447,21980,4593,4990,5413,5855,6312,7750,8245,8745,9249,10785,11302,11822,12343,21358,21893,4228,4656,7539,8047,8558,10634,11159,5830,7881,8403,8927,6172,5651,7222,7750,8280,7655,7119,6585,6052,4990,5520,6585,7119,8137,7597,7057,2232,1712,1210,765,541,2760,3292,3827,4364,4901,5440,5979,6518,8119,1624,1083,541,0,541,2165,2706,3248,3789,4330,4872,5954,6495,8137,765,541,765,1210,1712,2232,2760,3292,3827,4364,4901,5979,8191,7655,6052,5520,2915,2421,1210,1083,1210,1531,1952,2421,2915,3423,3941,4464,4990,5520,7750,7222,6695,5651,5135,4625,4122,3631,3156,2706,1712,1624,1712,1952,2296,2706,3156,3631,4122,4625,5135,4364,3903,3466,3062,2706,2421,2232,2165,2232,2421,2706,3062,3466,3903,4364,4841,4228,3827,3466,3156,2915,2760,2706,2760,2915,3156,3466,3827,4228,4656,4593,4228,3903,3631,3423,3292,3248,3292,3423,3631,3903,4228,4593,4990,4990,4656,4364,4122,3941,3827,3789,3827,3941,4122,4364,4656,5106,4841,4625,4364,4330,4364,4464,4625,4841,5106,5573,5331,5135,4872,4990,5135
167,11871,11106,11508,20404,20908,21413,10744,11159,12461,14774,19703,20718,21228,12625,13092,14042,14524,15010,15993,16988,17489,17993,18499,19007,21054,21570,12355,15281,15781,16283,16788,18316,18828,19343,20894,21413,7282,7655,8047,8455,8878,9313,9758,10213,10676,11146,11622,12103,15585,16093,16604,18664,19183,20746,21269,6889,7282,7693,8119,8558,9009,10412,10893,14382,14893,15405,16436,16953,17993,18515,19037,19561,20086,20611,6518,6932,7362,7806,8262,8728,10170,10662,13181,13693,14208,16806,17329,17854,18380,4990,5358,5754,6172,6607,7520,7992,8472,8960,10454,11470,13013,13532,16675,17202,20915,21447,4228,4593,4990,5413,5855,7262,7750,8245,8745,10270,10785,11302,11822,20823,21358,3827,4228,7037,7539,8047,10112,10634,6336,7362,7881,8403,6695,6172,6695,7222,7750,8191,7655,7119,6585,4464,4990,6052,6585,8677,8137,7597,2760,2232,1712,1210,765,2232,2760,3292,3827,4364,4901,5440,5979,8660,2165,1624,1083,541,0,1624,2165,2706,3248,3789,4330,5413,5954,8677,1210,765,541,765,1210,1712,2232,2760,3292,3827,4364,5440,8728,8191,6585,6052,3423,2915,1531,1210,1083,1210,1531,1952,2421,2915,3423,3941,4464,4990,8280,7750,7222,6172,5651,5135,4625,4122,3631,3156,1952,1712,1624,1712,1952,2296,2706,3156,3631,4122,4625,4841,4364,3903,3466,3062,2706,2421,2232,2165,2232,2421,2706,3062,3466,3903,4364,4656,4228,3827,3466,3156,2915,2760,2706,2760,2915,3156,3466,3827,4228,4990,4593,4228,3903,3631,3423,3292,3248,3292,3423,3631,3903,4228,4593,5358,4990,4656,4364,4122,3941,3827,3789,3827,3941,4122,4364,5413,5106,4841,4464,4364,4330,4364,4464,4625,4841,5855,5573,5331,4901,4901,4990
168,10744,9981,10341,18906,19403,19903,9576,9951,11159,13369,18195,19198,19703,11263,11710,12625,13092,13564,14524,15500,15993,16489,16988,17489,19516,20027,10960,13800,14290,14784,15281,16788,17296,17805,19343,19858,6312,6607,6932,7282,7655,8047,8455,8878,9313,9758,10213,10676,14073,14574,15078,17117,17631,19183,19703,5855,6172,6518,6889,7282,7693,9009,9469,12866,13369,13874,14893,15405,16436,16953,17473,17993,18515,19037,5413,5754,6124,6518,6932,7362,8728,9202,11660,12164,12671,15243,15762,16283,16806,4122,4364,4656,4990,5358,6172,6607,7057,7520,8960,9951,11470,11982,15098,15622,19320,19851,3423,3631,3903,4228,4593,5855,6312,6782,7262,8745,9249,9758,10270,19221,19755,2915,3156,5573,6052,6540,8558,9074,7881,5830,6336,6847,8280,7750,5135,5651,6172,9803,9265,8728,8191,2915,3423,4464,4990,10299,9758,9218,4364,3827,3292,2760,2232,765,1210,1712,2232,2760,3292,3827,4364,10284,3789,3248,2706,2165,1624,0,541,1083,1624,2165,2706,3789,4330,10299,2760,2232,1712,1210,765,541,765,1210,1712,2232,2760,3827,10341,9803,8191,7655,4990,4464,2915,2421,1952,1531,1210,1083,1210,1531,1952,2421,2915,3423,9877,9344,8811,7750,7222,6695,6172,5651,5135,4625,3156,2706,2296,1952,1712,1624,1712,1952,2296,2706,3156,6336,5830,5331,4841,4364,3903,3466,3062,2706,2421,2232,2165,2232,2421,2706,3062,6052,5573,5106,4656,4228,3827,3466,3156,2915,2760,2706,2760,2915,3156,6312,5855,5413,4990,4593,4228,3903,3631,3423,3292,3248,3292,3423,3631,6607,6172,5754,5358,4990,4656,4364,4122,3941,3827,3789,3827,6518,6124,5754,5106,4841,4625,4464,4364,4330,4364,6889,6518,6172,5331,4990,4901
169,10398,9637,9981,18411,18906,19403,9218,9576,10744,12912,17697,18696,19198,10826,11263,12164,12625,13092,14042,15010,15500,15993,16489,16988,19007,19516,10510,13314,13800,14290,14784,16283,16788,17296,18828,19343,6052,6312,6607,6932,7282,7655,8047,8455,8878,9313,9758,10213,13575,14073,14574,16604,17117,18664,19183,5573,5855,6172,6518,6889,7282,8558,9009,12367,12866,13369,14382,14893,15920,16436,16953,17473,17993,18515,5106,5413,5754,6124,6518,6932,8262,8728,11159,11660,12164,14724,15243,15762,16283,3941,4122,4364,4656,4990,5754,6172,6607,7057,8472,9453,10960,11470,14574,15098,18790,19320,3292,3423,3631,3903,4228,5413,5855,6312,6782,8245,8745,9249,9758,18688,19221,2760,2915,5106,5573,6052,8047,8558,8403,5331,5830,6336,8811,8280,4625,5135,5651,10341,9803,9265,8728,2421,2915,3941,4464,10839,10299,9758,4901,4364,3827,3292,2760,541,765,1210,1712,2232,2760,3292,3827,10826,4330,3789,3248,2706,2165,541,0,541,1083,1624,2165,3248,3789,10839,3292,2760,2232,1712,1210,765,541,765,1210,1712,2232,3292,10880,10341,8728,8191,5520,4990,3423,2915,2421,1952,1531,1210,1083,1210,1531,1952,2421,2915,10412,9877,9344,8280,7750,7222,6695,6172,5651,5135,3631,3156,2706,2296,1952,1712,1624,1712,1952,2296,2706,6847,6336,5830,5331,4841,4364,3903,3466,3062,2706,2421,2232,2165,2232,2421,2706,6540,6052,5573,5106,4656,4228,3827,3466,3156,2915,2760,2706,2760,2915,6782,6312,5855,5413,4990,4593,4228,3903,3631,3423,3292,3248,3292,3423,7057,6607,6172,5754,5358,4990,4656,4364,4122,3941,3827,3789,6932,6518,6124,5413,5106,4841,4625,4464,4364,4330,7282,6889,6518,5573,5135,4990
170,10068,9313,9637,17920,18411,18906,8878,9218,10341,12461,17202,18195,18696,10398,10826,11710,12164,12625,13564,14524,15010,15500,15993,16489,18499,19007,10068,12832,13314,13800,14290,15781,16283,16788,18316,18828,5830,6052,6312,6607,6932,7282,7655,8047,8455,8878,9313,9758,13081,13575,14073,16093,16604,18147,18664,5331,5573,5855,6172,6518,6889,8119,8558,11871,12367,12866,13874,14382,15405,15920,16436,16953,17473,17993,4841,5106,5413,5754,6124,6518,7806,8262,10662,11159,11660,14208,14724,15243,15762,3827,3941,4122,4364,4656,5358,5754,6172,6607,7992,8960,10454,10960,14052,14574,18260,18790,3248,3292,3423,3631,3903,4990,5413,5855,6312,7750,8245,8745,9249,18155,18688,2706,2760,4656,5106,5573,7539,8047,8927,4841,5331,5830,9344,8811,4122,4625,5135,10880,10341,9803,9265,1952,2421,3423,3941,11380,10839,10299,5440,4901,4364,3827,3292,765,541,765,1210,1712,2232,2760,3292,11367,4872,4330,3789,3248,2706,1083,541,0,541,1083,1624,2706,3248,11380,3827,3292,2760,2232,1712,1210,765,541,765,1210,1712,2760,11418,10880,9265,8728,6052,5520,3941,3423,2915,2421,1952,1531,1210,1083,1210,1531,1952,2421,10947,10412,9877,8811,8280,7750,7222,6695,6172,5651,4122,3631,3156,2706,2296,1952,1712,1624,1712,1952,2296,7362,6847,6336,5830,5331,4841,4364,3903,3466,3062,2706,2421,2232,2165,2232,2421,7037,6540,6052,5573,5106,4656,4228,3827,3466,3156,2915,2760,2706,2760,7262,6782,6312,5855,5413,4990,4593,4228,3903,3631,3423,3292,3248,3292,7520,7057,6607,6172,5754,5358,4990,4656,4364,4122,3941,3827,7362,6932,6518,5754,5413,5106,4841,4625,4464,4364,7693,7282,6889,5855,5331,5135
171,9758,9009,9313,17431,17920,18411,8558,8878,9951,12018,16710,17697,18195,9981,10398,11263,11710,12164,13092,14042,14524,15010,15500,15993,17993,18499,9637,12355,12832,13314,13800,15281,15781,16283,17805,18316,5651,5830,6052,6312,6607,6932,7282,7655,8047,8455,8878,9313,12590,13081,13575,15585,16093,17631,18147,5135,5331,5573,5855,6172,6518,7693,8119,11380,11871,12367,13369,13874,14893,15405,15920,16436,16953,17473,4625,4841,5106,5413,5754,6124,7362,7806,10170,10662,11159,13693,14208,14724,15243,3789,3827,3941,4122,4364,4990,5358,5754,6172,7520,8472,9951,10454,13532,14052,17731,18260,3292,3248,3292,3423,3631,4593,4990,5413,5855,7262,7750,8245,8745,17623,18155,2760,2706,4228,4656,5106,7037,7539,9453,4364,4841,5331,9877,9344,3631,4122,4625,11418,10880,10341,9803,1531,1952,2915,3423,11920,11380,10839,5979,5440,4901,4364,3827,1210,765,541,765,1210,1712,2232,2760,11908,5413,4872,4330,3789,3248,1624,1083,541,0,541,1083,2165,2706,11920,4364,3827,3292,2760,2232,1712,1210,765,541,765,1210,2232,11957,11418,9803,9265,6585,6052,4464,3941,3423,2915,2421,1952,1531,1210,1083,1210,1531,1952,11482,10947,10412,9344,8811,8280,7750,7222,6695,6172,4625,4122,3631,3156,2706,2296,1952,1712,1624,1712,1952,7881,7362,6847,6336,5830,5331,4841,4364,3903,3466,3062,2706,2421,2232,2165,2232,7539,7037,6540,6052,5573,5106,4656,4228,3827,3466,3156,2915,2760,2706,7750,7262,6782,6312,5855,5413,4990,4593,4228,3903,3631,3423,3292,3248,7992,7520,7057,6607,6172,5754,5358,4990,4656,4364,4122,3941,7806,7362,6932,6124,5754,5413,5106,4841,4625,4464,8119,7693,7282,6172,5573,5331
172,9469,8728,9009,16945,17431,17920,8262,8558,9576,11584,16220,17202,17697,9576,9981,10826,11263,11710,12625,13564,14042,14524,15010,15500,17489,17993,9218,11884,12355,12832,13314,14784,15281,15781,17296,17805,5520,5651,5830,6052,6312,6607,6932,7282,7655,8047,8455,8878,12103,12590,13081,15078,15585,17117,17631,4990,5135,5331,5573,5855,6172,7282,7693,10893,11380,11871,12866,13369,14382,14893,15405,15920,16436,16953,4464,4625,4841,5106,5413,5754,6932,7362,9683,10170,10662,13181,13693,14208,14724,3827,3789,3827,3941,4122,4656,4990,5358,5754,7057,7992,9453,9951,13013,13532,17202,17731,3423,3292,3248,3292,3423,4228,4593,4990,5413,6782,7262,7750,8245,17091,17623,2915,2760,3827,4228,4656,6540,7037,9981,3903,4364,4841,10412,9877,3156,3631,4122,11957,11418,10880,10341,1210,1531,2421,2915,12461,11920,11380,6518,5979,5440,4901,4364,1712,1210,765,541,765,1210,1712,2232,12449,5954,5413,4872,4330,3789,2165,1624,1083,541,0,541,1624,2165,12461,4901,4364,3827,3292,2760,2232,1712,1210,765,541,765,1712,12496,11957,10341,9803,7119,6585,4990,4464,3941,3423,2915,2421,1952,1531,1210,1083,1210,1531,12018,11482,10947,9877,9344,8811,8280,7750,7222,6695,5135,4625,4122,3631,3156,2706,2296,1952,1712,1624,1712,8403,7881,7362,6847,6336,5830,5331,4841,4364,3903,3466,3062,2706,2421,2232,2165,8047,7539,7037,6540,6052,5573,5106,4656,4228,3827,3466,3156,2915,2760,8245,7750,7262,6782,6312,5855,5413,4990,4593,4228,3903,3631,3423,3292,8472,7992,7520,7057,6607,6172,5754,5358,4990,4656,4364,4122,8262,7806,7362,6518,6124,5754,5413,5106,4841,4625,8558,8119,7693,6518,5855,5573
173,9202,8472,8728,16462,16945,17431,7992,8262,9218,11159,15734,16710,17202,9186,9576,10398,10826,11263,12164,13092,13564,14042,14524,15010,16988,17489,8811,11418,11884,12355,12832,14290,14784,15281,16788,17296,5440,5520,5651,5830,6052,6312,6607,6932,7282,7655,8047,8455,11622,12103,12590,14574,15078,16604,17117,4901,4990,5135,5331,5573,5855,6889,7282,10412,10893,11380,12367,12866,13874,14382,14893,15405,15920,16436,4364,4464,4625,4841,5106,5413,6518,6932,9202,9683,10170,12671,13181,13693,14208,3941,3827,3789,3827,3941,4364,4656,4990,5358,6607,7520,8960,9453,12496,13013,16675,17202,3631,3423,3292,3248,3292,3903,4228,4593,4990,6312,6782,7262,7750,16560,17091,3156,2915,3466,3827,4228,6052,6540,10510,3466,3903,4364,10947,10412,2706,3156,3631,12496,11957,11418,10880,1083,1210,1952,2421,13002,12461,11920,7057,6518,5979,5440,4901,2232,1712,1210,765,541,765,1210,1712,12991,6495,5954,5413,4872,4330,2706,2165,1624,1083,541,0,1083,1624,13002,5440,4901,4364,3827,3292,2760,2232,1712,1210,765,541,1210,13036,12496,10880,10341,7655,7119,5520,4990,4464,3941,3423,2915,2421,1952,1531,1210,1083,1210,12555,12018,11482,10412,9877,9344,8811,8280,7750,7222,5651,5135,4625,4122,3631,3156,2706,2296,1952,1712,1624,8927,8403,7881,7362,6847,6336,5830,5331,4841,4364,3903,3466,3062,2706,2421,2232,8558,8047,7539,7037,6540,6052,5573,5106,4656,4228,3827,3466,3156,2915,8745,8245,7750,7262,6782,6312,5855,5413,4990,4593,4228,3903,3631,3423,8960,8472,7992,7520,7057,6607,6172,5754,5358,4990,4656,4364,8728,8262,7806,6932,6518,6124,5754,5413,5106,4841,9009,8558,8119,6889,6172,5855
174,8745,8047,8245,15509,15984,16462,7539,7750,8558,10341,14774,15734,16220,8455,8811,9576,9981,10398,11263,12164,12625,13092,13564,14042,15993,16489,8047,10510,10960,11418,11884,13314,13800,14290,15781,16283,5440,5413,5440,5520,5651,5830,6052,6312,6607,6932,7282,7655,10676,11146,11622,13575,14073,15585,16093,4901,4872,4901,4990,5135,5331,6172,6518,9469,9937,10412,11380,11871,12866,13369,13874,14382,14893,15405,4364,4330,4364,4464,4625,4841,5754,6124,8262,8728,9202,11660,12164,12671,13181,4364,4122,3941,3827,3789,3941,4122,4364,4656,5754,6607,7992,8472,11470,11982,15622,16148,4228,3903,3631,3423,3292,3423,3631,3903,4228,5413,5855,6312,6782,15500,16030,3827,3466,2915,3156,3466,5106,5573,11571,2706,3062,3466,12018,11482,1952,2296,2706,13575,13036,12496,11957,1531,1210,1210,1531,14084,13543,13002,8137,7597,7057,6518,5979,3292,2760,2232,1712,1210,765,541,765,14073,7578,7037,6495,5954,5413,3789,3248,2706,2165,1624,1083,0,541,14084,6518,5979,5440,4901,4364,3827,3292,2760,2232,1712,1210,541,14115,13575,11957,11418,8728,8191,6585,6052,5520,4990,4464,3941,3423,2915,2421,1952,1531,1210,13629,13092,12555,11482,10947,10412,9877,9344,8811,8280,6695,6172,5651,5135,4625,4122,3631,3156,2706,2296,1952,9981,9453,8927,8403,7881,7362,6847,6336,5830,5331,4841,4364,3903,3466,3062,2706,9592,9074,8558,8047,7539,7037,6540,6052,5573,5106,4656,4228,3827,3466,9758,9249,8745,8245,7750,7262,6782,6312,5855,5413,4990,4593,4228,3903,9951,9453,8960,8472,7992,7520,7057,6607,6172,5754,5358,4990,9683,9202,8728,7806,7362,6932,6518,6124,5754,5413,9937,9469,9009,7693,6889,6518
175,8558,7881,8047,15039,15509,15984,7362,7539,8262,9951,14300,15252,15734,8119,8455,9186,9576,9981,10826,11710,12164,12625,13092,13564,15500,15993,7693,10068,10510,10960,11418,12832,13314,13800,15281,15781,5520,5440,5413,5440,5520,5651,5830,6052,6312,6607,6932,7282,10213,10676,11146,13081,13575,15078,15585,4990,4901,4872,4901,4990,5135,5855,6172,9009,9469,9937,10893,11380,12367,12866,13369,13874,14382,14893,4464,4364,4330,4364,4464,4625,5413,5754,7806,8262,8728,11159,11660,12164,12671,4656,4364,4122,3941,3827,3827,3941,4122,4364,5358,6172,7520,7992,10960,11470,15098,15622,4593,4228,3903,3631,3423,3292,3423,3631,3903,4990,5413,5855,6312,14971,15500,4228,3827,2760,2915,3156,4656,5106,12103,2421,2706,3062,12555,12018,1712,1952,2296,14115,13575,13036,12496,1952,1531,1083,1210,14625,14084,13543,8677,8137,7597,7057,6518,3827,3292,2760,2232,1712,1210,765,541,14615,8119,7578,7037,6495,5954,4330,3789,3248,2706,2165,1624,541,0,14625,7057,6518,5979,5440,4901,4364,3827,3292,2760,2232,1712,765,14655,14115,12496,11957,9265,8728,7119,6585,6052,5520,4990,4464,3941,3423,2915,2421,1952,1531,14167,13629,13092,12018,11482,10947,10412,9877,9344,8811,7222,6695,6172,5651,5135,4625,4122,3631,3156,2706,2296,10510,9981,9453,8927,8403,7881,7362,6847,6336,5830,5331,4841,4364,3903,3466,3062,10112,9592,9074,8558,8047,7539,7037,6540,6052,5573,5106,4656,4228,3827,10270,9758,9249,8745,8245,7750,7262,6782,6312,5855,5413,4990,4593,4228,10454,9951,9453,8960,8472,7992,7520,7057,6607,6172,5754,5358,10170,9683,9202,8262,7806,7362,6932,6518,6124,5754,10412,9937,9469,8119,7282,6889
176,19365,18641,19129,28775,29294,29815,18411,18906,20404,22939,28105,29149,29672,20718,21228,22252,22766,23281,24315,25354,25874,26395,26917,27440,29538,30064,20540,23643,24164,24686,25209,26781,27306,27833,29414,29942,14784,15281,15781,16283,16788,17296,17805,18316,18828,19343,19858,20375,24025,24549,25075,27183,27711,29299,29829,14574,15078,15585,16093,16604,17117,18664,19183,22843,23369,23896,24952,25480,26539,27069,27600,28131,28662,29194,14382,14893,15405,15920,16436,16953,18515,19037,21665,22192,22721,25371,25902,26434,26966,12671,13181,13693,14208,14724,15762,16283,16806,17329,18906,19961,21549,22080,25273,25806,29548,30084,11982,12496,13013,13532,14052,15622,16148,16675,17202,18790,19320,19851,20383,29474,30011,11822,12343,15500,16030,16560,18688,19221,3827,15929,16462,16997,3062,3466,15310,15846,16382,1712,1952,2296,2706,13092,13629,14704,15243,1083,1210,1531,6052,6585,7119,7655,8191,10880,11418,11957,12496,13036,13575,14115,14655,541,6518,7057,7597,8137,8677,10299,10839,11380,11920,12461,13002,14084,14625,0,7578,8119,8660,9202,9743,10284,10826,11367,11908,12449,12991,14073,541,765,2232,2760,5440,5979,7597,8137,8677,9218,9758,10299,10839,11380,11920,12461,13002,13543,1210,1531,1952,2915,3423,3941,4464,4990,5520,6052,7655,8191,8728,9265,9803,10341,10880,11418,11957,12496,13036,4625,5135,5651,6172,6695,7222,7750,8280,8811,9344,9877,10412,10947,11482,12018,12555,5331,5830,6336,6847,7362,7881,8403,8927,9453,9981,10510,11040,11571,12103,5573,6052,6540,7037,7539,8047,8558,9074,9592,10112,10634,11159,11685,12212,5855,6312,6782,7262,7750,8245,8745,9249,9758,10270,10785,11302,6607,7057,7520,8472,8960,9453,9951,10454,10960,11470,6932,7362,7806,9202,10170,10662
177,13036,12272,12683,21611,22113,22617,11920,12343,13661,15984,20908,21920,22429,13832,14300,15252,15734,16220,17202,18195,18696,19198,19703,20209,22252,22766,13564,16489,16988,17489,17993,19516,20027,20540,22087,22605,8420,8811,9218,9637,10068,10510,10960,11418,11884,12355,12832,13314,16788,17296,17805,19858,20375,21934,22455,8047,8455,8878,9313,9758,10213,11622,12103,15585,16093,16604,17631,18147,19183,19703,20224,20746,21269,21793,7693,8119,8558,9009,9469,9937,11380,11871,14382,14893,15405,17993,18515,19037,19561,6124,6518,6932,7362,7806,8728,9202,9683,10170,11660,12671,14208,14724,17854,18380,22080,22611,5358,5754,6172,6607,7057,8472,8960,9453,9951,11470,11982,12496,13013,21980,22514,4990,5413,8245,8745,9249,11302,11822,5573,8558,9074,9592,5830,5331,7881,8403,8927,7222,6695,6172,5651,5651,6172,7222,7750,7655,7119,6585,1952,1531,1210,1083,1210,3423,3941,4464,4990,5520,6052,6585,7119,7597,1210,765,541,765,1210,2760,3292,3827,4364,4901,5440,6518,7057,7578,0,541,1083,1624,2165,2706,3248,3789,4330,4872,5413,6495,7597,7057,5440,4901,2232,1712,541,765,1210,1712,2232,2760,3292,3827,4364,4901,5440,5979,7119,6585,6052,4990,4464,3941,3423,2915,2421,1952,1083,1210,1531,1952,2421,2915,3423,3941,4464,4990,5520,3631,3156,2706,2296,1952,1712,1624,1712,1952,2296,2706,3156,3631,4122,4625,5135,3466,3062,2706,2421,2232,2165,2232,2421,2706,3062,3466,3903,4364,4841,3827,3466,3156,2915,2760,2706,2760,2915,3156,3466,3827,4228,4656,5106,4228,3903,3631,3423,3292,3248,3292,3423,3631,3903,4228,4593,4364,4122,3941,3789,3827,3941,4122,4364,4656,4990,4841,4625,4464,4364,4625,4841
178,12636,11871,12272,21110,21611,22113,11508,11920,13214,15509,20404,21413,21920,13369,13832,14774,15252,15734,16710,17697,18195,18696,19198,19703,21739,22252,13092,15993,16489,16988,17489,19007,19516,20027,21570,22087,8047,8420,8811,9218,9637,10068,10510,10960,11418,11884,12355,12832,16283,16788,17296,19343,19858,21413,21934,7655,8047,8455,8878,9313,9758,11146,11622,15078,15585,16093,17117,17631,18664,19183,19703,20224,20746,21269,7282,7693,8119,8558,9009,9469,10893,11380,13874,14382,14893,17473,17993,18515,19037,5754,6124,6518,6932,7362,8262,8728,9202,9683,11159,12164,13693,14208,17329,17854,21549,22080,4990,5358,5754,6172,6607,7992,8472,8960,9453,10960,11470,11982,12496,21447,21980,4593,4990,7750,8245,8745,10785,11302,6052,8047,8558,9074,6336,5830,7362,7881,8403,7750,7222,6695,6172,5135,5651,6695,7222,8191,7655,7119,2421,1952,1531,1210,1083,2915,3423,3941,4464,4990,5520,6052,6585,8137,1712,1210,765,541,765,2232,2760,3292,3827,4364,4901,5979,6518,8119,541,0,541,1083,1624,2165,2706,3248,3789,4330,4872,5954,8137,7597,5979,5440,2760,2232,765,541,765,1210,1712,2232,2760,3292,3827,4364,4901,5440,7655,7119,6585,5520,4990,4464,3941,3423,2915,2421,1210,1083,1210,1531,1952,2421,2915,3423,3941,4464,4990,4122,3631,3156,2706,2296,1952,1712,1624,1712,1952,2296,2706,3156,3631,4122,4625,3903,3466,3062,2706,2421,2232,2165,2232,2421,2706,3062,3466,3903,4364,4228,3827,3466,3156,2915,2760,2706,2760,2915,3156,3466,3827,4228,4656,4593,4228,3903,3631,3423,3292,3248,3292,3423,3631,3903,4228,4656,4364,4122,3827,3789,3827,3941,4122,4364,4656,5106,4841,4625,4330,4464,4625
179,12248,11482,11871,20611,21110,21611,11106,11508,12775,15039,19903,20908,21413,12912,13369,14300,14774,15252,16220,17202,17697,18195,18696,19198,21228,21739,12625,15500,15993,16489,16988,18499,19007,19516,21054,21570,7693,8047,8420,8811,9218,9637,10068,10510,10960,11418,11884,12355,15781,16283,16788,18828,19343,20894,21413,7282,7655,8047,8455,8878,9313,10676,11146,14574,15078,15585,16604,17117,18147,18664,19183,19703,20224,20746,6889,7282,7693,8119,8558,9009,10412,10893,13369,13874,14382,16953,17473,17993,18515,5413,5754,6124,6518,6932,7806,8262,8728,9202,10662,11660,13181,13693,16806,17329,21020,21549,4656,4990,5358,5754,6172,7520,7992,8472,8960,10454,10960,11470,11982,20915,21447,4228,4593,7262,7750,8245,10270,10785,6540,7539,8047,8558,6847,6336,6847,7362,7881,8280,7750,7222,6695,4625,5135,6172,6695,8728,8191,7655,2915,2421,1952,1531,1210,2421,2915,3423,3941,4464,4990,5520,6052,8677,2232,1712,1210,765,541,1712,2232,2760,3292,3827,4364,5440,5979,8660,1083,541,0,541,1083,1624,2165,2706,3248,3789,4330,5413,8677,8137,6518,5979,3292,2760,1210,765,541,765,1210,1712,2232,2760,3292,3827,4364,4901,8191,7655,7119,6052,5520,4990,4464,3941,3423,2915,1531,1210,1083,1210,1531,1952,2421,2915,3423,3941,4464,4625,4122,3631,3156,2706,2296,1952,1712,1624,1712,1952,2296,2706,3156,3631,4122,4364,3903,3466,3062,2706,2421,2232,2165,2232,2421,2706,3062,3466,3903,4656,4228,3827,3466,3156,2915,2760,2706,2760,2915,3156,3466,3827,4228,4990,4593,4228,3903,3631,3423,3292,3248,3292,3423,3631,3903,4990,4656,4364,3941,3827,3789,3827,3941,4122,4364,5413,5106,4841,4364,4364,4464
180,11871,11106,11482,20115,20611,21110,10717,11106,12343,14574,19403,20404,20908,12461,12912,13832,14300,14774,15734,16710,17202,17697,18195,18696,20718,21228,12164,15010,15500,15993,16489,17993,18499,19007,20540,21054,7362,7693,8047,8420,8811,9218,9637,10068,10510,10960,11418,11884,15281,15781,16283,18316,18828,20375,20894,6932,7282,7655,8047,8455,8878,10213,10676,14073,14574,15078,16093,16604,17631,18147,18664,19183,19703,20224,6518,6889,7282,7693,8119,8558,9937,10412,12866,13369,13874,16436,16953,17473,17993,5106,5413,5754,6124,6518,7362,7806,8262,8728,10170,11159,12671,13181,16283,16806,20490,21020,4364,4656,4990,5358,5754,7057,7520,7992,8472,9951,10454,10960,11470,20383,20915,3903,4228,6782,7262,7750,9758,10270,7037,7037,7539,8047,7362,6847,6336,6847,7362,8811,8280,7750,7222,4122,4625,5651,6172,9265,8728,8191,3423,2915,2421,1952,1531,1952,2421,2915,3423,3941,4464,4990,5520,9218,2760,2232,1712,1210,765,1210,1712,2232,2760,3292,3827,4901,5440,9202,1624,1083,541,0,541,1083,1624,2165,2706,3248,3789,4872,9218,8677,7057,6518,3827,3292,1712,1210,765,541,765,1210,1712,2232,2760,3292,3827,4364,8728,8191,7655,6585,6052,5520,4990,4464,3941,3423,1952,1531,1210,1083,1210,1531,1952,2421,2915,3423,3941,5135,4625,4122,3631,3156,2706,2296,1952,1712,1624,1712,1952,2296,2706,3156,3631,4841,4364,3903,3466,3062,2706,2421,2232,2165,2232,2421,2706,3062,3466,5106,4656,4228,3827,3466,3156,2915,2760,2706,2760,2915,3156,3466,3827,5413,4990,4593,4228,3903,3631,3423,3292,3248,3292,3423,3631,5358,4990,4656,4122,3941,3827,3789,3827,3941,4122,5754,5413,5106,4464,4330,4364
181,11508,10744,11106,19621,20115,20611,10341,10717,11920,14115,18906,19903,20404,12018,12461,13369,13832,14300,15252,16220,16710,17202,17697,18195,20209,20718,11710,14524,15010,15500,15993,17489,17993,18499,20027,20540,7057,7362,7693,8047,8420,8811,9218,9637,10068,10510,10960,11418,14784,15281,15781,17805,18316,19858,20375,6607,6932,7282,7655,8047,8455,9758,10213,13575,14073,14574,15585,16093,17117,17631,18147,18664,19183,19703,6172,6518,6889,7282,7693,8119,9469,9937,12367,12866,13369,15920,16436,16953,17473,4841,5106,5413,5754,6124,6932,7362,7806,8262,9683,10662,12164,12671,15762,16283,19961,20490,4122,4364,4656,4990,5358,6607,7057,7520,7992,9453,9951,10454,10960,19851,20383,3631,3903,6312,6782,7262,9249,9758,7539,6540,7037,7539,7881,7362,5830,6336,6847,9344,8811,8280,7750,3631,4122,5135,5651,9803,9265,8728,3941,3423,2915,2421,1952,1531,1952,2421,2915,3423,3941,4464,4990,9758,3292,2760,2232,1712,1210,765,1210,1712,2232,2760,3292,4364,4901,9743,2165,1624,1083,541,0,541,1083,1624,2165,2706,3248,4330,9758,9218,7597,7057,4364,3827,2232,1712,1210,765,541,765,1210,1712,2232,2760,3292,3827,9265,8728,8191,7119,6585,6052,5520,4990,4464,3941,2421,1952,1531,1210,1083,1210,1531,1952,2421,2915,3423,5651,5135,4625,4122,3631,3156,2706,2296,1952,1712,1624,1712,1952,2296,2706,3156,5331,4841,4364,3903,3466,3062,2706,2421,2232,2165,2232,2421,2706,3062,5573,5106,4656,4228,3827,3466,3156,2915,2760,2706,2760,2915,3156,3466,5855,5413,4990,4593,4228,3903,3631,3423,3292,3248,3292,3423,5754,5358,4990,4364,4122,3941,3827,3789,3827,3941,6124,5754,5413,4625,4364,4330
182,11159,10398,10744,19129,19621,20115,9981,10341,11508,13661,18411,19403,19903,11584,12018,12912,13369,13832,14774,15734,16220,16710,17202,17697,19703,20209,11263,14042,14524,15010,15500,16988,17489,17993,19516,20027,6782,7057,7362,7693,8047,8420,8811,9218,9637,10068,10510,10960,14290,14784,15281,17296,17805,19343,19858,6312,6607,6932,7282,7655,8047,9313,9758,13081,13575,14073,15078,15585,16604,17117,17631,18147,18664,19183,5855,6172,6518,6889,7282,7693,9009,9469,11871,12367,12866,15405,15920,16436,16953,4625,4841,5106,5413,5754,6518,6932,7362,7806,9202,10170,11660,12164,15243,15762,19433,19961,3941,4122,4364,4656,4990,6172,6607,7057,7520,8960,9453,9951,10454,19320,19851,3423,3631,5855,6312,6782,8745,9249,8047,6052,6540,7037,8403,7881,5331,5830,6336,9877,9344,8811,8280,3156,3631,4625,5135,10341,9803,9265,4464,3941,3423,2915,2421,1210,1531,1952,2421,2915,3423,3941,4464,10299,3827,3292,2760,2232,1712,541,765,1210,1712,2232,2760,3827,4364,10284,2706,2165,1624,1083,541,0,541,1083,1624,2165,2706,3789,10299,9758,8137,7597,4901,4364,2760,2232,1712,1210,765,541,765,1210,1712,2232,2760,3292,9803,9265,8728,7655,7119,6585,6052,5520,4990,4464,2915,2421,1952,1531,1210,1083,1210,1531,1952,2421,2915,6172,5651,5135,4625,4122,3631,3156,2706,2296,1952,1712,1624,1712,1952,2296,2706,5830,5331,4841,4364,3903,3466,3062,2706,2421,2232,2165,2232,2421,2706,6052,5573,5106,4656,4228,3827,3466,3156,2915,2760,2706,2760,2915,3156,6312,5855,5413,4990,4593,4228,3903,3631,3423,3292,3248,3292,6172,5754,5358,4656,4364,4122,3941,3827,3789,3827,6518,6124,5754,4841,4464,4364
183,10826,10068,10398,18641,19129,19621,9637,9981,11106,13214,17920,18906,19403,11159,11584,12461,12912,13369,14300,15252,15734,16220,16710,17202,19198,19703,10826,13564,14042,14524,15010,16489,16988,17489,19007,19516,6540,6782,7057,7362,7693,8047,8420,8811,9218,9637,10068,10510,13800,14290,14784,16788,17296,18828,19343,6052,6312,6607,6932,7282,7655,8878,9313,12590,13081,13575,14574,15078,16093,16604,17117,17631,18147,18664,5573,5855,6172,6518,6889,7282,8558,9009,11380,11871,12367,14893,15405,15920,16436,4464,4625,4841,5106,5413,6124,6518,6932,7362,8728,9683,11159,11660,14724,15243,18906,19433,3827,3941,4122,4364,4656,5754,6172,6607,7057,8472,8960,9453,9951,18790,19320,3292,3423,5413,5855,6312,8245,8745,8558,5573,6052,6540,8927,8403,4841,5331,5830,10412,9877,9344,8811,2706,3156,4122,4625,10880,10341,9803,4990,4464,3941,3423,2915,1083,1210,1531,1952,2421,2915,3423,3941,10839,4364,3827,3292,2760,2232,765,541,765,1210,1712,2232,3292,3827,10826,3248,2706,2165,1624,1083,541,0,541,1083,1624,2165,3248,10839,10299,8677,8137,5440,4901,3292,2760,2232,1712,1210,765,541,765,1210,1712,2232,2760,10341,9803,9265,8191,7655,7119,6585,6052,5520,4990,3423,2915,2421,1952,1531,1210,1083,1210,1531,1952,2421,6695,6172,5651,5135,4625,4122,3631,3156,2706,2296,1952,1712,1624,1712,1952,2296,6336,5830,5331,4841,4364,3903,3466,3062,2706,2421,2232,2165,2232,2421,6540,6052,5573,5106,4656,4228,3827,3466,3156,2915,2760,2706,2760,2915,6782,6312,5855,5413,4990,4593,4228,3903,3631,3423,3292,3248,6607,6172,5754,4990,4656,4364,4122,3941,3827,3789,6932,6518,6124,5106,4625,4464
184,10510,9758,10068,18155,18641,19129,9313,9637,10717,12775,17431,18411,18906,10744,11159,12018,12461,12912,13832,14774,15252,15734,16220,16710,18696,19198,10398,13092,13564,14042,14524,15993,16489,16988,18499,19007,6336,6540,6782,7057,7362,7693,8047,8420,8811,9218,9637,10068,13314,13800,14290,16283,16788,18316,18828,5830,6052,6312,6607,6932,7282,8455,8878,12103,12590,13081,14073,14574,15585,16093,16604,17117,17631,18147,5331,5573,5855,6172,6518,6889,8119,8558,10893,11380,11871,14382,14893,15405,15920,4364,4464,4625,4841,5106,5754,6124,6518,6932,8262,9202,10662,11159,14208,14724,18380,18906,3789,3827,3941,4122,4364,5358,5754,6172,6607,7992,8472,8960,9453,18260,18790,3248,3292,4990,5413,5855,7750,8245,9074,5106,5573,6052,9453,8927,4364,4841,5331,10947,10412,9877,9344,2296,2706,3631,4122,11418,10880,10341,5520,4990,4464,3941,3423,1210,1083,1210,1531,1952,2421,2915,3423,11380,4901,4364,3827,3292,2760,1210,765,541,765,1210,1712,2760,3292,11367,3789,3248,2706,2165,1624,1083,541,0,541,1083,1624,2706,11380,10839,9218,8677,5979,5440,3827,3292,2760,2232,1712,1210,765,541,765,1210,1712,2232,10880,10341,9803,8728,8191,7655,7119,6585,6052,5520,3941,3423,2915,2421,1952,1531,1210,1083,1210,1531,1952,7222,6695,6172,5651,5135,4625,4122,3631,3156,2706,2296,1952,1712,1624,1712,1952,6847,6336,5830,5331,4841,4364,3903,3466,3062,2706,2421,2232,2165,2232,7037,6540,6052,5573,5106,4656,4228,3827,3466,3156,2915,2760,2706,2760,7262,6782,6312,5855,5413,4990,4593,4228,3903,3631,3423,3292,7057,6607,6172,5358,4990,4656,4364,4122,3941,3827,7362,6932,6518,5413,4841,4625
185,10213,9469,9758,17673,18155,18641,9009,9313,10341,12343,16945,17920,18411,10341,10744,11584,12018,12461,13369,14300,14774,15252,15734,16220,18195,18696,9981,12625,13092,13564,14042,15500,15993,16489,17993,18499,6172,6336,6540,6782,7057,7362,7693,8047,8420,8811,9218,9637,12832,13314,13800,15781,16283,17805,18316,5651,5830,6052,6312,6607,6932,8047,8455,11622,12103,12590,13575,14073,15078,15585,16093,16604,17117,17631,5135,5331,5573,5855,6172,6518,7693,8119,10412,10893,11380,13874,14382,14893,15405,4330,4364,4464,4625,4841,5413,5754,6124,6518,7806,8728,10170,10662,13693,14208,17854,18380,3827,3789,3827,3941,4122,4990,5358,5754,6172,7520,7992,8472,8960,17731,18260,3292,3248,4593,4990,5413,7262,7750,9592,4656,5106,5573,9981,9453,3903,4364,4841,11482,10947,10412,9877,1952,2296,3156,3631,11957,11418,10880,6052,5520,4990,4464,3941,1531,1210,1083,1210,1531,1952,2421,2915,11920,5440,4901,4364,3827,3292,1712,1210,765,541,765,1210,2232,2760,11908,4330,3789,3248,2706,2165,1624,1083,541,0,541,1083,2165,11920,11380,9758,9218,6518,5979,4364,3827,3292,2760,2232,1712,1210,765,541,765,1210,1712,11418,10880,10341,9265,8728,8191,7655,7119,6585,6052,4464,3941,3423,2915,2421,1952,1531,1210,1083,1210,1531,7750,7222,6695,6172,5651,5135,4625,4122,3631,3156,2706,2296,1952,1712,1624,1712,7362,6847,6336,5830,5331,4841,4364,3903,3466,3062,2706,2421,2232,2165,7539,7037,6540,6052,5573,5106,4656,4228,3827,3466,3156,2915,2760,2706,7750,7262,6782,6312,5855,5413,4990,4593,4228,3903,3631,3423,7520,7057,6607,5754,5358,4990,4656,4364,4122,3941,7806,7362,6932,5754,5106,4841
186,9937,9202,9469,17194,17673,18155,8728,9009,9981,11920,16462,17431,17920,9951,10341,11159,11584,12018,12912,13832,14300,14774,15252,15734,17697,18195,9576,12164,12625,13092,13564,15010,15500,15993,17489,17993,6052,6172,6336,6540,6782,7057,7362,7693,8047,8420,8811,9218,12355,12832,13314,15281,15781,17296,17805,5520,5651,5830,6052,6312,6607,7655,8047,11146,11622,12103,13081,13575,14574,15078,15585,16093,16604,17117,4990,5135,5331,5573,5855,6172,7282,7693,9937,10412,10893,13369,13874,14382,14893,4364,4330,4364,4464,4625,5106,5413,5754,6124,7362,8262,9683,10170,13181,13693,17329,17854,3941,3827,3789,3827,3941,4656,4990,5358,5754,7057,7520,7992,8472,17202,17731,3423,3292,4228,4593,4990,6782,7262,10112,4228,4656,5106,10510,9981,3466,3903,4364,12018,11482,10947,10412,1712,1952,2706,3156,12496,11957,11418,6585,6052,5520,4990,4464,1952,1531,1210,1083,1210,1531,1952,2421,12461,5979,5440,4901,4364,3827,2232,1712,1210,765,541,765,1712,2232,12449,4872,4330,3789,3248,2706,2165,1624,1083,541,0,541,1624,12461,11920,10299,9758,7057,6518,4901,4364,3827,3292,2760,2232,1712,1210,765,541,765,1210,11957,11418,10880,9803,9265,8728,8191,7655,7119,6585,4990,4464,3941,3423,2915,2421,1952,1531,1210,1083,1210,8280,7750,7222,6695,6172,5651,5135,4625,4122,3631,3156,2706,2296,1952,1712,1624,7881,7362,6847,6336,5830,5331,4841,4364,3903,3466,3062,2706,2421,2232,8047,7539,7037,6540,6052,5573,5106,4656,4228,3827,3466,3156,2915,2760,8245,7750,7262,6782,6312,5855,5413,4990,4593,4228,3903,3631,7992,7520,7057,6172,5754,5358,4990,4656,4364,4122,8262,7806,7362,6124,5413,5106
187,9683,8960,9202,16718,17194,17673,8472,8728,9637,11508,15984,16945,17431,9576,9951,10744,11159,11584,12461,13369,13832,14300,14774,15252,17202,17697,9186,11710,12164,12625,13092,14524,15010,15500,16988,17489,5979,6052,6172,6336,6540,6782,7057,7362,7693,8047,8420,8811,11884,12355,12832,14784,15281,16788,17296,5440,5520,5651,5830,6052,6312,7282,7655,10676,11146,11622,12590,13081,14073,14574,15078,15585,16093,16604,4901,4990,5135,5331,5573,5855,6889,7282,9469,9937,10412,12866,13369,13874,14382,4464,4364,4330,4364,4464,4841,5106,5413,5754,6932,7806,9202,9683,12671,13181,16806,17329,4122,3941,3827,3789,3827,4364,4656,4990,5358,6607,7057,7520,7992,16675,17202,3631,3423,3903,4228,4593,6312,6782,10634,3827,4228,4656,11040,10510,3062,3466,3903,12555,12018,11482,10947,1624,1712,2296,2706,13036,12496,11957,7119,6585,6052,5520,4990,2421,1952,1531,1210,1083,1210,1531,1952,13002,6518,5979,5440,4901,4364,2760,2232,1712,1210,765,541,1210,1712,12991,5413,4872,4330,3789,3248,2706,2165,1624,1083,541,0,1083,13002,12461,10839,10299,7597,7057,5440,4901,4364,3827,3292,2760,2232,1712,1210,765,541,765,12496,11957,11418,10341,9803,9265,8728,8191,7655,7119,5520,4990,4464,3941,3423,2915,2421,1952,1531,1210,1083,8811,8280,7750,7222,6695,6172,5651,5135,4625,4122,3631,3156,2706,2296,1952,1712,8403,7881,7362,6847,6336,5830,5331,4841,4364,3903,3466,3062,2706,2421,8558,8047,7539,7037,6540,6052,5573,5106,4656,4228,3827,3466,3156,2915,8745,8245,7750,7262,6782,6312,5855,5413,4990,4593,4228,3903,8472,7992,7520,6607,6172,5754,5358,4990,4656,4364,8728,8262,7806,6518,5754,5413
188,9249,8558,8745,15781,16247,16718,8047,8245,9009,10717,15039,15984,16462,8878,9218,9951,10341,10744,11584,12461,12912,13369,13832,14300,16220,16710,8455,10826,11263,11710,12164,13564,14042,14524,15993,16489,5979,5954,5979,6052,6172,6336,6540,6782,7057,7362,7693,8047,10960,11418,11884,13800,14290,15781,16283,5440,5413,5440,5520,5651,5830,6607,6932,9758,10213,10676,11622,12103,13081,13575,14073,14574,15078,15585,4901,4872,4901,4990,5135,5331,6172,6518,8558,9009,9469,11871,12367,12866,13369,4841,4625,4464,4364,4330,4464,4625,4841,5106,6124,6932,8262,8728,11660,12164,15762,16283,4656,4364,4122,3941,3827,3941,4122,4364,4656,5754,6172,6607,7057,15622,16148,4228,3903,3423,3631,3903,5413,5855,11685,3156,3466,3827,12103,11571,2421,2706,3062,13629,13092,12555,12018,1952,1712,1712,1952,14115,13575,13036,8191,7655,7119,6585,6052,3423,2915,2421,1952,1531,1210,1083,1210,14084,7597,7057,6518,5979,5440,3827,3292,2760,2232,1712,1210,541,765,14073,6495,5954,5413,4872,4330,3789,3248,2706,2165,1624,1083,0,14084,13543,11920,11380,8677,8137,6518,5979,5440,4901,4364,3827,3292,2760,2232,1712,1210,765,13575,13036,12496,11418,10880,10341,9803,9265,8728,8191,6585,6052,5520,4990,4464,3941,3423,2915,2421,1952,1531,9877,9344,8811,8280,7750,7222,6695,6172,5651,5135,4625,4122,3631,3156,2706,2296,9453,8927,8403,7881,7362,6847,6336,5830,5331,4841,4364,3903,3466,3062,9592,9074,8558,8047,7539,7037,6540,6052,5573,5106,4656,4228,3827,3466,9758,9249,8745,8245,7750,7262,6782,6312,5855,5413,4990,4593,9453,8960,8472,7520,7057,6607,6172,5754,5358,4990,9683,9202,8728,7362,6518,6124
189,19613,18883,19365,28932,29449,29967,18641,19129,20611,23123,28256,29294,29815,20908,21413,22429,22939,23451,24478,25509,26027,26545,27064,27584,29672,30195,20718,23798,24315,24834,25354,26917,27440,27964,29538,30064,15010,15500,15993,16489,16988,17489,17993,18499,19007,19516,20027,20540,24164,24686,25209,27306,27833,29414,29942,14784,15281,15781,16283,16788,17296,18828,19343,22977,23501,24025,25075,25601,26655,27183,27711,28240,28769,29299,14574,15078,15585,16093,16604,17117,18664,19183,21793,22318,22843,25480,26010,26539,27069,12866,13369,13874,14382,14893,15920,16436,16953,17473,19037,20086,21665,22192,25371,25902,29632,30166,12164,12671,13181,13693,14208,15762,16283,16806,17329,18906,19433,19961,20490,29548,30084,11982,12496,15622,16148,16675,18790,19320,4228,16030,16560,17091,3466,3827,15396,15929,16462,2232,2421,2706,3062,13170,13704,14774,15310,1624,1712,1952,6172,6695,7222,7750,8280,10947,11482,12018,12555,13092,13629,14167,14704,1083,6585,7119,7655,8191,8728,10341,10880,11418,11957,12496,13036,14115,14655,541,7597,8137,8677,9218,9758,10299,10839,11380,11920,12461,13002,14084,0,541,2165,2706,5413,5954,7578,8119,8660,9202,9743,10284,10826,11367,11908,12449,12991,13532,765,1210,1712,2760,3292,3827,4364,4901,5440,5979,7597,8137,8677,9218,9758,10299,10839,11380,11920,12461,13002,4464,4990,5520,6052,6585,7119,7655,8191,8728,9265,9803,10341,10880,11418,11957,12496,5135,5651,6172,6695,7222,7750,8280,8811,9344,9877,10412,10947,11482,12018,5331,5830,6336,6847,7362,7881,8403,8927,9453,9981,10510,11040,11571,12103,5573,6052,6540,7037,7539,8047,8558,9074,9592,10112,10634,11159,6312,6782,7262,8245,8745,9249,9758,10270,10785,11302,6607,7057,7520,8960,9951,10454
190,19137,18404,18883,28416,28932,29449,18155,18641,20115,22617,27738,28775,29294,20404,20908,21920,22429,22939,23963,24993,25509,26027,26545,27064,29149,29672,20209,23281,23798,24315,24834,26395,26917,27440,29013,29538,14524,15010,15500,15993,16489,16988,17489,17993,18499,19007,19516,20027,23643,24164,24686,26781,27306,28886,29414,14290,14784,15281,15781,16283,16788,18316,18828,22455,22977,23501,24549,25075,26128,26655,27183,27711,28240,28769,14073,14574,15078,15585,16093,16604,18147,18664,21269,21793,22318,24952,25480,26010,26539,12367,12866,13369,13874,14382,15405,15920,16436,16953,18515,19561,21138,21665,24840,25371,29099,29632,11660,12164,12671,13181,13693,15243,15762,16283,16806,18380,18906,19433,19961,29013,29548,11470,11982,15098,15622,16148,18260,18790,3903,15500,16030,16560,3156,3466,14863,15396,15929,2165,2232,2421,2706,12636,13170,14239,14774,1712,1624,1712,5651,6172,6695,7222,7750,10412,10947,11482,12018,12555,13092,13629,14167,1210,6052,6585,7119,7655,8191,9803,10341,10880,11418,11957,12496,13575,14115,765,7057,7597,8137,8677,9218,9758,10299,10839,11380,11920,12461,13543,541,0,1624,2165,4872,5413,7037,7578,8119,8660,9202,9743,10284,10826,11367,11908,12449,12991,541,765,1210,2232,2760,3292,3827,4364,4901,5440,7057,7597,8137,8677,9218,9758,10299,10839,11380,11920,12461,3941,4464,4990,5520,6052,6585,7119,7655,8191,8728,9265,9803,10341,10880,11418,11957,4625,5135,5651,6172,6695,7222,7750,8280,8811,9344,9877,10412,10947,11482,4841,5331,5830,6336,6847,7362,7881,8403,8927,9453,9981,10510,11040,11571,5106,5573,6052,6540,7037,7539,8047,8558,9074,9592,10112,10634,5855,6312,6782,7750,8245,8745,9249,9758,10270,10785,6172,6607,7057,8472,9453,9951
191,17731,16988,17456,26874,27387,27901,16718,17194,18641,21110,26189,27221,27738,18906,19403,20404,20908,21413,22429,23451,23963,24478,24993,25509,27584,28105,18696,21739,22252,22766,23281,24834,25354,25874,27440,27964,13092,13564,14042,14524,15010,15500,15993,16489,16988,17489,17993,18499,22087,22605,23123,25209,25732,27306,27833,12832,13314,13800,14290,14784,15281,16788,17296,20894,21413,21934,22977,23501,24549,25075,25601,26128,26655,27183,12590,13081,13575,14073,14574,15078,16604,17117,19703,20224,20746,23369,23896,24424,24952,10893,11380,11871,12367,12866,13874,14382,14893,15405,16953,17993,19561,20086,23250,23779,27499,28032,10170,10662,11159,11660,12164,13693,14208,14724,15243,16806,17329,17854,18380,27408,27943,9951,10454,13532,14052,14574,16675,17202,3292,13916,14443,14971,2706,2760,13270,13800,14331,2706,2421,2232,2165,11040,11571,12636,13170,2706,2296,1952,4122,4625,5135,5651,6172,8811,9344,9877,10412,10947,11482,12018,12555,2421,4464,4990,5520,6052,6585,8191,8728,9265,9803,10341,10880,11957,12496,2232,5440,5979,6518,7057,7597,8137,8677,9218,9758,10299,10839,11920,2165,1624,0,541,3248,3789,5413,5954,6495,7037,7578,8119,8660,9202,9743,10284,10826,11367,1712,1210,765,765,1210,1712,2232,2760,3292,3827,5440,5979,6518,7057,7597,8137,8677,9218,9758,10299,10839,2421,2915,3423,3941,4464,4990,5520,6052,6585,7119,7655,8191,8728,9265,9803,10341,3156,3631,4122,4625,5135,5651,6172,6695,7222,7750,8280,8811,9344,9877,3466,3903,4364,4841,5331,5830,6336,6847,7362,7881,8403,8927,9453,9981,3827,4228,4656,5106,5573,6052,6540,7037,7539,8047,8558,9074,4593,4990,5413,6312,6782,7262,7750,8245,8745,9249,4990,5358,5754,7057,7992,8472
192,17270,16525,16988,26362,26874,27387,16247,16718,18155,20611,25675,26704,27221,18411,18906,19903,20404,20908,21920,22939,23451,23963,24478,24993,27064,27584,18195,21228,21739,22252,22766,24315,24834,25354,26917,27440,12625,13092,13564,14042,14524,15010,15500,15993,16489,16988,17489,17993,21570,22087,22605,24686,25209,26781,27306,12355,12832,13314,13800,14290,14784,16283,16788,20375,20894,21413,22455,22977,24025,24549,25075,25601,26128,26655,12103,12590,13081,13575,14073,14574,16093,16604,19183,19703,20224,22843,23369,23896,24424,10412,10893,11380,11871,12367,13369,13874,14382,14893,16436,17473,19037,19561,22721,23250,26966,27499,9683,10170,10662,11159,11660,13181,13693,14208,14724,16283,16806,17329,17854,26874,27408,9453,9951,13013,13532,14052,16148,16675,3248,13391,13916,14443,2760,2706,12740,13270,13800,3062,2706,2421,2232,10510,11040,12103,12636,3156,2706,2296,3631,4122,4625,5135,5651,8280,8811,9344,9877,10412,10947,11482,12018,2915,3941,4464,4990,5520,6052,7655,8191,8728,9265,9803,10341,11418,11957,2760,4901,5440,5979,6518,7057,7597,8137,8677,9218,9758,10299,11380,2706,2165,541,0,2706,3248,4872,5413,5954,6495,7037,7578,8119,8660,9202,9743,10284,10826,2232,1712,1210,541,765,1210,1712,2232,2760,3292,4901,5440,5979,6518,7057,7597,8137,8677,9218,9758,10299,1952,2421,2915,3423,3941,4464,4990,5520,6052,6585,7119,7655,8191,8728,9265,9803,2706,3156,3631,4122,4625,5135,5651,6172,6695,7222,7750,8280,8811,9344,3062,3466,3903,4364,4841,5331,5830,6336,6847,7362,7881,8403,8927,9453,3466,3827,4228,4656,5106,5573,6052,6540,7037,7539,8047,8558,4228,4593,4990,5855,6312,6782,7262,7750,8245,8745,4656,4990,5358,6607,7520,7992
193,15049,14290,14724,23822,24328,24834,13969,14413,15781,18155,23123,24140,24651,15984,16462,17431,17920,18411,19403,20404,20908,21413,21920,22429,24478,24993,15734,18696,19198,19703,20209,21739,22252,22766,24315,24834,10398,10826,11263,11710,12164,12625,13092,13564,14042,14524,15010,15500,19007,19516,20027,22087,22605,24164,24686,10068,10510,10960,11418,11884,12355,13800,14290,17805,18316,18828,19858,20375,21413,21934,22455,22977,23501,24025,9758,10213,10676,11146,11622,12103,13575,14073,16604,17117,17631,20224,20746,21269,21793,8119,8558,9009,9469,9937,10893,11380,11871,12367,13874,14893,16436,16953,20086,20611,24309,24840,7362,7806,8262,8728,9202,10662,11159,11660,12164,13693,14208,14724,15243,24207,24740,7057,7520,10454,10960,11470,13532,14052,4228,10785,11302,11822,4228,3827,10112,10634,11159,5331,4841,4364,3903,7881,8403,9453,9981,5651,5135,4625,1712,1952,2296,2706,3156,5651,6172,6695,7222,7750,8280,8811,9344,5520,1531,1952,2421,2915,3423,4990,5520,6052,6585,7119,7655,8728,9265,5440,2232,2760,3292,3827,4364,4901,5440,5979,6518,7057,7597,8677,5413,4872,3248,2706,0,541,2165,2706,3248,3789,4330,4872,5413,5954,6495,7037,7578,8119,4901,4364,3827,2760,2232,1712,1210,765,541,765,2232,2760,3292,3827,4364,4901,5440,5979,6518,7057,7597,1531,1210,1083,1210,1531,1952,2421,2915,3423,3941,4464,4990,5520,6052,6585,7119,1712,1624,1712,1952,2296,2706,3156,3631,4122,4625,5135,5651,6172,6695,2232,2165,2232,2421,2706,3062,3466,3903,4364,4841,5331,5830,6336,6847,2760,2706,2760,2915,3156,3466,3827,4228,4656,5106,5573,6052,3248,3292,3423,3903,4228,4593,4990,5413,5855,6312,3789,3827,3941,4656,5358,5754
194,14625,13864,14290,23319,23822,24328,13532,13969,15319,17673,22617,23631,24140,15509,15984,16945,17431,17920,18906,19903,20404,20908,21413,21920,23963,24478,15252,18195,18696,19198,19703,21228,21739,22252,23798,24315,9981,10398,10826,11263,11710,12164,12625,13092,13564,14042,14524,15010,18499,19007,19516,21570,22087,23643,24164,9637,10068,10510,10960,11418,11884,13314,13800,17296,17805,18316,19343,19858,20894,21413,21934,22455,22977,23501,9313,9758,10213,10676,11146,11622,13081,13575,16093,16604,17117,19703,20224,20746,21269,7693,8119,8558,9009,9469,10412,10893,11380,11871,13369,14382,15920,16436,19561,20086,23779,24309,6932,7362,7806,8262,8728,10170,10662,11159,11660,13181,13693,14208,14724,23674,24207,6607,7057,9951,10454,10960,13013,13532,4593,10270,10785,11302,4656,4228,9592,10112,10634,5830,5331,4841,4364,7362,7881,8927,9453,6172,5651,5135,1624,1712,1952,2296,2706,5135,5651,6172,6695,7222,7750,8280,8811,6052,1210,1531,1952,2421,2915,4464,4990,5520,6052,6585,7119,8191,8728,5979,1712,2232,2760,3292,3827,4364,4901,5440,5979,6518,7057,8137,5954,5413,3789,3248,541,0,1624,2165,2706,3248,3789,4330,4872,5413,5954,6495,7037,7578,5440,4901,4364,3292,2760,2232,1712,1210,765,541,1712,2232,2760,3292,3827,4364,4901,5440,5979,6518,7057,1952,1531,1210,1083,1210,1531,1952,2421,2915,3423,3941,4464,4990,5520,6052,6585,1952,1712,1624,1712,1952,2296,2706,3156,3631,4122,4625,5135,5651,6172,2421,2232,2165,2232,2421,2706,3062,3466,3903,4364,4841,5331,5830,6336,2915,2760,2706,2760,2915,3156,3466,3827,4228,4656,5106,5573,3292,3248,3292,3631,3903,4228,4593,4990,5413,5855,3827,3789,3827,4364,4990,5358
195,13401,12636,13036,21820,22318,22817,12272,12683,13969,16247,21110,22113,22617,14115,14574,15509,15984,16462,17431,18411,18906,19403,19903,20404,22429,22939,13832,16710,17202,17697,18195,19703,20209,20718,22252,22766,8811,9186,9576,9981,10398,10826,11263,11710,12164,12625,13092,13564,16988,17489,17993,20027,20540,22087,22605,8420,8811,9218,9637,10068,10510,11884,12355,15781,16283,16788,17805,18316,19343,19858,20375,20894,21413,21934,8047,8455,8878,9313,9758,10213,11622,12103,14574,15078,15585,18147,18664,19183,19703,6518,6889,7282,7693,8119,9009,9469,9937,10412,11871,12866,14382,14893,17993,18515,22192,22721,5754,6124,6518,6932,7362,8728,9202,9683,10170,11660,12164,12671,13181,22080,22611,5358,5754,8472,8960,9453,11470,11982,5855,8745,9249,9758,6052,5573,8047,8558,9074,7362,6847,6336,5830,5830,6336,7362,7881,7750,7222,6695,2296,1952,1712,1624,1712,3631,4122,4625,5135,5651,6172,6695,7222,7655,1531,1210,1083,1210,1531,2915,3423,3941,4464,4990,5520,6585,7119,7597,541,765,1210,1712,2232,2760,3292,3827,4364,4901,5440,6518,7578,7037,5413,4872,2165,1624,0,541,1083,1624,2165,2706,3248,3789,4330,4872,5413,5954,7057,6518,5979,4901,4364,3827,3292,2760,2232,1712,541,765,1210,1712,2232,2760,3292,3827,4364,4901,5440,3423,2915,2421,1952,1531,1210,1083,1210,1531,1952,2421,2915,3423,3941,4464,4990,3156,2706,2296,1952,1712,1624,1712,1952,2296,2706,3156,3631,4122,4625,3466,3062,2706,2421,2232,2165,2232,2421,2706,3062,3466,3903,4364,4841,3827,3466,3156,2915,2760,2706,2760,2915,3156,3466,3827,4228,3903,3631,3423,3248,3292,3423,3631,3903,4228,4593,4364,4122,3941,3827,4122,4364
196,13013,12248,12636,21324,21820,22318,11871,12272,13532,15781,20611,21611,22113,13661,14115,15039,15509,15984,16945,17920,18411,18906,19403,19903,21920,22429,13369,16220,16710,17202,17697,19198,19703,20209,21739,22252,8455,8811,9186,9576,9981,10398,10826,11263,11710,12164,12625,13092,16489,16988,17489,19516,20027,21570,22087,8047,8420,8811,9218,9637,10068,11418,11884,15281,15781,16283,17296,17805,18828,19343,19858,20375,20894,21413,7655,8047,8455,8878,9313,9758,11146,11622,14073,14574,15078,17631,18147,18664,19183,6172,6518,6889,7282,7693,8558,9009,9469,9937,11380,12367,13874,14382,17473,17993,21665,22192,5413,5754,6124,6518,6932,8262,8728,9202,9683,11159,11660,12164,12671,21549,22080,4990,5358,7992,8472,8960,10960,11470,6312,8245,8745,9249,6540,6052,7539,8047,8558,7881,7362,6847,6336,5331,5830,6847,7362,8280,7750,7222,2706,2296,1952,1712,1624,3156,3631,4122,4625,5135,5651,6172,6695,8191,1952,1531,1210,1083,1210,2421,2915,3423,3941,4464,4990,6052,6585,8137,765,541,765,1210,1712,2232,2760,3292,3827,4364,4901,5979,8119,7578,5954,5413,2706,2165,541,0,541,1083,1624,2165,2706,3248,3789,4330,4872,5413,7597,7057,6518,5440,4901,4364,3827,3292,2760,2232,765,541,765,1210,1712,2232,2760,3292,3827,4364,4901,3941,3423,2915,2421,1952,1531,1210,1083,1210,1531,1952,2421,2915,3423,3941,4464,3631,3156,2706,2296,1952,1712,1624,1712,1952,2296,2706,3156,3631,4122,3903,3466,3062,2706,2421,2232,2165,2232,2421,2706,3062,3466,3903,4364,4228,3827,3466,3156,2915,2760,2706,2760,2915,3156,3466,3827,4228,3903,3631,3292,3248,3292,3423,3631,3903,4228,4656,4364,4122,3789,3941,4122
197,12636,11871,12248,20830,21324,21820,11482,11871,13103,15319,20115,21110,21611,13214,13661,14574,15039,15509,16462,17431,17920,18411,18906,19403,21413,21920,12912,15734,16220,16710,17202,18696,19198,19703,21228,21739,8119,8455,8811,9186,9576,9981,10398,10826,11263,11710,12164,12625,15993,16489,16988,19007,19516,21054,21570,7693,8047,8420,8811,9218,9637,10960,11418,14784,15281,15781,16788,17296,18316,18828,19343,19858,20375,20894,7282,7655,8047,8455,8878,9313,10676,11146,13575,14073,14574,17117,17631,18147,18664,5855,6172,6518,6889,7282,8119,8558,9009,9469,10893,11871,13369,13874,16953,17473,21138,21665,5106,5413,5754,6124,6518,7806,8262,8728,9202,10662,11159,11660,12164,21020,21549,4656,4990,7520,7992,8472,10454,10960,6782,7750,8245,8745,7037,6540,7037,7539,8047,8403,7881,7362,6847,4841,5331,6336,6847,8811,8280,7750,3156,2706,2296,1952,1712,2706,3156,3631,4122,4625,5135,5651,6172,8728,2421,1952,1531,1210,1083,1952,2421,2915,3423,3941,4464,5520,6052,8677,1210,765,541,765,1210,1712,2232,2760,3292,3827,4364,5440,8660,8119,6495,5954,3248,2706,1083,541,0,541,1083,1624,2165,2706,3248,3789,4330,4872,8137,7597,7057,5979,5440,4901,4364,3827,3292,2760,1210,765,541,765,1210,1712,2232,2760,3292,3827,4364,4464,3941,3423,2915,2421,1952,1531,1210,1083,1210,1531,1952,2421,2915,3423,3941,4122,3631,3156,2706,2296,1952,1712,1624,1712,1952,2296,2706,3156,3631,4364,3903,3466,3062,2706,2421,2232,2165,2232,2421,2706,3062,3466,3903,4656,4228,3827,3466,3156,2915,2760,2706,2760,2915,3156,3466,4593,4228,3903,3423,3292,3248,3292,3423,3631,3903,4990,4656,4364,3827,3827,3941
198,12272,11508,11871,20339,20830,21324,11106,11482,12683,14863,19621,20611,21110,12775,13214,14115,14574,15039,15984,16945,17431,17920,18411,18906,20908,21413,12461,15252,15734,16220,16710,18195,18696,19198,20718,21228,7806,8119,8455,8811,9186,9576,9981,10398,10826,11263,11710,12164,15500,15993,16489,18499,19007,20540,21054,7362,7693,8047,8420,8811,9218,10510,10960,14290,14784,15281,16283,16788,17805,18316,18828,19343,19858,20375,6932,7282,7655,8047,8455,8878,10213,10676,13081,13575,14073,16604,17117,17631,18147,5573,5855,6172,6518,6889,7693,8119,8558,9009,10412,11380,12866,13369,16436,16953,20611,21138,4841,5106,5413,5754,6124,7362,7806,8262,8728,10170,10662,11159,11660,20490,21020,4364,4656,7057,7520,7992,9951,10454,7262,7262,7750,8245,7539,7037,6540,7037,7539,8927,8403,7881,7362,4364,4841,5830,6336,9344,8811,8280,3631,3156,2706,2296,1952,2296,2706,3156,3631,4122,4625,5135,5651,9265,2915,2421,1952,1531,1210,1531,1952,2421,2915,3423,3941,4990,5520,9218,1712,1210,765,541,765,1210,1712,2232,2760,3292,3827,4901,9202,8660,7037,6495,3789,3248,1624,1083,541,0,541,1083,1624,2165,2706,3248,3789,4330,8677,8137,7597,6518,5979,5440,4901,4364,3827,3292,1712,1210,765,541,765,1210,1712,2232,2760,3292,3827,4990,4464,3941,3423,2915,2421,1952,1531,1210,1083,1210,1531,1952,2421,2915,3423,4625,4122,3631,3156,2706,2296,1952,1712,1624,1712,1952,2296,2706,3156,4841,4364,3903,3466,3062,2706,2421,2232,2165,2232,2421,2706,3062,3466,5106,4656,4228,3827,3466,3156,2915,2760,2706,2760,2915,3156,4990,4593,4228,3631,3423,3292,3248,3292,3423,3631,5358,4990,4656,3941,3789,3827
199,11920,11159,11508,19851,20339,20830,10744,11106,12272,14413,19129,20115,20611,12343,12775,13661,14115,14574,15509,16462,16945,17431,17920,18411,20404,20908,12018,14774,15252,15734,16220,17697,18195,18696,20209,20718,7520,7806,8119,8455,8811,9186,9576,9981,10398,10826,11263,11710,15010,15500,15993,17993,18499,20027,20540,7057,7362,7693,8047,8420,8811,10068,10510,13800,14290,14784,15781,16283,17296,17805,18316,18828,19343,19858,6607,6932,7282,7655,8047,8455,9758,10213,12590,13081,13575,16093,16604,17117,17631,5331,5573,5855,6172,6518,7282,7693,8119,8558,9937,10893,12367,12866,15920,16436,20086,20611,4625,4841,5106,5413,5754,6932,7362,7806,8262,9683,10170,10662,11159,19961,20490,4122,4364,6607,7057,7520,9453,9951,7750,6782,7262,7750,8047,7539,6052,6540,7037,9453,8927,8403,7881,3903,4364,5331,5830,9877,9344,8811,4122,3631,3156,2706,2296,1952,2296,2706,3156,3631,4122,4625,5135,9803,3423,2915,2421,1952,1531,1210,1531,1952,2421,2915,3423,4464,4990,9758,2232,1712,1210,765,541,765,1210,1712,2232,2760,3292,4364,9743,9202,7578,7037,4330,3789,2165,1624,1083,541,0,541,1083,1624,2165,2706,3248,3789,9218,8677,8137,7057,6518,5979,5440,4901,4364,3827,2232,1712,1210,765,541,765,1210,1712,2232,2760,3292,5520,4990,4464,3941,3423,2915,2421,1952,1531,1210,1083,1210,1531,1952,2421,2915,5135,4625,4122,3631,3156,2706,2296,1952,1712,1624,1712,1952,2296,2706,5331,4841,4364,3903,3466,3062,2706,2421,2232,2165,2232,2421,2706,3062,5573,5106,4656,4228,3827,3466,3156,2915,2760,2706,2760,2915,5413,4990,4593,3903,3631,3423,3292,3248,3292,3423,5754,5358,4990,4122,3827,3789
200,11584,10826,11159,19365,19851,20339,10398,10744,11871,13969,18641,19621,20115,11920,12343,13214,13661,14115,15039,15984,16462,16945,17431,17920,19903,20404,11584,14300,14774,15252,15734,17202,17697,18195,19703,20209,7262,7520,7806,8119,8455,8811,9186,9576,9981,10398,10826,11263,14524,15010,15500,17489,17993,19516,20027,6782,7057,7362,7693,8047,8420,9637,10068,13314,13800,14290,15281,15781,16788,17296,17805,18316,18828,19343,6312,6607,6932,7282,7655,8047,9313,9758,12103,12590,13081,15585,16093,16604,17117,5135,5331,5573,5855,6172,6889,7282,7693,8119,9469,10412,11871,12367,15405,15920,19561,20086,4464,4625,4841,5106,5413,6518,6932,7362,7806,9202,9683,10170,10662,19433,19961,3941,4122,6172,6607,7057,8960,9453,8245,6312,6782,7262,8558,8047,5573,6052,6540,9981,9453,8927,8403,3466,3903,4841,5331,10412,9877,9344,4625,4122,3631,3156,2706,1712,1952,2296,2706,3156,3631,4122,4625,10341,3941,3423,2915,2421,1952,1083,1210,1531,1952,2421,2915,3941,4464,10299,2760,2232,1712,1210,765,541,765,1210,1712,2232,2760,3827,10284,9743,8119,7578,4872,4330,2706,2165,1624,1083,541,0,541,1083,1624,2165,2706,3248,9758,9218,8677,7597,7057,6518,5979,5440,4901,4364,2760,2232,1712,1210,765,541,765,1210,1712,2232,2760,6052,5520,4990,4464,3941,3423,2915,2421,1952,1531,1210,1083,1210,1531,1952,2421,5651,5135,4625,4122,3631,3156,2706,2296,1952,1712,1624,1712,1952,2296,5830,5331,4841,4364,3903,3466,3062,2706,2421,2232,2165,2232,2421,2706,6052,5573,5106,4656,4228,3827,3466,3156,2915,2760,2706,2760,5855,5413,4990,4228,3903,3631,3423,3292,3248,3292,6172,5754,5358,4364,3941,3827
201,11263,10510,10826,18883,19365,19851,10068,10398,11482,13532,18155,19129,19621,11508,11920,12775,13214,13661,14574,15509,15984,16462,16945,17431,19403,19903,11159,13832,14300,14774,15252,16710,17202,17697,19198,19703,7037,7262,7520,7806,8119,8455,8811,9186,9576,9981,10398,10826,14042,14524,15010,16988,17489,19007,19516,6540,6782,7057,7362,7693,8047,9218,9637,12832,13314,13800,14784,15281,16283,16788,17296,17805,18316,18828,6052,6312,6607,6932,7282,7655,8878,9313,11622,12103,12590,15078,15585,16093,16604,4990,5135,5331,5573,5855,6518,6889,7282,7693,9009,9937,11380,11871,14893,15405,19037,19561,4364,4464,4625,4841,5106,6124,6518,6932,7362,8728,9202,9683,10170,18906,19433,3827,3941,5754,6172,6607,8472,8960,8745,5855,6312,6782,9074,8558,5106,5573,6052,10510,9981,9453,8927,3062,3466,4364,4841,10947,10412,9877,5135,4625,4122,3631,3156,1624,1712,1952,2296,2706,3156,3631,4122,10880,4464,3941,3423,2915,2421,1210,1083,1210,1531,1952,2421,3423,3941,10839,3292,2760,2232,1712,1210,765,541,765,1210,1712,2232,3292,10826,10284,8660,8119,5413,4872,3248,2706,2165,1624,1083,541,0,541,1083,1624,2165,2706,10299,9758,9218,8137,7597,7057,6518,5979,5440,4901,3292,2760,2232,1712,1210,765,541,765,1210,1712,2232,6585,6052,5520,4990,4464,3941,3423,2915,2421,1952,1531,1210,1083,1210,1531,1952,6172,5651,5135,4625,4122,3631,3156,2706,2296,1952,1712,1624,1712,1952,6336,5830,5331,4841,4364,3903,3466,3062,2706,2421,2232,2165,2232,2421,6540,6052,5573,5106,4656,4228,3827,3466,3156,2915,2760,2706,6312,5855,5413,4593,4228,3903,3631,3423,3292,3248,6607,6172,5754,4656,4122,3941
202,10960,10213,10510,18404,18883,19365,9758,10068,11106,13103,17673,18641,19129,11106,11508,12343,12775,13214,14115,15039,15509,15984,16462,16945,18906,19403,10744,13369,13832,14300,14774,16220,16710,17202,18696,19198,6847,7037,7262,7520,7806,8119,8455,8811,9186,9576,9981,10398,13564,14042,14524,16489,16988,18499,19007,6336,6540,6782,7057,7362,7693,8811,9218,12355,12832,13314,14290,14784,15781,16283,16788,17296,17805,18316,5830,6052,6312,6607,6932,7282,8455,8878,11146,11622,12103,14574,15078,15585,16093,4901,4990,5135,5331,5573,6172,6518,6889,7282,8558,9469,10893,11380,14382,14893,18515,19037,4330,4364,4464,4625,4841,5754,6124,6518,6932,8262,8728,9202,9683,18380,18906,3789,3827,5358,5754,6172,7992,8472,9249,5413,5855,6312,9592,9074,4656,5106,5573,11040,10510,9981,9453,2706,3062,3903,4364,11482,10947,10412,5651,5135,4625,4122,3631,1712,1624,1712,1952,2296,2706,3156,3631,11418,4990,4464,3941,3423,2915,1531,1210,1083,1210,1531,1952,2915,3423,11380,3827,3292,2760,2232,1712,1210,765,541,765,1210,1712,2760,11367,10826,9202,8660,5954,5413,3789,3248,2706,2165,1624,1083,541,0,541,1083,1624,2165,10839,10299,9758,8677,8137,7597,7057,6518,5979,5440,3827,3292,2760,2232,1712,1210,765,541,765,1210,1712,7119,6585,6052,5520,4990,4464,3941,3423,2915,2421,1952,1531,1210,1083,1210,1531,6695,6172,5651,5135,4625,4122,3631,3156,2706,2296,1952,1712,1624,1712,6847,6336,5830,5331,4841,4364,3903,3466,3062,2706,2421,2232,2165,2232,7037,6540,6052,5573,5106,4656,4228,3827,3466,3156,2915,2760,6782,6312,5855,4990,4593,4228,3903,3631,3423,3292,7057,6607,6172,4990,4364,4122
203,10676,9937,10213,17928,18404,18883,9469,9758,10744,12683,17194,18155,18641,10717,11106,11920,12343,12775,13661,14574,15039,15509,15984,16462,18411,18906,10341,12912,13369,13832,14300,15734,16220,16710,18195,18696,6695,6847,7037,7262,7520,7806,8119,8455,8811,9186,9576,9981,13092,13564,14042,15993,16489,17993,18499,6172,6336,6540,6782,7057,7362,8420,8811,11884,12355,12832,13800,14290,15281,15781,16283,16788,17296,17805,5651,5830,6052,6312,6607,6932,8047,8455,10676,11146,11622,14073,14574,15078,15585,4872,4901,4990,5135,5331,5855,6172,6518,6889,8119,9009,10412,10893,13874,14382,17993,18515,4364,4330,4364,4464,4625,5413,5754,6124,6518,7806,8262,8728,9202,17854,18380,3827,3789,4990,5358,5754,7520,7992,9758,4990,5413,5855,10112,9592,4228,4656,5106,11571,11040,10510,9981,2421,2706,3466,3903,12018,11482,10947,6172,5651,5135,4625,4122,1952,1712,1624,1712,1952,2296,2706,3156,11957,5520,4990,4464,3941,3423,1952,1531,1210,1083,1210,1531,2421,2915,11920,4364,3827,3292,2760,2232,1712,1210,765,541,765,1210,2232,11908,11367,9743,9202,6495,5954,4330,3789,3248,2706,2165,1624,1083,541,0,541,1083,1624,11380,10839,10299,9218,8677,8137,7597,7057,6518,5979,4364,3827,3292,2760,2232,1712,1210,765,541,765,1210,7655,7119,6585,6052,5520,4990,4464,3941,3423,2915,2421,1952,1531,1210,1083,1210,7222,6695,6172,5651,5135,4625,4122,3631,3156,2706,2296,1952,1712,1624,7362,6847,6336,5830,5331,4841,4364,3903,3466,3062,2706,2421,2232,2165,7539,7037,6540,6052,5573,5106,4656,4228,3827,3466,3156,2915,7262,6782,6312,5413,4990,4593,4228,3903,3631,3423,7520,7057,6607,5358,4656,4364
204,10412,9683,9937,17456,17928,18404,9202,9469,10398,12272,16718,17673,18155,10341,10717,11508,11920,12343,13214,14115,14574,15039,15509,15984,17920,18411,9951,12461,12912,13369,13832,15252,15734,16220,17697,18195,6585,6695,6847,7037,7262,7520,7806,8119,8455,8811,9186,9576,12625,13092,13564,15500,15993,17489,17993,6052,6172,6336,6540,6782,7057,8047,8420,11418,11884,12355,13314,13800,14784,15281,15781,16283,16788,17296,5520,5651,5830,6052,6312,6607,7655,8047,10213,10676,11146,13575,14073,14574,15078,4901,4872,4901,4990,5135,5573,5855,6172,6518,7693,8558,9937,10412,13369,13874,17473,17993,4464,4364,4330,4364,4464,5106,5413,5754,6124,7362,7806,8262,8728,17329,17854,3941,3827,4656,4990,5358,7057,7520,10270,4593,4990,5413,10634,10112,3827,4228,4656,12103,11571,11040,10510,2232,2421,3062,3466,12555,12018,11482,6695,6172,5651,5135,4625,2296,1952,1712,1624,1712,1952,2296,2706,12496,6052,5520,4990,4464,3941,2421,1952,1531,1210,1083,1210,1952,2421,12461,4901,4364,3827,3292,2760,2232,1712,1210,765,541,765,1712,12449,11908,10284,9743,7037,6495,4872,4330,3789,3248,2706,2165,1624,1083,541,0,541,1083,11920,11380,10839,9758,9218,8677,8137,7597,7057,6518,4901,4364,3827,3292,2760,2232,1712,1210,765,541,765,8191,7655,7119,6585,6052,5520,4990,4464,3941,3423,2915,2421,1952,1531,1210,1083,7750,7222,6695,6172,5651,5135,4625,4122,3631,3156,2706,2296,1952,1712,7881,7362,6847,6336,5830,5331,4841,4364,3903,3466,3062,2706,2421,2232,8047,7539,7037,6540,6052,5573,5106,4656,4228,3827,3466,3156,7750,7262,6782,5855,5413,4990,4593,4228,3903,3631,7992,7520,7057,5754,4990,4656
205,10170,9453,9683,16988,17456,17928,8960,9202,10068,11871,16247,17194,17673,9981,10341,11106,11508,11920,12775,13661,14115,14574,15039,15509,17431,17920,9576,12018,12461,12912,13369,14774,15252,15734,17202,17697,6518,6585,6695,6847,7037,7262,7520,7806,8119,8455,8811,9186,12164,12625,13092,15010,15500,16988,17489,5979,6052,6172,6336,6540,6782,7693,8047,10960,11418,11884,12832,13314,14290,14784,15281,15781,16283,16788,5440,5520,5651,5830,6052,6312,7282,7655,9758,10213,10676,13081,13575,14073,14574,4990,4901,4872,4901,4990,5331,5573,5855,6172,7282,8119,9469,9937,12866,13369,16953,17473,4625,4464,4364,4330,4364,4841,5106,5413,5754,6932,7362,7806,8262,16806,17329,4122,3941,4364,4656,4990,6607,7057,10785,4228,4593,4990,11159,10634,3466,3827,4228,12636,12103,11571,11040,2165,2232,2706,3062,13092,12555,12018,7222,6695,6172,5651,5135,2706,2296,1952,1712,1624,1712,1952,2296,13036,6585,6052,5520,4990,4464,2915,2421,1952,1531,1210,1083,1531,1952,13002,5440,4901,4364,3827,3292,2760,2232,1712,1210,765,541,1210,12991,12449,10826,10284,7578,7037,5413,4872,4330,3789,3248,2706,2165,1624,1083,541,0,541,12461,11920,11380,10299,9758,9218,8677,8137,7597,7057,5440,4901,4364,3827,3292,2760,2232,1712,1210,765,541,8728,8191,7655,7119,6585,6052,5520,4990,4464,3941,3423,2915,2421,1952,1531,1210,8280,7750,7222,6695,6172,5651,5135,4625,4122,3631,3156,2706,2296,1952,8403,7881,7362,6847,6336,5830,5331,4841,4364,3903,3466,3062,2706,2421,8558,8047,7539,7037,6540,6052,5573,5106,4656,4228,3827,3466,8245,7750,7262,6312,5855,5413,4990,4593,4228,3903,8472,7992,7520,6172,5358,4990
206,9951,9249,9453,16525,16988,17456,8745,8960,9758,11482,15781,16718,17194,9637,9981,10717,11106,11508,12343,13214,13661,14115,14574,15039,16945,17431,9218,11584,12018,12461,12912,14300,14774,15252,16710,17202,6495,6518,6585,6695,6847,7037,7262,7520,7806,8119,8455,8811,11710,12164,12625,14524,15010,16489,16988,5954,5979,6052,6172,6336,6540,7362,7693,10510,10960,11418,12355,12832,13800,14290,14784,15281,15781,16283,5413,5440,5520,5651,5830,6052,6932,7282,9313,9758,10213,12590,13081,13575,14073,5135,4990,4901,4872,4901,5135,5331,5573,5855,6889,7693,9009,9469,12367,12866,16436,16953,4841,4625,4464,4364,4330,4625,4841,5106,5413,6518,6932,7362,7806,16283,16806,4364,4122,4122,4364,4656,6172,6607,11302,3903,4228,4593,11685,11159,3156,3466,3827,13170,12636,12103,11571,2232,2165,2421,2706,13629,13092,12555,7750,7222,6695,6172,5651,3156,2706,2296,1952,1712,1624,1712,1952,13575,7119,6585,6052,5520,4990,3423,2915,2421,1952,1531,1210,1210,1531,13543,5979,5440,4901,4364,3827,3292,2760,2232,1712,1210,765,765,13532,12991,11367,10826,8119,7578,5954,5413,4872,4330,3789,3248,2706,2165,1624,1083,541,0,13002,12461,11920,10839,10299,9758,9218,8677,8137,7597,5979,5440,4901,4364,3827,3292,2760,2232,1712,1210,765,9265,8728,8191,7655,7119,6585,6052,5520,4990,4464,3941,3423,2915,2421,1952,1531,8811,8280,7750,7222,6695,6172,5651,5135,4625,4122,3631,3156,2706,2296,8927,8403,7881,7362,6847,6336,5830,5331,4841,4364,3903,3466,3062,2706,9074,8558,8047,7539,7037,6540,6052,5573,5106,4656,4228,3827,8745,8245,7750,6782,6312,5855,5413,4990,4593,4228,8960,8472,7992,6607,5754,5358
207,19403,18664,19137,28586,29099,29613,18404,18883,20339,22817,27901,28932,29449,20611,21110,22113,22617,23123,24140,25162,25675,26189,26704,27221,29294,29815,20404,23451,23963,24478,24993,26545,27064,27584,29149,29672,14774,15252,15734,16220,16710,17202,17697,18195,18696,19198,19703,20209,23798,24315,24834,26917,27440,29013,29538,14524,15010,15500,15993,16489,16988,18499,19007,22605,23123,23643,24686,25209,26256,26781,27306,27833,28359,28886,14290,14784,15281,15781,16283,16788,18316,18828,21413,21934,22455,25075,25601,26128,26655,12590,13081,13575,14073,14574,15585,16093,16604,17117,18664,19703,21269,21793,24952,25480,29194,29726,11871,12367,12866,13369,13874,15405,15920,16436,16953,18515,19037,19561,20086,29099,29632,11660,12164,15243,15762,16283,18380,18906,4364,15622,16148,16675,3631,3903,14971,15500,16030,2706,2760,2915,3156,12740,13270,14331,14863,2232,2165,2232,5830,6336,6847,7362,7881,10510,11040,11571,12103,12636,13170,13704,14239,1712,6172,6695,7222,7750,8280,9877,10412,10947,11482,12018,12555,13629,14167,1210,7119,7655,8191,8728,9265,9803,10341,10880,11418,11957,12496,13575,765,541,1712,2232,4901,5440,7057,7597,8137,8677,9218,9758,10299,10839,11380,11920,12461,13002,0,541,1083,2165,2706,3248,3789,4330,4872,5413,7037,7578,8119,8660,9202,9743,10284,10826,11367,11908,12449,3827,4364,4901,5440,5979,6518,7057,7597,8137,8677,9218,9758,10299,10839,11380,11920,4464,4990,5520,6052,6585,7119,7655,8191,8728,9265,9803,10341,10880,11418,4625,5135,5651,6172,6695,7222,7750,8280,8811,9344,9877,10412,10947,11482,4841,5331,5830,6336,6847,7362,7881,8403,8927,9453,9981,10510,5573,6052,6540,7539,8047,8558,9074,9592,10112,10634,5855,6312,6782,8245,9249,9758
208,18937,18195,18664,28074,28586,29099,17928,18404,19851,22318,27387,28416,28932,20115,20611,21611,22113,22617,23631,24651,25162,25675,26189,26704,28775,29294,19903,22939,23451,23963,24478,26027,26545,27064,28627,29149,14300,14774,15252,15734,16220,16710,17202,17697,18195,18696,19198,19703,23281,23798,24315,26395,26917,28488,29013,14042,14524,15010,15500,15993,16489,17993,18499,22087,22605,23123,24164,24686,25732,26256,26781,27306,27833,28359,13800,14290,14784,15281,15781,16283,17805,18316,20894,21413,21934,24549,25075,25601,26128,12103,12590,13081,13575,14073,15078,15585,16093,16604,18147,19183,20746,21269,24424,24952,28662,29194,11380,11871,12367,12866,13369,14893,15405,15920,16436,17993,18515,19037,19561,28565,29099,11159,11660,14724,15243,15762,17854,18380,4122,15098,15622,16148,3423,3631,14443,14971,15500,2760,2706,2760,2915,12212,12740,13800,14331,2421,2232,2165,5331,5830,6336,6847,7362,9981,10510,11040,11571,12103,12636,13170,13704,1952,5651,6172,6695,7222,7750,9344,9877,10412,10947,11482,12018,13092,13629,1531,6585,7119,7655,8191,8728,9265,9803,10341,10880,11418,11957,13036,1210,765,1210,1712,4364,4901,6518,7057,7597,8137,8677,9218,9758,10299,10839,11380,11920,12461,541,0,541,1624,2165,2706,3248,3789,4330,4872,6495,7037,7578,8119,8660,9202,9743,10284,10826,11367,11908,3292,3827,4364,4901,5440,5979,6518,7057,7597,8137,8677,9218,9758,10299,10839,11380,3941,4464,4990,5520,6052,6585,7119,7655,8191,8728,9265,9803,10341,10880,4122,4625,5135,5651,6172,6695,7222,7750,8280,8811,9344,9877,10412,10947,4364,4841,5331,5830,6336,6847,7362,7881,8403,8927,9453,9981,5106,5573,6052,7037,7539,8047,8558,9074,9592,10112,5413,5855,6312,7750,8745,9249
209,18475,17731,18195,27563,28074,28586,17456,17928,19365,21820,26874,27901,28416,19621,20115,21110,21611,22113,23123,24140,24651,25162,25675,26189,28256,28775,19403,22429,22939,23451,23963,25509,26027,26545,28105,28627,13832,14300,14774,15252,15734,16220,16710,17202,17697,18195,18696,19198,22766,23281,23798,25874,26395,27964,28488,13564,14042,14524,15010,15500,15993,17489,17993,21570,22087,22605,23643,24164,25209,25732,26256,26781,27306,27833,13314,13800,14290,14784,15281,15781,17296,17805,20375,20894,21413,24025,24549,25075,25601,11622,12103,12590,13081,13575,14574,15078,15585,16093,17631,18664,20224,20746,23896,24424,28131,28662,10893,11380,11871,12367,12866,14382,14893,15405,15920,17473,17993,18515,19037,28032,28565,10662,11159,14208,14724,15243,17329,17854,3941,14574,15098,15622,3292,3423,13916,14443,14971,2915,2760,2706,2760,11685,12212,13270,13800,2706,2421,2232,4841,5331,5830,6336,6847,9453,9981,10510,11040,11571,12103,12636,13170,2296,5135,5651,6172,6695,7222,8811,9344,9877,10412,10947,11482,12555,13092,1952,6052,6585,7119,7655,8191,8728,9265,9803,10341,10880,11418,12496,1712,1210,765,1210,3827,4364,5979,6518,7057,7597,8137,8677,9218,9758,10299,10839,11380,11920,1083,541,0,1083,1624,2165,2706,3248,3789,4330,5954,6495,7037,7578,8119,8660,9202,9743,10284,10826,11367,2760,3292,3827,4364,4901,5440,5979,6518,7057,7597,8137,8677,9218,9758,10299,10839,3423,3941,4464,4990,5520,6052,6585,7119,7655,8191,8728,9265,9803,10341,3631,4122,4625,5135,5651,6172,6695,7222,7750,8280,8811,9344,9877,10412,3903,4364,4841,5331,5830,6336,6847,7362,7881,8403,8927,9453,4656,5106,5573,6540,7037,7539,8047,8558,9074,9592,4990,5413,5855,7262,8245,8745
210,17565,16815,17270,26545,27053,27563,16525,16988,18404,20830,25851,26874,27387,18641,19129,20115,20611,21110,22113,23123,23631,24140,24651,25162,27221,27738,18411,21413,21920,22429,22939,24478,24993,25509,27064,27584,12912,13369,13832,14300,14774,15252,15734,16220,16710,17202,17697,18195,21739,22252,22766,24834,25354,26917,27440,12625,13092,13564,14042,14524,15010,16489,16988,20540,21054,21570,22605,23123,24164,24686,25209,25732,26256,26781,12355,12832,13314,13800,14290,14784,16283,16788,19343,19858,20375,22977,23501,24025,24549,10676,11146,11622,12103,12590,13575,14073,14574,15078,16604,17631,19183,19703,22843,23369,27069,27600,9937,10412,10893,11380,11871,13369,13874,14382,14893,16436,16953,17473,17993,26966,27499,9683,10170,13181,13693,14208,16283,16806,3789,13532,14052,14574,3292,3248,12866,13391,13916,3466,3156,2915,2760,10634,11159,12212,12740,3466,3062,2706,3903,4364,4841,5331,5830,8403,8927,9453,9981,10510,11040,11571,12103,3156,4122,4625,5135,5651,6172,7750,8280,8811,9344,9877,10412,11482,12018,2915,4990,5520,6052,6585,7119,7655,8191,8728,9265,9803,10341,11418,2760,2232,765,541,2760,3292,4901,5440,5979,6518,7057,7597,8137,8677,9218,9758,10299,10839,2165,1624,1083,0,541,1083,1624,2165,2706,3248,4872,5413,5954,6495,7037,7578,8119,8660,9202,9743,10284,1712,2232,2760,3292,3827,4364,4901,5440,5979,6518,7057,7597,8137,8677,9218,9758,2421,2915,3423,3941,4464,4990,5520,6052,6585,7119,7655,8191,8728,9265,2706,3156,3631,4122,4625,5135,5651,6172,6695,7222,7750,8280,8811,9344,3062,3466,3903,4364,4841,5331,5830,6336,6847,7362,7881,8403,3827,4228,4656,5573,6052,6540,7037,7539,8047,8558,4228,4593,4990,6312,7262,7750
211,17117,16364,16815,26038,26545,27053,16066,16525,17928,20339,25342,26362,26874,18155,18641,19621,20115,20611,21611,22617,23123,23631,24140,24651,26704,27221,17920,20908,21413,21920,22429,23963,24478,24993,26545,27064,12461,12912,13369,13832,14300,14774,15252,15734,16220,16710,17202,17697,21228,21739,22252,24315,24834,26395,26917,12164,12625,13092,13564,14042,14524,15993,16489,20027,20540,21054,22087,22605,23643,24164,24686,25209,25732,26256,11884,12355,12832,13314,13800,14290,15781,16283,18828,19343,19858,22455,22977,23501,24025,10213,10676,11146,11622,12103,13081,13575,14073,14574,16093,17117,18664,19183,22318,22843,26539,27069,9469,9937,10412,10893,11380,12866,13369,13874,14382,15920,16436,16953,17473,26434,26966,9202,9683,12671,13181,13693,15762,16283,3827,13013,13532,14052,3423,3292,12343,12866,13391,3827,3466,3156,2915,10112,10634,11685,12212,3903,3466,3062,3466,3903,4364,4841,5331,7881,8403,8927,9453,9981,10510,11040,11571,3631,3631,4122,4625,5135,5651,7222,7750,8280,8811,9344,9877,10947,11482,3423,4464,4990,5520,6052,6585,7119,7655,8191,8728,9265,9803,10880,3292,2760,1210,765,2232,2760,4364,4901,5440,5979,6518,7057,7597,8137,8677,9218,9758,10299,2706,2165,1624,541,0,541,1083,1624,2165,2706,4330,4872,5413,5954,6495,7037,7578,8119,8660,9202,9743,1210,1712,2232,2760,3292,3827,4364,4901,5440,5979,6518,7057,7597,8137,8677,9218,1952,2421,2915,3423,3941,4464,4990,5520,6052,6585,7119,7655,8191,8728,2296,2706,3156,3631,4122,4625,5135,5651,6172,6695,7222,7750,8280,8811,2706,3062,3466,3903,4364,4841,5331,5830,6336,6847,7362,7881,3466,3827,4228,5106,5573,6052,6540,7037,7539,8047,3903,4228,4593,5855,6782,7262
212,16675,15920,16364,25532,26038,26545,15613,16066,17456,19851,24834,25851,26362,17673,18155,19129,19621,20115,21110,22113,22617,23123,23631,24140,26189,26704,17431,20404,20908,21413,21920,23451,23963,24478,26027,26545,12018,12461,12912,13369,13832,14300,14774,15252,15734,16220,16710,17202,20718,21228,21739,23798,24315,25874,26395,11710,12164,12625,13092,13564,14042,15500,15993,19516,20027,20540,21570,22087,23123,23643,24164,24686,25209,25732,11418,11884,12355,12832,13314,13800,15281,15781,18316,18828,19343,21934,22455,22977,23501,9758,10213,10676,11146,11622,12590,13081,13575,14073,15585,16604,18147,18664,21793,22318,26010,26539,9009,9469,9937,10412,10893,12367,12866,13369,13874,15405,15920,16436,16953,25902,26434,8728,9202,12164,12671,13181,15243,15762,3941,12496,13013,13532,3631,3423,11822,12343,12866,4228,3827,3466,3156,9592,10112,11159,11685,4364,3903,3466,3062,3466,3903,4364,4841,7362,7881,8403,8927,9453,9981,10510,11040,4122,3156,3631,4122,4625,5135,6695,7222,7750,8280,8811,9344,10412,10947,3941,3941,4464,4990,5520,6052,6585,7119,7655,8191,8728,9265,10341,3827,3292,1712,1210,1712,2232,3827,4364,4901,5440,5979,6518,7057,7597,8137,8677,9218,9758,3248,2706,2165,1083,541,0,541,1083,1624,2165,3789,4330,4872,5413,5954,6495,7037,7578,8119,8660,9202,765,1210,1712,2232,2760,3292,3827,4364,4901,5440,5979,6518,7057,7597,8137,8677,1531,1952,2421,2915,3423,3941,4464,4990,5520,6052,6585,7119,7655,8191,1952,2296,2706,3156,3631,4122,4625,5135,5651,6172,6695,7222,7750,8280,2421,2706,3062,3466,3903,4364,4841,5331,5830,6336,6847,7362,3156,3466,3827,4656,5106,5573,6052,6540,7037,7539,3631,3903,4228,5413,6312,6782
213,16238,15481,15920,25028,25532,26038,15166,15613,16988,19365,24328,25342,25851,17194,17673,18641,19129,19621,20611,21611,22113,22617,23123,23631,25675,26189,16945,19903,20404,20908,21413,22939,23451,23963,25509,26027,11584,12018,12461,12912,13369,13832,14300,14774,15252,15734,16220,16710,20209,20718,21228,23281,23798,25354,25874,11263,11710,12164,12625,13092,13564,15010,15500,19007,19516,20027,21054,21570,22605,23123,23643,24164,24686,25209,10960,11418,11884,12355,12832,13314,14784,15281,17805,18316,18828,21413,21934,22455,22977,9313,9758,10213,10676,11146,12103,12590,13081,13575,15078,16093,17631,18147,21269,21793,25480,26010,8558,9009,9469,9937,10412,11871,12367,12866,13369,14893,15405,15920,16436,25371,25902,8262,8728,11660,12164,12671,14724,15243,4122,11982,12496,13013,3903,3631,11302,11822,12343,4656,4228,3827,3466,9074,9592,10634,11159,4841,4364,3903,2706,3062,3466,3903,4364,6847,7362,7881,8403,8927,9453,9981,10510,4625,2706,3156,3631,4122,4625,6172,6695,7222,7750,8280,8811,9877,10412,4464,3423,3941,4464,4990,5520,6052,6585,7119,7655,8191,8728,9803,4364,3827,2232,1712,1210,1712,3292,3827,4364,4901,5440,5979,6518,7057,7597,8137,8677,9218,3789,3248,2706,1624,1083,541,0,541,1083,1624,3248,3789,4330,4872,5413,5954,6495,7037,7578,8119,8660,541,765,1210,1712,2232,2760,3292,3827,4364,4901,5440,5979,6518,7057,7597,8137,1210,1531,1952,2421,2915,3423,3941,4464,4990,5520,6052,6585,7119,7655,1712,1952,2296,2706,3156,3631,4122,4625,5135,5651,6172,6695,7222,7750,2232,2421,2706,3062,3466,3903,4364,4841,5331,5830,6336,6847,2915,3156,3466,4228,4656,5106,5573,6052,6540,7037,3423,3631,3903,4990,5855,6312
214,15809,15049,15481,24525,25028,25532,14724,15166,16525,18883,23822,24834,25342,16718,17194,18155,18641,19129,20115,21110,21611,22113,22617,23123,25162,25675,16462,19403,19903,20404,20908,22429,22939,23451,24993,25509,11159,11584,12018,12461,12912,13369,13832,14300,14774,15252,15734,16220,19703,20209,20718,22766,23281,24834,25354,10826,11263,11710,12164,12625,13092,14524,15010,18499,19007,19516,20540,21054,22087,22605,23123,23643,24164,24686,10510,10960,11418,11884,12355,12832,14290,14784,17296,17805,18316,20894,21413,21934,22455,8878,9313,9758,10213,10676,11622,12103,12590,13081,14574,15585,17117,17631,20746,21269,24952,25480,8119,8558,9009,9469,9937,11380,11871,12367,12866,14382,14893,15405,15920,24840,25371,7806,8262,11159,11660,12164,14208,14724,4364,11470,11982,12496,4228,3903,10785,11302,11822,5106,4656,4228,3827,8558,9074,10112,10634,5331,4841,4364,2421,2706,3062,3466,3903,6336,6847,7362,7881,8403,8927,9453,9981,5135,2296,2706,3156,3631,4122,5651,6172,6695,7222,7750,8280,9344,9877,4990,2915,3423,3941,4464,4990,5520,6052,6585,7119,7655,8191,9265,4901,4364,2760,2232,765,1210,2760,3292,3827,4364,4901,5440,5979,6518,7057,7597,8137,8677,4330,3789,3248,2165,1624,1083,541,0,541,1083,2706,3248,3789,4330,4872,5413,5954,6495,7037,7578,8119,765,541,765,1210,1712,2232,2760,3292,3827,4364,4901,5440,5979,6518,7057,7597,1083,1210,1531,1952,2421,2915,3423,3941,4464,4990,5520,6052,6585,7119,1624,1712,1952,2296,2706,3156,3631,4122,4625,5135,5651,6172,6695,7222,2165,2232,2421,2706,3062,3466,3903,4364,4841,5331,5830,6336,2760,2915,3156,3827,4228,4656,5106,5573,6052,6540,3292,3423,3631,4593,5413,5855
215,15386,14625,15049,24025,24525,25028,14290,14724,16066,18404,23319,24328,24834,16247,16718,17673,18155,18641,19621,20611,21110,21611,22113,22617,24651,25162,15984,18906,19403,19903,20404,21920,22429,22939,24478,24993,10744,11159,11584,12018,12461,12912,13369,13832,14300,14774,15252,15734,19198,19703,20209,22252,22766,24315,24834,10398,10826,11263,11710,12164,12625,14042,14524,17993,18499,19007,20027,20540,21570,22087,22605,23123,23643,24164,10068,10510,10960,11418,11884,12355,13800,14290,16788,17296,17805,20375,20894,21413,21934,8455,8878,9313,9758,10213,11146,11622,12103,12590,14073,15078,16604,17117,20224,20746,24424,24952,7693,8119,8558,9009,9469,10893,11380,11871,12367,13874,14382,14893,15405,24309,24840,7362,7806,10662,11159,11660,13693,14208,4656,10960,11470,11982,4593,4228,10270,10785,11302,5573,5106,4656,4228,8047,8558,9592,10112,5830,5331,4841,2232,2421,2706,3062,3466,5830,6336,6847,7362,7881,8403,8927,9453,5651,1952,2296,2706,3156,3631,5135,5651,6172,6695,7222,7750,8811,9344,5520,2421,2915,3423,3941,4464,4990,5520,6052,6585,7119,7655,8728,5440,4901,3292,2760,541,765,2232,2760,3292,3827,4364,4901,5440,5979,6518,7057,7597,8137,4872,4330,3789,2706,2165,1624,1083,541,0,541,2165,2706,3248,3789,4330,4872,5413,5954,6495,7037,7578,1210,765,541,765,1210,1712,2232,2760,3292,3827,4364,4901,5440,5979,6518,7057,1210,1083,1210,1531,1952,2421,2915,3423,3941,4464,4990,5520,6052,6585,1712,1624,1712,1952,2296,2706,3156,3631,4122,4625,5135,5651,6172,6695,2232,2165,2232,2421,2706,3062,3466,3903,4364,4841,5331,5830,2706,2760,2915,3466,3827,4228,4656,5106,5573,6052,3248,3292,3423,4228,4990,5413
216,14971,14208,14625,23525,24025,24525,13864,14290,15613,17928,22817,23822,24328,15781,16247,17194,17673,18155,19129,20115,20611,21110,21611,22113,24140,24651,15509,18411,18906,19403,19903,21413,21920,22429,23963,24478,10341,10744,11159,11584,12018,12461,12912,13369,13832,14300,14774,15252,18696,19198,19703,21739,22252,23798,24315,9981,10398,10826,11263,11710,12164,13564,14042,17489,17993,18499,19516,20027,21054,21570,22087,22605,23123,23643,9637,10068,10510,10960,11418,11884,13314,13800,16283,16788,17296,19858,20375,20894,21413,8047,8455,8878,9313,9758,10676,11146,11622,12103,13575,14574,16093,16604,19703,20224,23896,24424,7282,7693,8119,8558,9009,10412,10893,11380,11871,13369,13874,14382,14893,23779,24309,6932,7362,10170,10662,11159,13181,13693,4990,10454,10960,11470,4990,4593,9758,10270,10785,6052,5573,5106,4656,7539,8047,9074,9592,6336,5830,5331,2165,2232,2421,2706,3062,5331,5830,6336,6847,7362,7881,8403,8927,6172,1712,1952,2296,2706,3156,4625,5135,5651,6172,6695,7222,8280,8811,6052,1952,2421,2915,3423,3941,4464,4990,5520,6052,6585,7119,8191,5979,5440,3827,3292,765,541,1712,2232,2760,3292,3827,4364,4901,5440,5979,6518,7057,7597,5413,4872,4330,3248,2706,2165,1624,1083,541,0,1624,2165,2706,3248,3789,4330,4872,5413,5954,6495,7037,1712,1210,765,541,765,1210,1712,2232,2760,3292,3827,4364,4901,5440,5979,6518,1531,1210,1083,1210,1531,1952,2421,2915,3423,3941,4464,4990,5520,6052,1952,1712,1624,1712,1952,2296,2706,3156,3631,4122,4625,5135,5651,6172,2421,2232,2165,2232,2421,2706,3062,3466,3903,4364,4841,5331,2760,2706,2760,3156,3466,3827,4228,4656,5106,5573,3292,3248,3292,3903,4593,4990
217,13779,13013,13401,22040,22533,23028,12636,13036,14290,16525,21324,22318,22817,14413,14863,15781,16247,16718,17673,18641,19129,19621,20115,20611,22617,23123,14115,16945,17431,17920,18411,19903,20404,20908,22429,22939,9218,9576,9951,10341,10744,11159,11584,12018,12461,12912,13369,13832,17202,17697,18195,20209,20718,22252,22766,8811,9186,9576,9981,10398,10826,12164,12625,15993,16489,16988,17993,18499,19516,20027,20540,21054,21570,22087,8420,8811,9218,9637,10068,10510,11884,12355,14784,15281,15781,18316,18828,19343,19858,6932,7282,7655,8047,8455,9313,9758,10213,10676,12103,13081,14574,15078,18147,18664,22318,22843,6172,6518,6889,7282,7693,9009,9469,9937,10412,11871,12367,12866,13369,22192,22721,5754,6124,8728,9202,9683,11660,12164,6172,8960,9453,9951,6312,5855,8245,8745,9249,7539,7037,6540,6052,6052,6540,7539,8047,7881,7362,6847,2706,2421,2232,2165,2232,3903,4364,4841,5331,5830,6336,6847,7362,7750,1952,1712,1624,1712,1952,3156,3631,4122,4625,5135,5651,6695,7222,7655,1083,1210,1531,1952,2421,2915,3423,3941,4464,4990,5520,6585,7597,7057,5440,4901,2232,1712,541,765,1210,1712,2232,2760,3292,3827,4364,4901,5440,5979,7037,6495,5954,4872,4330,3789,3248,2706,2165,1624,0,541,1083,1624,2165,2706,3248,3789,4330,4872,5413,3292,2760,2232,1712,1210,765,541,765,1210,1712,2232,2760,3292,3827,4364,4901,2915,2421,1952,1531,1210,1083,1210,1531,1952,2421,2915,3423,3941,4464,3156,2706,2296,1952,1712,1624,1712,1952,2296,2706,3156,3631,4122,4625,3466,3062,2706,2421,2232,2165,2232,2421,2706,3062,3466,3903,3466,3156,2915,2706,2760,2915,3156,3466,3827,4228,3903,3631,3423,3292,3631,3903
218,13401,12636,13013,21549,22040,22533,12248,12636,13864,16066,20830,21820,22318,13969,14413,15319,15781,16247,17194,18155,18641,19129,19621,20115,22113,22617,13661,16462,16945,17431,17920,19403,19903,20404,21920,22429,8878,9218,9576,9951,10341,10744,11159,11584,12018,12461,12912,13369,16710,17202,17697,19703,20209,21739,22252,8455,8811,9186,9576,9981,10398,11710,12164,15500,15993,16489,17489,17993,19007,19516,20027,20540,21054,21570,8047,8420,8811,9218,9637,10068,11418,11884,14290,14784,15281,17805,18316,18828,19343,6607,6932,7282,7655,8047,8878,9313,9758,10213,11622,12590,14073,14574,17631,18147,21793,22318,5855,6172,6518,6889,7282,8558,9009,9469,9937,11380,11871,12367,12866,21665,22192,5413,5754,8262,8728,9202,11159,11660,6607,8472,8960,9453,6782,6312,7750,8245,8745,8047,7539,7037,6540,5573,6052,7037,7539,8403,7881,7362,3062,2706,2421,2232,2165,3466,3903,4364,4841,5331,5830,6336,6847,8280,2296,1952,1712,1624,1712,2706,3156,3631,4122,4625,5135,6172,6695,8191,1210,1083,1210,1531,1952,2421,2915,3423,3941,4464,4990,6052,8137,7597,5979,5440,2760,2232,765,541,765,1210,1712,2232,2760,3292,3827,4364,4901,5440,7578,7037,6495,5413,4872,4330,3789,3248,2706,2165,541,0,541,1083,1624,2165,2706,3248,3789,4330,4872,3827,3292,2760,2232,1712,1210,765,541,765,1210,1712,2232,2760,3292,3827,4364,3423,2915,2421,1952,1531,1210,1083,1210,1531,1952,2421,2915,3423,3941,3631,3156,2706,2296,1952,1712,1624,1712,1952,2296,2706,3156,3631,4122,3903,3466,3062,2706,2421,2232,2165,2232,2421,2706,3062,3466,3827,3466,3156,2760,2706,2760,2915,3156,3466,3827,4228,3903,3631,3248,3423,3631
219,13036,12272,12636,21061,21549,22040,11871,12248,13445,15613,20339,21324,21820,13532,13969,14863,15319,15781,16718,17673,18155,18641,19129,19621,21611,22113,13214,15984,16462,16945,17431,18906,19403,19903,21413,21920,8558,8878,9218,9576,9951,10341,10744,11159,11584,12018,12461,12912,16220,16710,17202,19198,19703,21228,21739,8119,8455,8811,9186,9576,9981,11263,11710,15010,15500,15993,16988,17489,18499,19007,19516,20027,20540,21054,7693,8047,8420,8811,9218,9637,10960,11418,13800,14290,14784,17296,17805,18316,18828,6312,6607,6932,7282,7655,8455,8878,9313,9758,11146,12103,13575,14073,17117,17631,21269,21793,5573,5855,6172,6518,6889,8119,8558,9009,9469,10893,11380,11871,12367,21138,21665,5106,5413,7806,8262,8728,10662,11159,7057,7992,8472,8960,7262,6782,7262,7750,8245,8558,8047,7539,7037,5106,5573,6540,7037,8927,8403,7881,3466,3062,2706,2421,2232,3062,3466,3903,4364,4841,5331,5830,6336,8811,2706,2296,1952,1712,1624,2296,2706,3156,3631,4122,4625,5651,6172,8728,1531,1210,1083,1210,1531,1952,2421,2915,3423,3941,4464,5520,8677,8137,6518,5979,3292,2760,1210,765,541,765,1210,1712,2232,2760,3292,3827,4364,4901,8119,7578,7037,5954,5413,4872,4330,3789,3248,2706,1083,541,0,541,1083,1624,2165,2706,3248,3789,4330,4364,3827,3292,2760,2232,1712,1210,765,541,765,1210,1712,2232,2760,3292,3827,3941,3423,2915,2421,1952,1531,1210,1083,1210,1531,1952,2421,2915,3423,4122,3631,3156,2706,2296,1952,1712,1624,1712,1952,2296,2706,3156,3631,4364,3903,3466,3062,2706,2421,2232,2165,2232,2421,2706,3062,4228,3827,3466,2915,2760,2706,2760,2915,3156,3466,4593,4228,3903,3292,3292,3423
220,12683,11920,12272,20576,21061,21549,11508,11871,13036,15166,19851,20830,21324,13103,13532,14413,14863,15319,16247,17194,17673,18155,18641,19129,21110,21611,12775,15509,15984,16462,16945,18411,18906,19403,20908,21413,8262,8558,8878,9218,9576,9951,10341,10744,11159,11584,12018,12461,15734,16220,16710,18696,19198,20718,21228,7806,8119,8455,8811,9186,9576,10826,11263,14524,15010,15500,16489,16988,17993,18499,19007,19516,20027,20540,7362,7693,8047,8420,8811,9218,10510,10960,13314,13800,14290,16788,17296,17805,18316,6052,6312,6607,6932,7282,8047,8455,8878,9313,10676,11622,13081,13575,16604,17117,20746,21269,5331,5573,5855,6172,6518,7693,8119,8558,9009,10412,10893,11380,11871,20611,21138,4841,5106,7362,7806,8262,10170,10662,7520,7520,7992,8472,7750,7262,6782,7262,7750,9074,8558,8047,7539,4656,5106,6052,6540,9453,8927,8403,3903,3466,3062,2706,2421,2706,3062,3466,3903,4364,4841,5331,5830,9344,3156,2706,2296,1952,1712,1952,2296,2706,3156,3631,4122,5135,5651,9265,1952,1531,1210,1083,1210,1531,1952,2421,2915,3423,3941,4990,9218,8677,7057,6518,3827,3292,1712,1210,765,541,765,1210,1712,2232,2760,3292,3827,4364,8660,8119,7578,6495,5954,5413,4872,4330,3789,3248,1624,1083,541,0,541,1083,1624,2165,2706,3248,3789,4901,4364,3827,3292,2760,2232,1712,1210,765,541,765,1210,1712,2232,2760,3292,4464,3941,3423,2915,2421,1952,1531,1210,1083,1210,1531,1952,2421,2915,4625,4122,3631,3156,2706,2296,1952,1712,1624,1712,1952,2296,2706,3156,4841,4364,3903,3466,3062,2706,2421,2232,2165,2232,2421,2706,4656,4228,3827,3156,2915,2760,2706,2760,2915,3156,4990,4593,4228,3423,3248,3292
221,12343,11584,11920,20093,20576,21061,11159,11508,12636,14724,19365,20339,20830,12683,13103,13969,14413,14863,15781,16718,17194,17673,18155,18641,20611,21110,12343,15039,15509,15984,16462,17920,18411,18906,20404,20908,7992,8262,8558,8878,9218,9576,9951,10341,10744,11159,11584,12018,15252,15734,16220,18195,18696,20209,20718,7520,7806,8119,8455,8811,9186,10398,10826,14042,14524,15010,15993,16489,17489,17993,18499,19007,19516,20027,7057,7362,7693,8047,8420,8811,10068,10510,12832,13314,13800,16283,16788,17296,17805,5830,6052,6312,6607,6932,7655,8047,8455,8878,10213,11146,12590,13081,16093,16604,20224,20746,5135,5331,5573,5855,6172,7282,7693,8119,8558,9937,10412,10893,11380,20086,20611,4625,4841,6932,7362,7806,9683,10170,7992,7057,7520,7992,8245,7750,6312,6782,7262,9592,9074,8558,8047,4228,4656,5573,6052,9981,9453,8927,4364,3903,3466,3062,2706,2421,2706,3062,3466,3903,4364,4841,5331,9877,3631,3156,2706,2296,1952,1712,1952,2296,2706,3156,3631,4625,5135,9803,2421,1952,1531,1210,1083,1210,1531,1952,2421,2915,3423,4464,9758,9218,7597,7057,4364,3827,2232,1712,1210,765,541,765,1210,1712,2232,2760,3292,3827,9202,8660,8119,7037,6495,5954,5413,4872,4330,3789,2165,1624,1083,541,0,541,1083,1624,2165,2706,3248,5440,4901,4364,3827,3292,2760,2232,1712,1210,765,541,765,1210,1712,2232,2760,4990,4464,3941,3423,2915,2421,1952,1531,1210,1083,1210,1531,1952,2421,5135,4625,4122,3631,3156,2706,2296,1952,1712,1624,1712,1952,2296,2706,5331,4841,4364,3903,3466,3062,2706,2421,2232,2165,2232,2421,5106,4656,4228,3466,3156,2915,2760,2706,2760,2915,5413,4990,4593,3631,3292,3248
222,12018,11263,11584,19613,20093,20576,10826,11159,12248,14290,18883,19851,20339,12272,12683,13532,13969,14413,15319,16247,16718,17194,17673,18155,20115,20611,11920,14574,15039,15509,15984,17431,17920,18411,19903,20404,7750,7992,8262,8558,8878,9218,9576,9951,10341,10744,11159,11584,14774,15252,15734,17697,18195,19703,20209,7262,7520,7806,8119,8455,8811,9981,10398,13564,14042,14524,15500,15993,16988,17489,17993,18499,19007,19516,6782,7057,7362,7693,8047,8420,9637,10068,12355,12832,13314,15781,16283,16788,17296,5651,5830,6052,6312,6607,7282,7655,8047,8455,9758,10676,12103,12590,15585,16093,19703,20224,4990,5135,5331,5573,5855,6889,7282,7693,8119,9469,9937,10412,10893,19561,20086,4464,4625,6518,6932,7362,9202,9683,8472,6607,7057,7520,8745,8245,5855,6312,6782,10112,9592,9074,8558,3827,4228,5106,5573,10510,9981,9453,4841,4364,3903,3466,3062,2232,2421,2706,3062,3466,3903,4364,4841,10412,4122,3631,3156,2706,2296,1624,1712,1952,2296,2706,3156,4122,4625,10341,2915,2421,1952,1531,1210,1083,1210,1531,1952,2421,2915,3941,10299,9758,8137,7597,4901,4364,2760,2232,1712,1210,765,541,765,1210,1712,2232,2760,3292,9743,9202,8660,7578,7037,6495,5954,5413,4872,4330,2706,2165,1624,1083,541,0,541,1083,1624,2165,2706,5979,5440,4901,4364,3827,3292,2760,2232,1712,1210,765,541,765,1210,1712,2232,5520,4990,4464,3941,3423,2915,2421,1952,1531,1210,1083,1210,1531,1952,5651,5135,4625,4122,3631,3156,2706,2296,1952,1712,1624,1712,1952,2296,5830,5331,4841,4364,3903,3466,3062,2706,2421,2232,2165,2232,5573,5106,4656,3827,3466,3156,2915,2760,2706,2760,5855,5413,4990,3903,3423,3292
223,11710,10960,11263,19137,19613,20093,10510,10826,11871,13864,18404,19365,19851,11871,12272,13103,13532,13969,14863,15781,16247,16718,17194,17673,19621,20115,11508,14115,14574,15039,15509,16945,17431,17920,19403,19903,7539,7750,7992,8262,8558,8878,9218,9576,9951,10341,10744,11159,14300,14774,15252,17202,17697,19198,19703,7037,7262,7520,7806,8119,8455,9576,9981,13092,13564,14042,15010,15500,16489,16988,17489,17993,18499,19007,6540,6782,7057,7362,7693,8047,9218,9637,11884,12355,12832,15281,15781,16283,16788,5520,5651,5830,6052,6312,6932,7282,7655,8047,9313,10213,11622,12103,15078,15585,19183,19703,4901,4990,5135,5331,5573,6518,6889,7282,7693,9009,9469,9937,10412,19037,19561,4364,4464,6124,6518,6932,8728,9202,8960,6172,6607,7057,9249,8745,5413,5855,6312,10634,10112,9592,9074,3466,3827,4656,5106,11040,10510,9981,5331,4841,4364,3903,3466,2165,2232,2421,2706,3062,3466,3903,4364,10947,4625,4122,3631,3156,2706,1712,1624,1712,1952,2296,2706,3631,4122,10880,3423,2915,2421,1952,1531,1210,1083,1210,1531,1952,2421,3423,10839,10299,8677,8137,5440,4901,3292,2760,2232,1712,1210,765,541,765,1210,1712,2232,2760,10284,9743,9202,8119,7578,7037,6495,5954,5413,4872,3248,2706,2165,1624,1083,541,0,541,1083,1624,2165,6518,5979,5440,4901,4364,3827,3292,2760,2232,1712,1210,765,541,765,1210,1712,6052,5520,4990,4464,3941,3423,2915,2421,1952,1531,1210,1083,1210,1531,6172,5651,5135,4625,4122,3631,3156,2706,2296,1952,1712,1624,1712,1952,6336,5830,5331,4841,4364,3903,3466,3062,2706,2421,2232,2165,6052,5573,5106,4228,3827,3466,3156,2915,2760,2706,6312,5855,5413,4228,3631,3423
224,11418,10676,10960,18664,19137,19613,10213,10510,11508,13445,17928,18883,19365,11482,11871,12683,13103,13532,14413,15319,15781,16247,16718,17194,19129,19621,11106,13661,14115,14574,15039,16462,16945,17431,18906,19403,7362,7539,7750,7992,8262,8558,8878,9218,9576,9951,10341,10744,13832,14300,14774,16710,17202,18696,19198,6847,7037,7262,7520,7806,8119,9186,9576,12625,13092,13564,14524,15010,15993,16489,16988,17489,17993,18499,6336,6540,6782,7057,7362,7693,8811,9218,11418,11884,12355,14784,15281,15781,16283,5440,5520,5651,5830,6052,6607,6932,7282,7655,8878,9758,11146,11622,14574,15078,18664,19183,4872,4901,4990,5135,5331,6172,6518,6889,7282,8558,9009,9469,9937,18515,19037,4330,4364,5754,6124,6518,8262,8728,9453,5754,6172,6607,9758,9249,4990,5413,5855,11159,10634,10112,9592,3156,3466,4228,4656,11571,11040,10510,5830,5331,4841,4364,3903,2232,2165,2232,2421,2706,3062,3466,3903,11482,5135,4625,4122,3631,3156,1952,1712,1624,1712,1952,2296,3156,3631,11418,3941,3423,2915,2421,1952,1531,1210,1083,1210,1531,1952,2915,11380,10839,9218,8677,5979,5440,3827,3292,2760,2232,1712,1210,765,541,765,1210,1712,2232,10826,10284,9743,8660,8119,7578,7037,6495,5954,5413,3789,3248,2706,2165,1624,1083,541,0,541,1083,1624,7057,6518,5979,5440,4901,4364,3827,3292,2760,2232,1712,1210,765,541,765,1210,6585,6052,5520,4990,4464,3941,3423,2915,2421,1952,1531,1210,1083,1210,6695,6172,5651,5135,4625,4122,3631,3156,2706,2296,1952,1712,1624,1712,6847,6336,5830,5331,4841,4364,3903,3466,3062,2706,2421,2232,6540,6052,5573,4656,4228,3827,3466,3156,2915,2760,6782,6312,5855,4593,3903,3631
225,11146,10412,10676,18195,18664,19137,9937,10213,11159,13036,17456,18404,18883,11106,11482,12272,12683,13103,13969,14863,15319,15781,16247,16718,18641,19129,10717,13214,13661,14115,14574,15984,16462,16945,18411,18906,7222,7362,7539,7750,7992,8262,8558,8878,9218,9576,9951,10341,13369,13832,14300,16220,16710,18195,18696,6695,6847,7037,7262,7520,7806,8811,9186,12164,12625,13092,14042,14524,15500,15993,16489,16988,17489,17993,6172,6336,6540,6782,7057,7362,8420,8811,10960,11418,11884,14290,14784,15281,15781,5413,5440,5520,5651,5830,6312,6607,6932,7282,8455,9313,10676,11146,14073,14574,18147,18664,4901,4872,4901,4990,5135,5855,6172,6518,6889,8119,8558,9009,9469,17993,18515,4364,4330,5413,5754,6124,7806,8262,9951,5358,5754,6172,10270,9758,4593,4990,5413,11685,11159,10634,10112,2915,3156,3827,4228,12103,11571,11040,6336,5830,5331,4841,4364,2421,2232,2165,2232,2421,2706,3062,3466,12018,5651,5135,4625,4122,3631,2296,1952,1712,1624,1712,1952,2706,3156,11957,4464,3941,3423,2915,2421,1952,1531,1210,1083,1210,1531,2421,11920,11380,9758,9218,6518,5979,4364,3827,3292,2760,2232,1712,1210,765,541,765,1210,1712,11367,10826,10284,9202,8660,8119,7578,7037,6495,5954,4330,3789,3248,2706,2165,1624,1083,541,0,541,1083,7597,7057,6518,5979,5440,4901,4364,3827,3292,2760,2232,1712,1210,765,541,765,7119,6585,6052,5520,4990,4464,3941,3423,2915,2421,1952,1531,1210,1083,7222,6695,6172,5651,5135,4625,4122,3631,3156,2706,2296,1952,1712,1624,7362,6847,6336,5830,5331,4841,4364,3903,3466,3062,2706,2421,7037,6540,6052,5106,4656,4228,3827,3466,3156,2915,7262,6782,6312,4990,4228,3903
226,10893,10170,10412,17731,18195,18664,9683,9937,10826,12636,16988,17928,18404,10744,11106,11871,12272,12683,13532,14413,14863,15319,15781,16247,18155,18641,10341,12775,13214,13661,14115,15509,15984,16462,17920,18411,7119,7222,7362,7539,7750,7992,8262,8558,8878,9218,9576,9951,12912,13369,13832,15734,16220,17697,18195,6585,6695,6847,7037,7262,7520,8455,8811,11710,12164,12625,13564,14042,15010,15500,15993,16489,16988,17489,6052,6172,6336,6540,6782,7057,8047,8420,10510,10960,11418,13800,14290,14784,15281,5440,5413,5440,5520,5651,6052,6312,6607,6932,8047,8878,10213,10676,13575,14073,17631,18147,4990,4901,4872,4901,4990,5573,5855,6172,6518,7693,8119,8558,9009,17473,17993,4464,4364,5106,5413,5754,7362,7806,10454,4990,5358,5754,10785,10270,4228,4593,4990,12212,11685,11159,10634,2760,2915,3466,3827,12636,12103,11571,6847,6336,5830,5331,4841,2706,2421,2232,2165,2232,2421,2706,3062,12555,6172,5651,5135,4625,4122,2706,2296,1952,1712,1624,1712,2296,2706,12496,4990,4464,3941,3423,2915,2421,1952,1531,1210,1083,1210,1952,12461,11920,10299,9758,7057,6518,4901,4364,3827,3292,2760,2232,1712,1210,765,541,765,1210,11908,11367,10826,9743,9202,8660,8119,7578,7037,6495,4872,4330,3789,3248,2706,2165,1624,1083,541,0,541,8137,7597,7057,6518,5979,5440,4901,4364,3827,3292,2760,2232,1712,1210,765,541,7655,7119,6585,6052,5520,4990,4464,3941,3423,2915,2421,1952,1531,1210,7750,7222,6695,6172,5651,5135,4625,4122,3631,3156,2706,2296,1952,1712,7881,7362,6847,6336,5830,5331,4841,4364,3903,3466,3062,2706,7539,7037,6540,5573,5106,4656,4228,3827,3466,3156,7750,7262,6782,5413,4593,4228
227,10662,9951,10170,17270,17731,18195,9453,9683,10510,12248,16525,17456,17928,10398,10744,11482,11871,12272,13103,13969,14413,14863,15319,15781,17673,18155,9981,12343,12775,13214,13661,15039,15509,15984,17431,17920,7057,7119,7222,7362,7539,7750,7992,8262,8558,8878,9218,9576,12461,12912,13369,15252,15734,17202,17697,6518,6585,6695,6847,7037,7262,8119,8455,11263,11710,12164,13092,13564,14524,15010,15500,15993,16489,16988,5979,6052,6172,6336,6540,6782,7693,8047,10068,10510,10960,13314,13800,14290,14784,5520,5440,5413,5440,5520,5830,6052,6312,6607,7655,8455,9758,10213,13081,13575,17117,17631,5135,4990,4901,4872,4901,5331,5573,5855,6172,7282,7693,8119,8558,16953,17473,4625,4464,4841,5106,5413,6932,7362,10960,4656,4990,5358,11302,10785,3903,4228,4593,12740,12212,11685,11159,2706,2760,3156,3466,13170,12636,12103,7362,6847,6336,5830,5331,3062,2706,2421,2232,2165,2232,2421,2706,13092,6695,6172,5651,5135,4625,3156,2706,2296,1952,1712,1624,1952,2296,13036,5520,4990,4464,3941,3423,2915,2421,1952,1531,1210,1083,1531,13002,12461,10839,10299,7597,7057,5440,4901,4364,3827,3292,2760,2232,1712,1210,765,541,765,12449,11908,11367,10284,9743,9202,8660,8119,7578,7037,5413,4872,4330,3789,3248,2706,2165,1624,1083,541,0,8677,8137,7597,7057,6518,5979,5440,4901,4364,3827,3292,2760,2232,1712,1210,765,8191,7655,7119,6585,6052,5520,4990,4464,3941,3423,2915,2421,1952,1531,8280,7750,7222,6695,6172,5651,5135,4625,4122,3631,3156,2706,2296,1952,8403,7881,7362,6847,6336,5830,5331,4841,4364,3903,3466,3062,8047,7539,7037,6052,5573,5106,4656,4228,3827,3466,8245,7750,7262,5855,4990,4593
228,16569,15809,16238,25232,25732,26234,15481,15920,17270,19613,24525,25532,26038,17456,17928,18883,19365,19851,20830,21820,22318,22817,23319,23822,25851,26362,17194,20115,20611,21110,21611,23123,23631,24140,25675,26189,11920,12343,12775,13214,13661,14115,14574,15039,15509,15984,16462,16945,20404,20908,21413,23451,23963,25509,26027,11584,12018,12461,12912,13369,13832,15252,15734,19198,19703,20209,21228,21739,22766,23281,23798,24315,24834,25354,11263,11710,12164,12625,13092,13564,15010,15500,17993,18499,19007,21570,22087,22605,23123,9637,10068,10510,10960,11418,12355,12832,13314,13800,15281,16283,17805,18316,21413,21934,25601,26128,8878,9313,9758,10213,10676,12103,12590,13081,13575,15078,15585,16093,16604,25480,26010,8558,9009,11871,12367,12866,14893,15405,4625,12164,12671,13181,4364,4122,11470,11982,12496,4990,4593,4228,3903,9249,9758,10785,11302,5106,4656,4228,3156,3466,3827,4228,4656,7037,7539,8047,8558,9074,9592,10112,10634,4841,3062,3466,3903,4364,4841,6336,6847,7362,7881,8403,8927,9981,10510,4625,3631,4122,4625,5135,5651,6172,6695,7222,7750,8280,8811,9877,4464,3941,2421,1952,1531,1952,3423,3941,4464,4990,5520,6052,6585,7119,7655,8191,8728,9265,3827,3292,2760,1712,1210,765,541,765,1210,1712,3292,3827,4364,4901,5440,5979,6518,7057,7597,8137,8677,0,541,1083,1624,2165,2706,3248,3789,4330,4872,5413,5954,6495,7037,7578,8119,765,1210,1712,2232,2760,3292,3827,4364,4901,5440,5979,6518,7057,7597,1210,1531,1952,2421,2915,3423,3941,4464,4990,5520,6052,6585,7119,7655,1712,1952,2296,2706,3156,3631,4122,4625,5135,5651,6172,6695,2421,2706,3062,3903,4364,4841,5331,5830,6336,6847,2915,3156,3466,4656,5573,6052
229,16148,15386,15809,24734,25232,25732,15049,15481,16815,19137,24025,25028,25532,16988,17456,18404,18883,19365,20339,21324,21820,22318,22817,23319,25342,25851,16718,19621,20115,20611,21110,22617,23123,23631,25162,25675,11508,11920,12343,12775,13214,13661,14115,14574,15039,15509,15984,16462,19903,20404,20908,22939,23451,24993,25509,11159,11584,12018,12461,12912,13369,14774,15252,18696,19198,19703,20718,21228,22252,22766,23281,23798,24315,24834,10826,11263,11710,12164,12625,13092,14524,15010,17489,17993,18499,21054,21570,22087,22605,9218,9637,10068,10510,10960,11884,12355,12832,13314,14784,15781,17296,17805,20894,21413,25075,25601,8455,8878,9313,9758,10213,11622,12103,12590,13081,14574,15078,15585,16093,24952,25480,8119,8558,11380,11871,12367,14382,14893,4841,11660,12164,12671,4656,4364,10960,11470,11982,5413,4990,4593,4228,8745,9249,10270,10785,5573,5106,4656,2915,3156,3466,3827,4228,6540,7037,7539,8047,8558,9074,9592,10112,5331,2706,3062,3466,3903,4364,5830,6336,6847,7362,7881,8403,9453,9981,5135,3156,3631,4122,4625,5135,5651,6172,6695,7222,7750,8280,9344,4990,4464,2915,2421,1210,1531,2915,3423,3941,4464,4990,5520,6052,6585,7119,7655,8191,8728,4364,3827,3292,2232,1712,1210,765,541,765,1210,2760,3292,3827,4364,4901,5440,5979,6518,7057,7597,8137,541,0,541,1083,1624,2165,2706,3248,3789,4330,4872,5413,5954,6495,7037,7578,541,765,1210,1712,2232,2760,3292,3827,4364,4901,5440,5979,6518,7057,1083,1210,1531,1952,2421,2915,3423,3941,4464,4990,5520,6052,6585,7119,1624,1712,1952,2296,2706,3156,3631,4122,4625,5135,5651,6172,2232,2421,2706,3466,3903,4364,4841,5331,5830,6336,2760,2915,3156,4228,5106,5573
230,15734,14971,15386,24237,24734,25232,14625,15049,16364,18664,23525,24525,25028,16525,16988,17928,18404,18883,19851,20830,21324,21820,22318,22817,24834,25342,16247,19129,19621,20115,20611,22113,22617,23123,24651,25162,11106,11508,11920,12343,12775,13214,13661,14115,14574,15039,15509,15984,19403,19903,20404,22429,22939,24478,24993,10744,11159,11584,12018,12461,12912,14300,14774,18195,18696,19198,20209,20718,21739,22252,22766,23281,23798,24315,10398,10826,11263,11710,12164,12625,14042,14524,16988,17489,17993,20540,21054,21570,22087,8811,9218,9637,10068,10510,11418,11884,12355,12832,14290,15281,16788,17296,20375,20894,24549,25075,8047,8455,8878,9313,9758,11146,11622,12103,12590,14073,14574,15078,15585,24424,24952,7693,8119,10893,11380,11871,13874,14382,5106,11159,11660,12164,4990,4656,10454,10960,11470,5855,5413,4990,4593,8245,8745,9758,10270,6052,5573,5106,2760,2915,3156,3466,3827,6052,6540,7037,7539,8047,8558,9074,9592,5830,2421,2706,3062,3466,3903,5331,5830,6336,6847,7362,7881,8927,9453,5651,2706,3156,3631,4122,4625,5135,5651,6172,6695,7222,7750,8811,5520,4990,3423,2915,1083,1210,2421,2915,3423,3941,4464,4990,5520,6052,6585,7119,7655,8191,4901,4364,3827,2760,2232,1712,1210,765,541,765,2232,2760,3292,3827,4364,4901,5440,5979,6518,7057,7597,1083,541,0,541,1083,1624,2165,2706,3248,3789,4330,4872,5413,5954,6495,7037,765,541,765,1210,1712,2232,2760,3292,3827,4364,4901,5440,5979,6518,1210,1083,1210,1531,1952,2421,2915,3423,3941,4464,4990,5520,6052,6585,1712,1624,1712,1952,2296,2706,3156,3631,4122,4625,5135,5651,2165,2232,2421,3062,3466,3903,4364,4841,5331,5830,2706,2760,2915,3827,4656,5106
231,15329,14564,14971,23742,24237,24734,14208,14625,15920,18195,23028,24025,24525,16066,16525,17456,17928,18404,19365,20339,20830,21324,21820,22318,24328,24834,15781,18641,19129,19621,20115,21611,22113,22617,24140,24651,10717,11106,11508,11920,12343,12775,13214,13661,14115,14574,15039,15509,18906,19403,19903,21920,22429,23963,24478,10341,10744,11159,11584,12018,12461,13832,14300,17697,18195,18696,19703,20209,21228,21739,22252,22766,23281,23798,9981,10398,10826,11263,11710,12164,13564,14042,16489,16988,17489,20027,20540,21054,21570,8420,8811,9218,9637,10068,10960,11418,11884,12355,13800,14784,16283,16788,19858,20375,24025,24549,7655,8047,8455,8878,9313,10676,11146,11622,12103,13575,14073,14574,15078,23896,24424,7282,7693,10412,10893,11380,13369,13874,5413,10662,11159,11660,5358,4990,9951,10454,10960,6312,5855,5413,4990,7750,8245,9249,9758,6540,6052,5573,2706,2760,2915,3156,3466,5573,6052,6540,7037,7539,8047,8558,9074,6336,2232,2421,2706,3062,3466,4841,5331,5830,6336,6847,7362,8403,8927,6172,2296,2706,3156,3631,4122,4625,5135,5651,6172,6695,7222,8280,6052,5520,3941,3423,1210,1083,1952,2421,2915,3423,3941,4464,4990,5520,6052,6585,7119,7655,5440,4901,4364,3292,2760,2232,1712,1210,765,541,1712,2232,2760,3292,3827,4364,4901,5440,5979,6518,7057,1624,1083,541,0,541,1083,1624,2165,2706,3248,3789,4330,4872,5413,5954,6495,1210,765,541,765,1210,1712,2232,2760,3292,3827,4364,4901,5440,5979,1531,1210,1083,1210,1531,1952,2421,2915,3423,3941,4464,4990,5520,6052,1952,1712,1624,1712,1952,2296,2706,3156,3631,4122,4625,5135,2232,2165,2232,2706,3062,3466,3903,4364,4841,5331,2760,2706,2760,3466,4228,4656
232,14932,14167,14564,23250,23742,24237,13800,14208,15481,17731,22533,23525,24025,15613,16066,16988,17456,17928,18883,19851,20339,20830,21324,21820,23822,24328,15319,18155,18641,19129,19621,21110,21611,22113,23631,24140,10341,10717,11106,11508,11920,12343,12775,13214,13661,14115,14574,15039,18411,18906,19403,21413,21920,23451,23963,9951,10341,10744,11159,11584,12018,13369,13832,17202,17697,18195,19198,19703,20718,21228,21739,22252,22766,23281,9576,9981,10398,10826,11263,11710,13092,13564,15993,16489,16988,19516,20027,20540,21054,8047,8420,8811,9218,9637,10510,10960,11418,11884,13314,14290,15781,16283,19343,19858,23501,24025,7282,7655,8047,8455,8878,10213,10676,11146,11622,13081,13575,14073,14574,23369,23896,6889,7282,9937,10412,10893,12866,13369,5754,10170,10662,11159,5754,5358,9453,9951,10454,6782,6312,5855,5413,7262,7750,8745,9249,7037,6540,6052,2760,2706,2760,2915,3156,5106,5573,6052,6540,7037,7539,8047,8558,6847,2165,2232,2421,2706,3062,4364,4841,5331,5830,6336,6847,7881,8403,6695,1952,2296,2706,3156,3631,4122,4625,5135,5651,6172,6695,7750,6585,6052,4464,3941,1531,1210,1531,1952,2421,2915,3423,3941,4464,4990,5520,6052,6585,7119,5979,5440,4901,3827,3292,2760,2232,1712,1210,765,1210,1712,2232,2760,3292,3827,4364,4901,5440,5979,6518,2165,1624,1083,541,0,541,1083,1624,2165,2706,3248,3789,4330,4872,5413,5954,1712,1210,765,541,765,1210,1712,2232,2760,3292,3827,4364,4901,5440,1952,1531,1210,1083,1210,1531,1952,2421,2915,3423,3941,4464,4990,5520,2296,1952,1712,1624,1712,1952,2296,2706,3156,3631,4122,4625,2421,2232,2165,2421,2706,3062,3466,3903,4364,4841,2915,2760,2706,3156,3827,4228
233,14544,13779,14167,22760,23250,23742,13401,13800,15049,17270,22040,23028,23525,15166,15613,16525,16988,17456,18404,19365,19851,20339,20830,21324,23319,23822,14863,17673,18155,18641,19129,20611,21110,21611,23123,23631,9981,10341,10717,11106,11508,11920,12343,12775,13214,13661,14115,14574,17920,18411,18906,20908,21413,22939,23451,9576,9951,10341,10744,11159,11584,12912,13369,16710,17202,17697,18696,19198,20209,20718,21228,21739,22252,22766,9186,9576,9981,10398,10826,11263,12625,13092,15500,15993,16489,19007,19516,20027,20540,7693,8047,8420,8811,9218,10068,10510,10960,11418,12832,13800,15281,15781,18828,19343,22977,23501,6932,7282,7655,8047,8455,9758,10213,10676,11146,12590,13081,13575,14073,22843,23369,6518,6889,9469,9937,10412,12367,12866,6124,9683,10170,10662,6172,5754,8960,9453,9951,7262,6782,6312,5855,6782,7262,8245,8745,7539,7037,6540,2915,2760,2706,2760,2915,4656,5106,5573,6052,6540,7037,7539,8047,7362,2232,2165,2232,2421,2706,3903,4364,4841,5331,5830,6336,7362,7881,7222,1712,1952,2296,2706,3156,3631,4122,4625,5135,5651,6172,7222,7119,6585,4990,4464,1952,1531,1210,1531,1952,2421,2915,3423,3941,4464,4990,5520,6052,6585,6518,5979,5440,4364,3827,3292,2760,2232,1712,1210,765,1210,1712,2232,2760,3292,3827,4364,4901,5440,5979,2706,2165,1624,1083,541,0,541,1083,1624,2165,2706,3248,3789,4330,4872,5413,2232,1712,1210,765,541,765,1210,1712,2232,2760,3292,3827,4364,4901,2421,1952,1531,1210,1083,1210,1531,1952,2421,2915,3423,3941,4464,4990,2706,2296,1952,1712,1624,1712,1952,2296,2706,3156,3631,4122,2706,2421,2232,2232,2421,2706,3062,3466,3903,4364,3156,2915,2760,2915,3466,3827
234,14167,13401,13779,22272,22760,23250,13013,13401,14625,16815,21549,22533,23028,14724,15166,16066,16525,16988,17928,18883,19365,19851,20339,20830,22817,23319,14413,17194,17673,18155,18641,20115,20611,21110,22617,23123,9637,9981,10341,10717,11106,11508,11920,12343,12775,13214,13661,14115,17431,17920,18411,20404,20908,22429,22939,9218,9576,9951,10341,10744,11159,12461,12912,16220,16710,17202,18195,18696,19703,20209,20718,21228,21739,22252,8811,9186,9576,9981,10398,10826,12164,12625,15010,15500,15993,18499,19007,19516,20027,7362,7693,8047,8420,8811,9637,10068,10510,10960,12355,13314,14784,15281,18316,18828,22455,22977,6607,6932,7282,7655,8047,9313,9758,10213,10676,12103,12590,13081,13575,22318,22843,6172,6518,9009,9469,9937,11871,12367,6518,9202,9683,10170,6607,6172,8472,8960,9453,7750,7262,6782,6312,6312,6782,7750,8245,8047,7539,7037,3156,2915,2760,2706,2760,4228,4656,5106,5573,6052,6540,7037,7539,7881,2421,2232,2165,2232,2421,3466,3903,4364,4841,5331,5830,6847,7362,7750,1624,1712,1952,2296,2706,3156,3631,4122,4625,5135,5651,6695,7655,7119,5520,4990,2421,1952,1083,1210,1531,1952,2421,2915,3423,3941,4464,4990,5520,6052,7057,6518,5979,4901,4364,3827,3292,2760,2232,1712,541,765,1210,1712,2232,2760,3292,3827,4364,4901,5440,3248,2706,2165,1624,1083,541,0,541,1083,1624,2165,2706,3248,3789,4330,4872,2760,2232,1712,1210,765,541,765,1210,1712,2232,2760,3292,3827,4364,2915,2421,1952,1531,1210,1083,1210,1531,1952,2421,2915,3423,3941,4464,3156,2706,2296,1952,1712,1624,1712,1952,2296,2706,3156,3631,3062,2706,2421,2165,2232,2421,2706,3062,3466,3903,3466,3156,2915,2760,3156,3466
235,13800,13036,13401,21786,22272,22760,12636,13013,14208,16364,21061,22040,22533,14290,14724,15613,16066,16525,17456,18404,18883,19365,19851,20339,22318,22817,13969,16718,17194,17673,18155,19621,20115,20611,22113,22617,9313,9637,9981,10341,10717,11106,11508,11920,12343,12775,13214,13661,16945,17431,17920,19903,20404,21920,22429,8878,9218,9576,9951,10341,10744,12018,12461,15734,16220,16710,17697,18195,19198,19703,20209,20718,21228,21739,8455,8811,9186,9576,9981,10398,11710,12164,14524,15010,15500,17993,18499,19007,19516,7057,7362,7693,8047,8420,9218,9637,10068,10510,11884,12832,14290,14784,17805,18316,21934,22455,6312,6607,6932,7282,7655,8878,9313,9758,10213,11622,12103,12590,13081,21793,22318,5855,6172,8558,9009,9469,11380,11871,6932,8728,9202,9683,7057,6607,7992,8472,8960,8245,7750,7262,6782,5855,6312,7262,7750,8558,8047,7539,3466,3156,2915,2760,2706,3827,4228,4656,5106,5573,6052,6540,7037,8403,2706,2421,2232,2165,2232,3062,3466,3903,4364,4841,5331,6336,6847,8280,1712,1624,1712,1952,2296,2706,3156,3631,4122,4625,5135,6172,8191,7655,6052,5520,2915,2421,1210,1083,1210,1531,1952,2421,2915,3423,3941,4464,4990,5520,7597,7057,6518,5440,4901,4364,3827,3292,2760,2232,765,541,765,1210,1712,2232,2760,3292,3827,4364,4901,3789,3248,2706,2165,1624,1083,541,0,541,1083,1624,2165,2706,3248,3789,4330,3292,2760,2232,1712,1210,765,541,765,1210,1712,2232,2760,3292,3827,3423,2915,2421,1952,1531,1210,1083,1210,1531,1952,2421,2915,3423,3941,3631,3156,2706,2296,1952,1712,1624,1712,1952,2296,2706,3156,3466,3062,2706,2232,2165,2232,2421,2706,3062,3466,3827,3466,3156,2706,2915,3156
236,13445,12683,13036,21303,21786,22272,12272,12636,13800,15920,20576,21549,22040,13864,14290,15166,15613,16066,16988,17928,18404,18883,19365,19851,21820,22318,13532,16247,16718,17194,17673,19129,19621,20115,21611,22113,9009,9313,9637,9981,10341,10717,11106,11508,11920,12343,12775,13214,16462,16945,17431,19403,19903,21413,21920,8558,8878,9218,9576,9951,10341,11584,12018,15252,15734,16220,17202,17697,18696,19198,19703,20209,20718,21228,8119,8455,8811,9186,9576,9981,11263,11710,14042,14524,15010,17489,17993,18499,19007,6782,7057,7362,7693,8047,8811,9218,9637,10068,11418,12355,13800,14290,17296,17805,21413,21934,6052,6312,6607,6932,7282,8455,8878,9313,9758,11146,11622,12103,12590,21269,21793,5573,5855,8119,8558,9009,10893,11380,7362,8262,8728,9202,7520,7057,7520,7992,8472,8745,8245,7750,7262,5413,5855,6782,7262,9074,8558,8047,3827,3466,3156,2915,2760,3466,3827,4228,4656,5106,5573,6052,6540,8927,3062,2706,2421,2232,2165,2706,3062,3466,3903,4364,4841,5830,6336,8811,1952,1712,1624,1712,1952,2296,2706,3156,3631,4122,4625,5651,8728,8191,6585,6052,3423,2915,1531,1210,1083,1210,1531,1952,2421,2915,3423,3941,4464,4990,8137,7597,7057,5979,5440,4901,4364,3827,3292,2760,1210,765,541,765,1210,1712,2232,2760,3292,3827,4364,4330,3789,3248,2706,2165,1624,1083,541,0,541,1083,1624,2165,2706,3248,3789,3827,3292,2760,2232,1712,1210,765,541,765,1210,1712,2232,2760,3292,3941,3423,2915,2421,1952,1531,1210,1083,1210,1531,1952,2421,2915,3423,4122,3631,3156,2706,2296,1952,1712,1624,1712,1952,2296,2706,3903,3466,3062,2421,2232,2165,2232,2421,2706,3062,4228,3827,3466,2760,2760,2915
237,13103,12343,12683,20823,21303,21786,11920,12272,13401,15481,20093,21061,21549,13445,13864,14724,15166,15613,16525,17456,17928,18404,18883,19365,21324,21820,13103,15781,16247,16718,17194,18641,19129,19621,21110,21611,8728,9009,9313,9637,9981,10341,10717,11106,11508,11920,12343,12775,15984,16462,16945,18906,19403,20908,21413,8262,8558,8878,9218,9576,9951,11159,11584,14774,15252,15734,16710,17202,18195,18696,19198,19703,20209,20718,7806,8119,8455,8811,9186,9576,10826,11263,13564,14042,14524,16988,17489,17993,18499,6540,6782,7057,7362,7693,8420,8811,9218,9637,10960,11884,13314,13800,16788,17296,20894,21413,5830,6052,6312,6607,6932,8047,8455,8878,9313,10676,11146,11622,12103,20746,21269,5331,5573,7693,8119,8558,10412,10893,7806,7806,8262,8728,7992,7520,7057,7520,7992,9249,8745,8245,7750,4990,5413,6312,6782,9592,9074,8558,4228,3827,3466,3156,2915,3156,3466,3827,4228,4656,5106,5573,6052,9453,3466,3062,2706,2421,2232,2421,2706,3062,3466,3903,4364,5331,5830,9344,2296,1952,1712,1624,1712,1952,2296,2706,3156,3631,4122,5135,9265,8728,7119,6585,3941,3423,1952,1531,1210,1083,1210,1531,1952,2421,2915,3423,3941,4464,8677,8137,7597,6518,5979,5440,4901,4364,3827,3292,1712,1210,765,541,765,1210,1712,2232,2760,3292,3827,4872,4330,3789,3248,2706,2165,1624,1083,541,0,541,1083,1624,2165,2706,3248,4364,3827,3292,2760,2232,1712,1210,765,541,765,1210,1712,2232,2760,4464,3941,3423,2915,2421,1952,1531,1210,1083,1210,1531,1952,2421,2915,4625,4122,3631,3156,2706,2296,1952,1712,1624,1712,1952,2296,4364,3903,3466,2706,2421,2232,2165,2232,2421,2706,4656,4228,3827,2915,2706,2760
238,12775,12018,12343,20347,20823,21303,11584,11920,13013,15049,19613,20576,21061,13036,13445,14290,14724,15166,16066,16988,17456,17928,18404,18883,20830,21324,12683,15319,15781,16247,16718,18155,18641,19129,20611,21110,8472,8728,9009,9313,9637,9981,10341,10717,11106,11508,11920,12343,15509,15984,16462,18411,18906,20404,20908,7992,8262,8558,8878,9218,9576,10744,11159,14300,14774,15252,16220,16710,17697,18195,18696,19198,19703,20209,7520,7806,8119,8455,8811,9186,10398,10826,13092,13564,14042,16489,16988,17489,17993,6336,6540,6782,7057,7362,8047,8420,8811,9218,10510,11418,12832,13314,16283,16788,20375,20894,5651,5830,6052,6312,6607,7655,8047,8455,8878,10213,10676,11146,11622,20224,20746,5135,5331,7282,7693,8119,9937,10412,8262,7362,7806,8262,8472,7992,6607,7057,7520,9758,9249,8745,8245,4593,4990,5855,6312,10112,9592,9074,4656,4228,3827,3466,3156,2915,3156,3466,3827,4228,4656,5106,5573,9981,3903,3466,3062,2706,2421,2232,2421,2706,3062,3466,3903,4841,5331,9877,2706,2296,1952,1712,1624,1712,1952,2296,2706,3156,3631,4625,9803,9265,7655,7119,4464,3941,2421,1952,1531,1210,1083,1210,1531,1952,2421,2915,3423,3941,9218,8677,8137,7057,6518,5979,5440,4901,4364,3827,2232,1712,1210,765,541,765,1210,1712,2232,2760,3292,5413,4872,4330,3789,3248,2706,2165,1624,1083,541,0,541,1083,1624,2165,2706,4901,4364,3827,3292,2760,2232,1712,1210,765,541,765,1210,1712,2232,4990,4464,3941,3423,2915,2421,1952,1531,1210,1083,1210,1531,1952,2421,5135,4625,4122,3631,3156,2706,2296,1952,1712,1624,1712,1952,4841,4364,3903,3062,2706,2421,2232,2165,2232,2421,5106,4656,4228,3156,2760,2706
239,12461,11710,12018,19873,20347,20823,11263,11584,12636,14625,19137,20093,20576,12636,13036,13864,14290,14724,15613,16525,16988,17456,17928,18404,20339,20830,12272,14863,15319,15781,16247,17673,18155,18641,20115,20611,8245,8472,8728,9009,9313,9637,9981,10341,10717,11106,11508,11920,15039,15509,15984,17920,18411,19903,20404,7750,7992,8262,8558,8878,9218,10341,10744,13832,14300,14774,15734,16220,17202,17697,18195,18696,19198,19703,7262,7520,7806,8119,8455,8811,9981,10398,12625,13092,13564,15993,16489,16988,17489,6172,6336,6540,6782,7057,7693,8047,8420,8811,10068,10960,12355,12832,15781,16283,19858,20375,5520,5651,5830,6052,6312,7282,7655,8047,8455,9758,10213,10676,11146,19703,20224,4990,5135,6889,7282,7693,9469,9937,8728,6932,7362,7806,8960,8472,6172,6607,7057,10270,9758,9249,8745,4228,4593,5413,5855,10634,10112,9592,5106,4656,4228,3827,3466,2760,2915,3156,3466,3827,4228,4656,5106,10510,4364,3903,3466,3062,2706,2165,2232,2421,2706,3062,3466,4364,4841,10412,3156,2706,2296,1952,1712,1624,1712,1952,2296,2706,3156,4122,10341,9803,8191,7655,4990,4464,2915,2421,1952,1531,1210,1083,1210,1531,1952,2421,2915,3423,9758,9218,8677,7597,7057,6518,5979,5440,4901,4364,2760,2232,1712,1210,765,541,765,1210,1712,2232,2760,5954,5413,4872,4330,3789,3248,2706,2165,1624,1083,541,0,541,1083,1624,2165,5440,4901,4364,3827,3292,2760,2232,1712,1210,765,541,765,1210,1712,5520,4990,4464,3941,3423,2915,2421,1952,1531,1210,1083,1210,1531,1952,5651,5135,4625,4122,3631,3156,2706,2296,1952,1712,1624,1712,5331,4841,4364,3466,3062,2706,2421,2232,2165,2232,5573,5106,4656,3466,2915,2760
240,12164,11418,11710,19403,19873,20347,10960,11263,12272,14208,18664,19613,20093,12248,12636,13445,13864,14290,15166,16066,16525,16988,17456,17928,19851,20339,11871,14413,14863,15319,15781,17194,17673,18155,19621,20115,8047,8245,8472,8728,9009,9313,9637,9981,10341,10717,11106,11508,14574,15039,15509,17431,17920,19403,19903,7539,7750,7992,8262,8558,8878,9951,10341,13369,13832,14300,15252,15734,16710,17202,17697,18195,18696,19198,7037,7262,7520,7806,8119,8455,9576,9981,12164,12625,13092,15500,15993,16489,16988,6052,6172,6336,6540,6782,7362,7693,8047,8420,9637,10510,11884,12355,15281,15781,19343,19858,5440,5520,5651,5830,6052,6932,7282,7655,8047,9313,9758,10213,10676,19183,19703,4901,4990,6518,6889,7282,9009,9469,9202,6518,6932,7362,9453,8960,5754,6172,6607,10785,10270,9758,9249,3903,4228,4990,5413,11159,10634,10112,5573,5106,4656,4228,3827,2706,2760,2915,3156,3466,3827,4228,4656,11040,4841,4364,3903,3466,3062,2232,2165,2232,2421,2706,3062,3903,4364,10947,3631,3156,2706,2296,1952,1712,1624,1712,1952,2296,2706,3631,10880,10341,8728,8191,5520,4990,3423,2915,2421,1952,1531,1210,1083,1210,1531,1952,2421,2915,10299,9758,9218,8137,7597,7057,6518,5979,5440,4901,3292,2760,2232,1712,1210,765,541,765,1210,1712,2232,6495,5954,5413,4872,4330,3789,3248,2706,2165,1624,1083,541,0,541,1083,1624,5979,5440,4901,4364,3827,3292,2760,2232,1712,1210,765,541,765,1210,6052,5520,4990,4464,3941,3423,2915,2421,1952,1531,1210,1083,1210,1531,6172,5651,5135,4625,4122,3631,3156,2706,2296,1952,1712,1624,5830,5331,4841,3903,3466,3062,2706,2421,2232,2165,6052,5573,5106,3827,3156,2915
241,11884,11146,11418,18937,19403,19873,10676,10960,11920,13800,18195,19137,19613,11871,12248,13036,13445,13864,14724,15613,16066,16525,16988,17456,19365,19851,11482,13969,14413,14863,15319,16718,17194,17673,19129,19621,7881,8047,8245,8472,8728,9009,9313,9637,9981,10341,10717,11106,14115,14574,15039,16945,17431,18906,19403,7362,7539,7750,7992,8262,8558,9576,9951,12912,13369,13832,14774,15252,16220,16710,17202,17697,18195,18696,6847,7037,7262,7520,7806,8119,9186,9576,11710,12164,12625,15010,15500,15993,16489,5979,6052,6172,6336,6540,7057,7362,7693,8047,9218,10068,11418,11884,14784,15281,18828,19343,5413,5440,5520,5651,5830,6607,6932,7282,7655,8878,9313,9758,10213,18664,19183,4872,4901,6172,6518,6889,8558,9009,9683,6124,6518,6932,9951,9453,5358,5754,6172,11302,10785,10270,9758,3631,3903,4593,4990,11685,11159,10634,6052,5573,5106,4656,4228,2760,2706,2760,2915,3156,3466,3827,4228,11571,5331,4841,4364,3903,3466,2421,2232,2165,2232,2421,2706,3466,3903,11482,4122,3631,3156,2706,2296,1952,1712,1624,1712,1952,2296,3156,11418,10880,9265,8728,6052,5520,3941,3423,2915,2421,1952,1531,1210,1083,1210,1531,1952,2421,10839,10299,9758,8677,8137,7597,7057,6518,5979,5440,3827,3292,2760,2232,1712,1210,765,541,765,1210,1712,7037,6495,5954,5413,4872,4330,3789,3248,2706,2165,1624,1083,541,0,541,1083,6518,5979,5440,4901,4364,3827,3292,2760,2232,1712,1210,765,541,765,6585,6052,5520,4990,4464,3941,3423,2915,2421,1952,1531,1210,1083,1210,6695,6172,5651,5135,4625,4122,3631,3156,2706,2296,1952,1712,6336,5830,5331,4364,3903,3466,3062,2706,2421,2232,6540,6052,5573,4228,3466,3156
242,11622,10893,11146,18475,18937,19403,10412,10676,11584,13401,17731,18664,19137,11508,11871,12636,13036,13445,14290,15166,15613,16066,16525,16988,18883,19365,11106,13532,13969,14413,14863,16247,16718,17194,18641,19129,7750,7881,8047,8245,8472,8728,9009,9313,9637,9981,10341,10717,13661,14115,14574,16462,16945,18411,18906,7222,7362,7539,7750,7992,8262,9218,9576,12461,12912,13369,14300,14774,15734,16220,16710,17202,17697,18195,6695,6847,7037,7262,7520,7806,8811,9186,11263,11710,12164,14524,15010,15500,15993,5954,5979,6052,6172,6336,6782,7057,7362,7693,8811,9637,10960,11418,14290,14784,18316,18828,5440,5413,5440,5520,5651,6312,6607,6932,7282,8455,8878,9313,9758,18147,18664,4901,4872,5855,6172,6518,8119,8558,10170,5754,6124,6518,10454,9951,4990,5358,5754,11822,11302,10785,10270,3423,3631,4228,4593,12212,11685,11159,6540,6052,5573,5106,4656,2915,2760,2706,2760,2915,3156,3466,3827,12103,5830,5331,4841,4364,3903,2706,2421,2232,2165,2232,2421,3062,3466,12018,4625,4122,3631,3156,2706,2296,1952,1712,1624,1712,1952,2706,11957,11418,9803,9265,6585,6052,4464,3941,3423,2915,2421,1952,1531,1210,1083,1210,1531,1952,11380,10839,10299,9218,8677,8137,7597,7057,6518,5979,4364,3827,3292,2760,2232,1712,1210,765,541,765,1210,7578,7037,6495,5954,5413,4872,4330,3789,3248,2706,2165,1624,1083,541,0,541,7057,6518,5979,5440,4901,4364,3827,3292,2760,2232,1712,1210,765,541,7119,6585,6052,5520,4990,4464,3941,3423,2915,2421,1952,1531,1210,1083,7222,6695,6172,5651,5135,4625,4122,3631,3156,2706,2296,1952,6847,6336,5830,4841,4364,3903,3466,3062,2706,2421,7037,6540,6052,4656,3827,3466
243,11380,10662,10893,18017,18475,18937,10170,10412,11263,13013,17270,18195,18664,11159,11508,12248,12636,13036,13864,14724,15166,15613,16066,16525,18404,18883,10744,13103,13532,13969,14413,15781,16247,16718,18155,18641,7655,7750,7881,8047,8245,8472,8728,9009,9313,9637,9981,10341,13214,13661,14115,15984,16462,17920,18411,7119,7222,7362,7539,7750,7992,8878,9218,12018,12461,12912,13832,14300,15252,15734,16220,16710,17202,17697,6585,6695,6847,7037,7262,7520,8455,8811,10826,11263,11710,14042,14524,15010,15500,5979,5954,5979,6052,6172,6540,6782,7057,7362,8420,9218,10510,10960,13800,14290,17805,18316,5520,5440,5413,5440,5520,6052,6312,6607,6932,8047,8455,8878,9313,17631,18147,4990,4901,5573,5855,6172,7693,8119,10662,5413,5754,6124,10960,10454,4656,4990,5358,12343,11822,11302,10785,3292,3423,3903,4228,12740,12212,11685,7037,6540,6052,5573,5106,3156,2915,2760,2706,2760,2915,3156,3466,12636,6336,5830,5331,4841,4364,3062,2706,2421,2232,2165,2232,2706,3062,12555,5135,4625,4122,3631,3156,2706,2296,1952,1712,1624,1712,2296,12496,11957,10341,9803,7119,6585,4990,4464,3941,3423,2915,2421,1952,1531,1210,1083,1210,1531,11920,11380,10839,9758,9218,8677,8137,7597,7057,6518,4901,4364,3827,3292,2760,2232,1712,1210,765,541,765,8119,7578,7037,6495,5954,5413,4872,4330,3789,3248,2706,2165,1624,1083,541,0,7597,7057,6518,5979,5440,4901,4364,3827,3292,2760,2232,1712,1210,765,7655,7119,6585,6052,5520,4990,4464,3941,3423,2915,2421,1952,1531,1210,7750,7222,6695,6172,5651,5135,4625,4122,3631,3156,2706,2296,7362,6847,6336,5331,4841,4364,3903,3466,3062,2706,7539,7037,6540,5106,4228,3827
244,16498,15734,16148,24952,25446,25942,15386,15809,17117,19403,24237,25232,25732,17270,17731,18664,19137,19613,20576,21549,22040,22533,23028,23525,25532,26038,16988,19851,20339,20830,21324,22817,23319,23822,25342,25851,11871,12272,12683,13103,13532,13969,14413,14863,15319,15781,16247,16718,20115,20611,21110,23123,23631,25162,25675,11508,11920,12343,12775,13214,13661,15039,15509,18906,19403,19903,20908,21413,22429,22939,23451,23963,24478,24993,11159,11584,12018,12461,12912,13369,14774,15252,17697,18195,18696,21228,21739,22252,22766,9576,9981,10398,10826,11263,12164,12625,13092,13564,15010,15993,17489,17993,21054,21570,25209,25732,8811,9218,9637,10068,10510,11884,12355,12832,13314,14784,15281,15781,16283,25075,25601,8455,8878,11622,12103,12590,14574,15078,5331,11871,12367,12866,5106,4841,11159,11660,12164,5754,5358,4990,4656,8960,9453,10454,10960,5855,5413,4990,3423,3631,3903,4228,4593,6782,7262,7750,8245,8745,9249,9758,10270,5573,3156,3466,3827,4228,4656,6052,6540,7037,7539,8047,8558,9592,10112,5331,3466,3903,4364,4841,5331,5830,6336,6847,7362,7881,8403,9453,5135,4625,3156,2706,1712,1952,3156,3631,4122,4625,5135,5651,6172,6695,7222,7750,8280,8811,4464,3941,3423,2421,1952,1531,1210,1083,1210,1531,2915,3423,3941,4464,4990,5520,6052,6585,7119,7655,8191,765,541,765,1210,1712,2232,2760,3292,3827,4364,4901,5440,5979,6518,7057,7597,0,541,1083,1624,2165,2706,3248,3789,4330,4872,5413,5954,6495,7037,541,765,1210,1712,2232,2760,3292,3827,4364,4901,5440,5979,6518,7057,1083,1210,1531,1952,2421,2915,3423,3941,4464,4990,5520,6052,1712,1952,2296,3156,3631,4122,4625,5135,5651,6172,2232,2421,2706,3903,4841,5331
245,16093,15329,15734,24460,24952,25446,14971,15386,16675,18937,23742,24734,25232,16815,17270,18195,18664,19137,20093,21061,21549,22040,22533,23028,25028,25532,16525,19365,19851,20339,20830,22318,22817,23319,24834,25342,11482,11871,12272,12683,13103,13532,13969,14413,14863,15319,15781,16247,19621,20115,20611,22617,23123,24651,25162,11106,11508,11920,12343,12775,13214,14574,15039,18411,18906,19403,20404,20908,21920,22429,22939,23451,23963,24478,10744,11159,11584,12018,12461,12912,14300,14774,17202,17697,18195,20718,21228,21739,22252,9186,9576,9981,10398,10826,11710,12164,12625,13092,14524,15500,16988,17489,20540,21054,24686,25209,8420,8811,9218,9637,10068,11418,11884,12355,12832,14290,14784,15281,15781,24549,25075,8047,8455,11146,11622,12103,14073,14574,5573,11380,11871,12367,5413,5106,10662,11159,11660,6172,5754,5358,4990,8472,8960,9951,10454,6312,5855,5413,3292,3423,3631,3903,4228,6312,6782,7262,7750,8245,8745,9249,9758,6052,2915,3156,3466,3827,4228,5573,6052,6540,7037,7539,8047,9074,9592,5830,3062,3466,3903,4364,4841,5331,5830,6336,6847,7362,7881,8927,5651,5135,3631,3156,1624,1712,2706,3156,3631,4122,4625,5135,5651,6172,6695,7222,7750,8280,4990,4464,3941,2915,2421,1952,1531,1210,1083,1210,2421,2915,3423,3941,4464,4990,5520,6052,6585,7119,7655,1210,765,541,765,1210,1712,2232,2760,3292,3827,4364,4901,5440,5979,6518,7057,541,0,541,1083,1624,2165,2706,3248,3789,4330,4872,5413,5954,6495,765,541,765,1210,1712,2232,2760,3292,3827,4364,4901,5440,5979,6518,1210,1083,1210,1531,1952,2421,2915,3423,3941,4464,4990,5520,1624,1712,1952,2706,3156,3631,4122,4625,5135,5651,2165,2232,2421,3466,4364,4841
246,15697,14932,15329,23970,24460,24952,14564,14971,16238,18475,23250,24237,24734,16364,16815,17731,18195,18664,19613,20576,21061,21549,22040,22533,24525,25028,16066,18883,19365,19851,20339,21820,22318,22817,24328,24834,11106,11482,11871,12272,12683,13103,13532,13969,14413,14863,15319,15781,19129,19621,20115,22113,22617,24140,24651,10717,11106,11508,11920,12343,12775,14115,14574,17920,18411,18906,19903,20404,21413,21920,22429,22939,23451,23963,10341,10744,11159,11584,12018,12461,13832,14300,16710,17202,17697,20209,20718,21228,21739,8811,9186,9576,9981,10398,11263,11710,12164,12625,14042,15010,16489,16988,20027,20540,24164,24686,8047,8420,8811,9218,9637,10960,11418,11884,12355,13800,14290,14784,15281,24025,24549,7655,8047,10676,11146,11622,13575,14073,5855,10893,11380,11871,5754,5413,10170,10662,11159,6607,6172,5754,5358,7992,8472,9453,9951,6782,6312,5855,3248,3292,3423,3631,3903,5855,6312,6782,7262,7750,8245,8745,9249,6540,2760,2915,3156,3466,3827,5106,5573,6052,6540,7037,7539,8558,9074,6336,2706,3062,3466,3903,4364,4841,5331,5830,6336,6847,7362,8403,6172,5651,4122,3631,1712,1624,2296,2706,3156,3631,4122,4625,5135,5651,6172,6695,7222,7750,5520,4990,4464,3423,2915,2421,1952,1531,1210,1083,1952,2421,2915,3423,3941,4464,4990,5520,6052,6585,7119,1712,1210,765,541,765,1210,1712,2232,2760,3292,3827,4364,4901,5440,5979,6518,1083,541,0,541,1083,1624,2165,2706,3248,3789,4330,4872,5413,5954,1210,765,541,765,1210,1712,2232,2760,3292,3827,4364,4901,5440,5979,1531,1210,1083,1210,1531,1952,2421,2915,3423,3941,4464,4990,1712,1624,1712,2296,2706,3156,3631,4122,4625,5135,2232,2165,2232,3062,3903,4364
247,15310,14544,14932,23482,23970,24460,14167,14564,15809,18017,22760,23742,24237,15920,16364,17270,17731,18195,19137,20093,20576,21061,21549,22040,24025,24525,15613,18404,18883,19365,19851,21324,21820,22318,23822,24328,10744,11106,11482,11871,12272,12683,13103,13532,13969,14413,14863,15319,18641,19129,19621,21611,22113,23631,24140,10341,10717,11106,11508,11920,12343,13661,14115,17431,17920,18411,19403,19903,20908,21413,21920,22429,22939,23451,9951,10341,10744,11159,11584,12018,13369,13832,16220,16710,17202,19703,20209,20718,21228,8455,8811,9186,9576,9981,10826,11263,11710,12164,13564,14524,15993,16489,19516,20027,23643,24164,7693,8047,8420,8811,9218,10510,10960,11418,11884,13314,13800,14290,14784,23501,24025,7282,7655,10213,10676,11146,13081,13575,6172,10412,10893,11380,6124,5754,9683,10170,10662,7057,6607,6172,5754,7520,7992,8960,9453,7262,6782,6312,3292,3248,3292,3423,3631,5413,5855,6312,6782,7262,7750,8245,8745,7037,2706,2760,2915,3156,3466,4656,5106,5573,6052,6540,7037,8047,8558,6847,2421,2706,3062,3466,3903,4364,4841,5331,5830,6336,6847,7881,6695,6172,4625,4122,1952,1712,1952,2296,2706,3156,3631,4122,4625,5135,5651,6172,6695,7222,6052,5520,4990,3941,3423,2915,2421,1952,1531,1210,1531,1952,2421,2915,3423,3941,4464,4990,5520,6052,6585,2232,1712,1210,765,541,765,1210,1712,2232,2760,3292,3827,4364,4901,5440,5979,1624,1083,541,0,541,1083,1624,2165,2706,3248,3789,4330,4872,5413,1712,1210,765,541,765,1210,1712,2232,2760,3292,3827,4364,4901,5440,1952,1531,1210,1083,1210,1531,1952,2421,2915,3423,3941,4464,1952,1712,1624,1952,2296,2706,3156,3631,4122,4625,2421,2232,2165,2706,3466,3903
248,14932,14167,14544,22996,23482,23970,13779,14167,15386,17565,22272,23250,23742,15481,15920,16815,17270,17731,18664,19613,20093,20576,21061,21549,23525,24025,15166,17928,18404,18883,19365,20830,21324,21820,23319,23822,10398,10744,11106,11482,11871,12272,12683,13103,13532,13969,14413,14863,18155,18641,19129,21110,21611,23123,23631,9981,10341,10717,11106,11508,11920,13214,13661,16945,17431,17920,18906,19403,20404,20908,21413,21920,22429,22939,9576,9951,10341,10744,11159,11584,12912,13369,15734,16220,16710,19198,19703,20209,20718,8119,8455,8811,9186,9576,10398,10826,11263,11710,13092,14042,15500,15993,19007,19516,23123,23643,7362,7693,8047,8420,8811,10068,10510,10960,11418,12832,13314,13800,14290,22977,23501,6932,7282,9758,10213,10676,12590,13081,6518,9937,10412,10893,6518,6124,9202,9683,10170,7520,7057,6607,6172,7057,7520,8472,8960,7750,7262,6782,3423,3292,3248,3292,3423,4990,5413,5855,6312,6782,7262,7750,8245,7539,2760,2706,2760,2915,3156,4228,4656,5106,5573,6052,6540,7539,8047,7362,2232,2421,2706,3062,3466,3903,4364,4841,5331,5830,6336,7362,7222,6695,5135,4625,2296,1952,1712,1952,2296,2706,3156,3631,4122,4625,5135,5651,6172,6695,6585,6052,5520,4464,3941,3423,2915,2421,1952,1531,1210,1531,1952,2421,2915,3423,3941,4464,4990,5520,6052,2760,2232,1712,1210,765,541,765,1210,1712,2232,2760,3292,3827,4364,4901,5440,2165,1624,1083,541,0,541,1083,1624,2165,2706,3248,3789,4330,4872,2232,1712,1210,765,541,765,1210,1712,2232,2760,3292,3827,4364,4901,2421,1952,1531,1210,1083,1210,1531,1952,2421,2915,3423,3941,2296,1952,1712,1712,1952,2296,2706,3156,3631,4122,2706,2421,2232,2421,3062,3466
249,14564,13800,14167,22514,22996,23482,13401,13779,14971,17117,21786,22760,23250,15049,15481,16364,16815,17270,18195,19137,19613,20093,20576,21061,23028,23525,14724,17456,17928,18404,18883,20339,20830,21324,22817,23319,10068,10398,10744,11106,11482,11871,12272,12683,13103,13532,13969,14413,17673,18155,18641,20611,21110,22617,23123,9637,9981,10341,10717,11106,11508,12775,13214,16462,16945,17431,18411,18906,19903,20404,20908,21413,21920,22429,9218,9576,9951,10341,10744,11159,12461,12912,15252,15734,16220,18696,19198,19703,20209,7806,8119,8455,8811,9186,9981,10398,10826,11263,12625,13564,15010,15500,18499,19007,22605,23123,7057,7362,7693,8047,8420,9637,10068,10510,10960,12355,12832,13314,13800,22455,22977,6607,6932,9313,9758,10213,12103,12590,6889,9469,9937,10412,6932,6518,8728,9202,9683,7992,7520,7057,6607,6607,7057,7992,8472,8245,7750,7262,3631,3423,3292,3248,3292,4593,4990,5413,5855,6312,6782,7262,7750,8047,2915,2760,2706,2760,2915,3827,4228,4656,5106,5573,6052,7037,7539,7881,2165,2232,2421,2706,3062,3466,3903,4364,4841,5331,5830,6847,7750,7222,5651,5135,2706,2296,1624,1712,1952,2296,2706,3156,3631,4122,4625,5135,5651,6172,7119,6585,6052,4990,4464,3941,3423,2915,2421,1952,1083,1210,1531,1952,2421,2915,3423,3941,4464,4990,5520,3292,2760,2232,1712,1210,765,541,765,1210,1712,2232,2760,3292,3827,4364,4901,2706,2165,1624,1083,541,0,541,1083,1624,2165,2706,3248,3789,4330,2760,2232,1712,1210,765,541,765,1210,1712,2232,2760,3292,3827,4364,2915,2421,1952,1531,1210,1083,1210,1531,1952,2421,2915,3423,2706,2296,1952,1624,1712,1952,2296,2706,3156,3631,3062,2706,2421,2232,2706,3062
250,14208,13445,13800,22033,22514,22996,13036,13401,14564,16675,21303,22272,22760,14625,15049,15920,16364,16815,17731,18664,19137,19613,20093,20576,22533,23028,14290,16988,17456,17928,18404,19851,20339,20830,22318,22817,9758,10068,10398,10744,11106,11482,11871,12272,12683,13103,13532,13969,17194,17673,18155,20115,20611,22113,22617,9313,9637,9981,10341,10717,11106,12343,12775,15984,16462,16945,17920,18411,19403,19903,20404,20908,21413,21920,8878,9218,9576,9951,10341,10744,12018,12461,14774,15252,15734,18195,18696,19198,19703,7520,7806,8119,8455,8811,9576,9981,10398,10826,12164,13092,14524,15010,17993,18499,22087,22605,6782,7057,7362,7693,8047,9218,9637,10068,10510,11884,12355,12832,13314,21934,22455,6312,6607,8878,9313,9758,11622,12103,7282,9009,9469,9937,7362,6932,8262,8728,9202,8472,7992,7520,7057,6172,6607,7520,7992,8745,8245,7750,3903,3631,3423,3292,3248,4228,4593,4990,5413,5855,6312,6782,7262,8558,3156,2915,2760,2706,2760,3466,3827,4228,4656,5106,5573,6540,7037,8403,2232,2165,2232,2421,2706,3062,3466,3903,4364,4841,5331,6336,8280,7750,6172,5651,3156,2706,1712,1624,1712,1952,2296,2706,3156,3631,4122,4625,5135,5651,7655,7119,6585,5520,4990,4464,3941,3423,2915,2421,1210,1083,1210,1531,1952,2421,2915,3423,3941,4464,4990,3827,3292,2760,2232,1712,1210,765,541,765,1210,1712,2232,2760,3292,3827,4364,3248,2706,2165,1624,1083,541,0,541,1083,1624,2165,2706,3248,3789,3292,2760,2232,1712,1210,765,541,765,1210,1712,2232,2760,3292,3827,3423,2915,2421,1952,1531,1210,1083,1210,1531,1952,2421,2915,3156,2706,2296,1712,1624,1712,1952,2296,2706,3156,3466,3062,2706,2165,2421,2706
251,13864,13103,13445,21556,22033,22514,12683,13036,14167,16238,20823,21786,22272,14208,14625,15481,15920,16364,17270,18195,18664,19137,19613,20093,22040,22533,13864,16525,16988,17456,17928,19365,19851,20339,21820,22318,9469,9758,10068,10398,10744,11106,11482,11871,12272,12683,13103,13532,16718,17194,17673,19621,20115,21611,22113,9009,9313,9637,9981,10341,10717,11920,12343,15509,15984,16462,17431,17920,18906,19403,19903,20404,20908,21413,8558,8878,9218,9576,9951,10341,11584,12018,14300,14774,15252,17697,18195,18696,19198,7262,7520,7806,8119,8455,9186,9576,9981,10398,11710,12625,14042,14524,17489,17993,21570,22087,6540,6782,7057,7362,7693,8811,9218,9637,10068,11418,11884,12355,12832,21413,21934,6052,6312,8455,8878,9313,11146,11622,7693,8558,9009,9469,7806,7362,7806,8262,8728,8960,8472,7992,7520,5754,6172,7057,7520,9249,8745,8245,4228,3903,3631,3423,3292,3903,4228,4593,4990,5413,5855,6312,6782,9074,3466,3156,2915,2760,2706,3156,3466,3827,4228,4656,5106,6052,6540,8927,2421,2232,2165,2232,2421,2706,3062,3466,3903,4364,4841,5830,8811,8280,6695,6172,3631,3156,1952,1712,1624,1712,1952,2296,2706,3156,3631,4122,4625,5135,8191,7655,7119,6052,5520,4990,4464,3941,3423,2915,1531,1210,1083,1210,1531,1952,2421,2915,3423,3941,4464,4364,3827,3292,2760,2232,1712,1210,765,541,765,1210,1712,2232,2760,3292,3827,3789,3248,2706,2165,1624,1083,541,0,541,1083,1624,2165,2706,3248,3827,3292,2760,2232,1712,1210,765,541,765,1210,1712,2232,2760,3292,3941,3423,2915,2421,1952,1531,1210,1083,1210,1531,1952,2421,3631,3156,2706,1952,1712,1624,1712,1952,2296,2706,3903,3466,3062,2232,2232,2421
252,13532,12775,13103,21082,21556,22033,12343,12683,13779,15809,20347,21303,21786,13800,14208,15049,15481,15920,16815,17731,18195,18664,19137,19613,21549,22040,13445,16066,16525,16988,17456,18883,19365,19851,21324,21820,9202,9469,9758,10068,10398,10744,11106,11482,11871,12272,12683,13103,16247,16718,17194,19129,19621,21110,21611,8728,9009,9313,9637,9981,10341,11508,11920,15039,15509,15984,16945,17431,18411,18906,19403,19903,20404,20908,8262,8558,8878,9218,9576,9951,11159,11584,13832,14300,14774,17202,17697,18195,18696,7037,7262,7520,7806,8119,8811,9186,9576,9981,11263,12164,13564,14042,16988,17489,21054,21570,6336,6540,6782,7057,7362,8420,8811,9218,9637,10960,11418,11884,12355,20894,21413,5830,6052,8047,8455,8878,10676,11146,8119,8119,8558,9009,8262,7806,7362,7806,8262,9453,8960,8472,7992,5358,5754,6607,7057,9758,9249,8745,4593,4228,3903,3631,3423,3631,3903,4228,4593,4990,5413,5855,6312,9592,3827,3466,3156,2915,2760,2915,3156,3466,3827,4228,4656,5573,6052,9453,2706,2421,2232,2165,2232,2421,2706,3062,3466,3903,4364,5331,9344,8811,7222,6695,4122,3631,2296,1952,1712,1624,1712,1952,2296,2706,3156,3631,4122,4625,8728,8191,7655,6585,6052,5520,4990,4464,3941,3423,1952,1531,1210,1083,1210,1531,1952,2421,2915,3423,3941,4901,4364,3827,3292,2760,2232,1712,1210,765,541,765,1210,1712,2232,2760,3292,4330,3789,3248,2706,2165,1624,1083,541,0,541,1083,1624,2165,2706,4364,3827,3292,2760,2232,1712,1210,765,541,765,1210,1712,2232,2760,4464,3941,3423,2915,2421,1952,1531,1210,1083,1210,1531,1952,4122,3631,3156,2296,1952,1712,1624,1712,1952,2296,4364,3903,3466,2421,2165,2232
253,13214,12461,12775,20611,21082,21556,12018,12343,13401,15386,19873,20823,21303,13401,13800,14625,15049,15481,16364,17270,17731,18195,18664,19137,21061,21549,13036,15613,16066,16525,16988,18404,18883,19365,20830,21324,8960,9202,9469,9758,10068,10398,10744,11106,11482,11871,12272,12683,15781,16247,16718,18641,19129,20611,21110,8472,8728,9009,9313,9637,9981,11106,11508,14574,15039,15509,16462,16945,17920,18411,18906,19403,19903,20404,7992,8262,8558,8878,9218,9576,10744,11159,13369,13832,14300,16710,17202,17697,18195,6847,7037,7262,7520,7806,8455,8811,9186,9576,10826,11710,13092,13564,16489,16988,20540,21054,6172,6336,6540,6782,7057,8047,8420,8811,9218,10510,10960,11418,11884,20375,20894,5651,5830,7655,8047,8455,10213,10676,8558,7693,8119,8558,8728,8262,6932,7362,7806,9951,9453,8960,8472,4990,5358,6172,6607,10270,9758,9249,4990,4593,4228,3903,3631,3423,3631,3903,4228,4593,4990,5413,5855,10112,4228,3827,3466,3156,2915,2760,2915,3156,3466,3827,4228,5106,5573,9981,3062,2706,2421,2232,2165,2232,2421,2706,3062,3466,3903,4841,9877,9344,7750,7222,4625,4122,2706,2296,1952,1712,1624,1712,1952,2296,2706,3156,3631,4122,9265,8728,8191,7119,6585,6052,5520,4990,4464,3941,2421,1952,1531,1210,1083,1210,1531,1952,2421,2915,3423,5440,4901,4364,3827,3292,2760,2232,1712,1210,765,541,765,1210,1712,2232,2760,4872,4330,3789,3248,2706,2165,1624,1083,541,0,541,1083,1624,2165,4901,4364,3827,3292,2760,2232,1712,1210,765,541,765,1210,1712,2232,4990,4464,3941,3423,2915,2421,1952,1531,1210,1083,1210,1531,4625,4122,3631,2706,2296,1952,1712,1624,1712,1952,4841,4364,3903,2706,2232,2165
254,12912,12164,12461,20144,20611,21082,11710,12018,13036,14971,19403,20347,20823,13013,13401,14208,14625,15049,15920,16815,17270,17731,18195,18664,20576,21061,12636,15166,15613,16066,16525,17928,18404,18883,20339,20830,8745,8960,9202,9469,9758,10068,10398,10744,11106,11482,11871,12272,15319,15781,16247,18155,18641,20115,20611,8245,8472,8728,9009,9313,9637,10717,11106,14115,14574,15039,15984,16462,17431,17920,18411,18906,19403,19903,7750,7992,8262,8558,8878,9218,10341,10744,12912,13369,13832,16220,16710,17202,17697,6695,6847,7037,7262,7520,8119,8455,8811,9186,10398,11263,12625,13092,15993,16489,20027,20540,6052,6172,6336,6540,6782,7693,8047,8420,8811,10068,10510,10960,11418,19858,20375,5520,5651,7282,7655,8047,9758,10213,9009,7282,7693,8119,9202,8728,6518,6932,7362,10454,9951,9453,8960,4656,4990,5754,6172,10785,10270,9758,5413,4990,4593,4228,3903,3292,3423,3631,3903,4228,4593,4990,5413,10634,4656,4228,3827,3466,3156,2706,2760,2915,3156,3466,3827,4656,5106,10510,3466,3062,2706,2421,2232,2165,2232,2421,2706,3062,3466,4364,10412,9877,8280,7750,5135,4625,3156,2706,2296,1952,1712,1624,1712,1952,2296,2706,3156,3631,9803,9265,8728,7655,7119,6585,6052,5520,4990,4464,2915,2421,1952,1531,1210,1083,1210,1531,1952,2421,2915,5979,5440,4901,4364,3827,3292,2760,2232,1712,1210,765,541,765,1210,1712,2232,5413,4872,4330,3789,3248,2706,2165,1624,1083,541,0,541,1083,1624,5440,4901,4364,3827,3292,2760,2232,1712,1210,765,541,765,1210,1712,5520,4990,4464,3941,3423,2915,2421,1952,1531,1210,1083,1210,5135,4625,4122,3156,2706,2296,1952,1712,1624,1712,5331,4841,4364,3062,2421,2232
255,12625,11884,12164,19681,20144,20611,11418,11710,12683,14564,18937,19873,20347,12636,13013,13800,14208,14625,15481,16364,16815,17270,17731,18195,20093,20576,12248,14724,15166,15613,16066,17456,17928,18404,19851,20339,8558,8745,8960,9202,9469,9758,10068,10398,10744,11106,11482,11871,14863,15319,15781,17673,18155,19621,20115,8047,8245,8472,8728,9009,9313,10341,10717,13661,14115,14574,15509,15984,16945,17431,17920,18411,18906,19403,7539,7750,7992,8262,8558,8878,9951,10341,12461,12912,13369,15734,16220,16710,17202,6585,6695,6847,7037,7262,7806,8119,8455,8811,9981,10826,12164,12625,15500,15993,19516,20027,5979,6052,6172,6336,6540,7362,7693,8047,8420,9637,10068,10510,10960,19343,19858,5440,5520,6932,7282,7655,9313,9758,9469,6889,7282,7693,9683,9202,6124,6518,6932,10960,10454,9951,9453,4364,4656,5358,5754,11302,10785,10270,5855,5413,4990,4593,4228,3248,3292,3423,3631,3903,4228,4593,4990,11159,5106,4656,4228,3827,3466,2760,2706,2760,2915,3156,3466,4228,4656,11040,3903,3466,3062,2706,2421,2232,2165,2232,2421,2706,3062,3903,10947,10412,8811,8280,5651,5135,3631,3156,2706,2296,1952,1712,1624,1712,1952,2296,2706,3156,10341,9803,9265,8191,7655,7119,6585,6052,5520,4990,3423,2915,2421,1952,1531,1210,1083,1210,1531,1952,2421,6518,5979,5440,4901,4364,3827,3292,2760,2232,1712,1210,765,541,765,1210,1712,5954,5413,4872,4330,3789,3248,2706,2165,1624,1083,541,0,541,1083,5979,5440,4901,4364,3827,3292,2760,2232,1712,1210,765,541,765,1210,6052,5520,4990,4464,3941,3423,2915,2421,1952,1531,1210,1083,5651,5135,4625,3631,3156,2706,2296,1952,1712,1624,5830,5331,4841,3466,2706,2421
256,12355,11622,11884,19221,19681,20144,11146,11418,12343,14167,18475,19403,19873,12272,12636,13401,13800,14208,15049,15920,16364,16815,17270,17731,19613,20093,11871,14290,14724,15166,15613,16988,17456,17928,19365,19851,8403,8558,8745,8960,9202,9469,9758,10068,10398,10744,11106,11482,14413,14863,15319,17194,17673,19129,19621,7881,8047,8245,8472,8728,9009,9981,10341,13214,13661,14115,15039,15509,16462,16945,17431,17920,18411,18906,7362,7539,7750,7992,8262,8558,9576,9951,12018,12461,12912,15252,15734,16220,16710,6518,6585,6695,6847,7037,7520,7806,8119,8455,9576,10398,11710,12164,15010,15500,19007,19516,5954,5979,6052,6172,6336,7057,7362,7693,8047,9218,9637,10068,10510,18828,19343,5413,5440,6607,6932,7282,8878,9313,9937,6518,6889,7282,10170,9683,5754,6124,6518,11470,10960,10454,9951,4122,4364,4990,5358,11822,11302,10785,6312,5855,5413,4990,4593,3292,3248,3292,3423,3631,3903,4228,4593,11685,5573,5106,4656,4228,3827,2915,2760,2706,2760,2915,3156,3827,4228,11571,4364,3903,3466,3062,2706,2421,2232,2165,2232,2421,2706,3466,11482,10947,9344,8811,6172,5651,4122,3631,3156,2706,2296,1952,1712,1624,1712,1952,2296,2706,10880,10341,9803,8728,8191,7655,7119,6585,6052,5520,3941,3423,2915,2421,1952,1531,1210,1083,1210,1531,1952,7057,6518,5979,5440,4901,4364,3827,3292,2760,2232,1712,1210,765,541,765,1210,6495,5954,5413,4872,4330,3789,3248,2706,2165,1624,1083,541,0,541,6518,5979,5440,4901,4364,3827,3292,2760,2232,1712,1210,765,541,765,6585,6052,5520,4990,4464,3941,3423,2915,2421,1952,1531,1210,6172,5651,5135,4122,3631,3156,2706,2296,1952,1712,6336,5830,5331,3903,3062,2706
257,12103,11380,11622,18766,19221,19681,10893,11146,12018,13779,18017,18937,19403,11920,12272,13013,13401,13800,14625,15481,15920,16364,16815,17270,19137,19613,11508,13864,14290,14724,15166,16525,16988,17456,18883,19365,8280,8403,8558,8745,8960,9202,9469,9758,10068,10398,10744,11106,13969,14413,14863,16718,17194,18641,19129,7750,7881,8047,8245,8472,8728,9637,9981,12775,13214,13661,14574,15039,15984,16462,16945,17431,17920,18411,7222,7362,7539,7750,7992,8262,9218,9576,11584,12018,12461,14774,15252,15734,16220,6495,6518,6585,6695,6847,7262,7520,7806,8119,9186,9981,11263,11710,14524,15010,18499,19007,5979,5954,5979,6052,6172,6782,7057,7362,7693,8811,9218,9637,10068,18316,18828,5440,5413,6312,6607,6932,8455,8878,10412,6172,6518,6889,10662,10170,5413,5754,6124,11982,11470,10960,10454,3941,4122,4656,4990,12343,11822,11302,6782,6312,5855,5413,4990,3423,3292,3248,3292,3423,3631,3903,4228,12212,6052,5573,5106,4656,4228,3156,2915,2760,2706,2760,2915,3466,3827,12103,4841,4364,3903,3466,3062,2706,2421,2232,2165,2232,2421,3062,12018,11482,9877,9344,6695,6172,4625,4122,3631,3156,2706,2296,1952,1712,1624,1712,1952,2296,11418,10880,10341,9265,8728,8191,7655,7119,6585,6052,4464,3941,3423,2915,2421,1952,1531,1210,1083,1210,1531,7597,7057,6518,5979,5440,4901,4364,3827,3292,2760,2232,1712,1210,765,541,765,7037,6495,5954,5413,4872,4330,3789,3248,2706,2165,1624,1083,541,0,7057,6518,5979,5440,4901,4364,3827,3292,2760,2232,1712,1210,765,541,7119,6585,6052,5520,4990,4464,3941,3423,2915,2421,1952,1531,6695,6172,5651,4625,4122,3631,3156,2706,2296,1952,6847,6336,5830,4364,3466,3062
258,16858,16093,16498,25180,25669,26161,15734,16148,17431,19681,24460,25446,25942,17565,18017,18937,19403,19873,20823,21786,22272,22760,23250,23742,25732,26234,17270,20093,20576,21061,21549,23028,23525,24025,25532,26038,12248,12636,13036,13445,13864,14290,14724,15166,15613,16066,16525,16988,20339,20830,21324,23319,23822,25342,25851,11871,12272,12683,13103,13532,13969,15319,15781,19129,19621,20115,21110,21611,22617,23123,23631,24140,24651,25162,11508,11920,12343,12775,13214,13661,15039,15509,17920,18411,18906,21413,21920,22429,22939,9951,10341,10744,11159,11584,12461,12912,13369,13832,15252,16220,17697,18195,21228,21739,25354,25874,9186,9576,9981,10398,10826,12164,12625,13092,13564,15010,15500,15993,16489,25209,25732,8811,9218,11884,12355,12832,14784,15281,5830,12103,12590,13081,5573,5331,11380,11871,12367,6124,5754,5413,5106,9202,9683,10662,11159,6172,5754,5358,3941,4122,4364,4656,4990,7057,7520,7992,8472,8960,9453,9951,10454,5855,3631,3903,4228,4593,4990,6312,6782,7262,7750,8245,8745,9758,10270,5573,3827,4228,4656,5106,5573,6052,6540,7037,7539,8047,8558,9592,5331,4841,3466,3062,2232,2421,3466,3903,4364,4841,5331,5830,6336,6847,7362,7881,8403,8927,4625,4122,3631,2706,2296,1952,1712,1624,1712,1952,3156,3631,4122,4625,5135,5651,6172,6695,7222,7750,8280,1210,1083,1210,1531,1952,2421,2915,3423,3941,4464,4990,5520,6052,6585,7119,7655,541,765,1210,1712,2232,2760,3292,3827,4364,4901,5440,5979,6518,7057,0,541,1083,1624,2165,2706,3248,3789,4330,4872,5413,5954,6495,7037,541,765,1210,1712,2232,2760,3292,3827,4364,4901,5440,5979,1210,1531,1952,2915,3423,3941,4464,4990,5520,6052,1712,1952,2296,3631,4625,5135
259,16462,15697,16093,24692,25180,25669,15329,15734,16997,19221,23970,24952,25446,17117,17565,18475,18937,19403,20347,21303,21786,22272,22760,23250,25232,25732,16815,19613,20093,20576,21061,22533,23028,23525,25028,25532,11871,12248,12636,13036,13445,13864,14290,14724,15166,15613,16066,16525,19851,20339,20830,22817,23319,24834,25342,11482,11871,12272,12683,13103,13532,14863,15319,18641,19129,19621,20611,21110,22113,22617,23123,23631,24140,24651,11106,11508,11920,12343,12775,13214,14574,15039,17431,17920,18411,20908,21413,21920,22429,9576,9951,10341,10744,11159,12018,12461,12912,13369,14774,15734,17202,17697,20718,21228,24834,25354,8811,9186,9576,9981,10398,11710,12164,12625,13092,14524,15010,15500,15993,24686,25209,8420,8811,11418,11884,12355,14290,14784,6052,11622,12103,12590,5855,5573,10893,11380,11871,6518,6124,5754,5413,8728,9202,10170,10662,6607,6172,5754,3827,3941,4122,4364,4656,6607,7057,7520,7992,8472,8960,9453,9951,6312,3423,3631,3903,4228,4593,5855,6312,6782,7262,7750,8245,9249,9758,6052,3466,3827,4228,4656,5106,5573,6052,6540,7037,7539,8047,9074,5830,5331,3903,3466,2165,2232,3062,3466,3903,4364,4841,5331,5830,6336,6847,7362,7881,8403,5135,4625,4122,3156,2706,2296,1952,1712,1624,1712,2706,3156,3631,4122,4625,5135,5651,6172,6695,7222,7750,1531,1210,1083,1210,1531,1952,2421,2915,3423,3941,4464,4990,5520,6052,6585,7119,765,541,765,1210,1712,2232,2760,3292,3827,4364,4901,5440,5979,6518,541,0,541,1083,1624,2165,2706,3248,3789,4330,4872,5413,5954,6495,765,541,765,1210,1712,2232,2760,3292,3827,4364,4901,5440,1083,1210,1531,2421,2915,3423,3941,4464,4990,5520,1624,1712,1952,3156,4122,4625
260,16075,15310,15697,24207,24692,25180,14932,15329,16569,18766,23482,24460,24952,16675,17117,18017,18475,18937,19873,20823,21303,21786,22272,22760,24734,25232,16364,19137,19613,20093,20576,22040,22533,23028,24525,25028,11508,11871,12248,12636,13036,13445,13864,14290,14724,15166,15613,16066,19365,19851,20339,22318,22817,24328,24834,11106,11482,11871,12272,12683,13103,14413,14863,18155,18641,19129,20115,20611,21611,22113,22617,23123,23631,24140,10717,11106,11508,11920,12343,12775,14115,14574,16945,17431,17920,20404,20908,21413,21920,9218,9576,9951,10341,10744,11584,12018,12461,12912,14300,15252,16710,17202,20209,20718,24315,24834,8455,8811,9186,9576,9981,11263,11710,12164,12625,14042,14524,15010,15500,24164,24686,8047,8420,10960,11418,11884,13800,14290,6312,11146,11622,12103,6172,5855,10412,10893,11380,6932,6518,6124,5754,8262,8728,9683,10170,7057,6607,6172,3789,3827,3941,4122,4364,6172,6607,7057,7520,7992,8472,8960,9453,6782,3292,3423,3631,3903,4228,5413,5855,6312,6782,7262,7750,8745,9249,6540,3156,3466,3827,4228,4656,5106,5573,6052,6540,7037,7539,8558,6336,5830,4364,3903,2232,2165,2706,3062,3466,3903,4364,4841,5331,5830,6336,6847,7362,7881,5651,5135,4625,3631,3156,2706,2296,1952,1712,1624,2296,2706,3156,3631,4122,4625,5135,5651,6172,6695,7222,1952,1531,1210,1083,1210,1531,1952,2421,2915,3423,3941,4464,4990,5520,6052,6585,1210,765,541,765,1210,1712,2232,2760,3292,3827,4364,4901,5440,5979,1083,541,0,541,1083,1624,2165,2706,3248,3789,4330,4872,5413,5954,1210,765,541,765,1210,1712,2232,2760,3292,3827,4364,4901,1210,1083,1210,1952,2421,2915,3423,3941,4464,4990,1712,1624,1712,2706,3631,4122
261,15697,14932,15310,23724,24207,24692,14544,14932,16148,18316,22996,23970,24460,16238,16675,17565,18017,18475,19403,20347,20823,21303,21786,22272,24237,24734,15920,18664,19137,19613,20093,21549,22040,22533,24025,24525,11159,11508,11871,12248,12636,13036,13445,13864,14290,14724,15166,15613,18883,19365,19851,21820,22318,23822,24328,10744,11106,11482,11871,12272,12683,13969,14413,17673,18155,18641,19621,20115,21110,21611,22113,22617,23123,23631,10341,10717,11106,11508,11920,12343,13661,14115,16462,16945,17431,19903,20404,20908,21413,8878,9218,9576,9951,10341,11159,11584,12018,12461,13832,14774,16220,16710,19703,20209,23798,24315,8119,8455,8811,9186,9576,10826,11263,11710,12164,13564,14042,14524,15010,23643,24164,7693,8047,10510,10960,11418,13314,13800,6607,10676,11146,11622,6518,6172,9937,10412,10893,7362,6932,6518,6124,7806,8262,9202,9683,7520,7057,6607,3827,3789,3827,3941,4122,5754,6172,6607,7057,7520,7992,8472,8960,7262,3248,3292,3423,3631,3903,4990,5413,5855,6312,6782,7262,8245,8745,7037,2915,3156,3466,3827,4228,4656,5106,5573,6052,6540,7037,8047,6847,6336,4841,4364,2421,2232,2421,2706,3062,3466,3903,4364,4841,5331,5830,6336,6847,7362,6172,5651,5135,4122,3631,3156,2706,2296,1952,1712,1952,2296,2706,3156,3631,4122,4625,5135,5651,6172,6695,2421,1952,1531,1210,1083,1210,1531,1952,2421,2915,3423,3941,4464,4990,5520,6052,1712,1210,765,541,765,1210,1712,2232,2760,3292,3827,4364,4901,5440,1624,1083,541,0,541,1083,1624,2165,2706,3248,3789,4330,4872,5413,1712,1210,765,541,765,1210,1712,2232,2760,3292,3827,4364,1531,1210,1083,1531,1952,2421,2915,3423,3941,4464,1952,1712,1624,2296,3156,3631
262,15329,14564,14932,23244,23724,24207,14167,14544,15734,17870,22514,23482,23970,15809,16238,17117,17565,18017,18937,19873,20347,20823,21303,21786,23742,24237,15481,18195,18664,19137,19613,21061,21549,22040,23525,24025,10826,11159,11508,11871,12248,12636,13036,13445,13864,14290,14724,15166,18404,18883,19365,21324,21820,23319,23822,10398,10744,11106,11482,11871,12272,13532,13969,17194,17673,18155,19129,19621,20611,21110,21611,22113,22617,23123,9981,10341,10717,11106,11508,11920,13214,13661,15984,16462,16945,19403,19903,20404,20908,8558,8878,9218,9576,9951,10744,11159,11584,12018,13369,14300,15734,16220,19198,19703,23281,23798,7806,8119,8455,8811,9186,10398,10826,11263,11710,13092,13564,14042,14524,23123,23643,7362,7693,10068,10510,10960,12832,13314,6932,10213,10676,11146,6889,6518,9469,9937,10412,7806,7362,6932,6518,7362,7806,8728,9202,7992,7520,7057,3941,3827,3789,3827,3941,5358,5754,6172,6607,7057,7520,7992,8472,7750,3292,3248,3292,3423,3631,4593,4990,5413,5855,6312,6782,7750,8245,7539,2760,2915,3156,3466,3827,4228,4656,5106,5573,6052,6540,7539,7362,6847,5331,4841,2706,2421,2232,2421,2706,3062,3466,3903,4364,4841,5331,5830,6336,6847,6695,6172,5651,4625,4122,3631,3156,2706,2296,1952,1712,1952,2296,2706,3156,3631,4122,4625,5135,5651,6172,2915,2421,1952,1531,1210,1083,1210,1531,1952,2421,2915,3423,3941,4464,4990,5520,2232,1712,1210,765,541,765,1210,1712,2232,2760,3292,3827,4364,4901,2165,1624,1083,541,0,541,1083,1624,2165,2706,3248,3789,4330,4872,2232,1712,1210,765,541,765,1210,1712,2232,2760,3292,3827,1952,1531,1210,1210,1531,1952,2421,2915,3423,3941,2296,1952,1712,1952,2706,3156
263,14971,14208,14564,22766,23244,23724,13800,14167,15329,17431,22033,22996,23482,15386,15809,16675,17117,17565,18475,19403,19873,20347,20823,21303,23250,23742,15049,17731,18195,18664,19137,20576,21061,21549,23028,23525,10510,10826,11159,11508,11871,12248,12636,13036,13445,13864,14290,14724,17928,18404,18883,20830,21324,22817,23319,10068,10398,10744,11106,11482,11871,13103,13532,16718,17194,17673,18641,19129,20115,20611,21110,21611,22113,22617,9637,9981,10341,10717,11106,11508,12775,13214,15509,15984,16462,18906,19403,19903,20404,8262,8558,8878,9218,9576,10341,10744,11159,11584,12912,13832,15252,15734,18696,19198,22766,23281,7520,7806,8119,8455,8811,9981,10398,10826,11263,12625,13092,13564,14042,22605,23123,7057,7362,9637,10068,10510,12355,12832,7282,9758,10213,10676,7282,6889,9009,9469,9937,8262,7806,7362,6932,6932,7362,8262,8728,8472,7992,7520,4122,3941,3827,3789,3827,4990,5358,5754,6172,6607,7057,7520,7992,8245,3423,3292,3248,3292,3423,4228,4593,4990,5413,5855,6312,7262,7750,8047,2706,2760,2915,3156,3466,3827,4228,4656,5106,5573,6052,7037,7881,7362,5830,5331,3062,2706,2165,2232,2421,2706,3062,3466,3903,4364,4841,5331,5830,6336,7222,6695,6172,5135,4625,4122,3631,3156,2706,2296,1624,1712,1952,2296,2706,3156,3631,4122,4625,5135,5651,3423,2915,2421,1952,1531,1210,1083,1210,1531,1952,2421,2915,3423,3941,4464,4990,2760,2232,1712,1210,765,541,765,1210,1712,2232,2760,3292,3827,4364,2706,2165,1624,1083,541,0,541,1083,1624,2165,2706,3248,3789,4330,2760,2232,1712,1210,765,541,765,1210,1712,2232,2760,3292,2421,1952,1531,1083,1210,1531,1952,2421,2915,3423,2706,2296,1952,1712,2296,2706
264,14625,13864,14208,22291,22766,23244,13445,13800,14932,16997,21556,22514,22996,14971,15386,16238,16675,17117,18017,18937,19403,19873,20347,20823,22760,23250,14625,17270,17731,18195,18664,20093,20576,21061,22533,23028,10213,10510,10826,11159,11508,11871,12248,12636,13036,13445,13864,14290,17456,17928,18404,20339,20830,22318,22817,9758,10068,10398,10744,11106,11482,12683,13103,16247,16718,17194,18155,18641,19621,20115,20611,21110,21611,22113,9313,9637,9981,10341,10717,11106,12343,12775,15039,15509,15984,18411,18906,19403,19903,7992,8262,8558,8878,9218,9951,10341,10744,11159,12461,13369,14774,15252,18195,18696,22252,22766,7262,7520,7806,8119,8455,9576,9981,10398,10826,12164,12625,13092,13564,22087,22605,6782,7057,9218,9637,10068,11884,12355,7655,9313,9758,10213,7693,7282,8558,9009,9469,8728,8262,7806,7362,6518,6932,7806,8262,8960,8472,7992,4364,4122,3941,3827,3789,4656,4990,5358,5754,6172,6607,7057,7520,8745,3631,3423,3292,3248,3292,3903,4228,4593,4990,5413,5855,6782,7262,8558,2760,2706,2760,2915,3156,3466,3827,4228,4656,5106,5573,6540,8403,7881,6336,5830,3466,3062,2232,2165,2232,2421,2706,3062,3466,3903,4364,4841,5331,5830,7750,7222,6695,5651,5135,4625,4122,3631,3156,2706,1712,1624,1712,1952,2296,2706,3156,3631,4122,4625,5135,3941,3423,2915,2421,1952,1531,1210,1083,1210,1531,1952,2421,2915,3423,3941,4464,3292,2760,2232,1712,1210,765,541,765,1210,1712,2232,2760,3292,3827,3248,2706,2165,1624,1083,541,0,541,1083,1624,2165,2706,3248,3789,3292,2760,2232,1712,1210,765,541,765,1210,1712,2232,2760,2915,2421,1952,1210,1083,1210,1531,1952,2421,2915,3156,2706,2296,1624,1952,2296
265,14290,13532,13864,21820,22291,22766,13103,13445,14544,16569,21082,22033,22514,14564,14971,15809,16238,16675,17565,18475,18937,19403,19873,20347,22272,22760,14208,16815,17270,17731,18195,19613,20093,20576,22040,22533,9937,10213,10510,10826,11159,11508,11871,12248,12636,13036,13445,13864,16988,17456,17928,19851,20339,21820,22318,9469,9758,10068,10398,10744,11106,12272,12683,15781,16247,16718,17673,18155,19129,19621,20115,20611,21110,21611,9009,9313,9637,9981,10341,10717,11920,12343,14574,15039,15509,17920,18411,18906,19403,7750,7992,8262,8558,8878,9576,9951,10341,10744,12018,12912,14300,14774,17697,18195,21739,22252,7037,7262,7520,7806,8119,9186,9576,9981,10398,11710,12164,12625,13092,21570,22087,6540,6782,8811,9218,9637,11418,11884,8047,8878,9313,9758,8119,7693,8119,8558,9009,9202,8728,8262,7806,6124,6518,7362,7806,9453,8960,8472,4656,4364,4122,3941,3827,4364,4656,4990,5358,5754,6172,6607,7057,9249,3903,3631,3423,3292,3248,3631,3903,4228,4593,4990,5413,6312,6782,9074,2915,2760,2706,2760,2915,3156,3466,3827,4228,4656,5106,6052,8927,8403,6847,6336,3903,3466,2421,2232,2165,2232,2421,2706,3062,3466,3903,4364,4841,5331,8280,7750,7222,6172,5651,5135,4625,4122,3631,3156,1952,1712,1624,1712,1952,2296,2706,3156,3631,4122,4625,4464,3941,3423,2915,2421,1952,1531,1210,1083,1210,1531,1952,2421,2915,3423,3941,3827,3292,2760,2232,1712,1210,765,541,765,1210,1712,2232,2760,3292,3789,3248,2706,2165,1624,1083,541,0,541,1083,1624,2165,2706,3248,3827,3292,2760,2232,1712,1210,765,541,765,1210,1712,2232,3423,2915,2421,1531,1210,1083,1210,1531,1952,2421,3631,3156,2706,1712,1712,1952
266,13969,13214,13532,21351,21820,22291,12775,13103,14167,16148,20611,21556,22033,14167,14564,15386,15809,16238,17117,18017,18475,18937,19403,19873,21786,22272,13800,16364,16815,17270,17731,19137,19613,20093,21549,22040,9683,9937,10213,10510,10826,11159,11508,11871,12248,12636,13036,13445,16525,16988,17456,19365,19851,21324,21820,9202,9469,9758,10068,10398,10744,11871,12272,15319,15781,16247,17194,17673,18641,19129,19621,20115,20611,21110,8728,9009,9313,9637,9981,10341,11508,11920,14115,14574,15039,17431,17920,18411,18906,7539,7750,7992,8262,8558,9218,9576,9951,10341,11584,12461,13832,14300,17202,17697,21228,21739,6847,7037,7262,7520,7806,8811,9186,9576,9981,11263,11710,12164,12625,21054,21570,6336,6540,8420,8811,9218,10960,11418,8455,8455,8878,9313,8558,8119,7693,8119,8558,9683,9202,8728,8262,5754,6124,6932,7362,9951,9453,8960,4990,4656,4364,4122,3941,4122,4364,4656,4990,5358,5754,6172,6607,9758,4228,3903,3631,3423,3292,3423,3631,3903,4228,4593,4990,5855,6312,9592,3156,2915,2760,2706,2760,2915,3156,3466,3827,4228,4656,5573,9453,8927,7362,6847,4364,3903,2706,2421,2232,2165,2232,2421,2706,3062,3466,3903,4364,4841,8811,8280,7750,6695,6172,5651,5135,4625,4122,3631,2296,1952,1712,1624,1712,1952,2296,2706,3156,3631,4122,4990,4464,3941,3423,2915,2421,1952,1531,1210,1083,1210,1531,1952,2421,2915,3423,4364,3827,3292,2760,2232,1712,1210,765,541,765,1210,1712,2232,2760,4330,3789,3248,2706,2165,1624,1083,541,0,541,1083,1624,2165,2706,4364,3827,3292,2760,2232,1712,1210,765,541,765,1210,1712,3941,3423,2915,1952,1531,1210,1083,1210,1531,1952,4122,3631,3156,1952,1624,1712
267,13661,12912,13214,20887,21351,21820,12461,12775,13800,15734,20144,21082,21556,13779,14167,14971,15386,15809,16675,17565,18017,18475,18937,19403,21303,21786,13401,15920,16364,16815,17270,18664,19137,19613,21061,21549,9453,9683,9937,10213,10510,10826,11159,11508,11871,12248,12636,13036,16066,16525,16988,18883,19365,20830,21324,8960,9202,9469,9758,10068,10398,11482,11871,14863,15319,15781,16718,17194,18155,18641,19129,19621,20115,20611,8472,8728,9009,9313,9637,9981,11106,11508,13661,14115,14574,16945,17431,17920,18411,7362,7539,7750,7992,8262,8878,9218,9576,9951,11159,12018,13369,13832,16710,17202,20718,21228,6695,6847,7037,7262,7520,8455,8811,9186,9576,10826,11263,11710,12164,20540,21054,6172,6336,8047,8420,8811,10510,10960,8878,8047,8455,8878,9009,8558,7282,7693,8119,10170,9683,9202,8728,5413,5754,6518,6932,10454,9951,9453,5358,4990,4656,4364,4122,3941,4122,4364,4656,4990,5358,5754,6172,10270,4593,4228,3903,3631,3423,3292,3423,3631,3903,4228,4593,5413,5855,10112,3466,3156,2915,2760,2706,2760,2915,3156,3466,3827,4228,5106,9981,9453,7881,7362,4841,4364,3062,2706,2421,2232,2165,2232,2421,2706,3062,3466,3903,4364,9344,8811,8280,7222,6695,6172,5651,5135,4625,4122,2706,2296,1952,1712,1624,1712,1952,2296,2706,3156,3631,5520,4990,4464,3941,3423,2915,2421,1952,1531,1210,1083,1210,1531,1952,2421,2915,4901,4364,3827,3292,2760,2232,1712,1210,765,541,765,1210,1712,2232,4872,4330,3789,3248,2706,2165,1624,1083,541,0,541,1083,1624,2165,4901,4364,3827,3292,2760,2232,1712,1210,765,541,765,1210,4464,3941,3423,2421,1952,1531,1210,1083,1210,1531,4625,4122,3631,2296,1712,1624
268,13369,12625,12912,20426,20887,21351,12164,12461,13445,15329,19681,20611,21082,13401,13779,14564,14971,15386,16238,17117,17565,18017,18475,18937,20823,21303,13013,15481,15920,16364,16815,18195,18664,19137,20576,21061,9249,9453,9683,9937,10213,10510,10826,11159,11508,11871,12248,12636,15613,16066,16525,18404,18883,20339,20830,8745,8960,9202,9469,9758,10068,11106,11482,14413,14863,15319,16247,16718,17673,18155,18641,19129,19621,20115,8245,8472,8728,9009,9313,9637,10717,11106,13214,13661,14115,16462,16945,17431,17920,7222,7362,7539,7750,7992,8558,8878,9218,9576,10744,11584,12912,13369,16220,16710,20209,20718,6585,6695,6847,7037,7262,8119,8455,8811,9186,10398,10826,11263,11710,20027,20540,6052,6172,7693,8047,8420,10068,10510,9313,7655,8047,8455,9469,9009,6889,7282,7693,10662,10170,9683,9202,5106,5413,6124,6518,10960,10454,9951,5754,5358,4990,4656,4364,3827,3941,4122,4364,4656,4990,5358,5754,10785,4990,4593,4228,3903,3631,3248,3292,3423,3631,3903,4228,4990,5413,10634,3827,3466,3156,2915,2760,2706,2760,2915,3156,3466,3827,4656,10510,9981,8403,7881,5331,4841,3466,3062,2706,2421,2232,2165,2232,2421,2706,3062,3466,3903,9877,9344,8811,7750,7222,6695,6172,5651,5135,4625,3156,2706,2296,1952,1712,1624,1712,1952,2296,2706,3156,6052,5520,4990,4464,3941,3423,2915,2421,1952,1531,1210,1083,1210,1531,1952,2421,5440,4901,4364,3827,3292,2760,2232,1712,1210,765,541,765,1210,1712,5413,4872,4330,3789,3248,2706,2165,1624,1083,541,0,541,1083,1624,5440,4901,4364,3827,3292,2760,2232,1712,1210,765,541,765,4990,4464,3941,2915,2421,1952,1531,1210,1083,1210,5135,4625,4122,2706,1952,1712
269,13092,12355,12625,19969,20426,20887,11884,12164,13103,14932,19221,20144,20611,13036,13401,14167,14564,14971,15809,16675,17117,17565,18017,18475,20347,20823,12636,15049,15481,15920,16364,17731,18195,18664,20093,20576,9074,9249,9453,9683,9937,10213,10510,10826,11159,11508,11871,12248,15166,15613,16066,17928,18404,19851,20339,8558,8745,8960,9202,9469,9758,10744,11106,13969,14413,14863,15781,16247,17194,17673,18155,18641,19129,19621,8047,8245,8472,8728,9009,9313,10341,10717,12775,13214,13661,15984,16462,16945,17431,7119,7222,7362,7539,7750,8262,8558,8878,9218,10341,11159,12461,12912,15734,16220,19703,20209,6518,6585,6695,6847,7037,7806,8119,8455,8811,9981,10398,10826,11263,19516,20027,5979,6052,7362,7693,8047,9637,10068,9758,7282,7655,8047,9937,9469,6518,6889,7282,11159,10662,10170,9683,4841,5106,5754,6124,11470,10960,10454,6172,5754,5358,4990,4656,3789,3827,3941,4122,4364,4656,4990,5358,11302,5413,4990,4593,4228,3903,3292,3248,3292,3423,3631,3903,4593,4990,11159,4228,3827,3466,3156,2915,2760,2706,2760,2915,3156,3466,4228,11040,10510,8927,8403,5830,5331,3903,3466,3062,2706,2421,2232,2165,2232,2421,2706,3062,3466,10412,9877,9344,8280,7750,7222,6695,6172,5651,5135,3631,3156,2706,2296,1952,1712,1624,1712,1952,2296,2706,6585,6052,5520,4990,4464,3941,3423,2915,2421,1952,1531,1210,1083,1210,1531,1952,5979,5440,4901,4364,3827,3292,2760,2232,1712,1210,765,541,765,1210,5954,5413,4872,4330,3789,3248,2706,2165,1624,1083,541,0,541,1083,5979,5440,4901,4364,3827,3292,2760,2232,1712,1210,765,541,5520,4990,4464,3423,2915,2421,1952,1531,1210,1083,5651,5135,4625,3156,2296,1952
270,12832,12103,12355,19516,19969,20426,11622,11884,12775,14544,18766,19681,20144,12683,13036,13779,14167,14564,15386,16238,16675,17117,17565,18017,19873,20347,12272,14625,15049,15481,15920,17270,17731,18195,19613,20093,8927,9074,9249,9453,9683,9937,10213,10510,10826,11159,11508,11871,14724,15166,15613,17456,17928,19365,19851,8403,8558,8745,8960,9202,9469,10398,10744,13532,13969,14413,15319,15781,16718,17194,17673,18155,18641,19129,7881,8047,8245,8472,8728,9009,9981,10341,12343,12775,13214,15509,15984,16462,16945,7057,7119,7222,7362,7539,7992,8262,8558,8878,9951,10744,12018,12461,15252,15734,19198,19703,6495,6518,6585,6695,6847,7520,7806,8119,8455,9576,9981,10398,10826,19007,19516,5954,5979,7057,7362,7693,9218,9637,10213,6932,7282,7655,10412,9937,6172,6518,6889,11660,11159,10662,10170,4625,4841,5413,5754,11982,11470,10960,6607,6172,5754,5358,4990,3827,3789,3827,3941,4122,4364,4656,4990,11822,5855,5413,4990,4593,4228,3423,3292,3248,3292,3423,3631,4228,4593,11685,4656,4228,3827,3466,3156,2915,2760,2706,2760,2915,3156,3827,11571,11040,9453,8927,6336,5830,4364,3903,3466,3062,2706,2421,2232,2165,2232,2421,2706,3062,10947,10412,9877,8811,8280,7750,7222,6695,6172,5651,4122,3631,3156,2706,2296,1952,1712,1624,1712,1952,2296,7119,6585,6052,5520,4990,4464,3941,3423,2915,2421,1952,1531,1210,1083,1210,1531,6518,5979,5440,4901,4364,3827,3292,2760,2232,1712,1210,765,541,765,6495,5954,5413,4872,4330,3789,3248,2706,2165,1624,1083,541,0,541,6518,5979,5440,4901,4364,3827,3292,2760,2232,1712,1210,765,6052,5520,4990,3941,3423,2915,2421,1952,1531,1210,6172,5651,5135,3631,2706,2296
271,12590,11871,12103,19068,19516,19969,11380,11622,12461,14167,18316,19221,19681,12343,12683,13401,13779,14167,14971,15809,16238,16675,17117,17565,19403,19873,11920,14208,14625,15049,15481,16815,17270,17731,19137,19613,8811,8927,9074,9249,9453,9683,9937,10213,10510,10826,11159,11508,14290,14724,15166,16988,17456,18883,19365,8280,8403,8558,8745,8960,9202,10068,10398,13103,13532,13969,14863,15319,16247,16718,17194,17673,18155,18641,7750,7881,8047,8245,8472,8728,9637,9981,11920,12343,12775,15039,15509,15984,16462,7037,7057,7119,7222,7362,7750,7992,8262,8558,9576,10341,11584,12018,14774,15252,18696,19198,6518,6495,6518,6585,6695,7262,7520,7806,8119,9186,9576,9981,10398,18499,19007,5979,5954,6782,7057,7362,8811,9218,10676,6607,6932,7282,10893,10412,5855,6172,6518,12164,11660,11159,10662,4464,4625,5106,5413,12496,11982,11470,7057,6607,6172,5754,5358,3941,3827,3789,3827,3941,4122,4364,4656,12343,6312,5855,5413,4990,4593,3631,3423,3292,3248,3292,3423,3903,4228,12212,5106,4656,4228,3827,3466,3156,2915,2760,2706,2760,2915,3466,12103,11571,9981,9453,6847,6336,4841,4364,3903,3466,3062,2706,2421,2232,2165,2232,2421,2706,11482,10947,10412,9344,8811,8280,7750,7222,6695,6172,4625,4122,3631,3156,2706,2296,1952,1712,1624,1712,1952,7655,7119,6585,6052,5520,4990,4464,3941,3423,2915,2421,1952,1531,1210,1083,1210,7057,6518,5979,5440,4901,4364,3827,3292,2760,2232,1712,1210,765,541,7037,6495,5954,5413,4872,4330,3789,3248,2706,2165,1624,1083,541,0,7057,6518,5979,5440,4901,4364,3827,3292,2760,2232,1712,1210,6585,6052,5520,4464,3941,3423,2915,2421,1952,1531,6695,6172,5651,4122,3156,2706
272,17228,16462,16858,25417,25902,26390,16093,16498,17755,19969,24692,25669,26161,17870,18316,19221,19681,20144,21082,22033,22514,22996,23482,23970,25942,26440,17565,20347,20823,21303,21786,23250,23742,24237,25732,26234,12636,13013,13401,13800,14208,14625,15049,15481,15920,16364,16815,17270,20576,21061,21549,23525,24025,25532,26038,12248,12636,13036,13445,13864,14290,15613,16066,19365,19851,20339,21324,21820,22817,23319,23822,24328,24834,25342,11871,12272,12683,13103,13532,13969,15319,15781,18155,18641,19129,21611,22113,22617,23123,10341,10717,11106,11508,11920,12775,13214,13661,14115,15509,16462,17920,18411,21413,21920,25509,26027,9576,9951,10341,10744,11159,12461,12912,13369,13832,15252,15734,16220,16710,25354,25874,9186,9576,12164,12625,13092,15010,15500,6336,12355,12832,13314,6052,5830,11622,12103,12590,6518,6172,5855,5573,9469,9937,10893,11380,6518,6124,5754,4464,4625,4841,5106,5413,7362,7806,8262,8728,9202,9683,10170,10662,6172,4122,4364,4656,4990,5358,6607,7057,7520,7992,8472,8960,9951,10454,5855,4228,4593,4990,5413,5855,6312,6782,7262,7750,8245,8745,9758,5573,5106,3827,3466,2760,2915,3827,4228,4656,5106,5573,6052,6540,7037,7539,8047,8558,9074,4841,4364,3903,3062,2706,2421,2232,2165,2232,2421,3466,3903,4364,4841,5331,5830,6336,6847,7362,7881,8403,1712,1624,1712,1952,2296,2706,3156,3631,4122,4625,5135,5651,6172,6695,7222,7750,1083,1210,1531,1952,2421,2915,3423,3941,4464,4990,5520,6052,6585,7119,541,765,1210,1712,2232,2760,3292,3827,4364,4901,5440,5979,6518,7057,0,541,1083,1624,2165,2706,3248,3789,4330,4872,5413,5954,765,1210,1712,2760,3292,3827,4364,4901,5440,5979,1210,1531,1952,3423,4464,4990
273,16841,16075,16462,24934,25417,25902,15697,16093,17329,19516,24207,25180,25669,17431,17870,18766,19221,19681,20611,21556,22033,22514,22996,23482,25446,25942,17117,19873,20347,20823,21303,22760,23250,23742,25232,25732,12272,12636,13013,13401,13800,14208,14625,15049,15481,15920,16364,16815,20093,20576,21061,23028,23525,25028,25532,11871,12248,12636,13036,13445,13864,15166,15613,18883,19365,19851,20830,21324,22318,22817,23319,23822,24328,24834,11482,11871,12272,12683,13103,13532,14863,15319,17673,18155,18641,21110,21611,22113,22617,9981,10341,10717,11106,11508,12343,12775,13214,13661,15039,15984,17431,17920,20908,21413,24993,25509,9218,9576,9951,10341,10744,12018,12461,12912,13369,14774,15252,15734,16220,24834,25354,8811,9186,11710,12164,12625,14524,15010,6540,11884,12355,12832,6312,6052,11146,11622,12103,6889,6518,6172,5855,9009,9469,10412,10893,6932,6518,6124,4364,4464,4625,4841,5106,6932,7362,7806,8262,8728,9202,9683,10170,6607,3941,4122,4364,4656,4990,6172,6607,7057,7520,7992,8472,9453,9951,6312,3903,4228,4593,4990,5413,5855,6312,6782,7262,7750,8245,9249,6052,5573,4228,3827,2706,2760,3466,3827,4228,4656,5106,5573,6052,6540,7037,7539,8047,8558,5331,4841,4364,3466,3062,2706,2421,2232,2165,2232,3062,3466,3903,4364,4841,5331,5830,6336,6847,7362,7881,1952,1712,1624,1712,1952,2296,2706,3156,3631,4122,4625,5135,5651,6172,6695,7222,1210,1083,1210,1531,1952,2421,2915,3423,3941,4464,4990,5520,6052,6585,765,541,765,1210,1712,2232,2760,3292,3827,4364,4901,5440,5979,6518,541,0,541,1083,1624,2165,2706,3248,3789,4330,4872,5413,541,765,1210,2232,2760,3292,3827,4364,4901,5440,1083,1210,1531,2915,3941,4464
274,16462,15697,16075,24454,24934,25417,15310,15697,16910,19068,23724,24692,25180,16997,17431,18316,18766,19221,20144,21082,21556,22033,22514,22996,24952,25446,16675,19403,19873,20347,20823,22272,22760,23250,24734,25232,11920,12272,12636,13013,13401,13800,14208,14625,15049,15481,15920,16364,19613,20093,20576,22533,23028,24525,25028,11508,11871,12248,12636,13036,13445,14724,15166,18404,18883,19365,20339,20830,21820,22318,22817,23319,23822,24328,11106,11482,11871,12272,12683,13103,14413,14863,17194,17673,18155,20611,21110,21611,22113,9637,9981,10341,10717,11106,11920,12343,12775,13214,14574,15509,16945,17431,20404,20908,24478,24993,8878,9218,9576,9951,10341,11584,12018,12461,12912,14300,14774,15252,15734,24315,24834,8455,8811,11263,11710,12164,14042,14524,6782,11418,11884,12355,6607,6312,10676,11146,11622,7282,6889,6518,6172,8558,9009,9937,10412,7362,6932,6518,4330,4364,4464,4625,4841,6518,6932,7362,7806,8262,8728,9202,9683,7057,3827,3941,4122,4364,4656,5754,6172,6607,7057,7520,7992,8960,9453,6782,3631,3903,4228,4593,4990,5413,5855,6312,6782,7262,7750,8745,6540,6052,4656,4228,2760,2706,3156,3466,3827,4228,4656,5106,5573,6052,6540,7037,7539,8047,5830,5331,4841,3903,3466,3062,2706,2421,2232,2165,2706,3062,3466,3903,4364,4841,5331,5830,6336,6847,7362,2296,1952,1712,1624,1712,1952,2296,2706,3156,3631,4122,4625,5135,5651,6172,6695,1531,1210,1083,1210,1531,1952,2421,2915,3423,3941,4464,4990,5520,6052,1210,765,541,765,1210,1712,2232,2760,3292,3827,4364,4901,5440,5979,1083,541,0,541,1083,1624,2165,2706,3248,3789,4330,4872,765,541,765,1712,2232,2760,3292,3827,4364,4901,1210,1083,1210,2421,3423,3941
275,16093,15329,15697,23976,24454,24934,14932,15310,16498,18625,23244,24207,24692,16569,16997,17870,18316,18766,19681,20611,21082,21556,22033,22514,24460,24952,16238,18937,19403,19873,20347,21786,22272,22760,24237,24734,11584,11920,12272,12636,13013,13401,13800,14208,14625,15049,15481,15920,19137,19613,20093,22040,22533,24025,24525,11159,11508,11871,12248,12636,13036,14290,14724,17928,18404,18883,19851,20339,21324,21820,22318,22817,23319,23822,10744,11106,11482,11871,12272,12683,13969,14413,16718,17194,17673,20115,20611,21110,21611,9313,9637,9981,10341,10717,11508,11920,12343,12775,14115,15039,16462,16945,19903,20404,23963,24478,8558,8878,9218,9576,9951,11159,11584,12018,12461,13832,14300,14774,15252,23798,24315,8119,8455,10826,11263,11710,13564,14042,7057,10960,11418,11884,6932,6607,10213,10676,11146,7693,7282,6889,6518,8119,8558,9469,9937,7806,7362,6932,4364,4330,4364,4464,4625,6124,6518,6932,7362,7806,8262,8728,9202,7520,3789,3827,3941,4122,4364,5358,5754,6172,6607,7057,7520,8472,8960,7262,3423,3631,3903,4228,4593,4990,5413,5855,6312,6782,7262,8245,7037,6540,5106,4656,2915,2760,2915,3156,3466,3827,4228,4656,5106,5573,6052,6540,7037,7539,6336,5830,5331,4364,3903,3466,3062,2706,2421,2232,2421,2706,3062,3466,3903,4364,4841,5331,5830,6336,6847,2706,2296,1952,1712,1624,1712,1952,2296,2706,3156,3631,4122,4625,5135,5651,6172,1952,1531,1210,1083,1210,1531,1952,2421,2915,3423,3941,4464,4990,5520,1712,1210,765,541,765,1210,1712,2232,2760,3292,3827,4364,4901,5440,1624,1083,541,0,541,1083,1624,2165,2706,3248,3789,4330,1210,765,541,1210,1712,2232,2760,3292,3827,4364,1531,1210,1083,1952,2915,3423
276,15734,14971,15329,23501,23976,24454,14564,14932,16093,18187,22766,23724,24207,16148,16569,17431,17870,18316,19221,20144,20611,21082,21556,22033,23970,24460,15809,18475,18937,19403,19873,21303,21786,22272,23742,24237,11263,11584,11920,12272,12636,13013,13401,13800,14208,14625,15049,15481,18664,19137,19613,21549,22040,23525,24025,10826,11159,11508,11871,12248,12636,13864,14290,17456,17928,18404,19365,19851,20830,21324,21820,22318,22817,23319,10398,10744,11106,11482,11871,12272,13532,13969,16247,16718,17194,19621,20115,20611,21110,9009,9313,9637,9981,10341,11106,11508,11920,12343,13661,14574,15984,16462,19403,19903,23451,23963,8262,8558,8878,9218,9576,10744,11159,11584,12018,13369,13832,14300,14774,23281,23798,7806,8119,10398,10826,11263,13092,13564,7362,10510,10960,11418,7282,6932,9758,10213,10676,8119,7693,7282,6889,7693,8119,9009,9469,8262,7806,7362,4464,4364,4330,4364,4464,5754,6124,6518,6932,7362,7806,8262,8728,7992,3827,3789,3827,3941,4122,4990,5358,5754,6172,6607,7057,7992,8472,7750,3292,3423,3631,3903,4228,4593,4990,5413,5855,6312,6782,7750,7539,7037,5573,5106,3156,2915,2760,2915,3156,3466,3827,4228,4656,5106,5573,6052,6540,7037,6847,6336,5830,4841,4364,3903,3466,3062,2706,2421,2232,2421,2706,3062,3466,3903,4364,4841,5331,5830,6336,3156,2706,2296,1952,1712,1624,1712,1952,2296,2706,3156,3631,4122,4625,5135,5651,2421,1952,1531,1210,1083,1210,1531,1952,2421,2915,3423,3941,4464,4990,2232,1712,1210,765,541,765,1210,1712,2232,2760,3292,3827,4364,4901,2165,1624,1083,541,0,541,1083,1624,2165,2706,3248,3789,1712,1210,765,765,1210,1712,2232,2760,3292,3827,1952,1531,1210,1531,2421,2915
277,15386,14625,14971,23028,23501,23976,14208,14564,15697,17755,22291,23244,23724,15734,16148,16997,17431,17870,18766,19681,20144,20611,21082,21556,23482,23970,15386,18017,18475,18937,19403,20823,21303,21786,23250,23742,10960,11263,11584,11920,12272,12636,13013,13401,13800,14208,14625,15049,18195,18664,19137,21061,21549,23028,23525,10510,10826,11159,11508,11871,12248,13445,13864,16988,17456,17928,18883,19365,20339,20830,21324,21820,22318,22817,10068,10398,10744,11106,11482,11871,13103,13532,15781,16247,16718,19129,19621,20115,20611,8728,9009,9313,9637,9981,10717,11106,11508,11920,13214,14115,15509,15984,18906,19403,22939,23451,7992,8262,8558,8878,9218,10341,10744,11159,11584,12912,13369,13832,14300,22766,23281,7520,7806,9981,10398,10826,12625,13092,7693,10068,10510,10960,7655,7282,9313,9758,10213,8558,8119,7693,7282,7282,7693,8558,9009,8728,8262,7806,4625,4464,4364,4330,4364,5413,5754,6124,6518,6932,7362,7806,8262,8472,3941,3827,3789,3827,3941,4656,4990,5358,5754,6172,6607,7520,7992,8245,3248,3292,3423,3631,3903,4228,4593,4990,5413,5855,6312,7262,8047,7539,6052,5573,3466,3156,2706,2760,2915,3156,3466,3827,4228,4656,5106,5573,6052,6540,7362,6847,6336,5331,4841,4364,3903,3466,3062,2706,2165,2232,2421,2706,3062,3466,3903,4364,4841,5331,5830,3631,3156,2706,2296,1952,1712,1624,1712,1952,2296,2706,3156,3631,4122,4625,5135,2915,2421,1952,1531,1210,1083,1210,1531,1952,2421,2915,3423,3941,4464,2760,2232,1712,1210,765,541,765,1210,1712,2232,2760,3292,3827,4364,2706,2165,1624,1083,541,0,541,1083,1624,2165,2706,3248,2232,1712,1210,541,765,1210,1712,2232,2760,3292,2421,1952,1531,1210,1952,2421
278,15049,14290,14625,22559,23028,23501,13864,14208,15310,17329,21820,22766,23244,15329,15734,16569,16997,17431,18316,19221,19681,20144,20611,21082,22996,23482,14971,17565,18017,18475,18937,20347,20823,21303,22760,23250,10676,10960,11263,11584,11920,12272,12636,13013,13401,13800,14208,14625,17731,18195,18664,20576,21061,22533,23028,10213,10510,10826,11159,11508,11871,13036,13445,16525,16988,17456,18404,18883,19851,20339,20830,21324,21820,22318,9758,10068,10398,10744,11106,11482,12683,13103,15319,15781,16247,18641,19129,19621,20115,8472,8728,9009,9313,9637,10341,10717,11106,11508,12775,13661,15039,15509,18411,18906,22429,22939,7750,7992,8262,8558,8878,9951,10341,10744,11159,12461,12912,13369,13832,22252,22766,7262,7520,9576,9981,10398,12164,12625,8047,9637,10068,10510,8047,7655,8878,9313,9758,9009,8558,8119,7693,6889,7282,8119,8558,9202,8728,8262,4841,4625,4464,4364,4330,5106,5413,5754,6124,6518,6932,7362,7806,8960,4122,3941,3827,3789,3827,4364,4656,4990,5358,5754,6172,7057,7520,8745,3292,3248,3292,3423,3631,3903,4228,4593,4990,5413,5855,6782,8558,8047,6540,6052,3827,3466,2760,2706,2760,2915,3156,3466,3827,4228,4656,5106,5573,6052,7881,7362,6847,5830,5331,4841,4364,3903,3466,3062,2232,2165,2232,2421,2706,3062,3466,3903,4364,4841,5331,4122,3631,3156,2706,2296,1952,1712,1624,1712,1952,2296,2706,3156,3631,4122,4625,3423,2915,2421,1952,1531,1210,1083,1210,1531,1952,2421,2915,3423,3941,3292,2760,2232,1712,1210,765,541,765,1210,1712,2232,2760,3292,3827,3248,2706,2165,1624,1083,541,0,541,1083,1624,2165,2706,2760,2232,1712,765,541,765,1210,1712,2232,2760,2915,2421,1952,1083,1531,1952
279,14724,13969,14290,22093,22559,23028,13532,13864,14932,16910,21351,22291,22766,14932,15329,16148,16569,16997,17870,18766,19221,19681,20144,20611,22514,22996,14564,17117,17565,18017,18475,19873,20347,20823,22272,22760,10412,10676,10960,11263,11584,11920,12272,12636,13013,13401,13800,14208,17270,17731,18195,20093,20576,22040,22533,9937,10213,10510,10826,11159,11508,12636,13036,16066,16525,16988,17928,18404,19365,19851,20339,20830,21324,21820,9469,9758,10068,10398,10744,11106,12272,12683,14863,15319,15781,18155,18641,19129,19621,8245,8472,8728,9009,9313,9981,10341,10717,11106,12343,13214,14574,15039,17920,18411,21920,22429,7539,7750,7992,8262,8558,9576,9951,10341,10744,12018,12461,12912,13369,21739,22252,7037,7262,9186,9576,9981,11710,12164,8420,9218,9637,10068,8455,8047,8455,8878,9313,9469,9009,8558,8119,6518,6889,7693,8119,9683,9202,8728,5106,4841,4625,4464,4364,4841,5106,5413,5754,6124,6518,6932,7362,9453,4364,4122,3941,3827,3789,4122,4364,4656,4990,5358,5754,6607,7057,9249,3423,3292,3248,3292,3423,3631,3903,4228,4593,4990,5413,6312,9074,8558,7037,6540,4228,3827,2915,2760,2706,2760,2915,3156,3466,3827,4228,4656,5106,5573,8403,7881,7362,6336,5830,5331,4841,4364,3903,3466,2421,2232,2165,2232,2421,2706,3062,3466,3903,4364,4841,4625,4122,3631,3156,2706,2296,1952,1712,1624,1712,1952,2296,2706,3156,3631,4122,3941,3423,2915,2421,1952,1531,1210,1083,1210,1531,1952,2421,2915,3423,3827,3292,2760,2232,1712,1210,765,541,765,1210,1712,2232,2760,3292,3789,3248,2706,2165,1624,1083,541,0,541,1083,1624,2165,3292,2760,2232,1210,765,541,765,1210,1712,2232,3423,2915,2421,1210,1210,1531
280,14413,13661,13969,21631,22093,22559,13214,13532,14564,16498,20887,21820,22291,14544,14932,15734,16148,16569,17431,18316,18766,19221,19681,20144,22033,22514,14167,16675,17117,17565,18017,19403,19873,20347,21786,22272,10170,10412,10676,10960,11263,11584,11920,12272,12636,13013,13401,13800,16815,17270,17731,19613,20093,21549,22040,9683,9937,10213,10510,10826,11159,12248,12636,15613,16066,16525,17456,17928,18883,19365,19851,20339,20830,21324,9202,9469,9758,10068,10398,10744,11871,12272,14413,14863,15319,17673,18155,18641,19129,8047,8245,8472,8728,9009,9637,9981,10341,10717,11920,12775,14115,14574,17431,17920,21413,21920,7362,7539,7750,7992,8262,9218,9576,9951,10341,11584,12018,12461,12912,21228,21739,6847,7037,8811,9186,9576,11263,11710,8811,8811,9218,9637,8878,8455,8047,8455,8878,9937,9469,9009,8558,6172,6518,7282,7693,10170,9683,9202,5413,5106,4841,4625,4464,4625,4841,5106,5413,5754,6124,6518,6932,9951,4656,4364,4122,3941,3827,3941,4122,4364,4656,4990,5358,6172,6607,9758,3631,3423,3292,3248,3292,3423,3631,3903,4228,4593,4990,5855,9592,9074,7539,7037,4656,4228,3156,2915,2760,2706,2760,2915,3156,3466,3827,4228,4656,5106,8927,8403,7881,6847,6336,5830,5331,4841,4364,3903,2706,2421,2232,2165,2232,2421,2706,3062,3466,3903,4364,5135,4625,4122,3631,3156,2706,2296,1952,1712,1624,1712,1952,2296,2706,3156,3631,4464,3941,3423,2915,2421,1952,1531,1210,1083,1210,1531,1952,2421,2915,4364,3827,3292,2760,2232,1712,1210,765,541,765,1210,1712,2232,2760,4330,3789,3248,2706,2165,1624,1083,541,0,541,1083,1624,3827,3292,2760,1712,1210,765,541,765,1210,1712,3941,3423,2915,1531,1083,1210
281,14115,13369,13661,21172,21631,22093,12912,13214,14208,16093,20426,21351,21820,14167,14544,15329,15734,16148,16997,17870,18316,18766,19221,19681,21556,22033,13779,16238,16675,17117,17565,18937,19403,19873,21303,21786,9951,10170,10412,10676,10960,11263,11584,11920,12272,12636,13013,13401,16364,16815,17270,19137,19613,21061,21549,9453,9683,9937,10213,10510,10826,11871,12248,15166,15613,16066,16988,17456,18404,18883,19365,19851,20339,20830,8960,9202,9469,9758,10068,10398,11482,11871,13969,14413,14863,17194,17673,18155,18641,7881,8047,8245,8472,8728,9313,9637,9981,10341,11508,12343,13661,14115,16945,17431,20908,21413,7222,7362,7539,7750,7992,8878,9218,9576,9951,11159,11584,12018,12461,20718,21228,6695,6847,8455,8811,9186,10826,11263,9218,8420,8811,9218,9313,8878,7655,8047,8455,10412,9937,9469,9009,5855,6172,6889,7282,10662,10170,9683,5754,5413,5106,4841,4625,4464,4625,4841,5106,5413,5754,6124,6518,10454,4990,4656,4364,4122,3941,3827,3941,4122,4364,4656,4990,5754,6172,10270,3903,3631,3423,3292,3248,3292,3423,3631,3903,4228,4593,5413,10112,9592,8047,7539,5106,4656,3466,3156,2915,2760,2706,2760,2915,3156,3466,3827,4228,4656,9453,8927,8403,7362,6847,6336,5830,5331,4841,4364,3062,2706,2421,2232,2165,2232,2421,2706,3062,3466,3903,5651,5135,4625,4122,3631,3156,2706,2296,1952,1712,1624,1712,1952,2296,2706,3156,4990,4464,3941,3423,2915,2421,1952,1531,1210,1083,1210,1531,1952,2421,4901,4364,3827,3292,2760,2232,1712,1210,765,541,765,1210,1712,2232,4872,4330,3789,3248,2706,2165,1624,1083,541,0,541,1083,4364,3827,3292,2232,1712,1210,765,541,765,1210,4464,3941,3423,1952,1210,1083
282,13832,13092,13369,20718,21172,21631,12625,12912,13864,15697,19969,20887,21351,13800,14167,14932,15329,15734,16569,17431,17870,18316,18766,19221,21082,21556,13401,15809,16238,16675,17117,18475,18937,19403,20823,21303,9758,9951,10170,10412,10676,10960,11263,11584,11920,12272,12636,13013,15920,16364,16815,18664,19137,20576,21061,9249,9453,9683,9937,10213,10510,11508,11871,14724,15166,15613,16525,16988,17928,18404,18883,19365,19851,20339,8745,8960,9202,9469,9758,10068,11106,11482,13532,13969,14413,16718,17194,17673,18155,7750,7881,8047,8245,8472,9009,9313,9637,9981,11106,11920,13214,13661,16462,16945,20404,20908,7119,7222,7362,7539,7750,8558,8878,9218,9576,10744,11159,11584,12018,20209,20718,6585,6695,8119,8455,8811,10398,10826,9637,8047,8420,8811,9758,9313,7282,7655,8047,10893,10412,9937,9469,5573,5855,6518,6889,11159,10662,10170,6124,5754,5413,5106,4841,4364,4464,4625,4841,5106,5413,5754,6124,10960,5358,4990,4656,4364,4122,3789,3827,3941,4122,4364,4656,5358,5754,10785,4228,3903,3631,3423,3292,3248,3292,3423,3631,3903,4228,4990,10634,10112,8558,8047,5573,5106,3827,3466,3156,2915,2760,2706,2760,2915,3156,3466,3827,4228,9981,9453,8927,7881,7362,6847,6336,5830,5331,4841,3466,3062,2706,2421,2232,2165,2232,2421,2706,3062,3466,6172,5651,5135,4625,4122,3631,3156,2706,2296,1952,1712,1624,1712,1952,2296,2706,5520,4990,4464,3941,3423,2915,2421,1952,1531,1210,1083,1210,1531,1952,5440,4901,4364,3827,3292,2760,2232,1712,1210,765,541,765,1210,1712,5413,4872,4330,3789,3248,2706,2165,1624,1083,541,0,541,4901,4364,3827,2760,2232,1712,1210,765,541,765,4990,4464,3941,2421,1531,1210
283,13564,12832,13092,20267,20718,21172,12355,12625,13532,15310,19516,20426,20887,13445,13800,14544,14932,15329,16148,16997,17431,17870,18316,18766,20611,21082,13036,15386,15809,16238,16675,18017,18475,18937,20347,20823,9592,9758,9951,10170,10412,10676,10960,11263,11584,11920,12272,12636,15481,15920,16364,18195,18664,20093,20576,9074,9249,9453,9683,9937,10213,11159,11508,14290,14724,15166,16066,16525,17456,17928,18404,18883,19365,19851,8558,8745,8960,9202,9469,9758,10744,11106,13103,13532,13969,16247,16718,17194,17673,7655,7750,7881,8047,8245,8728,9009,9313,9637,10717,11508,12775,13214,15984,16462,19903,20404,7057,7119,7222,7362,7539,8262,8558,8878,9218,10341,10744,11159,11584,19703,20209,6518,6585,7806,8119,8455,9981,10398,10068,7693,8047,8420,10213,9758,6932,7282,7655,11380,10893,10412,9937,5331,5573,6172,6518,11660,11159,10662,6518,6124,5754,5413,5106,4330,4364,4464,4625,4841,5106,5413,5754,11470,5754,5358,4990,4656,4364,3827,3789,3827,3941,4122,4364,4990,5358,11302,4593,4228,3903,3631,3423,3292,3248,3292,3423,3631,3903,4593,11159,10634,9074,8558,6052,5573,4228,3827,3466,3156,2915,2760,2706,2760,2915,3156,3466,3827,10510,9981,9453,8403,7881,7362,6847,6336,5830,5331,3903,3466,3062,2706,2421,2232,2165,2232,2421,2706,3062,6695,6172,5651,5135,4625,4122,3631,3156,2706,2296,1952,1712,1624,1712,1952,2296,6052,5520,4990,4464,3941,3423,2915,2421,1952,1531,1210,1083,1210,1531,5979,5440,4901,4364,3827,3292,2760,2232,1712,1210,765,541,765,1210,5954,5413,4872,4330,3789,3248,2706,2165,1624,1083,541,0,5440,4901,4364,3292,2760,2232,1712,1210,765,541,5520,4990,4464,2915,1952,1531
284,17228,16462,16841,25186,25664,26144,16075,16462,17673,19821,24454,25417,25902,17755,18187,19068,19516,19969,20887,21820,22291,22766,23244,23724,25669,26161,17431,20144,20611,21082,21556,22996,23482,23970,25446,25942,12683,13036,13401,13779,14167,14564,14971,15386,15809,16238,16675,17117,20347,20823,21303,23250,23742,25232,25732,12272,12636,13013,13401,13800,14208,15481,15920,19137,19613,20093,21061,21549,22533,23028,23525,24025,24525,25028,11871,12248,12636,13036,13445,13864,15166,15613,17928,18404,18883,21324,21820,22318,22817,10398,10744,11106,11482,11871,12683,13103,13532,13969,15319,16247,17673,18155,21110,21611,25162,25675,9637,9981,10341,10717,11106,12343,12775,13214,13661,15039,15509,15984,16462,24993,25509,9218,9576,12018,12461,12912,14774,15252,7037,12164,12625,13092,6782,6540,11418,11884,12355,7282,6932,6607,6312,9313,9758,10676,11146,7282,6889,6518,4901,4990,5135,5331,5573,7282,7693,8119,8558,9009,9469,9937,10412,6932,4464,4625,4841,5106,5413,6518,6932,7362,7806,8262,8728,9683,10170,6607,4364,4656,4990,5358,5754,6172,6607,7057,7520,7992,8472,9453,6312,5855,4593,4228,3248,3292,3903,4228,4593,4990,5413,5855,6312,6782,7262,7750,8245,8745,5573,5106,4656,3827,3466,3156,2915,2760,2706,2760,3466,3827,4228,4656,5106,5573,6052,6540,7037,7539,8047,2421,2232,2165,2232,2421,2706,3062,3466,3903,4364,4841,5331,5830,6336,6847,7362,1712,1624,1712,1952,2296,2706,3156,3631,4122,4625,5135,5651,6172,6695,1210,1083,1210,1531,1952,2421,2915,3423,3941,4464,4990,5520,6052,6585,765,541,765,1210,1712,2232,2760,3292,3827,4364,4901,5440,0,541,1083,2165,2706,3248,3789,4330,4872,5413,541,765,1210,2760,3827,4364
285,16858,16093,16462,24710,25186,25664,15697,16075,17262,19381,23976,24934,25417,17329,17755,18625,19068,19516,20426,21351,21820,22291,22766,23244,25180,25669,16997,19681,20144,20611,21082,22514,22996,23482,24952,25446,12343,12683,13036,13401,13779,14167,14564,14971,15386,15809,16238,16675,19873,20347,20823,22760,23250,24734,25232,11920,12272,12636,13013,13401,13800,15049,15481,18664,19137,19613,20576,21061,22040,22533,23028,23525,24025,24525,11508,11871,12248,12636,13036,13445,14724,15166,17456,17928,18404,20830,21324,21820,22318,10068,10398,10744,11106,11482,12272,12683,13103,13532,14863,15781,17194,17673,20611,21110,24651,25162,9313,9637,9981,10341,10717,11920,12343,12775,13214,14574,15039,15509,15984,24478,24993,8878,9218,11584,12018,12461,14300,14774,7262,11710,12164,12625,7057,6782,10960,11418,11884,7655,7282,6932,6607,8878,9313,10213,10676,7693,7282,6889,4872,4901,4990,5135,5331,6889,7282,7693,8119,8558,9009,9469,9937,7362,4364,4464,4625,4841,5106,6124,6518,6932,7362,7806,8262,9202,9683,7057,4122,4364,4656,4990,5358,5754,6172,6607,7057,7520,7992,8960,6782,6312,4990,4593,3292,3248,3631,3903,4228,4593,4990,5413,5855,6312,6782,7262,7750,8245,6052,5573,5106,4228,3827,3466,3156,2915,2760,2706,3156,3466,3827,4228,4656,5106,5573,6052,6540,7037,7539,2706,2421,2232,2165,2232,2421,2706,3062,3466,3903,4364,4841,5331,5830,6336,6847,1952,1712,1624,1712,1952,2296,2706,3156,3631,4122,4625,5135,5651,6172,1531,1210,1083,1210,1531,1952,2421,2915,3423,3941,4464,4990,5520,6052,1210,765,541,765,1210,1712,2232,2760,3292,3827,4364,4901,541,0,541,1624,2165,2706,3248,3789,4330,4872,765,541,765,2232,3292,3827
286,16498,15734,16093,24237,24710,25186,15329,15697,16858,18945,23501,24454,24934,16910,17329,18187,18625,19068,19969,20887,21351,21820,22291,22766,24692,25180,16569,19221,19681,20144,20611,22033,22514,22996,24460,24952,12018,12343,12683,13036,13401,13779,14167,14564,14971,15386,15809,16238,19403,19873,20347,22272,22760,24237,24734,11584,11920,12272,12636,13013,13401,14625,15049,18195,18664,19137,20093,20576,21549,22040,22533,23028,23525,24025,11159,11508,11871,12248,12636,13036,14290,14724,16988,17456,17928,20339,20830,21324,21820,9758,10068,10398,10744,11106,11871,12272,12683,13103,14413,15319,16718,17194,20115,20611,24140,24651,9009,9313,9637,9981,10341,11508,11920,12343,12775,14115,14574,15039,15509,23963,24478,8558,8878,11159,11584,12018,13832,14300,7520,11263,11710,12164,7362,7057,10510,10960,11418,8047,7655,7282,6932,8455,8878,9758,10213,8119,7693,7282,4901,4872,4901,4990,5135,6518,6889,7282,7693,8119,8558,9009,9469,7806,4330,4364,4464,4625,4841,5754,6124,6518,6932,7362,7806,8728,9202,7520,3941,4122,4364,4656,4990,5358,5754,6172,6607,7057,7520,8472,7262,6782,5413,4990,3423,3292,3423,3631,3903,4228,4593,4990,5413,5855,6312,6782,7262,7750,6540,6052,5573,4656,4228,3827,3466,3156,2915,2760,2915,3156,3466,3827,4228,4656,5106,5573,6052,6540,7037,3062,2706,2421,2232,2165,2232,2421,2706,3062,3466,3903,4364,4841,5331,5830,6336,2296,1952,1712,1624,1712,1952,2296,2706,3156,3631,4122,4625,5135,5651,1952,1531,1210,1083,1210,1531,1952,2421,2915,3423,3941,4464,4990,5520,1712,1210,765,541,765,1210,1712,2232,2760,3292,3827,4364,1083,541,0,1083,1624,2165,2706,3248,3789,4330,1210,765,541,1712,2760,3292
287,15809,15049,15386,23300,23767,24237,14625,14971,16075,18090,22559,23501,23976,16093,16498,17329,17755,18187,19068,19969,20426,20887,21351,21820,23724,24207,15734,18316,18766,19221,19681,21082,21556,22033,23482,23970,11418,11710,12018,12343,12683,13036,13401,13779,14167,14564,14971,15386,18475,18937,19403,21303,21786,23250,23742,10960,11263,11584,11920,12272,12636,13800,14208,17270,17731,18195,19137,19613,20576,21061,21549,22040,22533,23028,10510,10826,11159,11508,11871,12248,13445,13864,16066,16525,16988,19365,19851,20339,20830,9202,9469,9758,10068,10398,11106,11482,11871,12272,13532,14413,15781,16247,19129,19621,23123,23631,8472,8728,9009,9313,9637,10717,11106,11508,11920,13214,13661,14115,14574,22939,23451,7992,8262,10341,10744,11159,12912,13369,8119,10398,10826,11263,8047,7693,9637,10068,10510,8878,8455,8047,7655,7655,8047,8878,9313,9009,8558,8119,5135,4990,4901,4872,4901,5855,6172,6518,6889,7282,7693,8119,8558,8728,4464,4364,4330,4364,4464,5106,5413,5754,6124,6518,6932,7806,8262,8472,3789,3827,3941,4122,4364,4656,4990,5358,5754,6172,6607,7520,8245,7750,6312,5855,3903,3631,3248,3292,3423,3631,3903,4228,4593,4990,5413,5855,6312,6782,7539,7037,6540,5573,5106,4656,4228,3827,3466,3156,2706,2760,2915,3156,3466,3827,4228,4656,5106,5573,6052,3903,3466,3062,2706,2421,2232,2165,2232,2421,2706,3062,3466,3903,4364,4841,5331,3156,2706,2296,1952,1712,1624,1712,1952,2296,2706,3156,3631,4122,4625,2915,2421,1952,1531,1210,1083,1210,1531,1952,2421,2915,3423,3941,4464,2760,2232,1712,1210,765,541,765,1210,1712,2232,2760,3292,2165,1624,1083,0,541,1083,1624,2165,2706,3248,2232,1712,1210,765,1712,2232
288,15481,14724,15049,22837,23300,23767,14290,14625,15697,17673,22093,23028,23501,15697,16093,16910,17329,17755,18625,19516,19969,20426,20887,21351,23244,23724,15329,17870,18316,18766,19221,20611,21082,21556,22996,23482,11146,11418,11710,12018,12343,12683,13036,13401,13779,14167,14564,14971,18017,18475,18937,20823,21303,22760,23250,10676,10960,11263,11584,11920,12272,13401,13800,16815,17270,17731,18664,19137,20093,20576,21061,21549,22040,22533,10213,10510,10826,11159,11508,11871,13036,13445,15613,16066,16525,18883,19365,19851,20339,8960,9202,9469,9758,10068,10744,11106,11482,11871,13103,13969,15319,15781,18641,19129,22617,23123,8245,8472,8728,9009,9313,10341,10717,11106,11508,12775,13214,13661,14115,22429,22939,7750,7992,9951,10341,10744,12461,12912,8455,9981,10398,10826,8420,8047,9218,9637,10068,9313,8878,8455,8047,7282,7655,8455,8878,9469,9009,8558,5331,5135,4990,4901,4872,5573,5855,6172,6518,6889,7282,7693,8119,9202,4625,4464,4364,4330,4364,4841,5106,5413,5754,6124,6518,7362,7806,8960,3827,3789,3827,3941,4122,4364,4656,4990,5358,5754,6172,7057,8745,8245,6782,6312,4228,3903,3292,3248,3292,3423,3631,3903,4228,4593,4990,5413,5855,6312,8047,7539,7037,6052,5573,5106,4656,4228,3827,3466,2760,2706,2760,2915,3156,3466,3827,4228,4656,5106,5573,4364,3903,3466,3062,2706,2421,2232,2165,2232,2421,2706,3062,3466,3903,4364,4841,3631,3156,2706,2296,1952,1712,1624,1712,1952,2296,2706,3156,3631,4122,3423,2915,2421,1952,1531,1210,1083,1210,1531,1952,2421,2915,3423,3941,3292,2760,2232,1712,1210,765,541,765,1210,1712,2232,2760,2706,2165,1624,541,0,541,1083,1624,2165,2706,2760,2232,1712,541,1210,1712
289,15166,14413,14724,22377,22837,23300,13969,14290,15329,17262,21631,22559,23028,15310,15697,16498,16910,17329,18187,19068,19516,19969,20426,20887,22766,23244,14932,17431,17870,18316,18766,20144,20611,21082,22514,22996,10893,11146,11418,11710,12018,12343,12683,13036,13401,13779,14167,14564,17565,18017,18475,20347,20823,22272,22760,10412,10676,10960,11263,11584,11920,13013,13401,16364,16815,17270,18195,18664,19613,20093,20576,21061,21549,22040,9937,10213,10510,10826,11159,11508,12636,13036,15166,15613,16066,18404,18883,19365,19851,8745,8960,9202,9469,9758,10398,10744,11106,11482,12683,13532,14863,15319,18155,18641,22113,22617,8047,8245,8472,8728,9009,9981,10341,10717,11106,12343,12775,13214,13661,21920,22429,7539,7750,9576,9951,10341,12018,12461,8811,9576,9981,10398,8811,8420,8811,9218,9637,9758,9313,8878,8455,6932,7282,8047,8455,9937,9469,9009,5573,5331,5135,4990,4901,5331,5573,5855,6172,6518,6889,7282,7693,9683,4841,4625,4464,4364,4330,4625,4841,5106,5413,5754,6124,6932,7362,9453,3941,3827,3789,3827,3941,4122,4364,4656,4990,5358,5754,6607,9249,8745,7262,6782,4593,4228,3423,3292,3248,3292,3423,3631,3903,4228,4593,4990,5413,5855,8558,8047,7539,6540,6052,5573,5106,4656,4228,3827,2915,2760,2706,2760,2915,3156,3466,3827,4228,4656,5106,4841,4364,3903,3466,3062,2706,2421,2232,2165,2232,2421,2706,3062,3466,3903,4364,4122,3631,3156,2706,2296,1952,1712,1624,1712,1952,2296,2706,3156,3631,3941,3423,2915,2421,1952,1531,1210,1083,1210,1531,1952,2421,2915,3423,3827,3292,2760,2232,1712,1210,765,541,765,1210,1712,2232,3248,2706,2165,1083,541,0,541,1083,1624,2165,3292,2760,2232,765,765,1210
290,14863,14115,14413,21920,22377,22837,13661,13969,14971,16858,21172,22093,22559,14932,15310,16093,16498,16910,17755,18625,19068,19516,19969,20426,22291,22766,14544,16997,17431,17870,18316,19681,20144,20611,22033,22514,10662,10893,11146,11418,11710,12018,12343,12683,13036,13401,13779,14167,17117,17565,18017,19873,20347,21786,22272,10170,10412,10676,10960,11263,11584,12636,13013,15920,16364,16815,17731,18195,19137,19613,20093,20576,21061,21549,9683,9937,10213,10510,10826,11159,12248,12636,14724,15166,15613,17928,18404,18883,19365,8558,8745,8960,9202,9469,10068,10398,10744,11106,12272,13103,14413,14863,17673,18155,21611,22113,7881,8047,8245,8472,8728,9637,9981,10341,10717,11920,12343,12775,13214,21413,21920,7362,7539,9218,9576,9951,11584,12018,9186,9186,9576,9981,9218,8811,8420,8811,9218,10213,9758,9313,8878,6607,6932,7655,8047,10412,9937,9469,5855,5573,5331,5135,4990,5135,5331,5573,5855,6172,6518,6889,7282,10170,5106,4841,4625,4464,4364,4464,4625,4841,5106,5413,5754,6518,6932,9951,4122,3941,3827,3789,3827,3941,4122,4364,4656,4990,5358,6172,9758,9249,7750,7262,4990,4593,3631,3423,3292,3248,3292,3423,3631,3903,4228,4593,4990,5413,9074,8558,8047,7037,6540,6052,5573,5106,4656,4228,3156,2915,2760,2706,2760,2915,3156,3466,3827,4228,4656,5331,4841,4364,3903,3466,3062,2706,2421,2232,2165,2232,2421,2706,3062,3466,3903,4625,4122,3631,3156,2706,2296,1952,1712,1624,1712,1952,2296,2706,3156,4464,3941,3423,2915,2421,1952,1531,1210,1083,1210,1531,1952,2421,2915,4364,3827,3292,2760,2232,1712,1210,765,541,765,1210,1712,3789,3248,2706,1624,1083,541,0,541,1083,1624,3827,3292,2760,1210,541,765
291,14574,13832,14115,21468,21920,22377,13369,13661,14625,16462,20718,21631,22093,14564,14932,15697,16093,16498,17329,18187,18625,19068,19516,19969,21820,22291,14167,16569,16997,17431,17870,19221,19681,20144,21556,22033,10454,10662,10893,11146,11418,11710,12018,12343,12683,13036,13401,13779,16675,17117,17565,19403,19873,21303,21786,9951,10170,10412,10676,10960,11263,12272,12636,15481,15920,16364,17270,17731,18664,19137,19613,20093,20576,21061,9453,9683,9937,10213,10510,10826,11871,12248,14290,14724,15166,17456,17928,18404,18883,8403,8558,8745,8960,9202,9758,10068,10398,10744,11871,12683,13969,14413,17194,17673,21110,21611,7750,7881,8047,8245,8472,9313,9637,9981,10341,11508,11920,12343,12775,20908,21413,7222,7362,8878,9218,9576,11159,11584,9576,8811,9186,9576,9637,9218,8047,8420,8811,10676,10213,9758,9313,6312,6607,7282,7655,10893,10412,9937,6172,5855,5573,5331,5135,4990,5135,5331,5573,5855,6172,6518,6889,10662,5413,5106,4841,4625,4464,4364,4464,4625,4841,5106,5413,6124,6518,10454,4364,4122,3941,3827,3789,3827,3941,4122,4364,4656,4990,5754,10270,9758,8245,7750,5413,4990,3903,3631,3423,3292,3248,3292,3423,3631,3903,4228,4593,4990,9592,9074,8558,7539,7037,6540,6052,5573,5106,4656,3466,3156,2915,2760,2706,2760,2915,3156,3466,3827,4228,5830,5331,4841,4364,3903,3466,3062,2706,2421,2232,2165,2232,2421,2706,3062,3466,5135,4625,4122,3631,3156,2706,2296,1952,1712,1624,1712,1952,2296,2706,4990,4464,3941,3423,2915,2421,1952,1531,1210,1083,1210,1531,1952,2421,4901,4364,3827,3292,2760,2232,1712,1210,765,541,765,1210,4330,3789,3248,2165,1624,1083,541,0,541,1083,4364,3827,3292,1712,765,541
292,14300,13564,13832,21020,21468,21920,13092,13369,14290,16075,20267,21172,21631,14208,14564,15310,15697,16093,16910,17755,18187,18625,19068,19516,21351,21820,13800,16148,16569,16997,17431,18766,19221,19681,21082,21556,10270,10454,10662,10893,11146,11418,11710,12018,12343,12683,13036,13401,16238,16675,17117,18937,19403,20823,21303,9758,9951,10170,10412,10676,10960,11920,12272,15049,15481,15920,16815,17270,18195,18664,19137,19613,20093,20576,9249,9453,9683,9937,10213,10510,11508,11871,13864,14290,14724,16988,17456,17928,18404,8280,8403,8558,8745,8960,9469,9758,10068,10398,11482,12272,13532,13969,16718,17194,20611,21110,7655,7750,7881,8047,8245,9009,9313,9637,9981,11106,11508,11920,12343,20404,20908,7119,7222,8558,8878,9218,10744,11159,9981,8455,8811,9186,10068,9637,7693,8047,8420,11146,10676,10213,9758,6052,6312,6932,7282,11380,10893,10412,6518,6172,5855,5573,5331,4901,4990,5135,5331,5573,5855,6172,6518,11159,5754,5413,5106,4841,4625,4330,4364,4464,4625,4841,5106,5754,6124,10960,4656,4364,4122,3941,3827,3789,3827,3941,4122,4364,4656,5358,10785,10270,8745,8245,5855,5413,4228,3903,3631,3423,3292,3248,3292,3423,3631,3903,4228,4593,10112,9592,9074,8047,7539,7037,6540,6052,5573,5106,3827,3466,3156,2915,2760,2706,2760,2915,3156,3466,3827,6336,5830,5331,4841,4364,3903,3466,3062,2706,2421,2232,2165,2232,2421,2706,3062,5651,5135,4625,4122,3631,3156,2706,2296,1952,1712,1624,1712,1952,2296,5520,4990,4464,3941,3423,2915,2421,1952,1531,1210,1083,1210,1531,1952,5440,4901,4364,3827,3292,2760,2232,1712,1210,765,541,765,4872,4330,3789,2706,2165,1624,1083,541,0,541,4901,4364,3827,2232,1210,765
293,14042,13314,13564,20576,21020,21468,12832,13092,13969,15697,19821,20718,21172,13864,14208,14932,15310,15697,16498,17329,17755,18187,18625,19068,20887,21351,13445,15734,16148,16569,16997,18316,18766,19221,20611,21082,10112,10270,10454,10662,10893,11146,11418,11710,12018,12343,12683,13036,15809,16238,16675,18475,18937,20347,20823,9592,9758,9951,10170,10412,10676,11584,11920,14625,15049,15481,16364,16815,17731,18195,18664,19137,19613,20093,9074,9249,9453,9683,9937,10213,11159,11508,13445,13864,14290,16525,16988,17456,17928,8191,8280,8403,8558,8745,9202,9469,9758,10068,11106,11871,13103,13532,16247,16718,20115,20611,7597,7655,7750,7881,8047,8728,9009,9313,9637,10717,11106,11508,11920,19903,20404,7057,7119,8262,8558,8878,10341,10744,10398,8119,8455,8811,10510,10068,7362,7693,8047,11622,11146,10676,10213,5830,6052,6607,6932,11871,11380,10893,6889,6518,6172,5855,5573,4872,4901,4990,5135,5331,5573,5855,6172,11660,6124,5754,5413,5106,4841,4364,4330,4364,4464,4625,4841,5413,5754,11470,4990,4656,4364,4122,3941,3827,3789,3827,3941,4122,4364,4990,11302,10785,9249,8745,6312,5855,4593,4228,3903,3631,3423,3292,3248,3292,3423,3631,3903,4228,10634,10112,9592,8558,8047,7539,7037,6540,6052,5573,4228,3827,3466,3156,2915,2760,2706,2760,2915,3156,3466,6847,6336,5830,5331,4841,4364,3903,3466,3062,2706,2421,2232,2165,2232,2421,2706,6172,5651,5135,4625,4122,3631,3156,2706,2296,1952,1712,1624,1712,1952,6052,5520,4990,4464,3941,3423,2915,2421,1952,1531,1210,1083,1210,1531,5979,5440,4901,4364,3827,3292,2760,2232,1712,1210,765,541,5413,4872,4330,3248,2706,2165,1624,1083,541,0,5440,4901,4364,2760,1712,1210
294,17623,16858,17228,25446,25919,26395,16462,16841,18026,20137,24710,25664,26144,18090,18515,19381,19821,20267,21172,22093,22559,23028,23501,23976,25902,26390,17755,20426,20887,21351,21820,23244,23724,24207,25669,26161,13103,13445,13800,14167,14544,14932,15329,15734,16148,16569,16997,17431,20611,21082,21556,23482,23970,25446,25942,12683,13036,13401,13779,14167,14564,15809,16238,19403,19873,20347,21303,21786,22760,23250,23742,24237,24734,25232,12272,12636,13013,13401,13800,14208,15481,15920,18195,18664,19137,21549,22040,22533,23028,10826,11159,11508,11871,12248,13036,13445,13864,14290,15613,16525,17928,18404,21324,21820,25342,25851,10068,10398,10744,11106,11482,12683,13103,13532,13969,15319,15781,16247,16718,25162,25675,9637,9981,12343,12775,13214,15039,15509,7539,12461,12912,13369,7262,7037,11710,12164,12625,7693,7362,7057,6782,9637,10068,10960,11418,7655,7282,6932,5440,5520,5651,5830,6052,7655,8047,8455,8878,9313,9758,10213,10676,7282,4990,5135,5331,5573,5855,6889,7282,7693,8119,8558,9009,9937,10412,6932,4841,5106,5413,5754,6124,6518,6932,7362,7806,8262,8728,9683,6607,6172,4990,4656,3789,3827,4364,4656,4990,5358,5754,6172,6607,7057,7520,7992,8472,8960,5855,5413,4990,4228,3903,3631,3423,3292,3248,3292,3903,4228,4593,4990,5413,5855,6312,6782,7262,7750,8245,2915,2760,2706,2760,2915,3156,3466,3827,4228,4656,5106,5573,6052,6540,7037,7539,2232,2165,2232,2421,2706,3062,3466,3903,4364,4841,5331,5830,6336,6847,1712,1624,1712,1952,2296,2706,3156,3631,4122,4625,5135,5651,6172,6695,1210,1083,1210,1531,1952,2421,2915,3423,3941,4464,4990,5520,541,765,1210,2232,2760,3292,3827,4364,4901,5440,0,541,1083,2706,3789,4330
295,17262,16498,16858,24975,25446,25919,16093,16462,17623,19703,24237,25186,25664,17673,18090,18945,19381,19821,20718,21631,22093,22559,23028,23501,25417,25902,17329,19969,20426,20887,21351,22766,23244,23724,25180,25669,12775,13103,13445,13800,14167,14544,14932,15329,15734,16148,16569,16997,20144,20611,21082,22996,23482,24952,25446,12343,12683,13036,13401,13779,14167,15386,15809,18937,19403,19873,20823,21303,22272,22760,23250,23742,24237,24734,11920,12272,12636,13013,13401,13800,15049,15481,17731,18195,18664,21061,21549,22040,22533,10510,10826,11159,11508,11871,12636,13036,13445,13864,15166,16066,17456,17928,20830,21324,24834,25342,9758,10068,10398,10744,11106,12272,12683,13103,13532,14863,15319,15781,16247,24651,25162,9313,9637,11920,12343,12775,14574,15039,7750,12018,12461,12912,7520,7262,11263,11710,12164,8047,7693,7362,7057,9218,9637,10510,10960,8047,7655,7282,5413,5440,5520,5651,5830,7282,7655,8047,8455,8878,9313,9758,10213,7693,4901,4990,5135,5331,5573,6518,6889,7282,7693,8119,8558,9469,9937,7362,4625,4841,5106,5413,5754,6124,6518,6932,7362,7806,8262,9202,7057,6607,5358,4990,3827,3789,4122,4364,4656,4990,5358,5754,6172,6607,7057,7520,7992,8472,6312,5855,5413,4593,4228,3903,3631,3423,3292,3248,3631,3903,4228,4593,4990,5413,5855,6312,6782,7262,7750,3156,2915,2760,2706,2760,2915,3156,3466,3827,4228,4656,5106,5573,6052,6540,7037,2421,2232,2165,2232,2421,2706,3062,3466,3903,4364,4841,5331,5830,6336,1952,1712,1624,1712,1952,2296,2706,3156,3631,4122,4625,5135,5651,6172,1531,1210,1083,1210,1531,1952,2421,2915,3423,3941,4464,4990,765,541,765,1712,2232,2760,3292,3827,4364,4901,541,0,541,2165,3248,3789
296,16910,16148,16498,24507,24975,25446,15734,16093,17228,19274,23767,24710,25186,17262,17673,18515,18945,19381,20267,21172,21631,22093,22559,23028,24934,25417,16910,19516,19969,20426,20887,22291,22766,23244,24692,25180,12461,12775,13103,13445,13800,14167,14544,14932,15329,15734,16148,16569,19681,20144,20611,22514,22996,24460,24952,12018,12343,12683,13036,13401,13779,14971,15386,18475,18937,19403,20347,20823,21786,22272,22760,23250,23742,24237,11584,11920,12272,12636,13013,13401,14625,15049,17270,17731,18195,20576,21061,21549,22040,10213,10510,10826,11159,11508,12248,12636,13036,13445,14724,15613,16988,17456,20339,20830,24328,24834,9469,9758,10068,10398,10744,11871,12272,12683,13103,14413,14863,15319,15781,24140,24651,9009,9313,11508,11920,12343,14115,14574,7992,11584,12018,12461,7806,7520,10826,11263,11710,8420,8047,7693,7362,8811,9218,10068,10510,8455,8047,7655,5440,5413,5440,5520,5651,6932,7282,7655,8047,8455,8878,9313,9758,8119,4872,4901,4990,5135,5331,6172,6518,6889,7282,7693,8119,9009,9469,7806,4464,4625,4841,5106,5413,5754,6124,6518,6932,7362,7806,8728,7520,7057,5754,5358,3941,3827,3941,4122,4364,4656,4990,5358,5754,6172,6607,7057,7520,7992,6782,6312,5855,4990,4593,4228,3903,3631,3423,3292,3423,3631,3903,4228,4593,4990,5413,5855,6312,6782,7262,3466,3156,2915,2760,2706,2760,2915,3156,3466,3827,4228,4656,5106,5573,6052,6540,2706,2421,2232,2165,2232,2421,2706,3062,3466,3903,4364,4841,5331,5830,2296,1952,1712,1624,1712,1952,2296,2706,3156,3631,4122,4625,5135,5651,1952,1531,1210,1083,1210,1531,1952,2421,2915,3423,3941,4464,1210,765,541,1210,1712,2232,2760,3292,3827,4364,1083,541,0,1624,2706,3248
297,15920,15166,15481,23123,23581,24043,14724,15049,16093,18026,22377,23300,23767,16075,16462,17262,17673,18090,18945,19821,20267,20718,21172,21631,23501,23976,15697,18187,18625,19068,19516,20887,21351,21820,23244,23724,11622,11884,12164,12461,12775,13103,13445,13800,14167,14544,14932,15329,18316,18766,19221,21082,21556,22996,23482,11146,11418,11710,12018,12343,12683,13779,14167,17117,17565,18017,18937,19403,20347,20823,21303,21786,22272,22760,10676,10960,11263,11584,11920,12272,13401,13800,15920,16364,16815,19137,19613,20093,20576,9453,9683,9937,10213,10510,11159,11508,11871,12248,13445,14290,15613,16066,18883,19365,22817,23319,8745,8960,9202,9469,9758,10744,11106,11482,11871,13103,13532,13969,14413,22617,23123,8245,8472,10341,10717,11106,12775,13214,8878,10341,10744,11159,8811,8455,9576,9981,10398,9637,9218,8811,8420,7693,8047,8811,9218,9758,9313,8878,5830,5651,5520,5440,5413,6052,6312,6607,6932,7282,7655,8047,8455,9469,5135,4990,4901,4872,4901,5331,5573,5855,6172,6518,6889,7693,8119,9202,4364,4330,4364,4464,4625,4841,5106,5413,5754,6124,6518,7362,8960,8472,7057,6607,4656,4364,3827,3789,3827,3941,4122,4364,4656,4990,5358,5754,6172,6607,8245,7750,7262,6312,5855,5413,4990,4593,4228,3903,3292,3248,3292,3423,3631,3903,4228,4593,4990,5413,5855,4656,4228,3827,3466,3156,2915,2760,2706,2760,2915,3156,3466,3827,4228,4656,5106,3903,3466,3062,2706,2421,2232,2165,2232,2421,2706,3062,3466,3903,4364,3631,3156,2706,2296,1952,1712,1624,1712,1952,2296,2706,3156,3631,4122,3423,2915,2421,1952,1531,1210,1083,1210,1531,1952,2421,2915,2760,2232,1712,765,541,765,1210,1712,2232,2760,2706,2165,1624,0,1083,1624
298,15319,14574,14863,22219,22669,23123,14115,14413,15386,17228,21468,22377,22837,15329,15697,16462,16858,17262,18090,18945,19381,19821,20267,20718,22559,23028,14932,17329,17755,18187,18625,19969,20426,20887,22291,22766,11159,11380,11622,11884,12164,12461,12775,13103,13445,13800,14167,14544,17431,17870,18316,20144,20611,22033,22514,10662,10893,11146,11418,11710,12018,13036,13401,16238,16675,17117,18017,18475,19403,19873,20347,20823,21303,21786,10170,10412,10676,10960,11263,11584,12636,13013,15049,15481,15920,18195,18664,19137,19613,9074,9249,9453,9683,9937,10510,10826,11159,11508,12636,13445,14724,15166,17928,18404,21820,22318,8403,8558,8745,8960,9202,10068,10398,10744,11106,12272,12683,13103,13532,21611,22113,7881,8047,9637,9981,10341,11920,12343,9576,9576,9951,10341,9576,9186,8811,9186,9576,10510,10068,9637,9218,7057,7362,8047,8420,10676,10213,9758,6312,6052,5830,5651,5520,5651,5830,6052,6312,6607,6932,7282,7655,10412,5573,5331,5135,4990,4901,4990,5135,5331,5573,5855,6172,6889,7282,10170,4625,4464,4364,4330,4364,4464,4625,4841,5106,5413,5754,6518,9951,9453,7992,7520,5358,4990,4122,3941,3827,3789,3827,3941,4122,4364,4656,4990,5358,5754,9249,8745,8245,7262,6782,6312,5855,5413,4990,4593,3631,3423,3292,3248,3292,3423,3631,3903,4228,4593,4990,5573,5106,4656,4228,3827,3466,3156,2915,2760,2706,2760,2915,3156,3466,3827,4228,4841,4364,3903,3466,3062,2706,2421,2232,2165,2232,2421,2706,3062,3466,4625,4122,3631,3156,2706,2296,1952,1712,1624,1712,1952,2296,2706,3156,4464,3941,3423,2915,2421,1952,1531,1210,1083,1210,1531,1952,3827,3292,2760,1712,1210,765,541,765,1210,1712,3789,3248,2706,1083,0,541
299,15039,14300,14574,21773,22219,22669,13832,14115,15049,16841,21020,21920,22377,14971,15329,16075,16462,16858,17673,18515,18945,19381,19821,20267,22093,22559,14564,16910,17329,17755,18187,19516,19969,20426,21820,22291,10960,11159,11380,11622,11884,12164,12461,12775,13103,13445,13800,14167,16997,17431,17870,19681,20144,21556,22033,10454,10662,10893,11146,11418,11710,12683,13036,15809,16238,16675,17565,18017,18937,19403,19873,20347,20823,21303,9951,10170,10412,10676,10960,11263,12272,12636,14625,15049,15481,17731,18195,18664,19137,8927,9074,9249,9453,9683,10213,10510,10826,11159,12248,13036,14290,14724,17456,17928,21324,21820,8280,8403,8558,8745,8960,9758,10068,10398,10744,11871,12272,12683,13103,21110,21611,7750,7881,9313,9637,9981,11508,11920,9951,9218,9576,9951,9981,9576,8455,8811,9186,10960,10510,10068,9637,6782,7057,7693,8047,11146,10676,10213,6607,6312,6052,5830,5651,5520,5651,5830,6052,6312,6607,6932,7282,10893,5855,5573,5331,5135,4990,4901,4990,5135,5331,5573,5855,6518,6889,10662,4841,4625,4464,4364,4330,4364,4464,4625,4841,5106,5413,6124,10454,9951,8472,7992,5754,5358,4364,4122,3941,3827,3789,3827,3941,4122,4364,4656,4990,5358,9758,9249,8745,7750,7262,6782,6312,5855,5413,4990,3903,3631,3423,3292,3248,3292,3423,3631,3903,4228,4593,6052,5573,5106,4656,4228,3827,3466,3156,2915,2760,2706,2760,2915,3156,3466,3827,5331,4841,4364,3903,3466,3062,2706,2421,2232,2165,2232,2421,2706,3062,5135,4625,4122,3631,3156,2706,2296,1952,1712,1624,1712,1952,2296,2706,4990,4464,3941,3423,2915,2421,1952,1531,1210,1083,1210,1531,4364,3827,3292,2232,1712,1210,765,541,765,1210,4330,3789,3248,1624,541,0
