X,1,2,3,4,5,6,7,8,9,10,11,12,13,14,15,16,17,18,19,20,21,22,23,24,25,26,27,28,29,30,31,32,33,34,35,36,37,38,39,40,41,42,43,44,45,46,47,48,49,50,51,52,53,54,55,56,57,58,59,60,61,62,63,64,65,66,67,68,69,70,71,72,73,74,75,76,77,78,79,80,81,82,83,84,85,86,87,88,89,90,91,92,93,94,95,96,97,98,99,100,101,102,103,104,105,106,107,108,109,110,111,112,113,114,115,116,117,118,119,120,121,122,123,124,125,126,127,128,129,130,131,132,133,134,135,136,137,138,139,140,141,142,143,144,145,146,147,148,149,150,151,152,153,154,155,156,157,158,159,160,161,162,163,164,165,166,167,168,169,170,171,172,173,174,175,176,177,178,179,180,181,182,183,184,185,186,187,188,189,190,191,192,193,194,195,196,197,198,199,200,201,202,203,204,205,206,207,208,209,210,211,212,213,214,215,216,217,218,219,220,221,222,223,224,225,226,227,228,229,230,231,232,233,234,235,236,237,238,239,240,241,242,243,244,245,246,247,248,249,250,251,252,253,254,255,256,257,258,259,260,261,262,263,264,265,266,267,268,269,270,271,272,273,274,275,276,277,278,279,280,281,282,283,284,285,286,287,288,289,290,291,292,293,294,295,296,297,298,299
1,0,1083,541,10826,11367,11908,1624,1083,2706,5413,10826,11908,12449,3789,4330,5413,5954,6495,7578,8660,9202,9743,10284,10826,12991,13532,4330,7578,8119,8660,9202,10826,11367,11908,13532,14073,6495,5954,5413,4872,4330,3789,3248,2706,3248,3789,4330,4872,8660,9202,9743,11908,12449,14073,14615,7037,6495,5954,5413,4872,4330,3789,4330,8119,8660,9202,10284,10826,11908,12449,12991,13532,14073,14615,7578,7037,6495,5954,5413,4872,4330,4872,7578,8119,8660,11367,11908,12449,12991,9743,9202,8660,8119,7578,6495,5954,5413,4872,5413,6495,8119,8660,11908,12449,16238,16780,10826,10284,9743,9202,8660,7037,6495,5954,5413,5954,6495,7037,7578,16780,17321,11367,10826,7578,7037,6495,6495,7037,20569,7578,7037,6495,21651,21110,8660,8119,7578,23816,23275,22734,22192,11367,10826,9743,9202,24899,24358,23816,18945,18404,17862,17321,16780,14073,13532,12991,12449,11908,11367,10826,10284,25440,18945,18404,17862,17321,16780,15156,14615,14073,13532,12991,12449,11367,10826,25981,18404,17862,17321,16780,16238,15697,15156,14615,14073,13532,12991,11908,26523,25981,24358,23816,21110,20569,18945,18404,17862,17321,16780,16238,15697,15156,14615,14073,13532,12991,26523,25981,25440,24358,23816,23275,22734,22192,21651,21110,19486,18945,18404,17862,17321,16780,16238,15697,15156,14615,14073,23275,22734,22192,21651,21110,20569,20027,19486,18945,18404,17862,17321,16780,16238,15697,15156,23275,22734,22192,21651,21110,20569,20027,19486,18945,18404,17862,17321,16780,16238,23816,23275,22734,22192,21651,21110,20569,20027,19486,18945,18404,17862,17321,16780,24358,23816,23275,22734,22192,21651,21110,20569,20027,19486,18945,18404,24358,23816,23275,22192,21651,21110,20569,20027,19486,18945,24899,24358,23816,22192,21110,20569
2,1083,0,541,10826,11367,11908,541,1083,2706,5413,10826,11908,12449,3789,4330,5413,5954,6495,7578,8660,9202,9743,10284,10826,12991,13532,4330,7578,8119,8660,9202,10826,11367,11908,13532,14073,5413,4872,4330,3789,3248,2706,2165,2706,3248,3789,4330,4872,8660,9202,9743,11908,12449,14073,14615,5954,5413,4872,4330,3789,3248,3789,4330,8119,8660,9202,10284,10826,11908,12449,12991,13532,14073,14615,6495,5954,5413,4872,4330,3789,4330,4872,7578,8119,8660,11367,11908,12449,12991,8660,8119,7578,7037,6495,5413,4872,4330,3789,5413,6495,8119,8660,11908,12449,16238,16780,9743,9202,8660,8119,7578,5954,5413,4872,4330,5954,6495,7037,7578,16780,17321,10284,9743,6495,5954,5413,6495,7037,19486,6495,5954,5413,20569,20027,7578,7037,6495,22734,22192,21651,21110,10284,9743,8660,8119,23816,23275,22734,17862,17321,16780,16238,15697,12991,12449,11908,11367,10826,10284,9743,9202,24358,17862,17321,16780,16238,15697,14073,13532,12991,12449,11908,11367,10284,9743,24899,17321,16780,16238,15697,15156,14615,14073,13532,12991,12449,11908,10826,25440,24899,23275,22734,20027,19486,17862,17321,16780,16238,15697,15156,14615,14073,13532,12991,12449,11908,25440,24899,24358,23275,22734,22192,21651,21110,20569,20027,18404,17862,17321,16780,16238,15697,15156,14615,14073,13532,12991,22192,21651,21110,20569,20027,19486,18945,18404,17862,17321,16780,16238,15697,15156,14615,14073,22192,21651,21110,20569,20027,19486,18945,18404,17862,17321,16780,16238,15697,15156,22734,22192,21651,21110,20569,20027,19486,18945,18404,17862,17321,16780,16238,15697,23275,22734,22192,21651,21110,20569,20027,19486,18945,18404,17862,17321,23275,22734,22192,21110,20569,20027,19486,18945,18404,17862,23816,23275,22734,21110,20027,19486
3,541,541,0,10284,10826,11367,1083,541,2165,4872,10284,11367,11908,3248,3789,4872,5413,5954,7037,8119,8660,9202,9743,10284,12449,12991,3789,7037,7578,8119,8660,10284,10826,11367,12991,13532,5954,5413,4872,4330,3789,3248,2706,2165,2706,3248,3789,4330,8119,8660,9202,11367,11908,13532,14073,6495,5954,5413,4872,4330,3789,3248,3789,7578,8119,8660,9743,10284,11367,11908,12449,12991,13532,14073,7037,6495,5954,5413,4872,4330,3789,4330,7037,7578,8119,10826,11367,11908,12449,9202,8660,8119,7578,7037,5954,5413,4872,4330,4872,5954,7578,8119,11367,11908,15697,16238,10284,9743,9202,8660,8119,6495,5954,5413,4872,5413,5954,6495,7037,16238,16780,10826,10284,7037,6495,5954,5954,6495,20027,7037,6495,5954,21110,20569,8119,7578,7037,23275,22734,22192,21651,10826,10284,9202,8660,24358,23816,23275,18404,17862,17321,16780,16238,13532,12991,12449,11908,11367,10826,10284,9743,24899,18404,17862,17321,16780,16238,14615,14073,13532,12991,12449,11908,10826,10284,25440,17862,17321,16780,16238,15697,15156,14615,14073,13532,12991,12449,11367,25981,25440,23816,23275,20569,20027,18404,17862,17321,16780,16238,15697,15156,14615,14073,13532,12991,12449,25981,25440,24899,23816,23275,22734,22192,21651,21110,20569,18945,18404,17862,17321,16780,16238,15697,15156,14615,14073,13532,22734,22192,21651,21110,20569,20027,19486,18945,18404,17862,17321,16780,16238,15697,15156,14615,22734,22192,21651,21110,20569,20027,19486,18945,18404,17862,17321,16780,16238,15697,23275,22734,22192,21651,21110,20569,20027,19486,18945,18404,17862,17321,16780,16238,23816,23275,22734,22192,21651,21110,20569,20027,19486,18945,18404,17862,23816,23275,22734,21651,21110,20569,20027,19486,18945,18404,24358,23816,23275,21651,20569,20027
4,10826,10826,10284,0,541,1083,11367,10826,9202,6495,1083,1083,1624,9202,8660,7578,7037,6495,5413,4330,3789,3248,2706,2165,2165,2706,9743,6495,5954,5413,4872,3248,2706,2165,2706,3248,16238,15697,15156,14615,14073,13532,12991,12449,11908,11367,10826,10284,6495,5954,5413,3248,2706,3248,3789,16780,16238,15697,15156,14615,14073,12449,11908,8119,7578,7037,5954,5413,4330,3789,3248,2706,3248,3789,17321,16780,16238,15697,15156,14615,12991,12449,9743,9202,8660,5954,5413,4872,4330,19486,18945,18404,17862,17321,16238,15697,15156,14615,12991,11908,10284,9743,6495,5954,5413,5954,20569,20027,19486,18945,18404,16780,16238,15697,15156,13532,12991,12449,11908,5954,6495,21110,20569,17321,16780,16238,14073,13532,30312,17321,16780,16238,31394,30853,18404,17862,17321,33559,33018,32477,31936,21110,20569,19486,18945,34642,34101,33559,28688,28147,27605,27064,26523,23816,23275,22734,22192,21651,21110,20569,20027,35183,28688,28147,27605,27064,26523,24899,24358,23816,23275,22734,22192,21110,20569,35724,28147,27605,27064,26523,25981,25440,24899,24358,23816,23275,22734,21651,36266,35724,34101,33559,30853,30312,28688,28147,27605,27064,26523,25981,25440,24899,24358,23816,23275,22734,36266,35724,35183,34101,33559,33018,32477,31936,31394,30853,29229,28688,28147,27605,27064,26523,25981,25440,24899,24358,23816,33018,32477,31936,31394,30853,30312,29770,29229,28688,28147,27605,27064,26523,25981,25440,24899,33018,32477,31936,31394,30853,30312,29770,29229,28688,28147,27605,27064,26523,25981,33559,33018,32477,31936,31394,30853,30312,29770,29229,28688,28147,27605,27064,26523,34101,33559,33018,32477,31936,31394,30853,30312,29770,29229,28688,28147,34101,33559,33018,31936,31394,30853,30312,29770,29229,28688,34642,34101,33559,31936,30853,30312
5,11367,11367,10826,541,0,541,11908,11367,9743,7037,1624,541,1083,9743,9202,8119,7578,7037,5954,4872,4330,3789,3248,2706,1624,2165,10284,7037,6495,5954,5413,3789,3248,2706,2165,2706,16780,16238,15697,15156,14615,14073,13532,12991,12449,11908,11367,10826,7037,6495,5954,3789,3248,2706,3248,17321,16780,16238,15697,15156,14615,12991,12449,8660,8119,7578,6495,5954,4872,4330,3789,3248,2706,3248,17862,17321,16780,16238,15697,15156,13532,12991,10284,9743,9202,6495,5954,5413,4872,20027,19486,18945,18404,17862,16780,16238,15697,15156,13532,12449,10826,10284,7037,6495,4872,5413,21110,20569,20027,19486,18945,17321,16780,16238,15697,14073,13532,12991,12449,5413,5954,21651,21110,17862,17321,16780,14615,14073,30853,17862,17321,16780,31936,31394,18945,18404,17862,34101,33559,33018,32477,21651,21110,20027,19486,35183,34642,34101,29229,28688,28147,27605,27064,24358,23816,23275,22734,22192,21651,21110,20569,35724,29229,28688,28147,27605,27064,25440,24899,24358,23816,23275,22734,21651,21110,36266,28688,28147,27605,27064,26523,25981,25440,24899,24358,23816,23275,22192,36807,36266,34642,34101,31394,30853,29229,28688,28147,27605,27064,26523,25981,25440,24899,24358,23816,23275,36807,36266,35724,34642,34101,33559,33018,32477,31936,31394,29770,29229,28688,28147,27605,27064,26523,25981,25440,24899,24358,33559,33018,32477,31936,31394,30853,30312,29770,29229,28688,28147,27605,27064,26523,25981,25440,33559,33018,32477,31936,31394,30853,30312,29770,29229,28688,28147,27605,27064,26523,34101,33559,33018,32477,31936,31394,30853,30312,29770,29229,28688,28147,27605,27064,34642,34101,33559,33018,32477,31936,31394,30853,30312,29770,29229,28688,34642,34101,33559,32477,31936,31394,30853,30312,29770,29229,35183,34642,34101,32477,31394,30853
6,11908,11908,11367,1083,541,0,12449,11908,10284,7578,2165,1083,541,10284,9743,8660,8119,7578,6495,5413,4872,4330,3789,3248,1083,1624,10826,7578,7037,6495,5954,4330,3789,3248,1624,2165,17321,16780,16238,15697,15156,14615,14073,13532,12991,12449,11908,11367,7578,7037,6495,4330,3789,2165,2706,17862,17321,16780,16238,15697,15156,13532,12991,9202,8660,8119,7037,6495,5413,4872,4330,3789,3248,2706,18404,17862,17321,16780,16238,15697,14073,13532,10826,10284,9743,7037,6495,5954,5413,20569,20027,19486,18945,18404,17321,16780,16238,15697,14073,12991,11367,10826,7578,7037,4330,4872,21651,21110,20569,20027,19486,17862,17321,16780,16238,14615,14073,13532,12991,4872,5413,22192,21651,18404,17862,17321,15156,14615,31394,18404,17862,17321,32477,31936,19486,18945,18404,34642,34101,33559,33018,22192,21651,20569,20027,35724,35183,34642,29770,29229,28688,28147,27605,24899,24358,23816,23275,22734,22192,21651,21110,36266,29770,29229,28688,28147,27605,25981,25440,24899,24358,23816,23275,22192,21651,36807,29229,28688,28147,27605,27064,26523,25981,25440,24899,24358,23816,22734,37348,36807,35183,34642,31936,31394,29770,29229,28688,28147,27605,27064,26523,25981,25440,24899,24358,23816,37348,36807,36266,35183,34642,34101,33559,33018,32477,31936,30312,29770,29229,28688,28147,27605,27064,26523,25981,25440,24899,34101,33559,33018,32477,31936,31394,30853,30312,29770,29229,28688,28147,27605,27064,26523,25981,34101,33559,33018,32477,31936,31394,30853,30312,29770,29229,28688,28147,27605,27064,34642,34101,33559,33018,32477,31936,31394,30853,30312,29770,29229,28688,28147,27605,35183,34642,34101,33559,33018,32477,31936,31394,30853,30312,29770,29229,35183,34642,34101,33018,32477,31936,31394,30853,30312,29770,35724,35183,34642,33018,31936,31394
7,1624,541,1083,11367,11908,12449,0,541,2165,4872,10284,11367,11908,3248,3789,4872,5413,5954,7037,8119,8660,9202,9743,10284,12449,12991,3789,7037,7578,8119,8660,10284,10826,11367,12991,13532,4872,4330,3789,3248,2706,2165,1624,2165,2706,3248,3789,4330,8119,8660,9202,11367,11908,13532,14073,5413,4872,4330,3789,3248,2706,3248,3789,7578,8119,8660,9743,10284,11367,11908,12449,12991,13532,14073,5954,5413,4872,4330,3789,3248,3789,4330,7037,7578,8119,10826,11367,11908,12449,8119,7578,7037,6495,5954,4872,4330,3789,3248,4872,5954,7578,8119,11367,11908,15697,16238,9202,8660,8119,7578,7037,5413,4872,4330,3789,5413,5954,6495,7037,16238,16780,9743,9202,5954,5413,4872,5954,6495,18945,5954,5413,4872,20027,19486,7037,6495,5954,22192,21651,21110,20569,9743,9202,8119,7578,23275,22734,22192,17321,16780,16238,15697,15156,12449,11908,11367,10826,10284,9743,9202,8660,23816,17321,16780,16238,15697,15156,13532,12991,12449,11908,11367,10826,9743,9202,24358,16780,16238,15697,15156,14615,14073,13532,12991,12449,11908,11367,10284,24899,24358,22734,22192,19486,18945,17321,16780,16238,15697,15156,14615,14073,13532,12991,12449,11908,11367,24899,24358,23816,22734,22192,21651,21110,20569,20027,19486,17862,17321,16780,16238,15697,15156,14615,14073,13532,12991,12449,21651,21110,20569,20027,19486,18945,18404,17862,17321,16780,16238,15697,15156,14615,14073,13532,21651,21110,20569,20027,19486,18945,18404,17862,17321,16780,16238,15697,15156,14615,22192,21651,21110,20569,20027,19486,18945,18404,17862,17321,16780,16238,15697,15156,22734,22192,21651,21110,20569,20027,19486,18945,18404,17862,17321,16780,22734,22192,21651,20569,20027,19486,18945,18404,17862,17321,23275,22734,22192,20569,19486,18945
8,1083,1083,541,10826,11367,11908,541,0,1624,4330,9743,10826,11367,2706,3248,4330,4872,5413,6495,7578,8119,8660,9202,9743,11908,12449,3248,6495,7037,7578,8119,9743,10284,10826,12449,12991,5413,4872,4330,3789,3248,2706,2165,1624,2165,2706,3248,3789,7578,8119,8660,10826,11367,12991,13532,5954,5413,4872,4330,3789,3248,2706,3248,7037,7578,8119,9202,9743,10826,11367,11908,12449,12991,13532,6495,5954,5413,4872,4330,3789,3248,3789,6495,7037,7578,10284,10826,11367,11908,8660,8119,7578,7037,6495,5413,4872,4330,3789,4330,5413,7037,7578,10826,11367,15156,15697,9743,9202,8660,8119,7578,5954,5413,4872,4330,4872,5413,5954,6495,15697,16238,10284,9743,6495,5954,5413,5413,5954,19486,6495,5954,5413,20569,20027,7578,7037,6495,22734,22192,21651,21110,10284,9743,8660,8119,23816,23275,22734,17862,17321,16780,16238,15697,12991,12449,11908,11367,10826,10284,9743,9202,24358,17862,17321,16780,16238,15697,14073,13532,12991,12449,11908,11367,10284,9743,24899,17321,16780,16238,15697,15156,14615,14073,13532,12991,12449,11908,10826,25440,24899,23275,22734,20027,19486,17862,17321,16780,16238,15697,15156,14615,14073,13532,12991,12449,11908,25440,24899,24358,23275,22734,22192,21651,21110,20569,20027,18404,17862,17321,16780,16238,15697,15156,14615,14073,13532,12991,22192,21651,21110,20569,20027,19486,18945,18404,17862,17321,16780,16238,15697,15156,14615,14073,22192,21651,21110,20569,20027,19486,18945,18404,17862,17321,16780,16238,15697,15156,22734,22192,21651,21110,20569,20027,19486,18945,18404,17862,17321,16780,16238,15697,23275,22734,22192,21651,21110,20569,20027,19486,18945,18404,17862,17321,23275,22734,22192,21110,20569,20027,19486,18945,18404,17862,23816,23275,22734,21110,20027,19486
9,2706,2706,2165,9202,9743,10284,2165,1624,0,2706,8119,9202,9743,1083,1624,2706,3248,3789,4872,5954,6495,7037,7578,8119,10284,10826,1624,4872,5413,5954,6495,8119,8660,9202,10826,11367,7037,6495,5954,5413,4872,4330,3789,3248,2706,2165,1624,2165,5954,6495,7037,9202,9743,11367,11908,7578,7037,6495,5954,5413,4872,3248,2706,5413,5954,6495,7578,8119,9202,9743,10284,10826,11367,11908,8119,7578,7037,6495,5954,5413,3789,3248,4872,5413,5954,8660,9202,9743,10284,10284,9743,9202,8660,8119,7037,6495,5954,5413,3789,3789,5413,5954,9202,9743,13532,14073,11367,10826,10284,9743,9202,7578,7037,6495,5954,4330,3789,4330,4872,14073,14615,11908,11367,8119,7578,7037,4872,4330,21110,8119,7578,7037,22192,21651,9202,8660,8119,24358,23816,23275,22734,11908,11367,10284,9743,25440,24899,24358,19486,18945,18404,17862,17321,14615,14073,13532,12991,12449,11908,11367,10826,25981,19486,18945,18404,17862,17321,15697,15156,14615,14073,13532,12991,11908,11367,26523,18945,18404,17862,17321,16780,16238,15697,15156,14615,14073,13532,12449,27064,26523,24899,24358,21651,21110,19486,18945,18404,17862,17321,16780,16238,15697,15156,14615,14073,13532,27064,26523,25981,24899,24358,23816,23275,22734,22192,21651,20027,19486,18945,18404,17862,17321,16780,16238,15697,15156,14615,23816,23275,22734,22192,21651,21110,20569,20027,19486,18945,18404,17862,17321,16780,16238,15697,23816,23275,22734,22192,21651,21110,20569,20027,19486,18945,18404,17862,17321,16780,24358,23816,23275,22734,22192,21651,21110,20569,20027,19486,18945,18404,17862,17321,24899,24358,23816,23275,22734,22192,21651,21110,20569,20027,19486,18945,24899,24358,23816,22734,22192,21651,21110,20569,20027,19486,25440,24899,24358,22734,21651,21110
10,5413,5413,4872,6495,7037,7578,4872,4330,2706,0,5413,6495,7037,2706,2165,1083,541,1083,2165,3248,3789,4330,4872,5413,7578,8119,3248,2165,2706,3248,3789,5413,5954,6495,8119,8660,9743,9202,8660,8119,7578,7037,6495,5954,5413,4872,4330,3789,3248,3789,4330,6495,7037,8660,9202,10284,9743,9202,8660,8119,7578,5954,5413,2706,3248,3789,4872,5413,6495,7037,7578,8119,8660,9202,10826,10284,9743,9202,8660,8119,6495,5954,3248,2706,3248,5954,6495,7037,7578,12991,12449,11908,11367,10826,9743,9202,8660,8119,6495,5413,3789,3248,6495,7037,10826,11367,14073,13532,12991,12449,11908,10284,9743,9202,8660,7037,6495,5954,5413,11367,11908,14615,14073,10826,10284,9743,7578,7037,23816,10826,10284,9743,24899,24358,11908,11367,10826,27064,26523,25981,25440,14615,14073,12991,12449,28147,27605,27064,22192,21651,21110,20569,20027,17321,16780,16238,15697,15156,14615,14073,13532,28688,22192,21651,21110,20569,20027,18404,17862,17321,16780,16238,15697,14615,14073,29229,21651,21110,20569,20027,19486,18945,18404,17862,17321,16780,16238,15156,29770,29229,27605,27064,24358,23816,22192,21651,21110,20569,20027,19486,18945,18404,17862,17321,16780,16238,29770,29229,28688,27605,27064,26523,25981,25440,24899,24358,22734,22192,21651,21110,20569,20027,19486,18945,18404,17862,17321,26523,25981,25440,24899,24358,23816,23275,22734,22192,21651,21110,20569,20027,19486,18945,18404,26523,25981,25440,24899,24358,23816,23275,22734,22192,21651,21110,20569,20027,19486,27064,26523,25981,25440,24899,24358,23816,23275,22734,22192,21651,21110,20569,20027,27605,27064,26523,25981,25440,24899,24358,23816,23275,22734,22192,21651,27605,27064,26523,25440,24899,24358,23816,23275,22734,22192,28147,27605,27064,25440,24358,23816
11,10826,10826,10284,1083,1624,2165,10284,9743,8119,5413,0,1083,1624,8119,7578,6495,5954,5413,4330,3248,2706,2165,1624,1083,2165,2706,8660,5413,4872,4330,3789,2165,1624,1083,2706,3248,15156,14615,14073,13532,12991,12449,11908,11367,10826,10284,9743,9202,5413,4872,4330,2165,1624,3248,3789,15697,15156,14615,14073,13532,12991,11367,10826,7037,6495,5954,4872,4330,3248,2706,2165,2706,3248,3789,16238,15697,15156,14615,14073,13532,11908,11367,8660,8119,7578,4872,4330,3789,3248,18404,17862,17321,16780,16238,15156,14615,14073,13532,11908,10826,9202,8660,5413,4872,5413,5954,19486,18945,18404,17862,17321,15697,15156,14615,14073,12449,11908,11367,10826,5954,6495,20027,19486,16238,15697,15156,12991,12449,29229,16238,15697,15156,30312,29770,17321,16780,16238,32477,31936,31394,30853,20027,19486,18404,17862,33559,33018,32477,27605,27064,26523,25981,25440,22734,22192,21651,21110,20569,20027,19486,18945,34101,27605,27064,26523,25981,25440,23816,23275,22734,22192,21651,21110,20027,19486,34642,27064,26523,25981,25440,24899,24358,23816,23275,22734,22192,21651,20569,35183,34642,33018,32477,29770,29229,27605,27064,26523,25981,25440,24899,24358,23816,23275,22734,22192,21651,35183,34642,34101,33018,32477,31936,31394,30853,30312,29770,28147,27605,27064,26523,25981,25440,24899,24358,23816,23275,22734,31936,31394,30853,30312,29770,29229,28688,28147,27605,27064,26523,25981,25440,24899,24358,23816,31936,31394,30853,30312,29770,29229,28688,28147,27605,27064,26523,25981,25440,24899,32477,31936,31394,30853,30312,29770,29229,28688,28147,27605,27064,26523,25981,25440,33018,32477,31936,31394,30853,30312,29770,29229,28688,28147,27605,27064,33018,32477,31936,30853,30312,29770,29229,28688,28147,27605,33559,33018,32477,30853,29770,29229
12,11908,11908,11367,1083,541,1083,11367,10826,9202,6495,1083,0,541,9202,8660,7578,7037,6495,5413,4330,3789,3248,2706,2165,1083,1624,9743,6495,5954,5413,4872,3248,2706,2165,1624,2165,16238,15697,15156,14615,14073,13532,12991,12449,11908,11367,10826,10284,6495,5954,5413,3248,2706,2165,2706,16780,16238,15697,15156,14615,14073,12449,11908,8119,7578,7037,5954,5413,4330,3789,3248,2706,2165,2706,17321,16780,16238,15697,15156,14615,12991,12449,9743,9202,8660,5954,5413,4872,4330,19486,18945,18404,17862,17321,16238,15697,15156,14615,12991,11908,10284,9743,6495,5954,4330,4872,20569,20027,19486,18945,18404,16780,16238,15697,15156,13532,12991,12449,11908,4872,5413,21110,20569,17321,16780,16238,14073,13532,30312,17321,16780,16238,31394,30853,18404,17862,17321,33559,33018,32477,31936,21110,20569,19486,18945,34642,34101,33559,28688,28147,27605,27064,26523,23816,23275,22734,22192,21651,21110,20569,20027,35183,28688,28147,27605,27064,26523,24899,24358,23816,23275,22734,22192,21110,20569,35724,28147,27605,27064,26523,25981,25440,24899,24358,23816,23275,22734,21651,36266,35724,34101,33559,30853,30312,28688,28147,27605,27064,26523,25981,25440,24899,24358,23816,23275,22734,36266,35724,35183,34101,33559,33018,32477,31936,31394,30853,29229,28688,28147,27605,27064,26523,25981,25440,24899,24358,23816,33018,32477,31936,31394,30853,30312,29770,29229,28688,28147,27605,27064,26523,25981,25440,24899,33018,32477,31936,31394,30853,30312,29770,29229,28688,28147,27605,27064,26523,25981,33559,33018,32477,31936,31394,30853,30312,29770,29229,28688,28147,27605,27064,26523,34101,33559,33018,32477,31936,31394,30853,30312,29770,29229,28688,28147,34101,33559,33018,31936,31394,30853,30312,29770,29229,28688,34642,34101,33559,31936,30853,30312
13,12449,12449,11908,1624,1083,541,11908,11367,9743,7037,1624,541,0,9743,9202,8119,7578,7037,5954,4872,4330,3789,3248,2706,541,1083,10284,7037,6495,5954,5413,3789,3248,2706,1083,1624,16780,16238,15697,15156,14615,14073,13532,12991,12449,11908,11367,10826,7037,6495,5954,3789,3248,1624,2165,17321,16780,16238,15697,15156,14615,12991,12449,8660,8119,7578,6495,5954,4872,4330,3789,3248,2706,2165,17862,17321,16780,16238,15697,15156,13532,12991,10284,9743,9202,6495,5954,5413,4872,20027,19486,18945,18404,17862,16780,16238,15697,15156,13532,12449,10826,10284,7037,6495,3789,4330,21110,20569,20027,19486,18945,17321,16780,16238,15697,14073,13532,12991,12449,4330,4872,21651,21110,17862,17321,16780,14615,14073,30853,17862,17321,16780,31936,31394,18945,18404,17862,34101,33559,33018,32477,21651,21110,20027,19486,35183,34642,34101,29229,28688,28147,27605,27064,24358,23816,23275,22734,22192,21651,21110,20569,35724,29229,28688,28147,27605,27064,25440,24899,24358,23816,23275,22734,21651,21110,36266,28688,28147,27605,27064,26523,25981,25440,24899,24358,23816,23275,22192,36807,36266,34642,34101,31394,30853,29229,28688,28147,27605,27064,26523,25981,25440,24899,24358,23816,23275,36807,36266,35724,34642,34101,33559,33018,32477,31936,31394,29770,29229,28688,28147,27605,27064,26523,25981,25440,24899,24358,33559,33018,32477,31936,31394,30853,30312,29770,29229,28688,28147,27605,27064,26523,25981,25440,33559,33018,32477,31936,31394,30853,30312,29770,29229,28688,28147,27605,27064,26523,34101,33559,33018,32477,31936,31394,30853,30312,29770,29229,28688,28147,27605,27064,34642,34101,33559,33018,32477,31936,31394,30853,30312,29770,29229,28688,34642,34101,33559,32477,31936,31394,30853,30312,29770,29229,35183,34642,34101,32477,31394,30853
14,3789,3789,3248,9202,9743,10284,3248,2706,1083,2706,8119,9202,9743,0,541,1624,2165,2706,3789,4872,5413,5954,6495,7037,9202,9743,541,3789,4330,4872,5413,7037,7578,8119,9743,10284,7037,6495,5954,5413,4872,4330,3789,3248,2706,2165,1624,1083,4872,5413,5954,8119,8660,10284,10826,7578,7037,6495,5954,5413,4872,3248,2706,4330,4872,5413,6495,7037,8119,8660,9202,9743,10284,10826,8119,7578,7037,6495,5954,5413,3789,3248,3789,4330,4872,7578,8119,8660,9202,10284,9743,9202,8660,8119,7037,6495,5954,5413,3789,2706,4330,4872,8119,8660,12449,12991,11367,10826,10284,9743,9202,7578,7037,6495,5954,4330,3789,3248,3789,12991,13532,11908,11367,8119,7578,7037,4872,4330,21110,8119,7578,7037,22192,21651,9202,8660,8119,24358,23816,23275,22734,11908,11367,10284,9743,25440,24899,24358,19486,18945,18404,17862,17321,14615,14073,13532,12991,12449,11908,11367,10826,25981,19486,18945,18404,17862,17321,15697,15156,14615,14073,13532,12991,11908,11367,26523,18945,18404,17862,17321,16780,16238,15697,15156,14615,14073,13532,12449,27064,26523,24899,24358,21651,21110,19486,18945,18404,17862,17321,16780,16238,15697,15156,14615,14073,13532,27064,26523,25981,24899,24358,23816,23275,22734,22192,21651,20027,19486,18945,18404,17862,17321,16780,16238,15697,15156,14615,23816,23275,22734,22192,21651,21110,20569,20027,19486,18945,18404,17862,17321,16780,16238,15697,23816,23275,22734,22192,21651,21110,20569,20027,19486,18945,18404,17862,17321,16780,24358,23816,23275,22734,22192,21651,21110,20569,20027,19486,18945,18404,17862,17321,24899,24358,23816,23275,22734,22192,21651,21110,20569,20027,19486,18945,24899,24358,23816,22734,22192,21651,21110,20569,20027,19486,25440,24899,24358,22734,21651,21110
15,4330,4330,3789,8660,9202,9743,3789,3248,1624,2165,7578,8660,9202,541,0,1083,1624,2165,3248,4330,4872,5413,5954,6495,8660,9202,1083,3248,3789,4330,4872,6495,7037,7578,9202,9743,7578,7037,6495,5954,5413,4872,4330,3789,3248,2706,2165,1624,4330,4872,5413,7578,8119,9743,10284,8119,7578,7037,6495,5954,5413,3789,3248,3789,4330,4872,5954,6495,7578,8119,8660,9202,9743,10284,8660,8119,7578,7037,6495,5954,4330,3789,3248,3789,4330,7037,7578,8119,8660,10826,10284,9743,9202,8660,7578,7037,6495,5954,4330,3248,3789,4330,7578,8119,11908,12449,11908,11367,10826,10284,9743,8119,7578,7037,6495,4872,4330,3789,3248,12449,12991,12449,11908,8660,8119,7578,5413,4872,21651,8660,8119,7578,22734,22192,9743,9202,8660,24899,24358,23816,23275,12449,11908,10826,10284,25981,25440,24899,20027,19486,18945,18404,17862,15156,14615,14073,13532,12991,12449,11908,11367,26523,20027,19486,18945,18404,17862,16238,15697,15156,14615,14073,13532,12449,11908,27064,19486,18945,18404,17862,17321,16780,16238,15697,15156,14615,14073,12991,27605,27064,25440,24899,22192,21651,20027,19486,18945,18404,17862,17321,16780,16238,15697,15156,14615,14073,27605,27064,26523,25440,24899,24358,23816,23275,22734,22192,20569,20027,19486,18945,18404,17862,17321,16780,16238,15697,15156,24358,23816,23275,22734,22192,21651,21110,20569,20027,19486,18945,18404,17862,17321,16780,16238,24358,23816,23275,22734,22192,21651,21110,20569,20027,19486,18945,18404,17862,17321,24899,24358,23816,23275,22734,22192,21651,21110,20569,20027,19486,18945,18404,17862,25440,24899,24358,23816,23275,22734,22192,21651,21110,20569,20027,19486,25440,24899,24358,23275,22734,22192,21651,21110,20569,20027,25981,25440,24899,23275,22192,21651
16,5413,5413,4872,7578,8119,8660,4872,4330,2706,1083,6495,7578,8119,1624,1083,0,541,1083,2165,3248,3789,4330,4872,5413,7578,8119,2165,2165,2706,3248,3789,5413,5954,6495,8119,8660,8660,8119,7578,7037,6495,5954,5413,4872,4330,3789,3248,2706,3248,3789,4330,6495,7037,8660,9202,9202,8660,8119,7578,7037,6495,4872,4330,2706,3248,3789,4872,5413,6495,7037,7578,8119,8660,9202,9743,9202,8660,8119,7578,7037,5413,4872,2165,2706,3248,5954,6495,7037,7578,11908,11367,10826,10284,9743,8660,8119,7578,7037,5413,4330,2706,3248,6495,7037,10826,11367,12991,12449,11908,11367,10826,9202,8660,8119,7578,5954,5413,4872,4330,11367,11908,13532,12991,9743,9202,8660,6495,5954,22734,9743,9202,8660,23816,23275,10826,10284,9743,25981,25440,24899,24358,13532,12991,11908,11367,27064,26523,25981,21110,20569,20027,19486,18945,16238,15697,15156,14615,14073,13532,12991,12449,27605,21110,20569,20027,19486,18945,17321,16780,16238,15697,15156,14615,13532,12991,28147,20569,20027,19486,18945,18404,17862,17321,16780,16238,15697,15156,14073,28688,28147,26523,25981,23275,22734,21110,20569,20027,19486,18945,18404,17862,17321,16780,16238,15697,15156,28688,28147,27605,26523,25981,25440,24899,24358,23816,23275,21651,21110,20569,20027,19486,18945,18404,17862,17321,16780,16238,25440,24899,24358,23816,23275,22734,22192,21651,21110,20569,20027,19486,18945,18404,17862,17321,25440,24899,24358,23816,23275,22734,22192,21651,21110,20569,20027,19486,18945,18404,25981,25440,24899,24358,23816,23275,22734,22192,21651,21110,20569,20027,19486,18945,26523,25981,25440,24899,24358,23816,23275,22734,22192,21651,21110,20569,26523,25981,25440,24358,23816,23275,22734,22192,21651,21110,27064,26523,25981,24358,23275,22734
17,5954,5954,5413,7037,7578,8119,5413,4872,3248,541,5954,7037,7578,2165,1624,541,0,541,1624,2706,3248,3789,4330,4872,7037,7578,2706,1624,2165,2706,3248,4872,5413,5954,7578,8119,9202,8660,8119,7578,7037,6495,5954,5413,4872,4330,3789,3248,2706,3248,3789,5954,6495,8119,8660,9743,9202,8660,8119,7578,7037,5413,4872,2165,2706,3248,4330,4872,5954,6495,7037,7578,8119,8660,10284,9743,9202,8660,8119,7578,5954,5413,2706,2165,2706,5413,5954,6495,7037,12449,11908,11367,10826,10284,9202,8660,8119,7578,5954,4872,3248,2706,5954,6495,10284,10826,13532,12991,12449,11908,11367,9743,9202,8660,8119,6495,5954,5413,4872,10826,11367,14073,13532,10284,9743,9202,7037,6495,23275,10284,9743,9202,24358,23816,11367,10826,10284,26523,25981,25440,24899,14073,13532,12449,11908,27605,27064,26523,21651,21110,20569,20027,19486,16780,16238,15697,15156,14615,14073,13532,12991,28147,21651,21110,20569,20027,19486,17862,17321,16780,16238,15697,15156,14073,13532,28688,21110,20569,20027,19486,18945,18404,17862,17321,16780,16238,15697,14615,29229,28688,27064,26523,23816,23275,21651,21110,20569,20027,19486,18945,18404,17862,17321,16780,16238,15697,29229,28688,28147,27064,26523,25981,25440,24899,24358,23816,22192,21651,21110,20569,20027,19486,18945,18404,17862,17321,16780,25981,25440,24899,24358,23816,23275,22734,22192,21651,21110,20569,20027,19486,18945,18404,17862,25981,25440,24899,24358,23816,23275,22734,22192,21651,21110,20569,20027,19486,18945,26523,25981,25440,24899,24358,23816,23275,22734,22192,21651,21110,20569,20027,19486,27064,26523,25981,25440,24899,24358,23816,23275,22734,22192,21651,21110,27064,26523,25981,24899,24358,23816,23275,22734,22192,21651,27605,27064,26523,24899,23816,23275
18,6495,6495,5954,6495,7037,7578,5954,5413,3789,1083,5413,6495,7037,2706,2165,1083,541,0,1083,2165,2706,3248,3789,4330,6495,7037,3248,1083,1624,2165,2706,4330,4872,5413,7037,7578,9743,9202,8660,8119,7578,7037,6495,5954,5413,4872,4330,3789,2165,2706,3248,5413,5954,7578,8119,10284,9743,9202,8660,8119,7578,5954,5413,1624,2165,2706,3789,4330,5413,5954,6495,7037,7578,8119,10826,10284,9743,9202,8660,8119,6495,5954,3248,2706,2165,4872,5413,5954,6495,12991,12449,11908,11367,10826,9743,9202,8660,8119,6495,5413,3789,3248,5413,5954,9743,10284,14073,13532,12991,12449,11908,10284,9743,9202,8660,7037,6495,5954,5413,10284,10826,14615,14073,10826,10284,9743,7578,7037,23816,10826,10284,9743,24899,24358,11908,11367,10826,27064,26523,25981,25440,14615,14073,12991,12449,28147,27605,27064,22192,21651,21110,20569,20027,17321,16780,16238,15697,15156,14615,14073,13532,28688,22192,21651,21110,20569,20027,18404,17862,17321,16780,16238,15697,14615,14073,29229,21651,21110,20569,20027,19486,18945,18404,17862,17321,16780,16238,15156,29770,29229,27605,27064,24358,23816,22192,21651,21110,20569,20027,19486,18945,18404,17862,17321,16780,16238,29770,29229,28688,27605,27064,26523,25981,25440,24899,24358,22734,22192,21651,21110,20569,20027,19486,18945,18404,17862,17321,26523,25981,25440,24899,24358,23816,23275,22734,22192,21651,21110,20569,20027,19486,18945,18404,26523,25981,25440,24899,24358,23816,23275,22734,22192,21651,21110,20569,20027,19486,27064,26523,25981,25440,24899,24358,23816,23275,22734,22192,21651,21110,20569,20027,27605,27064,26523,25981,25440,24899,24358,23816,23275,22734,22192,21651,27605,27064,26523,25440,24899,24358,23816,23275,22734,22192,28147,27605,27064,25440,24358,23816
19,7578,7578,7037,5413,5954,6495,7037,6495,4872,2165,4330,5413,5954,3789,3248,2165,1624,1083,0,1083,1624,2165,2706,3248,5413,5954,4330,1083,541,1083,1624,3248,3789,4330,5954,6495,10826,10284,9743,9202,8660,8119,7578,7037,6495,5954,5413,4872,1083,1624,2165,4330,4872,6495,7037,11367,10826,10284,9743,9202,8660,7037,6495,2706,2165,1624,2706,3248,4330,4872,5413,5954,6495,7037,11908,11367,10826,10284,9743,9202,7578,7037,4330,3789,3248,3789,4330,4872,5413,14073,13532,12991,12449,11908,10826,10284,9743,9202,7578,6495,4872,4330,4330,4872,8660,9202,15156,14615,14073,13532,12991,11367,10826,10284,9743,8119,7578,7037,6495,9202,9743,15697,15156,11908,11367,10826,8660,8119,24899,11908,11367,10826,25981,25440,12991,12449,11908,28147,27605,27064,26523,15697,15156,14073,13532,29229,28688,28147,23275,22734,22192,21651,21110,18404,17862,17321,16780,16238,15697,15156,14615,29770,23275,22734,22192,21651,21110,19486,18945,18404,17862,17321,16780,15697,15156,30312,22734,22192,21651,21110,20569,20027,19486,18945,18404,17862,17321,16238,30853,30312,28688,28147,25440,24899,23275,22734,22192,21651,21110,20569,20027,19486,18945,18404,17862,17321,30853,30312,29770,28688,28147,27605,27064,26523,25981,25440,23816,23275,22734,22192,21651,21110,20569,20027,19486,18945,18404,27605,27064,26523,25981,25440,24899,24358,23816,23275,22734,22192,21651,21110,20569,20027,19486,27605,27064,26523,25981,25440,24899,24358,23816,23275,22734,22192,21651,21110,20569,28147,27605,27064,26523,25981,25440,24899,24358,23816,23275,22734,22192,21651,21110,28688,28147,27605,27064,26523,25981,25440,24899,24358,23816,23275,22734,28688,28147,27605,26523,25981,25440,24899,24358,23816,23275,29229,28688,28147,26523,25440,24899
20,8660,8660,8119,4330,4872,5413,8119,7578,5954,3248,3248,4330,4872,4872,4330,3248,2706,2165,1083,0,541,1083,1624,2165,4330,4872,5413,2165,1624,1083,541,2165,2706,3248,4872,5413,11908,11367,10826,10284,9743,9202,8660,8119,7578,7037,6495,5954,2165,1624,1083,3248,3789,5413,5954,12449,11908,11367,10826,10284,9743,8119,7578,3789,3248,2706,1624,2165,3248,3789,4330,4872,5413,5954,12991,12449,11908,11367,10826,10284,8660,8119,5413,4872,4330,2706,3248,3789,4330,15156,14615,14073,13532,12991,11908,11367,10826,10284,8660,7578,5954,5413,3248,3789,7578,8119,16238,15697,15156,14615,14073,12449,11908,11367,10826,9202,8660,8119,7578,8119,8660,16780,16238,12991,12449,11908,9743,9202,25981,12991,12449,11908,27064,26523,14073,13532,12991,29229,28688,28147,27605,16780,16238,15156,14615,30312,29770,29229,24358,23816,23275,22734,22192,19486,18945,18404,17862,17321,16780,16238,15697,30853,24358,23816,23275,22734,22192,20569,20027,19486,18945,18404,17862,16780,16238,31394,23816,23275,22734,22192,21651,21110,20569,20027,19486,18945,18404,17321,31936,31394,29770,29229,26523,25981,24358,23816,23275,22734,22192,21651,21110,20569,20027,19486,18945,18404,31936,31394,30853,29770,29229,28688,28147,27605,27064,26523,24899,24358,23816,23275,22734,22192,21651,21110,20569,20027,19486,28688,28147,27605,27064,26523,25981,25440,24899,24358,23816,23275,22734,22192,21651,21110,20569,28688,28147,27605,27064,26523,25981,25440,24899,24358,23816,23275,22734,22192,21651,29229,28688,28147,27605,27064,26523,25981,25440,24899,24358,23816,23275,22734,22192,29770,29229,28688,28147,27605,27064,26523,25981,25440,24899,24358,23816,29770,29229,28688,27605,27064,26523,25981,25440,24899,24358,30312,29770,29229,27605,26523,25981
21,9202,9202,8660,3789,4330,4872,8660,8119,6495,3789,2706,3789,4330,5413,4872,3789,3248,2706,1624,541,0,541,1083,1624,3789,4330,5954,2706,2165,1624,1083,1624,2165,2706,4330,4872,12449,11908,11367,10826,10284,9743,9202,8660,8119,7578,7037,6495,2706,2165,1624,2706,3248,4872,5413,12991,12449,11908,11367,10826,10284,8660,8119,4330,3789,3248,2165,1624,2706,3248,3789,4330,4872,5413,13532,12991,12449,11908,11367,10826,9202,8660,5954,5413,4872,2165,2706,3248,3789,15697,15156,14615,14073,13532,12449,11908,11367,10826,9202,8119,6495,5954,2706,3248,7037,7578,16780,16238,15697,15156,14615,12991,12449,11908,11367,9743,9202,8660,8119,7578,8119,17321,16780,13532,12991,12449,10284,9743,26523,13532,12991,12449,27605,27064,14615,14073,13532,29770,29229,28688,28147,17321,16780,15697,15156,30853,30312,29770,24899,24358,23816,23275,22734,20027,19486,18945,18404,17862,17321,16780,16238,31394,24899,24358,23816,23275,22734,21110,20569,20027,19486,18945,18404,17321,16780,31936,24358,23816,23275,22734,22192,21651,21110,20569,20027,19486,18945,17862,32477,31936,30312,29770,27064,26523,24899,24358,23816,23275,22734,22192,21651,21110,20569,20027,19486,18945,32477,31936,31394,30312,29770,29229,28688,28147,27605,27064,25440,24899,24358,23816,23275,22734,22192,21651,21110,20569,20027,29229,28688,28147,27605,27064,26523,25981,25440,24899,24358,23816,23275,22734,22192,21651,21110,29229,28688,28147,27605,27064,26523,25981,25440,24899,24358,23816,23275,22734,22192,29770,29229,28688,28147,27605,27064,26523,25981,25440,24899,24358,23816,23275,22734,30312,29770,29229,28688,28147,27605,27064,26523,25981,25440,24899,24358,30312,29770,29229,28147,27605,27064,26523,25981,25440,24899,30853,30312,29770,28147,27064,26523
22,9743,9743,9202,3248,3789,4330,9202,8660,7037,4330,2165,3248,3789,5954,5413,4330,3789,3248,2165,1083,541,0,541,1083,3248,3789,6495,3248,2706,2165,1624,1083,1624,2165,3789,4330,12991,12449,11908,11367,10826,10284,9743,9202,8660,8119,7578,7037,3248,2706,2165,2165,2706,4330,4872,13532,12991,12449,11908,11367,10826,9202,8660,4872,4330,3789,2706,2165,2165,2706,3248,3789,4330,4872,14073,13532,12991,12449,11908,11367,9743,9202,6495,5954,5413,2706,2165,2706,3248,16238,15697,15156,14615,14073,12991,12449,11908,11367,9743,8660,7037,6495,3248,2706,6495,7037,17321,16780,16238,15697,15156,13532,12991,12449,11908,10284,9743,9202,8660,7037,7578,17862,17321,14073,13532,12991,10826,10284,27064,14073,13532,12991,28147,27605,15156,14615,14073,30312,29770,29229,28688,17862,17321,16238,15697,31394,30853,30312,25440,24899,24358,23816,23275,20569,20027,19486,18945,18404,17862,17321,16780,31936,25440,24899,24358,23816,23275,21651,21110,20569,20027,19486,18945,17862,17321,32477,24899,24358,23816,23275,22734,22192,21651,21110,20569,20027,19486,18404,33018,32477,30853,30312,27605,27064,25440,24899,24358,23816,23275,22734,22192,21651,21110,20569,20027,19486,33018,32477,31936,30853,30312,29770,29229,28688,28147,27605,25981,25440,24899,24358,23816,23275,22734,22192,21651,21110,20569,29770,29229,28688,28147,27605,27064,26523,25981,25440,24899,24358,23816,23275,22734,22192,21651,29770,29229,28688,28147,27605,27064,26523,25981,25440,24899,24358,23816,23275,22734,30312,29770,29229,28688,28147,27605,27064,26523,25981,25440,24899,24358,23816,23275,30853,30312,29770,29229,28688,28147,27605,27064,26523,25981,25440,24899,30853,30312,29770,28688,28147,27605,27064,26523,25981,25440,31394,30853,30312,28688,27605,27064
23,10284,10284,9743,2706,3248,3789,9743,9202,7578,4872,1624,2706,3248,6495,5954,4872,4330,3789,2706,1624,1083,541,0,541,2706,3248,7037,3789,3248,2706,2165,541,1083,1624,3248,3789,13532,12991,12449,11908,11367,10826,10284,9743,9202,8660,8119,7578,3789,3248,2706,1624,2165,3789,4330,14073,13532,12991,12449,11908,11367,9743,9202,5413,4872,4330,3248,2706,1624,2165,2706,3248,3789,4330,14615,14073,13532,12991,12449,11908,10284,9743,7037,6495,5954,3248,2706,2165,2706,16780,16238,15697,15156,14615,13532,12991,12449,11908,10284,9202,7578,7037,3789,3248,5954,6495,17862,17321,16780,16238,15697,14073,13532,12991,12449,10826,10284,9743,9202,6495,7037,18404,17862,14615,14073,13532,11367,10826,27605,14615,14073,13532,28688,28147,15697,15156,14615,30853,30312,29770,29229,18404,17862,16780,16238,31936,31394,30853,25981,25440,24899,24358,23816,21110,20569,20027,19486,18945,18404,17862,17321,32477,25981,25440,24899,24358,23816,22192,21651,21110,20569,20027,19486,18404,17862,33018,25440,24899,24358,23816,23275,22734,22192,21651,21110,20569,20027,18945,33559,33018,31394,30853,28147,27605,25981,25440,24899,24358,23816,23275,22734,22192,21651,21110,20569,20027,33559,33018,32477,31394,30853,30312,29770,29229,28688,28147,26523,25981,25440,24899,24358,23816,23275,22734,22192,21651,21110,30312,29770,29229,28688,28147,27605,27064,26523,25981,25440,24899,24358,23816,23275,22734,22192,30312,29770,29229,28688,28147,27605,27064,26523,25981,25440,24899,24358,23816,23275,30853,30312,29770,29229,28688,28147,27605,27064,26523,25981,25440,24899,24358,23816,31394,30853,30312,29770,29229,28688,28147,27605,27064,26523,25981,25440,31394,30853,30312,29229,28688,28147,27605,27064,26523,25981,31936,31394,30853,29229,28147,27605
24,10826,10826,10284,2165,2706,3248,10284,9743,8119,5413,1083,2165,2706,7037,6495,5413,4872,4330,3248,2165,1624,1083,541,0,2165,2706,7578,4330,3789,3248,2706,1083,541,1083,2706,3248,14073,13532,12991,12449,11908,11367,10826,10284,9743,9202,8660,8119,4330,3789,3248,1083,1624,3248,3789,14615,14073,13532,12991,12449,11908,10284,9743,5954,5413,4872,3789,3248,2165,1624,2165,2706,3248,3789,15156,14615,14073,13532,12991,12449,10826,10284,7578,7037,6495,3789,3248,2706,2165,17321,16780,16238,15697,15156,14073,13532,12991,12449,10826,9743,8119,7578,4330,3789,5413,5954,18404,17862,17321,16780,16238,14615,14073,13532,12991,11367,10826,10284,9743,5954,6495,18945,18404,15156,14615,14073,11908,11367,28147,15156,14615,14073,29229,28688,16238,15697,15156,31394,30853,30312,29770,18945,18404,17321,16780,32477,31936,31394,26523,25981,25440,24899,24358,21651,21110,20569,20027,19486,18945,18404,17862,33018,26523,25981,25440,24899,24358,22734,22192,21651,21110,20569,20027,18945,18404,33559,25981,25440,24899,24358,23816,23275,22734,22192,21651,21110,20569,19486,34101,33559,31936,31394,28688,28147,26523,25981,25440,24899,24358,23816,23275,22734,22192,21651,21110,20569,34101,33559,33018,31936,31394,30853,30312,29770,29229,28688,27064,26523,25981,25440,24899,24358,23816,23275,22734,22192,21651,30853,30312,29770,29229,28688,28147,27605,27064,26523,25981,25440,24899,24358,23816,23275,22734,30853,30312,29770,29229,28688,28147,27605,27064,26523,25981,25440,24899,24358,23816,31394,30853,30312,29770,29229,28688,28147,27605,27064,26523,25981,25440,24899,24358,31936,31394,30853,30312,29770,29229,28688,28147,27605,27064,26523,25981,31936,31394,30853,29770,29229,28688,28147,27605,27064,26523,32477,31936,31394,29770,28688,28147
25,12991,12991,12449,2165,1624,1083,12449,11908,10284,7578,2165,1083,541,9202,8660,7578,7037,6495,5413,4330,3789,3248,2706,2165,0,541,9743,6495,5954,5413,4872,3248,2706,2165,541,1083,16238,15697,15156,14615,14073,13532,12991,12449,11908,11367,10826,10284,6495,5954,5413,3248,2706,1083,1624,16780,16238,15697,15156,14615,14073,12449,11908,8119,7578,7037,5954,5413,4330,3789,3248,2706,2165,1624,17321,16780,16238,15697,15156,14615,12991,12449,9743,9202,8660,5954,5413,4872,4330,19486,18945,18404,17862,17321,16238,15697,15156,14615,12991,11908,10284,9743,6495,5954,3248,3789,20569,20027,19486,18945,18404,16780,16238,15697,15156,13532,12991,12449,11908,3789,4330,21110,20569,17321,16780,16238,14073,13532,30312,17321,16780,16238,31394,30853,18404,17862,17321,33559,33018,32477,31936,21110,20569,19486,18945,34642,34101,33559,28688,28147,27605,27064,26523,23816,23275,22734,22192,21651,21110,20569,20027,35183,28688,28147,27605,27064,26523,24899,24358,23816,23275,22734,22192,21110,20569,35724,28147,27605,27064,26523,25981,25440,24899,24358,23816,23275,22734,21651,36266,35724,34101,33559,30853,30312,28688,28147,27605,27064,26523,25981,25440,24899,24358,23816,23275,22734,36266,35724,35183,34101,33559,33018,32477,31936,31394,30853,29229,28688,28147,27605,27064,26523,25981,25440,24899,24358,23816,33018,32477,31936,31394,30853,30312,29770,29229,28688,28147,27605,27064,26523,25981,25440,24899,33018,32477,31936,31394,30853,30312,29770,29229,28688,28147,27605,27064,26523,25981,33559,33018,32477,31936,31394,30853,30312,29770,29229,28688,28147,27605,27064,26523,34101,33559,33018,32477,31936,31394,30853,30312,29770,29229,28688,28147,34101,33559,33018,31936,31394,30853,30312,29770,29229,28688,34642,34101,33559,31936,30853,30312
26,13532,13532,12991,2706,2165,1624,12991,12449,10826,8119,2706,1624,1083,9743,9202,8119,7578,7037,5954,4872,4330,3789,3248,2706,541,0,10284,7037,6495,5954,5413,3789,3248,2706,1083,541,16780,16238,15697,15156,14615,14073,13532,12991,12449,11908,11367,10826,7037,6495,5954,3789,3248,1624,1083,17321,16780,16238,15697,15156,14615,12991,12449,8660,8119,7578,6495,5954,4872,4330,3789,3248,2706,2165,17862,17321,16780,16238,15697,15156,13532,12991,10284,9743,9202,6495,5954,5413,4872,20027,19486,18945,18404,17862,16780,16238,15697,15156,13532,12449,10826,10284,7037,6495,2706,3248,21110,20569,20027,19486,18945,17321,16780,16238,15697,14073,13532,12991,12449,3248,3789,21651,21110,17862,17321,16780,14615,14073,30853,17862,17321,16780,31936,31394,18945,18404,17862,34101,33559,33018,32477,21651,21110,20027,19486,35183,34642,34101,29229,28688,28147,27605,27064,24358,23816,23275,22734,22192,21651,21110,20569,35724,29229,28688,28147,27605,27064,25440,24899,24358,23816,23275,22734,21651,21110,36266,28688,28147,27605,27064,26523,25981,25440,24899,24358,23816,23275,22192,36807,36266,34642,34101,31394,30853,29229,28688,28147,27605,27064,26523,25981,25440,24899,24358,23816,23275,36807,36266,35724,34642,34101,33559,33018,32477,31936,31394,29770,29229,28688,28147,27605,27064,26523,25981,25440,24899,24358,33559,33018,32477,31936,31394,30853,30312,29770,29229,28688,28147,27605,27064,26523,25981,25440,33559,33018,32477,31936,31394,30853,30312,29770,29229,28688,28147,27605,27064,26523,34101,33559,33018,32477,31936,31394,30853,30312,29770,29229,28688,28147,27605,27064,34642,34101,33559,33018,32477,31936,31394,30853,30312,29770,29229,28688,34642,34101,33559,32477,31936,31394,30853,30312,29770,29229,35183,34642,34101,32477,31394,30853
27,4330,4330,3789,9743,10284,10826,3789,3248,1624,3248,8660,9743,10284,541,1083,2165,2706,3248,4330,5413,5954,6495,7037,7578,9743,10284,0,3248,3789,4330,4872,6495,7037,7578,9202,9743,6495,5954,5413,4872,4330,3789,3248,2706,2165,1624,1083,541,4330,4872,5413,7578,8119,9743,10284,7037,6495,5954,5413,4872,4330,2706,2165,3789,4330,4872,5954,6495,7578,8119,8660,9202,9743,10284,7578,7037,6495,5954,5413,4872,3248,2706,3248,3789,4330,7037,7578,8119,8660,9743,9202,8660,8119,7578,6495,5954,5413,4872,3248,2165,3789,4330,7578,8119,11908,12449,10826,10284,9743,9202,8660,7037,6495,5954,5413,3789,3248,2706,3248,12449,12991,11367,10826,7578,7037,6495,4330,3789,20569,7578,7037,6495,21651,21110,8660,8119,7578,23816,23275,22734,22192,11367,10826,9743,9202,24899,24358,23816,18945,18404,17862,17321,16780,14073,13532,12991,12449,11908,11367,10826,10284,25440,18945,18404,17862,17321,16780,15156,14615,14073,13532,12991,12449,11367,10826,25981,18404,17862,17321,16780,16238,15697,15156,14615,14073,13532,12991,11908,26523,25981,24358,23816,21110,20569,18945,18404,17862,17321,16780,16238,15697,15156,14615,14073,13532,12991,26523,25981,25440,24358,23816,23275,22734,22192,21651,21110,19486,18945,18404,17862,17321,16780,16238,15697,15156,14615,14073,23275,22734,22192,21651,21110,20569,20027,19486,18945,18404,17862,17321,16780,16238,15697,15156,23275,22734,22192,21651,21110,20569,20027,19486,18945,18404,17862,17321,16780,16238,23816,23275,22734,22192,21651,21110,20569,20027,19486,18945,18404,17862,17321,16780,24358,23816,23275,22734,22192,21651,21110,20569,20027,19486,18945,18404,24358,23816,23275,22192,21651,21110,20569,20027,19486,18945,24899,24358,23816,22192,21110,20569
28,7578,7578,7037,6495,7037,7578,7037,6495,4872,2165,5413,6495,7037,3789,3248,2165,1624,1083,1083,2165,2706,3248,3789,4330,6495,7037,3248,0,541,1083,1624,3248,3789,4330,5954,6495,9743,9202,8660,8119,7578,7037,6495,5954,5413,4872,4330,3789,1083,1624,2165,4330,4872,6495,7037,10284,9743,9202,8660,8119,7578,5954,5413,1624,1083,1624,2706,3248,4330,4872,5413,5954,6495,7037,10826,10284,9743,9202,8660,8119,6495,5954,3248,2706,2165,3789,4330,4872,5413,12991,12449,11908,11367,10826,9743,9202,8660,8119,6495,5413,3789,3248,4330,4872,8660,9202,14073,13532,12991,12449,11908,10284,9743,9202,8660,7037,6495,5954,5413,9202,9743,14615,14073,10826,10284,9743,7578,7037,23816,10826,10284,9743,24899,24358,11908,11367,10826,27064,26523,25981,25440,14615,14073,12991,12449,28147,27605,27064,22192,21651,21110,20569,20027,17321,16780,16238,15697,15156,14615,14073,13532,28688,22192,21651,21110,20569,20027,18404,17862,17321,16780,16238,15697,14615,14073,29229,21651,21110,20569,20027,19486,18945,18404,17862,17321,16780,16238,15156,29770,29229,27605,27064,24358,23816,22192,21651,21110,20569,20027,19486,18945,18404,17862,17321,16780,16238,29770,29229,28688,27605,27064,26523,25981,25440,24899,24358,22734,22192,21651,21110,20569,20027,19486,18945,18404,17862,17321,26523,25981,25440,24899,24358,23816,23275,22734,22192,21651,21110,20569,20027,19486,18945,18404,26523,25981,25440,24899,24358,23816,23275,22734,22192,21651,21110,20569,20027,19486,27064,26523,25981,25440,24899,24358,23816,23275,22734,22192,21651,21110,20569,20027,27605,27064,26523,25981,25440,24899,24358,23816,23275,22734,22192,21651,27605,27064,26523,25440,24899,24358,23816,23275,22734,22192,28147,27605,27064,25440,24358,23816
29,8119,8119,7578,5954,6495,7037,7578,7037,5413,2706,4872,5954,6495,4330,3789,2706,2165,1624,541,1624,2165,2706,3248,3789,5954,6495,3789,541,0,541,1083,2706,3248,3789,5413,5954,10284,9743,9202,8660,8119,7578,7037,6495,5954,5413,4872,4330,541,1083,1624,3789,4330,5954,6495,10826,10284,9743,9202,8660,8119,6495,5954,2165,1624,1083,2165,2706,3789,4330,4872,5413,5954,6495,11367,10826,10284,9743,9202,8660,7037,6495,3789,3248,2706,3248,3789,4330,4872,13532,12991,12449,11908,11367,10284,9743,9202,8660,7037,5954,4330,3789,3789,4330,8119,8660,14615,14073,13532,12991,12449,10826,10284,9743,9202,7578,7037,6495,5954,8660,9202,15156,14615,11367,10826,10284,8119,7578,24358,11367,10826,10284,25440,24899,12449,11908,11367,27605,27064,26523,25981,15156,14615,13532,12991,28688,28147,27605,22734,22192,21651,21110,20569,17862,17321,16780,16238,15697,15156,14615,14073,29229,22734,22192,21651,21110,20569,18945,18404,17862,17321,16780,16238,15156,14615,29770,22192,21651,21110,20569,20027,19486,18945,18404,17862,17321,16780,15697,30312,29770,28147,27605,24899,24358,22734,22192,21651,21110,20569,20027,19486,18945,18404,17862,17321,16780,30312,29770,29229,28147,27605,27064,26523,25981,25440,24899,23275,22734,22192,21651,21110,20569,20027,19486,18945,18404,17862,27064,26523,25981,25440,24899,24358,23816,23275,22734,22192,21651,21110,20569,20027,19486,18945,27064,26523,25981,25440,24899,24358,23816,23275,22734,22192,21651,21110,20569,20027,27605,27064,26523,25981,25440,24899,24358,23816,23275,22734,22192,21651,21110,20569,28147,27605,27064,26523,25981,25440,24899,24358,23816,23275,22734,22192,28147,27605,27064,25981,25440,24899,24358,23816,23275,22734,28688,28147,27605,25981,24899,24358
30,8660,8660,8119,5413,5954,6495,8119,7578,5954,3248,4330,5413,5954,4872,4330,3248,2706,2165,1083,1083,1624,2165,2706,3248,5413,5954,4330,1083,541,0,541,2165,2706,3248,4872,5413,10826,10284,9743,9202,8660,8119,7578,7037,6495,5954,5413,4872,1083,541,1083,3248,3789,5413,5954,11367,10826,10284,9743,9202,8660,7037,6495,2706,2165,1624,1624,2165,3248,3789,4330,4872,5413,5954,11908,11367,10826,10284,9743,9202,7578,7037,4330,3789,3248,2706,3248,3789,4330,14073,13532,12991,12449,11908,10826,10284,9743,9202,7578,6495,4872,4330,3248,3789,7578,8119,15156,14615,14073,13532,12991,11367,10826,10284,9743,8119,7578,7037,6495,8119,8660,15697,15156,11908,11367,10826,8660,8119,24899,11908,11367,10826,25981,25440,12991,12449,11908,28147,27605,27064,26523,15697,15156,14073,13532,29229,28688,28147,23275,22734,22192,21651,21110,18404,17862,17321,16780,16238,15697,15156,14615,29770,23275,22734,22192,21651,21110,19486,18945,18404,17862,17321,16780,15697,15156,30312,22734,22192,21651,21110,20569,20027,19486,18945,18404,17862,17321,16238,30853,30312,28688,28147,25440,24899,23275,22734,22192,21651,21110,20569,20027,19486,18945,18404,17862,17321,30853,30312,29770,28688,28147,27605,27064,26523,25981,25440,23816,23275,22734,22192,21651,21110,20569,20027,19486,18945,18404,27605,27064,26523,25981,25440,24899,24358,23816,23275,22734,22192,21651,21110,20569,20027,19486,27605,27064,26523,25981,25440,24899,24358,23816,23275,22734,22192,21651,21110,20569,28147,27605,27064,26523,25981,25440,24899,24358,23816,23275,22734,22192,21651,21110,28688,28147,27605,27064,26523,25981,25440,24899,24358,23816,23275,22734,28688,28147,27605,26523,25981,25440,24899,24358,23816,23275,29229,28688,28147,26523,25440,24899
31,9202,9202,8660,4872,5413,5954,8660,8119,6495,3789,3789,4872,5413,5413,4872,3789,3248,2706,1624,541,1083,1624,2165,2706,4872,5413,4872,1624,1083,541,0,1624,2165,2706,4330,4872,11367,10826,10284,9743,9202,8660,8119,7578,7037,6495,5954,5413,1624,1083,541,2706,3248,4872,5413,11908,11367,10826,10284,9743,9202,7578,7037,3248,2706,2165,1083,1624,2706,3248,3789,4330,4872,5413,12449,11908,11367,10826,10284,9743,8119,7578,4872,4330,3789,2165,2706,3248,3789,14615,14073,13532,12991,12449,11367,10826,10284,9743,8119,7037,5413,4872,2706,3248,7037,7578,15697,15156,14615,14073,13532,11908,11367,10826,10284,8660,8119,7578,7037,7578,8119,16238,15697,12449,11908,11367,9202,8660,25440,12449,11908,11367,26523,25981,13532,12991,12449,28688,28147,27605,27064,16238,15697,14615,14073,29770,29229,28688,23816,23275,22734,22192,21651,18945,18404,17862,17321,16780,16238,15697,15156,30312,23816,23275,22734,22192,21651,20027,19486,18945,18404,17862,17321,16238,15697,30853,23275,22734,22192,21651,21110,20569,20027,19486,18945,18404,17862,16780,31394,30853,29229,28688,25981,25440,23816,23275,22734,22192,21651,21110,20569,20027,19486,18945,18404,17862,31394,30853,30312,29229,28688,28147,27605,27064,26523,25981,24358,23816,23275,22734,22192,21651,21110,20569,20027,19486,18945,28147,27605,27064,26523,25981,25440,24899,24358,23816,23275,22734,22192,21651,21110,20569,20027,28147,27605,27064,26523,25981,25440,24899,24358,23816,23275,22734,22192,21651,21110,28688,28147,27605,27064,26523,25981,25440,24899,24358,23816,23275,22734,22192,21651,29229,28688,28147,27605,27064,26523,25981,25440,24899,24358,23816,23275,29229,28688,28147,27064,26523,25981,25440,24899,24358,23816,29770,29229,28688,27064,25981,25440
32,10826,10826,10284,3248,3789,4330,10284,9743,8119,5413,2165,3248,3789,7037,6495,5413,4872,4330,3248,2165,1624,1083,541,1083,3248,3789,6495,3248,2706,2165,1624,0,541,1083,2706,3248,12991,12449,11908,11367,10826,10284,9743,9202,8660,8119,7578,7037,3248,2706,2165,1083,1624,3248,3789,13532,12991,12449,11908,11367,10826,9202,8660,4872,4330,3789,2706,2165,1083,1624,2165,2706,3248,3789,14073,13532,12991,12449,11908,11367,9743,9202,6495,5954,5413,2706,2165,1624,2165,16238,15697,15156,14615,14073,12991,12449,11908,11367,9743,8660,7037,6495,3248,2706,5413,5954,17321,16780,16238,15697,15156,13532,12991,12449,11908,10284,9743,9202,8660,5954,6495,17862,17321,14073,13532,12991,10826,10284,27064,14073,13532,12991,28147,27605,15156,14615,14073,30312,29770,29229,28688,17862,17321,16238,15697,31394,30853,30312,25440,24899,24358,23816,23275,20569,20027,19486,18945,18404,17862,17321,16780,31936,25440,24899,24358,23816,23275,21651,21110,20569,20027,19486,18945,17862,17321,32477,24899,24358,23816,23275,22734,22192,21651,21110,20569,20027,19486,18404,33018,32477,30853,30312,27605,27064,25440,24899,24358,23816,23275,22734,22192,21651,21110,20569,20027,19486,33018,32477,31936,30853,30312,29770,29229,28688,28147,27605,25981,25440,24899,24358,23816,23275,22734,22192,21651,21110,20569,29770,29229,28688,28147,27605,27064,26523,25981,25440,24899,24358,23816,23275,22734,22192,21651,29770,29229,28688,28147,27605,27064,26523,25981,25440,24899,24358,23816,23275,22734,30312,29770,29229,28688,28147,27605,27064,26523,25981,25440,24899,24358,23816,23275,30853,30312,29770,29229,28688,28147,27605,27064,26523,25981,25440,24899,30853,30312,29770,28688,28147,27605,27064,26523,25981,25440,31394,30853,30312,28688,27605,27064
33,11367,11367,10826,2706,3248,3789,10826,10284,8660,5954,1624,2706,3248,7578,7037,5954,5413,4872,3789,2706,2165,1624,1083,541,2706,3248,7037,3789,3248,2706,2165,541,0,541,2165,2706,13532,12991,12449,11908,11367,10826,10284,9743,9202,8660,8119,7578,3789,3248,2706,541,1083,2706,3248,14073,13532,12991,12449,11908,11367,9743,9202,5413,4872,4330,3248,2706,1624,1083,1624,2165,2706,3248,14615,14073,13532,12991,12449,11908,10284,9743,7037,6495,5954,3248,2706,2165,1624,16780,16238,15697,15156,14615,13532,12991,12449,11908,10284,9202,7578,7037,3789,3248,4872,5413,17862,17321,16780,16238,15697,14073,13532,12991,12449,10826,10284,9743,9202,5413,5954,18404,17862,14615,14073,13532,11367,10826,27605,14615,14073,13532,28688,28147,15697,15156,14615,30853,30312,29770,29229,18404,17862,16780,16238,31936,31394,30853,25981,25440,24899,24358,23816,21110,20569,20027,19486,18945,18404,17862,17321,32477,25981,25440,24899,24358,23816,22192,21651,21110,20569,20027,19486,18404,17862,33018,25440,24899,24358,23816,23275,22734,22192,21651,21110,20569,20027,18945,33559,33018,31394,30853,28147,27605,25981,25440,24899,24358,23816,23275,22734,22192,21651,21110,20569,20027,33559,33018,32477,31394,30853,30312,29770,29229,28688,28147,26523,25981,25440,24899,24358,23816,23275,22734,22192,21651,21110,30312,29770,29229,28688,28147,27605,27064,26523,25981,25440,24899,24358,23816,23275,22734,22192,30312,29770,29229,28688,28147,27605,27064,26523,25981,25440,24899,24358,23816,23275,30853,30312,29770,29229,28688,28147,27605,27064,26523,25981,25440,24899,24358,23816,31394,30853,30312,29770,29229,28688,28147,27605,27064,26523,25981,25440,31394,30853,30312,29229,28688,28147,27605,27064,26523,25981,31936,31394,30853,29229,28147,27605
34,11908,11908,11367,2165,2706,3248,11367,10826,9202,6495,1083,2165,2706,8119,7578,6495,5954,5413,4330,3248,2706,2165,1624,1083,2165,2706,7578,4330,3789,3248,2706,1083,541,0,1624,2165,14073,13532,12991,12449,11908,11367,10826,10284,9743,9202,8660,8119,4330,3789,3248,1083,541,2165,2706,14615,14073,13532,12991,12449,11908,10284,9743,5954,5413,4872,3789,3248,2165,1624,1083,1624,2165,2706,15156,14615,14073,13532,12991,12449,10826,10284,7578,7037,6495,3789,3248,2706,2165,17321,16780,16238,15697,15156,14073,13532,12991,12449,10826,9743,8119,7578,4330,3789,4330,4872,18404,17862,17321,16780,16238,14615,14073,13532,12991,11367,10826,10284,9743,4872,5413,18945,18404,15156,14615,14073,11908,11367,28147,15156,14615,14073,29229,28688,16238,15697,15156,31394,30853,30312,29770,18945,18404,17321,16780,32477,31936,31394,26523,25981,25440,24899,24358,21651,21110,20569,20027,19486,18945,18404,17862,33018,26523,25981,25440,24899,24358,22734,22192,21651,21110,20569,20027,18945,18404,33559,25981,25440,24899,24358,23816,23275,22734,22192,21651,21110,20569,19486,34101,33559,31936,31394,28688,28147,26523,25981,25440,24899,24358,23816,23275,22734,22192,21651,21110,20569,34101,33559,33018,31936,31394,30853,30312,29770,29229,28688,27064,26523,25981,25440,24899,24358,23816,23275,22734,22192,21651,30853,30312,29770,29229,28688,28147,27605,27064,26523,25981,25440,24899,24358,23816,23275,22734,30853,30312,29770,29229,28688,28147,27605,27064,26523,25981,25440,24899,24358,23816,31394,30853,30312,29770,29229,28688,28147,27605,27064,26523,25981,25440,24899,24358,31936,31394,30853,30312,29770,29229,28688,28147,27605,27064,26523,25981,31936,31394,30853,29770,29229,28688,28147,27605,27064,26523,32477,31936,31394,29770,28688,28147
35,13532,13532,12991,2706,2165,1624,12991,12449,10826,8119,2706,1624,1083,9743,9202,8119,7578,7037,5954,4872,4330,3789,3248,2706,541,1083,9202,5954,5413,4872,4330,2706,2165,1624,0,541,15697,15156,14615,14073,13532,12991,12449,11908,11367,10826,10284,9743,5954,5413,4872,2706,2165,541,1083,16238,15697,15156,14615,14073,13532,11908,11367,7578,7037,6495,5413,4872,3789,3248,2706,2165,1624,1083,16780,16238,15697,15156,14615,14073,12449,11908,9202,8660,8119,5413,4872,4330,3789,18945,18404,17862,17321,16780,15697,15156,14615,14073,12449,11367,9743,9202,5954,5413,2706,3248,20027,19486,18945,18404,17862,16238,15697,15156,14615,12991,12449,11908,11367,3248,3789,20569,20027,16780,16238,15697,13532,12991,29770,16780,16238,15697,30853,30312,17862,17321,16780,33018,32477,31936,31394,20569,20027,18945,18404,34101,33559,33018,28147,27605,27064,26523,25981,23275,22734,22192,21651,21110,20569,20027,19486,34642,28147,27605,27064,26523,25981,24358,23816,23275,22734,22192,21651,20569,20027,35183,27605,27064,26523,25981,25440,24899,24358,23816,23275,22734,22192,21110,35724,35183,33559,33018,30312,29770,28147,27605,27064,26523,25981,25440,24899,24358,23816,23275,22734,22192,35724,35183,34642,33559,33018,32477,31936,31394,30853,30312,28688,28147,27605,27064,26523,25981,25440,24899,24358,23816,23275,32477,31936,31394,30853,30312,29770,29229,28688,28147,27605,27064,26523,25981,25440,24899,24358,32477,31936,31394,30853,30312,29770,29229,28688,28147,27605,27064,26523,25981,25440,33018,32477,31936,31394,30853,30312,29770,29229,28688,28147,27605,27064,26523,25981,33559,33018,32477,31936,31394,30853,30312,29770,29229,28688,28147,27605,33559,33018,32477,31394,30853,30312,29770,29229,28688,28147,34101,33559,33018,31394,30312,29770
36,14073,14073,13532,3248,2706,2165,13532,12991,11367,8660,3248,2165,1624,10284,9743,8660,8119,7578,6495,5413,4872,4330,3789,3248,1083,541,9743,6495,5954,5413,4872,3248,2706,2165,541,0,16238,15697,15156,14615,14073,13532,12991,12449,11908,11367,10826,10284,6495,5954,5413,3248,2706,1083,541,16780,16238,15697,15156,14615,14073,12449,11908,8119,7578,7037,5954,5413,4330,3789,3248,2706,2165,1624,17321,16780,16238,15697,15156,14615,12991,12449,9743,9202,8660,5954,5413,4872,4330,19486,18945,18404,17862,17321,16238,15697,15156,14615,12991,11908,10284,9743,6495,5954,2165,2706,20569,20027,19486,18945,18404,16780,16238,15697,15156,13532,12991,12449,11908,2706,3248,21110,20569,17321,16780,16238,14073,13532,30312,17321,16780,16238,31394,30853,18404,17862,17321,33559,33018,32477,31936,21110,20569,19486,18945,34642,34101,33559,28688,28147,27605,27064,26523,23816,23275,22734,22192,21651,21110,20569,20027,35183,28688,28147,27605,27064,26523,24899,24358,23816,23275,22734,22192,21110,20569,35724,28147,27605,27064,26523,25981,25440,24899,24358,23816,23275,22734,21651,36266,35724,34101,33559,30853,30312,28688,28147,27605,27064,26523,25981,25440,24899,24358,23816,23275,22734,36266,35724,35183,34101,33559,33018,32477,31936,31394,30853,29229,28688,28147,27605,27064,26523,25981,25440,24899,24358,23816,33018,32477,31936,31394,30853,30312,29770,29229,28688,28147,27605,27064,26523,25981,25440,24899,33018,32477,31936,31394,30853,30312,29770,29229,28688,28147,27605,27064,26523,25981,33559,33018,32477,31936,31394,30853,30312,29770,29229,28688,28147,27605,27064,26523,34101,33559,33018,32477,31936,31394,30853,30312,29770,29229,28688,28147,34101,33559,33018,31936,31394,30853,30312,29770,29229,28688,34642,34101,33559,31936,30853,30312
37,6495,5413,5954,16238,16780,17321,4872,5413,7037,9743,15156,16238,16780,7037,7578,8660,9202,9743,10826,11908,12449,12991,13532,14073,16238,16780,6495,9743,10284,10826,11367,12991,13532,14073,15697,16238,0,541,1083,1624,2165,2706,3248,3789,4330,4872,5413,5954,9743,10284,10826,12991,13532,15156,15697,541,1083,1624,2165,2706,3248,4872,5413,9202,9743,10284,11367,11908,12991,13532,14073,14615,15156,15697,1083,1624,2165,2706,3248,3789,5413,5954,8660,9202,9743,12449,12991,13532,14073,3248,2706,2165,1624,2165,3248,3789,4330,4872,6495,7578,9202,9743,12991,13532,17321,17862,4330,3789,3248,2706,2165,3789,4330,4872,5413,7037,7578,8119,8660,17862,18404,4872,4330,4330,4872,5413,7578,8119,14073,5413,5954,6495,15156,14615,5413,5954,6495,17321,16780,16238,15697,4872,4330,5413,5954,18404,17862,17321,12449,11908,11367,10826,10284,7578,7037,6495,5954,5413,4872,5413,5954,18945,12449,11908,11367,10826,10284,8660,8119,7578,7037,6495,5954,5954,6495,19486,11908,11367,10826,10284,9743,9202,8660,8119,7578,7037,6495,6495,20027,19486,17862,17321,14615,14073,12449,11908,11367,10826,10284,9743,9202,8660,8119,7578,7037,6495,20027,19486,18945,17862,17321,16780,16238,15697,15156,14615,12991,12449,11908,11367,10826,10284,9743,9202,8660,8119,7578,16780,16238,15697,15156,14615,14073,13532,12991,12449,11908,11367,10826,10284,9743,9202,8660,16780,16238,15697,15156,14615,14073,13532,12991,12449,11908,11367,10826,10284,9743,17321,16780,16238,15697,15156,14615,14073,13532,12991,12449,11908,11367,10826,10284,17862,17321,16780,16238,15697,15156,14615,14073,13532,12991,12449,11908,17862,17321,16780,15697,15156,14615,14073,13532,12991,12449,18404,17862,17321,15697,14615,14073
38,5954,4872,5413,15697,16238,16780,4330,4872,6495,9202,14615,15697,16238,6495,7037,8119,8660,9202,10284,11367,11908,12449,12991,13532,15697,16238,5954,9202,9743,10284,10826,12449,12991,13532,15156,15697,541,0,541,1083,1624,2165,2706,3248,3789,4330,4872,5413,9202,9743,10284,12449,12991,14615,15156,1083,541,1083,1624,2165,2706,4330,4872,8660,9202,9743,10826,11367,12449,12991,13532,14073,14615,15156,1624,1083,1624,2165,2706,3248,4872,5413,8119,8660,9202,11908,12449,12991,13532,3789,3248,2706,2165,1624,2706,3248,3789,4330,5954,7037,8660,9202,12449,12991,16780,17321,4872,4330,3789,3248,2706,3248,3789,4330,4872,6495,7037,7578,8119,17321,17862,5413,4872,3789,4330,4872,7037,7578,14615,4872,5413,5954,15697,15156,4872,5413,5954,17862,17321,16780,16238,5413,4872,4872,5413,18945,18404,17862,12991,12449,11908,11367,10826,8119,7578,7037,6495,5954,5413,4872,5413,19486,12991,12449,11908,11367,10826,9202,8660,8119,7578,7037,6495,5413,5954,20027,12449,11908,11367,10826,10284,9743,9202,8660,8119,7578,7037,5954,20569,20027,18404,17862,15156,14615,12991,12449,11908,11367,10826,10284,9743,9202,8660,8119,7578,7037,20569,20027,19486,18404,17862,17321,16780,16238,15697,15156,13532,12991,12449,11908,11367,10826,10284,9743,9202,8660,8119,17321,16780,16238,15697,15156,14615,14073,13532,12991,12449,11908,11367,10826,10284,9743,9202,17321,16780,16238,15697,15156,14615,14073,13532,12991,12449,11908,11367,10826,10284,17862,17321,16780,16238,15697,15156,14615,14073,13532,12991,12449,11908,11367,10826,18404,17862,17321,16780,16238,15697,15156,14615,14073,13532,12991,12449,18404,17862,17321,16238,15697,15156,14615,14073,13532,12991,18945,18404,17862,16238,15156,14615
39,5413,4330,4872,15156,15697,16238,3789,4330,5954,8660,14073,15156,15697,5954,6495,7578,8119,8660,9743,10826,11367,11908,12449,12991,15156,15697,5413,8660,9202,9743,10284,11908,12449,12991,14615,15156,1083,541,0,541,1083,1624,2165,2706,3248,3789,4330,4872,8660,9202,9743,11908,12449,14073,14615,1624,1083,541,1083,1624,2165,3789,4330,8119,8660,9202,10284,10826,11908,12449,12991,13532,14073,14615,2165,1624,1083,1624,2165,2706,4330,4872,7578,8119,8660,11367,11908,12449,12991,4330,3789,3248,2706,2165,2165,2706,3248,3789,5413,6495,8119,8660,11908,12449,16238,16780,5413,4872,4330,3789,3248,2706,3248,3789,4330,5954,6495,7037,7578,16780,17321,5954,5413,3248,3789,4330,6495,7037,15156,4330,4872,5413,16238,15697,4330,4872,5413,18404,17862,17321,16780,5954,5413,4330,4872,19486,18945,18404,13532,12991,12449,11908,11367,8660,8119,7578,7037,6495,5954,5413,4872,20027,13532,12991,12449,11908,11367,9743,9202,8660,8119,7578,7037,5954,5413,20569,12991,12449,11908,11367,10826,10284,9743,9202,8660,8119,7578,6495,21110,20569,18945,18404,15697,15156,13532,12991,12449,11908,11367,10826,10284,9743,9202,8660,8119,7578,21110,20569,20027,18945,18404,17862,17321,16780,16238,15697,14073,13532,12991,12449,11908,11367,10826,10284,9743,9202,8660,17862,17321,16780,16238,15697,15156,14615,14073,13532,12991,12449,11908,11367,10826,10284,9743,17862,17321,16780,16238,15697,15156,14615,14073,13532,12991,12449,11908,11367,10826,18404,17862,17321,16780,16238,15697,15156,14615,14073,13532,12991,12449,11908,11367,18945,18404,17862,17321,16780,16238,15697,15156,14615,14073,13532,12991,18945,18404,17862,16780,16238,15697,15156,14615,14073,13532,19486,18945,18404,16780,15697,15156
40,4872,3789,4330,14615,15156,15697,3248,3789,5413,8119,13532,14615,15156,5413,5954,7037,7578,8119,9202,10284,10826,11367,11908,12449,14615,15156,4872,8119,8660,9202,9743,11367,11908,12449,14073,14615,1624,1083,541,0,541,1083,1624,2165,2706,3248,3789,4330,8119,8660,9202,11367,11908,13532,14073,2165,1624,1083,541,1083,1624,3248,3789,7578,8119,8660,9743,10284,11367,11908,12449,12991,13532,14073,2706,2165,1624,1083,1624,2165,3789,4330,7037,7578,8119,10826,11367,11908,12449,4872,4330,3789,3248,2706,1624,2165,2706,3248,4872,5954,7578,8119,11367,11908,15697,16238,5954,5413,4872,4330,3789,2165,2706,3248,3789,5413,5954,6495,7037,16238,16780,6495,5954,2706,3248,3789,5954,6495,15697,3789,4330,4872,16780,16238,3789,4330,4872,18945,18404,17862,17321,6495,5954,4872,4330,20027,19486,18945,14073,13532,12991,12449,11908,9202,8660,8119,7578,7037,6495,5954,5413,20569,14073,13532,12991,12449,11908,10284,9743,9202,8660,8119,7578,6495,5954,21110,13532,12991,12449,11908,11367,10826,10284,9743,9202,8660,8119,7037,21651,21110,19486,18945,16238,15697,14073,13532,12991,12449,11908,11367,10826,10284,9743,9202,8660,8119,21651,21110,20569,19486,18945,18404,17862,17321,16780,16238,14615,14073,13532,12991,12449,11908,11367,10826,10284,9743,9202,18404,17862,17321,16780,16238,15697,15156,14615,14073,13532,12991,12449,11908,11367,10826,10284,18404,17862,17321,16780,16238,15697,15156,14615,14073,13532,12991,12449,11908,11367,18945,18404,17862,17321,16780,16238,15697,15156,14615,14073,13532,12991,12449,11908,19486,18945,18404,17862,17321,16780,16238,15697,15156,14615,14073,13532,19486,18945,18404,17321,16780,16238,15697,15156,14615,14073,20027,19486,18945,17321,16238,15697
41,4330,3248,3789,14073,14615,15156,2706,3248,4872,7578,12991,14073,14615,4872,5413,6495,7037,7578,8660,9743,10284,10826,11367,11908,14073,14615,4330,7578,8119,8660,9202,10826,11367,11908,13532,14073,2165,1624,1083,541,0,541,1083,1624,2165,2706,3248,3789,7578,8119,8660,10826,11367,12991,13532,2706,2165,1624,1083,541,1083,2706,3248,7037,7578,8119,9202,9743,10826,11367,11908,12449,12991,13532,3248,2706,2165,1624,1083,1624,3248,3789,6495,7037,7578,10284,10826,11367,11908,5413,4872,4330,3789,3248,2165,1624,2165,2706,4330,5413,7037,7578,10826,11367,15156,15697,6495,5954,5413,4872,4330,2706,2165,2706,3248,4872,5413,5954,6495,15697,16238,7037,6495,3248,2706,3248,5413,5954,16238,3248,3789,4330,17321,16780,4330,3789,4330,19486,18945,18404,17862,7037,6495,5413,4872,20569,20027,19486,14615,14073,13532,12991,12449,9743,9202,8660,8119,7578,7037,6495,5954,21110,14615,14073,13532,12991,12449,10826,10284,9743,9202,8660,8119,7037,6495,21651,14073,13532,12991,12449,11908,11367,10826,10284,9743,9202,8660,7578,22192,21651,20027,19486,16780,16238,14615,14073,13532,12991,12449,11908,11367,10826,10284,9743,9202,8660,22192,21651,21110,20027,19486,18945,18404,17862,17321,16780,15156,14615,14073,13532,12991,12449,11908,11367,10826,10284,9743,18945,18404,17862,17321,16780,16238,15697,15156,14615,14073,13532,12991,12449,11908,11367,10826,18945,18404,17862,17321,16780,16238,15697,15156,14615,14073,13532,12991,12449,11908,19486,18945,18404,17862,17321,16780,16238,15697,15156,14615,14073,13532,12991,12449,20027,19486,18945,18404,17862,17321,16780,16238,15697,15156,14615,14073,20027,19486,18945,17862,17321,16780,16238,15697,15156,14615,20569,20027,19486,17862,16780,16238
42,3789,2706,3248,13532,14073,14615,2165,2706,4330,7037,12449,13532,14073,4330,4872,5954,6495,7037,8119,9202,9743,10284,10826,11367,13532,14073,3789,7037,7578,8119,8660,10284,10826,11367,12991,13532,2706,2165,1624,1083,541,0,541,1083,1624,2165,2706,3248,7037,7578,8119,10284,10826,12449,12991,3248,2706,2165,1624,1083,541,2165,2706,6495,7037,7578,8660,9202,10284,10826,11367,11908,12449,12991,3789,3248,2706,2165,1624,1083,2706,3248,5954,6495,7037,9743,10284,10826,11367,5954,5413,4872,4330,3789,2706,2165,1624,2165,3789,4872,6495,7037,10284,10826,14615,15156,7037,6495,5954,5413,4872,3248,2706,2165,2706,4330,4872,5413,5954,15156,15697,7578,7037,3789,3248,2706,4872,5413,16780,3789,3248,3789,17862,17321,4872,4330,3789,20027,19486,18945,18404,7578,7037,5954,5413,21110,20569,20027,15156,14615,14073,13532,12991,10284,9743,9202,8660,8119,7578,7037,6495,21651,15156,14615,14073,13532,12991,11367,10826,10284,9743,9202,8660,7578,7037,22192,14615,14073,13532,12991,12449,11908,11367,10826,10284,9743,9202,8119,22734,22192,20569,20027,17321,16780,15156,14615,14073,13532,12991,12449,11908,11367,10826,10284,9743,9202,22734,22192,21651,20569,20027,19486,18945,18404,17862,17321,15697,15156,14615,14073,13532,12991,12449,11908,11367,10826,10284,19486,18945,18404,17862,17321,16780,16238,15697,15156,14615,14073,13532,12991,12449,11908,11367,19486,18945,18404,17862,17321,16780,16238,15697,15156,14615,14073,13532,12991,12449,20027,19486,18945,18404,17862,17321,16780,16238,15697,15156,14615,14073,13532,12991,20569,20027,19486,18945,18404,17862,17321,16780,16238,15697,15156,14615,20569,20027,19486,18404,17862,17321,16780,16238,15697,15156,21110,20569,20027,18404,17321,16780
43,3248,2165,2706,12991,13532,14073,1624,2165,3789,6495,11908,12991,13532,3789,4330,5413,5954,6495,7578,8660,9202,9743,10284,10826,12991,13532,3248,6495,7037,7578,8119,9743,10284,10826,12449,12991,3248,2706,2165,1624,1083,541,0,541,1083,1624,2165,2706,6495,7037,7578,9743,10284,11908,12449,3789,3248,2706,2165,1624,1083,1624,2165,5954,6495,7037,8119,8660,9743,10284,10826,11367,11908,12449,4330,3789,3248,2706,2165,1624,2165,2706,5413,5954,6495,9202,9743,10284,10826,6495,5954,5413,4872,4330,3248,2706,2165,1624,3248,4330,5954,6495,9743,10284,14073,14615,7578,7037,6495,5954,5413,3789,3248,2706,2165,3789,4330,4872,5413,14615,15156,8119,7578,4330,3789,3248,4330,4872,17321,4330,3789,3248,18404,17862,5413,4872,4330,20569,20027,19486,18945,8119,7578,6495,5954,21651,21110,20569,15697,15156,14615,14073,13532,10826,10284,9743,9202,8660,8119,7578,7037,22192,15697,15156,14615,14073,13532,11908,11367,10826,10284,9743,9202,8119,7578,22734,15156,14615,14073,13532,12991,12449,11908,11367,10826,10284,9743,8660,23275,22734,21110,20569,17862,17321,15697,15156,14615,14073,13532,12991,12449,11908,11367,10826,10284,9743,23275,22734,22192,21110,20569,20027,19486,18945,18404,17862,16238,15697,15156,14615,14073,13532,12991,12449,11908,11367,10826,20027,19486,18945,18404,17862,17321,16780,16238,15697,15156,14615,14073,13532,12991,12449,11908,20027,19486,18945,18404,17862,17321,16780,16238,15697,15156,14615,14073,13532,12991,20569,20027,19486,18945,18404,17862,17321,16780,16238,15697,15156,14615,14073,13532,21110,20569,20027,19486,18945,18404,17862,17321,16780,16238,15697,15156,21110,20569,20027,18945,18404,17862,17321,16780,16238,15697,21651,21110,20569,18945,17862,17321
44,2706,2706,2165,12449,12991,13532,2165,1624,3248,5954,11367,12449,12991,3248,3789,4872,5413,5954,7037,8119,8660,9202,9743,10284,12449,12991,2706,5954,6495,7037,7578,9202,9743,10284,11908,12449,3789,3248,2706,2165,1624,1083,541,0,541,1083,1624,2165,5954,6495,7037,9202,9743,11367,11908,4330,3789,3248,2706,2165,1624,1083,1624,5413,5954,6495,7578,8119,9202,9743,10284,10826,11367,11908,4872,4330,3789,3248,2706,2165,1624,2165,4872,5413,5954,8660,9202,9743,10284,7037,6495,5954,5413,4872,3789,3248,2706,2165,2706,3789,5413,5954,9202,9743,13532,14073,8119,7578,7037,6495,5954,4330,3789,3248,2706,3248,3789,4330,4872,14073,14615,8660,8119,4872,4330,3789,3789,4330,17862,4872,4330,3789,18945,18404,5954,5413,4872,21110,20569,20027,19486,8660,8119,7037,6495,22192,21651,21110,16238,15697,15156,14615,14073,11367,10826,10284,9743,9202,8660,8119,7578,22734,16238,15697,15156,14615,14073,12449,11908,11367,10826,10284,9743,8660,8119,23275,15697,15156,14615,14073,13532,12991,12449,11908,11367,10826,10284,9202,23816,23275,21651,21110,18404,17862,16238,15697,15156,14615,14073,13532,12991,12449,11908,11367,10826,10284,23816,23275,22734,21651,21110,20569,20027,19486,18945,18404,16780,16238,15697,15156,14615,14073,13532,12991,12449,11908,11367,20569,20027,19486,18945,18404,17862,17321,16780,16238,15697,15156,14615,14073,13532,12991,12449,20569,20027,19486,18945,18404,17862,17321,16780,16238,15697,15156,14615,14073,13532,21110,20569,20027,19486,18945,18404,17862,17321,16780,16238,15697,15156,14615,14073,21651,21110,20569,20027,19486,18945,18404,17862,17321,16780,16238,15697,21651,21110,20569,19486,18945,18404,17862,17321,16780,16238,22192,21651,21110,19486,18404,17862
45,3248,3248,2706,11908,12449,12991,2706,2165,2706,5413,10826,11908,12449,2706,3248,4330,4872,5413,6495,7578,8119,8660,9202,9743,11908,12449,2165,5413,5954,6495,7037,8660,9202,9743,11367,11908,4330,3789,3248,2706,2165,1624,1083,541,0,541,1083,1624,5413,5954,6495,8660,9202,10826,11367,4872,4330,3789,3248,2706,2165,541,1083,4872,5413,5954,7037,7578,8660,9202,9743,10284,10826,11367,5413,4872,4330,3789,3248,2706,1083,1624,4330,4872,5413,8119,8660,9202,9743,7578,7037,6495,5954,5413,4330,3789,3248,2706,2165,3248,4872,5413,8660,9202,12991,13532,8660,8119,7578,7037,6495,4872,4330,3789,3248,2706,3248,3789,4330,13532,14073,9202,8660,5413,4872,4330,3248,3789,18404,5413,4872,4330,19486,18945,6495,5954,5413,21651,21110,20569,20027,9202,8660,7578,7037,22734,22192,21651,16780,16238,15697,15156,14615,11908,11367,10826,10284,9743,9202,8660,8119,23275,16780,16238,15697,15156,14615,12991,12449,11908,11367,10826,10284,9202,8660,23816,16238,15697,15156,14615,14073,13532,12991,12449,11908,11367,10826,9743,24358,23816,22192,21651,18945,18404,16780,16238,15697,15156,14615,14073,13532,12991,12449,11908,11367,10826,24358,23816,23275,22192,21651,21110,20569,20027,19486,18945,17321,16780,16238,15697,15156,14615,14073,13532,12991,12449,11908,21110,20569,20027,19486,18945,18404,17862,17321,16780,16238,15697,15156,14615,14073,13532,12991,21110,20569,20027,19486,18945,18404,17862,17321,16780,16238,15697,15156,14615,14073,21651,21110,20569,20027,19486,18945,18404,17862,17321,16780,16238,15697,15156,14615,22192,21651,21110,20569,20027,19486,18945,18404,17862,17321,16780,16238,22192,21651,21110,20027,19486,18945,18404,17862,17321,16780,22734,22192,21651,20027,18945,18404
46,3789,3789,3248,11367,11908,12449,3248,2706,2165,4872,10284,11367,11908,2165,2706,3789,4330,4872,5954,7037,7578,8119,8660,9202,11367,11908,1624,4872,5413,5954,6495,8119,8660,9202,10826,11367,4872,4330,3789,3248,2706,2165,1624,1083,541,0,541,1083,4872,5413,5954,8119,8660,10284,10826,5413,4872,4330,3789,3248,2706,1083,541,4330,4872,5413,6495,7037,8119,8660,9202,9743,10284,10826,5954,5413,4872,4330,3789,3248,1624,1083,3789,4330,4872,7578,8119,8660,9202,8119,7578,7037,6495,5954,4872,4330,3789,3248,1624,2706,4330,4872,8119,8660,12449,12991,9202,8660,8119,7578,7037,5413,4872,4330,3789,2165,2706,3248,3789,12991,13532,9743,9202,5954,5413,4872,2706,3248,18945,5954,5413,4872,20027,19486,7037,6495,5954,22192,21651,21110,20569,9743,9202,8119,7578,23275,22734,22192,17321,16780,16238,15697,15156,12449,11908,11367,10826,10284,9743,9202,8660,23816,17321,16780,16238,15697,15156,13532,12991,12449,11908,11367,10826,9743,9202,24358,16780,16238,15697,15156,14615,14073,13532,12991,12449,11908,11367,10284,24899,24358,22734,22192,19486,18945,17321,16780,16238,15697,15156,14615,14073,13532,12991,12449,11908,11367,24899,24358,23816,22734,22192,21651,21110,20569,20027,19486,17862,17321,16780,16238,15697,15156,14615,14073,13532,12991,12449,21651,21110,20569,20027,19486,18945,18404,17862,17321,16780,16238,15697,15156,14615,14073,13532,21651,21110,20569,20027,19486,18945,18404,17862,17321,16780,16238,15697,15156,14615,22192,21651,21110,20569,20027,19486,18945,18404,17862,17321,16780,16238,15697,15156,22734,22192,21651,21110,20569,20027,19486,18945,18404,17862,17321,16780,22734,22192,21651,20569,20027,19486,18945,18404,17862,17321,23275,22734,22192,20569,19486,18945
47,4330,4330,3789,10826,11367,11908,3789,3248,1624,4330,9743,10826,11367,1624,2165,3248,3789,4330,5413,6495,7037,7578,8119,8660,10826,11367,1083,4330,4872,5413,5954,7578,8119,8660,10284,10826,5413,4872,4330,3789,3248,2706,2165,1624,1083,541,0,541,4330,4872,5413,7578,8119,9743,10284,5954,5413,4872,4330,3789,3248,1624,1083,3789,4330,4872,5954,6495,7578,8119,8660,9202,9743,10284,6495,5954,5413,4872,4330,3789,2165,1624,3248,3789,4330,7037,7578,8119,8660,8660,8119,7578,7037,6495,5413,4872,4330,3789,2165,2165,3789,4330,7578,8119,11908,12449,9743,9202,8660,8119,7578,5954,5413,4872,4330,2706,2165,2706,3248,12449,12991,10284,9743,6495,5954,5413,3248,2706,19486,6495,5954,5413,20569,20027,7578,7037,6495,22734,22192,21651,21110,10284,9743,8660,8119,23816,23275,22734,17862,17321,16780,16238,15697,12991,12449,11908,11367,10826,10284,9743,9202,24358,17862,17321,16780,16238,15697,14073,13532,12991,12449,11908,11367,10284,9743,24899,17321,16780,16238,15697,15156,14615,14073,13532,12991,12449,11908,10826,25440,24899,23275,22734,20027,19486,17862,17321,16780,16238,15697,15156,14615,14073,13532,12991,12449,11908,25440,24899,24358,23275,22734,22192,21651,21110,20569,20027,18404,17862,17321,16780,16238,15697,15156,14615,14073,13532,12991,22192,21651,21110,20569,20027,19486,18945,18404,17862,17321,16780,16238,15697,15156,14615,14073,22192,21651,21110,20569,20027,19486,18945,18404,17862,17321,16780,16238,15697,15156,22734,22192,21651,21110,20569,20027,19486,18945,18404,17862,17321,16780,16238,15697,23275,22734,22192,21651,21110,20569,20027,19486,18945,18404,17862,17321,23275,22734,22192,21110,20569,20027,19486,18945,18404,17862,23816,23275,22734,21110,20027,19486
48,4872,4872,4330,10284,10826,11367,4330,3789,2165,3789,9202,10284,10826,1083,1624,2706,3248,3789,4872,5954,6495,7037,7578,8119,10284,10826,541,3789,4330,4872,5413,7037,7578,8119,9743,10284,5954,5413,4872,4330,3789,3248,2706,2165,1624,1083,541,0,3789,4330,4872,7037,7578,9202,9743,6495,5954,5413,4872,4330,3789,2165,1624,3248,3789,4330,5413,5954,7037,7578,8119,8660,9202,9743,7037,6495,5954,5413,4872,4330,2706,2165,2706,3248,3789,6495,7037,7578,8119,9202,8660,8119,7578,7037,5954,5413,4872,4330,2706,1624,3248,3789,7037,7578,11367,11908,10284,9743,9202,8660,8119,6495,5954,5413,4872,3248,2706,2165,2706,11908,12449,10826,10284,7037,6495,5954,3789,3248,20027,7037,6495,5954,21110,20569,8119,7578,7037,23275,22734,22192,21651,10826,10284,9202,8660,24358,23816,23275,18404,17862,17321,16780,16238,13532,12991,12449,11908,11367,10826,10284,9743,24899,18404,17862,17321,16780,16238,14615,14073,13532,12991,12449,11908,10826,10284,25440,17862,17321,16780,16238,15697,15156,14615,14073,13532,12991,12449,11367,25981,25440,23816,23275,20569,20027,18404,17862,17321,16780,16238,15697,15156,14615,14073,13532,12991,12449,25981,25440,24899,23816,23275,22734,22192,21651,21110,20569,18945,18404,17862,17321,16780,16238,15697,15156,14615,14073,13532,22734,22192,21651,21110,20569,20027,19486,18945,18404,17862,17321,16780,16238,15697,15156,14615,22734,22192,21651,21110,20569,20027,19486,18945,18404,17862,17321,16780,16238,15697,23275,22734,22192,21651,21110,20569,20027,19486,18945,18404,17862,17321,16780,16238,23816,23275,22734,22192,21651,21110,20569,20027,19486,18945,18404,17862,23816,23275,22734,21651,21110,20569,20027,19486,18945,18404,24358,23816,23275,21651,20569,20027
49,8660,8660,8119,6495,7037,7578,8119,7578,5954,3248,5413,6495,7037,4872,4330,3248,2706,2165,1083,2165,2706,3248,3789,4330,6495,7037,4330,1083,541,1083,1624,3248,3789,4330,5954,6495,9743,9202,8660,8119,7578,7037,6495,5954,5413,4872,4330,3789,0,541,1083,3248,3789,5413,5954,10284,9743,9202,8660,8119,7578,5954,5413,1624,1083,541,1624,2165,3248,3789,4330,4872,5413,5954,10826,10284,9743,9202,8660,8119,6495,5954,3248,2706,2165,2706,3248,3789,4330,12991,12449,11908,11367,10826,9743,9202,8660,8119,6495,5413,3789,3248,3248,3789,7578,8119,14073,13532,12991,12449,11908,10284,9743,9202,8660,7037,6495,5954,5413,8119,8660,14615,14073,10826,10284,9743,7578,7037,23816,10826,10284,9743,24899,24358,11908,11367,10826,27064,26523,25981,25440,14615,14073,12991,12449,28147,27605,27064,22192,21651,21110,20569,20027,17321,16780,16238,15697,15156,14615,14073,13532,28688,22192,21651,21110,20569,20027,18404,17862,17321,16780,16238,15697,14615,14073,29229,21651,21110,20569,20027,19486,18945,18404,17862,17321,16780,16238,15156,29770,29229,27605,27064,24358,23816,22192,21651,21110,20569,20027,19486,18945,18404,17862,17321,16780,16238,29770,29229,28688,27605,27064,26523,25981,25440,24899,24358,22734,22192,21651,21110,20569,20027,19486,18945,18404,17862,17321,26523,25981,25440,24899,24358,23816,23275,22734,22192,21651,21110,20569,20027,19486,18945,18404,26523,25981,25440,24899,24358,23816,23275,22734,22192,21651,21110,20569,20027,19486,27064,26523,25981,25440,24899,24358,23816,23275,22734,22192,21651,21110,20569,20027,27605,27064,26523,25981,25440,24899,24358,23816,23275,22734,22192,21651,27605,27064,26523,25440,24899,24358,23816,23275,22734,22192,28147,27605,27064,25440,24358,23816
50,9202,9202,8660,5954,6495,7037,8660,8119,6495,3789,4872,5954,6495,5413,4872,3789,3248,2706,1624,1624,2165,2706,3248,3789,5954,6495,4872,1624,1083,541,1083,2706,3248,3789,5413,5954,10284,9743,9202,8660,8119,7578,7037,6495,5954,5413,4872,4330,541,0,541,2706,3248,4872,5413,10826,10284,9743,9202,8660,8119,6495,5954,2165,1624,1083,1083,1624,2706,3248,3789,4330,4872,5413,11367,10826,10284,9743,9202,8660,7037,6495,3789,3248,2706,2165,2706,3248,3789,13532,12991,12449,11908,11367,10284,9743,9202,8660,7037,5954,4330,3789,2706,3248,7037,7578,14615,14073,13532,12991,12449,10826,10284,9743,9202,7578,7037,6495,5954,7578,8119,15156,14615,11367,10826,10284,8119,7578,24358,11367,10826,10284,25440,24899,12449,11908,11367,27605,27064,26523,25981,15156,14615,13532,12991,28688,28147,27605,22734,22192,21651,21110,20569,17862,17321,16780,16238,15697,15156,14615,14073,29229,22734,22192,21651,21110,20569,18945,18404,17862,17321,16780,16238,15156,14615,29770,22192,21651,21110,20569,20027,19486,18945,18404,17862,17321,16780,15697,30312,29770,28147,27605,24899,24358,22734,22192,21651,21110,20569,20027,19486,18945,18404,17862,17321,16780,30312,29770,29229,28147,27605,27064,26523,25981,25440,24899,23275,22734,22192,21651,21110,20569,20027,19486,18945,18404,17862,27064,26523,25981,25440,24899,24358,23816,23275,22734,22192,21651,21110,20569,20027,19486,18945,27064,26523,25981,25440,24899,24358,23816,23275,22734,22192,21651,21110,20569,20027,27605,27064,26523,25981,25440,24899,24358,23816,23275,22734,22192,21651,21110,20569,28147,27605,27064,26523,25981,25440,24899,24358,23816,23275,22734,22192,28147,27605,27064,25981,25440,24899,24358,23816,23275,22734,28688,28147,27605,25981,24899,24358
51,9743,9743,9202,5413,5954,6495,9202,8660,7037,4330,4330,5413,5954,5954,5413,4330,3789,3248,2165,1083,1624,2165,2706,3248,5413,5954,5413,2165,1624,1083,541,2165,2706,3248,4872,5413,10826,10284,9743,9202,8660,8119,7578,7037,6495,5954,5413,4872,1083,541,0,2165,2706,4330,4872,11367,10826,10284,9743,9202,8660,7037,6495,2706,2165,1624,541,1083,2165,2706,3248,3789,4330,4872,11908,11367,10826,10284,9743,9202,7578,7037,4330,3789,3248,1624,2165,2706,3248,14073,13532,12991,12449,11908,10826,10284,9743,9202,7578,6495,4872,4330,2165,2706,6495,7037,15156,14615,14073,13532,12991,11367,10826,10284,9743,8119,7578,7037,6495,7037,7578,15697,15156,11908,11367,10826,8660,8119,24899,11908,11367,10826,25981,25440,12991,12449,11908,28147,27605,27064,26523,15697,15156,14073,13532,29229,28688,28147,23275,22734,22192,21651,21110,18404,17862,17321,16780,16238,15697,15156,14615,29770,23275,22734,22192,21651,21110,19486,18945,18404,17862,17321,16780,15697,15156,30312,22734,22192,21651,21110,20569,20027,19486,18945,18404,17862,17321,16238,30853,30312,28688,28147,25440,24899,23275,22734,22192,21651,21110,20569,20027,19486,18945,18404,17862,17321,30853,30312,29770,28688,28147,27605,27064,26523,25981,25440,23816,23275,22734,22192,21651,21110,20569,20027,19486,18945,18404,27605,27064,26523,25981,25440,24899,24358,23816,23275,22734,22192,21651,21110,20569,20027,19486,27605,27064,26523,25981,25440,24899,24358,23816,23275,22734,22192,21651,21110,20569,28147,27605,27064,26523,25981,25440,24899,24358,23816,23275,22734,22192,21651,21110,28688,28147,27605,27064,26523,25981,25440,24899,24358,23816,23275,22734,28688,28147,27605,26523,25981,25440,24899,24358,23816,23275,29229,28688,28147,26523,25440,24899
52,11908,11908,11367,3248,3789,4330,11367,10826,9202,6495,2165,3248,3789,8119,7578,6495,5954,5413,4330,3248,2706,2165,1624,1083,3248,3789,7578,4330,3789,3248,2706,1083,541,1083,2706,3248,12991,12449,11908,11367,10826,10284,9743,9202,8660,8119,7578,7037,3248,2706,2165,0,541,2165,2706,13532,12991,12449,11908,11367,10826,9202,8660,4872,4330,3789,2706,2165,1083,541,1083,1624,2165,2706,14073,13532,12991,12449,11908,11367,9743,9202,6495,5954,5413,2706,2165,1624,1083,16238,15697,15156,14615,14073,12991,12449,11908,11367,9743,8660,7037,6495,3248,2706,4330,4872,17321,16780,16238,15697,15156,13532,12991,12449,11908,10284,9743,9202,8660,4872,5413,17862,17321,14073,13532,12991,10826,10284,27064,14073,13532,12991,28147,27605,15156,14615,14073,30312,29770,29229,28688,17862,17321,16238,15697,31394,30853,30312,25440,24899,24358,23816,23275,20569,20027,19486,18945,18404,17862,17321,16780,31936,25440,24899,24358,23816,23275,21651,21110,20569,20027,19486,18945,17862,17321,32477,24899,24358,23816,23275,22734,22192,21651,21110,20569,20027,19486,18404,33018,32477,30853,30312,27605,27064,25440,24899,24358,23816,23275,22734,22192,21651,21110,20569,20027,19486,33018,32477,31936,30853,30312,29770,29229,28688,28147,27605,25981,25440,24899,24358,23816,23275,22734,22192,21651,21110,20569,29770,29229,28688,28147,27605,27064,26523,25981,25440,24899,24358,23816,23275,22734,22192,21651,29770,29229,28688,28147,27605,27064,26523,25981,25440,24899,24358,23816,23275,22734,30312,29770,29229,28688,28147,27605,27064,26523,25981,25440,24899,24358,23816,23275,30853,30312,29770,29229,28688,28147,27605,27064,26523,25981,25440,24899,30853,30312,29770,28688,28147,27605,27064,26523,25981,25440,31394,30853,30312,28688,27605,27064
53,12449,12449,11908,2706,3248,3789,11908,11367,9743,7037,1624,2706,3248,8660,8119,7037,6495,5954,4872,3789,3248,2706,2165,1624,2706,3248,8119,4872,4330,3789,3248,1624,1083,541,2165,2706,13532,12991,12449,11908,11367,10826,10284,9743,9202,8660,8119,7578,3789,3248,2706,541,0,1624,2165,14073,13532,12991,12449,11908,11367,9743,9202,5413,4872,4330,3248,2706,1624,1083,541,1083,1624,2165,14615,14073,13532,12991,12449,11908,10284,9743,7037,6495,5954,3248,2706,2165,1624,16780,16238,15697,15156,14615,13532,12991,12449,11908,10284,9202,7578,7037,3789,3248,3789,4330,17862,17321,16780,16238,15697,14073,13532,12991,12449,10826,10284,9743,9202,4330,4872,18404,17862,14615,14073,13532,11367,10826,27605,14615,14073,13532,28688,28147,15697,15156,14615,30853,30312,29770,29229,18404,17862,16780,16238,31936,31394,30853,25981,25440,24899,24358,23816,21110,20569,20027,19486,18945,18404,17862,17321,32477,25981,25440,24899,24358,23816,22192,21651,21110,20569,20027,19486,18404,17862,33018,25440,24899,24358,23816,23275,22734,22192,21651,21110,20569,20027,18945,33559,33018,31394,30853,28147,27605,25981,25440,24899,24358,23816,23275,22734,22192,21651,21110,20569,20027,33559,33018,32477,31394,30853,30312,29770,29229,28688,28147,26523,25981,25440,24899,24358,23816,23275,22734,22192,21651,21110,30312,29770,29229,28688,28147,27605,27064,26523,25981,25440,24899,24358,23816,23275,22734,22192,30312,29770,29229,28688,28147,27605,27064,26523,25981,25440,24899,24358,23816,23275,30853,30312,29770,29229,28688,28147,27605,27064,26523,25981,25440,24899,24358,23816,31394,30853,30312,29770,29229,28688,28147,27605,27064,26523,25981,25440,31394,30853,30312,29229,28688,28147,27605,27064,26523,25981,31936,31394,30853,29229,28147,27605
54,14073,14073,13532,3248,2706,2165,13532,12991,11367,8660,3248,2165,1624,10284,9743,8660,8119,7578,6495,5413,4872,4330,3789,3248,1083,1624,9743,6495,5954,5413,4872,3248,2706,2165,541,1083,15156,14615,14073,13532,12991,12449,11908,11367,10826,10284,9743,9202,5413,4872,4330,2165,1624,0,541,15697,15156,14615,14073,13532,12991,11367,10826,7037,6495,5954,4872,4330,3248,2706,2165,1624,1083,541,16238,15697,15156,14615,14073,13532,11908,11367,8660,8119,7578,4872,4330,3789,3248,18404,17862,17321,16780,16238,15156,14615,14073,13532,11908,10826,9202,8660,5413,4872,2165,2706,19486,18945,18404,17862,17321,15697,15156,14615,14073,12449,11908,11367,10826,2706,3248,20027,19486,16238,15697,15156,12991,12449,29229,16238,15697,15156,30312,29770,17321,16780,16238,32477,31936,31394,30853,20027,19486,18404,17862,33559,33018,32477,27605,27064,26523,25981,25440,22734,22192,21651,21110,20569,20027,19486,18945,34101,27605,27064,26523,25981,25440,23816,23275,22734,22192,21651,21110,20027,19486,34642,27064,26523,25981,25440,24899,24358,23816,23275,22734,22192,21651,20569,35183,34642,33018,32477,29770,29229,27605,27064,26523,25981,25440,24899,24358,23816,23275,22734,22192,21651,35183,34642,34101,33018,32477,31936,31394,30853,30312,29770,28147,27605,27064,26523,25981,25440,24899,24358,23816,23275,22734,31936,31394,30853,30312,29770,29229,28688,28147,27605,27064,26523,25981,25440,24899,24358,23816,31936,31394,30853,30312,29770,29229,28688,28147,27605,27064,26523,25981,25440,24899,32477,31936,31394,30853,30312,29770,29229,28688,28147,27605,27064,26523,25981,25440,33018,32477,31936,31394,30853,30312,29770,29229,28688,28147,27605,27064,33018,32477,31936,30853,30312,29770,29229,28688,28147,27605,33559,33018,32477,30853,29770,29229
55,14615,14615,14073,3789,3248,2706,14073,13532,11908,9202,3789,2706,2165,10826,10284,9202,8660,8119,7037,5954,5413,4872,4330,3789,1624,1083,10284,7037,6495,5954,5413,3789,3248,2706,1083,541,15697,15156,14615,14073,13532,12991,12449,11908,11367,10826,10284,9743,5954,5413,4872,2706,2165,541,0,16238,15697,15156,14615,14073,13532,11908,11367,7578,7037,6495,5413,4872,3789,3248,2706,2165,1624,1083,16780,16238,15697,15156,14615,14073,12449,11908,9202,8660,8119,5413,4872,4330,3789,18945,18404,17862,17321,16780,15697,15156,14615,14073,12449,11367,9743,9202,5954,5413,1624,2165,20027,19486,18945,18404,17862,16238,15697,15156,14615,12991,12449,11908,11367,2165,2706,20569,20027,16780,16238,15697,13532,12991,29770,16780,16238,15697,30853,30312,17862,17321,16780,33018,32477,31936,31394,20569,20027,18945,18404,34101,33559,33018,28147,27605,27064,26523,25981,23275,22734,22192,21651,21110,20569,20027,19486,34642,28147,27605,27064,26523,25981,24358,23816,23275,22734,22192,21651,20569,20027,35183,27605,27064,26523,25981,25440,24899,24358,23816,23275,22734,22192,21110,35724,35183,33559,33018,30312,29770,28147,27605,27064,26523,25981,25440,24899,24358,23816,23275,22734,22192,35724,35183,34642,33559,33018,32477,31936,31394,30853,30312,28688,28147,27605,27064,26523,25981,25440,24899,24358,23816,23275,32477,31936,31394,30853,30312,29770,29229,28688,28147,27605,27064,26523,25981,25440,24899,24358,32477,31936,31394,30853,30312,29770,29229,28688,28147,27605,27064,26523,25981,25440,33018,32477,31936,31394,30853,30312,29770,29229,28688,28147,27605,27064,26523,25981,33559,33018,32477,31936,31394,30853,30312,29770,29229,28688,28147,27605,33559,33018,32477,31394,30853,30312,29770,29229,28688,28147,34101,33559,33018,31394,30312,29770
56,7037,5954,6495,16780,17321,17862,5413,5954,7578,10284,15697,16780,17321,7578,8119,9202,9743,10284,11367,12449,12991,13532,14073,14615,16780,17321,7037,10284,10826,11367,11908,13532,14073,14615,16238,16780,541,1083,1624,2165,2706,3248,3789,4330,4872,5413,5954,6495,10284,10826,11367,13532,14073,15697,16238,0,541,1083,1624,2165,2706,4330,4872,8660,9202,9743,10826,11367,12449,12991,13532,14073,14615,15156,541,1083,1624,2165,2706,3248,4872,5413,8119,8660,9202,11908,12449,12991,13532,2706,2165,1624,1083,1624,2706,3248,3789,4330,5954,7037,8660,9202,12449,12991,16780,17321,3789,3248,2706,2165,1624,3248,3789,4330,4872,6495,7037,7578,8119,17321,17862,4330,3789,3789,4330,4872,7037,7578,13532,4872,5413,5954,14615,14073,4872,5413,5954,16780,16238,15697,15156,4330,3789,4872,5413,17862,17321,16780,11908,11367,10826,10284,9743,7037,6495,5954,5413,4872,4330,4872,5413,18404,11908,11367,10826,10284,9743,8119,7578,7037,6495,5954,5413,5413,5954,18945,11367,10826,10284,9743,9202,8660,8119,7578,7037,6495,5954,5954,19486,18945,17321,16780,14073,13532,11908,11367,10826,10284,9743,9202,8660,8119,7578,7037,6495,5954,19486,18945,18404,17321,16780,16238,15697,15156,14615,14073,12449,11908,11367,10826,10284,9743,9202,8660,8119,7578,7037,16238,15697,15156,14615,14073,13532,12991,12449,11908,11367,10826,10284,9743,9202,8660,8119,16238,15697,15156,14615,14073,13532,12991,12449,11908,11367,10826,10284,9743,9202,16780,16238,15697,15156,14615,14073,13532,12991,12449,11908,11367,10826,10284,9743,17321,16780,16238,15697,15156,14615,14073,13532,12991,12449,11908,11367,17321,16780,16238,15156,14615,14073,13532,12991,12449,11908,17862,17321,16780,15156,14073,13532
57,6495,5413,5954,16238,16780,17321,4872,5413,7037,9743,15156,16238,16780,7037,7578,8660,9202,9743,10826,11908,12449,12991,13532,14073,16238,16780,6495,9743,10284,10826,11367,12991,13532,14073,15697,16238,1083,541,1083,1624,2165,2706,3248,3789,4330,4872,5413,5954,9743,10284,10826,12991,13532,15156,15697,541,0,541,1083,1624,2165,3789,4330,8119,8660,9202,10284,10826,11908,12449,12991,13532,14073,14615,1083,541,1083,1624,2165,2706,4330,4872,7578,8119,8660,11367,11908,12449,12991,3248,2706,2165,1624,1083,2165,2706,3248,3789,5413,6495,8119,8660,11908,12449,16238,16780,4330,3789,3248,2706,2165,2706,3248,3789,4330,5954,6495,7037,7578,16780,17321,4872,4330,3248,3789,4330,6495,7037,14073,4330,4872,5413,15156,14615,4330,4872,5413,17321,16780,16238,15697,4872,4330,4330,4872,18404,17862,17321,12449,11908,11367,10826,10284,7578,7037,6495,5954,5413,4872,4330,4872,18945,12449,11908,11367,10826,10284,8660,8119,7578,7037,6495,5954,4872,5413,19486,11908,11367,10826,10284,9743,9202,8660,8119,7578,7037,6495,5413,20027,19486,17862,17321,14615,14073,12449,11908,11367,10826,10284,9743,9202,8660,8119,7578,7037,6495,20027,19486,18945,17862,17321,16780,16238,15697,15156,14615,12991,12449,11908,11367,10826,10284,9743,9202,8660,8119,7578,16780,16238,15697,15156,14615,14073,13532,12991,12449,11908,11367,10826,10284,9743,9202,8660,16780,16238,15697,15156,14615,14073,13532,12991,12449,11908,11367,10826,10284,9743,17321,16780,16238,15697,15156,14615,14073,13532,12991,12449,11908,11367,10826,10284,17862,17321,16780,16238,15697,15156,14615,14073,13532,12991,12449,11908,17862,17321,16780,15697,15156,14615,14073,13532,12991,12449,18404,17862,17321,15697,14615,14073
58,5954,4872,5413,15697,16238,16780,4330,4872,6495,9202,14615,15697,16238,6495,7037,8119,8660,9202,10284,11367,11908,12449,12991,13532,15697,16238,5954,9202,9743,10284,10826,12449,12991,13532,15156,15697,1624,1083,541,1083,1624,2165,2706,3248,3789,4330,4872,5413,9202,9743,10284,12449,12991,14615,15156,1083,541,0,541,1083,1624,3248,3789,7578,8119,8660,9743,10284,11367,11908,12449,12991,13532,14073,1624,1083,541,1083,1624,2165,3789,4330,7037,7578,8119,10826,11367,11908,12449,3789,3248,2706,2165,1624,1624,2165,2706,3248,4872,5954,7578,8119,11367,11908,15697,16238,4872,4330,3789,3248,2706,2165,2706,3248,3789,5413,5954,6495,7037,16238,16780,5413,4872,2706,3248,3789,5954,6495,14615,3789,4330,4872,15697,15156,3789,4330,4872,17862,17321,16780,16238,5413,4872,3789,4330,18945,18404,17862,12991,12449,11908,11367,10826,8119,7578,7037,6495,5954,5413,4872,4330,19486,12991,12449,11908,11367,10826,9202,8660,8119,7578,7037,6495,5413,4872,20027,12449,11908,11367,10826,10284,9743,9202,8660,8119,7578,7037,5954,20569,20027,18404,17862,15156,14615,12991,12449,11908,11367,10826,10284,9743,9202,8660,8119,7578,7037,20569,20027,19486,18404,17862,17321,16780,16238,15697,15156,13532,12991,12449,11908,11367,10826,10284,9743,9202,8660,8119,17321,16780,16238,15697,15156,14615,14073,13532,12991,12449,11908,11367,10826,10284,9743,9202,17321,16780,16238,15697,15156,14615,14073,13532,12991,12449,11908,11367,10826,10284,17862,17321,16780,16238,15697,15156,14615,14073,13532,12991,12449,11908,11367,10826,18404,17862,17321,16780,16238,15697,15156,14615,14073,13532,12991,12449,18404,17862,17321,16238,15697,15156,14615,14073,13532,12991,18945,18404,17862,16238,15156,14615
59,5413,4330,4872,15156,15697,16238,3789,4330,5954,8660,14073,15156,15697,5954,6495,7578,8119,8660,9743,10826,11367,11908,12449,12991,15156,15697,5413,8660,9202,9743,10284,11908,12449,12991,14615,15156,2165,1624,1083,541,1083,1624,2165,2706,3248,3789,4330,4872,8660,9202,9743,11908,12449,14073,14615,1624,1083,541,0,541,1083,2706,3248,7037,7578,8119,9202,9743,10826,11367,11908,12449,12991,13532,2165,1624,1083,541,1083,1624,3248,3789,6495,7037,7578,10284,10826,11367,11908,4330,3789,3248,2706,2165,1083,1624,2165,2706,4330,5413,7037,7578,10826,11367,15156,15697,5413,4872,4330,3789,3248,1624,2165,2706,3248,4872,5413,5954,6495,15697,16238,5954,5413,2165,2706,3248,5413,5954,15156,3248,3789,4330,16238,15697,3248,3789,4330,18404,17862,17321,16780,5954,5413,4330,3789,19486,18945,18404,13532,12991,12449,11908,11367,8660,8119,7578,7037,6495,5954,5413,4872,20027,13532,12991,12449,11908,11367,9743,9202,8660,8119,7578,7037,5954,5413,20569,12991,12449,11908,11367,10826,10284,9743,9202,8660,8119,7578,6495,21110,20569,18945,18404,15697,15156,13532,12991,12449,11908,11367,10826,10284,9743,9202,8660,8119,7578,21110,20569,20027,18945,18404,17862,17321,16780,16238,15697,14073,13532,12991,12449,11908,11367,10826,10284,9743,9202,8660,17862,17321,16780,16238,15697,15156,14615,14073,13532,12991,12449,11908,11367,10826,10284,9743,17862,17321,16780,16238,15697,15156,14615,14073,13532,12991,12449,11908,11367,10826,18404,17862,17321,16780,16238,15697,15156,14615,14073,13532,12991,12449,11908,11367,18945,18404,17862,17321,16780,16238,15697,15156,14615,14073,13532,12991,18945,18404,17862,16780,16238,15697,15156,14615,14073,13532,19486,18945,18404,16780,15697,15156
60,4872,3789,4330,14615,15156,15697,3248,3789,5413,8119,13532,14615,15156,5413,5954,7037,7578,8119,9202,10284,10826,11367,11908,12449,14615,15156,4872,8119,8660,9202,9743,11367,11908,12449,14073,14615,2706,2165,1624,1083,541,1083,1624,2165,2706,3248,3789,4330,8119,8660,9202,11367,11908,13532,14073,2165,1624,1083,541,0,541,2165,2706,6495,7037,7578,8660,9202,10284,10826,11367,11908,12449,12991,2706,2165,1624,1083,541,1083,2706,3248,5954,6495,7037,9743,10284,10826,11367,4872,4330,3789,3248,2706,1624,1083,1624,2165,3789,4872,6495,7037,10284,10826,14615,15156,5954,5413,4872,4330,3789,2165,1624,2165,2706,4330,4872,5413,5954,15156,15697,6495,5954,2706,2165,2706,4872,5413,15697,2706,3248,3789,16780,16238,3789,3248,3789,18945,18404,17862,17321,6495,5954,4872,4330,20027,19486,18945,14073,13532,12991,12449,11908,9202,8660,8119,7578,7037,6495,5954,5413,20569,14073,13532,12991,12449,11908,10284,9743,9202,8660,8119,7578,6495,5954,21110,13532,12991,12449,11908,11367,10826,10284,9743,9202,8660,8119,7037,21651,21110,19486,18945,16238,15697,14073,13532,12991,12449,11908,11367,10826,10284,9743,9202,8660,8119,21651,21110,20569,19486,18945,18404,17862,17321,16780,16238,14615,14073,13532,12991,12449,11908,11367,10826,10284,9743,9202,18404,17862,17321,16780,16238,15697,15156,14615,14073,13532,12991,12449,11908,11367,10826,10284,18404,17862,17321,16780,16238,15697,15156,14615,14073,13532,12991,12449,11908,11367,18945,18404,17862,17321,16780,16238,15697,15156,14615,14073,13532,12991,12449,11908,19486,18945,18404,17862,17321,16780,16238,15697,15156,14615,14073,13532,19486,18945,18404,17321,16780,16238,15697,15156,14615,14073,20027,19486,18945,17321,16238,15697
61,4330,3248,3789,14073,14615,15156,2706,3248,4872,7578,12991,14073,14615,4872,5413,6495,7037,7578,8660,9743,10284,10826,11367,11908,14073,14615,4330,7578,8119,8660,9202,10826,11367,11908,13532,14073,3248,2706,2165,1624,1083,541,1083,1624,2165,2706,3248,3789,7578,8119,8660,10826,11367,12991,13532,2706,2165,1624,1083,541,0,1624,2165,5954,6495,7037,8119,8660,9743,10284,10826,11367,11908,12449,3248,2706,2165,1624,1083,541,2165,2706,5413,5954,6495,9202,9743,10284,10826,5413,4872,4330,3789,3248,2165,1624,1083,1624,3248,4330,5954,6495,9743,10284,14073,14615,6495,5954,5413,4872,4330,2706,2165,1624,2165,3789,4330,4872,5413,14615,15156,7037,6495,3248,2706,2165,4330,4872,16238,3248,2706,3248,17321,16780,4330,3789,3248,19486,18945,18404,17862,7037,6495,5413,4872,20569,20027,19486,14615,14073,13532,12991,12449,9743,9202,8660,8119,7578,7037,6495,5954,21110,14615,14073,13532,12991,12449,10826,10284,9743,9202,8660,8119,7037,6495,21651,14073,13532,12991,12449,11908,11367,10826,10284,9743,9202,8660,7578,22192,21651,20027,19486,16780,16238,14615,14073,13532,12991,12449,11908,11367,10826,10284,9743,9202,8660,22192,21651,21110,20027,19486,18945,18404,17862,17321,16780,15156,14615,14073,13532,12991,12449,11908,11367,10826,10284,9743,18945,18404,17862,17321,16780,16238,15697,15156,14615,14073,13532,12991,12449,11908,11367,10826,18945,18404,17862,17321,16780,16238,15697,15156,14615,14073,13532,12991,12449,11908,19486,18945,18404,17862,17321,16780,16238,15697,15156,14615,14073,13532,12991,12449,20027,19486,18945,18404,17862,17321,16780,16238,15697,15156,14615,14073,20027,19486,18945,17862,17321,16780,16238,15697,15156,14615,20569,20027,19486,17862,16780,16238
62,3789,3789,3248,12449,12991,13532,3248,2706,3248,5954,11367,12449,12991,3248,3789,4872,5413,5954,7037,8119,8660,9202,9743,10284,12449,12991,2706,5954,6495,7037,7578,9202,9743,10284,11908,12449,4872,4330,3789,3248,2706,2165,1624,1083,541,1083,1624,2165,5954,6495,7037,9202,9743,11367,11908,4330,3789,3248,2706,2165,1624,0,541,4330,4872,5413,6495,7037,8119,8660,9202,9743,10284,10826,4872,4330,3789,3248,2706,2165,541,1083,3789,4330,4872,7578,8119,8660,9202,7037,6495,5954,5413,4872,3789,3248,2706,2165,1624,2706,4330,4872,8119,8660,12449,12991,8119,7578,7037,6495,5954,4330,3789,3248,2706,2165,2706,3248,3789,12991,13532,8660,8119,4872,4330,3789,2706,3248,17862,4872,4330,3789,18945,18404,5954,5413,4872,21110,20569,20027,19486,8660,8119,7037,6495,22192,21651,21110,16238,15697,15156,14615,14073,11367,10826,10284,9743,9202,8660,8119,7578,22734,16238,15697,15156,14615,14073,12449,11908,11367,10826,10284,9743,8660,8119,23275,15697,15156,14615,14073,13532,12991,12449,11908,11367,10826,10284,9202,23816,23275,21651,21110,18404,17862,16238,15697,15156,14615,14073,13532,12991,12449,11908,11367,10826,10284,23816,23275,22734,21651,21110,20569,20027,19486,18945,18404,16780,16238,15697,15156,14615,14073,13532,12991,12449,11908,11367,20569,20027,19486,18945,18404,17862,17321,16780,16238,15697,15156,14615,14073,13532,12991,12449,20569,20027,19486,18945,18404,17862,17321,16780,16238,15697,15156,14615,14073,13532,21110,20569,20027,19486,18945,18404,17862,17321,16780,16238,15697,15156,14615,14073,21651,21110,20569,20027,19486,18945,18404,17862,17321,16780,16238,15697,21651,21110,20569,19486,18945,18404,17862,17321,16780,16238,22192,21651,21110,19486,18404,17862
63,4330,4330,3789,11908,12449,12991,3789,3248,2706,5413,10826,11908,12449,2706,3248,4330,4872,5413,6495,7578,8119,8660,9202,9743,11908,12449,2165,5413,5954,6495,7037,8660,9202,9743,11367,11908,5413,4872,4330,3789,3248,2706,2165,1624,1083,541,1083,1624,5413,5954,6495,8660,9202,10826,11367,4872,4330,3789,3248,2706,2165,541,0,3789,4330,4872,5954,6495,7578,8119,8660,9202,9743,10284,5413,4872,4330,3789,3248,2706,1083,541,3248,3789,4330,7037,7578,8119,8660,7578,7037,6495,5954,5413,4330,3789,3248,2706,1083,2165,3789,4330,7578,8119,11908,12449,8660,8119,7578,7037,6495,4872,4330,3789,3248,1624,2165,2706,3248,12449,12991,9202,8660,5413,4872,4330,2165,2706,18404,5413,4872,4330,19486,18945,6495,5954,5413,21651,21110,20569,20027,9202,8660,7578,7037,22734,22192,21651,16780,16238,15697,15156,14615,11908,11367,10826,10284,9743,9202,8660,8119,23275,16780,16238,15697,15156,14615,12991,12449,11908,11367,10826,10284,9202,8660,23816,16238,15697,15156,14615,14073,13532,12991,12449,11908,11367,10826,9743,24358,23816,22192,21651,18945,18404,16780,16238,15697,15156,14615,14073,13532,12991,12449,11908,11367,10826,24358,23816,23275,22192,21651,21110,20569,20027,19486,18945,17321,16780,16238,15697,15156,14615,14073,13532,12991,12449,11908,21110,20569,20027,19486,18945,18404,17862,17321,16780,16238,15697,15156,14615,14073,13532,12991,21110,20569,20027,19486,18945,18404,17862,17321,16780,16238,15697,15156,14615,14073,21651,21110,20569,20027,19486,18945,18404,17862,17321,16780,16238,15697,15156,14615,22192,21651,21110,20569,20027,19486,18945,18404,17862,17321,16780,16238,22192,21651,21110,20027,19486,18945,18404,17862,17321,16780,22734,22192,21651,20027,18945,18404
64,8119,8119,7578,8119,8660,9202,7578,7037,5413,2706,7037,8119,8660,4330,3789,2706,2165,1624,2706,3789,4330,4872,5413,5954,8119,8660,3789,1624,2165,2706,3248,4872,5413,5954,7578,8119,9202,8660,8119,7578,7037,6495,5954,5413,4872,4330,3789,3248,1624,2165,2706,4872,5413,7037,7578,8660,8119,7578,7037,6495,5954,4330,3789,0,541,1083,2165,2706,3789,4330,4872,5413,5954,6495,9202,8660,8119,7578,7037,6495,4872,4330,1624,1083,541,3248,3789,4330,4872,11367,10826,10284,9743,9202,8119,7578,7037,6495,4872,3789,2165,1624,3789,4330,8119,8660,12449,11908,11367,10826,10284,8660,8119,7578,7037,5413,4872,4330,3789,8660,9202,12991,12449,9202,8660,8119,5954,5413,22192,9202,8660,8119,23275,22734,10284,9743,9202,25440,24899,24358,23816,12991,12449,11367,10826,26523,25981,25440,20569,20027,19486,18945,18404,15697,15156,14615,14073,13532,12991,12449,11908,27064,20569,20027,19486,18945,18404,16780,16238,15697,15156,14615,14073,12991,12449,27605,20027,19486,18945,18404,17862,17321,16780,16238,15697,15156,14615,13532,28147,27605,25981,25440,22734,22192,20569,20027,19486,18945,18404,17862,17321,16780,16238,15697,15156,14615,28147,27605,27064,25981,25440,24899,24358,23816,23275,22734,21110,20569,20027,19486,18945,18404,17862,17321,16780,16238,15697,24899,24358,23816,23275,22734,22192,21651,21110,20569,20027,19486,18945,18404,17862,17321,16780,24899,24358,23816,23275,22734,22192,21651,21110,20569,20027,19486,18945,18404,17862,25440,24899,24358,23816,23275,22734,22192,21651,21110,20569,20027,19486,18945,18404,25981,25440,24899,24358,23816,23275,22734,22192,21651,21110,20569,20027,25981,25440,24899,23816,23275,22734,22192,21651,21110,20569,26523,25981,25440,23816,22734,22192
65,8660,8660,8119,7578,8119,8660,8119,7578,5954,3248,6495,7578,8119,4872,4330,3248,2706,2165,2165,3248,3789,4330,4872,5413,7578,8119,4330,1083,1624,2165,2706,4330,4872,5413,7037,7578,9743,9202,8660,8119,7578,7037,6495,5954,5413,4872,4330,3789,1083,1624,2165,4330,4872,6495,7037,9202,8660,8119,7578,7037,6495,4872,4330,541,0,541,1624,2165,3248,3789,4330,4872,5413,5954,9743,9202,8660,8119,7578,7037,5413,4872,2165,1624,1083,2706,3248,3789,4330,11908,11367,10826,10284,9743,8660,8119,7578,7037,5413,4330,2706,2165,3248,3789,7578,8119,12991,12449,11908,11367,10826,9202,8660,8119,7578,5954,5413,4872,4330,8119,8660,13532,12991,9743,9202,8660,6495,5954,22734,9743,9202,8660,23816,23275,10826,10284,9743,25981,25440,24899,24358,13532,12991,11908,11367,27064,26523,25981,21110,20569,20027,19486,18945,16238,15697,15156,14615,14073,13532,12991,12449,27605,21110,20569,20027,19486,18945,17321,16780,16238,15697,15156,14615,13532,12991,28147,20569,20027,19486,18945,18404,17862,17321,16780,16238,15697,15156,14073,28688,28147,26523,25981,23275,22734,21110,20569,20027,19486,18945,18404,17862,17321,16780,16238,15697,15156,28688,28147,27605,26523,25981,25440,24899,24358,23816,23275,21651,21110,20569,20027,19486,18945,18404,17862,17321,16780,16238,25440,24899,24358,23816,23275,22734,22192,21651,21110,20569,20027,19486,18945,18404,17862,17321,25440,24899,24358,23816,23275,22734,22192,21651,21110,20569,20027,19486,18945,18404,25981,25440,24899,24358,23816,23275,22734,22192,21651,21110,20569,20027,19486,18945,26523,25981,25440,24899,24358,23816,23275,22734,22192,21651,21110,20569,26523,25981,25440,24358,23816,23275,22734,22192,21651,21110,27064,26523,25981,24358,23275,22734
66,9202,9202,8660,7037,7578,8119,8660,8119,6495,3789,5954,7037,7578,5413,4872,3789,3248,2706,1624,2706,3248,3789,4330,4872,7037,7578,4872,1624,1083,1624,2165,3789,4330,4872,6495,7037,10284,9743,9202,8660,8119,7578,7037,6495,5954,5413,4872,4330,541,1083,1624,3789,4330,5954,6495,9743,9202,8660,8119,7578,7037,5413,4872,1083,541,0,1083,1624,2706,3248,3789,4330,4872,5413,10284,9743,9202,8660,8119,7578,5954,5413,2706,2165,1624,2165,2706,3248,3789,12449,11908,11367,10826,10284,9202,8660,8119,7578,5954,4872,3248,2706,2706,3248,7037,7578,13532,12991,12449,11908,11367,9743,9202,8660,8119,6495,5954,5413,4872,7578,8119,14073,13532,10284,9743,9202,7037,6495,23275,10284,9743,9202,24358,23816,11367,10826,10284,26523,25981,25440,24899,14073,13532,12449,11908,27605,27064,26523,21651,21110,20569,20027,19486,16780,16238,15697,15156,14615,14073,13532,12991,28147,21651,21110,20569,20027,19486,17862,17321,16780,16238,15697,15156,14073,13532,28688,21110,20569,20027,19486,18945,18404,17862,17321,16780,16238,15697,14615,29229,28688,27064,26523,23816,23275,21651,21110,20569,20027,19486,18945,18404,17862,17321,16780,16238,15697,29229,28688,28147,27064,26523,25981,25440,24899,24358,23816,22192,21651,21110,20569,20027,19486,18945,18404,17862,17321,16780,25981,25440,24899,24358,23816,23275,22734,22192,21651,21110,20569,20027,19486,18945,18404,17862,25981,25440,24899,24358,23816,23275,22734,22192,21651,21110,20569,20027,19486,18945,26523,25981,25440,24899,24358,23816,23275,22734,22192,21651,21110,20569,20027,19486,27064,26523,25981,25440,24899,24358,23816,23275,22734,22192,21651,21110,27064,26523,25981,24899,24358,23816,23275,22734,22192,21651,27605,27064,26523,24899,23816,23275
67,10284,10284,9743,5954,6495,7037,9743,9202,7578,4872,4872,5954,6495,6495,5954,4872,4330,3789,2706,1624,2165,2706,3248,3789,5954,6495,5954,2706,2165,1624,1083,2706,3248,3789,5413,5954,11367,10826,10284,9743,9202,8660,8119,7578,7037,6495,5954,5413,1624,1083,541,2706,3248,4872,5413,10826,10284,9743,9202,8660,8119,6495,5954,2165,1624,1083,0,541,1624,2165,2706,3248,3789,4330,11367,10826,10284,9743,9202,8660,7037,6495,3789,3248,2706,1083,1624,2165,2706,13532,12991,12449,11908,11367,10284,9743,9202,8660,7037,5954,4330,3789,1624,2165,5954,6495,14615,14073,13532,12991,12449,10826,10284,9743,9202,7578,7037,6495,5954,6495,7037,15156,14615,11367,10826,10284,8119,7578,24358,11367,10826,10284,25440,24899,12449,11908,11367,27605,27064,26523,25981,15156,14615,13532,12991,28688,28147,27605,22734,22192,21651,21110,20569,17862,17321,16780,16238,15697,15156,14615,14073,29229,22734,22192,21651,21110,20569,18945,18404,17862,17321,16780,16238,15156,14615,29770,22192,21651,21110,20569,20027,19486,18945,18404,17862,17321,16780,15697,30312,29770,28147,27605,24899,24358,22734,22192,21651,21110,20569,20027,19486,18945,18404,17862,17321,16780,30312,29770,29229,28147,27605,27064,26523,25981,25440,24899,23275,22734,22192,21651,21110,20569,20027,19486,18945,18404,17862,27064,26523,25981,25440,24899,24358,23816,23275,22734,22192,21651,21110,20569,20027,19486,18945,27064,26523,25981,25440,24899,24358,23816,23275,22734,22192,21651,21110,20569,20027,27605,27064,26523,25981,25440,24899,24358,23816,23275,22734,22192,21651,21110,20569,28147,27605,27064,26523,25981,25440,24899,24358,23816,23275,22734,22192,28147,27605,27064,25981,25440,24899,24358,23816,23275,22734,28688,28147,27605,25981,24899,24358
68,10826,10826,10284,5413,5954,6495,10284,9743,8119,5413,4330,5413,5954,7037,6495,5413,4872,4330,3248,2165,1624,2165,2706,3248,5413,5954,6495,3248,2706,2165,1624,2165,2706,3248,4872,5413,11908,11367,10826,10284,9743,9202,8660,8119,7578,7037,6495,5954,2165,1624,1083,2165,2706,4330,4872,11367,10826,10284,9743,9202,8660,7037,6495,2706,2165,1624,541,0,1083,1624,2165,2706,3248,3789,11908,11367,10826,10284,9743,9202,7578,7037,4330,3789,3248,541,1083,1624,2165,14073,13532,12991,12449,11908,10826,10284,9743,9202,7578,6495,4872,4330,1083,1624,5413,5954,15156,14615,14073,13532,12991,11367,10826,10284,9743,8119,7578,7037,6495,5954,6495,15697,15156,11908,11367,10826,8660,8119,24899,11908,11367,10826,25981,25440,12991,12449,11908,28147,27605,27064,26523,15697,15156,14073,13532,29229,28688,28147,23275,22734,22192,21651,21110,18404,17862,17321,16780,16238,15697,15156,14615,29770,23275,22734,22192,21651,21110,19486,18945,18404,17862,17321,16780,15697,15156,30312,22734,22192,21651,21110,20569,20027,19486,18945,18404,17862,17321,16238,30853,30312,28688,28147,25440,24899,23275,22734,22192,21651,21110,20569,20027,19486,18945,18404,17862,17321,30853,30312,29770,28688,28147,27605,27064,26523,25981,25440,23816,23275,22734,22192,21651,21110,20569,20027,19486,18945,18404,27605,27064,26523,25981,25440,24899,24358,23816,23275,22734,22192,21651,21110,20569,20027,19486,27605,27064,26523,25981,25440,24899,24358,23816,23275,22734,22192,21651,21110,20569,28147,27605,27064,26523,25981,25440,24899,24358,23816,23275,22734,22192,21651,21110,28688,28147,27605,27064,26523,25981,25440,24899,24358,23816,23275,22734,28688,28147,27605,26523,25981,25440,24899,24358,23816,23275,29229,28688,28147,26523,25440,24899
69,11908,11908,11367,4330,4872,5413,11367,10826,9202,6495,3248,4330,4872,8119,7578,6495,5954,5413,4330,3248,2706,2165,1624,2165,4330,4872,7578,4330,3789,3248,2706,1083,1624,2165,3789,4330,12991,12449,11908,11367,10826,10284,9743,9202,8660,8119,7578,7037,3248,2706,2165,1083,1624,3248,3789,12449,11908,11367,10826,10284,9743,8119,7578,3789,3248,2706,1624,1083,0,541,1083,1624,2165,2706,12991,12449,11908,11367,10826,10284,8660,8119,5413,4872,4330,1624,1083,541,1083,15156,14615,14073,13532,12991,11908,11367,10826,10284,8660,7578,5954,5413,2165,1624,4330,4872,16238,15697,15156,14615,14073,12449,11908,11367,10826,9202,8660,8119,7578,4872,5413,16780,16238,12991,12449,11908,9743,9202,25981,12991,12449,11908,27064,26523,14073,13532,12991,29229,28688,28147,27605,16780,16238,15156,14615,30312,29770,29229,24358,23816,23275,22734,22192,19486,18945,18404,17862,17321,16780,16238,15697,30853,24358,23816,23275,22734,22192,20569,20027,19486,18945,18404,17862,16780,16238,31394,23816,23275,22734,22192,21651,21110,20569,20027,19486,18945,18404,17321,31936,31394,29770,29229,26523,25981,24358,23816,23275,22734,22192,21651,21110,20569,20027,19486,18945,18404,31936,31394,30853,29770,29229,28688,28147,27605,27064,26523,24899,24358,23816,23275,22734,22192,21651,21110,20569,20027,19486,28688,28147,27605,27064,26523,25981,25440,24899,24358,23816,23275,22734,22192,21651,21110,20569,28688,28147,27605,27064,26523,25981,25440,24899,24358,23816,23275,22734,22192,21651,29229,28688,28147,27605,27064,26523,25981,25440,24899,24358,23816,23275,22734,22192,29770,29229,28688,28147,27605,27064,26523,25981,25440,24899,24358,23816,29770,29229,28688,27605,27064,26523,25981,25440,24899,24358,30312,29770,29229,27605,26523,25981
70,12449,12449,11908,3789,4330,4872,11908,11367,9743,7037,2706,3789,4330,8660,8119,7037,6495,5954,4872,3789,3248,2706,2165,1624,3789,4330,8119,4872,4330,3789,3248,1624,1083,1624,3248,3789,13532,12991,12449,11908,11367,10826,10284,9743,9202,8660,8119,7578,3789,3248,2706,541,1083,2706,3248,12991,12449,11908,11367,10826,10284,8660,8119,4330,3789,3248,2165,1624,541,0,541,1083,1624,2165,13532,12991,12449,11908,11367,10826,9202,8660,5954,5413,4872,2165,1624,1083,541,15697,15156,14615,14073,13532,12449,11908,11367,10826,9202,8119,6495,5954,2706,2165,3789,4330,16780,16238,15697,15156,14615,12991,12449,11908,11367,9743,9202,8660,8119,4330,4872,17321,16780,13532,12991,12449,10284,9743,26523,13532,12991,12449,27605,27064,14615,14073,13532,29770,29229,28688,28147,17321,16780,15697,15156,30853,30312,29770,24899,24358,23816,23275,22734,20027,19486,18945,18404,17862,17321,16780,16238,31394,24899,24358,23816,23275,22734,21110,20569,20027,19486,18945,18404,17321,16780,31936,24358,23816,23275,22734,22192,21651,21110,20569,20027,19486,18945,17862,32477,31936,30312,29770,27064,26523,24899,24358,23816,23275,22734,22192,21651,21110,20569,20027,19486,18945,32477,31936,31394,30312,29770,29229,28688,28147,27605,27064,25440,24899,24358,23816,23275,22734,22192,21651,21110,20569,20027,29229,28688,28147,27605,27064,26523,25981,25440,24899,24358,23816,23275,22734,22192,21651,21110,29229,28688,28147,27605,27064,26523,25981,25440,24899,24358,23816,23275,22734,22192,29770,29229,28688,28147,27605,27064,26523,25981,25440,24899,24358,23816,23275,22734,30312,29770,29229,28688,28147,27605,27064,26523,25981,25440,24899,24358,30312,29770,29229,28147,27605,27064,26523,25981,25440,24899,30853,30312,29770,28147,27064,26523
71,12991,12991,12449,3248,3789,4330,12449,11908,10284,7578,2165,3248,3789,9202,8660,7578,7037,6495,5413,4330,3789,3248,2706,2165,3248,3789,8660,5413,4872,4330,3789,2165,1624,1083,2706,3248,14073,13532,12991,12449,11908,11367,10826,10284,9743,9202,8660,8119,4330,3789,3248,1083,541,2165,2706,13532,12991,12449,11908,11367,10826,9202,8660,4872,4330,3789,2706,2165,1083,541,0,541,1083,1624,14073,13532,12991,12449,11908,11367,9743,9202,6495,5954,5413,2706,2165,1624,1083,16238,15697,15156,14615,14073,12991,12449,11908,11367,9743,8660,7037,6495,3248,2706,3248,3789,17321,16780,16238,15697,15156,13532,12991,12449,11908,10284,9743,9202,8660,3789,4330,17862,17321,14073,13532,12991,10826,10284,27064,14073,13532,12991,28147,27605,15156,14615,14073,30312,29770,29229,28688,17862,17321,16238,15697,31394,30853,30312,25440,24899,24358,23816,23275,20569,20027,19486,18945,18404,17862,17321,16780,31936,25440,24899,24358,23816,23275,21651,21110,20569,20027,19486,18945,17862,17321,32477,24899,24358,23816,23275,22734,22192,21651,21110,20569,20027,19486,18404,33018,32477,30853,30312,27605,27064,25440,24899,24358,23816,23275,22734,22192,21651,21110,20569,20027,19486,33018,32477,31936,30853,30312,29770,29229,28688,28147,27605,25981,25440,24899,24358,23816,23275,22734,22192,21651,21110,20569,29770,29229,28688,28147,27605,27064,26523,25981,25440,24899,24358,23816,23275,22734,22192,21651,29770,29229,28688,28147,27605,27064,26523,25981,25440,24899,24358,23816,23275,22734,30312,29770,29229,28688,28147,27605,27064,26523,25981,25440,24899,24358,23816,23275,30853,30312,29770,29229,28688,28147,27605,27064,26523,25981,25440,24899,30853,30312,29770,28688,28147,27605,27064,26523,25981,25440,31394,30853,30312,28688,27605,27064
72,13532,13532,12991,2706,3248,3789,12991,12449,10826,8119,2706,2706,3248,9743,9202,8119,7578,7037,5954,4872,4330,3789,3248,2706,2706,3248,9202,5954,5413,4872,4330,2706,2165,1624,2165,2706,14615,14073,13532,12991,12449,11908,11367,10826,10284,9743,9202,8660,4872,4330,3789,1624,1083,1624,2165,14073,13532,12991,12449,11908,11367,9743,9202,5413,4872,4330,3248,2706,1624,1083,541,0,541,1083,14615,14073,13532,12991,12449,11908,10284,9743,7037,6495,5954,3248,2706,2165,1624,16780,16238,15697,15156,14615,13532,12991,12449,11908,10284,9202,7578,7037,3789,3248,2706,3248,17862,17321,16780,16238,15697,14073,13532,12991,12449,10826,10284,9743,9202,3248,3789,18404,17862,14615,14073,13532,11367,10826,27605,14615,14073,13532,28688,28147,15697,15156,14615,30853,30312,29770,29229,18404,17862,16780,16238,31936,31394,30853,25981,25440,24899,24358,23816,21110,20569,20027,19486,18945,18404,17862,17321,32477,25981,25440,24899,24358,23816,22192,21651,21110,20569,20027,19486,18404,17862,33018,25440,24899,24358,23816,23275,22734,22192,21651,21110,20569,20027,18945,33559,33018,31394,30853,28147,27605,25981,25440,24899,24358,23816,23275,22734,22192,21651,21110,20569,20027,33559,33018,32477,31394,30853,30312,29770,29229,28688,28147,26523,25981,25440,24899,24358,23816,23275,22734,22192,21651,21110,30312,29770,29229,28688,28147,27605,27064,26523,25981,25440,24899,24358,23816,23275,22734,22192,30312,29770,29229,28688,28147,27605,27064,26523,25981,25440,24899,24358,23816,23275,30853,30312,29770,29229,28688,28147,27605,27064,26523,25981,25440,24899,24358,23816,31394,30853,30312,29770,29229,28688,28147,27605,27064,26523,25981,25440,31394,30853,30312,29229,28688,28147,27605,27064,26523,25981,31936,31394,30853,29229,28147,27605
73,14073,14073,13532,3248,2706,3248,13532,12991,11367,8660,3248,2165,2706,10284,9743,8660,8119,7578,6495,5413,4872,4330,3789,3248,2165,2706,9743,6495,5954,5413,4872,3248,2706,2165,1624,2165,15156,14615,14073,13532,12991,12449,11908,11367,10826,10284,9743,9202,5413,4872,4330,2165,1624,1083,1624,14615,14073,13532,12991,12449,11908,10284,9743,5954,5413,4872,3789,3248,2165,1624,1083,541,0,541,15156,14615,14073,13532,12991,12449,10826,10284,7578,7037,6495,3789,3248,2706,2165,17321,16780,16238,15697,15156,14073,13532,12991,12449,10826,9743,8119,7578,4330,3789,2165,2706,18404,17862,17321,16780,16238,14615,14073,13532,12991,11367,10826,10284,9743,2706,3248,18945,18404,15156,14615,14073,11908,11367,28147,15156,14615,14073,29229,28688,16238,15697,15156,31394,30853,30312,29770,18945,18404,17321,16780,32477,31936,31394,26523,25981,25440,24899,24358,21651,21110,20569,20027,19486,18945,18404,17862,33018,26523,25981,25440,24899,24358,22734,22192,21651,21110,20569,20027,18945,18404,33559,25981,25440,24899,24358,23816,23275,22734,22192,21651,21110,20569,19486,34101,33559,31936,31394,28688,28147,26523,25981,25440,24899,24358,23816,23275,22734,22192,21651,21110,20569,34101,33559,33018,31936,31394,30853,30312,29770,29229,28688,27064,26523,25981,25440,24899,24358,23816,23275,22734,22192,21651,30853,30312,29770,29229,28688,28147,27605,27064,26523,25981,25440,24899,24358,23816,23275,22734,30853,30312,29770,29229,28688,28147,27605,27064,26523,25981,25440,24899,24358,23816,31394,30853,30312,29770,29229,28688,28147,27605,27064,26523,25981,25440,24899,24358,31936,31394,30853,30312,29770,29229,28688,28147,27605,27064,26523,25981,31936,31394,30853,29770,29229,28688,28147,27605,27064,26523,32477,31936,31394,29770,28688,28147
74,14615,14615,14073,3789,3248,2706,14073,13532,11908,9202,3789,2706,2165,10826,10284,9202,8660,8119,7037,5954,5413,4872,4330,3789,1624,2165,10284,7037,6495,5954,5413,3789,3248,2706,1083,1624,15697,15156,14615,14073,13532,12991,12449,11908,11367,10826,10284,9743,5954,5413,4872,2706,2165,541,1083,15156,14615,14073,13532,12991,12449,10826,10284,6495,5954,5413,4330,3789,2706,2165,1624,1083,541,0,15697,15156,14615,14073,13532,12991,11367,10826,8119,7578,7037,4330,3789,3248,2706,17862,17321,16780,16238,15697,14615,14073,13532,12991,11367,10284,8660,8119,4872,4330,1624,2165,18945,18404,17862,17321,16780,15156,14615,14073,13532,11908,11367,10826,10284,2165,2706,19486,18945,15697,15156,14615,12449,11908,28688,15697,15156,14615,29770,29229,16780,16238,15697,31936,31394,30853,30312,19486,18945,17862,17321,33018,32477,31936,27064,26523,25981,25440,24899,22192,21651,21110,20569,20027,19486,18945,18404,33559,27064,26523,25981,25440,24899,23275,22734,22192,21651,21110,20569,19486,18945,34101,26523,25981,25440,24899,24358,23816,23275,22734,22192,21651,21110,20027,34642,34101,32477,31936,29229,28688,27064,26523,25981,25440,24899,24358,23816,23275,22734,22192,21651,21110,34642,34101,33559,32477,31936,31394,30853,30312,29770,29229,27605,27064,26523,25981,25440,24899,24358,23816,23275,22734,22192,31394,30853,30312,29770,29229,28688,28147,27605,27064,26523,25981,25440,24899,24358,23816,23275,31394,30853,30312,29770,29229,28688,28147,27605,27064,26523,25981,25440,24899,24358,31936,31394,30853,30312,29770,29229,28688,28147,27605,27064,26523,25981,25440,24899,32477,31936,31394,30853,30312,29770,29229,28688,28147,27605,27064,26523,32477,31936,31394,30312,29770,29229,28688,28147,27605,27064,33018,32477,31936,30312,29229,28688
75,7578,6495,7037,17321,17862,18404,5954,6495,8119,10826,16238,17321,17862,8119,8660,9743,10284,10826,11908,12991,13532,14073,14615,15156,17321,17862,7578,10826,11367,11908,12449,14073,14615,15156,16780,17321,1083,1624,2165,2706,3248,3789,4330,4872,5413,5954,6495,7037,10826,11367,11908,14073,14615,16238,16780,541,1083,1624,2165,2706,3248,4872,5413,9202,9743,10284,11367,11908,12991,13532,14073,14615,15156,15697,0,541,1083,1624,2165,2706,4330,4872,7578,8119,8660,11367,11908,12449,12991,2165,1624,1083,541,1083,2165,2706,3248,3789,5413,6495,8119,8660,11908,12449,16238,16780,3248,2706,2165,1624,1083,2706,3248,3789,4330,5954,6495,7037,7578,16780,17321,3789,3248,3248,3789,4330,6495,7037,12991,4330,4872,5413,14073,13532,4330,4872,5413,16238,15697,15156,14615,3789,3248,4330,4872,17321,16780,16238,11367,10826,10284,9743,9202,6495,5954,5413,4872,4330,3789,4330,4872,17862,11367,10826,10284,9743,9202,7578,7037,6495,5954,5413,4872,4872,5413,18404,10826,10284,9743,9202,8660,8119,7578,7037,6495,5954,5413,5413,18945,18404,16780,16238,13532,12991,11367,10826,10284,9743,9202,8660,8119,7578,7037,6495,5954,5413,18945,18404,17862,16780,16238,15697,15156,14615,14073,13532,11908,11367,10826,10284,9743,9202,8660,8119,7578,7037,6495,15697,15156,14615,14073,13532,12991,12449,11908,11367,10826,10284,9743,9202,8660,8119,7578,15697,15156,14615,14073,13532,12991,12449,11908,11367,10826,10284,9743,9202,8660,16238,15697,15156,14615,14073,13532,12991,12449,11908,11367,10826,10284,9743,9202,16780,16238,15697,15156,14615,14073,13532,12991,12449,11908,11367,10826,16780,16238,15697,14615,14073,13532,12991,12449,11908,11367,17321,16780,16238,14615,13532,12991
76,7037,5954,6495,16780,17321,17862,5413,5954,7578,10284,15697,16780,17321,7578,8119,9202,9743,10284,11367,12449,12991,13532,14073,14615,16780,17321,7037,10284,10826,11367,11908,13532,14073,14615,16238,16780,1624,1083,1624,2165,2706,3248,3789,4330,4872,5413,5954,6495,10284,10826,11367,13532,14073,15697,16238,1083,541,1083,1624,2165,2706,4330,4872,8660,9202,9743,10826,11367,12449,12991,13532,14073,14615,15156,541,0,541,1083,1624,2165,3789,4330,7037,7578,8119,10826,11367,11908,12449,2706,2165,1624,1083,541,1624,2165,2706,3248,4872,5954,7578,8119,11367,11908,15697,16238,3789,3248,2706,2165,1624,2165,2706,3248,3789,5413,5954,6495,7037,16238,16780,4330,3789,2706,3248,3789,5954,6495,13532,3789,4330,4872,14615,14073,3789,4330,4872,16780,16238,15697,15156,4330,3789,3789,4330,17862,17321,16780,11908,11367,10826,10284,9743,7037,6495,5954,5413,4872,4330,3789,4330,18404,11908,11367,10826,10284,9743,8119,7578,7037,6495,5954,5413,4330,4872,18945,11367,10826,10284,9743,9202,8660,8119,7578,7037,6495,5954,4872,19486,18945,17321,16780,14073,13532,11908,11367,10826,10284,9743,9202,8660,8119,7578,7037,6495,5954,19486,18945,18404,17321,16780,16238,15697,15156,14615,14073,12449,11908,11367,10826,10284,9743,9202,8660,8119,7578,7037,16238,15697,15156,14615,14073,13532,12991,12449,11908,11367,10826,10284,9743,9202,8660,8119,16238,15697,15156,14615,14073,13532,12991,12449,11908,11367,10826,10284,9743,9202,16780,16238,15697,15156,14615,14073,13532,12991,12449,11908,11367,10826,10284,9743,17321,16780,16238,15697,15156,14615,14073,13532,12991,12449,11908,11367,17321,16780,16238,15156,14615,14073,13532,12991,12449,11908,17862,17321,16780,15156,14073,13532
77,6495,5413,5954,16238,16780,17321,4872,5413,7037,9743,15156,16238,16780,7037,7578,8660,9202,9743,10826,11908,12449,12991,13532,14073,16238,16780,6495,9743,10284,10826,11367,12991,13532,14073,15697,16238,2165,1624,1083,1624,2165,2706,3248,3789,4330,4872,5413,5954,9743,10284,10826,12991,13532,15156,15697,1624,1083,541,1083,1624,2165,3789,4330,8119,8660,9202,10284,10826,11908,12449,12991,13532,14073,14615,1083,541,0,541,1083,1624,3248,3789,6495,7037,7578,10284,10826,11367,11908,3248,2706,2165,1624,1083,1083,1624,2165,2706,4330,5413,7037,7578,10826,11367,15156,15697,4330,3789,3248,2706,2165,1624,2165,2706,3248,4872,5413,5954,6495,15697,16238,4872,4330,2165,2706,3248,5413,5954,14073,3248,3789,4330,15156,14615,3248,3789,4330,17321,16780,16238,15697,4872,4330,3248,3789,18404,17862,17321,12449,11908,11367,10826,10284,7578,7037,6495,5954,5413,4872,4330,3789,18945,12449,11908,11367,10826,10284,8660,8119,7578,7037,6495,5954,4872,4330,19486,11908,11367,10826,10284,9743,9202,8660,8119,7578,7037,6495,5413,20027,19486,17862,17321,14615,14073,12449,11908,11367,10826,10284,9743,9202,8660,8119,7578,7037,6495,20027,19486,18945,17862,17321,16780,16238,15697,15156,14615,12991,12449,11908,11367,10826,10284,9743,9202,8660,8119,7578,16780,16238,15697,15156,14615,14073,13532,12991,12449,11908,11367,10826,10284,9743,9202,8660,16780,16238,15697,15156,14615,14073,13532,12991,12449,11908,11367,10826,10284,9743,17321,16780,16238,15697,15156,14615,14073,13532,12991,12449,11908,11367,10826,10284,17862,17321,16780,16238,15697,15156,14615,14073,13532,12991,12449,11908,17862,17321,16780,15697,15156,14615,14073,13532,12991,12449,18404,17862,17321,15697,14615,14073
78,5954,4872,5413,15697,16238,16780,4330,4872,6495,9202,14615,15697,16238,6495,7037,8119,8660,9202,10284,11367,11908,12449,12991,13532,15697,16238,5954,9202,9743,10284,10826,12449,12991,13532,15156,15697,2706,2165,1624,1083,1624,2165,2706,3248,3789,4330,4872,5413,9202,9743,10284,12449,12991,14615,15156,2165,1624,1083,541,1083,1624,3248,3789,7578,8119,8660,9743,10284,11367,11908,12449,12991,13532,14073,1624,1083,541,0,541,1083,2706,3248,5954,6495,7037,9743,10284,10826,11367,3789,3248,2706,2165,1624,541,1083,1624,2165,3789,4872,6495,7037,10284,10826,14615,15156,4872,4330,3789,3248,2706,1083,1624,2165,2706,4330,4872,5413,5954,15156,15697,5413,4872,1624,2165,2706,4872,5413,14615,2706,3248,3789,15697,15156,2706,3248,3789,17862,17321,16780,16238,5413,4872,3789,3248,18945,18404,17862,12991,12449,11908,11367,10826,8119,7578,7037,6495,5954,5413,4872,4330,19486,12991,12449,11908,11367,10826,9202,8660,8119,7578,7037,6495,5413,4872,20027,12449,11908,11367,10826,10284,9743,9202,8660,8119,7578,7037,5954,20569,20027,18404,17862,15156,14615,12991,12449,11908,11367,10826,10284,9743,9202,8660,8119,7578,7037,20569,20027,19486,18404,17862,17321,16780,16238,15697,15156,13532,12991,12449,11908,11367,10826,10284,9743,9202,8660,8119,17321,16780,16238,15697,15156,14615,14073,13532,12991,12449,11908,11367,10826,10284,9743,9202,17321,16780,16238,15697,15156,14615,14073,13532,12991,12449,11908,11367,10826,10284,17862,17321,16780,16238,15697,15156,14615,14073,13532,12991,12449,11908,11367,10826,18404,17862,17321,16780,16238,15697,15156,14615,14073,13532,12991,12449,18404,17862,17321,16238,15697,15156,14615,14073,13532,12991,18945,18404,17862,16238,15156,14615
79,5413,4330,4872,15156,15697,16238,3789,4330,5954,8660,14073,15156,15697,5954,6495,7578,8119,8660,9743,10826,11367,11908,12449,12991,15156,15697,5413,8660,9202,9743,10284,11908,12449,12991,14615,15156,3248,2706,2165,1624,1083,1624,2165,2706,3248,3789,4330,4872,8660,9202,9743,11908,12449,14073,14615,2706,2165,1624,1083,541,1083,2706,3248,7037,7578,8119,9202,9743,10826,11367,11908,12449,12991,13532,2165,1624,1083,541,0,541,2165,2706,5413,5954,6495,9202,9743,10284,10826,4330,3789,3248,2706,2165,1083,541,1083,1624,3248,4330,5954,6495,9743,10284,14073,14615,5413,4872,4330,3789,3248,1624,1083,1624,2165,3789,4330,4872,5413,14615,15156,5954,5413,2165,1624,2165,4330,4872,15156,2165,2706,3248,16238,15697,3248,2706,3248,18404,17862,17321,16780,5954,5413,4330,3789,19486,18945,18404,13532,12991,12449,11908,11367,8660,8119,7578,7037,6495,5954,5413,4872,20027,13532,12991,12449,11908,11367,9743,9202,8660,8119,7578,7037,5954,5413,20569,12991,12449,11908,11367,10826,10284,9743,9202,8660,8119,7578,6495,21110,20569,18945,18404,15697,15156,13532,12991,12449,11908,11367,10826,10284,9743,9202,8660,8119,7578,21110,20569,20027,18945,18404,17862,17321,16780,16238,15697,14073,13532,12991,12449,11908,11367,10826,10284,9743,9202,8660,17862,17321,16780,16238,15697,15156,14615,14073,13532,12991,12449,11908,11367,10826,10284,9743,17862,17321,16780,16238,15697,15156,14615,14073,13532,12991,12449,11908,11367,10826,18404,17862,17321,16780,16238,15697,15156,14615,14073,13532,12991,12449,11908,11367,18945,18404,17862,17321,16780,16238,15697,15156,14615,14073,13532,12991,18945,18404,17862,16780,16238,15697,15156,14615,14073,13532,19486,18945,18404,16780,15697,15156
80,4872,3789,4330,14615,15156,15697,3248,3789,5413,8119,13532,14615,15156,5413,5954,7037,7578,8119,9202,10284,10826,11367,11908,12449,14615,15156,4872,8119,8660,9202,9743,11367,11908,12449,14073,14615,3789,3248,2706,2165,1624,1083,1624,2165,2706,3248,3789,4330,8119,8660,9202,11367,11908,13532,14073,3248,2706,2165,1624,1083,541,2165,2706,6495,7037,7578,8660,9202,10284,10826,11367,11908,12449,12991,2706,2165,1624,1083,541,0,1624,2165,4872,5413,5954,8660,9202,9743,10284,4872,4330,3789,3248,2706,1624,1083,541,1083,2706,3789,5413,5954,9202,9743,13532,14073,5954,5413,4872,4330,3789,2165,1624,1083,1624,3248,3789,4330,4872,14073,14615,6495,5954,2706,2165,1624,3789,4330,15697,2706,2165,2706,16780,16238,3789,3248,2706,18945,18404,17862,17321,6495,5954,4872,4330,20027,19486,18945,14073,13532,12991,12449,11908,9202,8660,8119,7578,7037,6495,5954,5413,20569,14073,13532,12991,12449,11908,10284,9743,9202,8660,8119,7578,6495,5954,21110,13532,12991,12449,11908,11367,10826,10284,9743,9202,8660,8119,7037,21651,21110,19486,18945,16238,15697,14073,13532,12991,12449,11908,11367,10826,10284,9743,9202,8660,8119,21651,21110,20569,19486,18945,18404,17862,17321,16780,16238,14615,14073,13532,12991,12449,11908,11367,10826,10284,9743,9202,18404,17862,17321,16780,16238,15697,15156,14615,14073,13532,12991,12449,11908,11367,10826,10284,18404,17862,17321,16780,16238,15697,15156,14615,14073,13532,12991,12449,11908,11367,18945,18404,17862,17321,16780,16238,15697,15156,14615,14073,13532,12991,12449,11908,19486,18945,18404,17862,17321,16780,16238,15697,15156,14615,14073,13532,19486,18945,18404,17321,16780,16238,15697,15156,14615,14073,20027,19486,18945,17321,16238,15697
81,4330,4330,3789,12991,13532,14073,3789,3248,3789,6495,11908,12991,13532,3789,4330,5413,5954,6495,7578,8660,9202,9743,10284,10826,12991,13532,3248,6495,7037,7578,8119,9743,10284,10826,12449,12991,5413,4872,4330,3789,3248,2706,2165,1624,1083,1624,2165,2706,6495,7037,7578,9743,10284,11908,12449,4872,4330,3789,3248,2706,2165,541,1083,4872,5413,5954,7037,7578,8660,9202,9743,10284,10826,11367,4330,3789,3248,2706,2165,1624,0,541,3248,3789,4330,7037,7578,8119,8660,6495,5954,5413,4872,4330,3248,2706,2165,1624,1083,2165,3789,4330,7578,8119,11908,12449,7578,7037,6495,5954,5413,3789,3248,2706,2165,1624,2165,2706,3248,12449,12991,8119,7578,4330,3789,3248,2165,2706,17321,4330,3789,3248,18404,17862,5413,4872,4330,20569,20027,19486,18945,8119,7578,6495,5954,21651,21110,20569,15697,15156,14615,14073,13532,10826,10284,9743,9202,8660,8119,7578,7037,22192,15697,15156,14615,14073,13532,11908,11367,10826,10284,9743,9202,8119,7578,22734,15156,14615,14073,13532,12991,12449,11908,11367,10826,10284,9743,8660,23275,22734,21110,20569,17862,17321,15697,15156,14615,14073,13532,12991,12449,11908,11367,10826,10284,9743,23275,22734,22192,21110,20569,20027,19486,18945,18404,17862,16238,15697,15156,14615,14073,13532,12991,12449,11908,11367,10826,20027,19486,18945,18404,17862,17321,16780,16238,15697,15156,14615,14073,13532,12991,12449,11908,20027,19486,18945,18404,17862,17321,16780,16238,15697,15156,14615,14073,13532,12991,20569,20027,19486,18945,18404,17862,17321,16780,16238,15697,15156,14615,14073,13532,21110,20569,20027,19486,18945,18404,17862,17321,16780,16238,15697,15156,21110,20569,20027,18945,18404,17862,17321,16780,16238,15697,21651,21110,20569,18945,17862,17321
82,4872,4872,4330,12449,12991,13532,4330,3789,3248,5954,11367,12449,12991,3248,3789,4872,5413,5954,7037,8119,8660,9202,9743,10284,12449,12991,2706,5954,6495,7037,7578,9202,9743,10284,11908,12449,5954,5413,4872,4330,3789,3248,2706,2165,1624,1083,1624,2165,5954,6495,7037,9202,9743,11367,11908,5413,4872,4330,3789,3248,2706,1083,541,4330,4872,5413,6495,7037,8119,8660,9202,9743,10284,10826,4872,4330,3789,3248,2706,2165,541,0,2706,3248,3789,6495,7037,7578,8119,7037,6495,5954,5413,4872,3789,3248,2706,2165,541,1624,3248,3789,7037,7578,11367,11908,8119,7578,7037,6495,5954,4330,3789,3248,2706,1083,1624,2165,2706,11908,12449,8660,8119,4872,4330,3789,1624,2165,17862,4872,4330,3789,18945,18404,5954,5413,4872,21110,20569,20027,19486,8660,8119,7037,6495,22192,21651,21110,16238,15697,15156,14615,14073,11367,10826,10284,9743,9202,8660,8119,7578,22734,16238,15697,15156,14615,14073,12449,11908,11367,10826,10284,9743,8660,8119,23275,15697,15156,14615,14073,13532,12991,12449,11908,11367,10826,10284,9202,23816,23275,21651,21110,18404,17862,16238,15697,15156,14615,14073,13532,12991,12449,11908,11367,10826,10284,23816,23275,22734,21651,21110,20569,20027,19486,18945,18404,16780,16238,15697,15156,14615,14073,13532,12991,12449,11908,11367,20569,20027,19486,18945,18404,17862,17321,16780,16238,15697,15156,14615,14073,13532,12991,12449,20569,20027,19486,18945,18404,17862,17321,16780,16238,15697,15156,14615,14073,13532,21110,20569,20027,19486,18945,18404,17862,17321,16780,16238,15697,15156,14615,14073,21651,21110,20569,20027,19486,18945,18404,17862,17321,16780,16238,15697,21651,21110,20569,19486,18945,18404,17862,17321,16780,16238,22192,21651,21110,19486,18404,17862
83,7578,7578,7037,9743,10284,10826,7037,6495,4872,3248,8660,9743,10284,3789,3248,2165,2706,3248,4330,5413,5954,6495,7037,7578,9743,10284,3248,3248,3789,4330,4872,6495,7037,7578,9202,9743,8660,8119,7578,7037,6495,5954,5413,4872,4330,3789,3248,2706,3248,3789,4330,6495,7037,8660,9202,8119,7578,7037,6495,5954,5413,3789,3248,1624,2165,2706,3789,4330,5413,5954,6495,7037,7578,8119,7578,7037,6495,5954,5413,4872,3248,2706,0,541,1083,3789,4330,4872,5413,9743,9202,8660,8119,7578,6495,5954,5413,4872,3248,2165,541,1083,4330,4872,8660,9202,10826,10284,9743,9202,8660,7037,6495,5954,5413,3789,3248,2706,2165,9202,9743,11367,10826,7578,7037,6495,4330,3789,20569,7578,7037,6495,21651,21110,8660,8119,7578,23816,23275,22734,22192,11367,10826,9743,9202,24899,24358,23816,18945,18404,17862,17321,16780,14073,13532,12991,12449,11908,11367,10826,10284,25440,18945,18404,17862,17321,16780,15156,14615,14073,13532,12991,12449,11367,10826,25981,18404,17862,17321,16780,16238,15697,15156,14615,14073,13532,12991,11908,26523,25981,24358,23816,21110,20569,18945,18404,17862,17321,16780,16238,15697,15156,14615,14073,13532,12991,26523,25981,25440,24358,23816,23275,22734,22192,21651,21110,19486,18945,18404,17862,17321,16780,16238,15697,15156,14615,14073,23275,22734,22192,21651,21110,20569,20027,19486,18945,18404,17862,17321,16780,16238,15697,15156,23275,22734,22192,21651,21110,20569,20027,19486,18945,18404,17862,17321,16780,16238,23816,23275,22734,22192,21651,21110,20569,20027,19486,18945,18404,17862,17321,16780,24358,23816,23275,22734,22192,21651,21110,20569,20027,19486,18945,18404,24358,23816,23275,22192,21651,21110,20569,20027,19486,18945,24899,24358,23816,22192,21110,20569
84,8119,8119,7578,9202,9743,10284,7578,7037,5413,2706,8119,9202,9743,4330,3789,2706,2165,2706,3789,4872,5413,5954,6495,7037,9202,9743,3789,2706,3248,3789,4330,5954,6495,7037,8660,9202,9202,8660,8119,7578,7037,6495,5954,5413,4872,4330,3789,3248,2706,3248,3789,5954,6495,8119,8660,8660,8119,7578,7037,6495,5954,4330,3789,1083,1624,2165,3248,3789,4872,5413,5954,6495,7037,7578,8119,7578,7037,6495,5954,5413,3789,3248,541,0,541,3248,3789,4330,4872,10284,9743,9202,8660,8119,7037,6495,5954,5413,3789,2706,1083,541,3789,4330,8119,8660,11367,10826,10284,9743,9202,7578,7037,6495,5954,4330,3789,3248,2706,8660,9202,11908,11367,8119,7578,7037,4872,4330,21110,8119,7578,7037,22192,21651,9202,8660,8119,24358,23816,23275,22734,11908,11367,10284,9743,25440,24899,24358,19486,18945,18404,17862,17321,14615,14073,13532,12991,12449,11908,11367,10826,25981,19486,18945,18404,17862,17321,15697,15156,14615,14073,13532,12991,11908,11367,26523,18945,18404,17862,17321,16780,16238,15697,15156,14615,14073,13532,12449,27064,26523,24899,24358,21651,21110,19486,18945,18404,17862,17321,16780,16238,15697,15156,14615,14073,13532,27064,26523,25981,24899,24358,23816,23275,22734,22192,21651,20027,19486,18945,18404,17862,17321,16780,16238,15697,15156,14615,23816,23275,22734,22192,21651,21110,20569,20027,19486,18945,18404,17862,17321,16780,16238,15697,23816,23275,22734,22192,21651,21110,20569,20027,19486,18945,18404,17862,17321,16780,24358,23816,23275,22734,22192,21651,21110,20569,20027,19486,18945,18404,17862,17321,24899,24358,23816,23275,22734,22192,21651,21110,20569,20027,19486,18945,24899,24358,23816,22734,22192,21651,21110,20569,20027,19486,25440,24899,24358,22734,21651,21110
85,8660,8660,8119,8660,9202,9743,8119,7578,5954,3248,7578,8660,9202,4872,4330,3248,2706,2165,3248,4330,4872,5413,5954,6495,8660,9202,4330,2165,2706,3248,3789,5413,5954,6495,8119,8660,9743,9202,8660,8119,7578,7037,6495,5954,5413,4872,4330,3789,2165,2706,3248,5413,5954,7578,8119,9202,8660,8119,7578,7037,6495,4872,4330,541,1083,1624,2706,3248,4330,4872,5413,5954,6495,7037,8660,8119,7578,7037,6495,5954,4330,3789,1083,541,0,2706,3248,3789,4330,10826,10284,9743,9202,8660,7578,7037,6495,5954,4330,3248,1624,1083,3248,3789,7578,8119,11908,11367,10826,10284,9743,8119,7578,7037,6495,4872,4330,3789,3248,8119,8660,12449,11908,8660,8119,7578,5413,4872,21651,8660,8119,7578,22734,22192,9743,9202,8660,24899,24358,23816,23275,12449,11908,10826,10284,25981,25440,24899,20027,19486,18945,18404,17862,15156,14615,14073,13532,12991,12449,11908,11367,26523,20027,19486,18945,18404,17862,16238,15697,15156,14615,14073,13532,12449,11908,27064,19486,18945,18404,17862,17321,16780,16238,15697,15156,14615,14073,12991,27605,27064,25440,24899,22192,21651,20027,19486,18945,18404,17862,17321,16780,16238,15697,15156,14615,14073,27605,27064,26523,25440,24899,24358,23816,23275,22734,22192,20569,20027,19486,18945,18404,17862,17321,16780,16238,15697,15156,24358,23816,23275,22734,22192,21651,21110,20569,20027,19486,18945,18404,17862,17321,16780,16238,24358,23816,23275,22734,22192,21651,21110,20569,20027,19486,18945,18404,17862,17321,24899,24358,23816,23275,22734,22192,21651,21110,20569,20027,19486,18945,18404,17862,25440,24899,24358,23816,23275,22734,22192,21651,21110,20569,20027,19486,25440,24899,24358,23275,22734,22192,21651,21110,20569,20027,25981,25440,24899,23275,22192,21651
86,11367,11367,10826,5954,6495,7037,10826,10284,8660,5954,4872,5954,6495,7578,7037,5954,5413,4872,3789,2706,2165,2706,3248,3789,5954,6495,7037,3789,3248,2706,2165,2706,3248,3789,5413,5954,12449,11908,11367,10826,10284,9743,9202,8660,8119,7578,7037,6495,2706,2165,1624,2706,3248,4872,5413,11908,11367,10826,10284,9743,9202,7578,7037,3248,2706,2165,1083,541,1624,2165,2706,3248,3789,4330,11367,10826,10284,9743,9202,8660,7037,6495,3789,3248,2706,0,541,1083,1624,13532,12991,12449,11908,11367,10284,9743,9202,8660,7037,5954,4330,3789,541,1083,4872,5413,14615,14073,13532,12991,12449,10826,10284,9743,9202,7578,7037,6495,5954,5413,5954,15156,14615,11367,10826,10284,8119,7578,24358,11367,10826,10284,25440,24899,12449,11908,11367,27605,27064,26523,25981,15156,14615,13532,12991,28688,28147,27605,22734,22192,21651,21110,20569,17862,17321,16780,16238,15697,15156,14615,14073,29229,22734,22192,21651,21110,20569,18945,18404,17862,17321,16780,16238,15156,14615,29770,22192,21651,21110,20569,20027,19486,18945,18404,17862,17321,16780,15697,30312,29770,28147,27605,24899,24358,22734,22192,21651,21110,20569,20027,19486,18945,18404,17862,17321,16780,30312,29770,29229,28147,27605,27064,26523,25981,25440,24899,23275,22734,22192,21651,21110,20569,20027,19486,18945,18404,17862,27064,26523,25981,25440,24899,24358,23816,23275,22734,22192,21651,21110,20569,20027,19486,18945,27064,26523,25981,25440,24899,24358,23816,23275,22734,22192,21651,21110,20569,20027,27605,27064,26523,25981,25440,24899,24358,23816,23275,22734,22192,21651,21110,20569,28147,27605,27064,26523,25981,25440,24899,24358,23816,23275,22734,22192,28147,27605,27064,25981,25440,24899,24358,23816,23275,22734,28688,28147,27605,25981,24899,24358
87,11908,11908,11367,5413,5954,6495,11367,10826,9202,6495,4330,5413,5954,8119,7578,6495,5954,5413,4330,3248,2706,2165,2706,3248,5413,5954,7578,4330,3789,3248,2706,2165,2706,3248,4872,5413,12991,12449,11908,11367,10826,10284,9743,9202,8660,8119,7578,7037,3248,2706,2165,2165,2706,4330,4872,12449,11908,11367,10826,10284,9743,8119,7578,3789,3248,2706,1624,1083,1083,1624,2165,2706,3248,3789,11908,11367,10826,10284,9743,9202,7578,7037,4330,3789,3248,541,0,541,1083,14073,13532,12991,12449,11908,10826,10284,9743,9202,7578,6495,4872,4330,1083,541,4330,4872,15156,14615,14073,13532,12991,11367,10826,10284,9743,8119,7578,7037,6495,4872,5413,15697,15156,11908,11367,10826,8660,8119,24899,11908,11367,10826,25981,25440,12991,12449,11908,28147,27605,27064,26523,15697,15156,14073,13532,29229,28688,28147,23275,22734,22192,21651,21110,18404,17862,17321,16780,16238,15697,15156,14615,29770,23275,22734,22192,21651,21110,19486,18945,18404,17862,17321,16780,15697,15156,30312,22734,22192,21651,21110,20569,20027,19486,18945,18404,17862,17321,16238,30853,30312,28688,28147,25440,24899,23275,22734,22192,21651,21110,20569,20027,19486,18945,18404,17862,17321,30853,30312,29770,28688,28147,27605,27064,26523,25981,25440,23816,23275,22734,22192,21651,21110,20569,20027,19486,18945,18404,27605,27064,26523,25981,25440,24899,24358,23816,23275,22734,22192,21651,21110,20569,20027,19486,27605,27064,26523,25981,25440,24899,24358,23816,23275,22734,22192,21651,21110,20569,28147,27605,27064,26523,25981,25440,24899,24358,23816,23275,22734,22192,21651,21110,28688,28147,27605,27064,26523,25981,25440,24899,24358,23816,23275,22734,28688,28147,27605,26523,25981,25440,24899,24358,23816,23275,29229,28688,28147,26523,25440,24899
88,12449,12449,11908,4872,5413,5954,11908,11367,9743,7037,3789,4872,5413,8660,8119,7037,6495,5954,4872,3789,3248,2706,2165,2706,4872,5413,8119,4872,4330,3789,3248,1624,2165,2706,4330,4872,13532,12991,12449,11908,11367,10826,10284,9743,9202,8660,8119,7578,3789,3248,2706,1624,2165,3789,4330,12991,12449,11908,11367,10826,10284,8660,8119,4330,3789,3248,2165,1624,541,1083,1624,2165,2706,3248,12449,11908,11367,10826,10284,9743,8119,7578,4872,4330,3789,1083,541,0,541,14615,14073,13532,12991,12449,11367,10826,10284,9743,8119,7037,5413,4872,1624,1083,3789,4330,15697,15156,14615,14073,13532,11908,11367,10826,10284,8660,8119,7578,7037,4330,4872,16238,15697,12449,11908,11367,9202,8660,25440,12449,11908,11367,26523,25981,13532,12991,12449,28688,28147,27605,27064,16238,15697,14615,14073,29770,29229,28688,23816,23275,22734,22192,21651,18945,18404,17862,17321,16780,16238,15697,15156,30312,23816,23275,22734,22192,21651,20027,19486,18945,18404,17862,17321,16238,15697,30853,23275,22734,22192,21651,21110,20569,20027,19486,18945,18404,17862,16780,31394,30853,29229,28688,25981,25440,23816,23275,22734,22192,21651,21110,20569,20027,19486,18945,18404,17862,31394,30853,30312,29229,28688,28147,27605,27064,26523,25981,24358,23816,23275,22734,22192,21651,21110,20569,20027,19486,18945,28147,27605,27064,26523,25981,25440,24899,24358,23816,23275,22734,22192,21651,21110,20569,20027,28147,27605,27064,26523,25981,25440,24899,24358,23816,23275,22734,22192,21651,21110,28688,28147,27605,27064,26523,25981,25440,24899,24358,23816,23275,22734,22192,21651,29229,28688,28147,27605,27064,26523,25981,25440,24899,24358,23816,23275,29229,28688,28147,27064,26523,25981,25440,24899,24358,23816,29770,29229,28688,27064,25981,25440
89,12991,12991,12449,4330,4872,5413,12449,11908,10284,7578,3248,4330,4872,9202,8660,7578,7037,6495,5413,4330,3789,3248,2706,2165,4330,4872,8660,5413,4872,4330,3789,2165,1624,2165,3789,4330,14073,13532,12991,12449,11908,11367,10826,10284,9743,9202,8660,8119,4330,3789,3248,1083,1624,3248,3789,13532,12991,12449,11908,11367,10826,9202,8660,4872,4330,3789,2706,2165,1083,541,1083,1624,2165,2706,12991,12449,11908,11367,10826,10284,8660,8119,5413,4872,4330,1624,1083,541,0,15156,14615,14073,13532,12991,11908,11367,10826,10284,8660,7578,5954,5413,2165,1624,3248,3789,16238,15697,15156,14615,14073,12449,11908,11367,10826,9202,8660,8119,7578,3789,4330,16780,16238,12991,12449,11908,9743,9202,25981,12991,12449,11908,27064,26523,14073,13532,12991,29229,28688,28147,27605,16780,16238,15156,14615,30312,29770,29229,24358,23816,23275,22734,22192,19486,18945,18404,17862,17321,16780,16238,15697,30853,24358,23816,23275,22734,22192,20569,20027,19486,18945,18404,17862,16780,16238,31394,23816,23275,22734,22192,21651,21110,20569,20027,19486,18945,18404,17321,31936,31394,29770,29229,26523,25981,24358,23816,23275,22734,22192,21651,21110,20569,20027,19486,18945,18404,31936,31394,30853,29770,29229,28688,28147,27605,27064,26523,24899,24358,23816,23275,22734,22192,21651,21110,20569,20027,19486,28688,28147,27605,27064,26523,25981,25440,24899,24358,23816,23275,22734,22192,21651,21110,20569,28688,28147,27605,27064,26523,25981,25440,24899,24358,23816,23275,22734,22192,21651,29229,28688,28147,27605,27064,26523,25981,25440,24899,24358,23816,23275,22734,22192,29770,29229,28688,28147,27605,27064,26523,25981,25440,24899,24358,23816,29770,29229,28688,27605,27064,26523,25981,25440,24899,24358,30312,29770,29229,27605,26523,25981
90,9743,8660,9202,19486,20027,20569,8119,8660,10284,12991,18404,19486,20027,10284,10826,11908,12449,12991,14073,15156,15697,16238,16780,17321,19486,20027,9743,12991,13532,14073,14615,16238,16780,17321,18945,19486,3248,3789,4330,4872,5413,5954,6495,7037,7578,8119,8660,9202,12991,13532,14073,16238,16780,18404,18945,2706,3248,3789,4330,4872,5413,7037,7578,11367,11908,12449,13532,14073,15156,15697,16238,16780,17321,17862,2165,2706,3248,3789,4330,4872,6495,7037,9743,10284,10826,13532,14073,14615,15156,0,541,1083,1624,2165,3248,3789,4330,4872,6495,7578,9202,9743,12991,13532,17321,17862,1083,541,1083,1624,2165,3789,4330,4872,5413,7037,7578,8119,8660,17862,18404,1624,1083,4330,4872,5413,7578,8119,10826,5413,5954,6495,11908,11367,5413,5954,6495,14073,13532,12991,12449,3789,4330,5413,5954,15156,14615,14073,9202,8660,8119,7578,7037,4330,3789,3248,3789,4330,4872,5413,5954,15697,9202,8660,8119,7578,7037,5413,4872,4330,3789,4330,4872,5954,6495,16238,8660,8119,7578,7037,6495,5954,5413,4872,4330,4872,5413,6495,16780,16238,14615,14073,11367,10826,9202,8660,8119,7578,7037,6495,5954,5413,4872,5413,5954,6495,16780,16238,15697,14615,14073,13532,12991,12449,11908,11367,9743,9202,8660,8119,7578,7037,6495,5954,5413,5954,6495,13532,12991,12449,11908,11367,10826,10284,9743,9202,8660,8119,7578,7037,6495,5954,6495,13532,12991,12449,11908,11367,10826,10284,9743,9202,8660,8119,7578,7037,6495,14073,13532,12991,12449,11908,11367,10826,10284,9743,9202,8660,8119,7578,7037,14615,14073,13532,12991,12449,11908,11367,10826,10284,9743,9202,8660,14615,14073,13532,12449,11908,11367,10826,10284,9743,9202,15156,14615,14073,12449,11367,10826
91,9202,8119,8660,18945,19486,20027,7578,8119,9743,12449,17862,18945,19486,9743,10284,11367,11908,12449,13532,14615,15156,15697,16238,16780,18945,19486,9202,12449,12991,13532,14073,15697,16238,16780,18404,18945,2706,3248,3789,4330,4872,5413,5954,6495,7037,7578,8119,8660,12449,12991,13532,15697,16238,17862,18404,2165,2706,3248,3789,4330,4872,6495,7037,10826,11367,11908,12991,13532,14615,15156,15697,16238,16780,17321,1624,2165,2706,3248,3789,4330,5954,6495,9202,9743,10284,12991,13532,14073,14615,541,0,541,1083,1624,2706,3248,3789,4330,5954,7037,8660,9202,12449,12991,16780,17321,1624,1083,541,1083,1624,3248,3789,4330,4872,6495,7037,7578,8119,17321,17862,2165,1624,3789,4330,4872,7037,7578,11367,4872,5413,5954,12449,11908,4872,5413,5954,14615,14073,13532,12991,3248,3789,4872,5413,15697,15156,14615,9743,9202,8660,8119,7578,4872,4330,3789,3248,3789,4330,4872,5413,16238,9743,9202,8660,8119,7578,5954,5413,4872,4330,3789,4330,5413,5954,16780,9202,8660,8119,7578,7037,6495,5954,5413,4872,4330,4872,5954,17321,16780,15156,14615,11908,11367,9743,9202,8660,8119,7578,7037,6495,5954,5413,4872,5413,5954,17321,16780,16238,15156,14615,14073,13532,12991,12449,11908,10284,9743,9202,8660,8119,7578,7037,6495,5954,5413,5954,14073,13532,12991,12449,11908,11367,10826,10284,9743,9202,8660,8119,7578,7037,6495,5954,14073,13532,12991,12449,11908,11367,10826,10284,9743,9202,8660,8119,7578,7037,14615,14073,13532,12991,12449,11908,11367,10826,10284,9743,9202,8660,8119,7578,15156,14615,14073,13532,12991,12449,11908,11367,10826,10284,9743,9202,15156,14615,14073,12991,12449,11908,11367,10826,10284,9743,15697,15156,14615,12991,11908,11367
92,8660,7578,8119,18404,18945,19486,7037,7578,9202,11908,17321,18404,18945,9202,9743,10826,11367,11908,12991,14073,14615,15156,15697,16238,18404,18945,8660,11908,12449,12991,13532,15156,15697,16238,17862,18404,2165,2706,3248,3789,4330,4872,5413,5954,6495,7037,7578,8119,11908,12449,12991,15156,15697,17321,17862,1624,2165,2706,3248,3789,4330,5954,6495,10284,10826,11367,12449,12991,14073,14615,15156,15697,16238,16780,1083,1624,2165,2706,3248,3789,5413,5954,8660,9202,9743,12449,12991,13532,14073,1083,541,0,541,1083,2165,2706,3248,3789,5413,6495,8119,8660,11908,12449,16238,16780,2165,1624,1083,541,1083,2706,3248,3789,4330,5954,6495,7037,7578,16780,17321,2706,2165,3248,3789,4330,6495,7037,11908,4330,4872,5413,12991,12449,4330,4872,5413,15156,14615,14073,13532,2706,3248,4330,4872,16238,15697,15156,10284,9743,9202,8660,8119,5413,4872,4330,3789,3248,3789,4330,4872,16780,10284,9743,9202,8660,8119,6495,5954,5413,4872,4330,3789,4872,5413,17321,9743,9202,8660,8119,7578,7037,6495,5954,5413,4872,4330,5413,17862,17321,15697,15156,12449,11908,10284,9743,9202,8660,8119,7578,7037,6495,5954,5413,4872,5413,17862,17321,16780,15697,15156,14615,14073,13532,12991,12449,10826,10284,9743,9202,8660,8119,7578,7037,6495,5954,5413,14615,14073,13532,12991,12449,11908,11367,10826,10284,9743,9202,8660,8119,7578,7037,6495,14615,14073,13532,12991,12449,11908,11367,10826,10284,9743,9202,8660,8119,7578,15156,14615,14073,13532,12991,12449,11908,11367,10826,10284,9743,9202,8660,8119,15697,15156,14615,14073,13532,12991,12449,11908,11367,10826,10284,9743,15697,15156,14615,13532,12991,12449,11908,11367,10826,10284,16238,15697,15156,13532,12449,11908
93,8119,7037,7578,17862,18404,18945,6495,7037,8660,11367,16780,17862,18404,8660,9202,10284,10826,11367,12449,13532,14073,14615,15156,15697,17862,18404,8119,11367,11908,12449,12991,14615,15156,15697,17321,17862,1624,2165,2706,3248,3789,4330,4872,5413,5954,6495,7037,7578,11367,11908,12449,14615,15156,16780,17321,1083,1624,2165,2706,3248,3789,5413,5954,9743,10284,10826,11908,12449,13532,14073,14615,15156,15697,16238,541,1083,1624,2165,2706,3248,4872,5413,8119,8660,9202,11908,12449,12991,13532,1624,1083,541,0,541,1624,2165,2706,3248,4872,5954,7578,8119,11367,11908,15697,16238,2706,2165,1624,1083,541,2165,2706,3248,3789,5413,5954,6495,7037,16238,16780,3248,2706,2706,3248,3789,5954,6495,12449,3789,4330,4872,13532,12991,3789,4330,4872,15697,15156,14615,14073,3248,2706,3789,4330,16780,16238,15697,10826,10284,9743,9202,8660,5954,5413,4872,4330,3789,3248,3789,4330,17321,10826,10284,9743,9202,8660,7037,6495,5954,5413,4872,4330,4330,4872,17862,10284,9743,9202,8660,8119,7578,7037,6495,5954,5413,4872,4872,18404,17862,16238,15697,12991,12449,10826,10284,9743,9202,8660,8119,7578,7037,6495,5954,5413,4872,18404,17862,17321,16238,15697,15156,14615,14073,13532,12991,11367,10826,10284,9743,9202,8660,8119,7578,7037,6495,5954,15156,14615,14073,13532,12991,12449,11908,11367,10826,10284,9743,9202,8660,8119,7578,7037,15156,14615,14073,13532,12991,12449,11908,11367,10826,10284,9743,9202,8660,8119,15697,15156,14615,14073,13532,12991,12449,11908,11367,10826,10284,9743,9202,8660,16238,15697,15156,14615,14073,13532,12991,12449,11908,11367,10826,10284,16238,15697,15156,14073,13532,12991,12449,11908,11367,10826,16780,16238,15697,14073,12991,12449
94,7578,6495,7037,17321,17862,18404,5954,6495,8119,10826,16238,17321,17862,8119,8660,9743,10284,10826,11908,12991,13532,14073,14615,15156,17321,17862,7578,10826,11367,11908,12449,14073,14615,15156,16780,17321,2165,1624,2165,2706,3248,3789,4330,4872,5413,5954,6495,7037,10826,11367,11908,14073,14615,16238,16780,1624,1083,1624,2165,2706,3248,4872,5413,9202,9743,10284,11367,11908,12991,13532,14073,14615,15156,15697,1083,541,1083,1624,2165,2706,4330,4872,7578,8119,8660,11367,11908,12449,12991,2165,1624,1083,541,0,1083,1624,2165,2706,4330,5413,7037,7578,10826,11367,15156,15697,3248,2706,2165,1624,1083,1624,2165,2706,3248,4872,5413,5954,6495,15697,16238,3789,3248,2165,2706,3248,5413,5954,12991,3248,3789,4330,14073,13532,3248,3789,4330,16238,15697,15156,14615,3789,3248,3248,3789,17321,16780,16238,11367,10826,10284,9743,9202,6495,5954,5413,4872,4330,3789,3248,3789,17862,11367,10826,10284,9743,9202,7578,7037,6495,5954,5413,4872,3789,4330,18404,10826,10284,9743,9202,8660,8119,7578,7037,6495,5954,5413,4330,18945,18404,16780,16238,13532,12991,11367,10826,10284,9743,9202,8660,8119,7578,7037,6495,5954,5413,18945,18404,17862,16780,16238,15697,15156,14615,14073,13532,11908,11367,10826,10284,9743,9202,8660,8119,7578,7037,6495,15697,15156,14615,14073,13532,12991,12449,11908,11367,10826,10284,9743,9202,8660,8119,7578,15697,15156,14615,14073,13532,12991,12449,11908,11367,10826,10284,9743,9202,8660,16238,15697,15156,14615,14073,13532,12991,12449,11908,11367,10826,10284,9743,9202,16780,16238,15697,15156,14615,14073,13532,12991,12449,11908,11367,10826,16780,16238,15697,14615,14073,13532,12991,12449,11908,11367,17321,16780,16238,14615,13532,12991
95,6495,5413,5954,16238,16780,17321,4872,5413,7037,9743,15156,16238,16780,7037,7578,8660,9202,9743,10826,11908,12449,12991,13532,14073,16238,16780,6495,9743,10284,10826,11367,12991,13532,14073,15697,16238,3248,2706,2165,1624,2165,2706,3248,3789,4330,4872,5413,5954,9743,10284,10826,12991,13532,15156,15697,2706,2165,1624,1083,1624,2165,3789,4330,8119,8660,9202,10284,10826,11908,12449,12991,13532,14073,14615,2165,1624,1083,541,1083,1624,3248,3789,6495,7037,7578,10284,10826,11367,11908,3248,2706,2165,1624,1083,0,541,1083,1624,3248,4330,5954,6495,9743,10284,14073,14615,4330,3789,3248,2706,2165,541,1083,1624,2165,3789,4330,4872,5413,14615,15156,4872,4330,1083,1624,2165,4330,4872,14073,2165,2706,3248,15156,14615,2165,2706,3248,17321,16780,16238,15697,4872,4330,3248,2706,18404,17862,17321,12449,11908,11367,10826,10284,7578,7037,6495,5954,5413,4872,4330,3789,18945,12449,11908,11367,10826,10284,8660,8119,7578,7037,6495,5954,4872,4330,19486,11908,11367,10826,10284,9743,9202,8660,8119,7578,7037,6495,5413,20027,19486,17862,17321,14615,14073,12449,11908,11367,10826,10284,9743,9202,8660,8119,7578,7037,6495,20027,19486,18945,17862,17321,16780,16238,15697,15156,14615,12991,12449,11908,11367,10826,10284,9743,9202,8660,8119,7578,16780,16238,15697,15156,14615,14073,13532,12991,12449,11908,11367,10826,10284,9743,9202,8660,16780,16238,15697,15156,14615,14073,13532,12991,12449,11908,11367,10826,10284,9743,17321,16780,16238,15697,15156,14615,14073,13532,12991,12449,11908,11367,10826,10284,17862,17321,16780,16238,15697,15156,14615,14073,13532,12991,12449,11908,17862,17321,16780,15697,15156,14615,14073,13532,12991,12449,18404,17862,17321,15697,14615,14073
96,5954,4872,5413,15697,16238,16780,4330,4872,6495,9202,14615,15697,16238,6495,7037,8119,8660,9202,10284,11367,11908,12449,12991,13532,15697,16238,5954,9202,9743,10284,10826,12449,12991,13532,15156,15697,3789,3248,2706,2165,1624,2165,2706,3248,3789,4330,4872,5413,9202,9743,10284,12449,12991,14615,15156,3248,2706,2165,1624,1083,1624,3248,3789,7578,8119,8660,9743,10284,11367,11908,12449,12991,13532,14073,2706,2165,1624,1083,541,1083,2706,3248,5954,6495,7037,9743,10284,10826,11367,3789,3248,2706,2165,1624,541,0,541,1083,2706,3789,5413,5954,9202,9743,13532,14073,4872,4330,3789,3248,2706,1083,541,1083,1624,3248,3789,4330,4872,14073,14615,5413,4872,1624,1083,1624,3789,4330,14615,1624,2165,2706,15697,15156,2706,2165,2706,17862,17321,16780,16238,5413,4872,3789,3248,18945,18404,17862,12991,12449,11908,11367,10826,8119,7578,7037,6495,5954,5413,4872,4330,19486,12991,12449,11908,11367,10826,9202,8660,8119,7578,7037,6495,5413,4872,20027,12449,11908,11367,10826,10284,9743,9202,8660,8119,7578,7037,5954,20569,20027,18404,17862,15156,14615,12991,12449,11908,11367,10826,10284,9743,9202,8660,8119,7578,7037,20569,20027,19486,18404,17862,17321,16780,16238,15697,15156,13532,12991,12449,11908,11367,10826,10284,9743,9202,8660,8119,17321,16780,16238,15697,15156,14615,14073,13532,12991,12449,11908,11367,10826,10284,9743,9202,17321,16780,16238,15697,15156,14615,14073,13532,12991,12449,11908,11367,10826,10284,17862,17321,16780,16238,15697,15156,14615,14073,13532,12991,12449,11908,11367,10826,18404,17862,17321,16780,16238,15697,15156,14615,14073,13532,12991,12449,18404,17862,17321,16238,15697,15156,14615,14073,13532,12991,18945,18404,17862,16238,15156,14615
97,5413,4330,4872,15156,15697,16238,3789,4330,5954,8660,14073,15156,15697,5954,6495,7578,8119,8660,9743,10826,11367,11908,12449,12991,15156,15697,5413,8660,9202,9743,10284,11908,12449,12991,14615,15156,4330,3789,3248,2706,2165,1624,2165,2706,3248,3789,4330,4872,8660,9202,9743,11908,12449,14073,14615,3789,3248,2706,2165,1624,1083,2706,3248,7037,7578,8119,9202,9743,10826,11367,11908,12449,12991,13532,3248,2706,2165,1624,1083,541,2165,2706,5413,5954,6495,9202,9743,10284,10826,4330,3789,3248,2706,2165,1083,541,0,541,2165,3248,4872,5413,8660,9202,12991,13532,5413,4872,4330,3789,3248,1624,1083,541,1083,2706,3248,3789,4330,13532,14073,5954,5413,2165,1624,1083,3248,3789,15156,2165,1624,2165,16238,15697,3248,2706,2165,18404,17862,17321,16780,5954,5413,4330,3789,19486,18945,18404,13532,12991,12449,11908,11367,8660,8119,7578,7037,6495,5954,5413,4872,20027,13532,12991,12449,11908,11367,9743,9202,8660,8119,7578,7037,5954,5413,20569,12991,12449,11908,11367,10826,10284,9743,9202,8660,8119,7578,6495,21110,20569,18945,18404,15697,15156,13532,12991,12449,11908,11367,10826,10284,9743,9202,8660,8119,7578,21110,20569,20027,18945,18404,17862,17321,16780,16238,15697,14073,13532,12991,12449,11908,11367,10826,10284,9743,9202,8660,17862,17321,16780,16238,15697,15156,14615,14073,13532,12991,12449,11908,11367,10826,10284,9743,17862,17321,16780,16238,15697,15156,14615,14073,13532,12991,12449,11908,11367,10826,18404,17862,17321,16780,16238,15697,15156,14615,14073,13532,12991,12449,11908,11367,18945,18404,17862,17321,16780,16238,15697,15156,14615,14073,13532,12991,18945,18404,17862,16780,16238,15697,15156,14615,14073,13532,19486,18945,18404,16780,15697,15156
98,4872,3789,4330,14615,15156,15697,3248,3789,5413,8119,13532,14615,15156,5413,5954,7037,7578,8119,9202,10284,10826,11367,11908,12449,14615,15156,4872,8119,8660,9202,9743,11367,11908,12449,14073,14615,4872,4330,3789,3248,2706,2165,1624,2165,2706,3248,3789,4330,8119,8660,9202,11367,11908,13532,14073,4330,3789,3248,2706,2165,1624,2165,2706,6495,7037,7578,8660,9202,10284,10826,11367,11908,12449,12991,3789,3248,2706,2165,1624,1083,1624,2165,4872,5413,5954,8660,9202,9743,10284,4872,4330,3789,3248,2706,1624,1083,541,0,1624,2706,4330,4872,8119,8660,12449,12991,5954,5413,4872,4330,3789,2165,1624,1083,541,2165,2706,3248,3789,12991,13532,6495,5954,2706,2165,1624,2706,3248,15697,2706,2165,1624,16780,16238,3789,3248,2706,18945,18404,17862,17321,6495,5954,4872,4330,20027,19486,18945,14073,13532,12991,12449,11908,9202,8660,8119,7578,7037,6495,5954,5413,20569,14073,13532,12991,12449,11908,10284,9743,9202,8660,8119,7578,6495,5954,21110,13532,12991,12449,11908,11367,10826,10284,9743,9202,8660,8119,7037,21651,21110,19486,18945,16238,15697,14073,13532,12991,12449,11908,11367,10826,10284,9743,9202,8660,8119,21651,21110,20569,19486,18945,18404,17862,17321,16780,16238,14615,14073,13532,12991,12449,11908,11367,10826,10284,9743,9202,18404,17862,17321,16780,16238,15697,15156,14615,14073,13532,12991,12449,11908,11367,10826,10284,18404,17862,17321,16780,16238,15697,15156,14615,14073,13532,12991,12449,11908,11367,18945,18404,17862,17321,16780,16238,15697,15156,14615,14073,13532,12991,12449,11908,19486,18945,18404,17862,17321,16780,16238,15697,15156,14615,14073,13532,19486,18945,18404,17321,16780,16238,15697,15156,14615,14073,20027,19486,18945,17321,16238,15697
99,5413,5413,4872,12991,13532,14073,4872,4330,3789,6495,11908,12991,13532,3789,4330,5413,5954,6495,7578,8660,9202,9743,10284,10826,12991,13532,3248,6495,7037,7578,8119,9743,10284,10826,12449,12991,6495,5954,5413,4872,4330,3789,3248,2706,2165,1624,2165,2706,6495,7037,7578,9743,10284,11908,12449,5954,5413,4872,4330,3789,3248,1624,1083,4872,5413,5954,7037,7578,8660,9202,9743,10284,10826,11367,5413,4872,4330,3789,3248,2706,1083,541,3248,3789,4330,7037,7578,8119,8660,6495,5954,5413,4872,4330,3248,2706,2165,1624,0,1083,2706,3248,6495,7037,10826,11367,7578,7037,6495,5954,5413,3789,3248,2706,2165,541,1083,1624,2165,11367,11908,8119,7578,4330,3789,3248,1083,1624,17321,4330,3789,3248,18404,17862,5413,4872,4330,20569,20027,19486,18945,8119,7578,6495,5954,21651,21110,20569,15697,15156,14615,14073,13532,10826,10284,9743,9202,8660,8119,7578,7037,22192,15697,15156,14615,14073,13532,11908,11367,10826,10284,9743,9202,8119,7578,22734,15156,14615,14073,13532,12991,12449,11908,11367,10826,10284,9743,8660,23275,22734,21110,20569,17862,17321,15697,15156,14615,14073,13532,12991,12449,11908,11367,10826,10284,9743,23275,22734,22192,21110,20569,20027,19486,18945,18404,17862,16238,15697,15156,14615,14073,13532,12991,12449,11908,11367,10826,20027,19486,18945,18404,17862,17321,16780,16238,15697,15156,14615,14073,13532,12991,12449,11908,20027,19486,18945,18404,17862,17321,16780,16238,15697,15156,14615,14073,13532,12991,20569,20027,19486,18945,18404,17862,17321,16780,16238,15697,15156,14615,14073,13532,21110,20569,20027,19486,18945,18404,17862,17321,16780,16238,15697,15156,21110,20569,20027,18945,18404,17862,17321,16780,16238,15697,21651,21110,20569,18945,17862,17321
100,6495,6495,5954,11908,12449,12991,5954,5413,3789,5413,10826,11908,12449,2706,3248,4330,4872,5413,6495,7578,8119,8660,9202,9743,11908,12449,2165,5413,5954,6495,7037,8660,9202,9743,11367,11908,7578,7037,6495,5954,5413,4872,4330,3789,3248,2706,2165,1624,5413,5954,6495,8660,9202,10826,11367,7037,6495,5954,5413,4872,4330,2706,2165,3789,4330,4872,5954,6495,7578,8119,8660,9202,9743,10284,6495,5954,5413,4872,4330,3789,2165,1624,2165,2706,3248,5954,6495,7037,7578,7578,7037,6495,5954,5413,4330,3789,3248,2706,1083,0,1624,2165,5413,5954,9743,10284,8660,8119,7578,7037,6495,4872,4330,3789,3248,1624,1083,541,1083,10284,10826,9202,8660,5413,4872,4330,2165,1624,18404,5413,4872,4330,19486,18945,6495,5954,5413,21651,21110,20569,20027,9202,8660,7578,7037,22734,22192,21651,16780,16238,15697,15156,14615,11908,11367,10826,10284,9743,9202,8660,8119,23275,16780,16238,15697,15156,14615,12991,12449,11908,11367,10826,10284,9202,8660,23816,16238,15697,15156,14615,14073,13532,12991,12449,11908,11367,10826,9743,24358,23816,22192,21651,18945,18404,16780,16238,15697,15156,14615,14073,13532,12991,12449,11908,11367,10826,24358,23816,23275,22192,21651,21110,20569,20027,19486,18945,17321,16780,16238,15697,15156,14615,14073,13532,12991,12449,11908,21110,20569,20027,19486,18945,18404,17862,17321,16780,16238,15697,15156,14615,14073,13532,12991,21110,20569,20027,19486,18945,18404,17862,17321,16780,16238,15697,15156,14615,14073,21651,21110,20569,20027,19486,18945,18404,17862,17321,16780,16238,15697,15156,14615,22192,21651,21110,20569,20027,19486,18945,18404,17862,17321,16780,16238,22192,21651,21110,20027,19486,18945,18404,17862,17321,16780,22734,22192,21651,20027,18945,18404
101,8119,8119,7578,10284,10826,11367,7578,7037,5413,3789,9202,10284,10826,4330,3789,2706,3248,3789,4872,5954,6495,7037,7578,8119,10284,10826,3789,3789,4330,4872,5413,7037,7578,8119,9743,10284,9202,8660,8119,7578,7037,6495,5954,5413,4872,4330,3789,3248,3789,4330,4872,7037,7578,9202,9743,8660,8119,7578,7037,6495,5954,4330,3789,2165,2706,3248,4330,4872,5954,6495,7037,7578,8119,8660,8119,7578,7037,6495,5954,5413,3789,3248,541,1083,1624,4330,4872,5413,5954,9202,8660,8119,7578,7037,5954,5413,4872,4330,2706,1624,0,541,3789,4330,8119,8660,10284,9743,9202,8660,8119,6495,5954,5413,4872,3248,2706,2165,1624,8660,9202,10826,10284,7037,6495,5954,3789,3248,20027,7037,6495,5954,21110,20569,8119,7578,7037,23275,22734,22192,21651,10826,10284,9202,8660,24358,23816,23275,18404,17862,17321,16780,16238,13532,12991,12449,11908,11367,10826,10284,9743,24899,18404,17862,17321,16780,16238,14615,14073,13532,12991,12449,11908,10826,10284,25440,17862,17321,16780,16238,15697,15156,14615,14073,13532,12991,12449,11367,25981,25440,23816,23275,20569,20027,18404,17862,17321,16780,16238,15697,15156,14615,14073,13532,12991,12449,25981,25440,24899,23816,23275,22734,22192,21651,21110,20569,18945,18404,17862,17321,16780,16238,15697,15156,14615,14073,13532,22734,22192,21651,21110,20569,20027,19486,18945,18404,17862,17321,16780,16238,15697,15156,14615,22734,22192,21651,21110,20569,20027,19486,18945,18404,17862,17321,16780,16238,15697,23275,22734,22192,21651,21110,20569,20027,19486,18945,18404,17862,17321,16780,16238,23816,23275,22734,22192,21651,21110,20569,20027,19486,18945,18404,17862,23816,23275,22734,21651,21110,20569,20027,19486,18945,18404,24358,23816,23275,21651,20569,20027
102,8660,8660,8119,9743,10284,10826,8119,7578,5954,3248,8660,9743,10284,4872,4330,3248,2706,3248,4330,5413,5954,6495,7037,7578,9743,10284,4330,3248,3789,4330,4872,6495,7037,7578,9202,9743,9743,9202,8660,8119,7578,7037,6495,5954,5413,4872,4330,3789,3248,3789,4330,6495,7037,8660,9202,9202,8660,8119,7578,7037,6495,4872,4330,1624,2165,2706,3789,4330,5413,5954,6495,7037,7578,8119,8660,8119,7578,7037,6495,5954,4330,3789,1083,541,1083,3789,4330,4872,5413,9743,9202,8660,8119,7578,6495,5954,5413,4872,3248,2165,541,0,3248,3789,7578,8119,10826,10284,9743,9202,8660,7037,6495,5954,5413,3789,3248,2706,2165,8119,8660,11367,10826,7578,7037,6495,4330,3789,20569,7578,7037,6495,21651,21110,8660,8119,7578,23816,23275,22734,22192,11367,10826,9743,9202,24899,24358,23816,18945,18404,17862,17321,16780,14073,13532,12991,12449,11908,11367,10826,10284,25440,18945,18404,17862,17321,16780,15156,14615,14073,13532,12991,12449,11367,10826,25981,18404,17862,17321,16780,16238,15697,15156,14615,14073,13532,12991,11908,26523,25981,24358,23816,21110,20569,18945,18404,17862,17321,16780,16238,15697,15156,14615,14073,13532,12991,26523,25981,25440,24358,23816,23275,22734,22192,21651,21110,19486,18945,18404,17862,17321,16780,16238,15697,15156,14615,14073,23275,22734,22192,21651,21110,20569,20027,19486,18945,18404,17862,17321,16780,16238,15697,15156,23275,22734,22192,21651,21110,20569,20027,19486,18945,18404,17862,17321,16780,16238,23816,23275,22734,22192,21651,21110,20569,20027,19486,18945,18404,17862,17321,16780,24358,23816,23275,22734,22192,21651,21110,20569,20027,19486,18945,18404,24358,23816,23275,22192,21651,21110,20569,20027,19486,18945,24899,24358,23816,22192,21110,20569
103,11908,11908,11367,6495,7037,7578,11367,10826,9202,6495,5413,6495,7037,8119,7578,6495,5954,5413,4330,3248,2706,3248,3789,4330,6495,7037,7578,4330,3789,3248,2706,3248,3789,4330,5954,6495,12991,12449,11908,11367,10826,10284,9743,9202,8660,8119,7578,7037,3248,2706,2165,3248,3789,5413,5954,12449,11908,11367,10826,10284,9743,8119,7578,3789,3248,2706,1624,1083,2165,2706,3248,3789,4330,4872,11908,11367,10826,10284,9743,9202,7578,7037,4330,3789,3248,541,1083,1624,2165,12991,12449,11908,11367,10826,9743,9202,8660,8119,6495,5413,3789,3248,0,541,4330,4872,14073,13532,12991,12449,11908,10284,9743,9202,8660,7037,6495,5954,5413,4872,5413,14615,14073,10826,10284,9743,7578,7037,23816,10826,10284,9743,24899,24358,11908,11367,10826,27064,26523,25981,25440,14615,14073,12991,12449,28147,27605,27064,22192,21651,21110,20569,20027,17321,16780,16238,15697,15156,14615,14073,13532,28688,22192,21651,21110,20569,20027,18404,17862,17321,16780,16238,15697,14615,14073,29229,21651,21110,20569,20027,19486,18945,18404,17862,17321,16780,16238,15156,29770,29229,27605,27064,24358,23816,22192,21651,21110,20569,20027,19486,18945,18404,17862,17321,16780,16238,29770,29229,28688,27605,27064,26523,25981,25440,24899,24358,22734,22192,21651,21110,20569,20027,19486,18945,18404,17862,17321,26523,25981,25440,24899,24358,23816,23275,22734,22192,21651,21110,20569,20027,19486,18945,18404,26523,25981,25440,24899,24358,23816,23275,22734,22192,21651,21110,20569,20027,19486,27064,26523,25981,25440,24899,24358,23816,23275,22734,22192,21651,21110,20569,20027,27605,27064,26523,25981,25440,24899,24358,23816,23275,22734,22192,21651,27605,27064,26523,25440,24899,24358,23816,23275,22734,22192,28147,27605,27064,25440,24358,23816
104,12449,12449,11908,5954,6495,7037,11908,11367,9743,7037,4872,5954,6495,8660,8119,7037,6495,5954,4872,3789,3248,2706,3248,3789,5954,6495,8119,4872,4330,3789,3248,2706,3248,3789,5413,5954,13532,12991,12449,11908,11367,10826,10284,9743,9202,8660,8119,7578,3789,3248,2706,2706,3248,4872,5413,12991,12449,11908,11367,10826,10284,8660,8119,4330,3789,3248,2165,1624,1624,2165,2706,3248,3789,4330,12449,11908,11367,10826,10284,9743,8119,7578,4872,4330,3789,1083,541,1083,1624,13532,12991,12449,11908,11367,10284,9743,9202,8660,7037,5954,4330,3789,541,0,3789,4330,14615,14073,13532,12991,12449,10826,10284,9743,9202,7578,7037,6495,5954,4330,4872,15156,14615,11367,10826,10284,8119,7578,24358,11367,10826,10284,25440,24899,12449,11908,11367,27605,27064,26523,25981,15156,14615,13532,12991,28688,28147,27605,22734,22192,21651,21110,20569,17862,17321,16780,16238,15697,15156,14615,14073,29229,22734,22192,21651,21110,20569,18945,18404,17862,17321,16780,16238,15156,14615,29770,22192,21651,21110,20569,20027,19486,18945,18404,17862,17321,16780,15697,30312,29770,28147,27605,24899,24358,22734,22192,21651,21110,20569,20027,19486,18945,18404,17862,17321,16780,30312,29770,29229,28147,27605,27064,26523,25981,25440,24899,23275,22734,22192,21651,21110,20569,20027,19486,18945,18404,17862,27064,26523,25981,25440,24899,24358,23816,23275,22734,22192,21651,21110,20569,20027,19486,18945,27064,26523,25981,25440,24899,24358,23816,23275,22734,22192,21651,21110,20569,20027,27605,27064,26523,25981,25440,24899,24358,23816,23275,22734,22192,21651,21110,20569,28147,27605,27064,26523,25981,25440,24899,24358,23816,23275,22734,22192,28147,27605,27064,25981,25440,24899,24358,23816,23275,22734,28688,28147,27605,25981,24899,24358
105,16238,16238,15697,5413,4872,4330,15697,15156,13532,10826,5413,4330,3789,12449,11908,10826,10284,9743,8660,7578,7037,6495,5954,5413,3248,2706,11908,8660,8119,7578,7037,5413,4872,4330,2706,2165,17321,16780,16238,15697,15156,14615,14073,13532,12991,12449,11908,11367,7578,7037,6495,4330,3789,2165,1624,16780,16238,15697,15156,14615,14073,12449,11908,8119,7578,7037,5954,5413,4330,3789,3248,2706,2165,1624,16238,15697,15156,14615,14073,13532,11908,11367,8660,8119,7578,4872,4330,3789,3248,17321,16780,16238,15697,15156,14073,13532,12991,12449,10826,9743,8119,7578,4330,3789,0,541,18404,17862,17321,16780,16238,14615,14073,13532,12991,11367,10826,10284,9743,541,1083,18945,18404,15156,14615,14073,11908,11367,28147,15156,14615,14073,29229,28688,16238,15697,15156,31394,30853,30312,29770,18945,18404,17321,16780,32477,31936,31394,26523,25981,25440,24899,24358,21651,21110,20569,20027,19486,18945,18404,17862,33018,26523,25981,25440,24899,24358,22734,22192,21651,21110,20569,20027,18945,18404,33559,25981,25440,24899,24358,23816,23275,22734,22192,21651,21110,20569,19486,34101,33559,31936,31394,28688,28147,26523,25981,25440,24899,24358,23816,23275,22734,22192,21651,21110,20569,34101,33559,33018,31936,31394,30853,30312,29770,29229,28688,27064,26523,25981,25440,24899,24358,23816,23275,22734,22192,21651,30853,30312,29770,29229,28688,28147,27605,27064,26523,25981,25440,24899,24358,23816,23275,22734,30853,30312,29770,29229,28688,28147,27605,27064,26523,25981,25440,24899,24358,23816,31394,30853,30312,29770,29229,28688,28147,27605,27064,26523,25981,25440,24899,24358,31936,31394,30853,30312,29770,29229,28688,28147,27605,27064,26523,25981,31936,31394,30853,29770,29229,28688,28147,27605,27064,26523,32477,31936,31394,29770,28688,28147
106,16780,16780,16238,5954,5413,4872,16238,15697,14073,11367,5954,4872,4330,12991,12449,11367,10826,10284,9202,8119,7578,7037,6495,5954,3789,3248,12449,9202,8660,8119,7578,5954,5413,4872,3248,2706,17862,17321,16780,16238,15697,15156,14615,14073,13532,12991,12449,11908,8119,7578,7037,4872,4330,2706,2165,17321,16780,16238,15697,15156,14615,12991,12449,8660,8119,7578,6495,5954,4872,4330,3789,3248,2706,2165,16780,16238,15697,15156,14615,14073,12449,11908,9202,8660,8119,5413,4872,4330,3789,17862,17321,16780,16238,15697,14615,14073,13532,12991,11367,10284,8660,8119,4872,4330,541,0,18945,18404,17862,17321,16780,15156,14615,14073,13532,11908,11367,10826,10284,1083,541,19486,18945,15697,15156,14615,12449,11908,28688,15697,15156,14615,29770,29229,16780,16238,15697,31936,31394,30853,30312,19486,18945,17862,17321,33018,32477,31936,27064,26523,25981,25440,24899,22192,21651,21110,20569,20027,19486,18945,18404,33559,27064,26523,25981,25440,24899,23275,22734,22192,21651,21110,20569,19486,18945,34101,26523,25981,25440,24899,24358,23816,23275,22734,22192,21651,21110,20027,34642,34101,32477,31936,29229,28688,27064,26523,25981,25440,24899,24358,23816,23275,22734,22192,21651,21110,34642,34101,33559,32477,31936,31394,30853,30312,29770,29229,27605,27064,26523,25981,25440,24899,24358,23816,23275,22734,22192,31394,30853,30312,29770,29229,28688,28147,27605,27064,26523,25981,25440,24899,24358,23816,23275,31394,30853,30312,29770,29229,28688,28147,27605,27064,26523,25981,25440,24899,24358,31936,31394,30853,30312,29770,29229,28688,28147,27605,27064,26523,25981,25440,24899,32477,31936,31394,30853,30312,29770,29229,28688,28147,27605,27064,26523,32477,31936,31394,30312,29770,29229,28688,28147,27605,27064,33018,32477,31936,30312,29229,28688
107,10826,9743,10284,20569,21110,21651,9202,9743,11367,14073,19486,20569,21110,11367,11908,12991,13532,14073,15156,16238,16780,17321,17862,18404,20569,21110,10826,14073,14615,15156,15697,17321,17862,18404,20027,20569,4330,4872,5413,5954,6495,7037,7578,8119,8660,9202,9743,10284,14073,14615,15156,17321,17862,19486,20027,3789,4330,4872,5413,5954,6495,8119,8660,12449,12991,13532,14615,15156,16238,16780,17321,17862,18404,18945,3248,3789,4330,4872,5413,5954,7578,8119,10826,11367,11908,14615,15156,15697,16238,1083,1624,2165,2706,3248,4330,4872,5413,5954,7578,8660,10284,10826,14073,14615,18404,18945,0,541,1083,1624,2165,3789,4330,4872,5413,7037,7578,8119,8660,17862,18404,541,1083,4330,4872,5413,7578,8119,9743,5413,5954,6495,10826,10284,5413,5954,6495,12991,12449,11908,11367,3789,4330,5413,5954,14073,13532,12991,8119,7578,7037,6495,5954,3248,2706,3248,3789,4330,4872,5413,5954,14615,8119,7578,7037,6495,5954,4330,3789,3248,3789,4330,4872,5954,6495,15156,7578,7037,6495,5954,5413,4872,4330,3789,4330,4872,5413,6495,15697,15156,13532,12991,10284,9743,8119,7578,7037,6495,5954,5413,4872,4330,4872,5413,5954,6495,15697,15156,14615,13532,12991,12449,11908,11367,10826,10284,8660,8119,7578,7037,6495,5954,5413,4872,5413,5954,6495,12449,11908,11367,10826,10284,9743,9202,8660,8119,7578,7037,6495,5954,5413,5954,6495,12449,11908,11367,10826,10284,9743,9202,8660,8119,7578,7037,6495,5954,6495,12991,12449,11908,11367,10826,10284,9743,9202,8660,8119,7578,7037,6495,7037,13532,12991,12449,11908,11367,10826,10284,9743,9202,8660,8119,7578,13532,12991,12449,11367,10826,10284,9743,9202,8660,8119,14073,13532,12991,11367,10284,9743
108,10284,9202,9743,20027,20569,21110,8660,9202,10826,13532,18945,20027,20569,10826,11367,12449,12991,13532,14615,15697,16238,16780,17321,17862,20027,20569,10284,13532,14073,14615,15156,16780,17321,17862,19486,20027,3789,4330,4872,5413,5954,6495,7037,7578,8119,8660,9202,9743,13532,14073,14615,16780,17321,18945,19486,3248,3789,4330,4872,5413,5954,7578,8119,11908,12449,12991,14073,14615,15697,16238,16780,17321,17862,18404,2706,3248,3789,4330,4872,5413,7037,7578,10284,10826,11367,14073,14615,15156,15697,541,1083,1624,2165,2706,3789,4330,4872,5413,7037,8119,9743,10284,13532,14073,17862,18404,541,0,541,1083,1624,3248,3789,4330,4872,6495,7037,7578,8119,17321,17862,1083,541,3789,4330,4872,7037,7578,10284,4872,5413,5954,11367,10826,4872,5413,5954,13532,12991,12449,11908,3248,3789,4872,5413,14615,14073,13532,8660,8119,7578,7037,6495,3789,3248,2706,3248,3789,4330,4872,5413,15156,8660,8119,7578,7037,6495,4872,4330,3789,3248,3789,4330,5413,5954,15697,8119,7578,7037,6495,5954,5413,4872,4330,3789,4330,4872,5954,16238,15697,14073,13532,10826,10284,8660,8119,7578,7037,6495,5954,5413,4872,4330,4872,5413,5954,16238,15697,15156,14073,13532,12991,12449,11908,11367,10826,9202,8660,8119,7578,7037,6495,5954,5413,4872,5413,5954,12991,12449,11908,11367,10826,10284,9743,9202,8660,8119,7578,7037,6495,5954,5413,5954,12991,12449,11908,11367,10826,10284,9743,9202,8660,8119,7578,7037,6495,5954,13532,12991,12449,11908,11367,10826,10284,9743,9202,8660,8119,7578,7037,6495,14073,13532,12991,12449,11908,11367,10826,10284,9743,9202,8660,8119,14073,13532,12991,11908,11367,10826,10284,9743,9202,8660,14615,14073,13532,11908,10826,10284
109,9743,8660,9202,19486,20027,20569,8119,8660,10284,12991,18404,19486,20027,10284,10826,11908,12449,12991,14073,15156,15697,16238,16780,17321,19486,20027,9743,12991,13532,14073,14615,16238,16780,17321,18945,19486,3248,3789,4330,4872,5413,5954,6495,7037,7578,8119,8660,9202,12991,13532,14073,16238,16780,18404,18945,2706,3248,3789,4330,4872,5413,7037,7578,11367,11908,12449,13532,14073,15156,15697,16238,16780,17321,17862,2165,2706,3248,3789,4330,4872,6495,7037,9743,10284,10826,13532,14073,14615,15156,1083,541,1083,1624,2165,3248,3789,4330,4872,6495,7578,9202,9743,12991,13532,17321,17862,1083,541,0,541,1083,2706,3248,3789,4330,5954,6495,7037,7578,16780,17321,1624,1083,3248,3789,4330,6495,7037,10826,4330,4872,5413,11908,11367,4330,4872,5413,14073,13532,12991,12449,2706,3248,4330,4872,15156,14615,14073,9202,8660,8119,7578,7037,4330,3789,3248,2706,3248,3789,4330,4872,15697,9202,8660,8119,7578,7037,5413,4872,4330,3789,3248,3789,4872,5413,16238,8660,8119,7578,7037,6495,5954,5413,4872,4330,3789,4330,5413,16780,16238,14615,14073,11367,10826,9202,8660,8119,7578,7037,6495,5954,5413,4872,4330,4872,5413,16780,16238,15697,14615,14073,13532,12991,12449,11908,11367,9743,9202,8660,8119,7578,7037,6495,5954,5413,4872,5413,13532,12991,12449,11908,11367,10826,10284,9743,9202,8660,8119,7578,7037,6495,5954,5413,13532,12991,12449,11908,11367,10826,10284,9743,9202,8660,8119,7578,7037,6495,14073,13532,12991,12449,11908,11367,10826,10284,9743,9202,8660,8119,7578,7037,14615,14073,13532,12991,12449,11908,11367,10826,10284,9743,9202,8660,14615,14073,13532,12449,11908,11367,10826,10284,9743,9202,15156,14615,14073,12449,11367,10826
110,9202,8119,8660,18945,19486,20027,7578,8119,9743,12449,17862,18945,19486,9743,10284,11367,11908,12449,13532,14615,15156,15697,16238,16780,18945,19486,9202,12449,12991,13532,14073,15697,16238,16780,18404,18945,2706,3248,3789,4330,4872,5413,5954,6495,7037,7578,8119,8660,12449,12991,13532,15697,16238,17862,18404,2165,2706,3248,3789,4330,4872,6495,7037,10826,11367,11908,12991,13532,14615,15156,15697,16238,16780,17321,1624,2165,2706,3248,3789,4330,5954,6495,9202,9743,10284,12991,13532,14073,14615,1624,1083,541,1083,1624,2706,3248,3789,4330,5954,7037,8660,9202,12449,12991,16780,17321,1624,1083,541,0,541,2165,2706,3248,3789,5413,5954,6495,7037,16238,16780,2165,1624,2706,3248,3789,5954,6495,11367,3789,4330,4872,12449,11908,3789,4330,4872,14615,14073,13532,12991,2165,2706,3789,4330,15697,15156,14615,9743,9202,8660,8119,7578,4872,4330,3789,3248,2706,3248,3789,4330,16238,9743,9202,8660,8119,7578,5954,5413,4872,4330,3789,3248,4330,4872,16780,9202,8660,8119,7578,7037,6495,5954,5413,4872,4330,3789,4872,17321,16780,15156,14615,11908,11367,9743,9202,8660,8119,7578,7037,6495,5954,5413,4872,4330,4872,17321,16780,16238,15156,14615,14073,13532,12991,12449,11908,10284,9743,9202,8660,8119,7578,7037,6495,5954,5413,4872,14073,13532,12991,12449,11908,11367,10826,10284,9743,9202,8660,8119,7578,7037,6495,5954,14073,13532,12991,12449,11908,11367,10826,10284,9743,9202,8660,8119,7578,7037,14615,14073,13532,12991,12449,11908,11367,10826,10284,9743,9202,8660,8119,7578,15156,14615,14073,13532,12991,12449,11908,11367,10826,10284,9743,9202,15156,14615,14073,12991,12449,11908,11367,10826,10284,9743,15697,15156,14615,12991,11908,11367
111,8660,7578,8119,18404,18945,19486,7037,7578,9202,11908,17321,18404,18945,9202,9743,10826,11367,11908,12991,14073,14615,15156,15697,16238,18404,18945,8660,11908,12449,12991,13532,15156,15697,16238,17862,18404,2165,2706,3248,3789,4330,4872,5413,5954,6495,7037,7578,8119,11908,12449,12991,15156,15697,17321,17862,1624,2165,2706,3248,3789,4330,5954,6495,10284,10826,11367,12449,12991,14073,14615,15156,15697,16238,16780,1083,1624,2165,2706,3248,3789,5413,5954,8660,9202,9743,12449,12991,13532,14073,2165,1624,1083,541,1083,2165,2706,3248,3789,5413,6495,8119,8660,11908,12449,16238,16780,2165,1624,1083,541,0,1624,2165,2706,3248,4872,5413,5954,6495,15697,16238,2706,2165,2165,2706,3248,5413,5954,11908,3248,3789,4330,12991,12449,3248,3789,4330,15156,14615,14073,13532,2706,2165,3248,3789,16238,15697,15156,10284,9743,9202,8660,8119,5413,4872,4330,3789,3248,2706,3248,3789,16780,10284,9743,9202,8660,8119,6495,5954,5413,4872,4330,3789,3789,4330,17321,9743,9202,8660,8119,7578,7037,6495,5954,5413,4872,4330,4330,17862,17321,15697,15156,12449,11908,10284,9743,9202,8660,8119,7578,7037,6495,5954,5413,4872,4330,17862,17321,16780,15697,15156,14615,14073,13532,12991,12449,10826,10284,9743,9202,8660,8119,7578,7037,6495,5954,5413,14615,14073,13532,12991,12449,11908,11367,10826,10284,9743,9202,8660,8119,7578,7037,6495,14615,14073,13532,12991,12449,11908,11367,10826,10284,9743,9202,8660,8119,7578,15156,14615,14073,13532,12991,12449,11908,11367,10826,10284,9743,9202,8660,8119,15697,15156,14615,14073,13532,12991,12449,11908,11367,10826,10284,9743,15697,15156,14615,13532,12991,12449,11908,11367,10826,10284,16238,15697,15156,13532,12449,11908
112,7037,5954,6495,16780,17321,17862,5413,5954,7578,10284,15697,16780,17321,7578,8119,9202,9743,10284,11367,12449,12991,13532,14073,14615,16780,17321,7037,10284,10826,11367,11908,13532,14073,14615,16238,16780,3789,3248,2706,2165,2706,3248,3789,4330,4872,5413,5954,6495,10284,10826,11367,13532,14073,15697,16238,3248,2706,2165,1624,2165,2706,4330,4872,8660,9202,9743,10826,11367,12449,12991,13532,14073,14615,15156,2706,2165,1624,1083,1624,2165,3789,4330,7037,7578,8119,10826,11367,11908,12449,3789,3248,2706,2165,1624,541,1083,1624,2165,3789,4872,6495,7037,10284,10826,14615,15156,3789,3248,2706,2165,1624,0,541,1083,1624,3248,3789,4330,4872,14073,14615,4330,3789,541,1083,1624,3789,4330,13532,1624,2165,2706,14615,14073,1624,2165,2706,16780,16238,15697,15156,4330,3789,2706,2165,17862,17321,16780,11908,11367,10826,10284,9743,7037,6495,5954,5413,4872,4330,3789,3248,18404,11908,11367,10826,10284,9743,8119,7578,7037,6495,5954,5413,4330,3789,18945,11367,10826,10284,9743,9202,8660,8119,7578,7037,6495,5954,4872,19486,18945,17321,16780,14073,13532,11908,11367,10826,10284,9743,9202,8660,8119,7578,7037,6495,5954,19486,18945,18404,17321,16780,16238,15697,15156,14615,14073,12449,11908,11367,10826,10284,9743,9202,8660,8119,7578,7037,16238,15697,15156,14615,14073,13532,12991,12449,11908,11367,10826,10284,9743,9202,8660,8119,16238,15697,15156,14615,14073,13532,12991,12449,11908,11367,10826,10284,9743,9202,16780,16238,15697,15156,14615,14073,13532,12991,12449,11908,11367,10826,10284,9743,17321,16780,16238,15697,15156,14615,14073,13532,12991,12449,11908,11367,17321,16780,16238,15156,14615,14073,13532,12991,12449,11908,17862,17321,16780,15156,14073,13532
113,6495,5413,5954,16238,16780,17321,4872,5413,7037,9743,15156,16238,16780,7037,7578,8660,9202,9743,10826,11908,12449,12991,13532,14073,16238,16780,6495,9743,10284,10826,11367,12991,13532,14073,15697,16238,4330,3789,3248,2706,2165,2706,3248,3789,4330,4872,5413,5954,9743,10284,10826,12991,13532,15156,15697,3789,3248,2706,2165,1624,2165,3789,4330,8119,8660,9202,10284,10826,11908,12449,12991,13532,14073,14615,3248,2706,2165,1624,1083,1624,3248,3789,6495,7037,7578,10284,10826,11367,11908,4330,3789,3248,2706,2165,1083,541,1083,1624,3248,4330,5954,6495,9743,10284,14073,14615,4330,3789,3248,2706,2165,541,0,541,1083,2706,3248,3789,4330,13532,14073,4872,4330,1083,541,1083,3248,3789,14073,1083,1624,2165,15156,14615,2165,1624,2165,17321,16780,16238,15697,4872,4330,3248,2706,18404,17862,17321,12449,11908,11367,10826,10284,7578,7037,6495,5954,5413,4872,4330,3789,18945,12449,11908,11367,10826,10284,8660,8119,7578,7037,6495,5954,4872,4330,19486,11908,11367,10826,10284,9743,9202,8660,8119,7578,7037,6495,5413,20027,19486,17862,17321,14615,14073,12449,11908,11367,10826,10284,9743,9202,8660,8119,7578,7037,6495,20027,19486,18945,17862,17321,16780,16238,15697,15156,14615,12991,12449,11908,11367,10826,10284,9743,9202,8660,8119,7578,16780,16238,15697,15156,14615,14073,13532,12991,12449,11908,11367,10826,10284,9743,9202,8660,16780,16238,15697,15156,14615,14073,13532,12991,12449,11908,11367,10826,10284,9743,17321,16780,16238,15697,15156,14615,14073,13532,12991,12449,11908,11367,10826,10284,17862,17321,16780,16238,15697,15156,14615,14073,13532,12991,12449,11908,17862,17321,16780,15697,15156,14615,14073,13532,12991,12449,18404,17862,17321,15697,14615,14073
114,5954,4872,5413,15697,16238,16780,4330,4872,6495,9202,14615,15697,16238,6495,7037,8119,8660,9202,10284,11367,11908,12449,12991,13532,15697,16238,5954,9202,9743,10284,10826,12449,12991,13532,15156,15697,4872,4330,3789,3248,2706,2165,2706,3248,3789,4330,4872,5413,9202,9743,10284,12449,12991,14615,15156,4330,3789,3248,2706,2165,1624,3248,3789,7578,8119,8660,9743,10284,11367,11908,12449,12991,13532,14073,3789,3248,2706,2165,1624,1083,2706,3248,5954,6495,7037,9743,10284,10826,11367,4872,4330,3789,3248,2706,1624,1083,541,1083,2706,3789,5413,5954,9202,9743,13532,14073,4872,4330,3789,3248,2706,1083,541,0,541,2165,2706,3248,3789,12991,13532,5413,4872,1624,1083,541,2706,3248,14615,1624,1083,1624,15697,15156,2706,2165,1624,17862,17321,16780,16238,5413,4872,3789,3248,18945,18404,17862,12991,12449,11908,11367,10826,8119,7578,7037,6495,5954,5413,4872,4330,19486,12991,12449,11908,11367,10826,9202,8660,8119,7578,7037,6495,5413,4872,20027,12449,11908,11367,10826,10284,9743,9202,8660,8119,7578,7037,5954,20569,20027,18404,17862,15156,14615,12991,12449,11908,11367,10826,10284,9743,9202,8660,8119,7578,7037,20569,20027,19486,18404,17862,17321,16780,16238,15697,15156,13532,12991,12449,11908,11367,10826,10284,9743,9202,8660,8119,17321,16780,16238,15697,15156,14615,14073,13532,12991,12449,11908,11367,10826,10284,9743,9202,17321,16780,16238,15697,15156,14615,14073,13532,12991,12449,11908,11367,10826,10284,17862,17321,16780,16238,15697,15156,14615,14073,13532,12991,12449,11908,11367,10826,18404,17862,17321,16780,16238,15697,15156,14615,14073,13532,12991,12449,18404,17862,17321,16238,15697,15156,14615,14073,13532,12991,18945,18404,17862,16238,15156,14615
115,5413,4330,4872,15156,15697,16238,3789,4330,5954,8660,14073,15156,15697,5954,6495,7578,8119,8660,9743,10826,11367,11908,12449,12991,15156,15697,5413,8660,9202,9743,10284,11908,12449,12991,14615,15156,5413,4872,4330,3789,3248,2706,2165,2706,3248,3789,4330,4872,8660,9202,9743,11908,12449,14073,14615,4872,4330,3789,3248,2706,2165,2706,3248,7037,7578,8119,9202,9743,10826,11367,11908,12449,12991,13532,4330,3789,3248,2706,2165,1624,2165,2706,5413,5954,6495,9202,9743,10284,10826,5413,4872,4330,3789,3248,2165,1624,1083,541,2165,3248,4872,5413,8660,9202,12991,13532,5413,4872,4330,3789,3248,1624,1083,541,0,1624,2165,2706,3248,12449,12991,5954,5413,2165,1624,1083,2165,2706,15156,2165,1624,1083,16238,15697,3248,2706,2165,18404,17862,17321,16780,5954,5413,4330,3789,19486,18945,18404,13532,12991,12449,11908,11367,8660,8119,7578,7037,6495,5954,5413,4872,20027,13532,12991,12449,11908,11367,9743,9202,8660,8119,7578,7037,5954,5413,20569,12991,12449,11908,11367,10826,10284,9743,9202,8660,8119,7578,6495,21110,20569,18945,18404,15697,15156,13532,12991,12449,11908,11367,10826,10284,9743,9202,8660,8119,7578,21110,20569,20027,18945,18404,17862,17321,16780,16238,15697,14073,13532,12991,12449,11908,11367,10826,10284,9743,9202,8660,17862,17321,16780,16238,15697,15156,14615,14073,13532,12991,12449,11908,11367,10826,10284,9743,17862,17321,16780,16238,15697,15156,14615,14073,13532,12991,12449,11908,11367,10826,18404,17862,17321,16780,16238,15697,15156,14615,14073,13532,12991,12449,11908,11367,18945,18404,17862,17321,16780,16238,15697,15156,14615,14073,13532,12991,18945,18404,17862,16780,16238,15697,15156,14615,14073,13532,19486,18945,18404,16780,15697,15156
116,5954,5954,5413,13532,14073,14615,5413,4872,4330,7037,12449,13532,14073,4330,4872,5954,6495,7037,8119,9202,9743,10284,10826,11367,13532,14073,3789,7037,7578,8119,8660,10284,10826,11367,12991,13532,7037,6495,5954,5413,4872,4330,3789,3248,2706,2165,2706,3248,7037,7578,8119,10284,10826,12449,12991,6495,5954,5413,4872,4330,3789,2165,1624,5413,5954,6495,7578,8119,9202,9743,10284,10826,11367,11908,5954,5413,4872,4330,3789,3248,1624,1083,3789,4330,4872,7578,8119,8660,9202,7037,6495,5954,5413,4872,3789,3248,2706,2165,541,1624,3248,3789,7037,7578,11367,11908,7037,6495,5954,5413,4872,3248,2706,2165,1624,0,541,1083,1624,10826,11367,7578,7037,3789,3248,2706,541,1083,16780,3789,3248,2706,17862,17321,4872,4330,3789,20027,19486,18945,18404,7578,7037,5954,5413,21110,20569,20027,15156,14615,14073,13532,12991,10284,9743,9202,8660,8119,7578,7037,6495,21651,15156,14615,14073,13532,12991,11367,10826,10284,9743,9202,8660,7578,7037,22192,14615,14073,13532,12991,12449,11908,11367,10826,10284,9743,9202,8119,22734,22192,20569,20027,17321,16780,15156,14615,14073,13532,12991,12449,11908,11367,10826,10284,9743,9202,22734,22192,21651,20569,20027,19486,18945,18404,17862,17321,15697,15156,14615,14073,13532,12991,12449,11908,11367,10826,10284,19486,18945,18404,17862,17321,16780,16238,15697,15156,14615,14073,13532,12991,12449,11908,11367,19486,18945,18404,17862,17321,16780,16238,15697,15156,14615,14073,13532,12991,12449,20027,19486,18945,18404,17862,17321,16780,16238,15697,15156,14615,14073,13532,12991,20569,20027,19486,18945,18404,17862,17321,16780,16238,15697,15156,14615,20569,20027,19486,18404,17862,17321,16780,16238,15697,15156,21110,20569,20027,18404,17321,16780
117,6495,6495,5954,12991,13532,14073,5954,5413,3789,6495,11908,12991,13532,3789,4330,5413,5954,6495,7578,8660,9202,9743,10284,10826,12991,13532,3248,6495,7037,7578,8119,9743,10284,10826,12449,12991,7578,7037,6495,5954,5413,4872,4330,3789,3248,2706,2165,2706,6495,7037,7578,9743,10284,11908,12449,7037,6495,5954,5413,4872,4330,2706,2165,4872,5413,5954,7037,7578,8660,9202,9743,10284,10826,11367,6495,5954,5413,4872,4330,3789,2165,1624,3248,3789,4330,7037,7578,8119,8660,7578,7037,6495,5954,5413,4330,3789,3248,2706,1083,1083,2706,3248,6495,7037,10826,11367,7578,7037,6495,5954,5413,3789,3248,2706,2165,541,0,541,1083,10284,10826,8119,7578,4330,3789,3248,1083,541,17321,4330,3789,3248,18404,17862,5413,4872,4330,20569,20027,19486,18945,8119,7578,6495,5954,21651,21110,20569,15697,15156,14615,14073,13532,10826,10284,9743,9202,8660,8119,7578,7037,22192,15697,15156,14615,14073,13532,11908,11367,10826,10284,9743,9202,8119,7578,22734,15156,14615,14073,13532,12991,12449,11908,11367,10826,10284,9743,8660,23275,22734,21110,20569,17862,17321,15697,15156,14615,14073,13532,12991,12449,11908,11367,10826,10284,9743,23275,22734,22192,21110,20569,20027,19486,18945,18404,17862,16238,15697,15156,14615,14073,13532,12991,12449,11908,11367,10826,20027,19486,18945,18404,17862,17321,16780,16238,15697,15156,14615,14073,13532,12991,12449,11908,20027,19486,18945,18404,17862,17321,16780,16238,15697,15156,14615,14073,13532,12991,20569,20027,19486,18945,18404,17862,17321,16780,16238,15697,15156,14615,14073,13532,21110,20569,20027,19486,18945,18404,17862,17321,16780,16238,15697,15156,21110,20569,20027,18945,18404,17862,17321,16780,16238,15697,21651,21110,20569,18945,17862,17321
118,7037,7037,6495,12449,12991,13532,6495,5954,4330,5954,11367,12449,12991,3248,3789,4872,5413,5954,7037,8119,8660,9202,9743,10284,12449,12991,2706,5954,6495,7037,7578,9202,9743,10284,11908,12449,8119,7578,7037,6495,5954,5413,4872,4330,3789,3248,2706,2165,5954,6495,7037,9202,9743,11367,11908,7578,7037,6495,5954,5413,4872,3248,2706,4330,4872,5413,6495,7037,8119,8660,9202,9743,10284,10826,7037,6495,5954,5413,4872,4330,2706,2165,2706,3248,3789,6495,7037,7578,8119,8119,7578,7037,6495,5954,4872,4330,3789,3248,1624,541,2165,2706,5954,6495,10284,10826,8119,7578,7037,6495,5954,4330,3789,3248,2706,1083,541,0,541,9743,10284,8660,8119,4872,4330,3789,1624,1083,17862,4872,4330,3789,18945,18404,5954,5413,4872,21110,20569,20027,19486,8660,8119,7037,6495,22192,21651,21110,16238,15697,15156,14615,14073,11367,10826,10284,9743,9202,8660,8119,7578,22734,16238,15697,15156,14615,14073,12449,11908,11367,10826,10284,9743,8660,8119,23275,15697,15156,14615,14073,13532,12991,12449,11908,11367,10826,10284,9202,23816,23275,21651,21110,18404,17862,16238,15697,15156,14615,14073,13532,12991,12449,11908,11367,10826,10284,23816,23275,22734,21651,21110,20569,20027,19486,18945,18404,16780,16238,15697,15156,14615,14073,13532,12991,12449,11908,11367,20569,20027,19486,18945,18404,17862,17321,16780,16238,15697,15156,14615,14073,13532,12991,12449,20569,20027,19486,18945,18404,17862,17321,16780,16238,15697,15156,14615,14073,13532,21110,20569,20027,19486,18945,18404,17862,17321,16780,16238,15697,15156,14615,14073,21651,21110,20569,20027,19486,18945,18404,17862,17321,16780,16238,15697,21651,21110,20569,19486,18945,18404,17862,17321,16780,16238,22192,21651,21110,19486,18404,17862
119,7578,7578,7037,11908,12449,12991,7037,6495,4872,5413,10826,11908,12449,3789,3248,4330,4872,5413,6495,7578,8119,8660,9202,9743,11908,12449,3248,5413,5954,6495,7037,8660,9202,9743,11367,11908,8660,8119,7578,7037,6495,5954,5413,4872,4330,3789,3248,2706,5413,5954,6495,8660,9202,10826,11367,8119,7578,7037,6495,5954,5413,3789,3248,3789,4330,4872,5954,6495,7578,8119,8660,9202,9743,10284,7578,7037,6495,5954,5413,4872,3248,2706,2165,2706,3248,5954,6495,7037,7578,8660,8119,7578,7037,6495,5413,4872,4330,3789,2165,1083,1624,2165,5413,5954,9743,10284,8660,8119,7578,7037,6495,4872,4330,3789,3248,1624,1083,541,0,9202,9743,9202,8660,5413,4872,4330,2165,1624,18404,5413,4872,4330,19486,18945,6495,5954,5413,21651,21110,20569,20027,9202,8660,7578,7037,22734,22192,21651,16780,16238,15697,15156,14615,11908,11367,10826,10284,9743,9202,8660,8119,23275,16780,16238,15697,15156,14615,12991,12449,11908,11367,10826,10284,9202,8660,23816,16238,15697,15156,14615,14073,13532,12991,12449,11908,11367,10826,9743,24358,23816,22192,21651,18945,18404,16780,16238,15697,15156,14615,14073,13532,12991,12449,11908,11367,10826,24358,23816,23275,22192,21651,21110,20569,20027,19486,18945,17321,16780,16238,15697,15156,14615,14073,13532,12991,12449,11908,21110,20569,20027,19486,18945,18404,17862,17321,16780,16238,15697,15156,14615,14073,13532,12991,21110,20569,20027,19486,18945,18404,17862,17321,16780,16238,15697,15156,14615,14073,21651,21110,20569,20027,19486,18945,18404,17862,17321,16780,16238,15697,15156,14615,22192,21651,21110,20569,20027,19486,18945,18404,17862,17321,16780,16238,22192,21651,21110,20027,19486,18945,18404,17862,17321,16780,22734,22192,21651,20027,18945,18404
120,16780,16780,16238,5954,5413,4872,16238,15697,14073,11367,5954,4872,4330,12991,12449,11367,10826,10284,9202,8119,7578,7037,6495,5954,3789,3248,12449,9202,8660,8119,7578,5954,5413,4872,3248,2706,17862,17321,16780,16238,15697,15156,14615,14073,13532,12991,12449,11908,8119,7578,7037,4872,4330,2706,2165,17321,16780,16238,15697,15156,14615,12991,12449,8660,8119,7578,6495,5954,4872,4330,3789,3248,2706,2165,16780,16238,15697,15156,14615,14073,12449,11908,9202,8660,8119,5413,4872,4330,3789,17862,17321,16780,16238,15697,14615,14073,13532,12991,11367,10284,8660,8119,4872,4330,541,1083,17862,17321,16780,16238,15697,14073,13532,12991,12449,10826,10284,9743,9202,0,541,18404,17862,14615,14073,13532,11367,10826,27605,14615,14073,13532,28688,28147,15697,15156,14615,30853,30312,29770,29229,18404,17862,16780,16238,31936,31394,30853,25981,25440,24899,24358,23816,21110,20569,20027,19486,18945,18404,17862,17321,32477,25981,25440,24899,24358,23816,22192,21651,21110,20569,20027,19486,18404,17862,33018,25440,24899,24358,23816,23275,22734,22192,21651,21110,20569,20027,18945,33559,33018,31394,30853,28147,27605,25981,25440,24899,24358,23816,23275,22734,22192,21651,21110,20569,20027,33559,33018,32477,31394,30853,30312,29770,29229,28688,28147,26523,25981,25440,24899,24358,23816,23275,22734,22192,21651,21110,30312,29770,29229,28688,28147,27605,27064,26523,25981,25440,24899,24358,23816,23275,22734,22192,30312,29770,29229,28688,28147,27605,27064,26523,25981,25440,24899,24358,23816,23275,30853,30312,29770,29229,28688,28147,27605,27064,26523,25981,25440,24899,24358,23816,31394,30853,30312,29770,29229,28688,28147,27605,27064,26523,25981,25440,31394,30853,30312,29229,28688,28147,27605,27064,26523,25981,31936,31394,30853,29229,28147,27605
121,17321,17321,16780,6495,5954,5413,16780,16238,14615,11908,6495,5413,4872,13532,12991,11908,11367,10826,9743,8660,8119,7578,7037,6495,4330,3789,12991,9743,9202,8660,8119,6495,5954,5413,3789,3248,18404,17862,17321,16780,16238,15697,15156,14615,14073,13532,12991,12449,8660,8119,7578,5413,4872,3248,2706,17862,17321,16780,16238,15697,15156,13532,12991,9202,8660,8119,7037,6495,5413,4872,4330,3789,3248,2706,17321,16780,16238,15697,15156,14615,12991,12449,9743,9202,8660,5954,5413,4872,4330,18404,17862,17321,16780,16238,15156,14615,14073,13532,11908,10826,9202,8660,5413,4872,1083,541,18404,17862,17321,16780,16238,14615,14073,13532,12991,11367,10826,10284,9743,541,0,18945,18404,15156,14615,14073,11908,11367,28147,15156,14615,14073,29229,28688,16238,15697,15156,31394,30853,30312,29770,18945,18404,17321,16780,32477,31936,31394,26523,25981,25440,24899,24358,21651,21110,20569,20027,19486,18945,18404,17862,33018,26523,25981,25440,24899,24358,22734,22192,21651,21110,20569,20027,18945,18404,33559,25981,25440,24899,24358,23816,23275,22734,22192,21651,21110,20569,19486,34101,33559,31936,31394,28688,28147,26523,25981,25440,24899,24358,23816,23275,22734,22192,21651,21110,20569,34101,33559,33018,31936,31394,30853,30312,29770,29229,28688,27064,26523,25981,25440,24899,24358,23816,23275,22734,22192,21651,30853,30312,29770,29229,28688,28147,27605,27064,26523,25981,25440,24899,24358,23816,23275,22734,30853,30312,29770,29229,28688,28147,27605,27064,26523,25981,25440,24899,24358,23816,31394,30853,30312,29770,29229,28688,28147,27605,27064,26523,25981,25440,24899,24358,31936,31394,30853,30312,29770,29229,28688,28147,27605,27064,26523,25981,31936,31394,30853,29770,29229,28688,28147,27605,27064,26523,32477,31936,31394,29770,28688,28147
122,11367,10284,10826,21110,21651,22192,9743,10284,11908,14615,20027,21110,21651,11908,12449,13532,14073,14615,15697,16780,17321,17862,18404,18945,21110,21651,11367,14615,15156,15697,16238,17862,18404,18945,20569,21110,4872,5413,5954,6495,7037,7578,8119,8660,9202,9743,10284,10826,14615,15156,15697,17862,18404,20027,20569,4330,4872,5413,5954,6495,7037,8660,9202,12991,13532,14073,15156,15697,16780,17321,17862,18404,18945,19486,3789,4330,4872,5413,5954,6495,8119,8660,11367,11908,12449,15156,15697,16238,16780,1624,2165,2706,3248,3789,4872,5413,5954,6495,8119,9202,10826,11367,14615,15156,18945,19486,541,1083,1624,2165,2706,4330,4872,5413,5954,7578,8119,8660,9202,18404,18945,0,541,3789,4330,4872,7037,7578,9202,4872,5413,5954,10284,9743,4872,5413,5954,12449,11908,11367,10826,3248,3789,4872,5413,13532,12991,12449,7578,7037,6495,5954,5413,2706,2165,2706,3248,3789,4330,4872,5413,14073,7578,7037,6495,5954,5413,3789,3248,2706,3248,3789,4330,5413,5954,14615,7037,6495,5954,5413,4872,4330,3789,3248,3789,4330,4872,5954,15156,14615,12991,12449,9743,9202,7578,7037,6495,5954,5413,4872,4330,3789,4330,4872,5413,5954,15156,14615,14073,12991,12449,11908,11367,10826,10284,9743,8119,7578,7037,6495,5954,5413,4872,4330,4872,5413,5954,11908,11367,10826,10284,9743,9202,8660,8119,7578,7037,6495,5954,5413,4872,5413,5954,11908,11367,10826,10284,9743,9202,8660,8119,7578,7037,6495,5954,5413,5954,12449,11908,11367,10826,10284,9743,9202,8660,8119,7578,7037,6495,5954,6495,12991,12449,11908,11367,10826,10284,9743,9202,8660,8119,7578,7037,12991,12449,11908,10826,10284,9743,9202,8660,8119,7578,13532,12991,12449,10826,9743,9202
123,10826,9743,10284,20569,21110,21651,9202,9743,11367,14073,19486,20569,21110,11367,11908,12991,13532,14073,15156,16238,16780,17321,17862,18404,20569,21110,10826,14073,14615,15156,15697,17321,17862,18404,20027,20569,4330,4872,5413,5954,6495,7037,7578,8119,8660,9202,9743,10284,14073,14615,15156,17321,17862,19486,20027,3789,4330,4872,5413,5954,6495,8119,8660,12449,12991,13532,14615,15156,16238,16780,17321,17862,18404,18945,3248,3789,4330,4872,5413,5954,7578,8119,10826,11367,11908,14615,15156,15697,16238,1083,1624,2165,2706,3248,4330,4872,5413,5954,7578,8660,10284,10826,14073,14615,18404,18945,1083,541,1083,1624,2165,3789,4330,4872,5413,7037,7578,8119,8660,17862,18404,541,0,3248,3789,4330,6495,7037,9743,4330,4872,5413,10826,10284,4330,4872,5413,12991,12449,11908,11367,2706,3248,4330,4872,14073,13532,12991,8119,7578,7037,6495,5954,3248,2706,2165,2706,3248,3789,4330,4872,14615,8119,7578,7037,6495,5954,4330,3789,3248,2706,3248,3789,4872,5413,15156,7578,7037,6495,5954,5413,4872,4330,3789,3248,3789,4330,5413,15697,15156,13532,12991,10284,9743,8119,7578,7037,6495,5954,5413,4872,4330,3789,4330,4872,5413,15697,15156,14615,13532,12991,12449,11908,11367,10826,10284,8660,8119,7578,7037,6495,5954,5413,4872,4330,4872,5413,12449,11908,11367,10826,10284,9743,9202,8660,8119,7578,7037,6495,5954,5413,4872,5413,12449,11908,11367,10826,10284,9743,9202,8660,8119,7578,7037,6495,5954,5413,12991,12449,11908,11367,10826,10284,9743,9202,8660,8119,7578,7037,6495,5954,13532,12991,12449,11908,11367,10826,10284,9743,9202,8660,8119,7578,13532,12991,12449,11367,10826,10284,9743,9202,8660,8119,14073,13532,12991,11367,10284,9743
124,7578,6495,7037,17321,17862,18404,5954,6495,8119,10826,16238,17321,17862,8119,8660,9743,10284,10826,11908,12991,13532,14073,14615,15156,17321,17862,7578,10826,11367,11908,12449,14073,14615,15156,16780,17321,4330,3789,3248,2706,3248,3789,4330,4872,5413,5954,6495,7037,10826,11367,11908,14073,14615,16238,16780,3789,3248,2706,2165,2706,3248,4872,5413,9202,9743,10284,11367,11908,12991,13532,14073,14615,15156,15697,3248,2706,2165,1624,2165,2706,4330,4872,7578,8119,8660,11367,11908,12449,12991,4330,3789,3248,2706,2165,1083,1624,2165,2706,4330,5413,7037,7578,10826,11367,15156,15697,4330,3789,3248,2706,2165,541,1083,1624,2165,3789,4330,4872,5413,14615,15156,3789,3248,0,541,1083,3248,3789,12991,1083,1624,2165,14073,13532,1083,1624,2165,16238,15697,15156,14615,3789,3248,2165,1624,17321,16780,16238,11367,10826,10284,9743,9202,6495,5954,5413,4872,4330,3789,3248,2706,17862,11367,10826,10284,9743,9202,7578,7037,6495,5954,5413,4872,3789,3248,18404,10826,10284,9743,9202,8660,8119,7578,7037,6495,5954,5413,4330,18945,18404,16780,16238,13532,12991,11367,10826,10284,9743,9202,8660,8119,7578,7037,6495,5954,5413,18945,18404,17862,16780,16238,15697,15156,14615,14073,13532,11908,11367,10826,10284,9743,9202,8660,8119,7578,7037,6495,15697,15156,14615,14073,13532,12991,12449,11908,11367,10826,10284,9743,9202,8660,8119,7578,15697,15156,14615,14073,13532,12991,12449,11908,11367,10826,10284,9743,9202,8660,16238,15697,15156,14615,14073,13532,12991,12449,11908,11367,10826,10284,9743,9202,16780,16238,15697,15156,14615,14073,13532,12991,12449,11908,11367,10826,16780,16238,15697,14615,14073,13532,12991,12449,11908,11367,17321,16780,16238,14615,13532,12991
125,7037,5954,6495,16780,17321,17862,5413,5954,7578,10284,15697,16780,17321,7578,8119,9202,9743,10284,11367,12449,12991,13532,14073,14615,16780,17321,7037,10284,10826,11367,11908,13532,14073,14615,16238,16780,4872,4330,3789,3248,2706,3248,3789,4330,4872,5413,5954,6495,10284,10826,11367,13532,14073,15697,16238,4330,3789,3248,2706,2165,2706,4330,4872,8660,9202,9743,10826,11367,12449,12991,13532,14073,14615,15156,3789,3248,2706,2165,1624,2165,3789,4330,7037,7578,8119,10826,11367,11908,12449,4872,4330,3789,3248,2706,1624,1083,1624,2165,3789,4872,6495,7037,10284,10826,14615,15156,4872,4330,3789,3248,2706,1083,541,1083,1624,3248,3789,4330,4872,14073,14615,4330,3789,541,0,541,2706,3248,13532,541,1083,1624,14615,14073,1624,1083,1624,16780,16238,15697,15156,4330,3789,2706,2165,17862,17321,16780,11908,11367,10826,10284,9743,7037,6495,5954,5413,4872,4330,3789,3248,18404,11908,11367,10826,10284,9743,8119,7578,7037,6495,5954,5413,4330,3789,18945,11367,10826,10284,9743,9202,8660,8119,7578,7037,6495,5954,4872,19486,18945,17321,16780,14073,13532,11908,11367,10826,10284,9743,9202,8660,8119,7578,7037,6495,5954,19486,18945,18404,17321,16780,16238,15697,15156,14615,14073,12449,11908,11367,10826,10284,9743,9202,8660,8119,7578,7037,16238,15697,15156,14615,14073,13532,12991,12449,11908,11367,10826,10284,9743,9202,8660,8119,16238,15697,15156,14615,14073,13532,12991,12449,11908,11367,10826,10284,9743,9202,16780,16238,15697,15156,14615,14073,13532,12991,12449,11908,11367,10826,10284,9743,17321,16780,16238,15697,15156,14615,14073,13532,12991,12449,11908,11367,17321,16780,16238,15156,14615,14073,13532,12991,12449,11908,17862,17321,16780,15156,14073,13532
126,6495,5413,5954,16238,16780,17321,4872,5413,7037,9743,15156,16238,16780,7037,7578,8660,9202,9743,10826,11908,12449,12991,13532,14073,16238,16780,6495,9743,10284,10826,11367,12991,13532,14073,15697,16238,5413,4872,4330,3789,3248,2706,3248,3789,4330,4872,5413,5954,9743,10284,10826,12991,13532,15156,15697,4872,4330,3789,3248,2706,2165,3789,4330,8119,8660,9202,10284,10826,11908,12449,12991,13532,14073,14615,4330,3789,3248,2706,2165,1624,3248,3789,6495,7037,7578,10284,10826,11367,11908,5413,4872,4330,3789,3248,2165,1624,1083,1624,3248,4330,5954,6495,9743,10284,14073,14615,5413,4872,4330,3789,3248,1624,1083,541,1083,2706,3248,3789,4330,13532,14073,4872,4330,1083,541,0,2165,2706,14073,1083,541,1083,15156,14615,2165,1624,1083,17321,16780,16238,15697,4872,4330,3248,2706,18404,17862,17321,12449,11908,11367,10826,10284,7578,7037,6495,5954,5413,4872,4330,3789,18945,12449,11908,11367,10826,10284,8660,8119,7578,7037,6495,5954,4872,4330,19486,11908,11367,10826,10284,9743,9202,8660,8119,7578,7037,6495,5413,20027,19486,17862,17321,14615,14073,12449,11908,11367,10826,10284,9743,9202,8660,8119,7578,7037,6495,20027,19486,18945,17862,17321,16780,16238,15697,15156,14615,12991,12449,11908,11367,10826,10284,9743,9202,8660,8119,7578,16780,16238,15697,15156,14615,14073,13532,12991,12449,11908,11367,10826,10284,9743,9202,8660,16780,16238,15697,15156,14615,14073,13532,12991,12449,11908,11367,10826,10284,9743,17321,16780,16238,15697,15156,14615,14073,13532,12991,12449,11908,11367,10826,10284,17862,17321,16780,16238,15697,15156,14615,14073,13532,12991,12449,11908,17862,17321,16780,15697,15156,14615,14073,13532,12991,12449,18404,17862,17321,15697,14615,14073
127,6495,6495,5954,14073,14615,15156,5954,5413,4872,7578,12991,14073,14615,4872,5413,6495,7037,7578,8660,9743,10284,10826,11367,11908,14073,14615,4330,7578,8119,8660,9202,10826,11367,11908,13532,14073,7578,7037,6495,5954,5413,4872,4330,3789,3248,2706,3248,3789,7578,8119,8660,10826,11367,12991,13532,7037,6495,5954,5413,4872,4330,2706,2165,5954,6495,7037,8119,8660,9743,10284,10826,11367,11908,12449,6495,5954,5413,4872,4330,3789,2165,1624,4330,4872,5413,8119,8660,9202,9743,7578,7037,6495,5954,5413,4330,3789,3248,2706,1083,2165,3789,4330,7578,8119,11908,12449,7578,7037,6495,5954,5413,3789,3248,2706,2165,541,1083,1624,2165,11367,11908,7037,6495,3248,2706,2165,0,541,16238,3248,2706,2165,17321,16780,4330,3789,3248,19486,18945,18404,17862,7037,6495,5413,4872,20569,20027,19486,14615,14073,13532,12991,12449,9743,9202,8660,8119,7578,7037,6495,5954,21110,14615,14073,13532,12991,12449,10826,10284,9743,9202,8660,8119,7037,6495,21651,14073,13532,12991,12449,11908,11367,10826,10284,9743,9202,8660,7578,22192,21651,20027,19486,16780,16238,14615,14073,13532,12991,12449,11908,11367,10826,10284,9743,9202,8660,22192,21651,21110,20027,19486,18945,18404,17862,17321,16780,15156,14615,14073,13532,12991,12449,11908,11367,10826,10284,9743,18945,18404,17862,17321,16780,16238,15697,15156,14615,14073,13532,12991,12449,11908,11367,10826,18945,18404,17862,17321,16780,16238,15697,15156,14615,14073,13532,12991,12449,11908,19486,18945,18404,17862,17321,16780,16238,15697,15156,14615,14073,13532,12991,12449,20027,19486,18945,18404,17862,17321,16780,16238,15697,15156,14615,14073,20027,19486,18945,17862,17321,16780,16238,15697,15156,14615,20569,20027,19486,17862,16780,16238
128,7037,7037,6495,13532,14073,14615,6495,5954,4330,7037,12449,13532,14073,4330,4872,5954,6495,7037,8119,9202,9743,10284,10826,11367,13532,14073,3789,7037,7578,8119,8660,10284,10826,11367,12991,13532,8119,7578,7037,6495,5954,5413,4872,4330,3789,3248,2706,3248,7037,7578,8119,10284,10826,12449,12991,7578,7037,6495,5954,5413,4872,3248,2706,5413,5954,6495,7578,8119,9202,9743,10284,10826,11367,11908,7037,6495,5954,5413,4872,4330,2706,2165,3789,4330,4872,7578,8119,8660,9202,8119,7578,7037,6495,5954,4872,4330,3789,3248,1624,1624,3248,3789,7037,7578,11367,11908,8119,7578,7037,6495,5954,4330,3789,3248,2706,1083,541,1083,1624,10826,11367,7578,7037,3789,3248,2706,541,0,16780,3789,3248,2706,17862,17321,4872,4330,3789,20027,19486,18945,18404,7578,7037,5954,5413,21110,20569,20027,15156,14615,14073,13532,12991,10284,9743,9202,8660,8119,7578,7037,6495,21651,15156,14615,14073,13532,12991,11367,10826,10284,9743,9202,8660,7578,7037,22192,14615,14073,13532,12991,12449,11908,11367,10826,10284,9743,9202,8119,22734,22192,20569,20027,17321,16780,15156,14615,14073,13532,12991,12449,11908,11367,10826,10284,9743,9202,22734,22192,21651,20569,20027,19486,18945,18404,17862,17321,15697,15156,14615,14073,13532,12991,12449,11908,11367,10826,10284,19486,18945,18404,17862,17321,16780,16238,15697,15156,14615,14073,13532,12991,12449,11908,11367,19486,18945,18404,17862,17321,16780,16238,15697,15156,14615,14073,13532,12991,12449,20027,19486,18945,18404,17862,17321,16780,16238,15697,15156,14615,14073,13532,12991,20569,20027,19486,18945,18404,17862,17321,16780,16238,15697,15156,14615,20569,20027,19486,18404,17862,17321,16780,16238,15697,15156,21110,20569,20027,18404,17321,16780
129,20569,19486,20027,30312,30853,31394,18945,19486,21110,23816,29229,30312,30853,21110,21651,22734,23275,23816,24899,25981,26523,27064,27605,28147,30312,30853,20569,23816,24358,24899,25440,27064,27605,28147,29770,30312,14073,14615,15156,15697,16238,16780,17321,17862,18404,18945,19486,20027,23816,24358,24899,27064,27605,29229,29770,13532,14073,14615,15156,15697,16238,17862,18404,22192,22734,23275,24358,24899,25981,26523,27064,27605,28147,28688,12991,13532,14073,14615,15156,15697,17321,17862,20569,21110,21651,24358,24899,25440,25981,10826,11367,11908,12449,12991,14073,14615,15156,15697,17321,18404,20027,20569,23816,24358,28147,28688,9743,10284,10826,11367,11908,13532,14073,14615,15156,16780,17321,17862,18404,27605,28147,9202,9743,12991,13532,14073,16238,16780,0,12991,13532,14073,1083,541,12991,13532,14073,3248,2706,2165,1624,11367,11908,12991,13532,4330,3789,3248,4872,5413,5954,6495,7037,9743,10284,10826,11367,11908,12449,12991,13532,4872,5954,6495,7037,7578,8119,9743,10284,10826,11367,11908,12449,13532,14073,5413,7578,8119,8660,9202,9743,10284,10826,11367,11908,12449,12991,14073,5954,5413,3789,3248,5954,6495,8119,8660,9202,9743,10284,10826,11367,11908,12449,12991,13532,14073,5954,5413,4872,3789,4330,4872,5413,5954,6495,7037,8660,9202,9743,10284,10826,11367,11908,12449,12991,13532,14073,5954,6495,7037,7578,8119,8660,9202,9743,10284,10826,11367,11908,12449,12991,13532,14073,7037,7578,8119,8660,9202,9743,10284,10826,11367,11908,12449,12991,13532,14073,7578,8119,8660,9202,9743,10284,10826,11367,11908,12449,12991,13532,14073,14615,8119,8660,9202,9743,10284,10826,11367,11908,12449,12991,13532,14073,9202,9743,10284,11367,11908,12449,12991,13532,14073,14615,9743,10284,10826,12449,13532,14073
130,7578,6495,7037,17321,17862,18404,5954,6495,8119,10826,16238,17321,17862,8119,8660,9743,10284,10826,11908,12991,13532,14073,14615,15156,17321,17862,7578,10826,11367,11908,12449,14073,14615,15156,16780,17321,5413,4872,4330,3789,3248,3789,4330,4872,5413,5954,6495,7037,10826,11367,11908,14073,14615,16238,16780,4872,4330,3789,3248,2706,3248,4872,5413,9202,9743,10284,11367,11908,12991,13532,14073,14615,15156,15697,4330,3789,3248,2706,2165,2706,4330,4872,7578,8119,8660,11367,11908,12449,12991,5413,4872,4330,3789,3248,2165,1624,2165,2706,4330,5413,7037,7578,10826,11367,15156,15697,5413,4872,4330,3789,3248,1624,1083,1624,2165,3789,4330,4872,5413,14615,15156,4872,4330,1083,541,1083,3248,3789,12991,0,541,1083,14073,13532,1083,541,1083,16238,15697,15156,14615,3789,3248,2165,1624,17321,16780,16238,11367,10826,10284,9743,9202,6495,5954,5413,4872,4330,3789,3248,2706,17862,11367,10826,10284,9743,9202,7578,7037,6495,5954,5413,4872,3789,3248,18404,10826,10284,9743,9202,8660,8119,7578,7037,6495,5954,5413,4330,18945,18404,16780,16238,13532,12991,11367,10826,10284,9743,9202,8660,8119,7578,7037,6495,5954,5413,18945,18404,17862,16780,16238,15697,15156,14615,14073,13532,11908,11367,10826,10284,9743,9202,8660,8119,7578,7037,6495,15697,15156,14615,14073,13532,12991,12449,11908,11367,10826,10284,9743,9202,8660,8119,7578,15697,15156,14615,14073,13532,12991,12449,11908,11367,10826,10284,9743,9202,8660,16238,15697,15156,14615,14073,13532,12991,12449,11908,11367,10826,10284,9743,9202,16780,16238,15697,15156,14615,14073,13532,12991,12449,11908,11367,10826,16780,16238,15697,14615,14073,13532,12991,12449,11908,11367,17321,16780,16238,14615,13532,12991
131,7037,5954,6495,16780,17321,17862,5413,5954,7578,10284,15697,16780,17321,7578,8119,9202,9743,10284,11367,12449,12991,13532,14073,14615,16780,17321,7037,10284,10826,11367,11908,13532,14073,14615,16238,16780,5954,5413,4872,4330,3789,3248,3789,4330,4872,5413,5954,6495,10284,10826,11367,13532,14073,15697,16238,5413,4872,4330,3789,3248,2706,4330,4872,8660,9202,9743,10826,11367,12449,12991,13532,14073,14615,15156,4872,4330,3789,3248,2706,2165,3789,4330,7037,7578,8119,10826,11367,11908,12449,5954,5413,4872,4330,3789,2706,2165,1624,2165,3789,4872,6495,7037,10284,10826,14615,15156,5954,5413,4872,4330,3789,2165,1624,1083,1624,3248,3789,4330,4872,14073,14615,5413,4872,1624,1083,541,2706,3248,13532,541,0,541,14615,14073,1624,1083,541,16780,16238,15697,15156,4330,3789,2706,2165,17862,17321,16780,11908,11367,10826,10284,9743,7037,6495,5954,5413,4872,4330,3789,3248,18404,11908,11367,10826,10284,9743,8119,7578,7037,6495,5954,5413,4330,3789,18945,11367,10826,10284,9743,9202,8660,8119,7578,7037,6495,5954,4872,19486,18945,17321,16780,14073,13532,11908,11367,10826,10284,9743,9202,8660,8119,7578,7037,6495,5954,19486,18945,18404,17321,16780,16238,15697,15156,14615,14073,12449,11908,11367,10826,10284,9743,9202,8660,8119,7578,7037,16238,15697,15156,14615,14073,13532,12991,12449,11908,11367,10826,10284,9743,9202,8660,8119,16238,15697,15156,14615,14073,13532,12991,12449,11908,11367,10826,10284,9743,9202,16780,16238,15697,15156,14615,14073,13532,12991,12449,11908,11367,10826,10284,9743,17321,16780,16238,15697,15156,14615,14073,13532,12991,12449,11908,11367,17321,16780,16238,15156,14615,14073,13532,12991,12449,11908,17862,17321,16780,15156,14073,13532
132,6495,5413,5954,16238,16780,17321,4872,5413,7037,9743,15156,16238,16780,7037,7578,8660,9202,9743,10826,11908,12449,12991,13532,14073,16238,16780,6495,9743,10284,10826,11367,12991,13532,14073,15697,16238,6495,5954,5413,4872,4330,3789,3248,3789,4330,4872,5413,5954,9743,10284,10826,12991,13532,15156,15697,5954,5413,4872,4330,3789,3248,3789,4330,8119,8660,9202,10284,10826,11908,12449,12991,13532,14073,14615,5413,4872,4330,3789,3248,2706,3248,3789,6495,7037,7578,10284,10826,11367,11908,6495,5954,5413,4872,4330,3248,2706,2165,1624,3248,4330,5954,6495,9743,10284,14073,14615,6495,5954,5413,4872,4330,2706,2165,1624,1083,2706,3248,3789,4330,13532,14073,5954,5413,2165,1624,1083,2165,2706,14073,1083,541,0,15156,14615,2165,1624,1083,17321,16780,16238,15697,4872,4330,3248,2706,18404,17862,17321,12449,11908,11367,10826,10284,7578,7037,6495,5954,5413,4872,4330,3789,18945,12449,11908,11367,10826,10284,8660,8119,7578,7037,6495,5954,4872,4330,19486,11908,11367,10826,10284,9743,9202,8660,8119,7578,7037,6495,5413,20027,19486,17862,17321,14615,14073,12449,11908,11367,10826,10284,9743,9202,8660,8119,7578,7037,6495,20027,19486,18945,17862,17321,16780,16238,15697,15156,14615,12991,12449,11908,11367,10826,10284,9743,9202,8660,8119,7578,16780,16238,15697,15156,14615,14073,13532,12991,12449,11908,11367,10826,10284,9743,9202,8660,16780,16238,15697,15156,14615,14073,13532,12991,12449,11908,11367,10826,10284,9743,17321,16780,16238,15697,15156,14615,14073,13532,12991,12449,11908,11367,10826,10284,17862,17321,16780,16238,15697,15156,14615,14073,13532,12991,12449,11908,17862,17321,16780,15697,15156,14615,14073,13532,12991,12449,18404,17862,17321,15697,14615,14073
133,21651,20569,21110,31394,31936,32477,20027,20569,22192,24899,30312,31394,31936,22192,22734,23816,24358,24899,25981,27064,27605,28147,28688,29229,31394,31936,21651,24899,25440,25981,26523,28147,28688,29229,30853,31394,15156,15697,16238,16780,17321,17862,18404,18945,19486,20027,20569,21110,24899,25440,25981,28147,28688,30312,30853,14615,15156,15697,16238,16780,17321,18945,19486,23275,23816,24358,25440,25981,27064,27605,28147,28688,29229,29770,14073,14615,15156,15697,16238,16780,18404,18945,21651,22192,22734,25440,25981,26523,27064,11908,12449,12991,13532,14073,15156,15697,16238,16780,18404,19486,21110,21651,24899,25440,29229,29770,10826,11367,11908,12449,12991,14615,15156,15697,16238,17862,18404,18945,19486,28688,29229,10284,10826,14073,14615,15156,17321,17862,1083,14073,14615,15156,0,541,12991,13532,14073,2165,1624,1083,541,11367,11908,12991,13532,3248,2706,2165,4872,5413,5954,6495,7037,9743,10284,10826,11367,11908,12449,12991,13532,3789,5954,6495,7037,7578,8119,9743,10284,10826,11367,11908,12449,13532,14073,4330,7578,8119,8660,9202,9743,10284,10826,11367,11908,12449,12991,14073,4872,4330,2706,3248,5954,6495,8119,8660,9202,9743,10284,10826,11367,11908,12449,12991,13532,14073,4872,4330,3789,3789,4330,4872,5413,5954,6495,7037,8660,9202,9743,10284,10826,11367,11908,12449,12991,13532,14073,5954,6495,7037,7578,8119,8660,9202,9743,10284,10826,11367,11908,12449,12991,13532,14073,7037,7578,8119,8660,9202,9743,10284,10826,11367,11908,12449,12991,13532,14073,7578,8119,8660,9202,9743,10284,10826,11367,11908,12449,12991,13532,14073,14615,8119,8660,9202,9743,10284,10826,11367,11908,12449,12991,13532,14073,9202,9743,10284,11367,11908,12449,12991,13532,14073,14615,9743,10284,10826,12449,13532,14073
134,21110,20027,20569,30853,31394,31936,19486,20027,21651,24358,29770,30853,31394,21651,22192,23275,23816,24358,25440,26523,27064,27605,28147,28688,30853,31394,21110,24358,24899,25440,25981,27605,28147,28688,30312,30853,14615,15156,15697,16238,16780,17321,17862,18404,18945,19486,20027,20569,24358,24899,25440,27605,28147,29770,30312,14073,14615,15156,15697,16238,16780,18404,18945,22734,23275,23816,24899,25440,26523,27064,27605,28147,28688,29229,13532,14073,14615,15156,15697,16238,17862,18404,21110,21651,22192,24899,25440,25981,26523,11367,11908,12449,12991,13532,14615,15156,15697,16238,17862,18945,20569,21110,24358,24899,28688,29229,10284,10826,11367,11908,12449,14073,14615,15156,15697,17321,17862,18404,18945,28147,28688,9743,10284,13532,14073,14615,16780,17321,541,13532,14073,14615,541,0,12449,12991,13532,2706,2165,1624,1083,10826,11367,12449,12991,3789,3248,2706,4330,4872,5413,5954,6495,9202,9743,10284,10826,11367,11908,12449,12991,4330,5413,5954,6495,7037,7578,9202,9743,10284,10826,11367,11908,12991,13532,4872,7037,7578,8119,8660,9202,9743,10284,10826,11367,11908,12449,13532,5413,4872,3248,2706,5413,5954,7578,8119,8660,9202,9743,10284,10826,11367,11908,12449,12991,13532,5413,4872,4330,3248,3789,4330,4872,5413,5954,6495,8119,8660,9202,9743,10284,10826,11367,11908,12449,12991,13532,5413,5954,6495,7037,7578,8119,8660,9202,9743,10284,10826,11367,11908,12449,12991,13532,6495,7037,7578,8119,8660,9202,9743,10284,10826,11367,11908,12449,12991,13532,7037,7578,8119,8660,9202,9743,10284,10826,11367,11908,12449,12991,13532,14073,7578,8119,8660,9202,9743,10284,10826,11367,11908,12449,12991,13532,8660,9202,9743,10826,11367,11908,12449,12991,13532,14073,9202,9743,10284,11908,12991,13532
135,8660,7578,8119,18404,18945,19486,7037,7578,9202,11908,17321,18404,18945,9202,9743,10826,11367,11908,12991,14073,14615,15156,15697,16238,18404,18945,8660,11908,12449,12991,13532,15156,15697,16238,17862,18404,5413,4872,4330,3789,4330,4872,5413,5954,6495,7037,7578,8119,11908,12449,12991,15156,15697,17321,17862,4872,4330,3789,3248,3789,4330,5954,6495,10284,10826,11367,12449,12991,14073,14615,15156,15697,16238,16780,4330,3789,3248,2706,3248,3789,5413,5954,8660,9202,9743,12449,12991,13532,14073,5413,4872,4330,3789,3248,2165,2706,3248,3789,5413,6495,8119,8660,11908,12449,16238,16780,5413,4872,4330,3789,3248,1624,2165,2706,3248,4872,5413,5954,6495,15697,16238,4872,4330,1083,1624,2165,4330,4872,12991,1083,1624,2165,12991,12449,0,541,1083,15156,14615,14073,13532,2706,2165,1083,541,16238,15697,15156,10284,9743,9202,8660,8119,5413,4872,4330,3789,3248,2706,2165,1624,16780,10284,9743,9202,8660,8119,6495,5954,5413,4872,4330,3789,2706,2165,17321,9743,9202,8660,8119,7578,7037,6495,5954,5413,4872,4330,3248,17862,17321,15697,15156,12449,11908,10284,9743,9202,8660,8119,7578,7037,6495,5954,5413,4872,4330,17862,17321,16780,15697,15156,14615,14073,13532,12991,12449,10826,10284,9743,9202,8660,8119,7578,7037,6495,5954,5413,14615,14073,13532,12991,12449,11908,11367,10826,10284,9743,9202,8660,8119,7578,7037,6495,14615,14073,13532,12991,12449,11908,11367,10826,10284,9743,9202,8660,8119,7578,15156,14615,14073,13532,12991,12449,11908,11367,10826,10284,9743,9202,8660,8119,15697,15156,14615,14073,13532,12991,12449,11908,11367,10826,10284,9743,15697,15156,14615,13532,12991,12449,11908,11367,10826,10284,16238,15697,15156,13532,12449,11908
136,8119,7037,7578,17862,18404,18945,6495,7037,8660,11367,16780,17862,18404,8660,9202,10284,10826,11367,12449,13532,14073,14615,15156,15697,17862,18404,8119,11367,11908,12449,12991,14615,15156,15697,17321,17862,5954,5413,4872,4330,3789,4330,4872,5413,5954,6495,7037,7578,11367,11908,12449,14615,15156,16780,17321,5413,4872,4330,3789,3248,3789,5413,5954,9743,10284,10826,11908,12449,13532,14073,14615,15156,15697,16238,4872,4330,3789,3248,2706,3248,4872,5413,8119,8660,9202,11908,12449,12991,13532,5954,5413,4872,4330,3789,2706,2165,2706,3248,4872,5954,7578,8119,11367,11908,15697,16238,5954,5413,4872,4330,3789,2165,1624,2165,2706,4330,4872,5413,5954,15156,15697,5413,4872,1624,1083,1624,3789,4330,13532,541,1083,1624,13532,12991,541,0,541,15697,15156,14615,14073,3248,2706,1624,1083,16780,16238,15697,10826,10284,9743,9202,8660,5954,5413,4872,4330,3789,3248,2706,2165,17321,10826,10284,9743,9202,8660,7037,6495,5954,5413,4872,4330,3248,2706,17862,10284,9743,9202,8660,8119,7578,7037,6495,5954,5413,4872,3789,18404,17862,16238,15697,12991,12449,10826,10284,9743,9202,8660,8119,7578,7037,6495,5954,5413,4872,18404,17862,17321,16238,15697,15156,14615,14073,13532,12991,11367,10826,10284,9743,9202,8660,8119,7578,7037,6495,5954,15156,14615,14073,13532,12991,12449,11908,11367,10826,10284,9743,9202,8660,8119,7578,7037,15156,14615,14073,13532,12991,12449,11908,11367,10826,10284,9743,9202,8660,8119,15697,15156,14615,14073,13532,12991,12449,11908,11367,10826,10284,9743,9202,8660,16238,15697,15156,14615,14073,13532,12991,12449,11908,11367,10826,10284,16238,15697,15156,14073,13532,12991,12449,11908,11367,10826,16780,16238,15697,14073,12991,12449
137,7578,6495,7037,17321,17862,18404,5954,6495,8119,10826,16238,17321,17862,8119,8660,9743,10284,10826,11908,12991,13532,14073,14615,15156,17321,17862,7578,10826,11367,11908,12449,14073,14615,15156,16780,17321,6495,5954,5413,4872,4330,3789,4330,4872,5413,5954,6495,7037,10826,11367,11908,14073,14615,16238,16780,5954,5413,4872,4330,3789,3248,4872,5413,9202,9743,10284,11367,11908,12991,13532,14073,14615,15156,15697,5413,4872,4330,3789,3248,2706,4330,4872,7578,8119,8660,11367,11908,12449,12991,6495,5954,5413,4872,4330,3248,2706,2165,2706,4330,5413,7037,7578,10826,11367,15156,15697,6495,5954,5413,4872,4330,2706,2165,1624,2165,3789,4330,4872,5413,14615,15156,5954,5413,2165,1624,1083,3248,3789,14073,1083,541,1083,14073,13532,1083,541,0,16238,15697,15156,14615,3789,3248,2165,1624,17321,16780,16238,11367,10826,10284,9743,9202,6495,5954,5413,4872,4330,3789,3248,2706,17862,11367,10826,10284,9743,9202,7578,7037,6495,5954,5413,4872,3789,3248,18404,10826,10284,9743,9202,8660,8119,7578,7037,6495,5954,5413,4330,18945,18404,16780,16238,13532,12991,11367,10826,10284,9743,9202,8660,8119,7578,7037,6495,5954,5413,18945,18404,17862,16780,16238,15697,15156,14615,14073,13532,11908,11367,10826,10284,9743,9202,8660,8119,7578,7037,6495,15697,15156,14615,14073,13532,12991,12449,11908,11367,10826,10284,9743,9202,8660,8119,7578,15697,15156,14615,14073,13532,12991,12449,11908,11367,10826,10284,9743,9202,8660,16238,15697,15156,14615,14073,13532,12991,12449,11908,11367,10826,10284,9743,9202,16780,16238,15697,15156,14615,14073,13532,12991,12449,11908,11367,10826,16780,16238,15697,14615,14073,13532,12991,12449,11908,11367,17321,16780,16238,14615,13532,12991
138,23816,22734,23275,33559,34101,34642,22192,22734,24358,27064,32477,33559,34101,24358,24899,25981,26523,27064,28147,29229,29770,30312,30853,31394,33559,34101,23816,27064,27605,28147,28688,30312,30853,31394,33018,33559,17321,17862,18404,18945,19486,20027,20569,21110,21651,22192,22734,23275,27064,27605,28147,30312,30853,32477,33018,16780,17321,17862,18404,18945,19486,21110,21651,25440,25981,26523,27605,28147,29229,29770,30312,30853,31394,31936,16238,16780,17321,17862,18404,18945,20569,21110,23816,24358,24899,27605,28147,28688,29229,14073,14615,15156,15697,16238,17321,17862,18404,18945,20569,21651,23275,23816,27064,27605,31394,31936,12991,13532,14073,14615,15156,16780,17321,17862,18404,20027,20569,21110,21651,30853,31394,12449,12991,16238,16780,17321,19486,20027,3248,16238,16780,17321,2165,2706,15156,15697,16238,0,541,1083,1624,12449,12991,14073,14615,1083,541,1083,5954,6495,7037,7578,8119,10826,11367,11908,12449,12991,13532,14073,14615,1624,7037,7578,8119,8660,9202,10826,11367,11908,12449,12991,13532,14615,15156,2165,8660,9202,9743,10284,10826,11367,11908,12449,12991,13532,14073,15156,2706,2165,3789,4330,7037,7578,9202,9743,10284,10826,11367,11908,12449,12991,13532,14073,14615,15156,2706,3248,3789,4872,5413,5954,6495,7037,7578,8119,9743,10284,10826,11367,11908,12449,12991,13532,14073,14615,15156,7037,7578,8119,8660,9202,9743,10284,10826,11367,11908,12449,12991,13532,14073,14615,15156,8119,8660,9202,9743,10284,10826,11367,11908,12449,12991,13532,14073,14615,15156,8660,9202,9743,10284,10826,11367,11908,12449,12991,13532,14073,14615,15156,15697,9202,9743,10284,10826,11367,11908,12449,12991,13532,14073,14615,15156,10284,10826,11367,12449,12991,13532,14073,14615,15156,15697,10826,11367,11908,13532,14615,15156
139,23275,22192,22734,33018,33559,34101,21651,22192,23816,26523,31936,33018,33559,23816,24358,25440,25981,26523,27605,28688,29229,29770,30312,30853,33018,33559,23275,26523,27064,27605,28147,29770,30312,30853,32477,33018,16780,17321,17862,18404,18945,19486,20027,20569,21110,21651,22192,22734,26523,27064,27605,29770,30312,31936,32477,16238,16780,17321,17862,18404,18945,20569,21110,24899,25440,25981,27064,27605,28688,29229,29770,30312,30853,31394,15697,16238,16780,17321,17862,18404,20027,20569,23275,23816,24358,27064,27605,28147,28688,13532,14073,14615,15156,15697,16780,17321,17862,18404,20027,21110,22734,23275,26523,27064,30853,31394,12449,12991,13532,14073,14615,16238,16780,17321,17862,19486,20027,20569,21110,30312,30853,11908,12449,15697,16238,16780,18945,19486,2706,15697,16238,16780,1624,2165,14615,15156,15697,541,0,541,1083,11908,12449,13532,14073,1624,1083,541,5413,5954,6495,7037,7578,10284,10826,11367,11908,12449,12991,13532,14073,2165,6495,7037,7578,8119,8660,10284,10826,11367,11908,12449,12991,14073,14615,2706,8119,8660,9202,9743,10284,10826,11367,11908,12449,12991,13532,14615,3248,2706,3248,3789,6495,7037,8660,9202,9743,10284,10826,11367,11908,12449,12991,13532,14073,14615,3248,2706,3248,4330,4872,5413,5954,6495,7037,7578,9202,9743,10284,10826,11367,11908,12449,12991,13532,14073,14615,6495,7037,7578,8119,8660,9202,9743,10284,10826,11367,11908,12449,12991,13532,14073,14615,7578,8119,8660,9202,9743,10284,10826,11367,11908,12449,12991,13532,14073,14615,8119,8660,9202,9743,10284,10826,11367,11908,12449,12991,13532,14073,14615,15156,8660,9202,9743,10284,10826,11367,11908,12449,12991,13532,14073,14615,9743,10284,10826,11908,12449,12991,13532,14073,14615,15156,10284,10826,11367,12991,14073,14615
140,22734,21651,22192,32477,33018,33559,21110,21651,23275,25981,31394,32477,33018,23275,23816,24899,25440,25981,27064,28147,28688,29229,29770,30312,32477,33018,22734,25981,26523,27064,27605,29229,29770,30312,31936,32477,16238,16780,17321,17862,18404,18945,19486,20027,20569,21110,21651,22192,25981,26523,27064,29229,29770,31394,31936,15697,16238,16780,17321,17862,18404,20027,20569,24358,24899,25440,26523,27064,28147,28688,29229,29770,30312,30853,15156,15697,16238,16780,17321,17862,19486,20027,22734,23275,23816,26523,27064,27605,28147,12991,13532,14073,14615,15156,16238,16780,17321,17862,19486,20569,22192,22734,25981,26523,30312,30853,11908,12449,12991,13532,14073,15697,16238,16780,17321,18945,19486,20027,20569,29770,30312,11367,11908,15156,15697,16238,18404,18945,2165,15156,15697,16238,1083,1624,14073,14615,15156,1083,541,0,541,11367,11908,12991,13532,2165,1624,1083,4872,5413,5954,6495,7037,9743,10284,10826,11367,11908,12449,12991,13532,2706,5954,6495,7037,7578,8119,9743,10284,10826,11367,11908,12449,13532,14073,3248,7578,8119,8660,9202,9743,10284,10826,11367,11908,12449,12991,14073,3789,3248,2706,3248,5954,6495,8119,8660,9202,9743,10284,10826,11367,11908,12449,12991,13532,14073,3789,3248,2706,3789,4330,4872,5413,5954,6495,7037,8660,9202,9743,10284,10826,11367,11908,12449,12991,13532,14073,5954,6495,7037,7578,8119,8660,9202,9743,10284,10826,11367,11908,12449,12991,13532,14073,7037,7578,8119,8660,9202,9743,10284,10826,11367,11908,12449,12991,13532,14073,7578,8119,8660,9202,9743,10284,10826,11367,11908,12449,12991,13532,14073,14615,8119,8660,9202,9743,10284,10826,11367,11908,12449,12991,13532,14073,9202,9743,10284,11367,11908,12449,12991,13532,14073,14615,9743,10284,10826,12449,13532,14073
141,22192,21110,21651,31936,32477,33018,20569,21110,22734,25440,30853,31936,32477,22734,23275,24358,24899,25440,26523,27605,28147,28688,29229,29770,31936,32477,22192,25440,25981,26523,27064,28688,29229,29770,31394,31936,15697,16238,16780,17321,17862,18404,18945,19486,20027,20569,21110,21651,25440,25981,26523,28688,29229,30853,31394,15156,15697,16238,16780,17321,17862,19486,20027,23816,24358,24899,25981,26523,27605,28147,28688,29229,29770,30312,14615,15156,15697,16238,16780,17321,18945,19486,22192,22734,23275,25981,26523,27064,27605,12449,12991,13532,14073,14615,15697,16238,16780,17321,18945,20027,21651,22192,25440,25981,29770,30312,11367,11908,12449,12991,13532,15156,15697,16238,16780,18404,18945,19486,20027,29229,29770,10826,11367,14615,15156,15697,17862,18404,1624,14615,15156,15697,541,1083,13532,14073,14615,1624,1083,541,0,10826,11367,12449,12991,2706,2165,1624,4330,4872,5413,5954,6495,9202,9743,10284,10826,11367,11908,12449,12991,3248,5413,5954,6495,7037,7578,9202,9743,10284,10826,11367,11908,12991,13532,3789,7037,7578,8119,8660,9202,9743,10284,10826,11367,11908,12449,13532,4330,3789,2165,2706,5413,5954,7578,8119,8660,9202,9743,10284,10826,11367,11908,12449,12991,13532,4330,3789,3248,3248,3789,4330,4872,5413,5954,6495,8119,8660,9202,9743,10284,10826,11367,11908,12449,12991,13532,5413,5954,6495,7037,7578,8119,8660,9202,9743,10284,10826,11367,11908,12449,12991,13532,6495,7037,7578,8119,8660,9202,9743,10284,10826,11367,11908,12449,12991,13532,7037,7578,8119,8660,9202,9743,10284,10826,11367,11908,12449,12991,13532,14073,7578,8119,8660,9202,9743,10284,10826,11367,11908,12449,12991,13532,8660,9202,9743,10826,11367,11908,12449,12991,13532,14073,9202,9743,10284,11908,12991,13532
142,11367,10284,10826,21110,21651,22192,9743,10284,11908,14615,20027,21110,21651,11908,12449,13532,14073,14615,15697,16780,17321,17862,18404,18945,21110,21651,11367,14615,15156,15697,16238,17862,18404,18945,20569,21110,4872,5413,5954,6495,7037,7578,8119,8660,9202,9743,10284,10826,14615,15156,15697,17862,18404,20027,20569,4330,4872,5413,5954,6495,7037,8660,9202,12991,13532,14073,15156,15697,16780,17321,17862,18404,18945,19486,3789,4330,4872,5413,5954,6495,8119,8660,11367,11908,12449,15156,15697,16238,16780,3789,3248,2706,3248,3789,4872,5413,5954,6495,8119,9202,10826,11367,14615,15156,18945,19486,3789,3248,2706,2165,2706,4330,4872,5413,5954,7578,8119,8660,9202,18404,18945,3248,2706,3789,4330,4872,7037,7578,11367,3789,4330,4872,11367,10826,2706,3248,3789,12449,11908,11367,10826,0,541,1624,2165,13532,12991,12449,7578,7037,6495,5954,5413,2706,2165,1624,1083,541,1083,1624,2165,14073,7578,7037,6495,5954,5413,3789,3248,2706,2165,1624,1083,2165,2706,14615,7037,6495,5954,5413,4872,4330,3789,3248,2706,2165,1624,2706,15156,14615,12991,12449,9743,9202,7578,7037,6495,5954,5413,4872,4330,3789,3248,2706,2165,2706,15156,14615,14073,12991,12449,11908,11367,10826,10284,9743,8119,7578,7037,6495,5954,5413,4872,4330,3789,3248,2706,11908,11367,10826,10284,9743,9202,8660,8119,7578,7037,6495,5954,5413,4872,4330,3789,11908,11367,10826,10284,9743,9202,8660,8119,7578,7037,6495,5954,5413,4872,12449,11908,11367,10826,10284,9743,9202,8660,8119,7578,7037,6495,5954,5413,12991,12449,11908,11367,10826,10284,9743,9202,8660,8119,7578,7037,12991,12449,11908,10826,10284,9743,9202,8660,8119,7578,13532,12991,12449,10826,9743,9202
143,10826,9743,10284,20569,21110,21651,9202,9743,11367,14073,19486,20569,21110,11367,11908,12991,13532,14073,15156,16238,16780,17321,17862,18404,20569,21110,10826,14073,14615,15156,15697,17321,17862,18404,20027,20569,4330,4872,5413,5954,6495,7037,7578,8119,8660,9202,9743,10284,14073,14615,15156,17321,17862,19486,20027,3789,4330,4872,5413,5954,6495,8119,8660,12449,12991,13532,14615,15156,16238,16780,17321,17862,18404,18945,3248,3789,4330,4872,5413,5954,7578,8119,10826,11367,11908,14615,15156,15697,16238,4330,3789,3248,2706,3248,4330,4872,5413,5954,7578,8660,10284,10826,14073,14615,18404,18945,4330,3789,3248,2706,2165,3789,4330,4872,5413,7037,7578,8119,8660,17862,18404,3789,3248,3248,3789,4330,6495,7037,11908,3248,3789,4330,11908,11367,2165,2706,3248,12991,12449,11908,11367,541,0,1083,1624,14073,13532,12991,8119,7578,7037,6495,5954,3248,2706,2165,1624,1083,541,1083,1624,14615,8119,7578,7037,6495,5954,4330,3789,3248,2706,2165,1624,1624,2165,15156,7578,7037,6495,5954,5413,4872,4330,3789,3248,2706,2165,2165,15697,15156,13532,12991,10284,9743,8119,7578,7037,6495,5954,5413,4872,4330,3789,3248,2706,2165,15697,15156,14615,13532,12991,12449,11908,11367,10826,10284,8660,8119,7578,7037,6495,5954,5413,4872,4330,3789,3248,12449,11908,11367,10826,10284,9743,9202,8660,8119,7578,7037,6495,5954,5413,4872,4330,12449,11908,11367,10826,10284,9743,9202,8660,8119,7578,7037,6495,5954,5413,12991,12449,11908,11367,10826,10284,9743,9202,8660,8119,7578,7037,6495,5954,13532,12991,12449,11908,11367,10826,10284,9743,9202,8660,8119,7578,13532,12991,12449,11367,10826,10284,9743,9202,8660,8119,14073,13532,12991,11367,10284,9743
144,9743,8660,9202,19486,20027,20569,8119,8660,10284,12991,18404,19486,20027,10284,10826,11908,12449,12991,14073,15156,15697,16238,16780,17321,19486,20027,9743,12991,13532,14073,14615,16238,16780,17321,18945,19486,5413,4872,4330,4872,5413,5954,6495,7037,7578,8119,8660,9202,12991,13532,14073,16238,16780,18404,18945,4872,4330,3789,4330,4872,5413,7037,7578,11367,11908,12449,13532,14073,15156,15697,16238,16780,17321,17862,4330,3789,3248,3789,4330,4872,6495,7037,9743,10284,10826,13532,14073,14615,15156,5413,4872,4330,3789,3248,3248,3789,4330,4872,6495,7578,9202,9743,12991,13532,17321,17862,5413,4872,4330,3789,3248,2706,3248,3789,4330,5954,6495,7037,7578,16780,17321,4872,4330,2165,2706,3248,5413,5954,12991,2165,2706,3248,12991,12449,1083,1624,2165,14073,13532,12991,12449,1624,1083,0,541,15156,14615,14073,9202,8660,8119,7578,7037,4330,3789,3248,2706,2165,1624,1083,541,15697,9202,8660,8119,7578,7037,5413,4872,4330,3789,3248,2706,1624,1083,16238,8660,8119,7578,7037,6495,5954,5413,4872,4330,3789,3248,2165,16780,16238,14615,14073,11367,10826,9202,8660,8119,7578,7037,6495,5954,5413,4872,4330,3789,3248,16780,16238,15697,14615,14073,13532,12991,12449,11908,11367,9743,9202,8660,8119,7578,7037,6495,5954,5413,4872,4330,13532,12991,12449,11908,11367,10826,10284,9743,9202,8660,8119,7578,7037,6495,5954,5413,13532,12991,12449,11908,11367,10826,10284,9743,9202,8660,8119,7578,7037,6495,14073,13532,12991,12449,11908,11367,10826,10284,9743,9202,8660,8119,7578,7037,14615,14073,13532,12991,12449,11908,11367,10826,10284,9743,9202,8660,14615,14073,13532,12449,11908,11367,10826,10284,9743,9202,15156,14615,14073,12449,11367,10826
145,9202,8119,8660,18945,19486,20027,7578,8119,9743,12449,17862,18945,19486,9743,10284,11367,11908,12449,13532,14615,15156,15697,16238,16780,18945,19486,9202,12449,12991,13532,14073,15697,16238,16780,18404,18945,5954,5413,4872,4330,4872,5413,5954,6495,7037,7578,8119,8660,12449,12991,13532,15697,16238,17862,18404,5413,4872,4330,3789,4330,4872,6495,7037,10826,11367,11908,12991,13532,14615,15156,15697,16238,16780,17321,4872,4330,3789,3248,3789,4330,5954,6495,9202,9743,10284,12991,13532,14073,14615,5954,5413,4872,4330,3789,2706,3248,3789,4330,5954,7037,8660,9202,12449,12991,16780,17321,5954,5413,4872,4330,3789,2165,2706,3248,3789,5413,5954,6495,7037,16238,16780,5413,4872,1624,2165,2706,4872,5413,13532,1624,2165,2706,13532,12991,541,1083,1624,14615,14073,13532,12991,2165,1624,541,0,15697,15156,14615,9743,9202,8660,8119,7578,4872,4330,3789,3248,2706,2165,1624,1083,16238,9743,9202,8660,8119,7578,5954,5413,4872,4330,3789,3248,2165,1624,16780,9202,8660,8119,7578,7037,6495,5954,5413,4872,4330,3789,2706,17321,16780,15156,14615,11908,11367,9743,9202,8660,8119,7578,7037,6495,5954,5413,4872,4330,3789,17321,16780,16238,15156,14615,14073,13532,12991,12449,11908,10284,9743,9202,8660,8119,7578,7037,6495,5954,5413,4872,14073,13532,12991,12449,11908,11367,10826,10284,9743,9202,8660,8119,7578,7037,6495,5954,14073,13532,12991,12449,11908,11367,10826,10284,9743,9202,8660,8119,7578,7037,14615,14073,13532,12991,12449,11908,11367,10826,10284,9743,9202,8660,8119,7578,15156,14615,14073,13532,12991,12449,11908,11367,10826,10284,9743,9202,15156,14615,14073,12991,12449,11908,11367,10826,10284,9743,15697,15156,14615,12991,11908,11367
146,24899,23816,24358,34642,35183,35724,23275,23816,25440,28147,33559,34642,35183,25440,25981,27064,27605,28147,29229,30312,30853,31394,31936,32477,34642,35183,24899,28147,28688,29229,29770,31394,31936,32477,34101,34642,18404,18945,19486,20027,20569,21110,21651,22192,22734,23275,23816,24358,28147,28688,29229,31394,31936,33559,34101,17862,18404,18945,19486,20027,20569,22192,22734,26523,27064,27605,28688,29229,30312,30853,31394,31936,32477,33018,17321,17862,18404,18945,19486,20027,21651,22192,24899,25440,25981,28688,29229,29770,30312,15156,15697,16238,16780,17321,18404,18945,19486,20027,21651,22734,24358,24899,28147,28688,32477,33018,14073,14615,15156,15697,16238,17862,18404,18945,19486,21110,21651,22192,22734,31936,32477,13532,14073,17321,17862,18404,20569,21110,4330,17321,17862,18404,3248,3789,16238,16780,17321,1083,1624,2165,2706,13532,14073,15156,15697,0,541,1083,5954,6495,7037,7578,8119,10826,11367,11908,12449,12991,13532,14073,14615,541,7037,7578,8119,8660,9202,10826,11367,11908,12449,12991,13532,14615,15156,1083,8660,9202,9743,10284,10826,11367,11908,12449,12991,13532,14073,15156,1624,2165,3789,4330,7037,7578,9202,9743,10284,10826,11367,11908,12449,12991,13532,14073,14615,15156,2706,3248,3789,4872,5413,5954,6495,7037,7578,8119,9743,10284,10826,11367,11908,12449,12991,13532,14073,14615,15156,7037,7578,8119,8660,9202,9743,10284,10826,11367,11908,12449,12991,13532,14073,14615,15156,8119,8660,9202,9743,10284,10826,11367,11908,12449,12991,13532,14073,14615,15156,8660,9202,9743,10284,10826,11367,11908,12449,12991,13532,14073,14615,15156,15697,9202,9743,10284,10826,11367,11908,12449,12991,13532,14073,14615,15156,10284,10826,11367,12449,12991,13532,14073,14615,15156,15697,10826,11367,11908,13532,14615,15156
147,24358,23275,23816,34101,34642,35183,22734,23275,24899,27605,33018,34101,34642,24899,25440,26523,27064,27605,28688,29770,30312,30853,31394,31936,34101,34642,24358,27605,28147,28688,29229,30853,31394,31936,33559,34101,17862,18404,18945,19486,20027,20569,21110,21651,22192,22734,23275,23816,27605,28147,28688,30853,31394,33018,33559,17321,17862,18404,18945,19486,20027,21651,22192,25981,26523,27064,28147,28688,29770,30312,30853,31394,31936,32477,16780,17321,17862,18404,18945,19486,21110,21651,24358,24899,25440,28147,28688,29229,29770,14615,15156,15697,16238,16780,17862,18404,18945,19486,21110,22192,23816,24358,27605,28147,31936,32477,13532,14073,14615,15156,15697,17321,17862,18404,18945,20569,21110,21651,22192,31394,31936,12991,13532,16780,17321,17862,20027,20569,3789,16780,17321,17862,2706,3248,15697,16238,16780,541,1083,1624,2165,12991,13532,14615,15156,541,0,541,5413,5954,6495,7037,7578,10284,10826,11367,11908,12449,12991,13532,14073,1083,6495,7037,7578,8119,8660,10284,10826,11367,11908,12449,12991,14073,14615,1624,8119,8660,9202,9743,10284,10826,11367,11908,12449,12991,13532,14615,2165,1624,3248,3789,6495,7037,8660,9202,9743,10284,10826,11367,11908,12449,12991,13532,14073,14615,2165,2706,3248,4330,4872,5413,5954,6495,7037,7578,9202,9743,10284,10826,11367,11908,12449,12991,13532,14073,14615,6495,7037,7578,8119,8660,9202,9743,10284,10826,11367,11908,12449,12991,13532,14073,14615,7578,8119,8660,9202,9743,10284,10826,11367,11908,12449,12991,13532,14073,14615,8119,8660,9202,9743,10284,10826,11367,11908,12449,12991,13532,14073,14615,15156,8660,9202,9743,10284,10826,11367,11908,12449,12991,13532,14073,14615,9743,10284,10826,11908,12449,12991,13532,14073,14615,15156,10284,10826,11367,12991,14073,14615
148,23816,22734,23275,33559,34101,34642,22192,22734,24358,27064,32477,33559,34101,24358,24899,25981,26523,27064,28147,29229,29770,30312,30853,31394,33559,34101,23816,27064,27605,28147,28688,30312,30853,31394,33018,33559,17321,17862,18404,18945,19486,20027,20569,21110,21651,22192,22734,23275,27064,27605,28147,30312,30853,32477,33018,16780,17321,17862,18404,18945,19486,21110,21651,25440,25981,26523,27605,28147,29229,29770,30312,30853,31394,31936,16238,16780,17321,17862,18404,18945,20569,21110,23816,24358,24899,27605,28147,28688,29229,14073,14615,15156,15697,16238,17321,17862,18404,18945,20569,21651,23275,23816,27064,27605,31394,31936,12991,13532,14073,14615,15156,16780,17321,17862,18404,20027,20569,21110,21651,30853,31394,12449,12991,16238,16780,17321,19486,20027,3248,16238,16780,17321,2165,2706,15156,15697,16238,1083,541,1083,1624,12449,12991,14073,14615,1083,541,0,4872,5413,5954,6495,7037,9743,10284,10826,11367,11908,12449,12991,13532,1624,5954,6495,7037,7578,8119,9743,10284,10826,11367,11908,12449,13532,14073,2165,7578,8119,8660,9202,9743,10284,10826,11367,11908,12449,12991,14073,2706,2165,2706,3248,5954,6495,8119,8660,9202,9743,10284,10826,11367,11908,12449,12991,13532,14073,2706,2165,2706,3789,4330,4872,5413,5954,6495,7037,8660,9202,9743,10284,10826,11367,11908,12449,12991,13532,14073,5954,6495,7037,7578,8119,8660,9202,9743,10284,10826,11367,11908,12449,12991,13532,14073,7037,7578,8119,8660,9202,9743,10284,10826,11367,11908,12449,12991,13532,14073,7578,8119,8660,9202,9743,10284,10826,11367,11908,12449,12991,13532,14073,14615,8119,8660,9202,9743,10284,10826,11367,11908,12449,12991,13532,14073,9202,9743,10284,11367,11908,12449,12991,13532,14073,14615,9743,10284,10826,12449,13532,14073
149,18945,17862,18404,28688,29229,29770,17321,17862,19486,22192,27605,28688,29229,19486,20027,21110,21651,22192,23275,24358,24899,25440,25981,26523,28688,29229,18945,22192,22734,23275,23816,25440,25981,26523,28147,28688,12449,12991,13532,14073,14615,15156,15697,16238,16780,17321,17862,18404,22192,22734,23275,25440,25981,27605,28147,11908,12449,12991,13532,14073,14615,16238,16780,20569,21110,21651,22734,23275,24358,24899,25440,25981,26523,27064,11367,11908,12449,12991,13532,14073,15697,16238,18945,19486,20027,22734,23275,23816,24358,9202,9743,10284,10826,11367,12449,12991,13532,14073,15697,16780,18404,18945,22192,22734,26523,27064,8119,8660,9202,9743,10284,11908,12449,12991,13532,15156,15697,16238,16780,25981,26523,7578,8119,11367,11908,12449,14615,15156,4872,11367,11908,12449,4872,4330,10284,10826,11367,5954,5413,4872,4330,7578,8119,9202,9743,5954,5413,4872,0,541,1083,1624,2165,4872,5413,5954,6495,7037,7578,8119,8660,6495,1083,1624,2165,2706,3248,4872,5413,5954,6495,7037,7578,8660,9202,7037,2706,3248,3789,4330,4872,5413,5954,6495,7037,7578,8119,9202,7578,7037,5413,4872,2165,1624,3248,3789,4330,4872,5413,5954,6495,7037,7578,8119,8660,9202,7578,7037,6495,5413,4872,4330,3789,3248,2706,2165,3789,4330,4872,5413,5954,6495,7037,7578,8119,8660,9202,4330,3789,3248,2706,3248,3789,4330,4872,5413,5954,6495,7037,7578,8119,8660,9202,4330,3789,3248,3789,4330,4872,5413,5954,6495,7037,7578,8119,8660,9202,4872,4330,3789,4330,4872,5413,5954,6495,7037,7578,8119,8660,9202,9743,5413,4872,4330,4872,5413,5954,6495,7037,7578,8119,8660,9202,5413,4872,5413,6495,7037,7578,8119,8660,9202,9743,5954,5413,5954,7578,8660,9202
150,18404,17321,17862,28147,28688,29229,16780,17321,18945,21651,27064,28147,28688,18945,19486,20569,21110,21651,22734,23816,24358,24899,25440,25981,28147,28688,18404,21651,22192,22734,23275,24899,25440,25981,27605,28147,11908,12449,12991,13532,14073,14615,15156,15697,16238,16780,17321,17862,21651,22192,22734,24899,25440,27064,27605,11367,11908,12449,12991,13532,14073,15697,16238,20027,20569,21110,22192,22734,23816,24358,24899,25440,25981,26523,10826,11367,11908,12449,12991,13532,15156,15697,18404,18945,19486,22192,22734,23275,23816,8660,9202,9743,10284,10826,11908,12449,12991,13532,15156,16238,17862,18404,21651,22192,25981,26523,7578,8119,8660,9202,9743,11367,11908,12449,12991,14615,15156,15697,16238,25440,25981,7037,7578,10826,11367,11908,14073,14615,5413,10826,11367,11908,5413,4872,9743,10284,10826,6495,5954,5413,4872,7037,7578,8660,9202,6495,5954,5413,541,0,541,1083,1624,4330,4872,5413,5954,6495,7037,7578,8119,7037,541,1083,1624,2165,2706,4330,4872,5413,5954,6495,7037,8119,8660,7578,2165,2706,3248,3789,4330,4872,5413,5954,6495,7037,7578,8660,8119,7578,5954,5413,2706,2165,2706,3248,3789,4330,4872,5413,5954,6495,7037,7578,8119,8660,8119,7578,7037,5954,5413,4872,4330,3789,3248,2706,3248,3789,4330,4872,5413,5954,6495,7037,7578,8119,8660,4872,4330,3789,3248,2706,3248,3789,4330,4872,5413,5954,6495,7037,7578,8119,8660,4872,4330,3789,3248,3789,4330,4872,5413,5954,6495,7037,7578,8119,8660,5413,4872,4330,3789,4330,4872,5413,5954,6495,7037,7578,8119,8660,9202,5954,5413,4872,4330,4872,5413,5954,6495,7037,7578,8119,8660,5954,5413,4872,5954,6495,7037,7578,8119,8660,9202,6495,5954,5413,7037,8119,8660
151,17862,16780,17321,27605,28147,28688,16238,16780,18404,21110,26523,27605,28147,18404,18945,20027,20569,21110,22192,23275,23816,24358,24899,25440,27605,28147,17862,21110,21651,22192,22734,24358,24899,25440,27064,27605,11367,11908,12449,12991,13532,14073,14615,15156,15697,16238,16780,17321,21110,21651,22192,24358,24899,26523,27064,10826,11367,11908,12449,12991,13532,15156,15697,19486,20027,20569,21651,22192,23275,23816,24358,24899,25440,25981,10284,10826,11367,11908,12449,12991,14615,15156,17862,18404,18945,21651,22192,22734,23275,8119,8660,9202,9743,10284,11367,11908,12449,12991,14615,15697,17321,17862,21110,21651,25440,25981,7037,7578,8119,8660,9202,10826,11367,11908,12449,14073,14615,15156,15697,24899,25440,6495,7037,10284,10826,11367,13532,14073,5954,10284,10826,11367,5954,5413,9202,9743,10284,7037,6495,5954,5413,6495,7037,8119,8660,7037,6495,5954,1083,541,0,541,1083,3789,4330,4872,5413,5954,6495,7037,7578,7578,1083,541,1083,1624,2165,3789,4330,4872,5413,5954,6495,7578,8119,8119,1624,2165,2706,3248,3789,4330,4872,5413,5954,6495,7037,8119,8660,8119,6495,5954,3248,2706,2165,2706,3248,3789,4330,4872,5413,5954,6495,7037,7578,8119,8660,8119,7578,6495,5954,5413,4872,4330,3789,3248,2706,3248,3789,4330,4872,5413,5954,6495,7037,7578,8119,5413,4872,4330,3789,3248,2706,3248,3789,4330,4872,5413,5954,6495,7037,7578,8119,5413,4872,4330,3789,3248,3789,4330,4872,5413,5954,6495,7037,7578,8119,5954,5413,4872,4330,3789,4330,4872,5413,5954,6495,7037,7578,8119,8660,6495,5954,5413,4872,4330,4872,5413,5954,6495,7037,7578,8119,6495,5954,5413,5413,5954,6495,7037,7578,8119,8660,7037,6495,5954,6495,7578,8119
152,17321,16238,16780,27064,27605,28147,15697,16238,17862,20569,25981,27064,27605,17862,18404,19486,20027,20569,21651,22734,23275,23816,24358,24899,27064,27605,17321,20569,21110,21651,22192,23816,24358,24899,26523,27064,10826,11367,11908,12449,12991,13532,14073,14615,15156,15697,16238,16780,20569,21110,21651,23816,24358,25981,26523,10284,10826,11367,11908,12449,12991,14615,15156,18945,19486,20027,21110,21651,22734,23275,23816,24358,24899,25440,9743,10284,10826,11367,11908,12449,14073,14615,17321,17862,18404,21110,21651,22192,22734,7578,8119,8660,9202,9743,10826,11367,11908,12449,14073,15156,16780,17321,20569,21110,24899,25440,6495,7037,7578,8119,8660,10284,10826,11367,11908,13532,14073,14615,15156,24358,24899,5954,6495,9743,10284,10826,12991,13532,6495,9743,10284,10826,6495,5954,8660,9202,9743,7578,7037,6495,5954,5954,6495,7578,8119,7578,7037,6495,1624,1083,541,0,541,3248,3789,4330,4872,5413,5954,6495,7037,8119,1624,1083,541,1083,1624,3248,3789,4330,4872,5413,5954,7037,7578,8660,1083,1624,2165,2706,3248,3789,4330,4872,5413,5954,6495,7578,9202,8660,7037,6495,3789,3248,1624,2165,2706,3248,3789,4330,4872,5413,5954,6495,7037,7578,9202,8660,8119,7037,6495,5954,5413,4872,4330,3789,2165,2706,3248,3789,4330,4872,5413,5954,6495,7037,7578,5954,5413,4872,4330,3789,3248,2706,3248,3789,4330,4872,5413,5954,6495,7037,7578,5954,5413,4872,4330,3789,3248,3789,4330,4872,5413,5954,6495,7037,7578,6495,5954,5413,4872,4330,3789,4330,4872,5413,5954,6495,7037,7578,8119,7037,6495,5954,5413,4872,4330,4872,5413,5954,6495,7037,7578,7037,6495,5954,4872,5413,5954,6495,7037,7578,8119,7578,7037,6495,5954,7037,7578
153,16780,15697,16238,26523,27064,27605,15156,15697,17321,20027,25440,26523,27064,17321,17862,18945,19486,20027,21110,22192,22734,23275,23816,24358,26523,27064,16780,20027,20569,21110,21651,23275,23816,24358,25981,26523,10284,10826,11367,11908,12449,12991,13532,14073,14615,15156,15697,16238,20027,20569,21110,23275,23816,25440,25981,9743,10284,10826,11367,11908,12449,14073,14615,18404,18945,19486,20569,21110,22192,22734,23275,23816,24358,24899,9202,9743,10284,10826,11367,11908,13532,14073,16780,17321,17862,20569,21110,21651,22192,7037,7578,8119,8660,9202,10284,10826,11367,11908,13532,14615,16238,16780,20027,20569,24358,24899,5954,6495,7037,7578,8119,9743,10284,10826,11367,12991,13532,14073,14615,23816,24358,5413,5954,9202,9743,10284,12449,12991,7037,9202,9743,10284,7037,6495,8119,8660,9202,8119,7578,7037,6495,5413,5954,7037,7578,8119,7578,7037,2165,1624,1083,541,0,2706,3248,3789,4330,4872,5413,5954,6495,8660,2165,1624,1083,541,1083,2706,3248,3789,4330,4872,5413,6495,7037,9202,1624,1083,1624,2165,2706,3248,3789,4330,4872,5413,5954,7037,9743,9202,7578,7037,4330,3789,2165,1624,2165,2706,3248,3789,4330,4872,5413,5954,6495,7037,9743,9202,8660,7578,7037,6495,5954,5413,4872,4330,2706,2165,2706,3248,3789,4330,4872,5413,5954,6495,7037,6495,5954,5413,4872,4330,3789,3248,2706,3248,3789,4330,4872,5413,5954,6495,7037,6495,5954,5413,4872,4330,3789,3248,3789,4330,4872,5413,5954,6495,7037,7037,6495,5954,5413,4872,4330,3789,4330,4872,5413,5954,6495,7037,7578,7578,7037,6495,5954,5413,4872,4330,4872,5413,5954,6495,7037,7578,7037,6495,5413,4872,5413,5954,6495,7037,7578,8119,7578,7037,5413,6495,7037
154,14073,12991,13532,23816,24358,24899,12449,12991,14615,17321,22734,23816,24358,14615,15156,16238,16780,17321,18404,19486,20027,20569,21110,21651,23816,24358,14073,17321,17862,18404,18945,20569,21110,21651,23275,23816,7578,8119,8660,9202,9743,10284,10826,11367,11908,12449,12991,13532,17321,17862,18404,20569,21110,22734,23275,7037,7578,8119,8660,9202,9743,11367,11908,15697,16238,16780,17862,18404,19486,20027,20569,21110,21651,22192,6495,7037,7578,8119,8660,9202,10826,11367,14073,14615,15156,17862,18404,18945,19486,4330,4872,5413,5954,6495,7578,8119,8660,9202,10826,11908,13532,14073,17321,17862,21651,22192,3248,3789,4330,4872,5413,7037,7578,8119,8660,10284,10826,11367,11908,21110,21651,2706,3248,6495,7037,7578,9743,10284,9743,6495,7037,7578,9743,9202,5413,5954,6495,10826,10284,9743,9202,2706,3248,4330,4872,10826,10284,9743,4872,4330,3789,3248,2706,0,541,1083,1624,2165,2706,3248,3789,11367,4872,4330,3789,3248,2706,1083,541,1083,1624,2165,2706,3789,4330,11908,4330,3789,3248,2706,2165,1624,1083,1624,2165,2706,3248,4330,12449,11908,10284,9743,7037,6495,4872,4330,3789,3248,2706,2165,1624,2165,2706,3248,3789,4330,12449,11908,11367,10284,9743,9202,8660,8119,7578,7037,5413,4872,4330,3789,3248,2706,2165,2706,3248,3789,4330,9202,8660,8119,7578,7037,6495,5954,5413,4872,4330,3789,3248,2706,3248,3789,4330,9202,8660,8119,7578,7037,6495,5954,5413,4872,4330,3789,3248,3789,4330,9743,9202,8660,8119,7578,7037,6495,5954,5413,4872,4330,3789,4330,4872,10284,9743,9202,8660,8119,7578,7037,6495,5954,5413,4872,4330,10284,9743,9202,8119,7578,7037,6495,5954,5413,4872,10826,10284,9743,8119,7037,6495
155,13532,12449,12991,23275,23816,24358,11908,12449,14073,16780,22192,23275,23816,14073,14615,15697,16238,16780,17862,18945,19486,20027,20569,21110,23275,23816,13532,16780,17321,17862,18404,20027,20569,21110,22734,23275,7037,7578,8119,8660,9202,9743,10284,10826,11367,11908,12449,12991,16780,17321,17862,20027,20569,22192,22734,6495,7037,7578,8119,8660,9202,10826,11367,15156,15697,16238,17321,17862,18945,19486,20027,20569,21110,21651,5954,6495,7037,7578,8119,8660,10284,10826,13532,14073,14615,17321,17862,18404,18945,3789,4330,4872,5413,5954,7037,7578,8119,8660,10284,11367,12991,13532,16780,17321,21110,21651,2706,3248,3789,4330,4872,6495,7037,7578,8119,9743,10284,10826,11367,20569,21110,2165,2706,5954,6495,7037,9202,9743,10284,5954,6495,7037,10284,9743,4872,5413,5954,11367,10826,10284,9743,2165,2706,3789,4330,11367,10826,10284,5413,4872,4330,3789,3248,541,0,541,1083,1624,2165,2706,3248,11908,5413,4872,4330,3789,3248,1624,1083,541,1083,1624,2165,3248,3789,12449,4872,4330,3789,3248,2706,2165,1624,1083,1624,2165,2706,3789,12991,12449,10826,10284,7578,7037,5413,4872,4330,3789,3248,2706,2165,1624,2165,2706,3248,3789,12991,12449,11908,10826,10284,9743,9202,8660,8119,7578,5954,5413,4872,4330,3789,3248,2706,2165,2706,3248,3789,9743,9202,8660,8119,7578,7037,6495,5954,5413,4872,4330,3789,3248,2706,3248,3789,9743,9202,8660,8119,7578,7037,6495,5954,5413,4872,4330,3789,3248,3789,10284,9743,9202,8660,8119,7578,7037,6495,5954,5413,4872,4330,3789,4330,10826,10284,9743,9202,8660,8119,7578,7037,6495,5954,5413,4872,10826,10284,9743,8660,8119,7578,7037,6495,5954,5413,11367,10826,10284,8660,7578,7037
156,12991,11908,12449,22734,23275,23816,11367,11908,13532,16238,21651,22734,23275,13532,14073,15156,15697,16238,17321,18404,18945,19486,20027,20569,22734,23275,12991,16238,16780,17321,17862,19486,20027,20569,22192,22734,6495,7037,7578,8119,8660,9202,9743,10284,10826,11367,11908,12449,16238,16780,17321,19486,20027,21651,22192,5954,6495,7037,7578,8119,8660,10284,10826,14615,15156,15697,16780,17321,18404,18945,19486,20027,20569,21110,5413,5954,6495,7037,7578,8119,9743,10284,12991,13532,14073,16780,17321,17862,18404,3248,3789,4330,4872,5413,6495,7037,7578,8119,9743,10826,12449,12991,16238,16780,20569,21110,3248,2706,3248,3789,4330,5954,6495,7037,7578,9202,9743,10284,10826,20027,20569,2706,2165,5413,5954,6495,8660,9202,10826,5413,5954,6495,10826,10284,4330,4872,5413,11908,11367,10826,10284,1624,2165,3248,3789,11908,11367,10826,5954,5413,4872,4330,3789,1083,541,0,541,1083,1624,2165,2706,12449,5954,5413,4872,4330,3789,2165,1624,1083,541,1083,1624,2706,3248,12991,5413,4872,4330,3789,3248,2706,2165,1624,1083,1624,2165,3248,13532,12991,11367,10826,8119,7578,5954,5413,4872,4330,3789,3248,2706,2165,1624,2165,2706,3248,13532,12991,12449,11367,10826,10284,9743,9202,8660,8119,6495,5954,5413,4872,4330,3789,3248,2706,2165,2706,3248,10284,9743,9202,8660,8119,7578,7037,6495,5954,5413,4872,4330,3789,3248,2706,3248,10284,9743,9202,8660,8119,7578,7037,6495,5954,5413,4872,4330,3789,3248,10826,10284,9743,9202,8660,8119,7578,7037,6495,5954,5413,4872,4330,3789,11367,10826,10284,9743,9202,8660,8119,7578,7037,6495,5954,5413,11367,10826,10284,9202,8660,8119,7578,7037,6495,5954,11908,11367,10826,9202,8119,7578
157,12449,11367,11908,22192,22734,23275,10826,11367,12991,15697,21110,22192,22734,12991,13532,14615,15156,15697,16780,17862,18404,18945,19486,20027,22192,22734,12449,15697,16238,16780,17321,18945,19486,20027,21651,22192,5954,6495,7037,7578,8119,8660,9202,9743,10284,10826,11367,11908,15697,16238,16780,18945,19486,21110,21651,5413,5954,6495,7037,7578,8119,9743,10284,14073,14615,15156,16238,16780,17862,18404,18945,19486,20027,20569,4872,5413,5954,6495,7037,7578,9202,9743,12449,12991,13532,16238,16780,17321,17862,3789,3248,3789,4330,4872,5954,6495,7037,7578,9202,10284,11908,12449,15697,16238,20027,20569,3789,3248,2706,3248,3789,5413,5954,6495,7037,8660,9202,9743,10284,19486,20027,3248,2706,4872,5413,5954,8119,8660,11367,4872,5413,5954,11367,10826,3789,4330,4872,12449,11908,11367,10826,1083,1624,2706,3248,12449,11908,11367,6495,5954,5413,4872,4330,1624,1083,541,0,541,1083,1624,2165,12991,6495,5954,5413,4872,4330,2706,2165,1624,1083,541,1083,2165,2706,13532,5954,5413,4872,4330,3789,3248,2706,2165,1624,1083,1624,2706,14073,13532,11908,11367,8660,8119,6495,5954,5413,4872,4330,3789,3248,2706,2165,1624,2165,2706,14073,13532,12991,11908,11367,10826,10284,9743,9202,8660,7037,6495,5954,5413,4872,4330,3789,3248,2706,2165,2706,10826,10284,9743,9202,8660,8119,7578,7037,6495,5954,5413,4872,4330,3789,3248,2706,10826,10284,9743,9202,8660,8119,7578,7037,6495,5954,5413,4872,4330,3789,11367,10826,10284,9743,9202,8660,8119,7578,7037,6495,5954,5413,4872,4330,11908,11367,10826,10284,9743,9202,8660,8119,7578,7037,6495,5954,11908,11367,10826,9743,9202,8660,8119,7578,7037,6495,12449,11908,11367,9743,8660,8119
158,11908,10826,11367,21651,22192,22734,10284,10826,12449,15156,20569,21651,22192,12449,12991,14073,14615,15156,16238,17321,17862,18404,18945,19486,21651,22192,11908,15156,15697,16238,16780,18404,18945,19486,21110,21651,5413,5954,6495,7037,7578,8119,8660,9202,9743,10284,10826,11367,15156,15697,16238,18404,18945,20569,21110,4872,5413,5954,6495,7037,7578,9202,9743,13532,14073,14615,15697,16238,17321,17862,18404,18945,19486,20027,4330,4872,5413,5954,6495,7037,8660,9202,11908,12449,12991,15697,16238,16780,17321,4330,3789,3248,3789,4330,5413,5954,6495,7037,8660,9743,11367,11908,15156,15697,19486,20027,4330,3789,3248,2706,3248,4872,5413,5954,6495,8119,8660,9202,9743,18945,19486,3789,3248,4330,4872,5413,7578,8119,11908,4330,4872,5413,11908,11367,3248,3789,4330,12991,12449,11908,11367,541,1083,2165,2706,12991,12449,11908,7037,6495,5954,5413,4872,2165,1624,1083,541,0,541,1083,1624,13532,7037,6495,5954,5413,4872,3248,2706,2165,1624,1083,541,1624,2165,14073,6495,5954,5413,4872,4330,3789,3248,2706,2165,1624,1083,2165,14615,14073,12449,11908,9202,8660,7037,6495,5954,5413,4872,4330,3789,3248,2706,2165,1624,2165,14615,14073,13532,12449,11908,11367,10826,10284,9743,9202,7578,7037,6495,5954,5413,4872,4330,3789,3248,2706,2165,11367,10826,10284,9743,9202,8660,8119,7578,7037,6495,5954,5413,4872,4330,3789,3248,11367,10826,10284,9743,9202,8660,8119,7578,7037,6495,5954,5413,4872,4330,11908,11367,10826,10284,9743,9202,8660,8119,7578,7037,6495,5954,5413,4872,12449,11908,11367,10826,10284,9743,9202,8660,8119,7578,7037,6495,12449,11908,11367,10284,9743,9202,8660,8119,7578,7037,12991,12449,11908,10284,9202,8660
159,11367,10284,10826,21110,21651,22192,9743,10284,11908,14615,20027,21110,21651,11908,12449,13532,14073,14615,15697,16780,17321,17862,18404,18945,21110,21651,11367,14615,15156,15697,16238,17862,18404,18945,20569,21110,4872,5413,5954,6495,7037,7578,8119,8660,9202,9743,10284,10826,14615,15156,15697,17862,18404,20027,20569,4330,4872,5413,5954,6495,7037,8660,9202,12991,13532,14073,15156,15697,16780,17321,17862,18404,18945,19486,3789,4330,4872,5413,5954,6495,8119,8660,11367,11908,12449,15156,15697,16238,16780,4872,4330,3789,3248,3789,4872,5413,5954,6495,8119,9202,10826,11367,14615,15156,18945,19486,4872,4330,3789,3248,2706,4330,4872,5413,5954,7578,8119,8660,9202,18404,18945,4330,3789,3789,4330,4872,7037,7578,12449,3789,4330,4872,12449,11908,2706,3248,3789,13532,12991,12449,11908,1083,541,1624,2165,13532,12991,12449,7578,7037,6495,5954,5413,2706,2165,1624,1083,541,0,541,1083,14073,7578,7037,6495,5954,5413,3789,3248,2706,2165,1624,1083,1083,1624,14615,7037,6495,5954,5413,4872,4330,3789,3248,2706,2165,1624,1624,15156,14615,12991,12449,9743,9202,7578,7037,6495,5954,5413,4872,4330,3789,3248,2706,2165,1624,15156,14615,14073,12991,12449,11908,11367,10826,10284,9743,8119,7578,7037,6495,5954,5413,4872,4330,3789,3248,2706,11908,11367,10826,10284,9743,9202,8660,8119,7578,7037,6495,5954,5413,4872,4330,3789,11908,11367,10826,10284,9743,9202,8660,8119,7578,7037,6495,5954,5413,4872,12449,11908,11367,10826,10284,9743,9202,8660,8119,7578,7037,6495,5954,5413,12991,12449,11908,11367,10826,10284,9743,9202,8660,8119,7578,7037,12991,12449,11908,10826,10284,9743,9202,8660,8119,7578,13532,12991,12449,10826,9743,9202
160,10826,9743,10284,20569,21110,21651,9202,9743,11367,14073,19486,20569,21110,11367,11908,12991,13532,14073,15156,16238,16780,17321,17862,18404,20569,21110,10826,14073,14615,15156,15697,17321,17862,18404,20027,20569,5413,4872,5413,5954,6495,7037,7578,8119,8660,9202,9743,10284,14073,14615,15156,17321,17862,19486,20027,4872,4330,4872,5413,5954,6495,8119,8660,12449,12991,13532,14615,15156,16238,16780,17321,17862,18404,18945,4330,3789,4330,4872,5413,5954,7578,8119,10826,11367,11908,14615,15156,15697,16238,5413,4872,4330,3789,3248,4330,4872,5413,5954,7578,8660,10284,10826,14073,14615,18404,18945,5413,4872,4330,3789,3248,3789,4330,4872,5413,7037,7578,8119,8660,17862,18404,4872,4330,3248,3789,4330,6495,7037,12991,3248,3789,4330,12991,12449,2165,2706,3248,14073,13532,12991,12449,1624,1083,1083,1624,14073,13532,12991,8119,7578,7037,6495,5954,3248,2706,2165,1624,1083,541,0,541,14615,8119,7578,7037,6495,5954,4330,3789,3248,2706,2165,1624,541,1083,15156,7578,7037,6495,5954,5413,4872,4330,3789,3248,2706,2165,1083,15697,15156,13532,12991,10284,9743,8119,7578,7037,6495,5954,5413,4872,4330,3789,3248,2706,2165,15697,15156,14615,13532,12991,12449,11908,11367,10826,10284,8660,8119,7578,7037,6495,5954,5413,4872,4330,3789,3248,12449,11908,11367,10826,10284,9743,9202,8660,8119,7578,7037,6495,5954,5413,4872,4330,12449,11908,11367,10826,10284,9743,9202,8660,8119,7578,7037,6495,5954,5413,12991,12449,11908,11367,10826,10284,9743,9202,8660,8119,7578,7037,6495,5954,13532,12991,12449,11908,11367,10826,10284,9743,9202,8660,8119,7578,13532,12991,12449,11367,10826,10284,9743,9202,8660,8119,14073,13532,12991,11367,10284,9743
161,10284,9202,9743,20027,20569,21110,8660,9202,10826,13532,18945,20027,20569,10826,11367,12449,12991,13532,14615,15697,16238,16780,17321,17862,20027,20569,10284,13532,14073,14615,15156,16780,17321,17862,19486,20027,5954,5413,4872,5413,5954,6495,7037,7578,8119,8660,9202,9743,13532,14073,14615,16780,17321,18945,19486,5413,4872,4330,4872,5413,5954,7578,8119,11908,12449,12991,14073,14615,15697,16238,16780,17321,17862,18404,4872,4330,3789,4330,4872,5413,7037,7578,10284,10826,11367,14073,14615,15156,15697,5954,5413,4872,4330,3789,3789,4330,4872,5413,7037,8119,9743,10284,13532,14073,17862,18404,5954,5413,4872,4330,3789,3248,3789,4330,4872,6495,7037,7578,8119,17321,17862,5413,4872,2706,3248,3789,5954,6495,13532,2706,3248,3789,13532,12991,1624,2165,2706,14615,14073,13532,12991,2165,1624,541,1083,14615,14073,13532,8660,8119,7578,7037,6495,3789,3248,2706,2165,1624,1083,541,0,15156,8660,8119,7578,7037,6495,4872,4330,3789,3248,2706,2165,1083,541,15697,8119,7578,7037,6495,5954,5413,4872,4330,3789,3248,2706,1624,16238,15697,14073,13532,10826,10284,8660,8119,7578,7037,6495,5954,5413,4872,4330,3789,3248,2706,16238,15697,15156,14073,13532,12991,12449,11908,11367,10826,9202,8660,8119,7578,7037,6495,5954,5413,4872,4330,3789,12991,12449,11908,11367,10826,10284,9743,9202,8660,8119,7578,7037,6495,5954,5413,4872,12991,12449,11908,11367,10826,10284,9743,9202,8660,8119,7578,7037,6495,5954,13532,12991,12449,11908,11367,10826,10284,9743,9202,8660,8119,7578,7037,6495,14073,13532,12991,12449,11908,11367,10826,10284,9743,9202,8660,8119,14073,13532,12991,11908,11367,10826,10284,9743,9202,8660,14615,14073,13532,11908,10826,10284
162,25440,24358,24899,35183,35724,36266,23816,24358,25981,28688,34101,35183,35724,25981,26523,27605,28147,28688,29770,30853,31394,31936,32477,33018,35183,35724,25440,28688,29229,29770,30312,31936,32477,33018,34642,35183,18945,19486,20027,20569,21110,21651,22192,22734,23275,23816,24358,24899,28688,29229,29770,31936,32477,34101,34642,18404,18945,19486,20027,20569,21110,22734,23275,27064,27605,28147,29229,29770,30853,31394,31936,32477,33018,33559,17862,18404,18945,19486,20027,20569,22192,22734,25440,25981,26523,29229,29770,30312,30853,15697,16238,16780,17321,17862,18945,19486,20027,20569,22192,23275,24899,25440,28688,29229,33018,33559,14615,15156,15697,16238,16780,18404,18945,19486,20027,21651,22192,22734,23275,32477,33018,14073,14615,17862,18404,18945,21110,21651,4872,17862,18404,18945,3789,4330,16780,17321,17862,1624,2165,2706,3248,14073,14615,15697,16238,541,1083,1624,6495,7037,7578,8119,8660,11367,11908,12449,12991,13532,14073,14615,15156,0,6495,7037,7578,8119,8660,10284,10826,11367,11908,12449,12991,14073,14615,541,8119,8660,9202,9743,10284,10826,11367,11908,12449,12991,13532,14615,1083,1624,3248,3789,6495,7037,8660,9202,9743,10284,10826,11367,11908,12449,12991,13532,14073,14615,2165,2706,3248,4330,4872,5413,5954,6495,7037,7578,9202,9743,10284,10826,11367,11908,12449,12991,13532,14073,14615,6495,7037,7578,8119,8660,9202,9743,10284,10826,11367,11908,12449,12991,13532,14073,14615,7578,8119,8660,9202,9743,10284,10826,11367,11908,12449,12991,13532,14073,14615,8119,8660,9202,9743,10284,10826,11367,11908,12449,12991,13532,14073,14615,15156,8660,9202,9743,10284,10826,11367,11908,12449,12991,13532,14073,14615,9743,10284,10826,11908,12449,12991,13532,14073,14615,15156,10284,10826,11367,12991,14073,14615
163,18945,17862,18404,28688,29229,29770,17321,17862,19486,22192,27605,28688,29229,19486,20027,21110,21651,22192,23275,24358,24899,25440,25981,26523,28688,29229,18945,22192,22734,23275,23816,25440,25981,26523,28147,28688,12449,12991,13532,14073,14615,15156,15697,16238,16780,17321,17862,18404,22192,22734,23275,25440,25981,27605,28147,11908,12449,12991,13532,14073,14615,16238,16780,20569,21110,21651,22734,23275,24358,24899,25440,25981,26523,27064,11367,11908,12449,12991,13532,14073,15697,16238,18945,19486,20027,22734,23275,23816,24358,9202,9743,10284,10826,11367,12449,12991,13532,14073,15697,16780,18404,18945,22192,22734,26523,27064,8119,8660,9202,9743,10284,11908,12449,12991,13532,15156,15697,16238,16780,25981,26523,7578,8119,11367,11908,12449,14615,15156,5954,11367,11908,12449,5954,5413,10284,10826,11367,7037,6495,5954,5413,7578,8119,9202,9743,7037,6495,5954,1083,541,1083,1624,2165,4872,5413,5954,6495,7037,7578,8119,8660,6495,0,541,1083,1624,2165,3789,4330,4872,5413,5954,6495,7578,8119,7037,1624,2165,2706,3248,3789,4330,4872,5413,5954,6495,7037,8119,7578,7037,5413,4872,2165,1624,2165,2706,3248,3789,4330,4872,5413,5954,6495,7037,7578,8119,7578,7037,6495,5413,4872,4330,3789,3248,2706,2165,2706,3248,3789,4330,4872,5413,5954,6495,7037,7578,8119,4330,3789,3248,2706,2165,2706,3248,3789,4330,4872,5413,5954,6495,7037,7578,8119,4330,3789,3248,2706,3248,3789,4330,4872,5413,5954,6495,7037,7578,8119,4872,4330,3789,3248,3789,4330,4872,5413,5954,6495,7037,7578,8119,8660,5413,4872,4330,3789,4330,4872,5413,5954,6495,7037,7578,8119,5413,4872,4330,5413,5954,6495,7037,7578,8119,8660,5954,5413,4872,6495,7578,8119
164,18404,17321,17862,28147,28688,29229,16780,17321,18945,21651,27064,28147,28688,18945,19486,20569,21110,21651,22734,23816,24358,24899,25440,25981,28147,28688,18404,21651,22192,22734,23275,24899,25440,25981,27605,28147,11908,12449,12991,13532,14073,14615,15156,15697,16238,16780,17321,17862,21651,22192,22734,24899,25440,27064,27605,11367,11908,12449,12991,13532,14073,15697,16238,20027,20569,21110,22192,22734,23816,24358,24899,25440,25981,26523,10826,11367,11908,12449,12991,13532,15156,15697,18404,18945,19486,22192,22734,23275,23816,8660,9202,9743,10284,10826,11908,12449,12991,13532,15156,16238,17862,18404,21651,22192,25981,26523,7578,8119,8660,9202,9743,11367,11908,12449,12991,14615,15156,15697,16238,25440,25981,7037,7578,10826,11367,11908,14073,14615,6495,10826,11367,11908,6495,5954,9743,10284,10826,7578,7037,6495,5954,7037,7578,8660,9202,7578,7037,6495,1624,1083,541,1083,1624,4330,4872,5413,5954,6495,7037,7578,8119,7037,541,0,541,1083,1624,3248,3789,4330,4872,5413,5954,7037,7578,7578,1083,1624,2165,2706,3248,3789,4330,4872,5413,5954,6495,7578,8119,7578,5954,5413,2706,2165,1624,2165,2706,3248,3789,4330,4872,5413,5954,6495,7037,7578,8119,7578,7037,5954,5413,4872,4330,3789,3248,2706,2165,2706,3248,3789,4330,4872,5413,5954,6495,7037,7578,4872,4330,3789,3248,2706,2165,2706,3248,3789,4330,4872,5413,5954,6495,7037,7578,4872,4330,3789,3248,2706,3248,3789,4330,4872,5413,5954,6495,7037,7578,5413,4872,4330,3789,3248,3789,4330,4872,5413,5954,6495,7037,7578,8119,5954,5413,4872,4330,3789,4330,4872,5413,5954,6495,7037,7578,5954,5413,4872,4872,5413,5954,6495,7037,7578,8119,6495,5954,5413,5954,7037,7578
165,17862,16780,17321,27605,28147,28688,16238,16780,18404,21110,26523,27605,28147,18404,18945,20027,20569,21110,22192,23275,23816,24358,24899,25440,27605,28147,17862,21110,21651,22192,22734,24358,24899,25440,27064,27605,11367,11908,12449,12991,13532,14073,14615,15156,15697,16238,16780,17321,21110,21651,22192,24358,24899,26523,27064,10826,11367,11908,12449,12991,13532,15156,15697,19486,20027,20569,21651,22192,23275,23816,24358,24899,25440,25981,10284,10826,11367,11908,12449,12991,14615,15156,17862,18404,18945,21651,22192,22734,23275,8119,8660,9202,9743,10284,11367,11908,12449,12991,14615,15697,17321,17862,21110,21651,25440,25981,7037,7578,8119,8660,9202,10826,11367,11908,12449,14073,14615,15156,15697,24899,25440,6495,7037,10284,10826,11367,13532,14073,7037,10284,10826,11367,7037,6495,9202,9743,10284,8119,7578,7037,6495,6495,7037,8119,8660,8119,7578,7037,2165,1624,1083,541,1083,3789,4330,4872,5413,5954,6495,7037,7578,7578,1083,541,0,541,1083,2706,3248,3789,4330,4872,5413,6495,7037,8119,541,1083,1624,2165,2706,3248,3789,4330,4872,5413,5954,7037,8660,8119,6495,5954,3248,2706,1083,1624,2165,2706,3248,3789,4330,4872,5413,5954,6495,7037,8660,8119,7578,6495,5954,5413,4872,4330,3789,3248,1624,2165,2706,3248,3789,4330,4872,5413,5954,6495,7037,5413,4872,4330,3789,3248,2706,2165,2706,3248,3789,4330,4872,5413,5954,6495,7037,5413,4872,4330,3789,3248,2706,3248,3789,4330,4872,5413,5954,6495,7037,5954,5413,4872,4330,3789,3248,3789,4330,4872,5413,5954,6495,7037,7578,6495,5954,5413,4872,4330,3789,4330,4872,5413,5954,6495,7037,6495,5954,5413,4330,4872,5413,5954,6495,7037,7578,7037,6495,5954,5413,6495,7037
166,17321,16238,16780,27064,27605,28147,15697,16238,17862,20569,25981,27064,27605,17862,18404,19486,20027,20569,21651,22734,23275,23816,24358,24899,27064,27605,17321,20569,21110,21651,22192,23816,24358,24899,26523,27064,10826,11367,11908,12449,12991,13532,14073,14615,15156,15697,16238,16780,20569,21110,21651,23816,24358,25981,26523,10284,10826,11367,11908,12449,12991,14615,15156,18945,19486,20027,21110,21651,22734,23275,23816,24358,24899,25440,9743,10284,10826,11367,11908,12449,14073,14615,17321,17862,18404,21110,21651,22192,22734,7578,8119,8660,9202,9743,10826,11367,11908,12449,14073,15156,16780,17321,20569,21110,24899,25440,6495,7037,7578,8119,8660,10284,10826,11367,11908,13532,14073,14615,15156,24358,24899,5954,6495,9743,10284,10826,12991,13532,7578,9743,10284,10826,7578,7037,8660,9202,9743,8660,8119,7578,7037,5954,6495,7578,8119,8660,8119,7578,2706,2165,1624,1083,541,3248,3789,4330,4872,5413,5954,6495,7037,8119,1624,1083,541,0,541,2165,2706,3248,3789,4330,4872,5954,6495,8660,1083,541,1083,1624,2165,2706,3248,3789,4330,4872,5413,6495,9202,8660,7037,6495,3789,3248,1624,1083,1624,2165,2706,3248,3789,4330,4872,5413,5954,6495,9202,8660,8119,7037,6495,5954,5413,4872,4330,3789,2165,1624,2165,2706,3248,3789,4330,4872,5413,5954,6495,5954,5413,4872,4330,3789,3248,2706,2165,2706,3248,3789,4330,4872,5413,5954,6495,5954,5413,4872,4330,3789,3248,2706,3248,3789,4330,4872,5413,5954,6495,6495,5954,5413,4872,4330,3789,3248,3789,4330,4872,5413,5954,6495,7037,7037,6495,5954,5413,4872,4330,3789,4330,4872,5413,5954,6495,7037,6495,5954,4872,4330,4872,5413,5954,6495,7037,7578,7037,6495,4872,5954,6495
167,16780,15697,16238,26523,27064,27605,15156,15697,17321,20027,25440,26523,27064,17321,17862,18945,19486,20027,21110,22192,22734,23275,23816,24358,26523,27064,16780,20027,20569,21110,21651,23275,23816,24358,25981,26523,10284,10826,11367,11908,12449,12991,13532,14073,14615,15156,15697,16238,20027,20569,21110,23275,23816,25440,25981,9743,10284,10826,11367,11908,12449,14073,14615,18404,18945,19486,20569,21110,22192,22734,23275,23816,24358,24899,9202,9743,10284,10826,11367,11908,13532,14073,16780,17321,17862,20569,21110,21651,22192,7037,7578,8119,8660,9202,10284,10826,11367,11908,13532,14615,16238,16780,20027,20569,24358,24899,5954,6495,7037,7578,8119,9743,10284,10826,11367,12991,13532,14073,14615,23816,24358,5413,5954,9202,9743,10284,12449,12991,8119,9202,9743,10284,8119,7578,8119,8660,9202,9202,8660,8119,7578,5413,5954,7037,7578,9202,8660,8119,3248,2706,2165,1624,1083,2706,3248,3789,4330,4872,5413,5954,6495,8660,2165,1624,1083,541,0,1624,2165,2706,3248,3789,4330,5413,5954,9202,1624,1083,541,1083,1624,2165,2706,3248,3789,4330,4872,5954,9743,9202,7578,7037,4330,3789,2165,1624,1083,1624,2165,2706,3248,3789,4330,4872,5413,5954,9743,9202,8660,7578,7037,6495,5954,5413,4872,4330,2706,2165,1624,2165,2706,3248,3789,4330,4872,5413,5954,6495,5954,5413,4872,4330,3789,3248,2706,2165,2706,3248,3789,4330,4872,5413,5954,6495,5954,5413,4872,4330,3789,3248,2706,3248,3789,4330,4872,5413,5954,7037,6495,5954,5413,4872,4330,3789,3248,3789,4330,4872,5413,5954,6495,7578,7037,6495,5954,5413,4872,4330,3789,4330,4872,5413,5954,7578,7037,6495,5413,4872,4330,4872,5413,5954,6495,8119,7578,7037,5413,5413,5954
168,15156,14073,14615,24899,25440,25981,13532,14073,15697,18404,23816,24899,25440,15697,16238,17321,17862,18404,19486,20569,21110,21651,22192,22734,24899,25440,15156,18404,18945,19486,20027,21651,22192,22734,24358,24899,8660,9202,9743,10284,10826,11367,11908,12449,12991,13532,14073,14615,18404,18945,19486,21651,22192,23816,24358,8119,8660,9202,9743,10284,10826,12449,12991,16780,17321,17862,18945,19486,20569,21110,21651,22192,22734,23275,7578,8119,8660,9202,9743,10284,11908,12449,15156,15697,16238,18945,19486,20027,20569,5413,5954,6495,7037,7578,8660,9202,9743,10284,11908,12991,14615,15156,18404,18945,22734,23275,4330,4872,5413,5954,6495,8119,8660,9202,9743,11367,11908,12449,12991,22192,22734,3789,4330,7578,8119,8660,10826,11367,9743,7578,8119,8660,9743,9202,6495,7037,7578,10826,10284,9743,9202,3789,4330,5413,5954,10826,10284,9743,4872,4330,3789,3248,2706,1083,1624,2165,2706,3248,3789,4330,4872,10284,3789,3248,2706,2165,1624,0,541,1083,1624,2165,2706,3789,4330,10826,3248,2706,2165,1624,1083,541,1083,1624,2165,2706,3248,4330,11367,10826,9202,8660,5954,5413,3789,3248,2706,2165,1624,1083,1624,2165,2706,3248,3789,4330,11367,10826,10284,9202,8660,8119,7578,7037,6495,5954,4330,3789,3248,2706,2165,1624,2165,2706,3248,3789,4330,8119,7578,7037,6495,5954,5413,4872,4330,3789,3248,2706,2165,2706,3248,3789,4330,8119,7578,7037,6495,5954,5413,4872,4330,3789,3248,2706,3248,3789,4330,8660,8119,7578,7037,6495,5954,5413,4872,4330,3789,3248,3789,4330,4872,9202,8660,8119,7578,7037,6495,5954,5413,4872,4330,3789,4330,9202,8660,8119,7037,6495,5954,5413,4872,4330,4872,9743,9202,8660,7037,5954,5413
169,14615,13532,14073,24358,24899,25440,12991,13532,15156,17862,23275,24358,24899,15156,15697,16780,17321,17862,18945,20027,20569,21110,21651,22192,24358,24899,14615,17862,18404,18945,19486,21110,21651,22192,23816,24358,8119,8660,9202,9743,10284,10826,11367,11908,12449,12991,13532,14073,17862,18404,18945,21110,21651,23275,23816,7578,8119,8660,9202,9743,10284,11908,12449,16238,16780,17321,18404,18945,20027,20569,21110,21651,22192,22734,7037,7578,8119,8660,9202,9743,11367,11908,14615,15156,15697,18404,18945,19486,20027,4872,5413,5954,6495,7037,8119,8660,9202,9743,11367,12449,14073,14615,17862,18404,22192,22734,3789,4330,4872,5413,5954,7578,8119,8660,9202,10826,11367,11908,12449,21651,22192,3248,3789,7037,7578,8119,10284,10826,10284,7037,7578,8119,10284,9743,5954,6495,7037,11367,10826,10284,9743,3248,3789,4872,5413,11367,10826,10284,5413,4872,4330,3789,3248,541,1083,1624,2165,2706,3248,3789,4330,10826,4330,3789,3248,2706,2165,541,0,541,1083,1624,2165,3248,3789,11367,3789,3248,2706,2165,1624,1083,541,1083,1624,2165,2706,3789,11908,11367,9743,9202,6495,5954,4330,3789,3248,2706,2165,1624,1083,1624,2165,2706,3248,3789,11908,11367,10826,9743,9202,8660,8119,7578,7037,6495,4872,4330,3789,3248,2706,2165,1624,2165,2706,3248,3789,8660,8119,7578,7037,6495,5954,5413,4872,4330,3789,3248,2706,2165,2706,3248,3789,8660,8119,7578,7037,6495,5954,5413,4872,4330,3789,3248,2706,3248,3789,9202,8660,8119,7578,7037,6495,5954,5413,4872,4330,3789,3248,3789,4330,9743,9202,8660,8119,7578,7037,6495,5954,5413,4872,4330,3789,9743,9202,8660,7578,7037,6495,5954,5413,4872,4330,10284,9743,9202,7578,6495,5954
170,14073,12991,13532,23816,24358,24899,12449,12991,14615,17321,22734,23816,24358,14615,15156,16238,16780,17321,18404,19486,20027,20569,21110,21651,23816,24358,14073,17321,17862,18404,18945,20569,21110,21651,23275,23816,7578,8119,8660,9202,9743,10284,10826,11367,11908,12449,12991,13532,17321,17862,18404,20569,21110,22734,23275,7037,7578,8119,8660,9202,9743,11367,11908,15697,16238,16780,17862,18404,19486,20027,20569,21110,21651,22192,6495,7037,7578,8119,8660,9202,10826,11367,14073,14615,15156,17862,18404,18945,19486,4330,4872,5413,5954,6495,7578,8119,8660,9202,10826,11908,13532,14073,17321,17862,21651,22192,3248,3789,4330,4872,5413,7037,7578,8119,8660,10284,10826,11367,11908,21110,21651,2706,3248,6495,7037,7578,9743,10284,10826,6495,7037,7578,10826,10284,5413,5954,6495,11908,11367,10826,10284,2706,3248,4330,4872,11908,11367,10826,5954,5413,4872,4330,3789,1083,541,1083,1624,2165,2706,3248,3789,11367,4872,4330,3789,3248,2706,1083,541,0,541,1083,1624,2706,3248,11908,4330,3789,3248,2706,2165,1624,1083,541,1083,1624,2165,3248,12449,11908,10284,9743,7037,6495,4872,4330,3789,3248,2706,2165,1624,1083,1624,2165,2706,3248,12449,11908,11367,10284,9743,9202,8660,8119,7578,7037,5413,4872,4330,3789,3248,2706,2165,1624,2165,2706,3248,9202,8660,8119,7578,7037,6495,5954,5413,4872,4330,3789,3248,2706,2165,2706,3248,9202,8660,8119,7578,7037,6495,5954,5413,4872,4330,3789,3248,2706,3248,9743,9202,8660,8119,7578,7037,6495,5954,5413,4872,4330,3789,3248,3789,10284,9743,9202,8660,8119,7578,7037,6495,5954,5413,4872,4330,10284,9743,9202,8119,7578,7037,6495,5954,5413,4872,10826,10284,9743,8119,7037,6495
171,13532,12449,12991,23275,23816,24358,11908,12449,14073,16780,22192,23275,23816,14073,14615,15697,16238,16780,17862,18945,19486,20027,20569,21110,23275,23816,13532,16780,17321,17862,18404,20027,20569,21110,22734,23275,7037,7578,8119,8660,9202,9743,10284,10826,11367,11908,12449,12991,16780,17321,17862,20027,20569,22192,22734,6495,7037,7578,8119,8660,9202,10826,11367,15156,15697,16238,17321,17862,18945,19486,20027,20569,21110,21651,5954,6495,7037,7578,8119,8660,10284,10826,13532,14073,14615,17321,17862,18404,18945,3789,4330,4872,5413,5954,7037,7578,8119,8660,10284,11367,12991,13532,16780,17321,21110,21651,3789,3248,3789,4330,4872,6495,7037,7578,8119,9743,10284,10826,11367,20569,21110,3248,2706,5954,6495,7037,9202,9743,11367,5954,6495,7037,11367,10826,4872,5413,5954,12449,11908,11367,10826,2165,2706,3789,4330,12449,11908,11367,6495,5954,5413,4872,4330,1624,1083,541,1083,1624,2165,2706,3248,11908,5413,4872,4330,3789,3248,1624,1083,541,0,541,1083,2165,2706,12449,4872,4330,3789,3248,2706,2165,1624,1083,541,1083,1624,2706,12991,12449,10826,10284,7578,7037,5413,4872,4330,3789,3248,2706,2165,1624,1083,1624,2165,2706,12991,12449,11908,10826,10284,9743,9202,8660,8119,7578,5954,5413,4872,4330,3789,3248,2706,2165,1624,2165,2706,9743,9202,8660,8119,7578,7037,6495,5954,5413,4872,4330,3789,3248,2706,2165,2706,9743,9202,8660,8119,7578,7037,6495,5954,5413,4872,4330,3789,3248,2706,10284,9743,9202,8660,8119,7578,7037,6495,5954,5413,4872,4330,3789,3248,10826,10284,9743,9202,8660,8119,7578,7037,6495,5954,5413,4872,10826,10284,9743,8660,8119,7578,7037,6495,5954,5413,11367,10826,10284,8660,7578,7037
172,12991,11908,12449,22734,23275,23816,11367,11908,13532,16238,21651,22734,23275,13532,14073,15156,15697,16238,17321,18404,18945,19486,20027,20569,22734,23275,12991,16238,16780,17321,17862,19486,20027,20569,22192,22734,6495,7037,7578,8119,8660,9202,9743,10284,10826,11367,11908,12449,16238,16780,17321,19486,20027,21651,22192,5954,6495,7037,7578,8119,8660,10284,10826,14615,15156,15697,16780,17321,18404,18945,19486,20027,20569,21110,5413,5954,6495,7037,7578,8119,9743,10284,12991,13532,14073,16780,17321,17862,18404,4330,3789,4330,4872,5413,6495,7037,7578,8119,9743,10826,12449,12991,16238,16780,20569,21110,4330,3789,3248,3789,4330,5954,6495,7037,7578,9202,9743,10284,10826,20027,20569,3789,3248,5413,5954,6495,8660,9202,11908,5413,5954,6495,11908,11367,4330,4872,5413,12991,12449,11908,11367,1624,2165,3248,3789,12991,12449,11908,7037,6495,5954,5413,4872,2165,1624,1083,541,1083,1624,2165,2706,12449,5954,5413,4872,4330,3789,2165,1624,1083,541,0,541,1624,2165,12991,5413,4872,4330,3789,3248,2706,2165,1624,1083,541,1083,2165,13532,12991,11367,10826,8119,7578,5954,5413,4872,4330,3789,3248,2706,2165,1624,1083,1624,2165,13532,12991,12449,11367,10826,10284,9743,9202,8660,8119,6495,5954,5413,4872,4330,3789,3248,2706,2165,1624,2165,10284,9743,9202,8660,8119,7578,7037,6495,5954,5413,4872,4330,3789,3248,2706,2165,10284,9743,9202,8660,8119,7578,7037,6495,5954,5413,4872,4330,3789,3248,10826,10284,9743,9202,8660,8119,7578,7037,6495,5954,5413,4872,4330,3789,11367,10826,10284,9743,9202,8660,8119,7578,7037,6495,5954,5413,11367,10826,10284,9202,8660,8119,7578,7037,6495,5954,11908,11367,10826,9202,8119,7578
173,12449,11367,11908,22192,22734,23275,10826,11367,12991,15697,21110,22192,22734,12991,13532,14615,15156,15697,16780,17862,18404,18945,19486,20027,22192,22734,12449,15697,16238,16780,17321,18945,19486,20027,21651,22192,5954,6495,7037,7578,8119,8660,9202,9743,10284,10826,11367,11908,15697,16238,16780,18945,19486,21110,21651,5413,5954,6495,7037,7578,8119,9743,10284,14073,14615,15156,16238,16780,17862,18404,18945,19486,20027,20569,4872,5413,5954,6495,7037,7578,9202,9743,12449,12991,13532,16238,16780,17321,17862,4872,4330,3789,4330,4872,5954,6495,7037,7578,9202,10284,11908,12449,15697,16238,20027,20569,4872,4330,3789,3248,3789,5413,5954,6495,7037,8660,9202,9743,10284,19486,20027,4330,3789,4872,5413,5954,8119,8660,12449,4872,5413,5954,12449,11908,3789,4330,4872,13532,12991,12449,11908,1083,1624,2706,3248,13532,12991,12449,7578,7037,6495,5954,5413,2706,2165,1624,1083,541,1083,1624,2165,12991,6495,5954,5413,4872,4330,2706,2165,1624,1083,541,0,1083,1624,13532,5954,5413,4872,4330,3789,3248,2706,2165,1624,1083,541,1624,14073,13532,11908,11367,8660,8119,6495,5954,5413,4872,4330,3789,3248,2706,2165,1624,1083,1624,14073,13532,12991,11908,11367,10826,10284,9743,9202,8660,7037,6495,5954,5413,4872,4330,3789,3248,2706,2165,1624,10826,10284,9743,9202,8660,8119,7578,7037,6495,5954,5413,4872,4330,3789,3248,2706,10826,10284,9743,9202,8660,8119,7578,7037,6495,5954,5413,4872,4330,3789,11367,10826,10284,9743,9202,8660,8119,7578,7037,6495,5954,5413,4872,4330,11908,11367,10826,10284,9743,9202,8660,8119,7578,7037,6495,5954,11908,11367,10826,9743,9202,8660,8119,7578,7037,6495,12449,11908,11367,9743,8660,8119
174,11367,10284,10826,21110,21651,22192,9743,10284,11908,14615,20027,21110,21651,11908,12449,13532,14073,14615,15697,16780,17321,17862,18404,18945,21110,21651,11367,14615,15156,15697,16238,17862,18404,18945,20569,21110,5954,5413,5954,6495,7037,7578,8119,8660,9202,9743,10284,10826,14615,15156,15697,17862,18404,20027,20569,5413,4872,5413,5954,6495,7037,8660,9202,12991,13532,14073,15156,15697,16780,17321,17862,18404,18945,19486,4872,4330,4872,5413,5954,6495,8119,8660,11367,11908,12449,15156,15697,16238,16780,5954,5413,4872,4330,3789,4872,5413,5954,6495,8119,9202,10826,11367,14615,15156,18945,19486,5954,5413,4872,4330,3789,4330,4872,5413,5954,7578,8119,8660,9202,18404,18945,5413,4872,3789,4330,4872,7037,7578,13532,3789,4330,4872,13532,12991,2706,3248,3789,14615,14073,13532,12991,2165,1624,1624,2165,14615,14073,13532,8660,8119,7578,7037,6495,3789,3248,2706,2165,1624,1083,541,1083,14073,7578,7037,6495,5954,5413,3789,3248,2706,2165,1624,1083,0,541,14615,7037,6495,5954,5413,4872,4330,3789,3248,2706,2165,1624,541,15156,14615,12991,12449,9743,9202,7578,7037,6495,5954,5413,4872,4330,3789,3248,2706,2165,1624,15156,14615,14073,12991,12449,11908,11367,10826,10284,9743,8119,7578,7037,6495,5954,5413,4872,4330,3789,3248,2706,11908,11367,10826,10284,9743,9202,8660,8119,7578,7037,6495,5954,5413,4872,4330,3789,11908,11367,10826,10284,9743,9202,8660,8119,7578,7037,6495,5954,5413,4872,12449,11908,11367,10826,10284,9743,9202,8660,8119,7578,7037,6495,5954,5413,12991,12449,11908,11367,10826,10284,9743,9202,8660,8119,7578,7037,12991,12449,11908,10826,10284,9743,9202,8660,8119,7578,13532,12991,12449,10826,9743,9202
175,10826,9743,10284,20569,21110,21651,9202,9743,11367,14073,19486,20569,21110,11367,11908,12991,13532,14073,15156,16238,16780,17321,17862,18404,20569,21110,10826,14073,14615,15156,15697,17321,17862,18404,20027,20569,6495,5954,5413,5954,6495,7037,7578,8119,8660,9202,9743,10284,14073,14615,15156,17321,17862,19486,20027,5954,5413,4872,5413,5954,6495,8119,8660,12449,12991,13532,14615,15156,16238,16780,17321,17862,18404,18945,5413,4872,4330,4872,5413,5954,7578,8119,10826,11367,11908,14615,15156,15697,16238,6495,5954,5413,4872,4330,4330,4872,5413,5954,7578,8660,10284,10826,14073,14615,18404,18945,6495,5954,5413,4872,4330,3789,4330,4872,5413,7037,7578,8119,8660,17862,18404,5954,5413,3248,3789,4330,6495,7037,14073,3248,3789,4330,14073,13532,2165,2706,3248,15156,14615,14073,13532,2706,2165,1083,1624,15156,14615,14073,9202,8660,8119,7578,7037,4330,3789,3248,2706,2165,1624,1083,541,14615,8119,7578,7037,6495,5954,4330,3789,3248,2706,2165,1624,541,0,15156,7578,7037,6495,5954,5413,4872,4330,3789,3248,2706,2165,1083,15697,15156,13532,12991,10284,9743,8119,7578,7037,6495,5954,5413,4872,4330,3789,3248,2706,2165,15697,15156,14615,13532,12991,12449,11908,11367,10826,10284,8660,8119,7578,7037,6495,5954,5413,4872,4330,3789,3248,12449,11908,11367,10826,10284,9743,9202,8660,8119,7578,7037,6495,5954,5413,4872,4330,12449,11908,11367,10826,10284,9743,9202,8660,8119,7578,7037,6495,5954,5413,12991,12449,11908,11367,10826,10284,9743,9202,8660,8119,7578,7037,6495,5954,13532,12991,12449,11908,11367,10826,10284,9743,9202,8660,8119,7578,13532,12991,12449,11367,10826,10284,9743,9202,8660,8119,14073,13532,12991,11367,10284,9743
176,25981,24899,25440,35724,36266,36807,24358,24899,26523,29229,34642,35724,36266,26523,27064,28147,28688,29229,30312,31394,31936,32477,33018,33559,35724,36266,25981,29229,29770,30312,30853,32477,33018,33559,35183,35724,19486,20027,20569,21110,21651,22192,22734,23275,23816,24358,24899,25440,29229,29770,30312,32477,33018,34642,35183,18945,19486,20027,20569,21110,21651,23275,23816,27605,28147,28688,29770,30312,31394,31936,32477,33018,33559,34101,18404,18945,19486,20027,20569,21110,22734,23275,25981,26523,27064,29770,30312,30853,31394,16238,16780,17321,17862,18404,19486,20027,20569,21110,22734,23816,25440,25981,29229,29770,33559,34101,15156,15697,16238,16780,17321,18945,19486,20027,20569,22192,22734,23275,23816,33018,33559,14615,15156,18404,18945,19486,21651,22192,5413,18404,18945,19486,4330,4872,17321,17862,18404,2165,2706,3248,3789,14615,15156,16238,16780,1083,1624,2165,7037,7578,8119,8660,9202,11908,12449,12991,13532,14073,14615,15156,15697,541,7037,7578,8119,8660,9202,10826,11367,11908,12449,12991,13532,14615,15156,0,7578,8119,8660,9202,9743,10284,10826,11367,11908,12449,12991,14073,541,1083,2706,3248,5954,6495,8119,8660,9202,9743,10284,10826,11367,11908,12449,12991,13532,14073,1624,2165,2706,3789,4330,4872,5413,5954,6495,7037,8660,9202,9743,10284,10826,11367,11908,12449,12991,13532,14073,5954,6495,7037,7578,8119,8660,9202,9743,10284,10826,11367,11908,12449,12991,13532,14073,7037,7578,8119,8660,9202,9743,10284,10826,11367,11908,12449,12991,13532,14073,7578,8119,8660,9202,9743,10284,10826,11367,11908,12449,12991,13532,14073,14615,8119,8660,9202,9743,10284,10826,11367,11908,12449,12991,13532,14073,9202,9743,10284,11367,11908,12449,12991,13532,14073,14615,9743,10284,10826,12449,13532,14073
177,18404,17321,17862,28147,28688,29229,16780,17321,18945,21651,27064,28147,28688,18945,19486,20569,21110,21651,22734,23816,24358,24899,25440,25981,28147,28688,18404,21651,22192,22734,23275,24899,25440,25981,27605,28147,11908,12449,12991,13532,14073,14615,15156,15697,16238,16780,17321,17862,21651,22192,22734,24899,25440,27064,27605,11367,11908,12449,12991,13532,14073,15697,16238,20027,20569,21110,22192,22734,23816,24358,24899,25440,25981,26523,10826,11367,11908,12449,12991,13532,15156,15697,18404,18945,19486,22192,22734,23275,23816,8660,9202,9743,10284,10826,11908,12449,12991,13532,15156,16238,17862,18404,21651,22192,25981,26523,7578,8119,8660,9202,9743,11367,11908,12449,12991,14615,15156,15697,16238,25440,25981,7037,7578,10826,11367,11908,14073,14615,7578,10826,11367,11908,7578,7037,9743,10284,10826,8660,8119,7578,7037,7037,7578,8660,9202,8660,8119,7578,2706,2165,1624,1083,1624,4330,4872,5413,5954,6495,7037,7578,8119,8119,1624,1083,541,1083,1624,3248,3789,4330,4872,5413,5954,7037,7578,7578,0,541,1083,1624,2165,2706,3248,3789,4330,4872,5413,6495,8119,7578,5954,5413,2706,2165,541,1083,1624,2165,2706,3248,3789,4330,4872,5413,5954,6495,8119,7578,7037,5954,5413,4872,4330,3789,3248,2706,1083,1624,2165,2706,3248,3789,4330,4872,5413,5954,6495,4872,4330,3789,3248,2706,2165,1624,2165,2706,3248,3789,4330,4872,5413,5954,6495,4872,4330,3789,3248,2706,2165,2706,3248,3789,4330,4872,5413,5954,6495,5413,4872,4330,3789,3248,2706,3248,3789,4330,4872,5413,5954,6495,7037,5954,5413,4872,4330,3789,3248,3789,4330,4872,5413,5954,6495,5954,5413,4872,3789,4330,4872,5413,5954,6495,7037,6495,5954,5413,4872,5954,6495
178,17862,16780,17321,27605,28147,28688,16238,16780,18404,21110,26523,27605,28147,18404,18945,20027,20569,21110,22192,23275,23816,24358,24899,25440,27605,28147,17862,21110,21651,22192,22734,24358,24899,25440,27064,27605,11367,11908,12449,12991,13532,14073,14615,15156,15697,16238,16780,17321,21110,21651,22192,24358,24899,26523,27064,10826,11367,11908,12449,12991,13532,15156,15697,19486,20027,20569,21651,22192,23275,23816,24358,24899,25440,25981,10284,10826,11367,11908,12449,12991,14615,15156,17862,18404,18945,21651,22192,22734,23275,8119,8660,9202,9743,10284,11367,11908,12449,12991,14615,15697,17321,17862,21110,21651,25440,25981,7037,7578,8119,8660,9202,10826,11367,11908,12449,14073,14615,15156,15697,24899,25440,6495,7037,10284,10826,11367,13532,14073,8119,10284,10826,11367,8119,7578,9202,9743,10284,9202,8660,8119,7578,6495,7037,8119,8660,9202,8660,8119,3248,2706,2165,1624,1083,3789,4330,4872,5413,5954,6495,7037,7578,8660,2165,1624,1083,541,1083,2706,3248,3789,4330,4872,5413,6495,7037,8119,541,0,541,1083,1624,2165,2706,3248,3789,4330,4872,5954,8660,8119,6495,5954,3248,2706,1083,541,1083,1624,2165,2706,3248,3789,4330,4872,5413,5954,8660,8119,7578,6495,5954,5413,4872,4330,3789,3248,1624,1083,1624,2165,2706,3248,3789,4330,4872,5413,5954,5413,4872,4330,3789,3248,2706,2165,1624,2165,2706,3248,3789,4330,4872,5413,5954,5413,4872,4330,3789,3248,2706,2165,2706,3248,3789,4330,4872,5413,5954,5954,5413,4872,4330,3789,3248,2706,3248,3789,4330,4872,5413,5954,6495,6495,5954,5413,4872,4330,3789,3248,3789,4330,4872,5413,5954,6495,5954,5413,4330,3789,4330,4872,5413,5954,6495,7037,6495,5954,4330,5413,5954
179,17321,16238,16780,27064,27605,28147,15697,16238,17862,20569,25981,27064,27605,17862,18404,19486,20027,20569,21651,22734,23275,23816,24358,24899,27064,27605,17321,20569,21110,21651,22192,23816,24358,24899,26523,27064,10826,11367,11908,12449,12991,13532,14073,14615,15156,15697,16238,16780,20569,21110,21651,23816,24358,25981,26523,10284,10826,11367,11908,12449,12991,14615,15156,18945,19486,20027,21110,21651,22734,23275,23816,24358,24899,25440,9743,10284,10826,11367,11908,12449,14073,14615,17321,17862,18404,21110,21651,22192,22734,7578,8119,8660,9202,9743,10826,11367,11908,12449,14073,15156,16780,17321,20569,21110,24899,25440,6495,7037,7578,8119,8660,10284,10826,11367,11908,13532,14073,14615,15156,24358,24899,5954,6495,9743,10284,10826,12991,13532,8660,9743,10284,10826,8660,8119,8660,9202,9743,9743,9202,8660,8119,5954,6495,7578,8119,9743,9202,8660,3789,3248,2706,2165,1624,3248,3789,4330,4872,5413,5954,6495,7037,9202,2706,2165,1624,1083,541,2165,2706,3248,3789,4330,4872,5954,6495,8660,1083,541,0,541,1083,1624,2165,2706,3248,3789,4330,5413,9202,8660,7037,6495,3789,3248,1624,1083,541,1083,1624,2165,2706,3248,3789,4330,4872,5413,9202,8660,8119,7037,6495,5954,5413,4872,4330,3789,2165,1624,1083,1624,2165,2706,3248,3789,4330,4872,5413,5954,5413,4872,4330,3789,3248,2706,2165,1624,2165,2706,3248,3789,4330,4872,5413,5954,5413,4872,4330,3789,3248,2706,2165,2706,3248,3789,4330,4872,5413,6495,5954,5413,4872,4330,3789,3248,2706,3248,3789,4330,4872,5413,5954,7037,6495,5954,5413,4872,4330,3789,3248,3789,4330,4872,5413,7037,6495,5954,4872,4330,3789,4330,4872,5413,5954,7578,7037,6495,4872,4872,5413
180,16780,15697,16238,26523,27064,27605,15156,15697,17321,20027,25440,26523,27064,17321,17862,18945,19486,20027,21110,22192,22734,23275,23816,24358,26523,27064,16780,20027,20569,21110,21651,23275,23816,24358,25981,26523,10284,10826,11367,11908,12449,12991,13532,14073,14615,15156,15697,16238,20027,20569,21110,23275,23816,25440,25981,9743,10284,10826,11367,11908,12449,14073,14615,18404,18945,19486,20569,21110,22192,22734,23275,23816,24358,24899,9202,9743,10284,10826,11367,11908,13532,14073,16780,17321,17862,20569,21110,21651,22192,7037,7578,8119,8660,9202,10284,10826,11367,11908,13532,14615,16238,16780,20027,20569,24358,24899,5954,6495,7037,7578,8119,9743,10284,10826,11367,12991,13532,14073,14615,23816,24358,5413,5954,9202,9743,10284,12449,12991,9202,9202,9743,10284,9202,8660,8119,8660,9202,10284,9743,9202,8660,5413,5954,7037,7578,10284,9743,9202,4330,3789,3248,2706,2165,2706,3248,3789,4330,4872,5413,5954,6495,9743,3248,2706,2165,1624,1083,1624,2165,2706,3248,3789,4330,5413,5954,9202,1624,1083,541,0,541,1083,1624,2165,2706,3248,3789,4872,9743,9202,7578,7037,4330,3789,2165,1624,1083,541,1083,1624,2165,2706,3248,3789,4330,4872,9743,9202,8660,7578,7037,6495,5954,5413,4872,4330,2706,2165,1624,1083,1624,2165,2706,3248,3789,4330,4872,6495,5954,5413,4872,4330,3789,3248,2706,2165,1624,2165,2706,3248,3789,4330,4872,6495,5954,5413,4872,4330,3789,3248,2706,2165,2706,3248,3789,4330,4872,7037,6495,5954,5413,4872,4330,3789,3248,2706,3248,3789,4330,4872,5413,7578,7037,6495,5954,5413,4872,4330,3789,3248,3789,4330,4872,7578,7037,6495,5413,4872,4330,3789,4330,4872,5413,8119,7578,7037,5413,4330,4872
181,16238,15156,15697,25981,26523,27064,14615,15156,16780,19486,24899,25981,26523,16780,17321,18404,18945,19486,20569,21651,22192,22734,23275,23816,25981,26523,16238,19486,20027,20569,21110,22734,23275,23816,25440,25981,9743,10284,10826,11367,11908,12449,12991,13532,14073,14615,15156,15697,19486,20027,20569,22734,23275,24899,25440,9202,9743,10284,10826,11367,11908,13532,14073,17862,18404,18945,20027,20569,21651,22192,22734,23275,23816,24358,8660,9202,9743,10284,10826,11367,12991,13532,16238,16780,17321,20027,20569,21110,21651,6495,7037,7578,8119,8660,9743,10284,10826,11367,12991,14073,15697,16238,19486,20027,23816,24358,5413,5954,6495,7037,7578,9202,9743,10284,10826,12449,12991,13532,14073,23275,23816,4872,5413,8660,9202,9743,11908,12449,9743,8660,9202,9743,9743,9202,7578,8119,8660,10826,10284,9743,9202,4872,5413,6495,7037,10826,10284,9743,4872,4330,3789,3248,2706,2165,2706,3248,3789,4330,4872,5413,5954,10284,3789,3248,2706,2165,1624,1083,1624,2165,2706,3248,3789,4872,5413,9743,2165,1624,1083,541,0,541,1083,1624,2165,2706,3248,4330,10284,9743,8119,7578,4872,4330,2706,2165,1624,1083,541,1083,1624,2165,2706,3248,3789,4330,10284,9743,9202,8119,7578,7037,6495,5954,5413,4872,3248,2706,2165,1624,1083,1624,2165,2706,3248,3789,4330,7037,6495,5954,5413,4872,4330,3789,3248,2706,2165,1624,2165,2706,3248,3789,4330,7037,6495,5954,5413,4872,4330,3789,3248,2706,2165,2706,3248,3789,4330,7578,7037,6495,5954,5413,4872,4330,3789,3248,2706,3248,3789,4330,4872,8119,7578,7037,6495,5954,5413,4872,4330,3789,3248,3789,4330,8119,7578,7037,5954,5413,4872,4330,3789,4330,4872,8660,8119,7578,5954,4872,4330
182,15697,14615,15156,25440,25981,26523,14073,14615,16238,18945,24358,25440,25981,16238,16780,17862,18404,18945,20027,21110,21651,22192,22734,23275,25440,25981,15697,18945,19486,20027,20569,22192,22734,23275,24899,25440,9202,9743,10284,10826,11367,11908,12449,12991,13532,14073,14615,15156,18945,19486,20027,22192,22734,24358,24899,8660,9202,9743,10284,10826,11367,12991,13532,17321,17862,18404,19486,20027,21110,21651,22192,22734,23275,23816,8119,8660,9202,9743,10284,10826,12449,12991,15697,16238,16780,19486,20027,20569,21110,5954,6495,7037,7578,8119,9202,9743,10284,10826,12449,13532,15156,15697,18945,19486,23275,23816,4872,5413,5954,6495,7037,8660,9202,9743,10284,11908,12449,12991,13532,22734,23275,4330,4872,8119,8660,9202,11367,11908,10284,8119,8660,9202,10284,9743,7037,7578,8119,11367,10826,10284,9743,4330,4872,5954,6495,11367,10826,10284,5413,4872,4330,3789,3248,1624,2165,2706,3248,3789,4330,4872,5413,10826,4330,3789,3248,2706,2165,541,1083,1624,2165,2706,3248,4330,4872,10284,2706,2165,1624,1083,541,0,541,1083,1624,2165,2706,3789,10826,10284,8660,8119,5413,4872,3248,2706,2165,1624,1083,541,1083,1624,2165,2706,3248,3789,10826,10284,9743,8660,8119,7578,7037,6495,5954,5413,3789,3248,2706,2165,1624,1083,1624,2165,2706,3248,3789,7578,7037,6495,5954,5413,4872,4330,3789,3248,2706,2165,1624,2165,2706,3248,3789,7578,7037,6495,5954,5413,4872,4330,3789,3248,2706,2165,2706,3248,3789,8119,7578,7037,6495,5954,5413,4872,4330,3789,3248,2706,3248,3789,4330,8660,8119,7578,7037,6495,5954,5413,4872,4330,3789,3248,3789,8660,8119,7578,6495,5954,5413,4872,4330,3789,4330,9202,8660,8119,6495,5413,4872
183,15156,14073,14615,24899,25440,25981,13532,14073,15697,18404,23816,24899,25440,15697,16238,17321,17862,18404,19486,20569,21110,21651,22192,22734,24899,25440,15156,18404,18945,19486,20027,21651,22192,22734,24358,24899,8660,9202,9743,10284,10826,11367,11908,12449,12991,13532,14073,14615,18404,18945,19486,21651,22192,23816,24358,8119,8660,9202,9743,10284,10826,12449,12991,16780,17321,17862,18945,19486,20569,21110,21651,22192,22734,23275,7578,8119,8660,9202,9743,10284,11908,12449,15156,15697,16238,18945,19486,20027,20569,5413,5954,6495,7037,7578,8660,9202,9743,10284,11908,12991,14615,15156,18404,18945,22734,23275,4330,4872,5413,5954,6495,8119,8660,9202,9743,11367,11908,12449,12991,22192,22734,3789,4330,7578,8119,8660,10826,11367,10826,7578,8119,8660,10826,10284,6495,7037,7578,11908,11367,10826,10284,3789,4330,5413,5954,11908,11367,10826,5954,5413,4872,4330,3789,1083,1624,2165,2706,3248,3789,4330,4872,11367,4872,4330,3789,3248,2706,1083,541,1083,1624,2165,2706,3789,4330,10826,3248,2706,2165,1624,1083,541,0,541,1083,1624,2165,3248,11367,10826,9202,8660,5954,5413,3789,3248,2706,2165,1624,1083,541,1083,1624,2165,2706,3248,11367,10826,10284,9202,8660,8119,7578,7037,6495,5954,4330,3789,3248,2706,2165,1624,1083,1624,2165,2706,3248,8119,7578,7037,6495,5954,5413,4872,4330,3789,3248,2706,2165,1624,2165,2706,3248,8119,7578,7037,6495,5954,5413,4872,4330,3789,3248,2706,2165,2706,3248,8660,8119,7578,7037,6495,5954,5413,4872,4330,3789,3248,2706,3248,3789,9202,8660,8119,7578,7037,6495,5954,5413,4872,4330,3789,3248,9202,8660,8119,7037,6495,5954,5413,4872,4330,3789,9743,9202,8660,7037,5954,5413
184,14615,13532,14073,24358,24899,25440,12991,13532,15156,17862,23275,24358,24899,15156,15697,16780,17321,17862,18945,20027,20569,21110,21651,22192,24358,24899,14615,17862,18404,18945,19486,21110,21651,22192,23816,24358,8119,8660,9202,9743,10284,10826,11367,11908,12449,12991,13532,14073,17862,18404,18945,21110,21651,23275,23816,7578,8119,8660,9202,9743,10284,11908,12449,16238,16780,17321,18404,18945,20027,20569,21110,21651,22192,22734,7037,7578,8119,8660,9202,9743,11367,11908,14615,15156,15697,18404,18945,19486,20027,4872,5413,5954,6495,7037,8119,8660,9202,9743,11367,12449,14073,14615,17862,18404,22192,22734,3789,4330,4872,5413,5954,7578,8119,8660,9202,10826,11367,11908,12449,21651,22192,3248,3789,7037,7578,8119,10284,10826,11367,7037,7578,8119,11367,10826,5954,6495,7037,12449,11908,11367,10826,3248,3789,4872,5413,12449,11908,11367,6495,5954,5413,4872,4330,1624,1083,1624,2165,2706,3248,3789,4330,11908,5413,4872,4330,3789,3248,1624,1083,541,1083,1624,2165,3248,3789,11367,3789,3248,2706,2165,1624,1083,541,0,541,1083,1624,2706,11908,11367,9743,9202,6495,5954,4330,3789,3248,2706,2165,1624,1083,541,1083,1624,2165,2706,11908,11367,10826,9743,9202,8660,8119,7578,7037,6495,4872,4330,3789,3248,2706,2165,1624,1083,1624,2165,2706,8660,8119,7578,7037,6495,5954,5413,4872,4330,3789,3248,2706,2165,1624,2165,2706,8660,8119,7578,7037,6495,5954,5413,4872,4330,3789,3248,2706,2165,2706,9202,8660,8119,7578,7037,6495,5954,5413,4872,4330,3789,3248,2706,3248,9743,9202,8660,8119,7578,7037,6495,5954,5413,4872,4330,3789,9743,9202,8660,7578,7037,6495,5954,5413,4872,4330,10284,9743,9202,7578,6495,5954
185,14073,12991,13532,23816,24358,24899,12449,12991,14615,17321,22734,23816,24358,14615,15156,16238,16780,17321,18404,19486,20027,20569,21110,21651,23816,24358,14073,17321,17862,18404,18945,20569,21110,21651,23275,23816,7578,8119,8660,9202,9743,10284,10826,11367,11908,12449,12991,13532,17321,17862,18404,20569,21110,22734,23275,7037,7578,8119,8660,9202,9743,11367,11908,15697,16238,16780,17862,18404,19486,20027,20569,21110,21651,22192,6495,7037,7578,8119,8660,9202,10826,11367,14073,14615,15156,17862,18404,18945,19486,4330,4872,5413,5954,6495,7578,8119,8660,9202,10826,11908,13532,14073,17321,17862,21651,22192,4330,3789,4330,4872,5413,7037,7578,8119,8660,10284,10826,11367,11908,21110,21651,3789,3248,6495,7037,7578,9743,10284,11908,6495,7037,7578,11908,11367,5413,5954,6495,12991,12449,11908,11367,2706,3248,4330,4872,12991,12449,11908,7037,6495,5954,5413,4872,2165,1624,1083,1624,2165,2706,3248,3789,12449,5954,5413,4872,4330,3789,2165,1624,1083,541,1083,1624,2706,3248,11908,4330,3789,3248,2706,2165,1624,1083,541,0,541,1083,2165,12449,11908,10284,9743,7037,6495,4872,4330,3789,3248,2706,2165,1624,1083,541,1083,1624,2165,12449,11908,11367,10284,9743,9202,8660,8119,7578,7037,5413,4872,4330,3789,3248,2706,2165,1624,1083,1624,2165,9202,8660,8119,7578,7037,6495,5954,5413,4872,4330,3789,3248,2706,2165,1624,2165,9202,8660,8119,7578,7037,6495,5954,5413,4872,4330,3789,3248,2706,2165,9743,9202,8660,8119,7578,7037,6495,5954,5413,4872,4330,3789,3248,2706,10284,9743,9202,8660,8119,7578,7037,6495,5954,5413,4872,4330,10284,9743,9202,8119,7578,7037,6495,5954,5413,4872,10826,10284,9743,8119,7037,6495
186,13532,12449,12991,23275,23816,24358,11908,12449,14073,16780,22192,23275,23816,14073,14615,15697,16238,16780,17862,18945,19486,20027,20569,21110,23275,23816,13532,16780,17321,17862,18404,20027,20569,21110,22734,23275,7037,7578,8119,8660,9202,9743,10284,10826,11367,11908,12449,12991,16780,17321,17862,20027,20569,22192,22734,6495,7037,7578,8119,8660,9202,10826,11367,15156,15697,16238,17321,17862,18945,19486,20027,20569,21110,21651,5954,6495,7037,7578,8119,8660,10284,10826,13532,14073,14615,17321,17862,18404,18945,4872,4330,4872,5413,5954,7037,7578,8119,8660,10284,11367,12991,13532,16780,17321,21110,21651,4872,4330,3789,4330,4872,6495,7037,7578,8119,9743,10284,10826,11367,20569,21110,4330,3789,5954,6495,7037,9202,9743,12449,5954,6495,7037,12449,11908,4872,5413,5954,13532,12991,12449,11908,2165,2706,3789,4330,13532,12991,12449,7578,7037,6495,5954,5413,2706,2165,1624,1083,1624,2165,2706,3248,12991,6495,5954,5413,4872,4330,2706,2165,1624,1083,541,1083,2165,2706,12449,4872,4330,3789,3248,2706,2165,1624,1083,541,0,541,1624,12991,12449,10826,10284,7578,7037,5413,4872,4330,3789,3248,2706,2165,1624,1083,541,1083,1624,12991,12449,11908,10826,10284,9743,9202,8660,8119,7578,5954,5413,4872,4330,3789,3248,2706,2165,1624,1083,1624,9743,9202,8660,8119,7578,7037,6495,5954,5413,4872,4330,3789,3248,2706,2165,1624,9743,9202,8660,8119,7578,7037,6495,5954,5413,4872,4330,3789,3248,2706,10284,9743,9202,8660,8119,7578,7037,6495,5954,5413,4872,4330,3789,3248,10826,10284,9743,9202,8660,8119,7578,7037,6495,5954,5413,4872,10826,10284,9743,8660,8119,7578,7037,6495,5954,5413,11367,10826,10284,8660,7578,7037
187,12991,11908,12449,22734,23275,23816,11367,11908,13532,16238,21651,22734,23275,13532,14073,15156,15697,16238,17321,18404,18945,19486,20027,20569,22734,23275,12991,16238,16780,17321,17862,19486,20027,20569,22192,22734,6495,7037,7578,8119,8660,9202,9743,10284,10826,11367,11908,12449,16238,16780,17321,19486,20027,21651,22192,5954,6495,7037,7578,8119,8660,10284,10826,14615,15156,15697,16780,17321,18404,18945,19486,20027,20569,21110,5413,5954,6495,7037,7578,8119,9743,10284,12991,13532,14073,16780,17321,17862,18404,5413,4872,4330,4872,5413,6495,7037,7578,8119,9743,10826,12449,12991,16238,16780,20569,21110,5413,4872,4330,3789,4330,5954,6495,7037,7578,9202,9743,10284,10826,20027,20569,4872,4330,5413,5954,6495,8660,9202,12991,5413,5954,6495,12991,12449,4330,4872,5413,14073,13532,12991,12449,1624,2165,3248,3789,14073,13532,12991,8119,7578,7037,6495,5954,3248,2706,2165,1624,1083,1624,2165,2706,13532,7037,6495,5954,5413,4872,3248,2706,2165,1624,1083,541,1624,2165,12991,5413,4872,4330,3789,3248,2706,2165,1624,1083,541,0,1083,13532,12991,11367,10826,8119,7578,5954,5413,4872,4330,3789,3248,2706,2165,1624,1083,541,1083,13532,12991,12449,11367,10826,10284,9743,9202,8660,8119,6495,5954,5413,4872,4330,3789,3248,2706,2165,1624,1083,10284,9743,9202,8660,8119,7578,7037,6495,5954,5413,4872,4330,3789,3248,2706,2165,10284,9743,9202,8660,8119,7578,7037,6495,5954,5413,4872,4330,3789,3248,10826,10284,9743,9202,8660,8119,7578,7037,6495,5954,5413,4872,4330,3789,11367,10826,10284,9743,9202,8660,8119,7578,7037,6495,5954,5413,11367,10826,10284,9202,8660,8119,7578,7037,6495,5954,11908,11367,10826,9202,8119,7578
188,11908,10826,11367,21651,22192,22734,10284,10826,12449,15156,20569,21651,22192,12449,12991,14073,14615,15156,16238,17321,17862,18404,18945,19486,21651,22192,11908,15156,15697,16238,16780,18404,18945,19486,21110,21651,6495,5954,6495,7037,7578,8119,8660,9202,9743,10284,10826,11367,15156,15697,16238,18404,18945,20569,21110,5954,5413,5954,6495,7037,7578,9202,9743,13532,14073,14615,15697,16238,17321,17862,18404,18945,19486,20027,5413,4872,5413,5954,6495,7037,8660,9202,11908,12449,12991,15697,16238,16780,17321,6495,5954,5413,4872,4330,5413,5954,6495,7037,8660,9743,11367,11908,15156,15697,19486,20027,6495,5954,5413,4872,4330,4872,5413,5954,6495,8119,8660,9202,9743,18945,19486,5954,5413,4330,4872,5413,7578,8119,14073,4330,4872,5413,14073,13532,3248,3789,4330,15156,14615,14073,13532,2706,2165,2165,2706,15156,14615,14073,9202,8660,8119,7578,7037,4330,3789,3248,2706,2165,1624,1083,1624,14615,8119,7578,7037,6495,5954,4330,3789,3248,2706,2165,1624,541,1083,14073,6495,5954,5413,4872,4330,3789,3248,2706,2165,1624,1083,0,14615,14073,12449,11908,9202,8660,7037,6495,5954,5413,4872,4330,3789,3248,2706,2165,1624,1083,14615,14073,13532,12449,11908,11367,10826,10284,9743,9202,7578,7037,6495,5954,5413,4872,4330,3789,3248,2706,2165,11367,10826,10284,9743,9202,8660,8119,7578,7037,6495,5954,5413,4872,4330,3789,3248,11367,10826,10284,9743,9202,8660,8119,7578,7037,6495,5954,5413,4872,4330,11908,11367,10826,10284,9743,9202,8660,8119,7578,7037,6495,5954,5413,4872,12449,11908,11367,10826,10284,9743,9202,8660,8119,7578,7037,6495,12449,11908,11367,10284,9743,9202,8660,8119,7578,7037,12991,12449,11908,10284,9202,8660
189,26523,25440,25981,36266,36807,37348,24899,25440,27064,29770,35183,36266,36807,27064,27605,28688,29229,29770,30853,31936,32477,33018,33559,34101,36266,36807,26523,29770,30312,30853,31394,33018,33559,34101,35724,36266,20027,20569,21110,21651,22192,22734,23275,23816,24358,24899,25440,25981,29770,30312,30853,33018,33559,35183,35724,19486,20027,20569,21110,21651,22192,23816,24358,28147,28688,29229,30312,30853,31936,32477,33018,33559,34101,34642,18945,19486,20027,20569,21110,21651,23275,23816,26523,27064,27605,30312,30853,31394,31936,16780,17321,17862,18404,18945,20027,20569,21110,21651,23275,24358,25981,26523,29770,30312,34101,34642,15697,16238,16780,17321,17862,19486,20027,20569,21110,22734,23275,23816,24358,33559,34101,15156,15697,18945,19486,20027,22192,22734,5954,18945,19486,20027,4872,5413,17862,18404,18945,2706,3248,3789,4330,15156,15697,16780,17321,1624,2165,2706,7578,8119,8660,9202,9743,12449,12991,13532,14073,14615,15156,15697,16238,1083,7578,8119,8660,9202,9743,11367,11908,12449,12991,13532,14073,15156,15697,541,8119,8660,9202,9743,10284,10826,11367,11908,12449,12991,13532,14615,0,541,2165,2706,5413,5954,7578,8119,8660,9202,9743,10284,10826,11367,11908,12449,12991,13532,1083,1624,2165,3248,3789,4330,4872,5413,5954,6495,8119,8660,9202,9743,10284,10826,11367,11908,12449,12991,13532,5413,5954,6495,7037,7578,8119,8660,9202,9743,10284,10826,11367,11908,12449,12991,13532,6495,7037,7578,8119,8660,9202,9743,10284,10826,11367,11908,12449,12991,13532,7037,7578,8119,8660,9202,9743,10284,10826,11367,11908,12449,12991,13532,14073,7578,8119,8660,9202,9743,10284,10826,11367,11908,12449,12991,13532,8660,9202,9743,10826,11367,11908,12449,12991,13532,14073,9202,9743,10284,11908,12991,13532
190,25981,24899,25440,35724,36266,36807,24358,24899,26523,29229,34642,35724,36266,26523,27064,28147,28688,29229,30312,31394,31936,32477,33018,33559,35724,36266,25981,29229,29770,30312,30853,32477,33018,33559,35183,35724,19486,20027,20569,21110,21651,22192,22734,23275,23816,24358,24899,25440,29229,29770,30312,32477,33018,34642,35183,18945,19486,20027,20569,21110,21651,23275,23816,27605,28147,28688,29770,30312,31394,31936,32477,33018,33559,34101,18404,18945,19486,20027,20569,21110,22734,23275,25981,26523,27064,29770,30312,30853,31394,16238,16780,17321,17862,18404,19486,20027,20569,21110,22734,23816,25440,25981,29229,29770,33559,34101,15156,15697,16238,16780,17321,18945,19486,20027,20569,22192,22734,23275,23816,33018,33559,14615,15156,18404,18945,19486,21651,22192,5413,18404,18945,19486,4330,4872,17321,17862,18404,2165,2706,3248,3789,14615,15156,16238,16780,2165,1624,2165,7037,7578,8119,8660,9202,11908,12449,12991,13532,14073,14615,15156,15697,1624,7037,7578,8119,8660,9202,10826,11367,11908,12449,12991,13532,14615,15156,1083,7578,8119,8660,9202,9743,10284,10826,11367,11908,12449,12991,14073,541,0,1624,2165,4872,5413,7037,7578,8119,8660,9202,9743,10284,10826,11367,11908,12449,12991,541,1083,1624,2706,3248,3789,4330,4872,5413,5954,7578,8119,8660,9202,9743,10284,10826,11367,11908,12449,12991,4872,5413,5954,6495,7037,7578,8119,8660,9202,9743,10284,10826,11367,11908,12449,12991,5954,6495,7037,7578,8119,8660,9202,9743,10284,10826,11367,11908,12449,12991,6495,7037,7578,8119,8660,9202,9743,10284,10826,11367,11908,12449,12991,13532,7037,7578,8119,8660,9202,9743,10284,10826,11367,11908,12449,12991,8119,8660,9202,10284,10826,11367,11908,12449,12991,13532,8660,9202,9743,11367,12449,12991
191,24358,23275,23816,34101,34642,35183,22734,23275,24899,27605,33018,34101,34642,24899,25440,26523,27064,27605,28688,29770,30312,30853,31394,31936,34101,34642,24358,27605,28147,28688,29229,30853,31394,31936,33559,34101,17862,18404,18945,19486,20027,20569,21110,21651,22192,22734,23275,23816,27605,28147,28688,30853,31394,33018,33559,17321,17862,18404,18945,19486,20027,21651,22192,25981,26523,27064,28147,28688,29770,30312,30853,31394,31936,32477,16780,17321,17862,18404,18945,19486,21110,21651,24358,24899,25440,28147,28688,29229,29770,14615,15156,15697,16238,16780,17862,18404,18945,19486,21110,22192,23816,24358,27605,28147,31936,32477,13532,14073,14615,15156,15697,17321,17862,18404,18945,20569,21110,21651,22192,31394,31936,12991,13532,16780,17321,17862,20027,20569,3789,16780,17321,17862,2706,3248,15697,16238,16780,3789,3248,2706,2165,12991,13532,14615,15156,3789,3248,2706,5413,5954,6495,7037,7578,10284,10826,11367,11908,12449,12991,13532,14073,3248,5413,5954,6495,7037,7578,9202,9743,10284,10826,11367,11908,12991,13532,2706,5954,6495,7037,7578,8119,8660,9202,9743,10284,10826,11367,12449,2165,1624,0,541,3248,3789,5413,5954,6495,7037,7578,8119,8660,9202,9743,10284,10826,11367,2165,1624,1083,1083,1624,2165,2706,3248,3789,4330,5954,6495,7037,7578,8119,8660,9202,9743,10284,10826,11367,3248,3789,4330,4872,5413,5954,6495,7037,7578,8119,8660,9202,9743,10284,10826,11367,4330,4872,5413,5954,6495,7037,7578,8119,8660,9202,9743,10284,10826,11367,4872,5413,5954,6495,7037,7578,8119,8660,9202,9743,10284,10826,11367,11908,5413,5954,6495,7037,7578,8119,8660,9202,9743,10284,10826,11367,6495,7037,7578,8660,9202,9743,10284,10826,11367,11908,7037,7578,8119,9743,10826,11367
192,23816,22734,23275,33559,34101,34642,22192,22734,24358,27064,32477,33559,34101,24358,24899,25981,26523,27064,28147,29229,29770,30312,30853,31394,33559,34101,23816,27064,27605,28147,28688,30312,30853,31394,33018,33559,17321,17862,18404,18945,19486,20027,20569,21110,21651,22192,22734,23275,27064,27605,28147,30312,30853,32477,33018,16780,17321,17862,18404,18945,19486,21110,21651,25440,25981,26523,27605,28147,29229,29770,30312,30853,31394,31936,16238,16780,17321,17862,18404,18945,20569,21110,23816,24358,24899,27605,28147,28688,29229,14073,14615,15156,15697,16238,17321,17862,18404,18945,20569,21651,23275,23816,27064,27605,31394,31936,12991,13532,14073,14615,15156,16780,17321,17862,18404,20027,20569,21110,21651,30853,31394,12449,12991,16238,16780,17321,19486,20027,3248,16238,16780,17321,3248,2706,15156,15697,16238,4330,3789,3248,2706,12449,12991,14073,14615,4330,3789,3248,4872,5413,5954,6495,7037,9743,10284,10826,11367,11908,12449,12991,13532,3789,4872,5413,5954,6495,7037,8660,9202,9743,10284,10826,11367,12449,12991,3248,5413,5954,6495,7037,7578,8119,8660,9202,9743,10284,10826,11908,2706,2165,541,0,2706,3248,4872,5413,5954,6495,7037,7578,8119,8660,9202,9743,10284,10826,2706,2165,1624,541,1083,1624,2165,2706,3248,3789,5413,5954,6495,7037,7578,8119,8660,9202,9743,10284,10826,2706,3248,3789,4330,4872,5413,5954,6495,7037,7578,8119,8660,9202,9743,10284,10826,3789,4330,4872,5413,5954,6495,7037,7578,8119,8660,9202,9743,10284,10826,4330,4872,5413,5954,6495,7037,7578,8119,8660,9202,9743,10284,10826,11367,4872,5413,5954,6495,7037,7578,8119,8660,9202,9743,10284,10826,5954,6495,7037,8119,8660,9202,9743,10284,10826,11367,6495,7037,7578,9202,10284,10826
193,21110,20027,20569,30853,31394,31936,19486,20027,21651,24358,29770,30853,31394,21651,22192,23275,23816,24358,25440,26523,27064,27605,28147,28688,30853,31394,21110,24358,24899,25440,25981,27605,28147,28688,30312,30853,14615,15156,15697,16238,16780,17321,17862,18404,18945,19486,20027,20569,24358,24899,25440,27605,28147,29770,30312,14073,14615,15156,15697,16238,16780,18404,18945,22734,23275,23816,24899,25440,26523,27064,27605,28147,28688,29229,13532,14073,14615,15156,15697,16238,17862,18404,21110,21651,22192,24899,25440,25981,26523,11367,11908,12449,12991,13532,14615,15156,15697,16238,17862,18945,20569,21110,24358,24899,28688,29229,10284,10826,11367,11908,12449,14073,14615,15156,15697,17321,17862,18404,18945,28147,28688,9743,10284,13532,14073,14615,16780,17321,5954,13532,14073,14615,5954,5413,12449,12991,13532,7037,6495,5954,5413,9743,10284,11367,11908,7037,6495,5954,2165,2706,3248,3789,4330,7037,7578,8119,8660,9202,9743,10284,10826,6495,2165,2706,3248,3789,4330,5954,6495,7037,7578,8119,8660,9743,10284,5954,2706,3248,3789,4330,4872,5413,5954,6495,7037,7578,8119,9202,5413,4872,3248,2706,0,541,2165,2706,3248,3789,4330,4872,5413,5954,6495,7037,7578,8119,5413,4872,4330,3248,2706,2165,1624,1083,541,1083,2706,3248,3789,4330,4872,5413,5954,6495,7037,7578,8119,2165,1624,1083,1624,2165,2706,3248,3789,4330,4872,5413,5954,6495,7037,7578,8119,2165,1624,2165,2706,3248,3789,4330,4872,5413,5954,6495,7037,7578,8119,2706,2165,2706,3248,3789,4330,4872,5413,5954,6495,7037,7578,8119,8660,3248,2706,3248,3789,4330,4872,5413,5954,6495,7037,7578,8119,3248,3789,4330,5413,5954,6495,7037,7578,8119,8660,3789,4330,4872,6495,7578,8119
194,20569,19486,20027,30312,30853,31394,18945,19486,21110,23816,29229,30312,30853,21110,21651,22734,23275,23816,24899,25981,26523,27064,27605,28147,30312,30853,20569,23816,24358,24899,25440,27064,27605,28147,29770,30312,14073,14615,15156,15697,16238,16780,17321,17862,18404,18945,19486,20027,23816,24358,24899,27064,27605,29229,29770,13532,14073,14615,15156,15697,16238,17862,18404,22192,22734,23275,24358,24899,25981,26523,27064,27605,28147,28688,12991,13532,14073,14615,15156,15697,17321,17862,20569,21110,21651,24358,24899,25440,25981,10826,11367,11908,12449,12991,14073,14615,15156,15697,17321,18404,20027,20569,23816,24358,28147,28688,9743,10284,10826,11367,11908,13532,14073,14615,15156,16780,17321,17862,18404,27605,28147,9202,9743,12991,13532,14073,16238,16780,6495,12991,13532,14073,6495,5954,11908,12449,12991,7578,7037,6495,5954,9202,9743,10826,11367,7578,7037,6495,1624,2165,2706,3248,3789,6495,7037,7578,8119,8660,9202,9743,10284,7037,1624,2165,2706,3248,3789,5413,5954,6495,7037,7578,8119,9202,9743,6495,2165,2706,3248,3789,4330,4872,5413,5954,6495,7037,7578,8660,5954,5413,3789,3248,541,0,1624,2165,2706,3248,3789,4330,4872,5413,5954,6495,7037,7578,5954,5413,4872,3789,3248,2706,2165,1624,1083,541,2165,2706,3248,3789,4330,4872,5413,5954,6495,7037,7578,2706,2165,1624,1083,1624,2165,2706,3248,3789,4330,4872,5413,5954,6495,7037,7578,2706,2165,1624,2165,2706,3248,3789,4330,4872,5413,5954,6495,7037,7578,3248,2706,2165,2706,3248,3789,4330,4872,5413,5954,6495,7037,7578,8119,3789,3248,2706,3248,3789,4330,4872,5413,5954,6495,7037,7578,3789,3248,3789,4872,5413,5954,6495,7037,7578,8119,4330,3789,4330,5954,7037,7578
195,18945,17862,18404,28688,29229,29770,17321,17862,19486,22192,27605,28688,29229,19486,20027,21110,21651,22192,23275,24358,24899,25440,25981,26523,28688,29229,18945,22192,22734,23275,23816,25440,25981,26523,28147,28688,12449,12991,13532,14073,14615,15156,15697,16238,16780,17321,17862,18404,22192,22734,23275,25440,25981,27605,28147,11908,12449,12991,13532,14073,14615,16238,16780,20569,21110,21651,22734,23275,24358,24899,25440,25981,26523,27064,11367,11908,12449,12991,13532,14073,15697,16238,18945,19486,20027,22734,23275,23816,24358,9202,9743,10284,10826,11367,12449,12991,13532,14073,15697,16780,18404,18945,22192,22734,26523,27064,8119,8660,9202,9743,10284,11908,12449,12991,13532,15156,15697,16238,16780,25981,26523,7578,8119,11367,11908,12449,14615,15156,8119,11367,11908,12449,8119,7578,10284,10826,11367,9202,8660,8119,7578,7578,8119,9202,9743,9202,8660,8119,3248,2706,2165,1624,2165,4872,5413,5954,6495,7037,7578,8119,8660,8660,2165,1624,1083,1624,2165,3789,4330,4872,5413,5954,6495,7578,8119,8119,541,1083,1624,2165,2706,3248,3789,4330,4872,5413,5954,7037,7578,7037,5413,4872,2165,1624,0,541,1083,1624,2165,2706,3248,3789,4330,4872,5413,5954,7578,7037,6495,5413,4872,4330,3789,3248,2706,2165,541,1083,1624,2165,2706,3248,3789,4330,4872,5413,5954,4330,3789,3248,2706,2165,1624,1083,1624,2165,2706,3248,3789,4330,4872,5413,5954,4330,3789,3248,2706,2165,1624,2165,2706,3248,3789,4330,4872,5413,5954,4872,4330,3789,3248,2706,2165,2706,3248,3789,4330,4872,5413,5954,6495,5413,4872,4330,3789,3248,2706,3248,3789,4330,4872,5413,5954,5413,4872,4330,3248,3789,4330,4872,5413,5954,6495,5954,5413,4872,4330,5413,5954
196,18404,17321,17862,28147,28688,29229,16780,17321,18945,21651,27064,28147,28688,18945,19486,20569,21110,21651,22734,23816,24358,24899,25440,25981,28147,28688,18404,21651,22192,22734,23275,24899,25440,25981,27605,28147,11908,12449,12991,13532,14073,14615,15156,15697,16238,16780,17321,17862,21651,22192,22734,24899,25440,27064,27605,11367,11908,12449,12991,13532,14073,15697,16238,20027,20569,21110,22192,22734,23816,24358,24899,25440,25981,26523,10826,11367,11908,12449,12991,13532,15156,15697,18404,18945,19486,22192,22734,23275,23816,8660,9202,9743,10284,10826,11908,12449,12991,13532,15156,16238,17862,18404,21651,22192,25981,26523,7578,8119,8660,9202,9743,11367,11908,12449,12991,14615,15156,15697,16238,25440,25981,7037,7578,10826,11367,11908,14073,14615,8660,10826,11367,11908,8660,8119,9743,10284,10826,9743,9202,8660,8119,7037,7578,8660,9202,9743,9202,8660,3789,3248,2706,2165,1624,4330,4872,5413,5954,6495,7037,7578,8119,9202,2706,2165,1624,1083,1624,3248,3789,4330,4872,5413,5954,7037,7578,8660,1083,541,1083,1624,2165,2706,3248,3789,4330,4872,5413,6495,8119,7578,5954,5413,2706,2165,541,0,541,1083,1624,2165,2706,3248,3789,4330,4872,5413,8119,7578,7037,5954,5413,4872,4330,3789,3248,2706,1083,541,1083,1624,2165,2706,3248,3789,4330,4872,5413,4872,4330,3789,3248,2706,2165,1624,1083,1624,2165,2706,3248,3789,4330,4872,5413,4872,4330,3789,3248,2706,2165,1624,2165,2706,3248,3789,4330,4872,5413,5413,4872,4330,3789,3248,2706,2165,2706,3248,3789,4330,4872,5413,5954,5954,5413,4872,4330,3789,3248,2706,3248,3789,4330,4872,5413,5954,5413,4872,3789,3248,3789,4330,4872,5413,5954,6495,5954,5413,3789,4872,5413
197,17862,16780,17321,27605,28147,28688,16238,16780,18404,21110,26523,27605,28147,18404,18945,20027,20569,21110,22192,23275,23816,24358,24899,25440,27605,28147,17862,21110,21651,22192,22734,24358,24899,25440,27064,27605,11367,11908,12449,12991,13532,14073,14615,15156,15697,16238,16780,17321,21110,21651,22192,24358,24899,26523,27064,10826,11367,11908,12449,12991,13532,15156,15697,19486,20027,20569,21651,22192,23275,23816,24358,24899,25440,25981,10284,10826,11367,11908,12449,12991,14615,15156,17862,18404,18945,21651,22192,22734,23275,8119,8660,9202,9743,10284,11367,11908,12449,12991,14615,15697,17321,17862,21110,21651,25440,25981,7037,7578,8119,8660,9202,10826,11367,11908,12449,14073,14615,15156,15697,24899,25440,6495,7037,10284,10826,11367,13532,14073,9202,10284,10826,11367,9202,8660,9202,9743,10284,10284,9743,9202,8660,6495,7037,8119,8660,10284,9743,9202,4330,3789,3248,2706,2165,3789,4330,4872,5413,5954,6495,7037,7578,9743,3248,2706,2165,1624,1083,2706,3248,3789,4330,4872,5413,6495,7037,9202,1624,1083,541,1083,1624,2165,2706,3248,3789,4330,4872,5954,8660,8119,6495,5954,3248,2706,1083,541,0,541,1083,1624,2165,2706,3248,3789,4330,4872,8660,8119,7578,6495,5954,5413,4872,4330,3789,3248,1624,1083,541,1083,1624,2165,2706,3248,3789,4330,4872,5413,4872,4330,3789,3248,2706,2165,1624,1083,1624,2165,2706,3248,3789,4330,4872,5413,4872,4330,3789,3248,2706,2165,1624,2165,2706,3248,3789,4330,4872,5954,5413,4872,4330,3789,3248,2706,2165,2706,3248,3789,4330,4872,5413,6495,5954,5413,4872,4330,3789,3248,2706,3248,3789,4330,4872,6495,5954,5413,4330,3789,3248,3789,4330,4872,5413,7037,6495,5954,4330,4330,4872
198,17321,16238,16780,27064,27605,28147,15697,16238,17862,20569,25981,27064,27605,17862,18404,19486,20027,20569,21651,22734,23275,23816,24358,24899,27064,27605,17321,20569,21110,21651,22192,23816,24358,24899,26523,27064,10826,11367,11908,12449,12991,13532,14073,14615,15156,15697,16238,16780,20569,21110,21651,23816,24358,25981,26523,10284,10826,11367,11908,12449,12991,14615,15156,18945,19486,20027,21110,21651,22734,23275,23816,24358,24899,25440,9743,10284,10826,11367,11908,12449,14073,14615,17321,17862,18404,21110,21651,22192,22734,7578,8119,8660,9202,9743,10826,11367,11908,12449,14073,15156,16780,17321,20569,21110,24899,25440,6495,7037,7578,8119,8660,10284,10826,11367,11908,13532,14073,14615,15156,24358,24899,5954,6495,9743,10284,10826,12991,13532,9743,9743,10284,10826,9743,9202,8660,9202,9743,10826,10284,9743,9202,5954,6495,7578,8119,10826,10284,9743,4872,4330,3789,3248,2706,3248,3789,4330,4872,5413,5954,6495,7037,10284,3789,3248,2706,2165,1624,2165,2706,3248,3789,4330,4872,5954,6495,9743,2165,1624,1083,541,1083,1624,2165,2706,3248,3789,4330,5413,9202,8660,7037,6495,3789,3248,1624,1083,541,0,541,1083,1624,2165,2706,3248,3789,4330,9202,8660,8119,7037,6495,5954,5413,4872,4330,3789,2165,1624,1083,541,1083,1624,2165,2706,3248,3789,4330,5954,5413,4872,4330,3789,3248,2706,2165,1624,1083,1624,2165,2706,3248,3789,4330,5954,5413,4872,4330,3789,3248,2706,2165,1624,2165,2706,3248,3789,4330,6495,5954,5413,4872,4330,3789,3248,2706,2165,2706,3248,3789,4330,4872,7037,6495,5954,5413,4872,4330,3789,3248,2706,3248,3789,4330,7037,6495,5954,4872,4330,3789,3248,3789,4330,4872,7578,7037,6495,4872,3789,4330
199,16780,15697,16238,26523,27064,27605,15156,15697,17321,20027,25440,26523,27064,17321,17862,18945,19486,20027,21110,22192,22734,23275,23816,24358,26523,27064,16780,20027,20569,21110,21651,23275,23816,24358,25981,26523,10284,10826,11367,11908,12449,12991,13532,14073,14615,15156,15697,16238,20027,20569,21110,23275,23816,25440,25981,9743,10284,10826,11367,11908,12449,14073,14615,18404,18945,19486,20569,21110,22192,22734,23275,23816,24358,24899,9202,9743,10284,10826,11367,11908,13532,14073,16780,17321,17862,20569,21110,21651,22192,7037,7578,8119,8660,9202,10284,10826,11367,11908,13532,14615,16238,16780,20027,20569,24358,24899,5954,6495,7037,7578,8119,9743,10284,10826,11367,12991,13532,14073,14615,23816,24358,5413,5954,9202,9743,10284,12449,12991,10284,9202,9743,10284,10284,9743,8119,8660,9202,11367,10826,10284,9743,5413,5954,7037,7578,11367,10826,10284,5413,4872,4330,3789,3248,2706,3248,3789,4330,4872,5413,5954,6495,10826,4330,3789,3248,2706,2165,1624,2165,2706,3248,3789,4330,5413,5954,10284,2706,2165,1624,1083,541,1083,1624,2165,2706,3248,3789,4872,9743,9202,7578,7037,4330,3789,2165,1624,1083,541,0,541,1083,1624,2165,2706,3248,3789,9743,9202,8660,7578,7037,6495,5954,5413,4872,4330,2706,2165,1624,1083,541,1083,1624,2165,2706,3248,3789,6495,5954,5413,4872,4330,3789,3248,2706,2165,1624,1083,1624,2165,2706,3248,3789,6495,5954,5413,4872,4330,3789,3248,2706,2165,1624,2165,2706,3248,3789,7037,6495,5954,5413,4872,4330,3789,3248,2706,2165,2706,3248,3789,4330,7578,7037,6495,5954,5413,4872,4330,3789,3248,2706,3248,3789,7578,7037,6495,5413,4872,4330,3789,3248,3789,4330,8119,7578,7037,5413,4330,3789
200,16238,15156,15697,25981,26523,27064,14615,15156,16780,19486,24899,25981,26523,16780,17321,18404,18945,19486,20569,21651,22192,22734,23275,23816,25981,26523,16238,19486,20027,20569,21110,22734,23275,23816,25440,25981,9743,10284,10826,11367,11908,12449,12991,13532,14073,14615,15156,15697,19486,20027,20569,22734,23275,24899,25440,9202,9743,10284,10826,11367,11908,13532,14073,17862,18404,18945,20027,20569,21651,22192,22734,23275,23816,24358,8660,9202,9743,10284,10826,11367,12991,13532,16238,16780,17321,20027,20569,21110,21651,6495,7037,7578,8119,8660,9743,10284,10826,11367,12991,14073,15697,16238,19486,20027,23816,24358,5413,5954,6495,7037,7578,9202,9743,10284,10826,12449,12991,13532,14073,23275,23816,4872,5413,8660,9202,9743,11908,12449,10826,8660,9202,9743,10826,10284,7578,8119,8660,11908,11367,10826,10284,4872,5413,6495,7037,11908,11367,10826,5954,5413,4872,4330,3789,2165,2706,3248,3789,4330,4872,5413,5954,11367,4872,4330,3789,3248,2706,1083,1624,2165,2706,3248,3789,4872,5413,10826,3248,2706,2165,1624,1083,541,1083,1624,2165,2706,3248,4330,10284,9743,8119,7578,4872,4330,2706,2165,1624,1083,541,0,541,1083,1624,2165,2706,3248,10284,9743,9202,8119,7578,7037,6495,5954,5413,4872,3248,2706,2165,1624,1083,541,1083,1624,2165,2706,3248,7037,6495,5954,5413,4872,4330,3789,3248,2706,2165,1624,1083,1624,2165,2706,3248,7037,6495,5954,5413,4872,4330,3789,3248,2706,2165,1624,2165,2706,3248,7578,7037,6495,5954,5413,4872,4330,3789,3248,2706,2165,2706,3248,3789,8119,7578,7037,6495,5954,5413,4872,4330,3789,3248,2706,3248,8119,7578,7037,5954,5413,4872,4330,3789,3248,3789,8660,8119,7578,5954,4872,4330
201,15697,14615,15156,25440,25981,26523,14073,14615,16238,18945,24358,25440,25981,16238,16780,17862,18404,18945,20027,21110,21651,22192,22734,23275,25440,25981,15697,18945,19486,20027,20569,22192,22734,23275,24899,25440,9202,9743,10284,10826,11367,11908,12449,12991,13532,14073,14615,15156,18945,19486,20027,22192,22734,24358,24899,8660,9202,9743,10284,10826,11367,12991,13532,17321,17862,18404,19486,20027,21110,21651,22192,22734,23275,23816,8119,8660,9202,9743,10284,10826,12449,12991,15697,16238,16780,19486,20027,20569,21110,5954,6495,7037,7578,8119,9202,9743,10284,10826,12449,13532,15156,15697,18945,19486,23275,23816,4872,5413,5954,6495,7037,8660,9202,9743,10284,11908,12449,12991,13532,22734,23275,4330,4872,8119,8660,9202,11367,11908,11367,8119,8660,9202,11367,10826,7037,7578,8119,12449,11908,11367,10826,4330,4872,5954,6495,12449,11908,11367,6495,5954,5413,4872,4330,1624,2165,2706,3248,3789,4330,4872,5413,11908,5413,4872,4330,3789,3248,1624,1083,1624,2165,2706,3248,4330,4872,11367,3789,3248,2706,2165,1624,1083,541,1083,1624,2165,2706,3789,10826,10284,8660,8119,5413,4872,3248,2706,2165,1624,1083,541,0,541,1083,1624,2165,2706,10826,10284,9743,8660,8119,7578,7037,6495,5954,5413,3789,3248,2706,2165,1624,1083,541,1083,1624,2165,2706,7578,7037,6495,5954,5413,4872,4330,3789,3248,2706,2165,1624,1083,1624,2165,2706,7578,7037,6495,5954,5413,4872,4330,3789,3248,2706,2165,1624,2165,2706,8119,7578,7037,6495,5954,5413,4872,4330,3789,3248,2706,2165,2706,3248,8660,8119,7578,7037,6495,5954,5413,4872,4330,3789,3248,2706,8660,8119,7578,6495,5954,5413,4872,4330,3789,3248,9202,8660,8119,6495,5413,4872
202,15156,14073,14615,24899,25440,25981,13532,14073,15697,18404,23816,24899,25440,15697,16238,17321,17862,18404,19486,20569,21110,21651,22192,22734,24899,25440,15156,18404,18945,19486,20027,21651,22192,22734,24358,24899,8660,9202,9743,10284,10826,11367,11908,12449,12991,13532,14073,14615,18404,18945,19486,21651,22192,23816,24358,8119,8660,9202,9743,10284,10826,12449,12991,16780,17321,17862,18945,19486,20569,21110,21651,22192,22734,23275,7578,8119,8660,9202,9743,10284,11908,12449,15156,15697,16238,18945,19486,20027,20569,5413,5954,6495,7037,7578,8660,9202,9743,10284,11908,12991,14615,15156,18404,18945,22734,23275,4330,4872,5413,5954,6495,8119,8660,9202,9743,11367,11908,12449,12991,22192,22734,3789,4330,7578,8119,8660,10826,11367,11908,7578,8119,8660,11908,11367,6495,7037,7578,12991,12449,11908,11367,3789,4330,5413,5954,12991,12449,11908,7037,6495,5954,5413,4872,2165,1624,2165,2706,3248,3789,4330,4872,12449,5954,5413,4872,4330,3789,2165,1624,1083,1624,2165,2706,3789,4330,11908,4330,3789,3248,2706,2165,1624,1083,541,1083,1624,2165,3248,11367,10826,9202,8660,5954,5413,3789,3248,2706,2165,1624,1083,541,0,541,1083,1624,2165,11367,10826,10284,9202,8660,8119,7578,7037,6495,5954,4330,3789,3248,2706,2165,1624,1083,541,1083,1624,2165,8119,7578,7037,6495,5954,5413,4872,4330,3789,3248,2706,2165,1624,1083,1624,2165,8119,7578,7037,6495,5954,5413,4872,4330,3789,3248,2706,2165,1624,2165,8660,8119,7578,7037,6495,5954,5413,4872,4330,3789,3248,2706,2165,2706,9202,8660,8119,7578,7037,6495,5954,5413,4872,4330,3789,3248,9202,8660,8119,7037,6495,5954,5413,4872,4330,3789,9743,9202,8660,7037,5954,5413
203,14615,13532,14073,24358,24899,25440,12991,13532,15156,17862,23275,24358,24899,15156,15697,16780,17321,17862,18945,20027,20569,21110,21651,22192,24358,24899,14615,17862,18404,18945,19486,21110,21651,22192,23816,24358,8119,8660,9202,9743,10284,10826,11367,11908,12449,12991,13532,14073,17862,18404,18945,21110,21651,23275,23816,7578,8119,8660,9202,9743,10284,11908,12449,16238,16780,17321,18404,18945,20027,20569,21110,21651,22192,22734,7037,7578,8119,8660,9202,9743,11367,11908,14615,15156,15697,18404,18945,19486,20027,4872,5413,5954,6495,7037,8119,8660,9202,9743,11367,12449,14073,14615,17862,18404,22192,22734,4872,4330,4872,5413,5954,7578,8119,8660,9202,10826,11367,11908,12449,21651,22192,4330,3789,7037,7578,8119,10284,10826,12449,7037,7578,8119,12449,11908,5954,6495,7037,13532,12991,12449,11908,3248,3789,4872,5413,13532,12991,12449,7578,7037,6495,5954,5413,2706,2165,1624,2165,2706,3248,3789,4330,12991,6495,5954,5413,4872,4330,2706,2165,1624,1083,1624,2165,3248,3789,12449,4872,4330,3789,3248,2706,2165,1624,1083,541,1083,1624,2706,11908,11367,9743,9202,6495,5954,4330,3789,3248,2706,2165,1624,1083,541,0,541,1083,1624,11908,11367,10826,9743,9202,8660,8119,7578,7037,6495,4872,4330,3789,3248,2706,2165,1624,1083,541,1083,1624,8660,8119,7578,7037,6495,5954,5413,4872,4330,3789,3248,2706,2165,1624,1083,1624,8660,8119,7578,7037,6495,5954,5413,4872,4330,3789,3248,2706,2165,1624,9202,8660,8119,7578,7037,6495,5954,5413,4872,4330,3789,3248,2706,2165,9743,9202,8660,8119,7578,7037,6495,5954,5413,4872,4330,3789,9743,9202,8660,7578,7037,6495,5954,5413,4872,4330,10284,9743,9202,7578,6495,5954
204,14073,12991,13532,23816,24358,24899,12449,12991,14615,17321,22734,23816,24358,14615,15156,16238,16780,17321,18404,19486,20027,20569,21110,21651,23816,24358,14073,17321,17862,18404,18945,20569,21110,21651,23275,23816,7578,8119,8660,9202,9743,10284,10826,11367,11908,12449,12991,13532,17321,17862,18404,20569,21110,22734,23275,7037,7578,8119,8660,9202,9743,11367,11908,15697,16238,16780,17862,18404,19486,20027,20569,21110,21651,22192,6495,7037,7578,8119,8660,9202,10826,11367,14073,14615,15156,17862,18404,18945,19486,5413,4872,5413,5954,6495,7578,8119,8660,9202,10826,11908,13532,14073,17321,17862,21651,22192,5413,4872,4330,4872,5413,7037,7578,8119,8660,10284,10826,11367,11908,21110,21651,4872,4330,6495,7037,7578,9743,10284,12991,6495,7037,7578,12991,12449,5413,5954,6495,14073,13532,12991,12449,2706,3248,4330,4872,14073,13532,12991,8119,7578,7037,6495,5954,3248,2706,2165,1624,2165,2706,3248,3789,13532,7037,6495,5954,5413,4872,3248,2706,2165,1624,1083,1624,2706,3248,12991,5413,4872,4330,3789,3248,2706,2165,1624,1083,541,1083,2165,12449,11908,10284,9743,7037,6495,4872,4330,3789,3248,2706,2165,1624,1083,541,0,541,1083,12449,11908,11367,10284,9743,9202,8660,8119,7578,7037,5413,4872,4330,3789,3248,2706,2165,1624,1083,541,1083,9202,8660,8119,7578,7037,6495,5954,5413,4872,4330,3789,3248,2706,2165,1624,1083,9202,8660,8119,7578,7037,6495,5954,5413,4872,4330,3789,3248,2706,2165,9743,9202,8660,8119,7578,7037,6495,5954,5413,4872,4330,3789,3248,2706,10284,9743,9202,8660,8119,7578,7037,6495,5954,5413,4872,4330,10284,9743,9202,8119,7578,7037,6495,5954,5413,4872,10826,10284,9743,8119,7037,6495
205,13532,12449,12991,23275,23816,24358,11908,12449,14073,16780,22192,23275,23816,14073,14615,15697,16238,16780,17862,18945,19486,20027,20569,21110,23275,23816,13532,16780,17321,17862,18404,20027,20569,21110,22734,23275,7037,7578,8119,8660,9202,9743,10284,10826,11367,11908,12449,12991,16780,17321,17862,20027,20569,22192,22734,6495,7037,7578,8119,8660,9202,10826,11367,15156,15697,16238,17321,17862,18945,19486,20027,20569,21110,21651,5954,6495,7037,7578,8119,8660,10284,10826,13532,14073,14615,17321,17862,18404,18945,5954,5413,4872,5413,5954,7037,7578,8119,8660,10284,11367,12991,13532,16780,17321,21110,21651,5954,5413,4872,4330,4872,6495,7037,7578,8119,9743,10284,10826,11367,20569,21110,5413,4872,5954,6495,7037,9202,9743,13532,5954,6495,7037,13532,12991,4872,5413,5954,14615,14073,13532,12991,2165,2706,3789,4330,14615,14073,13532,8660,8119,7578,7037,6495,3789,3248,2706,2165,1624,2165,2706,3248,14073,7578,7037,6495,5954,5413,3789,3248,2706,2165,1624,1083,2165,2706,13532,5954,5413,4872,4330,3789,3248,2706,2165,1624,1083,541,1624,12991,12449,10826,10284,7578,7037,5413,4872,4330,3789,3248,2706,2165,1624,1083,541,0,541,12991,12449,11908,10826,10284,9743,9202,8660,8119,7578,5954,5413,4872,4330,3789,3248,2706,2165,1624,1083,541,9743,9202,8660,8119,7578,7037,6495,5954,5413,4872,4330,3789,3248,2706,2165,1624,9743,9202,8660,8119,7578,7037,6495,5954,5413,4872,4330,3789,3248,2706,10284,9743,9202,8660,8119,7578,7037,6495,5954,5413,4872,4330,3789,3248,10826,10284,9743,9202,8660,8119,7578,7037,6495,5954,5413,4872,10826,10284,9743,8660,8119,7578,7037,6495,5954,5413,11367,10826,10284,8660,7578,7037
206,12991,11908,12449,22734,23275,23816,11367,11908,13532,16238,21651,22734,23275,13532,14073,15156,15697,16238,17321,18404,18945,19486,20027,20569,22734,23275,12991,16238,16780,17321,17862,19486,20027,20569,22192,22734,6495,7037,7578,8119,8660,9202,9743,10284,10826,11367,11908,12449,16238,16780,17321,19486,20027,21651,22192,5954,6495,7037,7578,8119,8660,10284,10826,14615,15156,15697,16780,17321,18404,18945,19486,20027,20569,21110,5413,5954,6495,7037,7578,8119,9743,10284,12991,13532,14073,16780,17321,17862,18404,6495,5954,5413,4872,5413,6495,7037,7578,8119,9743,10826,12449,12991,16238,16780,20569,21110,6495,5954,5413,4872,4330,5954,6495,7037,7578,9202,9743,10284,10826,20027,20569,5954,5413,5413,5954,6495,8660,9202,14073,5413,5954,6495,14073,13532,4330,4872,5413,15156,14615,14073,13532,2706,2165,3248,3789,15156,14615,14073,9202,8660,8119,7578,7037,4330,3789,3248,2706,2165,1624,2165,2706,14615,8119,7578,7037,6495,5954,4330,3789,3248,2706,2165,1624,1624,2165,14073,6495,5954,5413,4872,4330,3789,3248,2706,2165,1624,1083,1083,13532,12991,11367,10826,8119,7578,5954,5413,4872,4330,3789,3248,2706,2165,1624,1083,541,0,13532,12991,12449,11367,10826,10284,9743,9202,8660,8119,6495,5954,5413,4872,4330,3789,3248,2706,2165,1624,1083,10284,9743,9202,8660,8119,7578,7037,6495,5954,5413,4872,4330,3789,3248,2706,2165,10284,9743,9202,8660,8119,7578,7037,6495,5954,5413,4872,4330,3789,3248,10826,10284,9743,9202,8660,8119,7578,7037,6495,5954,5413,4872,4330,3789,11367,10826,10284,9743,9202,8660,8119,7578,7037,6495,5954,5413,11367,10826,10284,9202,8660,8119,7578,7037,6495,5954,11908,11367,10826,9202,8119,7578
207,26523,25440,25981,36266,36807,37348,24899,25440,27064,29770,35183,36266,36807,27064,27605,28688,29229,29770,30853,31936,32477,33018,33559,34101,36266,36807,26523,29770,30312,30853,31394,33018,33559,34101,35724,36266,20027,20569,21110,21651,22192,22734,23275,23816,24358,24899,25440,25981,29770,30312,30853,33018,33559,35183,35724,19486,20027,20569,21110,21651,22192,23816,24358,28147,28688,29229,30312,30853,31936,32477,33018,33559,34101,34642,18945,19486,20027,20569,21110,21651,23275,23816,26523,27064,27605,30312,30853,31394,31936,16780,17321,17862,18404,18945,20027,20569,21110,21651,23275,24358,25981,26523,29770,30312,34101,34642,15697,16238,16780,17321,17862,19486,20027,20569,21110,22734,23275,23816,24358,33559,34101,15156,15697,18945,19486,20027,22192,22734,5954,18945,19486,20027,4872,5413,17862,18404,18945,2706,3248,3789,4330,15156,15697,16780,17321,2706,2165,2706,7578,8119,8660,9202,9743,12449,12991,13532,14073,14615,15156,15697,16238,2165,7578,8119,8660,9202,9743,11367,11908,12449,12991,13532,14073,15156,15697,1624,8119,8660,9202,9743,10284,10826,11367,11908,12449,12991,13532,14615,1083,541,2165,2706,5413,5954,7578,8119,8660,9202,9743,10284,10826,11367,11908,12449,12991,13532,0,541,1083,2165,2706,3248,3789,4330,4872,5413,7037,7578,8119,8660,9202,9743,10284,10826,11367,11908,12449,4330,4872,5413,5954,6495,7037,7578,8119,8660,9202,9743,10284,10826,11367,11908,12449,5413,5954,6495,7037,7578,8119,8660,9202,9743,10284,10826,11367,11908,12449,5954,6495,7037,7578,8119,8660,9202,9743,10284,10826,11367,11908,12449,12991,6495,7037,7578,8119,8660,9202,9743,10284,10826,11367,11908,12449,7578,8119,8660,9743,10284,10826,11367,11908,12449,12991,8119,8660,9202,10826,11908,12449
208,25981,24899,25440,35724,36266,36807,24358,24899,26523,29229,34642,35724,36266,26523,27064,28147,28688,29229,30312,31394,31936,32477,33018,33559,35724,36266,25981,29229,29770,30312,30853,32477,33018,33559,35183,35724,19486,20027,20569,21110,21651,22192,22734,23275,23816,24358,24899,25440,29229,29770,30312,32477,33018,34642,35183,18945,19486,20027,20569,21110,21651,23275,23816,27605,28147,28688,29770,30312,31394,31936,32477,33018,33559,34101,18404,18945,19486,20027,20569,21110,22734,23275,25981,26523,27064,29770,30312,30853,31394,16238,16780,17321,17862,18404,19486,20027,20569,21110,22734,23816,25440,25981,29229,29770,33559,34101,15156,15697,16238,16780,17321,18945,19486,20027,20569,22192,22734,23275,23816,33018,33559,14615,15156,18404,18945,19486,21651,22192,5413,18404,18945,19486,4330,4872,17321,17862,18404,3248,2706,3248,3789,14615,15156,16238,16780,3248,2706,2165,7037,7578,8119,8660,9202,11908,12449,12991,13532,14073,14615,15156,15697,2706,7037,7578,8119,8660,9202,10826,11367,11908,12449,12991,13532,14615,15156,2165,7578,8119,8660,9202,9743,10284,10826,11367,11908,12449,12991,14073,1624,1083,1624,2165,4872,5413,7037,7578,8119,8660,9202,9743,10284,10826,11367,11908,12449,12991,541,0,541,1624,2165,2706,3248,3789,4330,4872,6495,7037,7578,8119,8660,9202,9743,10284,10826,11367,11908,3789,4330,4872,5413,5954,6495,7037,7578,8119,8660,9202,9743,10284,10826,11367,11908,4872,5413,5954,6495,7037,7578,8119,8660,9202,9743,10284,10826,11367,11908,5413,5954,6495,7037,7578,8119,8660,9202,9743,10284,10826,11367,11908,12449,5954,6495,7037,7578,8119,8660,9202,9743,10284,10826,11367,11908,7037,7578,8119,9202,9743,10284,10826,11367,11908,12449,7578,8119,8660,10284,11367,11908
209,25440,24358,24899,35183,35724,36266,23816,24358,25981,28688,34101,35183,35724,25981,26523,27605,28147,28688,29770,30853,31394,31936,32477,33018,35183,35724,25440,28688,29229,29770,30312,31936,32477,33018,34642,35183,18945,19486,20027,20569,21110,21651,22192,22734,23275,23816,24358,24899,28688,29229,29770,31936,32477,34101,34642,18404,18945,19486,20027,20569,21110,22734,23275,27064,27605,28147,29229,29770,30853,31394,31936,32477,33018,33559,17862,18404,18945,19486,20027,20569,22192,22734,25440,25981,26523,29229,29770,30312,30853,15697,16238,16780,17321,17862,18945,19486,20027,20569,22192,23275,24899,25440,28688,29229,33018,33559,14615,15156,15697,16238,16780,18404,18945,19486,20027,21651,22192,22734,23275,32477,33018,14073,14615,17862,18404,18945,21110,21651,4872,17862,18404,18945,3789,4330,16780,17321,17862,3789,3248,2706,3248,14073,14615,15697,16238,3789,3248,2706,6495,7037,7578,8119,8660,11367,11908,12449,12991,13532,14073,14615,15156,3248,6495,7037,7578,8119,8660,10284,10826,11367,11908,12449,12991,14073,14615,2706,7037,7578,8119,8660,9202,9743,10284,10826,11367,11908,12449,13532,2165,1624,1083,1624,4330,4872,6495,7037,7578,8119,8660,9202,9743,10284,10826,11367,11908,12449,1083,541,0,1083,1624,2165,2706,3248,3789,4330,5954,6495,7037,7578,8119,8660,9202,9743,10284,10826,11367,3248,3789,4330,4872,5413,5954,6495,7037,7578,8119,8660,9202,9743,10284,10826,11367,4330,4872,5413,5954,6495,7037,7578,8119,8660,9202,9743,10284,10826,11367,4872,5413,5954,6495,7037,7578,8119,8660,9202,9743,10284,10826,11367,11908,5413,5954,6495,7037,7578,8119,8660,9202,9743,10284,10826,11367,6495,7037,7578,8660,9202,9743,10284,10826,11367,11908,7037,7578,8119,9743,10826,11367
210,24358,23275,23816,34101,34642,35183,22734,23275,24899,27605,33018,34101,34642,24899,25440,26523,27064,27605,28688,29770,30312,30853,31394,31936,34101,34642,24358,27605,28147,28688,29229,30853,31394,31936,33559,34101,17862,18404,18945,19486,20027,20569,21110,21651,22192,22734,23275,23816,27605,28147,28688,30853,31394,33018,33559,17321,17862,18404,18945,19486,20027,21651,22192,25981,26523,27064,28147,28688,29770,30312,30853,31394,31936,32477,16780,17321,17862,18404,18945,19486,21110,21651,24358,24899,25440,28147,28688,29229,29770,14615,15156,15697,16238,16780,17862,18404,18945,19486,21110,22192,23816,24358,27605,28147,31936,32477,13532,14073,14615,15156,15697,17321,17862,18404,18945,20569,21110,21651,22192,31394,31936,12991,13532,16780,17321,17862,20027,20569,3789,16780,17321,17862,3789,3248,15697,16238,16780,4872,4330,3789,3248,12991,13532,14615,15156,4872,4330,3789,5413,5954,6495,7037,7578,10284,10826,11367,11908,12449,12991,13532,14073,4330,5413,5954,6495,7037,7578,9202,9743,10284,10826,11367,11908,12991,13532,3789,5954,6495,7037,7578,8119,8660,9202,9743,10284,10826,11367,12449,3248,2706,1083,541,3248,3789,5413,5954,6495,7037,7578,8119,8660,9202,9743,10284,10826,11367,2165,1624,1083,0,541,1083,1624,2165,2706,3248,4872,5413,5954,6495,7037,7578,8119,8660,9202,9743,10284,2165,2706,3248,3789,4330,4872,5413,5954,6495,7037,7578,8119,8660,9202,9743,10284,3248,3789,4330,4872,5413,5954,6495,7037,7578,8119,8660,9202,9743,10284,3789,4330,4872,5413,5954,6495,7037,7578,8119,8660,9202,9743,10284,10826,4330,4872,5413,5954,6495,7037,7578,8119,8660,9202,9743,10284,5413,5954,6495,7578,8119,8660,9202,9743,10284,10826,5954,6495,7037,8660,9743,10284
211,23816,22734,23275,33559,34101,34642,22192,22734,24358,27064,32477,33559,34101,24358,24899,25981,26523,27064,28147,29229,29770,30312,30853,31394,33559,34101,23816,27064,27605,28147,28688,30312,30853,31394,33018,33559,17321,17862,18404,18945,19486,20027,20569,21110,21651,22192,22734,23275,27064,27605,28147,30312,30853,32477,33018,16780,17321,17862,18404,18945,19486,21110,21651,25440,25981,26523,27605,28147,29229,29770,30312,30853,31394,31936,16238,16780,17321,17862,18404,18945,20569,21110,23816,24358,24899,27605,28147,28688,29229,14073,14615,15156,15697,16238,17321,17862,18404,18945,20569,21651,23275,23816,27064,27605,31394,31936,12991,13532,14073,14615,15156,16780,17321,17862,18404,20027,20569,21110,21651,30853,31394,12449,12991,16238,16780,17321,19486,20027,4330,16238,16780,17321,4330,3789,15156,15697,16238,5413,4872,4330,3789,12449,12991,14073,14615,5413,4872,4330,4872,5413,5954,6495,7037,9743,10284,10826,11367,11908,12449,12991,13532,4872,4872,5413,5954,6495,7037,8660,9202,9743,10284,10826,11367,12449,12991,4330,5413,5954,6495,7037,7578,8119,8660,9202,9743,10284,10826,11908,3789,3248,1624,1083,2706,3248,4872,5413,5954,6495,7037,7578,8119,8660,9202,9743,10284,10826,2706,2165,1624,541,0,541,1083,1624,2165,2706,4330,4872,5413,5954,6495,7037,7578,8119,8660,9202,9743,1624,2165,2706,3248,3789,4330,4872,5413,5954,6495,7037,7578,8119,8660,9202,9743,2706,3248,3789,4330,4872,5413,5954,6495,7037,7578,8119,8660,9202,9743,3248,3789,4330,4872,5413,5954,6495,7037,7578,8119,8660,9202,9743,10284,3789,4330,4872,5413,5954,6495,7037,7578,8119,8660,9202,9743,4872,5413,5954,7037,7578,8119,8660,9202,9743,10284,5413,5954,6495,8119,9202,9743
212,23275,22192,22734,33018,33559,34101,21651,22192,23816,26523,31936,33018,33559,23816,24358,25440,25981,26523,27605,28688,29229,29770,30312,30853,33018,33559,23275,26523,27064,27605,28147,29770,30312,30853,32477,33018,16780,17321,17862,18404,18945,19486,20027,20569,21110,21651,22192,22734,26523,27064,27605,29770,30312,31936,32477,16238,16780,17321,17862,18404,18945,20569,21110,24899,25440,25981,27064,27605,28688,29229,29770,30312,30853,31394,15697,16238,16780,17321,17862,18404,20027,20569,23275,23816,24358,27064,27605,28147,28688,13532,14073,14615,15156,15697,16780,17321,17862,18404,20027,21110,22734,23275,26523,27064,30853,31394,12449,12991,13532,14073,14615,16238,16780,17321,17862,19486,20027,20569,21110,30312,30853,11908,12449,15697,16238,16780,18945,19486,4872,15697,16238,16780,4872,4330,14615,15156,15697,5954,5413,4872,4330,11908,12449,13532,14073,5954,5413,4872,4330,4872,5413,5954,6495,9202,9743,10284,10826,11367,11908,12449,12991,5413,4330,4872,5413,5954,6495,8119,8660,9202,9743,10284,10826,11908,12449,4872,4872,5413,5954,6495,7037,7578,8119,8660,9202,9743,10284,11367,4330,3789,2165,1624,2165,2706,4330,4872,5413,5954,6495,7037,7578,8119,8660,9202,9743,10284,3248,2706,2165,1083,541,0,541,1083,1624,2165,3789,4330,4872,5413,5954,6495,7037,7578,8119,8660,9202,1083,1624,2165,2706,3248,3789,4330,4872,5413,5954,6495,7037,7578,8119,8660,9202,2165,2706,3248,3789,4330,4872,5413,5954,6495,7037,7578,8119,8660,9202,2706,3248,3789,4330,4872,5413,5954,6495,7037,7578,8119,8660,9202,9743,3248,3789,4330,4872,5413,5954,6495,7037,7578,8119,8660,9202,4330,4872,5413,6495,7037,7578,8119,8660,9202,9743,4872,5413,5954,7578,8660,9202
213,22734,21651,22192,32477,33018,33559,21110,21651,23275,25981,31394,32477,33018,23275,23816,24899,25440,25981,27064,28147,28688,29229,29770,30312,32477,33018,22734,25981,26523,27064,27605,29229,29770,30312,31936,32477,16238,16780,17321,17862,18404,18945,19486,20027,20569,21110,21651,22192,25981,26523,27064,29229,29770,31394,31936,15697,16238,16780,17321,17862,18404,20027,20569,24358,24899,25440,26523,27064,28147,28688,29229,29770,30312,30853,15156,15697,16238,16780,17321,17862,19486,20027,22734,23275,23816,26523,27064,27605,28147,12991,13532,14073,14615,15156,16238,16780,17321,17862,19486,20569,22192,22734,25981,26523,30312,30853,11908,12449,12991,13532,14073,15697,16238,16780,17321,18945,19486,20027,20569,29770,30312,11367,11908,15156,15697,16238,18404,18945,5413,15156,15697,16238,5413,4872,14073,14615,15156,6495,5954,5413,4872,11367,11908,12991,13532,6495,5954,5413,3789,4330,4872,5413,5954,8660,9202,9743,10284,10826,11367,11908,12449,5954,3789,4330,4872,5413,5954,7578,8119,8660,9202,9743,10284,11367,11908,5413,4330,4872,5413,5954,6495,7037,7578,8119,8660,9202,9743,10826,4872,4330,2706,2165,1624,2165,3789,4330,4872,5413,5954,6495,7037,7578,8119,8660,9202,9743,3789,3248,2706,1624,1083,541,0,541,1083,1624,3248,3789,4330,4872,5413,5954,6495,7037,7578,8119,8660,541,1083,1624,2165,2706,3248,3789,4330,4872,5413,5954,6495,7037,7578,8119,8660,1624,2165,2706,3248,3789,4330,4872,5413,5954,6495,7037,7578,8119,8660,2165,2706,3248,3789,4330,4872,5413,5954,6495,7037,7578,8119,8660,9202,2706,3248,3789,4330,4872,5413,5954,6495,7037,7578,8119,8660,3789,4330,4872,5954,6495,7037,7578,8119,8660,9202,4330,4872,5413,7037,8119,8660
214,22192,21110,21651,31936,32477,33018,20569,21110,22734,25440,30853,31936,32477,22734,23275,24358,24899,25440,26523,27605,28147,28688,29229,29770,31936,32477,22192,25440,25981,26523,27064,28688,29229,29770,31394,31936,15697,16238,16780,17321,17862,18404,18945,19486,20027,20569,21110,21651,25440,25981,26523,28688,29229,30853,31394,15156,15697,16238,16780,17321,17862,19486,20027,23816,24358,24899,25981,26523,27605,28147,28688,29229,29770,30312,14615,15156,15697,16238,16780,17321,18945,19486,22192,22734,23275,25981,26523,27064,27605,12449,12991,13532,14073,14615,15697,16238,16780,17321,18945,20027,21651,22192,25440,25981,29770,30312,11367,11908,12449,12991,13532,15156,15697,16238,16780,18404,18945,19486,20027,29229,29770,10826,11367,14615,15156,15697,17862,18404,5954,14615,15156,15697,5954,5413,13532,14073,14615,7037,6495,5954,5413,10826,11367,12449,12991,7037,6495,5954,3248,3789,4330,4872,5413,8119,8660,9202,9743,10284,10826,11367,11908,6495,3248,3789,4330,4872,5413,7037,7578,8119,8660,9202,9743,10826,11367,5954,3789,4330,4872,5413,5954,6495,7037,7578,8119,8660,9202,10284,5413,4872,3248,2706,1083,1624,3248,3789,4330,4872,5413,5954,6495,7037,7578,8119,8660,9202,4330,3789,3248,2165,1624,1083,541,0,541,1083,2706,3248,3789,4330,4872,5413,5954,6495,7037,7578,8119,1083,541,1083,1624,2165,2706,3248,3789,4330,4872,5413,5954,6495,7037,7578,8119,1083,1624,2165,2706,3248,3789,4330,4872,5413,5954,6495,7037,7578,8119,1624,2165,2706,3248,3789,4330,4872,5413,5954,6495,7037,7578,8119,8660,2165,2706,3248,3789,4330,4872,5413,5954,6495,7037,7578,8119,3248,3789,4330,5413,5954,6495,7037,7578,8119,8660,3789,4330,4872,6495,7578,8119
215,21651,20569,21110,31394,31936,32477,20027,20569,22192,24899,30312,31394,31936,22192,22734,23816,24358,24899,25981,27064,27605,28147,28688,29229,31394,31936,21651,24899,25440,25981,26523,28147,28688,29229,30853,31394,15156,15697,16238,16780,17321,17862,18404,18945,19486,20027,20569,21110,24899,25440,25981,28147,28688,30312,30853,14615,15156,15697,16238,16780,17321,18945,19486,23275,23816,24358,25440,25981,27064,27605,28147,28688,29229,29770,14073,14615,15156,15697,16238,16780,18404,18945,21651,22192,22734,25440,25981,26523,27064,11908,12449,12991,13532,14073,15156,15697,16238,16780,18404,19486,21110,21651,24899,25440,29229,29770,10826,11367,11908,12449,12991,14615,15156,15697,16238,17862,18404,18945,19486,28688,29229,10284,10826,14073,14615,15156,17321,17862,6495,14073,14615,15156,6495,5954,12991,13532,14073,7578,7037,6495,5954,10284,10826,11908,12449,7578,7037,6495,2706,3248,3789,4330,4872,7578,8119,8660,9202,9743,10284,10826,11367,7037,2706,3248,3789,4330,4872,6495,7037,7578,8119,8660,9202,10284,10826,6495,3248,3789,4330,4872,5413,5954,6495,7037,7578,8119,8660,9743,5954,5413,3789,3248,541,1083,2706,3248,3789,4330,4872,5413,5954,6495,7037,7578,8119,8660,4872,4330,3789,2706,2165,1624,1083,541,0,541,2165,2706,3248,3789,4330,4872,5413,5954,6495,7037,7578,1624,1083,541,1083,1624,2165,2706,3248,3789,4330,4872,5413,5954,6495,7037,7578,1624,1083,1624,2165,2706,3248,3789,4330,4872,5413,5954,6495,7037,7578,2165,1624,2165,2706,3248,3789,4330,4872,5413,5954,6495,7037,7578,8119,2706,2165,2706,3248,3789,4330,4872,5413,5954,6495,7037,7578,2706,3248,3789,4872,5413,5954,6495,7037,7578,8119,3248,3789,4330,5954,7037,7578
216,21110,20027,20569,30853,31394,31936,19486,20027,21651,24358,29770,30853,31394,21651,22192,23275,23816,24358,25440,26523,27064,27605,28147,28688,30853,31394,21110,24358,24899,25440,25981,27605,28147,28688,30312,30853,14615,15156,15697,16238,16780,17321,17862,18404,18945,19486,20027,20569,24358,24899,25440,27605,28147,29770,30312,14073,14615,15156,15697,16238,16780,18404,18945,22734,23275,23816,24899,25440,26523,27064,27605,28147,28688,29229,13532,14073,14615,15156,15697,16238,17862,18404,21110,21651,22192,24899,25440,25981,26523,11367,11908,12449,12991,13532,14615,15156,15697,16238,17862,18945,20569,21110,24358,24899,28688,29229,10284,10826,11367,11908,12449,14073,14615,15156,15697,17321,17862,18404,18945,28147,28688,9743,10284,13532,14073,14615,16780,17321,7037,13532,14073,14615,7037,6495,12449,12991,13532,8119,7578,7037,6495,9743,10284,11367,11908,8119,7578,7037,2165,2706,3248,3789,4330,7037,7578,8119,8660,9202,9743,10284,10826,7578,2165,2706,3248,3789,4330,5954,6495,7037,7578,8119,8660,9743,10284,7037,2706,3248,3789,4330,4872,5413,5954,6495,7037,7578,8119,9202,6495,5954,4330,3789,1083,541,2165,2706,3248,3789,4330,4872,5413,5954,6495,7037,7578,8119,5413,4872,4330,3248,2706,2165,1624,1083,541,0,1624,2165,2706,3248,3789,4330,4872,5413,5954,6495,7037,2165,1624,1083,541,1083,1624,2165,2706,3248,3789,4330,4872,5413,5954,6495,7037,2165,1624,1083,1624,2165,2706,3248,3789,4330,4872,5413,5954,6495,7037,2706,2165,1624,2165,2706,3248,3789,4330,4872,5413,5954,6495,7037,7578,3248,2706,2165,2706,3248,3789,4330,4872,5413,5954,6495,7037,3248,2706,3248,4330,4872,5413,5954,6495,7037,7578,3789,3248,3789,5413,6495,7037
217,19486,18404,18945,29229,29770,30312,17862,18404,20027,22734,28147,29229,29770,20027,20569,21651,22192,22734,23816,24899,25440,25981,26523,27064,29229,29770,19486,22734,23275,23816,24358,25981,26523,27064,28688,29229,12991,13532,14073,14615,15156,15697,16238,16780,17321,17862,18404,18945,22734,23275,23816,25981,26523,28147,28688,12449,12991,13532,14073,14615,15156,16780,17321,21110,21651,22192,23275,23816,24899,25440,25981,26523,27064,27605,11908,12449,12991,13532,14073,14615,16238,16780,19486,20027,20569,23275,23816,24358,24899,9743,10284,10826,11367,11908,12991,13532,14073,14615,16238,17321,18945,19486,22734,23275,27064,27605,8660,9202,9743,10284,10826,12449,12991,13532,14073,15697,16238,16780,17321,26523,27064,8119,8660,11908,12449,12991,15156,15697,8660,11908,12449,12991,8660,8119,10826,11367,11908,9743,9202,8660,8119,8119,8660,9743,10284,9743,9202,8660,3789,3248,2706,2165,2706,5413,5954,6495,7037,7578,8119,8660,9202,9202,2706,2165,1624,2165,2706,4330,4872,5413,5954,6495,7037,8119,8660,8660,1083,1624,2165,2706,3248,3789,4330,4872,5413,5954,6495,7578,8119,7578,5954,5413,2706,2165,541,1083,1624,2165,2706,3248,3789,4330,4872,5413,5954,6495,7037,6495,5954,4872,4330,3789,3248,2706,2165,1624,0,541,1083,1624,2165,2706,3248,3789,4330,4872,5413,3789,3248,2706,2165,1624,1083,541,1083,1624,2165,2706,3248,3789,4330,4872,5413,3789,3248,2706,2165,1624,1083,1624,2165,2706,3248,3789,4330,4872,5413,4330,3789,3248,2706,2165,1624,2165,2706,3248,3789,4330,4872,5413,5954,4872,4330,3789,3248,2706,2165,2706,3248,3789,4330,4872,5413,4872,4330,3789,2706,3248,3789,4330,4872,5413,5954,5413,4872,4330,3789,4872,5413
218,18945,17862,18404,28688,29229,29770,17321,17862,19486,22192,27605,28688,29229,19486,20027,21110,21651,22192,23275,24358,24899,25440,25981,26523,28688,29229,18945,22192,22734,23275,23816,25440,25981,26523,28147,28688,12449,12991,13532,14073,14615,15156,15697,16238,16780,17321,17862,18404,22192,22734,23275,25440,25981,27605,28147,11908,12449,12991,13532,14073,14615,16238,16780,20569,21110,21651,22734,23275,24358,24899,25440,25981,26523,27064,11367,11908,12449,12991,13532,14073,15697,16238,18945,19486,20027,22734,23275,23816,24358,9202,9743,10284,10826,11367,12449,12991,13532,14073,15697,16780,18404,18945,22192,22734,26523,27064,8119,8660,9202,9743,10284,11908,12449,12991,13532,15156,15697,16238,16780,25981,26523,7578,8119,11367,11908,12449,14615,15156,9202,11367,11908,12449,9202,8660,10284,10826,11367,10284,9743,9202,8660,7578,8119,9202,9743,10284,9743,9202,4330,3789,3248,2706,2165,4872,5413,5954,6495,7037,7578,8119,8660,9743,3248,2706,2165,1624,2165,3789,4330,4872,5413,5954,6495,7578,8119,9202,1624,1083,1624,2165,2706,3248,3789,4330,4872,5413,5954,7037,8660,8119,6495,5954,3248,2706,1083,541,1083,1624,2165,2706,3248,3789,4330,4872,5413,5954,7578,7037,6495,5413,4872,4330,3789,3248,2706,2165,541,0,541,1083,1624,2165,2706,3248,3789,4330,4872,4330,3789,3248,2706,2165,1624,1083,541,1083,1624,2165,2706,3248,3789,4330,4872,4330,3789,3248,2706,2165,1624,1083,1624,2165,2706,3248,3789,4330,4872,4872,4330,3789,3248,2706,2165,1624,2165,2706,3248,3789,4330,4872,5413,5413,4872,4330,3789,3248,2706,2165,2706,3248,3789,4330,4872,5413,4872,4330,3248,2706,3248,3789,4330,4872,5413,5954,5413,4872,3248,4330,4872
219,18404,17321,17862,28147,28688,29229,16780,17321,18945,21651,27064,28147,28688,18945,19486,20569,21110,21651,22734,23816,24358,24899,25440,25981,28147,28688,18404,21651,22192,22734,23275,24899,25440,25981,27605,28147,11908,12449,12991,13532,14073,14615,15156,15697,16238,16780,17321,17862,21651,22192,22734,24899,25440,27064,27605,11367,11908,12449,12991,13532,14073,15697,16238,20027,20569,21110,22192,22734,23816,24358,24899,25440,25981,26523,10826,11367,11908,12449,12991,13532,15156,15697,18404,18945,19486,22192,22734,23275,23816,8660,9202,9743,10284,10826,11908,12449,12991,13532,15156,16238,17862,18404,21651,22192,25981,26523,7578,8119,8660,9202,9743,11367,11908,12449,12991,14615,15156,15697,16238,25440,25981,7037,7578,10826,11367,11908,14073,14615,9743,10826,11367,11908,9743,9202,9743,10284,10826,10826,10284,9743,9202,7037,7578,8660,9202,10826,10284,9743,4872,4330,3789,3248,2706,4330,4872,5413,5954,6495,7037,7578,8119,10284,3789,3248,2706,2165,1624,3248,3789,4330,4872,5413,5954,7037,7578,9743,2165,1624,1083,1624,2165,2706,3248,3789,4330,4872,5413,6495,9202,8660,7037,6495,3789,3248,1624,1083,541,1083,1624,2165,2706,3248,3789,4330,4872,5413,8119,7578,7037,5954,5413,4872,4330,3789,3248,2706,1083,541,0,541,1083,1624,2165,2706,3248,3789,4330,4872,4330,3789,3248,2706,2165,1624,1083,541,1083,1624,2165,2706,3248,3789,4330,4872,4330,3789,3248,2706,2165,1624,1083,1624,2165,2706,3248,3789,4330,5413,4872,4330,3789,3248,2706,2165,1624,2165,2706,3248,3789,4330,4872,5954,5413,4872,4330,3789,3248,2706,2165,2706,3248,3789,4330,5954,5413,4872,3789,3248,2706,3248,3789,4330,4872,6495,5954,5413,3789,3789,4330
220,17862,16780,17321,27605,28147,28688,16238,16780,18404,21110,26523,27605,28147,18404,18945,20027,20569,21110,22192,23275,23816,24358,24899,25440,27605,28147,17862,21110,21651,22192,22734,24358,24899,25440,27064,27605,11367,11908,12449,12991,13532,14073,14615,15156,15697,16238,16780,17321,21110,21651,22192,24358,24899,26523,27064,10826,11367,11908,12449,12991,13532,15156,15697,19486,20027,20569,21651,22192,23275,23816,24358,24899,25440,25981,10284,10826,11367,11908,12449,12991,14615,15156,17862,18404,18945,21651,22192,22734,23275,8119,8660,9202,9743,10284,11367,11908,12449,12991,14615,15697,17321,17862,21110,21651,25440,25981,7037,7578,8119,8660,9202,10826,11367,11908,12449,14073,14615,15156,15697,24899,25440,6495,7037,10284,10826,11367,13532,14073,10284,10284,10826,11367,10284,9743,9202,9743,10284,11367,10826,10284,9743,6495,7037,8119,8660,11367,10826,10284,5413,4872,4330,3789,3248,3789,4330,4872,5413,5954,6495,7037,7578,10826,4330,3789,3248,2706,2165,2706,3248,3789,4330,4872,5413,6495,7037,10284,2706,2165,1624,1083,1624,2165,2706,3248,3789,4330,4872,5954,9743,9202,7578,7037,4330,3789,2165,1624,1083,541,1083,1624,2165,2706,3248,3789,4330,4872,8660,8119,7578,6495,5954,5413,4872,4330,3789,3248,1624,1083,541,0,541,1083,1624,2165,2706,3248,3789,5413,4872,4330,3789,3248,2706,2165,1624,1083,541,1083,1624,2165,2706,3248,3789,5413,4872,4330,3789,3248,2706,2165,1624,1083,1624,2165,2706,3248,3789,5954,5413,4872,4330,3789,3248,2706,2165,1624,2165,2706,3248,3789,4330,6495,5954,5413,4872,4330,3789,3248,2706,2165,2706,3248,3789,6495,5954,5413,4330,3789,3248,2706,3248,3789,4330,7037,6495,5954,4330,3248,3789
221,17321,16238,16780,27064,27605,28147,15697,16238,17862,20569,25981,27064,27605,17862,18404,19486,20027,20569,21651,22734,23275,23816,24358,24899,27064,27605,17321,20569,21110,21651,22192,23816,24358,24899,26523,27064,10826,11367,11908,12449,12991,13532,14073,14615,15156,15697,16238,16780,20569,21110,21651,23816,24358,25981,26523,10284,10826,11367,11908,12449,12991,14615,15156,18945,19486,20027,21110,21651,22734,23275,23816,24358,24899,25440,9743,10284,10826,11367,11908,12449,14073,14615,17321,17862,18404,21110,21651,22192,22734,7578,8119,8660,9202,9743,10826,11367,11908,12449,14073,15156,16780,17321,20569,21110,24899,25440,6495,7037,7578,8119,8660,10284,10826,11367,11908,13532,14073,14615,15156,24358,24899,5954,6495,9743,10284,10826,12991,13532,10826,9743,10284,10826,10826,10284,8660,9202,9743,11908,11367,10826,10284,5954,6495,7578,8119,11908,11367,10826,5954,5413,4872,4330,3789,3248,3789,4330,4872,5413,5954,6495,7037,11367,4872,4330,3789,3248,2706,2165,2706,3248,3789,4330,4872,5954,6495,10826,3248,2706,2165,1624,1083,1624,2165,2706,3248,3789,4330,5413,10284,9743,8119,7578,4872,4330,2706,2165,1624,1083,541,1083,1624,2165,2706,3248,3789,4330,9202,8660,8119,7037,6495,5954,5413,4872,4330,3789,2165,1624,1083,541,0,541,1083,1624,2165,2706,3248,5954,5413,4872,4330,3789,3248,2706,2165,1624,1083,541,1083,1624,2165,2706,3248,5954,5413,4872,4330,3789,3248,2706,2165,1624,1083,1624,2165,2706,3248,6495,5954,5413,4872,4330,3789,3248,2706,2165,1624,2165,2706,3248,3789,7037,6495,5954,5413,4872,4330,3789,3248,2706,2165,2706,3248,7037,6495,5954,4872,4330,3789,3248,2706,3248,3789,7578,7037,6495,4872,3789,3248
222,16780,15697,16238,26523,27064,27605,15156,15697,17321,20027,25440,26523,27064,17321,17862,18945,19486,20027,21110,22192,22734,23275,23816,24358,26523,27064,16780,20027,20569,21110,21651,23275,23816,24358,25981,26523,10284,10826,11367,11908,12449,12991,13532,14073,14615,15156,15697,16238,20027,20569,21110,23275,23816,25440,25981,9743,10284,10826,11367,11908,12449,14073,14615,18404,18945,19486,20569,21110,22192,22734,23275,23816,24358,24899,9202,9743,10284,10826,11367,11908,13532,14073,16780,17321,17862,20569,21110,21651,22192,7037,7578,8119,8660,9202,10284,10826,11367,11908,13532,14615,16238,16780,20027,20569,24358,24899,5954,6495,7037,7578,8119,9743,10284,10826,11367,12991,13532,14073,14615,23816,24358,5413,5954,9202,9743,10284,12449,12991,11367,9202,9743,10284,11367,10826,8119,8660,9202,12449,11908,11367,10826,5413,5954,7037,7578,12449,11908,11367,6495,5954,5413,4872,4330,2706,3248,3789,4330,4872,5413,5954,6495,11908,5413,4872,4330,3789,3248,1624,2165,2706,3248,3789,4330,5413,5954,11367,3789,3248,2706,2165,1624,1083,1624,2165,2706,3248,3789,4872,10826,10284,8660,8119,5413,4872,3248,2706,2165,1624,1083,541,1083,1624,2165,2706,3248,3789,9743,9202,8660,7578,7037,6495,5954,5413,4872,4330,2706,2165,1624,1083,541,0,541,1083,1624,2165,2706,6495,5954,5413,4872,4330,3789,3248,2706,2165,1624,1083,541,1083,1624,2165,2706,6495,5954,5413,4872,4330,3789,3248,2706,2165,1624,1083,1624,2165,2706,7037,6495,5954,5413,4872,4330,3789,3248,2706,2165,1624,2165,2706,3248,7578,7037,6495,5954,5413,4872,4330,3789,3248,2706,2165,2706,7578,7037,6495,5413,4872,4330,3789,3248,2706,3248,8119,7578,7037,5413,4330,3789
223,16238,15156,15697,25981,26523,27064,14615,15156,16780,19486,24899,25981,26523,16780,17321,18404,18945,19486,20569,21651,22192,22734,23275,23816,25981,26523,16238,19486,20027,20569,21110,22734,23275,23816,25440,25981,9743,10284,10826,11367,11908,12449,12991,13532,14073,14615,15156,15697,19486,20027,20569,22734,23275,24899,25440,9202,9743,10284,10826,11367,11908,13532,14073,17862,18404,18945,20027,20569,21651,22192,22734,23275,23816,24358,8660,9202,9743,10284,10826,11367,12991,13532,16238,16780,17321,20027,20569,21110,21651,6495,7037,7578,8119,8660,9743,10284,10826,11367,12991,14073,15697,16238,19486,20027,23816,24358,5413,5954,6495,7037,7578,9202,9743,10284,10826,12449,12991,13532,14073,23275,23816,4872,5413,8660,9202,9743,11908,12449,11908,8660,9202,9743,11908,11367,7578,8119,8660,12991,12449,11908,11367,4872,5413,6495,7037,12991,12449,11908,7037,6495,5954,5413,4872,2165,2706,3248,3789,4330,4872,5413,5954,12449,5954,5413,4872,4330,3789,2165,1624,2165,2706,3248,3789,4872,5413,11908,4330,3789,3248,2706,2165,1624,1083,1624,2165,2706,3248,4330,11367,10826,9202,8660,5954,5413,3789,3248,2706,2165,1624,1083,541,1083,1624,2165,2706,3248,10284,9743,9202,8119,7578,7037,6495,5954,5413,4872,3248,2706,2165,1624,1083,541,0,541,1083,1624,2165,7037,6495,5954,5413,4872,4330,3789,3248,2706,2165,1624,1083,541,1083,1624,2165,7037,6495,5954,5413,4872,4330,3789,3248,2706,2165,1624,1083,1624,2165,7578,7037,6495,5954,5413,4872,4330,3789,3248,2706,2165,1624,2165,2706,8119,7578,7037,6495,5954,5413,4872,4330,3789,3248,2706,2165,8119,7578,7037,5954,5413,4872,4330,3789,3248,2706,8660,8119,7578,5954,4872,4330
224,15697,14615,15156,25440,25981,26523,14073,14615,16238,18945,24358,25440,25981,16238,16780,17862,18404,18945,20027,21110,21651,22192,22734,23275,25440,25981,15697,18945,19486,20027,20569,22192,22734,23275,24899,25440,9202,9743,10284,10826,11367,11908,12449,12991,13532,14073,14615,15156,18945,19486,20027,22192,22734,24358,24899,8660,9202,9743,10284,10826,11367,12991,13532,17321,17862,18404,19486,20027,21110,21651,22192,22734,23275,23816,8119,8660,9202,9743,10284,10826,12449,12991,15697,16238,16780,19486,20027,20569,21110,5954,6495,7037,7578,8119,9202,9743,10284,10826,12449,13532,15156,15697,18945,19486,23275,23816,4872,5413,5954,6495,7037,8660,9202,9743,10284,11908,12449,12991,13532,22734,23275,4330,4872,8119,8660,9202,11367,11908,12449,8119,8660,9202,12449,11908,7037,7578,8119,13532,12991,12449,11908,4330,4872,5954,6495,13532,12991,12449,7578,7037,6495,5954,5413,2706,2165,2706,3248,3789,4330,4872,5413,12991,6495,5954,5413,4872,4330,2706,2165,1624,2165,2706,3248,4330,4872,12449,4872,4330,3789,3248,2706,2165,1624,1083,1624,2165,2706,3789,11908,11367,9743,9202,6495,5954,4330,3789,3248,2706,2165,1624,1083,541,1083,1624,2165,2706,10826,10284,9743,8660,8119,7578,7037,6495,5954,5413,3789,3248,2706,2165,1624,1083,541,0,541,1083,1624,7578,7037,6495,5954,5413,4872,4330,3789,3248,2706,2165,1624,1083,541,1083,1624,7578,7037,6495,5954,5413,4872,4330,3789,3248,2706,2165,1624,1083,1624,8119,7578,7037,6495,5954,5413,4872,4330,3789,3248,2706,2165,1624,2165,8660,8119,7578,7037,6495,5954,5413,4872,4330,3789,3248,2706,8660,8119,7578,6495,5954,5413,4872,4330,3789,3248,9202,8660,8119,6495,5413,4872
225,15156,14073,14615,24899,25440,25981,13532,14073,15697,18404,23816,24899,25440,15697,16238,17321,17862,18404,19486,20569,21110,21651,22192,22734,24899,25440,15156,18404,18945,19486,20027,21651,22192,22734,24358,24899,8660,9202,9743,10284,10826,11367,11908,12449,12991,13532,14073,14615,18404,18945,19486,21651,22192,23816,24358,8119,8660,9202,9743,10284,10826,12449,12991,16780,17321,17862,18945,19486,20569,21110,21651,22192,22734,23275,7578,8119,8660,9202,9743,10284,11908,12449,15156,15697,16238,18945,19486,20027,20569,5413,5954,6495,7037,7578,8660,9202,9743,10284,11908,12991,14615,15156,18404,18945,22734,23275,5413,4872,5413,5954,6495,8119,8660,9202,9743,11367,11908,12449,12991,22192,22734,4872,4330,7578,8119,8660,10826,11367,12991,7578,8119,8660,12991,12449,6495,7037,7578,14073,13532,12991,12449,3789,4330,5413,5954,14073,13532,12991,8119,7578,7037,6495,5954,3248,2706,2165,2706,3248,3789,4330,4872,13532,7037,6495,5954,5413,4872,3248,2706,2165,1624,2165,2706,3789,4330,12991,5413,4872,4330,3789,3248,2706,2165,1624,1083,1624,2165,3248,12449,11908,10284,9743,7037,6495,4872,4330,3789,3248,2706,2165,1624,1083,541,1083,1624,2165,11367,10826,10284,9202,8660,8119,7578,7037,6495,5954,4330,3789,3248,2706,2165,1624,1083,541,0,541,1083,8119,7578,7037,6495,5954,5413,4872,4330,3789,3248,2706,2165,1624,1083,541,1083,8119,7578,7037,6495,5954,5413,4872,4330,3789,3248,2706,2165,1624,1083,8660,8119,7578,7037,6495,5954,5413,4872,4330,3789,3248,2706,2165,1624,9202,8660,8119,7578,7037,6495,5954,5413,4872,4330,3789,3248,9202,8660,8119,7037,6495,5954,5413,4872,4330,3789,9743,9202,8660,7037,5954,5413
226,14615,13532,14073,24358,24899,25440,12991,13532,15156,17862,23275,24358,24899,15156,15697,16780,17321,17862,18945,20027,20569,21110,21651,22192,24358,24899,14615,17862,18404,18945,19486,21110,21651,22192,23816,24358,8119,8660,9202,9743,10284,10826,11367,11908,12449,12991,13532,14073,17862,18404,18945,21110,21651,23275,23816,7578,8119,8660,9202,9743,10284,11908,12449,16238,16780,17321,18404,18945,20027,20569,21110,21651,22192,22734,7037,7578,8119,8660,9202,9743,11367,11908,14615,15156,15697,18404,18945,19486,20027,5954,5413,5954,6495,7037,8119,8660,9202,9743,11367,12449,14073,14615,17862,18404,22192,22734,5954,5413,4872,5413,5954,7578,8119,8660,9202,10826,11367,11908,12449,21651,22192,5413,4872,7037,7578,8119,10284,10826,13532,7037,7578,8119,13532,12991,5954,6495,7037,14615,14073,13532,12991,3248,3789,4872,5413,14615,14073,13532,8660,8119,7578,7037,6495,3789,3248,2706,2165,2706,3248,3789,4330,14073,7578,7037,6495,5954,5413,3789,3248,2706,2165,1624,2165,3248,3789,13532,5954,5413,4872,4330,3789,3248,2706,2165,1624,1083,1624,2706,12991,12449,10826,10284,7578,7037,5413,4872,4330,3789,3248,2706,2165,1624,1083,541,1083,1624,11908,11367,10826,9743,9202,8660,8119,7578,7037,6495,4872,4330,3789,3248,2706,2165,1624,1083,541,0,541,8660,8119,7578,7037,6495,5954,5413,4872,4330,3789,3248,2706,2165,1624,1083,541,8660,8119,7578,7037,6495,5954,5413,4872,4330,3789,3248,2706,2165,1624,9202,8660,8119,7578,7037,6495,5954,5413,4872,4330,3789,3248,2706,2165,9743,9202,8660,8119,7578,7037,6495,5954,5413,4872,4330,3789,9743,9202,8660,7578,7037,6495,5954,5413,4872,4330,10284,9743,9202,7578,6495,5954
227,14073,12991,13532,23816,24358,24899,12449,12991,14615,17321,22734,23816,24358,14615,15156,16238,16780,17321,18404,19486,20027,20569,21110,21651,23816,24358,14073,17321,17862,18404,18945,20569,21110,21651,23275,23816,7578,8119,8660,9202,9743,10284,10826,11367,11908,12449,12991,13532,17321,17862,18404,20569,21110,22734,23275,7037,7578,8119,8660,9202,9743,11367,11908,15697,16238,16780,17862,18404,19486,20027,20569,21110,21651,22192,6495,7037,7578,8119,8660,9202,10826,11367,14073,14615,15156,17862,18404,18945,19486,6495,5954,5413,5954,6495,7578,8119,8660,9202,10826,11908,13532,14073,17321,17862,21651,22192,6495,5954,5413,4872,5413,7037,7578,8119,8660,10284,10826,11367,11908,21110,21651,5954,5413,6495,7037,7578,9743,10284,14073,6495,7037,7578,14073,13532,5413,5954,6495,15156,14615,14073,13532,2706,3248,4330,4872,15156,14615,14073,9202,8660,8119,7578,7037,4330,3789,3248,2706,2165,2706,3248,3789,14615,8119,7578,7037,6495,5954,4330,3789,3248,2706,2165,1624,2706,3248,14073,6495,5954,5413,4872,4330,3789,3248,2706,2165,1624,1083,2165,13532,12991,11367,10826,8119,7578,5954,5413,4872,4330,3789,3248,2706,2165,1624,1083,541,1083,12449,11908,11367,10284,9743,9202,8660,8119,7578,7037,5413,4872,4330,3789,3248,2706,2165,1624,1083,541,0,9202,8660,8119,7578,7037,6495,5954,5413,4872,4330,3789,3248,2706,2165,1624,1083,9202,8660,8119,7578,7037,6495,5954,5413,4872,4330,3789,3248,2706,2165,9743,9202,8660,8119,7578,7037,6495,5954,5413,4872,4330,3789,3248,2706,10284,9743,9202,8660,8119,7578,7037,6495,5954,5413,4872,4330,10284,9743,9202,8119,7578,7037,6495,5954,5413,4872,10826,10284,9743,8119,7037,6495
228,23275,22192,22734,33018,33559,34101,21651,22192,23816,26523,31936,33018,33559,23816,24358,25440,25981,26523,27605,28688,29229,29770,30312,30853,33018,33559,23275,26523,27064,27605,28147,29770,30312,30853,32477,33018,16780,17321,17862,18404,18945,19486,20027,20569,21110,21651,22192,22734,26523,27064,27605,29770,30312,31936,32477,16238,16780,17321,17862,18404,18945,20569,21110,24899,25440,25981,27064,27605,28688,29229,29770,30312,30853,31394,15697,16238,16780,17321,17862,18404,20027,20569,23275,23816,24358,27064,27605,28147,28688,13532,14073,14615,15156,15697,16780,17321,17862,18404,20027,21110,22734,23275,26523,27064,30853,31394,12449,12991,13532,14073,14615,16238,16780,17321,17862,19486,20027,20569,21110,30312,30853,11908,12449,15697,16238,16780,18945,19486,5954,15697,16238,16780,5954,5413,14615,15156,15697,7037,6495,5954,5413,11908,12449,13532,14073,7037,6495,5954,4330,4872,5413,5954,6495,9202,9743,10284,10826,11367,11908,12449,12991,6495,4330,4872,5413,5954,6495,8119,8660,9202,9743,10284,10826,11908,12449,5954,4872,5413,5954,6495,7037,7578,8119,8660,9202,9743,10284,11367,5413,4872,3248,2706,2165,2706,4330,4872,5413,5954,6495,7037,7578,8119,8660,9202,9743,10284,4330,3789,3248,2165,1624,1083,541,1083,1624,2165,3789,4330,4872,5413,5954,6495,7037,7578,8119,8660,9202,0,541,1083,1624,2165,2706,3248,3789,4330,4872,5413,5954,6495,7037,7578,8119,1083,1624,2165,2706,3248,3789,4330,4872,5413,5954,6495,7037,7578,8119,1624,2165,2706,3248,3789,4330,4872,5413,5954,6495,7037,7578,8119,8660,2165,2706,3248,3789,4330,4872,5413,5954,6495,7037,7578,8119,3248,3789,4330,5413,5954,6495,7037,7578,8119,8660,3789,4330,4872,6495,7578,8119
229,22734,21651,22192,32477,33018,33559,21110,21651,23275,25981,31394,32477,33018,23275,23816,24899,25440,25981,27064,28147,28688,29229,29770,30312,32477,33018,22734,25981,26523,27064,27605,29229,29770,30312,31936,32477,16238,16780,17321,17862,18404,18945,19486,20027,20569,21110,21651,22192,25981,26523,27064,29229,29770,31394,31936,15697,16238,16780,17321,17862,18404,20027,20569,24358,24899,25440,26523,27064,28147,28688,29229,29770,30312,30853,15156,15697,16238,16780,17321,17862,19486,20027,22734,23275,23816,26523,27064,27605,28147,12991,13532,14073,14615,15156,16238,16780,17321,17862,19486,20569,22192,22734,25981,26523,30312,30853,11908,12449,12991,13532,14073,15697,16238,16780,17321,18945,19486,20027,20569,29770,30312,11367,11908,15156,15697,16238,18404,18945,6495,15156,15697,16238,6495,5954,14073,14615,15156,7578,7037,6495,5954,11367,11908,12991,13532,7578,7037,6495,3789,4330,4872,5413,5954,8660,9202,9743,10284,10826,11367,11908,12449,7037,3789,4330,4872,5413,5954,7578,8119,8660,9202,9743,10284,11367,11908,6495,4330,4872,5413,5954,6495,7037,7578,8119,8660,9202,9743,10826,5954,5413,3789,3248,1624,2165,3789,4330,4872,5413,5954,6495,7037,7578,8119,8660,9202,9743,4872,4330,3789,2706,2165,1624,1083,541,1083,1624,3248,3789,4330,4872,5413,5954,6495,7037,7578,8119,8660,541,0,541,1083,1624,2165,2706,3248,3789,4330,4872,5413,5954,6495,7037,7578,541,1083,1624,2165,2706,3248,3789,4330,4872,5413,5954,6495,7037,7578,1083,1624,2165,2706,3248,3789,4330,4872,5413,5954,6495,7037,7578,8119,1624,2165,2706,3248,3789,4330,4872,5413,5954,6495,7037,7578,2706,3248,3789,4872,5413,5954,6495,7037,7578,8119,3248,3789,4330,5954,7037,7578
230,22192,21110,21651,31936,32477,33018,20569,21110,22734,25440,30853,31936,32477,22734,23275,24358,24899,25440,26523,27605,28147,28688,29229,29770,31936,32477,22192,25440,25981,26523,27064,28688,29229,29770,31394,31936,15697,16238,16780,17321,17862,18404,18945,19486,20027,20569,21110,21651,25440,25981,26523,28688,29229,30853,31394,15156,15697,16238,16780,17321,17862,19486,20027,23816,24358,24899,25981,26523,27605,28147,28688,29229,29770,30312,14615,15156,15697,16238,16780,17321,18945,19486,22192,22734,23275,25981,26523,27064,27605,12449,12991,13532,14073,14615,15697,16238,16780,17321,18945,20027,21651,22192,25440,25981,29770,30312,11367,11908,12449,12991,13532,15156,15697,16238,16780,18404,18945,19486,20027,29229,29770,10826,11367,14615,15156,15697,17862,18404,7037,14615,15156,15697,7037,6495,13532,14073,14615,8119,7578,7037,6495,10826,11367,12449,12991,8119,7578,7037,3248,3789,4330,4872,5413,8119,8660,9202,9743,10284,10826,11367,11908,7578,3248,3789,4330,4872,5413,7037,7578,8119,8660,9202,9743,10826,11367,7037,3789,4330,4872,5413,5954,6495,7037,7578,8119,8660,9202,10284,6495,5954,4330,3789,1083,1624,3248,3789,4330,4872,5413,5954,6495,7037,7578,8119,8660,9202,5413,4872,4330,3248,2706,2165,1624,1083,541,1083,2706,3248,3789,4330,4872,5413,5954,6495,7037,7578,8119,1083,541,0,541,1083,1624,2165,2706,3248,3789,4330,4872,5413,5954,6495,7037,1083,541,1083,1624,2165,2706,3248,3789,4330,4872,5413,5954,6495,7037,1624,1083,1624,2165,2706,3248,3789,4330,4872,5413,5954,6495,7037,7578,2165,1624,2165,2706,3248,3789,4330,4872,5413,5954,6495,7037,2165,2706,3248,4330,4872,5413,5954,6495,7037,7578,2706,3248,3789,5413,6495,7037
231,21651,20569,21110,31394,31936,32477,20027,20569,22192,24899,30312,31394,31936,22192,22734,23816,24358,24899,25981,27064,27605,28147,28688,29229,31394,31936,21651,24899,25440,25981,26523,28147,28688,29229,30853,31394,15156,15697,16238,16780,17321,17862,18404,18945,19486,20027,20569,21110,24899,25440,25981,28147,28688,30312,30853,14615,15156,15697,16238,16780,17321,18945,19486,23275,23816,24358,25440,25981,27064,27605,28147,28688,29229,29770,14073,14615,15156,15697,16238,16780,18404,18945,21651,22192,22734,25440,25981,26523,27064,11908,12449,12991,13532,14073,15156,15697,16238,16780,18404,19486,21110,21651,24899,25440,29229,29770,10826,11367,11908,12449,12991,14615,15156,15697,16238,17862,18404,18945,19486,28688,29229,10284,10826,14073,14615,15156,17321,17862,7578,14073,14615,15156,7578,7037,12991,13532,14073,8660,8119,7578,7037,10284,10826,11908,12449,8660,8119,7578,2706,3248,3789,4330,4872,7578,8119,8660,9202,9743,10284,10826,11367,8119,2706,3248,3789,4330,4872,6495,7037,7578,8119,8660,9202,10284,10826,7578,3248,3789,4330,4872,5413,5954,6495,7037,7578,8119,8660,9743,7037,6495,4872,4330,1624,1083,2706,3248,3789,4330,4872,5413,5954,6495,7037,7578,8119,8660,5954,5413,4872,3789,3248,2706,2165,1624,1083,541,2165,2706,3248,3789,4330,4872,5413,5954,6495,7037,7578,1624,1083,541,0,541,1083,1624,2165,2706,3248,3789,4330,4872,5413,5954,6495,1624,1083,541,1083,1624,2165,2706,3248,3789,4330,4872,5413,5954,6495,2165,1624,1083,1624,2165,2706,3248,3789,4330,4872,5413,5954,6495,7037,2706,2165,1624,2165,2706,3248,3789,4330,4872,5413,5954,6495,2706,2165,2706,3789,4330,4872,5413,5954,6495,7037,3248,2706,3248,4872,5954,6495
232,21110,20027,20569,30853,31394,31936,19486,20027,21651,24358,29770,30853,31394,21651,22192,23275,23816,24358,25440,26523,27064,27605,28147,28688,30853,31394,21110,24358,24899,25440,25981,27605,28147,28688,30312,30853,14615,15156,15697,16238,16780,17321,17862,18404,18945,19486,20027,20569,24358,24899,25440,27605,28147,29770,30312,14073,14615,15156,15697,16238,16780,18404,18945,22734,23275,23816,24899,25440,26523,27064,27605,28147,28688,29229,13532,14073,14615,15156,15697,16238,17862,18404,21110,21651,22192,24899,25440,25981,26523,11367,11908,12449,12991,13532,14615,15156,15697,16238,17862,18945,20569,21110,24358,24899,28688,29229,10284,10826,11367,11908,12449,14073,14615,15156,15697,17321,17862,18404,18945,28147,28688,9743,10284,13532,14073,14615,16780,17321,8119,13532,14073,14615,8119,7578,12449,12991,13532,9202,8660,8119,7578,9743,10284,11367,11908,9202,8660,8119,3248,2706,3248,3789,4330,7037,7578,8119,8660,9202,9743,10284,10826,8660,2165,2706,3248,3789,4330,5954,6495,7037,7578,8119,8660,9743,10284,8119,2706,3248,3789,4330,4872,5413,5954,6495,7037,7578,8119,9202,7578,7037,5413,4872,2165,1624,2165,2706,3248,3789,4330,4872,5413,5954,6495,7037,7578,8119,6495,5954,5413,4330,3789,3248,2706,2165,1624,1083,1624,2165,2706,3248,3789,4330,4872,5413,5954,6495,7037,2165,1624,1083,541,0,541,1083,1624,2165,2706,3248,3789,4330,4872,5413,5954,2165,1624,1083,541,1083,1624,2165,2706,3248,3789,4330,4872,5413,5954,2706,2165,1624,1083,1624,2165,2706,3248,3789,4330,4872,5413,5954,6495,3248,2706,2165,1624,2165,2706,3248,3789,4330,4872,5413,5954,3248,2706,2165,3248,3789,4330,4872,5413,5954,6495,3789,3248,2706,4330,5413,5954
233,20569,19486,20027,30312,30853,31394,18945,19486,21110,23816,29229,30312,30853,21110,21651,22734,23275,23816,24899,25981,26523,27064,27605,28147,30312,30853,20569,23816,24358,24899,25440,27064,27605,28147,29770,30312,14073,14615,15156,15697,16238,16780,17321,17862,18404,18945,19486,20027,23816,24358,24899,27064,27605,29229,29770,13532,14073,14615,15156,15697,16238,17862,18404,22192,22734,23275,24358,24899,25981,26523,27064,27605,28147,28688,12991,13532,14073,14615,15156,15697,17321,17862,20569,21110,21651,24358,24899,25440,25981,10826,11367,11908,12449,12991,14073,14615,15156,15697,17321,18404,20027,20569,23816,24358,28147,28688,9743,10284,10826,11367,11908,13532,14073,14615,15156,16780,17321,17862,18404,27605,28147,9202,9743,12991,13532,14073,16238,16780,8660,12991,13532,14073,8660,8119,11908,12449,12991,9743,9202,8660,8119,9202,9743,10826,11367,9743,9202,8660,3789,3248,2706,3248,3789,6495,7037,7578,8119,8660,9202,9743,10284,9202,2706,2165,2706,3248,3789,5413,5954,6495,7037,7578,8119,9202,9743,8660,2165,2706,3248,3789,4330,4872,5413,5954,6495,7037,7578,8660,8119,7578,5954,5413,2706,2165,1624,2165,2706,3248,3789,4330,4872,5413,5954,6495,7037,7578,7037,6495,5954,4872,4330,3789,3248,2706,2165,1624,1083,1624,2165,2706,3248,3789,4330,4872,5413,5954,6495,2706,2165,1624,1083,541,0,541,1083,1624,2165,2706,3248,3789,4330,4872,5413,2706,2165,1624,1083,541,1083,1624,2165,2706,3248,3789,4330,4872,5413,3248,2706,2165,1624,1083,1624,2165,2706,3248,3789,4330,4872,5413,5954,3789,3248,2706,2165,1624,2165,2706,3248,3789,4330,4872,5413,3789,3248,2706,2706,3248,3789,4330,4872,5413,5954,4330,3789,3248,3789,4872,5413
234,20027,18945,19486,29770,30312,30853,18404,18945,20569,23275,28688,29770,30312,20569,21110,22192,22734,23275,24358,25440,25981,26523,27064,27605,29770,30312,20027,23275,23816,24358,24899,26523,27064,27605,29229,29770,13532,14073,14615,15156,15697,16238,16780,17321,17862,18404,18945,19486,23275,23816,24358,26523,27064,28688,29229,12991,13532,14073,14615,15156,15697,17321,17862,21651,22192,22734,23816,24358,25440,25981,26523,27064,27605,28147,12449,12991,13532,14073,14615,15156,16780,17321,20027,20569,21110,23816,24358,24899,25440,10284,10826,11367,11908,12449,13532,14073,14615,15156,16780,17862,19486,20027,23275,23816,27605,28147,9202,9743,10284,10826,11367,12991,13532,14073,14615,16238,16780,17321,17862,27064,27605,8660,9202,12449,12991,13532,15697,16238,9202,12449,12991,13532,9202,8660,11367,11908,12449,10284,9743,9202,8660,8660,9202,10284,10826,10284,9743,9202,4330,3789,3248,2706,3248,5954,6495,7037,7578,8119,8660,9202,9743,9743,3248,2706,2165,2706,3248,4872,5413,5954,6495,7037,7578,8660,9202,9202,1624,2165,2706,3248,3789,4330,4872,5413,5954,6495,7037,8119,8660,8119,6495,5954,3248,2706,1083,1624,2165,2706,3248,3789,4330,4872,5413,5954,6495,7037,7578,7037,6495,5413,4872,4330,3789,3248,2706,2165,541,1083,1624,2165,2706,3248,3789,4330,4872,5413,5954,3248,2706,2165,1624,1083,541,0,541,1083,1624,2165,2706,3248,3789,4330,4872,3248,2706,2165,1624,1083,541,1083,1624,2165,2706,3248,3789,4330,4872,3789,3248,2706,2165,1624,1083,1624,2165,2706,3248,3789,4330,4872,5413,4330,3789,3248,2706,2165,1624,2165,2706,3248,3789,4330,4872,4330,3789,3248,2165,2706,3248,3789,4330,4872,5413,4872,4330,3789,3248,4330,4872
235,19486,18404,18945,29229,29770,30312,17862,18404,20027,22734,28147,29229,29770,20027,20569,21651,22192,22734,23816,24899,25440,25981,26523,27064,29229,29770,19486,22734,23275,23816,24358,25981,26523,27064,28688,29229,12991,13532,14073,14615,15156,15697,16238,16780,17321,17862,18404,18945,22734,23275,23816,25981,26523,28147,28688,12449,12991,13532,14073,14615,15156,16780,17321,21110,21651,22192,23275,23816,24899,25440,25981,26523,27064,27605,11908,12449,12991,13532,14073,14615,16238,16780,19486,20027,20569,23275,23816,24358,24899,9743,10284,10826,11367,11908,12991,13532,14073,14615,16238,17321,18945,19486,22734,23275,27064,27605,8660,9202,9743,10284,10826,12449,12991,13532,14073,15697,16238,16780,17321,26523,27064,8119,8660,11908,12449,12991,15156,15697,9743,11908,12449,12991,9743,9202,10826,11367,11908,10826,10284,9743,9202,8119,8660,9743,10284,10826,10284,9743,4872,4330,3789,3248,2706,5413,5954,6495,7037,7578,8119,8660,9202,10284,3789,3248,2706,2165,2706,4330,4872,5413,5954,6495,7037,8119,8660,9743,2165,1624,2165,2706,3248,3789,4330,4872,5413,5954,6495,7578,9202,8660,7037,6495,3789,3248,1624,1083,1624,2165,2706,3248,3789,4330,4872,5413,5954,6495,8119,7578,7037,5954,5413,4872,4330,3789,3248,2706,1083,541,1083,1624,2165,2706,3248,3789,4330,4872,5413,3789,3248,2706,2165,1624,1083,541,0,541,1083,1624,2165,2706,3248,3789,4330,3789,3248,2706,2165,1624,1083,541,1083,1624,2165,2706,3248,3789,4330,4330,3789,3248,2706,2165,1624,1083,1624,2165,2706,3248,3789,4330,4872,4872,4330,3789,3248,2706,2165,1624,2165,2706,3248,3789,4330,4872,4330,3789,2706,2165,2706,3248,3789,4330,4872,5413,4872,4330,2706,3789,4330
236,18945,17862,18404,28688,29229,29770,17321,17862,19486,22192,27605,28688,29229,19486,20027,21110,21651,22192,23275,24358,24899,25440,25981,26523,28688,29229,18945,22192,22734,23275,23816,25440,25981,26523,28147,28688,12449,12991,13532,14073,14615,15156,15697,16238,16780,17321,17862,18404,22192,22734,23275,25440,25981,27605,28147,11908,12449,12991,13532,14073,14615,16238,16780,20569,21110,21651,22734,23275,24358,24899,25440,25981,26523,27064,11367,11908,12449,12991,13532,14073,15697,16238,18945,19486,20027,22734,23275,23816,24358,9202,9743,10284,10826,11367,12449,12991,13532,14073,15697,16780,18404,18945,22192,22734,26523,27064,8119,8660,9202,9743,10284,11908,12449,12991,13532,15156,15697,16238,16780,25981,26523,7578,8119,11367,11908,12449,14615,15156,10284,11367,11908,12449,10284,9743,10284,10826,11367,11367,10826,10284,9743,7578,8119,9202,9743,11367,10826,10284,5413,4872,4330,3789,3248,4872,5413,5954,6495,7037,7578,8119,8660,10826,4330,3789,3248,2706,2165,3789,4330,4872,5413,5954,6495,7578,8119,10284,2706,2165,1624,2165,2706,3248,3789,4330,4872,5413,5954,7037,9743,9202,7578,7037,4330,3789,2165,1624,1083,1624,2165,2706,3248,3789,4330,4872,5413,5954,8660,8119,7578,6495,5954,5413,4872,4330,3789,3248,1624,1083,541,1083,1624,2165,2706,3248,3789,4330,4872,4330,3789,3248,2706,2165,1624,1083,541,0,541,1083,1624,2165,2706,3248,3789,4330,3789,3248,2706,2165,1624,1083,541,1083,1624,2165,2706,3248,3789,4872,4330,3789,3248,2706,2165,1624,1083,1624,2165,2706,3248,3789,4330,5413,4872,4330,3789,3248,2706,2165,1624,2165,2706,3248,3789,5413,4872,4330,3248,2706,2165,2706,3248,3789,4330,5954,5413,4872,3248,3248,3789
237,18404,17321,17862,28147,28688,29229,16780,17321,18945,21651,27064,28147,28688,18945,19486,20569,21110,21651,22734,23816,24358,24899,25440,25981,28147,28688,18404,21651,22192,22734,23275,24899,25440,25981,27605,28147,11908,12449,12991,13532,14073,14615,15156,15697,16238,16780,17321,17862,21651,22192,22734,24899,25440,27064,27605,11367,11908,12449,12991,13532,14073,15697,16238,20027,20569,21110,22192,22734,23816,24358,24899,25440,25981,26523,10826,11367,11908,12449,12991,13532,15156,15697,18404,18945,19486,22192,22734,23275,23816,8660,9202,9743,10284,10826,11908,12449,12991,13532,15156,16238,17862,18404,21651,22192,25981,26523,7578,8119,8660,9202,9743,11367,11908,12449,12991,14615,15156,15697,16238,25440,25981,7037,7578,10826,11367,11908,14073,14615,10826,10826,11367,11908,10826,10284,9743,10284,10826,11908,11367,10826,10284,7037,7578,8660,9202,11908,11367,10826,5954,5413,4872,4330,3789,4330,4872,5413,5954,6495,7037,7578,8119,11367,4872,4330,3789,3248,2706,3248,3789,4330,4872,5413,5954,7037,7578,10826,3248,2706,2165,1624,2165,2706,3248,3789,4330,4872,5413,6495,10284,9743,8119,7578,4872,4330,2706,2165,1624,1083,1624,2165,2706,3248,3789,4330,4872,5413,9202,8660,8119,7037,6495,5954,5413,4872,4330,3789,2165,1624,1083,541,1083,1624,2165,2706,3248,3789,4330,4872,4330,3789,3248,2706,2165,1624,1083,541,0,541,1083,1624,2165,2706,3248,4872,4330,3789,3248,2706,2165,1624,1083,541,1083,1624,2165,2706,3248,5413,4872,4330,3789,3248,2706,2165,1624,1083,1624,2165,2706,3248,3789,5954,5413,4872,4330,3789,3248,2706,2165,1624,2165,2706,3248,5954,5413,4872,3789,3248,2706,2165,2706,3248,3789,6495,5954,5413,3789,2706,3248
238,17862,16780,17321,27605,28147,28688,16238,16780,18404,21110,26523,27605,28147,18404,18945,20027,20569,21110,22192,23275,23816,24358,24899,25440,27605,28147,17862,21110,21651,22192,22734,24358,24899,25440,27064,27605,11367,11908,12449,12991,13532,14073,14615,15156,15697,16238,16780,17321,21110,21651,22192,24358,24899,26523,27064,10826,11367,11908,12449,12991,13532,15156,15697,19486,20027,20569,21651,22192,23275,23816,24358,24899,25440,25981,10284,10826,11367,11908,12449,12991,14615,15156,17862,18404,18945,21651,22192,22734,23275,8119,8660,9202,9743,10284,11367,11908,12449,12991,14615,15697,17321,17862,21110,21651,25440,25981,7037,7578,8119,8660,9202,10826,11367,11908,12449,14073,14615,15156,15697,24899,25440,6495,7037,10284,10826,11367,13532,14073,11367,10284,10826,11367,11367,10826,9202,9743,10284,12449,11908,11367,10826,6495,7037,8119,8660,12449,11908,11367,6495,5954,5413,4872,4330,3789,4330,4872,5413,5954,6495,7037,7578,11908,5413,4872,4330,3789,3248,2706,3248,3789,4330,4872,5413,6495,7037,11367,3789,3248,2706,2165,1624,2165,2706,3248,3789,4330,4872,5954,10826,10284,8660,8119,5413,4872,3248,2706,2165,1624,1083,1624,2165,2706,3248,3789,4330,4872,9743,9202,8660,7578,7037,6495,5954,5413,4872,4330,2706,2165,1624,1083,541,1083,1624,2165,2706,3248,3789,5413,4872,4330,3789,3248,2706,2165,1624,1083,541,0,541,1083,1624,2165,2706,5413,4872,4330,3789,3248,2706,2165,1624,1083,541,1083,1624,2165,2706,5954,5413,4872,4330,3789,3248,2706,2165,1624,1083,1624,2165,2706,3248,6495,5954,5413,4872,4330,3789,3248,2706,2165,1624,2165,2706,6495,5954,5413,4330,3789,3248,2706,2165,2706,3248,7037,6495,5954,4330,3248,2706
239,17321,16238,16780,27064,27605,28147,15697,16238,17862,20569,25981,27064,27605,17862,18404,19486,20027,20569,21651,22734,23275,23816,24358,24899,27064,27605,17321,20569,21110,21651,22192,23816,24358,24899,26523,27064,10826,11367,11908,12449,12991,13532,14073,14615,15156,15697,16238,16780,20569,21110,21651,23816,24358,25981,26523,10284,10826,11367,11908,12449,12991,14615,15156,18945,19486,20027,21110,21651,22734,23275,23816,24358,24899,25440,9743,10284,10826,11367,11908,12449,14073,14615,17321,17862,18404,21110,21651,22192,22734,7578,8119,8660,9202,9743,10826,11367,11908,12449,14073,15156,16780,17321,20569,21110,24899,25440,6495,7037,7578,8119,8660,10284,10826,11367,11908,13532,14073,14615,15156,24358,24899,5954,6495,9743,10284,10826,12991,13532,11908,9743,10284,10826,11908,11367,8660,9202,9743,12991,12449,11908,11367,5954,6495,7578,8119,12991,12449,11908,7037,6495,5954,5413,4872,3248,3789,4330,4872,5413,5954,6495,7037,12449,5954,5413,4872,4330,3789,2165,2706,3248,3789,4330,4872,5954,6495,11908,4330,3789,3248,2706,2165,1624,2165,2706,3248,3789,4330,5413,11367,10826,9202,8660,5954,5413,3789,3248,2706,2165,1624,1083,1624,2165,2706,3248,3789,4330,10284,9743,9202,8119,7578,7037,6495,5954,5413,4872,3248,2706,2165,1624,1083,541,1083,1624,2165,2706,3248,5954,5413,4872,4330,3789,3248,2706,2165,1624,1083,541,0,541,1083,1624,2165,5954,5413,4872,4330,3789,3248,2706,2165,1624,1083,541,1083,1624,2165,6495,5954,5413,4872,4330,3789,3248,2706,2165,1624,1083,1624,2165,2706,7037,6495,5954,5413,4872,4330,3789,3248,2706,2165,1624,2165,7037,6495,5954,4872,4330,3789,3248,2706,2165,2706,7578,7037,6495,4872,3789,3248
240,16780,15697,16238,26523,27064,27605,15156,15697,17321,20027,25440,26523,27064,17321,17862,18945,19486,20027,21110,22192,22734,23275,23816,24358,26523,27064,16780,20027,20569,21110,21651,23275,23816,24358,25981,26523,10284,10826,11367,11908,12449,12991,13532,14073,14615,15156,15697,16238,20027,20569,21110,23275,23816,25440,25981,9743,10284,10826,11367,11908,12449,14073,14615,18404,18945,19486,20569,21110,22192,22734,23275,23816,24358,24899,9202,9743,10284,10826,11367,11908,13532,14073,16780,17321,17862,20569,21110,21651,22192,7037,7578,8119,8660,9202,10284,10826,11367,11908,13532,14615,16238,16780,20027,20569,24358,24899,5954,6495,7037,7578,8119,9743,10284,10826,11367,12991,13532,14073,14615,23816,24358,5413,5954,9202,9743,10284,12449,12991,12449,9202,9743,10284,12449,11908,8119,8660,9202,13532,12991,12449,11908,5413,5954,7037,7578,13532,12991,12449,7578,7037,6495,5954,5413,2706,3248,3789,4330,4872,5413,5954,6495,12991,6495,5954,5413,4872,4330,2706,2165,2706,3248,3789,4330,5413,5954,12449,4872,4330,3789,3248,2706,2165,1624,2165,2706,3248,3789,4872,11908,11367,9743,9202,6495,5954,4330,3789,3248,2706,2165,1624,1083,1624,2165,2706,3248,3789,10826,10284,9743,8660,8119,7578,7037,6495,5954,5413,3789,3248,2706,2165,1624,1083,541,1083,1624,2165,2706,6495,5954,5413,4872,4330,3789,3248,2706,2165,1624,1083,541,0,541,1083,1624,6495,5954,5413,4872,4330,3789,3248,2706,2165,1624,1083,541,1083,1624,7037,6495,5954,5413,4872,4330,3789,3248,2706,2165,1624,1083,1624,2165,7578,7037,6495,5954,5413,4872,4330,3789,3248,2706,2165,1624,7578,7037,6495,5413,4872,4330,3789,3248,2706,2165,8119,7578,7037,5413,4330,3789
241,16238,15156,15697,25981,26523,27064,14615,15156,16780,19486,24899,25981,26523,16780,17321,18404,18945,19486,20569,21651,22192,22734,23275,23816,25981,26523,16238,19486,20027,20569,21110,22734,23275,23816,25440,25981,9743,10284,10826,11367,11908,12449,12991,13532,14073,14615,15156,15697,19486,20027,20569,22734,23275,24899,25440,9202,9743,10284,10826,11367,11908,13532,14073,17862,18404,18945,20027,20569,21651,22192,22734,23275,23816,24358,8660,9202,9743,10284,10826,11367,12991,13532,16238,16780,17321,20027,20569,21110,21651,6495,7037,7578,8119,8660,9743,10284,10826,11367,12991,14073,15697,16238,19486,20027,23816,24358,5413,5954,6495,7037,7578,9202,9743,10284,10826,12449,12991,13532,14073,23275,23816,4872,5413,8660,9202,9743,11908,12449,12991,8660,9202,9743,12991,12449,7578,8119,8660,14073,13532,12991,12449,4872,5413,6495,7037,14073,13532,12991,8119,7578,7037,6495,5954,3248,2706,3248,3789,4330,4872,5413,5954,13532,7037,6495,5954,5413,4872,3248,2706,2165,2706,3248,3789,4872,5413,12991,5413,4872,4330,3789,3248,2706,2165,1624,2165,2706,3248,4330,12449,11908,10284,9743,7037,6495,4872,4330,3789,3248,2706,2165,1624,1083,1624,2165,2706,3248,11367,10826,10284,9202,8660,8119,7578,7037,6495,5954,4330,3789,3248,2706,2165,1624,1083,541,1083,1624,2165,7037,6495,5954,5413,4872,4330,3789,3248,2706,2165,1624,1083,541,0,541,1083,7037,6495,5954,5413,4872,4330,3789,3248,2706,2165,1624,1083,541,1083,7578,7037,6495,5954,5413,4872,4330,3789,3248,2706,2165,1624,1083,1624,8119,7578,7037,6495,5954,5413,4872,4330,3789,3248,2706,2165,8119,7578,7037,5954,5413,4872,4330,3789,3248,2706,8660,8119,7578,5954,4872,4330
242,15697,14615,15156,25440,25981,26523,14073,14615,16238,18945,24358,25440,25981,16238,16780,17862,18404,18945,20027,21110,21651,22192,22734,23275,25440,25981,15697,18945,19486,20027,20569,22192,22734,23275,24899,25440,9202,9743,10284,10826,11367,11908,12449,12991,13532,14073,14615,15156,18945,19486,20027,22192,22734,24358,24899,8660,9202,9743,10284,10826,11367,12991,13532,17321,17862,18404,19486,20027,21110,21651,22192,22734,23275,23816,8119,8660,9202,9743,10284,10826,12449,12991,15697,16238,16780,19486,20027,20569,21110,5954,6495,7037,7578,8119,9202,9743,10284,10826,12449,13532,15156,15697,18945,19486,23275,23816,5954,5413,5954,6495,7037,8660,9202,9743,10284,11908,12449,12991,13532,22734,23275,5413,4872,8119,8660,9202,11367,11908,13532,8119,8660,9202,13532,12991,7037,7578,8119,14615,14073,13532,12991,4330,4872,5954,6495,14615,14073,13532,8660,8119,7578,7037,6495,3789,3248,2706,3248,3789,4330,4872,5413,14073,7578,7037,6495,5954,5413,3789,3248,2706,2165,2706,3248,4330,4872,13532,5954,5413,4872,4330,3789,3248,2706,2165,1624,2165,2706,3789,12991,12449,10826,10284,7578,7037,5413,4872,4330,3789,3248,2706,2165,1624,1083,1624,2165,2706,11908,11367,10826,9743,9202,8660,8119,7578,7037,6495,4872,4330,3789,3248,2706,2165,1624,1083,541,1083,1624,7578,7037,6495,5954,5413,4872,4330,3789,3248,2706,2165,1624,1083,541,0,541,7578,7037,6495,5954,5413,4872,4330,3789,3248,2706,2165,1624,1083,541,8119,7578,7037,6495,5954,5413,4872,4330,3789,3248,2706,2165,1624,1083,8660,8119,7578,7037,6495,5954,5413,4872,4330,3789,3248,2706,8660,8119,7578,6495,5954,5413,4872,4330,3789,3248,9202,8660,8119,6495,5413,4872
243,15156,14073,14615,24899,25440,25981,13532,14073,15697,18404,23816,24899,25440,15697,16238,17321,17862,18404,19486,20569,21110,21651,22192,22734,24899,25440,15156,18404,18945,19486,20027,21651,22192,22734,24358,24899,8660,9202,9743,10284,10826,11367,11908,12449,12991,13532,14073,14615,18404,18945,19486,21651,22192,23816,24358,8119,8660,9202,9743,10284,10826,12449,12991,16780,17321,17862,18945,19486,20569,21110,21651,22192,22734,23275,7578,8119,8660,9202,9743,10284,11908,12449,15156,15697,16238,18945,19486,20027,20569,6495,5954,6495,7037,7578,8660,9202,9743,10284,11908,12991,14615,15156,18404,18945,22734,23275,6495,5954,5413,5954,6495,8119,8660,9202,9743,11367,11908,12449,12991,22192,22734,5954,5413,7578,8119,8660,10826,11367,14073,7578,8119,8660,14073,13532,6495,7037,7578,15156,14615,14073,13532,3789,4330,5413,5954,15156,14615,14073,9202,8660,8119,7578,7037,4330,3789,3248,2706,3248,3789,4330,4872,14615,8119,7578,7037,6495,5954,4330,3789,3248,2706,2165,2706,3789,4330,14073,6495,5954,5413,4872,4330,3789,3248,2706,2165,1624,2165,3248,13532,12991,11367,10826,8119,7578,5954,5413,4872,4330,3789,3248,2706,2165,1624,1083,1624,2165,12449,11908,11367,10284,9743,9202,8660,8119,7578,7037,5413,4872,4330,3789,3248,2706,2165,1624,1083,541,1083,8119,7578,7037,6495,5954,5413,4872,4330,3789,3248,2706,2165,1624,1083,541,0,8119,7578,7037,6495,5954,5413,4872,4330,3789,3248,2706,2165,1624,1083,8660,8119,7578,7037,6495,5954,5413,4872,4330,3789,3248,2706,2165,1624,9202,8660,8119,7578,7037,6495,5954,5413,4872,4330,3789,3248,9202,8660,8119,7037,6495,5954,5413,4872,4330,3789,9743,9202,8660,7037,5954,5413
244,23275,22192,22734,33018,33559,34101,21651,22192,23816,26523,31936,33018,33559,23816,24358,25440,25981,26523,27605,28688,29229,29770,30312,30853,33018,33559,23275,26523,27064,27605,28147,29770,30312,30853,32477,33018,16780,17321,17862,18404,18945,19486,20027,20569,21110,21651,22192,22734,26523,27064,27605,29770,30312,31936,32477,16238,16780,17321,17862,18404,18945,20569,21110,24899,25440,25981,27064,27605,28688,29229,29770,30312,30853,31394,15697,16238,16780,17321,17862,18404,20027,20569,23275,23816,24358,27064,27605,28147,28688,13532,14073,14615,15156,15697,16780,17321,17862,18404,20027,21110,22734,23275,26523,27064,30853,31394,12449,12991,13532,14073,14615,16238,16780,17321,17862,19486,20027,20569,21110,30312,30853,11908,12449,15697,16238,16780,18945,19486,7037,15697,16238,16780,7037,6495,14615,15156,15697,8119,7578,7037,6495,11908,12449,13532,14073,8119,7578,7037,4330,4872,5413,5954,6495,9202,9743,10284,10826,11367,11908,12449,12991,7578,4330,4872,5413,5954,6495,8119,8660,9202,9743,10284,10826,11908,12449,7037,4872,5413,5954,6495,7037,7578,8119,8660,9202,9743,10284,11367,6495,5954,4330,3789,2165,2706,4330,4872,5413,5954,6495,7037,7578,8119,8660,9202,9743,10284,5413,4872,4330,3248,2706,2165,1624,1083,1624,2165,3789,4330,4872,5413,5954,6495,7037,7578,8119,8660,9202,1083,541,1083,1624,2165,2706,3248,3789,4330,4872,5413,5954,6495,7037,7578,8119,0,541,1083,1624,2165,2706,3248,3789,4330,4872,5413,5954,6495,7037,541,1083,1624,2165,2706,3248,3789,4330,4872,5413,5954,6495,7037,7578,1083,1624,2165,2706,3248,3789,4330,4872,5413,5954,6495,7037,2165,2706,3248,4330,4872,5413,5954,6495,7037,7578,2706,3248,3789,5413,6495,7037
245,22734,21651,22192,32477,33018,33559,21110,21651,23275,25981,31394,32477,33018,23275,23816,24899,25440,25981,27064,28147,28688,29229,29770,30312,32477,33018,22734,25981,26523,27064,27605,29229,29770,30312,31936,32477,16238,16780,17321,17862,18404,18945,19486,20027,20569,21110,21651,22192,25981,26523,27064,29229,29770,31394,31936,15697,16238,16780,17321,17862,18404,20027,20569,24358,24899,25440,26523,27064,28147,28688,29229,29770,30312,30853,15156,15697,16238,16780,17321,17862,19486,20027,22734,23275,23816,26523,27064,27605,28147,12991,13532,14073,14615,15156,16238,16780,17321,17862,19486,20569,22192,22734,25981,26523,30312,30853,11908,12449,12991,13532,14073,15697,16238,16780,17321,18945,19486,20027,20569,29770,30312,11367,11908,15156,15697,16238,18404,18945,7578,15156,15697,16238,7578,7037,14073,14615,15156,8660,8119,7578,7037,11367,11908,12991,13532,8660,8119,7578,3789,4330,4872,5413,5954,8660,9202,9743,10284,10826,11367,11908,12449,8119,3789,4330,4872,5413,5954,7578,8119,8660,9202,9743,10284,11367,11908,7578,4330,4872,5413,5954,6495,7037,7578,8119,8660,9202,9743,10826,7037,6495,4872,4330,1624,2165,3789,4330,4872,5413,5954,6495,7037,7578,8119,8660,9202,9743,5954,5413,4872,3789,3248,2706,2165,1624,1083,1624,3248,3789,4330,4872,5413,5954,6495,7037,7578,8119,8660,1624,1083,541,1083,1624,2165,2706,3248,3789,4330,4872,5413,5954,6495,7037,7578,541,0,541,1083,1624,2165,2706,3248,3789,4330,4872,5413,5954,6495,1083,541,1083,1624,2165,2706,3248,3789,4330,4872,5413,5954,6495,7037,1624,1083,1624,2165,2706,3248,3789,4330,4872,5413,5954,6495,1624,2165,2706,3789,4330,4872,5413,5954,6495,7037,2165,2706,3248,4872,5954,6495
246,22192,21110,21651,31936,32477,33018,20569,21110,22734,25440,30853,31936,32477,22734,23275,24358,24899,25440,26523,27605,28147,28688,29229,29770,31936,32477,22192,25440,25981,26523,27064,28688,29229,29770,31394,31936,15697,16238,16780,17321,17862,18404,18945,19486,20027,20569,21110,21651,25440,25981,26523,28688,29229,30853,31394,15156,15697,16238,16780,17321,17862,19486,20027,23816,24358,24899,25981,26523,27605,28147,28688,29229,29770,30312,14615,15156,15697,16238,16780,17321,18945,19486,22192,22734,23275,25981,26523,27064,27605,12449,12991,13532,14073,14615,15697,16238,16780,17321,18945,20027,21651,22192,25440,25981,29770,30312,11367,11908,12449,12991,13532,15156,15697,16238,16780,18404,18945,19486,20027,29229,29770,10826,11367,14615,15156,15697,17862,18404,8119,14615,15156,15697,8119,7578,13532,14073,14615,9202,8660,8119,7578,10826,11367,12449,12991,9202,8660,8119,3248,3789,4330,4872,5413,8119,8660,9202,9743,10284,10826,11367,11908,8660,3248,3789,4330,4872,5413,7037,7578,8119,8660,9202,9743,10826,11367,8119,3789,4330,4872,5413,5954,6495,7037,7578,8119,8660,9202,10284,7578,7037,5413,4872,2165,1624,3248,3789,4330,4872,5413,5954,6495,7037,7578,8119,8660,9202,6495,5954,5413,4330,3789,3248,2706,2165,1624,1083,2706,3248,3789,4330,4872,5413,5954,6495,7037,7578,8119,2165,1624,1083,541,1083,1624,2165,2706,3248,3789,4330,4872,5413,5954,6495,7037,1083,541,0,541,1083,1624,2165,2706,3248,3789,4330,4872,5413,5954,1624,1083,541,1083,1624,2165,2706,3248,3789,4330,4872,5413,5954,6495,2165,1624,1083,1624,2165,2706,3248,3789,4330,4872,5413,5954,2165,1624,2165,3248,3789,4330,4872,5413,5954,6495,2706,2165,2706,4330,5413,5954
247,21651,20569,21110,31394,31936,32477,20027,20569,22192,24899,30312,31394,31936,22192,22734,23816,24358,24899,25981,27064,27605,28147,28688,29229,31394,31936,21651,24899,25440,25981,26523,28147,28688,29229,30853,31394,15156,15697,16238,16780,17321,17862,18404,18945,19486,20027,20569,21110,24899,25440,25981,28147,28688,30312,30853,14615,15156,15697,16238,16780,17321,18945,19486,23275,23816,24358,25440,25981,27064,27605,28147,28688,29229,29770,14073,14615,15156,15697,16238,16780,18404,18945,21651,22192,22734,25440,25981,26523,27064,11908,12449,12991,13532,14073,15156,15697,16238,16780,18404,19486,21110,21651,24899,25440,29229,29770,10826,11367,11908,12449,12991,14615,15156,15697,16238,17862,18404,18945,19486,28688,29229,10284,10826,14073,14615,15156,17321,17862,8660,14073,14615,15156,8660,8119,12991,13532,14073,9743,9202,8660,8119,10284,10826,11908,12449,9743,9202,8660,3789,3248,3789,4330,4872,7578,8119,8660,9202,9743,10284,10826,11367,9202,2706,3248,3789,4330,4872,6495,7037,7578,8119,8660,9202,10284,10826,8660,3248,3789,4330,4872,5413,5954,6495,7037,7578,8119,8660,9743,8119,7578,5954,5413,2706,2165,2706,3248,3789,4330,4872,5413,5954,6495,7037,7578,8119,8660,7037,6495,5954,4872,4330,3789,3248,2706,2165,1624,2165,2706,3248,3789,4330,4872,5413,5954,6495,7037,7578,2706,2165,1624,1083,541,1083,1624,2165,2706,3248,3789,4330,4872,5413,5954,6495,1624,1083,541,0,541,1083,1624,2165,2706,3248,3789,4330,4872,5413,2165,1624,1083,541,1083,1624,2165,2706,3248,3789,4330,4872,5413,5954,2706,2165,1624,1083,1624,2165,2706,3248,3789,4330,4872,5413,2706,2165,1624,2706,3248,3789,4330,4872,5413,5954,3248,2706,2165,3789,4872,5413
248,21110,20027,20569,30853,31394,31936,19486,20027,21651,24358,29770,30853,31394,21651,22192,23275,23816,24358,25440,26523,27064,27605,28147,28688,30853,31394,21110,24358,24899,25440,25981,27605,28147,28688,30312,30853,14615,15156,15697,16238,16780,17321,17862,18404,18945,19486,20027,20569,24358,24899,25440,27605,28147,29770,30312,14073,14615,15156,15697,16238,16780,18404,18945,22734,23275,23816,24899,25440,26523,27064,27605,28147,28688,29229,13532,14073,14615,15156,15697,16238,17862,18404,21110,21651,22192,24899,25440,25981,26523,11367,11908,12449,12991,13532,14615,15156,15697,16238,17862,18945,20569,21110,24358,24899,28688,29229,10284,10826,11367,11908,12449,14073,14615,15156,15697,17321,17862,18404,18945,28147,28688,9743,10284,13532,14073,14615,16780,17321,9202,13532,14073,14615,9202,8660,12449,12991,13532,10284,9743,9202,8660,9743,10284,11367,11908,10284,9743,9202,4330,3789,3248,3789,4330,7037,7578,8119,8660,9202,9743,10284,10826,9743,3248,2706,3248,3789,4330,5954,6495,7037,7578,8119,8660,9743,10284,9202,2706,3248,3789,4330,4872,5413,5954,6495,7037,7578,8119,9202,8660,8119,6495,5954,3248,2706,2165,2706,3248,3789,4330,4872,5413,5954,6495,7037,7578,8119,7578,7037,6495,5413,4872,4330,3789,3248,2706,2165,1624,2165,2706,3248,3789,4330,4872,5413,5954,6495,7037,3248,2706,2165,1624,1083,541,1083,1624,2165,2706,3248,3789,4330,4872,5413,5954,2165,1624,1083,541,0,541,1083,1624,2165,2706,3248,3789,4330,4872,2706,2165,1624,1083,541,1083,1624,2165,2706,3248,3789,4330,4872,5413,3248,2706,2165,1624,1083,1624,2165,2706,3248,3789,4330,4872,3248,2706,2165,2165,2706,3248,3789,4330,4872,5413,3789,3248,2706,3248,4330,4872
249,20569,19486,20027,30312,30853,31394,18945,19486,21110,23816,29229,30312,30853,21110,21651,22734,23275,23816,24899,25981,26523,27064,27605,28147,30312,30853,20569,23816,24358,24899,25440,27064,27605,28147,29770,30312,14073,14615,15156,15697,16238,16780,17321,17862,18404,18945,19486,20027,23816,24358,24899,27064,27605,29229,29770,13532,14073,14615,15156,15697,16238,17862,18404,22192,22734,23275,24358,24899,25981,26523,27064,27605,28147,28688,12991,13532,14073,14615,15156,15697,17321,17862,20569,21110,21651,24358,24899,25440,25981,10826,11367,11908,12449,12991,14073,14615,15156,15697,17321,18404,20027,20569,23816,24358,28147,28688,9743,10284,10826,11367,11908,13532,14073,14615,15156,16780,17321,17862,18404,27605,28147,9202,9743,12991,13532,14073,16238,16780,9743,12991,13532,14073,9743,9202,11908,12449,12991,10826,10284,9743,9202,9202,9743,10826,11367,10826,10284,9743,4872,4330,3789,3248,3789,6495,7037,7578,8119,8660,9202,9743,10284,10284,3789,3248,2706,3248,3789,5413,5954,6495,7037,7578,8119,9202,9743,9743,2165,2706,3248,3789,4330,4872,5413,5954,6495,7037,7578,8660,9202,8660,7037,6495,3789,3248,1624,2165,2706,3248,3789,4330,4872,5413,5954,6495,7037,7578,8119,7578,7037,5954,5413,4872,4330,3789,3248,2706,1083,1624,2165,2706,3248,3789,4330,4872,5413,5954,6495,3789,3248,2706,2165,1624,1083,541,1083,1624,2165,2706,3248,3789,4330,4872,5413,2706,2165,1624,1083,541,0,541,1083,1624,2165,2706,3248,3789,4330,3248,2706,2165,1624,1083,541,1083,1624,2165,2706,3248,3789,4330,4872,3789,3248,2706,2165,1624,1083,1624,2165,2706,3248,3789,4330,3789,3248,2706,1624,2165,2706,3248,3789,4330,4872,4330,3789,3248,2706,3789,4330
250,20027,18945,19486,29770,30312,30853,18404,18945,20569,23275,28688,29770,30312,20569,21110,22192,22734,23275,24358,25440,25981,26523,27064,27605,29770,30312,20027,23275,23816,24358,24899,26523,27064,27605,29229,29770,13532,14073,14615,15156,15697,16238,16780,17321,17862,18404,18945,19486,23275,23816,24358,26523,27064,28688,29229,12991,13532,14073,14615,15156,15697,17321,17862,21651,22192,22734,23816,24358,25440,25981,26523,27064,27605,28147,12449,12991,13532,14073,14615,15156,16780,17321,20027,20569,21110,23816,24358,24899,25440,10284,10826,11367,11908,12449,13532,14073,14615,15156,16780,17862,19486,20027,23275,23816,27605,28147,9202,9743,10284,10826,11367,12991,13532,14073,14615,16238,16780,17321,17862,27064,27605,8660,9202,12449,12991,13532,15697,16238,10284,12449,12991,13532,10284,9743,11367,11908,12449,11367,10826,10284,9743,8660,9202,10284,10826,11367,10826,10284,5413,4872,4330,3789,3248,5954,6495,7037,7578,8119,8660,9202,9743,10826,4330,3789,3248,2706,3248,4872,5413,5954,6495,7037,7578,8660,9202,10284,2706,2165,2706,3248,3789,4330,4872,5413,5954,6495,7037,8119,9743,9202,7578,7037,4330,3789,2165,1624,2165,2706,3248,3789,4330,4872,5413,5954,6495,7037,8660,8119,7578,6495,5954,5413,4872,4330,3789,3248,1624,1083,1624,2165,2706,3248,3789,4330,4872,5413,5954,4330,3789,3248,2706,2165,1624,1083,541,1083,1624,2165,2706,3248,3789,4330,4872,3248,2706,2165,1624,1083,541,0,541,1083,1624,2165,2706,3248,3789,3789,3248,2706,2165,1624,1083,541,1083,1624,2165,2706,3248,3789,4330,4330,3789,3248,2706,2165,1624,1083,1624,2165,2706,3248,3789,4330,3789,3248,2165,1624,2165,2706,3248,3789,4330,4872,4330,3789,2165,3248,3789
251,19486,18404,18945,29229,29770,30312,17862,18404,20027,22734,28147,29229,29770,20027,20569,21651,22192,22734,23816,24899,25440,25981,26523,27064,29229,29770,19486,22734,23275,23816,24358,25981,26523,27064,28688,29229,12991,13532,14073,14615,15156,15697,16238,16780,17321,17862,18404,18945,22734,23275,23816,25981,26523,28147,28688,12449,12991,13532,14073,14615,15156,16780,17321,21110,21651,22192,23275,23816,24899,25440,25981,26523,27064,27605,11908,12449,12991,13532,14073,14615,16238,16780,19486,20027,20569,23275,23816,24358,24899,9743,10284,10826,11367,11908,12991,13532,14073,14615,16238,17321,18945,19486,22734,23275,27064,27605,8660,9202,9743,10284,10826,12449,12991,13532,14073,15697,16238,16780,17321,26523,27064,8119,8660,11908,12449,12991,15156,15697,10826,11908,12449,12991,10826,10284,10826,11367,11908,11908,11367,10826,10284,8119,8660,9743,10284,11908,11367,10826,5954,5413,4872,4330,3789,5413,5954,6495,7037,7578,8119,8660,9202,11367,4872,4330,3789,3248,2706,4330,4872,5413,5954,6495,7037,8119,8660,10826,3248,2706,2165,2706,3248,3789,4330,4872,5413,5954,6495,7578,10284,9743,8119,7578,4872,4330,2706,2165,1624,2165,2706,3248,3789,4330,4872,5413,5954,6495,9202,8660,8119,7037,6495,5954,5413,4872,4330,3789,2165,1624,1083,1624,2165,2706,3248,3789,4330,4872,5413,4872,4330,3789,3248,2706,2165,1624,1083,541,1083,1624,2165,2706,3248,3789,4330,3789,3248,2706,2165,1624,1083,541,0,541,1083,1624,2165,2706,3248,4330,3789,3248,2706,2165,1624,1083,541,1083,1624,2165,2706,3248,3789,4872,4330,3789,3248,2706,2165,1624,1083,1624,2165,2706,3248,4872,4330,3789,2706,2165,1624,2165,2706,3248,3789,5413,4872,4330,2706,2706,3248
252,18945,17862,18404,28688,29229,29770,17321,17862,19486,22192,27605,28688,29229,19486,20027,21110,21651,22192,23275,24358,24899,25440,25981,26523,28688,29229,18945,22192,22734,23275,23816,25440,25981,26523,28147,28688,12449,12991,13532,14073,14615,15156,15697,16238,16780,17321,17862,18404,22192,22734,23275,25440,25981,27605,28147,11908,12449,12991,13532,14073,14615,16238,16780,20569,21110,21651,22734,23275,24358,24899,25440,25981,26523,27064,11367,11908,12449,12991,13532,14073,15697,16238,18945,19486,20027,22734,23275,23816,24358,9202,9743,10284,10826,11367,12449,12991,13532,14073,15697,16780,18404,18945,22192,22734,26523,27064,8119,8660,9202,9743,10284,11908,12449,12991,13532,15156,15697,16238,16780,25981,26523,7578,8119,11367,11908,12449,14615,15156,11367,11367,11908,12449,11367,10826,10284,10826,11367,12449,11908,11367,10826,7578,8119,9202,9743,12449,11908,11367,6495,5954,5413,4872,4330,4872,5413,5954,6495,7037,7578,8119,8660,11908,5413,4872,4330,3789,3248,3789,4330,4872,5413,5954,6495,7578,8119,11367,3789,3248,2706,2165,2706,3248,3789,4330,4872,5413,5954,7037,10826,10284,8660,8119,5413,4872,3248,2706,2165,1624,2165,2706,3248,3789,4330,4872,5413,5954,9743,9202,8660,7578,7037,6495,5954,5413,4872,4330,2706,2165,1624,1083,1624,2165,2706,3248,3789,4330,4872,5413,4872,4330,3789,3248,2706,2165,1624,1083,541,1083,1624,2165,2706,3248,3789,4330,3789,3248,2706,2165,1624,1083,541,0,541,1083,1624,2165,2706,4872,4330,3789,3248,2706,2165,1624,1083,541,1083,1624,2165,2706,3248,5413,4872,4330,3789,3248,2706,2165,1624,1083,1624,2165,2706,5413,4872,4330,3248,2706,2165,1624,2165,2706,3248,5954,5413,4872,3248,2165,2706
253,18404,17321,17862,28147,28688,29229,16780,17321,18945,21651,27064,28147,28688,18945,19486,20569,21110,21651,22734,23816,24358,24899,25440,25981,28147,28688,18404,21651,22192,22734,23275,24899,25440,25981,27605,28147,11908,12449,12991,13532,14073,14615,15156,15697,16238,16780,17321,17862,21651,22192,22734,24899,25440,27064,27605,11367,11908,12449,12991,13532,14073,15697,16238,20027,20569,21110,22192,22734,23816,24358,24899,25440,25981,26523,10826,11367,11908,12449,12991,13532,15156,15697,18404,18945,19486,22192,22734,23275,23816,8660,9202,9743,10284,10826,11908,12449,12991,13532,15156,16238,17862,18404,21651,22192,25981,26523,7578,8119,8660,9202,9743,11367,11908,12449,12991,14615,15156,15697,16238,25440,25981,7037,7578,10826,11367,11908,14073,14615,11908,10826,11367,11908,11908,11367,9743,10284,10826,12991,12449,11908,11367,7037,7578,8660,9202,12991,12449,11908,7037,6495,5954,5413,4872,4330,4872,5413,5954,6495,7037,7578,8119,12449,5954,5413,4872,4330,3789,3248,3789,4330,4872,5413,5954,7037,7578,11908,4330,3789,3248,2706,2165,2706,3248,3789,4330,4872,5413,6495,11367,10826,9202,8660,5954,5413,3789,3248,2706,2165,1624,2165,2706,3248,3789,4330,4872,5413,10284,9743,9202,8119,7578,7037,6495,5954,5413,4872,3248,2706,2165,1624,1083,1624,2165,2706,3248,3789,4330,5954,5413,4872,4330,3789,3248,2706,2165,1624,1083,541,1083,1624,2165,2706,3248,4872,4330,3789,3248,2706,2165,1624,1083,541,0,541,1083,1624,2165,5413,4872,4330,3789,3248,2706,2165,1624,1083,541,1083,1624,2165,2706,5954,5413,4872,4330,3789,3248,2706,2165,1624,1083,1624,2165,5954,5413,4872,3789,3248,2706,2165,1624,2165,2706,6495,5954,5413,3789,2706,2165
254,17862,16780,17321,27605,28147,28688,16238,16780,18404,21110,26523,27605,28147,18404,18945,20027,20569,21110,22192,23275,23816,24358,24899,25440,27605,28147,17862,21110,21651,22192,22734,24358,24899,25440,27064,27605,11367,11908,12449,12991,13532,14073,14615,15156,15697,16238,16780,17321,21110,21651,22192,24358,24899,26523,27064,10826,11367,11908,12449,12991,13532,15156,15697,19486,20027,20569,21651,22192,23275,23816,24358,24899,25440,25981,10284,10826,11367,11908,12449,12991,14615,15156,17862,18404,18945,21651,22192,22734,23275,8119,8660,9202,9743,10284,11367,11908,12449,12991,14615,15697,17321,17862,21110,21651,25440,25981,7037,7578,8119,8660,9202,10826,11367,11908,12449,14073,14615,15156,15697,24899,25440,6495,7037,10284,10826,11367,13532,14073,12449,10284,10826,11367,12449,11908,9202,9743,10284,13532,12991,12449,11908,6495,7037,8119,8660,13532,12991,12449,7578,7037,6495,5954,5413,3789,4330,4872,5413,5954,6495,7037,7578,12991,6495,5954,5413,4872,4330,2706,3248,3789,4330,4872,5413,6495,7037,12449,4872,4330,3789,3248,2706,2165,2706,3248,3789,4330,4872,5954,11908,11367,9743,9202,6495,5954,4330,3789,3248,2706,2165,1624,2165,2706,3248,3789,4330,4872,10826,10284,9743,8660,8119,7578,7037,6495,5954,5413,3789,3248,2706,2165,1624,1083,1624,2165,2706,3248,3789,6495,5954,5413,4872,4330,3789,3248,2706,2165,1624,1083,541,1083,1624,2165,2706,5413,4872,4330,3789,3248,2706,2165,1624,1083,541,0,541,1083,1624,5954,5413,4872,4330,3789,3248,2706,2165,1624,1083,541,1083,1624,2165,6495,5954,5413,4872,4330,3789,3248,2706,2165,1624,1083,1624,6495,5954,5413,4330,3789,3248,2706,2165,1624,2165,7037,6495,5954,4330,3248,2706
255,17321,16238,16780,27064,27605,28147,15697,16238,17862,20569,25981,27064,27605,17862,18404,19486,20027,20569,21651,22734,23275,23816,24358,24899,27064,27605,17321,20569,21110,21651,22192,23816,24358,24899,26523,27064,10826,11367,11908,12449,12991,13532,14073,14615,15156,15697,16238,16780,20569,21110,21651,23816,24358,25981,26523,10284,10826,11367,11908,12449,12991,14615,15156,18945,19486,20027,21110,21651,22734,23275,23816,24358,24899,25440,9743,10284,10826,11367,11908,12449,14073,14615,17321,17862,18404,21110,21651,22192,22734,7578,8119,8660,9202,9743,10826,11367,11908,12449,14073,15156,16780,17321,20569,21110,24899,25440,6495,7037,7578,8119,8660,10284,10826,11367,11908,13532,14073,14615,15156,24358,24899,5954,6495,9743,10284,10826,12991,13532,12991,9743,10284,10826,12991,12449,8660,9202,9743,14073,13532,12991,12449,5954,6495,7578,8119,14073,13532,12991,8119,7578,7037,6495,5954,3248,3789,4330,4872,5413,5954,6495,7037,13532,7037,6495,5954,5413,4872,3248,2706,3248,3789,4330,4872,5954,6495,12991,5413,4872,4330,3789,3248,2706,2165,2706,3248,3789,4330,5413,12449,11908,10284,9743,7037,6495,4872,4330,3789,3248,2706,2165,1624,2165,2706,3248,3789,4330,11367,10826,10284,9202,8660,8119,7578,7037,6495,5954,4330,3789,3248,2706,2165,1624,1083,1624,2165,2706,3248,7037,6495,5954,5413,4872,4330,3789,3248,2706,2165,1624,1083,541,1083,1624,2165,5954,5413,4872,4330,3789,3248,2706,2165,1624,1083,541,0,541,1083,6495,5954,5413,4872,4330,3789,3248,2706,2165,1624,1083,541,1083,1624,7037,6495,5954,5413,4872,4330,3789,3248,2706,2165,1624,1083,7037,6495,5954,4872,4330,3789,3248,2706,2165,1624,7578,7037,6495,4872,3789,3248
256,16780,15697,16238,26523,27064,27605,15156,15697,17321,20027,25440,26523,27064,17321,17862,18945,19486,20027,21110,22192,22734,23275,23816,24358,26523,27064,16780,20027,20569,21110,21651,23275,23816,24358,25981,26523,10284,10826,11367,11908,12449,12991,13532,14073,14615,15156,15697,16238,20027,20569,21110,23275,23816,25440,25981,9743,10284,10826,11367,11908,12449,14073,14615,18404,18945,19486,20569,21110,22192,22734,23275,23816,24358,24899,9202,9743,10284,10826,11367,11908,13532,14073,16780,17321,17862,20569,21110,21651,22192,7037,7578,8119,8660,9202,10284,10826,11367,11908,13532,14615,16238,16780,20027,20569,24358,24899,5954,6495,7037,7578,8119,9743,10284,10826,11367,12991,13532,14073,14615,23816,24358,5413,5954,9202,9743,10284,12449,12991,13532,9202,9743,10284,13532,12991,8119,8660,9202,14615,14073,13532,12991,5413,5954,7037,7578,14615,14073,13532,8660,8119,7578,7037,6495,3789,3248,3789,4330,4872,5413,5954,6495,14073,7578,7037,6495,5954,5413,3789,3248,2706,3248,3789,4330,5413,5954,13532,5954,5413,4872,4330,3789,3248,2706,2165,2706,3248,3789,4872,12991,12449,10826,10284,7578,7037,5413,4872,4330,3789,3248,2706,2165,1624,2165,2706,3248,3789,11908,11367,10826,9743,9202,8660,8119,7578,7037,6495,4872,4330,3789,3248,2706,2165,1624,1083,1624,2165,2706,7578,7037,6495,5954,5413,4872,4330,3789,3248,2706,2165,1624,1083,541,1083,1624,6495,5954,5413,4872,4330,3789,3248,2706,2165,1624,1083,541,0,541,7037,6495,5954,5413,4872,4330,3789,3248,2706,2165,1624,1083,541,1083,7578,7037,6495,5954,5413,4872,4330,3789,3248,2706,2165,1624,7578,7037,6495,5413,4872,4330,3789,3248,2706,2165,8119,7578,7037,5413,4330,3789
257,16238,15156,15697,25981,26523,27064,14615,15156,16780,19486,24899,25981,26523,16780,17321,18404,18945,19486,20569,21651,22192,22734,23275,23816,25981,26523,16238,19486,20027,20569,21110,22734,23275,23816,25440,25981,9743,10284,10826,11367,11908,12449,12991,13532,14073,14615,15156,15697,19486,20027,20569,22734,23275,24899,25440,9202,9743,10284,10826,11367,11908,13532,14073,17862,18404,18945,20027,20569,21651,22192,22734,23275,23816,24358,8660,9202,9743,10284,10826,11367,12991,13532,16238,16780,17321,20027,20569,21110,21651,6495,7037,7578,8119,8660,9743,10284,10826,11367,12991,14073,15697,16238,19486,20027,23816,24358,6495,5954,6495,7037,7578,9202,9743,10284,10826,12449,12991,13532,14073,23275,23816,5954,5413,8660,9202,9743,11908,12449,14073,8660,9202,9743,14073,13532,7578,8119,8660,15156,14615,14073,13532,4872,5413,6495,7037,15156,14615,14073,9202,8660,8119,7578,7037,4330,3789,3248,3789,4330,4872,5413,5954,14615,8119,7578,7037,6495,5954,4330,3789,3248,2706,3248,3789,4872,5413,14073,6495,5954,5413,4872,4330,3789,3248,2706,2165,2706,3248,4330,13532,12991,11367,10826,8119,7578,5954,5413,4872,4330,3789,3248,2706,2165,1624,2165,2706,3248,12449,11908,11367,10284,9743,9202,8660,8119,7578,7037,5413,4872,4330,3789,3248,2706,2165,1624,1083,1624,2165,8119,7578,7037,6495,5954,5413,4872,4330,3789,3248,2706,2165,1624,1083,541,1083,7037,6495,5954,5413,4872,4330,3789,3248,2706,2165,1624,1083,541,0,7578,7037,6495,5954,5413,4872,4330,3789,3248,2706,2165,1624,1083,541,8119,7578,7037,6495,5954,5413,4872,4330,3789,3248,2706,2165,8119,7578,7037,5954,5413,4872,4330,3789,3248,2706,8660,8119,7578,5954,4872,4330
258,23816,22734,23275,33559,34101,34642,22192,22734,24358,27064,32477,33559,34101,24358,24899,25981,26523,27064,28147,29229,29770,30312,30853,31394,33559,34101,23816,27064,27605,28147,28688,30312,30853,31394,33018,33559,17321,17862,18404,18945,19486,20027,20569,21110,21651,22192,22734,23275,27064,27605,28147,30312,30853,32477,33018,16780,17321,17862,18404,18945,19486,21110,21651,25440,25981,26523,27605,28147,29229,29770,30312,30853,31394,31936,16238,16780,17321,17862,18404,18945,20569,21110,23816,24358,24899,27605,28147,28688,29229,14073,14615,15156,15697,16238,17321,17862,18404,18945,20569,21651,23275,23816,27064,27605,31394,31936,12991,13532,14073,14615,15156,16780,17321,17862,18404,20027,20569,21110,21651,30853,31394,12449,12991,16238,16780,17321,19486,20027,7578,16238,16780,17321,7578,7037,15156,15697,16238,8660,8119,7578,7037,12449,12991,14073,14615,8660,8119,7578,4872,5413,5954,6495,7037,9743,10284,10826,11367,11908,12449,12991,13532,8119,4872,5413,5954,6495,7037,8660,9202,9743,10284,10826,11367,12449,12991,7578,5413,5954,6495,7037,7578,8119,8660,9202,9743,10284,10826,11908,7037,6495,4872,4330,2706,3248,4872,5413,5954,6495,7037,7578,8119,8660,9202,9743,10284,10826,5954,5413,4872,3789,3248,2706,2165,1624,2165,2706,4330,4872,5413,5954,6495,7037,7578,8119,8660,9202,9743,1624,1083,1624,2165,2706,3248,3789,4330,4872,5413,5954,6495,7037,7578,8119,8660,541,1083,1624,2165,2706,3248,3789,4330,4872,5413,5954,6495,7037,7578,0,541,1083,1624,2165,2706,3248,3789,4330,4872,5413,5954,6495,7037,541,1083,1624,2165,2706,3248,3789,4330,4872,5413,5954,6495,1624,2165,2706,3789,4330,4872,5413,5954,6495,7037,2165,2706,3248,4872,5954,6495
259,23275,22192,22734,33018,33559,34101,21651,22192,23816,26523,31936,33018,33559,23816,24358,25440,25981,26523,27605,28688,29229,29770,30312,30853,33018,33559,23275,26523,27064,27605,28147,29770,30312,30853,32477,33018,16780,17321,17862,18404,18945,19486,20027,20569,21110,21651,22192,22734,26523,27064,27605,29770,30312,31936,32477,16238,16780,17321,17862,18404,18945,20569,21110,24899,25440,25981,27064,27605,28688,29229,29770,30312,30853,31394,15697,16238,16780,17321,17862,18404,20027,20569,23275,23816,24358,27064,27605,28147,28688,13532,14073,14615,15156,15697,16780,17321,17862,18404,20027,21110,22734,23275,26523,27064,30853,31394,12449,12991,13532,14073,14615,16238,16780,17321,17862,19486,20027,20569,21110,30312,30853,11908,12449,15697,16238,16780,18945,19486,8119,15697,16238,16780,8119,7578,14615,15156,15697,9202,8660,8119,7578,11908,12449,13532,14073,9202,8660,8119,4330,4872,5413,5954,6495,9202,9743,10284,10826,11367,11908,12449,12991,8660,4330,4872,5413,5954,6495,8119,8660,9202,9743,10284,10826,11908,12449,8119,4872,5413,5954,6495,7037,7578,8119,8660,9202,9743,10284,11367,7578,7037,5413,4872,2165,2706,4330,4872,5413,5954,6495,7037,7578,8119,8660,9202,9743,10284,6495,5954,5413,4330,3789,3248,2706,2165,1624,2165,3789,4330,4872,5413,5954,6495,7037,7578,8119,8660,9202,2165,1624,1083,1624,2165,2706,3248,3789,4330,4872,5413,5954,6495,7037,7578,8119,1083,541,1083,1624,2165,2706,3248,3789,4330,4872,5413,5954,6495,7037,541,0,541,1083,1624,2165,2706,3248,3789,4330,4872,5413,5954,6495,1083,541,1083,1624,2165,2706,3248,3789,4330,4872,5413,5954,1083,1624,2165,3248,3789,4330,4872,5413,5954,6495,1624,2165,2706,4330,5413,5954
260,22734,21651,22192,32477,33018,33559,21110,21651,23275,25981,31394,32477,33018,23275,23816,24899,25440,25981,27064,28147,28688,29229,29770,30312,32477,33018,22734,25981,26523,27064,27605,29229,29770,30312,31936,32477,16238,16780,17321,17862,18404,18945,19486,20027,20569,21110,21651,22192,25981,26523,27064,29229,29770,31394,31936,15697,16238,16780,17321,17862,18404,20027,20569,24358,24899,25440,26523,27064,28147,28688,29229,29770,30312,30853,15156,15697,16238,16780,17321,17862,19486,20027,22734,23275,23816,26523,27064,27605,28147,12991,13532,14073,14615,15156,16238,16780,17321,17862,19486,20569,22192,22734,25981,26523,30312,30853,11908,12449,12991,13532,14073,15697,16238,16780,17321,18945,19486,20027,20569,29770,30312,11367,11908,15156,15697,16238,18404,18945,8660,15156,15697,16238,8660,8119,14073,14615,15156,9743,9202,8660,8119,11367,11908,12991,13532,9743,9202,8660,3789,4330,4872,5413,5954,8660,9202,9743,10284,10826,11367,11908,12449,9202,3789,4330,4872,5413,5954,7578,8119,8660,9202,9743,10284,11367,11908,8660,4330,4872,5413,5954,6495,7037,7578,8119,8660,9202,9743,10826,8119,7578,5954,5413,2706,2165,3789,4330,4872,5413,5954,6495,7037,7578,8119,8660,9202,9743,7037,6495,5954,4872,4330,3789,3248,2706,2165,1624,3248,3789,4330,4872,5413,5954,6495,7037,7578,8119,8660,2706,2165,1624,1083,1624,2165,2706,3248,3789,4330,4872,5413,5954,6495,7037,7578,1624,1083,541,1083,1624,2165,2706,3248,3789,4330,4872,5413,5954,6495,1083,541,0,541,1083,1624,2165,2706,3248,3789,4330,4872,5413,5954,1624,1083,541,1083,1624,2165,2706,3248,3789,4330,4872,5413,1624,1083,1624,2706,3248,3789,4330,4872,5413,5954,2165,1624,2165,3789,4872,5413
261,22192,21110,21651,31936,32477,33018,20569,21110,22734,25440,30853,31936,32477,22734,23275,24358,24899,25440,26523,27605,28147,28688,29229,29770,31936,32477,22192,25440,25981,26523,27064,28688,29229,29770,31394,31936,15697,16238,16780,17321,17862,18404,18945,19486,20027,20569,21110,21651,25440,25981,26523,28688,29229,30853,31394,15156,15697,16238,16780,17321,17862,19486,20027,23816,24358,24899,25981,26523,27605,28147,28688,29229,29770,30312,14615,15156,15697,16238,16780,17321,18945,19486,22192,22734,23275,25981,26523,27064,27605,12449,12991,13532,14073,14615,15697,16238,16780,17321,18945,20027,21651,22192,25440,25981,29770,30312,11367,11908,12449,12991,13532,15156,15697,16238,16780,18404,18945,19486,20027,29229,29770,10826,11367,14615,15156,15697,17862,18404,9202,14615,15156,15697,9202,8660,13532,14073,14615,10284,9743,9202,8660,10826,11367,12449,12991,10284,9743,9202,4330,3789,4330,4872,5413,8119,8660,9202,9743,10284,10826,11367,11908,9743,3248,3789,4330,4872,5413,7037,7578,8119,8660,9202,9743,10826,11367,9202,3789,4330,4872,5413,5954,6495,7037,7578,8119,8660,9202,10284,8660,8119,6495,5954,3248,2706,3248,3789,4330,4872,5413,5954,6495,7037,7578,8119,8660,9202,7578,7037,6495,5413,4872,4330,3789,3248,2706,2165,2706,3248,3789,4330,4872,5413,5954,6495,7037,7578,8119,3248,2706,2165,1624,1083,1624,2165,2706,3248,3789,4330,4872,5413,5954,6495,7037,2165,1624,1083,541,1083,1624,2165,2706,3248,3789,4330,4872,5413,5954,1624,1083,541,0,541,1083,1624,2165,2706,3248,3789,4330,4872,5413,2165,1624,1083,541,1083,1624,2165,2706,3248,3789,4330,4872,2165,1624,1083,2165,2706,3248,3789,4330,4872,5413,2706,2165,1624,3248,4330,4872
262,21651,20569,21110,31394,31936,32477,20027,20569,22192,24899,30312,31394,31936,22192,22734,23816,24358,24899,25981,27064,27605,28147,28688,29229,31394,31936,21651,24899,25440,25981,26523,28147,28688,29229,30853,31394,15156,15697,16238,16780,17321,17862,18404,18945,19486,20027,20569,21110,24899,25440,25981,28147,28688,30312,30853,14615,15156,15697,16238,16780,17321,18945,19486,23275,23816,24358,25440,25981,27064,27605,28147,28688,29229,29770,14073,14615,15156,15697,16238,16780,18404,18945,21651,22192,22734,25440,25981,26523,27064,11908,12449,12991,13532,14073,15156,15697,16238,16780,18404,19486,21110,21651,24899,25440,29229,29770,10826,11367,11908,12449,12991,14615,15156,15697,16238,17862,18404,18945,19486,28688,29229,10284,10826,14073,14615,15156,17321,17862,9743,14073,14615,15156,9743,9202,12991,13532,14073,10826,10284,9743,9202,10284,10826,11908,12449,10826,10284,9743,4872,4330,3789,4330,4872,7578,8119,8660,9202,9743,10284,10826,11367,10284,3789,3248,3789,4330,4872,6495,7037,7578,8119,8660,9202,10284,10826,9743,3248,3789,4330,4872,5413,5954,6495,7037,7578,8119,8660,9743,9202,8660,7037,6495,3789,3248,2706,3248,3789,4330,4872,5413,5954,6495,7037,7578,8119,8660,8119,7578,7037,5954,5413,4872,4330,3789,3248,2706,2165,2706,3248,3789,4330,4872,5413,5954,6495,7037,7578,3789,3248,2706,2165,1624,1083,1624,2165,2706,3248,3789,4330,4872,5413,5954,6495,2706,2165,1624,1083,541,1083,1624,2165,2706,3248,3789,4330,4872,5413,2165,1624,1083,541,0,541,1083,1624,2165,2706,3248,3789,4330,4872,2706,2165,1624,1083,541,1083,1624,2165,2706,3248,3789,4330,2706,2165,1624,1624,2165,2706,3248,3789,4330,4872,3248,2706,2165,2706,3789,4330
263,21110,20027,20569,30853,31394,31936,19486,20027,21651,24358,29770,30853,31394,21651,22192,23275,23816,24358,25440,26523,27064,27605,28147,28688,30853,31394,21110,24358,24899,25440,25981,27605,28147,28688,30312,30853,14615,15156,15697,16238,16780,17321,17862,18404,18945,19486,20027,20569,24358,24899,25440,27605,28147,29770,30312,14073,14615,15156,15697,16238,16780,18404,18945,22734,23275,23816,24899,25440,26523,27064,27605,28147,28688,29229,13532,14073,14615,15156,15697,16238,17862,18404,21110,21651,22192,24899,25440,25981,26523,11367,11908,12449,12991,13532,14615,15156,15697,16238,17862,18945,20569,21110,24358,24899,28688,29229,10284,10826,11367,11908,12449,14073,14615,15156,15697,17321,17862,18404,18945,28147,28688,9743,10284,13532,14073,14615,16780,17321,10284,13532,14073,14615,10284,9743,12449,12991,13532,11367,10826,10284,9743,9743,10284,11367,11908,11367,10826,10284,5413,4872,4330,3789,4330,7037,7578,8119,8660,9202,9743,10284,10826,10826,4330,3789,3248,3789,4330,5954,6495,7037,7578,8119,8660,9743,10284,10284,2706,3248,3789,4330,4872,5413,5954,6495,7037,7578,8119,9202,9743,9202,7578,7037,4330,3789,2165,2706,3248,3789,4330,4872,5413,5954,6495,7037,7578,8119,8660,8119,7578,6495,5954,5413,4872,4330,3789,3248,1624,2165,2706,3248,3789,4330,4872,5413,5954,6495,7037,4330,3789,3248,2706,2165,1624,1083,1624,2165,2706,3248,3789,4330,4872,5413,5954,3248,2706,2165,1624,1083,541,1083,1624,2165,2706,3248,3789,4330,4872,2706,2165,1624,1083,541,0,541,1083,1624,2165,2706,3248,3789,4330,3248,2706,2165,1624,1083,541,1083,1624,2165,2706,3248,3789,3248,2706,2165,1083,1624,2165,2706,3248,3789,4330,3789,3248,2706,2165,3248,3789
264,20569,19486,20027,30312,30853,31394,18945,19486,21110,23816,29229,30312,30853,21110,21651,22734,23275,23816,24899,25981,26523,27064,27605,28147,30312,30853,20569,23816,24358,24899,25440,27064,27605,28147,29770,30312,14073,14615,15156,15697,16238,16780,17321,17862,18404,18945,19486,20027,23816,24358,24899,27064,27605,29229,29770,13532,14073,14615,15156,15697,16238,17862,18404,22192,22734,23275,24358,24899,25981,26523,27064,27605,28147,28688,12991,13532,14073,14615,15156,15697,17321,17862,20569,21110,21651,24358,24899,25440,25981,10826,11367,11908,12449,12991,14073,14615,15156,15697,17321,18404,20027,20569,23816,24358,28147,28688,9743,10284,10826,11367,11908,13532,14073,14615,15156,16780,17321,17862,18404,27605,28147,9202,9743,12991,13532,14073,16238,16780,10826,12991,13532,14073,10826,10284,11908,12449,12991,11908,11367,10826,10284,9202,9743,10826,11367,11908,11367,10826,5954,5413,4872,4330,3789,6495,7037,7578,8119,8660,9202,9743,10284,11367,4872,4330,3789,3248,3789,5413,5954,6495,7037,7578,8119,9202,9743,10826,3248,2706,3248,3789,4330,4872,5413,5954,6495,7037,7578,8660,10284,9743,8119,7578,4872,4330,2706,2165,2706,3248,3789,4330,4872,5413,5954,6495,7037,7578,9202,8660,8119,7037,6495,5954,5413,4872,4330,3789,2165,1624,2165,2706,3248,3789,4330,4872,5413,5954,6495,4872,4330,3789,3248,2706,2165,1624,1083,1624,2165,2706,3248,3789,4330,4872,5413,3789,3248,2706,2165,1624,1083,541,1083,1624,2165,2706,3248,3789,4330,3248,2706,2165,1624,1083,541,0,541,1083,1624,2165,2706,3248,3789,3789,3248,2706,2165,1624,1083,541,1083,1624,2165,2706,3248,3789,3248,2706,1624,1083,1624,2165,2706,3248,3789,4330,3789,3248,1624,2706,3248
265,20027,18945,19486,29770,30312,30853,18404,18945,20569,23275,28688,29770,30312,20569,21110,22192,22734,23275,24358,25440,25981,26523,27064,27605,29770,30312,20027,23275,23816,24358,24899,26523,27064,27605,29229,29770,13532,14073,14615,15156,15697,16238,16780,17321,17862,18404,18945,19486,23275,23816,24358,26523,27064,28688,29229,12991,13532,14073,14615,15156,15697,17321,17862,21651,22192,22734,23816,24358,25440,25981,26523,27064,27605,28147,12449,12991,13532,14073,14615,15156,16780,17321,20027,20569,21110,23816,24358,24899,25440,10284,10826,11367,11908,12449,13532,14073,14615,15156,16780,17862,19486,20027,23275,23816,27605,28147,9202,9743,10284,10826,11367,12991,13532,14073,14615,16238,16780,17321,17862,27064,27605,8660,9202,12449,12991,13532,15697,16238,11367,12449,12991,13532,11367,10826,11367,11908,12449,12449,11908,11367,10826,8660,9202,10284,10826,12449,11908,11367,6495,5954,5413,4872,4330,5954,6495,7037,7578,8119,8660,9202,9743,11908,5413,4872,4330,3789,3248,4872,5413,5954,6495,7037,7578,8660,9202,11367,3789,3248,2706,3248,3789,4330,4872,5413,5954,6495,7037,8119,10826,10284,8660,8119,5413,4872,3248,2706,2165,2706,3248,3789,4330,4872,5413,5954,6495,7037,9743,9202,8660,7578,7037,6495,5954,5413,4872,4330,2706,2165,1624,2165,2706,3248,3789,4330,4872,5413,5954,5413,4872,4330,3789,3248,2706,2165,1624,1083,1624,2165,2706,3248,3789,4330,4872,4330,3789,3248,2706,2165,1624,1083,541,1083,1624,2165,2706,3248,3789,3789,3248,2706,2165,1624,1083,541,0,541,1083,1624,2165,2706,3248,4330,3789,3248,2706,2165,1624,1083,541,1083,1624,2165,2706,4330,3789,3248,2165,1624,1083,1624,2165,2706,3248,4872,4330,3789,2165,2165,2706
266,19486,18404,18945,29229,29770,30312,17862,18404,20027,22734,28147,29229,29770,20027,20569,21651,22192,22734,23816,24899,25440,25981,26523,27064,29229,29770,19486,22734,23275,23816,24358,25981,26523,27064,28688,29229,12991,13532,14073,14615,15156,15697,16238,16780,17321,17862,18404,18945,22734,23275,23816,25981,26523,28147,28688,12449,12991,13532,14073,14615,15156,16780,17321,21110,21651,22192,23275,23816,24899,25440,25981,26523,27064,27605,11908,12449,12991,13532,14073,14615,16238,16780,19486,20027,20569,23275,23816,24358,24899,9743,10284,10826,11367,11908,12991,13532,14073,14615,16238,17321,18945,19486,22734,23275,27064,27605,8660,9202,9743,10284,10826,12449,12991,13532,14073,15697,16238,16780,17321,26523,27064,8119,8660,11908,12449,12991,15156,15697,11908,11908,12449,12991,11908,11367,10826,11367,11908,12991,12449,11908,11367,8119,8660,9743,10284,12991,12449,11908,7037,6495,5954,5413,4872,5413,5954,6495,7037,7578,8119,8660,9202,12449,5954,5413,4872,4330,3789,4330,4872,5413,5954,6495,7037,8119,8660,11908,4330,3789,3248,2706,3248,3789,4330,4872,5413,5954,6495,7578,11367,10826,9202,8660,5954,5413,3789,3248,2706,2165,2706,3248,3789,4330,4872,5413,5954,6495,10284,9743,9202,8119,7578,7037,6495,5954,5413,4872,3248,2706,2165,1624,2165,2706,3248,3789,4330,4872,5413,5954,5413,4872,4330,3789,3248,2706,2165,1624,1083,1624,2165,2706,3248,3789,4330,4872,4330,3789,3248,2706,2165,1624,1083,541,1083,1624,2165,2706,3248,4330,3789,3248,2706,2165,1624,1083,541,0,541,1083,1624,2165,2706,4872,4330,3789,3248,2706,2165,1624,1083,541,1083,1624,2165,4872,4330,3789,2706,2165,1624,1083,1624,2165,2706,5413,4872,4330,2706,1624,2165
267,18945,17862,18404,28688,29229,29770,17321,17862,19486,22192,27605,28688,29229,19486,20027,21110,21651,22192,23275,24358,24899,25440,25981,26523,28688,29229,18945,22192,22734,23275,23816,25440,25981,26523,28147,28688,12449,12991,13532,14073,14615,15156,15697,16238,16780,17321,17862,18404,22192,22734,23275,25440,25981,27605,28147,11908,12449,12991,13532,14073,14615,16238,16780,20569,21110,21651,22734,23275,24358,24899,25440,25981,26523,27064,11367,11908,12449,12991,13532,14073,15697,16238,18945,19486,20027,22734,23275,23816,24358,9202,9743,10284,10826,11367,12449,12991,13532,14073,15697,16780,18404,18945,22192,22734,26523,27064,8119,8660,9202,9743,10284,11908,12449,12991,13532,15156,15697,16238,16780,25981,26523,7578,8119,11367,11908,12449,14615,15156,12449,11367,11908,12449,12449,11908,10284,10826,11367,13532,12991,12449,11908,7578,8119,9202,9743,13532,12991,12449,7578,7037,6495,5954,5413,4872,5413,5954,6495,7037,7578,8119,8660,12991,6495,5954,5413,4872,4330,3789,4330,4872,5413,5954,6495,7578,8119,12449,4872,4330,3789,3248,2706,3248,3789,4330,4872,5413,5954,7037,11908,11367,9743,9202,6495,5954,4330,3789,3248,2706,2165,2706,3248,3789,4330,4872,5413,5954,10826,10284,9743,8660,8119,7578,7037,6495,5954,5413,3789,3248,2706,2165,1624,2165,2706,3248,3789,4330,4872,6495,5954,5413,4872,4330,3789,3248,2706,2165,1624,1083,1624,2165,2706,3248,3789,5413,4872,4330,3789,3248,2706,2165,1624,1083,541,1083,1624,2165,2706,4872,4330,3789,3248,2706,2165,1624,1083,541,0,541,1083,1624,2165,5413,4872,4330,3789,3248,2706,2165,1624,1083,541,1083,1624,5413,4872,4330,3248,2706,2165,1624,1083,1624,2165,5954,5413,4872,3248,2165,1624
268,18404,17321,17862,28147,28688,29229,16780,17321,18945,21651,27064,28147,28688,18945,19486,20569,21110,21651,22734,23816,24358,24899,25440,25981,28147,28688,18404,21651,22192,22734,23275,24899,25440,25981,27605,28147,11908,12449,12991,13532,14073,14615,15156,15697,16238,16780,17321,17862,21651,22192,22734,24899,25440,27064,27605,11367,11908,12449,12991,13532,14073,15697,16238,20027,20569,21110,22192,22734,23816,24358,24899,25440,25981,26523,10826,11367,11908,12449,12991,13532,15156,15697,18404,18945,19486,22192,22734,23275,23816,8660,9202,9743,10284,10826,11908,12449,12991,13532,15156,16238,17862,18404,21651,22192,25981,26523,7578,8119,8660,9202,9743,11367,11908,12449,12991,14615,15156,15697,16238,25440,25981,7037,7578,10826,11367,11908,14073,14615,12991,10826,11367,11908,12991,12449,9743,10284,10826,14073,13532,12991,12449,7037,7578,8660,9202,14073,13532,12991,8119,7578,7037,6495,5954,4330,4872,5413,5954,6495,7037,7578,8119,13532,7037,6495,5954,5413,4872,3248,3789,4330,4872,5413,5954,7037,7578,12991,5413,4872,4330,3789,3248,2706,3248,3789,4330,4872,5413,6495,12449,11908,10284,9743,7037,6495,4872,4330,3789,3248,2706,2165,2706,3248,3789,4330,4872,5413,11367,10826,10284,9202,8660,8119,7578,7037,6495,5954,4330,3789,3248,2706,2165,1624,2165,2706,3248,3789,4330,7037,6495,5954,5413,4872,4330,3789,3248,2706,2165,1624,1083,1624,2165,2706,3248,5954,5413,4872,4330,3789,3248,2706,2165,1624,1083,541,1083,1624,2165,5413,4872,4330,3789,3248,2706,2165,1624,1083,541,0,541,1083,1624,5954,5413,4872,4330,3789,3248,2706,2165,1624,1083,541,1083,5954,5413,4872,3789,3248,2706,2165,1624,1083,1624,6495,5954,5413,3789,2706,2165
269,17862,16780,17321,27605,28147,28688,16238,16780,18404,21110,26523,27605,28147,18404,18945,20027,20569,21110,22192,23275,23816,24358,24899,25440,27605,28147,17862,21110,21651,22192,22734,24358,24899,25440,27064,27605,11367,11908,12449,12991,13532,14073,14615,15156,15697,16238,16780,17321,21110,21651,22192,24358,24899,26523,27064,10826,11367,11908,12449,12991,13532,15156,15697,19486,20027,20569,21651,22192,23275,23816,24358,24899,25440,25981,10284,10826,11367,11908,12449,12991,14615,15156,17862,18404,18945,21651,22192,22734,23275,8119,8660,9202,9743,10284,11367,11908,12449,12991,14615,15697,17321,17862,21110,21651,25440,25981,7037,7578,8119,8660,9202,10826,11367,11908,12449,14073,14615,15156,15697,24899,25440,6495,7037,10284,10826,11367,13532,14073,13532,10284,10826,11367,13532,12991,9202,9743,10284,14615,14073,13532,12991,6495,7037,8119,8660,14615,14073,13532,8660,8119,7578,7037,6495,3789,4330,4872,5413,5954,6495,7037,7578,14073,7578,7037,6495,5954,5413,3789,3248,3789,4330,4872,5413,6495,7037,13532,5954,5413,4872,4330,3789,3248,2706,3248,3789,4330,4872,5954,12991,12449,10826,10284,7578,7037,5413,4872,4330,3789,3248,2706,2165,2706,3248,3789,4330,4872,11908,11367,10826,9743,9202,8660,8119,7578,7037,6495,4872,4330,3789,3248,2706,2165,1624,2165,2706,3248,3789,7578,7037,6495,5954,5413,4872,4330,3789,3248,2706,2165,1624,1083,1624,2165,2706,6495,5954,5413,4872,4330,3789,3248,2706,2165,1624,1083,541,1083,1624,5954,5413,4872,4330,3789,3248,2706,2165,1624,1083,541,0,541,1083,6495,5954,5413,4872,4330,3789,3248,2706,2165,1624,1083,541,6495,5954,5413,4330,3789,3248,2706,2165,1624,1083,7037,6495,5954,4330,3248,2706
270,17321,16238,16780,27064,27605,28147,15697,16238,17862,20569,25981,27064,27605,17862,18404,19486,20027,20569,21651,22734,23275,23816,24358,24899,27064,27605,17321,20569,21110,21651,22192,23816,24358,24899,26523,27064,10826,11367,11908,12449,12991,13532,14073,14615,15156,15697,16238,16780,20569,21110,21651,23816,24358,25981,26523,10284,10826,11367,11908,12449,12991,14615,15156,18945,19486,20027,21110,21651,22734,23275,23816,24358,24899,25440,9743,10284,10826,11367,11908,12449,14073,14615,17321,17862,18404,21110,21651,22192,22734,7578,8119,8660,9202,9743,10826,11367,11908,12449,14073,15156,16780,17321,20569,21110,24899,25440,6495,7037,7578,8119,8660,10284,10826,11367,11908,13532,14073,14615,15156,24358,24899,5954,6495,9743,10284,10826,12991,13532,14073,9743,10284,10826,14073,13532,8660,9202,9743,15156,14615,14073,13532,5954,6495,7578,8119,15156,14615,14073,9202,8660,8119,7578,7037,4330,3789,4330,4872,5413,5954,6495,7037,14615,8119,7578,7037,6495,5954,4330,3789,3248,3789,4330,4872,5954,6495,14073,6495,5954,5413,4872,4330,3789,3248,2706,3248,3789,4330,5413,13532,12991,11367,10826,8119,7578,5954,5413,4872,4330,3789,3248,2706,2165,2706,3248,3789,4330,12449,11908,11367,10284,9743,9202,8660,8119,7578,7037,5413,4872,4330,3789,3248,2706,2165,1624,2165,2706,3248,8119,7578,7037,6495,5954,5413,4872,4330,3789,3248,2706,2165,1624,1083,1624,2165,7037,6495,5954,5413,4872,4330,3789,3248,2706,2165,1624,1083,541,1083,6495,5954,5413,4872,4330,3789,3248,2706,2165,1624,1083,541,0,541,7037,6495,5954,5413,4872,4330,3789,3248,2706,2165,1624,1083,7037,6495,5954,4872,4330,3789,3248,2706,2165,1624,7578,7037,6495,4872,3789,3248
271,16780,15697,16238,26523,27064,27605,15156,15697,17321,20027,25440,26523,27064,17321,17862,18945,19486,20027,21110,22192,22734,23275,23816,24358,26523,27064,16780,20027,20569,21110,21651,23275,23816,24358,25981,26523,10284,10826,11367,11908,12449,12991,13532,14073,14615,15156,15697,16238,20027,20569,21110,23275,23816,25440,25981,9743,10284,10826,11367,11908,12449,14073,14615,18404,18945,19486,20569,21110,22192,22734,23275,23816,24358,24899,9202,9743,10284,10826,11367,11908,13532,14073,16780,17321,17862,20569,21110,21651,22192,7037,7578,8119,8660,9202,10284,10826,11367,11908,13532,14615,16238,16780,20027,20569,24358,24899,7037,6495,7037,7578,8119,9743,10284,10826,11367,12991,13532,14073,14615,23816,24358,6495,5954,9202,9743,10284,12449,12991,14615,9202,9743,10284,14615,14073,8119,8660,9202,15697,15156,14615,14073,5413,5954,7037,7578,15697,15156,14615,9743,9202,8660,8119,7578,4872,4330,3789,4330,4872,5413,5954,6495,15156,8660,8119,7578,7037,6495,4872,4330,3789,3248,3789,4330,5413,5954,14615,7037,6495,5954,5413,4872,4330,3789,3248,2706,3248,3789,4872,14073,13532,11908,11367,8660,8119,6495,5954,5413,4872,4330,3789,3248,2706,2165,2706,3248,3789,12991,12449,11908,10826,10284,9743,9202,8660,8119,7578,5954,5413,4872,4330,3789,3248,2706,2165,1624,2165,2706,8660,8119,7578,7037,6495,5954,5413,4872,4330,3789,3248,2706,2165,1624,1083,1624,7578,7037,6495,5954,5413,4872,4330,3789,3248,2706,2165,1624,1083,541,7037,6495,5954,5413,4872,4330,3789,3248,2706,2165,1624,1083,541,0,7578,7037,6495,5954,5413,4872,4330,3789,3248,2706,2165,1624,7578,7037,6495,5413,4872,4330,3789,3248,2706,2165,8119,7578,7037,5413,4330,3789
272,24358,23275,23816,34101,34642,35183,22734,23275,24899,27605,33018,34101,34642,24899,25440,26523,27064,27605,28688,29770,30312,30853,31394,31936,34101,34642,24358,27605,28147,28688,29229,30853,31394,31936,33559,34101,17862,18404,18945,19486,20027,20569,21110,21651,22192,22734,23275,23816,27605,28147,28688,30853,31394,33018,33559,17321,17862,18404,18945,19486,20027,21651,22192,25981,26523,27064,28147,28688,29770,30312,30853,31394,31936,32477,16780,17321,17862,18404,18945,19486,21110,21651,24358,24899,25440,28147,28688,29229,29770,14615,15156,15697,16238,16780,17862,18404,18945,19486,21110,22192,23816,24358,27605,28147,31936,32477,13532,14073,14615,15156,15697,17321,17862,18404,18945,20569,21110,21651,22192,31394,31936,12991,13532,16780,17321,17862,20027,20569,8119,16780,17321,17862,8119,7578,15697,16238,16780,9202,8660,8119,7578,12991,13532,14615,15156,9202,8660,8119,5413,5954,6495,7037,7578,10284,10826,11367,11908,12449,12991,13532,14073,8660,5413,5954,6495,7037,7578,9202,9743,10284,10826,11367,11908,12991,13532,8119,5954,6495,7037,7578,8119,8660,9202,9743,10284,10826,11367,12449,7578,7037,5413,4872,3248,3789,5413,5954,6495,7037,7578,8119,8660,9202,9743,10284,10826,11367,6495,5954,5413,4330,3789,3248,2706,2165,2706,3248,4872,5413,5954,6495,7037,7578,8119,8660,9202,9743,10284,2165,1624,2165,2706,3248,3789,4330,4872,5413,5954,6495,7037,7578,8119,8660,9202,1083,1624,2165,2706,3248,3789,4330,4872,5413,5954,6495,7037,7578,8119,541,1083,1624,2165,2706,3248,3789,4330,4872,5413,5954,6495,7037,7578,0,541,1083,1624,2165,2706,3248,3789,4330,4872,5413,5954,1083,1624,2165,3248,3789,4330,4872,5413,5954,6495,1624,2165,2706,4330,5413,5954
273,23816,22734,23275,33559,34101,34642,22192,22734,24358,27064,32477,33559,34101,24358,24899,25981,26523,27064,28147,29229,29770,30312,30853,31394,33559,34101,23816,27064,27605,28147,28688,30312,30853,31394,33018,33559,17321,17862,18404,18945,19486,20027,20569,21110,21651,22192,22734,23275,27064,27605,28147,30312,30853,32477,33018,16780,17321,17862,18404,18945,19486,21110,21651,25440,25981,26523,27605,28147,29229,29770,30312,30853,31394,31936,16238,16780,17321,17862,18404,18945,20569,21110,23816,24358,24899,27605,28147,28688,29229,14073,14615,15156,15697,16238,17321,17862,18404,18945,20569,21651,23275,23816,27064,27605,31394,31936,12991,13532,14073,14615,15156,16780,17321,17862,18404,20027,20569,21110,21651,30853,31394,12449,12991,16238,16780,17321,19486,20027,8660,16238,16780,17321,8660,8119,15156,15697,16238,9743,9202,8660,8119,12449,12991,14073,14615,9743,9202,8660,4872,5413,5954,6495,7037,9743,10284,10826,11367,11908,12449,12991,13532,9202,4872,5413,5954,6495,7037,8660,9202,9743,10284,10826,11367,12449,12991,8660,5413,5954,6495,7037,7578,8119,8660,9202,9743,10284,10826,11908,8119,7578,5954,5413,2706,3248,4872,5413,5954,6495,7037,7578,8119,8660,9202,9743,10284,10826,7037,6495,5954,4872,4330,3789,3248,2706,2165,2706,4330,4872,5413,5954,6495,7037,7578,8119,8660,9202,9743,2706,2165,1624,2165,2706,3248,3789,4330,4872,5413,5954,6495,7037,7578,8119,8660,1624,1083,1624,2165,2706,3248,3789,4330,4872,5413,5954,6495,7037,7578,1083,541,1083,1624,2165,2706,3248,3789,4330,4872,5413,5954,6495,7037,541,0,541,1083,1624,2165,2706,3248,3789,4330,4872,5413,541,1083,1624,2706,3248,3789,4330,4872,5413,5954,1083,1624,2165,3789,4872,5413
274,23275,22192,22734,33018,33559,34101,21651,22192,23816,26523,31936,33018,33559,23816,24358,25440,25981,26523,27605,28688,29229,29770,30312,30853,33018,33559,23275,26523,27064,27605,28147,29770,30312,30853,32477,33018,16780,17321,17862,18404,18945,19486,20027,20569,21110,21651,22192,22734,26523,27064,27605,29770,30312,31936,32477,16238,16780,17321,17862,18404,18945,20569,21110,24899,25440,25981,27064,27605,28688,29229,29770,30312,30853,31394,15697,16238,16780,17321,17862,18404,20027,20569,23275,23816,24358,27064,27605,28147,28688,13532,14073,14615,15156,15697,16780,17321,17862,18404,20027,21110,22734,23275,26523,27064,30853,31394,12449,12991,13532,14073,14615,16238,16780,17321,17862,19486,20027,20569,21110,30312,30853,11908,12449,15697,16238,16780,18945,19486,9202,15697,16238,16780,9202,8660,14615,15156,15697,10284,9743,9202,8660,11908,12449,13532,14073,10284,9743,9202,4330,4872,5413,5954,6495,9202,9743,10284,10826,11367,11908,12449,12991,9743,4330,4872,5413,5954,6495,8119,8660,9202,9743,10284,10826,11908,12449,9202,4872,5413,5954,6495,7037,7578,8119,8660,9202,9743,10284,11367,8660,8119,6495,5954,3248,2706,4330,4872,5413,5954,6495,7037,7578,8119,8660,9202,9743,10284,7578,7037,6495,5413,4872,4330,3789,3248,2706,2165,3789,4330,4872,5413,5954,6495,7037,7578,8119,8660,9202,3248,2706,2165,1624,2165,2706,3248,3789,4330,4872,5413,5954,6495,7037,7578,8119,2165,1624,1083,1624,2165,2706,3248,3789,4330,4872,5413,5954,6495,7037,1624,1083,541,1083,1624,2165,2706,3248,3789,4330,4872,5413,5954,6495,1083,541,0,541,1083,1624,2165,2706,3248,3789,4330,4872,1083,541,1083,2165,2706,3248,3789,4330,4872,5413,1624,1083,1624,3248,4330,4872
275,22734,21651,22192,32477,33018,33559,21110,21651,23275,25981,31394,32477,33018,23275,23816,24899,25440,25981,27064,28147,28688,29229,29770,30312,32477,33018,22734,25981,26523,27064,27605,29229,29770,30312,31936,32477,16238,16780,17321,17862,18404,18945,19486,20027,20569,21110,21651,22192,25981,26523,27064,29229,29770,31394,31936,15697,16238,16780,17321,17862,18404,20027,20569,24358,24899,25440,26523,27064,28147,28688,29229,29770,30312,30853,15156,15697,16238,16780,17321,17862,19486,20027,22734,23275,23816,26523,27064,27605,28147,12991,13532,14073,14615,15156,16238,16780,17321,17862,19486,20569,22192,22734,25981,26523,30312,30853,11908,12449,12991,13532,14073,15697,16238,16780,17321,18945,19486,20027,20569,29770,30312,11367,11908,15156,15697,16238,18404,18945,9743,15156,15697,16238,9743,9202,14073,14615,15156,10826,10284,9743,9202,11367,11908,12991,13532,10826,10284,9743,4872,4330,4872,5413,5954,8660,9202,9743,10284,10826,11367,11908,12449,10284,3789,4330,4872,5413,5954,7578,8119,8660,9202,9743,10284,11367,11908,9743,4330,4872,5413,5954,6495,7037,7578,8119,8660,9202,9743,10826,9202,8660,7037,6495,3789,3248,3789,4330,4872,5413,5954,6495,7037,7578,8119,8660,9202,9743,8119,7578,7037,5954,5413,4872,4330,3789,3248,2706,3248,3789,4330,4872,5413,5954,6495,7037,7578,8119,8660,3789,3248,2706,2165,1624,2165,2706,3248,3789,4330,4872,5413,5954,6495,7037,7578,2706,2165,1624,1083,1624,2165,2706,3248,3789,4330,4872,5413,5954,6495,2165,1624,1083,541,1083,1624,2165,2706,3248,3789,4330,4872,5413,5954,1624,1083,541,0,541,1083,1624,2165,2706,3248,3789,4330,1624,1083,541,1624,2165,2706,3248,3789,4330,4872,2165,1624,1083,2706,3789,4330
276,22192,21110,21651,31936,32477,33018,20569,21110,22734,25440,30853,31936,32477,22734,23275,24358,24899,25440,26523,27605,28147,28688,29229,29770,31936,32477,22192,25440,25981,26523,27064,28688,29229,29770,31394,31936,15697,16238,16780,17321,17862,18404,18945,19486,20027,20569,21110,21651,25440,25981,26523,28688,29229,30853,31394,15156,15697,16238,16780,17321,17862,19486,20027,23816,24358,24899,25981,26523,27605,28147,28688,29229,29770,30312,14615,15156,15697,16238,16780,17321,18945,19486,22192,22734,23275,25981,26523,27064,27605,12449,12991,13532,14073,14615,15697,16238,16780,17321,18945,20027,21651,22192,25440,25981,29770,30312,11367,11908,12449,12991,13532,15156,15697,16238,16780,18404,18945,19486,20027,29229,29770,10826,11367,14615,15156,15697,17862,18404,10284,14615,15156,15697,10284,9743,13532,14073,14615,11367,10826,10284,9743,10826,11367,12449,12991,11367,10826,10284,5413,4872,4330,4872,5413,8119,8660,9202,9743,10284,10826,11367,11908,10826,4330,3789,4330,4872,5413,7037,7578,8119,8660,9202,9743,10826,11367,10284,3789,4330,4872,5413,5954,6495,7037,7578,8119,8660,9202,10284,9743,9202,7578,7037,4330,3789,3248,3789,4330,4872,5413,5954,6495,7037,7578,8119,8660,9202,8660,8119,7578,6495,5954,5413,4872,4330,3789,3248,2706,3248,3789,4330,4872,5413,5954,6495,7037,7578,8119,4330,3789,3248,2706,2165,1624,2165,2706,3248,3789,4330,4872,5413,5954,6495,7037,3248,2706,2165,1624,1083,1624,2165,2706,3248,3789,4330,4872,5413,5954,2706,2165,1624,1083,541,1083,1624,2165,2706,3248,3789,4330,4872,5413,2165,1624,1083,541,0,541,1083,1624,2165,2706,3248,3789,2165,1624,1083,1083,1624,2165,2706,3248,3789,4330,2706,2165,1624,2165,3248,3789
277,21651,20569,21110,31394,31936,32477,20027,20569,22192,24899,30312,31394,31936,22192,22734,23816,24358,24899,25981,27064,27605,28147,28688,29229,31394,31936,21651,24899,25440,25981,26523,28147,28688,29229,30853,31394,15156,15697,16238,16780,17321,17862,18404,18945,19486,20027,20569,21110,24899,25440,25981,28147,28688,30312,30853,14615,15156,15697,16238,16780,17321,18945,19486,23275,23816,24358,25440,25981,27064,27605,28147,28688,29229,29770,14073,14615,15156,15697,16238,16780,18404,18945,21651,22192,22734,25440,25981,26523,27064,11908,12449,12991,13532,14073,15156,15697,16238,16780,18404,19486,21110,21651,24899,25440,29229,29770,10826,11367,11908,12449,12991,14615,15156,15697,16238,17862,18404,18945,19486,28688,29229,10284,10826,14073,14615,15156,17321,17862,10826,14073,14615,15156,10826,10284,12991,13532,14073,11908,11367,10826,10284,10284,10826,11908,12449,11908,11367,10826,5954,5413,4872,4330,4872,7578,8119,8660,9202,9743,10284,10826,11367,11367,4872,4330,3789,4330,4872,6495,7037,7578,8119,8660,9202,10284,10826,10826,3248,3789,4330,4872,5413,5954,6495,7037,7578,8119,8660,9743,10284,9743,8119,7578,4872,4330,2706,3248,3789,4330,4872,5413,5954,6495,7037,7578,8119,8660,9202,8660,8119,7037,6495,5954,5413,4872,4330,3789,2165,2706,3248,3789,4330,4872,5413,5954,6495,7037,7578,4872,4330,3789,3248,2706,2165,1624,2165,2706,3248,3789,4330,4872,5413,5954,6495,3789,3248,2706,2165,1624,1083,1624,2165,2706,3248,3789,4330,4872,5413,3248,2706,2165,1624,1083,541,1083,1624,2165,2706,3248,3789,4330,4872,2706,2165,1624,1083,541,0,541,1083,1624,2165,2706,3248,2706,2165,1624,541,1083,1624,2165,2706,3248,3789,3248,2706,2165,1624,2706,3248
278,21110,20027,20569,30853,31394,31936,19486,20027,21651,24358,29770,30853,31394,21651,22192,23275,23816,24358,25440,26523,27064,27605,28147,28688,30853,31394,21110,24358,24899,25440,25981,27605,28147,28688,30312,30853,14615,15156,15697,16238,16780,17321,17862,18404,18945,19486,20027,20569,24358,24899,25440,27605,28147,29770,30312,14073,14615,15156,15697,16238,16780,18404,18945,22734,23275,23816,24899,25440,26523,27064,27605,28147,28688,29229,13532,14073,14615,15156,15697,16238,17862,18404,21110,21651,22192,24899,25440,25981,26523,11367,11908,12449,12991,13532,14615,15156,15697,16238,17862,18945,20569,21110,24358,24899,28688,29229,10284,10826,11367,11908,12449,14073,14615,15156,15697,17321,17862,18404,18945,28147,28688,9743,10284,13532,14073,14615,16780,17321,11367,13532,14073,14615,11367,10826,12449,12991,13532,12449,11908,11367,10826,9743,10284,11367,11908,12449,11908,11367,6495,5954,5413,4872,4330,7037,7578,8119,8660,9202,9743,10284,10826,11908,5413,4872,4330,3789,4330,5954,6495,7037,7578,8119,8660,9743,10284,11367,3789,3248,3789,4330,4872,5413,5954,6495,7037,7578,8119,9202,10826,10284,8660,8119,5413,4872,3248,2706,3248,3789,4330,4872,5413,5954,6495,7037,7578,8119,9743,9202,8660,7578,7037,6495,5954,5413,4872,4330,2706,2165,2706,3248,3789,4330,4872,5413,5954,6495,7037,5413,4872,4330,3789,3248,2706,2165,1624,2165,2706,3248,3789,4330,4872,5413,5954,4330,3789,3248,2706,2165,1624,1083,1624,2165,2706,3248,3789,4330,4872,3789,3248,2706,2165,1624,1083,541,1083,1624,2165,2706,3248,3789,4330,3248,2706,2165,1624,1083,541,0,541,1083,1624,2165,2706,3248,2706,2165,1083,541,1083,1624,2165,2706,3248,3789,3248,2706,1083,2165,2706
279,20569,19486,20027,30312,30853,31394,18945,19486,21110,23816,29229,30312,30853,21110,21651,22734,23275,23816,24899,25981,26523,27064,27605,28147,30312,30853,20569,23816,24358,24899,25440,27064,27605,28147,29770,30312,14073,14615,15156,15697,16238,16780,17321,17862,18404,18945,19486,20027,23816,24358,24899,27064,27605,29229,29770,13532,14073,14615,15156,15697,16238,17862,18404,22192,22734,23275,24358,24899,25981,26523,27064,27605,28147,28688,12991,13532,14073,14615,15156,15697,17321,17862,20569,21110,21651,24358,24899,25440,25981,10826,11367,11908,12449,12991,14073,14615,15156,15697,17321,18404,20027,20569,23816,24358,28147,28688,9743,10284,10826,11367,11908,13532,14073,14615,15156,16780,17321,17862,18404,27605,28147,9202,9743,12991,13532,14073,16238,16780,11908,12991,13532,14073,11908,11367,11908,12449,12991,12991,12449,11908,11367,9202,9743,10826,11367,12991,12449,11908,7037,6495,5954,5413,4872,6495,7037,7578,8119,8660,9202,9743,10284,12449,5954,5413,4872,4330,3789,5413,5954,6495,7037,7578,8119,9202,9743,11908,4330,3789,3248,3789,4330,4872,5413,5954,6495,7037,7578,8660,11367,10826,9202,8660,5954,5413,3789,3248,2706,3248,3789,4330,4872,5413,5954,6495,7037,7578,10284,9743,9202,8119,7578,7037,6495,5954,5413,4872,3248,2706,2165,2706,3248,3789,4330,4872,5413,5954,6495,5954,5413,4872,4330,3789,3248,2706,2165,1624,2165,2706,3248,3789,4330,4872,5413,4872,4330,3789,3248,2706,2165,1624,1083,1624,2165,2706,3248,3789,4330,4330,3789,3248,2706,2165,1624,1083,541,1083,1624,2165,2706,3248,3789,3789,3248,2706,2165,1624,1083,541,0,541,1083,1624,2165,3789,3248,2706,1624,1083,541,1083,1624,2165,2706,4330,3789,3248,1624,1624,2165
280,20027,18945,19486,29770,30312,30853,18404,18945,20569,23275,28688,29770,30312,20569,21110,22192,22734,23275,24358,25440,25981,26523,27064,27605,29770,30312,20027,23275,23816,24358,24899,26523,27064,27605,29229,29770,13532,14073,14615,15156,15697,16238,16780,17321,17862,18404,18945,19486,23275,23816,24358,26523,27064,28688,29229,12991,13532,14073,14615,15156,15697,17321,17862,21651,22192,22734,23816,24358,25440,25981,26523,27064,27605,28147,12449,12991,13532,14073,14615,15156,16780,17321,20027,20569,21110,23816,24358,24899,25440,10284,10826,11367,11908,12449,13532,14073,14615,15156,16780,17862,19486,20027,23275,23816,27605,28147,9202,9743,10284,10826,11367,12991,13532,14073,14615,16238,16780,17321,17862,27064,27605,8660,9202,12449,12991,13532,15697,16238,12449,12449,12991,13532,12449,11908,11367,11908,12449,13532,12991,12449,11908,8660,9202,10284,10826,13532,12991,12449,7578,7037,6495,5954,5413,5954,6495,7037,7578,8119,8660,9202,9743,12991,6495,5954,5413,4872,4330,4872,5413,5954,6495,7037,7578,8660,9202,12449,4872,4330,3789,3248,3789,4330,4872,5413,5954,6495,7037,8119,11908,11367,9743,9202,6495,5954,4330,3789,3248,2706,3248,3789,4330,4872,5413,5954,6495,7037,10826,10284,9743,8660,8119,7578,7037,6495,5954,5413,3789,3248,2706,2165,2706,3248,3789,4330,4872,5413,5954,6495,5954,5413,4872,4330,3789,3248,2706,2165,1624,2165,2706,3248,3789,4330,4872,5413,4872,4330,3789,3248,2706,2165,1624,1083,1624,2165,2706,3248,3789,4872,4330,3789,3248,2706,2165,1624,1083,541,1083,1624,2165,2706,3248,4330,3789,3248,2706,2165,1624,1083,541,0,541,1083,1624,4330,3789,3248,2165,1624,1083,541,1083,1624,2165,4872,4330,3789,2165,1083,1624
281,19486,18404,18945,29229,29770,30312,17862,18404,20027,22734,28147,29229,29770,20027,20569,21651,22192,22734,23816,24899,25440,25981,26523,27064,29229,29770,19486,22734,23275,23816,24358,25981,26523,27064,28688,29229,12991,13532,14073,14615,15156,15697,16238,16780,17321,17862,18404,18945,22734,23275,23816,25981,26523,28147,28688,12449,12991,13532,14073,14615,15156,16780,17321,21110,21651,22192,23275,23816,24899,25440,25981,26523,27064,27605,11908,12449,12991,13532,14073,14615,16238,16780,19486,20027,20569,23275,23816,24358,24899,9743,10284,10826,11367,11908,12991,13532,14073,14615,16238,17321,18945,19486,22734,23275,27064,27605,8660,9202,9743,10284,10826,12449,12991,13532,14073,15697,16238,16780,17321,26523,27064,8119,8660,11908,12449,12991,15156,15697,12991,11908,12449,12991,12991,12449,10826,11367,11908,14073,13532,12991,12449,8119,8660,9743,10284,14073,13532,12991,8119,7578,7037,6495,5954,5413,5954,6495,7037,7578,8119,8660,9202,13532,7037,6495,5954,5413,4872,4330,4872,5413,5954,6495,7037,8119,8660,12991,5413,4872,4330,3789,3248,3789,4330,4872,5413,5954,6495,7578,12449,11908,10284,9743,7037,6495,4872,4330,3789,3248,2706,3248,3789,4330,4872,5413,5954,6495,11367,10826,10284,9202,8660,8119,7578,7037,6495,5954,4330,3789,3248,2706,2165,2706,3248,3789,4330,4872,5413,7037,6495,5954,5413,4872,4330,3789,3248,2706,2165,1624,2165,2706,3248,3789,4330,5954,5413,4872,4330,3789,3248,2706,2165,1624,1083,1624,2165,2706,3248,5413,4872,4330,3789,3248,2706,2165,1624,1083,541,1083,1624,2165,2706,4872,4330,3789,3248,2706,2165,1624,1083,541,0,541,1083,4872,4330,3789,2706,2165,1624,1083,541,1083,1624,5413,4872,4330,2706,1624,1083
282,18945,17862,18404,28688,29229,29770,17321,17862,19486,22192,27605,28688,29229,19486,20027,21110,21651,22192,23275,24358,24899,25440,25981,26523,28688,29229,18945,22192,22734,23275,23816,25440,25981,26523,28147,28688,12449,12991,13532,14073,14615,15156,15697,16238,16780,17321,17862,18404,22192,22734,23275,25440,25981,27605,28147,11908,12449,12991,13532,14073,14615,16238,16780,20569,21110,21651,22734,23275,24358,24899,25440,25981,26523,27064,11367,11908,12449,12991,13532,14073,15697,16238,18945,19486,20027,22734,23275,23816,24358,9202,9743,10284,10826,11367,12449,12991,13532,14073,15697,16780,18404,18945,22192,22734,26523,27064,8119,8660,9202,9743,10284,11908,12449,12991,13532,15156,15697,16238,16780,25981,26523,7578,8119,11367,11908,12449,14615,15156,13532,11367,11908,12449,13532,12991,10284,10826,11367,14615,14073,13532,12991,7578,8119,9202,9743,14615,14073,13532,8660,8119,7578,7037,6495,4872,5413,5954,6495,7037,7578,8119,8660,14073,7578,7037,6495,5954,5413,3789,4330,4872,5413,5954,6495,7578,8119,13532,5954,5413,4872,4330,3789,3248,3789,4330,4872,5413,5954,7037,12991,12449,10826,10284,7578,7037,5413,4872,4330,3789,3248,2706,3248,3789,4330,4872,5413,5954,11908,11367,10826,9743,9202,8660,8119,7578,7037,6495,4872,4330,3789,3248,2706,2165,2706,3248,3789,4330,4872,7578,7037,6495,5954,5413,4872,4330,3789,3248,2706,2165,1624,2165,2706,3248,3789,6495,5954,5413,4872,4330,3789,3248,2706,2165,1624,1083,1624,2165,2706,5954,5413,4872,4330,3789,3248,2706,2165,1624,1083,541,1083,1624,2165,5413,4872,4330,3789,3248,2706,2165,1624,1083,541,0,541,5413,4872,4330,3248,2706,2165,1624,1083,541,1083,5954,5413,4872,3248,2165,1624
283,18404,17321,17862,28147,28688,29229,16780,17321,18945,21651,27064,28147,28688,18945,19486,20569,21110,21651,22734,23816,24358,24899,25440,25981,28147,28688,18404,21651,22192,22734,23275,24899,25440,25981,27605,28147,11908,12449,12991,13532,14073,14615,15156,15697,16238,16780,17321,17862,21651,22192,22734,24899,25440,27064,27605,11367,11908,12449,12991,13532,14073,15697,16238,20027,20569,21110,22192,22734,23816,24358,24899,25440,25981,26523,10826,11367,11908,12449,12991,13532,15156,15697,18404,18945,19486,22192,22734,23275,23816,8660,9202,9743,10284,10826,11908,12449,12991,13532,15156,16238,17862,18404,21651,22192,25981,26523,7578,8119,8660,9202,9743,11367,11908,12449,12991,14615,15156,15697,16238,25440,25981,7037,7578,10826,11367,11908,14073,14615,14073,10826,11367,11908,14073,13532,9743,10284,10826,15156,14615,14073,13532,7037,7578,8660,9202,15156,14615,14073,9202,8660,8119,7578,7037,4330,4872,5413,5954,6495,7037,7578,8119,14615,8119,7578,7037,6495,5954,4330,3789,4330,4872,5413,5954,7037,7578,14073,6495,5954,5413,4872,4330,3789,3248,3789,4330,4872,5413,6495,13532,12991,11367,10826,8119,7578,5954,5413,4872,4330,3789,3248,2706,3248,3789,4330,4872,5413,12449,11908,11367,10284,9743,9202,8660,8119,7578,7037,5413,4872,4330,3789,3248,2706,2165,2706,3248,3789,4330,8119,7578,7037,6495,5954,5413,4872,4330,3789,3248,2706,2165,1624,2165,2706,3248,7037,6495,5954,5413,4872,4330,3789,3248,2706,2165,1624,1083,1624,2165,6495,5954,5413,4872,4330,3789,3248,2706,2165,1624,1083,541,1083,1624,5954,5413,4872,4330,3789,3248,2706,2165,1624,1083,541,0,5954,5413,4872,3789,3248,2706,2165,1624,1083,541,6495,5954,5413,3789,2706,2165
284,24358,23275,23816,34101,34642,35183,22734,23275,24899,27605,33018,34101,34642,24899,25440,26523,27064,27605,28688,29770,30312,30853,31394,31936,34101,34642,24358,27605,28147,28688,29229,30853,31394,31936,33559,34101,17862,18404,18945,19486,20027,20569,21110,21651,22192,22734,23275,23816,27605,28147,28688,30853,31394,33018,33559,17321,17862,18404,18945,19486,20027,21651,22192,25981,26523,27064,28147,28688,29770,30312,30853,31394,31936,32477,16780,17321,17862,18404,18945,19486,21110,21651,24358,24899,25440,28147,28688,29229,29770,14615,15156,15697,16238,16780,17862,18404,18945,19486,21110,22192,23816,24358,27605,28147,31936,32477,13532,14073,14615,15156,15697,17321,17862,18404,18945,20569,21110,21651,22192,31394,31936,12991,13532,16780,17321,17862,20027,20569,9202,16780,17321,17862,9202,8660,15697,16238,16780,10284,9743,9202,8660,12991,13532,14615,15156,10284,9743,9202,5413,5954,6495,7037,7578,10284,10826,11367,11908,12449,12991,13532,14073,9743,5413,5954,6495,7037,7578,9202,9743,10284,10826,11367,11908,12991,13532,9202,5954,6495,7037,7578,8119,8660,9202,9743,10284,10826,11367,12449,8660,8119,6495,5954,3248,3789,5413,5954,6495,7037,7578,8119,8660,9202,9743,10284,10826,11367,7578,7037,6495,5413,4872,4330,3789,3248,2706,3248,4872,5413,5954,6495,7037,7578,8119,8660,9202,9743,10284,3248,2706,2165,2706,3248,3789,4330,4872,5413,5954,6495,7037,7578,8119,8660,9202,2165,1624,2165,2706,3248,3789,4330,4872,5413,5954,6495,7037,7578,8119,1624,1083,1624,2165,2706,3248,3789,4330,4872,5413,5954,6495,7037,7578,1083,541,1083,1624,2165,2706,3248,3789,4330,4872,5413,5954,0,541,1083,2165,2706,3248,3789,4330,4872,5413,541,1083,1624,3248,4330,4872
285,23816,22734,23275,33559,34101,34642,22192,22734,24358,27064,32477,33559,34101,24358,24899,25981,26523,27064,28147,29229,29770,30312,30853,31394,33559,34101,23816,27064,27605,28147,28688,30312,30853,31394,33018,33559,17321,17862,18404,18945,19486,20027,20569,21110,21651,22192,22734,23275,27064,27605,28147,30312,30853,32477,33018,16780,17321,17862,18404,18945,19486,21110,21651,25440,25981,26523,27605,28147,29229,29770,30312,30853,31394,31936,16238,16780,17321,17862,18404,18945,20569,21110,23816,24358,24899,27605,28147,28688,29229,14073,14615,15156,15697,16238,17321,17862,18404,18945,20569,21651,23275,23816,27064,27605,31394,31936,12991,13532,14073,14615,15156,16780,17321,17862,18404,20027,20569,21110,21651,30853,31394,12449,12991,16238,16780,17321,19486,20027,9743,16238,16780,17321,9743,9202,15156,15697,16238,10826,10284,9743,9202,12449,12991,14073,14615,10826,10284,9743,4872,5413,5954,6495,7037,9743,10284,10826,11367,11908,12449,12991,13532,10284,4872,5413,5954,6495,7037,8660,9202,9743,10284,10826,11367,12449,12991,9743,5413,5954,6495,7037,7578,8119,8660,9202,9743,10284,10826,11908,9202,8660,7037,6495,3789,3248,4872,5413,5954,6495,7037,7578,8119,8660,9202,9743,10284,10826,8119,7578,7037,5954,5413,4872,4330,3789,3248,2706,4330,4872,5413,5954,6495,7037,7578,8119,8660,9202,9743,3789,3248,2706,2165,2706,3248,3789,4330,4872,5413,5954,6495,7037,7578,8119,8660,2706,2165,1624,2165,2706,3248,3789,4330,4872,5413,5954,6495,7037,7578,2165,1624,1083,1624,2165,2706,3248,3789,4330,4872,5413,5954,6495,7037,1624,1083,541,1083,1624,2165,2706,3248,3789,4330,4872,5413,541,0,541,1624,2165,2706,3248,3789,4330,4872,1083,541,1083,2706,3789,4330
286,23275,22192,22734,33018,33559,34101,21651,22192,23816,26523,31936,33018,33559,23816,24358,25440,25981,26523,27605,28688,29229,29770,30312,30853,33018,33559,23275,26523,27064,27605,28147,29770,30312,30853,32477,33018,16780,17321,17862,18404,18945,19486,20027,20569,21110,21651,22192,22734,26523,27064,27605,29770,30312,31936,32477,16238,16780,17321,17862,18404,18945,20569,21110,24899,25440,25981,27064,27605,28688,29229,29770,30312,30853,31394,15697,16238,16780,17321,17862,18404,20027,20569,23275,23816,24358,27064,27605,28147,28688,13532,14073,14615,15156,15697,16780,17321,17862,18404,20027,21110,22734,23275,26523,27064,30853,31394,12449,12991,13532,14073,14615,16238,16780,17321,17862,19486,20027,20569,21110,30312,30853,11908,12449,15697,16238,16780,18945,19486,10284,15697,16238,16780,10284,9743,14615,15156,15697,11367,10826,10284,9743,11908,12449,13532,14073,11367,10826,10284,5413,4872,5413,5954,6495,9202,9743,10284,10826,11367,11908,12449,12991,10826,4330,4872,5413,5954,6495,8119,8660,9202,9743,10284,10826,11908,12449,10284,4872,5413,5954,6495,7037,7578,8119,8660,9202,9743,10284,11367,9743,9202,7578,7037,4330,3789,4330,4872,5413,5954,6495,7037,7578,8119,8660,9202,9743,10284,8660,8119,7578,6495,5954,5413,4872,4330,3789,3248,3789,4330,4872,5413,5954,6495,7037,7578,8119,8660,9202,4330,3789,3248,2706,2165,2706,3248,3789,4330,4872,5413,5954,6495,7037,7578,8119,3248,2706,2165,1624,2165,2706,3248,3789,4330,4872,5413,5954,6495,7037,2706,2165,1624,1083,1624,2165,2706,3248,3789,4330,4872,5413,5954,6495,2165,1624,1083,541,1083,1624,2165,2706,3248,3789,4330,4872,1083,541,0,1083,1624,2165,2706,3248,3789,4330,1624,1083,541,2165,3248,3789
287,22192,21110,21651,31936,32477,33018,20569,21110,22734,25440,30853,31936,32477,22734,23275,24358,24899,25440,26523,27605,28147,28688,29229,29770,31936,32477,22192,25440,25981,26523,27064,28688,29229,29770,31394,31936,15697,16238,16780,17321,17862,18404,18945,19486,20027,20569,21110,21651,25440,25981,26523,28688,29229,30853,31394,15156,15697,16238,16780,17321,17862,19486,20027,23816,24358,24899,25981,26523,27605,28147,28688,29229,29770,30312,14615,15156,15697,16238,16780,17321,18945,19486,22192,22734,23275,25981,26523,27064,27605,12449,12991,13532,14073,14615,15697,16238,16780,17321,18945,20027,21651,22192,25440,25981,29770,30312,11367,11908,12449,12991,13532,15156,15697,16238,16780,18404,18945,19486,20027,29229,29770,10826,11367,14615,15156,15697,17862,18404,11367,14615,15156,15697,11367,10826,13532,14073,14615,12449,11908,11367,10826,10826,11367,12449,12991,12449,11908,11367,6495,5954,5413,4872,5413,8119,8660,9202,9743,10284,10826,11367,11908,11908,5413,4872,4330,4872,5413,7037,7578,8119,8660,9202,9743,10826,11367,11367,3789,4330,4872,5413,5954,6495,7037,7578,8119,8660,9202,10284,10826,10284,8660,8119,5413,4872,3248,3789,4330,4872,5413,5954,6495,7037,7578,8119,8660,9202,9743,9202,8660,7578,7037,6495,5954,5413,4872,4330,2706,3248,3789,4330,4872,5413,5954,6495,7037,7578,8119,5413,4872,4330,3789,3248,2706,2165,2706,3248,3789,4330,4872,5413,5954,6495,7037,4330,3789,3248,2706,2165,1624,2165,2706,3248,3789,4330,4872,5413,5954,3789,3248,2706,2165,1624,1083,1624,2165,2706,3248,3789,4330,4872,5413,3248,2706,2165,1624,1083,541,1083,1624,2165,2706,3248,3789,2165,1624,1083,0,541,1083,1624,2165,2706,3248,2706,2165,1624,1083,2165,2706
288,21651,20569,21110,31394,31936,32477,20027,20569,22192,24899,30312,31394,31936,22192,22734,23816,24358,24899,25981,27064,27605,28147,28688,29229,31394,31936,21651,24899,25440,25981,26523,28147,28688,29229,30853,31394,15156,15697,16238,16780,17321,17862,18404,18945,19486,20027,20569,21110,24899,25440,25981,28147,28688,30312,30853,14615,15156,15697,16238,16780,17321,18945,19486,23275,23816,24358,25440,25981,27064,27605,28147,28688,29229,29770,14073,14615,15156,15697,16238,16780,18404,18945,21651,22192,22734,25440,25981,26523,27064,11908,12449,12991,13532,14073,15156,15697,16238,16780,18404,19486,21110,21651,24899,25440,29229,29770,10826,11367,11908,12449,12991,14615,15156,15697,16238,17862,18404,18945,19486,28688,29229,10284,10826,14073,14615,15156,17321,17862,11908,14073,14615,15156,11908,11367,12991,13532,14073,12991,12449,11908,11367,10284,10826,11908,12449,12991,12449,11908,7037,6495,5954,5413,4872,7578,8119,8660,9202,9743,10284,10826,11367,12449,5954,5413,4872,4330,4872,6495,7037,7578,8119,8660,9202,10284,10826,11908,4330,3789,4330,4872,5413,5954,6495,7037,7578,8119,8660,9743,11367,10826,9202,8660,5954,5413,3789,3248,3789,4330,4872,5413,5954,6495,7037,7578,8119,8660,10284,9743,9202,8119,7578,7037,6495,5954,5413,4872,3248,2706,3248,3789,4330,4872,5413,5954,6495,7037,7578,5954,5413,4872,4330,3789,3248,2706,2165,2706,3248,3789,4330,4872,5413,5954,6495,4872,4330,3789,3248,2706,2165,1624,2165,2706,3248,3789,4330,4872,5413,4330,3789,3248,2706,2165,1624,1083,1624,2165,2706,3248,3789,4330,4872,3789,3248,2706,2165,1624,1083,541,1083,1624,2165,2706,3248,2706,2165,1624,541,0,541,1083,1624,2165,2706,3248,2706,2165,541,1624,2165
289,21110,20027,20569,30853,31394,31936,19486,20027,21651,24358,29770,30853,31394,21651,22192,23275,23816,24358,25440,26523,27064,27605,28147,28688,30853,31394,21110,24358,24899,25440,25981,27605,28147,28688,30312,30853,14615,15156,15697,16238,16780,17321,17862,18404,18945,19486,20027,20569,24358,24899,25440,27605,28147,29770,30312,14073,14615,15156,15697,16238,16780,18404,18945,22734,23275,23816,24899,25440,26523,27064,27605,28147,28688,29229,13532,14073,14615,15156,15697,16238,17862,18404,21110,21651,22192,24899,25440,25981,26523,11367,11908,12449,12991,13532,14615,15156,15697,16238,17862,18945,20569,21110,24358,24899,28688,29229,10284,10826,11367,11908,12449,14073,14615,15156,15697,17321,17862,18404,18945,28147,28688,9743,10284,13532,14073,14615,16780,17321,12449,13532,14073,14615,12449,11908,12449,12991,13532,13532,12991,12449,11908,9743,10284,11367,11908,13532,12991,12449,7578,7037,6495,5954,5413,7037,7578,8119,8660,9202,9743,10284,10826,12991,6495,5954,5413,4872,4330,5954,6495,7037,7578,8119,8660,9743,10284,12449,4872,4330,3789,4330,4872,5413,5954,6495,7037,7578,8119,9202,11908,11367,9743,9202,6495,5954,4330,3789,3248,3789,4330,4872,5413,5954,6495,7037,7578,8119,10826,10284,9743,8660,8119,7578,7037,6495,5954,5413,3789,3248,2706,3248,3789,4330,4872,5413,5954,6495,7037,6495,5954,5413,4872,4330,3789,3248,2706,2165,2706,3248,3789,4330,4872,5413,5954,5413,4872,4330,3789,3248,2706,2165,1624,2165,2706,3248,3789,4330,4872,4872,4330,3789,3248,2706,2165,1624,1083,1624,2165,2706,3248,3789,4330,4330,3789,3248,2706,2165,1624,1083,541,1083,1624,2165,2706,3248,2706,2165,1083,541,0,541,1083,1624,2165,3789,3248,2706,1083,1083,1624
290,20569,19486,20027,30312,30853,31394,18945,19486,21110,23816,29229,30312,30853,21110,21651,22734,23275,23816,24899,25981,26523,27064,27605,28147,30312,30853,20569,23816,24358,24899,25440,27064,27605,28147,29770,30312,14073,14615,15156,15697,16238,16780,17321,17862,18404,18945,19486,20027,23816,24358,24899,27064,27605,29229,29770,13532,14073,14615,15156,15697,16238,17862,18404,22192,22734,23275,24358,24899,25981,26523,27064,27605,28147,28688,12991,13532,14073,14615,15156,15697,17321,17862,20569,21110,21651,24358,24899,25440,25981,10826,11367,11908,12449,12991,14073,14615,15156,15697,17321,18404,20027,20569,23816,24358,28147,28688,9743,10284,10826,11367,11908,13532,14073,14615,15156,16780,17321,17862,18404,27605,28147,9202,9743,12991,13532,14073,16238,16780,12991,12991,13532,14073,12991,12449,11908,12449,12991,14073,13532,12991,12449,9202,9743,10826,11367,14073,13532,12991,8119,7578,7037,6495,5954,6495,7037,7578,8119,8660,9202,9743,10284,13532,7037,6495,5954,5413,4872,5413,5954,6495,7037,7578,8119,9202,9743,12991,5413,4872,4330,3789,4330,4872,5413,5954,6495,7037,7578,8660,12449,11908,10284,9743,7037,6495,4872,4330,3789,3248,3789,4330,4872,5413,5954,6495,7037,7578,11367,10826,10284,9202,8660,8119,7578,7037,6495,5954,4330,3789,3248,2706,3248,3789,4330,4872,5413,5954,6495,7037,6495,5954,5413,4872,4330,3789,3248,2706,2165,2706,3248,3789,4330,4872,5413,5954,5413,4872,4330,3789,3248,2706,2165,1624,2165,2706,3248,3789,4330,5413,4872,4330,3789,3248,2706,2165,1624,1083,1624,2165,2706,3248,3789,4872,4330,3789,3248,2706,2165,1624,1083,541,1083,1624,2165,3789,3248,2706,1624,1083,541,0,541,1083,1624,4330,3789,3248,1624,541,1083
291,20027,18945,19486,29770,30312,30853,18404,18945,20569,23275,28688,29770,30312,20569,21110,22192,22734,23275,24358,25440,25981,26523,27064,27605,29770,30312,20027,23275,23816,24358,24899,26523,27064,27605,29229,29770,13532,14073,14615,15156,15697,16238,16780,17321,17862,18404,18945,19486,23275,23816,24358,26523,27064,28688,29229,12991,13532,14073,14615,15156,15697,17321,17862,21651,22192,22734,23816,24358,25440,25981,26523,27064,27605,28147,12449,12991,13532,14073,14615,15156,16780,17321,20027,20569,21110,23816,24358,24899,25440,10284,10826,11367,11908,12449,13532,14073,14615,15156,16780,17862,19486,20027,23275,23816,27605,28147,9202,9743,10284,10826,11367,12991,13532,14073,14615,16238,16780,17321,17862,27064,27605,8660,9202,12449,12991,13532,15697,16238,13532,12449,12991,13532,13532,12991,11367,11908,12449,14615,14073,13532,12991,8660,9202,10284,10826,14615,14073,13532,8660,8119,7578,7037,6495,5954,6495,7037,7578,8119,8660,9202,9743,14073,7578,7037,6495,5954,5413,4872,5413,5954,6495,7037,7578,8660,9202,13532,5954,5413,4872,4330,3789,4330,4872,5413,5954,6495,7037,8119,12991,12449,10826,10284,7578,7037,5413,4872,4330,3789,3248,3789,4330,4872,5413,5954,6495,7037,11908,11367,10826,9743,9202,8660,8119,7578,7037,6495,4872,4330,3789,3248,2706,3248,3789,4330,4872,5413,5954,7578,7037,6495,5954,5413,4872,4330,3789,3248,2706,2165,2706,3248,3789,4330,4872,6495,5954,5413,4872,4330,3789,3248,2706,2165,1624,2165,2706,3248,3789,5954,5413,4872,4330,3789,3248,2706,2165,1624,1083,1624,2165,2706,3248,5413,4872,4330,3789,3248,2706,2165,1624,1083,541,1083,1624,4330,3789,3248,2165,1624,1083,541,0,541,1083,4872,4330,3789,2165,1083,541
292,19486,18404,18945,29229,29770,30312,17862,18404,20027,22734,28147,29229,29770,20027,20569,21651,22192,22734,23816,24899,25440,25981,26523,27064,29229,29770,19486,22734,23275,23816,24358,25981,26523,27064,28688,29229,12991,13532,14073,14615,15156,15697,16238,16780,17321,17862,18404,18945,22734,23275,23816,25981,26523,28147,28688,12449,12991,13532,14073,14615,15156,16780,17321,21110,21651,22192,23275,23816,24899,25440,25981,26523,27064,27605,11908,12449,12991,13532,14073,14615,16238,16780,19486,20027,20569,23275,23816,24358,24899,9743,10284,10826,11367,11908,12991,13532,14073,14615,16238,17321,18945,19486,22734,23275,27064,27605,8660,9202,9743,10284,10826,12449,12991,13532,14073,15697,16238,16780,17321,26523,27064,8119,8660,11908,12449,12991,15156,15697,14073,11908,12449,12991,14073,13532,10826,11367,11908,15156,14615,14073,13532,8119,8660,9743,10284,15156,14615,14073,9202,8660,8119,7578,7037,5413,5954,6495,7037,7578,8119,8660,9202,14615,8119,7578,7037,6495,5954,4330,4872,5413,5954,6495,7037,8119,8660,14073,6495,5954,5413,4872,4330,3789,4330,4872,5413,5954,6495,7578,13532,12991,11367,10826,8119,7578,5954,5413,4872,4330,3789,3248,3789,4330,4872,5413,5954,6495,12449,11908,11367,10284,9743,9202,8660,8119,7578,7037,5413,4872,4330,3789,3248,2706,3248,3789,4330,4872,5413,8119,7578,7037,6495,5954,5413,4872,4330,3789,3248,2706,2165,2706,3248,3789,4330,7037,6495,5954,5413,4872,4330,3789,3248,2706,2165,1624,2165,2706,3248,6495,5954,5413,4872,4330,3789,3248,2706,2165,1624,1083,1624,2165,2706,5954,5413,4872,4330,3789,3248,2706,2165,1624,1083,541,1083,4872,4330,3789,2706,2165,1624,1083,541,0,541,5413,4872,4330,2706,1624,1083
293,18945,17862,18404,28688,29229,29770,17321,17862,19486,22192,27605,28688,29229,19486,20027,21110,21651,22192,23275,24358,24899,25440,25981,26523,28688,29229,18945,22192,22734,23275,23816,25440,25981,26523,28147,28688,12449,12991,13532,14073,14615,15156,15697,16238,16780,17321,17862,18404,22192,22734,23275,25440,25981,27605,28147,11908,12449,12991,13532,14073,14615,16238,16780,20569,21110,21651,22734,23275,24358,24899,25440,25981,26523,27064,11367,11908,12449,12991,13532,14073,15697,16238,18945,19486,20027,22734,23275,23816,24358,9202,9743,10284,10826,11367,12449,12991,13532,14073,15697,16780,18404,18945,22192,22734,26523,27064,8119,8660,9202,9743,10284,11908,12449,12991,13532,15156,15697,16238,16780,25981,26523,7578,8119,11367,11908,12449,14615,15156,14615,11367,11908,12449,14615,14073,10284,10826,11367,15697,15156,14615,14073,7578,8119,9202,9743,15697,15156,14615,9743,9202,8660,8119,7578,4872,5413,5954,6495,7037,7578,8119,8660,15156,8660,8119,7578,7037,6495,4872,4330,4872,5413,5954,6495,7578,8119,14615,7037,6495,5954,5413,4872,4330,3789,4330,4872,5413,5954,7037,14073,13532,11908,11367,8660,8119,6495,5954,5413,4872,4330,3789,3248,3789,4330,4872,5413,5954,12991,12449,11908,10826,10284,9743,9202,8660,8119,7578,5954,5413,4872,4330,3789,3248,2706,3248,3789,4330,4872,8660,8119,7578,7037,6495,5954,5413,4872,4330,3789,3248,2706,2165,2706,3248,3789,7578,7037,6495,5954,5413,4872,4330,3789,3248,2706,2165,1624,2165,2706,7037,6495,5954,5413,4872,4330,3789,3248,2706,2165,1624,1083,1624,2165,6495,5954,5413,4872,4330,3789,3248,2706,2165,1624,1083,541,5413,4872,4330,3248,2706,2165,1624,1083,541,0,5954,5413,4872,3248,2165,1624
294,24899,23816,24358,34642,35183,35724,23275,23816,25440,28147,33559,34642,35183,25440,25981,27064,27605,28147,29229,30312,30853,31394,31936,32477,34642,35183,24899,28147,28688,29229,29770,31394,31936,32477,34101,34642,18404,18945,19486,20027,20569,21110,21651,22192,22734,23275,23816,24358,28147,28688,29229,31394,31936,33559,34101,17862,18404,18945,19486,20027,20569,22192,22734,26523,27064,27605,28688,29229,30312,30853,31394,31936,32477,33018,17321,17862,18404,18945,19486,20027,21651,22192,24899,25440,25981,28688,29229,29770,30312,15156,15697,16238,16780,17321,18404,18945,19486,20027,21651,22734,24358,24899,28147,28688,32477,33018,14073,14615,15156,15697,16238,17862,18404,18945,19486,21110,21651,22192,22734,31936,32477,13532,14073,17321,17862,18404,20569,21110,9743,17321,17862,18404,9743,9202,16238,16780,17321,10826,10284,9743,9202,13532,14073,15156,15697,10826,10284,9743,5954,6495,7037,7578,8119,10826,11367,11908,12449,12991,13532,14073,14615,10284,5954,6495,7037,7578,8119,9743,10284,10826,11367,11908,12449,13532,14073,9743,6495,7037,7578,8119,8660,9202,9743,10284,10826,11367,11908,12991,9202,8660,7037,6495,3789,4330,5954,6495,7037,7578,8119,8660,9202,9743,10284,10826,11367,11908,8119,7578,7037,5954,5413,4872,4330,3789,3248,3789,5413,5954,6495,7037,7578,8119,8660,9202,9743,10284,10826,3789,3248,2706,3248,3789,4330,4872,5413,5954,6495,7037,7578,8119,8660,9202,9743,2706,2165,2706,3248,3789,4330,4872,5413,5954,6495,7037,7578,8119,8660,2165,1624,2165,2706,3248,3789,4330,4872,5413,5954,6495,7037,7578,8119,1624,1083,1624,2165,2706,3248,3789,4330,4872,5413,5954,6495,541,1083,1624,2706,3248,3789,4330,4872,5413,5954,0,541,1083,2706,3789,4330
295,24358,23275,23816,34101,34642,35183,22734,23275,24899,27605,33018,34101,34642,24899,25440,26523,27064,27605,28688,29770,30312,30853,31394,31936,34101,34642,24358,27605,28147,28688,29229,30853,31394,31936,33559,34101,17862,18404,18945,19486,20027,20569,21110,21651,22192,22734,23275,23816,27605,28147,28688,30853,31394,33018,33559,17321,17862,18404,18945,19486,20027,21651,22192,25981,26523,27064,28147,28688,29770,30312,30853,31394,31936,32477,16780,17321,17862,18404,18945,19486,21110,21651,24358,24899,25440,28147,28688,29229,29770,14615,15156,15697,16238,16780,17862,18404,18945,19486,21110,22192,23816,24358,27605,28147,31936,32477,13532,14073,14615,15156,15697,17321,17862,18404,18945,20569,21110,21651,22192,31394,31936,12991,13532,16780,17321,17862,20027,20569,10284,16780,17321,17862,10284,9743,15697,16238,16780,11367,10826,10284,9743,12991,13532,14615,15156,11367,10826,10284,5413,5954,6495,7037,7578,10284,10826,11367,11908,12449,12991,13532,14073,10826,5413,5954,6495,7037,7578,9202,9743,10284,10826,11367,11908,12991,13532,10284,5954,6495,7037,7578,8119,8660,9202,9743,10284,10826,11367,12449,9743,9202,7578,7037,4330,3789,5413,5954,6495,7037,7578,8119,8660,9202,9743,10284,10826,11367,8660,8119,7578,6495,5954,5413,4872,4330,3789,3248,4872,5413,5954,6495,7037,7578,8119,8660,9202,9743,10284,4330,3789,3248,2706,3248,3789,4330,4872,5413,5954,6495,7037,7578,8119,8660,9202,3248,2706,2165,2706,3248,3789,4330,4872,5413,5954,6495,7037,7578,8119,2706,2165,1624,2165,2706,3248,3789,4330,4872,5413,5954,6495,7037,7578,2165,1624,1083,1624,2165,2706,3248,3789,4330,4872,5413,5954,1083,541,1083,2165,2706,3248,3789,4330,4872,5413,541,0,541,2165,3248,3789
296,23816,22734,23275,33559,34101,34642,22192,22734,24358,27064,32477,33559,34101,24358,24899,25981,26523,27064,28147,29229,29770,30312,30853,31394,33559,34101,23816,27064,27605,28147,28688,30312,30853,31394,33018,33559,17321,17862,18404,18945,19486,20027,20569,21110,21651,22192,22734,23275,27064,27605,28147,30312,30853,32477,33018,16780,17321,17862,18404,18945,19486,21110,21651,25440,25981,26523,27605,28147,29229,29770,30312,30853,31394,31936,16238,16780,17321,17862,18404,18945,20569,21110,23816,24358,24899,27605,28147,28688,29229,14073,14615,15156,15697,16238,17321,17862,18404,18945,20569,21651,23275,23816,27064,27605,31394,31936,12991,13532,14073,14615,15156,16780,17321,17862,18404,20027,20569,21110,21651,30853,31394,12449,12991,16238,16780,17321,19486,20027,10826,16238,16780,17321,10826,10284,15156,15697,16238,11908,11367,10826,10284,12449,12991,14073,14615,11908,11367,10826,5954,5413,5954,6495,7037,9743,10284,10826,11367,11908,12449,12991,13532,11367,4872,5413,5954,6495,7037,8660,9202,9743,10284,10826,11367,12449,12991,10826,5413,5954,6495,7037,7578,8119,8660,9202,9743,10284,10826,11908,10284,9743,8119,7578,4872,4330,4872,5413,5954,6495,7037,7578,8119,8660,9202,9743,10284,10826,9202,8660,8119,7037,6495,5954,5413,4872,4330,3789,4330,4872,5413,5954,6495,7037,7578,8119,8660,9202,9743,4872,4330,3789,3248,2706,3248,3789,4330,4872,5413,5954,6495,7037,7578,8119,8660,3789,3248,2706,2165,2706,3248,3789,4330,4872,5413,5954,6495,7037,7578,3248,2706,2165,1624,2165,2706,3248,3789,4330,4872,5413,5954,6495,7037,2706,2165,1624,1083,1624,2165,2706,3248,3789,4330,4872,5413,1624,1083,541,1624,2165,2706,3248,3789,4330,4872,1083,541,0,1624,2706,3248
297,22192,21110,21651,31936,32477,33018,20569,21110,22734,25440,30853,31936,32477,22734,23275,24358,24899,25440,26523,27605,28147,28688,29229,29770,31936,32477,22192,25440,25981,26523,27064,28688,29229,29770,31394,31936,15697,16238,16780,17321,17862,18404,18945,19486,20027,20569,21110,21651,25440,25981,26523,28688,29229,30853,31394,15156,15697,16238,16780,17321,17862,19486,20027,23816,24358,24899,25981,26523,27605,28147,28688,29229,29770,30312,14615,15156,15697,16238,16780,17321,18945,19486,22192,22734,23275,25981,26523,27064,27605,12449,12991,13532,14073,14615,15697,16238,16780,17321,18945,20027,21651,22192,25440,25981,29770,30312,11367,11908,12449,12991,13532,15156,15697,16238,16780,18404,18945,19486,20027,29229,29770,10826,11367,14615,15156,15697,17862,18404,12449,14615,15156,15697,12449,11908,13532,14073,14615,13532,12991,12449,11908,10826,11367,12449,12991,13532,12991,12449,7578,7037,6495,5954,5413,8119,8660,9202,9743,10284,10826,11367,11908,12991,6495,5954,5413,4872,5413,7037,7578,8119,8660,9202,9743,10826,11367,12449,4872,4330,4872,5413,5954,6495,7037,7578,8119,8660,9202,10284,11908,11367,9743,9202,6495,5954,4330,3789,4330,4872,5413,5954,6495,7037,7578,8119,8660,9202,10826,10284,9743,8660,8119,7578,7037,6495,5954,5413,3789,3248,3789,4330,4872,5413,5954,6495,7037,7578,8119,6495,5954,5413,4872,4330,3789,3248,2706,3248,3789,4330,4872,5413,5954,6495,7037,5413,4872,4330,3789,3248,2706,2165,2706,3248,3789,4330,4872,5413,5954,4872,4330,3789,3248,2706,2165,1624,2165,2706,3248,3789,4330,4872,5413,4330,3789,3248,2706,2165,1624,1083,1624,2165,2706,3248,3789,3248,2706,2165,1083,541,1083,1624,2165,2706,3248,2706,2165,1624,0,1083,1624
298,21110,20027,20569,30853,31394,31936,19486,20027,21651,24358,29770,30853,31394,21651,22192,23275,23816,24358,25440,26523,27064,27605,28147,28688,30853,31394,21110,24358,24899,25440,25981,27605,28147,28688,30312,30853,14615,15156,15697,16238,16780,17321,17862,18404,18945,19486,20027,20569,24358,24899,25440,27605,28147,29770,30312,14073,14615,15156,15697,16238,16780,18404,18945,22734,23275,23816,24899,25440,26523,27064,27605,28147,28688,29229,13532,14073,14615,15156,15697,16238,17862,18404,21110,21651,22192,24899,25440,25981,26523,11367,11908,12449,12991,13532,14615,15156,15697,16238,17862,18945,20569,21110,24358,24899,28688,29229,10284,10826,11367,11908,12449,14073,14615,15156,15697,17321,17862,18404,18945,28147,28688,9743,10284,13532,14073,14615,16780,17321,13532,13532,14073,14615,13532,12991,12449,12991,13532,14615,14073,13532,12991,9743,10284,11367,11908,14615,14073,13532,8660,8119,7578,7037,6495,7037,7578,8119,8660,9202,9743,10284,10826,14073,7578,7037,6495,5954,5413,5954,6495,7037,7578,8119,8660,9743,10284,13532,5954,5413,4872,4330,4872,5413,5954,6495,7037,7578,8119,9202,12991,12449,10826,10284,7578,7037,5413,4872,4330,3789,4330,4872,5413,5954,6495,7037,7578,8119,11908,11367,10826,9743,9202,8660,8119,7578,7037,6495,4872,4330,3789,3248,3789,4330,4872,5413,5954,6495,7037,7578,7037,6495,5954,5413,4872,4330,3789,3248,2706,3248,3789,4330,4872,5413,5954,6495,5954,5413,4872,4330,3789,3248,2706,2165,2706,3248,3789,4330,4872,5954,5413,4872,4330,3789,3248,2706,2165,1624,2165,2706,3248,3789,4330,5413,4872,4330,3789,3248,2706,2165,1624,1083,1624,2165,2706,4330,3789,3248,2165,1624,1083,541,1083,1624,2165,3789,3248,2706,1083,0,541
299,20569,19486,20027,30312,30853,31394,18945,19486,21110,23816,29229,30312,30853,21110,21651,22734,23275,23816,24899,25981,26523,27064,27605,28147,30312,30853,20569,23816,24358,24899,25440,27064,27605,28147,29770,30312,14073,14615,15156,15697,16238,16780,17321,17862,18404,18945,19486,20027,23816,24358,24899,27064,27605,29229,29770,13532,14073,14615,15156,15697,16238,17862,18404,22192,22734,23275,24358,24899,25981,26523,27064,27605,28147,28688,12991,13532,14073,14615,15156,15697,17321,17862,20569,21110,21651,24358,24899,25440,25981,10826,11367,11908,12449,12991,14073,14615,15156,15697,17321,18404,20027,20569,23816,24358,28147,28688,9743,10284,10826,11367,11908,13532,14073,14615,15156,16780,17321,17862,18404,27605,28147,9202,9743,12991,13532,14073,16238,16780,14073,12991,13532,14073,14073,13532,11908,12449,12991,15156,14615,14073,13532,9202,9743,10826,11367,15156,14615,14073,9202,8660,8119,7578,7037,6495,7037,7578,8119,8660,9202,9743,10284,14615,8119,7578,7037,6495,5954,5413,5954,6495,7037,7578,8119,9202,9743,14073,6495,5954,5413,4872,4330,4872,5413,5954,6495,7037,7578,8660,13532,12991,11367,10826,8119,7578,5954,5413,4872,4330,3789,4330,4872,5413,5954,6495,7037,7578,12449,11908,11367,10284,9743,9202,8660,8119,7578,7037,5413,4872,4330,3789,3248,3789,4330,4872,5413,5954,6495,8119,7578,7037,6495,5954,5413,4872,4330,3789,3248,2706,3248,3789,4330,4872,5413,7037,6495,5954,5413,4872,4330,3789,3248,2706,2165,2706,3248,3789,4330,6495,5954,5413,4872,4330,3789,3248,2706,2165,1624,2165,2706,3248,3789,5954,5413,4872,4330,3789,3248,2706,2165,1624,1083,1624,2165,4872,4330,3789,2706,2165,1624,1083,541,1083,1624,4330,3789,3248,1624,541,0
