X,1,2,3,4,5,6,7,8,9,10,11,12,13,14,15,16,17,18,19,20,21,22,23,24,25,26,27,28,29,30,31,32,33,34,35,36,37,38,39,40,41,42,43,44,45,46,47,48,49,50,51,52,53,54,55,56,57,58,59,60,61,62,63,64,65,66,67,68,69,70,71,72,73,74,75,76,77,78,79,80,81,82,83,84,85,86,87,88,89,90,91,92,93,94,95,96,97,98,99,100,101,102,103,104,105,106,107,108,109,110,111,112,113,114,115,116,117,118,119,120,121,122,123,124,125,126,127,128,129,130,131,132,133,134,135,136,137,138,139,140,141,142,143,144,145,146,147,148,149,150,151,152,153,154,155,156,157,158,159,160,161,162,163,164,165,166,167,168,169,170,171,172,173,174,175,176,177,178,179,180,181,182,183,184,185,186,187,188,189,190,191,192,193,194,195,196,197,198,199,200,201,202,203,204,205,206,207,208,209,210,211,212,213,214,215,216,217,218,219,220,221,222,223,224,225,226,227,228,229,230,231
1,0,650,12341,650,919,2054,5237,10413,11061,11710,12358,2905,3498,4729,5356,5988,6624,7902,8543,9186,9829,10473,11764,12409,3248,3787,6781,7406,8034,9300,9936,10574,11853,12494,4159,3674,3248,2905,2678,2598,2678,2905,3248,4159,6397,6996,7603,8216,10084,10712,11344,11977,12612,4593,4159,3787,3498,3312,3498,3787,6128,6687,8444,9047,10270,10888,11510,5511,5073,4684,4357,4108,3951,3897,4108,4684,5988,6495,8714,9300,9893,12942,13563,6905,6430,5988,5588,4729,4593,4547,4729,4947,5237,5588,13152,13763,10473,7349,5356,5237,5196,5550,15439,5988,5882,5846,16290,7575,7262,6781,6624,17741,17148,12612,12082,9232,8835,8469,8139,7848,7603,7406,18600,18012,12991,12477,11977,11491,11023,10146,9743,9368,9024,8714,8444,8216,8034,18881,18303,16598,12409,11942,11491,11061,10653,10270,9915,9590,9300,8835,19181,18611,18047,17489,16938,16394,15857,14812,14305,13809,12860,12409,11977,11565,11175,10810,10473,10167,9893,9656,17836,16763,16238,15724,15219,14726,13779,13327,12893,12477,12082,11710,11362,11042,10752,10494,15643,15164,14697,14245,13809,13391,12991,12612,12255,11924,11619,11344,16082,15616,15164,14726,14305,13901,13516,13152,12811,12494,12204,11942,16534,16082,15643,15219,14812,14422,14052,13702,13375,13072,17000,16560,16134,15724,15330,14953,14597,14260,13946,13656,14826
2,650,0,11692,919,650,1452,4593,9765,10413,11061,11710,2342,2905,4108,4729,5356,5988,7262,7902,8543,9186,9829,11118,11764,2756,3248,6162,6781,7406,8666,9300,9936,11213,11853,4684,4159,3674,3248,2905,2678,2598,2678,2905,3674,5810,6397,6996,7603,9457,10084,10712,11344,11977,5073,4593,4159,3787,3498,3312,3498,5588,6128,7848,8444,9656,10270,10888,5988,5511,5073,4684,4357,4108,3951,3951,4357,5511,5988,8139,8714,9300,12324,12942,7406,6905,6430,5988,4947,4729,4593,4593,4729,4947,5237,12545,13152,11042,7821,5550,5356,5237,5356,16042,6162,5988,5882,16888,7929,7575,6996,6781,18337,17741,13152,12612,9656,9232,8835,8469,8139,7848,7603,19192,18600,13516,12991,12477,11977,11491,10574,10146,9743,9368,9024,8714,8444,8216,19464,18881,17161,12893,12409,11942,11491,11061,10653,10270,9915,9590,9047,19755,19181,18611,18047,17489,16938,16394,15330,14812,14305,13327,12860,12409,11977,11565,11175,10810,10473,10167,9893,18383,17295,16763,16238,15724,15219,14245,13779,13327,12893,12477,12082,11710,11362,11042,10752,16134,15643,15164,14697,14245,13809,13391,12991,12612,12255,11924,11619,16560,16082,15616,15164,14726,14305,13901,13516,13152,12811,12494,12204,17000,16534,16082,15643,15219,14812,14422,14052,13702,13375,17453,17000,16560,16134,15724,15330,14953,14597,14260,13946,15150
3,12341,11692,0,12358,11710,10413,7174,2054,1452,919,650,9829,9186,7902,7262,6624,5988,4729,4108,3498,2905,2342,1452,1299,9936,9300,6162,5550,4947,3787,3248,2756,2054,1949,15804,15164,14524,13885,13248,12612,11977,11344,10712,9457,6996,6397,5810,5237,3674,3248,2905,2678,2598,15924,15288,14654,14022,13391,11510,10888,7848,7262,5588,5073,4159,3787,3498,16700,16069,15439,14812,14186,13563,12942,11710,10494,8714,8139,5988,5511,5073,3897,3951,18117,17489,16863,16238,14378,13763,13152,11942,11344,10752,10167,4547,4593,22056,18291,14597,13991,13391,11619,27265,14840,14245,13656,28043,17489,16888,15697,15108,29459,28829,23830,23211,19540,18937,18337,17741,17148,16560,15976,30251,29623,24033,23419,22808,22199,21592,20386,19787,19192,18600,18012,17429,16850,16277,30424,29801,27938,23038,22435,21834,21237,20643,20052,19464,18881,18303,17161,30611,29991,29373,28756,28141,27527,26915,25696,25089,24485,23284,22687,22094,21503,20917,20334,19755,19181,18611,18047,28968,27748,27141,26536,25933,25332,24138,23545,22955,22369,21786,21207,20632,20062,19497,18937,26184,25589,24997,24407,23821,23239,22659,22084,21513,20947,20386,19829,26448,25859,25274,24691,24112,23536,22965,22397,21834,21277,20724,20177,26726,26143,25564,24988,24416,23848,23284,22724,22170,21621,27016,26440,25868,25299,24734,24173,23617,23065,22519,21979,23419
4,650,919,12358,0,650,1949,5196,10393,11042,11692,12341,2678,3312,4593,5237,5882,6528,7821,8469,9117,9765,10413,11710,12358,2905,3498,6624,7262,7902,9186,9829,10473,11764,12409,3787,3248,2756,2342,2054,1949,2054,2342,2756,3787,6162,6781,7406,8034,9936,10574,11213,11853,12494,4159,3674,3248,2905,2678,2905,3248,5810,6397,8216,8835,10084,10712,11344,5073,4593,4159,3787,3498,3312,3248,3498,4159,5588,6128,8444,9047,9656,12761,13391,6495,5988,5511,5073,4108,3951,3897,4108,4357,4684,5073,12942,13563,10167,6905,4729,4593,4547,4947,15205,5356,5237,5196,16042,7026,6687,6162,5988,17489,16888,12255,11710,8739,8318,7929,7575,7262,6996,6781,18337,17741,12612,12082,11565,11061,10574,9656,9232,8835,8469,8139,7848,7603,7406,18600,18012,16277,11977,11491,11023,10574,10146,9743,9368,9024,8714,8216,18881,18303,17729,17161,16598,16042,15494,14422,13901,13391,12409,11942,11491,11061,10653,10270,9915,9590,9300,9047,17489,16394,15857,15330,14812,14305,13327,12860,12409,11977,11565,11175,10810,10473,10167,9893,15219,14726,14245,13779,13327,12893,12477,12082,11710,11362,11042,10752,15643,15164,14697,14245,13809,13391,12991,12612,12255,11924,11619,11344,16082,15616,15164,14726,14305,13901,13516,13152,12811,12494,16534,16082,15643,15219,14812,14422,14052,13702,13375,13072,14260
5,919,650,11710,650,0,1299,4547,9743,10393,11042,11692,2054,2678,3951,4593,5237,5882,7174,7821,8469,9117,9765,11061,11710,2342,2905,5988,6624,7262,8543,9186,9829,11118,11764,4357,3787,3248,2756,2342,2054,1949,2054,2342,3248,5550,6162,6781,7406,9300,9936,10574,11213,11853,4684,4159,3674,3248,2905,2678,2905,5237,5810,7603,8216,9457,10084,10712,5588,5073,4593,4159,3787,3498,3312,3312,3787,5073,5588,7848,8444,9047,12134,12761,7026,6495,5988,5511,4357,4108,3951,3951,4108,4357,4684,12324,12942,10752,7406,4947,4729,4593,4729,15817,5550,5356,5237,16649,7406,7026,6397,6162,18094,17489,12811,12255,9186,8739,8318,7929,7575,7262,6996,18937,18337,13152,12612,12082,11565,11061,10104,9656,9232,8835,8469,8139,7848,7603,19192,18600,16850,12477,11977,11491,11023,10574,10146,9743,9368,9024,8444,19464,18881,18303,17729,17161,16598,16042,14953,14422,13901,12893,12409,11942,11491,11061,10653,10270,9915,9590,9300,18047,16938,16394,15857,15330,14812,13809,13327,12860,12409,11977,11565,11175,10810,10473,10167,15724,15219,14726,14245,13779,13327,12893,12477,12082,11710,11362,11042,16134,15643,15164,14697,14245,13809,13391,12991,12612,12255,11924,11619,16560,16082,15616,15164,14726,14305,13901,13516,13152,12811,17000,16534,16082,15643,15219,14812,14422,14052,13702,13375,14597
6,2054,1452,10413,1949,1299,0,3248,8444,9094,9743,10393,919,1452,2678,3312,3951,4593,5882,6528,7174,7821,8469,9765,10413,1452,1837,4729,5356,5988,7262,7902,8543,9829,10473,5550,4947,4357,3787,3248,2756,2342,2054,1949,2342,4357,4947,5550,6162,8034,8666,9300,9936,10574,5810,5237,4684,4159,3674,2678,2598,4159,4684,6397,6996,8216,8835,9457,6687,6128,5588,5073,4593,4159,3787,3312,3312,4159,4593,6687,7262,7848,10888,11510,8139,7575,7026,6495,5073,4684,4357,3951,3897,3951,4108,11099,11710,11942,8469,5588,5237,4947,4547,17050,6128,5810,5550,17871,8267,7821,7026,6687,19312,18702,13946,13375,10146,9656,9186,8739,8318,7929,7575,20146,19540,14260,13702,13152,12612,12082,11061,10574,10104,9656,9232,8835,8469,8139,20386,19787,18012,13516,12991,12477,11977,11491,11023,10574,10146,9743,9024,20643,20052,19464,18881,18303,17729,17161,16042,15494,14953,13901,13391,12893,12409,11942,11491,11061,10653,10270,9915,19181,18047,17489,16938,16394,15857,14812,14305,13809,13327,12860,12409,11977,11565,11175,10810,16763,16238,15724,15219,14726,14245,13779,13327,12893,12477,12082,11710,17148,16636,16134,15643,15164,14697,14245,13809,13391,12991,12612,12255,17549,17050,16560,16082,15616,15164,14726,14305,13901,13516,17965,17477,17000,16534,16082,15643,15219,14812,14422,14052,15330
7,5237,4593,7174,5196,4547,3248,0,5196,5846,6495,7145,2678,2054,919,650,919,1452,2678,3312,3951,4593,5237,6528,7174,2905,2342,1837,2342,2905,4108,4729,5356,6624,7262,8666,8034,7406,6781,6162,5550,4947,4357,3787,2756,2054,2342,2756,3248,4947,5550,6162,6781,7406,8835,8216,7603,6996,6397,4684,4159,2598,2678,3674,4159,5237,5810,6397,9656,9047,8444,7848,7262,6687,6128,5073,4159,3312,3248,4159,4593,5073,7848,8444,11099,10494,9893,9300,7575,7026,6495,5511,5073,4684,4357,8139,8714,14996,11344,7929,7406,6905,5588,20167,8318,7821,7349,20967,10810,10270,9232,8739,22397,21776,16888,16290,12811,12255,11710,11175,10653,10146,9656,23211,22594,17148,16560,15976,15398,14826,13702,13152,12612,12082,11565,11061,10574,10104,23419,22808,20987,16277,15710,15150,14597,14052,13516,12991,12477,11977,11023,23643,23038,22435,21834,21237,20643,20052,18881,18303,17729,16598,16042,15494,14953,14422,13901,13391,12893,12409,11942,22094,20917,20334,19755,19181,18611,17489,16938,16394,15857,15330,14812,14305,13809,13327,12860,19497,18937,18383,17836,17295,16763,16238,15724,15219,14726,14245,13779,19829,19279,18735,18199,17669,17148,16636,16134,15643,15164,14697,14245,20177,19637,19103,18577,18059,17549,17050,16560,16082,15616,20540,20010,19486,18970,18463,17965,17477,17000,16534,16082,17453
8,10413,9765,2054,10393,9743,8444,5196,0,650,1299,1949,7821,7174,5882,5237,4593,3951,2678,2054,1452,919,650,1452,2054,7902,7262,4108,3498,2905,1837,1452,1299,1837,2342,13779,13136,12494,11853,11213,10574,9936,9300,8666,7406,4947,4357,3787,3248,2054,1949,2054,2342,2756,13885,13248,12612,11977,11344,9457,8835,5810,5237,3674,3248,2678,2598,2678,14654,14022,13391,12761,12134,11510,10888,9656,8444,6687,6128,4159,3787,3498,3787,4159,16069,15439,14812,14186,12324,11710,11099,9893,9300,8714,8139,4357,4684,20010,16238,12545,11942,11344,9590,25223,12794,12204,11619,25998,15439,14840,13656,13072,27412,26781,21776,21157,17489,16888,16290,15697,15108,14524,13946,28201,27573,21979,21366,20755,20146,19540,18337,17741,17148,16560,15976,15398,14826,14260,28372,27748,25884,20987,20386,19787,19192,18600,18012,17429,16850,16277,15150,28557,27938,27319,26702,26087,25473,24861,23643,23038,22435,21237,20643,20052,19464,18881,18303,17729,17161,16598,16042,26915,25696,25089,24485,23883,23284,22094,21503,20917,20334,19755,19181,18611,18047,17489,16938,24138,23545,22955,22369,21786,21207,20632,20062,19497,18937,18383,17836,24407,23821,23239,22659,22084,21513,20947,20386,19829,19279,18735,18199,24691,24112,23536,22965,22397,21834,21277,20724,20177,19637,24988,24416,23848,23284,22724,22170,21621,21077,20540,20010,21445
9,11061,10413,1452,11042,10393,9094,5846,650,0,650,1299,8469,7821,6528,5882,5237,4593,3312,2678,2054,1452,919,919,1452,8543,7902,4729,4108,3498,2342,1837,1452,1452,1837,14422,13779,13136,12494,11853,11213,10574,9936,9300,8034,5550,4947,4357,3787,2342,2054,1949,2054,2342,14524,13885,13248,12612,11977,10084,9457,6397,5810,4159,3674,2905,2678,2598,15288,14654,14022,13391,12761,12134,11510,10270,9047,7262,6687,4593,4159,3787,3498,3787,16700,16069,15439,14812,12942,12324,11710,10494,9893,9300,8714,4108,4357,20643,16863,13152,12545,11942,10167,25859,13391,12794,12204,26631,16042,15439,14245,13656,28043,27412,22397,21776,18094,17489,16888,16290,15697,15108,14524,28829,28201,22594,21979,21366,20755,20146,18937,18337,17741,17148,16560,15976,15398,14826,28997,28372,26504,21592,20987,20386,19787,19192,18600,18012,17429,16850,15710,29179,28557,27938,27319,26702,26087,25473,24251,23643,23038,21834,21237,20643,20052,19464,18881,18303,17729,17161,16598,27527,26304,25696,25089,24485,23883,22687,22094,21503,20917,20334,19755,19181,18611,18047,17489,24734,24138,23545,22955,22369,21786,21207,20632,20062,19497,18937,18383,24997,24407,23821,23239,22659,22084,21513,20947,20386,19829,19279,18735,25274,24691,24112,23536,22965,22397,21834,21277,20724,20177,25564,24988,24416,23848,23284,22724,22170,21621,21077,20540,21979
10,11710,11061,919,11692,11042,9743,6495,1299,650,0,650,9117,8469,7174,6528,5882,5237,3951,3312,2678,2054,1452,650,919,9186,8543,5356,4729,4108,2905,2342,1837,1299,1452,15066,14422,13779,13136,12494,11853,11213,10574,9936,8666,6162,5550,4947,4357,2756,2342,2054,1949,2054,15164,14524,13885,13248,12612,10712,10084,6996,6397,4684,4159,3248,2905,2678,15924,15288,14654,14022,13391,12761,12134,10888,9656,7848,7262,5073,4593,4159,3312,3498,17332,16700,16069,15439,13563,12942,12324,11099,10494,9893,9300,3951,4108,21277,17489,13763,13152,12545,10752,26496,13991,13391,12794,27265,16649,16042,14840,14245,28675,28043,23020,22397,18702,18094,17489,16888,16290,15697,15108,29459,28829,23211,22594,21979,21366,20755,19540,18937,18337,17741,17148,16560,15976,15398,29623,28997,27125,22199,21592,20987,20386,19787,19192,18600,18012,17429,16277,29801,29179,28557,27938,27319,26702,26087,24861,24251,23643,22435,21834,21237,20643,20052,19464,18881,18303,17729,17161,28141,26915,26304,25696,25089,24485,23284,22687,22094,21503,20917,20334,19755,19181,18611,18047,25332,24734,24138,23545,22955,22369,21786,21207,20632,20062,19497,18937,25589,24997,24407,23821,23239,22659,22084,21513,20947,20386,19829,19279,25859,25274,24691,24112,23536,22965,22397,21834,21277,20724,26143,25564,24988,24416,23848,23284,22724,22170,21621,21077,22519
11,12358,11710,650,12341,11692,10393,7145,1949,1299,650,0,9765,9117,7821,7174,6528,5882,4593,3951,3312,2678,2054,919,650,9829,9186,5988,5356,4729,3498,2905,2342,1452,1299,15710,15066,14422,13779,13136,12494,11853,11213,10574,9300,6781,6162,5550,4947,3248,2756,2342,2054,1949,15804,15164,14524,13885,13248,11344,10712,7603,6996,5237,4684,3674,3248,2905,16560,15924,15288,14654,14022,13391,12761,11510,10270,8444,7848,5588,5073,4593,3248,3312,17965,17332,16700,16069,14186,13563,12942,11710,11099,10494,9893,3897,3951,21912,18117,14378,13763,13152,11344,27133,14597,13991,13391,27900,17259,16649,15439,14840,29308,28675,23643,23020,19312,18702,18094,17489,16888,16290,15697,30090,29459,23830,23211,22594,21979,21366,20146,19540,18937,18337,17741,17148,16560,15976,30251,29623,27748,22808,22199,21592,20987,20386,19787,19192,18600,18012,16850,30424,29801,29179,28557,27938,27319,26702,25473,24861,24251,23038,22435,21834,21237,20643,20052,19464,18881,18303,17729,28756,27527,26915,26304,25696,25089,23883,23284,22687,22094,21503,20917,20334,19755,19181,18611,25933,25332,24734,24138,23545,22955,22369,21786,21207,20632,20062,19497,26184,25589,24997,24407,23821,23239,22659,22084,21513,20947,20386,19829,26448,25859,25274,24691,24112,23536,22965,22397,21834,21277,26726,26143,25564,24988,24416,23848,23284,22724,22170,21621,23065
12,2905,2342,9829,2678,2054,919,2678,7821,8469,9117,9765,0,650,1949,2598,3248,3897,5196,5846,6495,7145,7794,9094,9743,650,919,3951,4593,5237,6528,7174,7821,9117,9765,5988,5356,4729,4108,3498,2905,2342,1837,1452,1452,3498,4108,4729,5356,7262,7902,8543,9186,9829,6162,5550,4947,4357,3787,2342,2054,3248,3787,5550,6162,7406,8034,8666,6996,6397,5810,5237,4684,4159,3674,2905,2598,3248,3674,5810,6397,6996,10084,10712,8444,7848,7262,6687,5073,4593,4159,3498,3312,3248,3312,10270,10888,12324,8714,5511,5073,4684,3951,17489,5988,5588,5237,18291,8318,7821,6905,6495,19723,19103,14245,13656,10270,9743,9232,8739,8267,7821,7406,20540,19925,14524,13946,13375,12811,12255,11175,10653,10146,9656,9186,8739,8318,7929,20755,20146,18337,13702,13152,12612,12082,11565,11061,10574,10104,9656,8835,20987,20386,19787,19192,18600,18012,17429,16277,15710,15150,14052,13516,12991,12477,11977,11491,11023,10574,10146,9743,19464,18303,17729,17161,16598,16042,14953,14422,13901,13391,12893,12409,11942,11491,11061,10653,16938,16394,15857,15330,14812,14305,13809,13327,12860,12409,11977,11565,17295,16763,16238,15724,15219,14726,14245,13779,13327,12893,12477,12082,17669,17148,16636,16134,15643,15164,14697,14245,13809,13391,18059,17549,17050,16560,16082,15616,15164,14726,14305,13901,15219
13,3498,2905,9186,3312,2678,1452,2054,7174,7821,8469,9117,650,0,1299,1949,2598,3248,4547,5196,5846,6495,7145,8444,9094,919,650,3312,3951,4593,5882,6528,7174,8469,9117,6624,5988,5356,4729,4108,3498,2905,2342,1837,1299,2905,3498,4108,4729,6624,7262,7902,8543,9186,6781,6162,5550,4947,4357,2756,2342,2756,3248,4947,5550,6781,7406,8034,7603,6996,6397,5810,5237,4684,4159,3248,2678,2905,3248,5237,5810,6397,9457,10084,9047,8444,7848,7262,5588,5073,4593,3787,3498,3312,3248,9656,10270,12942,9300,5988,5511,5073,4108,18117,6430,5988,5588,18915,8835,8318,7349,6905,20344,19723,14840,14245,10810,10270,9743,9232,8739,8267,7821,21157,20540,15108,14524,13946,13375,12811,11710,11175,10653,10146,9656,9186,8739,8318,21366,20755,18937,14260,13702,13152,12612,12082,11565,11061,10574,10104,9232,21592,20987,20386,19787,19192,18600,18012,16850,16277,15710,14597,14052,13516,12991,12477,11977,11491,11023,10574,10146,20052,18881,18303,17729,17161,16598,15494,14953,14422,13901,13391,12893,12409,11942,11491,11061,17489,16938,16394,15857,15330,14812,14305,13809,13327,12860,12409,11977,17836,17295,16763,16238,15724,15219,14726,14245,13779,13327,12893,12477,18199,17669,17148,16636,16134,15643,15164,14697,14245,13809,18577,18059,17549,17050,16560,16082,15616,15164,14726,14305,15643
14,4729,4108,7902,4593,3951,2678,919,5882,6528,7174,7821,1949,1299,0,650,1299,1949,3248,3897,4547,5196,5846,7145,7794,2054,1452,2054,2678,3312,4593,5237,5882,7174,7821,7902,7262,6624,5988,5356,4729,4108,3498,2905,1837,1837,2342,2905,3498,5356,5988,6624,7262,7902,8034,7406,6781,6162,5550,3787,3248,2054,2342,3787,4357,5550,6162,6781,8835,8216,7603,6996,6397,5810,5237,4159,3248,2598,2678,4159,4684,5237,8216,8835,10270,9656,9047,8444,6687,6128,5588,4593,4159,3787,3498,8444,9047,14186,10494,7026,6495,5988,4684,19378,7406,6905,6430,20167,9915,9368,8318,7821,21592,20967,16042,15439,11924,11362,10810,10270,9743,9232,8739,22397,21776,16290,15697,15108,14524,13946,12811,12255,11710,11175,10653,10146,9656,9186,22594,21979,20146,15398,14826,14260,13702,13152,12612,12082,11565,11061,10104,22808,22199,21592,20987,20386,19787,19192,18012,17429,16850,15710,15150,14597,14052,13516,12991,12477,11977,11491,11023,21237,20052,19464,18881,18303,17729,16598,16042,15494,14953,14422,13901,13391,12893,12409,11942,18611,18047,17489,16938,16394,15857,15330,14812,14305,13809,13327,12860,18937,18383,17836,17295,16763,16238,15724,15219,14726,14245,13779,13327,19279,18735,18199,17669,17148,16636,16134,15643,15164,14697,19637,19103,18577,18059,17549,17050,16560,16082,15616,15164,16534
15,5356,4729,7262,5237,4593,3312,650,5237,5882,6528,7174,2598,1949,650,0,650,1299,2598,3248,3897,4547,5196,6495,7145,2678,2054,1452,2054,2678,3951,4593,5237,6528,7174,8543,7902,7262,6624,5988,5356,4729,4108,3498,2342,1452,1837,2342,2905,4729,5356,5988,6624,7262,8666,8034,7406,6781,6162,4357,3787,1949,2054,3248,3787,4947,5550,6162,9457,8835,8216,7603,6996,6397,5810,4684,3674,2678,2598,3674,4159,4684,7603,8216,10888,10270,9656,9047,7262,6687,6128,5073,4593,4159,3787,7848,8444,14812,11099,7575,7026,6495,5073,20010,7929,7406,6905,20795,10473,9915,8835,8318,22218,21592,16649,16042,12494,11924,11362,10810,10270,9743,9232,23020,22397,16888,16290,15697,15108,14524,13375,12811,12255,11710,11175,10653,10146,9656,23211,22594,20755,15976,15398,14826,14260,13702,13152,12612,12082,11565,10574,23419,22808,22199,21592,20987,20386,19787,18600,18012,17429,16277,15710,15150,14597,14052,13516,12991,12477,11977,11491,21834,20643,20052,19464,18881,18303,17161,16598,16042,15494,14953,14422,13901,13391,12893,12409,19181,18611,18047,17489,16938,16394,15857,15330,14812,14305,13809,13327,19497,18937,18383,17836,17295,16763,16238,15724,15219,14726,14245,13779,19829,19279,18735,18199,17669,17148,16636,16134,15643,15164,20177,19637,19103,18577,18059,17549,17050,16560,16082,15616,17000
16,5988,5356,6624,5882,5237,3951,919,4593,5237,5882,6528,3248,2598,1299,650,0,650,1949,2598,3248,3897,4547,5846,6495,3312,2678,919,1452,2054,3312,3951,4593,5882,6528,9186,8543,7902,7262,6624,5988,5356,4729,4108,2905,1299,1452,1837,2342,4108,4729,5356,5988,6624,9300,8666,8034,7406,6781,4947,4357,2054,1949,2756,3248,4357,4947,5550,10084,9457,8835,8216,7603,6996,6397,5237,4159,2905,2678,3248,3674,4159,6996,7603,11510,10888,10270,9656,7848,7262,6687,5588,5073,4593,4159,7262,7848,15439,11710,8139,7575,7026,5511,20643,8469,7929,7406,21425,11042,10473,9368,8835,22845,22218,17259,16649,13072,12494,11924,11362,10810,10270,9743,23643,23020,17489,16888,16290,15697,15108,13946,13375,12811,12255,11710,11175,10653,10146,23830,23211,21366,16560,15976,15398,14826,14260,13702,13152,12612,12082,11061,24033,23419,22808,22199,21592,20987,20386,19192,18600,18012,16850,16277,15710,15150,14597,14052,13516,12991,12477,11977,22435,21237,20643,20052,19464,18881,17729,17161,16598,16042,15494,14953,14422,13901,13391,12893,19755,19181,18611,18047,17489,16938,16394,15857,15330,14812,14305,13809,20062,19497,18937,18383,17836,17295,16763,16238,15724,15219,14726,14245,20386,19829,19279,18735,18199,17669,17148,16636,16134,15643,20724,20177,19637,19103,18577,18059,17549,17050,16560,16082,17477
17,6624,5988,5988,6528,5882,4593,1452,3951,4593,5237,5882,3897,3248,1949,1299,650,0,1299,1949,2598,3248,3897,5196,5846,3951,3312,650,919,1452,2678,3312,3951,5237,5882,9829,9186,8543,7902,7262,6624,5988,5356,4729,3498,1452,1299,1452,1837,3498,4108,4729,5356,5988,9936,9300,8666,8034,7406,5550,4947,2342,2054,2342,2756,3787,4357,4947,10712,10084,9457,8835,8216,7603,6996,5810,4684,3248,2905,2905,3248,3674,6397,6996,12134,11510,10888,10270,8444,7848,7262,6128,5588,5073,4593,6687,7262,16069,12324,8714,8139,7575,5988,21277,9024,8469,7929,22056,11619,11042,9915,9368,23473,22845,17871,17259,13656,13072,12494,11924,11362,10810,10270,24269,23643,18094,17489,16888,16290,15697,14524,13946,13375,12811,12255,11710,11175,10653,24451,23830,21979,17148,16560,15976,15398,14826,14260,13702,13152,12612,11565,24648,24033,23419,22808,22199,21592,20987,19787,19192,18600,17429,16850,16277,15710,15150,14597,14052,13516,12991,12477,23038,21834,21237,20643,20052,19464,18303,17729,17161,16598,16042,15494,14953,14422,13901,13391,20334,19755,19181,18611,18047,17489,16938,16394,15857,15330,14812,14305,20632,20062,19497,18937,18383,17836,17295,16763,16238,15724,15219,14726,20947,20386,19829,19279,18735,18199,17669,17148,16636,16134,21277,20724,20177,19637,19103,18577,18059,17549,17050,16560,17965
18,7902,7262,4729,7821,7174,5882,2678,2678,3312,3951,4593,5196,4547,3248,2598,1949,1299,0,650,1299,1949,2598,3897,4547,5237,4593,1452,919,650,1452,2054,2678,3951,4593,11118,10473,9829,9186,8543,7902,7262,6624,5988,4729,2342,1837,1452,1299,2342,2905,3498,4108,4729,11213,10574,9936,9300,8666,6781,6162,3248,2756,1949,2054,2756,3248,3787,11977,11344,10712,10084,9457,8835,8216,6996,5810,4159,3674,2598,2678,2905,5237,5810,13391,12761,12134,11510,9656,9047,8444,7262,6687,6128,5588,5588,6128,17332,13563,9893,9300,8714,7026,22547,10167,9590,9024,23320,12794,12204,11042,10473,24734,24103,19103,18486,14840,14245,13656,13072,12494,11924,11362,25523,24895,19312,18702,18094,17489,16888,15697,15108,14524,13946,13375,12811,12255,11710,25696,25072,23211,18337,17741,17148,16560,15976,15398,14826,14260,13702,12612,25884,25265,24648,24033,23419,22808,22199,20987,20386,19787,18600,18012,17429,16850,16277,15710,15150,14597,14052,13516,24251,23038,22435,21834,21237,20643,19464,18881,18303,17729,17161,16598,16042,15494,14953,14422,21503,20917,20334,19755,19181,18611,18047,17489,16938,16394,15857,15330,21786,21207,20632,20062,19497,18937,18383,17836,17295,16763,16238,15724,22084,21513,20947,20386,19829,19279,18735,18199,17669,17148,22397,21834,21277,20724,20177,19637,19103,18577,18059,17549,18970
19,8543,7902,4108,8469,7821,6528,3312,2054,2678,3312,3951,5846,5196,3897,3248,2598,1949,650,0,650,1299,1949,3248,3897,5882,5237,2054,1452,919,919,1452,2054,3312,3951,11764,11118,10473,9829,9186,8543,7902,7262,6624,5356,2905,2342,1837,1452,1837,2342,2905,3498,4108,11853,11213,10574,9936,9300,7406,6781,3787,3248,2054,1949,2342,2756,3248,12612,11977,11344,10712,10084,9457,8835,7603,6397,4684,4159,2678,2598,2678,4684,5237,14022,13391,12761,12134,10270,9656,9047,7848,7262,6687,6128,5073,5588,17965,14186,10494,9893,9300,7575,23184,10752,10167,9590,23954,13391,12794,11619,11042,25365,24734,19723,19103,15439,14840,14245,13656,13072,12494,11924,26151,25523,19925,19312,18702,18094,17489,16290,15697,15108,14524,13946,13375,12811,12255,26320,25696,23830,18937,18337,17741,17148,16560,15976,15398,14826,14260,13152,26504,25884,25265,24648,24033,23419,22808,21592,20987,20386,19192,18600,18012,17429,16850,16277,15710,15150,14597,14052,24861,23643,23038,22435,21834,21237,20052,19464,18881,18303,17729,17161,16598,16042,15494,14953,22094,21503,20917,20334,19755,19181,18611,18047,17489,16938,16394,15857,22369,21786,21207,20632,20062,19497,18937,18383,17836,17295,16763,16238,22659,22084,21513,20947,20386,19829,19279,18735,18199,17669,22965,22397,21834,21277,20724,20177,19637,19103,18577,18059,19486
20,9186,8543,3498,9117,8469,7174,3951,1452,2054,2678,3312,6495,5846,4547,3897,3248,2598,1299,650,0,650,1299,2598,3248,6528,5882,2678,2054,1452,650,919,1452,2678,3312,12409,11764,11118,10473,9829,9186,8543,7902,7262,5988,3498,2905,2342,1837,1452,1837,2342,2905,3498,12494,11853,11213,10574,9936,8034,7406,4357,3787,2342,2054,2054,2342,2756,13248,12612,11977,11344,10712,10084,9457,8216,6996,5237,4684,2905,2678,2598,4159,4684,14654,14022,13391,12761,10888,10270,9656,8444,7848,7262,6687,4593,5073,18600,14812,11099,10494,9893,8139,23821,11344,10752,10167,24588,13991,13391,12204,11619,25998,25365,20344,19723,16042,15439,14840,14245,13656,13072,12494,26781,26151,20540,19925,19312,18702,18094,16888,16290,15697,15108,14524,13946,13375,12811,26946,26320,24451,19540,18937,18337,17741,17148,16560,15976,15398,14826,13702,27125,26504,25884,25265,24648,24033,23419,22199,21592,20987,19787,19192,18600,18012,17429,16850,16277,15710,15150,14597,25473,24251,23643,23038,22435,21834,20643,20052,19464,18881,18303,17729,17161,16598,16042,15494,22687,22094,21503,20917,20334,19755,19181,18611,18047,17489,16938,16394,22955,22369,21786,21207,20632,20062,19497,18937,18383,17836,17295,16763,23239,22659,22084,21513,20947,20386,19829,19279,18735,18199,23536,22965,22397,21834,21277,20724,20177,19637,19103,18577,20010
21,9829,9186,2905,9765,9117,7821,4593,919,1452,2054,2678,7145,6495,5196,4547,3897,3248,1949,1299,650,0,650,1949,2598,7174,6528,3312,2678,2054,919,650,919,2054,2678,13056,12409,11764,11118,10473,9829,9186,8543,7902,6624,4108,3498,2905,2342,1299,1452,1837,2342,2905,13136,12494,11853,11213,10574,8666,8034,4947,4357,2756,2342,1949,2054,2342,13885,13248,12612,11977,11344,10712,10084,8835,7603,5810,5237,3248,2905,2678,3674,4159,15288,14654,14022,13391,11510,10888,10270,9047,8444,7848,7262,4159,4593,19235,15439,11710,11099,10494,8714,24459,11942,11344,10752,25223,14597,13991,12794,12204,26631,25998,20967,20344,16649,16042,15439,14840,14245,13656,13072,27412,26781,21157,20540,19925,19312,18702,17489,16888,16290,15697,15108,14524,13946,13375,27573,26946,25072,20146,19540,18937,18337,17741,17148,16560,15976,15398,14260,27748,27125,26504,25884,25265,24648,24033,22808,22199,21592,20386,19787,19192,18600,18012,17429,16850,16277,15710,15150,26087,24861,24251,23643,23038,22435,21237,20643,20052,19464,18881,18303,17729,17161,16598,16042,23284,22687,22094,21503,20917,20334,19755,19181,18611,18047,17489,16938,23545,22955,22369,21786,21207,20632,20062,19497,18937,18383,17836,17295,23821,23239,22659,22084,21513,20947,20386,19829,19279,18735,24112,23536,22965,22397,21834,21277,20724,20177,19637,19103,20540
22,10473,9829,2342,10413,9765,8469,5237,650,919,1452,2054,7794,7145,5846,5196,4547,3897,2598,1949,1299,650,0,1299,1949,7821,7174,3951,3312,2678,1452,919,650,1452,2054,13702,13056,12409,11764,11118,10473,9829,9186,8543,7262,4729,4108,3498,2905,1452,1299,1452,1837,2342,13779,13136,12494,11853,11213,9300,8666,5550,4947,3248,2756,2054,1949,2054,14524,13885,13248,12612,11977,11344,10712,9457,8216,6397,5810,3674,3248,2905,3248,3674,15924,15288,14654,14022,12134,11510,10888,9656,9047,8444,7848,3787,4159,19872,16069,12324,11710,11099,9300,25098,12545,11942,11344,25859,15205,14597,13391,12794,27265,26631,21592,20967,17259,16649,16042,15439,14840,14245,13656,28043,27412,21776,21157,20540,19925,19312,18094,17489,16888,16290,15697,15108,14524,13946,28201,27573,25696,20755,20146,19540,18937,18337,17741,17148,16560,15976,14826,28372,27748,27125,26504,25884,25265,24648,23419,22808,22199,20987,20386,19787,19192,18600,18012,17429,16850,16277,15710,26702,25473,24861,24251,23643,23038,21834,21237,20643,20052,19464,18881,18303,17729,17161,16598,23883,23284,22687,22094,21503,20917,20334,19755,19181,18611,18047,17489,24138,23545,22955,22369,21786,21207,20632,20062,19497,18937,18383,17836,24407,23821,23239,22659,22084,21513,20947,20386,19829,19279,24691,24112,23536,22965,22397,21834,21277,20724,20177,19637,21077
23,11764,11118,1452,11710,11061,9765,6528,1452,919,650,919,9094,8444,7145,6495,5846,5196,3897,3248,2598,1949,1299,0,650,9117,8469,5237,4593,3951,2678,2054,1452,650,919,14996,14349,13702,13056,12409,11764,11118,10473,9829,8543,5988,5356,4729,4108,2342,1837,1452,1299,1452,15066,14422,13779,13136,12494,10574,9936,6781,6162,4357,3787,2756,2342,2054,15804,15164,14524,13885,13248,12612,11977,10712,9457,7603,6996,4684,4159,3674,2678,2905,17197,16560,15924,15288,13391,12761,12134,10888,10270,9656,9047,3312,3498,21147,17332,13563,12942,12324,10494,26376,13763,13152,12545,27133,16432,15817,14597,13991,28535,27900,22845,22218,18486,17871,17259,16649,16042,15439,14840,29308,28675,23020,22397,21776,21157,20540,19312,18702,18094,17489,16888,16290,15697,15108,29459,28829,26946,21979,21366,20755,20146,19540,18937,18337,17741,17148,15976,29623,28997,28372,27748,27125,26504,25884,24648,24033,23419,22199,21592,20987,20386,19787,19192,18600,18012,17429,16850,27938,26702,26087,25473,24861,24251,23038,22435,21834,21237,20643,20052,19464,18881,18303,17729,25089,24485,23883,23284,22687,22094,21503,20917,20334,19755,19181,18611,25332,24734,24138,23545,22955,22369,21786,21207,20632,20062,19497,18937,25589,24997,24407,23821,23239,22659,22084,21513,20947,20386,25859,25274,24691,24112,23536,22965,22397,21834,21277,20724,22170
24,12409,11764,1299,12358,11710,10413,7174,2054,1452,919,650,9743,9094,7794,7145,6495,5846,4547,3897,3248,2598,1949,650,0,9765,9117,5882,5237,4593,3312,2678,2054,919,650,15643,14996,14349,13702,13056,12409,11764,11118,10473,9186,6624,5988,5356,4729,2905,2342,1837,1452,1299,15710,15066,14422,13779,13136,11213,10574,7406,6781,4947,4357,3248,2756,2342,16445,15804,15164,14524,13885,13248,12612,11344,10084,8216,7603,5237,4684,4159,2598,2678,17836,17197,16560,15924,14022,13391,12761,11510,10888,10270,9656,3248,3312,21786,17965,14186,13563,12942,11099,27016,14378,13763,13152,27771,17050,16432,15205,14597,29171,28535,23473,22845,19103,18486,17871,17259,16649,16042,15439,29942,29308,23643,23020,22397,21776,21157,19925,19312,18702,18094,17489,16888,16290,15697,30090,29459,27573,22594,21979,21366,20755,20146,19540,18937,18337,17741,16560,30251,29623,28997,28372,27748,27125,26504,25265,24648,24033,22808,22199,21592,20987,20386,19787,19192,18600,18012,17429,28557,27319,26702,26087,25473,24861,23643,23038,22435,21834,21237,20643,20052,19464,18881,18303,25696,25089,24485,23883,23284,22687,22094,21503,20917,20334,19755,19181,25933,25332,24734,24138,23545,22955,22369,21786,21207,20632,20062,19497,26184,25589,24997,24407,23821,23239,22659,22084,21513,20947,26448,25859,25274,24691,24112,23536,22965,22397,21834,21277,22724
25,3248,2756,9936,2905,2342,1452,2905,7902,8543,9186,9829,650,919,2054,2678,3312,3951,5237,5882,6528,7174,7821,9117,9765,0,650,3897,4547,5196,6495,7145,7794,9094,9743,5882,5237,4593,3951,3312,2678,2054,1452,919,919,3312,3951,4593,5237,7174,7821,8469,9117,9765,5988,5356,4729,4108,3498,1837,1452,2905,3498,5356,5988,7262,7902,8543,6781,6162,5550,4947,4357,3787,3248,2342,1949,2756,3248,5550,6162,6781,9936,10574,8216,7603,6996,6397,4684,4159,3674,2905,2678,2598,2678,10084,10712,12134,8444,5073,4593,4159,3312,17332,5511,5073,4684,18117,7929,7406,6430,5988,19540,18915,13991,13391,9915,9368,8835,8318,7821,7349,6905,20344,19723,14245,13656,13072,12494,11924,10810,10270,9743,9232,8739,8267,7821,7406,20540,19925,18094,13375,12811,12255,11710,11175,10653,10146,9656,9186,8318,20755,20146,19540,18937,18337,17741,17148,15976,15398,14826,13702,13152,12612,12082,11565,11061,10574,10104,9656,9232,19192,18012,17429,16850,16277,15710,14597,14052,13516,12991,12477,11977,11491,11023,10574,10146,16598,16042,15494,14953,14422,13901,13391,12893,12409,11942,11491,11061,16938,16394,15857,15330,14812,14305,13809,13327,12860,12409,11977,11565,17295,16763,16238,15724,15219,14726,14245,13779,13327,12893,17669,17148,16636,16134,15643,15164,14697,14245,13809,13391,14726
26,3787,3248,9300,3498,2905,1837,2342,7262,7902,8543,9186,919,650,1452,2054,2678,3312,4593,5237,5882,6528,7174,8469,9117,650,0,3248,3897,4547,5846,6495,7145,8444,9094,6528,5882,5237,4593,3951,3312,2678,2054,1452,650,2678,3312,3951,4593,6528,7174,7821,8469,9117,6624,5988,5356,4729,4108,2342,1837,2342,2905,4729,5356,6624,7262,7902,7406,6781,6162,5550,4947,4357,3787,2756,2054,2342,2756,4947,5550,6162,9300,9936,8835,8216,7603,6996,5237,4684,4159,3248,2905,2678,2598,9457,10084,12761,9047,5588,5073,4593,3498,17965,5988,5511,5073,18747,8469,7929,6905,6430,20167,19540,14597,13991,10473,9915,9368,8835,8318,7821,7349,20967,20344,14840,14245,13656,13072,12494,11362,10810,10270,9743,9232,8739,8267,7821,21157,20540,18702,13946,13375,12811,12255,11710,11175,10653,10146,9656,8739,21366,20755,20146,19540,18937,18337,17741,16560,15976,15398,14260,13702,13152,12612,12082,11565,11061,10574,10104,9656,19787,18600,18012,17429,16850,16277,15150,14597,14052,13516,12991,12477,11977,11491,11023,10574,17161,16598,16042,15494,14953,14422,13901,13391,12893,12409,11942,11491,17489,16938,16394,15857,15330,14812,14305,13809,13327,12860,12409,11977,17836,17295,16763,16238,15724,15219,14726,14245,13779,13327,18199,17669,17148,16636,16134,15643,15164,14697,14245,13809,15164
27,6781,6162,6162,6624,5988,4729,1837,4108,4729,5356,5988,3951,3312,2054,1452,919,650,1452,2054,2678,3312,3951,5237,5882,3897,3248,0,650,1299,2598,3248,3897,5196,5846,9765,9117,8469,7821,7174,6528,5882,5237,4593,3312,919,650,919,1452,3312,3951,4593,5237,5882,9829,9186,8543,7902,7262,5356,4729,1837,1452,1837,2342,3498,4108,4729,10574,9936,9300,8666,8034,7406,6781,5550,4357,2756,2342,2342,2756,3248,6162,6781,11977,11344,10712,10084,8216,7603,6996,5810,5237,4684,4159,6397,6996,15924,12134,8444,7848,7262,5588,21147,8714,8139,7575,21912,11344,10752,9590,9024,23320,22687,17669,17050,13391,12794,12204,11619,11042,10473,9915,24103,23473,17871,17259,16649,16042,15439,14245,13656,13072,12494,11924,11362,10810,10270,24269,23643,21776,16888,16290,15697,15108,14524,13946,13375,12811,12255,11175,24451,23830,23211,22594,21979,21366,20755,19540,18937,18337,17148,16560,15976,15398,14826,14260,13702,13152,12612,12082,22808,21592,20987,20386,19787,19192,18012,17429,16850,16277,15710,15150,14597,14052,13516,12991,20052,19464,18881,18303,17729,17161,16598,16042,15494,14953,14422,13901,20334,19755,19181,18611,18047,17489,16938,16394,15857,15330,14812,14305,20632,20062,19497,18937,18383,17836,17295,16763,16238,15724,20947,20386,19829,19279,18735,18199,17669,17148,16636,16134,17549
28,7406,6781,5550,7262,6624,5356,2342,3498,4108,4729,5356,4593,3951,2678,2054,1452,919,919,1452,2054,2678,3312,4593,5237,4547,3897,650,0,650,1949,2598,3248,4547,5196,10413,9765,9117,8469,7821,7174,6528,5882,5237,3951,1452,919,650,919,2678,3312,3951,4593,5237,10473,9829,9186,8543,7902,5988,5356,2342,1837,1452,1837,2905,3498,4108,11213,10574,9936,9300,8666,8034,7406,6162,4947,3248,2756,2054,2342,2756,5550,6162,12612,11977,11344,10712,8835,8216,7603,6397,5810,5237,4684,5810,6397,16560,12761,9047,8444,7848,6128,21786,9300,8714,8139,22547,11942,11344,10167,9590,23954,23320,18291,17669,13991,13391,12794,12204,11619,11042,10473,24734,24103,18486,17871,17259,16649,16042,14840,14245,13656,13072,12494,11924,11362,10810,24895,24269,22397,17489,16888,16290,15697,15108,14524,13946,13375,12811,11710,25072,24451,23830,23211,22594,21979,21366,20146,19540,18937,17741,17148,16560,15976,15398,14826,14260,13702,13152,12612,23419,22199,21592,20987,20386,19787,18600,18012,17429,16850,16277,15710,15150,14597,14052,13516,20643,20052,19464,18881,18303,17729,17161,16598,16042,15494,14953,14422,20917,20334,19755,19181,18611,18047,17489,16938,16394,15857,15330,14812,21207,20632,20062,19497,18937,18383,17836,17295,16763,16238,21513,20947,20386,19829,19279,18735,18199,17669,17148,16636,18059
29,8034,7406,4947,7902,7262,5988,2905,2905,3498,4108,4729,5237,4593,3312,2678,2054,1452,650,919,1452,2054,2678,3951,4593,5196,4547,1299,650,0,1299,1949,2598,3897,4547,11061,10413,9765,9117,8469,7821,7174,6528,5882,4593,2054,1452,919,650,2054,2678,3312,3951,4593,11118,10473,9829,9186,8543,6624,5988,2905,2342,1299,1452,2342,2905,3498,11853,11213,10574,9936,9300,8666,8034,6781,5550,3787,3248,1949,2054,2342,4947,5550,13248,12612,11977,11344,9457,8835,8216,6996,6397,5810,5237,5237,5810,17197,13391,9656,9047,8444,6687,22425,9893,9300,8714,23184,12545,11942,10752,10167,24588,23954,18915,18291,14597,13991,13391,12794,12204,11619,11042,25365,24734,19103,18486,17871,17259,16649,15439,14840,14245,13656,13072,12494,11924,11362,25523,24895,23020,18094,17489,16888,16290,15697,15108,14524,13946,13375,12255,25696,25072,24451,23830,23211,22594,21979,20755,20146,19540,18337,17741,17148,16560,15976,15398,14826,14260,13702,13152,24033,22808,22199,21592,20987,20386,19192,18600,18012,17429,16850,16277,15710,15150,14597,14052,21237,20643,20052,19464,18881,18303,17729,17161,16598,16042,15494,14953,21503,20917,20334,19755,19181,18611,18047,17489,16938,16394,15857,15330,21786,21207,20632,20062,19497,18937,18383,17836,17295,16763,22084,21513,20947,20386,19829,19279,18735,18199,17669,17148,18577
30,9300,8666,3787,9186,8543,7262,4108,1837,2342,2905,3498,6528,5882,4593,3951,3312,2678,1452,919,650,919,1452,2678,3312,6495,5846,2598,1949,1299,0,650,1299,2598,3248,12358,11710,11061,10413,9765,9117,8469,7821,7174,5882,3312,2678,2054,1452,919,1452,2054,2678,3312,12409,11764,11118,10473,9829,7902,7262,4108,3498,1837,1452,1452,1837,2342,13136,12494,11853,11213,10574,9936,9300,8034,6781,4947,4357,2342,2054,1949,3787,4357,14524,13885,13248,12612,10712,10084,9457,8216,7603,6996,6397,4159,4684,18475,14654,10888,10270,9656,7848,23706,11099,10494,9893,24459,13763,13152,11942,11344,25859,25223,20167,19540,15817,15205,14597,13991,13391,12794,12204,26631,25998,20344,19723,19103,18486,17871,16649,16042,15439,14840,14245,13656,13072,12494,26781,26151,24269,19312,18702,18094,17489,16888,16290,15697,15108,14524,13375,26946,26320,25696,25072,24451,23830,23211,21979,21366,20755,19540,18937,18337,17741,17148,16560,15976,15398,14826,14260,25265,24033,23419,22808,22199,21592,20386,19787,19192,18600,18012,17429,16850,16277,15710,15150,22435,21834,21237,20643,20052,19464,18881,18303,17729,17161,16598,16042,22687,22094,21503,20917,20334,19755,19181,18611,18047,17489,16938,16394,22955,22369,21786,21207,20632,20062,19497,18937,18383,17836,23239,22659,22084,21513,20947,20386,19829,19279,18735,18199,19637
31,9936,9300,3248,9829,9186,7902,4729,1452,1837,2342,2905,7174,6528,5237,4593,3951,3312,2054,1452,919,650,919,2054,2678,7145,6495,3248,2598,1949,650,0,650,1949,2598,13007,12358,11710,11061,10413,9765,9117,8469,7821,6528,3951,3312,2678,2054,650,919,1452,2054,2678,13056,12409,11764,11118,10473,8543,7902,4729,4108,2342,1837,1299,1452,1837,13779,13136,12494,11853,11213,10574,9936,8666,7406,5550,4947,2756,2342,2054,3248,3787,15164,14524,13885,13248,11344,10712,10084,8835,8216,7603,6996,3674,4159,19114,15288,11510,10888,10270,8444,24347,11710,11099,10494,25098,14378,13763,12545,11942,26496,25859,20795,20167,16432,15817,15205,14597,13991,13391,12794,27265,26631,20967,20344,19723,19103,18486,17259,16649,16042,15439,14840,14245,13656,13072,27412,26781,24895,19925,19312,18702,18094,17489,16888,16290,15697,15108,13946,27573,26946,26320,25696,25072,24451,23830,22594,21979,21366,20146,19540,18937,18337,17741,17148,16560,15976,15398,14826,25884,24648,24033,23419,22808,22199,20987,20386,19787,19192,18600,18012,17429,16850,16277,15710,23038,22435,21834,21237,20643,20052,19464,18881,18303,17729,17161,16598,23284,22687,22094,21503,20917,20334,19755,19181,18611,18047,17489,16938,23545,22955,22369,21786,21207,20632,20062,19497,18937,18383,23821,23239,22659,22084,21513,20947,20386,19829,19279,18735,20177
32,10574,9936,2756,10473,9829,8543,5356,1299,1452,1837,2342,7821,7174,5882,5237,4593,3951,2678,2054,1452,919,650,1452,2054,7794,7145,3897,3248,2598,1299,650,0,1299,1949,13656,13007,12358,11710,11061,10413,9765,9117,8469,7174,4593,3951,3312,2678,919,650,919,1452,2054,13702,13056,12409,11764,11118,9186,8543,5356,4729,2905,2342,1452,1299,1452,14422,13779,13136,12494,11853,11213,10574,9300,8034,6162,5550,3248,2756,2342,2756,3248,15804,15164,14524,13885,11977,11344,10712,9457,8835,8216,7603,3248,3674,19755,15924,12134,11510,10888,9047,24988,12324,11710,11099,25737,14996,14378,13152,12545,27133,26496,21425,20795,17050,16432,15817,15205,14597,13991,13391,27900,27265,21592,20967,20344,19723,19103,17871,17259,16649,16042,15439,14840,14245,13656,28043,27412,25523,20540,19925,19312,18702,18094,17489,16888,16290,15697,14524,28201,27573,26946,26320,25696,25072,24451,23211,22594,21979,20755,20146,19540,18937,18337,17741,17148,16560,15976,15398,26504,25265,24648,24033,23419,22808,21592,20987,20386,19787,19192,18600,18012,17429,16850,16277,23643,23038,22435,21834,21237,20643,20052,19464,18881,18303,17729,17161,23883,23284,22687,22094,21503,20917,20334,19755,19181,18611,18047,17489,24138,23545,22955,22369,21786,21207,20632,20062,19497,18937,24407,23821,23239,22659,22084,21513,20947,20386,19829,19279,20724
33,11853,11213,2054,11764,11118,9829,6624,1837,1452,1299,1452,9117,8469,7174,6528,5882,5237,3951,3312,2678,2054,1452,650,919,9094,8444,5196,4547,3897,2598,1949,1299,0,650,14953,14305,13656,13007,12358,11710,11061,10413,9765,8469,5882,5237,4593,3951,2054,1452,919,650,919,14996,14349,13702,13056,12409,10473,9829,6624,5988,4108,3498,2342,1837,1452,15710,15066,14422,13779,13136,12494,11853,10574,9300,7406,6781,4357,3787,3248,2054,2342,17087,16445,15804,15164,13248,12612,11977,10712,10084,9457,8835,2678,2905,21037,17197,13391,12761,12134,10270,26272,13563,12942,12324,27016,16238,15616,14378,13763,28409,27771,22687,22056,18291,17669,17050,16432,15817,15205,14597,29171,28535,22845,22218,21592,20967,20344,19103,18486,17871,17259,16649,16042,15439,14840,29308,28675,26781,21776,21157,20540,19925,19312,18702,18094,17489,16888,15697,29459,28829,28201,27573,26946,26320,25696,24451,23830,23211,21979,21366,20755,20146,19540,18937,18337,17741,17148,16560,27748,26504,25884,25265,24648,24033,22808,22199,21592,20987,20386,19787,19192,18600,18012,17429,24861,24251,23643,23038,22435,21834,21237,20643,20052,19464,18881,18303,25089,24485,23883,23284,22687,22094,21503,20917,20334,19755,19181,18611,25332,24734,24138,23545,22955,22369,21786,21207,20632,20062,25589,24997,24407,23821,23239,22659,22084,21513,20947,20386,21834
34,12494,11853,1949,12409,11764,10473,7262,2342,1837,1452,1299,9765,9117,7821,7174,6528,5882,4593,3951,3312,2678,2054,919,650,9743,9094,5846,5196,4547,3248,2598,1949,650,0,15602,14953,14305,13656,13007,12358,11710,11061,10413,9117,6528,5882,5237,4593,2678,2054,1452,919,650,15643,14996,14349,13702,13056,11118,10473,7262,6624,4729,4108,2905,2342,1837,16355,15710,15066,14422,13779,13136,12494,11213,9936,8034,7406,4947,4357,3787,1949,2054,17729,17087,16445,15804,13885,13248,12612,11344,10712,10084,9457,2598,2678,21679,17836,14022,13391,12761,10888,26915,14186,13563,12942,27657,16863,16238,14996,14378,29048,28409,23320,22687,18915,18291,17669,17050,16432,15817,15205,29808,29171,23473,22845,22218,21592,20967,19723,19103,18486,17871,17259,16649,16042,15439,29942,29308,27412,22397,21776,21157,20540,19925,19312,18702,18094,17489,16290,30090,29459,28829,28201,27573,26946,26320,25072,24451,23830,22594,21979,21366,20755,20146,19540,18937,18337,17741,17148,28372,27125,26504,25884,25265,24648,23419,22808,22199,21592,20987,20386,19787,19192,18600,18012,25473,24861,24251,23643,23038,22435,21834,21237,20643,20052,19464,18881,25696,25089,24485,23883,23284,22687,22094,21503,20917,20334,19755,19181,25933,25332,24734,24138,23545,22955,22369,21786,21207,20632,26184,25589,24997,24407,23821,23239,22659,22084,21513,20947,22397
35,4159,4684,15804,3787,4357,5550,8666,13779,14422,15066,15710,5988,6624,7902,8543,9186,9829,11118,11764,12409,13056,13702,14996,15643,5882,6528,9765,10413,11061,12358,13007,13656,14953,15602,0,650,1299,1949,2598,3248,3897,4547,5196,6495,9094,9743,10393,11042,12991,13640,14290,14939,15589,650,919,1452,2054,2678,4593,5237,8469,9117,11061,11710,13007,13656,14305,1452,1299,1452,1837,2342,2905,3498,4729,5988,7902,8543,11118,11764,12409,15643,16290,2756,2342,2054,1949,2756,3248,3787,4947,5550,6162,6781,15710,16355,6397,3248,3248,3674,4159,5810,11510,3787,4159,4593,12324,3951,3897,4108,4357,13763,13152,8469,7929,5237,4947,4729,4593,4547,4593,4729,14597,13991,8835,8318,7821,7349,6905,6128,5810,5550,5356,5237,5196,5237,5356,14840,14245,12494,8267,7821,7406,7026,6687,6397,6162,5988,5882,5882,15108,14524,13946,13375,12811,12255,11710,10653,10146,9656,8739,8318,7929,7575,7262,6996,6781,6624,6528,6495,13702,12612,12082,11565,11061,10574,9656,9232,8835,8469,8139,7848,7603,7406,7262,7174,11491,11023,10574,10146,9743,9368,9024,8714,8444,8216,8034,7902,11942,11491,11061,10653,10270,9915,9590,9300,9047,8835,8666,8543,12409,11977,11565,11175,10810,10473,10167,9893,9656,9457,12893,12477,12082,11710,11362,11042,10752,10494,10270,10084,11099
36,3674,4159,15164,3248,3787,4947,8034,13136,13779,14422,15066,5356,5988,7262,7902,8543,9186,10473,11118,11764,12409,13056,14349,14996,5237,5882,9117,9765,10413,11710,12358,13007,14305,14953,650,0,650,1299,1949,2598,3248,3897,4547,5846,8444,9094,9743,10393,12341,12991,13640,14290,14939,919,650,919,1452,2054,3951,4593,7821,8469,10413,11061,12358,13007,13656,1837,1452,1299,1452,1837,2342,2905,4108,5356,7262,7902,10473,11118,11764,14996,15643,3248,2756,2342,2054,2342,2756,3248,4357,4947,5550,6162,15066,15710,6996,3674,2905,3248,3674,5237,12134,3498,3787,4159,12942,4108,3951,3951,4108,14378,13763,9024,8469,5588,5237,4947,4729,4593,4547,4593,15205,14597,9368,8835,8318,7821,7349,6495,6128,5810,5550,5356,5237,5196,5237,15439,14840,13072,8739,8267,7821,7406,7026,6687,6397,6162,5988,5846,15697,15108,14524,13946,13375,12811,12255,11175,10653,10146,9186,8739,8318,7929,7575,7262,6996,6781,6624,6528,14260,13152,12612,12082,11565,11061,10104,9656,9232,8835,8469,8139,7848,7603,7406,7262,11977,11491,11023,10574,10146,9743,9368,9024,8714,8444,8216,8034,12409,11942,11491,11061,10653,10270,9915,9590,9300,9047,8835,8666,12860,12409,11977,11565,11175,10810,10473,10167,9893,9656,13327,12893,12477,12082,11710,11362,11042,10752,10494,10270,11344
37,3248,3674,14524,2756,3248,4357,7406,12494,13136,13779,14422,4729,5356,6624,7262,7902,8543,9829,10473,11118,11764,12409,13702,14349,4593,5237,8469,9117,9765,11061,11710,12358,13656,14305,1299,650,0,650,1299,1949,2598,3248,3897,5196,7794,8444,9094,9743,11692,12341,12991,13640,14290,1452,919,650,919,1452,3312,3951,7174,7821,9765,10413,11710,12358,13007,2342,1837,1452,1299,1452,1837,2342,3498,4729,6624,7262,9829,10473,11118,14349,14996,3787,3248,2756,2342,2054,2342,2756,3787,4357,4947,5550,14422,15066,7603,4159,2678,2905,3248,4684,12761,3312,3498,3787,13563,4357,4108,3897,3951,14996,14378,9590,9024,5988,5588,5237,4947,4729,4593,4547,15817,15205,9915,9368,8835,8318,7821,6905,6495,6128,5810,5550,5356,5237,5196,16042,15439,13656,9232,8739,8267,7821,7406,7026,6687,6397,6162,5882,16290,15697,15108,14524,13946,13375,12811,11710,11175,10653,9656,9186,8739,8318,7929,7575,7262,6996,6781,6624,14826,13702,13152,12612,12082,11565,10574,10104,9656,9232,8835,8469,8139,7848,7603,7406,12477,11977,11491,11023,10574,10146,9743,9368,9024,8714,8444,8216,12893,12409,11942,11491,11061,10653,10270,9915,9590,9300,9047,8835,13327,12860,12409,11977,11565,11175,10810,10473,10167,9893,13779,13327,12893,12477,12082,11710,11362,11042,10752,10494,11619
38,2905,3248,13885,2342,2756,3787,6781,11853,12494,13136,13779,4108,4729,5988,6624,7262,7902,9186,9829,10473,11118,11764,13056,13702,3951,4593,7821,8469,9117,10413,11061,11710,13007,13656,1949,1299,650,0,650,1299,1949,2598,3248,4547,7145,7794,8444,9094,11042,11692,12341,12991,13640,2054,1452,919,650,919,2678,3312,6528,7174,9117,9765,11061,11710,12358,2905,2342,1837,1452,1299,1452,1837,2905,4108,5988,6624,9186,9829,10473,13702,14349,4357,3787,3248,2756,1949,2054,2342,3248,3787,4357,4947,13779,14422,8216,4684,2598,2678,2905,4159,13391,3248,3312,3498,14186,4684,4357,3951,3897,15616,14996,10167,9590,6430,5988,5588,5237,4947,4729,4593,16432,15817,10473,9915,9368,8835,8318,7349,6905,6495,6128,5810,5550,5356,5237,16649,16042,14245,9743,9232,8739,8267,7821,7406,7026,6687,6397,5988,16888,16290,15697,15108,14524,13946,13375,12255,11710,11175,10146,9656,9186,8739,8318,7929,7575,7262,6996,6781,15398,14260,13702,13152,12612,12082,11061,10574,10104,9656,9232,8835,8469,8139,7848,7603,12991,12477,11977,11491,11023,10574,10146,9743,9368,9024,8714,8444,13391,12893,12409,11942,11491,11061,10653,10270,9915,9590,9300,9047,13809,13327,12860,12409,11977,11565,11175,10810,10473,10167,14245,13779,13327,12893,12477,12082,11710,11362,11042,10752,11924
39,2678,2905,13248,2054,2342,3248,6162,11213,11853,12494,13136,3498,4108,5356,5988,6624,7262,8543,9186,9829,10473,11118,12409,13056,3312,3951,7174,7821,8469,9765,10413,11061,12358,13007,2598,1949,1299,650,0,650,1299,1949,2598,3897,6495,7145,7794,8444,10393,11042,11692,12341,12991,2678,2054,1452,919,650,2054,2678,5882,6528,8469,9117,10413,11061,11710,3498,2905,2342,1837,1452,1299,1452,2342,3498,5356,5988,8543,9186,9829,13056,13702,4947,4357,3787,3248,2054,1949,2054,2756,3248,3787,4357,13136,13779,8835,5237,2678,2598,2678,3674,14022,3312,3248,3312,14812,5073,4684,4108,3951,16238,15616,10752,10167,6905,6430,5988,5588,5237,4947,4729,17050,16432,11042,10473,9915,9368,8835,7821,7349,6905,6495,6128,5810,5550,5356,17259,16649,14840,10270,9743,9232,8739,8267,7821,7406,7026,6687,6162,17489,16888,16290,15697,15108,14524,13946,12811,12255,11710,10653,10146,9656,9186,8739,8318,7929,7575,7262,6996,15976,14826,14260,13702,13152,12612,11565,11061,10574,10104,9656,9232,8835,8469,8139,7848,13516,12991,12477,11977,11491,11023,10574,10146,9743,9368,9024,8714,13901,13391,12893,12409,11942,11491,11061,10653,10270,9915,9590,9300,14305,13809,13327,12860,12409,11977,11565,11175,10810,10473,14726,14245,13779,13327,12893,12477,12082,11710,11362,11042,12255
40,2598,2678,12612,1949,2054,2756,5550,10574,11213,11853,12494,2905,3498,4729,5356,5988,6624,7902,8543,9186,9829,10473,11764,12409,2678,3312,6528,7174,7821,9117,9765,10413,11710,12358,3248,2598,1949,1299,650,0,650,1299,1949,3248,5846,6495,7145,7794,9743,10393,11042,11692,12341,3312,2678,2054,1452,919,1452,2054,5237,5882,7821,8469,9765,10413,11061,4108,3498,2905,2342,1837,1452,1299,1837,2905,4729,5356,7902,8543,9186,12409,13056,5550,4947,4357,3787,2342,2054,1949,2342,2756,3248,3787,12494,13136,9457,5810,2905,2678,2598,3248,14654,3498,3312,3248,15439,5511,5073,4357,4108,16863,16238,11344,10752,7406,6905,6430,5988,5588,5237,4947,17669,17050,11619,11042,10473,9915,9368,8318,7821,7349,6905,6495,6128,5810,5550,17871,17259,15439,10810,10270,9743,9232,8739,8267,7821,7406,7026,6397,18094,17489,16888,16290,15697,15108,14524,13375,12811,12255,11175,10653,10146,9656,9186,8739,8318,7929,7575,7262,16560,15398,14826,14260,13702,13152,12082,11565,11061,10574,10104,9656,9232,8835,8469,8139,14052,13516,12991,12477,11977,11491,11023,10574,10146,9743,9368,9024,14422,13901,13391,12893,12409,11942,11491,11061,10653,10270,9915,9590,14812,14305,13809,13327,12860,12409,11977,11565,11175,10810,15219,14726,14245,13779,13327,12893,12477,12082,11710,11362,12612
41,2678,2598,11977,2054,1949,2342,4947,9936,10574,11213,11853,2342,2905,4108,4729,5356,5988,7262,7902,8543,9186,9829,11118,11764,2054,2678,5882,6528,7174,8469,9117,9765,11061,11710,3897,3248,2598,1949,1299,650,0,650,1299,2598,5196,5846,6495,7145,9094,9743,10393,11042,11692,3951,3312,2678,2054,1452,919,1452,4593,5237,7174,7821,9117,9765,10413,4729,4108,3498,2905,2342,1837,1452,1452,2342,4108,4729,7262,7902,8543,11764,12409,6162,5550,4947,4357,2756,2342,2054,2054,2342,2756,3248,11853,12494,10084,6397,3248,2905,2678,2905,15288,3787,3498,3312,16069,5988,5511,4684,4357,17489,16863,11942,11344,7929,7406,6905,6430,5988,5588,5237,18291,17669,12204,11619,11042,10473,9915,8835,8318,7821,7349,6905,6495,6128,5810,18486,17871,16042,11362,10810,10270,9743,9232,8739,8267,7821,7406,6687,18702,18094,17489,16888,16290,15697,15108,13946,13375,12811,11710,11175,10653,10146,9656,9186,8739,8318,7929,7575,17148,15976,15398,14826,14260,13702,12612,12082,11565,11061,10574,10104,9656,9232,8835,8469,14597,14052,13516,12991,12477,11977,11491,11023,10574,10146,9743,9368,14953,14422,13901,13391,12893,12409,11942,11491,11061,10653,10270,9915,15330,14812,14305,13809,13327,12860,12409,11977,11565,11175,15724,15219,14726,14245,13779,13327,12893,12477,12082,11710,12991
42,2905,2678,11344,2342,2054,2054,4357,9300,9936,10574,11213,1837,2342,3498,4108,4729,5356,6624,7262,7902,8543,9186,10473,11118,1452,2054,5237,5882,6528,7821,8469,9117,10413,11061,4547,3897,3248,2598,1949,1299,650,0,650,1949,4547,5196,5846,6495,8444,9094,9743,10393,11042,4593,3951,3312,2678,2054,650,919,3951,4593,6528,7174,8469,9117,9765,5356,4729,4108,3498,2905,2342,1837,1299,1837,3498,4108,6624,7262,7902,11118,11764,6781,6162,5550,4947,3248,2756,2342,1949,2054,2342,2756,11213,11853,10712,6996,3674,3248,2905,2678,15924,4159,3787,3498,16700,6495,5988,5073,4684,18117,17489,12545,11942,8469,7929,7406,6905,6430,5988,5588,18915,18291,12794,12204,11619,11042,10473,9368,8835,8318,7821,7349,6905,6495,6128,19103,18486,16649,11924,11362,10810,10270,9743,9232,8739,8267,7821,7026,19312,18702,18094,17489,16888,16290,15697,14524,13946,13375,12255,11710,11175,10653,10146,9656,9186,8739,8318,7929,17741,16560,15976,15398,14826,14260,13152,12612,12082,11565,11061,10574,10104,9656,9232,8835,15150,14597,14052,13516,12991,12477,11977,11491,11023,10574,10146,9743,15494,14953,14422,13901,13391,12893,12409,11942,11491,11061,10653,10270,15857,15330,14812,14305,13809,13327,12860,12409,11977,11565,16238,15724,15219,14726,14245,13779,13327,12893,12477,12082,13391
43,3248,2905,10712,2756,2342,1949,3787,8666,9300,9936,10574,1452,1837,2905,3498,4108,4729,5988,6624,7262,7902,8543,9829,10473,919,1452,4593,5237,5882,7174,7821,8469,9765,10413,5196,4547,3897,3248,2598,1949,1299,650,0,1299,3897,4547,5196,5846,7794,8444,9094,9743,10393,5237,4593,3951,3312,2678,919,650,3312,3951,5882,6528,7821,8469,9117,5988,5356,4729,4108,3498,2905,2342,1452,1452,2905,3498,5988,6624,7262,10473,11118,7406,6781,6162,5550,3787,3248,2756,2054,1949,2054,2342,10574,11213,11344,7603,4159,3674,3248,2598,16560,4593,4159,3787,17332,7026,6495,5511,5073,18747,18117,13152,12545,9024,8469,7929,7406,6905,6430,5988,19540,18915,13391,12794,12204,11619,11042,9915,9368,8835,8318,7821,7349,6905,6495,19723,19103,17259,12494,11924,11362,10810,10270,9743,9232,8739,8267,7406,19925,19312,18702,18094,17489,16888,16290,15108,14524,13946,12811,12255,11710,11175,10653,10146,9656,9186,8739,8318,18337,17148,16560,15976,15398,14826,13702,13152,12612,12082,11565,11061,10574,10104,9656,9232,15710,15150,14597,14052,13516,12991,12477,11977,11491,11023,10574,10146,16042,15494,14953,14422,13901,13391,12893,12409,11942,11491,11061,10653,16394,15857,15330,14812,14305,13809,13327,12860,12409,11977,16763,16238,15724,15219,14726,14245,13779,13327,12893,12477,13809
44,4159,3674,9457,3787,3248,2342,2756,7406,8034,8666,9300,1452,1299,1837,2342,2905,3498,4729,5356,5988,6624,7262,8543,9186,919,650,3312,3951,4593,5882,6528,7174,8469,9117,6495,5846,5196,4547,3897,3248,2598,1949,1299,0,2598,3248,3897,4547,6495,7145,7794,8444,9094,6528,5882,5237,4593,3951,2054,1452,2054,2678,4593,5237,6528,7174,7821,7262,6624,5988,5356,4729,4108,3498,2342,1452,1837,2342,4729,5356,5988,9186,9829,8666,8034,7406,6781,4947,4357,3787,2756,2342,2054,1949,9300,9936,12612,8835,5237,4684,4159,2905,17836,5588,5073,4593,18600,8139,7575,6495,5988,20010,19378,14378,13763,10167,9590,9024,8469,7929,7406,6905,20795,20167,14597,13991,13391,12794,12204,11042,10473,9915,9368,8835,8318,7821,7349,20967,20344,18486,13656,13072,12494,11924,11362,10810,10270,9743,9232,8267,21157,20540,19925,19312,18702,18094,17489,16290,15697,15108,13946,13375,12811,12255,11710,11175,10653,10146,9656,9186,19540,18337,17741,17148,16560,15976,14826,14260,13702,13152,12612,12082,11565,11061,10574,10104,16850,16277,15710,15150,14597,14052,13516,12991,12477,11977,11491,11023,17161,16598,16042,15494,14953,14422,13901,13391,12893,12409,11942,11491,17489,16938,16394,15857,15330,14812,14305,13809,13327,12860,17836,17295,16763,16238,15724,15219,14726,14245,13779,13327,14697
45,6397,5810,6996,6162,5550,4357,2054,4947,5550,6162,6781,3498,2905,1837,1452,1299,1452,2342,2905,3498,4108,4729,5988,6624,3312,2678,919,1452,2054,3312,3951,4593,5882,6528,9094,8444,7794,7145,6495,5846,5196,4547,3897,2598,0,650,1299,1949,3897,4547,5196,5846,6495,9117,8469,7821,7174,6528,4593,3951,919,650,2054,2678,3951,4593,5237,9829,9186,8543,7902,7262,6624,5988,4729,3498,1837,1452,2342,2905,3498,6624,7262,11213,10574,9936,9300,7406,6781,6162,4947,4357,3787,3248,6781,7406,15164,11344,7603,6996,6397,4684,20396,7848,7262,6687,21147,10494,9893,8714,8139,22547,21912,16863,16238,12545,11942,11344,10752,10167,9590,9024,23320,22687,17050,16432,15817,15205,14597,13391,12794,12204,11619,11042,10473,9915,9368,23473,22845,20967,16042,15439,14840,14245,13656,13072,12494,11924,11362,10270,23643,23020,22397,21776,21157,20540,19925,18702,18094,17489,16290,15697,15108,14524,13946,13375,12811,12255,11710,11175,21979,20755,20146,19540,18937,18337,17148,16560,15976,15398,14826,14260,13702,13152,12612,12082,19192,18600,18012,17429,16850,16277,15710,15150,14597,14052,13516,12991,19464,18881,18303,17729,17161,16598,16042,15494,14953,14422,13901,13391,19755,19181,18611,18047,17489,16938,16394,15857,15330,14812,20062,19497,18937,18383,17836,17295,16763,16238,15724,15219,16636
46,6996,6397,6397,6781,6162,4947,2342,4357,4947,5550,6162,4108,3498,2342,1837,1452,1299,1837,2342,2905,3498,4108,5356,5988,3951,3312,650,919,1452,2678,3312,3951,5237,5882,9743,9094,8444,7794,7145,6495,5846,5196,4547,3248,650,0,650,1299,3248,3897,4547,5196,5846,9765,9117,8469,7821,7174,5237,4593,1452,919,1452,2054,3312,3951,4593,10473,9829,9186,8543,7902,7262,6624,5356,4108,2342,1837,1837,2342,2905,5988,6624,11853,11213,10574,9936,8034,7406,6781,5550,4947,4357,3787,6162,6781,15804,11977,8216,7603,6996,5237,21037,8444,7848,7262,21786,11099,10494,9300,8714,23184,22547,17489,16863,13152,12545,11942,11344,10752,10167,9590,23954,23320,17669,17050,16432,15817,15205,13991,13391,12794,12204,11619,11042,10473,9915,24103,23473,21592,16649,16042,15439,14840,14245,13656,13072,12494,11924,10810,24269,23643,23020,22397,21776,21157,20540,19312,18702,18094,16888,16290,15697,15108,14524,13946,13375,12811,12255,11710,22594,21366,20755,20146,19540,18937,17741,17148,16560,15976,15398,14826,14260,13702,13152,12612,19787,19192,18600,18012,17429,16850,16277,15710,15150,14597,14052,13516,20052,19464,18881,18303,17729,17161,16598,16042,15494,14953,14422,13901,20334,19755,19181,18611,18047,17489,16938,16394,15857,15330,20632,20062,19497,18937,18383,17836,17295,16763,16238,15724,17148
47,7603,6996,5810,7406,6781,5550,2756,3787,4357,4947,5550,4729,4108,2905,2342,1837,1452,1452,1837,2342,2905,3498,4729,5356,4593,3951,919,650,919,2054,2678,3312,4593,5237,10393,9743,9094,8444,7794,7145,6495,5846,5196,3897,1299,650,0,650,2598,3248,3897,4547,5196,10413,9765,9117,8469,7821,5882,5237,2054,1452,919,1452,2678,3312,3951,11118,10473,9829,9186,8543,7902,7262,5988,4729,2905,2342,1452,1837,2342,5356,5988,12494,11853,11213,10574,8666,8034,7406,6162,5550,4947,4357,5550,6162,16445,12612,8835,8216,7603,5810,21679,9047,8444,7848,22425,11710,11099,9893,9300,23821,23184,18117,17489,13763,13152,12545,11942,11344,10752,10167,24588,23954,18291,17669,17050,16432,15817,14597,13991,13391,12794,12204,11619,11042,10473,24734,24103,22218,17259,16649,16042,15439,14840,14245,13656,13072,12494,11362,24895,24269,23643,23020,22397,21776,21157,19925,19312,18702,17489,16888,16290,15697,15108,14524,13946,13375,12811,12255,23211,21979,21366,20755,20146,19540,18337,17741,17148,16560,15976,15398,14826,14260,13702,13152,20386,19787,19192,18600,18012,17429,16850,16277,15710,15150,14597,14052,20643,20052,19464,18881,18303,17729,17161,16598,16042,15494,14953,14422,20917,20334,19755,19181,18611,18047,17489,16938,16394,15857,21207,20632,20062,19497,18937,18383,17836,17295,16763,16238,17669
48,8216,7603,5237,8034,7406,6162,3248,3248,3787,4357,4947,5356,4729,3498,2905,2342,1837,1299,1452,1837,2342,2905,4108,4729,5237,4593,1452,919,650,1452,2054,2678,3951,4593,11042,10393,9743,9094,8444,7794,7145,6495,5846,4547,1949,1299,650,0,1949,2598,3248,3897,4547,11061,10413,9765,9117,8469,6528,5882,2678,2054,650,919,2054,2678,3312,11764,11118,10473,9829,9186,8543,7902,6624,5356,3498,2905,1299,1452,1837,4729,5356,13136,12494,11853,11213,9300,8666,8034,6781,6162,5550,4947,4947,5550,17087,13248,9457,8835,8216,6397,22322,9656,9047,8444,23065,12324,11710,10494,9893,24459,23821,18747,18117,14378,13763,13152,12545,11942,11344,10752,25223,24588,18915,18291,17669,17050,16432,15205,14597,13991,13391,12794,12204,11619,11042,25365,24734,22845,17871,17259,16649,16042,15439,14840,14245,13656,13072,11924,25523,24895,24269,23643,23020,22397,21776,20540,19925,19312,18094,17489,16888,16290,15697,15108,14524,13946,13375,12811,23830,22594,21979,21366,20755,20146,18937,18337,17741,17148,16560,15976,15398,14826,14260,13702,20987,20386,19787,19192,18600,18012,17429,16850,16277,15710,15150,14597,21237,20643,20052,19464,18881,18303,17729,17161,16598,16042,15494,14953,21503,20917,20334,19755,19181,18611,18047,17489,16938,16394,21786,21207,20632,20062,19497,18937,18383,17836,17295,16763,18199
49,10084,9457,3674,9936,9300,8034,4947,2054,2342,2756,3248,7262,6624,5356,4729,4108,3498,2342,1837,1452,1299,1452,2342,2905,7174,6528,3312,2678,2054,919,650,919,2054,2678,12991,12341,11692,11042,10393,9743,9094,8444,7794,6495,3897,3248,2598,1949,0,650,1299,1949,2598,13007,12358,11710,11061,10413,8469,7821,4593,3951,2054,1452,650,919,1452,13702,13056,12409,11764,11118,10473,9829,8543,7262,5356,4729,2342,1837,1452,2905,3498,15066,14422,13779,13136,11213,10574,9936,8666,8034,7406,6781,3248,3787,19015,15164,11344,10712,10084,8216,24251,11510,10888,10270,24988,14186,13563,12324,11710,26376,25737,20643,20010,16238,15616,14996,14378,13763,13152,12545,27133,26496,20795,20167,19540,18915,18291,17050,16432,15817,15205,14597,13991,13391,12794,27265,26631,24734,19723,19103,18486,17871,17259,16649,16042,15439,14840,13656,27412,26781,26151,25523,24895,24269,23643,22397,21776,21157,19925,19312,18702,18094,17489,16888,16290,15697,15108,14524,25696,24451,23830,23211,22594,21979,20755,20146,19540,18937,18337,17741,17148,16560,15976,15398,22808,22199,21592,20987,20386,19787,19192,18600,18012,17429,16850,16277,23038,22435,21834,21237,20643,20052,19464,18881,18303,17729,17161,16598,23284,22687,22094,21503,20917,20334,19755,19181,18611,18047,23545,22955,22369,21786,21207,20632,20062,19497,18937,18383,19829
50,10712,10084,3248,10574,9936,8666,5550,1949,2054,2342,2756,7902,7262,5988,5356,4729,4108,2905,2342,1837,1452,1299,1837,2342,7821,7174,3951,3312,2678,1452,919,650,1452,2054,13640,12991,12341,11692,11042,10393,9743,9094,8444,7145,4547,3897,3248,2598,650,0,650,1299,1949,13656,13007,12358,11710,11061,9117,8469,5237,4593,2678,2054,919,650,919,14349,13702,13056,12409,11764,11118,10473,9186,7902,5988,5356,2905,2342,1837,2342,2905,15710,15066,14422,13779,11853,11213,10574,9300,8666,8034,7406,2756,3248,19659,15804,11977,11344,10712,8835,24895,12134,11510,10888,25630,14812,14186,12942,12324,27016,26376,21277,20643,16863,16238,15616,14996,14378,13763,13152,27771,27133,21425,20795,20167,19540,18915,17669,17050,16432,15817,15205,14597,13991,13391,27900,27265,25365,20344,19723,19103,18486,17871,17259,16649,16042,15439,14245,28043,27412,26781,26151,25523,24895,24269,23020,22397,21776,20540,19925,19312,18702,18094,17489,16888,16290,15697,15108,26320,25072,24451,23830,23211,22594,21366,20755,20146,19540,18937,18337,17741,17148,16560,15976,23419,22808,22199,21592,20987,20386,19787,19192,18600,18012,17429,16850,23643,23038,22435,21834,21237,20643,20052,19464,18881,18303,17729,17161,23883,23284,22687,22094,21503,20917,20334,19755,19181,18611,24138,23545,22955,22369,21786,21207,20632,20062,19497,18937,20386
51,11344,10712,2905,11213,10574,9300,6162,2054,1949,2054,2342,8543,7902,6624,5988,5356,4729,3498,2905,2342,1837,1452,1452,1837,8469,7821,4593,3951,3312,2054,1452,919,919,1452,14290,13640,12991,12341,11692,11042,10393,9743,9094,7794,5196,4547,3897,3248,1299,650,0,650,1299,14305,13656,13007,12358,11710,9765,9117,5882,5237,3312,2678,1452,919,650,14996,14349,13702,13056,12409,11764,11118,9829,8543,6624,5988,3498,2905,2342,1837,2342,16355,15710,15066,14422,12494,11853,11213,9936,9300,8666,8034,2342,2756,20303,16445,12612,11977,11344,9457,25539,12761,12134,11510,26272,15439,14812,13563,12942,27657,27016,21912,21277,17489,16863,16238,15616,14996,14378,13763,28409,27771,22056,21425,20795,20167,19540,18291,17669,17050,16432,15817,15205,14597,13991,28535,27900,25998,20967,20344,19723,19103,18486,17871,17259,16649,16042,14840,28675,28043,27412,26781,26151,25523,24895,23643,23020,22397,21157,20540,19925,19312,18702,18094,17489,16888,16290,15697,26946,25696,25072,24451,23830,23211,21979,21366,20755,20146,19540,18937,18337,17741,17148,16560,24033,23419,22808,22199,21592,20987,20386,19787,19192,18600,18012,17429,24251,23643,23038,22435,21834,21237,20643,20052,19464,18881,18303,17729,24485,23883,23284,22687,22094,21503,20917,20334,19755,19181,24734,24138,23545,22955,22369,21786,21207,20632,20062,19497,20947
52,11977,11344,2678,11853,11213,9936,6781,2342,2054,1949,2054,9186,8543,7262,6624,5988,5356,4108,3498,2905,2342,1837,1299,1452,9117,8469,5237,4593,3951,2678,2054,1452,650,919,14939,14290,13640,12991,12341,11692,11042,10393,9743,8444,5846,5196,4547,3897,1949,1299,650,0,650,14953,14305,13656,13007,12358,10413,9765,6528,5882,3951,3312,2054,1452,919,15643,14996,14349,13702,13056,12409,11764,10473,9186,7262,6624,4108,3498,2905,1452,1837,17000,16355,15710,15066,13136,12494,11853,10574,9936,9300,8666,2054,2342,20947,17087,13248,12612,11977,10084,26184,13391,12761,12134,26915,16069,15439,14186,13563,28298,27657,22547,21912,18117,17489,16863,16238,15616,14996,14378,29048,28409,22687,22056,21425,20795,20167,18915,18291,17669,17050,16432,15817,15205,14597,29171,28535,26631,21592,20967,20344,19723,19103,18486,17871,17259,16649,15439,29308,28675,28043,27412,26781,26151,25523,24269,23643,23020,21776,21157,20540,19925,19312,18702,18094,17489,16888,16290,27573,26320,25696,25072,24451,23830,22594,21979,21366,20755,20146,19540,18937,18337,17741,17148,24648,24033,23419,22808,22199,21592,20987,20386,19787,19192,18600,18012,24861,24251,23643,23038,22435,21834,21237,20643,20052,19464,18881,18303,25089,24485,23883,23284,22687,22094,21503,20917,20334,19755,25332,24734,24138,23545,22955,22369,21786,21207,20632,20062,21513
53,12612,11977,2598,12494,11853,10574,7406,2756,2342,2054,1949,9829,9186,7902,7262,6624,5988,4729,4108,3498,2905,2342,1452,1299,9765,9117,5882,5237,4593,3312,2678,2054,919,650,15589,14939,14290,13640,12991,12341,11692,11042,10393,9094,6495,5846,5196,4547,2598,1949,1299,650,0,15602,14953,14305,13656,13007,11061,10413,7174,6528,4593,3951,2678,2054,1452,16290,15643,14996,14349,13702,13056,12409,11118,9829,7902,7262,4729,4108,3498,1299,1452,17645,17000,16355,15710,13779,13136,12494,11213,10574,9936,9300,1949,2054,21592,17729,13885,13248,12612,10712,26828,14022,13391,12761,27557,16700,16069,14812,14186,28939,28298,23184,22547,18747,18117,17489,16863,16238,15616,14996,29687,29048,23320,22687,22056,21425,20795,19540,18915,18291,17669,17050,16432,15817,15205,29808,29171,27265,22218,21592,20967,20344,19723,19103,18486,17871,17259,16042,29942,29308,28675,28043,27412,26781,26151,24895,24269,23643,22397,21776,21157,20540,19925,19312,18702,18094,17489,16888,28201,26946,26320,25696,25072,24451,23211,22594,21979,21366,20755,20146,19540,18937,18337,17741,25265,24648,24033,23419,22808,22199,21592,20987,20386,19787,19192,18600,25473,24861,24251,23643,23038,22435,21834,21237,20643,20052,19464,18881,25696,25089,24485,23883,23284,22687,22094,21503,20917,20334,25933,25332,24734,24138,23545,22955,22369,21786,21207,20632,22084
54,4593,5073,15924,4159,4684,5810,8835,13885,14524,15164,15804,6162,6781,8034,8666,9300,9936,11213,11853,12494,13136,13779,15066,15710,5988,6624,9829,10473,11118,12409,13056,13702,14996,15643,650,919,1452,2054,2678,3312,3951,4593,5237,6528,9117,9765,10413,11061,13007,13656,14305,14953,15602,0,650,1299,1949,2598,4547,5196,8444,9094,11042,11692,12991,13640,14290,919,650,919,1452,2054,2678,3312,4593,5882,7821,8469,11061,11710,12358,15602,16251,2342,1837,1452,1299,2342,2905,3498,4729,5356,5988,6624,15643,16290,6162,2756,2756,3248,3787,5550,11344,3248,3674,4159,12134,3312,3248,3498,3787,13563,12942,8139,7575,4684,4357,4108,3951,3897,3951,4108,14378,13763,8469,7929,7406,6905,6430,5588,5237,4947,4729,4593,4547,4593,4729,14597,13991,12204,7821,7349,6905,6495,6128,5810,5550,5356,5237,5237,14840,14245,13656,13072,12494,11924,11362,10270,9743,9232,8267,7821,7406,7026,6687,6397,6162,5988,5882,5846,13375,12255,11710,11175,10653,10146,9186,8739,8318,7929,7575,7262,6996,6781,6624,6528,11061,10574,10104,9656,9232,8835,8469,8139,7848,7603,7406,7262,11491,11023,10574,10146,9743,9368,9024,8714,8444,8216,8034,7902,11942,11491,11061,10653,10270,9915,9590,9300,9047,8835,12409,11977,11565,11175,10810,10473,10167,9893,9656,9457,10494
55,4159,4593,15288,3674,4159,5237,8216,13248,13885,14524,15164,5550,6162,7406,8034,8666,9300,10574,11213,11853,12494,13136,14422,15066,5356,5988,9186,9829,10473,11764,12409,13056,14349,14996,919,650,919,1452,2054,2678,3312,3951,4593,5882,8469,9117,9765,10413,12358,13007,13656,14305,14953,650,0,650,1299,1949,3897,4547,7794,8444,10393,11042,12341,12991,13640,1452,919,650,919,1452,2054,2678,3951,5237,7174,7821,10413,11061,11710,14953,15602,2905,2342,1837,1452,1837,2342,2905,4108,4729,5356,5988,14996,15643,6781,3248,2342,2756,3248,4947,11977,2905,3248,3674,12761,3498,3312,3312,3498,14186,13563,8714,8139,5073,4684,4357,4108,3951,3897,3951,14996,14378,9024,8469,7929,7406,6905,5988,5588,5237,4947,4729,4593,4547,4593,15205,14597,12794,8318,7821,7349,6905,6495,6128,5810,5550,5356,5196,15439,14840,14245,13656,13072,12494,11924,10810,10270,9743,8739,8267,7821,7406,7026,6687,6397,6162,5988,5882,13946,12811,12255,11710,11175,10653,9656,9186,8739,8318,7929,7575,7262,6996,6781,6624,11565,11061,10574,10104,9656,9232,8835,8469,8139,7848,7603,7406,11977,11491,11023,10574,10146,9743,9368,9024,8714,8444,8216,8034,12409,11942,11491,11061,10653,10270,9915,9590,9300,9047,12860,12409,11977,11565,11175,10810,10473,10167,9893,9656,10752
56,3787,4159,14654,3248,3674,4684,7603,12612,13248,13885,14524,4947,5550,6781,7406,8034,8666,9936,10574,11213,11853,12494,13779,14422,4729,5356,8543,9186,9829,11118,11764,12409,13702,14349,1452,919,650,919,1452,2054,2678,3312,3951,5237,7821,8469,9117,9765,11710,12358,13007,13656,14305,1299,650,0,650,1299,3248,3897,7145,7794,9743,10393,11692,12341,12991,2054,1452,919,650,919,1452,2054,3312,4593,6528,7174,9765,10413,11061,14305,14953,3498,2905,2342,1837,1452,1837,2342,3498,4108,4729,5356,14349,14996,7406,3787,2054,2342,2756,4357,12612,2678,2905,3248,13391,3787,3498,3248,3312,14812,14186,9300,8714,5511,5073,4684,4357,4108,3951,3897,15616,14996,9590,9024,8469,7929,7406,6430,5988,5588,5237,4947,4729,4593,4547,15817,15205,13391,8835,8318,7821,7349,6905,6495,6128,5810,5550,5237,16042,15439,14840,14245,13656,13072,12494,11362,10810,10270,9232,8739,8267,7821,7406,7026,6687,6397,6162,5988,14524,13375,12811,12255,11710,11175,10146,9656,9186,8739,8318,7929,7575,7262,6996,6781,12082,11565,11061,10574,10104,9656,9232,8835,8469,8139,7848,7603,12477,11977,11491,11023,10574,10146,9743,9368,9024,8714,8444,8216,12893,12409,11942,11491,11061,10653,10270,9915,9590,9300,13327,12860,12409,11977,11565,11175,10810,10473,10167,9893,11042
57,3498,3787,14022,2905,3248,4159,6996,11977,12612,13248,13885,4357,4947,6162,6781,7406,8034,9300,9936,10574,11213,11853,13136,13779,4108,4729,7902,8543,9186,10473,11118,11764,13056,13702,2054,1452,919,650,919,1452,2054,2678,3312,4593,7174,7821,8469,9117,11061,11710,12358,13007,13656,1949,1299,650,0,650,2598,3248,6495,7145,9094,9743,11042,11692,12341,2678,2054,1452,919,650,919,1452,2678,3951,5882,6528,9117,9765,10413,13656,14305,4108,3498,2905,2342,1299,1452,1837,2905,3498,4108,4729,13702,14349,8034,4357,1949,2054,2342,3787,13248,2598,2678,2905,14022,4159,3787,3312,3248,15439,14812,9893,9300,5988,5511,5073,4684,4357,4108,3951,16238,15616,10167,9590,9024,8469,7929,6905,6430,5988,5588,5237,4947,4729,4593,16432,15817,13991,9368,8835,8318,7821,7349,6905,6495,6128,5810,5356,16649,16042,15439,14840,14245,13656,13072,11924,11362,10810,9743,9232,8739,8267,7821,7406,7026,6687,6397,6162,15108,13946,13375,12811,12255,11710,10653,10146,9656,9186,8739,8318,7929,7575,7262,6996,12612,12082,11565,11061,10574,10104,9656,9232,8835,8469,8139,7848,12991,12477,11977,11491,11023,10574,10146,9743,9368,9024,8714,8444,13391,12893,12409,11942,11491,11061,10653,10270,9915,9590,13809,13327,12860,12409,11977,11565,11175,10810,10473,10167,11362
58,3312,3498,13391,2678,2905,3674,6397,11344,11977,12612,13248,3787,4357,5550,6162,6781,7406,8666,9300,9936,10574,11213,12494,13136,3498,4108,7262,7902,8543,9829,10473,11118,12409,13056,2678,2054,1452,919,650,919,1452,2054,2678,3951,6528,7174,7821,8469,10413,11061,11710,12358,13007,2598,1949,1299,650,0,1949,2598,5846,6495,8444,9094,10393,11042,11692,3312,2678,2054,1452,919,650,919,2054,3312,5237,5882,8469,9117,9765,13007,13656,4729,4108,3498,2905,1452,1299,1452,2342,2905,3498,4108,13056,13702,8666,4947,2054,1949,2054,3248,13885,2678,2598,2678,14654,4593,4159,3498,3312,16069,15439,10494,9893,6495,5988,5511,5073,4684,4357,4108,16863,16238,10752,10167,9590,9024,8469,7406,6905,6430,5988,5588,5237,4947,4729,17050,16432,14597,9915,9368,8835,8318,7821,7349,6905,6495,6128,5550,17259,16649,16042,15439,14840,14245,13656,12494,11924,11362,10270,9743,9232,8739,8267,7821,7406,7026,6687,6397,15697,14524,13946,13375,12811,12255,11175,10653,10146,9656,9186,8739,8318,7929,7575,7262,13152,12612,12082,11565,11061,10574,10104,9656,9232,8835,8469,8139,13516,12991,12477,11977,11491,11023,10574,10146,9743,9368,9024,8714,13901,13391,12893,12409,11942,11491,11061,10653,10270,9915,14305,13809,13327,12860,12409,11977,11565,11175,10810,10473,11710
59,3498,3312,11510,2905,2678,2678,4684,9457,10084,10712,11344,2342,2756,3787,4357,4947,5550,6781,7406,8034,8666,9300,10574,11213,1837,2342,5356,5988,6624,7902,8543,9186,10473,11118,4593,3951,3312,2678,2054,1452,919,650,919,2054,4593,5237,5882,6528,8469,9117,9765,10413,11061,4547,3897,3248,2598,1949,0,650,3897,4547,6495,7145,8444,9094,9743,5237,4593,3951,3312,2678,2054,1452,650,1452,3312,3951,6528,7174,7821,11061,11710,6624,5988,5356,4729,2905,2342,1837,1299,1452,1837,2342,11118,11764,10574,6781,3248,2756,2342,2054,15804,3674,3248,2905,16560,6128,5588,4593,4159,17965,17332,12324,11710,8139,7575,7026,6495,5988,5511,5073,18747,18117,12545,11942,11344,10752,10167,9024,8469,7929,7406,6905,6430,5988,5588,18915,18291,16432,11619,11042,10473,9915,9368,8835,8318,7821,7349,6495,19103,18486,17871,17259,16649,16042,15439,14245,13656,13072,11924,11362,10810,10270,9743,9232,8739,8267,7821,7406,17489,16290,15697,15108,14524,13946,12811,12255,11710,11175,10653,10146,9656,9186,8739,8318,14826,14260,13702,13152,12612,12082,11565,11061,10574,10104,9656,9232,15150,14597,14052,13516,12991,12477,11977,11491,11023,10574,10146,9743,15494,14953,14422,13901,13391,12893,12409,11942,11491,11061,15857,15330,14812,14305,13809,13327,12860,12409,11977,11565,12893
60,3787,3498,10888,3248,2905,2598,4159,8835,9457,10084,10712,2054,2342,3248,3787,4357,4947,6162,6781,7406,8034,8666,9936,10574,1452,1837,4729,5356,5988,7262,7902,8543,9829,10473,5237,4593,3951,3312,2678,2054,1452,919,650,1452,3951,4593,5237,5882,7821,8469,9117,9765,10413,5196,4547,3897,3248,2598,650,0,3248,3897,5846,6495,7794,8444,9094,5882,5237,4593,3951,3312,2678,2054,919,919,2678,3312,5882,6528,7174,10413,11061,7262,6624,5988,5356,3498,2905,2342,1452,1299,1452,1837,10473,11118,11213,7406,3787,3248,2756,1949,16445,4159,3674,3248,17197,6687,6128,5073,4593,18600,17965,12942,12324,8714,8139,7575,7026,6495,5988,5511,19378,18747,13152,12545,11942,11344,10752,9590,9024,8469,7929,7406,6905,6430,5988,19540,18915,17050,12204,11619,11042,10473,9915,9368,8835,8318,7821,6905,19723,19103,18486,17871,17259,16649,16042,14840,14245,13656,12494,11924,11362,10810,10270,9743,9232,8739,8267,7821,18094,16888,16290,15697,15108,14524,13375,12811,12255,11710,11175,10653,10146,9656,9186,8739,15398,14826,14260,13702,13152,12612,12082,11565,11061,10574,10104,9656,15710,15150,14597,14052,13516,12991,12477,11977,11491,11023,10574,10146,16042,15494,14953,14422,13901,13391,12893,12409,11942,11491,16394,15857,15330,14812,14305,13809,13327,12860,12409,11977,13327
61,6128,5588,7848,5810,5237,4159,2598,5810,6397,6996,7603,3248,2756,2054,1949,2054,2342,3248,3787,4357,4947,5550,6781,7406,2905,2342,1837,2342,2905,4108,4729,5356,6624,7262,8469,7821,7174,6528,5882,5237,4593,3951,3312,2054,919,1452,2054,2678,4593,5237,5882,6528,7174,8444,7794,7145,6495,5846,3897,3248,0,650,2598,3248,4547,5196,5846,9117,8469,7821,7174,6528,5882,5237,3951,2678,919,650,2678,3312,3951,7174,7821,10473,9829,9186,8543,6624,5988,5356,4108,3498,2905,2342,7262,7902,14422,10574,6781,6162,5550,3787,19659,6996,6397,5810,20396,9656,9047,7848,7262,21786,21147,16069,15439,11710,11099,10494,9893,9300,8714,8139,22547,21912,16238,15616,14996,14378,13763,12545,11942,11344,10752,10167,9590,9024,8469,22687,22056,20167,15205,14597,13991,13391,12794,12204,11619,11042,10473,9368,22845,22218,21592,20967,20344,19723,19103,17871,17259,16649,15439,14840,14245,13656,13072,12494,11924,11362,10810,10270,21157,19925,19312,18702,18094,17489,16290,15697,15108,14524,13946,13375,12811,12255,11710,11175,18337,17741,17148,16560,15976,15398,14826,14260,13702,13152,12612,12082,18600,18012,17429,16850,16277,15710,15150,14597,14052,13516,12991,12477,18881,18303,17729,17161,16598,16042,15494,14953,14422,13901,19181,18611,18047,17489,16938,16394,15857,15330,14812,14305,15724
62,6687,6128,7262,6397,5810,4684,2678,5237,5810,6397,6996,3787,3248,2342,2054,1949,2054,2756,3248,3787,4357,4947,6162,6781,3498,2905,1452,1837,2342,3498,4108,4729,5988,6624,9117,8469,7821,7174,6528,5882,5237,4593,3951,2678,650,919,1452,2054,3951,4593,5237,5882,6528,9094,8444,7794,7145,6495,4547,3897,650,0,1949,2598,3897,4547,5196,9765,9117,8469,7821,7174,6528,5882,4593,3312,1452,919,2054,2678,3312,6528,7174,11118,10473,9829,9186,7262,6624,5988,4729,4108,3498,2905,6624,7262,15066,11213,7406,6781,6162,4357,20303,7603,6996,6397,21037,10270,9656,8444,7848,22425,21786,16700,16069,12324,11710,11099,10494,9893,9300,8714,23184,22547,16863,16238,15616,14996,14378,13152,12545,11942,11344,10752,10167,9590,9024,23320,22687,20795,15817,15205,14597,13991,13391,12794,12204,11619,11042,9915,23473,22845,22218,21592,20967,20344,19723,18486,17871,17259,16042,15439,14840,14245,13656,13072,12494,11924,11362,10810,21776,20540,19925,19312,18702,18094,16888,16290,15697,15108,14524,13946,13375,12811,12255,11710,18937,18337,17741,17148,16560,15976,15398,14826,14260,13702,13152,12612,19192,18600,18012,17429,16850,16277,15710,15150,14597,14052,13516,12991,19464,18881,18303,17729,17161,16598,16042,15494,14953,14422,19755,19181,18611,18047,17489,16938,16394,15857,15330,14812,16238
63,8444,7848,5588,8216,7603,6397,3674,3674,4159,4684,5237,5550,4947,3787,3248,2756,2342,1949,2054,2342,2756,3248,4357,4947,5356,4729,1837,1452,1299,1837,2342,2905,4108,4729,11061,10413,9765,9117,8469,7821,7174,6528,5882,4593,2054,1452,919,650,2054,2678,3312,3951,4593,11042,10393,9743,9094,8444,6495,5846,2598,1949,0,650,1949,2598,3248,11710,11061,10413,9765,9117,8469,7821,6528,5237,3312,2678,650,919,1452,4593,5237,13056,12409,11764,11118,9186,8543,7902,6624,5988,5356,4729,4729,5356,17000,13136,9300,8666,8034,6162,22237,9457,8835,8216,22965,12134,11510,10270,9656,24347,23706,18600,17965,14186,13563,12942,12324,11710,11099,10494,25098,24459,18747,18117,17489,16863,16238,14996,14378,13763,13152,12545,11942,11344,10752,25223,24588,22687,17669,17050,16432,15817,15205,14597,13991,13391,12794,11619,25365,24734,24103,23473,22845,22218,21592,20344,19723,19103,17871,17259,16649,16042,15439,14840,14245,13656,13072,12494,23643,22397,21776,21157,20540,19925,18702,18094,17489,16888,16290,15697,15108,14524,13946,13375,20755,20146,19540,18937,18337,17741,17148,16560,15976,15398,14826,14260,20987,20386,19787,19192,18600,18012,17429,16850,16277,15710,15150,14597,21237,20643,20052,19464,18881,18303,17729,17161,16598,16042,21503,20917,20334,19755,19181,18611,18047,17489,16938,16394,17836
64,9047,8444,5073,8835,8216,6996,4159,3248,3674,4159,4684,6162,5550,4357,3787,3248,2756,2054,1949,2054,2342,2756,3787,4357,5988,5356,2342,1837,1452,1452,1837,2342,3498,4108,11710,11061,10413,9765,9117,8469,7821,7174,6528,5237,2678,2054,1452,919,1452,2054,2678,3312,3951,11692,11042,10393,9743,9094,7145,6495,3248,2598,650,0,1299,1949,2598,12358,11710,11061,10413,9765,9117,8469,7174,5882,3951,3312,919,650,919,3951,4593,13702,13056,12409,11764,9829,9186,8543,7262,6624,5988,5356,4108,4729,17645,13779,9936,9300,8666,6781,22882,10084,9457,8835,23608,12761,12134,10888,10270,24988,24347,19235,18600,14812,14186,13563,12942,12324,11710,11099,25737,25098,19378,18747,18117,17489,16863,15616,14996,14378,13763,13152,12545,11942,11344,25859,25223,23320,18291,17669,17050,16432,15817,15205,14597,13991,13391,12204,25998,25365,24734,24103,23473,22845,22218,20967,20344,19723,18486,17871,17259,16649,16042,15439,14840,14245,13656,13072,24269,23020,22397,21776,21157,20540,19312,18702,18094,17489,16888,16290,15697,15108,14524,13946,21366,20755,20146,19540,18937,18337,17741,17148,16560,15976,15398,14826,21592,20987,20386,19787,19192,18600,18012,17429,16850,16277,15710,15150,21834,21237,20643,20052,19464,18881,18303,17729,17161,16598,22094,21503,20917,20334,19755,19181,18611,18047,17489,16938,18383
65,10270,9656,4159,10084,9457,8216,5237,2678,2905,3248,3674,7406,6781,5550,4947,4357,3787,2756,2342,2054,1949,2054,2756,3248,7262,6624,3498,2905,2342,1452,1299,1452,2342,2905,13007,12358,11710,11061,10413,9765,9117,8469,7821,6528,3951,3312,2678,2054,650,919,1452,2054,2678,12991,12341,11692,11042,10393,8444,7794,4547,3897,1949,1299,0,650,1299,13656,13007,12358,11710,11061,10413,9765,8469,7174,5237,4593,2054,1452,919,2678,3312,14996,14349,13702,13056,11118,10473,9829,8543,7902,7262,6624,2905,3498,18937,15066,11213,10574,9936,8034,24173,11344,10712,10084,24895,14022,13391,12134,11510,26272,25630,20509,19872,16069,15439,14812,14186,13563,12942,12324,27016,26376,20643,20010,19378,18747,18117,16863,16238,15616,14996,14378,13763,13152,12545,27133,26496,24588,19540,18915,18291,17669,17050,16432,15817,15205,14597,13391,27265,26631,25998,25365,24734,24103,23473,22218,21592,20967,19723,19103,18486,17871,17259,16649,16042,15439,14840,14245,25523,24269,23643,23020,22397,21776,20540,19925,19312,18702,18094,17489,16888,16290,15697,15108,22594,21979,21366,20755,20146,19540,18937,18337,17741,17148,16560,15976,22808,22199,21592,20987,20386,19787,19192,18600,18012,17429,16850,16277,23038,22435,21834,21237,20643,20052,19464,18881,18303,17729,23284,22687,22094,21503,20917,20334,19755,19181,18611,18047,19497
66,10888,10270,3787,10712,10084,8835,5810,2598,2678,2905,3248,8034,7406,6162,5550,4947,4357,3248,2756,2342,2054,1949,2342,2756,7902,7262,4108,3498,2905,1837,1452,1299,1837,2342,13656,13007,12358,11710,11061,10413,9765,9117,8469,7174,4593,3951,3312,2678,919,650,919,1452,2054,13640,12991,12341,11692,11042,9094,8444,5196,4547,2598,1949,650,0,650,14305,13656,13007,12358,11710,11061,10413,9117,7821,5882,5237,2678,2054,1452,2054,2678,15643,14996,14349,13702,11764,11118,10473,9186,8543,7902,7262,2342,2905,19583,15710,11853,11213,10574,8666,24819,11977,11344,10712,25539,14654,14022,12761,12134,26915,26272,21147,20509,16700,16069,15439,14812,14186,13563,12942,27657,27016,21277,20643,20010,19378,18747,17489,16863,16238,15616,14996,14378,13763,13152,27771,27133,25223,20167,19540,18915,18291,17669,17050,16432,15817,15205,13991,27900,27265,26631,25998,25365,24734,24103,22845,22218,21592,20344,19723,19103,18486,17871,17259,16649,16042,15439,14840,26151,24895,24269,23643,23020,22397,21157,20540,19925,19312,18702,18094,17489,16888,16290,15697,23211,22594,21979,21366,20755,20146,19540,18937,18337,17741,17148,16560,23419,22808,22199,21592,20987,20386,19787,19192,18600,18012,17429,16850,23643,23038,22435,21834,21237,20643,20052,19464,18881,18303,23883,23284,22687,22094,21503,20917,20334,19755,19181,18611,20062
67,11510,10888,3498,11344,10712,9457,6397,2678,2598,2678,2905,8666,8034,6781,6162,5550,4947,3787,3248,2756,2342,2054,2054,2342,8543,7902,4729,4108,3498,2342,1837,1452,1452,1837,14305,13656,13007,12358,11710,11061,10413,9765,9117,7821,5237,4593,3951,3312,1452,919,650,919,1452,14290,13640,12991,12341,11692,9743,9094,5846,5196,3248,2598,1299,650,0,14953,14305,13656,13007,12358,11710,11061,9765,8469,6528,5882,3312,2678,2054,1452,2054,16290,15643,14996,14349,12409,11764,11118,9829,9186,8543,7902,1837,2342,20230,16355,12494,11853,11213,9300,25465,12612,11977,11344,26184,15288,14654,13391,12761,27557,26915,21786,21147,17332,16700,16069,15439,14812,14186,13563,28298,27657,21912,21277,20643,20010,19378,18117,17489,16863,16238,15616,14996,14378,13763,28409,27771,25859,20795,20167,19540,18915,18291,17669,17050,16432,15817,14597,28535,27900,27265,26631,25998,25365,24734,23473,22845,22218,20967,20344,19723,19103,18486,17871,17259,16649,16042,15439,26781,25523,24895,24269,23643,23020,21776,21157,20540,19925,19312,18702,18094,17489,16888,16290,23830,23211,22594,21979,21366,20755,20146,19540,18937,18337,17741,17148,24033,23419,22808,22199,21592,20987,20386,19787,19192,18600,18012,17429,24251,23643,23038,22435,21834,21237,20643,20052,19464,18881,24485,23883,23284,22687,22094,21503,20917,20334,19755,19181,20632
68,5511,5988,16700,5073,5588,6687,9656,14654,15288,15924,16560,6996,7603,8835,9457,10084,10712,11977,12612,13248,13885,14524,15804,16445,6781,7406,10574,11213,11853,13136,13779,14422,15710,16355,1452,1837,2342,2905,3498,4108,4729,5356,5988,7262,9829,10473,11118,11764,13702,14349,14996,15643,16290,919,1452,2054,2678,3312,5237,5882,9117,9765,11710,12358,13656,14305,14953,0,650,1299,1949,2598,3248,3897,5196,6495,8444,9094,11692,12341,12991,16238,16888,1452,919,650,919,2678,3312,3951,5237,5882,6528,7174,16251,16900,5356,1837,2905,3498,4108,5988,10574,3248,3787,4357,11344,2598,2678,3248,3674,12761,12134,7262,6687,3787,3498,3312,3248,3312,3498,3787,13563,12942,7575,7026,6495,5988,5511,4684,4357,4108,3951,3897,3951,4108,4357,13763,13152,11344,6905,6430,5988,5588,5237,4947,4729,4593,4547,4729,13991,13391,12794,12204,11619,11042,10473,9368,8835,8318,7349,6905,6495,6128,5810,5550,5356,5237,5196,5237,12494,11362,10810,10270,9743,9232,8267,7821,7406,7026,6687,6397,6162,5988,5882,5846,10146,9656,9186,8739,8318,7929,7575,7262,6996,6781,6624,6528,10574,10104,9656,9232,8835,8469,8139,7848,7603,7406,7262,7174,11023,10574,10146,9743,9368,9024,8714,8444,8216,8034,11491,11061,10653,10270,9915,9590,9300,9047,8835,8666,9656
69,5073,5511,16069,4593,5073,6128,9047,14022,14654,15288,15924,6397,6996,8216,8835,9457,10084,11344,11977,12612,13248,13885,15164,15804,6162,6781,9936,10574,11213,12494,13136,13779,15066,15710,1299,1452,1837,2342,2905,3498,4108,4729,5356,6624,9186,9829,10473,11118,13056,13702,14349,14996,15643,650,919,1452,2054,2678,4593,5237,8469,9117,11061,11710,13007,13656,14305,650,0,650,1299,1949,2598,3248,4547,5846,7794,8444,11042,11692,12341,15589,16238,2054,1452,919,650,2054,2678,3312,4593,5237,5882,6528,15602,16251,5988,2342,2342,2905,3498,5356,11213,2756,3248,3787,11977,2678,2598,2905,3248,13391,12761,7848,7262,4159,3787,3498,3312,3248,3312,3498,14186,13563,8139,7575,7026,6495,5988,5073,4684,4357,4108,3951,3897,3951,4108,14378,13763,11942,7406,6905,6430,5988,5588,5237,4947,4729,4593,4593,14597,13991,13391,12794,12204,11619,11042,9915,9368,8835,7821,7349,6905,6495,6128,5810,5550,5356,5237,5196,13072,11924,11362,10810,10270,9743,8739,8267,7821,7406,7026,6687,6397,6162,5988,5882,10653,10146,9656,9186,8739,8318,7929,7575,7262,6996,6781,6624,11061,10574,10104,9656,9232,8835,8469,8139,7848,7603,7406,7262,11491,11023,10574,10146,9743,9368,9024,8714,8444,8216,11942,11491,11061,10653,10270,9915,9590,9300,9047,8835,9893
70,4684,5073,15439,4159,4593,5588,8444,13391,14022,14654,15288,5810,6397,7603,8216,8835,9457,10712,11344,11977,12612,13248,14524,15164,5550,6162,9300,9936,10574,11853,12494,13136,14422,15066,1452,1299,1452,1837,2342,2905,3498,4108,4729,5988,8543,9186,9829,10473,12409,13056,13702,14349,14996,919,650,919,1452,2054,3951,4593,7821,8469,10413,11061,12358,13007,13656,1299,650,0,650,1299,1949,2598,3897,5196,7145,7794,10393,11042,11692,14939,15589,2678,2054,1452,919,1452,2054,2678,3951,4593,5237,5882,14953,15602,6624,2905,1837,2342,2905,4729,11853,2342,2756,3248,12612,2905,2678,2678,2905,14022,13391,8444,7848,4593,4159,3787,3498,3312,3248,3312,14812,14186,8714,8139,7575,7026,6495,5511,5073,4684,4357,4108,3951,3897,3951,14996,14378,12545,7929,7406,6905,6430,5988,5588,5237,4947,4729,4547,15205,14597,13991,13391,12794,12204,11619,10473,9915,9368,8318,7821,7349,6905,6495,6128,5810,5550,5356,5237,13656,12494,11924,11362,10810,10270,9232,8739,8267,7821,7406,7026,6687,6397,6162,5988,11175,10653,10146,9656,9186,8739,8318,7929,7575,7262,6996,6781,11565,11061,10574,10104,9656,9232,8835,8469,8139,7848,7603,7406,11977,11491,11023,10574,10146,9743,9368,9024,8714,8444,12409,11942,11491,11061,10653,10270,9915,9590,9300,9047,10167
71,4357,4684,14812,3787,4159,5073,7848,12761,13391,14022,14654,5237,5810,6996,7603,8216,8835,10084,10712,11344,11977,12612,13885,14524,4947,5550,8666,9300,9936,11213,11853,12494,13779,14422,1837,1452,1299,1452,1837,2342,2905,3498,4108,5356,7902,8543,9186,9829,11764,12409,13056,13702,14349,1452,919,650,919,1452,3312,3951,7174,7821,9765,10413,11710,12358,13007,1949,1299,650,0,650,1299,1949,3248,4547,6495,7145,9743,10393,11042,14290,14939,3312,2678,2054,1452,919,1452,2054,3312,3951,4593,5237,14305,14953,7262,3498,1452,1837,2342,4108,12494,2054,2342,2756,13248,3248,2905,2598,2678,14654,14022,9047,8444,5073,4593,4159,3787,3498,3312,3248,15439,14812,9300,8714,8139,7575,7026,5988,5511,5073,4684,4357,4108,3951,3897,15616,14996,13152,8469,7929,7406,6905,6430,5988,5588,5237,4947,4593,15817,15205,14597,13991,13391,12794,12204,11042,10473,9915,8835,8318,7821,7349,6905,6495,6128,5810,5550,5356,14245,13072,12494,11924,11362,10810,9743,9232,8739,8267,7821,7406,7026,6687,6397,6162,11710,11175,10653,10146,9656,9186,8739,8318,7929,7575,7262,6996,12082,11565,11061,10574,10104,9656,9232,8835,8469,8139,7848,7603,12477,11977,11491,11023,10574,10146,9743,9368,9024,8714,12893,12409,11942,11491,11061,10653,10270,9915,9590,9300,10473
72,4108,4357,14186,3498,3787,4593,7262,12134,12761,13391,14022,4684,5237,6397,6996,7603,8216,9457,10084,10712,11344,11977,13248,13885,4357,4947,8034,8666,9300,10574,11213,11853,13136,13779,2342,1837,1452,1299,1452,1837,2342,2905,3498,4729,7262,7902,8543,9186,11118,11764,12409,13056,13702,2054,1452,919,650,919,2678,3312,6528,7174,9117,9765,11061,11710,12358,2598,1949,1299,650,0,650,1299,2598,3897,5846,6495,9094,9743,10393,13640,14290,3951,3312,2678,2054,650,919,1452,2678,3312,3951,4593,13656,14305,7902,4108,1299,1452,1837,3498,13136,1949,2054,2342,13885,3674,3248,2678,2598,15288,14654,9656,9047,5588,5073,4593,4159,3787,3498,3312,16069,15439,9893,9300,8714,8139,7575,6495,5988,5511,5073,4684,4357,4108,3951,16238,15616,13763,9024,8469,7929,7406,6905,6430,5988,5588,5237,4729,16432,15817,15205,14597,13991,13391,12794,11619,11042,10473,9368,8835,8318,7821,7349,6905,6495,6128,5810,5550,14840,13656,13072,12494,11924,11362,10270,9743,9232,8739,8267,7821,7406,7026,6687,6397,12255,11710,11175,10653,10146,9656,9186,8739,8318,7929,7575,7262,12612,12082,11565,11061,10574,10104,9656,9232,8835,8469,8139,7848,12991,12477,11977,11491,11023,10574,10146,9743,9368,9024,13391,12893,12409,11942,11491,11061,10653,10270,9915,9590,10810
73,3951,4108,13563,3312,3498,4159,6687,11510,12134,12761,13391,4159,4684,5810,6397,6996,7603,8835,9457,10084,10712,11344,12612,13248,3787,4357,7406,8034,8666,9936,10574,11213,12494,13136,2905,2342,1837,1452,1299,1452,1837,2342,2905,4108,6624,7262,7902,8543,10473,11118,11764,12409,13056,2678,2054,1452,919,650,2054,2678,5882,6528,8469,9117,10413,11061,11710,3248,2598,1949,1299,650,0,650,1949,3248,5196,5846,8444,9094,9743,12991,13640,4593,3951,3312,2678,919,650,919,2054,2678,3312,3951,13007,13656,8543,4729,1452,1299,1452,2905,13779,2054,1949,2054,14524,4159,3674,2905,2678,15924,15288,10270,9656,6128,5588,5073,4593,4159,3787,3498,16700,16069,10494,9893,9300,8714,8139,7026,6495,5988,5511,5073,4684,4357,4108,16863,16238,14378,9590,9024,8469,7929,7406,6905,6430,5988,5588,4947,17050,16432,15817,15205,14597,13991,13391,12204,11619,11042,9915,9368,8835,8318,7821,7349,6905,6495,6128,5810,15439,14245,13656,13072,12494,11924,10810,10270,9743,9232,8739,8267,7821,7406,7026,6687,12811,12255,11710,11175,10653,10146,9656,9186,8739,8318,7929,7575,13152,12612,12082,11565,11061,10574,10104,9656,9232,8835,8469,8139,13516,12991,12477,11977,11491,11023,10574,10146,9743,9368,13901,13391,12893,12409,11942,11491,11061,10653,10270,9915,11175
74,3897,3951,12942,3248,3312,3787,6128,10888,11510,12134,12761,3674,4159,5237,5810,6397,6996,8216,8835,9457,10084,10712,11977,12612,3248,3787,6781,7406,8034,9300,9936,10574,11853,12494,3498,2905,2342,1837,1452,1299,1452,1837,2342,3498,5988,6624,7262,7902,9829,10473,11118,11764,12409,3312,2678,2054,1452,919,1452,2054,5237,5882,7821,8469,9765,10413,11061,3897,3248,2598,1949,1299,650,0,1299,2598,4547,5196,7794,8444,9094,12341,12991,5237,4593,3951,3312,1452,919,650,1452,2054,2678,3312,12358,13007,9186,5356,1837,1452,1299,2342,14422,2342,2054,1949,15164,4684,4159,3248,2905,16560,15924,10888,10270,6687,6128,5588,5073,4593,4159,3787,17332,16700,11099,10494,9893,9300,8714,7575,7026,6495,5988,5511,5073,4684,4357,17489,16863,14996,10167,9590,9024,8469,7929,7406,6905,6430,5988,5237,17669,17050,16432,15817,15205,14597,13991,12794,12204,11619,10473,9915,9368,8835,8318,7821,7349,6905,6495,6128,16042,14840,14245,13656,13072,12494,11362,10810,10270,9743,9232,8739,8267,7821,7406,7026,13375,12811,12255,11710,11175,10653,10146,9656,9186,8739,8318,7929,13702,13152,12612,12082,11565,11061,10574,10104,9656,9232,8835,8469,14052,13516,12991,12477,11977,11491,11023,10574,10146,9743,14422,13901,13391,12893,12409,11942,11491,11061,10653,10270,11565
75,4108,3951,11710,3498,3312,3312,5073,9656,10270,10888,11510,2905,3248,4159,4684,5237,5810,6996,7603,8216,8835,9457,10712,11344,2342,2756,5550,6162,6781,8034,8666,9300,10574,11213,4729,4108,3498,2905,2342,1837,1452,1299,1452,2342,4729,5356,5988,6624,8543,9186,9829,10473,11118,4593,3951,3312,2678,2054,650,919,3951,4593,6528,7174,8469,9117,9765,5196,4547,3897,3248,2598,1949,1299,0,1299,3248,3897,6495,7145,7794,11042,11692,6528,5882,5237,4593,2678,2054,1452,650,919,1452,2054,11061,11710,10473,6624,2905,2342,1837,1452,15710,3248,2756,2342,16445,5810,5237,4159,3674,17836,17197,12134,11510,7848,7262,6687,6128,5588,5073,4593,18600,17965,12324,11710,11099,10494,9893,8714,8139,7575,7026,6495,5988,5511,5073,18747,18117,16238,11344,10752,10167,9590,9024,8469,7929,7406,6905,5988,18915,18291,17669,17050,16432,15817,15205,13991,13391,12794,11619,11042,10473,9915,9368,8835,8318,7821,7349,6905,17259,16042,15439,14840,14245,13656,12494,11924,11362,10810,10270,9743,9232,8739,8267,7821,14524,13946,13375,12811,12255,11710,11175,10653,10146,9656,9186,8739,14826,14260,13702,13152,12612,12082,11565,11061,10574,10104,9656,9232,15150,14597,14052,13516,12991,12477,11977,11491,11023,10574,15494,14953,14422,13901,13391,12893,12409,11942,11491,11061,12409
76,4684,4357,10494,4159,3787,3312,4159,8444,9047,9656,10270,2598,2678,3248,3674,4159,4684,5810,6397,6996,7603,8216,9457,10084,1949,2054,4357,4947,5550,6781,7406,8034,9300,9936,5988,5356,4729,4108,3498,2905,2342,1837,1452,1452,3498,4108,4729,5356,7262,7902,8543,9186,9829,5882,5237,4593,3951,3312,1452,919,2678,3312,5237,5882,7174,7821,8469,6495,5846,5196,4547,3897,3248,2598,1299,0,1949,2598,5196,5846,6495,9743,10393,7821,7174,6528,5882,3951,3312,2678,1452,919,650,919,9765,10413,11764,7902,4108,3498,2905,1452,17000,4357,3787,3248,17729,6996,6397,5237,4684,19114,18475,13391,12761,9047,8444,7848,7262,6687,6128,5588,19872,19235,13563,12942,12324,11710,11099,9893,9300,8714,8139,7575,7026,6495,5988,20010,19378,17489,12545,11942,11344,10752,10167,9590,9024,8469,7929,6905,20167,19540,18915,18291,17669,17050,16432,15205,14597,13991,12794,12204,11619,11042,10473,9915,9368,8835,8318,7821,18486,17259,16649,16042,15439,14840,13656,13072,12494,11924,11362,10810,10270,9743,9232,8739,15697,15108,14524,13946,13375,12811,12255,11710,11175,10653,10146,9656,15976,15398,14826,14260,13702,13152,12612,12082,11565,11061,10574,10104,16277,15710,15150,14597,14052,13516,12991,12477,11977,11491,16598,16042,15494,14953,14422,13901,13391,12893,12409,11942,13327
77,5988,5511,8714,5588,5073,4159,3312,6687,7262,7848,8444,3248,2905,2598,2678,2905,3248,4159,4684,5237,5810,6397,7603,8216,2756,2342,2756,3248,3787,4947,5550,6162,7406,8034,7902,7262,6624,5988,5356,4729,4108,3498,2905,1837,1837,2342,2905,3498,5356,5988,6624,7262,7902,7821,7174,6528,5882,5237,3312,2678,919,1452,3312,3951,5237,5882,6528,8444,7794,7145,6495,5846,5196,4547,3248,1949,0,650,3248,3897,4547,7794,8444,9765,9117,8469,7821,5882,5237,4593,3312,2678,2054,1452,7821,8469,13702,9829,5988,5356,4729,2905,18937,6162,5550,4947,19659,8835,8216,6996,6397,21037,20396,15288,14654,10888,10270,9656,9047,8444,7848,7262,21786,21147,15439,14812,14186,13563,12942,11710,11099,10494,9893,9300,8714,8139,7575,21912,21277,19378,14378,13763,13152,12545,11942,11344,10752,10167,9590,8469,22056,21425,20795,20167,19540,18915,18291,17050,16432,15817,14597,13991,13391,12794,12204,11619,11042,10473,9915,9368,20344,19103,18486,17871,17259,16649,15439,14840,14245,13656,13072,12494,11924,11362,10810,10270,17489,16888,16290,15697,15108,14524,13946,13375,12811,12255,11710,11175,17741,17148,16560,15976,15398,14826,14260,13702,13152,12612,12082,11565,18012,17429,16850,16277,15710,15150,14597,14052,13516,12991,18303,17729,17161,16598,16042,15494,14953,14422,13901,13391,14812
78,6495,5988,8139,6128,5588,4593,3248,6128,6687,7262,7848,3674,3248,2678,2598,2678,2905,3674,4159,4684,5237,5810,6996,7603,3248,2756,2342,2756,3248,4357,4947,5550,6781,7406,8543,7902,7262,6624,5988,5356,4729,4108,3498,2342,1452,1837,2342,2905,4729,5356,5988,6624,7262,8469,7821,7174,6528,5882,3951,3312,650,919,2678,3312,4593,5237,5882,9094,8444,7794,7145,6495,5846,5196,3897,2598,650,0,2598,3248,3897,7145,7794,10413,9765,9117,8469,6528,5882,5237,3951,3312,2678,2054,7174,7821,14349,10473,6624,5988,5356,3498,19583,6781,6162,5550,20303,9457,8835,7603,6996,21679,21037,15924,15288,11510,10888,10270,9656,9047,8444,7848,22425,21786,16069,15439,14812,14186,13563,12324,11710,11099,10494,9893,9300,8714,8139,22547,21912,20010,14996,14378,13763,13152,12545,11942,11344,10752,10167,9024,22687,22056,21425,20795,20167,19540,18915,17669,17050,16432,15205,14597,13991,13391,12794,12204,11619,11042,10473,9915,20967,19723,19103,18486,17871,17259,16042,15439,14840,14245,13656,13072,12494,11924,11362,10810,18094,17489,16888,16290,15697,15108,14524,13946,13375,12811,12255,11710,18337,17741,17148,16560,15976,15398,14826,14260,13702,13152,12612,12082,18600,18012,17429,16850,16277,15710,15150,14597,14052,13516,18881,18303,17729,17161,16598,16042,15494,14953,14422,13901,15330
79,8714,8139,5988,8444,7848,6687,4159,4159,4593,5073,5588,5810,5237,4159,3674,3248,2905,2598,2678,2905,3248,3674,4684,5237,5550,4947,2342,2054,1949,2342,2756,3248,4357,4947,11118,10473,9829,9186,8543,7902,7262,6624,5988,4729,2342,1837,1452,1299,2342,2905,3498,4108,4729,11061,10413,9765,9117,8469,6528,5882,2678,2054,650,919,2054,2678,3312,11692,11042,10393,9743,9094,8444,7794,6495,5196,3248,2598,0,650,1299,4547,5196,13007,12358,11710,11061,9117,8469,7821,6528,5882,5237,4593,4593,5237,16938,13056,9186,8543,7902,5988,22170,9300,8666,8034,22882,11977,11344,10084,9457,24251,23608,18475,17836,14022,13391,12761,12134,11510,10888,10270,24988,24347,18600,17965,17332,16700,16069,14812,14186,13563,12942,12324,11710,11099,10494,25098,24459,22547,17489,16863,16238,15616,14996,14378,13763,13152,12545,11344,25223,24588,23954,23320,22687,22056,21425,20167,19540,18915,17669,17050,16432,15817,15205,14597,13991,13391,12794,12204,23473,22218,21592,20967,20344,19723,18486,17871,17259,16649,16042,15439,14840,14245,13656,13072,20540,19925,19312,18702,18094,17489,16888,16290,15697,15108,14524,13946,20755,20146,19540,18937,18337,17741,17148,16560,15976,15398,14826,14260,20987,20386,19787,19192,18600,18012,17429,16850,16277,15710,21237,20643,20052,19464,18881,18303,17729,17161,16598,16042,17489
80,9300,8714,5511,9047,8444,7262,4593,3787,4159,4593,5073,6397,5810,4684,4159,3674,3248,2678,2598,2678,2905,3248,4159,4684,6162,5550,2756,2342,2054,2054,2342,2756,3787,4357,11764,11118,10473,9829,9186,8543,7902,7262,6624,5356,2905,2342,1837,1452,1837,2342,2905,3498,4108,11710,11061,10413,9765,9117,7174,6528,3312,2678,919,650,1452,2054,2678,12341,11692,11042,10393,9743,9094,8444,7145,5846,3897,3248,650,0,650,3897,4547,13656,13007,12358,11710,9765,9117,8469,7174,6528,5882,5237,3951,4593,17586,13702,9829,9186,8543,6624,22817,9936,9300,8666,23527,12612,11977,10712,10084,24895,24251,19114,18475,14654,14022,13391,12761,12134,11510,10888,25630,24988,19235,18600,17965,17332,16700,15439,14812,14186,13563,12942,12324,11710,11099,25737,25098,23184,18117,17489,16863,16238,15616,14996,14378,13763,13152,11942,25859,25223,24588,23954,23320,22687,22056,20795,20167,19540,18291,17669,17050,16432,15817,15205,14597,13991,13391,12794,24103,22845,22218,21592,20967,20344,19103,18486,17871,17259,16649,16042,15439,14840,14245,13656,21157,20540,19925,19312,18702,18094,17489,16888,16290,15697,15108,14524,21366,20755,20146,19540,18937,18337,17741,17148,16560,15976,15398,14826,21592,20987,20386,19787,19192,18600,18012,17429,16850,16277,21834,21237,20643,20052,19464,18881,18303,17729,17161,16598,18047
81,9893,9300,5073,9656,9047,7848,5073,3498,3787,4159,4593,6996,6397,5237,4684,4159,3674,2905,2678,2598,2678,2905,3674,4159,6781,6162,3248,2756,2342,1949,2054,2342,3248,3787,12409,11764,11118,10473,9829,9186,8543,7902,7262,5988,3498,2905,2342,1837,1452,1837,2342,2905,3498,12358,11710,11061,10413,9765,7821,7174,3951,3312,1452,919,919,1452,2054,12991,12341,11692,11042,10393,9743,9094,7794,6495,4547,3897,1299,650,0,3248,3897,14305,13656,13007,12358,10413,9765,9117,7821,7174,6528,5882,3312,3951,18233,14349,10473,9829,9186,7262,23464,10574,9936,9300,24173,13248,12612,11344,10712,25539,24895,19755,19114,15288,14654,14022,13391,12761,12134,11510,26272,25630,19872,19235,18600,17965,17332,16069,15439,14812,14186,13563,12942,12324,11710,26376,25737,23821,18747,18117,17489,16863,16238,15616,14996,14378,13763,12545,26496,25859,25223,24588,23954,23320,22687,21425,20795,20167,18915,18291,17669,17050,16432,15817,15205,14597,13991,13391,24734,23473,22845,22218,21592,20967,19723,19103,18486,17871,17259,16649,16042,15439,14840,14245,21776,21157,20540,19925,19312,18702,18094,17489,16888,16290,15697,15108,21979,21366,20755,20146,19540,18937,18337,17741,17148,16560,15976,15398,22199,21592,20987,20386,19787,19192,18600,18012,17429,16850,22435,21834,21237,20643,20052,19464,18881,18303,17729,17161,18611
82,12942,12324,3897,12761,12134,10888,7848,3787,3498,3312,3248,10084,9457,8216,7603,6996,6397,5237,4684,4159,3674,3248,2678,2598,9936,9300,6162,5550,4947,3787,3248,2756,2054,1949,15643,14996,14349,13702,13056,12409,11764,11118,10473,9186,6624,5988,5356,4729,2905,2342,1837,1452,1299,15602,14953,14305,13656,13007,11061,10413,7174,6528,4593,3951,2678,2054,1452,16238,15589,14939,14290,13640,12991,12341,11042,9743,7794,7145,4547,3897,3248,0,650,17549,16900,16251,15602,13656,13007,12358,11061,10413,9765,9117,650,919,21474,17586,13702,13056,12409,10473,26702,13779,13136,12494,27404,16445,15804,14524,13885,28764,28118,22965,22322,18475,17836,17197,16560,15924,15288,14654,29488,28844,23065,22425,21786,21147,20509,19235,18600,17965,17332,16700,16069,15439,14812,29581,28939,27016,21912,21277,20643,20010,19378,18747,18117,17489,16863,15616,29687,29048,28409,27771,27133,26496,25859,24588,23954,23320,22056,21425,20795,20167,19540,18915,18291,17669,17050,16432,27900,26631,25998,25365,24734,24103,22845,22218,21592,20967,20344,19723,19103,18486,17871,17259,24895,24269,23643,23020,22397,21776,21157,20540,19925,19312,18702,18094,25072,24451,23830,23211,22594,21979,21366,20755,20146,19540,18937,18337,25265,24648,24033,23419,22808,22199,21592,20987,20386,19787,25473,24861,24251,23643,23038,22435,21834,21237,20643,20052,21503
83,13563,12942,3951,13391,12761,11510,8444,4159,3787,3498,3312,10712,10084,8835,8216,7603,6996,5810,5237,4684,4159,3674,2905,2678,10574,9936,6781,6162,5550,4357,3787,3248,2342,2054,16290,15643,14996,14349,13702,13056,12409,11764,11118,9829,7262,6624,5988,5356,3498,2905,2342,1837,1452,16251,15602,14953,14305,13656,11710,11061,7821,7174,5237,4593,3312,2678,2054,16888,16238,15589,14939,14290,13640,12991,11692,10393,8444,7794,5196,4547,3897,650,0,18199,17549,16900,16251,14305,13656,13007,11710,11061,10413,9765,919,650,22122,18233,14349,13702,13056,11118,27350,14422,13779,13136,28051,17087,16445,15164,14524,29409,28764,23608,22965,19114,18475,17836,17197,16560,15924,15288,30132,29488,23706,23065,22425,21786,21147,19872,19235,18600,17965,17332,16700,16069,15439,30223,29581,27657,22547,21912,21277,20643,20010,19378,18747,18117,17489,16238,30327,29687,29048,28409,27771,27133,26496,25223,24588,23954,22687,22056,21425,20795,20167,19540,18915,18291,17669,17050,28535,27265,26631,25998,25365,24734,23473,22845,22218,21592,20967,20344,19723,19103,18486,17871,25523,24895,24269,23643,23020,22397,21776,21157,20540,19925,19312,18702,25696,25072,24451,23830,23211,22594,21979,21366,20755,20146,19540,18937,25884,25265,24648,24033,23419,22808,22199,21592,20987,20386,26087,25473,24861,24251,23643,23038,22435,21834,21237,20643,22094
84,6905,7406,18117,6495,7026,8139,11099,16069,16700,17332,17965,8444,9047,10270,10888,11510,12134,13391,14022,14654,15288,15924,17197,17836,8216,8835,11977,12612,13248,14524,15164,15804,17087,17729,2756,3248,3787,4357,4947,5550,6162,6781,7406,8666,11213,11853,12494,13136,15066,15710,16355,17000,17645,2342,2905,3498,4108,4729,6624,7262,10473,11118,13056,13702,14996,15643,16290,1452,2054,2678,3312,3951,4593,5237,6528,7821,9765,10413,13007,13656,14305,17549,18199,0,650,1299,1949,3897,4547,5196,6495,7145,7794,8444,17537,18187,3951,650,3951,4593,5237,7174,9186,4108,4729,5356,9936,2342,2756,3787,4357,11344,10712,5810,5237,2678,2598,2678,2905,3248,3674,4159,12134,11510,6128,5588,5073,4593,4159,3498,3312,3248,3312,3498,3787,4159,4593,12324,11710,9893,5511,5073,4684,4357,4108,3951,3897,3951,4108,4684,12545,11942,11344,10752,10167,9590,9024,7929,7406,6905,5988,5588,5237,4947,4729,4593,4547,4593,4729,4947,11042,9915,9368,8835,8318,7821,6905,6495,6128,5810,5550,5356,5237,5196,5237,5356,8739,8267,7821,7406,7026,6687,6397,6162,5988,5882,5846,5882,9186,8739,8318,7929,7575,7262,6996,6781,6624,6528,6495,6528,9656,9232,8835,8469,8139,7848,7603,7406,7262,7174,10146,9743,9368,9024,8714,8444,8216,8034,7902,7821,8666
85,6430,6905,17489,5988,6495,7575,10494,15439,16069,16700,17332,7848,8444,9656,10270,10888,11510,12761,13391,14022,14654,15288,16560,17197,7603,8216,11344,11977,12612,13885,14524,15164,16445,17087,2342,2756,3248,3787,4357,4947,5550,6162,6781,8034,10574,11213,11853,12494,14422,15066,15710,16355,17000,1837,2342,2905,3498,4108,5988,6624,9829,10473,12409,13056,14349,14996,15643,919,1452,2054,2678,3312,3951,4593,5882,7174,9117,9765,12358,13007,13656,16900,17549,650,0,650,1299,3248,3897,4547,5846,6495,7145,7794,16888,17537,4593,919,3312,3951,4593,6528,9829,3498,4108,4729,10574,2054,2342,3248,3787,11977,11344,6397,5810,2905,2678,2598,2678,2905,3248,3674,12761,12134,6687,6128,5588,5073,4593,3787,3498,3312,3248,3312,3498,3787,4159,12942,12324,10494,5988,5511,5073,4684,4357,4108,3951,3897,3951,4357,13152,12545,11942,11344,10752,10167,9590,8469,7929,7406,6430,5988,5588,5237,4947,4729,4593,4547,4593,4729,11619,10473,9915,9368,8835,8318,7349,6905,6495,6128,5810,5550,5356,5237,5196,5237,9232,8739,8267,7821,7406,7026,6687,6397,6162,5988,5882,5846,9656,9186,8739,8318,7929,7575,7262,6996,6781,6624,6528,6495,10104,9656,9232,8835,8469,8139,7848,7603,7406,7262,10574,10146,9743,9368,9024,8714,8444,8216,8034,7902,8835
86,5988,6430,16863,5511,5988,7026,9893,14812,15439,16069,16700,7262,7848,9047,9656,10270,10888,12134,12761,13391,14022,14654,15924,16560,6996,7603,10712,11344,11977,13248,13885,14524,15804,16445,2054,2342,2756,3248,3787,4357,4947,5550,6162,7406,9936,10574,11213,11853,13779,14422,15066,15710,16355,1452,1837,2342,2905,3498,5356,5988,9186,9829,11764,12409,13702,14349,14996,650,919,1452,2054,2678,3312,3951,5237,6528,8469,9117,11710,12358,13007,16251,16900,1299,650,0,650,2598,3248,3897,5196,5846,6495,7145,16238,16888,5237,1452,2678,3312,3951,5882,10473,2905,3498,4108,11213,1949,2054,2756,3248,12612,11977,6996,6397,3248,2905,2678,2598,2678,2905,3248,13391,12761,7262,6687,6128,5588,5073,4159,3787,3498,3312,3248,3312,3498,3787,13563,12942,11099,6495,5988,5511,5073,4684,4357,4108,3951,3897,4108,13763,13152,12545,11942,11344,10752,10167,9024,8469,7929,6905,6430,5988,5588,5237,4947,4729,4593,4547,4593,12204,11042,10473,9915,9368,8835,7821,7349,6905,6495,6128,5810,5550,5356,5237,5196,9743,9232,8739,8267,7821,7406,7026,6687,6397,6162,5988,5882,10146,9656,9186,8739,8318,7929,7575,7262,6996,6781,6624,6528,10574,10104,9656,9232,8835,8469,8139,7848,7603,7406,11023,10574,10146,9743,9368,9024,8714,8444,8216,8034,9047
87,5588,5988,16238,5073,5511,6495,9300,14186,14812,15439,16069,6687,7262,8444,9047,9656,10270,11510,12134,12761,13391,14022,15288,15924,6397,6996,10084,10712,11344,12612,13248,13885,15164,15804,1949,2054,2342,2756,3248,3787,4357,4947,5550,6781,9300,9936,10574,11213,13136,13779,14422,15066,15710,1299,1452,1837,2342,2905,4729,5356,8543,9186,11118,11764,13056,13702,14349,919,650,919,1452,2054,2678,3312,4593,5882,7821,8469,11061,11710,12358,15602,16251,1949,1299,650,0,1949,2598,3248,4547,5196,5846,6495,15589,16238,5882,2054,2054,2678,3312,5237,11118,2342,2905,3498,11853,2054,1949,2342,2756,13248,12612,7603,6996,3674,3248,2905,2678,2598,2678,2905,14022,13391,7848,7262,6687,6128,5588,4593,4159,3787,3498,3312,3248,3312,3498,14186,13563,11710,7026,6495,5988,5511,5073,4684,4357,4108,3951,3951,14378,13763,13152,12545,11942,11344,10752,9590,9024,8469,7406,6905,6430,5988,5588,5237,4947,4729,4593,4547,12794,11619,11042,10473,9915,9368,8318,7821,7349,6905,6495,6128,5810,5550,5356,5237,10270,9743,9232,8739,8267,7821,7406,7026,6687,6397,6162,5988,10653,10146,9656,9186,8739,8318,7929,7575,7262,6996,6781,6624,11061,10574,10104,9656,9232,8835,8469,8139,7848,7603,11491,11023,10574,10146,9743,9368,9024,8714,8444,8216,9300
88,4729,4947,14378,4108,4357,5073,7575,12324,12942,13563,14186,5073,5588,6687,7262,7848,8444,9656,10270,10888,11510,12134,13391,14022,4684,5237,8216,8835,9457,10712,11344,11977,13248,13885,2756,2342,2054,1949,2054,2342,2756,3248,3787,4947,7406,8034,8666,9300,11213,11853,12494,13136,13779,2342,1837,1452,1299,1452,2905,3498,6624,7262,9186,9829,11118,11764,12409,2678,2054,1452,919,650,919,1452,2678,3951,5882,6528,9117,9765,10413,13656,14305,3897,3248,2598,1949,0,650,1299,2598,3248,3897,4547,13640,14290,7821,3951,650,919,1452,3312,13056,1299,1452,1837,13779,3248,2756,2054,1949,15164,14524,9457,8835,5237,4684,4159,3674,3248,2905,2678,15924,15288,9656,9047,8444,7848,7262,6128,5588,5073,4593,4159,3787,3498,3312,16069,15439,13563,8714,8139,7575,7026,6495,5988,5511,5073,4684,4108,16238,15616,14996,14378,13763,13152,12545,11344,10752,10167,9024,8469,7929,7406,6905,6430,5988,5588,5237,4947,14597,13391,12794,12204,11619,11042,9915,9368,8835,8318,7821,7349,6905,6495,6128,5810,11924,11362,10810,10270,9743,9232,8739,8267,7821,7406,7026,6687,12255,11710,11175,10653,10146,9656,9186,8739,8318,7929,7575,7262,12612,12082,11565,11061,10574,10104,9656,9232,8835,8469,12991,12477,11977,11491,11023,10574,10146,9743,9368,9024,10270
89,4593,4729,13763,3951,4108,4684,7026,11710,12324,12942,13563,4593,5073,6128,6687,7262,7848,9047,9656,10270,10888,11510,12761,13391,4159,4684,7603,8216,8835,10084,10712,11344,12612,13248,3248,2756,2342,2054,1949,2054,2342,2756,3248,4357,6781,7406,8034,8666,10574,11213,11853,12494,13136,2905,2342,1837,1452,1299,2342,2905,5988,6624,8543,9186,10473,11118,11764,3312,2678,2054,1452,919,650,919,2054,3312,5237,5882,8469,9117,9765,13007,13656,4547,3897,3248,2598,650,0,650,1949,2598,3248,3897,12991,13640,8469,4593,919,650,919,2678,13702,1452,1299,1452,14422,3787,3248,2342,2054,15804,15164,10084,9457,5810,5237,4684,4159,3674,3248,2905,16560,15924,10270,9656,9047,8444,7848,6687,6128,5588,5073,4593,4159,3787,3498,16700,16069,14186,9300,8714,8139,7575,7026,6495,5988,5511,5073,4357,16863,16238,15616,14996,14378,13763,13152,11942,11344,10752,9590,9024,8469,7929,7406,6905,6430,5988,5588,5237,15205,13991,13391,12794,12204,11619,10473,9915,9368,8835,8318,7821,7349,6905,6495,6128,12494,11924,11362,10810,10270,9743,9232,8739,8267,7821,7406,7026,12811,12255,11710,11175,10653,10146,9656,9186,8739,8318,7929,7575,13152,12612,12082,11565,11061,10574,10104,9656,9232,8835,13516,12991,12477,11977,11491,11023,10574,10146,9743,9368,10653
90,4547,4593,13152,3897,3951,4357,6495,11099,11710,12324,12942,4159,4593,5588,6128,6687,7262,8444,9047,9656,10270,10888,12134,12761,3674,4159,6996,7603,8216,9457,10084,10712,11977,12612,3787,3248,2756,2342,2054,1949,2054,2342,2756,3787,6162,6781,7406,8034,9936,10574,11213,11853,12494,3498,2905,2342,1837,1452,1837,2342,5356,5988,7902,8543,9829,10473,11118,3951,3312,2678,2054,1452,919,650,1452,2678,4593,5237,7821,8469,9117,12358,13007,5196,4547,3897,3248,1299,650,0,1299,1949,2598,3248,12341,12991,9117,5237,1452,919,650,2054,14349,1837,1452,1299,15066,4357,3787,2756,2342,16445,15804,10712,10084,6397,5810,5237,4684,4159,3674,3248,17197,16560,10888,10270,9656,9047,8444,7262,6687,6128,5588,5073,4593,4159,3787,17332,16700,14812,9893,9300,8714,8139,7575,7026,6495,5988,5511,4684,17489,16863,16238,15616,14996,14378,13763,12545,11942,11344,10167,9590,9024,8469,7929,7406,6905,6430,5988,5588,15817,14597,13991,13391,12794,12204,11042,10473,9915,9368,8835,8318,7821,7349,6905,6495,13072,12494,11924,11362,10810,10270,9743,9232,8739,8267,7821,7406,13375,12811,12255,11710,11175,10653,10146,9656,9186,8739,8318,7929,13702,13152,12612,12082,11565,11061,10574,10104,9656,9232,14052,13516,12991,12477,11977,11491,11023,10574,10146,9743,11061
91,4729,4593,11942,4108,3951,3951,5511,9893,10494,11099,11710,3498,3787,4593,5073,5588,6128,7262,7848,8444,9047,9656,10888,11510,2905,3248,5810,6397,6996,8216,8835,9457,10712,11344,4947,4357,3787,3248,2756,2342,2054,1949,2054,2756,4947,5550,6162,6781,8666,9300,9936,10574,11213,4729,4108,3498,2905,2342,1299,1452,4108,4729,6624,7262,8543,9186,9829,5237,4593,3951,3312,2678,2054,1452,650,1452,3312,3951,6528,7174,7821,11061,11710,6495,5846,5196,4547,2598,1949,1299,0,650,1299,1949,11042,11692,10413,6528,2678,2054,1452,919,15643,2905,2342,1837,16355,5550,4947,3787,3248,17729,17087,11977,11344,7603,6996,6397,5810,5237,4684,4159,18475,17836,12134,11510,10888,10270,9656,8444,7848,7262,6687,6128,5588,5073,4593,18600,17965,16069,11099,10494,9893,9300,8714,8139,7575,7026,6495,5511,18747,18117,17489,16863,16238,15616,14996,13763,13152,12545,11344,10752,10167,9590,9024,8469,7929,7406,6905,6430,17050,15817,15205,14597,13991,13391,12204,11619,11042,10473,9915,9368,8835,8318,7821,7349,14245,13656,13072,12494,11924,11362,10810,10270,9743,9232,8739,8267,14524,13946,13375,12811,12255,11710,11175,10653,10146,9656,9186,8739,14826,14260,13702,13152,12612,12082,11565,11061,10574,10104,15150,14597,14052,13516,12991,12477,11977,11491,11023,10574,11942
92,4947,4729,11344,4357,4108,3897,5073,9300,9893,10494,11099,3312,3498,4159,4593,5073,5588,6687,7262,7848,8444,9047,10270,10888,2678,2905,5237,5810,6397,7603,8216,8835,10084,10712,5550,4947,4357,3787,3248,2756,2342,2054,1949,2342,4357,4947,5550,6162,8034,8666,9300,9936,10574,5356,4729,4108,3498,2905,1452,1299,3498,4108,5988,6624,7902,8543,9186,5882,5237,4593,3951,3312,2678,2054,919,919,2678,3312,5882,6528,7174,10413,11061,7145,6495,5846,5196,3248,2598,1949,650,0,650,1299,10393,11042,11061,7174,3312,2678,2054,650,16290,3498,2905,2342,17000,6162,5550,4357,3787,18372,17729,12612,11977,8216,7603,6996,6397,5810,5237,4684,19114,18475,12761,12134,11510,10888,10270,9047,8444,7848,7262,6687,6128,5588,5073,19235,18600,16700,11710,11099,10494,9893,9300,8714,8139,7575,7026,5988,19378,18747,18117,17489,16863,16238,15616,14378,13763,13152,11942,11344,10752,10167,9590,9024,8469,7929,7406,6905,17669,16432,15817,15205,14597,13991,12794,12204,11619,11042,10473,9915,9368,8835,8318,7821,14840,14245,13656,13072,12494,11924,11362,10810,10270,9743,9232,8739,15108,14524,13946,13375,12811,12255,11710,11175,10653,10146,9656,9186,15398,14826,14260,13702,13152,12612,12082,11565,11061,10574,15710,15150,14597,14052,13516,12991,12477,11977,11491,11023,12409
93,5237,4947,10752,4684,4357,3951,4684,8714,9300,9893,10494,3248,3312,3787,4159,4593,5073,6128,6687,7262,7848,8444,9656,10270,2598,2678,4684,5237,5810,6996,7603,8216,9457,10084,6162,5550,4947,4357,3787,3248,2756,2342,2054,2054,3787,4357,4947,5550,7406,8034,8666,9300,9936,5988,5356,4729,4108,3498,1837,1452,2905,3498,5356,5988,7262,7902,8543,6528,5882,5237,4593,3951,3312,2678,1452,650,2054,2678,5237,5882,6528,9765,10413,7794,7145,6495,5846,3897,3248,2598,1299,650,0,650,9743,10393,11710,7821,3951,3312,2678,919,16938,4108,3498,2905,17645,6781,6162,4947,4357,19015,18372,13248,12612,8835,8216,7603,6996,6397,5810,5237,19755,19114,13391,12761,12134,11510,10888,9656,9047,8444,7848,7262,6687,6128,5588,19872,19235,17332,12324,11710,11099,10494,9893,9300,8714,8139,7575,6495,20010,19378,18747,18117,17489,16863,16238,14996,14378,13763,12545,11942,11344,10752,10167,9590,9024,8469,7929,7406,18291,17050,16432,15817,15205,14597,13391,12794,12204,11619,11042,10473,9915,9368,8835,8318,15439,14840,14245,13656,13072,12494,11924,11362,10810,10270,9743,9232,15697,15108,14524,13946,13375,12811,12255,11710,11175,10653,10146,9656,15976,15398,14826,14260,13702,13152,12612,12082,11565,11061,16277,15710,15150,14597,14052,13516,12991,12477,11977,11491,12893
94,5588,5237,10167,5073,4684,4108,4357,8139,8714,9300,9893,3312,3248,3498,3787,4159,4593,5588,6128,6687,7262,7848,9047,9656,2678,2598,4159,4684,5237,6397,6996,7603,8835,9457,6781,6162,5550,4947,4357,3787,3248,2756,2342,1949,3248,3787,4357,4947,6781,7406,8034,8666,9300,6624,5988,5356,4729,4108,2342,1837,2342,2905,4729,5356,6624,7262,7902,7174,6528,5882,5237,4593,3951,3312,2054,919,1452,2054,4593,5237,5882,9117,9765,8444,7794,7145,6495,4547,3897,3248,1949,1299,650,0,9094,9743,12358,8469,4593,3951,3312,1452,17586,4729,4108,3498,18291,7406,6781,5550,4947,19659,19015,13885,13248,9457,8835,8216,7603,6996,6397,5810,20396,19755,14022,13391,12761,12134,11510,10270,9656,9047,8444,7848,7262,6687,6128,20509,19872,17965,12942,12324,11710,11099,10494,9893,9300,8714,8139,7026,20643,20010,19378,18747,18117,17489,16863,15616,14996,14378,13152,12545,11942,11344,10752,10167,9590,9024,8469,7929,18915,17669,17050,16432,15817,15205,13991,13391,12794,12204,11619,11042,10473,9915,9368,8835,16042,15439,14840,14245,13656,13072,12494,11924,11362,10810,10270,9743,16290,15697,15108,14524,13946,13375,12811,12255,11710,11175,10653,10146,16560,15976,15398,14826,14260,13702,13152,12612,12082,11565,16850,16277,15710,15150,14597,14052,13516,12991,12477,11977,13391
95,13152,12545,4547,12942,12324,11099,8139,4357,4108,3951,3897,10270,9656,8444,7848,7262,6687,5588,5073,4593,4159,3787,3312,3248,10084,9457,6397,5810,5237,4159,3674,3248,2678,2598,15710,15066,14422,13779,13136,12494,11853,11213,10574,9300,6781,6162,5550,4947,3248,2756,2342,2054,1949,15643,14996,14349,13702,13056,11118,10473,7262,6624,4729,4108,2905,2342,1837,16251,15602,14953,14305,13656,13007,12358,11061,9765,7821,7174,4593,3951,3312,650,919,17537,16888,16238,15589,13640,12991,12341,11042,10393,9743,9094,0,650,21445,17549,13656,13007,12358,10413,26663,13702,13056,12409,27350,16355,15710,14422,13779,28697,28051,22882,22237,18372,17729,17087,16445,15804,15164,14524,29409,28764,22965,22322,21679,21037,20396,19114,18475,17836,17197,16560,15924,15288,14654,29488,28844,26915,21786,21147,20509,19872,19235,18600,17965,17332,16700,15439,29581,28939,28298,27657,27016,26376,25737,24459,23821,23184,21912,21277,20643,20010,19378,18747,18117,17489,16863,16238,27771,26496,25859,25223,24588,23954,22687,22056,21425,20795,20167,19540,18915,18291,17669,17050,24734,24103,23473,22845,22218,21592,20967,20344,19723,19103,18486,17871,24895,24269,23643,23020,22397,21776,21157,20540,19925,19312,18702,18094,25072,24451,23830,23211,22594,21979,21366,20755,20146,19540,25265,24648,24033,23419,22808,22199,21592,20987,20386,19787,21237
96,13763,13152,4593,13563,12942,11710,8714,4684,4357,4108,3951,10888,10270,9047,8444,7848,7262,6128,5588,5073,4593,4159,3498,3312,10712,10084,6996,6397,5810,4684,4159,3674,2905,2678,16355,15710,15066,14422,13779,13136,12494,11853,11213,9936,7406,6781,6162,5550,3787,3248,2756,2342,2054,16290,15643,14996,14349,13702,11764,11118,7902,7262,5356,4729,3498,2905,2342,16900,16251,15602,14953,14305,13656,13007,11710,10413,8469,7821,5237,4593,3951,919,650,18187,17537,16888,16238,14290,13640,12991,11692,11042,10393,9743,650,0,22094,18199,14305,13656,13007,11061,27311,14349,13702,13056,27998,17000,16355,15066,14422,29344,28697,23527,22882,19015,18372,17729,17087,16445,15804,15164,30055,29409,23608,22965,22322,21679,21037,19755,19114,18475,17836,17197,16560,15924,15288,30132,29488,27557,22425,21786,21147,20509,19872,19235,18600,17965,17332,16069,30223,29581,28939,28298,27657,27016,26376,25098,24459,23821,22547,21912,21277,20643,20010,19378,18747,18117,17489,16863,28409,27133,26496,25859,25223,24588,23320,22687,22056,21425,20795,20167,19540,18915,18291,17669,25365,24734,24103,23473,22845,22218,21592,20967,20344,19723,19103,18486,25523,24895,24269,23643,23020,22397,21776,21157,20540,19925,19312,18702,25696,25072,24451,23830,23211,22594,21979,21366,20755,20146,25884,25265,24648,24033,23419,22808,22199,21592,20987,20386,21834
97,10473,11042,22056,10167,10752,11942,14996,20010,20643,21277,21912,12324,12942,14186,14812,15439,16069,17332,17965,18600,19235,19872,21147,21786,12134,12761,15924,16560,17197,18475,19114,19755,21037,21679,6397,6996,7603,8216,8835,9457,10084,10712,11344,12612,15164,15804,16445,17087,19015,19659,20303,20947,21592,6162,6781,7406,8034,8666,10574,11213,14422,15066,17000,17645,18937,19583,20230,5356,5988,6624,7262,7902,8543,9186,10473,11764,13702,14349,16938,17586,18233,21474,22122,3951,4593,5237,5882,7821,8469,9117,10413,11061,11710,12358,21445,22094,0,3897,7794,8444,9094,11042,5237,7821,8469,9117,5988,5356,5988,7262,7902,7406,6781,2342,2054,3787,4357,4947,5550,6162,6781,7406,8216,7603,2905,2678,2598,2678,2905,3674,4159,4684,5237,5810,6397,6996,7603,8444,7848,6128,3248,3312,3498,3787,4159,4593,5073,5588,6128,7262,8714,8139,7575,7026,6495,5988,5511,4684,4357,4108,3897,3951,4108,4357,4684,5073,5511,5988,6495,7026,7406,6430,5988,5588,5237,4947,4593,4547,4593,4729,4947,5237,5588,5988,6430,6905,5810,5550,5356,5237,5196,5237,5356,5550,5810,6128,6495,6905,6397,6162,5988,5882,5846,5882,5988,6162,6397,6687,7026,7406,6996,6781,6624,6528,6495,6528,6624,6781,6996,7262,7603,7406,7262,7174,7145,7174,7262,7406,7603,7848,8034
98,7349,7821,18291,6905,7406,8469,11344,16238,16863,17489,18117,8714,9300,10494,11099,11710,12324,13563,14186,14812,15439,16069,17332,17965,8444,9047,12134,12761,13391,14654,15288,15924,17197,17836,3248,3674,4159,4684,5237,5810,6397,6996,7603,8835,11344,11977,12612,13248,15164,15804,16445,17087,17729,2756,3248,3787,4357,4947,6781,7406,10574,11213,13136,13779,15066,15710,16355,1837,2342,2905,3498,4108,4729,5356,6624,7902,9829,10473,13056,13702,14349,17586,18233,650,919,1452,2054,3951,4593,5237,6528,7174,7821,8469,17549,18199,3897,0,3897,4547,5196,7145,9117,3951,4593,5237,9829,1837,2342,3498,4108,11213,10574,5550,4947,2054,1949,2054,2342,2756,3248,3787,11977,11344,5810,5237,4684,4159,3674,2905,2678,2598,2678,2905,3248,3674,4159,12134,11510,9656,5073,4593,4159,3787,3498,3312,3248,3312,3498,4159,12324,11710,11099,10494,9893,9300,8714,7575,7026,6495,5511,5073,4684,4357,4108,3951,3897,3951,4108,4357,10752,9590,9024,8469,7929,7406,6430,5988,5588,5237,4947,4729,4593,4547,4593,4729,8318,7821,7349,6905,6495,6128,5810,5550,5356,5237,5196,5237,8739,8267,7821,7406,7026,6687,6397,6162,5988,5882,5846,5882,9186,8739,8318,7929,7575,7262,6996,6781,6624,6528,9656,9232,8835,8469,8139,7848,7603,7406,7262,7174,8034
99,5356,5550,14597,4729,4947,5588,7929,12545,13152,13763,14378,5511,5988,7026,7575,8139,8714,9893,10494,11099,11710,12324,13563,14186,5073,5588,8444,9047,9656,10888,11510,12134,13391,14022,3248,2905,2678,2598,2678,2905,3248,3674,4159,5237,7603,8216,8835,9457,11344,11977,12612,13248,13885,2756,2342,2054,1949,2054,3248,3787,6781,7406,9300,9936,11213,11853,12494,2905,2342,1837,1452,1299,1452,1837,2905,4108,5988,6624,9186,9829,10473,13702,14349,3951,3312,2678,2054,650,919,1452,2678,3312,3951,4593,13656,14305,7794,3897,0,650,1299,3248,13007,650,919,1452,13702,2905,2342,1452,1299,15066,14422,9300,8666,4947,4357,3787,3248,2756,2342,2054,15804,15164,9457,8835,8216,7603,6996,5810,5237,4684,4159,3674,3248,2905,2678,15924,15288,13391,8444,7848,7262,6687,6128,5588,5073,4593,4159,3498,16069,15439,14812,14186,13563,12942,12324,11099,10494,9893,8714,8139,7575,7026,6495,5988,5511,5073,4684,4357,14378,13152,12545,11942,11344,10752,9590,9024,8469,7929,7406,6905,6430,5988,5588,5237,11619,11042,10473,9915,9368,8835,8318,7821,7349,6905,6495,6128,11924,11362,10810,10270,9743,9232,8739,8267,7821,7406,7026,6687,12255,11710,11175,10653,10146,9656,9186,8739,8318,7929,12612,12082,11565,11061,10574,10104,9656,9232,8835,8469,9743
100,5237,5356,13991,4593,4729,5237,7406,11942,12545,13152,13763,5073,5511,6495,7026,7575,8139,9300,9893,10494,11099,11710,12942,13563,4593,5073,7848,8444,9047,10270,10888,11510,12761,13391,3674,3248,2905,2678,2598,2678,2905,3248,3674,4684,6996,7603,8216,8835,10712,11344,11977,12612,13248,3248,2756,2342,2054,1949,2756,3248,6162,6781,8666,9300,10574,11213,11853,3498,2905,2342,1837,1452,1299,1452,2342,3498,5356,5988,8543,9186,9829,13056,13702,4593,3951,3312,2678,919,650,919,2054,2678,3312,3951,13007,13656,8444,4547,650,0,650,2598,13656,919,650,919,14349,3498,2905,1837,1452,15710,15066,9936,9300,5550,4947,4357,3787,3248,2756,2342,16445,15804,10084,9457,8835,8216,7603,6397,5810,5237,4684,4159,3674,3248,2905,16560,15924,14022,9047,8444,7848,7262,6687,6128,5588,5073,4593,3787,16700,16069,15439,14812,14186,13563,12942,11710,11099,10494,9300,8714,8139,7575,7026,6495,5988,5511,5073,4684,14996,13763,13152,12545,11942,11344,10167,9590,9024,8469,7929,7406,6905,6430,5988,5588,12204,11619,11042,10473,9915,9368,8835,8318,7821,7349,6905,6495,12494,11924,11362,10810,10270,9743,9232,8739,8267,7821,7406,7026,12811,12255,11710,11175,10653,10146,9656,9186,8739,8318,13152,12612,12082,11565,11061,10574,10104,9656,9232,8835,10146
101,5196,5237,13391,4547,4593,4947,6905,11344,11942,12545,13152,4684,5073,5988,6495,7026,7575,8714,9300,9893,10494,11099,12324,12942,4159,4593,7262,7848,8444,9656,10270,10888,12134,12761,4159,3674,3248,2905,2678,2598,2678,2905,3248,4159,6397,6996,7603,8216,10084,10712,11344,11977,12612,3787,3248,2756,2342,2054,2342,2756,5550,6162,8034,8666,9936,10574,11213,4108,3498,2905,2342,1837,1452,1299,1837,2905,4729,5356,7902,8543,9186,12409,13056,5237,4593,3951,3312,1452,919,650,1452,2054,2678,3312,12358,13007,9094,5196,1299,650,0,1949,14305,1452,919,650,14996,4108,3498,2342,1837,16355,15710,10574,9936,6162,5550,4947,4357,3787,3248,2756,17087,16445,10712,10084,9457,8835,8216,6996,6397,5810,5237,4684,4159,3674,3248,17197,16560,14654,9656,9047,8444,7848,7262,6687,6128,5588,5073,4159,17332,16700,16069,15439,14812,14186,13563,12324,11710,11099,9893,9300,8714,8139,7575,7026,6495,5988,5511,5073,15616,14378,13763,13152,12545,11942,10752,10167,9590,9024,8469,7929,7406,6905,6430,5988,12794,12204,11619,11042,10473,9915,9368,8835,8318,7821,7349,6905,13072,12494,11924,11362,10810,10270,9743,9232,8739,8267,7821,7406,13375,12811,12255,11710,11175,10653,10146,9656,9186,8739,13702,13152,12612,12082,11565,11061,10574,10104,9656,9232,10574
102,5550,5356,11619,4947,4729,4547,5588,9590,10167,10752,11344,3951,4108,4684,5073,5511,5988,7026,7575,8139,8714,9300,10494,11099,3312,3498,5588,6128,6687,7848,8444,9047,10270,10888,5810,5237,4684,4159,3674,3248,2905,2678,2598,2905,4684,5237,5810,6397,8216,8835,9457,10084,10712,5550,4947,4357,3787,3248,2054,1949,3787,4357,6162,6781,8034,8666,9300,5988,5356,4729,4108,3498,2905,2342,1452,1452,2905,3498,5988,6624,7262,10473,11118,7174,6528,5882,5237,3312,2678,2054,919,650,919,1452,10413,11061,11042,7145,3248,2598,1949,0,16251,3312,2678,2054,16938,5988,5356,4108,3498,18291,17645,12494,11853,8034,7406,6781,6162,5550,4947,4357,19015,18372,12612,11977,11344,10712,10084,8835,8216,7603,6996,6397,5810,5237,4684,19114,18475,16560,11510,10888,10270,9656,9047,8444,7848,7262,6687,5588,19235,18600,17965,17332,16700,16069,15439,14186,13563,12942,11710,11099,10494,9893,9300,8714,8139,7575,7026,6495,17489,16238,15616,14996,14378,13763,12545,11942,11344,10752,10167,9590,9024,8469,7929,7406,14597,13991,13391,12794,12204,11619,11042,10473,9915,9368,8835,8318,14840,14245,13656,13072,12494,11924,11362,10810,10270,9743,9232,8739,15108,14524,13946,13375,12811,12255,11710,11175,10653,10146,15398,14826,14260,13702,13152,12612,12082,11565,11061,10574,11977
103,15439,16042,27265,15205,15817,17050,20167,25223,25859,26496,27133,17489,18117,19378,20010,20643,21277,22547,23184,23821,24459,25098,26376,27016,17332,17965,21147,21786,22425,23706,24347,24988,26272,26915,11510,12134,12761,13391,14022,14654,15288,15924,16560,17836,20396,21037,21679,22322,24251,24895,25539,26184,26828,11344,11977,12612,13248,13885,15804,16445,19659,20303,22237,22882,24173,24819,25465,10574,11213,11853,12494,13136,13779,14422,15710,17000,18937,19583,22170,22817,23464,26702,27350,9186,9829,10473,11118,13056,13702,14349,15643,16290,16938,17586,26663,27311,5237,9117,13007,13656,14305,16251,0,12991,13640,14290,919,10413,11061,12358,13007,2342,1837,4108,4729,8543,9186,9829,10473,11118,11764,12409,3248,2756,4357,4947,5550,6162,6781,8034,8666,9300,9936,10574,11213,11853,12494,3674,3248,2598,5810,6397,6996,7603,8216,8835,9457,10084,10712,11977,4159,3787,3498,3312,3248,3312,3498,4159,4593,5073,6128,6687,7262,7848,8444,9047,9656,10270,10888,11510,3951,3951,4108,4357,4684,5073,5988,6495,7026,7575,8139,8714,9300,9893,10494,11099,5237,5588,5988,6430,6905,7406,7929,8469,9024,9590,10167,10752,5810,6128,6495,6905,7349,7821,8318,8835,9368,9915,10473,11042,6397,6687,7026,7406,7821,8267,8739,9232,9743,10270,6996,7262,7575,7929,8318,8739,9186,9656,10146,10653,10104
104,5988,6162,14840,5356,5550,6128,8318,12794,13391,13991,14597,5988,6430,7406,7929,8469,9024,10167,10752,11344,11942,12545,13763,14378,5511,5988,8714,9300,9893,11099,11710,12324,13563,14186,3787,3498,3312,3248,3312,3498,3787,4159,4593,5588,7848,8444,9047,9656,11510,12134,12761,13391,14022,3248,2905,2678,2598,2678,3674,4159,6996,7603,9457,10084,11344,11977,12612,3248,2756,2342,2054,1949,2054,2342,3248,4357,6162,6781,9300,9936,10574,13779,14422,4108,3498,2905,2342,1299,1452,1837,2905,3498,4108,4729,13702,14349,7821,3951,650,919,1452,3312,12991,0,650,1299,13656,2678,2054,919,650,14996,14349,9186,8543,4729,4108,3498,2905,2342,1837,1452,15710,15066,9300,8666,8034,7406,6781,5550,4947,4357,3787,3248,2756,2342,2054,15804,15164,13248,8216,7603,6996,6397,5810,5237,4684,4159,3674,2905,15924,15288,14654,14022,13391,12761,12134,10888,10270,9656,8444,7848,7262,6687,6128,5588,5073,4593,4159,3787,14186,12942,12324,11710,11099,10494,9300,8714,8139,7575,7026,6495,5988,5511,5073,4684,11344,10752,10167,9590,9024,8469,7929,7406,6905,6430,5988,5588,11619,11042,10473,9915,9368,8835,8318,7821,7349,6905,6495,6128,11924,11362,10810,10270,9743,9232,8739,8267,7821,7406,12255,11710,11175,10653,10146,9656,9186,8739,8318,7929,9232
105,5882,5988,14245,5237,5356,5810,7821,12204,12794,13391,13991,5588,5988,6905,7406,7929,8469,9590,10167,10752,11344,11942,13152,13763,5073,5511,8139,8714,9300,10494,11099,11710,12942,13563,4159,3787,3498,3312,3248,3312,3498,3787,4159,5073,7262,7848,8444,9047,10888,11510,12134,12761,13391,3674,3248,2905,2678,2598,3248,3674,6397,6996,8835,9457,10712,11344,11977,3787,3248,2756,2342,2054,1949,2054,2756,3787,5550,6162,8666,9300,9936,13136,13779,4729,4108,3498,2905,1452,1299,1452,2342,2905,3498,4108,13056,13702,8469,4593,919,650,919,2678,13640,650,0,650,14305,3312,2678,1452,919,15643,14996,9829,9186,5356,4729,4108,3498,2905,2342,1837,16355,15710,9936,9300,8666,8034,7406,6162,5550,4947,4357,3787,3248,2756,2342,16445,15804,13885,8835,8216,7603,6996,6397,5810,5237,4684,4159,3248,16560,15924,15288,14654,14022,13391,12761,11510,10888,10270,9047,8444,7848,7262,6687,6128,5588,5073,4593,4159,14812,13563,12942,12324,11710,11099,9893,9300,8714,8139,7575,7026,6495,5988,5511,5073,11942,11344,10752,10167,9590,9024,8469,7929,7406,6905,6430,5988,12204,11619,11042,10473,9915,9368,8835,8318,7821,7349,6905,6495,12494,11924,11362,10810,10270,9743,9232,8739,8267,7821,12811,12255,11710,11175,10653,10146,9656,9186,8739,8318,9656
106,5846,5882,13656,5196,5237,5550,7349,11619,12204,12794,13391,5237,5588,6430,6905,7406,7929,9024,9590,10167,10752,11344,12545,13152,4684,5073,7575,8139,8714,9893,10494,11099,12324,12942,4593,4159,3787,3498,3312,3248,3312,3498,3787,4593,6687,7262,7848,8444,10270,10888,11510,12134,12761,4159,3674,3248,2905,2678,2905,3248,5810,6397,8216,8835,10084,10712,11344,4357,3787,3248,2756,2342,2054,1949,2342,3248,4947,5550,8034,8666,9300,12494,13136,5356,4729,4108,3498,1837,1452,1299,1837,2342,2905,3498,12409,13056,9117,5237,1452,919,650,2054,14290,1299,650,0,14953,3951,3312,2054,1452,16290,15643,10473,9829,5988,5356,4729,4108,3498,2905,2342,17000,16355,10574,9936,9300,8666,8034,6781,6162,5550,4947,4357,3787,3248,2756,17087,16445,14524,9457,8835,8216,7603,6996,6397,5810,5237,4684,3674,17197,16560,15924,15288,14654,14022,13391,12134,11510,10888,9656,9047,8444,7848,7262,6687,6128,5588,5073,4593,15439,14186,13563,12942,12324,11710,10494,9893,9300,8714,8139,7575,7026,6495,5988,5511,12545,11942,11344,10752,10167,9590,9024,8469,7929,7406,6905,6430,12794,12204,11619,11042,10473,9915,9368,8835,8318,7821,7349,6905,13072,12494,11924,11362,10810,10270,9743,9232,8739,8267,13375,12811,12255,11710,11175,10653,10146,9656,9186,8739,10104
107,16290,16888,28043,16042,16649,17871,20967,25998,26631,27265,27900,18291,18915,20167,20795,21425,22056,23320,23954,24588,25223,25859,27133,27771,18117,18747,21912,22547,23184,24459,25098,25737,27016,27657,12324,12942,13563,14186,14812,15439,16069,16700,17332,18600,21147,21786,22425,23065,24988,25630,26272,26915,27557,12134,12761,13391,14022,14654,16560,17197,20396,21037,22965,23608,24895,25539,26184,11344,11977,12612,13248,13885,14524,15164,16445,17729,19659,20303,22882,23527,24173,27404,28051,9936,10574,11213,11853,13779,14422,15066,16355,17000,17645,18291,27350,27998,5988,9829,13702,14349,14996,16938,919,13656,14305,14953,0,11042,11692,12991,13640,1452,919,4593,5237,9117,9765,10413,11061,11710,12358,13007,2342,1837,4729,5356,5988,6624,7262,8543,9186,9829,10473,11118,11764,12409,13056,2756,2342,2054,6162,6781,7406,8034,8666,9300,9936,10574,11213,12494,3248,2905,2678,2598,2678,2905,3248,4159,4684,5237,6397,6996,7603,8216,8835,9457,10084,10712,11344,11977,3248,3498,3787,4159,4593,5073,6128,6687,7262,7848,8444,9047,9656,10270,10888,11510,5073,5511,5988,6495,7026,7575,8139,8714,9300,9893,10494,11099,5588,5988,6430,6905,7406,7929,8469,9024,9590,10167,10752,11344,6128,6495,6905,7349,7821,8318,8835,9368,9915,10473,6687,7026,7406,7821,8267,8739,9232,9743,10270,10810,10146
108,7575,7929,17489,7026,7406,8267,10810,15439,16042,16649,17259,8318,8835,9915,10473,11042,11619,12794,13391,13991,14597,15205,16432,17050,7929,8469,11344,11942,12545,13763,14378,14996,16238,16863,3951,4108,4357,4684,5073,5511,5988,6495,7026,8139,10494,11099,11710,12324,14186,14812,15439,16069,16700,3312,3498,3787,4159,4593,6128,6687,9656,10270,12134,12761,14022,14654,15288,2598,2678,2905,3248,3674,4159,4684,5810,6996,8835,9457,11977,12612,13248,16445,17087,2342,2054,1949,2054,3248,3787,4357,5550,6162,6781,7406,16355,17000,5356,1837,2905,3498,4108,5988,10413,2678,3312,3951,11042,0,650,1949,2598,12358,11710,6528,5882,2054,1452,919,650,919,1452,2054,13056,12409,6624,5988,5356,4729,4108,2905,2342,1837,1452,1299,1452,1837,2342,13136,12494,10574,5550,4947,4357,3787,3248,2756,2342,2054,1949,2342,13248,12612,11977,11344,10712,10084,9457,8216,7603,6996,5810,5237,4684,4159,3674,3248,2905,2678,2598,2678,11510,10270,9656,9047,8444,7848,6687,6128,5588,5073,4593,4159,3787,3498,3312,3248,8714,8139,7575,7026,6495,5988,5511,5073,4684,4357,4108,3951,9024,8469,7929,7406,6905,6430,5988,5588,5237,4947,4729,4593,9368,8835,8318,7821,7349,6905,6495,6128,5810,5550,9743,9232,8739,8267,7821,7406,7026,6687,6397,6162,7262
109,7262,7575,16888,6687,7026,7821,10270,14840,15439,16042,16649,7821,8318,9368,9915,10473,11042,12204,12794,13391,13991,14597,15817,16432,7406,7929,10752,11344,11942,13152,13763,14378,15616,16238,3897,3951,4108,4357,4684,5073,5511,5988,6495,7575,9893,10494,11099,11710,13563,14186,14812,15439,16069,3248,3312,3498,3787,4159,5588,6128,9047,9656,11510,12134,13391,14022,14654,2678,2598,2678,2905,3248,3674,4159,5237,6397,8216,8835,11344,11977,12612,15804,16445,2756,2342,2054,1949,2756,3248,3787,4947,5550,6162,6781,15710,16355,5988,2342,2342,2905,3498,5356,11061,2054,2678,3312,11692,650,0,1299,1949,13007,12358,7174,6528,2678,2054,1452,919,650,919,1452,13702,13056,7262,6624,5988,5356,4729,3498,2905,2342,1837,1452,1299,1452,1837,13779,13136,11213,6162,5550,4947,4357,3787,3248,2756,2342,2054,2054,13885,13248,12612,11977,11344,10712,10084,8835,8216,7603,6397,5810,5237,4684,4159,3674,3248,2905,2678,2598,12134,10888,10270,9656,9047,8444,7262,6687,6128,5588,5073,4593,4159,3787,3498,3312,9300,8714,8139,7575,7026,6495,5988,5511,5073,4684,4357,4108,9590,9024,8469,7929,7406,6905,6430,5988,5588,5237,4947,4729,9915,9368,8835,8318,7821,7349,6905,6495,6128,5810,10270,9743,9232,8739,8267,7821,7406,7026,6687,6397,7575
110,6781,6996,15697,6162,6397,7026,9232,13656,14245,14840,15439,6905,7349,8318,8835,9368,9915,11042,11619,12204,12794,13391,14597,15205,6430,6905,9590,10167,10752,11942,12545,13152,14378,14996,4108,3951,3897,3951,4108,4357,4684,5073,5511,6495,8714,9300,9893,10494,12324,12942,13563,14186,14812,3498,3312,3248,3312,3498,4593,5073,7848,8444,10270,10888,12134,12761,13391,3248,2905,2678,2598,2678,2905,3248,4159,5237,6996,7603,10084,10712,11344,14524,15164,3787,3248,2756,2342,2054,2342,2756,3787,4357,4947,5550,14422,15066,7262,3498,1452,1837,2342,4108,12358,919,1452,2054,12991,1949,1299,0,650,14305,13656,8469,7821,3951,3312,2678,2054,1452,919,650,14996,14349,8543,7902,7262,6624,5988,4729,4108,3498,2905,2342,1837,1452,1299,15066,14422,12494,7406,6781,6162,5550,4947,4357,3787,3248,2756,2054,15164,14524,13885,13248,12612,11977,11344,10084,9457,8835,7603,6996,6397,5810,5237,4684,4159,3674,3248,2905,13391,12134,11510,10888,10270,9656,8444,7848,7262,6687,6128,5588,5073,4593,4159,3787,10494,9893,9300,8714,8139,7575,7026,6495,5988,5511,5073,4684,10752,10167,9590,9024,8469,7929,7406,6905,6430,5988,5588,5237,11042,10473,9915,9368,8835,8318,7821,7349,6905,6495,11362,10810,10270,9743,9232,8739,8267,7821,7406,7026,8318
111,6624,6781,15108,5988,6162,6687,8739,13072,13656,14245,14840,6495,6905,7821,8318,8835,9368,10473,11042,11619,12204,12794,13991,14597,5988,6430,9024,9590,10167,11344,11942,12545,13763,14378,4357,4108,3951,3897,3951,4108,4357,4684,5073,5988,8139,8714,9300,9893,11710,12324,12942,13563,14186,3787,3498,3312,3248,3312,4159,4593,7262,7848,9656,10270,11510,12134,12761,3674,3248,2905,2678,2598,2678,2905,3674,4684,6397,6996,9457,10084,10712,13885,14524,4357,3787,3248,2756,1949,2054,2342,3248,3787,4357,4947,13779,14422,7902,4108,1299,1452,1837,3498,13007,650,919,1452,13640,2598,1949,650,0,14953,14305,9117,8469,4593,3951,3312,2678,2054,1452,919,15643,14996,9186,8543,7902,7262,6624,5356,4729,4108,3498,2905,2342,1837,1452,15710,15066,13136,8034,7406,6781,6162,5550,4947,4357,3787,3248,2342,15804,15164,14524,13885,13248,12612,11977,10712,10084,9457,8216,7603,6996,6397,5810,5237,4684,4159,3674,3248,14022,12761,12134,11510,10888,10270,9047,8444,7848,7262,6687,6128,5588,5073,4593,4159,11099,10494,9893,9300,8714,8139,7575,7026,6495,5988,5511,5073,11344,10752,10167,9590,9024,8469,7929,7406,6905,6430,5988,5588,11619,11042,10473,9915,9368,8835,8318,7821,7349,6905,11924,11362,10810,10270,9743,9232,8739,8267,7821,7406,8739
112,17741,18337,29459,17489,18094,19312,22397,27412,28043,28675,29308,19723,20344,21592,22218,22845,23473,24734,25365,25998,26631,27265,28535,29171,19540,20167,23320,23954,24588,25859,26496,27133,28409,29048,13763,14378,14996,15616,16238,16863,17489,18117,18747,20010,22547,23184,23821,24459,26376,27016,27657,28298,28939,13563,14186,14812,15439,16069,17965,18600,21786,22425,24347,24988,26272,26915,27557,12761,13391,14022,14654,15288,15924,16560,17836,19114,21037,21679,24251,24895,25539,28764,29409,11344,11977,12612,13248,15164,15804,16445,17729,18372,19015,19659,28697,29344,7406,11213,15066,15710,16355,18291,2342,14996,15643,16290,1452,12358,13007,14305,14953,0,650,5846,6495,10393,11042,11692,12341,12991,13640,14290,919,650,5882,6528,7174,7821,8469,9765,10413,11061,11710,12358,13007,13656,14305,1452,1299,2342,7262,7902,8543,9186,9829,10473,11118,11764,12409,13702,2054,1949,2054,2342,2756,3248,3787,4947,5550,6162,7406,8034,8666,9300,9936,10574,11213,11853,12494,13136,2905,3674,4159,4684,5237,5810,6996,7603,8216,8835,9457,10084,10712,11344,11977,12612,5588,6128,6687,7262,7848,8444,9047,9656,10270,10888,11510,12134,5988,6495,7026,7575,8139,8714,9300,9893,10494,11099,11710,12324,6430,6905,7406,7929,8469,9024,9590,10167,10752,11344,6905,7349,7821,8318,8835,9368,9915,10473,11042,11619,10810
113,17148,17741,28829,16888,17489,18702,21776,26781,27412,28043,28675,19103,19723,20967,21592,22218,22845,24103,24734,25365,25998,26631,27900,28535,18915,19540,22687,23320,23954,25223,25859,26496,27771,28409,13152,13763,14378,14996,15616,16238,16863,17489,18117,19378,21912,22547,23184,23821,25737,26376,27016,27657,28298,12942,13563,14186,14812,15439,17332,17965,21147,21786,23706,24347,25630,26272,26915,12134,12761,13391,14022,14654,15288,15924,17197,18475,20396,21037,23608,24251,24895,28118,28764,10712,11344,11977,12612,14524,15164,15804,17087,17729,18372,19015,28051,28697,6781,10574,14422,15066,15710,17645,1837,14349,14996,15643,919,11710,12358,13656,14305,650,0,5196,5846,9743,10393,11042,11692,12341,12991,13640,1452,919,5237,5882,6528,7174,7821,9117,9765,10413,11061,11710,12358,13007,13656,1837,1452,1837,6624,7262,7902,8543,9186,9829,10473,11118,11764,13056,2342,2054,1949,2054,2342,2756,3248,4357,4947,5550,6781,7406,8034,8666,9300,9936,10574,11213,11853,12494,2678,3248,3674,4159,4684,5237,6397,6996,7603,8216,8835,9457,10084,10712,11344,11977,5073,5588,6128,6687,7262,7848,8444,9047,9656,10270,10888,11510,5511,5988,6495,7026,7575,8139,8714,9300,9893,10494,11099,11710,5988,6430,6905,7406,7929,8469,9024,9590,10167,10752,6495,6905,7349,7821,8318,8835,9368,9915,10473,11042,10270
114,12612,13152,23830,12255,12811,13946,16888,21776,22397,23020,23643,14245,14840,16042,16649,17259,17871,19103,19723,20344,20967,21592,22845,23473,13991,14597,17669,18291,18915,20167,20795,21425,22687,23320,8469,9024,9590,10167,10752,11344,11942,12545,13152,14378,16863,17489,18117,18747,20643,21277,21912,22547,23184,8139,8714,9300,9893,10494,12324,12942,16069,16700,18600,19235,20509,21147,21786,7262,7848,8444,9047,9656,10270,10888,12134,13391,15288,15924,18475,19114,19755,22965,23608,5810,6397,6996,7603,9457,10084,10712,11977,12612,13248,13885,22882,23527,2342,5550,9300,9936,10574,12494,4108,9186,9829,10473,4593,6528,7174,8469,9117,5846,5196,0,650,4547,5196,5846,6495,7145,7794,8444,6528,5882,650,919,1452,2054,2678,3951,4593,5237,5882,6528,7174,7821,8469,6624,5988,4108,1837,2342,2905,3498,4108,4729,5356,5988,6624,7902,6781,6162,5550,4947,4357,3787,3248,2342,2054,1949,2342,2756,3248,3787,4357,4947,5550,6162,6781,7406,5237,4159,3674,3248,2905,2678,2678,2905,3248,3674,4159,4684,5237,5810,6397,6996,3498,3312,3248,3312,3498,3787,4159,4593,5073,5588,6128,6687,4108,3951,3897,3951,4108,4357,4684,5073,5511,5988,6495,7026,4729,4593,4547,4593,4729,4947,5237,5588,5988,6430,5356,5237,5196,5237,5356,5550,5810,6128,6495,6905,6687
115,12082,12612,23211,11710,12255,13375,16290,21157,21776,22397,23020,13656,14245,15439,16042,16649,17259,18486,19103,19723,20344,20967,22218,22845,13391,13991,17050,17669,18291,19540,20167,20795,22056,22687,7929,8469,9024,9590,10167,10752,11344,11942,12545,13763,16238,16863,17489,18117,20010,20643,21277,21912,22547,7575,8139,8714,9300,9893,11710,12324,15439,16069,17965,18600,19872,20509,21147,6687,7262,7848,8444,9047,9656,10270,11510,12761,14654,15288,17836,18475,19114,22322,22965,5237,5810,6397,6996,8835,9457,10084,11344,11977,12612,13248,22237,22882,2054,4947,8666,9300,9936,11853,4729,8543,9186,9829,5237,5882,6528,7821,8469,6495,5846,650,0,3897,4547,5196,5846,6495,7145,7794,7174,6528,919,650,919,1452,2054,3312,3951,4593,5237,5882,6528,7174,7821,7262,6624,4729,1452,1837,2342,2905,3498,4108,4729,5356,5988,7262,7406,6781,6162,5550,4947,4357,3787,2756,2342,2054,2054,2342,2756,3248,3787,4357,4947,5550,6162,6781,5810,4684,4159,3674,3248,2905,2598,2678,2905,3248,3674,4159,4684,5237,5810,6397,3787,3498,3312,3248,3312,3498,3787,4159,4593,5073,5588,6128,4357,4108,3951,3897,3951,4108,4357,4684,5073,5511,5988,6495,4947,4729,4593,4547,4593,4729,4947,5237,5588,5988,5550,5356,5237,5196,5237,5356,5550,5810,6128,6495,6397
116,9232,9656,19540,8739,9186,10146,12811,17489,18094,18702,19312,10270,10810,11924,12494,13072,13656,14840,15439,16042,16649,17259,18486,19103,9915,10473,13391,13991,14597,15817,16432,17050,18291,18915,5237,5588,5988,6430,6905,7406,7929,8469,9024,10167,12545,13152,13763,14378,16238,16863,17489,18117,18747,4684,5073,5511,5988,6495,8139,8714,11710,12324,14186,14812,16069,16700,17332,3787,4159,4593,5073,5588,6128,6687,7848,9047,10888,11510,14022,14654,15288,18475,19114,2678,2905,3248,3674,5237,5810,6397,7603,8216,8835,9457,18372,19015,3787,2054,4947,5550,6162,8034,8543,4729,5356,5988,9117,2054,2678,3951,4593,10393,9743,4547,3897,0,650,1299,1949,2598,3248,3897,11061,10413,4593,3951,3312,2678,2054,919,650,919,1452,2054,2678,3312,3951,11118,10473,8543,3498,2905,2342,1837,1452,1299,1452,1837,2342,3498,11213,10574,9936,9300,8666,8034,7406,6162,5550,4947,3787,3248,2756,2342,2054,1949,2054,2342,2756,3248,9457,8216,7603,6996,6397,5810,4684,4159,3674,3248,2905,2678,2598,2678,2905,3248,6687,6128,5588,5073,4593,4159,3787,3498,3312,3248,3312,3498,7026,6495,5988,5511,5073,4684,4357,4108,3951,3897,3951,4108,7406,6905,6430,5988,5588,5237,4947,4729,4593,4547,7821,7349,6905,6495,6128,5810,5550,5356,5237,5196,5988
117,8835,9232,18937,8318,8739,9656,12255,16888,17489,18094,18702,9743,10270,11362,11924,12494,13072,14245,14840,15439,16042,16649,17871,18486,9368,9915,12794,13391,13991,15205,15817,16432,17669,18291,4947,5237,5588,5988,6430,6905,7406,7929,8469,9590,11942,12545,13152,13763,15616,16238,16863,17489,18117,4357,4684,5073,5511,5988,7575,8139,11099,11710,13563,14186,15439,16069,16700,3498,3787,4159,4593,5073,5588,6128,7262,8444,10270,10888,13391,14022,14654,17836,18475,2598,2678,2905,3248,4684,5237,5810,6996,7603,8216,8835,17729,18372,4357,1949,4357,4947,5550,7406,9186,4108,4729,5356,9765,1452,2054,3312,3951,11042,10393,5196,4547,650,0,650,1299,1949,2598,3248,11710,11061,5237,4593,3951,3312,2678,1452,919,650,919,1452,2054,2678,3312,11764,11118,9186,4108,3498,2905,2342,1837,1452,1299,1452,1837,2905,11853,11213,10574,9936,9300,8666,8034,6781,6162,5550,4357,3787,3248,2756,2342,2054,1949,2054,2342,2756,10084,8835,8216,7603,6996,6397,5237,4684,4159,3674,3248,2905,2678,2598,2678,2905,7262,6687,6128,5588,5073,4593,4159,3787,3498,3312,3248,3312,7575,7026,6495,5988,5511,5073,4684,4357,4108,3951,3897,3951,7929,7406,6905,6430,5988,5588,5237,4947,4729,4593,8318,7821,7349,6905,6495,6128,5810,5550,5356,5237,6162
118,8469,8835,18337,7929,8318,9186,11710,16290,16888,17489,18094,9232,9743,10810,11362,11924,12494,13656,14245,14840,15439,16042,17259,17871,8835,9368,12204,12794,13391,14597,15205,15817,17050,17669,4729,4947,5237,5588,5988,6430,6905,7406,7929,9024,11344,11942,12545,13152,14996,15616,16238,16863,17489,4108,4357,4684,5073,5511,7026,7575,10494,11099,12942,13563,14812,15439,16069,3312,3498,3787,4159,4593,5073,5588,6687,7848,9656,10270,12761,13391,14022,17197,17836,2678,2598,2678,2905,4159,4684,5237,6397,6996,7603,8216,17087,17729,4947,2054,3787,4357,4947,6781,9829,3498,4108,4729,10413,919,1452,2678,3312,11692,11042,5846,5196,1299,650,0,650,1299,1949,2598,12358,11710,5882,5237,4593,3951,3312,2054,1452,919,650,919,1452,2054,2678,12409,11764,9829,4729,4108,3498,2905,2342,1837,1452,1299,1452,2342,12494,11853,11213,10574,9936,9300,8666,7406,6781,6162,4947,4357,3787,3248,2756,2342,2054,1949,2054,2342,10712,9457,8835,8216,7603,6996,5810,5237,4684,4159,3674,3248,2905,2678,2598,2678,7848,7262,6687,6128,5588,5073,4593,4159,3787,3498,3312,3248,8139,7575,7026,6495,5988,5511,5073,4684,4357,4108,3951,3897,8469,7929,7406,6905,6430,5988,5588,5237,4947,4729,8835,8318,7821,7349,6905,6495,6128,5810,5550,5356,6397
119,8139,8469,17741,7575,7929,8739,11175,15697,16290,16888,17489,8739,9232,10270,10810,11362,11924,13072,13656,14245,14840,15439,16649,17259,8318,8835,11619,12204,12794,13991,14597,15205,16432,17050,4593,4729,4947,5237,5588,5988,6430,6905,7406,8469,10752,11344,11942,12545,14378,14996,15616,16238,16863,3951,4108,4357,4684,5073,6495,7026,9893,10494,12324,12942,14186,14812,15439,3248,3312,3498,3787,4159,4593,5073,6128,7262,9047,9656,12134,12761,13391,16560,17197,2905,2678,2598,2678,3674,4159,4684,5810,6397,6996,7603,16445,17087,5550,2342,3248,3787,4357,6162,10473,2905,3498,4108,11061,650,919,2054,2678,12341,11692,6495,5846,1949,1299,650,0,650,1299,1949,13007,12358,6528,5882,5237,4593,3951,2678,2054,1452,919,650,919,1452,2054,13056,12409,10473,5356,4729,4108,3498,2905,2342,1837,1452,1299,1837,13136,12494,11853,11213,10574,9936,9300,8034,7406,6781,5550,4947,4357,3787,3248,2756,2342,2054,1949,2054,11344,10084,9457,8835,8216,7603,6397,5810,5237,4684,4159,3674,3248,2905,2678,2598,8444,7848,7262,6687,6128,5588,5073,4593,4159,3787,3498,3312,8714,8139,7575,7026,6495,5988,5511,5073,4684,4357,4108,3951,9024,8469,7929,7406,6905,6430,5988,5588,5237,4947,9368,8835,8318,7821,7349,6905,6495,6128,5810,5550,6687
120,7848,8139,17148,7262,7575,8318,10653,15108,15697,16290,16888,8267,8739,9743,10270,10810,11362,12494,13072,13656,14245,14840,16042,16649,7821,8318,11042,11619,12204,13391,13991,14597,15817,16432,4547,4593,4729,4947,5237,5588,5988,6430,6905,7929,10167,10752,11344,11942,13763,14378,14996,15616,16238,3897,3951,4108,4357,4684,5988,6495,9300,9893,11710,12324,13563,14186,14812,3312,3248,3312,3498,3787,4159,4593,5588,6687,8444,9047,11510,12134,12761,15924,16560,3248,2905,2678,2598,3248,3674,4159,5237,5810,6397,6996,15804,16445,6162,2756,2756,3248,3787,5550,11118,2342,2905,3498,11710,919,650,1452,2054,12991,12341,7145,6495,2598,1949,1299,650,0,650,1299,13656,13007,7174,6528,5882,5237,4593,3312,2678,2054,1452,919,650,919,1452,13702,13056,11118,5988,5356,4729,4108,3498,2905,2342,1837,1452,1452,13779,13136,12494,11853,11213,10574,9936,8666,8034,7406,6162,5550,4947,4357,3787,3248,2756,2342,2054,1949,11977,10712,10084,9457,8835,8216,6996,6397,5810,5237,4684,4159,3674,3248,2905,2678,9047,8444,7848,7262,6687,6128,5588,5073,4593,4159,3787,3498,9300,8714,8139,7575,7026,6495,5988,5511,5073,4684,4357,4108,9590,9024,8469,7929,7406,6905,6430,5988,5588,5237,9915,9368,8835,8318,7821,7349,6905,6495,6128,5810,7026
121,7603,7848,16560,6996,7262,7929,10146,14524,15108,15697,16290,7821,8267,9232,9743,10270,10810,11924,12494,13072,13656,14245,15439,16042,7349,7821,10473,11042,11619,12794,13391,13991,15205,15817,4593,4547,4593,4729,4947,5237,5588,5988,6430,7406,9590,10167,10752,11344,13152,13763,14378,14996,15616,3951,3897,3951,4108,4357,5511,5988,8714,9300,11099,11710,12942,13563,14186,3498,3312,3248,3312,3498,3787,4159,5073,6128,7848,8444,10888,11510,12134,15288,15924,3674,3248,2905,2678,2905,3248,3674,4684,5237,5810,6397,15164,15804,6781,3248,2342,2756,3248,4947,11764,1837,2342,2905,12358,1452,919,919,1452,13640,12991,7794,7145,3248,2598,1949,1299,650,0,650,14305,13656,7821,7174,6528,5882,5237,3951,3312,2678,2054,1452,919,650,919,14349,13702,11764,6624,5988,5356,4729,4108,3498,2905,2342,1837,1299,14422,13779,13136,12494,11853,11213,10574,9300,8666,8034,6781,6162,5550,4947,4357,3787,3248,2756,2342,2054,12612,11344,10712,10084,9457,8835,7603,6996,6397,5810,5237,4684,4159,3674,3248,2905,9656,9047,8444,7848,7262,6687,6128,5588,5073,4593,4159,3787,9893,9300,8714,8139,7575,7026,6495,5988,5511,5073,4684,4357,10167,9590,9024,8469,7929,7406,6905,6430,5988,5588,10473,9915,9368,8835,8318,7821,7349,6905,6495,6128,7406
122,7406,7603,15976,6781,6996,7575,9656,13946,14524,15108,15697,7406,7821,8739,9232,9743,10270,11362,11924,12494,13072,13656,14840,15439,6905,7349,9915,10473,11042,12204,12794,13391,14597,15205,4729,4593,4547,4593,4729,4947,5237,5588,5988,6905,9024,9590,10167,10752,12545,13152,13763,14378,14996,4108,3951,3897,3951,4108,5073,5511,8139,8714,10494,11099,12324,12942,13563,3787,3498,3312,3248,3312,3498,3787,4593,5588,7262,7848,10270,10888,11510,14654,15288,4159,3674,3248,2905,2678,2905,3248,4159,4684,5237,5810,14524,15164,7406,3787,2054,2342,2756,4357,12409,1452,1837,2342,13007,2054,1452,650,919,14290,13640,8444,7794,3897,3248,2598,1949,1299,650,0,14953,14305,8469,7821,7174,6528,5882,4593,3951,3312,2678,2054,1452,919,650,14996,14349,12409,7262,6624,5988,5356,4729,4108,3498,2905,2342,1452,15066,14422,13779,13136,12494,11853,11213,9936,9300,8666,7406,6781,6162,5550,4947,4357,3787,3248,2756,2342,13248,11977,11344,10712,10084,9457,8216,7603,6996,6397,5810,5237,4684,4159,3674,3248,10270,9656,9047,8444,7848,7262,6687,6128,5588,5073,4593,4159,10494,9893,9300,8714,8139,7575,7026,6495,5988,5511,5073,4684,10752,10167,9590,9024,8469,7929,7406,6905,6430,5988,11042,10473,9915,9368,8835,8318,7821,7349,6905,6495,7821
123,18600,19192,30251,18337,18937,20146,23211,28201,28829,29459,30090,20540,21157,22397,23020,23643,24269,25523,26151,26781,27412,28043,29308,29942,20344,20967,24103,24734,25365,26631,27265,27900,29171,29808,14597,15205,15817,16432,17050,17669,18291,18915,19540,20795,23320,23954,24588,25223,27133,27771,28409,29048,29687,14378,14996,15616,16238,16863,18747,19378,22547,23184,25098,25737,27016,27657,28298,13563,14186,14812,15439,16069,16700,17332,18600,19872,21786,22425,24988,25630,26272,29488,30132,12134,12761,13391,14022,15924,16560,17197,18475,19114,19755,20396,29409,30055,8216,11977,15804,16445,17087,19015,3248,15710,16355,17000,2342,13056,13702,14996,15643,919,1452,6528,7174,11061,11710,12358,13007,13656,14305,14953,0,650,6495,7145,7794,8444,9094,10393,11042,11692,12341,12991,13640,14290,14939,650,919,2678,7821,8469,9117,9765,10413,11061,11710,12358,13007,14305,1299,1452,1837,2342,2905,3498,4108,5356,5988,6624,7902,8543,9186,9829,10473,11118,11764,12409,13056,13702,2756,3787,4357,4947,5550,6162,7406,8034,8666,9300,9936,10574,11213,11853,12494,13136,5810,6397,6996,7603,8216,8835,9457,10084,10712,11344,11977,12612,6128,6687,7262,7848,8444,9047,9656,10270,10888,11510,12134,12761,6495,7026,7575,8139,8714,9300,9893,10494,11099,11710,6905,7406,7929,8469,9024,9590,10167,10752,11344,11942,11042
124,18012,18600,29623,17741,18337,19540,22594,27573,28201,28829,29459,19925,20540,21776,22397,23020,23643,24895,25523,26151,26781,27412,28675,29308,19723,20344,23473,24103,24734,25998,26631,27265,28535,29171,13991,14597,15205,15817,16432,17050,17669,18291,18915,20167,22687,23320,23954,24588,26496,27133,27771,28409,29048,13763,14378,14996,15616,16238,18117,18747,21912,22547,24459,25098,26376,27016,27657,12942,13563,14186,14812,15439,16069,16700,17965,19235,21147,21786,24347,24988,25630,28844,29488,11510,12134,12761,13391,15288,15924,16560,17836,18475,19114,19755,28764,29409,7603,11344,15164,15804,16445,18372,2756,15066,15710,16355,1837,12409,13056,14349,14996,650,919,5882,6528,10413,11061,11710,12358,13007,13656,14305,650,0,5846,6495,7145,7794,8444,9743,10393,11042,11692,12341,12991,13640,14290,919,650,2054,7174,7821,8469,9117,9765,10413,11061,11710,12358,13656,1452,1299,1452,1837,2342,2905,3498,4729,5356,5988,7262,7902,8543,9186,9829,10473,11118,11764,12409,13056,2342,3248,3787,4357,4947,5550,6781,7406,8034,8666,9300,9936,10574,11213,11853,12494,5237,5810,6397,6996,7603,8216,8835,9457,10084,10712,11344,11977,5588,6128,6687,7262,7848,8444,9047,9656,10270,10888,11510,12134,5988,6495,7026,7575,8139,8714,9300,9893,10494,11099,6430,6905,7406,7929,8469,9024,9590,10167,10752,11344,10473
125,12991,13516,24033,12612,13152,14260,17148,21979,22594,23211,23830,14524,15108,16290,16888,17489,18094,19312,19925,20540,21157,21776,23020,23643,14245,14840,17871,18486,19103,20344,20967,21592,22845,23473,8835,9368,9915,10473,11042,11619,12204,12794,13391,14597,17050,17669,18291,18915,20795,21425,22056,22687,23320,8469,9024,9590,10167,10752,12545,13152,16238,16863,18747,19378,20643,21277,21912,7575,8139,8714,9300,9893,10494,11099,12324,13563,15439,16069,18600,19235,19872,23065,23706,6128,6687,7262,7848,9656,10270,10888,12134,12761,13391,14022,22965,23608,2905,5810,9457,10084,10712,12612,4357,9300,9936,10574,4729,6624,7262,8543,9186,5882,5237,650,919,4593,5237,5882,6528,7174,7821,8469,6495,5846,0,650,1299,1949,2598,3897,4547,5196,5846,6495,7145,7794,8444,6528,5882,3951,1452,2054,2678,3312,3951,4593,5237,5882,6528,7821,6624,5988,5356,4729,4108,3498,2905,1837,1452,1299,1837,2342,2905,3498,4108,4729,5356,5988,6624,7262,4947,3787,3248,2756,2342,2054,2054,2342,2756,3248,3787,4357,4947,5550,6162,6781,2905,2678,2598,2678,2905,3248,3674,4159,4684,5237,5810,6397,3498,3312,3248,3312,3498,3787,4159,4593,5073,5588,6128,6687,4108,3951,3897,3951,4108,4357,4684,5073,5511,5988,4729,4593,4547,4593,4729,4947,5237,5588,5988,6430,6128
126,12477,12991,23419,12082,12612,13702,16560,21366,21979,22594,23211,13946,14524,15697,16290,16888,17489,18702,19312,19925,20540,21157,22397,23020,13656,14245,17259,17871,18486,19723,20344,20967,22218,22845,8318,8835,9368,9915,10473,11042,11619,12204,12794,13991,16432,17050,17669,18291,20167,20795,21425,22056,22687,7929,8469,9024,9590,10167,11942,12545,15616,16238,18117,18747,20010,20643,21277,7026,7575,8139,8714,9300,9893,10494,11710,12942,14812,15439,17965,18600,19235,22425,23065,5588,6128,6687,7262,9047,9656,10270,11510,12134,12761,13391,22322,22965,2678,5237,8835,9457,10084,11977,4947,8666,9300,9936,5356,5988,6624,7902,8543,6528,5882,919,650,3951,4593,5237,5882,6528,7174,7821,7145,6495,650,0,650,1299,1949,3248,3897,4547,5196,5846,6495,7145,7794,7174,6528,4593,919,1452,2054,2678,3312,3951,4593,5237,5882,7174,7262,6624,5988,5356,4729,4108,3498,2342,1837,1452,1452,1837,2342,2905,3498,4108,4729,5356,5988,6624,5550,4357,3787,3248,2756,2342,1949,2054,2342,2756,3248,3787,4357,4947,5550,6162,3248,2905,2678,2598,2678,2905,3248,3674,4159,4684,5237,5810,3787,3498,3312,3248,3312,3498,3787,4159,4593,5073,5588,6128,4357,4108,3951,3897,3951,4108,4357,4684,5073,5511,4947,4729,4593,4547,4593,4729,4947,5237,5588,5988,5810
127,11977,12477,22808,11565,12082,13152,15976,20755,21366,21979,22594,13375,13946,15108,15697,16290,16888,18094,18702,19312,19925,20540,21776,22397,13072,13656,16649,17259,17871,19103,19723,20344,21592,22218,7821,8318,8835,9368,9915,10473,11042,11619,12204,13391,15817,16432,17050,17669,19540,20167,20795,21425,22056,7406,7929,8469,9024,9590,11344,11942,14996,15616,17489,18117,19378,20010,20643,6495,7026,7575,8139,8714,9300,9893,11099,12324,14186,14812,17332,17965,18600,21786,22425,5073,5588,6128,6687,8444,9047,9656,10888,11510,12134,12761,21679,22322,2598,4684,8216,8835,9457,11344,5550,8034,8666,9300,5988,5356,5988,7262,7902,7174,6528,1452,919,3312,3951,4593,5237,5882,6528,7174,7794,7145,1299,650,0,650,1299,2598,3248,3897,4547,5196,5846,6495,7145,7821,7174,5237,650,919,1452,2054,2678,3312,3951,4593,5237,6528,7902,7262,6624,5988,5356,4729,4108,2905,2342,1837,1299,1452,1837,2342,2905,3498,4108,4729,5356,5988,6162,4947,4357,3787,3248,2756,2054,1949,2054,2342,2756,3248,3787,4357,4947,5550,3674,3248,2905,2678,2598,2678,2905,3248,3674,4159,4684,5237,4159,3787,3498,3312,3248,3312,3498,3787,4159,4593,5073,5588,4684,4357,4108,3951,3897,3951,4108,4357,4684,5073,5237,4947,4729,4593,4547,4593,4729,4947,5237,5588,5550
128,11491,11977,22199,11061,11565,12612,15398,20146,20755,21366,21979,12811,13375,14524,15108,15697,16290,17489,18094,18702,19312,19925,21157,21776,12494,13072,16042,16649,17259,18486,19103,19723,20967,21592,7349,7821,8318,8835,9368,9915,10473,11042,11619,12794,15205,15817,16432,17050,18915,19540,20167,20795,21425,6905,7406,7929,8469,9024,10752,11344,14378,14996,16863,17489,18747,19378,20010,5988,6495,7026,7575,8139,8714,9300,10494,11710,13563,14186,16700,17332,17965,21147,21786,4593,5073,5588,6128,7848,8444,9047,10270,10888,11510,12134,21037,21679,2678,4159,7603,8216,8835,10712,6162,7406,8034,8666,6624,4729,5356,6624,7262,7821,7174,2054,1452,2678,3312,3951,4593,5237,5882,6528,8444,7794,1949,1299,650,0,650,1949,2598,3248,3897,4547,5196,5846,6495,8469,7821,5882,919,650,919,1452,2054,2678,3312,3951,4593,5882,8543,7902,7262,6624,5988,5356,4729,3498,2905,2342,1452,1299,1452,1837,2342,2905,3498,4108,4729,5356,6781,5550,4947,4357,3787,3248,2342,2054,1949,2054,2342,2756,3248,3787,4357,4947,4159,3674,3248,2905,2678,2598,2678,2905,3248,3674,4159,4684,4593,4159,3787,3498,3312,3248,3312,3498,3787,4159,4593,5073,5073,4684,4357,4108,3951,3897,3951,4108,4357,4684,5588,5237,4947,4729,4593,4547,4593,4729,4947,5237,5356
129,11023,11491,21592,10574,11061,12082,14826,19540,20146,20755,21366,12255,12811,13946,14524,15108,15697,16888,17489,18094,18702,19312,20540,21157,11924,12494,15439,16042,16649,17871,18486,19103,20344,20967,6905,7349,7821,8318,8835,9368,9915,10473,11042,12204,14597,15205,15817,16432,18291,18915,19540,20167,20795,6430,6905,7406,7929,8469,10167,10752,13763,14378,16238,16863,18117,18747,19378,5511,5988,6495,7026,7575,8139,8714,9893,11099,12942,13563,16069,16700,17332,20509,21147,4159,4593,5073,5588,7262,7848,8444,9656,10270,10888,11510,20396,21037,2905,3674,6996,7603,8216,10084,6781,6781,7406,8034,7262,4108,4729,5988,6624,8469,7821,2678,2054,2054,2678,3312,3951,4593,5237,5882,9094,8444,2598,1949,1299,650,0,1299,1949,2598,3248,3897,4547,5196,5846,9117,8469,6528,1452,919,650,919,1452,2054,2678,3312,3951,5237,9186,8543,7902,7262,6624,5988,5356,4108,3498,2905,1837,1452,1299,1452,1837,2342,2905,3498,4108,4729,7406,6162,5550,4947,4357,3787,2756,2342,2054,1949,2054,2342,2756,3248,3787,4357,4684,4159,3674,3248,2905,2678,2598,2678,2905,3248,3674,4159,5073,4593,4159,3787,3498,3312,3248,3312,3498,3787,4159,4593,5511,5073,4684,4357,4108,3951,3897,3951,4108,4357,5988,5588,5237,4947,4729,4593,4547,4593,4729,4947,5237
130,10146,10574,20386,9656,10104,11061,13702,18337,18937,19540,20146,11175,11710,12811,13375,13946,14524,15697,16290,16888,17489,18094,19312,19925,10810,11362,14245,14840,15439,16649,17259,17871,19103,19723,6128,6495,6905,7349,7821,8318,8835,9368,9915,11042,13391,13991,14597,15205,17050,17669,18291,18915,19540,5588,5988,6430,6905,7406,9024,9590,12545,13152,14996,15616,16863,17489,18117,4684,5073,5511,5988,6495,7026,7575,8714,9893,11710,12324,14812,15439,16069,19235,19872,3498,3787,4159,4593,6128,6687,7262,8444,9047,9656,10270,19114,19755,3674,2905,5810,6397,6996,8835,8034,5550,6162,6781,8543,2905,3498,4729,5356,9765,9117,3951,3312,919,1452,2054,2678,3312,3951,4593,10393,9743,3897,3248,2598,1949,1299,0,650,1299,1949,2598,3248,3897,4547,10413,9765,7821,2678,2054,1452,919,650,919,1452,2054,2678,3951,10473,9829,9186,8543,7902,7262,6624,5356,4729,4108,2905,2342,1837,1452,1299,1452,1837,2342,2905,3498,8666,7406,6781,6162,5550,4947,3787,3248,2756,2342,2054,1949,2054,2342,2756,3248,5810,5237,4684,4159,3674,3248,2905,2678,2598,2678,2905,3248,6128,5588,5073,4593,4159,3787,3498,3312,3248,3312,3498,3787,6495,5988,5511,5073,4684,4357,4108,3951,3897,3951,6905,6430,5988,5588,5237,4947,4729,4593,4547,4593,5237
131,9743,10146,19787,9232,9656,10574,13152,17741,18337,18937,19540,10653,11175,12255,12811,13375,13946,15108,15697,16290,16888,17489,18702,19312,10270,10810,13656,14245,14840,16042,16649,17259,18486,19103,5810,6128,6495,6905,7349,7821,8318,8835,9368,10473,12794,13391,13991,14597,16432,17050,17669,18291,18915,5237,5588,5988,6430,6905,8469,9024,11942,12545,14378,14996,16238,16863,17489,4357,4684,5073,5511,5988,6495,7026,8139,9300,11099,11710,14186,14812,15439,18600,19235,3312,3498,3787,4159,5588,6128,6687,7848,8444,9047,9656,18475,19114,4159,2678,5237,5810,6397,8216,8666,4947,5550,6162,9186,2342,2905,4108,4729,10413,9765,4593,3951,650,919,1452,2054,2678,3312,3951,11042,10393,4547,3897,3248,2598,1949,650,0,650,1299,1949,2598,3248,3897,11061,10413,8469,3312,2678,2054,1452,919,650,919,1452,2054,3312,11118,10473,9829,9186,8543,7902,7262,5988,5356,4729,3498,2905,2342,1837,1452,1299,1452,1837,2342,2905,9300,8034,7406,6781,6162,5550,4357,3787,3248,2756,2342,2054,1949,2054,2342,2756,6397,5810,5237,4684,4159,3674,3248,2905,2678,2598,2678,2905,6687,6128,5588,5073,4593,4159,3787,3498,3312,3248,3312,3498,7026,6495,5988,5511,5073,4684,4357,4108,3951,3897,7406,6905,6430,5988,5588,5237,4947,4729,4593,4547,5356
132,9368,9743,19192,8835,9232,10104,12612,17148,17741,18337,18937,10146,10653,11710,12255,12811,13375,14524,15108,15697,16290,16888,18094,18702,9743,10270,13072,13656,14245,15439,16042,16649,17871,18486,5550,5810,6128,6495,6905,7349,7821,8318,8835,9915,12204,12794,13391,13991,15817,16432,17050,17669,18291,4947,5237,5588,5988,6430,7929,8469,11344,11942,13763,14378,15616,16238,16863,4108,4357,4684,5073,5511,5988,6495,7575,8714,10494,11099,13563,14186,14812,17965,18600,3248,3312,3498,3787,5073,5588,6128,7262,7848,8444,9047,17836,18475,4684,2598,4684,5237,5810,7603,9300,4357,4947,5550,9829,1837,2342,3498,4108,11061,10413,5237,4593,919,650,919,1452,2054,2678,3312,11692,11042,5196,4547,3897,3248,2598,1299,650,0,650,1299,1949,2598,3248,11710,11061,9117,3951,3312,2678,2054,1452,919,650,919,1452,2678,11764,11118,10473,9829,9186,8543,7902,6624,5988,5356,4108,3498,2905,2342,1837,1452,1299,1452,1837,2342,9936,8666,8034,7406,6781,6162,4947,4357,3787,3248,2756,2342,2054,1949,2054,2342,6996,6397,5810,5237,4684,4159,3674,3248,2905,2678,2598,2678,7262,6687,6128,5588,5073,4593,4159,3787,3498,3312,3248,3312,7575,7026,6495,5988,5511,5073,4684,4357,4108,3951,7929,7406,6905,6430,5988,5588,5237,4947,4729,4593,5550
133,9024,9368,18600,8469,8835,9656,12082,16560,17148,17741,18337,9656,10146,11175,11710,12255,12811,13946,14524,15108,15697,16290,17489,18094,9232,9743,12494,13072,13656,14840,15439,16042,17259,17871,5356,5550,5810,6128,6495,6905,7349,7821,8318,9368,11619,12204,12794,13391,15205,15817,16432,17050,17669,4729,4947,5237,5588,5988,7406,7929,10752,11344,13152,13763,14996,15616,16238,3951,4108,4357,4684,5073,5511,5988,7026,8139,9893,10494,12942,13563,14186,17332,17965,3312,3248,3312,3498,4593,5073,5588,6687,7262,7848,8444,17197,17836,5237,2678,4159,4684,5237,6996,9936,3787,4357,4947,10473,1452,1837,2905,3498,11710,11061,5882,5237,1452,919,650,919,1452,2054,2678,12341,11692,5846,5196,4547,3897,3248,1949,1299,650,0,650,1299,1949,2598,12358,11710,9765,4593,3951,3312,2678,2054,1452,919,650,919,2054,12409,11764,11118,10473,9829,9186,8543,7262,6624,5988,4729,4108,3498,2905,2342,1837,1452,1299,1452,1837,10574,9300,8666,8034,7406,6781,5550,4947,4357,3787,3248,2756,2342,2054,1949,2054,7603,6996,6397,5810,5237,4684,4159,3674,3248,2905,2678,2598,7848,7262,6687,6128,5588,5073,4593,4159,3787,3498,3312,3248,8139,7575,7026,6495,5988,5511,5073,4684,4357,4108,8469,7929,7406,6905,6430,5988,5588,5237,4947,4729,5810
134,8714,9024,18012,8139,8469,9232,11565,15976,16560,17148,17741,9186,9656,10653,11175,11710,12255,13375,13946,14524,15108,15697,16888,17489,8739,9232,11924,12494,13072,14245,14840,15439,16649,17259,5237,5356,5550,5810,6128,6495,6905,7349,7821,8835,11042,11619,12204,12794,14597,15205,15817,16432,17050,4593,4729,4947,5237,5588,6905,7406,10167,10752,12545,13152,14378,14996,15616,3897,3951,4108,4357,4684,5073,5511,6495,7575,9300,9893,12324,12942,13563,16700,17332,3498,3312,3248,3312,4159,4593,5073,6128,6687,7262,7848,16560,17197,5810,2905,3674,4159,4684,6397,10574,3248,3787,4357,11118,1299,1452,2342,2905,12358,11710,6528,5882,2054,1452,919,650,919,1452,2054,12991,12341,6495,5846,5196,4547,3897,2598,1949,1299,650,0,650,1299,1949,13007,12358,10413,5237,4593,3951,3312,2678,2054,1452,919,650,1452,13056,12409,11764,11118,10473,9829,9186,7902,7262,6624,5356,4729,4108,3498,2905,2342,1837,1452,1299,1452,11213,9936,9300,8666,8034,7406,6162,5550,4947,4357,3787,3248,2756,2342,2054,1949,8216,7603,6996,6397,5810,5237,4684,4159,3674,3248,2905,2678,8444,7848,7262,6687,6128,5588,5073,4593,4159,3787,3498,3312,8714,8139,7575,7026,6495,5988,5511,5073,4684,4357,9024,8469,7929,7406,6905,6430,5988,5588,5237,4947,6128
135,8444,8714,17429,7848,8139,8835,11061,15398,15976,16560,17148,8739,9186,10146,10653,11175,11710,12811,13375,13946,14524,15108,16290,16888,8267,8739,11362,11924,12494,13656,14245,14840,16042,16649,5196,5237,5356,5550,5810,6128,6495,6905,7349,8318,10473,11042,11619,12204,13991,14597,15205,15817,16432,4547,4593,4729,4947,5237,6430,6905,9590,10167,11942,12545,13763,14378,14996,3951,3897,3951,4108,4357,4684,5073,5988,7026,8714,9300,11710,12324,12942,16069,16700,3787,3498,3312,3248,3787,4159,4593,5588,6128,6687,7262,15924,16560,6397,3248,3248,3674,4159,5810,11213,2756,3248,3787,11764,1452,1299,1837,2342,13007,12358,7174,6528,2678,2054,1452,919,650,919,1452,13640,12991,7145,6495,5846,5196,4547,3248,2598,1949,1299,650,0,650,1299,13656,13007,11061,5882,5237,4593,3951,3312,2678,2054,1452,919,919,13702,13056,12409,11764,11118,10473,9829,8543,7902,7262,5988,5356,4729,4108,3498,2905,2342,1837,1452,1299,11853,10574,9936,9300,8666,8034,6781,6162,5550,4947,4357,3787,3248,2756,2342,2054,8835,8216,7603,6996,6397,5810,5237,4684,4159,3674,3248,2905,9047,8444,7848,7262,6687,6128,5588,5073,4593,4159,3787,3498,9300,8714,8139,7575,7026,6495,5988,5511,5073,4684,9590,9024,8469,7929,7406,6905,6430,5988,5588,5237,6495
136,8216,8444,16850,7603,7848,8469,10574,14826,15398,15976,16560,8318,8739,9656,10146,10653,11175,12255,12811,13375,13946,14524,15697,16290,7821,8267,10810,11362,11924,13072,13656,14245,15439,16042,5237,5196,5237,5356,5550,5810,6128,6495,6905,7821,9915,10473,11042,11619,13391,13991,14597,15205,15817,4593,4547,4593,4729,4947,5988,6430,9024,9590,11344,11942,13152,13763,14378,4108,3951,3897,3951,4108,4357,4684,5511,6495,8139,8714,11099,11710,12324,15439,16069,4159,3787,3498,3312,3498,3787,4159,5073,5588,6128,6687,15288,15924,6996,3674,2905,3248,3674,5237,11853,2342,2756,3248,12409,1837,1452,1452,1837,13656,13007,7821,7174,3312,2678,2054,1452,919,650,919,14290,13640,7794,7145,6495,5846,5196,3897,3248,2598,1949,1299,650,0,650,14305,13656,11710,6528,5882,5237,4593,3951,3312,2678,2054,1452,650,14349,13702,13056,12409,11764,11118,10473,9186,8543,7902,6624,5988,5356,4729,4108,3498,2905,2342,1837,1452,12494,11213,10574,9936,9300,8666,7406,6781,6162,5550,4947,4357,3787,3248,2756,2342,9457,8835,8216,7603,6996,6397,5810,5237,4684,4159,3674,3248,9656,9047,8444,7848,7262,6687,6128,5588,5073,4593,4159,3787,9893,9300,8714,8139,7575,7026,6495,5988,5511,5073,10167,9590,9024,8469,7929,7406,6905,6430,5988,5588,6905
137,8034,8216,16277,7406,7603,8139,10104,14260,14826,15398,15976,7929,8318,9186,9656,10146,10653,11710,12255,12811,13375,13946,15108,15697,7406,7821,10270,10810,11362,12494,13072,13656,14840,15439,5356,5237,5196,5237,5356,5550,5810,6128,6495,7349,9368,9915,10473,11042,12794,13391,13991,14597,15205,4729,4593,4547,4593,4729,5588,5988,8469,9024,10752,11344,12545,13152,13763,4357,4108,3951,3897,3951,4108,4357,5073,5988,7575,8139,10494,11099,11710,14812,15439,4593,4159,3787,3498,3312,3498,3787,4593,5073,5588,6128,14654,15288,7603,4159,2678,2905,3248,4684,12494,2054,2342,2756,13056,2342,1837,1299,1452,14305,13656,8469,7821,3951,3312,2678,2054,1452,919,650,14939,14290,8444,7794,7145,6495,5846,4547,3897,3248,2598,1949,1299,650,0,14953,14305,12358,7174,6528,5882,5237,4593,3951,3312,2678,2054,919,14996,14349,13702,13056,12409,11764,11118,9829,9186,8543,7262,6624,5988,5356,4729,4108,3498,2905,2342,1837,13136,11853,11213,10574,9936,9300,8034,7406,6781,6162,5550,4947,4357,3787,3248,2756,10084,9457,8835,8216,7603,6996,6397,5810,5237,4684,4159,3674,10270,9656,9047,8444,7848,7262,6687,6128,5588,5073,4593,4159,10494,9893,9300,8714,8139,7575,7026,6495,5988,5511,10752,10167,9590,9024,8469,7929,7406,6905,6430,5988,7349
138,18881,19464,30424,18600,19192,20386,23419,28372,28997,29623,30251,20755,21366,22594,23211,23830,24451,25696,26320,26946,27573,28201,29459,30090,20540,21157,24269,24895,25523,26781,27412,28043,29308,29942,14840,15439,16042,16649,17259,17871,18486,19103,19723,20967,23473,24103,24734,25365,27265,27900,28535,29171,29808,14597,15205,15817,16432,17050,18915,19540,22687,23320,25223,25859,27133,27771,28409,13763,14378,14996,15616,16238,16863,17489,18747,20010,21912,22547,25098,25737,26376,29581,30223,12324,12942,13563,14186,16069,16700,17332,18600,19235,19872,20509,29488,30132,8444,12134,15924,16560,17197,19114,3674,15804,16445,17087,2756,13136,13779,15066,15710,1452,1837,6624,7262,11118,11764,12409,13056,13702,14349,14996,650,919,6528,7174,7821,8469,9117,10413,11061,11710,12358,13007,13656,14305,14953,0,650,2598,7794,8444,9094,9743,10393,11042,11692,12341,12991,14290,650,919,1452,2054,2678,3312,3951,5237,5882,6528,7821,8469,9117,9765,10413,11061,11710,12358,13007,13656,2342,3498,4108,4729,5356,5988,7262,7902,8543,9186,9829,10473,11118,11764,12409,13056,5550,6162,6781,7406,8034,8666,9300,9936,10574,11213,11853,12494,5810,6397,6996,7603,8216,8835,9457,10084,10712,11344,11977,12612,6128,6687,7262,7848,8444,9047,9656,10270,10888,11510,6495,7026,7575,8139,8714,9300,9893,10494,11099,11710,10752
139,18303,18881,29801,18012,18600,19787,22808,27748,28372,28997,29623,20146,20755,21979,22594,23211,23830,25072,25696,26320,26946,27573,28829,29459,19925,20540,23643,24269,24895,26151,26781,27412,28675,29308,14245,14840,15439,16042,16649,17259,17871,18486,19103,20344,22845,23473,24103,24734,26631,27265,27900,28535,29171,13991,14597,15205,15817,16432,18291,18915,22056,22687,24588,25223,26496,27133,27771,13152,13763,14378,14996,15616,16238,16863,18117,19378,21277,21912,24459,25098,25737,28939,29581,11710,12324,12942,13563,15439,16069,16700,17965,18600,19235,19872,28844,29488,7848,11510,15288,15924,16560,18475,3248,15164,15804,16445,2342,12494,13136,14422,15066,1299,1452,5988,6624,10473,11118,11764,12409,13056,13702,14349,919,650,5882,6528,7174,7821,8469,9765,10413,11061,11710,12358,13007,13656,14305,650,0,1949,7145,7794,8444,9094,9743,10393,11042,11692,12341,13640,919,650,919,1452,2054,2678,3312,4593,5237,5882,7174,7821,8469,9117,9765,10413,11061,11710,12358,13007,1837,2905,3498,4108,4729,5356,6624,7262,7902,8543,9186,9829,10473,11118,11764,12409,4947,5550,6162,6781,7406,8034,8666,9300,9936,10574,11213,11853,5237,5810,6397,6996,7603,8216,8835,9457,10084,10712,11344,11977,5588,6128,6687,7262,7848,8444,9047,9656,10270,10888,5988,6495,7026,7575,8139,8714,9300,9893,10494,11099,10167
140,16598,17161,27938,16277,16850,18012,20987,25884,26504,27125,27748,18337,18937,20146,20755,21366,21979,23211,23830,24451,25072,25696,26946,27573,18094,18702,21776,22397,23020,24269,24895,25523,26781,27412,12494,13072,13656,14245,14840,15439,16042,16649,17259,18486,20967,21592,22218,22845,24734,25365,25998,26631,27265,12204,12794,13391,13991,14597,16432,17050,20167,20795,22687,23320,24588,25223,25859,11344,11942,12545,13152,13763,14378,14996,16238,17489,19378,20010,22547,23184,23821,27016,27657,9893,10494,11099,11710,13563,14186,14812,16069,16700,17332,17965,26915,27557,6128,9656,13391,14022,14654,16560,2598,13248,13885,14524,2054,10574,11213,12494,13136,2342,1837,4108,4729,8543,9186,9829,10473,11118,11764,12409,2678,2054,3951,4593,5237,5882,6528,7821,8469,9117,9765,10413,11061,11710,12358,2598,1949,0,5196,5846,6495,7145,7794,8444,9094,9743,10393,11692,2678,2054,1452,919,650,919,1452,2678,3312,3951,5237,5882,6528,7174,7821,8469,9117,9765,10413,11061,1452,1452,1837,2342,2905,3498,4729,5356,5988,6624,7262,7902,8543,9186,9829,10473,3248,3787,4357,4947,5550,6162,6781,7406,8034,8666,9300,9936,3674,4159,4684,5237,5810,6397,6996,7603,8216,8835,9457,10084,4159,4593,5073,5588,6128,6687,7262,7848,8444,9047,4684,5073,5511,5988,6495,7026,7575,8139,8714,9300,8469
141,12409,12893,23038,11977,12477,13516,16277,20987,21592,22199,22808,13702,14260,15398,15976,16560,17148,18337,18937,19540,20146,20755,21979,22594,13375,13946,16888,17489,18094,19312,19925,20540,21776,22397,8267,8739,9232,9743,10270,10810,11362,11924,12494,13656,16042,16649,17259,17871,19723,20344,20967,21592,22218,7821,8318,8835,9368,9915,11619,12204,15205,15817,17669,18291,19540,20167,20795,6905,7406,7929,8469,9024,9590,10167,11344,12545,14378,14996,17489,18117,18747,21912,22547,5511,5988,6495,7026,8714,9300,9893,11099,11710,12324,12942,21786,22425,3248,5073,8444,9047,9656,11510,5810,8216,8835,9457,6162,5550,6162,7406,8034,7262,6624,1837,1452,3498,4108,4729,5356,5988,6624,7262,7821,7174,1452,919,650,919,1452,2678,3312,3951,4593,5237,5882,6528,7174,7794,7145,5196,0,650,1299,1949,2598,3248,3897,4547,5196,6495,7821,7174,6528,5882,5237,4593,3951,2678,2054,1452,650,919,1452,2054,2678,3312,3951,4593,5237,5882,5988,4729,4108,3498,2905,2342,1452,1299,1452,1837,2342,2905,3498,4108,4729,5356,3248,2756,2342,2054,1949,2054,2342,2756,3248,3787,4357,4947,3674,3248,2905,2678,2598,2678,2905,3248,3674,4159,4684,5237,4159,3787,3498,3312,3248,3312,3498,3787,4159,4593,4684,4357,4108,3951,3897,3951,4108,4357,4684,5073,4947
142,11942,12409,22435,11491,11977,12991,15710,20386,20987,21592,22199,13152,13702,14826,15398,15976,16560,17741,18337,18937,19540,20146,21366,21979,12811,13375,16290,16888,17489,18702,19312,19925,21157,21776,7821,8267,8739,9232,9743,10270,10810,11362,11924,13072,15439,16042,16649,17259,19103,19723,20344,20967,21592,7349,7821,8318,8835,9368,11042,11619,14597,15205,17050,17669,18915,19540,20167,6430,6905,7406,7929,8469,9024,9590,10752,11942,13763,14378,16863,17489,18117,21277,21912,5073,5511,5988,6495,8139,8714,9300,10494,11099,11710,12324,21147,21786,3312,4593,7848,8444,9047,10888,6397,7603,8216,8835,6781,4947,5550,6781,7406,7902,7262,2342,1837,2905,3498,4108,4729,5356,5988,6624,8469,7821,2054,1452,919,650,919,2054,2678,3312,3951,4593,5237,5882,6528,8444,7794,5846,650,0,650,1299,1949,2598,3248,3897,4547,5846,8469,7821,7174,6528,5882,5237,4593,3312,2678,2054,919,650,919,1452,2054,2678,3312,3951,4593,5237,6624,5356,4729,4108,3498,2905,1837,1452,1299,1452,1837,2342,2905,3498,4108,4729,3787,3248,2756,2342,2054,1949,2054,2342,2756,3248,3787,4357,4159,3674,3248,2905,2678,2598,2678,2905,3248,3674,4159,4684,4593,4159,3787,3498,3312,3248,3312,3498,3787,4159,5073,4684,4357,4108,3951,3897,3951,4108,4357,4684,4729
143,11491,11942,21834,11023,11491,12477,15150,19787,20386,20987,21592,12612,13152,14260,14826,15398,15976,17148,17741,18337,18937,19540,20755,21366,12255,12811,15697,16290,16888,18094,18702,19312,20540,21157,7406,7821,8267,8739,9232,9743,10270,10810,11362,12494,14840,15439,16042,16649,18486,19103,19723,20344,20967,6905,7349,7821,8318,8835,10473,11042,13991,14597,16432,17050,18291,18915,19540,5988,6430,6905,7406,7929,8469,9024,10167,11344,13152,13763,16238,16863,17489,20643,21277,4684,5073,5511,5988,7575,8139,8714,9893,10494,11099,11710,20509,21147,3498,4159,7262,7848,8444,10270,6996,6996,7603,8216,7406,4357,4947,6162,6781,8543,7902,2905,2342,2342,2905,3498,4108,4729,5356,5988,9117,8469,2678,2054,1452,919,650,1452,2054,2678,3312,3951,4593,5237,5882,9094,8444,6495,1299,650,0,650,1299,1949,2598,3248,3897,5196,9117,8469,7821,7174,6528,5882,5237,3951,3312,2678,1452,919,650,919,1452,2054,2678,3312,3951,4593,7262,5988,5356,4729,4108,3498,2342,1837,1452,1299,1452,1837,2342,2905,3498,4108,4357,3787,3248,2756,2342,2054,1949,2054,2342,2756,3248,3787,4684,4159,3674,3248,2905,2678,2598,2678,2905,3248,3674,4159,5073,4593,4159,3787,3498,3312,3248,3312,3498,3787,5511,5073,4684,4357,4108,3951,3897,3951,4108,4357,4593
144,11061,11491,21237,10574,11023,11977,14597,19192,19787,20386,20987,12082,12612,13702,14260,14826,15398,16560,17148,17741,18337,18937,20146,20755,11710,12255,15108,15697,16290,17489,18094,18702,19925,20540,7026,7406,7821,8267,8739,9232,9743,10270,10810,11924,14245,14840,15439,16042,17871,18486,19103,19723,20344,6495,6905,7349,7821,8318,9915,10473,13391,13991,15817,16432,17669,18291,18915,5588,5988,6430,6905,7406,7929,8469,9590,10752,12545,13152,15616,16238,16863,20010,20643,4357,4684,5073,5511,7026,7575,8139,9300,9893,10494,11099,19872,20509,3787,3787,6687,7262,7848,9656,7603,6397,6996,7603,8034,3787,4357,5550,6162,9186,8543,3498,2905,1837,2342,2905,3498,4108,4729,5356,9765,9117,3312,2678,2054,1452,919,919,1452,2054,2678,3312,3951,4593,5237,9743,9094,7145,1949,1299,650,0,650,1299,1949,2598,3248,4547,9765,9117,8469,7821,7174,6528,5882,4593,3951,3312,2054,1452,919,650,919,1452,2054,2678,3312,3951,7902,6624,5988,5356,4729,4108,2905,2342,1837,1452,1299,1452,1837,2342,2905,3498,4947,4357,3787,3248,2756,2342,2054,1949,2054,2342,2756,3248,5237,4684,4159,3674,3248,2905,2678,2598,2678,2905,3248,3674,5588,5073,4593,4159,3787,3498,3312,3248,3312,3498,5988,5511,5073,4684,4357,4108,3951,3897,3951,4108,4547
145,10653,11061,20643,10146,10574,11491,14052,18600,19192,19787,20386,11565,12082,13152,13702,14260,14826,15976,16560,17148,17741,18337,19540,20146,11175,11710,14524,15108,15697,16888,17489,18094,19312,19925,6687,7026,7406,7821,8267,8739,9232,9743,10270,11362,13656,14245,14840,15439,17259,17871,18486,19103,19723,6128,6495,6905,7349,7821,9368,9915,12794,13391,15205,15817,17050,17669,18291,5237,5588,5988,6430,6905,7406,7929,9024,10167,11942,12545,14996,15616,16238,19378,20010,4108,4357,4684,5073,6495,7026,7575,8714,9300,9893,10494,19235,19872,4159,3498,6128,6687,7262,9047,8216,5810,6397,6996,8666,3248,3787,4947,5550,9829,9186,4108,3498,1452,1837,2342,2905,3498,4108,4729,10413,9765,3951,3312,2678,2054,1452,650,919,1452,2054,2678,3312,3951,4593,10393,9743,7794,2598,1949,1299,650,0,650,1299,1949,2598,3897,10413,9765,9117,8469,7821,7174,6528,5237,4593,3951,2678,2054,1452,919,650,919,1452,2054,2678,3312,8543,7262,6624,5988,5356,4729,3498,2905,2342,1837,1452,1299,1452,1837,2342,2905,5550,4947,4357,3787,3248,2756,2342,2054,1949,2054,2342,2756,5810,5237,4684,4159,3674,3248,2905,2678,2598,2678,2905,3248,6128,5588,5073,4593,4159,3787,3498,3312,3248,3312,6495,5988,5511,5073,4684,4357,4108,3951,3897,3951,4593
146,10270,10653,20052,9743,10146,11023,13516,18012,18600,19192,19787,11061,11565,12612,13152,13702,14260,15398,15976,16560,17148,17741,18937,19540,10653,11175,13946,14524,15108,16290,16888,17489,18702,19312,6397,6687,7026,7406,7821,8267,8739,9232,9743,10810,13072,13656,14245,14840,16649,17259,17871,18486,19103,5810,6128,6495,6905,7349,8835,9368,12204,12794,14597,15205,16432,17050,17669,4947,5237,5588,5988,6430,6905,7406,8469,9590,11344,11942,14378,14996,15616,18747,19378,3951,4108,4357,4684,5988,6495,7026,8139,8714,9300,9893,18600,19235,4593,3312,5588,6128,6687,8444,8835,5237,5810,6397,9300,2756,3248,4357,4947,10473,9829,4729,4108,1299,1452,1837,2342,2905,3498,4108,11061,10413,4593,3951,3312,2678,2054,919,650,919,1452,2054,2678,3312,3951,11042,10393,8444,3248,2598,1949,1299,650,0,650,1299,1949,3248,11061,10413,9765,9117,8469,7821,7174,5882,5237,4593,3312,2678,2054,1452,919,650,919,1452,2054,2678,9186,7902,7262,6624,5988,5356,4108,3498,2905,2342,1837,1452,1299,1452,1837,2342,6162,5550,4947,4357,3787,3248,2756,2342,2054,1949,2054,2342,6397,5810,5237,4684,4159,3674,3248,2905,2678,2598,2678,2905,6687,6128,5588,5073,4593,4159,3787,3498,3312,3248,7026,6495,5988,5511,5073,4684,4357,4108,3951,3897,4729
147,9915,10270,19464,9368,9743,10574,12991,17429,18012,18600,19192,10574,11061,12082,12612,13152,13702,14826,15398,15976,16560,17148,18337,18937,10146,10653,13375,13946,14524,15697,16290,16888,18094,18702,6162,6397,6687,7026,7406,7821,8267,8739,9232,10270,12494,13072,13656,14245,16042,16649,17259,17871,18486,5550,5810,6128,6495,6905,8318,8835,11619,12204,13991,14597,15817,16432,17050,4729,4947,5237,5588,5988,6430,6905,7929,9024,10752,11344,13763,14378,14996,18117,18747,3897,3951,4108,4357,5511,5988,6495,7575,8139,8714,9300,17965,18600,5073,3248,5073,5588,6128,7848,9457,4684,5237,5810,9936,2342,2756,3787,4357,11118,10473,5356,4729,1452,1299,1452,1837,2342,2905,3498,11710,11061,5237,4593,3951,3312,2678,1452,919,650,919,1452,2054,2678,3312,11692,11042,9094,3897,3248,2598,1949,1299,650,0,650,1299,2598,11710,11061,10413,9765,9117,8469,7821,6528,5882,5237,3951,3312,2678,2054,1452,919,650,919,1452,2054,9829,8543,7902,7262,6624,5988,4729,4108,3498,2905,2342,1837,1452,1299,1452,1837,6781,6162,5550,4947,4357,3787,3248,2756,2342,2054,1949,2054,6996,6397,5810,5237,4684,4159,3674,3248,2905,2678,2598,2678,7262,6687,6128,5588,5073,4593,4159,3787,3498,3312,7575,7026,6495,5988,5511,5073,4684,4357,4108,3951,4947
148,9590,9915,18881,9024,9368,10146,12477,16850,17429,18012,18600,10104,10574,11565,12082,12612,13152,14260,14826,15398,15976,16560,17741,18337,9656,10146,12811,13375,13946,15108,15697,16290,17489,18094,5988,6162,6397,6687,7026,7406,7821,8267,8739,9743,11924,12494,13072,13656,15439,16042,16649,17259,17871,5356,5550,5810,6128,6495,7821,8318,11042,11619,13391,13991,15205,15817,16432,4593,4729,4947,5237,5588,5988,6430,7406,8469,10167,10752,13152,13763,14378,17489,18117,3951,3897,3951,4108,5073,5511,5988,7026,7575,8139,8714,17332,17965,5588,3312,4593,5073,5588,7262,10084,4159,4684,5237,10574,2054,2342,3248,3787,11764,11118,5988,5356,1837,1452,1299,1452,1837,2342,2905,12358,11710,5882,5237,4593,3951,3312,2054,1452,919,650,919,1452,2054,2678,12341,11692,9743,4547,3897,3248,2598,1949,1299,650,0,650,1949,12358,11710,11061,10413,9765,9117,8469,7174,6528,5882,4593,3951,3312,2678,2054,1452,919,650,919,1452,10473,9186,8543,7902,7262,6624,5356,4729,4108,3498,2905,2342,1837,1452,1299,1452,7406,6781,6162,5550,4947,4357,3787,3248,2756,2342,2054,1949,7603,6996,6397,5810,5237,4684,4159,3674,3248,2905,2678,2598,7848,7262,6687,6128,5588,5073,4593,4159,3787,3498,8139,7575,7026,6495,5988,5511,5073,4684,4357,4108,5237
149,9300,9590,18303,8714,9024,9743,11977,16277,16850,17429,18012,9656,10104,11061,11565,12082,12612,13702,14260,14826,15398,15976,17148,17741,9186,9656,12255,12811,13375,14524,15108,15697,16888,17489,5882,5988,6162,6397,6687,7026,7406,7821,8267,9232,11362,11924,12494,13072,14840,15439,16042,16649,17259,5237,5356,5550,5810,6128,7349,7821,10473,11042,12794,13391,14597,15205,15817,4547,4593,4729,4947,5237,5588,5988,6905,7929,9590,10167,12545,13152,13763,16863,17489,4108,3951,3897,3951,4684,5073,5511,6495,7026,7575,8139,16700,17332,6128,3498,4159,4593,5073,6687,10712,3674,4159,4684,11213,1949,2054,2756,3248,12409,11764,6624,5988,2342,1837,1452,1299,1452,1837,2342,13007,12358,6528,5882,5237,4593,3951,2678,2054,1452,919,650,919,1452,2054,12991,12341,10393,5196,4547,3897,3248,2598,1949,1299,650,0,1299,13007,12358,11710,11061,10413,9765,9117,7821,7174,6528,5237,4593,3951,3312,2678,2054,1452,919,650,919,11118,9829,9186,8543,7902,7262,5988,5356,4729,4108,3498,2905,2342,1837,1452,1299,8034,7406,6781,6162,5550,4947,4357,3787,3248,2756,2342,2054,8216,7603,6996,6397,5810,5237,4684,4159,3674,3248,2905,2678,8444,7848,7262,6687,6128,5588,5073,4593,4159,3787,8714,8139,7575,7026,6495,5988,5511,5073,4684,4357,5588
150,8835,9047,17161,8216,8444,9024,11023,15150,15710,16277,16850,8835,9232,10104,10574,11061,11565,12612,13152,13702,14260,14826,15976,16560,8318,8739,11175,11710,12255,13375,13946,14524,15697,16290,5882,5846,5882,5988,6162,6397,6687,7026,7406,8267,10270,10810,11362,11924,13656,14245,14840,15439,16042,5237,5196,5237,5356,5550,6495,6905,9368,9915,11619,12204,13391,13991,14597,4729,4593,4547,4593,4729,4947,5237,5988,6905,8469,9024,11344,11942,12545,15616,16238,4684,4357,4108,3951,4108,4357,4684,5511,5988,6495,7026,15439,16069,7262,4159,3498,3787,4159,5588,11977,2905,3248,3674,12494,2342,2054,2054,2342,13702,13056,7902,7262,3498,2905,2342,1837,1452,1299,1452,14305,13656,7821,7174,6528,5882,5237,3951,3312,2678,2054,1452,919,650,919,14290,13640,11692,6495,5846,5196,4547,3897,3248,2598,1949,1299,0,14305,13656,13007,12358,11710,11061,10413,9117,8469,7821,6528,5882,5237,4593,3951,3312,2678,2054,1452,919,12409,11118,10473,9829,9186,8543,7262,6624,5988,5356,4729,4108,3498,2905,2342,1837,9300,8666,8034,7406,6781,6162,5550,4947,4357,3787,3248,2756,9457,8835,8216,7603,6996,6397,5810,5237,4684,4159,3674,3248,9656,9047,8444,7848,7262,6687,6128,5588,5073,4593,9893,9300,8714,8139,7575,7026,6495,5988,5511,5073,6430
151,19181,19755,30611,18881,19464,20643,23643,28557,29179,29801,30424,20987,21592,22808,23419,24033,24648,25884,26504,27125,27748,28372,29623,30251,20755,21366,24451,25072,25696,26946,27573,28201,29459,30090,15108,15697,16290,16888,17489,18094,18702,19312,19925,21157,23643,24269,24895,25523,27412,28043,28675,29308,29942,14840,15439,16042,16649,17259,19103,19723,22845,23473,25365,25998,27265,27900,28535,13991,14597,15205,15817,16432,17050,17669,18915,20167,22056,22687,25223,25859,26496,29687,30327,12545,13152,13763,14378,16238,16863,17489,18747,19378,20010,20643,29581,30223,8714,12324,16069,16700,17332,19235,4159,15924,16560,17197,3248,13248,13885,15164,15804,2054,2342,6781,7406,11213,11853,12494,13136,13779,14422,15066,1299,1452,6624,7262,7902,8543,9186,10473,11118,11764,12409,13056,13702,14349,14996,650,919,2678,7821,8469,9117,9765,10413,11061,11710,12358,13007,14305,0,650,1299,1949,2598,3248,3897,5196,5846,6495,7794,8444,9094,9743,10393,11042,11692,12341,12991,13640,2054,3312,3951,4593,5237,5882,7174,7821,8469,9117,9765,10413,11061,11710,12358,13007,5356,5988,6624,7262,7902,8543,9186,9829,10473,11118,11764,12409,5550,6162,6781,7406,8034,8666,9300,9936,10574,11213,11853,12494,5810,6397,6996,7603,8216,8835,9457,10084,10712,11344,6128,6687,7262,7848,8444,9047,9656,10270,10888,11510,10494
152,18611,19181,29991,18303,18881,20052,23038,27938,28557,29179,29801,20386,20987,22199,22808,23419,24033,25265,25884,26504,27125,27748,28997,29623,20146,20755,23830,24451,25072,26320,26946,27573,28829,29459,14524,15108,15697,16290,16888,17489,18094,18702,19312,20540,23020,23643,24269,24895,26781,27412,28043,28675,29308,14245,14840,15439,16042,16649,18486,19103,22218,22845,24734,25365,26631,27265,27900,13391,13991,14597,15205,15817,16432,17050,18291,19540,21425,22056,24588,25223,25859,29048,29687,11942,12545,13152,13763,15616,16238,16863,18117,18747,19378,20010,28939,29581,8139,11710,15439,16069,16700,18600,3787,15288,15924,16560,2905,12612,13248,14524,15164,1949,2054,6162,6781,10574,11213,11853,12494,13136,13779,14422,1452,1299,5988,6624,7262,7902,8543,9829,10473,11118,11764,12409,13056,13702,14349,919,650,2054,7174,7821,8469,9117,9765,10413,11061,11710,12358,13656,650,0,650,1299,1949,2598,3248,4547,5196,5846,7145,7794,8444,9094,9743,10393,11042,11692,12341,12991,1452,2678,3312,3951,4593,5237,6528,7174,7821,8469,9117,9765,10413,11061,11710,12358,4729,5356,5988,6624,7262,7902,8543,9186,9829,10473,11118,11764,4947,5550,6162,6781,7406,8034,8666,9300,9936,10574,11213,11853,5237,5810,6397,6996,7603,8216,8835,9457,10084,10712,5588,6128,6687,7262,7848,8444,9047,9656,10270,10888,9893
153,18047,18611,29373,17729,18303,19464,22435,27319,27938,28557,29179,19787,20386,21592,22199,22808,23419,24648,25265,25884,26504,27125,28372,28997,19540,20146,23211,23830,24451,25696,26320,26946,28201,28829,13946,14524,15108,15697,16290,16888,17489,18094,18702,19925,22397,23020,23643,24269,26151,26781,27412,28043,28675,13656,14245,14840,15439,16042,17871,18486,21592,22218,24103,24734,25998,26631,27265,12794,13391,13991,14597,15205,15817,16432,17669,18915,20795,21425,23954,24588,25223,28409,29048,11344,11942,12545,13152,14996,15616,16238,17489,18117,18747,19378,28298,28939,7575,11099,14812,15439,16069,17965,3498,14654,15288,15924,2678,11977,12612,13885,14524,2054,1949,5550,6162,9936,10574,11213,11853,12494,13136,13779,1837,1452,5356,5988,6624,7262,7902,9186,9829,10473,11118,11764,12409,13056,13702,1452,919,1452,6528,7174,7821,8469,9117,9765,10413,11061,11710,13007,1299,650,0,650,1299,1949,2598,3897,4547,5196,6495,7145,7794,8444,9094,9743,10393,11042,11692,12341,919,2054,2678,3312,3951,4593,5882,6528,7174,7821,8469,9117,9765,10413,11061,11710,4108,4729,5356,5988,6624,7262,7902,8543,9186,9829,10473,11118,4357,4947,5550,6162,6781,7406,8034,8666,9300,9936,10574,11213,4684,5237,5810,6397,6996,7603,8216,8835,9457,10084,5073,5588,6128,6687,7262,7848,8444,9047,9656,10270,9300
154,17489,18047,28756,17161,17729,18881,21834,26702,27319,27938,28557,19192,19787,20987,21592,22199,22808,24033,24648,25265,25884,26504,27748,28372,18937,19540,22594,23211,23830,25072,25696,26320,27573,28201,13375,13946,14524,15108,15697,16290,16888,17489,18094,19312,21776,22397,23020,23643,25523,26151,26781,27412,28043,13072,13656,14245,14840,15439,17259,17871,20967,21592,23473,24103,25365,25998,26631,12204,12794,13391,13991,14597,15205,15817,17050,18291,20167,20795,23320,23954,24588,27771,28409,10752,11344,11942,12545,14378,14996,15616,16863,17489,18117,18747,27657,28298,7026,10494,14186,14812,15439,17332,3312,14022,14654,15288,2598,11344,11977,13248,13885,2342,2054,4947,5550,9300,9936,10574,11213,11853,12494,13136,2342,1837,4729,5356,5988,6624,7262,8543,9186,9829,10473,11118,11764,12409,13056,2054,1452,919,5882,6528,7174,7821,8469,9117,9765,10413,11061,12358,1949,1299,650,0,650,1299,1949,3248,3897,4547,5846,6495,7145,7794,8444,9094,9743,10393,11042,11692,650,1452,2054,2678,3312,3951,5237,5882,6528,7174,7821,8469,9117,9765,10413,11061,3498,4108,4729,5356,5988,6624,7262,7902,8543,9186,9829,10473,3787,4357,4947,5550,6162,6781,7406,8034,8666,9300,9936,10574,4159,4684,5237,5810,6397,6996,7603,8216,8835,9457,4593,5073,5588,6128,6687,7262,7848,8444,9047,9656,8714
155,16938,17489,28141,16598,17161,18303,21237,26087,26702,27319,27938,18600,19192,20386,20987,21592,22199,23419,24033,24648,25265,25884,27125,27748,18337,18937,21979,22594,23211,24451,25072,25696,26946,27573,12811,13375,13946,14524,15108,15697,16290,16888,17489,18702,21157,21776,22397,23020,24895,25523,26151,26781,27412,12494,13072,13656,14245,14840,16649,17259,20344,20967,22845,23473,24734,25365,25998,11619,12204,12794,13391,13991,14597,15205,16432,17669,19540,20167,22687,23320,23954,27133,27771,10167,10752,11344,11942,13763,14378,14996,16238,16863,17489,18117,27016,27657,6495,9893,13563,14186,14812,16700,3248,13391,14022,14654,2678,10712,11344,12612,13248,2756,2342,4357,4947,8666,9300,9936,10574,11213,11853,12494,2905,2342,4108,4729,5356,5988,6624,7902,8543,9186,9829,10473,11118,11764,12409,2678,2054,650,5237,5882,6528,7174,7821,8469,9117,9765,10413,11710,2598,1949,1299,650,0,650,1299,2598,3248,3897,5196,5846,6495,7145,7794,8444,9094,9743,10393,11042,919,919,1452,2054,2678,3312,4593,5237,5882,6528,7174,7821,8469,9117,9765,10413,2905,3498,4108,4729,5356,5988,6624,7262,7902,8543,9186,9829,3248,3787,4357,4947,5550,6162,6781,7406,8034,8666,9300,9936,3674,4159,4684,5237,5810,6397,6996,7603,8216,8835,4159,4593,5073,5588,6128,6687,7262,7848,8444,9047,8139
156,16394,16938,27527,16042,16598,17729,20643,25473,26087,26702,27319,18012,18600,19787,20386,20987,21592,22808,23419,24033,24648,25265,26504,27125,17741,18337,21366,21979,22594,23830,24451,25072,26320,26946,12255,12811,13375,13946,14524,15108,15697,16290,16888,18094,20540,21157,21776,22397,24269,24895,25523,26151,26781,11924,12494,13072,13656,14245,16042,16649,19723,20344,22218,22845,24103,24734,25365,11042,11619,12204,12794,13391,13991,14597,15817,17050,18915,19540,22056,22687,23320,26496,27133,9590,10167,10752,11344,13152,13763,14378,15616,16238,16863,17489,26376,27016,5988,9300,12942,13563,14186,16069,3312,12761,13391,14022,2905,10084,10712,11977,12612,3248,2756,3787,4357,8034,8666,9300,9936,10574,11213,11853,3498,2905,3498,4108,4729,5356,5988,7262,7902,8543,9186,9829,10473,11118,11764,3312,2678,919,4593,5237,5882,6528,7174,7821,8469,9117,9765,11061,3248,2598,1949,1299,650,0,650,1949,2598,3248,4547,5196,5846,6495,7145,7794,8444,9094,9743,10393,1452,650,919,1452,2054,2678,3951,4593,5237,5882,6528,7174,7821,8469,9117,9765,2342,2905,3498,4108,4729,5356,5988,6624,7262,7902,8543,9186,2756,3248,3787,4357,4947,5550,6162,6781,7406,8034,8666,9300,3248,3674,4159,4684,5237,5810,6397,6996,7603,8216,3787,4159,4593,5073,5588,6128,6687,7262,7848,8444,7575
157,15857,16394,26915,15494,16042,17161,20052,24861,25473,26087,26702,17429,18012,19192,19787,20386,20987,22199,22808,23419,24033,24648,25884,26504,17148,17741,20755,21366,21979,23211,23830,24451,25696,26320,11710,12255,12811,13375,13946,14524,15108,15697,16290,17489,19925,20540,21157,21776,23643,24269,24895,25523,26151,11362,11924,12494,13072,13656,15439,16042,19103,19723,21592,22218,23473,24103,24734,10473,11042,11619,12204,12794,13391,13991,15205,16432,18291,18915,21425,22056,22687,25859,26496,9024,9590,10167,10752,12545,13152,13763,14996,15616,16238,16863,25737,26376,5511,8714,12324,12942,13563,15439,3498,12134,12761,13391,3248,9457,10084,11344,11977,3787,3248,3248,3787,7406,8034,8666,9300,9936,10574,11213,4108,3498,2905,3498,4108,4729,5356,6624,7262,7902,8543,9186,9829,10473,11118,3951,3312,1452,3951,4593,5237,5882,6528,7174,7821,8469,9117,10413,3897,3248,2598,1949,1299,650,0,1299,1949,2598,3897,4547,5196,5846,6495,7145,7794,8444,9094,9743,2054,919,650,919,1452,2054,3312,3951,4593,5237,5882,6528,7174,7821,8469,9117,1837,2342,2905,3498,4108,4729,5356,5988,6624,7262,7902,8543,2342,2756,3248,3787,4357,4947,5550,6162,6781,7406,8034,8666,2905,3248,3674,4159,4684,5237,5810,6397,6996,7603,3498,3787,4159,4593,5073,5588,6128,6687,7262,7848,7026
158,14812,15330,25696,14422,14953,16042,18881,23643,24251,24861,25473,16277,16850,18012,18600,19192,19787,20987,21592,22199,22808,23419,24648,25265,15976,16560,19540,20146,20755,21979,22594,23211,24451,25072,10653,11175,11710,12255,12811,13375,13946,14524,15108,16290,18702,19312,19925,20540,22397,23020,23643,24269,24895,10270,10810,11362,11924,12494,14245,14840,17871,18486,20344,20967,22218,22845,23473,9368,9915,10473,11042,11619,12204,12794,13991,15205,17050,17669,20167,20795,21425,24588,25223,7929,8469,9024,9590,11344,11942,12545,13763,14378,14996,15616,24459,25098,4684,7575,11099,11710,12324,14186,4159,10888,11510,12134,4159,8216,8835,10084,10712,4947,4357,2342,2756,6162,6781,7406,8034,8666,9300,9936,5356,4729,1837,2342,2905,3498,4108,5356,5988,6624,7262,7902,8543,9186,9829,5237,4593,2678,2678,3312,3951,4593,5237,5882,6528,7174,7821,9117,5196,4547,3897,3248,2598,1949,1299,0,650,1299,2598,3248,3897,4547,5196,5846,6495,7145,7794,8444,3312,2054,1452,919,650,919,2054,2678,3312,3951,4593,5237,5882,6528,7174,7821,1299,1452,1837,2342,2905,3498,4108,4729,5356,5988,6624,7262,1949,2054,2342,2756,3248,3787,4357,4947,5550,6162,6781,7406,2598,2678,2905,3248,3674,4159,4684,5237,5810,6397,3248,3312,3498,3787,4159,4593,5073,5588,6128,6687,5988
159,14305,14812,25089,13901,14422,15494,18303,23038,23643,24251,24861,15710,16277,17429,18012,18600,19192,20386,20987,21592,22199,22808,24033,24648,15398,15976,18937,19540,20146,21366,21979,22594,23830,24451,10146,10653,11175,11710,12255,12811,13375,13946,14524,15697,18094,18702,19312,19925,21776,22397,23020,23643,24269,9743,10270,10810,11362,11924,13656,14245,17259,17871,19723,20344,21592,22218,22845,8835,9368,9915,10473,11042,11619,12204,13391,14597,16432,17050,19540,20167,20795,23954,24588,7406,7929,8469,9024,10752,11344,11942,13152,13763,14378,14996,23821,24459,4357,7026,10494,11099,11710,13563,4593,10270,10888,11510,4684,7603,8216,9457,10084,5550,4947,2054,2342,5550,6162,6781,7406,8034,8666,9300,5988,5356,1452,1837,2342,2905,3498,4729,5356,5988,6624,7262,7902,8543,9186,5882,5237,3312,2054,2678,3312,3951,4593,5237,5882,6528,7174,8469,5846,5196,4547,3897,3248,2598,1949,650,0,650,1949,2598,3248,3897,4547,5196,5846,6495,7145,7794,3951,2678,2054,1452,919,650,1452,2054,2678,3312,3951,4593,5237,5882,6528,7174,1452,1299,1452,1837,2342,2905,3498,4108,4729,5356,5988,6624,2054,1949,2054,2342,2756,3248,3787,4357,4947,5550,6162,6781,2678,2598,2678,2905,3248,3674,4159,4684,5237,5810,3312,3248,3312,3498,3787,4159,4593,5073,5588,6128,5511
160,13809,14305,24485,13391,13901,14953,17729,22435,23038,23643,24251,15150,15710,16850,17429,18012,18600,19787,20386,20987,21592,22199,23419,24033,14826,15398,18337,18937,19540,20755,21366,21979,23211,23830,9656,10146,10653,11175,11710,12255,12811,13375,13946,15108,17489,18094,18702,19312,21157,21776,22397,23020,23643,9232,9743,10270,10810,11362,13072,13656,16649,17259,19103,19723,20967,21592,22218,8318,8835,9368,9915,10473,11042,11619,12794,13991,15817,16432,18915,19540,20167,23320,23954,6905,7406,7929,8469,10167,10752,11344,12545,13152,13763,14378,23184,23821,4108,6495,9893,10494,11099,12942,5073,9656,10270,10888,5237,6996,7603,8835,9457,6162,5550,1949,2054,4947,5550,6162,6781,7406,8034,8666,6624,5988,1299,1452,1837,2342,2905,4108,4729,5356,5988,6624,7262,7902,8543,6528,5882,3951,1452,2054,2678,3312,3951,4593,5237,5882,6528,7821,6495,5846,5196,4547,3897,3248,2598,1299,650,0,1299,1949,2598,3248,3897,4547,5196,5846,6495,7145,4593,3312,2678,2054,1452,919,919,1452,2054,2678,3312,3951,4593,5237,5882,6528,1837,1452,1299,1452,1837,2342,2905,3498,4108,4729,5356,5988,2342,2054,1949,2054,2342,2756,3248,3787,4357,4947,5550,6162,2905,2678,2598,2678,2905,3248,3674,4159,4684,5237,3498,3312,3248,3312,3498,3787,4159,4593,5073,5588,5073
161,12860,13327,23284,12409,12893,13901,16598,21237,21834,22435,23038,14052,14597,15710,16277,16850,17429,18600,19192,19787,20386,20987,22199,22808,13702,14260,17148,17741,18337,19540,20146,20755,21979,22594,8739,9186,9656,10146,10653,11175,11710,12255,12811,13946,16290,16888,17489,18094,19925,20540,21157,21776,22397,8267,8739,9232,9743,10270,11924,12494,15439,16042,17871,18486,19723,20344,20967,7349,7821,8318,8835,9368,9915,10473,11619,12794,14597,15205,17669,18291,18915,22056,22687,5988,6430,6905,7406,9024,9590,10167,11344,11942,12545,13152,21912,22547,3897,5511,8714,9300,9893,11710,6128,8444,9047,9656,6397,5810,6397,7603,8216,7406,6781,2342,2054,3787,4357,4947,5550,6162,6781,7406,7902,7262,1837,1452,1299,1452,1837,2905,3498,4108,4729,5356,5988,6624,7262,7821,7174,5237,650,919,1452,2054,2678,3312,3951,4593,5237,6528,7794,7145,6495,5846,5196,4547,3897,2598,1949,1299,0,650,1299,1949,2598,3248,3897,4547,5196,5846,5882,4593,3951,3312,2678,2054,919,650,919,1452,2054,2678,3312,3951,4593,5237,2905,2342,1837,1452,1299,1452,1837,2342,2905,3498,4108,4729,3248,2756,2342,2054,1949,2054,2342,2756,3248,3787,4357,4947,3674,3248,2905,2678,2598,2678,2905,3248,3674,4159,4159,3787,3498,3312,3248,3312,3498,3787,4159,4593,4357
162,12409,12860,22687,11942,12409,13391,16042,20643,21237,21834,22435,13516,14052,15150,15710,16277,16850,18012,18600,19192,19787,20386,21592,22199,13152,13702,16560,17148,17741,18937,19540,20146,21366,21979,8318,8739,9186,9656,10146,10653,11175,11710,12255,13375,15697,16290,16888,17489,19312,19925,20540,21157,21776,7821,8267,8739,9232,9743,11362,11924,14840,15439,17259,17871,19103,19723,20344,6905,7349,7821,8318,8835,9368,9915,11042,12204,13991,14597,17050,17669,18291,21425,22056,5588,5988,6430,6905,8469,9024,9590,10752,11344,11942,12545,21277,21912,3951,5073,8139,8714,9300,11099,6687,7848,8444,9047,6996,5237,5810,6996,7603,8034,7406,2756,2342,3248,3787,4357,4947,5550,6162,6781,8543,7902,2342,1837,1452,1299,1452,2342,2905,3498,4108,4729,5356,5988,6624,8469,7821,5882,919,650,919,1452,2054,2678,3312,3951,4593,5882,8444,7794,7145,6495,5846,5196,4547,3248,2598,1949,650,0,650,1299,1949,2598,3248,3897,4547,5196,6528,5237,4593,3951,3312,2678,1452,919,650,919,1452,2054,2678,3312,3951,4593,3498,2905,2342,1837,1452,1299,1452,1837,2342,2905,3498,4108,3787,3248,2756,2342,2054,1949,2054,2342,2756,3248,3787,4357,4159,3674,3248,2905,2678,2598,2678,2905,3248,3674,4593,4159,3787,3498,3312,3248,3312,3498,3787,4159,4108
163,11977,12409,22094,11491,11942,12893,15494,20052,20643,21237,21834,12991,13516,14597,15150,15710,16277,17429,18012,18600,19192,19787,20987,21592,12612,13152,15976,16560,17148,18337,18937,19540,20755,21366,7929,8318,8739,9186,9656,10146,10653,11175,11710,12811,15108,15697,16290,16888,18702,19312,19925,20540,21157,7406,7821,8267,8739,9232,10810,11362,14245,14840,16649,17259,18486,19103,19723,6495,6905,7349,7821,8318,8835,9368,10473,11619,13391,13991,16432,17050,17669,20795,21425,5237,5588,5988,6430,7929,8469,9024,10167,10752,11344,11942,20643,21277,4108,4684,7575,8139,8714,10494,7262,7262,7848,8444,7603,4684,5237,6397,6996,8666,8034,3248,2756,2756,3248,3787,4357,4947,5550,6162,9186,8543,2905,2342,1837,1452,1299,1837,2342,2905,3498,4108,4729,5356,5988,9117,8469,6528,1452,919,650,919,1452,2054,2678,3312,3951,5237,9094,8444,7794,7145,6495,5846,5196,3897,3248,2598,1299,650,0,650,1299,1949,2598,3248,3897,4547,7174,5882,5237,4593,3951,3312,2054,1452,919,650,919,1452,2054,2678,3312,3951,4108,3498,2905,2342,1837,1452,1299,1452,1837,2342,2905,3498,4357,3787,3248,2756,2342,2054,1949,2054,2342,2756,3248,3787,4684,4159,3674,3248,2905,2678,2598,2678,2905,3248,5073,4593,4159,3787,3498,3312,3248,3312,3498,3787,3951
164,11565,11977,21503,11061,11491,12409,14953,19464,20052,20643,21237,12477,12991,14052,14597,15150,15710,16850,17429,18012,18600,19192,20386,20987,12082,12612,15398,15976,16560,17741,18337,18937,20146,20755,7575,7929,8318,8739,9186,9656,10146,10653,11175,12255,14524,15108,15697,16290,18094,18702,19312,19925,20540,7026,7406,7821,8267,8739,10270,10810,13656,14245,16042,16649,17871,18486,19103,6128,6495,6905,7349,7821,8318,8835,9915,11042,12794,13391,15817,16432,17050,20167,20795,4947,5237,5588,5988,7406,7929,8469,9590,10167,10752,11344,20010,20643,4357,4357,7026,7575,8139,9893,7848,6687,7262,7848,8216,4159,4684,5810,6397,9300,8666,3787,3248,2342,2756,3248,3787,4357,4947,5550,9829,9186,3498,2905,2342,1837,1452,1452,1837,2342,2905,3498,4108,4729,5356,9765,9117,7174,2054,1452,919,650,919,1452,2054,2678,3312,4593,9743,9094,8444,7794,7145,6495,5846,4547,3897,3248,1949,1299,650,0,650,1299,1949,2598,3248,3897,7821,6528,5882,5237,4593,3951,2678,2054,1452,919,650,919,1452,2054,2678,3312,4729,4108,3498,2905,2342,1837,1452,1299,1452,1837,2342,2905,4947,4357,3787,3248,2756,2342,2054,1949,2054,2342,2756,3248,5237,4684,4159,3674,3248,2905,2678,2598,2678,2905,5588,5073,4593,4159,3787,3498,3312,3248,3312,3498,3897
165,11175,11565,20917,10653,11061,11942,14422,18881,19464,20052,20643,11977,12477,13516,14052,14597,15150,16277,16850,17429,18012,18600,19787,20386,11565,12082,14826,15398,15976,17148,17741,18337,19540,20146,7262,7575,7929,8318,8739,9186,9656,10146,10653,11710,13946,14524,15108,15697,17489,18094,18702,19312,19925,6687,7026,7406,7821,8267,9743,10270,13072,13656,15439,16042,17259,17871,18486,5810,6128,6495,6905,7349,7821,8318,9368,10473,12204,12794,15205,15817,16432,19540,20167,4729,4947,5237,5588,6905,7406,7929,9024,9590,10167,10752,19378,20010,4684,4108,6495,7026,7575,9300,8444,6128,6687,7262,8835,3674,4159,5237,5810,9936,9300,4357,3787,2054,2342,2756,3248,3787,4357,4947,10473,9829,4108,3498,2905,2342,1837,1299,1452,1837,2342,2905,3498,4108,4729,10413,9765,7821,2678,2054,1452,919,650,919,1452,2054,2678,3951,10393,9743,9094,8444,7794,7145,6495,5196,4547,3897,2598,1949,1299,650,0,650,1299,1949,2598,3248,8469,7174,6528,5882,5237,4593,3312,2678,2054,1452,919,650,919,1452,2054,2678,5356,4729,4108,3498,2905,2342,1837,1452,1299,1452,1837,2342,5550,4947,4357,3787,3248,2756,2342,2054,1949,2054,2342,2756,5810,5237,4684,4159,3674,3248,2905,2678,2598,2678,6128,5588,5073,4593,4159,3787,3498,3312,3248,3312,3951
166,10810,11175,20334,10270,10653,11491,13901,18303,18881,19464,20052,11491,11977,12991,13516,14052,14597,15710,16277,16850,17429,18012,19192,19787,11061,11565,14260,14826,15398,16560,17148,17741,18937,19540,6996,7262,7575,7929,8318,8739,9186,9656,10146,11175,13375,13946,14524,15108,16888,17489,18094,18702,19312,6397,6687,7026,7406,7821,9232,9743,12494,13072,14840,15439,16649,17259,17871,5550,5810,6128,6495,6905,7349,7821,8835,9915,11619,12204,14597,15205,15817,18915,19540,4593,4729,4947,5237,6430,6905,7406,8469,9024,9590,10167,18747,19378,5073,3951,5988,6495,7026,8714,9047,5588,6128,6687,9457,3248,3674,4684,5237,10574,9936,4947,4357,1949,2054,2342,2756,3248,3787,4357,11118,10473,4729,4108,3498,2905,2342,1452,1299,1452,1837,2342,2905,3498,4108,11061,10413,8469,3312,2678,2054,1452,919,650,919,1452,2054,3312,11042,10393,9743,9094,8444,7794,7145,5846,5196,4547,3248,2598,1949,1299,650,0,650,1299,1949,2598,9117,7821,7174,6528,5882,5237,3951,3312,2678,2054,1452,919,650,919,1452,2054,5988,5356,4729,4108,3498,2905,2342,1837,1452,1299,1452,1837,6162,5550,4947,4357,3787,3248,2756,2342,2054,1949,2054,2342,6397,5810,5237,4684,4159,3674,3248,2905,2678,2598,6687,6128,5588,5073,4593,4159,3787,3498,3312,3248,4108
167,10473,10810,19755,9915,10270,11061,13391,17729,18303,18881,19464,11023,11491,12477,12991,13516,14052,15150,15710,16277,16850,17429,18600,19192,10574,11061,13702,14260,14826,15976,16560,17148,18337,18937,6781,6996,7262,7575,7929,8318,8739,9186,9656,10653,12811,13375,13946,14524,16290,16888,17489,18094,18702,6162,6397,6687,7026,7406,8739,9232,11924,12494,14245,14840,16042,16649,17259,5356,5550,5810,6128,6495,6905,7349,8318,9368,11042,11619,13991,14597,15205,18291,18915,4547,4593,4729,4947,5988,6430,6905,7929,8469,9024,9590,18117,18747,5511,3897,5511,5988,6495,8139,9656,5073,5588,6128,10084,2905,3248,4159,4684,11213,10574,5550,4947,2054,1949,2054,2342,2756,3248,3787,11764,11118,5356,4729,4108,3498,2905,1837,1452,1299,1452,1837,2342,2905,3498,11710,11061,9117,3951,3312,2678,2054,1452,919,650,919,1452,2678,11692,11042,10393,9743,9094,8444,7794,6495,5846,5196,3897,3248,2598,1949,1299,650,0,650,1299,1949,9765,8469,7821,7174,6528,5882,4593,3951,3312,2678,2054,1452,919,650,919,1452,6624,5988,5356,4729,4108,3498,2905,2342,1837,1452,1299,1452,6781,6162,5550,4947,4357,3787,3248,2756,2342,2054,1949,2054,6996,6397,5810,5237,4684,4159,3674,3248,2905,2678,7262,6687,6128,5588,5073,4593,4159,3787,3498,3312,4357
168,10167,10473,19181,9590,9915,10653,12893,17161,17729,18303,18881,10574,11023,11977,12477,12991,13516,14597,15150,15710,16277,16850,18012,18600,10104,10574,13152,13702,14260,15398,15976,16560,17741,18337,6624,6781,6996,7262,7575,7929,8318,8739,9186,10146,12255,12811,13375,13946,15697,16290,16888,17489,18094,5988,6162,6397,6687,7026,8267,8739,11362,11924,13656,14245,15439,16042,16649,5237,5356,5550,5810,6128,6495,6905,7821,8835,10473,11042,13391,13991,14597,17669,18291,4593,4547,4593,4729,5588,5988,6430,7406,7929,8469,9024,17489,18117,5988,3951,5073,5511,5988,7575,10270,4593,5073,5588,10712,2678,2905,3674,4159,11853,11213,6162,5550,2342,2054,1949,2054,2342,2756,3248,12409,11764,5988,5356,4729,4108,3498,2342,1837,1452,1299,1452,1837,2342,2905,12358,11710,9765,4593,3951,3312,2678,2054,1452,919,650,919,2054,12341,11692,11042,10393,9743,9094,8444,7145,6495,5846,4547,3897,3248,2598,1949,1299,650,0,650,1299,10413,9117,8469,7821,7174,6528,5237,4593,3951,3312,2678,2054,1452,919,650,919,7262,6624,5988,5356,4729,4108,3498,2905,2342,1837,1452,1299,7406,6781,6162,5550,4947,4357,3787,3248,2756,2342,2054,1949,7603,6996,6397,5810,5237,4684,4159,3674,3248,2905,7848,7262,6687,6128,5588,5073,4593,4159,3787,3498,4684
169,9893,10167,18611,9300,9590,10270,12409,16598,17161,17729,18303,10146,10574,11491,11977,12477,12991,14052,14597,15150,15710,16277,17429,18012,9656,10104,12612,13152,13702,14826,15398,15976,17148,17741,6528,6624,6781,6996,7262,7575,7929,8318,8739,9656,11710,12255,12811,13375,15108,15697,16290,16888,17489,5882,5988,6162,6397,6687,7821,8267,10810,11362,13072,13656,14840,15439,16042,5196,5237,5356,5550,5810,6128,6495,7349,8318,9915,10473,12794,13391,13991,17050,17669,4729,4593,4547,4593,5237,5588,5988,6905,7406,7929,8469,16863,17489,6495,4108,4684,5073,5511,7026,10888,4159,4593,5073,11344,2598,2678,3248,3674,12494,11853,6781,6162,2756,2342,2054,1949,2054,2342,2756,13056,12409,6624,5988,5356,4729,4108,2905,2342,1837,1452,1299,1452,1837,2342,13007,12358,10413,5237,4593,3951,3312,2678,2054,1452,919,650,1452,12991,12341,11692,11042,10393,9743,9094,7794,7145,6495,5196,4547,3897,3248,2598,1949,1299,650,0,650,11061,9765,9117,8469,7821,7174,5882,5237,4593,3951,3312,2678,2054,1452,919,650,7902,7262,6624,5988,5356,4729,4108,3498,2905,2342,1837,1452,8034,7406,6781,6162,5550,4947,4357,3787,3248,2756,2342,2054,8216,7603,6996,6397,5810,5237,4684,4159,3674,3248,8444,7848,7262,6687,6128,5588,5073,4593,4159,3787,5073
170,9656,9893,18047,9047,9300,9915,11942,16042,16598,17161,17729,9743,10146,11023,11491,11977,12477,13516,14052,14597,15150,15710,16850,17429,9232,9656,12082,12612,13152,14260,14826,15398,16560,17148,6495,6528,6624,6781,6996,7262,7575,7929,8318,9186,11175,11710,12255,12811,14524,15108,15697,16290,16888,5846,5882,5988,6162,6397,7406,7821,10270,10810,12494,13072,14245,14840,15439,5237,5196,5237,5356,5550,5810,6128,6905,7821,9368,9915,12204,12794,13391,16432,17050,4947,4729,4593,4547,4947,5237,5588,6430,6905,7406,7929,16238,16863,7026,4357,4357,4684,5073,6495,11510,3787,4159,4593,11977,2678,2598,2905,3248,13136,12494,7406,6781,3248,2756,2342,2054,1949,2054,2342,13702,13056,7262,6624,5988,5356,4729,3498,2905,2342,1837,1452,1299,1452,1837,13656,13007,11061,5882,5237,4593,3951,3312,2678,2054,1452,919,919,13640,12991,12341,11692,11042,10393,9743,8444,7794,7145,5846,5196,4547,3897,3248,2598,1949,1299,650,0,11710,10413,9765,9117,8469,7821,6528,5882,5237,4593,3951,3312,2678,2054,1452,919,8543,7902,7262,6624,5988,5356,4729,4108,3498,2905,2342,1837,8666,8034,7406,6781,6162,5550,4947,4357,3787,3248,2756,2342,8835,8216,7603,6996,6397,5810,5237,4684,4159,3674,9047,8444,7848,7262,6687,6128,5588,5073,4593,4159,5511
171,17836,18383,28968,17489,18047,19181,22094,26915,27527,28141,28756,19464,20052,21237,21834,22435,23038,24251,24861,25473,26087,26702,27938,28557,19192,19787,22808,23419,24033,25265,25884,26504,27748,28372,13702,14260,14826,15398,15976,16560,17148,17741,18337,19540,21979,22594,23211,23830,25696,26320,26946,27573,28201,13375,13946,14524,15108,15697,17489,18094,21157,21776,23643,24269,25523,26151,26781,12494,13072,13656,14245,14840,15439,16042,17259,18486,20344,20967,23473,24103,24734,27900,28535,11042,11619,12204,12794,14597,15205,15817,17050,17669,18291,18915,27771,28409,7406,10752,14378,14996,15616,17489,3951,14186,14812,15439,3248,11510,12134,13391,14022,2905,2678,5237,5810,9457,10084,10712,11344,11977,12612,13248,2756,2342,4947,5550,6162,6781,7406,8666,9300,9936,10574,11213,11853,12494,13136,2342,1837,1452,5988,6624,7262,7902,8543,9186,9829,10473,11118,12409,2054,1452,919,650,919,1452,2054,3312,3951,4593,5882,6528,7174,7821,8469,9117,9765,10413,11061,11710,0,1299,1949,2598,3248,3897,5196,5846,6495,7145,7794,8444,9094,9743,10393,11042,3312,3951,4593,5237,5882,6528,7174,7821,8469,9117,9765,10413,3498,4108,4729,5356,5988,6624,7262,7902,8543,9186,9829,10473,3787,4357,4947,5550,6162,6781,7406,8034,8666,9300,4159,4684,5237,5810,6397,6996,7603,8216,8835,9457,8444
172,16763,17295,27748,16394,16938,18047,20917,25696,26304,26915,27527,18303,18881,20052,20643,21237,21834,23038,23643,24251,24861,25473,26702,27319,18012,18600,21592,22199,22808,24033,24648,25265,26504,27125,12612,13152,13702,14260,14826,15398,15976,16560,17148,18337,20755,21366,21979,22594,24451,25072,25696,26320,26946,12255,12811,13375,13946,14524,16290,16888,19925,20540,22397,23020,24269,24895,25523,11362,11924,12494,13072,13656,14245,14840,16042,17259,19103,19723,22218,22845,23473,26631,27265,9915,10473,11042,11619,13391,13991,14597,15817,16432,17050,17669,26496,27133,6430,9590,13152,13763,14378,16238,3951,12942,13563,14186,3498,10270,10888,12134,12761,3674,3248,4159,4684,8216,8835,9457,10084,10712,11344,11977,3787,3248,3787,4357,4947,5550,6162,7406,8034,8666,9300,9936,10574,11213,11853,3498,2905,1452,4729,5356,5988,6624,7262,7902,8543,9186,9829,11118,3312,2678,2054,1452,919,650,919,2054,2678,3312,4593,5237,5882,6528,7174,7821,8469,9117,9765,10413,1299,0,650,1299,1949,2598,3897,4547,5196,5846,6495,7145,7794,8444,9094,9743,2054,2678,3312,3951,4593,5237,5882,6528,7174,7821,8469,9117,2342,2905,3498,4108,4729,5356,5988,6624,7262,7902,8543,9186,2756,3248,3787,4357,4947,5550,6162,6781,7406,8034,3248,3674,4159,4684,5237,5810,6397,6996,7603,8216,7262
173,16238,16763,27141,15857,16394,17489,20334,25089,25696,26304,26915,17729,18303,19464,20052,20643,21237,22435,23038,23643,24251,24861,26087,26702,17429,18012,20987,21592,22199,23419,24033,24648,25884,26504,12082,12612,13152,13702,14260,14826,15398,15976,16560,17741,20146,20755,21366,21979,23830,24451,25072,25696,26320,11710,12255,12811,13375,13946,15697,16290,19312,19925,21776,22397,23643,24269,24895,10810,11362,11924,12494,13072,13656,14245,15439,16649,18486,19103,21592,22218,22845,25998,26631,9368,9915,10473,11042,12794,13391,13991,15205,15817,16432,17050,25859,26496,5988,9024,12545,13152,13763,15616,4108,12324,12942,13563,3787,9656,10270,11510,12134,4159,3674,3674,4159,7603,8216,8835,9457,10084,10712,11344,4357,3787,3248,3787,4357,4947,5550,6781,7406,8034,8666,9300,9936,10574,11213,4108,3498,1837,4108,4729,5356,5988,6624,7262,7902,8543,9186,10473,3951,3312,2678,2054,1452,919,650,1452,2054,2678,3951,4593,5237,5882,6528,7174,7821,8469,9117,9765,1949,650,0,650,1299,1949,3248,3897,4547,5196,5846,6495,7145,7794,8444,9094,1452,2054,2678,3312,3951,4593,5237,5882,6528,7174,7821,8469,1837,2342,2905,3498,4108,4729,5356,5988,6624,7262,7902,8543,2342,2756,3248,3787,4357,4947,5550,6162,6781,7406,2905,3248,3674,4159,4684,5237,5810,6397,6996,7603,6687
174,15724,16238,26536,15330,15857,16938,19755,24485,25089,25696,26304,17161,17729,18881,19464,20052,20643,21834,22435,23038,23643,24251,25473,26087,16850,17429,20386,20987,21592,22808,23419,24033,25265,25884,11565,12082,12612,13152,13702,14260,14826,15398,15976,17148,19540,20146,20755,21366,23211,23830,24451,25072,25696,11175,11710,12255,12811,13375,15108,15697,18702,19312,21157,21776,23020,23643,24269,10270,10810,11362,11924,12494,13072,13656,14840,16042,17871,18486,20967,21592,22218,25365,25998,8835,9368,9915,10473,12204,12794,13391,14597,15205,15817,16432,25223,25859,5588,8469,11942,12545,13152,14996,4357,11710,12324,12942,4159,9047,9656,10888,11510,4684,4159,3248,3674,6996,7603,8216,8835,9457,10084,10712,4947,4357,2756,3248,3787,4357,4947,6162,6781,7406,8034,8666,9300,9936,10574,4729,4108,2342,3498,4108,4729,5356,5988,6624,7262,7902,8543,9829,4593,3951,3312,2678,2054,1452,919,919,1452,2054,3312,3951,4593,5237,5882,6528,7174,7821,8469,9117,2598,1299,650,0,650,1299,2598,3248,3897,4547,5196,5846,6495,7145,7794,8444,919,1452,2054,2678,3312,3951,4593,5237,5882,6528,7174,7821,1452,1837,2342,2905,3498,4108,4729,5356,5988,6624,7262,7902,2054,2342,2756,3248,3787,4357,4947,5550,6162,6781,2678,2905,3248,3674,4159,4684,5237,5810,6397,6996,6128
175,15219,15724,25933,14812,15330,16394,19181,23883,24485,25089,25696,16598,17161,18303,18881,19464,20052,21237,21834,22435,23038,23643,24861,25473,16277,16850,19787,20386,20987,22199,22808,23419,24648,25265,11061,11565,12082,12612,13152,13702,14260,14826,15398,16560,18937,19540,20146,20755,22594,23211,23830,24451,25072,10653,11175,11710,12255,12811,14524,15108,18094,18702,20540,21157,22397,23020,23643,9743,10270,10810,11362,11924,12494,13072,14245,15439,17259,17871,20344,20967,21592,24734,25365,8318,8835,9368,9915,11619,12204,12794,13991,14597,15205,15817,24588,25223,5237,7929,11344,11942,12545,14378,4684,11099,11710,12324,4593,8444,9047,10270,10888,5237,4684,2905,3248,6397,6996,7603,8216,8835,9457,10084,5550,4947,2342,2756,3248,3787,4357,5550,6162,6781,7406,8034,8666,9300,9936,5356,4729,2905,2905,3498,4108,4729,5356,5988,6624,7262,7902,9186,5237,4593,3951,3312,2678,2054,1452,650,919,1452,2678,3312,3951,4593,5237,5882,6528,7174,7821,8469,3248,1949,1299,650,0,650,1949,2598,3248,3897,4547,5196,5846,6495,7145,7794,650,919,1452,2054,2678,3312,3951,4593,5237,5882,6528,7174,1299,1452,1837,2342,2905,3498,4108,4729,5356,5988,6624,7262,1949,2054,2342,2756,3248,3787,4357,4947,5550,6162,2598,2678,2905,3248,3674,4159,4684,5237,5810,6397,5588
176,14726,15219,25332,14305,14812,15857,18611,23284,23883,24485,25089,16042,16598,17729,18303,18881,19464,20643,21237,21834,22435,23038,24251,24861,15710,16277,19192,19787,20386,21592,22199,22808,24033,24648,10574,11061,11565,12082,12612,13152,13702,14260,14826,15976,18337,18937,19540,20146,21979,22594,23211,23830,24451,10146,10653,11175,11710,12255,13946,14524,17489,18094,19925,20540,21776,22397,23020,9232,9743,10270,10810,11362,11924,12494,13656,14840,16649,17259,19723,20344,20967,24103,24734,7821,8318,8835,9368,11042,11619,12204,13391,13991,14597,15205,23954,24588,4947,7406,10752,11344,11942,13763,5073,10494,11099,11710,5073,7848,8444,9656,10270,5810,5237,2678,2905,5810,6397,6996,7603,8216,8835,9457,6162,5550,2054,2342,2756,3248,3787,4947,5550,6162,6781,7406,8034,8666,9300,5988,5356,3498,2342,2905,3498,4108,4729,5356,5988,6624,7262,8543,5882,5237,4593,3951,3312,2678,2054,919,650,919,2054,2678,3312,3951,4593,5237,5882,6528,7174,7821,3897,2598,1949,1299,650,0,1299,1949,2598,3248,3897,4547,5196,5846,6495,7145,919,650,919,1452,2054,2678,3312,3951,4593,5237,5882,6528,1452,1299,1452,1837,2342,2905,3498,4108,4729,5356,5988,6624,2054,1949,2054,2342,2756,3248,3787,4357,4947,5550,2678,2598,2678,2905,3248,3674,4159,4684,5237,5810,5073
177,13779,14245,24138,13327,13809,14812,17489,22094,22687,23284,23883,14953,15494,16598,17161,17729,18303,19464,20052,20643,21237,21834,23038,23643,14597,15150,18012,18600,19192,20386,20987,21592,22808,23419,9656,10104,10574,11061,11565,12082,12612,13152,13702,14826,17148,17741,18337,18937,20755,21366,21979,22594,23211,9186,9656,10146,10653,11175,12811,13375,16290,16888,18702,19312,20540,21157,21776,8267,8739,9232,9743,10270,10810,11362,12494,13656,15439,16042,18486,19103,19723,22845,23473,6905,7349,7821,8318,9915,10473,11042,12204,12794,13391,13991,22687,23320,4593,6430,9590,10167,10752,12545,5988,9300,9893,10494,6128,6687,7262,8444,9047,6996,6397,2678,2598,4684,5237,5810,6397,6996,7603,8216,7406,6781,2054,1949,2054,2342,2756,3787,4357,4947,5550,6162,6781,7406,8034,7262,6624,4729,1452,1837,2342,2905,3498,4108,4729,5356,5988,7262,7174,6528,5882,5237,4593,3951,3312,2054,1452,919,919,1452,2054,2678,3312,3951,4593,5237,5882,6528,5196,3897,3248,2598,1949,1299,0,650,1299,1949,2598,3248,3897,4547,5196,5846,2054,1452,919,650,919,1452,2054,2678,3312,3951,4593,5237,2342,1837,1452,1299,1452,1837,2342,2905,3498,4108,4729,5356,2756,2342,2054,1949,2054,2342,2756,3248,3787,4357,3248,2905,2678,2598,2678,2905,3248,3674,4159,4684,4159
178,13327,13779,23545,12860,13327,14305,16938,21503,22094,22687,23284,14422,14953,16042,16598,17161,17729,18881,19464,20052,20643,21237,22435,23038,14052,14597,17429,18012,18600,19787,20386,20987,22199,22808,9232,9656,10104,10574,11061,11565,12082,12612,13152,14260,16560,17148,17741,18337,20146,20755,21366,21979,22594,8739,9186,9656,10146,10653,12255,12811,15697,16290,18094,18702,19925,20540,21157,7821,8267,8739,9232,9743,10270,10810,11924,13072,14840,15439,17871,18486,19103,22218,22845,6495,6905,7349,7821,9368,9915,10473,11619,12204,12794,13391,22056,22687,4547,5988,9024,9590,10167,11942,6495,8714,9300,9893,6687,6128,6687,7848,8444,7603,6996,2905,2678,4159,4684,5237,5810,6397,6996,7603,8034,7406,2342,2054,1949,2054,2342,3248,3787,4357,4947,5550,6162,6781,7406,7902,7262,5356,1299,1452,1837,2342,2905,3498,4108,4729,5356,6624,7821,7174,6528,5882,5237,4593,3951,2678,2054,1452,650,919,1452,2054,2678,3312,3951,4593,5237,5882,5846,4547,3897,3248,2598,1949,650,0,650,1299,1949,2598,3248,3897,4547,5196,2678,2054,1452,919,650,919,1452,2054,2678,3312,3951,4593,2905,2342,1837,1452,1299,1452,1837,2342,2905,3498,4108,4729,3248,2756,2342,2054,1949,2054,2342,2756,3248,3787,3674,3248,2905,2678,2598,2678,2905,3248,3674,4159,3787
179,12893,13327,22955,12409,12860,13809,16394,20917,21503,22094,22687,13901,14422,15494,16042,16598,17161,18303,18881,19464,20052,20643,21834,22435,13516,14052,16850,17429,18012,19192,19787,20386,21592,22199,8835,9232,9656,10104,10574,11061,11565,12082,12612,13702,15976,16560,17148,17741,19540,20146,20755,21366,21979,8318,8739,9186,9656,10146,11710,12255,15108,15697,17489,18094,19312,19925,20540,7406,7821,8267,8739,9232,9743,10270,11362,12494,14245,14840,17259,17871,18486,21592,22218,6128,6495,6905,7349,8835,9368,9915,11042,11619,12204,12794,21425,22056,4593,5588,8469,9024,9590,11344,7026,8139,8714,9300,7262,5588,6128,7262,7848,8216,7603,3248,2905,3674,4159,4684,5237,5810,6397,6996,8666,8034,2756,2342,2054,1949,2054,2756,3248,3787,4357,4947,5550,6162,6781,8543,7902,5988,1452,1299,1452,1837,2342,2905,3498,4108,4729,5988,8469,7821,7174,6528,5882,5237,4593,3312,2678,2054,919,650,919,1452,2054,2678,3312,3951,4593,5237,6495,5196,4547,3897,3248,2598,1299,650,0,650,1299,1949,2598,3248,3897,4547,3312,2678,2054,1452,919,650,919,1452,2054,2678,3312,3951,3498,2905,2342,1837,1452,1299,1452,1837,2342,2905,3498,4108,3787,3248,2756,2342,2054,1949,2054,2342,2756,3248,4159,3674,3248,2905,2678,2598,2678,2905,3248,3674,3498
180,12477,12893,22369,11977,12409,13327,15857,20334,20917,21503,22094,13391,13901,14953,15494,16042,16598,17729,18303,18881,19464,20052,21237,21834,12991,13516,16277,16850,17429,18600,19192,19787,20987,21592,8469,8835,9232,9656,10104,10574,11061,11565,12082,13152,15398,15976,16560,17148,18937,19540,20146,20755,21366,7929,8318,8739,9186,9656,11175,11710,14524,15108,16888,17489,18702,19312,19925,7026,7406,7821,8267,8739,9232,9743,10810,11924,13656,14245,16649,17259,17871,20967,21592,5810,6128,6495,6905,8318,8835,9368,10473,11042,11619,12204,20795,21425,4729,5237,7929,8469,9024,10752,7575,7575,8139,8714,7848,5073,5588,6687,7262,8835,8216,3674,3248,3248,3674,4159,4684,5237,5810,6397,9300,8666,3248,2756,2342,2054,1949,2342,2756,3248,3787,4357,4947,5550,6162,9186,8543,6624,1837,1452,1299,1452,1837,2342,2905,3498,4108,5356,9117,8469,7821,7174,6528,5882,5237,3951,3312,2678,1452,919,650,919,1452,2054,2678,3312,3951,4593,7145,5846,5196,4547,3897,3248,1949,1299,650,0,650,1299,1949,2598,3248,3897,3951,3312,2678,2054,1452,919,650,919,1452,2054,2678,3312,4108,3498,2905,2342,1837,1452,1299,1452,1837,2342,2905,3498,4357,3787,3248,2756,2342,2054,1949,2054,2342,2756,4684,4159,3674,3248,2905,2678,2598,2678,2905,3248,3312
181,12082,12477,21786,11565,11977,12860,15330,19755,20334,20917,21503,12893,13391,14422,14953,15494,16042,17161,17729,18303,18881,19464,20643,21237,12477,12991,15710,16277,16850,18012,18600,19192,20386,20987,8139,8469,8835,9232,9656,10104,10574,11061,11565,12612,14826,15398,15976,16560,18337,18937,19540,20146,20755,7575,7929,8318,8739,9186,10653,11175,13946,14524,16290,16888,18094,18702,19312,6687,7026,7406,7821,8267,8739,9232,10270,11362,13072,13656,16042,16649,17259,20344,20967,5550,5810,6128,6495,7821,8318,8835,9915,10473,11042,11619,20167,20795,4947,4947,7406,7929,8469,10167,8139,7026,7575,8139,8444,4593,5073,6128,6687,9457,8835,4159,3674,2905,3248,3674,4159,4684,5237,5810,9936,9300,3787,3248,2756,2342,2054,2054,2342,2756,3248,3787,4357,4947,5550,9829,9186,7262,2342,1837,1452,1299,1452,1837,2342,2905,3498,4729,9765,9117,8469,7821,7174,6528,5882,4593,3951,3312,2054,1452,919,650,919,1452,2054,2678,3312,3951,7794,6495,5846,5196,4547,3897,2598,1949,1299,650,0,650,1299,1949,2598,3248,4593,3951,3312,2678,2054,1452,919,650,919,1452,2054,2678,4729,4108,3498,2905,2342,1837,1452,1299,1452,1837,2342,2905,4947,4357,3787,3248,2756,2342,2054,1949,2054,2342,5237,4684,4159,3674,3248,2905,2678,2598,2678,2905,3248
182,11710,12082,21207,11175,11565,12409,14812,19181,19755,20334,20917,12409,12893,13901,14422,14953,15494,16598,17161,17729,18303,18881,20052,20643,11977,12477,15150,15710,16277,17429,18012,18600,19787,20386,7848,8139,8469,8835,9232,9656,10104,10574,11061,12082,14260,14826,15398,15976,17741,18337,18937,19540,20146,7262,7575,7929,8318,8739,10146,10653,13375,13946,15697,16290,17489,18094,18702,6397,6687,7026,7406,7821,8267,8739,9743,10810,12494,13072,15439,16042,16649,19723,20344,5356,5550,5810,6128,7349,7821,8318,9368,9915,10473,11042,19540,20167,5237,4729,6905,7406,7929,9590,8714,6495,7026,7575,9047,4159,4593,5588,6128,10084,9457,4684,4159,2678,2905,3248,3674,4159,4684,5237,10574,9936,4357,3787,3248,2756,2342,1949,2054,2342,2756,3248,3787,4357,4947,10473,9829,7902,2905,2342,1837,1452,1299,1452,1837,2342,2905,4108,10413,9765,9117,8469,7821,7174,6528,5237,4593,3951,2678,2054,1452,919,650,919,1452,2054,2678,3312,8444,7145,6495,5846,5196,4547,3248,2598,1949,1299,650,0,650,1299,1949,2598,5237,4593,3951,3312,2678,2054,1452,919,650,919,1452,2054,5356,4729,4108,3498,2905,2342,1837,1452,1299,1452,1837,2342,5550,4947,4357,3787,3248,2756,2342,2054,1949,2054,5810,5237,4684,4159,3674,3248,2905,2678,2598,2678,3312
183,11362,11710,20632,10810,11175,11977,14305,18611,19181,19755,20334,11942,12409,13391,13901,14422,14953,16042,16598,17161,17729,18303,19464,20052,11491,11977,14597,15150,15710,16850,17429,18012,19192,19787,7603,7848,8139,8469,8835,9232,9656,10104,10574,11565,13702,14260,14826,15398,17148,17741,18337,18937,19540,6996,7262,7575,7929,8318,9656,10146,12811,13375,15108,15697,16888,17489,18094,6162,6397,6687,7026,7406,7821,8267,9232,10270,11924,12494,14840,15439,16042,19103,19723,5237,5356,5550,5810,6905,7349,7821,8835,9368,9915,10473,18915,19540,5588,4593,6430,6905,7406,9024,9300,5988,6495,7026,9656,3787,4159,5073,5588,10712,10084,5237,4684,2598,2678,2905,3248,3674,4159,4684,11213,10574,4947,4357,3787,3248,2756,2054,1949,2054,2342,2756,3248,3787,4357,11118,10473,8543,3498,2905,2342,1837,1452,1299,1452,1837,2342,3498,11061,10413,9765,9117,8469,7821,7174,5882,5237,4593,3312,2678,2054,1452,919,650,919,1452,2054,2678,9094,7794,7145,6495,5846,5196,3897,3248,2598,1949,1299,650,0,650,1299,1949,5882,5237,4593,3951,3312,2678,2054,1452,919,650,919,1452,5988,5356,4729,4108,3498,2905,2342,1837,1452,1299,1452,1837,6162,5550,4947,4357,3787,3248,2756,2342,2054,1949,6397,5810,5237,4684,4159,3674,3248,2905,2678,2598,3498
184,11042,11362,20062,10473,10810,11565,13809,18047,18611,19181,19755,11491,11942,12893,13391,13901,14422,15494,16042,16598,17161,17729,18881,19464,11023,11491,14052,14597,15150,16277,16850,17429,18600,19192,7406,7603,7848,8139,8469,8835,9232,9656,10104,11061,13152,13702,14260,14826,16560,17148,17741,18337,18937,6781,6996,7262,7575,7929,9186,9656,12255,12811,14524,15108,16290,16888,17489,5988,6162,6397,6687,7026,7406,7821,8739,9743,11362,11924,14245,14840,15439,18486,19103,5196,5237,5356,5550,6495,6905,7349,8318,8835,9368,9915,18291,18915,5988,4547,5988,6430,6905,8469,9893,5511,5988,6495,10270,3498,3787,4593,5073,11344,10712,5810,5237,2678,2598,2678,2905,3248,3674,4159,11853,11213,5550,4947,4357,3787,3248,2342,2054,1949,2054,2342,2756,3248,3787,11764,11118,9186,4108,3498,2905,2342,1837,1452,1299,1452,1837,2905,11710,11061,10413,9765,9117,8469,7821,6528,5882,5237,3951,3312,2678,2054,1452,919,650,919,1452,2054,9743,8444,7794,7145,6495,5846,4547,3897,3248,2598,1949,1299,650,0,650,1299,6528,5882,5237,4593,3951,3312,2678,2054,1452,919,650,919,6624,5988,5356,4729,4108,3498,2905,2342,1837,1452,1299,1452,6781,6162,5550,4947,4357,3787,3248,2756,2342,2054,6996,6397,5810,5237,4684,4159,3674,3248,2905,2678,3787
185,10752,11042,19497,10167,10473,11175,13327,17489,18047,18611,19181,11061,11491,12409,12893,13391,13901,14953,15494,16042,16598,17161,18303,18881,10574,11023,13516,14052,14597,15710,16277,16850,18012,18600,7262,7406,7603,7848,8139,8469,8835,9232,9656,10574,12612,13152,13702,14260,15976,16560,17148,17741,18337,6624,6781,6996,7262,7575,8739,9186,11710,12255,13946,14524,15697,16290,16888,5882,5988,6162,6397,6687,7026,7406,8267,9232,10810,11362,13656,14245,14840,17871,18486,5237,5196,5237,5356,6128,6495,6905,7821,8318,8835,9368,17669,18291,6430,4593,5588,5988,6430,7929,10494,5073,5511,5988,10888,3312,3498,4159,4593,11977,11344,6397,5810,2905,2678,2598,2678,2905,3248,3674,12494,11853,6162,5550,4947,4357,3787,2756,2342,2054,1949,2054,2342,2756,3248,12409,11764,9829,4729,4108,3498,2905,2342,1837,1452,1299,1452,2342,12358,11710,11061,10413,9765,9117,8469,7174,6528,5882,4593,3951,3312,2678,2054,1452,919,650,919,1452,10393,9094,8444,7794,7145,6495,5196,4547,3897,3248,2598,1949,1299,650,0,650,7174,6528,5882,5237,4593,3951,3312,2678,2054,1452,919,650,7262,6624,5988,5356,4729,4108,3498,2905,2342,1837,1452,1299,7406,6781,6162,5550,4947,4357,3787,3248,2756,2342,7603,6996,6397,5810,5237,4684,4159,3674,3248,2905,4159
186,10494,10752,18937,9893,10167,10810,12860,16938,17489,18047,18611,10653,11061,11942,12409,12893,13391,14422,14953,15494,16042,16598,17729,18303,10146,10574,12991,13516,14052,15150,15710,16277,17429,18012,7174,7262,7406,7603,7848,8139,8469,8835,9232,10104,12082,12612,13152,13702,15398,15976,16560,17148,17741,6528,6624,6781,6996,7262,8318,8739,11175,11710,13375,13946,15108,15697,16290,5846,5882,5988,6162,6397,6687,7026,7821,8739,10270,10810,13072,13656,14245,17259,17871,5356,5237,5196,5237,5810,6128,6495,7349,7821,8318,8835,17050,17669,6905,4729,5237,5588,5988,7406,11099,4684,5073,5511,11510,3248,3312,3787,4159,12612,11977,6996,6397,3248,2905,2678,2598,2678,2905,3248,13136,12494,6781,6162,5550,4947,4357,3248,2756,2342,2054,1949,2054,2342,2756,13056,12409,10473,5356,4729,4108,3498,2905,2342,1837,1452,1299,1837,13007,12358,11710,11061,10413,9765,9117,7821,7174,6528,5237,4593,3951,3312,2678,2054,1452,919,650,919,11042,9743,9094,8444,7794,7145,5846,5196,4547,3897,3248,2598,1949,1299,650,0,7821,7174,6528,5882,5237,4593,3951,3312,2678,2054,1452,919,7902,7262,6624,5988,5356,4729,4108,3498,2905,2342,1837,1452,8034,7406,6781,6162,5550,4947,4357,3787,3248,2756,8216,7603,6996,6397,5810,5237,4684,4159,3674,3248,4593
187,15643,16134,26184,15219,15724,16763,19497,24138,24734,25332,25933,16938,17489,18611,19181,19755,20334,21503,22094,22687,23284,23883,25089,25696,16598,17161,20052,20643,21237,22435,23038,23643,24861,25473,11491,11977,12477,12991,13516,14052,14597,15150,15710,16850,19192,19787,20386,20987,22808,23419,24033,24648,25265,11061,11565,12082,12612,13152,14826,15398,18337,18937,20755,21366,22594,23211,23830,10146,10653,11175,11710,12255,12811,13375,14524,15697,17489,18094,20540,21157,21776,24895,25523,8739,9232,9743,10270,11924,12494,13072,14245,14840,15439,16042,24734,25365,5810,8318,11619,12204,12794,14597,5237,11344,11942,12545,5073,8714,9300,10494,11099,5588,5073,3498,3787,6687,7262,7848,8444,9047,9656,10270,5810,5237,2905,3248,3674,4159,4684,5810,6397,6996,7603,8216,8835,9457,10084,5550,4947,3248,3248,3787,4357,4947,5550,6162,6781,7406,8034,9300,5356,4729,4108,3498,2905,2342,1837,1299,1452,1837,2905,3498,4108,4729,5356,5988,6624,7262,7902,8543,3312,2054,1452,919,650,919,2054,2678,3312,3951,4593,5237,5882,6528,7174,7821,0,650,1299,1949,2598,3248,3897,4547,5196,5846,6495,7145,650,919,1452,2054,2678,3312,3951,4593,5237,5882,6528,7174,1299,1452,1837,2342,2905,3498,4108,4729,5356,5988,1949,2054,2342,2756,3248,3787,4357,4947,5550,6162,5237
188,15164,15643,25589,14726,15219,16238,18937,23545,24138,24734,25332,16394,16938,18047,18611,19181,19755,20917,21503,22094,22687,23284,24485,25089,16042,16598,19464,20052,20643,21834,22435,23038,24251,24861,11023,11491,11977,12477,12991,13516,14052,14597,15150,16277,18600,19192,19787,20386,22199,22808,23419,24033,24648,10574,11061,11565,12082,12612,14260,14826,17741,18337,20146,20755,21979,22594,23211,9656,10146,10653,11175,11710,12255,12811,13946,15108,16888,17489,19925,20540,21157,24269,24895,8267,8739,9232,9743,11362,11924,12494,13656,14245,14840,15439,24103,24734,5550,7821,11042,11619,12204,13991,5588,10752,11344,11942,5511,8139,8714,9893,10494,6128,5588,3312,3498,6128,6687,7262,7848,8444,9047,9656,6397,5810,2678,2905,3248,3674,4159,5237,5810,6397,6996,7603,8216,8835,9457,6162,5550,3787,2756,3248,3787,4357,4947,5550,6162,6781,7406,8666,5988,5356,4729,4108,3498,2905,2342,1452,1299,1452,2342,2905,3498,4108,4729,5356,5988,6624,7262,7902,3951,2678,2054,1452,919,650,1452,2054,2678,3312,3951,4593,5237,5882,6528,7174,650,0,650,1299,1949,2598,3248,3897,4547,5196,5846,6495,919,650,919,1452,2054,2678,3312,3951,4593,5237,5882,6528,1452,1299,1452,1837,2342,2905,3498,4108,4729,5356,2054,1949,2054,2342,2756,3248,3787,4357,4947,5550,4684
189,14697,15164,24997,14245,14726,15724,18383,22955,23545,24138,24734,15857,16394,17489,18047,18611,19181,20334,20917,21503,22094,22687,23883,24485,15494,16042,18881,19464,20052,21237,21834,22435,23643,24251,10574,11023,11491,11977,12477,12991,13516,14052,14597,15710,18012,18600,19192,19787,21592,22199,22808,23419,24033,10104,10574,11061,11565,12082,13702,14260,17148,17741,19540,20146,21366,21979,22594,9186,9656,10146,10653,11175,11710,12255,13375,14524,16290,16888,19312,19925,20540,23643,24269,7821,8267,8739,9232,10810,11362,11924,13072,13656,14245,14840,23473,24103,5356,7349,10473,11042,11619,13391,5988,10167,10752,11344,5988,7575,8139,9300,9893,6687,6128,3248,3312,5588,6128,6687,7262,7848,8444,9047,6996,6397,2598,2678,2905,3248,3674,4684,5237,5810,6397,6996,7603,8216,8835,6781,6162,4357,2342,2756,3248,3787,4357,4947,5550,6162,6781,8034,6624,5988,5356,4729,4108,3498,2905,1837,1452,1299,1837,2342,2905,3498,4108,4729,5356,5988,6624,7262,4593,3312,2678,2054,1452,919,919,1452,2054,2678,3312,3951,4593,5237,5882,6528,1299,650,0,650,1299,1949,2598,3248,3897,4547,5196,5846,1452,919,650,919,1452,2054,2678,3312,3951,4593,5237,5882,1837,1452,1299,1452,1837,2342,2905,3498,4108,4729,2342,2054,1949,2054,2342,2756,3248,3787,4357,4947,4159
190,14245,14697,24407,13779,14245,15219,17836,22369,22955,23545,24138,15330,15857,16938,17489,18047,18611,19755,20334,20917,21503,22094,23284,23883,14953,15494,18303,18881,19464,20643,21237,21834,23038,23643,10146,10574,11023,11491,11977,12477,12991,13516,14052,15150,17429,18012,18600,19192,20987,21592,22199,22808,23419,9656,10104,10574,11061,11565,13152,13702,16560,17148,18937,19540,20755,21366,21979,8739,9186,9656,10146,10653,11175,11710,12811,13946,15697,16290,18702,19312,19925,23020,23643,7406,7821,8267,8739,10270,10810,11362,12494,13072,13656,14245,22845,23473,5237,6905,9915,10473,11042,12794,6430,9590,10167,10752,6495,7026,7575,8714,9300,7262,6687,3312,3248,5073,5588,6128,6687,7262,7848,8444,7603,6996,2678,2598,2678,2905,3248,4159,4684,5237,5810,6397,6996,7603,8216,7406,6781,4947,2054,2342,2756,3248,3787,4357,4947,5550,6162,7406,7262,6624,5988,5356,4729,4108,3498,2342,1837,1452,1452,1837,2342,2905,3498,4108,4729,5356,5988,6624,5237,3951,3312,2678,2054,1452,650,919,1452,2054,2678,3312,3951,4593,5237,5882,1949,1299,650,0,650,1299,1949,2598,3248,3897,4547,5196,2054,1452,919,650,919,1452,2054,2678,3312,3951,4593,5237,2342,1837,1452,1299,1452,1837,2342,2905,3498,4108,2756,2342,2054,1949,2054,2342,2756,3248,3787,4357,3674
191,13809,14245,23821,13327,13779,14726,17295,21786,22369,22955,23545,14812,15330,16394,16938,17489,18047,19181,19755,20334,20917,21503,22687,23284,14422,14953,17729,18303,18881,20052,20643,21237,22435,23038,9743,10146,10574,11023,11491,11977,12477,12991,13516,14597,16850,17429,18012,18600,20386,20987,21592,22199,22808,9232,9656,10104,10574,11061,12612,13152,15976,16560,18337,18937,20146,20755,21366,8318,8739,9186,9656,10146,10653,11175,12255,13375,15108,15697,18094,18702,19312,22397,23020,7026,7406,7821,8267,9743,10270,10810,11924,12494,13072,13656,22218,22845,5196,6495,9368,9915,10473,12204,6905,9024,9590,10167,7026,6495,7026,8139,8714,7848,7262,3498,3312,4593,5073,5588,6128,6687,7262,7848,8216,7603,2905,2678,2598,2678,2905,3674,4159,4684,5237,5810,6397,6996,7603,8034,7406,5550,1949,2054,2342,2756,3248,3787,4357,4947,5550,6781,7902,7262,6624,5988,5356,4729,4108,2905,2342,1837,1299,1452,1837,2342,2905,3498,4108,4729,5356,5988,5882,4593,3951,3312,2678,2054,919,650,919,1452,2054,2678,3312,3951,4593,5237,2598,1949,1299,650,0,650,1299,1949,2598,3248,3897,4547,2678,2054,1452,919,650,919,1452,2054,2678,3312,3951,4593,2905,2342,1837,1452,1299,1452,1837,2342,2905,3498,3248,2756,2342,2054,1949,2054,2342,2756,3248,3787,3248
192,13391,13809,23239,12893,13327,14245,16763,21207,21786,22369,22955,14305,14812,15857,16394,16938,17489,18611,19181,19755,20334,20917,22094,22687,13901,14422,17161,17729,18303,19464,20052,20643,21834,22435,9368,9743,10146,10574,11023,11491,11977,12477,12991,14052,16277,16850,17429,18012,19787,20386,20987,21592,22199,8835,9232,9656,10104,10574,12082,12612,15398,15976,17741,18337,19540,20146,20755,7929,8318,8739,9186,9656,10146,10653,11710,12811,14524,15108,17489,18094,18702,21776,22397,6687,7026,7406,7821,9232,9743,10270,11362,11924,12494,13072,21592,22218,5237,6128,8835,9368,9915,11619,7406,8469,9024,9590,7575,5988,6495,7575,8139,8444,7848,3787,3498,4159,4593,5073,5588,6128,6687,7262,8835,8216,3248,2905,2678,2598,2678,3248,3674,4159,4684,5237,5810,6397,6996,8666,8034,6162,2054,1949,2054,2342,2756,3248,3787,4357,4947,6162,8543,7902,7262,6624,5988,5356,4729,3498,2905,2342,1452,1299,1452,1837,2342,2905,3498,4108,4729,5356,6528,5237,4593,3951,3312,2678,1452,919,650,919,1452,2054,2678,3312,3951,4593,3248,2598,1949,1299,650,0,650,1299,1949,2598,3248,3897,3312,2678,2054,1452,919,650,919,1452,2054,2678,3312,3951,3498,2905,2342,1837,1452,1299,1452,1837,2342,2905,3787,3248,2756,2342,2054,1949,2054,2342,2756,3248,2905
193,12991,13391,22659,12477,12893,13779,16238,20632,21207,21786,22369,13809,14305,15330,15857,16394,16938,18047,18611,19181,19755,20334,21503,22094,13391,13901,16598,17161,17729,18881,19464,20052,21237,21834,9024,9368,9743,10146,10574,11023,11491,11977,12477,13516,15710,16277,16850,17429,19192,19787,20386,20987,21592,8469,8835,9232,9656,10104,11565,12082,14826,15398,17148,17741,18937,19540,20146,7575,7929,8318,8739,9186,9656,10146,11175,12255,13946,14524,16888,17489,18094,21157,21776,6397,6687,7026,7406,8739,9232,9743,10810,11362,11924,12494,20967,21592,5356,5810,8318,8835,9368,11042,7929,7929,8469,9024,8139,5511,5988,7026,7575,9047,8444,4159,3787,3787,4159,4593,5073,5588,6128,6687,9457,8835,3674,3248,2905,2678,2598,2905,3248,3674,4159,4684,5237,5810,6397,9300,8666,6781,2342,2054,1949,2054,2342,2756,3248,3787,4357,5550,9186,8543,7902,7262,6624,5988,5356,4108,3498,2905,1837,1452,1299,1452,1837,2342,2905,3498,4108,4729,7174,5882,5237,4593,3951,3312,2054,1452,919,650,919,1452,2054,2678,3312,3951,3897,3248,2598,1949,1299,650,0,650,1299,1949,2598,3248,3951,3312,2678,2054,1452,919,650,919,1452,2054,2678,3312,4108,3498,2905,2342,1837,1452,1299,1452,1837,2342,4357,3787,3248,2756,2342,2054,1949,2054,2342,2756,2678
194,12612,12991,22084,12082,12477,13327,15724,20062,20632,21207,21786,13327,13809,14812,15330,15857,16394,17489,18047,18611,19181,19755,20917,21503,12893,13391,16042,16598,17161,18303,18881,19464,20643,21237,8714,9024,9368,9743,10146,10574,11023,11491,11977,12991,15150,15710,16277,16850,18600,19192,19787,20386,20987,8139,8469,8835,9232,9656,11061,11565,14260,14826,16560,17148,18337,18937,19540,7262,7575,7929,8318,8739,9186,9656,10653,11710,13375,13946,16290,16888,17489,20540,21157,6162,6397,6687,7026,8267,8739,9232,10270,10810,11362,11924,20344,20967,5550,5550,7821,8318,8835,10473,8469,7406,7929,8469,8714,5073,5511,6495,7026,9656,9047,4593,4159,3498,3787,4159,4593,5073,5588,6128,10084,9457,4159,3674,3248,2905,2678,2678,2905,3248,3674,4159,4684,5237,5810,9936,9300,7406,2756,2342,2054,1949,2054,2342,2756,3248,3787,4947,9829,9186,8543,7902,7262,6624,5988,4729,4108,3498,2342,1837,1452,1299,1452,1837,2342,2905,3498,4108,7821,6528,5882,5237,4593,3951,2678,2054,1452,919,650,919,1452,2054,2678,3312,4547,3897,3248,2598,1949,1299,650,0,650,1299,1949,2598,4593,3951,3312,2678,2054,1452,919,650,919,1452,2054,2678,4729,4108,3498,2905,2342,1837,1452,1299,1452,1837,4947,4357,3787,3248,2756,2342,2054,1949,2054,2342,2598
195,12255,12612,21513,11710,12082,12893,15219,19497,20062,20632,21207,12860,13327,14305,14812,15330,15857,16938,17489,18047,18611,19181,20334,20917,12409,12893,15494,16042,16598,17729,18303,18881,20052,20643,8444,8714,9024,9368,9743,10146,10574,11023,11491,12477,14597,15150,15710,16277,18012,18600,19192,19787,20386,7848,8139,8469,8835,9232,10574,11061,13702,14260,15976,16560,17741,18337,18937,6996,7262,7575,7929,8318,8739,9186,10146,11175,12811,13375,15697,16290,16888,19925,20540,5988,6162,6397,6687,7821,8267,8739,9743,10270,10810,11362,19723,20344,5810,5356,7349,7821,8318,9915,9024,6905,7406,7929,9300,4684,5073,5988,6495,10270,9656,5073,4593,3312,3498,3787,4159,4593,5073,5588,10712,10084,4684,4159,3674,3248,2905,2598,2678,2905,3248,3674,4159,4684,5237,10574,9936,8034,3248,2756,2342,2054,1949,2054,2342,2756,3248,4357,10473,9829,9186,8543,7902,7262,6624,5356,4729,4108,2905,2342,1837,1452,1299,1452,1837,2342,2905,3498,8469,7174,6528,5882,5237,4593,3312,2678,2054,1452,919,650,919,1452,2054,2678,5196,4547,3897,3248,2598,1949,1299,650,0,650,1299,1949,5237,4593,3951,3312,2678,2054,1452,919,650,919,1452,2054,5356,4729,4108,3498,2905,2342,1837,1452,1299,1452,5550,4947,4357,3787,3248,2756,2342,2054,1949,2054,2678
196,11924,12255,20947,11362,11710,12477,14726,18937,19497,20062,20632,12409,12860,13809,14305,14812,15330,16394,16938,17489,18047,18611,19755,20334,11942,12409,14953,15494,16042,17161,17729,18303,19464,20052,8216,8444,8714,9024,9368,9743,10146,10574,11023,11977,14052,14597,15150,15710,17429,18012,18600,19192,19787,7603,7848,8139,8469,8835,10104,10574,13152,13702,15398,15976,17148,17741,18337,6781,6996,7262,7575,7929,8318,8739,9656,10653,12255,12811,15108,15697,16290,19312,19925,5882,5988,6162,6397,7406,7821,8267,9232,9743,10270,10810,19103,19723,6128,5237,6905,7349,7821,9368,9590,6430,6905,7406,9893,4357,4684,5511,5988,10888,10270,5588,5073,3248,3312,3498,3787,4159,4593,5073,11344,10712,5237,4684,4159,3674,3248,2678,2598,2678,2905,3248,3674,4159,4684,11213,10574,8666,3787,3248,2756,2342,2054,1949,2054,2342,2756,3787,11118,10473,9829,9186,8543,7902,7262,5988,5356,4729,3498,2905,2342,1837,1452,1299,1452,1837,2342,2905,9117,7821,7174,6528,5882,5237,3951,3312,2678,2054,1452,919,650,919,1452,2054,5846,5196,4547,3897,3248,2598,1949,1299,650,0,650,1299,5882,5237,4593,3951,3312,2678,2054,1452,919,650,919,1452,5988,5356,4729,4108,3498,2905,2342,1837,1452,1299,6162,5550,4947,4357,3787,3248,2756,2342,2054,1949,2905
197,11619,11924,20386,11042,11362,12082,14245,18383,18937,19497,20062,11977,12409,13327,13809,14305,14812,15857,16394,16938,17489,18047,19181,19755,11491,11942,14422,14953,15494,16598,17161,17729,18881,19464,8034,8216,8444,8714,9024,9368,9743,10146,10574,11491,13516,14052,14597,15150,16850,17429,18012,18600,19192,7406,7603,7848,8139,8469,9656,10104,12612,13152,14826,15398,16560,17148,17741,6624,6781,6996,7262,7575,7929,8318,9186,10146,11710,12255,14524,15108,15697,18702,19312,5846,5882,5988,6162,7026,7406,7821,8739,9232,9743,10270,18486,19103,6495,5196,6495,6905,7349,8835,10167,5988,6430,6905,10494,4108,4357,5073,5511,11510,10888,6128,5588,3312,3248,3312,3498,3787,4159,4593,11977,11344,5810,5237,4684,4159,3674,2905,2678,2598,2678,2905,3248,3674,4159,11853,11213,9300,4357,3787,3248,2756,2342,2054,1949,2054,2342,3248,11764,11118,10473,9829,9186,8543,7902,6624,5988,5356,4108,3498,2905,2342,1837,1452,1299,1452,1837,2342,9765,8469,7821,7174,6528,5882,4593,3951,3312,2678,2054,1452,919,650,919,1452,6495,5846,5196,4547,3897,3248,2598,1949,1299,650,0,650,6528,5882,5237,4593,3951,3312,2678,2054,1452,919,650,919,6624,5988,5356,4729,4108,3498,2905,2342,1837,1452,6781,6162,5550,4947,4357,3787,3248,2756,2342,2054,3248
198,11344,11619,19829,10752,11042,11710,13779,17836,18383,18937,19497,11565,11977,12860,13327,13809,14305,15330,15857,16394,16938,17489,18611,19181,11061,11491,13901,14422,14953,16042,16598,17161,18303,18881,7902,8034,8216,8444,8714,9024,9368,9743,10146,11023,12991,13516,14052,14597,16277,16850,17429,18012,18600,7262,7406,7603,7848,8139,9232,9656,12082,12612,14260,14826,15976,16560,17148,6528,6624,6781,6996,7262,7575,7929,8739,9656,11175,11710,13946,14524,15108,18094,18702,5882,5846,5882,5988,6687,7026,7406,8267,8739,9232,9743,17871,18486,6905,5237,6128,6495,6905,8318,10752,5588,5988,6430,11099,3951,4108,4684,5073,12134,11510,6687,6128,3498,3312,3248,3312,3498,3787,4159,12612,11977,6397,5810,5237,4684,4159,3248,2905,2678,2598,2678,2905,3248,3674,12494,11853,9936,4947,4357,3787,3248,2756,2342,2054,1949,2054,2756,12409,11764,11118,10473,9829,9186,8543,7262,6624,5988,4729,4108,3498,2905,2342,1837,1452,1299,1452,1837,10413,9117,8469,7821,7174,6528,5237,4593,3951,3312,2678,2054,1452,919,650,919,7145,6495,5846,5196,4547,3897,3248,2598,1949,1299,650,0,7174,6528,5882,5237,4593,3951,3312,2678,2054,1452,919,650,7262,6624,5988,5356,4729,4108,3498,2905,2342,1837,7406,6781,6162,5550,4947,4357,3787,3248,2756,2342,3674
199,16082,16560,26448,15643,16134,17148,19829,24407,24997,25589,26184,17295,17836,18937,19497,20062,20632,21786,22369,22955,23545,24138,25332,25933,16938,17489,20334,20917,21503,22687,23284,23883,25089,25696,11942,12409,12893,13391,13901,14422,14953,15494,16042,17161,19464,20052,20643,21237,23038,23643,24251,24861,25473,11491,11977,12477,12991,13516,15150,15710,18600,19192,20987,21592,22808,23419,24033,10574,11061,11565,12082,12612,13152,13702,14826,15976,17741,18337,20755,21366,21979,25072,25696,9186,9656,10146,10653,12255,12811,13375,14524,15108,15697,16290,24895,25523,6397,8739,11924,12494,13072,14840,5810,11619,12204,12794,5588,9024,9590,10752,11344,5988,5511,4108,4357,7026,7575,8139,8714,9300,9893,10494,6128,5588,3498,3787,4159,4593,5073,6128,6687,7262,7848,8444,9047,9656,10270,5810,5237,3674,3674,4159,4684,5237,5810,6397,6996,7603,8216,9457,5550,4947,4357,3787,3248,2756,2342,1949,2054,2342,3248,3787,4357,4947,5550,6162,6781,7406,8034,8666,3498,2342,1837,1452,1299,1452,2342,2905,3498,4108,4729,5356,5988,6624,7262,7902,650,919,1452,2054,2678,3312,3951,4593,5237,5882,6528,7174,0,650,1299,1949,2598,3248,3897,4547,5196,5846,6495,7145,650,919,1452,2054,2678,3312,3951,4593,5237,5882,1299,1452,1837,2342,2905,3498,4108,4729,5356,5988,4947
200,15616,16082,25859,15164,15643,16636,19279,23821,24407,24997,25589,16763,17295,18383,18937,19497,20062,21207,21786,22369,22955,23545,24734,25332,16394,16938,19755,20334,20917,22094,22687,23284,24485,25089,11491,11942,12409,12893,13391,13901,14422,14953,15494,16598,18881,19464,20052,20643,22435,23038,23643,24251,24861,11023,11491,11977,12477,12991,14597,15150,18012,18600,20386,20987,22199,22808,23419,10104,10574,11061,11565,12082,12612,13152,14260,15398,17148,17741,20146,20755,21366,24451,25072,8739,9186,9656,10146,11710,12255,12811,13946,14524,15108,15697,24269,24895,6162,8267,11362,11924,12494,14245,6128,11042,11619,12204,5988,8469,9024,10167,10752,6495,5988,3951,4108,6495,7026,7575,8139,8714,9300,9893,6687,6128,3312,3498,3787,4159,4593,5588,6128,6687,7262,7848,8444,9047,9656,6397,5810,4159,3248,3674,4159,4684,5237,5810,6397,6996,7603,8835,6162,5550,4947,4357,3787,3248,2756,2054,1949,2054,2756,3248,3787,4357,4947,5550,6162,6781,7406,8034,4108,2905,2342,1837,1452,1299,1837,2342,2905,3498,4108,4729,5356,5988,6624,7262,919,650,919,1452,2054,2678,3312,3951,4593,5237,5882,6528,650,0,650,1299,1949,2598,3248,3897,4547,5196,5846,6495,919,650,919,1452,2054,2678,3312,3951,4593,5237,1452,1299,1452,1837,2342,2905,3498,4108,4729,5356,4357
201,15164,15616,25274,14697,15164,16134,18735,23239,23821,24407,24997,16238,16763,17836,18383,18937,19497,20632,21207,21786,22369,22955,24138,24734,15857,16394,19181,19755,20334,21503,22094,22687,23883,24485,11061,11491,11942,12409,12893,13391,13901,14422,14953,16042,18303,18881,19464,20052,21834,22435,23038,23643,24251,10574,11023,11491,11977,12477,14052,14597,17429,18012,19787,20386,21592,22199,22808,9656,10104,10574,11061,11565,12082,12612,13702,14826,16560,17148,19540,20146,20755,23830,24451,8318,8739,9186,9656,11175,11710,12255,13375,13946,14524,15108,23643,24269,5988,7821,10810,11362,11924,13656,6495,10473,11042,11619,6430,7929,8469,9590,10167,7026,6495,3897,3951,5988,6495,7026,7575,8139,8714,9300,7262,6687,3248,3312,3498,3787,4159,5073,5588,6128,6687,7262,7848,8444,9047,6996,6397,4684,2905,3248,3674,4159,4684,5237,5810,6397,6996,8216,6781,6162,5550,4947,4357,3787,3248,2342,2054,1949,2342,2756,3248,3787,4357,4947,5550,6162,6781,7406,4729,3498,2905,2342,1837,1452,1452,1837,2342,2905,3498,4108,4729,5356,5988,6624,1452,919,650,919,1452,2054,2678,3312,3951,4593,5237,5882,1299,650,0,650,1299,1949,2598,3248,3897,4547,5196,5846,1452,919,650,919,1452,2054,2678,3312,3951,4593,1837,1452,1299,1452,1837,2342,2905,3498,4108,4729,3787
202,14726,15164,24691,14245,14697,15643,18199,22659,23239,23821,24407,15724,16238,17295,17836,18383,18937,20062,20632,21207,21786,22369,23545,24138,15330,15857,18611,19181,19755,20917,21503,22094,23284,23883,10653,11061,11491,11942,12409,12893,13391,13901,14422,15494,17729,18303,18881,19464,21237,21834,22435,23038,23643,10146,10574,11023,11491,11977,13516,14052,16850,17429,19192,19787,20987,21592,22199,9232,9656,10104,10574,11061,11565,12082,13152,14260,15976,16560,18937,19540,20146,23211,23830,7929,8318,8739,9186,10653,11175,11710,12811,13375,13946,14524,23020,23643,5882,7406,10270,10810,11362,13072,6905,9915,10473,11042,6905,7406,7929,9024,9590,7575,7026,3951,3897,5511,5988,6495,7026,7575,8139,8714,7848,7262,3312,3248,3312,3498,3787,4593,5073,5588,6128,6687,7262,7848,8444,7603,6996,5237,2678,2905,3248,3674,4159,4684,5237,5810,6397,7603,7406,6781,6162,5550,4947,4357,3787,2756,2342,2054,2054,2342,2756,3248,3787,4357,4947,5550,6162,6781,5356,4108,3498,2905,2342,1837,1299,1452,1837,2342,2905,3498,4108,4729,5356,5988,2054,1452,919,650,919,1452,2054,2678,3312,3951,4593,5237,1949,1299,650,0,650,1299,1949,2598,3248,3897,4547,5196,2054,1452,919,650,919,1452,2054,2678,3312,3951,2342,1837,1452,1299,1452,1837,2342,2905,3498,4108,3248
203,14305,14726,24112,13809,14245,15164,17669,22084,22659,23239,23821,15219,15724,16763,17295,17836,18383,19497,20062,20632,21207,21786,22955,23545,14812,15330,18047,18611,19181,20334,20917,21503,22687,23284,10270,10653,11061,11491,11942,12409,12893,13391,13901,14953,17161,17729,18303,18881,20643,21237,21834,22435,23038,9743,10146,10574,11023,11491,12991,13516,16277,16850,18600,19192,20386,20987,21592,8835,9232,9656,10104,10574,11061,11565,12612,13702,15398,15976,18337,18937,19540,22594,23211,7575,7929,8318,8739,10146,10653,11175,12255,12811,13375,13946,22397,23020,5846,7026,9743,10270,10810,12494,7349,9368,9915,10473,7406,6905,7406,8469,9024,8139,7575,4108,3951,5073,5511,5988,6495,7026,7575,8139,8444,7848,3498,3312,3248,3312,3498,4159,4593,5073,5588,6128,6687,7262,7848,8216,7603,5810,2598,2678,2905,3248,3674,4159,4684,5237,5810,6996,8034,7406,6781,6162,5550,4947,4357,3248,2756,2342,1949,2054,2342,2756,3248,3787,4357,4947,5550,6162,5988,4729,4108,3498,2905,2342,1452,1299,1452,1837,2342,2905,3498,4108,4729,5356,2678,2054,1452,919,650,919,1452,2054,2678,3312,3951,4593,2598,1949,1299,650,0,650,1299,1949,2598,3248,3897,4547,2678,2054,1452,919,650,919,1452,2054,2678,3312,2905,2342,1837,1452,1299,1452,1837,2342,2905,3498,2756
204,13901,14305,23536,13391,13809,14697,17148,21513,22084,22659,23239,14726,15219,16238,16763,17295,17836,18937,19497,20062,20632,21207,22369,22955,14305,14812,17489,18047,18611,19755,20334,20917,22094,22687,9915,10270,10653,11061,11491,11942,12409,12893,13391,14422,16598,17161,17729,18303,20052,20643,21237,21834,22435,9368,9743,10146,10574,11023,12477,12991,15710,16277,18012,18600,19787,20386,20987,8469,8835,9232,9656,10104,10574,11061,12082,13152,14826,15398,17741,18337,18937,21979,22594,7262,7575,7929,8318,9656,10146,10653,11710,12255,12811,13375,21776,22397,5882,6687,9232,9743,10270,11924,7821,8835,9368,9915,7929,6430,6905,7929,8469,8714,8139,4357,4108,4684,5073,5511,5988,6495,7026,7575,9047,8444,3787,3498,3312,3248,3312,3787,4159,4593,5073,5588,6128,6687,7262,8835,8216,6397,2678,2598,2678,2905,3248,3674,4159,4684,5237,6397,8666,8034,7406,6781,6162,5550,4947,3787,3248,2756,2054,1949,2054,2342,2756,3248,3787,4357,4947,5550,6624,5356,4729,4108,3498,2905,1837,1452,1299,1452,1837,2342,2905,3498,4108,4729,3312,2678,2054,1452,919,650,919,1452,2054,2678,3312,3951,3248,2598,1949,1299,650,0,650,1299,1949,2598,3248,3897,3312,2678,2054,1452,919,650,919,1452,2054,2678,3498,2905,2342,1837,1452,1299,1452,1837,2342,2905,2342
205,13516,13901,22965,12991,13391,14245,16636,20947,21513,22084,22659,14245,14726,15724,16238,16763,17295,18383,18937,19497,20062,20632,21786,22369,13809,14305,16938,17489,18047,19181,19755,20334,21503,22094,9590,9915,10270,10653,11061,11491,11942,12409,12893,13901,16042,16598,17161,17729,19464,20052,20643,21237,21834,9024,9368,9743,10146,10574,11977,12477,15150,15710,17429,18012,19192,19787,20386,8139,8469,8835,9232,9656,10104,10574,11565,12612,14260,14826,17148,17741,18337,21366,21979,6996,7262,7575,7929,9186,9656,10146,11175,11710,12255,12811,21157,21776,5988,6397,8739,9232,9743,11362,8318,8318,8835,9368,8469,5988,6430,7406,7929,9300,8714,4684,4357,4357,4684,5073,5511,5988,6495,7026,9656,9047,4159,3787,3498,3312,3248,3498,3787,4159,4593,5073,5588,6128,6687,9457,8835,6996,2905,2678,2598,2678,2905,3248,3674,4159,4684,5810,9300,8666,8034,7406,6781,6162,5550,4357,3787,3248,2342,2054,1949,2054,2342,2756,3248,3787,4357,4947,7262,5988,5356,4729,4108,3498,2342,1837,1452,1299,1452,1837,2342,2905,3498,4108,3951,3312,2678,2054,1452,919,650,919,1452,2054,2678,3312,3897,3248,2598,1949,1299,650,0,650,1299,1949,2598,3248,3951,3312,2678,2054,1452,919,650,919,1452,2054,4108,3498,2905,2342,1837,1452,1299,1452,1837,2342,2054
206,13152,13516,22397,12612,12991,13809,16134,20386,20947,21513,22084,13779,14245,15219,15724,16238,16763,17836,18383,18937,19497,20062,21207,21786,13327,13809,16394,16938,17489,18611,19181,19755,20917,21503,9300,9590,9915,10270,10653,11061,11491,11942,12409,13391,15494,16042,16598,17161,18881,19464,20052,20643,21237,8714,9024,9368,9743,10146,11491,11977,14597,15150,16850,17429,18600,19192,19787,7848,8139,8469,8835,9232,9656,10104,11061,12082,13702,14260,16560,17148,17741,20755,21366,6781,6996,7262,7575,8739,9186,9656,10653,11175,11710,12255,20540,21157,6162,6162,8267,8739,9232,10810,8835,7821,8318,8835,9024,5588,5988,6905,7406,9893,9300,5073,4684,4108,4357,4684,5073,5511,5988,6495,10270,9656,4593,4159,3787,3498,3312,3312,3498,3787,4159,4593,5073,5588,6128,10084,9457,7603,3248,2905,2678,2598,2678,2905,3248,3674,4159,5237,9936,9300,8666,8034,7406,6781,6162,4947,4357,3787,2756,2342,2054,1949,2054,2342,2756,3248,3787,4357,7902,6624,5988,5356,4729,4108,2905,2342,1837,1452,1299,1452,1837,2342,2905,3498,4593,3951,3312,2678,2054,1452,919,650,919,1452,2054,2678,4547,3897,3248,2598,1949,1299,650,0,650,1299,1949,2598,4593,3951,3312,2678,2054,1452,919,650,919,1452,4729,4108,3498,2905,2342,1837,1452,1299,1452,1837,1949
207,12811,13152,21834,12255,12612,13391,15643,19829,20386,20947,21513,13327,13779,14726,15219,15724,16238,17295,17836,18383,18937,19497,20632,21207,12860,13327,15857,16394,16938,18047,18611,19181,20334,20917,9047,9300,9590,9915,10270,10653,11061,11491,11942,12893,14953,15494,16042,16598,18303,18881,19464,20052,20643,8444,8714,9024,9368,9743,11023,11491,14052,14597,16277,16850,18012,18600,19192,7603,7848,8139,8469,8835,9232,9656,10574,11565,13152,13702,15976,16560,17148,20146,20755,6624,6781,6996,7262,8318,8739,9186,10146,10653,11175,11710,19925,20540,6397,5988,7821,8267,8739,10270,9368,7349,7821,8318,9590,5237,5588,6430,6905,10494,9893,5511,5073,3951,4108,4357,4684,5073,5511,5988,10888,10270,5073,4593,4159,3787,3498,3248,3312,3498,3787,4159,4593,5073,5588,10712,10084,8216,3674,3248,2905,2678,2598,2678,2905,3248,3674,4684,10574,9936,9300,8666,8034,7406,6781,5550,4947,4357,3248,2756,2342,2054,1949,2054,2342,2756,3248,3787,8543,7262,6624,5988,5356,4729,3498,2905,2342,1837,1452,1299,1452,1837,2342,2905,5237,4593,3951,3312,2678,2054,1452,919,650,919,1452,2054,5196,4547,3897,3248,2598,1949,1299,650,0,650,1299,1949,5237,4593,3951,3312,2678,2054,1452,919,650,919,5356,4729,4108,3498,2905,2342,1837,1452,1299,1452,2054
208,12494,12811,21277,11924,12255,12991,15164,19279,19829,20386,20947,12893,13327,14245,14726,15219,15724,16763,17295,17836,18383,18937,20062,20632,12409,12860,15330,15857,16394,17489,18047,18611,19755,20334,8835,9047,9300,9590,9915,10270,10653,11061,11491,12409,14422,14953,15494,16042,17729,18303,18881,19464,20052,8216,8444,8714,9024,9368,10574,11023,13516,14052,15710,16277,17429,18012,18600,7406,7603,7848,8139,8469,8835,9232,10104,11061,12612,13152,15398,15976,16560,19540,20146,6528,6624,6781,6996,7929,8318,8739,9656,10146,10653,11175,19312,19925,6687,5882,7406,7821,8267,9743,9915,6905,7349,7821,10167,4947,5237,5988,6430,11099,10494,5988,5511,3897,3951,4108,4357,4684,5073,5511,11510,10888,5588,5073,4593,4159,3787,3312,3248,3312,3498,3787,4159,4593,5073,11344,10712,8835,4159,3674,3248,2905,2678,2598,2678,2905,3248,4159,11213,10574,9936,9300,8666,8034,7406,6162,5550,4947,3787,3248,2756,2342,2054,1949,2054,2342,2756,3248,9186,7902,7262,6624,5988,5356,4108,3498,2905,2342,1837,1452,1299,1452,1837,2342,5882,5237,4593,3951,3312,2678,2054,1452,919,650,919,1452,5846,5196,4547,3897,3248,2598,1949,1299,650,0,650,1299,5882,5237,4593,3951,3312,2678,2054,1452,919,650,5988,5356,4729,4108,3498,2905,2342,1837,1452,1299,2342
209,12204,12494,20724,11619,11924,12612,14697,18735,19279,19829,20386,12477,12893,13779,14245,14726,15219,16238,16763,17295,17836,18383,19497,20062,11977,12409,14812,15330,15857,16938,17489,18047,19181,19755,8666,8835,9047,9300,9590,9915,10270,10653,11061,11942,13901,14422,14953,15494,17161,17729,18303,18881,19464,8034,8216,8444,8714,9024,10146,10574,12991,13516,15150,15710,16850,17429,18012,7262,7406,7603,7848,8139,8469,8835,9656,10574,12082,12612,14826,15398,15976,18937,19540,6495,6528,6624,6781,7575,7929,8318,9186,9656,10146,10653,18702,19312,7026,5846,7026,7406,7821,9232,10473,6495,6905,7349,10752,4729,4947,5588,5988,11710,11099,6495,5988,3951,3897,3951,4108,4357,4684,5073,12134,11510,6128,5588,5073,4593,4159,3498,3312,3248,3312,3498,3787,4159,4593,11977,11344,9457,4684,4159,3674,3248,2905,2678,2598,2678,2905,3674,11853,11213,10574,9936,9300,8666,8034,6781,6162,5550,4357,3787,3248,2756,2342,2054,1949,2054,2342,2756,9829,8543,7902,7262,6624,5988,4729,4108,3498,2905,2342,1837,1452,1299,1452,1837,6528,5882,5237,4593,3951,3312,2678,2054,1452,919,650,919,6495,5846,5196,4547,3897,3248,2598,1949,1299,650,0,650,6528,5882,5237,4593,3951,3312,2678,2054,1452,919,6624,5988,5356,4729,4108,3498,2905,2342,1837,1452,2756
210,11942,12204,20177,11344,11619,12255,14245,18199,18735,19279,19829,12082,12477,13327,13779,14245,14726,15724,16238,16763,17295,17836,18937,19497,11565,11977,14305,14812,15330,16394,16938,17489,18611,19181,8543,8666,8835,9047,9300,9590,9915,10270,10653,11491,13391,13901,14422,14953,16598,17161,17729,18303,18881,7902,8034,8216,8444,8714,9743,10146,12477,12991,14597,15150,16277,16850,17429,7174,7262,7406,7603,7848,8139,8469,9232,10104,11565,12082,14260,14826,15398,18337,18937,6528,6495,6528,6624,7262,7575,7929,8739,9186,9656,10146,18094,18702,7406,5882,6687,7026,7406,8739,11042,6128,6495,6905,11344,4593,4729,5237,5588,12324,11710,7026,6495,4108,3951,3897,3951,4108,4357,4684,12761,12134,6687,6128,5588,5073,4593,3787,3498,3312,3248,3312,3498,3787,4159,12612,11977,10084,5237,4684,4159,3674,3248,2905,2678,2598,2678,3248,12494,11853,11213,10574,9936,9300,8666,7406,6781,6162,4947,4357,3787,3248,2756,2342,2054,1949,2054,2342,10473,9186,8543,7902,7262,6624,5356,4729,4108,3498,2905,2342,1837,1452,1299,1452,7174,6528,5882,5237,4593,3951,3312,2678,2054,1452,919,650,7145,6495,5846,5196,4547,3897,3248,2598,1949,1299,650,0,7174,6528,5882,5237,4593,3951,3312,2678,2054,1452,7262,6624,5988,5356,4729,4108,3498,2905,2342,1837,3248
211,16534,17000,26726,16082,16560,17549,20177,24691,25274,25859,26448,17669,18199,19279,19829,20386,20947,22084,22659,23239,23821,24407,25589,26184,17295,17836,20632,21207,21786,22955,23545,24138,25332,25933,12409,12860,13327,13809,14305,14812,15330,15857,16394,17489,19755,20334,20917,21503,23284,23883,24485,25089,25696,11942,12409,12893,13391,13901,15494,16042,18881,19464,21237,21834,23038,23643,24251,11023,11491,11977,12477,12991,13516,14052,15150,16277,18012,18600,20987,21592,22199,25265,25884,9656,10104,10574,11061,12612,13152,13702,14826,15398,15976,16560,25072,25696,6996,9186,12255,12811,13375,15108,6397,11924,12494,13072,6128,9368,9915,11042,11619,6430,5988,4729,4947,7406,7929,8469,9024,9590,10167,10752,6495,5988,4108,4357,4684,5073,5511,6495,7026,7575,8139,8714,9300,9893,10494,6128,5588,4159,4159,4593,5073,5588,6128,6687,7262,7848,8444,9656,5810,5237,4684,4159,3674,3248,2905,2598,2678,2905,3674,4159,4684,5237,5810,6397,6996,7603,8216,8835,3787,2756,2342,2054,1949,2054,2756,3248,3787,4357,4947,5550,6162,6781,7406,8034,1299,1452,1837,2342,2905,3498,4108,4729,5356,5988,6624,7262,650,919,1452,2054,2678,3312,3951,4593,5237,5882,6528,7174,0,650,1299,1949,2598,3248,3897,4547,5196,5846,650,919,1452,2054,2678,3312,3951,4593,5237,5882,4729
212,16082,16534,26143,15616,16082,17050,19637,24112,24691,25274,25859,17148,17669,18735,19279,19829,20386,21513,22084,22659,23239,23821,24997,25589,16763,17295,20062,20632,21207,22369,22955,23545,24734,25332,11977,12409,12860,13327,13809,14305,14812,15330,15857,16938,19181,19755,20334,20917,22687,23284,23883,24485,25089,11491,11942,12409,12893,13391,14953,15494,18303,18881,20643,21237,22435,23038,23643,10574,11023,11491,11977,12477,12991,13516,14597,15710,17429,18012,20386,20987,21592,24648,25265,9232,9656,10104,10574,12082,12612,13152,14260,14826,15398,15976,24451,25072,6781,8739,11710,12255,12811,14524,6687,11362,11924,12494,6495,8835,9368,10473,11042,6905,6430,4593,4729,6905,7406,7929,8469,9024,9590,10167,7026,6495,3951,4108,4357,4684,5073,5988,6495,7026,7575,8139,8714,9300,9893,6687,6128,4593,3787,4159,4593,5073,5588,6128,6687,7262,7848,9047,6397,5810,5237,4684,4159,3674,3248,2678,2598,2678,3248,3674,4159,4684,5237,5810,6397,6996,7603,8216,4357,3248,2756,2342,2054,1949,2342,2756,3248,3787,4357,4947,5550,6162,6781,7406,1452,1299,1452,1837,2342,2905,3498,4108,4729,5356,5988,6624,919,650,919,1452,2054,2678,3312,3951,4593,5237,5882,6528,650,0,650,1299,1949,2598,3248,3897,4547,5196,919,650,919,1452,2054,2678,3312,3951,4593,5237,4108
213,15643,16082,25564,15164,15616,16560,19103,23536,24112,24691,25274,16636,17148,18199,18735,19279,19829,20947,21513,22084,22659,23239,24407,24997,16238,16763,19497,20062,20632,21786,22369,22955,24138,24734,11565,11977,12409,12860,13327,13809,14305,14812,15330,16394,18611,19181,19755,20334,22094,22687,23284,23883,24485,11061,11491,11942,12409,12893,14422,14953,17729,18303,20052,20643,21834,22435,23038,10146,10574,11023,11491,11977,12477,12991,14052,15150,16850,17429,19787,20386,20987,24033,24648,8835,9232,9656,10104,11565,12082,12612,13702,14260,14826,15398,23830,24451,6624,8318,11175,11710,12255,13946,7026,10810,11362,11924,6905,8318,8835,9915,10473,7406,6905,4547,4593,6430,6905,7406,7929,8469,9024,9590,7575,7026,3897,3951,4108,4357,4684,5511,5988,6495,7026,7575,8139,8714,9300,7262,6687,5073,3498,3787,4159,4593,5073,5588,6128,6687,7262,8444,6996,6397,5810,5237,4684,4159,3674,2905,2678,2598,2905,3248,3674,4159,4684,5237,5810,6397,6996,7603,4947,3787,3248,2756,2342,2054,2054,2342,2756,3248,3787,4357,4947,5550,6162,6781,1837,1452,1299,1452,1837,2342,2905,3498,4108,4729,5356,5988,1452,919,650,919,1452,2054,2678,3312,3951,4593,5237,5882,1299,650,0,650,1299,1949,2598,3248,3897,4547,1452,919,650,919,1452,2054,2678,3312,3951,4593,3498
214,15219,15643,24988,14726,15164,16082,18577,22965,23536,24112,24691,16134,16636,17669,18199,18735,19279,20386,20947,21513,22084,22659,23821,24407,15724,16238,18937,19497,20062,21207,21786,22369,23545,24138,11175,11565,11977,12409,12860,13327,13809,14305,14812,15857,18047,18611,19181,19755,21503,22094,22687,23284,23883,10653,11061,11491,11942,12409,13901,14422,17161,17729,19464,20052,21237,21834,22435,9743,10146,10574,11023,11491,11977,12477,13516,14597,16277,16850,19192,19787,20386,23419,24033,8469,8835,9232,9656,11061,11565,12082,13152,13702,14260,14826,23211,23830,6528,7929,10653,11175,11710,13375,7406,10270,10810,11362,7349,7821,8318,9368,9915,7929,7406,4593,4547,5988,6430,6905,7406,7929,8469,9024,8139,7575,3951,3897,3951,4108,4357,5073,5511,5988,6495,7026,7575,8139,8714,7848,7262,5588,3312,3498,3787,4159,4593,5073,5588,6128,6687,7848,7603,6996,6397,5810,5237,4684,4159,3248,2905,2678,2678,2905,3248,3674,4159,4684,5237,5810,6397,6996,5550,4357,3787,3248,2756,2342,1949,2054,2342,2756,3248,3787,4357,4947,5550,6162,2342,1837,1452,1299,1452,1837,2342,2905,3498,4108,4729,5356,2054,1452,919,650,919,1452,2054,2678,3312,3951,4593,5237,1949,1299,650,0,650,1299,1949,2598,3248,3897,2054,1452,919,650,919,1452,2054,2678,3312,3951,2905
215,14812,15219,24416,14305,14726,15616,18059,22397,22965,23536,24112,15643,16134,17148,17669,18199,18735,19829,20386,20947,21513,22084,23239,23821,15219,15724,18383,18937,19497,20632,21207,21786,22955,23545,10810,11175,11565,11977,12409,12860,13327,13809,14305,15330,17489,18047,18611,19181,20917,21503,22094,22687,23284,10270,10653,11061,11491,11942,13391,13901,16598,17161,18881,19464,20643,21237,21834,9368,9743,10146,10574,11023,11491,11977,12991,14052,15710,16277,18600,19192,19787,22808,23419,8139,8469,8835,9232,10574,11061,11565,12612,13152,13702,14260,22594,23211,6495,7575,10146,10653,11175,12811,7821,9743,10270,10810,7821,7349,7821,8835,9368,8469,7929,4729,4593,5588,5988,6430,6905,7406,7929,8469,8714,8139,4108,3951,3897,3951,4108,4684,5073,5511,5988,6495,7026,7575,8139,8444,7848,6128,3248,3312,3498,3787,4159,4593,5073,5588,6128,7262,8216,7603,6996,6397,5810,5237,4684,3674,3248,2905,2598,2678,2905,3248,3674,4159,4684,5237,5810,6397,6162,4947,4357,3787,3248,2756,2054,1949,2054,2342,2756,3248,3787,4357,4947,5550,2905,2342,1837,1452,1299,1452,1837,2342,2905,3498,4108,4729,2678,2054,1452,919,650,919,1452,2054,2678,3312,3951,4593,2598,1949,1299,650,0,650,1299,1949,2598,3248,2678,2054,1452,919,650,919,1452,2054,2678,3312,2342
216,14422,14812,23848,13901,14305,15164,17549,21834,22397,22965,23536,15164,15643,16636,17148,17669,18199,19279,19829,20386,20947,21513,22659,23239,14726,15219,17836,18383,18937,20062,20632,21207,22369,22955,10473,10810,11175,11565,11977,12409,12860,13327,13809,14812,16938,17489,18047,18611,20334,20917,21503,22094,22687,9915,10270,10653,11061,11491,12893,13391,16042,16598,18303,18881,20052,20643,21237,9024,9368,9743,10146,10574,11023,11491,12477,13516,15150,15710,18012,18600,19192,22199,22808,7848,8139,8469,8835,10104,10574,11061,12082,12612,13152,13702,21979,22594,6528,7262,9656,10146,10653,12255,8267,9232,9743,10270,8318,6905,7349,8318,8835,9024,8469,4947,4729,5237,5588,5988,6430,6905,7406,7929,9300,8714,4357,4108,3951,3897,3951,4357,4684,5073,5511,5988,6495,7026,7575,9047,8444,6687,3312,3248,3312,3498,3787,4159,4593,5073,5588,6687,8835,8216,7603,6996,6397,5810,5237,4159,3674,3248,2678,2598,2678,2905,3248,3674,4159,4684,5237,5810,6781,5550,4947,4357,3787,3248,2342,2054,1949,2054,2342,2756,3248,3787,4357,4947,3498,2905,2342,1837,1452,1299,1452,1837,2342,2905,3498,4108,3312,2678,2054,1452,919,650,919,1452,2054,2678,3312,3951,3248,2598,1949,1299,650,0,650,1299,1949,2598,3312,2678,2054,1452,919,650,919,1452,2054,2678,1837
217,14052,14422,23284,13516,13901,14726,17050,21277,21834,22397,22965,14697,15164,16134,16636,17148,17669,18735,19279,19829,20386,20947,22084,22659,14245,14726,17295,17836,18383,19497,20062,20632,21786,22369,10167,10473,10810,11175,11565,11977,12409,12860,13327,14305,16394,16938,17489,18047,19755,20334,20917,21503,22094,9590,9915,10270,10653,11061,12409,12893,15494,16042,17729,18303,19464,20052,20643,8714,9024,9368,9743,10146,10574,11023,11977,12991,14597,15150,17429,18012,18600,21592,22199,7603,7848,8139,8469,9656,10104,10574,11565,12082,12612,13152,21366,21979,6624,6996,9186,9656,10146,11710,8739,8739,9232,9743,8835,6495,6905,7821,8318,9590,9024,5237,4947,4947,5237,5588,5988,6430,6905,7406,9893,9300,4684,4357,4108,3951,3897,4108,4357,4684,5073,5511,5988,6495,7026,9656,9047,7262,3498,3312,3248,3312,3498,3787,4159,4593,5073,6128,9457,8835,8216,7603,6996,6397,5810,4684,4159,3674,2905,2678,2598,2678,2905,3248,3674,4159,4684,5237,7406,6162,5550,4947,4357,3787,2756,2342,2054,1949,2054,2342,2756,3248,3787,4357,4108,3498,2905,2342,1837,1452,1299,1452,1837,2342,2905,3498,3951,3312,2678,2054,1452,919,650,919,1452,2054,2678,3312,3897,3248,2598,1949,1299,650,0,650,1299,1949,3951,3312,2678,2054,1452,919,650,919,1452,2054,1452
218,13702,14052,22724,13152,13516,14305,16560,20724,21277,21834,22397,14245,14697,15643,16134,16636,17148,18199,18735,19279,19829,20386,21513,22084,13779,14245,16763,17295,17836,18937,19497,20062,21207,21786,9893,10167,10473,10810,11175,11565,11977,12409,12860,13809,15857,16394,16938,17489,19181,19755,20334,20917,21503,9300,9590,9915,10270,10653,11942,12409,14953,15494,17161,17729,18881,19464,20052,8444,8714,9024,9368,9743,10146,10574,11491,12477,14052,14597,16850,17429,18012,20987,21592,7406,7603,7848,8139,9232,9656,10104,11061,11565,12082,12612,20755,21366,6781,6781,8739,9186,9656,11175,9232,8267,8739,9232,9368,6128,6495,7349,7821,10167,9590,5588,5237,4729,4947,5237,5588,5988,6430,6905,10494,9893,5073,4684,4357,4108,3951,3951,4108,4357,4684,5073,5511,5988,6495,10270,9656,7848,3787,3498,3312,3248,3312,3498,3787,4159,4593,5588,10084,9457,8835,8216,7603,6996,6397,5237,4684,4159,3248,2905,2678,2598,2678,2905,3248,3674,4159,4684,8034,6781,6162,5550,4947,4357,3248,2756,2342,2054,1949,2054,2342,2756,3248,3787,4729,4108,3498,2905,2342,1837,1452,1299,1452,1837,2342,2905,4593,3951,3312,2678,2054,1452,919,650,919,1452,2054,2678,4547,3897,3248,2598,1949,1299,650,0,650,1299,4593,3951,3312,2678,2054,1452,919,650,919,1452,1299
219,13375,13702,22170,12811,13152,13901,16082,20177,20724,21277,21834,13809,14245,15164,15643,16134,16636,17669,18199,18735,19279,19829,20947,21513,13327,13779,16238,16763,17295,18383,18937,19497,20632,21207,9656,9893,10167,10473,10810,11175,11565,11977,12409,13327,15330,15857,16394,16938,18611,19181,19755,20334,20917,9047,9300,9590,9915,10270,11491,11942,14422,14953,16598,17161,18303,18881,19464,8216,8444,8714,9024,9368,9743,10146,11023,11977,13516,14052,16277,16850,17429,20386,20987,7262,7406,7603,7848,8835,9232,9656,10574,11061,11565,12082,20146,20755,6996,6624,8318,8739,9186,10653,9743,7821,8267,8739,9915,5810,6128,6905,7349,10752,10167,5988,5588,4593,4729,4947,5237,5588,5988,6430,11099,10494,5511,5073,4684,4357,4108,3897,3951,4108,4357,4684,5073,5511,5988,10888,10270,8444,4159,3787,3498,3312,3248,3312,3498,3787,4159,5073,10712,10084,9457,8835,8216,7603,6996,5810,5237,4684,3674,3248,2905,2678,2598,2678,2905,3248,3674,4159,8666,7406,6781,6162,5550,4947,3787,3248,2756,2342,2054,1949,2054,2342,2756,3248,5356,4729,4108,3498,2905,2342,1837,1452,1299,1452,1837,2342,5237,4593,3951,3312,2678,2054,1452,919,650,919,1452,2054,5196,4547,3897,3248,2598,1949,1299,650,0,650,5237,4593,3951,3312,2678,2054,1452,919,650,919,1452
220,13072,13375,21621,12494,12811,13516,15616,19637,20177,20724,21277,13391,13809,14697,15164,15643,16134,17148,17669,18199,18735,19279,20386,20947,12893,13327,15724,16238,16763,17836,18383,18937,20062,20632,9457,9656,9893,10167,10473,10810,11175,11565,11977,12860,14812,15330,15857,16394,18047,18611,19181,19755,20334,8835,9047,9300,9590,9915,11061,11491,13901,14422,16042,16598,17729,18303,18881,8034,8216,8444,8714,9024,9368,9743,10574,11491,12991,13516,15710,16277,16850,19787,20386,7174,7262,7406,7603,8469,8835,9232,10104,10574,11061,11565,19540,20146,7262,6528,7929,8318,8739,10146,10270,7406,7821,8267,10473,5550,5810,6495,6905,11344,10752,6430,5988,4547,4593,4729,4947,5237,5588,5988,11710,11099,5988,5511,5073,4684,4357,3951,3897,3951,4108,4357,4684,5073,5511,11510,10888,9047,4593,4159,3787,3498,3312,3248,3312,3498,3787,4593,11344,10712,10084,9457,8835,8216,7603,6397,5810,5237,4159,3674,3248,2905,2678,2598,2678,2905,3248,3674,9300,8034,7406,6781,6162,5550,4357,3787,3248,2756,2342,2054,1949,2054,2342,2756,5988,5356,4729,4108,3498,2905,2342,1837,1452,1299,1452,1837,5882,5237,4593,3951,3312,2678,2054,1452,919,650,919,1452,5846,5196,4547,3897,3248,2598,1949,1299,650,0,5882,5237,4593,3951,3312,2678,2054,1452,919,650,1837
221,17000,17453,27016,16534,17000,17965,20540,24988,25564,26143,26726,18059,18577,19637,20177,20724,21277,22397,22965,23536,24112,24691,25859,26448,17669,18199,20947,21513,22084,23239,23821,24407,25589,26184,12893,13327,13779,14245,14726,15219,15724,16238,16763,17836,20062,20632,21207,21786,23545,24138,24734,25332,25933,12409,12860,13327,13809,14305,15857,16394,19181,19755,21503,22094,23284,23883,24485,11491,11942,12409,12893,13391,13901,14422,15494,16598,18303,18881,21237,21834,22435,25473,26087,10146,10574,11023,11491,12991,13516,14052,15150,15710,16277,16850,25265,25884,7603,9656,12612,13152,13702,15398,6996,12255,12811,13375,6687,9743,10270,11362,11924,6905,6495,5356,5550,7821,8318,8835,9368,9915,10473,11042,6905,6430,4729,4947,5237,5588,5988,6905,7406,7929,8469,9024,9590,10167,10752,6495,5988,4684,4684,5073,5511,5988,6495,7026,7575,8139,8714,9893,6128,5588,5073,4593,4159,3787,3498,3248,3312,3498,4159,4593,5073,5588,6128,6687,7262,7848,8444,9047,4159,3248,2905,2678,2598,2678,3248,3674,4159,4684,5237,5810,6397,6996,7603,8216,1949,2054,2342,2756,3248,3787,4357,4947,5550,6162,6781,7406,1299,1452,1837,2342,2905,3498,4108,4729,5356,5988,6624,7262,650,919,1452,2054,2678,3312,3951,4593,5237,5882,0,650,1299,1949,2598,3248,3897,4547,5196,5846,4593
222,16560,17000,26440,16082,16534,17477,20010,24416,24988,25564,26143,17549,18059,19103,19637,20177,20724,21834,22397,22965,23536,24112,25274,25859,17148,17669,20386,20947,21513,22659,23239,23821,24997,25589,12477,12893,13327,13779,14245,14726,15219,15724,16238,17295,19497,20062,20632,21207,22955,23545,24138,24734,25332,11977,12409,12860,13327,13809,15330,15857,18611,19181,20917,21503,22687,23284,23883,11061,11491,11942,12409,12893,13391,13901,14953,16042,17729,18303,20643,21237,21834,24861,25473,9743,10146,10574,11023,12477,12991,13516,14597,15150,15710,16277,24648,25265,7406,9232,12082,12612,13152,14826,7262,11710,12255,12811,7026,9232,9743,10810,11362,7349,6905,5237,5356,7349,7821,8318,8835,9368,9915,10473,7406,6905,4593,4729,4947,5237,5588,6430,6905,7406,7929,8469,9024,9590,10167,7026,6495,5073,4357,4684,5073,5511,5988,6495,7026,7575,8139,9300,6687,6128,5588,5073,4593,4159,3787,3312,3248,3312,3787,4159,4593,5073,5588,6128,6687,7262,7848,8444,4684,3674,3248,2905,2678,2598,2905,3248,3674,4159,4684,5237,5810,6397,6996,7603,2054,1949,2054,2342,2756,3248,3787,4357,4947,5550,6162,6781,1452,1299,1452,1837,2342,2905,3498,4108,4729,5356,5988,6624,919,650,919,1452,2054,2678,3312,3951,4593,5237,650,0,650,1299,1949,2598,3248,3897,4547,5196,3951
223,16134,16560,25868,15643,16082,17000,19486,23848,24416,24988,25564,17050,17549,18577,19103,19637,20177,21277,21834,22397,22965,23536,24691,25274,16636,17148,19829,20386,20947,22084,22659,23239,24407,24997,12082,12477,12893,13327,13779,14245,14726,15219,15724,16763,18937,19497,20062,20632,22369,22955,23545,24138,24734,11565,11977,12409,12860,13327,14812,15330,18047,18611,20334,20917,22094,22687,23284,10653,11061,11491,11942,12409,12893,13391,14422,15494,17161,17729,20052,20643,21237,24251,24861,9368,9743,10146,10574,11977,12477,12991,14052,14597,15150,15710,24033,24648,7262,8835,11565,12082,12612,14260,7575,11175,11710,12255,7406,8739,9232,10270,10810,7821,7349,5196,5237,6905,7349,7821,8318,8835,9368,9915,7929,7406,4547,4593,4729,4947,5237,5988,6430,6905,7406,7929,8469,9024,9590,7575,7026,5511,4108,4357,4684,5073,5511,5988,6495,7026,7575,8714,7262,6687,6128,5588,5073,4593,4159,3498,3312,3248,3498,3787,4159,4593,5073,5588,6128,6687,7262,7848,5237,4159,3674,3248,2905,2678,2678,2905,3248,3674,4159,4684,5237,5810,6397,6996,2342,2054,1949,2054,2342,2756,3248,3787,4357,4947,5550,6162,1837,1452,1299,1452,1837,2342,2905,3498,4108,4729,5356,5988,1452,919,650,919,1452,2054,2678,3312,3951,4593,1299,650,0,650,1299,1949,2598,3248,3897,4547,3312
224,15724,16134,25299,15219,15643,16534,18970,23284,23848,24416,24988,16560,17050,18059,18577,19103,19637,20724,21277,21834,22397,22965,24112,24691,16134,16636,19279,19829,20386,21513,22084,22659,23821,24407,11710,12082,12477,12893,13327,13779,14245,14726,15219,16238,18383,18937,19497,20062,21786,22369,22955,23545,24138,11175,11565,11977,12409,12860,14305,14812,17489,18047,19755,20334,21503,22094,22687,10270,10653,11061,11491,11942,12409,12893,13901,14953,16598,17161,19464,20052,20643,23643,24251,9024,9368,9743,10146,11491,11977,12477,13516,14052,14597,15150,23419,24033,7174,8469,11061,11565,12082,13702,7929,10653,11175,11710,7821,8267,8739,9743,10270,8318,7821,5237,5196,6495,6905,7349,7821,8318,8835,9368,8469,7929,4593,4547,4593,4729,4947,5588,5988,6430,6905,7406,7929,8469,9024,8139,7575,5988,3951,4108,4357,4684,5073,5511,5988,6495,7026,8139,7848,7262,6687,6128,5588,5073,4593,3787,3498,3312,3312,3498,3787,4159,4593,5073,5588,6128,6687,7262,5810,4684,4159,3674,3248,2905,2598,2678,2905,3248,3674,4159,4684,5237,5810,6397,2756,2342,2054,1949,2054,2342,2756,3248,3787,4357,4947,5550,2342,1837,1452,1299,1452,1837,2342,2905,3498,4108,4729,5356,2054,1452,919,650,919,1452,2054,2678,3312,3951,1949,1299,650,0,650,1299,1949,2598,3248,3897,2678
225,15330,15724,24734,14812,15219,16082,18463,22724,23284,23848,24416,16082,16560,17549,18059,18577,19103,20177,20724,21277,21834,22397,23536,24112,15643,16134,18735,19279,19829,20947,21513,22084,23239,23821,11362,11710,12082,12477,12893,13327,13779,14245,14726,15724,17836,18383,18937,19497,21207,21786,22369,22955,23545,10810,11175,11565,11977,12409,13809,14305,16938,17489,19181,19755,20917,21503,22094,9915,10270,10653,11061,11491,11942,12409,13391,14422,16042,16598,18881,19464,20052,23038,23643,8714,9024,9368,9743,11023,11491,11977,12991,13516,14052,14597,22808,23419,7145,8139,10574,11061,11565,13152,8318,10146,10653,11175,8267,7821,8267,9232,9743,8835,8318,5356,5237,6128,6495,6905,7349,7821,8318,8835,9024,8469,4729,4593,4547,4593,4729,5237,5588,5988,6430,6905,7406,7929,8469,8714,8139,6495,3897,3951,4108,4357,4684,5073,5511,5988,6495,7575,8444,7848,7262,6687,6128,5588,5073,4159,3787,3498,3248,3312,3498,3787,4159,4593,5073,5588,6128,6687,6397,5237,4684,4159,3674,3248,2678,2598,2678,2905,3248,3674,4159,4684,5237,5810,3248,2756,2342,2054,1949,2054,2342,2756,3248,3787,4357,4947,2905,2342,1837,1452,1299,1452,1837,2342,2905,3498,4108,4729,2678,2054,1452,919,650,919,1452,2054,2678,3312,2598,1949,1299,650,0,650,1299,1949,2598,3248,2054
226,14953,15330,24173,14422,14812,15643,17965,22170,22724,23284,23848,15616,16082,17050,17549,18059,18577,19637,20177,20724,21277,21834,22965,23536,15164,15643,18199,18735,19279,20386,20947,21513,22659,23239,11042,11362,11710,12082,12477,12893,13327,13779,14245,15219,17295,17836,18383,18937,20632,21207,21786,22369,22955,10473,10810,11175,11565,11977,13327,13809,16394,16938,18611,19181,20334,20917,21503,9590,9915,10270,10653,11061,11491,11942,12893,13901,15494,16042,18303,18881,19464,22435,23038,8444,8714,9024,9368,10574,11023,11491,12477,12991,13516,14052,22199,22808,7174,7848,10104,10574,11061,12612,8739,9656,10146,10653,8739,7406,7821,8739,9232,9368,8835,5550,5356,5810,6128,6495,6905,7349,7821,8318,9590,9024,4947,4729,4593,4547,4593,4947,5237,5588,5988,6430,6905,7406,7929,9300,8714,7026,3951,3897,3951,4108,4357,4684,5073,5511,5988,7026,9047,8444,7848,7262,6687,6128,5588,4593,4159,3787,3312,3248,3312,3498,3787,4159,4593,5073,5588,6128,6996,5810,5237,4684,4159,3674,2905,2678,2598,2678,2905,3248,3674,4159,4684,5237,3787,3248,2756,2342,2054,1949,2054,2342,2756,3248,3787,4357,3498,2905,2342,1837,1452,1299,1452,1837,2342,2905,3498,4108,3312,2678,2054,1452,919,650,919,1452,2054,2678,3248,2598,1949,1299,650,0,650,1299,1949,2598,1452
227,14597,14953,23617,14052,14422,15219,17477,21621,22170,22724,23284,15164,15616,16560,17050,17549,18059,19103,19637,20177,20724,21277,22397,22965,14697,15164,17669,18199,18735,19829,20386,20947,22084,22659,10752,11042,11362,11710,12082,12477,12893,13327,13779,14726,16763,17295,17836,18383,20062,20632,21207,21786,22369,10167,10473,10810,11175,11565,12860,13327,15857,16394,18047,18611,19755,20334,20917,9300,9590,9915,10270,10653,11061,11491,12409,13391,14953,15494,17729,18303,18881,21834,22435,8216,8444,8714,9024,10146,10574,11023,11977,12477,12991,13516,21592,22199,7262,7603,9656,10104,10574,12082,9186,9186,9656,10146,9232,7026,7406,8267,8739,9915,9368,5810,5550,5550,5810,6128,6495,6905,7349,7821,10167,9590,5237,4947,4729,4593,4547,4729,4947,5237,5588,5988,6430,6905,7406,9893,9300,7575,4108,3951,3897,3951,4108,4357,4684,5073,5511,6495,9656,9047,8444,7848,7262,6687,6128,5073,4593,4159,3498,3312,3248,3312,3498,3787,4159,4593,5073,5588,7603,6397,5810,5237,4684,4159,3248,2905,2678,2598,2678,2905,3248,3674,4159,4684,4357,3787,3248,2756,2342,2054,1949,2054,2342,2756,3248,3787,4108,3498,2905,2342,1837,1452,1299,1452,1837,2342,2905,3498,3951,3312,2678,2054,1452,919,650,919,1452,2054,3897,3248,2598,1949,1299,650,0,650,1299,1949,919
228,14260,14597,23065,13702,14052,14812,17000,21077,21621,22170,22724,14726,15164,16082,16560,17050,17549,18577,19103,19637,20177,20724,21834,22397,14245,14697,17148,17669,18199,19279,19829,20386,21513,22084,10494,10752,11042,11362,11710,12082,12477,12893,13327,14245,16238,16763,17295,17836,19497,20062,20632,21207,21786,9893,10167,10473,10810,11175,12409,12860,15330,15857,17489,18047,19181,19755,20334,9047,9300,9590,9915,10270,10653,11061,11942,12893,14422,14953,17161,17729,18303,21237,21834,8034,8216,8444,8714,9743,10146,10574,11491,11977,12477,12991,20987,21592,7406,7406,9232,9656,10104,11565,9656,8739,9186,9656,9743,6687,7026,7821,8267,10473,9915,6128,5810,5356,5550,5810,6128,6495,6905,7349,10752,10167,5588,5237,4947,4729,4593,4593,4729,4947,5237,5588,5988,6430,6905,10494,9893,8139,4357,4108,3951,3897,3951,4108,4357,4684,5073,5988,10270,9656,9047,8444,7848,7262,6687,5588,5073,4593,3787,3498,3312,3248,3312,3498,3787,4159,4593,5073,8216,6996,6397,5810,5237,4684,3674,3248,2905,2678,2598,2678,2905,3248,3674,4159,4947,4357,3787,3248,2756,2342,2054,1949,2054,2342,2756,3248,4729,4108,3498,2905,2342,1837,1452,1299,1452,1837,2342,2905,4593,3951,3312,2678,2054,1452,919,650,919,1452,4547,3897,3248,2598,1949,1299,650,0,650,1299,650
229,13946,14260,22519,13375,13702,14422,16534,20540,21077,21621,22170,14305,14726,15616,16082,16560,17050,18059,18577,19103,19637,20177,21277,21834,13809,14245,16636,17148,17669,18735,19279,19829,20947,21513,10270,10494,10752,11042,11362,11710,12082,12477,12893,13779,15724,16238,16763,17295,18937,19497,20062,20632,21207,9656,9893,10167,10473,10810,11977,12409,14812,15330,16938,17489,18611,19181,19755,8835,9047,9300,9590,9915,10270,10653,11491,12409,13901,14422,16598,17161,17729,20643,21237,7902,8034,8216,8444,9368,9743,10146,11023,11491,11977,12477,20386,20987,7603,7262,8835,9232,9656,11061,10146,8318,8739,9186,10270,6397,6687,7406,7821,11042,10473,6495,6128,5237,5356,5550,5810,6128,6495,6905,11344,10752,5988,5588,5237,4947,4729,4547,4593,4729,4947,5237,5588,5988,6430,11099,10494,8714,4684,4357,4108,3951,3897,3951,4108,4357,4684,5511,10888,10270,9656,9047,8444,7848,7262,6128,5588,5073,4159,3787,3498,3312,3248,3312,3498,3787,4159,4593,8835,7603,6996,6397,5810,5237,4159,3674,3248,2905,2678,2598,2678,2905,3248,3674,5550,4947,4357,3787,3248,2756,2342,2054,1949,2054,2342,2756,5356,4729,4108,3498,2905,2342,1837,1452,1299,1452,1837,2342,5237,4593,3951,3312,2678,2054,1452,919,650,919,5196,4547,3897,3248,2598,1949,1299,650,0,650,919
230,13656,13946,21979,13072,13375,14052,16082,20010,20540,21077,21621,13901,14305,15164,15616,16082,16560,17549,18059,18577,19103,19637,20724,21277,13391,13809,16134,16636,17148,18199,18735,19279,20386,20947,10084,10270,10494,10752,11042,11362,11710,12082,12477,13327,15219,15724,16238,16763,18383,18937,19497,20062,20632,9457,9656,9893,10167,10473,11565,11977,14305,14812,16394,16938,18047,18611,19181,8666,8835,9047,9300,9590,9915,10270,11061,11942,13391,13901,16042,16598,17161,20052,20643,7821,7902,8034,8216,9024,9368,9743,10574,11023,11491,11977,19787,20386,7848,7174,8469,8835,9232,10574,10653,7929,8318,8739,10810,6162,6397,7026,7406,11619,11042,6905,6495,5196,5237,5356,5550,5810,6128,6495,11942,11344,6430,5988,5588,5237,4947,4593,4547,4593,4729,4947,5237,5588,5988,11710,11099,9300,5073,4684,4357,4108,3951,3897,3951,4108,4357,5073,11510,10888,10270,9656,9047,8444,7848,6687,6128,5588,4593,4159,3787,3498,3312,3248,3312,3498,3787,4159,9457,8216,7603,6996,6397,5810,4684,4159,3674,3248,2905,2678,2598,2678,2905,3248,6162,5550,4947,4357,3787,3248,2756,2342,2054,1949,2054,2342,5988,5356,4729,4108,3498,2905,2342,1837,1452,1299,1452,1837,5882,5237,4593,3951,3312,2678,2054,1452,919,650,5846,5196,4547,3897,3248,2598,1949,1299,650,0,1452
231,14826,15150,23419,14260,14597,15330,17453,21445,21979,22519,23065,15219,15643,16534,17000,17477,17965,18970,19486,20010,20540,21077,22170,22724,14726,15164,17549,18059,18577,19637,20177,20724,21834,22397,11099,11344,11619,11924,12255,12612,12991,13391,13809,14697,16636,17148,17669,18199,19829,20386,20947,21513,22084,10494,10752,11042,11362,11710,12893,13327,15724,16238,17836,18383,19497,20062,20632,9656,9893,10167,10473,10810,11175,11565,12409,13327,14812,15330,17489,18047,18611,21503,22094,8666,8835,9047,9300,10270,10653,11061,11942,12409,12893,13391,21237,21834,8034,8034,9743,10146,10574,11977,10104,9232,9656,10104,10146,7262,7575,8318,8739,10810,10270,6687,6397,5988,6162,6397,6687,7026,7406,7821,11042,10473,6128,5810,5550,5356,5237,5237,5356,5550,5810,6128,6495,6905,7349,10752,10167,8469,4947,4729,4593,4547,4593,4729,4947,5237,5588,6430,10494,9893,9300,8714,8139,7575,7026,5988,5511,5073,4357,4108,3951,3897,3951,4108,4357,4684,5073,5511,8444,7262,6687,6128,5588,5073,4159,3787,3498,3312,3248,3312,3498,3787,4159,4593,5237,4684,4159,3674,3248,2905,2678,2598,2678,2905,3248,3674,4947,4357,3787,3248,2756,2342,2054,1949,2054,2342,2756,3248,4729,4108,3498,2905,2342,1837,1452,1299,1452,1837,4593,3951,3312,2678,2054,1452,919,650,919,1452,0
