X,1,2,3,4,5,6,7,8,9,10,11,12,13,14,15,16,17,18,19,20,21,22,23,24,25,26,27,28,29,30,31,32,33,34,35,36,37,38,39,40,41,42,43,44,45,46,47,48,49,50,51,52,53,54,55,56,57,58,59,60,61,62,63,64,65,66,67,68,69,70,71,72,73,74,75,76,77,78,79,80,81,82,83,84,85,86,87,88,89,90,91,92,93,94,95,96,97,98,99,100,101,102,103,104,105,106,107,108,109,110,111,112,113,114,115,116,117,118,119,120,121,122,123,124,125,126,127,128,129,130,131,132,133,134,135,136,137,138,139,140,141,142,143,144,145,146,147,148,149,150,151,152,153,154,155,156,157,158,159,160,161,162,163,164,165,166,167,168,169,170,171,172,173,174,175,176,177,178,179,180,181,182,183,184,185,186,187,188,189,190,191,192,193,194,195,196,197,198,199,200,201,202,203,204,205,206,207,208,209,210,211,212,213,214,215,216,217,218,219,220,221,222,223,224,225,226,227,228,229,230,231
1,0,650,12341,650,1299,2598,5846,11042,11692,12341,12991,3897,4547,5846,6495,7145,7794,9094,9743,10393,11042,11692,12991,13640,4547,5196,8444,9094,9743,11042,11692,12341,13640,14290,5846,5196,4547,3897,3248,2598,3248,3897,4547,5846,8444,9094,9743,10393,12341,12991,13640,14290,14939,6495,5846,5196,4547,3897,4547,5196,8444,9094,11042,11692,12991,13640,14290,7794,7145,6495,5846,5196,4547,3897,5196,6495,8444,9094,11692,12341,12991,16238,16888,9743,9094,8444,7794,5846,5196,4547,5846,6495,7145,7794,16888,17537,14290,10393,6495,5846,5196,7145,20136,7145,6495,5846,21435,10393,9743,8444,7794,23383,22734,17537,16888,12991,12341,11692,11042,10393,9743,9094,24682,24033,18187,17537,16888,16238,15589,14290,13640,12991,12341,11692,11042,10393,9743,25332,24682,22734,17537,16888,16238,15589,14939,14290,13640,12991,12341,11042,25981,25332,24682,24033,23383,22734,22084,20785,20136,19486,18187,17537,16888,16238,15589,14939,14290,13640,12991,12341,24682,23383,22734,22084,21435,20785,19486,18837,18187,17537,16888,16238,15589,14939,14290,13640,22084,21435,20785,20136,19486,18837,18187,17537,16888,16238,15589,14939,22734,22084,21435,20785,20136,19486,18837,18187,17537,16888,16238,15589,23383,22734,22084,21435,20785,20136,19486,18837,18187,17537,24033,23383,22734,22084,21435,20785,20136,19486,18837,18187,20136
2,650,0,11692,1299,650,1949,5196,10393,11042,11692,12341,3248,3897,5196,5846,6495,7145,8444,9094,9743,10393,11042,12341,12991,3897,4547,7794,8444,9094,10393,11042,11692,12991,13640,6495,5846,5196,4547,3897,3248,2598,3248,3897,5196,7794,8444,9094,9743,11692,12341,12991,13640,14290,7145,6495,5846,5196,4547,3897,4547,7794,8444,10393,11042,12341,12991,13640,8444,7794,7145,6495,5846,5196,4547,4547,5846,7794,8444,11042,11692,12341,15589,16238,10393,9743,9094,8444,6495,5846,5196,5196,5846,6495,7145,16238,16888,14939,11042,7145,6495,5846,6495,20785,7794,7145,6495,22084,11042,10393,9094,8444,24033,23383,18187,17537,13640,12991,12341,11692,11042,10393,9743,25332,24682,18837,18187,17537,16888,16238,14939,14290,13640,12991,12341,11692,11042,10393,25981,25332,23383,18187,17537,16888,16238,15589,14939,14290,13640,12991,11692,26631,25981,25332,24682,24033,23383,22734,21435,20785,20136,18837,18187,17537,16888,16238,15589,14939,14290,13640,12991,25332,24033,23383,22734,22084,21435,20136,19486,18837,18187,17537,16888,16238,15589,14939,14290,22734,22084,21435,20785,20136,19486,18837,18187,17537,16888,16238,15589,23383,22734,22084,21435,20785,20136,19486,18837,18187,17537,16888,16238,24033,23383,22734,22084,21435,20785,20136,19486,18837,18187,24682,24033,23383,22734,22084,21435,20785,20136,19486,18837,20785
3,12341,11692,0,12991,12341,11042,7794,2598,1949,1299,650,11042,10393,9094,8444,7794,7145,5846,5196,4547,3897,3248,1949,1299,11692,11042,7794,7145,6495,5196,4547,3897,2598,1949,18187,17537,16888,16238,15589,14939,14290,13640,12991,11692,9094,8444,7794,7145,5196,4547,3897,3248,2598,18837,18187,17537,16888,16238,14290,13640,10393,9743,7794,7145,5846,5196,4547,20136,19486,18837,18187,17537,16888,16238,14939,13640,11692,11042,8444,7794,7145,3897,4547,22084,21435,20785,20136,18187,17537,16888,15589,14939,14290,13640,4547,5196,26631,22734,18837,18187,17537,15589,32477,19486,18837,18187,33776,22734,22084,20785,20136,35724,35075,29879,29229,25332,24682,24033,23383,22734,22084,21435,37024,36374,30528,29879,29229,28580,27930,26631,25981,25332,24682,24033,23383,22734,22084,37673,37024,35075,29879,29229,28580,27930,27281,26631,25981,25332,24682,23383,38323,37673,37024,36374,35724,35075,34425,33126,32477,31827,30528,29879,29229,28580,27930,27281,26631,25981,25332,24682,37024,35724,35075,34425,33776,33126,31827,31178,30528,29879,29229,28580,27930,27281,26631,25981,34425,33776,33126,32477,31827,31178,30528,29879,29229,28580,27930,27281,35075,34425,33776,33126,32477,31827,31178,30528,29879,29229,28580,27930,35724,35075,34425,33776,33126,32477,31827,31178,30528,29879,36374,35724,35075,34425,33776,33126,32477,31827,31178,30528,32477
4,650,1299,12991,0,650,1949,5196,10393,11042,11692,12341,3248,3897,5196,5846,6495,7145,8444,9094,9743,10393,11042,12341,12991,3897,4547,7794,8444,9094,10393,11042,11692,12991,13640,5196,4547,3897,3248,2598,1949,2598,3248,3897,5196,7794,8444,9094,9743,11692,12341,12991,13640,14290,5846,5196,4547,3897,3248,3897,4547,7794,8444,10393,11042,12341,12991,13640,7145,6495,5846,5196,4547,3897,3248,4547,5846,7794,8444,11042,11692,12341,15589,16238,9094,8444,7794,7145,5196,4547,3897,5196,5846,6495,7145,16238,16888,13640,9743,5846,5196,4547,6495,19486,6495,5846,5196,20785,9743,9094,7794,7145,22734,22084,16888,16238,12341,11692,11042,10393,9743,9094,8444,24033,23383,17537,16888,16238,15589,14939,13640,12991,12341,11692,11042,10393,9743,9094,24682,24033,22084,16888,16238,15589,14939,14290,13640,12991,12341,11692,10393,25332,24682,24033,23383,22734,22084,21435,20136,19486,18837,17537,16888,16238,15589,14939,14290,13640,12991,12341,11692,24033,22734,22084,21435,20785,20136,18837,18187,17537,16888,16238,15589,14939,14290,13640,12991,21435,20785,20136,19486,18837,18187,17537,16888,16238,15589,14939,14290,22084,21435,20785,20136,19486,18837,18187,17537,16888,16238,15589,14939,22734,22084,21435,20785,20136,19486,18837,18187,17537,16888,23383,22734,22084,21435,20785,20136,19486,18837,18187,17537,19486
5,1299,650,12341,650,0,1299,4547,9743,10393,11042,11692,2598,3248,4547,5196,5846,6495,7794,8444,9094,9743,10393,11692,12341,3248,3897,7145,7794,8444,9743,10393,11042,12341,12991,5846,5196,4547,3897,3248,2598,1949,2598,3248,4547,7145,7794,8444,9094,11042,11692,12341,12991,13640,6495,5846,5196,4547,3897,3248,3897,7145,7794,9743,10393,11692,12341,12991,7794,7145,6495,5846,5196,4547,3897,3897,5196,7145,7794,10393,11042,11692,14939,15589,9743,9094,8444,7794,5846,5196,4547,4547,5196,5846,6495,15589,16238,14290,10393,6495,5846,5196,5846,20136,7145,6495,5846,21435,10393,9743,8444,7794,23383,22734,17537,16888,12991,12341,11692,11042,10393,9743,9094,24682,24033,18187,17537,16888,16238,15589,14290,13640,12991,12341,11692,11042,10393,9743,25332,24682,22734,17537,16888,16238,15589,14939,14290,13640,12991,12341,11042,25981,25332,24682,24033,23383,22734,22084,20785,20136,19486,18187,17537,16888,16238,15589,14939,14290,13640,12991,12341,24682,23383,22734,22084,21435,20785,19486,18837,18187,17537,16888,16238,15589,14939,14290,13640,22084,21435,20785,20136,19486,18837,18187,17537,16888,16238,15589,14939,22734,22084,21435,20785,20136,19486,18837,18187,17537,16888,16238,15589,23383,22734,22084,21435,20785,20136,19486,18837,18187,17537,24033,23383,22734,22084,21435,20785,20136,19486,18837,18187,20136
6,2598,1949,11042,1949,1299,0,3248,8444,9094,9743,10393,1299,1949,3248,3897,4547,5196,6495,7145,7794,8444,9094,10393,11042,1949,2598,5846,6495,7145,8444,9094,9743,11042,11692,7145,6495,5846,5196,4547,3897,3248,2598,1949,3248,5846,6495,7145,7794,9743,10393,11042,11692,12341,7794,7145,6495,5846,5196,3248,2598,5846,6495,8444,9094,10393,11042,11692,9094,8444,7794,7145,6495,5846,5196,3897,3897,5846,6495,9094,9743,10393,13640,14290,11042,10393,9743,9094,7145,6495,5846,4547,3897,4547,5196,14290,14939,15589,11692,7794,7145,6495,4547,21435,8444,7794,7145,22734,11692,11042,9743,9094,24682,24033,18837,18187,14290,13640,12991,12341,11692,11042,10393,25981,25332,19486,18837,18187,17537,16888,15589,14939,14290,13640,12991,12341,11692,11042,26631,25981,24033,18837,18187,17537,16888,16238,15589,14939,14290,13640,12341,27281,26631,25981,25332,24682,24033,23383,22084,21435,20785,19486,18837,18187,17537,16888,16238,15589,14939,14290,13640,25981,24682,24033,23383,22734,22084,20785,20136,19486,18837,18187,17537,16888,16238,15589,14939,23383,22734,22084,21435,20785,20136,19486,18837,18187,17537,16888,16238,24033,23383,22734,22084,21435,20785,20136,19486,18837,18187,17537,16888,24682,24033,23383,22734,22084,21435,20785,20136,19486,18837,25332,24682,24033,23383,22734,22084,21435,20785,20136,19486,21435
7,5846,5196,7794,5196,4547,3248,0,5196,5846,6495,7145,3248,2598,1299,650,1299,1949,3248,3897,4547,5196,5846,7145,7794,3897,3248,2598,3248,3897,5196,5846,6495,7794,8444,10393,9743,9094,8444,7794,7145,6495,5846,5196,3897,2598,3248,3897,4547,6495,7145,7794,8444,9094,11042,10393,9743,9094,8444,6495,5846,2598,3248,5196,5846,7145,7794,8444,12341,11692,11042,10393,9743,9094,8444,7145,5846,3897,3248,5846,6495,7145,10393,11042,14290,13640,12991,12341,10393,9743,9094,7794,7145,6495,5846,11042,11692,18837,14939,11042,10393,9743,7794,24682,11692,11042,10393,25981,14939,14290,12991,12341,27930,27281,22084,21435,17537,16888,16238,15589,14939,14290,13640,29229,28580,22734,22084,21435,20785,20136,18837,18187,17537,16888,16238,15589,14939,14290,29879,29229,27281,22084,21435,20785,20136,19486,18837,18187,17537,16888,15589,30528,29879,29229,28580,27930,27281,26631,25332,24682,24033,22734,22084,21435,20785,20136,19486,18837,18187,17537,16888,29229,27930,27281,26631,25981,25332,24033,23383,22734,22084,21435,20785,20136,19486,18837,18187,26631,25981,25332,24682,24033,23383,22734,22084,21435,20785,20136,19486,27281,26631,25981,25332,24682,24033,23383,22734,22084,21435,20785,20136,27930,27281,26631,25981,25332,24682,24033,23383,22734,22084,28580,27930,27281,26631,25981,25332,24682,24033,23383,22734,24682
8,11042,10393,2598,10393,9743,8444,5196,0,650,1299,1949,8444,7794,6495,5846,5196,4547,3248,2598,1949,1299,650,1949,2598,9094,8444,5196,4547,3897,2598,1949,1299,2598,3248,15589,14939,14290,13640,12991,12341,11692,11042,10393,9094,6495,5846,5196,4547,2598,1949,2598,3248,3897,16238,15589,14939,14290,13640,11692,11042,7794,7145,5196,4547,3248,2598,3248,17537,16888,16238,15589,14939,14290,13640,12341,11042,9094,8444,5846,5196,4547,5196,5846,19486,18837,18187,17537,15589,14939,14290,12991,12341,11692,11042,5846,6495,24033,20136,16238,15589,14939,12991,29879,16888,16238,15589,31178,20136,19486,18187,17537,33126,32477,27281,26631,22734,22084,21435,20785,20136,19486,18837,34425,33776,27930,27281,26631,25981,25332,24033,23383,22734,22084,21435,20785,20136,19486,35075,34425,32477,27281,26631,25981,25332,24682,24033,23383,22734,22084,20785,35724,35075,34425,33776,33126,32477,31827,30528,29879,29229,27930,27281,26631,25981,25332,24682,24033,23383,22734,22084,34425,33126,32477,31827,31178,30528,29229,28580,27930,27281,26631,25981,25332,24682,24033,23383,31827,31178,30528,29879,29229,28580,27930,27281,26631,25981,25332,24682,32477,31827,31178,30528,29879,29229,28580,27930,27281,26631,25981,25332,33126,32477,31827,31178,30528,29879,29229,28580,27930,27281,33776,33126,32477,31827,31178,30528,29879,29229,28580,27930,29879
9,11692,11042,1949,11042,10393,9094,5846,650,0,650,1299,9094,8444,7145,6495,5846,5196,3897,3248,2598,1949,1299,1299,1949,9743,9094,5846,5196,4547,3248,2598,1949,1949,2598,16238,15589,14939,14290,13640,12991,12341,11692,11042,9743,7145,6495,5846,5196,3248,2598,1949,2598,3248,16888,16238,15589,14939,14290,12341,11692,8444,7794,5846,5196,3897,3248,2598,18187,17537,16888,16238,15589,14939,14290,12991,11692,9743,9094,6495,5846,5196,4547,5196,20136,19486,18837,18187,16238,15589,14939,13640,12991,12341,11692,5196,5846,24682,20785,16888,16238,15589,13640,30528,17537,16888,16238,31827,20785,20136,18837,18187,33776,33126,27930,27281,23383,22734,22084,21435,20785,20136,19486,35075,34425,28580,27930,27281,26631,25981,24682,24033,23383,22734,22084,21435,20785,20136,35724,35075,33126,27930,27281,26631,25981,25332,24682,24033,23383,22734,21435,36374,35724,35075,34425,33776,33126,32477,31178,30528,29879,28580,27930,27281,26631,25981,25332,24682,24033,23383,22734,35075,33776,33126,32477,31827,31178,29879,29229,28580,27930,27281,26631,25981,25332,24682,24033,32477,31827,31178,30528,29879,29229,28580,27930,27281,26631,25981,25332,33126,32477,31827,31178,30528,29879,29229,28580,27930,27281,26631,25981,33776,33126,32477,31827,31178,30528,29879,29229,28580,27930,34425,33776,33126,32477,31827,31178,30528,29879,29229,28580,30528
10,12341,11692,1299,11692,11042,9743,6495,1299,650,0,650,9743,9094,7794,7145,6495,5846,4547,3897,3248,2598,1949,650,1299,10393,9743,6495,5846,5196,3897,3248,2598,1299,1949,16888,16238,15589,14939,14290,13640,12991,12341,11692,10393,7794,7145,6495,5846,3897,3248,2598,1949,2598,17537,16888,16238,15589,14939,12991,12341,9094,8444,6495,5846,4547,3897,3248,18837,18187,17537,16888,16238,15589,14939,13640,12341,10393,9743,7145,6495,5846,3897,4547,20785,20136,19486,18837,16888,16238,15589,14290,13640,12991,12341,4547,5196,25332,21435,17537,16888,16238,14290,31178,18187,17537,16888,32477,21435,20785,19486,18837,34425,33776,28580,27930,24033,23383,22734,22084,21435,20785,20136,35724,35075,29229,28580,27930,27281,26631,25332,24682,24033,23383,22734,22084,21435,20785,36374,35724,33776,28580,27930,27281,26631,25981,25332,24682,24033,23383,22084,37024,36374,35724,35075,34425,33776,33126,31827,31178,30528,29229,28580,27930,27281,26631,25981,25332,24682,24033,23383,35724,34425,33776,33126,32477,31827,30528,29879,29229,28580,27930,27281,26631,25981,25332,24682,33126,32477,31827,31178,30528,29879,29229,28580,27930,27281,26631,25981,33776,33126,32477,31827,31178,30528,29879,29229,28580,27930,27281,26631,34425,33776,33126,32477,31827,31178,30528,29879,29229,28580,35075,34425,33776,33126,32477,31827,31178,30528,29879,29229,31178
11,12991,12341,650,12341,11692,10393,7145,1949,1299,650,0,10393,9743,8444,7794,7145,6495,5196,4547,3897,3248,2598,1299,650,11042,10393,7145,6495,5846,4547,3897,3248,1949,1299,17537,16888,16238,15589,14939,14290,13640,12991,12341,11042,8444,7794,7145,6495,4547,3897,3248,2598,1949,18187,17537,16888,16238,15589,13640,12991,9743,9094,7145,6495,5196,4547,3897,19486,18837,18187,17537,16888,16238,15589,14290,12991,11042,10393,7794,7145,6495,3248,3897,21435,20785,20136,19486,17537,16888,16238,14939,14290,13640,12991,3897,4547,25981,22084,18187,17537,16888,14939,31827,18837,18187,17537,33126,22084,21435,20136,19486,35075,34425,29229,28580,24682,24033,23383,22734,22084,21435,20785,36374,35724,29879,29229,28580,27930,27281,25981,25332,24682,24033,23383,22734,22084,21435,37024,36374,34425,29229,28580,27930,27281,26631,25981,25332,24682,24033,22734,37673,37024,36374,35724,35075,34425,33776,32477,31827,31178,29879,29229,28580,27930,27281,26631,25981,25332,24682,24033,36374,35075,34425,33776,33126,32477,31178,30528,29879,29229,28580,27930,27281,26631,25981,25332,33776,33126,32477,31827,31178,30528,29879,29229,28580,27930,27281,26631,34425,33776,33126,32477,31827,31178,30528,29879,29229,28580,27930,27281,35075,34425,33776,33126,32477,31827,31178,30528,29879,29229,35724,35075,34425,33776,33126,32477,31827,31178,30528,29879,31827
12,3897,3248,11042,3248,2598,1299,3248,8444,9094,9743,10393,0,650,1949,2598,3248,3897,5196,5846,6495,7145,7794,9094,9743,650,1299,4547,5196,5846,7145,7794,8444,9743,10393,7145,6495,5846,5196,4547,3897,3248,2598,1949,1949,4547,5196,5846,6495,8444,9094,9743,10393,11042,7794,7145,6495,5846,5196,3248,2598,4547,5196,7145,7794,9094,9743,10393,9094,8444,7794,7145,6495,5846,5196,3897,2598,4547,5196,7794,8444,9094,12341,12991,11042,10393,9743,9094,7145,6495,5846,4547,3897,3248,3897,12991,13640,15589,11692,7794,7145,6495,4547,21435,8444,7794,7145,22734,11692,11042,9743,9094,24682,24033,18837,18187,14290,13640,12991,12341,11692,11042,10393,25981,25332,19486,18837,18187,17537,16888,15589,14939,14290,13640,12991,12341,11692,11042,26631,25981,24033,18837,18187,17537,16888,16238,15589,14939,14290,13640,12341,27281,26631,25981,25332,24682,24033,23383,22084,21435,20785,19486,18837,18187,17537,16888,16238,15589,14939,14290,13640,25981,24682,24033,23383,22734,22084,20785,20136,19486,18837,18187,17537,16888,16238,15589,14939,23383,22734,22084,21435,20785,20136,19486,18837,18187,17537,16888,16238,24033,23383,22734,22084,21435,20785,20136,19486,18837,18187,17537,16888,24682,24033,23383,22734,22084,21435,20785,20136,19486,18837,25332,24682,24033,23383,22734,22084,21435,20785,20136,19486,21435
13,4547,3897,10393,3897,3248,1949,2598,7794,8444,9094,9743,650,0,1299,1949,2598,3248,4547,5196,5846,6495,7145,8444,9094,1299,650,3897,4547,5196,6495,7145,7794,9094,9743,7794,7145,6495,5846,5196,4547,3897,3248,2598,1299,3897,4547,5196,5846,7794,8444,9094,9743,10393,8444,7794,7145,6495,5846,3897,3248,3897,4547,6495,7145,8444,9094,9743,9743,9094,8444,7794,7145,6495,5846,4547,3248,3897,4547,7145,7794,8444,11692,12341,11692,11042,10393,9743,7794,7145,6495,5196,4547,3897,3248,12341,12991,16238,12341,8444,7794,7145,5196,22084,9094,8444,7794,23383,12341,11692,10393,9743,25332,24682,19486,18837,14939,14290,13640,12991,12341,11692,11042,26631,25981,20136,19486,18837,18187,17537,16238,15589,14939,14290,13640,12991,12341,11692,27281,26631,24682,19486,18837,18187,17537,16888,16238,15589,14939,14290,12991,27930,27281,26631,25981,25332,24682,24033,22734,22084,21435,20136,19486,18837,18187,17537,16888,16238,15589,14939,14290,26631,25332,24682,24033,23383,22734,21435,20785,20136,19486,18837,18187,17537,16888,16238,15589,24033,23383,22734,22084,21435,20785,20136,19486,18837,18187,17537,16888,24682,24033,23383,22734,22084,21435,20785,20136,19486,18837,18187,17537,25332,24682,24033,23383,22734,22084,21435,20785,20136,19486,25981,25332,24682,24033,23383,22734,22084,21435,20785,20136,22084
14,5846,5196,9094,5196,4547,3248,1299,6495,7145,7794,8444,1949,1299,0,650,1299,1949,3248,3897,4547,5196,5846,7145,7794,2598,1949,2598,3248,3897,5196,5846,6495,7794,8444,9094,8444,7794,7145,6495,5846,5196,4547,3897,2598,2598,3248,3897,4547,6495,7145,7794,8444,9094,9743,9094,8444,7794,7145,5196,4547,2598,3248,5196,5846,7145,7794,8444,11042,10393,9743,9094,8444,7794,7145,5846,4547,2598,3248,5846,6495,7145,10393,11042,12991,12341,11692,11042,9094,8444,7794,6495,5846,5196,4547,11042,11692,17537,13640,9743,9094,8444,6495,23383,10393,9743,9094,24682,13640,12991,11692,11042,26631,25981,20785,20136,16238,15589,14939,14290,13640,12991,12341,27930,27281,21435,20785,20136,19486,18837,17537,16888,16238,15589,14939,14290,13640,12991,28580,27930,25981,20785,20136,19486,18837,18187,17537,16888,16238,15589,14290,29229,28580,27930,27281,26631,25981,25332,24033,23383,22734,21435,20785,20136,19486,18837,18187,17537,16888,16238,15589,27930,26631,25981,25332,24682,24033,22734,22084,21435,20785,20136,19486,18837,18187,17537,16888,25332,24682,24033,23383,22734,22084,21435,20785,20136,19486,18837,18187,25981,25332,24682,24033,23383,22734,22084,21435,20785,20136,19486,18837,26631,25981,25332,24682,24033,23383,22734,22084,21435,20785,27281,26631,25981,25332,24682,24033,23383,22734,22084,21435,23383
15,6495,5846,8444,5846,5196,3897,650,5846,6495,7145,7794,2598,1949,650,0,650,1299,2598,3248,3897,4547,5196,6495,7145,3248,2598,1949,2598,3248,4547,5196,5846,7145,7794,9743,9094,8444,7794,7145,6495,5846,5196,4547,3248,1949,2598,3248,3897,5846,6495,7145,7794,8444,10393,9743,9094,8444,7794,5846,5196,1949,2598,4547,5196,6495,7145,7794,11692,11042,10393,9743,9094,8444,7794,6495,5196,3248,2598,5196,5846,6495,9743,10393,13640,12991,12341,11692,9743,9094,8444,7145,6495,5846,5196,10393,11042,18187,14290,10393,9743,9094,7145,24033,11042,10393,9743,25332,14290,13640,12341,11692,27281,26631,21435,20785,16888,16238,15589,14939,14290,13640,12991,28580,27930,22084,21435,20785,20136,19486,18187,17537,16888,16238,15589,14939,14290,13640,29229,28580,26631,21435,20785,20136,19486,18837,18187,17537,16888,16238,14939,29879,29229,28580,27930,27281,26631,25981,24682,24033,23383,22084,21435,20785,20136,19486,18837,18187,17537,16888,16238,28580,27281,26631,25981,25332,24682,23383,22734,22084,21435,20785,20136,19486,18837,18187,17537,25981,25332,24682,24033,23383,22734,22084,21435,20785,20136,19486,18837,26631,25981,25332,24682,24033,23383,22734,22084,21435,20785,20136,19486,27281,26631,25981,25332,24682,24033,23383,22734,22084,21435,27930,27281,26631,25981,25332,24682,24033,23383,22734,22084,24033
16,7145,6495,7794,6495,5846,4547,1299,5196,5846,6495,7145,3248,2598,1299,650,0,650,1949,2598,3248,3897,4547,5846,6495,3897,3248,1299,1949,2598,3897,4547,5196,6495,7145,10393,9743,9094,8444,7794,7145,6495,5846,5196,3897,1299,1949,2598,3248,5196,5846,6495,7145,7794,11042,10393,9743,9094,8444,6495,5846,2598,1949,3897,4547,5846,6495,7145,12341,11692,11042,10393,9743,9094,8444,7145,5846,3897,3248,4547,5196,5846,9094,9743,14290,13640,12991,12341,10393,9743,9094,7794,7145,6495,5846,9743,10393,18837,14939,11042,10393,9743,7794,24682,11692,11042,10393,25981,14939,14290,12991,12341,27930,27281,22084,21435,17537,16888,16238,15589,14939,14290,13640,29229,28580,22734,22084,21435,20785,20136,18837,18187,17537,16888,16238,15589,14939,14290,29879,29229,27281,22084,21435,20785,20136,19486,18837,18187,17537,16888,15589,30528,29879,29229,28580,27930,27281,26631,25332,24682,24033,22734,22084,21435,20785,20136,19486,18837,18187,17537,16888,29229,27930,27281,26631,25981,25332,24033,23383,22734,22084,21435,20785,20136,19486,18837,18187,26631,25981,25332,24682,24033,23383,22734,22084,21435,20785,20136,19486,27281,26631,25981,25332,24682,24033,23383,22734,22084,21435,20785,20136,27930,27281,26631,25981,25332,24682,24033,23383,22734,22084,28580,27930,27281,26631,25981,25332,24682,24033,23383,22734,24682
17,7794,7145,7145,7145,6495,5196,1949,4547,5196,5846,6495,3897,3248,1949,1299,650,0,1299,1949,2598,3248,3897,5196,5846,4547,3897,650,1299,1949,3248,3897,4547,5846,6495,11042,10393,9743,9094,8444,7794,7145,6495,5846,4547,1949,1299,1949,2598,4547,5196,5846,6495,7145,11692,11042,10393,9743,9094,7145,6495,3248,2598,3248,3897,5196,5846,6495,12991,12341,11692,11042,10393,9743,9094,7794,6495,4547,3897,3897,4547,5196,8444,9094,14939,14290,13640,12991,11042,10393,9743,8444,7794,7145,6495,9094,9743,19486,15589,11692,11042,10393,8444,25332,12341,11692,11042,26631,15589,14939,13640,12991,28580,27930,22734,22084,18187,17537,16888,16238,15589,14939,14290,29879,29229,23383,22734,22084,21435,20785,19486,18837,18187,17537,16888,16238,15589,14939,30528,29879,27930,22734,22084,21435,20785,20136,19486,18837,18187,17537,16238,31178,30528,29879,29229,28580,27930,27281,25981,25332,24682,23383,22734,22084,21435,20785,20136,19486,18837,18187,17537,29879,28580,27930,27281,26631,25981,24682,24033,23383,22734,22084,21435,20785,20136,19486,18837,27281,26631,25981,25332,24682,24033,23383,22734,22084,21435,20785,20136,27930,27281,26631,25981,25332,24682,24033,23383,22734,22084,21435,20785,28580,27930,27281,26631,25981,25332,24682,24033,23383,22734,29229,28580,27930,27281,26631,25981,25332,24682,24033,23383,25332
18,9094,8444,5846,8444,7794,6495,3248,3248,3897,4547,5196,5196,4547,3248,2598,1949,1299,0,650,1299,1949,2598,3897,4547,5846,5196,1949,1299,650,1949,2598,3248,4547,5196,12341,11692,11042,10393,9743,9094,8444,7794,7145,5846,3248,2598,1949,1299,3248,3897,4547,5196,5846,12991,12341,11692,11042,10393,8444,7794,4547,3897,1949,2598,3897,4547,5196,14290,13640,12991,12341,11692,11042,10393,9094,7794,5846,5196,2598,3248,3897,7145,7794,16238,15589,14939,14290,12341,11692,11042,9743,9094,8444,7794,7794,8444,20785,16888,12991,12341,11692,9743,26631,13640,12991,12341,27930,16888,16238,14939,14290,29879,29229,24033,23383,19486,18837,18187,17537,16888,16238,15589,31178,30528,24682,24033,23383,22734,22084,20785,20136,19486,18837,18187,17537,16888,16238,31827,31178,29229,24033,23383,22734,22084,21435,20785,20136,19486,18837,17537,32477,31827,31178,30528,29879,29229,28580,27281,26631,25981,24682,24033,23383,22734,22084,21435,20785,20136,19486,18837,31178,29879,29229,28580,27930,27281,25981,25332,24682,24033,23383,22734,22084,21435,20785,20136,28580,27930,27281,26631,25981,25332,24682,24033,23383,22734,22084,21435,29229,28580,27930,27281,26631,25981,25332,24682,24033,23383,22734,22084,29879,29229,28580,27930,27281,26631,25981,25332,24682,24033,30528,29879,29229,28580,27930,27281,26631,25981,25332,24682,26631
19,9743,9094,5196,9094,8444,7145,3897,2598,3248,3897,4547,5846,5196,3897,3248,2598,1949,650,0,650,1299,1949,3248,3897,6495,5846,2598,1949,1299,1299,1949,2598,3897,4547,12991,12341,11692,11042,10393,9743,9094,8444,7794,6495,3897,3248,2598,1949,2598,3248,3897,4547,5196,13640,12991,12341,11692,11042,9094,8444,5196,4547,2598,1949,3248,3897,4547,14939,14290,13640,12991,12341,11692,11042,9743,8444,6495,5846,3248,2598,3248,6495,7145,16888,16238,15589,14939,12991,12341,11692,10393,9743,9094,8444,7145,7794,21435,17537,13640,12991,12341,10393,27281,14290,13640,12991,28580,17537,16888,15589,14939,30528,29879,24682,24033,20136,19486,18837,18187,17537,16888,16238,31827,31178,25332,24682,24033,23383,22734,21435,20785,20136,19486,18837,18187,17537,16888,32477,31827,29879,24682,24033,23383,22734,22084,21435,20785,20136,19486,18187,33126,32477,31827,31178,30528,29879,29229,27930,27281,26631,25332,24682,24033,23383,22734,22084,21435,20785,20136,19486,31827,30528,29879,29229,28580,27930,26631,25981,25332,24682,24033,23383,22734,22084,21435,20785,29229,28580,27930,27281,26631,25981,25332,24682,24033,23383,22734,22084,29879,29229,28580,27930,27281,26631,25981,25332,24682,24033,23383,22734,30528,29879,29229,28580,27930,27281,26631,25981,25332,24682,31178,30528,29879,29229,28580,27930,27281,26631,25981,25332,27281
20,10393,9743,4547,9743,9094,7794,4547,1949,2598,3248,3897,6495,5846,4547,3897,3248,2598,1299,650,0,650,1299,2598,3248,7145,6495,3248,2598,1949,650,1299,1949,3248,3897,13640,12991,12341,11692,11042,10393,9743,9094,8444,7145,4547,3897,3248,2598,1949,2598,3248,3897,4547,14290,13640,12991,12341,11692,9743,9094,5846,5196,3248,2598,2598,3248,3897,15589,14939,14290,13640,12991,12341,11692,10393,9094,7145,6495,3897,3248,2598,5846,6495,17537,16888,16238,15589,13640,12991,12341,11042,10393,9743,9094,6495,7145,22084,18187,14290,13640,12991,11042,27930,14939,14290,13640,29229,18187,17537,16238,15589,31178,30528,25332,24682,20785,20136,19486,18837,18187,17537,16888,32477,31827,25981,25332,24682,24033,23383,22084,21435,20785,20136,19486,18837,18187,17537,33126,32477,30528,25332,24682,24033,23383,22734,22084,21435,20785,20136,18837,33776,33126,32477,31827,31178,30528,29879,28580,27930,27281,25981,25332,24682,24033,23383,22734,22084,21435,20785,20136,32477,31178,30528,29879,29229,28580,27281,26631,25981,25332,24682,24033,23383,22734,22084,21435,29879,29229,28580,27930,27281,26631,25981,25332,24682,24033,23383,22734,30528,29879,29229,28580,27930,27281,26631,25981,25332,24682,24033,23383,31178,30528,29879,29229,28580,27930,27281,26631,25981,25332,31827,31178,30528,29879,29229,28580,27930,27281,26631,25981,27930
21,11042,10393,3897,10393,9743,8444,5196,1299,1949,2598,3248,7145,6495,5196,4547,3897,3248,1949,1299,650,0,650,1949,2598,7794,7145,3897,3248,2598,1299,650,1299,2598,3248,14290,13640,12991,12341,11692,11042,10393,9743,9094,7794,5196,4547,3897,3248,1299,1949,2598,3248,3897,14939,14290,13640,12991,12341,10393,9743,6495,5846,3897,3248,1949,2598,3248,16238,15589,14939,14290,13640,12991,12341,11042,9743,7794,7145,4547,3897,3248,5196,5846,18187,17537,16888,16238,14290,13640,12991,11692,11042,10393,9743,5846,6495,22734,18837,14939,14290,13640,11692,28580,15589,14939,14290,29879,18837,18187,16888,16238,31827,31178,25981,25332,21435,20785,20136,19486,18837,18187,17537,33126,32477,26631,25981,25332,24682,24033,22734,22084,21435,20785,20136,19486,18837,18187,33776,33126,31178,25981,25332,24682,24033,23383,22734,22084,21435,20785,19486,34425,33776,33126,32477,31827,31178,30528,29229,28580,27930,26631,25981,25332,24682,24033,23383,22734,22084,21435,20785,33126,31827,31178,30528,29879,29229,27930,27281,26631,25981,25332,24682,24033,23383,22734,22084,30528,29879,29229,28580,27930,27281,26631,25981,25332,24682,24033,23383,31178,30528,29879,29229,28580,27930,27281,26631,25981,25332,24682,24033,31827,31178,30528,29879,29229,28580,27930,27281,26631,25981,32477,31827,31178,30528,29879,29229,28580,27930,27281,26631,28580
22,11692,11042,3248,11042,10393,9094,5846,650,1299,1949,2598,7794,7145,5846,5196,4547,3897,2598,1949,1299,650,0,1299,1949,8444,7794,4547,3897,3248,1949,1299,650,1949,2598,14939,14290,13640,12991,12341,11692,11042,10393,9743,8444,5846,5196,4547,3897,1949,1299,1949,2598,3248,15589,14939,14290,13640,12991,11042,10393,7145,6495,4547,3897,2598,1949,2598,16888,16238,15589,14939,14290,13640,12991,11692,10393,8444,7794,5196,4547,3897,4547,5196,18837,18187,17537,16888,14939,14290,13640,12341,11692,11042,10393,5196,5846,23383,19486,15589,14939,14290,12341,29229,16238,15589,14939,30528,19486,18837,17537,16888,32477,31827,26631,25981,22084,21435,20785,20136,19486,18837,18187,33776,33126,27281,26631,25981,25332,24682,23383,22734,22084,21435,20785,20136,19486,18837,34425,33776,31827,26631,25981,25332,24682,24033,23383,22734,22084,21435,20136,35075,34425,33776,33126,32477,31827,31178,29879,29229,28580,27281,26631,25981,25332,24682,24033,23383,22734,22084,21435,33776,32477,31827,31178,30528,29879,28580,27930,27281,26631,25981,25332,24682,24033,23383,22734,31178,30528,29879,29229,28580,27930,27281,26631,25981,25332,24682,24033,31827,31178,30528,29879,29229,28580,27930,27281,26631,25981,25332,24682,32477,31827,31178,30528,29879,29229,28580,27930,27281,26631,33126,32477,31827,31178,30528,29879,29229,28580,27930,27281,29229
23,12991,12341,1949,12341,11692,10393,7145,1949,1299,650,1299,9094,8444,7145,6495,5846,5196,3897,3248,2598,1949,1299,0,650,9743,9094,5846,5196,4547,3248,2598,1949,650,1299,16238,15589,14939,14290,13640,12991,12341,11692,11042,9743,7145,6495,5846,5196,3248,2598,1949,1299,1949,16888,16238,15589,14939,14290,12341,11692,8444,7794,5846,5196,3897,3248,2598,18187,17537,16888,16238,15589,14939,14290,12991,11692,9743,9094,6495,5846,5196,3248,3897,20136,19486,18837,18187,16238,15589,14939,13640,12991,12341,11692,3897,4547,24682,20785,16888,16238,15589,13640,30528,17537,16888,16238,31827,20785,20136,18837,18187,33776,33126,27930,27281,23383,22734,22084,21435,20785,20136,19486,35075,34425,28580,27930,27281,26631,25981,24682,24033,23383,22734,22084,21435,20785,20136,35724,35075,33126,27930,27281,26631,25981,25332,24682,24033,23383,22734,21435,36374,35724,35075,34425,33776,33126,32477,31178,30528,29879,28580,27930,27281,26631,25981,25332,24682,24033,23383,22734,35075,33776,33126,32477,31827,31178,29879,29229,28580,27930,27281,26631,25981,25332,24682,24033,32477,31827,31178,30528,29879,29229,28580,27930,27281,26631,25981,25332,33126,32477,31827,31178,30528,29879,29229,28580,27930,27281,26631,25981,33776,33126,32477,31827,31178,30528,29879,29229,28580,27930,34425,33776,33126,32477,31827,31178,30528,29879,29229,28580,30528
24,13640,12991,1299,12991,12341,11042,7794,2598,1949,1299,650,9743,9094,7794,7145,6495,5846,4547,3897,3248,2598,1949,650,0,10393,9743,6495,5846,5196,3897,3248,2598,1299,650,16888,16238,15589,14939,14290,13640,12991,12341,11692,10393,7794,7145,6495,5846,3897,3248,2598,1949,1299,17537,16888,16238,15589,14939,12991,12341,9094,8444,6495,5846,4547,3897,3248,18837,18187,17537,16888,16238,15589,14939,13640,12341,10393,9743,7145,6495,5846,2598,3248,20785,20136,19486,18837,16888,16238,15589,14290,13640,12991,12341,3248,3897,25332,21435,17537,16888,16238,14290,31178,18187,17537,16888,32477,21435,20785,19486,18837,34425,33776,28580,27930,24033,23383,22734,22084,21435,20785,20136,35724,35075,29229,28580,27930,27281,26631,25332,24682,24033,23383,22734,22084,21435,20785,36374,35724,33776,28580,27930,27281,26631,25981,25332,24682,24033,23383,22084,37024,36374,35724,35075,34425,33776,33126,31827,31178,30528,29229,28580,27930,27281,26631,25981,25332,24682,24033,23383,35724,34425,33776,33126,32477,31827,30528,29879,29229,28580,27930,27281,26631,25981,25332,24682,33126,32477,31827,31178,30528,29879,29229,28580,27930,27281,26631,25981,33776,33126,32477,31827,31178,30528,29879,29229,28580,27930,27281,26631,34425,33776,33126,32477,31827,31178,30528,29879,29229,28580,35075,34425,33776,33126,32477,31827,31178,30528,29879,29229,31178
25,4547,3897,11692,3897,3248,1949,3897,9094,9743,10393,11042,650,1299,2598,3248,3897,4547,5846,6495,7145,7794,8444,9743,10393,0,650,3897,4547,5196,6495,7145,7794,9094,9743,6495,5846,5196,4547,3897,3248,2598,1949,1299,1299,3897,4547,5196,5846,7794,8444,9094,9743,10393,7145,6495,5846,5196,4547,2598,1949,3897,4547,6495,7145,8444,9094,9743,8444,7794,7145,6495,5846,5196,4547,3248,1949,3897,4547,7145,7794,8444,11692,12341,10393,9743,9094,8444,6495,5846,5196,3897,3248,2598,3248,12341,12991,14939,11042,7145,6495,5846,3897,20785,7794,7145,6495,22084,11042,10393,9094,8444,24033,23383,18187,17537,13640,12991,12341,11692,11042,10393,9743,25332,24682,18837,18187,17537,16888,16238,14939,14290,13640,12991,12341,11692,11042,10393,25981,25332,23383,18187,17537,16888,16238,15589,14939,14290,13640,12991,11692,26631,25981,25332,24682,24033,23383,22734,21435,20785,20136,18837,18187,17537,16888,16238,15589,14939,14290,13640,12991,25332,24033,23383,22734,22084,21435,20136,19486,18837,18187,17537,16888,16238,15589,14939,14290,22734,22084,21435,20785,20136,19486,18837,18187,17537,16888,16238,15589,23383,22734,22084,21435,20785,20136,19486,18837,18187,17537,16888,16238,24033,23383,22734,22084,21435,20785,20136,19486,18837,18187,24682,24033,23383,22734,22084,21435,20785,20136,19486,18837,20785
26,5196,4547,11042,4547,3897,2598,3248,8444,9094,9743,10393,1299,650,1949,2598,3248,3897,5196,5846,6495,7145,7794,9094,9743,650,0,3248,3897,4547,5846,6495,7145,8444,9094,7145,6495,5846,5196,4547,3897,3248,2598,1949,650,3248,3897,4547,5196,7145,7794,8444,9094,9743,7794,7145,6495,5846,5196,3248,2598,3248,3897,5846,6495,7794,8444,9094,9094,8444,7794,7145,6495,5846,5196,3897,2598,3248,3897,6495,7145,7794,11042,11692,11042,10393,9743,9094,7145,6495,5846,4547,3897,3248,2598,11692,12341,15589,11692,7794,7145,6495,4547,21435,8444,7794,7145,22734,11692,11042,9743,9094,24682,24033,18837,18187,14290,13640,12991,12341,11692,11042,10393,25981,25332,19486,18837,18187,17537,16888,15589,14939,14290,13640,12991,12341,11692,11042,26631,25981,24033,18837,18187,17537,16888,16238,15589,14939,14290,13640,12341,27281,26631,25981,25332,24682,24033,23383,22084,21435,20785,19486,18837,18187,17537,16888,16238,15589,14939,14290,13640,25981,24682,24033,23383,22734,22084,20785,20136,19486,18837,18187,17537,16888,16238,15589,14939,23383,22734,22084,21435,20785,20136,19486,18837,18187,17537,16888,16238,24033,23383,22734,22084,21435,20785,20136,19486,18837,18187,17537,16888,24682,24033,23383,22734,22084,21435,20785,20136,19486,18837,25332,24682,24033,23383,22734,22084,21435,20785,20136,19486,21435
27,8444,7794,7794,7794,7145,5846,2598,5196,5846,6495,7145,4547,3897,2598,1949,1299,650,1949,2598,3248,3897,4547,5846,6495,3897,3248,0,650,1299,2598,3248,3897,5196,5846,10393,9743,9094,8444,7794,7145,6495,5846,5196,3897,1299,650,1299,1949,3897,4547,5196,5846,6495,11042,10393,9743,9094,8444,6495,5846,2598,1949,2598,3248,4547,5196,5846,12341,11692,11042,10393,9743,9094,8444,7145,5846,3897,3248,3248,3897,4547,7794,8444,14290,13640,12991,12341,10393,9743,9094,7794,7145,6495,5846,8444,9094,18837,14939,11042,10393,9743,7794,24682,11692,11042,10393,25981,14939,14290,12991,12341,27930,27281,22084,21435,17537,16888,16238,15589,14939,14290,13640,29229,28580,22734,22084,21435,20785,20136,18837,18187,17537,16888,16238,15589,14939,14290,29879,29229,27281,22084,21435,20785,20136,19486,18837,18187,17537,16888,15589,30528,29879,29229,28580,27930,27281,26631,25332,24682,24033,22734,22084,21435,20785,20136,19486,18837,18187,17537,16888,29229,27930,27281,26631,25981,25332,24033,23383,22734,22084,21435,20785,20136,19486,18837,18187,26631,25981,25332,24682,24033,23383,22734,22084,21435,20785,20136,19486,27281,26631,25981,25332,24682,24033,23383,22734,22084,21435,20785,20136,27930,27281,26631,25981,25332,24682,24033,23383,22734,22084,28580,27930,27281,26631,25981,25332,24682,24033,23383,22734,24682
28,9094,8444,7145,8444,7794,6495,3248,4547,5196,5846,6495,5196,4547,3248,2598,1949,1299,1299,1949,2598,3248,3897,5196,5846,4547,3897,650,0,650,1949,2598,3248,4547,5196,11042,10393,9743,9094,8444,7794,7145,6495,5846,4547,1949,1299,650,1299,3248,3897,4547,5196,5846,11692,11042,10393,9743,9094,7145,6495,3248,2598,1949,2598,3897,4547,5196,12991,12341,11692,11042,10393,9743,9094,7794,6495,4547,3897,2598,3248,3897,7145,7794,14939,14290,13640,12991,11042,10393,9743,8444,7794,7145,6495,7794,8444,19486,15589,11692,11042,10393,8444,25332,12341,11692,11042,26631,15589,14939,13640,12991,28580,27930,22734,22084,18187,17537,16888,16238,15589,14939,14290,29879,29229,23383,22734,22084,21435,20785,19486,18837,18187,17537,16888,16238,15589,14939,30528,29879,27930,22734,22084,21435,20785,20136,19486,18837,18187,17537,16238,31178,30528,29879,29229,28580,27930,27281,25981,25332,24682,23383,22734,22084,21435,20785,20136,19486,18837,18187,17537,29879,28580,27930,27281,26631,25981,24682,24033,23383,22734,22084,21435,20785,20136,19486,18837,27281,26631,25981,25332,24682,24033,23383,22734,22084,21435,20785,20136,27930,27281,26631,25981,25332,24682,24033,23383,22734,22084,21435,20785,28580,27930,27281,26631,25981,25332,24682,24033,23383,22734,29229,28580,27930,27281,26631,25981,25332,24682,24033,23383,25332
29,9743,9094,6495,9094,8444,7145,3897,3897,4547,5196,5846,5846,5196,3897,3248,2598,1949,650,1299,1949,2598,3248,4547,5196,5196,4547,1299,650,0,1299,1949,2598,3897,4547,11692,11042,10393,9743,9094,8444,7794,7145,6495,5196,2598,1949,1299,650,2598,3248,3897,4547,5196,12341,11692,11042,10393,9743,7794,7145,3897,3248,1299,1949,3248,3897,4547,13640,12991,12341,11692,11042,10393,9743,8444,7145,5196,4547,1949,2598,3248,6495,7145,15589,14939,14290,13640,11692,11042,10393,9094,8444,7794,7145,7145,7794,20136,16238,12341,11692,11042,9094,25981,12991,12341,11692,27281,16238,15589,14290,13640,29229,28580,23383,22734,18837,18187,17537,16888,16238,15589,14939,30528,29879,24033,23383,22734,22084,21435,20136,19486,18837,18187,17537,16888,16238,15589,31178,30528,28580,23383,22734,22084,21435,20785,20136,19486,18837,18187,16888,31827,31178,30528,29879,29229,28580,27930,26631,25981,25332,24033,23383,22734,22084,21435,20785,20136,19486,18837,18187,30528,29229,28580,27930,27281,26631,25332,24682,24033,23383,22734,22084,21435,20785,20136,19486,27930,27281,26631,25981,25332,24682,24033,23383,22734,22084,21435,20785,28580,27930,27281,26631,25981,25332,24682,24033,23383,22734,22084,21435,29229,28580,27930,27281,26631,25981,25332,24682,24033,23383,29879,29229,28580,27930,27281,26631,25981,25332,24682,24033,25981
30,11042,10393,5196,10393,9743,8444,5196,2598,3248,3897,4547,7145,6495,5196,4547,3897,3248,1949,1299,650,1299,1949,3248,3897,6495,5846,2598,1949,1299,0,650,1299,2598,3248,12991,12341,11692,11042,10393,9743,9094,8444,7794,6495,3897,3248,2598,1949,1299,1949,2598,3248,3897,13640,12991,12341,11692,11042,9094,8444,5196,4547,2598,1949,1949,2598,3248,14939,14290,13640,12991,12341,11692,11042,9743,8444,6495,5846,3248,2598,1949,5196,5846,16888,16238,15589,14939,12991,12341,11692,10393,9743,9094,8444,5846,6495,21435,17537,13640,12991,12341,10393,27281,14290,13640,12991,28580,17537,16888,15589,14939,30528,29879,24682,24033,20136,19486,18837,18187,17537,16888,16238,31827,31178,25332,24682,24033,23383,22734,21435,20785,20136,19486,18837,18187,17537,16888,32477,31827,29879,24682,24033,23383,22734,22084,21435,20785,20136,19486,18187,33126,32477,31827,31178,30528,29879,29229,27930,27281,26631,25332,24682,24033,23383,22734,22084,21435,20785,20136,19486,31827,30528,29879,29229,28580,27930,26631,25981,25332,24682,24033,23383,22734,22084,21435,20785,29229,28580,27930,27281,26631,25981,25332,24682,24033,23383,22734,22084,29879,29229,28580,27930,27281,26631,25981,25332,24682,24033,23383,22734,30528,29879,29229,28580,27930,27281,26631,25981,25332,24682,31178,30528,29879,29229,28580,27930,27281,26631,25981,25332,27281
31,11692,11042,4547,11042,10393,9094,5846,1949,2598,3248,3897,7794,7145,5846,5196,4547,3897,2598,1949,1299,650,1299,2598,3248,7145,6495,3248,2598,1949,650,0,650,1949,2598,13640,12991,12341,11692,11042,10393,9743,9094,8444,7145,4547,3897,3248,2598,650,1299,1949,2598,3248,14290,13640,12991,12341,11692,9743,9094,5846,5196,3248,2598,1299,1949,2598,15589,14939,14290,13640,12991,12341,11692,10393,9094,7145,6495,3897,3248,2598,4547,5196,17537,16888,16238,15589,13640,12991,12341,11042,10393,9743,9094,5196,5846,22084,18187,14290,13640,12991,11042,27930,14939,14290,13640,29229,18187,17537,16238,15589,31178,30528,25332,24682,20785,20136,19486,18837,18187,17537,16888,32477,31827,25981,25332,24682,24033,23383,22084,21435,20785,20136,19486,18837,18187,17537,33126,32477,30528,25332,24682,24033,23383,22734,22084,21435,20785,20136,18837,33776,33126,32477,31827,31178,30528,29879,28580,27930,27281,25981,25332,24682,24033,23383,22734,22084,21435,20785,20136,32477,31178,30528,29879,29229,28580,27281,26631,25981,25332,24682,24033,23383,22734,22084,21435,29879,29229,28580,27930,27281,26631,25981,25332,24682,24033,23383,22734,30528,29879,29229,28580,27930,27281,26631,25981,25332,24682,24033,23383,31178,30528,29879,29229,28580,27930,27281,26631,25981,25332,31827,31178,30528,29879,29229,28580,27930,27281,26631,25981,27930
32,12341,11692,3897,11692,11042,9743,6495,1299,1949,2598,3248,8444,7794,6495,5846,5196,4547,3248,2598,1949,1299,650,1949,2598,7794,7145,3897,3248,2598,1299,650,0,1299,1949,14290,13640,12991,12341,11692,11042,10393,9743,9094,7794,5196,4547,3897,3248,1299,650,1299,1949,2598,14939,14290,13640,12991,12341,10393,9743,6495,5846,3897,3248,1949,1299,1949,16238,15589,14939,14290,13640,12991,12341,11042,9743,7794,7145,4547,3897,3248,3897,4547,18187,17537,16888,16238,14290,13640,12991,11692,11042,10393,9743,4547,5196,22734,18837,14939,14290,13640,11692,28580,15589,14939,14290,29879,18837,18187,16888,16238,31827,31178,25981,25332,21435,20785,20136,19486,18837,18187,17537,33126,32477,26631,25981,25332,24682,24033,22734,22084,21435,20785,20136,19486,18837,18187,33776,33126,31178,25981,25332,24682,24033,23383,22734,22084,21435,20785,19486,34425,33776,33126,32477,31827,31178,30528,29229,28580,27930,26631,25981,25332,24682,24033,23383,22734,22084,21435,20785,33126,31827,31178,30528,29879,29229,27930,27281,26631,25981,25332,24682,24033,23383,22734,22084,30528,29879,29229,28580,27930,27281,26631,25981,25332,24682,24033,23383,31178,30528,29879,29229,28580,27930,27281,26631,25981,25332,24682,24033,31827,31178,30528,29879,29229,28580,27930,27281,26631,25981,32477,31827,31178,30528,29879,29229,28580,27930,27281,26631,28580
33,13640,12991,2598,12991,12341,11042,7794,2598,1949,1299,1949,9743,9094,7794,7145,6495,5846,4547,3897,3248,2598,1949,650,1299,9094,8444,5196,4547,3897,2598,1949,1299,0,650,15589,14939,14290,13640,12991,12341,11692,11042,10393,9094,6495,5846,5196,4547,2598,1949,1299,650,1299,16238,15589,14939,14290,13640,11692,11042,7794,7145,5196,4547,3248,2598,1949,17537,16888,16238,15589,14939,14290,13640,12341,11042,9094,8444,5846,5196,4547,2598,3248,19486,18837,18187,17537,15589,14939,14290,12991,12341,11692,11042,3248,3897,24033,20136,16238,15589,14939,12991,29879,16888,16238,15589,31178,20136,19486,18187,17537,33126,32477,27281,26631,22734,22084,21435,20785,20136,19486,18837,34425,33776,27930,27281,26631,25981,25332,24033,23383,22734,22084,21435,20785,20136,19486,35075,34425,32477,27281,26631,25981,25332,24682,24033,23383,22734,22084,20785,35724,35075,34425,33776,33126,32477,31827,30528,29879,29229,27930,27281,26631,25981,25332,24682,24033,23383,22734,22084,34425,33126,32477,31827,31178,30528,29229,28580,27930,27281,26631,25981,25332,24682,24033,23383,31827,31178,30528,29879,29229,28580,27930,27281,26631,25981,25332,24682,32477,31827,31178,30528,29879,29229,28580,27930,27281,26631,25981,25332,33126,32477,31827,31178,30528,29879,29229,28580,27930,27281,33776,33126,32477,31827,31178,30528,29879,29229,28580,27930,29879
34,14290,13640,1949,13640,12991,11692,8444,3248,2598,1949,1299,10393,9743,8444,7794,7145,6495,5196,4547,3897,3248,2598,1299,650,9743,9094,5846,5196,4547,3248,2598,1949,650,0,16238,15589,14939,14290,13640,12991,12341,11692,11042,9743,7145,6495,5846,5196,3248,2598,1949,1299,650,16888,16238,15589,14939,14290,12341,11692,8444,7794,5846,5196,3897,3248,2598,18187,17537,16888,16238,15589,14939,14290,12991,11692,9743,9094,6495,5846,5196,1949,2598,20136,19486,18837,18187,16238,15589,14939,13640,12991,12341,11692,2598,3248,24682,20785,16888,16238,15589,13640,30528,17537,16888,16238,31827,20785,20136,18837,18187,33776,33126,27930,27281,23383,22734,22084,21435,20785,20136,19486,35075,34425,28580,27930,27281,26631,25981,24682,24033,23383,22734,22084,21435,20785,20136,35724,35075,33126,27930,27281,26631,25981,25332,24682,24033,23383,22734,21435,36374,35724,35075,34425,33776,33126,32477,31178,30528,29879,28580,27930,27281,26631,25981,25332,24682,24033,23383,22734,35075,33776,33126,32477,31827,31178,29879,29229,28580,27930,27281,26631,25981,25332,24682,24033,32477,31827,31178,30528,29879,29229,28580,27930,27281,26631,25981,25332,33126,32477,31827,31178,30528,29879,29229,28580,27930,27281,26631,25981,33776,33126,32477,31827,31178,30528,29879,29229,28580,27930,34425,33776,33126,32477,31827,31178,30528,29879,29229,28580,30528
35,5846,6495,18187,5196,5846,7145,10393,15589,16238,16888,17537,7145,7794,9094,9743,10393,11042,12341,12991,13640,14290,14939,16238,16888,6495,7145,10393,11042,11692,12991,13640,14290,15589,16238,0,650,1299,1949,2598,3248,3897,4547,5196,6495,9094,9743,10393,11042,12991,13640,14290,14939,15589,650,1299,1949,2598,3248,5196,5846,9094,9743,11692,12341,13640,14290,14939,1949,1299,1949,2598,3248,3897,4547,5846,7145,9094,9743,12341,12991,13640,16888,17537,3897,3248,2598,1949,3897,4547,5196,6495,7145,7794,8444,17537,18187,8444,4547,4547,5196,5846,7794,14290,5196,5846,6495,15589,4547,3897,5196,5846,17537,16888,11692,11042,7145,6495,5846,5196,4547,5196,5846,18837,18187,12341,11692,11042,10393,9743,8444,7794,7145,6495,5846,5196,5846,6495,19486,18837,16888,11692,11042,10393,9743,9094,8444,7794,7145,6495,6495,20136,19486,18837,18187,17537,16888,16238,14939,14290,13640,12341,11692,11042,10393,9743,9094,8444,7794,7145,6495,18837,17537,16888,16238,15589,14939,13640,12991,12341,11692,11042,10393,9743,9094,8444,7794,16238,15589,14939,14290,13640,12991,12341,11692,11042,10393,9743,9094,16888,16238,15589,14939,14290,13640,12991,12341,11692,11042,10393,9743,17537,16888,16238,15589,14939,14290,13640,12991,12341,11692,18187,17537,16888,16238,15589,14939,14290,13640,12991,12341,14290
36,5196,5846,17537,4547,5196,6495,9743,14939,15589,16238,16888,6495,7145,8444,9094,9743,10393,11692,12341,12991,13640,14290,15589,16238,5846,6495,9743,10393,11042,12341,12991,13640,14939,15589,650,0,650,1299,1949,2598,3248,3897,4547,5846,8444,9094,9743,10393,12341,12991,13640,14290,14939,1299,650,1299,1949,2598,4547,5196,8444,9094,11042,11692,12991,13640,14290,2598,1949,1299,1949,2598,3248,3897,5196,6495,8444,9094,11692,12341,12991,16238,16888,4547,3897,3248,2598,3248,3897,4547,5846,6495,7145,7794,16888,17537,9094,5196,3897,4547,5196,7145,14939,4547,5196,5846,16238,5196,4547,4547,5196,18187,17537,12341,11692,7794,7145,6495,5846,5196,4547,5196,19486,18837,12991,12341,11692,11042,10393,9094,8444,7794,7145,6495,5846,5196,5846,20136,19486,17537,12341,11692,11042,10393,9743,9094,8444,7794,7145,5846,20785,20136,19486,18837,18187,17537,16888,15589,14939,14290,12991,12341,11692,11042,10393,9743,9094,8444,7794,7145,19486,18187,17537,16888,16238,15589,14290,13640,12991,12341,11692,11042,10393,9743,9094,8444,16888,16238,15589,14939,14290,13640,12991,12341,11692,11042,10393,9743,17537,16888,16238,15589,14939,14290,13640,12991,12341,11692,11042,10393,18187,17537,16888,16238,15589,14939,14290,13640,12991,12341,18837,18187,17537,16888,16238,15589,14939,14290,13640,12991,14939
37,4547,5196,16888,3897,4547,5846,9094,14290,14939,15589,16238,5846,6495,7794,8444,9094,9743,11042,11692,12341,12991,13640,14939,15589,5196,5846,9094,9743,10393,11692,12341,12991,14290,14939,1299,650,0,650,1299,1949,2598,3248,3897,5196,7794,8444,9094,9743,11692,12341,12991,13640,14290,1949,1299,650,1299,1949,3897,4547,7794,8444,10393,11042,12341,12991,13640,3248,2598,1949,1299,1949,2598,3248,4547,5846,7794,8444,11042,11692,12341,15589,16238,5196,4547,3897,3248,2598,3248,3897,5196,5846,6495,7145,16238,16888,9743,5846,3248,3897,4547,6495,15589,3897,4547,5196,16888,5846,5196,3897,4547,18837,18187,12991,12341,8444,7794,7145,6495,5846,5196,4547,20136,19486,13640,12991,12341,11692,11042,9743,9094,8444,7794,7145,6495,5846,5196,20785,20136,18187,12991,12341,11692,11042,10393,9743,9094,8444,7794,6495,21435,20785,20136,19486,18837,18187,17537,16238,15589,14939,13640,12991,12341,11692,11042,10393,9743,9094,8444,7794,20136,18837,18187,17537,16888,16238,14939,14290,13640,12991,12341,11692,11042,10393,9743,9094,17537,16888,16238,15589,14939,14290,13640,12991,12341,11692,11042,10393,18187,17537,16888,16238,15589,14939,14290,13640,12991,12341,11692,11042,18837,18187,17537,16888,16238,15589,14939,14290,13640,12991,19486,18837,18187,17537,16888,16238,15589,14939,14290,13640,15589
38,3897,4547,16238,3248,3897,5196,8444,13640,14290,14939,15589,5196,5846,7145,7794,8444,9094,10393,11042,11692,12341,12991,14290,14939,4547,5196,8444,9094,9743,11042,11692,12341,13640,14290,1949,1299,650,0,650,1299,1949,2598,3248,4547,7145,7794,8444,9094,11042,11692,12341,12991,13640,2598,1949,1299,650,1299,3248,3897,7145,7794,9743,10393,11692,12341,12991,3897,3248,2598,1949,1299,1949,2598,3897,5196,7145,7794,10393,11042,11692,14939,15589,5846,5196,4547,3897,1949,2598,3248,4547,5196,5846,6495,15589,16238,10393,6495,2598,3248,3897,5846,16238,3248,3897,4547,17537,6495,5846,4547,3897,19486,18837,13640,12991,9094,8444,7794,7145,6495,5846,5196,20785,20136,14290,13640,12991,12341,11692,10393,9743,9094,8444,7794,7145,6495,5846,21435,20785,18837,13640,12991,12341,11692,11042,10393,9743,9094,8444,7145,22084,21435,20785,20136,19486,18837,18187,16888,16238,15589,14290,13640,12991,12341,11692,11042,10393,9743,9094,8444,20785,19486,18837,18187,17537,16888,15589,14939,14290,13640,12991,12341,11692,11042,10393,9743,18187,17537,16888,16238,15589,14939,14290,13640,12991,12341,11692,11042,18837,18187,17537,16888,16238,15589,14939,14290,13640,12991,12341,11692,19486,18837,18187,17537,16888,16238,15589,14939,14290,13640,20136,19486,18837,18187,17537,16888,16238,15589,14939,14290,16238
39,3248,3897,15589,2598,3248,4547,7794,12991,13640,14290,14939,4547,5196,6495,7145,7794,8444,9743,10393,11042,11692,12341,13640,14290,3897,4547,7794,8444,9094,10393,11042,11692,12991,13640,2598,1949,1299,650,0,650,1299,1949,2598,3897,6495,7145,7794,8444,10393,11042,11692,12341,12991,3248,2598,1949,1299,650,2598,3248,6495,7145,9094,9743,11042,11692,12341,4547,3897,3248,2598,1949,1299,1949,3248,4547,6495,7145,9743,10393,11042,14290,14939,6495,5846,5196,4547,2598,1949,2598,3897,4547,5196,5846,14939,15589,11042,7145,3248,2598,3248,5196,16888,3897,3248,3897,18187,7145,6495,5196,4547,20136,19486,14290,13640,9743,9094,8444,7794,7145,6495,5846,21435,20785,14939,14290,13640,12991,12341,11042,10393,9743,9094,8444,7794,7145,6495,22084,21435,19486,14290,13640,12991,12341,11692,11042,10393,9743,9094,7794,22734,22084,21435,20785,20136,19486,18837,17537,16888,16238,14939,14290,13640,12991,12341,11692,11042,10393,9743,9094,21435,20136,19486,18837,18187,17537,16238,15589,14939,14290,13640,12991,12341,11692,11042,10393,18837,18187,17537,16888,16238,15589,14939,14290,13640,12991,12341,11692,19486,18837,18187,17537,16888,16238,15589,14939,14290,13640,12991,12341,20136,19486,18837,18187,17537,16888,16238,15589,14939,14290,20785,20136,19486,18837,18187,17537,16888,16238,15589,14939,16888
40,2598,3248,14939,1949,2598,3897,7145,12341,12991,13640,14290,3897,4547,5846,6495,7145,7794,9094,9743,10393,11042,11692,12991,13640,3248,3897,7145,7794,8444,9743,10393,11042,12341,12991,3248,2598,1949,1299,650,0,650,1299,1949,3248,5846,6495,7145,7794,9743,10393,11042,11692,12341,3897,3248,2598,1949,1299,1949,2598,5846,6495,8444,9094,10393,11042,11692,5196,4547,3897,3248,2598,1949,1299,2598,3897,5846,6495,9094,9743,10393,13640,14290,7145,6495,5846,5196,3248,2598,1949,3248,3897,4547,5196,14290,14939,11692,7794,3897,3248,2598,4547,17537,4547,3897,3248,18837,7794,7145,5846,5196,20785,20136,14939,14290,10393,9743,9094,8444,7794,7145,6495,22084,21435,15589,14939,14290,13640,12991,11692,11042,10393,9743,9094,8444,7794,7145,22734,22084,20136,14939,14290,13640,12991,12341,11692,11042,10393,9743,8444,23383,22734,22084,21435,20785,20136,19486,18187,17537,16888,15589,14939,14290,13640,12991,12341,11692,11042,10393,9743,22084,20785,20136,19486,18837,18187,16888,16238,15589,14939,14290,13640,12991,12341,11692,11042,19486,18837,18187,17537,16888,16238,15589,14939,14290,13640,12991,12341,20136,19486,18837,18187,17537,16888,16238,15589,14939,14290,13640,12991,20785,20136,19486,18837,18187,17537,16888,16238,15589,14939,21435,20785,20136,19486,18837,18187,17537,16888,16238,15589,17537
41,3248,2598,14290,2598,1949,3248,6495,11692,12341,12991,13640,3248,3897,5196,5846,6495,7145,8444,9094,9743,10393,11042,12341,12991,2598,3248,6495,7145,7794,9094,9743,10393,11692,12341,3897,3248,2598,1949,1299,650,0,650,1299,2598,5196,5846,6495,7145,9094,9743,10393,11042,11692,4547,3897,3248,2598,1949,1299,1949,5196,5846,7794,8444,9743,10393,11042,5846,5196,4547,3897,3248,2598,1949,1949,3248,5196,5846,8444,9094,9743,12991,13640,7794,7145,6495,5846,3897,3248,2598,2598,3248,3897,4547,13640,14290,12341,8444,4547,3897,3248,3897,18187,5196,4547,3897,19486,8444,7794,6495,5846,21435,20785,15589,14939,11042,10393,9743,9094,8444,7794,7145,22734,22084,16238,15589,14939,14290,13640,12341,11692,11042,10393,9743,9094,8444,7794,23383,22734,20785,15589,14939,14290,13640,12991,12341,11692,11042,10393,9094,24033,23383,22734,22084,21435,20785,20136,18837,18187,17537,16238,15589,14939,14290,13640,12991,12341,11692,11042,10393,22734,21435,20785,20136,19486,18837,17537,16888,16238,15589,14939,14290,13640,12991,12341,11692,20136,19486,18837,18187,17537,16888,16238,15589,14939,14290,13640,12991,20785,20136,19486,18837,18187,17537,16888,16238,15589,14939,14290,13640,21435,20785,20136,19486,18837,18187,17537,16888,16238,15589,22084,21435,20785,20136,19486,18837,18187,17537,16888,16238,18187
42,3897,3248,13640,3248,2598,2598,5846,11042,11692,12341,12991,2598,3248,4547,5196,5846,6495,7794,8444,9094,9743,10393,11692,12341,1949,2598,5846,6495,7145,8444,9094,9743,11042,11692,4547,3897,3248,2598,1949,1299,650,0,650,1949,4547,5196,5846,6495,8444,9094,9743,10393,11042,5196,4547,3897,3248,2598,650,1299,4547,5196,7145,7794,9094,9743,10393,6495,5846,5196,4547,3897,3248,2598,1299,2598,4547,5196,7794,8444,9094,12341,12991,8444,7794,7145,6495,4547,3897,3248,1949,2598,3248,3897,12991,13640,12991,9094,5196,4547,3897,3248,18837,5846,5196,4547,20136,9094,8444,7145,6495,22084,21435,16238,15589,11692,11042,10393,9743,9094,8444,7794,23383,22734,16888,16238,15589,14939,14290,12991,12341,11692,11042,10393,9743,9094,8444,24033,23383,21435,16238,15589,14939,14290,13640,12991,12341,11692,11042,9743,24682,24033,23383,22734,22084,21435,20785,19486,18837,18187,16888,16238,15589,14939,14290,13640,12991,12341,11692,11042,23383,22084,21435,20785,20136,19486,18187,17537,16888,16238,15589,14939,14290,13640,12991,12341,20785,20136,19486,18837,18187,17537,16888,16238,15589,14939,14290,13640,21435,20785,20136,19486,18837,18187,17537,16888,16238,15589,14939,14290,22084,21435,20785,20136,19486,18837,18187,17537,16888,16238,22734,22084,21435,20785,20136,19486,18837,18187,17537,16888,18837
43,4547,3897,12991,3897,3248,1949,5196,10393,11042,11692,12341,1949,2598,3897,4547,5196,5846,7145,7794,8444,9094,9743,11042,11692,1299,1949,5196,5846,6495,7794,8444,9094,10393,11042,5196,4547,3897,3248,2598,1949,1299,650,0,1299,3897,4547,5196,5846,7794,8444,9094,9743,10393,5846,5196,4547,3897,3248,1299,650,3897,4547,6495,7145,8444,9094,9743,7145,6495,5846,5196,4547,3897,3248,1949,1949,3897,4547,7145,7794,8444,11692,12341,9094,8444,7794,7145,5196,4547,3897,2598,1949,2598,3248,12341,12991,13640,9743,5846,5196,4547,2598,19486,6495,5846,5196,20785,9743,9094,7794,7145,22734,22084,16888,16238,12341,11692,11042,10393,9743,9094,8444,24033,23383,17537,16888,16238,15589,14939,13640,12991,12341,11692,11042,10393,9743,9094,24682,24033,22084,16888,16238,15589,14939,14290,13640,12991,12341,11692,10393,25332,24682,24033,23383,22734,22084,21435,20136,19486,18837,17537,16888,16238,15589,14939,14290,13640,12991,12341,11692,24033,22734,22084,21435,20785,20136,18837,18187,17537,16888,16238,15589,14939,14290,13640,12991,21435,20785,20136,19486,18837,18187,17537,16888,16238,15589,14939,14290,22084,21435,20785,20136,19486,18837,18187,17537,16888,16238,15589,14939,22734,22084,21435,20785,20136,19486,18837,18187,17537,16888,23383,22734,22084,21435,20785,20136,19486,18837,18187,17537,19486
44,5846,5196,11692,5196,4547,3248,3897,9094,9743,10393,11042,1949,1299,2598,3248,3897,4547,5846,6495,7145,7794,8444,9743,10393,1299,650,3897,4547,5196,6495,7145,7794,9094,9743,6495,5846,5196,4547,3897,3248,2598,1949,1299,0,2598,3248,3897,4547,6495,7145,7794,8444,9094,7145,6495,5846,5196,4547,2598,1949,2598,3248,5196,5846,7145,7794,8444,8444,7794,7145,6495,5846,5196,4547,3248,1949,2598,3248,5846,6495,7145,10393,11042,10393,9743,9094,8444,6495,5846,5196,3897,3248,2598,1949,11042,11692,14939,11042,7145,6495,5846,3897,20785,7794,7145,6495,22084,11042,10393,9094,8444,24033,23383,18187,17537,13640,12991,12341,11692,11042,10393,9743,25332,24682,18837,18187,17537,16888,16238,14939,14290,13640,12991,12341,11692,11042,10393,25981,25332,23383,18187,17537,16888,16238,15589,14939,14290,13640,12991,11692,26631,25981,25332,24682,24033,23383,22734,21435,20785,20136,18837,18187,17537,16888,16238,15589,14939,14290,13640,12991,25332,24033,23383,22734,22084,21435,20136,19486,18837,18187,17537,16888,16238,15589,14939,14290,22734,22084,21435,20785,20136,19486,18837,18187,17537,16888,16238,15589,23383,22734,22084,21435,20785,20136,19486,18837,18187,17537,16888,16238,24033,23383,22734,22084,21435,20785,20136,19486,18837,18187,24682,24033,23383,22734,22084,21435,20785,20136,19486,18837,20785
45,8444,7794,9094,7794,7145,5846,2598,6495,7145,7794,8444,4547,3897,2598,1949,1299,1949,3248,3897,4547,5196,5846,7145,7794,3897,3248,1299,1949,2598,3897,4547,5196,6495,7145,9094,8444,7794,7145,6495,5846,5196,4547,3897,2598,0,650,1299,1949,3897,4547,5196,5846,6495,9743,9094,8444,7794,7145,5196,4547,1299,650,2598,3248,4547,5196,5846,11042,10393,9743,9094,8444,7794,7145,5846,4547,2598,1949,3248,3897,4547,7794,8444,12991,12341,11692,11042,9094,8444,7794,6495,5846,5196,4547,8444,9094,17537,13640,9743,9094,8444,6495,23383,10393,9743,9094,24682,13640,12991,11692,11042,26631,25981,20785,20136,16238,15589,14939,14290,13640,12991,12341,27930,27281,21435,20785,20136,19486,18837,17537,16888,16238,15589,14939,14290,13640,12991,28580,27930,25981,20785,20136,19486,18837,18187,17537,16888,16238,15589,14290,29229,28580,27930,27281,26631,25981,25332,24033,23383,22734,21435,20785,20136,19486,18837,18187,17537,16888,16238,15589,27930,26631,25981,25332,24682,24033,22734,22084,21435,20785,20136,19486,18837,18187,17537,16888,25332,24682,24033,23383,22734,22084,21435,20785,20136,19486,18837,18187,25981,25332,24682,24033,23383,22734,22084,21435,20785,20136,19486,18837,26631,25981,25332,24682,24033,23383,22734,22084,21435,20785,27281,26631,25981,25332,24682,24033,23383,22734,22084,21435,23383
46,9094,8444,8444,8444,7794,6495,3248,5846,6495,7145,7794,5196,4547,3248,2598,1949,1299,2598,3248,3897,4547,5196,6495,7145,4547,3897,650,1299,1949,3248,3897,4547,5846,6495,9743,9094,8444,7794,7145,6495,5846,5196,4547,3248,650,0,650,1299,3248,3897,4547,5196,5846,10393,9743,9094,8444,7794,5846,5196,1949,1299,1949,2598,3897,4547,5196,11692,11042,10393,9743,9094,8444,7794,6495,5196,3248,2598,2598,3248,3897,7145,7794,13640,12991,12341,11692,9743,9094,8444,7145,6495,5846,5196,7794,8444,18187,14290,10393,9743,9094,7145,24033,11042,10393,9743,25332,14290,13640,12341,11692,27281,26631,21435,20785,16888,16238,15589,14939,14290,13640,12991,28580,27930,22084,21435,20785,20136,19486,18187,17537,16888,16238,15589,14939,14290,13640,29229,28580,26631,21435,20785,20136,19486,18837,18187,17537,16888,16238,14939,29879,29229,28580,27930,27281,26631,25981,24682,24033,23383,22084,21435,20785,20136,19486,18837,18187,17537,16888,16238,28580,27281,26631,25981,25332,24682,23383,22734,22084,21435,20785,20136,19486,18837,18187,17537,25981,25332,24682,24033,23383,22734,22084,21435,20785,20136,19486,18837,26631,25981,25332,24682,24033,23383,22734,22084,21435,20785,20136,19486,27281,26631,25981,25332,24682,24033,23383,22734,22084,21435,27930,27281,26631,25981,25332,24682,24033,23383,22734,22084,24033
47,9743,9094,7794,9094,8444,7145,3897,5196,5846,6495,7145,5846,5196,3897,3248,2598,1949,1949,2598,3248,3897,4547,5846,6495,5196,4547,1299,650,1299,2598,3248,3897,5196,5846,10393,9743,9094,8444,7794,7145,6495,5846,5196,3897,1299,650,0,650,2598,3248,3897,4547,5196,11042,10393,9743,9094,8444,6495,5846,2598,1949,1299,1949,3248,3897,4547,12341,11692,11042,10393,9743,9094,8444,7145,5846,3897,3248,1949,2598,3248,6495,7145,14290,13640,12991,12341,10393,9743,9094,7794,7145,6495,5846,7145,7794,18837,14939,11042,10393,9743,7794,24682,11692,11042,10393,25981,14939,14290,12991,12341,27930,27281,22084,21435,17537,16888,16238,15589,14939,14290,13640,29229,28580,22734,22084,21435,20785,20136,18837,18187,17537,16888,16238,15589,14939,14290,29879,29229,27281,22084,21435,20785,20136,19486,18837,18187,17537,16888,15589,30528,29879,29229,28580,27930,27281,26631,25332,24682,24033,22734,22084,21435,20785,20136,19486,18837,18187,17537,16888,29229,27930,27281,26631,25981,25332,24033,23383,22734,22084,21435,20785,20136,19486,18837,18187,26631,25981,25332,24682,24033,23383,22734,22084,21435,20785,20136,19486,27281,26631,25981,25332,24682,24033,23383,22734,22084,21435,20785,20136,27930,27281,26631,25981,25332,24682,24033,23383,22734,22084,28580,27930,27281,26631,25981,25332,24682,24033,23383,22734,24682
48,10393,9743,7145,9743,9094,7794,4547,4547,5196,5846,6495,6495,5846,4547,3897,3248,2598,1299,1949,2598,3248,3897,5196,5846,5846,5196,1949,1299,650,1949,2598,3248,4547,5196,11042,10393,9743,9094,8444,7794,7145,6495,5846,4547,1949,1299,650,0,1949,2598,3248,3897,4547,11692,11042,10393,9743,9094,7145,6495,3248,2598,650,1299,2598,3248,3897,12991,12341,11692,11042,10393,9743,9094,7794,6495,4547,3897,1299,1949,2598,5846,6495,14939,14290,13640,12991,11042,10393,9743,8444,7794,7145,6495,6495,7145,19486,15589,11692,11042,10393,8444,25332,12341,11692,11042,26631,15589,14939,13640,12991,28580,27930,22734,22084,18187,17537,16888,16238,15589,14939,14290,29879,29229,23383,22734,22084,21435,20785,19486,18837,18187,17537,16888,16238,15589,14939,30528,29879,27930,22734,22084,21435,20785,20136,19486,18837,18187,17537,16238,31178,30528,29879,29229,28580,27930,27281,25981,25332,24682,23383,22734,22084,21435,20785,20136,19486,18837,18187,17537,29879,28580,27930,27281,26631,25981,24682,24033,23383,22734,22084,21435,20785,20136,19486,18837,27281,26631,25981,25332,24682,24033,23383,22734,22084,21435,20785,20136,27930,27281,26631,25981,25332,24682,24033,23383,22734,22084,21435,20785,28580,27930,27281,26631,25981,25332,24682,24033,23383,22734,29229,28580,27930,27281,26631,25981,25332,24682,24033,23383,25332
49,12341,11692,5196,11692,11042,9743,6495,2598,3248,3897,4547,8444,7794,6495,5846,5196,4547,3248,2598,1949,1299,1949,3248,3897,7794,7145,3897,3248,2598,1299,650,1299,2598,3248,12991,12341,11692,11042,10393,9743,9094,8444,7794,6495,3897,3248,2598,1949,0,650,1299,1949,2598,13640,12991,12341,11692,11042,9094,8444,5196,4547,2598,1949,650,1299,1949,14939,14290,13640,12991,12341,11692,11042,9743,8444,6495,5846,3248,2598,1949,3897,4547,16888,16238,15589,14939,12991,12341,11692,10393,9743,9094,8444,4547,5196,21435,17537,13640,12991,12341,10393,27281,14290,13640,12991,28580,17537,16888,15589,14939,30528,29879,24682,24033,20136,19486,18837,18187,17537,16888,16238,31827,31178,25332,24682,24033,23383,22734,21435,20785,20136,19486,18837,18187,17537,16888,32477,31827,29879,24682,24033,23383,22734,22084,21435,20785,20136,19486,18187,33126,32477,31827,31178,30528,29879,29229,27930,27281,26631,25332,24682,24033,23383,22734,22084,21435,20785,20136,19486,31827,30528,29879,29229,28580,27930,26631,25981,25332,24682,24033,23383,22734,22084,21435,20785,29229,28580,27930,27281,26631,25981,25332,24682,24033,23383,22734,22084,29879,29229,28580,27930,27281,26631,25981,25332,24682,24033,23383,22734,30528,29879,29229,28580,27930,27281,26631,25981,25332,24682,31178,30528,29879,29229,28580,27930,27281,26631,25981,25332,27281
50,12991,12341,4547,12341,11692,10393,7145,1949,2598,3248,3897,9094,8444,7145,6495,5846,5196,3897,3248,2598,1949,1299,2598,3248,8444,7794,4547,3897,3248,1949,1299,650,1949,2598,13640,12991,12341,11692,11042,10393,9743,9094,8444,7145,4547,3897,3248,2598,650,0,650,1299,1949,14290,13640,12991,12341,11692,9743,9094,5846,5196,3248,2598,1299,650,1299,15589,14939,14290,13640,12991,12341,11692,10393,9094,7145,6495,3897,3248,2598,3248,3897,17537,16888,16238,15589,13640,12991,12341,11042,10393,9743,9094,3897,4547,22084,18187,14290,13640,12991,11042,27930,14939,14290,13640,29229,18187,17537,16238,15589,31178,30528,25332,24682,20785,20136,19486,18837,18187,17537,16888,32477,31827,25981,25332,24682,24033,23383,22084,21435,20785,20136,19486,18837,18187,17537,33126,32477,30528,25332,24682,24033,23383,22734,22084,21435,20785,20136,18837,33776,33126,32477,31827,31178,30528,29879,28580,27930,27281,25981,25332,24682,24033,23383,22734,22084,21435,20785,20136,32477,31178,30528,29879,29229,28580,27281,26631,25981,25332,24682,24033,23383,22734,22084,21435,29879,29229,28580,27930,27281,26631,25981,25332,24682,24033,23383,22734,30528,29879,29229,28580,27930,27281,26631,25981,25332,24682,24033,23383,31178,30528,29879,29229,28580,27930,27281,26631,25981,25332,31827,31178,30528,29879,29229,28580,27930,27281,26631,25981,27930
51,13640,12991,3897,12991,12341,11042,7794,2598,1949,2598,3248,9743,9094,7794,7145,6495,5846,4547,3897,3248,2598,1949,1949,2598,9094,8444,5196,4547,3897,2598,1949,1299,1299,1949,14290,13640,12991,12341,11692,11042,10393,9743,9094,7794,5196,4547,3897,3248,1299,650,0,650,1299,14939,14290,13640,12991,12341,10393,9743,6495,5846,3897,3248,1949,1299,650,16238,15589,14939,14290,13640,12991,12341,11042,9743,7794,7145,4547,3897,3248,2598,3248,18187,17537,16888,16238,14290,13640,12991,11692,11042,10393,9743,3248,3897,22734,18837,14939,14290,13640,11692,28580,15589,14939,14290,29879,18837,18187,16888,16238,31827,31178,25981,25332,21435,20785,20136,19486,18837,18187,17537,33126,32477,26631,25981,25332,24682,24033,22734,22084,21435,20785,20136,19486,18837,18187,33776,33126,31178,25981,25332,24682,24033,23383,22734,22084,21435,20785,19486,34425,33776,33126,32477,31827,31178,30528,29229,28580,27930,26631,25981,25332,24682,24033,23383,22734,22084,21435,20785,33126,31827,31178,30528,29879,29229,27930,27281,26631,25981,25332,24682,24033,23383,22734,22084,30528,29879,29229,28580,27930,27281,26631,25981,25332,24682,24033,23383,31178,30528,29879,29229,28580,27930,27281,26631,25981,25332,24682,24033,31827,31178,30528,29879,29229,28580,27930,27281,26631,25981,32477,31827,31178,30528,29879,29229,28580,27930,27281,26631,28580
52,14290,13640,3248,13640,12991,11692,8444,3248,2598,1949,2598,10393,9743,8444,7794,7145,6495,5196,4547,3897,3248,2598,1299,1949,9743,9094,5846,5196,4547,3248,2598,1949,650,1299,14939,14290,13640,12991,12341,11692,11042,10393,9743,8444,5846,5196,4547,3897,1949,1299,650,0,650,15589,14939,14290,13640,12991,11042,10393,7145,6495,4547,3897,2598,1949,1299,16888,16238,15589,14939,14290,13640,12991,11692,10393,8444,7794,5196,4547,3897,1949,2598,18837,18187,17537,16888,14939,14290,13640,12341,11692,11042,10393,2598,3248,23383,19486,15589,14939,14290,12341,29229,16238,15589,14939,30528,19486,18837,17537,16888,32477,31827,26631,25981,22084,21435,20785,20136,19486,18837,18187,33776,33126,27281,26631,25981,25332,24682,23383,22734,22084,21435,20785,20136,19486,18837,34425,33776,31827,26631,25981,25332,24682,24033,23383,22734,22084,21435,20136,35075,34425,33776,33126,32477,31827,31178,29879,29229,28580,27281,26631,25981,25332,24682,24033,23383,22734,22084,21435,33776,32477,31827,31178,30528,29879,28580,27930,27281,26631,25981,25332,24682,24033,23383,22734,31178,30528,29879,29229,28580,27930,27281,26631,25981,25332,24682,24033,31827,31178,30528,29879,29229,28580,27930,27281,26631,25981,25332,24682,32477,31827,31178,30528,29879,29229,28580,27930,27281,26631,33126,32477,31827,31178,30528,29879,29229,28580,27930,27281,29229
53,14939,14290,2598,14290,13640,12341,9094,3897,3248,2598,1949,11042,10393,9094,8444,7794,7145,5846,5196,4547,3897,3248,1949,1299,10393,9743,6495,5846,5196,3897,3248,2598,1299,650,15589,14939,14290,13640,12991,12341,11692,11042,10393,9094,6495,5846,5196,4547,2598,1949,1299,650,0,16238,15589,14939,14290,13640,11692,11042,7794,7145,5196,4547,3248,2598,1949,17537,16888,16238,15589,14939,14290,13640,12341,11042,9094,8444,5846,5196,4547,1299,1949,19486,18837,18187,17537,15589,14939,14290,12991,12341,11692,11042,1949,2598,24033,20136,16238,15589,14939,12991,29879,16888,16238,15589,31178,20136,19486,18187,17537,33126,32477,27281,26631,22734,22084,21435,20785,20136,19486,18837,34425,33776,27930,27281,26631,25981,25332,24033,23383,22734,22084,21435,20785,20136,19486,35075,34425,32477,27281,26631,25981,25332,24682,24033,23383,22734,22084,20785,35724,35075,34425,33776,33126,32477,31827,30528,29879,29229,27930,27281,26631,25981,25332,24682,24033,23383,22734,22084,34425,33126,32477,31827,31178,30528,29229,28580,27930,27281,26631,25981,25332,24682,24033,23383,31827,31178,30528,29879,29229,28580,27930,27281,26631,25981,25332,24682,32477,31827,31178,30528,29879,29229,28580,27930,27281,26631,25981,25332,33126,32477,31827,31178,30528,29879,29229,28580,27930,27281,33776,33126,32477,31827,31178,30528,29879,29229,28580,27930,29879
54,6495,7145,18837,5846,6495,7794,11042,16238,16888,17537,18187,7794,8444,9743,10393,11042,11692,12991,13640,14290,14939,15589,16888,17537,7145,7794,11042,11692,12341,13640,14290,14939,16238,16888,650,1299,1949,2598,3248,3897,4547,5196,5846,7145,9743,10393,11042,11692,13640,14290,14939,15589,16238,0,650,1299,1949,2598,4547,5196,8444,9094,11042,11692,12991,13640,14290,1299,650,1299,1949,2598,3248,3897,5196,6495,8444,9094,11692,12341,12991,16238,16888,3248,2598,1949,1299,3248,3897,4547,5846,6495,7145,7794,16888,17537,7794,3897,3897,4547,5196,7145,13640,4547,5196,5846,14939,3897,3248,4547,5196,16888,16238,11042,10393,6495,5846,5196,4547,3897,4547,5196,18187,17537,11692,11042,10393,9743,9094,7794,7145,6495,5846,5196,4547,5196,5846,18837,18187,16238,11042,10393,9743,9094,8444,7794,7145,6495,5846,5846,19486,18837,18187,17537,16888,16238,15589,14290,13640,12991,11692,11042,10393,9743,9094,8444,7794,7145,6495,5846,18187,16888,16238,15589,14939,14290,12991,12341,11692,11042,10393,9743,9094,8444,7794,7145,15589,14939,14290,13640,12991,12341,11692,11042,10393,9743,9094,8444,16238,15589,14939,14290,13640,12991,12341,11692,11042,10393,9743,9094,16888,16238,15589,14939,14290,13640,12991,12341,11692,11042,17537,16888,16238,15589,14939,14290,13640,12991,12341,11692,13640
55,5846,6495,18187,5196,5846,7145,10393,15589,16238,16888,17537,7145,7794,9094,9743,10393,11042,12341,12991,13640,14290,14939,16238,16888,6495,7145,10393,11042,11692,12991,13640,14290,15589,16238,1299,650,1299,1949,2598,3248,3897,4547,5196,6495,9094,9743,10393,11042,12991,13640,14290,14939,15589,650,0,650,1299,1949,3897,4547,7794,8444,10393,11042,12341,12991,13640,1949,1299,650,1299,1949,2598,3248,4547,5846,7794,8444,11042,11692,12341,15589,16238,3897,3248,2598,1949,2598,3248,3897,5196,5846,6495,7145,16238,16888,8444,4547,3248,3897,4547,6495,14290,3897,4547,5196,15589,4547,3897,3897,4547,17537,16888,11692,11042,7145,6495,5846,5196,4547,3897,4547,18837,18187,12341,11692,11042,10393,9743,8444,7794,7145,6495,5846,5196,4547,5196,19486,18837,16888,11692,11042,10393,9743,9094,8444,7794,7145,6495,5196,20136,19486,18837,18187,17537,16888,16238,14939,14290,13640,12341,11692,11042,10393,9743,9094,8444,7794,7145,6495,18837,17537,16888,16238,15589,14939,13640,12991,12341,11692,11042,10393,9743,9094,8444,7794,16238,15589,14939,14290,13640,12991,12341,11692,11042,10393,9743,9094,16888,16238,15589,14939,14290,13640,12991,12341,11692,11042,10393,9743,17537,16888,16238,15589,14939,14290,13640,12991,12341,11692,18187,17537,16888,16238,15589,14939,14290,13640,12991,12341,14290
56,5196,5846,17537,4547,5196,6495,9743,14939,15589,16238,16888,6495,7145,8444,9094,9743,10393,11692,12341,12991,13640,14290,15589,16238,5846,6495,9743,10393,11042,12341,12991,13640,14939,15589,1949,1299,650,1299,1949,2598,3248,3897,4547,5846,8444,9094,9743,10393,12341,12991,13640,14290,14939,1299,650,0,650,1299,3248,3897,7145,7794,9743,10393,11692,12341,12991,2598,1949,1299,650,1299,1949,2598,3897,5196,7145,7794,10393,11042,11692,14939,15589,4547,3897,3248,2598,1949,2598,3248,4547,5196,5846,6495,15589,16238,9094,5196,2598,3248,3897,5846,14939,3248,3897,4547,16238,5196,4547,3248,3897,18187,17537,12341,11692,7794,7145,6495,5846,5196,4547,3897,19486,18837,12991,12341,11692,11042,10393,9094,8444,7794,7145,6495,5846,5196,4547,20136,19486,17537,12341,11692,11042,10393,9743,9094,8444,7794,7145,5846,20785,20136,19486,18837,18187,17537,16888,15589,14939,14290,12991,12341,11692,11042,10393,9743,9094,8444,7794,7145,19486,18187,17537,16888,16238,15589,14290,13640,12991,12341,11692,11042,10393,9743,9094,8444,16888,16238,15589,14939,14290,13640,12991,12341,11692,11042,10393,9743,17537,16888,16238,15589,14939,14290,13640,12991,12341,11692,11042,10393,18187,17537,16888,16238,15589,14939,14290,13640,12991,12341,18837,18187,17537,16888,16238,15589,14939,14290,13640,12991,14939
57,4547,5196,16888,3897,4547,5846,9094,14290,14939,15589,16238,5846,6495,7794,8444,9094,9743,11042,11692,12341,12991,13640,14939,15589,5196,5846,9094,9743,10393,11692,12341,12991,14290,14939,2598,1949,1299,650,1299,1949,2598,3248,3897,5196,7794,8444,9094,9743,11692,12341,12991,13640,14290,1949,1299,650,0,650,2598,3248,6495,7145,9094,9743,11042,11692,12341,3248,2598,1949,1299,650,1299,1949,3248,4547,6495,7145,9743,10393,11042,14290,14939,5196,4547,3897,3248,1299,1949,2598,3897,4547,5196,5846,14939,15589,9743,5846,1949,2598,3248,5196,15589,2598,3248,3897,16888,5846,5196,3897,3248,18837,18187,12991,12341,8444,7794,7145,6495,5846,5196,4547,20136,19486,13640,12991,12341,11692,11042,9743,9094,8444,7794,7145,6495,5846,5196,20785,20136,18187,12991,12341,11692,11042,10393,9743,9094,8444,7794,6495,21435,20785,20136,19486,18837,18187,17537,16238,15589,14939,13640,12991,12341,11692,11042,10393,9743,9094,8444,7794,20136,18837,18187,17537,16888,16238,14939,14290,13640,12991,12341,11692,11042,10393,9743,9094,17537,16888,16238,15589,14939,14290,13640,12991,12341,11692,11042,10393,18187,17537,16888,16238,15589,14939,14290,13640,12991,12341,11692,11042,18837,18187,17537,16888,16238,15589,14939,14290,13640,12991,19486,18837,18187,17537,16888,16238,15589,14939,14290,13640,15589
58,3897,4547,16238,3248,3897,5196,8444,13640,14290,14939,15589,5196,5846,7145,7794,8444,9094,10393,11042,11692,12341,12991,14290,14939,4547,5196,8444,9094,9743,11042,11692,12341,13640,14290,3248,2598,1949,1299,650,1299,1949,2598,3248,4547,7145,7794,8444,9094,11042,11692,12341,12991,13640,2598,1949,1299,650,0,1949,2598,5846,6495,8444,9094,10393,11042,11692,3897,3248,2598,1949,1299,650,1299,2598,3897,5846,6495,9094,9743,10393,13640,14290,5846,5196,4547,3897,1949,1299,1949,3248,3897,4547,5196,14290,14939,10393,6495,2598,1949,2598,4547,16238,3248,2598,3248,17537,6495,5846,4547,3897,19486,18837,13640,12991,9094,8444,7794,7145,6495,5846,5196,20785,20136,14290,13640,12991,12341,11692,10393,9743,9094,8444,7794,7145,6495,5846,21435,20785,18837,13640,12991,12341,11692,11042,10393,9743,9094,8444,7145,22084,21435,20785,20136,19486,18837,18187,16888,16238,15589,14290,13640,12991,12341,11692,11042,10393,9743,9094,8444,20785,19486,18837,18187,17537,16888,15589,14939,14290,13640,12991,12341,11692,11042,10393,9743,18187,17537,16888,16238,15589,14939,14290,13640,12991,12341,11692,11042,18837,18187,17537,16888,16238,15589,14939,14290,13640,12991,12341,11692,19486,18837,18187,17537,16888,16238,15589,14939,14290,13640,20136,19486,18837,18187,17537,16888,16238,15589,14939,14290,16238
59,4547,3897,14290,3897,3248,3248,6495,11692,12341,12991,13640,3248,3897,5196,5846,6495,7145,8444,9094,9743,10393,11042,12341,12991,2598,3248,6495,7145,7794,9094,9743,10393,11692,12341,5196,4547,3897,3248,2598,1949,1299,650,1299,2598,5196,5846,6495,7145,9094,9743,10393,11042,11692,4547,3897,3248,2598,1949,0,650,3897,4547,6495,7145,8444,9094,9743,5846,5196,4547,3897,3248,2598,1949,650,1949,3897,4547,7145,7794,8444,11692,12341,7794,7145,6495,5846,3897,3248,2598,1299,1949,2598,3248,12341,12991,12341,8444,4547,3897,3248,2598,18187,5196,4547,3897,19486,8444,7794,6495,5846,21435,20785,15589,14939,11042,10393,9743,9094,8444,7794,7145,22734,22084,16238,15589,14939,14290,13640,12341,11692,11042,10393,9743,9094,8444,7794,23383,22734,20785,15589,14939,14290,13640,12991,12341,11692,11042,10393,9094,24033,23383,22734,22084,21435,20785,20136,18837,18187,17537,16238,15589,14939,14290,13640,12991,12341,11692,11042,10393,22734,21435,20785,20136,19486,18837,17537,16888,16238,15589,14939,14290,13640,12991,12341,11692,20136,19486,18837,18187,17537,16888,16238,15589,14939,14290,13640,12991,20785,20136,19486,18837,18187,17537,16888,16238,15589,14939,14290,13640,21435,20785,20136,19486,18837,18187,17537,16888,16238,15589,22084,21435,20785,20136,19486,18837,18187,17537,16888,16238,18187
60,5196,4547,13640,4547,3897,2598,5846,11042,11692,12341,12991,2598,3248,4547,5196,5846,6495,7794,8444,9094,9743,10393,11692,12341,1949,2598,5846,6495,7145,8444,9094,9743,11042,11692,5846,5196,4547,3897,3248,2598,1949,1299,650,1949,4547,5196,5846,6495,8444,9094,9743,10393,11042,5196,4547,3897,3248,2598,650,0,3248,3897,5846,6495,7794,8444,9094,6495,5846,5196,4547,3897,3248,2598,1299,1299,3248,3897,6495,7145,7794,11042,11692,8444,7794,7145,6495,4547,3897,3248,1949,1299,1949,2598,11692,12341,12991,9094,5196,4547,3897,1949,18837,5846,5196,4547,20136,9094,8444,7145,6495,22084,21435,16238,15589,11692,11042,10393,9743,9094,8444,7794,23383,22734,16888,16238,15589,14939,14290,12991,12341,11692,11042,10393,9743,9094,8444,24033,23383,21435,16238,15589,14939,14290,13640,12991,12341,11692,11042,9743,24682,24033,23383,22734,22084,21435,20785,19486,18837,18187,16888,16238,15589,14939,14290,13640,12991,12341,11692,11042,23383,22084,21435,20785,20136,19486,18187,17537,16888,16238,15589,14939,14290,13640,12991,12341,20785,20136,19486,18837,18187,17537,16888,16238,15589,14939,14290,13640,21435,20785,20136,19486,18837,18187,17537,16888,16238,15589,14939,14290,22084,21435,20785,20136,19486,18837,18187,17537,16888,16238,22734,22084,21435,20785,20136,19486,18837,18187,17537,16888,18837
61,8444,7794,10393,7794,7145,5846,2598,7794,8444,9094,9743,4547,3897,2598,1949,2598,3248,4547,5196,5846,6495,7145,8444,9094,3897,3248,2598,3248,3897,5196,5846,6495,7794,8444,9094,8444,7794,7145,6495,5846,5196,4547,3897,2598,1299,1949,2598,3248,5196,5846,6495,7145,7794,8444,7794,7145,6495,5846,3897,3248,0,650,2598,3248,4547,5196,5846,9743,9094,8444,7794,7145,6495,5846,4547,3248,1299,650,3248,3897,4547,7794,8444,11692,11042,10393,9743,7794,7145,6495,5196,4547,3897,3248,8444,9094,16238,12341,8444,7794,7145,5196,22084,9094,8444,7794,23383,12341,11692,10393,9743,25332,24682,19486,18837,14939,14290,13640,12991,12341,11692,11042,26631,25981,20136,19486,18837,18187,17537,16238,15589,14939,14290,13640,12991,12341,11692,27281,26631,24682,19486,18837,18187,17537,16888,16238,15589,14939,14290,12991,27930,27281,26631,25981,25332,24682,24033,22734,22084,21435,20136,19486,18837,18187,17537,16888,16238,15589,14939,14290,26631,25332,24682,24033,23383,22734,21435,20785,20136,19486,18837,18187,17537,16888,16238,15589,24033,23383,22734,22084,21435,20785,20136,19486,18837,18187,17537,16888,24682,24033,23383,22734,22084,21435,20785,20136,19486,18837,18187,17537,25332,24682,24033,23383,22734,22084,21435,20785,20136,19486,25981,25332,24682,24033,23383,22734,22084,21435,20785,20136,22084
62,9094,8444,9743,8444,7794,6495,3248,7145,7794,8444,9094,5196,4547,3248,2598,1949,2598,3897,4547,5196,5846,6495,7794,8444,4547,3897,1949,2598,3248,4547,5196,5846,7145,7794,9743,9094,8444,7794,7145,6495,5846,5196,4547,3248,650,1299,1949,2598,4547,5196,5846,6495,7145,9094,8444,7794,7145,6495,4547,3897,650,0,1949,2598,3897,4547,5196,10393,9743,9094,8444,7794,7145,6495,5196,3897,1949,1299,2598,3248,3897,7145,7794,12341,11692,11042,10393,8444,7794,7145,5846,5196,4547,3897,7794,8444,16888,12991,9094,8444,7794,5846,22734,9743,9094,8444,24033,12991,12341,11042,10393,25981,25332,20136,19486,15589,14939,14290,13640,12991,12341,11692,27281,26631,20785,20136,19486,18837,18187,16888,16238,15589,14939,14290,13640,12991,12341,27930,27281,25332,20136,19486,18837,18187,17537,16888,16238,15589,14939,13640,28580,27930,27281,26631,25981,25332,24682,23383,22734,22084,20785,20136,19486,18837,18187,17537,16888,16238,15589,14939,27281,25981,25332,24682,24033,23383,22084,21435,20785,20136,19486,18837,18187,17537,16888,16238,24682,24033,23383,22734,22084,21435,20785,20136,19486,18837,18187,17537,25332,24682,24033,23383,22734,22084,21435,20785,20136,19486,18837,18187,25981,25332,24682,24033,23383,22734,22084,21435,20785,20136,26631,25981,25332,24682,24033,23383,22734,22084,21435,20785,22734
63,11042,10393,7794,10393,9743,8444,5196,5196,5846,6495,7145,7145,6495,5196,4547,3897,3248,1949,2598,3248,3897,4547,5846,6495,6495,5846,2598,1949,1299,2598,3248,3897,5196,5846,11692,11042,10393,9743,9094,8444,7794,7145,6495,5196,2598,1949,1299,650,2598,3248,3897,4547,5196,11042,10393,9743,9094,8444,6495,5846,2598,1949,0,650,1949,2598,3248,12341,11692,11042,10393,9743,9094,8444,7145,5846,3897,3248,650,1299,1949,5196,5846,14290,13640,12991,12341,10393,9743,9094,7794,7145,6495,5846,5846,6495,18837,14939,11042,10393,9743,7794,24682,11692,11042,10393,25981,14939,14290,12991,12341,27930,27281,22084,21435,17537,16888,16238,15589,14939,14290,13640,29229,28580,22734,22084,21435,20785,20136,18837,18187,17537,16888,16238,15589,14939,14290,29879,29229,27281,22084,21435,20785,20136,19486,18837,18187,17537,16888,15589,30528,29879,29229,28580,27930,27281,26631,25332,24682,24033,22734,22084,21435,20785,20136,19486,18837,18187,17537,16888,29229,27930,27281,26631,25981,25332,24033,23383,22734,22084,21435,20785,20136,19486,18837,18187,26631,25981,25332,24682,24033,23383,22734,22084,21435,20785,20136,19486,27281,26631,25981,25332,24682,24033,23383,22734,22084,21435,20785,20136,27930,27281,26631,25981,25332,24682,24033,23383,22734,22084,28580,27930,27281,26631,25981,25332,24682,24033,23383,22734,24682
64,11692,11042,7145,11042,10393,9094,5846,4547,5196,5846,6495,7794,7145,5846,5196,4547,3897,2598,1949,2598,3248,3897,5196,5846,7145,6495,3248,2598,1949,1949,2598,3248,4547,5196,12341,11692,11042,10393,9743,9094,8444,7794,7145,5846,3248,2598,1949,1299,1949,2598,3248,3897,4547,11692,11042,10393,9743,9094,7145,6495,3248,2598,650,0,1299,1949,2598,12991,12341,11692,11042,10393,9743,9094,7794,6495,4547,3897,1299,650,1299,4547,5196,14939,14290,13640,12991,11042,10393,9743,8444,7794,7145,6495,5196,5846,19486,15589,11692,11042,10393,8444,25332,12341,11692,11042,26631,15589,14939,13640,12991,28580,27930,22734,22084,18187,17537,16888,16238,15589,14939,14290,29879,29229,23383,22734,22084,21435,20785,19486,18837,18187,17537,16888,16238,15589,14939,30528,29879,27930,22734,22084,21435,20785,20136,19486,18837,18187,17537,16238,31178,30528,29879,29229,28580,27930,27281,25981,25332,24682,23383,22734,22084,21435,20785,20136,19486,18837,18187,17537,29879,28580,27930,27281,26631,25981,24682,24033,23383,22734,22084,21435,20785,20136,19486,18837,27281,26631,25981,25332,24682,24033,23383,22734,22084,21435,20785,20136,27930,27281,26631,25981,25332,24682,24033,23383,22734,22084,21435,20785,28580,27930,27281,26631,25981,25332,24682,24033,23383,22734,29229,28580,27930,27281,26631,25981,25332,24682,24033,23383,25332
65,12991,12341,5846,12341,11692,10393,7145,3248,3897,4547,5196,9094,8444,7145,6495,5846,5196,3897,3248,2598,1949,2598,3897,4547,8444,7794,4547,3897,3248,1949,1299,1949,3248,3897,13640,12991,12341,11692,11042,10393,9743,9094,8444,7145,4547,3897,3248,2598,650,1299,1949,2598,3248,12991,12341,11692,11042,10393,8444,7794,4547,3897,1949,1299,0,650,1299,14290,13640,12991,12341,11692,11042,10393,9094,7794,5846,5196,2598,1949,1299,3248,3897,16238,15589,14939,14290,12341,11692,11042,9743,9094,8444,7794,3897,4547,20785,16888,12991,12341,11692,9743,26631,13640,12991,12341,27930,16888,16238,14939,14290,29879,29229,24033,23383,19486,18837,18187,17537,16888,16238,15589,31178,30528,24682,24033,23383,22734,22084,20785,20136,19486,18837,18187,17537,16888,16238,31827,31178,29229,24033,23383,22734,22084,21435,20785,20136,19486,18837,17537,32477,31827,31178,30528,29879,29229,28580,27281,26631,25981,24682,24033,23383,22734,22084,21435,20785,20136,19486,18837,31178,29879,29229,28580,27930,27281,25981,25332,24682,24033,23383,22734,22084,21435,20785,20136,28580,27930,27281,26631,25981,25332,24682,24033,23383,22734,22084,21435,29229,28580,27930,27281,26631,25981,25332,24682,24033,23383,22734,22084,29879,29229,28580,27930,27281,26631,25981,25332,24682,24033,30528,29879,29229,28580,27930,27281,26631,25981,25332,24682,26631
66,13640,12991,5196,12991,12341,11042,7794,2598,3248,3897,4547,9743,9094,7794,7145,6495,5846,4547,3897,3248,2598,1949,3248,3897,9094,8444,5196,4547,3897,2598,1949,1299,2598,3248,14290,13640,12991,12341,11692,11042,10393,9743,9094,7794,5196,4547,3897,3248,1299,650,1299,1949,2598,13640,12991,12341,11692,11042,9094,8444,5196,4547,2598,1949,650,0,650,14939,14290,13640,12991,12341,11692,11042,9743,8444,6495,5846,3248,2598,1949,2598,3248,16888,16238,15589,14939,12991,12341,11692,10393,9743,9094,8444,3248,3897,21435,17537,13640,12991,12341,10393,27281,14290,13640,12991,28580,17537,16888,15589,14939,30528,29879,24682,24033,20136,19486,18837,18187,17537,16888,16238,31827,31178,25332,24682,24033,23383,22734,21435,20785,20136,19486,18837,18187,17537,16888,32477,31827,29879,24682,24033,23383,22734,22084,21435,20785,20136,19486,18187,33126,32477,31827,31178,30528,29879,29229,27930,27281,26631,25332,24682,24033,23383,22734,22084,21435,20785,20136,19486,31827,30528,29879,29229,28580,27930,26631,25981,25332,24682,24033,23383,22734,22084,21435,20785,29229,28580,27930,27281,26631,25981,25332,24682,24033,23383,22734,22084,29879,29229,28580,27930,27281,26631,25981,25332,24682,24033,23383,22734,30528,29879,29229,28580,27930,27281,26631,25981,25332,24682,31178,30528,29879,29229,28580,27930,27281,26631,25981,25332,27281
67,14290,13640,4547,13640,12991,11692,8444,3248,2598,3248,3897,10393,9743,8444,7794,7145,6495,5196,4547,3897,3248,2598,2598,3248,9743,9094,5846,5196,4547,3248,2598,1949,1949,2598,14939,14290,13640,12991,12341,11692,11042,10393,9743,8444,5846,5196,4547,3897,1949,1299,650,1299,1949,14290,13640,12991,12341,11692,9743,9094,5846,5196,3248,2598,1299,650,0,15589,14939,14290,13640,12991,12341,11692,10393,9094,7145,6495,3897,3248,2598,1949,2598,17537,16888,16238,15589,13640,12991,12341,11042,10393,9743,9094,2598,3248,22084,18187,14290,13640,12991,11042,27930,14939,14290,13640,29229,18187,17537,16238,15589,31178,30528,25332,24682,20785,20136,19486,18837,18187,17537,16888,32477,31827,25981,25332,24682,24033,23383,22084,21435,20785,20136,19486,18837,18187,17537,33126,32477,30528,25332,24682,24033,23383,22734,22084,21435,20785,20136,18837,33776,33126,32477,31827,31178,30528,29879,28580,27930,27281,25981,25332,24682,24033,23383,22734,22084,21435,20785,20136,32477,31178,30528,29879,29229,28580,27281,26631,25981,25332,24682,24033,23383,22734,22084,21435,29879,29229,28580,27930,27281,26631,25981,25332,24682,24033,23383,22734,30528,29879,29229,28580,27930,27281,26631,25981,25332,24682,24033,23383,31178,30528,29879,29229,28580,27930,27281,26631,25981,25332,31827,31178,30528,29879,29229,28580,27930,27281,26631,25981,27930
68,7794,8444,20136,7145,7794,9094,12341,17537,18187,18837,19486,9094,9743,11042,11692,12341,12991,14290,14939,15589,16238,16888,18187,18837,8444,9094,12341,12991,13640,14939,15589,16238,17537,18187,1949,2598,3248,3897,4547,5196,5846,6495,7145,8444,11042,11692,12341,12991,14939,15589,16238,16888,17537,1299,1949,2598,3248,3897,5846,6495,9743,10393,12341,12991,14290,14939,15589,0,650,1299,1949,2598,3248,3897,5196,6495,8444,9094,11692,12341,12991,16238,16888,1949,1299,650,1299,3248,3897,4547,5846,6495,7145,7794,16888,17537,6495,2598,3897,4547,5196,7145,12341,4547,5196,5846,13640,2598,3248,4547,5196,15589,14939,9743,9094,5196,4547,3897,3248,3897,4547,5196,16888,16238,10393,9743,9094,8444,7794,6495,5846,5196,4547,3897,4547,5196,5846,17537,16888,14939,9743,9094,8444,7794,7145,6495,5846,5196,4547,5846,18187,17537,16888,16238,15589,14939,14290,12991,12341,11692,10393,9743,9094,8444,7794,7145,6495,5846,5196,5846,16888,15589,14939,14290,13640,12991,11692,11042,10393,9743,9094,8444,7794,7145,6495,5846,14290,13640,12991,12341,11692,11042,10393,9743,9094,8444,7794,7145,14939,14290,13640,12991,12341,11692,11042,10393,9743,9094,8444,7794,15589,14939,14290,13640,12991,12341,11692,11042,10393,9743,16238,15589,14939,14290,13640,12991,12341,11692,11042,10393,12341
69,7145,7794,19486,6495,7145,8444,11692,16888,17537,18187,18837,8444,9094,10393,11042,11692,12341,13640,14290,14939,15589,16238,17537,18187,7794,8444,11692,12341,12991,14290,14939,15589,16888,17537,1299,1949,2598,3248,3897,4547,5196,5846,6495,7794,10393,11042,11692,12341,14290,14939,15589,16238,16888,650,1299,1949,2598,3248,5196,5846,9094,9743,11692,12341,13640,14290,14939,650,0,650,1299,1949,2598,3248,4547,5846,7794,8444,11042,11692,12341,15589,16238,2598,1949,1299,650,2598,3248,3897,5196,5846,6495,7145,16238,16888,7145,3248,3248,3897,4547,6495,12991,3897,4547,5196,14290,3248,2598,3897,4547,16238,15589,10393,9743,5846,5196,4547,3897,3248,3897,4547,17537,16888,11042,10393,9743,9094,8444,7145,6495,5846,5196,4547,3897,4547,5196,18187,17537,15589,10393,9743,9094,8444,7794,7145,6495,5846,5196,5196,18837,18187,17537,16888,16238,15589,14939,13640,12991,12341,11042,10393,9743,9094,8444,7794,7145,6495,5846,5196,17537,16238,15589,14939,14290,13640,12341,11692,11042,10393,9743,9094,8444,7794,7145,6495,14939,14290,13640,12991,12341,11692,11042,10393,9743,9094,8444,7794,15589,14939,14290,13640,12991,12341,11692,11042,10393,9743,9094,8444,16238,15589,14939,14290,13640,12991,12341,11692,11042,10393,16888,16238,15589,14939,14290,13640,12991,12341,11692,11042,12991
70,6495,7145,18837,5846,6495,7794,11042,16238,16888,17537,18187,7794,8444,9743,10393,11042,11692,12991,13640,14290,14939,15589,16888,17537,7145,7794,11042,11692,12341,13640,14290,14939,16238,16888,1949,1299,1949,2598,3248,3897,4547,5196,5846,7145,9743,10393,11042,11692,13640,14290,14939,15589,16238,1299,650,1299,1949,2598,4547,5196,8444,9094,11042,11692,12991,13640,14290,1299,650,0,650,1299,1949,2598,3897,5196,7145,7794,10393,11042,11692,14939,15589,3248,2598,1949,1299,1949,2598,3248,4547,5196,5846,6495,15589,16238,7794,3897,2598,3248,3897,5846,13640,3248,3897,4547,14939,3897,3248,3248,3897,16888,16238,11042,10393,6495,5846,5196,4547,3897,3248,3897,18187,17537,11692,11042,10393,9743,9094,7794,7145,6495,5846,5196,4547,3897,4547,18837,18187,16238,11042,10393,9743,9094,8444,7794,7145,6495,5846,4547,19486,18837,18187,17537,16888,16238,15589,14290,13640,12991,11692,11042,10393,9743,9094,8444,7794,7145,6495,5846,18187,16888,16238,15589,14939,14290,12991,12341,11692,11042,10393,9743,9094,8444,7794,7145,15589,14939,14290,13640,12991,12341,11692,11042,10393,9743,9094,8444,16238,15589,14939,14290,13640,12991,12341,11692,11042,10393,9743,9094,16888,16238,15589,14939,14290,13640,12991,12341,11692,11042,17537,16888,16238,15589,14939,14290,13640,12991,12341,11692,13640
71,5846,6495,18187,5196,5846,7145,10393,15589,16238,16888,17537,7145,7794,9094,9743,10393,11042,12341,12991,13640,14290,14939,16238,16888,6495,7145,10393,11042,11692,12991,13640,14290,15589,16238,2598,1949,1299,1949,2598,3248,3897,4547,5196,6495,9094,9743,10393,11042,12991,13640,14290,14939,15589,1949,1299,650,1299,1949,3897,4547,7794,8444,10393,11042,12341,12991,13640,1949,1299,650,0,650,1299,1949,3248,4547,6495,7145,9743,10393,11042,14290,14939,3897,3248,2598,1949,1299,1949,2598,3897,4547,5196,5846,14939,15589,8444,4547,1949,2598,3248,5196,14290,2598,3248,3897,15589,4547,3897,2598,3248,17537,16888,11692,11042,7145,6495,5846,5196,4547,3897,3248,18837,18187,12341,11692,11042,10393,9743,8444,7794,7145,6495,5846,5196,4547,3897,19486,18837,16888,11692,11042,10393,9743,9094,8444,7794,7145,6495,5196,20136,19486,18837,18187,17537,16888,16238,14939,14290,13640,12341,11692,11042,10393,9743,9094,8444,7794,7145,6495,18837,17537,16888,16238,15589,14939,13640,12991,12341,11692,11042,10393,9743,9094,8444,7794,16238,15589,14939,14290,13640,12991,12341,11692,11042,10393,9743,9094,16888,16238,15589,14939,14290,13640,12991,12341,11692,11042,10393,9743,17537,16888,16238,15589,14939,14290,13640,12991,12341,11692,18187,17537,16888,16238,15589,14939,14290,13640,12991,12341,14290
72,5196,5846,17537,4547,5196,6495,9743,14939,15589,16238,16888,6495,7145,8444,9094,9743,10393,11692,12341,12991,13640,14290,15589,16238,5846,6495,9743,10393,11042,12341,12991,13640,14939,15589,3248,2598,1949,1299,1949,2598,3248,3897,4547,5846,8444,9094,9743,10393,12341,12991,13640,14290,14939,2598,1949,1299,650,1299,3248,3897,7145,7794,9743,10393,11692,12341,12991,2598,1949,1299,650,0,650,1299,2598,3897,5846,6495,9094,9743,10393,13640,14290,4547,3897,3248,2598,650,1299,1949,3248,3897,4547,5196,14290,14939,9094,5196,1299,1949,2598,4547,14939,1949,2598,3248,16238,5196,4547,3248,2598,18187,17537,12341,11692,7794,7145,6495,5846,5196,4547,3897,19486,18837,12991,12341,11692,11042,10393,9094,8444,7794,7145,6495,5846,5196,4547,20136,19486,17537,12341,11692,11042,10393,9743,9094,8444,7794,7145,5846,20785,20136,19486,18837,18187,17537,16888,15589,14939,14290,12991,12341,11692,11042,10393,9743,9094,8444,7794,7145,19486,18187,17537,16888,16238,15589,14290,13640,12991,12341,11692,11042,10393,9743,9094,8444,16888,16238,15589,14939,14290,13640,12991,12341,11692,11042,10393,9743,17537,16888,16238,15589,14939,14290,13640,12991,12341,11692,11042,10393,18187,17537,16888,16238,15589,14939,14290,13640,12991,12341,18837,18187,17537,16888,16238,15589,14939,14290,13640,12991,14939
73,4547,5196,16888,3897,4547,5846,9094,14290,14939,15589,16238,5846,6495,7794,8444,9094,9743,11042,11692,12341,12991,13640,14939,15589,5196,5846,9094,9743,10393,11692,12341,12991,14290,14939,3897,3248,2598,1949,1299,1949,2598,3248,3897,5196,7794,8444,9094,9743,11692,12341,12991,13640,14290,3248,2598,1949,1299,650,2598,3248,6495,7145,9094,9743,11042,11692,12341,3248,2598,1949,1299,650,0,650,1949,3248,5196,5846,8444,9094,9743,12991,13640,5196,4547,3897,3248,1299,650,1299,2598,3248,3897,4547,13640,14290,9743,5846,1949,1299,1949,3897,15589,2598,1949,2598,16888,5846,5196,3897,3248,18837,18187,12991,12341,8444,7794,7145,6495,5846,5196,4547,20136,19486,13640,12991,12341,11692,11042,9743,9094,8444,7794,7145,6495,5846,5196,20785,20136,18187,12991,12341,11692,11042,10393,9743,9094,8444,7794,6495,21435,20785,20136,19486,18837,18187,17537,16238,15589,14939,13640,12991,12341,11692,11042,10393,9743,9094,8444,7794,20136,18837,18187,17537,16888,16238,14939,14290,13640,12991,12341,11692,11042,10393,9743,9094,17537,16888,16238,15589,14939,14290,13640,12991,12341,11692,11042,10393,18187,17537,16888,16238,15589,14939,14290,13640,12991,12341,11692,11042,18837,18187,17537,16888,16238,15589,14939,14290,13640,12991,19486,18837,18187,17537,16888,16238,15589,14939,14290,13640,15589
74,3897,4547,16238,3248,3897,5196,8444,13640,14290,14939,15589,5196,5846,7145,7794,8444,9094,10393,11042,11692,12341,12991,14290,14939,4547,5196,8444,9094,9743,11042,11692,12341,13640,14290,4547,3897,3248,2598,1949,1299,1949,2598,3248,4547,7145,7794,8444,9094,11042,11692,12341,12991,13640,3897,3248,2598,1949,1299,1949,2598,5846,6495,8444,9094,10393,11042,11692,3897,3248,2598,1949,1299,650,0,1299,2598,4547,5196,7794,8444,9094,12341,12991,5846,5196,4547,3897,1949,1299,650,1949,2598,3248,3897,12991,13640,10393,6495,2598,1949,1299,3248,16238,3248,2598,1949,17537,6495,5846,4547,3897,19486,18837,13640,12991,9094,8444,7794,7145,6495,5846,5196,20785,20136,14290,13640,12991,12341,11692,10393,9743,9094,8444,7794,7145,6495,5846,21435,20785,18837,13640,12991,12341,11692,11042,10393,9743,9094,8444,7145,22084,21435,20785,20136,19486,18837,18187,16888,16238,15589,14290,13640,12991,12341,11692,11042,10393,9743,9094,8444,20785,19486,18837,18187,17537,16888,15589,14939,14290,13640,12991,12341,11692,11042,10393,9743,18187,17537,16888,16238,15589,14939,14290,13640,12991,12341,11692,11042,18837,18187,17537,16888,16238,15589,14939,14290,13640,12991,12341,11692,19486,18837,18187,17537,16888,16238,15589,14939,14290,13640,20136,19486,18837,18187,17537,16888,16238,15589,14939,14290,16238
75,5196,4547,14939,4547,3897,3897,7145,12341,12991,13640,14290,3897,4547,5846,6495,7145,7794,9094,9743,10393,11042,11692,12991,13640,3248,3897,7145,7794,8444,9743,10393,11042,12341,12991,5846,5196,4547,3897,3248,2598,1949,1299,1949,3248,5846,6495,7145,7794,9743,10393,11042,11692,12341,5196,4547,3897,3248,2598,650,1299,4547,5196,7145,7794,9094,9743,10393,5196,4547,3897,3248,2598,1949,1299,0,1299,3248,3897,6495,7145,7794,11042,11692,7145,6495,5846,5196,3248,2598,1949,650,1299,1949,2598,11692,12341,11692,7794,3897,3248,2598,1949,17537,4547,3897,3248,18837,7794,7145,5846,5196,20785,20136,14939,14290,10393,9743,9094,8444,7794,7145,6495,22084,21435,15589,14939,14290,13640,12991,11692,11042,10393,9743,9094,8444,7794,7145,22734,22084,20136,14939,14290,13640,12991,12341,11692,11042,10393,9743,8444,23383,22734,22084,21435,20785,20136,19486,18187,17537,16888,15589,14939,14290,13640,12991,12341,11692,11042,10393,9743,22084,20785,20136,19486,18837,18187,16888,16238,15589,14939,14290,13640,12991,12341,11692,11042,19486,18837,18187,17537,16888,16238,15589,14939,14290,13640,12991,12341,20136,19486,18837,18187,17537,16888,16238,15589,14939,14290,13640,12991,20785,20136,19486,18837,18187,17537,16888,16238,15589,14939,21435,20785,20136,19486,18837,18187,17537,16888,16238,15589,17537
76,6495,5846,13640,5846,5196,3897,5846,11042,11692,12341,12991,2598,3248,4547,5196,5846,6495,7794,8444,9094,9743,10393,11692,12341,1949,2598,5846,6495,7145,8444,9094,9743,11042,11692,7145,6495,5846,5196,4547,3897,3248,2598,1949,1949,4547,5196,5846,6495,8444,9094,9743,10393,11042,6495,5846,5196,4547,3897,1949,1299,3248,3897,5846,6495,7794,8444,9094,6495,5846,5196,4547,3897,3248,2598,1299,0,1949,2598,5196,5846,6495,9743,10393,8444,7794,7145,6495,4547,3897,3248,1949,1299,650,1299,10393,11042,12991,9094,5196,4547,3897,1949,18837,5846,5196,4547,20136,9094,8444,7145,6495,22084,21435,16238,15589,11692,11042,10393,9743,9094,8444,7794,23383,22734,16888,16238,15589,14939,14290,12991,12341,11692,11042,10393,9743,9094,8444,24033,23383,21435,16238,15589,14939,14290,13640,12991,12341,11692,11042,9743,24682,24033,23383,22734,22084,21435,20785,19486,18837,18187,16888,16238,15589,14939,14290,13640,12991,12341,11692,11042,23383,22084,21435,20785,20136,19486,18187,17537,16888,16238,15589,14939,14290,13640,12991,12341,20785,20136,19486,18837,18187,17537,16888,16238,15589,14939,14290,13640,21435,20785,20136,19486,18837,18187,17537,16888,16238,15589,14939,14290,22084,21435,20785,20136,19486,18837,18187,17537,16888,16238,22734,22084,21435,20785,20136,19486,18837,18187,17537,16888,18837
77,8444,7794,11692,7794,7145,5846,3897,9094,9743,10393,11042,4547,3897,2598,3248,3897,4547,5846,6495,7145,7794,8444,9743,10393,3897,3248,3897,4547,5196,6495,7145,7794,9094,9743,9094,8444,7794,7145,6495,5846,5196,4547,3897,2598,2598,3248,3897,4547,6495,7145,7794,8444,9094,8444,7794,7145,6495,5846,3897,3248,1299,1949,3897,4547,5846,6495,7145,8444,7794,7145,6495,5846,5196,4547,3248,1949,0,650,3248,3897,4547,7794,8444,10393,9743,9094,8444,6495,5846,5196,3897,3248,2598,1949,8444,9094,14939,11042,7145,6495,5846,3897,20785,7794,7145,6495,22084,11042,10393,9094,8444,24033,23383,18187,17537,13640,12991,12341,11692,11042,10393,9743,25332,24682,18837,18187,17537,16888,16238,14939,14290,13640,12991,12341,11692,11042,10393,25981,25332,23383,18187,17537,16888,16238,15589,14939,14290,13640,12991,11692,26631,25981,25332,24682,24033,23383,22734,21435,20785,20136,18837,18187,17537,16888,16238,15589,14939,14290,13640,12991,25332,24033,23383,22734,22084,21435,20136,19486,18837,18187,17537,16888,16238,15589,14939,14290,22734,22084,21435,20785,20136,19486,18837,18187,17537,16888,16238,15589,23383,22734,22084,21435,20785,20136,19486,18837,18187,17537,16888,16238,24033,23383,22734,22084,21435,20785,20136,19486,18837,18187,24682,24033,23383,22734,22084,21435,20785,20136,19486,18837,20785
78,9094,8444,11042,8444,7794,6495,3248,8444,9094,9743,10393,5196,4547,3248,2598,3248,3897,5196,5846,6495,7145,7794,9094,9743,4547,3897,3248,3897,4547,5846,6495,7145,8444,9094,9743,9094,8444,7794,7145,6495,5846,5196,4547,3248,1949,2598,3248,3897,5846,6495,7145,7794,8444,9094,8444,7794,7145,6495,4547,3897,650,1299,3248,3897,5196,5846,6495,9094,8444,7794,7145,6495,5846,5196,3897,2598,650,0,2598,3248,3897,7145,7794,11042,10393,9743,9094,7145,6495,5846,4547,3897,3248,2598,7794,8444,15589,11692,7794,7145,6495,4547,21435,8444,7794,7145,22734,11692,11042,9743,9094,24682,24033,18837,18187,14290,13640,12991,12341,11692,11042,10393,25981,25332,19486,18837,18187,17537,16888,15589,14939,14290,13640,12991,12341,11692,11042,26631,25981,24033,18837,18187,17537,16888,16238,15589,14939,14290,13640,12341,27281,26631,25981,25332,24682,24033,23383,22084,21435,20785,19486,18837,18187,17537,16888,16238,15589,14939,14290,13640,25981,24682,24033,23383,22734,22084,20785,20136,19486,18837,18187,17537,16888,16238,15589,14939,23383,22734,22084,21435,20785,20136,19486,18837,18187,17537,16888,16238,24033,23383,22734,22084,21435,20785,20136,19486,18837,18187,17537,16888,24682,24033,23383,22734,22084,21435,20785,20136,19486,18837,25332,24682,24033,23383,22734,22084,21435,20785,20136,19486,21435
79,11692,11042,8444,11042,10393,9094,5846,5846,6495,7145,7794,7794,7145,5846,5196,4547,3897,2598,3248,3897,4547,5196,6495,7145,7145,6495,3248,2598,1949,3248,3897,4547,5846,6495,12341,11692,11042,10393,9743,9094,8444,7794,7145,5846,3248,2598,1949,1299,3248,3897,4547,5196,5846,11692,11042,10393,9743,9094,7145,6495,3248,2598,650,1299,2598,3248,3897,11692,11042,10393,9743,9094,8444,7794,6495,5196,3248,2598,0,650,1299,4547,5196,13640,12991,12341,11692,9743,9094,8444,7145,6495,5846,5196,5196,5846,18187,14290,10393,9743,9094,7145,24033,11042,10393,9743,25332,14290,13640,12341,11692,27281,26631,21435,20785,16888,16238,15589,14939,14290,13640,12991,28580,27930,22084,21435,20785,20136,19486,18187,17537,16888,16238,15589,14939,14290,13640,29229,28580,26631,21435,20785,20136,19486,18837,18187,17537,16888,16238,14939,29879,29229,28580,27930,27281,26631,25981,24682,24033,23383,22084,21435,20785,20136,19486,18837,18187,17537,16888,16238,28580,27281,26631,25981,25332,24682,23383,22734,22084,21435,20785,20136,19486,18837,18187,17537,25981,25332,24682,24033,23383,22734,22084,21435,20785,20136,19486,18837,26631,25981,25332,24682,24033,23383,22734,22084,21435,20785,20136,19486,27281,26631,25981,25332,24682,24033,23383,22734,22084,21435,27930,27281,26631,25981,25332,24682,24033,23383,22734,22084,24033
80,12341,11692,7794,11692,11042,9743,6495,5196,5846,6495,7145,8444,7794,6495,5846,5196,4547,3248,2598,3248,3897,4547,5846,6495,7794,7145,3897,3248,2598,2598,3248,3897,5196,5846,12991,12341,11692,11042,10393,9743,9094,8444,7794,6495,3897,3248,2598,1949,2598,3248,3897,4547,5196,12341,11692,11042,10393,9743,7794,7145,3897,3248,1299,650,1949,2598,3248,12341,11692,11042,10393,9743,9094,8444,7145,5846,3897,3248,650,0,650,3897,4547,14290,13640,12991,12341,10393,9743,9094,7794,7145,6495,5846,4547,5196,18837,14939,11042,10393,9743,7794,24682,11692,11042,10393,25981,14939,14290,12991,12341,27930,27281,22084,21435,17537,16888,16238,15589,14939,14290,13640,29229,28580,22734,22084,21435,20785,20136,18837,18187,17537,16888,16238,15589,14939,14290,29879,29229,27281,22084,21435,20785,20136,19486,18837,18187,17537,16888,15589,30528,29879,29229,28580,27930,27281,26631,25332,24682,24033,22734,22084,21435,20785,20136,19486,18837,18187,17537,16888,29229,27930,27281,26631,25981,25332,24033,23383,22734,22084,21435,20785,20136,19486,18837,18187,26631,25981,25332,24682,24033,23383,22734,22084,21435,20785,20136,19486,27281,26631,25981,25332,24682,24033,23383,22734,22084,21435,20785,20136,27930,27281,26631,25981,25332,24682,24033,23383,22734,22084,28580,27930,27281,26631,25981,25332,24682,24033,23383,22734,24682
81,12991,12341,7145,12341,11692,10393,7145,4547,5196,5846,6495,9094,8444,7145,6495,5846,5196,3897,3248,2598,3248,3897,5196,5846,8444,7794,4547,3897,3248,1949,2598,3248,4547,5196,13640,12991,12341,11692,11042,10393,9743,9094,8444,7145,4547,3897,3248,2598,1949,2598,3248,3897,4547,12991,12341,11692,11042,10393,8444,7794,4547,3897,1949,1299,1299,1949,2598,12991,12341,11692,11042,10393,9743,9094,7794,6495,4547,3897,1299,650,0,3248,3897,14939,14290,13640,12991,11042,10393,9743,8444,7794,7145,6495,3897,4547,19486,15589,11692,11042,10393,8444,25332,12341,11692,11042,26631,15589,14939,13640,12991,28580,27930,22734,22084,18187,17537,16888,16238,15589,14939,14290,29879,29229,23383,22734,22084,21435,20785,19486,18837,18187,17537,16888,16238,15589,14939,30528,29879,27930,22734,22084,21435,20785,20136,19486,18837,18187,17537,16238,31178,30528,29879,29229,28580,27930,27281,25981,25332,24682,23383,22734,22084,21435,20785,20136,19486,18837,18187,17537,29879,28580,27930,27281,26631,25981,24682,24033,23383,22734,22084,21435,20785,20136,19486,18837,27281,26631,25981,25332,24682,24033,23383,22734,22084,21435,20785,20136,27930,27281,26631,25981,25332,24682,24033,23383,22734,22084,21435,20785,28580,27930,27281,26631,25981,25332,24682,24033,23383,22734,29229,28580,27930,27281,26631,25981,25332,24682,24033,23383,25332
82,16238,15589,3897,15589,14939,13640,10393,5196,4547,3897,3248,12341,11692,10393,9743,9094,8444,7145,6495,5846,5196,4547,3248,2598,11692,11042,7794,7145,6495,5196,4547,3897,2598,1949,16888,16238,15589,14939,14290,13640,12991,12341,11692,10393,7794,7145,6495,5846,3897,3248,2598,1949,1299,16238,15589,14939,14290,13640,11692,11042,7794,7145,5196,4547,3248,2598,1949,16238,15589,14939,14290,13640,12991,12341,11042,9743,7794,7145,4547,3897,3248,0,650,18187,17537,16888,16238,14290,13640,12991,11692,11042,10393,9743,650,1299,22734,18837,14939,14290,13640,11692,28580,15589,14939,14290,29879,18837,18187,16888,16238,31827,31178,25981,25332,21435,20785,20136,19486,18837,18187,17537,33126,32477,26631,25981,25332,24682,24033,22734,22084,21435,20785,20136,19486,18837,18187,33776,33126,31178,25981,25332,24682,24033,23383,22734,22084,21435,20785,19486,34425,33776,33126,32477,31827,31178,30528,29229,28580,27930,26631,25981,25332,24682,24033,23383,22734,22084,21435,20785,33126,31827,31178,30528,29879,29229,27930,27281,26631,25981,25332,24682,24033,23383,22734,22084,30528,29879,29229,28580,27930,27281,26631,25981,25332,24682,24033,23383,31178,30528,29879,29229,28580,27930,27281,26631,25981,25332,24682,24033,31827,31178,30528,29879,29229,28580,27930,27281,26631,25981,32477,31827,31178,30528,29879,29229,28580,27930,27281,26631,28580
83,16888,16238,4547,16238,15589,14290,11042,5846,5196,4547,3897,12991,12341,11042,10393,9743,9094,7794,7145,6495,5846,5196,3897,3248,12341,11692,8444,7794,7145,5846,5196,4547,3248,2598,17537,16888,16238,15589,14939,14290,13640,12991,12341,11042,8444,7794,7145,6495,4547,3897,3248,2598,1949,16888,16238,15589,14939,14290,12341,11692,8444,7794,5846,5196,3897,3248,2598,16888,16238,15589,14939,14290,13640,12991,11692,10393,8444,7794,5196,4547,3897,650,0,18837,18187,17537,16888,14939,14290,13640,12341,11692,11042,10393,1299,650,23383,19486,15589,14939,14290,12341,29229,16238,15589,14939,30528,19486,18837,17537,16888,32477,31827,26631,25981,22084,21435,20785,20136,19486,18837,18187,33776,33126,27281,26631,25981,25332,24682,23383,22734,22084,21435,20785,20136,19486,18837,34425,33776,31827,26631,25981,25332,24682,24033,23383,22734,22084,21435,20136,35075,34425,33776,33126,32477,31827,31178,29879,29229,28580,27281,26631,25981,25332,24682,24033,23383,22734,22084,21435,33776,32477,31827,31178,30528,29879,28580,27930,27281,26631,25981,25332,24682,24033,23383,22734,31178,30528,29879,29229,28580,27930,27281,26631,25981,25332,24682,24033,31827,31178,30528,29879,29229,28580,27930,27281,26631,25981,25332,24682,32477,31827,31178,30528,29879,29229,28580,27930,27281,26631,33126,32477,31827,31178,30528,29879,29229,28580,27930,27281,29229
84,9743,10393,22084,9094,9743,11042,14290,19486,20136,20785,21435,11042,11692,12991,13640,14290,14939,16238,16888,17537,18187,18837,20136,20785,10393,11042,14290,14939,15589,16888,17537,18187,19486,20136,3897,4547,5196,5846,6495,7145,7794,8444,9094,10393,12991,13640,14290,14939,16888,17537,18187,18837,19486,3248,3897,4547,5196,5846,7794,8444,11692,12341,14290,14939,16238,16888,17537,1949,2598,3248,3897,4547,5196,5846,7145,8444,10393,11042,13640,14290,14939,18187,18837,0,650,1299,1949,3897,4547,5196,6495,7145,7794,8444,17537,18187,4547,650,4547,5196,5846,7794,10393,5196,5846,6495,11692,3248,3897,5196,5846,13640,12991,7794,7145,3248,2598,3248,3897,4547,5196,5846,14939,14290,8444,7794,7145,6495,5846,4547,3897,3248,3897,4547,5196,5846,6495,15589,14939,12991,7794,7145,6495,5846,5196,4547,3897,4547,5196,6495,16238,15589,14939,14290,13640,12991,12341,11042,10393,9743,8444,7794,7145,6495,5846,5196,4547,5196,5846,6495,14939,13640,12991,12341,11692,11042,9743,9094,8444,7794,7145,6495,5846,5196,5846,6495,12341,11692,11042,10393,9743,9094,8444,7794,7145,6495,5846,6495,12991,12341,11692,11042,10393,9743,9094,8444,7794,7145,6495,7145,13640,12991,12341,11692,11042,10393,9743,9094,8444,7794,14290,13640,12991,12341,11692,11042,10393,9743,9094,8444,10393
85,9094,9743,21435,8444,9094,10393,13640,18837,19486,20136,20785,10393,11042,12341,12991,13640,14290,15589,16238,16888,17537,18187,19486,20136,9743,10393,13640,14290,14939,16238,16888,17537,18837,19486,3248,3897,4547,5196,5846,6495,7145,7794,8444,9743,12341,12991,13640,14290,16238,16888,17537,18187,18837,2598,3248,3897,4547,5196,7145,7794,11042,11692,13640,14290,15589,16238,16888,1299,1949,2598,3248,3897,4547,5196,6495,7794,9743,10393,12991,13640,14290,17537,18187,650,0,650,1299,3248,3897,4547,5846,6495,7145,7794,16888,17537,5196,1299,3897,4547,5196,7145,11042,4547,5196,5846,12341,2598,3248,4547,5196,14290,13640,8444,7794,3897,3248,2598,3248,3897,4547,5196,15589,14939,9094,8444,7794,7145,6495,5196,4547,3897,3248,3897,4547,5196,5846,16238,15589,13640,8444,7794,7145,6495,5846,5196,4547,3897,4547,5846,16888,16238,15589,14939,14290,13640,12991,11692,11042,10393,9094,8444,7794,7145,6495,5846,5196,4547,5196,5846,15589,14290,13640,12991,12341,11692,10393,9743,9094,8444,7794,7145,6495,5846,5196,5846,12991,12341,11692,11042,10393,9743,9094,8444,7794,7145,6495,5846,13640,12991,12341,11692,11042,10393,9743,9094,8444,7794,7145,6495,14290,13640,12991,12341,11692,11042,10393,9743,9094,8444,14939,14290,13640,12991,12341,11692,11042,10393,9743,9094,11042
86,8444,9094,20785,7794,8444,9743,12991,18187,18837,19486,20136,9743,10393,11692,12341,12991,13640,14939,15589,16238,16888,17537,18837,19486,9094,9743,12991,13640,14290,15589,16238,16888,18187,18837,2598,3248,3897,4547,5196,5846,6495,7145,7794,9094,11692,12341,12991,13640,15589,16238,16888,17537,18187,1949,2598,3248,3897,4547,6495,7145,10393,11042,12991,13640,14939,15589,16238,650,1299,1949,2598,3248,3897,4547,5846,7145,9094,9743,12341,12991,13640,16888,17537,1299,650,0,650,2598,3248,3897,5196,5846,6495,7145,16238,16888,5846,1949,3248,3897,4547,6495,11692,3897,4547,5196,12991,1949,2598,3897,4547,14939,14290,9094,8444,4547,3897,3248,2598,3248,3897,4547,16238,15589,9743,9094,8444,7794,7145,5846,5196,4547,3897,3248,3897,4547,5196,16888,16238,14290,9094,8444,7794,7145,6495,5846,5196,4547,3897,5196,17537,16888,16238,15589,14939,14290,13640,12341,11692,11042,9743,9094,8444,7794,7145,6495,5846,5196,4547,5196,16238,14939,14290,13640,12991,12341,11042,10393,9743,9094,8444,7794,7145,6495,5846,5196,13640,12991,12341,11692,11042,10393,9743,9094,8444,7794,7145,6495,14290,13640,12991,12341,11692,11042,10393,9743,9094,8444,7794,7145,14939,14290,13640,12991,12341,11692,11042,10393,9743,9094,15589,14939,14290,13640,12991,12341,11692,11042,10393,9743,11692
87,7794,8444,20136,7145,7794,9094,12341,17537,18187,18837,19486,9094,9743,11042,11692,12341,12991,14290,14939,15589,16238,16888,18187,18837,8444,9094,12341,12991,13640,14939,15589,16238,17537,18187,1949,2598,3248,3897,4547,5196,5846,6495,7145,8444,11042,11692,12341,12991,14939,15589,16238,16888,17537,1299,1949,2598,3248,3897,5846,6495,9743,10393,12341,12991,14290,14939,15589,1299,650,1299,1949,2598,3248,3897,5196,6495,8444,9094,11692,12341,12991,16238,16888,1949,1299,650,0,1949,2598,3248,4547,5196,5846,6495,15589,16238,6495,2598,2598,3248,3897,5846,12341,3248,3897,4547,13640,2598,1949,3248,3897,15589,14939,9743,9094,5196,4547,3897,3248,2598,3248,3897,16888,16238,10393,9743,9094,8444,7794,6495,5846,5196,4547,3897,3248,3897,4547,17537,16888,14939,9743,9094,8444,7794,7145,6495,5846,5196,4547,4547,18187,17537,16888,16238,15589,14939,14290,12991,12341,11692,10393,9743,9094,8444,7794,7145,6495,5846,5196,4547,16888,15589,14939,14290,13640,12991,11692,11042,10393,9743,9094,8444,7794,7145,6495,5846,14290,13640,12991,12341,11692,11042,10393,9743,9094,8444,7794,7145,14939,14290,13640,12991,12341,11692,11042,10393,9743,9094,8444,7794,15589,14939,14290,13640,12991,12341,11692,11042,10393,9743,16238,15589,14939,14290,13640,12991,12341,11692,11042,10393,12341
88,5846,6495,18187,5196,5846,7145,10393,15589,16238,16888,17537,7145,7794,9094,9743,10393,11042,12341,12991,13640,14290,14939,16238,16888,6495,7145,10393,11042,11692,12991,13640,14290,15589,16238,3897,3248,2598,1949,2598,3248,3897,4547,5196,6495,9094,9743,10393,11042,12991,13640,14290,14939,15589,3248,2598,1949,1299,1949,3897,4547,7794,8444,10393,11042,12341,12991,13640,3248,2598,1949,1299,650,1299,1949,3248,4547,6495,7145,9743,10393,11042,14290,14939,3897,3248,2598,1949,0,650,1299,2598,3248,3897,4547,13640,14290,8444,4547,650,1299,1949,3897,14290,1299,1949,2598,15589,4547,3897,2598,1949,17537,16888,11692,11042,7145,6495,5846,5196,4547,3897,3248,18837,18187,12341,11692,11042,10393,9743,8444,7794,7145,6495,5846,5196,4547,3897,19486,18837,16888,11692,11042,10393,9743,9094,8444,7794,7145,6495,5196,20136,19486,18837,18187,17537,16888,16238,14939,14290,13640,12341,11692,11042,10393,9743,9094,8444,7794,7145,6495,18837,17537,16888,16238,15589,14939,13640,12991,12341,11692,11042,10393,9743,9094,8444,7794,16238,15589,14939,14290,13640,12991,12341,11692,11042,10393,9743,9094,16888,16238,15589,14939,14290,13640,12991,12341,11692,11042,10393,9743,17537,16888,16238,15589,14939,14290,13640,12991,12341,11692,18187,17537,16888,16238,15589,14939,14290,13640,12991,12341,14290
89,5196,5846,17537,4547,5196,6495,9743,14939,15589,16238,16888,6495,7145,8444,9094,9743,10393,11692,12341,12991,13640,14290,15589,16238,5846,6495,9743,10393,11042,12341,12991,13640,14939,15589,4547,3897,3248,2598,1949,2598,3248,3897,4547,5846,8444,9094,9743,10393,12341,12991,13640,14290,14939,3897,3248,2598,1949,1299,3248,3897,7145,7794,9743,10393,11692,12341,12991,3897,3248,2598,1949,1299,650,1299,2598,3897,5846,6495,9094,9743,10393,13640,14290,4547,3897,3248,2598,650,0,650,1949,2598,3248,3897,12991,13640,9094,5196,1299,650,1299,3248,14939,1949,1299,1949,16238,5196,4547,3248,2598,18187,17537,12341,11692,7794,7145,6495,5846,5196,4547,3897,19486,18837,12991,12341,11692,11042,10393,9094,8444,7794,7145,6495,5846,5196,4547,20136,19486,17537,12341,11692,11042,10393,9743,9094,8444,7794,7145,5846,20785,20136,19486,18837,18187,17537,16888,15589,14939,14290,12991,12341,11692,11042,10393,9743,9094,8444,7794,7145,19486,18187,17537,16888,16238,15589,14290,13640,12991,12341,11692,11042,10393,9743,9094,8444,16888,16238,15589,14939,14290,13640,12991,12341,11692,11042,10393,9743,17537,16888,16238,15589,14939,14290,13640,12991,12341,11692,11042,10393,18187,17537,16888,16238,15589,14939,14290,13640,12991,12341,18837,18187,17537,16888,16238,15589,14939,14290,13640,12991,14939
90,4547,5196,16888,3897,4547,5846,9094,14290,14939,15589,16238,5846,6495,7794,8444,9094,9743,11042,11692,12341,12991,13640,14939,15589,5196,5846,9094,9743,10393,11692,12341,12991,14290,14939,5196,4547,3897,3248,2598,1949,2598,3248,3897,5196,7794,8444,9094,9743,11692,12341,12991,13640,14290,4547,3897,3248,2598,1949,2598,3248,6495,7145,9094,9743,11042,11692,12341,4547,3897,3248,2598,1949,1299,650,1949,3248,5196,5846,8444,9094,9743,12991,13640,5196,4547,3897,3248,1299,650,0,1299,1949,2598,3248,12341,12991,9743,5846,1949,1299,650,2598,15589,2598,1949,1299,16888,5846,5196,3897,3248,18837,18187,12991,12341,8444,7794,7145,6495,5846,5196,4547,20136,19486,13640,12991,12341,11692,11042,9743,9094,8444,7794,7145,6495,5846,5196,20785,20136,18187,12991,12341,11692,11042,10393,9743,9094,8444,7794,6495,21435,20785,20136,19486,18837,18187,17537,16238,15589,14939,13640,12991,12341,11692,11042,10393,9743,9094,8444,7794,20136,18837,18187,17537,16888,16238,14939,14290,13640,12991,12341,11692,11042,10393,9743,9094,17537,16888,16238,15589,14939,14290,13640,12991,12341,11692,11042,10393,18187,17537,16888,16238,15589,14939,14290,13640,12991,12341,11692,11042,18837,18187,17537,16888,16238,15589,14939,14290,13640,12991,19486,18837,18187,17537,16888,16238,15589,14939,14290,13640,15589
91,5846,5196,15589,5196,4547,4547,7794,12991,13640,14290,14939,4547,5196,6495,7145,7794,8444,9743,10393,11042,11692,12341,13640,14290,3897,4547,7794,8444,9094,10393,11042,11692,12991,13640,6495,5846,5196,4547,3897,3248,2598,1949,2598,3897,6495,7145,7794,8444,10393,11042,11692,12341,12991,5846,5196,4547,3897,3248,1299,1949,5196,5846,7794,8444,9743,10393,11042,5846,5196,4547,3897,3248,2598,1949,650,1949,3897,4547,7145,7794,8444,11692,12341,6495,5846,5196,4547,2598,1949,1299,0,650,1299,1949,11042,11692,11042,7145,3248,2598,1949,1299,16888,3897,3248,2598,18187,7145,6495,5196,4547,20136,19486,14290,13640,9743,9094,8444,7794,7145,6495,5846,21435,20785,14939,14290,13640,12991,12341,11042,10393,9743,9094,8444,7794,7145,6495,22084,21435,19486,14290,13640,12991,12341,11692,11042,10393,9743,9094,7794,22734,22084,21435,20785,20136,19486,18837,17537,16888,16238,14939,14290,13640,12991,12341,11692,11042,10393,9743,9094,21435,20136,19486,18837,18187,17537,16238,15589,14939,14290,13640,12991,12341,11692,11042,10393,18837,18187,17537,16888,16238,15589,14939,14290,13640,12991,12341,11692,19486,18837,18187,17537,16888,16238,15589,14939,14290,13640,12991,12341,20136,19486,18837,18187,17537,16888,16238,15589,14939,14290,20785,20136,19486,18837,18187,17537,16888,16238,15589,14939,16888
92,6495,5846,14939,5846,5196,3897,7145,12341,12991,13640,14290,3897,4547,5846,6495,7145,7794,9094,9743,10393,11042,11692,12991,13640,3248,3897,7145,7794,8444,9743,10393,11042,12341,12991,7145,6495,5846,5196,4547,3897,3248,2598,1949,3248,5846,6495,7145,7794,9743,10393,11042,11692,12341,6495,5846,5196,4547,3897,1949,1299,4547,5196,7145,7794,9094,9743,10393,6495,5846,5196,4547,3897,3248,2598,1299,1299,3248,3897,6495,7145,7794,11042,11692,7145,6495,5846,5196,3248,2598,1949,650,0,650,1299,10393,11042,11692,7794,3897,3248,2598,650,17537,4547,3897,3248,18837,7794,7145,5846,5196,20785,20136,14939,14290,10393,9743,9094,8444,7794,7145,6495,22084,21435,15589,14939,14290,13640,12991,11692,11042,10393,9743,9094,8444,7794,7145,22734,22084,20136,14939,14290,13640,12991,12341,11692,11042,10393,9743,8444,23383,22734,22084,21435,20785,20136,19486,18187,17537,16888,15589,14939,14290,13640,12991,12341,11692,11042,10393,9743,22084,20785,20136,19486,18837,18187,16888,16238,15589,14939,14290,13640,12991,12341,11692,11042,19486,18837,18187,17537,16888,16238,15589,14939,14290,13640,12991,12341,20136,19486,18837,18187,17537,16888,16238,15589,14939,14290,13640,12991,20785,20136,19486,18837,18187,17537,16888,16238,15589,14939,21435,20785,20136,19486,18837,18187,17537,16888,16238,15589,17537
93,7145,6495,14290,6495,5846,4547,6495,11692,12341,12991,13640,3248,3897,5196,5846,6495,7145,8444,9094,9743,10393,11042,12341,12991,2598,3248,6495,7145,7794,9094,9743,10393,11692,12341,7794,7145,6495,5846,5196,4547,3897,3248,2598,2598,5196,5846,6495,7145,9094,9743,10393,11042,11692,7145,6495,5846,5196,4547,2598,1949,3897,4547,6495,7145,8444,9094,9743,7145,6495,5846,5196,4547,3897,3248,1949,650,2598,3248,5846,6495,7145,10393,11042,7794,7145,6495,5846,3897,3248,2598,1299,650,0,650,9743,10393,12341,8444,4547,3897,3248,1299,18187,5196,4547,3897,19486,8444,7794,6495,5846,21435,20785,15589,14939,11042,10393,9743,9094,8444,7794,7145,22734,22084,16238,15589,14939,14290,13640,12341,11692,11042,10393,9743,9094,8444,7794,23383,22734,20785,15589,14939,14290,13640,12991,12341,11692,11042,10393,9094,24033,23383,22734,22084,21435,20785,20136,18837,18187,17537,16238,15589,14939,14290,13640,12991,12341,11692,11042,10393,22734,21435,20785,20136,19486,18837,17537,16888,16238,15589,14939,14290,13640,12991,12341,11692,20136,19486,18837,18187,17537,16888,16238,15589,14939,14290,13640,12991,20785,20136,19486,18837,18187,17537,16888,16238,15589,14939,14290,13640,21435,20785,20136,19486,18837,18187,17537,16888,16238,15589,22084,21435,20785,20136,19486,18837,18187,17537,16888,16238,18187
94,7794,7145,13640,7145,6495,5196,5846,11042,11692,12341,12991,3897,3248,4547,5196,5846,6495,7794,8444,9094,9743,10393,11692,12341,3248,2598,5846,6495,7145,8444,9094,9743,11042,11692,8444,7794,7145,6495,5846,5196,4547,3897,3248,1949,4547,5196,5846,6495,8444,9094,9743,10393,11042,7794,7145,6495,5846,5196,3248,2598,3248,3897,5846,6495,7794,8444,9094,7794,7145,6495,5846,5196,4547,3897,2598,1299,1949,2598,5196,5846,6495,9743,10393,8444,7794,7145,6495,4547,3897,3248,1949,1299,650,0,9094,9743,12991,9094,5196,4547,3897,1949,18837,5846,5196,4547,20136,9094,8444,7145,6495,22084,21435,16238,15589,11692,11042,10393,9743,9094,8444,7794,23383,22734,16888,16238,15589,14939,14290,12991,12341,11692,11042,10393,9743,9094,8444,24033,23383,21435,16238,15589,14939,14290,13640,12991,12341,11692,11042,9743,24682,24033,23383,22734,22084,21435,20785,19486,18837,18187,16888,16238,15589,14939,14290,13640,12991,12341,11692,11042,23383,22084,21435,20785,20136,19486,18187,17537,16888,16238,15589,14939,14290,13640,12991,12341,20785,20136,19486,18837,18187,17537,16888,16238,15589,14939,14290,13640,21435,20785,20136,19486,18837,18187,17537,16888,16238,15589,14939,14290,22084,21435,20785,20136,19486,18837,18187,17537,16888,16238,22734,22084,21435,20785,20136,19486,18837,18187,17537,16888,18837
95,16888,16238,4547,16238,15589,14290,11042,5846,5196,4547,3897,12991,12341,11042,10393,9743,9094,7794,7145,6495,5846,5196,3897,3248,12341,11692,8444,7794,7145,5846,5196,4547,3248,2598,17537,16888,16238,15589,14939,14290,13640,12991,12341,11042,8444,7794,7145,6495,4547,3897,3248,2598,1949,16888,16238,15589,14939,14290,12341,11692,8444,7794,5846,5196,3897,3248,2598,16888,16238,15589,14939,14290,13640,12991,11692,10393,8444,7794,5196,4547,3897,650,1299,17537,16888,16238,15589,13640,12991,12341,11042,10393,9743,9094,0,650,22084,18187,14290,13640,12991,11042,27930,14939,14290,13640,29229,18187,17537,16238,15589,31178,30528,25332,24682,20785,20136,19486,18837,18187,17537,16888,32477,31827,25981,25332,24682,24033,23383,22084,21435,20785,20136,19486,18837,18187,17537,33126,32477,30528,25332,24682,24033,23383,22734,22084,21435,20785,20136,18837,33776,33126,32477,31827,31178,30528,29879,28580,27930,27281,25981,25332,24682,24033,23383,22734,22084,21435,20785,20136,32477,31178,30528,29879,29229,28580,27281,26631,25981,25332,24682,24033,23383,22734,22084,21435,29879,29229,28580,27930,27281,26631,25981,25332,24682,24033,23383,22734,30528,29879,29229,28580,27930,27281,26631,25981,25332,24682,24033,23383,31178,30528,29879,29229,28580,27930,27281,26631,25981,25332,31827,31178,30528,29879,29229,28580,27930,27281,26631,25981,27930
96,17537,16888,5196,16888,16238,14939,11692,6495,5846,5196,4547,13640,12991,11692,11042,10393,9743,8444,7794,7145,6495,5846,4547,3897,12991,12341,9094,8444,7794,6495,5846,5196,3897,3248,18187,17537,16888,16238,15589,14939,14290,13640,12991,11692,9094,8444,7794,7145,5196,4547,3897,3248,2598,17537,16888,16238,15589,14939,12991,12341,9094,8444,6495,5846,4547,3897,3248,17537,16888,16238,15589,14939,14290,13640,12341,11042,9094,8444,5846,5196,4547,1299,650,18187,17537,16888,16238,14290,13640,12991,11692,11042,10393,9743,650,0,22734,18837,14939,14290,13640,11692,28580,15589,14939,14290,29879,18837,18187,16888,16238,31827,31178,25981,25332,21435,20785,20136,19486,18837,18187,17537,33126,32477,26631,25981,25332,24682,24033,22734,22084,21435,20785,20136,19486,18837,18187,33776,33126,31178,25981,25332,24682,24033,23383,22734,22084,21435,20785,19486,34425,33776,33126,32477,31827,31178,30528,29229,28580,27930,26631,25981,25332,24682,24033,23383,22734,22084,21435,20785,33126,31827,31178,30528,29879,29229,27930,27281,26631,25981,25332,24682,24033,23383,22734,22084,30528,29879,29229,28580,27930,27281,26631,25981,25332,24682,24033,23383,31178,30528,29879,29229,28580,27930,27281,26631,25981,25332,24682,24033,31827,31178,30528,29879,29229,28580,27930,27281,26631,25981,32477,31827,31178,30528,29879,29229,28580,27930,27281,26631,28580
97,14290,14939,26631,13640,14290,15589,18837,24033,24682,25332,25981,15589,16238,17537,18187,18837,19486,20785,21435,22084,22734,23383,24682,25332,14939,15589,18837,19486,20136,21435,22084,22734,24033,24682,8444,9094,9743,10393,11042,11692,12341,12991,13640,14939,17537,18187,18837,19486,21435,22084,22734,23383,24033,7794,8444,9094,9743,10393,12341,12991,16238,16888,18837,19486,20785,21435,22084,6495,7145,7794,8444,9094,9743,10393,11692,12991,14939,15589,18187,18837,19486,22734,23383,4547,5196,5846,6495,8444,9094,9743,11042,11692,12341,12991,22084,22734,0,3897,7794,8444,9094,11042,5846,8444,9094,9743,7145,6495,7145,8444,9094,9094,8444,3248,2598,5196,5846,6495,7145,7794,8444,9094,10393,9743,3897,3248,2598,3248,3897,5196,5846,6495,7145,7794,8444,9094,9743,11042,10393,8444,3248,3897,4547,5196,5846,6495,7145,7794,8444,9743,11692,11042,10393,9743,9094,8444,7794,6495,5846,5196,3897,4547,5196,5846,6495,7145,7794,8444,9094,9743,10393,9094,8444,7794,7145,6495,5196,4547,5196,5846,6495,7145,7794,8444,9094,9743,7794,7145,6495,5846,5196,5846,6495,7145,7794,8444,9094,9743,8444,7794,7145,6495,5846,6495,7145,7794,8444,9094,9743,10393,9094,8444,7794,7145,6495,7145,7794,8444,9094,9743,9743,9094,8444,7794,7145,7794,8444,9094,9743,10393,9743
98,10393,11042,22734,9743,10393,11692,14939,20136,20785,21435,22084,11692,12341,13640,14290,14939,15589,16888,17537,18187,18837,19486,20785,21435,11042,11692,14939,15589,16238,17537,18187,18837,20136,20785,4547,5196,5846,6495,7145,7794,8444,9094,9743,11042,13640,14290,14939,15589,17537,18187,18837,19486,20136,3897,4547,5196,5846,6495,8444,9094,12341,12991,14939,15589,16888,17537,18187,2598,3248,3897,4547,5196,5846,6495,7794,9094,11042,11692,14290,14939,15589,18837,19486,650,1299,1949,2598,4547,5196,5846,7145,7794,8444,9094,18187,18837,3897,0,3897,4547,5196,7145,9743,4547,5196,5846,11042,2598,3248,4547,5196,12991,12341,7145,6495,2598,1949,2598,3248,3897,4547,5196,14290,13640,7794,7145,6495,5846,5196,3897,3248,2598,3248,3897,4547,5196,5846,14939,14290,12341,7145,6495,5846,5196,4547,3897,3248,3897,4547,5846,15589,14939,14290,13640,12991,12341,11692,10393,9743,9094,7794,7145,6495,5846,5196,4547,3897,4547,5196,5846,14290,12991,12341,11692,11042,10393,9094,8444,7794,7145,6495,5846,5196,4547,5196,5846,11692,11042,10393,9743,9094,8444,7794,7145,6495,5846,5196,5846,12341,11692,11042,10393,9743,9094,8444,7794,7145,6495,5846,6495,12991,12341,11692,11042,10393,9743,9094,8444,7794,7145,13640,12991,12341,11692,11042,10393,9743,9094,8444,7794,9743
99,6495,7145,18837,5846,6495,7794,11042,16238,16888,17537,18187,7794,8444,9743,10393,11042,11692,12991,13640,14290,14939,15589,16888,17537,7145,7794,11042,11692,12341,13640,14290,14939,16238,16888,4547,3897,3248,2598,3248,3897,4547,5196,5846,7145,9743,10393,11042,11692,13640,14290,14939,15589,16238,3897,3248,2598,1949,2598,4547,5196,8444,9094,11042,11692,12991,13640,14290,3897,3248,2598,1949,1299,1949,2598,3897,5196,7145,7794,10393,11042,11692,14939,15589,4547,3897,3248,2598,650,1299,1949,3248,3897,4547,5196,14290,14939,7794,3897,0,650,1299,3248,13640,650,1299,1949,14939,3897,3248,1949,1299,16888,16238,11042,10393,6495,5846,5196,4547,3897,3248,2598,18187,17537,11692,11042,10393,9743,9094,7794,7145,6495,5846,5196,4547,3897,3248,18837,18187,16238,11042,10393,9743,9094,8444,7794,7145,6495,5846,4547,19486,18837,18187,17537,16888,16238,15589,14290,13640,12991,11692,11042,10393,9743,9094,8444,7794,7145,6495,5846,18187,16888,16238,15589,14939,14290,12991,12341,11692,11042,10393,9743,9094,8444,7794,7145,15589,14939,14290,13640,12991,12341,11692,11042,10393,9743,9094,8444,16238,15589,14939,14290,13640,12991,12341,11692,11042,10393,9743,9094,16888,16238,15589,14939,14290,13640,12991,12341,11692,11042,17537,16888,16238,15589,14939,14290,13640,12991,12341,11692,13640
100,5846,6495,18187,5196,5846,7145,10393,15589,16238,16888,17537,7145,7794,9094,9743,10393,11042,12341,12991,13640,14290,14939,16238,16888,6495,7145,10393,11042,11692,12991,13640,14290,15589,16238,5196,4547,3897,3248,2598,3248,3897,4547,5196,6495,9094,9743,10393,11042,12991,13640,14290,14939,15589,4547,3897,3248,2598,1949,3897,4547,7794,8444,10393,11042,12341,12991,13640,4547,3897,3248,2598,1949,1299,1949,3248,4547,6495,7145,9743,10393,11042,14290,14939,5196,4547,3897,3248,1299,650,1299,2598,3248,3897,4547,13640,14290,8444,4547,650,0,650,2598,14290,1299,650,1299,15589,4547,3897,2598,1949,17537,16888,11692,11042,7145,6495,5846,5196,4547,3897,3248,18837,18187,12341,11692,11042,10393,9743,8444,7794,7145,6495,5846,5196,4547,3897,19486,18837,16888,11692,11042,10393,9743,9094,8444,7794,7145,6495,5196,20136,19486,18837,18187,17537,16888,16238,14939,14290,13640,12341,11692,11042,10393,9743,9094,8444,7794,7145,6495,18837,17537,16888,16238,15589,14939,13640,12991,12341,11692,11042,10393,9743,9094,8444,7794,16238,15589,14939,14290,13640,12991,12341,11692,11042,10393,9743,9094,16888,16238,15589,14939,14290,13640,12991,12341,11692,11042,10393,9743,17537,16888,16238,15589,14939,14290,13640,12991,12341,11692,18187,17537,16888,16238,15589,14939,14290,13640,12991,12341,14290
101,5196,5846,17537,4547,5196,6495,9743,14939,15589,16238,16888,6495,7145,8444,9094,9743,10393,11692,12341,12991,13640,14290,15589,16238,5846,6495,9743,10393,11042,12341,12991,13640,14939,15589,5846,5196,4547,3897,3248,2598,3248,3897,4547,5846,8444,9094,9743,10393,12341,12991,13640,14290,14939,5196,4547,3897,3248,2598,3248,3897,7145,7794,9743,10393,11692,12341,12991,5196,4547,3897,3248,2598,1949,1299,2598,3897,5846,6495,9094,9743,10393,13640,14290,5846,5196,4547,3897,1949,1299,650,1949,2598,3248,3897,12991,13640,9094,5196,1299,650,0,1949,14939,1949,1299,650,16238,5196,4547,3248,2598,18187,17537,12341,11692,7794,7145,6495,5846,5196,4547,3897,19486,18837,12991,12341,11692,11042,10393,9094,8444,7794,7145,6495,5846,5196,4547,20136,19486,17537,12341,11692,11042,10393,9743,9094,8444,7794,7145,5846,20785,20136,19486,18837,18187,17537,16888,15589,14939,14290,12991,12341,11692,11042,10393,9743,9094,8444,7794,7145,19486,18187,17537,16888,16238,15589,14290,13640,12991,12341,11692,11042,10393,9743,9094,8444,16888,16238,15589,14939,14290,13640,12991,12341,11692,11042,10393,9743,17537,16888,16238,15589,14939,14290,13640,12991,12341,11692,11042,10393,18187,17537,16888,16238,15589,14939,14290,13640,12991,12341,18837,18187,17537,16888,16238,15589,14939,14290,13640,12991,14939
102,7145,6495,15589,6495,5846,4547,7794,12991,13640,14290,14939,4547,5196,6495,7145,7794,8444,9743,10393,11042,11692,12341,13640,14290,3897,4547,7794,8444,9094,10393,11042,11692,12991,13640,7794,7145,6495,5846,5196,4547,3897,3248,2598,3897,6495,7145,7794,8444,10393,11042,11692,12341,12991,7145,6495,5846,5196,4547,2598,1949,5196,5846,7794,8444,9743,10393,11042,7145,6495,5846,5196,4547,3897,3248,1949,1949,3897,4547,7145,7794,8444,11692,12341,7794,7145,6495,5846,3897,3248,2598,1299,650,1299,1949,11042,11692,11042,7145,3248,2598,1949,0,16888,3897,3248,2598,18187,7145,6495,5196,4547,20136,19486,14290,13640,9743,9094,8444,7794,7145,6495,5846,21435,20785,14939,14290,13640,12991,12341,11042,10393,9743,9094,8444,7794,7145,6495,22084,21435,19486,14290,13640,12991,12341,11692,11042,10393,9743,9094,7794,22734,22084,21435,20785,20136,19486,18837,17537,16888,16238,14939,14290,13640,12991,12341,11692,11042,10393,9743,9094,21435,20136,19486,18837,18187,17537,16238,15589,14939,14290,13640,12991,12341,11692,11042,10393,18837,18187,17537,16888,16238,15589,14939,14290,13640,12991,12341,11692,19486,18837,18187,17537,16888,16238,15589,14939,14290,13640,12991,12341,20136,19486,18837,18187,17537,16888,16238,15589,14939,14290,20785,20136,19486,18837,18187,17537,16888,16238,15589,14939,16888
103,20136,20785,32477,19486,20136,21435,24682,29879,30528,31178,31827,21435,22084,23383,24033,24682,25332,26631,27281,27930,28580,29229,30528,31178,20785,21435,24682,25332,25981,27281,27930,28580,29879,30528,14290,14939,15589,16238,16888,17537,18187,18837,19486,20785,23383,24033,24682,25332,27281,27930,28580,29229,29879,13640,14290,14939,15589,16238,18187,18837,22084,22734,24682,25332,26631,27281,27930,12341,12991,13640,14290,14939,15589,16238,17537,18837,20785,21435,24033,24682,25332,28580,29229,10393,11042,11692,12341,14290,14939,15589,16888,17537,18187,18837,27930,28580,5846,9743,13640,14290,14939,16888,0,12991,13640,14290,1299,11042,11692,12991,13640,3248,2598,5196,5846,9743,10393,11042,11692,12341,12991,13640,4547,3897,5846,6495,7145,7794,8444,9743,10393,11042,11692,12341,12991,13640,14290,5196,4547,2598,7794,8444,9094,9743,10393,11042,11692,12341,12991,14290,5846,5196,4547,3897,3248,3897,4547,5846,6495,7145,8444,9094,9743,10393,11042,11692,12341,12991,13640,14290,4547,4547,5196,5846,6495,7145,8444,9094,9743,10393,11042,11692,12341,12991,13640,14290,7145,7794,8444,9094,9743,10393,11042,11692,12341,12991,13640,14290,7794,8444,9094,9743,10393,11042,11692,12341,12991,13640,14290,14939,8444,9094,9743,10393,11042,11692,12341,12991,13640,14290,9094,9743,10393,11042,11692,12341,12991,13640,14290,14939,14290
104,7145,7794,19486,6495,7145,8444,11692,16888,17537,18187,18837,8444,9094,10393,11042,11692,12341,13640,14290,14939,15589,16238,17537,18187,7794,8444,11692,12341,12991,14290,14939,15589,16888,17537,5196,4547,3897,3248,3897,4547,5196,5846,6495,7794,10393,11042,11692,12341,14290,14939,15589,16238,16888,4547,3897,3248,2598,3248,5196,5846,9094,9743,11692,12341,13640,14290,14939,4547,3897,3248,2598,1949,2598,3248,4547,5846,7794,8444,11042,11692,12341,15589,16238,5196,4547,3897,3248,1299,1949,2598,3897,4547,5196,5846,14939,15589,8444,4547,650,1299,1949,3897,12991,0,650,1299,14290,3248,2598,1299,650,16238,15589,10393,9743,5846,5196,4547,3897,3248,2598,1949,17537,16888,11042,10393,9743,9094,8444,7145,6495,5846,5196,4547,3897,3248,2598,18187,17537,15589,10393,9743,9094,8444,7794,7145,6495,5846,5196,3897,18837,18187,17537,16888,16238,15589,14939,13640,12991,12341,11042,10393,9743,9094,8444,7794,7145,6495,5846,5196,17537,16238,15589,14939,14290,13640,12341,11692,11042,10393,9743,9094,8444,7794,7145,6495,14939,14290,13640,12991,12341,11692,11042,10393,9743,9094,8444,7794,15589,14939,14290,13640,12991,12341,11692,11042,10393,9743,9094,8444,16238,15589,14939,14290,13640,12991,12341,11692,11042,10393,16888,16238,15589,14939,14290,13640,12991,12341,11692,11042,12991
105,6495,7145,18837,5846,6495,7794,11042,16238,16888,17537,18187,7794,8444,9743,10393,11042,11692,12991,13640,14290,14939,15589,16888,17537,7145,7794,11042,11692,12341,13640,14290,14939,16238,16888,5846,5196,4547,3897,3248,3897,4547,5196,5846,7145,9743,10393,11042,11692,13640,14290,14939,15589,16238,5196,4547,3897,3248,2598,4547,5196,8444,9094,11042,11692,12991,13640,14290,5196,4547,3897,3248,2598,1949,2598,3897,5196,7145,7794,10393,11042,11692,14939,15589,5846,5196,4547,3897,1949,1299,1949,3248,3897,4547,5196,14290,14939,9094,5196,1299,650,1299,3248,13640,650,0,650,14939,3897,3248,1949,1299,16888,16238,11042,10393,6495,5846,5196,4547,3897,3248,2598,18187,17537,11692,11042,10393,9743,9094,7794,7145,6495,5846,5196,4547,3897,3248,18837,18187,16238,11042,10393,9743,9094,8444,7794,7145,6495,5846,4547,19486,18837,18187,17537,16888,16238,15589,14290,13640,12991,11692,11042,10393,9743,9094,8444,7794,7145,6495,5846,18187,16888,16238,15589,14939,14290,12991,12341,11692,11042,10393,9743,9094,8444,7794,7145,15589,14939,14290,13640,12991,12341,11692,11042,10393,9743,9094,8444,16238,15589,14939,14290,13640,12991,12341,11692,11042,10393,9743,9094,16888,16238,15589,14939,14290,13640,12991,12341,11692,11042,17537,16888,16238,15589,14939,14290,13640,12991,12341,11692,13640
106,5846,6495,18187,5196,5846,7145,10393,15589,16238,16888,17537,7145,7794,9094,9743,10393,11042,12341,12991,13640,14290,14939,16238,16888,6495,7145,10393,11042,11692,12991,13640,14290,15589,16238,6495,5846,5196,4547,3897,3248,3897,4547,5196,6495,9094,9743,10393,11042,12991,13640,14290,14939,15589,5846,5196,4547,3897,3248,3897,4547,7794,8444,10393,11042,12341,12991,13640,5846,5196,4547,3897,3248,2598,1949,3248,4547,6495,7145,9743,10393,11042,14290,14939,6495,5846,5196,4547,2598,1949,1299,2598,3248,3897,4547,13640,14290,9743,5846,1949,1299,650,2598,14290,1299,650,0,15589,4547,3897,2598,1949,17537,16888,11692,11042,7145,6495,5846,5196,4547,3897,3248,18837,18187,12341,11692,11042,10393,9743,8444,7794,7145,6495,5846,5196,4547,3897,19486,18837,16888,11692,11042,10393,9743,9094,8444,7794,7145,6495,5196,20136,19486,18837,18187,17537,16888,16238,14939,14290,13640,12341,11692,11042,10393,9743,9094,8444,7794,7145,6495,18837,17537,16888,16238,15589,14939,13640,12991,12341,11692,11042,10393,9743,9094,8444,7794,16238,15589,14939,14290,13640,12991,12341,11692,11042,10393,9743,9094,16888,16238,15589,14939,14290,13640,12991,12341,11692,11042,10393,9743,17537,16888,16238,15589,14939,14290,13640,12991,12341,11692,18187,17537,16888,16238,15589,14939,14290,13640,12991,12341,14290
107,21435,22084,33776,20785,21435,22734,25981,31178,31827,32477,33126,22734,23383,24682,25332,25981,26631,27930,28580,29229,29879,30528,31827,32477,22084,22734,25981,26631,27281,28580,29229,29879,31178,31827,15589,16238,16888,17537,18187,18837,19486,20136,20785,22084,24682,25332,25981,26631,28580,29229,29879,30528,31178,14939,15589,16238,16888,17537,19486,20136,23383,24033,25981,26631,27930,28580,29229,13640,14290,14939,15589,16238,16888,17537,18837,20136,22084,22734,25332,25981,26631,29879,30528,11692,12341,12991,13640,15589,16238,16888,18187,18837,19486,20136,29229,29879,7145,11042,14939,15589,16238,18187,1299,14290,14939,15589,0,11042,11692,12991,13640,1949,1299,5196,5846,9743,10393,11042,11692,12341,12991,13640,3248,2598,5846,6495,7145,7794,8444,9743,10393,11042,11692,12341,12991,13640,14290,3897,3248,2598,7794,8444,9094,9743,10393,11042,11692,12341,12991,14290,4547,3897,3248,2598,3248,3897,4547,5846,6495,7145,8444,9094,9743,10393,11042,11692,12341,12991,13640,14290,3248,4547,5196,5846,6495,7145,8444,9094,9743,10393,11042,11692,12341,12991,13640,14290,7145,7794,8444,9094,9743,10393,11042,11692,12341,12991,13640,14290,7794,8444,9094,9743,10393,11042,11692,12341,12991,13640,14290,14939,8444,9094,9743,10393,11042,11692,12341,12991,13640,14290,9094,9743,10393,11042,11692,12341,12991,13640,14290,14939,14290
108,10393,11042,22734,9743,10393,11692,14939,20136,20785,21435,22084,11692,12341,13640,14290,14939,15589,16888,17537,18187,18837,19486,20785,21435,11042,11692,14939,15589,16238,17537,18187,18837,20136,20785,4547,5196,5846,6495,7145,7794,8444,9094,9743,11042,13640,14290,14939,15589,17537,18187,18837,19486,20136,3897,4547,5196,5846,6495,8444,9094,12341,12991,14939,15589,16888,17537,18187,2598,3248,3897,4547,5196,5846,6495,7794,9094,11042,11692,14290,14939,15589,18837,19486,3248,2598,1949,2598,4547,5196,5846,7145,7794,8444,9094,18187,18837,6495,2598,3897,4547,5196,7145,11042,3248,3897,4547,11042,0,650,1949,2598,12991,12341,7145,6495,2598,1949,1299,650,1299,1949,2598,14290,13640,7794,7145,6495,5846,5196,3897,3248,2598,1949,1299,1949,2598,3248,14939,14290,12341,7145,6495,5846,5196,4547,3897,3248,2598,1949,3248,15589,14939,14290,13640,12991,12341,11692,10393,9743,9094,7794,7145,6495,5846,5196,4547,3897,3248,2598,3248,14290,12991,12341,11692,11042,10393,9094,8444,7794,7145,6495,5846,5196,4547,3897,3248,11692,11042,10393,9743,9094,8444,7794,7145,6495,5846,5196,4547,12341,11692,11042,10393,9743,9094,8444,7794,7145,6495,5846,5196,12991,12341,11692,11042,10393,9743,9094,8444,7794,7145,13640,12991,12341,11692,11042,10393,9743,9094,8444,7794,9743
109,9743,10393,22084,9094,9743,11042,14290,19486,20136,20785,21435,11042,11692,12991,13640,14290,14939,16238,16888,17537,18187,18837,20136,20785,10393,11042,14290,14939,15589,16888,17537,18187,19486,20136,3897,4547,5196,5846,6495,7145,7794,8444,9094,10393,12991,13640,14290,14939,16888,17537,18187,18837,19486,3248,3897,4547,5196,5846,7794,8444,11692,12341,14290,14939,16238,16888,17537,3248,2598,3248,3897,4547,5196,5846,7145,8444,10393,11042,13640,14290,14939,18187,18837,3897,3248,2598,1949,3897,4547,5196,6495,7145,7794,8444,17537,18187,7145,3248,3248,3897,4547,6495,11692,2598,3248,3897,11692,650,0,1299,1949,13640,12991,7794,7145,3248,2598,1949,1299,650,1299,1949,14939,14290,8444,7794,7145,6495,5846,4547,3897,3248,2598,1949,1299,1949,2598,15589,14939,12991,7794,7145,6495,5846,5196,4547,3897,3248,2598,2598,16238,15589,14939,14290,13640,12991,12341,11042,10393,9743,8444,7794,7145,6495,5846,5196,4547,3897,3248,2598,14939,13640,12991,12341,11692,11042,9743,9094,8444,7794,7145,6495,5846,5196,4547,3897,12341,11692,11042,10393,9743,9094,8444,7794,7145,6495,5846,5196,12991,12341,11692,11042,10393,9743,9094,8444,7794,7145,6495,5846,13640,12991,12341,11692,11042,10393,9743,9094,8444,7794,14290,13640,12991,12341,11692,11042,10393,9743,9094,8444,10393
110,8444,9094,20785,7794,8444,9743,12991,18187,18837,19486,20136,9743,10393,11692,12341,12991,13640,14939,15589,16238,16888,17537,18837,19486,9094,9743,12991,13640,14290,15589,16238,16888,18187,18837,5196,4547,3897,4547,5196,5846,6495,7145,7794,9094,11692,12341,12991,13640,15589,16238,16888,17537,18187,4547,3897,3248,3897,4547,6495,7145,10393,11042,12991,13640,14939,15589,16238,4547,3897,3248,2598,3248,3897,4547,5846,7145,9094,9743,12341,12991,13640,16888,17537,5196,4547,3897,3248,2598,3248,3897,5196,5846,6495,7145,16238,16888,8444,4547,1949,2598,3248,5196,12991,1299,1949,2598,12991,1949,1299,0,650,14939,14290,9094,8444,4547,3897,3248,2598,1949,1299,650,16238,15589,9743,9094,8444,7794,7145,5846,5196,4547,3897,3248,2598,1949,1299,16888,16238,14290,9094,8444,7794,7145,6495,5846,5196,4547,3897,2598,17537,16888,16238,15589,14939,14290,13640,12341,11692,11042,9743,9094,8444,7794,7145,6495,5846,5196,4547,3897,16238,14939,14290,13640,12991,12341,11042,10393,9743,9094,8444,7794,7145,6495,5846,5196,13640,12991,12341,11692,11042,10393,9743,9094,8444,7794,7145,6495,14290,13640,12991,12341,11692,11042,10393,9743,9094,8444,7794,7145,14939,14290,13640,12991,12341,11692,11042,10393,9743,9094,15589,14939,14290,13640,12991,12341,11692,11042,10393,9743,11692
111,7794,8444,20136,7145,7794,9094,12341,17537,18187,18837,19486,9094,9743,11042,11692,12341,12991,14290,14939,15589,16238,16888,18187,18837,8444,9094,12341,12991,13640,14939,15589,16238,17537,18187,5846,5196,4547,3897,4547,5196,5846,6495,7145,8444,11042,11692,12341,12991,14939,15589,16238,16888,17537,5196,4547,3897,3248,3897,5846,6495,9743,10393,12341,12991,14290,14939,15589,5196,4547,3897,3248,2598,3248,3897,5196,6495,8444,9094,11692,12341,12991,16238,16888,5846,5196,4547,3897,1949,2598,3248,4547,5196,5846,6495,15589,16238,9094,5196,1299,1949,2598,4547,13640,650,1299,1949,13640,2598,1949,650,0,15589,14939,9743,9094,5196,4547,3897,3248,2598,1949,1299,16888,16238,10393,9743,9094,8444,7794,6495,5846,5196,4547,3897,3248,2598,1949,17537,16888,14939,9743,9094,8444,7794,7145,6495,5846,5196,4547,3248,18187,17537,16888,16238,15589,14939,14290,12991,12341,11692,10393,9743,9094,8444,7794,7145,6495,5846,5196,4547,16888,15589,14939,14290,13640,12991,11692,11042,10393,9743,9094,8444,7794,7145,6495,5846,14290,13640,12991,12341,11692,11042,10393,9743,9094,8444,7794,7145,14939,14290,13640,12991,12341,11692,11042,10393,9743,9094,8444,7794,15589,14939,14290,13640,12991,12341,11692,11042,10393,9743,16238,15589,14939,14290,13640,12991,12341,11692,11042,10393,12341
112,23383,24033,35724,22734,23383,24682,27930,33126,33776,34425,35075,24682,25332,26631,27281,27930,28580,29879,30528,31178,31827,32477,33776,34425,24033,24682,27930,28580,29229,30528,31178,31827,33126,33776,17537,18187,18837,19486,20136,20785,21435,22084,22734,24033,26631,27281,27930,28580,30528,31178,31827,32477,33126,16888,17537,18187,18837,19486,21435,22084,25332,25981,27930,28580,29879,30528,31178,15589,16238,16888,17537,18187,18837,19486,20785,22084,24033,24682,27281,27930,28580,31827,32477,13640,14290,14939,15589,17537,18187,18837,20136,20785,21435,22084,31178,31827,9094,12991,16888,17537,18187,20136,3248,16238,16888,17537,1949,12991,13640,14939,15589,0,650,5846,6495,10393,11042,11692,12341,12991,13640,14290,1299,650,6495,7145,7794,8444,9094,10393,11042,11692,12341,12991,13640,14290,14939,1949,1299,3248,8444,9094,9743,10393,11042,11692,12341,12991,13640,14939,2598,1949,2598,3248,3897,4547,5196,6495,7145,7794,9094,9743,10393,11042,11692,12341,12991,13640,14290,14939,3897,5196,5846,6495,7145,7794,9094,9743,10393,11042,11692,12341,12991,13640,14290,14939,7794,8444,9094,9743,10393,11042,11692,12341,12991,13640,14290,14939,8444,9094,9743,10393,11042,11692,12341,12991,13640,14290,14939,15589,9094,9743,10393,11042,11692,12341,12991,13640,14290,14939,9743,10393,11042,11692,12341,12991,13640,14290,14939,15589,14939
113,22734,23383,35075,22084,22734,24033,27281,32477,33126,33776,34425,24033,24682,25981,26631,27281,27930,29229,29879,30528,31178,31827,33126,33776,23383,24033,27281,27930,28580,29879,30528,31178,32477,33126,16888,17537,18187,18837,19486,20136,20785,21435,22084,23383,25981,26631,27281,27930,29879,30528,31178,31827,32477,16238,16888,17537,18187,18837,20785,21435,24682,25332,27281,27930,29229,29879,30528,14939,15589,16238,16888,17537,18187,18837,20136,21435,23383,24033,26631,27281,27930,31178,31827,12991,13640,14290,14939,16888,17537,18187,19486,20136,20785,21435,30528,31178,8444,12341,16238,16888,17537,19486,2598,15589,16238,16888,1299,12341,12991,14290,14939,650,0,5196,5846,9743,10393,11042,11692,12341,12991,13640,1949,1299,5846,6495,7145,7794,8444,9743,10393,11042,11692,12341,12991,13640,14290,2598,1949,2598,7794,8444,9094,9743,10393,11042,11692,12341,12991,14290,3248,2598,1949,2598,3248,3897,4547,5846,6495,7145,8444,9094,9743,10393,11042,11692,12341,12991,13640,14290,3248,4547,5196,5846,6495,7145,8444,9094,9743,10393,11042,11692,12341,12991,13640,14290,7145,7794,8444,9094,9743,10393,11042,11692,12341,12991,13640,14290,7794,8444,9094,9743,10393,11042,11692,12341,12991,13640,14290,14939,8444,9094,9743,10393,11042,11692,12341,12991,13640,14290,9094,9743,10393,11042,11692,12341,12991,13640,14290,14939,14290
114,17537,18187,29879,16888,17537,18837,22084,27281,27930,28580,29229,18837,19486,20785,21435,22084,22734,24033,24682,25332,25981,26631,27930,28580,18187,18837,22084,22734,23383,24682,25332,25981,27281,27930,11692,12341,12991,13640,14290,14939,15589,16238,16888,18187,20785,21435,22084,22734,24682,25332,25981,26631,27281,11042,11692,12341,12991,13640,15589,16238,19486,20136,22084,22734,24033,24682,25332,9743,10393,11042,11692,12341,12991,13640,14939,16238,18187,18837,21435,22084,22734,25981,26631,7794,8444,9094,9743,11692,12341,12991,14290,14939,15589,16238,25332,25981,3248,7145,11042,11692,12341,14290,5196,10393,11042,11692,5196,7145,7794,9094,9743,5846,5196,0,650,4547,5196,5846,6495,7145,7794,8444,7145,6495,650,1299,1949,2598,3248,4547,5196,5846,6495,7145,7794,8444,9094,7794,7145,5196,2598,3248,3897,4547,5196,5846,6495,7145,7794,9094,8444,7794,7145,6495,5846,5196,4547,3248,2598,1949,3248,3897,4547,5196,5846,6495,7145,7794,8444,9094,7145,5846,5196,4547,3897,3248,3248,3897,4547,5196,5846,6495,7145,7794,8444,9094,4547,3897,3248,3897,4547,5196,5846,6495,7145,7794,8444,9094,5196,4547,3897,4547,5196,5846,6495,7145,7794,8444,9094,9743,5846,5196,4547,5196,5846,6495,7145,7794,8444,9094,6495,5846,5196,5846,6495,7145,7794,8444,9094,9743,9094
115,16888,17537,29229,16238,16888,18187,21435,26631,27281,27930,28580,18187,18837,20136,20785,21435,22084,23383,24033,24682,25332,25981,27281,27930,17537,18187,21435,22084,22734,24033,24682,25332,26631,27281,11042,11692,12341,12991,13640,14290,14939,15589,16238,17537,20136,20785,21435,22084,24033,24682,25332,25981,26631,10393,11042,11692,12341,12991,14939,15589,18837,19486,21435,22084,23383,24033,24682,9094,9743,10393,11042,11692,12341,12991,14290,15589,17537,18187,20785,21435,22084,25332,25981,7145,7794,8444,9094,11042,11692,12341,13640,14290,14939,15589,24682,25332,2598,6495,10393,11042,11692,13640,5846,9743,10393,11042,5846,6495,7145,8444,9094,6495,5846,650,0,3897,4547,5196,5846,6495,7145,7794,7794,7145,1299,650,1299,1949,2598,3897,4547,5196,5846,6495,7145,7794,8444,8444,7794,5846,1949,2598,3248,3897,4547,5196,5846,6495,7145,8444,9094,8444,7794,7145,6495,5846,5196,3897,3248,2598,2598,3248,3897,4547,5196,5846,6495,7145,7794,8444,7794,6495,5846,5196,4547,3897,2598,3248,3897,4547,5196,5846,6495,7145,7794,8444,5196,4547,3897,3248,3897,4547,5196,5846,6495,7145,7794,8444,5846,5196,4547,3897,4547,5196,5846,6495,7145,7794,8444,9094,6495,5846,5196,4547,5196,5846,6495,7145,7794,8444,7145,6495,5846,5196,5846,6495,7145,7794,8444,9094,8444
116,12991,13640,25332,12341,12991,14290,17537,22734,23383,24033,24682,14290,14939,16238,16888,17537,18187,19486,20136,20785,21435,22084,23383,24033,13640,14290,17537,18187,18837,20136,20785,21435,22734,23383,7145,7794,8444,9094,9743,10393,11042,11692,12341,13640,16238,16888,17537,18187,20136,20785,21435,22084,22734,6495,7145,7794,8444,9094,11042,11692,14939,15589,17537,18187,19486,20136,20785,5196,5846,6495,7145,7794,8444,9094,10393,11692,13640,14290,16888,17537,18187,21435,22084,3248,3897,4547,5196,7145,7794,8444,9743,10393,11042,11692,20785,21435,5196,2598,6495,7145,7794,9743,9743,5846,6495,7145,9743,2598,3248,4547,5196,10393,9743,4547,3897,0,650,1299,1949,2598,3248,3897,11692,11042,5196,4547,3897,3248,2598,1299,650,1299,1949,2598,3248,3897,4547,12341,11692,9743,4547,3897,3248,2598,1949,1299,1949,2598,3248,4547,12991,12341,11692,11042,10393,9743,9094,7794,7145,6495,5196,4547,3897,3248,2598,1949,2598,3248,3897,4547,11692,10393,9743,9094,8444,7794,6495,5846,5196,4547,3897,3248,2598,3248,3897,4547,9094,8444,7794,7145,6495,5846,5196,4547,3897,3248,3897,4547,9743,9094,8444,7794,7145,6495,5846,5196,4547,3897,4547,5196,10393,9743,9094,8444,7794,7145,6495,5846,5196,4547,11042,10393,9743,9094,8444,7794,7145,6495,5846,5196,7145
117,12341,12991,24682,11692,12341,13640,16888,22084,22734,23383,24033,13640,14290,15589,16238,16888,17537,18837,19486,20136,20785,21435,22734,23383,12991,13640,16888,17537,18187,19486,20136,20785,22084,22734,6495,7145,7794,8444,9094,9743,10393,11042,11692,12991,15589,16238,16888,17537,19486,20136,20785,21435,22084,5846,6495,7145,7794,8444,10393,11042,14290,14939,16888,17537,18837,19486,20136,4547,5196,5846,6495,7145,7794,8444,9743,11042,12991,13640,16238,16888,17537,20785,21435,2598,3248,3897,4547,6495,7145,7794,9094,9743,10393,11042,20136,20785,5846,1949,5846,6495,7145,9094,10393,5196,5846,6495,10393,1949,2598,3897,4547,11042,10393,5196,4547,650,0,650,1299,1949,2598,3248,12341,11692,5846,5196,4547,3897,3248,1949,1299,650,1299,1949,2598,3248,3897,12991,12341,10393,5196,4547,3897,3248,2598,1949,1299,1949,2598,3897,13640,12991,12341,11692,11042,10393,9743,8444,7794,7145,5846,5196,4547,3897,3248,2598,1949,2598,3248,3897,12341,11042,10393,9743,9094,8444,7145,6495,5846,5196,4547,3897,3248,2598,3248,3897,9743,9094,8444,7794,7145,6495,5846,5196,4547,3897,3248,3897,10393,9743,9094,8444,7794,7145,6495,5846,5196,4547,3897,4547,11042,10393,9743,9094,8444,7794,7145,6495,5846,5196,11692,11042,10393,9743,9094,8444,7794,7145,6495,5846,7794
118,11692,12341,24033,11042,11692,12991,16238,21435,22084,22734,23383,12991,13640,14939,15589,16238,16888,18187,18837,19486,20136,20785,22084,22734,12341,12991,16238,16888,17537,18837,19486,20136,21435,22084,5846,6495,7145,7794,8444,9094,9743,10393,11042,12341,14939,15589,16238,16888,18837,19486,20136,20785,21435,5196,5846,6495,7145,7794,9743,10393,13640,14290,16238,16888,18187,18837,19486,3897,4547,5196,5846,6495,7145,7794,9094,10393,12341,12991,15589,16238,16888,20136,20785,3248,2598,3248,3897,5846,6495,7145,8444,9094,9743,10393,19486,20136,6495,2598,5196,5846,6495,8444,11042,4547,5196,5846,11042,1299,1949,3248,3897,11692,11042,5846,5196,1299,650,0,650,1299,1949,2598,12991,12341,6495,5846,5196,4547,3897,2598,1949,1299,650,1299,1949,2598,3248,13640,12991,11042,5846,5196,4547,3897,3248,2598,1949,1299,1949,3248,14290,13640,12991,12341,11692,11042,10393,9094,8444,7794,6495,5846,5196,4547,3897,3248,2598,1949,2598,3248,12991,11692,11042,10393,9743,9094,7794,7145,6495,5846,5196,4547,3897,3248,2598,3248,10393,9743,9094,8444,7794,7145,6495,5846,5196,4547,3897,3248,11042,10393,9743,9094,8444,7794,7145,6495,5846,5196,4547,3897,11692,11042,10393,9743,9094,8444,7794,7145,6495,5846,12341,11692,11042,10393,9743,9094,8444,7794,7145,6495,8444
119,11042,11692,23383,10393,11042,12341,15589,20785,21435,22084,22734,12341,12991,14290,14939,15589,16238,17537,18187,18837,19486,20136,21435,22084,11692,12341,15589,16238,16888,18187,18837,19486,20785,21435,5196,5846,6495,7145,7794,8444,9094,9743,10393,11692,14290,14939,15589,16238,18187,18837,19486,20136,20785,4547,5196,5846,6495,7145,9094,9743,12991,13640,15589,16238,17537,18187,18837,3248,3897,4547,5196,5846,6495,7145,8444,9743,11692,12341,14939,15589,16238,19486,20136,3897,3248,2598,3248,5196,5846,6495,7794,8444,9094,9743,18837,19486,7145,3248,4547,5196,5846,7794,11692,3897,4547,5196,11692,650,1299,2598,3248,12341,11692,6495,5846,1949,1299,650,0,650,1299,1949,13640,12991,7145,6495,5846,5196,4547,3248,2598,1949,1299,650,1299,1949,2598,14290,13640,11692,6495,5846,5196,4547,3897,3248,2598,1949,1299,2598,14939,14290,13640,12991,12341,11692,11042,9743,9094,8444,7145,6495,5846,5196,4547,3897,3248,2598,1949,2598,13640,12341,11692,11042,10393,9743,8444,7794,7145,6495,5846,5196,4547,3897,3248,2598,11042,10393,9743,9094,8444,7794,7145,6495,5846,5196,4547,3897,11692,11042,10393,9743,9094,8444,7794,7145,6495,5846,5196,4547,12341,11692,11042,10393,9743,9094,8444,7794,7145,6495,12991,12341,11692,11042,10393,9743,9094,8444,7794,7145,9094
120,10393,11042,22734,9743,10393,11692,14939,20136,20785,21435,22084,11692,12341,13640,14290,14939,15589,16888,17537,18187,18837,19486,20785,21435,11042,11692,14939,15589,16238,17537,18187,18837,20136,20785,4547,5196,5846,6495,7145,7794,8444,9094,9743,11042,13640,14290,14939,15589,17537,18187,18837,19486,20136,3897,4547,5196,5846,6495,8444,9094,12341,12991,14939,15589,16888,17537,18187,3897,3248,3897,4547,5196,5846,6495,7794,9094,11042,11692,14290,14939,15589,18837,19486,4547,3897,3248,2598,4547,5196,5846,7145,7794,8444,9094,18187,18837,7794,3897,3897,4547,5196,7145,12341,3248,3897,4547,12341,1299,650,1949,2598,12991,12341,7145,6495,2598,1949,1299,650,0,650,1299,14290,13640,7794,7145,6495,5846,5196,3897,3248,2598,1949,1299,650,1299,1949,14939,14290,12341,7145,6495,5846,5196,4547,3897,3248,2598,1949,1949,15589,14939,14290,13640,12991,12341,11692,10393,9743,9094,7794,7145,6495,5846,5196,4547,3897,3248,2598,1949,14290,12991,12341,11692,11042,10393,9094,8444,7794,7145,6495,5846,5196,4547,3897,3248,11692,11042,10393,9743,9094,8444,7794,7145,6495,5846,5196,4547,12341,11692,11042,10393,9743,9094,8444,7794,7145,6495,5846,5196,12991,12341,11692,11042,10393,9743,9094,8444,7794,7145,13640,12991,12341,11692,11042,10393,9743,9094,8444,7794,9743
121,9743,10393,22084,9094,9743,11042,14290,19486,20136,20785,21435,11042,11692,12991,13640,14290,14939,16238,16888,17537,18187,18837,20136,20785,10393,11042,14290,14939,15589,16888,17537,18187,19486,20136,5196,4547,5196,5846,6495,7145,7794,8444,9094,10393,12991,13640,14290,14939,16888,17537,18187,18837,19486,4547,3897,4547,5196,5846,7794,8444,11692,12341,14290,14939,16238,16888,17537,4547,3897,3248,3897,4547,5196,5846,7145,8444,10393,11042,13640,14290,14939,18187,18837,5196,4547,3897,3248,3897,4547,5196,6495,7145,7794,8444,17537,18187,8444,4547,3248,3897,4547,6495,12991,2598,3248,3897,12991,1949,1299,1299,1949,13640,12991,7794,7145,3248,2598,1949,1299,650,0,650,14939,14290,8444,7794,7145,6495,5846,4547,3897,3248,2598,1949,1299,650,1299,15589,14939,12991,7794,7145,6495,5846,5196,4547,3897,3248,2598,1299,16238,15589,14939,14290,13640,12991,12341,11042,10393,9743,8444,7794,7145,6495,5846,5196,4547,3897,3248,2598,14939,13640,12991,12341,11692,11042,9743,9094,8444,7794,7145,6495,5846,5196,4547,3897,12341,11692,11042,10393,9743,9094,8444,7794,7145,6495,5846,5196,12991,12341,11692,11042,10393,9743,9094,8444,7794,7145,6495,5846,13640,12991,12341,11692,11042,10393,9743,9094,8444,7794,14290,13640,12991,12341,11692,11042,10393,9743,9094,8444,10393
122,9094,9743,21435,8444,9094,10393,13640,18837,19486,20136,20785,10393,11042,12341,12991,13640,14290,15589,16238,16888,17537,18187,19486,20136,9743,10393,13640,14290,14939,16238,16888,17537,18837,19486,5846,5196,4547,5196,5846,6495,7145,7794,8444,9743,12341,12991,13640,14290,16238,16888,17537,18187,18837,5196,4547,3897,4547,5196,7145,7794,11042,11692,13640,14290,15589,16238,16888,5196,4547,3897,3248,3897,4547,5196,6495,7794,9743,10393,12991,13640,14290,17537,18187,5846,5196,4547,3897,3248,3897,4547,5846,6495,7145,7794,16888,17537,9094,5196,2598,3248,3897,5846,13640,1949,2598,3248,13640,2598,1949,650,1299,14290,13640,8444,7794,3897,3248,2598,1949,1299,650,0,15589,14939,9094,8444,7794,7145,6495,5196,4547,3897,3248,2598,1949,1299,650,16238,15589,13640,8444,7794,7145,6495,5846,5196,4547,3897,3248,1949,16888,16238,15589,14939,14290,13640,12991,11692,11042,10393,9094,8444,7794,7145,6495,5846,5196,4547,3897,3248,15589,14290,13640,12991,12341,11692,10393,9743,9094,8444,7794,7145,6495,5846,5196,4547,12991,12341,11692,11042,10393,9743,9094,8444,7794,7145,6495,5846,13640,12991,12341,11692,11042,10393,9743,9094,8444,7794,7145,6495,14290,13640,12991,12341,11692,11042,10393,9743,9094,8444,14939,14290,13640,12991,12341,11692,11042,10393,9743,9094,11042
123,24682,25332,37024,24033,24682,25981,29229,34425,35075,35724,36374,25981,26631,27930,28580,29229,29879,31178,31827,32477,33126,33776,35075,35724,25332,25981,29229,29879,30528,31827,32477,33126,34425,35075,18837,19486,20136,20785,21435,22084,22734,23383,24033,25332,27930,28580,29229,29879,31827,32477,33126,33776,34425,18187,18837,19486,20136,20785,22734,23383,26631,27281,29229,29879,31178,31827,32477,16888,17537,18187,18837,19486,20136,20785,22084,23383,25332,25981,28580,29229,29879,33126,33776,14939,15589,16238,16888,18837,19486,20136,21435,22084,22734,23383,32477,33126,10393,14290,18187,18837,19486,21435,4547,17537,18187,18837,3248,14290,14939,16238,16888,1299,1949,7145,7794,11692,12341,12991,13640,14290,14939,15589,0,650,6495,7145,7794,8444,9094,10393,11042,11692,12341,12991,13640,14290,14939,650,1299,3248,8444,9094,9743,10393,11042,11692,12341,12991,13640,14939,1299,1949,2598,3248,3897,4547,5196,6495,7145,7794,9094,9743,10393,11042,11692,12341,12991,13640,14290,14939,3897,5196,5846,6495,7145,7794,9094,9743,10393,11042,11692,12341,12991,13640,14290,14939,7794,8444,9094,9743,10393,11042,11692,12341,12991,13640,14290,14939,8444,9094,9743,10393,11042,11692,12341,12991,13640,14290,14939,15589,9094,9743,10393,11042,11692,12341,12991,13640,14290,14939,9743,10393,11042,11692,12341,12991,13640,14290,14939,15589,14939
124,24033,24682,36374,23383,24033,25332,28580,33776,34425,35075,35724,25332,25981,27281,27930,28580,29229,30528,31178,31827,32477,33126,34425,35075,24682,25332,28580,29229,29879,31178,31827,32477,33776,34425,18187,18837,19486,20136,20785,21435,22084,22734,23383,24682,27281,27930,28580,29229,31178,31827,32477,33126,33776,17537,18187,18837,19486,20136,22084,22734,25981,26631,28580,29229,30528,31178,31827,16238,16888,17537,18187,18837,19486,20136,21435,22734,24682,25332,27930,28580,29229,32477,33126,14290,14939,15589,16238,18187,18837,19486,20785,21435,22084,22734,31827,32477,9743,13640,17537,18187,18837,20785,3897,16888,17537,18187,2598,13640,14290,15589,16238,650,1299,6495,7145,11042,11692,12341,12991,13640,14290,14939,650,0,5846,6495,7145,7794,8444,9743,10393,11042,11692,12341,12991,13640,14290,1299,650,2598,7794,8444,9094,9743,10393,11042,11692,12341,12991,14290,1949,1299,1949,2598,3248,3897,4547,5846,6495,7145,8444,9094,9743,10393,11042,11692,12341,12991,13640,14290,3248,4547,5196,5846,6495,7145,8444,9094,9743,10393,11042,11692,12341,12991,13640,14290,7145,7794,8444,9094,9743,10393,11042,11692,12341,12991,13640,14290,7794,8444,9094,9743,10393,11042,11692,12341,12991,13640,14290,14939,8444,9094,9743,10393,11042,11692,12341,12991,13640,14290,9094,9743,10393,11042,11692,12341,12991,13640,14290,14939,14290
125,18187,18837,30528,17537,18187,19486,22734,27930,28580,29229,29879,19486,20136,21435,22084,22734,23383,24682,25332,25981,26631,27281,28580,29229,18837,19486,22734,23383,24033,25332,25981,26631,27930,28580,12341,12991,13640,14290,14939,15589,16238,16888,17537,18837,21435,22084,22734,23383,25332,25981,26631,27281,27930,11692,12341,12991,13640,14290,16238,16888,20136,20785,22734,23383,24682,25332,25981,10393,11042,11692,12341,12991,13640,14290,15589,16888,18837,19486,22084,22734,23383,26631,27281,8444,9094,9743,10393,12341,12991,13640,14939,15589,16238,16888,25981,26631,3897,7794,11692,12341,12991,14939,5846,11042,11692,12341,5846,7794,8444,9743,10393,6495,5846,650,1299,5196,5846,6495,7145,7794,8444,9094,6495,5846,0,650,1299,1949,2598,3897,4547,5196,5846,6495,7145,7794,8444,7145,6495,4547,1949,2598,3248,3897,4547,5196,5846,6495,7145,8444,7794,7145,6495,5846,5196,4547,3897,2598,1949,1299,2598,3248,3897,4547,5196,5846,6495,7145,7794,8444,6495,5196,4547,3897,3248,2598,2598,3248,3897,4547,5196,5846,6495,7145,7794,8444,3897,3248,2598,3248,3897,4547,5196,5846,6495,7145,7794,8444,4547,3897,3248,3897,4547,5196,5846,6495,7145,7794,8444,9094,5196,4547,3897,4547,5196,5846,6495,7145,7794,8444,5846,5196,4547,5196,5846,6495,7145,7794,8444,9094,8444
126,17537,18187,29879,16888,17537,18837,22084,27281,27930,28580,29229,18837,19486,20785,21435,22084,22734,24033,24682,25332,25981,26631,27930,28580,18187,18837,22084,22734,23383,24682,25332,25981,27281,27930,11692,12341,12991,13640,14290,14939,15589,16238,16888,18187,20785,21435,22084,22734,24682,25332,25981,26631,27281,11042,11692,12341,12991,13640,15589,16238,19486,20136,22084,22734,24033,24682,25332,9743,10393,11042,11692,12341,12991,13640,14939,16238,18187,18837,21435,22084,22734,25981,26631,7794,8444,9094,9743,11692,12341,12991,14290,14939,15589,16238,25332,25981,3248,7145,11042,11692,12341,14290,6495,10393,11042,11692,6495,7145,7794,9094,9743,7145,6495,1299,650,4547,5196,5846,6495,7145,7794,8444,7145,6495,650,0,650,1299,1949,3248,3897,4547,5196,5846,6495,7145,7794,7794,7145,5196,1299,1949,2598,3248,3897,4547,5196,5846,6495,7794,8444,7794,7145,6495,5846,5196,4547,3248,2598,1949,1949,2598,3248,3897,4547,5196,5846,6495,7145,7794,7145,5846,5196,4547,3897,3248,1949,2598,3248,3897,4547,5196,5846,6495,7145,7794,4547,3897,3248,2598,3248,3897,4547,5196,5846,6495,7145,7794,5196,4547,3897,3248,3897,4547,5196,5846,6495,7145,7794,8444,5846,5196,4547,3897,4547,5196,5846,6495,7145,7794,6495,5846,5196,4547,5196,5846,6495,7145,7794,8444,7794
127,16888,17537,29229,16238,16888,18187,21435,26631,27281,27930,28580,18187,18837,20136,20785,21435,22084,23383,24033,24682,25332,25981,27281,27930,17537,18187,21435,22084,22734,24033,24682,25332,26631,27281,11042,11692,12341,12991,13640,14290,14939,15589,16238,17537,20136,20785,21435,22084,24033,24682,25332,25981,26631,10393,11042,11692,12341,12991,14939,15589,18837,19486,21435,22084,23383,24033,24682,9094,9743,10393,11042,11692,12341,12991,14290,15589,17537,18187,20785,21435,22084,25332,25981,7145,7794,8444,9094,11042,11692,12341,13640,14290,14939,15589,24682,25332,2598,6495,10393,11042,11692,13640,7145,9743,10393,11042,7145,6495,7145,8444,9094,7794,7145,1949,1299,3897,4547,5196,5846,6495,7145,7794,7794,7145,1299,650,0,650,1299,2598,3248,3897,4547,5196,5846,6495,7145,8444,7794,5846,650,1299,1949,2598,3248,3897,4547,5196,5846,7145,9094,8444,7794,7145,6495,5846,5196,3897,3248,2598,1299,1949,2598,3248,3897,4547,5196,5846,6495,7145,7794,6495,5846,5196,4547,3897,2598,1949,2598,3248,3897,4547,5196,5846,6495,7145,5196,4547,3897,3248,2598,3248,3897,4547,5196,5846,6495,7145,5846,5196,4547,3897,3248,3897,4547,5196,5846,6495,7145,7794,6495,5846,5196,4547,3897,4547,5196,5846,6495,7145,7145,6495,5846,5196,4547,5196,5846,6495,7145,7794,7145
128,16238,16888,28580,15589,16238,17537,20785,25981,26631,27281,27930,17537,18187,19486,20136,20785,21435,22734,23383,24033,24682,25332,26631,27281,16888,17537,20785,21435,22084,23383,24033,24682,25981,26631,10393,11042,11692,12341,12991,13640,14290,14939,15589,16888,19486,20136,20785,21435,23383,24033,24682,25332,25981,9743,10393,11042,11692,12341,14290,14939,18187,18837,20785,21435,22734,23383,24033,8444,9094,9743,10393,11042,11692,12341,13640,14939,16888,17537,20136,20785,21435,24682,25332,6495,7145,7794,8444,10393,11042,11692,12991,13640,14290,14939,24033,24682,3248,5846,9743,10393,11042,12991,7794,9094,9743,10393,7794,5846,6495,7794,8444,8444,7794,2598,1949,3248,3897,4547,5196,5846,6495,7145,8444,7794,1949,1299,650,0,650,1949,2598,3248,3897,4547,5196,5846,6495,9094,8444,6495,1299,650,1299,1949,2598,3248,3897,4547,5196,6495,9743,9094,8444,7794,7145,6495,5846,4547,3897,3248,1949,1299,1949,2598,3248,3897,4547,5196,5846,6495,8444,7145,6495,5846,5196,4547,3248,2598,1949,2598,3248,3897,4547,5196,5846,6495,5846,5196,4547,3897,3248,2598,3248,3897,4547,5196,5846,6495,6495,5846,5196,4547,3897,3248,3897,4547,5196,5846,6495,7145,7145,6495,5846,5196,4547,3897,4547,5196,5846,6495,7794,7145,6495,5846,5196,4547,5196,5846,6495,7145,6495
129,15589,16238,27930,14939,15589,16888,20136,25332,25981,26631,27281,16888,17537,18837,19486,20136,20785,22084,22734,23383,24033,24682,25981,26631,16238,16888,20136,20785,21435,22734,23383,24033,25332,25981,9743,10393,11042,11692,12341,12991,13640,14290,14939,16238,18837,19486,20136,20785,22734,23383,24033,24682,25332,9094,9743,10393,11042,11692,13640,14290,17537,18187,20136,20785,22084,22734,23383,7794,8444,9094,9743,10393,11042,11692,12991,14290,16238,16888,19486,20136,20785,24033,24682,5846,6495,7145,7794,9743,10393,11042,12341,12991,13640,14290,23383,24033,3897,5196,9094,9743,10393,12341,8444,8444,9094,9743,8444,5196,5846,7145,7794,9094,8444,3248,2598,2598,3248,3897,4547,5196,5846,6495,9094,8444,2598,1949,1299,650,0,1299,1949,2598,3248,3897,4547,5196,5846,9743,9094,7145,1949,1299,650,1299,1949,2598,3248,3897,4547,5846,10393,9743,9094,8444,7794,7145,6495,5196,4547,3897,2598,1949,1299,1949,2598,3248,3897,4547,5196,5846,9094,7794,7145,6495,5846,5196,3897,3248,2598,1949,2598,3248,3897,4547,5196,5846,6495,5846,5196,4547,3897,3248,2598,3248,3897,4547,5196,5846,7145,6495,5846,5196,4547,3897,3248,3897,4547,5196,5846,6495,7794,7145,6495,5846,5196,4547,3897,4547,5196,5846,8444,7794,7145,6495,5846,5196,4547,5196,5846,6495,5846
130,14290,14939,26631,13640,14290,15589,18837,24033,24682,25332,25981,15589,16238,17537,18187,18837,19486,20785,21435,22084,22734,23383,24682,25332,14939,15589,18837,19486,20136,21435,22084,22734,24033,24682,8444,9094,9743,10393,11042,11692,12341,12991,13640,14939,17537,18187,18837,19486,21435,22084,22734,23383,24033,7794,8444,9094,9743,10393,12341,12991,16238,16888,18837,19486,20785,21435,22084,6495,7145,7794,8444,9094,9743,10393,11692,12991,14939,15589,18187,18837,19486,22734,23383,4547,5196,5846,6495,8444,9094,9743,11042,11692,12341,12991,22084,22734,5196,3897,7794,8444,9094,11042,9743,7145,7794,8444,9743,3897,4547,5846,6495,10393,9743,4547,3897,1299,1949,2598,3248,3897,4547,5196,10393,9743,3897,3248,2598,1949,1299,0,650,1299,1949,2598,3248,3897,4547,11042,10393,8444,3248,2598,1949,1299,650,1299,1949,2598,3248,4547,11692,11042,10393,9743,9094,8444,7794,6495,5846,5196,3897,3248,2598,1949,1299,1949,2598,3248,3897,4547,10393,9094,8444,7794,7145,6495,5196,4547,3897,3248,2598,1949,2598,3248,3897,4547,7794,7145,6495,5846,5196,4547,3897,3248,2598,3248,3897,4547,8444,7794,7145,6495,5846,5196,4547,3897,3248,3897,4547,5196,9094,8444,7794,7145,6495,5846,5196,4547,3897,4547,9743,9094,8444,7794,7145,6495,5846,5196,4547,5196,5846
131,13640,14290,25981,12991,13640,14939,18187,23383,24033,24682,25332,14939,15589,16888,17537,18187,18837,20136,20785,21435,22084,22734,24033,24682,14290,14939,18187,18837,19486,20785,21435,22084,23383,24033,7794,8444,9094,9743,10393,11042,11692,12341,12991,14290,16888,17537,18187,18837,20785,21435,22084,22734,23383,7145,7794,8444,9094,9743,11692,12341,15589,16238,18187,18837,20136,20785,21435,5846,6495,7145,7794,8444,9094,9743,11042,12341,14290,14939,17537,18187,18837,22084,22734,3897,4547,5196,5846,7794,8444,9094,10393,11042,11692,12341,21435,22084,5846,3248,7145,7794,8444,10393,10393,6495,7145,7794,10393,3248,3897,5196,5846,11042,10393,5196,4547,650,1299,1949,2598,3248,3897,4547,11042,10393,4547,3897,3248,2598,1949,650,0,650,1299,1949,2598,3248,3897,11692,11042,9094,3897,3248,2598,1949,1299,650,1299,1949,2598,3897,12341,11692,11042,10393,9743,9094,8444,7145,6495,5846,4547,3897,3248,2598,1949,1299,1949,2598,3248,3897,11042,9743,9094,8444,7794,7145,5846,5196,4547,3897,3248,2598,1949,2598,3248,3897,8444,7794,7145,6495,5846,5196,4547,3897,3248,2598,3248,3897,9094,8444,7794,7145,6495,5846,5196,4547,3897,3248,3897,4547,9743,9094,8444,7794,7145,6495,5846,5196,4547,3897,10393,9743,9094,8444,7794,7145,6495,5846,5196,4547,6495
132,12991,13640,25332,12341,12991,14290,17537,22734,23383,24033,24682,14290,14939,16238,16888,17537,18187,19486,20136,20785,21435,22084,23383,24033,13640,14290,17537,18187,18837,20136,20785,21435,22734,23383,7145,7794,8444,9094,9743,10393,11042,11692,12341,13640,16238,16888,17537,18187,20136,20785,21435,22084,22734,6495,7145,7794,8444,9094,11042,11692,14939,15589,17537,18187,19486,20136,20785,5196,5846,6495,7145,7794,8444,9094,10393,11692,13640,14290,16888,17537,18187,21435,22084,3248,3897,4547,5196,7145,7794,8444,9743,10393,11042,11692,20785,21435,6495,2598,6495,7145,7794,9743,11042,5846,6495,7145,11042,2598,3248,4547,5196,11692,11042,5846,5196,1299,650,1299,1949,2598,3248,3897,11692,11042,5196,4547,3897,3248,2598,1299,650,0,650,1299,1949,2598,3248,12341,11692,9743,4547,3897,3248,2598,1949,1299,650,1299,1949,3248,12991,12341,11692,11042,10393,9743,9094,7794,7145,6495,5196,4547,3897,3248,2598,1949,1299,1949,2598,3248,11692,10393,9743,9094,8444,7794,6495,5846,5196,4547,3897,3248,2598,1949,2598,3248,9094,8444,7794,7145,6495,5846,5196,4547,3897,3248,2598,3248,9743,9094,8444,7794,7145,6495,5846,5196,4547,3897,3248,3897,10393,9743,9094,8444,7794,7145,6495,5846,5196,4547,11042,10393,9743,9094,8444,7794,7145,6495,5846,5196,7145
133,12341,12991,24682,11692,12341,13640,16888,22084,22734,23383,24033,13640,14290,15589,16238,16888,17537,18837,19486,20136,20785,21435,22734,23383,12991,13640,16888,17537,18187,19486,20136,20785,22084,22734,6495,7145,7794,8444,9094,9743,10393,11042,11692,12991,15589,16238,16888,17537,19486,20136,20785,21435,22084,5846,6495,7145,7794,8444,10393,11042,14290,14939,16888,17537,18837,19486,20136,4547,5196,5846,6495,7145,7794,8444,9743,11042,12991,13640,16238,16888,17537,20785,21435,3897,3248,3897,4547,6495,7145,7794,9094,9743,10393,11042,20136,20785,7145,3248,5846,6495,7145,9094,11692,5196,5846,6495,11692,1949,2598,3897,4547,12341,11692,6495,5846,1949,1299,650,1299,1949,2598,3248,12341,11692,5846,5196,4547,3897,3248,1949,1299,650,0,650,1299,1949,2598,12991,12341,10393,5196,4547,3897,3248,2598,1949,1299,650,1299,2598,13640,12991,12341,11692,11042,10393,9743,8444,7794,7145,5846,5196,4547,3897,3248,2598,1949,1299,1949,2598,12341,11042,10393,9743,9094,8444,7145,6495,5846,5196,4547,3897,3248,2598,1949,2598,9743,9094,8444,7794,7145,6495,5846,5196,4547,3897,3248,2598,10393,9743,9094,8444,7794,7145,6495,5846,5196,4547,3897,3248,11042,10393,9743,9094,8444,7794,7145,6495,5846,5196,11692,11042,10393,9743,9094,8444,7794,7145,6495,5846,7794
134,11692,12341,24033,11042,11692,12991,16238,21435,22084,22734,23383,12991,13640,14939,15589,16238,16888,18187,18837,19486,20136,20785,22084,22734,12341,12991,16238,16888,17537,18837,19486,20136,21435,22084,5846,6495,7145,7794,8444,9094,9743,10393,11042,12341,14939,15589,16238,16888,18837,19486,20136,20785,21435,5196,5846,6495,7145,7794,9743,10393,13640,14290,16238,16888,18187,18837,19486,3897,4547,5196,5846,6495,7145,7794,9094,10393,12341,12991,15589,16238,16888,20136,20785,4547,3897,3248,3897,5846,6495,7145,8444,9094,9743,10393,19486,20136,7794,3897,5196,5846,6495,8444,12341,4547,5196,5846,12341,1299,1949,3248,3897,12991,12341,7145,6495,2598,1949,1299,650,1299,1949,2598,12991,12341,6495,5846,5196,4547,3897,2598,1949,1299,650,0,650,1299,1949,13640,12991,11042,5846,5196,4547,3897,3248,2598,1949,1299,650,1949,14290,13640,12991,12341,11692,11042,10393,9094,8444,7794,6495,5846,5196,4547,3897,3248,2598,1949,1299,1949,12991,11692,11042,10393,9743,9094,7794,7145,6495,5846,5196,4547,3897,3248,2598,1949,10393,9743,9094,8444,7794,7145,6495,5846,5196,4547,3897,3248,11042,10393,9743,9094,8444,7794,7145,6495,5846,5196,4547,3897,11692,11042,10393,9743,9094,8444,7794,7145,6495,5846,12341,11692,11042,10393,9743,9094,8444,7794,7145,6495,8444
135,11042,11692,23383,10393,11042,12341,15589,20785,21435,22084,22734,12341,12991,14290,14939,15589,16238,17537,18187,18837,19486,20136,21435,22084,11692,12341,15589,16238,16888,18187,18837,19486,20785,21435,5196,5846,6495,7145,7794,8444,9094,9743,10393,11692,14290,14939,15589,16238,18187,18837,19486,20136,20785,4547,5196,5846,6495,7145,9094,9743,12991,13640,15589,16238,17537,18187,18837,4547,3897,4547,5196,5846,6495,7145,8444,9743,11692,12341,14939,15589,16238,19486,20136,5196,4547,3897,3248,5196,5846,6495,7794,8444,9094,9743,18837,19486,8444,4547,4547,5196,5846,7794,12991,3897,4547,5196,12991,1949,1299,2598,3248,13640,12991,7794,7145,3248,2598,1949,1299,650,1299,1949,13640,12991,7145,6495,5846,5196,4547,3248,2598,1949,1299,650,0,650,1299,14290,13640,11692,6495,5846,5196,4547,3897,3248,2598,1949,1299,1299,14939,14290,13640,12991,12341,11692,11042,9743,9094,8444,7145,6495,5846,5196,4547,3897,3248,2598,1949,1299,13640,12341,11692,11042,10393,9743,8444,7794,7145,6495,5846,5196,4547,3897,3248,2598,11042,10393,9743,9094,8444,7794,7145,6495,5846,5196,4547,3897,11692,11042,10393,9743,9094,8444,7794,7145,6495,5846,5196,4547,12341,11692,11042,10393,9743,9094,8444,7794,7145,6495,12991,12341,11692,11042,10393,9743,9094,8444,7794,7145,9094
136,10393,11042,22734,9743,10393,11692,14939,20136,20785,21435,22084,11692,12341,13640,14290,14939,15589,16888,17537,18187,18837,19486,20785,21435,11042,11692,14939,15589,16238,17537,18187,18837,20136,20785,5846,5196,5846,6495,7145,7794,8444,9094,9743,11042,13640,14290,14939,15589,17537,18187,18837,19486,20136,5196,4547,5196,5846,6495,8444,9094,12341,12991,14939,15589,16888,17537,18187,5196,4547,3897,4547,5196,5846,6495,7794,9094,11042,11692,14290,14939,15589,18837,19486,5846,5196,4547,3897,4547,5196,5846,7145,7794,8444,9094,18187,18837,9094,5196,3897,4547,5196,7145,13640,3248,3897,4547,13640,2598,1949,1949,2598,14290,13640,8444,7794,3897,3248,2598,1949,1299,650,1299,14290,13640,7794,7145,6495,5846,5196,3897,3248,2598,1949,1299,650,0,650,14939,14290,12341,7145,6495,5846,5196,4547,3897,3248,2598,1949,650,15589,14939,14290,13640,12991,12341,11692,10393,9743,9094,7794,7145,6495,5846,5196,4547,3897,3248,2598,1949,14290,12991,12341,11692,11042,10393,9094,8444,7794,7145,6495,5846,5196,4547,3897,3248,11692,11042,10393,9743,9094,8444,7794,7145,6495,5846,5196,4547,12341,11692,11042,10393,9743,9094,8444,7794,7145,6495,5846,5196,12991,12341,11692,11042,10393,9743,9094,8444,7794,7145,13640,12991,12341,11692,11042,10393,9743,9094,8444,7794,9743
137,9743,10393,22084,9094,9743,11042,14290,19486,20136,20785,21435,11042,11692,12991,13640,14290,14939,16238,16888,17537,18187,18837,20136,20785,10393,11042,14290,14939,15589,16888,17537,18187,19486,20136,6495,5846,5196,5846,6495,7145,7794,8444,9094,10393,12991,13640,14290,14939,16888,17537,18187,18837,19486,5846,5196,4547,5196,5846,7794,8444,11692,12341,14290,14939,16238,16888,17537,5846,5196,4547,3897,4547,5196,5846,7145,8444,10393,11042,13640,14290,14939,18187,18837,6495,5846,5196,4547,3897,4547,5196,6495,7145,7794,8444,17537,18187,9743,5846,3248,3897,4547,6495,14290,2598,3248,3897,14290,3248,2598,1299,1949,14939,14290,9094,8444,4547,3897,3248,2598,1949,1299,650,14939,14290,8444,7794,7145,6495,5846,4547,3897,3248,2598,1949,1299,650,0,15589,14939,12991,7794,7145,6495,5846,5196,4547,3897,3248,2598,1299,16238,15589,14939,14290,13640,12991,12341,11042,10393,9743,8444,7794,7145,6495,5846,5196,4547,3897,3248,2598,14939,13640,12991,12341,11692,11042,9743,9094,8444,7794,7145,6495,5846,5196,4547,3897,12341,11692,11042,10393,9743,9094,8444,7794,7145,6495,5846,5196,12991,12341,11692,11042,10393,9743,9094,8444,7794,7145,6495,5846,13640,12991,12341,11692,11042,10393,9743,9094,8444,7794,14290,13640,12991,12341,11692,11042,10393,9743,9094,8444,10393
138,25332,25981,37673,24682,25332,26631,29879,35075,35724,36374,37024,26631,27281,28580,29229,29879,30528,31827,32477,33126,33776,34425,35724,36374,25981,26631,29879,30528,31178,32477,33126,33776,35075,35724,19486,20136,20785,21435,22084,22734,23383,24033,24682,25981,28580,29229,29879,30528,32477,33126,33776,34425,35075,18837,19486,20136,20785,21435,23383,24033,27281,27930,29879,30528,31827,32477,33126,17537,18187,18837,19486,20136,20785,21435,22734,24033,25981,26631,29229,29879,30528,33776,34425,15589,16238,16888,17537,19486,20136,20785,22084,22734,23383,24033,33126,33776,11042,14939,18837,19486,20136,22084,5196,18187,18837,19486,3897,14939,15589,16888,17537,1949,2598,7794,8444,12341,12991,13640,14290,14939,15589,16238,650,1299,7145,7794,8444,9094,9743,11042,11692,12341,12991,13640,14290,14939,15589,0,650,2598,7794,8444,9094,9743,10393,11042,11692,12341,12991,14290,650,1299,1949,2598,3248,3897,4547,5846,6495,7145,8444,9094,9743,10393,11042,11692,12341,12991,13640,14290,3248,4547,5196,5846,6495,7145,8444,9094,9743,10393,11042,11692,12341,12991,13640,14290,7145,7794,8444,9094,9743,10393,11042,11692,12341,12991,13640,14290,7794,8444,9094,9743,10393,11042,11692,12341,12991,13640,14290,14939,8444,9094,9743,10393,11042,11692,12341,12991,13640,14290,9094,9743,10393,11042,11692,12341,12991,13640,14290,14939,14290
139,24682,25332,37024,24033,24682,25981,29229,34425,35075,35724,36374,25981,26631,27930,28580,29229,29879,31178,31827,32477,33126,33776,35075,35724,25332,25981,29229,29879,30528,31827,32477,33126,34425,35075,18837,19486,20136,20785,21435,22084,22734,23383,24033,25332,27930,28580,29229,29879,31827,32477,33126,33776,34425,18187,18837,19486,20136,20785,22734,23383,26631,27281,29229,29879,31178,31827,32477,16888,17537,18187,18837,19486,20136,20785,22084,23383,25332,25981,28580,29229,29879,33126,33776,14939,15589,16238,16888,18837,19486,20136,21435,22084,22734,23383,32477,33126,10393,14290,18187,18837,19486,21435,4547,17537,18187,18837,3248,14290,14939,16238,16888,1299,1949,7145,7794,11692,12341,12991,13640,14290,14939,15589,1299,650,6495,7145,7794,8444,9094,10393,11042,11692,12341,12991,13640,14290,14939,650,0,1949,7145,7794,8444,9094,9743,10393,11042,11692,12341,13640,1299,650,1299,1949,2598,3248,3897,5196,5846,6495,7794,8444,9094,9743,10393,11042,11692,12341,12991,13640,2598,3897,4547,5196,5846,6495,7794,8444,9094,9743,10393,11042,11692,12341,12991,13640,6495,7145,7794,8444,9094,9743,10393,11042,11692,12341,12991,13640,7145,7794,8444,9094,9743,10393,11042,11692,12341,12991,13640,14290,7794,8444,9094,9743,10393,11042,11692,12341,12991,13640,8444,9094,9743,10393,11042,11692,12341,12991,13640,14290,13640
140,22734,23383,35075,22084,22734,24033,27281,32477,33126,33776,34425,24033,24682,25981,26631,27281,27930,29229,29879,30528,31178,31827,33126,33776,23383,24033,27281,27930,28580,29879,30528,31178,32477,33126,16888,17537,18187,18837,19486,20136,20785,21435,22084,23383,25981,26631,27281,27930,29879,30528,31178,31827,32477,16238,16888,17537,18187,18837,20785,21435,24682,25332,27281,27930,29229,29879,30528,14939,15589,16238,16888,17537,18187,18837,20136,21435,23383,24033,26631,27281,27930,31178,31827,12991,13640,14290,14939,16888,17537,18187,19486,20136,20785,21435,30528,31178,8444,12341,16238,16888,17537,19486,2598,15589,16238,16888,2598,12341,12991,14290,14939,3248,2598,5196,5846,9743,10393,11042,11692,12341,12991,13640,3248,2598,4547,5196,5846,6495,7145,8444,9094,9743,10393,11042,11692,12341,12991,2598,1949,0,5196,5846,6495,7145,7794,8444,9094,9743,10393,11692,3248,2598,1949,1299,650,1299,1949,3248,3897,4547,5846,6495,7145,7794,8444,9094,9743,10393,11042,11692,1949,1949,2598,3248,3897,4547,5846,6495,7145,7794,8444,9094,9743,10393,11042,11692,4547,5196,5846,6495,7145,7794,8444,9094,9743,10393,11042,11692,5196,5846,6495,7145,7794,8444,9094,9743,10393,11042,11692,12341,5846,6495,7145,7794,8444,9094,9743,10393,11042,11692,6495,7145,7794,8444,9094,9743,10393,11042,11692,12341,11692
141,17537,18187,29879,16888,17537,18837,22084,27281,27930,28580,29229,18837,19486,20785,21435,22084,22734,24033,24682,25332,25981,26631,27930,28580,18187,18837,22084,22734,23383,24682,25332,25981,27281,27930,11692,12341,12991,13640,14290,14939,15589,16238,16888,18187,20785,21435,22084,22734,24682,25332,25981,26631,27281,11042,11692,12341,12991,13640,15589,16238,19486,20136,22084,22734,24033,24682,25332,9743,10393,11042,11692,12341,12991,13640,14939,16238,18187,18837,21435,22084,22734,25981,26631,7794,8444,9094,9743,11692,12341,12991,14290,14939,15589,16238,25332,25981,3248,7145,11042,11692,12341,14290,7794,10393,11042,11692,7794,7145,7794,9094,9743,8444,7794,2598,1949,4547,5196,5846,6495,7145,7794,8444,8444,7794,1949,1299,650,1299,1949,3248,3897,4547,5196,5846,6495,7145,7794,7794,7145,5196,0,650,1299,1949,2598,3248,3897,4547,5196,6495,8444,7794,7145,6495,5846,5196,4547,3248,2598,1949,650,1299,1949,2598,3248,3897,4547,5196,5846,6495,7145,5846,5196,4547,3897,3248,1949,1299,1949,2598,3248,3897,4547,5196,5846,6495,4547,3897,3248,2598,1949,2598,3248,3897,4547,5196,5846,6495,5196,4547,3897,3248,2598,3248,3897,4547,5196,5846,6495,7145,5846,5196,4547,3897,3248,3897,4547,5196,5846,6495,6495,5846,5196,4547,3897,4547,5196,5846,6495,7145,6495
142,16888,17537,29229,16238,16888,18187,21435,26631,27281,27930,28580,18187,18837,20136,20785,21435,22084,23383,24033,24682,25332,25981,27281,27930,17537,18187,21435,22084,22734,24033,24682,25332,26631,27281,11042,11692,12341,12991,13640,14290,14939,15589,16238,17537,20136,20785,21435,22084,24033,24682,25332,25981,26631,10393,11042,11692,12341,12991,14939,15589,18837,19486,21435,22084,23383,24033,24682,9094,9743,10393,11042,11692,12341,12991,14290,15589,17537,18187,20785,21435,22084,25332,25981,7145,7794,8444,9094,11042,11692,12341,13640,14290,14939,15589,24682,25332,3897,6495,10393,11042,11692,13640,8444,9743,10393,11042,8444,6495,7145,8444,9094,9094,8444,3248,2598,3897,4547,5196,5846,6495,7145,7794,9094,8444,2598,1949,1299,650,1299,2598,3248,3897,4547,5196,5846,6495,7145,8444,7794,5846,650,0,650,1299,1949,2598,3248,3897,4547,5846,9094,8444,7794,7145,6495,5846,5196,3897,3248,2598,1299,650,1299,1949,2598,3248,3897,4547,5196,5846,7794,6495,5846,5196,4547,3897,2598,1949,1299,1949,2598,3248,3897,4547,5196,5846,5196,4547,3897,3248,2598,1949,2598,3248,3897,4547,5196,5846,5846,5196,4547,3897,3248,2598,3248,3897,4547,5196,5846,6495,6495,5846,5196,4547,3897,3248,3897,4547,5196,5846,7145,6495,5846,5196,4547,3897,4547,5196,5846,6495,5846
143,16238,16888,28580,15589,16238,17537,20785,25981,26631,27281,27930,17537,18187,19486,20136,20785,21435,22734,23383,24033,24682,25332,26631,27281,16888,17537,20785,21435,22084,23383,24033,24682,25981,26631,10393,11042,11692,12341,12991,13640,14290,14939,15589,16888,19486,20136,20785,21435,23383,24033,24682,25332,25981,9743,10393,11042,11692,12341,14290,14939,18187,18837,20785,21435,22734,23383,24033,8444,9094,9743,10393,11042,11692,12341,13640,14939,16888,17537,20136,20785,21435,24682,25332,6495,7145,7794,8444,10393,11042,11692,12991,13640,14290,14939,24033,24682,4547,5846,9743,10393,11042,12991,9094,9094,9743,10393,9094,5846,6495,7794,8444,9743,9094,3897,3248,3248,3897,4547,5196,5846,6495,7145,9743,9094,3248,2598,1949,1299,650,1949,2598,3248,3897,4547,5196,5846,6495,9094,8444,6495,1299,650,0,650,1299,1949,2598,3248,3897,5196,9743,9094,8444,7794,7145,6495,5846,4547,3897,3248,1949,1299,650,1299,1949,2598,3248,3897,4547,5196,8444,7145,6495,5846,5196,4547,3248,2598,1949,1299,1949,2598,3248,3897,4547,5196,5846,5196,4547,3897,3248,2598,1949,2598,3248,3897,4547,5196,6495,5846,5196,4547,3897,3248,2598,3248,3897,4547,5196,5846,7145,6495,5846,5196,4547,3897,3248,3897,4547,5196,7794,7145,6495,5846,5196,4547,3897,4547,5196,5846,5196
144,15589,16238,27930,14939,15589,16888,20136,25332,25981,26631,27281,16888,17537,18837,19486,20136,20785,22084,22734,23383,24033,24682,25981,26631,16238,16888,20136,20785,21435,22734,23383,24033,25332,25981,9743,10393,11042,11692,12341,12991,13640,14290,14939,16238,18837,19486,20136,20785,22734,23383,24033,24682,25332,9094,9743,10393,11042,11692,13640,14290,17537,18187,20136,20785,22084,22734,23383,7794,8444,9094,9743,10393,11042,11692,12991,14290,16238,16888,19486,20136,20785,24033,24682,5846,6495,7145,7794,9743,10393,11042,12341,12991,13640,14290,23383,24033,5196,5196,9094,9743,10393,12341,9743,8444,9094,9743,9743,5196,5846,7145,7794,10393,9743,4547,3897,2598,3248,3897,4547,5196,5846,6495,10393,9743,3897,3248,2598,1949,1299,1299,1949,2598,3248,3897,4547,5196,5846,9743,9094,7145,1949,1299,650,0,650,1299,1949,2598,3248,4547,10393,9743,9094,8444,7794,7145,6495,5196,4547,3897,2598,1949,1299,650,1299,1949,2598,3248,3897,4547,9094,7794,7145,6495,5846,5196,3897,3248,2598,1949,1299,1949,2598,3248,3897,4547,6495,5846,5196,4547,3897,3248,2598,1949,2598,3248,3897,4547,7145,6495,5846,5196,4547,3897,3248,2598,3248,3897,4547,5196,7794,7145,6495,5846,5196,4547,3897,3248,3897,4547,8444,7794,7145,6495,5846,5196,4547,3897,4547,5196,4547
145,14939,15589,27281,14290,14939,16238,19486,24682,25332,25981,26631,16238,16888,18187,18837,19486,20136,21435,22084,22734,23383,24033,25332,25981,15589,16238,19486,20136,20785,22084,22734,23383,24682,25332,9094,9743,10393,11042,11692,12341,12991,13640,14290,15589,18187,18837,19486,20136,22084,22734,23383,24033,24682,8444,9094,9743,10393,11042,12991,13640,16888,17537,19486,20136,21435,22084,22734,7145,7794,8444,9094,9743,10393,11042,12341,13640,15589,16238,18837,19486,20136,23383,24033,5196,5846,6495,7145,9094,9743,10393,11692,12341,12991,13640,22734,23383,5846,4547,8444,9094,9743,11692,10393,7794,8444,9094,10393,4547,5196,6495,7145,11042,10393,5196,4547,1949,2598,3248,3897,4547,5196,5846,11042,10393,4547,3897,3248,2598,1949,650,1299,1949,2598,3248,3897,4547,5196,10393,9743,7794,2598,1949,1299,650,0,650,1299,1949,2598,3897,11042,10393,9743,9094,8444,7794,7145,5846,5196,4547,3248,2598,1949,1299,650,1299,1949,2598,3248,3897,9743,8444,7794,7145,6495,5846,4547,3897,3248,2598,1949,1299,1949,2598,3248,3897,7145,6495,5846,5196,4547,3897,3248,2598,1949,2598,3248,3897,7794,7145,6495,5846,5196,4547,3897,3248,2598,3248,3897,4547,8444,7794,7145,6495,5846,5196,4547,3897,3248,3897,9094,8444,7794,7145,6495,5846,5196,4547,3897,4547,5196
146,14290,14939,26631,13640,14290,15589,18837,24033,24682,25332,25981,15589,16238,17537,18187,18837,19486,20785,21435,22084,22734,23383,24682,25332,14939,15589,18837,19486,20136,21435,22084,22734,24033,24682,8444,9094,9743,10393,11042,11692,12341,12991,13640,14939,17537,18187,18837,19486,21435,22084,22734,23383,24033,7794,8444,9094,9743,10393,12341,12991,16238,16888,18837,19486,20785,21435,22084,6495,7145,7794,8444,9094,9743,10393,11692,12991,14939,15589,18187,18837,19486,22734,23383,4547,5196,5846,6495,8444,9094,9743,11042,11692,12341,12991,22084,22734,6495,3897,7794,8444,9094,11042,11042,7145,7794,8444,11042,3897,4547,5846,6495,11692,11042,5846,5196,1299,1949,2598,3248,3897,4547,5196,11692,11042,5196,4547,3897,3248,2598,1299,650,1299,1949,2598,3248,3897,4547,11042,10393,8444,3248,2598,1949,1299,650,0,650,1299,1949,3248,11692,11042,10393,9743,9094,8444,7794,6495,5846,5196,3897,3248,2598,1949,1299,650,1299,1949,2598,3248,10393,9094,8444,7794,7145,6495,5196,4547,3897,3248,2598,1949,1299,1949,2598,3248,7794,7145,6495,5846,5196,4547,3897,3248,2598,1949,2598,3248,8444,7794,7145,6495,5846,5196,4547,3897,3248,2598,3248,3897,9094,8444,7794,7145,6495,5846,5196,4547,3897,3248,9743,9094,8444,7794,7145,6495,5846,5196,4547,3897,5846
147,13640,14290,25981,12991,13640,14939,18187,23383,24033,24682,25332,14939,15589,16888,17537,18187,18837,20136,20785,21435,22084,22734,24033,24682,14290,14939,18187,18837,19486,20785,21435,22084,23383,24033,7794,8444,9094,9743,10393,11042,11692,12341,12991,14290,16888,17537,18187,18837,20785,21435,22084,22734,23383,7145,7794,8444,9094,9743,11692,12341,15589,16238,18187,18837,20136,20785,21435,5846,6495,7145,7794,8444,9094,9743,11042,12341,14290,14939,17537,18187,18837,22084,22734,3897,4547,5196,5846,7794,8444,9094,10393,11042,11692,12341,21435,22084,7145,3248,7145,7794,8444,10393,11692,6495,7145,7794,11692,3248,3897,5196,5846,12341,11692,6495,5846,1949,1299,1949,2598,3248,3897,4547,12341,11692,5846,5196,4547,3897,3248,1949,1299,650,1299,1949,2598,3248,3897,11692,11042,9094,3897,3248,2598,1949,1299,650,0,650,1299,2598,12341,11692,11042,10393,9743,9094,8444,7145,6495,5846,4547,3897,3248,2598,1949,1299,650,1299,1949,2598,11042,9743,9094,8444,7794,7145,5846,5196,4547,3897,3248,2598,1949,1299,1949,2598,8444,7794,7145,6495,5846,5196,4547,3897,3248,2598,1949,2598,9094,8444,7794,7145,6495,5846,5196,4547,3897,3248,2598,3248,9743,9094,8444,7794,7145,6495,5846,5196,4547,3897,10393,9743,9094,8444,7794,7145,6495,5846,5196,4547,6495
148,12991,13640,25332,12341,12991,14290,17537,22734,23383,24033,24682,14290,14939,16238,16888,17537,18187,19486,20136,20785,21435,22084,23383,24033,13640,14290,17537,18187,18837,20136,20785,21435,22734,23383,7145,7794,8444,9094,9743,10393,11042,11692,12341,13640,16238,16888,17537,18187,20136,20785,21435,22084,22734,6495,7145,7794,8444,9094,11042,11692,14939,15589,17537,18187,19486,20136,20785,5196,5846,6495,7145,7794,8444,9094,10393,11692,13640,14290,16888,17537,18187,21435,22084,4547,3897,4547,5196,7145,7794,8444,9743,10393,11042,11692,20785,21435,7794,3897,6495,7145,7794,9743,12341,5846,6495,7145,12341,2598,3248,4547,5196,12991,12341,7145,6495,2598,1949,1299,1949,2598,3248,3897,12991,12341,6495,5846,5196,4547,3897,2598,1949,1299,650,1299,1949,2598,3248,12341,11692,9743,4547,3897,3248,2598,1949,1299,650,0,650,1949,12991,12341,11692,11042,10393,9743,9094,7794,7145,6495,5196,4547,3897,3248,2598,1949,1299,650,1299,1949,11692,10393,9743,9094,8444,7794,6495,5846,5196,4547,3897,3248,2598,1949,1299,1949,9094,8444,7794,7145,6495,5846,5196,4547,3897,3248,2598,1949,9743,9094,8444,7794,7145,6495,5846,5196,4547,3897,3248,2598,10393,9743,9094,8444,7794,7145,6495,5846,5196,4547,11042,10393,9743,9094,8444,7794,7145,6495,5846,5196,7145
149,12341,12991,24682,11692,12341,13640,16888,22084,22734,23383,24033,13640,14290,15589,16238,16888,17537,18837,19486,20136,20785,21435,22734,23383,12991,13640,16888,17537,18187,19486,20136,20785,22084,22734,6495,7145,7794,8444,9094,9743,10393,11042,11692,12991,15589,16238,16888,17537,19486,20136,20785,21435,22084,5846,6495,7145,7794,8444,10393,11042,14290,14939,16888,17537,18837,19486,20136,4547,5196,5846,6495,7145,7794,8444,9743,11042,12991,13640,16238,16888,17537,20785,21435,5196,4547,3897,4547,6495,7145,7794,9094,9743,10393,11042,20136,20785,8444,4547,5846,6495,7145,9094,12991,5196,5846,6495,12991,1949,2598,3897,4547,13640,12991,7794,7145,3248,2598,1949,1299,1949,2598,3248,13640,12991,7145,6495,5846,5196,4547,3248,2598,1949,1299,650,1299,1949,2598,12991,12341,10393,5196,4547,3897,3248,2598,1949,1299,650,0,1299,13640,12991,12341,11692,11042,10393,9743,8444,7794,7145,5846,5196,4547,3897,3248,2598,1949,1299,650,1299,12341,11042,10393,9743,9094,8444,7145,6495,5846,5196,4547,3897,3248,2598,1949,1299,9743,9094,8444,7794,7145,6495,5846,5196,4547,3897,3248,2598,10393,9743,9094,8444,7794,7145,6495,5846,5196,4547,3897,3248,11042,10393,9743,9094,8444,7794,7145,6495,5846,5196,11692,11042,10393,9743,9094,8444,7794,7145,6495,5846,7794
150,11042,11692,23383,10393,11042,12341,15589,20785,21435,22084,22734,12341,12991,14290,14939,15589,16238,17537,18187,18837,19486,20136,21435,22084,11692,12341,15589,16238,16888,18187,18837,19486,20785,21435,6495,5846,6495,7145,7794,8444,9094,9743,10393,11692,14290,14939,15589,16238,18187,18837,19486,20136,20785,5846,5196,5846,6495,7145,9094,9743,12991,13640,15589,16238,17537,18187,18837,5846,5196,4547,5196,5846,6495,7145,8444,9743,11692,12341,14939,15589,16238,19486,20136,6495,5846,5196,4547,5196,5846,6495,7794,8444,9094,9743,18837,19486,9743,5846,4547,5196,5846,7794,14290,3897,4547,5196,14290,3248,2598,2598,3248,14939,14290,9094,8444,4547,3897,3248,2598,1949,1299,1949,14939,14290,8444,7794,7145,6495,5846,4547,3897,3248,2598,1949,1299,650,1299,14290,13640,11692,6495,5846,5196,4547,3897,3248,2598,1949,1299,0,14939,14290,13640,12991,12341,11692,11042,9743,9094,8444,7145,6495,5846,5196,4547,3897,3248,2598,1949,1299,13640,12341,11692,11042,10393,9743,8444,7794,7145,6495,5846,5196,4547,3897,3248,2598,11042,10393,9743,9094,8444,7794,7145,6495,5846,5196,4547,3897,11692,11042,10393,9743,9094,8444,7794,7145,6495,5846,5196,4547,12341,11692,11042,10393,9743,9094,8444,7794,7145,6495,12991,12341,11692,11042,10393,9743,9094,8444,7794,7145,9094
151,25981,26631,38323,25332,25981,27281,30528,35724,36374,37024,37673,27281,27930,29229,29879,30528,31178,32477,33126,33776,34425,35075,36374,37024,26631,27281,30528,31178,31827,33126,33776,34425,35724,36374,20136,20785,21435,22084,22734,23383,24033,24682,25332,26631,29229,29879,30528,31178,33126,33776,34425,35075,35724,19486,20136,20785,21435,22084,24033,24682,27930,28580,30528,31178,32477,33126,33776,18187,18837,19486,20136,20785,21435,22084,23383,24682,26631,27281,29879,30528,31178,34425,35075,16238,16888,17537,18187,20136,20785,21435,22734,23383,24033,24682,33776,34425,11692,15589,19486,20136,20785,22734,5846,18837,19486,20136,4547,15589,16238,17537,18187,2598,3248,8444,9094,12991,13640,14290,14939,15589,16238,16888,1299,1949,7794,8444,9094,9743,10393,11692,12341,12991,13640,14290,14939,15589,16238,650,1299,3248,8444,9094,9743,10393,11042,11692,12341,12991,13640,14939,0,650,1299,1949,2598,3248,3897,5196,5846,6495,7794,8444,9094,9743,10393,11042,11692,12341,12991,13640,2598,3897,4547,5196,5846,6495,7794,8444,9094,9743,10393,11042,11692,12341,12991,13640,6495,7145,7794,8444,9094,9743,10393,11042,11692,12341,12991,13640,7145,7794,8444,9094,9743,10393,11042,11692,12341,12991,13640,14290,7794,8444,9094,9743,10393,11042,11692,12341,12991,13640,8444,9094,9743,10393,11042,11692,12341,12991,13640,14290,13640
152,25332,25981,37673,24682,25332,26631,29879,35075,35724,36374,37024,26631,27281,28580,29229,29879,30528,31827,32477,33126,33776,34425,35724,36374,25981,26631,29879,30528,31178,32477,33126,33776,35075,35724,19486,20136,20785,21435,22084,22734,23383,24033,24682,25981,28580,29229,29879,30528,32477,33126,33776,34425,35075,18837,19486,20136,20785,21435,23383,24033,27281,27930,29879,30528,31827,32477,33126,17537,18187,18837,19486,20136,20785,21435,22734,24033,25981,26631,29229,29879,30528,33776,34425,15589,16238,16888,17537,19486,20136,20785,22084,22734,23383,24033,33126,33776,11042,14939,18837,19486,20136,22084,5196,18187,18837,19486,3897,14939,15589,16888,17537,1949,2598,7794,8444,12341,12991,13640,14290,14939,15589,16238,1949,1299,7145,7794,8444,9094,9743,11042,11692,12341,12991,13640,14290,14939,15589,1299,650,2598,7794,8444,9094,9743,10393,11042,11692,12341,12991,14290,650,0,650,1299,1949,2598,3248,4547,5196,5846,7145,7794,8444,9094,9743,10393,11042,11692,12341,12991,1949,3248,3897,4547,5196,5846,7145,7794,8444,9094,9743,10393,11042,11692,12341,12991,5846,6495,7145,7794,8444,9094,9743,10393,11042,11692,12341,12991,6495,7145,7794,8444,9094,9743,10393,11042,11692,12341,12991,13640,7145,7794,8444,9094,9743,10393,11042,11692,12341,12991,7794,8444,9094,9743,10393,11042,11692,12341,12991,13640,12991
153,24682,25332,37024,24033,24682,25981,29229,34425,35075,35724,36374,25981,26631,27930,28580,29229,29879,31178,31827,32477,33126,33776,35075,35724,25332,25981,29229,29879,30528,31827,32477,33126,34425,35075,18837,19486,20136,20785,21435,22084,22734,23383,24033,25332,27930,28580,29229,29879,31827,32477,33126,33776,34425,18187,18837,19486,20136,20785,22734,23383,26631,27281,29229,29879,31178,31827,32477,16888,17537,18187,18837,19486,20136,20785,22084,23383,25332,25981,28580,29229,29879,33126,33776,14939,15589,16238,16888,18837,19486,20136,21435,22084,22734,23383,32477,33126,10393,14290,18187,18837,19486,21435,4547,17537,18187,18837,3248,14290,14939,16238,16888,2598,1949,7145,7794,11692,12341,12991,13640,14290,14939,15589,2598,1949,6495,7145,7794,8444,9094,10393,11042,11692,12341,12991,13640,14290,14939,1949,1299,1949,7145,7794,8444,9094,9743,10393,11042,11692,12341,13640,1299,650,0,650,1299,1949,2598,3897,4547,5196,6495,7145,7794,8444,9094,9743,10393,11042,11692,12341,1299,2598,3248,3897,4547,5196,6495,7145,7794,8444,9094,9743,10393,11042,11692,12341,5196,5846,6495,7145,7794,8444,9094,9743,10393,11042,11692,12341,5846,6495,7145,7794,8444,9094,9743,10393,11042,11692,12341,12991,6495,7145,7794,8444,9094,9743,10393,11042,11692,12341,7145,7794,8444,9094,9743,10393,11042,11692,12341,12991,12341
154,24033,24682,36374,23383,24033,25332,28580,33776,34425,35075,35724,25332,25981,27281,27930,28580,29229,30528,31178,31827,32477,33126,34425,35075,24682,25332,28580,29229,29879,31178,31827,32477,33776,34425,18187,18837,19486,20136,20785,21435,22084,22734,23383,24682,27281,27930,28580,29229,31178,31827,32477,33126,33776,17537,18187,18837,19486,20136,22084,22734,25981,26631,28580,29229,30528,31178,31827,16238,16888,17537,18187,18837,19486,20136,21435,22734,24682,25332,27930,28580,29229,32477,33126,14290,14939,15589,16238,18187,18837,19486,20785,21435,22084,22734,31827,32477,9743,13640,17537,18187,18837,20785,3897,16888,17537,18187,2598,13640,14290,15589,16238,3248,2598,6495,7145,11042,11692,12341,12991,13640,14290,14939,3248,2598,5846,6495,7145,7794,8444,9743,10393,11042,11692,12341,12991,13640,14290,2598,1949,1299,6495,7145,7794,8444,9094,9743,10393,11042,11692,12991,1949,1299,650,0,650,1299,1949,3248,3897,4547,5846,6495,7145,7794,8444,9094,9743,10393,11042,11692,650,1949,2598,3248,3897,4547,5846,6495,7145,7794,8444,9094,9743,10393,11042,11692,4547,5196,5846,6495,7145,7794,8444,9094,9743,10393,11042,11692,5196,5846,6495,7145,7794,8444,9094,9743,10393,11042,11692,12341,5846,6495,7145,7794,8444,9094,9743,10393,11042,11692,6495,7145,7794,8444,9094,9743,10393,11042,11692,12341,11692
155,23383,24033,35724,22734,23383,24682,27930,33126,33776,34425,35075,24682,25332,26631,27281,27930,28580,29879,30528,31178,31827,32477,33776,34425,24033,24682,27930,28580,29229,30528,31178,31827,33126,33776,17537,18187,18837,19486,20136,20785,21435,22084,22734,24033,26631,27281,27930,28580,30528,31178,31827,32477,33126,16888,17537,18187,18837,19486,21435,22084,25332,25981,27930,28580,29879,30528,31178,15589,16238,16888,17537,18187,18837,19486,20785,22084,24033,24682,27281,27930,28580,31827,32477,13640,14290,14939,15589,17537,18187,18837,20136,20785,21435,22084,31178,31827,9094,12991,16888,17537,18187,20136,3248,16238,16888,17537,3248,12991,13640,14939,15589,3897,3248,5846,6495,10393,11042,11692,12341,12991,13640,14290,3897,3248,5196,5846,6495,7145,7794,9094,9743,10393,11042,11692,12341,12991,13640,3248,2598,650,5846,6495,7145,7794,8444,9094,9743,10393,11042,12341,2598,1949,1299,650,0,650,1299,2598,3248,3897,5196,5846,6495,7145,7794,8444,9094,9743,10393,11042,1299,1299,1949,2598,3248,3897,5196,5846,6495,7145,7794,8444,9094,9743,10393,11042,3897,4547,5196,5846,6495,7145,7794,8444,9094,9743,10393,11042,4547,5196,5846,6495,7145,7794,8444,9094,9743,10393,11042,11692,5196,5846,6495,7145,7794,8444,9094,9743,10393,11042,5846,6495,7145,7794,8444,9094,9743,10393,11042,11692,11042
156,22734,23383,35075,22084,22734,24033,27281,32477,33126,33776,34425,24033,24682,25981,26631,27281,27930,29229,29879,30528,31178,31827,33126,33776,23383,24033,27281,27930,28580,29879,30528,31178,32477,33126,16888,17537,18187,18837,19486,20136,20785,21435,22084,23383,25981,26631,27281,27930,29879,30528,31178,31827,32477,16238,16888,17537,18187,18837,20785,21435,24682,25332,27281,27930,29229,29879,30528,14939,15589,16238,16888,17537,18187,18837,20136,21435,23383,24033,26631,27281,27930,31178,31827,12991,13640,14290,14939,16888,17537,18187,19486,20136,20785,21435,30528,31178,8444,12341,16238,16888,17537,19486,3897,15589,16238,16888,3897,12341,12991,14290,14939,4547,3897,5196,5846,9743,10393,11042,11692,12341,12991,13640,4547,3897,4547,5196,5846,6495,7145,8444,9094,9743,10393,11042,11692,12341,12991,3897,3248,1299,5196,5846,6495,7145,7794,8444,9094,9743,10393,11692,3248,2598,1949,1299,650,0,650,1949,2598,3248,4547,5196,5846,6495,7145,7794,8444,9094,9743,10393,1949,650,1299,1949,2598,3248,4547,5196,5846,6495,7145,7794,8444,9094,9743,10393,3248,3897,4547,5196,5846,6495,7145,7794,8444,9094,9743,10393,3897,4547,5196,5846,6495,7145,7794,8444,9094,9743,10393,11042,4547,5196,5846,6495,7145,7794,8444,9094,9743,10393,5196,5846,6495,7145,7794,8444,9094,9743,10393,11042,10393
157,22084,22734,34425,21435,22084,23383,26631,31827,32477,33126,33776,23383,24033,25332,25981,26631,27281,28580,29229,29879,30528,31178,32477,33126,22734,23383,26631,27281,27930,29229,29879,30528,31827,32477,16238,16888,17537,18187,18837,19486,20136,20785,21435,22734,25332,25981,26631,27281,29229,29879,30528,31178,31827,15589,16238,16888,17537,18187,20136,20785,24033,24682,26631,27281,28580,29229,29879,14290,14939,15589,16238,16888,17537,18187,19486,20785,22734,23383,25981,26631,27281,30528,31178,12341,12991,13640,14290,16238,16888,17537,18837,19486,20136,20785,29879,30528,7794,11692,15589,16238,16888,18837,4547,14939,15589,16238,4547,11692,12341,13640,14290,5196,4547,4547,5196,9094,9743,10393,11042,11692,12341,12991,5196,4547,3897,4547,5196,5846,6495,7794,8444,9094,9743,10393,11042,11692,12341,4547,3897,1949,4547,5196,5846,6495,7145,7794,8444,9094,9743,11042,3897,3248,2598,1949,1299,650,0,1299,1949,2598,3897,4547,5196,5846,6495,7145,7794,8444,9094,9743,2598,1299,650,1299,1949,2598,3897,4547,5196,5846,6495,7145,7794,8444,9094,9743,2598,3248,3897,4547,5196,5846,6495,7145,7794,8444,9094,9743,3248,3897,4547,5196,5846,6495,7145,7794,8444,9094,9743,10393,3897,4547,5196,5846,6495,7145,7794,8444,9094,9743,4547,5196,5846,6495,7145,7794,8444,9094,9743,10393,9743
158,20785,21435,33126,20136,20785,22084,25332,30528,31178,31827,32477,22084,22734,24033,24682,25332,25981,27281,27930,28580,29229,29879,31178,31827,21435,22084,25332,25981,26631,27930,28580,29229,30528,31178,14939,15589,16238,16888,17537,18187,18837,19486,20136,21435,24033,24682,25332,25981,27930,28580,29229,29879,30528,14290,14939,15589,16238,16888,18837,19486,22734,23383,25332,25981,27281,27930,28580,12991,13640,14290,14939,15589,16238,16888,18187,19486,21435,22084,24682,25332,25981,29229,29879,11042,11692,12341,12991,14939,15589,16238,17537,18187,18837,19486,28580,29229,6495,10393,14290,14939,15589,17537,5846,13640,14290,14939,5846,10393,11042,12341,12991,6495,5846,3248,3897,7794,8444,9094,9743,10393,11042,11692,6495,5846,2598,3248,3897,4547,5196,6495,7145,7794,8444,9094,9743,10393,11042,5846,5196,3248,3248,3897,4547,5196,5846,6495,7145,7794,8444,9743,5196,4547,3897,3248,2598,1949,1299,0,650,1299,2598,3248,3897,4547,5196,5846,6495,7145,7794,8444,3897,2598,1949,1299,650,1299,2598,3248,3897,4547,5196,5846,6495,7145,7794,8444,1299,1949,2598,3248,3897,4547,5196,5846,6495,7145,7794,8444,1949,2598,3248,3897,4547,5196,5846,6495,7145,7794,8444,9094,2598,3248,3897,4547,5196,5846,6495,7145,7794,8444,3248,3897,4547,5196,5846,6495,7145,7794,8444,9094,8444
159,20136,20785,32477,19486,20136,21435,24682,29879,30528,31178,31827,21435,22084,23383,24033,24682,25332,26631,27281,27930,28580,29229,30528,31178,20785,21435,24682,25332,25981,27281,27930,28580,29879,30528,14290,14939,15589,16238,16888,17537,18187,18837,19486,20785,23383,24033,24682,25332,27281,27930,28580,29229,29879,13640,14290,14939,15589,16238,18187,18837,22084,22734,24682,25332,26631,27281,27930,12341,12991,13640,14290,14939,15589,16238,17537,18837,20785,21435,24033,24682,25332,28580,29229,10393,11042,11692,12341,14290,14939,15589,16888,17537,18187,18837,27930,28580,5846,9743,13640,14290,14939,16888,6495,12991,13640,14290,6495,9743,10393,11692,12341,7145,6495,2598,3248,7145,7794,8444,9094,9743,10393,11042,7145,6495,1949,2598,3248,3897,4547,5846,6495,7145,7794,8444,9094,9743,10393,6495,5846,3897,2598,3248,3897,4547,5196,5846,6495,7145,7794,9094,5846,5196,4547,3897,3248,2598,1949,650,0,650,1949,2598,3248,3897,4547,5196,5846,6495,7145,7794,4547,3248,2598,1949,1299,650,1949,2598,3248,3897,4547,5196,5846,6495,7145,7794,1949,1299,1949,2598,3248,3897,4547,5196,5846,6495,7145,7794,2598,1949,2598,3248,3897,4547,5196,5846,6495,7145,7794,8444,3248,2598,3248,3897,4547,5196,5846,6495,7145,7794,3897,3248,3897,4547,5196,5846,6495,7145,7794,8444,7794
160,19486,20136,31827,18837,19486,20785,24033,29229,29879,30528,31178,20785,21435,22734,23383,24033,24682,25981,26631,27281,27930,28580,29879,30528,20136,20785,24033,24682,25332,26631,27281,27930,29229,29879,13640,14290,14939,15589,16238,16888,17537,18187,18837,20136,22734,23383,24033,24682,26631,27281,27930,28580,29229,12991,13640,14290,14939,15589,17537,18187,21435,22084,24033,24682,25981,26631,27281,11692,12341,12991,13640,14290,14939,15589,16888,18187,20136,20785,23383,24033,24682,27930,28580,9743,10393,11042,11692,13640,14290,14939,16238,16888,17537,18187,27281,27930,5196,9094,12991,13640,14290,16238,7145,12341,12991,13640,7145,9094,9743,11042,11692,7794,7145,1949,2598,6495,7145,7794,8444,9094,9743,10393,7794,7145,1299,1949,2598,3248,3897,5196,5846,6495,7145,7794,8444,9094,9743,7145,6495,4547,1949,2598,3248,3897,4547,5196,5846,6495,7145,8444,6495,5846,5196,4547,3897,3248,2598,1299,650,0,1299,1949,2598,3248,3897,4547,5196,5846,6495,7145,5196,3897,3248,2598,1949,1299,1299,1949,2598,3248,3897,4547,5196,5846,6495,7145,2598,1949,1299,1949,2598,3248,3897,4547,5196,5846,6495,7145,3248,2598,1949,2598,3248,3897,4547,5196,5846,6495,7145,7794,3897,3248,2598,3248,3897,4547,5196,5846,6495,7145,4547,3897,3248,3897,4547,5196,5846,6495,7145,7794,7145
161,18187,18837,30528,17537,18187,19486,22734,27930,28580,29229,29879,19486,20136,21435,22084,22734,23383,24682,25332,25981,26631,27281,28580,29229,18837,19486,22734,23383,24033,25332,25981,26631,27930,28580,12341,12991,13640,14290,14939,15589,16238,16888,17537,18837,21435,22084,22734,23383,25332,25981,26631,27281,27930,11692,12341,12991,13640,14290,16238,16888,20136,20785,22734,23383,24682,25332,25981,10393,11042,11692,12341,12991,13640,14290,15589,16888,18837,19486,22084,22734,23383,26631,27281,8444,9094,9743,10393,12341,12991,13640,14939,15589,16238,16888,25981,26631,3897,7794,11692,12341,12991,14939,8444,11042,11692,12341,8444,7794,8444,9743,10393,9094,8444,3248,2598,5196,5846,6495,7145,7794,8444,9094,9094,8444,2598,1949,1299,1949,2598,3897,4547,5196,5846,6495,7145,7794,8444,8444,7794,5846,650,1299,1949,2598,3248,3897,4547,5196,5846,7145,7794,7145,6495,5846,5196,4547,3897,2598,1949,1299,0,650,1299,1949,2598,3248,3897,4547,5196,5846,6495,5196,4547,3897,3248,2598,1299,650,1299,1949,2598,3248,3897,4547,5196,5846,3897,3248,2598,1949,1299,1949,2598,3248,3897,4547,5196,5846,4547,3897,3248,2598,1949,2598,3248,3897,4547,5196,5846,6495,5196,4547,3897,3248,2598,3248,3897,4547,5196,5846,5846,5196,4547,3897,3248,3897,4547,5196,5846,6495,5846
162,17537,18187,29879,16888,17537,18837,22084,27281,27930,28580,29229,18837,19486,20785,21435,22084,22734,24033,24682,25332,25981,26631,27930,28580,18187,18837,22084,22734,23383,24682,25332,25981,27281,27930,11692,12341,12991,13640,14290,14939,15589,16238,16888,18187,20785,21435,22084,22734,24682,25332,25981,26631,27281,11042,11692,12341,12991,13640,15589,16238,19486,20136,22084,22734,24033,24682,25332,9743,10393,11042,11692,12341,12991,13640,14939,16238,18187,18837,21435,22084,22734,25981,26631,7794,8444,9094,9743,11692,12341,12991,14290,14939,15589,16238,25332,25981,4547,7145,11042,11692,12341,14290,9094,10393,11042,11692,9094,7145,7794,9094,9743,9743,9094,3897,3248,4547,5196,5846,6495,7145,7794,8444,9743,9094,3248,2598,1949,1299,1949,3248,3897,4547,5196,5846,6495,7145,7794,9094,8444,6495,1299,650,1299,1949,2598,3248,3897,4547,5196,6495,8444,7794,7145,6495,5846,5196,4547,3248,2598,1949,650,0,650,1299,1949,2598,3248,3897,4547,5196,7145,5846,5196,4547,3897,3248,1949,1299,650,1299,1949,2598,3248,3897,4547,5196,4547,3897,3248,2598,1949,1299,1949,2598,3248,3897,4547,5196,5196,4547,3897,3248,2598,1949,2598,3248,3897,4547,5196,5846,5846,5196,4547,3897,3248,2598,3248,3897,4547,5196,6495,5846,5196,4547,3897,3248,3897,4547,5196,5846,5196
163,16888,17537,29229,16238,16888,18187,21435,26631,27281,27930,28580,18187,18837,20136,20785,21435,22084,23383,24033,24682,25332,25981,27281,27930,17537,18187,21435,22084,22734,24033,24682,25332,26631,27281,11042,11692,12341,12991,13640,14290,14939,15589,16238,17537,20136,20785,21435,22084,24033,24682,25332,25981,26631,10393,11042,11692,12341,12991,14939,15589,18837,19486,21435,22084,23383,24033,24682,9094,9743,10393,11042,11692,12341,12991,14290,15589,17537,18187,20785,21435,22084,25332,25981,7145,7794,8444,9094,11042,11692,12341,13640,14290,14939,15589,24682,25332,5196,6495,10393,11042,11692,13640,9743,9743,10393,11042,9743,6495,7145,8444,9094,10393,9743,4547,3897,3897,4547,5196,5846,6495,7145,7794,10393,9743,3897,3248,2598,1949,1299,2598,3248,3897,4547,5196,5846,6495,7145,9743,9094,7145,1949,1299,650,1299,1949,2598,3248,3897,4547,5846,9094,8444,7794,7145,6495,5846,5196,3897,3248,2598,1299,650,0,650,1299,1949,2598,3248,3897,4547,7794,6495,5846,5196,4547,3897,2598,1949,1299,650,1299,1949,2598,3248,3897,4547,5196,4547,3897,3248,2598,1949,1299,1949,2598,3248,3897,4547,5846,5196,4547,3897,3248,2598,1949,2598,3248,3897,4547,5196,6495,5846,5196,4547,3897,3248,2598,3248,3897,4547,7145,6495,5846,5196,4547,3897,3248,3897,4547,5196,4547
164,16238,16888,28580,15589,16238,17537,20785,25981,26631,27281,27930,17537,18187,19486,20136,20785,21435,22734,23383,24033,24682,25332,26631,27281,16888,17537,20785,21435,22084,23383,24033,24682,25981,26631,10393,11042,11692,12341,12991,13640,14290,14939,15589,16888,19486,20136,20785,21435,23383,24033,24682,25332,25981,9743,10393,11042,11692,12341,14290,14939,18187,18837,20785,21435,22734,23383,24033,8444,9094,9743,10393,11042,11692,12341,13640,14939,16888,17537,20136,20785,21435,24682,25332,6495,7145,7794,8444,10393,11042,11692,12991,13640,14290,14939,24033,24682,5846,5846,9743,10393,11042,12991,10393,9094,9743,10393,10393,5846,6495,7794,8444,11042,10393,5196,4547,3248,3897,4547,5196,5846,6495,7145,11042,10393,4547,3897,3248,2598,1949,1949,2598,3248,3897,4547,5196,5846,6495,10393,9743,7794,2598,1949,1299,650,1299,1949,2598,3248,3897,5196,9743,9094,8444,7794,7145,6495,5846,4547,3897,3248,1949,1299,650,0,650,1299,1949,2598,3248,3897,8444,7145,6495,5846,5196,4547,3248,2598,1949,1299,650,1299,1949,2598,3248,3897,5846,5196,4547,3897,3248,2598,1949,1299,1949,2598,3248,3897,6495,5846,5196,4547,3897,3248,2598,1949,2598,3248,3897,4547,7145,6495,5846,5196,4547,3897,3248,2598,3248,3897,7794,7145,6495,5846,5196,4547,3897,3248,3897,4547,3897
165,15589,16238,27930,14939,15589,16888,20136,25332,25981,26631,27281,16888,17537,18837,19486,20136,20785,22084,22734,23383,24033,24682,25981,26631,16238,16888,20136,20785,21435,22734,23383,24033,25332,25981,9743,10393,11042,11692,12341,12991,13640,14290,14939,16238,18837,19486,20136,20785,22734,23383,24033,24682,25332,9094,9743,10393,11042,11692,13640,14290,17537,18187,20136,20785,22084,22734,23383,7794,8444,9094,9743,10393,11042,11692,12991,14290,16238,16888,19486,20136,20785,24033,24682,5846,6495,7145,7794,9743,10393,11042,12341,12991,13640,14290,23383,24033,6495,5196,9094,9743,10393,12341,11042,8444,9094,9743,11042,5196,5846,7145,7794,11692,11042,5846,5196,2598,3248,3897,4547,5196,5846,6495,11692,11042,5196,4547,3897,3248,2598,1299,1949,2598,3248,3897,4547,5196,5846,11042,10393,8444,3248,2598,1949,1299,650,1299,1949,2598,3248,4547,10393,9743,9094,8444,7794,7145,6495,5196,4547,3897,2598,1949,1299,650,0,650,1299,1949,2598,3248,9094,7794,7145,6495,5846,5196,3897,3248,2598,1949,1299,650,1299,1949,2598,3248,6495,5846,5196,4547,3897,3248,2598,1949,1299,1949,2598,3248,7145,6495,5846,5196,4547,3897,3248,2598,1949,2598,3248,3897,7794,7145,6495,5846,5196,4547,3897,3248,2598,3248,8444,7794,7145,6495,5846,5196,4547,3897,3248,3897,4547
166,14939,15589,27281,14290,14939,16238,19486,24682,25332,25981,26631,16238,16888,18187,18837,19486,20136,21435,22084,22734,23383,24033,25332,25981,15589,16238,19486,20136,20785,22084,22734,23383,24682,25332,9094,9743,10393,11042,11692,12341,12991,13640,14290,15589,18187,18837,19486,20136,22084,22734,23383,24033,24682,8444,9094,9743,10393,11042,12991,13640,16888,17537,19486,20136,21435,22084,22734,7145,7794,8444,9094,9743,10393,11042,12341,13640,15589,16238,18837,19486,20136,23383,24033,5196,5846,6495,7145,9094,9743,10393,11692,12341,12991,13640,22734,23383,7145,4547,8444,9094,9743,11692,11692,7794,8444,9094,11692,4547,5196,6495,7145,12341,11692,6495,5846,1949,2598,3248,3897,4547,5196,5846,12341,11692,5846,5196,4547,3897,3248,1949,1299,1949,2598,3248,3897,4547,5196,11692,11042,9094,3897,3248,2598,1949,1299,650,1299,1949,2598,3897,11042,10393,9743,9094,8444,7794,7145,5846,5196,4547,3248,2598,1949,1299,650,0,650,1299,1949,2598,9743,8444,7794,7145,6495,5846,4547,3897,3248,2598,1949,1299,650,1299,1949,2598,7145,6495,5846,5196,4547,3897,3248,2598,1949,1299,1949,2598,7794,7145,6495,5846,5196,4547,3897,3248,2598,1949,2598,3248,8444,7794,7145,6495,5846,5196,4547,3897,3248,2598,9094,8444,7794,7145,6495,5846,5196,4547,3897,3248,5196
167,14290,14939,26631,13640,14290,15589,18837,24033,24682,25332,25981,15589,16238,17537,18187,18837,19486,20785,21435,22084,22734,23383,24682,25332,14939,15589,18837,19486,20136,21435,22084,22734,24033,24682,8444,9094,9743,10393,11042,11692,12341,12991,13640,14939,17537,18187,18837,19486,21435,22084,22734,23383,24033,7794,8444,9094,9743,10393,12341,12991,16238,16888,18837,19486,20785,21435,22084,6495,7145,7794,8444,9094,9743,10393,11692,12991,14939,15589,18187,18837,19486,22734,23383,4547,5196,5846,6495,8444,9094,9743,11042,11692,12341,12991,22084,22734,7794,3897,7794,8444,9094,11042,12341,7145,7794,8444,12341,3897,4547,5846,6495,12991,12341,7145,6495,2598,1949,2598,3248,3897,4547,5196,12991,12341,6495,5846,5196,4547,3897,2598,1949,1299,1949,2598,3248,3897,4547,12341,11692,9743,4547,3897,3248,2598,1949,1299,650,1299,1949,3248,11692,11042,10393,9743,9094,8444,7794,6495,5846,5196,3897,3248,2598,1949,1299,650,0,650,1299,1949,10393,9094,8444,7794,7145,6495,5196,4547,3897,3248,2598,1949,1299,650,1299,1949,7794,7145,6495,5846,5196,4547,3897,3248,2598,1949,1299,1949,8444,7794,7145,6495,5846,5196,4547,3897,3248,2598,1949,2598,9094,8444,7794,7145,6495,5846,5196,4547,3897,3248,9743,9094,8444,7794,7145,6495,5846,5196,4547,3897,5846
168,13640,14290,25981,12991,13640,14939,18187,23383,24033,24682,25332,14939,15589,16888,17537,18187,18837,20136,20785,21435,22084,22734,24033,24682,14290,14939,18187,18837,19486,20785,21435,22084,23383,24033,7794,8444,9094,9743,10393,11042,11692,12341,12991,14290,16888,17537,18187,18837,20785,21435,22084,22734,23383,7145,7794,8444,9094,9743,11692,12341,15589,16238,18187,18837,20136,20785,21435,5846,6495,7145,7794,8444,9094,9743,11042,12341,14290,14939,17537,18187,18837,22084,22734,5196,4547,5196,5846,7794,8444,9094,10393,11042,11692,12341,21435,22084,8444,4547,7145,7794,8444,10393,12991,6495,7145,7794,12991,3248,3897,5196,5846,13640,12991,7794,7145,3248,2598,1949,2598,3248,3897,4547,13640,12991,7145,6495,5846,5196,4547,3248,2598,1949,1299,1949,2598,3248,3897,12991,12341,10393,5196,4547,3897,3248,2598,1949,1299,650,1299,2598,12341,11692,11042,10393,9743,9094,8444,7145,6495,5846,4547,3897,3248,2598,1949,1299,650,0,650,1299,11042,9743,9094,8444,7794,7145,5846,5196,4547,3897,3248,2598,1949,1299,650,1299,8444,7794,7145,6495,5846,5196,4547,3897,3248,2598,1949,1299,9094,8444,7794,7145,6495,5846,5196,4547,3897,3248,2598,1949,9743,9094,8444,7794,7145,6495,5846,5196,4547,3897,10393,9743,9094,8444,7794,7145,6495,5846,5196,4547,6495
169,12991,13640,25332,12341,12991,14290,17537,22734,23383,24033,24682,14290,14939,16238,16888,17537,18187,19486,20136,20785,21435,22084,23383,24033,13640,14290,17537,18187,18837,20136,20785,21435,22734,23383,7145,7794,8444,9094,9743,10393,11042,11692,12341,13640,16238,16888,17537,18187,20136,20785,21435,22084,22734,6495,7145,7794,8444,9094,11042,11692,14939,15589,17537,18187,19486,20136,20785,5196,5846,6495,7145,7794,8444,9094,10393,11692,13640,14290,16888,17537,18187,21435,22084,5846,5196,4547,5196,7145,7794,8444,9743,10393,11042,11692,20785,21435,9094,5196,6495,7145,7794,9743,13640,5846,6495,7145,13640,2598,3248,4547,5196,14290,13640,8444,7794,3897,3248,2598,1949,2598,3248,3897,14290,13640,7794,7145,6495,5846,5196,3897,3248,2598,1949,1299,1949,2598,3248,13640,12991,11042,5846,5196,4547,3897,3248,2598,1949,1299,650,1949,12991,12341,11692,11042,10393,9743,9094,7794,7145,6495,5196,4547,3897,3248,2598,1949,1299,650,0,650,11692,10393,9743,9094,8444,7794,6495,5846,5196,4547,3897,3248,2598,1949,1299,650,9094,8444,7794,7145,6495,5846,5196,4547,3897,3248,2598,1949,9743,9094,8444,7794,7145,6495,5846,5196,4547,3897,3248,2598,10393,9743,9094,8444,7794,7145,6495,5846,5196,4547,11042,10393,9743,9094,8444,7794,7145,6495,5846,5196,7145
170,12341,12991,24682,11692,12341,13640,16888,22084,22734,23383,24033,13640,14290,15589,16238,16888,17537,18837,19486,20136,20785,21435,22734,23383,12991,13640,16888,17537,18187,19486,20136,20785,22084,22734,6495,7145,7794,8444,9094,9743,10393,11042,11692,12991,15589,16238,16888,17537,19486,20136,20785,21435,22084,5846,6495,7145,7794,8444,10393,11042,14290,14939,16888,17537,18837,19486,20136,5846,5196,5846,6495,7145,7794,8444,9743,11042,12991,13640,16238,16888,17537,20785,21435,6495,5846,5196,4547,6495,7145,7794,9094,9743,10393,11042,20136,20785,9743,5846,5846,6495,7145,9094,14290,5196,5846,6495,14290,3248,2598,3897,4547,14939,14290,9094,8444,4547,3897,3248,2598,1949,2598,3248,14939,14290,8444,7794,7145,6495,5846,4547,3897,3248,2598,1949,1299,1949,2598,14290,13640,11692,6495,5846,5196,4547,3897,3248,2598,1949,1299,1299,13640,12991,12341,11692,11042,10393,9743,8444,7794,7145,5846,5196,4547,3897,3248,2598,1949,1299,650,0,12341,11042,10393,9743,9094,8444,7145,6495,5846,5196,4547,3897,3248,2598,1949,1299,9743,9094,8444,7794,7145,6495,5846,5196,4547,3897,3248,2598,10393,9743,9094,8444,7794,7145,6495,5846,5196,4547,3897,3248,11042,10393,9743,9094,8444,7794,7145,6495,5846,5196,11692,11042,10393,9743,9094,8444,7794,7145,6495,5846,7794
171,24682,25332,37024,24033,24682,25981,29229,34425,35075,35724,36374,25981,26631,27930,28580,29229,29879,31178,31827,32477,33126,33776,35075,35724,25332,25981,29229,29879,30528,31827,32477,33126,34425,35075,18837,19486,20136,20785,21435,22084,22734,23383,24033,25332,27930,28580,29229,29879,31827,32477,33126,33776,34425,18187,18837,19486,20136,20785,22734,23383,26631,27281,29229,29879,31178,31827,32477,16888,17537,18187,18837,19486,20136,20785,22084,23383,25332,25981,28580,29229,29879,33126,33776,14939,15589,16238,16888,18837,19486,20136,21435,22084,22734,23383,32477,33126,10393,14290,18187,18837,19486,21435,4547,17537,18187,18837,3248,14290,14939,16238,16888,3897,3248,7145,7794,11692,12341,12991,13640,14290,14939,15589,3897,3248,6495,7145,7794,8444,9094,10393,11042,11692,12341,12991,13640,14290,14939,3248,2598,1949,7145,7794,8444,9094,9743,10393,11042,11692,12341,13640,2598,1949,1299,650,1299,1949,2598,3897,4547,5196,6495,7145,7794,8444,9094,9743,10393,11042,11692,12341,0,1299,1949,2598,3248,3897,5196,5846,6495,7145,7794,8444,9094,9743,10393,11042,3897,4547,5196,5846,6495,7145,7794,8444,9094,9743,10393,11042,4547,5196,5846,6495,7145,7794,8444,9094,9743,10393,11042,11692,5196,5846,6495,7145,7794,8444,9094,9743,10393,11042,5846,6495,7145,7794,8444,9094,9743,10393,11042,11692,11042
172,23383,24033,35724,22734,23383,24682,27930,33126,33776,34425,35075,24682,25332,26631,27281,27930,28580,29879,30528,31178,31827,32477,33776,34425,24033,24682,27930,28580,29229,30528,31178,31827,33126,33776,17537,18187,18837,19486,20136,20785,21435,22084,22734,24033,26631,27281,27930,28580,30528,31178,31827,32477,33126,16888,17537,18187,18837,19486,21435,22084,25332,25981,27930,28580,29879,30528,31178,15589,16238,16888,17537,18187,18837,19486,20785,22084,24033,24682,27281,27930,28580,31827,32477,13640,14290,14939,15589,17537,18187,18837,20136,20785,21435,22084,31178,31827,9094,12991,16888,17537,18187,20136,4547,16238,16888,17537,4547,12991,13640,14939,15589,5196,4547,5846,6495,10393,11042,11692,12341,12991,13640,14290,5196,4547,5196,5846,6495,7145,7794,9094,9743,10393,11042,11692,12341,12991,13640,4547,3897,1949,5846,6495,7145,7794,8444,9094,9743,10393,11042,12341,3897,3248,2598,1949,1299,650,1299,2598,3248,3897,5196,5846,6495,7145,7794,8444,9094,9743,10393,11042,1299,0,650,1299,1949,2598,3897,4547,5196,5846,6495,7145,7794,8444,9094,9743,2598,3248,3897,4547,5196,5846,6495,7145,7794,8444,9094,9743,3248,3897,4547,5196,5846,6495,7145,7794,8444,9094,9743,10393,3897,4547,5196,5846,6495,7145,7794,8444,9094,9743,4547,5196,5846,6495,7145,7794,8444,9094,9743,10393,9743
173,22734,23383,35075,22084,22734,24033,27281,32477,33126,33776,34425,24033,24682,25981,26631,27281,27930,29229,29879,30528,31178,31827,33126,33776,23383,24033,27281,27930,28580,29879,30528,31178,32477,33126,16888,17537,18187,18837,19486,20136,20785,21435,22084,23383,25981,26631,27281,27930,29879,30528,31178,31827,32477,16238,16888,17537,18187,18837,20785,21435,24682,25332,27281,27930,29229,29879,30528,14939,15589,16238,16888,17537,18187,18837,20136,21435,23383,24033,26631,27281,27930,31178,31827,12991,13640,14290,14939,16888,17537,18187,19486,20136,20785,21435,30528,31178,8444,12341,16238,16888,17537,19486,5196,15589,16238,16888,5196,12341,12991,14290,14939,5846,5196,5196,5846,9743,10393,11042,11692,12341,12991,13640,5846,5196,4547,5196,5846,6495,7145,8444,9094,9743,10393,11042,11692,12341,12991,5196,4547,2598,5196,5846,6495,7145,7794,8444,9094,9743,10393,11692,4547,3897,3248,2598,1949,1299,650,1949,2598,3248,4547,5196,5846,6495,7145,7794,8444,9094,9743,10393,1949,650,0,650,1299,1949,3248,3897,4547,5196,5846,6495,7145,7794,8444,9094,1949,2598,3248,3897,4547,5196,5846,6495,7145,7794,8444,9094,2598,3248,3897,4547,5196,5846,6495,7145,7794,8444,9094,9743,3248,3897,4547,5196,5846,6495,7145,7794,8444,9094,3897,4547,5196,5846,6495,7145,7794,8444,9094,9743,9094
174,22084,22734,34425,21435,22084,23383,26631,31827,32477,33126,33776,23383,24033,25332,25981,26631,27281,28580,29229,29879,30528,31178,32477,33126,22734,23383,26631,27281,27930,29229,29879,30528,31827,32477,16238,16888,17537,18187,18837,19486,20136,20785,21435,22734,25332,25981,26631,27281,29229,29879,30528,31178,31827,15589,16238,16888,17537,18187,20136,20785,24033,24682,26631,27281,28580,29229,29879,14290,14939,15589,16238,16888,17537,18187,19486,20785,22734,23383,25981,26631,27281,30528,31178,12341,12991,13640,14290,16238,16888,17537,18837,19486,20136,20785,29879,30528,7794,11692,15589,16238,16888,18837,5846,14939,15589,16238,5846,11692,12341,13640,14290,6495,5846,4547,5196,9094,9743,10393,11042,11692,12341,12991,6495,5846,3897,4547,5196,5846,6495,7794,8444,9094,9743,10393,11042,11692,12341,5846,5196,3248,4547,5196,5846,6495,7145,7794,8444,9094,9743,11042,5196,4547,3897,3248,2598,1949,1299,1299,1949,2598,3897,4547,5196,5846,6495,7145,7794,8444,9094,9743,2598,1299,650,0,650,1299,2598,3248,3897,4547,5196,5846,6495,7145,7794,8444,1299,1949,2598,3248,3897,4547,5196,5846,6495,7145,7794,8444,1949,2598,3248,3897,4547,5196,5846,6495,7145,7794,8444,9094,2598,3248,3897,4547,5196,5846,6495,7145,7794,8444,3248,3897,4547,5196,5846,6495,7145,7794,8444,9094,8444
175,21435,22084,33776,20785,21435,22734,25981,31178,31827,32477,33126,22734,23383,24682,25332,25981,26631,27930,28580,29229,29879,30528,31827,32477,22084,22734,25981,26631,27281,28580,29229,29879,31178,31827,15589,16238,16888,17537,18187,18837,19486,20136,20785,22084,24682,25332,25981,26631,28580,29229,29879,30528,31178,14939,15589,16238,16888,17537,19486,20136,23383,24033,25981,26631,27930,28580,29229,13640,14290,14939,15589,16238,16888,17537,18837,20136,22084,22734,25332,25981,26631,29879,30528,11692,12341,12991,13640,15589,16238,16888,18187,18837,19486,20136,29229,29879,7145,11042,14939,15589,16238,18187,6495,14290,14939,15589,6495,11042,11692,12991,13640,7145,6495,3897,4547,8444,9094,9743,10393,11042,11692,12341,7145,6495,3248,3897,4547,5196,5846,7145,7794,8444,9094,9743,10393,11042,11692,6495,5846,3897,3897,4547,5196,5846,6495,7145,7794,8444,9094,10393,5846,5196,4547,3897,3248,2598,1949,650,1299,1949,3248,3897,4547,5196,5846,6495,7145,7794,8444,9094,3248,1949,1299,650,0,650,1949,2598,3248,3897,4547,5196,5846,6495,7145,7794,650,1299,1949,2598,3248,3897,4547,5196,5846,6495,7145,7794,1299,1949,2598,3248,3897,4547,5196,5846,6495,7145,7794,8444,1949,2598,3248,3897,4547,5196,5846,6495,7145,7794,2598,3248,3897,4547,5196,5846,6495,7145,7794,8444,7794
176,20785,21435,33126,20136,20785,22084,25332,30528,31178,31827,32477,22084,22734,24033,24682,25332,25981,27281,27930,28580,29229,29879,31178,31827,21435,22084,25332,25981,26631,27930,28580,29229,30528,31178,14939,15589,16238,16888,17537,18187,18837,19486,20136,21435,24033,24682,25332,25981,27930,28580,29229,29879,30528,14290,14939,15589,16238,16888,18837,19486,22734,23383,25332,25981,27281,27930,28580,12991,13640,14290,14939,15589,16238,16888,18187,19486,21435,22084,24682,25332,25981,29229,29879,11042,11692,12341,12991,14939,15589,16238,17537,18187,18837,19486,28580,29229,6495,10393,14290,14939,15589,17537,7145,13640,14290,14939,7145,10393,11042,12341,12991,7794,7145,3248,3897,7794,8444,9094,9743,10393,11042,11692,7794,7145,2598,3248,3897,4547,5196,6495,7145,7794,8444,9094,9743,10393,11042,7145,6495,4547,3248,3897,4547,5196,5846,6495,7145,7794,8444,9743,6495,5846,5196,4547,3897,3248,2598,1299,650,1299,2598,3248,3897,4547,5196,5846,6495,7145,7794,8444,3897,2598,1949,1299,650,0,1299,1949,2598,3248,3897,4547,5196,5846,6495,7145,1299,650,1299,1949,2598,3248,3897,4547,5196,5846,6495,7145,1949,1299,1949,2598,3248,3897,4547,5196,5846,6495,7145,7794,2598,1949,2598,3248,3897,4547,5196,5846,6495,7145,3248,2598,3248,3897,4547,5196,5846,6495,7145,7794,7145
177,19486,20136,31827,18837,19486,20785,24033,29229,29879,30528,31178,20785,21435,22734,23383,24033,24682,25981,26631,27281,27930,28580,29879,30528,20136,20785,24033,24682,25332,26631,27281,27930,29229,29879,13640,14290,14939,15589,16238,16888,17537,18187,18837,20136,22734,23383,24033,24682,26631,27281,27930,28580,29229,12991,13640,14290,14939,15589,17537,18187,21435,22084,24033,24682,25981,26631,27281,11692,12341,12991,13640,14290,14939,15589,16888,18187,20136,20785,23383,24033,24682,27930,28580,9743,10393,11042,11692,13640,14290,14939,16238,16888,17537,18187,27281,27930,5196,9094,12991,13640,14290,16238,8444,12341,12991,13640,8444,9094,9743,11042,11692,9094,8444,3248,2598,6495,7145,7794,8444,9094,9743,10393,9094,8444,2598,1949,2598,3248,3897,5196,5846,6495,7145,7794,8444,9094,9743,8444,7794,5846,1949,2598,3248,3897,4547,5196,5846,6495,7145,8444,7794,7145,6495,5846,5196,4547,3897,2598,1949,1299,1299,1949,2598,3248,3897,4547,5196,5846,6495,7145,5196,3897,3248,2598,1949,1299,0,650,1299,1949,2598,3248,3897,4547,5196,5846,2598,1949,1299,650,1299,1949,2598,3248,3897,4547,5196,5846,3248,2598,1949,1299,1949,2598,3248,3897,4547,5196,5846,6495,3897,3248,2598,1949,2598,3248,3897,4547,5196,5846,4547,3897,3248,2598,3248,3897,4547,5196,5846,6495,5846
178,18837,19486,31178,18187,18837,20136,23383,28580,29229,29879,30528,20136,20785,22084,22734,23383,24033,25332,25981,26631,27281,27930,29229,29879,19486,20136,23383,24033,24682,25981,26631,27281,28580,29229,12991,13640,14290,14939,15589,16238,16888,17537,18187,19486,22084,22734,23383,24033,25981,26631,27281,27930,28580,12341,12991,13640,14290,14939,16888,17537,20785,21435,23383,24033,25332,25981,26631,11042,11692,12341,12991,13640,14290,14939,16238,17537,19486,20136,22734,23383,24033,27281,27930,9094,9743,10393,11042,12991,13640,14290,15589,16238,16888,17537,26631,27281,4547,8444,12341,12991,13640,15589,9094,11692,12341,12991,9094,8444,9094,10393,11042,9743,9094,3897,3248,5846,6495,7145,7794,8444,9094,9743,9743,9094,3248,2598,1949,2598,3248,4547,5196,5846,6495,7145,7794,8444,9094,9094,8444,6495,1299,1949,2598,3248,3897,4547,5196,5846,6495,7794,8444,7794,7145,6495,5846,5196,4547,3248,2598,1949,650,1299,1949,2598,3248,3897,4547,5196,5846,6495,5846,4547,3897,3248,2598,1949,650,0,650,1299,1949,2598,3248,3897,4547,5196,3248,2598,1949,1299,650,1299,1949,2598,3248,3897,4547,5196,3897,3248,2598,1949,1299,1949,2598,3248,3897,4547,5196,5846,4547,3897,3248,2598,1949,2598,3248,3897,4547,5196,5196,4547,3897,3248,2598,3248,3897,4547,5196,5846,5196
179,18187,18837,30528,17537,18187,19486,22734,27930,28580,29229,29879,19486,20136,21435,22084,22734,23383,24682,25332,25981,26631,27281,28580,29229,18837,19486,22734,23383,24033,25332,25981,26631,27930,28580,12341,12991,13640,14290,14939,15589,16238,16888,17537,18837,21435,22084,22734,23383,25332,25981,26631,27281,27930,11692,12341,12991,13640,14290,16238,16888,20136,20785,22734,23383,24682,25332,25981,10393,11042,11692,12341,12991,13640,14290,15589,16888,18837,19486,22084,22734,23383,26631,27281,8444,9094,9743,10393,12341,12991,13640,14939,15589,16238,16888,25981,26631,5196,7794,11692,12341,12991,14939,9743,11042,11692,12341,9743,7794,8444,9743,10393,10393,9743,4547,3897,5196,5846,6495,7145,7794,8444,9094,10393,9743,3897,3248,2598,1949,2598,3897,4547,5196,5846,6495,7145,7794,8444,9743,9094,7145,1949,1299,1949,2598,3248,3897,4547,5196,5846,7145,9094,8444,7794,7145,6495,5846,5196,3897,3248,2598,1299,650,1299,1949,2598,3248,3897,4547,5196,5846,6495,5196,4547,3897,3248,2598,1299,650,0,650,1299,1949,2598,3248,3897,4547,3897,3248,2598,1949,1299,650,1299,1949,2598,3248,3897,4547,4547,3897,3248,2598,1949,1299,1949,2598,3248,3897,4547,5196,5196,4547,3897,3248,2598,1949,2598,3248,3897,4547,5846,5196,4547,3897,3248,2598,3248,3897,4547,5196,4547
180,17537,18187,29879,16888,17537,18837,22084,27281,27930,28580,29229,18837,19486,20785,21435,22084,22734,24033,24682,25332,25981,26631,27930,28580,18187,18837,22084,22734,23383,24682,25332,25981,27281,27930,11692,12341,12991,13640,14290,14939,15589,16238,16888,18187,20785,21435,22084,22734,24682,25332,25981,26631,27281,11042,11692,12341,12991,13640,15589,16238,19486,20136,22084,22734,24033,24682,25332,9743,10393,11042,11692,12341,12991,13640,14939,16238,18187,18837,21435,22084,22734,25981,26631,7794,8444,9094,9743,11692,12341,12991,14290,14939,15589,16238,25332,25981,5846,7145,11042,11692,12341,14290,10393,10393,11042,11692,10393,7145,7794,9094,9743,11042,10393,5196,4547,4547,5196,5846,6495,7145,7794,8444,11042,10393,4547,3897,3248,2598,1949,3248,3897,4547,5196,5846,6495,7145,7794,10393,9743,7794,2598,1949,1299,1949,2598,3248,3897,4547,5196,6495,9743,9094,8444,7794,7145,6495,5846,4547,3897,3248,1949,1299,650,1299,1949,2598,3248,3897,4547,5196,7145,5846,5196,4547,3897,3248,1949,1299,650,0,650,1299,1949,2598,3248,3897,4547,3897,3248,2598,1949,1299,650,1299,1949,2598,3248,3897,5196,4547,3897,3248,2598,1949,1299,1949,2598,3248,3897,4547,5846,5196,4547,3897,3248,2598,1949,2598,3248,3897,6495,5846,5196,4547,3897,3248,2598,3248,3897,4547,3897
181,16888,17537,29229,16238,16888,18187,21435,26631,27281,27930,28580,18187,18837,20136,20785,21435,22084,23383,24033,24682,25332,25981,27281,27930,17537,18187,21435,22084,22734,24033,24682,25332,26631,27281,11042,11692,12341,12991,13640,14290,14939,15589,16238,17537,20136,20785,21435,22084,24033,24682,25332,25981,26631,10393,11042,11692,12341,12991,14939,15589,18837,19486,21435,22084,23383,24033,24682,9094,9743,10393,11042,11692,12341,12991,14290,15589,17537,18187,20785,21435,22084,25332,25981,7145,7794,8444,9094,11042,11692,12341,13640,14290,14939,15589,24682,25332,6495,6495,10393,11042,11692,13640,11042,9743,10393,11042,11042,6495,7145,8444,9094,11692,11042,5846,5196,3897,4547,5196,5846,6495,7145,7794,11692,11042,5196,4547,3897,3248,2598,2598,3248,3897,4547,5196,5846,6495,7145,11042,10393,8444,3248,2598,1949,1299,1949,2598,3248,3897,4547,5846,10393,9743,9094,8444,7794,7145,6495,5196,4547,3897,2598,1949,1299,650,1299,1949,2598,3248,3897,4547,7794,6495,5846,5196,4547,3897,2598,1949,1299,650,0,650,1299,1949,2598,3248,5196,4547,3897,3248,2598,1949,1299,650,1299,1949,2598,3248,5846,5196,4547,3897,3248,2598,1949,1299,1949,2598,3248,3897,6495,5846,5196,4547,3897,3248,2598,1949,2598,3248,7145,6495,5846,5196,4547,3897,3248,2598,3248,3897,3248
182,16238,16888,28580,15589,16238,17537,20785,25981,26631,27281,27930,17537,18187,19486,20136,20785,21435,22734,23383,24033,24682,25332,26631,27281,16888,17537,20785,21435,22084,23383,24033,24682,25981,26631,10393,11042,11692,12341,12991,13640,14290,14939,15589,16888,19486,20136,20785,21435,23383,24033,24682,25332,25981,9743,10393,11042,11692,12341,14290,14939,18187,18837,20785,21435,22734,23383,24033,8444,9094,9743,10393,11042,11692,12341,13640,14939,16888,17537,20136,20785,21435,24682,25332,6495,7145,7794,8444,10393,11042,11692,12991,13640,14290,14939,24033,24682,7145,5846,9743,10393,11042,12991,11692,9094,9743,10393,11692,5846,6495,7794,8444,12341,11692,6495,5846,3248,3897,4547,5196,5846,6495,7145,12341,11692,5846,5196,4547,3897,3248,1949,2598,3248,3897,4547,5196,5846,6495,11692,11042,9094,3897,3248,2598,1949,1299,1949,2598,3248,3897,5196,11042,10393,9743,9094,8444,7794,7145,5846,5196,4547,3248,2598,1949,1299,650,1299,1949,2598,3248,3897,8444,7145,6495,5846,5196,4547,3248,2598,1949,1299,650,0,650,1299,1949,2598,5846,5196,4547,3897,3248,2598,1949,1299,650,1299,1949,2598,6495,5846,5196,4547,3897,3248,2598,1949,1299,1949,2598,3248,7145,6495,5846,5196,4547,3897,3248,2598,1949,2598,7794,7145,6495,5846,5196,4547,3897,3248,2598,3248,3897
183,15589,16238,27930,14939,15589,16888,20136,25332,25981,26631,27281,16888,17537,18837,19486,20136,20785,22084,22734,23383,24033,24682,25981,26631,16238,16888,20136,20785,21435,22734,23383,24033,25332,25981,9743,10393,11042,11692,12341,12991,13640,14290,14939,16238,18837,19486,20136,20785,22734,23383,24033,24682,25332,9094,9743,10393,11042,11692,13640,14290,17537,18187,20136,20785,22084,22734,23383,7794,8444,9094,9743,10393,11042,11692,12991,14290,16238,16888,19486,20136,20785,24033,24682,5846,6495,7145,7794,9743,10393,11042,12341,12991,13640,14290,23383,24033,7794,5196,9094,9743,10393,12341,12341,8444,9094,9743,12341,5196,5846,7145,7794,12991,12341,7145,6495,2598,3248,3897,4547,5196,5846,6495,12991,12341,6495,5846,5196,4547,3897,2598,1949,2598,3248,3897,4547,5196,5846,12341,11692,9743,4547,3897,3248,2598,1949,1299,1949,2598,3248,4547,11692,11042,10393,9743,9094,8444,7794,6495,5846,5196,3897,3248,2598,1949,1299,650,1299,1949,2598,3248,9094,7794,7145,6495,5846,5196,3897,3248,2598,1949,1299,650,0,650,1299,1949,6495,5846,5196,4547,3897,3248,2598,1949,1299,650,1299,1949,7145,6495,5846,5196,4547,3897,3248,2598,1949,1299,1949,2598,7794,7145,6495,5846,5196,4547,3897,3248,2598,1949,8444,7794,7145,6495,5846,5196,4547,3897,3248,2598,4547
184,14939,15589,27281,14290,14939,16238,19486,24682,25332,25981,26631,16238,16888,18187,18837,19486,20136,21435,22084,22734,23383,24033,25332,25981,15589,16238,19486,20136,20785,22084,22734,23383,24682,25332,9094,9743,10393,11042,11692,12341,12991,13640,14290,15589,18187,18837,19486,20136,22084,22734,23383,24033,24682,8444,9094,9743,10393,11042,12991,13640,16888,17537,19486,20136,21435,22084,22734,7145,7794,8444,9094,9743,10393,11042,12341,13640,15589,16238,18837,19486,20136,23383,24033,5196,5846,6495,7145,9094,9743,10393,11692,12341,12991,13640,22734,23383,8444,4547,8444,9094,9743,11692,12991,7794,8444,9094,12991,4547,5196,6495,7145,13640,12991,7794,7145,3248,2598,3248,3897,4547,5196,5846,13640,12991,7145,6495,5846,5196,4547,3248,2598,1949,2598,3248,3897,4547,5196,12991,12341,10393,5196,4547,3897,3248,2598,1949,1299,1949,2598,3897,12341,11692,11042,10393,9743,9094,8444,7145,6495,5846,4547,3897,3248,2598,1949,1299,650,1299,1949,2598,9743,8444,7794,7145,6495,5846,4547,3897,3248,2598,1949,1299,650,0,650,1299,7145,6495,5846,5196,4547,3897,3248,2598,1949,1299,650,1299,7794,7145,6495,5846,5196,4547,3897,3248,2598,1949,1299,1949,8444,7794,7145,6495,5846,5196,4547,3897,3248,2598,9094,8444,7794,7145,6495,5846,5196,4547,3897,3248,5196
185,14290,14939,26631,13640,14290,15589,18837,24033,24682,25332,25981,15589,16238,17537,18187,18837,19486,20785,21435,22084,22734,23383,24682,25332,14939,15589,18837,19486,20136,21435,22084,22734,24033,24682,8444,9094,9743,10393,11042,11692,12341,12991,13640,14939,17537,18187,18837,19486,21435,22084,22734,23383,24033,7794,8444,9094,9743,10393,12341,12991,16238,16888,18837,19486,20785,21435,22084,6495,7145,7794,8444,9094,9743,10393,11692,12991,14939,15589,18187,18837,19486,22734,23383,5846,5196,5846,6495,8444,9094,9743,11042,11692,12341,12991,22084,22734,9094,5196,7794,8444,9094,11042,13640,7145,7794,8444,13640,3897,4547,5846,6495,14290,13640,8444,7794,3897,3248,2598,3248,3897,4547,5196,14290,13640,7794,7145,6495,5846,5196,3897,3248,2598,1949,2598,3248,3897,4547,13640,12991,11042,5846,5196,4547,3897,3248,2598,1949,1299,1949,3248,12991,12341,11692,11042,10393,9743,9094,7794,7145,6495,5196,4547,3897,3248,2598,1949,1299,650,1299,1949,10393,9094,8444,7794,7145,6495,5196,4547,3897,3248,2598,1949,1299,650,0,650,7794,7145,6495,5846,5196,4547,3897,3248,2598,1949,1299,650,8444,7794,7145,6495,5846,5196,4547,3897,3248,2598,1949,1299,9094,8444,7794,7145,6495,5846,5196,4547,3897,3248,9743,9094,8444,7794,7145,6495,5846,5196,4547,3897,5846
186,13640,14290,25981,12991,13640,14939,18187,23383,24033,24682,25332,14939,15589,16888,17537,18187,18837,20136,20785,21435,22084,22734,24033,24682,14290,14939,18187,18837,19486,20785,21435,22084,23383,24033,7794,8444,9094,9743,10393,11042,11692,12341,12991,14290,16888,17537,18187,18837,20785,21435,22084,22734,23383,7145,7794,8444,9094,9743,11692,12341,15589,16238,18187,18837,20136,20785,21435,5846,6495,7145,7794,8444,9094,9743,11042,12341,14290,14939,17537,18187,18837,22084,22734,6495,5846,5196,5846,7794,8444,9094,10393,11042,11692,12341,21435,22084,9743,5846,7145,7794,8444,10393,14290,6495,7145,7794,14290,3248,3897,5196,5846,14939,14290,9094,8444,4547,3897,3248,2598,3248,3897,4547,14939,14290,8444,7794,7145,6495,5846,4547,3897,3248,2598,1949,2598,3248,3897,14290,13640,11692,6495,5846,5196,4547,3897,3248,2598,1949,1299,2598,13640,12991,12341,11692,11042,10393,9743,8444,7794,7145,5846,5196,4547,3897,3248,2598,1949,1299,650,1299,11042,9743,9094,8444,7794,7145,5846,5196,4547,3897,3248,2598,1949,1299,650,0,8444,7794,7145,6495,5846,5196,4547,3897,3248,2598,1949,1299,9094,8444,7794,7145,6495,5846,5196,4547,3897,3248,2598,1949,9743,9094,8444,7794,7145,6495,5846,5196,4547,3897,10393,9743,9094,8444,7794,7145,6495,5846,5196,4547,6495
187,22084,22734,34425,21435,22084,23383,26631,31827,32477,33126,33776,23383,24033,25332,25981,26631,27281,28580,29229,29879,30528,31178,32477,33126,22734,23383,26631,27281,27930,29229,29879,30528,31827,32477,16238,16888,17537,18187,18837,19486,20136,20785,21435,22734,25332,25981,26631,27281,29229,29879,30528,31178,31827,15589,16238,16888,17537,18187,20136,20785,24033,24682,26631,27281,28580,29229,29879,14290,14939,15589,16238,16888,17537,18187,19486,20785,22734,23383,25981,26631,27281,30528,31178,12341,12991,13640,14290,16238,16888,17537,18837,19486,20136,20785,29879,30528,7794,11692,15589,16238,16888,18837,7145,14939,15589,16238,7145,11692,12341,13640,14290,7794,7145,4547,5196,9094,9743,10393,11042,11692,12341,12991,7794,7145,3897,4547,5196,5846,6495,7794,8444,9094,9743,10393,11042,11692,12341,7145,6495,4547,4547,5196,5846,6495,7145,7794,8444,9094,9743,11042,6495,5846,5196,4547,3897,3248,2598,1299,1949,2598,3897,4547,5196,5846,6495,7145,7794,8444,9094,9743,3897,2598,1949,1299,650,1299,2598,3248,3897,4547,5196,5846,6495,7145,7794,8444,0,650,1299,1949,2598,3248,3897,4547,5196,5846,6495,7145,650,1299,1949,2598,3248,3897,4547,5196,5846,6495,7145,7794,1299,1949,2598,3248,3897,4547,5196,5846,6495,7145,1949,2598,3248,3897,4547,5196,5846,6495,7145,7794,7145
188,21435,22084,33776,20785,21435,22734,25981,31178,31827,32477,33126,22734,23383,24682,25332,25981,26631,27930,28580,29229,29879,30528,31827,32477,22084,22734,25981,26631,27281,28580,29229,29879,31178,31827,15589,16238,16888,17537,18187,18837,19486,20136,20785,22084,24682,25332,25981,26631,28580,29229,29879,30528,31178,14939,15589,16238,16888,17537,19486,20136,23383,24033,25981,26631,27930,28580,29229,13640,14290,14939,15589,16238,16888,17537,18837,20136,22084,22734,25332,25981,26631,29879,30528,11692,12341,12991,13640,15589,16238,16888,18187,18837,19486,20136,29229,29879,7145,11042,14939,15589,16238,18187,7794,14290,14939,15589,7794,11042,11692,12991,13640,8444,7794,3897,4547,8444,9094,9743,10393,11042,11692,12341,8444,7794,3248,3897,4547,5196,5846,7145,7794,8444,9094,9743,10393,11042,11692,7794,7145,5196,3897,4547,5196,5846,6495,7145,7794,8444,9094,10393,7145,6495,5846,5196,4547,3897,3248,1949,1299,1949,3248,3897,4547,5196,5846,6495,7145,7794,8444,9094,4547,3248,2598,1949,1299,650,1949,2598,3248,3897,4547,5196,5846,6495,7145,7794,650,0,650,1299,1949,2598,3248,3897,4547,5196,5846,6495,1299,650,1299,1949,2598,3248,3897,4547,5196,5846,6495,7145,1949,1299,1949,2598,3248,3897,4547,5196,5846,6495,2598,1949,2598,3248,3897,4547,5196,5846,6495,7145,6495
189,20785,21435,33126,20136,20785,22084,25332,30528,31178,31827,32477,22084,22734,24033,24682,25332,25981,27281,27930,28580,29229,29879,31178,31827,21435,22084,25332,25981,26631,27930,28580,29229,30528,31178,14939,15589,16238,16888,17537,18187,18837,19486,20136,21435,24033,24682,25332,25981,27930,28580,29229,29879,30528,14290,14939,15589,16238,16888,18837,19486,22734,23383,25332,25981,27281,27930,28580,12991,13640,14290,14939,15589,16238,16888,18187,19486,21435,22084,24682,25332,25981,29229,29879,11042,11692,12341,12991,14939,15589,16238,17537,18187,18837,19486,28580,29229,6495,10393,14290,14939,15589,17537,8444,13640,14290,14939,8444,10393,11042,12341,12991,9094,8444,3248,3897,7794,8444,9094,9743,10393,11042,11692,9094,8444,2598,3248,3897,4547,5196,6495,7145,7794,8444,9094,9743,10393,11042,8444,7794,5846,3248,3897,4547,5196,5846,6495,7145,7794,8444,9743,7794,7145,6495,5846,5196,4547,3897,2598,1949,1299,2598,3248,3897,4547,5196,5846,6495,7145,7794,8444,5196,3897,3248,2598,1949,1299,1299,1949,2598,3248,3897,4547,5196,5846,6495,7145,1299,650,0,650,1299,1949,2598,3248,3897,4547,5196,5846,1949,1299,650,1299,1949,2598,3248,3897,4547,5196,5846,6495,2598,1949,1299,1949,2598,3248,3897,4547,5196,5846,3248,2598,1949,2598,3248,3897,4547,5196,5846,6495,5846
190,20136,20785,32477,19486,20136,21435,24682,29879,30528,31178,31827,21435,22084,23383,24033,24682,25332,26631,27281,27930,28580,29229,30528,31178,20785,21435,24682,25332,25981,27281,27930,28580,29879,30528,14290,14939,15589,16238,16888,17537,18187,18837,19486,20785,23383,24033,24682,25332,27281,27930,28580,29229,29879,13640,14290,14939,15589,16238,18187,18837,22084,22734,24682,25332,26631,27281,27930,12341,12991,13640,14290,14939,15589,16238,17537,18837,20785,21435,24033,24682,25332,28580,29229,10393,11042,11692,12341,14290,14939,15589,16888,17537,18187,18837,27930,28580,5846,9743,13640,14290,14939,16888,9094,12991,13640,14290,9094,9743,10393,11692,12341,9743,9094,3897,3248,7145,7794,8444,9094,9743,10393,11042,9743,9094,3248,2598,3248,3897,4547,5846,6495,7145,7794,8444,9094,9743,10393,9094,8444,6495,2598,3248,3897,4547,5196,5846,6495,7145,7794,9094,8444,7794,7145,6495,5846,5196,4547,3248,2598,1949,1949,2598,3248,3897,4547,5196,5846,6495,7145,7794,5846,4547,3897,3248,2598,1949,650,1299,1949,2598,3248,3897,4547,5196,5846,6495,1949,1299,650,0,650,1299,1949,2598,3248,3897,4547,5196,2598,1949,1299,650,1299,1949,2598,3248,3897,4547,5196,5846,3248,2598,1949,1299,1949,2598,3248,3897,4547,5196,3897,3248,2598,1949,2598,3248,3897,4547,5196,5846,5196
191,19486,20136,31827,18837,19486,20785,24033,29229,29879,30528,31178,20785,21435,22734,23383,24033,24682,25981,26631,27281,27930,28580,29879,30528,20136,20785,24033,24682,25332,26631,27281,27930,29229,29879,13640,14290,14939,15589,16238,16888,17537,18187,18837,20136,22734,23383,24033,24682,26631,27281,27930,28580,29229,12991,13640,14290,14939,15589,17537,18187,21435,22084,24033,24682,25981,26631,27281,11692,12341,12991,13640,14290,14939,15589,16888,18187,20136,20785,23383,24033,24682,27930,28580,9743,10393,11042,11692,13640,14290,14939,16238,16888,17537,18187,27281,27930,5196,9094,12991,13640,14290,16238,9743,12341,12991,13640,9743,9094,9743,11042,11692,10393,9743,4547,3897,6495,7145,7794,8444,9094,9743,10393,10393,9743,3897,3248,2598,3248,3897,5196,5846,6495,7145,7794,8444,9094,9743,9743,9094,7145,1949,2598,3248,3897,4547,5196,5846,6495,7145,8444,9094,8444,7794,7145,6495,5846,5196,3897,3248,2598,1299,1949,2598,3248,3897,4547,5196,5846,6495,7145,6495,5196,4547,3897,3248,2598,1299,650,1299,1949,2598,3248,3897,4547,5196,5846,2598,1949,1299,650,0,650,1299,1949,2598,3248,3897,4547,3248,2598,1949,1299,650,1299,1949,2598,3248,3897,4547,5196,3897,3248,2598,1949,1299,1949,2598,3248,3897,4547,4547,3897,3248,2598,1949,2598,3248,3897,4547,5196,4547
192,18837,19486,31178,18187,18837,20136,23383,28580,29229,29879,30528,20136,20785,22084,22734,23383,24033,25332,25981,26631,27281,27930,29229,29879,19486,20136,23383,24033,24682,25981,26631,27281,28580,29229,12991,13640,14290,14939,15589,16238,16888,17537,18187,19486,22084,22734,23383,24033,25981,26631,27281,27930,28580,12341,12991,13640,14290,14939,16888,17537,20785,21435,23383,24033,25332,25981,26631,11042,11692,12341,12991,13640,14290,14939,16238,17537,19486,20136,22734,23383,24033,27281,27930,9094,9743,10393,11042,12991,13640,14290,15589,16238,16888,17537,26631,27281,5846,8444,12341,12991,13640,15589,10393,11692,12341,12991,10393,8444,9094,10393,11042,11042,10393,5196,4547,5846,6495,7145,7794,8444,9094,9743,11042,10393,4547,3897,3248,2598,3248,4547,5196,5846,6495,7145,7794,8444,9094,10393,9743,7794,2598,1949,2598,3248,3897,4547,5196,5846,6495,7794,9743,9094,8444,7794,7145,6495,5846,4547,3897,3248,1949,1299,1949,2598,3248,3897,4547,5196,5846,6495,7145,5846,5196,4547,3897,3248,1949,1299,650,1299,1949,2598,3248,3897,4547,5196,3248,2598,1949,1299,650,0,650,1299,1949,2598,3248,3897,3897,3248,2598,1949,1299,650,1299,1949,2598,3248,3897,4547,4547,3897,3248,2598,1949,1299,1949,2598,3248,3897,5196,4547,3897,3248,2598,1949,2598,3248,3897,4547,3897
193,18187,18837,30528,17537,18187,19486,22734,27930,28580,29229,29879,19486,20136,21435,22084,22734,23383,24682,25332,25981,26631,27281,28580,29229,18837,19486,22734,23383,24033,25332,25981,26631,27930,28580,12341,12991,13640,14290,14939,15589,16238,16888,17537,18837,21435,22084,22734,23383,25332,25981,26631,27281,27930,11692,12341,12991,13640,14290,16238,16888,20136,20785,22734,23383,24682,25332,25981,10393,11042,11692,12341,12991,13640,14290,15589,16888,18837,19486,22084,22734,23383,26631,27281,8444,9094,9743,10393,12341,12991,13640,14939,15589,16238,16888,25981,26631,6495,7794,11692,12341,12991,14939,11042,11042,11692,12341,11042,7794,8444,9743,10393,11692,11042,5846,5196,5196,5846,6495,7145,7794,8444,9094,11692,11042,5196,4547,3897,3248,2598,3897,4547,5196,5846,6495,7145,7794,8444,11042,10393,8444,3248,2598,1949,2598,3248,3897,4547,5196,5846,7145,10393,9743,9094,8444,7794,7145,6495,5196,4547,3897,2598,1949,1299,1949,2598,3248,3897,4547,5196,5846,7794,6495,5846,5196,4547,3897,2598,1949,1299,650,1299,1949,2598,3248,3897,4547,3897,3248,2598,1949,1299,650,0,650,1299,1949,2598,3248,4547,3897,3248,2598,1949,1299,650,1299,1949,2598,3248,3897,5196,4547,3897,3248,2598,1949,1299,1949,2598,3248,5846,5196,4547,3897,3248,2598,1949,2598,3248,3897,3248
194,17537,18187,29879,16888,17537,18837,22084,27281,27930,28580,29229,18837,19486,20785,21435,22084,22734,24033,24682,25332,25981,26631,27930,28580,18187,18837,22084,22734,23383,24682,25332,25981,27281,27930,11692,12341,12991,13640,14290,14939,15589,16238,16888,18187,20785,21435,22084,22734,24682,25332,25981,26631,27281,11042,11692,12341,12991,13640,15589,16238,19486,20136,22084,22734,24033,24682,25332,9743,10393,11042,11692,12341,12991,13640,14939,16238,18187,18837,21435,22084,22734,25981,26631,7794,8444,9094,9743,11692,12341,12991,14290,14939,15589,16238,25332,25981,7145,7145,11042,11692,12341,14290,11692,10393,11042,11692,11692,7145,7794,9094,9743,12341,11692,6495,5846,4547,5196,5846,6495,7145,7794,8444,12341,11692,5846,5196,4547,3897,3248,3248,3897,4547,5196,5846,6495,7145,7794,11692,11042,9094,3897,3248,2598,1949,2598,3248,3897,4547,5196,6495,11042,10393,9743,9094,8444,7794,7145,5846,5196,4547,3248,2598,1949,1299,1949,2598,3248,3897,4547,5196,8444,7145,6495,5846,5196,4547,3248,2598,1949,1299,650,1299,1949,2598,3248,3897,4547,3897,3248,2598,1949,1299,650,0,650,1299,1949,2598,5196,4547,3897,3248,2598,1949,1299,650,1299,1949,2598,3248,5846,5196,4547,3897,3248,2598,1949,1299,1949,2598,6495,5846,5196,4547,3897,3248,2598,1949,2598,3248,2598
195,16888,17537,29229,16238,16888,18187,21435,26631,27281,27930,28580,18187,18837,20136,20785,21435,22084,23383,24033,24682,25332,25981,27281,27930,17537,18187,21435,22084,22734,24033,24682,25332,26631,27281,11042,11692,12341,12991,13640,14290,14939,15589,16238,17537,20136,20785,21435,22084,24033,24682,25332,25981,26631,10393,11042,11692,12341,12991,14939,15589,18837,19486,21435,22084,23383,24033,24682,9094,9743,10393,11042,11692,12341,12991,14290,15589,17537,18187,20785,21435,22084,25332,25981,7145,7794,8444,9094,11042,11692,12341,13640,14290,14939,15589,24682,25332,7794,6495,10393,11042,11692,13640,12341,9743,10393,11042,12341,6495,7145,8444,9094,12991,12341,7145,6495,3897,4547,5196,5846,6495,7145,7794,12991,12341,6495,5846,5196,4547,3897,2598,3248,3897,4547,5196,5846,6495,7145,12341,11692,9743,4547,3897,3248,2598,1949,2598,3248,3897,4547,5846,11692,11042,10393,9743,9094,8444,7794,6495,5846,5196,3897,3248,2598,1949,1299,1949,2598,3248,3897,4547,9094,7794,7145,6495,5846,5196,3897,3248,2598,1949,1299,650,1299,1949,2598,3248,5196,4547,3897,3248,2598,1949,1299,650,0,650,1299,1949,5846,5196,4547,3897,3248,2598,1949,1299,650,1299,1949,2598,6495,5846,5196,4547,3897,3248,2598,1949,1299,1949,7145,6495,5846,5196,4547,3897,3248,2598,1949,2598,3248
196,16238,16888,28580,15589,16238,17537,20785,25981,26631,27281,27930,17537,18187,19486,20136,20785,21435,22734,23383,24033,24682,25332,26631,27281,16888,17537,20785,21435,22084,23383,24033,24682,25981,26631,10393,11042,11692,12341,12991,13640,14290,14939,15589,16888,19486,20136,20785,21435,23383,24033,24682,25332,25981,9743,10393,11042,11692,12341,14290,14939,18187,18837,20785,21435,22734,23383,24033,8444,9094,9743,10393,11042,11692,12341,13640,14939,16888,17537,20136,20785,21435,24682,25332,6495,7145,7794,8444,10393,11042,11692,12991,13640,14290,14939,24033,24682,8444,5846,9743,10393,11042,12991,12991,9094,9743,10393,12991,5846,6495,7794,8444,13640,12991,7794,7145,3248,3897,4547,5196,5846,6495,7145,13640,12991,7145,6495,5846,5196,4547,3248,2598,3248,3897,4547,5196,5846,6495,12991,12341,10393,5196,4547,3897,3248,2598,1949,2598,3248,3897,5196,12341,11692,11042,10393,9743,9094,8444,7145,6495,5846,4547,3897,3248,2598,1949,1299,1949,2598,3248,3897,9743,8444,7794,7145,6495,5846,4547,3897,3248,2598,1949,1299,650,1299,1949,2598,5846,5196,4547,3897,3248,2598,1949,1299,650,0,650,1299,6495,5846,5196,4547,3897,3248,2598,1949,1299,650,1299,1949,7145,6495,5846,5196,4547,3897,3248,2598,1949,1299,7794,7145,6495,5846,5196,4547,3897,3248,2598,1949,3897
197,15589,16238,27930,14939,15589,16888,20136,25332,25981,26631,27281,16888,17537,18837,19486,20136,20785,22084,22734,23383,24033,24682,25981,26631,16238,16888,20136,20785,21435,22734,23383,24033,25332,25981,9743,10393,11042,11692,12341,12991,13640,14290,14939,16238,18837,19486,20136,20785,22734,23383,24033,24682,25332,9094,9743,10393,11042,11692,13640,14290,17537,18187,20136,20785,22084,22734,23383,7794,8444,9094,9743,10393,11042,11692,12991,14290,16238,16888,19486,20136,20785,24033,24682,5846,6495,7145,7794,9743,10393,11042,12341,12991,13640,14290,23383,24033,9094,5196,9094,9743,10393,12341,13640,8444,9094,9743,13640,5196,5846,7145,7794,14290,13640,8444,7794,3897,3248,3897,4547,5196,5846,6495,14290,13640,7794,7145,6495,5846,5196,3897,3248,2598,3248,3897,4547,5196,5846,13640,12991,11042,5846,5196,4547,3897,3248,2598,1949,2598,3248,4547,12991,12341,11692,11042,10393,9743,9094,7794,7145,6495,5196,4547,3897,3248,2598,1949,1299,1949,2598,3248,10393,9094,8444,7794,7145,6495,5196,4547,3897,3248,2598,1949,1299,650,1299,1949,6495,5846,5196,4547,3897,3248,2598,1949,1299,650,0,650,7145,6495,5846,5196,4547,3897,3248,2598,1949,1299,650,1299,7794,7145,6495,5846,5196,4547,3897,3248,2598,1949,8444,7794,7145,6495,5846,5196,4547,3897,3248,2598,4547
198,14939,15589,27281,14290,14939,16238,19486,24682,25332,25981,26631,16238,16888,18187,18837,19486,20136,21435,22084,22734,23383,24033,25332,25981,15589,16238,19486,20136,20785,22084,22734,23383,24682,25332,9094,9743,10393,11042,11692,12341,12991,13640,14290,15589,18187,18837,19486,20136,22084,22734,23383,24033,24682,8444,9094,9743,10393,11042,12991,13640,16888,17537,19486,20136,21435,22084,22734,7145,7794,8444,9094,9743,10393,11042,12341,13640,15589,16238,18837,19486,20136,23383,24033,6495,5846,6495,7145,9094,9743,10393,11692,12341,12991,13640,22734,23383,9743,5846,8444,9094,9743,11692,14290,7794,8444,9094,14290,4547,5196,6495,7145,14939,14290,9094,8444,4547,3897,3248,3897,4547,5196,5846,14939,14290,8444,7794,7145,6495,5846,4547,3897,3248,2598,3248,3897,4547,5196,14290,13640,11692,6495,5846,5196,4547,3897,3248,2598,1949,2598,3897,13640,12991,12341,11692,11042,10393,9743,8444,7794,7145,5846,5196,4547,3897,3248,2598,1949,1299,1949,2598,11042,9743,9094,8444,7794,7145,5846,5196,4547,3897,3248,2598,1949,1299,650,1299,7145,6495,5846,5196,4547,3897,3248,2598,1949,1299,650,0,7794,7145,6495,5846,5196,4547,3897,3248,2598,1949,1299,650,8444,7794,7145,6495,5846,5196,4547,3897,3248,2598,9094,8444,7794,7145,6495,5846,5196,4547,3897,3248,5196
199,22734,23383,35075,22084,22734,24033,27281,32477,33126,33776,34425,24033,24682,25981,26631,27281,27930,29229,29879,30528,31178,31827,33126,33776,23383,24033,27281,27930,28580,29879,30528,31178,32477,33126,16888,17537,18187,18837,19486,20136,20785,21435,22084,23383,25981,26631,27281,27930,29879,30528,31178,31827,32477,16238,16888,17537,18187,18837,20785,21435,24682,25332,27281,27930,29229,29879,30528,14939,15589,16238,16888,17537,18187,18837,20136,21435,23383,24033,26631,27281,27930,31178,31827,12991,13640,14290,14939,16888,17537,18187,19486,20136,20785,21435,30528,31178,8444,12341,16238,16888,17537,19486,7794,15589,16238,16888,7794,12341,12991,14290,14939,8444,7794,5196,5846,9743,10393,11042,11692,12341,12991,13640,8444,7794,4547,5196,5846,6495,7145,8444,9094,9743,10393,11042,11692,12341,12991,7794,7145,5196,5196,5846,6495,7145,7794,8444,9094,9743,10393,11692,7145,6495,5846,5196,4547,3897,3248,1949,2598,3248,4547,5196,5846,6495,7145,7794,8444,9094,9743,10393,4547,3248,2598,1949,1299,1949,3248,3897,4547,5196,5846,6495,7145,7794,8444,9094,650,1299,1949,2598,3248,3897,4547,5196,5846,6495,7145,7794,0,650,1299,1949,2598,3248,3897,4547,5196,5846,6495,7145,650,1299,1949,2598,3248,3897,4547,5196,5846,6495,1299,1949,2598,3248,3897,4547,5196,5846,6495,7145,6495
200,22084,22734,34425,21435,22084,23383,26631,31827,32477,33126,33776,23383,24033,25332,25981,26631,27281,28580,29229,29879,30528,31178,32477,33126,22734,23383,26631,27281,27930,29229,29879,30528,31827,32477,16238,16888,17537,18187,18837,19486,20136,20785,21435,22734,25332,25981,26631,27281,29229,29879,30528,31178,31827,15589,16238,16888,17537,18187,20136,20785,24033,24682,26631,27281,28580,29229,29879,14290,14939,15589,16238,16888,17537,18187,19486,20785,22734,23383,25981,26631,27281,30528,31178,12341,12991,13640,14290,16238,16888,17537,18837,19486,20136,20785,29879,30528,7794,11692,15589,16238,16888,18837,8444,14939,15589,16238,8444,11692,12341,13640,14290,9094,8444,4547,5196,9094,9743,10393,11042,11692,12341,12991,9094,8444,3897,4547,5196,5846,6495,7794,8444,9094,9743,10393,11042,11692,12341,8444,7794,5846,4547,5196,5846,6495,7145,7794,8444,9094,9743,11042,7794,7145,6495,5846,5196,4547,3897,2598,1949,2598,3897,4547,5196,5846,6495,7145,7794,8444,9094,9743,5196,3897,3248,2598,1949,1299,2598,3248,3897,4547,5196,5846,6495,7145,7794,8444,1299,650,1299,1949,2598,3248,3897,4547,5196,5846,6495,7145,650,0,650,1299,1949,2598,3248,3897,4547,5196,5846,6495,1299,650,1299,1949,2598,3248,3897,4547,5196,5846,1949,1299,1949,2598,3248,3897,4547,5196,5846,6495,5846
201,21435,22084,33776,20785,21435,22734,25981,31178,31827,32477,33126,22734,23383,24682,25332,25981,26631,27930,28580,29229,29879,30528,31827,32477,22084,22734,25981,26631,27281,28580,29229,29879,31178,31827,15589,16238,16888,17537,18187,18837,19486,20136,20785,22084,24682,25332,25981,26631,28580,29229,29879,30528,31178,14939,15589,16238,16888,17537,19486,20136,23383,24033,25981,26631,27930,28580,29229,13640,14290,14939,15589,16238,16888,17537,18837,20136,22084,22734,25332,25981,26631,29879,30528,11692,12341,12991,13640,15589,16238,16888,18187,18837,19486,20136,29229,29879,7145,11042,14939,15589,16238,18187,9094,14290,14939,15589,9094,11042,11692,12991,13640,9743,9094,3897,4547,8444,9094,9743,10393,11042,11692,12341,9743,9094,3248,3897,4547,5196,5846,7145,7794,8444,9094,9743,10393,11042,11692,9094,8444,6495,3897,4547,5196,5846,6495,7145,7794,8444,9094,10393,8444,7794,7145,6495,5846,5196,4547,3248,2598,1949,3248,3897,4547,5196,5846,6495,7145,7794,8444,9094,5846,4547,3897,3248,2598,1949,1949,2598,3248,3897,4547,5196,5846,6495,7145,7794,1949,1299,650,1299,1949,2598,3248,3897,4547,5196,5846,6495,1299,650,0,650,1299,1949,2598,3248,3897,4547,5196,5846,1949,1299,650,1299,1949,2598,3248,3897,4547,5196,2598,1949,1299,1949,2598,3248,3897,4547,5196,5846,5196
202,20785,21435,33126,20136,20785,22084,25332,30528,31178,31827,32477,22084,22734,24033,24682,25332,25981,27281,27930,28580,29229,29879,31178,31827,21435,22084,25332,25981,26631,27930,28580,29229,30528,31178,14939,15589,16238,16888,17537,18187,18837,19486,20136,21435,24033,24682,25332,25981,27930,28580,29229,29879,30528,14290,14939,15589,16238,16888,18837,19486,22734,23383,25332,25981,27281,27930,28580,12991,13640,14290,14939,15589,16238,16888,18187,19486,21435,22084,24682,25332,25981,29229,29879,11042,11692,12341,12991,14939,15589,16238,17537,18187,18837,19486,28580,29229,6495,10393,14290,14939,15589,17537,9743,13640,14290,14939,9743,10393,11042,12341,12991,10393,9743,4547,3897,7794,8444,9094,9743,10393,11042,11692,10393,9743,3897,3248,3897,4547,5196,6495,7145,7794,8444,9094,9743,10393,11042,9743,9094,7145,3248,3897,4547,5196,5846,6495,7145,7794,8444,9743,9094,8444,7794,7145,6495,5846,5196,3897,3248,2598,2598,3248,3897,4547,5196,5846,6495,7145,7794,8444,6495,5196,4547,3897,3248,2598,1299,1949,2598,3248,3897,4547,5196,5846,6495,7145,2598,1949,1299,650,1299,1949,2598,3248,3897,4547,5196,5846,1949,1299,650,0,650,1299,1949,2598,3248,3897,4547,5196,2598,1949,1299,650,1299,1949,2598,3248,3897,4547,3248,2598,1949,1299,1949,2598,3248,3897,4547,5196,4547
203,20136,20785,32477,19486,20136,21435,24682,29879,30528,31178,31827,21435,22084,23383,24033,24682,25332,26631,27281,27930,28580,29229,30528,31178,20785,21435,24682,25332,25981,27281,27930,28580,29879,30528,14290,14939,15589,16238,16888,17537,18187,18837,19486,20785,23383,24033,24682,25332,27281,27930,28580,29229,29879,13640,14290,14939,15589,16238,18187,18837,22084,22734,24682,25332,26631,27281,27930,12341,12991,13640,14290,14939,15589,16238,17537,18837,20785,21435,24033,24682,25332,28580,29229,10393,11042,11692,12341,14290,14939,15589,16888,17537,18187,18837,27930,28580,5846,9743,13640,14290,14939,16888,10393,12991,13640,14290,10393,9743,10393,11692,12341,11042,10393,5196,4547,7145,7794,8444,9094,9743,10393,11042,11042,10393,4547,3897,3248,3897,4547,5846,6495,7145,7794,8444,9094,9743,10393,10393,9743,7794,2598,3248,3897,4547,5196,5846,6495,7145,7794,9094,9743,9094,8444,7794,7145,6495,5846,4547,3897,3248,1949,2598,3248,3897,4547,5196,5846,6495,7145,7794,7145,5846,5196,4547,3897,3248,1949,1299,1949,2598,3248,3897,4547,5196,5846,6495,3248,2598,1949,1299,650,1299,1949,2598,3248,3897,4547,5196,2598,1949,1299,650,0,650,1299,1949,2598,3248,3897,4547,3248,2598,1949,1299,650,1299,1949,2598,3248,3897,3897,3248,2598,1949,1299,1949,2598,3248,3897,4547,3897
204,19486,20136,31827,18837,19486,20785,24033,29229,29879,30528,31178,20785,21435,22734,23383,24033,24682,25981,26631,27281,27930,28580,29879,30528,20136,20785,24033,24682,25332,26631,27281,27930,29229,29879,13640,14290,14939,15589,16238,16888,17537,18187,18837,20136,22734,23383,24033,24682,26631,27281,27930,28580,29229,12991,13640,14290,14939,15589,17537,18187,21435,22084,24033,24682,25981,26631,27281,11692,12341,12991,13640,14290,14939,15589,16888,18187,20136,20785,23383,24033,24682,27930,28580,9743,10393,11042,11692,13640,14290,14939,16238,16888,17537,18187,27281,27930,6495,9094,12991,13640,14290,16238,11042,12341,12991,13640,11042,9094,9743,11042,11692,11692,11042,5846,5196,6495,7145,7794,8444,9094,9743,10393,11692,11042,5196,4547,3897,3248,3897,5196,5846,6495,7145,7794,8444,9094,9743,11042,10393,8444,3248,2598,3248,3897,4547,5196,5846,6495,7145,8444,10393,9743,9094,8444,7794,7145,6495,5196,4547,3897,2598,1949,2598,3248,3897,4547,5196,5846,6495,7145,7794,6495,5846,5196,4547,3897,2598,1949,1299,1949,2598,3248,3897,4547,5196,5846,3897,3248,2598,1949,1299,650,1299,1949,2598,3248,3897,4547,3248,2598,1949,1299,650,0,650,1299,1949,2598,3248,3897,3897,3248,2598,1949,1299,650,1299,1949,2598,3248,4547,3897,3248,2598,1949,1299,1949,2598,3248,3897,3248
205,18837,19486,31178,18187,18837,20136,23383,28580,29229,29879,30528,20136,20785,22084,22734,23383,24033,25332,25981,26631,27281,27930,29229,29879,19486,20136,23383,24033,24682,25981,26631,27281,28580,29229,12991,13640,14290,14939,15589,16238,16888,17537,18187,19486,22084,22734,23383,24033,25981,26631,27281,27930,28580,12341,12991,13640,14290,14939,16888,17537,20785,21435,23383,24033,25332,25981,26631,11042,11692,12341,12991,13640,14290,14939,16238,17537,19486,20136,22734,23383,24033,27281,27930,9094,9743,10393,11042,12991,13640,14290,15589,16238,16888,17537,26631,27281,7145,8444,12341,12991,13640,15589,11692,11692,12341,12991,11692,8444,9094,10393,11042,12341,11692,6495,5846,5846,6495,7145,7794,8444,9094,9743,12341,11692,5846,5196,4547,3897,3248,4547,5196,5846,6495,7145,7794,8444,9094,11692,11042,9094,3897,3248,2598,3248,3897,4547,5196,5846,6495,7794,11042,10393,9743,9094,8444,7794,7145,5846,5196,4547,3248,2598,1949,2598,3248,3897,4547,5196,5846,6495,8444,7145,6495,5846,5196,4547,3248,2598,1949,1299,1949,2598,3248,3897,4547,5196,4547,3897,3248,2598,1949,1299,650,1299,1949,2598,3248,3897,3897,3248,2598,1949,1299,650,0,650,1299,1949,2598,3248,4547,3897,3248,2598,1949,1299,650,1299,1949,2598,5196,4547,3897,3248,2598,1949,1299,1949,2598,3248,2598
206,18187,18837,30528,17537,18187,19486,22734,27930,28580,29229,29879,19486,20136,21435,22084,22734,23383,24682,25332,25981,26631,27281,28580,29229,18837,19486,22734,23383,24033,25332,25981,26631,27930,28580,12341,12991,13640,14290,14939,15589,16238,16888,17537,18837,21435,22084,22734,23383,25332,25981,26631,27281,27930,11692,12341,12991,13640,14290,16238,16888,20136,20785,22734,23383,24682,25332,25981,10393,11042,11692,12341,12991,13640,14290,15589,16888,18837,19486,22084,22734,23383,26631,27281,8444,9094,9743,10393,12341,12991,13640,14939,15589,16238,16888,25981,26631,7794,7794,11692,12341,12991,14939,12341,11042,11692,12341,12341,7794,8444,9743,10393,12991,12341,7145,6495,5196,5846,6495,7145,7794,8444,9094,12991,12341,6495,5846,5196,4547,3897,3897,4547,5196,5846,6495,7145,7794,8444,12341,11692,9743,4547,3897,3248,2598,3248,3897,4547,5196,5846,7145,11692,11042,10393,9743,9094,8444,7794,6495,5846,5196,3897,3248,2598,1949,2598,3248,3897,4547,5196,5846,9094,7794,7145,6495,5846,5196,3897,3248,2598,1949,1299,1949,2598,3248,3897,4547,5196,4547,3897,3248,2598,1949,1299,650,1299,1949,2598,3248,4547,3897,3248,2598,1949,1299,650,0,650,1299,1949,2598,5196,4547,3897,3248,2598,1949,1299,650,1299,1949,5846,5196,4547,3897,3248,2598,1949,1299,1949,2598,1949
207,17537,18187,29879,16888,17537,18837,22084,27281,27930,28580,29229,18837,19486,20785,21435,22084,22734,24033,24682,25332,25981,26631,27930,28580,18187,18837,22084,22734,23383,24682,25332,25981,27281,27930,11692,12341,12991,13640,14290,14939,15589,16238,16888,18187,20785,21435,22084,22734,24682,25332,25981,26631,27281,11042,11692,12341,12991,13640,15589,16238,19486,20136,22084,22734,24033,24682,25332,9743,10393,11042,11692,12341,12991,13640,14939,16238,18187,18837,21435,22084,22734,25981,26631,7794,8444,9094,9743,11692,12341,12991,14290,14939,15589,16238,25332,25981,8444,7145,11042,11692,12341,14290,12991,10393,11042,11692,12991,7145,7794,9094,9743,13640,12991,7794,7145,4547,5196,5846,6495,7145,7794,8444,13640,12991,7145,6495,5846,5196,4547,3248,3897,4547,5196,5846,6495,7145,7794,12991,12341,10393,5196,4547,3897,3248,2598,3248,3897,4547,5196,6495,12341,11692,11042,10393,9743,9094,8444,7145,6495,5846,4547,3897,3248,2598,1949,2598,3248,3897,4547,5196,9743,8444,7794,7145,6495,5846,4547,3897,3248,2598,1949,1299,1949,2598,3248,3897,5846,5196,4547,3897,3248,2598,1949,1299,650,1299,1949,2598,5196,4547,3897,3248,2598,1949,1299,650,0,650,1299,1949,5846,5196,4547,3897,3248,2598,1949,1299,650,1299,6495,5846,5196,4547,3897,3248,2598,1949,1299,1949,2598
208,16888,17537,29229,16238,16888,18187,21435,26631,27281,27930,28580,18187,18837,20136,20785,21435,22084,23383,24033,24682,25332,25981,27281,27930,17537,18187,21435,22084,22734,24033,24682,25332,26631,27281,11042,11692,12341,12991,13640,14290,14939,15589,16238,17537,20136,20785,21435,22084,24033,24682,25332,25981,26631,10393,11042,11692,12341,12991,14939,15589,18837,19486,21435,22084,23383,24033,24682,9094,9743,10393,11042,11692,12341,12991,14290,15589,17537,18187,20785,21435,22084,25332,25981,7145,7794,8444,9094,11042,11692,12341,13640,14290,14939,15589,24682,25332,9094,6495,10393,11042,11692,13640,13640,9743,10393,11042,13640,6495,7145,8444,9094,14290,13640,8444,7794,3897,4547,5196,5846,6495,7145,7794,14290,13640,7794,7145,6495,5846,5196,3897,3248,3897,4547,5196,5846,6495,7145,13640,12991,11042,5846,5196,4547,3897,3248,2598,3248,3897,4547,5846,12991,12341,11692,11042,10393,9743,9094,7794,7145,6495,5196,4547,3897,3248,2598,1949,2598,3248,3897,4547,10393,9094,8444,7794,7145,6495,5196,4547,3897,3248,2598,1949,1299,1949,2598,3248,6495,5846,5196,4547,3897,3248,2598,1949,1299,650,1299,1949,5846,5196,4547,3897,3248,2598,1949,1299,650,0,650,1299,6495,5846,5196,4547,3897,3248,2598,1949,1299,650,7145,6495,5846,5196,4547,3897,3248,2598,1949,1299,3248
209,16238,16888,28580,15589,16238,17537,20785,25981,26631,27281,27930,17537,18187,19486,20136,20785,21435,22734,23383,24033,24682,25332,26631,27281,16888,17537,20785,21435,22084,23383,24033,24682,25981,26631,10393,11042,11692,12341,12991,13640,14290,14939,15589,16888,19486,20136,20785,21435,23383,24033,24682,25332,25981,9743,10393,11042,11692,12341,14290,14939,18187,18837,20785,21435,22734,23383,24033,8444,9094,9743,10393,11042,11692,12341,13640,14939,16888,17537,20136,20785,21435,24682,25332,6495,7145,7794,8444,10393,11042,11692,12991,13640,14290,14939,24033,24682,9743,5846,9743,10393,11042,12991,14290,9094,9743,10393,14290,5846,6495,7794,8444,14939,14290,9094,8444,4547,3897,4547,5196,5846,6495,7145,14939,14290,8444,7794,7145,6495,5846,4547,3897,3248,3897,4547,5196,5846,6495,14290,13640,11692,6495,5846,5196,4547,3897,3248,2598,3248,3897,5196,13640,12991,12341,11692,11042,10393,9743,8444,7794,7145,5846,5196,4547,3897,3248,2598,1949,2598,3248,3897,11042,9743,9094,8444,7794,7145,5846,5196,4547,3897,3248,2598,1949,1299,1949,2598,7145,6495,5846,5196,4547,3897,3248,2598,1949,1299,650,1299,6495,5846,5196,4547,3897,3248,2598,1949,1299,650,0,650,7145,6495,5846,5196,4547,3897,3248,2598,1949,1299,7794,7145,6495,5846,5196,4547,3897,3248,2598,1949,3897
210,15589,16238,27930,14939,15589,16888,20136,25332,25981,26631,27281,16888,17537,18837,19486,20136,20785,22084,22734,23383,24033,24682,25981,26631,16238,16888,20136,20785,21435,22734,23383,24033,25332,25981,9743,10393,11042,11692,12341,12991,13640,14290,14939,16238,18837,19486,20136,20785,22734,23383,24033,24682,25332,9094,9743,10393,11042,11692,13640,14290,17537,18187,20136,20785,22084,22734,23383,7794,8444,9094,9743,10393,11042,11692,12991,14290,16238,16888,19486,20136,20785,24033,24682,7145,6495,7145,7794,9743,10393,11042,12341,12991,13640,14290,23383,24033,10393,6495,9094,9743,10393,12341,14939,8444,9094,9743,14939,5196,5846,7145,7794,15589,14939,9743,9094,5196,4547,3897,4547,5196,5846,6495,15589,14939,9094,8444,7794,7145,6495,5196,4547,3897,3248,3897,4547,5196,5846,14939,14290,12341,7145,6495,5846,5196,4547,3897,3248,2598,3248,4547,14290,13640,12991,12341,11692,11042,10393,9094,8444,7794,6495,5846,5196,4547,3897,3248,2598,1949,2598,3248,11692,10393,9743,9094,8444,7794,6495,5846,5196,4547,3897,3248,2598,1949,1299,1949,7794,7145,6495,5846,5196,4547,3897,3248,2598,1949,1299,650,7145,6495,5846,5196,4547,3897,3248,2598,1949,1299,650,0,7794,7145,6495,5846,5196,4547,3897,3248,2598,1949,8444,7794,7145,6495,5846,5196,4547,3897,3248,2598,4547
211,23383,24033,35724,22734,23383,24682,27930,33126,33776,34425,35075,24682,25332,26631,27281,27930,28580,29879,30528,31178,31827,32477,33776,34425,24033,24682,27930,28580,29229,30528,31178,31827,33126,33776,17537,18187,18837,19486,20136,20785,21435,22084,22734,24033,26631,27281,27930,28580,30528,31178,31827,32477,33126,16888,17537,18187,18837,19486,21435,22084,25332,25981,27930,28580,29879,30528,31178,15589,16238,16888,17537,18187,18837,19486,20785,22084,24033,24682,27281,27930,28580,31827,32477,13640,14290,14939,15589,17537,18187,18837,20136,20785,21435,22084,31178,31827,9094,12991,16888,17537,18187,20136,8444,16238,16888,17537,8444,12991,13640,14939,15589,9094,8444,5846,6495,10393,11042,11692,12341,12991,13640,14290,9094,8444,5196,5846,6495,7145,7794,9094,9743,10393,11042,11692,12341,12991,13640,8444,7794,5846,5846,6495,7145,7794,8444,9094,9743,10393,11042,12341,7794,7145,6495,5846,5196,4547,3897,2598,3248,3897,5196,5846,6495,7145,7794,8444,9094,9743,10393,11042,5196,3897,3248,2598,1949,2598,3897,4547,5196,5846,6495,7145,7794,8444,9094,9743,1299,1949,2598,3248,3897,4547,5196,5846,6495,7145,7794,8444,650,1299,1949,2598,3248,3897,4547,5196,5846,6495,7145,7794,0,650,1299,1949,2598,3248,3897,4547,5196,5846,650,1299,1949,2598,3248,3897,4547,5196,5846,6495,5846
212,22734,23383,35075,22084,22734,24033,27281,32477,33126,33776,34425,24033,24682,25981,26631,27281,27930,29229,29879,30528,31178,31827,33126,33776,23383,24033,27281,27930,28580,29879,30528,31178,32477,33126,16888,17537,18187,18837,19486,20136,20785,21435,22084,23383,25981,26631,27281,27930,29879,30528,31178,31827,32477,16238,16888,17537,18187,18837,20785,21435,24682,25332,27281,27930,29229,29879,30528,14939,15589,16238,16888,17537,18187,18837,20136,21435,23383,24033,26631,27281,27930,31178,31827,12991,13640,14290,14939,16888,17537,18187,19486,20136,20785,21435,30528,31178,8444,12341,16238,16888,17537,19486,9094,15589,16238,16888,9094,12341,12991,14290,14939,9743,9094,5196,5846,9743,10393,11042,11692,12341,12991,13640,9743,9094,4547,5196,5846,6495,7145,8444,9094,9743,10393,11042,11692,12341,12991,9094,8444,6495,5196,5846,6495,7145,7794,8444,9094,9743,10393,11692,8444,7794,7145,6495,5846,5196,4547,3248,2598,3248,4547,5196,5846,6495,7145,7794,8444,9094,9743,10393,5846,4547,3897,3248,2598,1949,3248,3897,4547,5196,5846,6495,7145,7794,8444,9094,1949,1299,1949,2598,3248,3897,4547,5196,5846,6495,7145,7794,1299,650,1299,1949,2598,3248,3897,4547,5196,5846,6495,7145,650,0,650,1299,1949,2598,3248,3897,4547,5196,1299,650,1299,1949,2598,3248,3897,4547,5196,5846,5196
213,22084,22734,34425,21435,22084,23383,26631,31827,32477,33126,33776,23383,24033,25332,25981,26631,27281,28580,29229,29879,30528,31178,32477,33126,22734,23383,26631,27281,27930,29229,29879,30528,31827,32477,16238,16888,17537,18187,18837,19486,20136,20785,21435,22734,25332,25981,26631,27281,29229,29879,30528,31178,31827,15589,16238,16888,17537,18187,20136,20785,24033,24682,26631,27281,28580,29229,29879,14290,14939,15589,16238,16888,17537,18187,19486,20785,22734,23383,25981,26631,27281,30528,31178,12341,12991,13640,14290,16238,16888,17537,18837,19486,20136,20785,29879,30528,7794,11692,15589,16238,16888,18837,9743,14939,15589,16238,9743,11692,12341,13640,14290,10393,9743,4547,5196,9094,9743,10393,11042,11692,12341,12991,10393,9743,3897,4547,5196,5846,6495,7794,8444,9094,9743,10393,11042,11692,12341,9743,9094,7145,4547,5196,5846,6495,7145,7794,8444,9094,9743,11042,9094,8444,7794,7145,6495,5846,5196,3897,3248,2598,3897,4547,5196,5846,6495,7145,7794,8444,9094,9743,6495,5196,4547,3897,3248,2598,2598,3248,3897,4547,5196,5846,6495,7145,7794,8444,2598,1949,1299,1949,2598,3248,3897,4547,5196,5846,6495,7145,1949,1299,650,1299,1949,2598,3248,3897,4547,5196,5846,6495,1299,650,0,650,1299,1949,2598,3248,3897,4547,1949,1299,650,1299,1949,2598,3248,3897,4547,5196,4547
214,21435,22084,33776,20785,21435,22734,25981,31178,31827,32477,33126,22734,23383,24682,25332,25981,26631,27930,28580,29229,29879,30528,31827,32477,22084,22734,25981,26631,27281,28580,29229,29879,31178,31827,15589,16238,16888,17537,18187,18837,19486,20136,20785,22084,24682,25332,25981,26631,28580,29229,29879,30528,31178,14939,15589,16238,16888,17537,19486,20136,23383,24033,25981,26631,27930,28580,29229,13640,14290,14939,15589,16238,16888,17537,18837,20136,22084,22734,25332,25981,26631,29879,30528,11692,12341,12991,13640,15589,16238,16888,18187,18837,19486,20136,29229,29879,7145,11042,14939,15589,16238,18187,10393,14290,14939,15589,10393,11042,11692,12991,13640,11042,10393,5196,4547,8444,9094,9743,10393,11042,11692,12341,11042,10393,4547,3897,4547,5196,5846,7145,7794,8444,9094,9743,10393,11042,11692,10393,9743,7794,3897,4547,5196,5846,6495,7145,7794,8444,9094,10393,9743,9094,8444,7794,7145,6495,5846,4547,3897,3248,3248,3897,4547,5196,5846,6495,7145,7794,8444,9094,7145,5846,5196,4547,3897,3248,1949,2598,3248,3897,4547,5196,5846,6495,7145,7794,3248,2598,1949,1299,1949,2598,3248,3897,4547,5196,5846,6495,2598,1949,1299,650,1299,1949,2598,3248,3897,4547,5196,5846,1949,1299,650,0,650,1299,1949,2598,3248,3897,2598,1949,1299,650,1299,1949,2598,3248,3897,4547,3897
215,20785,21435,33126,20136,20785,22084,25332,30528,31178,31827,32477,22084,22734,24033,24682,25332,25981,27281,27930,28580,29229,29879,31178,31827,21435,22084,25332,25981,26631,27930,28580,29229,30528,31178,14939,15589,16238,16888,17537,18187,18837,19486,20136,21435,24033,24682,25332,25981,27930,28580,29229,29879,30528,14290,14939,15589,16238,16888,18837,19486,22734,23383,25332,25981,27281,27930,28580,12991,13640,14290,14939,15589,16238,16888,18187,19486,21435,22084,24682,25332,25981,29229,29879,11042,11692,12341,12991,14939,15589,16238,17537,18187,18837,19486,28580,29229,6495,10393,14290,14939,15589,17537,11042,13640,14290,14939,11042,10393,11042,12341,12991,11692,11042,5846,5196,7794,8444,9094,9743,10393,11042,11692,11692,11042,5196,4547,3897,4547,5196,6495,7145,7794,8444,9094,9743,10393,11042,11042,10393,8444,3248,3897,4547,5196,5846,6495,7145,7794,8444,9743,10393,9743,9094,8444,7794,7145,6495,5196,4547,3897,2598,3248,3897,4547,5196,5846,6495,7145,7794,8444,7794,6495,5846,5196,4547,3897,2598,1949,2598,3248,3897,4547,5196,5846,6495,7145,3897,3248,2598,1949,1299,1949,2598,3248,3897,4547,5196,5846,3248,2598,1949,1299,650,1299,1949,2598,3248,3897,4547,5196,2598,1949,1299,650,0,650,1299,1949,2598,3248,3248,2598,1949,1299,650,1299,1949,2598,3248,3897,3248
216,20136,20785,32477,19486,20136,21435,24682,29879,30528,31178,31827,21435,22084,23383,24033,24682,25332,26631,27281,27930,28580,29229,30528,31178,20785,21435,24682,25332,25981,27281,27930,28580,29879,30528,14290,14939,15589,16238,16888,17537,18187,18837,19486,20785,23383,24033,24682,25332,27281,27930,28580,29229,29879,13640,14290,14939,15589,16238,18187,18837,22084,22734,24682,25332,26631,27281,27930,12341,12991,13640,14290,14939,15589,16238,17537,18837,20785,21435,24033,24682,25332,28580,29229,10393,11042,11692,12341,14290,14939,15589,16888,17537,18187,18837,27930,28580,7145,9743,13640,14290,14939,16888,11692,12991,13640,14290,11692,9743,10393,11692,12341,12341,11692,6495,5846,7145,7794,8444,9094,9743,10393,11042,12341,11692,5846,5196,4547,3897,4547,5846,6495,7145,7794,8444,9094,9743,10393,11692,11042,9094,3897,3248,3897,4547,5196,5846,6495,7145,7794,9094,11042,10393,9743,9094,8444,7794,7145,5846,5196,4547,3248,2598,3248,3897,4547,5196,5846,6495,7145,7794,8444,7145,6495,5846,5196,4547,3248,2598,1949,2598,3248,3897,4547,5196,5846,6495,4547,3897,3248,2598,1949,1299,1949,2598,3248,3897,4547,5196,3897,3248,2598,1949,1299,650,1299,1949,2598,3248,3897,4547,3248,2598,1949,1299,650,0,650,1299,1949,2598,3897,3248,2598,1949,1299,650,1299,1949,2598,3248,2598
217,19486,20136,31827,18837,19486,20785,24033,29229,29879,30528,31178,20785,21435,22734,23383,24033,24682,25981,26631,27281,27930,28580,29879,30528,20136,20785,24033,24682,25332,26631,27281,27930,29229,29879,13640,14290,14939,15589,16238,16888,17537,18187,18837,20136,22734,23383,24033,24682,26631,27281,27930,28580,29229,12991,13640,14290,14939,15589,17537,18187,21435,22084,24033,24682,25981,26631,27281,11692,12341,12991,13640,14290,14939,15589,16888,18187,20136,20785,23383,24033,24682,27930,28580,9743,10393,11042,11692,13640,14290,14939,16238,16888,17537,18187,27281,27930,7794,9094,12991,13640,14290,16238,12341,12341,12991,13640,12341,9094,9743,11042,11692,12991,12341,7145,6495,6495,7145,7794,8444,9094,9743,10393,12991,12341,6495,5846,5196,4547,3897,5196,5846,6495,7145,7794,8444,9094,9743,12341,11692,9743,4547,3897,3248,3897,4547,5196,5846,6495,7145,8444,11692,11042,10393,9743,9094,8444,7794,6495,5846,5196,3897,3248,2598,3248,3897,4547,5196,5846,6495,7145,9094,7794,7145,6495,5846,5196,3897,3248,2598,1949,2598,3248,3897,4547,5196,5846,5196,4547,3897,3248,2598,1949,1299,1949,2598,3248,3897,4547,4547,3897,3248,2598,1949,1299,650,1299,1949,2598,3248,3897,3897,3248,2598,1949,1299,650,0,650,1299,1949,4547,3897,3248,2598,1949,1299,650,1299,1949,2598,1949
218,18837,19486,31178,18187,18837,20136,23383,28580,29229,29879,30528,20136,20785,22084,22734,23383,24033,25332,25981,26631,27281,27930,29229,29879,19486,20136,23383,24033,24682,25981,26631,27281,28580,29229,12991,13640,14290,14939,15589,16238,16888,17537,18187,19486,22084,22734,23383,24033,25981,26631,27281,27930,28580,12341,12991,13640,14290,14939,16888,17537,20785,21435,23383,24033,25332,25981,26631,11042,11692,12341,12991,13640,14290,14939,16238,17537,19486,20136,22734,23383,24033,27281,27930,9094,9743,10393,11042,12991,13640,14290,15589,16238,16888,17537,26631,27281,8444,8444,12341,12991,13640,15589,12991,11692,12341,12991,12991,8444,9094,10393,11042,13640,12991,7794,7145,5846,6495,7145,7794,8444,9094,9743,13640,12991,7145,6495,5846,5196,4547,4547,5196,5846,6495,7145,7794,8444,9094,12991,12341,10393,5196,4547,3897,3248,3897,4547,5196,5846,6495,7794,12341,11692,11042,10393,9743,9094,8444,7145,6495,5846,4547,3897,3248,2598,3248,3897,4547,5196,5846,6495,9743,8444,7794,7145,6495,5846,4547,3897,3248,2598,1949,2598,3248,3897,4547,5196,5846,5196,4547,3897,3248,2598,1949,1299,1949,2598,3248,3897,5196,4547,3897,3248,2598,1949,1299,650,1299,1949,2598,3248,4547,3897,3248,2598,1949,1299,650,0,650,1299,5196,4547,3897,3248,2598,1949,1299,650,1299,1949,1299
219,18187,18837,30528,17537,18187,19486,22734,27930,28580,29229,29879,19486,20136,21435,22084,22734,23383,24682,25332,25981,26631,27281,28580,29229,18837,19486,22734,23383,24033,25332,25981,26631,27930,28580,12341,12991,13640,14290,14939,15589,16238,16888,17537,18837,21435,22084,22734,23383,25332,25981,26631,27281,27930,11692,12341,12991,13640,14290,16238,16888,20136,20785,22734,23383,24682,25332,25981,10393,11042,11692,12341,12991,13640,14290,15589,16888,18837,19486,22084,22734,23383,26631,27281,8444,9094,9743,10393,12341,12991,13640,14939,15589,16238,16888,25981,26631,9094,7794,11692,12341,12991,14939,13640,11042,11692,12341,13640,7794,8444,9743,10393,14290,13640,8444,7794,5196,5846,6495,7145,7794,8444,9094,14290,13640,7794,7145,6495,5846,5196,3897,4547,5196,5846,6495,7145,7794,8444,13640,12991,11042,5846,5196,4547,3897,3248,3897,4547,5196,5846,7145,12991,12341,11692,11042,10393,9743,9094,7794,7145,6495,5196,4547,3897,3248,2598,3248,3897,4547,5196,5846,10393,9094,8444,7794,7145,6495,5196,4547,3897,3248,2598,1949,2598,3248,3897,4547,6495,5846,5196,4547,3897,3248,2598,1949,1299,1949,2598,3248,5846,5196,4547,3897,3248,2598,1949,1299,650,1299,1949,2598,5196,4547,3897,3248,2598,1949,1299,650,0,650,5846,5196,4547,3897,3248,2598,1949,1299,650,1299,1949
220,17537,18187,29879,16888,17537,18837,22084,27281,27930,28580,29229,18837,19486,20785,21435,22084,22734,24033,24682,25332,25981,26631,27930,28580,18187,18837,22084,22734,23383,24682,25332,25981,27281,27930,11692,12341,12991,13640,14290,14939,15589,16238,16888,18187,20785,21435,22084,22734,24682,25332,25981,26631,27281,11042,11692,12341,12991,13640,15589,16238,19486,20136,22084,22734,24033,24682,25332,9743,10393,11042,11692,12341,12991,13640,14939,16238,18187,18837,21435,22084,22734,25981,26631,7794,8444,9094,9743,11692,12341,12991,14290,14939,15589,16238,25332,25981,9743,7145,11042,11692,12341,14290,14290,10393,11042,11692,14290,7145,7794,9094,9743,14939,14290,9094,8444,4547,5196,5846,6495,7145,7794,8444,14939,14290,8444,7794,7145,6495,5846,4547,3897,4547,5196,5846,6495,7145,7794,14290,13640,11692,6495,5846,5196,4547,3897,3248,3897,4547,5196,6495,13640,12991,12341,11692,11042,10393,9743,8444,7794,7145,5846,5196,4547,3897,3248,2598,3248,3897,4547,5196,11042,9743,9094,8444,7794,7145,5846,5196,4547,3897,3248,2598,1949,2598,3248,3897,7145,6495,5846,5196,4547,3897,3248,2598,1949,1299,1949,2598,6495,5846,5196,4547,3897,3248,2598,1949,1299,650,1299,1949,5846,5196,4547,3897,3248,2598,1949,1299,650,0,6495,5846,5196,4547,3897,3248,2598,1949,1299,650,2598
221,24033,24682,36374,23383,24033,25332,28580,33776,34425,35075,35724,25332,25981,27281,27930,28580,29229,30528,31178,31827,32477,33126,34425,35075,24682,25332,28580,29229,29879,31178,31827,32477,33776,34425,18187,18837,19486,20136,20785,21435,22084,22734,23383,24682,27281,27930,28580,29229,31178,31827,32477,33126,33776,17537,18187,18837,19486,20136,22084,22734,25981,26631,28580,29229,30528,31178,31827,16238,16888,17537,18187,18837,19486,20136,21435,22734,24682,25332,27930,28580,29229,32477,33126,14290,14939,15589,16238,18187,18837,19486,20785,21435,22084,22734,31827,32477,9743,13640,17537,18187,18837,20785,9094,16888,17537,18187,9094,13640,14290,15589,16238,9743,9094,6495,7145,11042,11692,12341,12991,13640,14290,14939,9743,9094,5846,6495,7145,7794,8444,9743,10393,11042,11692,12341,12991,13640,14290,9094,8444,6495,6495,7145,7794,8444,9094,9743,10393,11042,11692,12991,8444,7794,7145,6495,5846,5196,4547,3248,3897,4547,5846,6495,7145,7794,8444,9094,9743,10393,11042,11692,5846,4547,3897,3248,2598,3248,4547,5196,5846,6495,7145,7794,8444,9094,9743,10393,1949,2598,3248,3897,4547,5196,5846,6495,7145,7794,8444,9094,1299,1949,2598,3248,3897,4547,5196,5846,6495,7145,7794,8444,650,1299,1949,2598,3248,3897,4547,5196,5846,6495,0,650,1299,1949,2598,3248,3897,4547,5196,5846,5196
222,23383,24033,35724,22734,23383,24682,27930,33126,33776,34425,35075,24682,25332,26631,27281,27930,28580,29879,30528,31178,31827,32477,33776,34425,24033,24682,27930,28580,29229,30528,31178,31827,33126,33776,17537,18187,18837,19486,20136,20785,21435,22084,22734,24033,26631,27281,27930,28580,30528,31178,31827,32477,33126,16888,17537,18187,18837,19486,21435,22084,25332,25981,27930,28580,29879,30528,31178,15589,16238,16888,17537,18187,18837,19486,20785,22084,24033,24682,27281,27930,28580,31827,32477,13640,14290,14939,15589,17537,18187,18837,20136,20785,21435,22084,31178,31827,9094,12991,16888,17537,18187,20136,9743,16238,16888,17537,9743,12991,13640,14939,15589,10393,9743,5846,6495,10393,11042,11692,12341,12991,13640,14290,10393,9743,5196,5846,6495,7145,7794,9094,9743,10393,11042,11692,12341,12991,13640,9743,9094,7145,5846,6495,7145,7794,8444,9094,9743,10393,11042,12341,9094,8444,7794,7145,6495,5846,5196,3897,3248,3897,5196,5846,6495,7145,7794,8444,9094,9743,10393,11042,6495,5196,4547,3897,3248,2598,3897,4547,5196,5846,6495,7145,7794,8444,9094,9743,2598,1949,2598,3248,3897,4547,5196,5846,6495,7145,7794,8444,1949,1299,1949,2598,3248,3897,4547,5196,5846,6495,7145,7794,1299,650,1299,1949,2598,3248,3897,4547,5196,5846,650,0,650,1299,1949,2598,3248,3897,4547,5196,4547
223,22734,23383,35075,22084,22734,24033,27281,32477,33126,33776,34425,24033,24682,25981,26631,27281,27930,29229,29879,30528,31178,31827,33126,33776,23383,24033,27281,27930,28580,29879,30528,31178,32477,33126,16888,17537,18187,18837,19486,20136,20785,21435,22084,23383,25981,26631,27281,27930,29879,30528,31178,31827,32477,16238,16888,17537,18187,18837,20785,21435,24682,25332,27281,27930,29229,29879,30528,14939,15589,16238,16888,17537,18187,18837,20136,21435,23383,24033,26631,27281,27930,31178,31827,12991,13640,14290,14939,16888,17537,18187,19486,20136,20785,21435,30528,31178,8444,12341,16238,16888,17537,19486,10393,15589,16238,16888,10393,12341,12991,14290,14939,11042,10393,5196,5846,9743,10393,11042,11692,12341,12991,13640,11042,10393,4547,5196,5846,6495,7145,8444,9094,9743,10393,11042,11692,12341,12991,10393,9743,7794,5196,5846,6495,7145,7794,8444,9094,9743,10393,11692,9743,9094,8444,7794,7145,6495,5846,4547,3897,3248,4547,5196,5846,6495,7145,7794,8444,9094,9743,10393,7145,5846,5196,4547,3897,3248,3248,3897,4547,5196,5846,6495,7145,7794,8444,9094,3248,2598,1949,2598,3248,3897,4547,5196,5846,6495,7145,7794,2598,1949,1299,1949,2598,3248,3897,4547,5196,5846,6495,7145,1949,1299,650,1299,1949,2598,3248,3897,4547,5196,1299,650,0,650,1299,1949,2598,3248,3897,4547,3897
224,22084,22734,34425,21435,22084,23383,26631,31827,32477,33126,33776,23383,24033,25332,25981,26631,27281,28580,29229,29879,30528,31178,32477,33126,22734,23383,26631,27281,27930,29229,29879,30528,31827,32477,16238,16888,17537,18187,18837,19486,20136,20785,21435,22734,25332,25981,26631,27281,29229,29879,30528,31178,31827,15589,16238,16888,17537,18187,20136,20785,24033,24682,26631,27281,28580,29229,29879,14290,14939,15589,16238,16888,17537,18187,19486,20785,22734,23383,25981,26631,27281,30528,31178,12341,12991,13640,14290,16238,16888,17537,18837,19486,20136,20785,29879,30528,7794,11692,15589,16238,16888,18837,11042,14939,15589,16238,11042,11692,12341,13640,14290,11692,11042,5846,5196,9094,9743,10393,11042,11692,12341,12991,11692,11042,5196,4547,5196,5846,6495,7794,8444,9094,9743,10393,11042,11692,12341,11042,10393,8444,4547,5196,5846,6495,7145,7794,8444,9094,9743,11042,10393,9743,9094,8444,7794,7145,6495,5196,4547,3897,3897,4547,5196,5846,6495,7145,7794,8444,9094,9743,7794,6495,5846,5196,4547,3897,2598,3248,3897,4547,5196,5846,6495,7145,7794,8444,3897,3248,2598,1949,2598,3248,3897,4547,5196,5846,6495,7145,3248,2598,1949,1299,1949,2598,3248,3897,4547,5196,5846,6495,2598,1949,1299,650,1299,1949,2598,3248,3897,4547,1949,1299,650,0,650,1299,1949,2598,3248,3897,3248
225,21435,22084,33776,20785,21435,22734,25981,31178,31827,32477,33126,22734,23383,24682,25332,25981,26631,27930,28580,29229,29879,30528,31827,32477,22084,22734,25981,26631,27281,28580,29229,29879,31178,31827,15589,16238,16888,17537,18187,18837,19486,20136,20785,22084,24682,25332,25981,26631,28580,29229,29879,30528,31178,14939,15589,16238,16888,17537,19486,20136,23383,24033,25981,26631,27930,28580,29229,13640,14290,14939,15589,16238,16888,17537,18837,20136,22084,22734,25332,25981,26631,29879,30528,11692,12341,12991,13640,15589,16238,16888,18187,18837,19486,20136,29229,29879,7145,11042,14939,15589,16238,18187,11692,14290,14939,15589,11692,11042,11692,12991,13640,12341,11692,6495,5846,8444,9094,9743,10393,11042,11692,12341,12341,11692,5846,5196,4547,5196,5846,7145,7794,8444,9094,9743,10393,11042,11692,11692,11042,9094,3897,4547,5196,5846,6495,7145,7794,8444,9094,10393,11042,10393,9743,9094,8444,7794,7145,5846,5196,4547,3248,3897,4547,5196,5846,6495,7145,7794,8444,9094,8444,7145,6495,5846,5196,4547,3248,2598,3248,3897,4547,5196,5846,6495,7145,7794,4547,3897,3248,2598,1949,2598,3248,3897,4547,5196,5846,6495,3897,3248,2598,1949,1299,1949,2598,3248,3897,4547,5196,5846,3248,2598,1949,1299,650,1299,1949,2598,3248,3897,2598,1949,1299,650,0,650,1299,1949,2598,3248,2598
226,20785,21435,33126,20136,20785,22084,25332,30528,31178,31827,32477,22084,22734,24033,24682,25332,25981,27281,27930,28580,29229,29879,31178,31827,21435,22084,25332,25981,26631,27930,28580,29229,30528,31178,14939,15589,16238,16888,17537,18187,18837,19486,20136,21435,24033,24682,25332,25981,27930,28580,29229,29879,30528,14290,14939,15589,16238,16888,18837,19486,22734,23383,25332,25981,27281,27930,28580,12991,13640,14290,14939,15589,16238,16888,18187,19486,21435,22084,24682,25332,25981,29229,29879,11042,11692,12341,12991,14939,15589,16238,17537,18187,18837,19486,28580,29229,7794,10393,14290,14939,15589,17537,12341,13640,14290,14939,12341,10393,11042,12341,12991,12991,12341,7145,6495,7794,8444,9094,9743,10393,11042,11692,12991,12341,6495,5846,5196,4547,5196,6495,7145,7794,8444,9094,9743,10393,11042,12341,11692,9743,4547,3897,4547,5196,5846,6495,7145,7794,8444,9743,11692,11042,10393,9743,9094,8444,7794,6495,5846,5196,3897,3248,3897,4547,5196,5846,6495,7145,7794,8444,9094,7794,7145,6495,5846,5196,3897,3248,2598,3248,3897,4547,5196,5846,6495,7145,5196,4547,3897,3248,2598,1949,2598,3248,3897,4547,5196,5846,4547,3897,3248,2598,1949,1299,1949,2598,3248,3897,4547,5196,3897,3248,2598,1949,1299,650,1299,1949,2598,3248,3248,2598,1949,1299,650,0,650,1299,1949,2598,1949
227,20136,20785,32477,19486,20136,21435,24682,29879,30528,31178,31827,21435,22084,23383,24033,24682,25332,26631,27281,27930,28580,29229,30528,31178,20785,21435,24682,25332,25981,27281,27930,28580,29879,30528,14290,14939,15589,16238,16888,17537,18187,18837,19486,20785,23383,24033,24682,25332,27281,27930,28580,29229,29879,13640,14290,14939,15589,16238,18187,18837,22084,22734,24682,25332,26631,27281,27930,12341,12991,13640,14290,14939,15589,16238,17537,18837,20785,21435,24033,24682,25332,28580,29229,10393,11042,11692,12341,14290,14939,15589,16888,17537,18187,18837,27930,28580,8444,9743,13640,14290,14939,16888,12991,12991,13640,14290,12991,9743,10393,11692,12341,13640,12991,7794,7145,7145,7794,8444,9094,9743,10393,11042,13640,12991,7145,6495,5846,5196,4547,5846,6495,7145,7794,8444,9094,9743,10393,12991,12341,10393,5196,4547,3897,4547,5196,5846,6495,7145,7794,9094,12341,11692,11042,10393,9743,9094,8444,7145,6495,5846,4547,3897,3248,3897,4547,5196,5846,6495,7145,7794,9743,8444,7794,7145,6495,5846,4547,3897,3248,2598,3248,3897,4547,5196,5846,6495,5846,5196,4547,3897,3248,2598,1949,2598,3248,3897,4547,5196,5196,4547,3897,3248,2598,1949,1299,1949,2598,3248,3897,4547,4547,3897,3248,2598,1949,1299,650,1299,1949,2598,3897,3248,2598,1949,1299,650,0,650,1299,1949,1299
228,19486,20136,31827,18837,19486,20785,24033,29229,29879,30528,31178,20785,21435,22734,23383,24033,24682,25981,26631,27281,27930,28580,29879,30528,20136,20785,24033,24682,25332,26631,27281,27930,29229,29879,13640,14290,14939,15589,16238,16888,17537,18187,18837,20136,22734,23383,24033,24682,26631,27281,27930,28580,29229,12991,13640,14290,14939,15589,17537,18187,21435,22084,24033,24682,25981,26631,27281,11692,12341,12991,13640,14290,14939,15589,16888,18187,20136,20785,23383,24033,24682,27930,28580,9743,10393,11042,11692,13640,14290,14939,16238,16888,17537,18187,27281,27930,9094,9094,12991,13640,14290,16238,13640,12341,12991,13640,13640,9094,9743,11042,11692,14290,13640,8444,7794,6495,7145,7794,8444,9094,9743,10393,14290,13640,7794,7145,6495,5846,5196,5196,5846,6495,7145,7794,8444,9094,9743,13640,12991,11042,5846,5196,4547,3897,4547,5196,5846,6495,7145,8444,12991,12341,11692,11042,10393,9743,9094,7794,7145,6495,5196,4547,3897,3248,3897,4547,5196,5846,6495,7145,10393,9094,8444,7794,7145,6495,5196,4547,3897,3248,2598,3248,3897,4547,5196,5846,6495,5846,5196,4547,3897,3248,2598,1949,2598,3248,3897,4547,5846,5196,4547,3897,3248,2598,1949,1299,1949,2598,3248,3897,5196,4547,3897,3248,2598,1949,1299,650,1299,1949,4547,3897,3248,2598,1949,1299,650,0,650,1299,650
229,18837,19486,31178,18187,18837,20136,23383,28580,29229,29879,30528,20136,20785,22084,22734,23383,24033,25332,25981,26631,27281,27930,29229,29879,19486,20136,23383,24033,24682,25981,26631,27281,28580,29229,12991,13640,14290,14939,15589,16238,16888,17537,18187,19486,22084,22734,23383,24033,25981,26631,27281,27930,28580,12341,12991,13640,14290,14939,16888,17537,20785,21435,23383,24033,25332,25981,26631,11042,11692,12341,12991,13640,14290,14939,16238,17537,19486,20136,22734,23383,24033,27281,27930,9094,9743,10393,11042,12991,13640,14290,15589,16238,16888,17537,26631,27281,9743,8444,12341,12991,13640,15589,14290,11692,12341,12991,14290,8444,9094,10393,11042,14939,14290,9094,8444,5846,6495,7145,7794,8444,9094,9743,14939,14290,8444,7794,7145,6495,5846,4547,5196,5846,6495,7145,7794,8444,9094,14290,13640,11692,6495,5846,5196,4547,3897,4547,5196,5846,6495,7794,13640,12991,12341,11692,11042,10393,9743,8444,7794,7145,5846,5196,4547,3897,3248,3897,4547,5196,5846,6495,11042,9743,9094,8444,7794,7145,5846,5196,4547,3897,3248,2598,3248,3897,4547,5196,7145,6495,5846,5196,4547,3897,3248,2598,1949,2598,3248,3897,6495,5846,5196,4547,3897,3248,2598,1949,1299,1949,2598,3248,5846,5196,4547,3897,3248,2598,1949,1299,650,1299,5196,4547,3897,3248,2598,1949,1299,650,0,650,1299
230,18187,18837,30528,17537,18187,19486,22734,27930,28580,29229,29879,19486,20136,21435,22084,22734,23383,24682,25332,25981,26631,27281,28580,29229,18837,19486,22734,23383,24033,25332,25981,26631,27930,28580,12341,12991,13640,14290,14939,15589,16238,16888,17537,18837,21435,22084,22734,23383,25332,25981,26631,27281,27930,11692,12341,12991,13640,14290,16238,16888,20136,20785,22734,23383,24682,25332,25981,10393,11042,11692,12341,12991,13640,14290,15589,16888,18837,19486,22084,22734,23383,26631,27281,8444,9094,9743,10393,12341,12991,13640,14939,15589,16238,16888,25981,26631,10393,7794,11692,12341,12991,14939,14939,11042,11692,12341,14939,7794,8444,9743,10393,15589,14939,9743,9094,5196,5846,6495,7145,7794,8444,9094,15589,14939,9094,8444,7794,7145,6495,5196,4547,5196,5846,6495,7145,7794,8444,14939,14290,12341,7145,6495,5846,5196,4547,3897,4547,5196,5846,7145,14290,13640,12991,12341,11692,11042,10393,9094,8444,7794,6495,5846,5196,4547,3897,3248,3897,4547,5196,5846,11692,10393,9743,9094,8444,7794,6495,5846,5196,4547,3897,3248,2598,3248,3897,4547,7794,7145,6495,5846,5196,4547,3897,3248,2598,1949,2598,3248,7145,6495,5846,5196,4547,3897,3248,2598,1949,1299,1949,2598,6495,5846,5196,4547,3897,3248,2598,1949,1299,650,5846,5196,4547,3897,3248,2598,1949,1299,650,0,1949
231,20136,20785,32477,19486,20136,21435,24682,29879,30528,31178,31827,21435,22084,23383,24033,24682,25332,26631,27281,27930,28580,29229,30528,31178,20785,21435,24682,25332,25981,27281,27930,28580,29879,30528,14290,14939,15589,16238,16888,17537,18187,18837,19486,20785,23383,24033,24682,25332,27281,27930,28580,29229,29879,13640,14290,14939,15589,16238,18187,18837,22084,22734,24682,25332,26631,27281,27930,12341,12991,13640,14290,14939,15589,16238,17537,18837,20785,21435,24033,24682,25332,28580,29229,10393,11042,11692,12341,14290,14939,15589,16888,17537,18187,18837,27930,28580,9743,9743,13640,14290,14939,16888,14290,12991,13640,14290,14290,9743,10393,11692,12341,14939,14290,9094,8444,7145,7794,8444,9094,9743,10393,11042,14939,14290,8444,7794,7145,6495,5846,5846,6495,7145,7794,8444,9094,9743,10393,14290,13640,11692,6495,5846,5196,4547,5196,5846,6495,7145,7794,9094,13640,12991,12341,11692,11042,10393,9743,8444,7794,7145,5846,5196,4547,3897,4547,5196,5846,6495,7145,7794,11042,9743,9094,8444,7794,7145,5846,5196,4547,3897,3248,3897,4547,5196,5846,6495,7145,6495,5846,5196,4547,3897,3248,2598,3248,3897,4547,5196,6495,5846,5196,4547,3897,3248,2598,1949,2598,3248,3897,4547,5846,5196,4547,3897,3248,2598,1949,1299,1949,2598,5196,4547,3897,3248,2598,1949,1299,650,1299,1949,0
