X,1,2,3,4,5,6,7,8,9,10,11,12,13,14,15,16,17,18,19,20,21,22,23,24,25,26,27,28,29,30,31,32,33,34,35,36,37,38,39,40,41,42,43,44,45,46,47,48,49,50,51,52,53,54,55,56,57,58,59,60,61,62,63,64,65,66,67,68,69,70,71,72,73,74,75,76,77,78,79,80,81,82,83,84,85,86,87,88,89,90,91,92,93,94,95,96,97,98,99,100,101,102,103,104,105,106,107,108,109,110,111,112,113,114,115,116,117,118,119,120,121,122,123,124,125,126,127,128,129,130,131,132,133,134,135,136,137,138,139,140,141,142,143,144,145,146,147,148,149,150,151,152,153,154,155,156,157,158,159,160,161,162,163,164,165,166,167,168,169,170,171,172,173,174,175,176,177,178,179,180,181,182,183,184,185,186,187,188,189,190,191,192,193,194,195,196,197,198,199,200,201,202,203,204,205,206,207,208,209,210,211,212,213,214,215,216,217,218,219,220,221,222,223,224,225,226,227,228,229,230,231,232,233,234,235,236,237,238,239,240,241,242,243,244,245,246,247,248,249,250,251,252,253,254,255,256,257,258,259,260,261,262,263,264,265,266,267,268,269,270,271,272,273,274,275,276,277,278,279,280,281,282,283,284,285,286,287,288,289,290,291,292,293,294,295,296,297,298,299
1,0,1,4,9,11,18,1,1,1,2,5,1,1,2,3,3,5,5,8,2,2,2,2,3,3,8,14,2,7,8,3,4,8,10,15,3,3,4,5,10,11,4,4,4,4,8,10,13,4,5,5,7,8,5,5,5,5,5,8,8,9,10,11,12,22,6,6,8,14,6,8,8,9,12,7,9,10,13,13,14,14,16,17,7,8,14,14,15,15,16,16,9,10,11,12,15,10,11,11,13,15,17,9,11,12,10,11,12,12,14,15,10,10,12,15,11,19,11,11,14,15,17,20,13,14,15,15,15,21,12,13,15,18,19,14,15,16,16,18,18,16,26,17,19,23,16,18,18,19,15,20,20,16,17,19,19,19,20,21,16,17,17,17,18,20,20,24,17,17,17,18,19,20,23,25,26,17,17,18,18,19,20,24,24,25,18,18,18,18,18,18,19,24,25,25,25,26,26,27,27,18,18,18,18,18,19,20,21,25,25,26,27,27,19,19,19,19,19,19,26,27,27,28,19,19,19,19,22,22,22,26,26,27,27,28,20,20,20,21,23,26,28,28,29,30,20,21,25,26,27,30,21,21,21,21,22,24,24,26,26,27,28,28,31,23,23,24,27,29,31,22,22,22,22,22,24,24,25,25,25,26,23,23,23,24,24,25,25,26,26,31,23,24,24,25,25,25,26,28
2,1,0,3,8,10,17,1,1,1,1,4,2,1,1,2,2,3,4,7,2,2,2,2,2,2,7,13,2,6,7,3,3,7,9,14,4,3,3,4,9,10,4,4,4,4,7,9,12,5,4,5,7,7,5,5,5,5,5,7,7,8,9,10,11,21,6,6,7,13,6,7,7,8,11,7,8,9,12,12,13,13,15,16,7,7,13,13,14,14,15,15,9,9,10,11,14,10,10,10,12,14,16,9,10,12,9,10,11,12,14,14,10,10,11,14,10,18,11,11,13,14,16,19,12,14,14,14,15,20,12,13,14,17,18,13,14,15,15,17,18,15,25,16,18,22,15,17,18,18,15,19,20,15,16,18,18,19,19,20,16,16,17,17,18,19,20,23,16,17,17,17,18,19,23,24,25,17,17,18,18,19,20,23,23,25,18,18,18,18,18,18,18,23,24,24,25,25,26,26,26,18,18,18,18,18,18,19,21,24,25,25,26,26,19,19,19,19,19,19,26,26,26,28,19,19,19,19,21,21,22,25,26,26,26,28,20,20,20,21,23,25,27,28,28,29,20,21,24,25,27,29,21,21,21,21,22,23,24,25,26,27,27,27,30,23,23,24,26,28,30,22,22,22,22,22,24,24,24,24,25,25,23,23,23,24,24,24,24,25,26,30,23,23,24,25,25,25,25,27
3,4,3,0,5,7,14,4,4,3,3,1,5,4,3,2,2,1,1,4,5,5,4,3,3,2,4,9,4,4,4,5,4,4,6,11,6,6,4,3,6,7,6,5,5,5,5,6,9,7,6,5,5,5,7,7,6,6,5,5,5,6,7,7,8,18,7,7,6,10,7,6,6,6,9,7,7,7,9,10,10,11,12,13,7,7,10,11,11,11,12,13,8,8,8,9,11,8,9,9,10,12,13,9,9,10,10,9,10,10,11,12,10,10,10,12,11,16,12,11,12,13,14,17,12,12,12,13,13,17,12,12,13,15,16,13,13,14,14,15,15,14,22,15,16,19,14,16,16,16,15,17,18,15,15,17,17,17,17,18,16,16,16,16,17,18,18,21,17,17,17,17,17,18,20,21,23,17,17,17,17,18,18,21,21,22,18,18,18,18,18,18,18,21,22,22,22,23,23,24,24,18,18,18,18,18,18,18,19,22,22,23,24,24,19,19,19,19,19,19,24,24,24,25,20,20,19,19,20,20,20,23,24,24,24,25,20,20,20,20,21,23,25,25,26,27,21,20,22,23,25,27,21,21,21,21,21,22,22,24,24,25,25,25,28,22,22,22,24,26,28,22,22,22,22,22,23,23,23,23,23,24,23,23,23,23,23,23,23,24,24,28,23,23,23,24,24,24,24,26
4,9,8,5,0,2,9,9,9,8,8,4,9,9,8,7,6,5,5,2,10,9,9,8,7,7,2,5,9,3,3,9,8,4,3,6,10,10,8,6,3,3,10,10,9,9,4,4,5,11,9,8,6,5,11,11,10,9,9,6,6,5,5,5,5,13,11,10,6,6,10,7,7,7,6,10,8,7,7,7,7,7,8,9,10,10,7,8,8,8,9,9,9,8,8,8,8,9,9,9,8,9,10,11,9,9,12,10,9,9,9,10,12,12,10,10,13,12,14,13,11,11,12,13,12,12,12,12,12,14,14,13,12,13,13,13,13,13,13,13,13,13,18,14,14,16,15,14,14,15,16,15,15,17,16,15,15,16,16,16,17,17,16,16,16,16,16,18,18,18,17,17,16,17,18,19,20,18,18,17,17,17,17,18,19,19,19,19,19,19,18,18,18,19,19,19,20,20,20,21,21,20,20,20,19,19,19,18,18,20,20,20,21,21,21,20,20,20,20,19,21,21,21,22,21,21,21,20,19,19,19,21,21,21,22,22,22,21,21,20,20,21,22,23,23,24,23,21,21,21,22,24,22,22,22,21,21,21,21,22,22,22,23,23,25,21,21,22,22,24,25,23,23,23,23,23,22,22,22,22,22,22,23,23,23,23,23,23,23,23,23,25,25,24,23,23,23,23,23,24
5,11,10,7,2,0,7,11,10,10,9,6,11,11,10,8,8,7,6,3,12,11,11,9,9,8,3,3,11,4,4,11,9,5,3,5,12,11,10,8,4,3,12,11,11,10,5,4,4,12,11,10,7,6,13,12,11,11,10,7,7,6,5,5,5,12,13,12,7,6,11,9,8,8,6,11,9,8,7,7,7,7,7,8,11,11,7,7,7,7,8,8,9,9,9,8,8,10,9,9,8,8,9,12,10,9,13,11,10,10,9,9,13,13,11,10,14,12,16,14,11,11,11,13,13,12,12,12,12,13,15,14,12,12,13,14,13,13,13,13,13,13,17,14,14,15,15,14,14,14,17,15,15,17,16,15,15,15,15,16,18,17,17,17,16,16,16,17,19,19,17,17,17,16,17,18,19,19,19,18,18,17,17,18,18,19,20,20,19,19,19,18,18,18,19,19,19,19,20,20,20,21,20,20,20,20,19,19,18,19,19,20,20,20,21,21,21,20,20,20,20,20,21,21,22,22,21,21,19,19,19,20,21,21,21,22,22,22,21,20,20,21,21,22,22,23,23,21,21,21,22,23,23,22,22,22,21,21,21,21,21,22,22,22,24,22,22,21,22,23,24,24,23,23,23,23,22,22,22,22,22,22,24,23,23,23,23,23,23,23,23,25,25,24,24,23,23,23,23,24
6,18,17,14,9,7,0,18,18,17,17,13,18,18,17,15,15,14,13,10,19,18,18,17,16,15,10,5,18,11,11,18,16,11,9,4,19,18,17,15,9,8,19,18,17,17,12,10,7,19,18,17,13,12,19,19,18,17,17,13,13,12,11,10,9,6,19,18,13,8,18,15,14,14,10,18,14,13,10,9,9,9,8,7,17,17,10,9,9,9,8,8,15,14,13,12,9,15,14,14,12,10,9,18,15,13,18,16,14,14,12,11,19,18,16,12,20,11,21,20,14,13,12,11,17,15,15,15,14,12,20,18,15,13,13,18,17,15,15,14,14,16,14,16,15,14,18,16,16,16,21,16,15,22,20,17,17,17,16,16,22,21,20,20,18,17,17,16,24,23,21,20,19,18,17,16,17,23,23,21,21,19,18,17,17,17,24,24,23,23,22,22,21,18,18,18,18,18,18,18,18,25,25,24,24,23,23,21,20,18,18,18,18,18,26,25,25,24,24,23,19,19,19,19,26,26,25,25,21,21,21,19,19,19,19,19,26,25,25,22,21,20,20,20,20,20,28,24,21,21,20,21,26,26,26,25,24,22,22,21,21,21,21,21,21,23,23,23,22,21,22,27,27,27,26,26,23,23,23,23,23,22,27,26,26,24,24,24,24,23,23,23,29,27,26,25,25,24,24,23
7,1,1,4,9,11,18,0,1,1,2,5,1,1,1,3,3,4,5,8,1,1,1,2,2,3,8,14,2,7,8,2,3,7,10,15,3,3,3,5,10,11,3,3,3,4,8,9,13,4,4,4,7,8,4,4,5,5,5,7,8,8,10,11,11,22,5,5,8,14,6,7,8,8,12,6,8,9,13,13,14,14,16,17,7,7,13,14,14,15,16,16,9,9,10,11,15,10,10,11,13,15,16,9,10,12,9,10,12,12,14,15,10,10,11,14,10,19,10,11,14,15,17,20,12,14,14,14,15,20,12,13,15,18,18,13,14,15,16,17,18,15,25,16,19,22,15,18,18,18,15,19,20,15,16,18,18,19,20,21,16,16,17,17,18,20,20,23,16,16,17,17,18,19,23,24,26,17,17,17,18,19,20,23,24,25,17,17,17,17,18,18,18,24,24,25,25,25,26,27,27,18,18,18,18,18,18,19,21,25,25,26,26,27,18,18,18,18,18,19,26,26,27,28,19,19,19,19,21,21,22,25,26,26,27,28,19,19,19,21,23,25,27,28,28,30,20,20,24,25,27,29,20,21,21,21,22,23,24,26,26,27,27,28,30,23,23,24,26,28,30,22,22,22,22,22,24,24,24,24,25,25,22,23,23,24,24,24,24,25,26,30,23,23,23,24,25,25,25,28
8,1,1,4,9,10,18,1,0,1,1,4,1,1,1,2,3,4,4,8,2,1,1,2,2,2,8,13,2,7,7,2,3,7,10,14,3,3,3,4,9,10,3,3,3,3,7,9,13,4,4,4,7,8,5,4,4,5,5,7,7,8,9,10,11,21,5,5,7,13,6,7,7,8,11,6,8,9,12,13,13,14,15,16,7,7,13,13,14,14,15,16,9,9,10,11,14,9,10,10,12,14,16,9,10,12,9,10,11,12,14,14,9,10,11,14,10,18,10,11,13,14,16,20,12,13,14,14,14,20,12,12,14,17,18,13,14,15,15,17,18,15,25,16,18,22,15,17,18,18,15,19,19,15,16,18,18,18,19,20,16,16,16,17,18,19,20,23,16,16,17,17,18,19,23,24,25,17,17,17,17,19,20,23,23,25,17,17,17,17,17,18,18,23,24,24,25,25,26,26,27,18,18,18,18,18,18,19,20,24,25,25,26,26,18,18,18,18,18,19,26,26,26,28,19,19,19,19,21,21,21,25,26,26,26,28,19,19,19,21,23,25,27,28,28,29,20,20,24,25,26,29,20,20,21,21,21,23,24,25,26,27,27,27,30,22,23,23,26,28,30,22,22,22,22,22,23,24,24,24,24,25,22,23,23,23,24,24,24,25,26,30,23,23,23,24,24,25,25,27
9,1,1,3,8,10,17,1,1,0,1,4,1,1,1,2,2,3,4,7,2,2,1,1,2,2,7,13,2,6,7,2,2,6,9,14,3,3,3,4,9,10,3,3,3,3,7,8,12,4,4,4,6,7,5,5,4,4,5,7,7,7,9,10,10,21,5,5,7,13,6,7,7,7,11,6,7,9,12,12,13,13,15,16,7,7,12,13,13,14,15,15,8,9,9,11,14,9,9,10,12,14,15,8,10,11,9,10,11,11,13,14,9,9,11,14,10,18,11,10,13,14,16,19,12,13,13,14,14,19,12,12,14,17,18,13,14,15,15,16,17,15,24,16,18,22,15,17,17,18,14,18,19,15,16,18,18,18,19,20,15,16,16,16,17,19,19,23,16,16,17,17,18,19,22,23,25,17,17,17,17,18,19,23,23,24,17,17,17,17,17,18,18,23,23,24,24,25,25,26,26,18,18,18,18,18,18,19,20,24,24,25,26,26,18,18,18,18,18,19,25,26,26,27,19,19,19,19,21,21,21,25,25,26,26,27,19,19,19,20,22,25,26,27,28,29,20,20,23,24,26,28,20,20,20,21,21,23,23,25,25,26,27,27,30,22,22,23,26,28,30,21,22,22,22,22,23,23,24,24,24,25,22,22,23,23,23,24,24,25,25,30,23,23,23,24,24,24,25,27
10,2,1,3,8,9,17,2,1,1,0,3,2,1,1,1,2,3,3,7,2,2,2,1,1,2,7,12,2,6,6,2,2,6,9,13,4,3,3,4,8,9,4,3,3,3,6,8,11,4,4,4,6,7,5,5,4,4,4,6,7,7,8,9,10,20,5,5,7,12,6,6,7,7,10,6,7,8,11,12,12,13,14,15,7,7,12,12,13,13,14,15,8,8,9,10,13,9,9,9,11,13,15,8,9,11,9,10,11,11,13,13,9,9,10,13,10,17,11,10,13,14,16,19,12,13,13,13,14,19,12,12,14,16,17,13,13,14,15,16,17,15,24,15,18,21,15,17,17,17,14,18,19,15,15,17,18,18,18,20,15,16,16,16,17,19,19,22,16,16,16,17,18,18,22,23,25,17,17,17,17,18,19,22,23,24,17,17,17,17,17,17,18,23,23,23,24,24,25,25,26,18,18,18,18,18,18,18,20,23,24,25,25,26,18,18,18,18,18,18,25,25,26,27,19,19,19,19,20,21,21,24,25,25,26,27,19,19,19,20,22,24,26,27,27,28,20,20,23,24,26,28,20,20,20,21,21,22,23,25,25,26,26,27,29,22,22,23,25,27,29,21,21,22,22,22,23,23,23,24,24,25,22,22,22,23,23,23,24,25,25,29,23,23,23,24,24,24,24,27
11,5,4,1,4,6,13,5,4,4,3,0,5,4,4,2,2,1,1,3,6,5,5,3,3,2,3,9,5,3,3,5,4,3,5,10,6,6,4,3,5,6,6,6,5,5,4,5,8,7,5,5,4,4,7,7,6,5,5,5,5,5,6,7,7,17,7,7,5,9,6,6,6,6,8,7,6,6,9,9,9,10,11,12,7,7,9,10,10,11,11,12,7,7,7,8,11,8,8,8,9,11,12,9,8,9,9,9,9,9,11,11,10,10,9,11,10,15,12,11,11,12,13,16,11,11,12,12,12,16,12,12,12,14,15,12,12,13,13,14,15,13,21,14,16,19,14,15,15,15,14,16,17,15,15,16,16,16,17,18,16,15,15,15,16,17,17,20,16,16,16,16,17,17,20,21,22,17,17,17,17,17,18,20,20,21,17,17,17,17,17,17,17,21,21,21,22,22,23,23,23,18,18,18,18,18,18,18,19,21,22,22,23,23,19,18,18,18,18,18,23,23,23,25,19,19,19,19,19,19,20,22,23,23,24,25,20,19,19,19,21,22,24,25,25,26,21,20,22,22,24,26,21,20,20,20,20,21,22,23,23,24,24,25,27,21,21,22,24,25,27,22,22,22,21,21,22,22,22,22,23,23,22,22,22,22,22,23,23,23,24,27,23,23,23,23,23,23,23,25
12,1,2,5,9,11,18,1,1,1,2,5,0,1,1,3,3,4,5,8,1,1,1,2,2,3,8,14,1,7,8,2,3,7,10,15,2,2,3,4,10,11,3,3,3,3,8,9,13,3,3,4,7,8,4,4,4,4,4,7,8,8,10,11,11,22,4,4,7,13,5,7,7,8,12,6,8,9,12,13,13,14,15,16,6,7,13,14,14,15,16,16,9,9,10,11,14,9,10,10,12,15,16,8,10,12,9,10,11,12,14,14,9,9,11,14,9,18,10,10,13,14,16,20,12,13,14,14,14,20,11,12,14,17,18,13,14,15,15,17,18,15,25,16,18,22,15,17,18,18,14,19,19,15,16,18,18,18,19,20,15,16,16,16,18,19,20,23,15,16,16,17,18,19,23,24,26,16,16,17,17,18,19,23,23,25,17,17,17,17,17,17,18,23,24,24,25,25,26,26,27,17,17,17,17,17,18,18,20,24,25,25,26,27,18,18,18,18,18,18,26,26,26,28,18,18,18,18,21,21,21,25,26,26,26,28,19,19,19,20,23,25,27,28,28,29,19,20,24,25,26,29,20,20,20,20,21,23,23,25,25,26,27,27,30,22,22,23,26,28,30,21,21,21,21,21,23,23,24,24,24,25,22,22,22,23,23,24,24,25,25,30,22,23,23,24,24,24,25,27
13,1,1,4,9,11,18,1,1,1,1,4,1,0,1,2,3,4,4,8,1,1,1,1,2,2,8,13,1,7,7,2,2,7,9,14,2,2,2,4,9,10,3,3,3,3,7,9,12,3,3,4,6,7,4,4,4,4,4,7,7,8,9,10,11,21,5,4,7,13,5,7,7,7,11,6,7,9,12,12,13,13,15,16,6,6,13,13,14,14,15,16,8,9,9,11,14,9,9,10,12,14,15,8,9,11,8,10,11,11,13,14,9,9,10,14,9,18,10,10,13,14,16,19,12,13,13,14,14,20,11,12,14,17,18,12,13,15,15,16,17,15,25,15,18,22,15,17,17,18,14,18,19,14,15,17,18,18,19,20,15,15,16,16,17,19,19,23,15,15,16,16,18,19,22,23,25,16,16,17,17,18,19,23,23,24,17,17,17,17,17,17,18,23,23,24,24,25,25,26,26,17,17,17,17,17,17,18,20,24,24,25,26,26,18,18,18,18,18,18,25,26,26,27,18,18,18,18,20,21,21,25,25,26,26,27,19,19,19,20,22,25,26,27,28,29,19,20,23,24,26,28,20,20,20,20,21,22,23,25,25,26,26,27,30,22,22,23,26,28,30,21,21,21,21,21,23,23,23,24,24,25,22,22,22,23,23,23,24,25,25,30,22,22,23,24,24,24,24,27
14,2,1,3,8,10,17,1,1,1,1,4,1,1,0,2,2,3,4,7,2,1,1,1,1,2,7,13,1,6,7,2,2,6,9,14,3,2,2,4,9,10,3,3,3,3,7,8,12,4,3,3,6,7,4,4,4,4,4,6,7,7,9,10,10,21,5,4,7,12,5,6,7,7,11,6,7,8,11,12,12,13,14,15,6,6,12,13,13,14,15,15,8,8,9,10,13,9,9,9,11,14,15,8,9,11,8,9,11,11,13,13,9,9,10,13,9,18,10,10,13,14,16,19,11,13,13,13,14,19,11,12,13,16,17,12,13,14,15,16,17,14,24,15,18,21,14,16,17,17,14,18,19,14,15,17,17,18,18,19,15,15,16,16,17,18,19,22,15,15,16,16,17,18,22,23,25,16,16,17,17,18,19,22,23,24,17,17,17,17,17,17,17,23,23,23,24,24,25,25,26,17,17,17,17,17,17,18,20,23,24,25,25,26,18,18,18,18,18,18,25,25,26,27,18,18,18,18,20,20,21,24,25,25,26,27,19,19,19,20,22,24,26,27,27,28,19,20,23,24,26,28,20,20,20,20,21,22,23,24,25,26,26,26,29,22,22,23,25,27,29,21,21,21,21,21,23,23,23,23,24,24,22,22,22,23,23,23,23,24,25,29,22,22,22,23,24,24,24,27
15,3,2,2,7,8,15,3,2,2,1,2,3,2,2,0,1,2,2,6,3,3,2,1,1,1,6,11,2,5,5,3,2,5,7,12,4,4,2,2,7,8,4,4,3,3,5,7,10,5,4,3,5,6,5,5,4,4,4,5,5,6,7,8,9,19,5,5,5,11,5,5,6,6,9,6,6,7,10,10,11,11,13,14,6,6,11,11,12,12,13,14,7,7,8,9,12,8,8,8,10,12,14,8,8,10,8,9,10,10,12,12,9,9,9,12,9,16,10,10,12,13,14,17,11,12,12,12,13,18,11,11,13,15,16,12,12,13,14,15,16,14,23,14,16,20,14,16,16,16,14,17,18,14,15,16,17,17,17,18,15,15,15,15,16,18,18,21,15,15,16,16,17,17,21,22,23,16,16,16,16,17,18,21,21,23,17,17,16,17,17,17,17,21,22,22,23,23,24,24,25,17,17,17,17,17,17,18,19,22,23,23,24,25,18,18,18,18,18,18,24,24,25,26,18,18,18,18,20,20,20,23,24,24,25,26,19,19,19,19,21,23,25,26,26,27,20,19,22,23,25,27,20,20,20,20,20,21,22,23,24,25,25,25,28,21,21,22,24,26,28,21,21,21,21,21,22,22,22,23,23,24,21,22,22,22,22,23,23,24,24,28,22,22,22,23,23,23,23,26
16,3,2,2,6,8,15,3,3,2,2,2,3,3,2,1,0,1,2,5,4,3,3,2,1,1,5,10,3,4,5,3,2,4,7,12,4,4,3,2,6,7,4,4,4,3,5,6,10,5,4,3,4,5,5,5,4,4,4,5,5,5,7,8,8,19,6,5,5,10,5,5,5,6,9,6,6,7,9,10,10,11,12,13,6,6,10,11,11,12,13,13,7,7,8,9,11,8,8,8,10,12,13,8,8,9,8,9,9,10,11,12,9,9,9,12,9,16,10,10,11,12,14,17,11,12,12,12,12,17,11,11,12,15,16,12,12,13,13,15,15,13,22,14,16,20,14,15,16,16,14,17,17,14,15,16,16,17,17,18,15,15,15,15,16,17,18,21,16,15,16,16,17,17,20,21,23,16,16,16,16,17,18,21,21,22,17,17,17,16,17,17,17,21,21,22,22,23,23,24,24,17,17,17,17,17,17,17,19,22,22,23,24,24,18,18,18,18,18,18,23,24,24,25,18,18,18,18,19,20,20,23,23,24,24,25,19,19,19,19,21,23,25,25,26,27,20,19,22,23,24,26,20,20,20,20,20,21,22,23,23,24,25,25,28,21,21,22,24,26,28,21,21,21,21,21,22,22,22,22,23,23,21,22,22,22,22,22,23,23,24,28,22,22,22,23,23,23,23,25
17,5,3,1,5,7,14,4,4,3,3,1,4,4,3,2,1,0,1,4,5,4,4,3,2,2,4,9,4,3,3,4,3,3,6,11,5,5,4,2,5,6,5,5,4,4,4,5,9,6,5,4,4,4,6,6,5,5,4,4,4,5,6,7,7,17,7,6,5,9,6,5,5,5,8,6,6,6,9,9,9,10,11,12,6,6,9,10,10,11,12,12,7,7,7,8,11,7,7,8,9,11,12,8,8,9,9,8,9,9,11,11,9,9,9,11,10,15,11,10,11,12,13,16,11,11,11,12,12,16,11,11,12,14,15,12,12,13,13,14,15,13,21,14,15,19,13,15,15,15,14,16,17,14,14,16,16,16,17,17,15,15,15,15,16,17,17,20,16,16,15,15,16,17,20,21,22,16,16,16,16,17,17,20,20,21,17,17,17,17,16,17,17,20,21,21,21,22,23,23,23,17,17,17,17,17,17,17,18,21,22,22,23,23,18,18,18,18,18,18,23,23,23,25,19,18,18,18,19,19,19,22,23,23,23,25,19,19,19,19,20,22,24,25,25,26,20,19,21,22,24,26,20,20,20,20,20,21,21,23,23,24,24,24,27,21,21,21,23,25,27,21,21,21,21,21,22,22,22,22,22,23,22,21,22,22,22,22,22,23,23,27,22,22,22,23,23,23,23,25
18,5,4,1,5,6,13,5,4,4,3,1,5,4,4,2,2,1,0,3,6,5,4,3,3,2,3,9,5,2,3,5,3,3,5,10,6,5,4,2,5,6,6,5,5,4,4,5,8,6,5,4,3,4,7,6,5,5,5,4,4,4,5,6,7,17,7,6,5,9,6,5,5,5,7,6,6,6,8,9,9,9,11,12,7,6,9,9,10,10,11,12,7,7,7,8,10,7,7,7,9,11,12,8,8,9,9,8,9,9,10,11,9,9,9,11,10,14,11,10,11,11,13,16,10,11,11,11,12,16,11,11,12,14,14,12,12,12,13,14,14,13,21,13,15,18,13,15,15,15,14,16,16,14,14,15,16,16,16,17,15,15,15,15,15,16,17,20,16,16,15,15,16,17,19,20,22,16,16,16,16,17,17,20,20,21,17,17,17,17,17,17,17,20,20,21,21,21,22,23,23,17,17,17,17,17,17,17,18,21,21,22,23,23,18,18,18,18,18,18,22,23,23,24,19,19,18,18,19,19,19,22,22,23,23,24,19,19,19,19,20,22,24,24,25,26,20,19,21,22,23,25,20,20,20,20,20,21,21,22,23,23,24,24,26,21,21,21,23,25,27,21,21,21,21,21,21,22,22,22,22,23,22,21,21,22,22,22,22,23,23,27,22,22,22,22,23,23,23,25
19,8,7,4,2,3,10,8,8,7,7,3,8,8,7,6,5,4,3,0,9,8,8,7,6,6,1,6,8,2,1,8,6,2,2,7,9,9,7,5,2,3,9,8,8,7,3,3,5,9,8,7,4,3,10,9,8,8,7,4,4,4,4,4,4,14,10,9,5,6,8,6,6,5,5,9,6,6,6,6,7,7,8,9,9,8,7,7,7,8,9,9,7,7,7,7,8,7,7,7,7,8,9,9,8,8,10,9,8,8,9,9,11,10,9,9,11,12,13,12,10,10,11,13,11,10,10,11,11,14,13,11,11,12,13,12,12,12,12,12,13,12,18,13,14,16,13,13,14,14,15,14,15,15,14,14,15,15,15,16,16,15,15,15,15,15,15,18,17,17,16,16,15,16,17,18,20,17,17,16,16,16,16,18,18,19,18,18,17,17,17,17,17,18,19,19,19,20,20,20,21,18,18,18,18,18,17,17,17,19,19,20,21,21,19,19,19,18,18,18,20,21,21,22,20,20,19,19,18,18,18,20,21,21,21,22,20,20,19,19,19,20,22,22,23,24,21,20,20,21,22,23,21,21,20,20,20,20,20,21,21,22,22,22,24,20,20,21,22,23,25,22,22,21,21,21,21,21,21,21,21,22,22,22,22,21,21,22,22,22,22,25,23,22,22,22,22,22,22,23
20,2,2,5,10,12,19,1,2,2,2,6,1,1,2,3,4,5,6,9,0,1,1,2,3,3,9,14,1,8,8,2,3,8,11,15,2,2,3,5,10,11,2,2,3,3,8,10,13,3,3,4,7,8,3,3,4,4,4,7,8,8,10,11,11,22,4,4,8,14,5,7,7,8,12,5,8,9,13,13,14,14,16,17,6,6,13,14,14,15,16,16,9,9,10,11,15,9,10,10,12,15,16,8,10,12,8,10,11,12,14,14,9,9,11,14,9,19,9,10,13,14,17,20,12,13,14,14,14,20,11,12,14,17,18,12,13,15,15,17,18,15,25,16,18,22,15,17,18,18,14,19,19,14,15,18,18,18,19,20,15,15,16,16,17,19,19,23,15,15,16,16,18,19,23,24,26,16,16,17,17,18,19,23,23,25,16,16,16,16,17,17,17,23,24,24,25,25,26,26,27,17,17,17,17,17,17,18,20,24,25,25,26,27,17,17,17,17,17,18,26,26,27,28,18,18,18,18,20,21,21,25,26,26,26,28,18,18,18,20,22,25,27,28,28,29,19,19,24,25,26,29,19,20,20,20,21,22,23,25,25,26,27,27,30,22,22,23,26,28,30,21,21,21,21,21,23,23,23,24,24,25,21,22,22,23,23,23,24,25,25,30,22,22,22,24,24,24,24,27
21,2,2,5,9,11,18,1,1,2,2,5,1,1,1,3,3,4,5,8,1,0,1,2,2,3,8,14,1,7,8,1,2,7,10,15,2,2,2,4,9,11,2,2,2,3,7,9,13,3,3,4,7,8,3,3,3,4,4,7,7,8,9,10,11,22,4,4,7,13,5,7,7,7,11,5,7,9,12,13,13,14,15,16,6,6,13,13,14,14,15,16,8,9,9,11,14,9,9,10,12,14,16,8,9,11,8,9,11,11,13,14,9,9,10,14,9,18,9,9,13,14,16,19,11,13,13,14,14,20,11,12,14,17,18,12,13,14,15,16,17,15,25,15,18,22,14,17,17,18,14,18,19,14,15,17,18,18,19,20,15,15,16,16,17,19,19,23,15,15,16,16,18,18,22,23,25,16,16,16,17,18,19,23,23,24,16,16,16,16,17,17,17,23,23,24,24,25,25,26,26,17,17,17,17,17,17,18,20,24,24,25,26,26,17,17,17,17,17,18,25,26,26,27,18,18,18,18,20,20,21,25,25,26,26,27,18,18,18,20,22,25,26,27,28,29,19,19,23,24,26,28,19,19,20,20,21,22,23,25,25,26,26,27,30,22,22,23,25,28,30,20,21,21,21,21,23,23,23,23,24,25,21,22,22,23,23,23,23,24,25,30,21,22,22,23,24,24,24,27
22,2,2,4,9,11,18,1,1,1,2,5,1,1,1,2,3,4,4,8,1,1,0,1,2,2,8,13,1,7,7,1,2,7,9,14,2,2,2,4,9,10,2,2,2,2,7,9,12,3,3,3,6,7,3,3,3,3,4,6,7,7,9,10,10,21,4,4,7,13,5,6,7,7,11,5,7,8,12,12,13,13,15,16,6,6,12,13,13,14,15,15,8,8,9,10,14,9,9,9,11,14,15,7,9,11,8,9,11,11,13,13,8,9,10,13,9,18,9,9,12,14,16,19,11,13,13,13,14,19,11,11,13,16,17,12,13,14,14,16,17,14,24,15,18,21,14,16,17,17,13,18,19,14,15,17,17,18,18,19,14,15,15,16,17,18,19,22,15,15,16,16,17,18,22,23,25,15,16,16,16,18,19,22,23,24,16,16,16,16,16,17,17,23,23,23,24,24,25,25,26,17,17,17,17,17,17,18,20,23,24,25,25,26,17,17,17,17,17,18,25,25,26,27,18,18,18,18,20,20,20,24,25,25,26,27,18,18,18,20,22,24,26,27,27,29,19,19,23,24,26,28,19,19,19,20,20,22,23,24,25,26,26,26,29,21,22,22,25,27,29,20,20,21,21,21,22,23,23,23,23,24,21,21,22,22,23,23,23,24,25,29,21,22,22,23,23,24,24,26
23,2,2,3,8,9,17,2,2,1,1,3,2,1,1,1,2,3,3,7,2,2,1,0,1,1,7,12,1,6,6,2,1,6,8,13,3,2,2,3,8,9,3,2,2,2,6,7,11,4,3,3,5,6,4,4,3,3,3,5,6,6,8,9,9,20,4,4,6,12,4,5,6,6,10,5,6,7,11,11,12,12,14,15,6,6,11,12,12,13,14,14,7,7,8,9,13,8,8,9,11,13,14,7,8,10,8,9,10,10,12,13,8,8,9,12,9,17,9,9,12,13,15,18,11,12,12,13,13,18,10,11,13,16,16,11,12,13,14,15,16,14,23,14,17,20,14,16,16,16,13,17,18,14,14,16,17,17,18,19,14,15,15,15,16,18,18,21,15,15,15,15,17,18,21,22,24,15,15,16,16,17,18,21,22,23,16,16,16,16,16,16,17,22,22,23,23,23,24,25,25,17,16,17,17,17,17,17,19,23,23,24,25,25,17,17,17,17,17,17,24,25,25,26,18,18,18,18,19,20,20,23,24,25,25,26,18,18,18,19,21,23,25,26,26,28,19,19,22,23,25,27,19,19,19,19,20,21,22,24,24,25,25,26,28,21,21,22,24,26,28,20,20,20,20,21,22,22,22,23,23,24,21,21,21,22,22,22,23,24,24,28,21,22,22,23,23,23,23,26
24,3,2,3,7,9,16,2,2,2,1,3,2,2,1,1,1,2,3,6,3,2,2,1,0,1,6,12,2,5,6,2,1,5,8,13,3,3,2,2,7,8,3,3,2,2,5,7,11,4,3,3,5,6,4,4,3,3,3,5,5,6,7,8,9,20,5,4,5,11,4,5,5,6,9,5,6,7,10,11,11,12,13,14,5,6,11,11,12,12,13,14,7,7,8,9,12,8,8,8,10,12,14,7,8,10,8,8,9,10,12,12,8,8,9,12,9,16,10,9,11,12,14,18,10,12,12,12,13,18,10,11,12,15,16,11,12,13,13,15,16,13,23,14,16,20,13,15,16,16,13,17,18,14,14,16,16,17,17,18,14,15,15,15,16,17,18,21,15,15,15,15,16,17,21,22,23,15,15,16,16,17,18,21,21,23,16,16,16,16,16,16,17,21,22,22,23,23,24,24,25,17,17,16,17,17,17,17,19,22,23,23,24,25,17,17,17,17,17,17,24,24,25,26,18,18,18,18,19,19,20,23,24,24,25,26,18,18,18,19,21,23,25,26,26,27,19,19,22,23,25,27,19,19,19,19,20,21,22,23,24,25,25,25,28,21,21,22,24,26,28,20,20,20,20,20,22,22,22,22,23,23,21,21,21,22,22,22,22,23,24,28,21,22,22,23,23,23,23,25
25,3,2,2,7,8,15,3,2,2,2,2,3,2,2,1,1,2,2,6,3,3,2,1,1,0,6,11,2,4,5,2,1,5,7,12,4,3,2,2,7,8,4,3,3,2,5,6,10,4,3,3,4,5,5,4,4,3,3,5,5,5,7,8,8,19,5,4,5,11,5,5,5,5,9,5,6,7,10,10,11,11,13,14,6,5,10,11,11,12,13,13,7,7,7,9,12,7,8,8,10,12,13,7,8,9,8,8,9,9,11,12,8,8,9,12,9,16,10,9,11,12,14,17,10,11,12,12,12,17,10,11,12,15,16,11,12,13,13,14,15,13,22,14,16,20,13,15,15,16,13,16,17,14,14,16,16,16,17,18,14,14,15,15,16,17,17,21,15,15,15,15,16,17,20,21,23,15,15,16,16,17,17,21,21,22,16,16,16,16,16,16,16,21,21,22,22,23,23,24,24,17,17,17,16,17,17,17,18,22,22,23,24,24,17,17,17,17,17,17,23,24,24,25,18,18,18,18,19,19,19,23,23,24,24,25,18,18,18,19,21,23,25,25,26,27,19,19,22,23,24,26,19,19,19,19,20,21,22,23,23,24,25,25,28,21,21,21,24,26,28,20,20,20,20,20,22,22,22,22,22,23,21,21,21,22,22,22,22,23,24,28,22,22,22,22,23,23,23,25
26,8,7,4,2,3,10,8,8,7,7,3,8,8,7,6,5,4,3,1,9,8,8,7,6,6,0,6,8,1,1,8,6,2,2,7,9,8,7,5,2,3,9,8,7,7,2,2,5,9,8,7,4,3,9,9,8,7,7,4,4,3,3,4,4,14,10,9,4,6,8,5,5,5,5,8,6,5,6,6,6,7,8,9,8,8,6,7,7,7,8,9,7,6,6,6,7,7,7,7,7,8,9,9,7,7,10,8,8,8,8,8,10,10,9,9,11,12,12,11,9,10,11,13,10,10,10,10,10,13,12,11,10,12,12,11,11,11,11,12,12,12,18,12,13,16,13,13,13,13,14,14,14,15,14,14,14,14,14,15,15,15,14,14,14,15,15,17,16,16,15,15,15,15,17,18,19,17,16,16,16,15,16,17,18,19,17,17,17,17,16,16,16,18,18,18,19,19,20,20,20,18,18,18,17,17,17,17,17,19,19,20,20,20,19,18,18,18,18,17,20,20,21,22,19,19,19,18,18,18,18,20,20,20,21,22,20,19,19,18,19,20,21,22,22,23,21,19,19,20,21,23,20,20,20,20,19,19,20,21,21,21,22,22,24,20,20,20,21,23,24,21,21,21,21,21,20,20,21,21,21,21,22,21,21,21,21,21,21,21,22,24,23,22,22,21,22,22,22,23
27,14,13,9,5,3,5,14,13,13,12,9,14,13,13,11,10,9,9,6,14,14,13,12,12,11,6,0,13,7,6,13,12,7,4,2,14,14,12,10,5,4,14,13,13,12,7,5,2,15,13,12,8,7,15,14,13,13,12,8,8,7,6,5,5,8,15,14,9,4,13,10,9,9,5,13,10,8,6,5,5,5,5,5,13,12,6,6,6,6,6,6,10,10,9,8,6,10,10,9,8,7,7,13,11,9,14,11,10,9,8,8,14,14,11,9,15,9,17,15,11,10,9,10,13,11,11,11,11,10,16,14,12,10,10,14,13,12,12,11,11,13,14,13,12,13,15,13,13,13,17,13,13,18,16,14,14,14,14,14,18,17,16,16,15,14,14,15,20,19,17,17,15,15,15,15,16,19,19,17,17,16,16,16,16,16,20,20,19,19,18,18,17,16,16,16,17,17,17,17,17,21,20,20,20,20,19,18,17,17,17,17,18,18,22,21,21,20,20,19,18,18,18,19,22,22,21,21,18,18,18,18,18,18,18,19,22,22,21,19,18,18,19,19,20,20,24,21,19,19,19,20,22,22,22,21,20,19,19,19,19,20,20,20,21,20,20,20,20,21,21,23,23,23,23,22,21,21,21,20,20,20,24,22,22,21,21,21,21,21,21,22,25,23,23,22,22,22,22,22
28,2,2,4,9,11,18,2,2,2,2,5,1,1,1,2,3,4,5,8,1,1,1,1,2,2,8,13,0,7,7,1,2,7,9,14,2,1,2,3,9,10,2,2,2,2,7,8,12,2,2,3,6,7,3,3,3,3,3,6,7,7,9,10,10,21,3,3,6,13,4,6,6,7,11,5,7,8,11,12,12,13,14,15,5,5,12,13,13,14,15,15,7,8,9,10,13,8,9,9,11,14,15,7,9,11,7,9,10,11,13,13,8,8,9,13,8,17,9,9,12,13,15,19,11,12,12,13,13,19,10,11,13,16,17,11,12,14,14,16,16,14,24,15,17,21,14,16,16,17,13,18,18,13,14,16,17,17,18,19,14,14,15,15,16,18,18,22,14,14,15,15,17,18,21,23,24,15,15,16,16,17,18,22,22,23,15,15,16,16,16,16,17,22,23,23,23,24,25,25,26,16,16,16,16,16,16,17,19,23,23,24,25,25,16,17,17,17,17,17,25,25,25,27,17,17,17,17,19,20,20,24,25,25,25,27,18,18,18,19,21,24,26,26,27,28,18,19,22,23,25,28,19,19,19,19,20,21,22,24,24,25,26,26,29,21,21,22,25,27,29,20,20,20,20,20,22,22,22,23,23,24,20,21,21,22,22,22,23,24,24,29,21,21,21,23,23,23,23,26
29,7,6,4,3,4,11,7,7,6,6,3,7,7,6,5,4,3,2,2,8,7,7,6,5,4,1,7,7,0,1,7,5,1,3,8,8,7,6,3,2,3,7,7,6,6,2,2,6,8,6,5,2,2,8,8,7,6,6,3,3,3,3,4,4,15,8,7,3,6,7,4,4,4,5,7,5,4,6,6,7,7,8,9,7,7,7,7,7,8,9,9,6,6,5,6,8,6,6,6,7,8,9,8,7,7,9,7,7,7,8,8,9,9,8,9,10,12,11,10,9,9,11,13,9,9,9,10,10,14,11,10,10,12,12,11,10,11,11,12,12,11,18,12,13,16,12,13,13,13,13,14,14,14,13,14,14,14,14,15,14,14,14,14,14,15,15,17,16,15,14,14,14,15,17,18,19,16,15,15,15,15,15,18,18,19,16,16,16,16,16,15,15,18,18,19,19,19,20,20,21,17,17,17,17,16,16,16,16,19,19,20,20,21,18,17,17,17,17,17,20,20,21,22,18,18,18,18,17,17,17,20,20,21,21,22,19,18,18,18,18,20,21,22,22,23,20,18,19,20,21,23,19,19,19,19,19,19,19,20,21,21,22,22,24,19,19,20,21,23,24,20,20,20,20,20,20,20,20,20,20,21,21,20,20,20,20,21,21,21,21,25,22,21,21,21,21,21,21,23
30,8,7,4,3,4,11,8,7,7,6,3,8,7,7,5,5,3,3,1,8,8,7,6,6,5,1,6,7,1,0,7,6,1,2,7,8,8,6,4,2,3,8,7,7,6,2,2,5,9,7,6,3,2,9,8,7,7,6,3,3,3,3,4,4,14,9,8,4,6,7,5,4,4,5,7,5,4,5,6,6,7,8,9,7,7,6,7,7,7,8,9,6,6,6,6,7,6,6,6,6,8,9,8,7,7,9,7,7,7,8,8,9,9,8,8,10,12,12,11,9,9,10,13,10,9,9,9,10,13,11,10,10,11,12,11,10,11,11,11,12,11,18,12,13,16,12,13,13,13,13,14,14,14,13,13,14,14,14,15,15,14,14,14,14,14,15,17,16,15,14,14,14,15,17,18,19,16,16,15,15,15,15,17,18,18,17,16,16,16,16,16,15,18,18,18,19,19,20,20,20,17,17,17,17,17,16,16,16,18,19,19,20,20,18,18,17,17,17,17,20,20,20,21,19,18,18,18,17,17,17,19,20,20,21,22,19,18,18,18,18,20,21,22,22,23,20,18,19,20,21,23,19,19,19,19,19,19,19,20,20,21,21,22,24,19,19,20,21,22,24,21,20,20,20,20,20,20,20,20,20,21,21,20,20,20,20,20,21,21,21,24,22,21,21,21,21,21,21,22
31,3,3,5,9,11,18,2,2,2,2,5,2,2,2,3,3,4,5,8,2,1,1,2,2,2,8,13,1,7,7,0,2,7,9,14,1,1,1,3,9,10,1,1,1,2,7,8,12,2,2,2,6,7,2,2,2,2,3,6,6,7,9,10,10,21,3,3,6,12,3,6,6,6,10,4,6,8,11,12,12,13,14,15,5,5,12,12,13,13,14,15,7,7,8,10,13,8,8,9,11,13,15,6,8,10,7,8,10,10,12,13,7,7,9,13,8,17,8,8,12,13,15,18,10,12,12,12,13,19,9,10,12,16,17,11,12,13,14,15,16,13,24,14,17,21,13,16,16,16,12,17,18,13,14,16,16,17,18,19,13,14,14,15,16,18,18,22,14,14,15,15,16,17,21,22,24,14,14,15,15,17,18,21,22,23,15,15,15,15,15,16,16,22,22,23,23,23,24,25,25,15,15,15,16,16,16,17,19,23,23,24,25,25,16,16,16,16,16,17,24,25,25,26,17,17,17,17,19,19,20,23,24,25,25,26,17,17,17,18,21,23,25,26,27,28,18,18,22,23,25,27,18,18,18,19,19,21,22,23,24,25,25,26,29,20,21,21,24,26,28,19,19,19,20,20,21,22,22,22,22,23,20,20,21,21,22,22,22,23,24,28,20,21,21,22,22,23,23,26
32,4,3,4,8,9,16,3,3,2,2,4,3,2,2,2,2,3,3,6,3,2,2,1,1,1,6,12,2,5,6,2,0,5,8,13,3,2,1,2,7,8,2,2,2,1,5,7,11,3,2,2,4,5,4,3,2,2,2,4,5,5,7,8,9,19,4,3,5,11,3,4,5,5,9,4,5,6,10,10,11,11,13,14,4,4,10,11,11,12,13,13,6,6,7,8,12,7,7,7,9,12,13,6,7,9,7,7,9,9,11,11,7,7,8,11,8,16,9,8,11,12,14,17,9,11,11,11,12,17,9,10,11,14,15,10,11,12,13,14,15,12,22,13,16,19,12,15,15,15,12,16,17,13,13,15,15,16,16,18,13,13,14,14,15,16,17,20,14,14,14,14,15,16,20,21,23,14,14,15,15,16,17,20,21,22,15,15,15,15,15,15,15,21,21,21,22,22,23,23,24,15,15,15,15,15,16,16,18,21,22,23,23,24,16,16,16,16,16,16,23,23,24,25,17,17,17,17,18,18,19,22,23,23,24,25,17,17,17,18,20,22,24,25,25,27,18,18,21,22,24,26,18,18,18,18,19,20,21,22,23,24,24,25,27,20,20,21,23,25,27,19,19,19,19,19,21,21,21,21,22,22,20,20,20,21,21,21,21,22,23,27,20,21,21,22,22,22,22,25
33,8,7,4,4,5,11,7,7,6,6,3,7,7,6,5,4,3,3,2,8,7,7,6,5,5,2,7,7,1,1,7,5,0,3,8,8,7,6,3,2,3,7,7,6,6,1,2,6,8,6,5,2,2,8,7,6,6,5,2,2,2,3,4,4,14,8,7,3,6,6,4,4,3,5,7,4,4,5,6,6,7,8,9,7,6,6,7,7,7,8,9,5,5,5,5,7,6,6,6,6,8,9,7,6,6,8,7,7,7,8,8,9,8,7,8,9,12,11,10,8,9,10,13,9,9,9,9,9,13,11,10,9,11,12,10,10,10,10,11,12,11,18,11,13,16,12,12,12,13,13,13,14,13,13,13,13,13,14,15,14,13,13,13,13,14,14,17,15,15,14,14,14,14,17,18,19,15,15,14,14,14,15,17,17,18,16,16,15,15,15,15,15,18,18,18,18,19,20,20,20,17,16,16,16,16,16,15,16,18,19,19,20,20,17,17,17,17,16,16,20,20,20,21,18,18,17,17,17,17,17,19,20,20,20,21,18,18,18,17,18,19,21,22,22,23,19,18,19,19,21,23,19,19,19,18,18,19,19,20,20,21,21,22,24,19,19,19,21,22,24,20,20,20,20,19,19,20,20,20,20,20,20,20,20,20,20,20,20,21,21,24,21,20,20,20,21,21,21,22
34,10,9,6,3,3,9,10,10,9,9,5,10,9,9,7,7,6,5,2,11,10,9,8,8,7,2,4,9,3,2,9,8,3,0,5,10,10,8,6,1,1,10,9,9,8,3,2,3,11,9,8,4,3,11,10,9,9,8,4,4,4,2,2,2,12,11,10,5,4,9,6,6,5,3,9,6,5,4,4,4,5,6,7,9,8,5,5,5,6,6,7,7,6,6,5,6,7,6,6,6,6,7,9,7,6,10,8,7,7,7,7,11,10,8,7,11,10,13,12,8,8,9,11,10,9,9,9,9,11,12,11,9,10,10,11,10,10,10,10,10,11,16,11,11,14,12,12,12,12,14,12,13,15,13,13,13,13,13,13,15,14,14,14,13,13,13,15,16,16,14,14,14,14,15,16,17,16,16,15,15,14,14,16,16,17,17,17,16,16,16,15,15,16,16,17,17,17,18,18,18,18,17,17,17,17,16,16,15,17,17,18,18,19,18,18,18,17,17,17,18,18,19,20,19,19,18,18,16,17,17,18,18,19,19,20,19,19,18,17,17,18,19,20,20,21,20,18,18,18,19,21,20,20,19,19,18,18,18,19,19,20,20,20,22,19,19,19,20,21,22,21,21,20,20,20,19,19,19,19,19,20,21,20,20,20,20,20,20,20,20,23,22,21,21,20,20,20,20,21
35,15,14,11,6,5,4,15,14,14,13,10,15,14,14,12,12,11,10,7,15,15,14,13,13,12,7,2,14,8,7,14,13,8,5,0,15,15,13,11,6,4,15,14,14,13,8,6,2,15,14,13,9,8,16,15,14,13,13,9,9,8,6,5,5,7,16,15,9,4,14,10,10,9,6,14,10,9,5,5,5,4,4,4,13,13,6,5,5,5,4,4,11,10,9,8,5,10,10,9,7,6,6,14,11,9,14,11,10,9,8,7,15,14,11,8,15,8,17,16,10,9,8,9,13,11,11,10,10,9,16,14,11,9,9,14,13,11,11,10,10,12,13,12,11,11,14,12,12,12,17,12,12,18,15,13,13,13,13,13,18,16,16,16,14,13,13,13,19,19,17,16,15,14,14,14,15,19,19,17,17,15,15,14,14,15,20,20,19,19,18,18,17,15,15,15,15,15,16,16,16,21,20,20,20,19,19,17,16,16,16,16,16,16,21,21,20,20,20,19,16,17,17,17,22,21,21,20,17,17,17,17,17,17,17,18,22,21,21,18,17,17,18,18,18,19,23,20,18,18,18,19,22,22,22,21,20,19,18,18,18,18,18,19,20,20,19,19,19,19,20,23,23,22,22,22,20,20,20,20,19,19,23,22,22,21,21,20,20,20,20,21,25,23,22,21,21,21,21,20
36,3,4,6,10,12,19,3,3,3,4,6,2,2,3,4,4,5,6,9,2,2,2,3,3,4,9,14,2,8,8,1,3,8,10,15,0,1,2,4,10,11,1,1,2,2,8,9,13,1,2,3,7,8,2,2,2,3,3,7,7,8,9,11,11,22,2,2,7,13,4,6,7,7,11,4,7,8,12,13,13,14,15,16,5,5,13,13,14,14,15,16,7,8,9,10,14,8,9,9,12,14,16,6,9,11,7,9,10,11,13,14,7,7,9,13,7,18,8,8,12,13,16,19,10,12,12,13,13,19,9,10,13,16,17,11,12,14,14,16,17,14,25,14,17,21,13,16,16,17,12,18,18,13,14,16,17,17,18,19,13,14,14,15,16,18,18,22,13,13,15,15,16,18,22,23,25,14,14,15,15,17,18,22,22,24,14,15,15,15,15,16,16,22,23,23,24,24,25,25,26,15,15,15,15,15,16,17,19,23,23,24,25,26,15,16,16,16,16,16,25,25,26,27,16,16,16,16,19,19,20,24,25,25,25,27,17,17,17,18,21,24,26,27,27,28,17,18,22,23,25,28,18,18,18,18,19,21,22,24,24,25,26,26,29,20,21,22,25,27,29,19,19,19,19,19,21,22,22,22,23,24,20,20,20,21,22,22,22,23,24,29,20,21,21,22,22,23,23,26
37,3,3,6,10,11,18,3,3,3,3,6,2,2,2,4,4,5,5,9,2,2,2,2,3,3,8,14,1,7,8,1,2,7,10,15,1,0,2,4,9,10,1,1,1,2,7,9,13,1,2,2,6,7,2,2,2,2,3,6,7,7,9,10,11,22,2,2,6,13,3,6,6,7,11,4,6,8,11,12,13,13,15,16,4,5,12,13,13,14,15,15,7,7,8,10,13,8,8,9,11,14,15,6,8,10,6,8,10,10,13,13,7,7,9,13,7,17,8,8,12,13,15,19,10,12,12,12,13,19,9,10,12,16,17,11,12,13,14,15,16,13,24,14,17,21,13,16,16,16,12,17,18,12,14,16,16,17,18,19,13,14,14,14,16,18,18,22,13,13,14,15,16,17,21,22,24,14,14,15,15,17,18,21,22,23,14,14,15,15,15,15,16,22,22,23,23,24,24,25,25,15,15,15,15,15,15,16,18,23,23,24,25,25,15,15,16,16,16,16,24,25,25,26,16,16,16,16,19,19,19,23,24,25,25,26,17,17,17,18,21,23,25,26,27,28,17,18,22,23,25,27,18,18,18,18,19,21,22,23,24,25,25,26,29,20,20,21,24,26,29,19,19,19,19,19,21,21,22,22,22,23,19,20,20,21,21,22,22,23,24,28,20,20,21,22,22,22,23,25
38,4,3,4,8,10,17,3,3,3,3,4,3,2,2,2,3,4,4,7,3,2,2,2,2,2,7,12,2,6,6,1,1,6,8,13,2,2,0,2,8,9,2,1,1,1,6,7,11,2,1,1,5,6,3,2,2,2,2,5,5,6,7,8,9,20,3,2,5,11,3,4,5,5,9,3,5,6,10,10,11,11,13,14,4,4,11,11,12,12,13,14,6,6,7,8,12,7,7,7,10,12,14,6,7,9,6,7,9,9,11,12,7,7,8,11,7,16,8,8,11,12,14,17,9,11,11,11,12,17,9,9,11,15,15,10,11,12,12,14,15,12,23,13,16,20,12,14,15,15,12,16,17,12,13,15,15,16,16,18,13,13,13,14,15,16,17,20,13,13,14,14,15,16,20,21,23,14,14,14,14,16,17,20,21,22,14,14,14,14,15,15,15,21,21,21,22,22,23,24,24,15,15,15,15,15,15,16,18,21,22,23,23,24,15,15,15,15,15,16,23,23,24,25,16,16,16,16,18,18,18,22,23,23,24,25,17,17,17,18,20,22,24,25,25,27,17,17,21,22,24,26,18,18,18,18,18,20,21,22,23,24,24,25,27,20,20,20,23,25,27,19,19,19,19,19,20,21,21,21,21,22,19,20,20,21,21,21,21,22,23,27,20,20,20,21,21,22,22,24
39,5,4,3,6,8,15,5,4,4,4,3,4,4,4,2,2,2,2,5,5,4,4,3,2,2,5,10,3,3,4,3,2,3,6,11,4,4,2,0,5,7,4,3,3,2,3,5,9,5,3,2,2,3,5,4,3,3,2,3,3,4,5,6,7,18,5,4,3,9,4,3,3,4,7,4,4,5,8,8,9,9,11,12,4,4,9,9,10,10,11,12,5,5,6,7,10,5,6,6,8,10,12,6,6,7,6,6,7,7,9,10,7,7,7,10,7,14,9,8,9,10,12,15,8,9,10,10,10,16,9,9,10,13,14,9,10,11,11,12,13,11,21,12,14,18,11,13,13,14,12,15,15,12,12,14,14,14,15,16,13,13,13,13,14,15,15,19,13,13,13,13,14,15,18,19,21,14,14,14,14,15,15,19,19,20,14,14,14,14,14,14,15,19,19,20,20,21,21,22,22,15,15,15,15,15,15,15,16,20,20,21,22,22,16,16,15,15,15,15,21,22,22,23,16,16,16,16,17,17,17,21,21,22,22,23,17,17,17,17,19,21,23,23,24,25,18,17,20,21,22,25,18,18,18,18,18,19,20,21,21,22,23,23,26,19,19,20,22,24,26,19,19,19,19,19,20,20,20,20,20,21,19,19,19,20,20,20,20,21,22,26,20,20,20,21,21,21,21,23
40,10,9,6,3,4,9,10,9,9,8,5,10,9,9,7,6,5,5,2,10,9,9,8,7,7,2,5,9,2,2,9,7,2,1,6,10,9,8,5,0,1,9,9,8,8,2,1,3,10,8,7,3,2,10,9,8,8,7,4,3,3,2,2,2,12,10,9,4,4,8,5,5,4,3,8,5,4,4,4,4,5,6,7,8,8,4,5,5,5,6,7,6,6,5,4,6,6,6,5,5,6,7,9,6,6,9,7,6,6,6,6,10,9,7,7,11,10,12,11,8,8,9,11,9,8,8,8,8,11,11,10,9,10,10,10,10,9,9,10,10,10,16,10,11,14,11,11,11,11,13,12,12,14,13,12,12,12,13,13,14,13,13,13,13,13,13,15,16,15,14,14,13,13,15,16,17,15,15,14,14,14,14,15,16,17,16,16,16,16,15,15,15,16,16,17,17,17,18,18,18,17,17,16,16,16,16,15,15,17,17,18,18,18,18,17,17,17,17,16,18,18,19,20,18,18,18,17,16,16,16,18,18,18,19,20,19,18,18,17,17,18,19,20,20,21,20,18,18,18,19,21,19,19,19,18,18,18,18,19,19,19,20,20,22,18,18,18,19,21,22,20,20,20,19,19,19,19,19,19,19,19,20,20,20,19,19,19,19,20,20,22,21,20,20,20,20,20,20,21
41,11,10,7,3,3,8,11,10,10,9,6,11,10,10,8,7,6,6,3,11,11,10,9,8,8,3,4,10,3,3,10,8,3,1,4,11,10,9,7,1,0,10,10,9,9,3,2,2,11,9,8,5,3,11,11,9,9,8,5,4,4,2,2,2,11,11,10,5,3,9,6,6,5,3,9,6,5,3,3,4,4,5,6,9,9,4,4,4,5,5,6,7,6,6,5,5,7,6,6,5,5,6,9,7,6,10,8,7,6,6,6,11,10,8,7,11,9,13,12,8,8,8,10,10,9,8,8,8,11,12,10,9,9,10,11,10,9,9,9,10,10,15,11,11,13,12,11,11,11,14,12,12,14,13,12,12,12,12,13,15,14,13,13,13,13,13,15,16,16,14,14,13,13,15,15,16,16,16,15,14,14,14,15,15,16,17,17,16,16,16,15,15,16,16,16,16,17,17,17,18,18,17,17,17,16,16,15,15,16,16,17,18,18,18,18,17,17,17,16,17,18,18,19,19,18,18,18,16,16,16,17,18,18,18,19,19,18,18,17,17,18,19,19,20,20,20,18,17,18,19,20,19,19,19,19,18,18,18,18,18,19,19,19,21,18,18,18,19,20,22,20,20,20,20,20,19,19,19,19,19,19,21,20,20,19,19,19,19,19,20,22,22,21,20,20,20,20,20,21
42,4,4,6,10,12,19,3,3,3,4,6,3,3,3,4,4,5,6,9,2,2,2,3,3,4,9,14,2,7,8,1,2,7,10,15,1,1,2,4,9,10,0,1,1,2,7,9,13,1,1,2,6,7,1,1,2,2,2,6,7,7,9,10,11,21,2,2,6,13,3,5,6,6,11,3,6,8,11,12,12,13,15,16,4,4,12,13,13,14,15,15,7,7,8,10,13,7,8,8,11,13,15,6,8,10,6,8,9,10,12,13,6,7,9,13,7,17,7,7,11,13,15,18,9,11,12,12,13,19,9,10,12,16,17,10,11,13,13,15,16,13,24,14,16,21,12,15,16,16,11,17,18,12,13,16,16,16,17,18,12,13,14,14,15,17,18,21,13,13,14,14,16,17,21,22,24,13,13,14,15,16,17,21,22,23,14,14,14,14,14,15,15,21,22,22,23,23,24,25,25,14,14,14,15,15,15,16,18,22,23,24,24,25,15,15,15,15,15,16,24,24,25,26,15,15,15,16,18,19,19,23,24,24,25,26,16,16,16,18,20,23,25,26,26,28,17,17,21,23,25,27,17,17,17,18,18,20,21,23,23,25,25,25,28,20,20,21,24,26,28,18,18,18,19,19,21,21,21,22,22,23,19,19,20,21,21,21,21,23,23,28,19,20,20,21,22,22,22,25
43,4,4,5,10,11,18,3,3,3,3,6,3,3,3,4,4,5,5,8,2,2,2,2,3,3,8,13,2,7,7,1,2,7,9,14,1,1,1,3,9,10,1,0,1,1,7,8,12,1,1,2,6,7,2,1,1,2,2,6,6,7,8,9,10,21,2,2,6,12,2,5,5,6,10,3,6,7,11,11,12,12,14,15,4,4,11,12,13,13,14,15,6,7,8,9,13,7,7,8,10,13,14,5,7,10,6,7,9,9,12,12,6,6,8,12,7,17,7,7,11,12,15,18,9,11,11,12,12,18,8,9,12,15,16,10,11,12,13,15,15,12,23,13,16,20,12,15,15,16,11,16,17,12,13,15,16,16,17,18,12,13,13,14,15,17,17,21,13,13,14,14,15,16,20,22,23,13,13,14,14,16,17,21,21,22,14,14,14,14,14,15,15,21,21,22,22,23,24,24,25,14,14,14,14,15,15,16,18,22,22,23,24,24,15,15,15,15,15,15,23,24,24,26,15,15,15,16,18,18,19,23,23,24,24,26,16,16,16,17,20,23,25,25,26,27,17,17,21,22,24,27,17,17,17,17,18,20,21,23,23,24,25,25,28,19,20,20,23,26,28,18,18,18,18,19,20,21,21,21,22,22,19,19,19,20,21,21,21,22,23,28,19,20,20,21,21,22,22,25
44,4,4,5,9,11,17,3,3,3,3,5,3,3,3,3,4,4,5,8,3,2,2,2,2,3,7,13,2,6,7,1,2,6,9,14,2,1,1,3,8,9,1,1,0,1,6,8,12,2,1,1,5,6,2,2,1,1,2,5,6,6,8,9,9,20,2,2,5,12,2,4,5,5,10,3,5,7,10,11,11,12,13,15,3,4,11,11,12,13,14,14,6,6,7,9,12,7,7,7,10,12,14,5,7,9,6,7,9,9,11,12,6,6,8,12,7,16,7,7,11,12,14,17,9,11,11,11,12,18,8,9,11,15,16,10,11,12,12,14,15,12,23,13,16,20,12,14,15,15,11,16,17,12,13,15,15,16,16,18,12,13,13,13,15,16,17,20,13,13,13,14,15,16,20,21,23,13,13,14,14,16,16,20,21,22,14,14,14,14,14,14,15,21,21,21,22,22,23,24,24,14,14,14,14,14,15,16,17,21,22,23,24,24,15,15,15,15,15,15,23,23,24,25,15,15,15,15,18,18,18,22,23,23,24,25,16,16,16,17,20,22,24,25,25,27,17,17,21,22,24,26,17,17,17,17,18,20,21,22,23,24,24,25,27,19,19,20,23,25,27,18,18,18,18,18,20,20,21,21,21,22,19,19,19,20,20,21,21,22,23,27,19,20,20,21,21,21,22,24
45,4,4,5,9,10,17,4,3,3,3,5,3,3,3,3,3,4,4,7,3,3,2,2,2,2,7,12,2,6,6,2,1,6,8,13,2,2,1,2,8,9,2,1,1,0,6,7,11,2,1,1,4,6,2,2,1,1,1,5,5,6,7,8,9,20,3,2,5,11,2,4,4,5,9,3,5,6,10,10,11,11,13,14,3,3,10,11,11,12,13,14,5,6,7,8,12,6,7,7,9,12,13,5,7,9,6,7,8,9,11,11,6,6,7,11,7,16,7,7,10,11,14,17,9,10,11,11,11,17,8,9,11,14,15,9,10,12,12,14,15,12,22,13,15,19,12,14,14,15,11,16,16,12,12,15,15,15,16,17,12,13,13,13,14,16,16,20,13,13,13,13,15,16,20,21,23,13,13,14,14,15,16,20,20,22,14,14,14,14,14,14,15,20,21,21,21,22,23,23,24,14,14,14,14,14,15,15,17,21,21,22,23,24,15,15,15,15,15,15,23,23,23,25,15,15,15,15,17,18,18,22,23,23,23,25,16,16,16,17,19,22,24,25,25,26,17,17,20,21,23,26,17,17,17,17,18,19,20,22,22,23,24,24,27,19,19,20,23,25,27,18,18,18,18,18,20,20,20,21,21,22,19,19,19,20,20,20,21,22,22,27,19,20,20,21,21,21,21,24
46,8,7,5,4,5,12,8,7,7,6,4,8,7,7,5,5,4,4,3,8,7,7,6,5,5,2,7,7,2,2,7,5,1,3,8,8,7,6,3,2,3,7,7,6,6,0,2,5,8,6,5,1,1,8,7,6,6,5,2,1,1,2,3,3,14,8,7,2,6,6,3,3,2,4,6,3,3,5,5,6,6,8,9,6,6,5,6,6,7,8,8,4,4,4,4,7,5,4,4,5,7,8,7,5,5,7,6,6,6,7,7,8,7,6,7,9,11,10,9,7,8,9,12,8,8,8,8,8,13,10,9,8,10,11,9,9,9,9,10,11,9,18,10,12,15,10,11,11,12,12,12,13,12,12,12,12,12,13,14,13,12,12,12,12,13,13,16,14,14,13,13,13,13,16,17,18,14,14,13,13,13,14,16,16,18,15,15,14,14,14,14,14,17,17,17,18,18,19,19,19,16,15,15,15,15,15,14,15,17,18,18,19,19,16,16,16,15,15,15,19,19,20,21,17,17,16,16,16,16,16,18,19,19,20,21,17,17,17,16,17,18,20,21,21,22,18,17,18,18,20,22,18,18,17,17,17,17,18,19,19,20,20,21,23,18,18,18,20,21,23,19,19,19,18,18,18,18,19,19,19,19,19,19,19,19,19,19,19,19,20,23,20,19,19,19,19,20,20,21
47,10,9,6,4,4,10,9,9,8,8,5,9,9,8,7,6,5,5,3,10,9,9,7,7,6,2,5,8,2,2,8,7,2,2,6,9,9,7,5,1,2,9,8,8,7,2,0,4,9,8,7,3,2,9,9,8,7,7,3,2,2,1,2,2,13,9,8,3,4,7,4,4,4,3,8,4,3,4,4,4,5,6,7,7,7,4,5,5,5,6,7,5,5,4,4,5,5,5,5,5,6,7,8,6,5,9,6,6,6,6,6,9,9,7,6,10,10,11,10,7,7,8,11,8,8,8,8,8,11,11,9,8,9,10,10,9,9,9,9,10,9,16,10,11,14,11,11,11,11,12,12,12,13,12,12,12,12,12,13,14,13,12,12,12,13,13,15,15,14,13,13,13,13,15,16,17,15,15,14,13,13,13,15,16,16,15,15,15,15,14,14,14,16,16,16,17,17,18,18,18,16,16,16,16,15,15,14,14,17,17,17,18,18,17,16,16,16,16,15,18,18,18,20,18,17,17,17,15,15,16,17,18,18,19,20,18,17,17,16,16,18,19,20,20,21,19,17,17,18,19,21,18,18,18,18,17,17,17,18,18,19,19,20,22,18,18,18,19,20,22,19,19,19,19,19,18,18,18,18,18,19,20,19,19,19,19,19,19,19,19,22,21,20,20,19,19,19,19,21
48,13,12,9,5,4,7,13,13,12,11,8,13,12,12,10,10,9,8,5,13,13,12,11,11,10,5,2,12,6,5,12,11,6,3,2,13,13,11,9,3,2,13,12,12,11,5,4,0,13,12,10,7,6,13,13,12,11,11,7,6,6,4,3,2,9,13,12,7,2,11,8,7,7,3,11,8,6,3,3,3,3,3,4,11,10,3,3,3,3,4,4,8,8,7,5,4,8,7,7,5,4,5,11,8,6,12,9,7,7,6,6,12,12,9,6,13,7,15,13,8,7,7,8,11,9,9,8,8,9,13,11,9,8,8,12,10,9,9,9,9,10,13,10,10,11,12,11,11,10,14,11,11,15,13,12,12,12,12,12,16,14,14,14,13,12,12,13,17,16,15,14,13,13,13,14,15,17,16,15,15,14,13,14,14,15,18,17,17,17,16,15,15,14,14,15,15,15,15,16,16,18,18,18,17,17,17,15,14,15,15,16,16,16,19,18,18,18,18,17,16,16,16,17,20,19,19,18,16,16,15,16,16,17,17,17,20,19,19,17,16,16,17,18,18,19,21,18,17,17,17,19,20,20,19,19,18,17,17,17,17,18,18,18,20,18,18,18,18,19,20,21,21,20,20,20,18,18,18,18,18,18,21,20,20,19,19,19,19,19,19,20,22,21,21,20,19,19,19,20
49,4,5,7,11,12,19,4,4,4,4,7,3,3,4,5,5,6,6,9,3,3,3,4,4,4,9,15,2,8,9,2,3,8,11,15,1,1,2,5,10,11,1,1,2,2,8,9,13,0,2,3,7,8,1,1,2,2,3,7,7,8,9,10,11,22,1,2,7,13,3,6,6,7,11,3,6,8,12,12,13,13,15,16,4,4,12,13,13,14,15,16,7,7,8,10,14,8,8,9,11,14,15,5,8,10,6,8,10,10,13,13,6,6,9,13,6,18,7,7,11,13,15,19,9,11,12,12,13,19,8,9,12,16,17,10,11,13,13,15,16,13,24,14,17,21,12,15,16,16,11,17,18,11,13,16,16,16,17,18,12,13,13,14,15,17,18,22,12,12,14,14,16,17,21,22,24,13,13,14,14,16,17,21,22,23,13,13,14,14,14,15,15,22,22,22,23,23,24,25,25,14,14,14,14,14,15,16,18,22,23,24,25,25,14,14,15,15,15,15,24,24,25,26,15,15,15,15,18,18,19,23,24,24,25,26,15,16,16,17,20,23,25,26,26,28,16,17,21,23,25,27,17,17,17,17,18,20,21,23,23,25,25,25,28,19,20,21,24,26,28,18,18,18,18,18,20,21,21,21,22,23,18,19,19,20,21,21,21,22,23,28,19,19,20,21,21,22,22,25
50,5,4,6,9,11,18,4,4,4,4,5,3,3,3,4,4,5,5,8,3,3,3,3,3,3,8,13,2,6,7,2,2,6,9,14,2,2,1,3,8,9,1,1,1,1,6,8,12,2,0,1,5,6,2,1,1,1,1,5,6,6,8,9,9,20,2,1,5,12,2,4,5,5,9,2,5,6,10,11,11,12,13,14,3,3,11,11,12,12,13,14,5,6,7,8,12,6,7,7,10,12,14,5,7,9,5,7,8,9,11,12,6,6,7,11,6,16,7,7,10,11,14,17,8,10,11,11,11,17,8,9,11,14,15,9,10,12,12,14,15,12,23,12,15,19,11,14,14,15,11,16,16,11,12,14,15,15,16,17,12,12,13,13,14,16,16,20,12,12,13,13,15,16,20,21,23,13,13,13,14,15,16,20,20,22,13,13,13,13,14,14,14,20,21,21,22,22,23,23,24,14,14,14,14,14,14,15,17,21,21,22,23,24,14,14,14,14,14,15,23,23,24,25,15,15,15,15,17,18,18,22,23,23,23,25,15,15,15,17,19,22,24,25,25,26,16,16,20,21,23,26,17,17,17,17,18,19,20,22,22,23,24,24,27,19,19,20,23,25,27,18,18,18,18,18,20,20,20,20,21,22,18,19,19,20,20,20,20,22,22,27,19,19,19,20,21,21,21,24
51,5,5,5,8,10,17,4,4,4,4,5,4,4,3,3,3,4,4,7,4,4,3,3,3,3,7,12,3,5,6,2,2,5,8,13,3,2,1,2,7,8,2,2,1,1,5,7,10,3,1,0,4,5,3,2,1,1,1,4,4,5,7,8,8,19,3,2,4,11,2,3,4,4,8,2,4,5,9,10,10,11,12,13,3,3,10,10,11,11,12,13,5,5,6,7,11,5,6,6,9,11,13,4,6,8,5,6,7,8,10,11,5,6,7,10,6,15,7,7,9,11,13,16,8,9,10,10,11,16,8,8,10,13,14,9,10,11,11,13,14,11,22,12,14,18,11,13,14,14,11,15,16,11,12,14,14,14,15,16,12,12,12,12,14,15,16,19,12,12,13,13,14,15,19,20,22,13,13,13,13,15,15,19,20,21,13,13,13,13,13,14,14,19,20,20,21,21,22,22,23,14,14,14,14,14,14,15,16,20,21,21,22,23,14,14,14,14,14,15,22,22,23,24,15,15,15,15,17,17,17,21,22,22,23,24,15,15,15,16,19,21,23,24,24,26,16,16,20,21,23,25,16,17,17,17,17,19,20,21,21,23,23,23,26,18,18,19,22,24,26,18,18,18,18,18,19,19,20,20,20,21,18,18,19,19,20,20,20,21,22,26,19,19,19,20,20,20,21,23
52,7,7,5,6,7,13,7,7,6,6,4,7,6,6,5,4,4,3,4,7,7,6,5,5,4,4,8,6,2,3,6,4,2,4,9,7,6,5,2,3,5,6,6,5,4,1,3,7,7,5,4,0,1,7,6,5,4,4,1,1,1,3,4,4,15,7,6,1,7,5,2,2,2,5,5,2,2,5,6,6,7,9,10,5,4,6,7,7,8,9,9,3,3,3,4,7,4,4,4,5,8,9,5,4,5,6,5,5,5,7,7,7,6,5,7,7,12,9,8,7,8,10,13,7,7,8,8,8,13,9,8,8,11,11,8,8,9,9,10,11,9,18,10,12,15,10,11,11,12,11,12,13,11,11,12,12,12,13,14,12,12,12,12,12,13,13,16,13,13,12,12,13,13,16,17,19,13,13,13,13,13,14,16,17,18,14,14,14,13,13,13,13,17,17,18,18,18,19,19,20,15,14,14,14,14,14,14,15,18,18,19,19,20,15,15,15,15,15,14,19,19,20,21,16,16,15,15,15,15,16,18,19,20,20,21,16,16,16,15,17,19,20,21,21,23,17,16,18,18,20,22,17,17,17,17,17,17,18,19,19,20,20,21,23,17,17,18,20,22,23,18,18,18,18,18,18,18,18,18,19,19,18,18,18,18,18,19,19,19,20,23,19,19,19,19,19,19,19,21
53,8,7,5,5,6,12,8,8,7,7,4,8,7,7,6,5,4,4,3,8,8,7,6,6,5,3,7,7,2,2,7,5,2,3,8,8,7,6,3,2,3,7,7,6,6,1,2,6,8,6,5,1,0,8,7,6,6,5,1,1,1,2,3,3,14,8,7,2,6,6,3,2,2,4,6,3,2,4,5,5,6,7,9,6,5,5,6,6,7,8,8,4,3,3,4,6,4,4,4,5,7,8,6,5,5,7,5,5,5,6,7,7,7,6,7,8,11,10,9,7,7,9,12,7,7,7,7,8,12,9,8,8,10,11,9,8,9,9,10,10,9,17,10,11,14,10,11,11,11,11,12,12,12,11,11,12,12,12,13,12,12,12,12,12,13,13,16,14,13,12,12,12,13,15,16,18,14,13,13,13,13,13,16,16,17,14,14,14,14,13,13,13,16,16,17,17,18,18,19,19,15,15,15,14,14,14,14,14,17,17,18,19,19,16,15,15,15,15,14,18,19,19,20,16,16,16,15,15,15,15,18,18,19,19,20,17,16,16,15,16,18,20,20,21,22,18,16,17,18,19,21,17,17,17,17,16,17,17,18,19,20,20,20,23,17,17,17,19,21,23,18,18,18,18,18,18,18,18,18,18,19,19,18,18,18,18,18,18,19,19,23,20,19,19,19,19,19,19,21
54,5,5,7,11,13,19,4,5,5,5,7,4,4,4,5,5,6,7,10,3,3,3,4,4,5,9,15,3,8,9,2,4,8,11,16,2,2,3,5,10,11,1,2,2,2,8,9,13,1,2,3,7,8,0,1,2,2,3,7,7,8,9,10,11,22,1,1,7,13,2,6,6,7,11,3,6,8,12,12,13,13,15,16,4,4,12,13,13,14,15,16,7,7,8,10,13,7,8,8,11,14,15,5,8,10,5,7,9,10,12,13,6,6,8,13,6,17,6,6,11,13,15,19,9,11,11,12,12,19,8,9,12,15,16,9,11,13,13,15,16,12,24,13,16,21,12,15,15,16,11,16,17,11,12,15,16,16,17,18,11,12,13,13,15,17,17,21,12,12,13,13,15,16,21,22,24,12,13,14,14,16,17,21,21,23,13,13,13,13,14,14,15,21,22,22,23,23,24,24,25,13,13,13,14,14,14,15,18,22,22,23,24,25,14,14,14,14,14,15,24,24,25,26,14,14,14,15,18,18,18,23,24,24,24,26,15,15,15,17,20,23,25,26,26,27,15,16,21,22,24,27,16,16,16,17,18,20,21,23,23,24,25,25,28,19,19,20,23,26,28,17,17,17,18,18,20,20,21,21,21,22,18,19,19,20,20,20,21,22,23,28,18,19,19,21,21,21,22,25
55,5,5,7,11,12,19,4,4,5,5,7,4,4,4,5,5,6,6,9,3,3,3,4,4,4,9,14,3,8,8,2,3,7,10,15,2,2,2,4,9,11,1,1,2,2,7,9,13,1,1,2,6,7,1,0,1,2,2,6,7,7,9,10,10,21,1,1,6,13,2,5,6,6,11,2,6,7,11,12,12,13,14,15,3,4,12,12,13,13,14,15,6,7,8,9,13,7,7,8,10,13,15,5,7,10,5,7,9,9,12,12,5,6,8,12,6,17,6,6,11,12,15,18,9,11,11,11,12,18,7,9,11,15,16,9,11,12,13,14,15,12,23,13,16,20,11,14,15,15,10,16,17,11,12,15,15,16,16,18,11,12,13,13,14,16,17,21,12,12,13,13,15,16,20,22,23,12,12,13,14,15,16,20,21,22,13,13,13,13,13,14,14,21,21,22,22,23,23,24,24,13,13,13,13,14,14,15,17,22,22,23,24,24,14,14,14,14,14,15,23,24,24,25,14,14,14,15,17,18,18,22,23,24,24,25,15,15,15,17,20,22,24,25,26,27,15,16,21,22,24,26,16,16,16,17,17,19,20,22,23,24,24,25,28,19,19,20,23,25,27,17,17,17,17,18,20,20,20,21,21,22,18,18,19,20,20,20,20,22,22,27,18,19,19,20,21,21,21,24
56,5,5,6,10,11,18,5,4,4,4,6,4,4,4,4,4,5,5,8,4,3,3,3,3,4,8,13,3,7,7,2,2,6,9,14,2,2,2,3,8,9,2,1,1,1,6,8,12,2,1,1,5,6,2,1,0,1,1,5,6,6,8,9,9,20,2,1,5,12,1,4,5,5,9,2,5,6,10,11,11,12,13,14,2,3,11,11,12,12,13,14,5,6,7,8,12,6,6,7,9,12,14,4,6,9,5,6,8,8,11,11,5,5,7,11,6,16,6,6,10,11,14,17,8,10,10,11,11,17,7,8,11,14,15,9,10,11,12,13,14,11,22,12,15,19,11,14,14,14,10,15,16,11,12,14,14,15,16,17,11,12,12,12,14,16,16,20,12,12,12,13,14,15,19,21,22,12,12,13,13,15,16,20,20,21,13,13,13,13,13,13,14,20,20,21,21,22,23,23,23,13,13,13,13,13,14,15,16,21,21,22,23,23,14,14,14,14,14,14,22,23,23,25,14,14,14,14,17,17,17,21,22,23,23,24,15,15,15,16,19,21,23,24,25,26,15,16,20,21,23,26,16,16,16,16,17,19,20,21,22,23,23,24,27,18,18,19,22,25,27,17,17,17,17,17,19,19,20,20,20,21,18,18,18,19,19,20,20,21,22,26,18,19,19,20,20,20,21,23
57,5,5,6,9,11,17,5,5,4,4,5,4,4,4,4,4,5,5,8,4,4,3,3,3,3,7,13,3,6,7,2,2,6,9,13,3,2,2,3,8,9,2,2,1,1,6,7,11,2,1,1,4,6,2,2,1,0,1,4,5,6,7,8,9,20,2,1,4,11,1,3,4,5,9,2,4,6,9,10,11,11,13,14,2,2,10,11,11,12,13,13,5,5,6,8,11,5,6,6,9,11,13,4,6,8,4,6,7,8,10,11,5,5,7,11,6,15,6,6,9,11,13,17,8,9,10,10,11,17,7,8,10,14,15,8,9,11,11,13,14,11,22,12,15,19,11,13,14,14,10,15,16,11,11,14,14,14,15,16,11,11,12,12,13,15,16,19,12,12,12,12,14,15,19,20,22,12,12,13,13,14,15,19,20,21,13,13,13,13,13,13,14,20,20,20,21,21,22,23,23,13,13,13,13,13,13,14,16,20,21,22,22,23,14,14,14,14,14,14,22,22,23,24,14,14,14,14,17,17,17,21,22,22,23,24,15,15,15,16,18,21,23,24,24,26,16,16,20,21,23,25,16,16,16,16,17,18,19,21,21,23,23,23,26,18,18,19,22,24,26,17,17,17,17,17,19,19,19,20,20,21,18,18,18,19,19,19,20,21,21,26,18,18,19,20,20,20,20,23
58,5,5,5,9,10,17,5,5,5,4,5,4,4,4,4,4,4,5,7,4,4,4,3,3,3,7,12,3,6,6,3,2,5,8,13,3,3,2,2,7,8,2,2,2,1,5,7,11,3,1,1,4,5,3,2,1,1,0,4,4,5,7,8,8,19,3,2,4,10,1,3,3,4,8,2,4,5,9,9,10,11,12,13,2,2,10,10,11,11,12,13,4,5,6,7,11,5,6,6,8,11,13,4,5,8,4,6,7,7,10,10,5,5,6,10,6,15,6,6,9,10,13,16,7,9,9,10,10,16,7,8,10,13,14,8,9,11,11,13,13,11,21,11,14,18,10,13,13,14,10,14,15,10,11,13,14,14,15,16,11,11,12,12,13,15,15,19,12,12,12,12,14,15,18,20,22,12,12,13,13,14,15,19,19,20,13,13,13,13,13,13,13,19,20,20,20,21,22,22,23,13,13,13,13,13,13,14,16,20,20,21,22,22,14,14,14,14,14,14,21,22,22,24,14,14,14,14,16,17,17,21,21,22,22,24,15,15,15,16,18,21,23,23,24,25,16,16,19,20,22,25,16,16,16,16,17,18,19,21,21,22,23,23,26,18,18,19,21,24,26,17,17,17,17,17,19,19,19,19,20,21,18,18,18,19,19,19,19,20,21,26,18,18,18,20,20,20,20,23
59,8,7,5,6,7,13,7,7,7,6,5,7,7,6,5,5,4,4,4,7,7,6,5,5,5,4,8,6,3,3,6,4,2,4,9,7,6,5,3,4,5,6,6,5,5,2,3,7,7,5,4,1,1,7,6,5,4,4,0,1,1,3,4,4,15,7,6,1,7,5,2,1,1,5,5,2,2,5,6,6,7,8,9,4,4,6,6,7,7,9,9,3,3,3,4,7,3,3,3,5,7,9,5,4,5,6,4,5,5,7,7,6,6,5,7,7,11,9,7,7,7,9,13,7,7,7,7,8,13,8,7,8,10,11,8,8,8,9,10,11,9,18,9,11,15,9,11,11,11,10,12,13,11,10,11,12,12,12,13,11,11,11,11,11,13,13,16,13,12,12,12,12,13,16,17,18,13,13,12,12,13,13,16,16,18,13,13,13,13,13,13,13,16,17,17,18,18,19,19,20,14,14,14,14,13,13,13,14,17,18,18,19,19,15,14,14,14,14,14,19,19,19,21,16,15,15,15,15,15,15,18,19,19,19,21,16,15,15,15,16,18,20,21,21,22,17,15,17,18,20,22,16,16,16,16,16,17,17,18,19,20,20,20,23,17,17,17,19,21,23,17,17,17,17,17,17,18,18,18,18,19,18,18,18,18,18,18,18,19,19,23,19,18,18,18,19,19,19,21
60,8,7,5,6,7,13,8,7,7,7,5,8,7,7,5,5,4,4,4,8,7,7,6,5,5,4,8,7,3,3,6,5,2,4,9,7,7,5,3,3,4,7,6,6,5,1,2,6,7,6,4,1,1,7,7,6,5,4,1,0,1,2,3,4,15,7,6,1,6,5,2,2,1,4,5,2,2,5,5,6,6,8,9,5,4,5,6,6,7,8,9,3,3,3,4,7,3,3,3,5,7,8,5,4,4,6,5,5,5,6,7,7,6,5,7,7,11,9,8,6,7,9,12,7,7,7,7,7,12,8,7,7,10,11,8,8,8,8,9,10,9,17,9,11,15,9,10,11,11,10,12,12,11,10,11,11,12,12,13,12,11,11,11,11,12,13,16,13,12,12,12,12,12,15,16,18,13,13,12,12,12,13,16,16,17,14,13,13,13,13,13,13,16,16,17,17,18,18,19,19,14,14,14,14,14,13,13,14,17,17,18,19,19,15,15,14,14,14,14,18,19,19,20,16,15,15,15,15,15,15,18,18,19,19,20,16,15,15,15,16,18,20,20,21,22,17,15,17,18,19,21,17,16,16,16,16,17,17,18,18,19,20,20,23,17,17,17,19,21,23,18,17,17,17,17,17,17,18,18,18,18,18,18,18,18,18,18,18,19,19,23,19,18,18,18,18,19,19,20
61,9,8,6,5,6,12,8,8,7,7,5,8,8,7,6,5,5,4,4,8,8,7,6,6,5,3,7,7,3,3,7,5,2,4,8,8,7,6,4,3,4,7,7,6,6,1,2,6,8,6,5,1,1,8,7,6,6,5,1,1,0,2,3,3,14,8,7,1,6,6,2,2,2,3,6,2,2,4,5,5,6,7,8,5,5,5,5,6,6,7,8,3,3,3,3,6,3,3,3,4,6,8,6,4,4,7,5,4,5,6,6,7,7,5,6,8,10,9,8,6,7,9,12,7,7,7,7,7,12,9,7,7,9,10,8,8,8,8,9,10,8,17,9,11,14,9,10,10,11,11,11,12,11,11,11,11,11,12,13,12,11,11,11,11,12,12,15,13,13,12,12,12,12,15,16,18,13,13,12,12,12,13,15,16,17,14,14,13,13,13,13,13,16,16,16,17,17,18,18,19,15,14,14,14,14,13,13,14,16,17,18,18,19,15,15,15,14,14,14,18,18,19,20,16,16,15,15,15,15,15,17,18,18,19,20,16,16,15,15,16,18,19,20,20,21,17,16,17,17,19,21,17,17,16,16,16,16,17,18,18,19,19,20,22,17,17,17,19,20,22,18,18,17,17,17,17,17,17,18,18,18,18,18,18,18,18,18,18,18,19,22,19,18,18,18,18,18,19,20
62,10,9,7,5,5,11,10,9,9,8,6,10,9,9,7,7,6,5,4,10,9,9,8,7,7,3,6,9,3,3,9,7,3,2,6,9,9,7,5,2,2,9,8,8,7,2,1,4,9,8,7,3,2,9,9,8,7,7,3,2,2,0,1,2,13,9,8,3,4,7,4,3,3,2,7,4,2,3,3,4,4,6,7,7,6,4,4,4,5,6,6,4,4,3,3,5,4,4,4,3,5,6,7,5,4,8,6,5,4,5,5,8,8,6,5,9,9,11,9,6,6,7,10,7,7,7,7,7,11,10,8,7,8,9,9,8,8,8,8,9,8,16,9,10,13,10,10,10,10,11,11,11,12,11,11,11,11,11,12,13,12,11,11,11,11,12,14,14,13,12,12,12,12,14,15,16,14,14,13,12,12,12,14,15,16,15,14,14,14,13,13,13,15,15,15,16,16,17,17,18,15,15,15,15,14,14,13,13,16,16,16,17,18,16,15,15,15,15,14,17,17,18,19,17,16,16,16,14,14,14,17,17,17,18,19,17,16,16,15,15,17,18,19,19,20,18,16,16,17,18,20,17,17,17,17,16,16,16,17,17,18,18,19,21,16,17,17,18,20,21,18,18,18,18,18,17,17,17,17,17,18,19,18,18,18,18,18,18,18,18,21,20,19,18,18,18,18,18,20
63,11,10,7,5,5,10,11,10,10,9,7,11,10,10,8,8,7,6,4,11,10,10,9,8,8,4,5,10,4,4,10,8,4,2,5,11,10,8,6,2,2,10,9,9,8,3,2,3,10,9,8,4,3,10,10,9,8,8,4,3,3,1,0,1,12,10,9,4,3,8,5,5,4,1,8,5,3,2,2,3,3,5,6,8,7,3,3,4,4,5,5,5,5,4,3,4,5,5,4,3,4,5,8,5,4,9,6,5,5,5,5,9,9,6,5,10,8,12,10,6,6,7,9,8,7,7,7,7,10,11,9,7,8,8,9,8,8,8,8,8,8,15,9,9,12,10,9,9,10,12,10,11,13,11,10,11,11,11,11,13,12,12,11,11,11,11,13,15,14,12,12,12,12,13,14,16,14,14,13,13,12,12,14,14,15,15,15,15,14,14,13,13,14,15,15,15,15,16,16,17,16,16,15,15,15,14,13,13,15,15,16,16,17,17,16,16,15,15,15,16,17,17,18,17,17,17,16,14,14,14,16,17,17,17,18,18,17,16,15,15,16,18,18,18,20,19,16,16,16,17,19,18,17,17,17,16,16,16,17,17,18,18,18,20,17,17,17,18,19,20,19,18,18,18,18,17,17,17,17,17,17,19,18,18,18,18,18,18,18,18,21,20,19,19,18,18,18,18,19
64,12,11,8,5,5,9,11,11,10,10,7,11,11,10,9,8,7,7,4,11,11,10,9,9,8,4,5,10,4,4,10,9,4,2,5,11,11,9,7,2,2,11,10,9,9,3,2,2,11,9,8,4,3,11,10,9,9,8,4,4,3,2,1,0,11,11,10,4,2,9,6,5,5,1,9,5,4,2,2,2,3,4,5,9,8,2,3,3,4,4,5,6,5,4,3,4,6,5,5,3,4,5,9,6,4,9,7,5,5,4,5,10,9,7,5,10,8,12,11,6,6,7,9,8,7,7,7,7,9,11,9,7,8,8,9,8,8,8,8,8,8,14,9,9,12,10,9,9,9,12,10,10,13,11,10,10,11,11,11,13,12,12,12,11,11,11,13,15,14,13,12,12,12,13,14,15,15,14,13,13,12,12,14,14,15,15,15,15,15,14,14,13,14,14,15,15,15,16,16,16,16,16,16,15,15,15,14,13,15,15,16,16,16,17,16,16,16,15,15,16,16,17,18,18,17,17,16,14,14,14,16,16,17,17,18,18,17,17,15,15,16,17,18,18,19,19,16,16,16,17,19,18,18,17,17,16,16,16,17,17,17,18,18,20,17,17,17,17,19,20,19,19,18,18,18,17,17,17,17,17,17,19,18,18,18,18,18,18,18,18,20,20,19,19,18,18,18,18,19
65,22,21,18,13,12,6,22,21,21,20,17,22,21,21,19,19,17,17,14,22,22,21,20,20,19,14,8,21,15,14,21,19,14,12,7,22,22,20,18,12,11,21,21,20,20,14,13,9,22,20,19,15,14,22,21,20,20,19,15,15,14,13,12,11,0,22,21,15,9,20,17,16,15,11,20,16,14,11,10,9,9,7,6,19,19,10,10,9,9,7,7,16,16,15,13,9,16,15,15,12,9,8,19,16,13,20,17,14,14,11,11,20,19,16,12,21,8,22,21,14,13,10,7,17,15,14,14,13,8,21,18,15,11,10,18,16,14,14,12,11,15,8,15,12,9,18,14,14,13,21,13,13,21,19,15,15,14,14,13,22,20,19,18,16,14,14,12,23,22,20,19,17,16,13,12,12,23,22,20,20,17,16,13,13,12,23,23,23,22,21,20,20,14,13,13,13,13,13,13,13,24,24,23,23,22,22,19,17,14,14,13,13,13,25,24,24,23,23,21,14,14,14,14,26,25,24,24,18,18,18,15,15,15,14,14,26,24,24,20,17,16,15,15,15,15,27,23,17,17,16,15,25,25,24,23,21,19,18,17,17,16,16,16,16,21,20,20,17,17,17,26,25,25,25,24,21,20,20,20,19,19,26,24,23,22,21,21,21,20,19,18,27,25,24,22,22,21,21,19
66,6,6,7,11,13,19,5,5,5,5,7,4,5,5,5,6,7,7,10,4,4,4,4,5,5,10,15,3,8,9,3,4,8,11,16,2,2,3,5,10,11,2,2,2,3,8,9,13,1,2,3,7,8,1,1,2,2,3,7,7,8,9,10,11,22,0,1,7,13,2,6,6,7,11,2,6,8,12,12,13,13,15,16,3,4,12,13,13,14,15,15,6,7,8,10,13,7,8,8,11,13,15,5,7,10,5,7,9,10,12,13,5,6,8,12,5,17,6,6,11,12,15,18,9,11,11,12,12,19,7,9,11,15,16,9,11,12,13,15,15,12,24,13,16,20,11,15,15,15,10,16,17,10,12,15,15,16,16,18,11,12,12,13,14,16,17,21,11,11,13,13,15,16,20,22,24,12,12,13,13,15,16,21,21,22,12,12,13,13,13,14,14,21,21,22,22,23,24,24,25,13,13,13,13,13,14,15,17,22,22,23,24,24,13,13,13,14,14,14,23,24,24,26,14,14,14,14,17,18,18,22,23,24,24,25,14,15,15,17,19,22,24,25,26,27,15,16,21,22,24,27,16,16,16,16,17,19,20,22,23,24,24,25,28,18,19,20,23,25,28,17,17,17,17,17,20,20,20,20,21,22,17,18,18,19,20,20,20,22,22,27,18,18,19,20,20,21,21,24
67,6,6,7,10,12,18,5,5,5,5,7,4,4,4,5,5,6,6,9,4,4,4,4,4,4,9,14,3,7,8,3,3,7,10,15,2,2,2,4,9,10,2,2,2,2,7,8,12,2,1,2,6,7,1,1,1,1,2,6,6,7,8,9,10,21,1,0,5,12,1,4,5,6,10,2,5,7,11,11,12,12,14,15,2,3,11,12,12,13,14,14,5,6,7,9,12,6,7,7,10,12,14,4,6,9,4,6,8,9,11,12,5,5,7,11,5,16,6,6,10,11,14,17,8,10,10,11,11,18,7,8,11,14,15,8,10,11,12,14,15,11,23,12,15,19,11,14,14,15,10,15,16,10,11,14,14,15,16,17,11,11,12,12,14,16,16,20,11,11,12,12,14,15,19,21,23,12,12,13,13,15,16,20,20,22,12,12,12,12,13,13,14,20,20,21,21,22,23,23,24,13,13,13,13,13,13,14,16,21,21,22,23,23,13,13,13,13,13,14,22,23,23,25,14,14,14,14,17,17,17,21,22,23,23,25,14,14,14,16,19,21,24,24,25,26,15,15,20,21,23,26,15,16,16,16,17,19,20,21,22,23,23,24,27,18,18,19,22,25,27,17,17,17,17,17,19,19,20,20,20,21,17,18,18,19,19,19,20,21,22,27,18,18,18,20,20,20,20,23
68,8,7,6,6,7,13,8,7,7,7,5,7,7,7,5,5,5,5,5,8,7,7,6,5,5,4,9,6,3,4,6,5,3,5,9,7,6,5,3,4,5,6,6,5,5,2,3,7,7,5,4,1,2,7,6,5,4,4,1,1,1,3,4,4,15,7,5,0,7,4,1,1,1,4,5,1,2,5,6,6,7,8,9,4,4,6,6,7,7,8,9,2,2,2,4,7,3,3,3,5,7,9,5,3,4,5,4,4,4,6,7,6,6,4,7,7,11,8,7,6,7,9,12,6,6,7,7,7,13,8,7,7,10,11,7,7,8,8,9,10,8,18,9,11,15,9,10,10,11,10,11,12,10,10,11,11,11,12,13,11,11,10,10,11,12,12,16,12,12,11,11,11,12,15,16,18,12,12,12,12,12,13,16,16,17,13,13,13,12,12,12,12,16,16,17,17,18,18,19,19,14,13,13,13,13,13,13,14,17,17,18,19,19,14,14,14,14,13,13,18,19,19,20,15,15,14,14,14,14,15,18,18,19,19,20,15,15,15,14,16,18,19,20,21,22,16,15,17,18,19,21,16,16,16,15,15,16,17,18,18,19,20,20,23,16,16,17,19,21,23,17,17,17,17,17,17,17,17,17,18,18,17,17,17,17,17,17,18,18,19,23,18,18,18,18,18,18,18,20
69,14,13,10,6,6,8,14,13,13,12,9,13,13,12,11,10,9,9,6,14,13,13,12,11,11,6,4,13,6,6,12,11,6,4,4,13,13,11,9,4,3,13,12,12,11,6,4,2,13,12,11,7,6,13,13,12,11,10,7,6,6,4,3,2,9,13,12,7,0,11,8,7,7,2,11,7,6,2,2,1,1,2,3,11,10,2,2,2,2,2,3,7,7,6,4,2,7,7,6,4,3,3,10,7,5,11,8,6,6,4,4,11,11,8,5,12,6,14,12,7,6,6,7,9,7,7,7,7,7,12,10,8,7,7,11,9,8,8,7,7,9,12,9,8,10,11,9,9,9,13,9,9,14,12,10,10,10,10,10,14,13,12,12,11,10,10,12,16,15,13,13,11,11,12,12,13,16,15,14,13,12,12,12,12,13,16,16,16,15,15,14,14,13,13,13,13,14,14,14,15,17,17,16,16,16,15,14,13,13,14,14,15,15,18,17,17,16,16,15,15,15,15,16,19,18,18,17,14,14,14,14,15,15,15,16,19,18,17,15,14,15,16,16,17,17,20,17,15,15,16,17,19,18,18,17,16,15,15,16,16,16,16,17,18,16,16,16,16,17,18,20,19,19,19,18,17,17,17,17,17,17,20,18,18,17,17,17,17,17,17,19,21,19,19,18,18,18,18,18
70,6,6,7,10,11,18,6,6,6,6,6,5,5,5,5,5,6,6,8,5,5,5,4,4,5,8,13,4,7,7,3,3,6,9,14,4,3,3,4,8,9,3,2,2,2,6,7,11,3,2,2,5,6,2,2,1,1,1,5,5,6,7,8,9,20,2,1,4,11,0,3,4,4,9,1,4,6,9,10,10,11,13,14,1,2,10,11,11,12,13,13,4,5,6,7,11,5,5,6,9,11,13,3,5,8,3,5,7,7,10,10,4,4,6,10,4,15,5,5,9,10,13,16,7,9,9,9,10,16,6,7,9,13,14,7,9,10,11,12,13,10,22,11,14,18,10,12,13,13,9,14,15,9,10,13,13,14,14,16,10,10,11,11,13,14,15,19,10,10,11,11,13,14,18,20,21,11,11,12,12,13,14,18,19,20,12,12,12,12,12,12,13,19,19,20,20,21,22,22,22,12,12,12,12,12,12,13,15,20,20,21,22,22,13,13,13,13,13,13,21,22,22,23,13,13,13,13,16,16,16,20,21,22,22,23,14,14,14,15,18,20,22,23,24,25,14,15,19,20,22,24,15,15,15,15,16,18,18,20,21,22,22,23,26,17,17,18,21,23,26,16,16,16,16,16,18,18,18,19,19,20,17,17,17,18,18,18,19,20,20,25,17,17,17,19,19,19,19,22
71,8,7,6,7,9,15,7,7,7,6,6,7,7,6,5,5,5,5,6,7,7,6,5,5,5,5,10,6,4,5,6,4,4,6,10,6,6,4,3,5,6,5,5,4,4,3,4,8,6,4,3,2,3,6,5,4,3,3,2,2,2,4,5,6,17,6,4,1,8,3,0,1,1,5,3,1,2,6,7,7,8,9,10,3,2,7,7,8,8,9,10,2,2,3,4,8,2,3,3,5,8,10,4,3,5,4,3,4,5,7,7,5,4,4,7,5,12,7,6,6,7,10,13,6,6,7,7,7,13,7,6,7,10,11,7,7,8,8,10,11,8,18,9,11,15,8,10,11,11,9,12,12,10,9,11,11,11,12,13,10,10,10,10,11,12,13,16,11,11,10,11,11,12,16,17,19,11,11,11,11,12,13,16,16,18,12,12,12,12,12,12,12,16,17,17,18,18,19,19,20,13,13,12,12,12,12,12,14,17,18,18,19,20,13,13,13,13,13,13,19,19,20,21,14,14,14,13,14,14,15,18,19,19,19,21,14,14,14,14,16,18,20,21,21,22,15,14,17,18,19,22,15,15,15,15,15,16,17,18,18,20,20,20,23,16,16,17,19,21,23,16,16,16,16,16,17,17,17,17,17,18,17,17,17,17,17,17,17,18,19,23,17,17,17,18,18,18,18,20
72,8,7,6,7,8,14,8,7,7,7,6,7,7,7,6,5,5,5,6,7,7,7,6,5,5,5,9,6,4,4,6,5,4,6,10,7,6,5,3,5,6,6,5,5,4,3,4,7,6,5,4,2,2,6,6,5,4,3,1,2,2,3,5,5,16,6,5,1,7,4,1,0,1,5,4,1,2,6,6,7,7,9,10,3,3,6,7,7,8,9,9,2,2,2,4,7,2,2,3,5,7,9,4,3,4,5,3,4,4,6,7,5,5,4,7,6,11,7,6,6,7,9,13,6,6,6,7,7,13,7,6,7,10,11,7,7,8,8,9,10,8,18,9,11,15,8,10,10,11,9,11,12,10,9,11,11,11,12,13,10,10,10,10,11,12,12,16,11,11,10,10,11,12,15,16,18,11,11,11,11,12,12,16,16,17,12,12,12,12,12,12,12,16,16,17,17,18,18,19,19,13,13,13,12,12,12,12,13,17,17,18,19,19,14,13,13,13,13,13,18,19,19,20,14,14,14,13,14,14,14,18,18,19,19,20,15,14,14,14,15,18,19,20,21,22,16,14,17,17,19,21,15,15,15,15,15,16,16,18,18,19,20,20,23,16,16,16,19,21,23,16,16,16,16,16,17,17,17,17,17,18,17,16,17,17,17,17,17,18,18,23,18,17,17,17,18,18,18,20
73,9,8,6,7,8,14,8,8,7,7,6,8,7,7,6,6,5,5,5,8,7,7,6,6,5,5,9,7,4,4,6,5,3,5,9,7,7,5,4,4,5,6,6,5,5,2,4,7,7,5,4,2,2,7,6,5,5,4,1,1,2,3,4,5,15,7,6,1,7,4,1,1,0,4,4,1,1,5,6,6,7,8,9,4,3,6,6,7,7,8,9,2,2,2,3,7,2,2,2,4,7,9,4,3,4,5,3,4,4,6,6,5,5,4,6,6,11,8,7,6,7,9,12,6,6,6,6,7,12,7,6,7,9,10,7,7,7,8,9,10,8,17,8,11,14,8,10,10,10,9,11,12,10,9,10,11,11,11,12,10,10,10,10,10,12,12,15,12,11,10,10,11,12,15,16,18,12,11,11,11,11,12,15,16,17,12,12,12,12,12,12,12,16,16,16,17,17,18,18,19,13,13,13,13,12,12,12,13,16,17,18,18,19,14,13,13,13,13,13,18,18,19,20,15,14,14,14,14,14,14,17,18,18,19,20,15,14,14,14,15,17,19,20,20,21,16,14,16,17,19,21,15,15,15,15,15,16,16,18,18,19,19,20,22,16,16,16,18,20,22,16,16,16,16,16,16,17,17,17,17,18,17,17,16,17,17,17,17,18,18,22,18,17,17,17,17,18,18,20
74,12,11,9,6,6,10,12,11,11,10,8,12,11,11,9,9,8,7,5,12,11,11,10,9,9,5,5,11,5,5,10,9,5,3,6,11,11,9,7,3,3,11,10,10,9,4,3,3,11,9,8,5,4,11,11,9,9,8,5,4,3,2,1,1,11,11,10,4,2,9,5,5,4,0,9,5,3,1,1,2,2,4,5,8,8,2,2,2,3,4,5,5,5,4,2,3,5,4,4,2,3,4,8,5,3,9,6,4,4,3,3,9,9,6,4,10,7,12,10,5,5,6,8,7,6,6,6,6,9,10,8,6,7,7,9,7,7,7,7,7,7,14,8,8,11,9,8,8,8,11,9,9,12,10,9,9,9,10,10,13,11,11,11,10,10,10,12,14,13,12,11,11,10,12,13,14,14,13,12,12,11,11,13,13,14,15,14,14,14,13,13,12,13,13,14,14,14,15,15,16,15,15,15,14,14,14,13,12,14,14,15,15,16,16,15,15,15,15,14,15,15,16,17,17,16,16,15,13,13,13,15,15,16,16,17,17,16,16,14,14,15,16,17,17,18,18,15,15,15,16,18,17,17,16,16,15,15,15,16,16,16,17,17,19,15,15,15,16,18,19,18,18,17,17,17,16,16,16,16,16,16,18,17,17,17,17,17,16,17,17,20,19,18,18,17,17,17,17,18
75,7,7,7,10,11,18,6,6,6,6,7,6,6,6,6,6,6,6,9,5,5,5,5,5,5,8,13,5,7,7,4,4,7,9,14,4,4,3,4,8,9,3,3,3,3,6,8,11,3,2,2,5,6,3,2,2,2,2,5,5,6,7,8,9,20,2,2,5,11,1,3,4,4,9,0,4,6,9,10,10,11,13,14,1,1,10,10,11,12,13,13,4,5,6,7,11,5,5,6,8,11,13,2,5,7,3,5,7,7,10,10,3,3,5,10,4,15,5,4,8,10,12,16,6,8,9,9,10,16,6,6,9,13,14,7,8,10,10,12,13,10,21,11,14,18,9,12,13,13,8,14,15,9,10,12,13,13,14,15,9,10,10,11,12,14,14,18,10,10,11,11,13,14,18,19,21,10,11,11,11,13,14,18,19,20,11,11,11,11,11,12,12,18,19,19,20,20,21,22,22,12,12,12,12,12,12,13,15,19,20,21,22,22,12,12,12,12,12,13,21,21,22,23,13,13,13,13,15,15,16,20,21,21,22,23,13,13,13,15,17,20,22,23,23,25,14,14,18,19,21,24,14,14,14,15,15,17,18,20,20,21,22,22,25,16,17,18,21,23,25,15,15,15,16,16,17,18,18,18,19,20,16,16,17,17,18,18,18,19,20,25,17,17,17,18,18,19,19,22
76,9,8,7,8,9,14,8,8,7,7,6,8,7,7,6,6,6,6,6,8,7,7,6,6,6,6,10,7,5,5,6,5,4,6,10,7,6,5,4,5,6,6,6,5,5,3,4,8,6,5,4,2,3,6,6,5,4,4,2,2,2,4,5,5,16,6,5,1,7,4,1,1,1,5,4,0,2,6,6,7,7,9,10,3,3,6,7,7,8,9,9,1,1,2,3,7,2,2,2,5,7,9,4,2,4,4,3,4,4,6,7,5,4,3,6,5,11,7,6,5,7,9,12,5,6,6,6,7,13,6,6,6,9,10,6,6,7,7,9,10,7,18,8,11,15,8,9,10,10,9,11,12,9,9,10,10,11,11,12,10,9,9,9,10,11,12,15,11,10,10,10,11,11,15,16,18,11,11,10,10,11,12,15,16,17,12,11,11,11,11,11,11,16,16,16,17,17,18,18,19,12,12,12,12,12,12,12,13,16,17,18,18,19,13,13,13,12,12,12,18,18,19,20,14,13,13,13,13,14,14,17,18,18,19,20,14,14,13,13,15,17,19,20,20,22,15,14,16,17,19,21,15,15,14,14,14,15,16,17,18,19,19,19,22,15,15,16,18,20,22,16,16,16,15,15,16,16,16,17,17,17,16,16,16,16,16,17,17,17,18,22,17,17,16,17,17,17,17,20
77,10,9,7,7,8,13,9,9,9,8,6,9,9,8,7,7,6,6,6,9,9,8,7,7,7,5,8,8,4,4,8,6,4,5,9,8,8,6,5,4,5,8,7,7,6,3,3,6,8,6,5,2,2,8,7,6,6,5,2,2,2,2,3,4,14,8,7,2,6,6,2,2,1,3,6,2,0,4,4,5,5,7,8,5,4,4,5,6,6,7,8,2,2,1,2,6,2,2,2,3,6,7,5,2,3,6,3,3,3,5,5,6,6,3,5,7,10,8,7,5,5,7,11,5,5,5,5,6,11,7,6,6,8,9,6,6,6,7,8,9,7,16,7,9,13,8,9,9,9,9,10,11,10,9,9,10,10,10,11,10,10,9,9,10,11,11,14,12,11,10,10,10,11,14,15,16,12,11,11,11,11,11,14,14,16,12,12,12,12,11,11,11,14,15,15,16,16,17,17,18,13,13,13,12,12,12,12,12,15,16,16,17,18,14,13,13,13,13,12,17,17,18,19,15,14,14,13,13,13,13,16,17,17,18,19,15,14,14,13,14,16,18,19,19,20,16,14,15,16,18,20,15,15,15,15,14,15,15,17,17,18,18,18,21,15,15,15,17,19,21,16,16,16,16,16,16,16,16,16,16,17,17,16,16,16,16,16,16,17,17,21,18,17,17,17,17,17,17,19
78,13,12,9,7,7,10,13,12,12,11,9,12,12,11,10,9,9,8,6,13,12,12,11,10,10,6,6,11,6,5,11,10,5,4,5,12,11,10,8,4,3,11,11,10,10,5,4,3,12,10,9,5,4,12,11,10,9,9,5,5,4,3,2,2,11,12,11,5,2,9,6,6,5,1,9,6,4,0,1,1,2,3,4,9,8,1,1,2,2,3,4,6,5,4,2,2,5,5,4,2,2,4,9,5,3,9,6,4,4,3,3,9,9,6,3,10,6,12,10,5,4,5,7,7,6,5,5,5,8,10,8,6,6,6,9,7,6,6,6,6,7,13,7,7,10,9,8,8,8,11,8,9,12,10,9,9,9,9,9,12,11,11,10,9,9,9,11,14,13,11,11,10,10,11,12,14,14,13,12,12,11,10,12,12,13,14,14,14,13,13,12,12,12,13,13,13,13,14,14,15,15,15,15,14,14,13,12,12,13,13,14,15,15,16,15,15,15,14,14,14,15,15,16,17,16,16,15,13,13,13,14,15,15,15,16,17,16,16,14,13,14,16,16,16,18,18,15,14,14,15,17,17,17,16,16,15,14,14,15,15,16,16,16,18,15,15,15,16,17,18,18,17,17,17,17,15,15,15,15,15,16,18,17,17,16,16,16,16,16,16,19,19,18,17,17,17,17,16,17
79,13,12,10,7,7,9,13,13,12,12,9,13,12,12,10,10,9,9,6,13,13,12,11,11,10,6,5,12,6,6,12,10,6,4,5,13,12,10,8,4,3,12,11,11,10,5,4,3,12,11,10,6,5,12,12,11,10,9,6,5,5,3,2,2,10,12,11,6,2,10,7,6,6,1,10,6,4,1,0,1,1,3,4,9,9,1,1,1,2,3,3,6,6,5,3,2,6,5,5,2,2,3,9,6,4,10,7,5,4,3,3,10,9,6,3,11,6,12,11,5,5,5,7,8,6,6,5,5,7,11,9,6,6,6,9,7,6,6,6,6,7,12,7,7,10,9,8,8,8,12,8,9,12,10,9,9,9,9,9,13,11,11,11,10,9,9,11,14,14,12,11,10,10,11,12,13,14,14,12,12,11,10,12,12,13,15,14,14,14,13,13,12,12,12,13,13,13,14,14,14,16,15,15,15,14,14,12,12,13,13,14,14,15,16,16,15,15,15,14,14,14,15,16,17,16,16,15,13,13,13,14,14,15,15,16,17,16,16,14,13,14,15,16,16,17,18,15,14,14,15,17,17,17,17,16,15,14,14,15,15,16,16,16,18,15,15,15,15,17,18,18,18,17,17,17,15,15,15,15,15,16,18,17,17,16,16,16,16,16,16,18,20,18,18,17,17,17,17,17
80,14,13,10,7,7,9,14,13,13,12,9,13,13,12,11,10,9,9,7,14,13,13,12,11,11,6,5,12,7,6,12,11,6,4,5,13,13,11,9,4,4,12,12,11,11,6,4,3,13,11,10,6,5,13,12,11,11,10,6,6,5,4,3,2,9,13,12,6,1,10,7,7,6,2,10,7,5,1,1,0,1,2,3,10,9,1,1,1,1,2,3,7,6,5,3,1,6,6,5,3,2,3,10,6,4,10,7,5,5,3,3,10,10,7,3,11,5,13,11,5,5,5,7,8,6,6,6,5,7,11,9,6,6,6,9,8,7,6,6,6,7,12,8,7,9,9,8,8,8,12,8,8,13,11,9,9,9,9,9,13,12,11,11,10,9,9,11,15,14,12,12,10,10,11,12,13,14,14,12,12,11,11,11,12,12,15,15,14,14,13,13,12,12,12,12,13,13,13,14,14,16,16,15,15,15,14,13,12,13,13,13,14,14,17,16,16,15,15,14,14,14,14,15,18,17,16,16,13,13,13,14,14,14,15,15,18,16,16,14,13,14,15,16,16,17,19,15,14,14,15,17,17,17,17,16,15,14,14,15,15,15,16,16,18,15,15,15,15,16,18,18,18,18,17,17,16,15,15,15,15,15,18,17,17,16,16,16,16,16,16,18,20,18,18,17,17,17,17,17
81,14,13,11,7,7,9,14,14,13,13,10,14,13,13,11,11,10,9,7,14,14,13,12,12,11,7,5,13,7,7,13,11,7,5,4,14,13,11,9,5,4,13,12,12,11,6,5,3,13,12,11,7,6,13,13,12,11,11,7,6,6,4,3,3,9,13,12,7,1,11,8,7,7,2,11,7,5,2,1,1,0,2,3,10,10,1,1,1,1,2,2,7,7,6,4,1,7,6,6,3,2,2,10,7,4,11,8,6,5,3,3,11,10,7,4,12,5,13,12,6,5,4,6,9,7,6,6,6,7,12,9,7,6,6,10,8,7,7,6,6,8,11,8,7,9,10,8,8,8,12,8,8,13,11,9,9,9,9,9,14,12,11,11,10,9,9,11,15,14,12,12,10,10,11,11,13,15,14,13,12,11,11,11,11,12,16,15,15,14,14,13,13,12,12,12,12,13,13,13,14,16,16,16,15,15,14,13,12,12,13,13,14,14,17,16,16,16,15,14,14,14,14,15,18,17,17,16,13,13,13,13,14,14,14,15,18,17,16,14,13,14,15,15,16,16,19,16,14,14,15,16,18,17,17,17,15,14,14,15,15,15,15,16,17,15,15,15,15,16,18,19,18,18,18,17,16,16,15,15,15,15,19,17,17,16,16,16,16,16,16,18,20,18,18,17,17,17,17,17
82,16,15,12,8,7,8,16,15,15,14,11,15,15,14,13,12,11,11,8,16,15,15,14,13,13,8,5,14,8,8,14,13,8,6,4,15,15,13,11,6,5,15,14,13,13,8,6,3,15,13,12,9,7,15,14,13,13,12,8,8,7,6,5,4,7,15,14,8,2,13,9,9,8,4,13,9,7,3,3,2,2,0,1,12,12,3,2,2,1,1,1,9,8,7,6,2,8,8,7,5,2,2,12,9,6,12,9,7,7,4,4,13,12,9,5,13,4,15,13,7,6,5,5,10,8,7,7,7,6,13,11,8,6,5,11,9,8,7,6,6,9,10,9,7,8,11,8,8,8,14,8,8,15,12,10,9,9,9,9,15,13,12,12,11,10,9,10,16,16,13,13,11,10,10,11,12,16,16,14,13,12,11,11,11,11,17,16,16,16,15,14,13,11,11,11,12,12,12,13,13,18,17,17,16,16,15,14,12,12,12,12,13,13,18,18,17,17,16,15,13,13,13,14,19,18,18,17,13,13,13,13,13,13,14,14,19,18,18,15,13,13,14,15,15,16,20,17,14,14,14,15,19,18,18,17,16,15,14,14,14,15,15,15,17,16,16,15,15,16,17,20,19,19,19,18,16,16,16,16,16,15,20,18,18,17,17,17,16,16,16,17,21,19,19,17,17,17,17,17
83,17,16,13,9,8,7,17,16,16,15,12,16,16,15,14,13,12,12,9,17,16,16,15,14,14,9,5,15,9,9,15,14,9,7,4,16,16,14,12,7,6,16,15,15,14,9,7,4,16,14,13,10,9,16,15,14,14,13,9,9,8,7,6,5,6,16,15,9,3,14,10,10,9,5,14,10,8,4,4,3,3,1,0,13,13,4,3,3,2,1,1,10,9,8,7,3,9,9,8,6,3,2,13,10,7,13,10,8,8,5,5,14,13,10,5,14,4,16,14,8,7,5,5,11,9,8,8,7,5,14,12,9,6,6,12,10,9,8,7,6,9,9,9,7,8,12,9,9,8,15,9,8,15,13,10,10,10,9,9,16,14,13,13,11,10,10,10,17,16,14,14,12,11,10,10,11,17,16,14,14,12,11,11,11,11,18,17,17,16,16,15,14,11,11,11,11,11,12,12,12,18,18,18,17,17,16,14,12,12,12,12,12,13,19,18,18,18,17,16,13,13,13,14,20,19,19,18,14,14,13,13,13,13,13,14,20,19,18,15,13,13,14,14,14,15,21,17,14,14,14,15,19,19,19,18,17,15,15,14,14,14,15,15,16,16,16,15,15,15,16,20,20,20,19,19,16,16,16,16,16,15,20,19,18,17,17,17,17,16,16,17,22,20,19,18,17,17,17,17
84,7,7,7,10,11,17,7,7,7,7,7,6,6,6,6,6,6,7,9,6,6,6,6,5,6,8,13,5,7,7,5,4,7,9,13,5,4,4,4,8,9,4,4,3,3,6,7,11,4,3,3,5,6,4,3,2,2,2,4,5,5,7,8,9,19,3,2,4,11,1,3,3,4,8,1,3,5,9,9,10,10,12,13,0,1,9,10,10,11,12,13,3,4,5,7,10,4,5,5,8,11,12,2,4,7,2,4,6,6,9,10,3,3,5,9,3,14,4,4,8,9,12,15,6,7,8,8,9,15,5,6,8,12,13,6,7,9,9,11,12,9,21,10,13,17,8,11,12,12,8,13,14,8,9,12,12,12,13,15,9,9,10,10,11,13,14,18,9,9,10,10,12,13,17,18,20,10,10,10,11,12,13,17,18,19,10,10,10,11,11,11,11,18,18,19,19,20,20,21,21,11,11,11,11,11,11,12,14,18,19,20,21,21,12,12,12,12,12,12,20,21,21,22,12,12,12,12,14,15,15,19,20,20,21,22,13,13,13,14,16,19,21,22,23,24,13,13,18,19,21,23,14,14,14,14,15,16,17,19,19,21,21,21,25,16,16,17,20,22,24,15,15,15,15,15,17,17,17,18,18,19,15,16,16,17,17,17,17,19,19,24,16,16,16,17,18,18,18,21
85,8,7,7,10,11,17,7,7,7,7,7,7,6,6,6,6,6,6,8,6,6,6,6,6,5,8,12,5,7,7,5,4,6,8,13,5,5,4,4,8,9,4,4,4,3,6,7,10,4,3,3,4,5,4,4,3,2,2,4,4,5,6,7,8,19,4,3,4,10,2,2,3,3,8,1,3,4,8,9,9,10,12,13,1,0,9,9,10,10,12,12,3,3,4,6,10,3,4,5,7,10,12,2,4,6,2,4,5,6,9,9,3,3,4,9,3,14,5,4,7,9,11,15,5,7,7,8,8,15,5,5,8,12,13,6,7,9,9,11,12,9,20,9,12,17,8,11,11,12,8,13,13,8,9,11,12,12,13,14,9,9,9,10,11,13,13,17,9,9,10,10,11,12,17,18,20,10,10,10,10,12,13,17,17,19,11,10,10,10,11,11,11,17,18,18,19,19,20,20,21,11,11,11,11,11,11,12,14,18,18,19,20,21,12,12,12,12,12,12,20,20,21,22,12,12,12,12,14,14,15,19,20,20,20,22,13,13,13,14,16,19,21,22,22,23,14,13,17,18,20,23,14,14,14,14,14,16,17,19,19,20,21,21,24,16,16,17,19,22,24,15,15,15,15,15,16,17,17,17,18,18,15,16,16,17,17,17,17,18,19,24,16,16,16,17,17,18,18,21
86,14,13,10,7,7,10,13,13,12,12,9,13,13,12,11,10,9,9,7,13,13,12,11,11,10,6,6,12,7,6,12,10,6,5,6,13,12,11,9,4,4,12,11,11,10,5,4,3,12,11,10,6,5,12,12,11,10,10,6,5,5,4,3,2,10,12,11,6,2,10,7,6,6,2,10,6,4,1,1,1,1,3,4,9,9,0,1,1,2,3,3,6,6,4,3,1,6,5,5,2,2,3,9,6,3,10,6,4,4,2,2,10,9,6,3,10,5,12,11,5,4,4,7,7,6,5,5,5,7,11,8,6,5,6,9,7,6,6,6,6,7,12,7,7,9,9,7,7,7,11,8,8,12,10,8,8,8,8,9,12,11,10,10,9,9,9,11,14,13,11,11,10,9,11,11,13,14,13,12,11,10,10,11,11,12,14,14,14,13,13,12,12,12,12,12,12,13,13,14,14,15,15,14,14,14,13,12,11,12,13,13,14,14,16,15,15,15,14,13,14,14,14,15,17,16,16,15,12,12,12,13,14,14,14,15,17,16,15,13,13,14,15,15,16,17,18,15,13,14,15,16,17,16,16,15,14,14,14,14,14,15,15,15,18,15,14,14,15,16,18,18,17,17,17,16,15,15,15,15,15,15,18,17,16,16,16,15,15,15,16,18,19,17,17,16,16,16,16,17
87,14,13,11,8,7,9,14,13,13,12,10,14,13,13,11,11,10,9,7,14,13,13,12,11,11,7,6,13,7,7,12,11,7,5,5,13,13,11,9,5,4,13,12,11,11,6,5,3,13,11,10,7,6,13,12,11,11,10,6,6,5,4,3,3,10,13,12,6,2,11,7,7,6,2,10,7,5,1,1,1,1,2,3,10,9,1,0,1,1,2,3,7,6,5,3,1,6,6,5,2,1,2,9,6,4,10,7,5,4,2,2,10,10,7,3,11,5,13,11,5,4,4,6,8,6,6,5,5,7,11,9,6,5,5,9,7,6,6,6,6,7,12,7,7,9,9,7,7,7,12,8,8,12,10,8,8,8,8,9,13,11,11,10,9,9,9,10,14,14,11,11,10,9,10,11,12,14,14,12,12,10,10,11,11,12,15,14,14,14,13,12,12,11,12,12,12,12,13,13,14,16,15,15,14,14,13,12,11,12,12,13,13,14,16,16,15,15,15,14,13,14,14,15,17,16,16,15,12,12,12,13,14,14,14,15,17,16,16,13,13,13,15,15,15,16,18,15,13,14,15,16,17,17,16,16,15,14,14,14,14,15,15,15,17,15,15,14,15,16,17,18,18,17,17,17,15,15,15,15,15,15,18,17,17,16,16,16,15,15,15,18,19,17,17,16,16,16,16,16
88,15,14,11,8,7,9,14,14,13,13,10,14,14,13,12,11,10,10,7,14,14,13,12,12,11,7,6,13,7,7,13,11,7,5,5,14,13,12,10,5,4,13,13,12,11,6,5,3,13,12,11,7,6,13,13,12,11,11,7,6,6,4,4,3,9,13,12,7,2,11,8,7,7,2,11,7,6,2,1,1,1,2,3,10,10,1,1,0,1,2,2,7,7,6,4,1,7,6,6,3,1,2,10,7,4,11,7,5,5,3,2,11,10,7,3,11,5,13,12,5,4,4,6,8,6,6,6,5,6,12,9,6,5,5,9,8,6,6,6,6,7,11,7,7,9,9,7,7,7,12,8,8,13,11,9,8,8,8,8,13,12,11,11,9,9,9,10,15,14,12,11,10,9,10,11,12,14,14,12,12,10,10,11,11,12,15,15,14,14,13,13,12,11,11,12,12,12,13,13,13,16,16,15,15,14,14,12,11,12,12,13,13,13,17,16,16,15,15,14,13,13,14,15,18,17,16,16,12,12,12,13,13,14,14,15,18,16,16,14,13,13,14,15,15,16,19,15,13,13,14,16,17,17,17,16,15,14,14,14,14,15,15,15,17,15,15,14,15,16,17,18,18,18,17,17,15,15,15,15,15,15,18,17,17,16,16,16,16,15,15,17,20,18,17,16,16,16,16,16
89,15,14,11,8,7,9,15,14,14,13,11,15,14,14,12,12,11,10,8,15,14,14,13,12,12,7,6,14,8,7,13,12,7,6,5,14,14,12,10,5,5,14,13,13,12,7,5,3,14,12,11,8,7,14,13,12,12,11,7,7,6,5,4,4,9,14,13,7,2,12,8,8,7,3,12,8,6,2,2,1,1,1,2,11,10,2,1,1,0,1,2,8,7,6,4,1,7,7,6,3,1,2,11,7,5,11,8,6,5,3,3,11,11,8,4,12,4,14,12,6,5,4,5,9,7,6,6,6,6,12,10,7,5,5,10,8,7,6,6,6,7,11,8,7,8,10,7,7,7,13,8,8,13,11,9,9,8,8,8,14,12,11,11,10,9,9,10,15,14,12,12,10,10,10,11,12,15,14,13,12,11,10,10,11,11,16,15,15,14,14,13,12,11,11,11,12,12,12,13,13,16,16,16,15,15,14,13,11,12,12,12,13,13,17,16,16,16,15,14,13,13,13,14,18,17,17,16,13,12,12,13,13,13,14,14,18,17,16,14,13,13,14,15,15,16,19,16,13,13,14,16,18,17,17,16,15,14,14,14,14,14,15,15,17,15,15,14,15,16,17,18,18,18,18,17,15,15,15,15,15,15,19,17,17,16,16,16,16,15,15,17,20,18,18,16,16,16,16,16
90,16,15,12,9,8,8,16,15,15,14,11,16,15,15,13,13,12,11,9,16,15,15,14,13,13,8,6,15,9,8,14,13,8,6,4,15,15,13,11,6,5,15,14,14,13,8,6,4,15,13,12,9,8,15,14,13,13,12,9,8,7,6,5,4,7,15,14,8,2,13,9,9,8,4,13,9,7,3,3,2,2,1,1,12,12,3,2,2,1,0,1,9,8,7,6,2,8,8,7,5,2,1,12,8,6,12,9,7,6,4,4,12,12,9,4,13,4,15,13,7,5,4,5,10,7,7,7,6,5,13,11,7,5,5,11,9,7,7,6,6,8,10,8,7,8,11,8,8,7,13,8,8,14,12,9,9,9,8,8,15,13,12,12,10,9,9,9,16,15,13,12,11,10,10,10,11,16,15,13,13,11,10,10,10,11,16,16,16,15,14,14,13,11,11,11,11,11,12,12,12,17,17,16,16,16,15,13,11,11,11,12,12,13,18,17,17,16,16,15,12,13,13,14,19,18,18,17,13,13,13,12,13,13,13,14,19,18,17,14,13,13,14,14,14,15,20,16,13,13,14,15,18,18,18,17,15,14,14,14,14,14,14,14,16,15,15,15,14,15,16,19,19,18,18,18,15,15,15,15,15,15,19,18,17,16,16,16,16,15,15,17,21,18,18,17,17,16,16,16
91,16,15,13,9,8,8,16,16,15,15,12,16,16,15,14,13,12,12,9,16,16,15,14,14,13,9,6,15,9,9,15,13,9,7,4,16,15,14,12,7,6,15,15,14,14,8,7,4,16,14,13,9,8,16,15,14,13,13,9,9,8,6,5,5,7,15,14,9,3,13,10,9,9,5,13,9,8,4,3,3,2,1,1,13,12,3,3,2,2,1,0,9,9,8,6,2,9,8,8,5,2,1,12,9,6,13,10,7,7,4,4,13,12,9,5,14,3,15,14,7,6,4,4,10,8,7,7,7,5,14,11,8,5,5,11,9,8,7,6,6,9,9,9,7,7,11,8,8,8,14,8,8,15,12,9,9,9,9,8,15,13,12,12,10,9,9,9,17,16,13,13,11,10,9,10,11,16,16,14,13,11,11,10,10,11,17,16,16,16,15,14,13,11,11,11,11,11,12,12,12,18,17,17,16,16,15,13,12,11,11,12,12,12,18,18,17,17,16,15,12,12,13,13,19,18,18,17,13,13,13,12,13,13,13,14,19,18,18,15,13,13,13,14,14,15,20,16,13,13,14,15,19,18,18,17,16,14,14,14,14,14,14,14,16,16,15,15,14,15,16,20,19,19,18,18,16,15,15,15,15,15,20,18,18,17,16,16,16,16,15,17,21,19,18,17,17,17,16,16
92,9,9,8,9,9,15,9,9,8,8,7,9,8,8,7,7,7,7,7,9,8,8,7,7,7,7,10,7,6,6,7,6,5,7,11,7,7,6,5,6,7,7,6,6,5,4,5,8,7,5,5,3,4,7,6,5,5,4,3,3,3,4,5,6,16,6,5,2,7,4,2,2,2,5,4,1,2,6,6,7,7,9,10,3,3,6,7,7,8,9,9,0,1,2,3,7,1,1,2,4,7,9,3,1,3,4,2,3,3,6,6,4,4,2,6,5,11,6,5,5,6,8,12,4,5,5,5,6,12,5,4,5,9,10,5,5,6,7,8,9,6,17,7,10,14,7,9,9,9,7,10,11,8,8,9,9,10,11,12,9,8,8,8,9,11,11,15,10,9,9,9,10,10,14,15,17,10,10,9,9,10,11,14,15,16,11,10,10,10,10,10,10,15,15,16,16,16,17,18,18,11,11,11,11,11,11,11,12,16,16,17,18,18,12,12,11,11,11,11,17,18,18,19,13,12,12,12,12,13,13,16,17,18,18,19,13,13,12,12,14,16,18,19,20,21,14,13,15,16,18,20,14,13,13,13,13,14,15,16,17,18,18,19,22,14,14,15,17,19,21,15,15,14,14,14,15,15,15,16,16,17,15,15,15,15,15,15,16,16,17,21,16,15,15,16,16,16,16,19
93,10,9,8,8,9,14,9,9,9,8,7,9,9,8,7,7,7,7,7,9,9,8,7,7,7,6,10,8,6,6,7,6,5,6,10,8,7,6,5,6,6,7,7,6,6,4,5,8,7,6,5,3,3,7,7,6,5,5,3,3,3,4,5,5,16,7,6,2,7,5,2,2,2,5,5,1,2,5,6,6,7,8,9,4,3,6,6,7,7,8,9,1,0,1,3,7,1,1,1,4,7,8,3,1,3,4,2,2,3,5,6,4,4,2,5,5,10,7,5,4,5,8,11,4,4,5,5,5,12,6,5,5,8,9,5,5,6,6,8,9,6,17,7,9,14,7,8,9,9,8,10,11,8,8,9,9,9,10,11,9,8,8,8,9,10,11,14,10,10,9,9,9,10,14,15,17,10,10,9,9,10,11,14,14,16,11,11,10,10,10,10,10,14,15,15,16,16,17,17,18,12,11,11,11,11,11,11,12,15,16,16,17,18,12,12,12,11,11,11,17,17,18,19,13,13,12,12,12,12,13,16,17,17,18,19,13,13,13,12,14,16,18,19,19,20,14,13,15,16,18,20,14,14,13,13,13,14,15,16,16,18,18,18,21,14,14,15,17,19,21,15,15,15,14,14,15,15,15,15,16,16,15,15,15,15,15,15,15,16,17,21,16,15,15,16,16,16,16,18
94,11,10,8,8,9,13,10,10,9,9,7,10,9,9,8,8,7,7,7,10,9,9,8,8,7,6,9,9,5,6,8,7,5,6,9,9,8,7,6,5,6,8,8,7,7,4,4,7,8,7,6,3,3,8,8,7,6,6,3,3,3,3,4,4,15,8,7,2,6,6,3,2,2,4,6,2,1,4,5,5,6,7,8,5,4,4,5,6,6,7,8,2,1,0,2,5,1,1,1,3,6,7,5,2,2,5,2,2,2,4,5,5,5,2,4,6,9,8,6,4,5,7,10,4,4,4,4,5,11,7,5,5,7,8,5,5,5,6,7,8,6,16,6,9,13,7,8,8,8,8,9,10,9,8,8,9,9,9,11,9,9,8,8,9,10,10,13,11,10,9,9,9,10,13,14,16,11,10,9,9,10,10,13,14,15,11,11,11,11,10,10,10,14,14,14,15,15,16,16,17,12,12,12,11,11,11,10,11,14,15,16,16,17,13,12,12,12,12,11,16,16,17,18,14,13,13,12,12,12,12,15,16,16,17,18,14,13,13,12,13,15,17,18,18,20,15,13,14,15,17,19,14,14,14,13,13,14,14,16,16,17,17,18,20,14,14,14,16,18,20,15,15,15,15,15,15,15,15,15,15,16,15,15,15,15,15,15,15,16,16,20,17,16,15,16,16,16,16,18
95,12,11,9,8,8,12,11,11,11,10,8,11,11,10,9,9,8,8,7,11,11,10,9,9,9,6,8,10,6,6,10,8,5,5,8,10,10,8,7,4,5,10,9,9,8,4,4,5,10,8,7,4,4,10,9,8,8,7,4,4,3,3,3,3,13,10,9,4,4,7,4,4,3,2,7,3,2,2,3,3,4,6,7,7,6,3,3,4,4,6,6,3,3,2,0,4,3,2,2,1,4,6,6,3,1,7,4,2,2,3,3,7,6,4,3,8,8,9,8,3,4,5,9,5,4,4,4,4,9,8,6,4,6,7,6,5,5,5,6,7,5,14,6,7,11,7,7,7,7,9,8,9,10,8,8,8,8,9,9,10,9,9,9,8,9,9,12,12,11,9,9,9,9,12,13,15,11,11,10,10,9,10,12,12,14,12,12,12,11,11,10,10,13,13,13,14,14,15,15,16,13,13,12,12,12,11,11,11,13,14,14,15,16,14,13,13,13,12,12,15,15,16,17,15,14,14,13,12,12,12,14,15,15,16,17,15,14,14,12,13,14,16,17,17,18,16,13,14,14,16,18,15,15,14,14,13,13,14,15,15,16,16,16,19,14,14,14,15,17,19,16,16,15,15,15,14,14,14,15,15,15,16,15,15,15,15,15,15,15,16,19,17,16,16,15,15,15,16,17
96,15,14,11,8,8,9,15,14,14,13,11,14,14,13,12,11,11,10,8,15,14,14,13,12,12,7,6,13,8,7,13,12,7,6,5,14,13,12,10,6,5,13,13,12,12,7,5,4,14,12,11,7,6,13,13,12,11,11,7,7,6,5,4,4,9,13,12,7,2,11,8,7,7,3,11,7,6,2,2,1,1,2,3,10,10,1,1,1,1,2,2,7,7,5,4,0,7,6,6,3,1,2,10,7,4,11,7,5,5,2,2,11,10,7,3,11,4,13,11,5,4,3,6,8,6,5,5,5,6,11,9,6,4,5,9,7,6,6,5,5,7,11,7,6,8,9,7,7,7,12,7,7,13,10,8,8,8,8,8,13,11,11,10,9,8,8,10,15,14,11,11,9,9,10,10,12,14,14,12,11,10,9,10,10,11,15,14,14,14,13,12,12,11,11,11,11,12,12,13,13,16,15,15,14,14,13,12,11,11,12,12,13,13,16,16,15,15,14,13,13,13,13,14,17,16,16,15,12,12,12,12,13,13,13,14,17,16,16,13,12,13,14,14,15,16,18,15,13,13,14,15,17,16,16,16,14,13,13,13,14,14,14,15,16,14,14,14,14,15,17,18,17,17,17,17,15,14,14,14,14,14,18,16,16,15,15,15,15,15,15,17,19,17,17,16,16,16,15,16
97,10,10,8,9,10,15,10,9,9,9,8,9,9,9,8,8,7,7,7,9,9,9,8,8,7,7,10,8,6,6,8,7,6,7,10,8,8,7,5,6,7,7,7,7,6,5,5,8,8,6,5,4,4,7,7,6,5,5,3,3,3,4,5,6,16,7,6,3,7,5,2,2,2,5,5,2,2,5,6,6,7,8,9,4,3,6,6,7,7,8,9,1,1,1,3,7,0,1,1,4,7,8,3,1,3,4,1,2,2,5,6,4,4,2,5,5,10,7,5,4,5,8,11,3,4,4,5,5,11,5,4,5,8,9,5,5,6,6,7,8,6,17,6,9,13,6,8,8,9,7,9,10,8,7,8,9,9,10,11,8,8,8,8,8,10,10,14,10,9,8,8,9,10,13,15,17,10,9,9,9,9,10,14,14,15,10,10,10,10,9,9,9,14,14,15,15,16,17,17,18,11,11,11,10,10,10,10,11,15,15,16,17,17,12,11,11,11,11,11,16,17,17,19,13,12,12,11,12,12,12,16,16,17,17,18,13,12,12,12,13,16,18,18,19,20,14,12,14,15,17,20,13,13,13,13,13,14,14,16,16,17,18,18,21,13,14,14,16,19,21,14,14,14,14,14,14,14,15,15,15,16,15,14,14,15,15,15,15,16,16,21,16,15,15,15,15,15,16,18
98,11,10,9,9,9,14,10,10,9,9,8,10,9,9,8,8,7,7,7,10,9,9,8,8,8,7,10,9,6,6,8,7,6,6,10,9,8,7,6,6,6,8,7,7,7,4,5,7,8,7,6,4,4,8,7,6,6,6,3,3,3,4,5,5,15,8,7,3,7,5,3,2,2,4,5,2,2,5,5,6,6,8,9,5,4,5,6,6,7,8,8,1,1,1,2,6,1,0,1,3,6,8,4,1,2,5,2,2,2,5,5,5,4,2,5,5,10,7,6,4,5,7,11,3,4,4,4,5,11,6,4,4,8,9,5,4,5,6,7,8,5,16,6,9,13,6,7,8,8,7,9,10,8,7,8,8,9,9,11,9,8,8,8,8,9,10,13,10,9,8,8,9,9,13,14,16,10,10,9,9,9,10,13,14,15,11,10,10,10,10,9,9,14,14,14,15,15,16,17,17,11,11,11,11,10,10,10,11,14,15,16,16,17,12,12,11,11,11,11,16,16,17,18,13,12,12,12,11,12,12,15,16,16,17,18,13,12,12,12,13,15,17,18,18,20,14,12,14,15,17,19,13,13,13,13,13,13,14,15,16,17,17,18,20,13,13,14,16,18,20,14,14,14,14,14,14,14,14,15,15,15,15,14,14,14,15,15,15,16,16,20,16,15,15,15,15,15,15,18
99,11,10,9,9,9,14,11,10,10,9,8,10,10,9,8,8,8,7,7,10,10,9,9,8,8,7,9,9,6,6,9,7,6,6,9,9,9,7,6,5,6,8,8,7,7,4,5,7,9,7,6,4,4,8,8,7,6,6,3,3,3,4,4,5,15,8,7,3,6,6,3,3,2,4,6,2,2,4,5,5,6,7,8,5,5,5,5,6,6,7,8,2,1,1,2,6,1,1,0,3,5,7,4,1,2,5,2,1,2,4,5,5,5,2,4,6,9,8,6,3,4,7,10,4,3,4,4,4,10,6,4,4,7,8,5,4,5,5,7,7,5,16,6,8,12,6,7,7,8,8,9,9,8,7,8,8,8,9,10,9,8,8,8,8,9,9,13,10,10,8,8,9,9,12,14,16,10,10,9,9,9,10,13,13,15,11,11,10,10,10,9,9,13,14,14,14,15,16,16,17,12,11,11,11,11,10,10,11,14,14,15,16,16,12,12,12,11,11,11,16,16,16,18,13,13,12,12,11,11,12,15,16,16,16,18,13,13,12,12,13,15,17,18,18,19,14,12,14,15,16,19,14,13,13,13,13,13,14,15,15,16,17,17,20,13,13,14,16,18,20,15,14,14,14,14,14,14,14,14,15,15,15,14,14,14,14,15,15,15,16,20,16,15,15,15,15,15,15,17
100,13,12,10,8,8,12,13,12,12,11,9,12,12,11,10,10,9,9,7,12,12,11,11,10,10,7,8,11,7,6,11,9,6,6,7,12,11,10,8,5,5,11,10,10,9,5,5,5,11,10,9,5,5,11,10,9,9,8,5,5,4,3,3,3,12,11,10,5,4,9,5,5,4,2,8,5,3,2,2,3,3,5,6,8,7,2,2,3,3,5,5,4,4,3,1,3,4,3,3,0,3,4,7,4,1,8,5,2,2,2,2,8,7,4,2,9,6,10,9,3,3,4,8,6,4,3,3,3,8,9,6,4,5,6,7,5,4,4,5,6,5,13,6,6,10,7,6,6,6,9,7,8,10,8,7,7,7,8,8,11,9,9,8,8,8,8,11,12,11,9,9,8,8,11,12,13,12,11,10,10,9,9,11,11,12,12,12,12,11,11,10,10,11,12,12,12,13,14,14,14,13,13,13,12,12,11,10,10,12,13,13,14,14,14,13,13,13,12,12,14,14,14,16,15,14,14,13,11,11,11,13,14,14,14,16,15,14,14,12,12,13,15,16,16,17,16,13,13,13,15,17,15,15,14,14,13,13,13,14,14,15,15,15,18,13,13,13,15,16,18,16,15,15,15,15,14,14,14,14,14,14,16,15,15,14,14,14,14,15,15,18,17,16,15,15,15,15,15,16
101,15,14,12,9,8,10,15,14,14,13,11,15,14,14,12,12,11,11,8,15,14,14,13,12,12,8,7,14,8,8,13,12,8,6,6,14,14,12,10,6,5,13,13,12,12,7,6,4,14,12,11,8,7,14,13,12,11,11,7,7,6,5,4,4,9,13,12,7,3,11,8,7,7,3,11,7,6,2,2,2,2,2,3,11,10,2,1,1,1,2,2,7,7,6,4,1,7,6,5,3,0,2,10,7,4,11,7,5,5,2,2,11,10,7,2,11,4,13,11,5,4,3,5,8,5,5,5,4,6,11,9,5,4,4,9,7,6,5,4,4,6,11,6,6,8,9,6,6,6,11,7,7,12,10,7,7,7,7,7,13,11,10,10,8,8,8,9,14,13,11,11,9,8,9,10,11,14,13,11,11,9,9,10,10,11,14,14,14,13,12,12,11,10,10,11,11,11,12,12,12,15,15,14,14,14,13,11,10,11,11,12,12,13,16,15,15,14,14,13,12,12,13,14,17,16,16,15,11,11,11,12,12,13,13,14,17,16,15,13,12,12,13,14,14,15,18,14,12,12,13,15,16,16,16,15,14,13,13,13,13,14,14,14,16,14,14,13,14,15,16,17,17,17,16,16,14,14,14,14,14,14,17,16,16,15,15,15,14,14,14,17,19,17,16,15,15,15,15,15
102,17,16,13,10,9,9,16,16,15,15,12,16,15,15,14,13,12,12,9,16,16,15,14,14,13,9,7,15,9,9,15,13,9,7,6,16,15,14,12,7,6,15,14,14,13,8,7,5,15,14,13,9,8,15,15,14,13,13,9,8,8,6,5,5,8,15,14,9,3,13,10,9,9,4,13,9,7,4,3,3,2,2,2,12,12,3,2,2,2,1,1,9,8,7,6,2,8,8,7,4,2,0,12,8,6,12,9,7,6,3,3,12,12,8,4,13,3,15,13,6,5,3,4,9,7,6,6,5,4,13,10,7,4,4,10,8,7,6,5,5,7,9,7,6,7,10,7,7,6,13,7,7,14,11,8,8,8,7,7,14,12,11,11,9,8,8,8,16,15,12,12,10,9,9,9,10,15,15,12,12,10,9,9,9,10,16,15,15,14,14,13,12,10,10,10,10,10,11,11,11,16,16,16,15,15,14,12,10,10,10,11,11,12,17,16,16,16,15,14,11,12,12,13,18,17,17,16,12,12,11,11,12,12,12,13,18,17,16,13,12,12,13,13,13,14,19,15,12,12,13,14,18,17,17,16,15,13,13,13,13,13,13,13,15,14,14,14,13,14,15,18,18,18,17,17,14,14,14,14,14,14,18,17,17,15,15,15,15,14,14,16,20,18,17,16,15,15,15,15
103,9,9,9,11,12,18,9,9,8,8,9,8,8,8,8,8,8,8,9,8,8,7,7,7,7,9,13,7,8,8,6,6,7,9,14,6,6,6,6,9,9,6,5,5,5,7,8,11,5,5,4,5,6,5,5,4,4,4,5,5,6,7,8,9,19,5,4,5,10,3,4,4,4,8,2,4,5,9,9,10,10,12,13,2,2,9,9,10,11,12,12,3,3,5,6,10,3,4,4,7,10,12,0,3,6,1,3,5,6,8,9,1,1,3,8,2,13,4,2,6,8,11,14,4,6,7,7,8,15,3,4,7,11,12,4,6,8,8,10,11,7,20,8,12,16,7,10,10,11,6,12,13,7,7,10,11,11,12,13,7,7,8,8,10,12,12,16,8,8,8,8,10,11,16,17,19,8,8,9,9,11,12,16,17,18,9,9,9,9,9,9,10,16,17,17,18,18,19,20,20,9,9,9,9,9,9,10,12,17,18,18,19,20,10,10,10,10,10,10,19,19,20,21,11,11,11,10,13,13,13,18,19,19,20,21,11,11,11,12,15,18,20,21,21,23,12,12,16,17,19,22,12,12,12,12,13,15,16,18,18,19,20,20,23,14,14,15,18,21,23,13,13,13,13,13,15,15,16,16,16,17,14,14,14,15,15,15,16,17,18,23,14,14,15,16,16,16,17,19
104,11,10,9,9,10,15,10,10,10,9,8,10,9,9,8,8,8,8,8,10,9,9,8,8,8,7,11,9,7,7,8,7,6,7,11,9,8,7,6,6,7,8,7,7,7,5,6,8,8,7,6,4,5,8,7,6,6,5,4,4,4,5,5,6,16,7,6,3,7,5,3,3,3,5,5,2,2,5,6,6,7,9,10,4,4,6,6,7,7,8,9,1,1,2,3,7,1,1,1,4,7,8,3,0,3,4,1,2,2,5,6,4,3,1,5,5,10,6,5,4,5,7,11,3,4,4,4,5,11,5,3,4,8,9,4,4,5,5,7,8,5,17,6,9,13,6,7,8,8,7,9,10,7,7,8,8,9,9,11,8,7,7,7,8,9,10,14,9,9,8,8,8,9,13,14,16,9,9,8,8,9,10,13,14,15,10,10,9,9,9,9,9,14,14,15,15,15,16,17,17,11,10,10,10,10,9,9,11,14,15,16,17,17,11,11,11,10,10,10,16,16,17,18,12,12,11,11,11,11,12,15,16,16,17,18,12,12,11,11,13,15,17,18,18,20,13,12,14,15,17,19,13,13,12,12,12,13,14,15,16,17,17,18,20,13,13,14,16,18,20,14,14,13,13,13,14,14,14,14,15,15,14,14,14,14,14,14,14,15,16,20,15,14,14,15,15,15,15,17
105,12,12,10,9,9,13,12,12,11,11,9,12,11,11,10,9,9,9,8,12,11,11,10,10,9,7,9,11,7,7,10,9,6,6,9,11,10,9,7,6,6,10,10,9,9,5,5,6,10,9,8,5,5,10,10,9,8,8,5,4,4,4,4,4,13,10,9,4,5,8,5,4,4,3,7,4,3,3,4,4,4,6,7,7,6,3,4,4,5,6,6,3,3,2,1,4,3,2,2,1,4,6,6,3,0,7,3,1,1,2,3,7,6,3,2,7,7,9,7,2,3,5,9,4,3,3,3,3,9,7,5,3,5,6,5,4,4,4,5,6,4,14,5,7,11,6,6,6,6,8,7,8,9,7,7,7,7,8,9,9,8,8,7,7,8,8,11,11,10,8,8,8,8,11,12,14,11,10,9,9,8,9,11,12,13,11,11,11,10,10,9,9,12,12,12,13,13,14,15,15,12,12,11,11,11,10,9,10,12,13,14,14,15,13,12,12,12,11,11,14,14,15,16,14,13,13,12,11,11,11,13,14,14,15,16,14,13,13,11,12,13,15,16,16,18,15,12,13,13,15,17,14,14,13,13,12,12,13,14,14,15,15,16,18,13,13,13,15,16,18,15,15,14,14,14,13,13,13,13,14,14,15,14,14,14,14,14,14,14,15,18,16,15,15,14,14,14,14,16
106,10,9,10,12,13,18,9,9,9,9,9,9,8,8,8,8,9,9,10,8,8,8,8,8,8,10,14,7,9,9,7,7,8,10,14,7,6,6,6,9,10,6,6,6,6,7,9,12,6,5,5,6,7,5,5,5,4,4,6,6,7,8,9,9,20,5,4,5,11,3,4,5,5,9,3,4,6,9,10,10,11,12,13,2,2,10,10,11,11,12,13,4,4,5,7,11,4,5,5,8,11,12,1,4,7,0,3,5,6,9,9,1,1,4,9,1,14,3,2,7,8,11,15,4,6,7,7,8,15,3,4,7,11,12,4,6,8,8,10,11,8,20,8,12,17,7,10,11,11,6,12,13,6,7,10,11,11,12,14,7,7,8,8,10,12,12,17,7,7,8,8,10,11,16,17,20,8,8,8,9,11,12,16,17,18,8,8,8,8,9,9,9,17,17,17,18,18,19,20,20,9,9,9,9,9,9,10,12,17,18,19,20,20,9,9,9,9,9,10,19,19,20,21,10,10,10,10,13,13,13,18,19,19,20,21,11,10,10,12,15,18,20,21,21,23,11,11,16,17,19,22,12,12,12,12,13,15,16,18,18,19,20,20,23,14,14,15,18,21,23,13,13,13,13,13,15,15,15,16,16,17,13,14,14,15,15,15,16,17,18,23,14,14,14,15,16,16,16,19
107,11,10,9,10,11,16,10,10,10,10,9,10,10,9,9,9,8,8,9,10,9,9,9,8,8,8,11,9,7,7,8,7,7,8,11,9,8,7,6,7,8,8,7,7,7,6,6,9,8,7,6,5,5,7,7,6,6,6,4,5,5,6,6,7,17,7,6,4,8,5,3,3,3,6,5,3,3,6,7,7,8,9,10,4,4,6,7,7,8,9,10,2,2,2,4,7,1,2,2,5,7,9,3,1,3,3,0,2,3,6,6,3,3,1,6,4,11,6,4,4,5,8,12,2,4,4,4,5,12,4,3,4,8,9,3,4,5,6,7,8,5,17,6,9,13,5,7,8,8,6,9,10,7,6,8,8,9,9,11,7,7,7,7,8,9,10,14,8,8,7,7,8,9,13,15,16,8,8,8,8,9,9,13,14,15,9,9,9,9,8,8,8,14,14,15,15,16,17,17,17,10,10,9,9,9,9,9,10,15,15,16,17,17,11,10,10,10,10,9,16,17,17,18,11,11,11,10,11,11,11,15,16,16,17,18,12,11,11,11,13,15,17,18,19,20,13,11,14,15,17,19,12,12,12,12,12,13,14,15,16,17,17,18,21,13,13,13,16,18,20,13,13,13,13,13,13,14,14,14,14,15,13,13,13,14,14,14,14,15,16,20,14,14,14,14,14,15,15,17
108,12,11,10,9,10,14,12,11,11,11,9,11,11,11,10,9,9,9,8,11,11,11,10,9,9,8,10,10,7,7,10,9,7,7,10,10,10,9,7,6,7,9,9,9,8,6,6,7,10,8,7,5,5,9,9,8,7,7,5,5,4,5,5,5,14,9,8,4,6,7,4,4,4,4,7,4,3,4,5,5,6,7,8,6,5,4,5,5,6,7,7,3,2,2,2,5,2,2,1,2,5,7,5,2,1,5,2,0,1,3,4,6,5,2,3,6,8,8,6,2,3,6,9,3,2,2,3,3,10,6,4,3,6,7,4,3,4,4,6,6,4,15,5,7,11,5,6,6,7,7,7,8,8,6,7,7,7,8,9,8,7,7,7,7,8,8,12,10,9,7,7,7,8,11,13,15,9,9,8,8,8,8,12,12,13,10,10,10,9,9,9,8,12,12,13,13,14,15,15,16,11,11,10,10,10,9,9,9,13,13,14,15,15,12,11,11,11,10,10,14,15,15,17,13,12,12,11,10,10,10,14,14,15,15,16,13,12,12,10,12,14,16,16,17,18,14,11,13,13,15,18,13,13,12,12,12,12,13,14,14,15,16,16,19,12,12,13,15,17,19,14,14,13,13,13,13,13,13,13,13,14,14,13,13,13,13,13,13,14,15,19,15,14,14,14,14,14,14,16
109,12,12,10,9,10,14,12,12,11,11,9,12,11,11,10,10,9,9,8,12,11,11,10,10,9,8,9,11,7,7,10,9,7,7,9,11,10,9,7,6,6,10,9,9,9,6,6,7,10,9,8,5,5,10,9,8,8,7,5,5,5,4,5,5,14,10,9,4,6,7,5,4,4,4,7,4,3,4,4,5,5,7,8,6,6,4,4,5,5,6,7,3,3,2,2,5,2,2,2,2,5,6,6,2,1,6,3,1,0,3,3,6,6,2,3,7,8,8,7,2,3,5,9,4,2,2,2,3,9,7,4,3,6,7,5,3,3,4,5,6,4,14,5,7,11,5,6,6,6,7,7,8,8,6,6,7,7,7,9,9,7,7,7,7,8,8,11,10,9,8,7,7,8,11,12,14,10,9,8,8,8,8,11,12,13,11,10,10,10,9,9,8,12,12,12,13,13,14,15,15,11,11,11,10,10,10,9,9,12,13,14,15,15,12,11,11,11,11,10,14,14,15,16,13,12,12,11,10,10,10,13,14,14,15,16,13,12,12,10,11,13,15,16,16,18,14,11,12,13,15,17,13,13,13,12,12,12,12,14,14,15,15,16,18,12,12,12,14,16,18,14,14,14,13,13,13,13,13,13,13,14,14,13,13,13,13,13,13,14,14,18,15,14,14,14,14,14,14,16
110,14,14,11,9,9,12,14,14,13,13,11,14,13,13,12,11,11,10,9,14,13,13,12,12,11,8,8,13,8,8,12,11,8,7,8,13,13,11,9,6,6,12,12,11,11,7,6,6,13,11,10,7,6,12,12,11,10,10,7,6,6,5,5,4,11,12,11,6,4,10,7,6,6,3,10,6,5,3,3,3,3,4,5,9,9,2,2,3,3,4,4,6,5,4,3,2,5,5,4,2,2,3,8,5,2,9,6,3,3,0,1,9,8,5,1,9,5,11,9,3,2,3,6,6,4,3,3,2,6,9,7,4,4,4,7,5,4,3,3,4,4,12,5,5,8,7,5,5,5,9,6,6,10,8,6,6,6,6,7,11,9,8,8,7,7,7,9,12,11,9,9,7,7,9,10,12,12,11,9,9,8,8,9,10,11,12,12,12,11,11,10,9,10,10,11,11,11,12,12,13,13,13,12,12,12,11,10,9,11,11,12,12,13,14,13,13,12,12,11,12,12,13,14,15,14,14,13,10,10,10,12,12,13,13,14,15,14,13,11,11,12,13,14,14,16,16,13,11,12,13,15,15,14,14,13,12,12,12,12,13,13,14,14,16,12,12,12,13,15,16,15,15,15,15,14,13,13,13,13,13,13,16,14,14,13,13,13,13,13,13,16,17,15,15,14,14,14,14,15
111,15,14,12,10,9,11,15,14,14,13,11,14,14,13,12,12,11,11,9,14,14,13,13,12,12,8,8,13,8,8,13,11,8,7,7,14,13,12,10,6,6,13,12,12,11,7,6,6,13,12,11,7,7,13,12,11,11,10,7,7,6,5,5,5,11,13,12,7,4,10,7,7,6,3,10,7,5,3,3,3,3,4,5,10,9,2,2,2,3,4,4,6,6,5,3,2,6,5,5,2,2,3,9,6,3,9,6,4,3,1,0,9,9,6,1,10,5,12,10,3,2,2,6,6,4,4,3,3,6,10,7,4,3,4,7,5,4,4,3,4,5,11,5,5,8,7,5,5,5,10,6,6,11,8,6,6,6,6,7,11,9,9,8,7,7,7,9,13,12,9,9,7,7,9,10,11,12,12,10,9,8,8,9,9,11,13,12,12,12,11,10,10,10,10,10,11,11,12,12,12,14,13,13,12,12,11,10,9,10,11,11,12,12,14,14,13,13,12,11,12,12,12,14,15,14,14,13,10,10,10,11,12,12,13,14,15,14,14,11,11,12,13,14,14,15,16,13,11,12,13,15,15,15,14,14,12,12,12,12,12,13,13,14,16,12,12,12,13,14,16,16,15,15,15,15,13,13,13,13,13,13,16,15,14,13,13,13,13,13,13,16,17,15,15,14,14,14,14,14
112,10,10,10,12,13,19,10,9,9,9,10,9,9,9,9,9,9,9,11,9,9,8,8,8,8,10,14,8,9,9,7,7,9,11,15,7,7,7,7,10,11,6,6,6,6,8,9,12,6,6,5,7,7,6,5,5,5,5,6,7,7,8,9,10,20,5,5,6,11,4,5,5,5,9,3,5,6,9,10,10,11,13,14,3,3,10,10,11,11,12,13,4,4,5,7,11,4,5,5,8,11,12,1,4,7,1,3,6,6,9,9,0,1,4,9,1,14,2,1,7,8,11,15,4,6,7,7,8,15,2,4,7,11,12,4,6,8,8,10,11,7,20,8,12,16,6,10,10,11,5,12,13,6,7,10,10,11,12,13,6,7,7,7,9,12,12,17,7,7,7,8,10,11,16,17,19,7,7,8,8,10,11,16,16,18,8,8,8,8,8,8,9,16,17,17,18,18,19,20,20,8,8,8,8,8,9,10,12,17,17,18,19,20,9,9,9,9,9,9,19,19,20,21,10,9,9,9,12,12,13,18,18,19,19,21,10,10,10,11,14,17,20,21,21,23,11,11,16,17,19,22,11,11,11,11,12,14,15,17,18,19,19,20,23,13,14,15,18,21,23,12,12,12,12,12,14,15,15,15,16,17,13,13,13,14,15,15,15,16,17,23,13,13,14,15,15,16,16,19
113,10,10,10,12,13,18,10,10,9,9,10,9,9,9,9,9,9,9,10,9,9,9,8,8,8,10,14,8,9,9,7,7,8,10,14,7,7,7,7,9,10,7,6,6,6,7,9,12,6,6,6,6,7,6,6,5,5,5,6,6,7,8,9,9,19,6,5,6,11,4,4,5,5,9,3,4,6,9,9,10,10,12,13,3,3,9,10,10,11,12,12,4,4,5,6,10,4,4,5,7,10,12,1,3,6,1,3,5,6,8,9,1,0,3,8,1,13,3,2,6,8,11,14,3,6,6,7,7,14,2,3,6,11,12,4,5,7,8,10,11,7,20,8,11,16,6,9,10,10,5,11,12,5,6,9,10,10,11,13,6,6,7,7,9,11,12,16,7,7,7,7,9,11,15,17,19,7,7,8,8,10,11,15,16,17,8,8,8,8,8,8,9,16,16,17,17,18,19,19,20,8,8,8,8,8,8,9,12,17,17,18,19,19,9,9,9,9,9,9,18,19,19,21,10,9,9,9,12,12,12,17,18,18,19,20,10,10,10,11,14,17,19,20,21,22,11,11,15,16,19,21,11,11,11,11,12,14,15,17,17,18,19,19,23,13,13,14,18,20,22,12,12,12,12,12,14,14,15,15,15,16,13,13,13,14,14,15,15,16,17,22,13,13,13,15,15,15,16,19
114,12,11,10,10,11,16,11,11,11,10,9,11,10,10,9,9,9,9,9,11,10,10,9,9,9,9,11,9,8,8,9,8,7,8,11,9,9,8,7,7,8,9,8,8,7,6,7,9,9,7,7,5,6,8,8,7,7,6,5,5,5,6,6,7,16,8,7,4,8,6,4,4,4,6,5,3,3,6,6,7,7,9,10,5,4,6,7,7,8,9,9,2,2,2,4,7,2,2,2,4,7,8,3,1,3,4,1,2,2,5,6,4,3,0,5,4,10,6,5,3,5,7,11,2,3,3,4,4,11,4,2,4,7,9,3,3,4,5,7,8,4,16,5,8,13,4,7,7,7,6,8,9,6,5,7,7,8,9,10,7,6,6,6,7,9,9,13,8,8,7,7,7,8,12,14,16,8,8,7,7,8,9,13,13,15,9,9,8,8,8,8,8,13,13,14,14,15,16,16,17,10,9,9,9,9,8,8,10,14,14,15,16,17,10,10,10,9,9,9,15,16,16,18,11,11,10,10,10,10,11,14,15,16,16,18,11,11,10,10,12,14,16,17,18,19,12,11,13,14,16,19,12,11,11,11,11,12,13,14,15,16,16,17,20,12,12,13,15,18,20,13,13,12,12,12,13,13,13,13,14,14,13,13,13,13,13,13,13,14,15,20,14,13,13,14,14,14,14,16
115,15,14,12,10,10,12,14,14,14,13,11,14,14,13,12,12,11,11,9,14,14,13,12,12,12,9,9,13,9,8,13,11,8,7,8,13,13,11,10,7,7,13,12,12,11,7,6,6,13,11,10,7,7,13,12,11,11,10,7,7,6,5,5,5,12,12,11,7,5,10,7,7,6,4,10,6,5,3,3,3,4,5,5,9,9,3,3,3,4,4,5,6,5,4,3,3,5,5,4,2,2,4,8,5,2,9,6,3,3,1,1,9,8,5,0,9,5,11,9,2,1,2,6,6,3,3,2,2,6,9,6,3,3,4,7,5,3,3,3,4,4,11,4,4,8,6,4,4,5,9,5,6,10,7,6,5,6,6,6,10,9,8,7,6,6,6,9,12,11,9,8,7,7,9,10,11,11,11,9,9,7,7,9,9,11,12,12,11,11,10,9,9,9,10,10,11,11,12,12,13,13,12,12,12,11,11,9,8,10,11,11,12,12,14,13,12,12,12,11,12,12,12,14,14,14,13,12,9,9,9,11,12,12,12,14,14,13,13,10,10,11,13,14,14,15,16,12,11,11,13,15,14,14,13,13,12,11,11,12,12,13,13,13,16,12,12,12,13,14,16,15,15,14,14,14,12,12,12,12,12,12,15,14,14,13,13,13,13,13,13,16,16,15,14,13,13,13,13,14
116,11,10,11,13,14,20,10,10,10,10,10,9,9,9,9,9,10,10,11,9,9,9,9,9,9,11,15,8,10,10,8,8,9,11,15,7,7,7,7,11,11,7,7,7,7,9,10,13,6,6,6,7,8,6,6,6,6,6,7,7,8,9,10,10,21,5,5,7,12,4,5,6,6,10,4,5,7,10,11,11,12,13,14,3,3,10,11,11,12,13,14,5,5,6,8,11,5,5,6,9,11,13,2,5,7,1,4,6,7,9,10,1,1,4,9,0,14,2,1,7,9,12,15,4,7,7,8,8,15,2,4,7,12,13,4,6,8,9,11,12,8,21,8,12,17,6,10,11,11,5,12,13,5,7,10,11,11,12,14,6,6,7,7,9,12,12,17,6,6,7,7,10,11,16,18,20,7,7,8,8,10,11,16,17,18,7,7,7,7,8,8,9,16,17,17,18,18,20,20,21,8,8,8,8,8,8,9,12,17,18,19,20,20,8,8,8,8,8,9,19,19,20,21,9,9,9,9,12,12,13,18,19,19,20,21,9,9,9,11,14,18,20,21,21,23,10,10,16,17,19,22,10,11,11,11,12,14,15,17,18,19,20,20,23,13,13,14,18,21,23,12,12,12,12,12,14,15,15,15,16,17,12,13,13,14,14,15,15,16,17,23,13,13,13,15,15,15,16,19
117,19,18,16,12,12,11,19,18,18,17,15,18,18,18,16,16,15,14,12,19,18,18,17,16,16,12,9,17,12,12,17,16,12,10,8,18,17,16,14,10,9,17,17,16,16,11,10,7,18,16,15,12,11,17,17,16,15,15,11,11,10,9,8,8,8,17,16,11,6,15,12,11,11,7,15,11,10,6,6,5,5,4,4,14,14,5,5,5,4,4,3,11,10,9,8,4,10,10,9,6,4,3,13,10,7,14,11,8,8,5,5,14,13,10,5,14,0,16,14,7,6,3,1,11,8,7,7,6,2,14,11,7,3,2,11,9,7,6,4,4,8,7,7,4,4,10,6,6,5,13,6,5,14,11,7,7,7,6,5,14,12,11,11,9,7,6,6,16,15,12,12,9,8,6,6,7,15,15,12,12,9,8,7,7,7,16,15,15,15,14,13,12,7,7,7,7,8,8,8,9,17,16,16,15,15,14,12,9,8,8,8,9,9,17,17,16,16,15,14,9,9,9,10,18,17,17,16,11,10,10,9,9,9,9,10,18,17,16,12,10,9,10,10,11,11,19,15,10,10,10,11,17,17,16,16,14,12,11,10,10,11,11,11,12,13,13,12,11,11,13,18,18,17,17,16,13,13,13,12,12,12,18,16,16,14,14,14,13,13,12,13,20,17,16,14,14,14,14,13
118,11,11,12,14,16,21,10,10,11,11,12,10,10,10,10,10,11,11,13,9,9,9,9,10,10,12,17,9,11,12,8,9,11,13,17,8,8,8,9,12,13,7,7,7,7,10,11,15,7,7,7,9,10,6,6,6,6,6,9,9,9,11,12,12,22,6,6,8,14,5,7,7,8,12,5,7,8,12,12,13,13,15,16,4,5,12,13,13,14,15,15,6,7,8,9,13,7,7,8,10,13,15,4,6,9,3,6,8,8,11,12,2,3,6,11,2,16,0,2,9,10,13,17,6,8,9,9,10,17,2,5,9,13,14,5,7,9,10,12,13,9,22,10,13,18,7,11,12,13,5,13,14,5,7,11,12,12,13,15,6,7,8,8,11,13,14,18,6,6,8,8,11,12,17,19,21,6,7,8,9,11,13,18,18,20,7,7,7,7,8,9,9,18,18,19,19,20,21,21,22,7,7,7,8,8,8,10,13,18,19,20,21,22,8,8,8,8,8,9,20,21,21,23,8,8,8,9,13,13,14,19,20,20,21,22,9,9,9,12,15,19,21,22,23,24,9,11,17,18,20,23,10,10,10,11,12,15,16,18,19,20,21,21,25,14,14,15,19,22,24,11,11,11,12,12,15,15,16,16,16,18,12,13,13,15,15,15,16,17,18,24,12,13,13,15,16,16,16,20
119,11,11,11,13,14,20,11,11,10,10,11,10,10,10,10,10,10,10,12,10,9,9,9,9,9,11,15,9,10,11,8,8,10,12,16,8,8,8,8,11,12,7,7,7,7,9,10,13,7,7,7,8,9,6,6,6,6,6,7,8,8,9,10,11,21,6,6,7,12,5,6,6,7,10,4,6,7,10,11,11,12,13,14,4,4,11,11,12,12,13,14,5,5,6,8,11,5,6,6,9,11,13,2,5,7,2,4,6,7,9,10,1,2,5,9,1,14,2,0,7,9,12,15,4,7,7,8,8,15,1,3,7,12,13,4,6,8,8,11,12,7,20,8,12,17,6,10,10,11,4,12,13,5,6,10,10,11,12,13,5,6,7,7,9,12,12,17,6,6,7,7,9,11,16,17,19,6,6,7,7,10,11,16,17,18,7,7,7,7,7,8,8,16,17,17,18,18,19,20,20,7,7,7,7,7,8,9,12,17,17,18,20,20,8,8,8,8,8,8,19,19,20,21,8,8,8,8,12,12,12,17,18,19,19,21,9,9,9,11,14,17,20,21,21,23,10,10,15,17,19,22,10,10,10,10,11,14,15,17,17,19,19,20,23,13,13,14,18,20,23,11,11,11,11,11,14,14,14,15,15,16,12,12,12,14,14,14,15,16,17,22,12,13,13,14,15,15,15,19
120,14,13,12,11,11,14,14,13,13,13,11,13,13,13,12,11,11,11,10,13,13,12,12,11,11,9,11,12,9,9,12,11,8,8,10,12,12,11,9,8,8,11,11,11,10,7,7,8,11,10,9,7,7,11,11,10,9,9,7,6,6,6,6,6,14,11,10,6,7,9,6,6,6,5,8,5,5,5,5,5,6,7,8,8,7,5,5,5,6,7,7,5,4,4,3,5,4,4,3,3,5,6,6,4,2,7,4,2,2,3,3,7,6,3,2,7,7,9,7,0,2,4,8,3,1,1,1,1,8,7,4,1,5,6,4,2,2,2,4,5,2,13,3,5,10,4,4,4,5,7,5,6,7,5,5,5,5,6,7,8,6,6,5,5,6,6,10,9,9,6,6,6,6,9,11,13,9,9,7,7,6,6,10,10,12,10,9,9,9,8,7,7,10,11,11,11,12,13,13,14,11,10,10,9,9,8,7,7,11,11,12,13,14,11,11,10,10,9,9,13,13,13,15,12,11,11,10,8,8,9,12,12,13,13,15,12,11,11,9,10,12,14,15,15,16,13,10,11,11,13,16,12,12,11,11,10,10,11,12,12,13,14,14,17,10,10,11,13,15,17,13,13,12,12,12,11,11,11,11,11,12,13,12,12,12,12,12,12,12,13,17,14,13,13,12,12,12,12,14
121,15,14,13,11,11,13,15,14,14,14,12,14,14,14,13,12,12,11,10,14,14,14,13,12,12,10,10,13,9,9,13,12,9,8,9,13,13,12,10,8,8,13,12,12,11,8,7,7,13,11,11,8,7,13,12,11,11,10,7,7,7,6,6,6,13,12,11,7,6,10,7,7,7,5,10,7,5,4,5,5,5,6,7,9,9,4,4,4,5,5,6,6,5,5,4,4,5,5,4,3,4,5,8,5,3,8,5,3,3,2,2,8,8,5,1,9,6,10,9,2,0,3,7,5,2,2,1,1,7,8,6,2,3,4,6,4,2,2,2,3,3,12,3,4,8,5,3,3,4,8,4,5,9,6,4,4,5,5,6,9,7,7,6,5,5,5,9,11,10,7,7,6,6,8,9,11,10,10,8,7,6,6,9,9,10,11,11,10,10,9,8,8,9,9,10,10,11,11,12,12,12,11,11,11,10,9,8,7,10,10,11,12,12,13,12,11,11,11,9,11,12,12,13,13,12,12,11,8,8,8,11,11,12,12,13,13,12,12,9,9,11,12,13,14,15,14,11,10,11,12,14,13,13,12,12,10,10,10,11,11,12,13,13,16,11,11,10,12,14,16,14,13,13,13,13,11,11,11,11,11,11,14,13,12,12,12,12,12,12,12,16,15,13,13,12,12,12,12,13
122,17,16,14,12,11,12,17,16,16,16,13,16,16,16,14,14,13,13,11,17,16,16,15,14,14,11,9,15,11,10,15,14,10,9,8,16,15,14,12,9,8,15,15,14,14,9,8,7,15,14,13,10,9,15,15,14,13,13,9,9,9,7,7,7,10,15,14,9,6,13,10,9,9,6,12,9,7,5,5,5,4,5,5,12,11,4,4,4,4,4,4,8,8,7,5,3,8,7,7,4,3,3,11,7,5,11,8,6,5,3,2,11,11,7,2,12,3,13,12,4,3,0,4,8,5,4,4,3,4,11,8,5,1,2,8,6,4,4,2,2,5,9,5,3,6,7,4,4,3,11,4,4,11,8,5,5,5,4,5,12,10,9,8,6,5,5,7,13,12,9,9,7,6,6,7,9,13,12,10,9,7,6,7,7,8,13,13,12,12,11,10,9,7,8,8,8,9,9,10,10,14,14,13,13,12,11,9,7,8,8,9,10,10,15,14,13,13,13,11,9,10,10,11,16,15,14,13,9,9,9,9,10,10,10,11,15,14,14,10,9,9,11,11,12,13,17,12,9,10,11,12,15,14,14,13,12,10,10,10,10,11,11,11,14,11,11,11,11,12,14,16,15,15,14,14,11,11,11,11,11,11,16,14,14,12,12,12,12,12,12,14,17,15,14,13,13,12,12,12
123,20,19,17,13,13,11,20,20,19,19,16,20,19,19,17,17,16,16,13,20,19,19,18,18,17,13,10,19,13,13,18,17,13,11,9,19,19,17,15,11,10,18,18,17,17,12,11,8,19,17,16,13,12,19,18,17,17,16,13,12,12,10,9,9,7,18,17,12,7,16,13,13,12,8,16,12,11,7,7,7,6,5,5,15,15,7,6,6,5,5,4,12,11,10,9,6,11,11,10,8,5,4,14,11,9,15,12,9,9,6,6,15,14,11,6,15,1,17,15,8,7,4,0,12,9,8,8,7,1,15,12,8,4,3,12,10,8,7,5,4,9,5,8,5,3,11,7,6,6,14,6,5,15,12,8,7,7,6,5,15,13,12,12,9,7,7,5,17,16,13,12,9,8,6,6,6,16,16,13,13,10,9,6,6,6,17,16,16,15,14,13,12,7,7,7,7,7,7,7,8,17,17,16,16,15,15,12,9,7,7,7,8,8,18,17,17,16,16,14,8,8,8,9,19,18,17,17,11,11,10,8,8,8,9,9,19,17,17,13,10,9,9,9,10,10,20,15,10,9,9,10,18,17,17,16,14,12,11,10,10,10,10,10,11,13,13,12,11,11,12,18,18,18,17,17,13,13,13,12,12,11,18,16,16,14,14,14,13,12,12,12,20,17,17,14,14,14,14,12
124,13,12,12,12,13,17,12,12,12,12,11,12,12,11,11,11,11,10,11,12,11,11,11,10,10,10,13,11,9,10,10,9,9,10,13,10,10,9,8,9,10,9,9,9,9,8,8,11,9,8,8,7,7,9,9,8,8,7,7,7,7,7,8,8,17,9,8,6,9,7,6,6,6,7,6,5,5,7,8,8,9,10,11,6,5,7,8,8,9,10,10,4,4,4,5,8,3,3,4,6,8,9,4,3,4,4,2,3,4,6,6,4,3,2,6,4,11,6,4,3,5,8,12,0,3,3,4,4,12,3,1,3,8,9,1,2,4,5,7,8,4,17,4,8,13,3,6,7,7,4,8,9,5,4,6,7,7,8,10,5,4,4,5,6,8,8,13,7,6,5,5,6,7,12,14,16,6,6,5,6,7,8,12,13,14,7,7,7,6,6,6,6,13,13,14,14,15,16,16,17,8,8,7,7,7,7,7,9,13,14,15,16,16,9,8,8,8,7,7,15,15,16,17,9,9,9,8,9,9,9,14,15,15,16,17,10,9,9,9,11,14,16,17,17,19,11,9,12,13,15,18,10,10,10,9,9,11,12,14,14,15,16,16,19,10,11,11,14,17,19,11,11,11,11,11,11,12,12,12,12,13,11,11,11,11,12,12,12,13,14,19,12,12,12,12,12,13,13,16
125,14,14,12,12,12,15,14,13,13,13,11,13,13,13,12,12,11,11,10,13,13,13,12,12,11,10,11,12,9,9,12,11,9,9,11,12,12,11,9,8,9,11,11,11,10,8,8,9,11,10,9,7,7,11,11,10,9,9,7,7,7,7,7,7,15,11,10,6,7,9,6,6,6,6,8,6,5,6,6,6,7,8,9,7,7,6,6,6,7,7,8,5,4,4,4,6,4,4,3,4,5,7,6,4,3,6,4,2,2,4,4,6,6,3,3,7,8,8,7,1,2,5,9,3,0,1,1,2,9,6,3,1,5,6,3,2,2,2,4,5,2,14,2,5,10,3,4,4,5,6,5,6,7,4,4,5,5,6,7,7,5,5,5,5,6,6,10,9,8,6,5,5,6,10,11,13,8,8,6,6,6,6,10,10,12,9,9,8,8,7,7,6,10,11,11,12,12,13,14,14,10,9,9,9,8,8,7,7,11,11,12,13,14,11,10,9,9,9,8,13,13,14,15,11,11,10,9,8,8,8,12,13,13,13,15,11,10,10,8,9,12,14,15,15,17,12,9,10,11,13,16,11,11,11,10,9,10,10,12,12,13,14,14,17,10,10,10,13,15,17,12,12,12,11,11,11,11,11,11,11,12,12,11,11,11,11,11,11,12,12,17,14,12,12,12,12,12,12,14
126,15,14,12,12,12,15,14,14,13,13,12,14,13,13,12,12,11,11,10,14,13,13,12,12,12,10,11,12,9,9,12,11,9,9,11,12,12,11,10,8,8,12,11,11,11,8,8,9,12,11,10,8,7,11,11,10,10,9,7,7,7,7,7,7,14,11,10,7,7,9,7,6,6,6,9,6,5,5,6,6,6,7,8,8,7,5,6,6,6,7,7,5,5,4,4,5,4,4,4,3,5,6,7,4,3,7,4,2,2,3,4,7,6,3,3,7,7,9,7,1,2,4,8,3,1,0,1,1,8,7,4,1,4,6,4,2,1,2,3,5,2,13,2,5,10,4,4,4,4,6,5,6,7,5,4,4,5,5,7,7,6,5,5,4,5,6,10,9,8,6,6,5,5,9,11,13,9,8,6,6,6,6,9,10,11,9,9,9,8,7,7,6,10,10,11,11,12,13,13,14,10,10,9,9,9,8,7,7,11,11,12,13,13,11,10,10,9,9,8,12,13,13,15,12,11,11,10,8,8,8,11,12,13,13,14,12,11,10,8,9,11,13,14,15,16,13,10,10,11,13,15,11,11,11,10,9,10,10,11,12,13,13,14,17,10,10,10,12,14,16,12,12,12,12,11,11,11,11,11,11,12,13,11,11,11,11,11,11,12,12,16,14,12,12,12,12,12,12,14
127,15,14,13,12,12,15,14,14,14,13,12,14,14,13,12,12,12,11,11,14,14,13,13,12,12,10,11,13,10,9,12,11,9,9,10,13,12,11,10,8,8,12,12,11,11,8,8,8,12,11,10,8,7,12,11,11,10,10,7,7,7,7,7,7,14,12,11,7,7,9,7,7,6,6,9,6,5,5,5,6,6,7,8,8,8,5,5,6,6,7,7,5,5,4,4,5,5,4,4,3,5,6,7,4,3,7,4,3,2,3,3,7,7,4,2,8,7,9,8,1,1,4,8,4,1,1,0,1,8,7,4,1,4,5,5,2,1,1,3,4,2,13,2,4,9,4,3,4,4,7,5,6,8,5,4,4,4,5,6,8,6,5,5,4,5,5,9,10,9,6,6,5,5,9,10,12,9,9,7,6,5,6,9,9,11,10,9,9,9,8,7,7,9,10,10,11,11,12,13,13,11,10,10,9,9,8,7,7,10,11,11,12,13,11,11,10,10,9,8,12,12,13,14,12,11,11,10,8,8,8,11,12,12,13,14,12,11,11,8,9,11,13,14,14,16,13,10,10,11,12,15,12,11,11,11,10,9,10,11,11,12,13,13,16,10,10,10,12,14,16,13,12,12,12,12,10,11,11,11,11,11,13,12,11,11,11,11,11,11,12,16,14,12,12,12,12,12,12,13
128,15,15,13,12,12,14,15,14,14,14,12,14,14,14,13,12,12,12,11,14,14,14,13,13,12,10,11,13,10,10,13,12,9,9,10,13,13,12,10,8,8,13,12,12,11,8,8,8,13,11,11,8,8,12,12,11,11,10,8,7,7,7,7,7,13,12,11,7,7,10,7,7,7,6,10,7,6,5,5,5,6,7,7,9,8,5,5,5,6,6,7,6,5,5,4,5,5,5,4,3,4,5,8,5,3,8,5,3,3,2,3,8,7,4,2,8,6,10,8,1,1,3,7,4,2,1,1,0,7,8,5,1,3,4,5,3,1,1,2,3,2,12,2,4,9,4,3,3,4,7,4,5,8,5,4,4,4,5,6,8,7,6,5,4,5,5,9,10,9,7,6,5,5,8,10,12,9,9,7,7,6,6,9,9,10,10,10,9,9,8,7,7,9,9,10,10,11,12,12,13,11,11,10,10,9,9,7,7,10,10,11,12,12,12,11,11,10,10,9,11,12,12,14,13,12,11,11,8,8,8,11,11,12,12,13,12,11,11,9,9,11,12,13,14,15,14,10,10,10,12,15,12,12,11,11,10,9,10,11,11,12,12,13,16,10,10,10,12,14,16,13,13,12,12,12,10,10,11,11,11,11,13,12,12,11,11,11,11,11,12,16,15,13,12,12,12,12,12,13
129,21,20,17,14,13,12,20,20,19,19,16,20,20,19,18,17,16,16,14,20,20,19,18,18,17,13,10,19,14,13,19,17,13,11,9,19,19,17,16,11,11,19,18,18,17,13,11,9,19,17,16,13,12,19,18,17,17,16,13,12,12,11,10,9,8,19,18,13,7,16,13,13,12,9,16,13,11,8,7,7,7,6,5,15,15,7,7,6,6,5,5,12,12,11,9,6,11,11,10,8,6,4,15,11,9,15,12,10,9,6,6,15,14,11,6,15,2,17,15,8,7,4,1,12,9,8,8,7,0,15,12,8,4,3,12,10,8,7,5,4,8,5,8,4,2,11,7,6,6,14,6,5,15,12,8,7,7,6,5,15,13,12,11,9,7,6,4,17,16,13,12,9,8,5,5,6,16,15,13,12,9,8,6,5,6,17,16,16,15,14,13,12,6,6,6,6,6,7,7,7,17,17,16,16,15,14,12,9,7,7,7,7,7,18,17,16,16,15,14,7,7,8,8,19,18,17,16,11,10,10,8,8,8,8,9,18,17,17,12,9,8,9,9,9,10,20,15,9,9,9,10,18,17,17,16,14,11,10,9,9,9,9,9,11,13,13,12,10,10,11,18,18,17,17,16,13,12,12,12,12,11,18,16,16,14,13,13,13,12,11,12,20,17,16,14,14,13,13,12
130,12,12,12,14,15,20,12,12,12,12,12,11,11,11,11,11,11,11,13,11,11,11,10,10,10,12,16,10,11,11,9,9,11,12,16,9,9,9,9,11,12,9,8,8,8,10,11,13,8,8,8,9,9,8,7,7,7,7,8,8,9,10,11,11,21,7,7,8,12,6,7,7,7,10,6,6,7,10,11,11,12,13,14,5,5,11,11,12,12,13,14,5,6,7,8,11,5,6,6,9,11,13,3,5,7,3,4,6,7,9,10,2,2,4,9,2,14,2,1,7,8,11,15,3,6,7,7,8,15,0,3,7,11,12,3,5,7,8,10,11,7,20,7,11,16,5,9,10,10,3,11,12,3,5,9,9,10,11,13,4,5,5,6,8,11,11,16,5,4,5,6,8,10,15,17,19,5,5,6,6,9,10,15,16,17,6,5,6,6,6,6,7,15,16,16,17,17,18,19,19,6,6,6,6,6,6,8,11,16,17,18,19,19,7,7,7,7,7,7,18,18,19,20,7,7,7,7,11,11,11,16,17,18,18,20,8,8,8,9,13,16,19,20,20,22,9,9,14,16,18,21,9,9,9,9,10,12,14,16,16,18,18,19,22,11,12,13,17,19,22,10,10,10,10,10,13,13,13,14,14,15,10,11,11,12,13,13,13,15,16,21,11,11,11,13,13,14,14,18
131,13,13,12,13,14,18,13,12,12,12,12,12,12,12,11,11,11,11,11,12,12,11,11,11,11,11,14,11,10,10,10,10,10,11,14,10,10,9,9,10,10,10,9,9,9,9,9,11,9,9,8,8,8,9,9,8,8,8,7,7,7,8,9,9,18,9,8,7,10,7,6,6,6,8,6,6,6,8,9,9,9,11,12,6,5,8,9,9,10,11,11,4,5,5,6,9,4,4,4,6,9,10,4,3,5,4,3,4,4,7,7,4,3,2,6,4,11,5,3,4,6,8,12,1,3,4,4,5,12,3,0,4,8,9,1,2,4,5,7,8,4,17,5,8,13,3,6,7,7,3,8,9,4,3,6,7,7,8,10,4,4,4,4,6,8,9,13,6,5,4,5,6,7,12,14,16,6,5,5,5,7,8,13,13,15,6,6,6,6,6,6,6,13,13,14,14,15,16,16,17,7,7,7,6,6,6,6,9,14,14,15,16,17,8,7,7,7,7,7,15,16,16,18,9,8,8,7,9,9,9,14,15,15,16,17,9,8,8,8,11,14,16,17,18,19,10,8,12,13,16,18,9,9,9,9,9,11,12,14,14,15,16,16,20,10,10,11,14,17,19,10,10,10,10,10,11,11,12,12,12,13,11,10,11,11,11,12,12,13,14,19,12,11,11,12,12,12,13,16
132,15,14,13,12,12,15,15,14,14,14,12,14,14,13,13,12,12,12,11,14,14,13,13,12,12,10,12,13,10,10,12,11,9,9,11,13,12,11,10,9,9,12,12,11,11,8,8,9,12,11,10,8,8,12,11,11,10,10,8,7,7,7,7,7,15,11,11,7,8,9,7,7,7,6,9,6,6,6,6,6,7,8,9,8,8,6,6,6,7,7,8,5,5,5,4,6,5,4,4,4,5,7,7,4,3,7,4,3,3,4,4,7,6,4,3,7,7,9,7,1,2,5,8,3,1,1,1,1,8,7,4,0,4,5,4,2,1,1,3,4,1,13,2,5,9,3,3,4,4,6,5,6,7,4,4,4,4,5,6,7,5,5,4,4,5,5,10,9,8,5,5,4,5,9,10,12,8,8,6,6,5,5,9,10,11,9,9,8,8,7,6,6,9,10,10,11,11,12,13,13,10,9,9,9,8,7,6,6,10,11,12,13,13,11,10,9,9,9,8,12,12,13,14,11,11,10,9,7,7,7,11,12,12,13,14,11,10,10,8,9,11,13,14,14,16,12,9,10,11,12,15,11,11,10,10,9,9,10,11,11,12,13,13,16,9,9,10,12,14,16,12,12,11,11,11,10,10,10,10,10,11,12,11,11,10,10,11,11,11,12,16,13,12,11,11,11,11,11,13
133,18,17,15,13,12,13,18,17,17,16,14,17,17,16,15,15,14,14,12,17,17,16,16,15,15,12,10,16,12,11,16,14,11,10,9,16,16,15,13,10,9,16,15,15,14,10,9,8,16,14,13,11,10,15,15,14,14,13,10,10,9,8,8,8,11,15,14,10,7,13,10,10,9,7,13,9,8,6,6,6,6,6,6,12,12,5,5,5,5,5,5,9,8,7,6,4,8,8,7,5,4,4,11,8,5,11,8,6,6,4,3,11,11,7,3,12,3,13,12,5,3,1,4,8,5,4,4,3,4,11,8,4,0,1,8,6,4,3,1,1,5,9,4,2,5,7,3,3,2,10,3,3,11,8,4,4,4,3,3,11,9,8,8,5,4,4,6,13,12,9,8,6,5,5,7,8,12,12,9,9,6,5,6,6,7,13,12,12,11,10,9,9,6,7,7,7,8,9,9,9,14,13,13,12,12,11,9,6,7,7,8,9,9,14,13,13,12,12,11,9,9,9,11,15,14,14,13,8,8,7,8,9,9,9,11,15,13,13,9,8,8,10,11,11,12,16,12,8,9,10,12,14,14,13,12,11,9,9,9,9,10,10,10,13,10,10,10,10,11,13,15,14,14,14,13,10,10,10,10,10,10,15,13,13,11,11,11,11,10,10,13,16,14,13,12,11,11,11,11
134,19,18,16,13,13,13,18,18,18,17,15,18,18,17,16,16,15,14,13,18,18,17,16,16,16,12,10,17,12,12,17,15,12,10,9,17,17,15,14,10,10,17,16,16,15,11,10,8,17,15,14,11,11,16,16,15,15,14,11,11,10,9,8,8,10,16,15,11,7,14,11,11,10,7,14,10,9,6,6,6,6,5,6,13,13,6,5,5,5,5,5,10,9,8,7,5,9,9,8,6,4,4,12,9,6,12,9,7,7,4,4,12,12,9,4,13,2,14,13,6,4,2,3,9,6,6,5,4,3,12,9,5,1,0,9,7,5,4,2,1,6,8,5,2,4,8,4,4,3,11,3,3,12,9,5,5,4,4,3,12,10,9,9,6,4,4,5,14,13,10,9,7,5,5,6,7,13,13,10,10,7,6,5,6,7,14,13,13,12,11,10,9,6,6,6,7,7,8,8,9,15,14,14,13,13,12,9,7,7,7,7,8,9,15,14,14,13,13,11,8,8,9,10,16,15,15,14,8,8,8,8,8,8,9,10,16,14,14,10,8,8,9,10,10,11,17,12,8,8,9,11,15,15,14,13,11,9,9,9,9,9,10,10,12,11,11,10,9,11,12,16,15,15,14,14,11,11,10,10,10,10,16,14,13,12,12,11,11,11,10,12,17,14,14,12,12,12,11,11
135,14,13,13,13,14,18,13,13,13,13,12,13,12,12,12,12,12,12,12,12,12,12,11,11,11,11,14,11,11,11,11,10,10,11,14,11,11,10,9,10,11,10,10,10,9,9,10,12,10,9,9,8,9,9,9,9,8,8,8,8,8,9,9,9,18,9,8,7,11,7,7,7,7,9,7,6,6,9,9,9,10,11,12,6,6,9,9,9,10,11,11,5,5,5,6,9,5,5,5,7,9,10,4,4,5,4,3,4,5,7,7,4,4,3,7,4,11,5,4,4,6,8,12,1,3,4,5,5,12,3,1,4,8,9,0,2,4,5,7,8,4,17,5,8,13,2,6,7,7,3,8,9,4,3,6,7,7,8,10,4,3,3,4,5,8,8,13,5,5,4,4,6,7,12,14,16,5,5,4,5,6,7,12,13,14,6,6,5,5,5,5,5,13,13,14,14,15,16,16,17,7,6,6,6,6,6,6,8,13,14,15,16,16,7,7,7,6,6,6,15,16,16,18,8,8,7,7,8,9,9,14,15,15,16,17,8,8,7,8,11,14,16,17,17,19,9,8,12,13,15,18,9,9,8,8,9,10,11,13,14,15,16,16,19,10,10,11,14,17,19,10,10,9,9,9,11,11,11,11,12,13,10,10,10,11,11,11,11,13,13,19,11,10,10,11,12,12,12,15
136,15,14,13,13,13,17,14,14,14,13,12,14,13,13,12,12,12,12,12,13,13,13,12,12,12,11,13,12,10,10,12,11,10,10,13,12,12,11,10,10,10,11,11,11,10,9,9,10,11,10,10,8,8,11,11,10,9,9,8,8,8,8,8,8,16,11,10,7,9,9,7,7,7,7,8,6,6,7,7,8,8,9,10,7,7,7,7,8,8,9,9,5,5,5,5,7,5,4,4,5,7,8,6,4,4,6,4,3,3,5,5,6,5,3,5,6,9,7,6,2,4,6,10,2,2,2,2,3,10,5,2,2,6,7,2,0,2,3,5,6,2,15,2,6,11,2,4,5,5,4,6,7,5,3,4,5,5,6,8,5,4,3,3,4,6,6,11,7,6,4,4,4,5,10,12,14,7,6,5,5,5,6,10,11,12,7,7,7,6,6,5,5,11,11,12,12,13,14,14,15,8,8,7,7,7,6,5,7,11,12,13,14,14,9,8,8,7,7,6,13,14,14,16,10,9,9,8,7,7,8,12,13,13,14,15,10,9,8,7,9,12,14,15,15,17,11,8,10,11,13,16,10,9,9,9,8,9,10,12,12,13,14,14,17,9,9,10,12,15,17,11,10,10,10,10,10,10,10,10,11,11,11,10,10,10,10,10,10,11,12,17,12,11,11,11,11,11,11,14
137,16,15,14,13,13,15,15,15,15,14,13,15,15,14,13,13,13,12,12,15,14,14,13,13,13,11,12,14,11,11,13,12,10,10,11,14,13,12,11,9,9,13,12,12,12,9,9,9,13,12,11,9,9,13,12,11,11,11,8,8,8,8,8,8,14,12,11,8,8,10,8,8,7,7,10,7,6,6,6,7,7,8,9,9,9,6,6,6,7,7,8,6,6,5,5,6,6,5,5,4,6,7,8,5,4,8,5,4,3,4,4,8,7,4,3,8,7,9,8,2,2,4,8,4,2,1,1,1,8,7,4,1,4,5,4,2,0,1,3,4,1,13,1,4,9,3,2,3,3,6,4,5,7,4,3,3,4,4,6,7,5,5,4,3,4,5,9,9,8,5,5,4,4,8,10,12,8,8,6,5,4,5,8,9,10,9,9,8,8,7,6,6,9,9,10,10,11,12,12,13,10,9,9,9,8,7,6,6,9,10,11,12,12,11,10,9,9,9,7,11,12,12,14,11,11,10,9,7,7,7,10,11,11,12,13,11,10,10,7,8,10,12,13,14,15,13,9,9,10,12,14,11,11,10,10,9,8,9,10,11,12,12,12,16,9,9,9,11,13,15,12,11,11,11,11,9,9,9,10,10,10,12,11,10,10,10,10,10,10,11,15,13,11,11,10,10,11,11,12
138,16,15,14,13,13,15,16,15,15,15,13,15,15,15,14,13,13,13,12,15,15,14,14,13,13,11,12,14,11,11,14,13,10,10,11,14,14,12,11,9,9,13,13,12,12,9,9,9,13,12,11,9,9,13,13,12,11,11,9,8,8,8,8,8,14,13,12,8,8,11,8,8,8,7,10,7,7,6,6,6,7,7,8,9,9,6,6,6,6,7,7,7,6,6,5,6,6,6,5,4,5,6,8,5,4,8,6,4,4,3,4,8,8,5,3,9,6,10,8,2,2,4,7,5,2,2,1,1,7,8,5,1,3,4,5,3,1,0,2,3,1,12,1,3,8,4,2,2,3,7,4,4,8,5,3,3,3,4,5,8,6,5,5,3,4,4,8,10,9,6,5,4,4,8,9,11,9,8,6,6,4,5,8,8,10,10,9,9,8,7,7,6,8,9,9,10,10,11,12,12,10,10,9,9,9,8,6,6,9,9,10,11,12,11,10,10,9,9,8,11,11,12,13,12,11,11,10,7,7,7,10,11,11,11,13,12,11,10,7,8,10,12,13,13,15,13,9,9,9,11,14,11,11,11,10,9,8,9,10,10,11,12,12,15,9,9,9,11,13,15,12,12,11,11,11,9,9,9,9,10,10,12,11,11,10,10,10,10,10,11,15,14,12,11,10,10,10,11,12
139,18,17,15,13,13,14,17,17,16,16,14,17,16,16,15,15,14,14,12,17,16,16,15,15,14,12,11,16,12,11,15,14,11,10,10,16,15,14,12,10,9,15,15,14,14,10,9,9,15,14,13,10,10,15,14,13,13,13,10,9,9,8,8,8,12,15,14,9,7,12,10,9,9,7,12,9,8,6,6,6,6,6,7,11,11,6,6,6,6,6,6,8,8,7,6,5,7,7,7,5,4,5,10,7,5,10,7,6,5,3,3,10,10,7,3,11,4,12,11,4,2,2,5,7,4,3,3,2,5,10,7,3,1,2,7,5,3,2,0,1,3,10,3,2,6,6,2,2,2,9,2,3,10,7,3,3,3,3,4,10,8,7,6,4,3,3,6,12,11,8,7,5,4,6,7,9,11,10,8,7,5,5,6,7,8,12,11,11,10,9,8,7,7,7,7,8,8,9,10,10,12,12,11,11,10,9,7,6,7,8,9,9,10,13,12,12,11,11,9,9,9,10,11,14,13,12,11,7,7,7,8,9,9,10,11,14,12,12,8,7,8,10,11,11,13,15,11,8,8,10,12,13,12,12,11,10,8,8,9,9,10,10,11,13,9,9,9,10,11,13,14,13,13,12,12,10,9,9,9,9,9,14,12,12,10,10,10,10,10,10,13,15,13,12,11,11,11,11,11
140,18,18,15,13,13,14,18,18,17,17,15,18,17,17,16,15,15,14,13,18,17,17,16,16,15,12,11,16,12,12,16,15,12,10,10,17,16,15,13,10,10,16,15,15,15,11,10,9,16,15,14,11,10,16,15,14,14,13,11,10,10,9,8,8,11,15,15,10,7,13,11,10,10,7,13,10,9,6,6,6,6,6,6,12,12,6,6,6,6,6,6,9,9,8,7,5,8,8,7,6,4,5,11,8,6,11,8,6,6,4,4,11,11,8,4,12,4,13,12,5,3,2,4,8,5,5,4,3,4,11,8,4,1,1,8,6,4,3,1,0,4,9,4,1,5,7,3,2,2,10,2,2,11,8,4,4,3,3,3,11,9,8,7,5,3,3,5,13,12,9,8,5,4,5,6,8,12,11,9,8,6,5,5,6,7,13,12,12,11,10,9,8,6,6,7,7,7,8,9,9,13,13,12,12,11,10,8,6,7,7,8,9,9,14,13,13,12,12,10,8,9,9,10,15,14,13,12,7,7,7,8,8,9,9,10,15,13,13,9,7,8,9,10,11,12,16,11,8,8,9,11,14,13,13,12,10,9,8,9,9,9,10,10,12,10,10,9,9,11,12,14,14,14,13,13,10,10,10,9,9,9,14,13,12,11,11,10,10,10,10,13,16,13,13,11,11,11,11,11
141,16,15,14,13,13,16,15,15,15,15,13,15,15,14,14,13,13,13,12,15,15,14,14,13,13,12,13,14,11,11,13,12,11,11,12,14,13,12,11,10,10,13,12,12,12,9,9,10,13,12,11,9,9,12,12,11,11,11,9,9,8,8,8,8,15,12,11,8,9,10,8,8,8,7,10,7,7,7,7,7,8,9,9,9,9,7,7,7,7,8,9,6,6,6,5,7,6,5,5,5,6,7,7,5,4,8,5,4,4,4,5,7,7,4,4,8,8,9,7,2,3,5,9,4,2,2,2,2,8,7,4,1,5,6,4,2,1,1,3,4,0,13,1,4,9,2,2,3,3,6,4,5,6,4,3,3,4,4,6,7,5,4,4,3,4,5,9,8,7,5,4,3,4,8,10,12,8,7,5,5,4,4,9,9,11,8,8,7,7,6,6,5,9,9,10,10,11,12,12,13,9,9,8,8,7,7,5,5,10,10,11,12,13,10,9,9,8,8,7,11,12,12,14,11,10,9,9,6,6,6,10,11,12,12,14,11,9,9,7,8,10,12,13,14,15,12,8,9,10,12,15,10,10,9,9,8,8,9,10,11,12,12,13,16,8,8,9,11,13,16,11,11,10,10,10,9,9,9,9,9,10,11,10,10,9,9,9,9,10,11,15,13,11,10,10,10,10,10,12
142,26,25,22,18,17,14,25,25,24,24,21,25,25,24,23,22,21,21,18,25,25,24,23,23,22,18,14,24,18,18,24,22,18,16,13,25,24,23,21,16,15,24,23,23,22,18,16,13,24,23,22,18,17,24,23,22,22,21,18,17,17,16,15,14,8,24,23,18,12,22,18,18,17,14,21,18,16,13,12,12,11,10,9,21,20,12,12,11,11,10,9,17,17,16,14,11,17,16,16,13,11,9,20,17,14,20,17,15,14,12,11,20,20,16,11,21,7,22,20,13,12,9,5,17,14,13,13,12,5,20,17,13,9,8,17,15,13,12,10,9,13,0,13,9,4,15,11,11,10,19,9,8,19,16,12,11,11,10,8,19,17,16,16,13,10,10,5,21,20,17,16,13,11,6,5,4,20,20,17,16,13,12,7,6,5,21,20,20,19,18,17,16,7,7,6,6,6,5,5,5,21,21,20,20,19,18,16,12,7,7,6,5,5,22,21,21,20,19,18,6,6,6,6,23,22,21,20,14,13,13,8,7,7,7,6,22,21,20,16,11,9,7,7,7,7,24,18,11,10,8,7,21,21,20,19,17,13,12,10,10,9,9,8,8,16,15,14,10,9,8,22,21,21,20,20,15,15,14,14,13,12,21,19,18,16,16,15,15,13,12,9,23,20,19,16,16,15,15,12
143,17,16,15,14,14,16,16,16,16,15,14,16,15,15,14,14,14,13,13,16,15,15,14,14,14,12,13,15,12,12,14,13,11,11,12,14,14,13,12,10,11,14,13,13,13,10,10,10,14,12,12,10,10,13,13,12,12,11,9,9,9,9,9,9,15,13,12,9,9,11,9,9,8,8,11,8,7,7,7,8,8,9,9,10,9,7,7,7,8,8,9,7,7,6,6,7,6,6,6,6,6,7,8,6,5,8,6,5,5,5,5,8,8,5,4,8,7,10,8,3,3,5,8,4,2,2,2,2,8,7,5,2,4,5,5,2,1,1,3,4,1,13,0,4,9,3,2,2,3,6,3,5,7,4,2,2,3,4,5,7,5,4,4,2,4,4,9,9,8,5,4,3,3,8,9,11,8,7,5,5,3,4,8,8,10,9,8,8,7,6,5,5,8,9,9,10,10,11,12,12,9,9,8,8,7,7,5,5,9,9,10,11,12,10,9,9,8,8,7,11,11,12,13,11,10,9,9,6,6,6,9,10,11,11,13,11,9,9,6,7,9,12,13,13,15,12,8,8,9,11,14,10,10,9,9,7,7,8,9,10,11,11,12,15,8,8,8,10,13,15,11,11,10,10,10,8,8,8,9,9,9,11,10,9,9,9,9,9,9,10,15,12,10,10,9,9,9,9,11
144,19,18,16,14,14,15,19,18,18,18,16,18,18,18,16,16,15,15,14,18,18,18,17,16,16,13,12,17,13,13,17,16,13,11,11,17,17,16,14,11,11,16,16,16,15,12,11,10,17,15,14,12,11,16,16,15,15,14,11,11,11,10,9,9,12,16,15,11,8,14,11,11,11,8,14,11,9,7,7,7,7,7,7,13,12,7,7,7,7,7,7,10,9,9,7,6,9,9,8,6,6,6,12,9,7,12,9,7,7,5,5,12,11,8,4,12,4,13,12,5,4,3,5,8,5,5,4,4,4,11,8,5,2,2,8,6,4,3,2,1,4,9,4,0,5,7,2,2,1,10,1,1,11,7,3,3,2,2,2,11,9,7,7,4,2,2,5,12,11,8,8,5,4,4,6,8,11,11,8,8,5,4,5,5,6,12,12,11,11,10,9,8,5,5,6,6,7,8,8,9,13,12,12,11,11,10,7,5,6,6,7,8,8,14,13,12,12,11,10,7,8,8,10,14,13,13,12,6,6,6,7,7,8,8,9,14,13,12,8,6,7,9,9,10,11,15,11,7,7,8,11,13,13,12,11,9,7,7,7,8,8,9,9,12,9,9,8,8,10,12,14,13,13,12,12,9,9,9,8,8,8,14,12,11,10,10,9,9,9,9,12,15,12,12,10,10,10,10,10
145,23,22,19,16,15,14,22,22,22,21,19,22,22,21,20,20,19,18,16,22,22,21,20,20,20,16,13,21,16,16,21,19,16,14,11,21,21,20,18,14,13,21,20,20,19,15,14,11,21,19,18,15,14,21,20,19,19,18,15,15,14,13,12,12,9,20,19,15,10,18,15,15,14,11,18,15,13,10,10,9,9,8,8,17,17,9,9,9,8,8,7,14,14,13,11,8,13,13,12,10,8,7,16,13,11,17,13,11,11,8,8,16,16,13,8,17,4,18,17,10,8,6,3,13,10,10,9,9,2,16,13,9,5,4,13,11,9,8,6,5,9,4,9,5,0,12,7,7,6,15,6,5,15,12,8,7,7,6,4,16,13,12,12,9,6,6,2,17,16,13,12,9,8,3,3,4,16,16,13,13,9,8,4,3,3,17,16,16,15,14,13,12,4,4,4,4,4,4,4,5,18,17,17,16,15,14,12,8,5,4,4,5,5,18,17,17,16,16,14,5,5,5,6,19,18,17,16,10,9,9,6,5,6,6,6,19,17,17,12,8,6,6,6,7,7,20,15,8,7,7,7,17,17,16,15,13,10,9,8,7,7,7,7,8,12,12,11,8,8,9,18,17,17,17,16,12,11,11,11,10,9,18,15,15,13,12,12,12,10,10,9,19,16,16,13,12,12,12,10
146,16,15,14,15,15,18,15,15,15,15,14,15,15,14,14,14,13,13,13,15,14,14,14,13,13,13,15,14,12,12,13,12,12,12,14,13,13,12,11,11,12,12,12,12,12,10,11,12,12,11,11,10,10,12,11,11,11,10,9,9,9,10,10,10,18,11,11,9,11,10,8,8,8,9,9,8,8,9,9,9,10,11,12,8,8,9,9,9,10,11,11,7,7,7,7,9,6,6,6,7,9,10,7,6,6,7,5,5,5,7,7,6,6,4,6,6,10,7,6,4,5,7,11,3,3,4,4,4,11,5,3,3,7,8,2,2,3,4,6,7,2,15,3,7,12,0,4,5,5,3,6,7,4,1,4,5,5,6,8,4,2,2,2,3,6,6,11,6,5,2,2,4,5,10,12,14,5,5,3,3,4,5,10,11,12,6,6,5,5,4,3,3,10,11,11,12,13,14,14,15,7,6,6,5,5,4,4,6,11,12,13,14,14,7,7,6,6,5,5,13,13,14,15,8,7,7,6,6,6,7,12,13,13,14,15,8,7,7,6,8,11,14,15,15,17,9,6,9,11,13,16,8,8,7,7,7,8,9,11,11,13,13,14,17,7,8,8,12,15,17,9,9,8,8,8,8,9,9,9,9,11,9,8,8,9,9,9,9,10,11,17,10,9,9,9,9,10,10,13
147,18,17,16,14,14,16,18,17,17,17,15,17,17,16,16,15,15,15,13,17,17,16,16,15,15,13,13,16,13,13,16,15,12,12,12,16,16,14,13,11,11,15,15,14,14,11,11,11,15,14,13,11,11,15,14,14,13,13,11,10,10,10,9,9,14,15,14,10,9,12,10,10,10,8,12,9,9,8,8,8,8,8,9,11,11,7,7,7,7,8,8,9,8,8,7,7,8,7,7,6,6,7,10,7,6,10,7,6,6,5,5,10,9,7,4,10,6,11,10,4,3,4,7,6,4,4,3,3,7,9,6,3,3,4,6,4,2,2,2,3,2,11,2,2,7,4,0,1,1,8,2,3,8,5,1,1,1,2,3,8,6,5,5,2,2,2,7,10,9,6,5,3,2,6,7,10,9,9,6,6,3,3,6,7,8,10,9,9,8,7,6,6,6,7,7,8,8,9,10,10,11,10,10,9,9,8,5,4,7,8,9,10,10,11,10,10,9,9,7,9,9,10,11,12,11,11,10,5,5,5,8,9,9,10,11,12,10,10,6,6,8,10,11,11,13,13,9,7,7,9,12,11,11,10,9,8,7,7,8,8,9,10,10,13,7,7,7,9,11,13,12,11,11,11,10,8,8,8,8,8,8,12,10,10,9,8,8,8,8,9,13,13,11,10,9,9,9,9,10
148,18,18,16,14,14,16,18,18,17,17,15,18,17,17,16,16,15,15,14,18,17,17,16,16,15,13,13,16,13,13,16,15,12,12,12,16,16,15,13,11,11,16,15,15,14,11,11,11,16,14,14,11,11,15,15,14,14,13,11,11,10,10,9,9,14,15,14,10,9,13,11,10,10,8,13,10,9,8,8,8,8,8,9,12,11,7,7,7,7,8,8,9,9,8,7,7,8,8,7,6,6,7,10,8,6,11,8,6,6,5,5,10,10,7,4,11,6,12,10,4,3,4,6,7,4,4,4,3,6,10,7,4,3,4,7,5,3,2,2,2,3,11,2,2,7,5,1,0,1,8,1,2,9,6,2,1,1,2,3,9,7,6,5,3,2,2,6,11,10,6,6,3,2,5,7,9,10,9,7,6,4,3,6,6,8,10,10,9,9,8,7,6,6,6,7,7,8,9,9,10,11,11,10,10,9,8,6,4,7,7,8,9,10,12,11,10,10,9,8,8,9,9,11,13,12,11,10,5,5,5,7,8,9,9,11,12,11,10,7,6,7,9,10,11,12,14,9,6,7,9,12,11,11,11,10,8,7,7,8,8,9,9,10,13,8,7,7,8,11,13,12,12,11,11,11,8,8,8,8,8,8,12,10,10,9,9,8,8,8,9,12,14,11,11,9,9,9,9,10
149,19,18,16,15,14,16,18,18,18,17,15,18,18,17,16,16,15,15,14,18,18,17,16,16,16,13,13,17,13,13,16,15,13,12,12,17,16,15,14,11,11,16,16,15,15,12,11,10,16,15,14,12,11,16,15,14,14,14,11,11,11,10,10,9,13,15,15,11,9,13,11,11,10,8,13,10,9,8,8,8,8,8,8,12,12,7,7,7,7,7,8,9,9,8,7,7,9,8,8,6,6,6,11,8,6,11,8,7,6,5,5,11,10,7,5,11,5,13,11,5,4,3,6,7,5,4,4,4,6,10,7,4,2,3,7,5,3,3,2,2,3,10,3,1,6,5,1,1,0,9,1,2,9,6,2,2,1,1,2,9,7,6,6,3,2,2,6,11,10,7,6,4,2,5,6,9,10,10,7,7,4,3,5,6,7,11,10,10,9,8,7,6,5,6,6,7,7,8,9,9,12,11,11,10,10,9,6,4,6,7,8,9,9,12,11,11,10,10,8,8,8,9,10,13,12,12,11,5,5,5,7,8,8,9,10,13,11,11,7,6,7,9,10,10,12,14,9,6,7,9,11,12,11,11,10,8,7,7,7,8,9,9,9,12,8,8,7,8,10,12,13,12,12,11,11,8,8,8,8,8,8,12,11,10,9,9,9,8,8,8,12,14,11,11,9,9,9,9,10
150,15,15,15,16,17,21,15,15,14,14,14,14,14,14,14,14,14,14,15,14,14,13,13,13,13,14,17,13,13,13,12,12,13,14,17,12,12,12,12,13,14,11,11,11,11,12,12,14,11,11,11,11,11,11,10,10,10,10,10,10,11,11,12,12,21,10,10,10,13,9,9,9,9,11,8,9,9,11,12,12,12,14,15,8,8,11,12,12,13,13,14,7,8,8,9,12,7,7,8,9,11,13,6,7,8,6,6,7,7,9,10,5,5,6,9,5,13,5,4,7,8,11,14,4,6,6,7,7,14,3,3,6,10,11,3,4,6,7,9,10,6,19,6,10,15,3,8,8,9,0,9,10,1,3,7,8,8,9,11,1,2,3,3,6,9,9,14,3,2,3,3,6,8,13,15,17,2,2,3,4,6,8,13,14,16,3,3,3,3,3,4,4,13,14,15,15,16,17,17,18,4,4,3,3,3,3,5,8,14,15,16,17,17,5,4,4,4,4,4,16,16,17,19,5,5,5,4,8,8,9,14,15,16,17,18,6,5,5,7,11,14,17,18,18,20,7,6,12,13,16,19,6,6,6,6,7,10,11,14,14,16,16,17,20,9,9,10,14,17,20,7,7,7,7,7,10,10,11,11,11,13,8,8,8,9,10,10,11,12,13,19,9,8,9,10,11,11,11,15
151,20,19,17,15,15,16,19,19,18,18,16,19,18,18,17,17,16,16,14,19,18,18,17,17,16,14,13,18,14,14,17,16,13,12,12,18,17,16,15,12,12,17,16,16,16,12,12,11,17,16,15,12,12,16,16,15,15,14,12,12,11,11,10,10,13,16,15,11,9,14,12,11,11,9,14,11,10,8,8,8,8,8,9,13,13,8,8,8,8,8,8,10,10,9,8,7,9,9,9,7,7,7,12,9,7,12,9,7,7,6,6,12,11,8,5,12,6,13,12,5,4,4,6,8,5,5,5,4,6,11,8,5,3,3,8,6,4,4,2,2,4,9,3,1,6,6,2,1,1,9,0,1,10,7,2,2,1,1,2,10,8,7,6,3,1,1,5,12,11,7,7,4,2,4,6,8,11,10,7,7,4,3,4,5,6,11,11,10,10,9,8,7,5,5,6,6,7,8,8,9,12,11,11,10,10,9,6,4,6,6,7,8,8,13,12,11,11,10,9,7,8,8,10,13,12,12,11,5,5,5,6,7,7,8,9,13,12,11,7,5,6,8,9,10,11,14,9,6,6,8,10,12,12,11,10,8,6,6,7,7,8,8,9,12,8,7,7,7,9,11,13,12,12,11,11,8,7,7,7,7,7,13,11,10,9,8,8,8,8,8,11,14,11,11,9,9,9,8,9
152,20,20,18,15,15,15,20,19,19,19,17,19,19,19,18,17,17,16,15,19,19,19,18,18,17,14,13,18,14,14,18,17,14,13,12,18,18,17,15,12,12,18,17,17,16,13,12,11,18,16,16,13,12,17,17,16,16,15,13,12,12,11,11,10,13,17,16,12,9,15,12,12,12,9,15,12,11,9,9,8,8,8,8,14,13,8,8,8,8,8,8,11,11,10,9,7,10,10,9,8,7,7,13,10,8,13,10,8,8,6,6,13,12,9,6,13,5,14,13,6,5,4,5,9,6,6,6,5,5,12,9,6,3,3,9,7,5,4,3,2,5,8,5,1,5,7,3,2,2,10,1,0,11,8,3,3,2,1,1,11,9,8,7,5,2,2,4,13,12,8,8,5,3,3,5,7,12,11,9,8,5,4,4,4,5,12,12,11,11,10,9,8,4,4,5,5,6,7,7,8,13,13,12,11,11,10,7,4,5,5,6,7,7,14,13,12,12,11,10,6,7,7,9,14,13,13,12,6,5,5,5,6,7,7,8,14,13,12,8,5,6,7,8,9,10,15,10,5,6,7,9,13,13,12,11,9,7,6,6,6,7,7,8,11,8,8,7,7,9,11,14,13,13,12,12,8,8,8,7,7,7,13,11,11,9,9,9,8,8,8,11,15,12,12,9,9,9,9,9
153,16,15,15,17,17,22,15,15,15,15,15,15,14,14,14,14,14,14,15,14,14,14,14,14,14,15,18,13,14,14,13,13,13,15,18,13,12,12,12,14,14,12,12,12,12,12,13,15,11,11,11,11,12,11,11,11,11,10,11,11,11,12,13,13,21,10,10,10,14,9,10,10,10,12,9,9,10,12,12,13,13,15,15,8,8,12,12,13,13,14,15,8,8,9,10,13,8,8,8,10,12,14,7,7,9,6,7,8,8,10,11,6,5,6,10,5,14,5,5,7,9,11,15,5,7,7,8,8,15,3,4,7,11,12,4,5,7,8,10,11,6,19,7,11,15,4,8,9,9,1,10,11,0,3,8,8,9,10,12,1,2,3,4,7,9,10,15,2,1,3,3,7,8,14,15,18,2,2,3,4,7,8,14,14,16,2,2,2,2,3,4,4,14,14,15,16,16,17,18,18,3,3,3,3,3,3,5,9,15,15,16,17,18,4,3,3,3,3,4,16,17,17,19,5,4,4,4,8,9,9,15,16,16,17,19,5,4,4,7,11,14,17,18,19,20,6,5,12,14,16,19,6,6,6,6,7,10,11,14,14,16,16,17,21,9,9,10,15,18,20,7,7,7,7,7,10,10,11,11,11,13,7,8,8,9,10,10,11,12,13,20,8,8,8,10,11,11,11,15
154,17,16,15,16,16,20,16,16,16,15,15,16,15,15,15,15,14,14,14,15,15,15,14,14,14,14,16,14,13,13,14,13,13,13,15,14,14,13,12,13,13,13,13,13,12,12,12,13,13,12,12,11,11,12,12,12,11,11,10,10,11,11,11,11,19,12,11,10,12,10,9,9,9,10,10,9,9,10,10,11,11,12,13,9,9,10,10,11,11,12,12,8,8,8,8,10,7,7,7,8,10,11,7,7,7,7,6,6,6,8,8,7,6,5,7,7,11,7,6,5,6,8,12,4,4,5,5,5,12,5,3,4,8,9,3,3,4,5,7,8,4,16,4,7,12,1,5,6,6,3,7,8,3,0,4,5,5,7,8,3,1,1,1,3,6,7,12,5,4,1,1,3,5,11,12,14,4,4,2,2,4,5,11,11,13,5,4,4,4,3,2,2,11,11,12,12,13,14,14,15,6,5,5,4,4,3,3,6,11,12,13,14,15,6,5,5,5,4,3,13,14,14,16,7,6,6,5,5,6,6,12,13,13,14,15,7,6,5,5,8,11,14,15,15,17,8,5,9,11,13,16,7,6,6,6,6,7,9,11,11,13,13,14,17,7,7,8,12,15,17,8,7,7,7,7,8,8,8,9,9,10,8,7,7,8,8,8,8,10,11,16,9,8,8,8,9,9,9,13
155,19,18,17,15,15,17,18,18,18,17,16,18,17,17,16,16,16,15,14,18,17,17,16,16,16,14,14,16,14,13,16,15,13,13,13,16,16,15,14,12,12,16,15,15,15,12,12,12,16,14,14,12,11,15,15,14,14,13,11,11,11,11,10,10,15,15,14,11,10,13,11,11,10,9,12,10,9,9,9,9,9,10,10,12,11,8,8,9,9,9,9,9,9,8,8,8,8,8,8,7,7,8,10,8,7,10,8,7,6,6,6,10,9,7,6,10,7,11,10,5,4,5,8,6,4,4,4,4,8,9,6,4,4,5,6,4,3,3,3,4,3,12,2,3,8,4,1,2,2,7,2,3,8,4,0,1,1,2,4,8,6,4,4,1,2,2,7,9,8,5,5,2,1,6,8,10,8,8,5,5,2,2,6,7,8,9,9,8,7,6,5,4,6,7,7,8,9,10,10,11,10,9,9,8,8,7,4,3,7,8,9,10,10,10,9,9,8,8,6,9,9,10,11,11,10,10,9,4,4,4,8,9,9,10,11,11,9,9,5,5,7,10,11,11,13,12,7,6,7,9,12,10,9,9,8,6,6,6,7,8,9,9,10,13,6,6,6,8,11,13,11,10,10,9,9,7,7,7,7,7,7,11,9,8,7,7,7,7,7,8,13,12,9,9,8,8,8,8,9
156,19,18,17,15,15,17,18,18,18,18,16,18,18,17,17,16,16,16,15,18,18,17,17,16,16,14,14,17,14,14,16,15,13,13,13,17,16,15,14,12,12,16,16,15,15,12,12,12,16,15,14,12,12,16,15,14,14,14,12,11,11,11,11,10,15,15,14,11,10,13,11,11,11,9,13,10,10,9,9,9,9,9,10,12,12,8,8,8,9,9,9,9,9,9,8,8,9,8,8,7,7,8,11,8,7,11,8,7,7,6,6,10,10,7,5,11,7,12,10,5,4,5,7,7,5,4,4,4,7,9,7,4,4,5,7,5,3,3,3,4,3,11,2,3,7,5,1,1,2,8,2,3,8,5,1,0,1,2,3,8,6,5,4,2,1,2,7,10,9,6,5,2,1,6,7,9,9,8,6,5,2,2,6,6,8,10,9,9,8,7,6,5,6,6,7,7,8,9,10,10,10,10,9,9,8,7,5,3,7,7,8,9,10,11,10,9,9,8,7,8,9,9,11,12,11,10,9,4,4,4,7,8,9,9,11,11,10,9,6,5,7,9,10,11,12,13,8,6,7,9,12,10,10,9,9,7,6,6,7,7,9,9,9,13,6,6,6,8,10,13,11,11,10,10,9,7,7,7,7,7,7,11,9,9,7,7,7,7,7,8,12,13,10,9,8,8,8,8,9
157,19,19,17,16,15,17,19,18,18,18,16,18,18,18,17,17,16,16,15,18,18,18,17,17,16,14,14,17,14,14,17,16,13,13,13,17,17,16,14,12,12,16,16,16,15,12,12,12,16,15,14,12,12,16,16,15,14,14,12,12,11,11,11,11,14,16,15,11,10,14,11,11,11,9,13,11,10,9,9,9,9,9,10,12,12,8,8,8,8,9,9,10,9,9,8,8,9,9,8,7,7,8,11,9,7,11,9,7,7,6,6,11,10,8,6,11,7,12,11,5,5,5,7,7,5,5,4,4,7,10,7,4,4,4,7,5,4,3,3,3,4,11,3,2,7,5,1,1,1,8,1,2,9,5,1,1,0,1,3,9,7,6,5,2,1,1,6,11,9,6,6,2,1,5,7,9,9,9,6,6,3,2,5,6,7,10,10,9,9,7,6,5,5,6,6,7,7,9,9,10,11,10,10,9,9,8,5,3,6,7,8,9,9,11,10,10,9,9,7,8,8,9,10,12,11,11,10,4,4,4,7,8,8,9,10,12,10,10,6,5,7,9,10,10,12,13,8,5,6,8,11,11,10,10,9,7,6,6,7,7,8,9,9,12,7,6,6,7,10,12,11,11,11,10,10,7,7,7,7,7,7,11,9,9,8,7,7,7,7,7,12,13,10,10,8,8,8,8,9
158,20,19,17,16,15,16,20,19,19,18,17,19,19,18,17,17,17,16,15,19,19,18,18,17,17,14,14,18,14,14,18,16,14,13,13,18,18,16,15,13,12,17,17,16,16,13,12,12,17,16,15,13,12,17,16,16,15,15,12,12,12,11,11,11,14,16,16,12,10,14,12,12,11,10,14,11,10,9,9,9,9,9,9,13,13,8,8,8,8,8,9,11,10,9,9,8,10,9,9,8,7,7,12,9,8,12,9,8,7,6,6,12,11,9,6,12,6,13,12,6,5,4,6,8,6,5,5,5,6,11,8,5,3,4,8,6,4,4,3,3,4,10,4,2,6,6,2,2,1,9,1,1,10,7,2,2,1,0,2,10,8,7,6,3,1,1,5,12,11,7,7,3,2,4,6,8,11,10,7,7,4,2,4,5,6,11,11,10,10,9,7,6,4,5,5,6,6,7,8,9,12,11,11,10,10,9,6,3,5,6,7,8,8,13,11,11,10,10,8,7,7,8,9,13,12,12,11,5,4,4,6,7,7,8,9,13,11,11,7,4,6,8,9,9,11,14,9,5,6,7,10,12,11,11,10,8,6,6,6,6,7,8,8,11,7,7,6,7,9,11,12,12,11,11,11,7,7,7,7,7,7,12,10,10,8,8,8,7,7,7,11,14,11,11,8,8,8,8,8
159,21,20,18,16,16,16,21,20,20,20,18,20,20,19,18,18,17,17,16,20,20,19,19,18,18,15,14,19,15,15,19,18,15,13,13,19,19,18,16,13,13,18,18,18,17,14,13,12,18,17,16,14,13,18,18,17,16,16,13,13,13,12,11,11,13,18,17,13,10,16,13,13,12,10,15,12,11,9,9,9,9,9,9,15,14,9,9,8,8,8,8,12,11,11,9,8,11,11,10,8,7,7,13,11,9,14,11,9,9,7,7,13,13,10,6,14,5,15,13,7,6,5,5,10,7,7,6,6,5,13,10,6,3,3,10,8,6,5,4,3,6,8,5,2,4,8,3,3,2,11,2,1,12,8,4,3,3,2,0,12,9,8,8,5,2,2,3,13,12,9,8,5,3,2,4,6,12,12,9,8,5,4,3,3,5,13,12,12,11,10,9,8,3,4,4,4,5,6,6,7,13,13,12,12,11,10,8,4,4,4,5,6,7,14,13,13,12,11,10,5,6,6,8,15,14,13,12,6,5,5,5,5,6,6,8,14,13,12,8,5,5,7,7,8,9,16,11,5,5,6,9,13,13,12,11,9,6,6,6,6,6,7,7,10,8,8,7,6,8,10,14,13,13,12,12,8,8,7,7,7,7,14,11,11,9,9,8,8,7,7,10,15,12,12,9,9,9,8,8
160,16,16,16,17,18,22,16,16,15,15,16,15,15,15,15,15,15,15,16,15,15,14,14,14,14,15,18,14,14,15,13,13,14,15,18,13,13,13,13,14,15,12,12,12,12,13,14,16,12,12,12,12,12,11,11,11,11,11,11,12,12,13,13,13,22,11,11,11,14,10,10,10,10,13,9,10,10,12,13,13,14,15,16,9,9,12,13,13,14,15,15,9,9,9,10,13,8,9,9,11,13,14,7,8,9,7,7,8,9,11,11,6,6,7,10,6,14,6,5,8,9,12,15,5,7,7,8,8,15,4,4,7,11,12,4,5,7,8,10,11,7,19,7,11,16,4,8,9,9,1,10,11,1,3,8,8,9,10,12,0,2,3,4,7,9,10,15,2,1,3,3,7,8,14,15,18,1,1,3,3,7,8,14,14,16,2,2,2,2,2,3,4,14,14,15,15,16,17,18,18,3,2,2,2,2,3,5,9,14,15,16,17,18,4,3,3,3,3,4,16,17,17,19,4,4,3,3,8,8,9,15,16,16,17,18,4,4,4,6,11,14,17,18,19,20,5,5,12,13,16,19,5,5,5,5,7,10,11,14,14,16,16,17,20,8,9,10,14,17,20,6,6,6,6,6,9,10,10,11,11,13,7,7,7,9,9,10,10,12,13,19,7,7,8,10,10,11,11,15
161,17,16,16,17,17,21,16,16,16,16,15,16,15,15,15,15,15,15,15,15,15,15,15,15,14,15,17,14,14,14,14,13,13,14,16,14,14,13,13,13,14,13,13,13,13,12,13,14,13,12,12,12,12,12,12,12,11,11,11,11,11,12,12,12,20,12,11,11,13,10,10,10,10,11,10,9,10,11,11,12,12,13,14,9,9,11,11,12,12,13,13,8,8,9,9,11,8,8,8,9,11,12,7,7,8,7,7,7,7,9,9,7,6,6,9,6,12,7,6,6,7,10,13,4,5,6,6,7,13,5,4,5,9,10,3,4,5,6,8,9,5,17,5,9,13,2,6,7,7,2,8,9,2,1,6,6,7,8,9,2,0,1,2,4,7,8,13,4,3,1,1,4,6,12,13,15,3,2,1,2,5,6,12,12,14,4,3,3,2,2,2,2,12,12,13,13,14,15,15,16,4,4,4,3,3,2,3,6,12,13,14,15,16,5,4,4,4,3,3,14,15,15,17,6,5,5,4,6,6,7,13,14,14,15,16,6,5,4,5,9,12,15,16,16,18,7,4,10,11,14,17,6,5,5,5,5,8,9,12,12,14,14,15,18,7,7,8,12,15,18,7,6,6,6,6,8,8,9,9,9,11,7,7,7,8,8,8,9,10,11,17,8,7,7,8,9,9,9,13
162,17,17,16,16,17,20,17,16,16,16,15,16,16,16,15,15,15,15,15,16,16,15,15,15,15,14,16,15,14,14,14,14,13,14,16,14,14,13,13,13,13,14,13,13,13,12,12,14,13,13,12,12,12,13,13,12,12,12,11,11,11,11,12,12,19,12,12,10,12,11,10,10,10,11,10,9,9,11,11,11,11,12,13,10,9,10,11,11,11,12,12,8,8,8,9,11,8,8,8,9,10,11,8,7,8,8,7,7,7,8,9,7,7,6,8,7,11,8,7,6,7,9,12,4,5,5,5,6,12,5,4,5,8,9,3,3,5,5,7,8,4,16,4,7,12,2,5,6,6,3,7,8,3,1,4,5,6,7,8,3,1,0,1,3,6,7,12,5,4,1,1,3,5,10,12,14,4,3,1,1,3,5,11,11,13,5,4,4,3,2,2,2,11,11,12,12,13,14,14,15,5,5,4,4,4,3,2,5,11,12,13,14,14,6,5,5,4,4,3,13,13,14,16,7,6,5,5,5,6,6,11,13,13,14,15,7,5,5,4,8,11,14,15,15,17,8,5,9,10,13,16,6,6,6,5,5,7,8,11,11,13,13,14,17,6,6,7,11,14,17,7,7,7,6,6,7,7,8,8,9,10,7,7,7,7,7,8,8,9,10,16,9,7,7,8,8,8,9,12
163,17,17,16,16,17,20,17,17,16,16,15,16,16,16,15,15,15,15,15,16,16,16,15,15,15,14,16,15,14,14,15,14,13,14,16,15,14,14,13,13,13,14,14,13,13,12,12,14,14,13,12,12,12,13,13,12,12,12,11,11,11,11,11,12,18,13,12,10,12,11,10,10,10,11,11,9,9,10,11,11,11,12,13,10,10,10,10,11,11,12,12,8,8,8,9,10,8,8,8,8,10,11,8,7,7,8,7,7,7,8,8,7,7,6,7,7,11,8,7,5,6,8,12,5,5,5,5,5,11,6,4,4,8,9,4,3,4,5,6,7,4,16,4,7,12,2,5,5,6,3,6,7,4,1,4,4,5,6,8,4,2,1,0,3,5,6,11,6,4,1,1,3,4,10,12,14,5,4,2,1,3,5,10,11,12,5,5,4,4,3,2,2,10,11,11,12,12,13,14,14,6,5,5,4,4,3,2,5,11,11,12,13,14,7,6,5,5,4,3,12,13,13,15,7,6,6,5,5,5,6,11,12,13,13,15,7,6,5,4,7,11,13,14,15,16,8,5,8,10,12,15,7,6,6,5,5,7,8,10,11,12,13,13,17,6,6,7,11,14,16,7,7,7,7,6,7,7,7,8,8,9,8,7,7,7,7,7,8,9,10,16,9,7,7,8,8,8,8,12
164,18,18,17,16,16,18,18,18,17,17,16,18,17,17,16,16,16,15,15,17,17,17,16,16,16,14,15,16,14,14,16,15,13,13,14,16,16,15,14,13,13,15,15,15,14,12,12,13,15,14,14,12,12,15,14,14,13,13,11,11,11,11,11,11,16,14,14,11,11,13,11,11,10,10,12,10,10,9,10,10,10,11,11,11,11,9,9,9,10,10,10,9,9,9,8,9,8,8,8,8,8,9,10,8,7,10,8,7,7,7,7,9,9,7,6,9,9,11,9,5,5,6,9,6,5,4,4,4,9,8,6,4,5,6,5,4,3,3,4,5,3,13,2,4,9,3,2,3,3,6,3,5,7,3,1,2,2,3,5,7,4,3,3,0,3,3,8,8,7,4,3,1,2,7,9,11,7,7,4,3,1,2,7,8,9,8,7,7,6,5,4,3,7,8,8,9,9,11,11,12,9,8,7,7,6,5,3,3,8,9,10,11,11,9,8,8,7,7,5,10,10,11,12,10,9,8,7,3,3,4,8,9,10,10,12,10,8,8,4,5,8,11,12,12,14,11,6,6,7,10,13,9,8,8,7,5,5,6,8,8,10,10,11,14,6,6,6,9,11,14,9,9,9,8,8,6,6,6,6,7,7,9,8,7,7,7,7,7,7,8,13,11,8,8,7,7,7,7,10
165,20,19,18,16,16,17,20,19,19,19,17,19,19,18,18,17,17,16,15,19,19,18,18,17,17,15,14,18,15,14,18,16,14,13,13,18,18,16,15,13,13,17,17,16,16,13,13,12,17,16,15,13,13,17,16,16,15,15,13,12,12,11,11,11,14,16,16,12,10,14,12,12,12,10,14,11,11,9,9,9,9,10,10,13,13,9,9,9,9,9,9,11,10,10,9,8,10,9,9,8,8,8,12,9,8,12,9,8,8,7,7,12,11,9,6,12,7,13,12,6,5,5,7,8,6,5,5,5,7,11,8,5,4,4,8,6,4,4,3,3,4,10,4,2,6,6,2,2,2,9,1,2,9,6,2,1,1,1,2,9,7,6,5,3,0,1,6,11,10,7,6,3,1,4,6,8,10,9,7,6,3,2,5,5,7,11,10,9,9,8,7,6,5,5,6,6,7,8,8,9,11,11,10,10,9,8,5,2,5,6,7,8,9,12,11,10,10,9,8,7,8,8,10,13,11,11,10,4,4,3,6,7,7,8,9,12,11,10,6,4,6,8,9,10,11,13,8,5,5,7,10,11,11,10,9,7,5,5,6,6,7,8,8,12,6,6,6,7,9,11,12,11,11,10,10,6,6,6,6,6,6,11,9,9,7,7,7,7,7,7,11,13,10,10,8,7,7,7,8
166,20,20,18,16,16,17,20,20,19,19,17,20,19,19,18,18,17,17,15,19,19,19,18,18,17,15,14,18,15,15,18,17,14,13,13,18,18,17,15,13,13,18,17,17,16,13,13,12,18,16,16,13,13,17,17,16,16,15,13,13,12,12,11,11,14,17,16,12,10,15,13,12,12,10,14,12,11,9,9,9,9,9,10,14,13,9,9,9,9,9,9,11,11,10,9,8,10,10,9,8,8,8,12,10,8,12,10,8,8,7,7,12,12,9,6,12,6,14,12,6,5,5,7,8,6,6,5,5,6,11,9,5,4,4,8,6,5,4,3,3,5,10,4,2,6,6,2,2,2,9,1,2,10,7,2,2,1,1,2,10,8,7,6,3,1,0,5,12,10,7,7,3,2,4,6,8,11,10,7,7,3,2,4,5,6,11,11,10,9,8,7,6,4,5,5,6,6,7,8,8,12,11,11,10,10,9,6,3,5,5,6,7,8,12,11,11,10,10,8,7,7,8,9,13,12,11,10,4,4,4,6,6,7,7,9,13,11,11,6,4,5,8,9,9,11,14,9,5,5,7,10,12,11,11,10,7,5,5,6,6,7,7,8,11,7,6,6,6,9,11,12,12,11,11,10,7,6,6,6,6,6,12,10,9,8,7,7,7,7,7,11,14,11,10,8,8,7,7,8
167,24,23,21,18,17,16,23,23,23,22,20,23,23,22,21,21,20,20,18,23,23,22,21,21,21,17,15,22,17,17,22,20,17,15,13,22,22,20,19,15,15,21,21,20,20,16,15,13,22,20,19,16,16,21,21,20,19,19,16,16,15,14,13,13,12,21,20,16,12,19,16,16,15,12,18,15,14,11,11,11,11,10,10,18,17,11,10,10,10,9,9,15,14,13,12,10,14,13,13,11,9,8,16,14,11,17,14,12,11,9,9,17,16,13,9,17,6,18,17,10,9,7,5,13,10,10,9,9,4,16,13,10,6,5,13,11,9,8,6,5,9,5,9,5,2,11,7,6,6,14,5,4,15,12,7,7,6,5,3,15,13,12,11,8,6,5,0,17,15,12,12,8,7,1,1,3,15,15,12,12,8,7,2,1,2,16,15,15,14,13,12,11,2,2,2,2,2,3,3,4,17,16,16,15,14,13,11,7,2,2,2,3,4,17,16,16,15,15,13,3,3,4,5,18,17,16,15,8,8,7,3,3,3,4,5,17,16,15,11,6,4,4,5,5,6,19,13,6,5,4,6,16,16,15,14,12,8,7,5,5,5,5,5,7,10,10,9,6,6,7,17,16,16,15,15,10,9,9,9,8,7,16,14,13,11,11,10,10,8,8,7,18,15,14,11,11,10,10,7
168,17,16,17,18,19,24,16,16,16,16,16,15,15,15,15,16,16,16,17,15,15,15,15,15,15,16,20,14,16,16,14,14,15,16,19,13,13,13,13,16,16,13,13,13,13,14,15,17,12,12,12,13,14,12,12,12,12,12,13,13,13,14,15,15,23,11,11,12,16,10,11,11,12,14,10,11,12,14,14,15,15,16,17,9,9,14,14,15,15,16,17,10,10,11,12,15,10,10,10,12,14,16,8,9,11,7,8,10,10,12,13,7,7,8,12,6,16,6,6,9,11,13,17,7,9,9,10,10,17,5,6,9,13,14,5,7,9,10,12,13,8,21,9,12,17,6,10,11,11,3,12,13,2,5,9,10,11,12,13,2,4,5,6,8,11,12,17,0,1,4,5,8,10,15,17,19,1,2,4,5,8,10,15,16,18,1,2,2,2,3,5,6,15,16,17,17,18,19,19,20,2,2,2,2,3,4,6,10,16,17,18,19,19,2,2,2,3,3,4,18,18,19,20,3,3,3,3,9,10,10,16,17,18,18,20,3,3,4,7,12,16,18,20,20,22,4,5,13,15,17,21,5,5,5,6,7,11,12,15,15,17,18,18,22,9,10,11,16,19,21,6,6,6,6,6,10,11,11,12,12,14,6,7,8,10,10,11,11,13,14,21,7,8,8,11,11,11,12,16
169,17,17,17,18,19,23,16,16,16,16,16,16,15,15,15,15,16,16,17,15,15,15,15,15,15,16,19,14,15,15,14,14,15,16,19,13,13,13,13,15,16,13,13,13,13,14,14,16,12,12,12,13,13,12,12,12,12,12,12,12,13,13,14,14,22,11,11,12,15,10,11,11,11,13,10,10,11,13,14,14,14,16,16,9,9,13,14,14,14,15,16,9,10,10,11,14,9,9,10,11,13,15,8,9,10,7,8,9,9,11,12,7,7,8,11,6,15,6,6,9,10,12,16,6,8,8,9,9,16,4,5,8,12,13,5,6,8,9,11,12,7,20,8,11,16,5,9,10,10,2,11,12,1,4,8,9,9,11,12,1,3,4,4,7,10,10,15,1,0,3,4,7,9,14,16,18,1,1,3,4,7,9,14,15,17,1,1,1,2,2,3,5,14,15,15,16,17,18,18,19,2,2,2,2,2,3,5,9,15,15,17,18,18,3,2,2,2,2,4,17,17,18,19,4,3,3,3,8,9,9,15,16,17,17,19,4,3,3,6,11,15,17,18,19,21,5,5,12,14,16,20,4,4,5,5,7,10,11,14,14,16,17,17,21,8,9,10,15,18,20,6,6,6,6,6,9,10,10,11,11,13,6,7,7,9,9,10,10,12,13,20,7,7,7,10,10,11,11,15
170,17,17,17,17,17,21,17,17,17,16,16,16,16,16,16,16,15,15,16,16,16,16,15,15,15,15,17,15,14,14,15,14,14,14,17,15,14,14,13,14,14,14,14,13,13,13,13,15,14,13,13,12,12,13,13,12,12,12,12,12,12,12,12,13,20,13,12,11,13,11,10,10,10,12,11,10,10,11,12,12,12,13,14,10,10,11,11,12,12,13,13,9,9,9,9,11,8,8,8,9,11,12,8,8,8,8,7,7,8,9,9,7,7,7,9,7,12,8,7,6,7,9,13,5,6,6,6,7,13,5,4,5,9,10,4,4,5,6,8,9,5,17,5,8,13,2,6,6,7,3,7,8,3,1,5,6,6,7,9,3,1,1,1,4,7,7,12,4,3,0,1,4,6,11,13,15,3,3,1,1,4,6,11,12,13,4,3,3,2,2,1,2,11,12,12,13,13,14,15,15,5,4,4,3,3,2,2,6,12,12,13,14,15,5,4,4,4,3,2,13,14,14,16,6,5,5,4,5,6,6,12,13,13,14,16,6,5,4,4,8,11,14,15,16,17,7,4,9,11,13,16,6,5,5,5,5,7,8,11,11,13,13,14,18,6,6,7,12,15,17,6,6,6,6,6,7,7,8,8,9,10,7,6,6,7,7,7,8,9,10,17,8,7,7,8,8,8,9,12
171,18,17,17,17,17,20,17,17,17,17,16,17,16,16,16,16,15,15,16,16,16,16,15,15,15,15,17,15,14,14,15,14,14,14,16,15,15,14,13,14,14,14,14,14,13,13,13,14,14,13,13,12,12,13,13,13,12,12,12,12,12,12,12,12,19,13,12,11,13,11,11,10,10,11,11,10,10,11,11,12,12,13,14,10,10,11,11,11,12,12,13,9,9,9,9,11,8,8,8,9,11,12,8,8,8,8,7,7,7,9,9,8,7,7,8,7,12,8,7,6,7,9,12,5,5,6,6,6,12,6,5,5,8,9,4,4,5,5,7,8,4,16,4,8,12,2,5,6,6,3,7,8,3,1,5,5,6,7,8,3,1,1,1,3,6,7,12,5,4,1,0,3,5,10,12,14,4,3,1,1,3,5,10,11,13,5,4,3,3,2,1,1,11,11,12,12,13,14,14,15,5,5,4,4,3,2,2,5,11,12,13,14,14,6,5,4,4,4,2,13,13,14,16,7,6,5,4,5,5,6,11,12,13,13,15,6,5,5,4,7,11,14,15,15,17,8,4,9,10,13,16,6,6,5,5,5,7,8,10,11,12,13,13,17,6,6,7,11,14,17,7,6,6,6,6,7,7,7,8,8,9,7,6,6,7,7,7,7,9,10,16,8,7,7,7,8,8,8,12
172,19,18,17,16,17,19,18,18,18,18,17,18,18,17,17,17,16,16,15,18,18,17,17,16,16,15,15,17,14,14,16,15,14,14,15,16,16,15,14,13,13,16,15,15,15,13,13,13,16,15,14,13,12,15,15,14,14,14,12,12,12,12,12,12,17,15,14,11,11,13,11,11,11,11,13,11,10,10,10,10,10,11,12,12,11,10,10,10,10,11,11,10,9,9,9,9,9,9,9,8,9,10,10,8,8,10,8,7,7,7,7,10,9,7,7,10,9,11,9,6,6,7,9,6,5,5,5,5,9,8,6,4,6,7,6,4,4,4,5,5,3,13,3,5,9,4,3,3,4,6,4,5,7,3,2,2,2,3,5,7,4,3,3,1,3,3,8,8,7,4,3,0,2,7,9,11,7,7,4,3,1,2,7,8,9,8,7,7,6,5,4,3,7,8,8,9,9,11,11,12,8,8,7,7,6,5,3,2,8,8,9,11,11,9,8,7,7,6,5,10,10,11,12,10,9,8,7,3,3,3,8,9,10,10,12,9,8,7,4,5,8,10,11,12,14,11,6,6,7,10,13,8,8,7,7,5,5,6,7,8,9,10,10,14,5,5,5,8,11,14,9,9,8,8,7,6,6,6,6,6,7,9,7,7,6,6,6,6,7,7,13,11,8,8,7,7,7,7,9
173,20,19,18,17,16,18,19,19,19,18,17,19,19,18,17,17,17,17,16,19,18,18,18,17,17,15,15,18,15,15,17,16,14,14,14,18,17,16,15,13,13,17,16,16,16,13,13,13,17,16,15,13,13,16,16,15,15,15,13,12,12,12,12,12,16,16,15,12,11,14,12,12,12,10,14,11,11,10,10,10,10,10,11,13,12,9,9,9,10,10,10,10,10,10,9,9,10,9,9,8,8,9,11,9,8,11,9,8,8,7,7,11,11,8,7,11,8,12,11,6,6,6,8,7,6,5,5,5,8,10,7,5,5,5,7,5,4,4,4,4,4,11,3,4,8,5,2,2,2,8,2,3,8,5,1,1,1,2,3,8,6,5,4,2,1,2,7,10,9,6,5,2,0,5,7,9,9,8,6,5,2,1,6,6,8,9,9,8,8,7,6,5,6,6,7,7,8,9,9,10,10,9,9,8,8,7,4,2,6,7,8,9,9,11,10,9,9,8,6,8,9,9,11,11,10,10,9,3,3,3,7,8,8,9,10,11,9,9,5,4,6,9,10,10,12,12,7,5,6,8,11,10,9,9,8,6,4,5,6,7,8,8,9,12,5,5,5,7,10,12,10,10,9,9,9,6,6,6,6,6,6,10,8,8,6,6,6,6,6,7,12,12,9,9,7,7,7,7,8
174,23,23,20,18,17,17,23,23,22,22,20,23,22,22,21,20,20,19,17,23,22,22,21,21,20,17,15,21,17,17,21,20,17,15,14,22,21,20,18,15,15,21,20,20,20,16,15,13,21,20,19,16,15,21,20,19,19,18,16,15,15,14,13,13,13,20,19,15,12,18,16,15,15,12,18,15,14,11,11,11,11,10,10,17,17,11,10,10,10,10,9,14,14,13,12,10,13,13,12,11,9,9,16,13,11,16,13,11,11,9,9,16,15,12,9,16,6,17,16,9,8,6,6,12,10,9,9,8,5,15,12,9,5,5,12,10,8,8,6,5,8,6,8,4,3,10,6,5,5,13,4,3,14,11,6,6,5,4,2,14,12,10,10,7,4,4,1,15,14,11,10,7,5,0,2,4,14,14,11,10,7,6,1,1,2,15,14,14,13,12,11,10,1,1,2,2,2,3,4,5,15,15,14,14,13,12,9,6,2,2,3,4,4,16,15,14,14,13,12,3,4,4,5,17,16,15,14,7,7,6,3,3,4,4,5,16,15,14,9,5,3,4,5,5,7,17,12,5,4,4,6,15,14,14,13,10,7,6,5,4,5,5,5,7,9,9,7,5,6,7,15,15,14,14,13,9,8,8,7,7,6,15,13,12,10,9,9,9,7,7,7,17,13,13,10,9,9,9,7
175,25,24,21,19,18,16,24,24,23,23,21,24,23,23,22,21,21,20,18,24,23,23,22,22,21,18,15,23,18,18,22,21,18,16,14,23,22,21,19,16,15,22,22,21,21,17,16,14,22,21,20,17,16,22,22,21,20,20,17,16,16,15,14,14,12,22,21,16,12,20,17,16,16,13,19,16,15,12,12,12,11,11,10,18,18,11,11,11,11,10,10,15,15,14,13,10,15,14,14,12,10,9,17,14,12,17,15,13,12,10,10,17,17,14,10,18,6,19,17,11,9,7,6,14,11,11,10,10,5,17,14,10,7,6,14,12,10,9,7,6,10,5,9,6,3,12,7,7,6,15,6,5,15,12,8,7,7,6,4,15,13,12,12,9,6,6,1,17,16,13,12,9,7,2,0,2,16,15,13,12,9,7,2,1,1,17,16,15,15,14,13,12,2,2,1,1,1,2,2,3,17,17,16,15,15,14,11,7,2,2,2,2,3,18,17,16,16,15,13,2,2,3,4,18,17,17,16,9,8,8,3,3,3,3,4,18,16,16,11,6,4,3,4,4,5,19,14,6,5,4,5,17,16,15,14,12,8,7,5,5,4,4,4,6,11,10,9,5,5,6,17,16,16,15,15,10,9,9,9,8,7,17,14,14,11,11,10,10,8,7,7,18,15,14,11,11,10,10,7
176,26,25,23,20,19,17,26,25,25,25,22,26,25,25,23,23,22,22,20,26,25,25,24,23,23,19,16,24,19,19,24,23,19,17,15,25,24,23,21,17,16,24,23,23,23,18,17,15,24,23,22,19,18,24,23,22,22,22,18,18,18,16,16,15,12,24,23,18,13,21,19,18,18,14,21,18,16,14,13,13,13,12,11,20,20,13,12,12,12,11,11,17,17,16,15,12,17,16,16,13,11,10,19,16,14,20,16,15,14,12,11,19,19,16,11,20,7,21,19,13,11,9,6,16,13,13,12,12,6,19,16,12,8,7,16,14,12,11,9,8,12,4,11,8,4,14,10,9,9,17,8,7,18,14,10,9,9,8,6,18,15,14,14,11,8,8,3,19,18,15,14,11,9,4,2,0,18,18,15,14,11,9,4,3,2,19,18,18,17,16,15,14,4,3,3,2,2,1,1,1,19,19,18,18,17,16,13,9,4,3,2,2,2,20,19,18,18,17,16,3,2,2,2,21,19,19,18,11,10,10,4,4,3,3,3,20,18,18,13,8,5,3,3,3,4,21,16,8,6,4,4,19,18,18,17,14,10,9,7,6,5,5,5,5,13,12,11,7,5,5,19,18,18,17,17,12,11,11,10,10,9,19,16,16,13,13,12,12,10,9,6,20,17,16,13,12,12,11,8
177,17,17,17,18,19,23,17,17,17,17,17,16,16,16,16,16,16,16,17,16,16,15,15,15,15,17,19,15,16,16,14,14,15,16,19,14,14,14,14,15,16,13,13,13,13,14,15,17,13,13,13,13,14,12,12,12,12,12,13,13,13,14,14,15,23,12,12,12,16,11,11,11,12,14,10,11,12,14,14,14,15,16,17,10,10,14,14,14,15,16,16,10,10,11,11,14,10,10,10,12,14,15,8,9,11,8,8,9,10,12,12,7,7,8,11,7,15,6,6,9,10,13,16,6,8,9,9,9,16,5,6,8,12,13,5,7,8,9,11,12,8,20,8,11,16,5,9,10,10,2,11,12,2,4,8,9,9,11,12,1,3,4,5,7,10,11,15,1,1,3,4,7,9,14,16,18,0,1,3,4,7,9,14,15,16,1,1,1,1,2,3,4,14,15,15,16,17,18,18,19,2,1,1,1,2,2,5,9,15,15,17,18,18,2,2,2,2,2,3,17,17,18,19,3,2,2,2,8,9,9,15,16,17,17,19,3,3,3,6,11,15,17,18,19,21,4,4,12,14,16,20,4,4,4,4,6,10,11,14,14,16,16,17,21,8,8,10,14,18,20,5,5,5,5,5,9,10,10,11,11,13,6,6,7,9,9,9,10,12,13,19,6,7,7,9,10,10,11,15
178,17,17,17,18,19,23,17,17,17,17,17,16,16,16,16,16,16,16,17,16,16,16,15,15,15,16,19,15,15,16,14,14,15,16,19,14,14,14,14,15,16,13,13,13,13,14,15,16,13,13,13,13,13,13,12,12,12,12,13,13,13,14,14,14,22,12,12,12,15,11,11,11,11,13,11,11,11,13,14,14,14,16,16,10,10,13,14,14,14,15,16,10,10,10,11,14,9,10,10,11,13,15,8,9,10,8,8,9,9,11,12,7,7,8,11,7,15,7,6,9,10,12,16,6,8,8,9,9,15,5,5,8,12,13,5,6,8,8,10,11,7,20,7,11,16,5,9,9,10,2,10,11,2,4,8,8,9,10,12,1,2,3,4,7,9,10,15,2,1,3,3,7,8,14,15,18,1,0,3,3,7,8,14,14,16,1,1,1,1,2,3,4,14,14,15,15,16,17,18,18,2,2,1,1,1,2,5,8,14,15,16,17,18,3,2,2,2,2,3,16,17,17,19,4,3,2,2,7,8,9,14,16,16,17,18,4,3,3,6,10,14,17,18,18,20,5,4,11,13,16,19,4,4,4,4,6,9,11,13,14,15,16,16,20,7,8,9,14,17,20,5,5,5,5,5,9,9,10,10,11,12,6,6,6,8,9,9,9,11,12,19,6,6,7,9,9,10,10,15
179,18,18,17,17,18,21,17,17,17,17,17,17,17,17,16,16,16,16,16,17,16,16,16,16,16,16,17,16,15,15,15,15,14,15,17,15,15,14,14,14,15,14,14,14,14,13,14,15,14,13,13,13,13,14,13,13,13,13,12,12,12,13,13,13,20,13,13,12,14,12,11,11,11,12,11,10,11,12,12,12,13,14,14,10,10,12,12,12,13,13,14,9,9,9,10,12,9,9,9,10,11,12,9,8,9,8,8,8,8,9,10,8,8,7,9,8,12,8,7,7,8,10,13,5,6,6,7,7,13,6,5,6,9,10,4,5,6,6,8,9,5,17,5,8,13,3,6,7,7,3,7,9,3,2,5,6,6,7,9,3,1,1,2,4,7,7,12,4,3,1,1,4,6,11,13,15,3,3,0,1,4,6,11,12,13,4,3,3,2,1,1,1,11,12,12,13,13,14,15,15,5,4,3,3,2,2,2,6,12,12,13,14,15,5,4,4,3,3,2,13,14,14,16,6,5,4,4,5,5,6,12,13,13,14,16,6,4,4,4,8,11,14,15,16,17,7,3,9,10,13,16,5,5,4,4,4,7,8,11,11,13,13,14,17,6,6,7,11,14,17,6,6,5,5,5,7,7,7,8,8,10,6,6,6,6,7,7,7,9,10,16,7,6,6,7,7,8,8,12
180,18,18,17,17,18,21,18,17,17,17,17,17,17,17,16,16,16,16,16,17,17,16,16,16,16,16,17,16,15,15,15,15,14,15,17,15,15,14,14,14,14,15,14,14,14,13,13,15,14,14,13,13,13,14,14,13,13,13,12,12,12,12,13,13,20,13,13,12,13,12,11,11,11,12,11,10,11,12,12,12,12,13,14,11,10,11,12,12,12,13,13,9,9,9,10,11,9,9,9,10,11,12,9,8,9,9,8,8,8,9,9,8,8,7,9,8,12,9,7,7,7,9,13,6,6,6,6,7,12,6,5,6,9,10,5,5,5,6,7,8,5,16,5,8,13,3,6,6,7,4,7,8,4,2,5,5,6,7,8,3,2,1,1,3,6,7,12,5,4,1,1,3,5,10,12,14,4,3,1,0,3,5,10,11,13,4,4,3,3,2,1,1,10,11,12,12,13,14,14,15,5,5,4,3,3,2,2,5,11,12,13,14,14,6,5,4,4,3,2,13,13,14,15,6,5,5,4,4,5,5,11,12,13,13,15,6,5,4,3,7,11,13,15,15,17,7,3,8,10,13,16,5,5,5,4,4,6,8,10,11,12,13,13,17,5,6,7,11,14,17,6,6,6,5,5,6,7,7,7,8,9,6,6,6,6,6,7,7,9,9,16,8,6,6,7,7,7,8,12
181,19,19,18,17,17,19,19,19,18,18,17,18,18,18,17,17,17,17,16,18,18,18,17,17,17,15,16,17,15,15,17,16,14,14,15,17,17,16,15,14,14,16,16,16,15,13,13,14,16,15,15,13,13,16,15,15,14,14,13,12,12,12,12,12,17,15,15,12,12,13,12,12,11,11,13,11,11,11,11,11,11,12,12,12,12,10,10,10,11,11,11,10,10,10,9,10,9,9,9,9,9,10,11,9,8,11,9,8,8,8,8,10,10,8,7,10,9,11,10,6,6,7,10,7,6,6,5,6,9,9,7,5,6,7,6,5,4,4,5,6,4,13,3,5,9,4,3,4,4,6,4,5,7,4,2,2,3,4,5,7,5,3,3,1,3,3,8,8,7,4,3,1,2,7,9,11,7,7,4,3,0,2,7,8,9,8,7,7,6,5,4,3,7,8,8,9,9,10,11,12,8,8,7,7,6,5,2,2,8,8,9,11,11,9,8,7,7,6,5,9,10,11,12,10,9,8,7,2,2,3,8,9,10,10,12,9,8,7,3,4,8,10,11,12,13,10,6,6,7,9,13,8,8,7,6,4,4,5,7,8,9,10,10,14,4,4,5,8,11,13,9,8,8,7,7,5,5,5,5,6,7,9,7,6,6,6,6,6,6,7,13,10,7,7,6,6,6,6,9
182,20,20,18,17,17,18,20,20,19,19,18,19,19,19,18,18,17,17,16,19,19,19,18,18,17,16,16,18,15,15,18,17,15,14,15,18,18,17,15,14,14,17,17,16,16,14,13,13,17,16,15,14,13,17,16,16,15,15,13,13,13,12,12,12,16,16,16,13,12,14,13,12,12,11,14,12,11,10,10,11,11,11,11,13,13,10,10,10,10,10,11,11,11,10,10,9,10,10,10,9,9,9,12,10,9,12,9,8,8,8,8,11,11,9,7,11,8,13,11,6,6,6,9,8,6,6,6,6,8,10,8,5,5,6,7,6,5,5,5,5,4,12,4,4,8,5,3,3,3,8,3,4,8,5,2,2,2,2,4,8,6,5,5,2,2,2,7,10,9,6,5,2,1,6,7,9,9,8,6,5,2,0,5,6,8,9,9,8,8,7,6,4,6,6,7,7,8,9,9,10,10,9,9,8,8,7,4,1,6,7,8,9,9,11,9,9,8,8,6,8,8,9,11,11,10,10,9,2,2,2,6,7,8,9,10,11,9,9,4,3,6,9,10,10,12,12,7,4,5,8,11,10,9,9,8,5,4,4,6,6,8,8,9,12,5,5,4,7,9,12,10,10,9,9,8,5,5,5,5,5,6,10,8,7,6,6,6,6,6,6,11,12,9,8,6,6,6,6,8
183,24,23,21,18,18,17,23,23,23,22,20,23,23,22,21,21,20,20,18,23,23,22,21,21,21,17,16,22,18,17,21,20,17,16,14,22,21,20,19,15,15,21,21,20,20,16,15,14,21,20,19,16,16,21,20,20,19,19,16,16,15,14,14,14,13,21,20,16,12,18,16,16,15,13,18,15,14,12,12,11,11,11,11,17,17,11,11,11,10,10,10,14,14,13,12,10,14,13,13,11,10,9,16,13,11,16,13,12,11,9,9,16,15,13,9,16,7,18,16,10,9,7,6,12,10,9,9,9,6,15,13,9,6,5,12,10,8,8,6,5,9,7,8,5,4,10,6,6,5,13,4,4,14,11,6,6,5,4,3,14,12,11,10,7,5,4,2,15,14,11,10,7,6,1,2,4,14,14,11,10,7,5,0,1,2,15,14,14,13,12,11,10,1,1,1,2,2,3,4,4,15,15,14,14,13,12,9,6,1,2,2,3,4,16,15,14,14,13,12,3,3,4,5,17,16,15,14,7,6,6,2,3,3,4,5,16,15,14,9,5,3,4,5,5,7,17,12,4,3,4,6,15,14,14,13,10,7,5,4,4,4,4,4,7,9,8,7,4,5,7,15,15,14,14,13,8,8,7,7,7,6,15,12,12,9,9,9,8,7,6,7,17,13,13,9,9,9,8,6
184,24,23,21,19,18,17,24,23,23,23,20,23,23,23,21,21,20,20,18,23,23,23,22,21,21,18,16,22,18,18,22,21,17,16,14,22,22,21,19,16,15,22,21,21,20,16,16,14,22,20,20,17,16,21,21,20,20,19,16,16,16,15,14,14,13,21,20,16,12,19,16,16,16,13,19,16,14,12,12,12,11,11,11,18,17,11,11,11,11,10,10,15,14,14,12,10,14,14,13,11,10,9,17,14,12,17,14,12,12,10,9,16,16,13,9,17,7,18,17,10,9,7,6,13,10,10,9,9,5,16,13,10,6,6,13,11,9,8,7,6,9,6,8,5,3,11,7,6,6,14,5,4,14,11,7,6,6,5,3,14,12,11,11,8,5,5,1,16,15,12,11,8,6,1,1,3,15,14,12,11,8,6,1,0,2,15,15,14,14,13,12,10,1,1,1,1,2,3,3,4,16,15,15,14,14,13,10,6,1,1,2,3,3,17,15,15,14,14,12,2,3,3,5,17,16,16,14,7,7,6,2,2,3,3,4,17,15,15,10,5,3,4,4,5,6,18,13,5,4,3,5,15,15,14,13,11,7,6,4,4,4,4,4,7,9,9,7,5,5,7,16,15,15,14,14,9,8,8,7,7,6,15,13,12,10,9,9,9,7,6,7,17,14,13,10,9,9,9,6
185,25,25,22,19,19,17,25,25,24,24,21,25,24,24,23,22,21,21,19,25,24,24,23,23,22,19,16,23,19,18,23,22,18,17,15,24,23,22,20,17,16,23,22,22,22,18,16,15,23,22,21,18,17,23,22,21,21,20,18,17,17,16,15,15,12,22,22,17,13,20,18,17,17,14,20,17,16,13,13,12,12,11,11,19,19,12,12,12,11,11,11,16,16,15,14,11,15,15,15,12,11,10,18,15,13,18,15,13,13,11,11,18,17,15,11,18,7,20,18,12,10,8,6,14,12,11,11,10,6,17,15,11,7,7,14,12,10,10,8,7,11,5,10,6,3,12,8,8,7,16,6,5,16,13,8,8,7,6,5,16,14,13,12,9,7,6,2,18,17,13,13,9,8,2,1,2,16,16,13,13,9,8,2,2,0,17,17,16,15,14,13,12,2,2,1,1,1,1,2,2,18,17,17,16,15,14,12,8,2,2,1,2,2,18,17,17,16,15,14,2,2,2,3,19,18,17,16,9,9,8,3,2,2,2,3,18,17,16,11,7,4,3,3,4,5,20,14,6,5,3,4,17,16,16,15,12,9,7,5,5,4,4,4,5,11,10,9,5,4,6,17,17,16,16,15,10,10,9,9,8,7,17,14,14,11,11,10,10,8,7,6,19,15,15,11,11,10,10,7
186,18,18,18,19,20,24,17,17,17,17,17,17,17,17,17,17,17,17,18,16,16,16,16,16,16,17,20,15,16,17,15,15,16,17,20,14,14,14,14,16,17,14,14,14,14,15,15,18,13,13,13,14,14,13,13,13,13,13,13,14,14,15,15,15,23,12,12,13,16,12,12,12,12,15,11,12,12,14,15,15,16,17,18,10,11,14,15,15,16,16,17,11,11,11,12,15,10,11,11,12,14,16,9,10,11,8,9,10,11,12,13,8,8,9,12,7,16,7,7,10,11,13,17,7,9,9,10,10,17,6,6,9,13,14,6,7,9,10,12,13,8,21,9,12,17,6,10,10,11,3,11,12,2,5,9,10,10,11,13,2,4,5,5,8,11,11,16,1,1,4,5,8,9,15,17,19,1,1,4,4,8,9,15,15,17,0,1,1,2,3,4,5,15,15,16,16,17,18,19,19,1,1,1,1,2,3,6,9,15,16,17,18,19,2,1,1,2,2,3,17,18,18,20,2,2,2,2,8,9,9,15,17,17,18,19,2,2,2,6,11,15,18,19,19,21,4,4,12,14,17,20,3,3,4,4,6,10,11,14,15,16,17,17,21,8,9,10,15,18,21,4,5,5,5,5,9,10,10,11,11,13,5,6,7,9,9,10,10,12,13,20,6,6,7,9,10,10,11,15
187,18,18,18,19,20,24,17,17,17,17,17,17,17,17,17,17,17,17,18,16,16,16,16,16,16,17,20,15,16,16,15,15,16,17,20,15,14,14,14,16,17,14,14,14,14,15,15,17,13,13,13,14,14,13,13,13,13,13,13,13,14,14,15,15,23,12,12,13,16,12,12,12,12,14,11,11,12,14,14,15,15,16,17,10,10,14,14,15,15,16,16,10,11,11,12,14,10,10,11,12,14,15,9,10,11,8,9,10,10,12,12,8,8,9,12,7,15,7,7,9,11,13,16,7,9,9,9,10,16,5,6,9,12,13,6,7,9,9,11,12,8,20,8,12,16,6,9,10,10,3,11,12,2,4,9,9,10,11,12,2,3,4,5,7,10,11,15,2,1,3,4,7,9,14,16,18,1,1,3,4,7,9,14,15,17,1,0,1,1,2,3,4,14,15,15,16,16,18,18,19,1,1,1,1,1,2,5,9,15,15,17,18,18,2,1,1,1,2,3,17,17,18,19,3,2,2,2,8,8,9,15,16,17,17,19,3,2,2,6,11,14,17,18,19,20,4,4,12,13,16,19,3,3,3,4,6,9,11,14,14,16,16,17,21,8,8,10,14,17,20,4,4,5,5,5,9,9,10,10,11,12,5,6,6,8,9,9,10,12,13,19,6,6,6,9,9,10,10,15
188,18,18,18,19,19,23,17,17,17,17,17,17,17,17,16,17,17,17,17,16,16,16,16,16,16,17,19,16,16,16,15,15,15,16,19,15,15,14,14,16,16,14,14,14,14,14,15,17,14,13,13,14,14,13,13,13,13,13,13,13,13,14,15,15,23,13,12,13,16,12,12,12,12,14,11,11,12,14,14,14,15,16,17,10,10,14,14,14,15,16,16,10,10,11,12,14,10,10,10,12,14,15,9,9,11,8,9,10,10,12,12,8,8,8,11,7,15,7,7,9,10,12,16,7,8,9,9,9,16,6,6,8,12,13,5,7,8,9,11,12,7,20,8,11,16,5,9,9,10,3,10,11,2,4,8,9,9,10,12,2,3,4,4,7,9,10,15,2,1,3,3,7,8,14,15,18,1,1,3,3,7,8,14,14,16,1,1,0,1,2,3,4,14,14,15,15,16,17,18,18,2,1,1,1,1,2,4,8,14,15,16,17,18,2,2,1,1,1,2,16,17,17,19,3,2,2,2,7,8,8,14,15,16,17,18,3,2,2,5,10,14,17,18,18,20,4,4,11,13,16,19,3,3,3,4,6,9,10,13,14,15,16,16,20,7,8,9,14,17,20,4,4,4,5,5,8,9,9,10,10,12,5,6,6,8,8,9,9,11,12,19,6,6,6,9,9,9,10,14
189,18,18,18,19,19,23,17,17,17,17,17,17,17,17,17,16,17,17,17,16,16,16,16,16,16,17,19,16,16,16,15,15,15,16,19,15,15,14,14,16,16,14,14,14,14,14,15,17,14,13,13,13,14,13,13,13,13,13,13,13,13,14,14,15,22,13,12,12,15,12,12,12,12,14,11,11,12,13,14,14,14,16,16,11,10,13,14,14,14,15,16,10,10,11,11,14,10,10,10,11,13,14,9,9,10,8,9,9,10,11,12,8,8,8,11,7,15,7,7,9,10,12,15,6,8,8,9,9,15,6,6,8,11,12,5,6,8,8,10,11,7,19,7,11,15,5,8,9,9,3,10,11,2,4,7,8,9,10,11,2,2,3,4,6,9,9,14,2,2,2,3,6,8,13,15,17,1,1,2,3,6,8,13,14,15,2,1,1,0,1,2,3,13,14,14,15,15,16,17,18,2,2,1,1,1,1,4,8,14,14,15,17,17,3,2,2,1,1,2,15,16,17,18,4,3,2,2,7,7,8,14,15,15,16,18,4,2,2,5,10,13,16,17,18,19,5,3,11,12,15,18,3,3,3,3,5,8,10,13,13,15,15,16,20,7,7,9,13,16,19,5,4,4,4,5,8,8,9,9,10,11,5,5,6,7,8,8,9,11,12,18,6,6,6,8,9,9,9,14
190,18,18,18,18,19,22,18,17,17,17,17,17,17,17,17,17,16,17,17,17,17,16,16,16,16,16,18,16,16,16,15,15,15,16,18,15,15,15,14,15,16,14,14,14,14,14,14,16,14,14,13,13,13,14,13,13,13,13,13,13,13,13,14,14,21,13,13,12,15,12,12,12,12,13,11,11,11,13,13,13,14,15,16,11,11,13,13,13,14,14,15,10,10,10,11,13,9,10,10,11,12,14,9,9,10,9,8,9,9,11,11,8,8,8,10,8,14,8,7,8,9,11,14,6,7,7,8,8,14,6,6,7,10,11,5,6,7,7,9,10,6,18,6,10,14,4,7,8,8,3,9,10,3,3,6,7,7,9,10,2,2,2,3,5,8,8,13,3,2,2,2,5,7,12,14,16,2,2,1,2,5,7,12,13,14,3,2,2,1,0,1,2,12,13,13,14,14,15,16,16,3,3,2,2,1,1,3,7,13,13,14,15,16,4,3,2,2,2,1,14,15,15,17,5,4,3,2,6,6,7,13,14,14,15,17,4,3,3,4,9,12,15,16,17,18,6,3,10,11,14,17,4,4,3,3,4,7,9,11,12,14,14,15,18,6,6,8,12,15,18,5,5,5,4,4,7,7,8,8,9,10,5,5,5,7,7,7,8,10,11,17,6,6,6,7,8,8,9,13
191,18,18,18,18,18,22,18,18,18,17,17,17,17,17,17,17,17,17,17,17,17,17,16,16,16,16,18,16,15,16,16,15,15,15,18,16,15,15,14,15,15,15,15,14,14,14,14,15,15,14,14,13,13,14,14,13,13,13,13,13,13,13,13,14,20,14,13,12,14,12,12,12,12,13,12,11,11,12,13,13,13,14,15,11,11,12,12,13,13,14,14,10,10,10,10,12,9,9,9,10,12,13,9,9,9,9,8,9,9,10,10,8,8,8,9,8,13,9,8,7,8,10,13,6,7,7,7,7,13,6,6,6,9,10,5,5,6,7,8,9,6,17,5,9,13,3,6,7,7,4,8,9,4,2,5,6,6,7,9,3,2,2,2,4,7,7,12,5,3,1,1,4,6,11,13,15,3,3,1,1,4,6,11,12,13,4,3,3,2,1,0,1,11,12,12,13,13,14,15,15,4,4,3,3,2,1,2,6,12,12,13,14,15,5,4,3,3,2,1,13,14,14,16,6,5,4,3,5,5,6,12,13,13,14,15,5,4,4,3,7,11,14,15,16,17,7,3,9,10,13,16,5,4,4,3,4,6,8,10,11,13,13,14,17,5,5,7,11,14,17,5,5,5,5,5,6,7,7,7,8,9,6,5,5,6,6,7,7,9,10,16,7,6,5,7,7,7,8,12
192,19,18,18,18,18,21,18,18,18,18,17,18,18,17,17,17,17,17,17,17,17,17,17,17,16,16,17,17,15,15,16,15,15,15,17,16,16,15,15,15,15,15,15,15,15,14,14,15,15,14,14,13,13,15,14,14,14,13,13,13,13,13,13,13,20,14,14,12,14,13,12,12,12,12,12,11,11,12,12,12,13,13,14,11,11,12,12,12,12,13,13,10,10,10,10,12,9,9,9,10,11,12,10,9,9,9,8,8,8,9,10,9,9,8,9,9,12,9,8,7,8,9,12,6,6,6,7,7,12,7,6,6,9,9,5,5,6,6,7,8,5,16,5,8,12,3,6,6,6,4,7,8,4,2,4,5,5,6,8,4,2,2,2,3,6,6,11,6,5,2,1,3,5,10,12,14,4,4,1,1,3,4,10,10,12,5,4,4,3,2,1,0,10,10,11,12,12,13,14,14,6,5,4,4,3,2,1,4,10,11,12,13,14,6,5,5,4,3,2,12,13,13,15,7,6,5,4,4,4,5,11,12,12,13,14,6,5,4,2,6,10,13,14,14,16,8,3,8,9,12,15,6,5,5,4,3,5,7,9,10,11,12,13,16,4,5,6,10,13,16,6,6,5,5,5,5,6,6,7,7,8,6,5,5,5,6,6,6,8,9,15,8,6,6,6,6,7,7,11
193,24,23,21,19,18,18,24,23,23,23,21,23,23,23,21,21,20,20,18,23,23,23,22,21,21,18,16,22,18,18,22,21,18,16,15,22,22,21,19,16,16,21,21,21,20,17,16,14,22,20,19,17,16,21,21,20,20,19,16,16,16,15,14,14,14,21,20,16,13,19,16,16,16,13,18,16,14,12,12,12,12,11,11,18,17,12,11,11,11,11,11,15,14,14,13,11,14,14,13,11,10,10,16,14,12,17,14,12,12,10,10,16,16,13,9,16,7,18,16,10,9,7,7,13,10,10,9,9,6,15,13,9,6,6,13,11,9,8,7,6,9,7,8,5,4,10,6,6,5,13,5,4,14,11,6,6,5,4,3,14,12,11,10,7,5,4,2,15,14,11,11,7,6,1,2,4,14,14,11,10,7,6,1,1,2,15,14,14,13,12,11,10,0,1,1,2,2,3,4,4,15,15,14,14,13,12,9,6,1,1,2,3,4,16,15,14,14,13,12,2,3,3,5,17,15,15,14,7,6,6,2,2,3,3,5,16,14,14,9,4,2,4,4,5,6,17,12,4,3,3,6,15,14,14,13,10,6,5,3,3,3,4,4,7,9,8,7,4,5,7,15,14,14,13,13,8,7,7,7,6,5,15,12,12,9,9,8,8,6,6,7,16,13,12,9,9,8,8,6
194,25,24,22,19,19,18,24,24,23,23,21,24,23,23,22,21,21,20,19,24,23,23,22,22,21,18,16,23,18,18,22,21,18,16,15,23,22,21,19,16,16,22,21,21,21,17,16,14,22,21,20,17,16,22,21,20,20,20,17,16,16,15,15,14,13,21,20,16,13,19,17,16,16,13,19,16,15,13,12,12,12,11,11,18,18,12,12,11,11,11,11,15,15,14,13,11,14,14,14,12,10,10,17,14,12,17,14,12,12,10,10,17,16,13,10,17,7,18,17,11,9,8,7,13,11,10,10,9,6,16,13,10,7,6,13,11,9,9,7,6,9,7,9,5,4,11,7,6,6,14,5,4,14,11,7,6,6,5,4,14,12,11,11,8,5,5,2,16,15,12,11,8,6,1,2,3,15,14,12,11,8,6,1,1,2,15,15,14,14,13,12,10,1,0,1,1,2,3,3,4,16,15,15,14,14,13,10,6,1,1,2,3,3,17,15,15,14,14,12,2,2,3,5,17,16,15,14,7,7,6,2,2,2,3,4,17,15,14,10,5,2,3,4,4,6,18,12,4,3,3,5,15,15,14,13,10,7,6,4,3,3,3,4,6,9,9,7,4,4,6,15,15,14,14,13,8,8,7,7,7,5,15,13,12,10,9,9,8,7,6,6,17,13,13,9,9,9,8,6
195,25,24,22,19,19,18,25,24,24,23,21,24,24,23,22,22,21,21,19,24,24,23,23,22,22,18,16,23,19,18,23,21,18,17,15,23,23,21,20,17,16,22,22,21,21,17,16,15,22,21,20,18,17,22,22,21,20,20,17,17,16,15,15,15,13,22,21,17,13,20,17,17,16,14,19,16,15,13,13,12,12,11,11,19,18,12,12,12,11,11,11,16,15,14,13,11,15,14,14,12,11,10,17,15,12,17,15,13,12,11,10,17,17,14,10,17,7,19,17,11,10,8,7,14,11,11,10,10,6,16,14,10,7,6,14,12,10,9,7,7,10,6,9,6,4,11,7,7,6,15,6,5,15,12,7,7,6,5,4,15,13,12,11,8,6,5,2,17,15,12,12,8,7,2,1,3,15,15,12,12,8,7,1,1,1,16,15,15,14,13,12,11,1,1,0,1,1,2,3,3,17,16,15,15,14,13,10,7,1,1,1,2,3,17,16,15,15,14,13,2,2,2,4,18,17,16,15,8,7,7,2,2,2,2,4,17,16,15,10,5,2,3,4,4,5,18,13,5,4,3,5,16,15,15,14,11,7,6,4,4,3,3,3,6,10,9,8,4,4,6,16,15,15,14,14,9,8,8,7,7,6,16,13,13,10,10,9,9,7,6,6,17,14,13,10,9,9,9,6
196,25,25,22,20,19,18,25,25,24,24,22,25,24,24,23,22,21,21,19,25,24,24,23,23,22,19,17,23,19,19,23,22,18,17,15,24,23,22,20,17,16,23,22,22,21,18,17,15,23,22,21,18,17,23,22,21,21,20,18,17,17,16,15,15,13,22,21,17,13,20,18,17,17,14,20,17,16,13,13,13,12,12,11,19,19,12,12,12,12,11,11,16,16,15,14,11,15,15,14,12,11,10,18,15,13,18,15,13,13,11,11,18,17,14,11,18,7,19,18,11,10,8,7,14,12,11,11,10,6,17,14,11,7,7,14,12,10,10,8,7,10,6,10,6,4,12,8,7,7,15,6,5,16,12,8,7,7,6,4,15,13,12,12,9,6,6,2,17,16,13,12,9,7,2,1,2,16,15,13,12,9,7,2,1,1,16,16,15,15,14,13,12,2,1,1,0,1,2,2,3,17,17,16,15,15,14,11,7,1,1,1,2,2,18,17,16,15,15,13,1,2,2,3,18,17,17,15,8,8,7,2,2,2,2,3,18,16,16,11,6,3,2,3,4,5,19,13,5,4,3,4,16,16,15,14,11,8,6,4,4,3,3,3,5,10,10,8,4,4,5,17,16,15,15,14,9,9,8,8,7,6,16,14,13,11,10,10,9,7,7,6,18,14,14,10,10,9,9,6
197,26,25,23,20,19,18,25,25,25,24,22,25,25,24,23,23,22,21,20,25,25,24,23,23,23,19,17,24,19,19,23,22,19,17,15,24,24,22,21,17,17,23,23,22,22,18,17,15,23,22,21,18,18,23,23,22,21,21,18,18,17,16,15,15,13,23,22,18,14,21,18,18,17,14,20,17,16,13,13,13,13,12,11,20,19,13,12,12,12,11,11,16,16,15,14,12,16,15,15,13,11,10,18,15,13,18,16,14,13,11,11,18,18,15,11,18,8,20,18,12,11,9,7,15,12,12,11,11,6,17,15,11,8,7,15,13,11,10,8,7,11,6,10,7,4,13,8,8,7,16,7,6,16,13,9,8,7,6,5,16,14,13,12,9,7,6,2,18,17,13,13,9,8,2,1,2,17,16,13,13,9,8,2,2,1,17,16,16,15,14,13,12,2,2,1,1,0,1,2,2,18,17,17,16,15,14,12,8,2,1,1,1,2,18,17,17,16,15,14,1,1,2,3,19,18,17,16,9,8,8,2,2,2,2,3,18,17,16,11,6,3,2,3,3,4,19,14,6,4,3,4,17,16,16,15,12,8,7,5,4,3,3,3,5,11,10,9,5,4,5,17,17,16,15,15,10,9,9,8,8,7,17,14,14,11,11,10,10,8,7,5,18,15,14,11,10,10,9,6
198,26,26,23,20,20,18,26,26,25,25,23,26,25,25,24,23,23,22,20,26,25,25,24,24,23,20,17,25,20,20,24,23,20,18,16,25,24,23,21,18,17,24,24,23,23,19,18,15,24,23,22,19,18,24,23,23,22,22,19,18,18,17,16,16,13,24,23,18,14,22,19,18,18,15,21,18,17,14,14,13,13,12,12,20,20,13,13,13,12,12,12,17,17,16,15,12,17,16,16,14,12,11,19,16,14,19,17,15,14,12,12,19,19,16,12,20,8,21,19,13,11,9,7,16,13,13,12,12,7,18,16,12,9,8,16,14,12,11,9,8,12,5,11,8,4,14,9,9,8,17,8,7,17,14,10,9,9,7,6,17,15,14,13,11,8,7,3,19,18,14,14,11,9,3,2,1,18,17,14,14,10,9,3,3,1,18,18,17,16,15,14,13,3,3,2,2,1,0,1,1,19,18,18,17,17,15,13,9,3,2,1,1,1,19,18,18,17,17,15,2,1,1,2,20,19,18,17,10,9,9,3,2,2,2,2,19,18,17,12,7,4,2,2,2,4,21,15,7,5,3,3,18,17,17,16,13,9,8,6,5,4,4,3,4,12,11,10,5,4,4,18,18,17,17,16,11,10,10,9,9,7,18,15,15,12,12,11,11,9,8,5,19,16,15,12,11,11,10,7
199,27,26,24,21,20,18,27,26,26,25,23,26,26,25,24,24,23,23,20,26,26,25,25,24,24,20,17,25,20,20,25,23,20,18,16,25,25,24,22,18,17,25,24,24,23,19,18,16,25,23,22,19,19,24,24,23,23,22,19,19,18,17,16,16,13,24,23,19,14,22,19,19,18,15,22,18,17,14,14,14,13,13,12,21,20,14,13,13,13,12,12,18,17,16,15,13,17,17,16,14,12,11,20,17,15,20,17,15,15,12,12,20,19,16,12,20,8,21,20,13,12,10,7,16,14,13,13,12,7,19,16,13,9,8,16,14,12,12,10,9,12,5,12,8,4,14,10,9,9,17,8,7,18,14,10,10,9,8,6,18,15,14,14,11,8,8,3,19,18,15,14,11,9,4,2,1,18,18,15,14,11,9,4,3,2,19,18,18,17,16,15,14,4,3,3,2,2,1,0,1,19,19,18,18,17,16,13,9,3,3,2,1,1,20,19,18,18,17,15,2,2,1,2,20,19,19,18,11,10,9,4,3,2,2,2,20,18,18,13,8,4,2,2,2,3,21,16,7,6,4,3,18,18,17,16,14,10,8,6,6,4,4,4,4,12,12,10,6,4,4,19,18,18,17,17,11,11,10,10,9,8,18,16,15,13,12,12,11,9,8,5,20,16,16,12,12,11,11,7
200,27,26,24,21,20,18,27,27,26,26,23,27,26,26,25,24,23,23,21,27,26,26,25,25,24,20,17,26,21,20,25,24,20,18,16,26,25,24,22,18,18,25,25,24,24,19,18,16,25,24,23,20,19,25,24,23,23,23,20,19,19,18,17,16,13,25,24,19,15,22,20,19,19,16,22,19,18,15,14,14,14,13,12,21,21,14,14,13,13,12,12,18,18,17,16,13,18,17,17,14,12,11,20,17,15,20,17,16,15,13,12,20,20,17,13,21,9,22,20,14,12,10,8,17,14,14,13,13,7,19,17,13,9,9,17,15,13,12,10,9,13,5,12,9,5,15,10,10,9,18,9,8,18,15,11,10,10,9,7,18,16,15,14,12,9,8,4,20,19,15,15,12,10,5,3,1,19,18,15,15,12,10,4,4,2,19,19,18,18,16,15,14,4,4,3,3,2,1,1,0,20,19,19,18,18,17,14,10,4,3,2,1,1,20,19,19,18,18,16,2,2,2,1,21,20,19,18,11,11,10,4,3,3,2,2,20,19,18,13,9,5,3,2,2,3,22,16,8,6,4,3,19,18,18,17,14,10,9,6,6,5,4,4,4,13,12,11,6,4,4,19,19,18,18,17,12,11,11,10,10,8,19,16,16,13,13,12,12,10,9,5,21,17,16,13,12,12,11,7
201,18,18,18,20,21,25,18,18,18,18,18,17,17,17,17,17,17,17,18,17,17,17,17,17,17,18,21,16,17,17,15,15,17,18,21,15,15,15,15,17,18,14,14,14,14,16,16,18,14,14,14,15,15,13,13,13,13,13,14,14,15,15,16,16,24,13,13,14,17,12,13,13,13,15,12,12,13,15,16,16,16,18,18,11,11,15,16,16,16,17,18,11,12,12,13,16,11,11,12,13,15,16,9,11,12,9,10,11,11,13,14,8,8,10,13,8,17,7,7,11,12,14,17,8,10,10,11,11,17,6,7,10,14,15,7,8,10,10,12,13,9,21,9,13,18,7,11,11,12,4,12,13,3,6,10,10,11,12,13,3,4,5,6,9,11,12,17,2,2,5,5,8,10,15,17,19,2,2,5,5,8,10,15,16,18,1,1,2,2,3,4,6,15,16,17,17,18,19,19,20,0,1,1,2,2,3,6,10,16,16,18,19,19,1,1,1,2,2,4,18,18,19,20,2,1,1,2,9,9,10,16,17,18,18,20,2,2,2,7,12,15,18,19,20,22,3,4,13,14,17,20,3,3,4,4,7,10,12,15,15,17,17,18,22,8,9,10,15,18,21,4,4,4,5,5,10,10,11,11,12,13,5,6,7,9,9,10,10,12,13,20,5,6,7,10,10,11,11,16
202,18,18,18,20,20,25,18,18,18,18,18,17,17,17,17,17,17,17,18,17,17,17,16,17,17,18,20,16,17,17,15,15,16,17,20,15,15,15,15,17,17,14,14,14,14,15,16,18,14,14,14,14,15,13,13,13,13,13,14,14,14,15,16,16,24,13,13,13,17,12,13,13,13,15,12,12,13,15,15,16,16,17,18,11,11,15,15,16,16,17,17,11,11,12,13,15,11,11,11,13,15,16,9,10,12,9,10,11,11,13,13,8,8,9,12,8,16,7,7,10,11,14,17,8,9,10,10,11,17,6,7,9,13,14,6,8,9,10,12,13,9,21,9,12,17,6,10,11,11,4,11,13,3,5,9,10,10,11,13,2,4,5,5,8,11,11,16,2,2,4,5,8,9,15,17,19,1,2,4,5,8,9,15,15,17,1,1,1,2,3,4,5,15,15,16,17,17,18,19,19,1,0,1,1,2,3,6,9,15,16,17,18,19,1,1,1,1,2,3,17,18,18,20,2,1,1,2,8,9,9,15,17,17,18,19,2,2,2,6,11,15,18,19,19,21,3,4,12,14,17,20,3,3,3,4,6,10,11,14,15,16,17,17,21,8,8,10,15,18,21,4,4,4,4,5,9,10,10,11,11,13,5,6,6,8,9,9,10,12,13,20,5,6,6,9,10,10,11,15
203,18,18,18,20,20,24,18,18,18,18,18,17,17,17,17,17,17,17,18,17,17,17,17,16,17,18,20,16,17,17,15,15,16,17,20,15,15,15,15,16,17,14,14,14,14,15,16,18,14,14,14,14,15,13,13,13,13,13,14,14,14,15,15,16,23,13,13,13,16,12,12,13,13,15,12,12,13,15,15,15,16,17,18,11,11,14,15,15,16,16,17,11,11,12,12,15,11,11,11,13,14,16,9,10,11,9,9,10,11,12,13,8,8,9,12,8,16,7,7,10,11,13,16,7,9,9,10,10,16,6,7,9,13,14,6,7,9,9,11,12,8,20,8,12,17,6,10,10,11,3,11,12,3,5,9,9,10,11,12,2,4,4,5,7,10,11,16,2,2,4,4,7,9,14,16,18,1,1,3,4,7,9,14,15,17,1,1,1,1,2,3,4,14,15,15,16,17,18,18,19,1,1,0,1,1,2,5,9,15,15,16,18,18,2,1,1,1,1,3,17,17,18,19,2,2,1,1,8,8,9,15,16,17,17,19,2,2,2,6,11,14,17,18,19,20,4,4,12,13,16,19,3,3,3,4,6,9,11,13,14,16,16,17,21,7,8,9,14,17,20,4,4,4,4,4,9,9,10,10,11,12,4,5,6,8,8,9,9,11,12,19,5,6,6,9,9,10,10,15
204,18,18,18,19,20,24,18,18,18,18,18,17,17,17,17,17,17,17,18,17,17,17,17,17,16,17,20,16,17,17,16,15,16,17,20,15,15,15,15,16,17,15,14,14,14,15,16,17,14,14,14,14,14,14,13,13,13,13,14,14,14,15,15,15,23,13,13,13,16,12,12,12,13,14,12,12,12,14,15,15,15,16,17,11,11,14,14,15,15,16,16,11,11,11,12,14,10,11,11,12,14,15,9,10,11,9,9,10,10,12,12,8,8,9,12,8,15,8,7,9,11,13,16,7,9,9,9,10,16,6,6,9,12,13,6,7,9,9,11,12,8,20,8,11,16,5,9,10,10,3,10,11,3,4,8,9,9,10,12,2,3,4,4,7,10,10,15,2,2,3,4,7,8,14,15,18,1,1,3,3,7,8,14,14,16,1,1,1,1,2,3,4,14,14,15,15,16,17,18,18,2,1,1,0,1,2,4,8,14,15,16,17,18,2,1,1,1,1,2,16,17,17,19,3,2,2,1,7,8,8,14,15,16,17,18,3,2,2,5,10,14,17,18,18,20,4,3,11,13,16,19,3,3,3,3,5,9,10,13,13,15,16,16,20,7,7,9,14,17,20,4,4,4,4,4,8,9,9,10,10,12,4,5,5,7,8,8,9,11,12,19,5,5,6,8,9,9,10,14
205,18,18,18,19,20,23,18,18,18,18,18,17,17,17,17,17,17,17,18,17,17,17,17,17,17,17,20,16,16,17,16,15,16,17,19,15,15,15,15,16,16,15,15,14,14,15,15,17,14,14,14,14,14,14,14,13,13,13,13,14,14,14,15,15,22,13,13,13,16,12,12,12,12,14,12,12,12,14,14,15,15,16,17,11,11,14,14,14,15,16,16,11,11,11,12,14,10,10,11,12,14,15,9,10,11,9,9,10,10,12,12,8,8,9,11,8,15,8,7,9,10,12,15,7,8,9,9,9,15,6,6,8,12,13,6,7,8,9,10,11,7,19,7,11,15,5,9,9,10,3,10,11,3,4,8,8,9,10,11,2,3,4,4,6,9,10,14,3,2,3,3,6,8,13,15,17,2,1,2,3,6,8,13,14,15,2,1,1,1,1,2,3,13,14,14,15,15,17,17,18,2,2,1,1,0,1,4,8,14,14,15,16,17,3,2,1,1,1,2,15,16,17,18,3,2,2,1,7,7,8,14,15,15,16,18,3,2,2,5,9,13,16,17,18,19,4,3,11,12,15,18,3,3,3,3,5,8,10,12,13,15,15,16,19,6,7,8,13,16,19,4,4,4,4,4,8,8,9,9,10,11,4,5,5,7,7,8,8,10,11,18,5,5,5,8,8,9,9,14
206,19,18,18,19,19,23,18,18,18,18,18,18,17,17,17,17,17,17,17,17,17,17,17,17,17,17,19,16,16,16,16,16,16,16,19,16,15,15,15,16,16,15,15,15,15,15,15,17,15,14,14,14,14,14,14,14,13,13,13,13,13,14,14,15,22,14,13,13,15,12,12,12,12,14,12,12,12,13,14,14,14,15,16,11,11,13,13,14,14,15,15,11,11,11,11,13,10,10,10,11,13,14,9,9,10,9,9,9,10,11,11,9,8,8,11,8,14,8,8,8,9,11,15,7,8,8,8,9,14,6,6,7,11,12,6,6,7,8,9,10,7,18,7,10,14,4,8,8,9,3,9,10,3,3,7,7,8,9,10,3,2,3,3,5,8,9,13,4,3,2,2,5,7,12,14,16,2,2,2,2,5,7,12,13,14,3,2,2,1,1,1,2,12,13,13,14,14,15,16,17,3,3,2,2,1,0,3,7,13,13,14,15,16,4,3,2,2,1,1,14,15,15,17,5,3,3,2,6,6,7,13,14,14,15,17,4,3,2,4,8,12,15,16,17,18,5,2,10,11,14,17,4,3,3,3,4,7,9,11,12,13,14,15,18,6,6,7,12,15,18,4,4,4,4,4,7,7,8,8,9,10,5,5,5,6,7,7,7,9,10,17,6,5,5,7,7,8,8,13
207,20,19,18,18,19,21,19,19,19,18,18,18,18,18,18,17,17,17,17,18,18,18,17,17,17,17,18,17,16,16,17,16,15,16,17,17,16,16,15,15,15,16,16,16,15,14,14,15,16,15,15,14,14,15,15,15,14,14,13,13,13,13,13,14,19,15,14,13,14,13,12,12,12,13,13,12,12,12,12,13,13,14,14,12,12,12,12,12,13,13,13,11,11,10,11,12,10,10,10,10,11,12,10,9,9,10,9,9,9,10,10,10,9,8,9,9,12,10,9,7,8,9,12,7,7,7,7,7,12,8,6,6,9,9,6,5,6,6,7,8,5,16,5,7,12,4,5,6,6,5,6,7,5,3,4,5,5,6,8,5,3,2,2,3,5,6,11,6,5,2,2,3,4,9,11,13,5,5,2,2,2,4,9,10,12,6,5,4,4,3,2,1,9,10,10,11,12,13,13,14,6,6,5,4,4,3,0,4,10,10,12,13,13,7,6,5,4,4,2,12,12,13,14,7,6,6,5,3,3,4,10,11,12,12,14,7,5,5,2,6,9,12,13,14,15,8,3,7,9,11,14,6,5,5,4,3,5,6,9,9,11,11,12,16,4,4,5,9,13,15,6,6,5,5,5,5,5,5,6,6,8,6,5,5,5,5,5,5,7,8,14,8,5,5,5,6,6,6,10
208,21,21,19,18,18,20,21,20,20,20,19,20,20,20,19,19,18,18,17,20,20,20,19,19,18,17,17,19,16,16,19,18,16,15,16,19,18,18,16,15,15,18,18,17,17,15,14,14,18,17,16,15,14,18,17,16,16,16,14,14,14,13,13,13,17,17,16,14,13,15,14,13,13,12,15,13,12,12,12,12,12,12,12,14,14,11,11,11,11,11,12,12,12,11,11,11,11,11,11,10,10,10,12,11,10,12,10,9,9,9,9,12,12,10,8,12,9,13,12,7,7,7,9,9,7,7,7,7,9,11,9,6,6,7,8,7,6,6,6,6,5,12,5,5,8,6,4,4,4,8,4,4,9,6,3,3,3,3,4,9,6,5,5,3,2,3,7,10,9,6,5,2,2,6,7,9,9,8,6,5,2,1,6,6,8,9,9,8,8,7,6,4,6,6,7,7,8,9,9,10,10,9,9,8,8,7,4,0,6,7,8,9,9,10,9,9,8,8,6,8,8,9,10,11,10,9,8,2,1,1,6,7,8,8,10,11,9,8,4,2,6,8,9,10,12,12,6,4,5,7,11,9,9,8,7,5,3,3,5,6,7,8,8,12,4,4,3,6,9,11,10,9,9,8,8,4,4,4,4,4,5,9,7,7,5,5,5,4,5,5,11,11,8,7,5,5,5,5,7
209,25,24,22,20,19,18,25,24,24,23,21,24,24,23,22,22,21,21,19,24,24,23,23,22,22,19,17,23,19,18,23,21,18,17,16,23,23,21,20,17,16,22,22,21,21,17,17,15,22,21,20,18,17,22,22,21,20,20,17,17,16,16,15,15,14,22,21,17,13,20,17,17,16,14,19,16,15,13,13,13,12,12,12,18,18,12,12,12,12,11,11,16,15,14,13,11,15,14,14,12,11,10,17,14,12,17,15,13,12,11,10,17,17,14,10,17,8,18,17,11,10,8,7,13,11,11,10,10,7,16,14,10,7,7,13,11,9,9,7,7,10,7,9,6,5,11,7,7,6,14,6,5,15,11,7,7,6,5,4,14,12,11,11,8,5,5,2,16,15,12,11,8,6,2,2,4,15,14,12,11,8,6,1,1,2,15,15,14,14,13,12,10,1,1,1,1,2,3,3,4,16,15,15,14,14,13,10,6,0,1,2,3,3,17,15,15,14,14,12,2,2,3,4,17,16,15,14,7,7,6,1,2,2,2,4,17,15,14,9,5,2,3,4,4,6,18,12,4,3,2,5,15,15,14,13,10,7,5,3,3,3,3,3,6,9,8,7,3,4,6,15,15,14,14,13,8,8,7,7,6,5,15,12,12,9,9,8,8,6,5,6,17,13,13,9,9,8,8,5
210,25,25,22,20,19,18,25,25,24,24,22,25,24,24,23,22,22,21,19,25,24,24,23,23,22,19,17,23,19,19,23,22,19,17,16,23,23,22,20,17,16,23,22,22,21,18,17,15,23,21,21,18,17,22,22,21,21,20,18,17,17,16,15,15,14,22,21,17,14,20,18,17,17,14,20,17,16,13,13,13,13,12,12,19,18,13,12,12,12,11,11,16,16,15,14,12,15,15,14,13,11,10,18,15,13,18,15,13,13,11,11,17,17,14,11,18,8,19,17,11,10,8,7,14,11,11,11,10,7,17,14,11,7,7,14,12,10,9,8,7,10,7,9,6,4,12,8,7,7,15,6,5,15,12,8,7,7,6,4,15,13,12,11,9,6,5,2,17,15,12,12,8,7,2,2,3,15,15,12,12,8,7,2,1,2,16,15,15,14,13,12,11,1,1,1,1,1,2,3,3,16,16,15,15,14,13,10,7,1,0,1,2,3,17,16,15,15,14,13,1,2,2,4,18,17,16,15,8,7,7,1,1,2,2,3,17,15,15,10,5,2,2,3,4,5,18,13,4,3,2,4,16,15,15,13,11,7,6,4,3,3,3,3,6,9,9,7,4,4,5,16,15,15,14,14,9,8,8,7,7,5,15,13,12,10,9,9,8,7,6,5,17,14,13,10,9,9,8,5
211,26,25,23,20,20,18,26,25,25,25,22,25,25,25,23,23,22,22,20,25,25,25,24,23,23,20,17,24,20,19,24,23,19,18,16,24,24,23,21,18,17,24,23,23,22,18,17,16,24,22,21,19,18,23,23,22,22,21,18,18,18,16,16,16,13,23,22,18,14,21,18,18,18,15,21,18,16,14,14,13,13,12,12,20,19,13,13,13,12,12,12,17,16,16,14,12,16,16,15,13,12,11,18,16,14,19,16,14,14,12,11,18,18,15,11,19,8,20,18,12,11,9,7,15,12,12,11,11,7,18,15,12,8,7,15,13,11,10,9,8,11,6,10,7,4,13,9,8,8,16,7,6,16,13,9,8,8,7,5,16,14,13,12,10,7,6,2,18,17,13,13,9,8,3,2,2,17,16,13,13,9,8,2,2,1,17,17,16,15,14,13,12,2,2,1,1,1,1,2,2,18,17,16,16,15,14,12,8,2,1,0,1,2,18,17,17,16,15,14,1,1,1,3,19,18,17,16,9,8,8,2,1,1,1,2,18,17,16,11,6,3,2,2,3,4,19,14,5,4,2,4,17,16,16,15,12,8,7,4,4,3,3,3,5,10,10,8,4,3,5,17,16,16,15,15,10,9,9,8,8,6,17,14,13,11,10,10,9,7,7,5,18,15,14,11,10,10,9,6
212,27,26,24,21,20,18,26,26,26,25,23,26,26,25,24,24,23,23,21,26,26,25,25,24,24,20,18,25,20,20,25,23,20,18,16,25,25,23,22,18,18,24,24,24,23,19,18,16,25,23,22,19,19,24,24,23,22,22,19,19,18,17,16,16,13,24,23,19,15,22,19,19,18,15,22,18,17,15,14,14,14,13,12,21,20,14,13,13,13,12,12,18,17,16,15,13,17,16,16,14,12,11,19,17,14,20,17,15,15,12,12,19,19,16,12,20,9,21,20,13,12,10,8,16,13,13,12,12,7,19,16,13,9,8,16,14,12,11,9,9,12,5,11,8,5,14,10,9,9,17,8,7,17,14,10,9,9,8,6,17,15,14,13,11,8,7,3,19,18,14,14,11,9,4,2,2,18,17,14,14,11,9,3,3,2,18,18,17,17,15,14,13,3,3,2,2,1,1,1,1,19,18,18,17,16,15,13,9,3,2,1,0,1,19,18,18,17,17,15,1,1,1,2,20,19,18,17,10,9,9,3,2,2,1,2,19,18,17,12,7,4,2,2,2,3,20,15,6,5,3,3,18,17,17,16,13,9,8,5,5,4,3,3,4,11,11,9,5,3,4,18,17,17,16,16,11,10,10,9,9,7,18,15,14,12,11,11,10,8,7,5,19,16,15,12,11,11,10,6
213,27,26,24,21,20,18,27,26,26,26,23,27,26,26,25,24,23,23,21,27,26,26,25,25,24,20,18,25,21,20,25,24,20,19,16,26,25,24,22,18,18,25,24,24,24,19,18,16,25,24,23,20,19,25,24,23,23,22,19,19,19,18,17,16,13,24,23,19,15,22,20,19,19,16,22,19,18,15,15,14,14,13,13,21,21,14,14,13,13,13,12,18,18,17,16,13,17,17,16,14,13,12,20,17,15,20,17,15,15,13,12,20,19,17,12,20,9,22,20,14,12,10,8,16,14,13,13,12,7,19,17,13,9,9,16,14,12,12,10,9,13,5,12,8,5,14,10,10,9,17,8,7,18,15,10,10,9,8,7,18,16,14,14,11,9,8,4,19,18,15,14,11,9,4,3,2,18,18,15,14,11,9,4,3,2,19,18,18,17,16,15,14,4,3,3,2,2,1,1,1,19,19,18,18,17,16,13,9,3,3,2,1,0,20,19,18,18,17,15,2,1,1,1,20,19,19,18,11,10,9,3,2,2,2,1,20,18,18,13,8,4,2,2,2,3,21,16,7,5,3,2,18,18,17,16,13,10,8,6,5,4,4,3,4,12,11,10,6,3,4,19,18,17,17,16,11,11,10,10,9,8,18,15,15,12,12,11,11,9,8,4,20,16,16,12,12,11,11,7
214,19,19,19,21,21,26,18,18,18,18,19,18,18,18,18,18,18,18,19,17,17,17,17,17,17,19,22,16,18,18,16,16,17,18,21,15,15,15,16,18,18,15,15,15,15,16,17,19,14,14,14,15,16,14,14,14,14,14,15,15,15,16,17,17,25,13,13,14,18,13,13,14,14,16,12,13,14,16,16,17,17,18,19,12,12,16,16,17,17,18,18,12,12,13,14,16,12,12,12,14,16,17,10,11,13,9,11,12,12,14,14,9,9,10,14,8,17,8,8,11,13,15,18,9,11,11,11,12,18,7,8,11,14,15,7,9,11,11,13,14,10,22,10,14,18,7,11,12,12,5,13,14,4,6,10,11,11,13,14,4,5,6,7,9,12,12,17,2,3,5,6,9,11,16,18,20,2,3,5,6,9,11,16,17,18,2,2,2,3,4,5,6,16,17,17,18,18,19,20,20,1,1,2,2,3,4,7,10,17,17,18,19,20,0,1,2,2,3,4,18,19,19,21,1,1,1,2,9,10,10,17,18,18,19,20,1,2,2,7,12,16,19,20,20,22,2,5,13,15,18,21,3,3,4,4,7,11,12,15,16,17,18,18,22,9,9,11,16,19,22,4,4,4,5,5,10,10,11,11,12,14,4,6,7,9,10,10,11,13,14,21,4,6,7,10,10,11,11,16
215,19,19,19,20,21,25,18,18,18,18,18,18,18,18,18,18,18,18,19,17,17,17,17,17,17,18,21,17,17,18,16,16,17,18,21,16,15,15,16,17,18,15,15,15,15,16,16,18,14,14,14,15,15,14,14,14,14,14,14,15,15,15,16,16,24,13,13,14,17,13,13,13,13,15,12,13,13,15,16,16,16,18,18,12,12,15,16,16,16,17,18,12,12,12,13,16,11,12,12,13,15,16,10,11,12,9,10,11,11,13,14,9,9,10,13,8,17,8,8,11,12,14,17,8,10,10,11,11,17,7,7,10,13,14,7,8,10,10,12,13,9,21,9,13,17,7,10,11,11,4,12,13,3,5,9,10,10,11,13,3,4,5,6,8,11,11,16,2,2,4,5,8,10,15,17,19,2,2,4,5,8,9,15,15,17,1,1,2,2,3,4,5,15,15,16,17,17,18,19,19,1,1,1,1,2,3,6,9,15,16,17,18,19,1,0,1,1,2,3,17,18,18,20,2,1,1,1,8,9,9,15,17,17,18,19,2,1,2,6,11,15,18,19,19,21,3,4,12,14,17,20,2,2,3,4,6,10,11,14,14,16,17,17,21,8,8,10,15,18,21,3,3,4,4,4,9,9,10,10,11,13,4,5,6,8,9,9,10,12,13,20,4,5,6,9,9,10,10,15
216,19,19,19,20,21,25,18,18,18,18,18,18,18,18,18,18,18,18,19,17,17,17,17,17,17,18,21,17,17,17,16,16,17,18,20,16,16,15,15,17,17,15,15,15,15,16,16,18,15,14,14,15,15,14,14,14,14,14,14,14,15,15,16,16,24,13,13,14,17,13,13,13,13,15,12,13,13,15,15,16,16,17,18,12,12,15,15,16,16,17,17,11,12,12,13,15,11,11,12,13,15,16,10,11,12,9,10,11,11,13,13,9,9,10,12,8,16,8,8,10,11,13,17,8,9,10,10,11,16,7,7,9,13,14,7,8,9,10,12,13,9,21,9,12,17,6,10,10,11,4,11,12,3,5,9,9,10,11,13,3,4,5,5,8,10,11,16,2,2,4,4,7,9,14,16,18,2,2,4,4,7,9,14,15,17,1,1,1,2,2,3,5,14,15,15,16,17,18,18,19,1,1,1,1,1,2,5,9,15,15,17,18,18,2,1,0,1,1,3,16,17,18,19,2,1,1,1,8,8,9,15,16,17,17,19,2,1,1,6,11,14,17,18,19,20,3,3,12,13,16,19,2,2,2,3,5,9,11,13,14,16,16,17,20,7,8,9,14,17,20,3,3,3,4,4,8,9,9,10,10,12,4,5,5,8,8,9,9,11,12,19,5,5,5,8,9,9,10,14
217,19,19,19,20,20,24,18,18,18,18,18,18,18,18,18,18,18,18,18,17,17,17,17,17,17,18,20,17,17,17,16,16,17,17,20,16,16,15,15,17,17,15,15,15,15,15,16,18,15,14,14,15,15,14,14,14,14,14,14,14,14,15,15,16,23,14,13,14,16,13,13,13,13,15,12,12,13,15,15,15,16,17,18,12,12,15,15,15,16,16,17,11,11,12,13,15,11,11,11,13,14,16,10,10,12,9,10,11,11,12,13,9,9,9,12,8,16,8,8,10,11,13,16,8,9,9,10,10,16,7,7,9,12,13,6,7,9,9,11,12,8,20,8,12,16,6,9,10,10,4,11,12,3,5,8,9,9,10,12,3,4,4,5,7,10,10,15,3,2,4,4,7,9,14,16,18,2,2,3,4,7,8,14,14,16,2,1,1,1,2,3,4,14,14,15,15,16,17,18,18,2,1,1,1,1,2,4,8,14,15,16,17,18,2,1,1,0,1,2,16,16,17,19,3,2,1,1,7,8,8,14,15,16,17,18,2,1,1,5,10,14,17,18,18,20,4,3,11,13,15,19,2,2,2,3,5,9,10,13,13,15,16,16,20,7,7,9,13,17,19,3,3,3,3,4,8,8,9,9,10,11,4,5,5,7,8,8,9,11,12,19,5,5,5,8,8,9,9,14
218,19,19,19,20,20,24,18,18,18,18,18,18,18,18,18,18,18,18,18,17,17,17,17,17,17,18,20,17,17,17,16,16,16,17,20,16,16,15,15,17,17,15,15,15,15,15,16,18,15,14,14,15,15,14,14,14,14,14,14,14,14,15,15,15,23,14,13,13,16,13,13,13,13,15,12,12,13,14,15,15,15,16,17,12,12,14,15,15,15,16,16,11,11,12,12,14,11,11,11,12,14,15,10,10,11,9,10,10,11,12,12,9,9,9,12,8,15,8,8,9,11,13,16,7,9,9,9,10,15,7,7,9,12,13,6,7,9,9,11,12,8,19,8,11,16,5,9,9,10,4,10,11,3,4,8,8,9,10,11,3,3,4,4,7,9,10,15,3,2,3,4,6,8,13,15,17,2,2,3,3,6,8,13,14,15,2,2,1,1,2,2,3,13,14,14,15,15,17,17,18,2,2,1,1,1,1,4,8,14,14,15,17,17,3,2,1,1,0,2,15,16,16,18,3,2,2,1,7,7,8,14,15,15,16,18,3,2,1,5,9,13,16,17,18,19,4,2,11,12,15,18,2,2,2,2,4,8,10,12,13,14,15,16,19,6,7,8,13,16,19,3,3,3,3,3,7,8,8,9,9,11,4,4,5,7,7,8,8,10,11,18,5,5,5,7,8,8,9,13
219,19,19,19,19,20,23,19,19,19,18,18,18,18,18,18,18,18,18,18,18,18,18,17,17,17,17,19,17,17,17,17,16,16,17,19,16,16,16,15,16,16,16,15,15,15,15,15,17,15,15,15,14,14,15,15,14,14,14,14,14,14,14,15,15,21,14,14,13,15,13,13,13,13,14,13,12,12,14,14,14,14,15,16,12,12,13,14,14,14,15,15,11,11,11,12,13,11,11,11,12,13,14,10,10,11,10,9,10,10,11,11,9,9,9,11,9,14,9,8,9,9,11,14,7,8,8,8,9,14,7,7,8,11,11,6,6,7,8,9,10,7,18,7,10,14,5,7,8,8,4,9,10,4,3,6,7,7,8,10,4,3,3,3,5,8,8,13,4,4,2,2,5,6,12,13,16,3,3,2,2,5,6,12,12,14,3,3,2,2,1,1,2,12,12,13,13,14,15,15,16,4,3,3,2,2,1,2,6,12,13,14,15,15,4,3,3,2,2,0,14,14,15,16,5,4,3,2,5,6,6,12,13,14,14,16,5,3,2,3,8,12,14,15,16,18,6,2,9,11,13,17,4,3,3,2,3,6,8,11,11,13,13,14,18,5,5,7,11,15,17,4,4,4,3,3,6,6,7,7,8,9,4,4,4,5,6,6,7,9,10,16,6,4,4,6,7,7,7,12
220,26,26,24,21,20,19,26,26,25,25,23,26,25,25,24,23,23,22,20,26,25,25,24,24,23,20,18,25,20,20,24,23,20,18,16,25,24,23,21,18,17,24,23,23,23,19,18,16,24,23,22,19,18,24,23,22,22,21,19,18,18,17,16,16,14,23,22,18,15,21,19,18,18,15,21,18,17,14,14,14,14,13,13,20,20,14,13,13,13,12,12,17,17,16,15,13,16,16,16,14,12,11,19,16,14,19,16,14,14,12,12,19,18,15,12,19,9,20,19,13,11,9,8,15,13,12,12,11,7,18,15,12,9,8,15,13,11,11,9,8,11,6,11,7,5,13,9,8,8,16,7,6,16,13,9,8,8,7,5,16,14,13,12,10,7,7,3,18,17,13,13,10,8,3,2,3,17,16,13,13,9,8,3,2,2,17,17,16,15,14,13,12,2,2,2,1,1,2,2,2,18,17,17,16,15,14,12,8,2,1,1,1,2,18,17,16,16,15,14,0,1,1,3,19,18,17,16,9,8,8,2,1,1,1,2,18,17,16,11,6,2,1,2,2,4,19,14,5,4,2,3,17,16,16,14,12,8,6,4,4,2,2,2,4,10,10,8,4,3,4,17,16,16,15,15,9,9,8,8,7,6,16,14,13,11,10,10,9,7,6,4,18,14,14,10,10,9,9,5
221,27,26,24,21,20,19,26,26,26,25,23,26,26,25,24,24,23,23,21,26,26,25,25,24,24,20,18,25,20,20,25,23,20,18,17,25,25,23,22,18,18,24,24,23,23,19,18,16,24,23,22,19,19,24,24,23,22,22,19,19,18,17,17,16,14,24,23,19,15,22,19,19,18,15,21,18,17,15,14,14,14,13,13,21,20,14,14,13,13,13,12,18,17,16,15,13,17,16,16,14,12,12,19,16,14,19,17,15,14,12,12,19,19,16,12,19,9,21,19,13,12,10,8,15,13,13,12,12,7,18,16,12,9,8,16,14,12,11,9,9,12,6,11,8,5,13,9,9,8,16,8,7,17,14,9,9,8,7,6,17,15,13,13,10,8,7,3,18,17,14,13,10,9,4,2,2,17,17,14,13,10,8,3,3,2,18,17,17,16,15,14,13,3,2,2,2,1,1,2,2,18,18,17,17,16,15,12,8,2,2,1,1,1,19,18,17,16,16,14,1,0,1,2,19,18,18,17,9,9,8,2,1,1,1,2,19,17,17,12,7,3,1,2,2,3,20,14,6,4,2,3,17,17,16,15,12,9,7,4,4,3,2,2,4,11,10,9,4,3,4,17,17,16,16,15,10,9,9,8,8,6,17,14,14,11,11,10,10,8,7,4,19,15,14,11,10,10,9,6
222,27,26,24,21,21,19,27,26,26,26,23,26,26,26,25,24,23,23,21,27,26,26,25,25,24,21,18,25,21,20,25,24,20,19,17,26,25,24,22,19,18,25,24,24,23,20,18,16,25,24,23,20,19,25,24,23,23,22,19,19,19,18,17,17,14,24,23,19,15,22,20,19,19,16,22,19,18,15,15,14,14,13,13,21,21,14,14,14,13,13,13,18,18,17,16,13,17,17,16,14,13,12,20,17,15,20,17,15,15,13,12,20,19,16,12,20,9,21,20,13,12,10,8,16,14,13,13,12,8,19,16,13,9,9,16,14,12,12,10,9,12,6,12,8,5,14,10,9,9,17,8,7,17,14,10,9,9,8,6,17,15,14,13,11,8,8,4,19,18,14,14,11,9,4,3,2,18,17,14,14,11,9,4,3,2,18,18,17,17,15,14,13,3,3,2,2,2,1,1,2,19,18,18,17,17,15,13,9,3,2,1,1,1,19,18,18,17,16,15,1,1,0,2,20,19,18,17,10,9,9,3,2,1,1,1,19,18,17,12,7,3,1,1,2,3,20,15,6,5,2,2,18,17,17,16,13,9,7,5,4,3,3,2,4,11,11,9,5,3,4,18,17,17,16,16,10,10,9,9,8,7,17,15,14,12,11,11,10,8,7,4,19,15,15,11,11,10,10,6
223,28,28,25,22,21,19,28,28,27,27,25,28,27,27,26,25,25,24,22,28,27,27,26,26,25,22,19,27,22,21,26,25,21,20,17,27,26,25,23,20,19,26,26,25,25,21,20,17,26,25,24,21,20,26,25,25,24,24,21,20,20,19,18,18,14,26,25,20,16,23,21,20,20,17,23,20,19,16,16,15,15,14,14,22,22,15,15,15,14,14,13,19,19,18,17,14,19,18,18,16,14,13,21,18,16,21,18,17,16,14,14,21,21,18,14,21,10,23,21,15,13,11,9,17,15,15,14,14,8,20,18,14,11,10,18,16,14,13,11,10,14,6,13,10,6,15,11,11,10,19,10,9,19,16,11,11,10,9,8,19,17,16,15,12,10,9,5,20,19,16,16,12,11,5,4,2,19,19,16,15,12,11,5,5,3,20,19,19,18,17,16,15,5,5,4,3,3,2,2,1,20,20,19,19,18,17,14,10,4,4,3,2,1,21,20,19,19,18,16,3,2,2,0,21,20,20,19,12,11,10,4,3,3,2,1,21,19,19,14,9,5,2,2,1,2,22,17,8,6,4,2,19,19,18,17,14,11,9,6,6,4,4,4,2,13,12,11,6,4,3,20,19,18,18,17,12,11,11,10,10,8,19,16,16,13,13,12,12,10,9,4,21,17,17,13,12,12,11,7
224,19,19,20,21,22,26,19,19,19,19,19,18,18,18,18,18,19,19,20,18,18,18,18,18,18,19,22,17,18,19,17,17,18,19,22,16,16,16,16,18,19,15,15,15,15,17,18,20,15,15,15,16,16,14,14,14,14,14,16,16,16,17,17,18,26,14,14,15,19,13,14,14,15,17,13,14,15,17,17,18,18,19,20,12,12,17,17,18,18,19,19,13,13,14,15,17,13,13,13,15,17,18,11,12,14,10,11,13,13,15,15,10,10,11,14,9,18,8,8,12,13,16,19,9,11,12,12,13,19,7,9,11,15,16,8,10,11,12,14,15,11,23,11,14,19,8,12,13,13,5,13,14,5,7,11,12,12,13,15,4,6,7,7,10,13,13,18,3,4,6,7,10,11,17,18,21,3,4,6,6,10,11,17,17,19,2,3,3,4,5,6,7,17,17,18,18,19,20,20,21,2,2,2,3,3,5,7,11,17,18,19,20,20,1,2,2,3,3,5,19,19,20,21,0,1,2,3,10,10,11,17,18,19,19,21,1,2,3,8,13,17,19,20,21,23,1,5,14,15,18,21,3,3,4,5,7,11,13,15,16,18,18,19,23,9,10,11,16,19,22,4,4,4,5,5,10,11,11,12,12,14,4,6,7,9,10,10,11,13,14,21,4,6,7,10,11,11,12,16
225,19,19,20,21,22,26,19,19,19,19,19,18,18,18,18,18,18,19,20,18,18,18,18,18,18,19,22,17,18,18,17,17,18,19,21,16,16,16,16,18,18,15,15,15,15,17,17,19,15,15,15,16,16,14,14,14,14,14,15,15,16,16,17,17,25,14,14,15,18,13,14,14,14,16,13,13,14,16,16,17,17,18,19,12,12,16,16,17,17,18,18,12,13,13,14,16,12,12,13,14,16,17,11,12,13,10,11,12,12,14,14,9,9,11,14,9,17,8,8,11,12,15,18,9,11,11,11,12,18,7,8,11,14,15,8,9,11,11,13,14,10,22,10,13,18,7,11,12,12,5,12,13,4,6,10,11,11,12,14,4,5,6,6,9,11,12,17,3,3,5,6,9,10,16,17,19,2,3,5,5,9,10,16,16,18,2,2,2,3,4,5,6,15,16,17,17,18,19,19,20,1,1,2,2,2,3,6,10,16,17,18,19,19,1,1,1,2,2,4,18,18,19,20,1,0,1,2,9,9,10,16,17,18,18,20,1,1,2,7,12,15,18,19,20,21,2,4,13,14,17,20,2,2,3,4,6,10,12,14,15,17,17,18,22,8,9,10,15,18,21,3,3,4,4,4,9,10,10,11,11,13,4,6,6,8,9,9,10,12,13,20,4,5,6,9,10,10,11,15
226,19,19,19,21,21,25,19,19,19,19,19,18,18,18,18,18,18,18,19,18,18,18,18,18,18,19,21,17,18,18,17,17,17,18,21,16,16,16,16,18,18,15,15,15,15,16,17,19,15,15,15,15,16,14,14,14,14,14,15,15,15,16,17,17,24,14,14,14,18,13,14,14,14,16,13,13,14,16,16,16,17,18,19,12,12,16,16,16,17,18,18,12,12,13,14,16,12,12,12,14,16,17,11,11,13,10,11,12,12,14,14,9,9,10,13,9,17,8,8,11,12,14,17,9,10,11,11,11,17,7,8,10,14,15,7,9,10,11,12,13,9,21,9,13,17,7,11,11,12,5,12,13,4,6,10,10,11,12,13,3,5,5,6,8,11,11,16,3,3,5,5,8,10,15,17,19,2,2,4,5,8,10,15,16,17,2,2,2,2,3,4,5,15,15,16,17,17,18,19,19,1,1,1,2,2,3,6,9,15,16,17,18,19,1,1,1,1,2,3,17,18,18,20,2,1,0,1,8,9,9,15,16,17,18,19,1,1,1,6,11,15,18,19,19,21,2,3,12,14,17,20,2,2,2,3,6,9,11,14,14,16,17,17,21,7,8,10,14,18,20,3,3,3,4,4,9,9,10,10,11,12,3,5,5,8,8,9,9,11,13,20,4,5,5,9,9,10,10,15
227,19,19,19,20,21,25,19,19,19,19,19,18,18,18,18,18,18,18,19,18,18,18,18,18,18,18,21,17,18,18,17,17,17,18,20,16,16,16,16,17,18,16,16,15,15,16,17,18,15,15,15,15,15,15,15,14,14,14,15,15,15,16,16,16,24,14,14,14,17,13,13,13,14,15,13,13,13,15,15,16,16,17,18,12,12,15,15,16,16,17,17,12,12,12,13,15,11,12,12,13,15,16,10,11,12,10,10,11,11,13,13,9,9,10,12,9,16,9,8,10,11,13,17,8,9,10,10,11,16,7,7,9,13,14,7,8,9,10,11,12,9,20,9,12,16,6,10,10,11,4,11,12,4,5,9,9,10,11,12,3,4,5,5,7,10,10,15,3,3,4,4,7,9,14,16,18,2,2,4,4,7,9,14,14,16,2,2,2,2,2,3,4,14,14,15,15,16,17,18,18,2,2,1,1,1,2,5,8,14,15,16,17,18,2,1,1,1,1,2,16,17,17,19,3,2,1,0,7,8,8,14,15,16,16,18,2,1,1,5,10,14,17,18,18,20,3,2,11,13,15,19,2,2,2,2,5,8,10,13,13,15,15,16,20,6,7,9,13,17,19,3,3,3,3,3,8,8,9,9,10,11,3,4,5,7,7,8,8,10,11,18,4,4,5,8,8,9,9,14
228,22,21,20,19,19,21,21,21,21,20,19,21,20,20,20,19,19,19,18,20,20,20,19,19,19,18,18,19,17,17,19,18,17,16,17,19,19,18,17,16,16,18,18,18,17,16,15,16,18,17,17,15,15,18,17,17,17,16,15,15,15,14,14,14,18,17,17,14,14,16,14,14,14,13,15,13,13,13,13,13,13,13,14,14,14,12,12,12,13,13,13,12,12,12,12,12,12,11,11,11,11,12,13,11,11,13,11,10,10,10,10,12,12,10,9,12,11,13,12,8,8,9,11,9,8,8,8,8,11,11,9,7,8,8,8,7,7,7,7,7,6,14,6,6,10,6,5,5,5,8,5,6,8,5,4,4,4,5,6,8,6,5,5,3,4,4,8,9,8,5,5,3,3,7,9,11,8,7,5,4,2,2,7,7,9,8,8,7,7,6,5,4,7,7,8,8,9,10,11,11,9,8,8,7,7,6,3,2,7,8,9,10,11,9,8,8,7,7,5,9,9,10,12,10,9,8,7,0,1,1,7,8,9,9,11,9,8,7,2,3,7,9,10,11,13,11,5,4,6,8,12,8,7,7,6,3,2,3,6,6,8,8,9,13,2,2,2,6,10,12,8,8,7,7,6,3,3,3,3,4,5,8,6,5,3,3,3,3,4,5,11,10,6,6,4,4,4,4,7
229,22,21,20,19,19,21,21,21,21,21,19,21,21,20,20,20,19,19,18,21,20,20,20,19,19,18,18,20,17,17,19,18,17,17,17,19,19,18,17,16,16,19,18,18,18,16,15,16,18,18,17,15,15,18,18,17,17,17,15,15,15,14,14,14,18,18,17,14,14,16,14,14,14,13,15,14,13,13,13,13,13,13,14,15,14,12,12,12,12,13,13,13,12,12,12,12,12,12,11,11,11,12,13,11,11,13,11,10,10,10,10,12,12,10,9,12,10,13,12,8,8,9,11,9,8,8,8,8,10,11,9,7,8,8,9,7,7,7,7,7,6,13,6,6,9,6,5,5,5,8,5,5,9,6,4,4,4,4,5,8,6,6,5,3,4,4,8,10,9,6,5,3,3,7,8,10,9,8,5,5,2,2,6,7,9,9,8,8,7,6,5,4,6,7,7,8,8,9,10,11,9,9,8,8,7,6,3,1,7,7,8,9,10,10,9,8,8,7,6,8,9,9,11,10,9,9,8,1,0,1,7,8,8,9,10,10,8,8,3,2,6,9,10,10,12,11,6,3,5,8,11,8,8,7,6,4,2,3,5,6,7,8,8,12,3,2,2,6,9,12,9,8,8,7,7,3,3,3,3,3,4,8,6,6,4,3,3,3,4,5,11,10,7,6,4,4,4,4,7
230,22,22,20,19,19,21,22,21,21,21,20,21,21,21,20,20,19,19,18,21,21,20,20,20,19,18,18,20,17,17,20,19,17,17,17,20,19,18,17,16,16,19,19,18,18,16,16,15,19,18,17,16,15,18,18,17,17,17,15,15,15,14,14,14,18,18,17,15,14,16,15,14,14,13,16,14,13,13,13,13,13,13,13,15,15,12,12,12,12,13,13,13,13,12,12,12,12,12,12,11,11,11,13,12,11,13,11,10,10,10,10,13,12,11,9,13,10,14,12,9,8,9,10,9,8,8,8,8,10,11,9,7,7,8,9,8,7,7,7,7,6,13,6,6,9,7,5,5,5,9,5,5,9,6,4,4,4,4,5,9,7,6,6,4,3,4,7,10,9,6,6,3,3,6,8,10,9,9,6,5,3,2,6,6,8,9,9,8,8,7,6,5,6,6,7,7,8,9,9,10,10,9,9,8,8,7,4,1,6,7,8,9,9,10,9,9,8,8,6,8,8,9,10,11,10,9,8,1,1,0,6,7,8,8,10,10,9,8,3,2,6,8,9,10,12,12,6,3,5,7,11,9,8,8,7,4,2,2,5,5,7,7,8,12,3,3,2,5,9,11,9,9,8,8,7,3,3,3,3,3,4,9,6,6,4,4,3,3,4,4,10,11,7,7,4,4,4,4,6
231,26,25,23,21,20,19,25,25,25,24,22,25,25,24,23,23,22,22,20,25,25,24,23,23,23,20,18,24,20,19,23,22,19,18,17,24,23,22,21,18,17,23,23,22,22,18,17,16,23,22,21,18,18,23,22,21,21,21,18,18,17,17,16,16,15,22,21,18,14,20,18,18,17,15,20,17,16,14,14,14,13,13,13,19,19,13,13,13,13,12,12,16,16,15,14,12,16,15,15,13,12,11,18,15,13,18,15,14,13,12,11,18,17,14,11,18,9,19,17,12,11,9,8,14,12,11,11,11,8,16,14,11,8,8,14,12,10,10,8,8,10,8,9,7,6,12,8,7,7,14,6,5,15,12,8,7,7,6,5,15,13,11,11,8,6,6,3,16,15,12,11,8,7,3,3,4,15,14,12,11,8,6,2,2,3,15,15,14,14,13,12,11,2,2,2,2,2,3,4,4,16,15,15,14,14,13,10,6,1,1,2,3,3,17,15,15,14,14,12,2,2,3,4,17,16,15,14,7,7,6,0,1,2,2,4,17,15,14,9,4,1,2,3,4,6,18,12,3,2,2,5,15,14,14,13,10,6,5,2,2,2,2,2,6,9,8,6,2,3,5,15,15,14,13,13,8,7,7,6,6,4,15,12,11,9,8,8,7,6,5,5,16,13,12,9,8,8,7,4
232,26,26,24,21,21,19,26,26,25,25,23,26,25,25,24,23,23,22,21,26,25,25,24,24,23,20,18,25,20,20,24,23,20,18,17,25,24,23,21,18,18,24,23,23,23,19,18,16,24,23,22,19,18,24,23,22,22,21,19,18,18,17,17,16,15,23,22,18,15,21,19,18,18,15,21,18,17,15,14,14,14,13,13,20,20,14,14,13,13,13,13,17,17,16,15,13,16,16,16,14,12,12,19,16,14,19,16,14,14,12,12,18,18,15,12,19,9,20,18,12,11,10,8,15,13,12,12,11,8,17,15,12,9,8,15,13,11,11,9,8,11,7,10,7,5,13,9,8,8,15,7,6,16,13,9,8,8,7,5,16,14,13,12,9,7,6,3,17,16,13,12,9,8,3,3,4,16,16,13,12,9,7,3,2,2,17,16,15,15,14,13,12,2,2,2,2,2,2,3,3,17,17,16,15,15,14,11,7,2,1,1,2,2,18,17,16,15,15,13,1,1,2,3,18,17,16,15,8,8,7,1,0,1,1,3,18,16,15,10,6,2,1,2,3,4,19,13,5,3,1,3,16,15,15,14,11,7,6,3,3,2,2,2,5,10,9,7,3,2,4,16,16,15,15,14,9,8,8,7,7,5,16,13,13,10,9,9,8,6,6,4,17,14,13,10,9,9,8,4
233,27,26,24,21,21,19,26,26,26,25,23,26,26,25,24,24,23,23,21,26,26,25,25,24,24,20,18,25,21,20,25,23,20,19,17,25,25,23,22,18,18,24,24,23,23,19,18,17,24,23,22,20,19,24,24,23,22,22,19,19,18,17,17,17,15,24,23,19,15,22,19,19,18,16,21,18,17,15,15,14,14,13,13,20,20,14,14,14,13,13,13,18,17,16,15,13,17,16,16,14,13,12,19,16,14,19,16,15,14,13,12,19,18,16,12,19,9,20,19,13,12,10,8,15,13,13,12,12,8,18,15,12,9,8,15,13,11,11,9,9,12,7,11,8,6,13,9,9,8,16,7,7,16,13,9,9,8,7,6,16,14,13,13,10,7,7,3,18,17,13,13,10,8,4,3,3,17,16,13,13,10,8,3,3,2,17,17,16,15,14,13,12,3,2,2,2,2,2,2,3,18,17,17,16,15,14,12,8,2,2,1,2,2,18,17,17,16,15,14,1,1,1,3,19,18,17,16,9,8,8,2,1,0,1,2,18,17,16,11,6,2,1,2,2,4,19,14,5,3,1,3,17,16,15,14,12,8,6,4,3,2,2,2,4,10,10,8,4,2,4,17,16,16,15,15,9,9,8,8,7,6,16,14,13,10,10,9,9,7,6,4,18,14,14,10,10,9,9,5
234,27,26,24,22,21,19,27,26,26,26,24,26,26,26,25,24,23,23,21,26,26,26,25,25,24,21,18,25,21,21,25,24,20,19,17,25,25,24,22,19,18,25,24,24,23,20,19,17,25,23,23,20,19,24,24,23,23,22,19,19,19,18,17,17,14,24,23,19,15,22,19,19,19,16,22,19,18,15,15,15,14,14,13,21,20,14,14,14,14,13,13,18,18,17,16,13,17,17,16,14,13,12,20,17,15,20,17,15,15,13,13,19,19,16,12,20,9,21,19,13,12,10,9,16,13,13,13,12,8,18,16,13,9,9,16,14,12,11,10,9,12,7,11,8,6,14,10,9,9,17,8,7,17,14,10,9,9,8,6,17,15,14,13,10,8,7,4,18,17,14,13,10,9,4,3,3,17,17,14,13,10,9,4,3,2,18,17,17,16,15,14,13,3,3,2,2,2,2,2,2,18,18,17,17,16,15,12,8,2,2,1,1,2,19,18,17,17,16,14,1,1,1,2,19,18,18,16,9,9,8,2,1,1,0,2,19,17,17,12,7,3,1,1,2,3,20,14,6,4,2,2,17,17,16,15,12,8,7,4,4,2,2,2,4,11,10,9,4,2,4,17,17,16,16,15,10,9,9,8,8,6,17,14,14,11,10,10,9,7,6,4,19,15,14,11,10,10,9,5
235,28,28,25,22,22,19,28,28,27,27,25,28,27,27,26,25,25,24,22,28,27,27,26,26,25,22,19,27,22,22,26,25,21,20,18,27,26,25,23,20,19,26,26,25,25,21,20,17,26,25,24,21,20,26,25,24,24,24,21,20,20,19,18,18,14,25,25,20,16,23,21,20,20,17,23,20,19,16,16,15,15,14,14,22,22,15,15,15,14,14,14,19,19,18,17,14,18,18,18,16,14,13,21,18,16,21,18,16,16,14,14,21,20,18,14,21,10,22,21,15,13,11,9,17,15,14,14,13,9,20,17,14,11,10,17,15,13,13,11,10,14,6,13,9,6,15,11,11,10,18,9,8,19,15,11,11,10,9,8,18,16,15,15,12,9,9,5,20,19,16,15,12,10,5,4,3,19,18,16,15,12,10,5,4,3,19,19,18,18,17,15,14,5,4,4,3,3,2,2,2,20,19,19,18,18,17,14,10,4,3,2,2,1,20,19,19,18,18,16,2,2,1,1,21,20,19,18,11,10,10,4,3,2,2,0,20,19,18,13,8,4,2,1,1,2,21,16,7,6,3,1,19,18,18,17,14,10,8,6,5,4,3,3,2,12,12,10,5,3,2,19,18,18,17,17,11,11,10,10,9,8,18,16,15,13,12,11,11,9,8,3,20,16,16,12,12,11,11,6
236,20,20,20,22,22,26,19,19,19,19,20,19,19,19,19,19,19,19,20,18,18,18,18,18,18,20,22,18,19,19,17,17,18,19,22,17,17,17,17,19,19,16,16,16,16,17,18,20,15,15,15,16,17,15,15,15,15,15,16,16,16,17,18,18,26,14,14,15,19,14,14,15,15,17,13,14,15,17,17,18,18,19,20,13,13,17,17,18,18,19,19,13,13,14,15,17,13,13,13,15,17,18,11,12,14,11,12,13,13,15,15,10,10,11,14,9,18,9,9,12,13,15,19,10,11,12,12,12,18,8,9,11,15,16,8,10,11,12,14,15,11,22,11,14,19,8,12,12,13,6,13,14,5,7,11,11,12,13,14,4,6,7,7,10,12,13,17,3,4,6,6,9,11,16,18,20,3,4,6,6,9,11,16,17,18,2,3,3,4,4,5,6,16,17,17,18,18,19,20,20,2,2,2,3,3,4,7,11,17,17,18,19,20,1,2,2,2,3,5,18,19,19,21,1,1,1,2,9,10,10,17,18,18,19,20,0,2,2,7,12,16,19,20,20,22,1,4,13,15,18,21,2,2,3,4,7,11,12,15,15,17,18,18,22,8,9,11,15,19,22,3,3,4,4,4,10,10,11,11,12,13,4,6,6,9,9,10,10,12,13,21,3,6,6,9,10,10,11,16
237,20,20,20,21,22,25,19,19,19,19,19,19,19,19,19,19,19,19,20,18,18,18,18,18,18,19,22,18,18,18,17,17,18,19,21,17,17,17,17,18,18,16,16,16,16,17,17,19,16,15,15,16,16,15,15,15,15,15,15,15,16,16,17,17,24,15,14,15,18,14,14,14,14,16,13,14,14,16,16,16,17,18,19,13,13,16,16,16,17,18,18,13,13,13,14,16,12,12,13,14,16,17,11,12,13,10,11,12,12,14,14,10,10,11,13,9,17,9,9,11,12,14,17,9,10,11,11,11,17,8,8,10,13,14,8,9,10,11,12,13,9,21,9,13,17,7,10,11,11,5,12,13,4,6,9,10,10,11,13,4,5,5,6,8,11,11,16,3,3,5,5,8,9,15,16,18,3,3,4,5,8,9,15,15,17,2,2,2,2,3,4,5,14,15,16,16,17,18,18,19,2,2,2,2,2,3,5,9,15,15,17,18,18,2,1,1,1,2,3,17,17,18,19,2,1,1,1,8,8,9,15,16,17,17,19,2,0,1,5,10,14,17,18,19,20,3,3,12,13,16,19,1,1,2,2,5,9,11,13,14,15,16,17,20,7,7,9,14,17,20,2,2,2,3,3,8,9,9,10,10,12,3,4,5,7,8,8,9,11,12,19,3,4,5,8,8,9,9,14
238,20,20,20,21,21,25,19,19,19,19,19,19,19,19,19,19,19,19,19,18,18,18,18,18,18,19,21,18,18,18,17,17,18,18,21,17,17,17,17,18,18,16,16,16,16,17,17,19,16,15,15,16,16,15,15,15,15,15,15,15,15,16,16,17,24,15,14,15,17,14,14,14,14,16,13,13,14,16,16,16,16,18,18,13,13,15,16,16,16,17,18,12,13,13,14,16,12,12,12,14,15,16,11,11,13,10,11,12,12,13,14,10,10,10,13,9,16,9,9,11,12,14,17,9,10,10,11,11,17,8,8,10,13,14,7,8,10,10,12,13,9,20,9,12,17,7,10,10,11,5,11,12,4,5,9,9,10,11,12,4,4,5,5,8,10,11,15,4,3,4,5,7,9,14,16,18,3,3,4,4,7,9,14,15,16,2,2,2,2,3,4,4,14,14,15,16,16,17,18,18,2,2,2,2,2,2,5,8,14,15,16,17,18,2,2,1,1,1,2,16,17,17,19,3,2,1,1,7,8,8,14,15,16,17,18,2,1,0,5,10,14,16,18,18,20,3,2,11,13,15,19,1,1,1,2,5,8,10,13,13,15,15,16,20,6,7,8,13,17,19,2,2,2,2,3,7,8,9,9,10,11,3,4,4,7,7,8,8,10,11,18,4,4,4,7,8,8,9,14
239,21,21,20,20,20,22,21,21,20,20,19,20,20,20,19,19,19,19,19,20,20,20,19,19,19,18,19,19,18,18,18,18,17,17,18,18,18,18,17,17,17,18,17,17,17,16,16,17,17,17,16,15,15,17,17,16,16,16,15,15,15,15,15,15,20,17,16,14,15,15,14,14,14,14,15,13,13,14,14,14,14,15,15,14,14,13,13,14,14,14,15,12,12,12,12,13,12,12,12,12,13,13,12,11,11,12,11,10,10,11,11,11,11,10,10,11,12,12,11,9,9,10,13,9,8,8,8,9,12,9,8,8,9,10,8,7,7,7,8,9,7,16,6,8,12,6,6,7,7,7,7,8,7,5,5,6,6,7,8,6,5,4,4,4,6,6,11,7,6,4,4,4,5,9,11,13,6,6,4,3,3,4,9,10,11,6,6,5,5,4,3,2,9,10,10,11,11,12,13,13,7,6,6,5,5,4,2,4,9,10,11,12,13,7,6,6,5,5,3,11,12,12,14,8,7,6,5,2,3,3,9,10,11,12,13,7,5,5,0,5,9,12,13,13,15,8,3,6,8,10,14,6,5,5,3,1,3,5,8,8,10,11,11,15,2,2,4,8,12,14,6,5,5,4,4,3,4,4,4,5,6,6,4,3,3,3,4,4,6,7,13,7,4,4,4,4,4,5,9
240,23,23,21,20,20,21,23,23,22,22,21,23,22,22,21,21,20,20,19,22,22,22,21,21,21,19,18,21,18,18,21,20,18,17,17,21,21,20,19,17,17,20,20,20,19,17,16,16,20,19,19,17,16,20,20,19,18,18,16,16,16,15,15,15,17,19,19,16,14,18,16,15,15,14,17,15,14,13,13,13,13,13,13,16,16,13,13,13,13,13,13,14,14,13,13,12,13,13,13,12,12,12,15,13,12,15,13,12,11,11,11,14,14,12,10,14,10,15,14,10,9,9,10,11,9,9,9,9,9,13,11,9,8,8,11,9,8,8,7,7,8,11,7,6,8,8,6,6,6,11,5,5,11,8,5,5,5,4,5,11,9,8,7,5,4,4,6,12,11,8,7,5,4,5,6,8,11,10,8,7,4,3,5,5,7,11,11,10,10,9,7,6,4,5,5,6,6,7,8,9,12,11,11,10,9,8,6,2,5,5,6,7,8,12,11,11,10,9,8,6,7,7,9,13,12,11,10,3,2,2,4,6,6,7,8,12,10,10,5,0,4,7,8,8,10,13,8,1,3,6,9,11,10,9,8,6,2,1,3,3,5,6,6,10,4,4,2,4,7,9,11,10,10,9,9,4,3,3,2,2,2,10,8,7,5,4,4,4,3,3,9,12,8,8,5,4,4,4,5
241,26,25,23,21,21,20,25,25,25,24,22,25,25,24,23,23,22,22,20,25,25,24,23,23,23,20,18,24,20,20,23,22,19,18,17,24,23,22,21,18,18,23,23,22,22,18,18,16,23,22,21,19,18,23,22,21,21,21,18,18,18,17,16,16,16,22,21,18,15,20,18,18,17,15,20,17,16,14,14,14,14,13,13,19,19,14,13,13,13,13,13,16,16,15,14,13,16,15,15,13,12,12,18,15,13,18,15,14,13,12,12,17,17,14,11,18,9,19,17,12,11,9,9,14,12,11,11,11,8,16,14,11,8,8,14,12,10,10,8,8,10,9,9,7,6,11,8,7,7,14,6,6,14,11,7,7,7,6,5,14,12,11,11,8,6,5,4,16,15,11,11,8,6,3,4,5,15,14,11,11,8,6,3,3,4,15,14,14,13,12,11,10,2,2,2,3,3,4,4,5,15,15,14,14,13,12,9,6,2,2,3,4,4,16,15,14,14,13,12,2,3,3,5,17,15,15,14,7,6,6,1,2,2,3,4,16,14,14,9,4,0,3,4,4,6,17,12,3,1,2,5,14,14,13,12,9,6,4,2,1,2,2,2,6,8,7,6,2,3,6,14,14,13,13,12,7,6,6,5,5,4,14,11,11,8,8,7,7,5,4,5,16,12,11,8,7,7,6,3
242,28,27,25,22,21,20,27,27,26,26,24,27,26,26,25,25,24,24,22,27,26,26,25,25,25,21,19,26,21,21,25,24,21,19,18,26,25,24,23,19,19,25,25,24,24,20,19,17,25,24,23,20,20,25,24,23,23,23,20,20,19,18,18,17,15,24,24,19,16,22,20,19,19,16,22,19,18,16,15,15,15,14,14,21,21,15,15,14,14,14,13,18,18,17,16,14,18,17,17,15,13,13,20,17,15,20,17,16,15,13,13,20,19,16,13,20,10,21,20,14,12,11,9,16,14,13,13,12,9,19,16,13,10,9,16,14,12,12,10,9,12,7,12,9,6,14,10,9,9,17,8,7,17,14,10,9,9,8,7,17,15,14,13,11,8,8,4,18,17,14,14,10,9,4,3,3,17,17,14,13,10,9,4,4,3,18,17,17,16,15,14,13,4,3,3,2,2,2,2,3,18,18,17,17,16,15,12,8,3,2,2,2,2,19,18,17,17,16,14,1,1,1,2,19,18,18,17,9,9,8,2,1,1,1,2,19,17,16,12,7,3,0,1,2,3,20,14,6,4,1,2,17,17,16,15,12,8,7,4,3,2,2,1,3,11,10,8,4,2,3,17,17,16,16,15,10,9,9,8,7,6,17,14,13,11,10,10,9,7,6,3,18,15,14,10,10,9,9,5
243,28,28,25,23,22,20,28,28,27,27,25,28,27,27,26,25,25,24,22,28,27,27,26,26,25,22,19,26,22,22,26,25,22,20,18,27,26,25,23,20,19,26,25,25,25,21,20,18,26,25,24,21,20,26,25,24,24,23,21,20,20,19,18,18,15,25,24,20,16,23,21,20,20,17,23,20,19,16,16,16,15,15,14,22,22,15,15,15,15,14,14,19,19,18,17,14,18,18,18,16,14,13,21,18,16,21,18,16,16,14,14,21,20,17,14,21,10,22,21,15,13,11,9,17,15,14,14,13,9,20,17,14,11,10,17,15,13,13,11,10,13,7,13,9,6,15,11,10,10,18,9,8,18,15,11,10,10,9,7,18,16,15,14,12,9,9,5,20,18,15,15,11,10,5,4,3,18,18,15,15,11,10,5,4,3,19,18,18,17,16,15,14,4,4,4,3,3,2,2,2,19,19,18,18,17,16,13,9,4,3,2,2,2,20,19,18,18,17,15,2,2,1,2,20,19,19,18,10,10,9,3,2,2,1,1,20,18,18,13,8,4,1,0,1,2,21,15,7,5,2,1,18,18,17,16,13,9,8,5,5,3,2,2,2,12,11,9,5,2,2,18,18,17,17,16,11,10,10,9,9,7,18,15,15,12,11,11,10,8,7,3,20,16,15,11,11,10,10,6
244,29,28,26,23,22,20,28,28,28,27,25,28,28,27,26,26,25,25,23,28,28,27,26,26,26,22,20,27,22,22,27,25,22,20,18,27,27,25,24,20,20,26,26,25,25,21,20,18,26,25,24,21,21,26,26,25,24,24,21,21,20,19,18,18,15,26,25,21,17,24,21,21,20,17,23,20,19,16,16,16,16,15,14,23,22,16,15,15,15,14,14,20,19,18,17,15,19,18,18,16,14,13,21,18,16,21,19,17,16,14,14,21,21,18,14,21,11,23,21,15,14,12,10,17,15,15,14,14,9,20,18,14,11,10,17,15,14,13,11,11,14,7,13,10,7,15,11,11,10,18,10,9,19,15,11,11,10,9,8,19,16,15,15,12,10,9,5,20,19,16,15,12,10,5,4,3,19,18,16,15,12,10,5,5,4,19,19,18,18,17,16,14,5,4,4,4,3,2,2,2,20,19,19,18,18,17,14,10,4,4,3,2,2,20,19,19,18,18,16,2,2,2,1,21,20,19,18,11,10,10,4,3,2,2,1,20,19,18,13,8,4,2,1,0,2,21,16,7,6,3,1,19,18,18,17,14,10,8,6,5,3,3,2,2,12,12,10,5,2,2,19,18,18,17,17,11,11,10,10,9,7,18,16,15,12,12,11,11,9,8,3,20,16,16,12,11,11,10,6
245,30,29,27,24,23,20,30,29,29,28,26,29,29,28,27,27,26,26,24,29,29,29,28,27,27,23,20,28,23,23,28,27,23,21,19,28,28,27,25,21,20,28,27,27,26,22,21,19,28,26,26,23,22,27,27,26,26,25,22,22,21,20,20,19,15,27,26,22,17,25,22,22,21,18,25,22,20,18,17,17,16,16,15,24,23,17,16,16,16,15,15,21,20,20,18,16,20,20,19,17,15,14,23,20,18,23,20,18,18,16,15,23,22,19,15,23,11,24,23,16,15,13,10,19,17,16,16,15,10,22,19,16,12,11,19,17,15,15,13,12,15,7,15,11,7,17,13,12,12,20,11,10,20,17,13,12,12,11,9,20,18,17,16,14,11,11,6,22,21,17,17,14,12,7,5,4,21,20,17,17,13,12,7,6,5,21,20,20,19,18,17,16,6,6,5,5,4,4,3,3,22,21,20,20,19,18,15,12,6,5,4,3,3,22,21,20,20,19,18,4,3,3,2,23,21,21,20,13,12,12,6,4,4,3,2,22,20,20,15,10,6,3,2,2,0,23,18,9,7,4,1,20,20,19,18,15,12,10,7,7,5,5,4,1,14,13,12,7,4,2,20,20,19,19,18,13,12,12,11,11,9,20,17,17,14,13,13,12,10,9,3,22,18,17,14,13,13,12,7
246,20,20,21,23,23,28,20,20,20,20,21,19,19,19,20,20,20,20,21,19,19,19,19,19,19,21,24,18,20,20,18,18,19,20,23,17,17,17,18,20,20,17,17,17,17,18,19,21,16,16,16,17,18,15,15,15,16,16,17,17,17,18,19,19,27,15,15,16,20,14,15,16,16,18,14,15,16,18,18,19,19,20,21,13,14,18,18,19,19,20,20,14,14,15,16,18,14,14,14,16,18,19,12,13,15,11,13,14,14,16,16,11,11,12,16,10,19,9,10,13,14,17,20,11,12,13,13,14,20,9,10,12,16,17,9,11,13,13,15,16,12,24,12,15,20,9,13,14,14,7,14,15,6,8,12,13,13,14,16,5,7,8,8,11,13,14,19,4,5,7,8,11,12,17,19,21,4,5,7,7,10,12,17,18,20,4,4,4,5,6,7,8,17,18,18,19,19,21,21,22,3,3,4,4,4,5,8,12,18,18,19,20,21,2,3,3,4,4,6,19,20,20,22,1,2,2,3,11,11,12,18,19,19,20,21,1,3,3,8,13,17,20,21,21,23,0,5,14,16,19,22,3,3,4,5,8,12,13,16,17,18,19,19,23,9,10,12,17,20,23,3,4,4,5,5,11,11,12,12,13,14,4,6,7,10,10,11,11,13,14,22,3,6,7,10,11,11,12,17
247,21,21,20,21,21,24,20,20,20,20,20,20,20,20,19,19,19,19,20,19,19,19,19,19,19,19,21,19,18,18,18,18,18,18,20,18,18,17,17,18,18,17,17,17,17,17,17,18,17,16,16,16,16,16,16,16,16,16,15,15,16,16,16,16,23,16,15,15,17,15,14,14,14,15,14,14,14,15,15,15,16,17,17,13,13,15,15,15,16,16,16,13,13,13,13,15,12,12,12,13,14,15,12,12,12,11,11,11,11,13,13,11,11,11,12,10,15,11,10,10,11,12,15,9,9,10,10,10,15,9,8,9,12,12,8,8,9,9,11,11,8,18,8,11,15,6,9,9,9,6,9,10,5,5,7,8,8,9,11,5,4,5,5,6,8,9,13,5,5,4,4,6,7,12,14,16,4,4,3,3,6,7,12,13,14,4,4,4,3,3,3,3,12,12,13,13,14,15,16,16,4,4,4,3,3,2,3,6,12,13,14,15,16,5,4,3,3,2,2,14,14,15,17,5,4,3,2,5,6,6,12,13,14,14,16,4,3,2,3,8,12,14,15,16,18,5,0,9,10,13,16,3,2,2,1,2,6,8,10,11,13,13,14,18,4,5,6,11,14,17,3,3,2,2,2,5,6,6,7,7,9,3,2,2,4,5,5,6,8,9,16,5,3,3,5,6,6,7,11
248,25,24,22,21,21,21,24,24,23,23,22,24,23,23,22,22,21,21,20,24,23,23,22,22,22,19,19,22,19,19,22,21,19,18,18,22,22,21,20,18,17,21,21,21,20,18,17,17,21,20,20,18,17,21,21,20,20,19,17,17,17,16,16,16,17,21,20,17,15,19,17,17,16,15,18,16,15,14,14,14,14,14,14,18,17,13,13,13,13,13,13,15,15,14,14,13,14,14,14,13,12,12,16,14,13,16,14,13,12,11,11,16,15,13,11,16,10,17,15,11,10,9,10,12,10,10,10,10,9,14,12,10,8,8,12,10,9,9,8,8,9,11,8,7,8,9,7,6,6,12,6,5,12,9,6,6,5,5,5,12,10,9,8,6,5,5,6,13,12,9,9,6,5,5,6,8,12,11,9,8,6,4,4,5,6,12,12,11,11,10,9,8,4,4,5,5,6,7,7,8,13,12,12,11,11,10,7,4,4,4,5,6,7,13,12,12,11,11,9,5,6,6,8,14,13,12,11,4,3,3,3,5,5,6,7,13,12,11,6,1,3,6,7,7,9,14,9,0,2,4,8,12,11,10,9,7,3,1,2,2,4,4,5,9,5,5,3,2,6,8,12,11,11,10,9,4,4,3,3,2,2,11,9,8,5,5,4,4,2,2,7,13,9,9,5,5,4,4,4
249,26,25,23,21,21,21,25,25,24,24,22,25,24,24,23,23,22,22,21,25,24,24,23,23,23,20,19,23,20,20,23,22,19,18,18,23,23,22,21,18,18,23,22,22,21,18,18,17,23,21,21,18,18,22,22,21,21,20,18,18,17,17,16,16,17,22,21,18,15,20,18,17,17,15,19,17,16,14,14,14,14,14,14,19,18,14,14,13,13,13,13,16,16,15,14,13,15,15,15,13,12,12,17,15,13,17,15,13,13,12,12,17,16,14,11,17,10,18,17,11,11,10,9,13,11,11,11,10,9,16,13,11,9,8,13,11,10,9,8,8,10,10,9,7,7,11,7,7,7,13,6,6,14,11,7,7,6,6,5,13,11,10,10,7,5,5,5,15,14,11,10,7,6,4,5,6,14,13,10,10,7,5,3,4,5,14,13,13,12,11,10,9,3,3,4,4,4,5,6,6,14,14,13,13,12,11,9,5,3,3,4,5,5,15,14,13,13,12,11,4,4,5,6,15,14,14,13,6,5,5,2,3,3,4,6,15,13,13,8,3,1,4,5,6,7,16,10,2,0,3,6,13,13,12,11,8,4,3,1,1,2,3,3,7,7,6,5,1,4,7,13,13,12,12,11,6,5,5,4,4,2,13,10,10,7,6,6,5,4,3,6,15,11,10,7,6,6,5,3
250,27,27,25,22,22,20,27,26,26,26,24,26,26,26,25,24,24,23,22,26,26,26,25,25,24,21,19,25,21,21,25,24,21,19,18,25,25,24,22,19,19,25,24,24,23,20,19,17,25,23,23,20,19,24,24,23,23,22,20,19,19,18,17,17,16,24,23,19,16,22,19,19,19,16,21,19,18,15,15,15,15,14,14,21,20,15,15,14,14,14,14,18,18,17,16,14,17,17,16,15,13,13,19,17,15,19,17,15,15,13,13,19,19,16,13,19,10,20,19,13,12,11,9,15,13,13,12,12,9,18,16,12,10,9,15,13,12,11,10,9,12,8,11,8,7,13,9,9,9,16,8,7,16,13,9,9,8,7,6,16,14,13,12,10,7,7,4,17,16,13,13,10,8,4,4,4,16,16,13,13,9,8,4,3,3,17,16,16,15,14,13,12,3,3,3,3,3,3,4,4,17,17,16,16,15,14,11,7,2,2,2,3,3,18,17,16,15,15,13,2,2,2,4,18,17,17,15,8,8,7,2,1,1,2,3,18,16,15,10,6,2,1,2,3,4,19,13,4,3,0,3,16,15,15,14,11,7,6,3,2,1,1,1,4,9,9,7,2,2,4,16,15,15,14,14,8,8,7,7,6,5,16,13,12,10,9,9,8,6,5,4,17,13,13,9,9,8,8,4
251,30,29,27,24,23,21,29,29,28,28,26,29,28,28,27,26,26,25,23,29,28,28,27,27,26,23,20,28,23,23,27,26,23,21,19,28,27,26,25,21,20,27,27,26,26,22,21,19,27,26,25,22,21,27,26,26,25,25,22,21,21,20,19,19,15,27,26,21,17,24,22,21,21,18,24,21,20,17,17,17,16,15,15,23,23,16,16,16,16,15,15,20,20,19,18,15,20,19,19,17,15,14,22,19,17,22,19,18,17,15,15,22,21,19,15,22,11,23,22,16,14,12,10,18,16,15,15,15,10,21,18,15,12,11,18,16,14,14,12,11,15,7,14,11,7,16,12,12,11,19,10,9,19,16,12,12,11,10,9,19,17,16,15,13,10,10,6,21,20,16,16,13,11,6,5,4,20,19,16,16,13,11,6,5,4,20,19,19,18,17,16,15,6,5,5,4,4,3,3,3,20,20,19,19,18,17,14,11,5,4,4,3,2,21,20,19,19,18,17,3,3,2,2,21,20,20,19,12,11,11,5,3,3,2,1,21,19,19,14,9,5,2,1,1,1,22,16,8,6,3,0,19,19,18,17,14,10,9,6,6,4,3,3,1,13,12,11,6,2,1,19,19,18,18,17,12,11,11,10,9,8,19,16,16,13,12,12,11,9,8,2,21,17,16,12,12,11,11,6
252,21,21,21,22,23,26,20,20,20,20,21,20,20,20,20,20,20,20,21,19,19,19,19,19,19,20,22,19,19,19,18,18,19,20,22,18,18,18,18,19,19,17,17,17,17,18,18,20,17,17,16,17,17,16,16,16,16,16,16,17,17,17,18,18,25,16,15,16,19,15,15,15,15,17,14,15,15,17,17,17,18,19,19,14,14,17,17,17,18,18,19,14,14,14,15,17,13,13,14,15,16,18,12,13,14,12,12,13,13,15,15,11,11,12,14,10,17,10,10,12,13,15,18,10,11,11,12,12,18,9,9,11,14,15,9,10,11,11,13,14,10,21,10,13,17,8,11,11,12,6,12,13,6,7,10,10,11,12,13,5,6,6,7,9,11,12,16,5,4,6,6,8,10,15,17,19,4,4,5,5,8,10,15,15,17,3,3,3,3,4,5,6,15,15,16,16,17,18,18,19,3,3,3,3,3,4,6,9,15,16,17,18,18,3,2,2,2,2,4,17,17,18,19,3,2,2,2,8,8,9,15,16,17,17,19,2,1,1,6,11,14,17,18,19,20,3,3,12,13,16,19,0,1,1,2,5,9,10,13,14,15,16,16,20,7,7,9,14,17,20,1,1,2,2,2,8,8,9,9,10,12,2,4,4,7,7,8,8,11,12,19,2,4,4,7,8,9,9,14
253,21,21,21,22,22,26,21,20,20,20,20,20,20,20,20,20,20,20,21,20,19,19,19,19,19,20,22,19,19,19,18,18,19,20,22,18,18,18,18,19,19,17,17,17,17,18,18,20,17,17,17,17,17,16,16,16,16,16,16,16,17,17,17,18,25,16,16,16,18,15,15,15,15,17,14,15,15,17,17,17,17,18,19,14,14,16,17,17,17,18,18,13,14,14,15,16,13,13,13,15,16,17,12,13,14,12,12,13,13,14,15,11,11,11,14,11,17,10,10,12,13,14,17,10,11,11,11,12,17,9,9,11,14,15,9,9,11,11,12,13,10,21,10,13,17,8,11,11,11,6,12,13,6,6,9,10,10,11,13,5,5,6,6,8,11,11,16,5,4,5,6,8,9,14,16,18,4,4,5,5,8,9,14,15,16,3,3,3,3,4,4,5,14,15,15,16,16,17,18,18,3,3,3,3,3,3,5,9,15,15,16,17,18,3,2,2,2,2,3,16,17,17,19,3,2,2,2,7,8,8,14,15,16,17,18,2,1,1,5,10,14,17,18,18,20,3,2,11,13,15,19,1,0,1,2,4,8,10,13,13,15,15,16,20,6,7,8,13,17,19,1,1,1,2,2,7,8,8,9,9,11,2,3,4,6,7,7,8,10,11,18,3,3,4,7,7,8,9,13
254,21,21,21,22,22,26,21,21,20,20,20,20,20,20,20,20,20,20,20,20,20,19,19,19,19,20,22,19,19,19,18,18,19,19,22,18,18,18,18,19,19,17,17,17,17,17,18,19,17,17,17,17,17,16,16,16,16,16,16,16,16,17,17,17,24,16,16,16,18,15,15,15,15,16,14,14,15,16,17,17,17,18,19,14,14,16,16,17,17,18,18,13,13,14,14,16,13,13,13,14,16,17,12,12,13,12,12,12,13,14,14,11,11,11,13,11,16,10,10,11,12,14,17,10,11,11,11,11,17,9,9,10,13,14,8,9,10,11,12,13,9,20,9,12,16,7,10,11,11,6,11,12,6,6,9,9,10,11,12,5,5,6,6,8,10,11,15,5,5,5,5,7,9,14,15,18,4,4,4,5,7,9,14,14,16,4,3,3,3,3,4,5,14,14,15,15,16,17,17,18,4,3,3,3,3,3,5,8,14,15,16,17,17,4,3,2,2,2,3,16,16,17,18,4,3,2,2,7,7,8,14,15,15,16,18,3,2,1,5,9,13,16,17,18,19,4,2,10,12,15,18,1,1,0,1,4,8,9,12,13,14,15,15,19,6,6,8,13,16,19,2,1,1,1,2,7,7,8,8,9,11,2,3,3,6,6,7,7,9,11,18,3,3,3,6,7,7,8,13
255,21,21,21,21,22,25,21,21,21,21,20,20,20,20,20,20,20,20,20,20,20,20,19,19,19,20,21,19,19,19,19,18,18,19,21,18,18,18,18,18,19,18,17,17,17,17,18,19,17,17,17,17,17,17,17,16,16,16,16,16,16,17,17,17,23,16,16,15,17,15,15,15,15,16,15,14,15,16,16,16,17,17,18,14,14,15,16,16,16,17,17,13,13,13,14,16,13,13,13,14,15,16,12,12,13,12,12,12,12,13,14,11,11,11,13,11,16,11,10,11,12,13,16,9,10,10,11,11,16,9,9,10,12,13,8,9,10,10,11,12,9,19,9,11,15,7,9,10,10,6,10,11,6,6,8,9,9,10,11,5,5,5,5,7,9,10,14,6,5,5,5,7,8,13,14,17,4,4,4,4,6,8,13,13,15,4,4,4,3,3,3,4,13,13,14,14,15,16,16,17,4,4,4,3,3,3,4,7,13,13,15,16,16,4,4,3,3,2,2,14,15,16,17,5,4,3,2,6,6,7,13,14,14,15,17,4,2,2,3,8,12,15,16,17,18,5,1,9,11,14,17,2,2,1,0,3,7,8,11,12,13,14,14,18,4,5,7,12,15,18,2,2,2,1,1,6,6,7,7,8,9,2,2,2,5,5,6,6,8,9,17,4,2,2,5,6,6,7,12
256,22,22,21,21,21,24,22,21,21,21,20,21,21,21,20,20,20,20,20,21,21,20,20,20,20,19,20,20,19,19,19,19,18,18,20,19,19,18,18,18,18,18,18,18,18,17,17,18,18,18,17,17,16,18,17,17,17,17,16,16,16,16,16,16,21,17,17,15,16,16,15,15,15,15,15,14,14,15,15,15,15,16,17,15,14,14,15,15,15,15,16,13,13,13,13,14,13,13,13,13,14,15,13,12,12,13,12,12,12,12,12,12,12,11,12,12,14,12,11,10,10,12,14,9,9,9,10,10,14,10,9,9,11,11,9,8,9,9,10,10,8,17,7,9,13,7,8,8,8,7,8,9,7,6,6,7,7,8,9,7,5,5,5,5,7,7,12,7,7,5,5,5,6,10,12,14,6,6,4,4,4,5,10,11,12,6,6,6,5,4,4,3,10,10,11,11,12,13,14,14,7,6,6,5,5,4,3,5,10,11,12,13,13,7,6,5,5,4,3,12,12,13,14,7,6,6,5,3,4,4,10,11,12,12,14,7,5,5,1,6,9,12,13,14,15,8,2,7,8,11,14,5,4,4,3,0,4,5,8,9,10,11,12,15,2,2,4,9,12,15,5,5,4,3,3,3,3,4,5,5,7,5,2,2,2,3,3,4,6,7,14,6,3,3,3,4,4,4,9
257,24,23,22,21,21,22,23,23,23,22,21,23,22,22,21,21,21,21,20,22,22,22,21,21,21,19,19,21,19,19,21,20,19,18,19,21,21,20,19,18,18,20,20,20,19,17,17,17,20,19,19,17,17,20,19,19,18,18,17,17,16,16,16,16,19,19,19,16,15,18,16,16,16,15,17,15,15,14,14,14,14,15,15,16,16,14,14,14,14,14,14,14,14,14,13,13,14,13,13,13,13,13,15,13,12,15,13,12,12,12,12,14,14,12,11,14,12,15,14,10,10,10,12,11,10,10,9,9,11,12,11,9,9,9,10,9,8,8,8,9,8,13,7,7,10,8,7,7,7,10,6,7,10,7,6,6,6,6,6,10,8,7,7,5,5,5,8,11,10,7,7,5,4,7,8,10,10,9,7,6,4,4,7,7,9,10,9,9,8,7,6,5,6,7,7,8,8,9,10,10,10,10,9,9,8,7,5,3,7,7,8,9,10,11,10,9,9,8,6,8,9,9,11,11,10,9,8,2,2,2,6,7,8,8,10,11,9,8,3,2,6,8,9,10,12,12,6,3,4,7,10,9,8,8,7,4,0,2,4,5,7,7,8,12,2,2,1,5,8,11,9,8,8,7,7,2,1,1,1,2,3,8,6,5,3,2,2,2,2,3,10,10,6,6,3,2,2,2,5
258,24,24,22,21,21,22,24,24,23,23,22,23,23,23,22,22,21,21,20,23,23,23,22,22,22,20,19,22,19,19,22,21,19,18,18,22,22,21,20,18,18,21,21,21,20,18,17,17,21,20,20,18,17,21,20,20,19,19,17,17,17,16,16,16,18,20,20,17,15,18,17,16,16,15,18,16,15,14,14,14,14,14,15,17,17,14,14,14,14,14,14,15,15,14,14,13,14,14,14,13,13,13,16,14,13,16,14,13,12,12,12,15,15,13,11,15,11,16,15,11,10,10,11,12,10,10,10,10,10,14,12,10,9,9,11,10,9,9,8,8,9,12,8,7,9,9,7,7,7,11,6,6,11,9,6,6,6,6,6,11,9,8,8,6,5,5,7,12,11,8,8,6,5,6,7,9,11,11,8,8,5,4,5,6,7,11,11,10,10,9,8,7,5,6,6,6,7,8,8,9,12,11,11,10,10,9,6,3,5,6,7,8,8,12,11,11,10,10,8,6,7,7,9,13,12,11,10,3,3,2,5,6,6,7,8,12,11,10,5,1,4,7,8,8,10,13,8,1,3,6,9,10,10,9,8,5,2,0,3,3,5,6,6,10,4,3,2,3,7,9,11,10,9,9,8,3,2,2,2,1,2,10,7,7,4,4,3,3,2,2,8,12,8,7,4,4,3,3,4
259,26,25,24,22,21,21,26,25,25,25,23,25,25,24,23,23,23,22,21,25,25,24,24,23,23,21,19,24,20,20,23,22,20,19,18,24,23,22,21,19,18,23,23,22,22,19,18,17,23,22,21,19,18,23,22,21,21,21,18,18,18,17,17,17,17,22,21,18,16,20,18,18,18,16,20,17,17,15,15,15,15,14,14,19,19,14,14,14,14,14,14,16,16,16,15,13,16,15,15,14,13,13,18,15,14,18,15,14,14,12,12,17,17,14,12,17,10,18,17,12,11,10,10,14,12,11,11,11,9,16,14,11,9,9,13,12,10,10,9,9,10,10,9,7,8,11,8,8,7,14,7,6,14,11,7,7,7,6,6,14,12,11,10,8,6,6,5,15,14,11,10,7,6,5,5,7,14,13,11,10,7,6,4,4,5,14,14,13,13,11,10,9,3,4,4,4,5,6,6,6,15,14,13,13,12,11,9,5,3,4,4,5,6,15,14,13,13,12,11,4,4,5,6,15,14,14,13,6,5,5,2,3,4,4,6,15,13,13,8,3,2,4,5,6,7,16,10,2,1,3,6,13,13,12,11,8,4,3,0,1,2,3,3,7,7,6,4,1,4,7,13,13,12,12,11,6,5,5,4,3,2,13,10,9,7,6,6,5,3,2,6,14,11,10,6,6,5,5,2
260,26,26,24,22,21,21,26,26,25,25,23,25,25,25,24,23,23,23,21,25,25,25,24,24,23,21,19,24,21,20,24,23,20,19,18,24,24,23,21,19,18,23,23,23,22,19,18,17,23,22,21,19,19,23,23,22,21,21,19,18,18,17,17,17,17,23,22,18,16,21,18,18,18,16,20,18,17,15,15,15,15,14,14,19,19,14,14,14,14,14,14,17,16,16,15,14,16,16,15,14,13,13,18,16,14,18,16,14,14,13,12,18,17,15,12,18,10,19,17,12,11,10,10,14,12,12,11,11,9,16,14,11,9,9,14,12,11,10,9,9,11,10,10,8,7,11,8,8,8,14,7,6,14,11,8,7,7,6,6,14,12,11,11,8,6,6,5,15,14,11,11,8,7,4,5,6,14,14,11,11,8,6,4,4,5,15,14,14,13,12,11,10,3,3,4,4,4,5,6,6,15,15,14,13,13,12,9,6,3,3,4,5,5,16,14,14,13,13,11,4,4,4,6,16,15,14,13,6,6,5,2,3,3,4,5,15,14,13,8,3,1,3,5,5,7,17,11,2,1,2,6,14,13,13,12,9,5,3,1,0,2,2,3,7,7,7,5,1,3,6,14,13,13,12,12,6,6,5,5,4,2,13,11,10,7,7,6,6,4,3,5,15,11,11,7,6,6,5,2
261,27,27,25,22,22,21,27,27,26,26,24,26,26,26,25,24,24,23,22,26,26,26,25,25,24,21,20,25,21,21,25,24,21,20,18,25,25,24,22,19,19,25,24,24,23,20,19,18,25,23,23,20,20,24,24,23,23,22,20,19,19,18,18,17,16,24,23,19,16,22,20,19,19,16,21,19,18,16,16,15,15,15,14,21,20,15,15,15,14,14,14,18,18,17,16,14,17,17,16,15,14,13,19,17,15,19,17,15,15,13,13,19,18,16,13,19,11,20,19,13,12,11,10,15,13,13,12,12,9,18,15,12,10,9,15,13,12,11,10,9,12,9,11,8,7,13,9,9,9,16,8,7,16,13,9,9,8,7,6,16,14,13,12,10,7,7,5,17,16,13,12,9,8,5,4,5,16,15,13,12,9,8,4,4,4,16,16,15,15,14,13,11,3,3,3,3,3,4,4,5,17,16,16,15,15,13,11,7,3,3,3,4,4,17,16,16,15,14,13,2,3,3,4,18,17,16,15,8,7,7,2,2,2,2,4,17,15,15,10,5,2,2,3,3,5,18,13,4,2,1,4,15,15,14,13,10,7,5,2,2,0,1,1,5,9,8,7,2,2,4,15,15,14,14,13,8,7,7,6,6,4,15,12,12,9,8,8,7,5,4,4,17,13,12,9,8,7,7,3
262,28,27,25,23,22,21,27,27,27,26,24,27,26,26,25,25,24,24,22,27,26,26,25,25,25,22,20,26,22,21,25,24,21,20,18,26,25,24,23,20,19,25,25,24,24,20,19,18,25,24,23,20,20,25,24,23,23,23,20,20,19,18,18,18,16,24,23,20,16,22,20,20,19,17,22,19,18,16,16,16,15,15,15,21,21,15,15,15,15,14,14,18,18,17,16,14,18,17,17,15,14,13,20,17,15,20,17,16,15,14,13,19,19,16,13,20,11,21,19,14,13,11,10,16,14,13,13,12,9,18,16,13,10,10,16,14,12,12,10,10,12,9,11,9,7,13,10,9,9,16,8,7,16,13,9,9,9,8,7,16,14,13,13,10,8,7,5,18,17,13,13,10,8,5,4,5,16,16,13,13,10,8,4,4,4,17,16,16,15,14,13,12,4,3,3,3,3,4,4,4,17,17,16,16,15,14,11,8,3,3,3,3,4,18,17,16,16,15,13,2,2,3,4,18,17,17,15,8,8,7,2,2,2,2,3,18,16,15,11,6,2,2,2,3,5,19,13,4,3,1,3,16,15,15,14,11,7,6,3,2,1,0,1,4,9,9,7,2,1,4,16,15,15,14,14,8,8,7,7,6,5,15,13,12,9,9,8,8,6,5,3,17,13,13,9,9,8,7,3
263,28,27,25,23,22,21,28,27,27,27,25,27,27,26,25,25,24,24,22,27,27,26,26,25,25,22,20,26,22,22,26,25,22,20,19,26,26,25,23,20,19,25,25,25,24,21,20,18,25,24,23,21,20,25,25,24,23,23,20,20,20,19,18,18,16,25,24,20,17,23,20,20,20,17,22,19,18,16,16,16,16,15,15,21,21,15,15,15,15,14,14,19,18,18,16,15,18,18,17,15,14,13,20,18,16,20,18,16,16,14,14,20,19,17,13,20,11,21,20,14,13,11,10,16,14,14,13,13,9,19,16,13,10,10,16,14,12,12,11,10,13,8,12,9,7,14,10,10,9,17,9,8,17,14,10,9,9,8,7,17,15,14,13,11,8,8,5,18,17,14,13,10,9,5,4,5,17,16,14,13,10,9,4,4,4,17,17,16,16,15,14,13,4,4,3,3,3,3,4,4,18,17,17,16,16,15,12,8,3,3,3,3,3,18,17,17,16,16,14,2,2,2,4,19,18,17,16,9,8,8,2,2,2,2,3,18,17,16,11,6,2,1,2,2,4,19,14,5,3,1,3,16,16,15,14,12,8,6,3,3,1,1,0,4,10,9,8,3,1,3,17,16,15,15,14,9,8,8,7,7,5,16,13,13,10,9,9,8,6,5,3,18,14,13,10,9,9,8,4
264,31,30,28,25,24,21,30,30,30,29,27,30,30,29,28,28,27,26,24,30,30,29,28,28,28,24,21,29,24,24,29,27,24,22,20,29,29,27,26,22,21,28,28,27,27,23,22,20,28,27,26,23,23,28,28,27,26,26,23,23,22,21,20,20,16,28,27,23,18,26,23,23,22,19,25,22,21,18,18,18,17,17,16,25,24,18,17,17,17,16,16,22,21,20,19,16,21,20,20,18,16,15,23,20,18,23,21,19,18,16,16,23,23,20,16,23,12,25,23,17,16,14,11,19,17,17,16,16,11,22,20,16,13,12,19,17,16,15,13,12,16,8,15,12,8,17,13,13,12,20,12,11,21,17,13,13,12,11,10,20,18,17,17,14,12,11,7,22,21,18,17,14,12,7,6,5,21,20,17,17,14,12,7,7,5,21,21,20,20,18,17,16,7,6,6,5,5,4,4,4,22,21,21,20,19,18,16,12,6,6,5,4,4,22,21,20,20,19,18,4,4,4,2,23,22,21,20,13,12,12,6,5,4,4,2,22,20,20,15,10,6,3,2,2,1,23,18,9,7,4,1,20,20,19,18,15,12,10,7,7,5,4,4,0,14,13,12,7,3,1,20,20,19,19,18,13,12,12,11,11,9,20,17,17,14,13,13,12,10,9,2,22,18,17,13,13,12,12,7
265,23,23,22,21,22,23,23,22,22,22,21,22,22,22,21,21,21,21,20,22,22,21,21,21,21,20,20,21,19,19,20,20,19,19,20,20,20,20,19,18,18,20,19,19,19,18,18,18,19,19,18,17,17,19,19,18,18,18,17,17,17,16,17,17,21,18,18,16,16,17,16,16,16,15,16,15,15,15,15,15,15,16,16,16,16,15,15,15,15,15,16,14,14,14,14,14,13,13,13,13,14,14,14,13,13,14,13,12,12,12,12,13,13,12,12,13,13,14,13,10,11,11,13,10,10,10,10,10,13,11,10,9,10,11,10,9,9,9,9,10,8,16,8,9,12,7,7,8,8,9,8,8,9,7,6,6,7,7,8,8,7,6,6,6,6,7,10,9,8,6,6,5,5,9,11,13,8,7,6,5,4,5,9,9,11,8,8,7,7,6,5,4,9,9,10,10,11,12,12,13,8,8,7,7,6,6,4,4,9,9,10,11,12,9,8,7,7,6,5,10,11,11,13,9,8,7,6,2,3,3,9,10,10,11,12,8,7,6,2,4,8,11,12,12,14,9,4,5,7,9,13,7,6,6,4,2,2,4,7,7,9,9,10,14,0,1,2,7,10,13,7,6,6,5,4,1,2,2,3,3,5,6,3,3,1,1,2,2,4,5,12,8,4,4,2,2,2,3,7
266,23,23,22,21,22,23,23,23,22,22,21,22,22,22,21,21,21,21,20,22,22,22,21,21,21,20,20,21,19,19,21,20,19,19,19,21,20,20,19,18,18,20,20,19,19,18,18,18,20,19,18,17,17,19,19,18,18,18,17,17,17,17,17,17,20,19,18,16,16,17,16,16,16,15,17,15,15,15,15,15,15,16,16,16,16,14,15,15,15,15,15,14,14,14,14,14,14,13,13,13,14,14,14,13,13,14,13,12,12,12,12,14,13,12,12,13,13,14,13,10,11,11,13,11,10,10,10,10,13,12,10,9,10,11,10,9,9,9,9,10,8,15,8,9,12,8,7,7,8,9,7,8,9,7,6,6,6,7,8,9,7,6,6,6,6,6,10,10,9,6,6,5,5,9,10,12,8,8,6,6,4,5,8,9,10,9,8,8,7,6,5,5,8,9,9,10,10,11,12,12,9,8,8,7,7,6,4,4,8,9,10,11,11,9,8,8,7,7,5,10,10,11,12,10,9,8,7,2,2,3,8,9,10,10,12,9,7,7,2,4,7,10,11,12,13,10,5,5,6,9,12,7,7,6,5,2,2,3,6,7,8,9,9,13,1,0,2,7,10,13,7,7,6,6,5,1,1,2,2,3,4,7,4,3,1,1,1,2,3,5,12,8,5,4,2,2,2,2,7
267,24,24,22,22,21,23,24,23,23,23,22,23,23,23,22,22,21,21,21,23,23,22,22,22,21,20,20,22,20,20,21,21,19,19,19,22,21,20,20,18,18,21,20,20,20,18,18,18,21,20,19,18,17,20,20,19,19,19,17,17,17,17,17,17,20,20,19,17,16,18,17,16,16,15,18,16,15,15,15,15,15,15,15,17,17,14,14,14,14,15,15,15,15,14,14,14,14,14,14,13,13,14,15,14,13,15,13,13,12,12,12,15,14,13,12,14,12,15,14,11,10,11,12,11,10,10,10,10,12,13,11,10,10,10,11,10,9,9,9,9,9,14,8,8,11,8,7,7,7,10,7,7,10,8,6,6,6,6,7,10,8,7,7,6,6,6,9,11,10,7,7,5,5,7,9,11,10,9,7,7,5,4,7,7,9,10,10,9,9,8,7,6,7,7,8,8,9,10,10,11,10,10,9,9,8,7,5,3,7,7,8,9,10,11,10,9,9,8,7,8,9,9,11,11,10,10,9,2,2,2,6,7,8,9,10,11,9,8,4,2,6,8,9,10,12,12,6,3,5,7,11,9,8,8,7,4,1,2,4,5,7,7,8,12,2,2,0,5,8,11,9,8,8,7,7,1,1,1,1,1,3,8,6,5,2,2,2,1,2,3,10,10,6,6,2,2,2,2,5
268,27,26,24,22,22,22,26,26,26,25,24,26,26,25,24,24,23,23,22,26,25,25,24,24,24,21,20,25,21,21,24,23,21,20,19,25,24,23,22,19,19,24,23,23,23,20,19,18,24,23,22,20,19,23,23,22,22,21,19,19,19,18,18,17,17,23,22,19,16,21,19,19,18,16,21,18,17,16,15,15,15,15,15,20,19,15,15,15,15,14,14,17,17,16,15,14,16,16,16,15,14,13,18,16,15,18,16,15,14,13,13,18,18,15,13,18,11,19,18,13,12,11,11,14,13,12,12,12,10,17,14,12,10,9,14,12,11,11,10,9,11,10,10,8,8,12,9,8,8,14,7,7,15,12,8,8,7,7,6,14,12,11,11,9,7,6,6,16,15,12,11,8,7,5,5,7,14,14,11,11,8,7,4,5,5,15,14,14,13,12,11,10,4,4,4,4,5,5,6,6,15,15,14,14,13,12,9,6,3,4,4,5,6,16,15,14,13,13,11,4,4,5,6,16,15,14,13,6,6,5,2,3,4,4,5,15,14,13,8,4,2,4,5,5,7,17,11,2,1,2,6,14,13,13,12,9,5,3,1,1,2,2,3,7,7,7,5,0,3,6,14,13,13,12,12,6,6,5,4,4,2,13,11,10,7,7,6,6,3,2,5,15,11,11,7,6,6,5,2
269,29,28,26,24,23,21,28,28,28,27,25,28,28,27,26,26,25,25,23,28,28,27,26,26,26,23,21,27,23,22,26,25,22,21,19,27,26,25,24,21,20,26,26,25,25,21,20,19,26,25,24,22,21,26,25,25,24,24,21,21,20,20,19,19,17,25,25,21,17,23,21,21,20,18,23,20,19,17,17,16,16,16,15,22,22,16,16,16,16,15,15,19,19,18,17,15,19,18,18,16,15,14,21,18,16,21,18,17,16,15,14,21,20,18,14,21,11,22,20,15,14,12,11,17,15,14,14,14,10,19,17,14,11,11,17,15,13,13,11,11,13,9,13,10,8,15,11,11,10,17,9,9,18,15,11,10,10,9,8,17,15,14,14,11,9,9,6,19,18,15,14,11,10,6,5,5,18,17,14,14,11,9,5,5,4,18,17,17,16,15,14,13,5,4,4,4,4,4,4,4,18,18,17,17,16,15,13,9,4,4,3,3,3,19,18,17,17,16,15,3,3,3,4,19,18,18,17,10,9,9,3,2,2,2,3,19,17,17,12,7,3,2,2,2,4,20,14,6,4,2,2,17,17,16,15,12,8,7,4,3,2,1,1,3,10,10,8,3,0,3,17,17,16,15,15,9,9,8,8,7,6,17,14,13,11,10,9,9,7,6,2,18,14,14,10,9,9,8,4
270,31,30,28,25,24,22,30,30,30,29,27,30,30,29,28,28,27,27,25,30,30,29,28,28,28,24,21,29,24,24,28,27,24,22,20,29,29,27,26,22,22,28,28,27,27,23,22,20,28,27,26,23,23,28,27,27,26,26,23,23,22,21,20,20,17,28,27,23,18,26,23,23,22,19,25,22,21,18,18,18,18,17,16,24,24,18,17,17,17,16,16,21,21,20,19,17,21,20,20,18,16,15,23,20,18,23,20,19,18,16,16,23,22,20,16,23,13,24,23,17,16,14,12,19,17,16,16,16,11,22,19,16,13,12,19,17,15,15,13,12,16,8,15,12,9,17,13,13,12,20,11,11,20,17,13,13,12,11,10,20,18,17,16,14,11,11,7,21,20,17,17,14,12,7,6,5,20,20,17,17,13,12,7,7,6,21,20,20,19,18,17,16,7,6,6,5,5,4,4,4,21,21,20,20,19,18,15,11,6,5,5,4,4,22,21,20,19,19,17,4,4,4,3,22,21,20,19,12,12,11,5,4,4,4,2,22,20,19,14,9,6,3,2,2,2,23,17,8,7,4,1,20,19,19,18,15,11,9,7,6,4,4,3,1,13,13,11,6,3,0,20,19,19,18,18,12,12,11,10,10,8,19,17,16,13,13,12,12,9,8,2,21,17,17,13,12,12,11,6
271,22,22,22,23,24,27,22,22,21,21,22,21,21,21,21,21,21,21,22,21,20,20,20,20,20,21,23,20,20,21,19,19,20,21,23,19,19,19,19,20,20,18,18,18,18,19,19,21,18,18,18,18,18,17,17,17,17,17,17,18,18,18,19,19,26,17,17,17,20,16,16,16,16,18,15,16,16,18,18,18,19,20,20,15,15,18,18,18,18,19,20,15,15,15,16,18,14,14,15,16,17,18,13,14,15,13,13,14,14,15,16,12,12,13,15,12,18,11,11,13,14,16,18,11,12,12,13,13,18,10,10,12,15,16,10,11,12,12,14,14,11,22,11,14,18,9,12,12,13,7,13,14,7,8,11,11,11,12,14,6,7,7,7,9,12,12,17,6,6,6,7,9,10,15,17,19,5,5,6,6,9,10,15,16,17,4,4,4,5,5,5,6,15,15,16,17,17,18,19,19,4,4,4,4,4,4,6,10,15,16,17,18,19,4,3,3,3,3,4,17,17,18,20,4,3,3,3,8,9,9,15,16,17,17,19,3,2,2,6,11,14,17,18,19,20,3,3,12,13,16,19,1,1,2,2,5,9,11,13,14,15,16,17,20,7,7,9,14,17,20,0,1,1,2,2,8,8,9,9,10,12,1,3,4,7,7,8,8,10,12,19,2,3,3,7,8,8,9,14
272,22,22,22,23,23,27,22,22,22,21,22,21,21,21,21,21,21,21,22,21,21,20,20,20,20,21,23,20,20,20,19,19,20,21,23,19,19,19,19,20,20,18,18,18,18,19,19,21,18,18,18,18,18,17,17,17,17,17,17,17,18,18,18,19,25,17,17,17,19,16,16,16,16,18,15,16,16,17,18,18,18,19,20,15,15,17,18,18,18,19,19,15,15,15,16,17,14,14,14,15,17,18,13,14,15,13,13,14,14,15,15,12,12,13,15,12,18,11,11,13,13,15,18,11,12,12,12,13,18,10,10,12,14,15,10,10,11,12,13,14,11,21,11,13,17,9,11,12,12,7,12,13,7,7,10,11,11,12,13,6,6,7,7,9,11,12,16,6,6,6,6,9,10,15,16,18,5,5,6,6,8,10,15,15,17,5,4,4,4,5,5,6,14,15,15,16,17,18,18,19,4,4,4,4,4,4,6,9,15,15,16,17,18,4,3,3,3,3,4,16,17,17,19,4,3,3,3,8,8,9,15,16,16,17,18,3,2,2,5,10,14,17,18,18,20,4,3,11,13,15,19,1,1,1,2,5,8,10,13,13,15,15,16,20,6,7,8,13,17,19,1,0,1,1,2,7,8,8,9,9,11,1,3,3,6,7,7,8,10,11,18,2,2,3,7,7,8,8,13
273,22,22,22,23,23,27,22,22,22,22,22,21,21,21,21,21,21,21,21,21,21,21,20,20,20,21,23,20,20,20,19,19,20,20,22,19,19,19,19,20,20,18,18,18,18,19,19,20,18,18,18,18,18,17,17,17,17,17,17,17,17,18,18,18,25,17,17,17,19,16,16,16,16,17,15,16,16,17,17,18,18,19,20,15,15,17,17,18,18,18,19,14,15,15,15,17,14,14,14,15,17,18,13,13,14,13,13,13,14,15,15,12,12,12,14,12,17,11,11,12,13,15,18,11,12,12,12,12,17,10,10,11,14,15,9,10,11,11,13,14,10,21,10,13,17,8,11,11,12,7,12,13,7,7,10,10,11,11,13,6,6,7,7,9,11,11,16,6,6,6,6,8,9,14,16,18,5,5,5,6,8,9,14,15,16,5,5,4,4,5,5,5,14,14,15,15,16,17,18,18,4,4,4,4,4,4,5,9,14,15,16,17,17,4,4,3,3,3,4,16,16,17,18,4,4,3,3,7,8,8,14,15,16,16,18,4,2,2,5,10,13,16,17,18,19,4,2,11,12,15,18,2,1,1,2,4,8,9,12,13,14,15,15,19,6,6,8,13,16,19,1,1,0,1,1,7,7,8,8,9,10,1,2,3,6,6,7,7,9,10,18,2,2,2,6,7,7,8,13
274,22,22,22,23,23,26,22,22,22,22,21,21,21,21,21,21,21,21,21,21,21,21,20,20,20,21,23,20,20,20,20,19,20,20,22,19,19,19,19,19,20,19,18,18,18,18,19,20,18,18,18,18,18,18,17,17,17,17,17,17,17,18,18,18,25,17,17,17,19,16,16,16,16,17,16,15,16,17,17,17,18,19,19,15,15,17,17,17,18,18,18,14,14,15,15,17,14,14,14,15,16,17,13,13,14,13,13,13,13,15,15,12,12,12,14,12,17,12,11,12,13,14,17,11,11,12,12,12,17,10,10,11,14,14,9,10,11,11,12,13,10,20,10,12,17,8,11,11,11,7,11,12,7,7,9,10,10,11,12,6,6,6,7,8,10,11,15,6,6,6,6,8,9,14,15,17,5,5,5,5,7,9,14,14,16,5,5,5,4,4,5,5,13,14,14,15,15,17,17,18,5,4,4,4,4,4,5,8,14,14,15,16,17,5,4,4,3,3,3,15,16,16,18,5,4,4,3,7,7,8,13,15,15,16,17,4,3,2,4,9,13,16,17,17,19,5,2,10,12,14,18,2,2,1,1,3,7,9,12,12,14,14,15,19,5,6,7,12,15,18,2,1,1,0,1,6,7,7,8,8,10,1,2,2,5,6,6,7,9,10,17,3,2,2,6,6,7,7,12
275,22,22,22,23,23,26,22,22,22,22,21,21,21,21,21,21,21,21,21,21,21,21,21,20,20,21,22,20,20,20,20,19,19,20,22,19,19,19,19,19,20,19,19,18,18,18,19,20,18,18,18,18,18,18,18,17,17,17,17,17,17,18,18,18,24,17,17,17,18,16,16,16,16,17,16,15,16,17,17,17,17,18,19,15,15,16,17,17,17,18,18,14,14,15,15,17,14,14,14,15,16,17,13,13,14,13,13,13,13,14,15,12,12,12,14,12,16,12,11,12,13,14,17,11,11,11,12,12,16,10,10,11,13,14,9,10,11,11,12,13,10,20,10,12,16,8,10,11,11,7,11,12,7,7,9,9,10,11,12,6,6,6,6,8,10,10,15,6,6,6,6,7,9,13,15,17,5,5,5,5,7,8,13,14,15,5,5,5,5,4,5,5,13,13,14,14,15,16,17,17,5,5,4,4,4,4,5,8,13,14,15,16,16,5,4,4,4,3,3,15,15,16,17,5,4,4,3,6,7,7,13,14,15,15,17,4,3,3,4,9,12,15,16,17,18,5,2,9,11,14,17,2,2,2,1,3,7,8,11,12,13,14,14,18,4,5,7,12,15,18,2,2,1,1,0,6,6,7,7,8,9,2,1,2,4,5,6,6,8,9,17,3,1,2,5,6,6,7,12
276,24,24,23,22,22,23,24,23,23,23,22,23,23,23,22,22,22,21,21,23,23,22,22,22,22,20,21,22,20,20,21,21,19,19,20,21,21,20,20,19,19,21,20,20,20,18,18,18,20,20,19,18,18,20,20,19,19,19,17,17,17,17,17,17,21,20,19,17,17,18,17,17,16,16,17,16,16,15,15,16,16,16,16,17,16,15,15,15,15,15,16,15,15,15,14,15,14,14,14,14,14,14,15,14,13,15,13,13,13,13,13,14,14,13,12,14,13,15,14,11,11,11,13,11,11,11,10,10,13,13,11,10,10,11,11,10,9,9,10,10,9,15,8,9,12,8,8,8,8,10,8,8,10,8,7,7,7,7,8,9,8,7,7,6,6,7,10,10,9,7,7,6,6,9,10,12,9,9,7,6,5,5,8,9,10,9,9,8,8,7,6,5,8,8,9,9,10,11,11,12,10,9,9,8,8,7,5,4,8,9,10,11,11,10,9,8,8,7,6,9,10,10,12,10,9,9,8,3,3,3,8,9,9,10,11,10,8,7,3,4,7,10,11,11,13,11,5,4,6,8,12,8,7,7,6,3,2,3,6,6,8,8,9,13,1,1,1,6,9,12,8,7,7,6,6,0,1,1,2,2,4,7,4,4,1,1,1,1,3,4,11,9,5,5,1,1,1,2,6
277,24,24,23,22,22,23,24,24,23,23,22,23,23,23,22,22,22,22,21,23,23,23,22,22,22,20,21,22,20,20,22,21,20,19,20,22,21,21,20,19,19,21,21,20,20,18,18,18,21,20,19,18,18,20,20,19,19,19,18,17,17,17,17,17,20,20,19,17,17,18,17,17,17,16,18,16,16,15,15,15,16,16,16,17,17,15,15,15,15,15,15,15,15,15,14,14,14,14,14,14,14,14,15,14,13,15,14,13,13,13,13,15,14,13,12,15,13,15,14,11,11,11,13,12,11,11,11,10,12,13,11,10,10,11,11,10,9,9,9,10,9,15,8,9,11,9,8,8,8,10,7,8,10,8,7,7,7,7,8,10,8,7,7,6,6,6,9,11,10,7,7,6,6,8,9,11,10,9,7,7,5,5,8,8,10,10,9,9,8,7,7,6,7,8,8,9,9,10,11,11,10,10,9,9,8,7,5,4,8,8,9,10,11,10,9,9,8,8,6,9,9,10,11,11,10,9,8,3,3,3,7,8,9,9,11,10,9,8,4,3,6,9,10,11,12,11,6,4,5,8,11,8,8,7,6,3,1,2,5,6,7,8,8,12,2,1,1,6,9,12,8,8,7,7,6,1,0,1,1,2,3,8,5,4,2,1,1,1,2,3,10,9,6,5,2,1,1,1,6
278,25,24,23,22,22,23,24,24,24,23,22,24,23,23,22,22,22,22,21,23,23,23,22,22,22,21,21,22,20,20,22,21,20,19,20,22,22,21,20,19,19,21,21,21,20,19,18,18,21,20,20,18,18,21,20,20,19,19,18,18,17,17,17,17,20,20,20,17,17,18,17,17,17,16,18,16,16,15,15,15,15,16,16,17,17,15,15,15,15,15,15,15,15,15,14,14,15,14,14,14,14,14,16,14,13,15,14,13,13,13,13,15,15,13,12,15,13,16,14,11,11,11,13,12,11,11,11,11,12,13,12,10,10,10,11,10,9,9,9,10,9,14,8,9,11,9,8,8,8,11,7,8,11,8,7,7,7,7,7,10,9,8,7,6,6,6,9,11,10,8,7,6,6,8,9,11,10,10,7,7,5,5,7,8,9,10,10,9,9,8,7,6,7,7,8,8,9,10,10,11,11,10,10,9,9,8,5,4,7,8,9,10,10,11,10,9,9,8,7,8,9,9,11,11,10,10,9,3,3,3,7,8,8,9,10,11,9,9,4,3,6,9,10,10,12,12,6,3,5,7,11,9,8,8,7,4,1,2,5,5,7,7,8,12,2,2,1,5,8,11,9,8,8,7,7,1,1,0,1,1,3,8,6,5,2,2,1,1,2,3,10,10,6,6,2,2,1,1,5
279,25,24,23,22,22,23,24,24,24,24,22,24,24,23,23,22,22,22,21,24,23,23,23,22,22,21,20,23,20,20,22,21,20,19,20,22,22,21,20,19,19,22,21,21,21,19,18,18,21,20,20,18,18,21,21,20,20,19,18,18,18,17,17,17,20,20,20,17,17,19,17,17,17,16,18,17,16,15,15,15,15,16,16,18,17,15,15,15,15,15,15,16,15,15,15,14,15,15,14,14,14,14,16,14,13,16,14,13,13,13,13,15,15,13,12,15,12,16,15,11,11,11,12,12,11,11,11,11,12,14,12,10,10,10,11,10,10,9,9,9,9,14,9,8,11,9,8,8,8,11,7,7,11,9,7,7,7,7,7,11,9,8,8,6,6,6,9,12,11,8,8,6,6,7,9,10,11,10,8,7,5,5,7,7,9,11,10,10,9,8,7,7,7,7,7,8,8,9,10,10,11,11,10,10,9,8,6,4,7,7,8,9,10,11,10,10,9,9,7,8,8,9,10,12,11,10,9,3,3,3,6,7,8,8,10,11,10,9,4,2,5,8,9,10,11,12,7,3,4,7,10,9,9,8,7,5,1,2,4,5,6,7,7,11,3,2,1,4,8,10,9,9,8,8,7,2,1,1,0,1,2,9,6,6,3,2,2,1,1,2,9,11,7,6,2,2,2,1,5
280,25,25,23,22,22,23,25,24,24,24,23,24,24,24,23,23,22,22,21,24,24,23,23,23,22,21,20,23,20,20,22,22,20,19,19,23,22,21,20,19,19,22,22,21,21,19,18,18,22,21,20,19,18,21,21,20,20,20,18,18,18,17,17,17,19,21,20,18,17,19,17,17,17,16,19,17,16,15,15,15,15,16,16,18,18,15,15,15,15,15,15,16,16,15,15,14,15,15,15,14,14,14,16,15,14,16,14,13,13,13,13,16,15,14,12,16,12,16,15,11,11,11,12,12,11,11,11,11,12,14,12,10,10,10,12,11,10,10,9,9,9,13,9,8,10,9,8,8,8,11,7,7,11,9,7,7,7,7,7,11,9,9,8,7,6,6,8,12,11,9,8,6,6,7,8,10,11,11,8,8,6,5,7,7,8,11,11,10,10,9,8,7,6,7,7,7,8,9,9,10,12,11,11,10,10,9,6,4,6,7,8,9,9,12,11,10,10,9,8,7,8,8,10,12,11,11,10,4,3,3,6,7,7,8,9,12,10,10,5,2,5,7,9,9,11,13,7,2,4,6,9,10,9,9,8,5,2,1,3,4,6,6,7,11,3,3,1,4,7,10,10,9,9,8,8,2,2,1,1,0,2,9,7,6,3,3,2,2,1,2,9,11,7,7,3,2,2,2,4
281,26,25,24,22,22,22,25,25,25,25,23,25,25,24,24,23,23,23,22,25,25,24,24,23,23,21,20,24,21,21,23,22,20,20,19,24,23,22,21,19,19,23,22,22,22,19,19,18,23,22,21,19,19,22,22,21,21,21,19,18,18,18,17,17,19,22,21,18,17,20,18,18,18,16,20,17,17,16,16,15,15,15,15,19,18,15,15,15,15,15,15,17,16,16,15,14,16,15,15,14,14,14,17,15,14,17,15,14,14,13,13,17,16,14,12,17,12,18,16,12,11,11,11,13,12,12,11,11,11,15,13,11,10,10,13,11,10,10,9,9,10,12,9,8,9,11,8,8,8,13,7,7,13,10,7,7,7,7,7,13,11,10,9,7,6,6,7,14,13,10,9,7,6,6,7,9,13,12,10,9,7,6,6,6,7,13,12,12,11,10,9,8,5,5,6,6,7,7,8,8,13,13,12,12,11,10,8,5,5,5,6,7,8,14,13,12,11,11,9,6,6,7,8,14,13,12,11,5,4,4,4,5,6,6,8,13,12,11,6,2,4,6,7,7,9,14,9,2,2,5,8,12,11,11,9,7,3,2,2,2,4,5,5,9,5,4,3,2,6,8,12,11,10,10,9,4,3,3,2,2,0,11,8,8,5,4,4,3,1,1,7,13,9,8,5,4,3,3,2
282,23,23,23,23,24,27,22,22,22,22,22,22,22,22,21,21,22,22,22,21,21,21,21,21,21,22,24,20,21,21,20,20,20,21,23,20,19,19,19,20,21,19,19,19,19,19,20,21,18,18,18,18,19,18,18,18,18,18,18,18,18,19,19,19,26,17,17,17,20,17,17,17,17,18,16,16,17,18,18,18,19,20,20,15,15,18,18,18,19,19,20,15,15,15,16,18,15,15,15,16,17,18,14,14,15,13,13,14,14,16,16,13,13,13,15,12,18,12,12,13,14,16,18,11,12,13,13,13,18,10,11,12,15,16,10,11,12,12,14,14,11,21,11,14,18,9,12,12,12,8,13,13,7,8,11,11,11,12,14,7,7,7,8,9,11,12,16,6,6,7,7,9,10,15,17,19,6,6,6,6,9,10,15,15,17,5,5,5,5,5,6,6,15,15,16,16,17,18,18,19,5,5,4,4,4,5,6,9,15,15,17,18,18,4,4,4,4,4,4,16,17,17,19,4,4,3,3,8,8,9,15,16,16,17,18,4,3,3,6,10,14,17,18,18,20,4,3,11,13,16,19,2,2,2,2,5,8,10,13,13,15,15,16,20,6,7,8,13,17,19,1,1,1,1,2,7,8,8,9,9,11,0,3,3,6,7,7,8,10,11,18,2,2,3,7,7,8,8,13
283,23,23,23,23,23,26,23,23,22,22,22,22,22,22,22,22,21,21,22,22,22,21,21,21,21,21,22,21,20,20,20,20,20,20,22,20,20,20,19,20,20,19,19,19,19,19,19,20,19,19,18,18,18,19,18,18,18,18,18,18,18,18,18,18,24,18,18,17,18,17,17,16,17,17,16,16,16,17,17,17,17,18,19,16,16,17,17,17,17,18,18,15,15,15,15,16,14,14,14,15,16,17,14,14,14,14,13,13,13,14,15,13,13,13,14,13,16,13,12,12,13,14,16,11,11,11,12,12,16,11,10,11,13,14,10,10,11,11,12,13,10,19,10,12,15,8,10,10,11,8,11,11,8,7,9,9,9,10,11,7,7,7,7,8,9,10,14,7,7,6,6,7,8,13,14,16,6,6,6,6,7,8,12,13,14,6,6,6,5,5,5,5,12,13,13,14,14,15,16,16,6,6,5,5,5,5,5,7,12,13,14,15,15,6,5,5,5,4,4,14,14,15,16,6,6,5,4,6,6,6,12,13,14,14,16,6,4,4,4,8,11,14,15,16,17,6,2,9,10,13,16,4,3,3,2,2,6,7,10,11,12,13,13,17,3,4,6,11,14,17,3,3,2,2,1,4,5,6,6,7,8,3,0,1,3,4,4,5,7,8,15,4,1,1,4,4,5,6,10
284,23,23,23,23,23,26,23,23,23,22,22,22,22,22,22,22,22,21,22,22,22,22,21,21,21,21,22,21,20,20,21,20,20,20,22,20,20,20,19,20,20,20,19,19,19,19,19,20,19,19,19,18,18,19,19,18,18,18,18,18,18,18,18,18,23,18,18,17,18,17,17,17,16,17,17,16,16,17,17,17,17,18,18,16,16,16,17,17,17,17,18,15,15,15,15,16,14,14,14,15,16,17,14,14,14,14,13,13,13,14,14,13,13,13,14,13,16,13,12,12,12,14,16,11,11,11,11,12,16,11,11,11,13,13,10,10,10,11,12,12,10,18,9,11,15,8,10,10,10,8,10,11,8,7,8,9,9,10,11,7,7,7,7,7,9,9,13,8,7,6,6,7,8,12,14,16,7,6,6,6,6,7,12,12,14,7,6,6,6,5,5,5,12,12,13,13,14,15,15,16,7,6,6,5,5,5,5,7,12,12,13,14,15,7,6,5,5,5,4,13,14,14,16,7,6,5,5,5,6,6,11,13,13,14,15,6,5,4,3,7,11,13,15,15,17,7,2,8,10,12,16,4,4,3,2,2,5,7,9,10,12,12,13,17,3,3,5,10,13,16,4,3,3,2,2,4,4,5,6,6,8,3,1,0,3,3,4,4,7,8,15,5,1,1,3,4,4,5,10
285,24,24,23,23,23,24,24,23,23,23,22,23,23,23,22,22,22,22,21,23,23,22,22,22,22,21,21,22,20,20,21,21,20,20,21,21,21,21,20,19,19,21,20,20,20,19,19,19,20,20,19,18,18,20,20,19,19,19,18,18,18,18,18,18,22,19,19,17,17,18,17,17,17,17,17,16,16,16,16,16,16,17,17,17,17,16,16,16,16,16,17,15,15,15,15,15,15,14,14,14,15,15,15,14,14,15,14,13,13,13,13,14,14,13,13,14,14,15,14,12,12,12,14,11,11,11,11,11,14,12,11,10,11,12,11,10,10,10,10,11,9,16,9,10,13,9,9,9,9,9,9,9,9,8,7,7,8,8,9,9,8,7,7,7,7,8,11,10,9,7,7,6,6,10,11,13,9,8,6,6,6,6,9,10,11,9,8,8,7,7,6,5,9,10,10,11,11,12,13,13,9,8,8,7,7,6,5,5,9,10,11,12,12,9,8,8,7,7,5,11,11,12,13,9,8,8,7,3,4,4,9,10,10,11,13,9,7,7,3,5,8,11,12,12,14,10,4,5,7,10,13,7,6,6,5,2,3,4,7,7,9,9,10,14,1,1,2,7,11,13,7,6,6,5,4,1,2,2,3,3,5,6,3,3,0,1,1,2,4,5,12,8,4,3,1,1,2,2,7
286,24,24,23,23,23,24,24,24,23,23,22,23,23,23,22,22,22,22,21,23,23,23,22,22,22,21,21,22,20,20,22,21,20,20,21,22,21,21,20,19,19,21,21,20,20,19,19,19,21,20,20,18,18,20,20,19,19,19,18,18,18,18,18,18,21,20,19,17,17,18,17,17,17,17,18,16,16,16,16,16,16,17,17,17,17,16,16,16,16,16,16,15,15,15,15,15,15,15,14,14,15,15,15,14,14,15,14,13,13,13,13,15,14,13,13,14,14,15,14,12,12,12,14,12,11,11,11,11,13,13,11,10,11,12,11,10,10,10,10,11,9,16,9,10,12,9,8,9,9,10,8,9,10,8,7,7,7,8,9,9,8,7,7,7,7,7,11,10,9,7,7,6,6,9,11,13,9,9,7,6,6,6,9,9,11,9,9,8,8,7,6,6,9,9,10,10,11,12,12,13,9,9,8,8,7,7,5,5,9,9,10,11,12,10,9,8,8,7,6,10,11,11,13,10,9,8,7,3,3,4,8,9,10,10,12,9,8,7,3,4,8,10,11,12,13,10,5,5,6,9,12,7,7,6,5,3,2,4,6,7,8,9,9,13,1,1,2,7,10,13,7,7,6,6,5,1,1,2,2,3,4,7,4,3,1,0,1,1,3,4,12,8,4,4,1,1,1,2,7
287,25,24,23,23,23,24,24,24,24,23,23,24,23,23,23,22,22,22,22,23,23,23,22,22,22,21,21,22,21,20,22,21,20,20,20,22,22,21,20,19,19,21,21,21,20,19,19,19,21,20,20,19,18,20,20,20,19,19,18,18,18,18,18,18,21,20,19,17,17,18,17,17,17,17,18,17,16,16,16,16,16,17,17,17,17,15,16,16,16,16,16,15,15,15,15,15,15,15,15,14,15,15,15,14,14,15,14,13,13,13,13,15,15,13,13,15,14,15,14,12,12,12,14,12,11,11,11,11,13,13,12,11,11,11,11,10,10,10,10,10,9,15,9,9,12,9,8,8,9,10,8,9,10,8,7,7,7,8,8,10,8,8,7,7,7,7,10,11,10,7,7,6,6,9,10,12,9,9,7,7,6,6,9,9,10,10,9,9,8,7,7,6,8,9,9,10,10,11,12,12,10,9,9,8,8,7,5,5,8,9,10,11,11,10,9,9,8,8,6,10,10,11,12,10,9,9,8,3,3,3,8,9,9,10,11,10,8,8,4,4,7,10,11,11,13,11,5,4,6,9,12,8,7,7,6,3,2,3,6,6,8,8,9,13,2,1,2,6,9,12,8,7,7,6,6,1,1,1,2,2,4,7,4,4,1,1,0,1,3,4,11,9,5,4,1,1,1,1,6
288,25,24,23,23,23,24,24,24,24,24,23,24,24,23,23,23,22,22,22,24,23,23,23,22,22,21,21,23,21,21,22,21,20,20,20,22,22,21,20,19,19,21,21,21,21,19,19,19,21,20,20,19,18,21,20,20,20,19,18,18,18,18,18,18,21,20,20,18,17,19,17,17,17,16,18,17,16,16,16,16,16,16,17,17,17,15,15,16,16,16,16,16,15,15,15,15,15,15,15,14,14,15,16,14,14,16,14,13,13,13,13,15,15,13,13,15,13,16,15,12,12,12,13,12,11,11,11,11,13,13,12,11,11,11,11,10,10,10,10,10,9,15,9,9,12,9,8,8,8,11,8,8,11,8,7,7,7,7,8,10,9,8,8,7,7,7,10,11,10,8,7,6,6,9,10,12,10,9,7,7,6,6,8,9,10,10,10,9,9,8,7,6,8,8,9,9,10,11,11,12,10,10,9,9,8,7,5,4,8,8,9,10,11,11,10,9,9,8,7,9,10,10,12,11,10,9,8,3,3,3,7,8,9,9,11,10,9,8,4,4,7,9,10,11,12,11,6,4,5,8,11,8,8,7,6,4,2,3,5,6,7,8,8,12,2,2,1,6,9,12,8,8,7,7,6,1,1,1,1,2,3,8,5,4,2,1,1,0,2,3,10,9,6,5,1,1,1,1,6
289,26,25,24,23,23,23,25,25,25,25,23,25,25,24,24,23,23,23,22,25,24,24,24,23,23,21,21,24,21,21,23,22,21,20,20,23,23,22,21,20,19,23,22,22,22,19,19,19,22,22,21,19,19,22,22,21,21,20,19,19,18,18,18,18,20,22,21,18,17,20,18,18,18,17,19,17,17,16,16,16,16,16,16,19,18,15,15,15,15,15,16,16,16,16,15,15,16,16,15,15,14,14,17,15,14,17,15,14,14,13,13,16,16,14,13,16,13,17,16,12,12,12,12,13,12,12,11,11,12,15,13,11,10,11,13,11,10,10,10,10,10,13,9,9,10,10,8,8,8,12,8,8,12,10,7,7,7,7,7,12,10,9,9,7,7,7,8,13,12,9,9,7,6,7,8,10,12,11,9,9,6,6,7,7,8,12,12,11,11,10,9,8,6,7,7,7,8,9,9,10,12,12,11,11,10,9,7,5,6,7,7,8,9,13,12,11,11,10,9,7,8,8,10,13,12,11,10,4,4,4,6,6,7,7,9,12,11,10,6,3,5,7,8,9,10,13,8,2,4,6,9,11,10,9,8,6,2,2,3,4,5,6,6,10,4,3,2,3,7,9,10,10,9,9,8,3,2,2,1,1,1,10,7,7,4,3,3,2,0,1,8,12,8,7,3,3,2,2,3
290,26,26,24,23,23,23,26,26,25,25,24,25,25,25,24,24,23,23,22,25,25,25,24,24,24,22,21,24,21,21,24,23,21,20,20,24,24,23,22,20,20,23,23,23,22,20,19,19,23,22,22,20,19,23,22,22,21,21,19,19,19,18,18,18,19,22,22,19,17,20,19,18,18,17,20,18,17,16,16,16,16,16,16,19,19,16,15,15,15,15,15,17,17,16,16,15,16,16,16,15,14,14,18,16,15,18,16,15,14,13,13,17,17,15,13,17,12,18,17,13,12,12,12,14,12,12,12,12,11,16,14,12,10,10,13,12,11,11,10,10,11,12,10,9,10,11,9,9,8,13,8,8,13,11,8,8,7,7,7,13,11,10,10,8,7,7,8,14,13,10,10,7,7,7,7,9,13,12,10,9,7,6,6,6,7,13,13,12,12,11,10,9,6,6,6,7,7,8,8,9,13,13,12,12,11,10,8,5,5,6,7,7,8,14,13,12,12,11,10,6,7,7,9,14,13,13,11,5,5,4,5,6,6,6,8,13,12,11,7,3,4,6,7,8,9,14,9,2,3,5,8,12,11,11,9,7,3,2,2,3,4,5,5,9,5,5,3,2,6,8,12,11,10,10,9,4,3,3,2,2,1,11,8,8,5,4,4,3,1,0,7,13,9,8,4,4,3,3,2
291,31,30,28,25,25,23,30,30,30,29,27,30,30,29,28,28,27,27,25,30,30,29,28,28,28,24,22,29,25,24,28,27,24,23,21,29,28,27,26,22,22,28,28,27,27,23,22,20,28,27,26,23,23,28,27,26,26,26,23,23,22,21,21,20,18,27,27,23,19,25,23,23,22,20,25,22,21,19,18,18,18,17,17,24,24,18,18,17,17,17,17,21,21,20,19,17,21,20,20,18,17,16,23,20,18,23,20,19,18,16,16,23,22,20,16,23,13,24,22,17,16,14,12,19,17,16,16,16,12,21,19,16,13,12,19,17,15,15,13,13,15,9,15,12,9,17,13,12,12,19,11,11,20,16,13,12,12,11,10,19,17,16,16,13,11,11,7,21,20,17,16,13,12,7,7,6,19,19,16,16,13,11,7,7,6,20,19,19,18,17,16,15,7,6,6,6,5,5,5,5,20,20,19,19,18,17,14,11,6,5,5,5,4,21,20,19,19,18,16,4,4,4,4,21,20,20,18,11,11,10,5,4,4,4,3,21,19,18,13,9,5,3,3,3,3,22,16,7,6,4,2,19,18,18,17,14,10,8,6,5,4,3,3,2,12,12,10,5,2,2,19,18,18,17,17,11,10,10,9,9,7,18,15,15,12,12,11,10,8,7,0,20,16,15,12,11,10,10,5
292,23,23,23,25,25,29,23,23,23,23,23,22,22,22,22,22,22,22,23,22,21,21,21,21,22,23,25,21,22,22,20,20,21,22,25,20,20,20,20,21,22,19,19,19,19,20,21,22,19,19,19,19,20,18,18,18,18,18,19,19,19,20,20,20,27,18,18,18,21,17,17,18,18,19,17,17,18,19,20,20,20,21,22,16,16,19,19,20,20,21,21,16,16,17,17,19,16,16,16,17,19,20,14,15,16,14,14,15,15,17,17,13,13,14,16,13,20,12,12,14,15,17,20,12,14,14,14,15,20,11,12,13,16,17,11,12,13,14,15,16,13,23,12,15,19,10,13,14,14,9,14,15,8,9,12,13,13,14,15,7,8,9,9,11,13,14,18,7,7,8,8,11,12,17,18,20,6,6,7,8,10,12,17,17,19,6,6,6,6,6,7,8,16,17,17,18,18,19,20,21,5,5,5,5,5,6,8,11,17,17,18,19,20,4,4,5,5,5,6,18,19,19,21,4,4,4,4,10,10,11,16,17,18,19,20,3,3,4,7,12,16,18,20,20,22,3,5,13,15,17,21,2,3,3,4,6,10,12,14,15,17,17,18,22,8,8,10,15,18,21,2,2,2,3,3,9,9,10,11,11,13,2,4,5,8,8,9,9,12,13,20,0,4,4,8,9,9,10,15
293,24,23,23,24,24,27,23,23,23,23,23,23,22,22,22,22,22,22,22,22,22,22,22,22,22,22,23,21,21,21,21,21,20,21,23,21,20,20,20,20,21,20,20,20,20,19,20,21,19,19,19,19,19,19,19,19,18,18,18,18,18,19,19,19,25,18,18,18,19,17,17,17,17,18,17,17,17,18,18,18,18,19,20,16,16,17,17,18,18,18,19,15,15,16,16,17,15,15,15,16,17,18,14,14,15,14,14,14,14,15,15,13,13,13,15,13,17,13,13,13,13,15,17,12,12,12,12,13,17,11,11,12,14,14,10,11,11,12,13,13,11,20,10,12,16,9,11,11,11,8,11,12,8,8,9,10,10,11,12,7,7,7,7,8,10,11,15,8,7,7,7,8,9,13,15,17,7,6,6,6,7,9,13,14,15,6,6,6,6,6,6,6,13,13,14,14,15,16,16,17,6,6,6,5,5,5,5,8,13,14,15,16,16,6,5,5,5,5,4,14,15,15,17,6,5,5,4,6,7,7,13,14,14,15,16,6,4,4,4,8,12,15,16,16,18,6,3,9,11,13,17,4,3,3,2,3,6,8,11,11,13,13,14,18,4,5,6,11,14,17,3,2,2,2,1,5,6,6,7,7,9,2,1,1,4,4,5,6,8,9,16,4,0,1,4,5,5,6,11
294,24,24,23,23,24,26,23,23,23,23,23,23,23,22,22,22,22,22,22,22,22,22,22,22,22,22,23,21,21,21,21,21,20,21,22,21,21,20,20,20,20,20,20,20,20,19,20,21,20,19,19,19,19,19,19,19,19,18,18,18,18,18,19,19,24,19,18,18,19,17,17,17,17,18,17,16,17,17,18,18,18,19,19,16,16,17,17,17,18,18,18,15,15,15,16,17,15,15,15,15,16,17,15,14,15,14,14,14,14,15,15,14,13,13,14,13,16,13,13,13,13,14,17,12,12,12,12,12,16,11,11,11,13,14,10,11,11,11,12,13,10,19,10,12,16,9,10,11,11,9,11,12,8,8,9,9,10,11,12,8,7,7,7,8,10,10,14,8,7,7,7,8,9,13,14,16,7,7,6,6,7,8,13,13,15,7,6,6,6,6,5,6,12,13,13,14,14,15,16,16,7,6,6,6,5,5,5,7,13,13,14,15,16,7,6,5,5,5,4,14,14,15,17,7,6,5,5,6,6,7,12,13,14,14,16,6,5,4,4,8,11,14,15,16,17,7,3,9,10,13,16,4,4,3,2,3,6,7,10,11,12,13,13,17,4,4,6,11,14,17,3,3,2,2,2,5,5,6,6,7,8,3,1,1,3,4,4,5,7,8,15,4,1,0,4,4,5,6,10
295,25,25,24,23,23,25,24,24,24,24,23,24,24,23,23,23,23,22,22,24,23,23,23,23,22,21,22,23,21,21,22,22,20,20,21,22,22,21,21,20,20,21,21,21,21,19,19,20,21,20,20,19,19,21,20,20,20,20,18,18,18,18,18,18,22,20,20,18,18,19,18,17,17,17,18,17,17,17,17,17,17,17,18,17,17,16,16,16,16,17,17,16,16,16,15,16,15,15,15,15,15,16,16,15,14,15,14,14,14,14,14,15,15,14,13,15,14,15,14,12,12,13,14,12,12,12,12,12,14,13,12,11,12,12,11,11,10,10,11,11,10,16,9,10,13,9,9,9,9,10,9,9,10,8,8,8,8,8,9,10,8,8,8,7,8,8,11,11,10,8,7,7,7,10,11,13,9,9,7,7,6,6,9,10,11,9,9,9,8,7,7,6,9,9,10,10,11,12,12,13,10,9,9,8,8,7,5,5,9,10,11,12,12,10,9,8,8,7,6,10,11,11,13,10,9,9,8,4,4,4,9,10,10,11,12,9,8,7,4,5,8,10,11,12,14,10,5,5,7,9,12,7,7,6,5,3,3,4,6,7,9,9,10,13,2,2,2,7,10,13,7,7,6,6,5,1,2,2,2,3,5,7,4,3,1,1,1,1,3,4,12,8,4,4,0,1,1,2,7
296,25,25,24,23,23,25,25,24,24,24,23,24,24,24,23,23,23,23,22,24,24,23,23,23,23,22,22,23,21,21,22,22,21,20,21,22,22,21,21,20,20,22,21,21,21,19,19,19,21,21,20,19,19,21,21,20,20,20,19,18,18,18,18,18,22,20,20,18,18,19,18,18,17,17,18,17,17,17,17,17,17,17,17,18,17,16,16,16,16,17,17,16,16,16,15,16,15,15,15,15,15,15,16,15,14,16,14,14,14,14,14,15,15,14,13,15,14,16,15,12,12,13,14,12,12,12,12,12,14,13,12,11,11,12,12,11,10,10,11,11,10,16,9,10,12,9,9,9,9,11,9,9,11,9,8,8,8,8,9,10,9,8,8,7,7,8,11,11,10,8,8,7,7,9,11,12,10,9,7,7,6,6,9,9,11,10,9,9,9,8,7,6,9,9,9,10,10,11,12,12,10,10,9,9,8,7,6,5,9,9,10,11,12,10,9,9,8,8,7,10,10,11,12,11,10,9,8,4,4,4,8,9,10,10,12,10,8,8,4,4,7,10,11,11,13,11,6,5,6,9,12,8,7,7,6,4,2,4,6,6,8,9,9,13,2,2,2,6,9,12,8,7,7,6,6,1,1,2,2,2,4,7,4,4,1,1,1,1,3,4,11,9,5,4,1,0,1,1,6
297,25,25,24,23,23,24,25,25,24,24,23,24,24,24,23,23,23,23,22,24,24,24,23,23,23,22,22,23,21,21,23,22,21,20,21,23,22,22,21,20,20,22,22,21,21,20,19,19,22,21,20,19,19,21,21,20,20,20,19,19,18,18,18,18,21,21,20,18,18,19,18,18,18,17,19,17,17,17,17,17,17,17,17,18,18,16,16,16,16,16,17,16,16,16,15,16,15,15,15,15,15,15,16,15,14,16,15,14,14,14,14,16,15,14,13,15,14,16,15,12,12,12,14,13,12,12,12,12,13,14,12,11,11,12,12,11,11,10,11,11,10,15,9,10,12,10,9,9,9,11,9,9,11,9,8,8,8,8,9,11,9,8,8,7,7,7,10,11,11,8,8,7,7,9,10,12,10,10,8,7,6,6,9,9,10,10,10,9,9,8,7,7,8,9,9,9,10,11,11,12,11,10,10,9,9,8,6,5,8,9,10,11,11,11,10,9,9,8,7,9,10,10,12,11,10,10,9,4,4,4,8,9,9,10,11,10,9,8,4,4,7,9,10,11,13,11,6,4,6,8,11,9,8,7,6,4,2,3,5,6,7,8,9,12,2,2,2,6,9,12,8,8,7,7,6,1,1,1,2,2,3,8,5,4,2,1,1,1,2,3,10,9,5,5,1,1,0,1,5
298,26,25,24,23,23,24,25,25,25,24,23,25,24,24,23,23,23,23,22,24,24,24,23,23,23,22,22,23,21,21,23,22,21,20,21,23,23,22,21,20,20,22,22,22,21,20,19,19,22,21,21,19,19,22,21,21,20,20,19,19,19,18,18,18,21,21,20,18,18,19,18,18,18,17,19,17,17,16,17,17,17,17,17,18,18,16,16,16,16,16,16,16,16,16,16,15,16,15,15,15,15,15,17,15,14,16,15,14,14,14,14,16,16,14,13,16,14,16,15,12,12,12,14,13,12,12,12,12,13,14,13,11,11,11,12,11,11,11,11,11,10,15,9,10,12,10,9,9,9,11,8,9,11,9,8,8,8,8,8,11,9,9,8,7,7,7,10,12,11,9,8,7,7,9,10,11,11,10,8,8,6,6,8,9,10,11,10,10,9,9,8,7,8,8,9,9,9,10,11,11,11,11,10,10,9,8,6,5,8,8,9,10,11,11,10,10,9,9,7,9,9,10,11,12,11,10,9,4,4,4,7,8,9,9,11,11,9,9,5,4,6,9,10,10,12,12,7,4,5,8,11,9,9,8,7,4,2,3,5,5,7,7,8,12,3,2,2,5,8,11,9,8,8,7,7,2,1,1,1,2,3,8,6,5,2,2,1,1,2,3,10,10,6,6,2,1,1,0,5
299,28,27,26,24,24,23,28,27,27,27,25,27,27,27,26,25,25,25,23,27,27,26,26,25,25,23,22,26,23,22,26,25,22,21,20,26,25,24,23,21,21,25,25,24,24,21,21,20,25,24,23,21,21,25,24,23,23,23,21,20,20,20,19,19,19,24,23,20,18,22,20,20,20,18,22,20,19,17,17,17,17,17,17,21,21,17,16,16,16,16,16,19,18,18,17,16,18,18,17,16,15,15,19,17,16,19,17,16,16,15,14,19,19,16,14,19,13,20,19,14,13,12,12,16,14,14,13,13,12,18,16,13,11,11,15,14,12,12,11,11,12,12,11,10,10,13,10,10,10,15,9,9,15,13,9,9,9,8,8,15,13,12,12,10,8,8,7,16,15,12,12,9,8,7,7,8,15,15,12,12,9,8,6,6,7,15,15,14,14,13,12,11,6,6,6,6,6,7,7,7,16,15,15,14,14,13,10,7,5,5,6,6,7,16,15,14,14,13,12,5,6,6,7,16,15,15,14,7,7,6,4,4,5,5,6,16,14,14,9,5,3,5,6,6,7,17,11,4,3,4,6,14,13,13,12,9,5,4,2,2,3,3,4,7,7,7,5,2,4,6,14,13,13,12,12,6,6,5,5,4,2,13,10,10,7,7,6,6,3,2,5,15,11,10,7,6,5,5,0
