X,1,2,3,4,5,6,7,8,9,10,11,12,13,14,15,16,17,18,19,20,21,22,23,24,25,26,27,28,29,30,31,32,33,34,35,36,37,38,39,40,41,42,43,44,45,46,47,48,49,50,51,52,53,54,55,56,57,58,59,60,61,62,63,64,65,66,67,68,69,70,71,72,73,74,75,76,77,78,79,80,81,82,83,84,85,86,87,88,89,90,91,92,93,94,95,96,97,98,99,100,101,102,103,104,105,106,107,108,109,110,111,112,113,114,115,116,117,118,119,120,121,122,123,124,125,126,127,128,129,130,131,132,133,134,135,136,137,138,139,140,141,142,143,144,145,146,147,148,149,150,151,152,153,154,155,156,157,158,159,160,161,162,163,164,165,166,167,168,169,170,171,172,173,174,175,176,177,178,179,180,181,182,183,184,185,186,187,188,189,190,191,192,193,194,195,196,197,198,199,200,201,202,203,204,205,206,207,208,209,210,211,212,213,214,215,216,217,218,219,220,221,222,223,224,225,226,227,228,229,230,231,232,233,234,235,236,237,238,239,240,241,242,243,244,245,246,247,248,249,250,251,252,253,254,255,256,257,258,259,260,261,262,263,264,265,266,267,268,269,270,271,272,273,274,275,276,277,278,279,280,281,282,283,284,285,286,287,288,289,290,291,292,293,294,295,296,297,298,299
1,0,1,4,9,11,18,1,1,2,2,6,1,2,2,4,4,6,6,9,2,2,2,3,4,4,10,15,3,9,10,3,5,10,13,18,4,3,5,7,13,14,4,4,5,6,11,13,16,5,6,7,10,12,5,5,6,7,7,11,12,12,14,15,15,26,6,6,12,18,8,11,12,12,16,8,12,14,18,18,19,19,21,22,9,10,19,19,20,20,21,22,13,14,15,16,20,14,15,15,18,21,23,12,15,18,12,15,17,18,20,21,12,13,16,21,12,26,11,13,20,21,24,28,17,20,20,21,21,29,14,17,21,25,26,18,20,22,23,25,26,22,35,23,27,32,21,25,26,26,18,28,29,18,21,26,26,27,28,30,19,21,22,23,25,28,29,34,18,19,22,23,26,28,33,35,37,19,20,23,23,26,28,34,34,36,19,20,20,21,22,23,24,34,35,35,36,36,37,38,38,19,20,20,21,21,23,25,29,35,36,37,38,38,19,20,21,21,22,24,37,38,38,40,19,20,21,22,29,30,30,36,37,38,38,40,20,22,23,27,32,36,39,40,41,42,21,25,34,36,38,42,23,24,24,25,28,32,34,36,37,38,39,40,43,30,31,32,37,41,43,24,25,25,26,26,32,32,33,34,34,36,25,28,29,31,32,32,33,35,36,43,24,28,29,32,33,34,34,39
2,1,0,3,8,10,17,2,1,1,1,4,2,2,1,3,3,4,5,8,3,3,2,2,3,3,9,14,3,8,9,3,4,9,12,16,5,4,4,6,12,13,5,4,4,4,10,12,15,6,4,6,9,10,7,6,5,5,6,10,10,11,13,14,14,25,7,6,10,17,7,10,10,11,15,7,11,13,16,17,18,18,20,21,8,9,18,18,19,19,20,21,12,13,14,15,19,13,14,14,17,20,21,10,14,16,10,14,16,16,19,20,11,12,15,20,11,25,12,12,19,20,23,27,16,19,19,20,20,28,13,16,20,24,25,16,19,21,21,24,25,21,34,22,26,31,20,24,25,25,17,26,28,17,20,25,25,26,27,29,18,20,21,21,24,27,27,32,16,18,21,21,25,26,32,34,36,18,19,21,22,25,27,32,33,35,18,19,19,20,21,22,23,33,34,34,35,35,36,37,37,18,19,19,20,20,21,24,28,34,35,36,37,37,19,19,20,20,21,23,36,37,37,39,20,19,20,21,28,29,29,35,36,37,37,39,20,21,21,26,31,35,38,39,40,41,22,24,33,35,37,41,22,23,23,24,27,31,32,35,36,37,38,38,42,29,30,31,36,40,42,23,24,24,25,25,31,31,32,32,33,35,24,27,27,30,31,31,32,34,35,42,23,27,27,31,32,32,33,38
3,4,3,0,5,7,14,5,4,4,3,1,6,5,4,3,2,1,2,5,7,6,6,4,4,3,6,11,6,5,6,7,5,6,8,13,8,8,6,4,8,9,8,8,7,7,7,8,12,9,8,7,6,7,10,9,8,8,7,7,7,8,9,10,11,22,10,9,7,14,9,7,7,8,12,9,8,9,13,14,14,15,16,18,9,9,14,15,15,16,17,18,9,9,10,12,16,10,10,11,14,16,18,10,10,13,12,10,13,13,16,16,12,12,12,16,13,22,15,14,15,17,20,24,13,15,16,16,17,24,14,13,16,21,22,13,15,18,18,20,21,18,31,19,23,28,16,21,21,22,16,23,24,17,17,21,22,23,24,25,18,16,18,18,21,24,24,29,20,19,18,18,21,23,29,30,32,19,19,18,19,22,24,29,30,31,20,20,19,19,18,19,20,30,30,31,31,32,33,34,34,21,21,20,20,19,18,21,25,31,31,32,34,34,23,21,21,20,20,19,33,34,34,36,24,23,22,21,25,25,26,32,33,34,34,36,24,22,21,23,28,32,35,36,36,38,25,21,30,31,34,37,23,23,22,21,24,28,29,32,32,34,35,35,39,26,26,28,33,36,39,24,24,23,23,22,27,28,29,29,30,31,24,24,24,27,27,28,29,31,32,39,26,24,24,28,29,29,30,35
4,9,8,5,0,2,9,10,9,9,8,5,10,10,9,8,7,6,6,2,12,11,10,9,9,8,3,6,11,4,4,12,10,5,3,8,13,13,11,9,3,4,13,13,12,12,6,4,7,14,13,12,8,7,15,14,13,13,12,8,8,7,5,6,6,17,15,14,9,9,14,10,10,9,7,14,10,9,8,9,9,10,12,13,14,14,9,10,10,11,12,13,12,11,10,8,11,12,11,10,9,12,13,15,12,9,16,13,11,10,11,12,17,16,13,12,18,17,20,19,12,12,15,19,15,13,12,12,12,19,19,16,13,16,17,17,15,13,13,15,16,14,26,14,18,23,17,16,16,17,21,18,19,22,19,16,17,18,19,20,23,20,19,19,16,19,19,24,25,24,20,20,16,18,24,25,28,24,24,21,20,17,19,24,25,26,25,25,24,24,23,21,20,25,25,26,26,27,28,29,29,26,26,25,25,24,23,20,20,26,26,27,29,29,28,26,26,25,25,23,28,29,29,31,29,28,27,26,20,20,21,27,28,29,29,31,29,27,26,21,23,27,30,31,31,33,30,25,25,26,29,32,28,28,27,26,23,23,24,27,27,29,30,30,34,22,21,23,28,31,34,29,29,28,27,27,23,23,24,24,25,26,29,26,26,23,23,23,24,26,27,34,31,27,27,23,24,24,25,30
5,11,10,7,2,0,7,12,11,10,10,7,12,12,11,9,9,8,7,4,13,13,12,11,10,10,4,4,13,6,6,13,12,7,4,7,15,14,13,10,5,4,15,14,14,13,8,6,6,16,14,13,9,8,16,16,15,14,14,10,9,9,7,6,6,15,17,16,10,7,15,12,12,11,7,16,12,10,7,7,8,8,10,11,16,15,8,8,9,9,10,11,13,13,12,10,9,13,13,12,9,10,12,17,14,11,18,15,13,12,9,10,19,18,15,10,20,15,22,20,13,12,13,17,17,14,14,13,13,18,21,18,14,14,15,19,16,14,14,14,15,15,24,15,16,21,19,14,15,15,23,16,18,24,20,16,15,16,17,19,24,22,21,20,18,17,18,23,26,25,22,21,18,16,22,24,26,26,25,23,22,19,17,23,23,25,27,26,26,25,24,23,22,23,24,24,25,25,26,27,27,28,28,27,26,26,25,22,18,24,25,26,27,28,29,28,28,27,26,25,26,27,28,29,30,29,29,28,20,20,19,25,26,27,28,29,30,29,28,23,21,25,28,29,30,31,32,26,23,25,28,31,30,29,29,28,25,21,23,25,26,28,28,29,32,24,23,21,26,30,32,31,30,30,29,29,23,23,22,23,23,25,31,28,27,25,24,24,23,24,25,32,33,29,29,25,24,24,23,28
6,18,17,14,9,7,0,19,18,18,17,14,19,19,18,16,16,15,14,11,20,20,19,18,18,17,12,6,20,13,13,20,19,14,11,6,22,21,20,18,12,11,22,21,21,20,15,13,9,23,21,20,17,15,24,23,22,21,21,17,16,16,14,13,13,8,24,23,18,11,23,19,19,18,14,23,19,18,14,13,13,12,10,9,23,23,14,13,13,12,11,10,20,20,19,17,13,20,20,19,16,14,12,24,21,18,25,22,20,19,16,16,26,25,22,17,27,13,29,28,20,19,16,12,24,21,21,20,20,13,28,25,21,17,16,26,24,21,21,19,18,23,17,23,19,14,26,21,21,20,30,20,19,31,28,23,23,22,21,19,31,29,28,28,25,22,21,16,34,32,29,29,25,24,18,16,19,33,32,30,29,26,24,19,18,18,34,34,33,32,31,30,29,19,19,18,18,18,19,20,20,35,35,34,34,33,32,29,25,19,19,19,20,20,36,35,35,34,34,32,19,20,20,22,37,36,36,35,28,27,26,20,19,20,20,22,37,36,35,30,25,21,21,22,23,24,39,34,25,23,20,24,37,36,36,35,32,28,26,24,23,21,21,21,25,31,30,29,24,23,25,38,37,37,36,36,30,30,29,29,28,26,38,35,35,32,31,31,30,28,27,25,40,36,36,32,31,31,30,25
7,1,2,5,10,12,19,0,1,1,2,5,1,1,2,3,4,5,6,9,2,1,2,3,3,4,9,15,2,9,9,3,4,9,12,17,3,3,4,7,12,13,3,4,4,5,10,12,16,4,5,6,10,11,5,4,5,6,7,10,11,12,13,14,15,26,5,5,11,18,7,10,11,12,16,8,12,13,17,18,18,19,20,21,9,9,18,19,19,20,21,21,13,13,14,16,20,14,14,15,18,20,22,11,14,17,11,14,16,17,20,20,12,12,15,20,12,26,10,12,19,21,24,27,16,19,20,20,21,28,14,16,20,25,26,17,19,21,22,24,25,21,35,23,26,31,20,25,25,26,18,27,28,18,21,25,26,26,27,29,18,20,21,22,25,27,28,33,17,18,21,22,25,27,32,34,36,19,19,22,23,26,27,33,34,35,19,19,20,20,21,23,24,34,34,35,35,36,37,37,38,19,19,20,20,21,22,25,29,35,35,36,37,38,19,20,20,21,21,23,37,37,38,40,19,20,20,21,29,29,30,36,37,37,38,40,20,21,22,27,32,36,38,40,40,42,20,25,34,35,38,41,23,23,24,25,27,31,33,36,36,38,38,39,43,30,30,32,37,40,43,24,24,25,25,26,31,32,32,33,34,35,25,27,28,31,31,32,32,35,36,43,24,27,28,32,32,33,34,38
8,1,1,4,9,11,18,1,0,1,1,4,1,1,1,3,3,4,5,8,2,2,1,2,3,3,9,14,2,8,9,2,4,9,12,16,4,3,4,6,12,13,4,3,4,4,10,12,15,5,4,6,9,10,5,5,5,5,6,10,10,11,13,14,14,25,6,5,10,17,7,10,10,11,15,7,11,13,16,17,18,18,20,21,8,9,18,18,19,19,20,21,12,13,14,15,19,13,14,14,17,20,21,10,14,16,10,14,16,16,19,20,11,12,15,20,11,25,11,12,19,20,23,27,16,19,19,20,20,27,13,16,20,24,25,16,19,21,21,24,25,21,34,22,26,31,20,24,25,25,17,26,28,17,20,25,25,26,27,29,18,20,21,21,24,27,27,32,16,18,21,21,25,26,32,34,36,18,19,21,22,25,27,32,33,35,18,19,19,20,21,22,23,33,34,34,35,35,36,37,37,18,19,19,20,20,21,24,28,34,35,36,37,37,18,19,20,20,21,23,36,37,37,39,19,19,20,21,28,29,29,35,36,37,37,39,19,21,21,26,31,35,38,39,40,41,21,24,33,35,37,41,22,23,23,24,27,31,32,35,36,37,38,38,42,29,30,31,36,40,42,23,24,24,25,25,31,31,32,32,33,35,24,27,27,30,31,31,32,34,35,42,23,27,27,31,32,32,33,38
9,2,1,4,9,10,18,1,1,0,1,4,2,1,1,2,3,4,4,8,3,2,2,2,2,3,8,14,2,8,8,3,3,8,11,16,4,4,3,6,11,12,4,4,3,4,9,11,15,6,4,5,9,10,6,5,4,5,5,9,10,10,12,13,14,25,7,5,10,16,6,9,10,10,15,7,10,12,16,16,17,18,19,20,8,8,17,18,18,19,20,20,12,12,13,15,19,13,13,14,16,19,21,10,13,16,10,13,15,16,19,19,10,11,14,19,10,25,12,11,18,20,23,26,15,18,19,19,20,27,13,15,19,24,25,16,18,20,21,23,24,20,34,21,25,30,19,24,24,25,16,26,27,16,20,24,25,25,26,28,17,19,20,21,24,26,27,32,16,17,20,21,24,26,31,33,35,18,18,21,21,25,26,32,32,34,18,18,19,19,20,21,23,32,33,34,34,35,36,36,37,18,18,19,19,20,21,24,27,34,34,35,36,37,19,19,19,20,20,22,36,36,37,38,20,19,19,20,27,28,29,35,36,36,37,38,20,20,21,26,31,35,37,38,39,41,21,24,32,34,37,40,21,22,23,24,26,30,32,35,35,37,37,38,42,29,29,31,36,39,42,23,23,24,24,25,30,31,31,32,32,34,24,26,27,30,30,31,31,34,35,42,23,26,27,31,31,32,32,37
10,2,1,3,8,10,17,2,1,1,0,3,2,2,1,2,2,3,4,7,3,3,2,1,2,2,8,13,3,7,8,3,3,8,10,15,5,4,3,5,10,12,5,4,4,3,9,10,14,6,4,4,8,9,7,6,5,4,5,9,9,10,12,13,13,24,7,6,9,16,6,9,9,10,14,6,10,12,15,16,16,17,19,20,7,8,16,17,18,18,19,20,11,12,13,14,18,12,13,13,16,19,20,9,13,15,9,13,15,15,18,19,10,10,14,19,10,24,12,10,18,19,22,26,15,18,18,19,19,26,12,15,19,23,24,15,18,20,20,23,24,20,33,21,25,30,19,23,24,24,16,25,26,16,19,24,24,25,26,27,16,19,20,20,23,26,26,31,16,16,20,20,24,25,31,32,35,17,18,20,21,24,26,31,32,34,17,18,18,19,20,21,22,32,32,33,34,34,35,36,36,18,18,18,19,19,20,23,27,33,34,35,36,36,19,18,19,19,20,21,35,36,36,38,20,19,19,20,27,27,28,34,35,36,36,38,20,20,20,25,30,34,37,38,38,40,22,23,32,34,36,40,21,21,22,23,26,30,31,34,35,36,37,37,41,28,29,30,35,38,41,22,23,23,24,24,30,30,31,31,32,34,23,26,26,29,30,30,31,33,34,41,23,26,26,30,31,31,32,37
11,6,4,1,5,7,14,5,4,4,3,0,6,5,4,3,2,1,1,4,7,6,6,4,4,3,4,10,6,4,4,7,5,4,7,12,8,8,6,4,7,8,8,8,7,7,6,7,11,9,8,7,5,6,10,9,8,8,7,5,6,7,8,9,10,21,10,9,6,13,9,6,6,7,11,9,7,8,12,13,13,14,15,16,9,9,13,14,14,15,16,16,8,8,9,11,15,9,9,10,13,15,17,10,9,12,12,9,12,12,15,15,12,12,10,15,13,21,15,14,14,16,19,23,12,14,15,15,16,23,14,12,15,20,21,12,14,16,17,19,20,16,30,18,21,26,15,20,20,21,16,22,23,17,16,20,21,21,23,24,18,15,16,17,20,23,23,28,20,19,16,17,20,22,27,29,31,19,19,17,18,21,23,28,29,30,20,20,19,19,18,18,19,29,29,30,30,31,32,32,33,21,21,20,20,19,18,20,24,30,30,31,32,33,23,21,21,20,20,18,32,32,33,35,24,23,22,21,24,24,25,31,32,32,33,35,24,22,21,22,27,31,34,35,35,37,25,20,29,30,33,36,23,23,22,21,23,26,28,31,31,33,34,34,38,25,25,27,32,35,38,24,24,23,23,22,26,27,27,28,29,30,24,23,23,26,26,27,27,30,31,38,26,23,23,27,27,28,29,34
12,1,2,6,10,12,19,1,1,2,2,6,0,1,1,3,3,4,5,8,1,1,1,2,3,3,9,14,2,8,9,2,4,9,12,16,3,2,4,6,12,13,3,3,4,4,10,12,15,4,4,6,9,10,4,4,5,5,6,10,10,11,13,14,14,25,5,5,10,17,7,10,10,11,15,7,11,13,16,17,18,18,20,21,8,9,18,18,19,19,20,21,12,13,14,15,19,13,14,14,17,20,21,10,14,16,10,14,16,16,19,20,11,12,15,20,11,25,10,12,19,20,23,27,16,19,19,20,20,27,13,16,20,24,25,16,19,21,21,24,25,21,34,22,26,31,20,24,25,25,17,26,28,17,20,25,25,26,27,29,18,20,21,21,24,27,27,32,16,18,21,21,25,26,32,34,36,18,19,21,22,25,27,32,33,35,18,19,19,20,21,22,23,33,34,34,35,35,36,37,37,18,19,19,20,20,21,24,28,34,35,36,37,37,18,19,20,20,21,23,36,37,37,39,18,19,20,21,28,29,29,35,36,37,37,39,19,21,21,26,31,35,38,39,40,41,20,24,33,35,37,41,22,23,23,24,27,31,32,35,36,37,38,38,42,29,30,31,36,40,42,23,24,24,25,25,31,31,32,32,33,35,24,27,27,30,31,31,32,34,35,42,23,27,27,31,32,32,33,38
13,2,2,5,10,12,19,1,1,1,2,5,1,0,1,2,3,4,4,8,2,1,1,2,2,3,8,14,1,8,8,2,3,8,11,16,3,3,3,5,11,12,3,3,3,4,9,11,15,4,4,5,9,10,5,4,4,5,5,9,10,10,12,13,14,25,5,4,10,16,6,9,10,10,15,7,10,12,16,16,17,18,19,20,8,8,17,18,18,19,20,20,12,12,13,15,19,13,13,14,16,19,21,10,13,16,10,13,15,16,19,19,10,11,14,19,10,25,10,11,18,20,23,26,15,18,19,19,20,27,13,15,19,24,25,16,18,20,21,23,24,20,34,21,25,30,19,24,24,25,16,26,27,16,20,24,25,25,26,28,17,19,20,21,24,26,27,32,16,17,20,21,24,26,31,33,35,18,18,21,21,25,26,32,32,34,18,18,19,19,20,21,23,32,33,34,34,35,36,36,37,18,18,19,19,20,21,24,27,34,34,35,36,37,18,19,19,20,20,22,36,36,37,38,19,19,19,20,28,28,29,35,36,36,37,38,19,20,21,26,31,35,37,38,39,41,20,24,32,34,37,40,21,22,23,24,26,30,32,35,35,37,37,38,42,29,29,31,36,39,42,23,23,24,24,25,30,31,31,32,32,34,24,26,27,30,30,31,31,34,35,42,23,26,27,31,31,32,32,37
14,2,1,4,9,11,18,2,1,1,1,4,1,1,0,2,2,3,4,7,2,2,1,1,2,2,8,13,2,7,8,2,3,8,10,15,4,3,3,5,10,12,4,3,3,3,9,10,14,5,3,4,8,9,5,5,4,4,5,9,9,10,12,13,13,24,6,5,9,16,5,9,9,10,14,6,10,12,15,16,16,17,19,20,7,8,16,17,18,18,19,20,11,12,13,14,18,12,13,13,16,19,20,9,13,15,9,13,15,15,18,19,10,10,14,19,10,24,11,10,18,19,22,26,15,18,18,19,19,26,12,15,19,23,24,15,18,20,20,23,24,20,33,21,25,30,19,23,24,24,16,25,26,16,19,24,24,25,26,27,16,19,20,20,23,26,26,31,15,16,20,20,24,25,31,32,35,17,18,20,21,24,26,31,32,34,17,18,18,19,20,21,22,32,32,33,34,34,35,36,36,17,18,18,19,19,20,23,27,33,34,35,36,36,18,18,19,19,20,21,35,36,36,38,19,18,19,20,27,27,28,34,35,36,36,38,19,20,20,25,30,34,37,38,38,40,21,23,32,34,36,40,21,21,22,23,26,30,31,34,35,36,37,37,41,28,29,30,35,38,41,22,23,23,24,24,30,30,31,31,32,34,23,26,26,29,30,30,31,33,34,41,22,26,26,30,31,31,32,37
15,4,3,3,8,9,16,3,3,2,2,3,3,2,2,0,1,2,2,6,4,3,3,2,1,1,6,12,3,6,6,4,2,6,9,14,5,5,3,3,9,10,6,5,4,4,7,9,13,7,5,4,7,8,7,7,5,5,4,7,8,8,10,11,12,23,8,7,8,14,6,7,8,8,13,7,8,10,14,14,15,15,17,18,7,6,15,15,16,16,18,18,9,10,11,13,16,10,11,12,14,17,19,8,11,14,9,11,13,14,16,17,9,9,12,17,10,23,13,11,16,18,20,24,13,16,16,17,18,25,12,13,17,21,23,14,16,18,19,21,22,18,31,19,23,28,17,21,22,23,14,24,25,14,18,22,23,23,24,26,15,17,18,19,21,24,25,30,17,16,18,19,22,24,29,31,33,16,16,19,19,23,24,30,30,32,18,17,16,17,18,19,20,30,31,31,32,32,34,34,35,19,18,18,17,18,19,21,25,31,32,33,34,35,20,19,18,18,18,20,34,34,35,36,21,20,19,18,25,26,26,32,34,34,35,36,21,19,19,24,29,32,35,36,37,38,23,21,30,32,35,38,20,20,20,21,24,28,30,32,33,35,35,36,40,26,27,29,34,37,40,21,21,21,22,23,28,29,29,30,30,32,21,24,25,27,28,29,29,31,32,40,24,24,25,29,29,30,30,35
16,4,3,2,7,9,16,4,3,3,2,2,3,3,2,1,0,1,2,5,4,4,3,2,2,1,6,11,4,5,6,4,3,5,8,13,6,5,4,3,8,9,6,6,5,4,7,8,12,7,6,4,6,7,8,7,6,5,5,7,7,8,9,10,11,22,8,7,7,14,7,7,7,8,12,7,8,9,13,14,14,15,16,18,7,7,14,15,15,16,17,18,9,9,10,12,16,10,10,11,14,16,18,8,10,13,9,10,13,13,16,16,10,9,12,16,11,22,13,12,15,17,20,24,13,15,16,16,17,24,12,13,16,21,22,13,15,18,18,20,21,18,31,19,23,28,16,21,21,22,14,23,24,15,17,21,22,23,24,25,15,16,18,18,21,24,24,29,18,16,18,18,21,23,29,30,32,17,16,18,19,22,24,29,30,31,18,18,17,16,18,19,20,30,30,31,31,32,33,34,34,19,19,18,18,17,18,21,25,31,31,32,34,34,20,19,19,18,18,19,33,34,34,36,21,20,20,19,25,25,26,32,33,34,34,36,21,20,19,23,28,32,35,36,36,38,23,21,30,31,34,37,21,20,20,21,24,27,29,32,32,34,35,35,39,26,26,28,33,36,39,22,21,21,21,22,27,28,29,29,30,31,22,24,24,27,27,28,29,31,32,39,24,24,24,28,29,29,30,35
17,6,4,1,6,8,15,5,4,4,3,1,4,4,3,2,1,0,1,4,6,5,4,3,3,2,4,10,5,4,4,5,4,4,7,12,7,7,5,3,7,8,7,7,6,6,6,7,11,8,7,6,5,6,9,8,7,7,6,5,6,7,8,9,10,21,9,8,6,13,8,5,6,7,11,8,7,8,12,13,13,14,15,16,8,8,13,14,14,15,16,16,8,8,9,11,15,9,9,10,13,15,17,9,9,12,10,9,12,12,15,15,11,10,10,15,12,21,14,13,14,16,19,23,12,14,15,15,16,23,13,12,15,20,21,12,14,16,17,19,20,16,30,18,21,26,15,20,20,21,15,22,23,16,16,20,21,21,23,24,16,15,16,17,20,23,23,28,19,18,16,17,20,22,27,29,31,18,18,17,18,21,23,28,29,30,19,19,18,18,16,18,19,29,29,30,30,31,32,32,33,20,20,19,19,18,17,20,24,30,30,31,32,33,21,20,20,19,19,18,32,32,33,35,23,21,21,20,24,24,25,31,32,32,33,35,23,21,20,22,27,31,34,35,35,37,24,20,29,30,33,36,22,21,21,20,23,26,28,31,31,33,34,34,38,25,25,27,32,35,38,23,23,22,21,21,26,27,27,28,29,30,23,23,23,26,26,27,27,30,31,38,25,23,23,27,27,28,29,34
18,6,5,2,6,7,14,6,5,4,4,1,5,4,4,2,2,1,0,3,6,6,5,4,3,3,4,9,6,3,4,6,4,4,7,12,8,7,5,3,7,8,8,7,7,6,5,7,10,9,7,6,4,6,9,9,8,7,7,5,5,6,8,9,9,20,10,9,5,12,8,5,5,6,10,9,6,8,12,12,13,13,15,16,9,8,13,13,14,14,15,16,7,8,9,10,14,8,9,9,12,15,16,10,9,12,11,9,11,12,14,15,12,11,10,15,13,20,15,13,14,15,18,22,11,14,14,15,15,23,14,11,15,19,20,12,14,16,16,19,20,16,29,17,21,26,15,19,20,20,15,21,23,16,15,20,20,21,22,24,17,15,16,16,19,22,23,27,19,18,16,16,20,21,27,29,31,19,18,16,17,20,22,27,28,30,20,19,19,18,17,17,18,28,29,29,30,30,31,32,32,21,20,20,19,19,18,19,23,29,30,31,32,32,22,21,20,20,19,18,31,32,32,34,23,22,21,20,23,24,24,30,31,32,32,34,23,21,21,21,26,30,33,34,35,36,25,19,28,30,32,36,23,22,21,20,22,26,27,30,31,32,33,34,37,24,25,26,31,35,37,24,23,23,22,21,26,26,27,27,28,30,24,22,23,25,26,26,27,29,30,37,26,22,23,26,27,27,28,33
19,9,8,5,2,4,11,9,8,8,7,4,8,8,7,6,5,4,3,0,9,9,8,7,7,6,1,6,9,2,2,9,8,3,3,8,11,10,9,7,3,4,11,10,10,9,4,3,7,12,10,9,6,4,13,12,11,10,10,6,5,5,4,5,6,17,13,12,7,9,12,8,8,7,7,12,8,7,8,9,9,10,12,13,12,12,9,10,10,11,12,13,9,9,8,7,11,9,9,8,9,12,13,13,10,8,14,11,9,8,11,12,15,14,11,12,16,17,18,16,10,12,15,19,13,10,11,12,12,19,17,14,12,16,17,15,13,13,13,15,16,13,26,14,18,23,15,16,16,17,19,18,19,20,16,16,17,18,19,20,20,18,17,16,16,19,19,24,23,21,18,18,16,18,24,25,27,22,21,19,18,17,19,24,25,26,23,23,22,21,20,19,18,25,25,26,26,27,28,29,29,24,24,23,23,22,21,18,20,26,26,27,29,29,25,24,24,23,23,21,28,29,29,31,26,25,25,24,20,20,21,27,28,29,29,31,26,25,24,19,23,27,30,31,31,33,28,23,25,26,29,32,26,25,25,24,21,23,24,27,27,29,30,30,34,21,21,23,28,31,34,27,26,26,25,25,23,23,24,24,25,26,27,24,24,22,23,23,24,26,27,34,29,25,25,23,24,24,25,30
20,2,3,7,12,13,20,2,2,3,3,7,1,2,2,4,4,6,6,9,0,1,1,2,3,3,9,14,2,8,9,2,4,9,12,16,2,2,4,6,12,13,3,3,4,4,10,12,15,3,4,6,9,10,3,4,5,5,6,10,10,11,13,14,14,25,4,5,10,17,7,10,10,11,15,7,11,13,16,17,18,18,20,21,8,9,18,18,19,19,20,21,12,13,14,15,19,13,14,14,17,20,21,10,14,16,10,14,16,16,19,20,11,12,15,20,11,25,10,12,19,20,23,27,16,19,19,20,20,27,13,16,20,24,25,16,19,21,21,24,25,21,34,22,26,31,20,24,25,25,17,26,27,17,20,25,25,26,27,29,18,20,21,21,24,27,27,32,16,18,21,21,25,26,32,34,36,18,19,21,22,25,27,32,33,35,18,19,19,20,21,22,23,33,34,34,35,35,36,37,37,18,19,19,20,20,21,24,28,34,35,36,37,37,18,19,20,20,21,23,36,37,37,39,18,19,20,21,28,29,29,35,36,37,37,39,19,21,21,26,31,35,38,39,40,41,19,24,33,35,37,41,22,23,23,24,27,31,32,35,36,37,38,38,42,29,30,31,36,40,42,23,24,24,25,25,31,31,32,32,33,35,24,27,27,30,31,31,32,34,35,42,23,27,27,31,32,32,33,38
21,2,3,6,11,13,20,1,2,2,3,6,1,1,2,3,4,5,6,9,1,0,1,2,2,3,8,14,1,8,8,2,3,8,11,16,2,2,3,5,11,12,2,3,3,4,9,11,15,3,4,5,9,10,4,3,4,5,5,9,10,10,12,13,14,25,4,4,10,16,6,9,10,10,15,7,10,12,16,16,17,18,19,20,8,8,17,18,18,19,20,20,12,12,13,15,19,13,13,14,16,19,21,10,13,16,10,13,15,16,19,19,10,11,14,19,10,25,9,11,18,20,23,26,15,18,19,19,20,27,13,15,19,24,25,16,18,20,21,23,24,20,34,21,25,30,19,24,24,25,16,26,27,16,20,24,25,25,26,28,17,19,20,21,24,26,27,32,16,17,20,21,24,26,31,33,35,18,18,21,21,25,26,32,32,34,18,18,19,19,20,21,23,32,33,34,34,35,36,36,37,18,18,19,19,20,21,24,27,34,34,35,36,37,18,19,19,20,20,22,36,36,37,38,18,19,19,20,27,28,29,35,36,36,37,38,19,20,21,26,31,35,37,38,39,41,19,24,32,34,37,40,21,22,23,24,26,30,32,35,35,37,37,38,42,29,29,31,36,39,42,23,23,24,24,25,30,31,31,32,32,34,24,26,27,30,30,31,31,34,35,42,23,26,27,31,31,32,32,37
22,2,2,6,10,12,19,2,1,2,2,6,1,1,1,3,3,4,5,8,1,1,0,1,2,2,8,13,1,7,8,1,3,8,10,15,3,2,3,5,10,12,3,2,3,3,9,10,14,4,3,4,8,9,4,4,4,4,5,9,9,10,12,13,13,24,5,4,9,16,5,9,9,10,14,6,10,12,15,16,16,17,19,20,7,8,16,17,18,18,19,20,11,12,13,14,18,12,13,13,16,19,20,9,13,15,9,13,15,15,18,19,10,10,14,19,10,24,10,10,18,19,22,26,15,18,18,19,19,26,12,15,19,23,24,15,18,20,20,23,24,20,33,21,25,30,19,23,24,24,16,25,26,16,19,24,24,25,26,27,16,19,20,20,23,26,26,31,15,16,20,20,24,25,31,32,35,17,18,20,21,24,26,31,32,34,17,18,18,19,20,21,22,32,32,33,34,34,35,36,36,17,18,18,19,19,20,23,27,33,34,35,36,36,17,18,19,19,20,21,35,36,36,38,18,18,19,20,27,27,28,34,35,36,36,38,18,20,20,25,30,34,37,38,38,40,20,23,32,34,36,40,21,21,22,23,26,30,31,34,35,36,37,37,41,28,29,30,35,38,41,22,23,23,24,24,30,30,31,31,32,34,23,26,26,29,30,30,31,33,34,41,22,26,26,30,31,31,32,37
23,3,2,4,9,11,18,3,2,2,1,4,2,2,1,2,2,3,4,7,2,2,1,0,1,1,7,12,2,6,7,2,2,7,9,14,4,3,2,4,9,10,4,3,3,2,8,9,13,5,3,3,7,8,5,5,4,3,4,8,8,9,10,12,12,23,6,5,8,15,4,8,8,9,13,5,9,10,14,15,15,16,18,19,6,7,15,16,16,17,18,19,10,10,12,13,17,11,12,12,15,18,19,8,12,14,8,12,14,14,17,18,9,9,13,18,9,23,11,9,16,18,21,25,14,16,17,18,18,25,11,14,18,22,23,14,16,19,19,21,23,19,32,20,24,29,18,22,23,23,15,24,25,15,18,23,23,24,25,26,15,18,19,19,22,25,25,30,15,15,19,19,23,24,30,31,34,16,16,19,20,23,25,30,31,32,16,16,17,18,19,20,21,31,31,32,32,33,34,35,35,17,16,17,18,18,19,22,26,32,32,34,35,35,18,17,18,18,19,20,34,35,35,37,19,18,18,19,26,26,27,33,34,35,35,37,19,19,19,24,29,33,36,37,37,39,21,22,31,32,35,38,20,20,21,22,25,29,30,33,34,35,36,36,40,27,27,29,34,37,40,21,21,22,23,23,29,29,30,30,31,32,22,25,25,28,29,29,30,32,33,40,22,25,25,29,30,30,31,36
24,4,3,4,9,10,18,3,3,2,2,4,3,2,2,1,2,3,3,7,3,2,2,1,0,1,6,12,2,6,6,3,1,6,9,14,4,4,2,3,9,10,4,4,3,3,7,9,13,6,4,3,7,8,6,5,4,4,3,7,8,8,10,11,12,23,7,5,8,14,5,7,8,8,13,5,8,10,14,14,15,15,17,18,5,6,15,15,16,16,18,18,9,10,11,13,16,10,11,12,14,17,19,8,11,14,8,11,13,14,16,17,8,9,12,17,9,23,12,10,16,18,20,24,13,16,16,17,18,25,10,13,17,21,23,14,16,18,19,21,22,18,31,19,23,28,17,21,22,23,14,24,25,14,18,22,23,23,24,26,15,17,18,19,21,24,25,30,16,15,18,19,22,24,29,31,33,15,16,19,19,23,24,30,30,32,16,16,16,17,18,19,20,30,31,31,32,32,34,34,35,18,17,16,17,18,19,21,25,31,32,33,34,35,19,18,17,18,18,20,34,34,35,36,20,19,18,18,25,26,26,32,34,34,35,36,20,18,19,24,29,32,35,36,37,38,21,21,30,32,35,38,19,20,20,21,24,28,30,32,33,35,35,36,40,26,27,29,34,37,40,20,21,21,22,23,28,29,29,30,30,32,21,24,25,27,28,29,29,31,32,40,23,24,25,29,29,30,30,35
25,4,3,3,8,10,17,4,3,3,2,3,3,3,2,1,1,2,3,6,3,3,2,1,1,0,6,11,3,5,6,3,2,5,8,13,5,4,3,3,8,9,5,4,4,3,7,8,12,6,4,3,6,7,7,6,5,4,4,7,7,8,9,10,11,22,7,6,7,14,5,7,7,8,12,6,8,9,13,14,14,15,16,18,6,5,14,15,15,16,17,18,9,9,10,12,16,10,10,11,14,16,18,7,10,13,8,10,13,13,16,16,9,8,12,16,10,22,12,10,15,17,20,24,13,15,16,16,17,24,11,13,16,21,22,13,15,18,18,20,21,18,31,19,23,28,16,21,21,22,14,23,24,14,17,21,22,23,24,25,14,16,18,18,21,24,24,29,16,15,18,18,21,23,29,30,32,16,15,18,19,22,24,29,30,31,17,16,16,16,18,19,20,30,30,31,31,32,33,34,34,18,18,17,16,17,18,21,25,31,31,32,34,34,19,18,18,17,18,19,33,34,34,36,20,19,19,18,25,25,26,32,33,34,34,36,20,19,18,23,28,32,35,36,36,38,22,21,30,31,34,37,20,19,20,21,24,27,29,32,32,34,35,35,39,26,26,28,33,36,39,21,20,21,21,22,27,28,29,29,30,31,21,24,24,27,27,28,29,31,32,39,23,24,24,28,29,29,30,35
26,10,9,6,3,4,12,9,9,8,8,4,9,8,8,6,6,4,4,1,9,8,8,7,6,6,0,6,8,2,1,9,7,2,3,8,10,10,8,6,3,4,10,10,9,9,3,3,7,12,10,9,5,4,12,12,10,10,9,5,5,4,4,5,5,16,13,12,6,8,11,8,7,7,7,12,8,6,8,8,9,9,11,12,12,11,9,9,10,10,12,12,9,8,7,7,10,9,8,8,8,11,13,13,9,8,14,10,8,8,10,11,14,14,10,11,15,16,18,16,10,12,14,18,13,10,10,11,12,19,16,14,11,15,16,14,12,12,13,15,16,12,25,13,17,22,14,15,16,16,18,18,19,19,16,16,16,17,18,20,20,18,16,16,15,18,19,24,22,21,18,17,16,18,23,25,27,21,21,18,18,16,18,24,24,26,23,22,21,21,20,19,18,24,25,25,26,26,27,28,29,24,23,23,22,21,20,18,19,25,26,27,28,29,25,24,23,23,22,20,27,28,29,30,26,25,24,23,19,20,20,26,27,28,29,30,26,24,24,19,23,26,29,30,31,32,27,22,24,26,29,32,25,25,24,23,20,22,24,26,27,29,29,30,34,20,21,23,27,31,34,26,26,25,25,24,22,23,23,24,24,26,26,24,23,21,22,23,23,25,26,34,29,25,24,23,23,24,24,29
27,15,14,11,6,4,6,15,14,14,13,10,14,14,13,12,11,10,9,6,14,14,13,12,12,11,6,0,14,7,7,14,13,8,5,2,16,15,14,12,6,5,16,15,15,14,9,7,3,17,15,14,10,9,18,17,16,15,15,11,10,10,8,7,7,11,18,17,12,5,16,13,13,12,8,17,13,12,8,7,7,6,5,7,17,16,8,7,7,6,6,7,14,14,13,11,7,14,14,13,10,8,7,18,15,12,19,16,14,13,10,10,20,19,16,11,21,11,23,21,14,13,10,13,18,15,15,14,14,13,22,19,15,11,11,20,18,15,15,13,12,16,20,16,13,16,20,15,15,14,24,14,13,25,21,17,16,16,15,14,25,23,22,21,19,16,15,18,27,26,23,23,19,18,18,19,21,27,26,24,23,20,18,18,19,20,28,27,27,26,25,24,23,19,19,20,20,21,22,23,23,29,29,28,27,27,26,23,19,20,20,21,23,23,30,29,29,28,27,26,22,23,23,25,31,30,30,29,21,21,20,21,22,23,23,25,31,30,29,24,19,21,24,25,25,27,33,27,19,20,23,26,31,30,30,29,26,22,20,21,21,23,24,24,28,25,24,23,22,25,28,32,31,31,30,30,24,24,23,23,22,20,32,29,29,26,25,25,24,22,21,28,34,30,30,26,25,25,24,24
28,3,3,6,11,13,20,2,2,2,3,6,2,1,2,3,4,5,6,9,2,1,1,2,2,3,8,14,0,7,7,1,2,7,10,15,2,2,2,4,10,11,2,2,2,3,8,10,14,3,3,4,8,9,4,3,3,4,4,8,9,9,11,12,13,24,4,3,9,15,5,8,9,9,14,5,9,11,15,15,16,16,18,19,7,7,16,16,17,18,19,19,10,11,12,14,18,12,12,13,15,18,20,9,12,15,9,12,14,15,18,18,9,10,13,18,9,24,9,10,17,19,21,25,14,17,18,18,19,26,12,14,18,23,24,15,17,19,20,22,23,19,32,20,24,29,18,23,23,24,15,25,26,15,19,23,24,24,25,27,16,18,19,20,23,25,26,31,15,16,19,20,23,25,30,32,34,16,17,20,20,24,25,31,31,33,16,17,18,18,19,20,21,31,32,32,33,34,35,35,36,16,17,18,18,19,20,23,26,32,33,34,35,36,16,18,18,19,19,21,35,35,36,37,18,18,18,19,26,27,27,34,35,35,36,37,18,19,20,25,30,34,36,37,38,40,19,23,31,33,36,39,20,21,21,23,25,29,31,34,34,36,36,37,41,27,28,30,35,38,41,21,22,23,23,24,29,30,30,31,31,33,23,25,26,29,29,30,30,32,34,41,21,25,26,30,30,31,31,36
29,9,8,5,4,6,13,9,8,8,7,4,8,8,7,6,5,4,3,2,8,8,7,6,6,5,2,7,7,0,1,7,5,1,3,8,9,8,7,4,3,4,9,8,8,7,2,3,7,10,8,7,3,2,10,10,9,8,8,4,3,3,4,5,6,17,11,10,4,9,9,6,5,5,7,10,6,4,8,9,9,10,12,13,10,9,9,10,10,11,12,13,7,7,5,7,11,7,7,6,9,12,13,11,8,8,12,9,8,8,11,12,13,12,9,12,14,17,16,14,10,12,15,19,11,10,11,12,12,19,15,12,12,16,17,13,10,13,13,15,16,13,26,14,18,23,13,16,16,17,16,18,19,18,14,16,17,18,19,20,18,16,15,14,16,19,19,24,20,19,16,15,16,18,24,25,27,20,19,16,16,17,19,24,25,26,21,20,20,19,18,17,16,25,25,26,26,27,28,29,29,22,21,21,20,20,19,16,20,26,26,27,29,29,23,22,21,21,20,19,28,29,29,31,24,23,23,21,20,20,21,27,28,29,29,31,24,23,22,18,23,27,30,31,31,33,26,20,25,26,29,32,24,23,23,21,19,23,24,27,27,29,30,30,34,21,21,23,28,31,34,25,24,24,23,23,23,23,24,24,25,26,25,22,21,22,23,23,24,26,27,34,27,23,23,23,24,24,25,30
30,10,9,6,4,6,13,9,9,8,8,4,9,8,8,6,6,4,4,2,9,8,8,7,6,6,1,7,7,1,0,8,6,1,3,8,9,9,7,5,3,4,9,9,8,8,2,3,7,10,9,8,4,3,11,10,9,9,8,4,4,3,4,5,5,16,12,10,5,8,10,7,6,5,7,10,7,5,8,8,9,9,11,12,10,10,9,9,10,10,12,12,8,7,6,7,10,8,7,7,8,11,13,12,8,8,13,9,7,8,10,11,13,13,9,11,14,16,16,15,10,12,14,18,12,10,10,11,12,19,15,13,11,15,16,13,11,12,13,15,16,12,25,13,17,22,13,15,16,16,17,18,19,18,15,16,16,17,18,20,19,16,15,15,15,18,19,24,21,20,16,16,16,18,23,25,27,20,20,17,16,16,18,24,24,26,21,21,20,20,19,18,16,24,25,25,26,26,27,28,29,23,22,21,21,20,19,16,19,25,26,27,28,29,24,23,22,21,21,19,27,28,29,30,25,24,23,22,19,20,20,26,28,28,29,30,25,23,23,18,23,26,29,30,31,32,26,21,24,26,29,32,24,24,23,22,19,22,24,26,27,29,29,30,34,20,21,23,27,31,34,25,25,24,24,23,22,23,23,24,24,26,25,23,22,21,22,23,23,25,26,34,27,24,23,23,23,24,24,29
31,3,3,7,12,13,20,3,2,3,3,7,2,2,2,4,4,5,6,9,2,2,1,2,3,3,9,14,1,7,8,0,2,7,9,14,2,1,2,4,9,10,2,1,2,2,8,9,13,3,2,3,7,8,3,3,3,3,4,8,8,9,10,12,12,23,4,3,8,15,4,8,8,9,13,5,9,10,14,15,15,16,18,19,6,7,15,16,16,17,18,19,10,10,12,13,17,11,12,12,15,18,19,8,12,14,8,12,14,14,17,18,9,9,13,18,9,23,9,9,16,18,21,25,14,16,17,18,18,25,11,14,18,22,23,14,16,19,19,21,23,19,32,20,24,29,18,22,23,23,15,24,25,15,18,23,23,24,25,26,15,18,19,19,22,25,25,30,14,15,19,19,23,24,30,31,34,16,16,19,20,23,25,30,31,32,16,16,17,18,19,20,21,31,31,32,32,33,34,35,35,16,16,17,18,18,19,22,26,32,32,34,35,35,16,17,18,18,19,20,34,35,35,37,17,17,18,19,26,26,27,33,34,35,35,37,17,19,19,24,29,33,36,37,37,39,19,22,31,32,35,38,20,20,21,22,25,29,30,33,34,35,36,36,40,27,28,29,34,37,40,21,21,22,23,23,29,29,30,30,31,32,22,25,25,28,29,29,30,32,33,40,21,25,25,29,30,30,31,36
32,5,4,5,10,12,19,4,4,3,3,5,4,3,3,2,3,4,4,8,4,3,3,2,1,2,7,13,2,5,6,2,0,5,8,13,3,3,1,2,8,9,3,3,2,2,6,8,12,4,3,2,6,7,5,4,3,3,2,6,7,7,9,10,10,21,6,4,7,13,4,6,7,7,12,4,7,9,13,13,14,14,16,17,4,5,14,14,15,15,16,17,8,9,10,12,15,9,10,10,13,16,18,7,10,13,7,10,12,13,15,16,7,8,11,16,8,21,10,9,15,16,19,23,12,15,15,16,16,24,9,12,16,20,21,13,15,17,18,20,21,17,30,18,22,27,16,20,21,21,13,23,24,13,16,21,21,22,23,25,14,16,17,18,20,23,24,29,15,14,17,18,21,23,28,30,32,14,15,18,18,21,23,29,29,31,15,15,15,16,17,18,19,29,30,30,31,31,32,33,34,16,16,15,16,16,18,20,24,30,31,32,33,34,18,16,16,16,17,19,32,33,34,35,19,18,17,17,24,25,25,31,32,33,34,35,19,17,18,23,27,31,34,35,36,37,20,20,29,31,34,37,18,19,19,20,23,27,29,31,32,34,34,35,38,25,26,28,32,36,38,19,20,20,21,21,27,27,28,29,29,31,20,23,24,26,27,27,28,30,31,38,21,23,24,27,28,29,29,34
33,10,9,6,5,7,14,9,9,8,8,4,9,8,8,6,5,4,4,3,9,8,8,7,6,5,2,8,7,1,1,7,5,0,3,8,8,8,6,4,3,4,8,8,7,7,1,3,7,9,8,7,3,2,10,9,8,8,7,3,3,2,4,5,5,16,10,9,4,8,9,6,5,4,7,9,6,4,8,8,9,9,11,12,9,9,9,9,10,10,12,12,7,6,5,7,10,7,6,6,8,11,13,10,7,8,12,8,7,8,10,11,12,12,8,11,13,16,15,14,10,12,14,18,10,10,10,11,12,19,14,12,11,15,16,12,10,12,13,15,16,12,25,13,17,22,12,15,16,16,16,18,19,17,14,16,16,17,18,20,18,15,14,14,15,18,19,24,20,19,15,15,16,18,23,25,27,19,19,16,15,16,18,24,24,26,20,20,19,19,18,16,15,24,25,25,26,26,27,28,29,21,21,20,20,19,18,15,19,25,26,27,28,29,23,21,21,20,20,18,27,28,29,30,24,23,22,21,19,20,20,26,28,28,29,30,24,22,21,18,23,26,29,30,31,32,25,20,24,26,29,32,23,23,22,21,18,22,24,26,27,29,29,30,34,20,21,23,27,31,34,24,24,23,23,22,22,23,23,24,24,26,24,21,21,21,22,23,23,25,26,34,26,23,22,23,23,24,24,29
34,13,12,8,3,4,11,12,12,11,10,7,12,11,10,9,8,7,7,3,12,11,10,9,9,8,3,5,10,3,3,9,8,3,0,5,11,10,9,7,1,1,11,10,10,9,4,2,4,12,10,9,6,4,13,12,11,10,10,6,5,5,3,2,3,14,13,12,7,5,12,8,8,7,4,12,8,7,5,6,6,7,8,9,12,12,6,7,7,8,9,9,9,9,8,6,8,9,9,8,6,8,10,13,10,7,14,11,9,8,8,8,15,14,11,8,16,14,18,16,9,9,12,15,13,10,10,9,9,16,17,14,10,13,14,15,13,10,10,12,13,12,23,12,14,19,15,13,13,14,19,15,16,20,16,13,14,14,15,17,20,18,17,16,14,15,16,21,23,21,18,18,14,15,20,22,24,22,21,19,18,15,15,21,21,23,23,23,22,21,20,19,18,21,22,23,23,24,25,25,26,24,24,23,23,22,21,18,16,23,23,24,25,26,25,24,24,23,23,21,25,25,26,27,26,25,25,24,16,17,18,24,25,25,26,27,26,25,24,19,20,24,26,27,28,30,28,23,21,23,26,29,26,25,25,24,21,19,21,24,24,26,26,27,31,20,19,20,25,28,31,27,26,26,25,25,19,20,20,21,21,23,27,24,24,21,20,20,20,23,24,31,29,25,25,21,20,21,21,26
35,18,16,13,8,7,6,17,16,16,15,12,16,16,15,14,13,12,12,8,16,16,15,14,14,13,8,2,15,8,8,14,13,8,5,0,16,15,14,12,6,5,16,15,15,14,9,7,3,17,15,14,10,9,18,17,16,15,15,11,10,10,8,7,7,9,18,17,12,5,16,13,13,12,8,17,13,12,8,7,7,6,4,4,17,16,8,7,7,6,5,4,14,14,13,11,7,14,14,13,10,8,6,18,15,12,19,16,14,13,10,10,20,19,16,11,21,9,23,21,14,13,10,10,18,15,15,14,14,11,22,19,15,11,10,20,18,15,15,13,12,16,18,16,13,14,20,15,15,14,24,14,13,25,21,17,16,16,15,13,25,23,22,21,19,16,15,16,27,26,23,23,19,18,15,17,19,27,26,24,23,20,18,16,16,18,28,27,27,26,25,24,23,16,17,18,18,19,20,20,21,29,29,28,28,27,26,23,19,18,18,19,20,21,30,29,29,28,28,26,20,20,21,23,31,30,30,29,21,21,20,19,20,20,21,23,31,30,29,24,19,19,21,23,23,25,33,27,19,18,21,24,31,30,30,29,26,22,20,19,19,21,21,22,26,25,24,23,20,23,26,32,31,31,30,30,24,24,23,23,22,20,32,29,29,26,25,25,24,22,21,26,34,30,30,26,25,25,24,21
36,4,5,8,13,15,22,3,4,4,5,8,3,3,4,5,6,7,8,11,2,2,3,4,4,5,10,16,2,9,9,2,3,8,11,16,0,1,2,4,10,11,1,2,2,3,8,10,14,1,3,4,8,9,2,2,3,4,4,8,9,9,11,12,13,24,2,3,9,15,5,8,9,9,14,6,9,11,15,15,16,16,18,19,7,7,16,16,17,18,19,19,10,11,12,14,18,12,12,13,15,18,20,9,12,15,9,12,14,15,18,18,9,10,13,18,9,24,8,10,17,19,21,25,14,17,18,18,19,26,12,14,18,23,24,15,17,19,20,22,23,19,32,20,24,29,18,23,23,24,15,25,26,15,19,23,24,24,25,27,16,18,19,20,23,25,26,31,15,16,19,20,23,25,30,32,34,16,17,20,20,24,25,31,31,33,16,17,18,18,19,20,21,31,32,32,33,34,35,35,36,16,17,18,18,19,20,23,26,32,33,34,35,36,16,18,18,19,19,21,35,35,36,37,16,18,18,19,26,27,27,34,35,35,36,37,18,19,20,25,30,34,36,37,38,40,17,23,31,33,36,39,20,21,21,23,25,29,31,34,34,36,36,37,41,28,28,30,35,38,41,21,22,23,23,24,29,30,30,31,31,33,23,25,26,29,29,30,30,32,34,41,21,25,26,30,30,31,31,36
37,3,4,8,13,14,21,3,3,4,4,8,2,3,3,5,5,7,7,10,2,2,2,3,4,4,10,15,2,8,9,1,3,8,10,15,1,0,2,4,9,10,1,1,2,2,8,9,13,2,2,3,7,8,2,2,3,3,4,8,8,9,10,12,12,23,3,3,8,15,4,8,8,9,13,5,9,10,14,15,15,16,18,19,6,7,15,16,16,17,18,19,10,10,12,13,17,11,12,12,15,18,19,8,12,14,8,12,14,14,17,18,9,9,13,18,9,23,8,9,16,18,21,25,14,16,17,18,18,25,11,14,18,22,23,14,16,19,19,21,23,19,32,20,24,29,18,22,23,23,15,24,25,15,18,23,23,24,25,26,15,18,19,19,22,25,25,30,14,15,19,19,23,24,30,31,34,16,16,19,20,23,25,30,31,32,16,16,17,18,19,20,21,31,31,32,32,33,34,35,35,16,16,17,18,18,19,22,26,32,32,34,35,35,16,17,18,18,19,20,34,35,35,37,16,17,18,19,26,26,27,33,34,35,35,37,17,19,19,24,29,33,36,37,37,39,18,22,31,32,35,38,20,20,21,22,25,29,30,33,34,35,36,36,40,27,27,29,34,37,40,21,21,22,23,23,29,29,30,30,31,32,22,25,25,28,29,29,30,32,33,40,21,25,25,29,30,30,31,36
38,5,4,6,11,13,20,4,4,3,3,6,4,3,3,3,4,5,5,9,4,3,3,2,2,3,8,14,2,7,7,2,1,6,9,14,2,2,0,2,8,9,2,2,1,1,6,8,12,3,2,2,6,7,4,3,2,2,2,6,7,7,9,10,10,21,4,3,7,13,3,6,7,7,12,3,7,9,13,13,14,14,16,17,4,5,14,14,15,15,16,17,8,9,10,12,15,9,10,10,13,16,18,7,10,13,7,10,12,13,15,16,7,8,11,16,7,21,9,8,15,16,19,23,12,15,15,16,16,24,9,12,16,20,21,13,15,17,18,20,21,17,30,18,22,27,16,20,21,21,13,23,24,13,16,21,21,22,23,25,14,16,17,18,20,23,24,29,14,14,17,18,21,23,28,30,32,14,15,18,18,21,23,29,29,31,14,15,15,16,17,18,19,29,30,30,31,31,32,33,34,15,15,15,16,16,18,20,24,30,31,32,33,34,16,15,16,16,17,19,32,33,34,35,18,16,16,17,24,25,25,31,32,33,34,35,18,17,18,23,27,31,34,35,36,37,19,20,29,31,34,37,18,19,19,20,23,27,29,31,32,34,34,35,38,25,26,28,32,36,38,19,20,20,21,21,27,27,28,29,29,31,20,23,24,26,27,27,28,30,31,38,20,23,24,27,28,29,29,34
39,7,6,4,9,10,18,7,6,6,5,4,6,5,5,3,3,3,3,7,6,5,5,4,3,3,6,12,4,4,5,4,2,4,7,12,4,4,2,0,5,7,4,4,3,3,4,6,9,6,4,3,3,4,6,5,4,4,3,4,4,5,7,8,8,19,7,5,4,11,5,4,4,5,9,6,5,7,10,11,12,12,14,15,6,5,12,12,13,13,14,15,6,7,8,9,13,7,8,8,11,14,15,7,8,10,8,8,10,10,13,14,8,8,9,14,9,19,12,10,13,14,17,21,10,13,13,14,14,21,10,10,14,18,19,10,13,15,15,18,19,15,28,16,20,25,14,18,19,19,12,20,21,13,14,19,19,20,21,23,14,14,15,15,18,21,21,26,16,15,15,15,19,20,26,28,30,15,15,15,16,19,21,26,27,29,16,16,15,15,15,16,17,27,27,28,29,29,30,31,31,18,17,16,16,15,15,18,22,28,29,30,31,31,19,18,17,16,16,16,30,31,31,33,20,19,18,17,22,23,23,29,30,31,31,33,20,18,18,20,25,29,32,33,34,35,21,18,27,29,31,35,19,19,18,18,21,25,26,29,30,31,32,32,36,23,24,25,30,34,36,20,20,19,19,19,25,25,26,26,27,29,20,21,21,24,25,25,26,28,29,36,23,21,21,25,26,26,27,32
40,13,12,8,3,5,12,12,12,11,10,7,12,11,10,9,8,7,7,3,12,11,10,9,9,8,3,6,10,3,3,9,8,3,1,6,10,9,8,5,0,1,10,9,9,8,3,1,4,11,9,8,4,3,12,11,10,9,9,5,4,4,2,2,3,14,12,11,5,5,10,7,7,6,4,11,7,6,5,6,6,7,8,9,11,10,6,7,7,8,9,9,8,8,7,5,8,8,8,7,6,8,10,12,9,6,13,10,8,7,8,8,14,13,10,8,15,14,17,15,8,9,12,15,12,9,9,8,9,16,16,13,9,13,14,14,12,9,10,12,13,10,23,10,14,19,14,13,13,14,18,15,16,19,15,13,14,14,15,17,19,17,16,15,13,15,16,21,21,20,17,16,13,15,20,22,24,21,20,18,17,14,15,21,21,23,22,21,21,20,19,18,17,21,22,23,23,24,25,25,26,23,23,22,21,21,20,17,16,23,23,24,25,26,24,23,23,22,21,20,25,25,26,27,25,24,24,23,16,17,18,24,25,25,26,27,25,24,23,18,20,24,26,27,28,30,27,21,21,23,26,29,25,24,24,23,20,19,21,24,24,26,26,27,31,19,18,20,25,28,31,26,25,25,24,24,19,20,20,21,21,23,26,23,23,20,19,20,20,23,24,31,28,24,24,20,20,21,21,26
41,14,13,9,4,4,11,13,13,12,12,8,13,12,12,10,9,8,8,4,13,12,12,10,10,9,4,5,11,4,4,10,9,4,1,5,11,10,9,7,1,0,11,10,10,9,4,2,3,12,10,9,6,4,13,12,11,10,10,6,5,5,3,2,2,13,13,12,7,4,12,8,8,7,3,12,8,7,4,4,5,6,7,8,12,12,5,6,6,7,8,8,9,9,8,6,7,9,9,8,5,7,9,13,10,7,14,11,9,8,7,7,15,14,11,7,16,13,18,16,9,8,10,14,13,10,10,9,9,15,17,14,10,12,13,15,13,10,10,11,12,12,21,12,13,18,15,12,12,13,19,14,15,20,16,12,13,13,14,16,20,18,17,16,14,14,15,20,23,21,18,18,14,14,19,21,23,22,21,19,18,15,14,20,20,22,23,23,22,21,20,19,18,20,21,21,22,23,24,24,25,24,24,23,23,22,21,18,15,21,22,23,24,25,25,24,24,23,23,21,24,24,25,26,26,25,25,24,16,16,16,23,24,24,25,26,26,25,24,19,19,23,25,26,27,29,28,23,20,22,25,28,26,25,25,24,21,18,20,23,23,25,25,26,30,20,19,19,24,27,30,27,26,26,25,25,19,19,19,20,20,22,27,24,24,21,20,20,19,21,23,30,29,25,25,21,20,20,20,25
42,4,5,8,13,15,22,3,4,4,5,8,3,3,4,6,6,7,8,11,3,2,3,4,4,5,10,16,2,9,9,2,3,8,11,16,1,1,2,4,10,11,0,1,1,2,7,9,13,1,2,3,7,8,2,1,2,3,3,7,8,8,10,11,12,23,2,2,8,14,4,7,8,8,13,4,8,10,14,14,15,15,17,18,5,6,15,15,16,16,18,18,9,10,11,13,16,10,11,12,14,17,19,8,11,14,8,11,13,14,16,17,8,9,12,17,8,23,7,9,16,18,20,24,13,16,16,17,18,25,10,13,17,21,23,14,16,18,19,21,22,18,31,19,23,28,17,21,22,23,14,24,25,14,18,22,23,23,24,26,15,17,18,19,21,24,25,30,14,15,18,19,22,24,29,31,33,15,16,19,19,23,24,30,30,32,15,16,16,17,18,19,20,30,31,31,32,32,34,34,35,15,16,16,17,18,19,21,25,31,32,33,34,35,15,16,17,18,18,20,34,34,35,36,15,16,17,18,25,26,26,32,34,34,35,36,16,18,19,24,29,32,35,36,37,38,17,21,30,32,35,38,19,20,20,21,24,28,30,32,33,35,35,36,40,26,27,29,34,37,40,20,21,21,22,23,28,29,29,30,30,32,21,24,25,27,28,29,29,31,32,40,20,24,25,29,29,30,30,35
43,4,4,8,13,14,21,4,3,4,4,8,3,3,3,5,6,7,7,10,3,3,2,3,4,4,10,15,2,8,9,1,3,8,10,15,2,1,2,4,9,10,1,0,1,1,7,8,12,2,1,2,6,7,2,2,2,2,3,7,7,8,9,10,11,22,3,2,7,14,3,7,7,8,12,4,8,9,13,14,14,15,16,18,5,5,14,15,15,16,17,18,9,9,10,12,16,10,10,11,14,16,18,7,10,13,7,10,13,13,16,16,8,8,12,16,8,22,8,8,15,17,20,24,13,15,16,16,17,24,10,13,16,21,22,13,15,18,18,20,21,18,31,19,23,27,16,21,21,22,14,23,24,14,17,21,22,23,24,25,14,16,18,18,21,24,24,29,13,14,18,18,21,23,29,30,32,15,15,18,19,22,24,29,30,31,15,15,16,16,18,19,20,30,30,31,31,32,33,34,34,15,15,16,16,17,18,21,25,31,31,32,34,34,15,16,16,17,18,19,33,34,34,36,16,16,16,18,25,25,26,32,33,34,34,36,16,18,18,23,28,32,35,36,36,38,18,21,30,31,34,37,19,19,20,21,24,27,29,32,32,34,35,35,39,26,26,28,33,36,39,20,20,21,21,22,27,28,29,29,30,31,21,24,24,27,27,28,29,31,32,39,20,24,24,28,29,29,30,35
44,5,4,7,12,14,21,4,4,3,4,7,4,3,3,4,5,6,7,10,4,3,3,3,3,4,9,15,2,8,8,2,2,7,10,15,2,2,1,3,9,10,1,1,0,1,6,8,12,2,1,2,6,7,3,2,1,2,2,6,7,7,9,10,10,21,3,2,7,13,3,6,7,7,12,3,7,9,13,13,14,14,16,17,4,5,14,14,15,15,16,17,8,9,10,12,15,9,10,10,13,16,18,7,10,13,7,10,12,13,15,16,7,8,11,16,7,21,8,8,15,16,19,23,12,15,15,16,16,24,9,12,16,20,21,13,15,17,18,20,21,17,30,18,22,27,16,20,21,21,13,23,24,13,16,21,21,22,23,25,14,16,17,18,20,23,24,29,13,14,17,18,21,23,28,30,32,14,15,18,18,21,23,29,29,31,14,15,15,16,17,18,19,29,30,30,31,31,32,33,34,14,15,15,16,16,18,20,24,30,31,32,33,34,15,15,16,16,17,19,32,33,34,35,16,15,16,17,24,25,25,31,32,33,34,35,16,17,18,23,27,31,34,35,36,37,18,20,29,31,34,37,18,19,19,20,23,27,29,31,32,34,34,35,38,25,26,27,32,36,38,19,20,20,21,21,27,27,28,29,29,31,20,23,24,26,27,27,28,30,31,38,19,23,24,27,28,29,29,34
45,6,4,7,12,13,20,5,4,4,3,7,4,4,3,4,4,6,6,9,4,4,3,2,3,3,9,14,3,7,8,2,2,7,9,14,3,2,1,3,8,9,2,1,1,0,6,7,11,3,1,1,5,6,3,3,2,1,2,5,6,7,8,9,10,21,4,3,6,13,2,5,6,7,11,3,7,8,12,13,13,14,15,16,4,4,13,14,14,15,16,16,8,8,9,11,15,9,9,10,13,15,17,6,9,12,6,9,12,12,15,15,7,7,10,15,7,21,9,7,14,16,19,23,12,14,15,15,16,23,9,12,15,20,21,12,14,16,17,19,20,16,30,18,21,26,15,20,20,21,13,22,23,13,16,20,21,21,23,24,13,15,16,17,20,23,23,28,13,13,16,17,20,22,27,29,31,14,14,17,18,21,23,28,29,30,14,14,15,15,16,18,19,29,29,30,30,31,32,32,33,15,14,15,15,16,17,20,24,30,30,31,32,33,16,15,15,16,16,18,32,32,33,35,17,16,15,16,24,24,25,31,32,32,33,35,17,16,17,22,27,31,34,35,35,37,19,20,29,30,33,36,18,18,19,20,23,26,28,31,31,33,34,34,38,25,25,27,32,35,38,19,19,20,20,21,26,27,27,28,29,30,20,23,23,26,26,27,27,30,31,38,20,23,23,27,27,28,29,34
46,11,10,7,6,8,15,10,10,9,9,6,10,9,9,7,7,6,5,4,10,9,9,8,7,7,3,9,8,2,2,8,6,1,4,9,8,8,6,4,3,4,7,7,6,6,0,2,5,8,7,6,2,1,9,8,7,7,6,2,2,1,3,4,4,15,9,8,3,7,8,4,4,3,5,8,4,3,7,7,8,8,10,11,8,8,8,8,9,9,10,11,6,5,4,6,9,5,5,4,7,10,12,9,6,7,10,7,6,7,9,10,11,10,7,10,12,15,14,13,9,10,13,17,9,9,9,10,10,18,13,10,10,14,15,11,9,11,12,14,15,11,24,12,16,21,11,14,15,15,15,16,18,16,13,15,15,16,17,19,16,14,13,13,14,17,18,23,19,18,14,14,15,16,22,24,26,18,18,15,14,15,17,23,23,25,19,19,18,18,16,15,14,23,24,24,25,25,26,27,27,20,20,19,19,18,17,14,18,24,25,26,27,27,21,20,20,19,19,17,26,27,27,29,23,21,21,20,18,19,19,25,26,27,27,29,23,21,20,16,21,25,28,29,30,31,24,19,23,25,27,31,22,21,21,20,17,21,23,25,26,27,28,29,32,19,20,21,26,30,32,23,23,22,21,21,21,21,22,23,23,25,23,20,20,20,21,21,22,24,25,32,25,21,21,21,22,23,23,28
47,13,12,8,4,6,13,12,12,11,10,7,12,11,10,9,8,7,7,3,12,11,10,9,9,8,3,7,10,3,3,9,8,3,2,7,10,9,8,6,1,2,9,8,8,7,2,0,4,10,8,7,3,2,10,10,9,8,8,4,3,3,1,2,3,14,11,10,4,5,9,6,6,5,4,10,6,4,5,5,6,7,8,9,10,9,6,7,7,8,9,9,7,7,6,4,8,7,7,6,5,8,10,11,8,5,12,9,7,6,8,8,13,12,9,8,14,14,16,14,7,9,12,15,11,8,8,8,9,16,15,12,8,13,14,13,10,9,10,12,13,9,23,10,14,19,13,13,13,14,16,15,16,18,14,13,14,14,15,17,18,16,15,14,13,15,16,21,20,19,16,15,13,15,20,22,24,20,19,16,16,14,15,21,21,23,21,20,20,19,18,17,16,21,22,23,23,24,25,25,26,22,21,21,20,20,19,16,16,23,23,24,25,26,23,22,21,21,20,19,25,25,26,27,24,23,23,21,16,17,18,24,25,25,26,27,24,23,22,17,20,24,26,27,28,30,26,20,21,23,26,29,24,23,23,21,19,19,21,24,24,26,26,27,31,18,18,20,25,28,31,25,24,24,23,23,19,20,20,21,21,23,25,22,21,19,19,20,20,23,24,31,27,23,23,20,20,21,21,26
48,16,15,12,7,6,9,16,15,15,14,11,15,15,14,13,12,11,10,7,15,15,14,13,13,12,7,3,14,7,7,13,12,7,4,3,14,13,12,9,4,3,13,12,12,11,5,4,0,14,12,11,7,6,14,14,13,12,12,8,7,7,5,4,3,10,15,14,8,2,13,10,9,9,4,14,10,8,4,4,3,3,4,6,14,13,4,4,3,4,5,6,11,10,9,8,4,11,10,10,7,4,6,15,12,9,16,13,10,10,7,7,16,16,13,8,18,10,20,18,11,9,8,12,15,12,12,11,10,12,19,16,12,9,10,16,14,12,12,9,9,13,19,13,10,15,16,12,12,11,20,11,12,21,18,14,13,13,12,13,22,20,19,18,15,13,12,17,24,23,20,19,16,14,16,18,20,24,23,20,20,16,15,17,18,19,25,24,24,23,22,21,20,18,18,19,19,20,21,21,22,26,25,25,24,24,23,20,16,19,19,20,21,22,27,26,25,25,24,23,21,21,22,24,28,27,26,25,18,18,17,20,21,21,22,24,28,26,26,21,16,20,23,24,24,26,30,24,18,19,22,25,27,27,26,25,23,19,17,20,20,22,23,23,27,21,21,19,21,24,27,29,28,27,27,26,21,20,20,19,19,19,29,26,25,23,22,21,21,19,20,27,31,27,26,23,22,21,21,23
49,5,6,9,14,16,23,4,5,6,6,9,4,4,5,7,7,8,9,12,3,3,4,5,6,6,12,17,3,10,10,3,4,9,12,17,1,2,3,6,11,12,1,2,2,3,8,10,14,0,2,3,7,8,1,1,2,3,3,7,8,8,10,11,12,23,1,2,8,14,4,7,8,8,13,4,8,10,14,14,15,15,17,18,5,6,15,15,16,16,18,18,9,10,11,13,16,10,11,12,14,17,19,8,11,14,8,11,13,14,16,17,8,9,12,17,8,23,7,9,16,18,20,24,13,16,16,17,18,25,10,13,17,21,23,14,16,18,19,21,22,18,31,19,23,28,17,21,22,23,14,24,25,14,18,22,23,23,24,26,15,17,18,19,21,24,25,30,14,15,18,19,22,24,29,31,33,15,16,19,19,23,24,30,30,32,15,16,16,17,18,19,20,30,31,31,32,32,34,34,35,15,16,16,17,18,19,21,25,31,32,33,34,35,15,16,17,18,18,20,34,34,35,36,15,16,17,18,25,26,26,32,34,34,35,36,16,18,19,24,29,32,35,36,37,38,16,21,30,32,35,38,19,20,20,21,24,28,30,32,33,35,35,36,40,26,27,29,34,37,40,20,21,21,22,23,28,29,29,30,30,32,21,24,25,27,28,29,29,31,32,40,20,24,25,29,29,30,30,35
50,6,4,8,13,14,21,5,4,4,4,8,4,4,3,5,6,7,7,10,4,4,3,3,4,4,10,15,3,8,9,2,3,8,10,15,3,2,2,4,9,10,2,1,1,1,7,8,12,2,0,1,5,6,2,2,1,1,2,5,6,7,8,9,10,21,3,2,6,13,2,5,6,7,11,3,7,8,12,13,13,14,15,16,4,4,13,14,14,15,16,16,8,8,9,11,15,9,9,10,13,15,17,6,9,12,6,9,12,12,15,15,7,7,10,15,7,21,8,7,14,16,19,23,12,14,15,15,16,23,9,12,15,20,21,12,14,16,17,19,20,16,30,18,21,26,15,20,20,21,13,22,23,13,16,20,21,21,23,24,13,15,16,17,20,23,23,28,12,13,16,17,20,22,27,29,31,14,14,17,18,21,23,28,29,30,14,14,15,15,16,18,19,29,29,30,30,31,32,32,33,14,14,15,15,16,17,20,24,30,30,31,32,33,15,15,15,16,16,18,32,32,33,35,16,15,15,16,24,24,25,31,32,32,33,35,16,16,17,22,27,31,34,35,35,37,18,20,29,30,33,36,18,18,19,20,23,26,28,31,31,33,34,34,38,25,25,27,32,35,38,19,19,20,20,21,26,27,27,28,29,30,20,23,23,26,26,27,27,30,31,38,19,23,23,27,27,28,29,34
51,7,6,7,12,13,20,6,6,5,4,7,6,5,4,4,4,6,6,9,6,5,4,3,3,3,9,14,4,7,8,3,2,7,9,14,4,3,2,3,8,9,3,2,2,1,6,7,11,3,1,0,4,5,3,3,2,1,1,4,5,5,7,8,9,20,4,3,5,12,2,4,5,5,10,3,5,7,11,12,12,13,14,15,3,3,12,13,13,14,15,15,7,7,8,10,14,8,8,9,12,14,16,5,8,11,5,8,10,11,14,14,5,6,9,14,7,20,9,7,13,15,18,21,10,13,14,14,15,22,8,10,14,19,20,11,13,15,16,18,19,15,29,16,20,25,14,19,19,20,12,21,22,12,15,19,20,20,21,23,12,14,15,16,19,21,22,27,13,12,15,16,19,21,26,28,30,13,13,16,16,20,21,27,27,29,14,13,14,14,15,16,18,27,28,29,29,30,31,31,32,15,14,14,14,15,16,19,23,29,29,30,31,32,16,15,14,15,15,17,31,31,32,34,17,16,15,15,23,23,24,30,31,31,32,34,17,15,16,21,26,30,32,34,34,36,19,19,27,29,32,35,16,17,18,19,21,25,27,30,30,32,32,33,37,24,24,26,31,34,37,18,18,19,19,20,25,26,26,27,27,29,19,21,22,25,25,26,26,29,30,37,20,21,22,26,26,27,27,32
52,10,9,6,8,9,17,10,9,9,8,5,9,9,8,7,6,5,4,6,9,9,8,7,7,6,5,10,8,3,4,7,6,3,6,10,8,7,6,3,4,6,7,6,6,5,2,3,7,7,5,4,0,1,7,7,5,5,4,1,1,2,3,4,5,16,8,7,1,8,6,3,2,2,6,7,3,3,7,8,8,9,10,12,7,6,8,9,9,10,11,12,4,3,4,6,10,4,4,5,8,10,12,8,4,7,9,5,7,7,10,10,9,9,5,10,10,16,13,11,9,11,14,18,8,9,10,10,11,18,12,9,10,15,16,9,9,12,12,14,15,12,25,13,16,21,10,15,15,16,13,17,18,14,11,15,16,16,18,19,15,13,12,12,15,18,18,23,17,16,13,12,15,17,23,24,26,16,16,13,13,16,18,23,24,25,18,17,16,16,15,14,14,24,24,25,25,26,27,27,28,19,18,18,17,16,15,15,19,25,25,26,27,28,20,19,18,18,17,15,27,27,28,30,21,20,19,18,19,19,20,26,27,27,28,30,21,19,19,17,22,26,29,30,30,32,23,17,24,25,28,31,20,20,19,18,18,21,23,26,26,28,29,29,33,20,20,22,27,30,33,21,21,20,20,19,21,22,23,23,24,25,21,19,18,21,21,22,23,25,26,33,24,20,19,22,23,23,24,29
53,12,10,7,7,8,15,11,10,10,9,6,10,10,9,8,7,6,6,4,10,10,9,8,8,7,4,9,9,2,3,8,7,2,4,9,9,8,7,4,3,4,8,7,7,6,1,2,6,8,6,5,1,0,8,8,7,6,5,2,1,1,2,3,4,15,9,8,2,7,7,4,3,3,5,8,4,2,6,7,7,8,9,10,8,7,7,8,8,9,10,10,5,4,3,5,9,5,4,4,7,9,11,9,5,6,10,7,5,6,9,9,10,10,7,9,12,15,14,12,8,10,13,16,9,8,9,9,10,17,13,10,9,14,15,10,8,10,11,13,14,10,24,12,15,20,10,14,14,15,14,16,17,15,12,14,15,15,16,18,16,14,13,12,14,16,17,22,18,17,14,13,14,16,21,23,25,18,17,14,14,15,16,22,23,24,19,18,18,17,16,15,14,23,23,24,24,25,26,26,27,20,19,19,18,18,16,14,18,24,24,25,26,27,21,20,19,19,18,16,26,26,27,29,22,21,20,19,18,18,19,25,26,26,27,29,22,20,20,16,21,25,27,29,29,31,24,18,23,24,27,30,21,21,20,19,16,20,22,25,25,27,27,28,32,19,19,21,26,29,32,23,22,21,21,20,20,21,21,22,23,24,23,20,19,20,20,21,21,24,25,32,25,21,20,21,21,22,23,27
54,5,7,10,15,16,24,5,5,6,7,10,4,5,5,7,8,9,9,13,3,4,4,5,6,7,12,18,4,10,11,3,5,10,13,18,2,2,4,6,12,13,2,2,3,3,9,10,14,1,2,3,7,8,0,1,2,2,3,7,7,8,9,10,11,22,1,2,7,14,3,7,7,8,12,4,8,9,13,14,14,15,16,18,5,6,14,15,15,16,17,18,9,9,10,12,16,10,10,11,14,16,18,7,10,13,7,10,13,13,16,16,8,8,12,16,8,22,7,8,15,17,20,24,13,15,16,16,17,24,10,13,16,21,22,13,15,18,18,20,21,18,31,19,23,28,16,21,21,22,14,23,24,14,17,21,22,23,24,25,14,16,18,18,21,24,24,29,13,14,18,18,21,23,29,30,32,15,15,18,19,22,24,29,30,31,15,15,16,16,18,19,20,30,30,31,31,32,33,34,34,15,15,16,16,17,18,21,25,31,31,32,34,34,15,16,16,17,18,19,33,34,34,36,15,16,16,18,25,25,26,32,33,34,34,36,16,18,18,23,28,32,35,36,36,38,15,21,30,31,34,37,19,19,20,21,24,28,29,32,32,34,35,35,39,26,26,28,33,36,39,20,20,21,21,22,27,28,29,29,30,31,21,24,24,27,27,28,29,31,32,39,20,24,24,28,29,29,30,35
55,5,6,9,14,16,23,4,5,5,6,9,4,4,5,7,7,8,9,12,4,3,4,5,5,6,12,17,3,10,10,3,4,9,12,17,2,2,3,5,11,12,1,2,2,3,8,10,14,1,2,3,7,8,1,0,1,2,2,6,7,7,9,10,10,21,1,1,7,13,3,6,7,7,12,3,7,9,13,13,14,14,16,17,4,5,14,14,15,15,16,17,8,9,10,12,15,9,10,10,13,16,18,7,10,13,7,10,12,13,15,16,7,8,11,16,7,21,6,8,15,16,19,23,12,15,15,16,16,24,9,12,16,20,21,13,15,17,18,20,21,17,30,18,22,27,16,20,21,21,13,23,24,13,16,21,21,22,23,25,14,16,17,18,20,23,24,29,13,14,17,18,21,23,28,30,32,14,15,18,18,21,23,29,29,31,14,15,15,16,17,18,19,29,30,30,31,31,32,33,34,14,15,15,16,16,18,20,24,30,31,32,33,34,14,15,16,16,17,19,32,33,34,35,14,15,16,17,24,25,25,31,32,33,34,35,15,17,18,23,27,31,34,35,36,37,16,20,29,31,34,37,18,19,19,20,23,27,29,31,32,34,34,35,38,25,26,28,32,36,38,19,20,20,21,21,27,27,28,29,29,31,20,23,24,26,27,27,28,30,31,38,19,23,24,27,28,29,29,34
56,6,5,8,13,15,22,5,5,4,5,8,5,4,4,5,6,7,8,11,5,4,4,4,4,5,10,16,3,9,9,3,3,8,11,16,3,3,2,4,10,11,2,2,1,2,7,9,13,2,1,2,5,7,2,1,0,1,1,5,6,6,8,9,9,20,2,1,6,12,2,5,6,6,10,2,6,8,12,12,13,13,15,16,3,4,13,13,14,14,15,16,7,8,9,10,14,8,9,9,12,15,16,6,9,12,6,9,11,12,14,15,6,7,10,15,6,20,7,7,14,15,18,22,11,14,14,15,15,23,8,11,15,19,20,12,14,16,16,19,20,16,29,17,21,26,15,19,20,20,12,21,23,12,15,20,20,21,22,24,13,15,16,16,19,22,23,28,12,13,16,16,20,21,27,29,31,13,14,16,17,20,22,27,28,30,13,14,14,15,16,17,18,28,29,29,30,30,31,32,32,13,14,14,15,15,16,19,23,29,30,31,32,32,14,14,15,15,16,18,31,32,32,34,15,14,15,16,23,24,24,30,31,32,32,34,15,16,16,21,26,30,33,34,35,36,17,19,28,30,32,36,17,18,18,19,22,26,27,30,31,32,33,34,37,24,25,26,31,35,37,18,19,19,20,20,26,26,27,27,28,30,19,22,23,25,26,26,27,29,30,37,18,22,23,26,27,27,28,33
57,7,5,8,13,14,21,6,5,5,4,8,5,5,4,5,5,7,7,10,5,5,4,3,4,4,10,15,4,8,9,3,3,8,10,15,4,3,2,4,9,10,3,2,2,1,7,8,12,3,1,1,5,6,2,2,1,0,1,4,5,6,7,8,9,20,3,2,5,12,1,4,5,6,10,2,6,7,11,12,12,13,14,15,3,3,12,13,13,14,15,15,7,7,8,10,14,8,8,9,12,14,16,5,8,11,5,8,10,11,14,14,6,6,9,14,6,20,8,6,13,15,18,21,10,13,14,14,15,22,8,10,14,19,20,11,13,15,16,18,19,15,29,16,20,25,14,19,19,20,12,21,22,12,15,19,20,20,21,23,12,14,15,16,19,21,22,27,12,12,15,16,19,21,26,28,30,13,13,16,16,20,21,27,27,29,13,13,14,14,15,16,18,27,28,29,29,30,31,31,32,14,13,14,14,15,16,19,23,29,29,30,31,32,15,14,14,15,15,17,31,31,32,34,16,15,14,15,23,23,24,30,31,31,32,34,16,15,16,21,26,30,32,34,34,36,18,19,28,29,32,35,16,17,18,19,21,25,27,30,30,32,32,33,37,24,24,26,31,34,37,18,18,19,19,20,25,26,26,27,27,29,19,21,22,25,25,26,26,29,30,37,19,21,22,26,26,27,28,32
58,7,6,7,12,14,21,7,6,5,5,7,6,5,5,4,5,6,7,10,6,5,5,4,3,4,9,15,4,8,8,4,2,7,10,15,4,4,2,3,9,10,3,3,2,2,6,8,12,3,2,1,4,5,3,2,1,1,0,4,4,5,7,8,8,19,3,2,4,11,2,4,4,5,9,2,5,7,10,11,12,12,14,15,2,3,12,12,13,13,14,15,6,7,8,9,13,7,8,8,11,14,15,4,8,10,4,8,10,10,13,14,5,6,9,14,6,19,8,7,13,14,17,21,10,13,13,14,14,21,7,10,14,18,19,10,13,15,15,18,19,15,28,16,20,25,14,18,19,19,11,20,21,11,14,19,19,20,21,23,12,14,15,15,18,21,21,26,13,12,15,15,19,20,26,28,30,12,13,15,16,19,21,26,27,29,13,13,13,14,15,16,17,27,27,28,29,29,30,31,31,14,14,13,14,14,15,18,22,28,29,30,31,31,15,14,14,14,15,16,30,31,31,33,16,15,15,15,22,23,23,29,30,31,31,33,16,15,15,20,25,29,32,33,34,35,18,18,27,29,31,35,16,16,17,18,21,25,26,29,30,31,32,32,36,23,24,25,30,34,36,17,18,18,19,19,25,25,26,26,27,29,18,21,21,24,25,25,26,28,29,36,19,21,21,25,26,26,27,32
59,11,10,7,8,10,17,10,10,9,9,5,10,9,9,7,7,5,5,6,10,9,9,8,7,7,5,11,8,4,4,8,6,3,6,11,8,8,6,4,5,6,7,7,6,5,2,4,8,7,5,4,1,2,7,6,5,4,4,0,1,1,3,4,4,15,7,6,1,7,6,2,2,1,6,6,2,3,7,7,8,8,10,11,6,6,8,8,9,9,10,11,3,3,4,6,9,3,4,4,7,10,12,7,4,7,8,5,6,7,9,10,9,8,5,10,10,15,12,10,9,10,13,17,7,9,9,10,10,18,11,8,10,14,15,9,9,11,12,14,15,11,24,12,16,21,10,14,15,15,13,16,18,14,10,15,15,16,17,19,14,12,11,12,14,17,18,23,16,15,12,12,15,16,22,24,26,16,15,13,12,15,17,23,23,25,17,16,16,15,14,13,13,23,24,24,25,25,26,27,27,18,18,17,16,16,15,14,18,24,25,26,27,28,19,18,18,17,16,15,26,27,28,29,20,19,19,18,18,19,19,25,26,27,28,29,20,19,18,16,21,25,28,29,30,31,22,16,23,25,28,31,20,19,19,18,17,21,23,25,26,28,28,29,32,19,20,21,26,30,32,21,20,20,19,19,21,21,22,23,23,25,21,18,18,20,21,21,22,24,25,32,23,19,19,21,22,23,23,28
60,12,10,7,8,9,16,11,10,10,9,6,10,10,9,8,7,6,5,5,10,10,9,8,8,7,5,10,9,3,4,8,7,3,5,10,9,8,7,4,4,5,8,7,7,6,2,3,7,8,6,5,1,1,7,7,6,5,4,1,0,1,2,3,4,15,8,7,1,7,6,3,2,2,5,7,3,2,6,7,7,8,9,10,7,6,7,8,8,9,10,10,4,3,3,5,9,4,3,4,7,9,11,8,4,6,9,6,5,6,9,9,9,9,6,9,10,15,13,11,8,10,13,16,8,8,9,9,10,17,12,9,9,14,15,9,8,10,11,13,14,10,24,12,15,20,9,14,14,15,13,16,17,14,11,14,15,15,16,18,15,13,12,11,14,16,17,22,17,16,13,12,14,16,21,23,25,16,16,13,13,15,16,22,23,24,18,17,16,16,15,14,13,23,23,24,24,25,26,26,27,19,18,18,17,16,15,14,18,24,24,25,26,27,20,19,18,18,17,15,26,26,27,29,21,20,19,18,18,18,19,25,26,26,27,29,21,19,19,16,21,25,27,29,29,31,23,17,23,24,27,30,20,20,19,18,16,20,22,25,25,27,28,28,32,19,19,21,26,29,32,21,21,20,20,19,20,21,21,22,23,24,21,19,18,20,20,21,21,24,25,32,24,20,19,21,21,22,23,27
61,12,11,8,7,9,16,12,11,10,10,7,11,10,10,8,8,7,6,5,11,10,10,9,8,8,4,10,9,3,3,9,7,2,5,10,9,9,7,5,4,5,8,8,7,7,1,3,7,8,7,5,2,1,8,7,6,6,5,1,1,0,2,3,3,14,8,7,2,6,7,3,3,2,4,7,3,2,6,6,7,7,9,10,7,7,7,7,8,8,9,10,4,4,3,4,8,4,4,3,6,9,10,8,5,6,9,6,5,6,8,9,10,9,6,9,11,14,13,12,8,9,12,16,8,8,8,9,9,16,12,9,9,13,14,10,8,10,10,13,14,10,23,11,15,20,10,13,14,14,14,15,16,15,12,14,14,15,16,18,15,13,12,12,13,16,16,21,18,16,13,13,14,15,21,23,25,17,16,14,13,14,16,21,22,24,18,18,17,16,15,14,13,22,23,23,24,24,25,26,26,19,19,18,18,17,16,13,17,23,24,25,26,26,20,19,19,18,18,16,25,26,26,28,21,20,20,19,17,18,18,24,25,26,26,28,21,20,19,15,20,24,27,28,29,30,23,18,22,24,26,30,21,20,20,19,16,20,21,24,25,26,27,27,31,18,19,20,25,29,31,22,21,21,20,20,20,20,21,21,22,24,22,19,19,19,20,20,21,23,24,31,24,20,20,20,21,21,22,27
62,14,13,9,5,7,14,13,13,12,12,8,13,12,12,10,9,8,8,4,13,12,12,10,10,9,4,8,11,4,4,10,9,4,3,8,11,10,9,7,2,3,10,9,9,8,3,1,5,10,8,7,3,2,9,9,8,7,7,3,2,2,0,1,2,13,10,9,3,4,8,5,4,4,3,9,5,3,4,4,5,6,7,8,9,8,5,6,6,7,8,8,6,6,4,3,7,6,6,5,4,7,9,10,7,4,11,8,6,5,7,7,12,11,8,7,13,13,15,13,6,8,10,14,10,7,7,7,8,15,14,11,7,12,13,12,9,8,9,11,12,8,21,9,13,18,12,12,12,13,15,14,15,16,13,12,13,13,14,16,17,15,14,13,12,14,15,20,19,18,15,14,12,14,19,21,23,19,18,15,15,13,14,20,20,22,20,19,19,18,17,16,15,20,21,21,22,23,24,24,25,21,20,20,19,19,18,15,15,21,22,23,24,25,22,21,20,20,19,18,24,24,25,26,23,22,21,20,15,16,16,23,24,24,25,26,23,21,21,16,19,23,25,26,27,29,25,19,20,22,25,28,23,22,21,20,18,18,20,23,23,25,25,26,30,16,17,19,24,27,30,24,23,23,22,21,18,19,19,20,20,22,24,21,20,18,18,19,19,21,23,30,26,22,21,19,19,20,20,25
63,15,14,10,6,6,13,14,14,13,13,9,14,13,13,11,10,9,9,5,14,13,13,12,11,10,5,7,12,5,5,12,10,5,2,7,12,12,10,8,2,2,11,10,10,9,4,2,4,11,9,8,4,3,10,10,9,8,8,4,3,3,1,0,1,12,11,10,4,3,9,6,6,5,2,10,6,4,3,3,4,4,6,7,10,9,4,4,5,6,7,7,7,7,6,4,6,7,7,6,3,6,8,11,8,5,12,9,7,6,6,6,13,12,9,6,14,12,16,14,7,7,9,13,11,8,8,7,7,14,15,12,8,10,12,13,10,8,8,10,11,9,20,9,12,17,13,10,11,12,16,13,14,18,14,11,12,12,13,15,18,16,15,14,12,13,14,19,20,19,16,15,12,13,18,20,22,20,19,16,16,13,13,19,19,21,21,20,20,19,18,17,16,19,20,20,21,21,23,23,24,22,21,21,20,20,19,16,14,20,21,22,23,24,23,22,21,21,20,19,23,23,24,25,24,23,23,21,14,15,15,21,23,23,24,25,24,23,22,17,18,21,24,25,26,27,26,20,19,21,24,27,24,23,23,21,19,17,19,21,22,24,24,25,29,18,17,18,23,26,29,25,24,24,23,23,17,18,18,19,19,21,25,22,21,19,18,18,18,20,21,29,27,23,23,19,18,19,19,24
64,15,14,11,6,6,13,15,14,14,13,10,14,14,13,12,11,10,9,6,14,14,13,12,12,11,5,7,13,6,5,12,10,5,3,7,13,12,10,8,3,2,12,11,10,10,4,3,3,12,10,9,5,4,11,10,9,9,8,4,4,3,2,1,0,11,12,10,5,3,10,7,6,6,1,10,7,5,2,3,3,4,6,7,10,10,3,4,4,5,6,7,8,7,6,4,5,8,7,7,4,6,7,12,8,6,13,9,7,7,5,6,13,13,9,6,14,11,16,15,8,6,9,13,12,9,8,8,7,13,15,13,9,10,11,13,11,9,8,9,10,10,20,10,12,16,13,10,10,11,17,12,13,18,15,10,11,12,13,14,19,16,15,15,12,13,13,18,21,20,16,16,13,12,18,19,21,20,20,17,16,13,13,18,19,20,21,21,20,20,19,18,16,19,19,20,20,21,22,23,23,23,22,21,21,20,19,16,14,20,20,21,23,23,24,23,22,21,21,19,22,23,23,25,25,24,23,22,15,14,15,21,22,23,23,25,25,23,23,18,17,21,24,25,25,27,26,21,19,20,23,26,24,24,23,22,19,16,18,21,21,23,24,24,28,18,18,17,22,25,28,25,25,24,24,23,18,17,18,18,19,20,25,23,22,19,19,18,18,20,21,28,27,24,23,19,19,18,19,24
65,26,25,22,17,15,8,26,25,25,24,21,25,25,24,23,22,21,20,17,25,25,24,23,23,22,16,11,24,17,16,23,21,16,14,9,24,23,21,19,14,13,23,22,21,21,15,14,10,23,21,20,16,15,22,21,20,20,19,15,15,14,13,12,11,0,23,21,16,9,21,18,17,16,12,21,18,16,12,12,11,10,9,8,21,21,12,12,11,10,9,9,19,18,17,15,12,19,18,18,15,12,10,23,19,16,24,20,18,18,15,14,24,24,20,15,25,11,27,26,19,17,14,10,23,20,19,19,18,11,26,24,20,15,14,24,22,20,19,17,16,21,9,21,17,12,24,20,19,19,28,19,18,29,26,21,21,20,19,18,30,27,26,26,23,20,20,15,32,31,27,27,24,22,16,15,13,31,31,28,27,24,23,17,16,15,32,32,31,31,30,29,27,18,17,16,16,15,14,14,13,34,33,32,32,31,30,27,24,18,17,16,15,14,35,34,33,32,32,30,16,16,15,14,36,35,34,33,26,25,25,19,18,17,16,15,36,34,34,29,24,20,17,16,15,16,37,32,23,21,19,15,35,35,34,33,30,26,25,22,21,20,19,19,17,29,29,27,22,19,17,36,36,35,35,34,29,28,27,27,26,25,36,34,33,30,30,29,29,26,25,18,38,35,34,30,30,29,29,24
66,6,7,10,15,17,24,5,6,7,7,10,5,5,6,8,8,9,10,13,4,4,5,6,7,7,13,18,4,11,12,4,6,10,13,18,2,3,4,7,12,13,2,3,3,4,9,11,15,1,3,4,8,9,1,1,2,3,3,7,8,8,10,11,12,23,0,1,7,13,3,6,7,7,12,3,7,9,13,13,14,14,16,17,4,5,14,14,15,15,16,17,8,9,10,12,15,9,10,10,13,16,18,7,10,13,7,10,12,13,15,16,7,8,11,16,7,21,6,8,15,16,19,23,12,15,15,16,16,24,9,12,16,20,21,13,15,17,18,20,21,17,30,18,22,27,16,20,21,21,13,23,24,13,16,21,21,22,23,25,14,16,17,18,20,23,24,29,13,14,17,18,21,23,28,30,32,14,15,18,18,21,23,29,29,31,14,15,15,16,17,18,19,29,30,30,31,31,32,33,34,14,15,15,16,16,18,20,24,30,31,32,33,34,14,15,16,16,17,19,32,33,34,35,14,15,16,17,24,25,25,31,32,33,34,35,15,17,18,23,27,31,34,35,36,37,15,20,29,31,34,37,18,19,19,20,23,27,29,31,32,34,34,35,38,25,26,27,32,36,38,19,20,20,21,21,27,27,28,29,29,31,20,23,24,26,27,27,28,30,31,38,19,23,24,27,28,29,29,34
67,6,6,9,14,16,23,5,5,5,6,9,5,4,5,7,7,8,9,12,5,4,4,5,5,6,12,17,3,10,10,3,4,9,12,17,3,3,3,5,11,12,2,2,2,3,8,10,14,2,2,3,7,8,2,1,1,2,2,6,7,7,9,10,10,21,1,0,5,12,2,5,6,6,10,2,6,8,12,12,13,13,15,16,3,4,13,13,14,14,15,16,7,8,9,10,14,8,9,9,12,15,16,6,9,12,5,9,11,12,14,15,6,7,10,15,6,20,6,7,14,15,18,22,11,14,14,15,15,23,8,11,15,19,20,12,14,16,16,19,20,16,29,17,21,26,15,19,20,20,12,21,23,12,15,20,20,21,22,24,13,15,16,16,19,22,23,27,12,13,16,16,20,21,27,29,31,13,14,16,17,20,22,27,28,30,13,14,14,15,16,17,18,28,29,29,30,30,31,32,32,13,14,14,15,15,16,19,23,29,30,31,32,32,13,14,15,15,16,18,31,32,32,34,14,14,15,16,23,24,24,30,31,32,32,34,14,16,16,21,26,30,33,34,35,36,16,19,28,30,32,36,17,18,18,19,22,26,27,30,31,32,33,34,37,24,25,26,31,35,37,18,19,19,20,20,26,26,27,27,28,30,19,22,23,25,26,26,27,29,30,37,18,22,23,26,27,27,28,33
68,12,10,7,9,10,18,11,10,10,9,6,10,10,9,8,7,6,5,7,10,10,9,8,8,7,6,12,9,4,5,8,7,4,7,12,9,8,7,4,5,7,8,7,7,6,3,4,8,8,6,5,1,2,7,7,6,5,4,1,1,2,3,4,5,16,7,5,0,7,5,2,1,1,5,6,2,2,6,7,7,8,9,10,6,5,7,8,8,9,10,10,3,2,3,5,9,3,3,4,7,9,11,7,3,6,8,4,5,6,9,9,8,8,4,9,9,15,12,10,8,10,13,16,7,8,9,9,10,17,10,8,9,14,15,8,8,10,11,13,14,10,24,12,15,20,9,14,14,15,12,16,17,13,10,14,15,15,16,18,14,12,10,11,14,16,17,22,16,15,12,11,14,16,21,23,25,15,15,12,12,15,16,22,23,24,16,16,15,15,14,13,13,23,23,24,24,25,26,26,27,18,17,16,16,15,14,14,18,24,24,25,26,27,19,18,17,16,16,14,26,26,27,29,20,19,18,17,18,18,19,25,26,26,27,29,20,18,18,16,21,25,27,29,29,31,21,16,23,24,27,30,19,19,18,17,16,20,22,25,25,27,28,28,32,19,19,21,26,29,32,20,20,19,19,18,20,21,21,22,23,24,20,18,17,20,20,21,21,24,25,32,23,19,18,21,21,22,23,27
69,18,17,14,9,7,11,18,17,16,16,13,17,16,16,14,14,13,12,9,17,16,16,15,14,14,8,5,15,9,8,15,13,8,5,5,15,15,13,11,5,4,14,14,13,13,7,5,2,14,13,12,8,7,14,13,12,12,11,7,7,6,4,3,3,9,13,12,7,0,12,8,8,7,3,12,8,7,3,2,2,1,3,4,12,12,3,2,2,2,3,4,9,9,8,6,2,9,9,8,5,3,4,13,10,7,14,11,9,8,5,5,15,14,11,6,16,8,18,16,9,8,6,10,13,10,10,9,9,10,17,14,10,7,8,15,13,10,10,8,8,12,17,12,9,14,15,10,10,9,19,9,10,20,16,12,12,11,10,12,20,18,17,16,14,11,10,15,23,21,18,18,14,13,15,16,19,22,21,19,18,15,13,15,16,18,23,23,22,21,20,19,18,16,16,17,18,18,19,20,20,24,24,23,23,22,21,18,14,17,18,19,20,20,25,24,24,23,23,21,19,20,20,22,26,25,25,24,16,16,15,18,19,20,20,22,26,25,24,19,14,18,21,22,23,24,28,23,16,18,20,24,26,25,25,24,21,17,15,18,19,20,21,21,25,20,19,18,19,23,25,27,26,26,25,25,19,19,18,18,17,18,27,24,24,21,20,20,19,17,18,25,29,25,25,21,20,20,19,21
70,8,7,9,14,15,23,7,7,6,6,9,7,6,5,6,7,8,8,12,7,6,5,4,5,5,11,16,5,9,10,4,4,9,12,16,5,4,3,5,10,12,4,3,3,2,8,9,13,4,2,2,6,7,3,3,2,1,2,6,6,7,8,9,10,21,3,2,5,12,0,3,4,4,9,1,4,6,10,10,11,12,13,14,2,2,11,12,12,13,14,14,6,6,7,9,13,7,7,8,10,13,15,4,7,10,4,7,9,10,13,13,4,5,8,13,4,19,7,5,12,14,16,20,9,12,13,13,14,21,7,9,13,18,19,10,12,14,15,17,18,14,27,15,19,24,13,18,18,19,10,20,21,10,14,18,19,19,20,22,11,13,14,15,18,20,21,26,11,11,14,15,18,20,25,27,29,12,12,15,15,19,20,26,26,28,12,12,13,13,14,15,16,26,27,27,28,29,30,30,31,13,12,13,13,14,15,18,21,27,28,29,30,31,14,13,13,14,14,16,30,30,31,32,15,14,13,14,21,22,23,29,30,30,31,32,15,14,15,20,25,29,31,32,33,35,16,18,26,28,31,34,15,16,16,18,20,24,26,29,29,31,31,32,36,23,23,25,30,33,36,16,17,18,18,19,24,25,25,26,26,28,18,20,21,24,24,25,25,27,29,36,18,20,21,25,25,26,26,31
71,11,10,7,10,12,19,10,10,9,9,6,10,9,9,7,7,5,5,8,10,9,9,8,7,7,8,13,8,6,7,8,6,6,8,13,8,8,6,4,7,8,7,7,6,5,4,6,10,7,5,4,3,4,7,6,5,4,4,2,3,3,5,6,7,18,6,5,2,8,3,0,1,1,5,4,1,3,7,7,8,8,10,11,4,3,8,8,9,9,10,11,2,3,4,6,9,3,4,4,7,10,12,5,4,7,6,4,6,7,9,10,7,6,5,10,8,15,10,8,9,10,13,17,6,9,9,10,10,18,9,6,10,14,15,7,9,11,12,14,15,11,24,12,16,21,10,14,15,15,10,16,18,12,10,15,15,16,17,19,12,10,11,12,14,17,18,23,14,13,11,12,15,16,22,24,26,14,13,12,12,15,17,23,23,25,15,14,14,13,12,12,13,23,24,24,25,25,26,27,27,16,15,15,14,14,13,14,18,24,25,26,27,27,17,16,15,15,14,13,26,27,27,29,18,17,16,15,18,19,19,25,26,27,27,29,18,16,16,16,21,25,28,29,30,31,20,14,23,25,27,31,18,17,16,15,17,21,23,25,26,27,28,29,32,19,20,21,26,30,32,19,18,18,17,16,21,21,22,23,23,25,19,17,18,20,21,21,22,24,25,32,21,17,18,21,22,23,23,28
72,12,10,7,10,12,19,11,10,10,9,6,10,10,9,8,7,6,5,8,10,10,9,8,8,7,7,13,9,5,6,8,7,5,8,13,9,8,7,4,7,8,8,7,7,6,4,6,9,8,6,5,2,3,7,7,6,5,4,2,2,3,4,6,6,17,7,6,1,8,4,1,0,1,5,4,1,2,6,7,7,8,9,10,4,4,7,8,8,9,10,10,2,2,3,5,9,3,3,4,7,9,11,6,3,6,7,3,5,6,9,9,7,7,4,9,8,15,10,9,8,10,13,16,6,8,9,9,10,17,9,7,9,14,15,7,8,10,11,13,14,10,24,12,15,20,9,14,14,15,11,16,17,12,10,14,15,15,16,18,13,10,10,11,14,16,17,22,15,14,10,11,14,16,21,23,25,14,14,11,12,15,16,22,23,24,15,15,14,14,13,12,13,23,23,24,24,25,26,26,27,16,16,15,15,14,13,14,18,24,24,25,26,27,18,16,16,15,15,13,26,26,27,29,19,18,17,16,18,18,19,25,26,26,27,29,19,17,16,16,21,25,27,29,29,31,20,15,23,24,27,30,18,18,17,16,16,20,22,25,25,27,28,28,32,19,19,21,26,29,32,19,19,18,18,17,20,21,21,22,23,24,19,16,17,20,20,21,21,24,25,32,21,18,17,21,21,22,23,27
73,12,11,8,9,11,18,12,11,10,10,7,11,10,10,8,8,7,6,7,11,10,10,9,8,8,7,12,9,5,5,9,7,4,7,12,9,9,7,5,6,7,8,8,7,7,3,5,9,8,7,5,2,3,8,7,6,6,5,1,2,2,4,5,6,16,7,6,1,7,4,1,1,0,4,5,1,2,6,6,7,7,9,10,5,4,7,7,8,8,9,10,2,2,3,4,8,2,3,3,6,9,10,6,3,6,7,4,5,5,8,9,8,7,4,9,9,14,11,9,8,9,12,16,6,8,8,9,9,16,10,7,9,13,14,8,8,10,10,13,14,10,23,11,15,20,9,13,14,14,12,15,16,13,9,14,14,15,16,18,13,11,10,10,13,16,16,21,15,14,11,10,14,15,21,23,25,15,14,12,11,14,16,21,22,24,16,15,15,14,13,12,12,22,23,23,24,24,25,26,26,17,16,16,15,15,14,13,17,23,24,25,26,26,18,17,16,16,15,14,25,26,26,28,19,18,18,16,17,18,18,24,25,26,26,28,19,18,17,15,20,24,27,28,29,30,21,15,22,24,26,30,19,18,18,16,16,20,21,24,25,26,27,27,31,18,19,20,25,29,31,20,19,19,18,18,20,20,21,21,22,24,20,17,16,19,20,20,21,23,24,31,22,18,18,20,21,21,22,27
74,16,15,12,7,7,14,16,15,15,14,11,15,15,14,13,12,11,10,7,15,15,14,13,13,12,7,8,14,7,7,13,12,7,4,8,14,13,12,9,4,3,13,12,12,11,5,4,4,13,11,10,6,5,12,12,10,10,9,6,5,4,3,2,1,12,12,10,5,3,9,5,5,4,0,9,6,4,1,2,2,3,4,6,9,9,2,3,3,4,5,6,7,6,5,3,4,7,6,5,3,4,6,10,7,4,12,8,6,5,4,4,12,12,8,4,13,10,15,14,7,5,8,12,10,8,7,7,6,12,14,12,8,9,10,12,10,8,7,8,9,9,19,9,10,15,12,9,9,10,16,11,12,17,14,9,10,10,12,13,18,15,14,14,11,12,12,17,20,19,15,15,12,11,16,18,20,19,19,16,15,12,12,17,18,19,20,20,19,19,18,16,15,18,18,19,19,20,21,21,22,21,21,20,20,19,18,15,13,19,19,20,21,22,23,21,21,20,20,18,21,21,22,24,24,23,22,21,14,13,14,20,21,21,22,24,24,22,21,16,16,20,23,24,24,26,25,20,18,19,22,25,23,23,22,21,18,15,17,20,20,22,23,23,27,17,16,16,21,24,27,24,24,23,23,22,16,16,16,17,18,19,24,21,21,18,18,17,16,19,20,27,26,23,22,18,18,17,18,23
75,8,7,9,14,16,23,8,7,7,6,9,7,7,6,7,7,8,9,12,7,7,6,5,5,6,12,17,5,10,10,5,4,9,12,17,6,5,3,6,11,12,4,4,3,3,8,10,14,4,3,3,7,8,4,3,2,2,2,6,7,7,9,10,10,21,3,2,6,12,1,4,4,5,9,0,4,6,9,10,10,11,13,14,1,2,10,11,12,12,13,14,5,5,7,8,12,6,7,7,10,13,14,3,7,9,3,7,9,9,12,13,4,4,8,13,4,18,6,4,12,13,16,20,9,12,12,13,13,20,6,9,13,17,18,9,12,14,14,16,18,14,27,15,19,24,13,17,18,18,10,19,20,10,13,18,18,19,20,21,10,13,14,14,17,20,20,25,10,10,14,14,18,19,25,26,29,11,12,14,15,18,20,25,26,27,11,12,12,13,14,15,16,26,26,27,27,28,29,30,30,12,12,12,13,13,14,17,21,27,27,29,30,30,13,12,13,13,14,15,29,30,30,32,14,13,13,14,21,21,22,28,29,30,30,32,14,14,14,19,24,28,31,32,32,34,16,17,26,27,30,34,15,15,16,17,20,24,25,28,29,30,31,31,35,22,23,24,29,32,35,16,16,17,18,18,24,24,25,25,26,27,17,20,20,23,24,24,25,27,28,35,17,20,20,24,25,25,26,31
76,12,11,8,10,12,19,12,11,10,10,7,11,10,10,8,8,7,6,8,11,10,10,9,8,8,8,13,9,6,7,9,7,6,8,13,9,9,7,5,7,8,8,8,7,7,4,6,10,8,7,5,3,4,8,7,6,6,5,2,3,3,5,6,7,18,7,6,2,8,4,1,1,1,6,4,0,2,6,6,7,7,9,10,4,3,7,7,8,8,9,10,1,2,3,4,8,2,3,3,6,9,10,5,3,6,6,3,5,5,8,9,7,6,4,9,8,14,10,8,8,9,12,16,5,8,8,9,9,16,9,6,9,13,14,7,8,10,10,13,14,10,23,11,15,20,9,13,14,14,10,15,16,12,9,14,14,15,16,18,12,10,10,10,13,16,16,21,14,13,10,10,14,15,21,23,25,14,13,10,11,14,16,21,22,24,15,14,14,13,12,11,12,22,23,23,24,24,25,26,26,16,15,15,14,14,13,13,17,23,24,25,26,26,17,16,15,15,14,13,25,26,26,28,18,17,16,15,17,18,18,24,25,26,26,28,18,16,16,15,20,24,27,28,29,30,20,14,22,24,26,30,18,17,16,15,16,20,21,24,25,26,27,27,31,18,19,20,25,29,31,19,18,18,17,16,20,20,21,21,22,24,19,16,16,19,20,20,21,23,24,31,21,17,16,20,21,21,22,27
77,14,13,9,9,10,18,13,13,12,12,8,13,12,12,10,9,8,8,7,13,12,12,10,10,9,6,12,11,4,5,10,9,4,7,12,11,10,9,7,6,7,10,9,9,8,3,4,8,10,8,7,3,2,9,9,8,7,7,3,2,2,3,4,5,16,9,8,2,7,6,3,2,2,4,6,2,0,4,4,5,5,7,8,5,5,5,5,6,7,8,8,3,2,1,3,7,3,2,2,4,7,9,7,3,4,8,4,3,4,7,7,8,8,4,7,9,13,12,10,6,8,10,14,7,6,7,7,8,15,10,8,7,12,13,8,6,8,9,11,12,8,21,9,13,18,8,12,12,13,12,14,15,13,10,12,13,13,14,16,14,12,10,10,12,14,15,20,16,15,12,11,12,14,19,21,23,15,15,12,12,13,14,20,20,22,16,16,15,15,14,13,12,20,21,21,22,23,24,24,25,18,17,16,16,15,14,12,15,21,22,23,24,25,19,18,17,16,16,14,24,24,25,26,20,19,18,17,15,16,16,23,24,24,25,26,20,18,18,14,19,23,25,26,27,29,21,16,20,22,25,28,19,19,18,17,14,18,20,23,23,25,25,26,30,16,17,19,24,27,30,20,20,19,19,18,18,19,19,20,20,22,20,18,17,18,18,19,19,21,23,30,23,19,18,19,19,20,20,25
78,18,16,13,8,7,14,17,16,16,15,12,16,16,15,14,13,12,12,8,16,16,15,14,14,13,8,8,15,8,8,14,13,8,5,8,15,14,13,10,5,4,14,13,13,12,7,5,4,14,12,11,7,6,13,13,12,11,10,7,6,6,4,3,2,12,13,12,6,3,10,7,6,6,1,9,6,4,0,1,1,2,3,4,9,9,1,2,2,3,4,4,7,6,5,3,3,7,6,5,3,3,5,10,7,4,12,8,6,5,3,3,12,12,8,3,13,9,15,14,7,5,7,10,10,8,7,7,6,11,14,12,8,8,9,12,10,8,7,7,8,9,18,9,9,14,12,8,8,9,16,10,11,17,14,9,9,9,10,12,18,15,14,14,11,10,11,16,20,19,15,15,12,10,15,17,19,19,19,16,15,12,10,16,16,18,20,20,19,19,18,16,15,16,17,18,18,19,20,20,21,21,21,20,20,19,18,15,12,18,18,19,20,21,23,21,21,20,20,18,20,20,21,23,24,23,22,21,14,13,13,19,20,20,21,23,24,22,21,16,15,19,21,23,23,25,25,20,16,18,21,24,23,23,22,21,18,14,16,19,19,21,21,22,26,17,16,15,20,23,26,24,24,23,23,22,16,16,15,16,16,18,24,21,21,18,18,17,16,18,19,26,26,23,22,18,18,17,16,21
79,18,17,14,9,7,13,18,17,16,16,13,17,16,16,14,14,13,12,9,17,16,16,15,14,14,8,7,15,9,8,15,13,8,6,7,15,15,13,11,6,4,14,14,13,13,7,5,4,14,13,12,8,7,14,13,12,12,11,7,7,6,4,3,3,12,13,12,7,2,10,7,7,6,2,10,6,4,1,0,1,1,3,4,10,9,1,1,2,2,3,4,7,7,5,4,2,7,7,6,3,3,4,11,8,5,12,9,7,6,3,3,13,12,9,4,14,8,16,14,7,5,6,10,11,8,8,7,7,10,15,12,8,7,8,13,10,8,8,7,8,9,17,9,9,14,13,8,8,8,16,9,10,18,14,10,9,9,10,12,18,16,15,14,12,10,10,15,20,19,16,15,12,10,15,16,19,20,19,16,16,13,11,15,16,18,21,20,20,19,18,17,16,16,16,17,18,18,19,20,20,22,21,21,20,20,19,16,12,17,18,19,20,20,23,22,21,21,20,19,19,20,20,22,24,23,23,21,14,14,13,18,19,20,20,22,24,23,22,17,14,18,21,22,23,24,26,20,16,18,20,24,24,23,23,21,19,15,15,18,19,20,21,21,25,18,17,15,19,23,25,25,24,24,23,23,17,16,16,15,16,18,25,22,21,19,18,18,17,17,18,25,27,23,23,19,18,18,17,21
80,19,18,14,9,8,13,18,18,17,16,13,18,17,16,15,14,13,13,9,18,17,16,15,15,14,9,7,16,9,9,15,14,9,6,7,16,15,14,12,6,5,15,14,14,13,8,6,3,15,13,12,8,7,14,14,13,12,12,8,7,7,5,4,3,11,14,13,7,2,11,8,7,7,2,10,7,5,1,1,0,1,2,3,10,10,1,1,1,2,3,3,8,7,6,4,2,8,7,7,4,2,4,12,8,5,13,9,7,7,4,3,13,13,9,4,14,8,16,15,8,6,5,9,12,9,8,8,7,10,15,13,9,7,8,13,11,9,8,6,7,10,16,10,8,13,13,9,8,8,17,9,10,18,15,10,10,9,9,11,19,16,15,15,12,9,10,15,21,20,16,16,13,11,14,16,18,20,20,17,16,13,12,15,15,17,21,21,20,20,19,18,16,15,16,16,17,18,19,19,20,23,22,21,21,20,19,16,13,16,17,18,19,20,24,23,22,21,21,19,19,19,20,21,25,24,23,22,15,14,14,18,19,19,20,21,25,23,23,18,14,18,20,21,22,24,26,21,15,17,20,23,24,24,23,22,19,15,15,18,18,20,20,21,25,18,18,16,19,22,25,25,25,24,24,23,18,17,16,16,15,17,25,23,22,19,19,18,18,16,18,25,27,24,23,19,19,18,18,20
81,19,18,15,10,8,12,19,18,18,17,14,18,18,17,15,15,14,13,10,18,18,17,16,15,15,9,6,16,10,9,16,14,9,7,6,16,16,14,12,7,6,15,15,14,14,8,7,3,15,14,13,9,8,15,14,13,13,12,8,8,7,6,4,4,10,14,13,8,1,12,8,8,7,3,11,7,5,2,1,1,0,2,3,11,10,2,1,1,1,2,3,8,8,7,5,1,8,8,7,4,2,3,12,9,6,13,10,8,7,4,4,14,13,10,5,15,7,17,15,8,7,5,9,12,9,9,8,8,9,16,13,9,6,7,14,12,9,9,7,7,10,16,10,8,13,14,9,9,8,18,8,9,19,15,11,10,10,9,10,19,17,16,15,13,10,9,14,21,20,17,16,13,12,14,15,18,21,20,18,17,14,12,14,15,16,22,21,21,20,19,18,17,15,15,16,16,17,18,19,19,23,23,22,21,21,20,17,13,16,16,18,19,19,24,23,23,22,21,20,18,19,19,21,25,24,24,23,15,15,14,17,18,19,19,21,25,24,23,18,13,17,20,21,21,23,27,21,15,16,19,23,25,24,24,23,20,16,14,17,18,19,20,20,24,19,18,16,18,21,24,26,25,25,24,24,18,18,17,16,16,16,26,23,23,20,19,19,18,16,17,24,28,24,24,20,19,19,18,20
82,21,20,16,12,10,10,20,20,19,19,15,20,19,19,17,16,15,15,12,20,19,19,18,17,16,11,5,18,12,11,18,16,11,8,4,18,18,16,14,8,7,17,16,16,15,10,8,4,17,15,14,10,9,16,16,15,14,14,10,9,9,7,6,6,9,16,15,9,3,13,10,9,9,4,13,9,7,3,3,2,2,0,1,13,12,3,3,2,2,1,1,10,9,8,7,3,10,9,9,6,3,2,14,10,8,15,12,9,9,6,5,15,15,12,7,16,5,19,17,10,8,5,7,14,11,10,10,9,8,18,15,11,7,5,15,13,11,10,8,7,12,14,12,8,11,15,11,10,10,19,10,9,20,17,13,12,12,10,9,21,19,18,17,14,12,11,13,23,22,19,18,15,13,12,14,16,23,22,19,19,15,14,13,13,15,24,23,23,22,21,20,19,13,14,14,15,15,16,17,18,25,24,24,23,23,21,19,15,14,15,16,17,18,26,25,24,24,23,21,16,17,18,19,27,26,25,24,17,16,16,15,16,17,18,19,27,25,25,20,15,15,18,19,20,21,29,23,14,15,18,21,26,26,25,24,21,18,16,15,16,18,18,19,23,20,20,18,16,20,23,27,27,26,26,25,20,19,19,18,18,16,27,25,24,21,21,20,20,18,16,23,30,26,25,21,21,20,20,18
83,22,21,18,13,11,9,21,21,20,20,16,21,20,20,18,18,16,16,13,21,20,20,19,18,18,12,7,19,13,12,19,17,12,9,4,19,19,17,15,9,8,18,18,17,16,11,9,6,18,16,15,12,10,18,17,16,15,15,11,10,10,8,7,7,8,17,16,10,4,14,11,10,10,6,14,10,8,4,4,3,3,1,0,14,13,4,4,3,3,2,1,11,10,9,8,4,11,10,10,7,4,3,15,12,9,16,13,10,10,7,7,16,16,13,8,18,4,20,18,11,9,7,6,15,12,12,11,10,7,19,16,12,8,7,16,14,12,12,9,8,13,13,13,9,10,16,12,12,11,20,11,10,21,18,14,13,13,12,10,22,20,19,18,15,13,12,12,24,23,20,19,16,14,11,13,15,24,23,20,20,16,15,12,12,14,25,24,24,23,22,21,20,12,13,13,14,14,15,16,16,26,25,25,24,24,23,20,16,13,14,15,16,16,27,26,25,25,24,23,15,16,16,18,28,27,26,25,18,18,17,14,15,16,16,18,28,26,26,21,16,14,17,18,19,20,30,24,15,14,16,20,27,27,26,25,23,19,17,14,15,16,17,18,21,21,21,19,15,19,21,29,28,27,27,26,21,20,20,19,19,17,29,26,25,23,22,21,21,19,18,21,31,27,26,23,22,21,21,17
84,9,8,9,14,16,23,9,8,8,7,9,8,8,7,7,7,8,9,12,8,8,7,6,5,6,12,17,7,10,10,6,4,9,12,17,7,6,4,6,11,12,5,5,4,4,8,10,14,5,4,3,7,8,5,4,3,3,2,6,7,7,9,10,10,21,4,3,6,12,2,4,4,5,9,1,4,5,9,10,10,11,13,14,0,1,9,10,10,11,12,13,4,4,6,7,11,5,6,6,9,12,13,2,6,8,2,5,8,8,11,12,3,3,7,12,4,17,6,4,10,12,15,19,8,10,11,12,12,19,5,8,12,16,17,8,10,13,13,15,16,13,26,14,18,23,12,16,16,17,9,18,19,9,12,16,17,18,19,20,9,12,13,13,16,19,19,24,10,9,13,13,16,18,24,25,27,10,10,13,14,17,19,24,25,26,11,10,11,12,13,14,15,25,25,26,26,27,28,29,29,12,12,11,12,12,13,16,20,26,26,27,29,29,13,12,12,12,13,14,28,29,29,31,14,13,13,13,20,20,21,27,28,29,29,31,14,13,13,18,23,27,30,31,31,33,16,16,25,26,29,32,14,14,15,16,19,23,24,27,27,29,30,30,34,21,21,23,28,31,34,15,15,16,16,17,23,23,24,24,25,26,16,19,19,22,23,23,24,26,27,34,17,19,19,23,24,24,25,30
85,10,9,9,14,15,23,9,9,8,8,9,9,8,8,6,7,8,8,12,9,8,8,7,6,5,11,16,7,9,10,7,5,9,12,16,7,7,5,5,10,12,6,5,5,4,8,9,13,6,4,3,6,7,6,5,4,3,3,6,6,7,8,9,10,21,5,4,5,12,2,3,4,4,9,2,3,5,9,9,10,10,12,13,1,0,9,9,10,10,12,12,3,4,5,7,10,4,5,6,8,11,13,2,5,8,3,5,7,8,10,11,3,3,6,11,4,16,7,5,10,12,14,18,7,10,10,11,12,19,5,7,11,15,16,8,10,12,13,15,16,12,25,13,17,22,11,15,16,16,8,18,19,8,12,16,16,17,18,20,9,11,12,13,15,18,19,24,11,10,12,13,16,18,23,25,27,10,10,13,13,16,18,24,24,26,12,11,10,11,12,13,14,24,25,25,26,26,27,28,29,13,12,12,11,12,13,15,19,25,26,27,28,29,14,13,12,12,12,14,27,28,29,30,15,14,13,12,19,20,20,26,28,28,29,30,15,13,13,18,23,26,29,30,31,32,16,15,24,26,29,32,14,14,14,15,18,22,24,26,27,29,29,30,34,20,21,23,27,31,34,15,15,15,16,16,22,23,23,24,24,26,15,18,19,21,22,23,23,25,26,34,18,18,19,23,23,24,24,29
86,19,18,14,9,8,14,18,18,17,16,13,18,17,16,15,14,13,13,9,18,17,16,15,15,14,9,8,16,9,9,15,14,9,6,8,16,15,14,12,6,5,15,14,14,13,8,6,4,15,13,12,8,7,14,14,13,12,12,8,7,7,5,4,3,12,14,13,7,3,11,8,7,7,2,10,7,5,1,1,1,2,3,4,9,9,0,1,1,2,3,3,7,6,5,3,2,7,6,5,3,2,4,10,7,4,12,8,6,5,3,2,12,12,8,3,13,8,15,14,7,5,6,9,10,8,7,7,6,10,14,12,8,7,8,12,10,8,7,6,7,9,16,9,8,13,12,8,7,8,16,9,10,17,14,9,9,8,9,11,18,15,14,14,11,9,10,15,20,19,15,15,12,10,14,16,18,19,19,16,15,12,10,15,15,17,20,20,19,19,18,16,15,15,16,16,17,18,19,19,20,21,21,20,20,19,18,15,12,16,17,18,19,20,23,21,21,20,20,18,19,19,20,21,24,23,22,21,14,13,13,18,19,19,20,21,24,22,21,16,14,18,20,21,22,24,25,20,15,17,20,23,23,23,22,21,18,14,15,18,18,20,20,21,25,17,16,15,19,22,25,24,24,23,23,22,16,16,15,15,15,17,24,21,21,18,18,17,16,16,18,25,26,23,22,18,18,17,16,20
87,19,18,15,10,8,13,19,18,18,17,14,18,18,17,15,15,14,13,10,18,18,17,16,15,15,9,7,16,10,9,16,14,9,7,7,16,16,14,12,7,6,15,15,14,14,8,7,4,15,14,13,9,8,15,14,13,13,12,8,8,7,6,4,4,12,14,13,8,2,12,8,8,7,3,11,7,5,2,1,1,1,3,4,10,9,1,0,1,1,2,3,7,7,6,4,1,7,7,6,3,2,3,11,8,5,12,9,7,6,3,3,13,12,9,4,14,7,16,14,7,6,5,9,11,8,8,7,7,9,15,12,8,6,7,13,10,8,8,6,7,9,16,9,8,13,13,8,8,7,16,8,9,18,14,10,9,9,9,10,18,16,15,14,12,9,9,14,20,19,16,15,12,10,14,15,18,20,19,16,16,13,11,14,15,16,21,20,20,19,18,17,16,15,15,16,16,17,18,19,19,22,21,21,20,20,19,16,12,16,16,18,19,19,23,22,21,21,20,19,18,19,19,21,24,23,23,21,14,14,13,17,18,19,19,21,24,23,22,17,13,17,20,21,21,23,26,20,15,16,19,23,24,23,23,21,19,15,14,17,18,19,20,20,24,18,17,15,18,21,24,25,24,24,23,23,17,16,16,15,15,16,25,22,21,19,18,18,17,16,17,24,27,23,23,19,18,18,17,20
88,20,19,15,10,9,13,19,19,18,18,14,19,18,18,16,15,14,14,10,19,18,18,16,16,15,10,7,17,10,10,16,15,10,7,7,17,16,15,13,7,6,16,15,15,14,9,7,3,16,14,13,9,8,15,15,14,13,13,9,8,8,6,5,4,11,15,14,8,2,12,9,8,8,3,12,8,6,2,2,1,1,2,3,10,10,1,1,0,1,2,2,8,7,6,4,1,8,7,7,4,1,3,12,8,5,13,9,7,7,4,3,13,13,9,4,14,7,16,15,8,6,4,8,12,9,8,8,7,9,15,13,9,6,7,13,11,9,8,6,6,10,15,10,7,12,13,9,8,8,17,8,9,18,15,10,10,9,8,10,19,16,15,15,12,9,9,14,21,20,16,16,13,11,13,15,17,20,20,17,16,13,12,14,14,16,21,21,20,20,19,18,16,14,15,15,16,16,18,18,19,23,22,21,21,20,19,16,13,15,16,17,18,19,24,23,22,21,21,19,18,18,19,20,25,24,23,22,15,14,14,16,18,18,19,20,25,23,23,18,13,16,19,20,21,23,26,21,14,16,19,22,24,24,23,22,19,15,14,16,17,19,19,20,24,18,18,16,18,21,24,25,25,24,24,23,18,17,16,16,15,16,25,23,22,19,19,18,18,15,16,24,27,24,23,19,19,18,18,19
89,20,19,16,11,9,12,20,19,19,18,15,19,19,18,16,16,15,14,11,19,19,18,17,16,16,10,6,18,11,10,17,15,10,8,6,18,17,15,13,8,7,16,16,15,15,9,8,4,16,15,14,10,9,16,15,14,14,13,9,9,8,7,6,5,10,15,14,9,2,13,9,9,8,4,12,8,7,3,2,2,1,2,3,11,10,2,1,1,0,1,2,8,8,7,5,1,8,8,7,4,2,2,12,9,6,13,10,8,7,4,4,14,13,10,5,15,6,17,15,8,7,4,8,12,9,9,8,8,8,16,13,9,5,6,14,12,9,9,7,6,10,15,10,7,12,14,9,9,8,18,8,8,19,15,11,10,10,9,9,19,17,16,15,13,10,9,13,21,20,17,16,13,12,13,14,16,21,20,18,17,14,12,13,14,15,22,21,21,20,19,18,17,14,14,15,15,16,17,18,18,23,23,22,21,21,20,17,13,15,15,16,18,18,24,23,23,22,21,20,17,18,18,20,25,24,24,23,15,15,14,16,17,18,18,20,25,24,23,18,13,16,19,20,20,22,27,21,14,15,18,21,25,24,24,23,20,16,14,16,16,18,19,19,23,19,18,16,17,20,23,26,25,25,24,24,18,18,17,16,16,15,26,23,23,20,19,19,18,16,16,23,28,24,24,20,19,19,18,19
90,21,20,17,12,10,11,21,20,20,19,16,20,20,19,18,17,16,15,12,20,20,19,18,18,17,12,6,19,12,12,18,16,12,9,5,19,18,16,14,9,8,18,17,16,16,10,9,5,18,16,15,11,10,17,16,15,15,14,10,10,9,8,7,6,9,16,15,10,3,14,10,10,9,5,13,9,8,4,3,3,2,1,2,12,12,3,2,2,1,0,1,9,9,8,6,2,9,9,8,5,3,1,13,10,7,14,11,9,8,5,5,15,14,11,6,16,5,18,16,9,8,5,7,13,10,10,9,9,7,17,14,10,6,5,15,13,10,10,8,7,12,14,12,8,10,15,10,10,9,19,9,8,20,16,12,12,11,10,8,20,18,17,16,14,11,10,12,23,21,18,18,14,13,12,13,15,22,21,19,18,15,13,12,13,14,23,23,22,21,20,19,18,13,13,14,14,15,16,16,17,24,24,23,23,22,21,18,14,14,14,15,16,17,25,24,24,23,23,21,16,16,17,19,26,25,25,24,16,16,15,15,16,16,17,19,26,25,24,19,14,15,18,19,19,21,28,23,14,14,17,20,26,25,25,24,21,17,15,15,15,17,18,18,22,20,19,18,16,19,22,27,26,26,25,25,19,19,18,18,17,15,27,24,24,21,20,20,19,17,16,22,29,25,25,21,20,20,19,18
91,22,21,18,13,11,10,21,21,20,20,16,21,20,20,18,18,16,16,13,21,20,20,19,18,18,12,7,19,13,12,19,17,12,9,4,19,19,17,15,9,8,18,18,17,16,11,9,6,18,16,15,12,10,18,17,16,15,15,11,10,10,8,7,7,9,17,16,10,4,14,11,10,10,6,14,10,8,4,4,3,3,1,1,13,12,3,3,2,2,1,0,10,9,8,7,3,10,9,9,6,3,2,14,10,8,15,12,9,9,6,6,15,15,12,7,16,4,19,17,10,8,6,6,14,11,10,10,9,7,18,15,11,7,6,15,13,11,10,8,7,12,13,12,8,10,15,11,10,10,19,10,9,20,17,13,12,12,10,9,21,19,18,17,14,12,11,12,23,22,19,18,15,13,11,13,15,23,22,19,19,15,14,12,12,14,24,23,23,22,21,20,19,12,13,13,14,14,15,16,16,25,24,24,23,23,21,19,15,13,14,15,16,16,26,25,24,24,23,21,15,16,16,18,27,26,25,24,17,16,16,14,15,16,16,18,27,25,25,20,15,14,17,18,19,20,29,23,14,14,16,20,26,26,25,24,21,18,16,14,15,16,17,18,21,20,20,18,15,19,21,27,27,26,26,25,20,19,19,18,18,16,28,25,24,21,21,20,20,18,16,21,30,26,25,21,21,20,20,17
92,13,12,9,12,13,20,13,12,12,11,8,12,12,11,9,9,8,7,9,12,12,11,10,9,9,9,14,10,7,8,10,8,7,9,14,10,10,8,6,8,9,9,9,8,8,6,7,11,9,8,7,4,5,9,8,7,7,6,3,4,4,6,7,8,19,8,7,3,9,6,2,2,2,7,5,1,3,7,7,8,8,10,11,4,3,7,7,8,8,9,10,0,1,2,3,7,1,2,2,5,8,9,4,2,4,5,2,4,4,7,8,5,5,3,8,7,13,9,7,7,8,11,15,4,7,7,8,8,15,8,5,8,12,13,5,7,9,9,12,13,9,22,10,14,19,8,12,13,13,9,14,15,10,8,13,13,14,15,16,11,9,9,9,12,15,15,20,13,12,9,9,13,14,20,21,24,13,12,9,10,13,15,20,21,23,14,13,13,12,11,10,11,21,21,22,23,23,24,25,25,15,14,14,13,13,12,12,16,22,23,24,25,25,16,15,14,14,13,12,24,25,25,27,17,16,15,14,16,16,17,23,24,25,25,27,17,15,15,14,19,23,26,27,27,29,19,13,21,23,25,29,16,16,15,14,15,19,20,23,24,25,26,26,30,17,18,19,24,27,30,18,17,16,16,15,19,19,20,20,21,23,18,15,15,18,19,19,20,22,23,30,20,16,15,19,20,20,21,26
93,14,13,9,11,13,20,13,13,12,12,8,13,12,12,10,9,8,8,9,13,12,12,10,10,9,8,14,11,7,7,10,9,6,9,14,11,10,9,7,8,9,10,9,9,8,5,7,10,10,8,7,3,4,9,9,8,7,7,3,3,4,6,7,7,18,9,8,2,9,6,3,2,2,6,5,2,2,6,7,7,8,9,10,4,4,6,7,7,8,9,9,1,0,1,3,7,1,1,2,4,7,9,4,1,4,5,2,3,4,7,7,6,5,2,7,7,13,9,8,6,8,10,14,4,6,7,7,8,15,8,5,7,12,13,6,6,8,9,11,12,8,21,9,13,18,7,12,12,13,10,14,15,11,8,12,13,13,14,16,12,9,8,9,12,14,15,20,14,13,9,9,12,14,19,21,23,13,13,10,9,13,14,20,20,22,14,14,13,13,12,10,10,20,21,21,22,23,24,24,25,15,15,14,14,13,12,12,15,21,22,23,24,25,16,15,15,14,14,12,24,24,25,26,18,16,16,15,15,16,16,23,24,24,25,26,18,16,15,14,19,23,25,26,27,29,19,14,20,22,25,28,17,16,16,15,14,18,20,23,23,25,25,26,30,16,17,19,24,27,30,18,18,17,16,16,18,19,19,20,20,22,18,15,15,18,18,19,19,21,23,30,20,16,16,19,19,20,20,25
94,15,14,10,10,12,19,14,14,13,13,9,14,13,13,11,10,9,9,8,14,13,13,12,11,10,7,13,12,5,6,12,10,5,8,13,12,12,10,8,7,8,11,10,10,9,4,6,9,11,9,8,4,3,10,10,9,8,8,4,3,3,4,6,6,17,10,9,3,8,7,4,3,3,5,7,3,1,5,5,6,7,8,9,6,5,5,6,6,7,8,8,2,1,0,2,5,2,1,1,3,6,8,6,2,3,7,3,2,3,5,6,7,7,3,6,8,12,10,9,5,7,9,13,6,5,6,6,7,14,9,7,6,10,12,7,5,7,8,10,11,7,20,8,12,17,7,10,11,12,11,13,14,12,9,11,12,12,13,15,13,10,9,9,10,13,14,19,15,14,10,10,11,13,18,20,22,14,14,11,10,12,13,19,19,21,15,15,14,14,13,12,10,19,20,20,21,21,23,23,24,16,16,15,15,14,13,10,14,20,21,22,23,24,18,16,16,15,15,13,23,23,24,25,19,18,17,16,14,15,15,21,23,23,24,25,19,17,16,13,18,21,24,25,26,27,20,15,19,21,24,27,18,18,17,16,13,17,19,21,22,24,24,25,29,15,16,18,23,26,29,19,19,18,18,17,17,18,18,19,19,21,19,16,16,16,17,18,18,20,21,29,21,18,17,18,18,19,19,24
95,16,15,12,8,10,17,16,15,15,14,11,15,15,14,13,12,11,10,7,15,15,14,13,13,12,7,11,14,7,7,13,12,7,6,11,14,13,12,9,5,6,13,12,12,11,6,4,8,13,11,10,6,5,12,12,10,10,9,6,5,4,3,4,4,15,12,10,5,6,9,6,5,4,3,8,4,3,3,4,4,5,7,8,7,7,3,4,4,5,6,7,3,3,2,0,4,3,3,2,2,4,6,7,4,1,8,5,3,2,4,4,9,8,5,4,10,10,12,10,3,5,8,12,7,4,4,4,5,12,11,8,4,9,10,9,7,5,6,8,9,5,19,7,10,15,9,9,9,10,13,11,12,14,10,9,10,10,12,13,14,12,11,10,9,12,12,17,16,15,12,12,9,11,16,18,20,16,15,13,12,10,12,17,18,19,17,16,16,15,14,13,12,18,18,19,19,20,21,21,22,18,18,17,16,16,15,12,13,19,19,20,21,22,19,18,18,17,16,15,21,21,22,24,20,19,19,18,13,13,14,20,21,21,22,24,20,19,18,13,16,20,23,24,24,26,22,16,18,19,22,25,20,19,19,18,15,15,17,20,20,22,23,23,27,14,14,16,21,24,27,21,20,20,19,19,15,16,16,17,18,19,21,18,18,15,15,16,16,19,20,27,23,19,19,16,16,17,18,23
96,20,19,16,11,9,13,20,19,19,18,15,19,19,18,16,16,15,14,11,19,19,18,17,16,16,10,7,18,11,10,17,15,10,8,7,18,17,15,13,8,7,16,16,15,15,9,8,4,16,15,14,10,9,16,15,14,14,13,9,9,8,7,6,5,12,15,14,9,2,13,9,9,8,4,12,8,7,3,2,2,1,3,4,11,10,2,1,1,1,2,3,7,7,5,4,0,7,7,6,3,1,2,11,8,5,12,9,7,6,3,3,13,12,9,4,14,6,16,14,7,5,4,8,11,8,8,7,7,8,15,12,8,5,6,13,10,8,8,5,6,9,15,9,7,12,13,8,8,7,16,7,8,18,14,10,9,9,8,9,18,16,15,14,12,9,8,13,20,19,16,15,12,10,13,14,16,20,19,16,16,13,11,13,14,15,21,20,20,19,18,17,16,14,14,15,15,16,17,18,18,22,21,21,20,20,19,16,12,15,15,16,18,18,23,22,21,21,20,19,17,18,18,20,24,23,23,21,14,14,13,16,17,18,18,20,24,23,22,17,12,16,19,20,20,22,26,20,14,15,18,21,24,23,23,21,19,15,13,16,16,18,19,19,23,18,17,15,17,20,23,25,24,24,23,23,17,16,16,15,15,15,25,22,21,19,18,18,17,15,16,23,27,23,23,19,18,18,17,19
97,14,13,10,12,13,20,14,13,13,12,9,13,13,12,10,10,9,8,9,13,13,12,11,10,10,9,14,12,7,8,11,9,7,9,14,12,11,9,7,8,9,10,10,9,9,5,7,11,10,9,8,4,5,10,9,8,8,7,3,4,4,6,7,8,19,9,8,3,9,7,3,3,2,7,6,2,3,7,7,8,8,10,11,5,4,7,7,8,8,9,10,1,1,2,3,7,0,1,1,4,7,8,4,1,3,5,2,3,3,6,7,6,5,2,7,7,12,9,7,6,7,10,14,4,6,6,7,7,14,8,5,7,11,12,6,6,8,8,10,12,8,21,9,13,18,7,11,12,12,9,13,14,10,7,12,12,13,14,15,11,9,8,8,11,14,14,19,13,12,9,8,12,13,19,20,23,13,12,9,9,12,14,19,20,21,14,13,13,12,11,10,10,20,20,21,21,22,23,24,24,15,14,14,13,13,12,11,15,21,21,23,24,24,16,15,14,14,13,12,23,24,24,26,17,16,15,14,15,15,16,22,23,24,24,26,17,15,15,13,18,22,25,26,26,28,19,13,20,21,24,27,16,16,15,14,14,18,19,22,23,24,25,25,29,16,16,18,23,26,29,18,17,16,16,15,18,18,19,19,20,21,18,15,14,17,18,18,19,21,22,29,20,16,15,18,19,19,20,25
98,15,14,10,11,13,20,14,14,13,13,9,14,13,13,11,10,9,9,9,14,13,13,12,11,10,8,14,12,7,7,12,10,6,9,14,12,12,10,8,8,9,11,10,10,9,5,7,10,11,9,8,4,4,10,10,9,8,8,4,3,4,6,7,7,18,10,9,3,9,7,4,3,3,6,7,3,2,6,7,7,8,9,10,6,5,6,7,7,8,9,9,2,1,1,3,7,1,0,1,3,6,8,4,1,3,6,2,2,3,5,6,6,6,2,6,7,12,9,8,5,7,9,13,4,5,6,6,7,14,8,6,6,10,12,6,5,7,8,10,11,7,20,8,12,17,6,10,11,12,10,13,14,11,8,11,12,12,13,15,12,9,8,8,10,13,14,19,14,13,9,9,11,13,18,20,22,13,13,10,9,12,13,19,19,21,14,14,13,13,12,10,9,19,20,20,21,21,23,23,24,15,15,14,14,13,12,10,14,20,21,22,23,24,16,15,15,14,14,12,23,23,24,25,18,16,16,15,14,15,15,21,23,23,24,25,18,16,15,13,18,21,24,25,26,27,19,14,19,21,24,27,17,16,16,15,13,17,19,21,22,24,24,25,29,15,16,18,23,26,29,18,18,17,16,16,17,18,18,19,19,21,18,15,15,16,17,18,18,20,21,29,20,16,16,18,18,19,19,24
99,15,14,11,10,12,19,15,14,14,13,10,14,14,13,12,11,10,9,8,14,14,13,12,12,11,8,13,13,6,7,12,10,6,8,13,13,12,10,8,7,8,12,11,10,10,4,6,10,12,10,9,5,4,11,10,9,9,8,4,4,3,5,6,7,18,10,9,4,8,8,4,4,3,5,7,3,2,5,6,7,7,9,10,6,6,5,6,7,7,8,9,2,2,1,2,6,1,1,0,3,5,7,5,2,2,6,3,2,2,5,5,7,6,3,6,8,11,10,8,4,6,9,13,5,4,5,6,6,13,9,6,6,10,11,7,4,7,7,9,10,7,20,8,12,16,7,10,10,11,10,12,13,12,8,10,11,12,13,14,12,10,9,8,10,13,13,18,14,13,10,9,10,12,18,19,21,14,13,10,10,11,13,18,19,20,15,14,14,13,12,11,10,19,19,20,20,21,22,23,23,16,15,15,14,14,13,10,14,20,20,21,23,23,17,16,15,15,14,13,22,23,23,25,18,17,16,15,14,14,15,21,22,23,23,25,18,16,16,12,17,21,24,25,25,27,20,14,19,20,23,26,18,17,16,15,13,16,18,21,21,23,24,24,28,15,15,17,22,25,28,19,18,18,17,16,16,17,18,18,19,20,19,16,15,16,16,17,18,20,21,28,21,17,16,17,18,18,19,24
100,18,17,14,9,9,16,18,17,16,16,13,17,16,16,14,14,13,12,9,17,16,16,15,14,14,8,10,15,9,8,15,13,8,6,10,15,15,13,11,6,5,14,14,13,13,7,5,7,14,13,12,8,7,14,13,12,12,11,7,7,6,4,3,4,15,13,12,7,5,10,7,7,6,3,10,6,4,3,3,4,4,6,7,9,8,3,3,4,4,5,6,5,4,3,2,3,4,3,3,0,3,4,8,4,2,9,6,3,3,2,3,9,9,6,3,10,8,13,11,4,3,6,10,8,5,4,4,3,10,12,9,5,7,8,9,7,5,4,7,8,6,17,6,9,14,9,7,8,8,13,9,10,14,11,8,8,9,10,12,15,13,12,11,8,10,10,15,17,16,13,12,9,9,15,16,19,16,16,13,13,9,10,15,16,18,18,17,16,16,15,14,13,16,16,17,18,18,19,20,20,19,18,18,17,16,15,13,11,17,18,19,20,20,20,19,18,18,17,15,19,20,20,22,21,20,19,18,11,12,12,18,19,20,20,22,21,19,19,14,14,18,21,22,23,24,23,17,16,18,20,24,20,20,19,18,15,14,15,18,19,20,21,21,25,14,14,14,19,23,25,21,21,20,20,19,14,14,15,15,16,18,21,19,18,15,15,14,15,17,18,25,24,20,19,15,15,15,16,21
101,21,20,16,12,10,14,20,20,19,19,15,20,19,19,17,16,15,15,12,20,19,19,18,17,16,11,8,18,12,11,18,16,11,8,8,18,18,16,14,8,7,17,16,16,15,10,8,4,17,15,14,10,9,16,16,15,14,14,10,9,9,7,6,6,12,16,15,9,3,13,10,9,9,4,13,9,7,3,3,2,2,3,4,12,11,2,2,1,2,3,3,8,7,6,4,1,7,6,5,3,0,2,10,7,4,12,8,6,5,3,2,12,12,8,3,13,5,15,14,7,5,3,7,10,8,7,7,6,8,14,12,8,4,6,12,10,8,7,5,5,9,14,9,6,11,12,8,7,7,16,7,8,17,14,9,9,8,7,9,18,15,14,14,11,8,8,13,20,19,15,15,12,10,12,14,16,19,19,16,15,12,10,13,13,15,20,20,19,19,18,16,15,13,14,14,15,15,16,17,18,21,21,20,20,19,18,15,12,14,15,16,17,18,23,21,21,20,20,18,16,17,18,19,24,23,22,21,14,13,13,15,16,17,18,19,24,22,21,16,12,15,18,19,20,21,25,20,13,15,18,21,23,23,22,21,18,14,13,15,16,18,18,19,23,17,16,15,16,20,23,24,24,23,23,22,16,16,15,15,14,15,24,21,21,18,18,17,16,14,15,23,26,23,22,18,18,17,16,18
102,23,21,18,13,12,12,22,21,21,20,17,21,21,20,19,18,17,16,13,21,21,20,19,19,18,13,7,20,13,13,19,18,13,10,6,20,19,18,15,10,9,19,18,18,17,12,10,6,19,17,16,12,11,18,18,16,16,15,12,11,10,9,8,7,10,18,16,11,4,15,12,11,10,6,14,10,9,5,4,4,3,2,3,13,13,4,3,3,2,1,2,9,9,8,6,2,8,8,7,4,2,0,12,9,6,13,10,8,7,4,4,14,13,10,5,15,4,17,15,8,7,4,6,12,9,9,8,8,6,16,13,9,5,4,14,12,9,9,7,6,10,13,10,7,9,14,9,9,8,18,8,7,19,15,11,10,10,9,7,19,17,16,15,13,10,9,11,21,20,17,16,13,12,10,12,14,21,20,18,17,14,12,11,12,13,22,21,21,20,19,18,17,12,12,13,13,14,15,15,16,23,23,22,21,21,20,17,13,13,13,14,15,16,24,23,23,22,21,20,15,15,16,18,25,24,24,23,15,15,14,14,15,15,16,18,25,24,23,18,13,14,16,18,18,20,27,21,13,13,16,19,25,24,24,23,20,16,14,14,14,16,16,17,21,19,18,16,15,18,21,26,25,25,24,24,18,18,17,16,16,14,26,23,23,20,19,19,18,16,15,21,28,24,24,20,19,19,18,16
103,12,10,10,15,17,24,11,10,10,9,10,10,10,9,8,8,9,10,13,10,10,9,8,8,7,13,18,9,11,12,8,7,10,13,18,9,8,7,7,12,13,8,7,7,6,9,11,15,8,6,5,8,9,7,7,6,5,4,7,8,8,10,11,12,23,7,6,7,13,4,5,6,6,10,3,5,7,10,11,12,12,14,15,2,2,10,11,12,12,13,14,4,4,6,7,11,4,4,5,8,10,12,0,3,6,1,3,5,6,9,9,2,1,4,9,3,15,5,3,8,10,13,16,6,8,9,9,10,17,4,5,9,14,15,6,8,10,11,13,14,10,24,12,15,20,9,14,14,15,7,16,17,7,10,14,15,15,16,18,7,9,10,11,14,16,17,22,9,8,10,11,14,16,21,23,25,9,8,11,12,15,16,22,23,24,10,9,9,9,10,12,13,23,23,24,24,25,26,26,27,11,10,10,9,10,11,14,18,24,24,25,26,27,12,11,10,10,10,12,26,26,27,29,13,12,12,10,18,18,19,25,26,26,27,29,13,12,11,16,21,25,27,29,29,31,15,14,23,24,27,30,13,12,13,14,16,20,22,25,25,27,28,28,32,19,19,21,26,29,32,14,13,14,14,15,20,21,21,22,23,24,14,16,17,20,20,21,21,24,25,32,16,16,17,21,21,22,23,27
104,15,14,10,12,14,21,14,14,13,13,9,14,13,13,11,10,9,9,10,14,13,13,12,11,10,9,15,12,8,8,12,10,7,10,15,12,12,10,8,9,10,11,10,10,9,6,8,12,11,9,8,4,5,10,10,9,8,8,4,4,5,7,8,8,19,10,9,3,10,7,4,3,3,7,7,3,3,7,8,8,9,10,12,6,5,7,8,8,9,10,10,2,1,2,4,8,1,1,2,4,7,9,3,0,3,4,1,2,3,5,6,5,4,1,6,6,12,8,7,5,7,9,13,3,5,6,6,7,14,7,4,6,10,12,5,5,7,8,10,11,7,20,8,12,17,6,10,11,12,9,13,14,10,7,11,12,12,13,15,10,8,7,8,10,13,14,19,13,12,8,8,11,13,18,20,22,12,12,9,8,12,13,19,19,21,13,13,12,12,10,9,9,19,20,20,21,21,23,23,24,14,14,13,13,12,11,10,14,20,21,22,23,24,15,14,14,13,13,11,23,23,24,25,16,15,15,14,14,15,15,21,23,23,24,25,16,15,14,13,18,21,24,25,26,27,18,13,19,21,24,27,16,15,15,14,13,17,19,21,22,24,24,25,29,15,16,18,23,26,29,17,16,16,15,15,17,18,18,19,19,21,17,14,14,16,17,18,18,20,21,29,19,15,15,18,18,19,19,24
105,18,16,13,9,11,18,17,16,16,15,12,16,16,15,14,13,12,12,8,16,16,15,14,14,13,8,12,15,8,8,14,13,8,7,12,15,14,13,10,6,7,14,13,13,12,7,5,9,14,12,11,7,6,13,13,12,11,10,7,6,6,4,5,6,16,13,12,6,7,10,7,6,6,4,9,6,4,4,5,5,6,8,9,8,8,4,5,5,6,7,8,4,4,3,1,5,3,3,2,2,4,6,6,3,0,7,4,2,1,3,3,8,7,4,3,9,9,11,9,2,4,7,10,6,3,3,3,4,11,10,7,3,8,9,8,6,4,5,7,8,4,18,5,9,14,8,8,8,9,12,10,11,13,9,8,9,9,10,12,13,11,10,9,8,10,11,16,15,14,11,10,8,10,15,17,19,15,14,12,11,9,10,16,16,18,16,15,15,14,13,12,11,16,17,18,18,19,20,20,21,17,16,16,15,15,14,11,12,18,18,19,20,21,18,17,16,16,15,14,20,20,21,23,19,18,18,16,12,12,13,19,20,20,21,23,19,18,17,12,15,19,21,23,23,25,21,15,16,18,21,24,19,18,18,16,14,14,16,19,19,21,21,22,26,13,13,15,20,23,26,20,19,19,18,18,14,15,15,16,16,18,20,17,16,14,14,15,15,18,19,26,22,18,18,15,15,16,16,21
106,12,10,12,16,18,25,11,10,10,9,12,10,10,9,9,9,10,11,14,10,10,9,8,8,8,14,19,9,12,13,8,7,12,14,19,9,8,7,8,13,14,8,7,7,6,10,12,16,8,6,5,9,10,7,7,6,5,4,8,9,9,11,12,13,24,7,5,8,14,4,6,7,7,12,3,6,8,12,12,13,13,15,16,2,3,12,12,13,13,14,15,5,5,7,8,12,5,6,6,9,12,13,1,4,7,0,3,5,6,9,9,1,1,4,9,2,15,4,2,8,10,13,16,6,8,9,9,10,17,3,6,9,14,15,6,8,10,11,13,14,10,24,12,15,20,9,14,14,15,7,16,17,7,10,14,15,15,16,18,7,9,10,11,14,16,17,22,8,7,10,11,14,16,21,23,25,8,8,11,12,15,16,22,23,24,9,8,9,9,10,12,13,23,23,24,24,25,26,26,27,10,9,9,9,10,11,14,18,24,24,25,26,27,11,10,9,10,10,12,26,26,27,29,12,11,10,10,18,18,19,25,26,26,27,29,12,10,11,16,21,25,27,29,29,31,14,14,23,24,27,30,12,12,13,14,16,20,22,25,25,27,28,28,32,19,19,21,26,29,32,13,13,14,14,15,20,21,21,22,23,24,14,16,17,20,20,21,21,24,25,32,15,16,17,21,21,22,23,27
107,15,14,10,13,15,22,14,14,13,13,9,14,13,13,11,10,9,9,11,14,13,13,12,11,10,10,16,12,9,9,12,10,8,11,16,12,12,10,8,10,11,11,10,10,9,7,9,13,11,9,8,5,7,10,10,9,8,8,5,6,6,8,9,9,20,10,9,4,11,7,4,3,4,8,7,3,4,8,9,9,10,12,13,5,5,8,9,9,10,11,12,2,2,3,5,9,2,2,3,6,8,10,3,1,4,3,0,2,3,6,6,4,3,1,6,5,12,7,6,5,7,9,13,2,5,6,6,7,14,6,3,6,10,12,4,5,7,8,10,11,7,20,8,12,17,6,10,11,12,8,13,14,9,7,11,12,12,13,15,9,7,7,8,10,13,14,19,12,10,7,8,11,13,18,20,22,11,10,8,8,12,13,19,19,21,12,12,11,10,9,8,9,19,20,20,21,21,23,23,24,13,13,12,12,11,10,10,14,20,21,22,23,24,14,13,13,12,12,10,23,23,24,25,15,14,14,13,14,15,15,21,23,23,24,25,15,14,13,13,18,21,24,25,26,27,17,12,19,21,24,27,15,14,14,13,13,17,19,21,22,24,24,25,29,15,16,18,23,26,29,16,15,15,14,14,17,18,18,19,19,21,16,13,14,16,17,18,18,20,21,29,18,14,14,18,18,19,19,24
108,17,16,13,11,13,20,16,16,15,15,12,16,15,15,13,13,12,11,9,16,15,15,14,13,13,8,14,14,8,7,14,12,7,9,14,14,14,12,10,8,9,13,13,12,12,6,7,10,13,12,10,7,5,13,12,11,10,10,6,5,5,6,7,7,18,12,11,5,9,9,6,5,5,6,9,5,3,6,7,7,8,9,10,8,7,6,7,7,8,9,9,4,3,2,3,7,3,2,2,3,6,8,5,2,2,5,2,0,1,3,4,6,6,2,4,7,9,9,8,3,4,7,11,4,3,3,4,4,12,8,5,4,8,9,6,4,5,6,8,9,5,18,6,10,15,6,8,9,9,10,10,12,11,8,9,9,10,11,13,12,9,8,8,8,11,12,16,14,13,9,9,9,10,16,18,20,13,13,10,9,9,11,16,17,19,14,14,13,13,12,10,9,17,18,18,19,19,20,21,21,15,15,14,14,13,12,9,12,18,19,20,21,21,16,15,15,14,14,12,20,21,21,23,18,16,16,15,12,13,13,19,20,21,21,23,18,16,15,10,15,19,22,23,24,25,19,14,17,19,21,25,17,16,16,15,12,15,16,19,20,21,22,23,26,13,14,15,20,24,26,18,18,17,16,16,15,15,16,16,17,19,18,15,15,14,15,15,16,18,19,26,20,16,16,15,16,16,17,22
109,18,16,13,10,12,19,17,16,16,15,12,16,16,15,14,13,12,12,8,16,16,15,14,14,13,8,13,15,8,8,14,13,8,8,13,15,14,13,10,7,8,14,13,13,12,7,6,10,14,12,11,7,6,13,13,12,11,10,7,6,6,5,6,7,18,13,12,6,8,10,7,6,5,5,9,5,4,5,6,7,7,9,10,8,8,5,6,7,7,8,9,4,4,3,2,6,3,3,2,3,5,7,6,3,1,6,3,1,0,3,3,7,6,3,3,8,9,10,8,2,4,7,10,5,2,3,3,4,11,9,6,3,8,9,7,4,4,5,7,8,4,18,6,9,14,7,8,8,9,10,10,11,12,8,8,9,9,10,12,12,10,9,8,8,10,11,16,14,13,10,9,8,10,15,17,19,14,13,10,10,9,10,16,16,18,15,14,14,13,12,11,10,16,17,18,18,19,20,20,21,16,15,15,14,14,13,10,12,18,18,19,20,21,17,16,15,15,14,13,20,20,21,23,18,17,16,15,12,12,13,19,20,20,21,23,18,16,16,11,15,19,21,23,23,25,20,14,16,18,21,24,18,17,16,15,13,14,16,19,19,21,21,22,26,13,13,15,20,23,26,19,18,18,17,16,14,15,15,16,16,18,19,16,15,14,14,15,15,18,19,26,21,17,16,15,15,16,16,21
110,20,19,16,11,9,16,20,19,19,18,15,19,19,18,16,16,15,14,11,19,19,18,17,16,16,10,10,18,11,10,17,15,10,8,10,18,17,15,13,8,7,16,16,15,15,9,8,7,16,15,14,10,9,16,15,14,14,13,9,9,8,7,6,5,15,15,14,9,5,13,9,9,8,4,12,8,7,3,3,4,4,6,7,11,10,3,3,4,4,5,6,7,7,5,4,3,6,5,5,2,3,4,9,5,3,9,6,3,3,0,1,9,9,6,1,10,6,13,11,4,2,4,8,8,5,4,4,3,8,12,9,5,5,6,9,7,5,4,4,6,6,15,6,7,12,9,5,5,6,13,7,8,14,11,7,6,7,8,9,15,13,12,11,8,8,8,13,17,16,13,12,9,7,13,14,16,16,16,13,13,9,8,13,14,15,18,17,16,16,15,14,13,14,14,15,15,16,17,18,18,19,18,18,17,16,15,13,9,15,15,16,18,18,20,19,18,18,17,15,17,18,18,20,21,20,19,18,11,10,10,16,17,18,18,20,21,19,19,14,12,16,19,20,20,22,23,17,14,15,18,21,20,20,19,18,15,12,13,16,16,18,19,19,23,14,14,12,17,20,23,21,21,20,20,19,14,13,13,13,14,15,21,19,18,15,15,14,14,15,16,23,24,20,19,15,15,14,14,19
111,21,20,16,12,10,16,20,20,19,19,15,20,19,19,17,16,15,15,12,20,19,19,18,17,16,11,10,18,12,11,18,16,11,8,10,18,18,16,14,8,7,17,16,16,15,10,8,7,17,15,14,10,9,16,16,15,14,14,10,9,9,7,6,6,14,16,15,9,5,13,10,9,9,4,13,9,7,3,3,3,4,5,7,12,11,2,3,3,4,5,6,8,7,6,4,3,7,6,5,3,2,4,9,6,3,9,6,4,3,1,0,10,9,6,1,11,5,13,12,4,3,3,7,8,6,5,4,4,8,12,9,5,4,6,10,8,6,5,4,5,7,14,7,6,11,10,5,5,6,14,7,8,15,12,7,7,6,7,9,15,13,12,12,9,7,8,13,18,16,13,13,9,8,12,14,16,17,16,14,13,10,8,13,13,15,18,18,17,16,15,14,13,13,14,14,15,15,16,17,18,19,19,18,18,17,16,13,9,14,15,16,17,18,20,19,19,18,18,16,16,17,18,19,21,20,20,19,12,11,10,15,16,17,18,19,21,20,19,14,12,15,18,19,20,21,23,18,13,15,18,21,21,20,20,19,16,12,13,15,16,18,18,19,23,15,14,13,16,20,23,22,21,21,20,20,14,14,13,13,13,15,22,19,19,16,15,15,14,14,15,23,24,20,20,16,15,15,14,18
112,12,11,12,17,19,26,12,11,10,10,12,11,10,10,9,10,11,12,15,11,10,10,9,8,9,14,20,9,13,13,9,7,12,15,20,9,9,7,8,14,15,8,8,7,7,11,13,16,8,7,5,9,10,8,7,6,6,5,9,9,10,12,13,13,24,7,6,8,15,4,7,7,8,12,4,7,8,12,13,13,14,15,16,3,3,12,13,13,14,15,15,5,6,7,9,13,6,6,7,9,12,14,2,5,8,1,4,6,7,9,10,0,1,4,9,1,14,3,2,8,9,12,16,5,8,8,9,9,16,2,5,9,13,14,6,8,10,10,13,14,10,23,11,15,20,9,13,14,14,6,15,16,6,9,14,14,15,16,18,7,9,10,10,13,16,16,21,8,7,10,10,14,15,21,23,25,7,8,10,11,14,16,21,22,24,8,8,8,9,10,11,12,22,23,23,24,24,25,26,26,9,9,8,9,9,10,13,17,23,24,25,26,26,10,9,9,9,10,12,25,26,26,28,12,10,10,10,17,18,18,24,25,26,26,28,12,10,10,15,20,24,27,28,29,30,13,13,22,24,26,30,11,12,12,13,16,20,21,24,25,26,27,27,31,18,19,20,25,29,31,12,13,13,14,14,20,20,21,21,22,24,13,16,16,19,20,20,21,23,24,31,14,16,16,20,21,21,22,27
113,13,12,12,16,18,25,12,12,11,10,12,12,11,10,9,9,10,11,14,12,11,10,9,9,8,14,19,10,12,13,9,8,12,14,19,10,9,8,8,13,14,9,8,8,7,10,12,16,9,7,6,9,10,8,8,7,6,6,8,9,9,11,12,13,24,8,7,8,14,5,6,7,7,12,4,6,8,12,12,13,13,15,16,3,3,12,12,13,13,14,15,5,5,7,8,12,5,6,6,9,12,13,1,4,7,1,3,6,6,9,9,1,0,3,8,2,14,4,2,7,9,12,15,4,7,8,8,9,16,3,4,8,13,14,5,7,9,10,12,13,9,23,10,14,19,8,13,13,14,6,15,16,5,9,13,14,14,15,17,6,8,9,10,13,15,16,21,8,7,9,10,13,15,20,22,24,8,7,10,10,14,15,21,21,23,9,8,8,8,9,10,12,21,22,23,23,24,25,25,26,10,9,9,8,9,10,13,16,23,23,24,25,26,11,10,9,9,9,11,25,25,26,27,12,11,10,9,16,17,18,24,25,25,26,27,12,10,10,15,20,24,26,27,28,30,14,13,21,23,26,29,12,11,12,13,15,19,21,24,24,26,26,27,31,18,18,20,25,28,31,13,12,13,13,14,19,20,20,21,21,23,13,15,16,19,19,20,20,23,24,31,15,15,16,20,20,21,21,26
114,16,15,12,13,15,22,15,15,14,14,10,15,14,14,12,12,10,10,11,15,14,14,13,12,12,10,16,13,9,9,13,11,8,11,16,13,13,11,9,10,11,12,12,11,10,7,9,13,12,10,9,5,7,12,11,10,9,9,5,6,6,8,9,9,20,11,10,4,11,8,5,4,4,8,8,4,4,8,9,9,10,12,13,7,6,8,9,9,10,11,12,3,2,3,5,9,2,2,3,6,8,10,4,1,4,4,1,2,3,6,6,4,3,0,5,5,10,7,5,4,5,8,12,2,4,4,5,6,13,6,3,5,9,10,4,4,6,7,9,10,6,19,7,11,16,5,9,10,10,8,12,13,9,5,10,10,11,12,14,9,7,6,7,9,12,13,18,12,10,7,7,10,12,17,19,21,11,10,8,7,10,12,18,18,20,12,12,11,10,9,8,8,18,19,19,20,20,21,22,23,13,13,12,12,11,10,9,13,19,20,21,22,23,14,13,13,12,12,10,21,22,23,24,15,14,14,13,13,14,14,20,21,22,23,24,15,14,13,12,16,20,23,24,25,26,17,12,18,20,23,26,15,14,14,13,12,16,18,20,21,23,23,24,28,14,15,16,21,25,27,16,15,15,14,14,16,16,17,18,18,20,16,13,13,15,16,16,17,19,20,27,18,14,14,16,17,18,18,23
115,21,20,16,12,10,17,20,20,19,19,15,20,19,19,17,16,15,15,12,20,19,19,18,17,16,11,11,18,12,11,18,16,11,8,11,18,18,16,14,8,7,17,16,16,15,10,8,8,17,15,14,10,9,16,16,15,14,14,10,9,9,7,6,6,15,16,15,9,6,13,10,9,9,4,13,9,7,3,4,4,5,7,8,12,11,3,4,4,5,6,7,8,7,6,4,4,7,6,6,3,3,5,9,6,3,9,6,4,3,1,1,9,8,5,0,10,5,12,10,3,2,3,7,7,4,4,3,3,8,11,8,4,4,5,9,7,4,4,4,5,5,14,6,6,11,9,4,5,5,13,7,8,14,10,6,5,6,7,9,14,12,11,10,8,7,8,13,16,15,12,12,8,7,12,14,16,16,15,13,12,9,7,13,13,15,17,16,16,15,14,13,12,13,14,14,15,15,16,17,18,18,18,17,16,16,15,12,8,14,15,16,17,18,19,18,18,17,16,15,16,17,18,19,20,19,19,18,10,10,9,15,16,17,18,19,20,19,18,13,12,15,18,19,20,21,22,16,13,15,18,21,20,19,19,18,15,11,13,15,16,18,18,19,23,14,13,12,16,20,23,21,20,20,19,19,13,13,12,13,13,15,21,18,18,15,14,14,13,14,15,23,23,19,19,15,14,14,13,18
116,12,11,13,18,20,27,12,11,10,10,13,11,10,10,10,11,12,13,16,11,10,10,9,9,10,15,21,9,14,14,9,8,13,16,21,9,9,7,9,15,16,8,8,7,7,12,14,18,8,7,7,10,12,8,7,6,6,6,10,10,11,13,14,14,25,7,6,9,16,4,8,8,9,13,4,8,9,13,14,14,15,16,18,4,4,13,14,14,15,16,16,7,7,8,10,14,7,7,8,10,13,15,3,6,9,2,5,7,8,10,11,1,2,5,10,0,14,2,1,8,9,12,16,5,8,8,9,9,16,2,5,9,13,14,6,8,10,10,13,14,10,23,11,15,20,9,13,14,14,6,15,16,6,9,14,14,15,16,18,7,9,10,10,13,16,16,21,7,7,10,10,14,15,21,23,25,7,8,10,11,14,16,21,22,24,7,8,8,9,10,11,12,22,23,23,24,24,25,26,26,8,8,8,9,9,10,13,17,23,24,25,26,26,9,8,9,9,10,12,25,26,26,28,10,9,9,10,17,18,18,24,25,26,26,28,10,10,10,15,20,24,27,28,29,30,12,13,22,24,26,30,11,12,12,13,16,20,21,24,25,26,27,27,31,18,19,20,25,29,31,12,13,13,14,14,20,20,21,21,22,24,13,16,16,19,20,20,21,23,24,31,13,16,16,20,21,21,22,27
117,26,25,22,17,15,13,26,25,25,24,21,25,25,24,23,22,21,20,17,25,25,24,23,23,22,16,11,24,17,16,23,21,16,14,9,24,23,21,19,14,13,23,22,21,21,15,14,10,23,21,20,16,15,22,21,20,20,19,15,15,14,13,12,11,11,21,20,15,8,19,15,15,14,10,18,14,13,9,8,8,7,5,4,17,16,8,7,7,6,5,4,13,13,12,10,6,12,12,11,8,5,4,15,12,9,15,12,9,9,6,5,14,14,10,5,14,0,16,15,8,6,3,2,12,9,8,8,7,2,15,13,9,4,3,13,11,9,8,6,5,10,9,10,6,6,13,9,8,8,17,8,7,18,15,10,10,9,8,7,19,16,15,15,12,9,9,7,21,20,16,16,13,11,7,8,10,20,20,17,16,13,12,7,8,9,21,21,20,20,19,18,16,8,8,9,9,10,11,12,12,23,22,21,21,20,19,16,13,9,9,10,12,12,24,23,22,21,21,19,11,12,12,14,25,24,23,22,15,14,14,10,11,12,12,14,25,23,23,18,13,10,13,14,14,16,26,21,12,10,12,15,24,24,23,22,19,15,14,11,10,12,13,13,17,18,18,16,11,14,17,25,25,24,24,23,18,17,16,16,15,14,25,23,22,19,19,18,18,15,14,17,27,24,23,19,19,18,18,13
118,11,12,15,20,22,29,10,11,12,12,15,10,10,11,13,13,14,15,18,10,9,10,11,12,12,18,23,9,16,16,9,10,15,18,23,8,8,9,12,17,18,7,8,8,9,14,16,20,7,8,9,13,14,7,6,7,8,8,12,13,13,15,16,16,27,6,6,12,18,7,10,10,11,15,6,10,12,15,16,16,17,19,20,6,7,15,16,16,17,18,19,9,9,10,12,16,9,9,10,13,15,17,5,8,11,4,7,9,10,13,13,3,4,7,12,2,16,0,2,9,10,13,17,6,9,9,10,10,18,3,6,10,14,15,7,9,11,12,14,15,11,24,12,16,21,10,14,15,15,7,16,18,7,10,15,15,16,17,19,8,10,11,12,14,17,18,23,7,8,11,12,15,16,22,24,26,8,9,12,12,15,17,23,23,25,8,9,9,10,11,12,13,23,24,24,25,25,26,27,27,8,9,9,10,10,12,14,18,24,25,26,27,27,8,9,10,10,11,13,26,27,27,29,8,9,10,11,18,19,19,25,26,27,27,29,9,11,12,16,21,25,28,29,30,31,10,14,23,25,27,31,12,13,13,14,17,21,23,25,26,27,28,29,32,19,20,21,26,30,32,13,14,14,15,15,21,21,22,23,23,25,14,17,18,20,21,21,22,24,25,32,13,17,18,21,22,23,23,28
119,13,12,14,19,20,28,12,12,11,10,14,12,11,10,11,12,13,13,16,12,11,10,9,10,10,16,21,10,14,15,9,9,14,16,21,10,9,8,10,15,16,9,8,8,7,13,14,18,9,7,7,11,12,8,8,7,6,7,10,11,12,13,14,15,26,8,7,10,16,5,8,9,9,14,4,8,10,14,14,15,15,17,18,4,5,14,14,15,15,16,17,7,8,9,10,14,7,8,8,11,14,15,3,7,9,2,6,8,8,11,12,2,2,5,10,1,15,2,0,7,9,12,15,4,7,8,8,9,16,2,4,8,13,14,5,7,9,10,12,13,9,23,10,14,19,8,13,13,14,6,15,16,5,9,13,14,14,15,17,6,8,9,10,13,15,16,21,6,6,9,10,13,15,20,22,24,7,7,10,10,14,15,21,21,23,7,7,8,8,9,10,12,21,22,23,23,24,25,25,26,8,7,8,8,9,10,13,16,23,23,24,25,26,9,8,8,9,9,11,25,25,26,27,10,9,8,9,16,17,18,24,25,25,26,27,10,9,10,15,20,24,26,27,28,30,12,13,21,23,26,29,10,11,12,13,15,19,21,24,24,26,26,27,31,18,18,20,25,28,31,12,12,13,13,14,19,20,20,21,21,23,13,15,16,19,19,20,20,23,24,31,13,15,16,20,20,21,21,26
120,20,19,15,12,13,20,19,19,18,18,14,19,18,18,16,15,14,14,10,19,18,18,16,16,15,10,14,17,10,10,16,15,10,9,14,17,16,15,13,8,9,16,15,15,14,9,7,11,16,14,13,9,8,15,15,14,13,13,9,8,8,6,7,8,19,15,14,8,9,12,9,8,8,7,12,8,6,7,7,8,8,10,11,10,10,7,7,8,8,9,10,7,6,5,3,7,6,5,4,4,7,8,8,5,2,8,5,3,2,4,4,8,7,4,3,8,8,9,7,0,2,4,8,4,1,1,1,2,9,8,5,1,5,7,6,3,2,3,5,6,2,15,3,7,12,5,5,6,7,9,8,9,10,7,6,7,7,8,10,11,9,8,7,5,8,9,14,13,12,9,8,6,8,13,15,17,13,12,9,9,7,8,14,14,16,14,13,13,12,11,10,9,14,15,15,16,16,18,18,19,15,14,14,13,13,12,9,9,15,16,17,18,19,16,15,14,14,13,12,18,18,19,20,17,16,15,14,9,10,10,16,18,18,19,20,17,15,15,10,13,16,19,20,21,23,19,13,14,16,19,22,16,16,15,14,12,12,14,16,17,19,19,20,24,10,11,13,18,21,24,18,17,16,16,15,12,13,13,14,14,16,18,15,14,12,12,13,13,15,16,24,20,16,15,13,13,14,14,19
121,21,20,17,12,12,19,21,20,20,19,16,20,20,19,18,17,16,15,12,20,20,19,18,18,17,12,13,19,12,12,18,16,12,9,13,19,18,16,14,9,8,18,17,16,16,10,9,9,18,16,15,11,10,17,16,15,15,14,10,10,9,8,7,6,17,16,15,10,8,14,10,10,9,5,13,9,8,5,5,6,7,8,9,12,12,5,6,6,7,8,8,8,8,7,5,5,7,7,6,3,5,7,10,7,4,10,7,4,4,2,3,9,9,5,2,9,6,10,9,2,0,3,7,6,3,2,2,1,7,9,7,3,4,5,7,5,3,2,3,4,4,14,4,6,10,7,4,4,5,11,6,7,12,9,4,5,5,7,8,13,10,9,9,6,7,7,12,15,14,10,10,7,6,12,13,15,14,14,11,10,7,7,12,13,14,15,15,14,14,13,12,10,13,13,14,14,15,16,16,17,16,16,15,15,14,13,10,8,14,14,15,16,17,18,16,16,15,15,13,16,16,17,19,19,18,17,16,9,8,9,15,16,16,17,19,19,17,16,12,11,15,18,19,19,21,20,15,13,14,17,20,18,18,17,16,13,10,12,15,15,17,18,18,22,12,12,11,16,19,22,19,19,18,18,17,12,11,12,12,13,14,19,16,16,13,13,12,12,14,15,22,21,18,17,13,13,12,13,18
122,24,23,20,15,13,16,24,23,23,22,19,23,23,22,20,20,19,18,15,23,23,22,21,20,20,14,10,21,15,14,21,19,14,12,10,21,21,19,17,12,10,20,20,19,19,13,12,8,20,19,18,14,13,20,19,18,18,17,13,13,12,10,9,9,14,19,18,13,6,16,13,13,12,8,16,12,10,7,6,5,5,5,7,15,14,6,5,4,4,5,6,11,10,9,8,4,10,9,9,6,3,4,13,9,7,13,9,7,7,4,3,12,12,8,3,12,3,13,12,4,3,0,4,8,6,5,4,4,4,12,9,5,1,2,10,8,6,5,3,2,7,11,7,3,8,10,5,5,4,14,4,4,15,12,7,7,6,5,5,15,13,12,12,9,6,5,9,18,16,13,13,9,8,9,10,13,17,16,14,13,10,8,9,10,12,18,18,17,16,15,14,13,10,10,11,12,12,13,14,14,19,19,18,18,17,16,13,9,11,12,13,14,14,20,19,19,18,18,16,13,14,14,16,21,20,20,19,12,11,10,12,13,14,14,16,21,20,19,14,9,12,15,16,16,18,23,18,10,12,14,18,21,20,20,19,16,12,10,12,13,14,15,15,19,15,14,13,13,16,19,22,21,21,20,20,14,14,13,13,12,12,22,19,19,16,15,15,14,12,12,19,24,20,20,16,15,15,14,15
123,28,27,24,19,17,12,27,27,26,26,23,27,26,26,24,24,23,22,19,27,26,26,25,24,24,18,13,25,19,18,25,23,18,15,10,25,25,23,21,15,14,24,24,23,23,17,15,12,24,23,21,18,16,24,23,22,21,21,17,16,16,14,13,13,10,23,22,16,10,20,17,16,16,12,20,16,14,10,10,9,9,7,6,19,18,9,9,8,8,7,6,15,14,13,12,8,14,13,13,10,7,6,16,13,10,16,13,11,10,8,7,16,15,12,7,16,2,17,15,8,7,4,0,12,9,9,8,8,1,16,13,9,5,4,14,12,9,9,7,6,10,7,10,7,4,14,9,9,8,18,8,7,19,15,11,10,10,9,7,19,17,16,15,13,10,9,5,21,20,17,16,13,12,6,7,9,21,20,18,17,14,12,7,6,8,22,21,21,20,19,18,17,7,7,7,8,8,9,10,10,23,23,22,21,21,20,17,13,7,8,9,10,10,24,23,23,22,21,20,9,10,10,12,25,24,24,23,15,15,14,8,9,10,10,12,25,24,23,18,13,9,11,12,13,14,27,21,13,11,10,14,25,24,24,23,20,16,14,12,11,10,11,12,15,19,18,16,12,13,15,26,25,25,24,24,18,18,17,16,16,14,26,23,23,20,19,19,18,16,15,15,28,24,24,20,19,19,18,13
124,17,16,13,15,17,24,16,16,15,15,12,16,15,15,13,13,12,11,13,16,15,15,14,13,13,13,18,14,11,12,14,12,10,13,18,14,14,12,10,12,13,13,13,12,12,9,11,15,13,12,10,8,9,13,12,11,10,10,7,8,8,10,11,12,23,12,11,7,13,9,6,6,6,10,9,5,7,10,11,12,12,14,15,8,7,10,11,12,12,13,14,4,4,6,7,11,4,4,5,8,10,12,6,3,6,6,2,4,5,8,8,5,4,2,7,5,12,6,4,4,6,8,12,0,3,3,4,4,12,4,1,4,8,9,2,3,5,6,8,9,5,18,6,10,15,4,8,9,9,5,10,12,7,4,9,9,10,11,13,7,5,5,5,8,11,12,16,9,8,5,5,9,10,16,18,20,9,8,5,6,9,11,16,17,19,10,9,9,8,7,6,7,17,18,18,19,19,20,21,21,11,10,10,9,9,8,8,12,18,19,20,21,21,12,11,10,10,9,8,20,21,21,23,13,12,12,10,12,13,13,19,20,21,21,23,13,12,11,10,15,19,22,23,24,25,15,9,17,19,21,25,13,12,12,10,11,15,16,19,20,21,22,23,26,13,14,15,20,24,26,14,13,13,12,12,15,15,16,16,17,19,14,11,12,14,15,15,16,18,19,26,16,12,12,15,16,16,17,22
125,20,19,15,13,14,21,19,19,18,18,14,19,18,18,16,15,14,14,10,19,18,18,16,16,15,10,15,17,10,10,16,15,10,10,15,17,16,15,13,9,10,16,15,15,14,9,8,12,16,14,13,9,8,15,15,14,13,13,9,8,8,7,8,9,20,15,14,8,10,12,9,8,8,8,12,8,6,8,8,9,9,11,12,10,10,8,8,9,9,10,11,7,6,5,4,8,6,5,4,5,8,9,8,5,3,8,5,3,2,5,6,8,7,4,4,8,9,9,7,1,3,6,9,3,0,1,1,2,9,7,4,1,5,7,4,2,2,3,5,6,2,15,3,7,12,4,5,6,7,8,8,9,9,6,6,7,7,8,10,10,8,7,6,5,8,9,14,12,11,8,7,6,8,13,15,17,12,11,8,8,7,8,14,14,16,13,12,12,11,10,9,8,14,15,15,16,16,18,18,19,14,13,13,12,12,10,8,9,15,16,17,18,19,15,14,13,13,12,10,18,18,19,20,16,15,14,13,9,10,10,16,18,18,19,20,16,14,14,9,13,16,19,20,21,23,18,12,14,16,19,22,15,15,14,13,10,12,14,16,17,19,19,20,24,10,11,13,18,21,24,16,16,15,15,14,12,13,13,14,14,16,16,14,13,12,12,13,13,15,16,24,19,15,14,13,13,14,14,19
126,20,19,16,12,14,21,20,19,19,18,15,19,19,18,16,16,15,14,11,19,19,18,17,16,16,10,15,18,11,10,17,15,10,10,15,18,17,15,13,9,10,16,16,15,15,9,8,12,16,15,14,10,9,16,15,14,14,13,9,9,8,7,8,8,19,15,14,9,10,13,9,9,8,7,12,8,7,7,8,8,9,10,12,11,10,7,8,8,9,10,10,7,7,6,4,8,6,6,5,4,7,9,9,6,3,9,6,3,3,4,5,8,8,4,4,8,8,9,8,1,2,5,9,3,1,0,1,1,8,7,4,1,5,6,5,3,2,2,4,5,2,15,3,7,12,5,5,5,6,9,7,8,10,7,5,6,7,8,9,10,8,7,7,5,8,8,13,13,12,8,8,5,7,13,14,16,12,12,9,8,6,8,13,14,15,13,13,12,12,10,9,8,14,14,15,15,16,17,18,18,14,14,13,13,12,11,8,9,15,15,16,18,18,15,14,14,13,13,11,17,18,18,20,16,15,15,14,9,9,10,16,17,18,18,20,16,15,14,9,12,16,19,20,20,22,18,13,14,15,18,21,16,15,15,14,11,12,13,16,16,18,19,19,23,10,10,12,17,20,23,17,16,16,15,15,12,12,13,13,14,15,17,14,14,11,12,12,13,15,16,23,19,15,15,12,13,13,14,19
127,21,20,16,12,13,20,20,20,19,19,15,20,19,19,17,16,15,15,12,20,19,19,18,17,16,11,14,18,12,11,18,16,11,9,14,18,18,16,14,8,9,17,16,16,15,10,8,11,17,15,14,10,9,16,16,15,14,14,10,9,9,7,7,8,19,16,15,9,9,13,10,9,9,7,13,9,7,7,7,8,8,10,11,12,11,7,7,8,8,9,10,8,7,6,4,7,7,6,6,4,7,8,9,6,3,9,6,4,3,4,4,9,8,5,3,9,8,10,8,1,2,4,8,4,1,1,0,1,8,8,5,1,4,5,5,3,1,2,4,5,2,14,2,6,11,5,4,5,5,9,7,8,10,7,5,5,6,7,9,11,9,8,7,4,7,8,13,13,12,9,8,5,7,12,14,16,13,12,9,9,5,7,13,13,15,14,13,13,12,11,10,9,13,14,14,15,15,16,17,18,15,14,14,13,13,12,9,8,14,15,16,17,18,16,15,14,14,13,12,16,17,18,19,17,16,15,14,8,9,9,15,16,17,18,19,17,15,15,10,12,15,18,19,20,21,19,13,13,15,18,21,16,16,15,14,12,11,13,15,16,18,18,19,23,10,10,12,16,20,23,18,17,16,16,15,11,12,12,13,13,15,18,15,14,12,11,12,12,14,15,23,20,16,15,12,12,13,13,18
128,21,20,17,12,13,20,21,20,20,19,16,20,20,19,18,17,16,15,12,20,20,19,18,18,17,12,14,19,12,12,18,16,12,9,14,19,18,16,14,9,9,18,17,16,16,10,9,10,18,16,15,11,10,17,16,15,15,14,10,10,9,8,7,7,18,16,15,10,9,14,10,10,9,6,13,9,8,6,7,7,8,9,10,12,12,6,7,7,8,9,9,8,8,7,5,7,7,7,6,3,6,8,10,7,4,10,7,4,4,3,4,9,9,6,3,9,7,10,9,2,1,4,8,4,2,1,1,0,7,8,5,2,4,5,6,4,2,1,3,4,3,14,3,5,10,6,4,4,5,10,6,7,11,8,4,5,5,7,8,12,9,8,8,5,7,7,12,14,13,9,9,5,6,12,13,15,13,13,10,9,6,7,12,13,14,14,14,13,13,12,10,9,13,13,14,14,15,16,16,17,15,15,14,14,13,12,9,8,14,14,15,16,17,16,15,15,14,14,12,16,16,17,19,18,16,16,15,8,8,9,15,16,16,17,19,18,16,15,10,11,15,18,19,19,21,19,14,13,14,17,20,17,16,16,15,12,10,12,15,15,17,18,18,22,11,10,11,16,19,22,18,18,17,16,16,10,11,12,12,13,14,18,15,15,12,12,11,12,14,15,22,20,16,16,12,12,12,13,18
129,29,28,24,19,18,13,28,27,27,26,23,27,27,26,25,24,23,23,19,27,27,26,25,25,24,19,13,26,19,19,25,24,19,16,11,26,25,24,21,16,15,25,24,24,23,18,16,12,25,23,22,18,17,24,24,23,22,21,18,17,16,15,14,13,11,24,23,17,10,21,18,17,16,12,20,16,15,11,10,10,9,8,7,19,19,10,9,9,8,7,7,15,15,14,12,8,14,14,13,10,8,6,17,14,11,17,14,12,11,8,8,16,16,13,8,16,2,18,16,9,7,4,1,12,9,8,8,7,0,15,13,9,4,3,13,11,9,8,6,5,10,7,10,6,3,13,9,8,8,17,8,7,18,15,10,10,9,8,7,19,16,15,15,12,9,9,5,21,20,16,16,13,11,5,6,8,20,20,17,16,13,12,6,5,7,21,21,20,20,19,18,16,7,6,7,7,8,9,9,10,23,22,21,21,20,19,16,13,7,7,8,9,10,24,23,22,21,21,19,9,9,10,12,25,24,23,22,15,14,14,8,9,9,10,12,25,23,23,18,13,9,10,12,12,14,26,21,12,10,10,13,24,24,23,22,19,15,14,11,10,10,10,11,15,18,18,16,11,12,15,25,25,24,24,23,18,17,16,16,15,14,25,23,22,19,19,18,18,15,14,15,27,24,23,19,19,18,18,13
130,14,13,14,19,21,28,14,13,13,12,14,13,13,12,12,12,13,14,17,13,13,12,11,10,11,16,22,12,15,15,11,9,14,17,22,12,11,9,10,16,17,10,10,9,9,13,15,19,10,9,8,12,13,10,9,8,8,7,11,12,12,14,15,15,26,9,8,10,17,7,9,9,10,14,6,9,10,14,15,15,16,18,19,5,5,14,15,15,16,17,18,8,8,9,11,15,8,8,9,12,14,16,4,7,10,3,6,8,9,12,12,2,3,6,11,2,15,3,2,8,9,12,16,4,7,7,8,8,15,0,3,7,11,12,3,6,8,8,10,12,8,21,9,13,18,7,11,12,12,4,13,14,4,7,12,12,13,14,15,4,7,8,8,11,14,14,19,5,4,8,8,12,13,19,20,23,5,5,8,9,12,14,19,20,21,6,5,6,7,8,9,10,20,20,21,21,22,23,24,24,7,7,6,7,7,8,11,15,21,21,23,24,24,8,7,7,7,8,9,23,24,24,26,9,8,8,8,15,15,16,22,23,24,24,26,9,8,8,13,18,22,25,26,26,28,11,11,20,21,24,27,9,9,10,11,14,18,19,22,23,24,25,25,29,16,16,18,23,26,29,10,10,11,12,12,18,18,19,19,20,21,11,14,14,17,18,18,19,21,22,29,12,14,14,18,19,19,20,25
131,17,16,13,16,18,25,16,16,15,15,12,16,15,15,13,13,12,11,14,16,15,15,14,13,13,14,19,14,12,13,14,12,12,14,19,14,14,12,10,13,14,13,13,12,12,10,12,16,13,12,10,9,10,13,12,11,10,10,8,9,9,11,12,13,24,12,11,8,14,9,6,7,7,12,9,6,8,12,12,13,13,15,16,8,7,12,12,13,13,14,15,5,5,7,8,12,5,6,6,9,12,13,5,4,7,6,3,5,6,9,9,5,4,3,8,5,13,6,4,5,7,9,13,1,4,4,5,5,13,3,0,4,8,9,1,3,5,6,8,9,5,18,6,10,15,4,8,9,9,4,10,12,5,4,9,9,10,11,13,6,4,5,5,8,11,12,16,8,7,5,5,9,10,16,18,20,8,7,5,6,9,11,16,17,19,9,8,8,7,6,6,7,17,18,18,19,19,20,21,21,10,9,9,8,8,7,8,12,18,19,20,21,21,11,10,9,9,8,7,20,21,21,23,12,11,10,9,12,13,13,19,20,21,21,23,12,10,10,10,15,19,22,23,24,25,14,8,17,19,21,25,12,11,10,9,11,15,16,19,20,21,22,23,26,13,14,15,20,24,26,13,12,12,11,10,15,15,16,16,17,19,13,11,12,14,15,15,16,18,19,26,15,11,12,15,16,16,17,22
132,21,20,16,13,14,21,20,20,19,19,15,20,19,19,17,16,15,15,12,20,19,19,18,17,16,11,15,18,12,11,18,16,11,10,15,18,18,16,14,9,10,17,16,16,15,10,8,12,17,15,14,10,9,16,16,15,14,14,10,9,9,7,8,9,20,16,15,9,10,13,10,9,9,8,13,9,7,8,8,9,9,11,12,12,11,8,8,9,9,10,11,8,7,6,4,8,7,6,6,5,8,9,9,6,3,9,6,4,3,5,5,9,8,5,4,9,9,10,8,1,3,5,9,4,1,1,1,2,9,7,4,0,4,5,4,2,1,2,4,5,1,14,2,6,11,4,4,5,5,8,7,8,9,6,5,5,6,7,9,10,8,7,6,4,7,8,13,12,11,8,7,5,7,12,14,16,12,11,8,8,5,7,13,13,15,13,12,12,11,10,9,8,13,14,14,15,15,16,17,18,14,13,13,12,12,10,8,8,14,15,16,17,18,15,14,13,13,12,10,16,17,18,19,16,15,14,13,8,9,9,15,16,17,18,19,16,14,14,9,12,15,18,19,20,21,18,12,13,15,18,21,15,15,14,13,10,11,13,15,16,18,18,19,23,9,10,12,16,20,23,16,16,15,15,14,11,12,12,13,13,15,16,14,13,10,11,12,12,14,15,23,19,15,14,12,12,13,13,18
133,25,24,21,16,14,17,25,24,24,23,20,24,24,23,21,21,20,19,16,24,24,23,22,21,21,15,11,23,16,15,22,20,15,13,11,23,22,20,18,13,12,21,21,20,20,14,13,9,21,20,19,15,14,21,20,19,19,18,14,14,13,12,10,10,15,20,19,14,7,18,14,14,13,9,17,13,12,8,7,7,6,7,8,16,15,7,6,6,5,6,7,12,12,10,9,5,11,10,10,7,4,5,14,10,8,14,10,8,8,5,4,13,13,9,4,13,4,14,13,5,4,1,5,8,5,5,4,4,4,11,8,4,0,1,9,7,4,4,2,1,5,10,6,2,7,9,4,4,3,13,3,3,14,10,6,5,5,4,4,14,12,11,10,8,5,4,8,16,15,12,12,8,7,8,9,12,16,15,13,12,9,7,8,9,10,17,16,16,15,14,13,12,9,9,10,10,11,12,13,13,18,18,17,16,16,15,12,8,10,10,12,13,13,19,18,18,17,16,15,12,13,13,15,20,19,19,18,10,10,9,11,12,13,13,15,20,19,18,13,8,11,14,15,15,17,22,16,9,10,13,16,20,19,19,18,15,11,9,11,12,13,14,14,18,14,13,12,12,15,18,21,20,20,19,19,13,13,12,12,11,10,21,18,18,15,14,14,13,11,11,18,23,19,19,15,14,14,13,14
134,26,25,22,17,15,16,26,25,25,24,21,25,25,24,23,22,21,20,17,25,25,24,23,23,22,16,11,24,17,16,23,21,16,14,10,24,23,21,19,14,13,23,22,21,21,15,14,10,23,21,20,16,15,22,21,20,20,19,15,15,14,13,12,11,14,21,20,15,8,19,15,15,14,10,18,14,13,9,8,8,7,5,7,17,16,8,7,7,6,5,6,13,13,12,10,6,12,12,11,8,6,4,15,12,9,15,12,9,9,6,6,14,14,10,5,14,3,15,14,7,5,2,4,9,7,6,5,5,3,12,9,5,1,0,10,8,6,5,3,2,7,9,7,3,6,10,5,5,4,14,4,3,15,12,7,7,6,5,3,15,13,12,12,9,6,5,7,18,16,13,13,9,8,7,8,10,17,16,14,13,10,8,7,8,9,18,18,17,16,15,14,13,8,8,9,9,10,11,12,12,19,19,18,18,17,16,13,9,9,9,10,12,12,20,19,19,18,18,16,11,12,12,14,21,20,20,19,12,11,10,10,11,12,12,14,21,20,19,14,9,10,13,14,14,16,23,18,9,9,12,15,21,20,20,19,16,12,10,10,10,12,13,13,17,15,14,13,11,14,17,22,21,21,20,20,14,14,13,13,12,10,22,19,19,16,15,15,14,12,11,17,24,20,20,16,15,15,14,13
135,18,16,13,17,19,26,17,16,16,15,12,16,16,15,14,13,12,12,15,16,16,15,14,14,13,14,20,15,13,13,14,13,12,15,20,15,14,13,10,14,15,14,13,13,12,11,13,16,14,12,11,9,10,13,13,12,11,10,9,9,10,12,13,13,24,13,12,8,15,10,7,7,8,12,9,7,8,12,13,13,14,15,16,8,8,12,13,13,14,15,15,5,6,7,9,13,6,6,7,9,12,14,6,5,8,6,4,6,7,9,10,6,5,4,9,6,13,7,5,6,7,10,14,2,4,5,5,6,13,3,1,4,9,10,0,2,4,5,7,8,4,18,5,9,14,3,8,8,9,4,10,11,5,4,8,9,9,10,12,5,3,4,5,8,10,11,16,8,7,4,5,8,10,15,17,19,7,7,5,5,9,10,16,16,18,8,8,7,7,5,5,7,16,17,18,18,19,20,20,21,9,9,8,8,7,6,8,12,18,18,19,20,21,10,9,9,8,8,6,20,20,21,23,12,10,10,9,12,12,13,19,20,20,21,23,12,10,9,10,15,19,21,23,23,25,13,8,16,18,21,24,11,10,10,9,10,14,16,19,19,21,21,22,26,13,13,15,20,23,26,12,12,11,10,10,14,15,15,16,16,18,12,10,11,14,14,15,15,18,19,26,14,10,11,15,15,16,16,21
136,20,19,15,15,16,24,19,19,18,18,14,19,18,18,16,15,14,14,13,19,18,18,16,16,15,12,18,17,10,11,16,15,10,13,18,17,16,15,13,12,13,16,15,15,14,9,10,14,16,14,13,9,8,15,15,14,13,13,9,8,8,9,10,11,22,15,14,8,13,12,9,8,8,10,12,8,6,10,10,11,12,13,14,10,10,10,10,11,12,13,13,7,6,5,7,10,6,5,4,7,10,12,8,5,6,8,5,4,4,7,8,8,7,4,7,8,11,9,7,3,5,8,12,3,2,3,3,4,11,6,3,2,7,8,2,0,2,3,5,6,2,15,3,7,12,2,5,6,7,6,8,9,7,4,6,7,7,8,10,8,5,4,4,5,8,9,14,10,9,5,5,6,8,13,15,17,9,9,6,5,7,8,14,14,16,10,10,9,9,8,7,5,14,15,15,16,16,18,18,19,12,11,10,10,9,8,5,9,15,16,17,18,19,13,12,11,10,10,8,18,18,19,20,14,13,12,11,9,10,10,16,18,18,19,20,14,12,12,8,13,16,19,20,21,23,15,10,14,16,19,22,13,13,12,11,8,12,14,16,17,19,19,20,24,10,11,13,18,21,24,14,14,13,13,12,12,13,13,14,14,16,14,12,11,12,12,13,13,15,16,24,16,13,12,13,13,14,14,19
137,22,21,18,13,14,21,21,21,20,20,16,21,20,20,18,18,16,16,13,21,20,20,19,18,18,12,15,19,13,12,19,17,12,10,15,19,19,17,15,9,10,18,18,17,16,11,9,12,18,16,15,12,10,18,17,16,15,15,11,10,10,8,8,9,20,17,16,10,10,14,11,10,10,8,14,10,8,8,8,9,9,11,12,13,12,8,8,9,9,10,11,9,8,7,5,8,8,7,7,5,8,9,10,7,4,10,7,5,4,5,6,10,9,6,4,10,9,11,9,2,3,6,9,5,2,2,1,2,9,8,5,1,4,6,4,2,0,1,3,4,1,13,1,5,10,4,3,4,4,8,5,7,9,6,4,4,5,6,8,10,8,7,6,3,6,7,12,12,11,8,7,4,5,11,13,15,12,11,8,8,4,6,12,12,14,13,12,12,11,10,9,8,12,13,13,14,14,15,16,16,14,13,13,12,12,10,8,7,13,14,15,16,16,15,14,13,13,12,10,15,16,16,18,16,15,14,13,7,8,8,14,15,16,16,18,16,14,14,9,10,14,17,18,19,20,18,12,12,14,16,20,15,15,14,13,10,10,12,14,15,16,17,18,21,9,9,10,15,19,21,16,16,15,15,14,10,10,11,12,12,14,16,14,13,10,10,10,11,13,14,21,19,15,14,10,11,12,12,17
138,23,21,18,13,14,21,22,21,21,20,17,21,21,20,19,18,17,16,13,21,21,20,19,19,18,13,15,20,13,13,19,18,13,10,15,20,19,18,15,10,10,19,18,18,17,12,10,12,19,17,16,12,11,18,18,16,16,15,12,11,10,9,8,8,19,18,16,11,10,15,12,11,10,7,14,10,9,7,8,8,9,10,12,13,13,7,8,8,9,10,10,9,9,8,6,8,8,8,7,4,7,9,11,8,5,11,8,6,5,4,5,10,10,7,4,10,8,12,10,3,2,5,9,6,3,2,2,1,8,8,6,2,4,5,5,3,1,0,2,3,2,13,2,4,9,5,3,3,4,9,5,6,10,7,3,4,4,5,7,10,8,7,7,4,5,6,11,13,12,8,8,4,5,10,12,14,12,12,9,8,5,5,11,12,13,13,13,12,12,10,9,8,12,12,13,13,14,15,15,16,14,14,13,13,12,11,8,7,13,13,14,15,16,15,14,14,13,13,11,15,15,16,18,16,15,15,14,7,7,8,14,15,15,16,18,16,15,14,9,10,14,16,18,18,20,18,13,12,13,16,19,16,15,15,14,11,9,11,14,14,16,16,17,21,10,9,10,15,18,21,17,16,16,15,15,9,10,10,11,12,13,17,14,14,11,10,10,10,13,14,21,19,15,15,11,10,11,12,16
139,25,24,20,15,14,19,24,24,23,23,19,24,23,23,21,20,19,19,15,24,23,23,21,21,20,15,13,22,15,15,21,20,15,12,13,22,21,20,18,12,11,21,20,20,19,14,12,9,21,19,18,14,13,20,20,19,18,18,14,13,13,11,10,9,17,20,19,13,8,17,14,13,13,8,16,13,11,7,7,6,7,8,9,15,15,6,6,6,7,8,8,12,11,10,8,5,10,10,9,7,5,7,13,10,7,13,10,8,7,4,4,13,12,9,4,13,6,14,12,5,3,3,7,8,5,4,4,3,6,10,8,4,2,3,7,5,3,2,0,1,4,10,4,2,7,7,3,2,2,11,3,4,12,9,4,4,3,3,5,13,10,9,9,6,3,4,9,15,14,10,10,7,5,8,10,12,14,14,11,10,7,5,9,9,11,15,15,14,14,13,12,10,9,10,10,11,12,13,13,14,16,16,15,15,14,13,10,7,10,11,12,13,14,18,16,16,15,15,13,13,13,14,15,19,18,17,16,9,8,8,12,13,13,14,15,19,17,16,12,8,12,14,15,16,18,20,15,9,11,14,17,18,18,17,16,13,9,9,12,12,14,14,15,19,12,12,10,13,16,19,19,19,18,18,17,12,11,10,10,9,11,19,16,16,13,13,12,12,10,12,19,21,18,17,13,13,12,12,14
140,26,25,21,16,15,18,25,25,24,24,20,25,24,24,22,21,20,20,16,25,24,24,23,22,21,16,12,23,16,16,23,21,16,13,12,23,23,21,19,13,12,22,21,21,20,15,13,9,22,20,19,15,14,21,21,20,19,19,15,14,14,12,11,10,16,21,20,14,8,18,15,14,14,9,18,14,12,8,8,7,7,7,8,16,16,7,7,6,6,7,7,13,12,11,9,6,12,11,10,8,5,6,14,11,8,14,11,9,8,6,5,14,13,10,5,14,5,15,13,6,4,2,6,9,6,5,5,4,5,12,9,5,1,2,8,6,4,3,1,0,5,9,5,1,6,8,4,3,3,12,3,3,13,10,5,5,4,3,4,14,12,10,10,7,4,4,8,16,15,12,11,8,6,7,9,11,15,15,12,12,8,7,8,8,10,16,16,15,15,14,13,12,8,9,9,10,10,12,12,13,18,17,16,16,15,14,12,8,9,10,11,12,13,19,18,17,16,16,14,12,12,13,14,20,19,18,17,10,9,9,10,12,12,13,14,20,18,18,13,8,10,13,14,15,16,21,16,8,10,13,16,19,19,18,17,14,10,9,10,11,13,13,14,18,13,13,11,12,15,18,20,20,19,19,18,13,12,12,11,10,10,20,18,17,14,14,13,13,10,10,18,23,19,18,14,14,13,13,13
141,22,21,18,14,15,23,21,21,20,20,16,21,20,20,18,18,16,16,13,21,20,20,19,18,18,12,16,19,13,12,19,17,12,12,16,19,19,17,15,10,12,18,18,17,16,11,9,13,18,16,15,12,10,18,17,16,15,15,11,10,10,8,9,10,21,17,16,10,12,14,11,10,10,9,14,10,8,9,9,10,10,12,13,13,12,9,9,10,10,12,12,9,8,7,5,9,8,7,7,6,9,10,10,7,4,10,7,5,4,6,7,10,9,6,5,10,10,11,9,2,4,7,10,5,2,2,2,3,10,8,5,1,5,7,4,2,1,2,4,5,0,13,1,5,10,3,3,4,4,7,5,7,8,5,4,4,5,6,8,9,7,6,5,3,6,7,12,11,10,7,6,4,5,11,13,15,10,10,7,7,4,6,12,12,14,12,11,10,10,9,8,7,12,13,13,14,14,15,16,16,13,12,12,11,10,9,7,7,13,14,15,16,16,14,13,12,12,11,9,15,16,16,18,15,14,13,12,7,8,8,14,15,16,16,18,15,13,13,8,10,14,17,18,19,20,16,11,12,14,16,20,14,14,13,12,9,10,12,14,15,16,17,18,21,8,9,10,15,19,21,15,15,14,14,13,10,10,11,12,12,14,15,13,12,9,10,10,11,13,14,21,18,14,13,10,11,12,12,17
142,35,34,31,26,24,17,35,34,34,33,30,34,34,33,31,31,30,29,26,34,34,33,32,31,31,25,20,32,26,25,32,30,25,23,18,32,32,30,28,23,21,31,31,30,30,24,23,19,31,30,29,25,24,31,30,29,29,28,24,24,23,21,20,20,9,30,29,24,17,27,24,24,23,19,27,23,21,18,17,16,16,14,13,26,25,16,16,15,15,14,13,22,21,20,19,15,21,20,20,17,14,13,24,20,18,24,20,18,18,15,14,23,23,19,14,23,9,24,23,15,14,11,7,18,15,15,14,14,7,21,18,14,10,9,18,15,13,13,10,9,13,0,13,9,4,16,12,12,11,20,11,10,21,18,14,13,13,12,10,22,20,19,18,15,13,12,7,24,23,20,19,16,14,9,7,5,24,23,20,20,16,15,9,9,7,25,24,24,23,22,21,20,10,9,9,8,8,7,6,6,26,25,25,24,24,23,20,16,10,9,8,7,7,27,26,25,25,24,23,9,8,8,6,28,27,26,25,18,18,17,11,10,9,9,7,28,26,26,21,16,12,9,8,8,7,30,24,15,14,11,8,27,27,26,25,23,19,17,14,14,12,12,11,8,21,21,19,14,11,8,29,28,27,27,26,21,20,20,19,19,17,29,26,25,23,22,21,21,19,18,10,31,27,26,23,22,21,21,16
143,23,22,19,14,15,23,23,22,21,21,18,22,21,21,19,19,18,17,14,22,21,21,20,19,19,13,16,20,14,13,20,18,13,12,16,20,20,18,16,10,12,19,19,18,18,12,10,13,19,18,16,13,12,19,18,17,16,16,12,12,11,9,9,10,21,18,17,12,12,15,12,12,11,9,15,11,9,9,9,10,10,12,13,14,13,9,9,10,10,12,12,10,9,8,7,9,9,8,8,6,9,10,12,8,5,12,8,6,6,6,7,11,10,7,6,11,10,12,10,3,4,7,10,6,3,3,2,3,10,9,6,2,6,7,5,3,1,2,4,5,1,13,0,4,9,3,2,3,3,7,4,6,8,5,3,3,4,5,7,9,7,5,5,2,5,5,10,11,10,7,6,3,4,10,12,14,10,10,7,7,3,5,10,11,13,12,11,10,10,9,8,7,11,12,12,13,13,14,15,15,13,12,12,11,10,9,7,6,12,13,14,15,15,14,13,12,12,11,9,14,15,15,17,15,14,13,12,6,7,7,13,14,15,15,17,15,13,13,8,9,13,16,17,18,19,16,11,11,13,15,19,14,14,13,12,9,9,10,13,14,15,16,16,20,8,8,9,14,18,20,15,15,14,14,13,9,9,10,10,11,13,15,13,12,9,9,9,10,12,13,20,18,14,13,9,10,10,11,16
144,27,26,23,18,16,19,26,26,25,25,21,26,25,25,23,23,21,21,18,26,25,25,24,23,23,17,13,24,18,17,24,22,17,14,13,24,24,22,20,14,13,23,23,22,21,16,14,10,23,21,20,16,15,23,22,21,20,20,16,15,15,13,12,12,17,22,21,15,9,19,16,15,15,10,19,15,13,9,9,8,8,8,9,18,17,8,8,7,7,8,8,14,13,12,10,7,13,12,12,9,6,7,15,12,9,15,12,10,9,7,6,15,14,11,6,15,6,16,14,7,6,3,7,10,7,7,6,5,6,13,10,6,2,3,9,7,5,4,2,1,5,9,4,0,5,7,3,2,2,11,2,2,12,9,4,4,3,2,3,13,10,9,9,6,3,3,7,15,14,10,10,7,5,6,8,10,14,14,11,10,7,5,7,7,9,15,15,14,14,13,12,10,7,8,8,9,9,10,11,12,16,16,15,15,14,13,10,7,8,9,10,11,12,18,16,16,15,15,13,10,11,12,13,19,18,17,16,9,8,8,9,10,11,12,13,19,17,16,12,7,9,12,13,14,15,20,15,7,9,12,15,18,18,17,16,13,9,8,9,10,12,12,13,16,12,12,10,10,14,16,19,19,18,18,17,12,11,10,10,9,9,19,16,16,13,13,12,12,9,9,16,21,18,17,13,13,12,12,12
145,32,31,28,23,21,14,31,31,30,30,26,31,30,30,28,28,26,26,23,31,30,30,29,28,28,22,16,29,23,22,29,27,22,19,14,29,29,27,25,19,18,28,27,27,26,21,19,15,28,26,25,21,20,28,27,26,25,25,21,20,20,18,17,16,12,27,26,20,14,24,21,20,20,15,24,20,18,14,14,13,13,11,10,23,22,13,13,12,12,10,10,19,18,17,15,12,18,17,16,14,11,9,20,17,14,20,17,15,14,12,11,20,19,16,11,20,6,21,19,12,10,8,4,15,12,12,11,10,3,18,15,11,7,6,14,12,10,9,7,6,10,4,9,5,0,12,8,7,7,16,7,6,17,14,9,9,8,7,6,18,15,14,14,11,8,8,3,20,19,15,15,12,10,4,3,5,19,19,16,15,12,10,5,4,4,20,20,19,19,18,16,15,6,5,4,4,4,5,6,7,21,21,20,20,19,18,15,12,6,5,5,6,7,23,21,21,20,20,18,5,6,7,8,24,23,22,21,14,13,13,7,5,6,7,8,24,22,21,16,12,8,7,8,9,10,25,20,11,9,7,10,23,23,22,21,18,14,13,10,9,8,7,8,12,17,16,15,10,9,12,24,24,23,23,22,16,16,15,15,14,13,24,21,21,18,18,17,16,14,13,12,26,23,22,18,18,17,16,12
146,21,20,16,17,19,26,20,20,19,19,15,20,19,19,17,16,15,15,15,20,19,19,18,17,16,14,20,18,13,13,18,16,12,15,20,18,18,16,14,14,15,17,16,16,15,11,13,16,17,15,14,10,10,16,16,15,14,14,10,9,10,12,13,13,24,16,15,9,15,13,10,9,9,12,13,9,8,12,13,13,14,15,16,12,11,12,13,13,14,15,15,8,7,7,9,13,7,6,7,9,12,14,9,6,8,9,6,6,7,9,10,9,8,5,9,9,13,10,8,5,7,10,14,4,4,5,5,6,13,7,4,4,9,10,3,2,4,5,7,8,3,16,3,7,12,0,4,5,5,4,7,8,5,2,5,5,6,7,9,6,3,2,2,4,7,8,13,8,7,3,3,5,7,12,14,16,7,7,4,3,5,7,13,13,15,8,8,7,7,6,4,3,13,14,14,15,15,16,17,18,9,9,8,8,7,6,4,8,14,15,16,17,18,10,9,9,8,8,6,16,17,18,19,12,10,10,9,8,9,9,15,16,17,18,19,12,10,9,7,12,15,18,19,20,21,13,8,13,15,18,21,11,10,10,9,7,11,13,15,16,18,18,19,23,9,10,12,16,20,23,12,12,11,10,10,11,12,12,13,13,15,12,9,9,10,11,12,12,14,15,23,14,10,10,12,12,13,13,18
147,25,24,21,16,14,21,25,24,24,23,20,24,24,23,21,21,20,19,16,24,24,23,22,21,21,15,15,23,16,15,22,20,15,13,15,23,22,20,18,13,12,21,21,20,20,14,13,12,21,20,19,15,14,21,20,19,19,18,14,14,13,12,10,10,20,20,19,14,10,18,14,14,13,9,17,13,12,8,8,9,9,11,12,16,15,8,8,9,9,10,11,12,12,10,9,8,11,10,10,7,8,9,14,10,8,14,10,8,8,5,5,13,13,9,4,13,9,14,13,5,4,5,9,8,5,5,4,4,9,11,8,4,4,5,8,5,3,3,3,4,3,12,2,3,8,4,0,1,1,8,2,3,9,6,2,1,2,3,4,10,8,7,6,3,3,3,8,12,11,8,7,4,2,8,9,12,12,11,8,8,4,3,8,9,10,13,12,12,11,10,9,8,9,9,10,10,11,12,13,13,14,13,13,12,12,10,8,4,10,10,12,13,13,15,14,13,13,12,10,12,13,13,15,16,15,14,13,6,6,5,11,12,13,13,15,16,14,14,9,7,11,14,15,15,17,18,12,9,10,13,16,15,15,14,13,10,7,8,11,12,13,14,14,18,9,9,7,12,15,18,16,16,15,15,14,9,8,8,8,9,10,16,14,13,10,10,9,9,10,11,18,19,15,14,10,10,9,9,14
148,26,25,21,16,15,21,25,25,24,24,20,25,24,24,22,21,20,20,16,25,24,24,23,22,21,16,15,23,16,16,23,21,16,13,15,23,23,21,19,13,12,22,21,21,20,15,13,12,22,20,19,15,14,21,21,20,19,19,15,14,14,12,11,10,19,21,20,14,10,18,15,14,14,9,18,14,12,8,8,8,9,10,12,16,16,7,8,8,9,10,10,13,12,11,9,8,12,11,10,8,7,9,14,11,8,14,11,9,8,5,5,14,13,10,5,14,8,15,13,6,4,5,9,9,6,5,5,4,8,12,9,5,4,5,8,6,4,3,2,3,4,12,3,2,7,5,1,0,1,9,2,3,10,7,2,2,1,2,4,10,8,7,7,4,2,3,8,13,12,8,8,4,3,7,9,11,12,12,9,8,5,3,8,8,10,13,13,12,12,10,9,8,8,9,9,10,10,12,12,13,14,14,13,13,12,11,8,4,9,10,11,12,13,15,14,14,13,13,11,12,12,13,14,16,15,15,14,7,6,5,10,12,12,13,14,16,15,14,9,7,10,13,14,15,16,18,13,8,10,13,16,16,15,15,14,11,7,8,10,11,13,13,14,18,10,9,8,12,15,18,17,16,16,15,15,9,9,8,8,8,10,17,14,14,11,10,10,9,9,10,18,19,15,15,11,10,10,9,13
149,26,25,22,17,15,20,26,25,25,24,21,25,25,24,23,22,21,20,17,25,25,24,23,23,22,16,14,24,17,16,23,21,16,14,14,24,23,21,19,14,13,23,22,21,21,15,14,11,23,21,20,16,15,22,21,20,20,19,15,15,14,13,12,11,19,21,20,15,9,19,15,15,14,10,18,14,13,9,8,8,8,10,11,17,16,8,7,8,8,9,10,13,13,12,10,7,12,12,11,8,7,8,15,12,9,15,12,9,9,6,6,14,14,10,5,14,8,15,14,7,5,4,8,9,7,6,5,5,8,12,9,5,3,4,9,7,4,4,2,3,4,11,3,2,7,5,1,1,0,9,1,2,10,7,3,2,2,2,3,11,9,8,7,4,2,2,7,13,12,9,8,5,3,7,8,10,13,12,9,9,5,4,7,8,9,14,13,13,12,11,10,9,8,8,9,9,10,11,12,12,15,14,14,13,13,12,9,5,9,9,10,12,12,16,15,14,14,13,12,11,12,12,14,17,16,15,14,7,7,6,10,11,12,12,14,17,15,15,10,6,10,13,14,14,16,19,13,8,9,12,15,16,16,15,14,12,8,7,10,10,12,13,13,17,10,10,8,11,14,17,18,17,16,16,15,10,9,9,8,8,9,18,15,14,12,11,10,10,9,10,17,20,16,15,12,11,10,10,13
150,18,17,16,21,23,30,18,17,16,16,16,17,16,16,14,14,15,15,19,17,16,16,15,14,14,18,24,15,16,17,15,13,16,19,24,15,15,13,12,18,19,14,14,13,13,15,16,20,14,13,12,13,14,14,13,12,12,11,13,13,14,15,16,17,28,13,12,12,19,10,10,11,12,16,10,10,12,16,16,17,18,19,20,9,8,16,16,17,18,19,19,9,10,11,13,16,9,10,10,13,16,18,7,9,12,7,8,10,10,13,14,6,6,8,13,6,17,7,6,9,11,14,18,5,8,9,9,10,17,4,4,8,13,14,4,6,8,9,11,12,7,20,7,11,16,4,8,9,9,0,9,10,1,3,8,8,9,10,12,2,3,4,4,7,10,10,15,4,3,4,4,8,9,15,16,19,3,3,4,5,8,10,15,16,18,4,4,3,3,4,5,6,16,16,17,18,18,19,20,20,5,5,4,4,3,4,7,11,17,18,19,20,20,7,5,5,4,4,5,19,20,20,22,8,7,6,5,11,12,12,18,19,20,20,22,8,6,5,9,14,18,21,22,23,24,9,7,16,18,20,24,7,7,6,7,10,14,15,18,19,20,21,21,25,12,13,14,19,23,25,8,8,7,8,8,14,14,15,15,16,18,8,10,10,13,14,14,15,17,18,25,10,10,10,14,15,15,16,21
151,28,26,23,18,16,20,27,26,26,25,22,26,26,25,24,23,22,21,18,26,26,25,24,24,23,18,14,25,18,18,24,23,18,15,14,25,24,23,20,15,14,24,23,23,22,16,15,11,24,22,21,17,16,23,23,21,21,20,16,16,15,14,13,12,19,23,21,16,9,20,16,16,15,11,19,15,14,10,9,9,8,10,11,18,18,9,8,8,8,9,10,14,14,13,11,7,13,13,12,9,7,8,16,13,10,16,13,10,10,7,7,15,15,12,7,15,8,16,15,8,6,4,8,10,8,7,7,6,8,13,10,7,3,4,10,8,5,5,3,3,5,11,4,2,7,7,2,2,1,9,0,1,10,7,3,2,2,1,2,11,9,8,7,4,2,1,6,13,12,9,8,5,3,5,7,9,13,12,9,9,5,4,6,7,8,14,13,13,12,11,10,9,7,7,8,8,9,10,10,11,15,14,14,13,13,12,9,5,8,8,9,10,11,16,15,14,14,13,12,10,10,11,13,17,16,15,14,7,7,6,9,10,10,11,13,17,15,15,10,5,9,12,13,13,15,19,13,7,8,11,14,16,16,15,14,12,8,6,9,9,11,12,12,16,10,10,8,10,13,16,18,17,16,16,15,10,9,9,8,8,8,18,15,14,12,11,10,10,8,9,16,20,16,15,12,11,10,10,12
152,29,28,24,19,18,19,28,28,27,26,23,28,27,26,25,24,23,23,19,27,27,26,25,25,24,19,13,26,19,19,25,24,19,16,13,26,25,24,21,16,15,25,24,24,23,18,16,12,25,23,22,18,17,24,24,23,22,21,18,17,16,15,14,13,18,24,23,17,10,21,18,17,16,12,20,16,15,11,10,10,9,9,10,19,19,10,9,9,8,8,9,15,15,14,12,8,14,14,13,10,8,7,17,14,11,17,14,12,11,8,8,16,16,13,8,16,7,18,16,9,7,4,7,12,9,8,8,7,7,14,12,8,3,3,11,9,7,6,4,3,7,10,6,2,6,8,3,3,2,10,1,0,12,8,4,3,3,2,1,12,10,9,8,5,3,2,5,14,13,10,9,6,4,4,6,8,14,13,10,10,7,5,5,5,7,15,14,14,13,12,11,10,5,6,7,7,8,9,9,10,16,15,15,14,14,13,10,6,7,7,8,9,10,17,16,15,15,14,13,9,9,10,12,18,17,16,15,8,8,7,8,9,9,10,12,18,16,16,11,6,8,10,12,12,14,20,14,5,7,10,13,18,17,16,15,13,9,7,8,8,10,10,11,15,12,11,9,9,12,15,19,18,18,17,16,11,10,10,9,9,7,19,16,15,13,12,12,11,9,8,15,21,17,16,13,12,12,11,10
153,18,17,17,22,24,31,18,17,16,16,17,17,16,16,14,15,16,16,20,17,16,16,15,14,14,19,25,15,18,18,15,13,17,20,25,15,15,13,13,19,20,14,14,13,13,16,18,21,14,13,12,14,15,14,13,12,12,11,14,14,15,16,18,18,29,13,12,13,20,10,12,12,13,17,10,12,13,17,18,18,19,20,21,9,8,17,18,18,19,20,20,10,11,12,14,18,10,11,12,14,17,19,7,10,13,7,9,11,12,14,15,6,5,9,14,6,18,7,5,10,12,15,19,7,9,10,10,11,18,4,5,9,14,15,5,7,9,10,12,13,8,21,8,12,17,5,9,10,10,1,10,12,0,3,8,8,9,10,12,1,3,4,4,7,10,10,15,3,2,4,4,8,9,15,16,19,2,2,4,5,8,10,15,16,18,3,3,2,3,4,5,6,16,16,17,18,18,19,20,20,4,4,3,3,3,4,7,11,17,18,19,20,20,5,4,4,3,4,6,19,20,20,22,7,5,5,4,11,12,12,18,19,20,20,22,7,5,4,9,14,18,21,22,23,24,8,7,16,18,20,24,6,6,6,7,10,14,15,18,19,20,21,21,25,12,13,14,19,23,25,7,7,7,8,8,14,14,15,15,16,18,7,10,10,13,14,14,15,17,18,25,9,10,10,14,15,15,16,21
154,21,20,17,19,20,28,21,20,20,19,16,20,20,19,18,17,16,15,16,20,20,19,18,18,17,16,21,19,14,15,18,16,14,16,21,19,18,16,14,15,16,18,17,16,16,13,14,18,18,16,15,11,12,17,16,15,15,14,10,11,12,13,14,15,26,16,15,10,16,14,10,10,9,14,13,9,10,14,14,15,15,17,18,12,12,14,14,15,15,16,17,8,8,9,10,14,7,8,8,11,14,15,10,7,9,10,7,8,8,11,12,9,9,5,10,9,15,10,9,7,9,12,15,4,6,7,7,8,15,7,4,6,10,12,4,4,6,7,9,10,5,18,5,9,14,2,6,7,7,3,7,8,3,0,4,5,5,7,8,4,2,1,1,4,7,7,12,6,5,2,1,4,6,12,13,15,5,5,2,2,5,7,12,13,14,7,6,6,5,4,3,3,13,13,14,14,15,16,16,17,8,7,7,6,5,4,4,8,14,14,15,16,17,9,8,7,7,6,4,16,16,17,19,10,9,8,7,8,8,9,15,16,16,17,19,10,8,8,6,11,15,18,19,19,21,12,6,13,14,17,20,9,9,8,7,7,10,12,15,15,17,18,18,22,9,9,11,16,19,22,10,10,9,9,8,10,11,12,12,13,14,10,8,7,10,10,11,12,14,15,22,13,9,8,11,12,12,13,18
155,26,25,21,16,16,23,25,25,24,24,20,25,24,24,22,21,20,20,16,25,24,24,23,22,21,16,17,23,16,16,23,21,16,13,17,23,23,21,19,13,12,22,21,21,20,15,13,14,22,20,19,15,14,21,21,20,19,19,15,14,14,12,11,10,21,21,20,14,12,18,15,14,14,9,18,14,12,9,10,10,11,13,14,16,16,9,10,10,11,12,13,13,12,11,9,10,12,11,10,8,9,11,14,11,8,14,11,9,8,7,7,14,13,10,6,14,10,15,13,6,4,7,11,9,6,5,5,4,10,12,9,5,6,7,8,6,4,3,4,5,4,14,3,4,9,5,2,2,3,8,3,4,8,4,0,1,1,2,4,8,6,5,4,2,2,3,8,10,9,6,5,2,2,7,9,11,10,9,7,6,3,2,8,8,10,11,10,10,9,8,7,6,8,9,9,10,10,12,12,13,12,12,11,10,10,9,6,3,9,10,11,12,13,13,12,12,11,10,9,12,12,13,14,14,13,13,12,4,4,4,10,12,12,13,14,14,13,12,7,7,10,13,14,15,16,16,10,8,10,13,16,14,13,13,12,9,6,8,10,11,13,13,14,18,8,7,7,12,15,18,15,14,14,13,13,7,7,7,8,8,10,15,12,12,9,8,8,7,9,10,18,17,13,13,9,8,8,8,13
156,26,25,22,17,15,23,26,25,25,24,21,25,25,24,23,22,21,20,17,25,25,24,23,23,22,16,16,24,17,16,23,21,16,14,16,24,23,21,19,14,13,23,22,21,21,15,14,13,23,21,20,16,15,22,21,20,20,19,15,15,14,13,12,11,21,21,20,15,12,19,15,15,14,10,18,14,13,9,9,10,10,12,13,17,16,9,9,10,10,12,12,13,13,12,10,9,12,12,11,8,9,10,15,12,9,15,12,9,9,6,7,14,14,10,5,14,10,15,14,7,5,7,10,9,7,6,5,5,10,12,9,5,5,7,9,7,4,4,4,5,4,13,3,4,9,5,1,2,2,8,2,3,8,5,1,0,1,2,3,9,7,6,5,2,2,2,7,11,10,7,6,3,1,7,8,10,10,10,7,7,3,2,7,8,9,12,11,10,10,9,8,7,8,8,9,9,10,11,12,12,13,12,12,11,10,9,7,3,9,9,10,12,12,14,13,12,12,11,9,11,12,12,14,15,14,13,12,5,4,4,10,11,12,12,14,15,13,13,8,6,10,13,14,14,16,16,11,8,9,12,15,14,14,13,12,9,6,7,10,10,12,13,13,17,8,8,6,11,14,17,15,15,14,14,13,8,7,7,7,8,9,15,13,12,9,9,8,8,9,10,17,18,14,13,9,9,8,8,13
157,27,26,23,18,16,22,26,26,25,25,21,26,25,25,23,23,21,21,18,26,25,25,24,23,23,17,16,24,18,17,24,22,17,14,16,24,24,22,20,14,13,23,23,22,21,16,14,13,23,21,20,16,15,23,22,21,20,20,16,15,15,13,12,12,20,22,21,15,11,19,16,15,15,10,19,15,13,9,9,9,10,12,13,18,17,8,9,9,10,11,12,14,13,12,10,9,13,12,12,9,8,10,15,12,9,15,12,10,9,7,6,15,14,11,6,15,9,16,14,7,5,6,10,10,7,7,6,5,9,13,10,6,5,6,9,7,5,4,3,4,5,13,4,3,8,6,2,1,2,9,2,3,9,5,1,1,0,1,3,9,7,6,5,3,1,2,7,12,10,7,7,3,2,6,8,10,11,10,8,7,4,2,7,7,9,12,12,11,10,9,8,7,7,8,8,9,9,10,11,12,13,13,12,12,11,10,7,3,8,9,10,11,12,14,13,13,12,12,10,10,11,12,13,15,14,14,13,5,5,4,9,10,11,12,13,15,14,13,8,5,9,12,13,14,15,17,12,7,9,12,15,15,14,14,13,10,6,7,9,10,12,12,13,16,9,8,7,10,14,16,16,15,15,14,14,8,8,7,7,7,9,16,13,13,10,9,9,8,8,9,16,18,14,14,10,9,9,8,12
158,28,27,24,19,17,21,27,27,26,26,23,27,26,26,24,24,23,22,19,27,26,26,25,24,24,18,15,25,19,18,25,23,18,15,15,25,25,23,21,15,14,24,24,23,23,17,15,12,24,23,21,18,16,24,23,22,21,21,17,16,16,14,13,13,19,23,22,16,10,20,17,16,16,12,20,16,14,10,10,9,9,10,12,19,18,9,9,8,9,10,10,15,14,13,12,8,14,13,13,10,7,9,16,13,10,16,13,11,10,8,7,16,15,12,7,16,8,17,15,8,7,5,9,11,8,8,7,7,8,14,11,7,4,5,10,8,6,5,3,3,6,12,5,2,7,7,3,2,2,10,1,2,10,7,2,2,1,0,2,10,8,7,7,4,1,1,6,13,12,8,8,4,3,5,7,9,12,12,9,8,5,3,5,6,8,13,13,12,12,10,9,8,6,7,7,8,8,9,10,10,14,14,13,13,12,11,8,4,7,8,9,10,10,15,14,14,13,13,11,9,10,10,12,16,15,15,14,7,6,5,8,9,10,10,12,16,15,14,9,4,8,11,12,13,14,18,13,6,8,10,14,16,15,15,14,11,7,6,8,9,10,11,12,15,10,9,8,9,13,15,17,16,16,15,15,9,9,8,8,7,8,17,14,14,11,10,10,9,7,8,15,19,15,15,11,10,10,9,11
159,30,29,25,20,19,19,29,29,28,27,24,29,28,27,26,25,24,24,20,29,28,27,26,26,25,20,14,27,20,20,26,25,20,17,13,27,26,25,23,17,16,26,25,25,24,19,17,13,26,24,23,19,18,25,25,24,23,23,19,18,18,16,15,14,18,25,24,18,12,22,19,18,18,13,21,18,16,12,12,11,10,9,10,20,20,11,10,10,9,8,9,16,16,15,13,9,15,15,14,12,9,7,18,15,12,18,15,13,12,9,9,18,17,14,9,18,7,19,17,10,8,5,7,13,10,9,9,8,7,15,13,9,4,3,12,10,8,7,5,4,8,10,7,3,6,9,4,4,3,12,2,1,12,8,4,3,3,2,0,12,10,9,8,5,3,2,4,14,13,10,9,6,4,3,5,7,14,13,10,10,7,5,4,4,6,15,14,14,13,12,11,10,4,5,6,6,7,8,8,9,16,15,15,14,14,13,10,6,6,6,7,8,9,17,16,15,15,14,13,8,8,9,10,18,17,16,15,8,8,7,7,8,8,9,10,18,16,16,11,6,7,9,10,11,13,20,14,5,6,9,12,18,17,16,15,13,9,7,7,7,9,9,10,14,12,11,9,8,11,14,19,18,18,17,16,11,10,10,9,9,7,19,16,15,13,12,12,11,9,8,14,21,17,16,13,12,12,11,9
160,19,18,18,23,24,31,18,18,17,16,18,18,17,16,15,15,16,17,20,18,17,16,15,15,14,20,25,16,18,19,15,14,18,20,25,16,15,14,14,19,20,15,14,14,13,16,18,22,15,13,12,15,16,14,14,13,12,12,14,15,15,17,18,19,30,14,13,14,20,11,12,13,13,18,10,12,14,18,18,19,19,21,22,9,9,18,18,19,19,20,21,11,12,13,14,18,11,12,12,15,18,19,7,10,13,7,9,12,12,15,15,7,6,9,14,7,19,8,6,11,13,15,19,7,10,10,11,12,19,4,6,10,14,15,5,8,10,10,13,14,9,22,9,13,18,6,10,10,11,2,11,12,1,4,8,9,9,10,12,0,2,3,4,7,9,10,15,2,1,3,4,7,9,14,16,18,2,1,4,4,8,9,15,15,17,3,2,2,2,3,4,6,15,16,16,17,18,19,19,20,4,3,3,2,3,4,7,10,16,17,18,19,20,5,4,3,3,3,5,19,19,20,21,6,5,4,3,10,11,12,18,19,19,20,21,6,4,4,9,14,18,20,21,22,24,8,7,15,17,20,23,5,5,6,7,9,13,15,18,18,20,20,21,25,12,12,14,19,22,25,7,6,7,7,8,13,14,14,15,15,17,7,9,10,13,13,14,14,16,18,25,9,9,10,14,14,15,15,20
161,21,20,16,20,22,29,20,20,19,19,15,20,19,19,17,16,15,15,18,20,19,19,18,17,16,18,23,18,16,16,18,16,15,18,23,18,18,16,14,17,18,17,16,16,15,14,16,20,17,15,14,13,14,16,16,15,14,14,12,13,13,15,16,16,27,16,15,12,18,13,10,10,11,15,13,10,12,15,16,16,17,19,20,12,11,15,16,16,17,18,19,9,9,10,12,16,9,9,10,13,15,17,9,8,11,9,7,9,10,13,13,9,8,7,12,9,16,10,8,9,10,13,17,5,8,8,9,9,16,7,4,8,12,13,3,5,8,8,10,12,7,20,7,10,15,3,8,8,9,3,9,10,3,2,6,7,7,8,10,2,0,1,2,4,7,8,13,4,3,1,2,5,7,12,14,16,4,3,2,2,5,7,13,13,15,5,4,4,3,2,2,3,13,14,14,15,15,16,17,18,6,6,5,4,4,3,4,8,14,15,16,17,18,7,6,6,5,4,3,16,17,18,19,8,7,7,6,8,9,9,15,16,17,18,19,8,7,6,7,12,15,18,19,20,21,10,4,13,15,18,21,8,7,7,5,7,11,13,15,16,18,18,19,23,9,10,12,16,20,23,9,8,8,7,7,11,12,12,13,13,15,9,7,8,10,11,12,12,14,15,23,11,7,8,12,12,13,13,18
162,22,21,18,19,21,28,21,21,20,20,16,21,20,20,18,18,16,16,17,21,20,20,19,18,18,16,22,19,15,15,19,17,14,17,22,19,19,17,15,16,17,18,18,17,16,13,15,19,18,16,15,12,13,18,17,16,15,15,11,12,12,14,15,15,26,17,16,10,17,14,11,10,10,14,14,10,10,14,15,15,16,18,19,13,12,14,15,15,16,17,18,9,8,9,11,15,8,8,9,12,14,16,10,7,10,10,7,8,9,12,12,10,9,6,11,10,15,11,9,8,9,12,16,5,7,7,8,8,15,8,5,7,11,12,4,4,7,7,9,10,6,19,5,9,14,2,7,7,8,4,8,9,4,1,5,6,6,7,9,3,1,0,1,3,6,7,12,5,4,1,1,4,6,11,13,15,5,4,2,1,4,6,12,12,14,6,6,5,4,3,2,2,12,13,13,14,14,15,16,16,7,7,6,6,5,4,3,7,13,14,15,16,16,8,7,7,6,5,4,15,16,16,18,9,8,8,7,7,8,8,14,15,16,16,18,9,8,7,5,10,14,17,18,19,20,11,5,12,14,16,20,9,8,8,7,6,10,12,14,15,16,17,18,21,8,9,10,15,19,21,10,9,9,8,8,10,10,11,12,12,14,10,7,7,9,10,10,11,13,14,21,12,8,8,10,11,12,12,17
163,23,21,18,19,20,28,22,21,21,20,17,21,21,20,19,18,17,16,16,21,21,20,19,19,18,16,21,20,14,15,19,18,14,16,21,20,19,18,15,15,16,19,18,18,17,13,14,18,19,17,16,12,12,18,18,16,16,15,12,11,12,13,14,15,26,18,16,11,16,15,12,11,10,14,14,10,10,14,14,15,15,17,18,13,13,14,14,15,15,16,17,9,9,9,10,14,8,8,8,11,14,15,11,8,9,11,8,8,8,11,12,10,10,7,10,10,15,12,10,7,9,12,15,5,6,7,7,8,15,8,5,6,10,12,5,4,6,7,9,10,5,18,5,9,14,2,6,7,7,4,7,8,4,1,4,5,5,7,8,4,2,1,0,3,5,6,11,6,5,2,1,3,5,10,12,14,6,5,2,2,4,5,11,12,13,7,6,6,5,4,3,2,12,12,13,13,14,15,15,16,8,7,7,6,6,4,3,7,13,13,14,15,16,9,8,7,7,6,4,15,15,16,18,10,9,8,7,7,7,8,14,15,15,16,18,10,8,8,5,10,14,16,18,18,20,12,6,12,13,16,19,9,9,8,7,5,9,11,14,14,16,16,17,21,8,8,10,15,18,21,10,10,9,9,8,9,10,10,11,12,13,10,8,7,9,9,10,10,13,14,21,13,9,8,10,10,11,12,16
164,25,24,21,16,18,25,25,24,24,23,20,24,24,23,21,21,20,19,16,24,24,23,22,21,21,15,19,23,16,15,22,20,15,14,19,23,22,20,18,13,14,21,21,20,20,14,13,15,21,20,19,15,14,21,20,19,19,18,14,14,13,12,12,12,23,20,19,14,14,18,14,14,13,11,17,13,12,11,12,12,13,14,15,16,15,11,12,12,13,14,14,12,12,10,9,12,11,10,10,8,11,13,14,10,8,14,10,8,8,8,9,13,13,9,8,13,12,14,13,5,6,9,13,8,5,5,4,5,12,11,8,4,8,9,8,5,3,4,6,7,3,15,2,6,11,4,3,4,4,7,4,5,7,4,2,2,3,4,5,7,4,3,3,0,3,3,8,9,8,4,4,1,2,8,9,12,8,8,5,4,1,3,8,9,10,9,9,8,8,7,6,4,9,9,10,10,11,12,13,13,10,10,9,9,8,7,4,4,10,10,12,13,13,12,10,10,9,9,7,12,13,13,15,13,12,11,10,4,4,5,11,12,13,13,15,13,11,10,6,7,11,14,15,15,17,14,9,9,10,13,16,12,12,11,10,7,7,8,11,12,13,14,14,18,6,6,7,12,15,18,13,13,12,12,11,7,7,8,8,9,10,13,10,10,7,7,7,8,10,11,18,15,12,11,7,8,8,9,14
165,28,27,24,19,17,22,27,27,26,26,23,27,26,26,24,24,23,22,19,27,26,26,25,24,24,18,16,25,19,18,25,23,18,15,16,25,25,23,21,15,14,24,24,23,23,17,15,13,24,23,21,18,16,24,23,22,21,21,17,16,16,14,13,13,20,23,22,16,11,20,17,16,16,12,20,16,14,10,10,9,10,12,13,19,18,9,9,9,10,11,12,15,14,13,12,9,14,13,13,10,8,10,16,13,10,16,13,11,10,8,7,16,15,12,7,16,9,17,15,8,7,6,10,11,8,8,7,7,9,14,11,7,5,6,10,8,6,5,3,4,6,13,5,3,8,7,3,2,2,10,2,3,10,7,2,2,1,1,3,9,7,6,5,3,0,1,6,12,10,7,7,3,2,5,7,9,11,10,8,7,4,2,5,6,8,12,12,11,10,9,8,7,6,7,7,8,8,9,10,10,13,13,12,12,11,10,7,3,7,8,9,10,10,14,13,13,12,12,10,9,10,10,12,15,14,14,13,5,5,4,8,9,10,10,12,15,14,13,8,4,8,11,12,13,14,17,12,6,8,10,14,15,14,14,13,10,6,5,8,9,10,11,12,15,9,8,7,9,13,15,16,15,15,14,14,8,8,7,7,6,8,16,13,13,10,9,9,8,7,8,15,18,14,14,10,9,9,8,11
166,29,27,24,19,18,21,28,27,27,26,23,27,27,26,25,24,23,23,19,27,27,26,25,25,24,19,15,26,19,19,25,24,19,16,15,26,25,24,21,16,15,25,24,24,23,18,16,12,25,23,22,18,17,24,24,23,22,21,18,17,16,15,14,13,20,24,23,17,10,21,18,17,16,12,20,16,15,11,10,10,9,11,12,19,19,10,9,9,9,10,11,15,15,14,12,8,14,14,13,10,8,9,17,14,11,17,14,12,11,8,8,16,16,13,8,16,9,18,16,9,7,5,9,12,9,8,8,7,9,14,12,8,4,5,11,9,7,6,4,4,7,12,5,3,8,8,3,3,2,10,1,2,10,7,3,2,2,1,2,10,8,7,6,3,1,0,5,12,11,8,7,4,2,4,6,8,12,11,8,8,4,3,5,6,7,13,12,12,11,10,9,8,6,6,7,7,8,9,9,10,14,13,13,12,12,10,8,4,7,7,8,9,10,15,14,13,13,12,10,9,9,10,12,16,15,14,13,6,5,5,8,9,9,10,12,16,14,14,9,4,8,10,12,12,14,18,12,6,7,10,13,15,15,14,13,10,7,5,8,8,10,10,11,15,9,9,7,9,12,15,16,16,15,15,14,9,8,8,7,7,7,16,14,13,10,10,9,9,7,8,15,19,15,14,10,10,9,9,10
167,34,32,29,24,23,16,33,32,32,31,28,32,32,31,30,29,28,27,24,32,32,31,30,30,29,24,18,31,24,24,30,29,24,21,16,31,30,29,26,21,20,30,29,29,28,23,21,17,30,28,27,23,22,29,29,28,27,26,23,22,21,20,19,18,15,29,27,22,15,26,23,22,21,17,25,21,20,16,15,15,14,13,12,24,24,15,14,14,13,12,12,20,20,19,17,13,19,19,18,15,13,11,22,19,16,22,19,16,16,13,13,21,21,18,13,21,7,23,21,14,12,9,5,16,14,13,13,12,5,19,16,13,8,7,16,14,12,11,9,8,12,7,10,7,3,13,8,8,7,15,6,5,15,12,8,7,7,6,4,15,13,12,11,8,6,5,0,17,16,13,12,9,7,2,1,3,16,16,13,13,9,8,2,2,2,18,17,16,16,15,14,13,3,2,2,2,3,4,4,5,19,18,18,17,16,15,13,9,3,2,3,4,5,20,19,18,18,17,15,4,4,5,7,21,20,19,18,11,10,10,4,4,4,5,7,21,19,19,14,9,5,5,7,7,9,23,17,8,7,5,8,20,20,19,18,15,12,10,7,7,5,6,6,10,14,14,12,7,7,10,21,21,20,20,19,14,13,13,12,12,10,21,19,18,15,15,14,14,12,10,10,24,20,19,15,15,14,14,9
168,18,16,20,25,26,34,17,16,16,16,20,16,16,15,17,18,19,19,23,16,16,15,15,16,16,22,27,15,20,21,14,15,20,23,27,15,14,14,16,21,23,14,13,13,13,19,20,24,14,12,13,17,18,13,13,12,12,13,16,17,18,19,20,21,32,13,12,16,23,11,14,15,15,20,10,14,16,20,20,21,21,23,24,10,11,20,20,21,21,23,23,13,14,15,16,20,13,14,14,17,20,21,9,13,15,8,12,14,14,17,18,8,8,12,16,7,21,7,6,13,15,18,21,9,12,13,13,14,21,5,8,12,16,18,8,10,12,13,15,16,11,24,11,15,20,8,12,13,13,4,13,14,3,6,10,11,12,13,14,2,4,5,6,9,12,12,17,0,1,4,5,8,10,15,17,19,2,2,5,5,9,10,16,16,18,2,2,3,3,4,6,7,16,17,18,18,19,20,20,21,2,2,3,3,4,5,8,12,18,18,19,20,21,3,3,3,4,4,6,20,20,21,23,4,3,3,4,12,12,13,19,20,20,21,23,4,4,5,10,15,19,21,23,23,25,5,8,16,18,21,24,6,6,7,8,10,14,16,19,19,21,21,22,26,13,13,15,20,23,26,7,7,8,8,9,14,15,15,16,16,18,8,10,11,14,14,15,15,18,19,26,7,10,11,15,15,16,16,21
169,19,18,19,24,25,32,18,18,17,16,19,18,17,16,16,16,18,18,21,18,17,16,15,15,15,21,26,16,19,20,15,14,19,21,26,16,15,14,15,20,21,15,14,14,13,18,19,23,15,13,12,16,17,14,14,13,12,12,15,16,16,18,19,20,31,14,13,15,21,11,13,14,14,19,10,13,15,19,19,20,20,22,23,9,10,19,19,20,20,21,22,12,13,14,15,19,12,13,13,16,19,20,8,12,14,7,10,13,13,16,16,7,7,10,15,7,20,8,6,12,14,16,20,8,11,12,12,13,20,4,7,11,15,16,7,9,11,12,14,15,10,23,10,14,19,7,11,12,12,3,12,13,2,5,9,10,10,12,13,1,3,4,5,8,10,11,16,1,0,3,4,7,9,14,16,18,1,1,4,4,8,9,15,15,17,2,1,2,2,3,4,6,15,16,16,17,18,19,19,20,3,2,2,2,3,4,7,10,16,17,18,19,20,4,3,2,3,3,5,19,19,20,21,5,4,3,3,10,11,12,18,19,19,20,21,5,3,4,9,14,18,20,21,22,24,7,7,15,17,20,23,4,5,6,7,9,13,15,18,18,20,20,21,25,12,12,14,19,22,25,6,6,7,7,8,13,14,14,15,15,17,7,9,10,13,13,14,14,16,18,25,8,9,10,14,14,15,15,20
170,22,21,18,20,22,29,21,21,20,20,16,21,20,20,18,18,16,16,18,21,20,20,19,18,18,18,23,19,16,16,19,17,15,18,23,19,19,17,15,17,18,18,18,17,16,14,16,20,18,16,15,13,14,18,17,16,15,15,12,13,13,15,16,16,27,17,16,12,18,14,11,10,11,15,14,10,12,15,16,16,17,19,20,13,12,15,16,16,17,18,19,9,9,10,12,16,9,9,10,13,15,17,10,8,11,10,7,9,10,13,13,10,9,7,12,10,16,11,9,9,10,13,17,5,8,8,9,9,16,8,5,8,12,13,4,5,8,8,10,12,7,20,7,10,15,3,8,8,9,4,9,10,4,2,6,7,7,8,10,3,1,1,2,4,7,8,13,4,3,0,1,4,6,11,13,15,4,3,1,1,4,6,12,12,14,5,4,4,3,2,1,2,12,13,13,14,14,15,16,16,6,6,5,4,4,3,3,7,13,14,15,16,16,7,6,6,5,4,3,15,16,16,18,8,7,7,6,7,8,8,14,15,16,16,18,8,7,6,5,10,14,17,18,19,20,10,4,12,14,16,20,8,7,7,6,6,10,12,14,15,16,17,18,21,8,9,10,15,19,21,9,8,8,7,7,10,10,11,12,12,14,9,6,7,9,10,10,11,13,14,21,11,7,7,10,11,12,12,17
171,23,21,18,20,21,29,22,21,21,20,17,21,21,20,19,18,17,16,18,21,21,20,19,19,18,17,23,20,15,16,19,18,15,18,23,20,19,18,15,16,18,19,18,18,17,14,15,19,19,17,16,12,13,18,18,16,16,15,12,12,13,14,15,16,27,18,16,11,18,15,12,11,10,15,14,10,11,15,15,16,16,18,19,13,13,15,15,16,16,18,18,9,9,10,12,15,8,9,9,12,15,16,11,8,10,11,8,9,9,12,13,10,10,7,12,10,16,12,10,8,10,13,16,5,7,8,8,9,16,8,5,7,12,13,5,5,7,8,10,11,6,19,6,10,15,3,7,8,8,4,8,9,4,1,5,6,7,8,9,4,2,1,1,4,7,7,12,5,4,1,0,3,5,10,12,14,4,4,1,1,4,6,11,12,13,5,5,4,4,3,2,2,12,12,13,13,14,15,15,16,7,6,6,5,4,3,3,7,13,13,14,15,16,8,7,6,6,5,3,15,15,16,18,9,8,7,6,7,7,8,14,15,15,16,18,9,7,7,5,10,14,16,18,18,20,10,5,12,13,16,19,8,8,7,6,6,9,11,14,14,16,16,17,21,8,8,10,15,18,21,9,9,8,8,7,9,10,10,11,12,13,9,7,6,9,9,10,10,13,14,21,12,8,7,10,10,11,12,16
172,26,25,21,16,18,25,25,25,24,24,20,25,24,24,22,21,20,20,16,25,24,24,23,22,21,16,19,23,16,16,23,21,16,14,19,23,23,21,19,13,14,22,21,21,20,15,13,16,22,20,19,15,14,21,21,20,19,19,15,14,14,12,12,13,24,21,20,14,14,18,15,14,14,12,18,14,12,12,12,13,13,15,16,16,16,12,12,13,13,14,15,13,12,11,9,12,12,11,10,9,12,13,14,11,8,14,11,9,8,9,9,14,13,10,8,14,13,15,13,6,7,9,13,9,6,5,5,5,13,12,9,5,8,9,8,6,4,4,7,8,4,16,3,7,12,5,4,4,5,8,5,6,8,4,2,3,3,4,6,7,5,4,3,1,3,4,9,8,7,4,3,0,2,7,9,11,8,7,4,4,1,2,8,8,10,9,8,8,7,6,5,4,8,9,9,10,10,12,12,13,10,9,9,8,8,7,4,3,9,10,11,12,13,11,10,9,9,8,7,12,12,13,14,12,11,10,9,3,4,4,10,12,12,13,14,12,10,10,5,7,10,13,14,15,16,14,8,8,10,13,16,12,11,10,9,7,6,8,10,11,13,13,14,18,5,5,7,12,15,18,13,12,12,11,10,6,7,7,8,8,10,13,10,9,7,6,7,7,9,10,18,15,11,10,7,7,8,8,13
173,28,26,23,18,16,24,27,26,26,25,22,26,26,25,24,23,22,21,18,26,26,25,24,24,23,18,18,25,18,18,24,23,18,15,18,25,24,23,20,15,14,24,23,23,22,16,15,14,24,22,21,17,16,23,23,21,21,20,16,16,15,14,13,12,22,23,21,16,13,20,16,16,15,11,19,15,14,10,10,11,12,13,14,18,18,10,10,11,12,13,13,14,14,13,11,10,13,13,12,9,10,12,16,13,10,16,13,10,10,7,8,15,15,12,7,15,11,16,15,8,6,8,12,10,8,7,7,6,11,13,10,7,7,8,10,8,5,5,5,6,5,14,4,5,10,7,2,3,3,9,3,4,9,6,2,1,2,3,4,9,7,6,5,2,2,2,7,10,9,6,5,2,0,5,7,9,9,9,6,6,2,1,6,7,8,10,10,9,9,8,7,6,7,7,8,8,9,10,10,11,12,11,10,10,9,8,6,2,8,8,9,10,11,13,12,11,10,10,8,10,10,11,13,14,13,12,11,4,3,3,9,10,10,11,13,14,12,12,7,5,9,12,13,13,15,15,10,7,8,11,14,13,13,12,11,8,4,6,9,9,11,12,12,16,7,7,5,10,13,16,14,14,13,13,12,7,6,6,6,7,8,14,12,11,8,8,7,7,8,9,16,16,13,12,8,8,7,7,12
174,33,32,29,24,22,18,32,32,31,31,27,32,31,31,29,29,27,27,24,32,31,31,30,29,29,23,18,30,24,23,30,28,23,20,15,30,30,28,26,20,19,29,29,28,27,22,20,16,29,27,26,23,21,29,28,27,26,26,22,21,21,19,18,18,16,28,27,21,15,25,22,21,21,16,25,21,19,15,15,14,14,12,11,24,23,14,14,13,13,12,11,20,19,18,16,13,19,18,18,15,12,10,21,18,15,21,18,16,15,13,12,21,20,17,12,21,7,22,20,13,12,9,6,16,13,13,12,12,5,19,16,12,8,7,15,13,11,10,8,7,11,9,10,6,4,12,8,7,7,15,5,4,15,12,7,7,6,5,3,14,12,11,10,8,5,4,2,15,14,11,10,7,5,0,2,4,15,14,12,11,8,6,1,1,3,16,15,15,14,13,12,11,1,2,2,3,3,4,5,5,17,16,16,15,15,14,11,7,2,3,4,5,6,18,17,16,16,15,14,4,5,6,7,19,18,18,16,9,9,8,3,4,5,6,7,19,18,17,12,7,3,6,7,8,9,21,15,7,5,6,9,19,18,18,16,14,10,8,6,5,6,6,7,10,13,12,10,6,8,10,20,19,19,18,18,12,12,11,10,10,8,20,17,16,14,13,13,12,10,9,10,22,18,18,14,13,13,12,7
175,35,34,30,25,24,16,34,34,33,32,29,34,33,32,31,30,29,29,25,34,33,32,31,31,30,25,19,32,25,25,31,30,25,22,17,32,31,30,28,22,21,31,30,30,29,24,22,18,31,29,28,24,23,30,30,29,28,28,24,23,23,21,20,19,15,30,29,23,16,27,24,23,23,18,26,23,21,17,16,16,15,14,13,25,25,16,15,15,14,13,13,21,21,20,18,14,20,20,19,16,14,12,23,20,17,23,20,18,17,14,14,23,22,19,14,23,8,24,22,15,13,10,7,18,15,14,14,13,6,20,18,14,9,8,17,15,13,12,10,9,13,7,12,8,3,14,9,9,8,16,7,6,16,13,9,8,8,7,5,16,14,13,12,9,7,6,1,17,16,13,12,9,7,2,0,2,16,16,13,13,9,8,2,2,1,18,17,16,16,15,14,13,3,2,2,1,2,3,3,4,19,18,18,17,16,15,13,9,3,2,2,3,4,20,19,18,18,17,15,3,3,4,5,21,20,19,18,11,10,10,4,3,3,4,5,21,19,19,14,9,5,4,5,6,8,23,17,8,7,4,7,20,20,19,18,15,12,10,7,7,5,4,5,9,14,14,12,7,6,9,21,21,20,20,19,14,13,13,12,12,10,21,19,18,15,15,14,14,12,10,9,24,20,19,15,15,14,14,9
176,37,36,32,28,26,19,36,36,35,35,31,36,35,35,33,32,31,31,27,36,35,35,34,33,32,27,21,34,27,27,34,32,27,24,19,34,34,32,30,24,23,33,32,32,31,26,24,20,33,31,30,26,25,32,32,31,30,30,26,25,25,23,22,21,13,32,31,25,19,29,26,25,25,20,29,25,23,19,19,18,18,16,15,27,27,18,18,17,16,15,15,24,23,22,20,16,23,22,21,19,16,14,25,22,19,25,22,20,19,16,16,25,24,21,16,25,10,26,24,17,15,13,9,20,17,16,16,15,8,23,20,16,12,10,19,17,15,14,12,11,15,5,14,10,5,16,12,11,10,19,9,8,19,15,11,10,10,9,7,18,16,15,14,12,9,8,3,19,18,15,14,11,9,4,2,0,19,18,15,15,12,10,4,4,2,20,19,19,18,17,16,15,5,4,4,3,3,2,1,2,21,20,20,19,19,18,15,11,5,4,3,2,2,22,21,20,20,19,18,4,3,3,3,23,22,21,20,13,13,12,6,5,4,4,3,23,21,21,16,11,7,4,3,4,5,25,19,10,9,6,5,23,22,21,20,18,14,12,9,9,7,7,6,7,16,16,14,9,6,7,24,23,23,22,21,16,15,15,14,14,12,24,21,20,18,17,16,16,14,13,7,26,22,21,18,17,16,16,11
177,19,18,19,24,26,33,19,18,18,17,19,18,18,17,16,17,18,19,22,18,18,17,16,15,16,21,27,16,20,20,16,14,19,22,27,16,16,14,15,21,22,15,15,14,14,18,20,24,15,14,13,16,18,15,14,13,13,12,16,16,17,19,20,20,31,14,13,15,22,12,14,14,15,19,11,14,15,19,20,20,21,23,24,10,10,19,20,20,21,22,23,13,13,14,16,20,13,13,14,16,19,21,9,12,15,8,11,13,14,16,17,7,8,11,16,7,20,8,7,13,14,17,21,9,12,12,13,13,20,5,8,12,16,17,7,9,12,12,14,15,10,24,10,14,19,7,12,12,13,3,13,14,2,5,10,10,11,12,14,2,4,5,6,8,11,12,16,2,1,4,4,8,9,15,16,19,0,1,3,4,7,9,14,15,16,1,1,1,2,3,4,5,15,15,16,16,17,18,19,19,2,2,1,2,2,3,6,10,16,16,18,19,19,3,2,2,2,3,4,18,19,19,21,4,3,3,3,10,10,11,17,18,19,19,21,4,3,3,8,13,17,20,21,21,23,6,6,15,16,19,23,4,4,5,6,9,13,14,17,18,19,20,20,24,11,12,13,18,21,24,5,6,6,7,7,13,13,14,14,15,16,6,9,9,12,13,13,14,16,17,24,7,9,9,13,14,14,15,20
178,20,19,19,24,25,32,19,19,18,18,19,19,18,18,16,16,18,18,21,19,18,18,16,16,15,21,26,17,19,20,16,15,19,21,26,17,16,15,15,20,21,16,15,15,14,18,19,23,16,14,13,16,17,15,15,14,13,13,15,16,16,18,19,20,31,15,14,15,21,12,13,14,14,19,12,13,15,19,19,20,20,22,23,10,10,19,19,20,20,21,22,12,13,14,15,19,12,13,13,16,19,20,8,12,14,8,10,13,13,16,16,8,7,10,15,8,20,9,7,12,14,16,20,8,11,12,12,13,20,5,7,11,15,16,7,9,11,12,14,15,10,23,10,14,19,7,11,12,12,3,12,13,2,5,9,10,10,12,13,1,3,4,5,8,10,11,16,2,1,3,4,7,9,14,16,18,1,0,3,3,7,8,14,14,16,2,1,1,1,2,3,4,14,15,15,16,16,18,18,19,3,2,2,1,2,3,6,9,15,16,17,18,19,4,3,2,2,2,4,18,18,19,20,5,4,3,2,9,10,10,16,18,18,19,20,5,3,3,8,13,16,19,20,21,23,7,6,14,16,19,22,4,4,4,6,8,12,14,16,17,19,19,20,24,10,11,13,18,21,24,6,5,6,6,7,12,13,13,14,14,16,6,8,9,12,12,13,13,15,16,24,8,8,9,13,13,14,14,19
179,23,21,18,21,23,30,22,21,21,20,17,21,21,20,19,18,17,16,19,21,21,20,19,19,18,18,24,20,16,17,19,18,16,19,24,20,19,18,15,18,19,19,18,18,17,15,16,20,19,17,16,13,14,18,18,16,16,15,13,13,14,15,16,17,28,18,16,12,19,15,12,11,12,16,14,10,12,16,16,17,18,19,20,13,13,16,16,17,18,19,19,9,10,11,13,16,9,10,10,13,16,18,11,9,12,11,8,10,10,13,14,10,10,8,13,10,17,12,10,9,11,14,18,5,8,9,9,10,17,8,5,8,13,14,5,6,8,9,11,12,7,20,7,11,16,4,8,9,9,4,9,10,4,2,7,7,8,9,10,4,2,2,2,5,8,8,13,5,4,1,1,4,6,12,13,15,3,3,0,1,4,6,11,12,13,4,4,3,3,2,1,2,12,12,13,13,14,15,15,16,6,5,4,4,3,2,3,7,13,13,14,15,16,7,6,5,4,4,2,15,15,16,18,8,7,6,5,7,7,8,14,15,15,16,18,8,6,6,5,10,14,16,18,18,20,9,4,12,13,16,19,7,7,6,5,6,9,11,14,14,16,16,17,21,8,8,10,15,18,21,8,8,7,7,6,9,10,10,11,12,13,8,6,6,9,9,10,10,13,14,21,10,7,6,10,10,11,12,16
180,23,22,19,20,22,29,23,22,21,21,18,22,21,21,19,19,18,17,18,22,21,21,20,19,19,18,23,20,16,16,20,18,15,18,23,20,20,18,16,17,18,19,19,18,18,14,16,20,19,18,16,13,14,19,18,17,16,16,12,13,13,15,16,16,27,18,17,12,18,15,12,12,11,15,15,11,12,15,16,16,17,19,20,14,13,15,16,16,17,18,19,10,9,10,12,16,9,9,10,13,15,17,12,8,11,12,8,9,10,13,13,11,10,7,12,11,16,12,10,9,10,13,17,6,8,8,9,9,16,9,6,8,12,13,5,5,8,8,10,12,7,20,7,10,15,3,8,8,9,5,9,10,5,2,6,7,7,8,10,4,2,1,2,4,7,8,13,5,4,1,1,4,6,11,13,15,4,3,1,0,3,5,10,11,13,5,4,4,3,2,1,1,11,12,12,13,13,14,15,15,6,5,5,4,4,3,2,6,12,13,14,15,15,7,6,6,5,4,3,14,15,15,17,8,7,7,6,6,7,7,13,14,15,15,17,8,7,6,4,9,13,16,17,18,19,10,4,11,13,15,19,8,7,7,6,5,9,10,13,14,15,16,16,20,7,8,9,14,18,20,9,8,8,7,7,9,9,10,10,11,13,9,6,6,8,9,9,10,12,13,20,11,7,7,9,10,10,11,16
181,26,25,22,17,19,26,26,25,25,24,21,25,25,24,23,22,21,20,17,25,25,24,23,23,22,16,20,24,17,16,23,21,16,15,20,24,23,21,19,14,15,23,22,21,21,15,14,16,23,21,20,16,15,22,21,20,20,19,15,15,14,13,13,13,24,21,20,15,15,19,15,15,14,12,18,14,13,12,13,13,14,15,16,17,16,12,13,13,14,15,15,13,13,12,10,13,12,12,11,9,12,14,15,12,9,15,12,9,9,9,10,14,14,10,9,14,13,15,14,7,7,10,14,9,7,6,5,6,13,12,9,5,9,10,9,7,4,5,7,8,4,16,3,7,12,5,4,5,5,8,5,7,8,5,3,3,4,5,7,8,5,4,4,1,4,4,9,9,8,4,4,1,2,8,9,12,7,7,4,3,0,2,7,8,9,8,8,7,7,6,4,3,8,8,9,9,10,11,12,12,9,9,8,8,7,6,3,3,9,9,10,12,12,10,9,9,8,8,6,11,12,12,14,12,10,10,9,3,3,4,10,11,12,12,14,12,10,9,4,6,10,13,14,14,16,13,8,8,9,12,15,11,10,10,9,6,6,7,10,10,12,13,13,17,5,4,6,11,14,17,12,12,11,10,10,6,6,7,7,8,9,12,9,9,6,6,6,7,9,10,17,14,10,10,6,7,7,8,13
182,28,27,24,19,17,24,27,27,26,26,23,27,26,26,24,24,23,22,19,27,26,26,25,24,24,18,18,25,19,18,25,23,18,15,18,25,25,23,21,15,14,24,24,23,23,17,15,15,24,23,21,18,16,24,23,22,21,21,17,16,16,14,13,13,23,23,22,16,13,20,17,16,16,12,20,16,14,10,11,12,12,14,15,19,18,10,11,12,12,13,14,15,14,13,12,11,14,13,13,10,10,12,16,13,10,16,13,11,10,8,8,16,15,12,7,16,12,17,15,8,7,8,12,11,8,8,7,7,12,14,11,7,7,8,10,8,6,5,5,7,6,15,5,5,10,7,3,3,4,10,4,5,10,7,2,2,2,3,5,9,7,6,5,3,2,3,8,10,9,6,6,2,1,6,8,10,9,8,6,5,2,0,5,6,8,10,9,9,8,7,6,5,6,7,7,8,8,9,10,10,11,10,10,9,9,8,5,1,7,8,9,10,10,12,11,10,10,9,8,9,10,10,12,13,12,12,10,3,3,2,8,9,10,10,12,13,12,11,6,4,8,11,12,13,14,15,9,6,8,10,14,13,12,12,10,8,4,5,8,9,10,11,12,15,7,6,4,9,13,15,14,13,13,12,12,6,6,5,5,6,8,14,11,10,8,7,7,6,7,8,15,16,12,12,8,7,7,6,11
183,34,32,29,24,23,19,33,32,32,31,28,32,32,31,30,29,28,27,24,32,32,31,30,30,29,24,18,31,24,24,30,29,24,21,16,31,30,29,26,21,20,30,29,29,28,23,21,17,30,28,27,23,22,29,29,27,27,26,23,22,21,20,19,18,17,29,27,22,15,26,23,22,21,17,25,21,20,16,15,15,14,13,12,24,24,15,14,14,13,12,12,20,20,19,17,13,19,19,18,15,13,11,22,19,16,22,19,16,16,13,13,21,21,18,13,21,7,23,21,14,12,9,7,16,14,13,13,12,6,19,16,13,8,7,16,14,12,11,9,8,12,9,10,7,5,13,8,8,7,15,6,5,15,12,8,7,7,5,4,15,13,12,11,8,5,5,2,16,15,12,11,8,6,1,2,4,14,14,11,10,7,5,0,1,2,15,15,14,14,13,12,10,1,1,2,2,3,4,4,5,16,16,15,15,14,13,10,7,2,2,3,4,5,18,16,16,15,15,13,4,4,5,7,19,18,17,16,9,8,8,3,4,4,5,7,19,17,16,12,7,3,6,7,7,9,20,15,6,4,5,8,18,18,17,16,13,9,8,5,4,5,6,6,10,12,12,10,5,7,10,19,19,18,18,17,12,11,10,10,9,8,19,16,16,13,13,12,12,9,8,10,21,18,17,13,13,12,12,7
184,34,33,30,25,23,18,34,33,32,32,29,33,32,32,30,30,29,28,25,33,32,32,31,30,30,24,19,31,25,24,31,29,24,21,16,31,31,29,27,21,20,30,30,29,29,23,21,18,30,29,27,24,23,30,29,28,27,27,23,23,22,20,19,19,16,29,28,23,16,26,23,23,22,18,26,22,20,16,16,15,15,13,12,25,24,15,15,14,14,13,12,21,20,19,18,14,20,19,19,16,13,12,23,19,16,23,19,17,16,14,13,22,21,18,13,22,8,23,21,14,13,10,6,17,14,14,13,13,5,20,17,13,9,8,16,14,12,12,9,8,12,9,11,7,4,13,9,8,8,16,7,5,16,13,8,8,7,6,4,15,13,12,12,9,6,6,2,16,15,12,12,8,7,1,2,4,15,14,12,11,8,6,1,0,2,16,15,15,14,13,12,11,1,1,1,2,2,3,4,4,17,16,16,15,15,14,11,7,1,2,3,4,4,18,17,16,16,15,14,3,4,4,6,19,18,18,16,9,9,8,2,3,4,4,6,19,18,17,12,7,3,5,6,7,8,21,15,7,5,4,8,19,18,18,16,14,10,8,6,5,4,5,5,9,13,12,10,6,7,9,20,19,19,18,18,12,12,11,10,10,8,20,17,16,14,13,13,12,10,9,9,22,18,18,14,13,13,12,7
185,36,35,31,26,25,18,35,35,34,34,30,35,34,34,32,31,30,30,26,35,34,34,32,32,31,26,20,33,26,26,32,31,26,23,18,33,32,31,29,23,22,32,31,31,30,25,23,19,32,30,29,25,24,31,31,30,29,29,25,24,24,22,21,20,15,31,30,24,18,28,25,24,24,19,27,24,22,18,18,17,16,15,14,26,26,17,16,16,15,14,14,23,22,21,19,15,21,21,20,18,15,13,24,21,18,24,21,19,18,15,15,24,23,20,15,24,9,25,23,16,14,12,8,19,16,15,15,14,7,21,19,15,10,9,18,16,14,13,11,10,14,7,13,9,4,15,10,10,9,18,8,7,18,14,10,9,9,8,6,17,15,14,13,10,8,7,2,18,17,14,13,10,8,3,1,2,16,16,13,13,9,8,2,2,0,18,17,16,16,15,14,13,3,2,2,1,1,2,2,3,19,18,18,17,16,15,13,9,3,2,1,2,3,20,19,18,18,17,15,2,2,3,4,21,20,19,18,11,10,10,4,3,2,3,4,21,19,19,14,9,5,3,4,5,7,23,17,8,7,4,6,20,20,19,18,15,12,10,7,7,5,4,4,8,14,14,12,7,5,8,21,21,20,20,19,14,13,13,12,12,10,21,19,18,15,15,14,14,12,10,8,24,20,19,15,15,14,14,9
186,19,18,20,25,27,34,19,18,18,17,20,18,18,17,18,18,19,20,23,18,18,17,16,16,17,23,28,16,21,21,16,15,20,23,28,16,16,14,16,22,23,15,15,14,14,19,21,25,15,14,14,18,19,15,14,13,13,13,17,18,18,20,21,21,32,14,13,16,23,12,15,15,16,20,11,15,16,20,21,21,22,24,25,11,12,20,21,21,22,23,24,14,14,15,17,21,14,14,15,18,20,22,10,13,16,9,12,14,15,18,18,8,9,12,17,7,21,8,7,14,15,18,22,10,13,13,14,14,21,6,9,13,17,18,8,10,13,13,15,16,12,25,12,15,20,8,13,13,14,4,14,15,3,7,11,12,12,13,15,3,5,6,7,9,12,13,18,2,2,5,5,9,10,16,18,20,1,2,4,5,8,10,15,16,18,0,1,1,2,3,4,5,15,15,16,16,17,18,19,19,1,1,1,2,2,3,6,10,16,16,18,19,19,2,1,2,2,3,4,18,19,19,21,3,2,2,3,10,10,11,17,18,19,19,21,3,3,3,8,13,17,20,21,21,23,5,6,15,16,19,23,4,4,5,6,9,13,14,17,18,19,20,20,24,11,12,13,18,21,24,5,5,6,7,7,13,13,14,14,15,16,6,9,9,12,13,13,14,16,17,24,6,9,9,13,14,14,15,20
187,20,19,20,25,26,34,19,19,18,18,20,19,18,18,17,18,19,19,23,19,18,18,16,16,16,22,27,17,20,21,16,15,20,23,27,17,16,15,16,21,23,16,15,15,14,19,20,24,16,14,13,17,18,15,15,14,13,13,16,17,18,19,20,21,32,15,14,16,23,12,14,15,15,20,12,14,16,20,20,21,21,23,24,10,11,20,20,21,21,23,23,13,14,15,16,20,13,14,14,17,20,21,9,13,15,8,12,14,14,17,18,8,8,12,16,8,21,9,7,13,15,18,21,9,12,13,13,14,21,5,8,12,16,18,8,10,12,13,15,16,11,24,11,15,20,8,12,13,13,4,13,14,3,6,10,11,12,13,14,2,4,6,6,9,12,12,17,2,1,4,5,8,10,15,17,19,1,1,4,4,8,9,15,15,17,1,0,1,1,2,3,4,14,15,15,16,16,18,18,19,2,1,1,1,2,3,5,9,15,16,17,18,19,3,2,1,2,2,4,18,18,19,20,4,3,2,2,9,10,10,16,18,18,19,20,4,2,3,8,13,16,19,20,21,23,5,5,14,16,19,22,3,4,4,5,8,12,14,16,17,19,19,20,24,10,11,13,18,21,24,4,5,6,6,7,12,13,13,14,14,16,5,8,9,12,12,13,13,15,16,24,7,8,9,13,13,14,14,19
188,20,19,19,24,26,33,20,19,19,18,19,19,19,18,16,17,18,19,22,19,19,18,17,16,16,21,27,18,20,20,17,15,19,22,27,18,17,15,15,21,22,16,16,15,15,18,20,24,16,15,14,16,18,16,15,14,14,13,16,16,17,19,20,20,31,15,14,15,22,13,14,14,15,19,12,14,15,19,20,20,21,23,24,11,10,19,20,20,21,22,23,13,13,14,16,20,13,13,14,16,19,21,9,12,15,9,11,13,14,16,17,8,8,11,16,8,20,9,8,13,14,17,21,9,12,12,13,13,20,6,8,12,16,17,7,9,12,12,14,15,10,24,10,14,19,7,12,12,13,3,13,14,2,6,10,10,11,12,14,2,4,5,6,8,11,12,16,3,2,4,4,8,9,15,16,19,1,1,3,4,7,9,14,15,16,1,1,0,1,2,3,4,14,14,15,15,16,17,18,18,2,2,1,1,1,2,5,9,15,15,16,18,18,3,2,2,1,2,3,17,18,18,20,4,3,3,2,9,9,10,16,17,18,18,20,4,3,2,7,12,16,19,20,20,22,6,5,14,15,18,21,4,3,4,5,8,12,13,16,16,18,19,19,23,10,10,12,17,20,23,5,4,5,6,6,12,12,13,13,14,15,5,8,8,11,12,12,13,15,16,23,7,8,8,12,13,13,14,19
189,21,20,19,24,25,32,20,20,19,19,19,20,19,19,17,16,18,18,21,20,19,19,18,17,16,21,26,18,19,20,18,16,19,21,26,18,18,16,15,20,21,17,16,16,15,18,19,23,17,15,14,16,17,16,16,15,14,14,15,16,16,18,19,20,31,16,15,15,21,13,13,14,14,19,13,13,15,19,19,20,20,22,23,12,11,19,19,20,20,21,22,12,13,14,15,19,12,13,13,16,19,20,9,12,14,9,10,13,13,16,16,9,8,10,15,9,20,10,8,12,14,16,20,8,11,12,12,13,20,7,7,11,15,16,7,9,11,12,14,15,10,23,10,14,19,7,11,12,12,3,12,13,3,5,9,10,10,12,13,2,3,4,5,8,10,11,16,3,2,3,4,7,9,14,16,18,2,1,3,3,7,8,14,14,16,2,1,1,0,1,2,3,13,14,14,15,15,16,17,18,3,2,2,1,1,2,4,8,14,15,16,17,18,4,3,2,2,1,3,16,17,18,19,5,4,3,2,8,9,9,15,16,17,18,19,5,3,3,7,12,15,18,19,20,21,7,4,13,15,18,21,4,4,3,4,7,11,13,15,16,18,18,19,23,9,10,12,16,20,23,6,5,4,5,5,11,12,12,13,13,15,6,7,8,10,11,12,12,14,15,23,8,7,8,12,12,13,13,18
190,22,21,18,23,24,31,21,21,20,20,18,21,20,20,18,18,16,17,20,21,20,20,19,18,18,20,25,19,18,19,19,17,18,20,25,19,19,17,15,19,20,18,18,17,16,16,18,22,18,16,15,15,16,18,17,16,15,15,14,15,15,17,18,19,30,17,16,14,20,14,12,13,13,18,14,12,14,18,18,19,19,21,22,13,12,18,18,19,19,20,21,11,12,13,14,18,11,12,12,15,18,19,10,10,13,10,9,12,12,15,15,10,9,9,14,10,19,11,9,11,13,15,19,7,10,10,11,12,19,8,6,10,14,15,5,8,10,10,13,14,9,22,9,13,18,6,10,10,11,4,11,12,4,4,8,9,9,10,12,3,2,3,4,7,9,10,15,4,3,2,3,6,8,13,15,17,3,2,2,2,6,7,13,13,15,3,2,2,1,0,1,2,12,13,13,14,14,15,16,16,4,3,3,2,2,1,3,7,13,14,15,16,16,5,4,3,3,2,2,15,16,16,18,6,5,4,3,7,8,8,14,15,16,16,18,6,4,4,5,10,14,17,18,19,20,8,3,12,14,16,20,5,5,4,3,6,10,12,14,15,16,17,18,21,8,9,10,15,19,21,7,6,5,5,4,10,10,11,12,12,14,7,6,7,9,10,10,11,13,14,21,9,6,7,10,11,12,12,17
191,23,22,19,21,23,30,23,22,21,21,18,22,21,21,19,19,18,17,19,22,21,21,20,19,19,19,24,20,17,18,20,18,16,19,24,20,20,18,16,18,19,19,19,18,18,15,17,21,19,18,16,14,15,19,18,17,16,16,13,14,14,16,17,18,29,18,17,13,19,15,12,12,12,16,15,11,13,16,17,18,18,20,21,14,13,16,17,18,18,19,20,10,10,12,13,17,10,10,11,14,16,18,12,9,12,12,8,10,11,14,14,11,10,8,13,11,18,12,10,10,12,14,18,6,9,9,10,10,18,9,6,9,13,14,5,7,9,9,12,13,8,21,8,12,16,4,9,9,10,5,10,11,5,3,7,8,8,9,11,4,2,2,3,6,8,9,14,6,4,1,2,5,7,12,14,16,4,3,1,1,4,6,12,12,14,4,3,3,2,1,0,1,11,12,12,13,13,14,15,15,5,4,4,3,3,2,2,6,12,13,14,15,15,6,5,4,4,3,2,14,15,15,17,7,6,5,4,6,7,7,13,14,15,15,17,7,5,5,4,9,13,16,17,18,19,9,3,11,13,15,19,7,6,5,4,5,9,10,13,14,15,16,16,20,7,8,9,14,18,20,8,7,7,6,5,9,9,10,10,11,13,8,5,5,8,9,9,10,12,13,20,10,6,5,9,10,10,11,16
192,24,23,20,20,22,29,24,23,23,22,19,23,23,22,20,20,19,18,18,23,23,22,21,20,20,18,23,21,16,16,21,19,15,18,23,21,21,19,17,17,18,20,20,19,19,14,16,20,20,19,18,14,14,20,19,18,18,17,13,13,13,15,16,16,27,19,18,13,18,16,13,13,12,15,16,12,12,15,16,16,17,19,20,15,14,15,16,16,17,18,19,11,10,10,12,16,10,9,10,13,15,17,13,9,11,13,9,9,10,13,13,12,12,8,12,12,16,13,12,9,10,13,17,7,8,8,9,9,16,10,7,8,12,13,7,5,8,8,10,12,7,20,7,10,15,3,8,8,9,6,9,10,6,3,6,7,7,8,10,6,3,2,2,4,7,8,13,7,6,2,2,4,6,11,13,15,5,4,2,1,3,5,10,11,13,5,4,4,3,2,1,0,10,10,11,12,12,13,14,14,6,5,5,4,4,3,1,5,11,12,13,14,14,7,6,6,5,4,3,13,14,14,16,8,7,7,6,5,5,6,12,13,14,14,16,8,7,6,3,8,12,15,16,16,18,10,4,10,12,14,18,8,7,7,6,4,8,9,12,13,14,15,15,19,6,7,8,13,16,19,9,8,8,7,7,8,8,9,9,10,12,9,6,6,7,8,8,9,11,12,19,11,7,7,8,9,9,10,15
193,34,33,30,25,23,19,34,33,32,32,29,33,32,32,30,30,29,28,25,33,32,32,31,30,30,24,19,31,25,24,31,29,24,21,16,31,31,29,27,21,20,30,30,29,29,23,21,18,30,29,27,24,23,30,29,28,27,27,23,23,22,20,19,19,18,29,28,23,16,26,23,23,22,18,26,22,20,16,16,15,15,13,12,25,24,15,15,14,14,13,12,21,20,19,18,14,20,19,19,16,13,12,23,19,16,23,19,17,16,14,13,22,21,18,13,22,8,23,21,14,13,10,7,17,14,14,13,13,7,20,17,13,9,8,16,14,12,12,9,8,12,10,11,7,6,13,9,8,8,16,7,5,16,13,8,8,7,6,4,15,13,12,12,9,6,6,3,16,15,12,12,8,7,1,3,5,15,14,12,11,8,6,1,1,3,15,14,14,13,12,11,10,0,1,1,2,2,3,4,4,16,15,15,14,14,13,10,6,1,2,3,4,4,17,16,15,15,14,13,3,4,4,6,18,17,16,15,8,8,7,2,3,4,4,6,18,16,16,11,6,2,5,6,7,8,20,14,5,4,4,8,18,17,16,15,13,9,7,4,4,4,5,5,9,12,11,9,4,7,9,19,18,18,17,16,11,10,10,9,9,7,19,16,15,13,12,12,11,9,8,9,21,17,16,13,12,12,11,6
194,35,34,30,25,24,19,34,34,33,32,29,34,33,32,31,30,29,29,25,34,33,32,31,31,30,25,19,32,25,25,31,30,25,22,17,32,31,30,27,22,21,31,30,30,29,24,22,18,31,29,28,24,23,30,30,29,28,27,24,23,23,21,20,19,17,30,29,23,16,27,24,23,23,18,26,23,21,17,16,16,15,14,13,25,25,16,15,15,14,13,13,21,21,20,18,14,20,20,19,16,14,12,23,20,17,23,20,18,17,14,14,23,22,19,14,23,8,24,22,15,13,10,7,18,15,14,14,13,6,20,18,14,9,8,17,15,13,12,10,9,13,9,12,8,5,14,9,9,8,16,7,6,16,13,9,8,8,7,5,16,14,13,12,9,7,6,2,17,16,13,12,9,7,2,2,4,15,15,12,12,8,7,1,1,2,15,15,14,14,13,12,10,1,0,1,1,2,3,3,4,16,16,15,15,14,13,10,7,1,1,2,3,4,18,16,16,15,15,13,3,3,4,5,19,18,17,16,9,8,8,2,3,3,4,5,19,17,16,12,7,3,4,6,6,8,20,15,6,4,4,7,18,18,17,16,13,9,8,5,4,4,4,5,9,12,12,10,5,6,9,19,19,18,18,17,12,11,10,10,9,8,19,16,16,13,13,12,12,9,8,9,21,18,17,13,13,12,12,7
195,35,34,31,26,24,18,35,34,34,33,30,34,34,33,31,31,30,29,26,34,34,33,32,31,31,25,20,32,26,25,32,30,25,23,18,32,32,30,28,23,21,31,31,30,30,24,23,19,31,30,29,25,24,31,30,29,29,28,24,24,23,21,20,20,16,30,29,24,17,27,24,24,23,19,27,23,21,18,17,16,16,14,13,26,25,16,16,15,15,14,13,22,21,20,19,15,21,20,20,17,14,13,24,20,18,24,20,18,18,15,14,23,23,19,14,23,9,24,23,15,14,11,7,18,15,15,14,14,7,21,18,14,10,9,18,15,13,13,10,9,13,9,12,8,4,14,10,9,9,17,8,7,17,14,9,9,8,7,6,16,14,13,13,10,7,7,2,18,16,13,13,9,8,2,2,4,16,15,13,12,9,7,2,1,2,16,15,15,14,13,12,11,1,1,0,1,1,2,3,3,17,16,16,15,15,14,11,7,1,1,2,3,3,18,17,16,16,15,14,2,3,3,5,19,18,18,16,9,9,8,2,2,3,3,5,19,18,17,12,7,3,4,5,5,7,21,15,7,5,3,7,19,18,18,16,14,10,8,6,5,3,4,4,8,13,12,10,6,5,8,20,19,19,18,18,12,12,11,10,10,8,20,17,16,14,13,13,12,10,9,8,22,18,18,14,13,13,12,7
196,36,35,31,26,25,18,35,35,34,34,30,35,34,34,32,31,30,30,26,35,34,34,32,32,31,26,20,33,26,26,32,31,26,23,18,33,32,31,29,23,22,32,31,31,30,25,23,19,32,30,29,25,24,31,31,30,29,29,25,24,24,22,21,20,16,31,30,24,18,28,25,24,24,19,27,24,22,18,18,17,16,15,14,26,26,17,16,16,15,14,14,23,22,21,19,15,21,21,20,18,15,13,24,21,18,24,21,19,18,15,15,24,23,20,15,24,9,25,23,16,14,12,8,19,16,15,15,14,7,21,19,15,10,9,18,16,14,13,11,10,14,8,13,9,4,15,10,10,9,18,8,7,18,14,10,9,9,8,6,17,15,14,13,10,8,7,2,18,17,14,13,10,8,3,1,3,16,16,13,13,9,8,2,2,1,16,16,15,15,14,13,12,2,1,1,0,1,2,2,3,18,17,16,16,15,14,12,8,2,1,1,2,3,19,18,17,16,16,14,2,2,3,4,20,19,18,17,10,9,9,3,2,2,3,4,20,18,18,13,8,4,3,4,5,7,21,16,7,6,3,6,19,19,18,17,14,10,9,6,6,4,3,4,8,13,13,11,6,5,8,20,20,19,19,18,13,12,12,11,10,9,20,18,17,14,14,13,13,10,9,8,23,19,18,14,14,13,13,8
197,36,35,32,27,25,18,36,35,35,34,31,35,35,34,32,32,31,30,27,35,35,34,33,32,32,26,21,34,27,26,33,31,26,24,19,34,33,31,29,24,23,32,32,31,31,25,24,20,32,31,30,26,25,32,31,30,30,29,25,25,24,23,21,21,15,31,30,25,18,29,25,25,24,20,28,24,23,19,18,18,17,15,14,27,26,18,17,16,16,15,14,23,23,21,20,16,22,21,21,18,15,14,25,21,19,25,21,19,19,16,15,24,24,20,15,24,10,25,24,16,15,12,8,19,16,16,15,15,8,22,19,15,11,10,19,16,14,14,12,10,14,8,13,9,4,15,11,10,10,18,9,8,18,15,10,10,9,8,7,18,15,14,14,11,8,8,3,19,18,14,14,10,9,3,2,3,17,16,14,13,10,8,3,2,1,17,16,16,15,14,13,12,2,2,1,1,0,1,2,2,18,18,17,16,16,15,12,8,2,2,1,2,2,19,18,18,17,16,15,1,2,2,4,20,19,19,18,10,10,9,3,2,2,2,4,20,19,18,13,8,4,3,4,4,6,22,16,8,6,3,5,20,19,19,18,15,11,9,7,6,4,4,3,7,14,13,12,7,4,7,21,20,20,19,19,13,13,12,12,11,9,21,18,18,15,14,14,13,11,10,7,23,19,19,15,14,14,13,8
198,37,36,33,28,26,19,37,36,36,35,32,36,36,35,34,33,32,31,28,36,36,35,34,34,33,27,22,35,28,27,34,32,27,25,20,35,34,32,30,25,24,34,33,32,32,26,25,21,34,32,31,27,26,33,32,31,31,30,26,26,25,24,23,22,14,32,31,26,19,30,26,26,25,21,29,25,24,20,19,19,18,16,15,28,27,19,18,18,17,16,15,24,24,23,21,17,23,23,22,19,16,15,26,23,20,26,23,20,20,17,16,25,25,21,16,25,11,26,25,18,16,13,9,20,18,17,16,16,9,23,20,16,12,11,20,18,15,15,13,12,15,7,14,10,5,16,12,12,11,19,10,9,19,16,12,11,10,9,8,19,16,15,15,12,9,9,4,20,19,15,15,12,10,4,3,2,18,18,15,14,11,9,4,3,2,18,18,17,16,15,14,13,3,3,2,2,1,0,1,1,19,19,18,18,17,16,13,9,3,3,2,1,1,20,19,19,18,18,16,2,2,1,3,21,20,20,19,12,11,10,4,3,3,2,3,21,20,19,14,9,6,3,3,3,5,23,18,9,7,4,4,21,20,20,19,16,12,10,8,7,5,5,4,6,15,14,13,8,4,6,22,21,21,20,20,14,14,13,13,12,10,22,19,19,16,15,15,14,12,11,6,24,20,20,16,15,15,14,9
199,38,37,34,29,27,20,37,37,36,36,32,37,36,36,34,34,32,32,29,37,36,36,35,34,34,28,23,35,29,28,35,33,28,25,20,35,35,33,31,25,24,34,34,33,32,27,25,21,34,32,31,27,26,34,33,32,31,31,27,26,26,24,23,23,14,33,32,26,20,30,27,26,26,21,30,26,24,20,20,19,19,17,16,29,28,19,19,18,18,16,16,25,24,23,21,18,24,23,23,20,17,15,26,23,20,26,23,21,20,18,17,26,25,22,17,26,12,27,25,18,16,14,10,21,18,18,17,16,9,24,21,17,13,12,20,18,16,15,13,12,16,6,15,11,6,17,13,12,12,20,10,9,20,16,12,12,11,10,8,19,17,16,15,13,10,9,4,20,19,16,15,12,10,5,3,1,19,18,15,15,12,10,4,4,2,19,18,18,17,16,15,14,4,3,3,2,2,1,0,1,20,19,19,18,18,16,14,10,4,3,2,1,1,21,20,19,19,18,16,3,2,2,2,22,21,20,19,12,12,11,5,4,3,3,2,22,20,20,15,10,6,3,2,3,4,24,18,9,8,5,4,21,21,20,19,16,13,11,8,8,6,5,5,5,15,15,13,8,5,5,23,22,21,21,20,15,14,14,13,13,11,23,20,19,16,16,15,15,13,12,5,25,21,20,16,16,15,15,10
200,38,37,34,29,27,20,38,37,37,36,33,37,37,36,35,34,33,32,29,37,37,36,35,35,34,29,23,36,29,29,35,34,29,26,21,36,35,34,31,26,25,35,34,34,33,27,26,22,35,33,32,28,27,34,34,32,32,31,27,27,26,25,24,23,13,34,32,27,20,31,27,27,26,22,30,26,25,21,20,20,19,18,16,29,29,20,19,19,18,17,16,25,25,24,22,18,24,24,23,20,18,16,27,24,21,27,24,21,21,18,18,26,26,23,18,26,12,27,26,19,17,14,10,21,19,18,18,17,10,24,21,18,13,12,21,19,16,16,14,13,16,6,15,12,7,18,13,13,12,20,11,10,20,17,13,12,12,10,9,20,18,16,16,13,10,10,5,21,20,16,16,13,11,5,4,2,19,19,16,15,12,10,5,4,3,19,19,18,18,16,15,14,4,4,3,3,2,1,1,0,20,20,19,19,18,17,14,10,4,4,3,2,1,21,20,20,19,19,17,3,3,2,2,23,21,21,20,13,12,12,5,4,4,3,2,23,21,20,15,10,7,4,3,2,4,24,19,10,8,5,3,22,21,21,20,17,13,12,9,8,7,6,5,5,16,15,14,9,5,5,23,23,22,21,21,15,15,14,14,13,12,23,20,20,17,16,16,15,13,12,5,25,21,21,17,16,16,15,10
201,19,18,21,26,28,35,19,18,18,18,21,18,18,17,19,19,20,21,24,18,18,17,17,18,18,24,29,16,22,23,16,16,21,24,29,16,16,15,18,23,24,15,15,14,15,20,22,26,15,14,15,19,20,15,14,13,14,14,18,19,19,21,22,23,34,14,13,18,24,13,16,16,17,21,12,16,18,21,22,23,23,25,26,12,13,21,22,23,23,24,25,15,15,16,18,22,15,15,16,19,21,23,11,14,17,10,13,15,16,19,19,9,10,13,18,8,23,8,8,15,16,19,23,11,14,14,15,15,23,7,10,14,18,19,9,12,14,14,16,18,13,26,13,16,21,9,14,14,15,5,15,16,4,8,12,13,13,14,16,4,6,7,8,10,13,14,19,2,3,6,7,10,12,17,19,21,2,3,6,6,9,11,16,17,19,1,2,2,3,4,5,6,16,16,17,18,18,19,20,20,0,1,1,2,2,3,6,10,16,16,18,19,19,1,1,2,2,3,4,18,19,19,21,2,1,2,3,10,10,11,17,18,19,19,21,2,3,3,8,13,17,20,21,21,23,4,6,15,16,19,23,4,4,5,6,9,13,14,17,18,19,20,20,24,11,12,13,18,21,24,5,5,6,7,7,13,13,14,14,15,16,6,9,9,12,13,13,14,16,17,24,5,9,9,13,14,14,15,20
202,20,19,21,26,28,35,19,19,18,18,21,19,18,18,18,19,20,20,24,19,18,18,16,17,18,23,29,17,21,22,16,16,21,24,29,17,16,15,17,23,24,16,15,15,14,20,21,25,16,14,14,18,19,15,15,14,13,14,18,18,19,20,21,22,33,15,14,17,24,12,15,16,16,21,12,15,17,21,21,22,23,24,25,12,12,21,21,22,23,24,24,14,15,16,18,21,14,15,15,18,21,23,10,14,16,9,13,15,15,18,19,9,9,13,18,8,22,9,7,14,16,19,23,10,13,14,14,15,22,7,9,13,18,19,9,11,13,14,16,17,12,25,12,16,21,9,13,14,14,5,14,15,4,7,12,12,13,14,15,3,6,7,7,10,13,13,18,2,2,6,6,9,11,16,18,20,2,2,5,5,9,10,16,16,18,1,1,2,2,3,4,5,15,16,16,17,18,19,19,20,1,0,1,1,2,3,6,9,15,16,17,18,19,2,1,1,2,2,4,18,18,19,20,3,2,1,2,9,10,10,16,18,18,19,20,3,2,3,8,13,16,19,20,21,23,4,5,14,16,19,22,3,4,4,5,8,12,14,16,17,19,19,20,24,10,11,13,18,21,24,4,5,6,6,7,12,13,13,14,14,16,5,8,9,12,12,13,13,15,16,24,5,8,9,13,13,14,14,19
203,20,19,20,25,27,34,20,19,19,18,20,19,19,18,18,18,19,20,23,19,19,18,17,16,17,23,28,18,21,21,17,15,20,23,28,18,17,15,16,22,23,16,16,15,15,19,21,25,16,15,14,18,19,16,15,14,14,13,17,18,18,20,21,21,32,15,14,16,23,13,15,15,16,20,12,15,16,20,21,21,22,24,25,11,12,20,21,21,22,23,24,14,14,15,17,21,14,14,15,18,20,22,10,13,16,9,12,14,15,18,18,8,9,12,17,8,21,9,8,14,15,18,22,10,13,13,14,14,21,6,9,13,17,18,8,10,13,13,15,16,12,25,12,15,20,8,13,13,14,4,14,15,3,7,11,12,12,13,15,3,5,6,7,9,12,13,18,3,2,5,6,9,10,16,18,20,1,2,4,5,8,10,15,16,18,1,1,1,2,3,4,5,15,15,16,16,17,18,19,19,1,1,0,1,1,2,5,9,15,15,16,18,18,2,1,1,1,2,3,17,18,18,20,3,2,2,2,9,9,10,16,17,18,18,20,3,2,2,7,12,16,19,20,20,22,5,5,14,15,18,21,3,3,4,5,8,12,13,16,16,18,19,19,23,10,10,12,17,20,23,4,4,5,6,6,12,12,13,13,14,15,5,8,8,11,12,12,13,15,16,23,6,8,8,12,13,13,14,19
204,21,20,20,25,26,34,20,20,19,19,20,20,19,19,17,18,19,19,23,20,19,19,18,17,16,22,27,18,20,21,18,16,20,23,28,18,18,16,16,21,23,17,16,16,15,19,20,24,17,15,14,17,18,16,16,15,14,14,16,17,18,19,20,21,32,16,15,16,23,13,14,15,15,20,13,14,16,20,20,21,21,23,24,12,11,20,20,21,21,23,23,13,14,15,16,20,13,14,14,17,20,21,9,13,15,9,12,14,14,17,18,9,8,12,16,9,21,10,8,13,15,18,21,9,12,13,13,14,21,7,8,12,16,18,8,10,12,13,15,16,11,24,11,15,20,8,12,13,13,4,13,14,3,6,10,11,12,13,14,2,4,6,6,9,12,12,17,3,2,4,5,8,10,15,17,19,2,1,4,4,8,9,15,15,17,2,1,1,1,2,3,4,14,15,15,16,16,18,18,19,2,1,1,0,1,2,4,8,14,15,16,17,18,3,2,1,1,1,3,16,17,18,19,4,3,2,1,8,9,9,15,16,17,18,19,4,2,2,7,12,15,18,19,20,21,5,4,13,15,18,21,3,3,3,4,7,11,13,15,16,18,18,19,23,9,10,12,16,20,23,4,4,4,5,6,11,12,12,13,13,15,4,7,8,10,11,12,12,14,15,23,7,7,8,12,12,13,13,18
205,21,20,19,24,26,33,21,20,20,19,19,20,20,19,18,17,18,19,22,20,20,19,18,18,17,21,27,19,20,20,18,16,19,22,27,19,18,16,15,21,22,18,17,16,16,18,20,24,18,16,15,16,18,17,16,15,15,14,16,16,17,19,20,20,31,16,15,15,22,14,14,14,15,19,13,14,15,19,20,20,21,23,24,12,12,19,20,20,21,22,23,13,13,14,16,20,13,13,14,16,19,21,10,12,15,10,11,13,14,16,17,9,9,11,16,9,20,10,9,13,14,17,21,9,12,12,13,13,20,7,8,12,16,17,7,9,12,12,14,15,10,24,10,14,19,7,12,12,13,3,13,14,3,5,10,10,11,12,14,3,4,5,6,8,11,12,16,4,3,4,4,8,9,15,16,19,2,2,3,4,7,9,14,15,16,2,2,1,1,2,3,4,14,14,15,15,16,17,18,18,2,2,1,1,0,1,4,8,14,14,15,16,17,3,2,2,1,1,2,16,16,17,19,4,3,3,2,8,8,9,15,16,16,17,19,4,3,2,6,11,15,18,19,19,21,6,4,13,14,17,20,4,3,3,4,7,10,12,15,15,17,18,18,22,9,9,11,16,19,22,5,4,4,4,5,10,11,12,12,13,14,5,7,7,10,10,11,12,14,15,22,7,7,7,11,12,12,13,18
206,23,21,18,23,25,32,22,21,21,20,18,21,21,20,19,18,17,18,21,21,21,20,19,19,18,20,26,20,19,19,19,18,18,21,26,20,19,18,15,20,21,19,18,18,17,17,19,23,19,17,16,15,16,18,18,16,16,15,15,15,16,18,19,19,30,18,16,14,21,15,13,13,14,18,14,13,14,18,19,19,20,21,23,13,13,18,19,19,20,21,21,12,12,13,15,19,12,12,13,15,18,20,11,11,14,11,10,12,13,15,16,10,10,10,15,10,19,12,10,12,13,16,20,8,10,11,12,12,19,8,7,10,15,16,6,8,10,11,13,14,9,23,9,13,18,6,10,11,12,4,12,13,4,4,9,9,10,11,13,4,3,4,4,7,10,10,15,5,4,3,3,7,8,14,15,18,3,3,2,3,6,8,13,14,15,3,3,2,2,1,2,3,13,13,14,14,15,16,16,17,3,3,2,2,1,0,3,7,13,13,14,15,16,4,3,3,2,2,1,15,15,16,18,5,4,4,3,7,7,8,14,15,15,16,18,5,4,3,5,10,14,16,18,18,20,7,3,12,13,16,19,5,4,4,3,6,9,11,14,14,16,16,17,21,8,8,10,15,18,21,6,6,5,4,4,9,10,10,11,12,13,6,5,6,9,9,10,10,13,14,21,8,5,6,10,10,11,12,16
207,25,24,21,20,22,29,25,24,24,23,20,24,24,23,21,21,20,19,18,24,24,23,22,21,21,18,23,23,16,16,22,20,15,18,23,23,22,20,18,17,18,21,21,20,20,14,16,20,21,20,19,15,14,21,20,19,19,18,14,14,13,15,16,16,27,20,19,14,18,18,14,14,13,15,17,13,12,15,16,16,17,19,20,16,15,15,16,16,17,18,19,12,12,10,12,16,11,10,10,13,15,17,14,10,11,14,10,9,10,13,13,13,13,9,12,13,16,14,13,9,10,13,17,8,8,8,9,9,16,11,8,8,12,13,8,5,8,8,10,12,7,20,7,10,15,4,8,8,9,7,9,10,7,4,6,7,7,8,10,7,4,3,3,4,7,8,13,8,7,3,3,4,6,11,13,15,6,6,3,2,3,5,10,11,13,6,5,5,4,3,2,1,10,10,11,12,12,13,14,14,6,6,5,4,4,3,0,4,10,10,12,13,13,7,6,5,5,4,3,12,13,13,15,8,7,7,6,4,4,5,11,12,13,13,15,8,7,6,2,7,11,14,15,15,17,10,4,9,10,13,16,8,7,7,6,3,7,8,11,12,13,14,14,18,5,5,7,12,15,18,9,8,8,7,7,7,7,8,8,9,10,9,6,6,6,7,7,8,10,11,18,11,7,7,7,8,8,9,14
208,29,28,25,20,18,25,29,28,27,27,24,28,27,27,25,25,24,23,20,28,27,27,26,25,25,19,19,26,20,19,26,24,19,16,19,26,26,24,22,16,15,25,25,24,24,18,16,16,25,24,23,19,18,25,24,23,23,22,18,18,17,15,14,14,24,24,23,18,14,21,18,18,17,13,21,17,15,12,12,13,13,15,16,20,19,12,12,13,13,14,15,16,15,14,13,12,15,14,14,11,12,13,18,14,12,18,14,12,12,9,9,17,16,13,8,17,13,18,16,9,8,9,13,12,9,9,8,8,13,15,12,8,8,9,12,9,7,7,7,8,7,16,6,7,12,8,4,4,5,11,5,6,11,8,3,3,3,4,6,10,8,7,7,4,3,4,9,12,10,7,7,3,2,7,9,11,10,9,7,6,3,1,7,7,9,10,9,9,8,7,6,5,6,7,7,8,8,9,10,10,10,9,9,8,8,7,4,0,6,7,8,9,9,11,10,9,9,8,7,8,9,9,11,12,11,10,9,2,2,1,7,8,9,9,11,12,10,10,5,3,7,10,11,12,13,14,8,5,7,9,13,12,11,10,9,7,3,4,7,8,9,10,10,14,5,5,3,8,12,14,13,12,12,11,10,5,4,4,4,5,7,13,10,9,7,6,5,5,6,7,14,15,11,10,7,6,6,5,10
209,35,34,31,26,24,19,35,34,34,33,30,34,34,33,31,31,30,29,26,34,34,33,32,31,31,25,20,32,26,25,32,30,25,23,18,32,32,30,28,23,21,31,31,30,30,24,23,19,31,30,29,25,24,31,30,29,29,28,24,24,23,21,20,20,18,30,29,24,17,27,24,24,23,19,27,23,21,18,17,16,16,14,13,26,25,16,16,15,15,14,13,22,21,20,19,15,21,20,20,17,14,13,24,20,18,24,20,18,18,15,14,23,23,19,14,23,9,24,23,15,14,11,7,18,15,15,14,14,7,21,18,14,10,9,18,15,13,13,10,9,13,10,12,8,6,14,10,9,9,17,8,7,17,14,9,9,8,7,6,16,14,13,13,10,7,7,3,18,16,13,13,9,8,2,3,5,16,15,13,12,9,7,2,1,3,16,15,15,14,13,12,11,1,1,1,2,2,3,4,4,16,15,15,14,14,13,10,6,0,1,2,3,3,17,16,15,15,14,13,2,3,3,5,18,17,16,15,8,8,7,1,2,3,3,5,18,16,16,11,6,2,4,5,5,7,20,14,5,4,3,7,18,17,16,15,13,9,7,4,4,3,4,4,8,12,11,9,4,5,8,19,18,18,17,16,11,10,10,9,9,7,19,16,15,13,12,12,11,9,8,8,21,17,16,13,12,12,11,6
210,36,35,31,26,25,19,35,35,34,34,30,35,34,34,32,31,30,30,26,35,34,34,32,32,31,26,20,33,26,26,32,31,26,23,18,33,32,31,29,23,22,32,31,31,30,25,23,19,32,30,29,25,24,31,31,30,29,29,25,24,24,22,21,20,17,31,30,24,18,28,25,24,24,19,27,24,22,18,18,17,16,15,14,26,26,17,16,16,15,14,14,23,22,21,19,15,21,21,20,18,15,13,24,21,18,24,21,19,18,15,15,24,23,20,15,24,9,25,23,16,14,12,8,19,16,15,15,14,7,21,19,15,10,9,18,16,14,13,11,10,14,9,13,9,5,15,10,10,9,18,8,7,18,14,10,9,9,8,6,17,15,14,13,10,8,7,2,18,17,14,13,10,8,3,2,4,16,16,13,13,9,8,2,2,2,16,16,15,15,14,13,12,2,1,1,1,2,3,3,4,16,16,15,15,14,13,10,7,1,0,1,2,3,18,16,16,15,15,13,2,2,3,4,19,18,17,16,9,8,8,2,2,2,3,4,19,17,16,12,7,3,3,4,5,7,20,15,6,4,3,6,18,18,17,16,13,9,8,5,4,3,3,4,8,12,12,10,5,5,8,19,19,18,18,17,12,11,10,10,9,8,19,16,16,13,13,12,12,9,8,8,21,18,17,13,13,12,12,7
211,37,36,32,27,26,19,36,36,35,35,31,36,35,35,33,32,31,31,27,36,35,35,34,33,32,27,21,34,27,27,34,32,27,24,19,34,34,32,30,24,23,33,32,32,31,26,24,20,33,31,30,26,25,32,32,31,30,30,26,25,25,23,22,21,16,32,31,25,19,29,26,25,25,20,29,25,23,19,19,18,18,16,15,27,27,18,18,17,16,15,15,24,23,22,20,16,23,22,21,19,16,14,25,22,19,25,22,20,19,16,16,25,24,21,16,25,10,26,24,17,15,13,9,20,17,16,16,15,8,23,20,16,12,10,19,17,15,14,12,11,15,8,14,10,5,16,12,11,10,19,9,8,19,15,11,10,10,9,7,18,16,15,14,12,9,8,3,19,18,15,14,11,9,4,2,3,18,17,14,14,10,9,3,3,1,18,17,16,16,15,14,13,3,2,2,1,1,2,2,3,18,17,16,16,15,14,12,8,2,1,0,1,2,19,18,17,16,16,14,1,1,2,3,20,19,18,17,10,9,9,3,2,1,2,3,20,18,18,13,8,4,2,3,4,6,21,16,7,5,3,5,19,19,18,17,14,10,9,6,6,4,3,3,7,13,13,11,6,4,7,20,20,19,19,18,13,12,12,11,10,9,20,18,17,14,14,13,13,10,9,7,23,19,18,14,14,13,13,8
212,38,37,34,29,27,20,37,37,36,36,32,37,36,36,34,34,32,32,29,37,36,36,35,34,34,28,23,35,29,28,35,33,28,25,20,35,35,33,31,25,24,34,34,33,32,27,25,21,34,32,31,27,26,34,33,32,31,31,27,26,26,24,23,23,15,33,32,26,20,30,27,26,26,21,30,26,24,20,20,19,19,17,16,29,28,19,19,18,18,16,16,25,24,23,21,18,24,23,23,20,17,15,26,23,20,26,23,21,20,18,17,26,25,22,17,26,12,27,25,18,16,14,10,21,18,18,17,16,9,24,21,17,13,12,20,18,16,15,13,12,16,7,15,11,6,17,13,12,12,20,10,9,20,16,12,12,11,10,8,19,17,16,15,13,10,9,4,20,19,16,15,12,10,5,3,2,19,18,15,15,12,10,4,4,2,19,18,18,17,16,15,14,4,3,3,2,2,1,1,2,19,18,18,17,16,15,13,9,3,2,1,0,1,20,19,18,18,17,15,2,1,1,2,21,20,19,18,11,10,10,4,3,2,2,2,21,19,19,14,9,5,2,2,3,4,23,17,8,7,4,4,20,20,19,18,15,12,10,7,7,5,4,4,6,14,14,12,7,4,5,21,21,20,20,19,14,13,13,12,12,10,21,19,18,15,15,14,14,12,10,5,24,20,19,15,15,14,14,9
213,38,37,34,29,28,20,38,37,37,36,33,37,37,36,35,34,33,32,29,37,37,36,35,35,34,29,23,36,29,29,35,34,29,26,21,36,35,34,31,26,25,35,34,34,33,27,26,22,35,33,32,28,27,34,34,32,32,31,28,27,26,25,24,23,14,34,32,27,20,31,27,27,26,22,30,26,25,21,20,20,19,18,16,29,29,20,19,19,18,17,16,25,25,24,22,18,24,24,23,20,18,16,27,24,21,27,24,21,21,18,18,26,26,23,18,26,12,27,26,19,17,14,10,21,19,18,18,17,10,24,21,18,13,12,21,19,16,16,14,13,16,7,15,12,7,18,13,13,12,20,11,10,20,17,13,12,12,10,9,20,18,16,16,13,10,10,5,21,20,16,16,13,11,6,4,2,19,19,16,15,12,10,5,4,3,19,19,18,18,16,15,14,4,4,3,3,2,1,1,1,19,19,18,18,17,16,13,9,3,3,2,1,0,20,19,19,18,18,16,2,2,1,2,21,20,20,19,12,11,10,4,3,3,2,2,21,20,19,14,9,6,3,2,2,4,23,18,9,7,4,3,21,20,20,19,16,12,10,8,7,6,5,4,5,15,14,13,8,4,5,22,21,21,20,20,14,14,13,13,12,10,22,19,19,16,15,15,14,12,11,5,24,20,20,16,15,15,14,9
214,19,19,23,28,29,36,19,18,19,19,23,18,18,18,20,20,21,22,25,18,18,17,18,19,19,25,30,16,23,24,16,18,23,25,30,16,16,16,19,24,25,15,15,15,16,21,23,27,15,15,16,20,21,15,14,14,15,15,19,20,20,22,23,24,35,14,13,19,25,14,17,18,18,23,13,17,19,23,23,24,24,26,27,13,14,23,23,24,24,25,26,16,16,18,19,23,16,16,17,20,23,24,12,15,18,11,14,16,17,20,20,10,11,14,19,9,24,8,9,16,18,20,24,12,15,15,16,16,24,8,11,15,19,20,10,13,15,15,18,19,14,27,14,18,23,10,15,15,16,7,16,17,5,9,13,14,14,15,17,5,7,8,9,12,14,15,20,3,4,7,8,11,13,18,20,22,3,4,7,7,10,12,18,18,20,2,3,3,4,5,6,7,17,18,18,19,19,20,21,21,1,2,2,3,3,4,7,11,17,18,19,20,20,0,1,2,2,3,4,18,19,19,21,1,1,2,3,10,10,11,17,18,19,19,21,1,3,3,8,13,17,20,21,21,23,3,6,15,16,19,23,4,4,5,6,9,13,14,17,18,19,20,20,24,11,12,13,18,21,24,5,5,6,7,7,13,13,14,14,15,16,6,9,9,12,13,13,14,16,17,24,5,9,9,13,14,14,15,20
215,20,19,21,26,28,35,20,19,19,18,21,19,19,18,19,19,20,21,24,19,19,18,17,18,18,24,29,18,22,23,17,16,21,24,29,18,17,15,18,23,24,16,16,15,15,20,22,26,16,15,15,19,20,16,15,14,14,14,18,19,19,21,22,23,34,15,14,18,24,13,16,16,17,21,12,16,18,21,22,23,23,25,26,12,13,21,22,23,23,24,25,15,15,16,18,22,15,15,16,19,21,23,11,14,17,10,13,15,16,19,19,9,10,13,18,8,23,9,8,15,16,19,23,11,14,14,15,15,23,7,10,14,18,19,9,12,14,14,16,18,13,26,13,16,21,9,14,14,15,5,15,16,4,8,12,13,13,14,16,4,6,7,8,10,13,14,19,3,3,6,7,10,12,17,19,21,2,3,6,6,9,11,16,17,19,1,2,2,3,4,5,6,16,16,17,18,18,19,20,20,1,1,1,2,2,3,6,10,16,16,18,19,19,1,0,1,1,2,3,17,18,18,20,2,1,1,2,9,9,10,16,17,18,18,20,2,2,2,7,12,16,19,20,20,22,4,5,14,15,18,21,3,3,4,5,8,12,13,16,16,18,19,19,23,10,10,12,17,20,23,4,4,5,6,6,12,12,13,13,14,15,5,8,8,11,12,12,13,15,16,23,5,8,8,12,13,13,14,19
216,21,20,21,26,28,35,20,20,19,19,21,20,19,19,18,19,20,20,24,20,19,19,18,17,18,23,29,18,21,22,18,16,21,24,29,18,18,16,17,23,24,17,16,16,15,20,21,25,17,15,14,18,19,16,16,15,14,14,18,18,19,20,21,22,33,16,15,17,24,13,15,16,16,21,13,15,17,21,21,22,23,24,25,12,12,21,21,22,23,24,24,14,15,16,18,21,14,15,15,18,21,23,10,14,16,9,13,15,15,18,19,9,9,13,18,9,22,10,8,14,16,19,23,10,13,14,14,15,22,7,9,13,18,19,9,11,13,14,16,17,12,25,12,16,21,9,13,14,14,5,14,15,4,7,12,12,13,14,15,3,6,7,7,10,13,13,18,3,2,6,6,9,11,16,18,20,2,2,5,6,9,10,16,16,18,2,1,2,2,3,4,6,15,16,16,17,18,19,19,20,2,1,1,1,2,3,5,9,15,16,17,18,19,2,1,0,1,1,3,16,17,18,19,3,2,1,1,8,9,9,15,16,17,18,19,3,1,2,7,12,15,18,19,20,21,4,4,13,15,18,21,2,3,3,4,7,11,13,15,16,18,18,19,23,9,10,12,16,20,23,3,4,4,5,6,11,12,12,13,13,15,4,7,8,10,11,12,12,14,15,23,5,7,8,12,12,13,13,18
217,21,20,20,25,27,34,21,20,20,19,20,20,20,19,18,18,19,20,23,20,20,19,18,18,17,23,28,19,21,21,18,16,20,23,28,19,18,16,16,22,23,18,17,16,16,19,21,25,18,16,15,18,19,17,16,15,15,14,17,18,18,20,21,21,32,16,15,16,23,14,15,15,16,20,13,15,16,20,21,21,22,24,25,12,12,20,21,21,22,23,24,14,14,15,17,21,14,14,15,18,20,22,10,13,16,10,12,14,15,18,18,9,9,12,17,9,21,10,9,14,15,18,22,10,13,13,14,14,21,7,9,13,17,18,8,10,13,13,15,16,12,25,12,15,20,8,13,13,14,4,14,15,3,7,11,12,12,13,15,3,5,6,7,9,12,13,18,4,3,5,6,9,10,16,18,20,2,2,4,5,8,10,15,16,18,2,2,1,2,3,4,5,15,15,16,16,17,18,19,19,2,2,1,1,1,2,5,9,15,15,16,18,18,2,1,1,0,1,2,16,16,17,19,3,2,2,1,8,8,9,15,16,16,17,19,3,2,1,6,11,15,18,19,19,21,5,4,13,14,17,20,3,2,3,4,7,10,12,15,15,17,18,18,22,9,9,11,16,19,22,4,3,4,4,5,10,11,12,12,13,14,4,7,7,10,10,11,12,14,15,22,6,7,7,11,12,12,13,18
218,22,21,20,25,26,34,21,21,20,20,20,21,20,20,18,18,19,19,23,21,20,20,19,18,18,22,27,19,20,21,19,17,20,23,28,19,19,17,16,21,23,18,18,17,16,19,20,24,18,16,15,17,18,18,17,16,15,15,16,17,18,19,20,21,32,17,16,16,23,14,14,15,15,20,14,14,16,20,20,21,21,23,24,13,12,20,20,21,21,23,23,13,14,15,16,20,13,14,14,17,20,21,10,13,15,10,12,14,14,17,18,10,9,12,16,10,21,11,9,13,15,18,21,9,12,13,13,14,21,8,8,12,16,18,8,10,12,13,15,16,11,24,11,15,20,8,12,13,13,4,13,14,4,6,10,11,12,13,14,3,4,5,6,9,12,12,17,4,3,4,5,8,10,15,17,19,3,2,4,4,8,9,15,15,17,3,2,2,1,2,3,4,14,15,15,16,16,18,18,19,3,2,2,1,1,2,4,8,14,15,16,17,18,3,2,1,1,0,2,15,16,16,18,4,3,2,1,7,8,8,14,15,16,16,18,4,2,2,5,10,14,17,18,19,20,5,3,12,14,16,20,3,3,2,3,6,10,12,14,15,16,17,18,21,8,9,10,15,19,21,4,4,3,4,4,10,10,11,12,12,14,4,6,7,9,10,10,11,13,14,21,7,6,7,10,11,12,12,17
219,24,23,19,23,25,32,23,23,22,21,18,23,22,21,20,19,18,18,21,23,22,21,20,20,19,20,26,21,19,19,20,19,18,21,26,21,20,19,16,20,21,20,19,19,18,17,19,23,20,18,17,15,16,19,19,18,17,16,15,15,16,18,19,19,30,19,18,14,21,16,13,13,14,18,15,13,14,18,19,19,20,21,23,14,14,18,19,19,20,21,21,12,12,13,15,19,12,12,13,15,18,20,12,11,14,12,10,12,13,15,16,12,11,10,15,12,19,13,11,12,13,16,20,8,10,11,12,12,19,9,7,10,15,16,6,8,10,11,13,14,9,23,9,13,18,6,10,11,12,5,12,13,6,4,9,9,10,11,13,5,3,4,4,7,10,10,15,6,5,3,3,7,8,14,15,18,4,4,2,3,6,8,13,14,15,4,4,3,3,2,2,3,13,13,14,14,15,16,16,17,4,4,3,3,2,1,3,7,13,13,14,15,16,4,3,3,2,2,0,14,14,15,16,5,4,4,3,6,6,7,13,14,14,15,16,5,4,3,4,9,13,15,16,17,19,7,2,10,12,15,18,5,4,4,3,4,8,10,13,13,15,15,16,20,7,7,9,14,17,20,6,6,5,4,4,8,9,9,10,10,12,6,4,5,8,8,9,9,12,13,20,8,4,5,9,9,10,10,15
220,37,36,33,28,26,19,37,36,36,35,32,36,36,35,34,33,32,31,28,36,36,35,34,34,33,27,22,35,28,27,34,32,27,25,20,35,34,32,30,25,24,34,33,32,32,26,25,21,34,32,31,27,26,33,32,31,31,30,26,26,25,24,23,22,16,32,31,26,19,30,26,26,25,21,29,25,24,20,19,19,18,16,15,28,27,19,18,18,17,16,15,24,24,23,21,17,23,23,22,19,16,15,26,23,20,26,23,20,20,17,16,25,25,21,16,25,11,26,25,18,16,13,9,20,18,17,16,16,9,23,20,16,12,11,20,18,15,15,13,12,15,9,14,10,5,16,12,12,11,19,10,9,19,16,12,11,10,9,8,19,16,15,15,12,9,9,4,20,19,15,15,12,10,4,3,4,18,18,15,14,11,9,4,3,2,18,18,17,16,15,14,13,3,3,2,2,1,2,3,3,18,18,17,16,16,15,12,8,2,2,1,2,2,18,17,16,16,15,14,0,1,1,3,19,18,18,16,9,9,8,2,1,1,1,3,19,18,17,12,7,3,2,3,3,5,21,15,7,5,2,4,19,18,18,16,14,10,8,5,5,3,3,2,6,13,12,10,6,3,6,20,19,19,18,18,12,12,11,10,10,8,20,17,16,14,13,13,12,10,9,6,22,18,18,14,13,13,12,7
221,38,37,34,29,27,20,37,37,36,36,32,37,36,36,34,34,32,32,29,37,36,36,35,34,34,28,23,35,29,28,35,33,28,25,20,35,35,33,31,25,24,34,34,33,32,27,25,21,34,32,31,27,26,34,33,32,31,31,27,26,26,24,23,23,16,33,32,26,20,30,27,26,26,21,30,26,24,20,20,19,19,17,16,29,28,19,19,18,18,16,16,25,24,23,21,18,24,23,23,20,17,15,26,23,20,26,23,21,20,18,17,26,25,22,17,26,12,27,25,18,16,14,10,21,18,18,17,16,9,24,21,17,13,12,20,18,16,15,13,12,16,8,15,11,6,17,13,12,12,20,10,9,20,16,12,12,11,10,8,19,17,16,15,13,10,9,4,20,19,16,15,12,10,5,3,3,19,18,15,15,12,10,4,4,2,19,18,18,17,16,15,14,4,3,3,2,2,2,2,3,19,18,18,17,16,15,13,9,3,2,1,1,2,19,18,17,16,16,14,1,0,1,2,20,19,18,17,10,9,9,3,2,1,1,2,20,18,18,13,8,4,1,2,3,4,21,16,7,5,3,4,19,19,18,17,14,10,9,6,6,4,3,3,6,13,13,11,6,3,6,20,20,19,19,18,13,12,12,11,10,9,20,18,17,14,14,13,13,10,9,5,23,19,18,14,14,13,13,8
222,38,37,34,29,28,20,38,37,37,36,33,37,37,36,35,34,33,32,29,37,37,36,35,35,34,29,23,36,29,29,35,34,29,26,21,36,35,34,31,26,25,35,34,34,33,27,26,22,35,33,32,28,27,34,34,32,32,31,28,27,26,25,24,23,15,34,32,27,20,31,27,27,26,22,30,26,25,21,20,20,19,18,16,29,29,20,19,19,18,17,16,25,25,24,22,18,24,24,23,20,18,16,27,24,21,27,24,21,21,18,18,26,26,23,18,26,12,27,26,19,17,14,10,21,19,18,18,17,10,24,21,18,13,12,21,19,16,16,14,13,16,8,15,12,7,18,13,13,12,20,11,10,20,17,13,12,12,10,9,20,18,16,16,13,10,10,5,21,20,16,16,13,11,6,4,3,19,19,16,15,12,10,5,4,3,19,19,18,18,16,15,14,4,4,3,3,2,1,2,2,19,19,18,18,17,16,13,9,3,3,2,1,1,19,18,18,17,16,15,1,1,0,2,20,19,19,18,10,10,9,3,2,2,1,2,20,19,18,13,8,4,2,2,2,4,22,16,8,6,3,3,20,19,19,18,15,11,9,7,6,4,4,3,5,14,13,12,7,3,5,21,20,20,19,19,13,13,12,12,11,9,21,18,18,15,14,14,13,11,10,5,23,19,19,15,14,14,13,8
223,40,39,36,31,29,22,40,39,38,38,35,39,38,38,36,36,35,34,31,39,38,38,37,36,36,30,25,37,31,30,37,35,30,27,23,37,37,35,33,27,26,36,36,35,35,29,27,24,36,35,34,30,29,36,35,34,34,33,29,29,28,26,25,25,14,35,34,29,22,32,29,29,28,24,32,28,26,23,22,21,21,19,18,31,30,21,21,20,20,19,18,27,26,25,24,20,26,25,25,22,19,18,29,25,23,29,25,23,23,20,19,28,27,24,19,28,14,29,27,20,19,16,12,23,20,20,19,19,12,26,23,19,15,14,23,20,18,18,15,14,18,6,17,13,8,19,15,14,14,22,13,12,22,19,14,14,13,12,10,21,19,18,18,15,12,12,7,23,21,18,18,14,13,7,5,3,21,20,18,17,14,12,7,6,4,21,20,20,19,18,17,16,6,5,5,4,4,3,2,2,21,20,20,19,19,18,15,11,5,4,3,2,2,21,20,19,19,18,16,3,2,2,0,22,21,20,19,12,12,11,5,4,3,3,1,22,20,20,15,10,6,3,2,2,2,24,18,9,8,5,2,21,21,20,19,16,13,11,8,8,6,5,5,3,15,15,13,8,5,3,23,22,21,21,20,15,14,14,13,13,11,23,20,19,16,16,15,15,13,12,4,25,21,20,16,16,15,15,10
224,19,20,24,29,30,37,19,19,20,20,24,18,19,19,21,21,23,23,26,18,18,18,19,20,20,26,31,18,24,25,17,19,24,26,31,16,16,18,20,25,26,15,16,16,17,23,24,28,15,16,17,21,22,15,14,15,16,16,20,21,21,23,24,25,36,14,14,20,26,15,18,19,19,24,14,18,20,24,24,25,25,27,28,14,15,24,24,25,25,26,27,17,18,19,20,24,17,18,18,21,24,25,13,16,19,12,15,18,18,21,21,12,12,15,20,10,25,8,10,17,19,21,25,13,16,16,17,18,25,9,12,16,20,21,12,14,16,16,19,20,15,28,15,19,24,12,16,16,17,8,17,18,7,10,14,15,15,16,18,6,8,9,10,13,15,16,21,4,5,8,9,12,14,19,21,23,4,5,8,8,12,13,19,19,21,3,4,4,5,6,7,8,18,19,19,20,20,21,22,23,2,3,3,4,4,5,8,12,18,19,20,21,21,1,2,3,3,4,5,19,20,20,22,0,1,2,3,10,10,11,17,18,19,19,21,1,3,3,8,13,17,20,21,21,23,2,6,15,16,19,23,4,4,5,6,9,13,14,17,18,19,20,20,24,11,12,13,18,21,24,5,6,6,7,7,13,13,14,14,15,16,6,9,9,12,13,13,14,16,17,24,5,9,9,13,14,14,15,20
225,20,19,23,28,29,36,20,19,19,19,23,19,19,18,20,20,21,22,25,19,19,18,18,19,19,25,30,18,23,24,17,18,23,25,30,18,17,16,19,24,25,16,16,15,16,21,23,27,16,15,16,20,21,16,15,14,15,15,19,20,20,22,23,24,35,15,14,19,25,14,17,18,18,23,13,17,19,23,23,24,24,26,27,13,14,23,23,24,24,25,26,16,16,18,19,23,16,16,17,20,23,24,12,15,18,11,14,16,17,20,20,10,11,14,19,9,24,9,9,16,18,20,24,12,15,15,16,16,24,8,11,15,19,20,10,13,15,15,18,19,14,27,14,18,23,10,15,15,16,7,16,17,5,9,13,14,14,15,17,5,7,8,9,12,14,15,20,3,4,7,8,11,13,18,20,22,3,4,7,7,10,12,18,18,20,2,3,3,4,5,6,7,17,18,18,19,19,20,21,21,1,2,2,3,3,4,7,11,17,18,19,20,20,1,1,2,2,3,4,18,19,19,21,1,0,1,2,9,9,10,16,17,18,18,20,1,2,2,7,12,16,19,20,20,22,3,5,14,15,18,21,3,3,4,5,8,12,13,16,16,18,19,19,23,10,10,12,17,20,23,4,4,5,6,6,12,12,13,13,14,15,5,8,8,11,12,12,13,15,16,23,4,8,8,12,13,13,14,19
226,21,20,22,27,29,36,20,20,19,19,22,20,19,19,19,20,21,21,25,20,19,19,18,18,19,24,30,18,23,23,18,17,22,25,30,18,18,16,18,24,25,17,16,16,15,21,23,26,17,15,15,19,20,16,16,15,14,15,19,19,20,21,23,23,34,16,15,18,25,13,16,17,18,22,13,16,18,22,23,23,24,25,26,13,13,22,23,23,24,25,25,15,16,17,19,23,15,16,16,19,22,24,12,15,18,10,14,16,16,19,20,10,10,14,19,9,23,10,8,15,17,20,24,12,14,15,15,16,23,8,10,14,19,20,10,12,14,15,17,18,13,26,13,17,22,10,14,15,15,6,15,16,5,8,13,13,14,15,16,4,7,8,8,11,14,14,19,3,3,7,7,10,12,18,19,21,3,3,6,7,10,12,17,18,19,2,2,3,3,4,5,7,16,17,18,18,19,20,20,21,2,1,2,2,3,4,7,10,16,17,18,19,20,2,1,1,2,2,4,18,18,19,20,2,1,0,1,8,9,9,15,16,17,18,19,2,1,2,7,12,15,18,19,20,21,3,4,13,15,18,21,2,3,3,4,7,11,13,15,16,18,18,19,23,9,10,12,16,20,23,3,4,4,5,6,11,12,12,13,13,15,4,7,8,10,11,12,12,14,15,23,4,7,8,12,12,13,13,18
227,22,21,21,26,28,35,21,21,20,20,21,21,20,20,18,19,20,20,24,21,20,20,19,18,18,23,29,19,21,22,19,17,21,24,29,19,19,17,17,23,24,18,18,17,16,20,21,25,18,16,15,18,19,18,17,16,15,15,18,18,19,20,21,22,33,17,16,17,24,14,15,16,16,21,14,15,17,21,21,22,23,24,25,13,12,21,21,22,23,24,24,14,15,16,18,21,14,15,15,18,21,23,10,14,16,10,13,15,15,18,19,10,9,13,18,10,22,11,9,14,16,19,23,10,13,14,14,15,22,8,9,13,18,19,9,11,13,14,16,17,12,25,12,16,21,9,13,14,14,5,14,15,4,7,12,12,13,14,15,3,6,7,7,10,13,13,18,4,3,6,6,9,11,16,18,20,3,2,5,6,9,10,16,16,18,3,2,2,2,3,4,6,15,16,16,17,18,19,19,20,3,2,2,1,2,3,6,9,15,16,17,18,19,3,2,1,1,1,3,16,17,18,19,3,2,1,0,7,8,8,14,15,16,16,18,3,1,1,5,10,14,17,18,19,20,4,3,12,14,16,20,2,2,2,3,6,10,12,14,15,16,17,18,21,8,9,10,15,19,21,3,3,3,4,4,10,10,11,12,12,14,3,6,7,9,10,10,11,13,14,21,5,6,7,10,11,12,12,17
228,29,28,25,20,20,28,29,28,27,27,24,28,28,27,25,25,24,23,20,28,27,27,26,25,25,19,21,26,20,19,26,24,19,16,21,26,26,24,22,16,16,25,25,24,24,18,16,18,25,24,23,19,18,25,24,23,23,22,18,18,17,15,14,15,26,24,23,18,16,21,18,18,17,14,21,17,15,14,14,15,15,17,18,20,19,14,14,15,15,16,17,16,15,14,13,14,15,14,14,11,14,15,18,14,12,18,14,12,12,11,12,17,16,13,10,17,15,18,16,9,9,12,15,12,9,9,8,8,15,15,12,8,10,12,12,9,7,7,9,10,7,18,6,9,14,8,6,7,7,11,7,8,11,8,4,5,5,7,8,10,8,7,7,4,5,6,11,12,10,7,7,3,4,9,11,13,10,9,7,6,3,3,9,9,11,10,9,9,8,7,6,5,8,9,9,10,10,12,12,13,10,9,9,8,8,7,4,2,8,9,10,11,12,10,9,8,8,7,6,9,10,10,12,10,9,8,7,0,1,1,7,8,9,9,11,10,8,8,3,3,7,10,11,12,13,12,6,5,7,9,13,9,9,8,7,4,3,4,7,8,9,10,10,14,3,3,3,8,12,14,10,10,9,9,8,3,3,4,4,5,7,10,8,7,4,4,3,4,6,7,14,13,9,8,4,4,4,5,10
229,30,29,25,20,20,27,29,29,28,27,24,29,28,27,26,25,24,24,20,29,28,27,26,26,25,20,21,27,20,20,26,25,20,17,21,27,26,25,23,17,16,26,25,25,24,19,17,18,26,24,23,19,18,25,25,24,23,23,19,18,18,16,15,14,25,25,24,18,16,22,19,18,18,13,21,18,16,13,14,14,15,16,18,20,20,13,14,14,15,16,16,16,16,15,13,14,15,15,14,12,13,15,18,15,12,18,15,13,12,10,11,18,17,14,10,18,14,19,17,10,8,11,15,13,10,9,9,8,14,15,13,9,10,11,12,10,8,7,8,9,8,18,7,8,13,9,6,6,7,12,7,8,12,8,4,4,5,6,8,11,9,8,7,4,5,5,10,12,11,8,7,4,3,9,10,13,10,10,7,7,3,3,8,9,10,10,10,9,9,8,7,5,8,8,9,9,10,11,12,12,10,10,9,9,8,7,4,2,8,8,9,10,11,10,9,9,8,8,6,9,9,10,12,10,9,9,8,1,0,1,7,8,8,9,10,10,9,8,3,3,7,9,10,11,13,12,7,4,6,9,12,10,9,9,8,5,2,4,7,7,9,9,10,14,4,3,3,8,11,14,11,10,10,9,9,3,3,3,4,4,6,11,8,8,5,4,4,3,5,7,14,13,9,9,5,4,4,4,9
230,30,29,26,21,19,26,30,29,29,28,25,29,29,28,26,26,25,24,21,29,29,28,27,26,26,20,20,27,21,20,27,25,20,18,20,27,27,25,23,18,16,26,26,25,25,19,18,17,26,25,24,20,19,26,25,24,24,23,19,19,18,16,15,15,25,25,24,19,15,23,19,19,18,14,22,18,16,13,13,14,14,16,17,21,20,13,13,14,14,15,16,17,16,15,14,13,16,15,15,12,13,14,19,15,13,19,15,13,13,10,10,18,18,14,9,18,14,19,18,10,9,10,14,13,10,10,9,9,14,16,13,9,9,10,13,10,8,8,8,9,8,17,7,8,13,9,5,5,6,12,6,7,12,9,4,4,4,5,7,12,9,8,8,5,4,5,10,13,12,8,8,4,3,8,10,12,11,10,8,7,4,2,8,8,10,11,10,10,9,8,7,6,7,8,8,9,9,10,11,12,11,10,10,9,9,8,5,1,7,8,9,10,10,11,10,9,9,8,7,8,9,9,11,11,10,9,8,1,1,0,6,7,8,8,10,11,9,9,4,2,6,9,10,10,12,13,7,4,5,8,12,10,10,9,8,6,2,3,6,7,8,9,9,13,4,4,2,7,10,13,12,11,10,10,9,4,3,3,3,4,6,12,9,8,5,5,4,4,5,6,13,14,10,9,6,5,4,4,9
231,36,35,32,27,25,20,36,35,35,34,31,35,35,34,32,32,31,30,27,35,35,34,33,32,32,26,21,34,27,26,33,31,26,24,19,34,33,31,29,24,23,32,32,31,31,25,24,20,32,31,30,26,25,32,31,30,30,29,25,25,24,23,21,21,19,31,30,25,18,29,25,25,24,20,28,24,23,19,18,18,17,15,14,27,26,18,17,16,16,15,14,23,23,21,20,16,22,21,21,18,15,14,25,21,19,25,21,19,19,16,15,24,24,20,15,24,10,25,24,16,15,12,8,19,16,16,15,15,8,22,19,15,11,10,19,16,14,14,12,10,14,11,13,9,7,15,11,10,10,18,9,8,18,15,10,10,9,8,7,18,15,14,14,11,8,8,4,19,18,14,14,10,9,3,4,6,17,16,14,13,10,8,3,2,4,17,16,16,15,14,13,12,2,2,2,3,3,4,5,5,17,16,16,15,15,14,11,7,1,2,3,4,4,17,16,15,15,14,13,2,3,3,5,17,16,15,14,7,7,6,0,1,2,2,4,17,15,15,10,5,1,3,4,4,6,19,13,4,3,2,5,16,16,15,14,12,8,6,3,3,2,3,3,7,10,10,8,3,4,7,18,17,16,16,15,10,9,9,8,8,6,18,15,14,12,11,10,10,8,7,7,20,16,15,12,11,10,10,5
232,37,36,33,28,26,19,37,36,36,35,32,36,36,35,34,33,32,31,28,36,36,35,34,34,33,27,22,35,28,28,34,32,28,25,20,35,34,32,30,25,24,34,33,32,32,26,25,21,34,32,31,27,26,33,32,31,31,30,26,26,25,24,23,22,18,32,31,26,19,30,26,26,25,21,29,25,24,20,19,19,18,16,15,28,28,19,18,18,17,16,15,24,24,23,21,17,23,23,22,19,16,15,26,23,20,26,23,20,20,17,16,25,25,21,16,25,11,26,25,18,16,13,9,20,18,17,16,16,9,23,20,16,12,11,20,18,15,15,13,12,15,10,14,10,5,16,12,12,11,19,10,9,19,16,12,11,10,9,8,19,16,15,15,12,9,9,4,20,19,15,15,12,10,4,3,5,18,18,15,14,11,9,4,3,3,18,18,17,16,15,14,13,3,3,2,2,2,3,4,4,18,18,17,16,16,15,12,8,2,2,2,3,3,18,17,16,16,15,14,1,2,2,4,18,17,16,15,8,8,7,1,0,1,1,3,18,16,16,11,6,2,2,3,3,5,20,14,6,4,1,4,18,17,16,15,13,9,7,4,4,2,2,2,6,12,11,9,4,3,6,19,18,18,17,16,11,10,10,9,9,7,19,16,15,13,12,12,11,9,8,6,21,17,16,13,12,12,11,6
233,38,37,34,29,27,20,37,37,36,36,32,37,36,36,34,34,32,32,29,37,36,36,35,34,34,28,23,35,29,28,35,33,28,25,20,35,35,33,31,25,24,34,34,33,32,27,25,21,34,32,31,27,26,34,33,32,31,31,27,26,26,24,23,23,17,33,32,26,20,30,27,26,26,21,30,26,24,20,20,19,19,17,16,29,28,19,19,18,18,16,16,25,24,23,21,18,24,23,23,20,17,15,26,23,20,26,23,21,20,18,17,26,25,22,17,26,12,27,25,18,16,14,10,21,18,18,17,16,9,24,21,17,13,12,20,18,16,15,13,12,16,9,15,11,6,17,13,12,12,20,10,9,20,16,12,12,11,10,8,19,17,16,15,13,10,9,4,20,19,16,15,12,10,5,3,4,19,18,15,15,12,10,4,4,2,19,18,18,17,16,15,14,4,3,3,2,2,3,3,4,19,18,18,17,16,15,13,9,3,2,1,2,3,19,18,17,16,16,14,1,1,2,3,19,18,17,16,9,8,8,2,1,0,1,2,19,17,16,12,7,3,1,2,3,4,20,15,6,4,2,4,18,18,17,16,13,9,8,5,4,3,2,2,6,12,12,10,5,3,6,19,19,18,18,17,12,11,10,10,9,8,19,16,16,13,13,12,12,9,8,5,21,18,17,13,13,12,12,7
234,38,37,34,29,28,20,38,37,37,36,33,37,37,36,35,34,33,32,29,37,37,36,35,35,34,29,23,36,29,29,35,34,29,26,21,36,35,34,31,26,25,35,34,34,33,27,26,22,35,33,32,28,27,34,34,32,32,31,28,27,26,25,24,23,16,34,32,27,20,31,27,27,26,22,30,26,25,21,20,20,19,18,16,29,29,20,19,19,18,17,16,25,25,24,22,18,24,24,23,20,18,16,27,24,21,27,24,21,21,18,18,26,26,23,18,26,12,27,26,19,17,14,10,21,19,18,18,17,10,24,21,18,13,12,21,19,16,16,14,13,16,9,15,12,7,18,13,13,12,20,11,10,20,17,13,12,12,10,9,20,18,16,16,13,10,10,5,21,20,16,16,13,11,6,4,4,19,19,16,15,12,10,5,4,3,19,19,18,18,16,15,14,4,4,3,3,2,2,3,3,19,19,18,18,17,16,13,9,3,3,2,2,2,19,18,18,17,16,15,1,1,1,3,19,18,18,16,9,9,8,2,1,1,0,2,19,18,17,12,7,3,1,2,2,4,21,15,7,5,2,3,19,18,18,16,14,10,8,6,5,3,3,2,5,13,12,10,6,2,5,20,19,19,18,18,12,12,11,10,10,8,20,17,16,14,13,13,12,10,9,5,22,18,18,14,13,13,12,7
235,40,39,36,31,29,22,40,39,38,38,35,39,38,38,36,36,35,34,31,39,38,38,37,36,36,30,25,37,31,30,37,35,30,27,23,37,37,35,33,27,26,36,36,35,35,29,27,24,36,35,34,30,29,36,35,34,34,33,29,29,28,26,25,25,15,35,34,29,22,32,29,29,28,24,32,28,26,23,22,21,21,19,18,31,30,21,21,20,20,19,18,27,26,25,24,20,26,25,25,22,19,18,29,25,23,29,25,23,23,20,19,28,27,24,19,28,14,29,27,20,19,16,12,23,20,20,19,19,12,26,23,19,15,14,23,20,18,18,15,14,18,7,17,13,8,19,15,14,14,22,13,12,22,19,14,14,13,12,10,21,19,18,18,15,12,12,7,23,21,18,18,14,13,7,5,3,21,20,18,17,14,12,7,6,4,21,20,20,19,18,17,16,6,5,5,4,4,3,2,2,21,20,20,19,19,18,15,11,5,4,3,2,2,21,20,19,19,18,16,3,2,2,1,21,20,19,18,11,10,10,4,3,2,2,0,21,19,19,14,9,5,2,1,1,2,23,17,8,7,4,2,20,20,19,18,15,12,10,7,7,5,4,4,3,14,14,12,7,4,3,21,21,20,20,19,14,13,13,12,12,10,21,19,18,15,15,14,14,12,10,3,24,20,19,15,15,14,14,9
236,20,20,24,29,30,37,20,19,20,20,24,19,19,19,21,21,23,23,26,19,19,18,19,20,20,26,31,18,24,25,17,19,24,26,31,18,17,18,20,25,26,16,16,16,17,23,24,28,16,16,17,21,22,16,15,15,16,16,20,21,21,23,24,25,36,15,14,20,26,15,18,19,19,24,14,18,20,24,24,25,25,27,28,14,15,24,24,25,25,26,27,17,18,19,20,24,17,18,18,21,24,25,13,16,19,12,15,18,18,21,21,12,12,15,20,10,25,9,10,17,19,21,25,13,16,16,17,18,25,9,12,16,20,21,12,14,16,16,19,20,15,28,15,19,24,12,16,16,17,8,17,18,7,10,14,15,15,16,18,6,8,9,10,13,15,16,21,4,5,8,9,12,14,19,21,23,4,5,8,8,12,13,19,19,21,3,4,4,5,6,7,8,18,19,19,20,20,21,22,23,2,3,3,4,4,5,8,12,18,19,20,21,21,1,2,3,3,4,5,19,20,20,22,1,1,2,3,10,10,11,17,18,19,19,21,0,2,2,7,12,16,19,20,20,22,2,5,14,15,18,21,3,3,4,5,8,12,13,16,16,18,19,19,23,10,10,12,17,20,23,4,4,5,6,6,12,12,13,13,14,15,5,8,8,11,12,12,13,15,16,23,4,8,8,12,13,13,14,19
237,22,21,22,27,29,36,21,21,20,20,22,21,20,20,19,20,21,21,25,21,20,20,19,18,19,24,30,19,23,23,19,17,22,25,30,19,19,17,18,24,25,18,18,17,16,21,23,26,18,16,15,19,20,18,17,16,15,15,19,19,20,21,23,23,34,17,16,18,25,14,16,17,18,22,14,16,18,22,23,23,24,25,26,13,13,22,23,23,24,25,25,15,16,17,19,23,15,16,16,19,22,24,12,15,18,10,14,16,16,19,20,10,10,14,19,10,23,11,9,15,17,20,24,12,14,15,15,16,23,8,10,14,19,20,10,12,14,15,17,18,13,26,13,17,22,10,14,15,15,6,15,16,5,8,13,13,14,15,16,4,7,8,8,11,14,14,19,4,3,7,7,10,12,18,19,21,3,3,6,7,10,12,17,18,19,3,2,3,3,4,5,7,16,17,18,18,19,20,20,21,3,2,2,2,3,4,7,10,16,17,18,19,20,3,2,1,2,2,4,18,18,19,20,3,2,1,1,8,9,9,15,16,17,18,19,2,0,1,5,10,14,17,18,19,20,3,3,12,14,16,20,1,2,2,3,6,10,12,14,15,16,17,18,21,8,9,10,15,19,21,2,3,3,4,4,10,10,11,12,12,14,3,6,7,9,10,10,11,13,14,21,4,6,7,10,11,12,12,17
238,23,21,21,26,28,35,22,21,21,20,21,21,21,20,19,19,20,21,24,21,21,20,19,19,18,24,29,20,22,23,19,18,21,24,29,20,19,18,18,23,24,19,18,18,17,20,22,26,19,17,16,19,20,18,18,16,16,15,18,19,19,21,22,23,34,18,16,18,24,15,16,16,17,21,14,16,18,21,22,23,23,25,26,13,13,21,22,23,23,24,25,15,15,16,18,22,15,15,16,19,21,23,11,14,17,11,13,15,16,19,19,10,10,13,18,10,23,12,10,15,16,19,23,11,14,14,15,15,23,8,10,14,18,19,9,12,14,14,16,18,13,26,13,16,21,9,14,14,15,5,15,16,4,8,12,13,13,14,16,4,6,7,8,10,13,14,19,5,4,6,7,10,12,17,19,21,3,3,6,6,9,11,16,17,19,3,3,2,3,4,5,6,16,16,17,18,18,19,20,20,3,3,2,2,2,3,6,10,16,16,18,19,19,3,2,2,1,2,3,17,18,18,20,3,2,2,1,8,8,9,15,16,16,17,19,2,1,0,5,10,14,16,18,18,20,4,3,12,13,16,19,2,1,2,3,6,9,11,14,14,16,16,17,21,8,8,10,15,18,21,3,2,3,3,4,9,10,10,11,12,13,3,6,6,9,9,10,10,13,14,21,5,6,6,10,10,11,12,16
239,27,26,23,21,23,30,27,26,26,25,22,26,26,25,24,23,22,21,19,26,26,25,24,24,23,19,24,25,18,18,24,23,18,19,24,25,24,23,20,18,19,24,23,23,22,16,17,21,24,22,21,17,16,23,23,21,21,20,16,16,15,16,17,18,29,23,21,16,19,20,16,16,15,16,19,15,14,16,17,18,18,20,21,18,18,16,17,18,18,19,20,14,14,13,13,17,13,13,12,14,16,18,16,13,12,16,13,10,11,14,14,15,15,12,13,15,18,16,15,10,12,14,18,10,9,9,10,10,18,13,10,9,13,14,10,8,9,9,12,13,8,21,8,12,16,7,9,9,10,9,10,11,9,6,7,8,8,9,11,9,7,5,5,6,8,9,14,10,9,5,5,5,7,12,14,16,8,8,5,4,4,6,12,12,14,8,8,7,7,5,4,3,11,12,12,13,13,14,15,15,8,8,7,7,6,5,2,5,11,12,13,14,14,8,7,7,6,5,4,12,13,13,15,8,7,7,5,3,3,4,10,11,12,12,14,7,5,5,0,5,9,12,13,13,15,9,3,7,8,11,14,7,6,5,4,2,4,6,9,9,11,12,12,16,3,3,5,10,13,16,8,7,7,6,5,4,5,6,6,7,8,8,5,4,4,4,5,6,8,9,16,10,6,5,5,6,6,7,12
240,32,31,28,23,21,25,32,31,31,30,27,31,31,30,29,28,27,26,23,31,31,30,29,29,28,23,19,30,23,23,29,27,23,20,19,30,29,27,25,20,19,29,28,27,27,21,20,16,29,27,26,22,21,28,27,26,26,25,21,21,20,19,18,17,24,27,26,21,14,25,21,21,20,16,24,20,19,15,14,14,13,15,16,23,23,14,13,13,13,14,15,19,19,18,16,12,18,18,17,14,12,13,21,18,15,21,18,15,15,12,12,20,20,16,12,20,13,21,20,13,11,9,13,15,13,12,12,11,13,18,15,12,8,9,15,13,10,10,8,8,10,16,9,7,12,12,7,7,6,14,5,6,14,11,7,6,5,4,6,14,12,10,10,7,4,4,9,15,14,10,10,7,5,7,9,11,13,13,10,9,6,4,7,7,9,13,13,12,12,10,9,8,6,7,7,8,8,9,10,10,13,13,12,12,11,10,7,3,6,7,8,9,9,13,12,12,11,10,9,7,8,8,10,13,12,12,10,3,3,2,5,6,7,7,9,12,10,10,5,0,4,7,8,8,10,14,8,2,3,6,9,12,11,10,9,7,3,1,4,4,6,7,7,11,5,5,3,5,8,11,13,12,12,11,10,5,4,4,3,3,3,13,10,9,7,6,5,5,3,4,11,15,11,10,7,6,5,5,7
241,36,35,32,27,25,21,36,35,35,34,31,35,35,34,32,32,31,30,27,35,35,34,33,32,32,26,21,34,27,26,33,31,26,24,19,34,33,31,29,24,23,32,32,31,31,25,24,20,32,31,30,26,25,32,31,30,30,29,25,25,24,23,21,21,20,31,30,25,18,29,25,25,24,20,28,24,23,19,18,18,17,15,14,27,26,18,17,16,16,15,14,23,23,21,20,16,22,21,21,18,15,14,25,21,19,25,21,19,19,16,15,24,24,20,15,24,10,25,24,16,15,12,9,19,16,16,15,15,9,22,19,15,11,10,19,16,14,14,12,10,14,12,13,9,8,15,11,10,10,18,9,8,18,15,10,10,9,8,7,18,15,14,14,11,8,8,5,19,18,14,14,10,9,3,5,7,17,16,14,13,10,8,3,3,5,17,16,16,15,14,13,12,2,3,3,4,4,6,6,7,17,16,16,15,15,14,11,7,2,3,4,5,6,17,16,15,15,14,13,3,4,4,6,17,16,15,14,7,7,6,1,2,3,3,5,16,14,14,9,4,0,3,4,4,6,18,12,3,2,2,5,15,15,14,13,10,7,5,2,2,2,3,3,7,9,9,7,2,4,7,16,16,15,15,14,9,8,8,7,7,5,16,14,13,10,10,9,9,7,5,7,19,15,14,10,10,9,9,4
242,39,38,35,30,28,21,38,38,37,37,34,38,37,37,35,35,34,33,30,38,37,37,36,35,35,29,24,36,30,29,36,34,29,26,21,36,36,34,32,26,25,35,35,34,34,28,26,23,35,34,32,29,27,35,34,33,32,32,28,27,27,25,24,24,17,34,33,27,21,31,28,27,27,23,31,27,25,21,21,20,20,18,17,30,29,20,20,19,19,18,17,26,25,24,23,19,25,24,24,21,18,16,27,24,21,27,24,22,21,19,18,27,26,23,18,27,13,28,26,19,18,15,11,22,19,19,18,18,10,25,22,18,14,13,21,19,17,16,14,13,17,9,16,12,7,18,14,13,13,21,12,10,21,18,13,13,12,11,9,20,18,17,16,14,11,10,5,21,20,17,16,13,12,6,4,4,20,19,16,16,13,11,6,5,3,20,19,19,18,17,16,15,5,4,4,3,3,3,3,4,20,19,19,18,18,16,14,10,4,3,2,2,3,20,19,18,18,17,15,2,1,2,3,20,19,18,17,10,9,9,3,2,1,1,2,19,17,16,12,7,3,0,1,2,3,20,15,6,4,2,3,18,18,17,16,13,9,8,5,4,3,2,2,4,12,12,10,5,2,4,19,19,18,18,17,12,11,10,10,9,8,19,16,16,13,13,12,12,9,8,4,21,18,17,13,13,12,12,7
243,40,39,36,31,29,22,40,39,38,38,35,39,38,38,36,36,35,34,31,39,38,38,37,36,36,30,25,37,31,30,37,35,30,27,23,37,37,35,33,27,26,36,36,35,35,29,27,24,36,35,34,30,29,36,35,34,34,33,29,29,28,26,25,25,16,35,34,29,22,32,29,29,28,24,32,28,26,23,22,21,21,19,18,31,30,21,21,20,20,19,18,27,26,25,24,20,26,25,25,22,19,18,29,25,23,29,25,23,23,20,19,28,27,24,19,28,14,29,27,20,19,16,12,23,20,20,19,19,12,26,23,19,15,14,23,20,18,18,15,14,18,8,17,13,8,19,15,14,14,22,13,12,22,19,14,14,13,12,10,21,19,18,18,15,12,12,7,23,21,18,18,14,13,7,5,3,21,20,18,17,14,12,7,6,4,21,20,20,19,18,17,16,6,6,5,4,4,3,2,3,21,20,20,19,19,18,15,11,5,4,3,2,2,21,20,19,19,18,16,3,2,2,2,21,20,19,18,11,10,10,4,3,2,2,1,20,18,18,13,8,4,1,0,1,2,21,16,7,6,3,2,19,19,18,17,14,10,9,6,6,4,3,3,3,13,13,11,6,3,3,20,20,19,19,18,13,12,12,11,10,9,20,18,17,14,14,13,13,10,9,3,23,19,18,14,14,13,13,8
244,41,40,36,31,30,23,40,40,39,38,35,40,39,38,37,36,35,35,31,40,39,38,37,37,36,31,25,38,31,31,37,36,31,28,23,38,37,36,34,28,27,37,36,36,35,30,28,24,37,35,34,30,29,36,36,35,34,34,30,29,29,27,26,25,15,36,35,29,23,33,30,29,29,24,32,29,27,23,23,22,21,20,19,31,31,22,21,21,20,19,19,27,27,26,24,20,26,26,25,23,20,18,29,26,23,29,26,24,23,20,20,29,28,25,20,29,14,30,28,21,19,16,13,24,21,20,20,19,12,26,24,20,15,14,23,21,19,18,16,15,19,8,18,14,9,20,15,15,14,23,13,12,23,19,15,14,14,13,11,22,20,19,18,15,13,12,7,23,22,19,18,15,13,8,6,4,21,21,18,18,14,13,7,7,5,21,21,20,20,19,18,16,7,6,5,5,4,3,3,2,21,21,20,20,19,18,15,12,5,5,4,3,2,21,20,20,19,19,17,3,3,2,2,21,20,20,19,12,11,10,4,3,3,2,1,20,19,18,13,8,4,2,1,0,2,22,16,8,6,3,1,20,19,19,18,15,11,9,7,6,4,4,3,3,14,13,12,7,3,3,21,20,20,19,19,13,13,12,12,11,9,21,18,18,15,14,14,13,11,10,3,23,19,19,15,14,14,13,8
245,42,41,38,33,31,24,42,41,41,40,37,41,41,40,38,38,37,36,33,41,41,40,39,38,38,32,27,40,33,32,39,37,32,30,25,40,39,37,35,30,29,38,38,37,37,31,30,26,38,37,36,32,31,38,37,36,36,35,31,31,30,29,27,27,16,37,36,31,24,35,31,31,30,26,34,30,29,25,24,24,23,21,20,33,32,24,23,23,22,21,20,29,29,27,26,22,28,27,27,24,21,20,31,27,25,31,27,25,25,22,21,30,30,26,21,30,16,31,30,23,21,18,14,25,23,22,21,21,14,28,25,21,17,16,25,23,20,20,18,16,20,7,19,15,10,21,17,16,16,24,15,14,24,21,16,16,15,14,13,24,21,20,20,17,14,14,9,25,24,20,20,16,15,9,8,5,23,23,20,19,16,14,9,8,7,23,23,22,21,20,19,18,8,8,7,7,6,5,4,4,23,23,22,21,21,20,17,13,7,7,6,4,4,23,22,21,21,20,19,5,4,4,2,23,22,21,20,13,13,12,6,5,4,4,2,22,20,20,15,10,6,3,2,2,0,24,18,9,8,5,2,21,21,20,19,16,13,11,8,8,6,5,5,1,15,15,13,8,5,2,23,22,21,21,20,15,14,14,13,13,11,23,20,19,16,16,15,15,13,12,4,25,21,20,16,16,15,15,10
246,21,22,25,30,32,39,20,21,21,22,25,20,20,21,23,23,24,25,28,19,19,20,21,21,22,27,33,19,26,26,19,20,25,28,33,17,18,19,21,27,28,17,18,18,19,24,26,30,16,18,19,23,24,15,16,17,18,18,22,23,23,25,26,26,37,15,16,21,28,16,20,20,21,25,16,20,21,25,26,26,27,29,30,16,16,25,26,26,27,28,29,19,19,20,22,26,19,19,20,23,25,27,15,18,21,14,17,19,20,23,23,13,14,17,22,12,26,10,12,19,20,23,27,15,18,18,19,19,26,11,14,18,22,23,13,15,18,18,20,21,16,30,16,20,25,13,18,18,19,9,19,20,8,12,16,16,17,18,20,8,10,11,12,14,17,18,23,5,7,10,10,14,15,21,23,25,6,7,9,10,13,15,20,21,23,5,5,6,7,8,9,10,20,20,21,21,22,23,24,24,4,4,5,5,6,7,10,14,20,20,21,23,23,3,4,4,5,5,7,21,21,22,24,2,3,3,4,12,12,13,19,20,20,21,23,2,3,4,9,14,18,20,21,22,24,0,5,14,16,19,22,3,4,4,6,8,12,14,16,17,19,19,20,24,10,11,13,18,21,24,4,5,6,6,7,12,13,13,14,14,16,6,8,9,12,12,13,13,15,16,24,4,8,9,13,13,14,14,19
247,25,24,21,25,26,34,25,24,24,23,20,24,24,23,21,21,20,19,23,24,24,23,22,21,21,22,27,23,20,21,22,20,20,23,27,23,22,20,18,21,23,21,21,20,20,19,20,24,21,20,19,17,18,21,20,19,19,18,16,17,18,19,20,21,32,20,19,16,23,18,14,15,15,20,17,14,16,20,20,21,21,23,24,16,15,20,20,21,21,23,23,13,14,15,16,20,13,14,14,17,20,21,14,13,15,14,12,14,14,17,18,13,13,12,16,13,21,14,13,13,15,18,21,9,12,13,13,14,21,11,8,12,16,18,8,10,12,13,15,16,11,24,11,15,20,8,12,13,13,7,13,14,7,6,10,11,12,13,14,7,4,5,6,9,12,12,17,8,7,4,5,8,10,15,17,19,6,6,4,4,8,9,15,15,17,6,5,5,4,3,3,4,14,15,15,16,16,18,18,19,6,5,5,4,4,3,4,8,14,15,16,17,18,6,5,4,4,3,2,15,16,16,18,6,5,4,3,6,7,7,13,14,15,15,17,5,3,3,3,8,12,15,16,16,18,5,0,9,10,13,16,3,3,2,1,3,7,8,11,12,13,14,14,18,5,6,7,12,15,18,4,4,3,3,2,7,7,8,8,9,10,4,3,3,6,7,7,8,10,11,18,7,3,3,7,8,8,9,14
248,34,33,30,25,23,25,34,33,32,32,29,33,32,32,30,30,29,28,25,33,32,32,31,30,30,24,19,31,25,24,31,29,24,21,19,31,31,29,27,21,20,30,30,29,29,23,21,18,30,29,27,24,23,30,29,28,28,27,23,23,22,20,19,19,23,29,28,23,16,26,23,23,22,18,26,22,20,16,16,15,15,14,15,25,24,15,15,14,14,14,14,21,20,19,18,14,20,19,19,16,13,13,23,19,16,23,19,17,16,14,13,22,21,18,13,22,12,23,21,14,13,10,13,17,14,14,13,13,12,20,17,13,9,9,16,14,12,12,9,8,12,15,11,7,11,13,9,8,8,16,7,5,16,13,8,8,7,6,5,15,13,12,12,9,6,6,8,16,15,12,12,8,7,7,8,10,15,14,12,11,8,6,6,7,8,15,14,14,13,12,11,10,5,6,7,7,8,9,9,10,15,14,14,13,13,12,9,5,5,6,7,8,9,15,14,13,13,12,10,7,7,8,9,15,14,13,12,5,4,4,4,6,6,7,8,14,12,12,7,2,3,6,7,8,9,14,9,0,2,4,8,12,12,11,10,7,3,2,2,3,4,5,5,9,6,6,4,3,7,9,13,13,12,12,11,6,5,4,4,3,2,13,10,10,7,7,6,6,3,2,9,15,12,11,7,7,6,6,5
249,36,35,31,26,25,23,35,35,34,34,30,35,34,34,32,31,30,30,26,35,34,34,32,32,31,26,20,33,26,26,32,31,26,23,18,33,32,31,29,23,22,32,31,31,30,25,23,19,32,30,29,25,24,31,31,30,29,29,25,24,24,22,21,20,21,31,30,24,18,28,25,24,24,19,27,24,22,18,18,17,16,15,14,26,26,17,16,16,15,14,14,23,22,21,19,15,21,21,20,18,15,13,24,21,18,24,21,19,18,15,15,24,23,20,15,24,10,25,23,16,14,12,11,19,16,15,15,14,10,21,19,15,10,9,18,16,14,13,11,10,14,14,13,9,9,15,10,10,9,18,8,7,18,14,10,9,9,8,6,17,15,14,13,10,8,7,7,18,17,14,13,10,8,5,7,9,16,16,13,13,9,8,4,5,7,16,16,15,15,14,13,12,4,4,5,6,6,7,8,8,16,16,15,15,14,13,10,7,4,4,5,7,7,16,15,15,14,14,12,5,5,6,8,16,15,15,14,7,6,5,3,4,4,5,7,15,14,13,8,3,2,4,6,6,8,16,10,2,0,3,6,14,13,13,12,9,5,3,1,1,3,3,4,8,8,7,5,2,5,8,15,14,14,13,13,7,7,6,6,5,3,15,12,12,9,8,8,7,5,4,8,17,13,13,9,8,8,7,3
250,38,37,34,29,28,20,38,37,37,36,33,37,37,36,35,34,33,32,29,37,37,36,35,35,34,29,23,36,29,29,35,34,29,26,21,36,35,34,31,26,25,35,34,34,33,27,26,22,35,33,32,28,27,34,34,32,32,31,28,27,26,25,24,23,19,34,32,27,20,31,27,27,26,22,30,26,25,21,20,20,19,18,16,29,29,20,19,19,18,17,16,25,25,24,22,18,24,24,23,20,18,16,27,24,21,27,24,21,21,18,18,26,26,23,18,26,12,27,26,19,17,14,10,21,19,18,18,17,10,24,21,18,13,12,21,19,16,16,14,13,16,11,15,12,7,18,13,13,12,20,11,10,20,17,13,12,12,10,9,20,18,16,16,13,10,10,5,21,20,16,16,13,11,6,4,6,19,19,16,15,12,10,5,4,4,19,19,18,18,16,15,14,4,4,3,3,3,4,5,5,19,19,18,18,17,16,13,9,3,3,3,4,4,19,18,18,17,16,15,2,3,3,5,19,18,18,16,9,9,8,2,1,2,2,4,18,16,16,11,6,2,2,3,3,5,19,13,4,3,0,3,16,16,15,14,12,8,6,3,3,1,1,1,5,10,10,8,3,2,5,18,17,16,16,15,10,9,9,8,8,6,18,15,14,12,11,10,10,8,7,5,20,16,15,12,11,10,10,5
251,42,41,37,32,31,24,41,41,40,40,36,41,40,40,38,37,36,36,32,41,40,40,38,38,37,32,26,39,32,32,38,37,32,29,24,39,38,37,35,29,28,38,37,37,36,31,29,25,38,36,35,31,30,37,37,36,35,35,31,30,30,28,27,26,15,37,36,30,24,34,31,30,30,25,34,30,28,24,24,23,23,21,20,32,32,23,23,22,21,20,20,29,28,27,25,21,27,27,26,24,21,19,30,27,24,30,27,25,24,21,21,30,29,26,21,30,15,31,29,22,20,18,14,25,22,21,21,20,13,27,25,21,16,15,24,22,20,19,17,16,20,8,19,15,10,21,16,16,15,24,14,13,24,20,16,15,15,14,12,23,21,20,19,16,14,13,8,24,23,20,19,16,14,9,7,5,23,22,19,19,15,14,8,8,6,23,22,21,21,20,19,18,8,7,7,6,5,4,4,3,23,22,21,21,20,19,16,13,7,6,5,4,3,23,21,21,20,20,18,4,4,3,2,23,21,21,20,13,12,12,5,4,4,3,2,21,20,19,14,9,5,3,2,1,2,22,16,8,6,3,0,20,19,19,18,15,11,9,7,6,4,4,3,2,14,13,12,7,3,2,21,20,20,19,19,13,13,12,12,11,9,21,18,18,15,14,14,13,11,10,3,23,19,19,15,14,14,13,8
252,23,22,23,28,30,37,23,22,21,21,23,22,21,21,20,21,22,23,26,22,21,21,20,19,20,25,31,20,24,24,20,18,23,26,31,20,20,18,19,25,26,19,19,18,18,22,24,27,19,18,16,20,21,19,18,17,16,16,20,20,21,23,24,24,35,18,17,19,26,15,18,18,19,23,15,18,19,23,24,24,25,26,27,14,14,23,24,24,25,26,26,16,17,18,20,24,16,17,18,20,23,25,13,16,19,12,15,17,18,20,21,11,12,15,20,11,24,12,10,16,18,21,25,13,15,16,16,17,24,9,12,15,20,21,11,13,15,16,18,19,14,27,14,18,23,11,15,16,16,7,16,18,6,9,14,14,15,16,18,5,8,9,9,12,15,15,20,6,4,8,8,12,13,19,20,23,4,4,7,8,11,13,18,19,20,4,3,4,4,5,7,8,18,18,19,19,20,21,21,22,4,3,3,3,4,5,8,12,18,18,19,20,21,4,3,2,3,3,5,19,19,20,21,4,3,2,2,9,10,10,16,18,18,19,20,3,1,2,7,12,15,18,19,20,21,3,3,12,14,16,20,0,1,1,2,5,9,10,13,14,15,16,16,20,7,8,9,14,18,20,1,2,2,3,3,9,9,10,10,11,13,2,5,5,8,9,9,10,12,13,20,3,5,5,9,10,10,11,16
253,24,23,23,28,29,36,23,23,22,21,23,23,22,21,20,20,21,22,25,23,22,21,20,20,19,25,30,21,23,24,20,19,23,25,30,21,20,19,19,24,25,20,19,19,18,21,23,27,20,18,17,20,21,19,19,18,17,16,19,20,20,22,23,24,35,19,18,19,25,16,17,18,18,23,15,17,19,23,23,24,24,26,27,14,14,23,23,24,24,25,26,16,16,18,19,23,16,16,17,20,23,24,12,15,18,12,14,16,17,20,20,12,11,14,19,12,24,13,11,16,18,20,24,12,15,15,16,16,24,9,11,15,19,20,10,13,15,15,18,19,14,27,14,18,23,10,15,15,16,7,16,17,6,9,13,14,14,15,17,5,7,8,9,12,14,15,20,6,5,7,8,11,13,18,20,22,4,4,7,7,10,12,18,18,20,4,4,3,4,5,6,7,17,18,18,19,19,20,21,21,4,4,3,3,3,4,7,11,17,18,19,20,20,4,3,3,2,3,4,18,19,19,21,4,3,3,2,9,9,10,16,17,18,18,20,3,2,1,6,11,15,18,19,19,21,4,3,12,13,16,19,1,0,1,2,4,8,10,13,13,15,15,16,20,7,7,9,14,17,20,2,1,2,2,3,8,9,9,10,10,12,2,4,5,8,8,9,9,12,13,20,4,4,5,9,9,10,10,15
254,24,23,22,27,29,36,24,23,23,22,22,23,23,22,20,20,21,21,25,23,23,22,21,20,20,24,30,21,23,23,21,19,22,25,30,21,21,19,18,24,25,20,20,19,19,21,23,26,20,19,18,19,20,20,19,18,18,17,19,19,20,21,23,23,34,19,18,18,25,16,16,17,18,22,16,16,18,22,23,23,24,25,26,15,14,22,23,23,24,25,25,15,16,17,19,23,15,16,16,19,22,24,13,15,18,13,14,16,16,19,20,12,12,14,19,12,23,13,12,15,17,20,24,12,14,15,15,16,23,10,10,14,19,20,10,12,14,15,17,18,13,26,13,17,22,10,14,15,15,6,15,16,6,8,13,13,14,15,16,6,7,8,8,11,14,14,19,7,6,7,7,10,12,18,19,21,5,4,6,7,10,12,17,18,19,5,4,4,3,4,5,7,16,17,18,18,19,20,20,21,5,4,4,3,3,4,7,10,16,17,18,19,20,5,4,3,3,2,4,18,18,19,20,5,4,3,2,8,9,9,15,16,17,18,19,4,2,2,5,10,14,17,18,19,20,4,2,11,13,15,19,1,1,0,1,4,8,9,12,13,14,15,15,19,6,7,8,13,16,19,2,2,1,2,2,8,8,9,9,10,12,2,4,4,7,8,8,9,11,12,19,4,4,4,8,9,9,10,15
255,25,24,21,26,28,35,25,24,24,23,21,24,24,23,21,21,20,20,24,24,24,23,22,21,21,23,29,23,21,22,22,20,21,24,29,23,22,20,18,23,24,21,21,20,20,20,21,25,21,20,19,18,19,21,20,19,19,18,18,18,19,20,21,22,33,20,19,17,24,18,15,16,16,21,17,15,17,21,21,22,23,24,25,16,15,21,21,22,23,24,24,14,15,16,18,21,14,15,15,18,21,23,14,14,16,14,13,15,15,18,19,13,13,13,18,13,22,14,13,14,16,19,23,10,13,14,14,15,22,11,9,13,18,19,9,11,13,14,16,17,12,25,12,16,21,9,13,14,14,7,14,15,7,7,12,12,13,14,15,7,5,7,7,10,13,13,18,8,7,6,6,9,11,16,18,20,6,6,5,6,9,10,16,16,18,6,5,5,4,3,4,6,15,16,16,17,18,19,19,20,6,5,5,4,4,3,6,9,15,16,17,18,19,6,5,4,4,3,3,16,17,18,19,6,5,4,3,7,8,8,14,15,16,16,18,5,3,3,4,9,13,16,17,18,19,6,1,10,12,14,18,2,2,1,0,3,7,8,11,12,13,14,14,18,5,5,7,12,15,18,3,3,2,2,1,7,7,8,8,9,10,3,3,3,6,7,7,8,10,11,18,6,3,3,7,8,8,9,14
256,28,27,24,23,25,32,27,27,26,26,23,27,26,26,24,24,23,22,21,27,26,26,25,24,24,20,26,25,19,19,25,23,18,21,26,25,25,23,21,20,21,24,24,23,23,17,19,23,24,23,21,18,16,24,23,22,21,21,17,16,16,18,19,19,30,23,22,16,21,20,17,16,16,18,20,16,14,18,19,19,20,21,23,19,18,18,19,19,20,21,21,15,14,13,15,19,14,13,13,15,18,20,16,13,14,16,13,12,13,15,16,16,15,12,15,16,19,17,15,12,13,16,20,11,10,11,12,12,19,14,11,10,15,16,10,8,10,11,13,14,9,23,9,13,18,7,10,11,12,10,12,13,10,7,9,9,10,11,13,9,7,6,5,7,10,10,15,10,9,6,6,7,8,14,15,18,9,8,6,5,6,8,13,14,15,9,8,8,7,6,5,4,13,13,14,14,15,16,16,17,9,8,8,7,7,6,3,7,13,13,14,15,16,9,8,7,7,6,4,14,14,15,16,9,8,7,6,4,5,6,12,13,13,14,15,8,6,6,2,7,10,13,14,15,16,8,3,7,9,12,15,5,4,4,3,0,4,5,8,9,10,11,12,15,2,3,4,9,13,15,6,6,5,4,4,4,4,5,5,6,8,6,3,3,3,4,4,5,7,8,15,8,4,4,4,5,5,6,11
257,32,31,28,23,21,28,31,31,30,30,26,31,30,30,28,27,26,26,23,31,30,30,29,28,27,22,22,29,23,22,29,27,22,19,22,29,29,27,25,19,18,28,27,27,26,21,19,19,28,26,25,21,20,28,27,26,25,25,21,20,20,18,17,16,26,27,26,20,17,24,21,20,20,15,24,20,18,14,15,15,16,18,19,23,22,14,15,15,16,17,18,19,18,17,15,15,18,17,16,14,14,16,20,17,14,20,17,15,14,12,12,20,19,16,11,20,15,21,19,12,10,12,16,15,12,12,11,10,15,18,15,11,11,12,14,12,10,9,9,10,10,19,9,9,14,11,7,7,8,14,8,9,14,10,6,6,6,7,9,13,11,10,9,7,6,7,12,14,13,10,9,6,4,10,12,14,13,12,9,9,6,4,9,10,12,13,12,12,11,10,9,8,9,9,10,10,11,12,13,13,13,12,12,11,10,9,7,3,9,9,10,12,12,13,12,11,10,10,8,10,10,11,13,13,12,11,10,3,2,2,8,9,9,10,12,12,10,9,4,3,7,9,10,11,13,12,7,3,5,8,11,9,8,8,7,4,0,2,4,5,7,7,8,12,3,2,1,5,9,12,10,9,9,8,8,2,2,1,2,2,4,10,7,7,4,3,3,2,3,4,12,12,8,8,4,3,3,2,7
258,34,32,29,24,23,26,33,32,32,31,28,32,32,31,30,29,28,27,24,32,32,31,30,30,29,24,20,31,24,24,30,29,24,21,20,31,30,29,26,21,20,30,29,29,28,23,21,17,30,28,27,23,22,29,29,27,27,26,23,22,21,20,19,18,25,29,27,22,15,26,23,22,21,17,25,21,20,16,15,15,14,16,17,24,24,15,14,14,14,15,16,20,20,19,17,13,19,19,18,15,13,14,22,19,16,22,19,16,16,13,13,21,21,18,13,21,14,23,21,14,12,10,14,16,14,13,13,12,14,19,16,13,9,10,16,14,12,11,9,9,12,17,10,8,13,13,8,8,7,15,6,7,15,12,8,7,7,6,7,15,13,12,11,8,5,5,10,16,15,12,11,8,6,8,10,12,14,14,11,10,7,5,8,8,10,14,14,13,13,12,10,9,7,8,8,9,9,10,11,12,14,14,13,13,12,11,8,4,7,8,9,10,10,14,13,13,12,12,10,8,9,9,11,14,13,13,12,4,4,3,6,7,8,8,10,13,12,11,6,1,5,8,9,9,11,14,8,2,3,6,9,10,10,9,8,5,2,0,3,3,5,6,6,10,4,4,2,4,7,10,12,11,10,10,9,4,3,3,2,2,2,12,9,8,5,5,4,4,2,3,10,14,10,9,5,5,4,4,5
259,36,35,32,27,25,24,36,35,35,34,31,35,35,34,32,32,31,30,27,35,35,34,33,32,32,26,21,34,27,26,33,31,26,24,19,34,33,31,29,24,23,32,32,31,31,25,24,20,32,31,30,26,25,32,31,30,30,29,25,25,24,23,21,21,22,31,30,25,18,29,25,25,24,20,28,24,23,19,18,18,17,15,14,27,26,18,17,16,16,15,14,23,23,21,20,16,22,21,21,18,15,14,25,21,19,25,21,19,19,16,15,24,24,20,15,24,11,25,24,16,15,12,12,19,16,16,15,15,11,22,19,15,11,10,19,16,14,14,12,10,14,14,13,9,10,15,11,10,10,18,9,8,18,15,10,10,9,8,7,18,15,14,14,11,8,8,7,19,18,14,14,10,9,6,7,9,17,16,14,13,10,8,5,6,7,17,16,16,15,14,13,12,4,5,6,6,7,8,8,9,17,16,16,15,15,14,11,7,4,5,6,7,8,17,16,15,15,14,13,5,6,7,8,17,16,15,14,7,7,6,3,4,5,6,7,16,14,14,9,4,2,5,6,7,8,16,11,2,1,3,7,13,13,12,11,8,4,3,0,1,2,3,3,7,7,7,5,1,4,7,14,14,13,13,12,7,6,5,5,4,3,14,12,11,8,8,7,7,4,3,7,16,13,12,8,8,7,7,3
260,37,36,32,27,26,23,36,36,35,35,31,36,35,35,33,32,31,31,27,36,35,35,34,33,32,27,21,34,27,27,34,32,27,24,19,34,34,32,30,24,23,33,32,32,31,26,24,20,33,31,30,26,25,32,32,31,30,30,26,25,25,23,22,21,21,32,31,25,19,29,26,25,25,20,29,25,23,19,19,18,18,16,15,27,27,18,18,17,16,15,15,24,23,22,20,16,23,22,21,19,16,14,25,22,19,25,22,20,19,16,16,25,24,21,16,25,10,26,24,17,15,13,11,20,17,16,16,15,10,23,20,16,12,10,19,17,15,14,12,11,15,14,14,10,9,16,12,11,10,19,9,8,19,15,11,10,10,9,7,18,16,15,14,12,9,8,7,19,18,15,14,11,9,5,7,9,18,17,14,14,10,9,4,5,7,18,17,16,16,15,14,13,4,4,5,6,6,7,8,8,18,17,16,16,15,14,12,8,4,4,6,7,7,18,16,16,15,15,13,5,6,6,8,18,16,16,15,8,7,7,3,4,4,5,7,16,15,14,9,4,2,4,6,6,8,17,12,3,1,3,6,14,13,13,12,9,5,3,1,0,2,2,3,7,8,7,5,1,4,7,15,14,14,13,13,7,7,6,5,5,3,15,12,12,9,8,8,7,5,4,7,17,13,13,9,8,8,7,2
261,38,37,34,29,28,21,38,37,37,36,33,37,37,36,35,34,33,32,29,37,37,36,35,35,34,29,23,36,29,29,35,34,29,26,21,36,35,34,31,26,25,35,34,34,33,27,26,22,35,33,32,28,27,34,34,32,32,31,28,27,26,25,24,23,20,34,32,27,20,31,27,27,26,22,30,26,25,21,20,20,19,18,16,29,29,20,19,19,18,17,16,25,25,24,22,18,24,24,23,20,18,16,27,24,21,27,24,21,21,18,18,26,26,23,18,26,12,27,26,19,17,14,10,21,19,18,18,17,10,24,21,18,13,12,21,19,16,16,14,13,16,12,15,12,8,18,13,13,12,20,11,10,20,17,13,12,12,10,9,20,18,16,16,13,10,10,5,21,20,16,16,13,11,6,5,7,19,19,16,15,12,10,5,4,5,19,19,18,18,16,15,14,4,4,3,4,4,5,6,7,19,19,18,18,17,16,13,9,3,3,4,5,6,19,18,18,17,16,15,3,4,4,6,19,18,18,16,9,9,8,2,2,3,3,5,18,16,16,11,6,2,3,4,4,6,19,13,4,3,1,4,15,15,14,13,10,7,5,2,2,0,1,1,5,9,9,7,2,2,5,16,16,15,15,14,9,8,8,7,7,5,16,14,13,10,10,9,9,7,6,5,19,15,14,10,10,9,9,4
262,39,38,35,30,28,21,38,38,37,37,34,38,37,37,35,35,34,33,30,38,37,37,36,35,35,29,24,36,30,29,36,34,29,26,21,36,36,34,32,26,25,35,35,34,34,28,26,23,35,34,32,29,27,35,34,33,32,32,28,28,27,25,24,24,19,34,33,28,21,31,28,28,27,23,31,27,25,21,21,20,20,18,17,30,29,20,20,19,19,18,17,26,25,24,23,19,25,24,24,21,18,16,28,24,21,28,24,22,21,19,18,27,26,23,18,27,13,28,26,19,18,15,11,22,19,19,18,18,10,25,22,18,14,13,21,19,17,16,14,13,17,12,16,12,7,18,14,13,13,21,12,10,21,18,13,13,12,11,9,20,18,17,16,14,11,10,6,21,20,17,16,13,12,6,4,7,20,19,16,16,13,11,6,5,4,20,19,19,18,17,16,15,5,4,4,3,4,5,5,6,20,19,19,18,18,16,14,10,4,3,3,4,5,20,19,18,18,17,15,3,3,4,5,20,19,18,17,10,9,9,3,2,2,3,4,19,17,16,12,7,3,2,3,4,5,19,14,5,3,1,4,16,15,15,14,11,7,6,3,2,1,0,1,4,10,9,8,3,2,4,17,16,16,15,15,9,9,8,8,7,6,17,14,14,11,10,10,9,7,6,4,19,15,15,11,10,10,9,4
263,40,38,35,30,29,21,39,38,38,37,34,38,38,37,36,35,34,34,30,38,38,37,36,36,35,30,24,37,30,30,36,35,30,27,22,37,36,35,32,27,26,36,35,35,34,29,27,23,36,34,33,29,28,35,35,34,33,32,29,28,27,26,25,24,19,35,34,28,21,32,29,28,27,23,31,27,26,22,21,21,20,19,18,30,30,21,20,20,19,18,18,26,26,25,23,19,25,25,24,21,19,17,28,25,22,28,25,23,22,19,19,27,27,24,19,27,13,29,27,20,18,15,12,23,20,19,19,18,11,25,23,19,14,13,22,20,18,17,15,14,18,11,16,13,8,19,14,14,13,21,12,11,21,18,14,13,13,12,10,21,19,18,17,14,12,11,6,22,21,18,17,14,12,7,5,6,20,20,17,16,13,12,6,5,4,20,20,19,19,18,16,15,5,5,4,4,3,4,5,5,20,20,19,19,18,17,14,10,4,4,3,4,4,20,19,19,18,18,16,2,3,3,5,20,19,19,18,10,10,9,3,2,2,2,4,19,18,17,12,7,3,2,3,3,5,20,14,5,4,1,3,16,16,15,14,12,8,6,3,3,1,1,0,4,10,10,8,3,1,4,18,17,16,16,15,10,9,9,8,8,6,18,15,14,12,11,10,10,8,7,4,20,16,15,12,11,10,10,5
264,43,42,39,34,32,25,43,42,42,41,38,42,42,41,40,39,38,37,34,42,42,41,40,40,39,34,28,41,34,34,40,38,34,31,26,41,40,38,36,31,30,40,39,38,38,32,31,27,40,38,37,33,32,39,38,37,37,36,32,32,31,30,29,28,17,38,37,32,25,36,32,32,31,27,35,31,30,26,25,25,24,23,21,34,34,25,24,24,23,22,21,30,30,29,27,23,29,29,28,25,23,21,32,29,26,32,29,26,26,23,23,31,31,28,23,31,17,32,31,24,22,19,15,26,24,23,23,22,15,29,26,23,18,17,26,24,21,21,19,18,21,8,20,16,12,23,18,18,17,25,16,15,25,22,18,17,16,15,14,25,23,21,21,18,15,15,10,26,25,21,21,18,16,10,9,7,24,24,21,20,17,15,10,9,8,24,24,23,23,21,20,19,9,9,8,8,7,6,5,5,24,24,23,23,22,21,18,14,8,8,7,6,5,24,23,23,22,21,20,6,6,5,3,24,23,23,21,14,14,13,7,6,6,5,3,23,21,21,16,11,7,4,3,3,1,24,18,9,8,5,2,20,20,19,18,15,12,10,7,7,5,4,4,0,14,14,12,7,4,1,21,21,20,20,19,14,13,13,12,12,10,21,19,18,15,15,14,14,12,10,3,24,20,19,15,15,14,14,9
265,30,29,26,22,24,31,30,29,29,28,25,29,29,28,26,26,25,24,21,29,29,28,27,26,26,20,25,27,21,20,27,25,20,20,25,28,27,25,23,19,20,26,26,25,25,19,18,21,26,25,24,20,19,26,25,24,24,23,19,19,18,16,18,18,29,25,24,19,20,23,19,19,18,17,22,18,16,17,18,18,19,20,21,21,20,17,18,18,19,20,20,17,16,15,14,18,16,15,15,14,17,19,19,15,13,19,15,13,13,14,15,18,18,14,14,18,18,19,18,10,12,15,19,13,10,10,10,11,18,16,13,9,14,15,13,10,9,10,12,13,8,21,8,12,17,9,9,10,10,12,10,12,12,9,8,8,9,10,12,12,9,8,8,6,9,9,14,13,12,8,8,5,7,13,14,16,11,10,8,7,5,7,12,13,14,11,10,10,9,8,7,6,12,12,13,13,14,15,15,16,11,10,10,9,9,8,5,5,12,12,13,14,15,11,10,9,9,8,7,13,13,14,15,11,10,9,8,3,4,4,10,12,12,13,14,10,8,8,3,5,9,12,13,14,15,10,5,6,8,10,14,7,7,6,5,2,3,4,7,8,9,10,10,14,0,1,2,7,10,13,7,7,6,6,5,2,2,3,3,4,5,7,4,4,1,2,2,3,5,6,13,9,6,5,2,3,3,4,9
266,31,30,26,21,23,30,30,30,29,29,25,30,29,29,27,26,25,25,21,30,29,29,27,27,26,21,24,28,21,21,28,26,21,19,24,28,27,26,24,18,19,27,26,26,25,20,18,21,27,25,24,20,19,26,26,25,24,24,20,19,19,17,17,18,29,26,25,19,19,23,20,19,19,16,23,19,17,16,17,18,18,20,21,21,21,16,17,18,18,19,20,18,17,16,14,17,16,16,15,14,16,18,19,16,13,19,16,14,13,14,14,19,18,15,13,19,18,20,18,11,12,14,18,14,11,10,10,10,18,16,14,10,13,14,13,11,9,9,12,13,9,21,8,12,16,10,9,9,10,13,10,11,13,9,7,8,8,9,11,12,10,9,8,6,8,9,14,13,12,9,8,5,7,12,14,16,12,11,8,8,4,6,12,12,14,12,11,10,10,9,8,7,11,12,12,13,13,14,15,15,12,11,10,10,9,8,5,5,11,12,13,14,14,12,10,10,9,9,7,12,13,13,15,12,10,10,9,3,3,4,10,11,12,12,14,10,9,8,3,5,9,12,13,13,15,11,6,6,7,10,13,8,7,7,5,3,2,4,7,7,9,9,10,14,1,0,2,7,10,13,8,7,7,6,5,1,2,2,3,3,5,8,5,4,2,1,2,2,4,6,13,10,6,5,2,2,3,3,8
267,32,31,28,23,21,29,32,31,31,30,27,31,31,30,29,28,27,26,23,31,31,30,29,29,28,23,23,30,23,23,29,28,23,20,23,30,29,28,25,20,19,29,28,27,27,21,20,19,29,27,26,22,21,28,28,26,26,25,21,21,20,19,18,17,27,27,26,21,18,25,21,21,20,16,24,20,19,15,15,16,16,18,19,23,23,15,15,16,16,18,18,19,19,18,16,15,18,18,17,14,15,16,21,18,15,21,18,15,15,12,13,20,20,16,12,20,16,21,20,13,11,13,16,15,13,12,12,11,16,18,15,12,12,13,15,13,10,10,10,11,10,19,9,10,15,12,7,8,8,14,8,9,14,11,7,6,7,8,9,14,12,10,10,7,7,7,12,15,14,10,10,7,5,10,12,14,13,13,10,9,6,4,10,10,12,13,13,12,12,10,9,8,9,10,10,11,12,13,13,14,13,13,12,12,11,10,7,3,9,10,11,12,13,13,12,12,11,10,9,10,11,12,13,13,12,12,10,3,3,2,8,9,10,10,12,12,10,10,5,3,7,10,11,12,13,13,7,4,5,8,12,9,9,8,7,4,1,2,5,5,7,8,8,12,2,2,0,5,8,11,9,9,8,8,7,2,1,1,1,2,3,9,7,6,3,3,2,2,3,4,11,12,8,7,3,3,2,2,7
268,37,36,33,28,26,24,37,36,36,35,32,36,36,35,34,33,32,31,28,36,36,35,34,34,33,27,22,35,28,27,34,32,27,25,20,35,34,32,30,25,24,34,33,32,32,26,25,21,34,32,31,27,26,33,32,31,31,30,26,26,25,24,23,22,22,32,31,26,19,30,26,26,25,21,29,25,24,20,19,19,18,16,15,28,27,19,18,18,17,16,15,24,24,23,21,17,23,23,22,19,16,15,26,23,20,26,23,20,20,17,16,25,25,21,16,25,11,26,25,18,16,13,12,20,18,17,16,16,11,23,20,16,12,11,20,18,15,15,13,12,15,14,14,10,10,16,12,12,11,19,10,9,19,16,12,11,10,9,8,19,16,15,15,12,9,9,7,20,19,15,15,12,10,6,7,9,18,18,15,14,11,9,5,6,7,18,18,17,16,15,14,13,4,5,6,6,7,8,8,9,18,18,17,16,16,15,12,8,4,5,6,7,8,18,17,16,16,15,14,6,6,7,8,18,17,16,15,8,8,7,3,4,5,6,7,17,15,15,10,5,2,5,6,7,8,18,12,3,2,3,7,14,14,13,12,9,5,4,1,1,2,3,3,7,7,7,5,0,3,6,14,14,13,13,12,7,6,5,5,4,3,14,12,11,8,8,7,7,4,3,6,16,13,12,8,8,7,7,2
269,41,40,36,31,30,23,40,40,39,38,35,40,39,38,37,36,35,35,31,40,39,38,37,37,36,31,25,38,31,31,37,36,31,28,23,38,37,36,34,28,27,37,36,36,35,30,28,24,37,35,34,30,29,36,36,35,34,34,30,29,29,27,26,25,19,36,35,29,23,33,30,29,29,24,32,29,27,23,23,22,21,20,19,31,31,22,21,21,20,19,19,27,27,26,24,20,26,26,25,23,20,18,29,26,23,29,26,24,23,20,20,29,28,25,20,29,14,30,28,21,19,16,13,24,21,20,20,19,12,26,24,20,15,14,23,21,19,18,16,15,19,11,18,14,9,20,15,15,14,23,13,12,23,19,15,14,14,13,11,22,20,19,18,15,13,12,7,23,22,19,18,15,13,8,6,6,21,21,18,18,14,13,7,7,5,21,21,20,20,19,18,16,7,6,5,5,4,4,5,5,21,21,20,20,19,18,15,12,5,5,4,4,4,21,20,20,19,19,17,3,3,3,5,21,20,20,19,12,11,10,4,3,3,2,4,20,19,18,13,8,4,2,3,3,5,21,15,7,5,2,3,18,17,16,15,13,9,7,4,4,2,2,1,4,10,10,8,3,0,3,18,17,16,16,15,10,9,9,8,8,6,18,15,14,12,11,10,10,8,7,3,20,16,15,12,11,10,10,5
270,43,42,39,34,32,25,43,42,42,41,38,42,42,41,40,39,38,37,34,42,42,41,40,40,39,34,28,41,34,34,40,38,34,31,26,41,40,38,36,31,30,40,39,38,38,32,31,27,40,38,37,33,32,39,38,37,37,36,32,32,31,30,29,28,17,38,37,32,25,36,32,32,31,27,35,31,30,26,25,25,24,23,21,34,34,25,24,24,23,22,21,30,30,29,27,23,29,29,28,25,23,21,32,29,26,32,29,26,26,23,23,31,31,27,23,31,17,32,31,24,22,19,15,26,24,23,23,22,15,29,26,23,18,17,26,24,21,21,19,18,21,8,20,16,12,23,18,18,17,25,16,15,25,22,18,17,16,15,14,25,23,21,21,18,15,15,10,26,25,21,21,18,16,10,9,7,24,24,21,20,17,15,10,9,8,24,24,23,23,21,20,19,9,9,8,8,7,6,5,5,24,24,23,23,22,21,18,14,8,8,7,5,5,24,23,23,22,21,20,6,6,5,3,24,23,23,21,14,14,13,7,6,6,5,3,23,21,21,16,11,7,4,3,3,2,24,18,9,8,5,2,20,20,19,18,15,12,10,7,7,5,4,4,1,13,13,11,6,3,0,20,20,19,19,18,13,12,12,11,10,9,20,18,17,14,14,13,13,10,9,2,23,19,18,14,14,13,13,8
271,24,23,24,29,31,38,24,23,23,22,24,23,23,22,21,22,23,24,27,23,23,22,21,20,21,26,32,21,25,25,21,19,24,27,32,21,21,19,20,26,27,20,20,19,19,23,25,29,20,19,18,21,23,20,19,18,18,17,21,21,22,24,25,25,36,19,18,20,27,16,19,19,20,24,16,19,20,24,25,25,26,27,29,15,15,24,25,25,26,27,27,18,18,19,21,25,18,18,19,21,24,26,14,17,20,13,16,18,19,21,22,12,13,16,21,12,25,13,12,18,19,22,26,14,16,17,18,18,25,10,13,16,21,22,12,14,16,17,19,20,15,29,15,19,24,12,16,17,18,8,18,19,7,10,15,15,16,17,19,7,9,10,10,13,16,16,21,7,6,9,9,13,14,20,21,24,5,6,8,9,12,14,19,20,21,5,4,5,6,7,8,9,19,19,20,20,21,22,23,23,5,4,4,4,5,6,9,13,19,19,20,21,22,5,4,3,4,4,6,20,20,21,23,5,4,3,3,10,11,12,18,19,19,20,21,4,2,3,8,13,16,19,20,21,23,4,4,13,15,18,21,1,2,2,3,6,10,12,14,15,16,17,18,21,7,8,9,14,18,20,0,1,1,2,2,8,8,9,9,10,12,1,4,4,7,8,8,9,11,12,19,2,4,4,8,9,9,10,15
272,25,24,24,29,30,37,24,24,23,23,24,24,23,23,21,21,23,23,26,24,23,23,21,21,20,26,31,22,24,25,21,20,24,26,31,22,21,20,20,25,26,21,20,20,19,23,24,28,21,19,18,21,22,20,20,19,18,18,20,21,21,23,24,25,36,20,19,20,26,17,18,19,19,24,16,18,20,24,24,25,25,27,28,15,15,24,24,25,25,26,27,17,18,19,20,24,17,18,18,21,24,25,13,16,19,13,15,18,18,21,21,13,12,15,20,13,25,14,12,17,19,21,25,13,16,16,17,18,25,10,12,16,20,21,12,14,16,16,19,20,15,28,15,19,24,12,16,16,17,8,17,18,7,10,14,15,15,16,18,6,8,9,10,13,15,16,21,7,6,8,9,12,14,19,21,23,6,5,8,8,12,13,19,19,21,5,5,4,5,6,7,8,18,19,19,20,20,21,22,23,5,5,4,4,4,6,8,12,18,19,20,21,21,5,4,4,3,4,6,19,20,20,22,6,4,4,3,10,10,11,17,18,19,19,21,4,3,2,7,12,16,19,20,20,22,5,4,13,14,17,20,2,1,2,3,6,9,11,14,14,16,16,17,21,7,7,9,14,17,20,1,0,1,1,2,7,8,8,9,9,11,1,3,4,7,7,8,8,10,12,19,3,3,4,8,8,9,9,14
273,25,24,23,28,30,37,25,24,24,23,23,24,24,23,21,21,22,23,26,24,24,23,22,21,21,25,31,23,24,24,22,20,23,26,31,23,22,20,19,25,26,21,21,20,20,22,24,27,21,20,19,20,21,21,20,19,19,18,20,20,21,23,24,24,35,20,19,19,26,18,18,18,19,23,17,18,19,23,24,24,25,26,27,16,15,23,24,24,25,26,26,16,17,18,20,24,16,17,18,20,23,25,14,16,19,14,15,17,18,20,21,13,13,15,20,13,24,14,13,16,18,21,25,13,15,16,16,17,24,11,12,15,20,21,11,13,15,16,18,19,14,27,14,18,23,11,15,16,16,7,16,18,7,9,14,14,15,16,18,7,8,9,9,12,15,15,20,8,7,8,8,12,13,19,20,23,6,6,7,8,11,13,18,19,20,6,6,5,4,5,7,8,18,18,19,19,20,21,21,22,6,6,5,4,4,5,8,12,18,18,19,20,21,6,5,4,4,3,5,19,19,20,21,6,5,4,3,9,10,10,16,18,18,19,20,5,3,3,7,12,15,18,19,20,21,6,3,12,14,16,20,2,2,1,2,5,9,10,13,14,15,16,16,20,6,7,8,13,16,19,1,1,0,1,1,7,7,8,8,9,10,1,3,3,6,7,7,8,10,11,18,3,3,3,7,8,8,9,14
274,26,25,23,27,29,36,25,25,24,24,23,25,24,24,22,21,21,22,25,25,24,24,23,22,21,25,30,23,23,24,23,21,23,25,30,23,23,21,19,24,25,22,21,21,20,21,23,27,22,20,19,20,21,21,21,20,19,19,19,20,20,22,23,24,35,21,20,19,25,18,17,18,18,23,18,17,19,23,23,24,24,26,27,16,16,23,23,24,24,25,26,16,16,18,19,23,16,16,17,20,23,24,14,15,18,14,14,16,17,20,20,14,13,14,19,14,24,15,13,16,18,20,24,12,15,15,16,16,24,12,11,15,19,20,10,13,15,15,18,19,14,27,14,18,23,10,15,15,16,8,16,17,8,9,13,14,14,15,17,7,7,8,9,12,14,15,20,8,7,7,8,11,13,18,20,22,7,6,7,7,10,12,18,18,20,7,6,6,5,5,6,7,17,18,18,19,19,20,21,21,7,6,6,5,4,4,7,11,17,18,19,20,20,7,6,5,4,4,4,18,19,19,21,7,6,5,4,9,9,10,16,17,18,18,20,6,4,3,6,11,15,18,19,19,21,6,3,12,13,16,19,3,2,2,2,4,8,10,13,13,15,15,16,20,6,6,8,13,16,19,2,1,1,0,1,6,7,7,8,8,10,2,2,3,6,6,7,7,9,10,18,4,2,3,7,7,8,8,13
275,26,25,22,27,29,36,26,25,25,24,22,25,25,24,23,22,21,21,25,25,25,24,23,23,22,24,30,24,23,23,23,21,22,25,30,24,23,21,19,24,25,23,22,21,21,21,23,26,23,21,20,19,20,22,21,20,20,19,19,19,20,21,23,23,34,21,20,18,25,19,16,17,18,22,18,16,18,22,23,23,24,25,26,17,16,22,23,23,24,25,25,15,16,17,19,23,15,16,16,19,22,24,15,15,18,15,14,16,16,19,20,14,14,14,19,14,23,15,14,15,17,20,24,12,14,15,15,16,23,12,10,14,19,20,10,12,14,15,17,18,13,26,13,17,22,10,14,15,15,8,15,16,8,8,13,13,14,15,16,8,7,8,8,11,14,14,19,9,8,7,7,10,12,18,19,21,7,7,6,7,10,12,17,18,19,7,7,6,5,4,5,7,16,17,18,18,19,20,20,21,7,7,6,6,5,4,7,10,16,17,18,19,20,7,6,6,5,4,4,18,18,19,20,7,6,6,4,8,9,9,15,16,17,18,19,6,4,4,5,10,14,17,18,19,20,7,2,11,13,15,19,3,3,2,1,4,8,9,12,13,14,15,15,19,5,5,7,12,15,18,2,2,1,1,0,6,6,7,7,8,9,2,2,2,5,5,6,7,9,10,17,4,2,2,6,7,7,8,13
276,32,31,27,23,23,30,31,31,30,30,26,31,30,30,28,27,26,26,23,31,30,30,29,28,27,22,24,29,23,22,29,27,22,19,24,29,29,27,25,19,19,28,27,27,26,21,19,21,28,26,25,21,20,27,27,26,25,25,21,20,20,18,17,18,29,27,26,20,19,24,21,20,20,16,24,20,18,16,17,18,18,20,21,23,22,16,17,18,18,19,20,19,18,17,15,17,18,17,16,14,16,18,20,17,14,20,17,15,14,14,14,20,19,16,13,20,18,21,19,12,12,14,18,15,12,12,11,10,18,18,15,11,13,14,14,12,10,9,12,13,10,21,9,12,16,11,9,9,10,14,10,11,14,10,7,8,8,9,11,13,11,10,9,7,8,9,14,14,13,10,9,6,7,12,14,16,13,12,9,9,6,6,12,12,14,13,12,12,11,10,9,8,11,12,12,13,13,14,15,15,13,12,12,11,10,9,7,5,11,12,13,14,14,13,12,11,10,10,8,12,13,13,15,13,12,11,10,3,3,4,10,11,12,12,14,12,10,9,4,5,9,12,13,13,15,12,7,6,7,10,13,9,8,8,7,4,2,4,7,7,9,9,10,14,2,1,2,7,10,13,8,7,7,6,6,0,1,1,2,2,4,8,5,4,2,1,1,1,3,4,12,10,6,6,2,1,2,2,7
277,32,31,28,23,23,30,32,31,31,30,27,31,31,30,29,28,27,26,23,31,31,30,29,29,28,23,24,30,23,23,29,27,23,20,24,30,29,27,25,20,19,29,28,27,27,21,20,20,29,27,26,22,21,28,27,26,26,25,21,21,20,19,18,17,28,27,26,21,19,25,21,21,20,16,24,20,19,16,16,17,18,19,20,23,23,16,16,17,18,19,19,19,19,18,16,16,18,18,17,14,16,18,21,18,15,21,18,15,15,13,14,20,20,16,13,20,17,21,20,13,11,14,18,15,13,12,12,11,17,18,15,12,13,14,15,13,10,10,11,12,10,20,9,11,16,12,8,9,9,14,9,10,14,11,7,7,8,9,10,14,12,10,10,7,8,8,13,15,14,10,10,7,6,12,13,15,13,13,10,9,6,6,11,12,13,13,13,12,12,10,9,8,10,11,12,12,13,14,14,15,13,13,12,12,11,10,7,4,10,11,12,13,14,13,12,12,11,10,9,12,12,13,14,13,12,12,10,3,3,3,9,10,11,12,13,12,10,10,5,4,8,11,12,13,14,13,7,5,7,9,13,9,9,8,7,4,2,3,6,7,8,9,9,13,2,2,1,6,9,12,8,8,7,7,6,1,0,1,1,2,3,8,5,5,2,2,1,1,3,4,11,10,7,6,2,2,1,2,7
278,33,32,29,24,22,29,32,32,31,31,27,32,31,31,29,29,27,27,24,32,31,31,30,29,29,23,23,30,24,23,30,28,23,20,23,30,30,28,26,20,19,29,29,28,27,22,20,20,29,27,26,23,21,29,28,27,26,26,22,21,21,19,18,18,27,28,27,21,18,25,22,21,21,16,25,21,19,15,16,16,17,19,20,24,23,15,16,16,17,18,19,20,19,18,16,16,19,18,18,15,15,17,21,18,15,21,18,16,15,13,13,21,20,17,12,21,16,22,20,13,12,13,17,16,13,13,12,12,16,19,16,12,12,13,15,13,11,10,10,12,11,20,10,10,15,12,8,8,9,15,9,10,15,12,7,7,7,8,10,14,12,11,10,8,7,8,13,15,14,11,10,7,6,11,13,15,14,13,10,10,7,5,10,11,13,14,13,13,12,11,10,9,10,10,11,12,12,13,14,14,14,13,13,12,12,10,8,4,10,10,12,13,13,14,13,12,12,11,9,11,12,12,14,14,13,12,11,4,3,3,9,10,10,11,13,13,11,10,6,4,8,10,12,12,14,13,8,4,6,9,12,10,9,9,8,5,1,3,5,6,8,8,9,13,3,2,1,5,9,12,9,8,8,7,7,1,1,0,1,1,3,9,6,6,3,2,2,1,2,3,10,11,7,7,3,2,2,1,6
279,34,32,29,24,23,29,33,32,32,31,28,32,32,31,30,29,28,27,24,32,32,31,30,30,29,24,23,31,24,24,30,29,24,21,23,31,30,29,26,21,20,30,29,29,28,23,21,19,30,28,27,23,22,29,29,27,27,26,23,22,21,20,19,18,27,29,27,22,18,26,23,22,21,17,25,21,20,16,15,16,16,18,19,24,24,15,15,16,16,18,18,20,20,19,17,15,19,19,18,15,15,16,22,19,16,22,19,16,16,13,13,21,21,18,13,21,16,23,21,14,12,13,16,16,14,13,13,12,16,19,16,13,12,13,16,14,12,11,10,11,12,19,10,10,15,13,8,8,8,15,8,9,15,12,8,7,7,8,9,15,13,12,11,8,7,7,12,16,15,12,11,8,6,10,12,14,14,14,11,10,7,5,10,10,12,14,14,13,13,12,10,9,9,10,10,11,12,13,13,14,14,14,13,13,12,11,8,4,9,10,11,12,13,14,13,13,12,12,10,10,11,12,13,14,13,13,12,4,4,3,8,9,10,10,12,13,12,11,6,3,7,10,11,12,13,14,8,4,6,8,12,10,10,9,8,5,2,2,5,5,7,8,8,12,3,3,1,5,8,11,9,9,8,8,7,2,1,1,0,1,2,9,7,6,3,3,2,2,2,3,10,12,8,7,3,3,2,2,5
280,34,33,30,25,23,28,34,33,32,32,29,33,32,32,30,30,29,28,25,33,32,32,31,30,30,24,22,31,25,24,31,29,24,21,22,31,31,29,27,21,20,30,30,29,29,23,21,19,30,29,27,24,23,30,29,28,27,27,23,23,22,20,19,19,26,29,28,23,17,26,23,23,22,18,26,22,20,16,16,15,16,18,19,25,24,15,15,15,16,17,18,21,20,19,18,15,20,19,19,16,14,16,23,19,16,23,19,17,16,14,13,22,21,18,13,22,15,23,21,14,13,12,16,17,14,14,13,13,15,20,17,13,11,12,16,14,12,12,9,10,12,19,11,9,14,13,9,8,8,16,8,9,16,13,8,8,7,7,9,15,13,12,12,9,6,7,12,16,15,12,12,8,7,10,12,14,15,14,12,11,8,6,9,10,12,15,14,14,13,12,11,10,9,9,10,10,11,12,13,13,15,14,14,13,13,12,9,5,9,9,10,12,12,15,14,13,13,12,10,10,10,11,13,15,14,13,12,5,4,4,8,9,9,10,12,14,12,12,7,3,7,9,10,11,13,14,9,3,5,8,11,11,10,10,9,6,2,2,4,5,7,7,8,12,4,3,2,4,8,10,10,9,9,8,8,2,2,1,1,0,2,10,7,7,4,3,3,2,1,2,9,12,8,8,4,3,3,2,5
281,36,35,31,26,25,26,35,35,34,34,30,35,34,34,32,31,30,30,26,35,34,34,32,32,31,26,20,33,26,26,32,31,26,23,20,33,32,31,29,23,22,32,31,31,30,25,23,19,32,30,29,25,24,31,31,30,29,29,25,24,24,22,21,20,25,31,30,24,18,28,25,24,24,19,27,24,22,18,18,17,16,16,17,26,26,17,16,16,15,15,16,23,22,21,19,15,21,21,20,18,15,14,24,21,18,24,21,19,18,15,15,24,23,20,15,24,14,25,23,16,14,12,14,19,16,15,15,14,14,21,19,15,10,10,18,16,14,13,11,10,14,17,13,9,13,15,10,10,9,18,8,7,18,14,10,9,9,8,7,17,15,14,13,10,8,7,10,18,17,14,13,10,8,8,10,12,16,16,13,13,9,8,8,8,10,16,16,15,15,14,13,12,7,8,8,9,9,10,11,12,16,16,15,15,14,13,10,7,7,8,9,10,10,16,15,15,14,14,12,8,9,9,11,16,15,15,14,7,6,6,6,7,8,8,10,15,14,13,8,3,5,8,9,9,11,16,10,2,3,6,9,13,12,12,10,8,4,2,3,3,5,6,6,10,5,5,3,3,6,9,12,11,10,10,9,4,3,3,2,2,0,12,9,8,5,5,4,4,2,1,8,14,10,9,6,5,4,4,3
282,25,24,24,29,31,38,25,24,24,23,24,24,24,23,21,22,23,24,27,24,24,23,22,21,21,26,32,23,25,25,22,20,24,27,32,23,22,20,20,26,27,21,21,20,20,23,25,29,21,20,19,21,23,21,20,19,19,18,21,21,22,24,25,25,36,20,19,20,27,18,19,19,20,24,17,19,20,24,25,25,26,27,29,16,15,24,25,25,26,27,28,18,18,19,21,25,18,18,19,21,24,26,14,17,20,14,16,18,19,21,22,13,13,16,21,13,25,14,13,18,19,22,26,14,16,17,18,18,25,11,13,16,21,22,12,14,16,17,19,20,15,29,15,19,24,12,16,17,18,8,18,19,7,10,15,15,16,17,19,7,9,10,10,13,16,16,21,8,7,9,9,13,14,20,21,24,6,6,8,9,12,14,19,20,21,6,5,5,6,7,8,9,19,19,20,20,21,22,23,23,6,5,5,4,5,6,9,13,19,19,20,21,22,6,5,4,4,4,6,20,20,21,23,6,5,4,3,10,11,12,18,19,19,20,21,5,3,3,8,13,16,19,20,21,23,6,4,13,15,18,21,2,2,2,3,6,10,12,14,15,16,17,18,21,7,8,9,14,18,20,1,1,1,2,2,8,8,9,9,10,12,0,3,3,6,7,7,8,10,11,18,2,3,3,7,8,8,9,14
283,28,27,24,26,28,35,27,27,26,26,23,27,26,26,24,24,23,22,24,27,26,26,25,24,24,24,29,25,22,23,25,23,21,24,29,25,25,23,21,23,24,24,24,23,23,20,22,26,24,23,21,19,20,24,23,22,21,21,18,19,19,21,22,23,34,23,22,18,24,20,17,16,17,21,20,16,18,21,22,23,23,25,26,19,18,21,22,23,23,24,25,15,15,16,18,22,15,15,16,19,21,23,16,14,17,16,13,15,16,19,19,16,15,13,18,16,23,17,15,15,16,19,23,11,14,14,15,15,23,14,11,14,18,19,10,12,14,14,16,18,13,26,13,16,21,9,14,14,15,10,15,16,10,8,12,13,13,14,16,9,7,7,8,10,13,14,19,10,9,6,7,10,12,17,19,21,9,8,6,6,9,11,16,17,19,9,8,8,7,6,5,6,16,16,17,18,18,19,20,20,9,8,8,7,7,5,6,10,16,16,18,19,19,9,8,7,7,6,4,17,18,18,20,9,8,7,6,8,8,9,15,16,16,17,19,8,6,6,5,10,14,16,18,18,20,8,3,10,12,15,18,5,4,4,3,3,7,9,12,12,14,14,15,19,4,5,7,12,15,18,4,3,3,2,2,5,5,6,7,7,9,3,0,1,3,4,4,5,7,8,15,5,1,1,4,5,5,6,11
284,29,27,24,26,27,35,28,27,27,26,23,27,27,26,25,24,23,23,24,27,27,26,25,25,24,23,29,26,21,22,25,24,21,24,29,26,25,24,21,23,24,25,24,24,23,20,21,25,25,23,22,18,19,24,24,23,22,21,18,18,19,20,21,22,33,24,23,17,24,21,18,17,16,21,20,16,17,21,21,22,23,24,25,19,19,21,21,22,23,24,24,15,15,16,18,21,14,15,15,18,21,23,17,14,16,17,14,15,15,18,19,16,16,13,18,16,22,18,16,14,16,19,23,12,13,14,14,15,22,14,12,13,18,19,11,11,13,14,16,17,12,25,12,16,21,9,13,14,14,10,14,15,10,7,12,12,13,14,15,10,8,7,7,10,13,13,18,11,10,7,6,9,11,16,18,20,9,9,6,6,9,10,16,16,18,9,9,8,8,7,5,6,15,16,16,17,18,19,19,20,9,9,8,8,7,6,6,9,15,16,17,18,19,9,8,8,7,7,5,16,17,18,19,9,8,8,7,7,8,8,14,15,16,16,18,8,7,6,4,9,13,16,17,18,19,9,3,10,12,14,18,5,5,4,3,3,7,8,11,12,13,14,14,18,4,4,6,11,14,17,4,4,3,3,2,4,5,6,6,7,8,3,1,0,3,3,4,4,7,8,15,5,2,1,4,4,5,6,10
285,31,30,27,23,25,32,31,30,30,29,26,30,30,29,27,27,26,25,22,30,30,29,28,27,27,21,26,29,22,21,28,26,21,21,26,29,28,26,24,20,21,27,27,26,26,20,19,23,27,26,25,21,20,27,26,25,25,24,20,20,19,18,19,19,30,26,25,20,21,24,20,20,19,18,23,19,18,18,19,19,20,21,23,22,21,18,19,19,20,21,21,18,18,16,15,19,17,16,16,15,18,20,20,16,14,20,16,14,14,15,16,19,19,15,15,19,19,20,19,12,13,16,20,14,12,11,12,12,19,17,14,10,15,16,14,12,10,11,13,14,9,23,9,13,18,10,10,11,12,13,12,13,13,10,9,9,10,11,13,13,10,9,9,7,10,10,15,14,13,9,9,7,8,14,15,18,12,12,9,8,6,8,13,14,15,12,12,11,10,9,8,7,13,13,14,14,15,16,16,17,12,12,11,10,10,9,6,7,13,13,14,15,16,12,11,10,10,9,8,14,14,15,16,12,11,10,9,4,5,5,12,13,13,14,15,11,9,9,4,7,10,13,14,15,16,12,6,7,9,12,15,8,8,7,6,3,4,5,8,9,10,11,12,15,1,2,3,8,12,14,7,7,6,6,5,2,2,3,3,4,5,6,3,3,0,1,1,2,4,5,12,8,4,4,1,2,2,3,8
286,32,31,27,23,24,31,31,31,30,30,26,31,30,30,28,27,26,26,23,31,30,30,29,28,27,22,25,29,23,22,29,27,22,20,25,29,29,27,25,19,20,28,27,27,26,21,19,22,28,26,25,21,20,27,27,26,25,25,21,20,20,18,18,19,30,27,26,20,20,24,21,20,20,18,24,20,18,18,18,19,19,21,22,23,22,18,18,19,19,20,21,19,18,17,15,18,18,17,16,15,18,19,20,17,14,20,17,15,14,15,15,20,19,16,14,20,19,21,19,12,13,15,19,15,12,12,11,12,19,18,15,11,14,15,14,12,10,10,13,14,10,22,9,13,18,11,10,10,11,14,11,12,14,10,8,9,9,10,12,13,11,10,9,7,9,10,15,14,13,10,9,6,8,13,15,17,13,12,9,9,6,7,13,13,15,13,12,12,11,10,9,8,12,13,13,14,14,15,16,16,13,12,12,11,10,9,7,6,12,13,14,15,15,13,12,11,10,10,8,13,14,14,16,13,12,11,10,4,4,5,11,12,13,13,15,12,10,9,4,6,10,13,14,14,16,12,7,7,8,11,14,9,8,8,7,4,3,5,8,8,10,10,11,15,2,1,3,8,11,14,8,7,7,6,5,1,2,2,3,3,5,7,4,3,1,0,1,1,3,4,12,9,5,4,1,1,2,2,7
287,32,31,28,23,24,31,32,31,31,30,27,31,31,30,29,28,27,26,23,31,31,30,29,29,28,23,25,30,23,23,29,27,23,20,25,30,29,27,25,20,20,29,28,27,27,21,20,21,29,27,26,22,21,28,27,26,26,25,21,21,20,19,18,18,29,27,26,21,20,25,21,21,20,17,24,20,19,17,18,18,19,20,21,23,23,17,18,18,19,20,20,19,19,18,16,18,18,18,17,14,17,19,21,18,15,21,18,15,15,14,15,20,20,16,14,20,18,21,20,13,12,15,19,15,13,12,12,11,18,18,15,12,14,15,15,13,10,10,12,13,10,21,9,12,17,12,9,10,10,14,10,12,14,11,8,8,9,10,12,14,12,10,10,7,9,9,14,15,14,10,10,7,7,13,14,16,13,13,10,9,6,7,12,13,14,13,13,12,12,10,9,8,12,12,13,13,14,15,15,16,13,13,12,12,11,10,7,5,12,12,13,14,15,13,12,12,11,10,9,13,13,14,15,13,12,12,10,3,4,4,10,12,12,13,14,12,10,10,5,5,9,12,13,14,15,13,7,6,8,10,14,9,9,8,7,4,3,4,7,8,9,10,10,14,2,2,2,7,10,13,8,8,7,7,6,1,1,2,2,3,4,7,4,4,1,1,0,1,3,4,11,9,6,5,1,1,1,2,7
288,33,32,29,24,23,30,32,32,31,31,27,32,31,31,29,29,27,27,24,32,31,31,30,29,29,23,24,30,24,23,30,28,23,20,24,30,30,28,26,20,19,29,29,28,27,22,20,21,29,27,26,23,21,29,28,27,26,26,22,21,21,19,18,18,29,28,27,21,19,25,22,21,21,16,25,21,19,16,17,18,18,20,21,24,23,16,17,18,18,19,20,20,19,18,16,17,19,18,18,15,16,18,21,18,15,21,18,16,15,14,14,21,20,17,13,21,18,22,20,13,12,14,18,16,13,13,12,12,18,19,16,12,13,14,15,13,11,10,12,13,11,21,10,12,16,12,9,9,10,15,10,11,15,12,7,8,8,9,11,14,12,11,10,8,8,9,14,15,14,11,10,7,7,12,14,16,14,13,10,10,7,6,12,12,14,14,13,13,12,11,10,9,11,12,12,13,13,14,15,15,14,13,13,12,12,10,8,5,11,12,13,14,14,14,13,12,12,11,9,12,13,13,15,14,13,12,11,4,3,4,10,11,12,12,14,13,11,10,6,5,9,12,13,13,15,13,8,6,7,10,13,10,9,9,8,5,2,4,7,7,9,9,10,14,3,2,2,7,10,13,9,8,8,7,7,1,1,1,2,2,4,8,5,4,2,1,1,0,2,3,10,10,6,5,2,1,1,1,6
289,35,34,31,26,24,28,35,34,34,33,30,34,34,33,31,31,30,29,26,34,34,33,32,31,31,25,22,32,26,25,32,30,25,23,22,32,32,30,28,23,21,31,31,30,30,24,23,19,31,30,29,25,24,31,30,29,29,28,24,24,23,21,20,20,26,30,29,24,17,27,24,24,23,19,27,23,21,18,17,16,16,18,19,26,25,16,16,15,16,17,18,22,21,20,19,15,21,20,20,17,14,16,24,20,18,24,20,18,18,15,14,23,23,19,14,23,15,24,23,15,14,12,16,18,15,15,14,14,15,21,18,14,11,12,18,15,13,13,10,10,13,19,12,9,14,14,10,9,9,17,8,9,17,14,9,9,8,7,9,16,14,13,13,10,7,7,12,18,16,13,13,9,8,10,12,14,16,15,13,12,9,7,9,10,12,16,15,15,14,13,12,11,9,9,10,10,11,12,13,13,16,15,15,14,14,13,10,6,9,9,10,12,12,16,15,14,14,13,12,10,10,11,13,16,15,14,13,6,5,5,8,9,9,10,12,15,13,13,8,3,7,9,10,11,13,15,10,3,5,8,11,12,12,11,10,7,3,2,4,5,7,7,8,12,5,4,3,4,8,10,11,10,10,9,9,3,3,2,2,1,2,10,7,7,4,3,3,2,0,1,8,12,8,8,4,3,3,2,4
290,36,35,32,27,25,27,36,35,35,34,31,35,35,34,32,32,31,30,27,35,35,34,33,32,32,26,21,34,27,26,33,31,26,24,21,34,33,31,29,24,23,32,32,31,31,25,24,20,32,31,30,26,25,32,31,30,30,29,25,25,24,23,21,21,25,31,30,25,18,29,25,25,24,20,28,24,23,19,18,18,17,16,18,27,26,18,17,16,16,16,16,23,23,21,20,16,22,21,21,18,15,15,25,21,19,25,21,19,19,16,15,24,24,20,15,24,14,25,24,16,15,12,15,19,16,16,15,15,14,22,19,15,11,11,19,16,14,14,12,10,14,18,13,9,13,15,11,10,10,18,9,8,18,15,10,10,9,8,8,18,15,14,14,11,8,8,10,19,18,14,14,10,9,9,10,13,17,16,14,13,10,8,8,9,10,17,16,16,15,14,13,12,8,8,9,9,10,11,12,12,17,16,16,15,15,14,11,7,8,8,9,10,11,17,16,15,15,14,13,9,9,10,12,17,16,15,14,7,7,6,7,8,8,9,10,16,14,14,9,4,5,8,9,10,12,16,11,2,4,7,10,13,13,12,11,8,4,3,3,4,6,6,7,10,6,6,4,3,7,9,12,12,11,10,10,4,4,3,3,2,1,11,8,8,5,4,4,3,1,0,7,13,9,9,5,4,4,3,3
291,43,42,39,34,32,25,43,42,42,41,38,42,42,41,40,39,38,37,34,42,42,41,40,40,39,34,28,41,34,34,40,38,34,31,26,41,40,38,36,31,30,40,39,38,38,32,31,27,40,38,37,33,32,39,38,37,37,36,32,32,31,30,29,28,18,38,37,32,25,36,32,32,31,27,35,31,30,26,25,25,24,23,21,34,34,25,24,24,23,22,21,30,30,29,27,23,29,29,28,25,23,21,32,29,26,32,29,26,26,23,23,31,31,27,23,31,17,32,31,24,22,19,15,26,24,23,23,22,15,29,26,23,18,17,26,24,21,21,19,18,21,10,20,16,12,23,18,18,17,25,16,15,25,22,18,17,16,15,14,25,23,21,21,18,15,15,10,26,25,21,21,18,16,10,9,7,24,24,21,20,17,15,10,9,8,24,24,23,23,21,20,19,9,9,8,8,7,6,5,5,24,24,23,23,22,21,18,14,8,8,7,5,5,24,23,23,22,21,20,6,5,5,4,24,23,23,21,14,14,13,7,6,5,5,3,23,21,21,16,11,7,4,3,3,4,24,18,9,8,5,3,20,20,19,18,15,12,10,7,7,5,4,4,3,13,13,11,6,3,2,19,19,18,18,17,12,11,10,10,9,8,18,15,15,12,12,11,10,8,7,0,20,16,16,12,12,11,10,5
292,24,23,26,31,33,40,24,23,23,23,26,23,23,22,24,24,25,26,29,23,23,22,22,23,23,29,34,21,27,27,21,21,26,29,34,21,21,20,23,28,29,20,20,19,20,25,27,31,20,19,20,24,25,20,19,18,19,19,23,24,24,26,27,27,38,19,18,23,29,18,21,21,22,26,17,21,23,26,27,27,28,30,31,17,18,26,27,27,28,29,30,20,20,21,23,27,20,20,21,24,26,28,16,19,22,15,18,20,21,24,24,14,15,18,23,13,27,13,13,20,21,24,28,16,19,19,20,20,27,12,15,19,23,24,14,16,19,19,21,23,18,31,18,21,26,14,19,19,20,10,20,21,9,13,17,18,18,19,21,9,11,12,13,15,18,19,24,7,8,11,12,15,16,22,24,26,7,8,10,11,14,16,21,22,24,6,7,7,8,9,10,11,21,21,22,23,23,24,25,25,5,5,6,7,7,8,11,15,21,21,23,24,24,5,5,5,6,7,8,22,23,23,25,5,4,4,5,13,13,14,20,21,21,22,24,4,4,5,10,15,19,21,23,23,25,4,7,15,17,20,23,3,4,4,6,8,12,14,16,17,19,19,20,24,9,10,12,16,20,23,2,3,3,4,4,10,10,11,12,12,14,2,5,5,8,9,9,10,12,13,20,0,4,4,8,9,9,10,15
293,28,27,24,27,29,36,27,27,26,26,23,27,26,26,24,24,23,22,25,27,26,26,25,24,24,25,30,25,23,24,25,23,23,25,30,25,25,23,21,24,25,24,24,23,23,21,23,27,24,23,21,20,21,24,23,22,21,21,19,20,20,22,23,24,35,23,22,19,25,20,17,18,18,23,20,17,19,23,23,24,24,26,27,19,18,23,23,24,24,25,26,16,16,18,19,23,16,16,17,20,23,24,16,15,18,16,14,16,17,20,20,16,15,14,19,16,24,17,15,16,18,20,24,12,15,15,16,16,24,14,11,15,19,20,10,13,15,15,18,19,14,27,14,18,23,10,15,15,16,10,16,17,10,9,13,14,14,15,17,9,7,8,9,12,14,15,20,10,9,7,8,11,13,18,20,22,9,8,7,7,10,12,18,18,20,9,8,8,7,6,6,7,17,18,18,19,19,20,21,21,9,8,8,7,7,5,7,11,17,18,19,20,20,9,8,7,7,6,4,18,19,19,21,9,8,7,6,9,9,10,16,17,18,18,20,8,6,6,6,11,15,18,19,19,21,8,3,12,13,16,19,5,4,4,3,4,8,10,13,13,15,15,16,20,6,6,8,13,16,19,4,3,3,2,2,6,7,7,8,8,10,3,1,2,4,5,6,6,8,9,16,4,0,1,4,5,5,6,11
294,29,27,24,27,29,36,28,27,27,26,23,27,27,26,25,24,23,23,25,27,27,26,25,25,24,24,30,26,23,23,25,24,22,25,30,26,25,24,21,24,25,25,24,24,23,21,23,26,25,23,22,19,20,24,24,23,22,21,19,19,20,21,23,23,34,24,23,18,25,21,18,17,18,22,20,16,18,22,23,23,24,25,26,19,19,22,23,23,24,25,25,15,16,17,19,23,15,16,16,19,22,24,17,15,18,17,14,16,16,19,20,16,16,14,19,16,23,18,16,15,17,20,24,12,14,15,15,16,23,14,12,14,19,20,11,12,14,15,17,18,13,26,13,17,22,10,14,15,15,10,15,16,10,8,13,13,14,15,16,10,8,8,8,11,14,14,19,11,10,7,7,10,12,18,19,21,9,9,6,7,10,12,17,18,19,9,9,8,8,7,5,7,16,17,18,18,19,20,20,21,9,9,8,8,7,6,7,10,16,17,18,19,20,9,8,8,7,7,5,18,18,19,20,9,8,8,7,8,9,9,15,16,17,18,19,8,7,6,5,10,14,17,18,19,20,9,3,11,13,15,19,5,5,4,3,4,8,9,12,13,14,15,15,19,5,5,7,12,15,18,4,4,3,3,2,6,6,7,7,8,9,3,1,1,4,4,5,5,8,9,16,4,1,0,4,4,5,6,10
295,32,31,28,23,25,32,32,31,31,30,27,31,31,30,29,28,27,26,23,31,31,30,29,29,28,23,26,30,23,23,29,27,23,21,26,30,29,27,25,20,21,29,28,27,27,21,20,23,29,27,26,22,21,28,27,26,26,25,21,21,20,19,19,19,30,27,26,21,21,25,21,21,20,18,24,20,19,18,19,19,20,21,23,23,23,18,19,19,20,21,21,19,19,18,16,19,18,18,17,15,18,20,21,18,15,21,18,15,15,15,16,20,20,16,15,20,19,21,20,13,13,16,20,15,13,12,12,12,19,18,15,12,15,16,15,13,10,11,13,14,10,23,9,13,18,12,10,11,12,14,12,13,14,11,9,9,10,11,13,14,12,10,10,7,10,10,15,15,14,10,10,7,8,14,15,18,13,13,10,9,6,8,13,14,15,13,13,12,12,10,9,8,13,13,14,14,15,16,16,17,13,13,12,12,11,10,7,7,13,13,14,15,16,13,12,12,11,10,9,14,14,15,16,13,12,12,10,4,5,6,12,13,13,14,15,12,10,10,5,7,10,13,14,15,16,13,7,7,9,12,15,9,9,8,7,4,4,5,8,9,10,11,12,15,2,2,3,8,12,14,8,8,7,7,6,2,2,3,3,4,6,7,4,4,1,1,1,2,4,5,12,8,4,4,0,1,1,2,7
296,33,32,29,24,24,31,32,32,31,31,27,32,31,31,29,29,27,27,24,32,31,31,30,29,29,23,25,30,24,23,30,28,23,20,25,30,30,28,26,20,20,29,29,28,27,22,20,22,29,27,26,23,21,29,28,27,26,26,22,21,21,19,18,19,30,28,27,21,20,25,22,21,21,18,25,21,19,18,18,19,19,21,22,24,23,18,18,19,19,20,21,20,19,18,16,18,19,18,18,15,18,19,21,18,15,21,18,16,15,15,15,21,20,17,14,21,19,22,20,13,13,15,19,16,13,13,12,12,19,19,16,12,14,15,15,13,11,10,13,14,11,22,10,13,18,12,10,10,11,15,11,12,15,12,8,9,9,10,12,14,12,11,10,8,9,10,15,15,14,11,10,7,8,13,15,17,14,13,10,10,7,7,13,13,15,14,13,13,12,11,10,9,12,13,13,14,14,15,16,16,14,13,13,12,12,10,8,6,12,13,14,15,15,14,13,12,12,11,9,13,14,14,16,14,13,12,11,4,4,5,11,12,13,13,15,13,11,10,6,6,10,13,14,14,16,13,8,7,8,11,14,10,9,9,8,5,3,5,8,8,10,10,11,15,3,2,3,8,11,14,9,8,8,7,7,1,2,2,3,3,5,8,5,4,2,1,1,1,3,4,12,9,5,4,1,0,1,1,6
297,34,32,29,24,24,31,33,32,32,31,28,32,32,31,30,29,28,27,24,32,32,31,30,30,29,24,25,31,24,24,30,29,24,21,25,31,30,29,26,21,20,30,29,29,28,23,21,21,30,28,27,23,22,29,29,27,27,26,23,22,21,20,19,18,29,29,27,22,20,26,23,22,21,17,25,21,20,17,18,18,19,20,21,24,24,17,18,18,19,20,20,20,20,19,17,18,19,19,18,15,17,19,22,19,16,22,19,16,16,14,15,21,21,18,14,21,18,23,21,14,12,15,19,16,14,13,13,12,18,19,16,13,14,15,16,14,12,11,12,13,12,21,10,12,17,13,9,10,10,15,10,12,15,12,8,8,9,10,12,15,13,12,11,8,9,9,14,16,15,12,11,8,7,13,14,16,14,14,11,10,7,7,12,13,14,14,14,13,13,12,10,9,12,12,13,13,14,15,15,16,14,14,13,13,12,11,8,6,12,12,13,14,15,14,13,13,12,12,10,13,13,14,15,14,13,13,12,4,4,4,10,12,12,13,14,13,12,11,6,5,9,12,13,14,15,14,8,6,8,10,14,10,10,9,8,5,3,4,7,8,9,10,10,14,3,3,2,7,10,13,9,9,8,8,7,2,1,2,2,3,4,8,5,5,2,2,1,1,3,4,11,9,5,5,1,1,0,1,5
298,34,33,30,25,23,30,34,33,32,32,29,33,32,32,30,30,29,28,25,33,32,32,31,30,30,24,24,31,25,24,31,29,24,21,24,31,31,29,27,21,20,30,30,29,29,23,21,21,30,29,27,24,23,30,29,28,28,27,23,23,22,20,19,19,29,29,28,23,19,26,23,23,22,18,26,22,20,16,17,18,18,20,21,25,24,16,17,18,18,19,20,21,20,19,18,17,20,19,19,16,16,18,23,19,16,23,19,17,16,14,14,22,21,18,13,22,18,23,21,14,13,14,18,17,14,14,13,13,18,20,17,13,13,14,16,14,12,12,12,13,12,21,11,12,16,13,9,9,10,16,10,11,16,13,8,8,8,9,11,15,13,12,12,9,8,9,14,16,15,12,12,8,7,12,14,16,15,14,12,11,8,6,12,12,14,15,14,14,13,12,11,10,11,12,12,13,13,14,15,15,15,14,14,13,13,12,9,5,11,12,13,14,14,15,14,13,13,12,10,12,13,13,15,15,14,13,12,5,4,4,10,11,12,12,14,14,12,12,7,5,9,12,13,13,15,14,9,6,7,10,13,11,10,10,9,6,2,4,7,7,9,9,10,14,4,3,2,7,10,13,10,9,9,8,8,2,2,1,2,2,4,9,6,6,3,2,2,1,2,3,10,10,6,6,2,1,1,0,5
299,39,38,35,30,28,25,38,38,37,37,34,38,37,37,35,35,34,33,30,38,37,37,36,35,35,29,24,36,30,29,36,34,29,26,21,36,36,34,32,26,25,35,35,34,34,28,26,23,35,34,32,29,27,35,34,33,32,32,28,27,27,25,24,24,24,34,33,27,21,31,28,27,27,23,31,27,25,21,21,20,20,18,17,30,29,20,20,19,19,18,17,26,25,24,23,19,25,24,24,21,18,16,27,24,21,27,24,22,21,19,18,27,26,23,18,27,13,28,26,19,18,15,13,22,19,19,18,18,13,25,22,18,14,13,21,19,17,16,14,13,17,16,16,12,12,18,14,13,13,21,12,10,21,18,13,13,12,11,9,20,18,17,16,14,11,10,9,21,20,17,16,13,12,7,9,11,20,19,16,16,13,11,7,7,9,20,19,19,18,17,16,15,6,7,7,8,8,9,10,10,20,19,19,18,18,16,14,10,6,7,8,9,9,20,19,18,18,17,15,7,8,8,10,20,19,18,17,10,9,9,5,6,7,7,9,19,17,16,12,7,4,7,8,8,10,19,14,5,3,5,8,16,15,15,14,11,7,5,3,2,4,4,5,9,9,8,7,2,5,8,15,14,14,13,13,7,7,6,5,5,3,14,11,10,8,7,7,6,4,3,5,15,11,10,7,6,5,5,0
