X,1,2,3,4,5,6,7,8,9,10,11,12,13,14,15,16,17,18,19,20,21,22,23,24,25,26,27,28,29,30,31,32,33,34,35,36,37,38,39,40,41,42,43,44,45,46,47,48,49,50,51,52,53,54,55,56,57,58,59,60,61,62,63,64,65,66,67,68,69,70,71,72,73,74,75,76,77,78,79,80,81,82,83,84,85,86,87,88,89,90,91,92,93,94,95,96,97,98,99,100,101,102,103,104,105,106,107,108,109,110,111,112,113,114,115,116,117,118,119,120,121,122,123,124,125,126,127,128,129,130,131,132,133,134,135,136,137,138,139,140,141,142,143,144,145,146,147,148,149,150,151,152,153,154,155,156,157,158,159,160,161,162,163,164,165,166,167,168,169,170,171,172,173,174,175,176,177,178,179,180,181,182,183,184,185,186,187,188,189,190,191,192,193,194,195,196,197,198,199,200,201,202,203,204,205,206,207,208,209,210,211,212,213,214,215,216,217,218,219,220,221,222,223,224,225,226,227,228,229,230,231,232,233,234,235,236,237,238,239,240,241,242,243,244,245,246,247,248,249,250,251,252,253,254,255,256,257,258,259,260,261,262,263,264,265,266,267,268,269,270,271,272,273,274,275,276,277,278,279,280,281,282,283,284,285,286,287,288,289,290,291,292,293,294,295,296,297,298,299
1,0,1,9,6,8,9,11,13,14,2,2,5,7,8,11,12,16,2,5,7,8,9,4,5,7,11,12,14,5,6,10,11,11,18,3,9,10,14,16,18,4,5,12,13,14,16,5,7,10,12,13,14,15,16,17,5,9,14,15,16,8,11,11,12,13,14,15,16,17,8,12,13,13,15,16,16,17,19,13,13,15,16,18,13,13,15,15,16,20,13,14,14,15,15,16,17,17,18,20,11,14,16,17,17,20,12,13,14,15,16,17,17,18,18,9,9,9,14,15,17,17,18,10,10,10,16,16,17,18,19,20,17,18,18,19,19,11,11,17,18,18,19,19,20,20,21,22,12,12,12,13,16,16,19,19,20,23,12,12,12,13,16,19,20,20,21,21,13,15,18,19,20,20,21,21,13,13,13,13,15,15,16,16,17,18,19,19,21,21,14,16,20,21,14,14,15,17,17,17,18,21,21,22,23,15,15,16,16,17,17,20,22,23,15,15,15,16,16,16,16,16,17,18,18,18,20,21,22,22,16,16,16,16,17,17,22,23,25,17,17,17,17,18,18,24,25,18,18,19,19,20,23,24,26,19,20,20,20,21,22,23,24,25,26,27,19,23,24,24,25,25,26,20,23,24,25,25,25,21,22,25,25,26,21,23,22,23,24,24,22,22,22,23,23,23,23,24,25,25
2,1,0,9,5,7,8,10,13,14,3,2,4,7,8,11,12,15,2,4,7,7,9,4,5,7,10,11,14,5,5,10,10,11,18,3,9,10,13,15,17,4,5,11,12,13,16,5,7,9,12,13,14,15,15,16,5,9,13,14,16,8,10,11,11,12,14,15,15,16,8,11,12,13,15,15,16,16,18,12,13,15,15,18,12,13,14,15,15,19,12,13,14,14,15,16,16,17,17,19,11,13,16,16,17,19,12,13,13,15,15,16,17,17,18,10,9,9,14,15,16,17,17,10,10,10,16,16,16,18,19,19,17,17,18,18,19,11,11,17,18,18,18,19,19,20,20,22,12,12,12,13,15,16,18,19,19,23,12,12,12,12,16,19,19,20,20,21,13,15,18,19,19,20,20,21,13,13,13,13,15,15,16,16,17,18,18,19,20,21,14,16,20,21,14,14,14,17,17,17,18,20,21,21,22,15,15,16,16,17,17,20,21,23,15,15,15,16,16,16,16,16,17,17,18,18,20,21,21,22,16,16,16,16,16,17,22,23,25,17,17,17,17,18,18,23,25,18,18,18,19,20,22,24,26,19,19,20,20,21,21,23,24,25,25,27,19,23,24,24,24,25,25,20,23,24,24,25,25,21,21,24,25,26,21,23,21,23,23,24,22,22,22,23,23,23,23,24,24,25
3,9,9,0,4,2,1,2,4,5,12,11,5,2,2,2,3,7,8,5,3,2,2,6,5,3,2,3,5,6,5,3,3,3,9,9,3,3,5,7,9,9,7,4,5,5,8,9,6,4,5,6,6,7,7,8,9,5,6,7,8,6,6,6,6,6,7,7,8,9,7,6,6,6,7,8,8,9,10,7,7,8,8,10,7,7,8,8,9,11,8,8,8,8,9,9,9,10,10,12,9,8,9,10,10,12,9,9,9,9,10,10,10,11,11,14,14,13,9,10,10,11,11,14,14,14,10,11,11,12,12,13,11,12,12,12,12,16,14,12,12,12,13,13,13,13,14,15,16,16,16,12,12,12,13,13,13,16,16,14,14,14,12,13,14,14,14,15,15,13,13,14,14,14,15,15,17,16,16,15,13,13,13,13,13,14,14,14,15,15,18,14,15,15,17,17,16,14,14,14,14,15,16,16,17,18,16,15,15,15,15,15,16,17,18,17,17,17,16,16,16,16,16,15,15,15,16,16,17,17,19,19,18,17,17,17,17,17,19,18,18,18,18,18,17,18,19,18,18,18,18,18,18,19,20,19,18,18,18,18,18,19,19,20,20,21,19,19,19,20,20,20,20,20,20,20,20,20,21,20,20,21,21,22,21,21,23,21,21,21,24,23,23,22,22,24,23,23,23,23
4,6,5,4,0,2,3,5,8,9,8,7,1,2,3,6,7,10,4,2,2,2,4,2,2,2,5,6,9,2,2,5,5,6,13,6,4,5,8,10,12,6,4,6,7,8,11,5,4,5,7,8,9,10,11,11,5,5,8,9,11,5,6,7,7,8,9,10,11,12,6,7,8,8,10,10,11,11,13,8,9,10,11,13,8,9,10,10,11,14,8,9,10,10,11,11,12,12,13,15,8,9,11,12,12,15,9,9,10,11,11,12,12,13,13,11,11,10,10,11,12,12,13,11,11,11,12,12,12,14,14,15,13,13,14,14,14,13,11,13,14,14,14,15,15,16,16,17,13,13,13,11,12,13,14,15,15,18,14,12,12,12,13,15,15,16,16,17,13,12,14,15,15,16,16,17,14,14,14,13,13,13,13,13,14,15,15,15,16,17,15,14,16,17,15,14,14,14,14,14,15,17,17,18,18,16,15,14,14,15,15,16,18,19,16,15,15,15,15,15,15,15,15,15,15,15,17,17,18,18,17,17,16,16,15,15,18,19,21,17,16,16,16,17,16,20,21,17,17,17,17,17,19,20,22,18,18,18,18,18,19,20,20,21,22,23,18,20,20,21,21,21,22,19,20,21,21,21,22,19,20,21,22,23,20,21,21,21,21,21,22,22,22,22,22,22,22,22,22,23
5,8,7,2,2,0,1,3,6,7,10,9,3,1,1,3,4,8,6,3,1,1,2,4,3,2,3,4,7,4,4,3,4,4,11,8,3,4,6,8,10,7,6,5,6,6,9,7,4,4,5,6,7,8,9,9,7,4,7,7,9,5,5,5,6,6,7,8,9,10,6,6,6,7,8,9,9,9,11,7,7,9,9,11,7,7,8,9,9,12,7,8,8,9,9,10,10,11,11,13,8,8,10,10,11,13,8,9,9,9,10,11,11,11,12,13,12,12,9,10,11,11,11,13,12,12,11,11,11,12,13,13,12,12,12,13,13,14,12,12,12,13,13,13,14,14,14,16,15,14,14,11,11,12,13,13,14,17,15,13,13,12,12,14,14,14,15,15,13,12,13,14,14,15,15,15,15,15,15,14,13,13,13,13,13,14,14,14,15,15,16,13,15,16,16,15,15,14,14,14,14,15,16,16,17,17,15,14,14,14,14,15,17,17,17,16,16,16,15,15,15,15,15,15,15,15,16,16,17,17,18,17,17,16,16,16,17,18,19,17,17,17,17,17,17,19,20,17,17,17,17,17,18,19,21,18,18,18,18,18,18,19,19,20,20,22,18,19,20,20,20,20,21,19,19,20,20,20,21,19,19,21,21,22,21,20,22,21,21,21,23,22,22,21,21,23,22,22,22,22
6,9,8,1,3,1,0,2,4,5,11,10,4,2,1,2,3,7,7,5,2,2,1,5,4,2,2,3,6,5,4,2,3,3,10,9,3,3,5,7,9,8,6,4,5,6,8,8,5,4,5,5,6,7,8,8,8,5,6,7,8,6,5,5,5,6,7,7,8,9,6,6,6,6,7,8,8,9,10,6,7,8,8,10,7,7,8,8,9,11,7,8,8,8,8,9,9,10,10,12,8,8,9,9,10,12,8,8,8,9,9,10,10,11,11,14,13,12,9,9,10,10,11,14,13,13,10,10,11,11,12,12,11,11,12,12,12,15,13,11,12,12,12,13,13,13,14,15,16,15,15,11,11,11,13,13,13,16,16,13,13,13,12,13,13,14,14,15,14,12,13,13,14,14,14,15,16,15,15,14,13,13,13,13,13,13,13,14,15,15,17,13,15,15,17,16,15,14,14,14,14,15,15,16,16,18,16,14,14,14,14,15,16,17,18,17,16,16,16,15,15,15,15,15,15,15,15,16,16,16,19,18,17,17,16,16,17,17,19,18,17,17,17,17,17,18,19,17,17,17,17,17,18,19,20,18,18,18,18,18,18,19,19,19,20,21,18,19,19,19,20,20,20,19,19,19,20,20,20,19,19,20,20,21,21,20,22,21,21,21,23,22,22,22,21,23,22,22,22,22
7,11,10,2,5,3,2,0,2,3,13,13,7,4,3,1,1,5,9,7,4,3,2,7,6,4,2,2,4,7,6,2,2,2,7,11,4,3,4,5,7,10,8,3,3,4,6,10,6,4,4,4,5,5,6,6,10,5,5,5,6,7,5,5,5,5,5,6,6,7,8,6,6,6,6,6,7,7,9,6,6,7,7,9,7,7,7,7,7,10,7,7,7,7,7,8,8,8,9,10,9,8,8,8,9,11,9,8,8,8,9,9,9,9,10,15,15,14,9,9,9,9,10,15,15,14,9,10,10,10,11,11,10,10,11,11,11,17,14,11,11,11,11,12,12,12,12,13,17,17,16,12,11,11,12,12,12,14,17,15,14,14,12,12,12,13,13,13,15,12,12,13,13,13,13,14,18,17,16,15,13,13,13,13,13,13,13,13,14,14,18,13,14,14,18,17,16,14,14,14,14,14,14,15,15,19,17,15,15,15,14,14,15,16,19,18,18,17,16,16,16,16,15,15,15,15,15,15,15,16,20,19,19,17,17,17,16,16,17,19,18,18,18,18,17,17,18,18,18,18,17,17,17,18,19,18,18,18,18,18,18,18,18,19,19,20,19,18,19,19,19,19,19,19,19,19,19,19,19,19,19,20,20,21,21,20,23,21,21,21,24,23,23,22,22,24,23,22,22,22
8,13,13,4,8,6,4,2,0,1,15,15,9,6,5,2,1,3,12,9,6,6,4,9,8,6,3,2,2,9,9,4,4,3,5,13,5,4,3,4,5,13,10,4,3,3,4,12,8,6,4,4,4,4,4,5,12,7,4,4,5,9,6,6,6,5,5,5,5,6,9,6,6,6,6,6,6,6,7,6,6,6,6,7,7,7,7,7,7,8,8,7,7,7,7,7,7,7,8,9,10,8,8,8,8,9,9,9,9,8,8,8,8,9,9,17,16,16,9,9,9,9,9,17,17,16,9,9,9,10,10,10,10,10,10,10,10,19,16,10,11,11,11,11,11,11,11,12,19,18,18,13,11,11,11,11,11,13,19,16,16,15,12,12,12,12,12,12,16,13,12,12,12,12,13,13,19,18,18,17,14,14,13,13,13,13,13,13,13,13,20,14,13,13,19,18,17,14,14,14,14,14,14,14,14,21,18,16,16,15,15,14,15,15,20,19,19,18,18,17,17,17,16,15,15,15,15,15,15,15,21,21,20,19,18,17,16,16,17,20,19,19,19,18,18,17,17,19,19,18,18,17,17,17,18,19,19,18,18,18,18,18,18,18,18,19,20,18,18,18,18,18,19,20,19,19,19,19,19,20,20,19,19,20,22,21,24,21,21,21,25,24,23,22,22,25,23,22,22,22
9,14,14,5,9,7,5,3,1,0,17,16,10,7,6,3,2,2,13,10,7,7,5,11,9,7,4,3,2,10,10,5,4,4,4,14,6,5,3,3,4,14,11,5,4,3,4,13,9,7,5,4,4,4,4,4,13,8,5,4,5,10,7,7,6,6,5,5,5,5,10,7,6,6,6,6,6,6,6,7,7,6,6,7,8,7,7,7,7,8,8,8,7,7,7,7,7,7,7,8,11,8,8,8,8,9,10,9,9,9,8,8,8,8,8,18,17,17,9,9,9,9,9,18,18,17,9,9,9,9,10,10,10,10,10,10,10,20,17,11,10,10,11,11,11,11,11,12,20,19,19,13,12,11,11,11,11,13,20,17,16,16,12,12,12,12,12,12,17,14,12,12,12,12,12,12,20,19,19,18,15,14,14,14,13,13,13,13,13,13,21,14,13,13,20,19,18,15,15,14,14,14,14,14,14,21,19,16,16,16,15,14,14,15,21,20,20,19,18,18,18,17,17,16,16,15,15,15,15,15,22,21,21,19,18,18,15,16,16,21,20,20,19,19,19,17,17,19,19,19,18,18,17,17,18,20,19,19,19,18,18,18,18,18,18,19,20,18,18,18,18,18,18,21,19,19,19,19,19,20,20,19,19,20,23,21,24,21,21,21,26,24,24,23,22,25,24,23,22,22
10,2,3,12,8,10,11,13,15,17,0,1,7,9,10,13,14,18,4,7,9,10,12,6,7,9,13,14,17,7,7,12,13,13,20,4,11,12,16,18,20,4,6,13,15,16,18,5,9,11,14,15,16,17,18,18,6,11,15,16,18,9,12,13,13,14,16,17,18,19,9,13,14,15,17,17,18,18,20,14,15,17,17,20,14,15,16,17,18,21,14,15,16,16,17,18,18,19,19,21,12,15,17,18,18,22,13,14,15,16,17,18,19,19,20,8,8,9,16,17,18,18,19,9,9,9,17,18,18,20,21,21,18,19,19,20,20,10,10,18,19,20,20,21,21,22,22,24,10,10,11,14,16,17,20,20,21,25,11,12,12,12,17,20,21,21,22,23,12,16,19,20,21,22,22,22,12,12,12,13,15,16,16,17,18,19,20,20,22,22,13,17,21,22,13,14,14,17,18,18,19,22,22,23,24,14,14,16,17,17,18,21,23,24,14,15,15,15,16,16,16,16,17,18,18,19,21,22,23,23,15,15,15,16,16,16,23,24,26,16,16,16,16,17,18,25,26,18,18,18,20,20,23,25,27,19,19,20,20,22,22,24,25,26,27,28,19,23,25,25,25,26,26,20,24,25,25,26,26,21,22,25,26,27,21,23,21,23,24,24,21,21,22,23,23,22,23,24,25,25
11,2,2,11,7,9,10,13,15,16,1,0,6,9,10,13,14,18,3,6,9,9,11,6,7,9,12,13,16,6,7,12,12,13,20,3,11,12,15,17,19,4,6,13,14,15,18,5,8,11,14,15,16,17,17,18,5,10,15,16,17,9,12,12,13,14,15,17,17,18,9,13,14,14,16,17,17,18,20,14,14,16,17,19,14,14,16,16,17,21,13,15,15,16,16,17,18,18,19,21,11,15,17,17,18,21,13,14,14,16,17,18,18,19,19,8,8,8,15,16,17,18,18,9,9,9,17,17,18,19,20,21,18,18,19,19,20,10,10,18,19,19,20,20,21,21,22,23,10,10,10,13,16,17,20,20,20,24,11,12,12,12,17,20,20,21,22,22,12,15,19,20,20,21,22,22,12,12,12,13,15,15,16,16,18,19,19,20,21,22,13,16,21,22,13,13,14,17,17,18,18,21,22,22,23,14,14,16,16,17,17,20,22,24,14,15,15,15,15,16,16,16,17,18,18,18,21,21,22,23,15,15,15,15,16,16,23,23,26,16,16,16,16,17,17,24,25,18,18,18,19,20,23,25,27,18,19,19,20,21,22,24,25,25,26,28,19,23,24,25,25,25,26,20,23,24,25,25,26,21,21,25,25,26,21,23,21,23,23,24,21,21,22,23,23,22,23,24,24,25
12,5,4,5,1,3,4,7,9,10,7,6,0,3,4,7,8,12,3,1,3,3,5,1,1,3,6,7,10,2,2,6,6,7,14,4,5,6,9,11,13,4,3,7,8,9,12,4,4,6,8,9,10,11,11,12,4,5,9,10,12,5,7,7,7,8,10,11,11,12,5,7,8,9,11,11,12,12,14,9,9,11,11,14,9,9,10,11,12,15,9,10,10,11,11,12,12,13,13,15,8,10,12,12,13,15,9,9,10,11,12,13,13,13,14,10,10,9,11,11,12,13,13,10,10,10,12,12,13,14,15,15,13,14,14,14,15,12,10,13,14,14,15,15,16,16,16,18,12,12,12,11,12,13,15,15,16,19,13,11,11,11,13,15,16,16,17,17,12,12,15,15,16,16,17,17,13,13,13,12,12,13,13,13,14,15,15,15,17,17,14,13,16,17,14,14,13,14,14,14,15,17,17,18,19,15,14,14,14,14,14,16,18,19,15,15,15,14,14,14,14,14,14,15,15,15,17,17,18,18,16,16,15,15,15,15,18,19,21,16,16,15,15,16,16,20,21,17,17,17,17,17,19,20,23,17,17,17,17,18,18,20,21,21,22,23,18,20,20,21,21,21,22,18,20,21,21,22,22,19,19,21,22,23,20,20,21,21,21,21,21,21,21,21,21,22,21,22,22,22
13,7,7,2,2,1,2,4,6,7,9,9,3,0,1,4,5,9,6,3,1,1,2,3,2,1,3,5,7,3,3,3,4,4,11,7,3,4,6,9,11,7,5,5,6,7,9,6,3,4,5,6,7,8,9,9,6,4,7,8,9,5,5,5,5,6,7,8,9,10,5,6,6,7,8,9,9,10,12,7,7,9,9,11,7,7,8,9,9,13,7,8,8,9,9,10,10,11,11,13,7,8,10,10,11,13,8,8,8,9,10,11,11,11,12,12,11,11,9,10,11,11,11,12,12,11,10,11,11,12,13,13,11,12,12,12,13,14,12,12,12,13,13,13,14,14,14,16,14,14,13,10,11,11,13,13,14,17,14,12,12,12,12,13,14,14,15,15,13,12,13,14,14,15,15,15,15,14,14,13,12,12,12,12,13,13,14,14,15,15,15,13,15,15,15,15,14,13,13,13,14,15,16,16,17,16,15,14,14,14,14,15,16,17,16,16,15,15,15,15,14,14,14,14,14,15,16,16,17,17,17,17,16,15,15,15,17,18,19,17,16,16,16,16,16,18,19,17,17,17,17,17,18,19,21,17,17,17,17,17,18,19,19,20,20,22,18,19,19,19,20,20,20,18,19,20,20,20,20,19,19,20,20,21,20,20,21,20,21,21,22,21,21,21,21,22,22,22,22,22
14,8,8,2,3,1,1,3,5,6,10,10,4,1,0,3,4,8,7,4,1,1,1,5,3,2,2,3,6,4,4,2,3,3,10,8,2,3,5,7,10,8,6,4,5,6,8,7,4,3,5,5,6,7,8,8,7,4,6,7,8,5,5,5,5,5,7,7,8,9,6,5,6,6,7,8,8,9,11,6,6,8,8,10,6,7,7,8,9,12,7,7,8,8,8,9,9,10,10,12,7,8,9,9,10,12,8,8,8,9,9,10,10,11,11,13,12,12,9,9,10,10,11,13,12,12,10,10,10,11,12,12,11,11,11,12,12,14,12,11,12,12,12,13,13,13,14,15,15,14,14,11,11,11,12,13,13,16,15,13,12,12,11,13,13,13,14,14,13,12,13,13,13,14,14,15,15,15,14,14,12,12,12,12,12,13,13,13,14,15,16,13,14,15,16,15,14,13,13,13,13,15,15,16,16,17,15,14,14,14,14,15,16,17,17,16,16,15,15,15,15,15,14,14,14,14,15,16,16,16,18,17,17,16,15,15,16,17,18,17,17,16,16,16,16,18,19,17,17,17,16,17,18,18,20,17,17,17,17,17,17,18,19,19,20,21,18,18,19,19,19,19,20,18,19,19,20,20,20,19,19,20,20,21,20,20,21,20,20,20,23,22,21,21,21,22,22,21,22,22
15,11,11,2,6,3,2,1,2,3,13,13,7,4,3,0,1,5,9,7,4,3,2,7,6,4,1,1,3,7,6,2,2,2,7,11,3,2,3,5,7,10,8,3,3,4,6,10,6,4,3,4,4,5,6,6,10,5,4,5,6,7,5,5,4,4,5,5,6,7,7,5,5,5,6,6,6,7,8,5,6,6,6,8,6,6,6,6,7,9,7,7,7,7,7,7,8,8,8,10,8,7,8,8,8,10,8,8,8,8,8,8,9,9,9,15,14,14,8,8,9,9,9,15,15,14,9,9,9,10,10,11,10,10,10,10,11,16,14,10,10,11,11,11,11,12,12,13,17,16,16,11,10,10,11,11,12,14,17,14,14,13,11,12,12,12,13,13,15,12,12,12,12,13,13,13,17,16,16,15,13,13,12,12,12,12,12,12,13,13,18,13,13,14,18,16,16,13,13,13,13,14,14,14,15,19,16,14,14,14,14,14,15,15,18,17,17,17,16,16,16,15,15,14,14,14,14,15,15,15,20,19,18,17,16,16,15,16,17,18,18,17,17,17,17,17,17,18,17,17,17,17,17,17,19,18,17,17,17,17,17,17,18,18,18,19,18,18,18,18,18,18,19,19,18,18,19,19,19,19,19,19,19,20,21,20,22,20,20,20,24,22,22,21,21,23,22,22,21,21
16,12,12,3,7,4,3,1,1,2,14,14,8,5,4,1,0,4,10,8,5,4,3,8,7,5,2,1,2,8,7,3,2,2,6,12,4,3,2,4,6,11,9,3,3,3,5,11,7,5,3,3,4,4,5,5,11,6,4,4,5,7,5,5,5,4,5,5,5,6,8,5,5,5,5,5,6,6,7,6,6,6,6,7,6,6,6,6,6,9,7,7,7,7,7,7,7,7,8,9,9,7,7,7,8,9,8,8,8,8,8,8,8,8,9,16,15,15,8,8,8,9,9,16,15,15,9,9,9,9,10,10,9,10,10,10,10,17,15,10,10,10,10,11,11,11,11,12,18,17,17,12,11,10,11,11,11,13,18,15,14,14,11,11,11,12,12,12,15,12,12,12,12,12,12,13,18,17,17,16,13,13,13,12,12,12,12,12,13,13,19,13,13,13,18,17,16,14,13,13,13,13,14,14,14,19,17,15,15,14,14,14,14,15,19,18,18,17,17,16,16,16,15,15,15,14,14,14,15,15,20,20,19,18,17,16,15,15,16,19,18,18,18,17,17,17,17,18,18,18,17,17,17,17,18,18,18,18,17,17,17,17,17,18,18,19,19,18,18,18,18,18,18,19,18,18,18,19,19,19,19,19,19,20,21,20,23,21,20,20,24,23,22,21,21,24,22,22,22,22
17,16,15,7,10,8,7,5,3,2,18,18,12,9,8,5,4,0,14,12,9,8,7,12,11,9,6,5,2,12,11,6,6,5,3,16,7,6,4,2,3,15,13,6,5,4,3,15,10,8,6,5,4,3,3,3,14,9,5,4,4,11,8,7,7,6,5,5,5,4,12,8,7,7,5,5,5,5,5,7,7,6,6,6,8,8,7,7,6,6,9,8,8,7,7,7,7,7,7,7,11,9,7,7,7,7,11,10,9,9,8,8,8,8,8,19,18,18,10,9,9,8,8,19,19,18,9,9,9,9,9,9,10,9,9,9,9,21,18,10,10,10,10,10,10,10,10,10,21,20,20,14,12,11,11,10,10,11,21,18,17,17,12,11,11,11,11,11,18,14,12,12,12,12,12,12,21,20,20,18,15,15,14,14,13,13,12,12,12,12,22,15,13,13,21,20,19,15,15,15,14,13,13,13,13,22,19,17,16,16,15,14,14,14,22,21,20,19,19,18,18,18,17,16,16,16,15,14,14,14,23,22,21,20,19,18,15,15,15,21,21,20,20,19,19,16,16,20,20,19,18,18,17,17,17,20,19,19,19,18,18,17,17,17,17,18,20,18,18,18,18,18,18,21,18,18,18,18,18,20,20,19,19,19,23,21,25,21,21,21,27,25,24,23,22,25,24,23,22,22
18,2,2,8,4,6,7,9,12,13,4,3,3,6,7,9,10,14,0,3,6,6,8,2,3,6,9,10,13,3,3,8,9,9,17,2,7,8,12,14,16,2,3,10,11,12,14,3,5,8,10,11,12,13,14,15,3,7,11,13,14,6,9,9,10,11,12,13,14,15,6,9,10,11,13,13,14,14,17,11,11,13,14,16,10,11,12,13,14,17,10,12,12,13,13,14,15,15,16,18,9,11,14,14,15,18,10,11,11,13,14,15,15,15,16,8,8,8,12,13,14,15,15,9,9,8,14,14,15,16,17,17,15,15,16,16,17,10,9,15,16,16,17,17,18,18,18,20,11,10,10,11,13,14,16,17,17,21,11,10,11,11,14,17,17,18,19,19,11,13,16,17,17,18,18,19,12,12,12,12,13,13,14,14,15,16,16,17,18,19,13,14,18,19,13,13,13,15,15,15,16,18,19,20,20,14,13,14,14,15,15,18,19,21,14,14,14,14,14,14,14,14,15,15,16,16,18,19,19,20,15,14,14,14,15,15,20,21,23,15,15,15,15,16,16,21,23,16,16,17,17,18,20,22,24,17,17,18,18,19,19,21,22,23,23,25,17,21,22,22,22,23,23,18,21,22,22,23,23,19,20,22,23,24,19,21,20,21,21,22,20,20,20,21,21,21,21,22,22,23
19,5,4,5,2,3,5,7,9,10,7,6,1,3,4,7,8,12,3,0,3,3,5,1,1,3,6,7,10,1,1,6,6,7,14,4,5,6,9,11,13,4,2,7,8,9,12,4,3,5,8,9,10,11,11,12,4,5,9,10,11,4,6,7,7,8,10,11,11,12,5,7,8,8,10,11,11,12,14,8,9,11,11,14,8,9,10,10,11,15,8,9,10,10,11,12,12,13,13,15,7,9,11,12,12,15,8,9,9,11,11,12,13,13,14,10,9,9,10,11,12,13,13,10,10,9,12,12,12,14,15,15,13,13,14,14,15,11,10,13,14,14,14,15,15,16,16,18,12,12,11,10,12,12,14,15,15,19,12,11,11,11,12,15,15,16,16,17,11,12,14,15,15,16,16,17,13,12,12,12,12,12,12,13,13,14,15,15,16,17,14,13,16,17,14,13,13,13,14,14,14,16,17,18,18,15,13,13,13,14,14,16,18,19,15,14,14,14,14,14,14,14,14,14,15,15,16,17,18,18,16,15,15,14,14,14,18,19,21,15,15,15,15,15,15,20,21,16,16,16,16,17,19,20,22,17,17,17,17,18,18,20,20,21,21,23,17,19,20,20,21,21,22,18,20,20,21,21,21,19,19,21,21,22,19,20,20,20,21,21,21,20,20,21,21,21,21,21,22,22
20,7,7,3,2,1,2,4,6,7,9,9,3,1,1,4,5,9,6,3,0,1,2,3,2,1,3,4,7,3,2,3,3,4,11,7,2,3,6,8,11,6,4,4,5,6,9,6,3,3,5,6,7,8,9,9,6,3,6,7,9,4,4,5,5,6,7,8,9,10,5,5,6,6,8,8,9,9,11,6,7,8,9,11,6,7,8,8,9,12,7,7,8,8,9,9,10,10,11,13,7,8,9,10,10,13,7,8,8,9,9,10,11,11,11,12,11,11,9,9,10,11,11,12,11,11,10,10,11,12,12,13,11,11,12,12,12,13,11,11,12,12,12,13,13,14,14,15,14,13,13,10,10,11,13,13,13,16,14,12,11,11,11,13,13,14,14,15,12,11,13,13,13,14,14,15,14,14,13,13,12,12,12,12,12,13,13,13,15,15,15,12,14,15,15,14,13,13,13,13,13,15,15,16,16,16,14,13,13,13,13,15,16,17,16,15,15,14,14,14,14,14,14,14,14,14,15,15,16,16,17,16,16,15,15,14,17,17,19,16,16,15,15,16,15,18,19,16,16,16,16,16,17,18,20,17,16,17,17,17,17,18,19,19,20,21,17,18,19,19,19,19,20,18,19,19,19,20,20,18,18,20,20,21,19,19,21,20,20,20,22,21,21,20,20,21,21,21,21,21
21,8,7,2,2,1,2,3,6,7,10,9,3,1,1,3,4,8,6,3,1,0,2,4,3,1,3,4,7,3,3,2,3,3,11,7,2,3,6,8,10,7,5,4,5,6,9,7,3,3,5,6,7,8,8,9,6,3,6,7,8,4,4,4,5,5,7,8,8,9,5,5,5,6,7,8,8,9,11,6,6,8,8,11,6,6,7,8,9,12,6,7,7,8,8,9,9,10,10,12,7,7,9,9,10,12,7,7,8,8,9,10,10,11,11,12,11,11,8,9,10,10,11,12,12,11,10,10,10,11,12,12,11,11,11,12,12,14,11,11,11,12,12,12,13,13,14,15,14,14,13,10,10,11,12,13,13,16,14,12,12,11,11,13,13,13,14,14,12,11,12,13,13,14,14,14,15,14,14,13,12,12,12,12,12,13,13,13,14,15,15,12,14,15,15,14,14,13,13,13,13,15,15,15,16,16,14,13,13,13,13,14,16,16,16,15,15,15,14,14,14,14,14,14,14,14,15,15,16,16,17,17,16,15,15,15,16,17,18,16,16,16,15,16,16,18,19,16,16,16,16,16,17,18,20,17,17,16,17,17,17,18,18,19,20,21,17,18,18,19,19,19,20,18,18,19,19,19,20,18,18,20,20,21,20,19,21,20,20,20,22,21,21,20,20,22,21,21,21,21
22,9,9,2,4,2,1,2,4,5,12,11,5,2,1,2,3,7,8,5,2,2,0,6,4,2,1,2,5,5,5,1,2,2,9,9,2,2,4,6,8,9,6,3,4,4,7,8,4,3,4,4,5,6,7,7,8,4,5,5,7,5,4,4,4,4,5,6,7,8,6,4,5,5,6,7,7,7,9,5,5,7,7,9,6,6,6,7,7,10,6,6,7,7,7,8,8,9,9,11,7,7,8,8,9,11,7,7,7,8,8,9,9,9,10,13,13,12,8,8,9,9,9,13,13,12,9,9,9,10,11,11,10,10,10,11,11,15,12,10,11,11,11,11,12,12,12,14,15,15,14,10,10,10,11,12,12,15,15,13,12,12,11,12,12,12,13,13,13,11,12,12,12,13,13,13,16,15,15,14,12,12,12,12,12,12,12,12,13,14,16,12,13,14,16,15,14,13,13,13,13,14,14,15,15,17,15,13,13,13,13,14,15,16,17,16,16,15,15,15,14,14,14,14,14,14,14,15,15,15,18,17,17,16,15,15,16,16,17,17,16,16,16,16,16,17,18,17,16,16,16,16,17,17,19,17,17,17,17,17,17,17,18,18,19,20,17,17,18,18,18,18,19,18,18,18,19,19,19,18,18,19,19,20,20,19,21,20,20,20,23,21,21,20,20,22,21,21,21,21
23,4,4,6,2,4,5,7,9,11,6,6,1,3,5,7,8,12,2,1,3,4,6,0,1,3,7,8,10,1,1,6,7,7,14,3,5,6,9,12,14,3,2,7,8,9,12,3,3,5,8,9,10,11,12,12,3,5,9,10,12,4,6,7,7,8,10,11,11,13,4,7,8,9,11,11,12,12,14,8,9,11,11,14,8,9,10,11,12,15,8,9,10,10,11,12,12,13,13,15,7,9,12,12,13,16,8,9,9,11,11,12,13,13,14,9,8,8,10,11,12,13,13,9,9,9,12,12,13,14,15,15,13,13,14,14,15,11,9,13,14,14,15,15,15,16,16,18,11,11,11,10,11,12,14,15,15,19,11,10,10,10,12,15,15,16,16,17,11,11,14,15,15,16,16,17,12,12,11,11,11,12,12,12,13,14,14,15,16,17,13,13,16,17,13,12,12,13,13,14,14,16,17,18,18,14,13,13,13,13,14,16,18,19,14,13,13,13,13,13,13,13,13,14,14,15,16,17,18,18,15,14,14,14,14,14,18,19,21,15,14,14,14,15,15,20,21,15,15,16,16,16,19,20,22,16,16,16,17,17,18,19,20,21,21,23,17,19,20,20,20,21,21,17,19,20,21,21,21,18,18,21,21,22,19,19,19,20,20,20,20,20,20,20,20,20,20,21,21,21
24,5,5,5,2,3,4,6,8,9,7,7,1,2,3,6,7,11,3,1,2,3,4,1,0,2,5,7,9,1,1,5,6,6,13,5,4,5,8,11,13,4,2,6,7,8,11,4,2,4,7,8,9,10,11,11,4,4,8,9,11,3,5,6,6,7,9,10,10,11,4,6,7,8,10,10,11,11,13,7,8,10,10,13,7,8,9,10,11,14,7,9,9,9,10,11,11,12,12,14,6,9,11,11,12,15,8,8,9,10,11,11,12,12,13,10,9,9,9,10,11,12,12,10,9,9,11,11,12,13,14,14,12,12,13,13,14,11,10,12,13,13,14,14,15,15,15,17,12,11,11,9,11,11,14,14,14,18,12,10,10,10,12,14,14,15,16,16,11,11,13,14,14,15,16,16,13,12,12,11,11,11,12,12,13,13,14,14,16,16,13,12,15,16,13,13,12,13,13,13,14,16,16,17,18,14,13,13,13,13,13,15,17,18,14,14,14,13,13,13,13,13,13,14,14,14,16,16,17,17,15,15,14,14,14,14,17,18,20,15,15,14,14,15,15,19,20,15,15,15,16,16,18,19,21,16,16,16,16,17,17,19,19,20,21,22,17,18,19,20,20,20,21,17,19,19,20,20,21,18,18,20,20,22,19,19,20,20,20,20,21,20,20,20,20,21,20,21,21,21
25,7,7,3,2,2,2,4,6,7,9,9,3,1,2,4,5,9,6,3,1,1,2,3,2,0,3,4,7,3,2,3,3,4,11,7,2,3,6,8,11,6,4,4,5,6,9,6,2,3,5,6,7,8,9,9,6,3,6,7,9,3,4,4,5,5,7,8,8,9,4,5,5,6,8,8,9,9,11,6,6,8,8,11,6,6,7,8,9,12,6,7,7,8,8,9,9,10,10,12,6,7,9,9,10,13,7,7,7,8,9,10,10,11,11,11,11,10,8,9,10,10,11,11,11,11,9,10,10,11,12,13,11,11,11,12,12,13,11,11,11,12,12,12,13,13,14,15,13,13,12,9,10,10,12,12,13,16,13,11,11,11,11,13,13,13,14,14,12,11,12,13,13,14,14,14,14,13,13,12,11,11,11,11,12,12,13,13,14,14,15,12,14,15,14,14,13,12,12,12,13,14,15,15,16,15,14,13,13,13,13,14,15,16,15,15,14,14,14,13,13,13,13,13,13,13,15,15,16,16,16,16,15,14,14,14,16,17,18,16,15,15,15,15,15,18,18,16,15,15,15,16,17,18,20,16,16,16,16,16,17,18,18,19,19,21,17,18,18,18,19,19,20,17,18,18,19,19,19,18,18,19,19,20,19,19,20,19,19,20,21,20,20,20,20,21,20,20,21,21
26,11,10,2,5,3,2,2,3,4,13,12,6,3,2,1,2,6,9,6,3,3,1,7,5,3,0,1,4,6,6,1,1,1,8,10,2,1,3,5,7,9,7,2,2,3,6,9,5,3,2,3,4,5,5,6,9,4,4,4,6,5,3,3,3,3,4,5,5,6,6,4,4,4,5,5,6,6,8,4,5,5,6,8,5,5,5,6,6,9,6,6,6,6,6,7,7,7,8,9,7,6,7,7,7,10,7,7,7,7,7,8,8,8,9,14,13,13,7,7,8,8,8,14,13,13,8,8,8,9,10,10,9,9,9,10,10,15,13,9,10,10,10,10,11,11,11,12,16,15,15,10,9,9,10,11,11,14,16,13,13,12,10,11,11,11,12,12,13,11,11,11,11,12,12,12,16,15,15,14,11,11,11,11,11,11,11,11,12,13,17,12,12,13,16,15,14,12,12,12,12,13,13,14,14,18,15,13,13,13,13,13,14,15,17,16,16,15,15,15,14,14,14,13,13,13,13,14,14,14,18,18,17,16,15,15,15,15,16,17,17,16,16,16,16,16,17,16,16,16,16,15,16,17,18,17,16,16,16,16,16,17,17,17,18,19,17,17,17,17,17,18,18,18,17,17,18,18,18,18,18,18,18,19,20,19,21,19,19,19,23,21,21,20,20,22,21,20,20,20
27,12,11,3,6,4,3,2,2,3,14,13,7,5,3,1,1,5,10,7,4,4,2,8,7,4,1,0,3,7,7,2,1,1,7,11,3,2,2,4,6,11,8,2,2,2,5,10,6,4,2,2,3,4,4,5,10,5,3,4,5,6,4,4,3,3,4,4,5,5,7,4,4,4,4,5,5,5,7,4,4,5,5,7,5,5,5,5,6,8,6,5,6,6,6,6,6,7,7,9,7,6,6,7,7,9,7,7,7,7,7,7,7,8,8,15,14,14,7,7,7,8,8,15,14,14,8,8,8,9,9,9,9,9,9,9,9,16,14,9,9,9,10,10,10,10,11,12,17,16,16,11,9,9,10,10,10,13,16,14,13,13,10,10,11,11,11,12,14,11,11,11,11,11,12,12,17,16,16,14,12,12,11,11,11,11,11,11,12,12,18,12,12,12,17,16,15,12,12,12,12,13,13,13,14,18,16,14,13,13,13,13,13,14,18,17,16,16,15,15,15,15,14,13,13,13,13,13,14,14,19,18,18,16,15,15,14,15,16,18,17,17,17,16,16,16,16,17,17,16,16,16,16,16,17,17,17,16,16,16,16,16,17,17,17,18,18,17,17,17,17,17,18,18,17,17,17,18,18,18,18,18,18,19,20,19,22,19,19,19,23,22,21,20,20,22,21,21,20,20
28,14,14,5,9,7,6,4,2,2,17,16,10,7,6,3,2,2,13,10,7,7,5,10,9,7,4,3,0,10,9,4,4,3,4,14,6,5,2,2,3,13,11,4,3,2,2,13,9,6,4,3,2,2,2,3,12,7,3,3,3,9,6,5,5,4,3,3,3,4,10,6,5,5,4,4,4,4,5,5,5,4,4,5,6,6,5,5,5,6,7,6,6,6,6,5,6,6,6,7,9,7,6,6,6,7,9,8,8,7,7,7,7,7,7,17,16,16,8,7,7,7,7,17,17,16,8,8,8,8,8,8,8,8,8,8,8,19,16,9,9,9,9,9,9,9,9,10,19,18,18,12,10,10,9,9,9,11,19,16,15,15,10,10,10,10,10,10,16,12,11,10,10,11,11,11,19,18,18,16,13,13,12,12,11,11,11,11,11,11,20,13,12,12,19,18,17,13,13,13,13,12,12,12,13,20,18,15,15,14,14,13,13,13,20,19,18,18,17,16,16,16,15,14,14,14,13,13,13,13,21,20,19,18,17,17,14,14,15,19,19,18,18,18,17,15,15,18,18,17,17,16,15,16,16,18,17,17,17,16,16,16,16,16,16,17,19,17,17,17,17,17,17,19,17,17,17,17,17,19,18,18,18,18,21,19,23,20,20,20,25,23,22,21,21,24,22,21,21,21
29,5,5,6,2,4,5,7,9,10,7,6,2,3,4,7,8,12,3,1,3,3,5,1,1,3,6,7,10,0,1,5,6,7,14,4,4,6,9,11,13,3,2,7,8,9,12,3,2,5,7,8,9,11,11,12,3,4,9,10,11,3,6,6,7,8,9,10,11,12,3,6,7,8,10,10,11,11,14,8,8,10,11,13,7,8,9,10,11,14,7,9,9,10,10,11,12,12,13,15,6,9,11,11,12,15,7,8,9,10,11,12,12,13,13,9,8,8,9,10,11,12,12,9,9,8,11,11,12,13,14,15,12,13,13,13,14,11,9,12,13,13,14,14,15,15,16,17,11,11,10,9,11,11,14,14,15,18,11,10,9,9,11,14,14,15,16,16,10,11,13,14,14,15,16,16,12,11,11,11,11,11,11,12,12,13,14,14,16,16,13,12,15,16,13,12,12,12,13,13,13,16,16,17,18,14,12,12,12,13,13,15,17,18,14,13,13,13,13,13,13,13,13,13,14,14,15,16,17,17,15,14,14,13,13,13,17,18,20,14,14,14,14,14,14,19,20,15,15,15,15,16,18,19,21,15,16,16,16,17,17,19,19,20,21,22,16,18,19,19,20,20,21,17,19,19,20,20,20,17,18,20,20,21,18,19,19,19,19,20,20,19,19,19,20,20,20,20,21,21
30,6,5,5,2,4,4,6,9,10,7,7,2,3,4,6,7,11,3,1,2,3,5,1,1,2,6,7,9,1,0,5,5,6,13,4,4,5,8,10,13,4,2,6,7,8,11,4,2,4,7,8,9,10,11,11,4,4,8,9,11,3,5,6,6,7,9,10,10,11,3,6,7,7,9,10,10,11,13,7,8,10,10,13,7,7,9,9,10,14,7,8,9,9,10,11,11,12,12,14,6,8,10,11,11,14,7,8,8,9,10,11,12,12,13,9,9,8,9,10,11,11,12,9,9,9,11,11,11,13,14,14,12,12,13,13,13,11,9,12,12,13,13,14,14,15,15,17,11,11,11,9,10,11,13,14,14,18,11,10,10,9,11,14,14,14,15,16,10,10,13,14,14,15,15,16,12,12,11,11,11,11,11,11,12,13,13,14,15,16,13,12,15,16,13,12,12,12,12,13,13,15,16,16,17,14,12,12,12,13,13,15,16,18,14,13,13,13,13,13,13,13,13,13,13,14,15,16,16,17,15,14,14,13,13,13,17,18,19,14,14,14,14,14,14,18,19,15,15,15,15,15,18,19,21,15,16,16,16,17,17,18,19,20,20,22,16,18,19,19,19,20,20,17,18,19,20,20,20,17,17,20,20,21,18,19,19,19,19,19,20,19,19,19,20,20,20,20,20,21
31,10,10,3,5,3,2,2,4,5,12,12,6,3,2,2,3,6,8,6,3,2,1,6,5,3,1,2,4,5,5,0,1,1,8,9,1,1,3,6,8,9,7,2,2,3,6,8,4,2,2,3,4,5,6,6,8,3,4,4,6,5,3,3,3,3,4,5,6,7,5,3,3,4,5,5,6,6,8,4,4,5,6,8,4,5,5,5,6,9,5,5,5,6,6,7,7,7,8,10,6,6,7,7,7,10,6,6,6,6,7,7,8,8,9,13,12,12,7,7,8,8,8,13,13,12,8,8,8,9,10,10,9,9,9,9,10,15,12,9,9,10,10,10,11,11,11,12,15,15,14,9,9,9,10,10,11,14,15,12,12,11,9,11,11,11,12,12,13,10,10,11,11,12,12,12,15,14,14,13,11,11,11,10,11,11,11,11,12,12,16,11,12,13,16,15,14,12,12,12,12,13,13,13,14,17,14,13,12,12,12,13,14,14,16,15,15,15,14,14,14,13,13,13,13,13,13,13,14,14,18,17,16,15,14,14,14,15,16,16,16,15,15,15,15,16,17,16,15,15,15,15,15,16,18,16,16,16,15,15,15,16,17,17,17,19,17,16,17,17,17,17,18,17,17,17,17,18,18,17,17,18,18,19,19,18,20,19,19,19,22,21,20,19,19,21,20,20,20,20
32,11,10,3,5,4,3,2,4,4,13,12,6,4,3,2,2,6,9,6,3,3,2,7,6,3,1,1,4,6,5,1,0,1,8,10,2,1,3,5,7,9,7,1,2,3,6,9,5,2,2,3,4,5,5,6,9,4,3,4,5,5,3,3,3,3,4,5,5,6,6,3,3,3,5,5,5,6,8,4,4,5,5,8,4,4,5,5,6,9,5,5,5,5,6,6,7,7,7,9,6,6,6,7,7,9,6,6,6,6,7,7,7,8,8,14,13,12,7,7,7,8,8,14,13,13,7,8,8,9,9,10,8,9,9,9,9,15,12,9,9,9,10,10,10,11,11,12,15,15,15,10,9,9,10,10,10,13,15,12,12,12,9,10,11,11,11,12,13,10,10,11,11,11,12,12,16,15,14,13,11,11,11,11,10,11,11,11,12,12,16,11,12,12,16,15,14,12,12,12,12,12,13,13,14,17,15,13,13,12,12,12,13,14,17,16,15,15,14,14,14,14,13,13,13,13,13,13,14,14,18,17,16,15,15,14,14,15,16,17,16,16,15,15,15,16,16,16,16,15,15,15,15,16,18,16,16,16,16,15,15,16,16,17,17,18,17,16,17,17,17,17,17,17,17,17,17,17,18,17,17,18,18,19,19,18,21,19,19,19,22,21,20,20,19,21,20,20,20,20
33,11,11,3,6,4,3,2,3,4,13,13,7,4,3,2,2,5,9,7,4,3,2,7,6,4,1,1,3,7,6,1,1,0,7,10,2,1,2,4,7,10,8,1,2,2,5,9,5,3,2,2,3,4,5,5,9,4,3,4,5,6,3,3,3,3,4,4,5,6,6,3,3,3,4,5,5,6,7,4,4,5,5,7,4,4,5,5,5,8,5,5,5,5,5,6,6,7,7,9,7,5,6,6,7,9,6,6,6,6,6,7,7,7,8,14,13,13,7,7,7,7,8,14,14,13,7,7,8,8,9,9,8,8,9,9,9,16,13,9,9,9,9,10,10,10,11,12,16,15,15,10,9,9,10,10,10,13,16,13,12,12,9,10,10,11,11,11,13,10,10,10,11,11,11,12,16,15,15,14,11,11,11,11,10,11,11,11,12,12,17,11,12,12,16,15,14,12,12,12,12,12,12,13,13,18,15,13,13,12,12,12,13,14,17,16,16,15,15,14,14,14,13,13,13,13,13,13,13,14,18,18,17,16,15,15,14,14,16,17,16,16,16,16,15,15,16,16,16,16,15,15,15,16,17,16,16,16,16,15,15,16,16,17,17,18,17,16,16,17,17,17,17,17,17,17,17,17,17,17,17,17,18,18,19,18,21,19,19,19,22,21,21,20,19,22,21,20,20,20
34,18,18,9,13,11,10,7,5,4,20,20,14,11,10,7,6,3,17,14,11,11,9,14,13,11,8,7,4,14,13,8,8,7,0,18,9,8,5,3,1,17,15,7,6,5,2,17,12,9,7,6,5,4,3,3,16,11,6,5,4,12,9,9,8,7,6,5,4,4,13,9,8,7,6,5,5,4,3,8,8,6,5,4,9,8,7,7,6,4,10,8,8,7,7,6,6,6,5,5,12,9,7,7,6,5,11,10,10,9,8,7,7,7,6,21,20,19,10,9,8,8,7,21,20,20,9,9,8,8,7,7,9,9,8,8,8,22,19,10,9,9,9,9,8,8,8,8,22,22,21,15,12,11,9,9,9,9,22,18,18,18,12,10,10,10,9,9,19,14,11,11,10,10,10,10,22,21,20,19,15,15,14,14,13,12,12,11,11,11,23,14,11,11,22,21,19,15,15,14,14,12,12,12,12,23,20,17,16,16,15,13,12,12,23,21,21,20,19,19,18,18,17,16,15,15,14,13,13,13,24,23,22,20,19,19,13,13,13,22,21,21,20,19,19,14,14,20,20,19,18,17,15,15,15,20,19,19,18,17,17,16,16,15,15,16,20,17,16,16,16,16,16,21,17,17,17,17,17,20,19,17,17,18,23,20,25,21,20,20,27,25,24,22,22,25,23,22,21,21
35,3,3,9,6,8,9,11,13,14,4,3,4,7,8,11,12,16,2,4,7,7,9,3,5,7,10,11,14,4,4,9,10,10,18,0,8,9,13,15,17,1,3,10,12,13,15,2,6,8,11,12,13,14,15,15,2,7,12,13,15,6,9,10,10,11,13,14,14,16,6,10,11,11,13,14,15,15,17,11,11,14,14,17,11,11,13,13,14,18,10,12,12,13,13,14,15,15,16,18,8,12,14,15,15,18,10,11,11,13,14,15,15,16,16,6,6,6,12,13,15,15,16,7,7,7,14,14,15,16,17,18,15,15,16,16,17,8,8,15,16,16,17,17,18,18,19,20,9,9,8,10,13,14,17,17,17,21,9,9,9,9,14,17,17,18,19,19,9,12,16,17,17,18,18,19,10,10,10,10,12,12,13,13,14,16,16,16,18,19,11,13,18,19,11,11,11,14,14,14,15,18,18,19,20,12,12,13,13,14,14,17,19,21,12,12,12,12,13,13,13,13,14,15,15,15,18,18,19,20,13,13,13,13,13,13,20,20,23,13,13,13,13,14,15,21,22,15,15,15,16,17,20,21,24,16,16,16,17,18,18,21,21,22,23,25,16,20,21,21,22,22,23,17,20,21,22,22,23,18,18,22,22,23,18,20,18,20,20,21,19,19,19,20,20,19,20,21,21,22
36,9,9,3,4,3,3,4,5,6,11,11,5,3,2,3,4,7,7,5,2,2,2,5,4,2,2,3,6,4,4,1,2,2,9,8,0,1,4,7,9,8,6,2,3,4,7,7,3,1,3,4,5,6,7,7,7,2,4,5,7,4,2,2,3,4,5,6,6,7,4,3,4,4,6,6,7,7,9,4,4,6,6,9,4,4,5,6,7,10,5,5,5,6,6,7,7,8,8,10,5,5,7,7,8,11,5,6,6,6,7,8,8,9,9,12,11,11,6,7,8,8,9,12,11,11,8,8,8,9,10,11,9,9,9,10,10,13,11,9,9,10,10,11,11,11,12,13,14,13,13,9,8,9,10,11,11,14,14,11,11,10,9,11,11,11,12,12,11,9,10,11,11,12,12,12,14,13,13,12,10,10,10,10,10,11,11,11,12,13,15,10,12,13,14,13,13,11,11,11,11,13,13,13,14,16,13,12,12,12,12,12,14,15,15,14,14,14,13,13,13,13,12,12,12,12,13,13,14,14,16,16,15,14,13,13,14,15,16,15,15,15,14,14,14,16,17,15,15,15,14,14,15,16,18,15,15,15,15,15,15,16,16,17,18,19,16,16,17,17,17,17,18,16,17,17,17,17,18,17,16,18,18,19,18,18,20,18,18,18,21,20,19,19,19,20,20,19,19,19
37,10,10,3,5,4,3,3,4,5,12,12,6,4,3,2,3,6,8,6,3,3,2,6,5,3,1,2,5,6,5,1,1,1,8,9,1,0,3,6,8,9,7,1,2,3,6,8,4,2,2,3,4,5,6,6,8,3,3,4,6,4,2,2,2,3,4,5,5,6,5,3,3,3,5,5,6,6,8,3,4,5,5,8,4,4,5,5,6,9,4,5,5,5,5,6,7,7,7,9,6,5,6,7,7,10,6,5,6,6,6,7,7,8,8,13,12,12,6,6,7,7,8,13,12,12,7,7,8,9,9,10,8,8,9,9,9,14,12,8,9,9,9,10,10,11,11,12,15,14,14,9,8,8,10,10,10,13,15,12,11,11,9,10,10,11,11,12,12,9,10,10,11,11,11,12,15,14,14,13,10,10,10,10,10,10,10,11,12,12,16,11,12,12,15,14,13,11,11,11,11,12,12,13,13,16,14,12,12,12,12,12,13,14,16,15,15,14,14,13,13,13,13,12,12,12,13,13,13,14,17,16,16,15,14,14,14,14,16,16,15,15,15,15,14,15,16,15,15,15,14,14,15,16,17,15,15,15,15,15,15,16,16,16,17,18,16,16,16,16,17,17,17,17,16,17,17,17,17,17,17,17,17,18,18,18,20,18,18,18,21,20,20,19,19,21,20,19,19,19
38,14,13,5,8,6,5,4,3,3,16,15,9,6,5,3,2,4,12,9,6,6,4,9,8,6,3,2,2,9,8,3,3,2,5,13,4,3,0,2,4,12,10,2,1,1,3,12,7,5,2,1,1,2,2,3,11,6,2,2,3,7,4,4,4,3,2,2,3,4,8,4,4,3,3,3,3,4,5,4,4,3,3,5,5,4,4,4,4,6,5,5,5,4,4,5,5,5,5,7,8,5,5,5,5,7,7,6,6,6,5,6,6,6,6,16,15,15,6,6,6,6,6,16,15,15,7,7,7,7,7,8,7,7,7,7,8,17,14,8,8,8,8,8,8,9,9,10,17,17,17,11,9,8,8,9,9,11,17,14,14,13,9,9,9,9,10,10,14,11,9,9,9,10,10,10,17,16,16,15,12,11,11,11,10,10,10,10,10,10,18,11,11,11,18,16,15,12,12,11,11,11,11,11,12,19,16,13,13,13,12,12,12,12,18,17,17,16,15,15,15,14,14,13,13,13,12,12,12,12,20,19,18,16,15,15,13,13,14,18,17,17,16,16,16,14,15,17,16,16,15,15,14,15,16,17,16,16,16,15,15,15,15,15,16,16,17,15,15,16,16,16,16,18,16,16,16,16,16,17,17,17,17,17,20,18,22,19,18,18,23,21,21,20,19,22,21,20,20,19
39,16,15,7,10,8,7,5,4,3,18,17,11,9,7,5,4,2,14,11,8,8,6,12,11,8,5,4,2,11,10,6,5,4,3,15,7,6,2,0,2,14,12,4,3,2,1,14,9,7,4,3,2,1,1,1,13,8,3,2,2,10,6,6,5,4,3,2,2,2,10,6,5,5,3,3,3,3,4,6,5,4,3,4,6,6,5,4,4,5,7,6,5,5,5,5,4,4,4,5,10,7,5,5,5,6,9,8,7,6,6,6,6,5,6,18,17,17,7,7,6,6,6,18,17,17,7,7,7,7,7,7,7,7,7,7,7,19,16,8,8,8,8,8,8,8,8,9,19,19,18,12,10,9,8,8,8,10,19,16,15,15,10,9,9,9,9,9,16,12,10,9,9,9,9,9,19,18,18,16,13,13,12,12,11,10,10,10,10,10,20,12,10,10,19,18,17,13,13,12,12,11,11,11,11,21,18,15,14,14,13,12,12,12,20,19,18,18,17,16,16,16,15,14,14,13,12,12,12,12,21,20,20,18,17,16,13,13,13,19,19,18,18,17,17,14,14,18,17,17,16,16,14,14,15,18,17,17,16,15,15,15,15,15,15,16,18,16,15,15,15,15,16,19,16,16,16,16,16,18,18,17,16,17,21,19,23,19,19,19,25,23,22,20,20,23,22,20,20,20
40,18,17,9,12,10,9,7,5,4,20,19,13,11,10,7,6,3,16,13,11,10,8,14,13,11,7,6,3,13,13,8,7,7,1,17,9,8,4,2,0,17,14,7,6,4,2,16,12,9,6,5,4,3,2,2,15,10,5,4,3,12,9,8,7,6,5,4,4,3,12,8,7,7,5,4,4,4,3,7,7,5,5,3,8,8,6,6,5,4,9,7,7,7,6,5,5,5,5,4,12,8,6,6,6,5,10,9,9,8,7,6,6,6,6,20,19,19,9,8,7,7,7,20,19,19,8,8,8,7,7,7,8,8,8,7,7,21,18,9,8,8,8,8,8,8,8,8,21,21,20,14,11,10,9,9,8,9,21,18,17,17,11,9,9,9,9,9,18,13,10,10,10,9,9,9,21,20,20,18,14,14,13,13,12,11,11,11,10,10,22,14,11,11,21,20,18,14,14,13,13,11,11,11,11,22,19,16,16,15,15,12,12,12,22,20,20,19,18,18,18,17,16,15,15,14,13,13,12,12,23,22,21,20,18,18,13,13,13,21,20,20,19,19,18,14,14,19,19,18,17,17,15,14,14,19,18,18,18,16,16,15,15,15,15,15,20,16,16,16,15,15,15,20,17,16,16,16,16,19,19,17,17,17,22,19,24,20,20,20,26,24,23,21,21,25,23,21,21,21
41,4,4,9,6,7,8,10,13,14,4,4,4,7,8,10,11,15,2,4,6,7,9,3,4,6,9,11,13,3,4,9,9,10,17,1,8,9,12,14,17,0,2,10,11,12,15,1,5,8,10,12,13,14,14,15,2,7,12,13,14,5,8,9,9,11,12,13,14,15,5,9,10,11,13,13,14,14,17,10,11,13,13,16,10,10,12,13,14,17,10,11,12,12,13,14,14,15,15,17,7,11,13,14,14,18,9,10,11,12,13,14,15,15,16,6,6,6,11,12,14,14,15,6,6,6,13,14,14,16,17,17,14,15,15,16,16,8,7,14,15,15,16,16,17,17,18,20,8,8,8,9,12,13,16,16,17,21,9,8,8,9,13,16,17,17,18,18,9,11,15,16,16,17,18,18,10,9,9,9,11,11,12,12,14,15,15,16,18,18,10,13,17,18,11,10,11,13,13,14,14,17,18,19,20,11,11,12,13,13,13,16,18,20,12,12,12,12,12,12,12,12,13,14,14,15,17,18,18,19,12,12,12,12,13,13,19,20,22,13,13,13,13,14,14,20,22,14,14,15,15,16,19,21,23,15,16,16,16,17,18,20,21,21,22,24,15,19,20,21,21,21,22,16,20,20,21,21,22,17,18,21,21,23,17,19,18,19,20,20,18,18,18,19,20,19,19,20,21,21
42,5,5,7,4,6,6,8,10,11,6,6,3,5,6,8,9,13,3,2,4,5,6,2,2,4,7,8,11,2,2,7,7,8,15,3,6,7,10,12,14,2,0,8,9,10,13,2,3,6,8,9,10,12,12,13,2,5,9,11,12,3,6,7,7,8,10,11,12,13,3,7,8,9,11,11,12,12,14,8,9,11,11,14,8,8,10,10,11,15,8,9,10,10,11,12,12,13,13,15,6,9,11,12,12,15,7,8,9,10,11,12,13,13,14,7,7,6,9,10,12,12,13,7,7,7,11,12,12,14,15,15,12,13,13,14,14,9,7,12,13,14,14,15,15,15,16,17,9,9,9,8,11,11,14,14,15,19,10,8,8,8,11,14,15,15,16,17,9,10,13,14,15,15,16,16,10,10,10,9,10,10,11,11,12,13,14,14,16,16,11,11,15,16,11,11,10,12,12,12,13,16,16,17,18,12,11,11,12,12,12,15,17,18,12,12,12,12,12,12,12,12,12,13,13,13,15,16,17,17,13,13,12,12,12,12,17,18,20,13,13,13,13,13,13,19,20,14,14,14,15,15,18,19,21,14,15,15,15,16,17,18,19,20,21,22,15,18,19,19,20,20,21,16,18,19,20,20,20,17,17,20,20,21,17,18,18,19,19,19,19,18,18,19,19,19,19,19,20,20
43,12,11,4,6,5,4,3,4,5,13,13,7,5,4,3,3,6,10,7,4,4,3,7,6,4,2,2,4,7,6,2,1,1,7,10,2,1,2,4,7,10,8,0,1,2,5,9,5,2,1,2,3,4,4,5,9,3,2,3,5,5,2,2,2,2,3,4,4,5,6,2,2,2,4,4,4,5,7,3,3,4,4,7,3,3,4,4,5,8,4,4,4,4,4,5,5,6,6,8,6,4,5,5,6,8,5,5,5,5,5,6,6,7,7,14,13,12,5,6,6,6,7,14,13,13,6,6,7,7,8,9,7,7,8,8,8,15,12,7,8,8,8,9,9,9,10,11,15,15,14,9,8,8,9,9,9,12,15,12,12,11,8,9,9,10,10,11,12,9,9,9,10,10,10,11,15,14,14,13,10,10,10,9,9,9,10,10,11,11,16,10,11,11,16,14,13,11,11,11,10,11,11,12,12,17,14,12,12,11,11,11,12,13,16,15,15,14,14,13,13,13,12,12,12,12,12,12,12,13,18,17,16,15,14,14,13,13,15,16,15,15,15,15,14,14,15,15,15,15,14,14,14,15,16,15,15,15,15,14,14,15,15,16,16,17,16,15,15,15,16,16,16,16,16,16,16,16,16,16,16,16,17,17,18,17,20,18,18,18,22,20,20,19,18,21,19,19,19,19
44,13,12,5,7,6,5,3,3,4,15,14,8,6,5,3,3,5,11,8,5,5,4,8,7,5,2,2,3,8,7,2,2,2,6,12,3,2,1,3,6,11,9,1,0,1,4,10,6,3,1,1,2,3,3,4,10,5,1,2,3,6,3,3,2,2,2,3,3,4,7,3,2,2,3,3,4,4,6,3,3,3,4,6,4,3,3,3,4,7,4,4,4,4,4,4,5,5,5,7,7,5,5,5,5,7,6,5,5,5,5,5,6,6,6,15,14,13,6,5,6,6,6,15,14,14,6,6,6,7,7,8,7,7,7,7,8,16,13,7,7,8,8,8,8,9,9,10,16,16,15,9,8,8,8,8,9,11,16,13,12,12,8,9,9,9,10,10,13,10,9,9,9,10,10,10,16,15,15,14,11,10,10,10,9,9,9,9,10,10,17,10,10,11,16,15,14,11,11,11,11,11,11,11,12,18,15,12,12,12,11,11,12,12,17,16,16,15,14,14,14,13,13,12,12,12,12,12,12,12,18,18,17,15,14,14,13,13,14,17,16,16,15,15,15,14,15,15,15,15,14,14,14,14,16,16,15,15,15,14,14,15,15,15,16,17,16,15,15,15,15,15,16,17,15,16,16,16,16,16,16,16,16,17,19,17,20,18,18,18,22,20,20,19,19,21,20,19,19,19
45,14,13,5,8,6,6,4,3,3,16,15,9,7,6,4,3,4,12,9,6,6,4,9,8,6,3,2,2,9,8,3,3,2,5,13,4,3,1,2,4,12,10,2,1,0,3,12,7,4,2,1,1,2,2,3,11,6,1,1,2,7,4,4,3,2,2,2,2,3,8,4,3,3,2,2,3,3,5,4,3,3,3,5,4,4,3,3,3,6,5,4,4,4,4,4,4,4,5,6,7,5,4,5,5,7,7,6,6,5,5,5,5,5,6,16,15,14,6,6,6,6,6,16,15,15,6,6,6,6,7,7,7,7,7,7,7,17,14,7,7,7,7,8,8,8,8,9,17,17,16,10,8,8,8,8,8,11,17,14,13,13,9,8,9,9,9,9,14,10,9,9,9,9,9,10,17,16,16,14,11,11,10,10,10,9,9,9,10,10,18,11,10,10,17,16,15,11,11,11,11,11,11,11,11,18,16,13,13,12,12,11,11,12,18,17,16,16,15,15,14,14,13,12,12,12,12,12,12,12,19,18,18,16,15,15,12,13,14,18,17,16,16,16,15,14,14,16,16,15,15,14,14,14,15,16,16,15,15,14,14,14,15,15,15,16,17,15,15,15,15,15,15,17,15,15,16,16,16,17,17,16,16,17,19,17,21,18,18,18,23,21,20,19,19,22,20,19,19,19
46,16,16,8,11,9,8,6,4,4,18,18,12,9,8,6,5,3,14,12,9,9,7,12,11,9,6,5,2,12,11,6,6,5,2,15,7,6,3,1,2,15,13,5,4,3,0,14,10,7,4,3,2,1,1,1,14,8,3,2,1,10,7,6,6,5,3,2,2,2,11,6,5,5,3,3,2,2,3,6,5,4,3,3,6,6,5,4,4,4,7,6,5,5,5,4,4,4,4,4,10,7,5,5,5,5,9,8,7,6,6,5,5,5,5,18,17,17,7,7,6,6,6,18,18,17,7,7,6,6,6,6,7,7,7,7,7,20,16,8,7,7,7,7,7,7,7,8,20,19,19,12,9,9,8,8,8,9,19,16,16,15,10,8,8,8,8,8,16,12,9,9,9,9,9,9,19,18,18,17,13,12,12,11,11,10,10,10,9,9,20,12,10,10,20,18,17,13,12,12,12,11,10,10,11,21,18,14,14,13,13,11,11,11,20,19,18,18,17,16,16,16,15,14,13,13,12,12,12,12,21,20,20,18,17,16,12,12,13,20,19,18,18,17,17,13,13,18,17,17,16,15,14,14,14,18,17,17,16,15,15,14,14,14,14,15,18,15,15,15,15,15,15,19,16,15,15,15,15,18,17,16,16,17,21,18,23,19,19,18,25,22,22,20,20,23,21,20,20,19
47,5,5,9,5,7,8,10,12,13,5,5,4,6,7,10,11,15,3,4,6,7,8,3,4,6,9,10,13,3,4,8,9,9,17,2,7,8,12,14,16,1,2,9,10,12,14,0,4,7,10,11,12,13,14,14,1,6,11,12,14,5,8,8,9,10,12,13,13,14,4,8,9,10,12,13,13,14,16,10,10,12,13,16,9,10,11,12,13,17,9,10,11,11,12,13,14,14,15,17,7,10,13,13,14,17,8,9,10,11,12,13,14,14,15,6,5,5,11,12,13,14,14,6,6,6,12,13,13,15,16,16,14,14,15,15,16,8,7,13,14,15,15,16,16,17,17,19,8,8,8,9,11,12,15,15,16,20,8,8,8,8,12,15,16,16,17,18,8,11,14,15,16,17,17,17,9,9,9,9,10,11,11,12,13,14,15,15,17,17,10,12,16,17,10,10,10,12,13,13,14,16,17,18,19,11,10,12,12,12,13,16,18,19,11,11,11,11,11,11,11,12,12,13,13,14,16,17,18,18,12,12,12,12,12,12,18,19,21,12,12,12,12,13,13,20,21,14,14,14,15,15,18,20,22,14,15,15,15,17,17,19,20,21,21,23,15,18,19,20,20,21,21,15,19,20,20,21,21,17,17,20,21,22,17,18,17,19,19,19,18,18,18,18,19,18,19,20,20,20
48,7,7,6,4,4,5,6,8,9,9,8,4,3,4,6,7,10,5,3,3,3,4,3,2,2,5,6,9,2,2,4,5,5,12,6,3,4,7,9,12,5,3,5,6,7,10,4,0,3,6,7,8,9,9,10,4,2,7,8,9,1,3,4,5,6,7,8,9,10,2,4,5,6,8,8,9,9,12,5,6,8,9,11,5,6,7,8,9,12,5,6,7,7,8,9,9,10,10,13,4,6,9,9,10,13,5,6,6,7,8,9,10,10,11,9,8,8,7,8,9,10,10,9,9,8,9,9,9,11,12,12,10,10,11,11,12,11,8,10,11,11,11,12,12,13,13,15,11,11,10,7,8,9,11,12,12,16,11,9,8,8,9,12,12,13,13,14,9,9,11,12,12,13,13,14,11,11,10,10,9,9,9,9,10,11,11,12,13,14,12,10,13,14,12,11,10,10,10,11,11,13,14,14,15,13,11,10,11,11,11,13,14,16,13,12,12,11,11,11,11,11,11,11,11,12,13,14,14,15,14,13,13,12,12,12,15,16,18,13,13,13,12,13,13,16,18,13,13,13,13,14,16,17,19,14,14,14,14,15,15,16,17,18,18,20,14,16,17,17,17,18,18,15,16,17,18,18,18,16,16,18,18,19,17,17,18,17,17,18,19,18,18,18,18,19,18,18,19,19
49,10,9,4,5,4,4,4,6,7,11,11,6,4,3,4,5,8,8,5,3,3,3,5,4,3,3,4,6,5,4,2,2,3,9,8,1,2,5,7,9,8,6,2,3,4,7,7,3,0,3,4,5,6,7,7,7,1,4,5,7,3,1,2,2,3,5,6,6,7,4,2,3,3,5,6,6,7,9,3,4,5,6,9,3,4,5,5,6,10,3,4,5,5,5,6,7,7,8,10,4,4,6,7,7,10,4,5,5,5,6,7,7,8,8,12,11,10,5,6,7,7,8,11,11,10,7,7,7,9,9,10,8,8,9,9,9,13,10,8,9,9,9,10,10,11,11,12,13,13,12,7,7,8,9,10,10,14,13,10,10,9,8,10,10,11,11,12,11,8,9,10,10,11,11,12,13,12,12,11,9,9,9,9,9,10,10,10,11,12,14,9,11,12,14,13,12,10,10,10,10,12,12,13,13,15,12,11,11,10,10,11,13,14,14,13,13,13,12,12,12,11,11,11,11,11,12,12,13,13,16,15,14,13,12,12,13,14,16,14,14,14,13,13,13,15,16,14,14,13,13,13,14,15,17,14,14,14,14,14,14,15,15,16,17,18,15,15,16,16,16,16,17,15,15,16,16,16,17,15,15,17,17,18,17,17,18,17,17,17,20,19,18,18,18,19,18,18,18,18
50,12,12,5,7,5,5,4,4,5,14,14,8,5,5,3,3,6,10,8,5,5,4,8,7,5,2,2,4,7,7,2,2,2,7,11,3,2,2,4,6,10,8,1,1,2,4,10,6,3,0,1,2,3,4,4,9,4,1,2,4,6,2,2,2,1,2,3,3,5,6,2,2,2,3,3,4,4,6,2,2,3,4,6,3,3,3,3,4,7,4,3,3,3,4,4,5,5,5,7,6,4,4,5,5,8,5,5,5,4,5,5,5,6,6,14,13,13,5,5,5,6,6,14,13,13,6,6,6,7,7,8,6,7,7,7,7,15,12,7,7,7,8,8,8,9,9,10,15,15,15,9,7,7,8,8,8,11,15,12,12,11,8,8,9,9,9,10,12,9,8,9,9,9,10,10,15,15,14,13,10,10,9,9,9,9,9,9,10,10,16,10,10,10,16,14,13,10,10,10,10,10,11,11,12,17,14,12,11,11,11,11,11,12,16,15,15,14,13,13,13,13,12,11,11,11,11,11,12,12,18,17,16,15,14,13,12,13,14,16,15,15,15,14,14,14,14,15,15,14,14,13,13,14,16,15,14,14,14,14,14,14,14,15,15,16,16,14,15,15,15,15,16,16,15,15,15,15,16,16,16,16,16,17,18,17,20,17,17,17,21,20,19,18,18,20,19,18,18,18
51,13,13,6,8,6,5,4,4,4,15,15,9,6,5,4,3,5,11,9,6,6,4,9,8,6,3,2,3,8,8,3,3,2,6,12,4,3,1,3,5,12,9,2,1,1,3,11,7,4,1,0,1,2,3,3,10,5,1,1,3,7,3,3,2,2,1,2,2,3,7,3,2,2,2,2,3,3,5,3,2,2,3,5,4,3,3,3,3,6,4,3,3,3,3,4,4,4,5,6,7,4,4,4,4,7,6,5,5,4,4,5,5,5,5,15,14,14,5,5,5,5,5,15,14,14,5,6,6,6,7,7,6,6,6,7,7,16,13,7,7,7,7,7,8,8,8,9,16,16,15,9,7,7,7,8,8,11,16,13,13,12,8,8,8,8,9,9,13,9,8,8,9,9,9,9,16,15,15,14,10,10,10,9,9,9,9,9,9,10,17,10,10,10,16,15,14,11,10,10,10,10,10,11,11,18,15,12,12,11,11,10,11,12,17,16,16,15,14,14,13,13,13,12,11,11,11,11,11,11,18,18,17,15,14,14,12,12,13,17,16,16,15,15,15,13,14,15,15,15,14,14,13,14,15,15,15,15,14,14,14,14,14,14,15,16,16,14,14,15,15,15,15,16,15,15,15,15,15,16,16,16,16,16,18,17,20,17,17,17,22,20,20,18,18,21,20,19,18,18
52,14,14,6,9,7,6,5,4,4,16,16,10,7,6,4,4,4,12,10,7,7,5,10,9,7,4,3,2,9,9,4,4,3,5,13,5,4,1,2,4,13,10,3,2,1,2,12,8,5,2,1,0,1,2,2,12,6,1,1,2,8,5,4,3,2,1,1,2,2,8,4,3,3,2,2,2,2,4,4,3,2,2,4,4,4,3,3,3,5,5,4,4,3,3,3,3,4,4,5,8,5,4,4,4,6,7,6,5,5,4,4,5,5,5,16,15,15,6,5,5,5,5,16,15,15,6,6,5,6,6,6,6,6,6,6,6,17,14,7,7,7,7,7,7,7,8,9,17,17,16,10,8,7,7,7,7,10,17,14,13,13,8,8,8,8,8,9,14,10,8,8,8,9,9,9,17,16,16,15,11,11,10,10,9,9,9,9,9,9,18,11,9,10,17,16,15,11,11,11,10,10,10,10,11,19,16,13,12,12,12,10,11,11,18,17,16,16,15,14,14,14,13,12,12,12,11,11,11,11,19,18,18,16,15,15,12,12,13,18,17,16,16,15,15,13,13,16,16,15,14,14,13,13,15,16,15,15,15,14,14,14,14,14,14,15,17,14,14,14,14,15,15,17,15,15,15,15,15,16,16,15,15,16,19,17,21,18,17,17,23,21,20,19,18,22,20,19,19,18
53,15,15,7,10,8,7,5,4,4,17,17,11,8,7,5,4,3,13,11,8,8,6,11,10,8,5,4,2,11,10,5,5,4,4,14,6,5,2,1,3,14,12,4,3,2,1,13,9,6,3,2,1,0,1,1,13,7,2,1,1,9,6,5,5,3,2,1,1,2,9,5,4,4,2,2,2,2,3,4,4,2,2,3,5,5,4,3,3,4,6,5,4,4,4,3,3,3,3,5,9,5,4,4,4,5,7,7,6,5,5,4,4,4,5,17,16,16,6,6,5,5,5,17,16,16,6,6,6,6,6,6,6,6,6,6,6,18,15,7,7,7,7,7,7,7,7,8,18,18,17,11,8,8,7,7,7,9,18,15,14,14,9,8,8,8,8,8,15,11,8,8,8,8,8,9,18,17,17,15,12,11,11,10,10,9,9,9,9,9,19,11,9,9,18,17,16,12,11,11,11,10,10,10,10,20,16,13,13,12,12,11,11,11,19,18,17,16,16,15,15,14,14,13,12,12,11,11,11,11,20,19,18,17,16,15,12,12,12,18,18,17,17,16,16,13,13,16,16,16,15,14,13,13,14,17,16,15,15,14,14,14,14,14,14,15,17,14,14,14,14,14,15,18,15,15,15,15,15,17,17,15,15,16,20,17,22,18,18,18,23,21,21,19,19,22,20,19,19,19
54,16,15,7,11,9,8,6,4,4,18,17,11,9,8,6,5,3,14,11,9,8,7,12,11,9,5,4,2,11,11,6,5,5,3,15,7,6,2,1,2,14,12,4,3,2,1,14,9,7,4,3,2,1,0,1,13,8,3,2,1,9,6,6,5,4,2,2,1,1,10,6,5,4,2,2,2,2,3,5,4,3,2,3,6,5,4,4,3,4,6,5,5,4,4,3,3,3,3,4,9,6,4,4,4,5,8,7,7,5,5,5,4,4,4,18,17,16,7,6,5,5,5,17,17,16,6,6,6,5,6,6,6,6,6,6,6,19,16,7,7,7,7,7,7,7,7,8,19,18,18,11,9,8,7,7,7,9,19,15,15,14,9,8,8,8,8,8,16,11,9,8,8,8,8,8,19,18,17,16,12,12,11,11,10,9,9,9,9,9,19,11,9,9,19,17,16,12,12,11,11,10,10,10,10,20,17,14,13,13,12,11,10,11,19,18,18,17,16,16,15,15,14,13,13,12,11,11,11,11,21,20,19,17,16,16,12,12,12,19,18,18,17,16,16,13,13,17,16,16,15,15,13,13,14,17,16,16,15,14,14,14,14,14,14,15,17,14,14,14,14,14,14,18,15,15,15,15,15,17,17,15,15,16,20,18,22,18,18,18,24,22,21,19,19,22,21,19,19,19
55,17,16,8,11,9,8,6,5,4,18,18,12,9,8,6,5,3,15,12,9,9,7,12,11,9,6,5,3,12,11,6,6,5,3,15,7,6,3,1,2,15,13,5,4,3,1,14,10,7,4,3,2,1,1,0,14,8,3,2,1,10,7,6,6,5,3,2,2,1,11,6,5,5,3,2,2,2,2,5,5,3,3,2,6,6,4,4,3,4,7,5,5,5,4,4,3,3,3,4,10,6,4,4,4,4,8,7,7,6,5,5,5,4,4,18,17,17,7,6,5,5,5,18,17,17,6,6,6,6,6,6,6,6,6,6,6,19,16,7,7,7,7,7,7,7,7,7,20,19,18,12,9,8,7,7,7,8,19,16,15,15,9,8,8,8,8,8,16,11,9,8,8,8,8,8,19,18,18,16,12,12,11,11,10,9,9,9,9,9,20,12,9,9,19,18,16,12,12,12,11,10,10,10,10,20,17,14,14,13,13,11,10,11,20,18,18,17,16,16,16,15,14,13,13,13,11,11,11,11,21,20,19,18,16,16,12,12,12,19,18,18,18,17,16,13,13,17,17,16,15,15,13,13,14,17,16,16,16,15,14,14,14,14,14,14,18,15,14,14,14,14,14,18,15,15,15,15,15,17,17,15,15,16,20,18,22,18,18,18,24,22,21,20,19,23,21,20,19,19
56,5,5,9,5,7,8,10,12,13,6,5,4,6,7,10,11,14,3,4,6,6,8,3,4,6,9,10,12,3,4,8,9,9,16,2,7,8,11,13,15,2,2,9,10,11,14,1,4,7,9,10,12,13,13,14,0,5,10,12,13,4,7,8,8,9,11,12,13,14,3,8,9,9,12,12,13,13,15,9,9,12,12,15,9,9,11,11,12,16,8,10,10,11,11,12,13,13,14,16,6,9,12,13,13,16,8,9,9,11,12,13,13,14,14,6,5,5,10,11,12,13,13,6,6,5,12,12,13,14,15,16,13,13,14,14,15,7,6,13,14,14,15,15,16,16,17,18,8,8,7,8,11,11,14,15,15,19,8,7,7,7,11,15,15,15,16,17,8,10,13,14,15,16,16,17,9,9,8,8,10,10,11,11,12,13,14,14,16,17,10,11,15,16,10,9,9,11,12,12,13,16,16,17,18,11,10,11,11,12,12,15,17,18,11,11,10,10,11,11,11,11,11,12,13,13,15,16,17,17,12,11,11,11,11,11,17,18,20,12,12,12,12,12,13,19,20,13,13,13,14,15,18,19,22,14,14,14,15,16,16,18,19,20,21,22,14,18,19,19,19,20,21,15,18,19,19,20,20,16,16,20,20,21,16,17,17,18,18,18,17,17,17,18,18,18,18,19,19,19
57,9,9,5,5,4,5,5,7,8,11,10,5,4,4,5,6,9,7,5,3,3,4,5,4,3,4,5,7,4,4,3,4,4,11,7,2,3,6,8,10,7,5,3,5,6,8,6,2,1,4,5,6,7,8,8,5,0,5,6,8,2,2,2,3,4,6,7,7,8,2,2,3,4,6,7,7,8,10,4,4,6,7,9,4,4,5,6,7,11,4,5,5,6,6,7,8,8,9,11,3,5,7,7,8,11,4,4,5,6,7,8,8,9,9,10,9,9,5,6,7,8,8,10,10,9,7,7,8,9,10,11,8,9,9,9,10,12,9,8,9,9,10,10,11,11,12,13,12,11,11,7,7,8,10,10,11,14,12,9,9,8,8,10,11,11,12,12,9,8,9,10,11,11,12,12,12,11,11,10,8,8,8,8,9,10,10,10,12,12,13,9,11,12,12,11,11,9,9,10,10,12,12,13,14,14,11,10,10,10,10,11,13,14,13,12,12,12,11,11,11,11,11,11,11,11,12,12,13,13,14,14,13,12,11,11,13,14,16,13,13,13,12,12,12,15,16,13,13,13,13,13,14,15,18,13,13,13,13,14,14,15,16,16,17,18,14,15,15,16,16,16,17,14,15,16,16,17,17,15,15,16,17,18,16,16,18,17,17,17,19,18,17,17,17,18,18,18,18,18
58,14,13,6,8,7,6,5,4,5,15,15,9,7,6,4,4,5,11,9,6,6,5,9,8,6,4,3,3,9,8,4,3,3,6,12,4,3,2,3,5,12,9,2,1,1,3,11,7,4,1,1,1,2,3,3,10,5,0,1,3,7,3,3,2,1,1,2,2,3,7,3,2,2,2,2,2,3,5,2,2,2,2,5,3,3,2,2,3,6,4,3,3,3,3,3,4,4,4,6,6,4,3,4,4,6,5,5,4,4,4,4,4,5,5,15,14,13,5,4,5,5,5,15,14,14,5,5,5,6,6,7,6,6,6,6,6,16,13,6,6,6,7,7,7,7,8,9,16,16,15,9,7,7,7,7,7,10,16,13,12,12,7,7,8,8,8,9,13,9,8,8,8,8,9,9,16,15,15,13,10,10,9,9,8,8,8,8,9,9,17,10,9,9,16,15,14,10,10,10,9,10,10,10,11,17,14,12,11,11,11,10,10,11,17,16,15,14,14,13,13,13,12,11,11,11,10,11,11,11,18,17,16,15,14,13,11,12,13,16,16,15,15,14,14,13,13,15,15,14,13,13,13,13,15,15,14,14,14,13,13,13,14,14,14,15,15,14,14,14,14,14,15,16,14,14,15,15,15,15,15,15,15,16,18,16,20,17,17,17,22,20,19,18,18,20,19,18,18,18
59,15,14,7,9,7,7,5,4,4,16,16,10,8,7,5,4,4,13,10,7,7,5,10,9,7,4,4,3,10,9,4,4,4,5,13,5,4,2,2,4,13,11,3,2,1,2,12,8,5,2,1,1,1,2,2,12,6,1,0,2,8,4,4,3,2,1,1,1,2,8,4,3,2,1,1,2,2,4,3,3,2,2,4,4,4,2,2,2,5,5,4,3,3,3,3,3,3,4,5,7,4,3,3,3,6,6,5,5,4,4,4,4,4,4,16,15,14,5,5,4,4,5,16,15,15,5,5,5,5,6,6,5,6,6,6,6,17,14,6,6,6,6,6,7,7,7,8,17,17,16,10,7,7,7,7,7,9,17,14,13,13,8,7,7,7,8,8,14,9,8,8,8,8,8,8,17,16,16,14,11,10,10,9,9,8,8,8,9,9,18,10,9,9,17,16,14,11,10,10,10,9,9,10,10,18,15,12,12,11,11,10,10,11,18,16,16,15,14,14,14,13,13,12,11,11,10,10,11,11,19,18,17,16,14,14,11,11,12,17,16,16,16,15,15,12,13,15,15,15,14,13,13,13,14,16,15,15,14,13,13,13,13,14,14,15,16,14,14,14,14,14,14,17,14,14,14,14,15,16,16,15,15,16,18,17,20,17,17,17,22,20,20,18,18,21,19,18,18,18
60,16,16,8,11,9,8,6,5,5,18,17,12,9,8,6,5,4,14,11,9,8,7,12,11,9,6,5,3,11,11,6,5,5,4,15,7,6,3,2,3,14,12,5,3,2,1,14,9,7,4,3,2,1,1,1,13,8,3,2,0,9,6,6,5,4,2,1,1,1,10,6,5,4,2,2,1,1,2,5,4,2,2,2,5,5,4,3,2,4,6,5,4,4,4,3,3,3,3,4,9,6,4,3,3,4,8,7,6,5,4,4,4,4,4,18,17,16,6,5,5,5,4,17,17,16,6,5,5,5,5,5,6,6,6,5,6,19,16,6,6,6,6,6,6,6,6,7,19,18,18,11,8,8,7,7,7,8,18,15,15,14,8,7,7,7,7,7,15,11,8,8,8,8,8,8,18,17,17,16,12,11,11,10,9,9,9,8,8,8,19,11,9,9,18,17,16,11,11,11,10,9,9,9,10,20,16,13,13,12,12,10,10,10,19,18,17,16,16,15,15,14,14,12,12,12,11,11,10,10,20,19,18,17,16,15,11,11,12,18,18,17,17,16,16,12,12,16,16,16,15,14,13,13,13,16,16,15,15,14,14,13,13,13,13,14,17,14,14,14,14,14,14,17,14,14,14,14,14,16,16,15,15,15,19,17,21,18,17,17,23,21,21,19,18,22,20,19,18,18
61,8,8,6,5,5,6,7,9,10,9,9,5,5,5,7,7,11,6,4,4,4,5,4,3,3,5,6,9,3,3,5,5,6,12,6,4,4,7,10,12,5,3,5,6,7,10,5,1,3,6,7,8,9,9,10,4,2,7,8,9,0,3,4,4,6,7,8,9,10,1,4,5,6,8,8,9,9,12,5,6,8,8,11,5,5,7,7,8,12,4,6,6,7,7,9,9,10,10,12,3,6,8,9,9,12,4,5,6,7,8,9,9,10,10,9,8,7,6,7,9,9,10,8,8,7,8,8,9,10,11,12,9,10,10,11,11,10,7,9,10,10,11,11,12,12,13,14,10,10,9,6,7,8,11,11,12,16,10,8,7,7,8,11,11,12,13,13,8,7,10,11,11,12,13,13,11,10,9,9,8,8,8,8,9,10,11,11,13,13,11,9,12,13,11,10,9,9,9,10,10,12,13,14,15,12,10,9,9,10,10,12,14,15,12,11,11,10,10,10,10,10,10,10,10,11,12,13,14,14,13,12,12,11,11,11,14,15,17,12,12,11,11,12,12,16,17,12,12,12,12,13,15,16,18,13,13,13,13,14,14,15,16,17,18,19,13,15,16,16,16,17,18,14,15,16,17,17,17,14,15,17,17,18,15,16,17,16,16,17,18,17,17,17,17,17,17,17,17,18
62,11,10,6,6,5,5,5,6,7,12,12,7,5,5,5,5,8,9,6,4,4,4,6,5,4,3,4,6,6,5,3,3,3,9,9,2,2,4,6,9,8,6,2,3,4,7,8,3,1,2,3,5,6,6,7,7,2,3,4,6,3,0,1,1,2,4,5,5,7,4,1,2,2,4,5,6,6,8,2,2,5,5,8,2,2,4,4,5,9,2,3,4,4,4,5,6,6,7,9,4,3,5,6,6,9,3,3,3,4,5,6,6,7,7,12,11,10,4,5,6,6,7,11,11,10,5,6,6,7,8,9,7,7,7,8,8,13,10,7,7,8,8,9,9,9,10,11,13,13,12,7,6,6,8,9,9,13,13,10,9,9,7,9,9,9,10,11,10,7,8,9,9,10,10,11,13,12,12,11,8,8,8,8,8,8,9,9,10,11,14,8,10,11,13,12,11,9,9,9,9,10,11,11,12,14,12,10,10,9,9,10,11,12,14,13,13,12,11,11,11,11,10,10,10,10,11,11,12,12,15,14,14,12,12,11,12,13,14,14,13,13,13,12,12,14,15,13,13,13,12,12,13,14,16,13,13,13,13,13,13,14,14,15,15,17,14,14,14,15,15,15,16,14,14,15,15,15,15,14,14,15,16,16,16,15,18,16,16,16,19,18,17,17,17,18,17,17,17,17
63,11,11,6,7,5,5,5,6,7,13,12,7,5,5,5,5,7,9,7,5,4,4,7,6,4,3,4,5,6,6,3,3,3,9,10,2,2,4,6,8,9,7,2,3,4,6,8,4,2,2,3,4,5,6,6,8,2,3,4,6,4,1,0,1,2,3,4,5,6,4,1,1,2,4,4,5,6,8,2,2,4,5,7,2,2,3,4,5,8,2,3,3,4,4,5,5,6,6,9,4,3,5,5,6,9,3,3,3,4,5,5,6,6,7,12,11,11,4,4,5,6,6,12,11,11,5,5,6,7,8,8,6,7,7,7,8,13,10,6,7,7,8,8,9,9,9,11,14,13,13,7,6,6,8,8,9,12,13,10,10,9,7,8,9,9,10,10,11,7,8,8,9,9,10,10,13,13,12,11,8,8,8,8,8,8,8,9,10,10,14,8,10,10,14,12,11,9,9,9,9,10,10,11,12,15,12,10,10,9,9,10,11,12,14,13,13,12,12,11,11,11,10,10,10,10,10,11,11,12,16,15,14,13,12,12,12,12,14,14,13,13,13,13,12,13,14,13,13,13,12,12,13,14,16,13,13,13,13,13,13,14,14,15,15,16,14,14,14,14,15,15,15,14,14,14,15,15,15,14,14,15,15,16,16,15,18,16,16,16,20,18,18,17,17,19,18,17,17,17
64,12,11,6,7,6,5,5,6,6,13,13,7,5,5,4,5,7,10,7,5,5,4,7,6,5,3,3,5,7,6,3,3,3,8,10,3,2,4,5,7,9,7,2,2,3,6,9,5,2,2,2,3,5,5,6,8,3,2,3,5,4,1,1,0,1,3,4,4,6,5,1,1,1,3,4,4,5,7,1,2,3,4,7,2,2,3,3,4,8,2,2,3,3,4,4,5,5,6,8,4,3,4,5,5,8,4,3,3,4,4,5,5,6,6,13,12,11,4,4,5,5,6,12,12,11,5,5,5,7,7,8,6,6,7,7,7,14,11,6,7,7,7,8,8,9,9,10,14,14,13,7,6,6,7,8,8,12,14,11,10,10,7,8,8,9,9,10,11,7,8,8,8,9,9,10,14,13,13,11,8,8,8,8,8,8,8,8,9,10,15,8,9,10,14,13,12,9,9,9,9,10,10,11,11,15,12,10,10,10,9,10,11,12,15,14,13,13,12,12,11,11,11,10,10,10,10,11,11,11,16,15,14,13,12,12,12,12,14,14,14,13,13,13,13,13,14,13,13,13,12,12,13,14,15,14,13,13,13,13,13,13,14,14,15,16,14,13,14,14,14,15,15,15,14,14,15,15,15,14,14,15,15,16,17,15,18,16,16,16,20,18,18,17,17,19,18,17,17,17
65,13,12,6,8,6,6,5,5,6,14,14,8,6,5,4,4,6,11,8,6,5,4,8,7,5,3,3,4,8,7,3,3,3,7,11,4,3,3,4,6,11,8,2,2,2,5,10,6,3,1,2,2,3,4,5,9,4,1,2,4,6,2,2,1,0,2,3,3,4,6,2,1,1,2,3,3,4,6,1,1,2,3,6,2,2,2,2,3,7,3,2,2,2,3,4,4,4,5,7,5,3,4,4,4,7,4,4,3,3,4,4,5,5,6,14,13,12,4,4,4,5,5,13,13,12,5,5,5,6,7,7,5,6,6,6,7,15,12,6,6,6,7,7,7,8,8,9,15,15,14,8,6,6,7,7,7,11,15,11,11,11,7,7,8,8,9,9,12,8,7,8,8,8,9,9,15,14,13,12,9,9,8,8,8,8,8,8,9,9,16,9,9,9,15,14,12,9,9,9,9,9,10,10,11,16,13,11,10,10,10,9,10,11,16,14,14,13,13,12,12,12,11,10,10,10,10,10,11,11,17,16,15,14,13,12,11,12,13,15,14,14,14,13,13,13,13,14,14,13,13,12,12,13,15,14,13,13,13,13,13,13,13,14,14,15,15,13,14,14,14,14,15,15,14,14,14,14,15,15,15,15,15,16,17,16,19,16,16,16,20,19,18,17,17,19,18,17,17,17
66,14,14,7,9,7,7,5,5,5,16,15,10,7,7,5,5,5,12,10,7,7,5,10,9,7,4,4,3,9,9,4,4,4,6,13,5,4,2,3,5,12,10,3,2,2,3,12,7,5,2,1,1,2,2,3,11,6,1,1,2,7,4,3,3,2,0,1,2,3,8,3,2,2,1,1,2,2,4,2,2,1,2,4,3,3,2,2,2,5,4,3,2,2,2,2,3,3,4,5,7,4,3,3,3,6,6,5,4,3,3,3,4,4,4,15,14,14,4,4,4,4,4,15,14,14,4,4,4,5,5,6,5,5,5,5,6,16,13,5,6,6,6,6,6,7,7,8,17,16,16,9,7,6,6,6,7,9,16,13,12,12,7,7,7,7,8,8,13,9,7,7,7,8,8,8,16,15,15,13,10,9,9,9,8,8,8,8,8,8,17,9,8,9,16,15,14,10,10,9,9,9,9,9,10,18,14,11,11,11,10,9,10,10,17,16,15,14,14,13,13,13,12,11,11,10,10,10,10,10,18,17,16,15,14,13,11,11,12,16,16,15,15,14,14,12,13,15,14,14,13,13,12,13,14,15,14,14,14,13,13,13,13,13,14,15,15,13,13,13,13,14,14,16,14,14,14,14,14,15,15,14,14,15,18,16,20,16,16,16,21,20,19,18,17,20,19,18,17,17
67,15,15,7,10,8,7,6,5,5,17,17,11,8,7,5,5,5,13,11,8,8,6,11,10,8,5,4,3,10,10,5,5,4,5,14,6,5,2,2,4,13,11,4,3,2,2,13,8,6,3,2,1,1,2,2,12,7,2,1,1,8,5,4,4,3,1,0,1,2,9,4,3,3,1,1,1,1,3,3,3,1,1,3,4,4,2,2,2,4,5,4,3,3,2,2,2,2,3,4,8,4,3,3,3,5,6,5,5,4,3,3,3,3,4,16,15,15,5,4,4,4,4,16,15,15,5,5,4,5,5,5,5,5,5,5,5,17,14,6,5,6,6,6,6,6,6,7,18,17,17,10,7,7,6,6,6,9,17,14,13,13,7,7,7,7,7,7,14,9,7,7,7,7,7,8,17,16,16,14,11,10,9,9,8,8,8,8,8,8,18,10,8,8,17,16,15,10,10,10,9,9,9,9,9,18,15,12,12,11,11,9,9,10,18,16,16,15,14,14,14,13,13,11,11,11,10,10,10,10,19,18,17,16,14,14,11,11,12,17,16,16,16,15,15,12,12,15,15,15,14,13,12,12,13,15,15,14,14,13,13,13,13,13,13,14,16,13,13,13,13,13,14,16,14,14,14,14,14,16,15,14,14,15,18,16,20,17,17,16,22,20,20,18,18,21,19,18,18,17
68,16,15,8,11,9,8,6,5,5,18,17,11,9,8,6,5,5,14,11,9,8,7,11,10,8,5,5,3,11,10,6,5,5,4,14,6,5,3,2,4,14,12,4,3,2,2,13,9,6,3,2,2,1,1,2,13,7,2,1,1,9,5,5,4,3,2,1,0,1,9,5,4,3,1,1,1,1,3,4,3,2,1,2,5,4,3,2,2,4,5,4,4,3,3,2,2,2,2,4,8,5,3,3,3,4,7,6,5,4,4,3,3,3,3,17,16,15,5,5,4,4,4,17,16,15,5,5,5,4,5,5,5,5,5,5,5,18,15,6,6,5,6,6,6,6,6,7,18,18,17,10,7,7,6,6,6,8,18,14,14,13,8,7,7,7,7,7,15,10,7,7,7,7,7,7,18,17,16,15,11,11,10,9,9,8,8,8,8,8,18,10,8,8,18,16,15,11,10,10,10,9,9,9,9,19,16,12,12,11,11,9,9,10,18,17,16,16,15,14,14,14,13,12,11,11,10,10,10,10,20,19,18,16,15,14,10,11,11,18,17,16,16,15,15,12,12,16,15,15,14,13,12,12,13,16,15,15,14,13,13,13,13,13,13,14,16,13,13,13,13,13,13,17,14,14,14,14,14,16,16,14,14,15,19,16,21,17,17,17,23,20,20,18,18,21,19,18,18,18
69,17,16,9,12,10,9,7,6,5,19,18,12,10,9,7,6,4,15,12,10,9,8,13,11,9,6,5,4,12,11,7,6,6,4,16,7,6,4,2,3,15,13,5,4,3,2,14,10,7,5,3,2,2,1,1,14,8,3,2,1,10,7,6,6,4,3,2,1,0,10,6,5,4,2,2,1,1,2,5,5,2,2,2,6,5,4,3,2,3,6,5,4,4,4,3,2,2,2,3,9,6,4,3,3,4,8,7,6,5,4,4,3,3,3,18,17,16,6,5,4,4,4,18,17,17,5,5,5,4,4,5,5,5,5,5,5,19,16,6,6,6,6,5,6,6,6,6,19,19,18,11,8,7,6,6,6,7,19,15,15,14,8,7,7,7,7,7,15,11,8,7,7,7,7,7,19,18,17,16,12,11,11,10,9,8,8,8,8,8,19,11,8,8,19,17,16,11,11,11,10,9,9,9,9,20,17,13,13,12,12,10,9,9,19,18,17,16,16,15,15,14,14,12,12,12,10,10,10,10,20,20,19,17,16,15,10,10,11,18,18,17,17,16,16,12,12,16,16,16,14,14,12,12,13,16,15,15,15,14,13,13,13,13,13,13,17,13,13,13,13,13,13,17,14,14,14,14,14,16,16,14,14,15,19,17,21,17,17,17,23,21,20,19,18,22,20,18,18,18
70,8,8,7,6,6,6,8,9,10,9,9,5,5,6,7,8,12,6,5,5,5,6,4,4,4,6,7,10,3,3,5,6,6,13,6,4,5,8,10,12,5,3,6,7,8,11,4,2,4,6,7,8,9,10,11,3,2,7,8,10,1,4,4,5,6,8,9,9,10,0,4,5,6,8,9,9,10,12,6,6,8,9,12,5,6,7,8,9,13,5,6,7,7,8,9,9,10,11,13,3,6,9,9,10,13,4,5,6,7,8,9,10,10,11,8,7,6,6,7,9,9,10,8,7,7,8,9,9,11,12,12,9,10,10,11,11,9,7,9,10,11,11,12,12,13,13,15,9,9,9,6,7,8,11,11,12,16,9,7,7,6,8,11,12,12,13,14,7,7,10,11,11,12,13,13,10,9,9,8,7,7,8,8,9,10,11,11,13,13,11,8,12,13,10,9,9,9,9,9,10,12,13,14,15,11,9,9,9,9,9,12,14,15,11,10,10,10,9,9,9,9,9,10,10,10,12,13,14,14,12,12,11,10,10,10,14,15,17,11,11,11,11,11,11,16,17,12,12,12,12,12,15,16,18,12,12,12,12,13,14,15,16,17,18,19,13,15,16,16,16,17,18,13,15,16,16,17,17,14,14,17,17,18,15,15,16,16,16,16,17,16,16,16,16,17,16,17,17,17
71,12,11,6,7,6,6,6,6,7,13,13,7,6,5,5,5,8,9,7,5,5,4,7,6,5,4,4,6,6,6,3,3,3,9,10,3,3,4,6,8,9,7,2,3,4,6,8,4,2,2,3,4,5,6,6,8,2,3,4,6,4,1,1,1,2,3,4,5,6,4,0,1,2,4,4,5,6,8,1,2,4,4,7,1,2,3,3,5,8,2,2,3,3,4,5,5,6,6,8,4,2,4,5,5,9,3,3,3,4,4,5,6,6,7,12,11,10,3,4,5,5,6,12,11,11,5,5,5,7,8,8,6,6,7,7,7,13,10,6,7,7,7,8,8,9,9,11,13,13,12,6,6,6,7,8,8,12,13,10,9,9,6,8,8,9,9,10,10,7,7,8,8,9,9,10,13,12,12,11,8,7,7,7,7,8,8,8,9,10,14,8,9,10,13,12,11,8,8,8,8,10,10,11,11,15,12,9,9,9,9,9,11,12,14,13,12,12,11,11,11,10,10,9,9,9,10,10,11,11,15,14,14,12,11,11,11,12,14,14,13,13,12,12,12,13,14,13,12,12,12,12,12,13,15,13,12,12,12,12,12,13,14,14,15,16,13,13,14,14,14,14,15,14,14,14,14,15,15,14,14,15,15,16,16,15,17,15,15,15,19,17,17,16,16,18,17,17,16,17
72,13,12,6,8,6,6,6,6,6,14,14,8,6,6,5,5,7,10,8,6,5,5,8,7,5,4,4,5,7,7,3,3,3,8,11,4,3,4,5,7,10,8,2,2,3,5,9,5,3,2,2,3,4,5,5,9,3,2,3,5,5,2,1,1,1,2,3,4,5,5,1,0,1,3,3,4,4,7,1,1,3,3,6,1,1,2,2,3,7,2,2,2,2,3,4,4,5,5,7,4,2,4,4,4,7,4,3,3,3,4,4,5,5,6,13,12,11,3,3,4,5,5,13,12,12,4,4,5,6,7,7,5,5,6,6,7,14,11,5,6,6,7,7,7,8,8,10,14,14,13,7,6,6,7,7,7,11,14,11,10,10,6,7,7,8,9,9,11,7,7,7,8,8,9,9,14,13,13,11,8,8,7,7,7,7,7,8,9,9,15,8,9,9,14,13,12,9,8,8,8,9,9,10,11,15,12,10,10,9,9,9,10,11,15,14,13,12,12,11,11,11,10,10,9,9,10,10,10,11,16,15,14,13,12,12,11,11,13,14,14,13,13,13,12,12,13,13,13,13,12,12,12,13,15,13,13,13,12,12,12,13,13,14,14,15,14,13,13,13,14,14,14,14,13,14,14,14,14,14,14,14,14,15,16,15,18,15,15,15,20,18,17,16,16,19,17,17,17,17
73,13,13,6,8,7,6,6,6,6,15,14,9,7,6,5,5,7,11,8,6,6,5,9,8,6,4,4,5,8,7,4,3,3,7,11,4,3,3,5,7,11,9,2,2,3,5,10,6,3,2,2,3,4,4,5,9,4,2,2,4,6,2,2,1,1,2,3,3,4,6,2,1,0,2,3,3,4,6,1,1,2,3,6,2,1,2,2,3,7,2,2,2,2,2,3,4,4,5,7,5,2,3,4,4,7,4,3,3,3,3,4,4,5,5,14,13,12,3,3,4,4,5,13,13,12,4,4,4,5,6,7,5,5,5,6,6,15,12,5,6,6,6,7,7,7,8,9,15,14,14,7,6,5,6,7,7,10,15,11,11,10,6,7,7,7,8,9,11,7,7,7,7,8,8,9,15,14,13,12,8,8,8,7,7,7,7,7,8,9,15,8,8,9,15,13,12,9,9,8,8,9,9,10,10,16,13,10,10,9,9,9,10,11,15,14,14,13,12,12,11,11,11,10,10,9,9,10,10,10,16,16,15,13,12,12,11,11,13,15,14,14,13,13,13,12,13,13,13,13,12,12,12,13,14,14,13,13,13,12,12,13,13,13,14,15,14,13,13,13,13,14,14,15,13,13,14,14,14,14,14,14,14,15,16,15,18,16,15,15,20,18,18,17,16,19,18,17,17,17
74,15,15,7,10,8,7,6,6,6,17,16,11,8,7,6,5,5,13,10,8,7,6,11,10,8,5,4,4,10,9,5,5,4,6,13,6,5,3,3,5,13,11,4,3,2,3,12,8,5,3,2,2,2,2,3,12,6,2,1,2,8,4,4,3,2,1,1,1,2,8,4,3,2,0,1,1,2,4,3,2,1,1,3,3,3,2,1,1,5,4,3,2,2,2,2,2,2,3,5,7,4,2,2,2,5,6,5,4,3,3,3,3,3,4,16,15,14,4,4,3,3,3,15,15,14,4,4,4,4,5,5,4,4,5,5,5,17,14,5,5,5,5,5,6,6,6,7,17,16,16,9,6,6,6,6,6,9,17,13,13,12,7,6,6,6,7,7,13,9,7,7,7,7,7,7,16,15,15,14,10,9,9,8,8,7,7,7,7,8,17,9,8,8,17,15,14,10,9,9,9,8,8,9,9,18,15,11,11,10,10,9,9,10,17,16,15,14,14,13,13,12,12,11,10,10,9,9,9,10,18,17,16,15,14,13,10,10,11,16,16,15,15,14,14,11,12,15,14,14,13,12,12,12,13,15,14,14,13,12,12,12,12,13,13,14,15,13,13,13,13,13,13,16,13,13,13,13,13,15,15,14,14,15,18,15,20,16,16,16,21,19,19,17,17,20,18,17,17,17
75,16,15,8,10,9,8,6,6,6,17,17,11,9,8,6,5,5,13,11,8,8,7,11,10,8,5,5,4,10,10,5,5,5,5,14,6,5,3,3,4,13,11,4,3,2,3,13,8,6,3,2,2,2,2,2,12,7,2,1,2,8,5,4,4,3,1,1,1,2,9,4,3,3,1,0,1,1,3,3,3,1,1,3,4,3,2,2,1,4,5,3,3,2,2,2,2,2,2,4,7,4,2,2,2,4,6,5,5,4,3,3,3,3,3,16,15,15,5,4,3,3,3,16,15,15,4,4,4,4,4,5,4,4,4,5,5,17,14,5,5,5,5,5,5,6,6,7,17,17,16,9,7,6,6,6,6,8,17,14,13,13,7,6,6,6,7,7,14,9,7,7,7,7,7,7,17,16,15,14,10,10,9,9,8,7,7,7,7,7,18,9,8,8,17,16,14,10,10,9,9,8,8,9,9,18,15,12,11,11,10,9,9,9,18,16,16,15,14,14,13,13,12,11,11,10,9,9,9,9,19,18,17,15,14,14,10,10,11,17,16,16,15,14,14,11,12,15,15,14,13,13,12,12,13,15,14,14,14,13,12,12,12,12,13,14,15,13,13,13,13,13,13,16,13,13,13,13,13,15,15,14,14,14,18,16,20,16,16,16,22,20,19,17,17,20,19,17,17,17
76,16,16,8,11,9,8,7,6,6,18,17,12,9,8,6,6,5,14,11,9,8,7,12,11,9,6,5,4,11,10,6,5,5,5,15,7,6,3,3,4,14,12,4,4,3,2,13,9,6,4,3,2,2,2,2,13,7,2,2,1,9,6,5,4,3,2,1,1,1,9,5,4,3,1,1,0,1,3,4,3,1,1,2,5,4,2,2,1,3,5,4,3,3,2,2,2,2,2,4,8,4,2,2,2,4,7,6,5,4,3,3,3,3,3,17,16,15,5,4,3,3,3,16,16,15,4,4,4,4,4,4,5,4,4,4,5,18,15,5,5,5,5,5,5,5,6,7,18,17,17,10,7,6,5,6,6,8,18,14,14,13,7,6,6,6,6,7,14,9,7,7,7,7,7,7,17,16,16,15,11,10,9,9,8,7,7,7,7,7,18,10,8,8,17,16,15,10,10,10,9,8,8,8,9,19,15,12,12,11,11,9,9,9,18,17,16,15,14,14,14,13,12,11,11,11,9,9,9,9,19,18,17,16,14,14,10,10,11,17,16,16,16,15,14,11,11,15,15,15,13,13,12,12,13,15,14,14,14,13,13,12,12,12,13,13,16,13,13,13,13,13,13,16,13,13,13,13,13,15,15,14,14,14,18,16,20,16,16,16,22,20,19,18,17,21,19,18,17,17
77,17,16,9,11,9,9,7,6,6,18,18,12,10,9,7,6,5,14,12,9,9,7,12,11,9,6,5,4,11,11,6,6,6,4,15,7,6,4,3,4,14,12,5,4,3,2,14,9,7,4,3,2,2,2,2,13,8,3,2,1,9,6,6,5,4,2,1,1,1,10,6,4,4,2,1,1,0,2,4,4,2,1,2,5,5,3,2,2,3,6,4,4,3,3,2,2,2,2,3,9,5,3,2,2,4,7,6,6,4,4,3,3,3,3,17,16,16,5,5,4,3,3,17,16,16,5,4,4,4,4,4,5,5,4,4,4,18,15,5,5,5,5,5,5,5,5,6,18,18,17,10,7,7,6,5,6,7,18,15,14,14,7,6,6,6,6,6,15,10,7,7,7,7,7,7,18,17,16,15,11,11,10,9,8,8,7,7,7,7,19,10,8,8,18,17,15,11,10,10,9,8,8,8,9,19,16,12,12,11,11,9,9,9,18,17,17,16,15,14,14,14,13,11,11,11,10,9,9,9,20,19,18,16,15,14,10,10,11,18,17,16,16,15,15,11,11,16,15,15,14,13,12,12,12,16,15,14,14,13,13,12,12,12,12,13,16,13,13,13,13,13,13,16,13,13,13,13,13,15,15,14,14,14,18,16,21,17,16,16,23,20,20,18,17,21,19,18,17,17
78,19,18,10,13,11,10,9,7,6,20,20,14,12,11,8,7,5,17,14,11,11,9,14,13,11,8,7,5,14,13,8,8,7,3,17,9,8,5,4,3,17,14,7,6,5,3,16,12,9,6,5,4,3,3,2,15,10,5,4,2,12,8,8,7,6,4,3,3,2,12,8,7,6,4,3,3,2,0,7,6,4,3,1,7,7,5,5,3,1,8,6,6,5,5,4,3,3,2,2,11,7,4,4,4,2,9,8,8,6,5,4,4,4,3,20,18,18,7,6,5,5,4,19,19,18,6,6,5,4,4,4,6,5,5,5,5,20,17,7,6,6,5,5,5,5,5,5,21,20,19,12,9,8,6,6,6,6,20,17,16,16,9,7,6,6,6,6,17,11,8,7,7,7,7,7,20,19,18,17,13,12,11,11,10,9,8,8,7,7,21,12,8,8,20,18,17,12,12,11,11,9,9,8,8,21,18,14,14,13,12,10,9,9,20,19,18,18,17,16,16,15,14,13,12,12,10,10,10,9,22,21,20,18,16,16,10,10,10,20,19,18,18,17,16,11,11,17,17,16,15,14,12,12,12,17,16,16,15,14,14,12,12,12,12,12,18,13,13,13,13,13,13,18,14,14,13,13,13,17,16,14,14,14,20,17,22,17,17,17,24,22,21,19,18,23,20,19,18,18
79,13,12,7,8,7,6,6,6,7,14,14,9,7,6,5,6,7,11,8,6,6,5,8,7,6,4,4,5,8,7,4,4,4,8,11,4,3,4,6,7,10,8,3,3,4,6,10,5,3,2,3,4,4,5,5,9,4,2,3,5,5,2,2,1,1,2,3,4,5,6,1,1,1,3,3,4,4,7,0,1,3,3,6,1,1,2,2,3,7,2,1,2,2,2,3,4,5,5,7,4,2,3,4,4,7,3,2,2,2,3,4,4,5,5,13,12,11,3,3,4,4,5,13,12,11,4,4,4,6,6,7,5,5,5,6,6,14,11,5,5,6,6,7,7,7,8,9,14,14,13,7,5,5,6,7,7,11,14,10,10,9,5,7,7,7,8,9,11,7,6,7,7,8,8,9,14,13,12,11,8,7,7,7,7,7,7,7,8,9,15,7,8,9,14,13,11,8,8,8,8,9,9,9,10,15,12,9,9,9,9,9,10,11,15,13,13,12,11,11,11,10,10,9,9,9,9,9,10,10,16,15,14,12,11,11,10,11,12,14,13,13,13,12,12,12,13,13,12,12,11,11,11,12,14,13,12,12,12,12,12,12,13,13,14,15,13,12,13,13,13,13,14,14,13,13,13,14,14,13,13,14,14,15,16,14,18,15,15,15,19,17,17,16,16,18,17,16,16,16
80,13,13,7,9,7,7,6,6,7,15,14,9,7,6,6,6,7,11,9,7,6,5,9,8,6,5,4,5,8,8,4,4,4,8,11,4,4,4,5,7,11,9,3,3,3,5,10,6,4,2,2,3,4,4,5,9,4,2,3,4,6,2,2,2,1,2,3,3,5,6,2,1,1,2,3,3,4,6,1,0,2,3,5,1,1,1,2,3,7,2,1,1,2,2,3,3,4,5,7,5,2,3,3,4,7,4,3,2,2,3,4,4,4,5,13,12,12,3,3,4,4,4,13,13,12,3,4,4,5,6,6,4,5,5,5,6,14,11,5,5,5,6,6,7,7,7,9,15,14,14,7,5,5,6,6,7,10,14,11,10,10,6,6,7,7,8,8,11,7,6,7,7,7,8,8,14,13,13,11,8,8,7,7,7,7,7,7,8,8,15,8,8,8,14,13,12,8,8,8,8,8,9,9,10,16,12,10,9,9,9,8,9,10,15,14,13,12,12,11,11,11,10,9,9,9,9,9,10,10,16,15,14,13,12,11,10,11,12,14,14,13,13,12,12,12,12,13,13,12,11,11,11,12,14,13,12,12,12,12,12,12,12,13,13,15,14,12,13,13,13,13,14,14,13,13,13,13,14,14,13,14,14,15,16,14,18,15,15,15,20,18,17,16,16,18,17,16,16,16
81,15,15,8,10,9,8,7,6,6,17,16,11,9,8,6,6,6,13,11,8,8,7,11,10,8,5,5,4,10,10,5,5,5,6,14,6,5,3,4,5,13,11,4,3,3,4,12,8,5,3,2,2,2,3,3,12,6,2,2,2,8,5,4,3,2,1,1,2,2,8,4,3,2,1,1,1,2,4,3,2,0,1,3,3,3,1,1,1,4,4,2,2,2,1,1,2,2,2,5,7,3,2,2,2,5,5,4,4,3,2,2,2,3,3,16,15,14,4,3,3,3,3,15,15,14,3,3,3,4,4,5,4,4,4,4,4,17,13,4,4,5,5,5,5,5,6,7,17,16,16,9,6,5,5,5,5,8,16,13,12,12,6,6,6,6,6,7,13,8,6,6,6,6,7,7,16,15,15,13,9,9,8,8,7,7,7,7,7,7,17,9,7,7,16,15,13,9,9,9,8,8,8,8,9,17,14,11,11,10,10,8,9,9,17,15,15,14,13,13,12,12,11,10,10,10,9,9,9,9,18,17,16,14,13,13,9,10,11,16,15,15,14,14,13,11,11,14,14,13,12,12,11,11,13,14,13,13,13,12,12,12,12,12,12,13,15,12,12,12,12,12,13,15,13,13,13,13,13,14,14,13,13,14,17,15,19,15,15,15,21,19,18,17,16,20,18,17,16,16
82,16,15,8,11,9,8,7,6,6,17,17,11,9,8,6,6,6,14,11,9,8,7,11,10,8,6,5,4,11,10,6,5,5,5,14,6,5,3,3,5,13,11,4,4,3,3,13,9,6,4,3,2,2,2,3,12,7,2,2,2,8,5,5,4,3,2,1,1,2,9,4,3,3,1,1,1,1,3,3,3,1,0,3,4,3,2,1,1,4,5,3,2,2,2,1,1,2,2,4,7,4,2,2,2,4,6,5,4,3,2,2,2,2,3,16,15,15,4,4,3,3,3,16,15,15,4,3,3,3,4,4,4,4,4,4,4,17,14,5,4,4,5,5,5,5,5,7,17,17,16,9,6,6,5,5,5,8,17,13,13,12,6,6,6,6,6,6,14,9,6,6,6,6,6,7,17,16,15,14,10,9,9,8,7,7,7,7,7,7,17,9,7,7,17,15,14,9,9,9,8,8,8,8,8,18,15,11,11,10,10,8,8,9,17,16,15,15,14,13,13,12,12,10,10,10,9,9,9,9,18,18,17,15,14,13,9,10,11,16,16,15,15,14,14,11,11,14,14,14,13,12,11,11,12,15,14,13,13,12,12,12,12,12,12,13,15,12,12,12,12,12,13,15,13,13,13,13,13,15,14,13,13,14,17,15,20,16,15,15,21,19,19,17,17,20,18,17,17,16
83,18,18,10,13,11,10,9,7,7,20,19,14,11,10,8,7,6,16,14,11,11,9,14,13,11,8,7,5,13,13,8,8,7,4,17,9,8,5,4,3,16,14,7,6,5,3,16,11,9,6,5,4,3,3,2,15,9,5,4,2,11,8,7,7,6,4,3,2,2,12,7,6,6,3,3,2,2,1,6,5,3,3,0,7,6,4,4,3,1,7,6,5,5,4,3,2,2,2,2,10,6,4,3,3,2,9,7,7,5,4,4,3,3,2,19,18,17,7,6,4,4,4,18,18,17,5,5,5,4,3,3,5,5,4,4,4,20,17,6,5,5,5,5,4,4,4,5,20,19,19,12,8,7,5,5,5,6,19,16,15,15,8,6,6,6,5,6,16,11,7,7,6,6,6,6,19,18,18,16,12,11,11,10,9,8,8,7,7,7,20,11,7,7,19,18,16,11,11,11,10,8,8,8,8,20,17,13,13,12,12,9,8,8,20,18,18,17,16,15,15,15,14,12,12,11,10,9,9,9,21,20,19,17,16,15,9,9,10,19,18,17,17,16,16,10,11,16,16,16,14,13,11,11,11,16,15,15,15,13,13,12,12,12,12,12,17,13,12,12,12,12,12,17,13,13,13,13,13,16,16,13,13,14,19,16,21,17,16,16,23,21,20,18,18,22,20,18,17,17
84,13,12,7,8,7,7,7,7,8,14,14,9,7,6,6,6,8,10,8,6,6,6,8,7,6,5,5,6,7,7,4,4,4,9,11,4,4,5,6,8,10,8,3,4,4,6,9,5,3,3,4,4,5,6,6,9,4,3,4,5,5,2,2,2,2,3,4,5,6,5,1,1,2,3,4,5,5,7,1,1,3,4,7,0,1,2,3,4,8,1,1,2,2,3,4,4,5,6,8,3,1,3,4,5,8,2,2,2,2,3,4,5,5,6,12,11,11,2,3,4,4,5,12,11,11,4,4,4,6,7,7,5,5,5,6,6,13,10,5,5,6,6,7,7,8,8,10,13,13,12,6,4,5,6,7,7,11,13,10,9,9,5,7,7,7,8,9,10,6,6,7,7,8,8,9,13,12,12,10,7,7,6,6,6,6,7,7,8,9,14,7,8,9,13,12,11,7,7,7,7,8,9,9,10,14,11,9,8,8,8,8,9,11,14,12,12,11,11,10,10,10,9,8,8,8,9,9,10,10,15,14,13,12,11,10,10,11,12,13,12,12,12,11,11,12,13,12,12,11,11,11,11,12,14,12,11,11,11,11,11,12,12,13,13,15,13,12,12,13,13,13,14,13,12,13,13,13,14,13,13,13,14,15,15,14,17,14,14,14,18,17,16,15,15,17,16,15,15,15
85,13,13,7,9,7,7,7,7,7,15,14,9,7,7,6,6,8,11,9,7,6,6,9,8,6,5,5,6,8,7,5,4,4,8,11,4,4,4,6,8,10,8,3,3,4,6,10,6,4,3,3,4,5,5,6,9,4,3,4,5,5,2,2,2,2,3,4,4,5,6,2,1,1,3,3,4,5,7,1,1,3,3,6,1,0,2,2,3,7,1,1,1,2,2,3,4,4,5,7,4,1,3,3,4,7,3,2,2,2,3,4,4,5,5,13,12,11,2,2,4,4,4,12,12,11,3,4,4,5,6,7,4,5,5,6,6,14,11,4,5,5,6,6,7,7,8,9,14,13,13,6,4,4,6,6,7,10,14,10,10,9,5,6,7,7,8,8,10,6,6,6,7,7,8,8,14,13,12,11,7,7,6,6,6,6,6,7,8,8,14,7,8,8,14,12,11,7,7,7,7,8,8,9,10,15,12,9,9,8,8,8,9,10,14,13,12,12,11,11,10,10,9,9,8,8,9,9,9,10,15,15,14,12,11,11,10,10,12,14,13,12,12,12,11,11,12,12,12,12,11,11,11,12,14,12,12,11,11,11,11,12,12,13,13,14,13,12,12,12,13,13,13,13,12,13,13,13,13,13,13,13,13,14,15,14,17,14,14,14,19,17,16,15,15,18,16,16,15,15
86,15,14,8,10,8,8,7,7,7,16,16,10,8,7,6,6,7,12,10,8,7,6,10,9,7,5,5,5,9,9,5,5,5,7,13,5,5,4,5,6,12,10,4,3,3,5,11,7,5,3,3,3,4,4,4,11,5,2,2,4,7,4,3,3,2,2,2,3,4,7,3,2,2,2,2,2,3,5,2,1,1,2,4,2,2,0,1,2,6,3,1,1,1,1,2,2,3,3,6,6,2,2,2,2,6,4,3,3,2,2,2,3,3,4,14,13,13,3,2,2,3,3,14,13,13,3,3,3,4,5,5,3,4,4,4,5,15,12,4,4,4,5,5,5,6,6,8,15,15,14,7,5,5,5,5,6,9,15,12,11,11,5,5,6,6,7,7,12,7,6,6,6,6,7,7,15,14,14,12,8,8,7,7,6,6,6,6,7,7,16,8,7,7,15,14,12,8,8,8,7,7,8,8,9,16,13,10,9,9,9,8,8,9,16,14,14,13,12,12,11,11,10,9,9,9,8,8,9,9,17,16,15,13,12,12,9,10,11,15,14,14,13,13,12,11,11,13,13,12,11,11,11,11,13,13,12,12,12,11,11,11,11,12,12,13,14,12,12,12,12,12,13,14,12,12,12,13,13,13,13,13,13,14,16,14,18,15,15,14,20,18,17,16,15,19,17,16,16,16
87,15,15,8,10,9,8,7,7,7,17,16,11,9,8,6,6,7,13,10,8,8,7,11,10,8,6,5,5,10,9,5,5,5,7,13,6,5,4,4,6,13,10,4,3,3,4,12,8,5,3,3,3,3,4,4,11,6,2,2,3,7,4,4,3,2,2,2,2,3,8,3,2,2,1,2,2,2,5,2,2,1,1,4,3,2,1,0,1,5,3,2,1,1,1,1,2,2,3,5,6,2,1,2,2,5,5,4,3,2,2,2,2,3,3,15,14,13,3,2,2,2,3,15,14,13,3,3,3,4,4,5,3,3,4,4,4,16,13,4,4,4,4,5,5,5,6,7,16,15,15,8,5,5,5,5,5,8,16,12,12,11,5,5,5,6,6,7,12,7,6,6,6,6,6,7,16,15,14,13,9,8,7,7,6,6,6,6,7,7,16,8,7,7,15,14,13,8,8,8,7,7,7,8,8,17,13,10,10,9,9,8,8,9,16,15,14,13,12,12,12,11,11,9,9,9,8,8,9,9,17,16,15,14,12,12,9,9,11,15,14,14,14,13,13,10,11,13,13,13,12,11,11,11,12,13,13,12,12,11,11,11,11,12,12,13,14,12,12,12,12,12,12,14,12,12,12,12,13,14,13,13,13,14,16,14,18,15,15,15,20,18,18,16,16,19,17,16,16,16
88,16,15,9,11,9,9,7,7,7,18,17,12,9,9,7,6,6,14,11,9,9,7,12,11,9,6,6,5,11,10,6,6,5,6,14,7,6,4,4,5,14,11,5,4,3,4,13,9,6,4,3,3,3,3,3,12,7,3,2,2,8,5,5,4,3,2,2,2,2,9,5,3,3,1,1,1,2,3,3,3,1,1,3,4,3,2,1,0,4,4,3,2,2,1,1,1,1,2,4,7,3,1,1,1,4,6,5,4,3,2,2,2,2,2,16,15,14,4,3,2,2,2,16,15,15,3,3,3,3,4,4,3,3,3,3,4,17,14,4,4,4,4,4,4,5,5,6,17,17,16,9,6,5,4,5,5,7,17,13,13,12,6,5,5,5,6,6,13,8,6,6,6,6,6,6,17,16,15,14,9,9,8,8,7,6,6,6,6,6,17,9,7,7,16,15,14,9,9,8,8,7,7,7,8,18,14,11,11,10,9,8,8,8,17,16,15,14,13,13,12,12,11,10,10,9,8,8,8,8,18,17,16,15,13,13,9,9,10,16,15,15,14,14,13,10,11,14,14,13,12,12,10,11,12,14,13,13,13,11,11,11,11,11,12,13,15,12,12,12,12,12,12,15,12,12,12,12,12,14,14,13,13,13,17,15,19,15,15,15,21,19,18,16,16,20,18,16,16,16
89,20,19,11,14,12,11,10,8,8,21,21,15,13,12,9,9,6,17,15,12,12,10,15,14,12,9,8,6,14,14,9,9,8,4,18,10,9,6,5,4,17,15,8,7,6,4,17,12,10,7,6,5,4,4,4,16,11,6,5,4,12,9,8,8,7,5,4,4,3,13,8,7,7,5,4,3,3,1,7,7,4,4,1,8,7,6,5,4,0,8,7,6,6,5,4,3,3,2,1,11,7,5,4,3,1,9,8,8,6,5,4,4,3,3,20,19,18,7,6,5,4,4,19,19,18,6,6,5,4,3,3,6,5,5,4,4,21,17,6,5,5,5,4,4,4,4,4,21,20,20,12,9,8,6,5,5,5,20,17,16,16,9,6,6,5,5,5,17,11,7,7,6,6,6,6,20,19,19,17,13,12,11,11,9,8,8,7,6,6,21,11,7,7,20,18,17,12,11,11,10,8,8,7,7,21,18,14,13,13,12,9,8,8,20,19,18,17,17,16,16,15,14,12,12,12,10,9,9,9,22,21,20,18,16,16,9,9,9,19,18,18,18,16,16,10,10,17,16,16,14,14,11,11,11,17,16,15,15,13,13,11,11,11,11,11,17,13,12,12,12,12,12,18,13,13,12,12,12,16,16,13,13,13,19,16,22,17,17,16,24,21,21,18,18,22,20,18,17,17
90,13,12,8,8,7,7,7,8,8,14,13,9,7,7,7,7,9,10,8,7,6,6,8,7,6,6,6,7,7,7,5,5,5,10,10,5,4,5,7,9,10,8,4,4,5,7,9,5,3,4,4,5,6,6,7,8,4,4,5,6,4,2,2,2,3,4,5,5,6,5,2,2,2,4,5,5,6,8,2,2,4,5,7,1,1,3,3,4,8,0,2,2,3,3,4,5,6,6,8,3,1,4,4,5,8,2,1,1,2,3,5,5,6,6,12,11,10,2,3,4,5,5,11,11,10,4,4,4,6,7,7,5,5,6,6,7,13,9,5,5,6,6,7,7,8,8,10,13,12,12,5,4,4,6,7,7,11,12,9,8,8,5,7,7,7,8,9,9,5,6,7,7,8,8,9,12,11,11,9,6,6,6,6,6,6,6,7,8,9,13,6,8,9,12,11,10,7,7,7,7,8,9,9,10,14,11,8,8,7,7,8,9,11,13,12,11,11,10,9,9,9,8,8,8,8,8,9,9,10,14,13,12,11,10,10,10,11,12,12,12,11,11,11,10,11,12,11,11,11,10,10,11,12,14,11,11,11,11,11,11,12,12,13,13,15,12,11,12,12,13,13,13,12,12,12,13,13,13,12,12,13,13,14,14,13,16,14,14,14,18,16,16,15,14,17,15,15,15,15
91,14,13,8,9,8,8,7,7,8,15,15,10,8,7,7,7,8,12,9,7,7,6,9,9,7,6,5,6,9,8,5,5,5,8,12,5,5,5,6,7,11,9,4,4,4,6,10,6,4,3,3,4,5,5,5,10,5,3,4,5,6,3,3,2,2,3,4,4,5,6,2,2,2,3,3,4,4,6,1,1,2,3,6,1,1,1,2,3,7,2,0,1,1,2,3,3,4,4,7,4,1,2,3,3,7,3,2,2,1,2,3,3,4,5,13,12,12,2,2,3,3,4,13,12,12,2,3,3,4,5,6,4,4,4,5,5,14,11,4,4,5,5,6,6,6,7,8,14,14,13,6,4,4,5,5,6,10,14,10,10,9,4,5,6,6,7,7,11,6,5,6,6,7,7,7,14,13,12,11,7,7,6,6,6,6,6,6,7,7,15,7,7,7,14,12,11,7,7,7,7,7,8,8,9,15,12,9,8,8,8,7,8,9,14,13,13,12,11,11,10,10,9,8,8,8,8,8,9,9,16,15,14,12,11,11,9,10,11,14,13,12,12,11,11,11,11,12,12,11,10,10,10,11,13,12,11,11,11,10,10,11,11,12,12,14,13,11,11,12,12,12,13,13,12,12,12,12,13,13,12,13,13,14,15,13,17,14,14,14,19,17,16,15,15,18,16,15,15,15
92,14,14,8,10,8,8,7,7,7,16,15,10,8,8,7,7,8,12,10,8,7,7,10,9,7,6,6,6,9,9,5,5,5,8,12,5,5,5,5,7,12,10,4,4,4,5,11,7,5,3,3,4,4,5,5,10,5,3,3,4,6,4,3,3,2,2,3,4,4,7,3,2,2,2,3,3,4,6,2,1,2,2,5,2,1,1,1,2,6,2,1,0,1,1,2,3,3,4,6,5,1,2,2,3,6,3,2,2,1,2,2,3,3,4,14,13,12,2,2,2,3,3,13,13,12,2,2,3,4,5,5,3,4,4,4,5,15,11,3,4,4,5,5,6,6,6,8,15,14,14,7,4,4,5,5,5,9,14,11,10,10,5,5,5,6,7,7,11,6,5,5,6,6,7,7,14,13,13,11,7,7,6,6,6,6,6,6,7,7,15,7,7,7,14,13,11,7,7,7,7,7,7,8,9,15,12,9,9,8,8,7,8,9,15,13,13,12,11,11,11,10,9,8,8,8,8,8,8,9,16,15,14,12,11,11,9,9,11,14,13,13,12,12,11,10,11,12,12,12,11,10,10,11,13,12,12,11,11,11,10,11,11,12,12,13,13,11,11,11,12,12,12,13,12,12,12,12,12,13,13,12,13,13,15,13,17,14,14,14,19,17,17,15,15,18,16,15,15,15
93,15,14,8,10,9,8,7,7,7,16,16,11,9,8,7,7,7,13,10,8,8,7,10,9,8,6,6,6,10,9,6,5,5,7,13,6,5,4,5,7,12,10,4,4,4,5,11,7,5,3,3,3,4,4,5,11,6,3,3,4,7,4,4,3,2,2,3,3,4,7,3,2,2,2,2,3,3,5,2,2,2,2,5,2,2,1,1,2,6,3,1,1,0,1,2,2,3,3,6,6,2,1,2,2,6,4,3,2,1,1,2,2,3,3,14,13,13,2,2,2,2,3,14,13,13,2,2,2,4,4,5,3,3,4,4,4,15,12,3,4,4,4,5,5,5,6,7,15,15,14,7,4,4,4,5,5,9,15,11,11,10,5,5,5,5,6,7,12,7,5,5,5,6,6,7,15,14,13,12,8,7,7,6,6,5,6,6,6,7,16,7,6,7,15,13,12,8,7,7,7,7,7,8,8,16,13,9,9,8,8,7,8,9,15,14,13,13,12,11,11,11,10,9,8,8,8,8,8,8,17,16,15,13,12,11,9,9,11,15,14,13,13,12,12,10,11,13,12,12,11,10,10,11,12,13,12,12,11,11,11,11,11,11,12,13,13,11,11,11,11,12,12,14,12,12,12,12,12,13,13,12,12,13,16,14,18,14,14,14,19,17,17,15,15,18,16,15,15,15
94,15,15,9,11,9,8,7,7,7,17,16,11,9,8,7,7,7,13,11,9,8,7,11,10,8,6,6,6,10,10,6,6,5,7,13,6,5,4,5,6,13,11,4,4,4,5,12,8,5,4,3,3,4,4,4,11,6,3,3,4,7,4,4,4,3,2,2,3,4,8,4,3,2,2,2,2,3,5,2,2,1,2,4,3,2,1,1,1,5,3,2,1,1,0,1,2,2,3,5,6,2,1,1,2,5,5,3,3,2,1,2,2,2,3,15,14,13,3,2,2,2,2,14,14,13,2,2,2,3,4,4,3,3,3,4,4,16,13,3,3,4,4,4,5,5,5,7,16,15,15,8,5,4,4,4,5,8,15,12,11,11,5,5,5,5,6,6,12,7,5,5,5,6,6,6,15,14,14,12,8,8,7,7,6,6,5,6,6,6,16,7,6,7,15,14,12,8,8,7,7,7,7,7,8,16,13,10,9,9,8,7,8,8,16,14,14,13,12,12,11,11,10,9,9,8,8,8,8,8,17,16,15,13,12,12,9,9,10,15,14,14,13,12,12,10,11,13,13,12,11,11,10,10,12,13,12,12,12,11,11,11,11,11,12,13,13,11,11,11,11,11,12,14,12,12,12,12,12,13,13,12,12,13,16,14,18,14,14,14,20,18,17,16,15,18,17,15,15,15
95,16,16,9,11,10,9,8,7,7,18,17,12,10,9,7,7,7,14,12,9,9,8,12,11,9,7,6,5,11,11,7,6,6,6,14,7,6,5,5,5,14,12,5,4,4,4,13,9,6,4,4,3,3,3,4,12,7,3,3,3,9,5,5,4,4,2,2,2,3,9,5,4,3,2,2,2,2,4,3,3,1,1,3,4,3,2,1,1,4,4,3,2,2,1,0,1,1,2,4,7,3,1,1,1,4,6,5,4,2,2,1,1,2,2,16,15,14,4,3,2,2,2,16,15,14,3,2,2,2,3,4,3,3,3,3,3,17,14,3,3,3,3,4,4,4,5,6,17,16,16,9,5,5,4,4,4,7,17,13,12,12,5,4,5,5,5,5,13,8,5,5,5,5,5,6,16,15,15,13,9,9,8,7,6,6,6,6,6,6,17,8,6,6,16,15,13,9,8,8,7,7,7,7,7,17,14,11,10,9,9,7,7,8,17,15,15,14,13,13,12,12,11,9,9,9,8,8,8,8,18,17,16,14,13,12,8,9,10,16,15,15,14,13,13,10,10,14,13,13,12,11,10,10,11,14,13,12,12,11,11,10,11,11,11,12,14,11,11,11,11,11,11,15,12,12,12,12,12,14,13,12,12,13,16,14,19,15,14,14,21,18,18,16,16,19,17,16,15,15
96,17,16,9,12,10,9,8,7,7,18,18,12,10,9,8,7,7,15,12,10,9,8,12,11,9,7,6,6,12,11,7,7,6,6,15,7,7,5,4,5,14,12,5,5,4,4,14,9,7,5,4,3,3,3,3,13,8,4,3,3,9,6,5,5,4,3,2,2,2,9,5,4,4,2,2,2,2,3,4,3,2,1,2,4,4,2,2,1,3,5,3,3,2,2,1,0,1,1,3,8,4,1,1,1,3,6,5,5,3,2,1,1,1,2,17,15,15,4,3,2,2,2,16,16,15,3,3,2,2,3,3,3,3,3,3,3,17,14,4,3,3,3,3,4,4,4,5,17,17,16,9,6,5,4,4,4,7,17,13,13,12,6,4,4,5,5,5,14,8,5,5,5,5,5,5,17,16,15,14,9,9,8,8,7,6,6,6,6,6,18,9,6,6,17,15,14,9,9,8,8,7,7,7,7,18,15,11,11,10,9,7,7,8,17,16,15,14,13,13,13,12,11,10,9,9,8,8,8,8,18,17,17,15,13,13,8,8,9,16,15,15,15,14,13,9,10,14,14,13,12,11,10,10,11,14,13,13,12,11,11,10,11,11,11,12,14,11,11,11,11,11,11,15,12,12,12,12,12,14,14,12,12,13,17,14,19,15,15,14,21,19,18,16,16,20,18,16,16,15
97,17,17,10,12,11,10,8,7,7,19,18,13,11,10,8,7,7,15,13,10,10,9,13,12,10,7,7,6,12,12,7,7,7,6,15,8,7,5,4,5,15,13,6,5,4,4,14,10,7,5,4,4,3,3,3,13,8,4,3,3,10,6,6,5,4,3,2,2,2,10,6,5,4,2,2,2,2,3,5,4,2,2,2,5,4,3,2,1,3,6,4,3,3,2,1,1,0,1,3,8,4,2,1,1,3,7,6,5,3,2,2,1,1,1,17,16,15,5,4,2,2,2,17,16,16,4,3,3,2,2,3,3,3,3,3,3,18,15,4,3,3,3,3,3,4,4,5,18,17,17,10,6,5,4,4,4,6,18,14,13,13,6,4,4,4,5,5,14,9,5,5,5,5,5,5,17,16,16,14,10,9,9,8,7,6,6,6,6,6,18,9,6,6,17,16,14,9,9,9,8,7,7,7,7,18,15,11,11,10,10,7,7,7,18,16,16,15,14,13,13,13,12,10,10,9,8,8,8,8,19,18,17,15,14,13,8,8,9,17,16,15,15,14,14,9,10,14,14,14,12,12,10,10,11,14,13,13,13,11,11,10,10,11,11,12,15,11,11,11,11,11,11,15,12,12,12,12,12,14,14,12,12,13,17,15,19,15,15,15,21,19,18,17,16,20,18,16,16,16
98,18,17,10,13,11,10,9,8,7,19,19,13,11,10,8,8,7,16,13,11,10,9,13,12,10,8,7,6,13,12,8,7,7,5,16,8,7,5,4,5,15,13,6,5,5,4,15,10,8,5,5,4,3,3,3,14,9,4,4,3,10,7,6,6,5,4,3,2,2,11,6,5,5,3,2,2,2,2,5,5,2,2,2,6,5,3,3,2,2,6,4,4,3,3,2,1,1,0,2,9,5,2,2,1,2,7,6,6,4,3,2,2,1,1,18,17,16,5,4,3,2,2,17,17,16,4,4,3,2,2,2,4,3,3,3,3,18,15,4,4,3,3,3,3,3,4,5,19,18,17,10,7,6,4,4,4,6,18,14,14,13,7,5,4,4,5,5,15,9,6,5,5,5,5,5,18,17,16,15,10,10,9,9,7,6,6,6,5,6,19,9,6,6,18,16,15,10,9,9,8,7,7,7,7,19,15,12,11,11,10,8,7,7,18,17,16,15,14,14,13,13,12,11,10,10,8,8,8,8,19,18,17,16,14,14,8,8,9,17,16,16,15,14,14,9,10,15,14,14,13,12,10,10,11,15,14,13,13,12,11,11,10,11,11,11,15,11,11,11,11,11,11,16,12,12,12,12,12,14,14,12,12,13,18,15,20,15,15,15,22,19,19,17,16,20,18,16,16,16
99,20,19,12,15,13,12,10,9,8,21,21,15,13,12,10,9,7,18,15,13,12,11,15,14,12,9,9,7,15,14,10,9,9,5,18,10,9,7,5,4,17,15,8,7,6,4,17,13,10,7,6,5,5,4,4,16,11,6,5,4,12,9,9,8,7,5,4,4,3,13,8,7,7,5,4,4,3,2,7,7,5,4,2,8,7,6,5,4,1,8,7,6,6,5,4,3,3,2,0,11,7,4,4,3,1,9,8,8,6,5,4,3,3,2,20,19,18,7,6,5,4,4,19,19,18,6,5,5,4,3,2,5,5,4,4,4,21,17,6,5,5,4,4,4,3,3,3,21,20,20,12,9,8,5,5,4,4,20,17,16,15,8,5,5,5,5,4,17,11,7,6,6,5,5,5,20,19,18,17,12,12,11,10,9,8,7,7,6,6,21,11,7,6,20,18,17,11,11,11,10,7,7,7,7,21,17,14,13,12,12,9,7,7,20,19,18,17,16,16,15,15,14,12,12,11,9,9,8,8,21,20,19,17,16,16,9,8,8,19,18,18,17,16,16,9,9,16,16,16,14,13,11,10,10,16,15,15,14,13,12,11,11,11,10,11,17,12,11,11,11,11,11,17,13,12,12,12,12,16,15,13,12,13,19,16,21,16,16,16,24,21,20,18,17,22,20,18,17,17
100,11,11,9,8,8,8,9,10,11,12,11,8,7,7,8,9,11,9,7,7,7,7,7,6,6,7,7,9,6,6,6,6,7,12,8,5,6,8,10,12,7,6,6,7,7,10,7,4,4,6,7,8,9,9,10,6,3,6,7,9,3,4,4,4,5,7,8,8,9,3,4,4,5,7,7,8,9,11,4,5,7,7,10,3,4,6,6,7,11,3,4,5,6,6,7,8,8,9,11,0,4,7,7,8,11,2,3,3,5,6,7,8,8,9,9,8,7,4,5,7,7,8,8,8,7,6,6,7,8,9,10,7,7,8,9,9,10,7,7,8,8,9,9,10,10,11,12,10,9,9,3,5,5,8,9,9,14,10,6,6,5,5,9,9,10,11,11,7,5,7,8,9,10,10,11,10,9,8,7,5,5,5,5,6,7,8,8,10,11,10,6,9,10,10,9,7,6,6,7,7,10,10,11,12,11,8,7,7,7,7,9,11,12,11,9,9,8,8,8,7,7,7,7,7,8,9,10,11,11,12,11,10,9,8,8,11,12,14,10,10,9,9,9,9,13,14,10,9,9,9,10,12,13,16,10,10,10,10,11,11,13,13,14,15,16,11,12,13,13,14,14,15,11,13,13,14,14,14,12,12,14,14,15,13,13,14,13,13,14,16,14,14,14,14,15,14,14,15,15
101,14,13,8,9,8,8,8,8,8,15,15,10,8,8,7,7,9,11,9,8,7,7,9,9,7,6,6,7,9,8,6,6,5,9,12,5,5,5,7,8,11,9,4,5,5,7,10,6,4,4,4,5,5,6,6,9,5,4,4,6,6,3,3,3,3,4,4,5,6,6,2,2,2,4,4,4,5,7,2,2,3,4,6,1,1,2,2,3,7,1,1,1,2,2,3,4,4,5,7,4,0,3,3,4,7,2,1,1,1,2,3,4,4,5,13,12,11,1,2,3,3,4,12,12,11,2,3,3,5,6,6,4,4,4,5,5,13,10,4,4,5,5,6,6,7,7,9,14,13,13,5,3,3,5,6,6,10,13,10,9,9,4,5,6,6,7,8,10,5,5,6,6,7,7,7,13,12,12,10,6,6,5,5,5,5,5,6,7,7,14,6,7,7,13,12,10,6,6,6,6,7,7,8,9,14,11,8,8,7,7,7,8,9,14,12,12,11,10,10,9,9,8,7,7,7,7,8,8,9,15,14,13,11,10,10,9,9,11,13,12,12,11,11,10,10,11,11,11,11,10,9,10,11,13,11,11,10,10,10,10,11,11,12,12,14,12,11,11,11,12,12,12,12,11,11,12,12,12,12,12,12,12,13,14,13,16,13,13,13,18,16,15,14,14,17,15,14,14,14
102,16,16,9,11,10,9,8,8,8,17,17,12,10,9,8,7,7,14,11,9,9,8,12,11,9,7,6,6,11,10,7,6,6,7,14,7,6,5,5,6,13,11,5,5,4,5,13,9,6,4,4,4,4,4,4,12,7,3,3,4,8,5,5,4,4,3,3,3,4,9,4,4,3,2,2,2,3,4,3,3,2,2,4,3,3,2,1,1,5,4,2,2,1,1,1,1,2,2,4,7,3,0,1,1,4,5,4,3,2,1,1,1,2,2,15,14,14,3,2,1,1,2,15,14,14,2,2,2,2,3,4,2,2,2,3,3,16,13,3,3,3,3,4,4,4,5,6,16,16,15,8,5,4,3,4,4,7,16,12,12,11,5,4,4,4,5,5,12,7,4,4,5,5,5,6,16,15,14,13,8,8,7,7,6,5,5,5,5,6,16,7,6,6,16,14,13,8,7,7,7,6,6,7,7,17,13,10,9,9,8,7,7,8,16,15,14,13,12,12,11,11,10,9,8,8,7,7,7,7,17,16,15,13,12,12,8,8,9,15,14,14,13,12,12,9,10,13,12,12,11,10,9,10,11,13,12,12,11,10,10,10,10,10,11,12,13,10,11,11,11,11,11,14,11,11,11,11,11,13,13,12,12,12,16,13,18,14,14,14,20,18,17,15,15,18,17,15,15,15
103,17,16,10,12,10,9,8,8,8,18,17,12,10,9,8,7,7,14,12,10,9,8,12,11,9,7,7,6,11,11,7,7,6,7,15,7,7,5,5,6,14,12,5,5,5,5,13,9,7,5,4,4,4,4,4,13,7,4,3,3,9,6,5,5,4,3,3,3,3,9,5,4,4,2,2,2,2,4,4,3,2,2,3,4,3,2,2,1,4,4,3,2,2,1,1,1,1,2,4,7,3,1,0,1,4,6,4,4,2,1,1,1,1,2,16,15,14,3,2,1,1,1,15,15,14,2,2,2,2,3,3,2,2,2,2,3,17,13,3,3,3,3,3,4,4,4,6,17,16,16,8,5,4,3,3,4,7,16,13,12,12,5,4,4,4,5,5,13,7,5,4,4,5,5,5,16,15,15,13,9,8,7,7,6,5,5,5,5,5,17,8,6,6,16,15,13,8,8,7,7,6,6,6,7,17,14,10,10,9,9,7,7,7,16,15,15,14,13,12,12,11,11,9,9,8,7,7,7,7,18,17,16,14,13,12,8,8,9,16,15,14,14,13,12,9,10,13,13,12,11,11,9,10,11,13,12,12,12,10,10,10,10,10,11,12,14,11,10,11,11,11,11,14,11,11,11,11,11,13,13,12,12,12,16,14,18,14,14,14,20,18,17,15,15,19,17,15,15,15
104,17,17,10,12,11,10,9,8,8,18,18,13,11,10,8,8,7,15,12,10,10,9,13,12,10,7,7,6,12,11,7,7,7,6,15,8,7,5,5,6,14,12,6,5,5,5,14,10,7,5,4,4,4,4,4,13,8,4,3,3,9,6,6,5,4,3,3,3,3,10,5,4,4,2,2,2,2,4,4,4,2,2,3,5,4,2,2,1,3,5,3,3,2,2,1,1,1,1,3,8,4,1,1,0,3,6,5,4,3,2,1,1,1,1,17,15,15,4,3,2,1,1,16,15,15,3,2,2,2,2,3,2,2,2,2,2,17,14,3,3,3,3,3,3,4,4,5,17,17,16,9,5,5,3,3,3,6,17,13,13,12,5,4,4,4,4,5,13,8,5,4,4,5,5,5,17,16,15,14,9,9,8,7,6,5,5,5,5,5,17,8,6,6,17,15,14,9,8,8,7,6,6,6,7,18,14,11,10,9,9,7,7,7,17,15,15,14,13,13,12,12,11,9,9,9,7,7,7,7,18,17,16,14,13,13,8,8,9,16,15,15,14,13,13,9,9,14,13,13,11,11,9,9,11,14,13,12,12,11,10,10,10,10,10,11,14,11,10,10,11,11,11,14,11,11,11,11,11,13,13,12,12,12,16,14,19,14,14,14,21,18,18,16,15,19,17,16,15,15
105,20,19,12,15,13,12,11,9,9,22,21,15,13,12,10,9,7,18,15,13,12,11,16,15,13,10,9,7,15,14,10,9,9,5,18,11,10,7,6,5,18,15,8,7,7,5,17,13,10,8,7,6,5,5,4,16,11,6,6,4,12,9,9,8,7,6,5,4,4,13,9,7,7,5,4,4,4,2,7,7,5,4,2,8,7,6,5,4,1,8,7,6,6,5,4,3,3,2,1,11,7,4,4,3,0,9,8,8,6,5,4,3,3,2,20,19,18,7,6,5,4,3,19,19,18,6,5,5,3,2,2,5,4,4,4,3,21,17,6,5,4,4,4,3,3,3,3,21,20,20,12,8,7,5,4,4,4,20,16,16,15,8,5,5,4,4,4,17,11,7,6,6,5,5,5,20,19,18,17,12,12,11,10,9,7,7,7,5,5,21,11,6,6,20,18,17,11,11,10,9,7,7,6,6,21,17,13,13,12,11,8,7,7,20,18,18,17,16,15,15,15,14,12,11,11,9,8,8,7,21,20,19,17,16,15,8,8,8,19,18,17,17,16,15,9,9,16,16,15,14,13,10,9,9,16,15,14,14,12,12,10,10,10,10,10,16,12,11,11,11,11,10,17,12,12,11,11,11,15,15,12,12,12,19,15,21,16,16,15,23,21,20,18,17,21,19,17,17,16
106,12,12,9,9,8,8,9,9,10,13,13,9,8,8,8,8,11,10,8,7,7,7,8,8,7,7,7,9,7,7,6,6,6,11,10,5,6,7,9,10,9,7,5,6,7,9,8,5,4,5,6,7,7,8,8,8,4,5,6,8,4,3,3,4,4,6,6,7,8,4,3,4,4,6,6,7,7,9,3,4,5,6,9,2,3,4,5,6,9,2,3,3,4,5,6,6,7,7,9,2,2,5,6,6,9,0,1,2,3,4,5,6,7,7,10,9,9,2,3,5,6,6,10,9,9,4,5,5,7,8,8,5,6,6,7,7,11,8,5,6,6,7,7,8,9,9,11,11,11,10,4,3,4,7,7,8,12,11,7,7,6,4,7,7,8,9,9,8,4,6,7,7,8,9,9,11,10,9,8,5,5,4,4,5,6,6,7,8,9,12,5,8,9,11,9,8,5,6,6,6,8,9,9,10,12,9,6,6,6,6,7,9,11,11,10,10,9,8,8,8,7,7,7,7,7,8,9,9,10,13,12,11,9,8,8,10,11,13,11,10,10,9,9,9,11,12,10,9,9,9,9,10,12,14,10,9,9,9,10,10,11,12,12,13,15,10,11,12,12,12,13,13,11,11,12,12,13,13,11,11,13,13,14,13,12,15,13,13,13,16,15,14,13,13,15,14,14,14,14
107,13,13,9,9,9,8,8,9,9,14,14,9,8,8,8,8,10,11,9,8,7,7,9,8,7,7,7,8,8,8,6,6,6,10,11,6,5,6,8,9,10,8,5,5,6,8,9,6,5,5,5,6,7,7,7,9,4,5,5,7,5,3,3,3,4,5,5,6,7,5,3,3,3,5,5,6,6,8,2,3,4,5,7,2,2,3,4,5,8,1,2,2,3,3,5,5,6,6,8,3,1,4,4,5,8,1,0,1,2,3,4,5,6,6,12,10,10,1,2,4,4,5,11,11,10,3,3,4,6,7,7,4,5,5,6,6,12,9,4,5,5,6,6,7,7,8,10,12,12,11,4,3,3,6,6,7,11,12,8,8,7,3,6,6,7,8,8,9,4,5,6,6,7,8,8,12,11,10,9,5,5,5,4,5,5,5,6,7,8,13,5,7,8,12,10,9,6,6,5,6,7,8,9,9,13,10,7,7,6,6,7,9,10,12,11,11,10,9,9,8,8,7,7,7,7,7,8,9,9,14,13,12,10,9,9,9,10,12,12,11,11,10,10,9,11,12,10,10,10,9,9,10,11,13,10,10,10,9,9,9,11,11,12,12,14,11,10,11,11,12,12,13,11,11,11,12,12,12,11,11,12,12,13,13,12,15,13,13,13,17,15,15,13,13,16,14,14,14,14
108,14,13,9,10,9,8,8,9,9,15,14,10,8,8,8,8,9,11,9,8,8,7,9,9,7,7,7,8,9,8,6,6,6,10,11,6,6,6,7,9,11,9,5,5,6,7,10,6,5,5,5,5,6,7,7,9,5,4,5,6,6,3,3,3,3,4,5,5,6,6,3,3,3,4,5,5,6,8,2,2,4,4,7,2,2,3,3,4,8,1,2,2,2,3,4,5,5,6,8,3,1,3,4,4,8,2,1,0,2,3,4,4,5,6,12,11,10,1,2,3,4,4,12,11,11,2,3,3,5,6,7,4,4,5,5,6,13,10,4,4,5,5,6,6,7,7,9,13,12,12,5,3,3,5,6,6,10,13,9,8,8,3,5,6,6,7,8,9,4,5,5,6,7,7,8,12,11,11,9,5,5,5,5,4,5,5,5,7,7,13,5,7,7,12,11,9,6,6,6,6,7,7,8,9,14,10,7,7,6,6,7,8,9,13,11,11,10,9,9,9,8,8,7,7,7,7,8,8,9,14,13,12,11,9,9,9,9,11,12,11,11,11,10,10,10,11,10,10,10,9,9,10,11,13,11,10,10,10,9,9,10,11,11,12,14,11,10,11,11,11,12,12,12,11,11,12,12,12,11,11,12,12,13,14,12,15,13,13,13,17,15,15,14,13,16,15,14,14,14
109,15,15,9,11,9,9,8,8,9,16,16,11,9,9,8,8,9,13,11,9,8,8,11,10,8,7,7,7,10,9,6,6,6,9,13,6,6,6,6,8,12,10,5,5,5,6,11,7,5,4,4,5,5,5,6,11,6,4,4,5,7,4,4,4,3,3,4,4,5,7,4,3,3,3,4,4,4,6,2,2,3,3,5,2,2,2,2,3,6,2,1,1,1,2,2,3,3,4,6,5,1,2,2,3,6,3,2,2,0,1,2,3,3,4,14,13,12,1,1,2,2,3,13,13,12,1,2,2,3,5,5,2,3,3,4,4,14,11,2,3,4,4,4,5,5,6,7,15,14,13,6,3,3,4,4,5,9,14,10,10,9,3,4,5,5,6,6,11,5,4,4,5,5,6,6,14,13,12,11,7,6,5,5,5,4,5,5,6,6,15,6,6,6,14,12,11,6,6,6,6,6,6,7,8,15,12,8,8,7,7,6,7,8,14,13,12,11,11,10,10,9,9,7,7,7,7,7,7,8,15,15,14,12,11,10,8,8,10,13,13,12,12,11,11,9,10,11,11,11,10,9,9,10,12,11,11,10,10,9,9,10,10,11,11,12,12,10,10,10,11,11,11,12,11,11,11,11,11,12,11,11,11,12,14,12,16,13,13,13,18,16,16,14,14,17,15,14,14,14
110,16,15,10,11,10,9,9,8,8,17,17,12,10,9,8,8,8,14,11,9,9,8,11,11,9,7,7,7,11,10,7,7,6,8,14,7,6,5,6,7,13,11,5,5,5,6,12,8,6,5,4,4,5,5,5,12,7,4,4,4,8,5,5,4,4,3,3,4,4,8,4,4,3,3,3,3,4,5,3,3,2,2,4,3,3,2,2,2,5,3,2,2,1,1,2,2,2,3,5,6,2,1,1,2,5,4,3,3,1,0,1,2,2,3,15,14,13,2,1,1,1,2,14,14,13,1,1,1,2,3,4,2,2,2,3,3,16,12,2,2,3,3,4,4,4,5,6,16,15,15,7,4,3,3,4,4,8,15,11,11,10,4,4,4,4,5,5,12,6,4,4,4,5,5,5,15,14,13,12,7,7,6,6,5,4,4,4,5,5,16,7,5,6,15,13,12,7,7,6,6,6,6,6,7,16,13,9,9,8,7,6,7,7,15,14,13,12,11,11,11,10,9,8,8,7,7,7,7,7,16,15,15,13,11,11,7,8,9,14,13,13,13,12,11,9,10,12,12,11,10,10,9,9,11,12,11,11,11,10,9,9,10,10,11,12,13,10,10,10,10,10,11,13,10,11,11,11,11,12,12,11,11,12,15,13,17,13,13,13,19,17,16,15,14,18,16,14,14,14
111,17,16,10,12,11,10,9,8,8,18,18,13,11,10,8,8,8,15,12,10,10,9,12,11,10,8,7,7,12,11,7,7,7,7,15,8,7,6,6,6,14,12,6,5,5,5,13,9,7,5,5,4,4,5,5,13,8,4,4,4,9,6,5,5,4,3,3,3,4,9,5,4,4,3,3,3,3,4,4,4,2,2,4,4,4,2,2,2,4,5,3,2,2,2,1,1,2,2,4,7,3,1,1,1,4,5,4,4,2,1,0,1,1,2,16,15,14,3,2,1,1,1,15,15,14,2,2,1,2,2,3,2,2,2,2,2,17,13,2,2,2,2,3,3,4,4,5,17,16,16,8,5,4,3,3,3,7,16,13,12,11,5,3,3,4,4,5,13,7,4,4,4,4,4,5,16,15,14,13,8,8,7,7,5,5,5,4,5,5,17,7,5,5,16,14,13,8,7,7,6,6,6,6,6,17,14,10,9,9,8,6,6,7,16,15,14,13,12,12,11,11,10,9,8,8,7,7,7,7,17,16,15,14,12,12,7,7,9,15,14,14,13,12,12,9,9,13,12,12,11,10,9,9,10,13,12,11,11,10,10,9,9,10,10,11,13,10,10,10,10,10,10,14,11,10,11,11,11,13,12,11,11,12,16,13,18,14,13,13,20,18,17,15,15,18,16,15,14,14
112,17,17,10,12,11,10,9,8,8,19,18,13,11,10,9,8,8,15,13,11,10,9,13,12,10,8,7,7,12,12,8,7,7,7,15,8,7,6,6,6,15,13,6,6,5,5,14,10,7,5,5,5,4,4,5,13,8,4,4,4,9,6,6,5,5,4,3,3,3,10,6,5,4,3,3,3,3,4,4,4,2,2,3,5,4,3,2,2,4,5,3,3,2,2,1,1,1,2,3,8,4,1,1,1,3,6,5,4,3,2,1,0,1,1,17,15,15,4,3,1,1,1,16,15,15,2,2,2,1,2,2,2,2,2,2,2,17,14,3,2,2,2,2,3,3,4,5,17,17,16,9,5,4,3,3,3,6,17,13,13,12,5,3,3,3,4,4,13,8,4,4,4,4,4,4,17,15,15,13,9,8,7,7,6,5,5,5,5,5,17,8,5,5,16,15,13,8,8,7,7,5,6,6,6,18,14,10,10,9,9,6,6,7,17,15,15,14,13,12,12,11,11,9,9,8,7,7,7,7,18,17,16,14,13,12,7,7,8,16,15,14,14,13,12,8,9,13,13,12,11,10,9,9,10,13,12,12,11,10,10,9,9,10,10,11,14,10,10,10,10,10,10,14,11,10,10,11,11,13,13,11,11,12,16,13,18,14,14,13,20,18,17,15,15,19,17,15,15,14
113,18,17,11,13,11,11,9,9,8,19,19,13,11,11,9,8,8,15,13,11,11,9,13,12,11,8,8,7,13,12,8,8,7,7,16,9,8,6,5,6,15,13,7,6,5,5,14,10,8,6,5,5,4,4,4,14,9,5,4,4,10,7,6,6,5,4,3,3,3,10,6,5,5,3,3,3,3,4,5,4,3,2,3,5,5,3,3,2,3,6,4,3,3,2,2,1,1,1,3,8,4,2,1,1,3,7,6,5,3,2,1,1,0,1,17,16,15,4,3,2,1,1,17,16,15,3,2,2,1,2,2,2,2,2,2,2,18,14,3,2,2,2,2,2,3,3,4,18,17,17,9,6,5,3,3,3,6,17,14,13,13,6,3,3,3,4,4,14,8,4,4,4,4,4,4,17,16,15,14,9,9,8,7,6,5,5,5,4,5,18,8,5,5,17,15,14,9,8,8,7,6,5,6,6,18,15,11,10,9,9,6,6,6,17,16,15,14,13,13,12,12,11,9,9,9,7,7,7,7,18,17,16,15,13,13,7,7,8,16,15,15,14,13,13,8,9,14,13,13,11,11,9,9,10,14,12,12,12,10,10,9,9,9,10,11,14,10,10,10,10,10,10,14,11,11,10,10,11,13,13,11,11,12,16,14,19,14,14,14,21,18,18,16,15,19,17,15,15,15
114,18,18,11,13,12,11,10,9,8,20,19,14,12,11,9,9,8,16,14,11,11,10,14,13,11,9,8,7,13,13,9,8,8,6,16,9,8,6,6,6,16,14,7,6,6,5,15,11,8,6,5,5,5,4,4,14,9,5,4,4,10,7,7,6,6,4,4,3,3,11,7,6,5,4,3,3,3,3,5,5,3,3,2,6,5,4,3,2,3,6,5,4,3,3,2,2,1,1,2,9,5,2,2,1,2,7,6,6,4,3,2,1,1,0,18,17,16,5,4,2,2,1,17,17,16,3,3,2,1,1,2,3,2,2,2,2,18,15,4,3,2,2,2,2,2,3,4,18,18,17,10,6,5,3,3,3,5,18,14,14,13,6,3,3,3,3,4,14,9,5,4,4,4,4,4,18,17,16,14,10,9,8,8,7,5,5,5,4,4,18,9,5,5,17,16,14,9,9,8,7,6,6,6,6,19,15,11,11,10,9,7,6,6,18,16,16,15,14,13,13,12,11,10,9,9,7,7,7,7,19,18,17,15,14,13,7,7,8,17,16,15,15,14,13,8,9,14,14,13,12,11,9,9,10,14,13,12,12,11,10,9,9,9,10,10,14,10,10,10,10,10,10,15,11,11,10,10,10,13,13,11,11,12,17,14,19,14,14,14,21,19,18,16,15,19,17,15,15,15
115,9,10,14,11,13,14,15,17,18,8,8,10,12,13,15,16,19,8,10,12,12,13,9,10,11,14,15,17,9,9,13,14,14,21,6,12,13,16,18,20,6,7,14,15,16,18,6,9,12,14,15,16,17,18,18,6,10,15,16,18,9,12,12,13,14,15,16,17,18,8,12,13,14,16,16,17,17,20,13,13,16,16,19,12,13,14,15,16,20,12,13,14,14,15,16,17,17,18,20,9,13,15,16,17,20,10,12,12,14,15,16,17,17,18,0,1,2,13,14,15,16,16,1,1,2,14,15,15,17,18,19,15,16,17,17,18,2,3,15,16,17,17,18,18,19,19,21,2,2,2,9,12,13,17,17,18,22,3,5,5,6,13,17,17,18,19,19,5,10,15,16,17,18,18,19,4,4,4,5,10,10,11,12,13,15,15,16,18,19,4,11,17,18,5,6,7,12,12,13,14,17,18,19,20,6,7,10,10,11,12,16,18,20,6,7,7,7,8,9,9,9,10,12,13,13,16,17,18,19,7,7,7,8,9,9,18,19,22,8,8,8,9,10,11,20,21,11,11,11,13,14,18,20,23,11,12,13,13,15,16,19,20,21,22,24,12,18,19,19,20,20,21,12,18,19,20,20,21,14,15,20,20,21,13,16,13,16,17,17,13,13,14,15,16,14,15,17,18,18
116,9,9,14,11,12,13,15,16,17,8,8,10,11,12,14,15,18,8,9,11,11,13,8,9,11,13,14,16,8,9,12,13,13,20,6,11,12,15,17,19,6,7,13,14,15,17,5,8,11,13,14,15,16,17,17,5,9,14,15,17,8,11,11,12,13,14,15,16,17,7,11,12,13,15,15,16,16,18,12,12,15,15,18,11,12,13,14,15,19,11,12,13,13,14,15,15,16,17,19,8,12,14,15,15,19,9,10,11,13,14,15,15,16,17,1,0,1,12,13,14,15,15,1,1,1,13,14,14,16,17,18,14,15,15,16,17,2,2,14,15,15,16,17,17,18,18,20,3,2,2,7,11,12,16,16,17,21,3,4,4,5,12,16,16,17,18,18,4,9,14,15,16,17,17,18,4,4,4,5,9,9,10,11,12,14,14,15,17,17,5,10,16,17,5,5,6,11,11,12,13,16,17,18,19,6,6,9,9,10,11,15,17,19,6,6,6,7,7,8,8,9,9,11,12,12,15,16,17,18,7,7,7,7,8,9,17,18,21,7,8,8,8,9,10,19,20,10,10,11,12,13,17,19,22,11,12,12,12,15,15,18,19,20,21,23,11,17,18,18,19,19,20,12,17,18,19,19,20,14,14,19,19,20,13,15,12,16,16,16,13,13,13,15,15,13,15,16,17,17
117,9,9,13,10,12,12,14,16,17,9,8,9,11,12,14,15,18,8,9,11,11,12,8,9,10,13,14,16,8,8,12,12,13,19,6,11,12,15,17,19,6,6,12,13,14,17,5,8,10,13,14,15,16,16,17,5,9,13,14,16,7,10,11,11,12,14,15,15,16,6,10,11,12,14,15,15,16,18,11,12,14,15,17,11,11,13,13,14,18,10,12,12,13,13,14,15,15,16,18,7,11,14,14,15,18,9,10,10,12,13,14,15,15,16,2,1,0,11,12,14,14,15,1,1,1,13,13,14,15,17,17,14,14,15,15,16,3,2,13,14,15,15,16,17,17,18,19,3,3,2,7,11,12,15,16,16,20,3,4,4,4,11,15,16,16,17,18,4,9,14,15,15,16,17,17,4,4,4,4,8,9,10,10,12,13,14,14,16,17,5,10,15,17,5,5,6,10,11,11,12,16,16,17,18,6,6,9,9,10,10,14,17,18,6,6,6,7,7,7,8,8,9,11,11,12,15,16,17,17,7,7,7,7,8,8,17,18,20,7,7,8,8,9,9,18,20,10,10,10,12,12,17,18,21,10,11,12,12,14,15,17,18,19,20,22,11,16,18,18,18,19,20,11,16,17,18,19,19,13,14,18,19,20,12,15,12,15,16,16,13,13,13,15,15,13,14,16,16,17
118,14,14,9,10,9,9,9,9,9,16,15,11,9,9,8,8,10,12,10,9,8,8,10,9,8,7,7,8,9,9,7,7,7,10,12,6,6,6,7,9,11,9,5,6,6,7,11,7,5,5,5,6,6,7,7,10,5,5,5,6,6,4,4,4,4,4,5,5,6,6,3,3,3,4,5,5,5,7,3,3,4,4,7,2,2,3,3,4,7,2,2,2,2,3,4,4,5,5,7,4,1,3,3,4,7,2,1,1,1,2,3,4,4,5,13,12,11,0,1,3,3,4,12,12,11,2,2,3,4,6,6,3,3,4,5,5,13,10,3,4,4,5,5,6,6,7,8,13,13,12,5,2,2,4,5,5,10,13,9,9,8,3,5,5,6,7,7,9,4,4,5,5,6,6,7,13,12,11,10,5,5,4,4,4,4,4,5,6,7,13,5,6,7,13,11,10,5,5,5,5,6,7,7,8,14,10,7,7,6,6,6,7,9,13,12,11,10,9,9,9,8,7,6,6,6,6,7,7,8,14,13,12,11,9,9,8,9,11,12,11,11,11,10,9,9,11,10,10,10,9,8,9,10,12,10,10,9,9,9,9,10,10,11,11,13,11,10,10,10,11,11,11,11,10,10,11,11,11,11,11,11,11,12,13,12,15,12,12,12,17,15,15,13,13,16,14,13,13,13
119,15,15,10,11,10,9,9,9,9,17,16,11,10,9,8,8,9,13,11,9,9,8,11,10,9,7,7,7,10,10,7,7,7,9,13,7,6,6,7,8,12,10,6,5,6,7,12,8,6,5,5,5,6,6,6,11,6,4,5,5,7,5,4,4,4,4,4,5,5,7,4,3,3,4,4,4,5,6,3,3,3,4,6,3,2,2,2,3,6,3,2,2,2,2,3,3,4,4,6,5,2,2,2,3,6,3,2,2,1,1,2,3,3,4,14,13,12,1,0,2,2,3,13,13,12,1,1,2,3,4,5,2,2,3,3,4,14,11,2,3,3,4,4,5,5,6,7,14,14,13,6,3,2,4,4,4,9,14,10,10,9,3,4,4,5,6,6,10,5,3,4,4,5,6,6,14,13,12,11,6,6,5,5,4,4,4,4,5,6,14,6,5,6,14,12,11,6,6,5,5,6,6,7,7,15,11,8,7,7,6,6,7,8,14,13,12,11,10,10,9,9,8,7,7,6,6,6,7,7,15,14,13,11,10,10,7,8,10,13,12,12,11,11,10,9,10,11,11,10,9,9,9,9,11,11,10,10,10,9,9,9,10,10,11,12,11,9,10,10,10,10,11,12,10,10,10,11,11,11,11,11,11,12,14,12,16,12,12,12,18,16,15,14,13,16,15,14,13,13
120,17,16,10,12,11,10,9,9,9,18,17,12,11,10,9,8,9,14,12,10,10,9,12,11,10,8,7,7,11,11,8,7,7,8,15,8,7,6,6,7,14,12,6,6,6,6,13,9,7,5,5,5,5,5,5,12,7,5,4,5,9,6,5,5,4,4,4,4,4,9,5,4,4,3,3,3,4,5,4,4,3,3,4,4,4,2,2,2,5,4,3,2,2,2,2,2,2,3,5,7,3,1,1,2,5,5,4,3,2,1,1,1,2,2,15,14,14,3,2,0,1,1,15,14,14,1,1,1,2,3,3,1,1,2,2,2,16,13,2,2,2,2,3,3,4,4,6,16,16,15,7,4,3,2,3,3,7,16,12,11,11,4,3,3,4,4,5,12,6,3,3,3,4,4,5,15,14,14,12,8,7,6,6,5,4,4,4,4,5,16,7,5,5,15,14,12,7,7,6,6,5,5,6,6,16,13,9,9,8,7,6,6,7,16,14,14,13,12,11,11,10,9,8,7,7,6,6,6,6,17,16,15,13,11,11,7,7,9,15,14,13,13,12,11,8,9,12,12,11,10,9,8,9,10,12,11,11,10,9,9,9,9,9,10,11,12,9,9,9,10,10,10,13,10,10,10,10,10,12,12,11,11,11,15,12,17,13,13,13,19,17,16,14,14,18,16,14,14,14
121,17,17,11,12,11,10,9,9,9,18,18,13,11,10,9,9,8,15,13,11,10,9,13,12,10,8,8,7,12,11,8,8,7,8,15,8,7,6,6,7,14,12,6,6,6,6,14,10,7,6,5,5,5,5,5,13,8,5,4,5,9,6,6,5,5,4,4,4,4,9,5,5,4,3,3,3,3,5,4,4,3,3,4,4,4,3,2,2,4,5,3,3,2,2,2,2,2,2,4,7,3,1,1,1,4,6,4,4,2,1,1,1,1,2,16,15,14,3,2,1,0,1,15,15,14,2,1,1,1,2,3,1,1,1,2,2,17,13,2,2,2,2,2,3,3,4,5,17,16,16,8,4,4,2,2,3,6,16,12,12,11,4,3,3,3,4,4,13,7,3,3,3,4,4,4,16,15,14,13,8,8,7,6,5,4,4,4,4,4,17,7,4,5,16,14,13,7,7,7,6,5,5,5,6,17,13,9,9,8,8,6,6,6,16,15,14,13,12,12,11,11,10,8,8,7,6,6,6,6,17,16,15,13,12,11,7,7,8,15,14,14,13,12,12,8,9,12,12,12,10,10,8,9,10,12,11,11,11,9,9,9,9,9,10,11,13,9,9,9,9,10,10,13,10,10,10,10,10,12,12,10,11,11,15,13,18,13,13,13,20,17,16,15,14,18,16,14,14,14
122,18,17,11,13,11,11,10,9,9,19,18,13,11,11,9,9,8,15,13,11,11,9,13,12,11,8,8,7,12,12,8,8,8,7,16,9,8,6,6,7,15,13,7,6,6,6,14,10,8,6,5,5,5,5,5,13,8,5,5,4,10,7,6,6,5,4,4,4,4,10,6,5,5,3,3,3,3,4,5,4,3,3,4,5,4,3,3,2,4,5,4,3,3,2,2,2,2,2,4,8,4,2,1,1,3,6,5,4,3,2,1,1,1,1,16,15,15,4,3,1,1,0,16,15,15,2,2,1,1,2,2,2,1,1,1,2,17,14,2,2,2,2,2,2,3,3,5,17,17,16,9,5,4,2,2,2,6,17,13,12,12,5,3,3,3,4,4,13,7,4,3,3,3,4,4,16,15,15,13,9,8,7,7,5,4,4,4,4,4,17,7,4,5,16,15,13,8,7,7,6,5,5,5,6,17,14,10,9,9,8,6,6,6,17,15,15,14,13,12,12,11,10,9,8,8,6,6,6,6,18,17,16,14,12,12,7,7,8,15,15,14,14,13,12,8,8,13,12,12,11,10,8,8,10,13,12,11,11,10,9,9,9,9,9,10,13,9,9,9,9,9,10,14,10,10,10,10,10,12,12,10,10,11,16,13,18,13,13,13,20,18,17,15,14,18,16,15,14,14
123,10,10,14,11,13,14,15,17,18,9,9,10,12,13,15,16,19,9,10,12,12,13,9,10,11,14,15,17,9,9,13,14,14,21,7,12,13,16,18,20,6,7,14,15,16,18,6,9,11,14,15,16,17,17,18,6,10,15,16,17,8,11,12,12,13,15,16,17,18,8,12,13,13,15,16,16,17,19,13,13,15,16,18,12,12,14,15,16,19,11,13,13,14,14,16,16,17,17,19,8,12,15,15,16,19,10,11,12,13,14,15,16,17,17,1,1,1,12,13,15,15,16,0,1,1,14,14,15,16,18,18,15,15,16,17,17,2,2,14,15,16,17,17,18,18,19,20,2,2,2,8,12,13,16,17,17,22,2,4,4,5,12,16,17,17,18,19,4,10,15,16,16,17,18,18,3,3,4,5,9,9,10,11,13,14,15,15,17,18,4,11,16,17,4,5,6,11,11,12,13,17,17,18,19,5,6,9,10,11,11,15,18,19,6,6,6,7,7,8,8,9,9,11,12,12,15,16,17,18,6,6,6,7,8,9,18,19,21,7,7,8,8,9,10,19,21,10,10,11,12,13,17,19,22,11,12,12,12,15,15,18,19,20,21,23,11,17,18,19,19,20,21,11,17,18,19,19,20,14,14,19,19,20,12,15,12,16,16,16,12,13,13,15,15,13,14,16,17,17
124,10,10,14,11,12,13,15,17,18,9,9,10,12,12,15,15,19,9,10,11,12,13,9,9,11,13,14,17,9,9,13,13,14,20,7,11,12,15,17,19,6,7,13,14,15,18,6,9,11,13,14,15,16,17,17,6,10,14,15,17,8,11,11,12,13,14,15,16,17,7,11,12,13,15,15,16,16,19,12,13,15,15,18,11,12,13,14,15,19,11,12,13,13,14,15,16,16,17,19,8,12,14,15,15,19,9,11,11,13,14,15,15,16,17,1,1,1,12,13,14,15,15,1,0,1,13,14,14,16,17,18,14,15,15,16,17,2,2,14,15,15,16,17,17,18,18,20,2,2,2,7,11,12,15,16,17,21,2,4,4,4,12,16,16,17,18,18,4,9,14,15,16,17,17,18,3,3,3,4,8,9,10,10,12,14,14,15,17,17,4,10,16,17,4,5,5,10,11,11,12,16,17,18,19,5,6,9,9,10,11,15,17,19,5,6,6,6,7,7,8,8,9,11,11,12,15,16,17,17,6,6,6,7,8,8,17,18,21,7,7,7,8,9,9,18,20,9,10,10,12,13,17,19,22,10,11,12,12,14,15,17,18,19,20,22,11,16,18,18,19,19,20,11,17,18,18,19,19,13,14,18,19,20,12,15,12,15,16,16,12,13,13,14,15,13,14,16,16,17
125,10,10,14,11,12,13,14,16,17,9,9,10,11,12,14,15,18,8,9,11,11,12,9,9,11,13,14,16,8,9,12,13,13,20,7,11,12,15,17,19,6,7,13,14,15,17,6,8,10,13,14,15,16,16,17,5,9,14,15,16,7,10,11,11,12,14,15,15,17,7,11,12,12,14,15,15,16,18,11,12,14,15,17,11,11,13,13,15,18,10,12,12,13,13,14,15,16,16,18,7,11,14,14,15,18,9,10,11,12,13,14,15,15,16,2,1,1,11,12,14,14,15,1,1,0,13,13,14,15,16,17,14,14,15,15,16,2,2,13,14,15,15,16,17,17,18,19,3,2,2,7,11,12,15,15,16,20,3,3,4,4,11,15,16,16,17,18,4,9,13,15,15,16,17,17,3,3,3,4,8,8,9,10,11,13,14,14,16,17,4,10,15,16,4,5,5,10,10,11,12,15,16,17,18,5,5,8,9,10,10,14,17,18,6,6,6,6,7,7,7,8,9,10,11,11,14,15,16,17,6,6,6,7,7,8,17,18,20,7,7,7,7,9,9,18,20,9,9,10,11,12,16,18,21,10,11,11,12,14,14,17,18,19,20,22,10,16,17,18,18,19,20,11,16,17,18,18,19,13,13,18,18,20,12,14,12,15,15,16,12,12,13,14,15,13,14,15,16,16
126,16,16,10,12,11,10,9,9,9,17,17,12,10,10,9,9,9,14,12,10,10,9,12,11,9,8,8,8,11,11,8,7,7,9,14,8,7,7,7,8,13,11,6,6,6,7,12,9,7,6,5,6,6,6,6,12,7,5,5,6,8,5,5,5,5,4,5,5,5,8,5,4,4,4,4,4,5,6,4,3,3,4,5,4,3,3,3,3,6,4,2,2,2,2,3,3,4,4,6,6,2,2,2,3,6,4,3,2,1,1,2,2,3,3,14,13,13,2,1,1,2,2,14,13,13,0,1,1,3,4,4,1,2,2,3,3,15,12,1,2,2,3,3,4,5,5,7,15,14,14,6,3,2,3,3,4,8,14,11,10,10,3,3,4,4,5,5,11,5,3,3,4,4,5,5,14,13,13,11,6,6,5,5,4,3,3,3,5,5,15,5,4,5,14,12,11,6,5,5,5,5,5,6,7,15,12,8,7,7,6,5,6,7,14,13,12,11,10,10,9,9,8,7,6,6,6,6,6,6,16,15,14,12,10,10,7,7,9,13,12,12,11,11,10,8,9,11,11,10,9,8,8,9,11,11,10,10,9,8,8,9,9,9,10,11,11,9,9,9,9,10,10,12,9,9,10,10,10,11,11,10,10,11,14,11,16,12,12,12,18,16,15,13,13,16,15,13,13,13
127,16,16,11,12,11,10,10,9,9,18,17,12,11,10,9,9,9,14,12,10,10,9,12,11,10,8,8,8,11,11,8,8,7,9,14,8,7,7,7,8,14,12,6,6,6,7,13,9,7,6,6,6,6,6,6,12,7,5,5,5,8,6,5,5,5,4,5,5,5,9,5,4,4,4,4,4,4,6,4,4,3,3,5,4,4,3,3,3,6,4,3,2,2,2,2,3,3,4,5,6,3,2,2,2,5,5,3,3,2,1,2,2,2,3,15,14,13,2,1,1,1,2,14,14,13,1,0,1,2,3,4,1,1,2,2,3,15,12,1,2,2,2,3,3,4,5,6,15,15,14,7,3,2,2,3,3,7,15,11,11,10,3,3,3,4,4,5,11,6,3,3,3,4,4,5,15,14,13,11,7,6,6,5,4,3,3,3,4,5,15,6,4,5,14,13,11,6,6,5,5,5,5,5,6,16,12,8,8,7,7,5,6,7,15,13,13,12,11,10,10,9,9,7,7,6,5,6,6,6,16,15,14,12,11,10,6,7,9,14,13,12,12,11,11,8,9,11,11,11,9,9,8,8,10,11,10,10,10,9,8,8,9,9,10,11,12,9,9,9,9,9,10,12,9,9,10,10,10,11,11,10,10,11,14,12,16,12,12,12,18,16,15,14,13,17,15,13,13,13
128,17,16,11,12,11,11,10,9,9,18,18,13,11,10,9,9,9,15,12,11,10,9,13,12,10,8,8,8,12,11,8,8,8,8,15,8,8,7,7,8,14,12,7,6,6,6,13,9,7,6,6,5,6,6,6,13,8,5,5,5,9,6,6,5,5,4,4,5,5,9,5,5,4,4,4,4,4,5,4,4,3,3,5,4,4,3,3,3,5,4,3,3,2,2,2,2,3,3,5,7,3,2,2,2,5,5,4,3,2,1,1,2,2,2,15,14,14,3,2,1,1,1,15,14,14,1,1,0,2,3,3,1,1,1,2,2,16,13,1,1,2,2,2,3,3,4,6,16,15,15,7,4,3,2,2,3,7,16,12,11,11,4,2,3,3,4,4,12,6,3,3,3,4,4,4,15,14,14,12,7,7,6,5,4,3,3,3,4,4,16,6,4,4,15,13,12,7,6,6,5,5,5,5,6,16,13,9,8,7,7,5,5,6,15,14,13,12,11,11,10,10,9,7,7,7,6,6,6,6,17,16,15,13,11,11,6,7,8,14,13,13,12,11,11,8,8,12,11,11,9,9,8,8,10,12,11,10,10,9,9,8,9,9,9,11,12,9,9,9,9,9,10,12,9,9,9,10,10,11,11,10,10,11,14,12,17,12,12,12,19,16,16,14,13,17,15,14,13,13
129,18,18,12,14,12,11,10,10,9,20,19,14,12,11,10,9,9,16,14,12,11,10,14,13,11,9,9,8,13,13,9,9,8,8,16,9,9,7,7,7,16,14,7,7,6,6,15,11,9,7,6,6,6,5,6,14,9,6,5,5,10,7,7,7,6,5,5,4,4,11,7,6,5,4,4,4,4,4,6,5,4,3,4,6,5,4,4,3,4,6,4,4,4,3,2,2,2,2,4,8,5,2,2,2,3,7,6,5,3,2,2,1,1,1,17,16,15,4,3,2,1,1,16,16,15,3,2,2,0,1,2,2,1,1,1,1,18,14,2,2,1,1,1,2,2,2,4,18,17,17,9,5,4,2,2,2,5,17,13,13,12,5,2,2,2,3,3,13,8,4,3,3,3,3,3,17,16,15,14,9,8,7,7,6,4,4,4,3,3,17,8,4,4,17,15,13,8,7,7,6,4,4,5,5,18,14,10,10,9,8,5,5,5,17,15,15,14,13,12,12,11,10,9,8,8,6,6,5,6,18,17,16,14,13,12,6,6,7,16,15,14,14,13,12,7,8,13,13,12,11,10,8,8,9,13,12,11,11,9,9,8,8,8,9,10,13,9,9,9,9,9,9,14,10,9,9,9,9,12,12,10,10,11,16,13,18,13,13,13,20,18,17,15,14,18,16,14,14,14
130,19,19,12,14,13,12,11,10,10,21,20,15,13,12,10,10,9,17,15,12,12,11,15,14,12,10,9,8,14,14,10,9,9,7,17,10,9,7,7,7,17,15,8,7,7,6,16,12,9,7,7,6,6,6,6,15,10,6,6,5,11,8,8,7,7,5,5,5,4,12,8,7,6,5,4,4,4,4,6,6,4,4,3,7,6,5,4,4,3,7,5,5,4,4,3,3,2,2,3,9,6,3,3,2,2,8,7,6,5,3,2,2,2,1,18,17,17,6,4,3,2,2,18,17,16,4,3,3,1,0,1,3,2,2,1,1,19,15,3,2,2,2,1,1,1,2,3,19,18,18,10,6,5,2,2,2,4,18,14,14,13,6,3,2,2,2,2,15,9,4,4,3,3,3,3,18,17,16,15,10,9,8,8,6,5,5,4,3,3,19,9,4,4,18,16,14,9,8,8,7,5,5,4,5,19,15,11,11,10,9,6,5,5,18,16,16,15,14,13,13,12,11,9,9,9,6,6,6,6,19,18,17,15,14,13,6,6,7,17,16,15,15,14,13,7,7,14,13,13,11,11,8,8,8,14,12,12,12,10,10,8,8,8,8,9,14,9,9,9,9,9,9,14,10,10,9,9,9,13,13,10,10,10,16,13,19,14,13,13,21,18,18,15,15,19,17,15,14,14
131,20,19,13,15,13,12,11,10,10,21,21,15,13,12,11,10,9,17,15,13,12,11,15,14,13,10,9,8,15,14,10,10,9,7,18,11,10,8,7,7,17,15,9,8,7,6,16,12,10,8,7,6,6,6,6,16,11,7,6,5,12,9,8,8,7,6,5,5,5,12,8,7,7,5,5,4,4,4,7,6,5,4,3,7,7,5,5,4,3,7,6,5,5,4,4,3,3,2,2,10,6,4,3,3,2,8,7,7,5,4,3,2,2,2,19,18,17,6,5,3,3,2,18,18,17,4,4,3,2,1,0,3,3,2,2,1,19,16,4,3,2,2,2,1,1,1,2,19,19,18,11,7,6,3,2,2,4,19,15,14,14,6,3,3,2,2,2,15,9,5,4,4,3,3,3,18,17,17,15,10,10,9,8,7,5,5,5,3,3,19,9,4,4,18,17,15,9,9,8,7,5,5,4,4,19,16,12,11,10,10,6,5,5,18,17,16,15,14,14,13,13,12,10,9,9,7,6,6,6,20,19,18,16,14,14,6,6,6,17,16,16,15,14,14,7,7,14,14,13,12,11,8,8,8,14,13,12,12,10,10,9,8,8,8,9,15,10,9,9,9,9,9,15,10,10,9,9,9,13,13,10,10,10,17,13,19,14,14,13,21,19,18,16,15,20,17,15,15,14
132,17,17,11,13,12,11,10,10,10,18,18,13,11,11,10,9,10,15,13,11,11,10,13,12,11,9,9,8,12,12,9,8,8,9,15,9,8,7,7,8,14,12,7,7,7,7,14,10,8,6,6,6,6,6,6,13,8,6,5,6,9,7,6,6,5,5,5,5,5,9,6,5,5,4,4,5,5,6,5,4,4,4,5,5,4,3,3,3,6,5,4,3,3,3,3,3,3,4,5,7,4,2,2,2,5,5,4,4,2,2,2,2,2,3,15,14,14,3,2,1,1,2,15,14,14,1,1,1,2,3,3,0,1,1,2,2,16,13,1,1,1,2,2,3,3,4,6,16,15,15,7,3,2,2,2,2,7,15,12,11,11,3,2,2,3,4,4,12,6,2,2,2,3,4,4,15,14,13,12,7,7,6,5,4,3,3,3,4,4,16,6,3,4,15,13,12,6,6,5,5,4,4,5,5,16,12,8,8,7,7,4,5,6,15,14,13,12,11,11,10,10,9,7,7,6,5,5,5,5,16,15,14,12,11,10,6,6,8,14,13,13,12,11,11,7,8,11,11,11,9,8,7,8,9,11,10,10,9,8,8,8,8,8,9,10,12,8,8,8,9,9,9,12,9,9,9,9,9,11,11,9,9,10,14,11,16,12,12,11,18,16,15,13,13,17,15,13,13,13
133,18,17,12,13,12,11,10,10,10,19,18,14,12,11,10,10,9,15,13,11,11,10,13,12,11,9,9,8,13,12,9,9,8,9,15,9,8,7,7,8,15,13,7,7,7,7,14,10,8,7,6,6,6,6,6,13,9,6,6,6,10,7,7,6,6,5,5,5,5,10,6,5,5,4,4,4,5,5,5,5,4,4,5,5,5,4,3,3,5,5,4,4,3,3,3,3,3,3,5,7,4,2,2,2,4,6,5,4,3,2,2,2,2,2,16,15,14,3,2,1,1,1,15,15,14,2,1,1,1,2,3,1,0,1,1,2,17,13,1,1,1,1,2,2,3,3,5,17,16,15,8,4,3,1,2,2,6,16,12,12,11,4,2,2,2,3,4,12,6,2,2,2,3,3,4,16,15,14,12,8,7,6,6,4,3,3,3,3,4,16,6,3,4,15,14,12,7,6,6,5,4,4,4,5,17,13,9,8,7,7,5,5,6,16,14,14,13,12,11,11,10,9,7,7,7,5,5,5,5,17,16,15,13,11,11,6,6,7,15,14,13,13,11,11,7,8,12,11,11,9,9,7,7,9,12,11,10,10,8,8,8,8,8,9,10,12,8,8,8,8,9,9,12,9,9,9,9,9,11,11,9,9,10,14,12,17,12,12,12,19,16,16,14,13,17,15,13,13,13
134,18,18,12,14,12,12,11,10,10,19,19,14,12,11,10,10,9,16,14,12,11,10,14,13,11,9,9,8,13,13,9,9,9,8,16,9,9,7,7,8,15,13,8,7,7,7,15,11,9,7,6,6,6,6,6,14,9,6,6,6,10,7,7,7,6,5,5,5,5,10,7,6,5,5,4,4,4,5,5,5,4,4,4,5,5,4,4,3,5,6,4,4,4,3,3,3,3,3,4,8,4,2,2,2,4,6,5,5,3,2,2,2,2,2,17,15,15,4,3,2,1,1,16,15,15,2,2,1,1,2,2,1,1,0,1,1,17,14,2,1,1,1,1,2,2,3,4,17,17,16,8,5,3,1,1,2,6,17,13,12,12,4,2,2,2,3,3,13,7,3,2,2,2,3,3,16,15,15,13,8,8,7,6,5,4,3,3,3,3,17,7,3,3,16,14,13,7,7,6,5,4,4,4,5,17,13,9,9,8,7,5,5,5,16,15,14,13,12,12,11,11,10,8,7,7,5,5,5,5,17,16,15,13,12,11,6,6,7,15,14,14,13,12,11,7,7,12,12,11,10,9,7,7,9,12,11,11,10,9,8,8,8,8,8,9,12,8,8,8,8,8,9,13,9,9,9,9,9,11,11,9,9,10,15,12,17,12,12,12,19,17,16,14,13,18,15,14,13,13
135,19,18,12,14,13,12,11,10,10,20,19,14,12,12,10,10,9,16,14,12,12,11,14,13,12,10,9,8,13,13,9,9,9,8,16,10,9,7,7,7,16,14,8,7,7,7,15,11,9,7,7,6,6,6,6,14,9,6,6,5,11,8,7,7,6,5,5,5,5,11,7,6,6,5,5,4,4,5,6,5,4,4,4,6,6,4,4,3,4,6,5,4,4,4,3,3,3,3,4,9,5,3,2,2,4,7,6,5,4,3,2,2,2,2,17,16,15,5,3,2,2,1,17,16,15,3,2,2,1,1,2,2,1,1,0,1,18,14,2,1,1,1,1,1,2,2,4,18,17,17,9,5,4,1,1,1,5,17,13,13,12,5,2,2,2,2,3,13,7,3,2,2,2,2,3,17,16,15,13,9,8,7,7,5,4,4,3,3,3,17,7,3,3,16,15,13,8,7,7,6,4,4,4,4,18,14,10,9,8,8,5,4,5,17,15,15,14,13,12,12,11,10,8,8,7,5,5,5,5,18,17,16,14,12,12,6,6,7,16,15,14,14,12,12,7,7,13,12,12,10,9,7,7,8,13,11,11,11,9,9,8,8,8,8,9,13,9,8,8,8,8,9,13,9,9,9,9,9,12,11,9,9,10,15,12,18,13,12,12,20,17,16,14,14,18,16,14,13,13
136,19,19,12,14,13,12,11,10,10,20,20,15,13,12,11,10,9,17,15,12,12,11,15,14,12,10,9,8,14,13,10,9,9,8,17,10,9,8,7,7,16,14,8,8,7,7,16,12,9,7,7,6,6,6,6,15,10,6,6,6,11,8,8,7,7,6,5,5,5,11,7,7,6,5,5,5,4,5,6,6,4,4,4,6,6,5,4,4,4,7,5,5,4,4,3,3,3,3,4,9,5,3,3,2,3,7,6,6,4,3,2,2,2,2,18,17,16,5,4,2,2,2,17,17,16,3,3,2,1,1,1,2,2,1,1,0,18,15,3,2,1,1,1,1,1,2,3,18,18,17,9,6,5,2,1,1,5,18,14,13,13,5,2,2,2,2,2,14,8,4,3,2,2,2,2,17,16,16,14,9,9,8,7,6,4,4,4,3,3,18,8,3,3,17,15,14,8,8,7,6,4,4,4,4,18,14,10,10,9,8,5,4,5,17,16,15,14,13,13,12,12,11,9,8,8,6,5,5,5,18,17,16,14,13,12,6,6,6,16,15,15,14,13,12,7,7,13,13,12,11,10,7,7,8,13,12,11,11,9,9,8,8,8,8,9,13,9,8,8,8,8,8,14,9,9,9,9,9,12,12,9,9,10,16,12,18,13,13,12,20,18,17,15,14,18,16,14,14,13
137,11,11,16,13,14,15,17,19,20,10,10,12,14,14,16,17,21,10,11,13,14,15,11,11,13,15,16,19,11,11,15,15,16,22,8,13,14,17,19,21,8,9,15,16,17,20,8,11,13,15,16,17,18,19,19,7,12,16,17,19,10,13,13,14,15,16,17,18,19,9,13,14,15,17,17,18,18,20,14,14,17,17,20,13,14,15,16,17,21,13,14,15,15,16,17,17,18,18,21,10,13,16,17,17,21,11,12,13,14,16,17,17,18,18,2,2,3,13,14,16,17,17,2,2,2,15,15,16,18,19,19,16,17,17,18,18,0,3,15,16,17,18,18,19,19,20,21,1,1,1,9,13,14,17,18,18,23,1,5,5,6,13,17,18,18,19,20,5,11,15,17,17,18,19,19,2,3,4,5,10,10,11,12,13,15,16,16,18,19,3,11,17,18,4,5,6,11,12,13,14,17,18,19,20,4,6,10,10,11,12,16,19,20,5,5,6,7,7,8,8,9,10,12,12,13,16,17,18,19,5,5,6,7,8,9,18,19,22,6,7,7,8,9,10,20,21,10,10,11,12,13,18,20,23,11,12,12,13,15,15,18,20,21,22,24,11,17,19,19,20,20,21,11,17,18,19,20,20,14,14,19,20,21,12,15,11,16,16,16,11,12,13,14,15,12,14,16,17,17
138,11,11,14,11,12,13,14,16,17,10,10,10,12,12,14,15,18,9,10,11,11,12,9,10,11,13,14,16,9,9,12,12,13,19,8,11,12,14,16,18,7,7,12,13,14,16,7,8,10,12,13,14,15,16,16,6,9,13,14,16,7,10,10,11,12,13,14,15,16,7,10,11,12,14,14,15,15,17,11,11,13,14,17,10,11,12,13,14,17,9,11,11,12,13,14,14,15,15,17,7,10,13,13,14,17,8,9,10,11,12,13,14,14,15,3,2,2,10,11,13,13,14,2,2,2,12,12,13,14,15,16,13,13,14,14,15,3,0,12,13,14,14,15,15,16,16,18,3,3,2,6,9,10,14,14,15,19,3,2,2,2,10,14,14,15,16,17,2,7,12,13,14,15,15,16,3,2,2,2,6,7,8,9,10,12,12,13,15,16,4,8,14,15,4,3,4,8,9,9,10,14,15,16,17,5,4,7,7,8,9,13,15,17,5,4,4,5,5,5,6,6,7,9,9,10,13,14,15,15,6,5,5,5,6,6,15,16,19,5,6,6,6,7,7,17,18,8,8,8,10,11,15,17,20,8,9,10,10,12,13,15,16,17,18,21,9,14,16,16,17,17,18,9,15,16,17,17,17,11,12,16,17,18,10,13,10,13,14,14,11,11,11,13,13,12,12,14,15,15
139,17,17,12,13,12,11,11,10,11,18,18,13,12,11,10,10,10,15,13,11,11,10,13,12,11,9,9,9,12,12,9,9,9,10,15,9,8,8,8,9,14,12,7,7,7,8,13,10,8,7,7,7,7,7,7,13,8,6,6,6,9,7,6,6,6,5,6,6,6,9,6,5,5,5,5,5,5,7,5,5,4,5,6,5,4,4,4,4,6,5,4,3,3,3,3,4,4,4,6,7,4,3,3,3,6,5,4,4,2,2,2,3,3,4,15,14,13,3,2,2,2,2,14,14,13,1,1,1,2,3,4,1,1,2,2,3,15,12,0,1,2,2,3,3,4,4,6,15,15,14,7,3,2,2,2,3,7,15,11,11,10,2,2,2,3,4,5,11,5,2,2,2,3,4,4,14,13,13,11,6,6,5,4,3,2,2,2,4,4,15,5,3,4,14,13,11,6,5,5,4,4,4,5,5,15,12,8,7,6,6,4,5,6,14,13,12,11,10,10,9,9,8,6,6,6,4,5,5,5,16,15,14,12,10,10,5,6,8,13,12,12,11,10,10,7,8,11,10,10,8,8,7,7,9,11,9,9,9,7,7,7,8,8,9,10,11,8,8,8,8,8,9,11,8,8,9,9,9,10,10,9,9,10,13,11,16,11,11,11,18,15,14,13,12,16,14,12,12,12
140,18,18,12,14,12,12,11,11,10,19,19,14,12,12,10,10,10,16,14,12,11,11,14,13,11,10,9,9,13,12,9,9,9,9,16,9,9,8,8,8,15,13,8,7,7,7,14,11,9,7,7,7,7,7,7,14,9,6,6,6,10,7,7,7,6,6,5,6,6,10,7,6,6,5,5,5,5,6,5,5,4,4,5,5,5,4,4,4,5,5,4,4,4,3,3,3,3,4,5,8,4,3,3,3,5,6,5,4,3,2,2,2,2,3,16,15,14,4,3,2,2,2,15,15,14,2,2,1,2,2,3,1,1,1,1,2,16,13,1,0,1,1,2,2,3,3,5,17,16,15,8,4,3,1,1,2,6,16,12,12,11,3,1,2,2,3,3,12,6,2,2,2,2,3,3,16,14,14,12,7,7,6,5,4,3,2,2,3,3,16,6,3,3,15,14,12,6,6,5,5,3,3,4,5,16,13,9,8,7,7,4,4,5,15,14,13,12,11,11,10,10,9,7,7,6,5,4,5,5,17,16,15,13,11,11,5,5,7,14,13,13,12,11,11,6,7,11,11,11,9,8,7,7,9,11,10,10,9,8,8,7,7,8,8,9,12,8,8,8,8,8,8,12,8,8,8,8,9,11,10,9,9,10,14,11,16,12,11,11,18,16,15,13,13,17,15,13,12,12
141,18,18,12,14,13,12,11,11,10,20,19,14,13,12,11,10,10,16,14,12,12,11,14,13,12,10,9,9,13,13,10,9,9,9,16,10,9,8,8,8,15,14,8,8,7,7,15,11,9,7,7,7,7,7,7,14,9,6,6,6,10,8,7,7,6,6,6,5,6,11,7,6,6,5,5,5,5,6,6,5,5,4,5,6,5,4,4,4,5,6,5,4,4,4,3,3,3,3,5,8,5,3,3,3,4,6,5,5,4,3,2,2,2,2,17,15,15,4,3,2,2,2,16,15,15,2,2,2,1,2,2,1,1,1,1,1,17,14,2,1,0,1,1,2,2,3,4,17,17,16,8,4,3,1,1,1,6,17,13,12,12,4,1,1,2,2,3,13,7,2,2,2,2,2,3,16,15,14,13,8,7,6,6,4,3,3,2,2,3,17,7,3,3,16,14,13,7,6,6,5,3,3,4,4,17,13,9,9,8,7,4,4,5,16,14,14,13,12,11,11,10,9,7,7,7,5,4,4,5,17,16,15,13,12,11,5,5,7,15,14,13,13,12,11,6,7,12,11,11,9,9,7,7,8,12,11,10,10,8,8,7,7,7,8,9,12,8,8,8,8,8,8,12,8,8,8,8,8,11,11,9,9,9,14,11,17,12,12,11,19,16,16,13,13,17,15,13,13,12
142,19,18,13,14,13,12,11,11,11,20,20,15,13,12,11,10,10,17,14,12,12,11,15,14,12,10,10,9,14,13,10,10,9,9,17,10,9,8,8,8,16,14,8,8,7,7,15,11,9,8,7,7,7,7,7,15,10,7,6,6,11,8,8,7,7,6,6,6,6,11,7,7,6,5,5,5,5,5,6,6,5,5,5,6,6,5,4,4,5,6,5,5,4,4,3,3,3,3,4,9,5,3,3,3,4,7,6,5,4,3,2,2,2,2,17,16,15,5,4,2,2,2,17,16,15,3,2,2,1,2,2,2,1,1,1,1,18,14,2,1,1,0,1,1,2,2,4,18,17,17,9,5,4,1,1,1,5,17,13,13,12,5,1,1,1,2,2,13,7,3,2,2,2,2,2,17,16,15,13,9,8,7,6,5,4,3,3,2,2,17,7,3,3,16,15,13,7,7,6,6,3,3,3,4,17,14,10,9,8,8,4,4,4,17,15,14,13,12,12,11,11,10,8,7,7,5,5,4,4,18,17,16,14,12,12,5,5,6,15,14,14,13,12,12,6,7,12,12,11,10,9,7,7,8,12,11,11,10,8,8,7,7,7,8,9,13,8,8,8,8,8,8,13,9,8,8,8,8,11,11,9,9,9,15,12,17,12,12,12,19,17,16,14,13,18,15,13,13,13
143,19,19,13,15,13,13,12,11,11,21,20,15,13,13,11,11,10,17,15,13,12,11,15,14,12,10,10,9,14,14,10,10,10,9,17,11,10,8,8,8,16,15,9,8,8,7,16,12,10,8,7,7,7,7,7,15,10,7,6,6,11,9,8,8,7,6,6,6,5,12,8,7,7,5,5,5,5,5,7,6,5,5,5,7,6,5,5,4,4,7,6,5,5,4,4,3,3,3,4,9,6,4,3,3,4,7,6,6,4,4,3,2,2,2,18,17,16,5,4,3,2,2,17,17,16,3,3,2,1,1,2,2,2,1,1,1,18,15,3,2,1,1,0,1,1,2,3,18,18,17,9,6,4,1,1,1,4,18,14,13,13,5,2,1,1,2,2,14,8,3,2,2,2,2,2,17,16,16,14,9,9,7,7,5,4,4,3,2,2,18,8,3,3,17,15,14,8,7,7,6,3,3,3,4,18,14,10,10,9,8,5,4,4,17,15,15,14,13,12,12,11,10,8,8,7,5,5,4,4,18,17,16,14,13,12,5,5,6,16,15,14,14,13,12,6,6,13,12,12,10,9,7,7,8,13,11,11,11,9,8,7,7,7,7,8,13,8,8,8,8,8,8,13,9,8,8,8,8,12,11,9,9,9,15,12,18,12,12,12,20,17,16,14,13,18,16,14,13,13
144,20,19,13,15,14,13,12,11,11,21,21,16,14,13,11,11,10,18,15,13,13,12,15,15,13,11,10,9,15,14,11,10,10,8,18,11,10,8,8,8,17,15,9,8,8,7,16,12,10,8,8,7,7,7,7,16,11,7,7,6,12,9,9,8,7,6,6,6,6,12,8,7,7,6,5,5,5,5,7,7,5,5,4,7,7,5,5,4,4,7,6,6,5,5,4,4,3,3,4,10,6,4,4,3,3,8,7,6,5,4,3,3,2,2,18,17,17,6,5,3,3,2,18,17,17,4,3,3,2,1,1,3,2,2,1,1,19,15,3,2,2,1,1,0,1,1,3,19,18,18,10,6,5,2,1,1,4,18,14,14,13,6,2,2,1,1,2,14,8,4,3,2,2,2,2,18,17,16,14,10,9,8,7,6,4,4,4,2,2,18,8,3,3,17,16,14,8,8,7,6,4,3,3,3,19,15,11,10,9,9,5,4,4,18,16,15,14,13,13,12,12,11,9,8,8,6,5,5,4,19,18,17,15,13,13,5,5,6,16,15,15,14,13,13,6,6,13,13,12,11,10,7,7,7,13,12,11,11,9,9,7,7,7,7,8,13,8,8,8,8,8,8,14,9,9,8,8,8,12,12,9,9,9,16,12,18,13,12,12,20,18,17,14,14,18,16,14,13,13
145,20,20,13,16,14,13,12,11,11,22,21,16,14,13,12,11,10,18,16,14,13,12,16,15,13,11,10,9,15,15,11,11,10,8,18,11,11,9,8,8,17,15,9,9,8,7,17,13,11,9,8,7,7,7,7,16,11,7,7,6,12,9,9,9,8,7,6,6,6,13,9,8,7,6,6,5,5,5,7,7,5,5,4,8,7,6,5,5,4,8,6,6,5,5,4,4,4,3,3,10,7,4,4,4,3,9,7,7,5,4,4,3,3,2,19,18,17,6,5,4,3,3,18,18,17,5,4,3,2,1,1,3,3,2,2,1,19,16,4,3,2,2,1,1,0,1,2,19,19,18,10,7,6,2,2,1,3,19,15,14,14,6,2,2,2,1,1,15,9,4,3,3,2,2,2,18,17,17,15,10,10,9,8,6,5,4,4,2,2,19,9,4,3,18,16,15,9,8,8,7,4,4,3,3,19,15,11,11,10,9,5,4,4,18,17,16,15,14,13,13,12,11,9,9,8,6,5,5,5,19,18,17,15,14,13,5,5,5,17,16,15,15,14,13,6,6,14,13,13,11,10,7,7,7,14,12,12,11,9,9,7,7,7,7,8,14,9,8,8,8,8,8,14,9,9,8,8,8,12,12,9,9,9,16,13,19,13,13,12,21,18,17,15,14,19,16,14,14,13
146,21,20,14,16,14,14,12,11,11,22,22,16,14,14,12,11,10,18,16,14,14,12,16,15,14,11,11,9,16,15,11,11,11,8,19,12,11,9,8,8,18,16,10,9,8,7,17,13,11,9,8,8,7,7,7,17,12,8,7,6,13,10,9,9,8,7,6,6,6,13,9,8,8,6,6,6,5,5,8,7,6,5,4,8,8,6,6,5,4,8,7,6,6,5,5,4,4,4,3,11,7,5,4,4,3,9,8,7,6,5,4,4,3,3,19,18,18,7,6,4,4,3,19,18,18,5,5,4,2,2,1,4,3,3,2,2,20,16,4,3,3,2,2,1,1,0,2,20,19,19,11,7,6,3,2,2,3,19,15,15,14,7,3,2,2,1,1,15,9,5,4,3,2,2,2,19,18,17,16,11,10,9,9,7,5,5,4,3,2,19,9,4,3,18,17,15,9,9,8,7,4,4,3,3,20,16,12,11,10,10,6,4,4,19,17,17,15,14,14,13,13,12,10,9,9,6,6,5,5,20,19,18,16,14,14,5,5,5,17,16,16,15,14,14,6,6,14,14,13,11,11,7,7,7,14,13,12,12,10,9,8,7,7,7,8,14,9,8,8,8,8,8,15,9,9,9,8,8,13,12,9,9,9,16,13,19,13,13,13,21,18,18,15,14,19,17,15,14,14
147,22,22,15,17,16,15,13,12,12,24,23,18,16,15,13,12,10,20,18,15,15,14,18,17,15,12,12,10,17,17,12,12,12,8,20,13,12,10,9,8,20,17,11,10,9,8,19,15,12,10,9,9,8,8,7,18,13,9,8,7,14,11,11,10,9,8,7,7,6,15,11,10,9,7,7,7,6,5,9,9,7,7,5,10,9,8,7,6,4,10,8,8,7,7,6,5,5,5,3,12,9,6,6,5,3,11,10,9,7,6,5,5,4,4,21,20,19,8,7,6,5,5,20,20,19,7,6,6,4,3,2,6,5,4,4,3,21,18,6,5,4,4,3,3,2,2,0,21,21,20,13,9,8,4,4,3,1,21,17,17,16,8,5,4,3,2,2,17,11,6,5,5,4,3,3,20,19,19,17,12,12,11,10,9,7,6,6,4,4,21,11,5,4,20,18,17,11,10,10,9,5,5,4,4,21,17,13,13,12,11,7,5,4,20,19,18,17,16,15,15,14,13,11,11,10,7,7,6,5,21,20,19,17,16,15,6,6,5,19,18,17,17,16,15,7,6,16,15,15,13,12,8,7,7,15,14,14,13,11,11,8,8,7,7,7,16,10,9,9,8,8,8,16,10,10,9,9,9,14,14,10,10,10,18,14,20,14,14,14,23,20,19,16,16,21,18,16,15,15
148,12,12,16,13,15,16,17,19,20,10,10,12,14,15,17,18,21,11,12,14,14,15,11,12,13,16,17,19,11,11,15,15,16,22,9,14,15,17,19,21,8,9,15,16,17,20,8,11,13,15,16,17,18,19,20,8,12,16,17,19,10,13,14,14,15,17,18,18,19,9,13,14,15,17,17,18,18,21,14,15,17,17,20,13,14,15,16,17,21,13,14,15,15,16,17,17,18,19,21,10,14,16,17,17,21,11,12,13,15,16,17,17,18,18,2,3,3,13,14,16,17,17,2,2,3,15,15,16,18,19,19,16,17,17,18,18,1,3,15,17,17,18,18,19,19,20,21,0,1,1,9,13,14,17,18,18,23,1,4,5,6,13,17,18,18,19,20,5,11,15,17,17,18,19,19,2,3,3,5,9,10,11,12,13,15,15,16,18,19,2,11,17,18,3,4,6,11,12,12,13,17,18,19,20,3,5,9,10,11,11,16,18,20,4,5,5,6,7,8,8,9,10,12,12,13,16,17,18,19,4,5,5,7,8,8,18,19,22,6,7,7,7,9,9,19,21,9,10,10,12,13,18,20,23,10,11,12,12,15,15,18,19,20,21,23,11,17,18,19,20,20,21,11,17,18,19,20,20,13,14,19,19,21,11,15,11,15,16,16,11,12,12,14,15,12,13,16,16,17
149,12,12,16,13,14,15,17,18,19,10,10,12,14,14,16,17,20,10,12,13,14,15,11,11,13,15,16,18,11,11,15,15,15,22,9,13,14,17,19,21,8,9,15,16,17,19,8,11,13,15,16,17,18,18,19,8,11,16,17,18,10,13,13,14,15,16,17,18,19,9,13,14,14,16,17,17,18,20,14,14,16,17,19,13,13,15,15,17,20,12,14,14,15,15,16,17,17,18,20,9,13,16,16,17,20,11,12,12,14,15,16,17,17,18,2,2,3,13,14,16,16,17,2,2,2,14,15,15,17,18,19,15,16,17,17,18,1,3,15,16,17,17,18,18,19,19,21,1,0,1,8,12,13,16,17,18,22,1,4,4,5,13,17,17,18,19,19,4,10,15,16,17,18,18,19,2,2,3,4,9,9,11,11,13,14,15,15,18,18,2,11,17,18,3,4,5,11,11,12,13,17,17,18,19,3,5,9,9,10,11,15,18,20,4,5,5,6,7,7,8,8,9,11,12,12,15,16,17,18,4,5,5,6,7,8,18,19,21,6,6,7,7,9,9,19,21,9,9,10,12,13,17,19,22,10,11,11,12,14,15,18,19,20,21,23,10,16,18,18,19,20,21,11,17,18,19,19,20,13,13,18,19,20,11,14,10,15,15,16,11,11,12,14,14,12,13,15,16,16
150,12,12,16,13,14,15,16,18,19,11,10,12,13,14,16,17,20,10,11,13,13,14,11,11,12,15,16,18,10,11,14,15,15,21,8,13,14,17,18,20,8,9,14,15,16,19,8,10,12,15,15,16,17,18,18,7,11,15,16,18,9,12,13,13,14,16,17,17,18,9,12,13,14,16,16,17,17,19,13,14,16,16,19,12,13,14,15,16,20,12,13,14,14,15,16,16,17,17,20,9,13,15,16,16,20,10,11,12,13,15,16,16,17,17,2,2,2,12,13,15,16,16,2,2,2,14,14,15,17,18,18,15,15,16,17,17,1,2,14,15,16,17,17,18,18,19,20,1,1,0,8,12,13,16,16,17,21,1,3,4,4,12,16,17,17,18,19,3,9,14,15,16,17,18,18,2,2,2,4,8,9,10,11,12,14,14,15,17,18,2,10,16,17,3,4,5,10,11,11,12,16,17,18,19,3,5,8,9,10,10,15,17,19,4,4,5,5,6,7,7,8,9,11,11,12,15,16,17,17,4,4,5,6,7,7,17,18,21,5,6,6,7,8,9,18,20,9,9,9,11,12,17,19,22,9,11,11,11,14,14,17,18,19,20,22,10,16,17,18,18,19,20,10,16,17,18,19,19,12,13,18,18,20,11,14,10,14,15,15,10,11,12,13,14,11,13,15,16,16
151,13,13,12,11,11,11,12,13,13,14,13,11,10,11,11,12,14,11,10,10,10,10,10,9,9,10,11,12,9,9,9,10,10,15,10,9,9,11,12,14,9,8,9,9,10,12,9,7,7,9,9,10,11,11,12,8,7,9,10,11,6,7,7,7,8,9,10,10,11,6,6,7,7,9,9,10,10,12,7,7,9,9,12,6,6,7,8,9,12,5,6,7,7,8,9,9,10,10,12,3,5,8,8,9,12,4,4,5,6,7,8,9,9,10,9,7,7,5,6,7,8,9,8,7,7,6,7,7,9,10,11,7,8,8,9,9,9,6,7,8,8,9,9,10,10,11,13,9,8,8,0,4,5,8,9,9,14,8,4,4,3,4,8,9,9,10,11,5,2,7,8,8,9,10,11,8,7,6,5,2,2,3,3,5,6,7,7,9,10,9,3,9,10,8,6,5,4,4,4,5,9,9,10,11,9,5,3,3,4,4,7,10,11,8,7,6,5,5,4,4,4,4,4,5,5,8,9,10,10,9,8,7,6,5,5,10,11,13,7,7,6,6,6,6,11,13,6,6,6,6,7,10,12,15,7,7,7,7,8,8,11,11,12,13,15,7,10,11,11,12,12,13,8,10,11,12,12,13,8,9,12,12,13,10,10,11,10,10,11,13,11,11,10,11,12,11,11,11,12
152,16,15,12,12,11,11,11,11,12,16,16,12,11,11,10,11,12,13,12,10,10,10,11,11,10,9,9,10,11,10,9,9,9,12,13,8,8,9,10,11,12,11,8,8,8,9,11,8,7,7,7,8,8,9,9,11,7,7,7,8,7,6,6,6,6,7,7,7,8,7,6,6,6,6,7,7,7,9,5,5,6,6,8,4,4,5,5,6,9,4,4,4,4,5,5,6,6,7,9,5,3,5,5,5,8,3,3,3,3,4,5,5,6,6,12,11,11,2,3,4,4,5,12,11,11,3,3,4,5,6,7,3,4,5,5,6,13,9,3,4,4,5,6,6,7,7,9,13,12,12,4,0,1,4,5,6,10,12,8,8,7,1,4,5,6,7,7,8,2,3,4,5,6,6,7,12,11,10,8,4,3,2,2,2,3,3,4,6,6,12,3,5,6,11,10,8,3,3,3,3,5,6,7,8,13,9,5,5,4,4,4,6,8,12,10,10,9,8,7,7,6,5,4,4,4,5,5,6,7,13,12,11,9,7,7,7,7,10,11,10,9,9,8,7,8,9,8,8,7,6,6,7,9,11,8,7,7,7,7,7,8,9,9,10,12,9,8,8,9,9,9,10,9,8,9,9,9,10,9,8,9,10,11,11,9,13,10,10,10,15,13,12,11,11,14,12,11,11,11
153,16,16,12,13,12,11,11,11,11,17,17,13,11,11,10,10,11,14,12,11,11,10,12,11,10,9,9,10,11,11,9,9,9,11,14,9,8,8,9,10,13,11,8,8,8,9,12,9,8,7,7,7,8,8,8,11,8,7,7,8,8,6,6,6,6,6,7,7,7,8,6,6,5,6,6,6,7,8,5,5,5,6,7,5,4,5,5,5,8,4,4,4,4,4,5,5,5,6,8,5,3,4,4,5,7,4,3,3,3,3,4,4,5,5,13,12,12,2,2,3,4,4,13,12,12,2,2,3,4,5,6,2,3,3,4,5,14,10,2,3,3,4,4,5,6,6,8,14,13,13,5,1,0,3,4,4,9,13,9,9,8,1,3,4,4,6,6,9,3,2,3,3,5,5,6,13,12,11,9,5,4,3,3,2,2,2,3,5,5,13,4,4,5,12,11,9,4,4,3,3,4,5,6,7,14,10,6,5,5,4,4,6,7,13,11,11,10,9,8,8,7,6,5,4,4,4,5,5,6,14,13,12,10,8,8,6,7,9,12,11,10,10,9,8,7,9,9,9,8,7,6,7,8,10,9,8,8,7,7,7,7,8,9,9,11,9,7,8,8,8,9,9,10,8,8,9,9,9,9,9,9,9,10,12,10,14,10,10,10,16,14,13,11,11,14,13,11,11,11
154,19,18,13,14,13,13,12,11,11,20,20,15,13,12,11,11,11,16,14,13,12,11,14,14,12,10,10,9,14,13,10,10,10,9,17,10,10,8,8,9,16,14,9,8,8,8,15,11,9,8,7,7,7,7,7,14,10,7,7,7,11,8,8,7,7,6,6,6,6,11,7,7,6,6,6,5,6,6,6,6,5,5,5,6,6,5,5,4,6,6,5,5,4,4,4,4,4,4,5,8,5,3,3,3,5,7,6,5,4,3,3,3,3,3,17,16,15,4,4,2,2,2,16,15,15,3,2,2,2,2,3,2,1,1,1,2,17,14,2,1,1,1,1,2,2,3,4,17,16,16,8,4,3,0,1,1,6,17,13,12,12,4,1,1,1,2,3,13,7,2,1,1,2,2,2,16,15,14,13,8,7,6,6,4,3,2,2,2,2,17,6,2,2,16,14,12,7,6,6,5,3,3,3,4,17,13,9,8,7,7,4,3,4,16,14,14,13,12,11,11,10,9,7,7,6,4,4,4,4,17,16,15,13,11,11,4,5,6,15,14,13,13,11,11,6,6,12,11,11,9,8,6,6,8,11,10,10,9,8,7,7,7,7,7,9,12,7,7,7,7,7,8,12,8,8,8,8,8,11,10,8,8,9,14,11,16,11,11,11,19,16,15,13,12,17,14,13,12,12
155,19,19,13,15,13,13,12,11,11,20,20,15,13,13,11,11,10,17,15,13,13,12,15,14,12,11,10,9,14,14,10,10,10,9,17,11,10,9,8,9,16,14,9,8,8,8,15,12,10,8,8,7,7,7,7,15,10,7,7,7,11,9,8,8,7,6,6,6,6,11,8,7,7,6,6,6,5,6,7,6,5,5,5,7,6,5,5,5,5,7,5,5,5,4,4,4,4,4,5,9,6,4,3,3,4,7,6,6,4,4,3,3,3,3,17,16,16,5,4,3,2,2,17,16,15,3,3,2,2,2,2,2,2,1,1,1,18,14,2,1,1,1,1,1,2,2,4,18,17,16,9,5,4,1,0,1,5,17,13,13,12,4,1,1,1,2,2,13,7,2,2,1,1,2,2,17,15,15,13,8,8,7,6,5,3,3,2,2,2,17,7,2,2,16,15,13,7,7,6,5,3,3,3,4,17,14,9,9,8,7,4,3,4,16,15,14,13,12,12,11,11,10,8,7,7,4,4,4,4,18,17,15,13,12,11,4,5,6,15,14,14,13,12,11,6,6,12,12,11,9,9,6,6,7,12,11,10,10,8,8,7,7,7,7,8,12,7,7,7,7,7,7,13,8,8,8,8,8,11,11,8,8,9,14,11,17,12,11,11,19,16,16,13,13,17,15,13,12,12
156,20,19,13,15,14,13,12,11,11,21,20,16,14,13,12,11,10,17,15,13,13,12,15,14,13,11,10,9,15,14,11,10,10,9,17,11,10,9,8,8,17,15,9,9,8,8,16,12,10,8,8,7,7,7,7,15,11,7,7,7,12,9,9,8,7,7,6,6,6,12,8,7,7,6,6,6,6,6,7,7,5,5,5,7,7,6,5,5,5,7,6,5,5,5,4,4,4,4,4,9,6,4,4,3,4,8,7,6,5,4,3,3,3,3,18,17,16,5,4,3,3,2,17,17,16,4,3,3,2,2,2,2,2,2,1,1,18,15,3,2,1,1,1,1,1,2,3,18,18,17,9,6,4,1,1,0,4,18,14,13,13,5,1,1,1,1,2,14,8,3,2,2,1,1,2,17,16,15,14,9,8,7,7,5,4,3,3,2,2,18,7,2,2,17,15,13,8,7,7,6,3,3,3,3,18,14,10,9,8,8,4,3,4,17,15,15,14,13,12,12,11,10,8,8,7,5,4,4,4,18,17,16,14,12,12,4,4,5,16,15,14,14,12,12,6,6,13,12,12,10,9,6,6,7,12,11,11,10,8,8,7,7,7,7,8,13,8,7,7,7,7,7,13,8,8,8,8,8,11,11,8,8,9,15,11,17,12,12,11,20,17,16,14,13,18,15,13,13,12
157,23,23,16,18,17,16,14,13,13,25,24,19,17,16,14,13,11,21,19,16,16,15,19,18,16,14,13,11,18,18,14,13,13,9,21,14,13,11,10,9,21,19,12,11,11,9,20,16,14,11,11,10,9,9,8,19,14,10,9,8,16,13,12,12,11,9,9,8,7,16,12,11,10,9,8,8,7,6,11,10,8,8,6,11,10,9,8,7,5,11,10,9,9,8,7,7,6,6,4,14,10,7,7,6,4,12,11,10,9,8,7,6,6,5,22,21,20,10,9,7,6,6,22,21,20,8,7,7,5,4,4,7,6,6,5,5,23,19,7,6,6,5,4,4,3,3,1,23,22,21,14,10,9,6,5,4,0,22,18,18,17,9,6,5,4,3,3,18,12,7,6,6,5,4,3,22,20,20,18,13,13,12,11,9,8,7,7,5,4,22,12,6,5,21,19,18,12,11,11,10,6,6,5,4,22,18,14,14,13,12,8,5,4,21,20,19,18,17,16,16,15,14,12,12,11,8,7,6,6,22,21,20,18,17,16,7,6,5,20,19,18,18,16,16,7,6,17,16,16,14,13,9,7,6,16,15,14,14,11,11,9,8,7,7,7,16,10,9,9,8,8,8,17,11,10,9,9,9,15,14,10,10,10,18,14,21,15,14,14,23,20,20,17,16,21,18,16,15,15
158,12,12,16,14,15,16,17,19,20,11,11,13,14,15,17,18,21,11,12,14,14,15,11,12,13,16,16,19,11,11,15,15,16,22,9,14,15,17,19,21,9,10,15,16,17,19,8,11,13,15,16,17,18,19,19,8,12,16,17,18,10,13,13,14,15,16,17,18,19,9,13,14,15,17,17,18,18,20,14,14,16,17,19,13,14,15,16,17,20,12,14,14,15,15,17,17,18,18,20,10,13,16,16,17,20,11,12,13,14,15,16,17,17,18,3,3,3,13,14,16,16,17,2,2,3,14,15,16,17,18,19,15,16,17,17,18,1,3,15,16,17,17,18,18,19,19,21,1,1,1,8,12,13,17,17,18,22,0,4,4,5,13,16,17,18,19,19,4,10,15,16,17,18,18,19,1,2,2,4,9,9,11,11,13,14,15,15,18,18,2,11,17,18,2,4,5,11,11,12,13,17,17,18,19,3,5,9,9,10,11,15,18,19,3,4,5,6,6,7,7,8,9,11,11,12,15,16,17,18,4,4,4,6,7,8,17,19,21,5,6,6,7,8,9,19,20,9,9,9,11,12,17,19,22,9,11,11,12,14,15,18,19,20,21,23,10,16,18,18,19,19,20,10,16,17,18,19,20,13,13,18,19,20,11,14,10,14,15,15,10,11,11,13,14,11,13,15,16,16
159,12,12,14,12,13,13,15,16,17,12,12,11,12,13,14,15,18,10,11,12,12,13,10,10,11,13,14,16,10,10,12,12,13,18,9,11,12,14,16,18,8,8,12,13,14,16,8,9,10,12,13,14,15,15,16,7,9,13,14,15,8,10,10,11,11,13,14,14,15,7,10,11,11,13,14,14,15,17,10,11,13,13,16,10,10,12,12,13,17,9,10,11,11,12,13,13,14,14,17,6,10,12,13,13,16,7,8,9,10,11,13,13,14,14,5,4,4,9,10,12,12,13,4,4,3,11,11,12,13,14,15,12,12,13,13,14,5,2,11,12,13,13,14,14,15,15,17,4,4,3,4,8,9,13,13,14,18,4,0,1,1,9,13,13,14,15,15,1,6,11,12,13,14,14,15,3,2,2,1,5,6,7,7,9,11,11,12,14,14,4,7,13,14,4,2,2,7,7,8,9,13,13,14,16,5,3,5,6,7,7,11,14,16,4,3,3,3,4,4,4,5,6,7,8,8,11,13,14,14,5,5,4,4,4,5,14,15,17,5,4,4,5,6,6,15,17,6,6,7,8,9,13,15,18,7,8,8,9,11,11,14,15,16,17,19,7,13,14,15,15,16,17,8,13,14,15,15,16,10,10,15,15,17,9,11,9,12,12,12,10,10,10,11,12,10,11,12,13,13
160,12,12,14,12,13,13,14,16,16,12,12,11,12,12,14,14,17,11,11,11,12,12,10,10,11,13,13,15,9,10,12,12,12,18,9,11,11,14,15,17,8,8,12,12,13,16,8,8,10,12,13,13,14,15,15,7,9,12,13,15,7,9,10,10,11,12,13,14,15,7,9,10,11,13,13,14,14,16,10,10,12,13,15,9,10,11,12,13,16,8,10,10,11,11,12,13,13,14,16,6,9,12,12,13,16,7,8,8,10,11,12,13,13,14,5,4,4,9,10,11,12,12,4,4,4,10,11,11,13,14,14,11,12,12,13,13,5,2,11,12,12,13,13,14,14,15,17,5,4,4,4,8,9,12,13,13,18,4,1,0,1,8,12,13,13,14,15,1,6,10,12,12,13,14,14,4,3,2,1,5,5,6,7,8,10,11,11,13,14,5,6,12,13,4,3,2,6,7,7,9,12,13,14,15,5,3,5,5,6,7,11,13,15,5,4,3,3,3,4,4,4,5,7,7,8,11,12,13,14,6,5,4,4,4,4,13,14,17,5,4,4,4,5,6,15,16,6,6,6,8,9,13,15,18,7,7,8,8,10,11,14,15,16,17,19,7,12,14,14,15,15,16,8,13,14,15,15,15,9,10,14,15,16,9,11,9,11,12,12,10,10,10,11,11,10,11,12,13,13
161,13,12,14,12,12,13,14,15,16,12,12,11,12,12,13,14,17,11,11,11,11,12,10,10,11,12,13,15,9,9,11,12,12,18,9,10,11,13,15,17,9,8,11,12,13,15,8,8,9,11,12,13,14,14,15,7,8,12,13,14,7,9,9,10,11,12,13,13,14,6,9,10,10,12,13,13,14,16,9,10,12,12,15,9,9,11,11,12,16,8,9,10,10,11,12,12,13,13,15,5,9,11,12,12,15,6,7,8,9,10,11,12,13,13,6,5,4,8,9,11,11,12,5,4,4,10,10,11,12,13,14,11,11,12,12,13,6,2,10,11,12,12,13,13,14,14,16,6,5,4,3,7,8,12,12,13,17,5,1,1,0,8,12,12,13,14,14,1,5,10,11,12,13,13,14,5,3,3,2,4,5,6,6,8,9,10,11,13,13,5,6,12,13,4,3,2,6,6,7,8,12,12,13,14,6,3,4,5,6,6,10,13,15,5,4,4,3,3,3,4,4,5,6,7,7,10,11,13,13,6,5,5,4,4,4,13,14,16,5,5,4,4,5,5,14,16,6,6,6,7,8,12,14,17,6,7,7,8,10,10,13,14,15,16,18,7,12,13,14,14,15,16,7,12,13,14,15,15,9,9,14,14,16,9,11,9,11,11,12,11,10,10,11,11,11,11,12,12,13
162,16,16,12,13,12,12,12,12,12,17,17,13,12,11,11,11,12,14,12,11,11,11,12,12,11,10,10,10,11,11,9,9,9,12,14,9,9,9,10,11,13,11,8,8,9,10,12,9,8,8,8,8,9,9,9,11,8,7,8,8,8,7,7,7,7,7,7,8,8,8,6,6,6,7,7,7,7,9,5,6,6,6,8,5,5,5,5,6,9,5,4,5,5,5,5,6,6,7,8,5,4,5,5,5,8,4,3,3,3,4,5,5,6,6,13,12,11,3,3,4,4,5,12,12,11,3,3,4,5,6,6,3,4,4,5,5,13,10,2,3,4,5,5,6,6,7,8,13,13,12,4,1,1,4,4,5,9,13,9,8,8,0,4,4,5,6,7,9,3,2,3,4,5,6,6,12,11,11,9,4,3,2,2,1,2,2,3,5,6,13,3,4,5,12,10,9,3,3,2,2,4,5,6,7,13,9,5,5,4,4,4,6,7,12,10,10,9,8,7,7,6,5,4,4,3,4,5,6,6,13,12,11,9,8,7,6,7,9,11,10,9,9,8,7,7,9,8,8,7,6,6,6,8,10,8,7,7,7,6,6,7,8,9,9,11,9,7,8,8,8,9,9,9,7,8,8,9,9,8,8,9,9,10,11,9,13,9,9,9,15,13,12,11,10,14,12,11,11,10
163,19,19,13,15,14,13,12,12,12,20,20,15,13,13,12,11,11,17,15,13,13,12,15,14,13,11,10,10,14,14,11,10,10,10,17,11,10,9,9,9,16,14,9,9,8,8,15,12,10,8,8,8,8,8,8,15,10,7,7,7,11,9,8,8,7,7,7,7,7,11,8,7,7,6,6,6,6,7,7,6,6,6,6,7,6,5,5,5,6,7,5,5,5,5,4,4,4,5,5,9,5,4,4,4,5,7,6,5,4,4,3,3,3,3,17,16,15,5,4,3,3,3,16,16,15,3,3,2,2,3,3,2,2,2,2,2,17,14,2,1,1,1,2,2,2,3,5,17,17,16,8,4,3,1,1,1,6,16,13,12,12,4,0,1,1,2,3,13,7,2,1,1,1,2,2,16,15,14,13,8,7,6,6,4,2,2,2,2,2,17,6,2,2,16,14,12,6,6,5,4,2,2,3,4,17,13,9,8,7,7,3,3,4,16,14,14,13,11,11,10,10,9,7,6,6,4,3,3,3,17,16,15,13,11,11,4,4,6,14,13,13,12,11,11,5,6,11,11,10,9,8,6,6,7,11,10,9,9,7,7,6,6,6,7,8,11,7,7,7,7,7,7,12,7,7,7,7,7,10,10,8,8,8,14,10,16,11,11,10,18,16,15,13,12,16,14,12,12,11
164,20,19,14,15,14,13,12,12,12,21,20,16,14,13,12,11,11,17,15,13,13,12,15,14,13,11,11,10,14,14,11,11,10,10,17,11,10,9,9,9,17,15,9,9,9,8,16,12,10,9,8,8,8,8,8,15,11,8,7,7,11,9,9,8,8,7,7,7,7,12,8,7,7,6,6,6,6,6,7,7,6,6,6,7,7,6,5,5,6,7,6,5,5,5,5,4,4,4,5,9,6,4,4,4,5,7,6,6,5,4,3,3,3,3,17,16,16,5,4,3,3,3,17,16,16,4,3,3,2,2,3,2,2,2,2,2,18,14,2,2,1,1,1,2,2,2,4,18,17,17,9,5,4,1,1,1,5,17,13,13,12,4,1,0,1,2,2,13,7,2,1,1,1,1,2,17,15,15,13,8,8,7,6,5,3,2,2,1,2,17,7,2,2,16,14,13,7,6,6,5,2,2,2,3,17,13,9,9,8,7,4,3,4,16,15,14,13,12,11,11,10,9,7,7,6,4,3,3,3,17,16,15,13,12,11,4,4,5,15,14,13,13,12,11,5,6,12,11,11,9,8,6,6,7,12,10,10,9,7,7,6,6,6,7,8,12,7,7,7,7,7,7,12,7,7,7,7,7,11,10,8,8,8,14,11,17,11,11,11,19,16,15,13,12,17,14,12,12,12
165,20,20,14,16,14,14,13,12,12,21,21,16,14,13,12,12,11,18,16,14,13,12,16,15,13,11,11,10,15,14,11,11,11,10,18,11,11,9,9,9,17,15,10,9,9,8,16,13,11,9,8,8,8,8,8,15,11,8,7,7,12,9,9,9,8,7,7,7,7,12,9,8,7,6,6,6,6,6,7,7,6,6,6,7,7,6,6,5,5,7,6,6,5,5,5,5,4,4,5,10,6,4,4,4,4,8,7,6,5,4,4,3,3,3,18,17,16,6,5,4,3,3,17,17,16,4,4,3,2,2,2,3,2,2,2,2,18,15,3,2,2,1,1,1,2,2,3,18,18,17,9,6,4,1,1,1,4,18,14,13,13,5,1,1,0,1,2,14,8,3,2,1,1,1,1,17,16,15,14,9,8,7,7,5,3,3,2,1,1,18,7,2,2,17,15,13,7,7,6,5,2,2,2,3,18,14,10,9,8,8,4,3,3,17,15,15,14,13,12,11,11,10,8,7,7,4,4,3,3,18,17,16,14,12,12,4,4,5,15,14,14,13,12,12,5,5,12,12,11,9,9,6,6,7,12,11,10,10,8,7,6,6,6,6,7,12,7,7,7,7,7,7,13,8,7,7,7,7,11,11,8,8,8,15,11,17,11,11,11,19,16,16,13,13,17,15,13,12,12
166,21,20,14,16,15,14,13,12,12,22,22,17,15,14,13,12,11,19,16,14,14,13,16,16,14,12,11,10,16,15,12,11,11,9,19,12,11,10,9,9,18,16,10,10,9,8,17,13,11,9,9,8,8,8,8,16,12,8,8,7,13,10,10,9,9,8,7,7,7,13,9,9,8,7,7,6,6,6,8,8,6,6,5,8,8,7,6,6,5,8,7,7,6,6,5,5,5,5,5,11,7,5,5,4,4,9,8,7,6,5,4,4,4,3,19,18,17,7,6,4,4,4,18,18,17,5,4,4,3,2,2,4,3,3,2,2,19,16,4,3,2,2,2,1,1,1,2,19,19,18,10,7,6,2,2,1,3,19,15,14,14,6,2,2,1,0,1,15,9,4,3,2,1,1,1,18,17,17,15,10,9,8,8,6,5,4,3,2,1,19,8,3,2,18,16,14,9,8,7,6,3,3,2,2,19,15,11,10,9,9,5,3,3,18,16,16,15,14,13,13,12,11,9,8,8,5,4,4,3,19,18,17,15,13,13,4,4,4,17,15,15,14,13,13,5,5,13,13,12,10,9,6,6,6,13,12,11,11,9,8,6,6,6,6,7,13,8,7,7,7,7,7,14,8,8,7,7,7,12,11,8,8,8,15,12,18,12,12,11,20,17,16,14,13,18,16,13,13,12
167,21,21,15,17,15,15,13,12,12,23,22,17,15,14,13,12,11,19,17,15,14,13,17,16,14,12,12,10,16,16,12,12,11,9,19,12,12,10,9,9,18,17,11,10,9,8,18,14,12,10,9,9,8,8,8,17,12,9,8,7,13,11,10,10,9,8,7,7,7,14,10,9,9,7,7,7,6,6,9,8,7,6,6,9,8,7,7,6,5,9,7,7,7,6,5,5,5,5,4,11,8,5,5,5,4,9,8,8,6,5,5,4,4,4,19,18,18,7,6,5,4,4,19,18,18,5,5,4,3,2,2,4,4,3,3,2,20,17,5,3,3,2,2,2,1,1,2,20,19,19,11,7,6,3,2,2,3,19,15,15,14,7,3,2,2,1,0,15,9,4,3,3,2,1,1,19,18,17,15,11,10,9,8,7,5,5,4,2,2,19,9,3,2,18,17,15,9,9,8,7,4,3,2,2,19,16,11,11,10,9,5,3,3,18,17,16,15,14,14,13,13,11,9,9,8,5,5,4,4,20,19,17,15,14,13,4,4,4,17,16,15,15,14,13,5,5,14,13,13,11,10,6,6,6,14,12,12,11,9,9,7,6,6,6,7,14,8,7,7,7,7,7,14,8,8,7,7,7,12,12,8,8,8,16,12,18,12,12,12,21,18,17,14,14,19,16,14,13,13
168,13,13,15,13,13,14,15,16,17,12,12,12,13,13,15,15,18,11,11,12,12,13,11,11,12,13,14,16,10,10,13,13,13,19,9,11,12,14,16,18,9,9,12,13,14,16,8,9,11,12,13,14,15,16,16,8,9,13,14,15,8,10,11,11,12,13,14,15,15,7,10,11,11,13,14,14,15,17,11,11,13,14,16,10,10,12,12,13,17,9,11,11,12,12,13,14,14,15,17,7,10,12,13,13,17,8,9,9,11,12,13,13,14,14,5,4,4,9,10,12,13,13,4,4,4,11,11,12,13,15,15,12,12,13,13,14,5,2,11,12,13,13,14,14,15,15,17,5,4,3,5,8,9,13,13,14,18,4,1,1,1,9,13,13,14,15,15,0,6,11,12,13,14,14,15,3,2,2,1,5,6,7,7,9,10,11,12,14,14,4,7,13,14,3,2,2,7,7,8,9,13,13,14,15,4,2,5,5,6,7,11,14,16,4,3,3,3,3,4,4,4,5,7,8,8,11,12,13,14,5,4,4,3,4,4,14,15,17,4,4,4,4,5,5,15,17,6,6,6,8,9,13,15,18,6,7,8,8,10,11,14,15,16,17,19,7,13,14,15,15,16,17,7,13,14,15,15,16,9,10,15,15,16,9,11,9,11,12,12,10,9,9,11,11,10,10,12,13,13
169,15,15,13,12,12,12,12,13,14,16,15,12,12,12,12,12,14,13,12,11,11,11,11,11,11,11,11,12,11,10,10,10,10,14,12,9,9,11,12,13,11,10,9,10,10,12,11,9,8,9,9,10,11,11,11,10,8,9,9,11,7,7,7,7,8,9,9,10,11,7,7,7,7,9,9,9,10,11,7,7,8,9,11,6,6,7,7,8,11,5,6,6,7,7,8,8,9,9,11,5,5,7,7,8,11,4,4,4,5,6,7,8,8,9,10,9,9,4,5,6,7,7,10,9,9,5,6,6,8,9,9,6,6,7,7,8,11,7,5,6,7,7,8,8,9,9,11,11,10,9,2,2,3,7,7,8,12,10,6,6,5,3,7,7,8,9,9,6,0,5,6,7,8,8,9,9,8,8,6,1,1,1,1,3,4,5,6,8,8,10,1,7,8,9,7,6,2,2,2,3,7,7,8,9,10,6,3,2,2,2,5,8,10,9,8,7,6,5,5,4,4,3,3,3,3,6,7,8,8,10,9,8,6,5,5,8,9,11,8,7,7,6,5,5,9,11,6,6,5,5,5,8,10,13,6,6,6,5,6,6,9,9,10,11,13,7,8,9,9,10,10,11,7,8,9,10,10,11,7,7,10,10,11,9,8,11,9,9,9,13,11,10,9,9,12,10,10,10,10
170,18,18,13,14,13,13,12,12,12,19,19,15,13,13,12,12,12,16,14,13,12,12,14,13,12,11,11,11,13,13,10,10,10,11,16,10,10,9,10,10,15,13,9,9,9,9,14,11,9,8,8,8,8,9,9,13,9,8,8,8,10,8,8,8,7,7,7,7,8,10,7,7,7,7,7,7,7,8,6,6,6,6,7,6,6,6,6,6,7,6,5,5,5,5,5,5,5,6,7,7,5,4,5,5,7,6,5,5,4,4,4,4,4,5,15,14,14,4,3,3,3,4,15,14,13,3,3,3,4,4,5,2,2,3,3,4,15,12,2,2,2,3,3,4,4,5,6,15,15,14,7,3,2,2,2,3,7,15,11,10,10,2,2,2,3,4,4,11,5,0,1,2,3,3,4,14,13,13,11,6,6,4,4,2,1,1,1,3,3,15,5,2,3,14,12,11,5,4,4,3,2,3,4,5,15,11,7,6,5,5,2,4,5,14,12,12,11,10,9,9,8,7,5,5,4,3,3,4,4,15,14,13,11,9,9,4,5,7,13,12,11,11,9,9,5,7,10,9,9,7,6,5,6,8,9,8,8,7,6,6,6,6,7,7,9,10,6,6,6,7,7,7,10,7,7,7,7,7,9,8,7,7,8,12,9,15,10,9,9,17,14,13,11,11,15,13,11,10,10
171,19,19,14,15,14,13,13,12,12,20,20,15,14,13,12,12,12,17,15,13,13,12,15,14,13,11,11,10,14,14,11,11,10,11,17,11,10,9,9,10,16,14,9,9,9,9,15,12,10,9,8,8,8,8,8,14,10,8,8,8,11,9,8,8,8,7,7,7,7,11,8,7,7,7,7,7,7,7,7,7,6,6,7,7,6,6,6,6,7,7,6,5,5,5,5,5,5,5,6,8,6,4,4,4,6,7,6,5,4,4,4,4,4,4,16,15,15,5,4,3,3,3,16,15,15,3,3,3,3,4,4,2,2,2,2,3,17,13,2,2,2,2,2,3,3,4,5,17,16,15,8,4,3,1,2,2,6,16,12,12,11,3,1,1,2,3,3,12,6,1,0,1,2,2,3,15,14,14,12,7,7,6,5,3,2,1,1,2,2,16,6,1,2,15,13,12,6,5,5,4,2,2,3,4,16,12,8,7,6,6,2,3,4,15,13,13,12,11,10,10,9,8,6,6,5,3,3,3,3,16,15,14,12,10,10,3,4,6,14,13,12,12,10,10,5,6,11,10,10,8,7,5,5,7,10,9,9,8,6,6,6,6,6,7,8,11,6,6,6,6,6,7,11,7,7,7,7,7,9,9,7,7,8,13,10,15,10,10,10,18,15,14,12,11,16,13,11,11,11
172,20,19,14,15,14,14,13,12,12,21,20,16,14,13,12,12,12,17,15,13,13,12,15,14,13,11,11,10,14,14,11,11,11,10,17,11,11,9,9,10,16,15,10,9,9,9,16,12,10,9,9,8,8,8,8,15,11,8,8,8,11,9,9,8,8,7,7,7,7,11,8,8,7,7,7,7,7,7,7,7,6,6,6,7,7,6,6,6,6,7,6,6,5,5,5,5,5,5,6,9,6,5,4,4,6,7,6,6,5,4,4,4,4,4,17,16,15,5,4,3,3,3,16,16,15,4,3,3,3,3,4,2,2,2,2,2,17,14,2,2,2,2,2,2,3,3,5,17,17,16,8,5,3,1,1,2,6,17,13,12,12,4,1,1,1,2,3,13,7,2,1,0,1,2,2,16,15,14,13,8,7,6,6,4,2,2,1,1,2,17,6,1,2,15,14,12,6,6,5,4,2,2,2,3,17,13,9,8,7,6,3,2,4,16,14,13,12,11,11,10,10,9,7,6,6,3,3,3,3,17,16,15,13,11,10,3,4,5,14,13,13,12,11,10,5,5,11,11,10,8,7,5,5,7,11,9,9,9,7,6,5,6,6,6,8,11,6,6,6,6,6,7,11,7,7,7,7,7,10,9,7,7,8,13,10,16,10,10,10,18,15,14,12,11,16,14,12,11,11
173,20,20,14,16,15,14,13,12,12,22,21,16,15,14,13,12,12,18,16,14,14,13,16,15,14,12,11,11,15,15,12,11,11,10,18,12,11,10,9,9,17,15,10,10,9,9,17,13,11,9,9,9,8,8,8,16,11,8,8,8,12,10,9,9,8,8,7,7,7,12,9,8,8,7,7,7,7,7,8,7,6,6,6,8,7,6,6,6,6,8,7,6,6,6,5,5,5,5,5,10,7,5,5,5,5,8,7,7,5,5,4,4,4,4,18,17,16,6,5,4,4,3,17,17,16,4,4,4,3,3,3,3,3,2,2,2,18,15,3,2,2,2,2,2,2,2,4,18,18,17,9,6,5,2,1,1,5,18,14,13,13,5,1,1,1,1,2,14,8,3,2,1,0,1,1,17,16,15,14,9,8,7,7,5,3,3,2,1,1,18,7,2,1,17,15,13,7,7,6,5,2,2,2,2,18,14,10,9,8,7,4,2,3,17,15,15,13,12,12,11,11,10,8,7,7,4,3,3,3,18,17,16,14,12,11,3,3,5,15,14,14,13,12,11,4,5,12,12,11,9,8,5,5,6,12,10,10,9,7,7,6,5,6,6,7,12,7,6,6,6,6,6,12,7,7,7,7,7,11,10,7,7,8,14,11,17,11,11,10,19,16,15,13,12,17,14,12,12,11
174,21,20,15,16,15,14,13,13,12,22,22,17,15,14,13,12,12,18,16,14,14,13,16,16,14,12,12,11,16,15,12,12,11,10,18,12,11,10,9,9,18,16,10,10,9,9,17,13,11,10,9,9,8,8,8,16,12,9,8,8,13,10,10,9,9,8,7,7,7,13,9,9,8,7,7,7,7,7,8,8,7,6,6,8,8,7,6,6,6,8,7,7,6,6,5,5,5,5,5,10,7,5,5,5,5,9,8,7,6,5,4,4,4,4,18,17,17,6,6,4,4,4,18,17,17,5,4,4,3,3,3,4,3,3,2,2,19,15,4,3,2,2,2,2,2,2,3,19,18,18,10,6,5,2,2,1,4,18,14,14,13,6,2,1,1,1,1,14,8,3,2,2,1,0,1,18,17,16,14,9,9,8,7,6,4,3,3,1,1,18,8,2,1,17,15,14,8,7,7,6,2,2,2,2,18,14,10,10,9,8,4,2,2,17,16,15,14,13,12,12,11,10,8,8,7,4,4,3,3,18,17,16,14,13,12,3,3,4,16,15,14,14,12,12,4,5,13,12,12,10,9,5,5,6,12,11,10,10,8,7,6,6,6,6,7,13,7,6,6,6,6,6,13,7,7,7,7,7,11,11,7,7,8,15,11,17,11,11,11,19,17,16,13,12,17,15,13,12,12
175,21,21,15,17,15,15,14,13,12,22,22,17,15,15,13,13,12,19,17,15,14,13,17,16,14,12,12,11,16,16,12,12,12,10,19,12,12,10,9,9,18,16,11,10,10,9,17,14,12,10,9,9,9,8,8,17,12,9,8,8,13,11,10,10,9,8,8,7,7,13,10,9,9,7,7,7,7,7,9,8,7,7,6,9,8,7,7,6,6,9,7,7,7,6,6,5,5,5,5,11,7,6,5,5,5,9,8,8,6,5,5,4,4,4,19,18,17,7,6,5,4,4,18,18,17,5,5,4,3,3,3,4,4,3,3,2,19,16,4,3,3,2,2,2,2,2,3,19,19,18,11,7,6,2,2,2,3,19,15,14,14,6,2,2,1,1,1,15,9,4,3,2,1,1,0,18,17,17,15,10,9,8,8,6,4,4,3,1,1,19,8,2,2,18,16,14,8,8,7,6,3,2,2,2,19,15,11,10,9,9,4,2,2,18,16,16,15,13,13,12,12,11,9,8,8,5,4,3,3,19,18,17,15,13,13,4,3,4,16,15,15,14,13,12,4,5,13,13,12,10,9,6,5,6,13,11,11,10,8,8,6,6,5,6,6,13,7,6,6,6,6,6,13,8,7,7,7,7,11,11,7,7,8,15,11,18,12,11,11,20,17,16,14,13,18,15,13,12,12
176,13,13,17,14,15,16,18,19,20,12,12,13,15,15,17,18,21,12,13,14,15,16,12,13,14,16,17,19,12,12,15,16,16,22,10,14,15,17,19,21,10,10,15,16,17,19,9,11,13,15,16,17,18,19,19,9,12,16,17,18,11,13,13,14,15,16,17,18,19,10,13,14,15,16,17,17,18,20,14,14,16,17,19,13,14,15,16,17,20,12,14,14,15,15,16,17,17,18,20,10,13,16,16,17,20,11,12,12,14,15,16,17,17,18,4,4,4,13,14,15,16,16,3,3,3,14,15,15,17,18,18,15,16,16,17,17,2,3,14,16,16,17,17,18,18,19,20,2,2,2,8,12,13,16,17,17,22,1,3,4,5,12,16,17,17,18,19,3,9,14,15,16,17,18,18,0,1,2,3,8,9,10,10,12,14,14,15,17,18,1,10,16,17,1,2,4,10,11,11,12,16,17,18,19,2,4,8,8,9,10,14,17,19,2,3,4,4,5,6,6,7,8,10,11,11,14,16,17,17,3,3,3,5,6,7,17,18,21,4,5,5,6,7,8,18,20,7,8,8,10,11,16,18,21,8,10,10,11,13,14,17,18,19,20,22,9,15,17,17,18,18,19,9,16,17,18,18,19,11,12,17,18,19,9,13,9,13,14,14,9,10,10,12,13,10,11,14,14,15
177,13,13,16,14,15,15,17,18,19,12,12,13,14,15,16,17,20,12,12,14,14,15,12,12,13,15,16,18,11,12,14,15,15,21,10,13,14,16,18,20,9,10,14,15,16,18,9,11,12,15,15,16,17,18,18,9,11,15,16,17,10,12,13,13,14,15,16,17,18,9,12,13,14,15,16,16,17,19,13,13,15,16,18,12,13,14,15,16,19,11,13,13,14,14,15,16,16,17,19,9,12,15,15,16,19,10,11,11,13,14,15,15,16,17,4,4,4,12,13,14,15,15,3,3,3,13,14,14,16,17,17,14,15,15,16,16,3,2,13,14,15,16,16,17,17,18,19,3,2,2,7,11,12,15,15,16,20,2,2,3,3,11,15,15,16,17,18,2,8,13,14,15,16,17,17,1,0,1,2,7,8,9,9,11,13,13,14,16,16,2,9,15,16,1,2,3,9,9,10,11,15,15,17,18,2,3,7,7,8,9,13,16,18,2,2,3,4,4,5,5,6,7,9,10,10,13,14,16,16,3,3,3,4,5,6,16,17,19,3,4,4,5,6,7,17,19,7,7,7,9,10,15,17,20,7,9,9,10,12,13,16,17,18,19,21,8,14,16,16,17,17,18,8,15,16,17,17,18,11,11,16,17,18,9,12,8,12,13,13,9,9,10,11,12,10,11,13,14,14
178,13,13,16,14,15,15,16,18,19,12,12,13,14,14,16,17,20,12,12,13,14,15,11,12,13,15,16,18,11,11,14,14,15,20,10,13,14,16,18,20,9,10,14,15,16,18,9,10,12,14,15,16,17,17,18,8,11,15,16,17,9,12,12,13,13,15,16,16,17,9,12,13,13,15,15,16,16,18,12,13,15,15,18,12,12,14,14,15,19,11,12,13,13,14,15,15,16,16,18,8,12,14,15,15,18,9,10,11,12,13,14,15,15,16,4,4,4,11,12,14,14,15,4,3,3,13,13,14,15,16,17,13,14,15,15,16,4,2,13,14,14,15,16,16,17,17,19,3,3,2,6,10,11,14,15,15,20,2,2,2,3,11,14,15,15,17,17,2,8,13,14,14,15,16,17,2,1,0,2,7,7,8,9,10,12,13,13,15,16,2,8,14,15,2,1,2,8,9,9,11,14,15,16,17,3,2,6,7,8,8,13,15,17,2,2,2,3,4,4,5,5,6,9,9,10,13,14,15,16,4,3,3,4,5,5,15,16,19,3,4,4,4,6,6,16,18,6,7,7,9,10,14,17,20,7,8,9,9,12,12,15,16,17,18,20,7,14,15,16,16,17,18,8,14,15,16,17,17,10,11,16,16,17,9,12,8,12,12,13,9,9,9,11,12,9,11,12,13,14
179,13,13,15,13,14,14,15,17,18,13,13,12,13,14,15,16,18,12,12,13,13,14,11,11,12,14,14,16,11,11,13,13,14,19,10,12,13,15,16,18,9,9,13,14,14,17,9,10,11,13,14,15,15,16,16,8,10,13,14,16,9,11,11,11,12,13,14,15,16,8,11,11,12,14,14,15,15,17,11,11,13,14,16,10,11,12,13,14,17,9,11,11,12,12,13,14,14,15,17,7,10,13,13,14,17,8,9,9,11,12,13,13,14,14,5,5,4,10,11,12,13,13,5,4,4,11,11,12,14,15,15,12,12,13,13,14,5,2,11,12,13,13,14,14,15,16,17,5,4,4,5,8,9,13,13,14,18,4,1,1,2,9,13,13,14,15,15,1,6,11,12,13,14,14,15,3,2,2,0,5,5,7,7,9,10,11,12,14,14,4,7,13,14,3,2,1,7,7,8,9,13,13,14,15,4,2,5,5,6,7,11,14,15,4,2,2,2,3,3,4,4,5,7,7,8,11,12,13,14,5,4,3,3,4,4,13,15,17,3,3,3,3,5,5,15,16,5,6,6,7,8,13,15,18,6,7,7,8,10,11,14,15,16,17,19,6,12,14,14,15,15,16,7,13,14,15,15,16,9,9,14,15,16,8,11,8,11,11,12,9,9,9,10,11,9,10,11,12,12
180,15,15,13,13,13,13,13,14,15,15,15,12,12,12,13,13,15,13,12,12,12,12,11,11,11,11,12,13,11,11,11,11,11,15,12,10,10,12,13,14,11,10,10,11,11,13,10,9,9,10,10,11,12,12,12,10,8,10,11,12,8,8,8,8,9,10,11,11,12,7,8,8,8,10,10,11,11,13,8,8,9,10,12,7,7,8,9,9,13,6,7,7,8,8,9,9,10,10,12,5,6,8,9,9,12,5,5,5,7,7,8,9,9,10,10,9,8,5,6,8,8,9,9,8,8,6,7,7,9,10,10,7,8,8,9,9,10,6,6,7,8,9,9,10,10,11,12,9,9,8,2,4,5,8,8,9,13,9,5,5,4,4,8,8,9,10,11,5,1,6,7,8,9,9,10,8,7,7,5,0,1,2,2,4,5,6,7,9,9,9,2,8,9,8,6,5,2,2,3,4,8,8,9,11,9,5,2,2,2,2,6,9,11,8,6,6,5,4,4,3,3,2,3,3,4,6,7,9,9,9,8,7,5,4,4,9,10,12,7,6,6,5,4,4,10,12,5,5,5,5,5,8,10,13,5,5,5,5,6,7,9,10,11,12,14,6,8,9,10,10,11,12,6,9,9,10,11,11,7,7,10,11,12,8,8,10,9,9,9,12,10,9,9,9,11,9,9,10,10
181,15,15,13,13,13,13,13,14,14,16,15,13,12,12,13,13,15,13,12,12,12,12,12,11,11,11,12,13,11,11,11,11,11,15,12,10,10,11,13,14,11,10,10,10,11,12,11,9,9,10,10,11,11,12,12,10,8,10,10,11,8,8,8,8,9,9,10,11,11,7,7,8,8,9,10,10,11,12,7,8,9,9,11,7,7,8,8,9,12,6,7,7,7,8,9,9,9,10,12,5,6,8,8,9,12,5,5,5,6,7,8,8,9,9,10,9,9,5,6,7,8,8,9,9,8,6,6,7,8,9,10,7,7,8,8,9,10,7,6,7,7,8,9,9,10,10,12,10,9,9,2,3,4,7,8,8,13,9,6,5,5,3,7,8,8,9,10,6,1,6,7,7,8,9,9,9,8,7,5,1,0,1,2,3,5,6,6,8,9,9,1,7,8,8,7,5,2,2,2,3,7,8,9,10,9,6,2,2,2,2,6,8,10,9,7,6,5,4,4,4,3,2,2,3,3,6,7,8,9,10,9,8,6,4,4,8,9,12,7,6,6,6,5,4,10,11,5,5,5,4,5,8,10,13,5,5,5,5,6,6,9,10,11,12,14,6,8,9,9,10,10,11,6,8,9,10,10,11,7,7,10,10,11,8,8,10,8,9,9,12,10,10,9,9,11,10,9,10,10
182,16,16,13,13,13,13,13,13,14,16,16,13,12,12,12,13,14,14,12,12,12,12,12,12,11,11,11,12,11,11,11,11,11,14,13,10,10,11,12,13,12,11,10,10,10,12,11,9,9,9,10,10,11,11,11,11,8,9,10,11,8,8,8,8,8,9,9,10,11,8,7,7,8,9,9,9,10,11,7,7,8,9,11,6,6,7,7,8,11,6,6,6,7,7,8,8,9,9,11,5,5,7,7,8,11,4,5,5,5,6,7,7,8,8,11,10,10,4,5,6,7,7,10,10,9,5,6,6,7,8,9,6,6,7,7,8,11,8,5,6,6,7,7,8,9,9,11,11,11,10,3,2,3,6,7,7,12,11,7,6,6,2,6,7,7,8,9,7,1,4,6,6,7,8,8,10,9,8,7,2,1,0,1,2,4,4,5,7,8,10,1,6,7,9,8,6,1,1,2,2,6,7,8,9,11,7,3,2,2,2,5,7,9,10,8,7,6,5,5,4,4,3,2,2,2,5,6,7,7,11,10,9,7,5,5,7,8,11,8,7,7,6,5,5,9,10,6,6,5,4,4,7,9,12,6,5,5,5,5,6,8,9,10,11,13,6,7,8,9,9,9,10,7,7,8,9,9,10,7,7,9,9,11,9,8,11,8,8,8,13,11,10,9,9,11,10,9,9,9
183,16,16,13,13,13,13,13,13,14,17,16,13,12,12,12,12,14,14,13,12,12,12,12,12,11,11,11,12,12,11,10,11,11,14,13,10,10,11,12,13,12,11,9,10,10,11,12,9,9,9,9,10,10,11,11,11,8,9,9,10,8,8,8,8,8,9,9,9,10,8,7,7,7,8,9,9,9,11,7,7,8,8,10,6,6,7,7,8,11,6,6,6,6,7,7,8,8,9,10,5,5,7,7,7,10,4,4,5,5,6,7,7,7,8,12,11,10,4,5,6,6,7,11,10,10,5,5,5,7,8,8,5,6,6,7,7,12,9,4,5,6,6,7,7,8,9,10,12,11,11,3,2,3,6,6,7,11,11,7,7,6,2,6,6,7,8,8,7,1,4,5,6,7,7,8,10,9,9,7,2,2,1,0,2,3,4,4,7,7,11,1,6,7,10,8,7,1,1,1,2,6,6,7,8,11,7,3,3,2,2,4,7,8,10,9,8,7,6,5,5,4,4,2,2,2,4,5,6,7,11,10,9,7,6,5,7,8,10,9,8,7,7,6,5,8,10,6,6,6,5,4,7,8,11,6,5,5,5,5,5,7,8,9,10,12,7,7,8,8,9,9,10,7,7,8,9,9,9,7,7,9,9,10,9,8,11,8,8,8,13,11,10,9,9,12,10,9,9,9
184,17,17,13,14,13,13,13,13,13,18,18,14,13,12,12,12,13,15,13,12,12,12,13,13,12,11,11,11,12,12,11,10,10,13,14,10,10,10,11,12,14,12,9,9,10,11,13,10,9,9,9,9,10,10,10,12,9,8,9,9,9,8,8,8,8,8,8,9,9,9,7,7,7,8,8,8,8,10,7,7,7,7,9,6,6,6,6,7,9,6,6,6,6,6,6,7,7,7,9,6,5,6,6,6,9,5,5,4,5,5,5,6,6,7,13,12,12,4,4,5,5,5,13,12,11,4,4,4,6,6,7,4,4,5,5,6,13,10,3,4,4,5,5,6,6,7,9,13,13,12,5,2,2,4,5,5,9,13,9,8,8,1,4,5,5,6,7,9,3,2,3,4,5,6,6,12,11,10,9,4,3,2,2,0,2,2,3,5,6,13,2,4,5,12,10,8,2,2,2,1,4,5,6,7,13,9,5,4,3,3,3,5,7,12,10,10,9,7,7,6,6,5,3,3,2,3,4,5,5,13,12,11,9,7,7,5,6,9,10,9,9,8,7,7,7,8,7,7,7,5,5,6,7,10,7,6,6,6,5,5,6,7,8,9,11,8,6,7,7,7,8,9,8,6,7,7,8,8,7,7,8,8,9,10,8,12,8,8,8,15,12,11,10,9,13,11,10,9,9
185,18,18,14,15,14,13,13,13,13,19,19,15,13,13,12,12,13,16,14,13,13,12,14,13,12,11,11,11,13,13,11,11,11,12,16,11,10,10,10,11,15,13,9,9,9,10,14,11,10,9,9,9,9,9,9,13,10,8,8,9,10,8,8,8,8,8,8,8,8,10,8,7,7,7,7,7,8,9,7,7,7,7,8,6,6,6,6,6,8,6,6,6,5,6,6,6,6,6,8,7,5,5,5,5,7,6,5,5,4,4,5,5,5,5,15,14,13,4,4,4,4,4,14,14,13,3,3,3,4,5,5,3,3,4,4,4,15,12,2,3,3,4,4,4,5,5,7,15,14,14,6,3,2,3,3,4,8,14,11,10,9,2,2,3,3,5,5,10,4,1,2,2,3,4,4,14,13,12,10,5,5,4,3,2,0,1,1,3,4,14,4,2,3,13,12,10,4,3,3,2,2,3,4,5,14,11,6,6,5,4,2,4,5,13,12,11,10,9,9,8,7,6,4,4,4,2,3,4,4,15,13,12,10,9,8,4,5,7,12,11,10,10,9,8,5,7,9,8,8,6,6,5,6,8,9,7,7,7,5,5,5,6,7,7,9,9,6,6,6,6,7,7,9,6,6,7,7,7,8,8,7,7,8,11,8,14,9,9,9,16,13,12,10,10,14,12,10,10,10
186,19,18,14,15,14,13,13,13,13,20,19,15,14,13,12,12,12,16,15,13,13,12,14,14,13,11,11,11,14,13,11,11,11,12,16,11,10,10,10,11,15,14,10,9,9,10,15,11,10,9,9,9,9,9,9,14,10,8,8,9,11,9,8,8,8,8,8,8,8,11,8,7,7,7,7,7,7,8,7,7,7,7,8,7,6,6,6,6,8,6,6,6,6,5,6,6,6,6,7,8,5,5,5,5,7,6,5,5,5,4,5,5,5,5,15,14,14,4,4,4,4,4,15,14,14,3,3,3,4,5,5,3,3,3,4,4,16,12,2,2,3,3,4,4,4,5,6,15,15,14,7,3,2,2,3,3,7,15,11,11,10,2,2,2,3,4,5,11,5,1,1,2,3,3,4,14,13,13,11,6,6,4,4,2,1,0,1,3,3,15,4,2,3,14,12,11,5,4,3,2,2,2,3,5,15,11,7,6,5,5,2,3,5,14,12,12,11,10,9,9,8,7,5,4,4,2,2,3,4,15,14,13,11,9,9,4,4,7,13,11,11,10,9,9,5,6,9,9,8,7,6,5,6,8,9,8,7,7,5,5,5,6,6,7,9,9,6,6,6,6,6,7,10,6,6,6,7,7,8,8,7,7,8,12,9,14,9,9,9,16,14,13,11,10,14,12,10,10,10
187,19,19,14,15,14,14,13,13,13,20,20,15,14,13,12,12,12,17,15,13,13,12,15,14,13,11,11,11,14,14,11,11,11,11,16,11,11,10,10,11,16,14,10,9,9,10,15,12,10,9,9,9,9,9,9,14,10,8,8,8,11,9,9,8,8,8,8,8,8,11,8,8,7,7,7,7,7,8,7,7,7,7,7,7,7,6,6,6,7,7,6,6,6,6,6,6,6,6,7,8,6,5,5,5,7,7,6,5,5,4,4,5,5,5,16,15,14,5,4,4,4,4,15,15,14,3,3,3,4,4,5,3,3,3,3,4,16,13,2,2,2,3,3,4,4,4,6,16,15,15,7,4,3,2,2,3,7,15,12,11,11,3,2,2,2,3,4,12,6,1,1,1,2,3,3,15,14,13,12,7,6,5,4,3,1,1,0,2,3,15,5,1,2,14,13,11,5,5,4,3,2,2,3,4,15,12,7,7,6,5,2,3,4,14,13,12,11,10,10,9,9,7,5,5,4,2,2,3,3,16,15,13,11,10,9,3,4,6,13,12,11,11,10,9,5,6,10,9,9,7,6,4,5,7,10,8,8,7,6,5,5,5,6,7,8,10,6,6,6,6,6,7,10,6,6,6,6,7,9,8,7,7,8,12,9,15,9,9,9,17,14,13,11,10,15,12,11,10,10
188,21,20,15,16,15,15,14,13,13,22,21,17,15,14,13,13,12,18,16,15,14,13,16,16,14,12,12,11,16,15,12,12,12,11,18,12,12,10,10,10,18,16,11,10,10,9,17,13,11,10,9,9,9,9,9,16,12,9,9,8,13,10,10,9,9,8,8,8,8,13,9,9,8,7,7,7,7,7,8,8,7,7,7,8,8,7,7,6,6,8,7,7,6,6,6,6,6,5,6,10,7,5,5,5,5,8,7,7,6,5,5,5,4,4,18,17,16,6,5,4,4,4,17,17,16,5,4,4,3,3,3,4,3,3,3,3,18,15,4,3,2,2,2,2,2,3,4,18,18,17,9,6,5,2,2,2,5,18,14,13,13,5,2,1,1,2,2,14,8,3,2,1,1,1,1,17,16,15,14,9,8,7,7,5,3,3,2,0,1,18,7,1,1,17,15,13,7,7,6,5,2,1,1,2,18,14,9,9,8,7,3,2,2,17,15,14,13,12,12,11,11,10,7,7,6,4,3,2,2,18,17,16,13,12,11,3,3,4,15,14,14,13,12,11,4,4,12,11,11,9,8,5,4,6,12,10,10,9,7,7,5,5,5,5,7,12,6,6,6,6,6,6,12,7,6,6,6,6,10,10,7,7,7,14,10,17,11,10,10,19,16,15,12,12,17,14,12,11,11
189,21,21,15,17,15,15,14,13,13,22,22,17,15,15,13,13,12,19,17,15,15,14,17,16,14,13,12,11,16,16,12,12,12,11,19,13,12,10,10,10,18,16,11,10,10,9,17,14,12,10,10,9,9,9,9,17,12,9,9,8,13,11,10,10,9,8,8,8,8,13,10,9,9,8,7,7,7,7,9,8,7,7,7,9,8,7,7,6,6,9,7,7,7,6,6,6,6,6,6,11,7,6,5,5,5,9,8,7,6,5,5,5,5,4,19,17,17,7,6,5,4,4,18,17,17,5,5,4,3,3,3,4,4,3,3,3,19,16,4,3,3,2,2,2,2,2,4,19,18,18,10,6,5,2,2,2,4,18,14,14,13,6,2,2,1,1,2,14,8,3,2,2,1,1,1,18,16,16,14,9,9,8,7,6,4,3,3,1,0,18,8,2,1,17,15,14,8,7,7,6,2,2,1,2,18,14,10,9,8,8,4,2,2,17,16,15,14,13,12,12,11,10,8,7,7,4,3,2,2,18,17,16,14,12,12,3,3,4,16,15,14,14,12,12,4,4,12,12,11,9,8,5,4,5,12,11,10,10,7,7,5,5,5,5,6,12,6,6,6,6,6,6,13,7,6,6,6,6,11,10,7,7,7,14,11,17,11,11,10,19,16,15,13,12,17,14,12,11,11
190,14,14,18,15,16,17,18,20,21,13,13,14,15,16,18,19,22,13,14,15,15,16,13,13,15,17,18,20,13,13,16,16,17,23,11,15,16,18,20,22,10,11,16,17,18,20,10,12,14,16,17,18,19,19,20,10,13,17,18,19,11,14,14,15,16,17,18,18,19,11,14,15,15,17,18,18,19,21,15,15,17,17,20,14,14,16,16,17,21,13,15,15,16,16,17,18,18,19,21,10,14,16,17,17,21,12,13,13,15,16,17,17,18,18,4,5,5,13,14,16,17,17,4,4,4,15,15,16,17,19,19,16,16,17,17,18,3,4,15,16,17,17,18,18,19,19,21,2,2,2,9,12,13,17,17,18,22,2,4,5,5,13,17,17,18,19,19,4,10,15,16,17,18,18,19,1,2,2,4,9,9,10,11,13,14,15,15,18,18,0,10,16,18,1,3,4,10,11,12,13,17,17,18,19,1,4,8,9,10,11,15,18,19,2,3,4,5,6,6,7,7,8,11,11,12,15,16,17,18,2,2,3,5,6,7,17,18,21,4,5,5,6,7,8,18,20,8,8,9,11,12,16,19,22,8,10,10,11,13,14,17,18,19,20,22,9,16,17,18,18,19,20,9,16,17,18,18,19,12,12,18,18,19,9,13,8,13,14,14,8,9,10,12,13,10,11,14,15,15
191,16,16,14,14,13,13,13,14,14,17,16,13,13,13,13,13,15,14,13,12,12,12,13,12,12,12,12,13,12,12,11,11,11,14,13,10,11,11,12,14,13,11,10,10,11,12,12,10,9,10,10,11,11,11,12,11,9,10,10,11,9,8,8,8,9,9,10,10,11,8,8,8,8,9,9,10,10,12,7,8,9,9,11,7,7,8,8,9,11,6,7,7,7,7,8,9,9,9,11,6,6,7,8,8,11,5,5,5,6,7,7,8,8,9,11,10,10,5,6,7,7,7,11,10,10,5,6,6,8,9,9,6,6,7,7,8,11,8,5,6,7,7,8,8,9,9,11,11,11,10,3,3,4,6,7,7,12,11,7,6,6,3,6,7,7,8,9,7,1,5,6,6,7,8,8,10,9,8,7,2,1,1,1,2,4,4,5,7,8,10,0,6,7,9,8,6,1,1,1,2,6,7,8,9,11,7,2,2,1,1,5,7,9,9,8,7,6,5,5,4,4,3,2,2,2,5,6,7,7,11,10,9,6,5,4,7,8,11,8,7,7,6,5,5,8,10,5,5,5,4,4,7,9,12,5,5,5,4,5,5,7,8,9,10,12,6,7,8,8,9,9,10,6,7,8,9,9,9,6,6,9,9,10,8,7,11,8,8,8,12,10,10,8,8,11,9,9,9,9
192,20,20,15,16,15,15,14,13,13,21,21,16,15,14,13,13,13,18,16,14,14,13,16,15,14,12,12,12,15,15,12,12,12,11,18,12,12,11,10,11,17,15,11,10,10,10,16,13,11,10,10,9,9,9,9,15,11,9,9,9,12,10,10,9,9,8,8,8,8,12,9,9,8,8,8,8,8,8,8,8,7,7,7,8,8,7,7,7,7,8,7,7,6,6,6,6,6,6,7,9,7,6,6,6,6,8,7,7,6,5,5,5,5,5,17,16,15,6,5,5,4,4,16,16,15,4,4,4,4,4,4,3,3,3,3,3,17,14,3,3,3,3,3,3,4,4,5,17,17,16,9,5,4,2,2,2,6,17,13,12,12,4,2,2,2,3,3,13,7,2,1,1,2,2,2,16,15,14,13,8,7,6,6,4,2,2,1,1,2,16,6,0,1,15,14,12,6,6,5,4,1,1,2,3,17,13,8,8,7,6,2,2,3,15,14,13,12,11,11,10,9,8,6,6,5,2,2,2,2,17,16,14,12,11,10,2,3,5,14,13,12,12,10,10,4,5,11,10,10,8,7,4,4,6,10,9,8,8,6,5,4,5,5,6,7,11,5,5,5,5,5,6,11,6,6,6,6,6,9,9,6,6,7,13,9,15,9,9,9,17,15,14,11,11,15,13,11,10,10
193,21,21,15,17,16,15,14,13,13,22,22,17,15,15,14,13,13,19,17,15,15,14,17,16,15,13,12,12,16,16,13,12,12,11,19,13,12,11,10,11,18,16,11,11,10,10,17,14,12,10,10,10,9,9,9,16,12,9,9,9,13,11,10,10,9,9,8,8,8,13,10,9,9,8,8,8,8,8,9,8,7,7,7,9,8,7,7,7,7,9,7,7,7,7,6,6,6,6,6,10,7,6,6,6,6,9,8,7,6,6,5,5,5,5,18,17,17,7,6,5,5,5,17,17,16,5,5,4,4,4,4,4,4,3,3,3,18,15,4,3,3,3,3,3,3,3,4,18,18,17,10,6,5,2,2,2,5,18,14,13,13,5,2,2,2,2,2,14,8,3,2,2,1,1,2,17,16,15,14,9,8,7,7,5,3,3,2,1,1,18,7,1,0,17,15,13,7,7,6,5,1,1,1,2,18,14,9,9,8,7,3,1,2,17,15,14,13,12,12,11,11,9,7,7,6,3,2,2,2,18,17,16,13,12,11,2,2,4,15,14,13,13,11,11,3,4,12,11,11,9,8,4,4,5,11,10,9,9,7,6,5,4,5,5,6,12,6,5,5,5,5,5,12,6,6,6,6,6,10,9,6,6,7,14,10,16,10,10,9,18,16,15,12,11,16,14,11,11,10
194,14,14,17,15,16,17,18,19,20,13,13,14,15,16,18,18,21,13,14,15,15,16,13,13,14,16,17,19,13,13,16,16,16,22,11,14,15,18,19,21,11,11,16,16,17,20,10,12,14,16,16,17,18,19,19,10,12,16,17,18,11,13,14,14,15,16,17,18,19,10,13,14,15,17,17,17,18,20,14,14,16,17,19,13,14,15,15,16,20,12,14,14,15,15,16,17,17,18,20,10,13,16,16,17,20,11,12,12,14,15,16,16,17,17,5,5,5,13,14,15,16,16,4,4,4,14,14,15,17,18,18,15,15,16,16,17,4,4,14,15,16,16,17,17,18,18,20,3,3,3,8,11,12,16,16,17,21,2,4,4,4,12,16,16,17,18,18,3,9,14,15,15,17,17,18,1,1,2,3,8,8,9,10,12,13,14,14,17,17,1,9,15,17,0,2,3,9,10,10,12,15,16,17,18,1,3,7,8,9,9,14,17,18,1,2,2,3,5,5,6,6,7,9,10,11,14,15,16,17,2,2,2,4,5,6,16,17,20,3,4,4,4,6,7,17,19,6,7,7,9,10,15,17,21,7,9,9,10,12,13,16,17,18,19,21,7,14,16,17,17,18,19,8,15,16,17,17,18,10,11,16,17,18,8,12,7,12,13,13,8,8,9,11,12,9,10,12,13,14
195,14,14,17,14,15,16,17,18,19,14,13,14,15,15,16,17,20,13,13,14,14,15,12,13,14,15,16,18,12,12,15,15,15,21,11,13,14,16,18,20,10,11,14,15,16,18,10,11,13,14,15,16,17,17,18,9,11,15,16,17,10,12,12,13,14,15,16,16,17,9,12,13,13,15,16,16,17,18,13,13,15,15,18,12,12,14,14,15,18,11,12,13,13,14,15,15,16,16,18,9,12,14,15,15,18,9,10,11,12,13,14,15,15,16,6,5,5,11,12,14,14,15,5,5,5,12,13,13,15,16,17,13,14,14,15,15,5,3,13,14,14,15,15,16,16,17,18,4,4,4,6,10,11,14,15,15,19,4,2,3,3,10,14,14,15,16,17,2,7,12,13,14,15,15,16,2,2,1,2,6,7,8,8,10,12,12,13,15,15,3,8,14,15,2,0,2,8,8,9,10,14,14,15,16,3,1,6,6,7,8,12,15,17,2,1,1,2,3,3,4,5,6,8,8,9,12,13,14,15,3,2,2,2,4,4,14,15,18,2,2,3,3,5,5,16,17,5,6,6,8,9,14,16,19,6,7,8,8,11,11,14,15,16,17,20,6,13,14,15,15,16,17,7,13,14,15,16,16,9,9,15,15,17,7,11,7,11,11,12,8,8,8,10,11,8,9,11,12,12
196,15,14,16,14,15,15,16,17,18,14,14,13,14,14,16,16,19,13,13,13,14,14,12,12,13,14,15,17,12,12,14,14,14,19,11,13,13,15,17,18,11,10,13,14,15,17,10,10,12,13,14,15,16,16,16,9,11,14,14,16,9,11,11,12,12,14,15,15,16,9,11,12,12,14,14,15,15,17,11,12,13,14,16,11,11,12,13,14,17,10,11,11,12,12,13,14,14,15,17,7,10,13,13,14,17,8,9,9,11,12,13,13,14,14,7,6,6,10,11,12,13,13,6,5,5,11,11,12,13,14,15,12,12,13,13,14,6,4,11,12,13,13,14,14,15,15,17,6,5,5,5,8,9,12,13,13,18,5,2,2,2,9,12,13,13,14,15,2,6,11,12,12,13,14,14,4,3,2,1,5,5,6,7,8,10,11,11,13,14,4,6,12,13,3,2,0,6,7,7,8,12,13,14,15,4,1,4,4,6,6,10,13,15,3,2,2,1,2,2,2,3,4,6,7,7,11,12,13,13,5,4,3,2,2,3,13,14,17,3,2,2,2,4,4,14,16,4,4,5,6,7,12,14,17,5,6,6,7,9,10,13,14,15,16,18,5,11,13,13,14,14,15,6,12,13,14,14,15,8,8,13,14,15,7,9,7,10,10,11,8,8,8,9,9,8,9,10,11,11
197,17,17,14,14,14,14,14,14,15,17,17,14,13,13,13,14,15,15,13,13,13,13,13,13,12,12,12,13,12,12,12,12,12,15,14,11,11,12,13,14,13,12,11,11,11,13,12,10,10,10,11,11,12,12,12,11,9,10,11,11,9,9,9,9,9,10,10,11,11,9,8,9,9,10,10,10,11,12,8,8,9,9,11,7,7,8,8,9,12,7,7,7,8,8,9,9,9,10,11,6,6,8,8,9,11,5,6,6,6,7,8,8,9,9,12,11,10,5,6,7,7,8,11,10,10,6,6,7,8,9,9,6,7,7,8,8,11,8,6,6,7,7,8,8,9,9,11,11,11,10,4,3,4,7,7,8,12,11,7,6,6,3,6,7,7,9,9,7,2,5,6,6,7,8,8,10,9,8,7,2,2,1,1,2,4,5,5,7,8,10,1,6,7,9,8,6,0,1,1,2,6,7,8,9,10,7,2,2,1,1,4,7,9,9,8,7,6,5,5,4,3,2,1,1,2,5,6,7,7,11,9,8,6,5,4,7,8,11,8,7,6,6,5,4,8,10,5,5,4,3,3,6,8,11,5,4,4,4,4,5,7,8,9,10,12,6,6,7,8,8,9,10,6,7,7,8,9,9,6,6,8,9,10,8,7,10,7,7,7,12,10,9,8,8,11,9,8,8,8
198,17,17,14,14,14,14,14,14,15,18,17,14,13,13,13,13,15,15,14,13,13,13,13,13,12,12,12,13,13,12,12,12,12,15,14,11,11,12,13,14,13,12,11,11,11,12,13,10,10,10,10,11,11,12,12,12,9,10,10,11,9,9,9,9,9,10,10,10,11,9,8,8,9,9,10,10,10,12,8,8,9,9,11,7,7,8,8,9,11,7,7,7,7,8,8,9,9,9,11,6,6,7,8,8,11,6,6,6,6,7,7,8,8,9,12,11,11,5,6,7,7,7,11,11,10,5,6,6,7,8,9,6,6,7,7,8,12,9,5,6,6,7,7,8,8,9,10,12,11,11,4,3,4,6,7,7,11,11,7,7,6,3,6,6,7,8,9,7,2,4,5,6,7,7,8,11,9,9,7,2,2,1,1,2,3,4,5,7,7,11,1,6,7,10,8,7,1,0,1,2,5,6,7,8,11,7,3,2,1,1,4,7,8,10,8,8,7,6,5,5,4,3,1,1,1,4,5,6,7,11,10,9,7,5,5,6,7,10,9,7,7,6,5,5,8,9,6,5,5,3,3,6,8,11,5,4,4,4,4,4,7,8,9,10,12,6,6,7,7,8,8,9,6,6,7,8,8,9,6,6,8,8,9,8,7,11,7,7,7,13,10,9,8,8,11,9,8,8,8
199,17,17,14,14,14,14,14,14,14,18,18,14,13,13,13,13,15,15,14,13,13,13,14,13,12,12,12,13,13,13,12,12,12,14,14,11,11,11,12,13,14,12,11,11,11,12,13,11,10,10,10,11,11,11,12,12,10,10,10,11,10,9,9,9,9,9,10,10,11,9,8,8,8,9,9,10,10,11,8,8,9,9,11,7,7,8,8,8,11,7,7,7,7,7,8,8,9,9,11,7,6,7,7,8,10,6,5,6,6,6,7,7,8,8,13,12,11,5,5,6,7,7,12,11,11,5,5,6,7,8,8,5,6,6,7,7,13,9,5,5,6,6,7,7,8,8,10,12,12,11,4,3,3,6,6,7,11,12,8,7,7,2,5,6,6,7,8,8,2,4,5,5,6,7,7,11,10,9,8,3,2,2,1,2,3,3,4,6,7,12,1,5,6,10,9,7,1,1,0,1,5,6,7,8,12,8,3,3,2,1,3,6,8,11,9,8,7,6,6,5,5,3,2,1,1,3,5,6,6,12,11,9,7,6,5,6,7,9,9,8,7,7,6,5,7,9,6,5,5,4,3,5,7,10,6,5,4,4,4,4,6,7,8,9,11,6,6,7,7,7,8,9,7,6,7,7,8,8,6,6,7,8,9,9,7,11,7,7,7,13,11,10,8,8,11,9,8,8,8
200,18,18,14,15,14,14,14,14,14,19,18,15,14,13,13,13,14,16,14,13,13,13,14,14,13,12,12,13,13,13,12,12,12,14,15,11,11,11,12,13,14,13,10,11,11,12,14,11,10,10,10,10,11,11,11,13,10,9,10,10,10,9,9,9,9,9,9,10,10,10,8,8,8,9,9,9,9,11,8,8,8,8,10,7,7,7,7,8,10,7,7,7,7,7,7,8,8,8,10,7,6,7,7,7,9,6,6,6,6,6,6,7,7,7,14,13,12,5,5,6,6,6,13,12,12,5,5,5,6,7,7,5,5,5,6,6,14,10,4,5,5,6,6,6,7,7,9,13,13,12,5,3,3,5,5,6,10,13,9,9,8,2,4,5,5,6,7,9,3,3,4,4,5,6,6,12,11,11,9,4,3,2,2,1,2,2,3,5,6,13,2,4,5,12,10,8,2,2,1,0,4,4,6,7,13,9,4,4,3,2,2,5,7,12,10,9,8,7,7,6,6,5,2,2,2,2,3,5,5,13,12,11,8,7,6,5,6,8,10,9,9,8,7,6,6,8,7,6,6,4,4,5,6,9,7,5,5,5,4,4,5,6,7,8,10,7,5,6,6,7,7,8,7,5,6,7,7,7,6,6,7,7,8,9,7,12,7,7,7,14,11,11,9,8,12,10,9,8,8
201,21,20,15,17,15,15,14,14,14,22,21,17,15,15,14,13,13,18,16,15,15,14,16,16,14,13,13,12,16,15,13,12,12,12,18,13,12,11,11,11,17,16,11,11,11,11,16,13,12,10,10,10,10,10,10,16,12,10,9,9,12,10,10,10,9,9,9,9,9,12,10,9,9,8,8,8,8,9,9,8,8,8,8,8,8,7,7,7,8,8,7,7,7,7,7,7,7,7,7,10,7,6,6,6,7,8,7,7,6,6,6,5,6,6,17,16,16,6,6,5,5,5,17,16,15,5,5,5,4,5,5,4,4,4,4,4,17,14,4,3,3,3,3,4,4,4,5,17,17,16,9,5,4,3,3,3,6,17,13,12,12,4,2,2,2,3,4,13,7,2,2,2,2,2,3,16,15,14,13,8,7,6,6,4,2,2,2,2,2,17,6,1,1,15,14,12,6,5,5,4,0,1,2,3,17,13,8,8,7,6,2,1,3,15,14,13,12,11,11,10,9,8,6,6,5,2,1,1,2,17,15,14,12,11,10,2,2,5,14,13,12,12,10,10,3,4,10,10,9,7,6,3,4,6,10,9,8,8,5,5,4,4,4,5,7,10,5,4,4,5,5,5,11,5,5,5,5,5,9,8,6,6,6,12,9,15,9,9,8,17,14,13,11,10,15,12,10,10,9
202,21,21,16,17,16,15,14,14,14,22,22,17,16,15,14,14,13,19,17,15,15,14,17,16,15,13,13,12,16,16,13,13,12,12,18,13,12,11,11,11,18,16,11,11,11,10,17,14,12,11,10,10,10,10,10,16,12,10,9,9,13,11,10,10,10,9,9,9,9,13,10,9,9,8,8,8,8,9,9,9,8,8,8,9,8,8,7,7,8,9,8,7,7,7,7,7,7,7,7,10,7,6,6,6,7,9,8,7,6,6,6,6,5,6,18,17,16,7,6,5,5,5,17,17,16,5,5,5,4,5,5,4,4,4,4,4,18,15,4,3,3,3,3,3,4,4,5,18,17,17,9,6,5,3,3,3,6,17,13,13,12,5,2,2,2,3,3,13,7,3,2,2,2,2,2,17,15,15,13,8,8,7,6,5,3,2,2,1,2,17,7,1,1,16,14,13,7,6,6,4,1,0,1,2,17,13,9,8,7,7,2,1,2,16,14,14,13,12,11,11,10,9,7,6,6,2,2,1,1,17,16,15,13,11,11,2,2,4,14,13,13,12,11,10,3,4,11,10,10,8,7,3,3,5,11,9,9,8,6,5,4,4,4,5,6,11,5,4,4,4,5,5,11,5,5,5,5,5,9,9,6,6,6,13,9,15,9,9,9,18,15,14,11,11,16,13,11,10,10
203,22,21,16,18,16,16,15,14,14,23,22,18,16,16,14,14,13,20,18,16,15,15,18,17,15,14,13,12,17,16,13,13,13,12,19,13,13,11,11,11,19,17,12,11,11,10,18,14,13,11,11,10,10,10,10,17,13,10,10,9,14,11,11,11,10,9,9,9,9,14,11,10,10,9,9,8,8,8,9,9,8,8,8,9,9,8,8,7,7,9,8,8,8,7,7,7,7,7,7,11,8,7,6,6,6,9,9,8,7,6,6,6,6,6,19,18,17,7,7,6,5,5,18,18,17,6,5,5,5,4,4,5,4,4,4,4,19,16,5,4,4,3,3,3,3,3,4,19,18,18,10,7,6,3,3,3,5,18,14,14,13,6,3,2,2,2,2,14,8,4,3,2,2,2,2,18,17,16,14,9,9,8,7,6,4,3,3,1,1,18,8,2,1,17,15,14,8,7,7,6,2,1,0,1,18,14,10,9,8,8,3,1,1,17,15,15,14,13,12,12,11,10,8,7,7,3,2,2,1,18,17,16,14,12,12,2,2,3,16,14,14,13,12,11,3,3,12,11,11,9,8,4,3,5,12,10,10,9,7,6,4,4,4,4,5,12,6,5,5,4,4,5,12,6,5,5,5,5,10,9,6,6,6,14,10,16,10,10,9,19,16,15,12,11,17,14,11,11,10
204,23,22,17,18,17,16,15,14,14,24,23,19,17,16,15,14,13,20,18,16,16,15,18,18,16,14,14,13,18,17,14,14,13,12,20,14,13,12,11,11,20,18,12,12,11,11,19,15,13,12,11,11,10,10,10,18,14,11,10,10,15,12,12,11,11,10,9,9,9,15,11,11,10,9,9,9,9,8,10,10,9,8,8,10,10,9,8,8,7,10,9,9,8,8,7,7,7,7,7,12,9,7,7,7,6,10,9,9,8,7,6,6,6,6,20,19,18,8,7,6,6,6,19,19,18,7,6,6,5,5,4,5,5,5,4,4,20,17,5,5,4,4,4,3,3,3,4,20,19,19,11,8,7,4,4,3,4,19,16,15,14,7,4,3,3,2,2,15,9,5,4,3,2,2,2,19,18,17,15,11,10,9,8,7,5,5,4,2,2,19,9,3,2,18,16,15,9,8,8,7,3,2,1,0,19,15,11,10,9,9,4,2,1,18,17,16,15,14,13,13,12,11,9,8,8,5,3,2,2,19,18,17,15,13,13,3,2,2,17,16,15,14,13,12,3,3,13,13,12,10,9,5,3,4,13,11,11,10,8,7,5,4,4,4,5,13,6,5,5,5,5,4,13,7,6,5,5,5,11,10,6,6,6,15,11,17,11,11,10,20,17,16,13,12,17,15,12,11,11
205,15,15,18,16,17,18,19,21,21,14,14,15,16,17,19,19,22,14,15,16,16,17,14,14,15,18,18,20,14,14,17,17,18,23,12,16,16,19,21,22,11,12,17,18,18,21,11,13,15,17,18,19,20,20,20,11,14,17,18,20,12,14,15,15,16,18,18,19,20,11,15,15,16,18,18,19,19,21,15,16,17,18,20,14,15,16,17,18,21,14,15,15,16,16,17,18,18,19,21,11,14,17,17,18,21,12,13,14,15,16,17,18,18,19,6,6,6,14,15,16,17,17,5,5,5,15,16,16,18,19,19,16,17,17,18,18,4,5,15,16,17,17,18,19,19,20,21,3,3,3,9,13,14,17,17,18,22,3,5,5,6,13,17,17,18,19,19,4,10,15,16,17,18,18,19,2,2,3,4,9,9,11,11,13,14,15,15,18,18,1,11,17,18,1,3,4,10,11,12,13,17,17,18,19,0,4,8,9,10,10,15,18,19,1,3,3,4,6,6,7,7,8,10,11,12,15,16,17,18,1,2,2,5,6,7,17,18,21,3,4,5,5,7,7,18,20,7,8,8,10,11,16,18,22,8,9,10,10,13,14,17,18,19,20,22,8,15,17,17,18,19,20,8,15,17,18,18,19,11,12,17,18,19,9,13,7,13,13,14,7,8,9,11,12,9,11,13,14,14
206,15,15,16,15,15,16,17,18,19,14,14,14,15,15,16,17,19,13,13,14,14,15,13,13,14,15,16,18,12,12,14,15,15,20,12,13,14,16,18,19,11,11,14,15,16,18,10,11,12,14,15,16,16,17,17,10,11,14,15,16,10,12,12,12,13,14,15,16,17,9,12,12,13,15,15,15,16,18,12,12,14,15,17,11,12,13,13,14,18,11,12,12,13,13,14,15,15,15,17,8,11,13,14,14,17,9,10,10,12,13,14,14,15,15,7,6,6,10,11,13,13,14,6,6,5,12,12,13,14,15,16,12,13,13,14,14,6,4,12,13,13,14,14,15,15,16,17,5,5,5,5,9,10,13,14,14,18,5,3,3,3,9,13,13,14,15,16,2,6,11,12,13,14,14,15,4,3,2,2,5,6,7,7,9,11,11,12,14,14,4,7,13,14,3,1,1,7,7,8,9,13,13,14,15,4,0,4,5,6,7,11,14,15,3,1,1,1,2,2,3,3,4,7,7,8,11,12,13,14,4,3,2,1,2,3,13,14,17,2,2,2,2,4,4,14,16,4,4,5,7,8,12,15,18,5,6,6,7,9,10,13,14,15,16,18,5,12,13,14,14,15,16,6,12,13,14,14,15,8,8,14,14,15,6,9,7,10,10,11,8,7,7,9,9,8,8,10,11,11
207,16,16,15,14,14,14,15,16,16,16,16,14,14,14,14,15,17,14,13,13,13,13,13,13,13,13,14,15,12,12,13,13,13,17,13,12,12,13,15,16,12,11,12,12,13,14,12,10,11,12,12,13,13,14,14,11,10,12,12,13,9,10,10,10,11,11,12,12,13,9,9,10,10,11,12,12,12,14,9,10,11,11,13,9,9,10,10,11,14,8,9,9,9,10,11,11,11,12,14,7,8,10,10,11,13,6,7,7,8,9,10,10,11,11,10,9,9,7,8,9,9,10,9,9,8,8,8,9,10,11,12,8,9,9,10,10,10,7,8,9,9,10,10,11,11,12,13,9,9,8,3,5,6,9,9,10,14,9,5,5,4,5,9,9,10,11,11,5,3,7,8,9,10,10,11,8,7,6,5,2,2,3,3,5,6,7,7,9,10,8,2,8,9,7,6,4,2,3,3,4,8,9,10,11,8,4,0,1,2,2,7,9,11,7,6,5,4,3,2,2,1,1,2,3,3,7,8,9,9,8,7,6,4,2,2,9,10,13,6,5,4,4,3,2,10,12,3,3,3,3,4,8,10,13,3,3,3,4,5,6,9,10,11,12,14,4,8,9,10,10,11,12,5,8,9,10,10,11,5,5,10,10,11,6,7,8,7,7,8,10,8,8,7,7,9,8,8,8,9
208,16,16,15,14,14,14,15,16,16,17,16,14,14,14,14,15,16,14,13,13,13,13,13,13,13,13,13,15,12,12,12,13,13,16,13,12,12,13,14,16,13,12,12,12,13,14,12,11,11,11,12,12,13,13,14,11,10,11,12,13,9,10,10,10,10,11,12,12,13,9,9,10,10,11,11,12,12,14,9,9,11,11,13,8,9,9,10,11,13,8,8,9,9,9,10,11,11,11,13,7,8,9,10,10,13,6,7,7,8,9,9,10,10,11,10,9,9,7,7,9,9,9,10,9,9,7,8,8,10,11,11,8,8,9,9,10,10,7,7,8,9,9,10,10,11,11,13,10,9,9,3,5,5,8,9,9,14,9,6,5,5,5,8,9,9,10,11,5,2,6,7,8,9,10,10,8,7,7,5,2,2,2,3,4,6,6,7,9,9,9,2,8,9,8,6,4,2,2,3,4,8,8,9,10,9,5,1,0,1,2,6,9,10,8,6,6,4,3,3,2,2,1,2,2,3,6,7,8,9,9,8,7,5,3,2,8,9,12,6,5,5,4,3,3,10,11,4,3,3,3,4,8,10,13,4,3,3,3,5,5,8,9,10,11,14,4,7,9,9,10,10,11,5,7,8,9,10,10,5,5,9,10,11,7,6,9,7,7,7,11,8,8,7,7,9,8,8,8,8
209,17,17,15,15,14,14,15,15,16,17,17,14,14,14,14,14,16,15,14,13,13,13,13,13,13,13,13,14,13,13,12,12,12,16,14,12,12,13,14,15,13,12,11,12,12,13,12,11,10,11,11,12,12,13,13,12,10,11,11,12,10,9,9,10,10,11,11,11,12,9,9,9,9,10,11,11,11,13,9,9,10,10,12,8,8,9,9,10,13,7,8,8,8,9,9,10,10,11,12,7,7,9,9,9,12,6,6,6,7,8,9,9,9,10,11,10,10,6,7,8,8,9,11,10,10,7,7,7,9,10,10,7,7,8,8,9,11,8,6,7,8,8,9,9,10,10,12,11,10,10,4,4,5,7,8,8,13,10,7,6,6,4,7,8,8,9,10,6,2,5,6,7,8,9,9,9,8,8,6,2,2,2,2,3,5,5,6,8,8,10,1,7,8,9,7,6,1,1,2,3,7,7,8,9,10,6,2,1,0,1,5,8,9,9,7,7,6,4,4,3,3,2,1,1,2,5,6,7,8,10,9,8,6,4,3,7,8,11,7,6,6,5,4,4,9,10,4,4,4,3,3,7,9,12,4,3,3,3,4,5,7,8,9,10,13,5,6,8,8,9,9,10,5,7,7,8,9,9,5,5,8,9,10,7,6,9,7,7,7,11,9,8,7,7,10,8,8,8,8
210,17,17,15,15,14,14,14,15,15,18,17,14,14,14,14,14,15,15,14,13,13,13,14,13,13,13,13,14,13,13,12,12,12,15,14,12,12,12,13,15,13,12,11,11,12,13,13,11,10,11,11,12,12,12,13,12,10,11,11,12,10,9,9,9,10,10,11,11,12,9,9,9,9,10,10,11,11,12,9,9,10,10,12,8,8,9,9,9,12,7,8,8,8,8,9,9,10,10,12,7,7,8,9,9,11,6,6,6,7,7,8,9,9,9,12,11,10,6,6,7,8,8,11,11,10,6,7,7,8,9,10,7,7,7,8,8,12,9,6,7,7,8,8,9,9,10,11,11,11,10,4,4,4,7,7,8,12,11,7,7,6,4,7,7,8,9,9,7,2,5,6,6,7,8,9,10,9,8,7,2,2,2,2,3,4,5,5,7,8,11,1,6,7,9,8,6,1,1,1,2,6,7,8,9,10,7,2,2,1,0,4,7,9,9,8,7,6,5,4,4,3,2,1,1,1,4,6,7,7,11,9,8,6,5,4,7,8,11,8,7,6,6,4,4,8,10,5,4,4,3,3,6,8,11,5,4,3,3,4,4,7,8,9,10,12,5,6,7,8,8,9,10,6,6,7,8,8,9,5,5,8,8,9,7,6,10,7,7,7,12,9,9,7,7,10,8,8,8,8
211,20,20,15,16,15,15,14,14,14,21,20,16,15,15,14,14,14,18,16,15,14,14,16,15,14,13,13,13,15,15,13,12,12,13,17,12,12,12,12,12,16,15,11,11,11,11,16,13,11,11,10,10,11,11,11,15,11,10,10,10,12,10,10,10,9,9,9,9,10,12,9,9,9,9,9,9,9,10,9,8,8,8,9,8,8,8,8,8,9,8,7,7,7,7,7,7,7,8,9,9,7,7,7,7,8,7,7,7,6,6,6,6,6,7,16,15,14,6,6,6,6,6,15,15,14,5,5,5,5,6,6,4,5,5,5,5,16,13,4,4,4,4,5,5,5,6,7,16,15,15,7,4,4,4,4,4,8,15,11,11,10,4,3,4,4,5,5,11,5,2,2,3,4,4,4,14,13,13,11,6,6,5,4,3,2,2,2,3,4,15,5,2,3,14,12,10,4,4,3,2,2,2,3,4,15,11,7,6,5,4,0,3,4,14,12,12,10,9,9,8,8,7,4,4,3,1,1,2,3,15,14,13,11,9,8,2,3,6,12,11,11,10,9,8,4,5,9,8,8,6,5,3,4,7,8,7,6,6,4,4,4,4,5,6,8,9,4,4,4,5,5,6,9,4,5,5,5,6,7,7,5,5,6,11,7,13,8,7,7,15,13,12,9,9,13,11,9,8,8
212,22,21,16,18,17,16,15,15,14,23,22,18,16,16,15,14,14,19,18,16,16,15,18,17,15,14,13,13,17,16,14,13,13,12,19,14,13,12,12,12,18,17,12,12,11,11,18,14,13,11,11,11,11,10,10,17,13,10,10,10,14,11,11,11,10,10,9,9,9,14,11,10,10,9,9,9,9,9,10,9,9,8,8,9,9,8,8,8,8,9,8,8,8,8,7,7,7,7,7,11,8,7,7,7,7,9,9,8,7,7,6,6,6,6,18,17,17,7,7,6,6,6,18,17,17,6,6,5,5,5,5,5,5,5,4,4,19,15,5,4,4,4,4,4,4,4,5,18,18,17,10,6,6,3,3,3,5,18,14,13,13,6,3,3,3,3,3,14,8,4,3,2,2,2,2,17,16,15,14,9,8,7,7,5,4,3,3,2,2,18,7,2,1,17,15,13,7,7,6,5,1,1,1,2,18,14,9,9,8,7,3,0,2,17,15,14,13,12,12,11,10,9,7,7,6,3,2,1,1,18,17,15,13,12,11,1,1,3,15,14,13,13,11,11,2,3,11,11,10,8,7,3,3,5,11,9,9,8,6,6,3,3,3,4,5,11,5,4,4,4,4,4,11,5,5,4,4,4,9,9,5,5,6,13,9,16,9,9,9,18,15,14,11,11,16,13,11,10,9
213,23,23,17,19,17,17,16,15,15,24,24,19,17,17,15,15,14,21,19,17,16,16,19,18,16,15,14,13,18,18,14,14,14,12,21,15,14,12,12,12,20,18,13,12,12,11,19,16,14,12,12,11,11,11,11,18,14,11,11,10,15,12,12,12,11,10,10,10,9,15,12,11,11,10,9,9,9,9,11,10,9,9,8,11,10,9,9,8,8,11,9,9,9,8,8,8,7,7,7,12,9,8,7,7,7,11,10,9,8,7,7,7,6,6,20,19,18,9,8,7,6,6,19,19,18,7,7,6,5,5,5,6,6,5,5,5,20,17,6,5,5,4,4,4,4,4,4,20,20,19,11,8,7,4,4,4,4,19,16,15,15,7,4,4,3,3,3,16,10,5,4,4,3,2,2,19,18,17,15,11,10,9,8,7,5,5,4,2,2,19,9,3,2,18,17,15,9,8,8,7,3,2,1,1,19,15,11,10,9,9,4,2,0,18,17,16,15,14,13,13,12,11,9,8,8,4,3,2,2,19,18,17,15,13,13,2,2,2,17,15,15,14,13,12,2,2,13,12,12,10,9,4,3,4,13,11,10,10,7,7,4,4,3,3,4,13,6,5,4,4,4,4,13,6,6,5,5,5,11,10,6,5,6,15,10,17,11,10,10,20,16,15,13,12,17,14,12,11,11
214,15,15,18,16,17,18,19,20,21,14,14,15,16,17,18,19,22,14,15,16,16,17,14,14,15,17,18,20,14,14,16,17,17,23,12,15,16,18,20,22,12,12,16,17,18,20,11,13,14,16,17,18,19,19,20,11,13,17,18,19,12,14,14,15,16,17,18,18,19,11,14,15,15,17,18,18,18,20,15,15,17,17,20,14,14,16,16,17,20,13,14,15,15,16,17,17,18,18,20,11,14,16,16,17,20,11,12,13,14,15,16,17,17,18,6,6,6,13,14,16,16,17,6,5,6,14,15,15,17,18,18,15,16,16,17,17,5,5,14,15,16,17,17,18,18,19,20,4,4,4,8,12,13,16,16,17,21,3,4,5,5,12,16,16,17,18,18,4,9,14,15,16,17,17,18,2,2,2,4,8,9,10,10,12,13,14,14,17,17,2,9,15,17,1,2,3,9,10,11,12,15,16,17,18,1,3,7,8,9,9,14,17,18,0,2,2,3,4,5,6,6,7,9,10,10,14,15,16,16,1,1,1,3,5,6,16,17,20,2,3,3,4,6,6,17,19,6,6,7,9,10,15,17,20,7,8,9,9,12,12,16,17,18,19,21,7,14,16,16,17,17,18,7,14,15,16,17,17,10,10,16,17,18,7,11,6,12,12,13,7,7,8,10,11,8,9,12,13,13
215,15,15,17,15,16,17,18,19,20,15,15,15,16,16,17,18,21,14,14,15,15,16,13,14,15,16,17,19,13,13,15,16,16,21,12,14,15,17,19,20,12,12,15,16,17,19,11,12,13,15,16,17,18,18,18,11,12,16,16,18,11,13,13,14,14,16,16,17,18,10,13,14,14,16,16,17,17,19,13,14,15,16,18,12,13,14,15,16,19,12,13,13,14,14,15,16,16,17,19,9,12,15,15,15,18,10,11,11,13,14,15,15,16,16,7,6,6,12,13,14,15,15,6,6,6,13,13,14,15,16,17,14,14,15,15,16,5,4,13,14,14,15,15,16,17,17,19,5,5,4,7,10,11,14,15,15,20,4,3,4,4,10,14,15,15,16,17,3,8,12,13,14,15,16,16,3,2,2,2,6,7,8,9,10,12,12,13,15,16,3,8,14,15,2,1,2,8,8,9,10,14,14,15,17,3,1,6,6,7,8,12,15,17,2,0,1,2,3,3,4,4,6,8,8,9,12,13,14,15,3,2,1,2,3,4,14,15,18,1,2,2,2,4,5,15,17,4,5,5,7,9,13,16,19,5,7,7,8,10,11,14,15,16,17,19,6,13,14,15,15,16,17,6,13,14,15,15,16,8,9,14,15,16,6,10,6,10,11,11,7,7,7,9,10,7,8,11,11,12
216,15,15,17,15,16,16,18,19,20,15,15,15,15,16,17,18,20,14,14,15,15,16,13,14,14,16,16,18,13,13,15,15,16,21,12,14,15,17,18,20,12,12,15,16,16,18,11,12,13,15,16,16,17,18,18,10,12,15,16,17,11,13,13,13,14,15,16,16,17,10,12,13,14,15,16,16,17,18,13,13,15,15,18,12,12,14,14,15,18,11,13,13,13,14,15,15,16,16,18,9,12,14,15,15,18,10,11,11,12,13,14,15,15,16,7,6,6,11,12,14,14,15,6,6,6,12,13,13,15,16,16,13,14,14,15,15,6,4,12,13,14,14,15,15,16,17,18,5,5,5,6,10,11,14,14,15,19,5,3,3,4,10,14,14,15,16,16,3,7,12,13,13,15,15,16,4,3,2,2,6,6,7,8,10,11,12,12,14,15,4,7,13,14,2,1,2,7,8,8,9,13,14,15,16,3,1,5,6,7,7,12,14,16,2,1,0,1,2,3,3,4,5,7,8,8,12,13,14,14,3,2,1,1,3,3,14,15,18,1,1,2,2,4,4,15,17,4,4,5,7,8,13,15,18,5,6,7,7,10,10,13,15,16,17,19,5,12,14,14,15,15,16,5,12,13,14,15,15,8,8,14,14,16,6,9,6,10,10,11,7,7,7,9,9,7,8,10,11,11
217,16,16,17,15,16,16,17,18,19,15,15,14,15,15,17,17,19,14,14,14,15,15,13,13,14,15,16,18,13,13,15,15,15,20,12,14,14,16,18,19,12,12,14,15,16,18,11,11,13,14,15,16,16,17,17,10,12,14,15,16,10,12,12,13,13,14,15,16,16,10,12,12,13,14,15,15,16,18,12,12,14,15,17,11,12,13,13,14,17,11,12,12,13,13,14,14,15,15,17,8,11,13,14,14,17,9,10,10,11,12,13,14,14,15,7,7,7,10,11,13,13,14,7,6,6,11,12,12,14,15,15,12,13,13,14,14,7,5,11,12,13,13,14,14,15,15,17,6,6,5,5,9,10,13,13,14,18,6,3,3,3,9,13,13,14,15,15,3,6,11,12,12,13,14,15,4,4,3,2,5,5,6,7,9,10,11,11,13,14,5,6,12,13,3,2,1,6,7,7,8,12,13,14,15,4,1,4,4,6,6,10,13,15,3,2,1,0,1,2,2,3,4,6,7,7,10,12,13,13,4,3,2,1,2,2,13,14,17,2,1,1,1,3,3,14,15,3,4,4,6,7,12,14,17,4,5,6,6,9,9,12,13,15,16,18,4,11,13,13,14,14,15,5,11,12,13,14,14,7,7,13,13,15,6,9,6,9,9,10,7,7,7,8,9,7,8,9,10,11
218,16,16,16,15,15,16,16,18,18,16,15,14,15,15,16,17,19,14,14,14,14,15,13,13,14,15,15,17,13,13,14,14,15,19,13,13,14,15,17,18,12,12,14,14,15,17,11,11,12,13,14,15,16,16,16,11,11,14,14,16,10,11,12,12,13,14,14,15,16,9,11,12,12,14,14,14,15,17,11,12,13,14,16,11,11,12,12,13,17,10,11,11,12,12,13,13,14,14,16,8,10,12,13,13,16,8,9,9,11,11,12,13,13,14,8,7,7,9,10,12,12,13,7,7,7,10,11,11,13,14,14,11,12,12,13,13,7,5,10,11,12,12,13,13,14,14,16,7,7,6,5,8,9,12,12,13,17,6,4,3,3,8,11,12,13,14,14,3,5,10,11,11,12,13,13,5,4,4,3,4,4,5,6,7,9,10,10,12,13,6,5,11,12,5,3,2,5,6,6,7,11,12,13,14,6,2,3,3,4,5,9,12,14,4,3,2,1,0,1,1,2,3,5,6,6,9,10,12,12,6,4,3,1,1,1,12,13,15,3,2,2,1,2,2,13,14,2,3,3,5,6,11,13,16,3,4,5,5,8,8,11,12,13,15,17,4,10,11,12,13,13,14,4,10,11,12,13,13,6,7,12,12,14,6,8,6,8,9,9,8,7,7,7,8,7,7,9,9,10
219,16,16,16,15,15,15,16,17,18,16,16,14,15,15,16,16,18,14,14,14,14,15,13,13,13,15,15,16,13,13,14,14,14,19,13,13,13,15,16,18,12,12,13,14,15,16,11,11,12,13,14,14,15,16,16,11,11,13,14,15,10,11,11,12,12,13,14,14,15,9,11,11,12,13,14,14,14,16,11,11,13,13,15,10,11,12,12,13,16,9,11,11,11,12,13,13,13,14,16,8,10,12,12,13,15,8,9,9,10,11,12,12,13,13,9,8,7,9,10,11,12,12,8,7,7,10,10,11,12,13,14,11,11,12,12,13,8,5,10,11,11,12,12,13,13,14,15,8,7,7,4,7,8,11,12,12,16,7,4,4,3,7,11,11,12,13,14,4,5,9,10,11,12,12,13,6,5,4,3,4,4,5,5,7,9,9,10,12,12,6,5,11,12,5,3,2,5,5,6,7,11,11,12,13,6,2,2,3,4,4,9,12,13,5,3,3,2,1,0,1,1,2,4,5,5,9,10,11,12,6,5,4,2,1,1,11,12,15,3,2,2,2,2,2,12,14,2,2,3,4,5,10,12,16,3,4,4,5,7,8,11,12,13,14,16,3,9,11,11,12,13,14,4,10,11,12,12,13,6,6,11,12,13,6,7,7,8,8,9,8,7,7,7,8,7,7,8,9,9
220,16,16,16,15,15,15,16,17,18,16,16,14,14,15,16,16,18,14,14,14,14,14,13,13,13,14,15,16,13,13,14,14,14,18,13,13,13,15,16,18,12,12,13,14,14,16,11,11,12,13,13,14,15,15,16,11,11,13,14,15,10,11,11,11,12,13,14,14,15,9,11,11,11,13,13,14,14,16,11,11,12,13,15,10,10,11,12,12,16,9,10,11,11,11,12,13,13,13,15,7,9,11,12,12,15,8,8,9,10,11,11,12,12,13,9,8,8,9,9,11,11,12,8,8,7,9,10,10,12,13,13,10,11,11,12,12,8,6,9,10,11,11,12,12,13,13,15,8,8,7,4,7,8,11,11,12,16,7,4,4,4,7,10,11,11,13,13,4,4,9,10,10,11,12,12,6,5,5,4,3,4,4,5,6,8,9,9,11,12,7,4,10,11,6,4,2,4,5,5,6,10,11,12,13,7,3,2,2,3,4,8,11,13,6,4,3,2,1,1,0,1,2,4,4,5,8,9,10,11,7,6,4,2,1,1,10,12,14,4,3,2,2,2,2,12,13,2,2,2,4,5,10,12,15,3,4,4,4,7,7,10,11,12,13,16,3,9,10,11,11,12,13,4,9,10,11,12,12,6,6,11,11,13,6,7,7,7,8,8,9,7,7,7,7,8,7,8,9,9
221,16,16,16,15,15,15,16,17,17,16,16,14,14,15,15,16,18,14,14,14,14,14,13,13,13,14,15,16,13,13,13,14,14,18,13,13,13,14,16,17,12,12,13,13,14,16,12,11,11,13,13,14,14,15,15,11,11,13,13,14,10,11,11,11,12,13,13,14,14,9,10,11,11,12,13,13,14,15,10,11,12,12,15,10,10,11,11,12,15,9,10,10,11,11,12,12,13,13,15,7,9,11,11,12,15,7,8,8,9,10,11,11,12,12,9,9,8,8,9,10,11,11,9,8,8,9,9,10,11,12,13,10,10,11,11,12,9,6,9,10,10,11,11,12,12,13,14,9,8,8,4,6,7,10,11,11,15,8,5,4,4,6,10,10,11,12,13,4,4,8,9,10,11,11,12,7,6,5,4,3,3,4,4,6,7,8,9,11,11,7,4,9,11,6,5,3,3,4,5,6,9,10,11,12,7,3,1,2,3,3,8,10,12,6,4,4,3,2,1,1,0,1,3,4,4,8,9,10,10,7,6,5,3,1,1,10,11,14,5,3,3,2,2,2,11,13,2,2,2,4,4,9,11,14,3,3,4,4,6,7,10,11,12,13,15,3,8,10,10,11,11,13,4,9,10,11,11,12,5,6,10,11,12,6,7,7,7,7,8,9,7,7,7,7,8,7,8,8,9
222,17,17,16,15,15,15,15,16,17,17,17,14,14,14,15,15,17,15,14,14,14,14,13,13,13,14,14,15,13,13,13,13,13,17,14,12,13,14,15,16,13,12,12,13,13,15,12,11,11,12,13,13,14,14,14,11,11,12,13,14,10,10,10,11,11,12,13,13,14,9,10,10,11,12,12,12,13,14,10,10,11,12,14,9,9,10,11,11,14,8,9,9,10,10,11,11,12,12,14,7,8,10,11,11,14,7,7,8,9,9,10,11,11,11,10,9,9,7,8,9,10,10,9,9,9,8,9,9,10,11,12,9,9,10,10,11,10,7,8,9,9,10,10,11,11,12,13,10,9,9,4,5,6,9,10,10,14,9,6,5,5,5,9,9,10,11,11,5,3,7,8,9,10,10,11,8,7,6,5,2,2,3,4,5,6,7,7,10,10,8,3,8,9,7,6,4,2,3,3,5,8,9,10,11,8,4,1,1,2,2,7,9,11,7,6,5,4,3,2,2,1,0,2,3,3,7,8,9,9,8,7,6,4,2,2,9,10,13,6,5,4,3,2,2,10,12,3,2,2,3,4,8,10,13,3,3,3,3,5,6,9,10,11,12,14,3,7,9,9,10,10,11,4,8,9,10,10,11,5,5,9,10,11,6,6,8,7,7,7,10,8,7,7,7,8,7,7,8,8
223,18,17,15,15,15,15,15,15,16,18,18,15,14,14,14,15,16,15,14,14,14,14,14,14,13,13,13,14,13,13,13,13,13,16,15,12,12,13,14,15,14,13,12,12,12,14,13,11,11,11,12,12,13,13,13,12,11,11,12,12,10,10,10,10,10,11,11,12,12,10,9,10,10,11,11,11,11,13,9,9,10,10,12,8,9,9,9,10,12,8,8,8,9,9,9,10,10,11,12,7,7,9,9,9,12,7,7,7,7,8,9,9,9,10,12,11,11,6,7,8,8,9,11,11,10,7,7,7,9,9,10,7,7,8,8,9,12,9,6,7,7,8,8,9,9,10,11,12,11,11,4,4,5,7,8,8,12,11,7,7,6,4,7,7,8,9,9,7,3,5,6,7,8,8,9,10,9,9,7,3,2,2,2,3,4,5,5,7,8,11,2,6,7,9,8,6,1,1,2,2,6,7,8,9,10,7,2,2,1,1,4,7,9,9,8,7,6,5,4,4,3,2,0,1,1,4,5,7,7,10,9,8,6,4,4,7,8,10,8,7,6,6,4,4,8,9,4,4,4,2,2,6,8,11,4,3,3,3,4,4,7,8,9,10,12,5,6,7,7,8,8,9,5,6,7,8,8,9,4,4,7,8,9,7,6,9,6,6,6,11,9,8,7,7,10,8,7,7,7
224,18,18,15,15,15,15,15,15,16,18,18,15,14,14,14,15,16,16,15,14,14,14,14,14,13,13,13,14,14,13,13,13,13,15,15,12,12,13,14,15,14,13,12,12,12,13,13,11,11,11,11,12,12,13,13,13,11,11,11,12,10,10,10,10,10,11,11,11,12,10,9,9,10,10,11,11,11,12,9,9,10,10,12,8,8,9,9,10,12,8,8,8,8,9,9,9,10,10,12,7,7,8,9,9,11,7,7,7,7,8,8,9,9,9,13,12,11,6,7,7,8,8,12,11,11,6,7,7,8,9,9,7,7,7,8,8,12,9,6,7,7,7,8,8,9,9,11,12,12,11,5,4,4,7,7,8,12,11,8,7,7,4,6,7,7,8,9,8,3,5,6,6,7,8,8,11,10,9,7,3,3,2,2,3,4,4,5,7,7,11,2,6,7,10,8,7,1,1,1,2,6,6,7,8,11,7,3,2,1,1,4,7,8,10,8,8,7,6,5,4,4,3,1,0,1,4,5,6,7,11,10,9,7,5,4,6,7,10,8,7,7,6,5,4,7,9,5,4,4,2,2,5,7,11,5,4,3,3,3,4,6,7,8,9,11,5,5,6,7,7,8,9,5,5,6,7,8,8,5,4,7,7,9,7,6,10,6,6,6,12,9,9,7,7,10,8,7,7,7
225,18,18,15,15,15,15,15,15,15,19,18,15,15,14,14,14,16,16,15,14,14,14,15,14,13,13,13,14,14,14,13,13,13,15,15,12,12,13,13,14,15,13,12,12,12,13,14,12,11,11,11,12,12,12,13,13,11,11,11,12,11,10,10,10,10,10,11,11,12,10,9,9,9,10,10,11,11,12,9,9,10,10,11,8,8,9,9,9,12,8,8,8,8,8,9,9,9,10,11,8,7,8,8,9,11,7,7,7,7,7,8,8,9,9,13,12,12,6,6,7,7,8,12,12,11,6,6,7,8,9,9,6,7,7,7,8,13,10,6,6,7,7,7,8,8,9,10,13,12,12,5,4,4,6,7,7,11,12,8,8,7,3,6,6,7,8,8,8,3,4,5,6,7,7,8,11,10,10,8,4,3,2,2,2,4,4,4,6,7,12,2,5,6,11,9,7,2,1,1,2,5,6,7,8,12,8,3,3,2,1,3,6,8,10,9,8,7,6,5,5,4,3,1,1,0,3,4,6,6,12,10,9,7,6,5,6,7,9,9,8,7,7,5,5,7,8,5,5,4,3,2,5,7,10,5,4,4,3,3,3,6,7,8,9,11,5,5,6,6,7,7,8,6,5,6,7,7,8,5,5,7,7,8,8,6,10,6,6,6,12,10,9,7,7,11,8,7,7,7
226,20,20,16,17,16,15,15,15,15,21,21,17,16,15,14,14,15,18,16,15,15,14,16,16,15,13,13,13,15,15,13,13,13,14,18,13,13,12,12,13,17,15,12,12,12,12,16,13,12,11,11,11,11,11,11,15,12,10,10,11,12,11,10,10,10,10,10,10,10,12,10,10,9,9,9,9,10,10,9,9,9,9,10,9,9,8,8,8,10,8,8,8,8,8,8,8,8,8,9,9,7,7,7,7,9,8,7,7,7,7,7,7,7,7,16,15,15,6,6,6,6,6,15,15,14,6,5,6,6,6,7,5,5,5,5,6,16,13,4,5,5,5,5,6,6,6,7,16,15,15,8,5,4,4,4,5,8,15,11,11,10,4,4,4,4,5,5,11,6,3,3,3,4,4,5,14,13,13,11,6,6,5,4,3,2,2,2,4,4,15,5,2,3,14,12,11,5,4,3,2,2,2,3,5,15,11,7,6,5,4,1,3,4,14,12,12,10,9,9,8,8,7,4,4,3,0,1,2,3,15,14,13,10,9,8,2,3,6,12,11,11,10,8,8,4,5,9,8,7,5,4,2,4,7,8,7,6,6,4,3,3,4,5,6,8,8,3,4,4,4,5,5,9,4,4,4,5,5,7,6,5,5,6,10,7,13,7,7,7,15,12,11,9,8,13,11,8,8,8
227,21,21,16,17,16,16,15,15,15,22,21,17,16,16,15,14,14,19,17,15,15,15,17,16,15,14,13,13,16,16,13,13,13,13,18,13,13,12,12,13,18,16,12,12,12,12,17,14,12,11,11,11,11,11,11,16,12,11,10,11,13,11,11,11,10,10,10,10,10,13,10,10,10,9,9,9,9,10,9,9,9,9,9,9,9,8,8,8,9,9,8,8,8,8,8,8,8,8,9,10,8,7,7,7,8,9,8,8,7,7,7,7,7,7,17,16,16,7,6,6,6,6,16,16,15,6,6,6,6,6,6,5,5,5,5,5,17,14,5,4,4,5,5,5,5,6,7,17,16,16,9,5,5,4,4,4,7,16,13,12,11,5,3,3,4,4,5,12,7,3,3,3,3,4,4,16,14,14,12,7,7,6,5,4,3,2,2,3,3,16,6,2,2,15,13,12,6,5,5,3,1,2,2,3,16,12,8,7,6,6,1,2,3,15,13,13,12,10,10,9,9,8,5,5,4,1,0,1,2,16,15,14,12,10,9,1,2,5,13,12,12,11,9,9,3,4,10,9,9,6,5,2,3,6,9,8,7,7,4,4,3,3,4,5,7,9,3,3,3,4,4,5,10,4,4,4,4,4,7,7,4,5,5,11,7,14,8,7,7,16,13,12,10,9,14,11,9,8,8
228,22,21,17,18,17,16,15,15,15,23,22,18,17,16,15,15,14,19,18,16,16,15,18,17,16,14,14,13,17,16,14,14,13,13,19,14,13,12,12,12,18,17,12,12,12,12,18,14,13,12,11,11,11,11,11,17,13,11,11,10,14,12,11,11,11,10,10,10,10,14,11,10,10,9,9,9,9,10,10,10,9,9,9,10,9,9,9,8,9,9,9,8,8,8,8,8,8,8,8,11,8,7,7,7,8,9,9,8,7,7,7,7,7,7,18,17,17,7,7,6,6,6,17,17,16,6,6,6,5,6,6,5,5,5,5,5,18,15,5,5,4,4,4,5,5,5,6,18,17,17,10,6,5,4,4,4,6,17,14,13,13,6,3,3,3,4,4,13,8,4,3,3,3,3,3,17,16,15,13,9,8,7,6,5,4,3,3,2,2,17,7,2,2,16,14,13,7,6,6,5,1,1,2,2,17,13,9,8,7,7,2,1,2,16,14,14,13,12,11,10,10,9,7,6,6,2,1,0,1,17,16,15,13,11,10,1,1,4,14,13,13,12,11,10,2,3,11,10,10,7,6,2,2,5,10,9,8,8,5,5,3,3,3,4,6,10,4,3,3,3,3,4,11,4,4,4,4,4,8,8,4,4,5,12,8,15,9,8,8,17,14,13,11,10,15,12,10,9,9
229,22,22,17,18,17,16,16,15,15,23,23,18,17,16,15,15,14,20,18,16,16,15,18,17,16,14,14,13,17,17,14,14,14,13,20,14,14,12,12,12,19,17,13,12,12,12,18,15,13,12,11,11,11,11,11,17,13,11,11,10,14,12,12,11,11,10,10,10,10,14,11,11,10,10,9,9,9,9,10,10,9,9,9,10,10,9,9,8,9,10,9,9,8,8,8,8,8,8,8,11,9,7,7,7,7,10,9,9,8,7,7,7,7,7,19,18,17,8,7,6,6,6,18,17,17,6,6,6,6,6,6,5,5,5,5,5,19,15,5,5,5,4,4,4,5,5,5,19,18,17,10,7,6,4,4,4,6,18,14,14,13,6,3,3,3,3,4,14,8,4,3,3,3,3,3,17,16,16,14,9,9,7,7,5,4,4,3,2,2,18,7,2,2,17,15,13,7,7,6,5,2,1,1,2,18,14,9,9,8,7,3,1,2,16,15,14,13,12,12,11,10,9,7,7,6,3,2,1,0,18,17,15,13,12,11,1,1,3,15,14,13,13,11,11,2,3,11,11,10,8,7,3,2,4,11,9,9,8,6,5,3,3,3,4,5,11,4,3,3,3,3,4,11,5,4,4,4,4,9,8,5,4,5,13,9,16,9,9,8,18,15,14,11,10,15,13,10,9,9
230,16,16,19,17,18,19,20,21,22,15,15,16,17,18,20,20,23,15,16,17,17,18,15,15,16,18,19,21,15,15,18,18,18,24,13,16,17,20,21,23,12,13,18,18,19,21,12,14,16,18,18,19,20,21,21,12,14,18,19,20,13,15,16,16,17,18,19,20,20,12,15,16,16,18,19,19,20,22,16,16,18,18,21,15,15,17,17,18,22,14,16,16,17,17,18,18,19,19,21,12,15,17,18,18,21,13,14,14,15,16,17,18,18,19,7,7,7,14,15,17,17,18,6,6,6,16,16,17,18,19,20,16,17,17,18,18,5,6,16,17,17,18,18,19,19,20,21,4,4,4,9,13,14,17,18,18,22,4,5,6,6,13,17,17,18,19,20,5,10,15,16,17,18,18,19,3,3,4,5,9,10,11,11,13,15,15,16,18,18,2,11,17,18,2,3,5,11,11,12,13,17,17,18,19,1,4,8,9,10,11,15,18,19,1,3,3,4,6,6,7,7,8,10,11,12,15,16,17,18,0,1,2,4,6,7,17,18,21,3,4,4,5,7,7,18,20,7,7,8,10,11,16,18,22,7,9,10,10,13,13,17,18,19,20,22,8,15,17,17,18,18,19,8,15,16,17,18,18,11,11,17,17,19,8,12,6,12,13,13,6,7,8,11,12,8,10,12,13,14
231,16,16,19,17,17,18,19,21,21,15,15,16,17,17,19,20,22,14,15,16,17,17,14,15,16,18,18,20,14,14,17,17,18,23,13,16,16,19,20,22,12,13,17,18,18,20,12,13,15,17,18,18,19,20,20,11,14,17,18,19,12,14,15,15,16,17,18,19,20,12,14,15,16,17,18,18,19,21,15,15,17,18,20,14,15,16,16,17,21,13,15,15,16,16,17,17,18,18,20,11,14,16,17,17,20,12,13,13,15,15,16,17,17,18,7,7,7,13,14,16,16,17,6,6,6,15,15,16,17,18,19,15,16,16,17,17,5,5,15,16,16,17,17,18,18,19,20,5,5,4,8,12,13,16,17,17,21,4,5,5,5,12,16,16,17,18,19,4,9,14,15,16,17,17,18,3,3,3,4,8,9,10,10,12,13,14,15,17,17,2,10,16,17,2,2,4,9,10,11,12,15,16,17,18,2,3,7,8,9,9,14,17,18,1,2,2,3,4,5,6,6,7,9,10,10,14,15,16,17,1,0,1,3,5,6,16,17,20,2,3,3,4,6,6,17,19,6,6,7,9,10,15,17,20,6,8,9,9,12,12,16,17,18,19,21,7,14,16,16,17,17,18,7,14,15,16,17,17,10,10,16,16,18,7,11,6,11,12,12,6,7,7,10,11,7,9,11,12,13
232,16,16,18,16,17,17,19,20,21,15,15,15,16,17,18,19,21,14,15,16,16,17,14,14,15,17,18,19,14,14,16,16,17,22,13,15,16,18,20,21,12,12,16,17,18,20,12,13,14,16,17,18,18,19,19,11,13,16,17,18,12,14,14,14,15,16,17,18,19,11,14,14,15,16,17,17,18,20,14,14,16,17,19,13,14,15,15,16,20,12,14,14,15,15,16,17,17,17,19,10,13,15,16,16,19,11,12,12,14,15,15,16,16,17,7,7,7,12,13,15,15,16,6,6,6,14,14,15,16,17,18,14,15,15,16,16,6,5,14,15,15,16,16,17,17,18,19,5,5,5,7,11,12,15,15,16,20,4,4,4,5,11,15,15,16,17,17,4,8,13,14,15,16,16,17,3,3,3,3,7,8,9,9,11,12,13,13,16,16,3,9,14,16,2,2,3,8,9,9,11,14,15,16,17,2,2,6,7,8,8,13,15,17,1,1,1,2,3,4,4,5,6,8,9,9,13,14,15,15,2,1,0,2,4,4,15,16,19,1,2,2,3,5,5,16,18,5,5,6,8,9,14,16,19,5,7,7,8,11,11,14,16,17,18,20,6,13,15,15,16,16,17,6,13,14,15,16,16,9,9,15,15,17,6,10,6,10,11,11,6,6,7,9,10,7,8,11,11,12
233,16,16,17,16,16,17,17,19,19,16,15,15,15,16,17,18,20,14,14,15,15,16,14,14,14,16,16,18,13,13,15,15,16,20,13,14,15,16,18,20,12,12,15,15,16,18,12,12,13,15,15,16,17,17,18,11,12,15,16,17,11,12,13,13,14,15,16,16,17,10,12,13,13,15,15,16,16,18,12,13,14,15,17,12,12,13,14,15,18,11,12,12,13,13,14,15,15,16,17,9,11,13,14,14,17,9,10,11,12,13,14,14,15,15,8,7,7,11,11,13,13,14,7,7,7,12,12,13,14,15,16,12,13,13,14,14,7,5,12,13,13,14,14,15,15,16,17,7,6,6,6,9,10,13,13,14,18,6,4,4,4,9,13,13,14,15,15,3,6,11,12,13,14,14,15,5,4,4,3,5,6,7,7,9,10,11,11,13,14,5,6,12,13,4,2,2,6,7,7,8,12,13,14,15,5,1,4,5,6,6,11,13,15,3,2,1,1,1,2,2,3,4,6,7,7,10,12,13,13,4,3,2,0,2,2,13,14,16,2,1,1,1,2,3,14,15,3,3,4,6,7,12,14,17,4,5,5,6,9,9,12,13,14,16,18,4,11,12,13,13,14,15,4,11,12,13,14,14,7,7,13,13,14,5,8,6,9,9,9,7,6,6,7,8,7,7,9,10,10
234,17,16,17,15,16,16,17,18,18,16,16,15,15,15,16,17,19,15,14,15,15,15,14,14,14,15,15,17,13,13,14,15,15,19,13,13,14,15,17,18,13,12,14,14,15,17,12,12,12,14,14,15,16,16,16,11,11,14,14,16,11,12,12,12,13,14,14,15,16,10,11,12,12,14,14,14,15,16,11,12,13,14,16,11,11,12,12,13,16,10,11,11,12,12,13,13,14,14,16,8,10,12,13,13,16,8,9,9,11,11,12,13,13,14,9,8,8,9,10,11,12,12,8,8,7,10,11,11,13,14,14,11,11,12,12,13,8,6,10,11,12,12,13,13,14,14,16,8,7,7,5,7,8,11,12,12,17,7,4,4,4,8,11,12,12,13,14,4,5,9,10,11,12,13,13,6,5,5,4,4,4,5,6,7,9,9,10,12,12,6,5,11,12,5,4,2,5,5,6,7,11,11,12,13,6,2,2,3,4,5,9,12,13,5,3,3,2,1,1,1,1,2,4,5,6,9,10,11,12,6,5,4,2,0,1,11,12,15,3,2,2,1,1,2,12,14,2,2,2,4,5,10,12,15,2,4,4,4,7,7,11,12,13,14,16,3,9,11,11,12,12,13,3,9,10,11,12,13,5,6,11,12,13,5,7,6,7,8,8,8,6,6,7,7,7,7,8,9,9
235,17,17,17,15,16,16,17,17,18,16,16,15,15,15,16,16,18,15,14,14,15,15,14,14,14,15,15,17,13,13,14,14,15,19,13,13,14,15,16,18,13,12,14,14,15,16,12,12,12,13,14,15,15,16,16,11,11,13,14,15,11,11,12,12,12,13,14,14,15,10,11,12,12,13,14,14,14,16,11,11,13,13,15,10,11,12,12,13,16,10,11,11,11,12,12,13,13,14,16,8,10,12,12,13,15,8,9,9,10,11,12,12,13,13,9,9,8,9,10,11,11,12,9,8,8,10,10,11,12,13,14,10,11,11,12,12,9,6,10,11,11,12,12,13,13,14,15,8,8,7,5,7,8,11,11,12,16,8,5,4,4,7,11,11,12,13,13,4,5,9,10,10,11,12,13,7,6,5,4,4,4,5,5,7,8,9,9,11,12,7,4,10,11,6,4,3,4,5,5,6,10,11,12,13,7,3,2,2,3,4,8,11,13,6,4,3,2,1,1,1,1,2,4,4,5,8,9,10,11,7,6,4,2,1,0,10,12,14,4,3,2,2,1,1,12,13,2,2,2,4,5,9,12,15,2,3,4,4,6,7,10,11,12,13,16,3,9,10,11,11,12,13,3,9,10,11,11,12,5,5,11,11,12,5,7,6,7,7,8,8,6,6,6,7,7,7,8,8,9
236,22,22,17,18,17,17,16,16,15,23,23,18,17,16,15,15,15,20,18,17,16,16,18,17,16,15,14,14,17,17,14,14,14,13,20,14,14,13,13,13,19,17,13,13,12,12,18,15,13,12,12,12,12,12,12,17,13,11,11,11,14,12,12,12,11,11,11,10,10,14,11,11,11,10,10,10,10,10,10,10,9,9,9,10,10,9,9,9,9,10,9,9,9,9,8,8,8,8,9,11,9,8,8,8,8,10,9,9,8,7,7,7,7,7,18,17,17,8,7,7,7,7,18,17,17,7,6,6,6,6,6,6,6,6,6,6,18,15,5,5,5,5,5,5,5,5,6,18,18,17,10,7,6,4,4,4,7,17,14,13,13,6,4,4,4,4,4,14,8,4,3,3,3,3,4,17,16,15,13,9,8,7,7,5,4,4,3,3,3,17,7,2,2,16,14,13,7,6,6,5,2,2,2,3,17,13,9,8,7,7,2,1,2,16,14,14,13,12,11,10,10,9,7,6,6,2,1,1,1,17,16,15,13,11,10,0,1,4,14,13,13,12,11,10,2,3,11,10,9,7,6,2,2,5,10,9,8,7,5,4,2,2,3,4,5,10,4,3,3,3,3,4,10,4,3,3,3,3,8,8,4,4,5,12,8,15,8,8,7,17,14,13,10,9,15,12,9,9,8
237,23,23,17,19,18,17,16,16,16,24,23,19,18,17,16,15,15,21,19,17,17,16,19,18,17,15,15,14,18,18,15,15,14,13,20,15,14,13,13,13,20,18,13,13,13,12,19,16,14,13,12,12,12,12,12,18,14,12,11,11,15,13,12,12,12,11,11,11,10,15,12,11,11,10,10,10,10,10,11,11,10,10,9,11,10,10,9,9,9,11,10,9,9,9,9,8,8,8,8,12,9,8,8,8,8,11,10,9,8,8,7,7,7,7,19,18,18,9,8,7,7,7,19,18,18,7,7,7,6,6,6,6,6,6,6,6,19,16,6,5,5,5,5,5,5,5,6,19,19,18,11,7,7,5,5,4,6,19,15,14,14,7,4,4,4,4,4,15,9,5,4,4,3,3,3,18,17,16,15,10,9,8,8,6,5,4,4,3,3,18,8,3,2,17,15,14,8,7,7,6,2,2,2,2,18,14,10,9,8,8,3,1,2,17,15,15,14,13,12,12,11,10,8,7,7,3,2,1,1,18,17,16,14,12,12,1,0,3,15,14,14,13,12,11,1,2,12,11,11,8,7,3,2,4,11,10,9,9,6,5,3,2,2,3,4,11,4,3,3,3,3,3,11,5,4,3,3,3,9,9,4,4,4,13,9,16,9,9,8,18,15,14,11,10,16,13,10,9,9
238,25,25,19,21,19,19,17,17,16,26,26,21,19,18,17,16,15,23,21,19,18,17,21,20,18,16,16,15,20,19,16,16,16,13,23,16,16,14,13,13,22,20,15,14,14,13,21,18,16,14,13,13,12,12,12,20,16,13,12,12,17,14,14,14,13,12,12,11,11,17,14,13,13,11,11,11,11,10,12,12,11,11,10,12,12,11,11,10,9,12,11,11,11,10,10,9,9,9,8,14,11,9,9,9,8,13,12,11,10,9,9,8,8,8,22,21,20,11,10,9,8,8,21,21,20,9,9,8,7,7,6,8,7,7,7,6,22,19,8,7,7,6,6,6,5,5,5,22,21,21,13,10,9,6,6,5,5,21,17,17,16,9,6,5,5,4,4,17,11,7,6,5,5,4,4,21,19,19,17,12,12,11,10,9,7,7,6,4,4,21,11,5,4,20,18,17,11,10,9,8,5,4,3,2,21,17,13,12,11,11,6,3,2,20,18,18,17,15,15,14,14,13,10,10,9,6,5,4,3,21,20,19,16,15,14,4,3,0,18,17,17,16,14,14,3,2,14,14,13,11,10,5,3,2,14,12,12,11,9,8,5,4,3,2,2,14,7,5,5,4,4,3,14,7,6,5,5,4,12,11,6,5,5,16,11,18,11,11,10,21,18,17,14,13,18,15,12,11,11
239,17,17,18,17,17,18,19,20,21,16,16,16,17,17,18,19,21,15,15,16,16,17,15,15,16,17,18,19,14,14,16,17,17,22,13,15,16,18,19,21,13,13,16,17,18,20,12,13,14,16,17,18,18,19,19,12,13,16,17,18,12,14,14,14,15,16,17,18,18,11,14,14,15,16,17,17,18,20,14,14,16,16,19,13,14,15,15,16,19,12,14,14,15,15,16,16,17,17,19,10,13,15,16,16,19,11,12,12,13,14,15,16,16,17,8,7,7,12,13,15,15,15,7,7,7,13,14,14,16,17,17,14,15,15,16,16,6,5,13,14,15,15,16,16,17,17,19,6,6,5,7,11,12,15,15,16,20,5,5,5,5,11,14,15,15,17,17,4,8,13,14,14,15,16,16,4,3,3,3,7,7,8,9,10,12,13,13,15,16,4,8,14,15,3,2,3,8,9,9,10,14,14,16,17,3,2,6,6,7,8,12,15,17,2,1,1,2,3,3,4,5,6,8,8,9,12,13,14,15,3,2,1,2,3,4,14,15,18,0,1,2,2,4,4,15,17,4,5,5,7,8,13,15,19,5,6,7,7,10,11,14,15,16,17,19,5,12,14,14,15,16,17,5,12,13,15,15,16,8,8,14,15,16,6,9,5,10,10,11,6,6,6,8,9,6,7,10,11,11
240,17,17,18,16,17,17,18,19,20,16,16,16,16,17,18,18,21,15,15,16,16,16,14,15,15,17,17,19,14,14,16,16,16,21,13,15,15,17,19,20,13,13,15,16,17,19,12,13,14,15,16,17,18,18,18,12,13,16,16,18,12,13,13,14,14,16,16,17,18,11,13,14,14,16,16,16,17,19,13,14,15,16,18,12,13,14,14,15,18,12,13,13,14,14,15,15,16,16,18,10,12,14,15,15,18,10,11,11,13,13,14,15,15,16,8,8,7,11,12,14,14,15,7,7,7,12,13,13,15,16,16,13,14,14,15,15,7,6,12,13,14,14,15,15,16,16,18,7,6,6,7,10,11,14,14,15,19,6,4,4,5,10,13,14,14,15,16,4,7,12,13,13,14,15,15,5,4,4,3,6,6,7,8,9,11,11,12,14,15,5,7,13,14,4,2,2,7,7,8,9,13,13,14,16,4,2,5,5,6,7,11,14,15,3,2,1,1,2,2,3,3,5,7,7,8,11,12,13,14,4,3,2,1,2,3,13,14,17,1,0,1,1,3,3,14,16,3,3,4,6,7,12,14,18,4,5,6,6,9,9,13,14,15,16,18,4,11,13,13,14,14,16,4,11,12,13,14,15,7,7,13,14,15,5,8,5,9,9,10,6,6,6,7,8,6,7,9,10,10
241,17,17,18,16,17,17,18,19,20,16,16,15,16,16,17,18,20,15,15,15,16,16,14,14,15,16,17,18,14,14,15,16,16,21,13,15,15,17,18,20,13,13,15,16,16,18,12,13,14,15,16,16,17,18,18,12,13,15,16,17,11,13,13,13,14,15,16,16,17,11,13,13,14,15,16,16,16,18,13,13,15,15,17,12,12,14,14,15,18,11,12,13,13,14,15,15,15,16,18,9,12,14,14,15,17,10,11,11,12,13,14,14,15,15,8,8,8,11,12,13,14,14,8,7,7,12,12,13,14,15,16,13,13,14,14,15,7,6,12,13,13,14,14,15,15,16,17,7,7,6,6,9,10,13,14,14,18,6,4,4,4,9,13,13,14,15,15,4,7,11,12,13,14,14,15,5,4,4,3,6,6,7,7,9,10,11,11,14,14,5,7,12,13,4,3,2,6,7,7,9,12,13,14,15,5,2,4,5,6,6,11,13,15,3,2,2,1,2,2,2,3,4,6,7,7,11,12,13,13,4,3,2,1,2,2,13,14,17,2,1,0,1,2,3,14,15,2,3,3,6,7,12,14,17,3,5,5,6,8,9,12,13,14,15,18,4,11,12,13,13,14,15,4,11,12,13,13,14,6,7,13,13,14,5,8,5,8,9,9,6,6,6,7,8,6,7,9,9,10
242,17,17,18,16,17,17,18,19,19,16,16,15,16,16,17,18,20,15,15,15,15,16,14,14,15,16,17,18,14,14,15,15,16,20,13,14,15,16,18,19,13,13,15,15,16,18,12,12,13,15,15,16,17,17,18,12,12,15,16,17,11,13,13,13,14,15,16,16,17,11,12,13,13,15,15,16,16,18,13,13,14,15,17,12,12,13,14,14,18,11,12,12,13,13,14,15,15,15,17,9,11,13,14,14,17,9,10,11,12,13,13,14,14,15,9,8,8,11,11,13,13,14,8,8,7,11,12,12,14,15,15,12,13,13,14,14,8,6,11,12,13,13,14,14,15,15,17,7,7,7,6,9,10,13,13,14,18,7,5,4,4,9,12,13,13,14,15,4,6,11,12,12,13,14,14,6,5,4,3,5,6,6,7,8,10,10,11,13,14,6,6,12,13,4,3,2,6,6,7,8,12,12,13,14,5,2,4,4,5,6,10,13,14,4,2,2,1,1,2,2,2,3,6,6,7,10,11,12,13,5,4,3,1,1,2,12,13,16,2,1,1,0,2,2,13,15,2,2,3,5,6,11,13,17,3,4,5,5,8,8,12,13,14,15,17,3,10,12,12,13,13,14,4,10,11,12,13,13,6,6,12,13,14,5,7,5,8,8,9,7,6,6,7,7,6,6,8,9,9
243,18,18,18,17,17,17,18,18,19,17,17,16,16,16,17,17,19,16,15,16,16,16,15,15,15,16,16,18,14,14,15,15,16,19,14,14,15,16,17,19,14,13,15,15,16,17,13,13,13,14,15,15,16,16,17,12,12,14,15,16,12,12,13,13,13,14,15,15,16,11,12,13,13,14,14,15,15,17,12,12,14,14,16,11,12,13,13,14,16,11,11,12,12,12,13,14,14,14,16,9,11,12,13,13,16,9,10,10,11,12,12,13,13,14,10,9,9,10,11,12,12,13,9,9,9,11,11,11,13,14,14,11,11,12,12,13,9,7,10,11,12,12,13,13,14,14,16,9,9,8,6,8,9,11,12,12,16,8,6,5,5,8,11,12,12,13,14,5,5,9,10,11,12,12,13,7,6,6,5,4,5,5,6,7,9,9,10,12,12,7,5,10,11,6,5,4,5,5,6,7,10,11,12,13,7,4,3,3,4,4,9,11,13,6,4,4,3,2,2,2,2,2,4,5,5,8,9,11,11,7,6,5,2,1,1,11,12,14,4,3,2,2,0,1,12,13,1,1,1,3,4,9,12,15,1,2,3,3,6,7,10,11,12,13,15,2,8,10,11,11,12,13,2,9,10,11,11,12,4,5,10,11,12,4,6,6,6,7,7,7,5,5,5,6,6,6,7,7,8
244,18,18,17,16,17,17,17,18,19,18,17,16,16,16,17,17,19,16,15,15,16,16,15,15,15,16,16,17,14,14,15,15,15,19,15,14,14,16,17,18,14,13,14,15,15,17,13,13,13,14,15,15,16,16,16,13,12,14,15,16,12,12,12,13,13,14,15,15,16,11,12,12,13,14,14,14,15,16,12,12,13,14,16,11,11,12,13,13,16,10,11,11,12,12,13,13,14,14,16,9,10,12,12,13,15,9,9,10,11,11,12,12,13,13,11,10,9,9,10,11,12,12,10,9,9,10,11,11,12,13,14,11,11,11,12,12,10,7,10,11,11,12,12,13,13,14,15,9,9,9,6,7,8,11,11,12,16,9,6,6,5,7,11,11,12,13,13,5,5,9,10,10,11,12,12,8,7,6,5,4,4,5,5,7,8,9,9,11,12,8,5,10,11,7,5,4,4,5,5,6,10,10,11,12,7,4,2,3,4,4,8,11,12,6,5,4,3,2,2,2,2,2,4,4,5,8,9,10,11,7,6,5,3,2,1,10,11,14,4,3,3,2,1,0,11,13,1,1,1,3,4,9,11,14,1,2,2,3,6,6,9,11,12,13,15,2,8,9,10,11,11,12,2,8,9,10,11,11,4,4,10,10,11,4,5,6,6,6,7,8,6,5,5,6,6,6,6,7,7
245,24,23,18,20,19,18,17,17,17,25,24,20,18,18,17,17,16,21,20,18,18,17,20,19,18,16,16,15,19,18,16,16,15,14,21,16,15,14,14,14,20,19,14,14,14,13,20,16,15,14,13,13,13,13,13,19,15,13,12,12,16,14,13,13,13,12,12,12,12,16,13,12,12,11,11,11,11,11,12,12,11,11,10,12,11,11,10,10,10,11,11,10,10,10,10,9,9,9,9,13,10,9,9,9,9,11,11,10,9,9,9,8,8,8,20,19,18,9,9,8,8,8,19,18,18,8,8,8,7,7,7,7,7,7,7,7,20,17,7,6,6,6,6,6,6,6,7,19,19,18,11,8,7,6,6,6,7,19,15,15,14,7,5,5,5,5,5,15,9,5,5,5,4,4,4,18,17,16,15,10,10,9,8,7,5,5,5,4,4,18,8,4,3,17,16,14,8,8,7,6,3,3,3,3,18,14,10,10,9,8,4,2,2,17,15,15,14,13,12,12,11,10,8,7,7,4,3,2,2,18,17,16,14,12,12,2,1,3,15,14,14,13,12,11,0,2,12,11,10,8,7,2,1,3,11,9,9,8,6,5,2,1,1,2,4,11,4,2,2,2,2,2,11,4,3,2,2,2,9,8,3,3,3,13,8,15,8,8,7,18,15,14,11,10,15,12,9,9,8
246,25,25,19,21,20,19,18,17,17,26,25,21,19,19,17,17,16,23,21,19,19,18,21,20,18,17,16,15,20,19,17,16,16,14,22,17,16,15,14,14,22,20,15,15,14,13,21,18,16,14,14,13,13,13,13,20,16,13,13,12,17,15,14,14,13,13,12,12,12,17,14,13,13,12,12,11,11,11,13,12,11,11,11,13,12,11,11,11,10,12,11,11,11,11,10,10,10,10,9,14,11,10,10,9,9,12,12,11,10,10,9,9,9,9,21,20,20,11,10,9,9,8,21,20,20,9,9,8,8,7,7,8,8,7,7,7,21,18,8,7,7,7,6,6,6,6,6,21,21,20,13,9,9,6,6,6,6,20,17,16,16,9,6,6,5,5,5,17,11,7,6,5,5,5,5,20,19,18,16,12,11,10,10,8,7,6,6,4,4,20,10,5,4,19,17,16,10,9,9,8,4,4,3,3,20,16,12,11,10,10,5,3,2,19,17,17,15,14,14,13,13,12,9,9,8,5,4,3,3,20,19,18,15,14,13,3,2,2,17,16,15,15,13,13,2,0,13,13,12,10,9,4,2,2,13,11,11,10,7,7,3,2,2,1,2,13,5,4,3,3,2,2,13,5,4,4,3,3,10,10,4,4,4,14,10,17,10,9,9,19,16,15,12,11,17,14,11,10,9
247,18,18,18,17,17,17,18,19,19,18,18,17,17,17,18,18,20,16,16,16,16,17,15,15,16,16,17,18,15,15,16,16,16,20,15,15,15,17,18,19,14,14,15,15,16,18,14,13,14,15,15,16,16,17,17,13,13,15,15,16,12,13,13,13,14,15,15,16,16,12,13,13,13,15,15,15,16,17,13,13,14,14,16,12,12,13,13,14,17,11,12,12,13,13,14,14,14,15,16,10,11,13,13,14,16,10,10,10,11,12,13,13,14,14,11,10,10,10,11,12,12,13,10,9,9,11,11,12,13,14,14,11,12,12,13,13,10,8,11,11,12,12,13,13,14,14,16,9,9,9,6,8,9,12,12,13,17,9,6,6,6,8,11,12,12,13,14,6,6,10,11,11,12,13,13,7,7,6,5,5,5,6,6,7,9,9,10,12,12,8,5,11,12,6,5,4,5,6,6,7,10,11,12,13,7,4,3,4,4,5,9,11,13,6,4,4,3,2,2,2,2,3,4,5,5,9,10,11,11,7,6,5,3,2,2,11,12,14,4,3,2,2,1,1,12,13,0,1,1,3,4,9,12,15,1,2,3,3,6,7,10,11,12,13,15,1,8,10,11,11,12,13,2,8,9,11,11,12,4,4,10,11,12,3,5,5,6,6,7,7,5,5,5,5,6,5,6,7,7
248,18,18,18,17,17,17,18,19,19,18,18,17,17,17,17,18,20,16,16,16,16,16,15,15,15,16,17,18,15,15,15,16,16,20,15,15,15,16,17,19,14,14,15,15,16,17,14,13,14,15,15,16,16,16,17,13,13,15,15,16,12,13,13,13,14,14,15,15,16,12,12,13,13,14,15,15,15,17,12,13,14,14,16,12,12,13,13,14,16,11,12,12,12,13,13,14,14,14,16,9,11,12,13,13,16,9,10,10,11,12,12,13,13,14,11,10,10,10,11,12,12,12,10,10,9,11,11,11,13,13,14,11,11,12,12,13,10,8,10,11,11,12,12,13,13,14,15,10,9,9,6,8,9,11,12,12,16,9,6,6,6,8,11,11,12,13,13,6,6,9,10,11,12,12,13,8,7,7,6,5,5,6,6,7,8,9,9,11,12,8,5,10,11,7,6,4,5,5,5,6,10,10,11,13,8,4,3,3,4,4,8,11,12,6,5,4,4,3,2,2,2,2,4,4,5,8,9,10,11,7,6,5,3,2,2,10,11,14,5,3,3,2,1,1,11,13,1,0,1,3,4,9,11,14,1,2,2,3,6,6,9,10,12,13,15,1,8,9,10,11,11,12,2,8,9,10,11,11,4,4,10,10,11,3,5,5,5,6,6,7,5,5,5,5,6,5,6,7,7
249,19,18,18,17,17,17,18,18,19,18,18,17,17,17,17,18,19,17,16,16,16,16,16,15,15,16,16,17,15,15,15,15,16,19,15,15,15,16,17,18,15,14,15,15,15,17,14,13,13,14,15,15,16,16,16,13,13,14,15,16,12,13,13,13,13,14,15,15,16,12,12,13,13,14,14,15,15,16,12,12,13,14,16,11,12,12,13,13,16,11,11,12,12,12,13,13,14,14,16,9,11,12,12,13,15,9,10,10,11,11,12,12,13,13,11,11,10,10,10,11,12,12,11,10,10,10,11,11,12,13,13,11,11,11,12,12,11,8,10,11,11,11,12,12,13,13,15,10,10,9,6,7,8,11,11,12,16,9,7,6,6,7,10,11,11,12,13,6,5,9,10,10,11,12,12,8,7,7,6,5,5,5,6,7,8,8,9,11,11,9,5,10,11,7,6,5,4,5,5,6,9,10,11,12,8,5,3,3,4,4,8,10,12,7,5,5,4,3,3,2,2,2,4,4,4,7,9,10,10,8,7,6,4,2,2,9,11,13,5,4,3,3,1,1,10,12,1,1,0,2,3,8,10,14,1,1,2,2,5,6,9,10,11,12,14,1,7,9,9,10,11,12,2,7,8,9,10,11,3,4,9,10,11,4,5,6,5,5,6,8,5,5,5,5,6,5,6,6,7
250,19,19,18,17,17,17,17,18,18,20,19,17,17,16,17,17,18,17,16,16,16,16,16,16,15,16,16,17,15,15,15,15,15,18,16,14,14,15,16,17,15,15,14,14,15,16,15,13,13,14,14,14,15,15,15,14,13,13,14,15,12,12,12,12,13,13,14,14,14,12,12,12,12,13,13,13,14,15,11,11,12,13,14,11,11,11,12,12,14,10,10,11,11,11,12,12,12,13,14,9,10,11,11,11,14,9,9,9,10,10,11,11,11,12,13,12,12,9,9,10,10,11,12,12,11,9,9,9,11,11,12,9,9,10,10,11,12,10,8,9,9,10,10,11,11,11,13,12,12,11,6,6,7,9,9,10,14,11,8,8,7,6,9,9,9,10,11,8,5,7,8,8,9,10,10,10,9,9,7,5,4,4,5,5,6,7,7,9,9,11,4,8,9,9,8,6,3,3,4,4,7,8,9,10,10,7,3,3,3,3,6,8,10,9,7,7,6,5,4,4,4,3,2,2,3,5,6,7,8,10,9,8,6,4,4,7,8,11,7,6,6,5,3,3,8,10,3,3,2,0,1,6,8,12,3,1,1,1,3,3,7,8,9,10,12,3,5,7,7,8,8,9,3,5,6,7,8,8,2,2,7,7,9,5,3,8,4,4,4,10,7,6,5,4,8,6,5,5,5
251,20,20,18,17,17,17,17,17,18,20,20,17,17,17,17,17,18,18,17,16,16,16,16,16,16,15,16,16,16,15,15,15,15,17,17,14,14,15,16,17,16,15,14,14,14,15,15,14,13,13,14,14,14,15,15,15,13,13,13,14,13,12,12,12,12,13,13,13,14,12,12,12,12,12,13,13,13,14,11,11,12,12,13,11,11,11,11,12,14,10,10,10,10,11,11,11,12,12,13,10,9,10,11,11,13,9,9,9,9,10,10,10,11,11,14,13,12,8,9,9,10,10,13,13,12,8,9,9,10,11,11,8,9,9,9,10,13,11,8,8,9,9,9,10,10,11,12,13,13,12,7,6,6,8,9,9,13,12,9,9,8,6,8,8,9,9,10,9,5,6,7,7,8,9,9,11,10,10,8,5,5,4,4,5,6,6,6,8,8,12,4,7,8,10,9,7,3,3,3,4,6,7,8,9,11,8,4,4,3,3,5,7,9,10,9,8,7,6,5,5,4,4,2,2,2,4,5,6,7,11,10,9,7,5,5,6,7,10,8,7,7,6,4,4,7,9,4,4,3,1,0,5,7,10,4,2,2,1,2,2,6,7,8,9,11,4,4,6,6,7,7,8,4,4,5,6,7,7,2,2,6,6,8,6,3,9,4,4,4,11,8,7,5,5,9,6,5,5,5
252,23,22,18,19,18,18,17,17,17,23,23,19,18,18,17,17,17,20,19,17,17,17,19,18,17,16,16,15,18,18,15,15,15,15,20,15,15,14,14,15,19,18,14,14,14,14,18,16,14,13,13,13,13,13,13,18,14,13,13,13,15,13,13,13,12,12,12,12,12,15,12,12,12,12,12,12,12,12,11,11,11,11,11,11,11,11,11,10,11,11,10,10,10,10,10,10,10,10,11,12,10,9,9,9,10,10,10,10,9,9,9,9,9,9,18,17,17,9,9,8,8,8,17,17,16,8,8,8,8,8,8,7,7,7,7,7,18,15,7,7,7,7,7,7,7,7,8,18,17,17,10,7,7,6,6,6,9,17,13,13,12,6,6,6,6,6,6,13,8,5,5,5,5,5,6,16,15,14,13,8,8,7,7,6,5,5,4,5,5,16,7,4,4,15,14,12,6,6,5,5,3,3,4,5,16,12,8,8,7,6,3,3,4,15,13,13,12,11,10,10,9,8,6,5,5,2,2,2,3,16,15,14,12,10,9,2,3,5,13,12,12,11,9,9,2,4,9,9,8,6,5,0,2,6,9,7,7,6,3,3,1,2,3,4,6,9,2,1,2,2,2,3,9,2,2,2,2,3,6,6,2,2,4,10,6,13,6,6,5,15,12,11,8,7,13,10,7,7,6
253,24,24,19,20,19,19,18,17,17,25,25,20,19,18,17,17,17,22,20,18,18,17,20,19,18,17,16,16,19,19,16,16,16,15,21,16,16,15,14,14,21,19,15,14,14,14,20,17,15,14,14,13,13,13,13,19,15,13,13,13,16,14,14,14,13,13,12,12,12,16,13,13,13,12,12,12,12,12,12,12,11,11,11,12,12,11,11,11,11,12,11,11,11,10,10,10,10,10,10,13,11,10,10,9,9,12,11,11,10,9,9,9,9,9,20,19,18,10,9,9,9,8,19,19,18,9,8,8,8,8,8,8,7,7,7,7,20,17,7,7,7,7,7,7,7,7,7,20,19,19,12,9,8,6,6,6,7,19,15,15,14,8,6,6,6,6,6,15,10,6,5,5,5,5,5,18,17,17,15,10,10,9,8,7,6,6,5,4,4,19,9,4,4,17,16,14,8,8,7,6,4,3,3,3,18,15,10,10,9,8,4,3,3,17,16,15,14,13,12,12,11,10,8,7,7,4,3,2,2,18,17,16,14,12,12,2,2,3,15,14,14,13,12,11,1,2,12,11,10,8,7,2,0,3,11,9,9,8,6,5,2,1,1,2,4,11,3,2,2,1,1,2,11,4,3,2,2,2,9,8,3,2,3,13,8,15,8,8,7,18,14,13,10,9,15,12,9,8,8
254,26,26,20,22,21,20,19,18,18,27,27,23,21,20,19,18,17,24,22,20,20,19,22,21,20,18,17,16,21,21,18,18,17,15,24,18,17,16,15,14,23,21,16,16,15,14,22,19,17,16,15,15,14,14,14,22,18,15,14,13,18,16,16,15,15,14,13,13,13,18,15,15,14,13,13,13,12,12,14,14,13,12,11,14,14,13,12,12,11,14,13,13,12,12,11,11,11,11,10,16,13,11,11,11,9,14,13,13,12,11,10,10,10,10,23,22,21,12,11,10,10,10,22,22,21,11,10,10,9,8,8,9,9,9,8,8,23,20,9,9,8,8,8,7,7,7,7,23,22,22,15,11,10,8,7,7,6,22,18,18,17,10,7,7,7,6,6,18,13,8,7,7,6,6,6,21,20,20,18,13,13,12,11,10,8,8,7,6,5,22,12,6,5,21,19,17,11,11,10,9,6,5,5,4,22,18,13,13,12,11,7,5,4,20,19,18,17,16,16,15,14,13,11,11,10,7,6,5,4,22,20,19,17,15,15,5,4,2,19,18,17,17,15,14,3,2,15,14,14,12,10,6,3,0,14,13,12,12,9,8,5,4,3,2,1,14,7,5,5,4,3,2,14,7,6,5,4,4,12,11,5,5,4,16,11,19,11,11,10,21,18,17,13,12,18,15,12,11,11
255,19,19,19,18,18,18,18,19,20,19,18,17,17,17,18,18,20,17,17,17,17,17,16,16,16,17,17,18,15,15,16,16,16,20,16,15,15,17,18,19,15,14,15,16,16,18,14,14,14,15,15,16,17,17,17,14,13,15,16,16,13,13,13,14,14,15,15,16,16,12,13,13,14,15,15,15,16,17,13,13,14,15,16,12,12,13,13,14,17,11,12,12,13,13,14,14,14,15,16,10,11,13,13,14,16,10,10,11,11,12,13,13,14,14,11,11,10,10,11,12,12,13,11,10,10,11,11,12,13,14,14,11,12,12,13,13,11,8,11,11,12,12,13,13,14,14,15,10,10,9,7,8,9,11,12,12,16,9,7,7,6,8,11,12,12,13,14,6,6,9,10,11,12,12,13,8,7,7,6,5,5,6,6,7,9,9,10,12,12,8,5,10,11,7,6,5,5,5,6,7,10,11,12,13,8,5,3,4,4,5,8,11,13,7,5,5,4,3,3,3,3,3,4,5,5,8,9,10,11,7,6,5,4,2,2,10,11,14,5,4,3,3,1,1,11,13,1,1,1,3,4,9,11,14,0,2,2,3,5,6,9,10,12,13,15,1,8,9,10,10,11,12,1,8,9,10,11,11,3,4,9,10,11,3,5,5,5,5,6,7,5,4,4,5,5,4,5,6,7
256,20,19,18,18,18,18,18,19,19,19,19,17,17,17,17,18,19,17,17,16,17,17,16,16,16,16,17,17,16,16,16,16,16,19,16,15,15,16,17,18,16,15,15,15,16,17,15,14,14,14,15,15,16,16,16,14,13,14,15,16,13,13,13,13,13,14,15,15,15,12,12,13,13,14,14,14,15,16,12,12,13,14,15,11,12,12,13,13,16,11,11,12,12,12,13,13,13,14,15,10,11,12,12,13,15,9,10,10,11,11,12,12,12,13,12,12,11,10,10,11,11,12,12,11,11,10,10,11,12,12,13,10,11,11,11,12,12,9,9,10,11,11,11,12,12,13,14,11,11,11,7,7,8,10,11,11,15,11,8,7,7,7,10,10,11,12,12,7,6,8,9,9,10,11,11,10,9,8,7,5,5,5,5,6,7,8,8,10,11,10,5,9,10,9,7,6,4,4,5,5,9,9,10,11,9,6,3,3,3,4,7,9,11,8,7,6,5,4,4,4,3,3,3,4,4,7,8,9,9,9,8,7,5,4,3,9,10,12,6,5,5,4,2,2,9,11,2,2,1,1,2,7,9,13,2,0,1,1,4,4,8,9,10,11,13,2,6,8,8,9,9,10,2,6,7,8,9,9,2,2,8,8,10,4,4,6,4,4,5,9,6,5,4,4,7,5,5,5,5
257,20,20,18,18,18,18,18,18,19,20,19,17,17,17,17,18,19,18,17,17,16,17,16,16,16,16,16,17,16,16,16,16,16,19,16,15,15,16,17,18,16,15,15,15,15,17,15,14,14,14,15,15,15,16,16,14,13,14,15,15,13,13,13,13,13,14,14,15,15,12,12,13,13,14,14,14,14,16,12,12,13,13,15,11,11,12,12,13,15,11,11,11,12,12,12,13,13,13,15,10,10,12,12,12,14,9,10,10,10,11,11,12,12,12,13,12,12,9,10,11,11,11,12,12,11,10,10,10,11,12,12,10,10,11,11,11,12,10,9,10,10,11,11,11,12,12,14,12,11,11,7,7,8,10,10,11,14,11,8,8,7,7,9,10,10,11,12,8,6,8,9,9,10,10,11,10,9,9,7,5,5,5,5,6,7,7,8,10,10,10,5,8,9,9,8,6,4,4,4,5,8,9,10,11,10,6,3,3,3,3,6,9,10,9,7,7,6,5,4,4,4,3,3,3,4,6,7,8,9,10,9,7,5,4,4,8,9,12,7,6,5,5,3,2,9,11,3,2,2,1,2,7,9,12,2,1,0,1,3,4,7,8,9,10,13,2,6,7,8,8,9,10,2,6,7,8,8,9,2,2,7,8,9,4,3,7,4,4,4,9,6,5,4,4,7,5,5,5,5
258,20,20,18,18,18,18,18,18,19,20,20,17,17,17,17,17,19,18,17,17,17,17,17,16,16,16,16,17,16,16,15,16,16,18,17,15,15,16,16,18,16,15,15,15,15,16,15,14,14,14,14,15,15,15,16,15,13,14,14,15,13,13,13,13,13,14,14,14,15,12,12,12,13,13,14,14,14,15,12,12,13,13,15,11,11,12,12,13,15,11,11,11,11,12,12,12,13,13,14,10,10,11,12,12,14,9,9,10,10,11,11,11,12,12,13,12,12,9,10,10,11,11,12,12,12,9,10,10,11,12,12,9,10,10,11,11,13,10,9,9,10,10,11,11,11,12,13,12,12,11,7,7,7,9,10,10,14,12,9,8,8,7,9,9,10,11,11,8,5,7,8,9,9,10,10,11,10,9,8,5,5,5,5,6,7,7,7,9,10,11,4,8,9,10,8,7,4,4,4,5,8,8,9,10,10,7,4,3,3,3,6,8,10,9,8,7,6,5,5,4,4,3,3,3,3,6,7,8,8,10,9,8,6,4,4,7,9,11,7,6,6,5,3,3,8,10,3,3,2,1,1,6,8,12,3,1,1,0,3,3,7,8,9,10,12,3,5,7,7,8,8,9,3,5,6,7,8,8,2,2,7,7,9,5,3,7,3,4,4,10,7,6,4,4,7,5,4,5,5
259,21,21,18,18,18,18,18,18,18,22,21,18,17,17,17,17,18,19,18,17,17,17,17,17,16,16,16,16,17,17,15,15,15,17,18,15,15,15,15,16,17,16,14,14,14,15,17,15,14,14,14,14,14,14,15,16,14,13,13,14,14,13,13,13,13,13,13,13,14,13,12,12,12,12,13,13,13,14,12,12,12,12,13,11,11,11,11,11,13,11,10,11,11,11,11,11,11,12,13,11,10,10,10,11,12,10,9,9,9,10,10,10,10,11,15,15,14,9,9,9,9,10,15,14,14,8,9,9,9,10,10,8,8,9,9,9,15,12,7,8,8,8,9,9,9,10,11,15,14,14,8,7,7,8,8,8,11,14,11,10,10,6,7,7,8,9,9,10,6,6,6,7,7,8,8,13,12,12,10,6,6,5,5,5,5,5,6,7,7,13,5,6,7,12,11,9,4,4,4,4,5,6,7,8,13,9,5,5,4,4,4,6,7,12,10,10,9,8,7,7,6,5,4,3,3,4,4,5,6,13,12,11,9,7,6,5,6,9,10,9,8,8,6,6,6,7,6,6,5,3,2,3,6,9,5,4,3,3,0,1,4,5,6,7,9,6,2,4,4,5,6,7,6,2,3,5,5,6,3,3,4,5,6,7,3,10,4,3,3,12,9,8,5,5,10,7,5,5,4
260,22,21,18,19,18,18,18,18,18,22,22,18,18,17,17,17,18,19,18,17,17,17,18,17,17,16,16,16,17,17,15,15,15,17,18,15,15,15,15,16,18,17,14,14,14,15,17,15,14,14,14,14,14,14,14,16,14,13,13,14,14,13,13,13,13,13,13,13,13,14,12,12,12,12,12,13,13,14,12,12,12,12,13,11,11,11,11,11,13,11,10,10,11,11,11,11,11,11,12,11,10,10,10,10,12,10,9,9,9,9,10,10,10,10,16,15,15,9,9,9,9,9,15,15,14,8,8,9,9,10,10,8,8,8,9,9,15,13,7,8,8,8,8,9,9,9,11,15,15,14,8,7,7,7,8,8,11,15,11,11,10,6,7,7,7,8,9,11,6,6,6,6,7,7,8,14,13,12,11,7,6,6,5,5,5,5,5,7,7,14,5,5,6,13,11,10,5,4,4,4,5,5,6,7,14,10,6,5,5,4,4,6,7,12,11,10,9,8,8,7,7,6,4,4,3,3,4,5,5,13,12,11,9,7,7,4,5,8,11,9,9,8,7,6,5,7,7,6,6,3,2,3,5,8,6,4,4,3,1,0,3,4,5,7,9,6,2,3,4,4,5,6,6,2,3,4,5,5,4,3,4,4,5,8,4,10,4,4,3,13,10,9,6,5,10,7,5,5,5
261,23,23,19,20,19,19,18,18,18,24,24,20,19,18,17,17,17,21,20,18,18,17,19,19,18,17,16,16,19,18,16,16,16,16,21,16,16,15,15,15,20,18,15,15,14,14,19,16,15,14,14,14,14,14,14,18,15,13,13,13,15,14,14,13,13,13,13,13,13,15,13,13,13,12,12,12,12,12,12,12,12,12,12,12,12,11,11,11,11,12,11,11,11,11,10,10,10,11,11,13,11,10,10,10,10,11,11,10,10,9,9,9,9,9,19,18,17,10,9,9,9,9,18,17,17,9,8,8,8,8,9,8,8,8,8,8,18,15,7,7,7,7,7,7,7,8,8,18,18,17,11,8,7,7,7,7,9,18,14,14,13,7,6,6,6,6,7,14,9,6,6,5,6,6,6,17,16,15,14,9,9,8,7,6,5,5,5,5,5,17,7,4,5,16,14,13,7,7,6,5,4,4,4,5,17,13,9,8,7,7,4,3,4,16,14,13,12,11,11,10,10,9,7,6,6,3,3,3,3,17,16,14,12,11,10,2,3,5,14,13,12,12,10,9,2,3,10,9,9,7,6,1,2,5,9,8,7,7,4,3,0,1,2,3,6,9,2,1,1,1,2,3,9,2,1,1,2,2,7,6,2,2,3,11,6,14,6,6,5,16,13,12,9,8,13,10,7,7,6
262,24,24,19,20,19,19,18,18,18,25,25,21,19,19,18,17,17,22,20,19,18,18,20,19,18,17,17,16,19,19,17,16,16,16,21,16,16,15,15,15,21,19,15,15,15,14,20,17,15,14,14,14,14,14,14,19,16,14,13,13,16,14,14,14,13,13,13,13,13,16,14,13,13,12,12,12,12,12,13,12,12,12,12,12,12,11,11,11,11,12,11,11,11,11,11,11,10,10,11,13,11,10,10,10,10,12,11,11,10,10,9,9,9,9,20,19,18,10,10,9,9,9,19,18,18,9,9,9,8,8,8,8,8,8,8,8,20,16,8,7,7,7,7,7,7,7,8,19,19,18,11,9,8,7,7,7,8,19,15,15,14,8,6,6,6,6,6,15,9,6,6,6,5,6,6,18,17,16,15,10,10,9,8,7,6,6,5,5,5,18,8,5,4,17,15,14,8,8,7,6,4,4,4,4,18,14,10,9,8,8,4,3,4,17,15,15,13,12,12,11,11,10,8,7,7,4,3,3,3,18,17,16,13,12,11,2,2,4,15,14,13,13,11,11,1,2,11,10,10,8,7,2,1,4,10,9,8,8,5,4,1,0,1,2,4,10,3,1,1,1,1,2,11,3,2,1,1,1,8,7,2,2,2,12,7,15,7,7,6,17,14,13,10,9,14,11,8,7,7
263,25,25,20,21,20,19,19,18,18,26,25,21,20,19,18,18,17,23,21,19,19,18,21,20,19,17,17,16,20,20,17,17,17,15,22,17,16,15,15,15,21,20,16,15,15,14,21,18,16,15,14,14,14,14,14,20,16,14,14,13,17,15,15,14,14,13,13,13,13,17,14,14,13,13,12,12,12,12,13,13,12,12,12,13,13,12,12,11,11,13,12,12,11,11,11,11,11,11,11,14,12,10,10,10,10,12,12,11,11,10,10,10,9,9,21,20,19,11,10,9,9,9,20,19,19,9,9,9,8,8,8,8,8,8,8,8,21,17,8,8,7,7,7,7,7,7,7,20,20,19,12,9,9,7,7,7,7,20,16,16,15,9,6,6,6,6,6,16,10,7,6,6,6,6,5,19,18,17,16,11,11,10,9,8,7,6,6,5,5,19,9,5,5,18,16,15,9,9,8,7,4,4,4,4,19,15,11,10,9,9,5,3,3,18,16,16,15,13,13,12,12,11,9,8,8,5,4,3,3,19,18,17,14,13,12,3,2,3,16,15,14,14,12,12,1,2,12,12,11,9,8,3,1,3,12,10,9,9,6,5,2,1,0,1,3,12,4,2,2,1,1,1,12,4,3,2,2,1,9,8,3,2,2,13,8,16,8,8,7,18,15,14,11,10,15,12,9,8,8
264,26,25,20,22,20,20,19,18,18,27,26,22,20,20,18,18,17,23,21,20,20,19,21,21,19,18,17,16,21,20,17,17,17,15,23,18,17,16,15,15,22,21,16,16,15,14,21,18,17,15,15,14,14,14,14,21,17,14,14,13,18,15,15,15,14,14,13,13,13,18,15,14,14,13,13,13,12,12,14,13,12,12,12,13,13,12,12,12,11,13,12,12,12,12,11,11,11,11,10,15,12,11,11,10,10,13,12,12,11,11,10,10,10,10,22,21,20,11,11,10,10,9,21,20,20,10,10,9,9,8,8,9,9,8,8,8,22,18,9,8,8,8,7,7,7,7,7,21,21,20,13,10,9,7,7,7,7,21,17,17,16,9,7,7,6,6,6,17,11,7,7,6,6,6,6,20,19,18,17,12,12,11,10,9,7,7,7,5,5,20,10,6,5,19,17,16,10,10,9,8,5,5,4,4,20,16,12,11,10,10,6,4,3,19,17,17,16,15,14,13,13,12,10,9,9,6,5,4,4,20,19,18,16,14,13,4,3,2,17,16,15,15,13,13,2,1,13,13,12,10,9,4,2,2,13,11,10,10,7,7,3,2,1,0,2,13,5,3,3,2,2,1,13,5,4,3,2,2,10,9,4,3,3,14,9,17,9,9,8,19,16,15,12,11,17,13,10,9,9
265,27,27,21,23,22,21,20,19,19,28,28,23,22,21,19,19,18,25,23,21,21,20,23,22,21,19,18,17,22,22,19,18,18,16,25,19,18,16,16,15,24,22,17,17,16,15,23,20,18,16,16,15,15,15,14,22,18,15,15,14,19,17,16,16,15,15,14,14,13,19,16,15,15,14,14,13,13,12,15,15,13,13,12,15,14,13,13,13,11,15,14,13,13,13,12,12,12,11,11,16,14,12,12,11,10,15,14,14,12,12,11,11,11,10,24,23,22,13,12,11,11,10,23,22,22,11,11,11,10,9,9,10,10,9,9,9,24,21,10,9,9,9,8,8,8,8,7,23,23,22,15,12,11,9,8,8,7,23,19,19,18,11,8,8,7,7,7,19,13,9,8,8,7,7,6,22,21,20,19,14,14,13,12,11,9,9,8,7,6,22,12,7,6,21,20,18,12,12,11,10,7,6,5,5,22,18,14,14,13,12,8,5,4,21,19,19,18,17,16,16,15,14,12,11,11,8,7,6,5,22,21,20,18,16,16,5,4,2,19,18,18,17,15,15,4,2,15,15,14,12,11,6,4,1,15,13,13,12,9,9,6,4,3,2,0,15,7,6,5,4,4,3,15,7,6,5,5,4,12,12,6,5,4,16,11,19,11,11,10,21,18,17,14,13,19,15,12,11,11
266,19,19,19,18,18,18,19,20,20,19,19,18,18,18,18,19,20,17,17,17,17,17,17,17,17,17,18,19,16,16,17,17,17,20,16,16,16,17,18,20,15,15,16,16,17,18,15,14,15,16,16,17,17,17,18,14,14,15,16,17,13,14,14,14,15,15,16,16,17,13,13,14,14,15,15,16,16,18,13,14,15,15,17,13,13,14,14,15,17,12,13,13,13,13,14,14,15,15,17,11,12,13,14,14,16,10,11,11,12,13,13,14,14,14,12,11,11,11,11,12,13,13,11,11,10,11,12,12,13,14,15,12,12,12,13,13,11,9,11,12,12,13,13,13,14,14,16,11,10,10,7,9,9,12,12,13,16,10,7,7,7,9,11,12,12,13,14,7,7,10,11,11,12,13,13,9,8,7,6,6,6,6,7,8,9,9,10,12,12,9,6,11,12,7,6,5,6,6,6,7,10,11,12,13,8,5,4,4,5,5,9,11,13,7,6,5,4,4,3,3,3,3,5,5,5,8,9,10,11,8,7,6,4,3,3,10,11,14,5,4,4,3,2,2,11,13,1,1,1,3,4,9,11,14,1,2,2,3,6,6,9,10,12,13,15,0,8,9,10,10,11,12,1,8,9,10,10,11,3,3,9,10,11,2,4,5,5,5,6,7,4,4,4,4,5,4,5,6,6
267,23,23,19,20,19,19,18,18,18,23,23,20,19,18,18,18,18,21,19,18,18,17,19,18,18,17,17,17,18,18,16,16,16,17,20,16,16,15,16,16,19,18,15,15,15,15,18,16,15,14,14,14,14,14,15,18,15,14,14,14,15,14,14,13,13,13,13,13,13,15,13,13,13,13,13,13,13,13,12,12,12,12,13,12,12,12,12,12,13,11,11,11,11,11,11,11,11,11,12,12,11,10,11,11,12,11,10,10,10,10,10,10,10,10,18,17,16,10,9,9,9,9,17,16,16,9,9,9,9,9,10,8,8,8,9,9,17,14,8,8,8,8,8,8,9,9,10,17,16,16,10,8,7,7,7,8,10,16,13,12,12,7,7,7,7,8,8,13,8,6,6,6,7,7,7,15,14,14,12,8,8,7,7,6,6,6,6,6,6,16,7,5,6,14,13,11,6,6,6,5,5,5,6,6,15,12,8,7,6,6,4,5,6,14,13,12,11,10,9,9,8,7,6,5,5,3,3,4,4,15,14,13,11,9,9,4,4,7,12,11,11,10,8,8,4,5,8,8,7,5,4,2,3,7,8,6,6,5,2,2,2,3,4,5,7,8,0,2,2,3,3,4,8,1,1,2,3,3,5,5,2,2,4,9,4,12,5,4,4,14,11,10,7,6,12,9,6,5,5
268,24,24,19,20,20,19,19,18,18,25,24,20,19,19,18,18,18,22,20,19,18,18,20,19,18,17,17,17,19,19,17,17,16,16,21,17,16,15,15,16,20,19,15,15,15,15,19,17,16,15,14,14,14,14,14,19,15,14,14,14,16,14,14,14,14,13,13,13,13,16,14,13,13,13,13,13,13,13,13,13,12,12,12,12,12,12,12,12,12,12,11,11,11,11,11,11,11,11,11,13,11,11,10,10,11,12,11,11,10,10,10,10,10,10,19,18,18,10,10,9,9,9,18,18,17,9,9,9,9,9,9,8,8,8,8,8,19,16,8,8,8,8,8,8,8,8,9,18,18,17,11,8,8,7,7,7,9,18,14,14,13,8,7,7,7,7,7,14,9,6,6,6,6,6,6,17,16,15,14,9,9,8,8,7,6,6,6,6,6,17,8,5,5,16,14,13,7,7,7,6,4,4,5,5,17,13,9,9,8,7,4,4,5,16,14,14,13,11,11,10,10,9,7,6,6,4,3,3,3,17,16,15,12,11,10,3,3,5,14,13,12,12,10,9,2,4,10,9,9,7,6,1,2,5,9,8,7,7,4,3,1,1,2,3,6,9,2,0,1,1,2,3,9,2,1,1,1,2,7,6,1,1,2,11,6,13,6,6,5,16,13,11,8,7,13,10,7,6,6
269,24,24,20,21,20,19,19,18,18,25,25,21,19,19,18,18,18,22,20,19,19,18,20,20,18,17,17,17,19,19,17,17,17,16,21,17,16,16,15,16,21,19,15,15,15,15,20,17,16,15,15,14,14,14,14,19,16,14,14,14,16,15,14,14,14,13,13,13,13,16,14,13,13,13,13,13,13,13,13,13,12,12,12,13,12,12,12,12,12,12,12,11,11,11,11,11,11,11,11,13,11,11,11,10,11,12,11,11,10,10,10,10,10,10,19,18,18,10,10,9,9,9,19,18,18,9,9,9,9,9,9,8,8,8,8,8,19,16,8,8,8,8,8,8,8,8,9,19,18,18,11,9,8,7,7,7,9,18,15,14,14,8,7,7,7,7,7,15,9,6,6,6,6,6,6,17,16,16,14,10,9,9,8,7,6,6,6,6,6,18,8,5,5,17,15,13,8,7,7,6,4,4,5,5,17,14,10,9,8,8,4,4,4,16,15,14,13,12,11,11,10,9,7,7,6,4,3,3,3,17,16,15,13,11,11,3,3,5,14,13,13,12,11,10,2,3,11,10,9,7,6,2,2,5,10,8,8,7,4,4,1,1,2,3,5,10,2,1,0,1,1,2,10,2,1,1,1,1,7,7,1,1,2,11,6,14,7,6,6,16,13,12,9,8,14,11,8,7,6
270,25,24,20,21,20,20,19,18,18,25,25,21,20,19,18,18,18,22,21,19,19,18,20,20,19,17,17,17,20,19,17,17,17,16,22,17,17,16,15,15,21,20,16,15,15,15,20,17,16,15,15,14,14,14,14,19,16,14,14,14,16,15,15,14,14,13,13,13,13,16,14,14,13,13,13,13,13,13,13,13,12,12,12,13,13,12,12,12,12,13,12,12,11,11,11,11,11,11,11,14,12,11,11,11,11,12,12,11,11,10,10,10,10,10,20,19,18,11,10,10,9,9,19,19,18,9,9,9,9,9,9,9,8,8,8,8,20,17,8,8,8,8,8,8,8,8,8,20,19,18,12,9,8,7,7,7,8,19,15,15,14,8,7,7,7,7,7,15,10,7,6,6,6,6,6,18,17,16,15,10,10,9,9,7,6,6,6,6,6,18,9,5,5,17,15,14,8,8,7,7,5,4,4,5,18,14,10,10,9,8,5,4,4,17,15,15,14,13,12,11,11,10,8,7,7,4,4,3,3,18,17,16,13,12,11,3,3,4,15,14,13,13,11,11,2,3,11,11,10,8,7,2,1,4,10,9,8,8,5,4,1,1,1,2,4,10,3,1,1,0,1,2,10,3,2,1,1,1,8,7,2,1,2,12,7,15,7,7,6,17,14,13,9,8,14,11,8,7,7
271,25,25,20,21,20,20,19,18,18,26,25,21,20,19,18,18,18,23,21,19,19,18,21,20,19,18,17,17,20,20,17,17,17,16,22,17,17,16,15,15,21,20,16,15,15,15,21,18,16,15,15,15,14,14,14,20,16,14,14,14,17,15,15,15,14,14,13,13,13,17,14,14,14,13,13,13,13,13,13,13,12,12,12,13,13,12,12,12,12,13,12,12,12,11,11,11,11,11,11,14,12,11,11,11,11,13,12,12,11,10,10,10,10,10,20,19,19,11,10,10,10,9,20,19,19,10,9,9,9,9,9,9,9,8,8,8,20,17,8,8,8,8,8,8,8,8,8,20,20,19,12,9,9,7,7,7,8,19,16,15,15,9,7,7,7,7,7,16,10,7,6,6,6,6,6,18,17,17,15,11,10,9,9,8,7,6,6,6,6,19,9,5,5,18,16,14,9,8,8,7,5,5,4,5,19,15,11,10,9,9,5,4,4,17,16,15,14,13,13,12,11,10,8,8,7,5,4,3,3,18,17,16,14,12,12,3,3,4,16,14,14,13,12,11,2,2,12,11,11,8,7,2,1,3,11,9,9,8,6,5,2,1,1,2,4,11,3,2,1,1,0,1,11,3,2,1,1,1,8,8,2,2,2,12,7,15,8,7,7,17,14,13,10,9,15,12,9,8,7
272,26,25,20,22,21,20,19,19,18,26,26,22,20,20,19,18,18,23,22,20,20,19,21,21,20,18,18,17,21,20,18,17,17,16,23,18,17,16,16,15,22,21,16,16,15,15,21,18,17,16,15,15,15,14,14,21,17,15,14,14,18,16,15,15,15,14,14,13,13,18,15,14,14,13,13,13,13,13,14,14,13,13,12,14,13,13,12,12,12,13,13,12,12,12,11,11,11,11,11,15,12,11,11,11,10,13,13,12,11,11,10,10,10,10,21,20,20,11,11,10,10,10,21,20,20,10,10,10,9,9,9,9,9,9,9,8,21,18,9,8,8,8,8,8,8,8,8,21,21,20,13,10,9,8,7,7,8,20,17,16,16,9,7,7,7,7,7,17,11,7,7,7,6,6,6,19,18,18,16,12,11,10,10,9,7,7,7,6,6,20,10,6,5,19,17,15,10,9,9,8,5,5,5,4,20,16,12,11,10,10,6,4,4,18,17,16,15,14,14,13,13,11,9,9,8,5,5,4,4,19,18,17,15,13,13,4,3,3,17,16,15,14,13,12,2,2,13,12,12,9,8,3,2,2,12,10,10,9,7,6,3,2,1,1,3,12,4,3,2,2,1,0,12,4,3,2,2,1,9,9,3,2,2,13,9,16,9,8,8,18,15,14,11,10,16,13,10,9,8
273,20,20,20,19,19,19,19,20,21,20,20,18,18,18,19,19,21,18,18,18,18,18,17,17,17,18,18,19,17,17,17,17,17,21,17,16,17,18,19,20,16,16,16,17,17,19,15,15,15,16,16,17,18,18,18,15,14,16,17,17,14,14,14,15,15,16,16,17,17,13,14,14,15,16,16,16,16,18,14,14,15,15,17,13,13,14,14,15,18,12,13,13,14,14,15,15,15,16,17,11,12,14,14,14,17,11,11,12,12,13,14,14,14,15,12,12,11,11,12,13,13,14,11,11,11,12,12,12,14,14,15,12,12,13,13,14,11,9,11,12,12,13,13,14,14,15,16,11,11,10,8,9,10,12,13,13,17,10,8,8,7,9,12,12,13,14,14,7,7,10,11,11,12,13,13,9,8,8,7,6,6,7,7,8,9,10,10,12,13,9,6,11,12,8,7,6,6,6,7,7,11,11,12,13,8,6,5,5,5,6,9,11,13,7,6,5,5,4,4,4,4,4,5,5,6,9,10,11,11,8,7,6,4,3,3,10,11,14,5,4,4,4,2,2,11,13,2,2,2,3,4,9,11,14,1,2,2,3,6,6,9,11,12,13,15,1,8,9,10,10,11,12,0,8,9,10,10,11,3,3,9,10,11,2,4,4,4,5,5,7,4,3,3,4,5,3,5,5,6
274,23,23,20,20,19,19,19,19,19,24,23,20,19,19,18,18,18,21,20,19,18,18,19,19,18,17,17,17,19,18,17,17,17,17,20,17,16,16,16,17,20,18,16,15,15,16,19,16,15,15,15,15,15,15,15,18,15,14,14,14,15,14,14,14,14,14,14,14,14,15,14,13,13,13,13,13,13,14,13,13,13,13,13,12,12,12,12,12,13,12,12,12,12,12,12,12,12,12,13,13,11,11,11,11,12,11,11,11,11,10,11,11,11,11,18,17,16,10,10,10,10,10,17,17,16,9,9,9,10,10,10,9,9,9,9,9,17,15,8,8,8,9,9,9,9,9,10,17,17,16,10,8,8,8,8,8,11,16,13,13,12,7,7,7,8,8,8,13,8,7,7,7,7,7,8,16,15,14,13,9,8,7,7,6,6,6,6,7,7,16,7,6,6,15,13,12,7,6,6,5,5,5,6,7,15,12,8,7,7,6,4,5,6,14,13,12,11,10,10,9,9,8,6,5,5,4,4,4,5,15,14,13,11,9,9,4,5,7,12,11,11,10,9,8,4,5,8,8,7,5,4,2,4,7,8,6,6,5,2,2,2,3,4,5,7,8,1,2,2,3,3,4,8,0,1,2,3,3,5,4,2,2,3,9,4,12,4,4,4,14,11,10,7,6,11,8,6,5,4
275,24,24,20,21,20,19,19,19,19,25,24,21,20,19,18,18,18,22,20,19,19,18,20,19,18,17,17,17,19,19,17,17,17,17,21,17,17,16,16,16,20,19,16,16,15,15,20,17,16,15,15,15,15,15,15,19,16,14,14,14,16,15,14,14,14,14,14,14,14,16,14,14,13,13,13,13,13,14,13,13,13,13,13,13,13,12,12,12,13,12,12,12,12,12,12,12,12,12,12,13,11,11,11,11,12,12,11,11,11,11,10,10,11,11,19,18,17,10,10,10,10,10,18,18,17,9,9,9,9,10,10,9,9,9,9,9,18,16,8,8,8,8,8,9,9,9,10,18,18,17,11,9,8,8,8,8,10,17,14,14,13,8,7,7,7,8,8,14,9,7,7,7,7,7,7,17,16,15,14,9,9,8,8,7,6,6,6,6,6,17,8,6,6,16,14,13,7,7,7,6,5,5,5,6,17,13,9,8,7,7,5,5,6,15,14,13,12,11,11,10,10,9,7,6,6,4,4,4,4,16,15,14,12,10,10,3,4,6,13,12,12,11,10,9,3,4,9,9,8,6,5,2,3,6,9,7,7,6,3,3,1,2,3,4,6,9,1,1,1,2,2,3,9,1,0,1,2,2,6,6,1,1,2,10,5,13,5,5,4,15,12,11,8,7,13,9,6,5,5
276,25,24,20,21,20,20,19,19,19,25,25,21,20,20,19,18,18,22,21,19,19,19,21,20,19,18,17,17,20,20,17,17,17,17,22,17,17,16,16,16,21,20,16,16,16,15,20,18,16,15,15,15,15,15,15,19,16,15,14,14,17,15,15,15,14,14,14,14,14,16,14,14,14,13,13,13,13,13,13,13,13,13,13,13,13,12,12,12,12,13,12,12,12,12,12,12,12,12,12,14,12,11,11,11,11,12,12,12,11,11,11,10,10,10,20,19,18,11,10,10,10,10,19,18,18,10,10,9,9,9,9,9,9,9,9,9,19,17,9,8,8,8,8,8,8,9,9,19,19,18,12,9,9,8,8,8,9,18,15,15,14,8,7,7,7,7,7,15,10,7,7,7,7,7,7,18,17,16,15,10,10,9,9,7,7,6,6,6,6,18,9,6,6,17,15,14,8,8,7,7,5,5,5,5,18,14,10,9,8,8,5,4,5,16,15,14,13,12,12,11,11,10,8,7,7,4,4,4,4,17,16,15,13,11,11,3,3,5,15,13,13,12,11,10,2,4,11,10,9,7,6,2,2,5,10,8,8,7,5,4,1,1,2,3,5,10,2,1,1,1,1,2,10,2,1,0,1,1,7,7,1,1,2,11,6,14,6,6,5,16,13,12,9,8,14,10,7,6,6
277,25,25,20,21,20,20,19,19,19,26,25,22,20,20,19,19,18,23,21,20,19,19,21,20,19,18,18,17,20,20,18,17,17,17,22,17,17,16,16,16,21,20,16,16,16,15,21,18,16,15,15,15,15,15,15,20,17,15,14,14,17,15,15,15,14,14,14,14,14,17,15,14,14,13,13,13,13,13,14,13,13,13,13,13,13,13,12,12,12,13,12,12,12,12,12,12,12,12,12,14,12,11,11,11,11,13,12,12,11,11,11,11,10,10,20,19,19,11,11,10,10,10,19,19,18,10,10,10,9,9,9,9,9,9,9,9,20,17,9,8,8,8,8,8,8,8,9,20,19,19,12,9,9,8,8,8,9,19,15,15,15,9,7,7,7,7,7,15,10,7,7,7,7,7,7,18,17,17,15,11,10,9,9,8,7,7,6,6,6,18,9,6,6,17,16,14,9,8,8,7,5,5,5,5,18,14,10,10,9,8,5,4,5,17,15,15,14,13,12,12,11,10,8,8,7,5,4,4,4,18,17,16,14,12,11,3,3,5,15,14,13,13,11,11,2,3,11,11,10,8,7,2,2,4,11,9,8,8,5,5,2,1,2,2,5,10,3,1,1,1,1,2,10,3,2,1,0,1,8,7,1,1,1,12,7,14,7,6,6,17,13,12,9,8,14,11,8,7,6
278,25,25,21,22,21,20,19,19,19,26,26,22,20,20,19,19,18,23,21,20,20,19,21,21,19,18,18,17,20,20,18,18,17,17,23,18,17,16,16,16,22,20,16,16,16,15,21,18,17,16,15,15,15,15,15,20,17,15,15,14,17,15,15,15,15,14,14,14,14,17,15,14,14,13,13,13,13,13,14,14,13,13,13,14,13,13,13,12,12,13,13,12,12,12,12,12,12,12,12,14,12,11,11,11,11,13,12,12,11,11,11,11,11,10,21,20,19,11,11,10,10,10,20,19,19,10,10,10,9,9,9,9,9,9,9,9,20,17,9,9,8,8,8,8,8,8,9,20,20,19,13,10,9,8,8,8,9,20,16,15,15,9,7,7,7,7,7,16,11,7,7,7,7,7,7,19,18,17,16,11,11,10,9,8,7,7,7,6,6,19,9,6,6,18,16,15,9,9,8,7,5,5,5,5,19,15,11,10,9,9,6,4,5,17,16,15,14,13,13,12,12,11,9,8,8,5,4,4,4,18,17,16,14,13,12,3,3,4,16,15,14,13,12,11,2,3,12,11,11,8,7,3,2,4,11,9,9,8,6,5,2,1,1,2,4,11,3,2,1,1,1,1,11,3,2,1,1,0,8,8,2,1,1,12,7,15,7,7,6,17,14,13,10,9,15,11,8,7,7
279,21,21,20,19,19,19,19,20,20,21,21,19,19,19,19,19,20,19,19,18,18,18,18,18,18,18,18,19,17,17,17,17,17,20,18,17,17,17,18,19,17,17,16,16,17,18,17,16,15,16,16,16,17,17,17,16,15,15,16,16,14,14,14,14,15,15,16,16,16,14,14,14,14,15,15,15,15,17,13,14,14,15,16,13,13,13,14,14,16,12,13,13,13,13,14,14,14,14,16,12,12,13,13,13,15,11,11,11,12,12,13,13,13,13,14,14,13,11,11,12,12,12,14,13,13,11,11,11,12,13,13,11,11,11,12,12,14,11,10,11,11,11,12,12,12,13,14,13,13,12,8,9,9,11,11,11,15,13,10,9,9,8,10,11,11,12,12,9,7,9,9,10,11,11,11,11,11,10,9,7,7,7,7,7,8,8,9,10,11,12,6,9,10,10,9,8,6,6,6,6,9,9,10,11,11,8,5,5,5,5,7,9,11,10,8,8,7,6,6,6,5,5,4,5,5,7,7,8,9,11,10,9,7,5,5,8,9,12,8,7,6,6,4,4,9,10,4,4,3,2,2,6,9,12,3,2,2,2,3,4,7,8,9,10,12,3,5,7,7,8,8,9,3,5,6,7,8,8,0,1,7,7,8,4,2,7,2,2,3,9,6,5,2,2,7,4,3,3,4
280,22,21,20,20,19,19,19,20,20,22,21,19,19,19,19,19,20,20,19,18,18,18,18,18,18,18,18,18,18,17,17,17,17,19,18,16,17,17,18,19,18,17,16,16,17,17,17,16,15,16,16,16,17,17,17,16,15,15,16,16,15,14,14,14,15,15,15,16,16,14,14,14,14,15,15,15,15,16,13,13,14,14,16,13,13,13,13,14,16,12,12,13,13,13,13,14,14,14,15,12,12,13,13,13,15,11,11,11,11,12,12,13,13,13,15,14,14,11,11,12,12,12,14,14,13,11,11,11,12,13,13,11,11,11,11,12,14,12,10,10,11,11,11,12,12,12,14,14,13,13,9,8,9,10,11,11,14,13,10,10,9,8,10,10,11,11,12,10,7,8,9,9,10,11,11,12,11,11,9,7,7,7,7,7,8,8,8,10,10,12,6,9,9,11,9,8,6,6,6,6,8,9,9,10,12,8,5,5,5,5,7,9,10,10,9,8,7,7,6,6,6,5,4,4,5,6,7,8,8,11,10,9,7,6,5,8,9,11,8,7,7,6,5,4,8,10,4,4,4,2,2,6,8,11,4,2,2,2,3,3,6,7,8,9,12,3,5,6,7,7,8,9,3,4,6,7,7,8,1,0,6,7,8,5,1,7,2,2,2,10,6,5,3,2,7,4,3,3,3
281,25,24,21,21,21,20,20,19,19,25,25,21,20,20,19,19,19,22,21,20,20,19,21,20,19,18,18,18,20,20,18,18,17,17,22,18,17,17,17,17,21,20,16,16,16,16,20,18,17,16,16,15,15,15,15,20,16,15,15,15,17,15,15,15,15,14,14,14,14,17,15,14,14,14,14,14,14,14,14,14,13,13,13,13,13,13,13,13,13,13,13,12,12,12,12,12,12,12,13,14,12,12,12,12,12,13,12,12,11,11,11,11,11,11,20,19,18,11,11,11,10,10,19,18,18,10,10,10,10,10,10,9,9,9,9,9,19,16,9,9,9,9,9,9,9,9,10,19,18,18,12,9,9,8,8,8,10,18,15,14,14,9,8,8,8,8,8,15,10,7,7,7,7,7,7,17,16,16,14,10,10,9,9,8,7,7,7,7,7,18,9,6,6,16,15,13,8,8,7,7,6,6,6,6,17,14,10,9,8,8,5,5,6,16,14,14,13,12,11,11,10,9,7,7,7,5,4,4,5,17,16,15,13,11,11,4,4,6,14,13,13,12,10,10,3,4,10,10,9,7,6,2,3,5,9,8,7,7,4,4,2,2,3,4,6,9,2,1,1,2,2,3,9,2,1,1,1,2,7,6,0,1,2,11,6,13,6,5,5,16,12,11,8,7,13,10,7,6,5
282,25,25,21,22,21,20,20,19,19,26,25,22,20,20,19,19,19,23,21,20,20,19,21,20,19,18,18,18,20,20,18,18,18,17,22,18,17,17,16,17,21,20,17,16,16,16,21,18,17,16,16,15,15,15,15,20,17,15,15,15,17,16,15,15,15,14,14,14,14,17,15,14,14,14,14,14,14,14,14,14,13,13,13,14,13,13,13,13,13,13,13,13,12,12,12,12,12,12,12,14,12,12,12,12,12,13,12,12,11,11,11,11,11,11,20,19,19,11,11,11,11,10,19,19,18,10,10,10,10,10,10,9,9,9,9,9,20,17,9,9,9,9,9,9,9,9,10,19,19,18,12,10,9,8,8,8,10,19,15,15,14,9,8,8,8,8,8,15,10,7,7,7,7,7,7,18,17,16,15,11,10,9,9,8,7,7,7,7,7,18,9,6,6,17,15,14,9,8,8,7,6,6,6,6,18,14,10,10,9,8,5,5,5,17,15,14,13,12,12,11,11,10,8,7,7,5,5,4,4,17,16,15,13,12,11,4,4,5,15,14,13,13,11,10,3,4,11,10,10,7,6,2,2,5,10,8,8,7,5,4,2,2,2,3,5,10,2,1,1,1,2,2,10,2,1,1,1,1,7,7,1,0,1,11,6,14,6,6,5,16,13,12,9,7,13,10,7,6,6
283,26,26,22,23,22,21,21,20,20,27,26,23,21,21,20,20,19,24,22,21,21,20,22,22,20,19,19,18,21,21,19,19,18,18,23,19,18,17,17,17,23,21,17,17,17,17,22,19,18,17,16,16,16,16,16,21,18,16,16,15,18,16,16,16,16,15,15,15,15,18,16,15,15,15,14,14,14,14,15,15,14,14,14,15,14,14,14,13,13,14,14,13,13,13,13,13,13,13,13,15,13,12,12,12,12,14,13,13,12,12,12,12,12,12,21,20,20,12,12,11,11,11,20,20,20,11,11,11,11,10,10,10,10,10,10,10,21,18,10,10,9,9,9,9,9,9,10,21,20,20,13,11,10,9,9,9,10,20,17,16,16,10,8,8,8,8,8,16,11,8,8,8,8,8,8,19,18,17,16,12,11,11,10,9,8,8,8,7,7,19,10,7,7,18,17,15,10,9,9,8,6,6,6,6,19,15,11,11,10,9,6,6,6,18,16,16,15,14,13,13,12,11,9,9,8,6,5,5,5,19,18,17,14,13,12,5,4,5,16,15,14,14,12,11,3,4,12,11,11,9,8,4,3,4,11,10,9,9,6,5,3,2,2,3,4,11,4,2,2,2,2,2,11,3,2,2,1,1,8,8,2,1,0,12,7,15,7,7,6,17,14,13,9,8,14,11,8,7,6
284,21,21,21,20,21,21,21,22,23,21,21,20,20,20,21,21,23,19,19,19,20,20,19,19,19,20,20,21,18,18,19,19,19,23,18,18,18,20,21,22,17,17,18,19,19,21,17,17,17,18,18,19,20,20,20,16,16,18,18,19,15,16,16,17,17,18,18,19,19,15,16,16,16,18,18,18,18,20,16,16,17,17,19,15,15,16,16,17,19,14,15,15,16,16,16,17,17,18,19,13,14,16,16,16,19,13,13,14,14,15,16,16,16,17,13,13,12,13,14,15,15,16,12,12,12,14,14,14,16,16,17,14,14,15,15,16,12,10,13,14,14,15,15,16,16,16,18,11,11,11,10,11,12,14,14,15,18,11,9,9,9,11,14,14,15,15,16,9,9,12,13,13,14,15,15,9,9,9,8,8,8,9,9,10,11,12,12,14,14,9,8,13,14,8,7,7,8,8,9,9,12,13,14,15,9,6,6,7,7,7,11,13,15,7,6,6,6,6,6,6,6,6,7,7,8,10,11,12,13,8,7,6,5,5,5,12,13,16,6,5,5,5,4,4,13,14,3,3,4,5,6,10,13,16,3,4,4,5,7,8,11,12,13,14,16,2,9,11,11,12,12,13,2,9,10,11,12,12,4,5,11,11,12,0,5,3,5,6,6,5,2,1,3,4,3,2,5,6,6
285,23,23,21,21,20,20,20,21,21,23,23,20,20,20,20,20,21,21,20,19,19,19,19,19,19,19,19,19,19,19,18,18,18,20,20,18,18,18,19,19,19,18,17,17,17,18,18,17,17,17,17,17,17,18,18,17,16,16,17,17,16,15,15,15,16,16,16,16,17,15,15,15,15,15,16,16,16,17,14,14,15,15,16,14,14,14,14,15,16,13,13,13,14,14,14,14,15,15,16,13,13,13,14,14,15,12,12,12,12,13,13,13,14,14,16,15,15,12,12,12,13,13,15,15,14,11,12,12,13,13,13,11,12,12,12,12,15,13,11,11,11,12,12,12,13,13,14,15,14,14,10,9,10,11,11,11,14,14,11,11,11,9,10,11,11,12,12,11,8,9,10,10,11,11,11,13,12,12,11,8,8,8,8,8,8,9,9,10,11,13,7,9,10,12,11,9,7,7,7,7,9,9,10,11,13,9,7,6,6,6,7,9,10,11,10,9,9,8,7,7,7,6,6,6,6,7,7,8,9,12,11,10,8,7,7,8,9,11,9,8,8,7,6,5,8,10,5,5,5,3,3,6,8,11,5,4,3,3,3,4,6,7,8,9,11,4,4,6,6,7,7,9,4,4,5,6,7,7,2,1,6,6,7,5,0,8,1,1,1,10,7,6,2,2,7,4,2,2,2
286,22,21,23,21,22,22,23,24,24,21,21,21,21,21,22,23,25,20,20,21,21,21,19,20,20,21,22,23,19,19,20,21,21,25,18,20,20,22,23,24,18,18,20,20,21,23,17,18,18,20,20,21,22,22,22,17,18,20,20,21,17,18,18,18,19,20,20,21,21,16,17,18,18,20,20,20,21,22,18,18,19,20,21,17,17,18,18,19,22,16,17,17,18,18,19,19,19,20,21,14,16,18,18,19,21,15,15,15,16,17,18,18,19,19,13,12,12,15,16,17,18,18,12,12,12,16,16,17,18,19,19,16,17,17,18,18,11,10,16,16,17,17,18,18,19,19,20,11,10,10,11,13,14,16,17,17,21,10,9,9,9,13,16,17,17,18,18,9,11,15,15,16,17,17,18,9,8,8,8,10,10,11,11,12,14,14,15,17,17,8,11,15,16,7,7,7,10,11,11,12,15,15,16,17,7,7,8,9,9,10,13,16,17,6,6,6,6,6,7,7,7,8,9,10,10,13,14,15,16,6,6,6,6,6,6,15,16,18,5,5,5,5,6,6,15,17,5,5,6,8,9,13,15,19,5,6,7,7,10,10,14,15,16,17,19,5,12,13,14,15,15,16,4,12,13,14,14,15,7,7,13,14,15,3,8,0,8,8,9,2,1,2,6,7,1,4,7,8,9
287,23,23,21,21,21,21,21,21,21,23,23,21,20,20,20,21,21,21,20,20,20,20,20,20,19,19,19,20,19,19,19,19,19,21,20,18,18,19,19,20,19,19,18,18,18,19,19,17,17,17,17,18,18,18,18,18,17,17,17,18,16,16,16,16,16,16,17,17,17,16,15,15,16,16,16,16,17,17,15,15,15,16,17,14,14,15,15,15,17,14,14,14,14,14,15,15,15,15,16,13,13,14,14,14,16,13,13,13,13,13,14,14,14,14,16,16,15,12,12,13,13,13,16,15,15,12,12,12,13,14,14,12,12,12,13,13,16,13,11,12,12,12,12,13,13,13,14,15,15,14,10,10,10,11,12,12,15,14,12,11,11,9,11,11,11,12,12,11,9,10,10,10,11,11,12,13,12,12,11,9,8,8,8,8,9,9,9,11,11,13,8,9,10,12,11,10,7,7,7,7,9,9,10,11,13,10,7,7,7,7,8,9,11,12,10,10,9,8,8,7,7,7,6,6,6,7,8,9,9,12,11,10,9,7,7,8,9,11,10,9,8,8,6,6,8,10,6,5,5,4,4,6,8,11,5,4,4,3,4,4,6,7,8,9,11,5,5,6,7,7,8,9,4,4,5,6,7,7,2,2,6,6,7,5,1,8,0,1,1,10,7,6,2,1,7,4,1,1,2
288,24,23,21,21,21,21,21,21,21,24,23,21,21,20,20,20,21,21,21,20,20,20,20,20,19,19,19,20,19,19,19,19,19,20,20,18,18,18,19,20,20,19,18,18,18,19,19,17,17,17,17,17,18,18,18,18,17,17,17,17,16,16,16,16,16,16,17,17,17,16,15,15,15,16,16,16,16,17,15,15,15,15,16,14,14,15,15,15,17,14,14,14,14,14,14,15,15,15,16,13,13,14,14,14,16,13,13,13,13,13,13,14,14,14,17,16,16,12,12,13,13,13,16,16,15,12,12,12,13,13,14,12,12,12,12,13,16,14,11,11,12,12,12,12,13,13,14,16,15,15,10,10,10,11,11,12,14,15,12,12,11,9,11,11,11,12,12,12,9,9,10,10,11,11,11,14,13,12,11,9,9,8,8,8,9,9,9,10,11,14,8,9,10,13,11,10,7,7,7,7,9,9,10,11,13,10,7,7,7,7,7,9,10,12,11,10,9,9,8,8,7,7,6,6,6,7,7,8,9,13,12,11,9,8,7,8,9,11,10,9,9,8,7,6,8,9,6,6,5,4,4,6,8,11,5,4,4,4,3,4,6,7,8,9,11,5,4,6,6,7,7,8,5,4,5,6,6,7,2,2,5,6,7,6,1,8,1,0,1,10,7,6,3,2,8,5,2,1,1
289,24,24,21,21,21,21,21,21,21,24,24,21,21,20,20,20,21,22,21,20,20,20,20,20,20,19,19,20,20,19,19,19,19,20,21,18,18,18,19,20,20,19,18,18,18,18,19,18,17,17,17,17,18,18,18,18,17,17,17,17,17,16,16,16,16,16,16,17,17,16,15,15,15,16,16,16,16,17,15,15,15,15,16,14,14,14,15,15,16,14,14,14,14,14,14,14,15,15,16,14,13,14,14,14,15,13,13,13,13,13,13,13,14,14,17,16,16,12,12,13,13,13,16,16,16,12,12,12,13,13,13,11,12,12,12,12,16,14,11,11,11,12,12,12,12,13,14,16,16,15,11,10,10,11,11,11,14,15,12,12,12,9,10,11,11,11,12,12,9,9,10,10,10,11,11,14,13,13,12,9,9,8,8,8,9,9,9,10,10,14,8,9,9,13,12,11,7,7,7,7,8,9,9,10,14,11,8,7,7,7,7,9,10,13,11,11,10,9,9,8,8,7,6,6,6,7,7,8,8,13,12,11,9,8,8,7,8,10,11,10,9,9,7,7,7,9,7,6,6,4,4,5,7,10,6,5,4,4,3,3,5,6,7,8,10,6,4,5,6,6,7,8,5,4,4,5,6,6,3,2,5,5,6,6,1,9,1,1,0,11,8,7,3,2,8,5,2,1,1
290,22,22,24,22,23,23,24,25,26,21,21,21,22,23,24,24,27,20,21,22,22,23,20,21,21,23,23,25,20,20,22,22,22,27,19,21,21,23,25,26,18,19,22,22,23,25,18,19,20,21,22,23,23,24,24,17,19,22,22,23,18,19,20,20,20,21,22,23,23,17,19,20,20,21,22,22,23,24,19,20,21,21,23,18,19,20,20,21,24,18,19,19,19,20,21,21,21,22,24,16,18,20,20,21,23,16,17,17,18,19,20,20,21,21,13,13,13,17,18,19,20,20,12,12,12,18,18,19,20,21,21,18,19,19,20,20,11,11,18,18,19,19,20,20,21,21,23,11,11,10,13,15,16,19,19,20,23,10,10,10,11,15,18,19,19,20,21,10,13,17,18,18,19,19,20,9,9,9,9,12,12,13,13,15,16,16,17,19,19,8,12,17,18,8,8,8,12,13,13,14,17,18,19,20,7,8,10,11,11,12,15,18,20,7,7,7,7,8,8,9,9,10,11,12,12,15,16,17,18,6,6,6,7,8,8,17,18,21,6,6,6,7,7,8,18,19,7,7,8,10,11,15,18,21,7,9,9,10,12,13,16,17,18,19,21,7,14,16,16,17,17,18,7,14,15,16,17,17,9,10,16,16,17,5,10,2,10,10,11,0,3,4,8,9,3,6,9,10,11
291,22,22,23,22,22,22,23,24,24,21,21,21,21,22,22,23,25,20,20,21,21,21,20,20,20,21,22,23,19,19,21,21,21,25,19,20,20,21,23,24,18,18,20,20,21,22,18,18,19,20,20,21,21,22,22,17,18,20,20,21,17,18,18,18,19,20,20,20,21,16,17,18,18,19,20,20,20,22,17,18,19,19,21,17,17,18,18,19,21,16,17,17,17,18,18,19,19,19,21,14,16,18,18,18,21,15,15,15,16,17,18,18,18,19,13,13,13,15,16,17,17,18,13,13,12,16,16,16,18,18,19,16,16,17,17,18,12,11,15,16,16,17,17,18,18,18,20,12,11,11,11,13,14,16,16,17,20,11,10,10,10,13,16,16,16,17,18,9,11,14,15,15,16,17,17,10,9,9,9,10,10,11,11,12,13,14,14,16,16,9,10,15,16,8,8,8,10,10,11,11,14,15,16,17,8,7,8,8,9,9,13,15,16,7,7,7,7,7,7,7,7,8,9,9,10,12,13,14,15,7,7,6,6,6,6,14,15,18,6,6,6,6,5,6,15,16,5,5,5,7,8,12,14,18,5,6,6,7,9,10,13,14,15,16,18,4,11,13,13,14,14,15,4,11,12,13,13,14,6,6,12,13,14,2,7,1,7,7,8,3,0,1,4,6,1,3,6,7,8
292,22,22,23,22,22,22,23,23,24,22,22,21,21,21,22,22,24,20,20,21,21,21,20,20,20,21,21,22,19,19,20,20,21,24,19,19,20,21,22,23,18,18,20,20,20,22,18,18,18,19,20,20,21,21,21,17,17,19,20,21,17,17,18,18,18,19,20,20,20,16,17,17,18,19,19,19,20,21,17,17,18,19,20,16,16,17,18,18,21,16,16,17,17,17,18,18,18,19,20,14,15,17,17,18,20,14,15,15,16,16,17,17,18,18,14,13,13,15,15,16,16,17,13,13,13,15,15,16,17,18,18,15,16,16,16,17,13,11,14,15,16,16,16,17,17,18,19,12,12,12,11,12,13,15,16,16,20,11,10,10,10,12,15,15,16,16,17,9,10,13,14,14,15,16,16,10,10,9,9,9,10,10,10,11,12,13,13,15,15,10,10,14,15,9,8,8,9,9,10,11,13,14,15,16,9,7,8,8,8,9,12,14,15,8,7,7,7,7,7,7,7,7,8,9,9,11,12,13,14,8,7,7,6,6,6,13,14,17,6,6,6,6,5,5,14,15,5,5,5,6,7,11,13,17,4,5,5,6,8,9,12,13,14,15,17,4,10,11,12,13,13,14,3,10,11,12,12,13,5,5,11,12,13,1,6,2,6,6,7,4,1,0,3,4,2,2,5,6,7
293,23,23,22,22,21,22,22,22,23,23,23,21,21,21,21,21,23,21,21,20,20,20,20,20,20,20,20,21,19,19,19,20,20,22,20,19,19,20,20,21,19,19,19,19,19,20,18,18,18,18,18,19,19,19,20,18,17,18,18,19,17,17,17,17,17,18,18,18,19,16,16,16,17,17,17,18,18,19,16,16,17,17,18,15,15,16,16,16,18,15,15,15,15,16,16,16,17,17,18,14,14,15,15,16,18,13,13,14,14,15,15,15,16,16,15,15,15,13,14,14,15,15,15,14,14,13,14,14,15,15,16,13,14,14,14,15,14,13,13,13,13,14,14,14,15,15,16,14,14,13,10,11,11,13,13,14,17,13,11,11,11,11,13,13,13,14,14,11,9,11,12,12,13,13,14,12,11,11,10,9,9,9,9,10,10,11,11,12,13,12,8,11,12,11,10,9,8,8,8,9,11,11,12,13,11,9,7,7,7,7,9,11,13,10,9,9,8,7,7,7,7,7,7,7,7,9,10,11,11,11,10,9,7,7,6,10,11,14,8,7,7,7,5,5,11,12,5,5,5,5,5,8,10,13,4,4,4,4,5,6,9,10,11,12,14,4,7,8,9,9,10,11,3,7,8,9,9,10,2,3,8,9,9,3,2,6,2,3,3,8,4,3,0,1,5,2,2,3,3
294,23,23,22,22,21,21,22,22,22,23,23,21,21,21,21,21,22,21,21,20,20,20,20,20,20,20,20,21,20,20,19,19,19,22,20,19,19,19,20,21,20,19,18,19,19,20,19,18,18,18,18,18,19,19,19,18,17,18,18,18,17,17,17,17,17,17,18,18,18,16,16,16,16,17,17,17,17,18,16,16,16,17,18,15,15,15,16,16,18,14,15,15,15,15,16,16,16,16,17,14,14,15,15,15,17,13,13,13,14,14,15,15,15,15,16,15,15,13,13,14,14,14,15,15,15,13,13,13,14,15,15,13,13,13,14,14,15,13,12,13,13,13,13,14,14,14,16,15,14,14,11,11,11,12,13,13,16,14,12,11,11,10,12,12,13,13,14,11,9,11,11,11,12,12,13,13,12,12,11,9,9,9,9,9,10,10,10,12,12,13,8,11,11,12,11,9,8,8,8,8,10,11,11,12,12,9,7,7,7,7,9,11,12,11,10,9,9,8,8,7,7,7,7,7,7,8,9,10,10,12,11,10,8,7,7,9,10,13,9,8,8,7,6,6,10,11,5,5,5,4,5,7,9,12,5,4,4,4,5,5,8,9,10,11,13,4,6,7,8,8,9,10,4,6,7,8,8,9,2,2,7,7,8,4,2,7,1,2,2,9,6,4,1,0,6,3,1,2,2
295,23,23,24,22,23,23,24,25,25,22,22,22,22,22,23,24,25,21,21,21,22,22,20,21,21,22,22,24,20,20,21,21,22,25,19,20,21,22,23,25,19,19,21,21,22,23,18,19,19,20,21,22,22,22,23,18,18,20,21,22,17,18,19,19,19,20,21,21,22,17,18,19,19,20,20,21,21,23,18,18,20,20,22,17,18,19,19,20,22,17,18,18,18,18,19,20,20,20,22,15,17,18,19,19,21,15,16,16,17,18,18,19,19,19,14,13,13,16,16,18,18,18,13,13,13,16,17,17,18,19,20,17,17,18,18,18,12,12,16,17,17,18,18,18,19,19,21,12,12,11,12,14,14,17,17,18,21,11,10,10,11,14,16,17,17,18,19,10,12,15,16,16,17,17,18,10,10,9,9,11,11,11,12,13,14,14,15,17,17,10,11,15,16,9,8,8,11,11,11,12,15,16,17,17,9,8,9,9,10,10,13,16,17,8,7,7,7,7,7,8,8,8,10,10,11,13,14,15,15,8,7,7,7,7,7,15,16,18,6,6,6,6,6,6,15,17,6,6,6,8,9,13,15,18,5,7,7,7,10,10,13,14,15,17,19,5,12,13,14,14,15,16,5,11,13,14,14,15,7,7,13,13,14,3,7,1,7,8,8,3,1,2,5,6,0,3,7,8,8
296,23,23,23,22,22,22,23,23,24,23,23,21,22,22,22,22,24,21,21,21,21,21,20,20,20,21,21,22,20,20,20,20,21,23,20,20,20,21,22,23,19,19,19,20,20,21,19,18,18,19,20,20,20,21,21,18,18,19,19,20,17,17,18,18,18,19,19,19,20,16,17,17,18,18,19,19,19,20,17,17,18,18,20,16,16,17,17,18,20,15,16,16,16,17,17,18,18,18,20,14,15,17,17,17,19,14,14,15,15,16,16,17,17,17,15,15,14,14,15,16,16,16,14,14,14,15,15,15,16,17,17,15,15,15,16,16,14,12,14,15,15,15,16,16,16,17,18,13,13,13,11,12,13,14,15,15,18,13,11,11,11,12,14,14,15,16,16,10,10,13,13,14,14,15,15,11,11,11,10,9,10,10,10,11,12,12,12,14,14,11,9,13,14,10,9,9,9,9,9,10,12,13,14,15,11,8,8,8,8,8,11,13,14,9,8,8,8,7,7,7,7,7,8,8,8,11,11,12,13,10,9,8,7,7,7,12,13,15,7,7,7,6,6,6,12,14,5,5,5,6,6,10,12,15,4,5,5,5,7,7,10,11,12,13,15,4,9,10,11,11,12,13,3,8,9,10,11,11,4,4,10,10,11,2,4,4,4,5,5,6,3,2,2,3,3,0,3,4,5
297,24,24,23,22,22,22,22,22,23,24,24,22,22,21,22,22,23,22,21,21,21,21,21,21,20,20,21,21,20,20,20,20,20,22,21,19,19,20,20,21,20,19,19,19,19,20,20,18,18,18,19,19,19,19,20,19,18,18,18,19,17,17,17,17,17,18,18,18,18,17,17,17,17,17,17,18,18,19,16,16,17,17,18,15,16,16,16,16,18,15,15,15,15,15,16,16,16,16,18,14,14,15,15,16,17,14,14,14,14,14,15,15,15,15,17,16,16,13,14,14,14,15,16,16,15,13,13,14,14,15,15,13,13,14,14,14,16,14,12,13,13,13,14,14,14,15,16,16,15,15,11,11,11,13,13,13,16,15,12,12,12,11,12,12,13,13,14,12,10,11,11,12,12,13,13,14,13,12,11,9,9,9,9,10,10,10,11,12,12,14,9,11,11,12,11,10,8,8,8,9,10,11,11,12,13,10,8,8,8,8,9,11,12,12,11,10,9,9,8,8,8,7,7,7,7,8,9,10,10,12,11,11,9,8,8,9,10,12,10,9,9,8,7,6,9,11,6,6,6,5,5,7,9,12,5,5,5,4,5,5,7,8,9,10,12,5,6,7,8,8,9,10,5,6,6,7,8,8,3,3,7,7,8,5,2,7,1,2,2,9,6,5,2,1,7,3,0,1,2
298,25,24,23,22,22,22,22,22,22,25,24,22,22,22,21,22,22,22,22,21,21,21,21,21,21,20,20,21,21,20,20,20,20,21,21,19,19,20,20,21,21,20,19,19,19,20,20,19,18,18,18,19,19,19,19,19,18,18,18,18,17,17,17,17,17,17,18,18,18,17,16,17,17,17,17,17,17,18,16,16,16,17,17,15,15,16,16,16,17,15,15,15,15,15,15,16,16,16,17,15,14,15,15,15,17,14,14,14,14,14,14,15,15,15,18,17,16,13,13,14,14,14,17,16,16,13,13,13,14,14,15,13,13,13,13,14,17,15,12,12,13,13,13,13,14,14,15,16,16,16,11,11,11,12,12,13,15,16,13,13,12,11,12,12,12,13,13,13,10,10,11,11,12,12,12,14,14,13,12,10,10,9,9,9,10,10,10,11,11,15,9,10,11,13,12,11,8,8,8,8,10,10,11,11,14,11,8,8,8,8,8,10,11,13,11,11,10,9,9,9,8,8,7,7,7,8,8,9,9,13,12,11,10,9,8,9,9,11,11,10,9,9,7,7,9,10,7,7,6,5,5,7,8,11,6,5,5,5,5,5,7,7,8,9,11,6,5,6,7,7,8,9,5,5,5,6,7,7,3,3,6,6,7,6,2,8,1,1,1,10,7,6,3,2,8,4,1,0,1
299,25,25,23,23,22,22,22,22,22,25,25,22,22,22,21,22,22,23,22,21,21,21,21,21,21,20,20,21,21,21,20,20,20,21,22,19,19,19,20,21,21,20,19,19,19,19,20,19,18,18,18,18,19,19,19,19,18,18,18,18,18,17,17,17,17,17,17,18,18,17,17,17,17,17,17,17,17,18,16,16,16,16,17,15,15,16,16,16,17,15,15,15,15,15,15,15,16,16,17,15,14,15,15,15,16,14,14,14,14,14,14,14,15,15,18,17,17,13,13,14,14,14,17,17,16,13,13,13,14,14,14,13,13,13,13,13,17,15,12,12,12,13,13,13,13,14,15,17,16,16,12,11,11,12,12,12,15,16,13,13,13,10,11,12,12,12,13,13,10,10,11,11,11,12,12,15,14,14,12,10,10,9,9,9,10,10,10,11,11,15,9,10,10,14,12,11,8,8,8,8,9,10,10,11,14,11,9,8,8,8,8,9,11,13,12,11,11,10,9,9,9,8,7,7,7,8,8,9,9,14,13,12,10,9,9,8,9,11,11,10,10,9,8,7,8,9,7,7,7,5,5,6,8,11,7,5,5,5,4,5,6,7,8,9,11,6,5,6,6,7,7,8,6,4,5,6,6,7,4,3,5,6,6,6,2,9,2,1,1,11,8,7,3,2,8,5,2,1,0
