X,1,2,3,4,5,6,7,8,9,10,11,12,13,14,15,16,17,18,19,20,21,22,23,24,25,26,27,28,29,30,31,32,33,34,35,36,37,38,39,40,41,42,43,44,45,46,47,48,49,50,51,52,53,54,55,56,57,58,59,60,61,62,63,64,65,66,67,68,69,70,71,72,73,74,75,76,77,78,79,80,81,82,83,84,85,86,87,88,89,90,91,92,93,94,95,96,97,98,99,100,101,102,103,104,105,106,107,108,109,110,111,112,113,114,115,116,117,118,119,120,121,122,123,124,125,126,127,128,129,130,131,132,133,134,135,136,137,138,139,140,141,142,143,144,145,146,147,148,149,150,151,152,153,154,155,156,157,158,159,160,161,162,163,164,165,166,167,168,169,170,171,172,173,174,175,176,177,178,179,180,181,182,183,184,185,186,187,188,189,190,191,192,193,194,195,196,197,198,199,200,201,202,203,204,205,206,207,208,209,210,211,212,213,214,215,216,217,218,219,220,221,222,223,224,225,226,227,228,229,230,231,232,233,234,235,236,237,238,239,240,241,242,243,244,245,246,247,248,249,250,251,252,253,254,255,256,257,258,259,260,261,262,263,264,265,266,267,268,269,270,271,272,273,274,275,276,277,278,279,280,281,282,283,284,285,286,287,288,289,290,291,292,293,294,295,296,297,298,299
1,0,1,9,6,8,9,12,14,15,3,3,6,8,9,12,13,17,3,6,9,9,11,6,7,9,13,14,16,7,8,13,13,14,21,4,12,13,16,19,21,5,7,15,16,17,20,6,10,13,16,17,18,19,20,20,7,13,18,19,20,12,15,15,16,17,19,20,20,21,12,16,17,18,20,20,21,21,24,18,18,20,21,24,18,18,20,20,21,25,18,19,20,20,21,22,23,23,24,26,15,19,22,23,23,26,18,19,19,21,22,23,24,24,25,11,10,9,20,21,23,24,24,11,10,10,23,23,24,25,26,27,24,25,25,26,26,13,12,24,25,26,26,27,28,28,29,30,14,13,13,18,22,23,26,27,28,32,14,14,15,15,23,27,27,28,29,30,15,21,26,27,27,29,29,30,14,13,14,15,20,21,22,23,24,26,26,27,29,30,15,23,29,30,15,15,17,23,24,24,25,29,30,31,32,16,17,21,22,23,24,28,31,32,16,16,17,18,19,20,20,21,22,24,25,25,29,30,31,31,18,16,16,19,20,21,31,32,35,18,19,19,20,22,23,34,35,23,23,24,26,27,32,34,37,24,25,26,26,29,30,33,34,35,36,38,24,32,34,34,35,35,36,25,32,34,35,35,36,28,29,35,35,37,25,30,23,31,31,32,23,25,26,29,30,25,28,31,32,33
2,1,0,9,6,8,9,11,13,14,4,3,5,8,9,12,13,16,3,6,8,9,10,6,7,9,12,13,16,7,7,12,13,13,20,3,12,13,16,18,20,4,7,14,15,16,19,6,10,13,15,16,18,19,19,20,7,12,17,18,20,11,14,15,15,16,18,19,20,21,11,15,16,17,19,20,20,21,23,17,18,20,20,23,17,18,19,20,21,25,17,19,19,20,20,21,22,23,23,25,15,19,21,22,23,26,17,18,19,20,21,23,23,24,24,12,10,10,20,21,23,23,24,12,11,10,22,23,23,25,26,26,24,24,25,25,26,14,12,24,25,25,26,26,27,27,28,30,14,14,13,18,21,23,26,26,27,31,14,14,14,15,23,26,27,27,29,29,14,20,25,26,27,28,29,29,15,14,13,15,20,20,21,22,24,25,26,26,29,29,16,22,28,29,15,15,16,23,23,24,25,29,29,30,31,17,16,21,21,23,23,27,30,32,16,16,16,18,19,19,20,20,21,24,24,25,28,29,30,31,18,17,16,18,20,20,31,32,35,17,18,19,19,21,22,33,35,22,23,23,25,26,31,34,37,23,25,25,26,29,29,32,34,35,36,38,24,31,33,34,34,35,36,24,32,33,34,35,35,27,28,34,35,36,25,30,23,30,31,31,23,24,25,29,30,24,27,31,32,32
3,9,9,0,4,2,1,2,4,5,13,12,6,3,2,3,4,8,9,7,4,3,2,8,7,4,3,4,7,8,7,3,4,4,12,12,4,4,7,9,12,12,10,6,7,8,10,12,8,5,7,8,9,10,10,11,12,7,8,9,11,9,6,6,7,8,9,10,11,12,10,7,8,8,10,11,12,12,14,8,9,11,12,14,8,9,10,11,12,16,8,10,10,11,12,13,13,14,14,16,10,10,13,13,14,17,9,9,10,12,13,14,14,15,15,20,19,19,11,12,14,14,15,20,20,19,13,14,14,16,17,18,15,15,16,16,17,23,19,15,16,16,17,18,18,19,19,21,23,23,22,14,13,14,17,18,18,23,23,19,19,18,14,18,18,19,20,20,20,14,16,18,18,19,20,20,24,23,22,20,15,15,14,13,15,16,17,18,20,20,25,14,19,20,24,23,21,15,14,15,16,20,20,21,23,26,22,18,17,16,15,19,21,23,25,24,23,22,21,20,20,19,18,16,15,16,19,20,21,22,27,26,25,23,21,20,22,23,26,25,24,23,23,21,21,24,26,22,21,21,19,18,23,25,28,22,20,20,19,20,20,24,25,26,27,29,23,23,24,25,25,26,27,23,23,24,25,26,26,21,20,25,26,28,26,21,29,21,22,23,32,29,27,24,23,30,26,23,23,24
4,6,6,4,0,2,3,5,8,9,8,8,2,2,3,6,7,11,5,2,3,3,5,3,2,3,7,8,10,3,3,7,7,8,15,8,6,7,10,13,15,8,6,9,10,11,14,8,4,7,10,11,12,13,14,14,8,7,12,13,14,5,9,9,10,11,13,14,14,15,6,10,11,12,14,14,15,15,18,12,12,14,15,18,12,12,14,14,15,19,12,13,14,14,15,16,16,17,18,20,9,13,16,16,17,20,12,13,13,15,16,17,18,18,19,16,15,14,14,15,17,18,18,16,15,15,16,17,18,19,20,21,18,19,19,20,20,18,15,18,19,20,20,21,21,22,23,24,19,18,18,12,16,17,20,21,21,26,19,15,14,14,17,21,21,22,23,24,15,15,20,21,21,23,23,24,19,18,18,16,14,15,16,16,18,20,20,21,23,24,20,16,23,24,20,18,16,17,18,18,19,23,24,25,26,21,18,15,16,17,18,22,25,26,21,19,19,18,16,16,15,15,16,18,19,19,23,24,25,25,23,21,20,18,16,16,25,26,29,20,19,19,18,17,16,27,29,18,17,18,20,21,26,28,31,18,19,20,20,23,24,27,28,29,30,32,18,26,27,28,29,29,30,19,26,27,29,29,30,22,23,29,29,31,21,24,25,25,25,26,27,24,23,23,24,25,22,25,26,27
5,8,8,2,2,0,1,3,6,7,10,10,4,1,1,4,5,9,7,4,2,1,3,6,4,2,4,6,8,5,5,4,5,5,13,10,4,5,8,10,13,10,8,7,8,9,12,10,6,5,8,9,10,11,12,12,10,4,9,10,12,7,7,7,8,9,10,12,12,13,8,8,9,9,12,12,13,13,15,9,10,12,13,15,9,10,12,12,13,17,9,11,12,12,13,14,14,15,15,18,8,11,14,14,15,18,9,10,11,13,14,15,15,16,16,18,17,16,12,13,15,15,16,18,18,17,14,15,15,17,18,19,16,16,17,18,18,20,17,16,17,18,18,19,19,20,20,22,21,20,20,12,14,15,18,19,19,24,21,17,16,16,15,19,19,20,21,21,18,13,18,19,19,20,21,21,21,20,20,18,13,13,14,14,16,18,18,19,21,21,23,14,20,21,22,20,19,15,15,16,17,21,21,23,24,24,20,15,15,15,15,20,23,24,23,21,21,20,19,18,18,17,16,16,16,17,20,21,23,23,25,24,23,20,19,18,23,24,27,23,21,21,20,19,19,25,27,20,19,19,18,19,24,26,29,20,18,18,18,21,21,25,26,27,28,30,20,24,25,26,26,27,28,21,24,25,26,27,27,20,20,26,27,29,24,22,27,23,23,24,30,26,25,22,22,27,24,23,24,25
6,9,9,1,3,1,0,2,4,5,12,11,5,2,1,3,4,8,8,6,3,2,2,7,6,3,3,4,7,7,6,3,4,4,12,11,3,4,7,9,12,11,9,6,7,8,10,11,7,4,7,8,9,10,10,11,11,5,8,9,11,8,6,6,7,8,9,10,11,12,9,7,8,8,10,11,12,12,14,8,9,11,12,14,8,9,10,11,12,16,8,10,10,11,12,13,13,14,14,16,9,10,13,13,14,17,8,9,10,12,13,14,14,15,15,19,18,18,11,12,14,14,15,19,19,18,13,14,14,16,17,18,15,15,16,16,17,21,18,15,16,16,17,18,18,19,19,21,22,21,21,13,13,14,17,18,18,23,22,18,18,17,14,18,18,19,20,20,19,13,16,18,18,19,20,20,23,21,21,19,14,14,13,13,15,16,17,18,20,20,24,13,19,20,23,21,20,14,14,15,16,20,20,21,23,25,21,16,16,15,14,19,21,23,24,23,22,21,20,19,19,18,17,15,15,16,19,20,21,22,26,25,24,21,20,19,22,23,26,24,23,22,21,20,20,24,26,21,20,20,18,18,23,25,28,21,19,19,18,20,20,24,25,26,27,29,21,23,24,25,25,26,27,22,23,24,25,26,26,20,19,25,26,28,25,21,28,21,22,23,31,27,26,23,22,29,25,22,23,24
7,12,11,2,5,3,2,0,2,3,14,13,7,4,3,1,2,6,10,8,5,4,3,9,8,6,2,2,5,9,8,3,3,2,9,13,5,4,5,7,9,13,11,3,4,6,8,13,9,6,4,6,7,8,8,9,13,8,6,7,9,10,7,6,5,6,7,8,9,10,11,7,6,6,8,9,9,10,12,6,7,9,9,12,7,7,8,9,10,14,8,8,8,9,9,10,11,12,12,14,12,8,10,11,12,15,10,9,9,9,10,12,12,13,13,21,20,20,9,10,12,12,13,21,21,20,11,12,12,14,15,15,13,13,14,14,15,24,20,13,14,14,15,15,16,16,17,19,24,24,23,15,12,12,15,15,16,20,24,20,20,19,12,15,16,16,18,18,21,15,14,15,16,17,18,18,25,24,23,21,16,16,15,14,13,14,15,15,18,18,26,15,17,18,25,24,22,16,15,15,14,18,18,19,20,27,23,19,18,17,16,16,19,21,26,25,24,23,22,21,21,20,19,17,16,16,17,18,19,20,28,27,26,24,22,21,20,21,24,26,25,24,24,23,22,22,24,23,23,22,20,19,20,23,26,23,21,21,20,18,18,21,23,24,25,27,24,20,22,23,23,24,25,24,21,22,23,24,24,22,21,23,24,25,27,22,30,23,22,21,33,30,29,25,24,31,27,24,23,23
8,14,13,4,8,6,4,2,0,1,16,15,9,7,6,3,2,3,13,10,7,7,5,11,10,8,4,3,3,11,10,6,5,4,7,15,7,6,3,5,7,15,13,6,4,3,6,15,11,8,6,4,4,6,6,7,15,10,5,5,7,12,9,8,8,7,5,6,7,8,13,9,8,7,6,7,7,8,10,8,8,7,7,10,9,9,7,7,8,12,10,9,8,8,7,8,9,9,10,12,14,10,8,9,9,13,13,12,11,9,8,9,10,10,11,24,23,22,11,10,9,10,10,24,23,23,10,9,10,12,13,13,10,11,12,12,13,26,23,10,12,12,13,13,14,14,15,16,26,26,25,18,14,13,13,13,14,18,26,23,22,21,14,13,14,14,15,16,23,17,12,13,14,15,15,16,27,26,25,24,19,18,17,16,15,13,13,13,15,16,28,18,15,16,27,26,24,18,18,17,16,15,16,17,18,29,25,21,20,19,19,14,17,19,29,27,26,25,24,24,23,23,21,19,19,18,15,16,17,18,30,29,28,26,24,24,18,19,21,28,27,26,26,25,24,20,21,25,25,24,22,21,18,20,24,25,24,23,23,20,19,19,20,21,23,25,26,18,20,20,21,21,23,26,19,20,21,21,22,24,24,21,21,23,29,24,32,25,24,24,35,32,31,27,26,33,30,26,25,25
9,15,14,5,9,7,5,3,1,0,17,16,10,8,7,4,3,2,14,11,8,8,6,12,11,9,6,4,2,12,12,7,6,5,6,16,8,7,4,4,6,16,14,7,5,4,5,16,12,9,7,6,4,4,5,6,16,11,6,5,6,13,10,9,9,8,6,5,6,7,14,10,9,8,6,6,6,7,9,9,9,7,6,9,10,10,8,8,7,10,12,10,9,9,8,7,8,8,9,11,15,11,8,8,8,12,14,13,12,10,9,8,9,9,10,25,24,23,12,11,9,9,9,25,24,24,11,10,10,10,12,12,10,10,10,11,12,27,24,12,10,11,12,12,13,13,14,15,27,27,26,19,15,14,12,12,13,17,27,24,23,23,15,12,13,13,14,15,24,18,13,12,13,14,14,15,28,27,26,25,20,19,18,18,16,14,14,13,14,15,29,19,14,15,29,27,25,19,19,18,17,14,15,16,17,30,26,22,21,20,20,15,16,18,30,28,27,26,25,25,24,24,23,20,20,19,16,15,16,16,31,30,29,27,25,25,16,18,20,29,28,27,27,26,25,19,20,26,26,25,23,22,17,19,23,26,25,24,24,21,20,18,19,20,21,24,27,19,19,19,20,20,21,27,20,19,20,20,21,25,25,20,20,22,30,25,34,26,25,25,36,33,32,29,27,34,31,27,26,26
10,3,4,13,8,10,12,14,16,17,0,1,7,9,10,13,14,18,4,7,10,10,12,7,8,10,14,15,18,8,9,14,14,15,22,5,13,14,18,20,22,6,8,16,17,18,21,7,12,14,17,18,19,20,21,21,8,14,19,20,21,13,16,16,17,18,20,21,21,23,13,17,18,19,21,21,22,23,25,19,19,21,22,25,19,19,21,21,23,26,19,20,21,21,22,23,24,24,25,27,16,20,23,24,24,27,19,20,20,22,23,24,25,25,26,9,10,10,21,23,24,25,25,10,10,11,24,24,25,26,27,28,25,26,26,27,27,10,13,25,26,27,27,28,29,29,30,31,10,11,12,19,23,24,27,28,29,33,12,15,16,16,24,28,29,29,30,31,16,22,27,28,29,30,30,31,13,14,15,16,21,22,23,24,25,27,27,28,30,31,13,24,30,31,15,16,18,24,25,25,26,30,31,32,33,14,18,23,23,24,25,29,32,34,16,18,18,19,20,21,21,22,23,25,26,26,30,31,32,32,15,16,18,20,21,22,32,34,36,19,20,20,21,23,24,35,36,24,24,25,27,28,33,35,38,25,26,27,27,30,31,34,35,36,37,40,25,33,35,35,36,36,37,26,34,35,36,36,37,29,30,36,36,38,26,31,24,32,32,33,23,26,27,30,31,26,29,32,34,34
11,3,3,12,8,10,11,13,15,16,1,0,6,9,10,13,14,18,4,7,9,10,12,7,8,10,13,14,17,8,8,13,14,14,21,4,13,14,17,19,21,6,8,15,16,18,20,7,11,14,16,18,19,20,20,21,8,13,18,19,21,12,15,16,16,18,19,20,21,22,12,16,18,18,20,21,21,22,24,18,19,21,21,24,18,19,20,21,22,26,18,20,20,21,21,23,23,24,24,26,16,20,23,23,24,27,18,19,20,21,23,24,24,25,25,8,9,10,21,22,24,24,25,9,10,10,23,24,24,26,27,27,25,25,26,26,27,10,13,25,26,26,27,27,28,29,29,31,11,10,11,19,23,24,27,27,28,32,11,15,15,16,24,27,28,29,30,30,15,21,26,27,28,29,30,30,13,14,14,16,21,21,23,23,25,26,27,27,30,30,13,23,29,30,14,16,18,24,24,25,26,30,30,31,32,14,18,22,23,24,24,29,31,33,15,17,18,19,20,20,21,21,23,25,25,26,29,30,31,32,15,16,17,19,21,21,32,33,36,18,19,20,20,23,23,34,36,23,24,24,26,27,32,35,38,24,26,26,27,30,30,34,35,36,37,39,25,32,34,35,35,36,37,25,33,34,35,36,36,29,29,35,36,37,26,31,24,31,32,32,22,25,26,30,31,25,29,32,33,34
12,6,5,6,2,4,5,7,9,10,7,6,0,3,4,7,8,12,3,1,3,4,6,2,2,4,7,8,11,2,2,7,8,8,15,6,7,8,11,13,15,6,4,9,10,12,14,6,5,8,10,12,13,14,14,15,6,7,12,13,15,6,9,10,10,12,13,14,15,16,6,10,12,12,14,15,15,16,18,12,13,15,15,18,12,13,14,15,16,20,12,14,14,15,15,16,17,18,18,20,10,14,16,17,18,21,12,13,14,15,16,18,18,19,19,14,13,13,15,16,18,18,19,14,14,13,17,18,18,20,21,21,19,19,20,20,21,16,13,19,20,20,21,21,22,23,23,25,17,16,16,13,16,18,21,21,22,26,17,13,13,12,18,21,22,23,24,24,14,15,20,21,22,23,24,24,18,16,16,14,15,15,16,17,19,20,21,21,24,24,19,17,23,24,18,16,15,18,18,19,20,24,24,25,26,20,16,16,16,18,18,23,25,27,19,18,17,16,15,14,15,15,16,19,19,20,23,24,25,26,21,20,19,16,15,15,26,27,30,19,18,17,16,16,17,28,30,17,18,18,20,21,26,29,32,18,20,20,21,24,24,27,29,30,31,33,19,26,28,29,29,30,31,19,27,28,29,30,30,23,23,29,30,31,20,25,23,25,26,26,26,23,21,24,25,24,23,26,27,27
13,8,8,3,2,1,2,4,7,8,9,9,3,0,1,4,5,9,6,3,1,1,3,4,3,1,4,6,8,4,4,4,5,5,13,9,4,5,8,10,13,9,7,7,8,9,12,9,4,5,8,9,10,11,12,12,9,4,9,10,12,6,7,7,8,9,10,12,12,13,7,8,9,9,12,12,13,13,15,9,10,12,13,15,9,10,12,12,13,17,9,11,12,12,13,14,14,15,15,18,7,11,14,14,15,18,9,10,11,13,14,15,15,16,16,17,16,15,12,13,15,15,16,17,16,16,14,15,15,17,18,19,16,16,17,18,18,19,16,16,17,18,18,19,19,20,20,22,20,19,19,11,14,15,18,19,19,24,20,16,15,15,15,19,19,20,21,21,16,13,18,19,19,20,21,21,20,19,19,17,12,13,14,14,16,18,18,19,21,21,21,14,20,21,21,19,18,15,15,16,17,21,21,23,24,23,19,14,14,15,15,20,23,24,22,20,20,19,18,17,16,16,15,16,16,17,20,21,23,23,24,23,21,19,18,17,23,24,27,21,20,20,19,18,18,25,27,19,18,18,18,19,24,26,29,19,17,18,18,21,21,25,26,27,28,30,19,24,25,26,26,27,28,20,24,25,26,27,27,20,20,26,27,29,23,22,26,23,23,24,29,25,24,21,22,26,23,23,24,25
14,9,9,2,3,1,1,3,6,7,10,10,4,1,0,3,4,8,7,4,2,1,2,6,4,2,3,4,7,5,5,3,4,4,12,10,3,4,7,9,12,10,8,5,7,8,10,10,6,4,7,8,9,10,10,11,10,4,8,9,11,7,5,6,7,8,9,10,11,12,8,7,8,8,10,11,12,12,14,8,9,11,12,14,8,9,10,11,12,16,8,10,10,11,12,13,13,14,14,16,8,10,13,13,14,17,8,9,10,12,13,14,14,15,15,18,17,16,11,12,14,14,15,18,18,17,13,14,14,16,17,18,15,15,16,16,17,20,17,15,16,16,17,18,18,19,19,21,21,20,20,12,13,14,17,18,18,23,21,17,16,16,14,18,18,19,20,20,18,12,16,18,18,19,20,20,21,20,20,18,13,13,13,13,15,16,17,18,20,20,23,13,19,20,22,20,19,14,14,15,16,20,20,21,23,24,20,15,15,14,14,19,21,23,23,21,21,20,19,18,18,17,16,15,15,16,19,20,21,22,25,24,23,20,19,18,22,23,26,23,21,21,20,19,19,24,26,20,19,19,16,18,23,25,28,20,18,18,17,20,20,24,25,26,27,29,20,23,24,25,25,26,27,21,23,24,25,26,26,19,19,25,26,27,24,21,27,21,22,23,30,26,25,22,21,27,24,22,23,24
15,12,12,3,6,4,3,1,3,4,13,13,7,4,3,0,1,5,10,7,4,4,2,8,7,5,2,2,4,8,8,3,2,2,9,13,4,3,4,7,9,13,10,3,4,5,8,13,8,6,4,5,6,7,8,8,13,7,5,7,8,9,6,5,5,5,7,8,8,9,10,6,5,6,8,8,9,9,12,5,6,8,9,12,7,6,8,8,9,13,8,7,8,8,9,10,10,11,12,14,11,7,10,10,11,14,10,9,8,9,10,11,12,12,13,21,20,19,8,9,11,12,12,21,20,20,10,11,12,13,14,15,12,13,13,14,14,23,20,12,13,14,14,15,15,16,16,18,24,23,23,15,11,11,14,15,15,20,24,20,19,19,11,15,15,16,17,18,20,14,14,15,15,16,17,18,24,23,23,21,16,15,14,14,12,14,14,15,17,18,25,15,16,18,25,23,21,15,15,14,13,17,18,19,20,26,23,18,18,16,16,16,19,20,26,24,24,23,21,21,20,20,19,16,16,15,16,18,19,19,27,26,25,23,21,21,19,20,23,25,24,24,23,22,21,21,23,23,22,21,19,18,20,22,25,23,21,20,20,17,18,21,22,23,24,26,23,20,21,22,23,23,24,24,20,21,23,23,24,21,21,23,23,25,26,21,30,22,21,21,32,29,28,25,24,30,27,24,23,22
16,13,13,4,7,5,4,2,2,3,14,14,8,5,4,1,0,4,11,8,6,5,3,9,8,6,3,2,3,9,9,4,3,3,8,14,6,4,3,5,8,14,12,4,3,4,7,14,9,7,4,4,5,6,7,7,14,8,4,5,7,10,7,7,6,5,5,7,7,8,12,7,6,6,7,7,8,8,10,7,6,7,8,10,8,7,7,7,8,12,9,7,7,7,8,9,9,10,10,13,12,8,9,9,10,13,11,10,9,8,9,10,10,11,12,22,21,20,9,8,10,10,11,22,21,21,9,10,10,12,13,14,11,12,12,13,13,24,21,11,12,13,13,14,14,15,15,17,25,24,24,16,12,11,13,14,14,19,25,21,20,20,12,14,14,15,16,16,21,15,13,14,14,15,16,16,25,24,24,22,17,16,15,15,13,13,13,14,16,16,26,16,15,16,26,24,23,16,16,15,14,16,16,18,19,27,24,19,19,18,17,15,18,19,27,25,25,24,23,22,21,21,20,18,17,16,15,16,18,18,29,27,26,24,23,22,18,19,22,26,25,25,24,23,23,20,22,24,23,23,20,19,19,21,24,24,22,21,21,18,18,20,21,22,23,25,24,19,20,21,21,22,23,25,19,20,21,22,23,23,22,21,22,24,27,23,31,23,23,22,34,30,29,26,25,31,28,25,24,23
17,17,16,8,11,9,8,6,3,2,18,18,12,9,8,5,4,0,15,12,9,9,7,13,12,10,7,6,3,13,13,8,7,7,4,18,9,8,5,3,4,18,15,8,7,6,3,18,13,10,8,7,6,4,4,3,18,12,7,6,4,14,11,10,10,9,7,6,6,4,15,11,10,9,7,7,6,6,7,10,10,8,7,7,12,11,9,9,8,8,13,11,10,10,9,8,8,7,7,9,16,12,9,9,8,9,15,14,13,12,10,9,9,8,8,26,25,24,13,12,10,10,9,26,25,25,12,12,11,9,9,10,12,11,10,10,9,28,25,13,12,11,10,10,10,11,12,13,29,28,27,20,16,15,12,11,10,15,29,25,24,24,16,12,12,11,12,13,25,19,14,13,13,12,12,13,29,28,27,26,21,20,19,19,17,15,15,14,12,13,30,20,14,13,30,28,26,20,20,19,18,14,14,14,15,31,27,23,23,21,21,16,14,15,31,29,29,27,26,26,25,25,24,21,21,20,17,16,15,14,32,31,30,28,26,26,15,15,18,30,29,29,28,27,26,16,18,27,27,26,24,23,18,17,20,27,26,25,25,22,21,18,17,18,19,21,28,20,19,18,18,18,19,29,21,20,19,18,19,26,26,20,19,20,31,26,35,27,26,26,37,34,33,30,29,35,32,29,27,27
18,3,3,9,5,7,8,10,13,14,4,4,3,6,7,10,11,15,0,3,6,6,8,3,4,6,9,10,13,4,4,9,10,10,18,3,9,10,13,15,18,3,4,12,13,14,16,3,7,10,13,14,15,16,16,17,4,9,14,15,17,8,12,12,13,14,15,16,17,18,8,13,14,14,16,17,18,18,20,14,15,17,18,20,14,15,16,17,18,22,14,16,16,17,18,19,19,20,20,23,12,16,19,19,20,23,14,15,16,18,19,20,20,21,21,11,10,9,17,18,20,20,21,11,10,10,19,20,20,22,23,24,21,21,22,23,23,13,10,21,22,23,23,24,24,25,25,27,14,13,13,15,19,20,23,24,24,29,14,11,12,12,20,24,24,25,26,26,12,18,23,24,24,25,26,26,14,13,13,12,17,18,19,19,21,23,23,24,26,26,15,19,25,26,15,13,14,20,20,21,22,26,26,27,29,16,14,18,19,20,20,25,27,29,16,14,14,15,16,16,17,18,19,21,21,22,25,26,27,28,18,16,15,15,17,18,28,29,32,15,15,16,16,19,19,30,32,19,20,20,23,24,29,31,34,20,22,23,23,26,26,30,31,32,33,35,21,29,30,31,31,32,33,21,29,30,31,32,32,25,25,31,32,34,22,27,20,27,28,29,23,21,23,26,27,21,25,28,29,30
19,6,6,7,2,4,6,8,10,11,7,7,1,3,4,7,8,12,3,0,3,3,5,1,1,3,7,8,10,1,2,7,7,8,15,5,6,7,10,13,15,5,3,9,10,11,14,5,4,7,10,11,12,13,14,14,5,7,12,13,14,5,9,9,10,11,13,14,14,15,5,10,11,12,14,14,15,15,18,12,12,14,15,18,12,12,14,14,15,19,12,13,14,14,15,16,16,17,18,20,9,13,16,16,17,20,12,13,13,15,16,17,18,18,19,14,13,12,14,15,17,18,18,14,13,13,16,17,18,19,20,21,18,19,19,20,20,16,13,18,19,20,20,21,21,22,23,24,16,16,15,12,16,17,20,21,21,26,16,13,12,12,17,21,21,22,23,24,13,15,20,21,21,23,23,24,17,16,15,14,14,15,16,16,18,20,20,21,23,24,18,16,23,24,18,16,14,17,18,18,19,23,24,25,26,19,15,15,16,17,18,22,25,26,19,17,16,15,14,14,14,15,16,18,19,19,23,24,25,25,20,19,18,16,14,15,25,26,29,18,17,16,16,16,16,27,29,16,17,18,20,21,26,28,31,18,19,20,20,23,24,27,28,29,30,32,18,26,27,28,29,29,30,19,26,27,29,29,30,22,23,29,29,31,19,24,23,25,25,26,25,22,21,23,24,23,22,25,26,27
20,9,8,4,3,2,3,5,7,8,10,9,3,1,2,4,6,9,6,3,0,1,2,4,3,1,4,5,8,4,3,4,4,5,12,8,3,4,8,10,12,8,6,6,7,8,11,8,4,4,7,8,9,10,11,12,8,4,9,10,12,5,6,7,7,8,10,11,12,13,6,7,8,9,11,12,12,13,15,9,9,12,12,15,9,9,11,12,13,16,9,10,11,12,12,13,14,14,15,17,7,10,13,14,14,18,9,10,10,12,13,14,15,15,16,16,15,15,12,13,14,15,15,16,16,15,14,14,15,16,18,18,15,16,16,17,18,19,15,15,16,17,18,18,19,19,20,21,19,19,18,10,13,14,18,18,19,23,19,15,15,14,14,18,19,19,20,21,16,12,17,18,19,20,20,21,20,19,18,16,12,12,13,14,15,17,18,18,20,21,21,14,20,21,20,19,17,14,15,15,16,20,21,22,23,22,18,14,13,14,15,19,22,24,21,20,19,18,17,16,16,15,14,15,16,16,20,21,22,23,23,22,21,19,17,16,23,24,26,21,20,19,19,18,17,25,26,18,18,17,17,18,23,25,29,18,16,17,18,20,21,24,25,26,27,30,19,23,25,25,26,26,27,19,24,25,26,26,27,19,20,26,26,28,22,21,25,22,23,23,28,25,24,20,21,26,23,23,24,24
21,9,9,3,3,1,2,4,7,8,10,10,4,1,1,4,5,9,6,3,1,0,2,4,3,1,3,4,7,4,4,3,4,4,12,9,3,4,7,9,12,9,7,5,7,8,10,9,4,4,7,8,9,10,10,11,9,3,8,9,11,5,5,6,7,8,9,10,11,12,7,7,8,8,10,11,12,12,14,8,9,11,12,14,8,9,10,11,12,16,8,10,10,11,12,13,13,14,14,16,7,10,13,13,14,17,8,9,10,12,13,14,14,15,15,17,16,15,11,12,14,14,15,17,16,16,13,14,14,16,17,18,15,15,16,16,17,19,16,15,16,16,17,18,18,19,19,21,20,19,19,11,13,14,17,18,18,23,20,16,15,15,14,18,18,19,20,20,16,12,16,18,18,19,20,20,20,19,19,17,12,12,13,13,15,16,17,18,20,20,21,13,19,20,21,19,18,14,14,15,16,20,20,21,23,23,19,14,14,14,14,19,21,23,22,20,20,19,18,17,16,16,15,15,15,16,19,20,21,22,24,23,21,19,18,17,22,23,26,21,20,20,19,18,18,24,26,19,18,18,16,18,23,25,28,19,17,16,17,20,20,24,25,26,27,29,19,23,24,25,25,26,27,20,23,24,25,26,26,19,19,25,26,27,23,21,26,21,22,23,29,25,24,21,21,26,23,22,23,24
22,11,10,2,5,3,2,3,5,6,12,12,6,3,2,2,3,7,8,5,2,2,0,6,5,3,2,3,5,6,5,2,2,3,10,10,2,2,5,8,10,10,8,4,5,6,9,10,6,3,5,6,7,8,9,9,10,5,7,8,9,7,4,4,5,6,8,9,9,10,8,5,6,7,9,9,10,10,13,7,7,9,10,13,7,7,9,9,10,14,7,8,9,9,10,11,12,12,13,15,9,8,11,12,12,15,8,8,8,10,11,12,13,13,14,19,18,17,9,10,12,13,13,19,18,18,12,12,13,14,15,16,13,14,14,15,15,21,18,13,14,15,15,16,16,17,18,19,21,21,20,13,11,12,15,16,16,21,21,18,17,16,12,16,16,17,18,19,18,12,15,16,16,18,18,19,22,21,20,19,14,13,12,12,13,15,15,16,18,19,23,13,18,19,23,21,19,13,13,13,14,18,19,20,21,24,20,16,15,14,14,17,20,21,24,22,21,20,19,19,18,18,16,14,14,14,18,19,20,20,25,24,23,21,19,19,20,21,24,23,22,21,21,20,19,23,24,20,20,19,17,16,21,23,26,20,19,18,18,18,19,22,23,24,25,27,21,21,23,23,24,24,25,21,21,23,24,24,25,19,19,24,24,26,24,19,27,20,20,21,30,27,26,23,21,28,25,21,21,22
23,6,6,8,3,6,7,9,11,12,7,7,2,4,6,8,9,13,3,1,4,4,6,0,1,3,7,8,10,1,2,7,7,8,15,4,6,7,10,13,15,4,2,9,10,11,14,4,4,7,10,11,12,13,14,14,4,7,12,13,14,5,9,9,10,11,13,14,14,15,5,10,11,12,14,14,15,15,18,12,12,14,15,18,12,12,14,14,15,19,12,13,14,14,15,16,16,17,18,20,9,13,16,16,17,20,12,13,13,15,16,17,18,18,19,13,12,11,14,15,17,18,18,13,12,12,16,17,18,19,20,21,18,19,19,20,20,15,12,18,19,20,20,21,21,22,23,24,15,15,14,12,16,17,20,21,21,26,15,12,11,10,17,21,21,22,23,24,12,15,20,21,21,23,23,24,16,15,14,13,14,15,16,16,18,20,20,21,23,24,17,16,23,24,16,15,13,17,18,18,19,23,24,25,26,18,14,15,16,17,18,22,25,26,18,16,15,14,13,14,14,15,16,18,19,19,23,24,25,25,19,18,17,15,14,15,25,26,29,17,16,15,15,16,16,27,29,16,17,18,20,21,26,28,31,18,19,20,20,23,24,27,28,29,30,32,18,26,27,28,29,29,30,19,26,27,29,29,30,22,23,29,29,31,19,24,21,25,25,26,24,21,20,23,24,22,22,25,26,27
24,7,7,7,2,4,6,8,10,11,8,8,2,3,4,7,8,12,4,1,3,3,5,1,0,2,5,7,9,1,1,5,6,7,14,5,5,6,9,12,14,5,3,8,9,10,13,5,3,6,9,10,11,12,13,13,5,5,10,12,13,4,8,8,9,10,12,13,13,14,4,9,10,10,13,13,14,14,16,10,11,13,14,16,10,11,13,13,14,18,10,12,13,13,14,15,15,16,16,19,8,12,15,15,16,19,10,12,12,14,15,16,16,17,18,14,13,12,13,14,16,16,17,14,13,13,15,16,16,18,19,20,17,18,18,19,19,16,13,17,18,19,19,20,20,21,21,23,16,16,15,11,15,16,19,20,20,25,16,13,12,12,16,20,20,21,22,23,13,14,19,20,20,21,22,23,17,16,15,14,13,14,15,15,17,19,19,20,22,23,18,15,21,23,18,16,14,16,16,17,18,22,23,24,25,19,15,14,15,16,16,21,24,25,19,17,16,15,14,14,13,14,15,17,18,18,21,23,24,24,20,19,18,16,14,14,24,25,28,18,17,16,16,15,15,26,28,15,16,16,19,20,25,27,30,16,18,19,19,22,23,26,27,28,29,31,17,25,26,27,27,28,29,18,25,26,27,28,29,21,21,27,28,30,19,23,23,24,24,25,25,22,21,22,23,23,21,24,25,26
25,9,9,4,3,2,3,6,8,9,10,10,4,1,2,5,6,10,6,3,1,1,3,3,2,0,3,4,7,3,3,3,4,4,12,8,3,4,7,9,12,8,5,5,7,8,10,8,3,4,7,8,9,10,10,11,8,3,8,9,11,4,5,6,7,8,9,10,11,12,5,7,8,8,10,11,12,12,14,8,9,11,12,14,8,9,10,11,12,16,8,10,10,11,12,13,13,14,14,16,6,10,13,13,14,17,8,9,10,12,13,14,14,15,15,16,15,14,11,12,14,14,15,16,15,15,13,14,14,16,17,18,15,15,16,16,17,18,15,15,16,16,17,18,18,19,19,21,19,18,18,10,13,14,17,18,18,23,19,15,14,14,14,18,18,19,20,20,15,12,16,18,18,19,20,20,19,18,18,16,11,12,13,13,15,16,17,18,20,20,20,13,19,20,20,18,16,14,14,15,16,20,20,21,23,21,18,13,13,14,14,19,21,23,21,19,19,18,16,16,15,15,14,15,15,16,19,20,21,22,23,21,20,18,16,16,22,23,26,20,19,19,18,17,16,24,26,18,17,16,16,18,23,25,28,18,16,16,17,20,20,24,25,26,27,29,18,23,24,25,25,26,27,19,23,24,25,26,26,19,19,25,26,27,21,21,25,21,22,23,27,24,23,20,21,25,22,22,23,24
26,13,12,3,7,4,3,2,4,6,14,13,7,4,3,2,3,7,9,7,4,3,2,7,5,3,0,1,4,7,6,1,1,1,8,11,3,2,4,6,8,11,9,2,3,4,7,11,7,4,3,4,5,7,7,8,11,5,5,6,8,8,4,4,3,4,6,7,8,9,9,4,4,5,7,8,8,9,11,5,5,8,8,11,5,5,7,8,9,13,6,7,7,8,8,9,10,10,11,13,9,7,9,10,10,14,8,7,7,8,9,10,11,12,12,19,18,18,8,9,10,11,12,19,19,18,10,10,11,13,14,14,12,12,13,13,14,21,18,12,13,13,14,14,15,15,16,18,22,21,21,13,9,10,14,14,15,19,22,18,18,17,10,14,15,15,16,17,19,13,13,14,15,16,16,17,23,21,21,19,14,14,13,12,12,13,14,14,16,17,24,13,16,17,23,21,20,14,13,13,13,16,17,18,19,25,21,16,16,15,14,15,18,20,24,23,22,21,20,19,19,18,17,15,14,14,16,17,18,19,26,25,24,21,20,19,19,20,23,24,23,22,21,20,20,21,23,21,20,20,18,16,19,21,25,21,19,19,18,16,17,20,21,23,24,26,21,19,21,21,22,23,24,22,20,21,22,23,23,20,19,22,23,24,25,20,28,20,20,19,31,27,26,23,22,29,25,22,21,20
27,14,13,4,8,6,4,2,3,4,15,14,8,6,4,2,2,6,10,8,5,4,3,8,7,4,1,0,3,8,7,2,2,1,7,12,4,3,3,5,7,12,10,2,2,3,6,12,8,5,2,3,4,5,6,7,12,7,4,5,7,9,5,5,4,3,5,6,7,8,10,5,4,4,6,7,7,8,10,5,4,7,7,10,6,5,6,7,8,12,7,5,6,7,7,8,9,9,10,12,10,7,8,9,9,13,9,8,8,7,8,9,10,10,11,20,19,19,8,8,9,10,10,20,20,19,9,9,10,12,13,13,10,11,12,12,13,23,19,10,12,12,13,13,14,14,15,16,23,23,22,14,10,9,13,13,14,18,23,19,19,18,10,13,14,14,15,16,20,14,12,13,14,15,15,16,24,23,22,20,15,15,14,13,12,12,13,13,15,16,25,14,15,16,24,23,21,15,14,14,13,15,16,17,18,26,22,18,17,16,15,14,17,19,25,24,23,22,21,20,20,19,18,16,15,15,15,16,17,18,27,26,25,23,21,20,18,19,21,25,24,23,23,21,21,20,21,22,21,21,19,18,18,20,24,22,20,20,19,16,16,19,20,21,23,25,23,18,20,20,21,21,23,23,19,20,21,21,22,21,20,21,21,23,26,21,29,21,21,20,32,29,27,24,23,30,26,23,22,21
28,16,16,7,10,8,7,5,3,2,18,17,11,8,7,4,3,3,13,10,8,7,5,10,9,7,4,3,0,10,10,5,4,4,4,15,7,5,2,2,4,15,13,5,4,3,3,15,10,8,5,4,3,3,3,4,15,9,4,3,4,12,8,8,7,6,4,3,4,5,13,8,7,7,4,4,4,5,7,8,7,5,4,7,9,8,7,6,5,9,10,8,8,7,7,5,6,7,7,9,13,9,7,6,7,10,12,11,10,9,8,7,7,8,8,23,22,21,10,9,8,7,8,23,23,22,9,9,8,9,10,10,9,8,9,9,10,25,22,10,9,9,10,10,11,12,12,14,26,25,25,17,13,12,10,10,11,15,26,22,21,21,13,10,11,12,13,13,23,16,12,10,11,12,13,13,26,25,25,23,18,18,16,16,14,13,12,12,13,13,27,17,12,13,27,25,24,18,17,16,15,13,13,14,15,29,25,20,20,19,18,14,14,16,28,26,26,25,24,23,23,22,21,19,18,18,14,13,14,15,30,29,27,25,24,23,15,16,19,27,26,26,25,24,24,17,19,25,24,24,21,20,15,18,21,25,23,23,22,19,19,16,18,19,20,22,25,18,17,18,18,19,20,26,18,17,18,19,19,24,23,18,19,20,29,24,32,24,24,23,35,31,30,27,26,32,29,26,25,24
29,7,7,8,3,5,7,9,11,12,8,8,2,4,5,8,9,13,4,1,4,4,6,1,1,3,7,8,10,0,1,5,6,7,14,4,5,6,9,12,14,4,2,8,9,10,13,4,3,6,9,10,11,12,13,13,4,5,10,12,13,4,8,8,9,10,12,13,13,14,4,9,10,10,13,13,14,14,16,10,11,13,14,16,10,11,13,13,14,18,10,12,13,13,14,15,15,16,16,19,8,12,15,15,16,19,10,12,12,14,15,16,16,17,18,13,12,11,13,14,16,16,17,13,12,12,15,16,16,18,19,20,17,18,18,19,19,15,12,17,18,19,19,20,20,21,21,23,15,15,14,11,15,16,19,20,20,25,15,12,11,10,16,20,20,21,22,23,12,14,19,20,20,21,22,23,16,15,14,13,13,14,15,15,17,19,19,20,22,23,17,15,21,23,16,15,13,16,16,17,18,22,23,24,25,18,14,14,15,16,16,21,24,25,18,16,15,14,13,13,13,14,15,17,18,18,21,23,24,24,19,18,17,15,13,14,24,25,28,17,16,15,15,15,15,26,28,15,16,16,19,20,25,27,30,16,18,19,19,22,23,26,27,28,29,31,17,25,26,27,28,28,29,18,25,26,27,28,29,21,21,27,28,30,18,23,21,24,24,25,24,21,20,22,23,22,21,24,25,26
30,8,7,7,3,5,6,8,10,12,9,8,2,4,5,8,9,13,4,2,3,4,5,2,1,3,6,7,10,1,0,5,5,6,13,5,4,5,9,11,13,5,3,7,8,9,12,5,3,6,8,9,10,12,12,13,5,5,10,11,13,4,7,8,8,9,11,12,13,14,4,8,9,10,12,13,13,14,16,10,10,13,13,16,10,10,12,13,14,18,10,12,12,13,13,14,15,15,16,18,8,12,14,15,15,19,10,11,12,13,14,15,16,16,17,13,12,12,13,14,15,16,16,13,13,12,15,15,16,18,19,19,16,17,18,18,19,15,12,16,18,18,19,19,20,20,21,23,16,15,15,10,14,15,19,19,20,24,16,12,12,11,15,19,20,20,21,22,13,13,18,19,20,21,21,22,16,15,15,13,13,13,14,15,16,18,19,19,21,22,18,15,21,22,17,15,14,15,16,16,18,21,22,23,24,19,15,14,14,15,16,20,23,25,18,16,16,15,14,13,13,13,14,16,17,18,21,22,23,24,20,19,18,15,14,13,24,25,27,18,16,16,15,14,15,26,27,15,15,16,18,19,24,26,30,16,18,18,19,21,22,25,26,27,29,31,16,24,26,26,27,28,29,17,25,26,27,27,28,20,21,27,27,29,19,23,22,23,24,24,25,21,20,21,23,23,20,24,25,25
31,13,12,3,7,4,3,3,6,7,14,13,7,4,3,3,4,8,9,7,4,3,2,7,5,3,1,2,5,5,5,0,1,1,8,10,2,1,4,6,8,10,8,2,3,4,7,10,6,3,3,4,6,7,7,8,10,4,5,6,8,7,3,3,3,4,6,7,8,9,8,3,4,5,7,8,8,9,11,5,6,8,8,11,5,5,7,8,9,13,5,7,7,8,8,9,10,10,11,13,8,7,9,10,10,14,7,6,7,8,9,10,11,12,12,18,17,16,8,9,10,11,12,18,18,17,10,10,11,13,14,14,12,12,13,13,14,20,17,12,13,13,14,14,15,15,16,18,21,20,20,12,9,10,14,14,15,19,21,17,16,16,10,14,15,15,16,17,18,12,13,14,15,16,16,17,21,20,20,18,13,13,12,11,12,13,14,14,16,17,23,12,16,17,22,20,19,13,12,12,13,16,17,18,19,24,20,15,15,14,13,15,18,20,23,21,21,20,19,18,18,17,16,14,13,13,16,17,18,19,25,24,23,20,19,18,19,20,23,23,21,21,20,19,19,21,23,20,19,19,16,15,19,21,25,20,18,18,17,16,17,20,21,23,24,26,20,19,21,21,22,23,24,21,20,21,22,23,23,19,18,22,23,24,24,19,27,19,19,19,30,26,25,22,21,27,24,21,20,20
32,13,13,4,7,5,4,3,5,6,14,14,8,5,4,2,3,7,10,7,4,4,2,7,6,4,1,2,4,6,5,1,0,1,8,10,2,1,3,6,8,10,8,2,3,4,7,10,6,3,3,4,5,6,7,7,10,5,4,5,7,7,4,3,3,4,6,7,7,8,8,4,4,4,7,7,8,8,10,4,5,7,8,10,4,5,7,7,8,12,6,6,7,7,8,9,9,10,10,13,9,6,9,9,10,13,8,7,6,8,9,10,10,11,12,19,18,17,7,8,10,10,11,19,18,18,9,10,10,12,13,14,11,12,12,13,13,21,18,11,12,13,13,14,14,15,15,17,21,21,20,13,9,10,13,14,14,19,21,18,17,16,10,14,14,15,16,16,18,12,13,14,14,15,16,16,22,21,20,19,14,13,12,12,11,13,13,14,16,16,23,13,15,16,23,21,19,13,13,12,12,16,16,18,19,24,20,16,15,14,14,15,18,19,24,22,21,20,19,19,18,18,16,14,14,13,15,16,18,18,25,24,23,21,19,19,18,19,22,23,22,21,21,20,19,20,22,20,20,19,17,16,19,21,24,20,19,18,18,16,16,20,21,22,23,25,21,19,20,21,21,22,23,21,19,20,21,22,23,19,19,21,22,24,24,19,27,20,19,19,30,27,26,23,21,28,25,21,20,20
33,14,13,4,8,5,4,2,4,5,15,14,8,5,4,2,3,7,10,8,5,4,3,8,7,4,1,1,4,7,6,1,1,0,7,11,3,2,3,5,7,11,9,1,2,3,6,11,7,4,2,3,4,6,6,7,11,5,4,5,7,8,4,4,3,3,5,6,7,8,9,4,3,4,6,7,7,8,10,4,4,7,7,10,5,4,6,7,8,12,6,6,6,7,7,8,9,9,10,12,9,5,8,9,9,13,8,7,7,7,8,9,10,10,11,19,18,18,7,8,9,10,10,19,19,18,9,9,10,12,13,13,10,11,12,12,13,21,18,10,12,12,13,13,14,14,15,16,22,21,21,13,9,9,13,13,14,18,22,18,18,17,9,13,14,14,15,16,19,13,12,13,14,15,15,16,23,21,21,19,14,14,13,12,10,12,13,13,15,16,24,13,15,16,23,21,20,14,13,13,12,15,16,17,18,25,21,16,16,15,14,14,17,19,24,23,22,21,20,19,19,18,17,15,14,14,15,16,17,18,26,25,24,21,20,19,18,19,21,24,23,22,21,20,20,20,21,21,20,20,18,16,18,20,24,21,19,19,18,15,16,19,20,21,23,25,21,18,20,20,21,21,23,22,19,20,21,21,22,20,19,21,21,23,25,20,28,20,20,19,31,27,26,23,22,29,25,22,21,20
34,21,20,12,15,13,12,9,7,6,22,21,15,13,12,9,8,4,18,15,12,12,10,15,14,12,8,7,4,14,13,8,8,7,0,18,10,9,6,3,1,18,16,8,7,6,3,18,14,11,8,7,6,5,4,4,18,13,8,7,5,15,12,11,10,9,8,7,6,5,16,12,10,10,8,7,7,6,4,11,10,8,8,5,12,12,10,9,8,4,13,12,11,10,10,9,8,8,7,5,16,13,10,9,9,5,15,14,14,12,11,10,9,9,8,26,25,25,14,13,11,10,10,26,26,25,13,12,12,10,9,8,12,12,11,10,10,29,25,13,12,12,11,10,10,9,9,9,29,29,28,20,16,15,12,12,11,11,29,25,25,24,16,13,12,12,10,10,26,20,15,14,13,12,12,11,30,29,28,26,21,21,20,19,18,16,15,15,13,12,31,20,14,13,30,29,27,21,20,20,19,15,14,13,12,32,28,24,23,22,21,17,14,13,31,30,29,28,27,26,26,25,24,22,21,21,18,16,15,15,33,32,31,29,27,26,16,15,14,31,30,29,29,27,27,16,14,28,27,27,25,24,19,16,16,28,26,26,25,23,22,19,18,16,15,18,29,21,19,19,18,18,16,29,21,20,19,19,18,27,26,20,20,19,32,27,35,27,27,26,38,35,34,30,29,36,32,29,28,27
35,4,3,12,8,10,11,13,15,16,5,4,6,9,10,13,14,18,3,5,8,9,10,4,5,8,11,12,15,4,5,10,10,11,18,0,8,9,13,15,17,1,3,11,12,13,16,2,7,9,12,13,14,15,16,16,3,9,14,15,16,8,11,12,12,13,15,16,16,18,8,12,13,14,16,16,17,18,20,14,14,16,17,20,14,14,16,16,18,21,14,15,16,16,17,18,19,19,20,22,12,15,18,19,19,23,14,15,15,17,18,19,20,20,21,8,7,7,16,18,19,20,20,8,8,7,19,19,20,21,23,23,20,21,21,22,23,10,8,20,21,22,23,23,24,24,25,26,11,10,10,14,18,19,23,23,24,28,11,10,11,12,19,23,24,24,25,26,11,17,22,23,24,25,25,26,12,10,10,12,16,17,18,19,20,22,23,23,25,26,13,19,25,26,12,12,13,19,20,20,21,25,26,27,28,14,13,18,18,19,20,24,27,29,13,13,13,14,15,16,16,17,18,20,21,21,25,26,27,27,15,14,13,15,16,17,27,29,31,14,15,15,16,18,19,30,31,19,19,20,22,23,28,30,34,20,21,22,23,25,26,29,30,31,32,35,20,28,30,30,31,31,32,21,29,30,31,31,32,24,25,31,31,33,21,26,19,27,27,28,20,21,22,25,26,21,24,27,29,29
36,12,12,4,6,4,3,5,7,8,13,13,7,4,3,4,6,9,9,6,3,3,2,6,5,3,3,4,7,5,4,2,2,3,10,8,0,1,4,7,9,8,6,3,4,5,8,8,4,1,4,5,6,7,8,8,8,3,5,7,8,5,3,3,4,5,7,8,8,9,6,4,5,6,8,8,9,9,12,5,6,8,9,12,5,6,8,8,9,13,5,7,8,8,9,10,10,11,12,14,7,7,10,10,11,14,5,7,7,9,10,11,12,12,13,16,15,15,8,9,11,12,12,16,16,15,10,11,12,13,14,15,12,13,13,14,14,19,15,12,13,14,14,15,15,16,16,18,19,19,18,10,10,11,14,15,15,20,19,15,15,14,11,15,15,16,17,18,16,10,14,15,15,16,17,18,20,19,18,16,12,11,10,10,12,14,14,15,17,18,21,10,16,18,20,19,17,11,12,12,13,17,18,19,20,22,18,14,13,12,12,16,19,20,21,20,19,18,17,16,16,15,14,12,13,13,16,18,19,19,23,22,21,19,17,16,19,20,23,21,20,19,19,18,17,21,23,18,18,17,15,15,20,22,25,18,16,16,15,17,18,21,22,23,24,26,19,20,21,22,23,23,24,19,20,21,23,23,24,17,16,23,23,25,22,18,25,19,19,20,28,25,24,20,19,26,23,19,20,21
37,13,13,4,7,5,4,4,6,7,14,14,8,5,4,3,4,8,10,7,4,4,2,7,6,4,2,3,5,6,5,1,1,2,9,9,1,0,3,6,8,9,7,2,3,4,7,9,5,2,3,4,5,6,7,7,9,4,4,5,7,6,3,2,3,4,6,7,7,8,7,3,4,4,7,7,8,8,10,4,5,7,8,10,4,5,7,7,8,12,4,6,7,7,8,9,9,10,10,13,8,6,9,9,10,13,7,5,6,8,9,10,10,11,12,18,16,16,7,8,10,10,11,18,17,16,9,10,10,12,13,14,11,12,12,13,13,20,16,11,12,13,13,14,14,15,15,17,20,20,19,12,9,10,13,14,14,19,20,16,16,15,10,14,14,15,16,16,17,11,13,14,14,15,16,16,21,20,19,18,13,12,11,10,11,13,13,14,16,16,22,12,15,16,21,20,18,12,12,11,12,16,16,18,19,23,19,15,14,13,13,15,18,19,23,21,20,19,18,18,17,16,15,13,13,12,15,16,18,18,24,23,22,20,18,18,18,19,22,22,21,20,20,19,18,20,22,19,19,18,16,15,19,21,24,19,18,17,16,16,16,20,21,22,23,25,20,19,20,21,21,22,23,20,19,20,21,22,23,18,18,21,22,24,23,18,26,19,18,19,29,26,25,21,20,27,24,20,19,20
38,16,16,7,10,8,7,5,3,4,18,17,11,8,7,4,3,5,13,10,8,7,5,10,9,7,4,3,2,9,9,4,3,3,6,13,4,3,0,2,4,13,10,3,2,1,3,13,8,6,3,2,2,3,3,4,13,7,2,2,4,9,6,6,5,4,2,3,4,5,10,6,5,4,3,4,4,5,7,6,5,4,4,7,7,6,4,4,5,9,8,6,5,5,4,5,6,7,7,9,11,7,5,6,7,10,10,9,8,7,5,7,7,8,8,21,20,19,8,7,7,7,8,21,20,20,7,7,7,9,10,10,8,8,9,9,10,23,20,8,9,9,10,10,11,12,12,14,24,23,23,15,11,10,10,10,11,15,24,20,19,19,11,10,11,12,13,13,20,14,9,10,11,12,13,13,24,23,23,21,16,15,14,14,12,10,10,10,13,13,25,15,12,13,25,23,21,15,15,14,13,13,13,14,15,26,23,18,18,16,16,12,14,16,26,24,24,23,21,21,20,20,19,16,16,15,12,13,14,15,27,26,25,23,21,21,15,16,19,25,24,24,23,22,21,17,19,23,22,21,19,18,15,18,21,23,21,20,20,17,16,16,18,19,20,22,23,15,17,18,18,19,20,24,16,17,18,19,19,21,21,18,19,20,26,21,30,22,21,21,32,29,28,25,24,30,27,24,23,22
39,19,18,9,13,10,9,7,5,4,20,19,13,10,9,7,5,3,15,13,10,9,8,13,12,9,6,5,2,12,11,6,6,5,3,15,7,6,2,0,2,15,13,5,4,3,1,15,10,8,5,4,3,2,1,2,15,9,4,3,2,12,8,8,7,6,4,3,3,3,13,8,7,7,4,4,3,3,5,8,7,5,4,5,9,8,7,6,5,7,10,8,8,7,7,6,5,4,5,7,13,9,7,6,5,8,12,11,10,9,8,7,6,5,6,23,22,21,10,9,8,7,7,23,23,22,9,9,8,7,8,8,9,8,8,7,8,25,22,10,9,8,8,8,9,9,10,12,26,25,25,17,13,12,9,8,9,13,26,22,21,21,13,9,9,9,10,11,23,16,12,10,10,10,10,11,26,25,25,23,18,18,16,16,14,13,12,12,10,11,27,17,11,11,27,25,24,18,17,16,15,12,11,12,13,29,25,20,20,19,18,14,12,14,28,26,26,25,24,23,23,22,21,19,18,18,14,13,12,13,30,29,27,25,24,23,13,14,16,27,26,26,25,24,24,15,16,25,24,24,21,20,15,15,19,25,23,23,22,19,19,15,15,16,18,20,25,18,16,15,16,16,18,26,18,17,16,16,17,24,23,17,16,18,29,24,32,24,24,23,35,31,30,27,26,32,29,26,25,24
40,21,20,12,15,13,12,9,7,6,22,21,15,13,12,9,8,4,18,15,12,12,10,15,14,12,8,7,4,14,13,8,8,7,1,17,9,8,4,2,0,17,15,7,6,5,2,17,13,10,7,6,5,4,3,3,17,12,7,5,4,14,10,10,9,8,7,6,5,4,15,10,9,9,7,6,6,5,3,10,9,7,7,4,11,10,9,8,7,4,12,10,10,9,9,8,7,7,6,5,15,12,9,8,8,5,14,13,13,11,10,9,8,8,7,25,24,24,13,12,10,9,9,25,25,24,12,11,10,9,8,7,11,10,10,9,9,27,24,12,11,10,10,9,9,8,8,9,28,27,27,19,15,14,11,10,10,11,28,24,24,23,15,12,11,10,9,9,25,19,14,13,12,11,10,10,29,27,27,25,20,20,19,18,16,15,14,14,12,11,30,19,13,12,29,27,26,20,19,19,18,14,13,12,11,31,27,23,22,21,20,16,13,12,30,29,28,27,26,25,25,24,23,21,20,20,16,15,14,14,32,31,30,27,26,25,15,14,14,30,29,28,27,26,26,15,14,27,26,26,24,23,18,15,16,27,25,25,24,21,21,18,16,15,15,18,27,20,18,18,17,16,15,28,20,19,18,18,17,26,25,19,19,18,31,26,34,26,26,25,37,34,32,29,28,35,31,28,27,26
41,5,4,12,8,10,11,13,15,16,6,6,6,9,10,13,14,18,3,5,8,9,10,4,5,8,11,12,15,4,5,10,10,11,18,1,8,9,13,15,17,0,2,10,11,12,15,1,6,8,11,12,13,14,15,15,2,8,13,14,15,7,10,10,11,12,14,15,15,16,7,11,12,13,15,15,16,16,19,13,13,15,16,19,13,13,15,15,16,20,13,14,15,15,16,17,18,18,19,21,10,14,17,18,18,21,13,14,14,16,17,18,19,19,20,8,7,7,15,16,18,19,19,8,8,7,18,18,19,20,21,22,19,20,20,21,21,10,7,19,20,21,21,22,23,23,24,25,11,10,10,13,17,18,21,22,23,27,11,9,10,10,18,22,23,23,24,25,10,16,21,22,23,24,24,25,12,10,10,10,15,16,17,18,19,21,21,22,24,25,13,18,24,25,12,10,12,18,19,19,20,24,25,26,27,14,12,16,17,18,19,23,26,27,13,12,12,13,14,15,15,16,17,19,20,20,24,25,26,26,15,14,13,14,15,16,26,27,30,13,14,14,15,17,18,29,30,18,18,19,21,22,27,29,32,19,20,21,21,24,25,28,29,30,31,34,19,27,29,29,30,30,31,20,27,29,30,30,31,23,24,30,30,32,20,25,18,26,26,27,20,20,21,24,25,20,23,26,27,28
42,7,7,10,6,8,9,11,13,14,8,8,4,7,8,10,12,15,4,3,6,7,8,2,3,5,9,10,13,2,3,8,8,9,16,3,6,7,10,13,15,2,0,8,9,10,13,2,3,6,9,10,11,12,13,13,2,5,10,12,13,4,8,8,9,10,12,13,13,14,4,9,10,10,13,13,14,14,16,10,11,13,14,16,10,11,13,13,14,18,10,12,13,13,14,15,15,16,16,19,8,12,15,15,16,19,10,12,12,14,15,16,16,17,18,10,9,9,13,14,16,16,17,10,10,9,15,16,16,18,19,20,17,18,18,19,19,13,9,17,18,19,19,20,20,21,21,23,13,13,12,11,15,16,19,20,20,25,13,9,9,8,16,20,20,21,22,23,10,14,19,20,20,21,22,23,14,13,12,10,13,14,15,15,17,19,19,20,22,23,15,15,21,23,14,13,11,16,16,17,18,22,23,24,25,16,12,14,15,16,16,21,24,25,15,14,13,12,12,13,13,14,15,17,18,18,21,23,24,24,17,16,15,13,13,14,24,25,28,15,14,13,13,15,15,26,28,15,16,16,19,20,25,27,30,16,18,19,19,22,23,26,27,28,29,31,17,25,26,27,27,28,29,18,25,26,27,28,29,21,21,27,28,30,18,23,19,24,24,25,22,19,19,22,23,20,21,24,25,26
43,15,14,6,9,7,6,3,6,7,16,15,9,7,5,3,4,8,12,9,6,5,4,9,8,5,2,2,5,8,7,2,2,1,8,11,3,2,3,5,7,10,8,0,1,2,5,10,6,3,1,2,3,4,5,6,10,4,3,4,5,7,3,3,2,2,4,5,5,7,8,3,2,3,5,5,6,7,9,3,3,5,6,9,4,3,5,5,7,10,5,4,5,5,6,7,8,8,9,11,8,4,7,8,8,12,7,6,5,6,7,8,9,9,10,18,17,16,5,7,8,9,9,18,18,17,8,8,9,10,12,12,9,10,10,11,12,20,17,9,10,11,12,12,13,13,14,15,21,20,20,12,8,8,12,12,13,17,21,17,16,16,8,12,13,13,14,15,18,12,11,12,13,14,14,15,21,20,20,18,13,13,12,11,9,11,12,12,14,15,23,12,14,15,22,20,19,13,12,12,10,14,15,16,17,24,20,15,15,14,13,13,16,18,23,21,21,20,19,18,18,17,16,14,13,13,14,15,16,16,25,24,23,20,19,18,16,18,20,23,21,21,20,19,19,19,20,20,19,19,16,15,17,19,23,20,18,18,17,14,15,18,19,20,21,24,20,17,19,19,20,20,21,21,18,19,20,20,21,19,18,20,20,22,24,19,27,19,19,18,30,26,25,22,21,27,24,21,20,19
44,16,15,7,10,8,7,4,4,5,17,16,10,8,7,4,3,7,13,10,7,7,5,10,9,7,3,2,4,9,8,3,3,2,7,12,4,3,2,4,6,11,9,1,0,1,4,11,7,4,1,1,2,3,4,4,11,5,2,3,4,8,4,4,3,2,3,4,4,5,9,4,3,3,4,4,5,5,8,4,3,4,5,8,5,4,4,4,5,9,6,4,4,4,5,6,7,7,8,10,9,5,6,7,7,10,8,7,7,5,6,7,8,8,9,19,18,18,7,5,7,8,8,19,19,18,7,7,8,9,10,11,8,9,9,10,10,21,18,8,9,10,10,11,12,12,13,14,22,21,21,13,9,8,10,11,12,16,22,18,18,17,9,11,12,12,13,14,19,13,10,11,12,13,13,14,23,21,21,19,14,14,13,12,10,10,10,11,13,14,24,13,13,14,23,21,20,14,13,13,12,13,14,15,16,25,21,16,16,15,14,12,15,16,24,23,22,21,20,19,19,18,17,15,14,14,13,14,15,15,26,25,24,21,20,19,15,16,19,24,23,22,21,20,20,18,19,21,20,20,18,16,16,18,21,21,19,19,18,15,15,17,18,19,20,23,21,16,18,18,19,19,20,22,16,18,19,19,20,20,19,19,19,21,25,20,28,20,20,19,31,27,26,23,22,29,25,22,21,20
45,17,16,8,11,9,8,6,3,4,18,18,12,9,8,5,4,6,14,11,8,8,6,11,10,8,4,3,3,10,9,4,4,3,6,13,5,4,1,3,5,12,10,2,1,0,3,12,8,5,2,1,1,2,3,3,12,7,2,2,3,9,5,5,4,3,2,3,3,4,10,6,4,4,3,3,4,4,7,5,4,3,4,7,6,5,4,3,4,8,7,5,5,4,4,5,5,6,7,9,10,7,5,5,6,9,9,8,8,6,5,6,7,7,8,20,19,19,8,7,6,7,7,20,20,19,7,6,7,8,9,10,7,8,8,9,9,23,19,7,8,9,9,10,10,11,12,13,23,23,22,14,10,9,9,10,10,15,23,19,19,18,10,10,10,11,12,13,20,14,9,10,10,12,12,13,24,23,22,20,15,15,14,13,12,10,9,10,12,13,25,14,12,13,24,23,21,15,14,14,13,12,13,14,15,26,22,18,17,16,15,11,14,15,25,24,23,22,21,20,20,19,18,16,15,15,12,13,14,14,27,26,25,23,21,20,14,15,18,25,24,23,23,21,21,16,18,22,21,21,19,18,15,17,20,22,20,20,19,16,16,16,17,18,19,21,23,15,16,17,18,18,19,23,15,16,18,18,19,21,20,18,18,20,26,21,29,21,21,20,32,29,27,24,23,30,26,23,22,21
46,20,19,10,14,12,10,8,6,5,21,20,14,12,10,8,7,3,16,14,11,10,9,14,13,10,7,6,3,13,12,7,7,6,3,16,8,7,3,1,2,15,13,5,4,3,0,15,10,8,5,4,3,2,1,1,15,9,4,3,2,12,8,8,7,6,4,3,3,2,13,8,7,7,4,4,3,3,4,8,7,5,4,4,9,8,7,6,5,5,10,8,8,7,7,6,5,4,4,6,13,9,7,6,5,7,12,11,10,9,8,7,6,5,5,23,22,21,10,9,8,7,7,23,23,22,9,9,8,7,7,7,9,8,8,7,7,25,22,10,9,8,8,7,8,8,9,10,26,25,25,17,13,12,9,8,8,12,26,22,21,21,13,9,9,8,9,10,23,16,12,10,10,9,9,10,26,25,25,23,18,18,16,16,14,13,12,12,9,10,27,17,11,10,27,25,24,18,17,16,15,12,11,11,12,29,25,20,20,19,18,14,11,13,28,26,26,25,24,23,23,22,21,19,18,18,14,13,12,12,30,29,27,25,24,23,13,13,15,27,26,26,25,24,24,14,15,25,24,24,21,20,15,14,18,25,23,23,22,19,19,15,14,15,16,19,25,18,16,15,15,15,16,26,18,17,16,15,16,24,23,17,16,17,29,24,32,24,24,23,35,31,30,27,26,32,29,26,25,24
47,6,6,12,8,10,11,13,15,16,7,7,6,9,10,13,14,18,3,5,8,9,10,4,5,8,11,12,15,4,5,10,10,11,18,2,8,9,13,15,17,1,2,10,11,12,15,0,4,7,10,11,12,13,14,14,1,7,12,13,14,5,9,9,10,11,13,14,14,15,5,10,11,12,14,14,15,15,18,12,12,14,15,18,12,12,14,14,15,19,12,13,14,14,15,16,16,17,18,20,9,13,16,16,17,20,12,13,13,15,16,17,18,18,19,8,7,7,14,15,17,18,18,8,8,7,16,17,18,19,20,21,18,19,19,20,20,10,7,18,19,20,20,21,21,22,23,24,11,10,10,12,16,17,20,21,21,26,11,8,9,9,17,21,21,22,23,24,9,15,20,21,21,23,23,24,12,10,10,9,14,15,16,16,18,20,20,21,23,24,13,16,23,24,12,10,11,17,18,18,19,23,24,25,26,14,11,15,16,17,18,22,25,26,13,12,11,12,13,14,14,15,16,18,19,19,23,24,25,25,15,14,13,13,14,15,25,26,29,13,13,13,14,16,16,27,29,16,17,18,20,21,26,28,31,18,19,20,20,23,24,27,28,29,30,32,18,26,27,28,29,29,30,19,26,27,29,29,30,22,23,29,29,31,19,24,17,25,25,26,20,19,20,23,24,19,22,25,26,27
48,10,10,8,4,6,7,9,11,12,12,11,5,4,6,8,9,13,7,4,4,4,6,4,3,3,7,8,10,3,3,6,6,7,14,7,4,5,8,10,13,6,3,6,7,8,10,4,0,3,6,7,8,9,9,10,4,2,7,8,10,1,4,5,5,7,8,9,10,11,2,5,7,7,9,10,10,11,13,7,8,10,10,13,7,8,9,10,11,15,7,9,9,10,10,12,12,13,13,15,5,9,12,12,13,16,7,8,9,10,12,13,13,14,14,13,12,11,10,11,13,13,14,13,12,12,12,13,13,15,16,16,14,14,15,15,16,15,12,14,15,15,16,16,17,18,18,20,15,15,14,8,12,13,16,16,17,21,15,12,11,10,13,16,17,18,19,19,12,10,15,16,17,18,19,19,16,15,14,13,10,10,12,12,14,15,16,16,19,19,17,12,18,19,16,15,13,13,13,14,15,19,19,20,21,18,14,11,12,13,13,18,20,22,18,16,15,14,13,13,12,12,12,14,14,15,18,19,20,21,19,18,17,15,13,13,21,22,25,17,16,15,15,14,13,23,25,14,14,13,15,16,21,24,27,14,15,15,16,19,19,23,24,25,26,28,15,21,23,24,24,25,26,15,22,23,24,25,25,18,18,24,25,26,18,20,21,20,21,21,24,21,20,19,20,22,19,21,22,23
49,13,13,5,7,5,4,6,8,9,14,14,8,5,4,6,7,10,10,7,4,4,3,7,6,4,4,5,8,6,6,3,3,4,11,9,1,2,6,8,10,8,6,3,4,5,8,7,3,0,3,4,5,6,7,7,7,2,4,5,7,4,2,2,3,4,5,7,7,8,5,3,4,4,7,7,8,8,10,4,5,7,8,10,4,5,7,7,8,12,4,6,7,7,8,9,9,10,10,13,5,6,9,9,10,13,4,5,6,8,9,10,10,11,12,15,14,14,7,8,10,10,11,15,15,14,9,10,10,12,13,14,11,12,12,13,13,18,14,11,12,13,13,14,14,15,15,17,18,18,17,9,9,10,13,14,14,19,18,14,14,13,10,14,14,15,16,16,15,9,13,14,14,15,16,16,19,18,17,15,10,10,9,9,11,13,13,14,16,16,20,9,15,16,19,18,16,10,10,11,12,16,16,18,19,21,17,13,12,11,10,15,18,19,20,19,18,17,16,15,15,14,13,11,12,12,15,16,18,18,22,21,20,18,16,15,18,19,22,20,19,18,18,16,16,20,22,17,16,16,14,14,19,21,24,17,15,15,14,16,16,20,21,22,23,25,18,19,20,21,21,22,23,18,19,20,21,22,23,16,15,21,22,24,21,17,24,18,18,19,27,24,23,19,18,25,21,18,19,20
50,16,15,7,10,8,7,4,6,7,17,16,10,8,7,4,4,8,13,10,7,7,5,10,9,7,3,2,5,9,8,3,3,2,8,12,4,3,3,5,7,11,9,1,1,2,5,10,6,3,0,1,2,3,4,4,10,4,2,3,4,7,3,3,2,1,3,4,4,5,8,3,2,2,4,4,5,5,8,3,2,4,5,8,4,3,4,4,5,9,5,3,4,4,5,6,7,7,8,10,8,4,6,7,7,10,7,6,5,5,6,7,8,8,9,18,17,16,5,5,7,8,8,18,18,17,7,7,8,9,10,11,8,9,9,10,10,20,17,8,9,10,10,11,12,12,13,14,21,20,20,12,8,7,10,11,12,16,21,17,16,16,8,11,12,12,13,14,18,12,10,11,12,13,13,14,21,20,20,18,13,13,12,11,9,10,10,11,13,14,23,12,13,14,22,20,19,13,12,12,10,13,14,15,16,24,20,15,15,14,13,12,15,16,23,21,21,20,19,18,18,17,16,14,13,13,13,14,15,15,25,24,23,20,19,18,15,16,19,23,21,21,20,19,19,18,19,20,19,19,16,15,16,18,21,20,18,18,17,14,14,17,18,19,20,23,20,16,18,18,19,19,20,21,16,18,19,19,20,19,18,19,19,21,24,19,27,19,19,18,30,26,25,22,21,27,24,21,20,19
51,17,16,8,11,9,8,6,4,6,18,18,12,9,8,5,4,7,14,11,8,8,6,11,10,8,4,3,4,10,9,4,4,3,7,13,5,4,2,4,6,12,10,2,1,1,4,11,7,4,1,0,1,2,3,3,11,5,1,2,3,8,4,4,3,2,2,3,3,4,9,4,3,3,3,3,4,4,7,4,3,3,4,7,5,4,3,3,4,8,6,4,4,3,4,5,5,6,7,9,9,5,5,5,6,9,8,7,7,5,5,6,7,7,8,19,18,18,7,5,6,7,7,19,19,18,5,6,7,8,9,10,7,8,8,9,9,21,18,7,8,9,9,10,10,11,12,13,22,21,21,13,9,8,9,10,10,15,22,18,18,17,9,10,10,11,12,13,19,13,9,10,10,12,12,13,23,21,21,19,14,14,13,12,10,9,9,10,12,13,24,13,12,13,23,21,20,14,13,13,12,12,13,14,15,25,21,16,16,15,14,11,14,15,24,23,22,21,20,19,19,18,17,15,14,14,12,13,14,14,26,25,24,21,20,19,14,15,18,24,23,22,21,20,20,16,18,21,20,20,18,16,15,17,20,21,19,19,18,15,15,16,17,18,19,21,21,15,16,17,18,18,19,22,15,16,18,18,19,20,19,18,18,20,25,20,28,20,20,19,31,27,26,23,22,29,25,22,21,20
52,18,18,9,12,10,9,7,4,4,19,19,13,10,9,6,5,6,15,12,9,9,7,12,11,9,5,4,3,11,10,6,5,4,6,14,6,5,2,3,5,13,11,3,2,1,3,12,8,5,2,1,0,1,2,2,12,7,2,1,2,9,5,5,4,3,2,2,2,3,10,5,4,4,2,2,3,3,5,5,4,2,3,5,6,5,4,3,3,7,7,5,5,4,4,4,4,5,5,8,10,7,4,4,5,8,9,8,8,6,5,5,5,6,7,20,19,19,8,7,5,5,6,20,20,19,7,6,5,7,8,9,6,7,7,8,8,23,19,7,7,8,8,9,9,10,10,12,23,23,22,14,10,9,8,9,9,14,23,19,19,18,10,9,9,10,11,12,20,14,9,9,9,10,11,12,24,23,22,20,15,15,14,13,12,10,9,9,11,12,25,14,10,12,24,23,21,15,14,14,13,11,12,13,14,26,22,18,17,16,15,11,13,14,25,24,23,22,21,20,20,19,18,16,15,15,12,12,13,13,27,26,25,23,21,20,13,14,17,25,24,23,23,21,21,15,17,22,21,21,19,18,14,16,19,22,20,20,19,16,16,15,16,17,18,20,23,15,15,16,16,17,18,23,15,15,16,17,18,21,20,16,17,19,26,21,29,21,21,20,32,29,27,24,23,30,26,23,22,21
53,19,19,10,13,11,10,8,6,4,20,20,14,11,10,7,6,4,16,13,10,10,8,13,12,10,7,5,3,12,12,7,6,6,5,15,7,6,3,2,4,14,12,4,3,2,2,13,9,6,3,2,1,0,1,1,13,8,3,2,1,10,7,6,5,4,3,2,1,2,11,7,5,5,3,2,2,2,4,6,5,3,3,4,7,7,5,4,3,6,8,7,6,5,5,4,3,4,4,7,12,8,5,4,4,7,10,9,9,7,6,5,4,5,5,21,20,20,9,8,6,5,5,21,21,20,8,7,7,6,7,8,7,7,6,7,7,24,20,8,7,7,7,8,8,9,9,11,24,24,23,15,12,10,7,8,8,13,24,20,20,19,12,8,8,9,10,10,21,15,10,9,8,9,10,10,25,24,23,21,16,16,15,14,13,11,10,10,10,10,26,15,9,10,25,24,22,16,15,15,14,10,10,12,13,27,23,19,18,17,16,12,12,13,26,25,24,23,22,21,21,20,19,17,16,16,13,12,12,12,28,27,26,24,22,21,12,13,16,26,25,24,24,23,22,14,16,23,23,22,20,19,14,15,18,23,21,21,20,18,17,14,15,16,17,19,24,16,14,15,15,16,17,24,16,15,15,16,16,22,21,15,16,18,27,22,30,23,22,21,33,30,29,25,24,31,27,24,23,23
54,20,19,10,14,12,10,8,6,5,21,20,14,12,10,8,7,4,16,14,11,10,9,14,13,10,7,6,3,13,12,7,7,6,4,16,8,7,3,1,3,15,13,5,4,3,1,14,9,7,4,3,2,1,0,1,14,8,3,2,1,10,7,7,6,5,3,2,2,2,12,7,6,5,3,3,2,2,4,7,6,4,3,4,8,7,5,5,4,5,9,7,7,6,5,4,4,3,4,6,12,8,5,5,4,7,11,10,9,8,7,5,5,4,5,22,21,20,9,8,7,6,5,22,21,21,8,8,7,5,7,7,8,7,7,6,7,24,21,9,8,7,7,7,8,8,9,10,25,24,24,16,12,11,8,7,8,12,25,21,20,20,12,8,8,8,9,10,21,15,10,9,9,9,9,10,25,24,24,22,17,16,15,15,13,12,11,10,9,10,26,16,10,10,26,24,23,16,16,15,14,10,10,11,12,27,24,19,19,18,17,13,11,13,27,25,25,24,23,22,21,21,20,18,17,16,13,12,11,12,29,27,26,24,23,22,12,13,15,26,25,25,24,23,23,14,15,24,23,23,20,19,14,14,18,24,22,21,21,18,18,14,14,15,16,19,24,16,15,14,15,15,16,25,17,16,15,15,16,23,22,16,15,17,27,23,31,23,23,22,34,30,29,26,25,31,28,25,24,23
55,20,20,11,14,12,11,9,7,6,21,21,15,12,11,8,7,3,17,14,12,11,9,14,13,11,8,7,4,13,13,8,7,7,4,16,8,7,4,2,3,15,13,6,4,3,1,14,10,7,4,3,2,1,1,0,14,9,4,3,1,11,8,7,7,5,4,3,2,1,12,8,7,6,4,3,3,2,3,7,7,4,4,3,8,8,6,5,4,5,9,8,7,7,6,5,4,4,3,5,13,9,6,5,5,6,12,10,10,8,7,6,5,5,4,23,21,21,10,9,7,7,6,23,22,21,9,8,8,6,6,7,8,8,7,7,6,25,21,9,8,8,7,7,7,8,8,10,25,25,24,16,13,12,8,8,7,12,25,21,21,20,13,9,8,8,9,9,22,16,11,10,9,8,9,9,26,25,24,23,18,17,16,15,14,12,12,11,9,9,27,16,10,9,26,25,23,17,16,16,15,11,10,10,12,28,24,20,19,18,18,13,10,12,27,26,25,24,23,23,22,21,20,18,18,17,14,13,12,11,29,28,27,25,23,23,12,12,15,27,26,25,25,24,23,13,15,24,24,23,21,20,15,14,17,24,23,22,21,19,18,15,14,15,16,18,25,17,15,15,14,15,16,25,18,16,15,15,15,23,23,16,16,16,28,23,31,24,23,23,34,31,30,26,25,32,29,25,24,24
56,7,7,12,8,10,11,13,15,16,8,8,6,9,10,13,14,18,4,5,8,9,10,4,5,8,11,12,15,4,5,10,10,11,18,3,8,9,13,15,17,2,2,10,11,12,15,1,4,7,10,11,12,13,14,14,0,5,10,12,13,4,8,8,9,10,12,13,13,14,4,9,10,10,13,13,14,14,16,10,11,13,14,16,10,11,13,13,14,18,10,12,13,13,14,15,15,16,16,19,8,12,15,15,16,19,10,12,12,14,15,16,16,17,18,8,7,7,13,14,16,16,17,8,8,7,15,16,16,18,19,20,17,18,18,19,19,10,7,17,18,19,19,20,20,21,21,23,11,10,10,11,15,16,19,20,20,25,11,7,8,8,16,20,20,21,22,23,8,14,19,20,20,21,22,23,12,10,10,8,13,14,15,15,17,19,19,20,22,23,13,15,21,23,12,10,10,16,16,17,18,22,23,24,25,14,10,14,15,16,16,21,24,25,13,12,11,11,12,13,13,14,15,17,18,18,21,23,24,24,15,14,13,12,13,14,24,25,28,13,12,12,13,15,15,26,28,15,16,16,19,20,25,27,30,16,18,19,19,22,23,26,27,28,29,31,17,25,26,27,28,28,29,18,25,26,28,28,29,21,21,27,28,30,18,23,17,24,24,25,20,18,19,22,23,18,21,24,25,26
57,13,12,7,7,4,5,8,10,11,14,13,7,4,4,7,8,12,9,7,4,3,5,7,5,3,5,7,9,5,5,4,5,5,13,9,3,4,7,9,12,8,5,4,5,7,9,7,2,2,4,5,7,8,8,9,5,0,5,6,8,2,2,3,3,4,6,7,8,9,3,3,4,5,7,8,8,9,11,5,6,8,8,11,5,5,7,8,9,13,5,7,7,8,8,9,10,10,11,13,4,7,9,10,10,14,5,6,7,8,9,10,11,12,12,14,13,12,8,9,10,11,12,14,13,13,10,10,11,13,14,14,12,12,13,13,14,16,13,12,13,13,14,14,15,15,16,18,16,16,15,8,9,10,14,14,15,19,16,13,12,12,10,14,15,15,16,17,13,8,13,14,15,16,16,17,17,16,15,14,9,8,9,10,12,13,14,14,16,17,18,10,16,17,18,16,14,10,11,12,13,16,17,18,19,19,15,11,10,10,11,15,18,20,19,17,16,15,14,14,13,13,12,12,12,13,16,17,18,19,20,19,18,16,14,14,19,20,23,18,17,16,16,15,14,21,23,15,15,14,13,14,19,21,25,15,14,13,14,16,17,20,21,23,24,26,16,19,21,21,22,23,24,16,20,21,22,23,23,15,16,22,23,24,19,18,23,18,19,19,25,22,21,18,18,23,20,19,20,20
58,18,17,8,12,9,8,6,5,6,19,18,12,9,8,5,4,7,14,12,9,8,7,12,10,8,5,4,4,10,10,5,4,4,8,14,5,4,2,4,7,13,10,3,2,2,4,12,7,4,2,1,2,3,3,4,10,5,0,1,3,7,4,3,3,2,1,2,3,4,8,4,3,2,2,3,3,4,6,3,3,3,3,6,4,4,2,3,4,8,6,4,3,3,3,4,5,6,6,8,9,5,4,5,5,9,8,7,6,4,4,5,6,7,7,19,18,17,6,5,5,6,7,19,18,18,5,6,6,8,9,9,7,7,8,8,9,21,18,7,8,8,9,9,10,10,11,13,21,21,20,13,9,8,9,9,10,14,21,18,17,16,9,9,10,10,12,12,18,12,8,9,10,11,12,12,22,21,20,19,14,13,12,12,10,8,9,9,12,12,23,13,11,12,23,21,19,13,13,12,11,12,12,13,14,24,20,16,15,14,14,10,13,15,24,22,21,20,19,19,18,18,16,14,14,13,11,12,13,14,25,24,23,21,19,19,14,15,18,23,22,21,21,20,19,16,18,20,20,19,17,16,14,16,20,20,19,18,18,15,14,15,16,18,19,21,21,14,16,16,17,18,19,21,15,16,17,18,18,19,19,17,18,19,24,19,27,20,19,19,30,27,26,23,21,28,25,21,20,20
59,19,18,9,13,10,9,7,5,5,20,19,13,10,9,7,5,6,15,13,10,9,8,13,12,9,6,5,3,12,11,6,5,5,7,15,7,5,2,3,5,14,12,4,3,2,3,13,8,5,3,2,1,2,2,3,12,6,1,0,2,8,5,4,4,3,1,1,2,3,9,5,4,3,1,2,2,3,5,4,4,2,2,5,5,5,3,3,3,7,7,5,4,4,3,3,4,4,5,7,10,6,3,4,4,8,9,8,7,5,4,4,5,6,6,20,19,18,7,6,4,5,5,20,19,19,6,5,5,7,8,8,5,6,7,7,8,22,19,7,7,7,8,8,9,9,10,12,23,22,21,14,10,9,8,8,9,13,23,19,18,18,10,8,9,9,10,11,19,13,8,8,9,10,10,11,23,22,21,20,15,14,13,13,11,9,9,8,10,11,24,14,10,11,24,22,20,14,14,13,12,10,11,12,13,25,21,17,16,15,15,10,12,14,25,23,23,21,20,20,19,19,18,15,15,14,11,11,12,13,26,25,24,22,20,20,13,14,16,24,23,23,22,21,20,15,16,21,21,20,18,17,13,15,19,21,20,19,19,16,15,14,15,16,18,20,22,14,15,15,16,16,18,23,15,15,16,16,17,20,20,16,16,18,25,20,29,21,20,20,31,28,27,24,23,29,26,23,21,21
60,20,20,11,14,12,11,9,7,6,21,21,15,12,11,8,7,4,17,14,12,11,9,14,13,11,8,7,4,13,13,8,7,7,5,16,8,7,4,2,4,15,13,5,4,3,2,14,10,7,4,3,2,1,1,1,13,8,3,2,0,10,7,6,6,4,3,2,1,1,11,7,6,5,3,2,2,1,3,6,6,3,3,3,7,7,5,4,3,5,8,7,6,6,5,4,3,3,3,6,12,8,5,4,4,6,10,9,9,7,6,5,4,4,4,21,20,20,9,8,6,6,5,21,21,20,8,7,7,5,6,7,7,7,6,5,6,24,20,8,7,7,6,7,7,8,8,10,24,24,23,15,12,10,7,7,7,12,24,20,20,19,12,8,7,8,9,9,21,15,10,9,8,8,9,9,25,24,23,21,16,16,15,14,13,11,10,10,9,9,26,15,9,9,25,24,22,16,15,15,14,10,9,10,12,27,23,19,18,17,16,12,10,12,26,25,24,23,22,21,21,20,19,17,16,16,13,12,10,11,28,27,26,24,22,21,11,12,15,26,25,24,24,23,22,13,15,23,23,22,20,19,14,14,17,23,21,21,20,18,17,14,14,15,16,18,24,16,14,14,14,15,16,24,16,15,14,15,15,22,21,15,15,16,27,22,30,23,22,21,33,30,29,25,24,31,27,24,23,23
61,12,11,9,5,7,8,10,12,13,13,12,6,6,7,9,10,14,8,5,5,5,7,5,4,4,8,9,12,4,4,7,7,8,15,8,5,6,9,12,14,7,4,7,8,9,12,5,1,4,7,8,9,10,10,11,4,2,7,8,10,0,3,4,4,6,7,8,9,10,1,4,6,6,8,9,9,10,12,6,7,9,9,12,6,7,8,9,10,14,6,8,8,9,9,10,11,12,12,14,4,8,10,11,12,15,6,7,8,9,10,12,12,13,13,12,10,10,9,10,12,12,13,12,11,10,11,12,12,14,15,15,13,13,14,14,15,14,10,13,14,14,15,15,16,16,17,19,14,14,13,7,10,12,15,15,16,20,14,10,10,9,12,15,16,16,18,18,11,9,14,15,16,17,18,18,15,14,13,12,9,9,10,11,13,14,15,15,18,18,16,11,17,18,15,14,12,12,12,13,14,18,18,19,20,17,13,10,10,12,12,16,19,21,16,15,14,13,12,12,11,10,10,13,13,14,17,18,19,20,18,17,16,14,12,12,20,21,24,16,15,14,14,13,12,22,24,13,13,12,14,15,20,23,26,13,14,14,15,18,18,21,23,24,25,27,14,20,22,23,23,24,25,14,21,22,23,24,24,16,17,23,24,25,17,19,20,19,20,20,23,20,19,18,19,21,18,20,21,21
62,15,14,6,9,7,6,7,9,10,16,15,9,7,5,6,7,11,12,9,6,5,4,9,8,5,4,5,8,8,7,3,4,4,12,11,3,3,6,8,10,10,8,3,4,5,8,9,4,2,3,4,5,7,7,8,8,2,4,5,7,3,0,1,1,2,4,5,5,7,4,1,2,3,5,5,6,7,9,3,3,5,6,9,3,3,5,5,7,10,3,4,5,5,6,7,8,8,9,11,5,4,7,8,8,12,4,4,4,6,7,8,9,9,10,15,14,13,5,7,8,9,9,15,14,14,8,8,9,10,12,12,9,10,10,11,12,17,14,9,10,11,12,12,13,13,14,15,18,17,16,9,7,8,12,12,13,17,18,14,13,13,8,12,13,13,14,15,14,8,11,12,13,14,14,15,18,17,16,15,10,9,8,8,9,11,12,12,14,15,19,9,14,15,19,17,15,9,9,9,10,14,15,16,17,20,16,12,12,10,10,13,16,18,20,18,18,16,15,15,14,14,13,10,10,10,14,15,16,16,21,20,19,17,15,15,16,18,20,19,18,18,17,16,15,19,20,16,16,15,13,12,17,19,23,16,15,14,14,14,15,18,19,20,21,24,17,17,19,19,20,20,21,18,18,19,20,20,21,15,15,20,20,22,20,15,24,16,16,17,26,23,22,19,18,24,21,18,18,18
63,15,15,6,9,7,6,6,8,9,16,16,10,7,6,5,7,10,12,9,7,6,4,9,8,6,4,5,8,8,8,3,3,4,11,12,3,2,6,8,10,10,8,3,4,5,8,9,5,2,3,4,5,6,7,7,8,3,3,4,6,4,1,0,1,2,3,4,5,6,5,1,2,2,4,5,6,6,8,2,3,5,5,8,2,3,4,5,6,10,2,4,4,5,6,7,7,8,8,10,5,4,7,7,8,11,4,3,4,6,7,8,8,9,9,15,14,14,5,6,8,8,9,15,15,14,7,8,8,10,11,12,9,9,10,10,11,18,14,9,10,10,11,12,12,13,13,15,18,18,17,9,7,8,11,12,12,16,18,14,14,13,8,12,12,13,14,14,15,9,10,12,12,13,14,14,19,18,17,15,10,10,9,8,9,10,11,12,14,14,20,9,13,14,19,18,16,10,9,9,10,14,14,15,16,21,17,13,12,11,10,13,15,17,20,19,18,17,16,15,15,14,13,11,10,10,13,14,15,16,22,21,20,18,16,15,16,17,20,20,19,18,18,16,16,18,20,17,16,16,14,13,16,19,22,17,15,15,14,14,14,18,19,20,21,23,18,16,18,19,19,20,21,18,17,18,19,20,20,16,15,19,20,21,21,16,24,16,16,16,27,24,23,19,18,25,21,18,17,18
64,16,15,7,10,8,7,5,8,9,17,16,10,8,7,5,6,10,13,10,7,7,5,10,9,7,3,4,7,9,8,3,3,3,10,12,4,3,5,7,9,11,9,2,3,4,7,10,5,3,2,3,4,5,6,7,9,3,3,4,6,4,1,1,0,1,3,4,4,6,6,1,1,2,4,4,5,6,8,2,2,4,5,8,2,2,4,4,5,9,3,3,4,4,5,6,7,7,8,10,6,3,6,7,7,10,5,4,3,5,6,7,8,8,9,16,15,14,4,5,7,8,8,16,15,15,7,7,8,9,10,11,8,9,9,10,10,18,15,8,9,10,10,11,12,12,13,14,19,18,18,10,6,7,10,11,12,16,19,15,14,14,7,11,12,12,13,14,15,9,10,11,12,13,13,14,19,18,18,16,11,10,9,9,8,10,10,11,13,14,20,10,13,14,20,18,16,10,10,9,9,13,14,15,16,21,18,13,13,12,11,12,15,16,21,19,19,18,16,16,15,15,14,12,11,10,13,14,15,15,23,21,20,18,16,16,15,16,19,20,19,19,18,17,16,18,19,18,17,16,14,13,16,18,21,18,16,15,15,13,14,17,18,19,20,23,18,16,18,18,19,19,20,19,16,18,19,19,20,16,16,19,19,21,21,16,25,17,16,16,27,24,23,20,19,25,22,19,18,17
65,17,16,8,11,9,8,6,7,8,18,18,12,9,8,5,5,9,14,11,8,8,6,11,10,8,4,3,6,10,9,4,4,3,9,13,5,4,4,6,8,12,10,2,2,3,6,11,7,4,1,2,3,4,5,5,10,4,2,3,4,6,2,2,1,0,2,3,3,4,7,2,1,1,3,3,4,4,7,2,1,3,4,7,3,2,3,3,4,8,4,2,3,3,4,5,5,6,7,9,7,3,5,5,6,9,6,5,4,4,5,6,7,7,8,17,16,15,4,4,6,7,7,17,16,16,5,6,7,8,9,10,7,8,8,9,9,19,16,7,8,9,9,10,10,11,12,13,20,19,19,11,7,6,9,10,10,15,20,16,15,15,7,10,10,11,12,13,16,10,9,10,10,12,12,13,20,19,19,17,12,12,10,10,8,9,9,10,12,13,21,11,12,13,21,19,18,12,11,10,9,12,13,14,15,23,19,14,14,13,12,11,14,15,22,20,20,19,18,17,16,16,15,13,12,12,12,13,14,14,24,23,21,19,18,17,14,15,18,21,20,20,19,18,18,16,18,19,18,18,15,14,15,17,20,19,17,16,16,13,13,16,17,18,19,21,19,15,16,17,18,18,19,20,15,16,18,18,19,18,17,18,18,20,23,18,26,18,18,17,29,25,24,21,20,26,23,20,19,18
66,19,18,9,13,10,9,7,5,6,20,19,13,10,9,7,5,7,15,13,10,9,8,13,12,9,6,5,4,12,11,6,6,5,8,15,7,6,2,4,7,14,12,4,3,2,4,13,8,5,3,2,2,3,3,4,12,6,1,1,3,7,4,3,3,2,0,1,2,3,8,4,3,2,1,2,2,3,5,3,3,2,2,5,4,4,2,2,3,7,6,4,3,3,2,3,4,4,5,7,9,5,3,4,4,8,8,7,6,4,3,4,5,5,6,19,18,17,6,5,4,5,5,19,18,18,5,4,5,7,8,8,5,6,7,7,8,21,18,5,7,7,8,8,9,9,10,12,21,21,20,13,9,8,8,8,9,13,21,18,17,16,9,8,9,9,10,11,18,12,7,8,9,10,10,11,22,21,20,19,14,13,12,12,10,8,8,8,10,11,23,13,10,11,23,21,19,13,13,12,11,10,11,12,13,24,20,16,15,14,14,9,12,14,24,22,21,20,19,19,18,18,16,14,14,13,10,11,12,13,25,24,23,21,19,19,13,14,16,23,22,21,21,20,19,15,16,20,20,19,17,16,13,15,19,20,19,18,18,15,14,14,15,16,18,20,21,13,15,15,16,16,18,21,14,15,16,16,17,19,19,16,16,18,24,19,27,20,19,19,30,27,26,23,21,28,25,21,20,20
67,20,19,10,14,12,10,8,6,5,21,20,14,12,10,8,7,6,16,14,11,10,9,14,13,10,7,6,3,13,12,7,7,6,7,16,8,7,3,3,6,15,13,5,4,3,3,14,9,7,4,3,2,2,2,3,13,7,2,1,2,8,5,4,4,3,1,0,1,2,9,5,4,3,1,1,1,2,4,4,4,2,1,4,5,5,3,3,2,6,7,5,4,4,3,2,3,3,4,6,10,6,3,3,3,7,9,8,7,5,4,3,4,4,5,20,19,18,7,6,4,4,4,20,19,19,6,5,5,6,7,7,5,5,5,6,7,22,19,7,5,6,7,7,8,8,9,10,23,22,21,14,10,9,7,7,8,12,23,19,18,18,10,7,8,8,9,10,19,13,8,7,8,9,9,10,23,22,21,20,15,14,13,13,11,9,9,8,9,10,24,14,9,10,24,22,20,14,14,13,12,9,10,11,12,25,21,17,16,15,15,10,11,13,25,23,23,21,20,20,19,19,18,15,15,14,11,10,11,12,26,25,24,22,20,20,12,13,15,24,23,23,22,21,20,14,15,21,21,20,18,17,12,14,18,21,20,19,19,16,15,13,14,15,16,19,22,14,14,14,15,15,16,23,15,14,15,15,16,20,20,15,15,17,25,20,29,21,20,20,31,28,27,24,23,29,26,23,21,21
68,20,20,11,14,12,11,9,7,6,21,21,15,12,11,8,7,6,17,14,12,11,9,14,13,11,8,7,4,13,13,8,7,7,6,16,8,7,4,3,5,15,13,5,4,3,3,14,10,7,4,3,2,1,2,2,13,8,3,2,1,9,5,5,4,3,2,1,0,1,10,6,4,4,2,1,1,1,3,5,4,2,2,3,6,5,4,3,2,5,7,5,5,4,4,3,2,3,3,6,10,7,4,3,3,6,9,8,8,6,5,4,3,4,4,20,19,19,8,7,5,4,4,20,20,19,7,6,5,5,6,7,6,5,5,5,6,23,19,7,6,5,6,7,7,8,8,10,23,23,22,14,10,9,6,7,7,12,23,19,19,18,10,7,7,8,9,9,20,14,9,8,7,8,9,9,24,23,22,20,15,15,14,13,12,10,9,9,9,9,25,14,8,9,24,23,21,15,14,14,13,9,9,10,12,26,22,18,17,16,15,11,10,12,25,24,23,22,21,20,20,19,18,16,15,15,12,10,10,11,27,26,25,23,21,20,11,12,15,25,24,23,23,21,21,13,15,22,21,21,19,18,13,14,17,22,20,20,19,16,16,13,14,15,16,18,23,15,13,14,14,15,16,23,15,14,14,15,15,21,20,14,15,16,26,21,29,21,21,20,32,29,27,24,23,30,26,23,22,21
69,21,21,12,15,13,12,10,8,7,23,22,16,13,12,9,8,4,18,15,13,12,10,15,14,12,9,8,5,14,14,9,8,8,5,18,9,8,5,3,4,16,14,7,5,4,2,15,11,8,5,4,3,2,2,1,14,9,4,3,1,10,7,6,6,4,3,2,1,0,11,7,6,5,3,2,2,1,2,6,6,3,3,2,7,7,5,4,3,4,8,7,6,6,5,4,3,3,2,4,12,8,5,4,4,5,10,9,9,7,6,5,4,4,3,21,20,20,9,8,6,6,5,21,21,20,8,7,7,5,5,5,7,7,6,5,5,24,20,8,7,7,6,5,6,7,7,9,24,24,23,15,12,10,7,7,6,10,24,20,20,19,12,8,7,7,8,8,21,15,10,9,8,7,8,8,25,24,23,21,16,16,15,14,13,11,10,10,8,8,26,15,9,8,25,24,22,16,15,15,14,10,9,9,10,27,23,19,18,17,16,12,9,11,26,25,24,23,22,21,21,20,19,17,16,16,13,12,10,10,28,27,26,24,22,21,11,11,14,26,25,24,24,23,22,12,14,23,23,22,20,19,14,13,16,23,21,21,20,18,17,14,13,14,15,17,24,16,14,14,13,14,15,24,16,15,14,14,14,22,21,15,15,15,27,22,30,23,22,21,33,30,29,25,24,31,27,24,23,23
70,12,11,10,6,8,9,11,13,14,13,12,6,7,8,10,12,15,8,5,6,7,8,5,4,5,9,10,13,4,4,8,8,9,16,8,6,7,10,13,15,7,4,8,9,10,13,5,2,5,8,9,10,11,12,12,4,3,8,9,11,1,4,5,6,7,8,9,10,11,0,4,5,6,8,9,9,10,12,6,7,9,9,12,6,7,8,9,10,14,6,8,8,9,9,10,11,12,12,14,4,8,10,11,12,15,6,7,8,9,10,12,12,13,13,10,9,9,9,10,12,12,13,10,10,9,11,12,12,14,15,15,13,13,14,14,15,13,9,13,14,14,15,15,16,16,17,19,13,13,12,7,10,12,15,15,16,20,13,9,9,8,12,15,16,16,18,18,10,9,14,15,16,17,18,18,14,13,12,10,9,9,10,11,13,14,15,15,18,18,15,11,17,18,14,13,11,12,12,13,14,18,18,19,20,16,12,10,10,12,12,16,19,21,15,14,13,12,11,10,10,9,10,13,13,14,17,18,19,20,17,16,15,13,11,10,20,21,24,15,14,13,13,12,11,22,24,12,12,12,14,15,20,23,26,12,14,14,15,18,18,21,23,24,25,27,13,20,22,23,23,24,25,13,21,22,23,24,24,16,17,23,24,25,16,19,19,19,20,20,22,19,18,18,19,20,16,20,21,21
71,16,15,7,10,8,7,7,9,10,17,16,10,8,7,6,7,11,13,10,7,7,5,10,9,7,4,5,8,9,8,3,4,4,12,12,4,3,6,8,10,11,9,3,4,6,8,10,5,3,3,4,5,7,7,8,9,3,4,5,7,4,1,1,1,2,4,5,6,7,4,0,1,2,4,4,5,6,8,2,2,4,5,8,2,2,4,4,5,9,2,3,4,4,5,6,7,7,8,10,5,3,6,7,7,10,4,3,3,5,6,7,8,8,9,15,14,13,4,5,7,8,8,15,14,14,7,7,8,9,10,11,8,9,9,10,10,17,14,8,9,10,10,11,12,12,13,14,18,17,16,9,6,7,10,11,12,16,18,14,13,13,7,11,12,12,13,14,14,8,10,11,12,13,13,14,18,17,16,15,10,9,8,8,8,10,10,11,13,14,19,9,13,14,19,17,15,9,9,8,9,13,14,15,16,20,16,12,12,10,10,12,15,16,20,18,18,16,15,15,14,14,13,10,10,9,13,14,15,15,21,20,19,17,15,15,15,16,19,19,18,18,17,16,15,18,19,16,16,15,13,12,16,18,21,16,15,14,14,13,14,17,18,19,20,23,17,16,18,18,19,19,20,18,16,18,19,19,20,15,15,19,19,21,20,15,24,16,15,16,26,23,22,19,18,24,21,18,16,17
72,17,16,8,11,9,8,6,8,9,18,18,12,9,8,5,6,10,14,11,8,8,6,11,10,8,4,4,7,10,9,4,4,3,10,13,5,4,5,7,9,12,10,2,3,4,7,11,7,4,2,3,4,5,6,7,10,4,3,4,6,6,2,2,1,1,3,4,4,6,5,1,0,1,3,3,4,4,7,1,1,3,4,7,2,1,3,3,4,8,3,2,3,3,4,5,5,6,7,9,6,2,5,5,6,9,5,4,3,4,5,6,7,7,8,16,15,14,3,4,6,7,7,16,15,15,5,6,7,8,9,10,7,8,8,9,9,18,15,7,8,9,9,10,10,11,12,13,19,18,18,10,6,6,9,10,10,15,19,15,14,14,6,10,10,11,12,13,15,9,9,10,10,12,12,13,19,18,18,16,11,10,9,9,7,9,9,10,12,13,20,10,12,13,20,18,16,10,10,9,8,12,13,14,15,21,18,13,13,12,11,11,14,15,21,19,19,18,16,16,15,15,14,12,11,10,12,13,14,14,23,21,20,18,16,16,14,15,18,20,19,19,18,17,16,16,18,18,17,16,14,13,15,17,20,18,16,15,15,12,13,16,17,18,19,21,18,15,16,17,18,18,19,19,15,16,18,18,19,16,16,18,18,20,21,16,25,17,16,16,27,24,23,20,19,25,22,19,18,17
73,18,17,8,12,9,8,6,7,8,19,18,12,9,8,6,6,9,14,12,9,8,7,12,10,8,5,4,7,10,10,5,4,4,10,14,6,4,4,7,9,13,10,3,3,4,7,12,7,4,2,3,4,5,5,6,10,5,2,3,5,6,3,2,2,1,2,3,4,5,6,2,1,0,2,3,3,4,6,1,1,3,3,6,2,2,2,3,4,8,3,2,2,3,3,4,5,5,6,8,7,3,4,5,5,9,5,4,4,3,4,5,6,7,7,16,15,15,4,4,5,6,7,16,16,15,5,5,6,8,9,9,7,7,8,8,9,19,15,7,8,8,9,9,10,10,11,13,19,19,18,10,7,5,9,9,10,14,19,15,15,14,7,9,10,10,12,12,16,10,8,9,10,11,12,12,20,19,18,16,12,11,10,9,8,8,9,9,12,12,21,10,11,12,20,19,17,11,10,10,9,12,12,13,14,22,18,14,13,12,12,10,13,15,21,20,19,18,17,16,16,15,14,12,12,11,11,12,13,14,23,22,21,19,17,16,14,15,18,21,20,19,19,18,17,16,18,18,18,17,15,14,14,16,20,18,16,16,15,13,12,15,16,18,19,21,19,14,16,16,17,18,19,19,15,16,17,18,18,17,16,17,18,19,22,17,25,18,17,16,28,25,24,20,19,26,23,19,18,18
74,20,19,10,14,12,10,8,6,6,21,20,14,12,10,8,7,7,16,14,11,10,9,14,13,10,7,6,4,13,12,7,7,6,8,16,8,7,3,4,7,15,13,5,4,3,4,14,9,7,4,3,2,3,3,4,13,7,2,1,3,8,5,4,4,3,1,1,2,3,8,4,3,2,0,1,1,2,4,3,3,1,1,4,4,4,2,2,2,5,5,4,3,3,2,2,3,3,4,6,9,5,2,3,3,7,8,7,6,4,3,3,4,4,5,19,18,17,6,5,3,4,4,19,18,18,5,4,4,5,7,7,4,5,5,6,7,21,18,5,5,6,7,7,8,8,9,10,21,21,20,13,9,8,7,7,8,12,21,18,17,16,9,7,8,8,9,10,18,12,7,7,8,9,9,10,22,21,20,19,14,13,12,12,10,8,8,7,9,10,23,13,9,10,23,21,19,13,13,12,11,9,10,11,12,24,20,16,15,14,14,9,11,13,24,22,21,20,19,19,18,18,16,14,14,13,10,10,11,12,25,24,23,21,19,19,12,13,15,23,22,21,21,20,19,14,15,20,20,19,17,16,12,14,18,20,19,18,18,15,14,13,14,15,16,19,21,13,14,14,15,15,16,21,14,14,15,15,16,19,19,15,15,17,24,19,27,20,19,19,30,27,26,23,21,28,25,21,20,20
75,20,20,11,14,12,11,9,7,6,21,21,15,12,11,8,7,7,17,14,12,11,9,14,13,11,8,7,4,13,13,8,7,7,7,16,8,7,4,4,6,15,13,5,4,3,4,14,10,7,4,3,2,2,3,3,13,8,3,2,2,9,5,5,4,3,2,1,1,2,9,4,3,3,1,0,1,1,3,4,3,1,1,3,5,4,3,2,1,5,6,4,4,3,3,2,2,3,3,6,9,5,3,2,3,6,8,7,7,5,4,3,3,4,4,19,18,18,7,5,4,3,4,19,19,18,5,5,4,5,6,7,5,4,5,5,6,21,18,6,5,5,6,7,7,8,8,10,22,21,21,13,9,8,6,7,7,12,22,18,18,17,9,7,7,8,9,9,19,13,8,7,7,8,9,9,23,21,21,19,14,14,13,12,10,9,8,8,9,9,24,13,8,9,23,21,20,14,13,13,12,9,9,10,12,25,21,16,16,15,14,10,10,12,24,23,22,21,20,19,19,18,17,15,14,14,10,9,10,11,26,25,24,21,20,19,11,12,15,24,23,22,21,20,20,13,15,21,20,20,18,16,12,14,17,21,19,19,18,15,15,13,14,15,16,18,21,14,13,14,14,15,16,22,14,13,14,15,15,20,19,14,15,16,25,20,28,20,20,19,31,27,26,23,22,29,25,22,21,20
76,21,20,12,15,13,12,9,7,6,22,21,15,13,12,9,8,6,18,15,12,12,10,15,14,12,8,7,4,14,13,8,8,7,7,17,9,8,4,3,6,16,14,6,5,4,3,15,10,8,5,4,3,2,2,3,14,8,3,2,2,9,6,6,5,4,2,1,1,2,9,5,4,3,1,1,0,1,3,4,4,2,1,3,5,5,3,3,2,4,7,5,4,4,3,2,2,2,3,5,10,6,3,3,2,5,9,8,7,5,4,3,3,3,4,20,19,18,7,6,4,4,3,20,19,19,6,5,5,4,6,6,5,5,4,5,5,22,19,7,5,5,5,6,7,7,8,9,23,22,21,14,10,9,5,6,7,11,23,19,18,18,10,6,7,7,8,9,19,13,8,7,7,8,8,9,23,22,21,20,15,14,13,13,11,9,9,8,8,9,24,14,8,9,24,22,20,14,14,13,12,8,9,10,11,25,21,17,16,15,15,10,10,12,25,23,23,21,20,20,19,19,18,15,15,14,11,10,10,10,26,25,24,22,20,20,10,12,14,24,23,23,22,21,20,13,14,21,21,20,18,17,12,13,16,21,20,19,19,16,15,12,13,14,15,18,22,14,13,13,14,14,15,23,15,14,14,14,15,20,20,14,14,16,25,20,29,21,20,20,31,28,27,24,23,29,26,23,21,21
77,21,21,12,15,13,12,10,8,7,23,22,16,13,12,9,8,6,18,15,13,12,10,15,14,12,9,8,5,14,14,9,8,8,6,18,9,8,5,3,5,16,14,7,5,4,3,15,11,8,5,4,3,2,2,2,14,9,4,3,1,10,7,6,6,4,3,2,1,1,10,6,4,4,2,1,1,0,2,5,4,2,2,2,6,5,4,3,2,4,7,5,5,4,4,3,2,2,2,4,10,7,4,3,3,5,9,8,8,6,5,4,3,3,3,20,19,19,8,7,5,4,4,20,20,19,7,6,5,4,5,5,6,5,5,4,5,23,19,7,6,5,5,5,6,7,7,9,23,23,22,14,10,9,6,5,6,10,23,19,19,18,10,7,6,7,8,8,20,14,9,8,7,7,8,8,24,23,22,20,15,15,14,13,12,10,9,9,8,8,25,14,8,8,24,23,21,15,14,14,13,9,8,9,10,26,22,18,17,16,15,11,9,11,25,24,23,22,21,20,20,19,18,16,15,15,12,10,9,10,27,26,25,23,21,20,10,11,14,25,24,23,23,21,21,12,14,22,21,21,19,18,13,13,16,22,20,20,19,16,16,13,13,14,15,17,23,15,13,13,13,14,15,23,15,14,13,14,14,21,20,14,14,15,26,21,29,21,21,20,32,29,27,24,23,30,26,23,22,21
78,24,23,14,18,15,14,12,10,9,25,24,18,15,14,12,10,7,20,18,15,14,13,18,16,14,11,10,7,16,16,11,10,10,4,20,12,10,7,5,3,19,16,9,8,7,4,18,13,10,8,7,5,4,4,3,16,11,6,5,3,12,9,8,8,7,5,4,3,2,12,8,7,6,4,3,3,2,0,7,7,4,4,1,8,8,6,5,4,2,9,8,7,7,6,5,4,4,3,2,13,9,6,5,5,3,12,10,10,8,7,6,5,5,4,23,21,21,10,9,7,7,6,23,22,21,9,8,8,6,5,4,8,8,7,7,6,25,21,9,8,8,7,7,6,5,5,7,25,25,24,16,13,12,8,8,7,8,25,21,21,20,13,9,8,8,7,6,22,16,11,10,9,8,8,7,26,25,24,23,18,17,16,15,14,12,12,11,9,8,27,16,10,9,26,25,23,17,16,16,15,11,10,9,8,28,24,20,19,18,18,13,10,9,27,26,25,24,23,23,22,21,20,18,18,17,14,13,12,11,29,28,27,25,23,23,12,11,12,27,26,25,25,24,23,12,12,24,24,23,21,20,15,13,14,24,23,22,21,19,18,15,14,13,13,15,25,17,15,15,14,14,13,25,18,16,15,15,14,23,23,16,16,15,28,23,31,24,23,23,34,31,30,26,25,32,29,25,24,24
79,18,17,8,12,9,8,6,8,9,19,18,12,9,8,5,7,10,14,12,9,8,7,12,10,8,5,5,8,10,10,5,4,4,11,14,5,4,6,8,10,13,10,3,4,5,8,12,7,4,3,4,5,6,7,7,10,5,3,4,6,6,3,2,2,2,3,4,5,6,6,2,1,1,3,4,4,5,7,0,1,3,3,6,1,1,2,3,4,8,2,2,2,3,3,4,5,6,6,8,5,2,4,5,5,9,4,3,3,3,4,5,6,7,7,15,14,14,3,4,5,6,7,15,15,14,5,6,6,8,9,9,7,7,8,8,9,18,14,7,8,8,9,9,10,10,11,13,18,18,17,9,5,6,9,9,10,14,18,14,14,13,5,9,10,10,12,12,15,9,8,9,10,11,12,12,19,18,17,15,10,10,9,8,7,8,9,9,12,12,20,9,11,12,19,18,16,10,9,9,8,12,12,13,14,21,17,13,12,11,10,10,13,15,20,19,18,17,16,15,15,14,13,11,10,10,11,12,13,14,22,21,20,18,16,15,14,15,18,20,19,18,18,16,16,16,18,17,16,16,14,13,14,16,20,17,15,15,14,12,12,15,16,18,19,21,18,14,16,16,17,18,19,18,15,16,17,18,18,16,15,17,18,19,21,16,24,16,16,15,27,24,23,19,18,25,21,18,17,16
80,18,18,9,12,10,9,7,8,9,19,19,13,10,9,6,6,10,15,12,9,9,7,12,11,9,5,4,7,11,10,6,5,4,10,14,6,5,5,7,9,13,11,3,3,4,7,12,8,5,2,3,4,5,6,7,11,6,3,4,6,7,3,3,2,1,3,4,4,6,7,2,1,1,3,3,4,4,7,1,0,2,3,5,2,1,2,2,3,7,3,1,2,2,3,4,4,5,6,8,6,2,4,4,5,8,5,4,3,3,4,5,5,6,7,16,15,14,3,3,5,5,6,16,15,15,4,5,5,7,8,9,6,7,7,8,8,18,15,6,7,8,8,9,9,10,10,12,19,18,18,10,6,5,8,9,9,14,19,15,14,14,6,9,9,10,11,12,15,9,8,9,9,10,11,12,19,18,18,16,11,10,9,9,7,8,8,9,11,12,20,10,10,12,20,18,16,10,10,9,8,11,12,13,14,21,18,13,13,12,11,10,13,14,21,19,19,18,16,16,15,15,14,12,11,10,10,12,13,13,23,21,20,18,16,16,13,14,17,20,19,19,18,17,16,15,17,18,17,16,14,13,14,16,19,18,16,15,15,12,12,15,16,17,18,20,18,14,15,16,16,17,18,19,14,15,16,17,18,16,16,16,17,19,21,16,25,17,16,16,27,24,23,20,19,25,22,19,18,17
81,20,20,11,14,12,11,9,7,7,21,21,15,12,11,8,7,8,17,14,12,11,9,14,13,11,8,7,5,13,13,8,7,7,8,16,8,7,4,5,7,15,13,5,4,3,5,14,10,7,4,3,2,3,4,4,13,8,3,2,3,9,5,5,4,3,2,2,2,3,9,4,3,3,1,1,2,2,4,3,2,0,1,3,4,3,2,1,1,5,5,3,3,2,2,2,2,3,3,6,8,4,2,2,3,6,7,6,5,4,3,3,3,4,4,18,17,16,5,4,3,3,4,18,18,17,4,4,3,5,6,7,4,4,5,5,6,20,17,5,5,5,6,7,7,8,8,10,21,20,20,12,8,7,6,7,7,12,21,17,16,16,8,7,7,8,9,9,18,12,7,7,7,8,9,9,21,20,20,18,13,13,12,11,9,8,7,7,9,9,23,12,8,9,22,20,19,13,12,12,10,9,9,10,12,24,20,15,15,14,13,9,10,12,23,21,21,20,19,18,18,17,16,14,13,13,9,9,10,11,25,24,23,20,19,18,11,12,15,23,21,21,20,19,19,13,15,20,19,19,16,15,12,14,17,20,18,18,17,14,14,13,14,15,16,18,20,13,13,14,14,15,16,21,13,13,14,15,15,19,18,14,15,16,24,19,27,19,19,18,30,26,25,22,21,27,24,21,20,19
82,21,20,12,15,13,12,9,7,6,22,21,15,13,12,9,8,7,18,15,12,12,10,15,14,12,8,7,4,14,13,8,8,7,8,17,9,8,4,4,7,16,14,6,5,4,4,15,10,8,5,4,3,3,3,4,14,8,3,2,3,9,6,5,5,4,2,1,2,3,9,5,4,3,1,1,1,2,4,3,3,1,0,3,4,4,2,2,1,4,5,4,3,3,2,1,2,2,3,5,9,5,2,2,2,6,8,7,6,4,3,2,3,3,4,19,18,17,6,5,3,3,3,19,18,18,5,4,4,4,6,6,4,4,4,5,6,21,18,5,4,5,6,6,7,7,8,9,21,21,20,13,9,8,6,6,7,11,21,18,17,16,9,6,7,7,8,9,18,12,7,6,7,8,8,9,22,21,20,19,14,13,12,12,10,8,8,7,8,9,23,13,8,9,23,21,19,13,13,12,11,8,9,10,11,24,20,16,15,14,14,9,10,12,24,22,21,20,19,19,18,18,16,14,14,13,10,9,10,10,25,24,23,21,19,19,10,12,14,23,22,21,21,20,19,13,14,20,20,19,17,16,11,13,16,20,19,18,18,15,14,12,13,14,15,18,21,13,13,13,14,14,15,21,14,13,14,14,15,19,19,14,14,16,24,19,27,20,19,19,30,27,26,23,21,28,25,21,20,20
83,24,23,14,18,15,14,12,10,9,25,24,18,15,14,12,10,7,20,18,15,14,13,18,16,14,11,10,7,16,16,11,10,10,5,20,12,10,7,5,4,19,16,9,8,7,4,18,13,10,8,7,5,4,4,3,16,11,6,5,3,12,9,8,8,7,5,4,3,2,12,8,7,6,4,3,3,2,1,6,5,3,3,0,7,7,5,4,3,2,8,7,6,5,5,4,3,3,2,2,12,8,5,4,4,3,10,9,9,7,6,5,4,4,3,21,20,20,9,8,6,5,5,21,21,20,8,7,7,5,4,3,7,7,6,5,5,24,20,8,7,7,6,5,5,4,5,7,24,24,23,15,12,10,7,7,6,8,24,20,20,19,12,8,7,7,5,6,21,15,10,9,8,7,7,6,25,24,23,21,16,16,15,14,13,11,10,10,8,7,26,15,9,8,25,24,22,16,15,15,14,10,9,8,8,27,23,19,18,17,16,12,9,9,26,25,24,23,22,21,21,20,19,17,16,16,13,12,10,10,28,27,26,24,22,21,11,10,12,26,25,24,24,23,22,11,12,23,23,22,20,19,14,12,14,23,21,21,20,18,17,14,13,12,13,15,24,16,14,14,13,13,13,24,16,15,14,14,13,22,21,15,15,14,27,22,30,23,22,21,33,30,29,25,24,31,27,24,23,23
84,18,17,8,12,9,8,7,9,10,19,18,12,9,8,7,8,12,14,12,9,8,7,12,10,8,5,6,9,10,10,5,4,5,12,14,5,4,7,9,11,13,10,4,5,6,9,12,7,4,4,5,6,7,8,8,10,5,4,5,7,6,3,2,2,3,4,5,6,7,6,2,2,2,4,5,5,6,8,1,2,4,4,7,0,1,2,3,4,8,1,2,2,3,3,4,5,6,6,8,4,2,4,5,5,9,3,2,2,3,4,5,6,7,7,14,13,13,3,4,5,6,7,14,14,13,5,6,6,8,9,9,7,7,8,8,9,16,13,7,8,8,9,9,10,10,11,13,17,16,16,8,4,6,9,9,10,14,17,13,13,12,5,9,10,10,12,12,14,8,8,9,10,11,12,12,18,16,16,14,9,9,8,7,7,8,9,9,12,12,19,8,11,12,18,16,15,9,8,8,8,12,12,13,14,20,16,12,11,10,9,10,13,15,19,18,17,16,15,14,14,13,12,10,9,9,11,12,13,14,21,20,19,16,15,14,14,15,18,19,18,17,16,15,15,16,18,16,15,15,13,12,14,16,20,16,14,14,13,12,12,15,16,18,19,21,16,14,16,16,17,18,19,17,15,16,17,18,18,15,14,17,18,19,20,15,23,15,15,14,26,23,21,18,17,24,20,17,16,15
85,18,18,9,12,10,9,7,9,10,19,19,13,10,9,6,7,11,15,12,9,9,7,12,11,9,5,5,8,11,10,5,5,4,12,14,6,5,6,8,10,13,11,3,4,5,8,12,8,5,3,4,5,7,7,8,11,5,4,5,7,7,3,3,2,2,4,5,5,7,7,2,1,2,4,4,5,5,8,1,1,3,4,7,1,0,2,2,3,7,2,1,2,2,3,4,4,5,6,8,5,1,4,4,5,8,4,3,2,3,4,5,6,6,7,15,14,13,2,3,5,5,6,15,14,14,4,5,6,7,8,9,6,7,7,8,8,17,14,6,7,8,8,9,9,10,10,12,18,17,16,9,5,5,8,9,9,14,18,14,13,13,5,9,9,10,11,12,14,8,8,9,9,10,11,12,18,17,16,15,10,9,8,8,6,8,8,9,11,12,19,9,10,12,19,17,15,9,9,8,7,11,12,13,14,20,16,12,12,10,10,10,13,14,20,18,18,16,15,15,14,14,13,10,10,9,10,12,13,13,21,20,19,17,15,15,13,14,17,19,18,18,17,16,15,15,17,16,16,15,13,12,14,16,19,16,15,14,14,11,12,15,16,17,18,20,17,14,15,16,16,17,18,18,14,15,16,17,18,15,15,16,17,19,20,15,24,16,15,15,26,23,22,19,18,24,21,18,16,16
86,20,19,10,14,12,10,8,7,8,21,20,14,12,10,8,7,9,16,14,11,10,9,14,13,10,7,6,7,13,12,7,7,6,10,16,8,7,4,7,9,15,13,5,4,4,7,14,9,7,4,3,4,5,5,6,13,7,2,3,5,8,5,4,4,3,2,3,4,5,8,4,3,2,2,3,3,4,6,2,2,2,2,5,2,2,0,1,2,6,3,2,1,1,1,2,3,3,4,6,7,3,2,3,3,7,6,4,4,2,2,3,4,4,5,16,15,15,4,3,3,4,4,16,16,15,3,3,4,6,7,7,4,5,5,6,7,19,15,4,5,6,7,7,8,8,9,10,19,19,18,10,7,6,7,7,8,12,19,15,15,14,7,7,8,8,9,10,16,10,6,7,8,9,9,10,20,19,18,16,12,11,10,9,8,6,7,7,9,10,21,10,9,10,20,19,17,11,10,10,9,9,10,11,12,22,18,14,13,12,12,8,11,13,21,20,19,18,17,16,16,15,14,12,12,11,9,10,11,12,23,22,21,19,17,16,12,13,15,21,20,19,19,18,17,14,15,18,18,17,15,14,12,14,18,18,16,16,15,13,12,13,14,15,16,19,19,12,14,14,15,15,16,19,13,14,15,15,16,17,16,15,15,17,22,17,25,18,17,16,28,25,24,20,19,26,23,19,18,18
87,20,20,11,14,12,11,9,7,8,21,21,15,12,11,8,7,9,17,14,12,11,9,14,13,11,8,7,6,13,13,8,7,7,9,16,8,7,4,6,8,15,13,5,4,3,6,14,10,7,4,3,3,4,5,5,13,8,3,3,4,9,5,5,4,3,2,3,3,4,9,4,3,3,2,2,3,3,5,3,2,1,2,4,3,2,1,0,1,5,4,2,2,1,1,2,2,3,3,6,7,3,2,2,3,6,6,5,4,3,2,3,3,4,4,17,16,15,4,3,3,3,4,17,16,16,3,3,3,5,6,7,4,4,5,5,6,19,16,4,5,5,6,7,7,8,8,10,20,19,19,11,7,6,6,7,7,12,20,16,15,15,7,7,7,8,9,9,16,10,6,7,7,8,9,9,20,19,19,17,12,12,10,10,8,7,6,7,9,9,21,11,8,9,21,19,18,12,11,10,9,9,9,10,12,23,19,14,14,13,12,8,10,12,22,20,20,19,18,17,16,16,15,13,12,12,8,9,10,11,24,23,21,19,18,17,11,12,15,21,20,20,19,18,18,13,15,19,18,18,15,14,12,14,17,19,17,16,16,13,13,13,14,15,16,18,19,12,13,14,14,15,16,20,12,13,14,15,15,18,17,14,15,16,23,18,26,18,18,17,29,25,24,21,20,26,23,20,19,18
88,21,21,12,15,13,12,10,8,7,23,22,16,13,12,9,8,8,18,15,13,12,10,15,14,12,9,8,5,14,14,9,8,8,8,18,9,8,5,5,7,16,14,7,5,4,5,15,11,8,5,4,3,3,4,4,14,9,4,3,3,10,7,6,5,4,3,2,2,3,10,5,4,4,2,1,2,2,4,4,3,1,1,3,4,3,2,1,0,4,5,3,3,2,2,1,1,2,2,4,8,4,2,1,2,5,7,6,5,4,3,2,2,3,3,18,17,16,5,4,3,2,3,18,18,17,4,4,3,4,5,6,4,3,4,4,5,20,17,5,4,4,5,6,6,7,7,9,21,20,20,12,8,7,5,6,6,10,21,17,16,16,8,6,6,7,8,8,18,12,7,6,6,7,8,8,21,20,20,18,13,13,12,11,9,8,7,7,8,8,23,12,7,8,22,20,19,13,12,12,10,8,8,9,10,24,20,15,15,14,13,9,9,11,23,21,21,20,19,18,18,17,16,14,13,13,9,8,9,10,25,24,23,20,19,18,10,11,14,23,21,21,20,19,19,12,14,20,19,19,16,15,10,13,16,20,18,18,17,14,14,12,13,14,15,17,20,13,12,13,13,14,15,21,13,12,13,14,14,19,18,13,14,15,24,19,27,19,19,18,30,26,25,22,21,27,24,21,20,19
89,25,25,16,19,17,16,14,12,10,26,26,20,17,16,13,12,8,22,19,16,16,14,19,18,16,13,12,9,18,18,13,12,12,4,21,13,12,9,7,4,20,18,10,9,8,5,19,15,12,9,8,7,6,5,5,18,13,8,7,5,14,10,10,9,8,7,6,5,4,14,9,8,8,5,5,4,4,2,8,7,5,4,2,8,7,6,5,4,0,9,7,7,6,6,4,4,3,3,1,12,8,6,5,4,1,11,10,9,8,7,6,5,4,4,22,21,20,9,8,7,6,6,22,21,21,8,8,7,6,4,4,8,7,7,6,5,24,21,9,8,7,7,6,5,5,4,5,25,24,24,16,12,11,8,7,7,7,25,21,20,20,12,8,8,7,6,6,21,15,10,9,9,8,7,7,25,24,24,22,17,16,15,15,13,12,11,10,8,8,26,16,10,9,26,24,23,16,16,15,14,10,10,9,8,27,24,19,19,18,17,13,10,8,27,25,25,24,23,22,21,21,20,18,17,16,13,12,11,10,29,28,26,24,23,22,12,10,10,26,25,25,24,23,23,12,10,24,23,23,20,19,14,12,12,24,22,21,21,18,18,14,13,12,11,13,24,16,15,14,14,13,12,25,17,16,15,14,14,23,22,16,15,15,28,23,31,23,23,22,34,30,29,26,25,31,28,25,24,23
90,18,17,8,12,9,8,8,10,12,19,18,12,9,8,8,9,13,14,12,9,8,7,12,10,8,6,7,10,10,10,5,6,6,13,14,5,4,8,10,12,13,10,5,6,7,10,12,7,4,5,6,7,8,9,9,10,5,6,7,8,6,3,2,3,4,6,7,7,8,6,2,3,3,5,6,7,7,9,2,3,5,5,8,1,2,3,4,5,9,0,2,2,3,3,4,5,6,6,8,3,2,4,5,5,9,2,1,2,3,4,5,6,7,7,13,12,12,3,4,5,6,7,13,13,12,5,6,6,8,9,9,7,7,8,8,9,15,12,7,8,8,9,9,10,10,11,13,16,15,15,7,4,6,9,9,10,14,16,12,12,11,5,9,10,10,12,12,13,7,8,9,10,11,12,12,16,15,15,13,8,8,7,6,7,8,9,9,12,12,18,7,11,12,17,15,14,8,7,7,8,12,12,13,14,19,15,10,10,9,8,10,13,15,18,16,16,15,14,13,13,12,11,9,8,8,11,12,13,14,20,19,18,15,14,13,14,15,18,18,16,16,15,14,14,16,18,15,14,14,12,10,14,16,20,15,13,13,12,12,12,15,16,18,19,21,15,14,16,16,17,18,19,16,15,16,17,18,18,14,13,17,18,19,19,14,22,14,14,14,25,21,20,17,16,23,19,16,15,15
91,19,19,10,13,11,10,8,9,10,20,20,14,11,10,7,7,11,16,13,10,10,8,13,12,10,7,5,8,12,12,7,6,6,12,15,7,6,6,8,10,14,12,4,4,5,8,13,9,6,3,4,5,7,7,8,12,7,4,5,7,8,4,4,3,2,4,5,5,7,8,3,2,2,4,4,5,5,8,2,1,3,4,7,2,1,2,2,3,7,2,0,1,1,2,3,3,4,4,7,5,1,3,3,4,7,4,3,2,2,3,4,4,5,6,15,14,13,2,2,4,4,5,15,14,14,3,4,4,6,7,8,5,5,6,7,7,17,14,5,6,7,7,8,8,9,9,11,18,17,16,9,5,4,7,8,8,13,18,14,13,13,5,8,8,9,10,10,14,8,7,8,8,9,10,10,18,17,16,15,10,9,8,8,6,7,7,8,10,10,19,9,9,10,19,17,15,9,9,8,7,10,10,12,13,20,16,12,12,10,10,9,12,13,20,18,18,16,15,15,14,14,13,10,10,9,9,10,12,12,21,20,19,17,15,15,12,13,16,19,18,18,17,16,15,14,16,16,16,15,13,12,13,15,18,16,15,14,14,11,10,14,15,16,17,19,17,13,14,15,15,16,17,18,13,14,15,16,16,15,15,15,16,18,20,15,24,16,15,15,26,23,22,19,18,24,21,18,16,16
92,20,19,10,14,12,10,8,8,9,21,20,14,12,10,8,7,10,16,14,11,10,9,14,13,10,7,6,8,13,12,7,7,6,11,16,8,7,5,8,10,15,13,5,4,5,8,14,9,7,4,4,5,6,7,7,13,7,3,4,6,8,5,4,4,3,3,4,5,6,8,4,3,2,3,4,4,5,7,2,2,3,3,6,2,2,1,2,3,7,2,1,0,1,1,2,3,3,4,6,5,2,2,3,3,7,4,3,3,1,2,3,4,4,5,15,14,14,3,2,3,4,4,15,15,14,3,3,4,5,7,7,4,5,5,6,7,18,14,4,5,6,7,7,8,8,9,10,18,18,17,9,6,4,7,7,8,12,18,14,14,13,6,7,8,8,9,10,15,9,6,7,8,9,9,10,19,18,17,15,10,10,9,8,7,6,7,7,9,10,20,9,9,10,19,18,16,10,9,9,8,9,10,11,12,21,17,13,12,11,10,8,11,13,20,19,18,17,16,15,15,14,13,11,10,10,9,10,11,12,22,21,20,18,16,15,12,13,15,20,19,18,18,16,16,14,15,17,16,16,14,13,12,14,18,17,15,15,14,12,11,13,14,15,16,19,18,12,14,14,15,15,16,18,13,14,15,15,16,16,15,15,15,17,21,16,24,16,16,15,27,24,23,19,18,25,21,18,17,16
93,20,20,11,14,12,11,9,8,9,21,21,15,12,11,8,7,10,17,14,12,11,9,14,13,11,8,7,7,13,13,8,7,7,10,16,8,7,5,7,9,15,13,5,4,4,7,14,10,7,4,3,4,5,6,7,13,8,3,4,6,9,5,5,4,3,3,4,4,6,9,4,3,3,3,3,4,4,7,3,2,2,3,5,3,2,1,1,2,6,3,1,1,0,1,2,2,3,3,6,6,2,2,2,3,6,5,4,3,2,2,3,3,4,4,16,15,14,3,2,3,3,4,16,15,15,2,3,3,5,6,7,4,4,5,5,6,18,15,4,5,5,6,7,7,8,8,10,19,18,18,10,6,5,6,7,7,12,19,15,14,14,6,7,7,8,9,9,15,9,6,7,7,8,9,9,19,18,18,16,11,10,9,9,7,5,6,7,9,9,20,10,8,9,20,18,16,10,10,9,8,9,9,10,12,21,18,13,13,12,11,8,10,12,21,19,19,18,16,16,15,15,14,12,11,10,8,9,10,11,23,21,20,18,16,16,11,12,15,20,19,19,18,17,16,13,15,18,17,16,14,13,12,14,17,18,16,15,15,12,12,13,14,15,16,18,18,12,13,14,14,15,16,19,12,13,14,15,15,16,16,14,15,16,21,16,25,17,16,16,27,24,23,20,19,25,22,19,18,17
94,21,20,12,15,13,12,9,7,8,22,21,15,13,12,9,8,9,18,15,12,12,10,15,14,12,8,7,7,14,13,8,8,7,10,17,9,8,4,7,9,16,14,6,5,4,7,15,10,8,5,4,4,5,5,6,14,8,3,3,5,9,6,6,5,4,2,3,4,5,9,5,4,3,2,3,3,4,6,3,3,2,2,5,3,3,1,1,2,6,3,2,1,1,0,1,2,2,3,5,7,3,1,2,2,5,6,4,4,2,1,2,3,3,4,16,15,15,4,3,2,3,3,16,16,15,3,2,3,4,6,6,3,4,4,5,5,19,15,3,4,5,5,6,7,7,8,9,19,19,18,10,7,6,5,6,7,11,19,15,15,14,7,6,7,7,8,9,16,10,5,6,7,8,8,9,20,19,18,16,12,11,10,9,8,6,5,6,8,9,21,10,8,9,20,19,17,11,10,10,9,8,9,10,11,22,18,14,13,12,12,7,10,12,21,20,19,18,17,16,16,15,14,12,12,11,8,9,10,10,23,22,21,19,17,16,10,12,14,21,20,19,19,18,17,13,14,18,18,17,15,14,11,13,16,18,16,16,15,13,12,12,13,14,15,18,19,11,13,13,14,14,15,19,12,13,14,14,15,17,16,14,14,16,22,17,25,18,17,16,28,25,24,20,19,26,23,19,18,18
95,22,21,13,16,14,13,10,8,7,23,23,16,14,13,10,9,8,19,16,13,13,11,16,15,13,9,8,5,15,14,9,9,8,9,18,10,9,5,6,8,17,15,7,6,5,6,16,12,9,6,5,4,4,4,5,15,9,4,3,4,10,7,7,6,5,3,2,3,4,10,6,5,4,2,2,2,3,5,4,4,2,1,4,4,4,2,2,1,4,4,3,2,2,1,0,1,1,2,4,8,4,1,1,1,4,7,5,5,3,2,1,2,2,3,18,16,16,5,4,2,2,2,18,17,16,4,3,3,3,4,5,3,3,3,4,4,20,16,4,3,4,4,5,6,6,7,8,20,20,19,12,8,7,4,5,6,10,20,16,16,15,8,5,6,6,7,8,17,11,6,5,6,7,7,8,21,20,19,18,13,12,11,10,9,7,7,6,7,8,22,12,7,8,21,20,18,12,12,11,10,7,8,9,10,23,19,15,14,13,13,8,9,10,23,21,20,19,18,18,17,16,15,13,13,12,9,8,9,9,24,23,22,20,18,18,9,10,13,22,21,20,20,19,18,12,13,19,19,18,16,15,10,12,15,19,18,17,16,14,13,11,12,13,14,16,20,12,12,12,13,13,14,20,13,12,13,13,14,18,18,13,13,15,23,18,26,19,18,18,29,26,25,21,20,27,24,20,19,19
96,23,22,13,16,14,13,11,9,8,24,23,17,14,13,10,9,8,19,16,14,13,12,16,15,13,10,9,6,15,15,10,9,9,8,19,10,9,6,5,7,18,15,8,7,5,5,16,12,9,7,5,4,3,4,4,15,10,5,4,3,11,8,7,7,5,4,3,2,3,11,7,5,5,3,2,2,2,4,5,4,2,2,3,5,4,3,2,1,4,5,3,3,2,2,1,0,1,1,3,8,4,2,1,1,4,7,6,5,4,3,2,1,2,2,18,17,16,5,4,3,2,2,18,18,17,4,4,3,3,4,4,4,3,3,3,4,20,17,5,4,3,4,4,5,5,6,8,21,20,20,12,8,7,4,4,5,9,21,17,16,16,8,4,5,6,7,7,18,12,7,6,5,6,7,7,21,20,20,18,13,13,12,11,9,8,7,7,7,7,23,12,6,7,22,20,19,13,12,12,10,7,7,8,9,24,20,15,15,14,13,9,8,10,23,21,21,20,19,18,18,17,16,14,13,13,9,8,8,9,25,24,23,20,19,18,9,10,13,23,21,21,20,19,19,11,13,20,19,19,16,15,10,12,15,20,18,18,17,14,14,10,12,13,14,16,20,13,11,12,12,13,14,21,13,12,12,13,13,19,18,12,13,14,24,19,27,19,19,18,30,26,25,22,21,27,24,21,20,19
97,23,23,14,17,15,14,12,9,8,24,24,18,15,14,11,10,7,20,17,14,14,12,17,16,14,10,9,7,16,15,10,10,9,8,19,11,10,7,4,7,18,16,8,7,6,4,17,13,10,7,6,5,4,3,4,16,10,6,4,3,12,8,8,7,6,4,3,3,3,12,7,6,5,3,3,2,2,4,6,5,3,2,3,6,5,3,3,2,3,6,4,3,3,2,1,1,0,1,3,9,5,2,2,1,3,8,7,6,4,3,2,2,1,2,19,18,17,6,5,3,3,2,19,18,18,5,4,4,2,3,4,4,4,3,3,3,21,18,5,4,4,3,4,4,5,5,7,21,21,20,13,9,8,4,4,4,9,21,18,17,16,9,5,4,5,6,7,18,12,7,6,6,6,6,7,22,21,20,19,14,13,12,12,10,8,8,7,6,7,23,13,7,7,23,21,19,13,13,12,11,7,7,8,9,24,20,16,15,14,14,9,8,9,24,22,21,20,19,19,18,18,16,14,14,13,10,9,8,8,25,24,23,21,19,19,8,9,12,23,22,21,21,20,19,10,12,20,20,19,17,16,11,11,14,20,19,18,18,15,14,11,11,12,13,15,21,13,12,11,12,12,13,21,14,13,12,12,13,19,19,13,12,14,24,19,27,20,19,19,30,27,26,23,21,28,25,21,20,20
98,24,23,14,18,15,14,12,10,9,25,24,18,15,14,12,10,7,20,18,15,14,13,18,16,14,11,10,7,16,16,11,10,10,7,20,12,10,7,5,6,19,16,9,8,7,4,18,13,10,8,7,5,4,4,3,16,11,6,5,3,12,9,8,8,7,5,4,3,2,12,8,7,6,4,3,3,2,3,6,6,3,3,2,6,6,4,3,2,3,6,4,4,3,3,2,1,1,0,2,9,6,3,2,2,3,8,7,7,5,4,3,2,2,1,19,18,18,7,5,4,3,3,19,19,18,6,5,4,3,3,3,5,4,4,3,3,21,18,6,5,4,4,3,4,4,5,7,22,21,21,13,9,8,5,4,4,8,22,18,18,17,9,6,5,4,5,6,19,13,8,7,6,5,6,6,23,21,21,19,14,14,13,12,10,9,8,8,5,6,24,13,7,6,23,21,20,14,13,13,12,8,7,7,8,25,21,16,16,15,14,10,7,9,24,23,22,21,20,19,19,18,17,15,14,14,10,9,8,8,26,25,24,21,20,19,9,9,12,24,23,22,21,20,20,10,12,21,20,20,18,16,12,10,14,21,19,19,18,15,15,12,10,12,13,15,21,14,12,12,11,12,13,22,14,13,12,12,12,20,19,13,13,13,25,20,28,20,20,19,31,27,26,23,22,29,25,22,21,20
99,26,25,16,20,18,16,14,12,11,27,26,20,18,16,14,13,9,23,20,17,16,15,20,19,16,13,12,9,19,18,13,13,12,5,22,14,13,9,7,5,21,19,11,10,9,6,20,15,13,10,9,8,7,6,5,19,13,8,7,6,14,11,10,10,9,7,6,6,4,14,10,9,8,6,6,5,4,2,8,8,6,5,2,8,8,6,6,4,1,8,7,6,6,5,4,3,3,2,0,12,8,5,4,4,1,10,9,9,7,6,5,4,4,3,21,20,20,9,8,6,6,5,21,21,20,8,7,7,5,4,3,7,7,6,5,5,24,20,8,7,7,6,5,5,4,4,4,24,24,23,15,12,10,7,7,6,6,24,20,20,19,12,8,7,7,6,5,21,15,10,9,8,7,7,6,25,24,23,21,16,16,15,14,13,11,10,10,8,7,26,15,9,8,25,24,22,16,15,15,14,10,9,8,7,27,23,19,18,17,16,12,9,8,26,25,24,23,22,21,21,20,19,17,16,16,13,12,10,10,28,27,26,24,22,21,11,10,9,26,25,24,24,23,22,11,9,23,23,22,20,19,14,12,12,23,21,21,20,18,17,14,13,12,10,13,24,16,14,14,13,13,12,24,16,15,14,14,13,22,21,15,15,14,27,22,30,23,22,21,33,30,29,25,24,31,27,24,23,23
100,15,15,10,9,8,9,12,14,15,16,16,10,7,8,11,12,16,12,9,7,7,9,9,8,6,9,10,13,8,8,8,9,9,16,12,7,8,11,13,15,10,8,8,9,10,13,9,5,5,8,9,10,12,12,13,8,4,9,10,12,4,5,5,6,7,9,10,10,12,4,5,6,7,9,9,10,10,13,5,6,8,9,12,4,5,7,7,8,12,3,5,5,6,7,8,8,9,9,12,0,4,7,7,8,11,2,3,4,6,7,8,8,9,9,10,9,8,5,6,8,8,9,10,9,9,7,8,8,10,11,12,9,9,10,10,11,12,9,9,10,10,11,12,12,13,13,15,13,12,12,4,7,8,11,12,12,16,13,9,8,8,8,12,12,13,14,14,9,6,10,12,12,13,14,14,13,12,12,10,5,5,7,7,9,10,11,12,14,14,14,7,13,14,14,12,10,8,8,9,10,14,14,15,16,15,12,7,7,8,8,13,15,17,15,13,13,12,10,10,9,9,8,9,9,10,13,14,15,16,16,15,14,12,10,10,16,17,20,14,13,13,12,11,10,18,20,12,11,10,10,12,16,19,22,12,10,10,11,14,14,18,19,20,21,23,12,16,18,19,19,20,21,13,17,18,19,20,20,13,13,19,20,21,15,15,19,15,16,16,21,18,17,14,15,19,16,16,17,18
101,19,19,10,13,11,10,8,10,11,20,20,14,11,10,7,8,12,16,13,10,10,8,13,12,10,7,7,9,12,12,7,6,5,13,15,7,6,7,9,12,14,12,4,5,7,9,13,9,6,4,5,7,8,8,9,12,7,5,6,8,8,4,4,3,3,5,6,7,8,8,3,2,3,5,5,6,7,9,2,2,4,5,8,2,1,3,3,4,8,2,1,2,2,3,4,4,5,6,8,4,0,3,3,4,7,3,2,1,2,3,4,4,5,6,14,13,12,1,2,4,4,5,14,13,13,3,4,4,6,7,8,5,5,6,7,7,16,13,5,6,7,7,8,8,9,9,11,16,16,15,8,4,4,7,8,8,13,16,13,12,12,4,8,8,9,10,10,13,7,7,8,8,9,10,10,17,16,15,14,9,8,7,7,5,7,7,8,10,10,18,8,9,10,18,16,14,8,8,7,6,10,10,12,13,19,15,11,10,9,9,9,12,13,19,17,16,15,14,14,13,13,12,9,9,8,9,10,12,12,20,19,18,16,14,14,12,13,16,18,17,16,16,15,14,14,16,15,15,14,12,11,13,15,18,15,14,13,13,10,10,14,15,16,17,19,16,13,14,15,15,16,17,16,13,14,15,16,16,14,14,15,16,18,19,14,23,15,14,14,25,22,21,18,16,23,20,16,15,15
102,22,21,13,16,14,13,10,8,8,23,23,16,14,13,10,9,9,19,16,13,13,11,16,15,13,9,8,7,15,14,9,9,8,10,18,10,9,5,7,9,17,15,7,6,5,7,16,12,9,6,5,4,5,5,6,15,9,4,3,5,10,7,7,6,5,3,3,4,5,10,6,5,4,2,3,3,4,6,4,4,2,2,5,4,4,2,2,2,6,4,3,2,2,1,1,2,2,3,5,7,3,0,1,1,4,6,4,4,2,1,1,2,2,3,16,15,15,4,3,1,2,2,16,16,15,3,2,2,3,4,5,2,3,3,4,4,19,15,3,3,4,4,5,6,6,7,8,19,19,18,10,7,6,4,5,6,10,19,15,15,14,7,5,6,6,7,8,16,10,5,5,6,7,7,8,20,19,18,16,12,11,10,9,8,6,5,5,7,8,21,10,7,8,20,19,17,11,10,10,9,7,8,9,10,22,18,14,13,12,12,7,9,10,21,20,19,18,17,16,16,15,14,12,12,11,8,8,9,9,23,22,21,19,17,16,9,10,13,21,20,19,19,18,17,12,13,18,18,17,15,14,10,12,15,18,16,16,15,13,12,11,12,13,14,16,19,11,12,12,13,13,14,19,12,12,13,13,14,17,16,13,13,15,22,17,25,18,17,16,28,25,24,20,19,26,23,19,18,18
103,23,22,13,16,14,13,11,9,8,24,23,17,14,13,10,9,9,19,16,14,13,12,16,15,13,10,9,6,15,15,10,9,9,9,19,10,9,6,6,8,18,15,8,7,5,6,16,12,9,7,5,4,4,5,5,15,10,5,4,4,11,8,7,7,5,4,3,3,4,11,7,5,5,3,2,3,3,5,5,4,2,2,4,5,4,3,2,1,5,5,3,3,2,2,1,1,2,2,4,7,3,1,0,1,4,6,5,4,3,2,1,1,2,2,17,16,15,4,3,2,1,2,17,16,16,3,3,2,3,4,4,3,2,3,3,4,19,16,4,3,3,4,4,5,6,6,8,20,19,19,11,7,6,4,4,5,9,20,16,15,15,7,4,5,6,7,7,16,10,5,4,5,6,7,7,20,19,19,17,12,12,10,10,8,7,6,5,7,7,21,11,6,7,21,19,18,12,11,10,9,7,7,8,9,23,19,14,14,13,12,8,8,10,22,20,20,19,18,17,16,16,15,13,12,12,8,7,8,9,24,23,21,19,18,17,9,10,13,21,20,20,19,18,18,11,13,19,18,18,15,14,9,12,15,19,17,16,16,13,13,10,12,13,14,16,19,12,11,12,12,13,14,20,12,11,12,13,13,18,17,12,13,14,23,18,26,18,18,17,29,25,24,21,20,26,23,20,19,18
104,23,23,14,17,15,14,12,9,8,24,24,18,15,14,11,10,8,20,17,14,14,12,17,16,14,10,9,7,16,15,10,10,9,9,19,11,10,7,5,8,18,16,8,7,6,5,17,13,10,7,6,5,4,4,5,16,10,5,4,4,12,8,8,7,6,4,3,3,4,12,7,6,5,3,3,2,3,5,5,5,3,2,4,5,5,3,3,2,4,5,4,3,3,2,1,1,1,2,4,8,4,1,1,0,3,7,6,5,3,2,1,1,1,2,18,16,16,5,4,2,2,1,18,17,16,4,3,3,2,3,4,3,3,2,3,3,20,16,4,3,3,3,4,4,5,6,7,20,20,19,12,8,7,3,4,4,9,20,16,16,15,8,4,4,5,6,7,17,11,6,5,4,6,6,7,21,20,19,18,13,12,11,10,9,7,7,6,6,7,22,12,6,7,21,20,18,12,12,11,10,6,7,8,9,23,19,15,14,13,13,8,8,9,23,21,20,19,18,18,17,16,15,13,13,12,9,8,8,8,24,23,22,20,18,18,8,9,12,22,21,20,20,19,18,10,12,19,19,18,16,15,10,11,14,19,18,17,16,14,13,10,11,12,13,15,20,12,10,11,12,12,13,20,13,12,12,12,13,18,18,12,12,14,23,18,26,19,18,18,29,26,25,21,20,27,24,20,19,19
105,26,26,17,20,18,17,15,13,12,27,27,21,18,17,14,13,9,23,20,18,17,15,20,19,17,14,13,10,19,19,14,13,13,5,23,14,13,10,8,5,21,19,12,10,9,7,20,16,13,10,9,8,7,7,6,19,14,9,8,6,15,12,11,10,9,8,7,6,5,15,10,9,9,7,6,5,5,3,9,8,6,6,3,9,8,7,6,5,1,9,7,7,6,5,4,4,3,3,1,11,7,4,4,3,0,10,9,8,7,6,4,4,3,3,21,20,19,8,7,6,5,4,21,20,20,7,7,6,4,3,3,7,6,6,5,4,23,20,8,7,6,6,5,4,4,3,4,24,23,23,15,11,10,7,6,6,6,24,20,19,19,11,7,7,6,5,4,20,14,9,8,8,7,6,6,24,23,23,21,16,15,14,14,12,10,10,9,7,7,25,15,9,8,25,23,21,15,15,14,13,9,9,8,7,26,23,18,18,16,16,12,9,7,26,24,24,23,21,21,20,20,19,16,16,15,12,11,10,9,27,26,25,23,21,21,10,9,9,25,24,24,23,22,21,10,9,23,22,21,19,18,13,11,11,23,21,20,20,17,16,13,12,11,10,12,23,15,14,13,13,12,11,24,16,15,14,13,13,21,21,15,14,14,26,21,30,22,21,21,32,29,28,25,24,30,27,24,23,22
106,18,17,9,12,9,8,10,13,14,19,18,12,9,8,10,11,15,14,12,9,8,8,12,10,8,8,9,12,10,10,7,8,8,15,14,5,7,10,12,14,13,10,7,8,9,12,12,7,4,7,8,9,10,11,12,10,5,8,9,10,6,4,4,5,6,8,9,9,10,6,4,5,5,8,8,9,9,12,4,5,7,8,10,3,4,6,6,7,11,2,4,4,5,6,7,7,8,8,10,2,3,6,6,7,10,0,1,2,3,4,5,6,7,7,11,10,9,3,4,5,6,7,11,10,10,5,6,6,8,9,9,7,7,8,8,9,13,10,7,8,8,9,9,10,10,11,13,14,13,13,5,4,6,9,9,10,14,14,10,9,9,5,9,10,10,12,12,10,4,8,9,10,11,12,12,14,13,13,11,6,5,4,5,7,8,9,9,12,12,15,5,11,12,15,13,12,5,6,7,8,12,12,13,14,16,13,8,8,7,6,10,13,15,16,14,14,13,12,11,10,10,9,7,7,8,11,12,13,14,18,16,15,13,12,11,14,15,18,15,14,14,13,12,12,16,18,13,12,12,9,9,14,16,20,13,11,10,10,12,12,15,16,18,19,21,13,14,16,16,17,18,19,14,15,16,17,18,18,12,11,17,18,19,16,13,20,13,14,14,23,19,18,15,14,20,17,14,15,15
107,19,18,9,13,10,9,9,12,13,20,19,13,10,9,9,10,14,15,13,10,9,8,13,12,9,7,8,11,12,11,6,7,7,14,15,7,5,9,11,13,14,12,6,7,8,11,13,8,5,6,7,8,9,10,10,12,6,7,8,9,7,4,3,4,5,7,8,8,9,7,3,4,4,7,7,8,8,10,3,4,6,7,9,2,3,4,5,6,10,1,3,3,4,4,5,6,7,7,9,3,2,4,5,6,9,1,0,1,2,3,4,5,6,6,12,11,10,2,3,4,5,5,12,12,11,4,4,5,7,8,8,5,6,7,7,8,14,11,6,7,7,8,8,9,9,10,12,15,14,14,6,3,4,8,8,9,13,15,11,10,10,4,8,9,9,10,11,12,5,7,8,9,10,10,11,15,14,14,12,7,7,5,5,5,7,8,8,10,11,16,6,10,11,16,14,13,7,6,5,7,10,11,12,13,18,14,9,9,8,7,9,12,14,17,15,15,14,13,12,12,11,10,8,7,7,10,11,12,13,19,18,16,14,13,12,13,14,16,16,15,15,14,13,13,15,16,14,13,13,10,9,13,15,19,14,12,12,11,10,11,14,15,16,18,20,14,13,15,15,16,16,18,15,14,15,16,16,17,13,12,16,16,18,18,13,21,13,13,13,24,20,19,16,15,21,18,15,14,14
108,19,19,10,13,11,10,9,11,12,20,20,14,11,10,8,9,13,16,13,10,10,8,13,12,10,7,8,10,12,12,7,6,7,14,15,7,6,8,10,13,14,12,5,7,8,10,13,9,6,5,7,8,9,9,10,12,7,6,7,9,8,4,4,3,4,6,7,8,9,8,3,3,4,6,7,7,8,10,3,3,5,6,9,2,2,4,4,5,9,2,2,3,3,4,5,5,6,7,9,4,1,4,4,5,8,2,1,0,2,3,4,4,5,6,13,12,11,1,2,4,4,5,13,12,12,3,4,4,6,7,8,5,5,6,7,7,15,12,5,6,7,7,8,8,9,9,11,15,15,14,7,3,4,7,8,8,13,15,12,11,10,4,8,8,9,10,10,12,6,7,8,8,9,10,10,16,15,14,13,8,7,6,5,5,7,7,8,10,10,17,7,9,10,16,15,13,7,7,6,6,10,10,12,13,18,14,10,9,8,8,9,12,13,18,16,15,14,13,13,12,12,10,8,8,7,9,10,12,12,19,18,17,15,13,13,12,13,16,17,16,15,15,14,13,14,16,14,14,13,11,10,13,15,18,14,13,12,12,10,10,14,15,16,17,19,15,13,14,15,15,16,17,15,13,14,15,16,16,13,13,15,16,18,18,13,21,14,13,13,24,21,20,16,15,22,19,15,14,14
109,21,20,12,15,13,12,9,9,10,22,21,15,13,12,9,8,12,18,15,12,12,10,15,14,12,8,7,9,14,13,8,8,7,12,17,9,8,7,9,11,16,14,6,5,6,9,15,10,8,5,5,6,7,8,8,14,8,4,5,7,9,6,6,5,4,4,5,6,7,9,5,4,3,4,5,5,6,8,3,3,4,4,7,3,3,2,3,4,8,3,2,1,2,2,3,4,4,5,7,6,2,2,3,3,7,3,2,2,0,1,2,3,3,4,14,13,13,2,1,2,3,3,14,14,13,2,2,3,4,6,6,3,4,4,5,5,16,13,3,4,5,5,6,7,7,8,9,17,16,16,8,4,3,5,6,7,11,17,13,13,12,4,6,7,7,8,9,14,8,5,6,7,8,8,9,18,16,16,14,9,9,8,7,6,5,5,6,8,9,19,8,8,9,18,16,15,9,8,8,7,8,9,10,11,20,16,12,11,10,9,7,10,12,19,18,17,16,15,14,14,13,12,10,9,9,8,9,10,10,21,20,19,16,15,14,10,12,14,19,18,17,16,15,15,13,14,16,15,15,13,12,11,13,16,16,14,14,13,10,10,12,13,14,15,18,16,11,13,13,14,14,15,17,12,13,14,14,15,15,14,14,14,16,20,15,23,15,15,14,26,23,21,18,17,24,20,17,16,15
110,22,21,13,16,14,13,10,8,9,23,23,16,14,13,10,9,10,19,16,13,13,11,16,15,13,9,8,8,15,14,9,9,8,11,18,10,9,5,8,10,17,15,7,6,5,8,16,12,9,6,5,5,6,7,7,15,9,4,4,6,10,7,7,6,5,3,4,5,6,10,6,5,4,3,4,4,5,7,4,4,3,3,6,4,4,2,2,3,7,4,3,2,2,1,2,3,3,4,6,7,3,1,2,2,6,4,3,3,1,0,1,2,2,3,15,14,14,3,2,1,2,2,15,15,14,2,1,2,3,4,5,2,3,3,4,4,18,14,2,3,4,4,5,6,6,7,8,18,18,17,9,6,4,4,5,6,10,18,14,14,13,6,5,5,6,7,8,15,9,4,5,5,7,7,8,19,18,17,15,10,10,9,8,7,5,4,5,7,8,20,9,7,8,19,18,16,10,9,9,8,7,8,9,10,21,17,13,12,11,10,6,9,10,20,19,18,17,16,15,15,14,13,11,10,10,7,8,9,9,22,21,20,18,16,15,9,10,13,20,19,18,18,16,16,12,13,17,16,16,14,13,10,12,15,17,15,15,14,12,11,11,12,13,14,16,18,10,12,12,13,13,14,18,10,12,13,13,14,16,15,13,13,15,21,16,24,16,16,15,27,24,23,19,18,25,21,18,17,16
111,23,23,14,17,15,14,12,9,8,24,24,18,15,14,11,10,9,20,17,14,14,12,17,16,14,10,9,7,16,15,10,10,9,10,19,11,10,7,7,9,18,16,8,7,6,7,17,13,10,7,6,5,5,5,6,16,10,5,4,5,12,8,8,7,6,4,3,4,5,12,7,6,5,3,3,3,4,6,5,5,3,2,5,5,5,3,3,2,6,5,4,3,3,2,1,2,2,3,5,8,4,1,1,1,4,5,4,4,2,1,0,1,1,2,16,15,15,4,3,1,1,1,16,16,15,3,2,2,2,3,4,2,2,2,3,3,19,15,3,2,3,3,4,4,5,6,7,19,19,18,10,7,5,3,4,4,9,19,15,15,14,7,4,4,5,6,7,16,10,5,4,4,6,6,7,20,19,18,16,12,11,10,9,8,6,5,5,6,7,21,10,6,7,20,19,17,11,10,10,9,6,7,8,9,22,18,14,13,12,12,7,8,9,21,20,19,18,17,16,16,15,14,12,12,11,8,7,8,8,23,22,21,19,17,16,8,9,12,21,20,19,19,18,17,10,12,18,18,17,15,14,9,11,14,18,16,16,15,13,12,10,11,12,13,15,19,11,10,11,12,12,13,19,12,10,12,12,13,17,16,12,12,14,22,17,25,18,17,16,28,25,24,20,19,26,23,19,18,18
112,24,23,14,18,15,14,12,10,9,25,24,18,15,14,12,10,9,20,18,15,14,13,18,16,14,11,10,7,16,16,11,10,10,9,20,12,10,7,6,8,19,16,9,8,7,6,18,13,10,8,7,5,4,5,5,16,11,6,5,4,12,9,8,8,7,5,4,3,4,12,8,7,6,4,3,3,3,5,6,5,3,3,4,6,6,4,3,2,5,6,4,4,3,3,2,1,2,2,4,8,4,2,1,1,4,6,5,4,3,2,1,0,1,1,17,16,15,4,3,2,1,1,17,16,16,3,3,2,2,3,3,3,2,2,2,3,19,16,4,3,2,3,3,4,4,5,7,20,19,19,11,7,6,3,3,4,8,20,16,15,15,7,3,4,4,5,6,16,10,5,4,4,5,6,6,20,19,19,17,12,12,10,10,8,7,6,5,6,6,21,11,5,6,21,19,18,12,11,10,9,5,6,7,8,23,19,14,14,13,12,8,7,9,22,20,20,19,18,17,16,16,15,13,12,12,8,7,7,8,24,23,21,19,18,17,8,9,12,21,20,20,19,18,18,10,12,19,18,18,15,14,9,10,14,19,17,16,16,13,13,9,10,12,13,15,19,12,10,10,11,12,13,20,12,11,11,12,12,18,17,11,12,13,23,18,26,18,18,17,29,25,24,21,20,26,23,20,19,18
113,24,24,15,18,16,15,13,10,9,25,25,19,16,15,12,11,8,21,18,15,15,13,18,17,15,12,10,8,17,16,12,11,10,9,20,12,11,8,5,8,19,17,9,8,7,5,18,14,11,8,7,6,5,4,5,17,12,7,6,4,13,9,9,8,7,5,4,4,4,13,8,7,7,4,4,3,3,5,7,6,4,3,4,7,6,4,4,3,4,7,5,4,4,3,2,2,1,2,4,9,5,2,2,1,3,7,6,5,3,2,1,1,0,1,18,16,16,5,4,2,2,1,18,17,16,4,3,3,1,2,3,3,3,2,2,2,20,16,4,3,3,2,3,3,4,4,6,20,20,19,12,8,7,3,3,3,8,20,16,16,15,8,4,3,4,5,5,17,11,6,5,4,4,5,5,21,20,19,18,13,12,11,10,9,7,7,6,5,6,22,12,6,6,21,20,18,12,12,11,10,6,5,7,8,23,19,15,14,13,13,8,7,8,23,21,20,19,18,18,17,16,15,13,13,12,9,8,7,7,24,23,22,20,18,18,7,8,11,22,21,20,20,19,18,9,11,19,19,18,16,15,10,10,13,19,18,17,16,14,13,10,10,11,12,14,20,12,10,10,10,11,12,20,13,12,10,11,12,18,18,12,11,13,23,18,26,19,18,18,29,26,25,21,20,27,24,20,19,19
114,25,24,15,19,16,15,13,11,10,26,25,19,16,15,13,12,8,21,19,16,15,14,19,18,15,12,11,8,18,17,12,12,11,8,21,13,12,8,6,7,20,18,10,9,8,5,19,14,12,9,8,7,5,5,4,18,12,7,6,4,13,10,9,9,8,6,5,4,3,13,9,8,7,5,4,4,3,4,7,7,4,4,3,7,7,5,4,3,4,7,6,5,4,4,3,2,2,1,3,9,6,3,2,2,3,7,6,6,4,3,2,1,1,0,18,17,16,6,4,3,2,2,18,18,17,4,4,3,2,2,2,4,3,3,2,2,20,17,5,4,3,3,2,3,3,4,5,21,20,20,12,8,7,4,3,3,7,21,17,16,16,8,4,4,3,4,5,18,12,7,6,5,4,4,5,21,20,20,18,13,13,12,11,9,8,7,7,4,5,23,12,6,5,22,20,19,13,12,12,10,7,6,6,7,24,20,15,15,14,13,9,6,8,23,21,21,20,19,18,18,17,16,14,13,13,9,8,7,7,25,24,23,20,19,18,8,8,10,23,21,21,20,19,19,9,10,20,19,19,16,15,10,9,13,20,18,18,17,14,14,10,9,10,12,14,20,13,11,10,10,10,12,21,13,12,11,10,11,19,18,12,12,12,24,19,27,19,19,18,30,26,25,22,21,28,24,21,20,19
115,11,12,20,16,18,19,21,24,25,9,8,14,17,18,21,22,26,11,14,16,17,19,13,14,16,19,20,23,13,13,18,19,19,26,8,16,18,21,23,25,8,10,18,19,20,23,8,13,15,18,19,20,21,22,23,8,14,19,20,21,12,15,15,16,17,19,20,20,21,10,15,16,16,19,19,20,20,23,15,16,18,19,21,14,15,16,17,18,22,13,15,15,16,16,18,18,19,19,21,10,14,16,17,18,21,11,12,13,14,15,16,17,18,18,0,1,2,13,14,15,16,16,1,2,2,15,15,16,18,19,19,16,17,18,18,19,2,4,16,18,18,19,19,20,20,21,23,3,2,3,10,14,15,19,19,20,24,3,7,7,8,15,19,20,20,21,22,7,13,18,19,20,21,21,22,4,6,6,8,13,13,14,15,16,18,19,19,21,22,4,15,21,22,6,8,9,15,16,16,18,21,22,23,24,6,9,14,14,15,16,20,23,25,7,9,9,10,12,12,13,13,14,16,17,18,21,22,23,24,7,8,9,11,13,13,24,25,27,10,11,12,12,14,15,26,27,15,15,16,18,19,24,26,30,16,18,18,19,21,22,25,26,27,29,31,16,24,26,26,27,28,29,17,25,26,27,28,28,20,21,27,27,29,18,23,15,23,24,24,14,17,18,21,23,17,20,24,25,25
116,10,10,19,15,17,18,20,23,24,10,9,13,16,17,20,21,25,10,13,15,16,18,12,13,15,18,19,22,12,12,17,18,18,25,7,15,16,20,22,24,7,9,17,18,19,22,7,12,14,17,18,19,20,21,21,7,13,18,19,20,10,14,14,15,16,18,19,19,20,9,14,15,15,18,18,19,19,21,14,15,17,18,20,13,14,15,16,17,21,12,14,14,15,15,16,17,18,18,20,9,13,15,16,16,20,10,11,12,13,14,15,16,16,17,1,0,1,12,13,14,15,15,1,1,1,14,14,15,16,18,18,15,16,16,17,18,3,3,15,16,17,18,18,19,19,20,21,4,3,3,9,13,14,18,18,19,23,4,6,6,7,14,18,19,19,20,21,6,12,17,18,19,20,20,21,4,4,5,7,12,12,13,14,15,17,18,18,20,21,6,14,20,21,5,7,8,14,15,15,16,20,21,22,23,7,8,13,13,14,15,19,22,24,6,8,8,9,10,11,12,12,13,15,16,16,20,21,22,23,8,7,8,10,12,12,23,24,26,9,10,10,11,13,14,25,26,14,14,15,17,18,23,25,29,15,16,17,18,20,21,24,25,26,28,30,15,23,25,25,26,26,28,16,24,25,26,26,27,19,20,26,26,28,16,21,14,22,23,23,13,16,17,20,21,16,19,23,24,24
117,9,10,19,14,16,18,20,22,23,10,10,13,15,16,19,20,24,9,12,15,15,17,11,12,14,18,19,21,11,12,16,17,18,25,7,15,16,19,21,24,7,9,16,18,19,21,7,11,14,16,18,19,20,20,21,7,12,17,18,20,10,13,14,14,15,17,18,19,20,9,13,14,15,17,18,18,19,21,14,14,16,17,20,13,13,15,15,16,20,12,13,14,14,15,16,16,17,18,20,8,12,15,15,16,19,9,10,11,13,14,15,15,16,16,2,1,0,11,12,14,14,15,2,1,1,13,14,14,16,17,18,15,15,16,16,17,4,3,15,16,16,17,18,18,19,19,21,4,4,3,9,13,14,17,18,18,23,4,5,6,6,14,18,18,19,20,20,6,12,16,18,18,19,20,20,5,4,4,6,11,12,13,13,15,16,17,18,20,20,6,13,19,20,5,6,8,14,14,15,16,20,20,21,23,7,8,12,13,14,14,19,21,23,7,7,8,9,10,10,11,12,13,15,15,16,19,20,21,22,8,7,7,9,11,12,22,23,26,8,9,10,10,13,13,24,26,13,14,14,16,18,23,25,28,14,16,16,17,20,20,24,25,26,27,29,15,23,24,25,25,26,27,15,23,24,25,26,26,19,19,25,26,28,16,21,14,21,22,23,13,15,16,20,21,15,19,22,23,24
118,20,20,11,14,12,11,9,11,12,21,21,15,12,11,8,9,13,17,14,12,11,9,14,13,11,8,8,10,13,13,8,7,7,14,16,8,7,8,10,13,15,13,5,7,8,10,14,10,7,5,7,8,9,9,10,13,8,6,7,9,9,5,5,4,4,6,7,8,9,9,4,3,4,6,7,7,8,10,3,3,5,6,9,3,2,4,4,5,9,3,2,3,3,4,5,5,6,7,9,5,1,4,4,5,8,3,2,1,2,3,4,4,5,6,13,12,11,0,1,3,3,4,13,12,12,2,3,3,5,6,7,4,4,5,6,6,15,12,4,5,6,6,7,7,8,8,10,15,15,14,7,3,3,6,7,7,12,15,12,11,10,3,7,7,8,9,9,12,6,6,7,7,8,9,9,16,15,14,13,8,7,6,5,4,6,6,7,9,9,17,7,8,9,16,15,13,7,7,6,5,9,9,10,12,18,14,10,9,8,8,8,10,12,18,16,15,14,13,13,12,12,10,8,8,7,8,9,10,11,19,18,17,15,13,13,11,12,15,17,16,15,15,14,13,13,15,14,14,13,11,10,12,14,17,14,13,12,12,9,9,13,14,15,16,18,15,12,13,14,14,15,16,15,12,13,14,15,15,13,13,14,15,16,18,13,21,14,13,13,24,21,20,16,15,22,19,15,14,14
119,21,21,12,15,13,12,10,10,11,23,22,16,13,12,9,8,12,18,15,13,12,10,15,14,12,9,8,9,14,14,9,8,8,13,18,9,8,7,9,12,16,14,7,5,7,9,15,11,8,5,5,7,8,8,9,14,9,5,6,8,10,7,6,5,4,5,6,7,8,10,5,4,4,5,5,6,7,9,4,3,4,5,8,4,3,3,3,4,8,4,2,2,2,3,4,4,5,5,8,6,2,3,3,4,7,4,3,2,1,2,3,3,4,4,14,13,12,1,0,2,2,3,14,13,13,1,2,2,4,5,5,3,3,4,4,5,16,13,3,4,4,5,6,6,7,7,9,16,16,15,8,4,3,5,6,6,10,16,13,12,12,4,5,6,7,8,8,13,7,4,5,6,7,8,8,17,16,15,14,9,8,7,7,5,4,5,5,8,8,18,8,7,8,18,16,14,8,8,7,6,8,8,9,10,19,15,11,10,9,9,7,9,11,19,17,16,15,14,14,13,13,12,9,9,8,7,8,9,10,20,19,18,16,14,14,10,11,14,18,17,16,16,15,14,12,14,15,15,14,12,11,10,13,16,15,14,13,13,10,9,12,13,14,15,17,16,10,12,13,13,14,15,16,11,12,13,14,14,14,14,13,14,15,19,14,23,15,14,14,25,22,21,18,16,23,20,16,15,15
120,23,23,14,17,15,14,12,9,9,24,24,18,15,14,11,10,10,20,17,14,14,12,17,16,14,10,9,8,16,15,10,10,9,11,19,11,10,7,8,10,18,16,8,7,6,8,17,13,10,7,6,5,6,7,7,16,10,5,4,6,12,8,8,7,6,4,4,5,6,12,7,6,5,3,4,4,5,7,5,5,3,3,6,5,5,3,3,3,7,5,4,3,3,2,2,3,3,4,6,8,4,1,2,2,6,5,4,4,2,1,1,2,2,3,15,14,14,3,2,0,1,1,15,15,14,2,1,1,2,3,4,1,2,2,3,3,18,14,2,2,3,3,4,4,5,6,7,18,18,17,9,6,4,3,4,4,9,18,14,14,13,6,4,4,5,6,7,15,9,4,4,4,6,6,7,19,18,17,15,10,10,9,8,7,5,4,4,6,7,20,9,6,7,19,18,16,10,9,9,8,6,7,8,9,21,17,13,12,11,10,6,8,9,20,19,18,17,16,15,15,14,13,11,10,10,7,7,8,8,22,21,20,18,16,15,8,9,12,20,19,18,18,16,16,10,12,17,16,16,14,13,9,11,14,17,15,15,14,12,11,10,11,12,13,15,18,10,10,11,12,12,13,18,10,10,12,12,13,16,15,12,12,14,21,16,24,16,16,15,27,24,23,19,18,25,21,18,17,16
121,24,23,14,18,15,14,12,10,9,25,24,18,15,14,12,10,10,20,18,15,14,13,18,16,14,11,10,7,16,16,11,10,10,10,20,12,10,7,7,9,19,16,9,8,7,7,18,13,10,8,7,5,5,6,7,16,11,6,5,6,12,9,8,8,7,5,4,4,6,12,8,7,6,4,3,4,4,7,6,5,3,3,5,6,5,4,3,2,6,6,4,4,3,3,2,2,3,3,6,8,4,2,1,2,5,6,5,4,3,2,1,1,2,2,16,15,14,3,2,1,0,1,16,15,15,2,2,1,2,3,3,2,1,2,2,3,18,15,3,2,2,3,3,4,4,5,7,19,18,18,10,6,5,3,3,4,8,19,15,14,14,6,3,4,4,6,6,15,9,4,3,4,5,6,6,19,18,18,16,11,10,9,9,7,5,5,4,6,6,20,10,5,6,20,18,16,10,10,9,8,6,6,7,8,21,18,13,13,12,11,7,7,9,21,19,19,18,16,16,15,15,14,12,11,10,7,6,7,8,23,21,20,18,16,16,8,9,12,20,19,19,18,17,16,10,12,18,17,16,14,13,8,10,14,18,16,15,15,12,12,9,10,12,13,15,18,10,10,10,11,12,13,19,11,10,11,12,12,16,16,11,12,13,21,16,25,17,16,16,27,24,23,20,19,25,22,19,18,17
122,24,24,15,18,16,15,13,10,9,25,25,19,16,15,12,11,9,21,18,15,15,13,18,17,15,12,10,8,17,16,12,11,10,10,20,12,11,8,7,9,19,17,9,8,7,7,18,14,11,8,7,6,5,5,6,17,12,7,5,5,13,9,9,8,7,5,4,4,5,13,8,7,7,4,4,3,4,6,7,6,4,3,5,7,6,4,4,3,6,7,5,4,4,3,2,2,2,3,5,9,5,2,2,1,4,7,5,5,3,2,1,1,1,2,16,15,15,4,3,1,1,0,16,16,15,3,2,2,1,2,3,2,2,1,2,2,19,15,3,2,2,2,3,3,4,4,6,19,19,18,10,7,6,2,3,3,8,19,15,15,14,7,3,3,4,5,6,16,10,5,4,3,4,5,6,20,19,18,16,12,11,10,9,8,6,5,5,5,6,21,10,4,6,20,19,17,11,10,10,9,5,6,7,8,22,18,14,13,12,12,7,7,8,21,20,19,18,17,16,16,15,14,12,12,11,8,7,7,7,23,22,21,19,17,16,7,8,11,21,20,19,19,18,17,9,11,18,18,17,15,14,9,10,13,18,16,16,15,13,12,9,10,11,12,14,19,11,9,10,10,11,12,19,12,10,10,11,12,17,16,10,11,13,22,17,25,18,17,16,28,25,24,20,19,26,23,19,18,18
123,11,12,20,16,18,19,21,24,25,10,9,14,17,18,21,22,26,11,14,16,17,19,13,14,16,19,20,23,13,13,18,19,19,26,8,16,18,21,23,25,8,10,18,19,20,23,8,13,15,18,19,20,21,22,23,8,14,19,20,21,12,15,15,16,17,19,20,20,21,10,15,16,16,19,19,20,20,23,15,16,18,19,21,14,15,16,17,18,22,13,15,15,16,16,18,18,19,19,21,10,14,16,17,18,21,11,12,13,14,15,16,17,18,18,1,1,2,13,14,15,16,16,0,1,1,14,14,15,16,18,18,15,16,16,17,18,2,3,15,16,17,18,18,19,19,20,21,3,2,2,9,13,14,18,18,19,23,3,5,6,7,14,18,19,19,20,21,6,12,17,18,19,20,20,21,3,4,5,7,12,12,13,14,15,17,18,18,20,21,4,14,20,21,5,7,8,14,15,15,16,20,21,22,23,5,8,13,13,14,15,19,22,24,6,8,8,9,10,11,12,12,13,15,16,16,20,21,22,23,7,7,8,10,12,12,23,24,26,9,10,10,11,13,14,25,26,14,14,15,17,18,23,25,29,15,16,17,18,20,21,24,25,26,27,30,15,23,25,25,26,26,27,16,24,25,26,26,27,19,20,26,26,28,16,21,14,22,23,23,13,16,17,20,21,16,19,23,24,24
124,10,11,20,15,18,19,21,23,24,10,10,14,16,18,20,21,25,10,13,16,16,18,12,13,15,19,20,23,12,13,18,18,19,26,8,16,17,20,23,25,8,10,18,19,20,23,8,12,15,18,19,20,21,21,22,8,13,18,19,21,11,14,15,15,16,18,19,20,21,10,14,15,16,18,19,19,20,22,15,15,18,18,21,14,14,16,16,18,21,13,14,15,15,16,17,18,18,19,21,9,13,16,16,17,20,10,12,12,14,15,16,16,17,18,2,1,1,12,13,15,15,16,1,0,1,13,14,14,16,17,18,15,15,16,16,17,3,3,15,16,16,17,18,18,19,19,21,3,3,2,9,13,14,17,18,18,23,3,5,5,6,14,18,18,19,20,20,6,12,16,18,18,19,20,20,4,4,4,6,11,12,13,13,15,16,17,18,20,20,5,13,19,20,4,6,8,14,14,15,16,20,20,21,23,6,8,12,13,14,14,19,21,23,5,7,8,9,10,10,11,12,13,15,15,16,19,20,21,22,7,6,7,9,11,12,22,23,26,8,9,10,10,13,13,24,26,13,14,14,16,18,23,25,28,14,16,16,17,20,20,24,25,26,27,29,15,23,24,25,25,26,27,15,23,24,25,26,26,19,19,25,26,28,16,21,14,21,22,23,12,15,16,20,21,15,19,22,23,24
125,10,10,19,15,17,18,20,23,24,11,10,13,16,17,20,21,25,10,13,15,16,18,12,13,15,18,19,22,12,12,17,18,18,25,7,15,16,20,22,24,7,9,17,18,19,22,7,12,14,17,18,19,20,21,21,7,13,18,19,20,10,14,14,15,16,18,19,19,20,9,14,15,15,18,18,19,19,21,14,15,17,18,20,13,14,15,16,17,21,12,14,14,15,15,16,17,18,18,20,9,13,15,16,16,20,10,11,12,13,14,15,16,16,17,2,1,1,12,13,14,15,15,1,1,0,13,13,14,15,16,17,14,15,15,16,16,3,2,14,15,16,16,17,18,18,19,20,4,3,3,8,12,13,16,17,18,22,4,4,5,5,13,17,18,18,19,20,5,11,16,17,18,19,19,20,4,3,4,5,10,11,12,13,14,16,16,17,19,20,6,13,19,20,5,5,7,13,14,14,15,19,20,21,22,7,7,12,12,13,14,18,21,23,6,7,7,8,9,10,10,11,12,14,15,15,19,20,21,21,8,7,7,9,10,11,21,23,25,8,9,9,10,12,13,24,25,13,13,14,16,17,22,24,27,14,15,16,16,19,20,23,24,25,26,29,14,22,24,24,25,25,26,15,23,24,25,25,26,18,19,25,25,27,15,20,13,21,21,22,13,15,16,19,20,15,18,21,23,23
126,23,22,13,16,14,13,11,10,11,24,23,17,14,13,10,9,12,19,16,14,13,12,16,15,13,10,9,9,15,15,10,9,9,13,19,10,9,7,9,12,18,15,8,7,7,9,16,12,9,7,5,7,8,8,9,15,10,5,6,8,11,8,7,7,5,5,6,7,8,11,7,5,5,5,5,6,7,9,5,4,4,5,8,5,4,3,3,4,8,5,3,3,2,3,4,4,5,6,8,7,3,3,3,4,7,5,4,3,2,2,3,3,4,4,15,14,13,2,1,2,2,3,14,13,13,0,1,1,3,4,4,2,2,3,3,4,16,13,2,3,3,4,4,5,5,6,8,16,16,15,8,4,3,4,4,5,9,16,13,12,12,4,4,5,6,7,7,13,7,3,4,5,6,7,7,17,16,15,14,9,8,7,7,5,3,4,4,7,7,18,8,6,7,18,16,14,8,8,7,6,7,7,8,9,19,15,11,10,9,9,6,8,10,19,17,16,15,14,14,13,13,12,9,9,8,6,7,8,9,20,19,18,16,14,14,9,10,13,18,17,16,16,15,14,11,13,15,15,14,12,11,9,12,15,15,14,13,13,10,9,10,12,13,14,16,16,9,11,12,12,13,14,16,10,11,12,13,13,14,14,12,13,14,19,14,23,15,14,14,25,22,21,18,16,23,20,16,15,15
127,23,23,14,17,15,14,12,9,10,24,24,18,15,14,11,10,12,20,17,14,14,12,17,16,14,10,9,9,16,15,10,10,9,12,19,11,10,7,9,11,18,16,8,7,6,9,17,13,10,7,6,6,7,8,8,16,10,6,5,7,12,8,8,7,6,4,5,6,7,12,7,6,5,4,5,5,6,8,6,5,4,4,7,6,5,3,3,4,8,6,4,3,3,2,3,4,4,5,7,8,4,2,3,3,7,6,4,4,2,1,2,3,3,4,15,14,14,3,2,1,2,2,14,14,13,1,0,1,2,3,4,1,2,2,3,3,16,13,1,2,3,3,4,4,5,5,7,17,16,16,8,4,3,3,4,4,9,17,13,13,12,4,4,4,5,6,7,14,8,3,4,4,6,6,7,18,16,16,14,9,9,8,7,6,4,3,4,6,7,19,8,5,7,18,16,15,9,8,8,7,6,7,8,9,20,16,12,11,10,9,5,8,9,19,18,17,16,15,14,14,13,12,10,9,9,5,7,8,8,21,20,19,16,15,14,8,9,12,19,18,17,16,15,15,10,12,16,15,15,13,12,9,11,14,16,14,14,13,10,10,10,11,12,13,15,16,9,10,11,12,12,13,17,9,10,12,12,13,15,14,12,12,14,20,15,23,15,15,14,26,23,21,18,17,24,20,17,16,15
128,24,23,14,18,15,14,12,10,10,25,24,18,15,14,12,10,11,20,18,15,14,13,18,16,14,11,10,8,16,16,11,10,10,12,20,12,10,7,8,10,19,16,9,8,7,8,18,13,10,8,7,5,7,7,8,16,11,6,5,7,12,9,8,8,7,5,5,5,7,12,8,7,6,4,4,5,5,8,6,5,3,4,7,6,6,4,3,3,7,6,4,4,3,3,3,3,4,4,7,8,4,2,2,3,6,6,5,4,3,2,2,2,3,3,16,15,14,3,2,1,1,2,15,14,14,1,1,0,2,3,3,1,1,2,2,3,17,14,2,2,2,3,3,4,4,5,7,18,17,16,9,5,4,3,3,4,8,18,14,13,13,5,3,4,4,5,6,14,8,3,3,4,5,6,6,18,17,16,15,10,9,8,8,6,4,4,3,6,6,19,9,5,6,19,17,15,9,9,8,7,5,6,7,8,20,16,12,12,10,10,5,7,9,20,18,18,16,15,15,14,14,13,10,10,9,6,6,7,8,21,20,19,17,15,15,8,9,12,19,18,18,17,16,15,10,12,16,16,15,13,12,8,10,14,16,15,14,14,11,10,9,10,12,13,15,17,9,10,10,11,12,13,18,10,10,11,12,12,15,15,11,12,13,20,15,24,16,15,15,26,23,22,19,18,24,21,18,16,16
129,25,25,16,19,17,16,14,12,10,26,26,20,17,16,13,12,9,22,19,16,16,14,19,18,16,13,12,9,18,18,13,12,12,10,21,13,12,9,7,9,20,18,10,9,8,7,19,15,12,9,8,7,6,5,6,18,13,8,7,5,14,10,10,9,8,7,6,5,5,14,9,8,8,5,5,4,4,6,8,7,5,4,5,8,7,6,5,4,6,8,6,5,5,4,3,3,2,3,5,10,6,3,3,2,4,8,7,6,4,3,2,2,1,2,18,16,16,5,4,2,2,1,16,16,15,3,2,2,0,1,2,2,2,1,1,1,19,15,3,2,2,1,2,2,3,3,5,19,19,18,10,7,6,2,2,2,7,19,15,15,14,7,3,2,3,4,4,16,10,5,4,3,3,4,4,20,19,18,16,12,11,10,9,8,6,5,5,4,4,21,10,4,4,20,19,17,11,10,10,9,5,4,6,7,22,18,14,13,12,12,7,6,7,21,20,19,18,17,16,16,15,14,12,12,11,8,7,5,6,23,22,21,19,17,16,6,7,10,21,20,19,19,18,17,8,10,18,18,17,15,14,9,9,12,18,16,16,15,13,12,9,9,10,11,13,19,11,9,9,9,10,11,19,12,10,9,10,10,17,16,10,10,12,22,17,25,18,17,16,28,25,24,20,19,26,23,19,18,18
130,26,26,17,20,18,17,15,13,12,27,27,21,18,17,14,13,9,23,20,18,17,15,20,19,17,14,13,10,19,19,14,13,13,9,23,14,13,10,8,8,21,19,12,10,9,7,20,16,13,10,9,8,7,7,6,19,14,9,8,6,15,12,11,10,9,8,7,6,5,15,10,9,9,7,6,6,5,5,9,8,6,6,4,9,8,7,6,5,4,9,7,7,6,6,4,4,3,3,4,11,7,4,4,3,3,9,8,7,6,4,3,3,2,2,19,18,17,6,5,3,3,2,18,17,16,4,3,3,1,0,1,3,3,2,2,1,20,16,4,3,3,2,2,1,2,2,4,20,20,19,12,8,7,3,3,2,5,20,16,16,15,8,4,3,3,3,3,17,11,6,5,4,3,3,3,21,20,19,18,13,12,11,10,9,7,7,6,4,3,22,12,6,4,21,20,18,12,12,11,10,6,6,4,5,23,19,15,14,13,13,8,6,6,23,21,20,19,18,18,17,16,15,13,13,12,9,8,7,6,24,23,22,20,18,18,7,6,9,22,21,20,20,19,18,7,9,19,19,18,16,15,10,8,11,19,18,17,16,14,13,10,9,9,10,12,20,12,10,10,9,9,10,20,13,12,10,10,9,18,18,12,11,10,23,18,26,19,18,18,29,26,25,21,20,27,24,20,19,19
131,27,26,18,21,19,18,15,13,12,28,27,21,19,18,15,14,10,24,21,18,18,16,21,20,18,14,13,10,20,19,14,14,13,8,23,15,14,10,8,7,22,20,12,11,10,7,21,16,14,11,10,9,8,7,7,20,14,9,8,7,15,12,12,11,10,8,7,7,5,15,11,10,9,7,7,6,5,4,9,9,7,6,3,9,9,7,7,6,4,9,8,7,7,6,5,4,4,3,3,12,8,5,4,4,3,9,8,8,6,5,4,3,3,2,19,18,18,7,5,4,3,3,18,18,17,4,4,3,2,1,0,4,3,3,2,2,20,17,5,4,3,3,2,2,1,2,3,21,20,20,12,8,7,4,3,3,5,21,17,16,16,8,4,4,3,2,3,18,12,7,6,5,4,3,3,21,20,20,18,13,13,12,11,9,8,7,7,4,4,23,12,6,5,22,20,19,13,12,12,10,7,6,5,5,24,20,15,15,14,13,9,6,6,23,21,21,20,19,18,18,17,16,14,13,13,9,8,7,7,25,24,23,20,19,18,8,7,8,23,21,21,20,19,19,8,8,20,19,19,16,15,10,8,10,20,18,18,17,14,14,10,9,8,9,12,20,13,11,10,10,9,9,21,13,12,11,10,10,19,18,12,12,11,24,19,27,19,19,18,30,26,25,22,21,27,24,21,20,19
132,24,24,15,18,16,15,13,10,10,25,25,19,16,15,12,11,12,21,18,15,15,13,18,17,15,12,10,9,17,16,12,11,10,12,20,12,11,8,9,11,19,17,9,8,7,9,18,14,11,8,7,6,7,8,8,17,12,7,5,7,13,9,9,8,7,5,5,6,7,13,8,7,7,4,5,5,6,8,7,6,4,4,7,7,6,4,4,4,8,7,5,4,4,3,3,4,4,5,7,9,5,2,3,3,7,7,5,5,3,2,2,3,3,4,16,15,15,4,3,1,2,2,15,15,14,2,1,1,2,3,4,0,1,1,2,2,16,13,1,1,2,2,3,3,4,4,6,17,16,16,8,4,3,2,3,3,8,17,13,13,12,4,3,3,4,5,6,14,8,3,3,3,4,5,6,18,16,16,14,9,9,8,7,6,4,3,3,5,6,19,8,4,6,18,16,15,9,8,8,7,5,6,7,8,20,16,12,11,10,9,5,7,8,19,18,17,16,15,14,14,13,12,10,9,9,5,5,7,7,21,20,19,16,15,14,7,8,11,19,18,17,16,15,15,9,11,16,15,15,13,12,8,10,13,16,14,14,13,10,10,9,10,11,12,14,16,9,9,10,10,11,12,17,9,9,10,11,12,15,14,10,11,13,20,15,23,15,15,14,26,23,21,18,17,24,20,17,16,15
133,25,24,15,19,16,15,13,11,10,26,25,19,16,15,13,12,11,21,19,16,15,14,19,18,15,12,11,8,18,17,12,12,11,12,21,13,12,8,8,10,20,18,10,9,8,8,19,14,12,9,8,7,7,7,8,18,12,7,6,7,13,10,9,9,8,6,5,5,7,13,9,8,7,5,4,5,5,8,7,7,4,4,7,7,7,5,4,3,7,7,5,5,4,4,3,3,4,4,7,9,5,3,2,3,6,7,6,5,4,3,2,2,3,3,17,16,15,4,3,2,1,2,16,15,15,2,2,1,2,3,3,1,0,1,1,2,17,14,2,1,1,2,2,3,3,4,6,18,17,16,9,5,4,2,2,3,7,18,14,13,13,5,2,3,3,4,5,14,8,3,2,3,4,4,5,18,17,16,15,10,9,8,8,6,4,4,3,4,5,19,9,4,5,19,17,15,9,9,8,7,4,5,6,7,20,16,12,12,10,10,5,6,8,20,18,18,16,15,15,14,14,13,10,10,9,6,5,6,7,21,20,19,17,15,15,7,8,10,19,18,18,17,16,15,9,10,16,16,15,13,12,7,9,13,16,15,14,14,11,10,8,9,10,12,14,17,9,9,9,10,10,12,18,10,9,10,10,11,15,15,10,10,12,20,15,24,16,15,15,26,23,22,19,18,24,21,18,16,16
134,25,25,16,19,17,16,14,12,10,26,26,20,17,16,13,12,10,22,19,16,16,14,19,18,16,13,12,9,18,18,13,12,12,11,21,13,12,9,8,10,20,18,10,9,8,8,19,15,12,9,8,7,6,7,7,18,13,8,7,6,14,10,10,9,8,7,5,5,6,14,9,8,8,5,5,4,5,7,8,7,5,4,6,8,7,5,5,4,7,8,6,5,5,4,3,3,3,4,6,10,6,3,3,2,6,8,7,6,4,3,2,2,2,3,18,16,16,5,4,2,2,1,16,16,15,3,2,2,1,2,3,1,1,0,1,1,18,14,2,1,1,1,2,2,3,3,5,18,18,17,9,6,4,1,2,2,7,18,14,14,13,6,2,2,3,4,4,15,9,4,3,2,3,4,4,19,18,17,15,10,10,9,8,7,5,4,4,4,4,20,9,3,4,19,18,16,10,9,9,8,4,4,6,7,21,17,13,12,11,10,6,6,7,20,19,18,17,16,15,15,14,13,11,10,10,7,6,6,6,22,21,20,18,16,15,6,7,10,20,19,18,18,16,16,8,10,17,16,16,14,13,8,9,12,17,15,15,14,12,11,8,9,10,11,13,18,10,8,9,9,10,11,18,10,9,9,10,10,16,15,9,10,12,21,16,24,16,16,15,27,24,23,19,18,25,21,18,17,16
135,26,25,16,20,18,16,14,12,11,27,26,20,18,16,14,13,10,23,20,17,16,15,20,19,16,13,12,9,19,18,13,13,12,10,22,14,13,9,7,9,21,19,11,10,9,7,20,15,13,10,9,8,7,6,7,19,13,8,7,5,14,11,10,10,9,7,6,5,5,14,10,9,8,6,5,5,4,7,8,8,5,5,5,8,8,6,5,4,6,8,7,6,5,5,4,3,3,3,5,10,7,4,3,3,5,8,7,7,5,4,3,2,2,2,18,17,16,6,4,3,2,2,17,16,16,3,3,2,1,2,2,2,1,1,0,1,18,15,3,2,1,1,1,2,2,3,4,19,18,18,10,6,5,2,1,2,6,19,15,14,14,6,2,2,2,3,4,15,9,4,3,3,3,3,4,19,18,18,16,11,10,9,9,7,6,5,4,3,4,20,10,4,4,20,18,16,10,10,9,8,4,4,5,6,21,18,13,13,12,11,7,5,7,21,19,19,18,16,16,15,15,14,12,11,10,7,6,5,6,23,21,20,18,16,16,6,7,9,20,19,19,18,17,16,8,9,18,17,16,14,13,8,8,12,18,16,15,15,12,12,8,8,9,10,13,18,10,9,8,9,9,10,19,11,10,9,9,10,16,16,10,9,11,21,16,25,17,16,16,27,24,23,20,19,25,22,19,18,17
136,26,26,17,20,18,17,15,13,12,27,27,21,18,17,14,13,9,23,20,18,17,15,20,19,17,14,13,10,19,19,14,13,13,10,23,14,13,10,8,9,21,19,12,10,9,7,20,16,13,10,9,8,7,7,6,19,14,9,8,6,15,12,11,10,9,8,7,6,5,15,10,9,9,7,6,5,5,6,9,8,6,6,5,9,8,7,6,5,5,9,7,7,6,5,4,4,3,3,5,11,7,4,4,3,4,9,8,7,5,4,3,3,2,2,19,18,17,6,5,3,3,2,18,17,16,4,3,3,1,1,2,2,2,1,1,0,19,15,3,2,2,1,1,1,2,2,4,19,19,18,10,7,6,2,2,1,6,19,15,15,14,7,3,2,2,3,3,16,10,5,4,3,2,3,3,20,19,18,16,12,11,10,9,8,6,6,5,3,3,21,10,4,3,20,19,17,11,10,10,9,5,4,4,5,22,18,14,13,12,12,7,4,6,21,20,19,18,17,16,16,15,14,12,12,11,8,7,6,5,23,22,21,19,17,16,6,6,9,21,20,19,19,18,17,7,9,18,18,17,15,14,9,8,11,18,16,16,15,13,12,9,8,9,10,12,19,11,9,9,8,9,10,19,12,10,9,9,9,17,16,10,10,10,22,17,25,18,17,16,28,25,24,20,19,26,23,19,18,18
137,13,14,23,18,20,21,24,26,27,10,10,16,19,20,23,24,28,13,16,19,19,21,15,16,18,21,23,25,15,15,20,21,21,29,10,19,20,23,25,27,10,13,20,21,23,25,10,15,18,20,21,23,24,24,25,10,16,21,22,24,14,17,18,18,19,21,22,23,24,13,17,18,19,21,21,22,23,25,18,18,20,21,24,16,17,19,19,20,24,15,17,18,18,19,20,20,21,21,24,12,16,19,19,20,23,13,14,15,16,18,19,19,20,20,2,3,4,15,16,18,18,19,2,3,3,16,16,17,19,20,20,16,17,18,18,19,0,3,15,16,17,18,18,19,19,20,21,1,1,2,9,13,14,18,18,19,23,2,5,6,7,14,18,19,19,20,21,6,12,17,18,19,20,20,21,3,4,5,7,12,12,13,14,15,17,18,18,20,21,3,14,20,21,5,7,8,14,15,15,16,20,21,22,23,4,8,13,13,14,15,19,22,24,6,8,8,9,10,11,12,12,13,15,16,16,20,21,22,23,5,7,8,10,12,12,23,24,26,9,10,10,11,13,14,25,26,14,14,15,17,18,23,25,29,15,16,17,18,20,21,24,25,26,27,30,15,23,25,25,26,26,27,16,24,25,26,26,27,19,20,26,26,28,16,21,14,22,23,23,13,16,17,20,21,16,19,23,24,24
138,12,12,19,15,17,18,20,23,24,13,13,13,16,17,20,21,25,10,13,15,16,18,12,13,15,18,19,22,12,12,17,18,18,25,8,15,16,20,22,24,7,9,17,18,19,22,7,12,14,17,18,19,20,21,21,7,13,18,19,20,10,14,14,15,16,18,19,19,20,9,14,15,15,18,18,19,19,21,14,15,17,18,20,13,14,15,16,17,21,12,14,14,15,15,16,17,18,18,20,9,13,15,16,16,20,10,11,12,13,14,15,16,16,17,4,3,3,12,13,14,15,15,3,3,2,13,13,14,15,16,17,13,14,14,15,15,3,0,12,13,14,14,15,15,16,16,18,4,3,3,6,10,11,14,15,15,20,4,2,3,3,11,15,15,16,17,18,3,9,14,15,15,16,17,18,4,3,3,3,8,9,10,10,12,14,14,15,17,18,6,10,16,18,5,3,5,11,12,12,13,17,18,19,20,7,5,9,10,11,12,16,19,20,6,4,5,6,7,8,8,9,10,12,13,13,16,18,19,19,8,7,5,7,8,9,19,20,23,5,7,7,8,10,10,21,23,10,11,12,14,15,20,22,25,12,13,14,14,17,18,21,22,23,24,26,12,20,21,22,23,23,24,13,20,21,23,23,24,16,16,23,23,25,13,18,11,19,19,20,13,13,14,17,18,13,16,19,20,21
139,24,24,15,18,16,15,13,10,12,25,25,19,16,15,12,11,13,21,18,15,15,13,18,17,15,12,10,10,17,16,12,11,10,13,20,12,11,8,10,12,19,17,9,8,7,10,18,14,11,8,7,7,8,9,9,17,12,7,7,8,13,9,9,8,7,5,7,7,8,13,8,7,7,5,6,7,7,9,7,6,5,5,8,7,6,4,4,5,9,7,5,4,4,3,4,5,5,6,8,9,5,3,4,4,8,7,6,5,3,2,3,4,4,5,16,15,15,4,3,2,3,3,15,15,14,2,1,2,3,4,5,1,2,2,3,3,15,12,0,1,2,2,3,3,4,4,6,16,15,15,7,3,2,2,3,3,8,16,12,12,11,3,3,3,4,5,5,13,7,2,3,3,4,5,5,16,15,15,13,8,8,7,6,4,3,2,3,5,6,18,7,4,6,17,15,14,8,7,7,6,5,5,7,8,19,15,10,10,9,8,4,7,8,18,16,16,15,14,13,13,12,11,9,8,8,4,5,7,7,20,19,18,15,14,13,7,8,11,18,16,16,15,14,14,9,11,15,14,14,12,10,8,10,13,15,13,13,12,9,9,9,10,11,12,14,15,8,9,10,10,11,12,16,8,9,10,11,12,14,13,10,11,13,19,14,22,14,14,13,25,21,20,17,16,23,19,16,15,14
140,25,25,16,19,17,16,14,12,10,26,26,20,17,16,13,12,12,22,19,16,16,14,19,18,16,13,12,9,18,18,13,12,12,12,21,13,12,9,9,11,20,18,10,9,8,9,19,15,12,9,8,7,7,8,8,18,13,8,7,7,14,10,10,9,8,7,5,6,7,14,9,8,8,5,5,5,6,8,8,7,5,4,7,8,7,5,5,4,8,8,6,5,5,4,3,4,4,5,7,10,6,3,3,3,7,8,7,6,4,3,2,3,3,4,18,16,16,5,4,2,2,2,16,16,15,3,2,2,2,3,4,1,1,1,2,2,16,13,1,0,1,1,2,2,3,3,5,17,16,16,8,4,3,1,2,2,7,17,13,13,12,4,2,2,3,4,4,14,8,3,2,2,3,4,4,18,16,16,14,9,9,8,7,5,4,3,3,4,4,19,8,3,4,18,16,15,9,8,8,7,4,4,6,7,20,16,12,11,10,9,5,6,7,19,18,17,16,15,14,14,13,12,10,9,9,5,4,6,6,21,20,19,16,15,14,6,7,10,19,18,17,16,15,15,8,10,16,15,15,13,12,7,9,12,16,14,14,13,10,10,8,9,10,11,13,16,9,8,9,9,10,11,17,9,8,9,10,10,15,14,9,10,12,20,15,23,15,15,14,26,23,21,18,17,24,20,17,16,15
141,26,25,16,20,18,16,14,12,11,27,26,20,18,16,14,13,11,23,20,17,16,15,20,19,16,13,12,9,19,18,13,13,12,12,22,14,13,9,8,10,21,19,11,10,9,8,20,15,13,10,9,8,7,7,8,19,13,8,7,7,14,11,10,10,9,7,6,5,7,14,10,9,8,6,5,5,5,8,8,8,5,5,7,8,8,6,5,4,7,8,7,6,5,5,4,3,4,4,7,10,7,4,3,3,6,8,7,7,5,4,3,2,3,3,18,17,16,6,4,3,2,2,17,16,16,3,3,2,2,3,3,2,1,1,1,2,17,14,2,1,0,1,1,2,2,3,4,18,17,16,9,5,4,1,1,2,6,18,14,13,13,5,1,2,2,3,4,14,8,3,2,2,3,3,4,18,17,16,15,10,9,8,8,6,4,4,3,3,4,19,9,3,4,19,17,15,9,9,8,7,3,4,5,6,20,16,12,12,10,10,5,5,7,20,18,18,16,15,15,14,14,13,10,10,9,6,5,5,6,21,20,19,17,15,15,6,7,9,19,18,18,17,16,15,8,9,16,16,15,13,12,7,8,12,16,15,14,14,11,10,7,8,9,10,13,17,9,8,8,9,9,10,18,10,9,9,9,10,15,15,9,9,11,20,15,24,16,15,15,26,23,22,19,18,24,21,18,16,16
142,26,26,17,20,18,17,15,13,12,27,27,21,18,17,14,13,10,23,20,18,17,15,20,19,17,14,13,10,19,19,14,13,13,11,23,14,13,10,8,10,21,19,12,10,9,8,20,16,13,10,9,8,7,7,7,19,14,9,8,6,15,12,11,10,9,8,7,6,6,15,10,9,9,7,6,5,5,7,9,8,6,6,6,9,8,7,6,5,7,9,7,7,6,5,4,4,3,4,6,11,7,4,4,3,6,9,8,7,5,4,3,3,2,3,19,18,17,6,5,3,3,2,18,17,16,4,3,3,1,2,3,2,2,1,1,1,18,14,2,1,1,0,1,1,2,2,4,18,18,17,9,6,4,1,1,1,6,18,14,14,13,6,2,1,2,3,3,15,9,4,3,2,2,3,3,19,18,17,15,10,10,9,8,7,5,4,4,3,3,20,9,3,3,19,18,16,10,9,9,8,4,3,4,5,21,17,13,12,11,10,6,4,6,20,19,18,17,16,15,15,14,13,11,10,10,7,6,4,5,22,21,20,18,16,15,5,6,9,20,19,18,18,16,16,7,9,17,16,16,14,13,8,8,11,17,15,15,14,12,11,8,8,9,10,12,18,10,8,8,8,9,10,18,10,9,8,9,9,16,15,9,9,10,21,16,24,16,16,15,27,24,23,19,18,25,21,18,17,16
143,27,26,18,21,19,18,15,13,12,28,27,21,19,18,15,14,10,24,21,18,18,16,21,20,18,14,13,10,20,19,14,14,13,10,23,15,14,10,8,9,22,20,12,11,10,7,21,16,14,11,10,9,8,7,7,20,14,9,8,7,15,12,12,11,10,8,7,7,5,15,11,10,9,7,7,6,5,7,9,9,7,6,5,9,9,7,7,6,6,9,8,7,7,6,5,4,4,3,5,12,8,5,4,4,5,9,8,8,6,5,4,3,3,2,19,18,18,7,6,4,3,3,18,18,17,4,4,3,2,2,2,3,2,2,1,1,18,15,3,2,1,1,0,1,1,2,3,19,18,18,10,6,5,2,1,1,5,19,15,14,14,6,2,2,1,2,3,15,9,4,3,3,2,2,3,19,18,18,16,11,10,9,9,7,6,5,4,2,3,20,10,4,3,20,18,16,10,10,9,8,4,4,4,5,21,18,13,13,12,11,7,4,5,21,19,19,18,16,16,15,15,14,12,11,10,7,6,5,4,23,21,20,18,16,16,6,6,8,20,19,19,18,17,16,7,8,18,17,16,14,13,8,7,10,18,16,15,15,12,12,8,7,8,9,12,18,10,9,8,8,8,9,19,11,10,9,8,9,16,16,10,9,10,21,16,25,17,16,16,28,24,23,20,19,25,22,19,18,17
144,28,27,18,21,19,18,16,14,13,29,28,22,19,18,15,14,10,24,21,19,18,16,21,20,18,15,14,11,20,20,15,14,14,10,24,15,14,11,9,9,23,20,13,12,10,8,21,17,14,12,10,9,8,8,7,20,15,10,9,7,16,13,12,12,10,9,8,7,6,16,12,10,10,8,7,7,6,6,10,9,7,7,5,10,9,8,7,6,5,10,8,8,7,7,6,5,4,4,5,12,8,6,5,4,4,10,9,8,7,6,4,4,3,3,20,19,18,7,6,4,4,3,19,18,18,5,4,4,2,1,2,3,3,2,2,1,19,15,3,2,2,1,1,0,1,1,3,19,19,18,10,7,6,2,2,1,4,19,15,15,14,7,3,2,2,2,2,16,10,5,4,3,2,2,2,20,19,18,16,12,11,10,9,8,6,6,5,3,2,21,10,4,3,20,19,17,11,10,10,9,5,4,3,4,22,18,14,13,12,12,7,4,5,21,20,19,18,17,16,16,15,14,12,12,11,8,7,6,5,23,22,21,19,17,16,6,5,8,21,20,19,19,18,17,6,8,18,18,17,15,14,9,7,10,18,16,16,15,13,12,9,8,8,9,11,19,11,9,9,8,8,9,19,12,10,9,9,8,17,16,10,10,9,22,17,25,18,17,16,28,25,24,20,19,26,23,19,18,18
145,28,27,19,22,20,19,16,14,13,29,29,23,20,19,16,15,11,25,22,19,19,17,22,21,19,15,14,12,21,20,15,15,14,9,24,16,15,12,9,8,23,21,13,12,11,8,22,18,15,12,11,10,9,8,8,21,15,10,9,8,16,13,13,12,11,9,8,8,7,16,12,11,10,8,8,7,7,5,10,10,8,7,4,10,10,8,8,7,5,10,9,8,8,7,6,5,5,4,4,13,9,6,6,5,4,10,9,9,7,6,5,4,4,3,20,19,19,8,7,5,4,4,19,19,18,5,5,4,3,2,1,4,3,3,2,2,19,16,4,3,2,2,1,1,0,1,2,20,19,19,11,7,6,3,2,2,4,20,16,15,15,7,3,3,2,1,2,16,10,5,4,4,3,2,2,20,19,19,17,12,12,10,10,8,7,6,5,3,3,21,11,5,4,21,19,18,12,11,10,9,5,5,4,4,23,19,14,14,13,12,8,5,4,22,20,20,19,18,17,16,16,15,13,12,12,8,7,6,5,24,23,21,19,18,17,7,5,7,21,20,20,19,18,18,7,7,19,18,18,15,14,9,7,9,19,17,16,16,13,13,9,8,7,8,10,19,12,10,9,9,8,8,20,12,11,10,9,9,18,17,11,10,10,23,18,26,18,18,17,29,25,24,21,20,26,23,20,19,18
146,29,28,19,23,20,19,17,15,14,30,29,23,20,19,16,15,12,25,23,20,19,18,23,21,19,16,15,12,21,21,16,15,15,9,25,16,15,12,10,8,24,21,14,13,12,9,23,18,15,13,12,10,9,9,8,21,16,11,10,8,17,14,13,13,12,10,9,8,7,17,13,12,11,9,8,8,7,5,11,10,8,8,5,11,10,9,8,7,4,11,9,9,8,8,7,6,5,5,4,13,9,7,6,6,3,11,10,9,8,7,6,5,4,4,21,20,19,8,7,6,5,4,20,19,19,6,5,5,3,2,2,4,4,3,3,2,20,16,4,3,3,2,2,1,1,0,2,20,20,19,12,8,7,3,3,2,3,20,16,16,15,8,4,3,3,2,1,17,11,6,5,4,3,3,2,21,20,19,18,13,12,11,10,9,7,7,6,4,3,22,12,6,4,21,20,18,12,12,11,10,6,5,4,3,23,19,15,14,13,13,8,5,4,23,21,20,19,18,18,17,16,15,13,13,12,9,8,7,6,24,23,22,20,18,18,7,6,7,22,21,20,20,19,18,7,7,19,19,18,16,15,10,8,9,19,18,17,16,14,13,10,9,8,8,10,20,12,10,10,9,9,8,20,13,12,10,10,9,18,18,12,11,10,23,18,26,19,18,18,29,26,25,21,20,27,24,20,19,19
147,30,30,21,24,22,21,19,16,15,31,31,25,22,21,18,17,13,27,24,21,21,19,24,23,21,18,16,14,23,23,18,17,16,9,26,18,17,14,12,9,25,23,15,14,13,10,24,20,17,14,13,12,11,10,10,23,18,13,12,10,19,15,15,14,13,12,10,10,9,19,14,13,13,10,10,9,9,7,13,12,10,9,7,13,12,10,10,9,5,13,11,10,10,9,8,8,7,7,4,15,11,8,8,7,4,13,12,11,9,8,7,7,6,5,23,21,21,10,9,7,7,6,21,21,20,8,7,7,5,4,3,6,6,5,4,4,21,18,6,5,4,4,3,3,2,2,0,22,21,21,13,9,8,5,4,4,2,22,18,18,17,9,5,5,4,3,3,19,13,8,7,6,5,4,4,23,21,21,19,14,14,13,12,10,9,8,8,5,5,24,13,7,6,23,21,20,14,13,13,12,8,7,6,5,25,21,16,16,15,14,10,7,5,24,23,22,21,20,19,19,18,17,15,14,14,10,9,8,8,26,25,24,21,20,19,9,8,5,24,23,22,21,20,20,9,7,21,20,20,18,16,12,9,7,21,19,19,18,15,15,12,10,9,8,8,21,14,12,12,11,10,9,22,14,13,12,12,11,20,19,13,13,12,25,20,28,20,20,19,31,27,26,23,22,29,25,22,21,20
148,14,14,23,19,21,22,24,26,27,10,11,17,20,21,24,25,29,14,16,19,20,21,15,16,19,22,23,26,15,16,21,21,22,29,11,19,20,24,26,28,11,13,21,22,23,26,11,15,18,21,22,23,24,25,25,11,16,21,23,24,14,18,18,19,20,21,23,23,24,13,18,19,19,21,22,23,23,25,18,19,21,21,24,17,18,19,20,21,25,16,18,18,19,19,20,21,21,22,24,13,16,19,20,20,24,14,15,15,17,18,19,20,20,21,3,4,4,15,16,18,19,19,3,3,4,16,17,18,19,20,21,17,18,18,19,19,1,4,16,17,18,18,19,19,20,20,22,0,1,1,9,13,14,17,18,18,23,1,5,5,6,14,18,18,19,20,20,5,12,16,18,18,19,20,20,3,4,4,6,11,12,13,13,15,16,17,18,20,20,3,13,19,20,4,6,8,14,14,15,16,20,20,21,23,4,8,12,13,14,14,19,21,23,5,7,8,9,10,10,11,12,13,15,15,16,19,20,21,22,5,6,7,9,11,12,22,23,26,8,9,10,10,13,13,24,26,13,14,14,16,18,23,25,28,14,16,16,17,20,20,24,25,26,27,29,15,23,24,25,25,26,27,15,23,24,25,26,26,19,19,25,26,28,16,21,14,21,22,23,12,15,16,20,21,15,19,22,23,24
149,13,14,23,18,20,21,24,26,27,11,10,16,19,20,23,24,28,13,16,19,19,21,15,16,18,21,23,25,15,15,20,21,21,29,10,19,20,23,25,27,10,13,20,21,23,25,10,15,18,20,21,23,24,24,25,10,16,21,22,24,14,17,18,18,19,21,22,23,24,13,17,18,19,21,21,22,23,25,18,18,20,21,24,16,17,19,19,20,24,15,17,18,18,19,20,20,21,21,24,12,16,19,19,20,23,13,14,15,16,18,19,19,20,20,2,3,4,15,16,18,18,19,2,3,3,16,16,17,19,20,20,16,17,18,18,19,1,3,15,16,17,18,18,19,19,20,21,1,0,1,8,12,13,16,17,18,22,1,4,5,5,13,17,18,18,19,20,5,11,16,17,18,19,19,20,2,3,4,5,10,11,12,13,14,16,16,17,19,20,2,13,19,20,4,5,7,13,14,14,15,19,20,21,22,3,7,12,12,13,14,18,21,23,5,7,7,8,9,10,10,11,12,14,15,15,19,20,21,21,4,5,7,9,10,11,21,23,25,8,9,9,10,12,13,24,25,13,13,14,16,17,22,24,27,14,15,16,16,19,20,23,24,25,26,29,14,22,24,24,25,25,26,15,23,24,25,25,26,18,19,25,25,27,15,20,13,21,21,22,12,15,16,19,20,15,18,21,23,23
150,13,13,22,18,20,21,23,25,26,12,11,16,19,20,23,24,27,13,15,18,19,20,14,15,18,21,22,25,14,15,20,20,21,28,10,18,19,23,25,27,10,12,20,21,22,25,10,14,17,20,21,22,23,24,24,10,15,20,21,23,13,16,17,18,19,20,21,22,23,12,16,18,18,20,21,21,22,24,17,18,20,20,23,16,16,18,19,20,24,15,16,17,18,18,19,20,20,21,23,12,15,18,19,19,23,13,14,14,16,17,18,19,19,20,3,3,3,14,15,17,18,18,2,2,3,15,16,16,18,19,20,16,16,17,18,18,2,3,15,16,16,17,18,18,19,19,21,1,1,0,8,12,13,16,16,17,21,1,4,4,5,13,16,17,18,19,19,4,10,15,16,17,18,19,19,2,3,3,5,10,10,12,12,14,15,16,16,19,19,3,12,18,19,3,5,7,13,13,14,15,19,19,20,21,4,7,11,12,13,13,18,20,22,4,6,7,8,9,9,10,10,12,14,14,15,18,19,20,21,5,5,6,8,10,10,21,22,25,7,8,9,9,12,12,23,25,12,13,13,15,16,21,24,27,13,15,15,16,19,19,23,24,25,26,28,14,21,23,24,24,25,26,14,22,23,24,25,25,18,18,24,25,26,15,20,13,20,21,21,11,14,15,19,20,14,18,21,22,23
151,18,18,14,12,12,13,15,18,19,19,19,13,11,12,15,16,20,15,12,10,11,13,12,11,10,13,14,17,11,10,12,13,13,20,14,10,12,15,17,19,13,11,12,13,14,17,12,8,9,12,13,14,15,16,16,11,8,13,14,15,7,9,9,10,11,13,14,14,15,7,9,10,10,13,13,14,14,16,9,10,12,13,15,8,9,10,11,12,16,7,9,9,10,10,12,12,13,13,15,4,8,10,11,12,15,5,6,7,8,9,10,11,12,12,10,9,9,7,8,9,10,10,9,9,8,8,8,9,10,12,12,8,9,9,10,10,9,6,7,8,9,9,10,10,11,12,13,9,8,8,0,4,5,8,9,9,14,9,5,4,4,5,9,9,10,11,12,5,3,8,9,9,10,11,12,9,8,8,6,2,3,4,4,6,8,8,9,11,12,10,4,10,12,10,8,7,5,5,6,7,11,12,13,14,12,8,3,4,5,5,10,13,14,11,9,9,8,7,6,5,5,4,6,7,7,10,12,13,13,13,12,10,8,7,6,13,14,17,10,9,9,8,7,7,15,17,8,7,7,8,9,14,16,19,8,7,8,8,11,12,15,16,17,18,20,8,14,15,16,16,17,18,9,14,15,16,17,18,10,10,16,17,19,12,12,15,13,13,14,18,14,13,11,12,15,12,13,14,15
152,22,21,13,16,14,13,12,14,15,23,23,16,14,13,11,12,16,19,16,13,13,11,16,15,13,9,10,13,15,14,9,9,9,16,18,10,9,11,13,15,17,15,8,9,10,13,16,12,9,8,9,10,12,12,13,15,9,9,10,12,10,7,7,6,7,9,10,10,12,10,6,6,7,9,9,10,10,13,5,6,8,9,12,4,5,7,7,8,12,4,5,6,6,7,8,8,9,9,12,7,4,7,7,8,11,4,3,3,4,6,7,7,8,8,14,13,13,3,4,6,6,7,13,13,12,4,4,5,7,8,8,4,5,6,6,7,13,10,3,4,5,6,6,7,7,8,9,13,12,12,4,0,1,4,5,6,10,13,9,8,8,1,5,5,6,7,8,9,3,4,5,5,7,7,8,13,12,12,10,5,4,3,3,2,4,4,5,7,8,14,4,7,8,14,12,10,4,4,3,3,7,8,9,10,15,12,7,7,5,5,6,9,10,15,13,13,12,10,10,9,9,8,5,5,4,7,8,9,9,16,15,14,12,10,10,9,10,13,14,13,13,12,11,10,12,13,12,11,10,8,7,10,12,15,12,10,9,9,7,8,11,12,13,14,16,12,10,12,12,13,13,14,13,10,12,13,13,14,10,10,13,13,15,15,10,19,11,10,10,21,18,17,14,13,19,16,13,12,11
153,23,23,14,17,15,14,12,13,14,24,24,18,15,14,11,11,15,20,17,14,14,12,17,16,14,10,9,12,16,15,10,10,9,15,19,11,10,10,12,14,18,16,8,8,9,12,17,13,10,7,8,9,10,11,12,16,10,8,9,10,12,8,8,7,6,8,9,9,10,12,7,6,5,8,8,9,9,12,6,5,7,8,10,6,5,6,6,7,11,6,4,4,5,6,7,7,8,8,10,8,4,6,6,7,10,6,4,4,3,4,5,6,7,7,15,14,14,3,3,4,5,6,14,14,13,3,3,4,6,7,7,3,4,4,5,6,14,11,2,3,4,4,5,6,6,7,8,14,13,13,5,1,0,3,4,4,9,14,10,9,9,1,4,4,5,6,7,10,4,3,4,4,6,6,7,14,13,13,11,6,5,4,4,2,3,3,4,6,7,15,5,5,7,15,13,12,5,5,4,3,6,7,8,9,16,13,8,8,7,6,5,8,9,16,14,14,13,12,11,10,10,9,7,6,5,5,7,8,8,18,16,15,13,12,11,8,9,12,15,14,14,13,12,12,10,12,13,12,12,9,8,9,11,14,13,11,10,10,7,7,10,11,12,13,15,13,9,10,11,12,12,13,14,9,10,12,12,13,12,11,12,12,14,16,12,20,12,12,11,23,19,18,15,14,20,17,14,13,12
154,26,26,17,20,18,17,15,13,12,27,27,21,18,17,14,13,12,23,20,18,17,15,20,19,17,14,13,10,19,19,14,13,13,12,23,14,13,10,9,11,21,19,12,10,9,9,20,16,13,10,9,8,7,8,8,19,14,9,8,7,15,12,11,10,9,8,7,6,7,15,10,9,9,7,6,5,6,8,9,8,6,6,7,9,8,7,6,5,8,9,7,7,6,5,4,4,4,5,7,11,7,4,4,3,7,9,8,7,5,4,3,3,3,4,19,18,17,6,5,3,3,2,18,17,16,4,3,3,2,3,4,2,2,1,2,2,18,14,2,1,1,1,2,2,3,3,5,17,16,16,8,4,3,0,1,1,6,17,13,13,12,4,1,1,2,3,3,14,8,3,2,1,2,3,3,18,16,16,14,9,9,8,7,5,4,3,3,3,3,19,8,2,3,18,16,15,9,8,8,7,3,3,4,5,20,16,12,11,10,9,5,4,6,19,18,17,16,15,14,14,13,12,10,9,9,5,4,4,5,21,20,19,16,15,14,5,6,9,19,18,17,16,15,15,7,9,16,15,15,13,12,7,8,11,16,14,14,13,10,10,7,8,9,10,12,16,9,7,8,8,9,10,17,9,8,8,9,9,15,14,8,9,10,20,15,23,15,15,14,26,23,21,18,17,24,20,17,16,15
155,27,26,18,21,19,18,15,13,12,28,27,21,19,18,15,14,11,24,21,18,18,16,21,20,18,14,13,10,20,19,14,14,13,12,23,15,14,10,8,10,22,20,12,11,10,8,21,16,14,11,10,9,8,7,8,20,14,9,8,7,15,12,12,11,10,8,7,7,7,15,11,10,9,7,7,6,5,8,9,9,7,6,7,9,9,7,7,6,7,9,8,7,7,6,5,4,4,4,7,12,8,5,4,4,6,9,8,8,6,5,4,3,3,3,19,18,18,7,6,4,3,3,18,18,17,4,4,3,2,3,3,3,2,2,1,2,18,15,3,2,1,1,1,2,2,3,4,18,17,16,9,5,4,1,0,1,5,18,14,13,13,5,1,1,1,2,3,14,8,3,2,2,2,2,3,18,17,16,15,10,9,8,8,6,4,4,3,2,3,19,9,3,3,19,17,15,9,9,8,7,3,3,4,5,20,16,12,12,10,10,5,4,5,20,18,18,16,15,15,14,14,13,10,10,9,6,5,4,4,21,20,19,17,15,15,4,6,8,19,18,18,17,16,15,7,8,16,16,15,13,12,7,7,10,16,15,14,14,11,10,7,7,8,9,12,17,9,8,7,8,8,9,18,10,9,8,8,9,15,15,9,8,10,20,15,24,16,15,15,26,23,22,19,18,24,21,18,16,16
156,28,27,18,21,19,18,16,14,13,29,28,22,19,18,15,14,10,24,21,19,18,16,21,20,18,15,14,11,20,20,15,14,14,11,24,15,14,11,9,10,23,20,13,12,10,8,21,17,14,12,10,9,8,8,7,20,15,10,9,7,16,13,12,12,10,9,8,7,6,16,12,10,10,8,7,7,6,7,10,9,7,7,6,10,9,8,7,6,7,10,8,8,7,7,6,5,4,4,6,12,8,6,5,4,6,10,9,8,7,6,4,4,3,3,20,19,18,7,6,4,4,3,19,18,18,5,4,4,2,2,3,3,3,2,2,1,19,15,3,2,2,1,1,1,2,2,4,18,18,17,9,6,4,1,1,0,4,18,14,14,13,6,2,1,1,2,2,15,9,4,3,2,1,2,2,19,18,17,15,10,10,9,8,7,5,4,4,2,2,20,9,3,2,19,18,16,10,9,9,8,4,3,3,4,21,17,13,12,11,10,6,3,5,20,19,18,17,16,15,15,14,13,11,10,10,7,6,4,4,22,21,20,18,16,15,5,5,8,20,19,18,18,16,16,6,8,17,16,16,14,13,8,7,10,17,15,15,14,12,11,8,7,8,9,11,18,10,8,8,7,8,9,18,10,9,8,8,8,16,15,9,9,9,21,16,24,16,16,15,27,24,23,19,18,25,21,18,17,16
157,32,31,23,26,24,23,20,18,17,33,32,26,24,23,20,19,15,29,26,23,23,21,26,25,23,19,18,15,25,24,19,19,18,11,28,20,19,15,13,11,27,25,17,16,15,12,26,21,19,16,15,14,13,12,12,25,19,14,13,12,20,17,16,16,15,13,12,12,10,20,16,15,14,12,12,11,10,8,14,14,12,11,8,14,14,12,12,10,7,14,13,12,12,11,10,9,9,8,6,16,13,10,9,9,6,14,13,13,11,10,9,8,8,7,24,23,23,12,10,9,8,8,23,23,22,9,9,8,7,5,5,8,7,7,6,6,23,20,8,7,6,6,5,4,4,3,2,23,22,21,14,10,9,6,5,4,0,23,19,18,18,10,6,5,5,4,3,19,13,8,7,7,5,5,4,23,22,21,20,15,14,13,13,11,9,9,8,6,5,24,14,8,7,24,22,20,14,14,13,12,8,8,7,5,25,21,17,16,15,15,10,8,6,25,23,23,21,20,20,19,19,18,15,15,14,11,10,9,8,26,25,24,22,20,20,9,8,6,24,23,23,22,21,20,9,8,21,21,20,18,17,12,10,7,21,20,19,19,16,15,12,11,10,9,7,22,14,13,12,12,11,10,23,15,14,13,12,12,20,20,14,13,13,25,20,29,21,20,20,31,28,27,24,23,29,26,23,21,21
158,14,14,23,19,21,22,24,26,27,12,11,17,20,21,24,25,29,14,16,19,20,21,15,16,19,22,23,26,15,16,21,21,22,29,11,19,20,24,26,28,11,13,21,22,23,26,11,15,18,21,22,23,24,25,25,11,16,21,23,24,14,18,18,19,20,21,23,23,24,13,18,19,19,21,22,23,23,25,18,19,21,21,24,17,18,19,20,21,25,16,18,18,19,19,20,21,21,22,24,13,16,19,20,20,24,14,15,15,17,18,19,20,20,21,3,4,4,15,16,18,19,19,3,3,4,16,17,18,19,20,21,17,18,18,19,19,2,4,16,17,18,18,19,19,20,20,22,1,1,1,9,13,14,17,18,18,23,0,4,4,5,13,16,17,18,19,19,4,10,15,16,17,18,19,19,2,3,3,5,10,10,12,12,14,15,16,16,19,19,2,12,18,19,3,5,7,13,13,14,15,19,19,20,21,3,7,11,12,13,13,18,20,22,4,6,7,8,9,9,10,10,12,14,14,15,18,19,20,21,4,5,6,8,10,10,21,22,25,7,8,9,9,12,12,23,25,12,13,13,15,16,21,24,27,13,15,15,16,19,19,23,24,25,26,28,14,21,23,24,24,25,26,14,22,23,24,25,25,18,18,24,25,26,15,20,13,20,21,21,11,14,15,19,20,14,18,21,22,23
159,14,14,19,15,17,18,20,23,24,15,15,13,16,17,20,21,25,11,13,15,16,18,12,13,15,18,19,22,12,12,17,18,18,25,10,15,16,20,22,24,9,9,17,18,19,22,8,12,14,17,18,19,20,21,21,7,13,18,19,20,10,14,14,15,16,18,19,19,20,9,14,15,15,18,18,19,19,21,14,15,17,18,20,13,14,15,16,17,21,12,14,14,15,15,16,17,18,18,20,9,13,15,16,16,20,10,11,12,13,14,15,16,16,17,7,6,5,12,13,14,15,15,5,5,4,13,13,14,15,16,17,13,14,14,15,15,5,2,12,13,14,14,15,15,16,16,18,5,4,4,5,9,10,13,14,14,19,4,0,1,1,9,13,13,14,15,15,1,7,12,13,13,14,15,15,4,3,3,1,6,7,8,8,10,12,12,13,15,15,6,8,14,15,5,3,3,9,9,10,11,15,15,16,18,7,3,7,8,9,9,14,16,18,6,4,4,4,5,5,6,7,8,10,10,11,14,15,16,17,8,7,6,4,6,7,17,18,21,6,4,5,5,8,8,19,21,8,9,9,12,13,18,20,23,9,11,12,12,15,15,19,20,21,22,24,10,18,19,20,20,21,22,10,18,19,20,21,21,14,14,20,21,23,11,16,10,16,17,18,13,10,12,15,16,10,14,17,18,19
160,15,14,19,14,16,18,20,22,23,16,15,13,15,16,19,20,24,12,12,15,15,17,11,12,14,18,19,21,11,12,16,17,18,25,11,15,16,19,21,24,10,9,16,18,19,21,9,11,14,16,18,19,20,20,21,8,12,17,18,20,10,13,14,14,15,17,18,19,20,9,13,14,15,17,18,18,19,21,14,14,16,17,20,13,13,15,15,16,20,12,13,14,14,15,16,16,17,18,20,8,12,15,15,16,19,9,10,11,13,14,15,15,16,16,7,6,6,11,12,14,14,15,6,5,5,12,13,13,15,16,16,13,13,14,14,15,6,3,12,13,13,14,14,15,15,16,18,5,5,4,4,8,9,13,13,14,18,4,1,0,1,8,12,13,13,14,15,1,6,11,12,13,14,14,15,5,4,3,2,6,6,7,8,9,11,12,12,14,15,6,8,14,15,5,4,2,8,9,9,10,14,15,16,17,7,3,7,7,8,9,13,16,18,7,5,4,3,4,5,6,6,7,9,10,10,14,15,16,16,8,7,6,4,5,6,16,18,20,6,5,4,5,7,8,19,20,8,8,9,11,12,17,19,23,9,10,11,12,14,15,18,19,20,21,24,9,17,19,19,20,20,21,10,18,19,20,20,21,13,14,20,20,22,10,15,10,16,16,17,13,10,11,14,15,11,13,16,18,18
161,15,15,18,14,16,17,19,21,23,16,16,12,15,16,19,20,24,12,12,14,15,16,10,12,14,17,18,21,10,11,16,16,17,24,12,14,15,19,21,23,10,8,16,17,18,21,9,10,13,16,17,18,19,20,20,8,12,16,18,19,9,13,13,14,15,16,18,18,19,8,13,14,14,16,17,18,18,20,13,14,16,16,19,12,13,14,15,16,20,11,13,13,14,14,15,16,16,17,19,8,12,14,15,15,19,9,10,10,12,13,14,15,15,16,8,7,6,10,12,13,14,14,7,6,5,12,12,13,14,15,16,12,13,13,14,14,7,3,11,12,13,13,14,14,15,15,17,6,5,5,4,8,9,12,13,13,18,5,1,1,0,8,12,12,13,14,14,2,6,10,12,12,13,14,14,5,4,4,2,5,5,7,7,9,10,11,12,14,14,7,7,13,14,6,4,3,8,8,9,10,14,14,15,16,8,4,6,7,8,8,13,15,17,7,6,5,4,4,4,5,6,7,9,9,10,13,14,15,16,9,8,7,4,5,6,16,17,20,7,5,5,4,7,7,18,20,7,8,8,10,12,16,19,22,8,10,10,11,14,14,18,19,20,21,23,9,16,18,19,19,20,21,9,17,18,19,20,20,13,13,19,20,21,10,15,11,15,16,16,14,10,10,14,15,12,13,16,17,18
162,23,23,14,17,15,14,12,14,15,24,24,18,15,14,11,12,16,20,17,14,14,12,17,16,14,10,10,13,16,15,10,10,9,16,19,11,10,11,13,15,18,16,8,9,10,13,17,13,10,8,9,10,12,12,13,16,10,9,10,12,12,8,8,7,7,9,10,10,12,12,7,6,7,9,9,10,10,13,5,6,8,9,12,5,5,7,7,8,12,5,5,6,6,7,8,8,9,9,12,8,4,7,7,8,11,5,4,4,4,6,7,7,8,8,15,14,14,3,4,6,6,7,14,14,13,4,4,5,7,8,8,4,5,6,6,7,14,11,3,4,5,6,6,7,7,8,9,14,13,13,5,1,1,4,5,6,10,13,9,8,8,0,4,4,5,6,7,9,3,3,4,4,6,6,7,13,12,12,10,5,4,3,3,1,3,3,4,6,7,14,4,6,7,14,12,10,4,4,3,2,6,7,8,9,15,12,7,7,5,5,5,8,9,15,13,13,12,10,10,9,9,8,5,5,4,6,7,8,8,16,15,14,12,10,10,8,9,12,14,13,13,12,11,10,10,12,12,11,10,8,7,9,11,14,12,10,9,9,6,7,10,11,12,13,15,12,9,10,11,12,12,13,13,9,10,12,12,13,10,10,12,12,14,15,10,19,11,10,10,21,18,17,14,13,19,16,13,12,11
163,27,26,18,21,19,18,15,13,12,28,27,21,19,18,15,14,12,24,21,18,18,16,21,20,18,14,13,10,20,19,14,14,13,13,23,15,14,10,9,12,22,20,12,11,10,9,21,16,14,11,10,9,8,8,9,20,14,9,8,8,15,12,12,11,10,8,7,7,8,15,11,10,9,7,7,6,7,9,9,9,7,6,8,9,9,7,7,6,8,9,8,7,7,6,5,4,5,6,8,12,8,5,4,4,7,9,8,8,6,5,4,3,4,4,19,18,18,7,5,4,3,3,18,18,17,4,4,3,3,4,4,3,2,2,2,3,18,15,3,2,1,2,2,3,3,4,5,18,17,16,9,5,4,1,1,2,6,16,13,12,12,4,0,1,1,2,3,13,7,2,1,1,2,2,3,17,16,15,14,9,8,7,7,5,3,3,2,2,3,18,8,2,3,18,16,14,8,8,7,6,2,3,4,5,19,15,11,10,9,9,4,4,6,19,17,16,15,14,14,13,13,12,9,9,8,5,4,4,4,20,19,18,16,14,14,4,6,8,18,17,16,16,15,14,7,8,15,15,14,12,11,6,7,10,15,14,13,13,10,9,6,7,8,9,12,16,8,7,7,8,8,9,16,9,8,8,8,9,14,14,8,8,10,19,14,23,15,14,14,25,22,21,18,16,23,20,16,15,15
164,27,27,18,21,19,18,16,14,13,29,28,22,19,18,15,14,12,24,21,19,18,16,21,20,18,15,14,11,20,20,15,14,14,12,24,15,14,11,9,11,23,20,13,12,10,9,21,17,14,12,10,9,8,8,8,20,15,10,9,7,16,13,12,12,10,9,8,7,7,16,12,10,10,8,7,7,6,8,10,9,7,7,7,10,9,8,7,6,8,10,8,8,7,7,6,5,4,5,7,12,8,6,5,4,7,10,9,8,7,5,4,4,3,4,20,19,18,7,6,4,4,3,19,18,18,5,4,4,2,3,4,3,3,2,2,2,19,15,3,2,2,1,2,2,3,3,5,18,18,17,9,5,4,1,1,1,5,17,13,13,12,4,1,0,1,2,2,14,8,3,2,1,1,2,2,18,16,16,14,9,9,8,7,6,4,3,3,2,2,19,8,2,2,18,16,15,9,8,8,7,3,2,3,4,20,16,12,11,10,9,5,3,5,19,18,17,16,15,14,14,13,12,10,9,9,5,4,3,4,21,20,19,16,15,14,4,5,8,19,18,17,16,15,15,6,8,16,15,15,13,12,7,7,10,16,14,14,13,10,10,7,7,8,9,11,16,9,7,7,7,8,9,17,9,8,7,8,8,15,14,8,8,9,20,15,23,15,15,14,26,23,21,18,17,24,20,17,16,15
165,28,27,19,22,20,19,16,14,13,29,29,23,20,19,16,15,11,25,22,19,19,17,22,21,19,15,14,12,21,20,15,15,14,12,24,16,15,12,9,10,23,21,13,12,11,8,22,18,15,12,11,10,9,8,8,21,15,10,9,8,16,13,13,12,11,9,8,8,7,16,12,11,10,8,8,7,7,8,10,10,8,7,7,10,10,8,8,7,7,10,9,8,8,7,6,6,5,4,7,13,9,6,6,5,6,10,9,9,7,6,5,4,4,3,20,19,19,8,7,5,4,4,19,19,18,6,5,4,3,3,3,4,3,3,2,2,19,16,4,3,2,2,1,2,2,3,4,19,18,18,10,6,5,2,1,1,5,18,14,13,13,5,1,1,0,1,2,14,8,3,2,2,1,1,2,18,17,16,15,10,9,8,8,6,4,4,3,1,2,19,9,3,2,19,17,15,9,9,8,7,3,3,3,4,20,16,12,12,10,10,6,3,4,20,18,18,16,15,15,14,14,13,10,10,9,6,5,4,3,21,20,19,17,15,15,4,4,7,19,18,18,17,16,15,6,7,16,16,15,13,12,7,6,9,16,15,14,14,11,10,7,6,7,8,10,17,9,8,7,7,7,8,18,10,9,8,7,8,15,15,9,8,9,20,15,24,16,15,15,26,23,22,19,18,24,21,18,16,16
166,29,29,20,23,21,20,18,15,14,30,30,24,21,20,17,16,12,26,23,20,20,18,23,22,20,16,15,13,22,21,16,16,15,10,25,17,16,13,10,9,24,22,14,13,12,9,23,19,16,13,12,11,10,9,9,22,16,12,10,9,18,14,14,13,12,10,9,9,8,18,13,12,12,9,9,8,8,7,12,11,9,8,5,12,11,9,9,8,6,12,10,9,9,8,7,7,6,5,6,14,10,7,7,6,5,12,10,10,8,7,6,5,5,4,21,20,20,9,8,6,6,5,20,20,19,7,6,5,4,3,2,5,4,4,3,3,20,17,5,4,3,3,2,2,1,2,3,20,19,19,11,7,6,3,2,2,4,19,15,14,14,6,2,2,1,0,1,15,9,4,3,3,2,1,1,19,18,18,16,11,10,9,9,7,5,5,4,2,2,20,10,4,3,20,18,16,10,10,9,8,4,4,3,3,21,18,13,13,12,11,7,4,3,21,19,19,18,16,16,15,15,14,12,11,10,7,6,5,4,23,21,20,18,16,16,5,4,6,20,19,19,18,17,16,5,6,18,17,16,14,13,8,6,8,18,16,15,15,12,12,8,7,6,7,9,18,10,9,8,8,7,7,19,11,10,9,8,8,16,16,10,9,9,21,16,25,17,16,16,27,24,23,20,19,25,22,19,18,17
167,30,29,20,24,21,20,18,16,15,31,30,24,21,20,18,16,13,26,24,21,20,19,24,23,20,17,16,13,23,22,17,16,16,10,26,18,16,13,11,9,25,23,15,14,13,10,24,19,16,14,13,12,10,10,9,23,17,12,11,9,18,15,14,14,13,11,10,9,8,18,14,13,12,10,9,9,8,6,12,12,9,9,6,12,12,10,9,8,6,12,10,10,9,9,8,7,7,6,5,14,10,8,7,7,4,12,11,10,9,8,7,6,5,5,22,21,20,9,8,7,6,6,21,20,20,7,7,6,4,3,3,6,5,4,4,3,21,18,5,4,4,3,3,2,2,1,3,20,20,19,12,8,7,3,3,2,3,19,15,15,14,7,3,2,2,1,0,16,10,5,4,3,2,2,1,20,19,18,16,12,11,10,9,8,6,5,5,3,2,21,10,4,3,20,19,17,11,10,10,9,5,4,3,2,22,18,14,13,12,12,7,4,3,21,20,19,18,17,16,16,15,14,12,12,11,8,7,5,5,23,22,21,19,17,16,6,5,5,21,20,19,19,18,17,6,6,18,18,17,15,14,9,7,8,18,16,16,15,13,12,9,8,7,7,9,19,11,9,9,8,8,7,19,12,10,9,9,8,17,16,10,10,9,22,17,25,18,17,16,28,25,24,20,19,26,23,19,18,18
168,15,14,20,15,18,19,21,23,24,16,15,14,16,18,20,21,25,12,13,16,16,18,12,13,15,19,20,23,12,13,18,18,19,26,11,16,17,20,23,25,10,10,18,19,20,23,9,12,15,18,19,20,21,21,22,8,13,18,19,21,11,14,15,15,16,18,19,20,21,10,14,15,16,18,19,19,20,22,15,15,18,18,21,14,14,16,16,18,21,13,14,15,15,16,17,18,18,19,21,9,13,16,16,17,20,10,12,12,14,15,16,16,17,18,7,6,6,12,13,15,15,16,6,6,5,13,14,14,16,17,18,14,14,15,15,16,6,3,13,14,14,15,15,16,16,17,19,5,5,4,5,9,10,14,14,15,19,4,1,1,2,9,13,14,14,15,16,0,6,11,12,13,14,14,15,4,3,2,1,5,6,7,8,9,11,12,12,14,15,5,8,14,15,4,3,2,8,9,9,10,14,15,16,17,6,2,7,7,8,9,13,16,18,5,4,3,3,4,5,5,6,7,9,10,10,14,15,16,16,7,6,5,4,5,6,16,18,20,5,4,4,5,7,8,19,20,8,8,9,11,12,17,19,23,9,10,11,12,14,15,18,19,20,21,24,9,17,19,19,20,20,21,10,18,19,20,20,21,13,14,20,20,22,10,15,9,16,16,17,12,10,11,14,15,10,13,16,18,18
169,21,20,14,15,13,13,15,17,18,22,21,15,13,12,14,15,19,18,15,12,12,12,15,14,12,13,14,16,14,13,12,12,13,20,17,10,11,14,16,19,16,14,12,13,14,16,15,10,9,12,13,14,15,15,16,14,8,12,13,15,9,8,9,9,10,12,13,14,15,9,8,9,10,12,13,13,14,16,9,9,12,12,15,8,8,10,10,12,15,7,8,9,9,10,11,12,12,13,15,6,7,10,10,11,14,4,5,6,8,9,10,10,11,12,13,12,12,6,7,9,9,10,12,12,11,7,8,8,10,11,12,8,8,9,9,10,12,9,7,8,8,9,9,10,10,11,13,12,11,10,3,3,4,8,8,9,13,10,7,6,6,3,7,8,8,9,10,6,0,5,6,7,8,8,9,10,9,8,7,2,1,1,2,3,5,5,6,8,9,11,2,8,9,10,9,7,2,3,3,4,8,9,10,11,12,8,4,3,2,3,7,10,12,12,10,9,8,7,7,6,5,4,3,4,4,8,9,10,10,13,12,11,9,7,7,10,12,14,11,10,9,9,8,7,13,14,8,8,7,5,6,11,13,16,8,7,6,5,8,9,12,13,14,15,18,9,11,13,13,14,14,15,9,12,13,14,14,15,7,8,14,14,16,12,9,15,10,10,11,18,15,14,10,9,16,13,10,12,12
170,26,25,16,20,18,16,14,12,13,27,26,20,18,16,14,13,14,23,20,17,16,15,20,19,16,13,12,12,19,18,13,13,12,15,22,14,13,9,12,14,21,19,11,10,9,12,20,15,13,10,9,9,10,10,11,19,13,8,8,10,14,11,10,10,9,7,8,9,10,14,10,9,8,7,8,8,9,11,8,8,7,7,10,8,8,6,6,7,10,8,7,6,6,5,6,7,7,8,10,10,7,5,5,6,9,8,7,7,5,4,5,5,6,7,18,17,16,6,4,4,4,5,17,16,16,3,3,3,5,6,7,3,3,4,4,5,17,14,2,3,3,4,4,5,5,6,8,16,16,15,8,4,3,3,3,4,8,15,12,11,10,3,2,3,3,4,5,11,5,0,1,2,3,3,4,15,14,13,12,7,6,5,4,3,1,1,1,3,4,16,6,3,4,15,14,12,6,5,5,4,3,4,5,6,17,13,9,8,7,7,2,5,7,16,15,14,13,12,12,11,10,9,7,7,6,3,4,5,5,18,17,16,14,12,12,5,7,9,16,15,14,14,13,12,8,9,13,13,12,10,9,6,8,12,13,12,11,10,8,7,7,8,9,10,13,14,6,8,8,9,9,10,14,7,8,9,9,10,12,12,9,9,11,17,12,20,13,12,12,23,20,19,15,14,21,18,14,13,13
171,27,26,18,21,19,18,15,13,12,28,27,21,19,18,15,14,13,24,21,18,18,16,21,20,18,14,13,10,20,19,14,14,13,14,23,15,14,10,10,13,22,20,12,11,10,10,21,16,14,11,10,9,9,9,10,20,14,9,8,9,15,12,12,11,10,8,7,8,9,15,11,10,9,7,7,7,8,10,9,9,7,6,9,9,9,7,7,6,9,9,8,7,7,6,5,6,6,7,9,12,8,5,4,5,8,9,8,8,6,5,4,4,5,6,19,18,18,7,5,4,3,4,18,18,17,4,4,3,4,5,6,3,2,3,3,4,18,15,3,2,2,3,3,4,4,5,7,18,17,16,9,5,4,2,2,3,7,16,13,12,12,4,1,2,2,3,4,12,6,1,0,1,2,2,3,16,15,14,13,8,7,6,5,4,2,2,1,2,3,17,7,2,3,16,15,13,7,7,6,5,2,3,4,5,18,14,10,9,8,8,3,4,6,18,16,15,14,13,13,12,12,10,8,8,7,4,3,4,4,19,18,17,15,13,13,4,6,8,17,16,15,15,14,13,7,8,14,14,13,11,10,5,7,10,14,13,12,12,9,8,6,7,8,9,12,15,7,7,7,8,8,9,15,8,7,8,8,9,13,13,8,8,10,18,13,21,14,13,13,24,21,20,16,15,22,19,15,14,14
172,27,27,18,21,19,18,16,14,13,29,28,22,19,18,15,14,13,24,21,19,18,16,21,20,18,15,14,11,20,20,15,14,14,13,24,15,14,11,10,12,23,20,13,12,10,10,21,17,14,12,10,9,8,9,9,20,15,10,9,8,16,13,12,12,10,9,8,7,8,16,12,10,10,8,7,7,7,9,10,9,7,7,8,10,9,8,7,6,9,10,8,8,7,7,6,5,6,6,8,12,8,6,5,4,8,10,9,8,7,5,4,4,4,5,20,19,18,7,6,4,4,3,19,18,18,5,4,4,3,4,5,3,3,2,3,3,19,15,3,2,2,2,3,3,4,4,6,18,18,17,9,5,4,1,2,2,7,17,13,13,12,4,1,1,2,3,3,13,7,2,1,0,1,2,2,16,15,15,13,8,8,7,6,4,3,2,2,2,2,18,7,1,2,17,15,14,8,7,7,5,2,2,3,4,19,15,10,10,9,8,4,3,5,18,16,16,15,14,13,13,12,11,9,8,8,4,3,3,4,20,19,18,15,14,13,4,5,8,18,16,16,15,14,14,6,8,15,14,14,12,10,6,7,10,15,13,13,12,9,9,5,7,8,9,11,15,8,6,7,7,8,9,16,8,7,7,8,8,14,13,7,8,9,19,14,22,14,14,13,25,21,20,17,16,23,19,16,15,14
173,29,28,19,23,20,19,17,15,14,30,29,23,20,19,16,15,12,25,23,20,19,18,23,21,19,16,15,12,21,21,16,15,15,12,25,16,15,12,10,11,24,21,14,13,12,9,23,18,15,13,12,10,9,9,8,21,16,11,10,8,17,14,13,13,12,10,9,8,7,17,13,12,11,9,8,8,7,8,11,10,8,8,7,11,10,9,8,7,8,11,9,9,8,8,7,6,6,5,7,13,9,7,6,6,7,11,10,9,8,7,6,5,4,4,21,20,19,8,7,6,5,4,20,19,19,6,6,5,3,3,4,4,4,3,3,2,20,16,4,3,3,2,2,2,3,3,5,19,19,18,10,7,6,2,2,1,5,18,14,14,13,6,2,1,1,2,2,14,8,3,2,1,0,1,1,18,16,16,14,9,9,8,7,6,4,3,3,1,1,19,8,2,1,18,16,15,9,8,8,7,3,2,2,3,20,16,12,11,10,9,5,2,4,19,18,17,16,15,14,14,13,12,10,9,9,5,4,3,3,21,20,19,16,15,14,4,4,7,19,18,17,16,15,15,5,7,16,15,15,13,12,7,6,9,16,14,14,13,10,10,7,5,7,8,10,16,9,7,7,6,7,8,17,9,8,7,7,7,15,14,8,8,8,20,15,23,15,15,14,26,23,21,18,17,24,20,17,16,15
174,29,29,20,23,21,20,18,15,14,30,30,24,21,20,17,16,12,26,23,20,20,18,23,22,20,16,15,13,22,21,16,16,15,12,25,17,16,13,10,10,24,22,14,13,12,9,23,19,16,13,12,11,10,9,9,22,16,12,10,9,18,14,14,13,12,10,9,9,8,18,13,12,12,9,9,8,8,8,12,11,9,8,7,12,11,9,9,8,7,12,10,9,9,8,7,7,6,6,7,14,10,7,7,6,6,12,10,10,8,7,6,6,5,4,21,20,20,9,8,6,6,5,20,20,19,7,6,6,4,3,3,5,4,4,3,3,20,17,5,4,3,3,2,2,2,3,4,20,19,19,11,7,6,3,2,2,5,19,15,14,14,6,2,2,1,1,2,14,8,3,2,2,1,0,1,18,17,16,15,10,9,8,8,6,4,4,3,1,1,19,9,3,2,19,17,15,9,9,8,7,3,3,2,3,20,16,12,12,10,10,6,3,3,20,18,18,16,15,15,14,14,13,10,10,9,6,5,4,3,21,20,19,17,15,15,4,3,6,19,18,18,17,16,15,4,6,16,16,15,13,12,7,5,8,16,15,14,14,11,10,7,6,6,7,9,17,9,8,7,7,6,7,18,10,9,8,7,7,15,15,9,8,8,20,15,24,16,15,15,26,23,22,19,18,24,21,18,16,16
175,30,29,20,24,21,20,18,16,15,31,30,24,21,20,18,16,13,26,24,21,20,19,24,23,20,17,16,13,23,22,17,16,16,11,26,18,16,13,11,10,25,23,15,14,13,10,24,19,16,14,13,12,10,10,9,23,17,12,11,9,18,15,14,14,13,11,10,9,8,18,14,13,12,10,9,9,8,7,12,12,9,9,6,12,12,10,9,8,7,12,10,10,9,9,8,7,7,6,6,14,10,8,7,7,6,12,11,10,9,8,7,6,5,5,22,21,20,9,8,7,6,6,21,20,20,7,7,6,4,3,3,6,5,4,4,3,21,18,5,4,4,3,3,2,2,2,4,20,20,19,12,8,7,3,3,2,4,19,15,15,14,7,3,2,2,1,1,15,9,4,3,2,1,1,0,19,18,17,15,10,10,9,8,7,5,4,4,2,1,20,9,3,2,19,18,16,10,9,9,8,4,3,2,2,21,17,13,12,11,10,6,3,3,20,19,18,17,16,15,15,14,13,11,10,10,7,5,4,4,22,21,20,18,16,15,5,4,5,20,19,18,18,16,16,5,6,17,16,16,14,13,8,5,8,17,15,15,14,12,11,8,7,5,7,9,18,10,8,8,7,7,7,18,10,9,8,8,7,16,15,9,9,8,21,16,24,16,16,15,27,24,23,19,18,25,21,18,17,16
176,14,15,24,19,21,23,25,27,28,13,13,18,20,21,24,25,29,14,17,20,20,22,16,17,19,23,24,26,16,16,21,22,23,30,12,20,21,24,26,29,12,14,21,23,24,26,12,16,19,21,23,24,25,25,26,12,17,22,23,25,15,18,19,19,20,22,23,24,25,14,18,19,20,22,23,23,24,26,19,19,21,22,25,18,18,20,20,21,25,16,18,19,19,20,21,21,22,23,25,13,17,20,20,21,24,14,15,16,18,19,20,20,21,21,4,4,5,16,17,19,19,20,3,4,4,17,18,18,20,21,21,18,18,19,19,20,3,4,16,18,18,19,19,20,20,21,23,3,2,2,9,13,14,18,18,19,23,2,4,5,5,13,17,18,18,19,20,4,10,15,16,16,18,18,19,0,1,2,3,8,9,10,10,12,14,14,15,17,18,1,10,16,18,2,3,5,11,12,12,13,17,18,19,20,2,5,9,10,11,12,16,19,20,3,4,5,6,7,8,8,9,10,12,13,13,16,18,19,19,3,3,4,7,8,9,19,20,23,5,7,7,8,10,10,21,23,10,11,12,14,15,20,22,25,12,13,14,14,17,18,21,22,23,24,26,12,20,21,22,23,23,24,13,20,21,23,23,24,16,16,23,23,25,13,18,11,19,19,20,9,13,14,17,18,13,16,19,20,21
177,13,14,23,18,20,21,24,26,27,14,14,16,19,20,23,24,28,13,16,19,19,21,15,16,18,21,23,25,15,15,20,21,21,29,10,19,20,23,25,27,10,13,20,21,23,25,10,15,18,20,21,23,24,24,25,10,16,21,22,24,14,17,18,18,19,21,22,23,24,13,17,18,19,21,21,22,23,25,18,18,20,21,24,16,17,19,19,20,24,15,17,18,18,19,20,20,21,21,24,12,16,19,19,20,23,13,14,15,16,18,19,19,20,20,6,4,4,15,16,18,18,19,4,4,3,16,16,17,19,20,20,16,17,18,18,19,4,3,15,16,17,18,18,19,19,20,21,4,3,3,8,12,13,16,17,18,22,3,3,4,4,12,16,16,17,18,19,3,9,14,15,15,16,17,18,1,0,1,2,7,8,9,9,11,13,13,14,16,16,2,9,15,16,2,2,4,10,10,11,12,16,16,18,19,3,4,8,9,10,10,15,18,19,3,3,4,5,6,7,7,8,9,11,12,12,15,16,18,18,4,3,3,6,7,8,18,19,22,4,6,6,7,9,9,20,22,9,10,10,13,14,19,21,24,10,12,13,13,16,16,20,21,22,23,25,11,19,20,21,21,22,23,12,19,20,21,22,23,15,15,21,22,24,12,17,10,18,18,19,9,12,13,16,17,12,15,18,19,20
178,14,13,22,18,20,21,23,25,26,15,14,16,19,20,23,24,27,13,15,18,19,20,14,15,18,21,22,25,14,15,20,20,21,28,10,18,19,23,25,27,10,12,20,21,22,25,10,14,17,20,21,22,23,24,24,10,15,20,21,23,13,16,17,18,19,20,21,22,23,12,16,18,18,20,21,21,22,24,17,18,20,20,23,16,16,18,19,20,24,15,16,17,18,18,19,20,20,21,23,12,15,18,19,19,23,13,14,14,16,17,18,19,19,20,6,5,4,14,15,17,18,18,5,4,4,15,16,16,18,19,20,16,16,17,18,18,5,3,15,16,16,17,18,18,19,19,21,4,4,3,8,12,13,16,16,17,21,3,3,3,4,12,15,16,16,18,18,2,8,13,14,15,16,16,17,2,1,0,2,7,7,8,9,10,12,13,13,15,16,3,9,15,16,2,2,3,9,10,10,12,15,16,17,18,4,3,8,8,9,10,14,17,19,3,3,3,4,6,6,7,7,8,10,11,12,15,16,17,18,5,4,3,5,7,7,18,19,21,4,5,6,6,8,9,20,21,9,9,10,12,13,18,20,24,10,12,12,13,15,16,19,20,21,23,25,10,18,20,20,21,21,23,11,19,20,21,21,22,14,15,21,21,23,12,16,9,17,18,18,10,11,12,15,16,11,14,18,19,19
179,15,15,20,16,18,19,21,24,25,16,16,14,17,18,21,22,26,12,14,16,17,19,13,14,16,19,20,23,13,13,18,19,19,26,12,16,18,21,23,25,10,10,18,19,20,23,9,13,15,18,19,20,21,22,23,8,14,19,20,21,12,15,15,16,17,19,20,20,21,10,15,16,16,19,19,20,20,23,15,16,18,19,21,14,15,16,17,18,22,13,15,15,16,16,18,18,19,19,21,10,14,16,17,18,21,11,12,13,14,15,16,17,18,18,8,7,6,13,14,15,16,16,7,6,5,14,14,15,16,18,18,14,15,15,16,16,7,3,13,14,15,15,16,16,17,18,19,6,5,5,6,10,11,14,15,15,20,5,1,2,2,10,14,14,15,16,16,1,7,12,13,13,14,15,15,3,2,2,0,5,5,7,7,9,10,11,12,14,14,4,7,13,14,4,2,2,8,8,9,10,14,14,15,16,6,2,6,7,8,8,13,15,17,5,3,3,3,4,4,5,6,7,9,9,10,13,14,15,16,7,6,4,3,5,6,16,17,20,4,3,4,4,7,7,18,20,7,8,8,10,12,16,19,22,8,10,10,11,14,14,18,19,20,21,23,9,16,18,19,19,20,21,9,17,18,19,20,20,13,13,19,20,21,10,15,9,15,16,16,12,9,10,14,15,9,13,16,17,18
180,20,20,15,14,13,14,16,19,20,21,21,15,12,13,16,17,21,17,14,12,12,14,14,13,11,14,15,18,13,13,13,14,14,21,16,12,13,16,18,20,15,13,13,14,15,18,14,10,10,13,14,15,16,17,18,13,9,14,15,16,9,10,10,11,12,14,15,15,16,9,10,11,12,14,14,15,15,18,10,11,13,14,16,9,10,12,12,13,17,8,10,10,11,12,13,13,14,14,16,5,9,12,12,13,16,6,7,8,9,10,12,12,13,13,13,12,11,8,9,10,11,12,12,11,10,9,9,10,12,13,13,9,10,10,11,12,12,8,8,9,10,10,11,12,12,13,14,11,10,10,2,5,6,9,10,10,15,10,6,6,5,5,9,9,10,11,12,5,2,7,8,8,9,10,10,8,7,7,5,0,1,2,2,4,5,6,7,9,9,9,2,8,9,9,7,6,3,3,4,5,9,9,10,12,10,7,2,2,3,3,8,10,12,10,8,8,7,6,5,4,4,3,4,4,5,8,9,10,11,12,10,9,7,6,5,11,12,15,9,8,8,7,6,6,13,15,7,6,6,6,7,12,14,17,7,5,5,6,9,9,13,14,15,16,18,7,12,13,14,14,15,16,8,12,13,14,15,15,8,8,14,15,16,10,10,14,10,11,12,16,13,12,9,10,14,11,11,12,13
181,21,20,15,15,13,14,16,18,19,22,21,15,13,13,15,16,20,18,15,12,12,13,15,14,12,14,15,18,14,13,13,13,14,21,17,11,12,15,18,20,16,14,13,14,15,18,15,10,10,13,14,15,16,16,17,14,8,13,14,16,9,9,10,10,12,13,14,15,16,9,9,10,11,13,14,14,15,17,10,10,13,13,16,9,9,11,12,13,16,8,9,10,10,11,12,13,13,14,16,5,8,11,12,12,15,5,7,7,9,10,11,12,12,13,13,12,12,7,8,10,10,11,12,12,11,8,9,9,11,12,13,9,9,10,10,11,12,9,8,9,9,10,10,11,12,12,14,12,11,10,3,4,5,9,9,10,14,10,7,6,5,4,8,9,9,10,11,6,1,6,7,8,9,9,10,9,8,7,5,1,0,1,2,3,5,6,6,8,9,10,2,8,9,9,8,6,2,3,3,4,8,9,10,11,11,7,3,2,2,3,7,10,12,10,9,8,7,6,6,5,4,3,3,4,4,8,9,10,10,12,11,10,8,6,5,10,12,14,10,9,8,8,7,6,13,14,7,7,6,5,6,11,13,16,7,5,5,6,8,9,12,13,14,15,18,8,11,13,13,14,14,15,8,12,13,14,14,15,7,8,14,14,16,11,9,14,10,10,11,17,14,13,9,9,15,12,10,12,12
182,22,21,14,16,14,13,15,17,18,23,23,16,14,13,14,15,19,19,16,13,13,12,16,15,13,13,14,16,15,14,12,12,13,20,18,10,11,14,16,19,17,15,12,13,14,16,16,12,9,12,13,14,15,15,16,15,9,12,13,15,10,8,9,9,10,12,13,14,15,10,8,9,10,12,13,13,14,16,9,9,12,12,15,8,8,10,10,12,15,7,8,9,9,10,11,12,12,13,15,7,7,10,10,11,14,4,5,6,8,9,10,10,11,12,14,13,13,6,7,9,9,10,13,13,12,7,8,8,10,11,12,8,8,9,9,10,13,10,7,8,8,9,9,10,10,11,13,13,12,12,4,3,4,8,8,9,13,12,8,7,7,3,7,8,8,9,10,7,1,5,6,7,8,8,9,10,9,8,7,2,1,0,1,2,4,4,5,7,8,11,1,7,8,10,9,7,1,2,2,3,7,8,9,10,12,8,4,3,2,2,6,9,10,12,10,9,8,7,7,6,5,4,2,3,3,7,8,9,9,13,12,11,9,7,7,9,10,13,11,10,9,9,8,7,12,13,8,8,7,5,5,10,12,15,8,7,6,5,7,8,11,12,13,14,16,9,10,12,12,13,13,14,9,10,12,13,13,14,7,7,13,13,15,12,8,15,9,9,10,18,15,14,10,9,16,13,9,10,11
183,23,22,13,16,14,13,14,16,18,24,23,17,14,13,14,15,19,19,16,14,13,12,16,15,13,12,13,16,15,15,11,12,12,19,19,10,10,14,16,18,18,15,11,12,13,16,16,12,9,11,12,13,14,15,15,15,10,12,13,14,11,8,8,9,10,12,13,13,14,11,8,9,9,12,12,13,13,15,8,9,11,12,14,7,8,9,10,11,15,6,8,8,9,9,10,11,12,12,14,7,7,9,10,10,14,5,5,5,7,8,9,10,10,11,15,14,13,5,7,8,9,9,14,13,13,7,7,8,9,10,11,7,8,8,9,9,14,10,6,7,8,8,9,9,10,10,12,13,13,12,4,3,4,7,8,8,13,12,8,8,7,3,7,7,8,9,9,8,2,4,5,6,7,8,8,10,9,9,7,2,2,1,0,2,3,4,4,7,7,12,1,6,7,11,9,8,2,1,2,3,7,7,8,9,13,9,4,4,3,2,6,8,10,12,10,10,9,8,7,7,6,5,3,2,3,6,7,8,9,14,13,12,9,8,7,9,10,13,12,10,10,9,8,8,11,13,9,8,8,6,4,9,12,15,9,7,7,6,7,7,10,12,13,14,16,9,9,11,12,12,13,14,10,10,11,12,13,13,8,7,12,13,14,13,8,16,8,9,9,19,15,14,11,10,16,13,10,10,10
184,24,24,15,18,16,15,13,15,16,25,25,19,16,15,12,13,17,21,18,15,15,13,18,17,15,12,12,14,17,16,12,11,10,18,20,12,11,12,14,16,19,17,9,10,12,14,18,14,11,9,10,12,13,13,14,17,12,10,11,13,13,9,9,8,8,10,11,12,13,13,8,7,8,10,10,11,12,14,7,7,9,10,13,7,6,8,8,9,13,7,6,7,7,8,9,9,10,10,13,9,5,8,8,9,12,7,5,5,6,7,8,8,9,9,16,15,15,4,5,7,7,8,15,15,14,5,6,6,8,9,9,6,6,7,7,8,15,12,4,5,6,7,7,8,8,9,10,15,14,14,6,2,2,5,6,7,11,14,10,9,9,1,5,6,6,7,8,9,3,3,4,4,6,6,7,12,11,10,9,4,3,2,2,0,2,2,3,5,6,13,3,4,6,13,11,9,3,3,2,1,5,6,7,8,14,10,6,5,4,4,4,7,8,14,12,12,10,9,9,8,8,7,4,4,3,4,5,7,7,15,14,13,11,9,9,7,8,11,13,12,12,11,10,9,9,11,10,10,9,7,6,8,10,13,10,9,8,8,5,6,9,10,11,12,14,11,8,9,10,10,11,12,12,8,9,10,11,12,9,9,10,11,13,14,9,18,10,9,9,20,17,16,13,12,18,15,12,10,10
185,26,25,16,20,18,16,14,13,14,27,26,20,18,16,14,13,15,23,20,17,16,15,20,19,16,13,12,13,19,18,13,13,12,16,22,14,13,10,13,15,21,19,11,10,10,13,20,15,13,10,9,10,11,12,12,19,13,8,9,11,14,11,10,10,9,8,9,10,11,14,10,9,8,8,9,9,10,12,8,8,8,8,11,8,8,6,7,8,12,8,7,6,5,6,7,8,8,9,11,10,7,6,7,7,10,8,7,7,5,5,6,7,7,8,18,17,16,6,4,5,5,6,17,16,16,3,4,4,6,7,8,4,4,5,6,6,17,14,3,4,4,5,6,6,7,7,9,16,16,15,8,4,3,4,4,5,9,15,12,11,10,3,3,4,4,5,6,11,5,1,2,3,4,4,5,14,13,12,10,5,5,4,3,2,0,1,1,3,4,15,4,3,4,14,13,11,5,4,4,3,3,4,5,6,16,12,8,7,6,6,2,5,7,15,14,13,12,11,10,10,9,8,6,5,5,3,4,5,6,17,16,15,13,11,10,6,7,9,15,14,13,13,12,11,8,9,12,12,11,9,8,6,8,12,12,10,10,9,7,6,7,8,9,10,13,13,6,8,8,9,9,10,13,7,8,9,9,10,11,10,9,9,11,16,11,19,12,11,10,22,19,18,14,13,20,16,13,12,12
186,26,26,17,20,18,17,15,13,14,27,27,21,18,17,14,13,15,23,20,18,17,15,20,19,17,14,13,12,19,19,14,13,13,15,23,14,13,10,12,14,21,19,12,10,9,12,20,16,13,10,9,9,10,11,12,19,14,9,9,10,15,12,11,10,9,8,9,9,10,15,10,9,9,8,8,9,9,12,9,8,7,8,10,9,8,7,6,7,11,9,7,7,6,5,7,7,8,8,10,11,7,5,6,7,10,9,8,7,5,4,5,6,7,7,19,18,17,6,5,4,5,5,18,17,16,4,3,4,5,7,7,3,4,4,5,6,18,14,2,3,4,4,5,6,6,7,8,17,16,16,8,4,3,3,4,4,9,16,12,12,11,3,3,3,4,5,5,12,5,1,2,2,3,4,4,14,13,13,11,6,6,4,4,2,1,0,1,3,3,15,5,2,3,15,13,12,6,5,4,3,3,3,4,5,16,13,8,8,7,6,2,4,6,16,14,14,13,12,11,10,10,9,7,6,6,2,3,4,5,18,16,15,13,12,11,5,6,9,15,14,14,13,12,12,7,9,13,12,12,9,8,5,8,11,13,11,10,10,7,7,7,8,9,10,12,13,6,7,8,8,9,10,14,6,7,8,9,9,12,11,8,9,10,16,12,20,12,12,11,23,19,18,15,14,20,17,14,13,12
187,27,26,18,21,19,18,15,13,13,28,27,21,19,18,15,14,14,24,21,18,18,16,21,20,18,14,13,12,20,19,14,14,13,15,23,15,14,10,12,14,22,20,12,11,10,12,21,16,14,11,10,9,10,10,11,20,14,9,8,10,15,12,12,11,10,8,8,9,10,15,11,10,9,7,8,8,9,11,9,9,7,7,10,9,9,7,7,7,10,9,8,7,7,6,6,7,7,8,10,12,8,5,5,6,9,9,8,8,6,5,5,5,6,7,19,18,18,7,5,4,4,5,18,18,17,4,4,3,5,6,7,3,3,4,4,5,18,15,3,3,3,4,4,5,5,6,8,18,17,16,9,5,4,3,3,4,8,16,13,12,12,4,2,3,3,4,5,12,6,1,1,2,3,3,4,15,14,13,12,7,6,5,4,3,1,1,0,2,3,16,6,2,3,15,14,12,6,5,5,4,2,3,4,5,17,13,9,8,7,7,2,4,6,16,15,14,13,12,12,11,10,9,7,7,6,3,3,4,4,18,17,16,14,12,12,4,6,8,16,15,14,14,13,12,7,8,13,13,12,10,9,5,7,10,13,12,11,10,8,7,6,7,8,9,12,14,6,7,7,8,8,9,14,7,7,8,8,9,12,12,8,8,10,17,12,20,13,12,12,23,20,19,15,14,21,18,14,13,13
188,29,29,20,23,21,20,18,15,14,30,30,24,21,20,17,16,12,26,23,20,20,18,23,22,20,16,15,13,22,21,16,16,15,13,25,17,16,13,10,12,24,22,14,13,12,9,23,19,16,13,12,11,10,9,9,22,16,12,10,9,18,14,14,13,12,10,9,9,8,18,13,12,12,9,9,8,8,9,12,11,9,8,8,12,11,9,9,8,8,12,10,9,9,8,7,7,6,5,8,14,10,7,7,6,7,12,10,10,8,7,6,6,5,4,21,20,20,9,8,6,6,5,20,20,19,7,6,6,4,4,4,5,4,4,3,3,20,17,5,4,3,3,2,3,3,4,5,20,19,19,11,7,6,3,2,2,6,19,15,14,14,6,2,2,1,2,3,14,8,3,2,2,1,1,2,17,16,15,14,9,8,7,7,5,3,3,2,0,1,18,8,2,1,18,16,14,8,8,7,6,2,2,2,3,19,15,11,10,9,9,4,2,3,19,17,16,15,14,14,13,13,12,9,9,8,5,4,3,2,20,19,18,16,14,14,3,3,6,18,17,16,16,15,14,4,6,15,15,14,12,11,6,5,8,15,14,13,13,10,9,6,5,6,7,9,16,8,7,6,6,6,7,16,9,8,7,6,7,14,14,8,7,8,19,14,23,15,14,14,25,22,21,18,16,23,20,16,15,15
189,30,29,20,24,21,20,18,16,15,31,30,24,21,20,18,16,13,26,24,21,20,19,24,23,20,17,16,13,23,22,17,16,16,12,26,18,16,13,11,11,25,23,15,14,13,10,24,19,16,14,13,12,10,10,9,23,17,12,11,9,18,15,14,14,13,11,10,9,8,18,14,13,12,10,9,9,8,8,12,12,9,9,7,12,12,10,9,8,8,12,10,10,9,9,8,7,7,6,7,14,10,8,7,7,7,12,11,10,9,8,7,6,6,5,22,21,20,9,8,7,6,6,21,20,20,7,7,6,4,3,4,6,5,4,4,3,21,18,6,4,4,3,3,2,3,3,5,20,20,19,12,8,7,3,3,2,5,19,15,15,14,7,3,2,2,2,2,15,9,4,3,2,1,1,1,18,16,16,14,9,9,8,7,6,4,3,3,1,0,19,8,2,1,18,16,15,9,8,8,7,3,2,1,2,20,16,12,11,10,9,5,2,3,19,18,17,16,15,14,14,13,12,10,9,9,6,4,3,3,21,20,19,16,15,14,4,3,5,19,18,17,16,15,15,4,5,16,15,15,13,12,7,4,8,16,14,14,13,10,10,7,6,5,7,9,16,9,7,7,6,6,7,17,9,8,7,7,6,15,14,8,8,7,20,15,23,15,15,14,26,23,21,18,17,24,20,17,16,15
190,15,16,25,20,23,24,26,28,29,13,13,19,21,23,25,26,30,15,18,21,21,23,17,18,20,24,25,27,17,18,23,23,24,31,13,21,22,25,27,30,13,15,23,24,25,27,13,17,20,23,24,25,26,26,27,13,18,23,24,26,16,19,20,20,21,23,24,25,26,15,19,20,21,23,24,24,25,27,20,20,23,23,26,19,19,21,21,23,26,18,19,20,20,21,22,23,23,24,26,14,18,21,21,22,25,15,16,17,19,20,21,21,22,23,4,6,6,17,18,20,20,21,4,5,6,18,19,19,21,22,23,19,19,20,20,21,3,6,18,19,19,20,20,21,21,22,24,3,2,3,10,14,15,19,19,20,24,2,6,6,7,14,18,19,19,20,21,5,11,16,17,18,19,19,20,1,2,3,4,9,10,11,12,13,15,15,16,18,19,0,10,16,18,2,3,5,11,12,12,13,17,18,19,20,1,5,9,10,11,12,16,19,20,3,4,5,6,7,8,8,9,10,12,13,13,16,18,19,19,2,3,4,7,8,9,19,20,23,5,7,7,8,10,10,21,23,10,11,12,14,15,20,22,25,12,13,14,14,17,18,21,22,23,24,26,12,20,21,22,23,23,24,13,20,21,23,23,24,16,16,23,23,25,13,18,11,19,19,20,9,13,14,17,18,13,16,19,20,21
191,23,22,14,16,14,13,15,18,19,24,23,17,14,13,15,16,20,19,16,14,13,13,16,15,13,13,14,17,15,15,12,13,13,20,19,10,12,15,17,19,18,15,12,13,14,17,16,12,9,12,13,14,15,16,16,15,10,13,14,15,11,9,9,10,11,13,14,14,15,11,9,10,10,13,13,14,14,16,9,10,12,13,15,8,9,10,11,12,16,7,9,9,10,10,12,12,13,13,15,7,8,10,11,12,15,5,6,7,8,9,10,11,12,12,15,14,13,7,8,9,10,10,14,13,13,8,8,9,10,12,12,8,9,9,10,10,14,10,7,8,9,9,10,10,11,12,13,13,13,12,4,4,5,8,9,9,14,12,8,8,7,4,8,8,9,10,10,8,2,6,7,7,8,9,9,10,9,9,7,2,2,1,1,3,4,5,6,8,8,10,0,6,7,10,8,7,1,1,2,3,7,7,8,9,12,8,3,3,2,1,6,8,10,11,9,9,8,7,6,5,5,4,2,2,3,6,7,8,9,13,12,10,8,7,6,9,10,13,10,9,9,8,7,7,11,13,8,7,7,4,4,9,12,15,8,6,5,5,7,7,10,12,13,14,16,8,9,11,12,12,13,14,9,10,11,12,13,13,7,6,12,13,14,12,8,15,8,9,9,18,14,13,10,9,15,12,9,10,10
192,29,28,19,23,20,19,17,15,14,30,29,23,20,19,16,15,14,25,23,20,19,18,23,21,19,16,15,12,21,21,16,15,15,14,25,16,15,12,11,13,24,21,14,13,12,11,23,18,15,13,12,10,9,10,10,21,16,11,10,9,17,14,13,13,12,10,9,8,9,17,13,12,11,9,8,8,8,10,11,10,8,8,9,11,10,9,8,7,10,11,9,9,8,8,7,6,7,7,9,13,9,7,6,6,9,11,10,9,8,7,6,5,6,6,21,20,19,8,7,6,5,4,20,19,19,6,5,5,4,6,6,4,4,3,4,4,20,16,4,3,3,3,4,4,5,6,7,19,19,18,10,7,5,2,3,3,8,18,14,14,13,6,2,2,3,4,4,14,8,3,2,1,2,3,3,16,15,15,13,8,8,7,6,4,3,2,2,2,2,16,6,0,1,16,14,13,7,6,5,4,1,1,2,3,18,14,9,9,8,7,3,2,4,17,15,15,14,13,12,12,11,10,8,7,7,3,2,2,3,19,18,16,14,13,12,3,4,7,16,15,15,14,13,13,5,7,14,13,13,10,9,4,6,9,14,12,12,11,8,8,4,6,7,8,10,14,7,5,6,6,7,8,15,7,6,6,7,7,13,12,6,7,8,18,13,21,13,13,12,24,20,19,16,15,21,18,15,14,13
193,30,29,20,24,21,20,18,16,15,31,30,24,21,20,18,16,13,26,24,21,20,19,24,23,20,17,16,13,23,22,17,16,16,13,26,18,16,13,11,12,25,23,15,14,13,10,24,19,16,14,13,12,10,10,9,23,17,12,11,9,18,15,14,14,13,11,10,9,8,18,14,13,12,10,9,9,8,9,12,12,9,9,8,12,12,10,9,8,9,12,10,10,9,9,8,7,7,6,8,14,10,8,7,7,8,12,11,10,9,8,7,6,6,5,22,21,20,9,8,7,6,6,21,20,20,7,7,6,4,4,5,6,5,4,4,3,21,18,6,4,4,3,3,3,4,4,6,20,20,19,12,8,7,3,3,2,7,19,15,15,14,7,3,2,2,3,3,15,9,4,3,2,1,2,2,18,16,16,14,9,9,8,7,6,4,3,3,1,1,18,7,1,0,17,15,14,8,7,7,6,2,1,1,2,19,15,10,10,9,8,4,1,3,18,16,16,15,14,13,13,12,11,9,8,8,4,3,2,2,20,19,18,15,14,13,3,3,5,18,16,16,15,14,14,4,5,15,14,14,12,10,6,4,8,15,13,13,12,9,9,6,4,5,7,9,15,8,6,6,5,6,7,16,8,7,6,6,6,14,13,7,7,7,19,14,22,14,14,13,25,21,20,17,16,23,19,16,15,14
194,15,15,24,20,22,23,25,27,29,15,14,18,21,22,25,26,30,15,18,20,21,23,16,18,20,23,24,27,16,17,22,23,23,30,12,20,21,25,27,29,12,14,22,23,24,27,12,16,19,22,23,24,25,26,26,12,18,23,24,25,15,19,19,20,21,23,24,24,25,14,19,20,20,23,23,24,24,26,19,20,22,23,25,18,19,20,21,22,26,17,19,19,20,20,21,22,23,23,25,14,18,20,21,21,25,15,16,16,18,19,20,21,21,22,6,5,5,16,18,19,20,20,5,4,5,18,18,19,20,21,22,18,19,19,20,20,5,5,17,18,19,19,20,20,21,21,23,4,4,3,10,14,15,18,19,19,24,3,5,5,6,14,18,18,19,20,20,4,10,15,16,17,18,19,19,2,2,2,4,9,9,10,11,13,14,15,15,18,18,2,10,16,17,0,2,3,9,10,10,12,15,16,17,18,2,3,8,8,9,10,14,17,19,1,3,3,4,6,6,7,7,8,10,11,12,15,16,17,18,3,2,3,5,7,7,18,19,21,4,5,6,6,8,9,20,21,9,9,10,12,13,18,20,24,10,12,12,13,15,16,19,20,21,23,25,10,18,20,20,21,21,23,11,19,20,21,21,22,14,15,21,21,23,12,16,9,17,18,18,8,11,12,15,16,11,14,18,19,19
195,15,15,23,18,20,21,24,26,27,16,16,16,19,20,23,24,28,13,16,19,19,21,15,16,18,21,23,25,15,15,20,21,21,29,12,19,20,23,25,27,10,13,20,21,23,25,10,15,18,20,21,23,24,24,25,10,16,21,22,24,14,17,18,18,19,21,22,23,24,13,17,18,19,21,21,22,23,25,18,18,20,21,24,16,17,19,19,20,24,15,17,18,18,19,20,20,21,21,24,12,16,19,19,20,23,13,14,15,16,18,19,19,20,20,8,7,6,15,16,18,18,19,7,6,5,16,16,17,19,20,20,16,17,18,18,19,7,3,15,16,17,18,18,19,19,20,21,6,5,5,8,12,13,16,17,18,22,5,3,4,4,12,16,16,17,18,19,3,9,14,15,15,16,17,18,3,2,2,2,7,8,9,9,11,13,13,14,16,16,3,8,14,15,2,0,2,8,8,9,10,14,14,15,16,3,2,6,7,8,8,13,15,17,3,1,2,3,4,4,5,6,7,9,9,10,13,14,15,16,4,3,2,3,5,6,16,17,20,2,3,4,4,7,7,18,20,7,8,8,10,12,16,19,22,8,10,10,11,14,14,18,19,20,21,23,9,16,18,19,19,20,21,9,17,18,19,20,20,13,13,19,20,21,10,15,8,15,16,16,9,9,10,14,15,9,13,16,17,18
196,17,16,21,16,19,20,22,24,25,18,18,15,18,19,21,23,26,14,14,17,18,19,13,14,16,20,21,24,13,14,19,19,20,27,13,17,18,21,24,26,12,11,19,20,21,24,11,13,16,19,20,21,22,23,23,10,14,19,20,22,12,15,16,16,18,19,20,21,22,11,15,16,17,19,20,20,21,23,16,16,19,19,22,15,15,17,18,19,23,14,15,16,16,17,18,19,19,20,22,10,14,17,18,18,21,12,13,13,15,16,17,18,18,19,9,8,8,13,14,16,16,17,8,8,7,14,15,15,17,18,19,15,15,16,16,17,8,5,14,15,15,16,16,17,18,18,20,8,7,7,7,10,12,15,15,16,20,7,3,2,3,10,14,15,15,16,17,2,7,12,13,14,15,15,16,5,4,3,2,6,6,7,8,9,11,12,12,14,15,5,7,13,14,3,2,0,6,7,7,8,12,13,14,15,5,1,4,5,6,7,11,14,15,4,3,2,1,2,3,3,4,5,7,8,8,12,13,14,14,6,5,4,2,3,4,14,15,18,4,3,2,3,5,6,16,18,6,6,7,9,10,15,17,20,7,8,9,9,12,13,16,17,18,19,21,7,15,16,17,18,18,19,8,15,16,18,18,19,11,12,18,18,20,8,13,8,14,14,15,11,8,9,12,13,9,11,14,15,16
197,23,23,15,17,15,14,16,18,19,24,24,18,15,14,15,16,20,20,17,14,14,13,17,16,14,14,15,18,16,15,13,13,14,21,19,11,12,15,18,20,18,16,13,14,15,18,17,13,10,13,14,15,16,16,17,16,10,13,14,16,12,9,10,10,12,13,14,15,16,12,9,10,11,13,14,14,15,17,10,10,13,13,16,9,9,11,12,13,16,8,9,10,10,11,12,13,13,14,16,8,8,11,12,12,15,5,7,7,9,10,11,12,12,13,15,14,14,7,8,10,10,11,14,14,13,8,9,9,11,12,13,9,9,10,10,11,14,11,8,9,9,10,10,11,12,12,14,14,13,13,5,4,5,9,9,10,14,13,9,8,8,4,8,9,9,10,11,8,2,6,7,8,9,9,10,11,10,9,8,3,2,1,2,3,5,6,6,8,9,11,1,7,8,9,8,6,0,1,1,2,6,7,8,9,11,7,3,2,1,1,5,8,9,10,9,8,7,6,6,5,4,3,1,2,2,6,7,8,8,12,11,10,8,6,5,8,9,12,10,9,8,8,7,6,10,12,7,7,6,4,4,9,11,14,7,5,5,4,6,7,10,11,12,13,15,8,9,10,11,12,12,13,8,9,10,12,12,13,6,6,12,12,14,11,7,14,8,8,9,17,14,13,9,8,15,12,8,9,10
198,24,23,14,18,15,14,15,18,19,25,24,18,15,14,15,16,20,20,18,15,14,13,18,16,14,13,14,17,16,16,12,13,13,20,20,12,12,15,17,19,19,16,12,13,14,17,18,13,10,12,13,14,15,16,16,16,11,13,14,15,12,9,9,10,11,13,14,14,15,12,9,10,10,13,13,14,14,16,9,10,12,13,15,8,9,10,11,12,16,7,9,9,10,10,12,12,13,13,15,8,8,10,11,12,15,6,6,7,8,9,10,11,12,12,16,15,14,7,8,9,10,10,15,14,14,8,8,9,10,12,12,8,9,9,10,10,15,12,7,8,9,9,10,10,11,12,13,14,14,13,5,4,5,8,9,9,14,13,9,9,8,4,8,8,9,10,10,9,3,5,7,7,8,9,9,12,10,10,8,3,3,2,1,3,4,5,5,8,8,12,1,6,7,10,8,7,1,0,1,2,5,6,7,8,12,8,3,3,2,1,4,7,9,11,9,9,8,7,6,6,5,4,2,1,2,5,6,7,8,13,12,10,8,7,6,8,9,12,10,9,9,8,7,7,10,12,8,7,7,4,3,8,10,14,8,6,6,5,5,6,9,10,12,13,15,8,8,10,10,11,12,13,9,9,10,11,12,12,7,6,11,12,13,12,7,15,7,8,8,18,14,13,10,9,15,12,9,9,9
199,24,24,15,18,16,15,15,17,18,25,25,19,16,15,14,15,19,21,18,15,15,13,18,17,15,13,14,16,17,16,12,12,13,20,20,12,11,14,16,19,19,17,12,13,14,16,18,14,11,12,13,14,15,15,16,17,12,12,13,15,13,9,9,9,10,12,13,14,15,13,8,9,10,12,13,13,14,16,9,9,12,12,15,8,8,10,10,12,15,7,8,9,9,10,11,12,12,13,15,9,7,10,10,11,14,7,5,6,8,9,10,10,11,12,16,15,15,6,7,9,9,10,15,15,14,7,8,8,10,11,12,8,8,9,9,10,15,12,7,8,8,9,9,10,10,11,13,15,14,14,6,3,4,8,8,9,13,14,10,9,9,3,7,8,8,9,10,9,3,5,6,7,8,8,9,12,11,10,9,4,3,2,2,2,4,4,5,7,8,12,2,5,7,10,9,7,1,1,0,1,5,6,7,8,12,8,4,3,2,2,4,7,8,12,10,9,8,7,7,6,5,4,2,2,1,4,5,7,7,13,12,11,9,7,7,7,8,11,11,10,9,9,8,7,9,11,8,8,7,5,4,8,10,13,8,7,6,5,5,6,9,10,11,12,14,9,8,9,10,10,11,12,9,8,9,10,11,12,7,7,10,11,13,12,7,15,8,7,8,18,15,14,10,9,16,13,9,8,9
200,25,25,16,19,17,16,14,16,17,26,26,20,17,16,13,14,18,22,19,16,16,14,19,18,16,13,13,15,18,18,13,12,12,19,21,13,12,13,15,18,20,18,10,12,13,15,19,15,12,10,12,13,14,14,15,18,13,11,12,14,14,10,10,9,9,11,12,13,14,14,9,8,9,11,12,12,13,15,8,8,10,11,14,8,7,9,9,10,14,8,7,8,8,9,10,10,11,12,14,10,6,9,9,10,13,8,7,6,7,8,9,9,10,10,18,16,16,5,6,8,8,9,16,16,15,6,7,7,9,10,10,7,7,8,8,9,16,13,6,7,7,8,8,9,9,10,12,16,15,15,7,3,3,7,7,8,12,15,11,10,10,2,6,7,7,8,9,10,4,4,5,5,7,7,8,13,12,12,10,5,4,3,3,1,3,3,4,6,7,13,3,4,6,12,10,8,2,2,1,0,4,4,6,7,13,9,5,4,3,3,3,6,7,13,11,10,9,8,8,7,7,5,3,3,2,3,4,6,6,14,13,12,10,8,8,6,7,10,12,11,10,10,9,8,8,10,9,9,8,6,5,7,9,12,9,8,7,7,4,4,8,9,10,11,13,10,7,8,9,9,10,11,10,7,8,9,10,10,8,8,9,10,12,13,8,16,9,8,8,19,16,15,12,10,17,14,10,9,9
201,29,29,20,23,21,20,18,15,14,30,30,24,21,20,17,16,14,26,23,20,20,18,23,22,20,16,15,13,22,21,16,16,15,15,25,17,16,13,12,14,24,22,14,13,12,12,23,19,16,13,12,11,10,10,11,22,16,12,10,10,18,14,14,13,12,10,9,9,10,18,13,12,12,9,9,8,9,11,12,11,9,8,10,12,11,9,9,8,10,12,10,9,9,8,7,7,7,8,10,14,10,7,7,6,9,12,10,10,8,7,6,5,6,7,21,20,20,9,8,6,6,5,20,20,19,7,6,5,5,6,7,5,4,4,4,5,20,17,5,4,3,4,4,5,5,6,8,20,19,19,11,7,6,3,3,4,8,19,15,14,14,6,2,3,3,4,5,14,8,3,2,2,3,3,4,17,16,15,14,9,8,7,7,5,3,3,2,2,3,17,7,1,2,15,14,12,6,5,5,4,0,1,2,3,17,13,9,8,7,7,2,2,3,16,15,14,13,12,12,11,10,9,7,7,6,3,2,2,2,18,17,16,14,12,12,2,3,6,16,15,14,14,13,12,4,6,13,13,12,10,9,4,5,8,13,12,11,10,8,7,4,5,6,7,9,14,6,4,5,6,6,7,14,7,6,6,6,7,12,12,6,6,8,17,12,20,13,12,12,23,20,19,15,14,21,18,14,13,13
202,30,29,20,24,21,20,18,16,15,31,30,24,21,20,18,16,14,26,24,21,20,19,24,23,20,17,16,13,23,22,17,16,16,14,26,18,16,13,11,13,25,23,15,14,13,11,24,19,16,14,13,12,10,10,10,23,17,12,11,9,18,15,14,14,13,11,10,9,9,18,14,13,12,10,9,9,8,10,12,12,9,9,9,12,12,10,9,8,10,12,10,10,9,9,8,7,7,7,9,14,10,8,7,7,9,12,11,10,9,8,7,6,5,6,22,21,20,9,8,7,6,6,21,20,20,7,7,6,4,6,6,6,5,4,4,4,21,18,5,4,4,3,4,4,5,5,7,20,20,19,12,8,7,3,3,3,8,19,15,15,14,7,3,2,3,4,4,15,9,4,3,2,2,3,3,18,16,16,14,9,9,8,7,6,4,3,3,2,2,18,7,1,1,16,14,13,7,6,6,4,1,0,1,2,18,14,9,9,8,7,3,1,3,17,15,15,14,13,12,12,11,10,8,7,7,3,2,1,2,19,18,16,14,13,12,2,3,5,16,15,15,14,13,13,4,6,14,13,13,10,9,4,4,8,14,12,12,11,8,8,4,4,5,7,9,14,7,5,4,5,6,7,15,7,6,5,6,6,13,12,6,6,7,18,13,21,13,13,12,24,20,19,16,15,21,18,15,14,13
203,31,30,21,25,23,21,19,17,16,32,31,25,23,21,19,18,14,27,25,22,21,20,25,24,21,18,17,14,24,23,18,18,17,13,27,19,18,14,12,12,26,24,16,15,14,11,25,20,18,15,14,13,12,11,10,24,18,13,12,10,19,16,15,15,14,12,11,10,9,19,15,14,13,11,10,10,9,9,13,13,10,10,8,13,13,11,10,9,9,13,12,11,10,10,9,8,8,7,8,15,12,9,8,8,8,13,12,12,10,9,8,7,7,6,23,22,21,10,9,8,7,7,22,21,21,8,8,7,6,4,5,7,6,6,5,4,22,19,7,6,5,4,4,3,4,4,6,21,21,20,13,9,8,4,4,3,7,20,16,16,15,8,4,3,3,3,3,16,10,5,4,3,2,2,2,19,18,17,15,10,10,9,8,7,5,4,4,2,1,19,8,2,1,17,15,14,8,7,7,6,2,1,0,1,19,15,10,10,9,8,4,1,2,18,16,16,15,14,13,13,12,11,9,8,8,4,3,2,2,20,19,18,15,14,13,3,2,4,18,16,16,15,14,14,3,4,15,14,14,12,10,6,3,7,15,13,13,12,9,9,6,4,4,5,8,15,8,6,6,5,4,5,16,8,7,6,6,5,14,13,7,7,6,19,14,22,14,14,13,25,21,20,17,16,23,19,16,15,14
204,32,31,23,26,24,23,20,18,17,33,32,26,24,23,20,19,15,29,26,23,23,21,26,25,23,19,18,15,25,24,19,19,18,12,28,20,19,15,13,11,27,25,17,16,15,12,26,21,19,16,15,14,13,12,12,25,19,14,13,12,20,17,16,16,15,13,12,12,10,20,16,15,14,12,12,11,10,8,14,14,12,11,8,14,14,12,12,10,8,14,13,12,12,11,10,9,9,8,7,16,13,10,9,9,7,14,13,13,11,10,9,8,8,7,24,23,23,12,10,9,8,8,23,23,22,9,9,8,7,5,5,8,7,7,6,5,23,20,8,7,6,5,5,4,4,3,5,23,22,21,14,10,9,5,5,4,5,21,18,17,16,9,5,4,4,3,2,17,11,6,5,4,3,3,2,20,19,18,16,12,11,10,9,8,6,5,5,3,2,20,9,3,2,18,16,15,9,8,8,7,3,2,1,0,20,16,12,11,10,9,5,2,1,19,18,17,16,15,14,14,13,12,10,9,9,5,4,3,3,21,20,19,16,15,14,4,3,3,19,18,17,16,15,15,4,3,16,15,15,13,12,7,4,6,16,14,14,13,10,10,7,5,4,4,7,16,9,7,7,6,5,4,17,9,8,7,7,6,15,14,8,8,7,20,15,23,15,15,14,26,23,21,18,17,24,20,17,16,15
205,16,17,26,21,24,25,27,29,30,14,14,20,23,24,26,27,31,16,19,22,23,24,18,19,21,25,26,29,18,19,24,24,25,32,14,22,23,26,29,31,14,16,24,25,26,29,14,18,21,24,25,26,27,27,28,14,19,24,25,27,17,20,21,21,23,24,25,26,27,16,20,21,22,24,25,25,26,28,21,21,24,24,27,20,20,22,23,24,27,19,20,21,21,22,23,24,24,25,27,15,19,22,23,23,26,16,18,18,20,21,22,23,23,24,6,7,7,18,19,21,21,22,5,6,7,19,20,20,22,23,24,20,20,21,21,22,4,7,19,20,20,21,21,22,23,23,25,4,3,4,12,15,16,20,20,21,25,3,7,7,8,15,19,20,20,21,22,6,12,17,18,19,20,20,21,2,3,4,6,10,11,12,13,14,16,16,17,19,20,1,12,18,19,2,3,5,11,12,12,13,17,18,19,20,0,4,8,9,10,10,15,18,19,2,3,4,5,6,7,7,8,9,11,12,12,15,16,18,18,1,2,3,5,7,8,18,19,22,4,5,6,7,9,9,20,22,9,10,10,13,14,19,21,24,10,12,13,13,16,16,20,21,22,23,25,11,19,20,21,21,22,23,12,19,20,21,22,23,15,15,21,22,24,12,17,10,18,18,19,8,12,13,16,17,12,15,18,19,20
206,17,16,22,18,20,21,23,25,26,18,18,16,19,20,23,24,27,14,15,18,19,20,14,15,18,21,22,25,14,15,20,20,21,28,13,18,19,23,25,27,12,12,20,21,22,25,11,14,17,20,21,22,23,24,24,10,15,20,21,23,13,16,17,18,19,20,21,22,23,12,16,18,18,20,21,21,22,24,17,18,20,20,23,16,16,18,19,20,24,15,16,17,18,18,19,20,20,21,23,12,15,18,19,19,23,13,14,14,16,17,18,19,19,20,9,8,8,14,15,17,18,18,8,8,7,15,16,16,18,19,20,16,16,17,18,18,8,5,15,16,16,17,18,18,19,19,21,8,7,7,8,12,13,16,16,17,21,7,3,3,4,12,15,16,16,18,18,2,8,13,14,15,16,16,17,5,4,3,2,7,7,8,9,10,12,13,13,15,16,5,8,14,15,3,2,1,7,8,8,9,13,14,15,16,4,0,4,5,6,7,11,14,15,3,2,1,1,2,3,3,4,5,7,8,8,12,13,14,14,5,4,3,2,3,4,14,15,18,3,2,2,3,5,5,16,18,6,6,7,9,10,15,17,20,7,8,9,9,12,13,16,17,18,19,21,7,15,16,17,18,18,19,8,15,16,18,18,19,11,12,18,18,20,8,13,7,14,14,15,10,8,9,12,13,8,11,14,15,16
207,21,21,18,15,15,16,19,21,22,23,22,16,14,15,18,19,23,18,15,14,14,16,15,14,13,16,18,20,14,14,15,16,16,24,18,14,15,18,20,23,16,14,15,16,18,20,15,11,13,15,16,18,19,19,20,14,11,16,17,19,10,12,13,13,14,16,17,18,19,10,12,13,14,16,16,17,18,20,13,13,15,16,19,12,12,14,14,15,19,10,12,13,13,14,15,15,16,16,19,7,11,14,14,15,18,8,9,10,12,13,14,14,15,15,14,13,12,10,11,13,13,14,13,12,12,11,12,12,14,15,15,12,12,13,13,14,13,9,10,12,12,13,13,14,14,15,16,12,12,11,3,7,8,12,12,13,17,11,7,7,6,7,11,12,12,13,14,7,4,9,10,10,12,12,13,9,8,8,6,2,3,4,4,6,8,8,9,11,12,9,3,9,10,8,6,4,3,3,4,5,9,9,10,12,8,4,0,1,2,2,7,9,11,8,6,5,4,3,3,2,2,1,3,3,4,7,8,9,10,9,8,7,5,3,3,10,11,14,7,6,5,5,4,3,12,14,4,4,3,4,6,10,13,16,4,4,4,5,8,8,12,13,14,15,17,5,10,12,13,13,14,15,6,11,12,13,14,14,7,7,13,14,15,8,9,12,9,10,10,14,11,10,8,9,12,9,10,11,12
208,22,21,17,16,15,16,18,20,21,23,23,16,14,15,18,19,23,19,16,13,14,15,16,15,13,16,17,20,15,14,15,15,16,23,18,13,14,18,20,22,17,15,15,16,17,20,16,12,12,15,16,17,18,19,19,15,10,15,16,18,10,12,12,13,14,15,16,17,18,10,12,13,13,15,16,16,17,19,12,13,15,15,18,11,12,13,14,15,19,10,12,12,13,13,14,15,15,16,18,7,10,13,14,14,18,8,9,9,11,12,13,14,14,15,14,13,13,9,10,12,13,13,13,13,12,10,11,12,13,14,15,11,12,12,13,13,13,10,10,11,12,12,13,13,14,14,16,13,12,12,4,7,8,11,12,12,16,12,8,7,7,7,10,11,12,13,13,7,3,8,9,10,11,12,12,10,9,8,7,2,2,3,4,5,7,8,8,10,11,10,3,9,10,8,7,5,2,3,3,4,8,9,10,11,9,5,1,0,1,2,6,9,10,8,7,6,5,4,3,3,2,1,2,3,3,7,8,9,9,10,9,8,6,4,3,9,10,13,8,7,6,6,4,4,12,13,5,4,4,4,5,10,12,15,5,3,4,4,7,8,11,12,13,14,16,6,10,12,12,13,13,14,6,10,12,13,13,14,6,7,13,13,15,9,8,12,9,9,10,15,12,10,7,8,13,9,9,10,11
209,23,23,16,17,15,15,17,19,20,24,24,18,15,14,16,18,21,20,17,14,14,14,17,16,14,15,16,19,16,15,14,14,15,22,19,12,13,16,19,21,18,16,14,15,16,19,17,13,11,14,15,16,17,18,18,16,10,14,15,17,12,10,11,12,13,14,15,16,17,12,10,12,12,14,15,15,16,18,11,12,14,14,17,10,10,12,13,14,18,9,10,11,12,12,13,14,14,15,17,8,9,12,13,13,16,7,8,8,10,11,12,13,13,14,15,14,14,8,9,11,12,12,14,14,13,9,10,10,12,13,14,10,10,11,12,12,14,11,9,10,10,11,12,12,13,13,15,14,13,13,5,5,7,10,10,11,15,13,9,8,8,5,9,10,10,12,12,8,2,7,8,9,10,10,11,11,10,9,8,3,2,2,3,4,6,7,7,9,10,11,2,8,9,9,8,6,1,2,2,3,7,8,9,10,10,6,2,1,0,1,5,8,9,9,8,7,6,5,4,4,3,2,1,2,2,5,7,8,8,11,10,9,7,5,4,8,9,12,9,8,7,7,5,5,10,12,6,6,5,3,4,9,11,14,6,4,4,3,6,7,10,11,12,13,15,7,9,10,11,12,12,13,7,9,10,12,12,13,5,5,12,12,14,10,7,13,8,8,9,16,13,12,8,7,14,10,8,9,10
210,24,23,15,18,15,14,16,19,20,25,24,18,15,14,16,17,21,20,18,15,14,14,18,16,14,14,15,18,16,16,13,14,14,21,20,12,13,16,18,20,19,16,13,14,15,18,18,13,10,13,14,15,16,17,18,16,11,14,15,16,12,10,10,11,12,14,15,15,16,12,10,11,12,14,14,15,15,18,10,11,13,14,16,9,10,12,12,13,17,8,10,10,11,12,13,13,14,14,16,8,9,12,12,13,16,6,7,8,9,10,12,12,13,13,16,15,14,8,9,10,11,12,15,14,14,9,9,10,12,13,13,9,10,10,11,12,15,12,8,9,10,10,11,12,12,13,14,14,14,13,5,5,6,9,10,10,15,13,9,9,8,5,9,9,10,11,12,9,3,7,8,8,9,10,10,12,10,10,8,3,3,2,2,4,6,6,7,9,9,12,1,7,8,10,8,7,1,1,2,3,7,7,8,9,10,7,2,2,1,0,4,7,9,10,8,8,7,5,5,4,4,3,1,1,2,5,6,7,8,12,10,9,7,5,5,8,9,12,9,8,8,7,6,5,10,12,7,6,6,3,3,8,10,14,7,5,4,4,5,6,9,10,12,13,15,7,8,10,10,11,12,13,8,9,10,11,12,12,5,5,11,12,13,10,7,14,7,8,8,16,13,12,9,8,14,11,8,9,9
211,28,27,19,22,20,19,16,14,15,29,29,23,20,19,16,15,16,25,22,19,19,17,22,21,19,15,14,14,21,20,15,15,14,17,24,16,15,12,14,16,23,21,13,12,11,14,22,18,15,12,11,11,12,13,13,21,15,10,10,12,16,13,13,12,11,9,10,11,12,16,12,11,10,9,10,10,11,13,10,10,9,9,12,10,10,8,8,9,13,10,9,8,8,7,8,9,9,10,12,13,9,7,8,8,12,10,9,9,7,6,7,8,8,9,20,19,19,8,7,6,7,7,19,19,18,6,5,5,7,8,9,5,5,6,7,7,19,16,4,5,5,6,7,7,8,8,10,19,18,18,10,6,5,5,5,6,10,18,14,13,13,5,4,5,6,7,7,13,7,2,3,4,5,6,6,16,15,14,13,8,7,6,6,4,2,2,2,4,5,16,6,3,4,14,13,11,5,4,4,3,2,3,4,5,15,11,7,6,5,4,0,3,4,14,13,12,11,10,9,9,8,7,5,4,4,1,2,3,3,16,15,14,12,10,9,3,4,7,14,13,12,12,10,10,6,7,11,10,10,8,7,4,6,9,11,9,9,8,6,5,5,6,7,8,10,12,4,5,6,7,7,8,12,4,5,7,7,8,10,9,7,7,9,15,10,18,10,10,9,21,18,16,13,12,19,15,12,11,10
212,31,30,21,25,23,21,19,17,16,32,31,25,23,21,19,18,14,27,25,22,21,20,25,24,21,18,17,14,24,23,18,18,17,14,27,19,18,14,12,13,26,24,16,15,14,11,25,20,18,15,14,13,12,11,10,24,18,13,12,10,19,16,15,15,14,12,11,10,9,19,15,14,13,11,10,10,9,10,13,13,10,10,9,13,13,11,10,9,10,13,12,11,10,10,9,8,8,7,9,15,12,9,8,8,9,13,12,12,10,9,8,7,7,6,23,22,21,10,9,8,7,7,22,21,21,8,8,7,6,6,6,7,6,6,5,4,22,19,7,6,5,4,4,4,5,5,7,21,21,20,13,9,8,4,4,3,8,20,16,16,15,8,4,3,3,4,4,16,10,5,4,3,2,3,3,19,18,17,15,10,10,9,8,7,5,4,4,2,2,19,8,2,1,17,15,14,8,7,7,6,2,1,1,2,18,14,9,9,8,7,3,0,2,17,15,15,14,13,12,12,11,10,8,7,7,3,2,1,1,19,18,16,14,13,12,2,2,4,16,15,15,14,13,13,3,4,14,13,13,10,9,4,3,7,14,12,12,11,8,8,4,3,4,5,8,14,7,5,4,4,4,5,15,7,6,5,4,5,13,12,6,6,6,18,13,21,13,13,12,24,20,19,16,15,21,18,15,14,13
213,32,32,23,26,24,23,21,19,18,34,33,27,24,23,20,19,15,29,26,24,23,21,26,25,23,20,19,16,25,25,20,19,19,13,29,20,19,16,14,12,27,25,18,16,15,13,26,22,19,16,15,14,13,13,12,25,20,15,14,12,21,18,17,16,15,14,13,12,11,21,16,15,15,13,12,12,11,9,15,14,12,12,9,15,14,13,12,11,8,15,13,13,12,12,10,10,9,9,8,17,13,10,10,9,7,15,14,13,12,10,9,9,8,8,25,24,23,12,11,9,9,8,24,23,23,10,9,9,7,6,6,8,8,7,7,6,24,20,8,7,7,6,5,5,4,4,5,23,23,22,14,10,9,6,5,5,6,22,18,18,17,9,6,5,4,3,3,18,12,7,6,5,4,3,3,20,19,19,17,12,12,10,10,8,7,6,6,3,3,20,10,4,3,19,17,15,9,9,8,7,3,3,2,1,19,15,11,10,9,9,4,2,0,19,17,16,15,14,14,13,13,12,9,9,8,5,4,3,2,20,19,18,16,14,14,3,2,3,18,17,16,16,15,14,3,3,15,15,14,12,11,6,4,5,15,14,13,13,10,9,6,5,4,4,6,16,8,7,6,5,5,4,16,9,8,7,6,5,14,14,8,7,7,19,14,23,15,14,14,25,22,21,18,16,23,20,16,15,15
214,16,16,25,21,23,24,26,29,30,16,15,19,22,23,26,27,31,16,19,21,22,24,18,19,21,24,25,28,18,18,23,24,24,31,13,21,23,26,28,30,13,15,23,24,25,28,13,18,20,23,24,25,26,27,27,13,19,24,25,26,16,20,20,21,22,24,25,25,26,15,20,21,21,24,24,25,25,27,20,21,23,24,26,19,20,21,22,23,27,18,20,20,21,21,23,23,24,24,26,15,19,21,22,23,26,16,17,18,19,20,21,22,23,23,7,6,7,18,19,20,21,21,6,5,6,19,19,20,21,23,23,19,20,20,21,21,6,6,18,19,20,20,21,21,22,23,24,5,5,4,11,15,16,19,20,20,25,4,6,7,7,15,19,19,20,21,21,5,12,16,18,18,19,20,20,3,3,3,5,10,10,12,12,14,15,16,16,19,19,3,11,17,18,1,3,4,10,11,12,13,16,17,18,19,2,3,8,8,9,10,14,17,19,0,2,2,3,4,5,6,6,7,9,10,10,14,15,16,16,2,1,2,4,5,6,16,18,20,3,4,4,5,7,8,19,20,8,8,9,11,12,17,19,23,9,10,11,12,14,15,18,19,20,21,24,9,17,19,19,20,20,21,10,18,19,20,20,21,13,14,20,20,22,10,15,8,16,16,17,7,10,11,14,15,10,13,16,18,18
215,16,16,24,19,21,23,25,27,28,18,17,18,20,21,24,25,29,14,17,20,20,22,16,17,19,23,24,26,16,16,21,22,23,30,13,20,21,24,26,29,12,14,21,23,24,26,12,16,19,21,23,24,25,25,26,12,17,22,23,25,15,18,19,19,20,22,23,24,25,14,18,19,20,22,23,23,24,26,19,19,21,22,25,18,18,20,20,21,25,16,18,19,19,20,21,21,22,23,25,13,17,20,20,21,24,14,15,16,18,19,20,20,21,21,9,8,7,16,17,19,19,20,8,7,7,17,18,18,20,21,21,18,18,19,19,20,8,4,16,18,18,19,19,20,20,21,23,7,7,6,9,13,14,18,18,19,23,6,4,5,6,13,17,18,18,19,20,4,10,15,16,16,18,18,19,4,3,3,3,8,9,10,10,12,14,14,15,17,18,4,9,15,16,3,1,3,9,9,10,11,15,15,16,18,3,2,6,7,8,8,13,15,17,2,0,1,2,3,3,4,4,6,8,8,9,12,13,14,15,3,2,1,2,4,4,15,16,19,1,2,3,3,6,6,17,19,6,7,7,9,10,15,18,21,7,9,9,10,13,13,16,18,19,20,22,8,15,17,18,18,19,20,8,16,17,18,19,19,12,12,18,19,20,9,14,7,14,15,15,8,8,9,13,14,8,12,15,16,16
216,17,16,23,19,21,22,24,26,27,18,18,17,20,21,24,25,29,14,16,19,20,21,15,16,19,22,23,26,15,16,21,21,22,29,13,19,20,24,26,28,12,13,21,22,23,26,11,15,18,21,22,23,24,25,25,11,16,21,23,24,14,18,18,19,20,21,23,23,24,13,18,19,19,21,22,23,23,25,18,19,21,21,24,17,18,19,20,21,25,16,18,18,19,19,20,21,21,22,24,13,16,19,20,20,24,14,15,15,17,18,19,20,20,21,9,8,8,15,16,18,19,19,8,8,7,16,17,18,19,20,21,17,18,18,19,19,8,5,16,17,18,18,19,19,20,20,22,8,7,7,9,13,14,17,18,18,23,7,4,4,5,13,16,17,18,19,19,3,9,14,15,16,17,18,18,5,4,3,3,8,8,9,10,12,13,14,14,16,17,5,9,15,16,3,2,2,8,9,9,10,14,15,16,17,4,1,5,6,7,8,12,15,16,2,1,0,1,2,3,3,4,5,7,8,8,12,13,14,14,4,3,2,2,3,4,14,15,18,2,2,2,3,5,5,16,18,6,6,7,9,10,15,17,20,7,8,9,9,12,13,16,17,18,19,21,7,15,16,17,18,18,19,8,15,16,18,18,19,11,12,18,18,20,8,13,6,14,14,15,9,8,9,12,13,8,11,14,15,16
217,18,18,22,18,20,21,23,25,26,19,19,16,19,20,23,24,27,15,15,18,19,20,14,15,18,21,22,25,14,15,20,20,21,28,14,18,19,23,25,27,13,12,20,21,22,25,12,14,17,20,21,22,23,24,24,11,15,20,21,23,13,16,17,18,19,20,21,22,23,12,16,18,18,20,21,21,22,24,17,18,20,20,23,16,16,18,19,20,24,15,16,17,18,18,19,20,20,21,23,12,15,18,19,19,23,13,14,14,16,17,18,19,19,20,10,9,9,14,15,17,18,18,9,9,8,15,16,16,18,19,20,16,16,17,18,18,9,6,15,16,16,17,18,18,19,19,21,9,8,8,8,12,13,16,16,17,21,8,4,3,4,12,15,16,16,18,18,3,8,13,14,15,16,16,17,6,5,4,3,7,7,8,9,10,12,13,13,15,16,6,8,14,15,4,3,1,7,8,8,9,13,14,15,16,5,1,4,5,6,7,11,14,15,3,2,1,0,1,2,2,3,4,6,7,7,10,12,13,13,5,4,3,1,2,3,13,14,17,3,2,1,2,4,4,15,17,4,5,5,8,9,14,16,19,6,7,8,8,11,12,15,16,17,18,20,6,14,15,16,16,17,18,7,14,15,16,17,18,10,10,16,17,19,7,12,7,13,13,14,10,7,8,11,12,8,10,13,14,15
218,19,19,21,16,19,20,22,24,25,20,20,15,18,19,21,23,26,16,14,17,18,19,13,14,16,20,21,24,13,14,19,19,20,27,15,17,18,21,24,26,14,12,19,20,21,24,13,13,16,19,20,21,22,23,23,12,14,19,20,22,12,15,16,16,18,19,20,21,22,11,15,16,17,19,20,20,21,23,16,16,19,19,22,15,15,17,18,19,23,14,15,16,16,17,18,19,19,20,22,10,14,17,18,18,21,12,13,13,15,16,17,18,18,19,12,10,10,13,14,16,16,17,10,10,9,14,15,15,17,18,19,15,15,16,16,17,10,7,14,15,15,16,16,17,18,18,20,10,9,9,7,10,12,15,15,16,20,9,5,4,4,10,14,15,15,16,17,4,7,12,13,14,15,15,16,7,6,6,4,6,6,7,8,9,11,12,12,14,15,7,7,13,14,6,4,2,6,7,7,8,12,13,14,15,6,2,3,4,5,5,10,13,14,4,3,2,1,0,1,1,2,3,5,6,6,9,10,12,12,6,5,4,2,1,2,12,13,16,4,3,2,2,3,3,14,16,3,4,4,7,8,13,15,18,4,6,7,7,10,10,14,15,16,17,19,5,13,14,15,15,16,17,6,13,14,15,16,16,9,9,15,16,18,6,11,8,12,12,13,11,8,7,10,11,9,9,12,13,14
219,20,19,20,16,18,19,21,24,25,21,20,14,17,18,21,22,26,16,14,16,17,19,14,14,16,19,20,23,13,13,18,19,19,26,16,16,18,21,23,25,15,13,18,19,20,23,14,13,15,18,19,20,21,22,23,13,14,19,20,21,12,15,15,16,17,19,20,20,21,10,15,16,16,19,19,20,20,23,15,16,18,19,21,14,15,16,17,18,22,13,15,15,16,16,18,18,19,19,21,10,14,16,17,18,21,11,12,13,14,15,16,17,18,18,12,11,10,13,14,15,16,16,11,10,10,14,14,15,16,18,18,14,15,15,16,16,11,8,13,14,15,15,16,16,17,18,19,10,10,9,6,10,11,14,15,15,20,9,5,5,4,10,14,14,15,16,16,5,7,12,13,13,14,15,15,8,7,6,4,5,6,7,7,9,10,11,12,14,14,8,6,12,13,6,4,3,6,6,7,8,12,12,13,14,7,3,3,3,4,5,9,12,14,5,3,3,2,1,0,1,1,2,4,5,5,9,10,11,12,7,5,4,2,1,1,12,13,15,4,3,3,2,2,3,14,15,3,3,4,6,7,12,14,18,4,6,6,7,9,10,13,14,15,16,19,4,12,14,14,15,15,16,5,13,14,15,15,16,8,9,15,15,17,6,10,9,11,12,12,12,8,7,9,10,9,8,12,13,13
220,20,20,20,15,18,19,21,23,24,21,21,15,16,18,20,21,25,17,14,16,16,18,14,13,15,19,20,23,13,13,18,18,19,26,16,16,17,20,23,25,15,13,18,19,20,23,14,12,15,18,19,20,21,21,22,13,13,18,19,21,11,14,15,15,16,18,19,20,21,10,14,15,16,18,19,19,20,22,15,15,18,18,21,14,14,16,16,18,21,13,14,15,15,16,17,18,18,19,21,9,13,16,16,17,20,10,12,12,14,15,16,16,17,18,13,12,11,12,13,15,15,16,12,11,10,13,14,14,16,17,18,14,14,15,15,16,12,8,13,14,14,15,15,16,16,17,19,11,10,10,5,9,10,14,14,15,19,10,6,6,5,9,13,14,14,15,16,5,6,11,12,13,14,14,15,8,7,7,5,4,5,6,7,8,10,10,11,13,14,8,5,12,13,7,5,3,5,6,6,7,11,12,13,14,7,3,2,3,4,4,9,12,13,6,4,3,2,1,1,0,1,2,4,4,5,8,9,10,11,7,6,5,3,1,1,11,12,15,5,4,3,3,2,2,13,15,2,3,3,6,7,12,14,17,3,5,5,6,9,9,13,14,15,16,18,4,12,13,14,14,15,16,4,12,13,14,15,15,8,8,14,15,16,6,10,9,10,11,12,12,9,8,9,10,10,8,11,12,13
221,21,20,19,15,17,18,20,23,24,22,21,15,16,17,20,21,25,18,15,15,16,18,15,14,15,18,19,22,14,13,17,18,18,25,17,15,16,20,22,24,16,14,17,18,19,22,15,12,14,17,18,19,20,21,21,14,13,18,19,20,10,14,14,15,16,18,19,19,20,9,14,15,15,18,18,19,19,21,14,15,17,18,20,13,14,15,16,17,21,12,14,14,15,15,16,17,18,18,20,9,13,15,16,16,20,10,11,12,13,14,15,16,16,17,13,12,12,12,13,14,15,15,12,12,11,13,13,14,15,16,17,13,14,14,15,15,12,9,12,13,14,14,15,15,16,16,18,12,11,10,5,9,10,13,14,14,19,10,7,6,6,9,13,13,14,15,15,6,5,10,12,12,13,14,14,9,8,7,6,4,4,5,6,8,9,10,10,13,13,9,5,11,12,7,6,4,4,5,5,7,10,11,12,13,8,4,2,2,3,4,8,11,13,6,4,4,3,2,1,1,0,1,3,4,4,8,9,10,10,8,7,5,3,2,1,10,12,14,6,4,4,3,2,2,13,14,3,2,3,5,6,11,13,16,3,4,5,6,8,9,12,13,14,15,18,3,11,13,13,14,14,15,4,12,13,14,14,15,7,8,14,14,16,7,9,10,10,10,11,13,9,8,8,9,10,7,10,12,12
222,22,21,18,16,16,17,19,21,23,23,23,16,15,16,19,20,24,19,16,14,15,16,16,15,14,17,18,21,15,14,16,16,17,24,18,14,15,19,21,23,17,15,16,17,18,21,16,12,13,16,17,18,19,20,20,15,12,16,18,19,10,13,13,14,15,16,18,18,19,10,13,14,14,16,17,18,18,20,13,14,16,16,19,12,13,14,15,16,20,11,13,13,14,14,15,16,16,17,19,8,12,14,15,15,19,9,10,10,12,13,14,15,15,16,14,13,13,10,12,13,14,14,13,13,12,12,12,13,14,15,16,12,13,13,14,14,13,10,11,12,13,13,14,14,15,15,17,13,12,12,4,8,9,12,13,13,18,12,8,7,7,8,12,12,13,14,14,7,4,9,10,11,12,13,13,10,9,8,7,3,3,4,5,7,8,9,9,12,12,10,4,10,11,8,7,5,3,4,4,5,9,10,11,12,9,5,1,1,2,3,7,10,12,7,6,5,4,3,2,2,1,0,2,3,3,7,8,9,9,9,8,7,4,3,2,9,10,13,7,5,5,4,3,3,12,13,4,3,3,4,5,10,12,15,4,3,4,4,7,8,11,12,13,14,16,4,10,12,12,13,13,14,5,10,12,13,13,14,6,7,13,13,15,8,8,11,9,9,10,14,10,9,7,8,12,8,9,10,11
223,24,24,16,18,16,15,17,19,20,25,25,19,16,15,16,18,21,21,18,15,15,14,18,17,15,15,16,19,17,16,14,14,15,22,20,12,13,16,19,21,19,17,14,15,16,19,18,14,11,14,15,16,17,18,18,17,12,14,15,17,13,10,11,12,13,14,15,16,17,13,10,12,12,14,15,15,16,18,11,12,14,14,17,10,10,12,13,14,18,9,10,11,12,12,13,14,14,15,17,9,9,12,13,13,16,7,8,8,10,11,12,13,13,14,16,15,15,8,9,11,12,12,15,15,14,9,10,10,12,13,14,10,10,11,12,12,15,12,9,10,10,11,12,12,13,13,15,15,14,14,6,5,7,10,10,11,15,14,10,9,9,5,9,10,10,12,12,9,3,7,8,9,10,10,11,12,11,10,9,4,3,2,3,4,6,7,7,9,10,12,2,8,9,10,9,7,1,2,2,3,7,8,9,10,11,7,3,2,1,1,5,8,9,9,8,7,6,5,4,4,3,2,0,1,1,4,5,7,7,11,10,9,7,5,4,7,8,11,9,8,7,7,5,5,9,11,6,5,5,3,3,8,10,13,6,4,4,3,5,6,9,10,11,12,14,7,8,9,10,10,11,12,7,8,9,10,11,12,5,4,10,11,13,10,6,13,7,7,8,16,13,12,8,7,14,10,7,8,9
224,25,24,15,19,16,15,16,19,20,26,25,19,16,15,16,17,21,21,19,16,15,14,19,18,15,14,15,18,18,17,13,14,14,21,21,13,13,16,18,20,20,18,13,14,15,18,19,14,12,13,14,15,16,17,18,18,12,14,15,16,13,10,10,11,12,14,15,15,16,13,10,11,12,14,14,15,15,18,10,11,13,14,16,9,10,12,12,13,17,8,10,10,11,12,13,13,14,14,16,9,9,12,12,13,16,7,7,8,9,10,12,12,13,13,17,16,15,8,9,10,11,12,16,15,15,9,9,10,12,13,13,9,10,10,11,12,16,13,8,9,10,10,11,12,12,13,14,15,15,14,7,5,6,9,10,10,15,14,10,10,9,5,9,9,10,11,12,10,4,7,8,8,9,10,10,13,12,11,9,4,4,3,2,4,5,6,7,9,9,13,2,7,8,11,9,8,2,1,2,3,7,7,8,9,12,8,3,3,2,1,4,7,9,10,8,8,7,6,5,4,4,3,1,0,1,4,5,6,7,12,10,9,7,6,5,7,8,10,9,8,8,7,6,5,9,10,7,6,6,3,2,7,9,13,7,5,4,4,4,5,8,9,10,12,14,7,7,9,9,10,10,12,8,8,9,10,10,11,6,5,10,10,12,10,6,14,6,7,7,16,13,12,9,8,14,11,8,8,8
225,25,25,16,19,17,16,16,18,19,26,26,20,17,16,15,16,20,22,19,16,16,14,19,18,16,14,15,18,18,18,13,13,14,21,21,13,12,15,18,20,20,18,13,14,15,18,19,15,12,13,14,15,16,16,17,18,13,13,14,16,14,10,10,10,12,13,14,15,16,14,9,10,11,13,14,14,15,17,10,10,13,13,16,9,9,11,12,13,16,8,9,10,10,11,12,13,13,14,16,10,8,11,12,12,15,8,7,7,9,10,11,12,12,13,18,16,16,7,8,10,10,11,16,16,15,8,9,9,11,12,13,9,9,10,10,11,16,13,8,9,9,10,10,11,12,12,14,16,15,15,7,4,5,9,9,10,14,15,11,10,10,4,8,9,9,10,11,10,4,6,7,8,9,9,10,13,12,12,10,5,4,3,3,3,5,6,6,8,9,13,3,7,8,12,10,8,2,2,1,2,6,7,8,9,12,8,4,3,2,2,4,7,8,10,9,8,7,6,5,5,4,3,1,1,0,3,4,6,6,12,11,10,8,6,5,6,7,10,10,9,8,8,7,6,8,10,7,7,6,4,3,7,9,12,7,5,5,4,4,4,8,9,10,11,13,8,7,8,9,9,10,11,8,7,8,9,10,10,6,6,9,10,12,11,6,14,7,6,7,17,14,13,9,8,15,12,8,7,8
226,29,28,19,23,20,19,17,15,16,30,29,23,20,19,16,15,17,25,23,20,19,18,23,21,19,16,15,14,21,21,16,15,15,18,25,16,15,12,14,16,24,21,14,13,12,14,23,18,15,13,12,12,13,13,14,21,16,11,11,13,17,14,13,13,12,10,11,12,13,17,13,12,11,10,10,11,12,14,11,10,9,10,13,11,10,9,8,9,13,11,9,9,8,8,9,9,10,10,13,13,9,8,8,9,12,11,10,9,8,7,8,8,9,9,21,20,19,8,7,7,7,8,20,19,19,6,5,6,8,9,9,5,6,7,7,8,20,16,4,5,6,7,7,8,8,9,10,19,19,18,10,7,5,5,6,7,11,18,14,14,13,6,5,5,6,7,8,14,8,3,4,4,5,6,7,16,15,15,13,8,8,7,6,4,3,2,3,5,6,16,6,3,4,15,13,12,6,5,4,3,3,3,4,5,15,12,7,7,5,5,1,3,5,14,12,12,10,9,9,8,8,7,4,4,3,0,1,2,3,15,14,13,11,9,9,3,4,7,13,12,12,11,10,9,5,7,10,10,9,7,6,3,6,9,10,9,8,8,5,4,4,6,7,8,10,11,3,5,6,6,7,8,12,4,5,6,7,7,9,9,6,7,8,14,9,18,10,9,9,20,17,16,13,12,18,15,12,10,10
227,30,29,20,24,21,20,18,16,15,31,30,24,21,20,18,16,16,26,24,21,20,19,24,23,20,17,16,13,23,22,17,16,16,16,26,18,16,13,13,15,25,23,15,14,13,13,24,19,16,14,13,12,12,12,13,23,17,12,11,12,18,15,14,14,13,11,10,10,12,18,14,13,12,10,9,10,10,13,12,12,9,9,12,12,12,10,9,8,12,12,10,10,9,9,8,8,9,9,12,14,10,8,7,8,11,12,11,10,9,8,7,7,8,8,22,21,20,9,8,7,6,7,21,20,20,7,7,6,7,8,8,5,5,6,6,7,21,18,5,4,5,6,6,7,7,8,9,20,20,19,12,8,7,4,5,6,10,19,15,15,14,7,4,4,5,6,7,15,9,4,3,3,4,5,5,18,16,16,14,9,9,8,7,5,4,3,3,4,4,18,7,2,3,16,14,13,7,6,5,4,2,2,3,4,16,13,8,8,7,6,2,2,4,15,13,13,12,10,10,9,9,8,5,5,4,1,0,1,2,16,15,14,12,10,10,2,3,5,14,13,13,12,11,10,4,6,12,11,10,8,7,2,4,8,12,10,9,9,6,5,3,4,6,7,9,12,4,4,4,5,6,7,13,5,4,5,6,6,10,10,5,6,7,15,10,19,11,10,10,21,18,17,14,13,19,16,13,12,11
228,31,30,21,25,23,21,19,17,16,32,31,25,23,21,19,18,15,27,25,22,21,20,25,24,21,18,17,14,24,23,18,18,17,15,27,19,18,14,12,14,26,24,16,15,14,12,25,20,18,15,14,13,12,11,12,24,18,13,12,10,19,16,15,15,14,12,11,10,10,19,15,14,13,11,10,10,9,12,13,13,10,10,10,13,13,11,10,9,11,13,12,11,10,10,9,8,8,8,10,15,12,9,8,8,10,13,12,12,10,9,8,7,7,7,23,22,21,10,9,8,7,7,22,21,21,8,8,7,5,7,7,7,6,6,5,6,22,19,7,6,5,4,5,6,6,7,8,21,21,20,13,9,8,4,4,4,9,20,16,16,15,8,4,3,4,5,5,16,10,5,4,3,3,4,4,19,18,17,15,10,10,9,8,7,5,4,4,3,3,19,8,2,2,17,15,14,8,7,7,6,2,1,2,3,18,14,9,9,8,7,3,1,3,16,14,14,13,12,11,10,10,9,7,6,6,2,1,0,1,18,16,15,13,12,11,1,2,4,15,14,14,13,12,12,3,4,13,12,12,9,8,3,3,7,13,11,10,10,7,7,3,3,4,6,8,13,6,4,3,4,4,6,14,6,5,4,4,5,12,11,5,4,6,16,12,20,12,12,11,23,19,18,15,14,20,17,14,13,12
229,31,31,22,25,23,22,20,18,16,32,32,26,23,22,19,18,14,28,25,23,22,20,25,24,22,19,18,15,24,24,19,18,18,15,27,19,18,15,13,14,26,24,16,15,14,12,25,21,18,15,14,13,12,12,11,24,19,14,13,11,20,16,16,15,14,13,12,11,10,20,15,14,14,12,11,10,10,11,14,13,11,10,10,14,13,12,11,10,10,14,12,12,11,10,9,9,8,8,10,16,12,9,9,8,9,14,13,12,10,9,8,8,7,7,24,23,22,11,10,8,8,7,23,22,21,9,8,8,6,6,7,7,7,6,6,5,23,19,7,6,6,5,4,5,5,6,8,22,21,21,13,9,8,5,4,4,8,21,17,16,16,8,4,4,3,4,5,16,10,5,4,4,3,3,4,19,18,18,16,11,10,9,9,7,6,5,4,2,3,19,9,3,2,18,16,14,8,8,7,6,2,2,2,3,18,14,10,9,8,8,3,1,2,16,15,14,13,12,12,11,10,9,7,7,6,3,2,1,0,18,17,16,14,12,12,1,1,4,16,15,14,14,13,12,2,4,13,13,12,10,9,4,3,6,13,12,11,10,8,7,4,3,4,5,7,14,6,4,4,3,4,5,14,7,6,4,4,4,12,12,6,5,6,17,12,20,13,12,12,23,20,19,15,14,21,18,14,13,13
230,18,18,27,23,25,26,28,30,31,15,15,21,24,25,27,29,32,18,20,23,24,25,19,20,23,26,27,30,19,20,25,25,26,33,15,23,24,27,30,32,15,17,25,26,27,30,15,19,22,25,26,27,28,29,29,15,20,25,26,28,18,21,22,23,24,25,26,27,28,17,21,23,23,25,26,26,27,29,22,23,25,25,28,21,21,23,24,25,29,20,21,22,23,23,24,25,25,26,28,16,20,23,24,24,27,18,19,19,21,22,23,24,24,25,7,8,8,19,20,22,23,23,7,7,8,20,21,21,23,24,25,21,21,22,23,23,5,8,20,21,21,22,23,23,24,24,26,5,4,5,13,16,18,21,21,22,26,4,8,8,9,16,20,21,21,23,23,7,13,18,19,20,21,21,22,3,4,5,7,12,12,13,14,15,17,18,18,20,21,2,13,19,20,3,4,6,12,13,13,14,18,19,20,21,1,5,9,10,11,12,16,19,20,2,3,4,5,6,7,7,8,9,11,12,12,15,16,18,18,0,1,2,4,6,7,17,18,21,3,4,5,5,8,8,19,21,8,9,9,12,13,18,20,23,9,11,12,12,15,15,19,20,21,22,24,10,18,19,20,20,21,22,10,18,19,20,21,21,14,14,20,21,23,11,16,9,16,17,18,7,10,12,15,16,10,14,17,18,19
231,16,17,26,21,24,25,27,29,30,16,16,20,23,24,26,27,31,16,19,22,23,24,18,19,21,25,26,29,18,19,24,24,25,32,14,22,23,26,29,31,14,16,24,25,26,29,14,18,21,24,25,26,27,27,28,14,19,24,25,27,17,20,21,21,23,24,25,26,27,16,20,21,22,24,25,25,26,28,21,21,24,24,27,20,20,22,23,24,28,19,20,21,21,22,23,24,24,25,27,15,19,22,23,23,26,16,18,18,20,21,22,23,23,24,8,7,7,18,19,21,21,22,7,6,7,19,20,20,22,23,24,20,20,21,21,22,7,7,19,20,20,21,21,22,23,23,25,6,5,5,12,15,16,20,20,21,25,5,7,7,8,15,19,20,20,21,22,6,12,17,18,19,20,20,21,3,3,4,6,10,11,12,13,14,16,16,17,19,20,3,12,18,19,2,3,5,11,12,12,13,17,18,19,20,2,4,8,9,10,10,15,18,19,1,2,3,4,5,5,6,7,8,10,10,11,14,15,16,17,1,0,1,3,5,6,16,17,20,2,3,4,4,7,7,18,20,7,8,8,10,12,16,19,22,8,10,10,11,14,14,18,19,20,21,23,9,16,18,19,19,20,21,9,17,18,19,20,20,13,13,19,20,21,10,15,8,15,16,16,6,9,10,14,15,9,13,16,17,18
232,16,16,25,20,23,24,26,28,29,18,17,19,21,23,25,26,30,15,18,21,21,23,17,18,20,24,25,27,17,18,23,23,24,31,13,21,22,25,27,30,13,15,23,24,25,27,13,17,20,23,24,25,26,26,27,13,18,23,24,26,16,19,20,20,21,23,24,25,26,15,19,20,21,23,24,24,25,27,20,20,23,23,26,19,19,21,21,23,26,18,19,20,20,21,22,23,23,24,26,14,18,21,21,22,25,15,16,17,19,20,21,21,22,23,9,8,7,17,18,20,20,21,8,7,7,18,19,19,21,22,23,19,19,20,20,21,8,5,18,19,19,20,20,21,21,22,24,7,7,6,10,14,15,19,19,20,24,6,6,6,7,14,18,19,19,20,21,5,11,16,17,18,19,19,20,4,3,3,4,9,10,11,12,13,15,15,16,18,19,4,10,16,18,3,2,4,10,10,11,12,16,16,18,19,3,3,7,8,9,9,14,16,18,2,1,2,3,4,4,5,5,7,9,9,10,13,14,15,16,2,1,0,2,4,4,15,16,19,1,2,3,3,6,6,17,19,6,7,7,9,10,15,18,21,7,9,9,10,13,13,16,18,19,20,22,8,15,17,18,18,19,20,8,16,17,18,19,19,12,12,18,19,20,9,14,7,14,15,15,7,8,9,13,14,8,12,15,16,16
233,19,18,23,18,20,21,24,26,27,20,19,16,19,20,23,24,28,15,16,19,19,21,15,16,18,21,23,25,15,15,20,21,21,29,15,19,20,23,25,27,14,13,20,21,23,25,13,15,18,20,21,23,24,24,25,12,16,21,22,24,14,17,18,18,19,21,22,23,24,13,17,18,19,21,21,22,23,25,18,18,20,21,24,16,17,19,19,20,24,15,17,18,18,19,20,20,21,21,24,12,16,19,19,20,23,13,14,15,16,18,19,19,20,20,11,10,9,15,16,18,18,19,10,9,9,16,16,17,19,20,20,16,17,18,18,19,10,7,15,16,17,18,18,19,19,20,21,9,9,8,8,12,13,16,17,18,22,8,4,4,4,12,16,16,17,18,19,4,9,14,15,15,16,17,18,7,6,5,3,7,8,9,9,11,13,13,14,16,16,7,8,14,15,5,3,2,8,8,9,10,14,14,15,16,5,2,5,6,7,7,12,14,16,4,2,2,1,2,2,3,3,4,7,7,8,11,12,13,14,4,3,2,0,2,2,13,14,16,2,1,1,1,3,4,15,16,4,4,5,7,8,13,15,19,5,7,7,8,10,11,14,15,16,18,20,6,13,15,15,16,16,18,6,14,15,16,16,17,9,10,16,16,18,7,12,7,12,13,13,9,6,7,10,12,7,9,13,14,14
234,20,20,21,16,19,20,22,24,25,21,21,15,18,19,21,23,26,17,14,17,18,19,14,14,16,20,21,24,13,14,19,19,20,27,16,17,18,21,24,26,15,13,19,20,21,24,14,13,16,19,20,21,22,23,23,13,14,19,20,22,12,15,16,16,18,19,20,21,22,11,15,16,17,19,20,20,21,23,16,16,19,19,22,15,15,17,18,19,23,14,15,16,16,17,18,19,19,20,22,10,14,17,18,18,21,12,13,13,15,16,17,18,18,19,13,12,11,13,14,16,16,17,12,11,10,14,15,15,17,18,19,15,15,16,16,17,12,8,14,15,15,16,16,17,18,18,20,11,10,10,7,10,12,15,15,16,20,10,6,5,5,10,14,15,15,16,17,5,7,12,13,14,15,15,16,8,7,7,5,6,6,7,8,9,11,12,12,14,15,8,7,13,14,7,5,3,6,7,7,8,12,13,14,15,7,3,3,4,5,5,10,13,14,5,4,3,2,1,1,1,2,3,5,6,6,9,10,12,12,6,5,4,2,0,1,11,12,15,4,3,2,2,2,2,13,15,2,3,3,6,7,12,14,17,3,5,6,6,9,9,13,14,15,16,18,4,12,13,14,14,15,16,4,12,13,14,15,15,8,8,14,15,16,5,10,8,10,11,12,11,8,7,9,10,9,8,11,12,13
235,21,20,20,16,18,19,21,24,25,22,21,15,17,18,21,22,26,18,15,16,17,19,15,14,16,19,20,23,14,13,18,19,19,26,17,16,18,21,23,25,16,14,18,19,20,23,15,13,15,18,19,20,21,22,23,14,14,19,20,21,12,15,15,16,17,19,20,20,21,10,15,16,16,19,19,20,20,23,15,16,18,19,21,14,15,16,17,18,22,13,15,15,16,16,18,18,19,19,21,10,14,16,17,18,21,11,12,13,14,15,16,17,18,18,13,12,12,13,14,15,16,16,12,12,11,14,14,15,16,18,18,14,15,15,16,16,12,9,13,14,15,15,16,16,17,18,19,12,11,10,6,10,11,14,15,15,20,10,7,6,6,10,14,14,15,16,16,6,7,12,13,13,14,15,15,9,8,7,6,5,5,7,7,9,10,11,12,14,14,9,6,12,13,7,6,4,5,6,7,8,12,12,13,14,8,4,3,3,4,5,9,12,14,6,4,4,3,2,1,1,1,2,4,5,5,9,10,11,12,7,6,4,2,1,0,10,12,14,4,3,3,2,1,2,13,14,2,2,3,5,6,11,13,16,3,4,5,6,8,9,12,13,14,15,18,3,11,13,13,14,14,15,4,12,13,14,14,15,7,8,14,14,16,6,9,9,10,10,11,12,8,7,8,9,9,7,10,12,12
236,31,31,22,25,23,22,20,18,16,32,32,26,23,22,19,18,15,28,25,23,22,20,25,24,22,19,18,15,24,24,19,18,18,16,27,19,18,15,13,15,26,24,16,15,14,13,25,21,18,15,14,13,12,12,12,24,19,14,13,11,20,16,16,15,14,13,12,11,11,20,15,14,14,12,11,10,10,12,14,13,11,10,11,14,13,12,11,10,12,14,12,12,11,10,9,9,8,9,11,16,12,9,9,8,10,14,13,12,10,9,8,8,7,8,24,23,22,11,10,8,8,7,23,22,21,9,8,8,6,7,8,7,7,6,6,6,23,19,7,6,6,5,6,6,7,7,9,22,21,21,13,9,8,5,4,5,9,21,17,16,16,8,4,4,4,5,6,16,10,5,4,4,4,4,5,19,18,18,16,11,10,9,9,7,6,5,4,3,4,19,9,3,3,18,16,14,8,8,7,6,2,2,3,4,18,14,10,9,8,8,3,2,3,16,15,14,13,12,12,11,10,9,7,7,6,3,2,1,1,17,16,15,13,11,10,0,1,4,15,14,13,13,12,11,2,4,12,12,11,9,8,3,3,6,12,10,10,9,7,6,3,3,4,5,7,13,5,3,3,3,4,5,13,6,4,3,4,4,11,10,4,4,6,16,11,19,12,11,10,22,19,18,14,13,20,16,13,12,12
237,32,32,23,26,24,23,21,19,18,34,33,27,24,23,20,19,15,29,26,24,23,21,26,25,23,20,19,16,25,25,20,19,19,15,29,20,19,16,14,14,27,25,18,16,15,13,26,22,19,16,15,14,13,13,12,25,20,15,14,12,21,18,17,16,15,14,13,12,11,21,16,15,15,13,12,12,11,11,15,14,12,12,10,15,14,13,12,11,10,15,13,13,12,12,10,10,9,9,10,17,13,10,10,9,9,15,14,13,12,10,9,9,8,8,25,24,23,12,11,9,9,8,24,23,23,10,9,9,7,6,7,8,8,7,7,6,24,20,8,7,7,6,6,5,5,6,8,23,23,22,14,10,9,6,6,5,8,22,18,18,17,9,6,5,4,4,5,18,12,7,6,5,4,3,4,20,19,19,17,12,12,10,10,8,7,6,6,3,3,20,10,4,3,19,17,15,9,9,8,7,3,3,2,3,19,15,11,10,9,9,4,2,2,18,16,15,14,13,13,12,12,10,8,8,7,4,3,2,1,18,17,16,14,12,12,1,0,3,16,15,14,14,13,12,1,3,13,13,12,10,9,4,2,5,13,12,11,10,8,7,4,3,3,4,6,14,6,4,4,3,3,4,14,7,6,4,4,3,12,12,6,5,4,17,12,20,13,12,12,23,20,19,15,14,21,18,14,13,13
238,35,35,26,29,27,26,24,21,20,36,36,30,27,26,23,22,18,32,29,26,26,24,29,28,26,23,21,19,28,27,23,22,21,14,31,23,22,19,16,14,30,28,20,19,18,15,29,25,22,19,18,17,16,15,15,28,23,18,16,15,24,20,20,19,18,16,15,15,14,24,19,18,18,15,15,14,14,12,18,17,15,14,12,18,17,15,15,14,10,18,16,15,15,14,13,13,12,12,9,20,16,13,13,12,9,18,16,16,14,13,12,12,11,10,27,26,26,15,14,12,12,11,26,26,25,13,12,12,10,9,8,11,10,10,9,9,26,23,11,10,9,9,8,8,7,7,5,26,25,25,17,13,12,9,8,8,6,25,21,20,20,12,8,8,7,6,5,20,14,9,8,8,7,6,5,23,22,21,20,15,14,13,13,11,9,9,8,6,5,23,13,7,5,21,20,18,12,12,11,10,6,5,4,3,22,18,14,13,12,12,7,4,3,20,19,18,17,16,15,15,14,13,11,10,10,7,5,4,4,21,20,19,16,15,14,4,3,0,19,18,17,16,15,15,4,2,16,15,15,13,12,7,4,2,16,14,14,13,10,10,7,5,4,3,3,16,9,7,7,6,5,4,17,9,8,7,7,6,15,14,8,8,7,20,15,23,15,15,14,26,23,21,18,17,24,20,17,16,15
239,18,17,25,20,23,24,26,28,29,19,18,19,21,23,25,26,30,15,18,21,21,23,17,18,20,24,25,27,17,18,23,23,24,31,14,21,22,25,27,30,13,15,23,24,25,27,13,17,20,23,24,25,26,26,27,13,18,23,24,26,16,19,20,20,21,23,24,25,26,15,19,20,21,23,24,24,25,27,20,20,23,23,26,19,19,21,21,23,26,18,19,20,20,21,22,23,23,24,26,14,18,21,21,22,25,15,16,17,19,20,21,21,22,23,10,9,8,17,18,20,20,21,9,8,8,18,19,19,21,22,23,19,19,20,20,21,9,5,18,19,19,20,20,21,21,22,24,8,8,7,10,14,15,19,19,20,24,7,6,6,7,14,18,19,19,20,21,5,11,16,17,18,19,19,20,5,4,4,4,9,10,11,12,13,15,15,16,18,19,5,10,16,18,4,2,4,10,10,11,12,16,16,18,19,4,3,7,8,9,9,14,16,18,3,1,2,3,4,4,5,6,7,9,9,10,13,14,15,16,3,2,1,2,4,4,15,16,19,0,1,2,2,4,5,16,18,5,6,6,8,9,14,16,20,6,8,8,9,12,12,15,16,18,19,21,7,14,16,16,17,18,19,7,15,16,17,18,18,10,11,17,18,19,8,13,6,13,14,14,7,7,8,12,13,7,10,14,15,15
240,19,18,24,19,21,23,25,27,28,20,19,18,20,21,24,25,29,15,17,20,20,22,16,17,19,23,24,26,16,16,21,22,23,30,15,20,21,24,26,29,14,14,21,23,24,26,13,16,19,21,23,24,25,25,26,12,17,22,23,25,15,18,19,19,20,22,23,24,25,14,18,19,20,22,23,23,24,26,19,19,21,22,25,18,18,20,20,21,25,16,18,19,19,20,21,21,22,23,25,13,17,20,20,21,24,14,15,16,18,19,20,20,21,21,11,10,9,16,17,19,19,20,10,9,9,17,18,18,20,21,21,18,18,19,19,20,10,7,16,18,18,19,19,20,20,21,23,9,9,8,9,13,14,18,18,19,23,8,4,5,5,13,17,18,18,19,20,4,10,15,16,16,18,18,19,7,6,5,3,8,9,10,10,12,14,14,15,17,18,7,9,15,16,5,3,3,9,9,10,11,15,15,16,18,5,2,6,7,8,8,13,15,17,4,2,2,2,3,3,4,4,5,8,8,9,12,13,14,15,4,3,2,1,3,3,14,15,18,1,0,1,1,3,4,15,16,4,4,5,7,8,13,15,19,5,7,7,8,10,11,14,15,16,18,20,6,13,15,15,16,16,18,6,14,15,16,16,17,9,10,16,16,18,7,12,6,12,13,13,8,6,7,10,12,6,9,13,14,14
241,19,19,23,19,21,22,24,26,27,20,20,17,20,21,24,25,29,16,16,19,20,21,15,16,19,22,23,26,15,16,21,21,22,29,15,19,20,24,26,28,14,13,21,22,23,26,13,15,18,21,22,23,24,25,25,12,16,21,23,24,14,18,18,19,20,21,23,23,24,13,18,19,19,21,22,23,23,25,18,19,21,21,24,17,18,19,20,21,25,16,18,18,19,19,20,21,21,22,24,13,16,19,20,20,24,14,15,15,17,18,19,20,20,21,12,10,10,15,16,18,19,19,10,10,9,16,17,18,19,20,21,17,18,18,19,19,10,7,16,17,18,18,19,19,20,20,22,10,9,9,9,13,14,17,18,18,23,9,5,4,5,13,16,17,18,19,19,4,9,14,15,16,17,18,18,7,6,6,4,8,8,9,10,12,13,14,14,16,17,7,9,15,16,6,4,2,8,9,9,10,14,15,16,17,6,2,5,6,7,8,12,15,16,4,3,2,1,2,3,3,4,5,7,8,8,12,13,14,14,5,4,3,1,2,3,13,14,17,2,1,0,1,3,3,14,16,3,4,4,7,8,13,15,18,4,6,7,7,10,10,14,15,16,17,19,5,13,14,15,15,16,17,6,13,14,15,16,16,9,9,15,16,18,6,11,6,12,12,13,9,6,7,10,11,7,9,12,13,14
242,20,19,23,18,20,21,24,26,27,21,20,16,19,20,23,24,28,16,16,19,19,21,15,16,18,21,23,25,15,15,20,21,21,29,16,19,20,23,25,27,15,13,20,21,23,25,14,15,18,20,21,23,24,24,25,13,16,21,22,24,14,17,18,18,19,21,22,23,24,13,17,18,19,21,21,22,23,25,18,18,20,21,24,16,17,19,19,20,24,15,17,18,18,19,20,20,21,21,24,12,16,19,19,20,23,13,14,15,16,18,19,19,20,20,12,11,10,15,16,18,18,19,11,10,10,16,16,17,19,20,20,16,17,18,18,19,11,8,15,16,17,18,18,19,19,20,21,10,10,9,8,12,13,16,17,18,22,9,5,5,4,12,16,16,17,18,19,5,9,14,15,15,16,17,18,8,7,6,4,7,8,9,9,11,13,13,14,16,16,8,8,14,15,6,4,3,8,8,9,10,14,14,15,16,7,3,5,6,7,7,12,14,16,5,3,3,2,2,2,3,3,4,7,7,8,11,12,13,14,5,4,3,1,2,2,13,14,16,2,1,1,0,2,3,14,15,3,3,4,6,7,12,14,18,4,6,6,7,9,10,13,14,15,16,19,4,12,14,14,15,15,16,5,13,14,15,15,16,8,9,15,15,17,6,10,7,11,12,12,9,6,6,9,10,7,8,12,13,13
243,22,21,21,17,19,20,23,25,26,23,23,16,18,19,22,23,27,19,16,18,18,20,16,15,17,20,21,24,15,14,19,20,20,27,18,18,19,22,24,26,17,15,19,20,21,24,16,14,16,19,20,21,23,23,24,15,15,20,21,23,13,16,16,17,18,20,21,21,23,12,16,17,18,20,20,21,21,24,16,17,19,20,23,15,16,18,18,19,23,14,16,16,17,18,19,19,20,20,23,11,15,18,18,19,22,12,13,14,15,16,18,18,19,19,14,13,13,14,15,16,17,18,13,13,12,15,15,16,18,19,19,15,16,16,17,18,13,10,14,15,16,16,17,18,18,19,20,13,12,12,7,11,12,15,16,16,21,12,8,7,7,11,15,15,16,17,18,7,8,13,14,14,15,16,16,10,9,8,7,6,7,8,8,10,12,12,13,15,15,10,7,13,14,8,7,5,7,7,8,9,13,13,14,15,9,5,4,4,5,6,10,13,15,7,6,5,4,3,2,2,2,3,5,6,7,10,11,12,13,8,7,6,3,2,1,12,13,15,4,3,3,2,0,1,12,13,1,1,2,4,5,10,12,15,2,3,4,4,7,8,11,12,13,14,16,2,10,12,12,13,13,14,3,10,12,13,13,14,6,7,13,13,15,4,8,8,9,9,10,10,7,6,7,8,8,6,9,10,11
244,23,22,21,16,19,20,22,24,25,24,23,17,18,19,21,23,26,19,16,17,18,19,16,15,16,20,21,24,15,15,19,19,20,27,19,17,18,21,24,26,18,15,19,20,21,24,16,13,16,19,20,21,22,23,23,15,14,19,20,22,12,15,16,16,18,19,20,21,22,11,15,16,17,19,20,20,21,23,16,16,19,19,22,15,15,17,18,19,23,14,15,16,16,17,18,19,19,20,22,10,14,17,18,18,21,12,13,13,15,16,17,18,18,19,15,14,13,13,14,16,16,17,14,13,13,14,15,15,17,18,19,15,15,16,16,17,14,10,14,15,15,16,16,17,18,18,20,13,13,12,7,10,12,15,15,16,20,12,8,8,7,10,14,15,15,16,17,8,7,12,13,14,15,15,16,10,9,9,7,6,6,7,8,9,11,12,12,14,15,10,7,13,14,9,7,6,6,7,7,8,12,13,14,15,9,5,3,4,5,5,10,13,14,8,6,5,4,3,3,2,2,3,5,5,6,9,10,12,12,8,7,6,4,2,2,11,12,15,5,4,3,3,1,0,11,13,1,1,1,3,4,9,12,15,1,3,3,4,7,7,10,12,13,14,16,2,9,11,12,12,13,14,2,10,11,12,13,13,6,6,12,13,14,5,8,8,8,9,9,11,8,7,7,8,9,6,9,10,10
245,34,33,24,27,25,24,22,20,19,35,34,28,25,24,21,20,16,30,27,25,24,23,27,26,24,21,20,17,26,26,21,20,20,16,30,21,20,17,15,15,29,26,19,18,16,14,27,23,20,18,16,15,14,14,13,26,21,16,15,13,22,19,18,18,16,15,14,13,12,22,18,16,16,14,13,13,12,12,16,15,13,13,11,16,15,14,13,12,12,16,14,14,13,13,12,11,10,10,11,18,14,12,11,10,10,16,15,14,13,12,10,10,9,9,26,25,24,13,12,10,10,9,25,24,24,11,10,10,8,7,8,9,9,8,8,7,25,21,9,8,8,7,7,6,7,7,9,24,24,23,15,12,10,7,7,6,9,23,19,19,18,10,7,6,6,5,6,19,13,8,7,6,5,4,5,21,20,20,18,13,13,12,11,9,8,7,7,4,4,21,11,5,4,20,18,16,10,10,9,8,4,4,3,4,20,16,12,12,10,10,6,3,3,19,17,16,15,14,14,13,13,12,9,9,8,5,4,3,2,19,18,17,15,13,13,2,1,4,16,15,14,14,12,11,0,2,12,12,11,9,8,3,1,4,12,10,10,9,7,6,3,2,2,3,5,13,5,3,3,2,2,3,13,6,4,3,3,2,11,10,4,4,3,16,11,19,12,11,10,22,19,18,14,13,20,16,13,12,12
246,35,35,26,29,27,26,24,21,20,36,36,30,27,26,23,22,18,32,29,26,26,24,29,28,26,23,21,19,28,27,23,22,21,14,31,23,22,19,16,14,30,28,20,19,18,15,29,25,22,19,18,17,16,15,15,28,23,18,16,15,24,20,20,19,18,16,15,15,14,24,19,18,18,15,15,14,14,12,18,17,15,14,12,18,17,15,15,14,10,18,16,15,15,14,13,13,12,12,9,20,16,13,13,12,9,18,16,16,14,13,12,12,11,10,27,26,26,15,14,12,12,11,26,26,25,13,12,12,10,9,8,11,10,10,9,9,26,23,11,10,9,9,8,8,7,7,7,26,25,25,17,13,12,9,8,8,8,25,21,20,20,12,8,8,7,6,6,20,14,9,8,8,7,6,6,23,22,21,20,15,14,13,13,11,9,9,8,6,5,23,13,7,5,21,20,18,12,12,11,10,6,6,4,3,22,18,14,13,12,12,7,4,3,20,19,18,17,16,15,15,14,13,11,10,10,7,6,4,4,21,20,19,16,15,14,4,3,2,18,16,16,15,13,13,2,0,14,13,13,10,9,4,2,2,14,12,12,11,8,8,4,3,2,1,3,14,7,5,4,4,3,2,15,7,6,5,4,4,13,12,6,6,5,18,13,21,13,13,12,24,20,19,16,15,21,18,15,14,13
247,23,22,22,18,20,21,23,25,26,24,23,17,19,20,23,24,27,19,16,18,19,20,16,15,18,21,22,25,15,15,20,20,21,28,19,18,19,23,25,27,18,15,20,21,22,25,16,14,17,20,21,22,23,24,24,15,15,20,21,23,13,16,17,18,19,20,21,22,23,12,16,18,18,20,21,21,22,24,17,18,20,20,23,16,16,18,19,20,24,15,16,17,18,18,19,20,20,21,23,12,15,18,19,19,23,13,14,14,16,17,18,19,19,20,15,14,13,14,15,17,18,18,14,13,13,15,16,16,18,19,20,16,16,17,18,18,14,10,15,16,16,17,18,18,19,19,21,13,13,12,8,12,13,16,16,17,21,12,8,8,7,12,15,16,16,18,18,8,8,13,14,15,16,16,17,10,9,9,7,7,7,8,9,10,12,13,13,15,16,10,8,14,15,9,7,6,7,8,8,9,13,14,15,16,9,6,4,5,6,7,11,14,15,8,6,6,4,3,3,2,3,4,6,7,7,10,12,13,13,8,7,6,4,2,2,12,13,16,5,4,3,3,1,1,12,14,0,1,1,3,4,9,12,15,1,3,3,4,7,7,10,12,13,14,16,2,9,11,12,12,13,14,2,10,11,12,13,13,6,6,12,13,14,4,8,7,8,9,9,10,7,6,7,8,8,5,9,10,10
248,23,23,21,17,19,20,23,25,26,24,24,18,18,19,22,23,27,20,17,18,18,20,17,16,17,20,21,24,16,15,19,20,20,27,19,18,19,22,24,26,18,16,19,20,21,24,17,14,16,19,20,21,23,23,24,16,15,20,21,23,13,16,16,17,18,20,21,21,23,12,16,17,18,20,20,21,21,24,16,17,19,20,23,15,16,18,18,19,23,14,16,16,17,18,19,19,20,20,23,11,15,18,18,19,22,12,13,14,15,16,18,18,19,19,15,14,14,14,15,16,17,18,14,14,13,15,15,16,18,19,19,15,16,16,17,18,14,11,14,15,16,16,17,18,18,19,20,14,13,13,7,11,12,15,16,16,21,13,9,8,8,11,15,15,16,17,18,8,8,13,14,14,15,16,16,11,10,9,8,6,7,8,8,10,12,12,13,15,15,11,7,13,14,9,8,6,7,7,8,9,13,13,14,15,10,6,4,4,6,6,10,13,15,8,7,6,5,4,3,3,2,3,5,6,7,10,11,12,13,9,8,7,4,3,2,12,13,15,6,4,4,3,1,1,12,13,1,0,1,3,4,9,11,14,1,2,3,3,6,7,10,11,12,13,15,1,9,10,11,12,12,13,2,9,10,12,12,13,5,5,12,12,14,4,7,8,8,8,9,10,7,6,6,7,8,5,8,9,10
249,24,23,21,18,19,20,22,24,25,25,24,18,18,19,21,23,26,20,18,17,18,19,18,16,16,20,21,24,16,16,19,19,20,27,20,17,18,21,24,26,19,16,19,20,21,24,18,13,16,19,20,21,22,23,23,16,14,19,20,22,12,15,16,16,18,19,20,21,22,12,15,16,17,19,20,20,21,23,16,16,19,19,22,15,15,17,18,19,23,14,15,16,16,17,18,19,19,20,22,10,14,17,18,18,21,12,13,13,15,16,17,18,18,19,16,15,14,13,14,16,16,17,15,14,14,14,15,15,17,18,19,15,15,16,16,17,15,12,14,15,15,16,16,17,18,18,20,14,14,13,7,10,12,15,15,16,20,13,9,9,8,10,14,15,15,16,17,9,7,12,13,14,15,15,16,12,10,10,8,6,6,7,8,9,11,12,12,14,15,12,7,13,14,10,8,7,6,7,7,8,12,13,14,15,10,7,3,4,5,6,10,13,14,9,7,7,5,4,4,3,3,3,5,6,6,9,10,12,12,9,8,7,5,3,3,11,12,15,6,5,4,4,2,1,11,13,1,1,0,2,3,8,10,14,1,2,2,3,5,6,9,10,12,13,15,2,8,10,10,11,12,13,2,9,10,11,12,12,4,5,11,12,13,5,7,8,7,8,8,11,8,7,6,7,9,5,8,9,9
250,26,25,19,20,18,18,20,22,23,27,26,20,18,16,19,20,24,23,20,17,16,17,20,19,16,18,19,21,19,18,16,17,18,25,22,15,16,19,21,24,21,19,16,18,19,21,20,15,14,16,18,19,20,20,21,19,13,17,18,20,14,13,14,14,15,17,18,19,20,14,13,14,15,17,18,18,19,21,14,14,16,17,20,13,13,15,15,16,20,12,13,14,14,15,16,16,17,18,20,10,12,15,15,16,19,9,10,11,13,14,15,15,16,16,18,17,16,11,12,14,14,15,17,16,16,12,13,13,15,16,16,13,13,14,14,15,17,14,12,13,13,14,14,15,15,16,18,16,16,15,8,8,9,13,13,14,18,15,12,11,10,8,12,13,13,14,15,11,5,10,11,12,13,13,14,14,13,12,10,6,5,5,6,7,9,9,10,12,13,14,4,10,12,12,10,9,4,4,5,6,10,10,12,13,13,9,4,4,3,3,8,10,12,11,9,9,8,7,6,6,5,4,3,3,4,7,8,9,10,12,10,9,7,6,5,9,10,13,8,7,7,6,4,3,9,10,3,3,2,0,1,6,8,12,3,2,1,1,3,4,7,8,9,10,13,4,6,8,8,9,9,10,4,7,8,9,9,10,2,3,9,9,11,7,4,10,5,5,6,13,10,9,5,4,11,8,5,7,7
251,27,26,18,21,19,18,19,21,22,28,27,21,19,18,18,19,23,24,21,18,18,16,21,20,18,16,18,20,20,19,15,16,16,24,23,15,15,18,20,23,22,20,15,16,18,20,21,16,14,15,16,18,19,19,20,20,14,16,17,19,15,12,13,13,14,16,17,18,19,15,12,13,14,16,16,17,18,20,13,13,15,16,19,12,12,14,14,15,19,10,12,13,13,14,15,15,16,16,19,12,11,14,14,15,18,9,9,10,12,13,14,14,15,15,19,18,18,10,11,13,13,14,18,18,17,11,12,12,14,15,15,12,12,13,13,14,18,15,10,12,12,13,13,14,14,15,16,18,17,16,9,7,8,12,12,13,17,16,13,12,12,7,11,12,12,13,14,12,6,9,10,10,12,12,13,15,14,13,12,7,6,5,4,6,8,8,9,11,12,15,4,9,10,13,12,10,4,3,4,5,9,9,10,12,14,10,6,5,4,3,7,9,11,12,10,10,9,8,7,7,6,5,3,2,3,6,7,8,9,13,12,10,8,7,6,8,9,12,9,8,8,7,5,4,8,9,4,4,3,1,0,5,7,10,4,3,2,2,2,3,6,7,8,9,12,5,5,7,7,8,8,9,6,6,7,8,8,9,3,3,8,8,10,8,3,12,4,4,5,14,11,10,7,5,12,9,6,5,6
252,32,31,23,26,24,23,20,18,17,33,32,26,24,23,20,19,18,29,26,23,23,21,26,25,23,19,18,15,25,24,19,19,18,19,28,20,19,15,15,18,27,25,17,16,15,15,26,21,19,16,15,14,14,14,15,25,19,14,13,14,20,17,16,16,15,13,12,13,14,20,16,15,14,12,12,12,13,15,14,14,12,11,14,14,14,12,12,10,14,14,13,12,12,11,10,10,11,12,14,16,13,10,9,10,13,14,13,13,11,10,9,9,10,10,24,23,23,12,10,9,8,9,23,23,22,9,9,8,9,10,10,8,7,8,8,9,23,20,8,7,7,8,8,9,9,10,12,23,22,21,14,10,9,7,7,8,12,21,18,17,16,9,6,7,7,8,9,17,11,6,5,6,7,7,8,20,19,18,16,12,11,10,9,8,6,5,5,6,7,20,9,4,6,18,16,15,9,8,8,7,4,4,6,7,19,15,10,10,9,8,4,4,6,17,15,15,14,13,12,12,11,10,8,7,7,3,2,3,4,18,16,15,13,12,11,3,4,7,14,13,13,12,10,9,3,4,9,9,8,6,5,0,2,6,9,8,7,7,4,3,1,2,3,4,7,10,2,2,2,3,3,4,10,3,2,3,3,4,8,8,3,3,5,13,8,16,9,8,8,19,16,15,12,10,17,14,10,9,9
253,34,34,25,28,26,25,23,20,19,35,35,29,26,25,22,21,17,31,28,25,25,23,28,27,25,21,20,18,27,26,21,21,20,16,30,22,21,18,15,15,29,27,19,18,17,14,28,24,21,18,17,16,15,14,14,27,21,16,15,14,23,19,19,18,17,15,14,14,13,23,18,17,16,14,14,13,13,13,16,16,14,13,12,16,16,14,14,13,12,16,15,14,14,13,12,12,11,10,12,19,15,12,12,11,11,16,15,15,13,12,11,10,10,9,26,25,25,14,13,11,10,10,25,25,24,12,11,10,9,8,8,10,9,9,8,8,25,22,10,9,8,8,7,7,7,8,9,25,24,24,16,12,11,8,7,7,10,24,20,19,19,11,7,7,6,6,7,19,13,8,7,7,6,5,5,22,21,20,19,14,13,12,12,10,8,8,7,5,4,22,12,6,4,20,19,17,11,10,10,9,5,4,3,4,21,17,13,12,11,10,6,3,4,19,18,17,16,15,14,14,13,12,10,9,9,6,4,3,3,20,19,18,15,14,13,3,2,4,16,15,15,14,12,12,1,2,12,11,10,8,7,2,0,3,12,10,9,9,6,6,2,1,1,2,4,12,4,3,2,2,1,2,13,5,4,3,2,2,10,10,4,3,3,15,10,19,11,10,10,21,18,17,14,13,19,16,13,12,11
254,37,37,28,31,29,28,26,24,23,38,38,32,29,28,25,24,20,34,31,29,28,26,31,30,28,25,24,21,30,30,25,24,24,16,34,25,24,21,19,16,32,30,23,21,20,18,31,27,24,21,20,19,18,18,17,30,25,20,19,17,26,23,22,21,20,19,18,17,16,26,21,20,20,18,17,16,16,14,20,19,17,16,14,20,19,18,17,16,12,20,18,18,17,16,15,15,14,14,12,22,18,15,15,14,11,20,19,18,16,15,14,14,13,13,30,29,28,17,16,14,14,13,29,28,27,15,14,14,12,11,10,13,13,12,12,11,29,25,13,12,12,11,10,10,9,9,7,28,27,27,19,15,14,11,10,10,7,27,23,23,22,14,10,10,9,8,8,23,16,12,10,10,9,8,8,25,24,24,22,17,16,15,15,13,12,11,10,8,8,25,15,9,8,24,22,20,14,14,13,12,8,8,7,6,24,20,16,15,14,14,9,7,5,23,21,20,19,18,18,17,16,15,13,13,12,9,8,7,6,23,22,21,19,17,16,6,5,2,20,19,18,18,15,15,4,2,15,14,14,12,10,6,3,0,15,13,13,12,9,9,5,4,3,2,1,15,8,6,5,5,4,3,16,8,7,6,5,5,14,13,7,7,6,19,14,22,14,14,13,25,21,20,17,16,23,19,16,15,14
255,24,23,22,18,20,21,23,25,26,25,24,18,19,20,23,24,27,20,18,18,19,20,18,16,18,21,22,25,16,16,20,20,21,28,20,18,19,23,25,27,19,16,20,21,22,25,18,14,17,20,21,22,23,24,24,16,15,20,21,23,13,16,17,18,19,20,21,22,23,12,16,18,18,20,21,21,22,24,17,18,20,20,23,16,16,18,19,20,24,15,16,17,18,18,19,20,20,21,23,12,15,18,19,19,23,13,14,14,16,17,18,19,19,20,16,15,14,14,15,17,18,18,15,14,14,15,16,16,18,19,20,16,16,17,18,18,15,12,15,16,16,17,18,18,19,19,21,14,14,13,8,12,13,16,16,17,21,13,9,9,8,12,15,16,16,18,18,9,8,13,14,15,16,16,17,12,10,10,8,7,7,8,9,10,12,13,13,15,16,12,8,14,15,10,8,7,7,8,8,9,13,14,15,16,10,7,4,5,6,7,11,14,15,9,7,7,6,4,4,3,3,4,6,7,7,10,12,13,13,9,8,7,5,3,3,12,13,16,6,5,4,4,2,1,12,14,1,1,1,3,4,9,12,15,0,2,2,3,5,6,9,10,12,13,15,1,8,10,10,11,12,13,1,9,10,11,12,12,4,5,11,12,13,4,7,7,7,8,8,10,7,6,6,7,8,4,8,9,9
256,25,25,20,19,18,19,21,24,25,26,26,20,17,18,21,22,26,22,19,16,17,19,19,18,16,19,20,23,18,18,18,19,19,26,21,16,18,21,23,25,20,18,18,19,20,23,19,15,15,18,19,20,21,22,23,18,14,19,20,21,14,15,15,16,17,19,20,20,21,14,15,16,16,19,19,20,20,23,15,16,18,19,21,14,15,16,17,18,22,13,15,15,16,16,18,18,19,19,21,10,14,16,17,18,21,11,12,13,14,15,16,17,18,18,18,16,16,13,14,15,16,16,16,16,15,14,14,15,16,18,18,14,15,15,16,16,16,13,13,14,15,15,16,16,17,18,19,16,15,15,7,10,11,14,15,15,20,15,11,10,10,10,14,14,15,16,16,10,7,12,13,13,14,15,15,13,12,12,10,5,5,7,7,9,10,11,12,14,14,13,6,12,13,12,10,8,5,6,7,8,12,12,13,14,12,8,4,3,4,5,9,12,14,10,9,8,7,6,6,5,4,3,4,5,5,9,10,11,12,11,10,9,7,5,4,10,12,14,8,7,6,6,3,3,10,12,3,2,2,2,3,8,10,13,2,0,1,1,4,4,8,9,10,11,13,2,7,8,9,9,10,11,3,7,8,9,10,10,3,3,9,10,12,6,5,9,5,6,7,12,8,7,4,5,9,6,6,7,8
257,26,25,20,20,18,19,21,23,24,27,26,20,18,18,20,21,25,23,20,17,16,18,20,19,16,19,20,23,19,18,18,18,19,26,22,16,17,20,23,25,21,19,18,19,20,23,20,15,15,18,19,20,21,21,22,19,13,18,19,21,14,14,15,15,16,18,19,20,21,14,14,15,16,18,19,19,20,22,15,15,18,18,21,14,14,16,16,18,21,13,14,15,15,16,17,18,18,19,21,10,13,16,16,17,20,10,12,12,14,15,16,16,17,18,18,17,16,12,13,15,15,16,17,16,16,13,14,14,16,17,18,14,14,15,15,16,17,14,13,14,14,15,15,16,16,17,19,16,16,15,8,9,10,14,14,15,19,15,12,11,10,9,13,14,14,15,16,11,6,11,12,13,14,14,15,14,13,12,10,5,5,6,7,8,10,10,11,13,14,14,5,12,13,12,10,9,5,6,6,7,11,12,13,14,13,9,4,4,4,4,9,12,13,11,9,9,8,7,6,5,5,4,4,4,5,8,9,10,11,12,10,9,7,6,5,10,11,14,8,7,7,6,4,3,10,12,3,3,2,1,2,7,9,13,2,1,0,1,3,4,7,8,9,10,13,3,6,8,8,9,9,10,3,7,8,9,9,10,2,3,9,9,11,6,4,9,5,5,6,12,9,8,4,4,10,7,5,7,7
258,26,26,19,20,18,18,20,23,24,27,27,21,18,17,20,21,25,23,20,18,17,18,20,19,17,18,19,22,19,19,17,18,18,25,23,15,16,20,22,24,21,19,17,18,19,22,20,16,14,17,18,19,20,21,21,19,14,18,19,20,15,14,14,15,16,18,19,19,20,15,14,15,15,18,18,19,19,21,14,15,17,18,20,13,14,15,16,17,21,12,14,14,15,15,16,17,18,18,20,11,13,15,16,16,20,10,11,12,13,14,15,16,16,17,19,18,17,12,13,14,15,15,18,17,16,13,13,14,15,16,17,13,14,14,15,15,18,14,12,13,14,14,15,15,16,16,18,17,16,16,8,9,10,13,14,14,19,16,12,12,11,9,13,13,14,15,15,12,5,10,12,12,13,14,14,14,13,13,11,6,6,5,6,8,9,10,10,13,13,14,5,11,12,13,11,9,4,5,5,7,10,11,12,13,13,9,5,4,3,4,8,11,13,12,10,9,8,7,7,6,6,4,3,4,4,8,9,10,10,12,11,10,8,6,6,9,10,13,9,8,7,7,4,4,9,11,4,3,3,1,2,7,9,12,3,1,1,0,3,3,7,8,9,10,12,3,6,7,8,8,9,10,4,6,7,8,9,9,2,2,8,9,10,7,4,10,4,5,5,13,9,8,5,4,10,7,5,6,7
259,29,29,20,23,21,20,18,20,21,30,30,24,21,20,17,18,22,26,23,20,20,18,23,22,20,16,16,19,22,21,16,16,15,23,25,17,16,17,19,21,24,22,14,15,16,19,23,19,16,14,15,16,18,18,19,22,16,15,16,18,18,14,14,13,13,15,16,16,18,18,13,12,13,15,15,16,16,19,12,12,14,15,18,12,11,13,13,14,18,12,11,12,12,13,14,14,15,15,18,14,10,13,13,14,17,12,10,10,10,12,13,13,14,14,21,20,20,9,10,12,12,13,20,20,19,10,10,11,13,14,14,10,11,12,12,13,20,17,9,10,11,12,12,13,13,14,15,20,19,19,11,7,7,10,11,12,16,19,15,14,14,6,10,10,11,12,13,14,8,8,9,9,10,11,12,17,16,15,14,9,8,7,7,5,7,7,8,10,10,17,7,8,9,15,14,12,6,5,5,4,8,8,9,10,16,12,8,7,6,5,6,8,10,14,13,12,11,10,9,9,8,7,5,4,4,5,6,7,8,15,14,13,10,9,8,7,8,10,12,10,10,9,7,7,7,8,7,6,5,3,2,4,6,9,5,4,3,3,0,1,4,5,6,7,9,6,3,4,5,6,6,7,7,3,4,6,6,7,4,4,6,6,8,9,4,13,5,4,4,15,12,11,8,7,13,10,7,5,5
260,30,29,20,24,21,20,18,19,20,31,30,24,21,20,18,18,21,26,24,21,20,19,24,23,20,17,16,19,23,22,17,16,16,22,26,18,16,16,19,21,25,23,15,15,16,19,24,19,16,14,15,16,17,18,18,23,17,14,15,17,18,15,14,14,13,14,15,16,17,18,14,13,12,14,15,15,16,18,12,12,14,14,17,12,12,12,13,14,18,12,10,11,12,12,13,14,14,15,17,14,10,12,13,13,16,12,11,10,10,11,12,13,13,14,22,21,20,9,9,11,12,12,21,20,20,9,10,10,12,13,14,10,10,11,12,12,21,18,9,10,10,11,12,12,13,13,15,20,20,19,12,8,7,10,10,11,15,19,15,15,14,7,9,10,10,12,12,15,9,7,8,9,10,10,11,18,16,16,14,9,9,8,7,6,6,7,7,9,10,18,7,8,9,16,14,13,7,6,6,4,7,8,9,10,16,13,8,8,7,6,5,8,9,15,13,13,12,10,10,9,9,8,6,5,4,4,5,7,7,15,14,13,11,9,9,6,7,10,12,11,10,10,8,7,6,8,7,7,6,4,3,3,6,9,6,4,4,3,1,0,3,4,5,7,9,7,2,4,4,5,6,7,7,3,4,5,6,6,5,4,5,6,7,10,5,13,5,5,4,16,13,12,8,7,14,10,7,6,5
261,33,32,24,27,25,24,21,19,18,34,34,27,25,24,21,20,18,30,27,24,24,22,27,26,24,20,19,16,26,25,20,20,19,19,29,21,20,16,15,18,28,26,18,17,16,15,27,23,20,17,16,15,14,14,15,26,20,15,14,14,21,18,18,17,16,14,13,13,14,21,17,16,15,13,13,12,13,15,15,15,13,12,14,15,15,13,13,12,14,15,14,13,13,12,11,10,11,12,14,18,14,11,10,10,13,15,14,14,12,11,10,9,10,10,25,24,24,13,12,10,9,9,24,24,23,10,10,9,9,10,10,9,8,8,8,9,24,21,9,8,7,8,8,9,9,10,12,24,23,23,15,11,10,7,7,8,12,23,19,18,18,10,6,7,7,8,9,18,12,7,6,5,7,7,8,21,20,19,18,13,12,11,10,9,7,7,6,6,7,21,10,4,6,19,18,16,10,9,9,8,4,4,6,7,20,16,12,11,10,9,5,4,6,18,16,16,15,14,13,13,12,11,9,8,8,4,3,3,4,19,18,16,14,13,12,3,4,7,15,14,14,13,11,10,3,4,10,10,9,7,6,1,2,5,9,8,7,7,4,3,0,1,2,3,6,10,2,1,1,2,2,3,10,3,2,2,2,3,8,8,2,2,4,13,8,16,9,8,8,19,16,15,12,10,17,14,10,9,9
262,34,34,25,28,26,25,23,20,19,35,35,29,26,25,22,21,17,31,28,25,25,23,28,27,25,21,20,18,27,26,21,21,20,18,30,22,21,18,15,16,29,27,19,18,17,14,28,24,21,18,17,16,15,14,14,27,21,16,15,14,23,19,19,18,17,15,14,14,13,23,18,17,16,14,14,13,13,14,16,16,14,13,13,16,16,14,14,13,13,16,15,14,14,13,12,12,11,10,13,19,15,12,12,11,12,16,15,15,13,12,11,10,10,9,26,25,25,14,13,11,10,10,25,25,24,12,11,10,9,9,9,10,9,9,8,8,25,22,10,9,8,8,7,8,8,9,10,25,24,24,16,12,11,8,7,7,11,24,20,19,19,11,7,7,6,7,8,19,13,8,7,7,5,6,7,22,21,20,19,14,13,12,12,10,8,8,7,5,6,22,12,6,4,20,19,17,11,10,10,9,5,4,4,5,21,17,13,12,11,10,6,3,5,19,18,17,16,15,14,14,13,12,10,9,9,6,4,3,3,20,19,18,15,14,13,3,3,5,16,15,15,14,12,12,2,3,12,11,10,8,7,2,1,4,10,9,8,8,5,4,1,0,1,2,4,11,3,2,1,1,1,2,12,4,3,2,1,2,9,9,3,2,3,14,9,18,10,9,9,20,17,16,13,12,18,15,12,10,10
263,35,35,26,29,27,26,24,21,20,36,36,30,27,26,23,22,18,32,29,26,26,24,29,28,26,23,21,19,28,27,23,22,21,16,31,23,22,19,16,15,30,28,20,19,18,15,29,25,22,19,18,17,16,15,15,28,23,18,16,15,24,20,20,19,18,16,15,15,14,24,19,18,18,15,15,14,14,13,18,17,15,14,12,18,17,15,15,14,12,18,16,15,15,14,13,13,12,12,12,20,16,13,13,12,11,18,16,16,14,13,12,12,11,10,27,26,26,15,14,12,12,11,26,26,25,13,12,12,10,9,8,11,10,10,9,9,26,23,11,10,9,9,8,8,7,8,9,26,25,25,17,13,12,9,8,8,10,25,21,20,20,12,8,8,7,6,7,20,14,9,8,8,7,6,5,23,22,21,20,15,14,13,13,11,9,9,8,6,5,23,13,7,5,21,20,18,12,12,11,10,6,5,4,4,22,18,14,13,12,12,7,4,4,20,19,18,17,16,15,15,14,13,11,10,10,7,6,4,4,21,20,19,16,15,14,4,3,4,18,16,16,15,13,13,2,2,13,12,12,9,8,3,1,3,12,10,9,9,6,5,2,1,0,1,3,12,4,3,2,2,1,1,13,5,4,3,2,2,10,10,4,3,3,15,10,19,11,10,10,21,18,17,14,13,19,16,13,12,11
264,36,36,27,30,28,27,25,23,21,37,37,31,28,27,24,23,19,33,30,27,27,25,30,29,27,24,23,20,29,29,24,23,23,15,32,24,23,20,18,15,31,29,21,20,19,16,30,26,23,20,19,18,17,16,16,29,24,19,18,16,25,21,21,20,19,18,16,16,15,25,20,19,19,16,16,15,15,13,19,18,16,15,13,19,18,16,16,15,11,19,17,16,16,15,14,14,13,13,10,21,17,14,14,13,10,19,18,17,15,14,13,13,12,12,29,28,27,16,15,13,13,12,27,27,26,14,13,13,11,10,9,12,12,11,10,10,27,24,12,11,10,10,9,9,8,8,8,27,26,26,18,14,13,10,9,9,9,26,22,21,21,13,9,9,8,7,7,21,15,10,9,9,8,7,7,24,23,23,21,16,15,14,14,12,10,10,9,7,7,24,14,8,7,23,21,19,13,13,12,11,7,7,5,4,23,19,15,14,13,13,8,5,4,21,20,19,18,17,16,16,15,14,12,12,11,8,7,6,5,22,21,20,18,16,15,5,4,3,19,18,17,16,14,14,3,1,14,13,13,10,9,4,2,2,13,11,10,10,7,7,3,2,1,0,2,13,6,4,3,3,2,1,14,6,5,4,3,3,12,11,5,4,4,16,12,20,12,12,11,23,19,18,15,14,20,17,14,13,12
265,38,38,29,32,30,29,27,25,24,40,39,33,30,29,26,25,21,35,32,30,29,27,32,31,29,26,25,22,31,31,26,25,25,18,35,26,25,22,20,18,34,31,24,23,21,19,32,28,25,23,21,20,19,19,18,31,26,21,20,18,27,24,23,23,21,20,19,18,17,27,23,21,21,19,18,18,17,15,21,20,18,18,15,21,20,19,18,17,13,21,19,19,18,18,16,16,15,15,13,23,19,16,16,15,12,21,20,19,18,16,15,15,14,14,31,30,29,18,17,15,15,14,30,29,29,16,15,15,13,12,12,14,14,13,13,12,30,26,14,13,13,12,12,11,10,10,8,29,29,28,20,16,15,12,12,11,7,28,24,24,23,15,12,11,10,9,9,24,18,13,12,11,10,9,9,26,25,25,23,18,18,16,16,14,13,12,12,9,9,26,16,10,9,25,23,21,15,15,14,13,9,9,8,7,25,21,17,16,15,15,10,8,6,24,22,21,20,19,19,18,18,16,14,14,13,10,9,8,7,24,23,22,20,18,18,7,6,3,21,20,19,19,16,16,5,3,16,15,15,13,12,7,4,1,15,13,13,12,9,9,6,4,3,2,0,15,8,6,6,5,4,3,16,8,7,6,5,5,14,13,7,7,6,19,14,22,14,14,13,25,21,20,17,16,23,19,16,15,14
266,24,24,23,18,20,21,24,26,27,25,25,19,19,20,23,24,28,21,18,19,19,21,18,17,18,21,23,25,17,16,20,21,21,29,20,19,20,23,25,27,19,17,20,21,23,25,18,15,18,20,21,23,24,24,25,17,16,21,22,24,14,17,18,18,19,21,22,23,24,13,17,18,19,21,21,22,23,25,18,18,20,21,24,16,17,19,19,20,24,15,17,18,18,19,20,20,21,21,24,12,16,19,19,20,23,13,14,15,16,18,19,19,20,20,16,15,15,15,16,18,18,19,15,15,14,16,16,17,19,20,20,16,17,18,18,19,15,12,15,16,17,18,18,19,19,20,21,15,14,14,8,12,13,16,17,18,22,14,10,9,9,12,16,16,17,18,19,9,9,14,15,15,16,17,18,12,11,10,9,7,8,9,9,11,13,13,14,16,16,12,8,14,15,10,9,7,8,8,9,10,14,14,15,16,11,7,5,6,7,7,12,14,16,9,8,7,6,5,4,4,3,4,7,7,8,11,12,13,14,10,9,8,6,4,3,13,14,16,7,6,5,4,2,2,13,14,2,1,2,4,5,10,12,15,1,2,3,3,6,7,10,11,12,13,15,0,8,9,10,10,11,12,1,8,9,10,11,12,4,4,10,11,13,3,6,7,7,7,8,9,6,5,5,6,7,4,7,8,9
267,32,31,23,26,24,23,20,18,19,33,32,26,24,23,20,19,20,29,26,23,23,21,26,25,23,19,18,18,25,24,19,19,18,21,28,20,19,15,18,20,27,25,17,16,15,18,26,21,19,16,15,15,16,16,17,25,19,14,14,16,20,17,16,16,15,13,14,15,16,20,16,15,14,13,14,14,15,17,14,14,13,13,16,14,14,12,12,13,16,14,13,12,12,11,12,13,13,14,16,16,13,11,12,12,15,14,13,13,11,10,11,12,12,13,24,23,23,12,10,10,10,11,23,23,22,9,9,9,11,12,13,9,9,10,10,11,23,20,8,9,9,10,10,11,12,12,14,23,22,21,14,10,9,9,9,10,14,21,18,17,16,9,8,9,9,10,11,17,11,6,7,8,9,9,10,20,19,18,16,12,11,10,9,8,6,6,6,8,9,20,9,7,8,18,16,15,9,8,8,7,6,7,8,9,19,15,10,10,9,8,4,7,8,17,15,15,14,13,12,12,11,10,8,7,7,3,4,6,6,18,16,15,13,12,11,5,6,9,14,13,13,12,10,9,5,7,9,9,8,6,5,2,4,8,8,7,6,6,3,2,2,3,4,6,8,8,0,2,2,3,3,4,8,1,2,3,3,4,6,6,3,3,5,11,6,14,7,6,5,17,14,13,9,8,15,12,8,7,7
268,34,33,24,27,25,24,22,20,19,35,34,28,25,24,21,20,19,30,27,25,24,23,27,26,24,21,20,17,26,26,21,20,20,19,30,21,20,17,16,18,29,26,19,18,16,16,27,23,20,18,16,15,14,15,15,26,21,16,15,14,22,19,18,18,16,15,14,13,14,22,18,16,16,14,13,13,13,15,16,15,13,13,14,16,15,14,13,12,15,16,14,14,13,13,12,11,12,12,14,18,14,12,11,10,14,16,15,14,13,12,10,10,10,11,26,25,24,13,12,10,10,9,25,24,24,11,10,10,9,10,11,9,9,8,9,9,25,21,9,8,8,8,9,9,10,10,12,24,24,23,15,12,10,7,8,8,13,23,19,19,18,10,7,7,8,9,9,19,13,8,7,6,7,8,8,21,20,20,18,13,13,12,11,9,8,7,7,7,7,21,11,5,6,20,18,16,10,10,9,8,4,5,6,7,20,16,12,12,10,10,5,5,7,19,17,16,15,14,14,13,13,12,9,9,8,5,4,4,4,19,18,17,15,13,13,3,4,7,16,15,14,14,12,11,3,5,11,10,10,8,7,2,3,6,10,8,8,7,4,4,1,2,3,4,6,9,2,0,1,1,2,3,10,2,1,1,2,2,8,7,1,2,3,13,8,16,8,8,7,19,15,14,11,10,16,13,10,9,8
269,34,34,25,28,26,25,23,20,19,35,35,29,26,25,22,21,18,31,28,25,25,23,28,27,25,21,20,18,27,26,21,21,20,19,30,22,21,18,15,18,29,27,19,18,17,15,28,24,21,18,17,16,15,14,15,27,21,16,15,14,23,19,19,18,17,15,14,14,14,23,18,17,16,14,14,13,13,15,16,16,14,13,14,16,16,14,14,13,14,16,15,14,14,13,12,12,11,12,14,19,15,12,12,11,13,16,15,15,13,12,11,10,10,10,26,25,25,14,13,11,10,10,25,25,24,12,11,10,9,10,10,10,9,9,8,9,25,22,10,9,8,8,8,9,9,10,12,25,24,24,16,12,11,8,7,8,12,24,20,19,19,11,7,7,7,8,9,19,13,8,7,7,7,7,8,22,21,20,19,14,13,12,12,10,8,8,7,6,7,22,12,6,6,20,19,17,11,10,10,9,5,4,6,7,21,17,13,12,11,10,6,4,6,19,18,17,16,15,14,14,13,12,10,9,9,6,4,3,4,20,19,18,15,14,13,3,4,7,16,15,15,14,12,12,3,4,12,11,10,8,7,2,2,5,10,9,8,8,5,4,1,1,2,3,6,10,2,1,0,1,1,2,10,3,2,1,1,2,8,8,2,1,3,13,8,16,9,8,8,19,16,15,12,10,17,14,10,9,9
270,35,34,25,29,26,25,23,21,20,36,35,29,26,25,23,21,18,31,29,26,25,24,29,27,25,22,21,18,28,27,22,21,21,18,31,23,21,18,16,17,30,27,20,19,18,15,29,24,21,19,18,16,15,15,14,28,22,17,16,14,23,20,19,19,18,16,15,14,13,23,19,18,17,15,14,14,13,14,17,16,14,14,13,17,16,15,14,13,14,17,15,15,14,14,13,12,12,11,13,19,15,13,12,12,13,17,16,15,14,13,12,11,10,10,27,26,25,14,13,12,11,10,26,25,25,12,12,11,9,9,10,10,10,9,9,8,26,23,10,9,9,8,8,8,9,9,11,25,25,24,16,13,12,8,8,7,12,24,20,20,19,12,8,7,7,8,8,20,14,9,8,7,6,7,7,23,21,21,19,14,14,13,12,10,9,8,8,6,6,23,12,6,5,21,19,18,12,11,10,9,6,5,5,6,21,18,13,13,12,11,7,4,5,20,18,18,16,15,15,14,14,13,10,10,9,6,5,4,3,20,19,18,16,14,14,3,3,6,17,16,15,15,13,12,2,4,12,12,11,9,8,3,2,5,11,9,9,8,6,5,2,1,2,3,5,10,3,1,1,0,1,2,11,3,2,1,1,1,9,8,2,2,2,14,9,17,9,9,8,20,16,15,12,11,18,14,11,10,9
271,35,35,26,29,27,26,24,21,20,36,36,30,27,26,23,22,18,32,29,26,26,24,29,28,26,23,21,19,28,28,23,22,21,18,31,23,22,19,16,16,30,28,20,19,18,15,29,25,22,19,18,17,16,15,15,28,23,18,16,15,24,20,20,19,18,16,15,15,14,24,19,18,18,15,15,14,14,14,18,17,15,14,13,18,17,15,15,14,13,18,16,15,15,14,13,13,12,12,13,20,16,13,13,12,12,18,16,16,14,13,12,12,11,10,28,26,26,15,14,12,12,11,26,26,25,13,12,12,10,9,9,11,10,10,9,9,26,23,11,10,9,9,8,8,8,9,10,26,25,25,17,13,12,9,8,8,11,25,21,20,20,12,8,8,7,7,8,20,14,9,8,8,7,6,7,23,22,21,20,15,14,13,13,11,9,9,8,6,6,23,13,7,6,21,20,18,12,12,11,10,6,6,4,5,22,18,14,13,12,12,7,4,5,20,19,18,17,16,15,15,14,13,11,10,10,7,6,4,4,21,20,19,16,15,14,4,3,5,18,16,16,15,13,13,2,3,13,12,12,9,8,3,1,4,12,10,9,9,6,6,2,1,1,2,4,11,3,2,1,1,0,1,12,4,3,2,1,1,9,9,3,2,2,14,9,18,10,9,9,20,17,16,13,12,18,15,12,10,10
272,36,36,27,30,28,27,25,23,21,37,37,31,28,27,24,23,19,33,30,27,27,25,30,29,27,24,23,20,29,29,24,23,23,16,32,24,23,20,18,15,31,29,21,20,19,16,30,26,23,20,19,18,17,16,16,29,24,19,18,16,25,21,21,20,19,18,16,16,15,25,20,19,19,16,16,15,15,13,19,18,16,15,13,19,18,16,16,15,12,19,17,16,16,15,14,14,13,13,12,21,17,14,14,13,11,19,18,17,15,14,13,13,12,12,29,28,27,16,15,13,13,12,27,27,26,14,13,13,11,10,9,12,12,11,10,10,27,24,12,11,10,10,9,9,8,8,9,27,26,26,18,14,13,10,9,9,10,26,22,21,21,13,9,9,8,7,7,21,15,10,9,9,8,7,7,24,23,23,21,16,15,14,14,12,10,10,9,7,7,24,14,8,7,23,21,19,13,13,12,11,7,7,5,4,23,19,15,14,13,13,8,5,4,21,20,19,18,17,16,16,15,14,12,12,11,8,7,6,5,22,21,20,18,16,15,5,4,4,19,18,17,16,14,14,3,2,14,13,13,10,9,4,2,3,13,11,10,10,7,7,3,2,1,1,3,12,4,3,2,2,1,0,13,5,4,3,2,2,10,10,4,3,3,15,10,19,11,10,10,21,18,17,14,13,19,16,13,12,11
273,25,24,23,19,21,22,24,26,27,26,25,19,20,21,24,25,29,21,19,19,20,21,19,18,19,22,23,26,18,17,21,21,22,29,21,19,20,24,26,28,20,18,21,22,23,26,19,15,18,21,22,23,24,25,25,18,16,21,23,24,14,18,18,19,20,21,23,23,24,13,18,19,19,21,22,23,23,25,18,19,21,21,24,17,18,19,20,21,25,16,18,18,19,19,20,21,21,22,24,13,16,19,20,20,24,14,15,15,17,18,19,20,20,21,17,16,15,15,16,18,19,19,16,15,15,16,17,18,19,20,21,17,18,18,19,19,16,13,16,17,18,18,19,19,20,20,22,15,15,14,9,13,14,17,18,18,23,14,10,10,9,13,16,17,18,19,19,10,9,14,15,16,17,18,18,13,12,11,9,8,8,9,10,12,13,14,14,16,17,13,9,15,16,11,9,8,8,9,9,10,14,15,16,17,12,8,6,6,7,8,12,15,16,10,8,8,7,6,5,4,4,5,7,8,8,12,13,14,14,10,9,8,6,4,4,13,14,17,7,6,6,5,3,2,13,15,2,2,2,4,6,10,13,16,1,3,3,4,7,7,10,12,13,14,16,1,8,10,10,11,12,13,0,8,9,10,10,11,3,4,10,10,12,3,5,6,6,7,7,9,5,4,4,5,7,3,7,8,8
274,32,32,23,26,24,23,21,19,20,34,33,27,24,23,20,19,21,29,26,24,23,21,26,25,23,20,19,18,25,25,20,19,19,21,29,20,19,16,18,20,27,25,18,16,15,18,26,22,19,16,15,15,16,17,18,25,20,15,15,16,21,18,17,16,15,14,15,15,16,21,16,15,15,14,14,15,15,18,15,14,13,14,16,15,14,13,12,13,17,15,13,13,12,12,13,13,14,14,16,17,13,12,12,13,16,15,14,13,12,10,12,12,13,13,25,24,23,12,11,10,11,12,24,23,23,10,9,10,12,13,13,9,10,10,11,12,24,20,8,9,10,10,11,12,12,13,14,23,23,22,14,10,9,9,10,10,15,22,18,18,17,9,9,9,10,11,12,18,12,7,8,8,9,10,10,20,19,19,17,12,12,10,10,8,7,6,7,9,9,20,10,7,8,19,17,15,9,9,8,7,7,7,8,9,19,15,11,10,9,9,4,7,9,18,16,15,14,13,13,12,12,10,8,8,7,4,5,6,7,18,17,16,14,12,12,6,7,9,15,14,13,13,10,10,6,7,10,9,9,7,6,3,5,8,9,7,7,6,3,3,3,4,5,6,8,8,1,2,3,3,4,5,8,0,1,2,3,3,5,5,2,3,4,10,5,14,6,6,5,16,13,12,9,8,14,11,8,7,6
275,34,33,24,27,25,24,22,20,19,35,34,28,25,24,21,20,20,30,27,25,24,23,27,26,24,21,20,17,26,26,21,20,20,20,30,21,20,17,17,19,29,26,19,18,16,17,27,23,20,18,16,15,15,16,16,26,21,16,15,15,22,19,18,18,16,15,14,14,15,22,18,16,16,14,13,14,14,16,16,15,13,13,15,16,15,14,13,12,16,16,14,14,13,13,12,12,13,13,15,18,14,12,11,12,15,16,15,14,13,12,10,11,12,12,26,25,24,13,12,10,10,10,25,24,24,11,10,10,10,12,12,9,9,9,10,10,25,21,9,8,9,9,10,10,11,12,13,24,24,23,15,12,10,8,9,9,14,23,19,19,18,10,8,8,9,10,10,19,13,8,7,7,8,9,9,21,20,20,18,13,13,12,11,9,8,7,7,8,8,21,11,6,7,20,18,16,10,10,9,8,6,6,7,8,20,16,12,12,10,10,5,6,8,19,17,16,15,14,14,13,13,12,9,9,8,5,4,5,6,19,18,17,15,13,13,4,6,8,16,15,14,14,12,11,4,6,11,10,10,8,7,2,4,7,10,8,8,7,4,4,2,3,4,5,7,9,2,1,2,2,3,4,9,1,0,1,2,2,7,6,1,2,3,12,7,15,7,7,6,18,14,13,10,9,15,12,9,8,7
276,35,34,25,29,26,25,23,21,20,36,35,29,26,25,23,21,19,31,29,26,25,24,29,27,25,22,21,18,27,27,22,21,21,19,31,23,21,18,16,18,30,27,20,19,18,16,29,24,21,19,18,16,15,15,15,28,22,17,16,14,23,20,19,19,18,16,15,14,14,23,19,18,17,15,14,14,13,15,17,16,14,14,14,17,16,15,14,13,15,17,15,15,14,14,13,12,12,12,14,19,15,13,12,12,14,17,16,15,14,13,12,11,10,11,27,26,25,14,13,12,11,10,26,25,25,12,12,11,9,10,11,10,10,9,9,9,26,23,10,9,9,8,9,9,10,10,12,25,25,24,16,13,12,8,8,8,13,24,20,20,19,12,8,7,8,9,9,20,14,9,8,7,7,8,8,23,21,21,19,14,14,13,12,10,9,8,8,7,7,23,12,6,6,21,19,18,12,11,10,9,6,5,6,7,21,18,13,13,12,11,7,5,7,20,18,18,16,15,15,14,14,13,10,10,9,6,5,4,4,20,19,18,16,14,14,3,4,7,17,16,15,15,13,12,3,5,12,12,11,9,8,3,3,6,11,9,9,8,6,5,2,2,3,4,6,10,3,1,1,1,2,3,10,2,1,0,1,1,8,7,1,1,2,13,8,16,8,8,7,19,15,14,11,10,16,13,10,9,8
277,35,35,26,29,27,26,24,21,20,36,36,30,27,26,23,22,18,32,29,26,26,24,29,28,26,23,21,19,28,27,23,22,21,19,31,23,22,19,16,18,30,28,20,19,18,15,29,25,22,19,18,17,16,15,15,28,23,18,16,15,24,20,20,19,18,16,15,15,14,24,19,18,18,15,15,14,14,15,18,17,15,14,14,18,17,15,15,14,14,18,16,15,15,14,13,13,12,12,14,20,16,13,13,12,13,18,16,16,14,13,12,12,11,10,28,26,26,15,14,12,12,11,26,26,25,13,12,12,10,10,10,11,10,10,9,9,26,23,11,10,9,9,8,9,9,10,12,26,25,25,17,13,12,9,8,8,12,25,21,20,20,12,8,8,7,8,9,20,14,9,8,8,7,7,8,23,22,21,20,15,14,13,13,11,9,9,8,6,7,23,13,7,6,21,20,18,12,12,11,10,6,6,6,7,22,18,14,13,12,12,7,4,6,20,19,18,17,16,15,15,14,13,11,10,10,7,6,4,4,21,20,19,16,15,14,4,4,7,18,16,16,15,13,13,3,4,13,12,12,9,8,3,2,5,12,10,9,9,6,6,2,1,2,3,5,11,3,2,1,1,1,2,10,3,2,1,0,1,8,8,2,1,2,13,8,16,9,8,8,19,16,15,12,10,17,14,10,9,9
278,36,35,26,30,27,26,24,22,21,37,36,30,27,26,24,23,19,32,30,27,26,25,30,29,26,23,22,19,29,28,23,23,22,18,32,24,23,19,17,17,31,29,21,20,19,16,30,25,23,20,19,18,16,16,15,29,23,18,17,15,24,21,20,20,19,17,16,15,14,24,20,19,18,16,15,15,14,14,18,18,15,15,13,18,18,16,15,14,14,18,16,16,15,15,14,13,13,12,13,20,16,14,13,13,13,18,17,16,15,14,13,12,12,11,28,27,26,15,14,13,12,12,27,26,26,13,13,12,10,9,10,12,11,10,10,9,27,24,12,10,10,9,9,8,9,9,11,26,26,25,18,14,13,9,9,8,12,25,21,21,20,13,9,8,8,8,8,21,15,10,9,8,7,7,7,24,23,22,20,15,15,14,13,12,10,9,9,7,6,24,13,7,6,22,20,19,13,12,12,10,7,6,5,6,23,19,14,14,13,12,8,5,5,21,19,19,18,16,16,15,15,14,12,11,10,7,6,5,4,21,20,19,17,15,15,4,3,6,18,17,16,16,14,13,2,4,13,13,12,10,9,4,2,5,12,10,10,9,7,6,3,2,2,3,5,12,4,2,2,1,1,2,11,3,2,1,1,0,9,8,2,2,1,14,9,17,9,9,8,20,16,15,12,11,18,14,11,10,9
279,28,27,21,22,20,20,22,24,25,29,29,23,20,19,21,23,26,25,22,19,19,19,22,21,19,20,21,24,21,20,19,19,20,27,24,17,18,21,24,26,23,21,19,20,21,24,22,18,16,19,20,21,22,23,23,21,15,19,20,22,16,15,16,16,18,19,20,21,22,16,15,16,17,19,20,20,21,23,16,16,19,19,22,15,15,17,18,19,23,14,15,16,16,17,18,19,19,20,22,13,14,17,18,18,21,12,13,13,15,16,17,18,18,19,20,19,19,13,14,16,16,17,19,19,18,14,15,15,17,18,19,15,15,16,16,17,19,16,14,15,15,16,16,17,18,18,20,19,18,18,10,10,12,15,15,16,20,18,14,13,13,10,14,15,15,16,17,13,7,12,13,14,15,15,16,16,15,14,13,8,7,7,8,9,11,12,12,14,15,16,7,13,14,14,13,11,6,7,7,8,12,13,14,15,15,11,7,6,5,5,10,13,14,13,12,11,10,9,8,8,7,6,5,6,6,9,10,12,12,14,13,12,9,8,7,11,12,15,10,9,9,8,6,6,11,13,6,5,4,2,3,8,10,14,4,3,2,2,4,5,8,9,10,12,14,4,6,8,8,9,9,10,3,5,7,8,8,9,0,1,7,7,9,5,2,8,3,3,4,11,8,7,3,2,9,6,3,4,5
280,29,28,20,23,20,19,21,24,25,30,29,23,20,19,21,22,26,25,23,20,19,19,23,21,19,19,20,23,21,21,18,19,19,26,25,16,18,21,23,25,24,21,18,19,20,23,23,18,15,18,19,20,21,22,23,21,16,19,20,21,17,15,15,16,17,19,20,20,21,17,15,16,16,19,19,20,20,23,15,16,18,19,21,14,15,16,17,18,22,13,15,15,16,16,18,18,19,19,21,13,14,16,17,18,21,11,12,13,14,15,16,17,18,18,21,20,19,13,14,15,16,16,20,19,19,14,14,15,16,18,18,14,15,15,16,16,20,16,13,14,15,15,16,16,17,18,19,19,19,18,10,10,11,14,15,15,20,18,14,14,13,10,14,14,15,16,16,14,8,12,13,13,14,15,15,16,15,15,13,8,8,7,7,9,10,11,12,14,14,16,6,12,13,15,13,12,6,6,7,8,12,12,13,14,15,12,7,7,5,5,9,12,14,14,12,12,10,9,9,8,8,7,4,5,6,9,10,11,12,14,13,12,10,8,8,10,12,14,11,10,9,9,7,6,10,12,6,5,5,3,3,8,10,13,5,3,3,2,4,4,8,9,10,11,13,4,6,7,8,8,9,10,4,5,6,7,8,8,1,0,6,7,8,5,2,9,2,3,3,12,8,7,4,3,9,6,3,4,4
281,35,34,25,29,26,25,23,21,20,36,35,29,26,25,23,21,20,31,29,26,25,24,29,27,25,22,21,18,27,27,22,21,21,20,31,23,21,18,17,19,30,27,20,19,18,17,29,24,21,19,18,16,15,16,16,27,22,17,16,15,23,20,19,19,18,16,15,14,15,23,19,18,17,15,14,14,14,16,17,16,14,14,15,17,16,15,14,13,16,17,15,15,14,14,13,12,13,13,15,19,15,13,12,12,15,17,16,15,14,13,12,11,12,12,27,26,25,14,13,12,11,10,26,25,25,12,12,11,10,12,12,10,10,9,10,10,26,23,10,9,9,9,10,10,11,12,13,25,25,24,16,13,12,8,9,9,14,24,20,20,19,12,8,8,9,10,10,20,14,9,8,7,8,9,9,23,21,21,19,14,14,13,12,10,9,8,8,8,8,23,12,6,7,21,19,18,12,11,10,9,6,6,7,8,21,18,13,13,12,11,7,6,8,20,18,18,16,15,15,14,14,13,10,10,9,6,5,5,6,20,19,18,16,14,14,4,6,8,17,16,15,15,13,12,4,6,12,12,11,9,8,3,4,7,11,9,9,8,6,5,2,3,4,5,7,10,3,1,2,2,3,4,10,2,1,1,2,2,7,6,0,1,2,12,7,15,7,7,6,18,14,13,10,9,15,12,9,8,7
282,35,35,26,29,27,26,24,21,20,36,36,30,27,26,23,22,19,32,29,26,26,24,29,28,26,23,21,19,28,27,23,22,21,20,31,23,22,19,16,19,30,28,20,19,18,16,29,25,22,19,18,17,16,15,16,28,23,18,16,15,24,20,20,19,18,16,15,15,15,24,19,18,18,15,15,14,14,16,18,17,15,14,15,18,17,15,15,14,15,18,16,15,15,14,13,13,12,13,15,20,16,13,13,12,14,18,16,16,14,13,12,12,11,12,27,26,26,15,14,12,12,11,26,26,25,13,12,12,10,11,12,11,10,10,9,10,26,23,11,10,9,9,9,10,10,11,13,26,25,25,17,13,12,9,8,9,13,25,21,20,20,12,8,8,8,9,10,20,14,9,8,8,8,8,9,23,22,21,20,15,14,13,13,11,9,9,8,7,8,23,13,7,7,21,20,18,12,12,11,10,6,6,7,8,22,18,14,13,12,12,7,6,7,20,19,18,17,16,15,15,14,13,11,10,10,7,6,4,5,21,20,19,16,15,14,4,5,8,18,16,16,15,13,13,4,6,13,12,12,9,8,3,3,7,12,10,9,9,6,6,2,2,3,4,7,11,3,2,1,2,2,3,10,3,2,1,1,2,7,7,1,0,2,12,7,15,8,7,7,18,15,14,10,9,16,13,9,8,8
283,37,36,28,31,29,28,25,23,22,38,37,31,29,27,25,24,20,34,31,28,27,26,31,30,27,24,23,20,30,29,24,24,23,19,33,25,24,20,18,18,32,30,22,21,20,17,31,26,24,21,20,19,18,17,16,30,24,19,18,16,25,22,21,21,20,18,17,16,15,25,21,20,19,17,16,16,15,15,19,19,16,16,14,19,19,17,16,15,15,19,18,17,16,16,15,14,14,13,14,21,18,15,14,14,14,19,18,18,16,15,14,13,13,12,29,28,28,16,15,14,13,13,28,28,27,14,14,13,12,10,11,13,12,12,11,10,28,25,13,12,11,10,10,9,10,10,12,28,27,26,19,15,14,10,10,9,13,26,23,22,21,14,10,9,9,9,9,22,16,11,10,9,8,8,8,25,24,23,21,16,16,15,14,13,11,10,10,8,7,25,14,8,7,23,21,20,14,13,13,12,8,7,6,7,24,20,15,15,14,13,9,6,7,22,20,20,19,18,17,16,16,15,13,12,12,8,7,6,6,23,21,20,18,16,16,6,4,7,19,18,18,17,15,14,3,5,14,14,13,11,10,5,3,6,13,12,11,10,8,7,4,3,3,4,6,13,5,3,3,2,2,3,12,4,3,2,2,1,9,8,2,2,0,13,8,16,8,8,7,19,15,14,11,10,16,13,10,9,8
284,25,25,26,21,24,25,27,29,30,26,26,20,23,24,26,27,31,22,19,22,23,24,19,19,21,25,26,29,18,19,24,24,25,32,21,22,23,26,29,31,20,18,24,25,26,29,19,18,21,24,25,26,27,27,28,18,19,24,25,27,17,20,21,21,23,24,25,26,27,16,20,21,22,24,25,25,26,28,21,21,24,24,27,20,20,22,23,24,28,19,20,21,21,22,23,24,24,25,27,15,19,22,23,23,26,16,18,18,20,21,22,23,23,24,18,16,16,18,19,21,21,22,16,16,15,19,20,20,22,23,24,20,20,21,21,22,16,13,19,20,20,21,21,22,23,23,25,16,15,15,12,15,16,20,20,21,25,15,11,10,10,15,19,20,20,21,22,10,12,17,18,19,20,20,21,13,12,12,10,10,11,12,13,14,16,16,17,19,20,13,12,18,19,12,10,8,11,12,12,13,17,18,19,20,12,8,8,9,10,10,15,18,19,10,9,8,7,6,6,6,7,8,10,10,11,14,15,16,17,11,10,9,7,5,6,16,17,20,8,7,6,6,4,5,16,18,4,4,5,7,8,13,15,19,4,6,6,7,9,10,13,14,15,16,19,3,11,13,13,14,14,15,3,10,12,13,13,14,5,5,12,12,13,0,5,3,6,6,7,6,3,2,4,5,4,3,6,7,8
285,30,30,21,24,22,21,22,24,25,31,31,25,22,21,21,23,26,27,24,21,21,19,24,23,21,20,21,24,23,23,19,19,20,27,26,18,18,21,24,26,25,23,19,20,21,24,24,20,17,19,20,21,22,23,23,23,18,19,20,22,19,15,16,16,18,19,20,21,22,19,15,16,17,19,20,20,21,23,16,16,19,19,22,15,15,17,18,19,23,14,15,16,16,17,18,19,19,20,22,15,14,17,18,18,21,13,13,13,15,16,17,18,18,19,23,21,21,13,14,16,16,17,21,21,20,14,15,15,17,18,19,15,15,16,16,17,21,18,14,15,15,16,16,17,18,18,20,21,20,20,12,10,12,15,15,16,20,20,16,15,15,10,14,15,15,16,17,15,9,12,13,14,15,15,16,18,17,16,15,10,9,8,8,9,11,12,12,14,15,18,8,13,14,16,15,13,7,7,7,8,12,13,14,15,17,13,9,8,7,7,10,13,14,15,14,13,12,11,10,10,9,8,6,6,6,9,10,12,12,16,15,14,12,10,9,11,12,15,13,12,11,10,8,8,11,13,8,7,7,4,3,8,10,14,7,5,4,4,4,5,8,9,10,12,14,6,6,8,8,9,9,10,5,5,7,8,8,9,2,2,7,7,8,5,0,8,1,1,2,11,8,7,3,2,9,6,2,2,3
286,23,23,29,25,27,28,30,32,34,24,24,23,26,27,30,31,35,20,23,25,26,27,21,23,25,28,29,32,21,22,27,27,28,35,19,25,26,30,32,34,18,19,27,28,29,32,17,21,24,27,28,29,30,31,31,17,23,27,29,30,20,24,24,25,26,27,29,29,30,19,24,25,25,27,28,29,29,31,24,25,27,27,30,23,24,25,26,27,31,22,24,24,25,25,26,27,27,28,30,19,23,25,26,26,30,20,21,21,23,24,25,26,26,27,15,14,14,21,23,24,25,25,14,14,13,23,23,24,25,26,27,23,24,24,25,25,14,11,22,23,24,24,25,25,26,26,28,14,13,13,15,19,20,23,24,24,29,13,10,10,11,19,23,23,24,25,25,9,15,20,21,22,23,24,24,11,10,9,9,14,14,15,16,18,19,20,20,23,23,11,15,21,22,9,8,8,14,15,15,16,20,21,22,23,10,7,12,12,13,14,18,21,23,8,7,6,7,8,9,9,10,11,13,14,14,18,19,20,20,9,8,7,7,8,9,19,20,23,6,6,6,7,8,8,19,21,7,8,8,10,12,16,19,22,7,9,9,10,13,13,16,18,19,20,22,7,14,16,16,17,18,19,6,14,15,16,16,17,8,9,15,15,16,3,8,0,8,8,9,3,2,3,6,7,2,5,8,9,10
287,31,30,21,25,23,21,23,25,26,32,31,25,23,21,22,23,27,27,25,22,21,20,25,24,21,20,21,24,24,23,19,20,20,27,27,19,19,22,24,26,26,24,19,20,21,24,25,20,18,19,20,21,23,23,24,24,18,20,21,23,19,16,16,17,18,20,21,21,23,19,16,17,18,20,20,21,21,24,16,17,19,20,23,15,16,18,18,19,23,14,16,16,17,18,19,19,20,20,23,15,15,18,18,19,22,13,13,14,15,16,18,18,19,19,23,22,21,14,15,16,17,18,22,21,21,15,15,16,18,19,19,15,16,16,17,18,22,19,14,15,16,16,17,18,18,19,20,21,21,20,13,11,12,15,16,16,21,20,16,16,15,11,15,15,16,17,18,16,10,13,14,14,15,16,16,19,18,17,15,10,10,9,8,10,12,12,13,15,15,19,8,13,14,17,15,14,8,7,8,9,13,13,14,15,18,14,9,9,8,7,10,13,15,16,14,14,13,12,11,10,10,9,7,6,7,10,11,12,13,16,15,14,12,10,10,12,13,15,13,12,12,11,9,8,12,13,8,8,7,5,4,9,11,14,7,5,5,4,5,5,9,10,11,12,14,7,7,8,9,9,10,11,6,6,7,8,9,9,3,2,7,8,8,6,1,8,0,1,1,10,7,6,3,2,8,5,2,2,2
288,31,31,22,25,23,22,22,24,25,32,32,26,23,22,21,23,26,28,25,23,22,20,25,24,22,20,21,24,24,24,19,19,20,27,27,19,18,21,24,26,26,24,19,20,21,24,25,21,18,19,20,21,22,23,23,24,19,19,20,22,20,16,16,16,18,19,20,21,22,20,15,16,17,19,20,20,21,23,16,16,19,19,22,15,15,17,18,19,23,14,15,16,16,17,18,19,19,20,22,16,14,17,18,18,21,14,13,13,15,16,17,18,18,19,24,23,22,13,14,16,16,17,23,22,21,14,15,15,17,18,19,15,15,16,16,17,23,19,14,15,15,16,16,17,18,18,20,22,21,21,13,10,12,15,15,16,20,21,17,16,16,10,14,15,15,16,17,16,10,12,13,14,15,15,16,19,18,18,16,11,10,9,9,9,11,12,12,14,15,19,9,13,14,18,16,14,8,8,7,8,12,13,14,15,18,14,10,9,8,8,10,13,14,16,15,14,13,12,12,11,10,9,7,7,6,9,10,12,12,17,16,15,13,11,10,11,12,15,14,13,12,12,9,9,11,13,9,8,8,5,4,8,10,14,8,6,5,5,4,5,8,9,10,12,14,7,6,8,8,9,9,10,7,6,7,8,8,9,3,3,7,7,8,6,1,8,1,0,1,11,8,7,3,2,9,5,2,1,2
289,32,31,23,26,24,23,21,24,25,33,32,26,24,23,21,22,26,29,26,23,23,21,26,25,23,19,20,23,25,24,19,19,19,26,28,20,19,21,23,25,27,25,18,19,20,23,26,21,19,18,19,20,21,22,23,25,19,19,20,21,20,17,16,16,17,19,20,20,21,20,16,16,16,19,19,20,20,23,15,16,18,19,21,14,15,16,17,18,22,14,15,15,16,16,18,18,19,19,21,16,14,16,17,18,21,14,13,13,14,15,16,17,18,18,24,23,23,13,14,15,16,16,23,23,22,14,14,15,16,18,18,14,15,15,16,16,23,20,13,14,15,15,16,16,17,18,19,23,22,21,14,10,11,14,15,15,20,21,18,17,16,10,14,14,15,16,16,17,11,12,13,13,14,15,15,20,19,18,16,12,11,10,9,9,10,11,12,14,14,20,9,12,13,18,16,15,9,8,8,8,12,12,13,14,19,15,10,10,9,8,9,12,14,17,15,15,14,13,12,12,11,10,8,7,7,9,10,11,12,18,16,15,13,12,11,10,12,14,14,13,13,12,10,9,10,12,9,9,8,6,5,8,10,13,8,7,6,5,4,4,8,9,10,11,13,8,5,7,8,8,9,10,7,5,6,7,8,8,4,3,6,7,7,7,2,9,1,1,0,12,8,7,4,3,9,6,3,2,1
290,23,23,32,27,30,31,33,35,36,23,22,26,29,30,32,34,37,23,25,28,29,30,24,25,27,31,32,35,24,25,30,30,31,38,20,28,29,32,35,37,20,22,30,31,32,35,20,24,27,30,31,32,33,34,34,20,25,30,31,33,23,26,27,27,29,30,31,32,33,22,26,27,28,30,31,31,32,34,27,27,30,30,33,26,26,28,29,30,34,25,26,27,27,28,29,30,30,31,33,21,25,28,29,29,32,23,24,24,26,27,28,29,29,30,14,13,13,24,25,27,27,28,13,12,13,25,26,26,28,29,30,26,26,27,27,28,13,13,25,26,26,27,28,28,29,29,31,12,12,11,18,21,23,26,26,27,31,11,13,13,14,21,25,26,26,27,28,12,18,23,24,25,26,26,27,9,9,10,12,16,17,18,19,20,22,23,23,25,26,9,18,24,25,8,9,11,17,18,18,19,23,24,25,26,8,10,14,15,16,16,21,24,25,7,8,9,10,11,12,12,13,14,16,16,17,20,21,23,23,7,6,7,9,11,12,22,23,26,7,8,9,9,10,11,22,24,10,10,11,13,14,19,21,25,10,12,12,13,15,16,19,20,21,23,25,9,17,19,19,20,20,21,9,16,18,19,19,20,11,12,18,18,19,6,11,3,10,11,12,0,3,4,8,9,3,7,10,11,12
291,25,24,29,24,26,27,30,32,33,26,25,23,25,26,29,30,34,21,22,25,25,27,21,22,24,27,29,31,21,21,26,27,27,35,21,25,26,29,31,34,20,19,26,27,29,31,19,21,24,26,27,29,30,30,31,18,22,27,28,30,20,23,24,24,25,27,28,29,30,19,23,24,25,27,27,28,29,31,24,24,26,27,30,23,23,25,25,26,30,21,23,24,24,25,26,26,27,27,30,18,22,25,25,26,29,19,20,21,23,24,25,25,26,26,17,16,15,21,22,24,24,25,16,15,15,22,23,23,25,26,26,23,23,24,24,25,16,13,21,23,23,24,24,25,25,26,27,15,15,14,14,18,19,23,23,24,28,14,10,10,10,18,22,23,23,24,25,10,15,20,21,21,23,23,24,13,12,11,9,13,14,15,15,17,19,19,20,22,23,13,14,20,21,11,9,8,14,14,15,16,20,20,21,23,12,8,11,12,13,13,18,20,22,10,8,8,7,8,8,9,9,10,13,13,14,17,18,19,20,10,9,8,6,8,8,19,20,23,7,6,6,6,7,8,19,20,7,7,8,10,11,16,18,21,7,8,9,9,12,13,16,17,18,19,21,6,14,15,16,16,17,18,5,13,14,15,16,16,8,8,14,15,15,3,8,2,7,8,8,3,0,1,4,6,1,3,7,8,8
292,26,25,27,23,25,26,29,31,32,27,26,21,24,25,28,29,33,23,21,24,24,26,20,21,23,26,27,30,20,20,25,26,26,34,22,24,25,28,30,32,21,19,25,26,27,30,20,20,23,25,26,27,29,29,30,19,21,26,27,29,19,22,23,23,24,26,27,27,29,18,22,23,24,26,26,27,27,30,23,23,25,26,29,21,22,24,24,25,29,20,22,23,23,24,25,25,26,26,29,17,21,24,24,25,28,18,19,20,21,23,24,24,25,25,18,17,16,20,21,23,23,24,17,16,16,21,21,22,24,25,25,21,22,23,23,24,17,14,20,21,22,23,23,24,24,25,26,16,16,15,13,17,18,21,22,23,27,15,12,11,10,17,21,21,22,23,24,11,14,19,20,20,21,22,23,14,13,12,10,12,13,14,14,16,18,18,19,21,21,14,13,19,20,12,10,9,13,13,14,15,19,19,20,21,13,9,10,10,12,12,16,19,21,11,9,9,8,7,7,8,8,9,12,12,13,16,17,18,19,12,10,9,7,7,7,18,19,21,8,7,7,6,6,7,18,19,6,6,7,9,10,15,17,20,6,7,8,8,11,12,15,16,17,18,20,5,13,14,15,15,16,17,4,12,13,14,15,15,7,7,13,14,14,2,7,3,6,7,7,4,1,0,3,4,2,2,5,7,7
293,29,29,24,23,22,23,25,27,29,30,30,24,21,22,25,26,30,26,23,20,21,23,23,22,20,23,24,27,22,21,22,23,23,30,25,20,21,25,27,29,24,22,22,23,24,27,23,19,19,22,23,24,25,26,26,22,18,23,24,25,18,19,19,20,21,23,24,24,25,18,19,20,20,23,23,24,24,26,19,20,22,23,25,18,19,20,21,22,26,17,19,19,20,20,21,22,23,23,25,14,18,20,21,21,25,15,16,16,18,19,20,21,21,22,21,20,20,16,18,19,20,20,20,20,19,18,18,19,20,21,22,18,19,19,20,20,20,17,17,18,19,19,20,20,21,21,23,20,19,19,11,14,15,18,19,19,24,19,15,14,14,14,18,18,19,20,20,14,10,15,16,17,18,19,19,17,16,15,14,9,9,10,11,13,14,15,15,18,18,17,10,16,17,15,14,12,9,10,10,12,15,16,17,18,16,12,8,7,8,9,13,16,18,14,13,12,11,10,9,9,8,7,8,9,9,13,14,15,15,15,14,13,10,9,8,14,15,18,12,10,10,9,7,7,14,16,7,6,6,5,7,12,14,17,6,4,4,5,8,8,12,13,14,15,17,5,9,11,12,12,13,14,4,9,10,11,12,12,3,4,10,10,11,4,3,6,3,3,4,8,4,3,0,1,6,2,2,3,4
294,30,30,23,24,22,22,24,26,27,31,31,25,22,21,24,25,29,27,24,21,21,21,24,23,21,22,23,26,23,23,21,21,22,29,26,19,20,24,26,28,25,23,21,22,23,26,24,20,18,21,22,23,24,25,25,23,18,21,23,24,19,18,18,19,20,21,23,23,24,19,18,19,19,21,22,23,23,25,18,19,21,21,24,17,18,19,20,21,25,16,18,18,19,19,20,21,21,22,24,15,16,19,20,20,24,14,15,15,17,18,19,20,20,21,23,21,21,15,16,18,19,19,21,21,20,16,17,18,19,20,21,17,18,18,19,19,21,18,16,17,18,18,19,19,20,20,22,21,20,20,12,13,14,17,18,18,23,20,16,15,15,13,16,17,18,19,19,15,9,14,15,16,17,18,18,18,17,16,15,10,9,9,10,12,13,14,14,16,17,18,9,15,16,16,15,13,8,9,9,10,14,15,16,17,17,13,9,8,7,8,12,15,16,15,14,13,12,11,10,10,9,8,7,8,8,12,13,14,14,16,15,14,12,10,9,13,14,17,13,12,11,10,8,8,13,15,8,7,7,4,5,10,13,16,7,5,4,4,7,7,10,12,13,14,16,6,8,10,10,11,12,13,5,8,9,10,10,11,2,3,9,9,10,5,2,7,2,2,3,9,6,4,1,0,7,3,1,2,3
295,25,24,30,25,27,29,31,33,34,26,25,24,26,27,30,31,35,21,23,26,26,28,22,23,25,29,30,32,22,23,27,28,29,36,21,26,27,30,32,35,20,20,27,29,30,32,19,22,25,27,29,30,31,31,32,18,23,28,29,31,21,24,25,25,26,28,29,30,31,20,24,25,26,28,29,29,30,32,25,25,27,28,31,24,24,26,26,27,31,23,24,25,25,26,27,27,28,29,31,19,23,26,26,27,30,20,21,22,24,25,26,26,27,28,17,16,15,22,23,25,25,26,16,15,15,23,24,24,26,27,27,24,24,25,25,26,16,13,23,24,24,25,25,26,26,27,29,15,15,14,15,19,20,24,24,25,29,14,10,11,12,19,23,24,24,25,26,10,16,21,22,23,24,24,25,13,12,11,9,14,15,16,16,18,20,20,21,23,24,13,15,21,23,11,9,9,15,15,16,17,21,21,23,24,12,8,12,13,14,14,19,21,23,10,8,8,8,9,9,10,10,12,14,14,15,18,19,20,21,10,9,8,7,9,9,20,21,24,7,6,7,7,8,9,20,21,8,8,9,11,12,17,19,23,8,9,10,10,13,14,17,18,19,20,23,7,15,16,17,18,18,19,7,14,15,16,17,18,9,9,15,16,16,4,9,2,8,9,9,3,1,2,6,7,0,3,7,8,8
296,28,27,26,22,24,25,27,30,31,29,29,23,23,24,27,28,32,25,22,23,23,25,22,21,22,25,26,29,21,20,24,25,25,32,24,23,24,27,29,31,23,21,24,25,26,29,22,19,21,24,25,26,27,28,29,21,20,25,26,27,18,21,21,22,23,25,26,26,27,16,21,22,23,25,25,26,26,29,21,22,24,25,27,20,21,23,23,24,28,19,21,21,22,23,24,24,25,25,27,16,20,23,23,24,27,17,18,19,20,21,23,23,24,24,20,19,19,19,20,21,22,23,19,19,18,20,20,21,23,24,24,20,21,21,22,23,19,16,19,20,21,21,22,23,23,24,25,19,18,18,12,16,17,20,21,21,26,18,14,13,13,16,20,20,21,22,23,13,13,18,19,19,20,21,21,16,15,14,13,11,12,13,13,15,16,17,18,20,20,16,12,18,19,14,13,11,12,12,13,14,18,18,19,20,15,11,9,9,10,11,15,18,20,13,12,11,10,9,8,8,7,8,10,11,12,15,16,17,18,14,13,12,9,8,7,16,18,20,10,9,9,8,6,6,16,18,5,5,5,8,9,14,16,19,4,6,7,7,10,10,14,15,16,17,19,4,12,13,14,14,15,16,3,11,12,13,14,14,6,6,12,13,13,3,6,5,5,5,6,7,3,2,2,3,3,0,3,4,5
297,31,31,23,25,23,22,24,26,27,32,32,26,23,22,24,25,29,28,25,23,22,21,25,24,22,22,23,26,24,24,21,21,22,29,27,19,20,24,26,28,26,24,21,22,23,26,25,21,18,21,22,23,24,25,25,24,19,21,23,24,20,18,18,19,20,21,23,23,24,20,18,19,19,21,22,23,23,25,18,19,21,21,24,17,18,19,20,21,25,16,18,18,19,19,20,21,21,22,24,16,16,19,20,20,24,14,15,15,17,18,19,20,20,21,24,23,22,15,16,18,19,19,23,22,21,16,17,18,19,20,21,17,18,18,19,19,23,19,16,17,18,18,19,19,20,20,22,22,21,21,13,13,14,17,18,18,23,21,17,16,16,13,16,17,18,19,19,16,10,14,15,16,17,18,18,19,18,18,16,11,10,9,10,12,13,14,14,16,17,19,9,15,16,18,16,14,8,9,9,10,14,15,16,17,18,14,10,9,8,8,12,15,16,16,15,14,13,12,12,11,10,9,7,8,8,12,13,14,14,17,16,15,13,11,10,13,14,17,14,13,12,12,9,9,13,15,9,8,8,5,6,10,13,16,8,6,5,5,7,7,10,12,13,14,16,7,8,10,10,11,12,13,7,8,9,10,10,11,3,3,9,9,10,6,2,8,2,2,3,10,7,5,2,1,7,3,0,1,2
298,32,32,23,26,24,23,23,25,26,34,33,27,24,23,23,24,27,29,26,24,23,21,26,25,23,21,22,25,25,25,20,20,21,28,29,20,19,23,25,27,27,25,20,21,22,25,26,22,19,20,21,22,23,24,24,25,20,20,21,23,21,18,17,18,19,20,21,22,23,21,16,18,18,20,21,21,22,24,17,18,20,20,23,16,16,18,19,20,24,15,16,17,18,18,19,20,20,21,23,17,15,18,19,19,23,15,14,14,16,17,18,19,19,20,25,24,23,14,15,17,18,18,24,23,23,15,16,16,18,19,20,16,16,17,18,18,24,20,15,16,16,17,18,18,19,19,21,23,23,22,14,12,13,16,16,17,21,22,18,18,17,12,15,16,16,18,18,18,12,13,14,15,16,16,17,20,19,19,17,12,12,10,10,10,12,13,13,15,16,20,10,14,15,19,17,15,9,9,8,9,13,14,15,16,19,15,11,10,9,9,11,14,15,18,16,15,14,13,13,12,12,10,8,8,7,10,12,13,13,18,17,16,14,12,12,12,13,16,15,14,13,13,10,10,12,14,10,9,9,7,5,9,12,15,9,7,7,6,5,6,9,10,12,13,15,8,7,9,9,10,10,12,8,7,8,9,9,10,4,4,8,8,9,7,2,9,2,1,2,11,8,7,3,2,8,4,1,0,1
299,33,32,24,27,25,24,23,25,26,34,34,27,25,24,22,23,27,30,27,24,24,22,27,26,24,20,21,24,26,25,20,20,20,27,29,21,20,22,24,26,28,26,19,20,21,24,27,23,20,19,20,21,23,23,24,26,20,20,21,23,21,18,18,17,18,20,21,21,23,21,17,17,18,20,20,21,21,24,16,17,19,20,23,15,16,18,18,19,23,15,16,16,17,18,19,19,20,20,23,18,15,18,18,19,22,15,14,14,15,16,18,18,19,19,25,24,24,14,15,16,17,18,24,24,23,15,15,16,18,19,19,15,16,16,17,18,24,21,14,15,16,16,17,18,18,19,20,24,23,23,15,11,12,15,16,16,21,23,19,18,18,11,15,15,16,17,18,18,12,13,14,14,15,16,16,21,20,19,18,13,12,11,10,10,12,12,13,15,15,21,10,13,14,19,18,16,10,9,9,9,13,13,14,15,20,16,12,11,10,9,10,13,15,18,16,16,15,14,13,13,12,11,9,8,8,10,11,12,13,19,18,16,14,13,12,12,13,15,15,14,14,13,11,10,12,13,10,10,9,7,6,9,11,14,9,8,7,7,5,5,9,10,11,12,14,9,7,8,9,9,10,11,8,6,7,8,9,9,5,4,7,8,8,8,3,10,2,2,1,12,8,7,4,3,8,5,2,1,0
