{
"type": "FeatureCollection",
"crs": { "type": "name", "properties": { "name": "urn:ogc:def:crs:OGC:1.3:CRS84" } },
"features": [
{ "type": "Feature", "properties": { "shapeName": "Samoa", "shapeISO": "WSM", "shapeID": "28090321B55178747691292", "shapeGroup": "WSM", "shapeType": "ADM0" }, "geometry": { "type": "MultiPolygon", "coordinates": [ [ [ [ -171.419668800000011, -14.0587436 ], [ -171.4198333, -14.0586726 ], [ -171.4199487, -14.0586213 ], [ -171.420046500000012, -14.0585637 ], [ -171.4201347, -14.0585295 ], [ -171.420179600000012, -14.0585482 ], [ -171.4204858, -14.0584517 ], [ -171.420620500000012, -14.0584595 ], [ -171.4207563, -14.0584694 ], [ -171.420845, -14.0585264 ], [ -171.4210999, -14.0584969 ], [ -171.4212506, -14.058528 ], [ -171.421386899999987, -14.0585093 ], [ -171.4217332, -14.0585886 ], [ -171.4219048, -14.0586399 ], [ -171.422011700000013, -14.0586435 ], [ -171.4221421, -14.0585217 ], [ -171.4222479, -14.0584533 ], [ -171.4223826, -14.0584175 ], [ -171.4224644, -14.0584315 ], [ -171.4225221, -14.0584829 ], [ -171.4226548, -14.0585083 ], [ -171.423032, -14.0586151 ], [ -171.4232436, -14.0586508 ], [ -171.42342, -14.0586819 ], [ -171.4234184, -14.0586384 ], [ -171.423444, -14.0586073 ], [ -171.4235017, -14.0586057 ], [ -171.4235995, -14.0586477 ], [ -171.4237872, -14.0587011 ], [ -171.4240657, -14.0588126 ], [ -171.4241768, -14.0587862 ], [ -171.424272, -14.058828 ], [ -171.4244177, -14.0588132 ], [ -171.4245607, -14.0587692 ], [ -171.4248253, -14.0587356 ], [ -171.4252562, -14.0585584 ], [ -171.425580700000012, -14.0583659 ], [ -171.4258597, -14.0582852 ], [ -171.426085, -14.0582618 ], [ -171.4264618, -14.0583403 ], [ -171.42695, -14.0583993 ], [ -171.427411799999987, -14.0585175 ], [ -171.427709, -14.0585902 ], [ -171.428191, -14.0589187 ], [ -171.4284988, -14.0591894 ], [ -171.4286601, -14.0594609 ], [ -171.4286976, -14.0597399 ], [ -171.4287586, -14.0600292 ], [ -171.4286624, -14.0603061 ], [ -171.4286625, -14.060617 ], [ -171.428563, -14.061034 ], [ -171.4283395, -14.061406 ], [ -171.428527699999989, -14.0616934 ], [ -171.428858, -14.0621258 ], [ -171.4291811, -14.0624876 ], [ -171.4292043, -14.0627044 ], [ -171.4290728, -14.062891 ], [ -171.4290914, -14.0630574 ], [ -171.4291177, -14.0632083 ], [ -171.4292332, -14.0633016 ], [ -171.4292845, -14.0634944 ], [ -171.42923, -14.0635629 ], [ -171.4292716, -14.0636282 ], [ -171.4292644, -14.0636813 ], [ -171.4290857, -14.0637277 ], [ -171.4289542, -14.0636655 ], [ -171.4288676, -14.0635504 ], [ -171.4286735, -14.0635014 ], [ -171.428421899999989, -14.0636469 ], [ -171.4282648, -14.063832 ], [ -171.4283, -14.0640481 ], [ -171.4284246, -14.0642996 ], [ -171.428463599999986, -14.0645831 ], [ -171.4283418, -14.0646987 ], [ -171.4281814, -14.0647169 ], [ -171.4279899, -14.0646337 ], [ -171.4279473, -14.0644245 ], [ -171.4278483, -14.0642513 ], [ -171.4275203, -14.0642067 ], [ -171.427134099999989, -14.0644084 ], [ -171.427038, -14.0649937 ], [ -171.4268529, -14.0655342 ], [ -171.4269428, -14.0655567 ], [ -171.427006299999988, -14.0656271 ], [ -171.426954099999989, -14.0657261 ], [ -171.426942700000012, -14.0657833 ], [ -171.4269201, -14.0659086 ], [ -171.4268339, -14.0661044 ], [ -171.42673640000001, -14.0661594 ], [ -171.426657299999988, -14.0661025 ], [ -171.426489299999986, -14.0660538 ], [ -171.4263729, -14.0660675 ], [ -171.4263034, -14.0662144 ], [ -171.4262829, -14.0663244 ], [ -171.4261696, -14.0664123 ], [ -171.425974599999989, -14.0665223 ], [ -171.4258158, -14.0666939 ], [ -171.4257637, -14.066795 ], [ -171.4256957, -14.0668632 ], [ -171.425639, -14.0668654 ], [ -171.425571, -14.0669116 ], [ -171.4255241, -14.0670156 ], [ -171.4254077, -14.0670502 ], [ -171.425319300000012, -14.0670678 ], [ -171.42511970000001, -14.0672305 ], [ -171.4249043, -14.0674439 ], [ -171.42480230000001, -14.0675737 ], [ -171.4247705, -14.067688 ], [ -171.424682100000012, -14.067732 ], [ -171.4245665, -14.0677518 ], [ -171.424450799999988, -14.0677826 ], [ -171.4243017, -14.0678823 ], [ -171.424140200000011, -14.0680026 ], [ -171.424088, -14.0680663 ], [ -171.424044900000013, -14.0681829 ], [ -171.424099399999989, -14.0682247 ], [ -171.424088, -14.0682863 ], [ -171.4240064, -14.0682995 ], [ -171.423825, -14.0682291 ], [ -171.4237003, -14.0682555 ], [ -171.4235597, -14.0683281 ], [ -171.4234395, -14.0684292 ], [ -171.4233624, -14.0685084 ], [ -171.4232183, -14.0685127 ], [ -171.423142500000012, -14.0684073 ], [ -171.4229815, -14.0684029 ], [ -171.4227797, -14.0684029 ], [ -171.422601, -14.0684568 ], [ -171.4224963, -14.0685194 ], [ -171.422335299999986, -14.0685348 ], [ -171.4222289, -14.0684984 ], [ -171.422187900000011, -14.0684205 ], [ -171.4220496, -14.0683985 ], [ -171.421902499999987, -14.0684142 ], [ -171.4213988, -14.0684314 ], [ -171.4208138, -14.0684139 ], [ -171.4200859, -14.0683347 ], [ -171.420004799999987, -14.0684127 ], [ -171.4198615, -14.0686602 ], [ -171.41970950000001, -14.0689813 ], [ -171.419607500000012, -14.0691507 ], [ -171.4195499, -14.0691942 ], [ -171.419462399999986, -14.0691375 ], [ -171.4193717, -14.0690561 ], [ -171.419281, -14.0690605 ], [ -171.419185700000014, -14.0690759 ], [ -171.419117699999987, -14.0691067 ], [ -171.419018, -14.0691507 ], [ -171.4189068, -14.0691089 ], [ -171.4188139, -14.0691507 ], [ -171.418748099999988, -14.0691067 ], [ -171.4188184, -14.0690495 ], [ -171.418823800000013, -14.0689611 ], [ -171.4188751, -14.0689065 ], [ -171.4188207, -14.068812 ], [ -171.418823, -14.068724 ], [ -171.418823, -14.0685986 ], [ -171.418716499999988, -14.0684794 ], [ -171.4186211, -14.0685084 ], [ -171.4185894, -14.0685788 ], [ -171.4185123, -14.068614 ], [ -171.418306, -14.0686668 ], [ -171.4182243, -14.0685964 ], [ -171.418129099999987, -14.068691 ], [ -171.4180112, -14.068768 ], [ -171.417934800000012, -14.0687665 ], [ -171.4178321, -14.0686778 ], [ -171.4177731, -14.0686822 ], [ -171.4177278, -14.0686096 ], [ -171.4177731, -14.0685106 ], [ -171.4176756, -14.068427 ], [ -171.4175124, -14.0683039 ], [ -171.4174783, -14.0681983 ], [ -171.417646100000013, -14.0681521 ], [ -171.4176577, -14.0680983 ], [ -171.417880700000012, -14.0680019 ], [ -171.4180883, -14.0678156 ], [ -171.4181472, -14.067732 ], [ -171.4180543, -14.0673639 ], [ -171.4178302, -14.066762 ], [ -171.4175549, -14.0663261 ], [ -171.4170906, -14.0660626 ], [ -171.416685699999988, -14.065808 ], [ -171.416492, -14.0657019 ], [ -171.4163537, -14.0657041 ], [ -171.416287899999986, -14.0656645 ], [ -171.4162766, -14.0655699 ], [ -171.4161949, -14.0654929 ], [ -171.4160617, -14.0651359 ], [ -171.4158501, -14.0647062 ], [ -171.415927399999987, -14.0643756 ], [ -171.4161738, -14.0641747 ], [ -171.41648330000001, -14.0641601 ], [ -171.416760900000014, -14.0643694 ], [ -171.4169501, -14.0643477 ], [ -171.4171681, -14.0644628 ], [ -171.417805499999986, -14.0646727 ], [ -171.4181173, -14.0646836 ], [ -171.4184598, -14.064762 ], [ -171.4183837, -14.0646214 ], [ -171.418711699999989, -14.0642615 ], [ -171.418926199999987, -14.0639701 ], [ -171.419055, -14.063814 ], [ -171.4191945, -14.0635538 ], [ -171.4193554, -14.0632832 ], [ -171.419473399999987, -14.0630543 ], [ -171.4195914, -14.0627421 ], [ -171.4199884, -14.0617846 ], [ -171.4201876, -14.0615359 ], [ -171.4201732, -14.0613975 ], [ -171.420096199999989, -14.0612886 ], [ -171.4200136, -14.0612013 ], [ -171.419915, -14.0610787 ], [ -171.4198653, -14.0609931 ], [ -171.4198221, -14.0608874 ], [ -171.4196915, -14.060708 ], [ -171.419448499999987, -14.0605297 ], [ -171.419209599999988, -14.0604223 ], [ -171.4191438, -14.0604814 ], [ -171.4189787, -14.0604877 ], [ -171.418836, -14.0604037 ], [ -171.4187943, -14.0603275 ], [ -171.4187061, -14.0602761 ], [ -171.4182748, -14.0601315 ], [ -171.417948700000011, -14.0599825 ], [ -171.4178996, -14.0599324 ], [ -171.417866, -14.0598889 ], [ -171.4178259, -14.0598609 ], [ -171.4178034, -14.0598158 ], [ -171.4178724, -14.0597411 ], [ -171.417968699999989, -14.0596428 ], [ -171.417955799999987, -14.0595716 ], [ -171.417999, -14.0594907 ], [ -171.4180648, -14.0594347 ], [ -171.4181514, -14.0593912 ], [ -171.4182155, -14.0593414 ], [ -171.4182668, -14.0593103 ], [ -171.4183951, -14.0592761 ], [ -171.4185153, -14.0592263 ], [ -171.4186741, -14.059203 ], [ -171.4186946, -14.0591311 ], [ -171.4187847, -14.0591594 ], [ -171.4188809, -14.0591579 ], [ -171.418989900000014, -14.0590723 ], [ -171.41914220000001, -14.0589914 ], [ -171.4193875, -14.0588981 ], [ -171.4194934, -14.0588826 ], [ -171.4195848, -14.058783 ], [ -171.419668800000011, -14.0587436 ] ] ], [ [ [ -171.5624508, -13.9012449 ], [ -171.5626002, -13.9012263 ], [ -171.5627957, -13.9011965 ], [ -171.5630217, -13.9012709 ], [ -171.563106, -13.9014829 ], [ -171.5632248, -13.9016615 ], [ -171.5633129, -13.9016503 ], [ -171.5634202, -13.9016354 ], [ -171.563562, -13.9017284 ], [ -171.5638609, -13.9018437 ], [ -171.5641023, -13.9019144 ], [ -171.564474, -13.9020409 ], [ -171.564845600000012, -13.9022306 ], [ -171.5649797, -13.902357 ], [ -171.5651905, -13.9023645 ], [ -171.5652863, -13.9023384 ], [ -171.5654932, -13.9023459 ], [ -171.565711599999986, -13.9023459 ], [ -171.565884, -13.9022566 ], [ -171.566045, -13.9021822 ], [ -171.5662519, -13.9020409 ], [ -171.5663822, -13.9018809 ], [ -171.5665009, -13.9016764 ], [ -171.5665584, -13.9014532 ], [ -171.5665584, -13.9011928 ], [ -171.5664894, -13.9010106 ], [ -171.566386, -13.9009213 ], [ -171.5663783, -13.900806 ], [ -171.5664281, -13.9006609 ], [ -171.5663707, -13.9005865 ], [ -171.5662212, -13.9005196 ], [ -171.5661331, -13.9004006 ], [ -171.5661101, -13.9003262 ], [ -171.5662672, -13.9001551 ], [ -171.5661867, -13.8999989 ], [ -171.5662749, -13.8998129 ], [ -171.5664051, -13.8996827 ], [ -171.5665048, -13.8995897 ], [ -171.566688699999986, -13.8995748 ], [ -171.566757700000011, -13.8994744 ], [ -171.566661900000014, -13.8993814 ], [ -171.566638899999987, -13.8992624 ], [ -171.566677199999987, -13.8991954 ], [ -171.566627399999987, -13.8990764 ], [ -171.566700200000014, -13.899002 ], [ -171.566600599999987, -13.8989351 ], [ -171.566696400000012, -13.8988904 ], [ -171.566681, -13.8987565 ], [ -171.566677199999987, -13.8985966 ], [ -171.5665852, -13.8984329 ], [ -171.5664894, -13.8983176 ], [ -171.5665507, -13.8983065 ], [ -171.5664971, -13.8982135 ], [ -171.5664358, -13.8980907 ], [ -171.5663438, -13.8981131 ], [ -171.5663132, -13.897968 ], [ -171.5663438, -13.8977932 ], [ -171.5663055, -13.8976146 ], [ -171.5661867, -13.8974398 ], [ -171.5662557, -13.8973022 ], [ -171.5662174, -13.8971683 ], [ -171.5661561, -13.8970269 ], [ -171.5661331, -13.8968744 ], [ -171.5662136, -13.8967889 ], [ -171.5660986, -13.8966252 ], [ -171.5661752, -13.8966029 ], [ -171.5662864, -13.8967517 ], [ -171.566386, -13.8966959 ], [ -171.5663668, -13.8966066 ], [ -171.5664703, -13.8966178 ], [ -171.5664703, -13.896562 ], [ -171.5664128, -13.8964876 ], [ -171.5663745, -13.8964021 ], [ -171.566294, -13.8962942 ], [ -171.566409, -13.896257 ], [ -171.5663247, -13.8961491 ], [ -171.5662749, -13.8960413 ], [ -171.5662327, -13.8959445 ], [ -171.5663132, -13.8959669 ], [ -171.5663247, -13.8959185 ], [ -171.56634, -13.8958367 ], [ -171.5664281, -13.8958144 ], [ -171.566527799999989, -13.8958553 ], [ -171.5665124, -13.8957437 ], [ -171.5665316, -13.8956321 ], [ -171.5665852, -13.8955837 ], [ -171.566681, -13.8956507 ], [ -171.566765299999986, -13.8957363 ], [ -171.566872600000011, -13.8956507 ], [ -171.5669761, -13.8955986 ], [ -171.5670527, -13.8955986 ], [ -171.5670987, -13.8956842 ], [ -171.56716, -13.895647 ], [ -171.5672328, -13.8955986 ], [ -171.5673516, -13.8956321 ], [ -171.5673554, -13.8955242 ], [ -171.5673899, -13.895461 ], [ -171.567524, -13.8954312 ], [ -171.5675355, -13.8955242 ], [ -171.5676006, -13.8956023 ], [ -171.567669599999988, -13.8956098 ], [ -171.567780699999986, -13.8956693 ], [ -171.5678804, -13.8956991 ], [ -171.567926300000011, -13.8956284 ], [ -171.5679838, -13.895554 ], [ -171.567926300000011, -13.8955094 ], [ -171.5679685, -13.8954536 ], [ -171.5680528, -13.8954684 ], [ -171.5681562, -13.8954759 ], [ -171.5682061, -13.8954424 ], [ -171.5682904, -13.8954461 ], [ -171.5683114, -13.8953587 ], [ -171.5683823, -13.8954033 ], [ -171.568459, -13.8954424 ], [ -171.5685126, -13.8954945 ], [ -171.568616100000014, -13.8955447 ], [ -171.568734799999987, -13.8956098 ], [ -171.5689264, -13.8956265 ], [ -171.5691602, -13.8956451 ], [ -171.5694054, -13.8956488 ], [ -171.569685099999987, -13.8956972 ], [ -171.5698116, -13.895593 ], [ -171.5700146, -13.8954294 ], [ -171.5701832, -13.8952843 ], [ -171.570417, -13.8951467 ], [ -171.570600899999988, -13.8949533 ], [ -171.570731200000012, -13.8947189 ], [ -171.57088060000001, -13.8945553 ], [ -171.5709994, -13.8943842 ], [ -171.57094570000001, -13.8942168 ], [ -171.5708921, -13.8940568 ], [ -171.57088060000001, -13.8939081 ], [ -171.5708998, -13.8937407 ], [ -171.57090740000001, -13.8935584 ], [ -171.5709228, -13.8934282 ], [ -171.570849900000013, -13.8931865 ], [ -171.570658400000013, -13.8929856 ], [ -171.5705319, -13.8928666 ], [ -171.5701871, -13.8922751 ], [ -171.5701143, -13.8921226 ], [ -171.5701526, -13.891892 ], [ -171.5701641, -13.8917767 ], [ -171.5701143, -13.8916763 ], [ -171.5701641, -13.8916205 ], [ -171.5702714, -13.8915759 ], [ -171.5702867, -13.8914754 ], [ -171.5702445, -13.8914196 ], [ -171.5702445, -13.8912374 ], [ -171.5703518, -13.8912485 ], [ -171.570348, -13.8911406 ], [ -171.570394, -13.8910216 ], [ -171.5703595, -13.8908728 ], [ -171.570302, -13.8906906 ], [ -171.5702829, -13.8904711 ], [ -171.5704323, -13.8903744 ], [ -171.5704131, -13.8902926 ], [ -171.5702867, -13.8902405 ], [ -171.5703327, -13.8900247 ], [ -171.5703595, -13.8898127 ], [ -171.570279, -13.8895486 ], [ -171.5702445, -13.8893701 ], [ -171.5702522, -13.8892325 ], [ -171.57032430000001, -13.8892893 ], [ -171.5703703, -13.8892446 ], [ -171.5703188, -13.8890868 ], [ -171.5702267, -13.8889343 ], [ -171.5701807, -13.8888948 ], [ -171.5702511, -13.8888659 ], [ -171.5701861, -13.8887607 ], [ -171.5701048, -13.8887659 ], [ -171.570053300000012, -13.8886739 ], [ -171.5700425, -13.8885792 ], [ -171.57001, -13.8884266 ], [ -171.5699233, -13.8883346 ], [ -171.5699639, -13.8881715 ], [ -171.5700262, -13.8880558 ], [ -171.570094, -13.8879742 ], [ -171.570224, -13.8879926 ], [ -171.5703595, -13.8880163 ], [ -171.5704624, -13.8880163 ], [ -171.5704706, -13.8878559 ], [ -171.5704299, -13.887748 ], [ -171.570381200000014, -13.8876376 ], [ -171.570413699999989, -13.8875665 ], [ -171.5705491, -13.8875218 ], [ -171.5706955, -13.8874692 ], [ -171.57077670000001, -13.887485 ], [ -171.5708851, -13.8875376 ], [ -171.5709664, -13.8875981 ], [ -171.5710694, -13.8876849 ], [ -171.5711804, -13.8877927 ], [ -171.5712834, -13.8878716 ], [ -171.5714135, -13.8879085 ], [ -171.5715679, -13.88794 ], [ -171.5717007, -13.8879321 ], [ -171.5718416, -13.8879453 ], [ -171.5718497, -13.8879979 ], [ -171.5719852, -13.888161 ], [ -171.572188399999987, -13.8884293 ], [ -171.5724999, -13.8888133 ], [ -171.5728359, -13.8892052 ], [ -171.572998500000011, -13.8894524 ], [ -171.573166500000013, -13.8898101 ], [ -171.573310099999986, -13.8901073 ], [ -171.573388599999987, -13.8903835 ], [ -171.5733751, -13.8905624 ], [ -171.5734618, -13.8907517 ], [ -171.5736786, -13.890928 ], [ -171.5741635, -13.8912331 ], [ -171.5745212, -13.8914093 ], [ -171.5746512, -13.891525 ], [ -171.574908599999986, -13.8916618 ], [ -171.575187699999987, -13.8917801 ], [ -171.5754614, -13.8918038 ], [ -171.5757892, -13.8917933 ], [ -171.5760683, -13.8916013 ], [ -171.576276400000012, -13.8914152 ], [ -171.5764986, -13.8912032 ], [ -171.5766549, -13.8910452 ], [ -171.5768175, -13.8908506 ], [ -171.5770451, -13.8907322 ], [ -171.5771182, -13.8906376 ], [ -171.577037, -13.8905324 ], [ -171.577167, -13.8904245 ], [ -171.5773269, -13.8903772 ], [ -171.577448800000013, -13.8903298 ], [ -171.5775003, -13.8902983 ], [ -171.577519200000012, -13.8902404 ], [ -171.5775897, -13.8903246 ], [ -171.577600499999988, -13.8904166 ], [ -171.5777225, -13.8905034 ], [ -171.5778119, -13.8905876 ], [ -171.5779609, -13.8906875 ], [ -171.5781641, -13.890898 ], [ -171.578324, -13.8910768 ], [ -171.578473, -13.8912741 ], [ -171.5785895, -13.891495 ], [ -171.5787006, -13.891666 ], [ -171.578833300000014, -13.8917475 ], [ -171.579247900000013, -13.8918606 ], [ -171.5794186, -13.8918869 ], [ -171.579597400000011, -13.8919421 ], [ -171.579835800000012, -13.8919895 ], [ -171.5800065, -13.8919763 ], [ -171.5802531, -13.8919264 ], [ -171.5805159, -13.8919974 ], [ -171.580887100000012, -13.8921026 ], [ -171.580999600000013, -13.8923163 ], [ -171.5813981, -13.8925097 ], [ -171.5818425, -13.8925246 ], [ -171.5824556, -13.8923089 ], [ -171.5825762, -13.8922247 ], [ -171.5827279, -13.8921353 ], [ -171.5829826, -13.8921247 ], [ -171.5833565, -13.8919827 ], [ -171.583508200000011, -13.8918459 ], [ -171.583865800000012, -13.8917933 ], [ -171.5841314, -13.8917407 ], [ -171.5843969, -13.8916618 ], [ -171.58462990000001, -13.8915461 ], [ -171.5849767, -13.8914725 ], [ -171.5853181, -13.8914567 ], [ -171.585627, -13.891383 ], [ -171.5858708, -13.8912305 ], [ -171.5859792, -13.8910621 ], [ -171.5861635, -13.8908938 ], [ -171.5862544, -13.8908783 ], [ -171.5863808, -13.8909341 ], [ -171.5864881, -13.8910941 ], [ -171.5866222, -13.8912057 ], [ -171.586878899999988, -13.8911461 ], [ -171.586997700000012, -13.8910903 ], [ -171.5870629, -13.8911015 ], [ -171.587012, -13.8912726 ], [ -171.586979500000012, -13.8914409 ], [ -171.587077, -13.8917145 ], [ -171.58718, -13.8919775 ], [ -171.5874401, -13.8924299 ], [ -171.587516, -13.8926088 ], [ -171.5875485, -13.8928192 ], [ -171.5877056, -13.8931348 ], [ -171.587776100000013, -13.8933662 ], [ -171.5878577, -13.8934545 ], [ -171.587965, -13.8935289 ], [ -171.5880991, -13.8937112 ], [ -171.588252399999988, -13.8937855 ], [ -171.5882447, -13.8939009 ], [ -171.588390299999986, -13.8939678 ], [ -171.5884402, -13.8940682 ], [ -171.5885168, -13.8941798 ], [ -171.5886547, -13.8943249 ], [ -171.5886854, -13.8944662 ], [ -171.5886777, -13.8946225 ], [ -171.5886969, -13.8946931 ], [ -171.5888731, -13.8947712 ], [ -171.5890456, -13.8949163 ], [ -171.5890992, -13.8950391 ], [ -171.589359800000011, -13.8955263 ], [ -171.5894556, -13.8955375 ], [ -171.589518700000013, -13.8954915 ], [ -171.58956280000001, -13.8954594 ], [ -171.5895782, -13.895318 ], [ -171.5895399, -13.895106 ], [ -171.58940960000001, -13.8948717 ], [ -171.589321399999989, -13.894682 ], [ -171.5891337, -13.8945072 ], [ -171.5889574, -13.8943026 ], [ -171.5888348, -13.8940608 ], [ -171.5886164, -13.8937 ], [ -171.588283100000012, -13.8929524 ], [ -171.588198799999986, -13.8927292 ], [ -171.588214099999988, -13.892506 ], [ -171.588271600000013, -13.8923237 ], [ -171.588252399999988, -13.8919294 ], [ -171.5881566, -13.891591 ], [ -171.5879535, -13.8912413 ], [ -171.5878807, -13.891152 ], [ -171.5877351, -13.891007 ], [ -171.5875665, -13.8908061 ], [ -171.587424700000014, -13.8906201 ], [ -171.5872063, -13.8904527 ], [ -171.5869151, -13.89017 ], [ -171.5866891, -13.890025 ], [ -171.5867235, -13.8898799 ], [ -171.5866201, -13.8897014 ], [ -171.5865243, -13.8894782 ], [ -171.5865933, -13.8892922 ], [ -171.586627600000014, -13.8891619 ], [ -171.586759699999988, -13.8886156 ], [ -171.5867337, -13.8885622 ], [ -171.5867826, -13.888459 ], [ -171.586781, -13.8883799 ], [ -171.5867551, -13.8882415 ], [ -171.5866786, -13.8880873 ], [ -171.586583600000012, -13.8880173 ], [ -171.5866203, -13.887913 ], [ -171.586698899999988, -13.8878452 ], [ -171.586743500000011, -13.8875802 ], [ -171.5867304, -13.8869798 ], [ -171.5867141, -13.8869418 ], [ -171.586781, -13.8867568 ], [ -171.5868276, -13.8864574 ], [ -171.5868332, -13.8860514 ], [ -171.5867335, -13.8856023 ], [ -171.5866394, -13.8851632 ], [ -171.586691699999989, -13.8851312 ], [ -171.586669300000011, -13.8848296 ], [ -171.5866777, -13.8846707 ], [ -171.586622299999988, -13.8845057 ], [ -171.5866063, -13.8843067 ], [ -171.586627600000014, -13.8839549 ], [ -171.586514200000011, -13.8839044 ], [ -171.5865671, -13.8839863 ], [ -171.5864999, -13.8840228 ], [ -171.5864009, -13.8840055 ], [ -171.5862678, -13.8839228 ], [ -171.5861476, -13.8837865 ], [ -171.5860238, -13.8835508 ], [ -171.5859458, -13.8833985 ], [ -171.5858785, -13.8831987 ], [ -171.5857335, -13.8828208 ], [ -171.5855871, -13.8824423 ], [ -171.585534200000012, -13.8823938 ], [ -171.584833300000014, -13.8813685 ], [ -171.58398170000001, -13.8803066 ], [ -171.583379900000011, -13.8797429 ], [ -171.583112199999988, -13.8795277 ], [ -171.5829559, -13.879374 ], [ -171.582949899999988, -13.8792714 ], [ -171.582979599999987, -13.8791877 ], [ -171.5831162, -13.8790648 ], [ -171.5832408, -13.8788631 ], [ -171.583407200000011, -13.8787073 ], [ -171.5836544, -13.8785595 ], [ -171.5836682, -13.8785 ], [ -171.5836979, -13.8784846 ], [ -171.583781, -13.8785365 ], [ -171.5838899, -13.8785384 ], [ -171.584091699999988, -13.8784673 ], [ -171.5844621, -13.8782896 ], [ -171.5847454, -13.8781482 ], [ -171.584840500000013, -13.8781403 ], [ -171.5849498, -13.8781482 ], [ -171.584993200000014, -13.8782007 ], [ -171.5850144, -13.8782977 ], [ -171.5850772, -13.8783289 ], [ -171.5851784, -13.8783803 ], [ -171.5853362, -13.878339 ], [ -171.5854961, -13.8783331 ], [ -171.5855649, -13.8783822 ], [ -171.5856762, -13.878338 ], [ -171.585751, -13.8783174 ], [ -171.5858623, -13.8783233 ], [ -171.5859696, -13.8783017 ], [ -171.5860667, -13.8782408 ], [ -171.5860944, -13.878237673820536 ], [ -171.5861748, -13.8782286 ], [ -171.586259, -13.8781524 ], [ -171.586294400000014, -13.878142263662786 ], [ -171.5863278, -13.8781327 ], [ -171.5865018, -13.8780188 ], [ -171.586795200000012, -13.8777693 ], [ -171.586949, -13.8777665 ], [ -171.5870477, -13.8776768 ], [ -171.5872493, -13.8775436 ], [ -171.5873607, -13.8774533 ], [ -171.5878162, -13.8771771 ], [ -171.5880357, -13.8769568 ], [ -171.588318, -13.8767155 ], [ -171.5884648, -13.8765878 ], [ -171.5886611, -13.8764012 ], [ -171.5887622, -13.8763737 ], [ -171.588990700000011, -13.876185 ], [ -171.5891224, -13.8761497 ], [ -171.5891811, -13.8760908 ], [ -171.5892479, -13.8760613 ], [ -171.5893815, -13.8760299 ], [ -171.5899325, -13.8758214 ], [ -171.5903568, -13.8755564 ], [ -171.5906253, -13.8753571 ], [ -171.591097499999989, -13.8750731 ], [ -171.5912128, -13.8749317 ], [ -171.5913889, -13.8747667 ], [ -171.5915089, -13.8746711 ], [ -171.5917066, -13.8746566 ], [ -171.591840100000013, -13.874582 ], [ -171.5919231, -13.8745113 ], [ -171.59202830000001, -13.8744602 ], [ -171.5922711, -13.8743816 ], [ -171.5923642, -13.8744091 ], [ -171.59252810000001, -13.8743462 ], [ -171.592795099999989, -13.874207 ], [ -171.5930426, -13.874071 ], [ -171.5931325, -13.8740704 ], [ -171.5932942, -13.8739746 ], [ -171.5933829, -13.8738829 ], [ -171.5935761, -13.8737732 ], [ -171.5936605, -13.873769 ], [ -171.5937564, -13.8737273 ], [ -171.593850800000013, -13.8736204 ], [ -171.5939181, -13.8735759 ], [ -171.5940482, -13.873537 ], [ -171.594112700000011, -13.8735537 ], [ -171.5941113, -13.8736259 ], [ -171.594258700000012, -13.8736162 ], [ -171.5944046, -13.8736468 ], [ -171.594552, -13.8736801 ], [ -171.5947852, -13.8737204 ], [ -171.595017500000012, -13.8737469 ], [ -171.5952617, -13.8737926 ], [ -171.5955564, -13.873802 ], [ -171.5956845, -13.8738425 ], [ -171.59577250000001, -13.8738051 ], [ -171.5958498, -13.8737468 ], [ -171.5961589, -13.8737496 ], [ -171.596332, -13.8737454 ], [ -171.596447899999987, -13.8737287 ], [ -171.596663799999988, -13.8737721 ], [ -171.596971700000012, -13.8732434 ], [ -171.5970469, -13.8731372 ], [ -171.5971466, -13.8731144 ], [ -171.5971523, -13.8730633 ], [ -171.5975341, -13.8730787 ], [ -171.597543699999989, -13.8733208 ], [ -171.5975827, -13.8733949 ], [ -171.5976425, -13.8734381 ], [ -171.5977059, -13.873458 ], [ -171.5977686, -13.8734205 ], [ -171.597856, -13.8733587 ], [ -171.598016300000012, -13.8733448 ], [ -171.598113399999988, -13.8733454 ], [ -171.5982295, -13.8732448 ], [ -171.5984363, -13.8732629 ], [ -171.598808600000012, -13.8734074 ], [ -171.598927300000014, -13.8734615 ], [ -171.5991749, -13.8734588 ], [ -171.5994882, -13.8734102 ], [ -171.599571200000014, -13.8733518 ], [ -171.5996227, -13.8733129 ], [ -171.5996381, -13.8732562 ], [ -171.59969, -13.8732893 ], [ -171.5996757, -13.8733518 ], [ -171.599714299999988, -13.8733615 ], [ -171.5997701, -13.8733351 ], [ -171.5998131, -13.8734143 ], [ -171.59988, -13.8734374 ], [ -171.6000162, -13.8735074 ], [ -171.6002724, -13.8735685 ], [ -171.600497499999989, -13.8735799 ], [ -171.600625799999989, -13.873613 ], [ -171.6008572, -13.8737903 ], [ -171.600922, -13.8738325 ], [ -171.6009277, -13.8739005 ], [ -171.6009306, -13.873945 ], [ -171.6010493, -13.8741492 ], [ -171.601138099999986, -13.8742589 ], [ -171.6012311, -13.8743034 ], [ -171.6012282, -13.8743395 ], [ -171.601254, -13.8743978 ], [ -171.6012368, -13.8744381 ], [ -171.6013046, -13.8745023 ], [ -171.6014571, -13.8744673 ], [ -171.6017489, -13.874476 ], [ -171.6018425, -13.8743268 ], [ -171.6022284, -13.8743375 ], [ -171.6023572, -13.8743214 ], [ -171.602560399999987, -13.8742228 ], [ -171.6026147, -13.8741478 ], [ -171.6027862, -13.8740799 ], [ -171.60310770000001, -13.8740869 ], [ -171.6035022, -13.8740739 ], [ -171.6037423, -13.8740243 ], [ -171.603823799999986, -13.8740839 ], [ -171.6039998, -13.8740742 ], [ -171.604129300000011, -13.8741495 ], [ -171.604211600000014, -13.8741603 ], [ -171.6043914, -13.8741453 ], [ -171.6046366, -13.8741992 ], [ -171.6048811, -13.8742134 ], [ -171.6049138, -13.8741927 ], [ -171.604963, -13.8741615 ], [ -171.6049587, -13.8739958 ], [ -171.6049959, -13.8738903 ], [ -171.605160500000011, -13.8736948 ], [ -171.605212, -13.873583 ], [ -171.6052534, -13.873493 ], [ -171.605425200000013, -13.8728831 ], [ -171.6054752, -13.8726984 ], [ -171.6055582, -13.8726178 ], [ -171.6057275, -13.8723515 ], [ -171.6059746, -13.8722135 ], [ -171.6061292, -13.8720857 ], [ -171.6062508, -13.8719649 ], [ -171.6063781, -13.8719121 ], [ -171.6065241, -13.871976 ], [ -171.6065975, -13.871974 ], [ -171.6067941, -13.8720516 ], [ -171.606826399999989, -13.8720909 ], [ -171.607221, -13.8722854 ], [ -171.6073465, -13.8722716 ], [ -171.60760350000001, -13.8723758 ], [ -171.607692500000013, -13.8723935 ], [ -171.6078573, -13.8724678 ], [ -171.6080183, -13.8727333 ], [ -171.6080885, -13.8727528 ], [ -171.608127599999989, -13.8728217 ], [ -171.6081944, -13.8729023 ], [ -171.6081256, -13.8729651 ], [ -171.6081074, -13.8730457 ], [ -171.608208100000013, -13.8731253 ], [ -171.6082931, -13.8733261 ], [ -171.6084711, -13.8735483 ], [ -171.6085741, -13.8736456 ], [ -171.6086659, -13.8738444 ], [ -171.6088116, -13.8741207 ], [ -171.608867800000013, -13.8743376 ], [ -171.6088883, -13.8745341 ], [ -171.6090683, -13.8749343 ], [ -171.6092577, -13.8752919 ], [ -171.6095986, -13.8758099 ], [ -171.6095786, -13.8758877 ], [ -171.6095474, -13.8759503 ], [ -171.6095317, -13.8760068 ], [ -171.609580200000011, -13.8760309 ], [ -171.6096176, -13.8759941 ], [ -171.609690199999989, -13.8759543 ], [ -171.609794099999988, -13.8759629 ], [ -171.6104152, -13.8762567 ], [ -171.61048, -13.8763238 ], [ -171.610723299999989, -13.8766378 ], [ -171.610969399999988, -13.8769601 ], [ -171.6112832, -13.8775902 ], [ -171.6117925, -13.8780279 ], [ -171.612117, -13.8778991 ], [ -171.6122904, -13.8778783 ], [ -171.612620600000014, -13.8780019 ], [ -171.6128668, -13.8781686 ], [ -171.6130432, -13.8782492 ], [ -171.613437, -13.878625 ], [ -171.6138908, -13.8792794 ], [ -171.6145692, -13.8798248 ], [ -171.6148657, -13.8799659 ], [ -171.6150589, -13.8800578 ], [ -171.616276199999987, -13.8805086 ], [ -171.6165585, -13.880494 ], [ -171.6166958, -13.8804273 ], [ -171.6168618, -13.8803023 ], [ -171.6169439, -13.8803803 ], [ -171.6169162, -13.8805745 ], [ -171.6168618, -13.8807162 ], [ -171.6168439, -13.8809909 ], [ -171.616881799999987, -13.8810274 ], [ -171.6169648, -13.8810552 ], [ -171.617016299999989, -13.8811802 ], [ -171.6169362, -13.881233 ], [ -171.6169677, -13.881308 ], [ -171.6171051, -13.8814219 ], [ -171.6172244, -13.8814616 ], [ -171.6172167, -13.8817414 ], [ -171.617240900000013, -13.8823378 ], [ -171.6181245, -13.8830736 ], [ -171.6183811, -13.8832283 ], [ -171.618598600000013, -13.8832735 ], [ -171.618896299999989, -13.8834584 ], [ -171.6189697, -13.8836139 ], [ -171.6191767, -13.8838119 ], [ -171.6192998, -13.8839758 ], [ -171.6196833, -13.8842259 ], [ -171.619955800000014, -13.8842946 ], [ -171.620049599999987, -13.8844564 ], [ -171.6203758, -13.8846815 ], [ -171.620698800000014, -13.8848646 ], [ -171.6207908, -13.8849371 ], [ -171.6210604, -13.8850179 ], [ -171.621346, -13.884976 ], [ -171.6216579, -13.8848759 ], [ -171.621836699999989, -13.884819 ], [ -171.6219126, -13.8848871 ], [ -171.6219528, -13.8849416 ], [ -171.6219982, -13.8850031 ], [ -171.6222388, -13.8850037 ], [ -171.622930200000013, -13.8848616 ], [ -171.623496499999987, -13.8845477 ], [ -171.6248018, -13.884026 ], [ -171.6251298, -13.8838015 ], [ -171.624997799999989, -13.8837106 ], [ -171.6250043, -13.8836165 ], [ -171.6252872, -13.8834165 ], [ -171.6253831, -13.8834678 ], [ -171.6258335, -13.8830893 ], [ -171.626159, -13.8827193 ], [ -171.6262347, -13.8826667 ], [ -171.6262815, -13.8824979 ], [ -171.62623640000001, -13.8824428 ], [ -171.626226300000013, -13.8823698 ], [ -171.6262815, -13.8823243 ], [ -171.6263328, -13.882293 ], [ -171.6263692, -13.8819707 ], [ -171.626406800000012, -13.8816802 ], [ -171.6264592, -13.8815102 ], [ -171.6266396, -13.8813717 ], [ -171.6269866, -13.8806266 ], [ -171.6270466, -13.8805003 ], [ -171.627002800000014, -13.8802869 ], [ -171.6268531, -13.8802638 ], [ -171.6267891, -13.8801919 ], [ -171.6267997, -13.8801018 ], [ -171.6269024, -13.8796928 ], [ -171.6269609, -13.8796947 ], [ -171.6270087, -13.8797311 ], [ -171.62725, -13.8795779 ], [ -171.6273002, -13.8795016 ], [ -171.6276332, -13.8793239 ], [ -171.6277384, -13.8793847 ], [ -171.6280021, -13.8792453 ], [ -171.6282177, -13.8791382 ], [ -171.6283448, -13.8791025 ], [ -171.6286217, -13.8788724 ], [ -171.62899680000001, -13.8784943 ], [ -171.6291807, -13.8781141 ], [ -171.629344300000014, -13.8779491 ], [ -171.62957990000001, -13.8778629 ], [ -171.6297604, -13.877819 ], [ -171.6298469, -13.8778336 ], [ -171.629974800000014, -13.8777914 ], [ -171.630161500000014, -13.8777006 ], [ -171.6303193, -13.8776318 ], [ -171.6303887, -13.8775465 ], [ -171.6304182, -13.8771137 ], [ -171.6303752, -13.876925 ], [ -171.6302887, -13.8767325 ], [ -171.630167199999988, -13.8765234 ], [ -171.6300569, -13.8762418 ], [ -171.6300041, -13.8759566 ], [ -171.6299862, -13.8757342 ], [ -171.630016, -13.8755367 ], [ -171.6301034, -13.8754243 ], [ -171.6301498, -13.8753154 ], [ -171.630205, -13.8752728 ], [ -171.630280699999986, -13.8752499 ], [ -171.6305194, -13.8751076 ], [ -171.6307276, -13.8749806 ], [ -171.630878700000011, -13.8748414 ], [ -171.6309846, -13.8746858 ], [ -171.6311581, -13.8740379 ], [ -171.6313032, -13.8737682 ], [ -171.632126699999986, -13.8738578 ], [ -171.6323161, -13.8738144 ], [ -171.6330654, -13.8732084 ], [ -171.6334843, -13.8729521 ], [ -171.6340667, -13.8729406 ], [ -171.634862, -13.8731528 ], [ -171.6362465, -13.8734771 ], [ -171.636333, -13.8734534 ], [ -171.6363973, -13.8734168 ], [ -171.6364212, -13.8733455 ], [ -171.6364735, -13.8733661 ], [ -171.6364833, -13.8733931 ], [ -171.6365879, -13.8734343 ], [ -171.636617300000012, -13.8734708 ], [ -171.6367083, -13.8734855 ], [ -171.636781899999988, -13.8735213 ], [ -171.636813100000012, -13.8735673 ], [ -171.6369472, -13.8735799 ], [ -171.6370696, -13.8735336 ], [ -171.6371599, -13.8734765 ], [ -171.637298500000014, -13.8734238 ], [ -171.6373846, -13.8732909 ], [ -171.6374295, -13.8731836 ], [ -171.637479, -13.8731094 ], [ -171.6375864, -13.8729964 ], [ -171.637671399999988, -13.8729917 ], [ -171.637746600000014, -13.8729266 ], [ -171.637838, -13.872845 ], [ -171.63806360000001, -13.8728108 ], [ -171.638339800000011, -13.8727854 ], [ -171.6385735, -13.872787 ], [ -171.6387043, -13.8727695 ], [ -171.6389145, -13.8726716 ], [ -171.639081800000014, -13.8725871 ], [ -171.6391553, -13.8725141 ], [ -171.6393953, -13.8724087 ], [ -171.6399218, -13.872159 ], [ -171.640277, -13.8721262 ], [ -171.6403987, -13.8721516 ], [ -171.6404674, -13.8721263 ], [ -171.640576900000013, -13.8721485 ], [ -171.6406668, -13.8721786 ], [ -171.6406651, -13.8722088 ], [ -171.6407338, -13.8722437 ], [ -171.6408678, -13.872342 ], [ -171.6410998, -13.8724912 ], [ -171.6411685, -13.8725023 ], [ -171.64126, -13.8725245 ], [ -171.641327, -13.8725531 ], [ -171.6413924, -13.8726292 ], [ -171.6414675, -13.8727038 ], [ -171.641449599999987, -13.8727514 ], [ -171.641493700000012, -13.8727736 ], [ -171.6415476, -13.8727958 ], [ -171.641730700000011, -13.8729402 ], [ -171.6417094, -13.8730084 ], [ -171.641842700000012, -13.873086 ], [ -171.642023200000011, -13.8733067 ], [ -171.642160499999989, -13.8734828 ], [ -171.6421981, -13.8735225 ], [ -171.6422471, -13.8735272 ], [ -171.64229610000001, -13.8735526 ], [ -171.6423402, -13.8736145 ], [ -171.6423451, -13.8736875 ], [ -171.6423713, -13.8737129 ], [ -171.6425772, -13.8739048 ], [ -171.6427722, -13.8741277 ], [ -171.6431517, -13.8747674 ], [ -171.643328200000013, -13.8750987 ], [ -171.643718299999989, -13.8754217 ], [ -171.6442236, -13.8757391 ], [ -171.6447512, -13.8759037 ], [ -171.6454348, -13.875993 ], [ -171.6463592, -13.8759971 ], [ -171.647221800000011, -13.8759608 ], [ -171.648398500000013, -13.8758914 ], [ -171.648972500000013, -13.8757035 ], [ -171.649592500000011, -13.8754091 ], [ -171.6497319, -13.875237 ], [ -171.6499088, -13.8748865 ], [ -171.6499977, -13.8746565 ], [ -171.6502572, -13.8744136 ], [ -171.6505281, -13.874309 ], [ -171.6506297, -13.8742745 ], [ -171.6507374, -13.8742379 ], [ -171.6508561, -13.8741828 ], [ -171.650923400000011, -13.874135 ], [ -171.6510188, -13.8740128 ], [ -171.6510724, -13.8739441 ], [ -171.651157, -13.8738134 ], [ -171.6512659, -13.8737201 ], [ -171.65132890000001, -13.8736597 ], [ -171.65144, -13.8735803 ], [ -171.651646699999986, -13.873503 ], [ -171.6518118, -13.873338 ], [ -171.6519964, -13.8732096 ], [ -171.6522789, -13.8731126 ], [ -171.6526667, -13.8730411 ], [ -171.6531465, -13.8729658 ], [ -171.653220299999987, -13.8729268 ], [ -171.653385899999989, -13.8728088 ], [ -171.6535725, -13.8726418 ], [ -171.653755, -13.8724688 ], [ -171.6539458, -13.872194 ], [ -171.654098800000014, -13.8720189 ], [ -171.6543316, -13.8718011 ], [ -171.654556, -13.8716493 ], [ -171.6547845, -13.8716158 ], [ -171.655032799999987, -13.8715315 ], [ -171.6552246, -13.8714658 ], [ -171.6554644, -13.8713699 ], [ -171.6555716, -13.871359 ], [ -171.655644200000012, -13.8713349 ], [ -171.6556904, -13.8713044 ], [ -171.6558288, -13.8712555 ], [ -171.655908399999987, -13.8712128 ], [ -171.656007, -13.8711863 ], [ -171.6560964, -13.8711289 ], [ -171.6564146, -13.8708089 ], [ -171.6567368, -13.870414 ], [ -171.6569907, -13.8701867 ], [ -171.657148799999987, -13.8701295 ], [ -171.6573008, -13.8698447 ], [ -171.657467700000012, -13.8695358 ], [ -171.657609, -13.8692137 ], [ -171.657762100000014, -13.8688696 ], [ -171.6578753, -13.8686396 ], [ -171.658015799999987, -13.8684319 ], [ -171.6582507, -13.8681938 ], [ -171.6584981, -13.86798 ], [ -171.658647, -13.8678349 ], [ -171.6587707, -13.8677235 ], [ -171.658942599999989, -13.8675036 ], [ -171.6590789, -13.8673041 ], [ -171.6592105, -13.8671449 ], [ -171.659298299999989, -13.8670693 ], [ -171.6593681, -13.8669337 ], [ -171.65941, -13.8668234 ], [ -171.659428, -13.8667323 ], [ -171.6594819, -13.8666878 ], [ -171.6594519, -13.8666084 ], [ -171.65942, -13.8665425 ], [ -171.659461, -13.866526 ], [ -171.6595297, -13.8665386 ], [ -171.6595417, -13.866589 ], [ -171.6595996, -13.8666103 ], [ -171.6596534, -13.8665735 ], [ -171.659693299999986, -13.8665638 ], [ -171.659805, -13.8665793 ], [ -171.6597951, -13.8665445 ], [ -171.659805, -13.8664805 ], [ -171.659835, -13.8664282 ], [ -171.6598908, -13.8664224 ], [ -171.6599168, -13.8664747 ], [ -171.660052400000012, -13.8664864 ], [ -171.6601541, -13.8665561 ], [ -171.660218, -13.8665483 ], [ -171.6602818, -13.8665696 ], [ -171.6603117, -13.8665309 ], [ -171.6603652, -13.8665256 ], [ -171.6605147, -13.8667036 ], [ -171.660588, -13.8667475 ], [ -171.660748899999987, -13.8666927 ], [ -171.6607376, -13.8666133 ], [ -171.660664200000014, -13.8664763 ], [ -171.660768100000013, -13.8664532 ], [ -171.660839900000013, -13.8665597 ], [ -171.6609377, -13.8666449 ], [ -171.66109130000001, -13.8666934 ], [ -171.661280799999986, -13.8666701 ], [ -171.6614803, -13.8666004 ], [ -171.6616932, -13.8665151 ], [ -171.6616171, -13.8664822 ], [ -171.6616, -13.8663796 ], [ -171.661612, -13.8663389 ], [ -171.6616818, -13.8663254 ], [ -171.6617037, -13.8663835 ], [ -171.6617516, -13.8664009 ], [ -171.6618154, -13.8664745 ], [ -171.661867300000011, -13.8664726 ], [ -171.661981, -13.8664261 ], [ -171.661985, -13.8663564 ], [ -171.6620469, -13.8663137 ], [ -171.6621087, -13.8663292 ], [ -171.662162599999988, -13.8663815 ], [ -171.662236400000012, -13.8663796 ], [ -171.6623102, -13.8665055 ], [ -171.6623481, -13.8664551 ], [ -171.6624578, -13.8664086 ], [ -171.6625875, -13.8664241 ], [ -171.6626973, -13.8663997 ], [ -171.6628326, -13.8663059 ], [ -171.66328870000001, -13.8658567 ], [ -171.663491, -13.8655661 ], [ -171.6637974, -13.865206 ], [ -171.6639396, -13.8650536 ], [ -171.664083, -13.8649919 ], [ -171.664173299999987, -13.8648686 ], [ -171.664162, -13.864707 ], [ -171.6642498, -13.8644765 ], [ -171.664351, -13.8642605 ], [ -171.664472100000012, -13.8640815 ], [ -171.6646134, -13.8639318 ], [ -171.6647037, -13.8638141 ], [ -171.664751599999988, -13.8636662 ], [ -171.6649548, -13.8635155 ], [ -171.665045, -13.8632827 ], [ -171.6650613, -13.8631695 ], [ -171.6650529, -13.8629924 ], [ -171.6650172, -13.8629802 ], [ -171.6649732, -13.8629272 ], [ -171.6649837, -13.862856 ], [ -171.6649334, -13.8628458 ], [ -171.6648516, -13.8627094 ], [ -171.664807599999989, -13.8625465 ], [ -171.664830599999988, -13.8623897 ], [ -171.6649378, -13.862387 ], [ -171.665045, -13.8624747 ], [ -171.6651015, -13.8625486 ], [ -171.665185, -13.862518 ], [ -171.6653758, -13.8623572 ], [ -171.6655359, -13.8621816 ], [ -171.6656787, -13.8619882 ], [ -171.665756, -13.8617652 ], [ -171.6657842, -13.8616255 ], [ -171.6657271, -13.8615195 ], [ -171.6656393, -13.8614246 ], [ -171.6656274, -13.861318 ], [ -171.6655715, -13.861227 ], [ -171.6656037, -13.8611055 ], [ -171.6655326, -13.860935 ], [ -171.6657109, -13.8608004 ], [ -171.665889099999987, -13.8608248 ], [ -171.6660087, -13.86092 ], [ -171.666148, -13.8611108 ], [ -171.666219899999987, -13.8612038 ], [ -171.666252500000013, -13.8613763 ], [ -171.6663231, -13.8615598 ], [ -171.66634, -13.8617707 ], [ -171.6663795, -13.8619268 ], [ -171.666517700000014, -13.8620419 ], [ -171.6666075, -13.8620921 ], [ -171.6668843, -13.8621674 ], [ -171.6670292, -13.8621634 ], [ -171.667464600000017, -13.86213785138067 ], [ -171.6680432, -13.8621039 ], [ -171.6687095, -13.8620051 ], [ -171.6694971, -13.8618079 ], [ -171.6698726, -13.8616683 ], [ -171.6700122, -13.8615829 ], [ -171.6700222, -13.8614977 ], [ -171.670114, -13.8614628 ], [ -171.670197699999989, -13.8615112 ], [ -171.670281499999987, -13.8615887 ], [ -171.6704192, -13.8616488 ], [ -171.670530899999989, -13.8617766 ], [ -171.6706586, -13.8618518 ], [ -171.670891399999988, -13.8618783 ], [ -171.6711513, -13.8618366 ], [ -171.6715183, -13.8618091 ], [ -171.6717322, -13.8617602 ], [ -171.6718769, -13.8617623 ], [ -171.6720824, -13.8618213 ], [ -171.672359199999988, -13.8619272 ], [ -171.672441099999986, -13.8619146 ], [ -171.672973500000012, -13.8617715 ], [ -171.6739277, -13.8617771 ], [ -171.6740681, -13.8617908 ], [ -171.674108, -13.8618335 ], [ -171.6741562, -13.8618437 ], [ -171.674443599999989, -13.8618988 ], [ -171.6749131, -13.8619981 ], [ -171.6750111, -13.8620001 ], [ -171.6753278, -13.8620684 ], [ -171.67618920000001, -13.8623601 ], [ -171.676674, -13.8624376 ], [ -171.6770913, -13.8624498 ], [ -171.6774188, -13.8624072 ], [ -171.67803090000001, -13.8624105 ], [ -171.678673, -13.8624281 ], [ -171.6787803, -13.8624311 ], [ -171.6792343, -13.862294 ], [ -171.679529699999989, -13.8622458 ], [ -171.6797396, -13.8622278 ], [ -171.6800759, -13.8622278 ], [ -171.680230200000011, -13.8621918 ], [ -171.6804185, -13.8621888 ], [ -171.6807178, -13.8621079 ], [ -171.680899899999986, -13.8621169 ], [ -171.6812177, -13.8622008 ], [ -171.6817207, -13.8622488 ], [ -171.6818279, -13.8622192 ], [ -171.6819932, -13.8623165 ], [ -171.6821, -13.8623338 ], [ -171.6823431, -13.8624489 ], [ -171.6827611, -13.8626796 ], [ -171.6833307, -13.862978 ], [ -171.6838895, -13.8632695 ], [ -171.684294200000011, -13.8635779 ], [ -171.6847659, -13.8641422 ], [ -171.6850251, -13.8644153 ], [ -171.685294, -13.8645376 ], [ -171.686186600000013, -13.8647564 ], [ -171.6863739, -13.8646648 ], [ -171.6866159, -13.8645641 ], [ -171.6866944, -13.8645314 ], [ -171.6867318, -13.8644877 ], [ -171.687358499999988, -13.8640024 ], [ -171.6875566, -13.863743 ], [ -171.6877898, -13.8635975 ], [ -171.6879984, -13.8635587 ], [ -171.6883335, -13.8634493 ], [ -171.688510799999989, -13.8634466 ], [ -171.689071899999988, -13.8634407 ], [ -171.689510399999989, -13.8633458 ], [ -171.6899645, -13.8632852 ], [ -171.6902991, -13.8633389 ], [ -171.6910136, -13.8634071 ], [ -171.6913449, -13.8634126 ], [ -171.6917742, -13.8633111 ], [ -171.6921869, -13.8631289 ], [ -171.692503, -13.8629364 ], [ -171.692673, -13.8627809 ], [ -171.6929351, -13.8626752 ], [ -171.6932924, -13.8626505 ], [ -171.6939533, -13.8626562 ], [ -171.6944037, -13.8624445 ], [ -171.694522400000011, -13.8623524 ], [ -171.694581699999986, -13.862361 ], [ -171.6946528, -13.8624157 ], [ -171.694827800000013, -13.8623985 ], [ -171.69499540000001, -13.862317 ], [ -171.695304599999986, -13.8620776 ], [ -171.6955566, -13.8618701 ], [ -171.6960038, -13.8615934 ], [ -171.6962456, -13.8614661 ], [ -171.6965588, -13.861365 ], [ -171.696717400000011, -13.8611696 ], [ -171.6967531, -13.8611257 ], [ -171.6967679, -13.8610873 ], [ -171.6969154, -13.8607052 ], [ -171.6982314, -13.8597992 ], [ -171.6990633, -13.8598136 ], [ -171.6992938, -13.8599894 ], [ -171.6994354, -13.8600248 ], [ -171.699558200000013, -13.8601046 ], [ -171.699589800000012, -13.860233 ], [ -171.6997038, -13.8603681 ], [ -171.6998496, -13.8604118 ], [ -171.6998213, -13.8603183 ], [ -171.6998878, -13.8602663 ], [ -171.6999672, -13.860258 ], [ -171.6999993, -13.8603246 ], [ -171.7000615, -13.8603204 ], [ -171.7001301, -13.8602871 ], [ -171.7002052, -13.8602767 ], [ -171.7003135, -13.8602377 ], [ -171.700413200000014, -13.8602288 ], [ -171.7005526, -13.8602392 ], [ -171.7006019, -13.8602122 ], [ -171.7006298, -13.8601664 ], [ -171.7006797, -13.8601527 ], [ -171.7008035, -13.8602309 ], [ -171.7009129, -13.86031 ], [ -171.70096430000001, -13.86041 ], [ -171.7011206, -13.8604671 ], [ -171.7012795, -13.8606785 ], [ -171.701346, -13.8607014 ], [ -171.7014297, -13.8608763 ], [ -171.701406100000014, -13.8609804 ], [ -171.7015026, -13.8612407 ], [ -171.70164840000001, -13.861351 ], [ -171.7018554, -13.8615884 ], [ -171.7025418, -13.8618401 ], [ -171.7030753, -13.8620634 ], [ -171.7031129, -13.8621235 ], [ -171.703158, -13.8621839 ], [ -171.703097899999989, -13.8622755 ], [ -171.7030593, -13.862363 ], [ -171.703057199999989, -13.8624192 ], [ -171.7031299, -13.8624651 ], [ -171.7031708, -13.8624296 ], [ -171.7034088, -13.8623213 ], [ -171.7034839, -13.8622276 ], [ -171.703555200000011, -13.8622545 ], [ -171.7038373, -13.8627043 ], [ -171.7040432, -13.8630038 ], [ -171.7043382, -13.863548 ], [ -171.7047674, -13.8638104 ], [ -171.7053703, -13.8640043 ], [ -171.7058479, -13.8640707 ], [ -171.7062764, -13.8640583 ], [ -171.7069835, -13.8639791 ], [ -171.7075477, -13.8638753 ], [ -171.7075812, -13.8638845 ], [ -171.7078592, -13.8638341 ], [ -171.7081493, -13.8637407 ], [ -171.7087118, -13.8634556 ], [ -171.7091082, -13.8631978 ], [ -171.7093178, -13.8629887 ], [ -171.7094081, -13.8625595 ], [ -171.70948580000001, -13.8618402 ], [ -171.7095572, -13.8610987 ], [ -171.709673400000014, -13.8599296 ], [ -171.709789300000011, -13.8594689 ], [ -171.710262699999987, -13.8584097 ], [ -171.710439799999989, -13.8580398 ], [ -171.7104875, -13.8577609 ], [ -171.7104669, -13.857681 ], [ -171.7104998, -13.8575431 ], [ -171.7105957, -13.8575069 ], [ -171.7107373, -13.8572216 ], [ -171.7110155, -13.8568462 ], [ -171.7111365, -13.85656 ], [ -171.7111213, -13.8564422 ], [ -171.711131200000011, -13.856297 ], [ -171.7111727, -13.8561066 ], [ -171.711242700000014, -13.8560367 ], [ -171.7112775, -13.8559771 ], [ -171.711339400000014, -13.8558528 ], [ -171.7113703, -13.855723 ], [ -171.7115349, -13.8555272 ], [ -171.7116686, -13.8553474 ], [ -171.7118044, -13.855087 ], [ -171.712014, -13.855017 ], [ -171.712251, -13.8550037 ], [ -171.7123704, -13.8550397 ], [ -171.712520500000011, -13.8551157 ], [ -171.71278430000001, -13.8550803 ], [ -171.7132938, -13.8548595 ], [ -171.7139823, -13.8543983 ], [ -171.7145055, -13.8540592 ], [ -171.7149865, -13.8537584 ], [ -171.7151893, -13.8535351 ], [ -171.7151981, -13.8534561 ], [ -171.7150542, -13.8532949 ], [ -171.714886, -13.8531993 ], [ -171.7148058, -13.8531125 ], [ -171.7148178, -13.8530762 ], [ -171.7149722, -13.8531698 ], [ -171.7154524, -13.8528501 ], [ -171.71544, -13.8527244 ], [ -171.7154847, -13.8527091 ], [ -171.7155498, -13.8529775 ], [ -171.7156855, -13.8532893 ], [ -171.715820799999989, -13.853301 ], [ -171.715877299999988, -13.8532179 ], [ -171.7161021, -13.8530551 ], [ -171.71627, -13.8529283 ], [ -171.7163533, -13.8529022 ], [ -171.716540400000014, -13.852774 ], [ -171.7165685, -13.8526825 ], [ -171.716514499999988, -13.8525294 ], [ -171.7165449, -13.8524115 ], [ -171.7166188, -13.8523569 ], [ -171.716758199999987, -13.8523323 ], [ -171.7168556, -13.8522851 ], [ -171.7169197, -13.8521761 ], [ -171.7169236, -13.8522392 ], [ -171.7169844, -13.8522825 ], [ -171.717080900000013, -13.8523669 ], [ -171.7171309, -13.8524446 ], [ -171.7171224, -13.8526317 ], [ -171.7172693, -13.8526639 ], [ -171.7174525, -13.8528016 ], [ -171.7175804, -13.8528943 ], [ -171.7178826, -13.8530073 ], [ -171.7181784, -13.8530962 ], [ -171.7183689, -13.853097 ], [ -171.7185312, -13.8530615 ], [ -171.7186863, -13.8529946 ], [ -171.7188476, -13.8528644 ], [ -171.7190407, -13.8526629 ], [ -171.719190700000013, -13.8524923 ], [ -171.71934730000001, -13.8524118 ], [ -171.7194572, -13.8523927 ], [ -171.719562200000013, -13.8523536 ], [ -171.7196183, -13.8522442 ], [ -171.7195801, -13.8519191 ], [ -171.7202165, -13.8515954 ], [ -171.720275500000014, -13.851605 ], [ -171.7203276, -13.8517055 ], [ -171.7203849, -13.8517257 ], [ -171.7205286, -13.8516842 ], [ -171.720680499999986, -13.8514748 ], [ -171.720775800000013, -13.8511191 ], [ -171.7209944, -13.8510705 ], [ -171.7212527, -13.8510131 ], [ -171.7212151, -13.8506908 ], [ -171.721142500000013, -13.8505188 ], [ -171.72120910000001, -13.8501499 ], [ -171.7212428, -13.8499758 ], [ -171.7212691, -13.8497918 ], [ -171.7212376, -13.8497661 ], [ -171.721187500000013, -13.849669 ], [ -171.7212112, -13.8496 ], [ -171.721203300000013, -13.8494696 ], [ -171.7212323, -13.8493724 ], [ -171.7212404, -13.8492745 ], [ -171.7212767, -13.8491286 ], [ -171.7213008, -13.8487439 ], [ -171.721331099999986, -13.8486568 ], [ -171.7213999, -13.8485271 ], [ -171.7215171, -13.8482714 ], [ -171.7215904, -13.8480016 ], [ -171.7216429, -13.8476606 ], [ -171.7215917, -13.8475217 ], [ -171.721573799999987, -13.8473864 ], [ -171.721602600000011, -13.8472491 ], [ -171.721636100000012, -13.8471382 ], [ -171.721676300000013, -13.8469832 ], [ -171.721682499999986, -13.8468139 ], [ -171.72177880000001, -13.8467487 ], [ -171.7219279, -13.8466759 ], [ -171.7219963, -13.8465679 ], [ -171.7220179, -13.8464088 ], [ -171.7219355, -13.8463532 ], [ -171.7217997, -13.8462918 ], [ -171.7217914, -13.8462558 ], [ -171.7218085, -13.8462112 ], [ -171.7218957, -13.8461699 ], [ -171.7219829, -13.8459657 ], [ -171.722050200000012, -13.8459796 ], [ -171.7221805, -13.8457089 ], [ -171.722262300000011, -13.8454824 ], [ -171.7222897, -13.8452539 ], [ -171.7222775, -13.8450691 ], [ -171.7222483, -13.8449621 ], [ -171.7221719, -13.8447479 ], [ -171.7221174, -13.8447629 ], [ -171.7220883, -13.8447276 ], [ -171.7220471, -13.8447099 ], [ -171.7219864, -13.8447253 ], [ -171.721957300000014, -13.8446405 ], [ -171.7220193, -13.8445831 ], [ -171.7221889, -13.8444568 ], [ -171.7223866, -13.8443732 ], [ -171.7225091, -13.8442754 ], [ -171.722612199999986, -13.8442448 ], [ -171.7226674, -13.8441818 ], [ -171.7227871, -13.8441677 ], [ -171.7228754, -13.8441953 ], [ -171.7229252, -13.8442503 ], [ -171.7230047, -13.844361 ], [ -171.7230719, -13.844478 ], [ -171.7231619, -13.8445755 ], [ -171.723469200000011, -13.844886 ], [ -171.723531900000012, -13.8449134 ], [ -171.723764, -13.8449237 ], [ -171.7241779, -13.8448687 ], [ -171.7243025, -13.8448297 ], [ -171.7243751, -13.8447611 ], [ -171.7244751, -13.844641 ], [ -171.724458199999987, -13.844615 ], [ -171.7245527, -13.8444396 ], [ -171.724647800000014, -13.8443478 ], [ -171.7247743, -13.8442273 ], [ -171.7250272, -13.8439864 ], [ -171.7252258, -13.843845 ], [ -171.725261, -13.8437943 ], [ -171.7252755, -13.8437307 ], [ -171.725325199999986, -13.8437472 ], [ -171.7253738, -13.8437437 ], [ -171.7255836, -13.8435847 ], [ -171.7256069, -13.8435252 ], [ -171.725670900000011, -13.8435046 ], [ -171.7257751, -13.8433901 ], [ -171.7259717, -13.8431266 ], [ -171.7260799, -13.8429248 ], [ -171.7261744, -13.8429534 ], [ -171.726253, -13.8429253 ], [ -171.726407099999989, -13.8427745 ], [ -171.7267248, -13.8425343 ], [ -171.726934300000011, -13.8424326 ], [ -171.7271226, -13.8423353 ], [ -171.7273409, -13.8422647 ], [ -171.727585, -13.8421248 ], [ -171.727803, -13.8420892 ], [ -171.7279752, -13.8420503 ], [ -171.7281136, -13.8419769 ], [ -171.7282505, -13.8419809 ], [ -171.728524, -13.8419182 ], [ -171.728662899999989, -13.841856 ], [ -171.7288316, -13.8418108 ], [ -171.729015800000013, -13.8417889 ], [ -171.7292191, -13.841793 ], [ -171.7292498, -13.8418443 ], [ -171.729353, -13.8419243 ], [ -171.7294804, -13.8419601 ], [ -171.729651600000011, -13.8419648 ], [ -171.7299126, -13.8419318 ], [ -171.7300386, -13.8418933 ], [ -171.7303176, -13.8417619 ], [ -171.7306016, -13.8415878 ], [ -171.730636, -13.8415121 ], [ -171.7307384, -13.8415077 ], [ -171.730884, -13.8415179 ], [ -171.731101, -13.8415555 ], [ -171.731351499999988, -13.8416148 ], [ -171.7314173, -13.841632 ], [ -171.731491, -13.8415554 ], [ -171.7315278, -13.841506 ], [ -171.7315965, -13.8415237 ], [ -171.731596200000013, -13.841598 ], [ -171.7316004, -13.8416331 ], [ -171.7317505, -13.8415917 ], [ -171.7321154, -13.8417893 ], [ -171.73224780000001, -13.841749 ], [ -171.7325419, -13.8417932 ], [ -171.7327855, -13.841857 ], [ -171.732942, -13.8417934 ], [ -171.7330445, -13.8418274 ], [ -171.7332011, -13.8418222 ], [ -171.7332577, -13.8418694 ], [ -171.7335438, -13.8418956 ], [ -171.7335735, -13.841948 ], [ -171.7336224, -13.8419493 ], [ -171.7336626, -13.8419558 ], [ -171.7337192, -13.8418432 ], [ -171.733873100000011, -13.841851 ], [ -171.7341106, -13.8418929 ], [ -171.7343926, -13.8419902 ], [ -171.7361055, -13.8425657 ], [ -171.7368084, -13.8426815 ], [ -171.7369215, -13.8426708 ], [ -171.736976700000014, -13.8425716 ], [ -171.7370512, -13.8425582 ], [ -171.7371451, -13.8425582 ], [ -171.7372306, -13.8426306 ], [ -171.7372815, -13.842704 ], [ -171.738122299999986, -13.8427243 ], [ -171.738141399999989, -13.8423717 ], [ -171.738526400000012, -13.8423497 ], [ -171.7385519, -13.842664 ], [ -171.738894499999986, -13.8426564 ], [ -171.7394284, -13.8425859 ], [ -171.739943, -13.8423806 ], [ -171.7402545, -13.8422011 ], [ -171.740615, -13.8419535 ], [ -171.7411305, -13.8415492 ], [ -171.7413431, -13.8414417 ], [ -171.741397400000011, -13.8414143 ], [ -171.7417643, -13.8410886 ], [ -171.742273399999988, -13.8408058 ], [ -171.7422655, -13.8406657 ], [ -171.7424131, -13.8404634 ], [ -171.7427859, -13.8399188 ], [ -171.742850800000014, -13.8399375 ], [ -171.7430017, -13.8397094 ], [ -171.7430666, -13.8397356 ], [ -171.7431168, -13.8396064 ], [ -171.7430722, -13.8395613 ], [ -171.7431123, -13.8392685 ], [ -171.743193100000013, -13.8392638 ], [ -171.743254, -13.839054 ], [ -171.7432605, -13.83882 ], [ -171.7430048, -13.8387917 ], [ -171.7430652, -13.8383908 ], [ -171.7433757, -13.8384146 ], [ -171.74339710000001, -13.8379322 ], [ -171.7433964, -13.8373013 ], [ -171.7433036, -13.8372673 ], [ -171.7432163, -13.8371725 ], [ -171.7432069, -13.8370221 ], [ -171.7432842, -13.836923 ], [ -171.7433706, -13.8369097 ], [ -171.7434453, -13.8364796 ], [ -171.743452, -13.8361564 ], [ -171.743460700000014, -13.8359905 ], [ -171.7434922, -13.8358176 ], [ -171.7433517, -13.8355043 ], [ -171.7433744, -13.8353982 ], [ -171.74344880000001, -13.8353834 ], [ -171.7435217, -13.835135 ], [ -171.743570799999986, -13.8350977 ], [ -171.7436874, -13.8348546 ], [ -171.7436583, -13.8347701 ], [ -171.7436946, -13.8346706 ], [ -171.743784299999987, -13.8345836 ], [ -171.7438004, -13.8344784 ], [ -171.7438436, -13.834395 ], [ -171.744032, -13.834317 ], [ -171.7439113, -13.8342015 ], [ -171.743974, -13.8336853 ], [ -171.7441824, -13.8335639 ], [ -171.7442333, -13.8333794 ], [ -171.743812600000012, -13.8331022 ], [ -171.7440536, -13.8328149 ], [ -171.7442011, -13.8329194 ], [ -171.7442978, -13.8328085 ], [ -171.74403430000001, -13.8325885 ], [ -171.74379350000001, -13.8323733 ], [ -171.7437189, -13.8323793 ], [ -171.74367190000001, -13.8323676 ], [ -171.74360630000001, -13.8324109 ], [ -171.7435915, -13.8324776 ], [ -171.7434153, -13.8325867 ], [ -171.743271099999987, -13.8323885 ], [ -171.74357280000001, -13.8321908 ], [ -171.7437639, -13.8320917 ], [ -171.7442384, -13.8325605 ], [ -171.7444825, -13.8327597 ], [ -171.7447022, -13.8324723 ], [ -171.7448038, -13.8325241 ], [ -171.7449155, -13.8324756 ], [ -171.7456943, -13.8314682 ], [ -171.746053499999988, -13.8312445 ], [ -171.7463565, -13.8312756 ], [ -171.7465345, -13.8313196 ], [ -171.746802699999989, -13.8316351 ], [ -171.7468666, -13.8320488 ], [ -171.7469667, -13.8320783 ], [ -171.74708050000001, -13.8321321 ], [ -171.747193, -13.8321987 ], [ -171.747205400000013, -13.8322538 ], [ -171.747263299999986, -13.832256 ], [ -171.7473355, -13.8322674 ], [ -171.7474164, -13.832293 ], [ -171.747503, -13.832274 ], [ -171.7475828, -13.832209 ], [ -171.7476547, -13.8321554 ], [ -171.747685, -13.8320729 ], [ -171.7476059, -13.8319525 ], [ -171.7476997, -13.8315715 ], [ -171.748016299999989, -13.8312626 ], [ -171.7483776, -13.8309968 ], [ -171.748634800000019, -13.830748713385809 ], [ -171.7487586, -13.8306293 ], [ -171.74882310000001, -13.8302858 ], [ -171.7487218, -13.8299062 ], [ -171.7486735, -13.8298393 ], [ -171.748634800000019, -13.829835257671759 ], [ -171.7478875, -13.8297572 ], [ -171.7474369, -13.8299541 ], [ -171.7471252, -13.8301554 ], [ -171.7470456, -13.8302354 ], [ -171.746864, -13.8302867 ], [ -171.746755900000011, -13.8302789 ], [ -171.7463985, -13.8303329 ], [ -171.7463123, -13.8304427 ], [ -171.745438900000011, -13.830026 ], [ -171.745382299999989, -13.8299476 ], [ -171.745118100000013, -13.8296963 ], [ -171.745106099999987, -13.8295228 ], [ -171.745166399999988, -13.829283 ], [ -171.7453362, -13.8289707 ], [ -171.745663400000012, -13.8284829 ], [ -171.7455776, -13.8283506 ], [ -171.7456668, -13.8281824 ], [ -171.7456771, -13.828163 ], [ -171.745850100000013, -13.8282141 ], [ -171.7459652, -13.828474 ], [ -171.7465695, -13.8283805 ], [ -171.7465494, -13.8279956 ], [ -171.7467527, -13.827876 ], [ -171.74787760000001, -13.8286818 ], [ -171.747937900000011, -13.8289571 ], [ -171.7478787, -13.8292861 ], [ -171.7478744, -13.8296801 ], [ -171.748434800000013, -13.829735882648629 ], [ -171.7486801, -13.8297603 ], [ -171.7487262, -13.8295835 ], [ -171.748785, -13.8295529 ], [ -171.748814900000013, -13.8295052 ], [ -171.7488653, -13.8293876 ], [ -171.7488801, -13.8292104 ], [ -171.7489455, -13.8290433 ], [ -171.7490087, -13.8288815 ], [ -171.7491129, -13.828626 ], [ -171.7493155, -13.8282711 ], [ -171.7494687, -13.8281857 ], [ -171.7496333, -13.8282144 ], [ -171.7496586, -13.8282188 ], [ -171.749713500000013, -13.8283312 ], [ -171.7496909, -13.8284556 ], [ -171.7498103, -13.828558 ], [ -171.7501025, -13.8287467 ], [ -171.7503633, -13.8288893 ], [ -171.751047, -13.8291347 ], [ -171.751319, -13.829195 ], [ -171.7515545, -13.8291955 ], [ -171.7519978, -13.8289525 ], [ -171.751984599999986, -13.8287898 ], [ -171.7521336, -13.8287017 ], [ -171.752325899999988, -13.8286273 ], [ -171.7525287, -13.8285821 ], [ -171.752713, -13.8285817 ], [ -171.7528963, -13.8285524 ], [ -171.753158500000012, -13.8284913 ], [ -171.7537169, -13.8283272 ], [ -171.754341899999986, -13.8281305 ], [ -171.754713, -13.8279684 ], [ -171.7549658, -13.8277759 ], [ -171.755142299999989, -13.8276407 ], [ -171.7556582, -13.8271591 ], [ -171.7558507, -13.827081 ], [ -171.7560891, -13.8269295 ], [ -171.7561599, -13.8268366 ], [ -171.756320100000011, -13.8266928 ], [ -171.7566086, -13.8262489 ], [ -171.756849499999987, -13.8257511 ], [ -171.7569039, -13.8256209 ], [ -171.75694390000001, -13.8255641 ], [ -171.757031500000011, -13.8255393 ], [ -171.757080800000011, -13.8254404 ], [ -171.757183700000013, -13.8253131 ], [ -171.7573365, -13.825241 ], [ -171.757345500000014, -13.825206 ], [ -171.7573271, -13.825135 ], [ -171.7573525, -13.8251229 ], [ -171.7574003, -13.8251771 ], [ -171.7574328, -13.8251932 ], [ -171.7575028, -13.8251596 ], [ -171.757583899999986, -13.8251301 ], [ -171.7577483, -13.8250702 ], [ -171.7578169, -13.8250992 ], [ -171.757864500000011, -13.8251642 ], [ -171.757935800000013, -13.8251496 ], [ -171.757975499999986, -13.8251185 ], [ -171.7580305, -13.8250961 ], [ -171.758039200000013, -13.8250665 ], [ -171.7581111, -13.8250339 ], [ -171.758148799999987, -13.8249997 ], [ -171.7581722, -13.8249555 ], [ -171.758159799999987, -13.8249084 ], [ -171.758192400000013, -13.8248505 ], [ -171.758239300000014, -13.8248379 ], [ -171.7582926, -13.8248709 ], [ -171.75833080000001, -13.8248358 ], [ -171.7583747, -13.824826 ], [ -171.7583669, -13.8247859 ], [ -171.758485799999988, -13.8247233 ], [ -171.75859220000001, -13.8245983 ], [ -171.7587317, -13.8244418 ], [ -171.758925, -13.8244063 ], [ -171.7590955, -13.8244723 ], [ -171.759256, -13.8246891 ], [ -171.7594693, -13.8248582 ], [ -171.759766500000012, -13.8249497 ], [ -171.7598649, -13.8250826 ], [ -171.762177799999989, -13.8243032 ], [ -171.7630569, -13.8243184 ], [ -171.763106599999986, -13.8244161 ], [ -171.7630096, -13.8245078 ], [ -171.762334, -13.824488 ], [ -171.7622168, -13.8245001 ], [ -171.762196499999988, -13.8247453 ], [ -171.762320499999987, -13.8247732 ], [ -171.76221670000001, -13.8256331 ], [ -171.762153399999988, -13.8261346 ], [ -171.7621404, -13.8262529 ], [ -171.7609588, -13.8274405 ], [ -171.76087290000001, -13.8273549 ], [ -171.761417099999989, -13.8268113 ], [ -171.7612537, -13.8266205 ], [ -171.7611669, -13.8267082 ], [ -171.7610674, -13.8266197 ], [ -171.760455900000011, -13.8271771 ], [ -171.7600936, -13.827575 ], [ -171.75965260000001, -13.8272106 ], [ -171.7594109, -13.8272511 ], [ -171.7591797, -13.8273447 ], [ -171.7590538, -13.8274079 ], [ -171.758971300000013, -13.8275952 ], [ -171.758917200000013, -13.8278567 ], [ -171.7589083, -13.8278887 ], [ -171.7589725, -13.8282275 ], [ -171.7591627, -13.8285507 ], [ -171.7592492, -13.8285109 ], [ -171.759410699999989, -13.828882 ], [ -171.7593695, -13.8289004 ], [ -171.7594985, -13.8291694 ], [ -171.7595825, -13.8291968 ], [ -171.760321800000014, -13.8287728 ], [ -171.760363899999987, -13.8287256 ], [ -171.7603422, -13.8282472 ], [ -171.760356, -13.8281941 ], [ -171.7603959, -13.828195 ], [ -171.7604182, -13.8282462 ], [ -171.7604483, -13.8287746 ], [ -171.7604158, -13.8288059 ], [ -171.7597022, -13.8292187 ], [ -171.7596337, -13.8292844 ], [ -171.7596546, -13.8293721 ], [ -171.7596196, -13.8294846 ], [ -171.7599458, -13.8304278 ], [ -171.7601556, -13.8311193 ], [ -171.760397, -13.8314584 ], [ -171.7606763, -13.8317561 ], [ -171.7608916, -13.831919 ], [ -171.7611061, -13.8322206 ], [ -171.7613038, -13.8324633 ], [ -171.7614726, -13.8327273 ], [ -171.7615765, -13.8328547 ], [ -171.7617062, -13.8329551 ], [ -171.7621124, -13.8331104 ], [ -171.76232730000001, -13.8330977 ], [ -171.7629604, -13.8329262 ], [ -171.7647422, -13.8323643 ], [ -171.765147500000012, -13.8321514 ], [ -171.7655648, -13.8319406 ], [ -171.7656624, -13.831896 ], [ -171.765723900000012, -13.8318628 ], [ -171.7657924, -13.8317454 ], [ -171.765813799999989, -13.8315975 ], [ -171.7654786, -13.8310145 ], [ -171.7654378, -13.8309497 ], [ -171.7653764, -13.8309027 ], [ -171.7653277, -13.8308558 ], [ -171.7653032, -13.8307745 ], [ -171.7653123, -13.8306652 ], [ -171.7653846, -13.8304725 ], [ -171.7654655, -13.8301605 ], [ -171.765595, -13.8296161 ], [ -171.765672, -13.8293111 ], [ -171.765783, -13.8290205 ], [ -171.7659036, -13.8287725 ], [ -171.7659577, -13.8286305 ], [ -171.7660482, -13.8283397 ], [ -171.766598, -13.8277547 ], [ -171.7666985, -13.8277201 ], [ -171.766852300000011, -13.8278574 ], [ -171.7670267, -13.8281292 ], [ -171.7670417, -13.828355 ], [ -171.7675682, -13.8289147 ], [ -171.768710700000014, -13.8290403 ], [ -171.7689651, -13.8289591 ], [ -171.7692414, -13.828667 ], [ -171.7693813, -13.8286105 ], [ -171.769514, -13.8287223 ], [ -171.7693539, -13.8288927 ], [ -171.7692993, -13.8288446 ], [ -171.7692021, -13.8289405 ], [ -171.7697355, -13.829478 ], [ -171.769761100000011, -13.8294341 ], [ -171.769835199999989, -13.8294205 ], [ -171.7703051, -13.8292713 ], [ -171.7704008, -13.8292401 ], [ -171.7703883, -13.8291991 ], [ -171.770415500000013, -13.8291874 ], [ -171.7703761, -13.8291123 ], [ -171.770316400000013, -13.8291406 ], [ -171.770248900000013, -13.8290557 ], [ -171.770202, -13.8288756 ], [ -171.769898899999987, -13.8285306 ], [ -171.7699624, -13.8284792 ], [ -171.770211, -13.8287749 ], [ -171.7704678, -13.8285385 ], [ -171.770596, -13.8286579 ], [ -171.7713272, -13.8280561 ], [ -171.7714483, -13.8278626 ], [ -171.7714413, -13.8278063 ], [ -171.77131030000001, -13.8277127 ], [ -171.7713358, -13.8276743 ], [ -171.771376800000013, -13.8276775 ], [ -171.771523300000013, -13.8277451 ], [ -171.7717812, -13.8272651 ], [ -171.7717333, -13.8272242 ], [ -171.771851700000013, -13.8270361 ], [ -171.771906300000012, -13.8270309 ], [ -171.7721886, -13.826574 ], [ -171.7720419, -13.8264889 ], [ -171.772086699999988, -13.826414 ], [ -171.7721966, -13.8264751 ], [ -171.7722628, -13.8264218 ], [ -171.7725455, -13.8259219 ], [ -171.772399799999988, -13.8258335 ], [ -171.7724346, -13.8257681 ], [ -171.772588399999989, -13.8258479 ], [ -171.7729462, -13.8252206 ], [ -171.772788600000013, -13.8251508 ], [ -171.7728396, -13.825055 ], [ -171.773001599999986, -13.825118 ], [ -171.773367, -13.8244999 ], [ -171.7732412, -13.8244268 ], [ -171.773270599999989, -13.8243719 ], [ -171.7734232, -13.8244369 ], [ -171.773529700000012, -13.8243346 ], [ -171.7736241, -13.8239646 ], [ -171.773614900000013, -13.8238773 ], [ -171.773527300000012, -13.8238233 ], [ -171.7735772, -13.8237685 ], [ -171.773684800000012, -13.8237736 ], [ -171.773751, -13.8237344 ], [ -171.773835, -13.82351 ], [ -171.7740078, -13.8233048 ], [ -171.77439720000001, -13.8229656 ], [ -171.7746151, -13.8227774 ], [ -171.774901199999988, -13.8225609 ], [ -171.7751638, -13.8223217 ], [ -171.7756723, -13.8216391 ], [ -171.7758355, -13.8211697 ], [ -171.776073200000013, -13.8208586 ], [ -171.7760577, -13.8205964 ], [ -171.7760968, -13.8204485 ], [ -171.776815699999986, -13.8188175 ], [ -171.777449600000011, -13.8170865 ], [ -171.77750420000001, -13.8170656 ], [ -171.777513, -13.8170416 ], [ -171.777519500000011, -13.8170241 ], [ -171.777475, -13.8169786 ], [ -171.777521, -13.8168149 ], [ -171.7777467, -13.8166398 ], [ -171.7780048, -13.8163619 ], [ -171.778318899999988, -13.8159811 ], [ -171.7783259, -13.8159222 ], [ -171.7784316, -13.8157972 ], [ -171.7784801, -13.8157864 ], [ -171.778545, -13.8156892 ], [ -171.7785666, -13.8156634 ], [ -171.7786562, -13.815556 ], [ -171.7791037, -13.8153144 ], [ -171.7795189, -13.8150042 ], [ -171.7794174, -13.8148362 ], [ -171.7794735, -13.8148077 ], [ -171.779573699999986, -13.8149732 ], [ -171.7798802, -13.8148362 ], [ -171.780126200000012, -13.8146936 ], [ -171.7808642, -13.81452 ], [ -171.780927100000014, -13.8145157 ], [ -171.7812858, -13.8149136 ], [ -171.781602600000014, -13.8156694 ], [ -171.781664400000011, -13.8157636 ], [ -171.7817277, -13.8161809 ], [ -171.781689, -13.8166826 ], [ -171.781701700000013, -13.8170603 ], [ -171.7816426, -13.8171296 ], [ -171.781500599999987, -13.8171369 ], [ -171.7812663, -13.8171414 ], [ -171.781155899999987, -13.8170266 ], [ -171.7810139, -13.8170802 ], [ -171.781002300000011, -13.8173753 ], [ -171.7810672, -13.8179455 ], [ -171.7810426, -13.8180112 ], [ -171.7808705, -13.8180826 ], [ -171.7807805, -13.8181286 ], [ -171.780819799999989, -13.8185342 ], [ -171.780937, -13.8186875 ], [ -171.7810241, -13.8188912 ], [ -171.7810404, -13.8190863 ], [ -171.7811276, -13.8192058 ], [ -171.781041499999986, -13.8195287 ], [ -171.7807986, -13.8197868 ], [ -171.780486700000012, -13.819944 ], [ -171.7803092, -13.8200147 ], [ -171.7801193, -13.8200858 ], [ -171.7800168, -13.8202942 ], [ -171.779924099999988, -13.8205 ], [ -171.7798604, -13.8209639 ], [ -171.779753, -13.8211977 ], [ -171.7794625, -13.8213072 ], [ -171.7789943, -13.8210826 ], [ -171.7780713, -13.822477 ], [ -171.777594, -13.8228788 ], [ -171.7771442, -13.8233491 ], [ -171.7770083, -13.8236929 ], [ -171.7764171, -13.8240164 ], [ -171.7760973, -13.8241836 ], [ -171.7758436, -13.82452 ], [ -171.7759251, -13.8248046 ], [ -171.7759005, -13.825053 ], [ -171.775996, -13.8253757 ], [ -171.7761822, -13.8254223 ], [ -171.77624990000001, -13.8255977 ], [ -171.7761955, -13.8259704 ], [ -171.775700199999989, -13.8261653 ], [ -171.7754539, -13.8267932 ], [ -171.7753184, -13.8269606 ], [ -171.7756756, -13.827424 ], [ -171.7764915, -13.8273851 ], [ -171.7766824, -13.8278425 ], [ -171.776907099999988, -13.8284674 ], [ -171.776708500000012, -13.8286949 ], [ -171.7767638, -13.8287795 ], [ -171.7769843, -13.8287695 ], [ -171.777275, -13.8283927 ], [ -171.7777147, -13.8279616 ], [ -171.7779735, -13.8279496 ], [ -171.7780971, -13.8283742 ], [ -171.7777702, -13.8291784 ], [ -171.778683300000012, -13.8294214 ], [ -171.77950340000001, -13.829186 ], [ -171.780024700000013, -13.8293369 ], [ -171.78017650000001, -13.8295111 ], [ -171.7801522, -13.8297903 ], [ -171.7804487, -13.8297301 ], [ -171.780794899999989, -13.8295572 ], [ -171.7825494, -13.8286563 ], [ -171.783171, -13.8279453 ], [ -171.7835039, -13.827924 ], [ -171.7838379, -13.8279748 ], [ -171.7841335, -13.8279607 ], [ -171.7843662, -13.8286775 ], [ -171.7845049, -13.8285292 ], [ -171.785109299999988, -13.8285109 ], [ -171.7856224, -13.8286729 ], [ -171.7859492, -13.8284834 ], [ -171.7864126, -13.8285109 ], [ -171.7867076, -13.8278225 ], [ -171.7870264, -13.8274899 ], [ -171.7873066, -13.8274319 ], [ -171.7876053, -13.8270178 ], [ -171.7879519, -13.8268175 ], [ -171.788358, -13.82679 ], [ -171.7888648, -13.8273004 ], [ -171.7896864, -13.8272271 ], [ -171.7911911, -13.8269856 ], [ -171.7914831, -13.8274348 ], [ -171.79161160000001, -13.8273968 ], [ -171.791811200000012, -13.8273157 ], [ -171.7917703, -13.8271659 ], [ -171.791934700000013, -13.8269744 ], [ -171.792473199999989, -13.8269863 ], [ -171.7927115, -13.82679 ], [ -171.792887799999988, -13.826903 ], [ -171.793083, -13.8266983 ], [ -171.792856300000011, -13.8264843 ], [ -171.7930987, -13.8261908 ], [ -171.7930601, -13.8255475 ], [ -171.7925447, -13.8254297 ], [ -171.792270800000011, -13.8249743 ], [ -171.7923482, -13.8247615 ], [ -171.792790200000013, -13.8245372 ], [ -171.793061099999989, -13.8246006 ], [ -171.7932844, -13.8241948 ], [ -171.7935048, -13.8240909 ], [ -171.7936142, -13.8235751 ], [ -171.7936779, -13.8232289 ], [ -171.7944901, -13.8230149 ], [ -171.7948049, -13.8229263 ], [ -171.7950095, -13.8227245 ], [ -171.795397400000013, -13.8225912 ], [ -171.7955667, -13.8222355 ], [ -171.7955413, -13.8219545 ], [ -171.7962498, -13.8214285 ], [ -171.7962324, -13.8210987 ], [ -171.7969194, -13.8207037 ], [ -171.797217100000012, -13.8208764 ], [ -171.7974682, -13.8207732 ], [ -171.7977343, -13.8210315 ], [ -171.7981287, -13.821376 ], [ -171.798391, -13.8212002 ], [ -171.7985592, -13.8214776 ], [ -171.7984434, -13.8215771 ], [ -171.7985956, -13.8216391 ], [ -171.7987803, -13.8219875 ], [ -171.799250300000011, -13.8218744 ], [ -171.798169699999988, -13.8202302 ], [ -171.7987695, -13.8198079 ], [ -171.799112799999989, -13.8203791 ], [ -171.799396699999988, -13.820297 ], [ -171.7995249, -13.8205132 ], [ -171.799572399999988, -13.8205265 ], [ -171.8002435, -13.8220172 ], [ -171.8002755, -13.8219419 ], [ -171.800332200000014, -13.8217819 ], [ -171.8005006, -13.8216833 ], [ -171.8002506, -13.8213553 ], [ -171.8005057, -13.8211851 ], [ -171.8007907, -13.821568 ], [ -171.8011778, -13.8213846 ], [ -171.8012565, -13.8215008 ], [ -171.8014139, -13.8214091 ], [ -171.8011046, -13.8208758 ], [ -171.801173799999987, -13.8207613 ], [ -171.8013029, -13.8207165 ], [ -171.8014556, -13.820798 ], [ -171.801549200000011, -13.8208407 ], [ -171.801781299999988, -13.8208648 ], [ -171.8020895, -13.8208753 ], [ -171.802229399999987, -13.8207373 ], [ -171.8023435, -13.8204954 ], [ -171.801353400000011, -13.8195953 ], [ -171.8009738, -13.8193825 ], [ -171.800847299999987, -13.8192999 ], [ -171.8008347, -13.8191593 ], [ -171.8009355, -13.8191257 ], [ -171.801053700000011, -13.8191905 ], [ -171.8011736, -13.8190347 ], [ -171.8012345, -13.8188016 ], [ -171.801436, -13.8187038 ], [ -171.8015971, -13.8188287 ], [ -171.8017476, -13.8187863 ], [ -171.8020267, -13.8189369 ], [ -171.802537699999988, -13.8182056 ], [ -171.802643, -13.8182602 ], [ -171.8030162, -13.8181811 ], [ -171.803063, -13.8180046 ], [ -171.8030257, -13.8176706 ], [ -171.8025126, -13.8172824 ], [ -171.8022072, -13.817209 ], [ -171.802056099999987, -13.817261 ], [ -171.8017446, -13.8171697 ], [ -171.801251799999989, -13.8169803 ], [ -171.8006872, -13.8163682 ], [ -171.8003009, -13.8165306 ], [ -171.80016470000001, -13.8164976 ], [ -171.800051200000013, -13.8164557 ], [ -171.7999422, -13.8163013 ], [ -171.7998695, -13.8161712 ], [ -171.800008, -13.8161403 ], [ -171.8000898, -13.8162374 ], [ -171.8001874, -13.8163564 ], [ -171.8002782, -13.8163961 ], [ -171.800423599999988, -13.8163763 ], [ -171.8005485, -13.8163057 ], [ -171.800607500000012, -13.8162285 ], [ -171.8005144, -13.8160632 ], [ -171.8003146, -13.8160191 ], [ -171.8003123, -13.8159551 ], [ -171.800466699999987, -13.8159772 ], [ -171.8005621, -13.8160169 ], [ -171.800677900000011, -13.8161249 ], [ -171.800790799999987, -13.8162908 ], [ -171.8010166, -13.8165951 ], [ -171.801263400000011, -13.8168296 ], [ -171.8013956, -13.816934 ], [ -171.801662099999987, -13.8169691 ], [ -171.801902500000011, -13.8168437 ], [ -171.8021626, -13.8169076 ], [ -171.802246, -13.8169731 ], [ -171.802232, -13.8170512 ], [ -171.802467900000011, -13.8171722 ], [ -171.8026089, -13.8171789 ], [ -171.802673199999987, -13.8171446 ], [ -171.8028151, -13.8171506 ], [ -171.8029525, -13.817235 ], [ -171.803023200000013, -13.8173192 ], [ -171.803062, -13.8174136 ], [ -171.803267299999987, -13.8175469 ], [ -171.8035271, -13.8176031 ], [ -171.8038517, -13.8176155 ], [ -171.8041986, -13.8175812 ], [ -171.8044668, -13.8176177 ], [ -171.8045679, -13.8176903 ], [ -171.804574300000013, -13.8177839 ], [ -171.804642300000012, -13.8178206 ], [ -171.8048473, -13.8176903 ], [ -171.8048954, -13.8176092 ], [ -171.8050182, -13.8174775 ], [ -171.8050239, -13.817235 ], [ -171.8050656, -13.8172288 ], [ -171.8050849, -13.817288 ], [ -171.805100900000014, -13.8172163 ], [ -171.804888299999988, -13.817057 ], [ -171.8042496, -13.8164174 ], [ -171.804412, -13.8161328 ], [ -171.804365499999989, -13.8159596 ], [ -171.8043984, -13.8158447 ], [ -171.8040878, -13.815483 ], [ -171.8041141, -13.8154159 ], [ -171.804166400000014, -13.815445 ], [ -171.8045036, -13.8158091 ], [ -171.804964399999989, -13.8160044 ], [ -171.8052993, -13.8163672 ], [ -171.8061289, -13.8161345 ], [ -171.806254599999988, -13.8164681 ], [ -171.807505, -13.8166615 ], [ -171.8076723, -13.8166917 ], [ -171.8078682, -13.8166449 ], [ -171.8080005, -13.8167079 ], [ -171.808073799999988, -13.8166137 ], [ -171.807971, -13.8165357 ], [ -171.8080735, -13.816369 ], [ -171.808055700000011, -13.8162701 ], [ -171.808039799999989, -13.8161841 ], [ -171.8081013, -13.815978 ], [ -171.8080721, -13.8159512 ], [ -171.8079444, -13.8159195 ], [ -171.807814799999989, -13.815847 ], [ -171.8077968, -13.81571 ], [ -171.8077514, -13.815688 ], [ -171.8076744, -13.8156338 ], [ -171.807746900000012, -13.8155821 ], [ -171.807765, -13.8155314 ], [ -171.8078117, -13.8154532 ], [ -171.8079036, -13.8154564 ], [ -171.808003500000012, -13.8154454 ], [ -171.8081374, -13.8154344 ], [ -171.8082192, -13.8153859 ], [ -171.808303200000012, -13.8154057 ], [ -171.8083009, -13.8154719 ], [ -171.808360099999987, -13.8155058 ], [ -171.808446300000014, -13.8152999 ], [ -171.8085235, -13.8152293 ], [ -171.8085754, -13.8151313 ], [ -171.8086733, -13.8151147 ], [ -171.8087665, -13.8150904 ], [ -171.808861799999988, -13.8150507 ], [ -171.808905, -13.8151191 ], [ -171.8089417, -13.8150919 ], [ -171.80888, -13.8149779 ], [ -171.8089095, -13.8149382 ], [ -171.8088845, -13.8148765 ], [ -171.8088664, -13.8147949 ], [ -171.8089277, -13.8146869 ], [ -171.808834600000012, -13.8146053 ], [ -171.808881, -13.8144882 ], [ -171.8091072, -13.8143906 ], [ -171.8091162, -13.8142282 ], [ -171.8091048, -13.8140937 ], [ -171.8090503, -13.8140408 ], [ -171.8090276, -13.8139746 ], [ -171.8090321, -13.8138401 ], [ -171.809073, -13.8138247 ], [ -171.8090412, -13.8137563 ], [ -171.80893660000001, -13.8135892 ], [ -171.80897490000001, -13.8134396 ], [ -171.8090172, -13.813387 ], [ -171.809078199999988, -13.8133761 ], [ -171.8091569, -13.8133995 ], [ -171.809177799999986, -13.8133542 ], [ -171.809100699999988, -13.8133106 ], [ -171.8090622, -13.8131983 ], [ -171.809067, -13.8131297 ], [ -171.809123199999988, -13.8130658 ], [ -171.809111300000012, -13.8129844 ], [ -171.8089321, -13.8130065 ], [ -171.808794, -13.8129785 ], [ -171.808688499999988, -13.8128649 ], [ -171.808603, -13.8125466 ], [ -171.8086624, -13.8124842 ], [ -171.8086672, -13.8123844 ], [ -171.8086094, -13.8122893 ], [ -171.808492199999989, -13.8122425 ], [ -171.8084067, -13.812082 ], [ -171.8077472, -13.8111447 ], [ -171.8077653, -13.8109597 ], [ -171.8079641, -13.8108649 ], [ -171.8080378, -13.8106318 ], [ -171.8077786, -13.8102365 ], [ -171.8076692, -13.8098625 ], [ -171.807944, -13.8097584 ], [ -171.8079943, -13.80918 ], [ -171.808452499999987, -13.808455 ], [ -171.808193499999987, -13.8084927 ], [ -171.8078002, -13.8080082 ], [ -171.8079659, -13.8078833 ], [ -171.808765, -13.8080898 ], [ -171.809610099999986, -13.8077922 ], [ -171.809899699999988, -13.806558 ], [ -171.810100299999988, -13.806465 ], [ -171.810552800000011, -13.8066269 ], [ -171.8113382, -13.8061184 ], [ -171.8119777, -13.8062383 ], [ -171.8121363, -13.8059999 ], [ -171.8124086, -13.8058677 ], [ -171.8122725, -13.8049931 ], [ -171.8126217, -13.8045091 ], [ -171.8133197, -13.8046676 ], [ -171.8135711, -13.8043625 ], [ -171.813979499999988, -13.8044846 ], [ -171.8144298, -13.8047897 ], [ -171.815085900000014, -13.8048669 ], [ -171.8154059, -13.8045403 ], [ -171.816716500000013, -13.8041612 ], [ -171.816991300000012, -13.8036945 ], [ -171.8175675, -13.8034044 ], [ -171.818202899999989, -13.8028205 ], [ -171.818492099999986, -13.8024538 ], [ -171.818784099999988, -13.802505 ], [ -171.8188888, -13.8021287 ], [ -171.818689799999987, -13.8019558 ], [ -171.8180824, -13.8020168 ], [ -171.818187200000011, -13.8018846 ], [ -171.818700299999989, -13.8018541 ], [ -171.8190983, -13.8019558 ], [ -171.8192852, -13.8016109 ], [ -171.8188792, -13.8012496 ], [ -171.8193542, -13.8002882 ], [ -171.8198994, -13.7999695 ], [ -171.8211594, -13.7999059 ], [ -171.8215309, -13.7990656 ], [ -171.8227545, -13.7984384 ], [ -171.823546, -13.7990584 ], [ -171.8241807, -13.7992734 ], [ -171.824375, -13.7995535 ], [ -171.825657299999989, -13.7996802 ], [ -171.826446299999986, -13.7994555 ], [ -171.8267583, -13.7988425 ], [ -171.8272191, -13.798517 ], [ -171.8278296, -13.7957696 ], [ -171.8282324, -13.7957133 ], [ -171.828715, -13.7954138 ], [ -171.8292243, -13.7955375 ], [ -171.82934130000001, -13.7953579 ], [ -171.8296843, -13.794944 ], [ -171.8293224, -13.7948398 ], [ -171.82932790000001, -13.7945332 ], [ -171.8295636, -13.7939481 ], [ -171.8297111, -13.793909 ], [ -171.8297111, -13.7932516 ], [ -171.8301199, -13.7932126 ], [ -171.8302469, -13.7930452 ], [ -171.8310109, -13.7931235 ], [ -171.8311986, -13.7934489 ], [ -171.83156360000001, -13.7932105 ], [ -171.832444400000014, -13.7936385 ], [ -171.8324654, -13.7941714 ], [ -171.8327622, -13.7943544 ], [ -171.8328271, -13.7948218 ], [ -171.8337204, -13.795144 ], [ -171.834776, -13.7948837 ], [ -171.8356641, -13.7955318 ], [ -171.8361347, -13.7954683 ], [ -171.836542, -13.795209 ], [ -171.836459, -13.7950761 ], [ -171.836439500000012, -13.794891 ], [ -171.83678470000001, -13.7946953 ], [ -171.8366412, -13.7945301 ], [ -171.836553, -13.794524 ], [ -171.8363323, -13.7942857 ], [ -171.836654, -13.7942531 ], [ -171.8367714, -13.7940492 ], [ -171.83725720000001, -13.7943117 ], [ -171.8377733, -13.7942922 ], [ -171.838146200000011, -13.7944865 ], [ -171.8379878, -13.7948845 ], [ -171.83818, -13.7952457 ], [ -171.8377896, -13.7960701 ], [ -171.8381067, -13.7964966 ], [ -171.8388608, -13.7965271 ], [ -171.839174899999989, -13.7970458 ], [ -171.8401101, -13.796802 ], [ -171.8400167, -13.7974844 ], [ -171.839681500000012, -13.7979217 ], [ -171.8396835, -13.7982745 ], [ -171.8410929, -13.7984494 ], [ -171.84142, -13.7980031 ], [ -171.842121600000013, -13.7979116 ], [ -171.842798, -13.7969576 ], [ -171.8435561, -13.797398 ], [ -171.843061, -13.7986751 ], [ -171.8436174, -13.7988592 ], [ -171.843843099999987, -13.7985704 ], [ -171.8446945, -13.7986205 ], [ -171.8452931, -13.7990835 ], [ -171.8461029, -13.7988732 ], [ -171.846756699999986, -13.7992919 ], [ -171.8479432, -13.7986949 ], [ -171.847945, -13.7994394 ], [ -171.8486512, -13.7994756 ], [ -171.8489104, -13.7998034 ], [ -171.848645800000014, -13.80005 ], [ -171.8485556, -13.8003909 ], [ -171.8489664, -13.800281 ], [ -171.84914950000001, -13.8001226 ], [ -171.849598500000013, -13.8004546 ], [ -171.8496654, -13.8000472 ], [ -171.8492521, -13.7996297 ], [ -171.84939, -13.7992349 ], [ -171.8495799, -13.7991948 ], [ -171.8498796, -13.7994347 ], [ -171.8501867, -13.7999247 ], [ -171.850892, -13.7991607 ], [ -171.8507611, -13.7981183 ], [ -171.850797699999987, -13.7969337 ], [ -171.8503684, -13.7968219 ], [ -171.8505202, -13.7963333 ], [ -171.850797699999987, -13.7963845 ], [ -171.8510104, -13.7957343 ], [ -171.8522187, -13.79522 ], [ -171.8531194, -13.7952709 ], [ -171.8535906, -13.7955073 ], [ -171.8543106, -13.7955963 ], [ -171.8551764, -13.7961468 ], [ -171.855072299999989, -13.7967917 ], [ -171.855273399999987, -13.7972669 ], [ -171.855126, -13.7973059 ], [ -171.854924899999986, -13.79769 ], [ -171.854743899999988, -13.7978397 ], [ -171.854663499999987, -13.7983343 ], [ -171.854971799999987, -13.7980935 ], [ -171.855219799999986, -13.7988486 ], [ -171.8544042, -13.7996526 ], [ -171.854646699999989, -13.7996215 ], [ -171.854847799999988, -13.7993611 ], [ -171.8552114, -13.7993468 ], [ -171.8554426, -13.7989625 ], [ -171.855859, -13.7988202 ], [ -171.855958, -13.7993272 ], [ -171.8565083, -13.7985216 ], [ -171.857155, -13.7984809 ], [ -171.8579666, -13.798875 ], [ -171.8584208, -13.79887 ], [ -171.85885780000001, -13.7994607 ], [ -171.859477700000014, -13.7999993 ], [ -171.8598231, -13.8001801 ], [ -171.8597409, -13.8005583 ], [ -171.8600817, -13.8006806 ], [ -171.8600255, -13.8008171 ], [ -171.8606218, -13.8008582 ], [ -171.860523, -13.8001251 ], [ -171.8608094, -13.7999567 ], [ -171.8606359, -13.7993669 ], [ -171.8603649, -13.7992899 ], [ -171.8605243, -13.7985462 ], [ -171.8618591, -13.7975896 ], [ -171.8626667, -13.7973515 ], [ -171.863044800000011, -13.7970922 ], [ -171.863672900000012, -13.7969723 ], [ -171.863749899999988, -13.7973049 ], [ -171.8639115, -13.7973866 ], [ -171.863984, -13.7973457 ], [ -171.864225800000014, -13.7973305 ], [ -171.864304299999986, -13.7973432 ], [ -171.8644311, -13.7972816 ], [ -171.8645091, -13.797133 ], [ -171.8645549, -13.7968661 ], [ -171.8643942, -13.7963301 ], [ -171.8648441, -13.7954909 ], [ -171.8655235, -13.7948046 ], [ -171.86631220000001, -13.794801 ], [ -171.8665877, -13.7956399 ], [ -171.866702, -13.7964841 ], [ -171.866658, -13.7970009 ], [ -171.8657952, -13.7977006 ], [ -171.8664905, -13.7976658 ], [ -171.8669663, -13.7978425 ], [ -171.8673306, -13.7974083 ], [ -171.8674211, -13.7970004 ], [ -171.867206399999986, -13.7965635 ], [ -171.8670172, -13.7963996 ], [ -171.8672422, -13.7955058 ], [ -171.8675694, -13.7955803 ], [ -171.8676921, -13.7965436 ], [ -171.8676103, -13.796772 ], [ -171.8678864, -13.7970203 ], [ -171.8684333, -13.7971474 ], [ -171.8686659, -13.7976788 ], [ -171.870218200000011, -13.7981793 ], [ -171.8714349, -13.7978533 ], [ -171.8713306, -13.7974047 ], [ -171.8720563, -13.797095 ], [ -171.8726663, -13.7968171 ], [ -171.8726824, -13.7964139 ], [ -171.8731529, -13.7963847 ], [ -171.873471, -13.7965545 ], [ -171.873442, -13.7967358 ], [ -171.87477770000001, -13.797189 ], [ -171.8754237, -13.7972404 ], [ -171.8761213, -13.7967622 ], [ -171.8764223, -13.796709 ], [ -171.877161, -13.7974929 ], [ -171.8792445, -13.798152 ], [ -171.8806358, -13.7977748 ], [ -171.881025099999988, -13.7973677 ], [ -171.882578099999989, -13.7970279 ], [ -171.8838777, -13.7976921 ], [ -171.8839843, -13.7983735 ], [ -171.8846413, -13.7988582 ], [ -171.8863811, -13.7999506 ], [ -171.8868051, -13.8005484 ], [ -171.8866836, -13.801323 ], [ -171.8871502, -13.8017674 ], [ -171.8876344, -13.8021114 ], [ -171.8876323, -13.801596 ], [ -171.887896, -13.8015951 ], [ -171.8886781, -13.8021995 ], [ -171.8899226, -13.8024495 ], [ -171.894434100000012, -13.8023298 ], [ -171.895016700000014, -13.8020846 ], [ -171.8950146, -13.8015694 ], [ -171.8960252, -13.8010133 ], [ -171.8970512, -13.801279 ], [ -171.8989134, -13.8013868 ], [ -171.9005474, -13.8005184 ], [ -171.9013325, -13.7989695 ], [ -171.901866500000011, -13.7983962 ], [ -171.902732, -13.7980819 ], [ -171.903412300000014, -13.7981704 ], [ -171.9047118, -13.7989808 ], [ -171.9054779, -13.7994723 ], [ -171.906722800000011, -13.7993793 ], [ -171.9068682, -13.7986915 ], [ -171.907658199999986, -13.7984309 ], [ -171.908268600000014, -13.7986486 ], [ -171.9086653, -13.7990073 ], [ -171.910005899999987, -13.7998708 ], [ -171.9105257, -13.8000834 ], [ -171.910775200000018, -13.80057930351925 ], [ -171.9111139, -13.8012525 ], [ -171.91126460000001, -13.8014574 ], [ -171.9112002, -13.8016762 ], [ -171.911335400000013, -13.8016605 ], [ -171.9116057, -13.8019106 ], [ -171.911955299999988, -13.8021682 ], [ -171.9119662, -13.8024669 ], [ -171.9121046, -13.8025201 ], [ -171.912243, -13.8027232 ], [ -171.912523, -13.8028733 ], [ -171.9126324, -13.8026013 ], [ -171.913046799999989, -13.8027779 ], [ -171.913032500000014, -13.8029288 ], [ -171.913031499999988, -13.8031514 ], [ -171.913530400000013, -13.8033202 ], [ -171.9139295, -13.8033421 ], [ -171.914270499999986, -13.8032419 ], [ -171.9148597, -13.8034658 ], [ -171.915010700000011, -13.8036055 ], [ -171.9151674, -13.8037028 ], [ -171.9151522, -13.8038463 ], [ -171.9155811, -13.8039941 ], [ -171.9161167, -13.8041087 ], [ -171.9160771, -13.804414 ], [ -171.9167567, -13.8046795 ], [ -171.917793, -13.8047472 ], [ -171.9190197, -13.8047011 ], [ -171.9197202, -13.8044815 ], [ -171.920474399999989, -13.8041434 ], [ -171.92146360000001, -13.8042651 ], [ -171.9217945, -13.8039607 ], [ -171.9224544, -13.8039625 ], [ -171.9232409, -13.8053299 ], [ -171.923697, -13.8053669 ], [ -171.9248859, -13.8059184 ], [ -171.924824300000012, -13.8061622 ], [ -171.9252855, -13.8063963 ], [ -171.9258383, -13.8065431 ], [ -171.92648650000001, -13.8065338 ], [ -171.9275318, -13.806563 ], [ -171.9283046, -13.8065846 ], [ -171.9294691, -13.8066171 ], [ -171.9300381, -13.8075391 ], [ -171.9301457, -13.8082889 ], [ -171.9304875, -13.8087015 ], [ -171.930832400000014, -13.8088843 ], [ -171.931261400000011, -13.8091126 ], [ -171.931791, -13.8093007 ], [ -171.9324891, -13.8095087 ], [ -171.932592, -13.8092605 ], [ -171.9331837, -13.8093839 ], [ -171.9331363, -13.809673 ], [ -171.9335494, -13.8098536 ], [ -171.9340445, -13.8099842 ], [ -171.934717299999988, -13.8101572 ], [ -171.9359959, -13.8102068 ], [ -171.9364458, -13.8102252 ], [ -171.936700800000011, -13.8101518 ], [ -171.9367833, -13.810221 ], [ -171.937146399999989, -13.8101601 ], [ -171.937227, -13.8099743 ], [ -171.937558599999988, -13.8099666 ], [ -171.937684600000011, -13.8100645 ], [ -171.937836299999987, -13.8101328 ], [ -171.937884200000013, -13.8102601 ], [ -171.9384738, -13.8103306 ], [ -171.9389466, -13.8102717 ], [ -171.939540599999987, -13.8102096 ], [ -171.940187, -13.8097443 ], [ -171.9407804, -13.8097918 ], [ -171.9408544, -13.8099419 ], [ -171.941222900000014, -13.8098741 ], [ -171.9413769, -13.8100561 ], [ -171.9414313, -13.8102485 ], [ -171.9417143, -13.8102886 ], [ -171.9423066, -13.8108702 ], [ -171.9422882, -13.8119424 ], [ -171.9431591, -13.8129934 ], [ -171.9443686, -13.8140105 ], [ -171.9451518, -13.8144727 ], [ -171.9456499, -13.8147147 ], [ -171.946179199999989, -13.8149555 ], [ -171.946982100000014, -13.8151463 ], [ -171.947971700000011, -13.8153071 ], [ -171.948111, -13.8146477 ], [ -171.948369, -13.8146991 ], [ -171.948491100000012, -13.8147183 ], [ -171.9491936, -13.8148775 ], [ -171.9490997, -13.8155718 ], [ -171.9494234, -13.8156167 ], [ -171.9495125, -13.8150725 ], [ -171.9498505, -13.8151177 ], [ -171.9497687, -13.8156584 ], [ -171.950398, -13.8157608 ], [ -171.9508051, -13.8158234 ], [ -171.951193100000012, -13.815656 ], [ -171.9511049, -13.8155344 ], [ -171.9512661, -13.8153484 ], [ -171.9515988, -13.8154214 ], [ -171.9517984, -13.8153359 ], [ -171.9518333, -13.8152788 ], [ -171.9519764, -13.8152604 ], [ -171.9520456, -13.8153739 ], [ -171.9520488, -13.815488 ], [ -171.9521249, -13.8155704 ], [ -171.9523943, -13.8156496 ], [ -171.9525274, -13.815713 ], [ -171.9525813, -13.8158778 ], [ -171.9527524, -13.8160014 ], [ -171.953082, -13.8161124 ], [ -171.9533989, -13.8161884 ], [ -171.953563800000012, -13.8164103 ], [ -171.9535986, -13.8166448 ], [ -171.953673900000013, -13.816786 ], [ -171.9538743, -13.8168698 ], [ -171.954023299999989, -13.8169966 ], [ -171.954197599999986, -13.8169617 ], [ -171.9542705, -13.8170061 ], [ -171.95432120000001, -13.8171265 ], [ -171.9544955, -13.8170948 ], [ -171.9546255, -13.8170156 ], [ -171.954822, -13.8171044 ], [ -171.9548125, -13.8172628 ], [ -171.9553544, -13.8175069 ], [ -171.9557126, -13.8177319 ], [ -171.9558615, -13.8177858 ], [ -171.955911500000013, -13.8179421 ], [ -171.9560042, -13.8179442 ], [ -171.956051699999989, -13.8180457 ], [ -171.95614040000001, -13.8183055 ], [ -171.9562482, -13.8184545 ], [ -171.9563306, -13.8185528 ], [ -171.9563211, -13.8186193 ], [ -171.9564669, -13.8188253 ], [ -171.9565778, -13.8189838 ], [ -171.956609500000013, -13.8191327 ], [ -171.9566792, -13.8193292 ], [ -171.9568706, -13.8195153 ], [ -171.957405, -13.8199219 ], [ -171.9580072, -13.8202737 ], [ -171.959298600000011, -13.8211181 ], [ -171.95964140000001, -13.8211527 ], [ -171.9599575, -13.8213559 ], [ -171.960331599999989, -13.8212936 ], [ -171.9604048, -13.8215208 ], [ -171.961198, -13.8221688 ], [ -171.961462399999988, -13.8220954 ], [ -171.9617287, -13.8222414 ], [ -171.9623306, -13.8235963 ], [ -171.9628903, -13.8238798 ], [ -171.9631239, -13.8241131 ], [ -171.9630508, -13.824268 ], [ -171.9632964, -13.8244239 ], [ -171.9631862, -13.8247204 ], [ -171.9634821, -13.8250169 ], [ -171.963501400000013, -13.8251056 ], [ -171.9641723, -13.825282 ], [ -171.9644294, -13.8254577 ], [ -171.964731300000011, -13.8255069 ], [ -171.9649048, -13.8256226 ], [ -171.965200399999986, -13.8257168 ], [ -171.965553699999987, -13.8257944 ], [ -171.965521599999988, -13.8259824 ], [ -171.9656315, -13.8262325 ], [ -171.9658493, -13.82637 ], [ -171.9661385, -13.8265093 ], [ -171.966416900000013, -13.8265178 ], [ -171.9666868, -13.8266549 ], [ -171.9669759, -13.8269333 ], [ -171.9672179, -13.8270425 ], [ -171.9676591, -13.8270811 ], [ -171.9677576, -13.8271668 ], [ -171.9677876, -13.827276 ], [ -171.9679076, -13.8273231 ], [ -171.9679418, -13.8272781 ], [ -171.968126, -13.8273788 ], [ -171.9685886, -13.8274516 ], [ -171.96898920000001, -13.827448 ], [ -171.96942390000001, -13.827578 ], [ -171.9698673, -13.8276487 ], [ -171.9700215, -13.8276315 ], [ -171.970418200000012, -13.8277037 ], [ -171.970837, -13.8282878 ], [ -171.9711156, -13.8289603 ], [ -171.9707522, -13.8291965 ], [ -171.9707522, -13.8293601 ], [ -171.9712428, -13.8294146 ], [ -171.971486700000014, -13.8291364 ], [ -171.972424100000012, -13.8285302 ], [ -171.9729025, -13.8279415 ], [ -171.975429, -13.8281233 ], [ -171.975624900000014, -13.8278813 ], [ -171.9769159, -13.8277775 ], [ -171.9773166, -13.8279634 ], [ -171.9777707, -13.8279288 ], [ -171.977873100000011, -13.8277343 ], [ -171.9790061, -13.8278204 ], [ -171.9798874, -13.8283273 ], [ -171.9816721, -13.8279836 ], [ -171.98216450000001, -13.8279407 ], [ -171.9827857, -13.8280442 ], [ -171.9830509, -13.8279937 ], [ -171.983186, -13.8279005 ], [ -171.983657599999987, -13.8277672 ], [ -171.9840686, -13.827971 ], [ -171.9841418, -13.828221 ], [ -171.98455340000001, -13.8284432 ], [ -171.984806, -13.8284028 ], [ -171.9848464, -13.8284584 ], [ -171.9848666, -13.8285645 ], [ -171.9849954, -13.8287715 ], [ -171.9851242, -13.8288271 ], [ -171.9851721, -13.8283751 ], [ -171.9852176, -13.8283599 ], [ -171.98527820000001, -13.8284887 ], [ -171.9859348, -13.8286907 ], [ -171.9859878, -13.8285973 ], [ -171.986414599999989, -13.8286251 ], [ -171.9867037, -13.8286105 ], [ -171.9872131, -13.8287644 ], [ -171.9876902, -13.8288264 ], [ -171.9889466, -13.8289991 ], [ -171.9898336, -13.8290303 ], [ -171.990176600000012, -13.8291126 ], [ -171.991591, -13.8291173 ], [ -171.9919882, -13.8290587 ], [ -171.9921961, -13.8289376 ], [ -171.9924173, -13.8288975 ], [ -171.992626, -13.8287608 ], [ -171.992703299999988, -13.828661 ], [ -171.9927683, -13.8285817 ], [ -171.9929076, -13.8285395 ], [ -171.9931229, -13.8285841 ], [ -171.9932206, -13.8286711 ], [ -171.9932565, -13.8287776 ], [ -171.9932566, -13.8289388 ], [ -171.9932729, -13.8290126 ], [ -171.993335699999989, -13.8290734 ], [ -171.9935197, -13.8291161 ], [ -171.9938923, -13.829107 ], [ -171.9940033, -13.8291672 ], [ -171.9940822, -13.8291156 ], [ -171.9948426, -13.8291531 ], [ -171.9960547, -13.8291503 ], [ -171.9970267, -13.829206 ], [ -171.997688399999987, -13.8291773 ], [ -171.997831100000013, -13.8291206 ], [ -171.998066599999987, -13.8292185 ], [ -171.9985958, -13.8291979 ], [ -171.9996826, -13.8292234 ], [ -172.0006407, -13.8292234 ], [ -172.00135370000001, -13.8292221 ], [ -172.0019914, -13.8292438 ], [ -172.003734400000013, -13.8292643 ], [ -172.0045096, -13.8292755 ], [ -172.0048093, -13.8292512 ], [ -172.0050224, -13.8292573 ], [ -172.0054676, -13.8292797 ], [ -172.005843700000014, -13.8292625 ], [ -172.0059832, -13.8292185 ], [ -172.0062407, -13.8291922 ], [ -172.006441700000011, -13.8291586 ], [ -172.006744200000014, -13.8292141 ], [ -172.0069317, -13.8292005 ], [ -172.0073112, -13.8291557 ], [ -172.007393799999988, -13.8290378 ], [ -172.0074861, -13.8290107 ], [ -172.0075757, -13.8290273 ], [ -172.007649500000014, -13.8291544 ], [ -172.008202, -13.829194 ], [ -172.0090505, -13.8292768 ], [ -172.0094316, -13.8292732 ], [ -172.00961190000001, -13.8293138 ], [ -172.0098782, -13.8292516 ], [ -172.010307399999988, -13.8291935 ], [ -172.010603800000013, -13.829145 ], [ -172.0109401, -13.8291961 ], [ -172.011219899999986, -13.8291031 ], [ -172.011435799999987, -13.8290056 ], [ -172.011525400000011, -13.8288672 ], [ -172.0115032, -13.8287427 ], [ -172.0108667, -13.8279924 ], [ -172.010706, -13.8278763 ], [ -172.0103152, -13.8279737 ], [ -172.0101243, -13.8279959 ], [ -172.0099035, -13.8280857 ], [ -172.0098582, -13.8279409 ], [ -172.0098491, -13.8275166 ], [ -172.009903, -13.8274328 ], [ -172.0099837, -13.8274539 ], [ -172.009978600000011, -13.8276875 ], [ -172.010028799999986, -13.8278919 ], [ -172.0102066, -13.8278729 ], [ -172.010378300000013, -13.8278453 ], [ -172.0105848, -13.8278195 ], [ -172.01068, -13.8277172 ], [ -172.01061, -13.8276065 ], [ -172.0105902, -13.827445 ], [ -172.0105006, -13.8273049 ], [ -172.0105604, -13.8272817 ], [ -172.0106261, -13.8273119 ], [ -172.0107195, -13.8274487 ], [ -172.0107626, -13.8276174 ], [ -172.0108646, -13.8276828 ], [ -172.011020699999989, -13.8277531 ], [ -172.0110276, -13.8279323 ], [ -172.0116141, -13.8286558 ], [ -172.0117541, -13.8287108 ], [ -172.0119638, -13.828641 ], [ -172.012359, -13.8284321 ], [ -172.0124444, -13.8282571 ], [ -172.012454, -13.8281569 ], [ -172.012397099999987, -13.8280726 ], [ -172.0123977, -13.827996 ], [ -172.0124956, -13.8279098 ], [ -172.0126027, -13.8278691 ], [ -172.0130919, -13.8272893 ], [ -172.0139917, -13.8274125 ], [ -172.0145903, -13.8271709 ], [ -172.014472500000011, -13.8268111 ], [ -172.0145817, -13.826779 ], [ -172.014720899999986, -13.8271345 ], [ -172.015025900000012, -13.8270663 ], [ -172.0154191, -13.8267254 ], [ -172.0154243, -13.826631 ], [ -172.0153699, -13.8263956 ], [ -172.015494100000012, -13.8263527 ], [ -172.0155776, -13.8265841 ], [ -172.01645, -13.8263698 ], [ -172.0166806, -13.825888 ], [ -172.0164622, -13.8255517 ], [ -172.016547800000012, -13.8255003 ], [ -172.0167596, -13.8257768 ], [ -172.0169419, -13.8256717 ], [ -172.017171100000013, -13.8256246 ], [ -172.017473599999988, -13.8253741 ], [ -172.017175400000013, -13.8247936 ], [ -172.017333799999989, -13.8247379 ], [ -172.017563, -13.8251962 ], [ -172.0177215, -13.8252819 ], [ -172.0183405, -13.8251255 ], [ -172.0192433, -13.824703 ], [ -172.0195377, -13.8246522 ], [ -172.0196062, -13.8245494 ], [ -172.019177899999988, -13.823682 ], [ -172.0193021, -13.8236606 ], [ -172.0194285, -13.8238598 ], [ -172.0198226, -13.8245922 ], [ -172.0200817, -13.8248043 ], [ -172.020252, -13.8247525 ], [ -172.0204158, -13.8249028 ], [ -172.0204115, -13.8250484 ], [ -172.0205272, -13.8251512 ], [ -172.0205272, -13.8253054 ], [ -172.020881, -13.8254418 ], [ -172.0214353, -13.8255132 ], [ -172.021452399999987, -13.8253847 ], [ -172.0214546, -13.8251084 ], [ -172.0213925, -13.8246458 ], [ -172.0213368, -13.8241917 ], [ -172.0213518, -13.8240911 ], [ -172.0214781, -13.8240354 ], [ -172.0217073, -13.8240397 ], [ -172.0217051, -13.8240911 ], [ -172.0214631, -13.824121 ], [ -172.0214032, -13.8241982 ], [ -172.021446, -13.8246265 ], [ -172.0215145, -13.825102 ], [ -172.0215359, -13.825511 ], [ -172.0217972, -13.825571 ], [ -172.0225726, -13.8255732 ], [ -172.0233479, -13.825631 ], [ -172.0239833, -13.8256166 ], [ -172.024241, -13.8255325 ], [ -172.0243266, -13.8252605 ], [ -172.024459400000012, -13.8251084 ], [ -172.0246865, -13.8250163 ], [ -172.0247186, -13.8250441 ], [ -172.02474, -13.8252026 ], [ -172.024810699999989, -13.8252583 ], [ -172.0257806, -13.8249393 ], [ -172.026022899999987, -13.8250934 ], [ -172.0261257, -13.8253183 ], [ -172.026199600000012, -13.8254948 ], [ -172.0269717, -13.8256331 ], [ -172.0275521, -13.8255732 ], [ -172.0275992, -13.824952 ], [ -172.0275473, -13.8248879 ], [ -172.0275591, -13.8248012 ], [ -172.027681199999989, -13.8247487 ], [ -172.027790399999986, -13.8247691 ], [ -172.0278022, -13.8248333 ], [ -172.0277604, -13.8249554 ], [ -172.0276849, -13.8249585 ], [ -172.0276335, -13.8255217 ], [ -172.0277984, -13.8256053 ], [ -172.0284993, -13.825781 ], [ -172.0286573, -13.8257541 ], [ -172.028907299999986, -13.825705 ], [ -172.0288955, -13.8253934 ], [ -172.0289694, -13.8253891 ], [ -172.0290066, -13.825798 ], [ -172.029124700000011, -13.825796 ], [ -172.0291729, -13.825932 ], [ -172.029327099999989, -13.8260563 ], [ -172.029672, -13.8255171 ], [ -172.029822, -13.8254838 ], [ -172.029825, -13.8255247 ], [ -172.0298038, -13.8255428 ], [ -172.029714399999989, -13.8255625 ], [ -172.029379799999987, -13.8261198 ], [ -172.0293374, -13.8262789 ], [ -172.0295203, -13.8265123 ], [ -172.030567100000013, -13.8271118 ], [ -172.031653, -13.8275966 ], [ -172.0317847, -13.8273132 ], [ -172.031772600000011, -13.8271845 ], [ -172.0318619, -13.8271497 ], [ -172.03194830000001, -13.8271906 ], [ -172.0319876, -13.827242 ], [ -172.0319604, -13.8273253 ], [ -172.031846800000011, -13.8273753 ], [ -172.031716499999987, -13.8276434 ], [ -172.0317771, -13.8279448 ], [ -172.0318892, -13.8283067 ], [ -172.032191399999988, -13.8285957 ], [ -172.0324632, -13.8287156 ], [ -172.0327691, -13.8287928 ], [ -172.03340510000001, -13.8291715 ], [ -172.03372920000001, -13.8294668 ], [ -172.0345466, -13.8300215 ], [ -172.036129499999987, -13.829297 ], [ -172.0362644, -13.8293214 ], [ -172.036443100000014, -13.8295894 ], [ -172.03654610000001, -13.8295685 ], [ -172.0367091, -13.8297868 ], [ -172.0367349, -13.8298635 ], [ -172.0364026, -13.8300017 ], [ -172.0364432, -13.8301145 ], [ -172.0364921, -13.8302276 ], [ -172.036590600000011, -13.8302598 ], [ -172.0367814, -13.830225 ], [ -172.0368944, -13.8302536 ], [ -172.0373916, -13.8311343 ], [ -172.0371491, -13.8317701 ], [ -172.0377581, -13.8320035 ], [ -172.0384742, -13.8328828 ], [ -172.0385727, -13.8329213 ], [ -172.039184, -13.8336314 ], [ -172.039186, -13.8338468 ], [ -172.039481099999989, -13.8343139 ], [ -172.039719600000012, -13.8343515 ], [ -172.0401066, -13.8346566 ], [ -172.0402225, -13.8348053 ], [ -172.040147499999989, -13.8348974 ], [ -172.040127399999989, -13.8349746 ], [ -172.040217500000011, -13.8350923 ], [ -172.0403264, -13.8350691 ], [ -172.040537300000011, -13.8351694 ], [ -172.04055, -13.835235 ], [ -172.0402546, -13.835405 ], [ -172.0402478, -13.8355378 ], [ -172.041227, -13.8370799 ], [ -172.0413148, -13.8370627 ], [ -172.041463, -13.8372526 ], [ -172.0414304, -13.8373668 ], [ -172.0416725, -13.8375553 ], [ -172.0418459, -13.8375939 ], [ -172.041974399999987, -13.8376388 ], [ -172.0418805, -13.8377447 ], [ -172.041727400000013, -13.8377717 ], [ -172.04171310000001, -13.8379601 ], [ -172.0417924, -13.83808 ], [ -172.0417884, -13.838155 ], [ -172.0416703, -13.8382128 ], [ -172.0416746, -13.8382871 ], [ -172.0419123, -13.8382985 ], [ -172.041995899999989, -13.8384484 ], [ -172.0421771, -13.838524 ], [ -172.0419937, -13.8386932 ], [ -172.0417945, -13.8387483 ], [ -172.0414946, -13.838727 ], [ -172.0413897, -13.8387975 ], [ -172.0414107, -13.8391218 ], [ -172.041819800000013, -13.8400011 ], [ -172.0428078, -13.8413892 ], [ -172.0432243, -13.8409956 ], [ -172.043301500000013, -13.8410668 ], [ -172.043207599999988, -13.8411895 ], [ -172.043301500000013, -13.8412894 ], [ -172.043365099999988, -13.8412288 ], [ -172.043440800000013, -13.8413076 ], [ -172.0432697, -13.841456 ], [ -172.043095599999987, -13.8416862 ], [ -172.0437937, -13.8424737 ], [ -172.0442268, -13.8428839 ], [ -172.0443783, -13.8427599 ], [ -172.0445737, -13.8428856 ], [ -172.0446839, -13.8427653 ], [ -172.0449678, -13.8429662 ], [ -172.0447309, -13.8433154 ], [ -172.0450098, -13.8435369 ], [ -172.0450916, -13.8434581 ], [ -172.0452415, -13.8435656 ], [ -172.0452052, -13.8436504 ], [ -172.045317899999986, -13.8437211 ], [ -172.0455375, -13.843573 ], [ -172.0458188, -13.8436823 ], [ -172.045779900000014, -13.8438672 ], [ -172.0463556, -13.844237 ], [ -172.046312300000011, -13.8444346 ], [ -172.0466456, -13.8446573 ], [ -172.046732100000014, -13.8445312 ], [ -172.0468706, -13.8445438 ], [ -172.0469529, -13.8447498 ], [ -172.0476497, -13.8453507 ], [ -172.0477621, -13.8451742 ], [ -172.0480047, -13.8453045 ], [ -172.0481215, -13.8455945 ], [ -172.0490068, -13.8460076 ], [ -172.0491681, -13.8457166 ], [ -172.0493291, -13.84575 ], [ -172.049583, -13.8462576 ], [ -172.0522508, -13.8474394 ], [ -172.054523100000011, -13.8485825 ], [ -172.0552633, -13.8497298 ], [ -172.0557351, -13.8497592 ], [ -172.0569643, -13.8506585 ], [ -172.0575097, -13.8515789 ], [ -172.0575313, -13.8518058 ], [ -172.057907, -13.8522021 ], [ -172.058055, -13.8521042 ], [ -172.058933700000011, -13.8530245 ], [ -172.05899, -13.8532682 ], [ -172.058829800000012, -13.8534363 ], [ -172.0594322, -13.8543763 ], [ -172.059920299999987, -13.8549752 ], [ -172.060743800000012, -13.8560554 ], [ -172.0615876, -13.8571372 ], [ -172.0613691, -13.8579232 ], [ -172.0617991, -13.8587692 ], [ -172.0628265, -13.8592986 ], [ -172.0630539, -13.8598565 ], [ -172.0629634, -13.8600929 ], [ -172.0636173, -13.8607629 ], [ -172.064366799999988, -13.8613742 ], [ -172.064686, -13.8609654 ], [ -172.0651018, -13.8611893 ], [ -172.065479900000014, -13.8614419 ], [ -172.065032, -13.8618768 ], [ -172.0652546, -13.8620487 ], [ -172.0655899, -13.8615539 ], [ -172.0658206, -13.8616789 ], [ -172.0659145, -13.8618378 ], [ -172.0657075, -13.8621394 ], [ -172.065750799999989, -13.8621529 ], [ -172.0658823, -13.8620227 ], [ -172.0660298, -13.8621008 ], [ -172.0660083, -13.8621763 ], [ -172.0660593, -13.8621971 ], [ -172.0661451, -13.8620773 ], [ -172.0662524, -13.8621867 ], [ -172.0662068, -13.8622987 ], [ -172.0663007, -13.8623143 ], [ -172.0663356, -13.8622388 ], [ -172.0664482, -13.8621581 ], [ -172.0667755, -13.8623299 ], [ -172.066818399999988, -13.8624263 ], [ -172.066796900000014, -13.8625383 ], [ -172.0669485, -13.8626942 ], [ -172.067443, -13.8628514 ], [ -172.068823, -13.8637336 ], [ -172.06894650000001, -13.8635895 ], [ -172.0692254, -13.8637797 ], [ -172.0690837, -13.8639867 ], [ -172.0702015, -13.8652185 ], [ -172.0703537, -13.8650284 ], [ -172.0708578, -13.8653977 ], [ -172.0716751, -13.8657 ], [ -172.0721346, -13.8655901 ], [ -172.0725042, -13.866109 ], [ -172.0728249, -13.8662114 ], [ -172.0730201, -13.8660044 ], [ -172.0730322, -13.8657829 ], [ -172.0728229, -13.8656391 ], [ -172.0730012, -13.865643 ], [ -172.0731404, -13.8656617 ], [ -172.0733156, -13.8661169 ], [ -172.0726166, -13.8667525 ], [ -172.071925599999986, -13.867927 ], [ -172.071726500000011, -13.8684627 ], [ -172.0718559, -13.8686242 ], [ -172.0719005, -13.8685809 ], [ -172.0719719, -13.8685794 ], [ -172.0720225, -13.8686141 ], [ -172.0720246, -13.8686981 ], [ -172.0720091, -13.8688105 ], [ -172.0720002, -13.8689059 ], [ -172.0719422, -13.8690041 ], [ -172.07193620000001, -13.869241 ], [ -172.0720523, -13.8692496 ], [ -172.0720437, -13.8692953 ], [ -172.071949100000012, -13.8698004 ], [ -172.0717755, -13.8698158 ], [ -172.071607, -13.8698592 ], [ -172.071614, -13.8700372 ], [ -172.07161880000001, -13.8705467 ], [ -172.071715, -13.8711862 ], [ -172.0720058, -13.8719909 ], [ -172.0722498, -13.8720872 ], [ -172.072306200000014, -13.8725664 ], [ -172.0721747, -13.8728033 ], [ -172.072110400000014, -13.8730065 ], [ -172.0719119, -13.8731158 ], [ -172.0720289, -13.8744552 ], [ -172.0707361, -13.8753102 ], [ -172.070212700000013, -13.8757894 ], [ -172.069814, -13.8761683 ], [ -172.0689538, -13.8774186 ], [ -172.0684834, -13.8785967 ], [ -172.0680542, -13.8798289 ], [ -172.0670548, -13.8819944 ], [ -172.0672901, -13.882154 ], [ -172.067264099999989, -13.8824424 ], [ -172.0673856, -13.8825432 ], [ -172.0673622, -13.882645 ], [ -172.0672609, -13.882669 ], [ -172.0667578, -13.8824927 ], [ -172.0663572, -13.8832927 ], [ -172.0665249, -13.8833942 ], [ -172.066396, -13.883581 ], [ -172.0662546, -13.8835422 ], [ -172.065704399999987, -13.884777 ], [ -172.065927499999987, -13.8849116 ], [ -172.0657612, -13.885491 ], [ -172.065489500000012, -13.8854578 ], [ -172.0653675, -13.8856934 ], [ -172.0655185, -13.8857987 ], [ -172.0654796, -13.8860312 ], [ -172.065291300000013, -13.8860795 ], [ -172.0652254, -13.8862662 ], [ -172.0652786, -13.8864738 ], [ -172.065593400000012, -13.8863719 ], [ -172.0657237, -13.8864787 ], [ -172.065739, -13.8866027 ], [ -172.0656564, -13.8867021 ], [ -172.0658195, -13.8869747 ], [ -172.0659455, -13.8876056 ], [ -172.0661154, -13.8875804 ], [ -172.066210500000011, -13.8878321 ], [ -172.066196100000013, -13.8879272 ], [ -172.066026099999988, -13.8879356 ], [ -172.0660767, -13.8881225 ], [ -172.065856200000013, -13.8886263 ], [ -172.065744599999988, -13.8891491 ], [ -172.0658879, -13.8892499 ], [ -172.066174600000011, -13.8898442 ], [ -172.0663547, -13.8905504 ], [ -172.0666483, -13.8908018 ], [ -172.0667358, -13.8909748 ], [ -172.0667484, -13.8911482 ], [ -172.066504400000014, -13.8914388 ], [ -172.066504400000014, -13.8922666 ], [ -172.0667685, -13.8925816 ], [ -172.0666603, -13.8928869 ], [ -172.0652169, -13.8937623 ], [ -172.065075, -13.8936605 ], [ -172.0648244, -13.893764 ], [ -172.0628987, -13.8946461 ], [ -172.0618871, -13.8950793 ], [ -172.0613851, -13.8953697 ], [ -172.0610321, -13.8956198 ], [ -172.0608273, -13.8957906 ], [ -172.060710699999987, -13.8959185 ], [ -172.0604926, -13.896017 ], [ -172.0604749, -13.896145 ], [ -172.0603405, -13.8962779 ], [ -172.0603491, -13.8964292 ], [ -172.0601529, -13.8965092 ], [ -172.060108500000013, -13.8966159 ], [ -172.0602188, -13.896716 ], [ -172.0602169, -13.8969529 ], [ -172.0601409, -13.8971114 ], [ -172.059891099999987, -13.8970019 ], [ -172.0599173, -13.8971305 ], [ -172.0599703, -13.8972205 ], [ -172.0599761, -13.8973332 ], [ -172.05974470000001, -13.8974346 ], [ -172.0595831, -13.8976121 ], [ -172.0594556, -13.8976586 ], [ -172.0593244, -13.8978049 ], [ -172.059378900000013, -13.8979633 ], [ -172.0593086, -13.8981262 ], [ -172.059199299999989, -13.898266 ], [ -172.0591058, -13.8983059 ], [ -172.0590025, -13.8983052 ], [ -172.059067700000014, -13.8984413 ], [ -172.059091200000012, -13.8986282 ], [ -172.0589764, -13.8988498 ], [ -172.0590063, -13.8989436 ], [ -172.0589999, -13.89907 ], [ -172.059120299999989, -13.8991461 ], [ -172.0590316, -13.8992919 ], [ -172.058828799999986, -13.8993236 ], [ -172.058395499999989, -13.8993822 ], [ -172.0581822, -13.8994567 ], [ -172.0578299, -13.8997036 ], [ -172.057607499999989, -13.899741 ], [ -172.0575063, -13.8998707 ], [ -172.0576024, -13.900024 ], [ -172.057624800000013, -13.9002115 ], [ -172.0574579, -13.9003809 ], [ -172.0572355, -13.9004911 ], [ -172.057141, -13.900499 ], [ -172.057044600000012, -13.90044 ], [ -172.056918200000013, -13.9004474 ], [ -172.0569179, -13.9005975 ], [ -172.056824, -13.9007096 ], [ -172.05671, -13.9007279 ], [ -172.0566006, -13.9006915 ], [ -172.0564818, -13.9007156 ], [ -172.0564716, -13.9008018 ], [ -172.0563575, -13.9008534 ], [ -172.0562462, -13.9010587 ], [ -172.0562612, -13.9011709 ], [ -172.0561801, -13.9012374 ], [ -172.0560685, -13.9012325 ], [ -172.0560508, -13.9012964 ], [ -172.0561877, -13.9014441 ], [ -172.056066, -13.9016336 ], [ -172.056052, -13.9017471 ], [ -172.0557211, -13.9018871 ], [ -172.0554651, -13.9018527 ], [ -172.0553865, -13.9019683 ], [ -172.0551304, -13.9021258 ], [ -172.0548815, -13.9021807 ], [ -172.0546843, -13.9020996 ], [ -172.0544864, -13.9022612 ], [ -172.0544304, -13.9024951 ], [ -172.054505720424146, -13.902649101759625 ], [ -172.0546814, -13.9030083 ], [ -172.05435270000001, -13.9032208 ], [ -172.054243500000013, -13.9031321 ], [ -172.0537342, -13.9032004 ], [ -172.053640699999988, -13.9033526 ], [ -172.0533255, -13.903458 ], [ -172.05331, -13.9035902 ], [ -172.053276899999986, -13.9037977 ], [ -172.053155299999986, -13.9038142 ], [ -172.053005899999988, -13.9037791 ], [ -172.052960899999988, -13.9036403 ], [ -172.052906900000011, -13.9035503 ], [ -172.052884, -13.9036567 ], [ -172.052785, -13.9037365 ], [ -172.052557299999989, -13.9038017 ], [ -172.052402300000011, -13.9037723 ], [ -172.052260499999988, -13.9036936 ], [ -172.052186799999987, -13.9038068 ], [ -172.052067, -13.9038739 ], [ -172.0518778, -13.9038278 ], [ -172.0517973, -13.9036969 ], [ -172.051580800000011, -13.9037403 ], [ -172.0514253, -13.9038434 ], [ -172.0514541, -13.9039643 ], [ -172.0513932, -13.9040652 ], [ -172.0512462, -13.9040751 ], [ -172.051091500000013, -13.904139 ], [ -172.0510989, -13.9042836 ], [ -172.0505895, -13.9044073 ], [ -172.0500926, -13.904459 ], [ -172.0495601, -13.904555 ], [ -172.0491173, -13.9046682 ], [ -172.048829899999987, -13.9048109 ], [ -172.0486386, -13.9049791 ], [ -172.0487336, -13.905094 ], [ -172.048721, -13.9052378 ], [ -172.0486253, -13.9053208 ], [ -172.048393800000014, -13.9053204 ], [ -172.0481327, -13.9053179 ], [ -172.0478745, -13.9052517 ], [ -172.047595199999989, -13.9053967 ], [ -172.0474094, -13.9055958 ], [ -172.047116, -13.9056895 ], [ -172.0467788, -13.9058889 ], [ -172.046413699999988, -13.9059775 ], [ -172.0463402, -13.9060956 ], [ -172.045926900000012, -13.9061522 ], [ -172.045549099999988, -13.9062851 ], [ -172.0454939, -13.9064146 ], [ -172.045521900000011, -13.9066355 ], [ -172.0454499, -13.9069256 ], [ -172.045167099999986, -13.9069961 ], [ -172.0450826, -13.9068733 ], [ -172.044861200000014, -13.9068598 ], [ -172.0446389, -13.9068684 ], [ -172.044535, -13.9070259 ], [ -172.044355700000011, -13.9071155 ], [ -172.0441749, -13.9070333 ], [ -172.0439087, -13.9070358 ], [ -172.0436273, -13.9071268 ], [ -172.0434929, -13.9071539 ], [ -172.0433333, -13.9071365 ], [ -172.0431821, -13.9069845 ], [ -172.0429782, -13.9069348 ], [ -172.0427714, -13.9069901 ], [ -172.0426903, -13.9070955 ], [ -172.0425756, -13.907063 ], [ -172.0423305, -13.9071718 ], [ -172.0425204, -13.9074662 ], [ -172.0421708, -13.9077737 ], [ -172.0417227, -13.9077695 ], [ -172.041645499999987, -13.9074627 ], [ -172.0411603, -13.9076946 ], [ -172.040642, -13.9076232 ], [ -172.040502300000014, -13.9074591 ], [ -172.0402413, -13.9074948 ], [ -172.0403258, -13.9077089 ], [ -172.039998700000012, -13.9078445 ], [ -172.0397744, -13.9076125 ], [ -172.0386569, -13.9075555 ], [ -172.038590699999986, -13.9074163 ], [ -172.0383665, -13.9074448 ], [ -172.0381717, -13.9076696 ], [ -172.037984200000011, -13.9076304 ], [ -172.0379107, -13.9074627 ], [ -172.037752399999988, -13.9075077 ], [ -172.0369796, -13.9080329 ], [ -172.0367767, -13.9089153 ], [ -172.0366309, -13.9093843 ], [ -172.036285, -13.9097477 ], [ -172.0349056, -13.9102421 ], [ -172.0345644, -13.9100984 ], [ -172.033138, -13.9107105 ], [ -172.031612700000011, -13.9111815 ], [ -172.0302953, -13.9115374 ], [ -172.0303692, -13.9119145 ], [ -172.0300718, -13.9122687 ], [ -172.029083500000013, -13.9126574 ], [ -172.028417, -13.9127647 ], [ -172.028038, -13.9131552 ], [ -172.0277666, -13.9133621 ], [ -172.0273239, -13.9135621 ], [ -172.026806, -13.9135234 ], [ -172.0258245, -13.9135391 ], [ -172.0236399, -13.912402 ], [ -172.0235233, -13.9121423 ], [ -172.02232810000001, -13.9119999 ], [ -172.022122599999989, -13.9119999 ], [ -172.021949799999987, -13.9119637 ], [ -172.0218984, -13.9118594 ], [ -172.0218237, -13.9117959 ], [ -172.0216556, -13.9117869 ], [ -172.0215313, -13.9119027 ], [ -172.0211574, -13.9120602 ], [ -172.021183900000011, -13.9121813 ], [ -172.0212371, -13.912397 ], [ -172.0210812, -13.9125394 ], [ -172.0209271, -13.9126028 ], [ -172.020866399999989, -13.9127161 ], [ -172.0207356, -13.9128159 ], [ -172.0205068, -13.9128113 ], [ -172.020310599999988, -13.9127025 ], [ -172.0201472, -13.9127388 ], [ -172.0200051, -13.912709 ], [ -172.0194703, -13.9125339 ], [ -172.018947200000014, -13.9123482 ], [ -172.018628299999989, -13.9122902 ], [ -172.0184614, -13.9123338 ], [ -172.0184396, -13.9124564 ], [ -172.018358, -13.9126699 ], [ -172.018046199999986, -13.9128045 ], [ -172.0178125, -13.9128312 ], [ -172.017595, -13.9128092 ], [ -172.0173916, -13.9127227 ], [ -172.017215599999986, -13.9125964 ], [ -172.0168442, -13.9125933 ], [ -172.0166286, -13.9126172 ], [ -172.0165202, -13.9127112 ], [ -172.0165527, -13.9127986 ], [ -172.0165034, -13.9129026 ], [ -172.0162365, -13.9128723 ], [ -172.016002500000013, -13.9129739 ], [ -172.015807599999988, -13.9130149 ], [ -172.0156638, -13.9129261 ], [ -172.015586399999989, -13.9128135 ], [ -172.01545440000001, -13.9127786 ], [ -172.0153743, -13.9128165 ], [ -172.0154215, -13.9129141 ], [ -172.0153702, -13.9129739 ], [ -172.0152938, -13.913004 ], [ -172.0151505, -13.9128866 ], [ -172.0150097, -13.9128781 ], [ -172.0148514, -13.9128187 ], [ -172.0146468, -13.9128359 ], [ -172.0144589, -13.9128483 ], [ -172.0143187, -13.9129627 ], [ -172.0142449, -13.9131069 ], [ -172.0144398, -13.9132969 ], [ -172.014482, -13.9135165 ], [ -172.014372, -13.9136205 ], [ -172.014217300000013, -13.9136986 ], [ -172.014019499999989, -13.9134892 ], [ -172.0139086, -13.9135108 ], [ -172.0138737, -13.9136307 ], [ -172.0139217, -13.9137071 ], [ -172.013791, -13.9140644 ], [ -172.0138858, -13.9142556 ], [ -172.01354, -13.9144152 ], [ -172.0134764, -13.9143424 ], [ -172.0132013, -13.9144297 ], [ -172.01313110000001, -13.9142632 ], [ -172.0127989, -13.9143295 ], [ -172.012668600000012, -13.914338 ], [ -172.0125796, -13.9144705 ], [ -172.01247, -13.9145105 ], [ -172.0122869, -13.9145074 ], [ -172.0122036, -13.914362 ], [ -172.0120775, -13.9139313 ], [ -172.0117476, -13.9139981 ], [ -172.0116065, -13.9141881 ], [ -172.0107736, -13.9144929 ], [ -172.0106599, -13.914325 ], [ -172.0097956, -13.9147152 ], [ -172.009139800000014, -13.9151202 ], [ -172.0085204, -13.9156722 ], [ -172.0087653, -13.9160299 ], [ -172.008743, -13.9161489 ], [ -172.0083176, -13.9164682 ], [ -172.008017200000012, -13.9163887 ], [ -172.0078708, -13.9163066 ], [ -172.007803200000012, -13.9163343 ], [ -172.007771, -13.9163573 ], [ -172.00785590000001, -13.9165692 ], [ -172.007618900000011, -13.9167758 ], [ -172.0073711, -13.916882 ], [ -172.0072424, -13.9166633 ], [ -172.006762900000012, -13.9168383 ], [ -172.0063767, -13.917085 ], [ -172.0060067, -13.9171662 ], [ -172.0058329, -13.9171694 ], [ -172.005466, -13.9172474 ], [ -172.0054886, -13.9173661 ], [ -172.0052813, -13.9173991 ], [ -172.005189300000012, -13.9172006 ], [ -172.004979600000013, -13.9172182 ], [ -172.004899099999989, -13.9169121 ], [ -172.0047157, -13.9168621 ], [ -172.0045362, -13.9172896 ], [ -172.004400299999986, -13.9177773 ], [ -172.0043459, -13.9182281 ], [ -172.0039985, -13.919325 ], [ -172.004306899999989, -13.9205045 ], [ -172.0049665, -13.9208775 ], [ -172.0060818, -13.9210788 ], [ -172.0068982, -13.9211343 ], [ -172.007114699999988, -13.9213938 ], [ -172.0065846, -13.9243849 ], [ -172.0078107, -13.9248317 ], [ -172.008367, -13.9248439 ], [ -172.0087427, -13.9246407 ], [ -172.0089553, -13.9247116 ], [ -172.0093647, -13.9248081 ], [ -172.0096048, -13.9247184 ], [ -172.0099127, -13.9250053 ], [ -172.0101943, -13.9250705 ], [ -172.010214499999989, -13.9252922 ], [ -172.0104116, -13.9254715 ], [ -172.0106271, -13.9255433 ], [ -172.01097870000001, -13.9262913 ], [ -172.0101688, -13.9275367 ], [ -172.0091462, -13.9284408 ], [ -172.008730500000013, -13.9284179 ], [ -172.0086234, -13.9287168 ], [ -172.008037699999988, -13.9286021 ], [ -172.00766010000001, -13.9287455 ], [ -172.0070012, -13.9282923 ], [ -172.0059823, -13.9284276 ], [ -172.0057694, -13.9286849 ], [ -172.0049881, -13.9291405 ], [ -172.0041955, -13.9299447 ], [ -172.0040588, -13.9300772 ], [ -172.0036408, -13.930035 ], [ -172.0033129, -13.9303468 ], [ -172.0027221, -13.9316623 ], [ -172.0029237, -13.9330786 ], [ -172.0033223, -13.9338499 ], [ -172.0037429, -13.933794 ], [ -172.0041148, -13.9341043 ], [ -172.004005799999987, -13.9345896 ], [ -172.0026757, -13.9357605 ], [ -172.0016568, -13.9358441 ], [ -172.001299100000011, -13.9361358 ], [ -172.0008992, -13.9359063 ], [ -171.9997316, -13.9355373 ], [ -171.9968259, -13.9346479 ], [ -171.995244899999989, -13.9350404 ], [ -171.9944452, -13.9356273 ], [ -171.9938022, -13.9360287 ], [ -171.993758, -13.9368683 ], [ -171.993885799999987, -13.9376826 ], [ -171.9938924, -13.9392863 ], [ -171.9936041, -13.9395776 ], [ -171.9933025, -13.9394355 ], [ -171.9930388, -13.9392338 ], [ -171.9924007, -13.9393288 ], [ -171.991904, -13.939102 ], [ -171.991472499999986, -13.9392338 ], [ -171.990874, -13.9398259 ], [ -171.990884099999988, -13.9404517 ], [ -171.9902099, -13.9404127 ], [ -171.9897425, -13.9403592 ], [ -171.989513, -13.9406109 ], [ -171.9892017, -13.9407337 ], [ -171.989281, -13.9424447 ], [ -171.9896985, -13.9427084 ], [ -171.9899475, -13.943109 ], [ -171.9895152, -13.9434586 ], [ -171.9895067, -13.9441975 ], [ -171.9896953, -13.9449271 ], [ -171.990807, -13.9460096 ], [ -171.991033, -13.9461286 ], [ -171.991401, -13.9463957 ], [ -171.9912008, -13.9466482 ], [ -171.9908802, -13.9467706 ], [ -171.9904257, -13.9472687 ], [ -171.9902346, -13.9478097 ], [ -171.989938200000012, -13.9485561 ], [ -171.9892581, -13.9494599 ], [ -171.988308600000011, -13.9500319 ], [ -171.9884164, -13.951675 ], [ -171.987540700000011, -13.9512162 ], [ -171.9872096, -13.9505562 ], [ -171.9861085, -13.9508427 ], [ -171.9850261, -13.9514441 ], [ -171.9851381, -13.9517624 ], [ -171.985197, -13.9520978 ], [ -171.9850964, -13.9523118 ], [ -171.984772099999986, -13.9520918 ], [ -171.984495, -13.9518826 ], [ -171.9845689, -13.9516316 ], [ -171.9845073, -13.9513208 ], [ -171.9842056, -13.951273 ], [ -171.9838114, -13.9504901 ], [ -171.983959199999987, -13.9503168 ], [ -171.983083099999988, -13.9496311 ], [ -171.982274100000012, -13.9501017 ], [ -171.9814298, -13.9484728 ], [ -171.981206500000013, -13.9479321 ], [ -171.980898599999989, -13.9474958 ], [ -171.9802335, -13.9470655 ], [ -171.9794353, -13.9471407 ], [ -171.978657, -13.9464558 ], [ -171.977463300000011, -13.9463898 ], [ -171.9761806, -13.9461621 ], [ -171.976190699999989, -13.9458924 ], [ -171.976505, -13.9453188 ], [ -171.9765799, -13.9451423 ], [ -171.976887299999987, -13.9450819 ], [ -171.9773247, -13.9452026 ], [ -171.9778325, -13.9451712 ], [ -171.9781056, -13.9446815 ], [ -171.9784545, -13.9446424 ], [ -171.978710799999988, -13.944407 ], [ -171.978755299999989, -13.9439902 ], [ -171.9787748, -13.9434448 ], [ -171.9786805, -13.9429842 ], [ -171.978533700000014, -13.9426464 ], [ -171.9784606, -13.9426623 ], [ -171.97841, -13.9422982 ], [ -171.9786054, -13.9422822 ], [ -171.978622300000012, -13.9416446 ], [ -171.978941, -13.9415501 ], [ -171.979096700000014, -13.9410657 ], [ -171.9791423, -13.9410333 ], [ -171.97921070000001, -13.9410141 ], [ -171.979232, -13.9409719 ], [ -171.979232700000011, -13.9409136 ], [ -171.9792122, -13.9408284 ], [ -171.979261400000013, -13.9407452 ], [ -171.9792252, -13.9405092 ], [ -171.979121, -13.940465 ], [ -171.979046899999986, -13.9402665 ], [ -171.979261400000013, -13.9395565 ], [ -171.9795694, -13.9394487 ], [ -171.9796485, -13.9390925 ], [ -171.979535700000014, -13.9390366 ], [ -171.979547200000013, -13.9389562 ], [ -171.979637, -13.9388958 ], [ -171.979635, -13.9388004 ], [ -171.9797649, -13.9388289 ], [ -171.9798209, -13.9385051 ], [ -171.9798672, -13.9383439 ], [ -171.9799524, -13.9383036 ], [ -171.9801214, -13.9383447 ], [ -171.980178099999989, -13.9381298 ], [ -171.9799708, -13.9379416 ], [ -171.9797452, -13.9378212 ], [ -171.9797268, -13.937669 ], [ -171.979948900000011, -13.9375138 ], [ -171.980440499999986, -13.9373561 ], [ -171.9806661, -13.9375367 ], [ -171.9807376, -13.937517 ], [ -171.980672700000014, -13.9373039 ], [ -171.980077200000011, -13.9371069 ], [ -171.97992210000001, -13.936857 ], [ -171.9801254, -13.936582 ], [ -171.9797743, -13.9365701 ], [ -171.9794233, -13.936328 ], [ -171.9794726, -13.9360232 ], [ -171.9788198, -13.9357363 ], [ -171.9789017, -13.9352316 ], [ -171.978123900000014, -13.9355749 ], [ -171.9779647, -13.9355535 ], [ -171.9775242, -13.9354943 ], [ -171.977538900000013, -13.9346933 ], [ -171.976776199999989, -13.9344505 ], [ -171.9765373, -13.9341705 ], [ -171.9759494, -13.933938 ], [ -171.9757114, -13.9341219 ], [ -171.9753805, -13.9339317 ], [ -171.975502400000011, -13.9336824 ], [ -171.9751279, -13.9335556 ], [ -171.9750957, -13.9336907 ], [ -171.9747099, -13.9337627 ], [ -171.9745096, -13.9335979 ], [ -171.9741874, -13.9338641 ], [ -171.973286, -13.9341008 ], [ -171.972994199999988, -13.9340078 ], [ -171.9724591, -13.9342842 ], [ -171.97224030000001, -13.934634 ], [ -171.9724804, -13.9349334 ], [ -171.972417299999989, -13.9353929 ], [ -171.972164600000013, -13.9354518 ], [ -171.9713404, -13.9351907 ], [ -171.9712437, -13.9352399 ], [ -171.9712481, -13.9353603 ], [ -171.9716661, -13.9354617 ], [ -171.9718418, -13.9358417 ], [ -171.971569, -13.936101 ], [ -171.9714238, -13.9360867 ], [ -171.9713898, -13.9360006 ], [ -171.9713165, -13.9360198 ], [ -171.9712982, -13.9359189 ], [ -171.971265499999987, -13.9358479 ], [ -171.9712065, -13.9358299 ], [ -171.97114, -13.9358658 ], [ -171.9711326, -13.9359146 ], [ -171.9711001, -13.9359332 ], [ -171.971026200000011, -13.9359504 ], [ -171.9710632, -13.9360709 ], [ -171.9710307, -13.9361197 ], [ -171.9710514, -13.9361756 ], [ -171.9711226, -13.9361879 ], [ -171.9711164, -13.9362502 ], [ -171.9710794, -13.9362976 ], [ -171.9710809, -13.936375 ], [ -171.971109, -13.936464 ], [ -171.971180800000013, -13.9365022 ], [ -171.9710986, -13.9366017 ], [ -171.9710739, -13.9367761 ], [ -171.9711341, -13.9370822 ], [ -171.9713074, -13.9374032 ], [ -171.971404799999988, -13.9376044 ], [ -171.9713874, -13.9378685 ], [ -171.9717033, -13.9379469 ], [ -171.9716996, -13.938105 ], [ -171.9714603, -13.9381438 ], [ -171.971294300000011, -13.9382882 ], [ -171.9710756, -13.9381293 ], [ -171.9707536, -13.9382138 ], [ -171.970721200000014, -13.9383157 ], [ -171.9704358, -13.9383933 ], [ -171.9703912, -13.9383663 ], [ -171.9700527, -13.9386425 ], [ -171.9699209, -13.9389644 ], [ -171.969931699999989, -13.9391652 ], [ -171.9701494, -13.9392792 ], [ -171.970147700000012, -13.9395 ], [ -171.969898300000011, -13.9395212 ], [ -171.969923099999988, -13.9397569 ], [ -171.9696965, -13.9398837 ], [ -171.9693047, -13.9402661 ], [ -171.969192, -13.9405631 ], [ -171.968953699999986, -13.9406013 ], [ -171.9686275, -13.9407923 ], [ -171.9685313, -13.9408129 ], [ -171.9684604, -13.9407756 ], [ -171.9679204, -13.9410405 ], [ -171.9679248, -13.9411166 ], [ -171.96776, -13.9411928 ], [ -171.967545800000011, -13.9412844 ], [ -171.9673593, -13.9412822 ], [ -171.9672718, -13.9412799 ], [ -171.96725330000001, -13.9413761 ], [ -171.9671521, -13.9415324 ], [ -171.966926300000011, -13.9417713 ], [ -171.9669034, -13.941814 ], [ -171.9668021, -13.9419079 ], [ -171.96674, -13.9419034 ], [ -171.9661853, -13.9422585 ], [ -171.966157399999986, -13.942328 ], [ -171.966144500000013, -13.9424225 ], [ -171.965784, -13.9426391 ], [ -171.9653444, -13.9428406 ], [ -171.965342099999987, -13.9429667 ], [ -171.9652869, -13.9430367 ], [ -171.965104700000012, -13.9431019 ], [ -171.9649686, -13.9430643 ], [ -171.9643174, -13.9437277 ], [ -171.9642809, -13.9438185 ], [ -171.96430620000001, -13.9438878 ], [ -171.964293199999986, -13.943949 ], [ -171.9641215, -13.9439982 ], [ -171.9632375, -13.9453379 ], [ -171.9628717, -13.9456506 ], [ -171.9626647, -13.9459923 ], [ -171.9626888, -13.9461366 ], [ -171.962638, -13.946324 ], [ -171.9625124, -13.9464146 ], [ -171.9624111, -13.9464302 ], [ -171.962161900000012, -13.9468044 ], [ -171.9620334, -13.9468235 ], [ -171.9618035, -13.9469432 ], [ -171.9614302, -13.9474425 ], [ -171.961425600000013, -13.9475721 ], [ -171.961391, -13.9476838 ], [ -171.9613221, -13.9477582 ], [ -171.9612462, -13.9477872 ], [ -171.9611794, -13.9478967 ], [ -171.961126400000012, -13.9481023 ], [ -171.9609151, -13.9483336 ], [ -171.9607097, -13.9486699 ], [ -171.9606383, -13.948947 ], [ -171.960636, -13.949099 ], [ -171.9605623, -13.9492621 ], [ -171.9605599, -13.949454 ], [ -171.960659, -13.9495839 ], [ -171.960776399999986, -13.9497381 ], [ -171.9609906, -13.949942 ], [ -171.9611172, -13.9501247 ], [ -171.9611978, -13.9501671 ], [ -171.961239299999988, -13.9503258 ], [ -171.9612047, -13.9503861 ], [ -171.9612335, -13.9506067 ], [ -171.9614695, -13.9506654 ], [ -171.9616399, -13.9507168 ], [ -171.9616756, -13.9508188 ], [ -171.961603, -13.9510833 ], [ -171.961515600000013, -13.9511414 ], [ -171.961455699999988, -13.9512799 ], [ -171.9613106, -13.9516486 ], [ -171.961223100000012, -13.9516643 ], [ -171.9611748, -13.9518743 ], [ -171.9612449, -13.9519664 ], [ -171.961161, -13.9521268 ], [ -171.9609606, -13.9522274 ], [ -171.9607236, -13.9523612 ], [ -171.960523200000011, -13.9525693 ], [ -171.9603988, -13.9527257 ], [ -171.9603228, -13.9529631 ], [ -171.9603136, -13.9531279 ], [ -171.9604909, -13.9534117 ], [ -171.9604234, -13.9536405 ], [ -171.9603021, -13.9537067 ], [ -171.960124900000011, -13.9536247 ], [ -171.959973, -13.9538631 ], [ -171.9599657, -13.9541434 ], [ -171.9598808, -13.9542765 ], [ -171.9596985, -13.9542647 ], [ -171.9594597, -13.9548772 ], [ -171.959510099999989, -13.9550787 ], [ -171.9597219, -13.9554608 ], [ -171.9599144, -13.9556665 ], [ -171.959837, -13.9558519 ], [ -171.95955570000001, -13.9562946 ], [ -171.9595469, -13.9565781 ], [ -171.9595761, -13.9567565 ], [ -171.9598808, -13.9568082 ], [ -171.9600074, -13.956806 ], [ -171.9600972, -13.9567524 ], [ -171.9601992, -13.956803 ], [ -171.960332099999988, -13.9569446 ], [ -171.9604076, -13.9571161 ], [ -171.96024, -13.9574049 ], [ -171.960113299999989, -13.9577468 ], [ -171.9600719, -13.9578853 ], [ -171.9601433, -13.9580194 ], [ -171.9600221, -13.9581952 ], [ -171.9597795, -13.9581959 ], [ -171.9596774, -13.9583596 ], [ -171.9593813, -13.9588467 ], [ -171.9592988, -13.9590974 ], [ -171.959495299999986, -13.9593813 ], [ -171.9593724, -13.9594993 ], [ -171.9588612, -13.960185 ], [ -171.9583423, -13.9610849 ], [ -171.9580364, -13.9618806 ], [ -171.9582581, -13.9623359 ], [ -171.9577519, -13.9632148 ], [ -171.956536699999987, -13.9641738 ], [ -171.9562483, -13.9642623 ], [ -171.9558753, -13.9644634 ], [ -171.955288599999989, -13.9649839 ], [ -171.955097099999989, -13.9656879 ], [ -171.954138300000011, -13.9665203 ], [ -171.9532839, -13.9672171 ], [ -171.9529545, -13.9675696 ], [ -171.9526133, -13.9680195 ], [ -171.952522, -13.9680965 ], [ -171.9523432, -13.9682473 ], [ -171.9517419, -13.9690985 ], [ -171.9514436, -13.9701646 ], [ -171.9515587, -13.9702584 ], [ -171.9515495, -13.9703567 ], [ -171.951411400000012, -13.9703657 ], [ -171.9512272, -13.9708796 ], [ -171.9510435, -13.9717261 ], [ -171.9511737, -13.972293 ], [ -171.951397899999989, -13.9728744 ], [ -171.9517104, -13.9734939 ], [ -171.951685199999986, -13.9737615 ], [ -171.9516714, -13.9739077 ], [ -171.951413800000012, -13.974363 ], [ -171.9509258, -13.974982 ], [ -171.950517, -13.9756795 ], [ -171.9502268, -13.9768963 ], [ -171.9495221, -13.977912 ], [ -171.949366700000013, -13.9788271 ], [ -171.9483582, -13.9797881 ], [ -171.9482164, -13.9799232 ], [ -171.9480945, -13.980161 ], [ -171.9480098, -13.9804265 ], [ -171.9481303, -13.9805181 ], [ -171.948136799999986, -13.9806476 ], [ -171.9478763, -13.9809289 ], [ -171.94772, -13.9807172 ], [ -171.94762750000001, -13.9807728 ], [ -171.9476028, -13.9809478 ], [ -171.9474074, -13.9811058 ], [ -171.9472088, -13.9810616 ], [ -171.9469059, -13.9810142 ], [ -171.9468636, -13.9810774 ], [ -171.9467855, -13.981169 ], [ -171.946674800000011, -13.981188 ], [ -171.9465347, -13.9810774 ], [ -171.9461765, -13.981188 ], [ -171.945615299999986, -13.9813914 ], [ -171.94497530000001, -13.9818372 ], [ -171.9450176, -13.9820741 ], [ -171.944941699999987, -13.9822585 ], [ -171.944763599999987, -13.9824754 ], [ -171.9446203, -13.9824059 ], [ -171.9445226, -13.9824091 ], [ -171.9444282, -13.9825039 ], [ -171.9443645, -13.9825661 ], [ -171.9444212, -13.9827225 ], [ -171.944382600000012, -13.9827914 ], [ -171.9442943, -13.9828865 ], [ -171.9443475, -13.9830605 ], [ -171.9442003, -13.9832382 ], [ -171.943623699999989, -13.983836 ], [ -171.9429831, -13.9845087 ], [ -171.941896500000013, -13.98524 ], [ -171.9411074, -13.9858361 ], [ -171.9401877, -13.9866641 ], [ -171.939283499999988, -13.9874953 ], [ -171.9384148, -13.9877676 ], [ -171.938047, -13.9878769 ], [ -171.9375736, -13.9882595 ], [ -171.9369217, -13.9883545 ], [ -171.9365654, -13.9881676 ], [ -171.9363538, -13.9880981 ], [ -171.9362984, -13.9879433 ], [ -171.9361747, -13.9879559 ], [ -171.9361551, -13.9880475 ], [ -171.936015, -13.9878133 ], [ -171.9353573, -13.9875546 ], [ -171.9349992, -13.987305 ], [ -171.9348135, -13.9871944 ], [ -171.9348689, -13.9870459 ], [ -171.9347028, -13.9868405 ], [ -171.9345136, -13.98674 ], [ -171.9343967, -13.9867268 ], [ -171.934372200000013, -13.9866539 ], [ -171.9343446, -13.986572 ], [ -171.9342954, -13.986488 ], [ -171.9339915, -13.9864545 ], [ -171.933915500000012, -13.9863182 ], [ -171.9338694, -13.9861193 ], [ -171.933775, -13.9861395 ], [ -171.9337371, -13.9862744 ], [ -171.9337267, -13.9863115 ], [ -171.9334216, -13.9862953 ], [ -171.9333766, -13.9867311 ], [ -171.9333656, -13.9870896 ], [ -171.933570800000012, -13.9872729 ], [ -171.933688, -13.9875667 ], [ -171.9337917, -13.9879223 ], [ -171.9337569, -13.9879503 ], [ -171.9336489, -13.9880375 ], [ -171.9334926, -13.9879838 ], [ -171.933111599999989, -13.9882808 ], [ -171.9329228, -13.9886031 ], [ -171.9327436, -13.9889557 ], [ -171.9330302, -13.9891339 ], [ -171.93304, -13.9893835 ], [ -171.9331735, -13.9894973 ], [ -171.933355799999987, -13.9894467 ], [ -171.9334466, -13.9894776 ], [ -171.9334275, -13.9896015 ], [ -171.933616300000011, -13.9896395 ], [ -171.9335577, -13.9897342 ], [ -171.9334628, -13.9899423 ], [ -171.9333363, -13.989908 ], [ -171.9332451, -13.9898164 ], [ -171.9332777, -13.98975 ], [ -171.9331637, -13.9897374 ], [ -171.933027, -13.9897785 ], [ -171.932939, -13.9896868 ], [ -171.9329651, -13.9895984 ], [ -171.9329032, -13.9895131 ], [ -171.932831599999986, -13.9895257 ], [ -171.932750199999987, -13.9893898 ], [ -171.932600400000013, -13.9893582 ], [ -171.932545, -13.9894214 ], [ -171.9324408, -13.9894246 ], [ -171.932392, -13.9893867 ], [ -171.9323627, -13.989314 ], [ -171.9320794, -13.9892413 ], [ -171.9318118, -13.9892651 ], [ -171.9314151, -13.9895984 ], [ -171.9311267, -13.9899004 ], [ -171.9312438, -13.9900388 ], [ -171.931288099999989, -13.9900913 ], [ -171.9313037, -13.9903339 ], [ -171.9314314, -13.9904325 ], [ -171.9313467, -13.9905716 ], [ -171.93112210000001, -13.990739 ], [ -171.930842, -13.9907896 ], [ -171.9308225, -13.9908938 ], [ -171.9308225, -13.9909949 ], [ -171.930662899999987, -13.9911529 ], [ -171.930679199999986, -13.9913172 ], [ -171.9306226, -13.9913847 ], [ -171.9305786, -13.9914371 ], [ -171.93004830000001, -13.9915989 ], [ -171.929627399999987, -13.9917248 ], [ -171.9292003, -13.9921209 ], [ -171.92881460000001, -13.9928195 ], [ -171.928578499999986, -13.9932471 ], [ -171.9285813, -13.9937446 ], [ -171.9284477, -13.994044 ], [ -171.9283188, -13.9942585 ], [ -171.9280286, -13.9942317 ], [ -171.927584599999989, -13.9943647 ], [ -171.9273715, -13.9943836 ], [ -171.927169600000013, -13.9944373 ], [ -171.9267821, -13.994649 ], [ -171.9260727, -13.9952031 ], [ -171.926044600000012, -13.9954073 ], [ -171.9260837, -13.9955211 ], [ -171.9260593, -13.9956095 ], [ -171.92606090000001, -13.9956885 ], [ -171.9259616, -13.995777 ], [ -171.9258313, -13.9958275 ], [ -171.9255985, -13.9957659 ], [ -171.9250482, -13.9961072 ], [ -171.9249131, -13.9961435 ], [ -171.92438, -13.9964898 ], [ -171.9240245, -13.9968491 ], [ -171.9237623, -13.9970809 ], [ -171.9232101, -13.9976671 ], [ -171.922633, -13.9983708 ], [ -171.9224879, -13.9990031 ], [ -171.922039500000011, -13.999773 ], [ -171.9218798, -14.0007677 ], [ -171.9219235, -14.0010805 ], [ -171.921988, -14.0012235 ], [ -171.9220387, -14.0012905 ], [ -171.9219489, -14.0013665 ], [ -171.921857499999987, -14.0012649 ], [ -171.9217729, -14.001257 ], [ -171.9217045, -14.0013439 ], [ -171.9216719, -14.0014782 ], [ -171.9217257, -14.0015335 ], [ -171.92174030000001, -14.0016662 ], [ -171.921642600000013, -14.0017744 ], [ -171.920484499999986, -14.0024031 ], [ -171.9193816, -14.0028521 ], [ -171.919075600000014, -14.0029371 ], [ -171.918829, -14.0030085 ], [ -171.9186148, -14.0030845 ], [ -171.9183754, -14.0032878 ], [ -171.918331599999988, -14.0033369 ], [ -171.91834080000001, -14.0034464 ], [ -171.9181843, -14.0035626 ], [ -171.918004700000012, -14.003719 ], [ -171.9179494, -14.0038441 ], [ -171.9179701, -14.0039267 ], [ -171.9178458, -14.0039982 ], [ -171.9177652, -14.0039535 ], [ -171.9176455, -14.0040719 ], [ -171.9176511, -14.0041859 ], [ -171.917493400000012, -14.0041849 ], [ -171.9173672, -14.0042011 ], [ -171.917335799999989, -14.0043336 ], [ -171.9172518, -14.0043148 ], [ -171.917215199999987, -14.0041394 ], [ -171.916967699999987, -14.0041122 ], [ -171.9169311, -14.0040621 ], [ -171.9167352, -14.0041206 ], [ -171.916638299999988, -14.0042584 ], [ -171.916543600000011, -14.004248 ], [ -171.916526299999987, -14.0041603 ], [ -171.9164661, -14.0041624 ], [ -171.916423, -14.0042062 ], [ -171.9163369, -14.0042104 ], [ -171.9163111, -14.0042376 ], [ -171.9161798, -14.0042104 ], [ -171.916153900000012, -14.0041519 ], [ -171.915923600000013, -14.0041853 ], [ -171.9158568, -14.0042313 ], [ -171.9157772, -14.0041958 ], [ -171.9157212, -14.004131 ], [ -171.9155447, -14.0041501 ], [ -171.91545, -14.0041603 ], [ -171.915303599999987, -14.0042543 ], [ -171.9152153, -14.0042459 ], [ -171.915170100000012, -14.0042104 ], [ -171.915069, -14.0042209 ], [ -171.915073299999989, -14.0043169 ], [ -171.9150151, -14.0043274 ], [ -171.9149893, -14.004248 ], [ -171.914922600000011, -14.0042376 ], [ -171.9148537, -14.0041937 ], [ -171.9147482, -14.0042229 ], [ -171.9147439, -14.0044047 ], [ -171.9147331, -14.0045028 ], [ -171.914675100000011, -14.0045454 ], [ -171.914580300000011, -14.0044819 ], [ -171.9145265, -14.0042898 ], [ -171.9144253, -14.0042689 ], [ -171.914139, -14.0043316 ], [ -171.913686899999988, -14.0044151 ], [ -171.9132693, -14.0044655 ], [ -171.913254200000011, -14.0044673 ], [ -171.9130949, -14.0045383 ], [ -171.9129657, -14.004672 ], [ -171.9128495, -14.0047597 ], [ -171.9127096, -14.004789 ], [ -171.912642799999986, -14.0047409 ], [ -171.9125826, -14.0047723 ], [ -171.9125546, -14.0048684 ], [ -171.912472799999989, -14.0048704 ], [ -171.9124297, -14.0048203 ], [ -171.912356499999987, -14.004789 ], [ -171.9123027, -14.0047681 ], [ -171.9122037, -14.0047221 ], [ -171.9120939, -14.0047597 ], [ -171.9119819, -14.0048015 ], [ -171.9118915, -14.0048057 ], [ -171.9118722, -14.004883 ], [ -171.9117874, -14.0049189 ], [ -171.911687699999987, -14.0048637 ], [ -171.9116573, -14.0047071 ], [ -171.9115568, -14.0046628 ], [ -171.9114777, -14.0046126 ], [ -171.9112493, -14.0046421 ], [ -171.911246299999988, -14.0047869 ], [ -171.9111306, -14.0047928 ], [ -171.911069700000013, -14.0046864 ], [ -171.9107835, -14.0047514 ], [ -171.9102934, -14.0048637 ], [ -171.9102447, -14.0048223 ], [ -171.91001940000001, -14.0048489 ], [ -171.9098428, -14.0048518 ], [ -171.9097332, -14.0050527 ], [ -171.909663200000011, -14.0050704 ], [ -171.90963880000001, -14.0050232 ], [ -171.909696700000012, -14.0048991 ], [ -171.9095719, -14.0048607 ], [ -171.9091152, -14.0048814 ], [ -171.9088625, -14.0049198 ], [ -171.908841200000012, -14.004967 ], [ -171.908737699999989, -14.0049907 ], [ -171.9086829, -14.0049641 ], [ -171.908594599999986, -14.00497 ], [ -171.9086007, -14.0050852 ], [ -171.9085063, -14.0051236 ], [ -171.908411199999989, -14.0052403 ], [ -171.908345200000014, -14.0052308 ], [ -171.90826770000001, -14.005237 ], [ -171.9082031, -14.0051577 ], [ -171.908020099999987, -14.005212 ], [ -171.9078027, -14.0052558 ], [ -171.9077058, -14.0052746 ], [ -171.907729499999988, -14.0053582 ], [ -171.9076993, -14.0054167 ], [ -171.907630399999988, -14.0054417 ], [ -171.907656300000014, -14.0055524 ], [ -171.907587400000011, -14.005636 ], [ -171.9075422, -14.0055942 ], [ -171.9075164, -14.0055128 ], [ -171.9073893, -14.0055253 ], [ -171.907441, -14.0056819 ], [ -171.9073549, -14.0056987 ], [ -171.9071999, -14.0053206 ], [ -171.9070793, -14.0053164 ], [ -171.906993199999988, -14.0053833 ], [ -171.9068964, -14.0053478 ], [ -171.9068124, -14.0053143 ], [ -171.906737099999987, -14.0052746 ], [ -171.9065455, -14.0052433 ], [ -171.9065089, -14.005329 ], [ -171.9063969, -14.0053457 ], [ -171.9063151, -14.0052496 ], [ -171.9061752, -14.0052287 ], [ -171.9061494, -14.0054209 ], [ -171.9060826, -14.005425 ], [ -171.906048199999987, -14.005354 ], [ -171.906013699999988, -14.0052245 ], [ -171.9058603, -14.005181 ], [ -171.9055928, -14.0050646 ], [ -171.905383199999989, -14.0049799 ], [ -171.9052901, -14.0050053 ], [ -171.9052231, -14.0050787 ], [ -171.9050776, -14.0050702 ], [ -171.9050368, -14.0050025 ], [ -171.90491750000001, -14.0050618 ], [ -171.904804, -14.0051267 ], [ -171.9046089, -14.005138 ], [ -171.9044663, -14.0050702 ], [ -171.904267299999987, -14.0049219 ], [ -171.904210400000011, -14.0049253 ], [ -171.9041236, -14.0049304 ], [ -171.903901600000012, -14.0049553 ], [ -171.9037309, -14.0050409 ], [ -171.9035259, -14.0051486 ], [ -171.903229900000014, -14.0051734 ], [ -171.902884699999987, -14.004852 ], [ -171.9029453, -14.0046377 ], [ -171.9026979, -14.0043114 ], [ -171.9024756, -14.004066 ], [ -171.9022508, -14.003939 ], [ -171.9019438, -14.0039072 ], [ -171.9017982, -14.0037705 ], [ -171.901658700000013, -14.003533 ], [ -171.9017014, -14.0032596 ], [ -171.901907, -14.0031291 ], [ -171.901932, -14.0031132 ], [ -171.902012899999988, -14.0028337 ], [ -171.9019348, -14.0025415 ], [ -171.9017982, -14.0022488 ], [ -171.9015506, -14.0018925 ], [ -171.901293900000013, -14.0015828 ], [ -171.9008729, -14.0013744 ], [ -171.9007081, -14.0012131 ], [ -171.9004749, -14.001153 ], [ -171.9002697, -14.0013181 ], [ -171.9001388, -14.0014092 ], [ -171.899996499999986, -14.0013678 ], [ -171.8998656, -14.0011109 ], [ -171.899746, -14.0011248 ], [ -171.8995525, -14.0011054 ], [ -171.8993902, -14.0013733 ], [ -171.8997382, -14.0013919 ], [ -171.899885500000011, -14.0016136 ], [ -171.8997745, -14.0017461 ], [ -171.8996606, -14.0016661 ], [ -171.899518300000011, -14.0018207 ], [ -171.899572400000011, -14.0018898 ], [ -171.8994844, -14.0020354 ], [ -171.8992024, -14.0021825 ], [ -171.8988982, -14.0024366 ], [ -171.898727, -14.0024559 ], [ -171.8986189, -14.0024504 ], [ -171.8983399, -14.0025609 ], [ -171.89826020000001, -14.0025471 ], [ -171.898061, -14.0026106 ], [ -171.89794710000001, -14.0026465 ], [ -171.8979272, -14.0028039 ], [ -171.8978268, -14.0028538 ], [ -171.897508, -14.0028199 ], [ -171.897411299999987, -14.0029691 ], [ -171.8964786, -14.0030248 ], [ -171.8956752, -14.0027033 ], [ -171.8944937, -14.0022151 ], [ -171.8931222, -14.0020439 ], [ -171.892549699999989, -14.0020135 ], [ -171.8922765, -14.0019804 ], [ -171.8921057, -14.001881 ], [ -171.8909614, -14.0018987 ], [ -171.8904834, -14.0022171 ], [ -171.8902354, -14.0023823 ], [ -171.888902, -14.0026066 ], [ -171.8885601, -14.0027406 ], [ -171.888366600000012, -14.0019896 ], [ -171.88799370000001, -14.0012004 ], [ -171.887319100000013, -14.0006861 ], [ -171.88684090000001, -14.0005148 ], [ -171.8866471, -14.0006128 ], [ -171.8864103, -14.0007324 ], [ -171.8861578, -14.0006474 ], [ -171.88597, -14.0003933 ], [ -171.885994399999987, -13.9999027 ], [ -171.8846891, -13.9986755 ], [ -171.8821772, -13.9971887 ], [ -171.879321, -13.9955657 ], [ -171.87792060000001, -13.994936 ], [ -171.877631799999989, -13.9948512 ], [ -171.8772432, -13.9947372 ], [ -171.874917399999987, -13.9934828 ], [ -171.8746132, -13.9934225 ], [ -171.8744709, -13.9933397 ], [ -171.874191599999989, -13.9930595 ], [ -171.874135, -13.9930027 ], [ -171.8728371, -13.9922902 ], [ -171.87099090000001, -13.9914593 ], [ -171.870839, -13.9910639 ], [ -171.870963499999988, -13.9908349 ], [ -171.871191900000014, -13.9906496 ], [ -171.8715249, -13.9905086 ], [ -171.871709900000013, -13.9904508 ], [ -171.8718581, -13.9905945 ], [ -171.8719982, -13.9908644 ], [ -171.8720133, -13.9911825 ], [ -171.8720194, -13.9913119 ], [ -171.8727323, -13.991319 ], [ -171.8731864, -13.9914581 ], [ -171.873567799999989, -13.9915421 ], [ -171.873883799999987, -13.9914637 ], [ -171.87418550000001, -13.9914664 ], [ -171.8743591, -13.9913394 ], [ -171.874717800000013, -13.9913007 ], [ -171.8747381, -13.9910753 ], [ -171.875096, -13.9909947 ], [ -171.875306099999989, -13.9912939 ], [ -171.8754792, -13.9913642 ], [ -171.8758113, -13.9914755 ], [ -171.8758133, -13.9915966 ], [ -171.8758475, -13.9916415 ], [ -171.8761092, -13.9916532 ], [ -171.8762601, -13.9918349 ], [ -171.8764956, -13.991911 ], [ -171.8765358, -13.9918212 ], [ -171.8767559, -13.9918864 ], [ -171.876881, -13.9915425 ], [ -171.8768116, -13.9914482 ], [ -171.8768516, -13.9912586 ], [ -171.8756625, -13.9910173 ], [ -171.8753127, -13.9905346 ], [ -171.874628800000011, -13.9902481 ], [ -171.8743335, -13.9904749 ], [ -171.87423960000001, -13.9906903 ], [ -171.874100199999987, -13.9907911 ], [ -171.873769900000013, -13.9909168 ], [ -171.8736447, -13.9912068 ], [ -171.873455400000012, -13.9913538 ], [ -171.8725732, -13.9908462 ], [ -171.8722866, -13.9906082 ], [ -171.8716986, -13.9901198 ], [ -171.8713407, -13.9899467 ], [ -171.8708992, -13.9899735 ], [ -171.870690599999989, -13.9899193 ], [ -171.8705453, -13.9899808 ], [ -171.8704179, -13.9899814 ], [ -171.8702865, -13.989965 ], [ -171.8701609, -13.9899807 ], [ -171.8700949, -13.9900027 ], [ -171.8700289, -13.9900466 ], [ -171.869991199999987, -13.9900938 ], [ -171.8699096, -13.990298 ], [ -171.8698436, -13.9904048 ], [ -171.8697965, -13.9904676 ], [ -171.8697525, -13.9904959 ], [ -171.869711599999988, -13.9905179 ], [ -171.8696802, -13.9905273 ], [ -171.869633099999987, -13.9905304 ], [ -171.8695734, -13.9905179 ], [ -171.86952, -13.9904645 ], [ -171.869460299999986, -13.9903796 ], [ -171.8693755, -13.9903419 ], [ -171.8693284, -13.9903262 ], [ -171.869243, -13.9903183 ], [ -171.868876, -13.9902728 ], [ -171.8684833, -13.9901974 ], [ -171.8682383, -13.9901786 ], [ -171.8680215, -13.990188 ], [ -171.8676571, -13.9901503 ], [ -171.8674655, -13.990144 ], [ -171.8672487, -13.9902037 ], [ -171.8669377, -13.99021 ], [ -171.866563899999989, -13.9901974 ], [ -171.8659984, -13.9901189 ], [ -171.8656623, -13.9900278 ], [ -171.8654623, -13.9899555 ], [ -171.8653136, -13.9899775 ], [ -171.86520680000001, -13.9900152 ], [ -171.865134500000011, -13.9900215 ], [ -171.8650371, -13.9899901 ], [ -171.8646005, -13.9897576 ], [ -171.8643554, -13.989588 ], [ -171.8639847, -13.9893335 ], [ -171.8638654, -13.989321 ], [ -171.8638245, -13.9893398 ], [ -171.863626900000014, -13.9894459 ], [ -171.8634256, -13.9894937 ], [ -171.8632968, -13.9894655 ], [ -171.863098900000011, -13.9892896 ], [ -171.862747, -13.9888309 ], [ -171.8624477, -13.9883895 ], [ -171.8620606, -13.9877502 ], [ -171.8614637, -13.9869617 ], [ -171.8607663, -13.9860821 ], [ -171.860119200000014, -13.9852967 ], [ -171.8597642, -13.9848664 ], [ -171.8594406, -13.9845805 ], [ -171.8592207, -13.9844485 ], [ -171.8590479, -13.9842601 ], [ -171.858828, -13.984125 ], [ -171.8585861, -13.9839208 ], [ -171.8583348, -13.9837951 ], [ -171.857973500000014, -13.9836412 ], [ -171.8578322, -13.9835721 ], [ -171.8577536, -13.9835658 ], [ -171.857659399999989, -13.9836004 ], [ -171.85762170000001, -13.9836349 ], [ -171.8575638, -13.9836882 ], [ -171.8574825, -13.9836813 ], [ -171.8573055, -13.9836662 ], [ -171.8570393, -13.983543 ], [ -171.8569086, -13.983481 ], [ -171.8567735, -13.9834024 ], [ -171.856619599999988, -13.9833993 ], [ -171.8561798, -13.9833742 ], [ -171.855809099999988, -13.9833962 ], [ -171.8556017, -13.9834087 ], [ -171.8554384, -13.9834401 ], [ -171.8550645, -13.9835312 ], [ -171.8548572, -13.9836223 ], [ -171.8545085, -13.9838862 ], [ -171.8540781, -13.9843103 ], [ -171.853864499999986, -13.9845899 ], [ -171.853613200000012, -13.9848789 ], [ -171.8534435, -13.9850549 ], [ -171.8532928, -13.9852716 ], [ -171.8531357, -13.9855386 ], [ -171.8530791, -13.9857051 ], [ -171.8529566, -13.9861072 ], [ -171.852903199999986, -13.9862989 ], [ -171.8529189, -13.9864245 ], [ -171.8529346, -13.9865847 ], [ -171.8529189, -13.9868329 ], [ -171.852846699999986, -13.9871973 ], [ -171.8528058, -13.9873387 ], [ -171.852787, -13.9875869 ], [ -171.8528184, -13.9877188 ], [ -171.8528121, -13.9879073 ], [ -171.852802700000012, -13.9882372 ], [ -171.852743, -13.9884256 ], [ -171.8526111, -13.9885984 ], [ -171.8524603, -13.9887335 ], [ -171.8524037, -13.9888435 ], [ -171.8522969, -13.9890414 ], [ -171.8522247, -13.9893053 ], [ -171.8521618, -13.9894655 ], [ -171.852092699999986, -13.9895911 ], [ -171.8520048, -13.9897168 ], [ -171.851919900000013, -13.9897733 ], [ -171.8518288, -13.9898016 ], [ -171.8517597, -13.989811 ], [ -171.8516152, -13.9897733 ], [ -171.8514644, -13.9897137 ], [ -171.850946099999987, -13.9895503 ], [ -171.8505691, -13.9893807 ], [ -171.850298900000013, -13.9892393 ], [ -171.850101, -13.9891513 ], [ -171.849878, -13.9891042 ], [ -171.8496204, -13.9890539 ], [ -171.8490769, -13.9889691 ], [ -171.848549100000014, -13.9889251 ], [ -171.8482381, -13.9889251 ], [ -171.8480968, -13.9889503 ], [ -171.8479648, -13.988944 ], [ -171.8476019, -13.9889682 ], [ -171.8471918, -13.9889208 ], [ -171.846958199999989, -13.9888938 ], [ -171.8467114, -13.988944 ], [ -171.846391, -13.9889346 ], [ -171.846061099999986, -13.9889628 ], [ -171.8457721, -13.9890005 ], [ -171.845523899999989, -13.9889943 ], [ -171.8452255, -13.9889534 ], [ -171.8448359, -13.9888466 ], [ -171.8444778, -13.9887901 ], [ -171.8440286, -13.9887241 ], [ -171.843830700000012, -13.9887084 ], [ -171.843657900000011, -13.9887147 ], [ -171.843522799999988, -13.9887147 ], [ -171.843315499999989, -13.9886644 ], [ -171.8430359, -13.9885513 ], [ -171.8426715, -13.9884508 ], [ -171.8423919, -13.9884131 ], [ -171.8420337, -13.988256 ], [ -171.8418641, -13.9882057 ], [ -171.8416647, -13.9881481 ], [ -171.841405400000014, -13.9881429 ], [ -171.8413238, -13.9881806 ], [ -171.8411164, -13.9882686 ], [ -171.8409374, -13.9883283 ], [ -171.8407269, -13.9884005 ], [ -171.840353, -13.9885984 ], [ -171.8399604, -13.9887806 ], [ -171.8397373, -13.9889251 ], [ -171.839574, -13.9890162 ], [ -171.8394954, -13.9890665 ], [ -171.8394169, -13.9891231 ], [ -171.8393541, -13.9891796 ], [ -171.8393446, -13.989233 ], [ -171.8393446, -13.9892833 ], [ -171.8393446, -13.989343 ], [ -171.8393164, -13.9895377 ], [ -171.8392001, -13.9897262 ], [ -171.8390776, -13.9899336 ], [ -171.838939399999987, -13.9901786 ], [ -171.8386692, -13.9904488 ], [ -171.83834250000001, -13.9907001 ], [ -171.8381195, -13.9908791 ], [ -171.8378524, -13.9910111 ], [ -171.837447200000014, -13.991165 ], [ -171.837101600000011, -13.9911713 ], [ -171.8368, -13.9910802 ], [ -171.836577, -13.9910017 ], [ -171.8361215, -13.9906875 ], [ -171.8360178, -13.9905556 ], [ -171.835933, -13.9903891 ], [ -171.8359173, -13.9902728 ], [ -171.8358953, -13.9901535 ], [ -171.8358419, -13.9900529 ], [ -171.8358136, -13.9899775 ], [ -171.8358639, -13.9898739 ], [ -171.8359236, -13.9897765 ], [ -171.8359361, -13.9897074 ], [ -171.835948699999989, -13.9895817 ], [ -171.8359644, -13.9895157 ], [ -171.8359958, -13.9894718 ], [ -171.8360649, -13.9894246 ], [ -171.836156, -13.9893712 ], [ -171.8362157, -13.9893304 ], [ -171.836332, -13.9892456 ], [ -171.8363948, -13.9891042 ], [ -171.8364388, -13.9890351 ], [ -171.836586399999987, -13.9889974 ], [ -171.8367089, -13.9889943 ], [ -171.8367906, -13.988966 ], [ -171.8368974, -13.9889126 ], [ -171.8369414, -13.9888812 ], [ -171.8370199, -13.9887209 ], [ -171.8370262, -13.9886236 ], [ -171.836976, -13.9885764 ], [ -171.8367812, -13.9884476 ], [ -171.8367466, -13.988344 ], [ -171.836743500000011, -13.9882749 ], [ -171.836737199999988, -13.9881995 ], [ -171.8366995, -13.9880424 ], [ -171.836658699999987, -13.9879984 ], [ -171.836592700000011, -13.9879701 ], [ -171.8364608, -13.9879513 ], [ -171.8361246, -13.9879324 ], [ -171.835933, -13.9878853 ], [ -171.8358105, -13.9878351 ], [ -171.8357131, -13.9877754 ], [ -171.8355379, -13.987706 ], [ -171.8354773, -13.9876932 ], [ -171.8354194, -13.9876472 ], [ -171.8354062, -13.9875833 ], [ -171.8354747, -13.987458 ], [ -171.8354589, -13.9873558 ], [ -171.8353825, -13.9873149 ], [ -171.835256, -13.9872944 ], [ -171.8351954, -13.9872356 ], [ -171.835219099999989, -13.987141 ], [ -171.835148, -13.9871206 ], [ -171.8351427, -13.9868905 ], [ -171.835187499999989, -13.9867831 ], [ -171.8352639, -13.9867525 ], [ -171.8353219, -13.9866988 ], [ -171.8353746, -13.9865837 ], [ -171.835256, -13.9865556 ], [ -171.8353219, -13.9864585 ], [ -171.8352428, -13.9864073 ], [ -171.835213900000014, -13.9863051 ], [ -171.83503730000001, -13.9861824 ], [ -171.8345684, -13.9863843 ], [ -171.8345315, -13.9863306 ], [ -171.8346369, -13.9862233 ], [ -171.834602600000011, -13.9861977 ], [ -171.834629, -13.9860366 ], [ -171.8344419, -13.9860443 ], [ -171.834418199999988, -13.9859881 ], [ -171.834423500000014, -13.9858858 ], [ -171.8343682, -13.9858193 ], [ -171.834120500000012, -13.9857682 ], [ -171.83411, -13.9857043 ], [ -171.8341706, -13.985556 ], [ -171.833857, -13.9854384 ], [ -171.8338149, -13.9853694 ], [ -171.8337438, -13.9853515 ], [ -171.8335725, -13.9852697 ], [ -171.8334461, -13.985262 ], [ -171.833330100000012, -13.9853055 ], [ -171.8332116, -13.985285 ], [ -171.83301130000001, -13.9854282 ], [ -171.8329402, -13.9853975 ], [ -171.8328902, -13.9854205 ], [ -171.8329568, -13.985601 ], [ -171.832916, -13.9856368 ], [ -171.8328251, -13.9856547 ], [ -171.83275, -13.9856189 ], [ -171.8326947, -13.9854617 ], [ -171.8326446, -13.9854936 ], [ -171.832591900000011, -13.9854386 ], [ -171.832539200000014, -13.9854911 ], [ -171.832533899999987, -13.985532 ], [ -171.8326011, -13.9856342 ], [ -171.83253, -13.985702 ], [ -171.8325142, -13.9858643 ], [ -171.8324747, -13.9858975 ], [ -171.832507600000014, -13.9859384 ], [ -171.8326222, -13.9859793 ], [ -171.8327223, -13.9861046 ], [ -171.8328358, -13.9863721 ], [ -171.8328842, -13.9867346 ], [ -171.8328498, -13.986825 ], [ -171.8327725, -13.9868376 ], [ -171.8327697, -13.9868855 ], [ -171.8327846, -13.9869497 ], [ -171.8326998, -13.9870175 ], [ -171.8326803, -13.9871079 ], [ -171.8326365, -13.987116 ], [ -171.8326188, -13.9870862 ], [ -171.832548, -13.9870645 ], [ -171.832299799999987, -13.987267 ], [ -171.832231299999989, -13.9872465 ], [ -171.8321483, -13.9872913 ], [ -171.8320593, -13.9872565 ], [ -171.831966200000011, -13.9873631 ], [ -171.8320444, -13.9873866 ], [ -171.8319717, -13.9875909 ], [ -171.8319363, -13.9876108 ], [ -171.831813399999987, -13.9876017 ], [ -171.831776100000013, -13.9876505 ], [ -171.831727699999988, -13.9876794 ], [ -171.831690400000014, -13.9877138 ], [ -171.8316364, -13.9877174 ], [ -171.8316178, -13.9877518 ], [ -171.8316313, -13.9878071 ], [ -171.8316208, -13.9878627 ], [ -171.8315756, -13.987933 ], [ -171.8315672, -13.9879981 ], [ -171.8316092, -13.9880216 ], [ -171.831547699999987, -13.9881554 ], [ -171.8316343, -13.9882015 ], [ -171.831627, -13.9883863 ], [ -171.8314992, -13.9886994 ], [ -171.83153870000001, -13.9887672 ], [ -171.8314939, -13.9888388 ], [ -171.8315321, -13.9888503 ], [ -171.831497899999988, -13.988927 ], [ -171.8314188, -13.9889794 ], [ -171.831342400000011, -13.9892031 ], [ -171.831401699999986, -13.989212 ], [ -171.831412199999988, -13.9892619 ], [ -171.831457, -13.9892836 ], [ -171.8313872, -13.9894267 ], [ -171.83147550000001, -13.9894587 ], [ -171.8314557, -13.9895328 ], [ -171.831515, -13.9895852 ], [ -171.8315203, -13.9897322 ], [ -171.8315519, -13.9898025 ], [ -171.83160190000001, -13.9898204 ], [ -171.8316072, -13.9899431 ], [ -171.831533400000012, -13.9900109 ], [ -171.8315558, -13.990209 ], [ -171.8314992, -13.9902716 ], [ -171.831457, -13.9902295 ], [ -171.831412199999988, -13.9902461 ], [ -171.8313977, -13.9903202 ], [ -171.8312831, -13.9904263 ], [ -171.8313622, -13.9906257 ], [ -171.8314557, -13.9906794 ], [ -171.831470200000012, -13.9907471 ], [ -171.831544, -13.9908085 ], [ -171.8315914, -13.9912214 ], [ -171.8316678, -13.9912418 ], [ -171.8317007, -13.9913568 ], [ -171.8318008, -13.9913952 ], [ -171.831773199999986, -13.9916393 ], [ -171.8318272, -13.9916905 ], [ -171.8319615, -13.9917301 ], [ -171.8319984, -13.9917991 ], [ -171.832009, -13.9918847 ], [ -171.831969500000014, -13.991987 ], [ -171.8318145, -13.9921548 ], [ -171.8317717, -13.9922813 ], [ -171.83168040000001, -13.9923338 ], [ -171.8316189, -13.9923283 ], [ -171.831617099999988, -13.9922633 ], [ -171.8316841, -13.9922018 ], [ -171.8316208, -13.9922018 ], [ -171.8315873, -13.9922416 ], [ -171.831527599999987, -13.9921982 ], [ -171.8314662, -13.9922108 ], [ -171.831510900000012, -13.9922904 ], [ -171.8315854, -13.99235 ], [ -171.8315873, -13.9924458 ], [ -171.831443799999988, -13.9924892 ], [ -171.8314066, -13.9924386 ], [ -171.831337600000012, -13.992473 ], [ -171.8312985, -13.9926266 ], [ -171.8312575, -13.9927134 ], [ -171.831265, -13.9928471 ], [ -171.8312948, -13.9928815 ], [ -171.8313283, -13.9930604 ], [ -171.8312426, -13.9930966 ], [ -171.8312613, -13.9931581 ], [ -171.8313469, -13.9932014 ], [ -171.831265, -13.9932792 ], [ -171.8312482, -13.9933352 ], [ -171.8313972, -13.9933768 ], [ -171.831443799999988, -13.9935033 ], [ -171.8314121, -13.9936588 ], [ -171.8313637, -13.993657 ], [ -171.8313078, -13.9935539 ], [ -171.831253800000013, -13.9935774 ], [ -171.831265, -13.993704 ], [ -171.8313134, -13.9937347 ], [ -171.8313842, -13.993722 ], [ -171.831423300000012, -13.9937654 ], [ -171.831289199999986, -13.9938197 ], [ -171.831337600000012, -13.993854 ], [ -171.8314345, -13.9939155 ], [ -171.831468, -13.9940619 ], [ -171.831581699999987, -13.9942463 ], [ -171.8315407, -13.9943746 ], [ -171.8314923, -13.9944614 ], [ -171.8317065, -13.9945807 ], [ -171.831749300000013, -13.9946909 ], [ -171.831734399999988, -13.9948265 ], [ -171.8316059, -13.9950055 ], [ -171.831510900000012, -13.9951211 ], [ -171.831527599999987, -13.9953037 ], [ -171.8315146, -13.9953706 ], [ -171.8314948, -13.9954613 ], [ -171.8314852, -13.9955327 ], [ -171.831304499999987, -13.9956786 ], [ -171.8311376, -13.9957923 ], [ -171.8308846, -13.9958537 ], [ -171.830734400000011, -13.9959074 ], [ -171.8306158, -13.9960033 ], [ -171.830614700000012, -13.9961238 ], [ -171.830686899999989, -13.9962296 ], [ -171.8306474, -13.9962987 ], [ -171.830513, -13.9962987 ], [ -171.8303335, -13.9964787 ], [ -171.8300386, -13.9965557 ], [ -171.8298962, -13.9966593 ], [ -171.829939700000011, -13.9967974 ], [ -171.82971040000001, -13.9970582 ], [ -171.8295444, -13.9972846 ], [ -171.829354599999988, -13.9975608 ], [ -171.8289869, -13.9978715 ], [ -171.828789300000011, -13.9979751 ], [ -171.8287023, -13.997952 ], [ -171.8286153, -13.9980671 ], [ -171.8286746, -13.9981247 ], [ -171.8285679, -13.9982176 ], [ -171.8283979, -13.9983663 ], [ -171.828299, -13.9983395 ], [ -171.8282951, -13.9985083 ], [ -171.828160700000012, -13.9986042 ], [ -171.828010400000011, -13.9987461 ], [ -171.8279748, -13.9988957 ], [ -171.8279393, -13.9989648 ], [ -171.8278207, -13.9989648 ], [ -171.82771790000001, -13.9991297 ], [ -171.827579500000013, -13.9991681 ], [ -171.82754, -13.9992716 ], [ -171.8275281, -13.9993637 ], [ -171.827456899999987, -13.9994289 ], [ -171.8274767, -13.9996015 ], [ -171.8275083, -13.9997512 ], [ -171.8275433, -13.9999756 ], [ -171.8274925, -14.000058 ], [ -171.8274925, -14.0002997 ], [ -171.827350200000012, -14.0003496 ], [ -171.8273383, -14.0004723 ], [ -171.827168300000011, -14.0004723 ], [ -171.8271881, -14.000503 ], [ -171.8272514, -14.0006143 ], [ -171.8269786, -14.0008866 ], [ -171.8269114, -14.0008828 ], [ -171.82687580000001, -14.0009442 ], [ -171.826919299999986, -14.0010286 ], [ -171.8267414, -14.001205 ], [ -171.8266544, -14.001393 ], [ -171.826516, -14.0014428 ], [ -171.8264567, -14.0014467 ], [ -171.826614799999987, -14.0015694 ], [ -171.8265753, -14.0016308 ], [ -171.826516, -14.0016615 ], [ -171.8264211, -14.0016423 ], [ -171.826464, -14.0017126 ], [ -171.8265634, -14.0017536 ], [ -171.8265595, -14.001953 ], [ -171.826492300000012, -14.0021487 ], [ -171.82612, -14.0022819 ], [ -171.8259507, -14.0022906 ], [ -171.8257925, -14.0021218 ], [ -171.825741099999988, -14.0019454 ], [ -171.825634400000013, -14.0019952 ], [ -171.8256858, -14.0020835 ], [ -171.8255355, -14.0021679 ], [ -171.825413, -14.0021065 ], [ -171.825314100000014, -14.0021525 ], [ -171.8253576, -14.0022638 ], [ -171.825298299999986, -14.0023942 ], [ -171.825065099999989, -14.0024709 ], [ -171.8249662, -14.0024134 ], [ -171.82499390000001, -14.0022446 ], [ -171.824883199999988, -14.0022331 ], [ -171.824835799999988, -14.0022829 ], [ -171.8247369, -14.0021909 ], [ -171.824638099999987, -14.0022369 ], [ -171.8245415, -14.0021654 ], [ -171.824606499999987, -14.00193 ], [ -171.8244685, -14.0017919 ], [ -171.8242981, -14.0016155 ], [ -171.824118, -14.0015292 ], [ -171.8241167, -14.0014825 ], [ -171.8239256, -14.0014466 ], [ -171.82393350000001, -14.0013912 ], [ -171.8237345, -14.0013908 ], [ -171.82342460000001, -14.0013855 ], [ -171.8233927, -14.0013469 ], [ -171.8232109, -14.0013393 ], [ -171.823214799999988, -14.0013891 ], [ -171.823033, -14.0014083 ], [ -171.8230409, -14.0013431 ], [ -171.8228748, -14.0013661 ], [ -171.8228827, -14.001416 ], [ -171.8228076, -14.0014582 ], [ -171.8226534, -14.0014237 ], [ -171.822628400000013, -14.0015367 ], [ -171.8228867, -14.0015234 ], [ -171.8231714, -14.0015925 ], [ -171.8233137, -14.0017881 ], [ -171.8233572, -14.0019914 ], [ -171.8232583, -14.0020374 ], [ -171.8232702, -14.0020835 ], [ -171.823151599999989, -14.0021333 ], [ -171.8231595, -14.0022177 ], [ -171.823183199999988, -14.002329 ], [ -171.8234876, -14.0023482 ], [ -171.8236972, -14.0027471 ], [ -171.8237407, -14.0029696 ], [ -171.8236576, -14.0031537 ], [ -171.8234837, -14.0032496 ], [ -171.82324650000001, -14.0033259 ], [ -171.8227602, -14.0034644 ], [ -171.8224004, -14.0036754 ], [ -171.8221395, -14.0036639 ], [ -171.821915499999989, -14.003568 ], [ -171.8217718, -14.0031997 ], [ -171.8215822, -14.0027526 ], [ -171.8214002, -14.0024594 ], [ -171.8212302, -14.0023175 ], [ -171.8211195, -14.0022101 ], [ -171.82108, -14.0022714 ], [ -171.8212579, -14.0024747 ], [ -171.821242, -14.0027701 ], [ -171.821159, -14.0029082 ], [ -171.8210009, -14.0030808 ], [ -171.8208981, -14.0031882 ], [ -171.8208902, -14.0033225 ], [ -171.820763699999986, -14.0034222 ], [ -171.820672699999989, -14.0035488 ], [ -171.8205423, -14.0037061 ], [ -171.8203317, -14.0038742 ], [ -171.82006, -14.0038519 ], [ -171.8199137, -14.0036447 ], [ -171.8198662, -14.0035181 ], [ -171.81960140000001, -14.003499 ], [ -171.819463, -14.003614 ], [ -171.8193997, -14.0036754 ], [ -171.819296900000012, -14.0038634 ], [ -171.8189293, -14.0039669 ], [ -171.81879090000001, -14.0040705 ], [ -171.8185724, -14.0041037 ], [ -171.8184469, -14.0040508 ], [ -171.8183797, -14.0041357 ], [ -171.8184003, -14.0042703 ], [ -171.8182967, -14.0043812 ], [ -171.817810400000013, -14.0046574 ], [ -171.8175732, -14.0047341 ], [ -171.8174032, -14.0048224 ], [ -171.8173874, -14.0049451 ], [ -171.817166, -14.0050602 ], [ -171.8170079, -14.0051599 ], [ -171.8168655, -14.0052865 ], [ -171.8166204, -14.0053479 ], [ -171.816505799999987, -14.0052251 ], [ -171.816505799999987, -14.0051024 ], [ -171.8164544, -14.0050142 ], [ -171.8163793, -14.0050295 ], [ -171.816296200000011, -14.0051254 ], [ -171.8160551, -14.0052136 ], [ -171.815908799999988, -14.0052482 ], [ -171.815896900000013, -14.0053095 ], [ -171.81598, -14.0054284 ], [ -171.8159207, -14.005509 ], [ -171.815972, -14.0055742 ], [ -171.8160116, -14.0057468 ], [ -171.815877199999989, -14.0059041 ], [ -171.815723, -14.0059808 ], [ -171.8156162, -14.0059616 ], [ -171.8155372, -14.0060384 ], [ -171.8153316, -14.0060345 ], [ -171.815205099999986, -14.0059578 ], [ -171.815114099999988, -14.0059348 ], [ -171.8150114, -14.0058734 ], [ -171.814956, -14.0059079 ], [ -171.8150114, -14.0059808 ], [ -171.8149402, -14.0060614 ], [ -171.8148137, -14.0060729 ], [ -171.8146516, -14.0060997 ], [ -171.814564600000011, -14.0060614 ], [ -171.8143393, -14.0057046 ], [ -171.8142048, -14.0058159 ], [ -171.8141218, -14.0058236 ], [ -171.814042699999987, -14.0057238 ], [ -171.8138214, -14.0057507 ], [ -171.813722500000011, -14.0057008 ], [ -171.8135723, -14.0057507 ], [ -171.813536699999986, -14.0059041 ], [ -171.8136079, -14.0059271 ], [ -171.8137265, -14.0059578 ], [ -171.8138846, -14.0059463 ], [ -171.8139004, -14.006023 ], [ -171.8140665, -14.0061381 ], [ -171.8140941, -14.0062647 ], [ -171.8139874, -14.0063951 ], [ -171.8138807, -14.0063798 ], [ -171.8138016, -14.006468 ], [ -171.813643399999989, -14.0064948 ], [ -171.813505099999986, -14.0064603 ], [ -171.8133311, -14.0063414 ], [ -171.813275800000014, -14.0064526 ], [ -171.8131967, -14.0064526 ], [ -171.813030700000013, -14.0060422 ], [ -171.8129041, -14.0058619 ], [ -171.812801400000012, -14.0059962 ], [ -171.812876499999987, -14.0060614 ], [ -171.8129872, -14.0061726 ], [ -171.813046500000013, -14.0064066 ], [ -171.8130267, -14.0065831 ], [ -171.8130979, -14.0067634 ], [ -171.8130069, -14.0069398 ], [ -171.8130741, -14.0071048 ], [ -171.813307400000014, -14.0071239 ], [ -171.8133034, -14.0069935 ], [ -171.8134102, -14.006936 ], [ -171.8134972, -14.0070012 ], [ -171.8136118, -14.0069245 ], [ -171.813750199999987, -14.0069667 ], [ -171.8140665, -14.0067979 ], [ -171.814469699999989, -14.0067519 ], [ -171.8148176, -14.0067787 ], [ -171.8149086, -14.0067058 ], [ -171.814991600000013, -14.0067595 ], [ -171.8151023, -14.0067058 ], [ -171.81519320000001, -14.0068286 ], [ -171.815296, -14.0068094 ], [ -171.8153, -14.0066713 ], [ -171.8155609, -14.0066483 ], [ -171.8158139, -14.0066981 ], [ -171.8161579, -14.0065792 ], [ -171.8165572, -14.0063568 ], [ -171.816913, -14.0060652 ], [ -171.8172253, -14.0057008 ], [ -171.8177116, -14.0056011 ], [ -171.8182651, -14.0053747 ], [ -171.8183995, -14.0051408 ], [ -171.8185576, -14.0050218 ], [ -171.8185853, -14.0048492 ], [ -171.8187514, -14.0047303 ], [ -171.819004400000011, -14.0046766 ], [ -171.819142699999986, -14.0046191 ], [ -171.8195992, -14.0045664 ], [ -171.819882, -14.0046766 ], [ -171.8200995, -14.0049221 ], [ -171.820198299999987, -14.0049566 ], [ -171.820313, -14.0048607 ], [ -171.8206688, -14.0048799 ], [ -171.8209218, -14.0048646 ], [ -171.8211353, -14.0049413 ], [ -171.82125, -14.0051139 ], [ -171.821593900000011, -14.0053594 ], [ -171.8218771, -14.0052425 ], [ -171.8222541, -14.0050295 ], [ -171.8226258, -14.0049183 ], [ -171.8228952, -14.0049304 ], [ -171.823709, -14.0054169 ], [ -171.8240332, -14.0054745 ], [ -171.8245195, -14.0055359 ], [ -171.8249267, -14.0057353 ], [ -171.8252904, -14.0058274 ], [ -171.8255948, -14.0057699 ], [ -171.8259467, -14.0059463 ], [ -171.826290699999987, -14.0062992 ], [ -171.8268402, -14.0062263 ], [ -171.82743, -14.0059949 ], [ -171.828046, -14.0056164 ], [ -171.8280681, -14.0054627 ], [ -171.8285521, -14.0050487 ], [ -171.828528299999988, -14.0049298 ], [ -171.8287023, -14.0048415 ], [ -171.8288407, -14.004807 ], [ -171.828813, -14.0047226 ], [ -171.8287339, -14.0046919 ], [ -171.8287814, -14.0046306 ], [ -171.8289711, -14.0045423 ], [ -171.8291925, -14.0045577 ], [ -171.8295075, -14.0045391 ], [ -171.829805, -14.004144768416909 ], [ -171.8310406, -14.002507 ], [ -171.8312325, -14.0018341 ], [ -171.8312483, -14.0011014 ], [ -171.831189, -14.0005222 ], [ -171.8313748, -13.9998547 ], [ -171.831422300000014, -13.9991642 ], [ -171.831317500000011, -13.9988869 ], [ -171.8313195, -13.9984661 ], [ -171.831513199999989, -13.9983625 ], [ -171.8316595, -13.9982858 ], [ -171.8319837, -13.9982321 ], [ -171.832157599999988, -13.9982781 ], [ -171.8323751, -13.9982628 ], [ -171.8326114, -13.99829 ], [ -171.8327732, -13.9983543 ], [ -171.8328109, -13.9981989 ], [ -171.8329661, -13.9981356 ], [ -171.83315, -13.9980594 ], [ -171.833403, -13.9981438 ], [ -171.8334267, -13.9982628 ], [ -171.8332567, -13.998397 ], [ -171.8330551, -13.9985236 ], [ -171.8330551, -13.998631 ], [ -171.8331618, -13.9987921 ], [ -171.833165799999989, -13.999099 ], [ -171.8333793, -13.9990492 ], [ -171.833486, -13.9989686 ], [ -171.8333911, -13.9989149 ], [ -171.8334583, -13.9986425 ], [ -171.8334583, -13.9984853 ], [ -171.8336521, -13.9983433 ], [ -171.833553200000011, -13.9982244 ], [ -171.8335927, -13.9981016 ], [ -171.8337548, -13.9981132 ], [ -171.834177899999986, -13.9980825 ], [ -171.834241100000014, -13.9982321 ], [ -171.8345455, -13.9981477 ], [ -171.834470399999987, -13.9980211 ], [ -171.8345021, -13.997837 ], [ -171.83465480000001, -13.9977088 ], [ -171.8347234, -13.9978676 ], [ -171.8349172, -13.9976989 ], [ -171.83503970000001, -13.997484 ], [ -171.8351821, -13.9971887 ], [ -171.8353916, -13.9970736 ], [ -171.8355339, -13.9968204 ], [ -171.835727600000013, -13.9965902 ], [ -171.8358897, -13.9964138 ], [ -171.8359807, -13.9961836 ], [ -171.8362113, -13.9958902 ], [ -171.8364867, -13.9956887 ], [ -171.836779299999989, -13.9954893 ], [ -171.837150900000012, -13.9953013 ], [ -171.837412199999989, -13.9952874 ], [ -171.8375467, -13.9951771 ], [ -171.837479, -13.9949982 ], [ -171.8377993, -13.9947297 ], [ -171.8379368, -13.9946609 ], [ -171.838095399999986, -13.9945425 ], [ -171.83814430000001, -13.9943552 ], [ -171.8383345, -13.994146 ], [ -171.838532, -13.9937936 ], [ -171.838653599999986, -13.9934502 ], [ -171.8387019, -13.9930316 ], [ -171.8388324, -13.992481 ], [ -171.8390029, -13.9921392 ], [ -171.8392628, -13.9918376 ], [ -171.839620700000012, -13.9917323 ], [ -171.8398846, -13.9917797 ], [ -171.8400121, -13.9918706 ], [ -171.8400931, -13.9921012 ], [ -171.8400959, -13.9927224 ], [ -171.840286, -13.993764 ], [ -171.840045, -13.9944755 ], [ -171.8389182, -13.9958781 ], [ -171.8385887, -13.9962077 ], [ -171.838186900000011, -13.996946 ], [ -171.8377032, -13.9978517 ], [ -171.8356709, -13.9998254 ], [ -171.8344361, -14.0010889 ], [ -171.8337026, -14.0018877 ], [ -171.83302710000001, -14.0027679 ], [ -171.8323412, -14.0034889 ], [ -171.830793199999988, -14.0051931 ], [ -171.829806, -14.0063674 ], [ -171.829774060734479, -14.006400927827752 ], [ -171.829605, -14.006578397130536 ], [ -171.8289696, -14.0072454 ], [ -171.8281887, -14.0078766 ], [ -171.8272944, -14.0084926 ], [ -171.827035099999989, -14.0085761 ], [ -171.8267624, -14.0086126 ], [ -171.825708100000014, -14.0083467 ], [ -171.8245727, -14.0081288 ], [ -171.824007, -14.0080454 ], [ -171.82352370000001, -14.0079793 ], [ -171.8225962, -14.0079863 ], [ -171.8222068, -14.0080652 ], [ -171.82185290000001, -14.0082266 ], [ -171.821323400000011, -14.0082904 ], [ -171.8210579, -14.0081795 ], [ -171.8202704, -14.0078875 ], [ -171.8198475, -14.0078328 ], [ -171.8193497, -14.0078678 ], [ -171.818970400000012, -14.0077626 ], [ -171.818555800000013, -14.0077417 ], [ -171.8179973, -14.0078181 ], [ -171.817036300000012, -14.0080838 ], [ -171.8156696, -14.0081637 ], [ -171.8150192, -14.0081573 ], [ -171.81427, -14.0082542 ], [ -171.8136742, -14.0079376 ], [ -171.8122591, -14.0076215 ], [ -171.811860200000012, -14.0075159 ], [ -171.8114692, -14.0075509 ], [ -171.810256, -14.0079296 ], [ -171.8099235, -14.0082652 ], [ -171.8097752, -14.0086588 ], [ -171.8095408, -14.008993 ], [ -171.8094434, -14.0090306 ], [ -171.8093108, -14.0089783 ], [ -171.8089422, -14.0092572 ], [ -171.8086677, -14.0093078 ], [ -171.807601799999986, -14.0095391 ], [ -171.8070985, -14.0096562 ], [ -171.8062069, -14.0096658 ], [ -171.8042343, -14.0099892 ], [ -171.803764199999989, -14.0100035 ], [ -171.8035669, -14.0100737 ], [ -171.802885, -14.0101877 ], [ -171.8023543, -14.0103214 ], [ -171.801616, -14.0103477 ], [ -171.801227899999986, -14.0103281 ], [ -171.8008513, -14.0102745 ], [ -171.8000581, -14.0100335 ], [ -171.799241099999989, -14.0096758 ], [ -171.7983927, -14.0094012 ], [ -171.7974529, -14.0091889 ], [ -171.796909, -14.0090471 ], [ -171.7964107, -14.0087721 ], [ -171.7959692, -14.0088237 ], [ -171.79505180000001, -14.0087352 ], [ -171.794300600000014, -14.0086902 ], [ -171.7937785, -14.0087072 ], [ -171.7937449, -14.0089347 ], [ -171.7936681, -14.0089215 ], [ -171.7934969, -14.0088878 ], [ -171.7934923, -14.0087593 ], [ -171.792482400000011, -14.008808 ], [ -171.7924884, -14.0089492 ], [ -171.7920961, -14.0089682 ], [ -171.7920921, -14.0088537 ], [ -171.7918622, -14.0087894 ], [ -171.791284600000012, -14.0088258 ], [ -171.7904227, -14.0088797 ], [ -171.7900994, -14.008801 ], [ -171.7896443, -14.0088026 ], [ -171.7892915, -14.0089399 ], [ -171.7890097, -14.0092092 ], [ -171.789121099999988, -14.009452 ], [ -171.7893282, -14.0095571 ], [ -171.7893033, -14.0095939 ], [ -171.789138400000013, -14.0095348 ], [ -171.7891022, -14.009585 ], [ -171.788998, -14.0095943 ], [ -171.788917199999986, -14.009637 ], [ -171.7888159, -14.0094856 ], [ -171.788814, -14.0094684 ], [ -171.78893690000001, -14.0093525 ], [ -171.7889331, -14.0092846 ], [ -171.7888604, -14.0091851 ], [ -171.7887671, -14.0091519 ], [ -171.788612300000011, -14.0092246 ], [ -171.7884937, -14.0094237 ], [ -171.7884195, -14.009449 ], [ -171.7883167, -14.0094427 ], [ -171.788223499999987, -14.009547 ], [ -171.7882052, -14.0096051 ], [ -171.7881198, -14.0095787 ], [ -171.78801820000001, -14.009597 ], [ -171.7874888, -14.0099431 ], [ -171.7869331, -14.0102474 ], [ -171.786601499999989, -14.0104318 ], [ -171.7863446, -14.0106005 ], [ -171.786016100000012, -14.0109207 ], [ -171.7861045, -14.0112113 ], [ -171.7861107, -14.0113457 ], [ -171.7860198, -14.0115062 ], [ -171.7860632, -14.0115764 ], [ -171.7859815, -14.0116997 ], [ -171.7858688, -14.0116988 ], [ -171.7857108, -14.011584 ], [ -171.7853672, -14.0114414 ], [ -171.7852417, -14.0114695 ], [ -171.7850972, -14.0115464 ], [ -171.785053799999986, -14.0116647 ], [ -171.7848491, -14.011749 ], [ -171.784739699999989, -14.0118173 ], [ -171.7846528, -14.0117167 ], [ -171.7844686, -14.0116203 ], [ -171.7840985, -14.0115765 ], [ -171.7837045, -14.0115036 ], [ -171.7835896, -14.0114393 ], [ -171.7833312, -14.0112171 ], [ -171.7831903, -14.0112014 ], [ -171.7829513, -14.0112032 ], [ -171.782850200000013, -14.011257 ], [ -171.7827753, -14.0113853 ], [ -171.7825928, -14.0114875 ], [ -171.7823281, -14.0115908 ], [ -171.7822314, -14.0115088 ], [ -171.7821662, -14.0114748 ], [ -171.7820685, -14.0114815 ], [ -171.7818666, -14.0115279 ], [ -171.78180660000001, -14.0115619 ], [ -171.781725, -14.011652 ], [ -171.7816096, -14.0117405 ], [ -171.781506799999988, -14.0117664 ], [ -171.781384, -14.0118289 ], [ -171.7810667, -14.011877 ], [ -171.780685799999986, -14.0121562 ], [ -171.7802017, -14.0125943 ], [ -171.7800785, -14.0129072 ], [ -171.7798893, -14.0135255 ], [ -171.7798422, -14.0135973 ], [ -171.779594800000012, -14.0137557 ], [ -171.779290800000012, -14.0140922 ], [ -171.779477500000013, -14.0146831 ], [ -171.7798952, -14.015094 ], [ -171.77995150000001, -14.015268 ], [ -171.779817400000013, -14.0154557 ], [ -171.7792053, -14.0164027 ], [ -171.7790133, -14.0168166 ], [ -171.778370599999988, -14.0169849 ], [ -171.778110700000013, -14.0171857 ], [ -171.7780105, -14.0170717 ], [ -171.7777471, -14.01709 ], [ -171.7775694, -14.0171756 ], [ -171.7773817, -14.0171602 ], [ -171.77687, -14.0172507 ], [ -171.7764087, -14.0171935 ], [ -171.7760725, -14.0171575 ], [ -171.7755082, -14.0176675 ], [ -171.7756822, -14.0179573 ], [ -171.7758006, -14.0180816 ], [ -171.7757866, -14.0182308 ], [ -171.7756322, -14.0184234 ], [ -171.7754502, -14.0183004 ], [ -171.7753399, -14.0185465 ], [ -171.775373, -14.0187231 ], [ -171.7754439, -14.0191042 ], [ -171.77533, -14.0194036 ], [ -171.774779200000012, -14.0203046 ], [ -171.774686300000013, -14.0205927 ], [ -171.77462220000001, -14.0211355 ], [ -171.774731, -14.0216128 ], [ -171.7748786, -14.0221117 ], [ -171.775143500000013, -14.0224846 ], [ -171.7751457, -14.0226349 ], [ -171.774979699999989, -14.0226708 ], [ -171.775111, -14.0228398 ], [ -171.775140099999987, -14.0229604 ], [ -171.7750542, -14.0232313 ], [ -171.7749006, -14.0233502 ], [ -171.7750963, -14.0234453 ], [ -171.7752377, -14.0236565 ], [ -171.7752774, -14.023782 ], [ -171.7751657, -14.0238338 ], [ -171.7751201, -14.0240161 ], [ -171.7752811, -14.0241149 ], [ -171.77498460000001, -14.0245582 ], [ -171.7743653, -14.0254812 ], [ -171.7740356, -14.0255517 ], [ -171.7739015, -14.0253902 ], [ -171.773612899999989, -14.0254053 ], [ -171.7733322, -14.0253751 ], [ -171.7730822, -14.0254613 ], [ -171.7730726, -14.0255356 ], [ -171.7733298, -14.025584 ], [ -171.7732852, -14.0259791 ], [ -171.773403800000011, -14.026071 ], [ -171.7734169, -14.0261803 ], [ -171.7733198, -14.0262719 ], [ -171.7735475, -14.0264994 ], [ -171.7734188, -14.0265484 ], [ -171.7735308, -14.0268062 ], [ -171.7734379, -14.0268668 ], [ -171.773293700000011, -14.0269916 ], [ -171.773225200000013, -14.0273015 ], [ -171.773272, -14.0275058 ], [ -171.7731889, -14.0278968 ], [ -171.77307, -14.0280854 ], [ -171.772958100000011, -14.028171 ], [ -171.7727404, -14.0284485 ], [ -171.7712397, -14.0289932 ], [ -171.771191, -14.0292124 ], [ -171.7710098, -14.0291963 ], [ -171.7710267, -14.0290342 ], [ -171.7706168, -14.0288693 ], [ -171.7704761, -14.0288247 ], [ -171.7701837, -14.0286658 ], [ -171.7698015, -14.028628 ], [ -171.769471399999986, -14.0287512 ], [ -171.7690754, -14.0288997 ], [ -171.768791599999986, -14.0290138 ], [ -171.7686396, -14.029116 ], [ -171.768585, -14.0293354 ], [ -171.7684095, -14.0294299 ], [ -171.7679928, -14.0296053 ], [ -171.7677732, -14.0300341 ], [ -171.7674854, -14.0304286 ], [ -171.7670331, -14.0308637 ], [ -171.7661608, -14.0314426 ], [ -171.765937799999989, -14.0316795 ], [ -171.765821100000011, -14.0320435 ], [ -171.7657538, -14.0324178 ], [ -171.7657113, -14.0327405 ], [ -171.7656866, -14.0330907 ], [ -171.7657614, -14.0335639 ], [ -171.765906, -14.0338427 ], [ -171.766381200000012, -14.0339401 ], [ -171.767079200000012, -14.0340649 ], [ -171.7674652, -14.0342427 ], [ -171.7680291, -14.0346674 ], [ -171.76856810000001, -14.0350479 ], [ -171.768689599999988, -14.0351695 ], [ -171.7690249, -14.0357521 ], [ -171.7693882, -14.0365266 ], [ -171.7693797, -14.0377872 ], [ -171.7693735, -14.0385475 ], [ -171.769309600000014, -14.039028 ], [ -171.7691146, -14.0394289 ], [ -171.7688611, -14.0398488 ], [ -171.7684829, -14.0402309 ], [ -171.768288, -14.0406621 ], [ -171.768171, -14.0408096 ], [ -171.7681164, -14.0408967 ], [ -171.7681671, -14.0411312 ], [ -171.768093, -14.0411463 ], [ -171.7681086, -14.0413998 ], [ -171.7680696, -14.0416381 ], [ -171.7678941, -14.0417251 ], [ -171.7677727, -14.0420039 ], [ -171.7676255, -14.0421093 ], [ -171.767484700000011, -14.042039 ], [ -171.7674496, -14.0418877 ], [ -171.7673287, -14.0419104 ], [ -171.767235199999988, -14.0420163 ], [ -171.7672586, -14.0421714 ], [ -171.7671455, -14.0422055 ], [ -171.7670129, -14.0421828 ], [ -171.766892, -14.0422206 ], [ -171.76675560000001, -14.0422546 ], [ -171.766751699999986, -14.0424135 ], [ -171.7666367, -14.0424659 ], [ -171.766377299999988, -14.0426064 ], [ -171.7662097, -14.0427577 ], [ -171.766053699999986, -14.042788 ], [ -171.765897700000011, -14.0428069 ], [ -171.7657379, -14.0429204 ], [ -171.7656716, -14.0429771 ], [ -171.765570200000013, -14.042962 ], [ -171.765488299999987, -14.0430868 ], [ -171.7654349, -14.0433405 ], [ -171.7653483, -14.0433226 ], [ -171.7652625, -14.0432924 ], [ -171.7651807, -14.0433605 ], [ -171.7650832, -14.0433642 ], [ -171.7649935, -14.043368 ], [ -171.7648687, -14.0434059 ], [ -171.7648336, -14.0435004 ], [ -171.764794599999988, -14.0438106 ], [ -171.7647481, -14.0438943 ], [ -171.764658200000014, -14.0438106 ], [ -171.7646231, -14.0437085 ], [ -171.7646699, -14.0434664 ], [ -171.7645919, -14.0433718 ], [ -171.764432, -14.0432999 ], [ -171.7643189, -14.0432999 ], [ -171.764260400000012, -14.0433756 ], [ -171.764124, -14.043281 ], [ -171.763929, -14.0432659 ], [ -171.763554699999986, -14.0433491 ], [ -171.7634533, -14.0434172 ], [ -171.7633663, -14.0434387 ], [ -171.7632505, -14.043368 ], [ -171.7630517, -14.0433983 ], [ -171.762907399999989, -14.0435193 ], [ -171.7627358, -14.0435912 ], [ -171.7625799, -14.0435609 ], [ -171.7625019, -14.0436252 ], [ -171.7623303, -14.0437425 ], [ -171.7623108, -14.0438598 ], [ -171.7622757, -14.0440678 ], [ -171.7620964, -14.0439846 ], [ -171.761995, -14.0440716 ], [ -171.76194430000001, -14.0441851 ], [ -171.7618225, -14.0442922 ], [ -171.7616548, -14.0441052 ], [ -171.761357, -14.0440998 ], [ -171.7610813, -14.0440142 ], [ -171.760480199999989, -14.0439768 ], [ -171.7601439, -14.0440784 ], [ -171.759609, -14.044041 ], [ -171.7594656, -14.0441373 ], [ -171.759091899999987, -14.04403 ], [ -171.758693599999987, -14.043827 ], [ -171.7584124, -14.0436719 ], [ -171.7580815, -14.0435007 ], [ -171.7577837, -14.0433669 ], [ -171.757557600000013, -14.0431369 ], [ -171.7569605, -14.0429685 ], [ -171.7550285, -14.0430558 ], [ -171.7544671, -14.0429878 ], [ -171.7541551, -14.0428894 ], [ -171.752923900000013, -14.0430609 ], [ -171.7519871, -14.0430861 ], [ -171.751355499999988, -14.043245 ], [ -171.750885399999987, -14.0434948 ], [ -171.7505669, -14.0436621 ], [ -171.7503932, -14.0436407 ], [ -171.7501588, -14.0436541 ], [ -171.7499603, -14.0438252 ], [ -171.7493441, -14.0440371 ], [ -171.7490221, -14.0442611 ], [ -171.7486901, -14.0443905 ], [ -171.748634800000019, -14.044442255128191 ], [ -171.748523104481734, -14.044546790677353 ], [ -171.748434800000013, -14.04462943461537 ], [ -171.7483547, -14.0447044 ], [ -171.748280599999987, -14.0447271 ], [ -171.7481247, -14.0447006 ], [ -171.747957, -14.0447649 ], [ -171.7479219, -14.04492 ], [ -171.7478322, -14.0449049 ], [ -171.7476919, -14.0448595 ], [ -171.7475125, -14.0449049 ], [ -171.7473994, -14.0450486 ], [ -171.7470992, -14.0449919 ], [ -171.7466781, -14.0449389 ], [ -171.746397300000012, -14.0449087 ], [ -171.7461945, -14.04492 ], [ -171.7461634, -14.0451356 ], [ -171.7461088, -14.0451924 ], [ -171.746015199999988, -14.0452264 ], [ -171.745991800000013, -14.0453096 ], [ -171.7459177, -14.0453096 ], [ -171.745828, -14.0452794 ], [ -171.7457383, -14.0453437 ], [ -171.7457461, -14.0455404 ], [ -171.745672, -14.0455366 ], [ -171.7455707, -14.0454193 ], [ -171.745346899999987, -14.0455041 ], [ -171.7452236, -14.0453626 ], [ -171.7451418, -14.0451394 ], [ -171.7450092, -14.0449995 ], [ -171.7448961, -14.0449616 ], [ -171.7447674, -14.0449881 ], [ -171.7446426, -14.0449011 ], [ -171.7445491, -14.0447952 ], [ -171.744428199999987, -14.0448444 ], [ -171.744358, -14.0449654 ], [ -171.744295599999987, -14.0449087 ], [ -171.7442917, -14.0447839 ], [ -171.7442371, -14.0447233 ], [ -171.74410850000001, -14.0446817 ], [ -171.7440032, -14.0447422 ], [ -171.74394860000001, -14.0447006 ], [ -171.7439642, -14.0446136 ], [ -171.7438823, -14.0445796 ], [ -171.7437965, -14.0446212 ], [ -171.7436912, -14.0444283 ], [ -171.7435515, -14.0444225 ], [ -171.7435145, -14.0443841 ], [ -171.7435173, -14.0442183 ], [ -171.7434677, -14.0440979 ], [ -171.743214, -14.0439294 ], [ -171.7428831, -14.0437689 ], [ -171.7427094, -14.0437074 ], [ -171.7426074, -14.0438037 ], [ -171.7423353, -14.0436519 ], [ -171.741973300000012, -14.0434988 ], [ -171.7415321, -14.0433971 ], [ -171.7411792, -14.0434132 ], [ -171.7408208, -14.0435362 ], [ -171.7406388, -14.043464 ], [ -171.740523, -14.043365 ], [ -171.7401315, -14.0433998 ], [ -171.7398861, -14.0433731 ], [ -171.7396876, -14.0434613 ], [ -171.739456, -14.0434346 ], [ -171.738915600000013, -14.0436084 ], [ -171.7385682, -14.0437342 ], [ -171.738468899999987, -14.0438946 ], [ -171.7383035, -14.0439829 ], [ -171.7381105, -14.0440043 ], [ -171.7380388, -14.0439428 ], [ -171.737633499999987, -14.0440418 ], [ -171.737346699999989, -14.0442076 ], [ -171.7369387, -14.0443199 ], [ -171.7367788, -14.0443306 ], [ -171.7366519, -14.0443467 ], [ -171.73657750000001, -14.0444537 ], [ -171.7365055, -14.044498 ], [ -171.7364258, -14.0444537 ], [ -171.73641760000001, -14.0443494 ], [ -171.7363349, -14.0442959 ], [ -171.7361391, -14.0442611 ], [ -171.7360453, -14.0443333 ], [ -171.7359075, -14.0443173 ], [ -171.7357283, -14.0443092 ], [ -171.735538, -14.0443815 ], [ -171.7353561, -14.0444456 ], [ -171.735323, -14.0445179 ], [ -171.7353285, -14.0446703 ], [ -171.73522650000001, -14.0446757 ], [ -171.735141, -14.0446436 ], [ -171.7349508, -14.0447024 ], [ -171.7348542, -14.044796 ], [ -171.7347661, -14.0448932 ], [ -171.7345923, -14.0448683 ], [ -171.7344214, -14.0448067 ], [ -171.7343483, -14.044672 ], [ -171.7343028, -14.0445607 ], [ -171.7343194, -14.0444537 ], [ -171.734366200000011, -14.0443841 ], [ -171.734242200000011, -14.0442932 ], [ -171.7341401, -14.0442985 ], [ -171.7341264, -14.0444109 ], [ -171.7340326, -14.0444162 ], [ -171.7340161, -14.044328 ], [ -171.7339609, -14.0442718 ], [ -171.73383960000001, -14.0441862 ], [ -171.7336549, -14.0441594 ], [ -171.733517, -14.0441808 ], [ -171.7334343, -14.0441862 ], [ -171.7333626, -14.0441728 ], [ -171.7332303, -14.0440765 ], [ -171.7331034, -14.0441086 ], [ -171.73299320000001, -14.0441461 ], [ -171.7327836, -14.0441086 ], [ -171.732709199999988, -14.04413 ], [ -171.7325768, -14.0442156 ], [ -171.7325327, -14.0441835 ], [ -171.7324059, -14.0442477 ], [ -171.7322542, -14.044336 ], [ -171.7321715, -14.0444243 ], [ -171.7321495, -14.0445767 ], [ -171.7321191, -14.0446168 ], [ -171.7320502, -14.0446035 ], [ -171.732019900000012, -14.0445018 ], [ -171.7319316, -14.0444965 ], [ -171.7318627, -14.0445687 ], [ -171.7318076, -14.044574 ], [ -171.7316118, -14.0445446 ], [ -171.7314161, -14.044443 ], [ -171.7312313, -14.0443333 ], [ -171.731162399999988, -14.0443868 ], [ -171.7308922, -14.0443333 ], [ -171.730713, -14.0442236 ], [ -171.730577899999986, -14.0441942 ], [ -171.7305007, -14.0442985 ], [ -171.730327, -14.0443761 ], [ -171.730222199999986, -14.0443734 ], [ -171.730120199999988, -14.0443306 ], [ -171.730004400000013, -14.0443681 ], [ -171.7299161, -14.044336 ], [ -171.7298582, -14.0443092 ], [ -171.729764499999987, -14.0442878 ], [ -171.7296983, -14.044344 ], [ -171.729626700000011, -14.0443373 ], [ -171.7294006, -14.0442825 ], [ -171.7294006, -14.0441594 ], [ -171.729408799999987, -14.0440418 ], [ -171.729328900000013, -14.0439829 ], [ -171.7291745, -14.0439936 ], [ -171.7290145, -14.0440364 ], [ -171.7288215, -14.0440257 ], [ -171.7287636, -14.0439455 ], [ -171.728722299999987, -14.0438839 ], [ -171.7286092, -14.0438519 ], [ -171.7284521, -14.043908 ], [ -171.728383400000013, -14.0438079 ], [ -171.728350299999988, -14.0435405 ], [ -171.7282649, -14.0435164 ], [ -171.7281849, -14.0436234 ], [ -171.728019499999988, -14.0436368 ], [ -171.7278871, -14.043725 ], [ -171.7277465, -14.0437277 ], [ -171.7276362, -14.0436421 ], [ -171.7276197, -14.0435191 ], [ -171.727490100000011, -14.0434656 ], [ -171.7273715, -14.0435217 ], [ -171.7273853, -14.0435966 ], [ -171.727397200000013, -14.0436764 ], [ -171.7273743, -14.0437491 ], [ -171.7272831, -14.0437529 ], [ -171.7271646, -14.04367 ], [ -171.7270653, -14.0435684 ], [ -171.727073600000011, -14.0434614 ], [ -171.7271067, -14.0433464 ], [ -171.727073600000011, -14.0432742 ], [ -171.7270184, -14.0432554 ], [ -171.7269081, -14.0433089 ], [ -171.726853, -14.0432367 ], [ -171.726853, -14.0431484 ], [ -171.726844699999987, -14.0430843 ], [ -171.7267703, -14.0431003 ], [ -171.7267124, -14.0430762 ], [ -171.7266021, -14.0429478 ], [ -171.7265856, -14.0428515 ], [ -171.726535899999988, -14.0428622 ], [ -171.7264367, -14.0430388 ], [ -171.726365, -14.0430281 ], [ -171.726307100000014, -14.0429666 ], [ -171.726318099999986, -14.0428676 ], [ -171.726362200000011, -14.0427954 ], [ -171.726398100000011, -14.0427125 ], [ -171.72634020000001, -14.0426001 ], [ -171.726205099999987, -14.0425119 ], [ -171.726111300000014, -14.0425199 ], [ -171.7259872, -14.0424664 ], [ -171.7259266, -14.0423273 ], [ -171.7258163, -14.0421561 ], [ -171.725722600000012, -14.0420277 ], [ -171.725587499999989, -14.0419876 ], [ -171.7254413, -14.0418378 ], [ -171.72527310000001, -14.0417308 ], [ -171.7251546, -14.0417522 ], [ -171.7250602, -14.0416832 ], [ -171.7251325, -14.0415596 ], [ -171.7250884, -14.0414633 ], [ -171.7249506, -14.0413644 ], [ -171.7247796, -14.0411691 ], [ -171.724691400000012, -14.0410407 ], [ -171.724691400000012, -14.0409444 ], [ -171.7246197, -14.0408749 ], [ -171.724468, -14.040907 ], [ -171.7243908, -14.0408214 ], [ -171.7242613, -14.0407973 ], [ -171.7240765, -14.0409364 ], [ -171.7239552, -14.0409444 ], [ -171.7239028, -14.0410059 ], [ -171.72379810000001, -14.0410996 ], [ -171.723694, -14.0410915 ], [ -171.7236216, -14.0409792 ], [ -171.723522300000013, -14.040899 ], [ -171.723401, -14.0408241 ], [ -171.723373400000014, -14.0407732 ], [ -171.7232962, -14.0407224 ], [ -171.7231804, -14.0407144 ], [ -171.723089499999986, -14.0406181 ], [ -171.7229433, -14.0404121 ], [ -171.7228661, -14.0402837 ], [ -171.7227724, -14.0402543 ], [ -171.722675900000013, -14.0402341 ], [ -171.7225683, -14.0402249 ], [ -171.722447, -14.040134 ], [ -171.7223588, -14.0401447 ], [ -171.722262300000011, -14.0401099 ], [ -171.722000400000013, -14.0399414 ], [ -171.7218432, -14.0398906 ], [ -171.7218019, -14.0399735 ], [ -171.7217384, -14.0399547 ], [ -171.7217219, -14.0398424 ], [ -171.7215951, -14.0397568 ], [ -171.7214186, -14.0397408 ], [ -171.7213304, -14.0397889 ], [ -171.7212173, -14.0397675 ], [ -171.721074, -14.0398451 ], [ -171.720964900000013, -14.0398058 ], [ -171.7208991, -14.0396648 ], [ -171.7207587, -14.0396081 ], [ -171.7206885, -14.0394795 ], [ -171.720509099999987, -14.0393811 ], [ -171.720322, -14.0393319 ], [ -171.7201777, -14.0393925 ], [ -171.72018940000001, -14.0396043 ], [ -171.7200568, -14.0395929 ], [ -171.72001, -14.0394227 ], [ -171.719897, -14.0393887 ], [ -171.7197956, -14.0394416 ], [ -171.719670799999989, -14.0393698 ], [ -171.7196318, -14.0392714 ], [ -171.719468, -14.0391163 ], [ -171.719323800000012, -14.0390028 ], [ -171.7191483, -14.039018 ], [ -171.71895330000001, -14.039052 ], [ -171.7189017, -14.0389364 ], [ -171.7190391, -14.038791 ], [ -171.71895330000001, -14.0386737 ], [ -171.718813, -14.0386397 ], [ -171.7186024, -14.0385716 ], [ -171.7186102, -14.0383976 ], [ -171.718598500000013, -14.0382425 ], [ -171.718516599999987, -14.0381177 ], [ -171.71841520000001, -14.0379853 ], [ -171.7182453, -14.0380338 ], [ -171.7179629, -14.0375881 ], [ -171.7179395, -14.0373989 ], [ -171.7178452, -14.0372343 ], [ -171.717709500000012, -14.0370509 ], [ -171.7174967, -14.036801 ], [ -171.717400700000013, -14.0366142 ], [ -171.717321199999986, -14.0363813 ], [ -171.7173975, -14.0361544 ], [ -171.7171909, -14.0360258 ], [ -171.717109, -14.0359123 ], [ -171.7171558, -14.035848 ], [ -171.7171285, -14.0357194 ], [ -171.7169959, -14.0357118 ], [ -171.716876, -14.0356012 ], [ -171.716695, -14.0353854 ], [ -171.716513, -14.0353854 ], [ -171.7163779, -14.0353908 ], [ -171.716212399999989, -14.035348 ], [ -171.7161159, -14.0354122 ], [ -171.7160939, -14.0353373 ], [ -171.7160194, -14.0353266 ], [ -171.7159505, -14.0352758 ], [ -171.715812699999987, -14.0352356 ], [ -171.715823699999987, -14.0351153 ], [ -171.7157244, -14.0350805 ], [ -171.7156996, -14.0350377 ], [ -171.71561410000001, -14.0350885 ], [ -171.7155507, -14.0350671 ], [ -171.715399100000013, -14.0350939 ], [ -171.715305300000011, -14.035027 ], [ -171.715203300000013, -14.0350243 ], [ -171.7150296, -14.0350083 ], [ -171.7149083, -14.0348959 ], [ -171.7148118, -14.0348424 ], [ -171.71444790000001, -14.0348398 ], [ -171.7142797, -14.0348986 ], [ -171.714048100000014, -14.0350251 ], [ -171.7138578, -14.0350003 ], [ -171.713496600000013, -14.0351099 ], [ -171.713234699999987, -14.0351634 ], [ -171.713063799999986, -14.035233 ], [ -171.7130323, -14.035318 ], [ -171.712840300000011, -14.0352935 ], [ -171.7127714, -14.0352266 ], [ -171.71263350000001, -14.0352052 ], [ -171.712393600000013, -14.0352239 ], [ -171.7122613, -14.0351463 ], [ -171.7121069, -14.0350848 ], [ -171.712062800000012, -14.0351089 ], [ -171.7119387, -14.035034 ], [ -171.7117485, -14.0350206 ], [ -171.7115913, -14.0350741 ], [ -171.7114479, -14.0350233 ], [ -171.711260399999986, -14.0349725 ], [ -171.71112260000001, -14.0349217 ], [ -171.7109213, -14.0349752 ], [ -171.7108303, -14.0349538 ], [ -171.710733800000014, -14.034911 ], [ -171.710620799999987, -14.0347558 ], [ -171.7105408, -14.0346943 ], [ -171.7103478, -14.0346435 ], [ -171.709878800000013, -14.0346833 ], [ -171.709859200000011, -14.0345808 ], [ -171.709858, -14.0344559 ], [ -171.7097229, -14.034397 ], [ -171.709676, -14.0343462 ], [ -171.709565700000013, -14.0343195 ], [ -171.7094444, -14.034183 ], [ -171.7092403, -14.0341001 ], [ -171.7090639, -14.0340653 ], [ -171.7088709, -14.0340948 ], [ -171.7087661, -14.0341322 ], [ -171.7084104, -14.0340493 ], [ -171.708156800000012, -14.0339744 ], [ -171.7078976, -14.0338968 ], [ -171.707699100000013, -14.0338754 ], [ -171.7076111, -14.0338404 ], [ -171.707550700000013, -14.0338139 ], [ -171.707447300000013, -14.033795 ], [ -171.7074278, -14.0338707 ], [ -171.70736740000001, -14.0338726 ], [ -171.7073557, -14.0337761 ], [ -171.7073187, -14.0337799 ], [ -171.7073323, -14.0338782 ], [ -171.7072777, -14.0338839 ], [ -171.707203600000014, -14.0338385 ], [ -171.7071315, -14.0338158 ], [ -171.7070847, -14.0337818 ], [ -171.7070301, -14.0338877 ], [ -171.7068275, -14.0338647 ], [ -171.7067074, -14.0339086 ], [ -171.7063305, -14.0340465 ], [ -171.7060174, -14.0341683 ], [ -171.7056844, -14.0343668 ], [ -171.7052502, -14.0345038 ], [ -171.704962599999988, -14.034277 ], [ -171.7039, -14.0340746 ], [ -171.70373, -14.0337972 ], [ -171.7037995, -14.0334261 ], [ -171.704097100000013, -14.0332424 ], [ -171.7040198, -14.0327701 ], [ -171.703822699999989, -14.0325677 ], [ -171.7037454, -14.032459 ], [ -171.7037004, -14.0321219 ], [ -171.7036783, -14.0320202 ], [ -171.703643699999986, -14.0319431 ], [ -171.7036061, -14.0318065 ], [ -171.703543599999989, -14.0316992 ], [ -171.7034349, -14.0315798 ], [ -171.7032881, -14.0314861 ], [ -171.70318850000001, -14.0314063 ], [ -171.7031308, -14.0312999 ], [ -171.7030216, -14.0309488 ], [ -171.7030021, -14.0308657 ], [ -171.7028669, -14.0307982 ], [ -171.702687200000014, -14.0307064 ], [ -171.7025885, -14.0306941 ], [ -171.7025754, -14.0305491 ], [ -171.7025523, -14.0303246 ], [ -171.7024216, -14.0300621 ], [ -171.7024271, -14.029927 ], [ -171.7022292, -14.0297848 ], [ -171.702122, -14.02971 ], [ -171.701924100000014, -14.0295818 ], [ -171.7017739, -14.0294386 ], [ -171.7019143, -14.0293672 ], [ -171.7017648, -14.0291728 ], [ -171.7016341, -14.0291663 ], [ -171.7012351, -14.0292412 ], [ -171.7008166, -14.0292285 ], [ -171.700108300000011, -14.0291291 ], [ -171.6993133, -14.0292691 ], [ -171.6988821, -14.0293614 ], [ -171.6985616, -14.0293703 ], [ -171.6980269, -14.0291837 ], [ -171.695858, -14.0290823 ], [ -171.695156, -14.0290482 ], [ -171.6951248, -14.0292217 ], [ -171.6946173, -14.0292487 ], [ -171.6945292, -14.0291392 ], [ -171.6945534, -14.0288436 ], [ -171.6944155, -14.0286645 ], [ -171.6942781, -14.0286723 ], [ -171.693969, -14.029004 ], [ -171.6937164, -14.029316 ], [ -171.6933725, -14.0295969 ], [ -171.6929294, -14.029827 ], [ -171.692686, -14.0299113 ], [ -171.692637600000012, -14.0300295 ], [ -171.6926267, -14.0300342 ], [ -171.692243499999989, -14.0302 ], [ -171.6920155, -14.0302506 ], [ -171.691820400000012, -14.03026 ], [ -171.6915248, -14.0303143 ], [ -171.6913027, -14.0304043 ], [ -171.69110950000001, -14.0305468 ], [ -171.691067, -14.0306611 ], [ -171.690998, -14.0306894 ], [ -171.690866, -14.0307436 ], [ -171.6906634, -14.0309089 ], [ -171.6904893, -14.0309685 ], [ -171.690400399999987, -14.030946 ], [ -171.690131900000011, -14.0309722 ], [ -171.6896721, -14.0310641 ], [ -171.6894364, -14.0311915 ], [ -171.6887467, -14.0317051 ], [ -171.688415, -14.0320564 ], [ -171.688194399999986, -14.0323375 ], [ -171.6880749, -14.0323073 ], [ -171.6880831, -14.0321244 ], [ -171.6879601, -14.0320502 ], [ -171.6876705, -14.0320767 ], [ -171.68737, -14.032188 ], [ -171.6871186, -14.0324319 ], [ -171.687072199999989, -14.0326333 ], [ -171.687307299999986, -14.0327342 ], [ -171.6874192, -14.0329116 ], [ -171.6873927, -14.0331692 ], [ -171.687273, -14.033379 ], [ -171.6864242, -14.0344184 ], [ -171.6855043, -14.0352896 ], [ -171.685273, -14.0352974 ], [ -171.685080199999987, -14.0351918 ], [ -171.6849717, -14.0351325 ], [ -171.684793899999988, -14.0350837 ], [ -171.684629300000012, -14.0351008 ], [ -171.6845041, -14.0351137 ], [ -171.684142799999989, -14.0351587 ], [ -171.6839033, -14.0352674 ], [ -171.6837004, -14.0352505 ], [ -171.6836446, -14.0352373 ], [ -171.6835266, -14.0352093 ], [ -171.683383600000013, -14.035198 ], [ -171.6831324, -14.0352393 ], [ -171.6828214, -14.0353367 ], [ -171.682634, -14.0354323 ], [ -171.6822766, -14.0355186 ], [ -171.6820635, -14.0355241 ], [ -171.68191490000001, -14.0355317 ], [ -171.6806053, -14.0359663 ], [ -171.6804994, -14.0359714 ], [ -171.68035660000001, -14.0359803 ], [ -171.680286, -14.0360104 ], [ -171.6802257, -14.0361116 ], [ -171.6801481, -14.0362416 ], [ -171.680117700000011, -14.0366261 ], [ -171.680297700000011, -14.0368014 ], [ -171.6803057, -14.037211 ], [ -171.680023299999988, -14.0375775 ], [ -171.678242399999988, -14.039103 ], [ -171.6780966, -14.0391779 ], [ -171.6779843, -14.0393004 ], [ -171.6777567, -14.0392803 ], [ -171.6771353, -14.0394616 ], [ -171.6767264, -14.0392888 ], [ -171.6764422, -14.039469 ], [ -171.67609250000001, -14.0394982 ], [ -171.675543299999987, -14.0393656 ], [ -171.675076100000013, -14.0394637 ], [ -171.6744929, -14.0395123 ], [ -171.6741144, -14.0394531 ], [ -171.6734587, -14.039575 ], [ -171.6727865, -14.0397553 ], [ -171.67227840000001, -14.0399673 ], [ -171.6715297, -14.0402377 ], [ -171.6704642, -14.0403543 ], [ -171.6698795, -14.0402907 ], [ -171.6693713, -14.0403649 ], [ -171.6686992, -14.0404709 ], [ -171.6681336, -14.0403463 ], [ -171.667572799999988, -14.0402543 ], [ -171.6671864, -14.0402102 ], [ -171.666864, -14.0403003 ], [ -171.666541599999988, -14.0402606 ], [ -171.666456899999986, -14.0404223 ], [ -171.6664187, -14.0406502 ], [ -171.666364, -14.0406852 ], [ -171.6661482, -14.0405415 ], [ -171.665831200000014, -14.0404541 ], [ -171.6631758, -14.0404578 ], [ -171.661951499999986, -14.0404382 ], [ -171.66001030000001, -14.0405983 ], [ -171.658998, -14.0408755 ], [ -171.6574661, -14.0413515 ], [ -171.6572193, -14.0414555 ], [ -171.6566215, -14.0417074 ], [ -171.6549661, -14.0423582 ], [ -171.654498100000012, -14.0425229 ], [ -171.65427840000001, -14.0428865 ], [ -171.654308500000013, -14.0432251 ], [ -171.653914, -14.0436495 ], [ -171.650219099999987, -14.0426584 ], [ -171.648205100000013, -14.0421441 ], [ -171.6464683, -14.0416386 ], [ -171.6452214, -14.0411167 ], [ -171.643680499999988, -14.0405509 ], [ -171.6427497, -14.0403467 ], [ -171.6417521, -14.0402276 ], [ -171.641062799999986, -14.040356 ], [ -171.6404573, -14.0402067 ], [ -171.639892800000013, -14.0401565 ], [ -171.6392406, -14.0398663 ], [ -171.6390051, -14.0397615 ], [ -171.6384945, -14.0396424 ], [ -171.6376004, -14.0393706 ], [ -171.6361138, -14.0392243 ], [ -171.6359267, -14.0391538 ], [ -171.6357653, -14.039093 ], [ -171.6337761, -14.0388209 ], [ -171.6320633, -14.0388586 ], [ -171.6308008, -14.0386433 ], [ -171.628607, -14.0383172 ], [ -171.6279594, -14.0381793 ], [ -171.6261528, -14.0380495 ], [ -171.624363100000011, -14.0374937 ], [ -171.6236543, -14.0374352 ], [ -171.6226783, -14.0371969 ], [ -171.62244050000001, -14.0370373 ], [ -171.6219479, -14.03676 ], [ -171.621491099999986, -14.0363963 ], [ -171.6212606, -14.0362939 ], [ -171.620853399999987, -14.036319 ], [ -171.620666, -14.0362793 ], [ -171.6199744, -14.0358153 ], [ -171.61945510000001, -14.0356355 ], [ -171.6193323, -14.035577 ], [ -171.619024200000013, -14.0356083 ], [ -171.618689100000012, -14.0356148 ], [ -171.618614900000011, -14.0354704 ], [ -171.618528700000013, -14.0352969 ], [ -171.618427200000013, -14.0352352 ], [ -171.6180245, -14.0350085 ], [ -171.6175786, -14.0348517 ], [ -171.617197800000014, -14.0347692 ], [ -171.6169554, -14.0347096 ], [ -171.6168122, -14.0346662 ], [ -171.6161375, -14.0345091 ], [ -171.6152794, -14.0344004 ], [ -171.6148234, -14.0343588 ], [ -171.614440699999989, -14.0344412 ], [ -171.614081199999987, -14.0344631 ], [ -171.6136574, -14.0345411 ], [ -171.613464599999986, -14.034701 ], [ -171.6134961, -14.0348467 ], [ -171.61355, -14.0350847 ], [ -171.613510600000012, -14.0352431 ], [ -171.613386100000014, -14.0356385 ], [ -171.6132897, -14.0356694 ], [ -171.6131872, -14.0357047 ], [ -171.6127864, -14.0358932 ], [ -171.6126318, -14.0359201 ], [ -171.6124175, -14.0357296 ], [ -171.61225060000001, -14.035601 ], [ -171.6117662, -14.035708 ], [ -171.611302200000011, -14.0359461 ], [ -171.611087700000013, -14.0359007 ], [ -171.6108662, -14.0356567 ], [ -171.6106974, -14.0354164 ], [ -171.6106169, -14.0351182 ], [ -171.6105522, -14.0347721 ], [ -171.610469099999989, -14.034515 ], [ -171.6104353, -14.0342015 ], [ -171.6104384, -14.034033 ], [ -171.6102984, -14.0339901 ], [ -171.6102086, -14.0340659 ], [ -171.6101568, -14.0341569 ], [ -171.610228299999989, -14.0342654 ], [ -171.610241300000013, -14.0343925 ], [ -171.6101902, -14.0345515 ], [ -171.610048400000011, -14.0346271 ], [ -171.6098604, -14.0346194 ], [ -171.609680700000013, -14.0345507 ], [ -171.609606500000012, -14.0344026 ], [ -171.6095765, -14.0342792 ], [ -171.6094776, -14.0338861 ], [ -171.6094094, -14.0336112 ], [ -171.6094967, -14.0335309 ], [ -171.6096006, -14.0334162 ], [ -171.6096545, -14.0334266 ], [ -171.6097083, -14.0333723 ], [ -171.6098145, -14.0332534 ], [ -171.610036799999989, -14.0331166 ], [ -171.6099166, -14.0330448 ], [ -171.6097858, -14.0331677 ], [ -171.6097299, -14.0332301 ], [ -171.6096609, -14.0333033 ], [ -171.6095899, -14.0332782 ], [ -171.6094645, -14.0333366 ], [ -171.609376, -14.0334392 ], [ -171.60908280000001, -14.0335551 ], [ -171.6088656, -14.0336366 ], [ -171.608713099999989, -14.0334751 ], [ -171.6084933, -14.0332193 ], [ -171.608291900000012, -14.0330915 ], [ -171.60821820000001, -14.0330329 ], [ -171.6081629, -14.0329506 ], [ -171.6081522, -14.0323038 ], [ -171.6080423, -14.0323159 ], [ -171.6080474, -14.0326478 ], [ -171.608056800000014, -14.0328365 ], [ -171.6081112, -14.0330577 ], [ -171.6083342, -14.0332158 ], [ -171.6085869, -14.0337268 ], [ -171.6089599, -14.0340687 ], [ -171.609069799999986, -14.0342126 ], [ -171.609272299999986, -14.0347471 ], [ -171.6094464, -14.0350618 ], [ -171.6096466, -14.0356755 ], [ -171.6097363, -14.0359804 ], [ -171.6098643, -14.0359678 ], [ -171.609894700000012, -14.0358318 ], [ -171.6099788, -14.0358127 ], [ -171.6100779, -14.0358495 ], [ -171.6104681, -14.0361152 ], [ -171.610261799999989, -14.0362914 ], [ -171.609860200000014, -14.0365599 ], [ -171.6089044, -14.0373894 ], [ -171.6085415, -14.0379484 ], [ -171.608451800000012, -14.038212 ], [ -171.6082869, -14.038357 ], [ -171.6079756, -14.0387113 ], [ -171.6076999, -14.0392735 ], [ -171.6076816, -14.0397605 ], [ -171.6076629, -14.0398307 ], [ -171.607312, -14.0402163 ], [ -171.6068955, -14.0405493 ], [ -171.6065142, -14.0405644 ], [ -171.605685, -14.0409509 ], [ -171.6052618, -14.0411202 ], [ -171.6049783, -14.0412335 ], [ -171.6045782, -14.041505 ], [ -171.6042917, -14.0416691 ], [ -171.6040739, -14.0416963 ], [ -171.6033608, -14.0416096 ], [ -171.602995099999987, -14.0415661 ], [ -171.6025993, -14.0416361 ], [ -171.602530800000011, -14.0416665 ], [ -171.6025613, -14.0417969 ], [ -171.602494900000011, -14.0419239 ], [ -171.602355100000011, -14.0419544 ], [ -171.6022822, -14.04179 ], [ -171.6021244, -14.0417667 ], [ -171.600379800000013, -14.0422686 ], [ -171.6001908, -14.0423788 ], [ -171.5997959, -14.042289 ], [ -171.596876900000012, -14.0424813 ], [ -171.5966855, -14.0425061 ], [ -171.595160600000014, -14.0427036 ], [ -171.594982499999986, -14.0428985 ], [ -171.594806799999986, -14.0430043 ], [ -171.5946253, -14.0429318 ], [ -171.5941417, -14.0430274 ], [ -171.5940943, -14.043097 ], [ -171.593808, -14.0430417 ], [ -171.5936783, -14.0429364 ], [ -171.593418, -14.042904 ], [ -171.5929448, -14.0428449 ], [ -171.5917403, -14.0427695 ], [ -171.59046810000001, -14.0426096 ], [ -171.590173600000014, -14.0426448 ], [ -171.589773, -14.0427269 ], [ -171.588900200000012, -14.0426012 ], [ -171.588096, -14.0425561 ], [ -171.5879726, -14.0425492 ], [ -171.58775940000001, -14.0425124 ], [ -171.5876707, -14.0425722 ], [ -171.5875484, -14.0426413 ], [ -171.5873164, -14.0426735 ], [ -171.5863028, -14.0427576 ], [ -171.5860944, -14.042799661464352 ], [ -171.58568, -14.0428833 ], [ -171.5853151, -14.0429606 ], [ -171.584865900000011, -14.0431032 ], [ -171.584768200000013, -14.0436644 ], [ -171.5844879, -14.0441685 ], [ -171.584631, -14.0442725 ], [ -171.5846789, -14.0443393 ], [ -171.5846905, -14.0443962 ], [ -171.584612, -14.0444426 ], [ -171.5844449, -14.0444016 ], [ -171.5843904, -14.0445404 ], [ -171.5844223, -14.0446594 ], [ -171.584319099999988, -14.0448024 ], [ -171.5842163, -14.0449671 ], [ -171.5840359, -14.0451743 ], [ -171.584110399999986, -14.0452927 ], [ -171.5840835, -14.0453344 ], [ -171.583972100000011, -14.0453378 ], [ -171.5838671, -14.0454365 ], [ -171.583827500000012, -14.0455853 ], [ -171.5838142, -14.0456852 ], [ -171.5837608, -14.0457291 ], [ -171.583668100000011, -14.0457676 ], [ -171.5836448, -14.0458247 ], [ -171.5835251, -14.0458582 ], [ -171.5833927, -14.0458513 ], [ -171.5833465, -14.0457641 ], [ -171.5832251, -14.0457487 ], [ -171.5831125, -14.0458196 ], [ -171.5830276, -14.0457975 ], [ -171.5829943, -14.0456996 ], [ -171.5828592, -14.0456486 ], [ -171.5827258, -14.045643 ], [ -171.582534900000013, -14.0456943 ], [ -171.58248, -14.0457285 ], [ -171.5823667, -14.0457863 ], [ -171.582197400000013, -14.0458065 ], [ -171.5820517, -14.0456607 ], [ -171.5818325, -14.0455765 ], [ -171.581712900000014, -14.0456328 ], [ -171.5817039, -14.0457116 ], [ -171.581689899999986, -14.0457524 ], [ -171.5815901, -14.0457876 ], [ -171.5814685, -14.0457728 ], [ -171.5813895, -14.0457334 ], [ -171.581213600000012, -14.0457902 ], [ -171.5811937, -14.0457405 ], [ -171.581120700000014, -14.0455407 ], [ -171.5810557, -14.0454295 ], [ -171.5809154, -14.045464 ], [ -171.5807711, -14.0453743 ], [ -171.5807614, -14.0451036 ], [ -171.5806081, -14.0450089 ], [ -171.580491, -14.0450089 ], [ -171.5803711, -14.045063 ], [ -171.5803486, -14.0450824 ], [ -171.5803989, -14.0451408 ], [ -171.580424099999988, -14.0452293 ], [ -171.5803022, -14.0453787 ], [ -171.5802381, -14.0454192 ], [ -171.5801433, -14.0452948 ], [ -171.5800832, -14.0449575 ], [ -171.5801545, -14.0448355 ], [ -171.580240300000014, -14.0447736 ], [ -171.5800879, -14.0445625 ], [ -171.5800271, -14.0446307 ], [ -171.5799385, -14.0445904 ], [ -171.5799479, -14.0444217 ], [ -171.5796426, -14.0442719 ], [ -171.579394900000011, -14.044244 ], [ -171.5793215, -14.0444405 ], [ -171.579123900000013, -14.044735 ], [ -171.5790494, -14.0448461 ], [ -171.5789742, -14.044811 ], [ -171.5789768, -14.0447696 ], [ -171.578898, -14.0446893 ], [ -171.578864399999986, -14.0443758 ], [ -171.578825599999988, -14.0442933 ], [ -171.5784806, -14.0442397 ], [ -171.577671400000014, -14.0442072 ], [ -171.5764691, -14.0443116 ], [ -171.575081, -14.0443583 ], [ -171.5747515, -14.0443859 ], [ -171.57438350000001, -14.0445119 ], [ -171.574004, -14.0445808 ], [ -171.5736593, -14.044679 ], [ -171.5731163, -14.0449772 ], [ -171.573023, -14.0450044 ], [ -171.5728909, -14.0449529 ], [ -171.572476099999989, -14.0447937 ], [ -171.571716400000014, -14.0446618 ], [ -171.57106730000001, -14.0445453 ], [ -171.570598499999988, -14.0445229 ], [ -171.5699172, -14.0445486 ], [ -171.569134, -14.044512 ], [ -171.5689966, -14.0444984 ], [ -171.568464799999987, -14.04433 ], [ -171.568134500000014, -14.0442795 ], [ -171.5679374, -14.044268 ], [ -171.5676733, -14.0442068 ], [ -171.567466599999989, -14.044149 ], [ -171.56728720000001, -14.0441751 ], [ -171.567180799999988, -14.0443129 ], [ -171.567151700000011, -14.0443645 ], [ -171.567149699999987, -14.0444169 ], [ -171.567221100000012, -14.0444879 ], [ -171.567178500000011, -14.0445093 ], [ -171.5670657, -14.0444697 ], [ -171.5670503, -14.0443835 ], [ -171.566888400000011, -14.0443358 ], [ -171.566778699999986, -14.04435 ], [ -171.5666095, -14.0442649 ], [ -171.5665459, -14.0442387 ], [ -171.566412, -14.0442488 ], [ -171.566304, -14.0443561 ], [ -171.5661882, -14.0443813 ], [ -171.566121399999986, -14.0444037 ], [ -171.566060099999987, -14.044495 ], [ -171.5659796, -14.0444791 ], [ -171.565934700000014, -14.0444976 ], [ -171.5659145, -14.0445831 ], [ -171.5659308, -14.0446214 ], [ -171.5659894, -14.0446386 ], [ -171.5659431, -14.044677 ], [ -171.5658981, -14.0446717 ], [ -171.5658518, -14.0446466 ], [ -171.5658163, -14.0446241 ], [ -171.565896900000013, -14.0443132 ], [ -171.5657479, -14.0442147 ], [ -171.5654777, -14.0441523 ], [ -171.565222299999988, -14.0440971 ], [ -171.5648204, -14.0440666 ], [ -171.5646917, -14.044113 ], [ -171.5645836, -14.0442133 ], [ -171.5645773, -14.0443627 ], [ -171.5645254, -14.044332 ], [ -171.5644258, -14.044132 ], [ -171.564298, -14.0440235 ], [ -171.5641999, -14.043938 ], [ -171.564066700000012, -14.0440167 ], [ -171.563956100000013, -14.0440705 ], [ -171.5638645, -14.0441168 ], [ -171.5637854, -14.0441927 ], [ -171.5637362, -14.0442269 ], [ -171.5636599, -14.044088 ], [ -171.5634787, -14.0439515 ], [ -171.5632861, -14.0439473 ], [ -171.563146499999988, -14.044142 ], [ -171.5628915, -14.0443377 ], [ -171.562776899999989, -14.0443097 ], [ -171.5627485, -14.0442615 ], [ -171.5626714, -14.044239 ], [ -171.5626413, -14.0442817 ], [ -171.5626, -14.044337608296933 ], [ -171.5625039, -14.0444677 ], [ -171.5624, -14.04453890670816 ], [ -171.5623593, -14.0445668 ], [ -171.5622586, -14.0447809 ], [ -171.5622138, -14.0448055 ], [ -171.5621272, -14.044723 ], [ -171.5621033, -14.0447733 ], [ -171.562196300000011, -14.0448724 ], [ -171.5620958, -14.0450588 ], [ -171.5620877, -14.0449444 ], [ -171.5619959, -14.0449509 ], [ -171.5620314, -14.0451418 ], [ -171.5619055, -14.0452807 ], [ -171.5618302, -14.0452655 ], [ -171.561823299999986, -14.0451472 ], [ -171.5616436, -14.0451602 ], [ -171.561514499999987, -14.0451201 ], [ -171.561468600000012, -14.0450072 ], [ -171.5613735, -14.0450411 ], [ -171.5613707, -14.0451269 ], [ -171.5612945, -14.045106 ], [ -171.5612137, -14.0451771 ], [ -171.5611034, -14.045145 ], [ -171.5607654, -14.0453034 ], [ -171.5607082, -14.0452748 ], [ -171.5606422, -14.0453376 ], [ -171.5606526, -14.045425 ], [ -171.5605635, -14.0455063 ], [ -171.56036180000001, -14.0454037 ], [ -171.560237, -14.0457532 ], [ -171.5599742, -14.0456532 ], [ -171.5601332, -14.0453486 ], [ -171.5602145, -14.0452598 ], [ -171.5603236, -14.0451899 ], [ -171.5604674, -14.0451287 ], [ -171.5603949, -14.0450784 ], [ -171.5602888, -14.045137 ], [ -171.560102699999987, -14.0450773 ], [ -171.5601733, -14.0449379 ], [ -171.5601781, -14.0447751 ], [ -171.5603841, -14.0448193 ], [ -171.5604858, -14.0449477 ], [ -171.5606392, -14.044998 ], [ -171.5607938, -14.0450069 ], [ -171.5608838, -14.0449328 ], [ -171.5608086, -14.0447962 ], [ -171.5606966, -14.0446592 ], [ -171.5606627, -14.0445015 ], [ -171.5606448, -14.0442792 ], [ -171.5606915, -14.0441708 ], [ -171.560647100000011, -14.0440835 ], [ -171.5605627, -14.043967 ], [ -171.560459900000012, -14.0439632 ], [ -171.560286100000013, -14.0440686 ], [ -171.560207100000014, -14.0440184 ], [ -171.5600411, -14.0440042 ], [ -171.559912200000014, -14.044241 ], [ -171.5598416, -14.0442368 ], [ -171.5597689, -14.0441843 ], [ -171.5597334, -14.0441275 ], [ -171.5597665, -14.0438877 ], [ -171.5597415, -14.0437839 ], [ -171.559646500000014, -14.0437607 ], [ -171.559522500000014, -14.0437819 ], [ -171.5594189, -14.0438242 ], [ -171.559387500000014, -14.0438692 ], [ -171.5593944, -14.0439948 ], [ -171.5594074, -14.0440671 ], [ -171.559390900000011, -14.0441753 ], [ -171.5593159, -14.0442401 ], [ -171.5592327, -14.0442325 ], [ -171.5592007, -14.0441986 ], [ -171.559119900000013, -14.044143 ], [ -171.5590147, -14.0440989 ], [ -171.558747, -14.0443207 ], [ -171.5587172, -14.0442905 ], [ -171.5588009, -14.0441858 ], [ -171.5588654, -14.0441149 ], [ -171.5589443, -14.0440537 ], [ -171.5587864, -14.0440231 ], [ -171.5587156, -14.0440741 ], [ -171.5586672, -14.0440324 ], [ -171.5586677, -14.0439772 ], [ -171.5586557, -14.0438425 ], [ -171.558517099999989, -14.0437918 ], [ -171.5578916, -14.0437559 ], [ -171.5577393, -14.0437768 ], [ -171.5577151, -14.0438348 ], [ -171.5576724, -14.0438944 ], [ -171.557804299999987, -14.0440035 ], [ -171.557865099999987, -14.0442703 ], [ -171.5578998, -14.0443133 ], [ -171.5579287, -14.044433 ], [ -171.5579172, -14.0446012 ], [ -171.557861, -14.0447244 ], [ -171.5578189, -14.04484 ], [ -171.5577456, -14.0448381 ], [ -171.55772060000001, -14.0449111 ], [ -171.557622400000014, -14.0449765 ], [ -171.5575799, -14.0449185 ], [ -171.5575733, -14.0448102 ], [ -171.55752720000001, -14.0447301 ], [ -171.5574703, -14.0446541 ], [ -171.5574513, -14.0444918 ], [ -171.557489299999986, -14.0444035 ], [ -171.557446, -14.0443092 ], [ -171.5572416, -14.0442486 ], [ -171.55721650000001, -14.044162 ], [ -171.557021, -14.0441842 ], [ -171.556809500000014, -14.0443177 ], [ -171.556896599999988, -14.0444047 ], [ -171.5569937, -14.0444783 ], [ -171.557024500000011, -14.0445961 ], [ -171.55700010000001, -14.04471 ], [ -171.5568714, -14.0448296 ], [ -171.5568386, -14.0449025 ], [ -171.5567345, -14.0449362 ], [ -171.55664010000001, -14.0449679 ], [ -171.556607500000013, -14.0449958 ], [ -171.556517500000012, -14.0450479 ], [ -171.5563769, -14.0450291 ], [ -171.5564058, -14.0449229 ], [ -171.55643, -14.0448034 ], [ -171.5563722, -14.0447305 ], [ -171.5563778, -14.0446711 ], [ -171.5564587, -14.0446337 ], [ -171.556435599999986, -14.0444617 ], [ -171.556279499999988, -14.0443699 ], [ -171.554937099999989, -14.0443319 ], [ -171.5544954, -14.0443012 ], [ -171.5540705, -14.0442096 ], [ -171.553365500000012, -14.0440437 ], [ -171.553154, -14.0440149 ], [ -171.5530451, -14.0440872 ], [ -171.5530651, -14.0441908 ], [ -171.5530478, -14.0442039 ], [ -171.5529838, -14.04413 ], [ -171.552922599999988, -14.0440516 ], [ -171.5500149, -14.0436014 ], [ -171.5497915, -14.0435405 ], [ -171.5496796, -14.0435229 ], [ -171.5495137, -14.0435062 ], [ -171.5492941, -14.0435261 ], [ -171.549017600000013, -14.0434128 ], [ -171.548473800000011, -14.0432362 ], [ -171.5479647, -14.0430214 ], [ -171.5477067, -14.0429673 ], [ -171.5472531, -14.0429672 ], [ -171.5469958, -14.0429537 ], [ -171.546626800000013, -14.0429654 ], [ -171.546413199999989, -14.0429613 ], [ -171.5461976, -14.0429831 ], [ -171.5459214, -14.0430718 ], [ -171.5457854, -14.0432184 ], [ -171.5456958, -14.0432717 ], [ -171.5455689, -14.0432527 ], [ -171.5453661, -14.0433951 ], [ -171.545233599999989, -14.0434791 ], [ -171.5453501, -14.0436062 ], [ -171.5453307, -14.0437422 ], [ -171.5452922, -14.0438356 ], [ -171.5453441, -14.0439254 ], [ -171.5452864, -14.0439478 ], [ -171.545201600000013, -14.0438618 ], [ -171.5451574, -14.0437531 ], [ -171.5450916, -14.0437988 ], [ -171.5450368, -14.0438437 ], [ -171.5450927, -14.0439292 ], [ -171.5451396, -14.0439955 ], [ -171.5451002, -14.0440456 ], [ -171.545042200000012, -14.0440346 ], [ -171.5450185, -14.0441078 ], [ -171.5450543, -14.0442526 ], [ -171.545096699999988, -14.0444059 ], [ -171.5450995, -14.0444592 ], [ -171.5451419, -14.0445004 ], [ -171.5450821, -14.0445583 ], [ -171.5449892, -14.044536 ], [ -171.5450505, -14.04461 ], [ -171.5450423, -14.0446232 ], [ -171.544972800000011, -14.0445902 ], [ -171.544882800000011, -14.044536 ], [ -171.5447929, -14.0445518 ], [ -171.5448065, -14.0446074 ], [ -171.5448706, -14.0446933 ], [ -171.544858299999987, -14.044733 ], [ -171.5447929, -14.0447396 ], [ -171.5447575, -14.0447727 ], [ -171.5446948, -14.0447396 ], [ -171.544532299999986, -14.0446668 ], [ -171.5444985, -14.0445663 ], [ -171.544467700000013, -14.0445185 ], [ -171.5444205, -14.0444449 ], [ -171.544366, -14.044474 ], [ -171.544321700000012, -14.0445227 ], [ -171.544257, -14.0445705 ], [ -171.544205299999987, -14.044639 ], [ -171.5441711, -14.0446327 ], [ -171.544139800000011, -14.0445597 ], [ -171.5441207, -14.0445123 ], [ -171.544059800000014, -14.0444043 ], [ -171.543942500000014, -14.0442107 ], [ -171.54412640000001, -14.043936 ], [ -171.5441084, -14.0438308 ], [ -171.5440432, -14.0437932 ], [ -171.544017700000012, -14.0437824 ], [ -171.543755299999987, -14.0437564 ], [ -171.5434771, -14.0437453 ], [ -171.5433923, -14.0438036 ], [ -171.543382799999989, -14.0438446 ], [ -171.5434032, -14.0439305 ], [ -171.543354099999988, -14.0439583 ], [ -171.5432887, -14.0439583 ], [ -171.5432601, -14.043953 ], [ -171.5432356, -14.0438975 ], [ -171.5431548, -14.0437865 ], [ -171.5431113, -14.0437011 ], [ -171.543088899999987, -14.0436916 ], [ -171.542725600000011, -14.0437679 ], [ -171.5426472, -14.0438579 ], [ -171.5425902, -14.0438523 ], [ -171.5425418, -14.0438484 ], [ -171.5424825, -14.043826 ], [ -171.542415, -14.0438801 ], [ -171.5423116, -14.0438953 ], [ -171.542164500000013, -14.0439521 ], [ -171.5420364, -14.0440037 ], [ -171.5418885, -14.0440766 ], [ -171.5417458, -14.0441328 ], [ -171.5417148, -14.0441864 ], [ -171.5416635, -14.0441875 ], [ -171.541560800000013, -14.0441237 ], [ -171.5414361, -14.0441307 ], [ -171.541267, -14.0441905 ], [ -171.5408517, -14.0445119 ], [ -171.5406668, -14.0446589 ], [ -171.5406401, -14.044788 ], [ -171.5405992, -14.0448158 ], [ -171.540566500000011, -14.0447642 ], [ -171.5405419, -14.0446425 ], [ -171.540449200000012, -14.0446227 ], [ -171.5404015, -14.0446862 ], [ -171.540371599999986, -14.0447549 ], [ -171.540109699999988, -14.0449565 ], [ -171.5399646, -14.0450208 ], [ -171.5399526, -14.0448265 ], [ -171.5400061, -14.0447627 ], [ -171.5400412, -14.0446739 ], [ -171.539971900000012, -14.0446466 ], [ -171.5398083, -14.0445976 ], [ -171.539553500000011, -14.0446096 ], [ -171.5393847, -14.0446301 ], [ -171.5392477, -14.0445559 ], [ -171.5390768, -14.044465 ], [ -171.5389257, -14.0443982 ], [ -171.5386076, -14.0443578 ], [ -171.538371399999988, -14.0442559 ], [ -171.5381128, -14.0441217 ], [ -171.5379762, -14.0441442 ], [ -171.5378618, -14.0441619 ], [ -171.537751899999989, -14.0441659 ], [ -171.537655199999989, -14.0441232 ], [ -171.5376631, -14.0440212 ], [ -171.537647099999987, -14.043897 ], [ -171.537351, -14.0436794 ], [ -171.5370766, -14.0435061 ], [ -171.5367987, -14.0433868 ], [ -171.5364363, -14.0432682 ], [ -171.536125700000014, -14.0431985 ], [ -171.5357641, -14.0431141 ], [ -171.5356219, -14.0430694 ], [ -171.535307, -14.042784 ], [ -171.53520850000001, -14.0427449 ], [ -171.5350084, -14.0426605 ], [ -171.534945099999987, -14.0426364 ], [ -171.5348966, -14.0425242 ], [ -171.5348195, -14.0424205 ], [ -171.534674099999989, -14.0423494 ], [ -171.5344955, -14.042382 ], [ -171.534386399999988, -14.0423603 ], [ -171.5344691, -14.0422272 ], [ -171.534433, -14.0421553 ], [ -171.534183899999988, -14.0420075 ], [ -171.534107299999988, -14.042061 ], [ -171.534116, -14.0421322 ], [ -171.5341048, -14.0421671 ], [ -171.5340129, -14.0421695 ], [ -171.533922100000012, -14.0423154 ], [ -171.533863700000012, -14.0422563 ], [ -171.5338625, -14.0421768 ], [ -171.533952, -14.0421599 ], [ -171.5340402, -14.0420441 ], [ -171.5340377, -14.0419344 ], [ -171.533969399999989, -14.0418802 ], [ -171.5338898, -14.0418368 ], [ -171.5338425, -14.041876 ], [ -171.53377, -14.0419638 ], [ -171.533755500000012, -14.0419491 ], [ -171.533802400000013, -14.0418477 ], [ -171.5338267, -14.0417863 ], [ -171.5337925, -14.041744 ], [ -171.5336962, -14.0417416 ], [ -171.5336285, -14.0417682 ], [ -171.5336098, -14.041826 ], [ -171.5335853, -14.0419101 ], [ -171.5335854, -14.0420044 ], [ -171.5335427, -14.0419683 ], [ -171.5335572, -14.0418542 ], [ -171.5335924, -14.0417127 ], [ -171.533729, -14.0415234 ], [ -171.5334372, -14.0413935 ], [ -171.5333063, -14.0413777 ], [ -171.53322, -14.0414307 ], [ -171.5331222, -14.0414881 ], [ -171.53301780000001, -14.0415131 ], [ -171.532916199999988, -14.0415951 ], [ -171.532722299999989, -14.0414401 ], [ -171.532777900000013, -14.0413576 ], [ -171.5327108, -14.041225 ], [ -171.5324671, -14.0410384 ], [ -171.532315899999986, -14.0409686 ], [ -171.5321491, -14.0409293 ], [ -171.5317968, -14.0408689 ], [ -171.5316714, -14.0408149 ], [ -171.5313567, -14.0405997 ], [ -171.5310939, -14.0404367 ], [ -171.5309236, -14.0402952 ], [ -171.530898400000012, -14.0401833 ], [ -171.5308351, -14.040015 ], [ -171.5307309, -14.0398788 ], [ -171.5304979, -14.0398077 ], [ -171.5303323, -14.0397708 ], [ -171.5301531, -14.0398167 ], [ -171.529631, -14.0399987 ], [ -171.529442499999988, -14.0400278 ], [ -171.529051, -14.0399864 ], [ -171.52887530000001, -14.0399182 ], [ -171.528691400000014, -14.0398458 ], [ -171.5285326, -14.0397906 ], [ -171.5284038, -14.0397682 ], [ -171.528002500000014, -14.0397773 ], [ -171.527640600000012, -14.0396438 ], [ -171.5270676, -14.0395971 ], [ -171.526541, -14.0395978 ], [ -171.5262871, -14.0396888 ], [ -171.525990900000011, -14.0398623 ], [ -171.5258155, -14.0400191 ], [ -171.5256623, -14.0401955 ], [ -171.5253863, -14.0404656 ], [ -171.5252317, -14.040599 ], [ -171.525036699999987, -14.0406353 ], [ -171.5248434, -14.0407773 ], [ -171.5246062, -14.0408374 ], [ -171.524309499999987, -14.0408896 ], [ -171.523897799999986, -14.0409893 ], [ -171.523473599999988, -14.0410654 ], [ -171.5231214, -14.0411218 ], [ -171.5225677, -14.0411781 ], [ -171.522218, -14.0412616 ], [ -171.5218085, -14.0414373 ], [ -171.5213416, -14.0416786 ], [ -171.521192, -14.041757 ], [ -171.5210344, -14.0418182 ], [ -171.5208786, -14.0418718 ], [ -171.520659200000011, -14.0418678 ], [ -171.520191399999987, -14.0418053 ], [ -171.519826599999988, -14.0417443 ], [ -171.5195415, -14.0417331 ], [ -171.5186496, -14.0417784 ], [ -171.5174427, -14.0417628 ], [ -171.5161497, -14.0416253 ], [ -171.5151103, -14.0416419 ], [ -171.5141921, -14.0416692 ], [ -171.5134329, -14.0418298 ], [ -171.5125275, -14.0420018 ], [ -171.5117726, -14.0420729 ], [ -171.509915299999989, -14.0422222 ], [ -171.508935400000013, -14.0423479 ], [ -171.507568600000013, -14.0424364 ], [ -171.507449799999989, -14.0425443 ], [ -171.5071022, -14.0425752 ], [ -171.505124200000012, -14.042523657033817 ], [ -171.5039055, -14.0424919 ], [ -171.5026963, -14.0424231 ], [ -171.5014726, -14.0424304 ], [ -171.4995356, -14.0418143 ], [ -171.4979635, -14.041528 ], [ -171.4970768, -14.0413303 ], [ -171.49636910000001, -14.0410363 ], [ -171.4953789, -14.0404446 ], [ -171.4947388, -14.0401268 ], [ -171.4937712, -14.0399222 ], [ -171.493263899999988, -14.0398333 ], [ -171.4929387, -14.0398639 ], [ -171.4926893, -14.0398768 ], [ -171.4924513, -14.0400095 ], [ -171.4922924, -14.039984 ], [ -171.4911684, -14.0403371 ], [ -171.4902464, -14.0405815 ], [ -171.489336400000013, -14.0407005 ], [ -171.486373500000013, -14.0409782 ], [ -171.4857342, -14.0410224 ], [ -171.4852189, -14.0410848 ], [ -171.484798, -14.0412029 ], [ -171.4834332, -14.041704 ], [ -171.4825324, -14.0419039 ], [ -171.4814252, -14.0420058 ], [ -171.48030270000001, -14.0421578 ], [ -171.479552500000011, -14.0422176 ], [ -171.478903300000013, -14.0422481 ], [ -171.478493500000013, -14.0423264 ], [ -171.4782059, -14.0424434 ], [ -171.4779259, -14.0424195 ], [ -171.4774504, -14.0424697 ], [ -171.477112799999986, -14.0425685 ], [ -171.4770244, -14.0426941 ], [ -171.4760603, -14.0430491 ], [ -171.475812100000013, -14.0431754 ], [ -171.4755226, -14.0432398 ], [ -171.4751666, -14.0431921 ], [ -171.4744043, -14.0432388 ], [ -171.4721422, -14.0437574 ], [ -171.4717535, -14.0438375 ], [ -171.470301299999988, -14.0441271 ], [ -171.470033, -14.0441939 ], [ -171.4691288, -14.044606 ], [ -171.4688568, -14.0447771 ], [ -171.468497500000012, -14.0451748 ], [ -171.4682357, -14.0455188 ], [ -171.467918700000013, -14.0458142 ], [ -171.4676666, -14.0460424 ], [ -171.46742230000001, -14.0461506 ], [ -171.4670334, -14.0461941 ], [ -171.466690199999988, -14.0461619 ], [ -171.4664053, -14.0460236 ], [ -171.4662468, -14.0457886 ], [ -171.466013800000013, -14.0453352 ], [ -171.4656788, -14.045098 ], [ -171.4649613, -14.0446468 ], [ -171.464355899999987, -14.0444684 ], [ -171.463841800000012, -14.044404 ], [ -171.4623819, -14.0444751 ], [ -171.4615593, -14.0444904 ], [ -171.4610596, -14.0445272 ], [ -171.4602844, -14.0446765 ], [ -171.4598809, -14.0447982 ], [ -171.4594325, -14.0450532 ], [ -171.4584243, -14.0451489 ], [ -171.4576707, -14.0453461 ], [ -171.457125100000013, -14.0453263 ], [ -171.4568482, -14.0454177 ], [ -171.4562335, -14.0454795 ], [ -171.455888499999986, -14.0456048 ], [ -171.4553895, -14.0458638 ], [ -171.4549802, -14.0459479 ], [ -171.454761100000013, -14.0459362 ], [ -171.4543509, -14.0458365 ], [ -171.453706, -14.0457295 ], [ -171.4531883, -14.0456915 ], [ -171.452831800000013, -14.0457695 ], [ -171.4524173, -14.0458128 ], [ -171.4514833, -14.0458118 ], [ -171.45091930000001, -14.0458834 ], [ -171.450069899999988, -14.0459328 ], [ -171.4493742, -14.0459602 ], [ -171.4484407, -14.0459847 ], [ -171.445484099999987, -14.0464026 ], [ -171.4447228, -14.0465914 ], [ -171.444351, -14.0465887 ], [ -171.444132599999989, -14.0465513 ], [ -171.4439066, -14.0465638 ], [ -171.44379, -14.0466149 ], [ -171.443484, -14.0467048 ], [ -171.443310200000013, -14.0468504 ], [ -171.4431507, -14.0469975 ], [ -171.4429419, -14.0470263 ], [ -171.442556200000013, -14.047047 ], [ -171.4425042, -14.0471508 ], [ -171.442308700000012, -14.0471672 ], [ -171.442232499999989, -14.0471103 ], [ -171.4412388, -14.0472553 ], [ -171.4400161, -14.0475515 ], [ -171.4390182, -14.0478677 ], [ -171.4384224, -14.0480973 ], [ -171.4382939, -14.0482607 ], [ -171.4377997, -14.0483257 ], [ -171.436902300000014, -14.0485255 ], [ -171.43633, -14.0486625 ], [ -171.4357058, -14.048654 ], [ -171.4355813, -14.0486447 ], [ -171.435045800000012, -14.0486187 ], [ -171.4342623, -14.0489187 ], [ -171.4341346, -14.0488868 ], [ -171.4341029, -14.0488275 ], [ -171.4343125, -14.048679 ], [ -171.4344683, -14.0485442 ], [ -171.4344256, -14.0484317 ], [ -171.4344688, -14.0483231 ], [ -171.4350618, -14.0478708 ], [ -171.4352522, -14.047858 ], [ -171.435510599999986, -14.0476319 ], [ -171.4356981, -14.0474958 ], [ -171.4359667, -14.0475528 ], [ -171.4361092, -14.0477867 ], [ -171.4363703, -14.0479162 ], [ -171.43658880000001, -14.0478257 ], [ -171.436841, -14.0476433 ], [ -171.4370893, -14.0473534 ], [ -171.4372957, -14.0468305 ], [ -171.4373281, -14.0465145 ], [ -171.437279100000012, -14.0461552 ], [ -171.437323, -14.0460467 ], [ -171.4374999, -14.0458227 ], [ -171.4375681, -14.0454773 ], [ -171.4375872, -14.045254 ], [ -171.437326899999988, -14.0446552 ], [ -171.4370879, -14.043944 ], [ -171.436905700000011, -14.0433905 ], [ -171.436692099999988, -14.043024 ], [ -171.4365032, -14.0425976 ], [ -171.4364334, -14.0423028 ], [ -171.436113, -14.0415856 ], [ -171.4359847, -14.041397 ], [ -171.4358195, -14.0410094 ], [ -171.4353401, -14.039863 ], [ -171.4350206, -14.0396292 ], [ -171.4350613, -14.0395644 ], [ -171.4349771, -14.0395447 ], [ -171.4349335, -14.039401 ], [ -171.4350526, -14.0392573 ], [ -171.4349364, -14.0389558 ], [ -171.434797, -14.0387361 ], [ -171.4346402, -14.0382064 ], [ -171.4344369, -14.0381162 ], [ -171.4343149, -14.0379838 ], [ -171.4342423, -14.0376486 ], [ -171.4344108, -14.0375584 ], [ -171.433863699999989, -14.0352864 ], [ -171.433726, -14.0348784 ], [ -171.433525, -14.0344733 ], [ -171.4333672, -14.034525 ], [ -171.4332584, -14.0342708 ], [ -171.433387, -14.0341412 ], [ -171.432577, -14.0323937 ], [ -171.432062300000013, -14.0313415 ], [ -171.4316408, -14.0307109 ], [ -171.4314482, -14.0307822 ], [ -171.4312979, -14.0306641 ], [ -171.431245499999989, -14.0304799 ], [ -171.4313295, -14.0303768 ], [ -171.4314334, -14.0303192 ], [ -171.4310946, -14.0297316 ], [ -171.431018, -14.0297508 ], [ -171.430986, -14.0295839 ], [ -171.4308106, -14.0296553 ], [ -171.4306798, -14.0293892 ], [ -171.4307782, -14.0293123 ], [ -171.4307609, -14.0291875 ], [ -171.4305804, -14.0289117 ], [ -171.430462299999988, -14.0289755 ], [ -171.430217, -14.0284991 ], [ -171.4303184, -14.0284464 ], [ -171.430128, -14.0281034 ], [ -171.4299129, -14.0278275 ], [ -171.4298297, -14.027784 ], [ -171.4294226, -14.0272153 ], [ -171.4293428, -14.0272597 ], [ -171.4291193, -14.0269318 ], [ -171.4289537, -14.0270013 ], [ -171.428879200000011, -14.0270863 ], [ -171.428899199999989, -14.0271335 ], [ -171.4288497, -14.0271714 ], [ -171.428834099999989, -14.0271537 ], [ -171.4288123, -14.0271757 ], [ -171.428795, -14.0271571 ], [ -171.4288181, -14.027127 ], [ -171.4285606, -14.0268004 ], [ -171.4287885, -14.0266374 ], [ -171.428762, -14.0265081 ], [ -171.4287163, -14.0264712 ], [ -171.4285941, -14.0264543 ], [ -171.4285605, -14.0263801 ], [ -171.4286669, -14.0263201 ], [ -171.4283753, -14.0259407 ], [ -171.427973900000012, -14.0253805 ], [ -171.427665499999989, -14.0249913 ], [ -171.427337599999987, -14.0246042 ], [ -171.4271162, -14.024395 ], [ -171.4269512, -14.0245043 ], [ -171.4249398, -14.0260558 ], [ -171.4244517, -14.0263942 ], [ -171.4243918, -14.0263411 ], [ -171.4247054, -14.0260783 ], [ -171.424390499999987, -14.0257279 ], [ -171.423754, -14.0249585 ], [ -171.4239705, -14.0248353 ], [ -171.4246362, -14.0255169 ], [ -171.424951099999987, -14.0253111 ], [ -171.424199, -14.0246418 ], [ -171.4245479, -14.0244025 ], [ -171.4253251, -14.0250061 ], [ -171.4268357, -14.0239782 ], [ -171.4267452, -14.0237588 ], [ -171.4265402, -14.0237413 ], [ -171.4262556, -14.0233702 ], [ -171.4262463, -14.0231869 ], [ -171.4255365, -14.0221247 ], [ -171.4252938, -14.0217913 ], [ -171.4251777, -14.0216239 ], [ -171.424883599999987, -14.0211651 ], [ -171.4247945, -14.021147 ], [ -171.424722300000013, -14.0210769 ], [ -171.42469890000001, -14.0209852 ], [ -171.424714599999987, -14.0209498 ], [ -171.4246885, -14.020734 ], [ -171.4246895, -14.0206744 ], [ -171.4245225, -14.0202281 ], [ -171.4244071, -14.019804 ], [ -171.4242777, -14.0195496 ], [ -171.4241686, -14.0191898 ], [ -171.4240714, -14.0187626 ], [ -171.423881200000011, -14.0183701 ], [ -171.423842, -14.0183139 ], [ -171.4238906, -14.0177214 ], [ -171.423928100000012, -14.0176703 ], [ -171.423949099999987, -14.0173242 ], [ -171.4239071, -14.0172055 ], [ -171.4239344, -14.0169935 ], [ -171.4241041, -14.0167172 ], [ -171.4241156, -14.0165125 ], [ -171.4241978, -14.0158668 ], [ -171.4243686, -14.015143 ], [ -171.4243751, -14.0149633 ], [ -171.4243189, -14.0146634 ], [ -171.424244, -14.0143562 ], [ -171.4241798, -14.014054 ], [ -171.424274200000013, -14.0140506 ], [ -171.4242882, -14.0137826 ], [ -171.4244071, -14.0137249 ], [ -171.424389600000012, -14.0134122 ], [ -171.4244352, -14.0133453 ], [ -171.4245146, -14.0132955 ], [ -171.424527899999987, -14.013245 ], [ -171.4245292, -14.0131473 ], [ -171.4244941, -14.0131446 ], [ -171.4244961, -14.0130831 ], [ -171.424410599999987, -14.0130787 ], [ -171.4244936, -14.012698 ], [ -171.424545099999989, -14.0126487 ], [ -171.4246142, -14.0126322 ], [ -171.4246613, -14.0125444 ], [ -171.4247929, -14.01128 ], [ -171.424741, -14.0112584 ], [ -171.4247509, -14.0111601 ], [ -171.4247929, -14.0111577 ], [ -171.4250619, -14.0087678 ], [ -171.4250499, -14.0085951 ], [ -171.424952600000012, -14.0084278 ], [ -171.4248584, -14.0083269 ], [ -171.4248392, -14.0080592 ], [ -171.42483, -14.0078599 ], [ -171.4248653, -14.007777 ], [ -171.4249696, -14.007764 ], [ -171.425042100000013, -14.0078227 ], [ -171.4251074, -14.0077546 ], [ -171.425138800000013, -14.0076045 ], [ -171.425142099999988, -14.0075229 ], [ -171.425096200000013, -14.0074435 ], [ -171.4250605, -14.0074487 ], [ -171.4250353, -14.0074191 ], [ -171.425028700000013, -14.0073767 ], [ -171.424952499999989, -14.0073744 ], [ -171.4249247, -14.0070954 ], [ -171.4249955, -14.0070631 ], [ -171.425058799999988, -14.007091 ], [ -171.4250993, -14.0067718 ], [ -171.425184699999988, -14.0067132 ], [ -171.4252208, -14.0064487 ], [ -171.4252065, -14.0062113 ], [ -171.4251074, -14.0059674 ], [ -171.424952600000012, -14.0058454 ], [ -171.4247629, -14.0058992 ], [ -171.424759599999987, -14.0054914 ], [ -171.4247111, -14.0053212 ], [ -171.4246446, -14.0051401 ], [ -171.4245435, -14.0048834 ], [ -171.4244933, -14.0048744 ], [ -171.4244645, -14.0047505 ], [ -171.4245095, -14.0046208 ], [ -171.424551900000012, -14.0045457 ], [ -171.4244684, -14.0044473 ], [ -171.424411600000013, -14.0042458 ], [ -171.424443200000013, -14.0042083 ], [ -171.4244698, -14.0041896 ], [ -171.4243956, -14.004036 ], [ -171.424375700000013, -14.0039191 ], [ -171.4243908, -14.0037958 ], [ -171.4244605, -14.003689 ], [ -171.4246262, -14.0032478 ], [ -171.424747599999989, -14.003015 ], [ -171.424888, -14.0028439 ], [ -171.4249667, -14.002815 ], [ -171.4254521, -14.0021739 ], [ -171.4257619, -14.0017192 ], [ -171.4259717, -14.0012948 ], [ -171.426122099999986, -14.0007508 ], [ -171.4261736, -14.0004008 ], [ -171.4262053, -14.0002433 ], [ -171.426306899999986, -14.0001694 ], [ -171.4263431, -14.0000533 ], [ -171.4264916, -13.9999996 ], [ -171.4266805, -13.9996378 ], [ -171.4269271, -13.9995157 ], [ -171.4270027, -13.9995986 ], [ -171.4272372, -13.9992327 ], [ -171.4271091, -13.9989231 ], [ -171.4271937, -13.9988128 ], [ -171.427271, -13.9988621 ], [ -171.427616699999987, -13.9986158 ], [ -171.427922099999989, -13.9983026 ], [ -171.4281339, -13.9980083 ], [ -171.428172100000012, -13.9978748 ], [ -171.4281402, -13.9977735 ], [ -171.428059600000012, -13.9976441 ], [ -171.4279431, -13.9976049 ], [ -171.4279455, -13.9974149 ], [ -171.4280446, -13.9972085 ], [ -171.428003499999988, -13.9970278 ], [ -171.4280525, -13.9968929 ], [ -171.4281833, -13.9968102 ], [ -171.42834, -13.9965966 ], [ -171.428458, -13.9963382 ], [ -171.4282414, -13.9959565 ], [ -171.4281669, -13.9959267 ], [ -171.428116499999987, -13.9957991 ], [ -171.4281384, -13.9957311 ], [ -171.42803760000001, -13.995495 ], [ -171.428042, -13.9954036 ], [ -171.4279358, -13.9953809 ], [ -171.428040900000013, -13.9951225 ], [ -171.4282298, -13.9949445 ], [ -171.4283159, -13.9948927 ], [ -171.4283326, -13.9948827 ], [ -171.429229099999986, -13.9944031 ], [ -171.4302147, -13.9940226 ], [ -171.430418300000014, -13.9939436 ], [ -171.430487199999988, -13.9939169 ], [ -171.4306212, -13.9934774 ], [ -171.430847699999987, -13.993419 ], [ -171.430955899999987, -13.993452 ], [ -171.431073199999986, -13.9933592 ], [ -171.431772200000012, -13.9927642 ], [ -171.4321704, -13.9924624 ], [ -171.432706599999989, -13.9919165 ], [ -171.4332474, -13.9915555 ], [ -171.4335194, -13.9912201 ], [ -171.43383, -13.9907218 ], [ -171.433839, -13.990581 ], [ -171.4339809, -13.9902054 ], [ -171.4340535, -13.9897999 ], [ -171.434009300000014, -13.9894407 ], [ -171.4337303, -13.9891823 ], [ -171.433654499999989, -13.9889393 ], [ -171.4336214, -13.9887947 ], [ -171.4334969, -13.9888033 ], [ -171.4334584, -13.9889298 ], [ -171.433411, -13.9889874 ], [ -171.4331946, -13.9890161 ], [ -171.433126499999986, -13.9889126 ], [ -171.433096799999987, -13.9888148 ], [ -171.4330773, -13.9887588 ], [ -171.4332095, -13.9888522 ], [ -171.4333695, -13.9888321 ], [ -171.4334258, -13.9888263 ], [ -171.4334732, -13.9887573 ], [ -171.433639199999988, -13.9887027 ], [ -171.4336806, -13.9885963 ], [ -171.433796199999989, -13.9884956 ], [ -171.434057, -13.9883691 ], [ -171.434125200000011, -13.9882685 ], [ -171.4342141, -13.98828 ], [ -171.4342615, -13.9883806 ], [ -171.434480799999989, -13.9884764 ], [ -171.4347072, -13.9884067 ], [ -171.43475810000001, -13.9883102 ], [ -171.435012199999989, -13.988342 ], [ -171.435152499999987, -13.9884738 ], [ -171.43548340000001, -13.9886004 ], [ -171.4355468, -13.9887911 ], [ -171.435659500000014, -13.9892183 ], [ -171.4361264, -13.9892703 ], [ -171.4365424, -13.989203 ], [ -171.437, -13.9891043 ], [ -171.4373948, -13.988767 ], [ -171.4379152, -13.9882835 ], [ -171.438152300000013, -13.9879411 ], [ -171.4382665, -13.9875614 ], [ -171.4383957, -13.9868659 ], [ -171.438106, -13.9866843 ], [ -171.4378567, -13.9864973 ], [ -171.4375648, -13.9862059 ], [ -171.4371708, -13.9858581 ], [ -171.4371681, -13.9856395 ], [ -171.437281500000012, -13.9854772 ], [ -171.4373593, -13.9852833 ], [ -171.437318299999987, -13.9851556 ], [ -171.4372008, -13.9851097 ], [ -171.437171, -13.9848889 ], [ -171.4371001, -13.9848366 ], [ -171.4371923, -13.9847113 ], [ -171.437179500000013, -13.9845809 ], [ -171.437284299999988, -13.9845369 ], [ -171.4373958, -13.9845602 ], [ -171.4379207, -13.9848903 ], [ -171.4380352, -13.9847761 ], [ -171.438315499999987, -13.9843764 ], [ -171.4385443, -13.9836025 ], [ -171.438387400000011, -13.9834598 ], [ -171.4383554, -13.9833766 ], [ -171.4383616, -13.983241 ], [ -171.4384149, -13.9829532 ], [ -171.4384857, -13.9830714 ], [ -171.4385565, -13.9830027 ], [ -171.4386132, -13.9830879 ], [ -171.4389186, -13.9830873 ], [ -171.4393385, -13.9831109 ], [ -171.439406, -13.9832312 ], [ -171.4396262, -13.9831243 ], [ -171.4398612, -13.9828372 ], [ -171.4399889, -13.9824974 ], [ -171.4400445, -13.9822799 ], [ -171.4400445, -13.9816932 ], [ -171.4396065, -13.9812714 ], [ -171.4396671, -13.9807326 ], [ -171.4399273, -13.9798381 ], [ -171.439820200000014, -13.979772 ], [ -171.4397921, -13.979632 ], [ -171.4399038, -13.9795221 ], [ -171.4400609, -13.9793661 ], [ -171.440212800000012, -13.9792852 ], [ -171.4402287, -13.9790836 ], [ -171.440492299999988, -13.9785511 ], [ -171.4405052, -13.9785282 ], [ -171.440813600000013, -13.9779815 ], [ -171.440898299999986, -13.9776781 ], [ -171.4409109, -13.9775395 ], [ -171.440901599999989, -13.9773928 ], [ -171.4408515, -13.9771904 ], [ -171.4406191, -13.9769255 ], [ -171.4405936, -13.9767723 ], [ -171.440665700000011, -13.9767121 ], [ -171.4409384, -13.9766358 ], [ -171.4409875, -13.9764616 ], [ -171.440818900000011, -13.9763863 ], [ -171.4407551, -13.9762691 ], [ -171.440604400000012, -13.9760097 ], [ -171.4406871, -13.9758759 ], [ -171.4408047, -13.9757913 ], [ -171.4409336, -13.9758072 ], [ -171.4410555, -13.9757605 ], [ -171.4412504, -13.975658 ], [ -171.4414238, -13.9758485 ], [ -171.441431099999988, -13.9759389 ], [ -171.4419183, -13.9760124 ], [ -171.4422013, -13.9761414 ], [ -171.44238150000001, -13.9760547 ], [ -171.4424127, -13.9759887 ], [ -171.442353200000014, -13.9758952 ], [ -171.4423277, -13.9758622 ], [ -171.442285199999986, -13.9758292 ], [ -171.4422654, -13.975711 ], [ -171.4423079, -13.975645 ], [ -171.4423702, -13.9757522 ], [ -171.4424354, -13.9757742 ], [ -171.4425345, -13.9757797 ], [ -171.4426564, -13.97581 ], [ -171.4427815, -13.9759217 ], [ -171.443484899999987, -13.9760617 ], [ -171.4436653, -13.9760606 ], [ -171.4441969, -13.9759153 ], [ -171.4447984, -13.9757632 ], [ -171.444915900000012, -13.975667 ], [ -171.445006299999989, -13.9756079 ], [ -171.4454371, -13.9754153 ], [ -171.445537, -13.9753963 ], [ -171.4460525, -13.9750731 ], [ -171.4461776, -13.9749742 ], [ -171.446215099999989, -13.974879 ], [ -171.4465458, -13.9746305 ], [ -171.4469182, -13.9744133 ], [ -171.4472323, -13.974213 ], [ -171.447500100000013, -13.9741244 ], [ -171.447543200000013, -13.9740502 ], [ -171.447650900000014, -13.974054 ], [ -171.4478775, -13.9740555 ], [ -171.448111, -13.973995 ], [ -171.4482786, -13.9738572 ], [ -171.4483889, -13.9737041 ], [ -171.44844470000001, -13.9735437 ], [ -171.448231, -13.973489 ], [ -171.448116, -13.97345 ], [ -171.4480371, -13.9734648 ], [ -171.447967799999986, -13.9734379 ], [ -171.447904099999988, -13.9733505 ], [ -171.447991300000012, -13.9733277 ], [ -171.448057799999987, -13.9733129 ], [ -171.448136799999986, -13.9733129 ], [ -171.4482213, -13.973329 ], [ -171.448328, -13.9733801 ], [ -171.448418, -13.9734016 ], [ -171.4485316, -13.9734285 ], [ -171.448555199999987, -13.9735051 ], [ -171.448645199999987, -13.9735387 ], [ -171.4487588, -13.9735186 ], [ -171.4488433, -13.9734796 ], [ -171.448933399999987, -13.9734097 ], [ -171.4489791, -13.9733304 ], [ -171.449049699999989, -13.9733236 ], [ -171.4490691, -13.9733572 ], [ -171.4490677, -13.9734245 ], [ -171.449062199999986, -13.9735239 ], [ -171.4489749, -13.9735885 ], [ -171.44886360000001, -13.9736686 ], [ -171.4487768, -13.9737847 ], [ -171.448681599999986, -13.9739265 ], [ -171.44870130000001, -13.9741416 ], [ -171.4487675, -13.9743042 ], [ -171.4492179, -13.9744116 ], [ -171.449659, -13.9744064 ], [ -171.4500746, -13.9743123 ], [ -171.451328600000011, -13.9742785 ], [ -171.451817, -13.9745675 ], [ -171.452368299999989, -13.974629 ], [ -171.4526851, -13.9744818 ], [ -171.452681, -13.9741043 ], [ -171.4529111, -13.9738894 ], [ -171.4531026, -13.9735187 ], [ -171.4532084, -13.973321 ], [ -171.4533926, -13.9732297 ], [ -171.4536784, -13.9730912 ], [ -171.454057400000011, -13.9734904 ], [ -171.4540179, -13.9738749 ], [ -171.4539677, -13.9744029 ], [ -171.4532032, -13.9776848 ], [ -171.453475700000013, -13.9781386 ], [ -171.4542269, -13.9790567 ], [ -171.4544808, -13.9792856 ], [ -171.4548389, -13.9793965 ], [ -171.4558166, -13.9796131 ], [ -171.4564221, -13.9795279 ], [ -171.4566161, -13.979294 ], [ -171.4567654, -13.9788182 ], [ -171.4569378, -13.9784684 ], [ -171.457210800000013, -13.9780882 ], [ -171.4575843, -13.9776661 ], [ -171.458005500000013, -13.9773471 ], [ -171.458283200000011, -13.9768503 ], [ -171.4583408, -13.9766046 ], [ -171.4583352, -13.9764326 ], [ -171.458448800000014, -13.9763358 ], [ -171.4585818, -13.9762578 ], [ -171.4585901, -13.9761449 ], [ -171.4587148, -13.9761153 ], [ -171.4588417, -13.9761024 ], [ -171.458986399999986, -13.9762121 ], [ -171.458986399999986, -13.9763519 ], [ -171.459075, -13.9765616 ], [ -171.4591958, -13.9767484 ], [ -171.459269, -13.9771316 ], [ -171.4592948, -13.9774661 ], [ -171.460193, -13.9780899 ], [ -171.4616098, -13.978013 ], [ -171.46279770000001, -13.9779229 ], [ -171.4631681, -13.9778567 ], [ -171.4634198, -13.9777719 ], [ -171.463527699999986, -13.977702 ], [ -171.4637668, -13.9776305 ], [ -171.463883399999986, -13.9775508 ], [ -171.4639708, -13.97743 ], [ -171.4640397, -13.9773734 ], [ -171.4641139, -13.977358 ], [ -171.4643399, -13.9772232 ], [ -171.464826499999987, -13.9766484 ], [ -171.4651921, -13.9762422 ], [ -171.465372300000013, -13.9761078 ], [ -171.4657829, -13.9759235 ], [ -171.4663631, -13.9757127 ], [ -171.4665153, -13.9757077 ], [ -171.4672267, -13.9758309 ], [ -171.4678226, -13.9758355 ], [ -171.4680268, -13.9757795 ], [ -171.46861340000001, -13.9755665 ], [ -171.46915, -13.9752808 ], [ -171.4696065, -13.9749564 ], [ -171.4698521, -13.9747126 ], [ -171.469979200000012, -13.9745095 ], [ -171.470083499999987, -13.9741474 ], [ -171.47013290000001, -13.9738128 ], [ -171.4700885, -13.973548 ], [ -171.469947499999989, -13.9732652 ], [ -171.4698176, -13.9730827 ], [ -171.4699023, -13.9729108 ], [ -171.470383, -13.972005 ], [ -171.4704739, -13.9718945 ], [ -171.470524399999988, -13.9718109 ], [ -171.4706275, -13.9716109 ], [ -171.4707024, -13.9713879 ], [ -171.4707474, -13.9711365 ], [ -171.4707436, -13.970931 ], [ -171.4706874, -13.9707529 ], [ -171.4707005, -13.9706784 ], [ -171.470636, -13.9700409 ], [ -171.4706612, -13.9700076 ], [ -171.470635, -13.969824 ], [ -171.470567499999987, -13.969684 ], [ -171.4704592, -13.9694423 ], [ -171.470290299999988, -13.9691423 ], [ -171.4701685, -13.9689732 ], [ -171.4700786, -13.9689277 ], [ -171.4699343, -13.9688532 ], [ -171.469732, -13.9687296 ], [ -171.469584, -13.9685024 ], [ -171.4694979, -13.9683842 ], [ -171.4694273, -13.9682862 ], [ -171.46948660000001, -13.9682478 ], [ -171.469406099999986, -13.9681642 ], [ -171.469338599999986, -13.9681642 ], [ -171.4693143, -13.9680733 ], [ -171.4693274, -13.9680006 ], [ -171.4693873, -13.9680424 ], [ -171.4694098, -13.9679861 ], [ -171.469467900000012, -13.967857 ], [ -171.469490400000012, -13.9677988 ], [ -171.469511, -13.9677188 ], [ -171.4695447, -13.9676916 ], [ -171.4695953, -13.9676643 ], [ -171.4696552, -13.9675589 ], [ -171.469695300000012, -13.9674255 ], [ -171.4696815, -13.9673244 ], [ -171.4696327, -13.9672389 ], [ -171.4696693, -13.9671714 ], [ -171.469600899999989, -13.9670062 ], [ -171.469629, -13.9669608 ], [ -171.4696084, -13.966859 ], [ -171.4696346, -13.9667899 ], [ -171.469629, -13.9667463 ], [ -171.4696065, -13.9666717 ], [ -171.4696384, -13.9666481 ], [ -171.469621499999988, -13.9665754 ], [ -171.469645899999989, -13.9665299 ], [ -171.4696028, -13.9664718 ], [ -171.4696028, -13.9664009 ], [ -171.4696384, -13.96635 ], [ -171.4696253, -13.9662718 ], [ -171.4695859, -13.9661954 ], [ -171.4695822, -13.9661191 ], [ -171.469666499999988, -13.9661391 ], [ -171.469666499999988, -13.9660755 ], [ -171.469621499999988, -13.9660173 ], [ -171.4696964, -13.9660009 ], [ -171.4696384, -13.9659755 ], [ -171.4695709, -13.9659664 ], [ -171.4696159, -13.9659082 ], [ -171.469709599999987, -13.9659082 ], [ -171.469769500000012, -13.9659137 ], [ -171.4698182, -13.9658809 ], [ -171.469902499999989, -13.9659464 ], [ -171.4699876, -13.9659665 ], [ -171.4701048, -13.9658864 ], [ -171.4702996, -13.9659373 ], [ -171.4703034, -13.9658664 ], [ -171.4703838, -13.9657765 ], [ -171.4705113, -13.9658555 ], [ -171.470569399999988, -13.9658337 ], [ -171.4706668, -13.9658737 ], [ -171.470739900000012, -13.9658155 ], [ -171.4707305, -13.9657591 ], [ -171.4707939, -13.9656944 ], [ -171.4709497, -13.9657282 ], [ -171.4710789, -13.9657646 ], [ -171.4710733, -13.9656919 ], [ -171.4711314, -13.9656482 ], [ -171.47127, -13.9656828 ], [ -171.47144990000001, -13.9656383 ], [ -171.471665300000012, -13.9655919 ], [ -171.471856300000013, -13.9656046 ], [ -171.4720212, -13.9656682 ], [ -171.4721467, -13.9657501 ], [ -171.472148299999986, -13.9658531 ], [ -171.472269399999988, -13.9658983 ], [ -171.4724314, -13.9659373 ], [ -171.472535599999986, -13.9659947 ], [ -171.4725794, -13.9660773 ], [ -171.472583, -13.9661673 ], [ -171.4729634, -13.9662719 ], [ -171.4730384, -13.966241 ], [ -171.473124500000011, -13.9662865 ], [ -171.4732549, -13.9664074 ], [ -171.4733752, -13.9664171 ], [ -171.4735471, -13.9663499 ], [ -171.4741583, -13.9657917 ], [ -171.4743332, -13.9654429 ], [ -171.4746687, -13.9648688 ], [ -171.474926900000014, -13.9642776 ], [ -171.4749004, -13.9640484 ], [ -171.4748629, -13.9638043 ], [ -171.4747267, -13.9637547 ], [ -171.474750300000011, -13.9636736 ], [ -171.474757, -13.9635601 ], [ -171.474717199999986, -13.9634894 ], [ -171.4746245, -13.9634273 ], [ -171.474558300000012, -13.9632966 ], [ -171.474507499999987, -13.9632987 ], [ -171.474459, -13.9633673 ], [ -171.4744082, -13.9633523 ], [ -171.474428100000011, -13.9632388 ], [ -171.4743906, -13.9631874 ], [ -171.474331, -13.9631402 ], [ -171.474298, -13.9630214 ], [ -171.474196299999988, -13.9629474 ], [ -171.47415, -13.9627825 ], [ -171.47417870000001, -13.9627075 ], [ -171.4741345, -13.9626668 ], [ -171.474099200000012, -13.9626219 ], [ -171.4740749, -13.9625362 ], [ -171.4739712, -13.9624826 ], [ -171.4738696, -13.9623584 ], [ -171.4739447, -13.9622963 ], [ -171.474066099999988, -13.9623969 ], [ -171.4741367, -13.9623948 ], [ -171.4742449, -13.9623177 ], [ -171.4743884, -13.9623263 ], [ -171.474514199999987, -13.9624205 ], [ -171.4746312, -13.9624398 ], [ -171.474763599999989, -13.9623413 ], [ -171.4749048, -13.9623134 ], [ -171.475028900000012, -13.962391 ], [ -171.4751609, -13.9623113 ], [ -171.4751675, -13.9622127 ], [ -171.4751697, -13.9621185 ], [ -171.4752724, -13.9621392 ], [ -171.475419100000011, -13.962005 ], [ -171.475443399999989, -13.9618914 ], [ -171.4753728, -13.9618679 ], [ -171.475386, -13.9617779 ], [ -171.475567, -13.9616258 ], [ -171.4757193, -13.9616601 ], [ -171.4758385, -13.9617565 ], [ -171.475986400000011, -13.9617479 ], [ -171.4760924, -13.9617458 ], [ -171.476227, -13.9617051 ], [ -171.476319600000011, -13.9617473 ], [ -171.476575700000012, -13.9617222 ], [ -171.4766033, -13.9618174 ], [ -171.476745099999988, -13.9618629 ], [ -171.476845, -13.9619107 ], [ -171.4769929, -13.9619107 ], [ -171.4771739, -13.9618657 ], [ -171.4773748, -13.9618657 ], [ -171.477482900000012, -13.9619471 ], [ -171.4776617, -13.9619343 ], [ -171.477869199999986, -13.9617693 ], [ -171.4780829, -13.9615875 ], [ -171.4782138, -13.9615458 ], [ -171.4783582, -13.9614999 ], [ -171.4784449, -13.9614193 ], [ -171.4785216, -13.9613478 ], [ -171.478765399999986, -13.9612192 ], [ -171.4789734, -13.9610957 ], [ -171.4792301, -13.961048 ], [ -171.479386799999986, -13.9610094 ], [ -171.4795126, -13.9609687 ], [ -171.4796936, -13.9608338 ], [ -171.4799408, -13.9606581 ], [ -171.4801417, -13.9604632 ], [ -171.4797466, -13.9604396 ], [ -171.4797603, -13.9603492 ], [ -171.479875, -13.9602419 ], [ -171.4800582, -13.9601005 ], [ -171.480161900000013, -13.9600191 ], [ -171.480320799999987, -13.9599592 ], [ -171.4803407, -13.9598606 ], [ -171.4803576, -13.9597311 ], [ -171.4805327, -13.9597085 ], [ -171.4807932, -13.9596657 ], [ -171.4809013, -13.9595822 ], [ -171.4809388, -13.9595393 ], [ -171.4809124, -13.9594344 ], [ -171.4808969, -13.9593123 ], [ -171.4808572, -13.9592116 ], [ -171.4808947, -13.9591345 ], [ -171.480888099999987, -13.9590316 ], [ -171.48088150000001, -13.9589267 ], [ -171.4809433, -13.9588924 ], [ -171.4809146, -13.9588324 ], [ -171.4808903, -13.9587703 ], [ -171.480943200000013, -13.9586638 ], [ -171.4810139, -13.9586118 ], [ -171.48101170000001, -13.958509 ], [ -171.4809587, -13.9583912 ], [ -171.4809587, -13.9582841 ], [ -171.480972, -13.9581448 ], [ -171.4810205, -13.958072 ], [ -171.4810735, -13.9580377 ], [ -171.4810735, -13.9579713 ], [ -171.4811066, -13.9579178 ], [ -171.481225, -13.9578325 ], [ -171.481250100000011, -13.9576886 ], [ -171.4812832, -13.957605 ], [ -171.4812964, -13.9575215 ], [ -171.481351600000011, -13.9574765 ], [ -171.4813847, -13.957393 ], [ -171.4813207, -13.9572837 ], [ -171.4812015, -13.9572195 ], [ -171.4811684, -13.9571038 ], [ -171.4812346, -13.9570995 ], [ -171.4812699, -13.9570288 ], [ -171.4812412, -13.9569281 ], [ -171.4811839, -13.9569024 ], [ -171.4810956, -13.9567932 ], [ -171.4810779, -13.9567139 ], [ -171.481126499999988, -13.9567161 ], [ -171.481130900000011, -13.9566261 ], [ -171.4810647, -13.9565083 ], [ -171.4809808, -13.9564976 ], [ -171.480888099999987, -13.9563476 ], [ -171.4809984, -13.9563155 ], [ -171.4809764, -13.9562512 ], [ -171.481036, -13.9561827 ], [ -171.481229, -13.9561833 ], [ -171.4812148, -13.9560263 ], [ -171.48101170000001, -13.9559449 ], [ -171.4809918, -13.9558528 ], [ -171.4809013, -13.9558742 ], [ -171.480808599999989, -13.9557693 ], [ -171.4808042, -13.9556429 ], [ -171.4808947, -13.9555636 ], [ -171.480866, -13.9553408 ], [ -171.4809146, -13.9552294 ], [ -171.4808726, -13.9552145 ], [ -171.4808572, -13.9550945 ], [ -171.4809344, -13.9549103 ], [ -171.4810669, -13.9547389 ], [ -171.481141900000011, -13.9546318 ], [ -171.481111, -13.9545268 ], [ -171.4811927, -13.9544647 ], [ -171.481409, -13.9544733 ], [ -171.4814973, -13.9544947 ], [ -171.4816717, -13.9544369 ], [ -171.4819454, -13.9543833 ], [ -171.482080200000013, -13.9544671 ], [ -171.4822866, -13.9544551 ], [ -171.482506, -13.9542805 ], [ -171.4826737, -13.9541627 ], [ -171.4828393, -13.954092 ], [ -171.483057800000012, -13.953942 ], [ -171.48313730000001, -13.9539335 ], [ -171.4833271, -13.953775 ], [ -171.483472799999987, -13.9537 ], [ -171.483607400000011, -13.9536914 ], [ -171.483682499999986, -13.9537728 ], [ -171.483678, -13.9538863 ], [ -171.483737600000012, -13.9539228 ], [ -171.483859, -13.9540898 ], [ -171.4839893, -13.9542976 ], [ -171.48408520000001, -13.9544684 ], [ -171.4841372, -13.9546382 ], [ -171.4841085, -13.9547796 ], [ -171.484117, -13.9549881 ], [ -171.484156899999988, -13.955165 ], [ -171.484205, -13.9553603 ], [ -171.4843866, -13.9555251 ], [ -171.484441800000013, -13.9555186 ], [ -171.484532300000012, -13.9555615 ], [ -171.4845918, -13.955675 ], [ -171.4847265, -13.9557757 ], [ -171.485009, -13.9558721 ], [ -171.485243, -13.9560734 ], [ -171.4854067, -13.9562347 ], [ -171.48562960000001, -13.9563911 ], [ -171.4858283, -13.9564854 ], [ -171.486014899999986, -13.9565609 ], [ -171.4862057, -13.9566717 ], [ -171.486358, -13.9566996 ], [ -171.4866361, -13.9567296 ], [ -171.4867973, -13.9566846 ], [ -171.4869319, -13.9565753 ], [ -171.4870378, -13.9564982 ], [ -171.487240899999989, -13.956419 ], [ -171.4874796, -13.9562784 ], [ -171.4875906, -13.9560578 ], [ -171.4877119, -13.9557402 ], [ -171.4878339, -13.9553091 ], [ -171.487872, -13.9550649 ], [ -171.4879066, -13.9548435 ], [ -171.4878534, -13.9546272 ], [ -171.4878578, -13.9544751 ], [ -171.4878357, -13.9543487 ], [ -171.4877739, -13.9541688 ], [ -171.4876724, -13.9539438 ], [ -171.4876304, -13.953886 ], [ -171.4875664, -13.9537189 ], [ -171.4875068, -13.953584 ], [ -171.4874538, -13.9534276 ], [ -171.48737, -13.9533376 ], [ -171.487396499999988, -13.9532733 ], [ -171.4873887, -13.9531932 ], [ -171.48737220000001, -13.9530613 ], [ -171.4873082, -13.9529842 ], [ -171.4872971, -13.9528471 ], [ -171.4873015, -13.9526736 ], [ -171.4872508, -13.9525493 ], [ -171.4872441, -13.9524272 ], [ -171.487211, -13.952273 ], [ -171.4872375, -13.952153 ], [ -171.4872088, -13.9520523 ], [ -171.487133199999988, -13.9519133 ], [ -171.4871095, -13.9517267 ], [ -171.487125, -13.9516046 ], [ -171.4870874, -13.9515318 ], [ -171.4870852, -13.951414 ], [ -171.487147, -13.9513304 ], [ -171.487248599999987, -13.9514461 ], [ -171.4872795, -13.9514204 ], [ -171.487367799999987, -13.9515104 ], [ -171.4875046, -13.9516753 ], [ -171.4876392, -13.9518895 ], [ -171.4877033, -13.9520073 ], [ -171.487888700000013, -13.9520073 ], [ -171.4880123, -13.9519881 ], [ -171.4880939, -13.9519517 ], [ -171.488149099999987, -13.9520181 ], [ -171.4880895, -13.9520952 ], [ -171.4880608, -13.9521552 ], [ -171.4881006, -13.9522044 ], [ -171.488087299999989, -13.9522987 ], [ -171.4880939, -13.9523651 ], [ -171.48818, -13.9523994 ], [ -171.4882771, -13.9523972 ], [ -171.4883103, -13.9522558 ], [ -171.4884007, -13.9522858 ], [ -171.4884405, -13.9523629 ], [ -171.488517699999989, -13.9523544 ], [ -171.488579499999986, -13.9523715 ], [ -171.488738500000011, -13.9524979 ], [ -171.4888135, -13.9526521 ], [ -171.488868700000012, -13.95268 ], [ -171.488908400000014, -13.9528106 ], [ -171.488976799999989, -13.9528385 ], [ -171.489074, -13.9528342 ], [ -171.4892241, -13.9529392 ], [ -171.4893477, -13.9530763 ], [ -171.4893808, -13.9532241 ], [ -171.489387599999986, -13.9533367 ], [ -171.489434, -13.9534276 ], [ -171.4893855, -13.953539 ], [ -171.489405299999987, -13.9535733 ], [ -171.4894804, -13.9535369 ], [ -171.4895488, -13.9536204 ], [ -171.4895488, -13.9537554 ], [ -171.4896901, -13.9539032 ], [ -171.4899571, -13.954036 ], [ -171.4902218, -13.9541362 ], [ -171.4905001, -13.9543916 ], [ -171.4908356, -13.9545672 ], [ -171.491122600000011, -13.9546893 ], [ -171.4913168, -13.9548457 ], [ -171.491418900000014, -13.9549977 ], [ -171.491865, -13.9551097 ], [ -171.491963700000014, -13.9550003 ], [ -171.49214520000001, -13.9545907 ], [ -171.4922445, -13.9542682 ], [ -171.4922575, -13.9540671 ], [ -171.4924258, -13.9537152 ], [ -171.492561, -13.9532597 ], [ -171.4927539, -13.9530952 ], [ -171.4930129, -13.9530868 ], [ -171.4931942, -13.9530952 ], [ -171.4934575, -13.9530281 ], [ -171.4935482, -13.952869 ], [ -171.4936812, -13.952629 ], [ -171.4938478, -13.9522912 ], [ -171.4939991, -13.952329 ], [ -171.4941761, -13.9524588 ], [ -171.4942948, -13.9526117 ], [ -171.494366, -13.952662 ], [ -171.494506300000012, -13.952662 ], [ -171.494633599999986, -13.9526892 ], [ -171.4947286, -13.9527521 ], [ -171.4946993, -13.9529266 ], [ -171.494769600000012, -13.9529469 ], [ -171.4948085, -13.9527605 ], [ -171.4949466, -13.9527458 ], [ -171.49506310000001, -13.9528065 ], [ -171.4951279, -13.9527647 ], [ -171.4950934, -13.9526243 ], [ -171.4949962, -13.9524944 ], [ -171.495048, -13.9524463 ], [ -171.495024300000011, -13.9522117 ], [ -171.4949703, -13.951998 ], [ -171.4949746, -13.9518304 ], [ -171.494914200000011, -13.9517362 ], [ -171.4949423, -13.9516398 ], [ -171.4949746, -13.9515351 ], [ -171.495028600000012, -13.9513298 ], [ -171.4950739, -13.9512754 ], [ -171.4951509, -13.9510048 ], [ -171.4950681, -13.9508731 ], [ -171.4951609, -13.9507893 ], [ -171.495176, -13.9505861 ], [ -171.495303299999989, -13.9506092 ], [ -171.4952882, -13.9507516 ], [ -171.495435, -13.9507412 ], [ -171.495549399999987, -13.9506636 ], [ -171.495663799999988, -13.9505799 ], [ -171.495842900000014, -13.9506008 ], [ -171.496019, -13.9506612 ], [ -171.4961515, -13.9505589 ], [ -171.4963005, -13.9504856 ], [ -171.4964517, -13.9504511 ], [ -171.4966566, -13.9502992 ], [ -171.4967753, -13.9502028 ], [ -171.4969242, -13.949941 ], [ -171.497019200000011, -13.9497483 ], [ -171.497112, -13.9497881 ], [ -171.497107699999987, -13.9499221 ], [ -171.497142200000013, -13.9499661 ], [ -171.497289, -13.9501337 ], [ -171.4974832, -13.9502049 ], [ -171.4977336, -13.9502447 ], [ -171.4978868, -13.9502154 ], [ -171.4979559, -13.9504165 ], [ -171.4979947, -13.9505359 ], [ -171.4980811, -13.9506176 ], [ -171.4982019, -13.9507286 ], [ -171.498219799999987, -13.9508517 ], [ -171.498152299999987, -13.9510176 ], [ -171.498165300000011, -13.9511391 ], [ -171.4982257, -13.9512166 ], [ -171.4982429, -13.951357 ], [ -171.4982669, -13.9514174 ], [ -171.4986336, -13.9515518 ], [ -171.498984900000011, -13.9515125 ], [ -171.499255, -13.9514394 ], [ -171.4994987, -13.951393 ], [ -171.4995982, -13.9514266 ], [ -171.4996779, -13.9515061 ], [ -171.499855, -13.9515318 ], [ -171.4999612, -13.9515275 ], [ -171.4999856, -13.9514051 ], [ -171.5000365, -13.951375 ], [ -171.5001162, -13.9513922 ], [ -171.5002092, -13.9514695 ], [ -171.5003442, -13.9514094 ], [ -171.5004084, -13.9513406 ], [ -171.5003797, -13.9512203 ], [ -171.5004439, -13.951072 ], [ -171.5005634, -13.9509882 ], [ -171.5007405, -13.9509431 ], [ -171.500831299999987, -13.9509023 ], [ -171.5009996, -13.9509797 ], [ -171.501072599999986, -13.9510441 ], [ -171.5011399, -13.9511915 ], [ -171.5012245, -13.9512237 ], [ -171.501373699999988, -13.9511859 ], [ -171.5015641, -13.9511988 ], [ -171.501657099999989, -13.951274 ], [ -171.5016704, -13.951375 ], [ -171.5018187, -13.9514201 ], [ -171.501902800000011, -13.9514867 ], [ -171.5022131, -13.9516638 ], [ -171.502496400000012, -13.9516988 ], [ -171.503188099999988, -13.9516589 ], [ -171.503655400000014, -13.9516492 ], [ -171.5041597, -13.9516653 ], [ -171.5048665, -13.9517577 ], [ -171.5049242, -13.951764187455 ], [ -171.5059498, -13.9518795 ], [ -171.5060608, -13.9518466 ], [ -171.5063203, -13.9518309 ], [ -171.5064061, -13.9518392 ], [ -171.5064758, -13.9518459 ], [ -171.5071423, -13.9517315 ], [ -171.5076537, -13.9515918 ], [ -171.508047800000014, -13.9515037 ], [ -171.5083201, -13.9515059 ], [ -171.5085348, -13.9515273 ], [ -171.5086787, -13.9515467 ], [ -171.508776399999988, -13.9515172 ], [ -171.5089068, -13.9514779 ], [ -171.509214500000013, -13.9512845 ], [ -171.5092411, -13.9512222 ], [ -171.509309699999989, -13.9511922 ], [ -171.5094049, -13.9512093 ], [ -171.5094335, -13.9512164 ], [ -171.5095709, -13.9512502 ], [ -171.5097835, -13.9512738 ], [ -171.510058, -13.951291 ], [ -171.5101076, -13.951304 ], [ -171.5102705, -13.9513469 ], [ -171.5104188, -13.9514586 ], [ -171.5105346, -13.9515665 ], [ -171.5105893, -13.9516176 ], [ -171.5110101, -13.9517017 ], [ -171.511339, -13.9517191 ], [ -171.5117533, -13.9518214 ], [ -171.5120814, -13.951754 ], [ -171.5123329, -13.951754 ], [ -171.512603500000012, -13.9518377 ], [ -171.5128837, -13.9518539 ], [ -171.513274, -13.9517958 ], [ -171.513439299999987, -13.9516192 ], [ -171.513659600000011, -13.9517052 ], [ -171.5148259, -13.9514054 ], [ -171.5152857, -13.9512287 ], [ -171.51601, -13.9509176 ], [ -171.5161256, -13.9508292 ], [ -171.5162101, -13.9507183 ], [ -171.516369, -13.9505266 ], [ -171.5164301, -13.9504002 ], [ -171.516526199999987, -13.9502015 ], [ -171.516554899999988, -13.9499667 ], [ -171.5165433, -13.9497578 ], [ -171.516538200000014, -13.9496669 ], [ -171.516487899999987, -13.9494972 ], [ -171.516365799999988, -13.9493229 ], [ -171.516337, -13.9491742 ], [ -171.5164184, -13.9490812 ], [ -171.516411299999987, -13.9489859 ], [ -171.5162038, -13.9484864 ], [ -171.5159586, -13.948026 ], [ -171.5157575, -13.9477215 ], [ -171.5155849, -13.9474229 ], [ -171.515403, -13.9472032 ], [ -171.5153791, -13.9468151 ], [ -171.5152689, -13.946241 ], [ -171.515145100000012, -13.945661 ], [ -171.5149408, -13.9451835 ], [ -171.5146942, -13.9450905 ], [ -171.5143373, -13.9449069 ], [ -171.5138967, -13.9446303 ], [ -171.5133609, -13.944033 ], [ -171.5130575, -13.9437214 ], [ -171.5126498, -13.9434173 ], [ -171.5123735, -13.9432301 ], [ -171.5121542, -13.9431319 ], [ -171.512042900000012, -13.943082 ], [ -171.5118611, -13.9430196 ], [ -171.511616800000013, -13.9428616 ], [ -171.5114228, -13.9427918 ], [ -171.5112672, -13.9427709 ], [ -171.5111618, -13.9427988 ], [ -171.5110852, -13.9427918 ], [ -171.5109319, -13.9427337 ], [ -171.5109104, -13.9427895 ], [ -171.5110253, -13.9428313 ], [ -171.5109415, -13.9428778 ], [ -171.5108505, -13.9428894 ], [ -171.5107491, -13.9428358 ], [ -171.510649300000011, -13.942721 ], [ -171.510414700000013, -13.9426582 ], [ -171.5101704, -13.942628 ], [ -171.5100698, -13.9426001 ], [ -171.5099285, -13.9426396 ], [ -171.5097513, -13.9425304 ], [ -171.50960520000001, -13.9424723 ], [ -171.509432800000013, -13.9424932 ], [ -171.509351400000014, -13.9424467 ], [ -171.5092436, -13.9424699 ], [ -171.5090257, -13.9424397 ], [ -171.5088436, -13.9424351 ], [ -171.508676, -13.9424537 ], [ -171.508491600000013, -13.9425571 ], [ -171.508393399999989, -13.9426082 ], [ -171.5083431, -13.9427872 ], [ -171.5082497, -13.9428499 ], [ -171.5081252, -13.9428639 ], [ -171.5080126, -13.942929 ], [ -171.507948, -13.9429359 ], [ -171.5079384, -13.9430219 ], [ -171.5078593, -13.9429801 ], [ -171.5077444, -13.9429266 ], [ -171.50772280000001, -13.9427849 ], [ -171.507631800000013, -13.9427639 ], [ -171.5077133, -13.9427012 ], [ -171.50772520000001, -13.9425989 ], [ -171.507674900000012, -13.9425455 ], [ -171.507641400000011, -13.9423735 ], [ -171.50764860000001, -13.9422061 ], [ -171.507766, -13.9421643 ], [ -171.5078761, -13.9421852 ], [ -171.5079695, -13.9421666 ], [ -171.5080006, -13.9421131 ], [ -171.5077755, -13.9419388 ], [ -171.5078282, -13.9418273 ], [ -171.5078019, -13.9416924 ], [ -171.5078546, -13.9416646 ], [ -171.5079432, -13.9416739 ], [ -171.5079863, -13.9416274 ], [ -171.507821, -13.9415088 ], [ -171.5078977, -13.9413705 ], [ -171.5079719, -13.9412136 ], [ -171.5079671, -13.9410974 ], [ -171.5078833, -13.9410812 ], [ -171.5078378, -13.9410091 ], [ -171.5077779, -13.9409115 ], [ -171.507821, -13.9407581 ], [ -171.5079336, -13.9407465 ], [ -171.5081132, -13.9407581 ], [ -171.5082186, -13.940779 ], [ -171.5083287, -13.940951 ], [ -171.508460500000012, -13.9408755 ], [ -171.508656800000011, -13.9408046 ], [ -171.508767, -13.9409754 ], [ -171.5088628, -13.9410045 ], [ -171.5088987, -13.940951 ], [ -171.5088245, -13.9408208 ], [ -171.5088341, -13.9407407 ], [ -171.5090017, -13.9406942 ], [ -171.5090712, -13.9407895 ], [ -171.5091909, -13.9408453 ], [ -171.5092771, -13.94075 ], [ -171.509449499999988, -13.9407174 ], [ -171.50964110000001, -13.9407151 ], [ -171.5098087, -13.9407441 ], [ -171.509974, -13.9407476 ], [ -171.5100961, -13.9408801 ], [ -171.5101392, -13.9409847 ], [ -171.510309299999989, -13.9411009 ], [ -171.5105053, -13.9412427 ], [ -171.5107092, -13.9413659 ], [ -171.5109247, -13.9413891 ], [ -171.5110277, -13.9413427 ], [ -171.5111594, -13.9413241 ], [ -171.5111547, -13.9411962 ], [ -171.5111858, -13.941094 ], [ -171.5112528, -13.9410126 ], [ -171.511377399999986, -13.9410777 ], [ -171.511358199999989, -13.9411846 ], [ -171.5113055, -13.9412729 ], [ -171.511322299999989, -13.9413705 ], [ -171.5112959, -13.9414403 ], [ -171.51152350000001, -13.9415286 ], [ -171.5116456, -13.9415309 ], [ -171.5117629, -13.9415309 ], [ -171.5120767, -13.9415635 ], [ -171.512445500000013, -13.9416076 ], [ -171.51257, -13.941596 ], [ -171.512546, -13.941524 ], [ -171.512589100000014, -13.9414961 ], [ -171.512681500000014, -13.9415018 ], [ -171.512712, -13.9415577 ], [ -171.5128339, -13.9415413 ], [ -171.5128305, -13.9414624 ], [ -171.512908399999986, -13.9414723 ], [ -171.5131252, -13.9414887 ], [ -171.5132556, -13.9413656 ], [ -171.5134701, -13.9413157 ], [ -171.513623, -13.9413539 ], [ -171.5138432, -13.9413013 ], [ -171.5140915, -13.9411116 ], [ -171.5141683, -13.940874 ], [ -171.5141006, -13.9407064 ], [ -171.5139312, -13.9404697 ], [ -171.513889299999988, -13.9402409 ], [ -171.513772, -13.9401246 ], [ -171.513765299999989, -13.9399405 ], [ -171.5138093, -13.9398583 ], [ -171.5137483, -13.9397236 ], [ -171.5138364, -13.9396151 ], [ -171.513894, -13.9395592 ], [ -171.513877, -13.9394573 ], [ -171.5140599, -13.9392929 ], [ -171.514229300000011, -13.9391943 ], [ -171.514283400000011, -13.9391122 ], [ -171.5144213, -13.9389562 ], [ -171.5146689, -13.9388618 ], [ -171.514839099999989, -13.9388167 ], [ -171.515008200000011, -13.9388512 ], [ -171.5150367, -13.938898 ], [ -171.515411, -13.9389107 ], [ -171.5156694, -13.9389957 ], [ -171.5157285, -13.9390319 ], [ -171.515818200000012, -13.939017 ], [ -171.5158949, -13.9391041 ], [ -171.5160941, -13.9391317 ], [ -171.5163459, -13.939136 ], [ -171.516536300000013, -13.9391721 ], [ -171.5166567, -13.9392953 ], [ -171.516763700000013, -13.9393919 ], [ -171.51689540000001, -13.9393952 ], [ -171.5169808, -13.9394101 ], [ -171.5170202, -13.9395354 ], [ -171.5170946, -13.9394674 ], [ -171.517254400000013, -13.9393888 ], [ -171.5173551, -13.9394823 ], [ -171.517418600000013, -13.9395609 ], [ -171.5174974, -13.9396289 ], [ -171.5175128, -13.9397161 ], [ -171.5175894, -13.9397224 ], [ -171.5176266, -13.9397203 ], [ -171.517666, -13.9396587 ], [ -171.5178587, -13.9397947 ], [ -171.5179594, -13.9398775 ], [ -171.518082, -13.9399222 ], [ -171.5181958, -13.9399965 ], [ -171.518213300000014, -13.9401389 ], [ -171.5182768, -13.9402133 ], [ -171.5183907, -13.9402175 ], [ -171.518500100000011, -13.940243 ], [ -171.5186184, -13.9402218 ], [ -171.5187191, -13.9402175 ], [ -171.518907399999989, -13.9402281 ], [ -171.519034299999987, -13.9402791 ], [ -171.519227, -13.9403471 ], [ -171.5193649, -13.9404512 ], [ -171.5195247, -13.9403556 ], [ -171.5196123, -13.9402706 ], [ -171.5197174, -13.9402728 ], [ -171.5199188, -13.9402026 ], [ -171.5201969, -13.9400624 ], [ -171.5203041, -13.9399455 ], [ -171.5202582, -13.9398775 ], [ -171.5203501, -13.9397947 ], [ -171.5204333, -13.939801 ], [ -171.520485799999989, -13.9396969 ], [ -171.520562500000011, -13.9396034 ], [ -171.5207048, -13.9394419 ], [ -171.5207705, -13.9393017 ], [ -171.5209566, -13.939034 ], [ -171.5209653, -13.9389724 ], [ -171.5208931, -13.9389235 ], [ -171.520818600000013, -13.9389447 ], [ -171.5207464, -13.9389809 ], [ -171.520707, -13.938949 ], [ -171.5207551, -13.9388959 ], [ -171.5207852, -13.9388504 ], [ -171.5208077, -13.9387854 ], [ -171.520890900000012, -13.9387408 ], [ -171.5209084, -13.9386898 ], [ -171.520974099999989, -13.9386345 ], [ -171.5209544, -13.938524 ], [ -171.5210222, -13.93849 ], [ -171.521077, -13.9385176 ], [ -171.5210813, -13.9384454 ], [ -171.5211558, -13.9383689 ], [ -171.5212368, -13.9383115 ], [ -171.5212127, -13.9382202 ], [ -171.5212477, -13.9381947 ], [ -171.5213003, -13.9381925 ], [ -171.5213857, -13.9381373 ], [ -171.5214426, -13.9381543 ], [ -171.5214667, -13.9381437 ], [ -171.5215345, -13.9380502 ], [ -171.5215761, -13.9380523 ], [ -171.5215958, -13.9381075 ], [ -171.5217075, -13.9380927 ], [ -171.5218126, -13.9380438 ], [ -171.521834500000011, -13.9379673 ], [ -171.5217338, -13.9378759 ], [ -171.521806, -13.9377187 ], [ -171.521870799999988, -13.9376028 ], [ -171.522003, -13.9374956 ], [ -171.521983299999988, -13.9374531 ], [ -171.5220052, -13.9374127 ], [ -171.5220468, -13.9373915 ], [ -171.5220884, -13.9373235 ], [ -171.52213, -13.9372385 ], [ -171.5221497, -13.9371684 ], [ -171.522143199999988, -13.9370834 ], [ -171.5222417, -13.9370239 ], [ -171.5222942, -13.9369665 ], [ -171.5223599, -13.9369049 ], [ -171.522392700000012, -13.9368369 ], [ -171.5223643, -13.936771 ], [ -171.522327100000012, -13.9367264 ], [ -171.5224206, -13.9367601 ], [ -171.522475899999989, -13.9367476 ], [ -171.5225766, -13.9367901 ], [ -171.5225788, -13.9367264 ], [ -171.5226007, -13.9366818 ], [ -171.5226379, -13.9366881 ], [ -171.522662, -13.9366308 ], [ -171.5226883, -13.9366095 ], [ -171.5227985, -13.9365581 ], [ -171.522854700000011, -13.936499 ], [ -171.5230123, -13.9364438 ], [ -171.5231262, -13.9363609 ], [ -171.5232378, -13.9363524 ], [ -171.523259700000011, -13.9362483 ], [ -171.523332, -13.9362334 ], [ -171.5234099, -13.9361994 ], [ -171.523564, -13.9360932 ], [ -171.523732599999988, -13.9359402 ], [ -171.52379830000001, -13.9358552 ], [ -171.5238267, -13.9357936 ], [ -171.5238618, -13.9356725 ], [ -171.52411570000001, -13.9352177 ], [ -171.52436320000001, -13.9348353 ], [ -171.5244485, -13.9345059 ], [ -171.5244726, -13.934253 ], [ -171.5244901, -13.9339513 ], [ -171.5245448, -13.9338174 ], [ -171.5246171, -13.9333967 ], [ -171.5245558, -13.9333223 ], [ -171.5244332, -13.9332798 ], [ -171.524385, -13.9331885 ], [ -171.524301799999989, -13.9331672 ], [ -171.5242077, -13.9331354 ], [ -171.524157300000013, -13.9330546 ], [ -171.5240916, -13.9329654 ], [ -171.5239086, -13.9328789 ], [ -171.523828900000012, -13.9327996 ], [ -171.5237917, -13.9325871 ], [ -171.5238267, -13.9325701 ], [ -171.523818, -13.9324809 ], [ -171.523772, -13.9324724 ], [ -171.523752300000012, -13.9323959 ], [ -171.5237107, -13.9323215 ], [ -171.5237107, -13.9322301 ], [ -171.5237567, -13.9321579 ], [ -171.5237589, -13.9320389 ], [ -171.523828900000012, -13.9320092 ], [ -171.5238333, -13.9318838 ], [ -171.5238355, -13.9317903 ], [ -171.523772, -13.9317053 ], [ -171.5236888, -13.9316649 ], [ -171.523575, -13.9315162 ], [ -171.523572800000011, -13.9314503 ], [ -171.523557399999987, -13.9313419 ], [ -171.523483, -13.9312527 ], [ -171.5234173, -13.9311571 ], [ -171.5233757, -13.9310593 ], [ -171.5233638, -13.9309864 ], [ -171.523437, -13.9309934 ], [ -171.523423900000012, -13.9309552 ], [ -171.5233757, -13.9309255 ], [ -171.5233954, -13.9309 ], [ -171.523439200000013, -13.9308766 ], [ -171.5233845, -13.9308575 ], [ -171.5233057, -13.9308468 ], [ -171.5232685, -13.9308043 ], [ -171.5233188, -13.9307661 ], [ -171.523255299999988, -13.9307151 ], [ -171.5231743, -13.9306747 ], [ -171.5230977, -13.9306258 ], [ -171.5230254, -13.9305642 ], [ -171.5230276, -13.9304686 ], [ -171.5230539, -13.9304218 ], [ -171.5229904, -13.9304091 ], [ -171.522942300000011, -13.9303241 ], [ -171.5228875, -13.9302752 ], [ -171.5228744, -13.9301966 ], [ -171.522896300000014, -13.930118 ], [ -171.5228108, -13.9298263 ], [ -171.5228974, -13.929731 ], [ -171.522978, -13.9296701 ], [ -171.5230832, -13.9296223 ], [ -171.5232355, -13.9295593 ], [ -171.523372, -13.9294398 ], [ -171.523273499999988, -13.9294137 ], [ -171.5233474, -13.9293311 ], [ -171.523376500000012, -13.9292746 ], [ -171.523313800000011, -13.9292268 ], [ -171.5233452, -13.9291703 ], [ -171.523300400000011, -13.9291203 ], [ -171.5233452, -13.9290725 ], [ -171.5234661, -13.9290225 ], [ -171.523571299999986, -13.9290291 ], [ -171.5237057, -13.9290269 ], [ -171.523772799999989, -13.928966 ], [ -171.523752699999989, -13.9289356 ], [ -171.523625, -13.928903 ], [ -171.5234997, -13.9288661 ], [ -171.5235825, -13.9287053 ], [ -171.523584699999986, -13.9286509 ], [ -171.5236586, -13.9286553 ], [ -171.523710099999988, -13.9286336 ], [ -171.523799700000012, -13.9286705 ], [ -171.523813100000012, -13.9287227 ], [ -171.5239765, -13.9288246 ], [ -171.524085500000012, -13.9287342 ], [ -171.5241542, -13.928712 ], [ -171.5242984, -13.9286587 ], [ -171.524211400000013, -13.9285764 ], [ -171.5242091, -13.9285253 ], [ -171.5242824, -13.9285276 ], [ -171.5243648, -13.928492 ], [ -171.5244564, -13.9284453 ], [ -171.5245801, -13.9283253 ], [ -171.5245892, -13.9282253 ], [ -171.5247793, -13.9283409 ], [ -171.5248983, -13.928412 ], [ -171.525024300000013, -13.9284609 ], [ -171.5251136, -13.9284142 ], [ -171.5253357, -13.9283698 ], [ -171.525521199999986, -13.928372 ], [ -171.5256654, -13.9284187 ], [ -171.525828, -13.9285387 ], [ -171.5258854, -13.9286435 ], [ -171.526023400000014, -13.9287734 ], [ -171.5261472, -13.9288303 ], [ -171.526222100000012, -13.9288303 ], [ -171.5263392, -13.9287826 ], [ -171.526547599999986, -13.9287644 ], [ -171.5266436, -13.9287803 ], [ -171.5268333, -13.9287371 ], [ -171.5269528, -13.9286871 ], [ -171.527086200000014, -13.9285825 ], [ -171.527240799999987, -13.928528 ], [ -171.5273719, -13.9286098 ], [ -171.527585, -13.928703 ], [ -171.5277393, -13.928746 ], [ -171.5278473, -13.9288417 ], [ -171.5277934, -13.9289121 ], [ -171.527624800000012, -13.9290008 ], [ -171.5275522, -13.9291735 ], [ -171.5275757, -13.9294417 ], [ -171.5276365, -13.9295508 ], [ -171.5276809, -13.9295973 ], [ -171.5279363, -13.9297758 ], [ -171.5282789, -13.9299303 ], [ -171.528406, -13.9299958 ], [ -171.528421, -13.9301531 ], [ -171.5284234, -13.9302531 ], [ -171.5284327, -13.9303009 ], [ -171.5284983, -13.9304077 ], [ -171.5285194, -13.9305713 ], [ -171.5285522, -13.9307372 ], [ -171.5286271, -13.9308418 ], [ -171.528851800000012, -13.9309423 ], [ -171.5293622, -13.9310919 ], [ -171.5296352, -13.9311988 ], [ -171.529755, -13.9312871 ], [ -171.529846, -13.9312267 ], [ -171.5299489, -13.931229 ], [ -171.5300442, -13.931299 ], [ -171.530095, -13.9313964 ], [ -171.5300495, -13.9314987 ], [ -171.530119, -13.9315777 ], [ -171.53021480000001, -13.9316637 ], [ -171.530250700000011, -13.9318008 ], [ -171.530236300000013, -13.9319573 ], [ -171.530221899999987, -13.932182 ], [ -171.5302136, -13.9323723 ], [ -171.5303142, -13.9324754 ], [ -171.5305653, -13.9325927 ], [ -171.530816, -13.9328058 ], [ -171.5310414, -13.932936 ], [ -171.5313524, -13.9331491 ], [ -171.5315603, -13.9333698 ], [ -171.531776, -13.9335056 ], [ -171.5321161, -13.9337867 ], [ -171.5323608, -13.9339154 ], [ -171.5325944, -13.9339635 ], [ -171.53291870000001, -13.9341368 ], [ -171.5331414, -13.9342542 ], [ -171.5332843, -13.9343636 ], [ -171.533408, -13.9343689 ], [ -171.53392740000001, -13.9343022 ], [ -171.5342875, -13.9342489 ], [ -171.5343136, -13.9342916 ], [ -171.534389800000014, -13.9342547 ], [ -171.534398, -13.934208 ], [ -171.5344485, -13.9341567 ], [ -171.534433, -13.934085 ], [ -171.5344991, -13.9340284 ], [ -171.534561200000013, -13.9340662 ], [ -171.534586499999989, -13.9341548 ], [ -171.534604, -13.9342491 ], [ -171.534661199999988, -13.9344036 ], [ -171.5346915, -13.9345663 ], [ -171.5345403, -13.9346463 ], [ -171.5344331, -13.9347797 ], [ -171.5343294, -13.9348599 ], [ -171.534460599999989, -13.9351639 ], [ -171.534609, -13.9353933 ], [ -171.5348564, -13.935652 ], [ -171.53507350000001, -13.9357107 ], [ -171.535178, -13.9358521 ], [ -171.5352192, -13.9359454 ], [ -171.535617699999989, -13.9362229 ], [ -171.535953, -13.9363669 ], [ -171.5364486, -13.9366314 ], [ -171.5367795, -13.9366581 ], [ -171.5368956, -13.9367807 ], [ -171.5372226, -13.9370422 ], [ -171.5379183, -13.9375097 ], [ -171.5385655, -13.9378586 ], [ -171.539173799999986, -13.9381736 ], [ -171.539337, -13.9381868 ], [ -171.5395081, -13.9382529 ], [ -171.539760699999988, -13.9382849 ], [ -171.5398482, -13.9383208 ], [ -171.539958899999988, -13.9382925 ], [ -171.5400503, -13.9382925 ], [ -171.5401239, -13.9383664 ], [ -171.5401358, -13.9384867 ], [ -171.53999970000001, -13.9386716 ], [ -171.5398987, -13.9387338 ], [ -171.539758799999987, -13.9387584 ], [ -171.539667400000013, -13.9389168 ], [ -171.5396227, -13.9391054 ], [ -171.5396169, -13.9392431 ], [ -171.539465299999989, -13.9392922 ], [ -171.539407, -13.9394563 ], [ -171.5393001, -13.9395883 ], [ -171.5391952, -13.9397354 ], [ -171.5391543, -13.9397826 ], [ -171.53917770000001, -13.9399259 ], [ -171.539136899999988, -13.9400542 ], [ -171.53914850000001, -13.9401768 ], [ -171.5392146, -13.940273 ], [ -171.5393573, -13.9404261 ], [ -171.5395236, -13.9405389 ], [ -171.539570200000014, -13.9406295 ], [ -171.539613, -13.9406257 ], [ -171.5397743, -13.9406144 ], [ -171.540058, -13.9407257 ], [ -171.5401066, -13.9406653 ], [ -171.5401688, -13.9406615 ], [ -171.540510899999987, -13.9408483 ], [ -171.540422, -13.9409751 ], [ -171.5407764, -13.9411539 ], [ -171.541079599999989, -13.9413519 ], [ -171.541149600000011, -13.9414368 ], [ -171.5411712, -13.9414476 ], [ -171.5411999, -13.941462 ], [ -171.5412259, -13.9414046 ], [ -171.5414508, -13.9414085 ], [ -171.541730699999988, -13.941401 ], [ -171.5419449, -13.9414571 ], [ -171.5421116, -13.9414481 ], [ -171.542195099999986, -13.941367 ], [ -171.5423467, -13.9414161 ], [ -171.5424789, -13.9414349 ], [ -171.5426713, -13.9415047 ], [ -171.5428054, -13.9415877 ], [ -171.54307750000001, -13.941699 ], [ -171.5433554, -13.9417791 ], [ -171.5436411, -13.9418621 ], [ -171.543783, -13.9418602 ], [ -171.5439194, -13.9419264 ], [ -171.5439326, -13.9419412 ], [ -171.5440137, -13.9418038 ], [ -171.5442927, -13.9419425 ], [ -171.544306400000011, -13.9421332 ], [ -171.544350400000013, -13.9422759 ], [ -171.5444273, -13.942492 ], [ -171.544564799999989, -13.9426401 ], [ -171.544772200000011, -13.9427745 ], [ -171.5447462, -13.9428308 ], [ -171.5448547, -13.9429828 ], [ -171.5450677, -13.9430575 ], [ -171.545453900000012, -13.9431802 ], [ -171.54550930000002, -13.943196598160176 ], [ -171.545709300000027, -13.943255797294377 ], [ -171.545823500000012, -13.9432896 ], [ -171.5459486, -13.9434624 ], [ -171.5462442, -13.9435895 ], [ -171.5466601, -13.9436857 ], [ -171.546725900000013, -13.9436375 ], [ -171.54693420000001, -13.9436386 ], [ -171.547249, -13.9435688 ], [ -171.5474697, -13.9435569 ], [ -171.547671799999989, -13.9435702 ], [ -171.5478506, -13.9434815 ], [ -171.5479283, -13.9434626 ], [ -171.5479789, -13.9434777 ], [ -171.548072100000013, -13.943457 ], [ -171.5481829, -13.9433495 ], [ -171.5483209, -13.9433155 ], [ -171.5484122, -13.9433193 ], [ -171.5484569, -13.9433457 ], [ -171.548663, -13.9432985 ], [ -171.5487588, -13.943273 ], [ -171.5489274, -13.9431917 ], [ -171.5490183, -13.9431459 ], [ -171.549115, -13.9427975 ], [ -171.549252599999988, -13.9425074 ], [ -171.5494311, -13.9423446 ], [ -171.5495975, -13.9422728 ], [ -171.549917, -13.9421777 ], [ -171.5500739, -13.9421923 ], [ -171.5503685, -13.9421881 ], [ -171.5506222, -13.9421193 ], [ -171.5508135, -13.9420243 ], [ -171.55100920000001, -13.9418877 ], [ -171.5511747, -13.9417666 ], [ -171.5513231, -13.9417312 ], [ -171.5515532, -13.9417687 ], [ -171.5517123, -13.941848 ], [ -171.5517918, -13.941896 ], [ -171.5517918, -13.9419878 ], [ -171.5520262, -13.9420087 ], [ -171.5523014, -13.9420337 ], [ -171.5525228, -13.9419607 ], [ -171.552834600000011, -13.9420275 ], [ -171.552978599999989, -13.942088 ], [ -171.553206100000011, -13.9421524 ], [ -171.5533828, -13.9422695 ], [ -171.5534903, -13.9423342 ], [ -171.553447299999988, -13.9423822 ], [ -171.5534774, -13.9425158 ], [ -171.5534989, -13.9425721 ], [ -171.553548400000011, -13.942643 ], [ -171.5535127, -13.9427554 ], [ -171.5536, -13.9428141 ], [ -171.5536021, -13.9429039 ], [ -171.5538494, -13.9429665 ], [ -171.5542729, -13.9430458 ], [ -171.554745700000012, -13.9429364 ], [ -171.5548645, -13.942874 ], [ -171.5549521, -13.9428279 ], [ -171.55511340000001, -13.9426881 ], [ -171.5551929, -13.9426547 ], [ -171.5553112, -13.9427152 ], [ -171.5554617, -13.9428884 ], [ -171.5556552, -13.9428529 ], [ -171.5562228, -13.9427924 ], [ -171.5563153, -13.942711 ], [ -171.5564464, -13.9426568 ], [ -171.5565991, -13.9426714 ], [ -171.556736699999988, -13.9426067 ], [ -171.5569194, -13.9426359 ], [ -171.5569452, -13.9427069 ], [ -171.557323599999989, -13.9427778 ], [ -171.557472, -13.9427924 ], [ -171.557616, -13.9428341 ], [ -171.5580697, -13.9429802 ], [ -171.5584309, -13.9430261 ], [ -171.5588373, -13.9430512 ], [ -171.559101700000014, -13.9430616 ], [ -171.5593318, -13.9430449 ], [ -171.5595339, -13.9430741 ], [ -171.559705900000012, -13.9431618 ], [ -171.5600133, -13.9432348 ], [ -171.560465099999988, -13.9432253 ], [ -171.5605272, -13.943191 ], [ -171.5605358, -13.9431305 ], [ -171.5606067, -13.9428634 ], [ -171.560660500000012, -13.9427569 ], [ -171.560757200000012, -13.9427548 ], [ -171.5608126, -13.9428668 ], [ -171.560989400000011, -13.9430741 ], [ -171.561127, -13.9432327 ], [ -171.5614646, -13.9431784 ], [ -171.5616968, -13.9431242 ], [ -171.5618752, -13.9430345 ], [ -171.5621504, -13.9430385 ], [ -171.562236500000012, -13.9430929 ], [ -171.5623268, -13.943095 ], [ -171.5623936, -13.9431517 ], [ -171.5625527, -13.9431691 ], [ -171.562559, -13.9432661 ], [ -171.5626, -13.943273077670492 ], [ -171.5627247, -13.9432943 ], [ -171.5631402, -13.9433544 ], [ -171.563350899999989, -13.9433233 ], [ -171.5635378, -13.9432789 ], [ -171.5638485, -13.9431954 ], [ -171.5644546, -13.9432489 ], [ -171.5647721, -13.9431785 ], [ -171.564992100000012, -13.9431313 ], [ -171.5652068, -13.9430966 ], [ -171.5654682, -13.943111 ], [ -171.565654099999989, -13.9430165 ], [ -171.5657645, -13.9429084 ], [ -171.565899699999989, -13.9428737 ], [ -171.5660121, -13.942854 ], [ -171.566154899999987, -13.94288 ], [ -171.566251599999987, -13.9429682 ], [ -171.5665875, -13.943139 ], [ -171.56680320000001, -13.9432693 ], [ -171.566916600000013, -13.9434091 ], [ -171.567138199999988, -13.9434506 ], [ -171.567270400000012, -13.9434603 ], [ -171.5673708, -13.9435085 ], [ -171.5674583, -13.9435124 ], [ -171.5680964, -13.9432771 ], [ -171.568441400000012, -13.9431284 ], [ -171.5687565, -13.9429731 ], [ -171.5689422, -13.9428091 ], [ -171.569102500000014, -13.9426701 ], [ -171.56926150000001, -13.942564 ], [ -171.5693281, -13.9424888 ], [ -171.5693281, -13.9424174 ], [ -171.5693487, -13.9423508 ], [ -171.5694205, -13.9423315 ], [ -171.5694722, -13.942374 ], [ -171.5695537, -13.9424097 ], [ -171.569703800000013, -13.9423682 ], [ -171.569781400000011, -13.9423836 ], [ -171.569841, -13.942427 ], [ -171.5699146, -13.9424415 ], [ -171.57001, -13.9424695 ], [ -171.5700736, -13.9425312 ], [ -171.570089200000012, -13.9425239 ], [ -171.5701104, -13.9425139 ], [ -171.57009450000001, -13.9424878 ], [ -171.57001, -13.9424039 ], [ -171.5698868, -13.9423248 ], [ -171.56977040000001, -13.9422707 ], [ -171.569741599999986, -13.9422157 ], [ -171.5697834, -13.9420913 ], [ -171.5698231, -13.9419813 ], [ -171.5699524, -13.941907 ], [ -171.570037899999988, -13.9418555 ], [ -171.5701482, -13.9419659 ], [ -171.5702516, -13.9419832 ], [ -171.5703102, -13.9419601 ], [ -171.570379800000012, -13.9419032 ], [ -171.5704772, -13.9418578 ], [ -171.5705925, -13.9418839 ], [ -171.5707466, -13.9420836 ], [ -171.570833099999987, -13.9420894 ], [ -171.570950399999987, -13.9420247 ], [ -171.5710039, -13.9419921 ], [ -171.571002, -13.9419543 ], [ -171.5710161, -13.9418861 ], [ -171.57110560000001, -13.9417593 ], [ -171.571199, -13.94137 ], [ -171.5712031, -13.9410743 ], [ -171.571173499999986, -13.9409051 ], [ -171.5711581, -13.9405967 ], [ -171.571054, -13.9405258 ], [ -171.5709392, -13.9404255 ], [ -171.570841300000012, -13.9402719 ], [ -171.5708134, -13.9400888 ], [ -171.5707696, -13.9398727 ], [ -171.570712, -13.9397396 ], [ -171.5706702, -13.9396913 ], [ -171.570535, -13.939674 ], [ -171.570350100000013, -13.9396836 ], [ -171.57022090000001, -13.9397106 ], [ -171.5701473, -13.9397724 ], [ -171.57003, -13.9396875 ], [ -171.5699127, -13.9396315 ], [ -171.5698253, -13.9395601 ], [ -171.5696618, -13.9395664 ], [ -171.5694277, -13.9394058 ], [ -171.5693382, -13.9391781 ], [ -171.5691951, -13.9389813 ], [ -171.568585399999989, -13.9389495 ], [ -171.5683468, -13.9387199 ], [ -171.568323, -13.9383706 ], [ -171.5682812, -13.9381063 ], [ -171.5681918, -13.9378477 ], [ -171.5678598, -13.9376143 ], [ -171.5675178, -13.9372554 ], [ -171.5673031, -13.9370528 ], [ -171.5672514, -13.936908 ], [ -171.5671619, -13.9367325 ], [ -171.5670705, -13.9367016 ], [ -171.566981, -13.9365491 ], [ -171.566780200000011, -13.9363774 ], [ -171.566569500000014, -13.9363195 ], [ -171.5662099, -13.9362931 ], [ -171.5660427, -13.9362288 ], [ -171.5658487, -13.9360832 ], [ -171.5656124, -13.9356927 ], [ -171.5655111, -13.9355808 ], [ -171.5652801, -13.9352341 ], [ -171.564901600000013, -13.9347102 ], [ -171.5647099, -13.9344594 ], [ -171.5645787, -13.9343069 ], [ -171.564465399999989, -13.9341892 ], [ -171.5643541, -13.9340406 ], [ -171.5641871, -13.933865 ], [ -171.564035600000011, -13.9337617 ], [ -171.5638719, -13.9337126 ], [ -171.563737300000014, -13.9338101 ], [ -171.563606600000014, -13.9337337 ], [ -171.563373899999988, -13.9335717 ], [ -171.5631334, -13.9333769 ], [ -171.5627815, -13.9330739 ], [ -171.5626225, -13.9329523 ], [ -171.5624475, -13.9328501 ], [ -171.562199, -13.9327825 ], [ -171.562043499999987, -13.9327798 ], [ -171.561954, -13.9327443 ], [ -171.5619073, -13.9327817 ], [ -171.5617832, -13.9327482 ], [ -171.561689699999988, -13.932691 ], [ -171.5615942, -13.9326495 ], [ -171.561533200000014, -13.9326653 ], [ -171.5614905, -13.9327225 ], [ -171.5613888, -13.9327107 ], [ -171.56134, -13.9328331 ], [ -171.5612485, -13.9328607 ], [ -171.5610289, -13.9327778 ], [ -171.5607809, -13.9326357 ], [ -171.560692100000011, -13.9326863 ], [ -171.560587700000013, -13.932616 ], [ -171.560604, -13.9325765 ], [ -171.560545, -13.9325272 ], [ -171.5606711, -13.9322943 ], [ -171.5605621, -13.9321617 ], [ -171.5603458, -13.9319194 ], [ -171.560264499999988, -13.9318701 ], [ -171.5601359, -13.9317441 ], [ -171.5599717, -13.9315958 ], [ -171.559929, -13.9316372 ], [ -171.5598454, -13.9315449 ], [ -171.559723600000012, -13.9314201 ], [ -171.559547900000013, -13.9312713 ], [ -171.5593983, -13.9311439 ], [ -171.559302800000012, -13.9310926 ], [ -171.5592438, -13.931061 ], [ -171.5591971, -13.9309584 ], [ -171.5590771, -13.9308992 ], [ -171.5589917, -13.9310294 ], [ -171.5589511, -13.9310339 ], [ -171.558703, -13.9308262 ], [ -171.5586764, -13.9307592 ], [ -171.5586031, -13.9307159 ], [ -171.5585327, -13.9306517 ], [ -171.5585006, -13.9304636 ], [ -171.5584, -13.9303045 ], [ -171.558270599999986, -13.9301427 ], [ -171.5580736, -13.9299515 ], [ -171.5579064, -13.9298874 ], [ -171.557846500000011, -13.9298636 ], [ -171.557820600000014, -13.9297827 ], [ -171.5576307, -13.9296054 ], [ -171.5543932, -13.9283262 ], [ -171.5541278, -13.9276821 ], [ -171.549639500000012, -13.9261461 ], [ -171.549373300000013, -13.9252453 ], [ -171.5492078, -13.9248939 ], [ -171.5488633, -13.9243165 ], [ -171.548187899999988, -13.9234991 ], [ -171.547912700000012, -13.9232183 ], [ -171.547709700000013, -13.9230004 ], [ -171.5473692, -13.9226787 ], [ -171.5471489, -13.922353 ], [ -171.546821200000011, -13.9220734 ], [ -171.546727299999986, -13.9219012 ], [ -171.546600899999987, -13.921786 ], [ -171.5465184, -13.9215689 ], [ -171.5462619, -13.9213166 ], [ -171.5459088, -13.9209923 ], [ -171.5457721, -13.9207982 ], [ -171.545709300000027, -13.920745354004652 ], [ -171.545296400000012, -13.9203979 ], [ -171.5449898, -13.9201467 ], [ -171.544799500000011, -13.9199306 ], [ -171.5446547, -13.9197662 ], [ -171.5438909, -13.9193078 ], [ -171.5427717, -13.9186666 ], [ -171.5417749, -13.9180756 ], [ -171.5409122, -13.9170182 ], [ -171.540624, -13.9163964 ], [ -171.540635, -13.9161231 ], [ -171.5401626, -13.9156134 ], [ -171.5389673, -13.9142324 ], [ -171.5386871, -13.9138726 ], [ -171.537468100000012, -13.9129408 ], [ -171.537719900000013, -13.91289 ], [ -171.53923850000001, -13.9136226 ], [ -171.5395006, -13.9141885 ], [ -171.5396892, -13.9139743 ], [ -171.5402212, -13.9145829 ], [ -171.5406621, -13.9144385 ], [ -171.5407435, -13.9145614 ], [ -171.5409649, -13.9145175 ], [ -171.540910700000012, -13.914285 ], [ -171.5411005, -13.9140701 ], [ -171.541073399999988, -13.9137761 ], [ -171.541955800000011, -13.9135551 ], [ -171.5424463, -13.9138475 ], [ -171.542944799999987, -13.9139777 ], [ -171.543635099999989, -13.9145795 ], [ -171.5445938, -13.9150945 ], [ -171.5453097, -13.9150076 ], [ -171.54550930000002, -13.915065933484376 ], [ -171.5457511, -13.9151366 ], [ -171.5462512, -13.914607 ], [ -171.5464366, -13.914416 ], [ -171.5465632, -13.9140651 ], [ -171.5464909, -13.913837 ], [ -171.5462259, -13.9136907 ], [ -171.545709300000027, -13.91315810690271 ], [ -171.5455508, -13.9129947 ], [ -171.5451675, -13.9117719 ], [ -171.5452173, -13.9109352 ], [ -171.545579872161426, -13.910772116178114 ], [ -171.5459065, -13.9106252 ], [ -171.5465371, -13.9106249 ], [ -171.5469587, -13.9103269 ], [ -171.5471571, -13.9096695 ], [ -171.5474671, -13.9092073 ], [ -171.54811380000001, -13.9087894 ], [ -171.5493424, -13.9082417 ], [ -171.550346, -13.908922 ], [ -171.550850700000012, -13.9092642 ], [ -171.551116400000012, -13.9092859 ], [ -171.5509375, -13.9090036 ], [ -171.5518003, -13.9089571 ], [ -171.5521478, -13.9089142 ], [ -171.5522382, -13.9091091 ], [ -171.552378800000014, -13.9088765 ], [ -171.552742599999988, -13.9087397 ], [ -171.5530951, -13.9090048 ], [ -171.5531028, -13.9091184 ], [ -171.5531164, -13.9093205 ], [ -171.5530134, -13.9096992 ], [ -171.5529105, -13.9100095 ], [ -171.5529175, -13.9102199 ], [ -171.5529864, -13.9104765 ], [ -171.5531397, -13.9107369 ], [ -171.5532853, -13.9109005 ], [ -171.5534999, -13.9111534 ], [ -171.553691500000014, -13.9113171 ], [ -171.5539099, -13.9113692 ], [ -171.5545344, -13.911451 ], [ -171.5548985, -13.9115179 ], [ -171.5553008, -13.9114993 ], [ -171.55598280000001, -13.9115774 ], [ -171.5564388, -13.9115663 ], [ -171.556779799999987, -13.9115477 ], [ -171.5570634, -13.911544 ], [ -171.5572933, -13.9116332 ], [ -171.5574466, -13.9116146 ], [ -171.558029, -13.9116221 ], [ -171.558485, -13.9116258 ], [ -171.5589333, -13.9116927 ], [ -171.5591134, -13.911637 ], [ -171.5593816, -13.9115403 ], [ -171.559554, -13.9115254 ], [ -171.559757100000013, -13.9116109 ], [ -171.5600291, -13.9117151 ], [ -171.5602016, -13.9116872 ], [ -171.5604564, -13.911544 ], [ -171.560686299999986, -13.9113896 ], [ -171.5614162, -13.9107796 ], [ -171.561674900000014, -13.9105156 ], [ -171.5620178, -13.9102682 ], [ -171.5622592, -13.9101046 ], [ -171.5625619, -13.9099075 ], [ -171.5632593, -13.9096025 ], [ -171.563768900000014, -13.9093979 ], [ -171.56387620000001, -13.9091859 ], [ -171.563788100000011, -13.908959 ], [ -171.563673099999988, -13.9086429 ], [ -171.563726800000012, -13.9084978 ], [ -171.563772699999987, -13.9084681 ], [ -171.563711399999988, -13.9083267 ], [ -171.563711399999988, -13.908111 ], [ -171.563696099999987, -13.9077837 ], [ -171.563642499999986, -13.907568 ], [ -171.563592699999987, -13.907408 ], [ -171.563699899999989, -13.9071737 ], [ -171.563845500000014, -13.9070844 ], [ -171.5639452, -13.9070026 ], [ -171.56388, -13.9068241 ], [ -171.5639509, -13.906785 ], [ -171.5639758, -13.9063368 ], [ -171.563830200000012, -13.9061397 ], [ -171.563684599999988, -13.9058496 ], [ -171.5635543, -13.905619 ], [ -171.5633283, -13.9052917 ], [ -171.563244, -13.9051132 ], [ -171.5632593, -13.9049235 ], [ -171.5633359, -13.9047449 ], [ -171.5632401, -13.9045887 ], [ -171.5632367, -13.904568 ], [ -171.5632133, -13.9044251 ], [ -171.5631214, -13.9043246 ], [ -171.562914400000011, -13.9041721 ], [ -171.56282250000001, -13.903949 ], [ -171.562745799999988, -13.9038262 ], [ -171.562745799999988, -13.9036626 ], [ -171.562615599999987, -13.9034803 ], [ -171.562592599999988, -13.9033167 ], [ -171.5624776, -13.9031195 ], [ -171.5624, -13.903053615936626 ], [ -171.562263, -13.9029373 ], [ -171.5621366, -13.902822 ], [ -171.5619757, -13.9027364 ], [ -171.5618684, -13.9025504 ], [ -171.561757300000011, -13.9024761 ], [ -171.561761100000012, -13.9023384 ], [ -171.561787900000013, -13.9021859 ], [ -171.561761100000012, -13.9021041 ], [ -171.561653799999988, -13.902052 ], [ -171.561611699999986, -13.9018995 ], [ -171.5616231, -13.9018028 ], [ -171.5615197, -13.9017991 ], [ -171.5614239, -13.9017396 ], [ -171.5613779, -13.9016131 ], [ -171.5611365, -13.9013751 ], [ -171.560921900000011, -13.9011519 ], [ -171.560764799999987, -13.9009994 ], [ -171.560665199999988, -13.9008246 ], [ -171.5606422, -13.9006275 ], [ -171.560638399999988, -13.9005196 ], [ -171.560876, -13.9006089 ], [ -171.5609564, -13.9006498 ], [ -171.5612553, -13.90062 ], [ -171.5614392, -13.9007204 ], [ -171.561642299999988, -13.9008618 ], [ -171.561726599999986, -13.9007837 ], [ -171.5619335, -13.9009027 ], [ -171.5622209, -13.9010292 ], [ -171.5623742, -13.9011705 ], [ -171.5624508, -13.9012449 ] ] ], [ [ [ -172.104849699999988, -13.8610727 ], [ -172.104774, -13.8608546 ], [ -172.10528450000001, -13.8599942 ], [ -172.1055034, -13.8599087 ], [ -172.105548199999987, -13.8596577 ], [ -172.1054639, -13.8592752 ], [ -172.1050962, -13.858844 ], [ -172.10510450000001, -13.8586527 ], [ -172.105020700000011, -13.8585962 ], [ -172.1048687, -13.8584869 ], [ -172.1046634, -13.8582521 ], [ -172.104528, -13.8581247 ], [ -172.1044642, -13.8580646 ], [ -172.1042932, -13.8575332 ], [ -172.104003799999987, -13.8571292 ], [ -172.103662500000013, -13.8568243 ], [ -172.1032945, -13.8566342 ], [ -172.103120600000011, -13.8565252 ], [ -172.1030562, -13.856305 ], [ -172.1028858, -13.8560272 ], [ -172.102699699999988, -13.8558954 ], [ -172.102554199999986, -13.8556238 ], [ -172.102389100000011, -13.8555072 ], [ -172.1021831, -13.8554058 ], [ -172.1019762, -13.8553529 ], [ -172.1018946, -13.8552505 ], [ -172.1017996, -13.8551744 ], [ -172.10176, -13.8550275 ], [ -172.1016252, -13.8547307 ], [ -172.101711200000011, -13.8546515 ], [ -172.101760500000012, -13.8542884 ], [ -172.1018143, -13.854015 ], [ -172.1018814, -13.853536 ], [ -172.1018949, -13.8531858 ], [ -172.1017723, -13.8528225 ], [ -172.1016352, -13.8525417 ], [ -172.1015722, -13.8521549 ], [ -172.1014243, -13.8519935 ], [ -172.1013974, -13.851886 ], [ -172.1014467, -13.8516126 ], [ -172.1013436, -13.851245 ], [ -172.1012854, -13.8510837 ], [ -172.101263, -13.8507923 ], [ -172.101079199999987, -13.8506175 ], [ -172.1010547, -13.8504362 ], [ -172.101267400000012, -13.8500931 ], [ -172.1013929, -13.8499407 ], [ -172.101496, -13.8499004 ], [ -172.1016081, -13.8496673 ], [ -172.101765, -13.8494746 ], [ -172.1019368, -13.8491784 ], [ -172.1020115, -13.8489591 ], [ -172.10206980000001, -13.8486812 ], [ -172.1021773, -13.8485199 ], [ -172.1022795, -13.848461 ], [ -172.1023925, -13.848354 ], [ -172.1024597, -13.8481703 ], [ -172.10255380000001, -13.8481972 ], [ -172.102612099999988, -13.8479865 ], [ -172.1025294, -13.8475988 ], [ -172.102697299999988, -13.8474487 ], [ -172.102856800000012, -13.8473932 ], [ -172.103512099999989, -13.8468423 ], [ -172.1046873, -13.8453152 ], [ -172.105296900000013, -13.8444725 ], [ -172.1055529, -13.8442602 ], [ -172.105905400000012, -13.8437778 ], [ -172.1061331, -13.8434809 ], [ -172.106276799999989, -13.8431994 ], [ -172.1061295, -13.8427079 ], [ -172.106054, -13.8425389 ], [ -172.106132300000013, -13.8422117 ], [ -172.106474100000014, -13.8419623 ], [ -172.10683370000001, -13.841984 ], [ -172.1073795, -13.8412989 ], [ -172.1078815, -13.8405101 ], [ -172.10817560000001, -13.8404178 ], [ -172.108435899999989, -13.8405145 ], [ -172.1087564, -13.8406347 ], [ -172.109002, -13.8407039 ], [ -172.1092415, -13.8409403 ], [ -172.1095104, -13.8413437 ], [ -172.1098213, -13.8414674 ], [ -172.1102021, -13.8416189 ], [ -172.110395899999986, -13.8415237 ], [ -172.1106668, -13.8415124 ], [ -172.110928300000012, -13.84156 ], [ -172.1110847, -13.8414806 ], [ -172.1112645, -13.8414307 ], [ -172.1116101, -13.8417277 ], [ -172.111787600000014, -13.8418456 ], [ -172.1119043, -13.8419907 ], [ -172.112432, -13.8422764 ], [ -172.113400899999988, -13.8423028 ], [ -172.1139747, -13.8424911 ], [ -172.1146828, -13.842518 ], [ -172.115850099999989, -13.8425609 ], [ -172.1161713, -13.8429023 ], [ -172.117802399999988, -13.8431634 ], [ -172.1181162, -13.8435578 ], [ -172.118896, -13.843764 ], [ -172.1192457, -13.8436744 ], [ -172.1195684, -13.8437999 ], [ -172.119855199999989, -13.8440509 ], [ -172.1201242, -13.8441764 ], [ -172.1204469, -13.8441943 ], [ -172.120662, -13.8443108 ], [ -172.1208682, -13.8444274 ], [ -172.1214329, -13.8443825 ], [ -172.1216839, -13.8444453 ], [ -172.1220784, -13.8443736 ], [ -172.1224312, -13.8444381 ], [ -172.1226342, -13.8447142 ], [ -172.1228045, -13.8448487 ], [ -172.1228583, -13.8450818 ], [ -172.1230052, -13.845359 ], [ -172.122947900000014, -13.8458617 ], [ -172.122774, -13.8462569 ], [ -172.122526599999986, -13.8463995 ], [ -172.122230800000011, -13.8463995 ], [ -172.12162, -13.8466381 ], [ -172.1209489, -13.8463547 ], [ -172.120572399999986, -13.8463457 ], [ -172.120015200000012, -13.8465682 ], [ -172.1191513, -13.8471425 ], [ -172.1183992, -13.8478965 ], [ -172.117603300000013, -13.8490804 ], [ -172.1173747, -13.8496767 ], [ -172.117336099999989, -13.8498622 ], [ -172.1174255, -13.850024 ], [ -172.1173732, -13.8502608 ], [ -172.117763, -13.8508964 ], [ -172.1178648, -13.8509873 ], [ -172.118114600000013, -13.8512102 ], [ -172.1180008, -13.851674 ], [ -172.1178562, -13.852038 ], [ -172.1175838, -13.8522366 ], [ -172.1176482, -13.8525797 ], [ -172.1176769, -13.8528179 ], [ -172.117452500000013, -13.8530922 ], [ -172.1171206, -13.8532746 ], [ -172.116974199999987, -13.8535764 ], [ -172.1168726, -13.8537858 ], [ -172.1168238, -13.8541193 ], [ -172.1166734, -13.8544055 ], [ -172.116602300000011, -13.8547035 ], [ -172.1162247, -13.8548259 ], [ -172.1161102, -13.8550884 ], [ -172.1161978, -13.8552562 ], [ -172.1164488, -13.8553907 ], [ -172.116493600000013, -13.855561 ], [ -172.1162085, -13.8556963 ], [ -172.115737700000011, -13.8555996 ], [ -172.115651, -13.8557851 ], [ -172.1154627, -13.8558748 ], [ -172.115256499999987, -13.8558927 ], [ -172.1152655, -13.856072 ], [ -172.1147458, -13.8562624 ], [ -172.1144165, -13.856138 ], [ -172.1141563, -13.856144 ], [ -172.1137295, -13.856294 ], [ -172.1134571, -13.8565091 ], [ -172.1133839, -13.8568841 ], [ -172.112578899999988, -13.8573538 ], [ -172.1122923, -13.857482 ], [ -172.1121212, -13.8576888 ], [ -172.1119976, -13.8579695 ], [ -172.111859399999986, -13.8579675 ], [ -172.111772, -13.8578531 ], [ -172.111402, -13.8579024 ], [ -172.1112764, -13.8581158 ], [ -172.111052300000011, -13.8581248 ], [ -172.110792300000014, -13.8580083 ], [ -172.1105413, -13.8580441 ], [ -172.1104085, -13.8581723 ], [ -172.1101648, -13.85808 ], [ -172.108972599999987, -13.8586358 ], [ -172.1087987, -13.8588968 ], [ -172.1087933, -13.8592543 ], [ -172.1084214, -13.8594343 ], [ -172.1081389, -13.8593439 ], [ -172.1077349, -13.8592901 ], [ -172.1073771, -13.8594954 ], [ -172.106997, -13.8595053 ], [ -172.1067246, -13.8596474 ], [ -172.106324199999989, -13.8599158 ], [ -172.1061555, -13.8601447 ], [ -172.106177800000012, -13.8603361 ], [ -172.106200199999989, -13.8606045 ], [ -172.106086299999987, -13.8606815 ], [ -172.1058777, -13.8606884 ], [ -172.105561, -13.8610391 ], [ -172.10543, -13.8612329 ], [ -172.1051392, -13.8612339 ], [ -172.1050018, -13.8610911 ], [ -172.104849699999988, -13.8610727 ] ] ], [ [ [ -172.1462055, -13.8216248 ], [ -172.1462342, -13.8214996 ], [ -172.146261, -13.821385 ], [ -172.146261, -13.8213016 ], [ -172.1462637, -13.8211974 ], [ -172.1462771, -13.8211219 ], [ -172.1463307, -13.8210776 ], [ -172.146396399999986, -13.8210214 ], [ -172.146403099999986, -13.8209734 ], [ -172.1464286, -13.8209146 ], [ -172.146438, -13.8208354 ], [ -172.1465024, -13.8207338 ], [ -172.1465882, -13.8205619 ], [ -172.1466432, -13.8204562 ], [ -172.1467049, -13.8203754 ], [ -172.1467639, -13.8203676 ], [ -172.14684170000001, -13.8203728 ], [ -172.1469275, -13.8203624 ], [ -172.1469449, -13.8203249 ], [ -172.1469731, -13.8202192 ], [ -172.1469946, -13.8200967 ], [ -172.1470482, -13.820016 ], [ -172.147131300000012, -13.8199691 ], [ -172.14721320000001, -13.819942 ], [ -172.1472896, -13.8198962 ], [ -172.147328499999986, -13.8198509 ], [ -172.1474747, -13.8197608 ], [ -172.147472, -13.8197009 ], [ -172.147524299999986, -13.8196607 ], [ -172.1475551, -13.8196436 ], [ -172.147641, -13.8196696 ], [ -172.1477027, -13.81968 ], [ -172.1478153, -13.819641 ], [ -172.1479534, -13.819593 ], [ -172.148076800000013, -13.8195409 ], [ -172.1481492, -13.8194576 ], [ -172.148138499999988, -13.8194029 ], [ -172.148042, -13.8192388 ], [ -172.1480192, -13.8191747 ], [ -172.1479722, -13.8190956 ], [ -172.1479722, -13.8190435 ], [ -172.147995, -13.8190159 ], [ -172.1480406, -13.8190211 ], [ -172.1481023, -13.8189846 ], [ -172.1481667, -13.8189429 ], [ -172.1482176, -13.8189586 ], [ -172.1482552, -13.8189976 ], [ -172.148341, -13.8190211 ], [ -172.1484255, -13.8190096 ], [ -172.148488500000013, -13.818982 ], [ -172.1485154, -13.818896 ], [ -172.1485395, -13.8188518 ], [ -172.1486066, -13.8188231 ], [ -172.1487514, -13.8188309 ], [ -172.148839900000013, -13.8188257 ], [ -172.148888199999988, -13.8188283 ], [ -172.1489177, -13.8187971 ], [ -172.149025, -13.8187476 ], [ -172.1490947, -13.8187241 ], [ -172.149239599999987, -13.8186799 ], [ -172.14936560000001, -13.8186174 ], [ -172.1494676, -13.8185679 ], [ -172.14953460000001, -13.8185028 ], [ -172.1496218, -13.8184262 ], [ -172.149643200000014, -13.8183871 ], [ -172.14972370000001, -13.8183483 ], [ -172.149776, -13.818323 ], [ -172.149853799999988, -13.8183126 ], [ -172.1499369, -13.8183022 ], [ -172.150002699999987, -13.8183012 ], [ -172.1500858, -13.8182986 ], [ -172.150155500000011, -13.8182751 ], [ -172.1502441, -13.8182439 ], [ -172.15031110000001, -13.8182439 ], [ -172.150359400000013, -13.8182256 ], [ -172.1504023, -13.8181996 ], [ -172.1504385, -13.8181407 ], [ -172.15046, -13.8181199 ], [ -172.1505525, -13.8181918 ], [ -172.1506544, -13.8182048 ], [ -172.1507564, -13.8182178 ], [ -172.150885100000011, -13.8182621 ], [ -172.150933400000014, -13.8182751 ], [ -172.150973599999986, -13.8183168 ], [ -172.1510246, -13.8183585 ], [ -172.1511131, -13.8183715 ], [ -172.1512257, -13.8184262 ], [ -172.1512526, -13.8184079 ], [ -172.1512418, -13.8183533 ], [ -172.1512941, -13.8182866 ], [ -172.1512888, -13.8182449 ], [ -172.1512687, -13.8181866 ], [ -172.1513371, -13.8181954 ], [ -172.1513894, -13.8182621 ], [ -172.1514363, -13.8183256 ], [ -172.1514578, -13.818409 ], [ -172.151492600000012, -13.8184871 ], [ -172.1514846, -13.8185731 ], [ -172.151512700000012, -13.818658 ], [ -172.151553, -13.8187387 ], [ -172.1515838, -13.8187762 ], [ -172.1514953, -13.8188466 ], [ -172.1514028, -13.8188559 ], [ -172.1512928, -13.8188585 ], [ -172.1511801, -13.8189393 ], [ -172.1512472, -13.8190383 ], [ -172.1513411, -13.8192023 ], [ -172.151435, -13.8192753 ], [ -172.1515798, -13.8193248 ], [ -172.1516522, -13.8193482 ], [ -172.1518185, -13.8193951 ], [ -172.1519687, -13.8193873 ], [ -172.1521323, -13.8193508 ], [ -172.1523657, -13.8192935 ], [ -172.1524944, -13.8192466 ], [ -172.1526178, -13.8191841 ], [ -172.1527412, -13.819132 ], [ -172.1526862, -13.8190549 ], [ -172.15265, -13.8189914 ], [ -172.1526259, -13.8189289 ], [ -172.1526111, -13.818896 ], [ -172.1525896, -13.8188596 ], [ -172.1526017, -13.8187908 ], [ -172.1525722, -13.8187439 ], [ -172.1524944, -13.8186945 ], [ -172.152466299999986, -13.8186356 ], [ -172.1524153, -13.8186356 ], [ -172.1523657, -13.8186267 ], [ -172.1523214, -13.8186174 ], [ -172.1523402, -13.8185809 ], [ -172.1524005, -13.8185616 ], [ -172.1524193, -13.818533 ], [ -172.1523992, -13.8184845 ], [ -172.1524019, -13.8184428 ], [ -172.152444800000012, -13.8184012 ], [ -172.152486399999987, -13.8183845 ], [ -172.152528, -13.8183621 ], [ -172.1525682, -13.8183803 ], [ -172.1525816, -13.8184194 ], [ -172.1526446, -13.8184132 ], [ -172.1526902, -13.8184106 ], [ -172.1527989, -13.8183751 ], [ -172.1528284, -13.8183699 ], [ -172.152883300000013, -13.8183819 ], [ -172.1529129, -13.8184444 ], [ -172.1529424, -13.8184835 ], [ -172.1530228, -13.8185173 ], [ -172.1530979, -13.8185278 ], [ -172.1531623, -13.8185147 ], [ -172.1531918, -13.8184887 ], [ -172.1532133, -13.8184679 ], [ -172.1532642, -13.8184679 ], [ -172.1533259, -13.8184835 ], [ -172.153390300000012, -13.8184991 ], [ -172.1534278, -13.8184939 ], [ -172.1534627, -13.8185095 ], [ -172.153519, -13.8185356 ], [ -172.1535539, -13.818533 ], [ -172.1536049, -13.8185304 ], [ -172.1536692, -13.8185278 ], [ -172.153748400000012, -13.8184819 ], [ -172.1537993, -13.8184611 ], [ -172.1538449, -13.8184637 ], [ -172.1538878, -13.8185132 ], [ -172.153930699999989, -13.8185835 ], [ -172.1539589, -13.8186945 ], [ -172.1539804, -13.8187335 ], [ -172.1539991, -13.8188533 ], [ -172.1540099, -13.8189367 ], [ -172.154004500000013, -13.8190096 ], [ -172.154034, -13.8190487 ], [ -172.1540582, -13.8191034 ], [ -172.15411180000001, -13.8191685 ], [ -172.1541748, -13.8192268 ], [ -172.154213700000014, -13.819257 ], [ -172.1542365, -13.8193102 ], [ -172.1543706, -13.8193883 ], [ -172.154424299999988, -13.8194196 ], [ -172.1544471, -13.8194758 ], [ -172.1544551, -13.8195149 ], [ -172.1545007, -13.8195774 ], [ -172.154549, -13.8196087 ], [ -172.154632099999986, -13.8196061 ], [ -172.1547032, -13.8195889 ], [ -172.1547233, -13.8195878 ], [ -172.1547756, -13.8195654 ], [ -172.154774300000014, -13.8196034 ], [ -172.154752800000011, -13.8196998 ], [ -172.154734100000013, -13.8197389 ], [ -172.1547368, -13.8197988 ], [ -172.1547555, -13.8198353 ], [ -172.1548038, -13.8198431 ], [ -172.15485480000001, -13.8198926 ], [ -172.154903100000013, -13.8199681 ], [ -172.154954, -13.8200514 ], [ -172.1549889, -13.8201478 ], [ -172.15505060000001, -13.8202077 ], [ -172.1551431, -13.8202687 ], [ -172.1551753, -13.8202765 ], [ -172.1552035, -13.8202884 ], [ -172.1552249, -13.8203327 ], [ -172.1552584, -13.8203911 ], [ -172.1553429, -13.8204942 ], [ -172.1553778, -13.8205307 ], [ -172.1554878, -13.8206088 ], [ -172.155532, -13.8206567 ], [ -172.1555669, -13.8206802 ], [ -172.155591, -13.8207271 ], [ -172.155572299999989, -13.8207922 ], [ -172.155529300000012, -13.8208469 ], [ -172.1554878, -13.8208875 ], [ -172.1554341, -13.8209109 ], [ -172.155347, -13.8209302 ], [ -172.1552222, -13.8209396 ], [ -172.1551297, -13.8209719 ], [ -172.155003599999986, -13.8210005 ], [ -172.1549688, -13.8210448 ], [ -172.15495, -13.821149 ], [ -172.1549554, -13.8212401 ], [ -172.154958, -13.8213157 ], [ -172.154948600000012, -13.8213537 ], [ -172.154998299999988, -13.8214511 ], [ -172.1550533, -13.8215621 ], [ -172.15507740000001, -13.8216168 ], [ -172.155125700000013, -13.8216819 ], [ -172.1551605, -13.8217236 ], [ -172.1552115, -13.8217782 ], [ -172.155273200000011, -13.8218486 ], [ -172.155320100000012, -13.8219095 ], [ -172.1552839, -13.8219866 ], [ -172.1552651, -13.8220439 ], [ -172.1552437, -13.8221012 ], [ -172.1552035, -13.8221299 ], [ -172.155187399999988, -13.8221611 ], [ -172.155200799999989, -13.822208 ], [ -172.1552169, -13.8222419 ], [ -172.15525980000001, -13.8222601 ], [ -172.1552973, -13.8222679 ], [ -172.1553, -13.8223174 ], [ -172.155286600000011, -13.8223565 ], [ -172.1552893, -13.8224164 ], [ -172.1552973, -13.8224528 ], [ -172.1553161, -13.8224971 ], [ -172.15542210000001, -13.8225554 ], [ -172.1554677, -13.8226101 ], [ -172.1555012, -13.8226612 ], [ -172.1555535, -13.8227352 ], [ -172.1555803, -13.8227872 ], [ -172.155599099999989, -13.8228471 ], [ -172.1556205, -13.8229123 ], [ -172.155693, -13.8229878 ], [ -172.155746599999986, -13.8230425 ], [ -172.155756, -13.8230883 ], [ -172.1557922, -13.8231571 ], [ -172.155811, -13.8231935 ], [ -172.1558378, -13.8232378 ], [ -172.155833800000011, -13.8233279 ], [ -172.1558123, -13.8233957 ], [ -172.1558552, -13.8234451 ], [ -172.155908899999986, -13.8235024 ], [ -172.155949099999987, -13.8235728 ], [ -172.155975899999987, -13.8236353 ], [ -172.1559947, -13.8237056 ], [ -172.1560269, -13.8237994 ], [ -172.1560457, -13.8238827 ], [ -172.156094, -13.8240077 ], [ -172.1561208, -13.8241041 ], [ -172.1562334, -13.8242265 ], [ -172.156326, -13.8243656 ], [ -172.156326, -13.8244776 ], [ -172.156313899999986, -13.8246693 ], [ -172.156313899999986, -13.8247422 ], [ -172.1563327, -13.8247969 ], [ -172.15633, -13.8249115 ], [ -172.1563193, -13.824974 ], [ -172.1562978, -13.825073 ], [ -172.156305800000013, -13.8251433 ], [ -172.1563233, -13.8252068 ], [ -172.1562777, -13.8253735 ], [ -172.1562643, -13.8254829 ], [ -172.1562428, -13.8255897 ], [ -172.1562509, -13.8256522 ], [ -172.1562093, -13.8257241 ], [ -172.156166399999989, -13.8257996 ], [ -172.1560886, -13.825797 ], [ -172.156051, -13.8258022 ], [ -172.156091300000014, -13.825883 ], [ -172.1561208, -13.8259481 ], [ -172.156111399999986, -13.8260038 ], [ -172.156084600000014, -13.8260689 ], [ -172.1560336, -13.8261497 ], [ -172.155988, -13.8262226 ], [ -172.1559733, -13.8263361 ], [ -172.155950499999989, -13.826431 ], [ -172.1558995, -13.826483 ], [ -172.1557828, -13.8265315 ], [ -172.1556956, -13.8265534 ], [ -172.155604399999987, -13.8265794 ], [ -172.155557499999986, -13.8265966 ], [ -172.155529300000012, -13.8266445 ], [ -172.1555079, -13.8266784 ], [ -172.1554945, -13.8268164 ], [ -172.1554918, -13.8269076 ], [ -172.155502500000011, -13.8269805 ], [ -172.1554784, -13.8271029 ], [ -172.1554408, -13.8271628 ], [ -172.155406, -13.8272357 ], [ -172.1553, -13.8272998 ], [ -172.1551538, -13.8273764 ], [ -172.155045199999989, -13.8274691 ], [ -172.154970100000014, -13.8275576 ], [ -172.1549406, -13.8276202 ], [ -172.1549004, -13.8277113 ], [ -172.154849399999989, -13.8277816 ], [ -172.154787700000014, -13.8278181 ], [ -172.15469920000001, -13.8278441 ], [ -172.154591900000014, -13.8279093 ], [ -172.154484599999989, -13.8279718 ], [ -172.154404199999988, -13.8280317 ], [ -172.1542996, -13.8281332 ], [ -172.1541882, -13.8281812 ], [ -172.154026, -13.8282843 ], [ -172.1539656, -13.8284051 ], [ -172.1538624, -13.8284015 ], [ -172.153798, -13.8284015 ], [ -172.153741700000012, -13.8284249 ], [ -172.1537202, -13.8284692 ], [ -172.1536505, -13.8285213 ], [ -172.1535163, -13.828576 ], [ -172.153431899999987, -13.8286057 ], [ -172.153342, -13.8285838 ], [ -172.153283, -13.8286203 ], [ -172.153228, -13.8287151 ], [ -172.1531087, -13.8287844 ], [ -172.1530416, -13.828787 ], [ -172.1528807, -13.8288052 ], [ -172.1528136, -13.8287974 ], [ -172.152709, -13.8288182 ], [ -172.1525923, -13.8288844 ], [ -172.1525548, -13.8289078 ], [ -172.152471600000013, -13.8289547 ], [ -172.152364299999988, -13.8289964 ], [ -172.1522383, -13.8290745 ], [ -172.1521578, -13.8290927 ], [ -172.1520975, -13.8290761 ], [ -172.1520371, -13.8290511 ], [ -172.1519446, -13.8290526 ], [ -172.1518252, -13.8290797 ], [ -172.151743399999987, -13.8291073 ], [ -172.1516401, -13.8291448 ], [ -172.1515731, -13.8292047 ], [ -172.1515087, -13.8292594 ], [ -172.1514484, -13.8292401 ], [ -172.1514108, -13.8292141 ], [ -172.1513545, -13.8291959 ], [ -172.1513062, -13.829188 ], [ -172.1512687, -13.8291854 ], [ -172.1512311, -13.8292271 ], [ -172.151156, -13.8292558 ], [ -172.151101, -13.8292516 ], [ -172.1510688, -13.8292125 ], [ -172.1509924, -13.829175 ], [ -172.150928, -13.8291334 ], [ -172.1508529, -13.8291229 ], [ -172.1507805, -13.8291021 ], [ -172.1506786, -13.8290422 ], [ -172.150633, -13.8290266 ], [ -172.1505766, -13.8290188 ], [ -172.150506900000011, -13.8290448 ], [ -172.150441199999989, -13.8290406 ], [ -172.150401, -13.8290745 ], [ -172.1503607, -13.8290901 ], [ -172.1503232, -13.8291083 ], [ -172.1503218, -13.8290813 ], [ -172.1503218, -13.82905 ], [ -172.1502816, -13.8290266 ], [ -172.1502642, -13.8289938 ], [ -172.150211899999988, -13.8289432 ], [ -172.1501609, -13.8288599 ], [ -172.1501207, -13.8288312 ], [ -172.150016099999988, -13.8288078 ], [ -172.14990610000001, -13.8287557 ], [ -172.149825600000014, -13.8286906 ], [ -172.14973710000001, -13.8286672 ], [ -172.1496593, -13.8286463 ], [ -172.1495842, -13.8286255 ], [ -172.1495038, -13.8285604 ], [ -172.1494796, -13.8285083 ], [ -172.1494394, -13.8284848 ], [ -172.1493911, -13.8284588 ], [ -172.149313299999989, -13.8283989 ], [ -172.149257, -13.8283598 ], [ -172.14917650000001, -13.8283077 ], [ -172.1490719, -13.828227 ], [ -172.1490451, -13.8281619 ], [ -172.1490317, -13.8281046 ], [ -172.1489915, -13.8280577 ], [ -172.1489512, -13.8280473 ], [ -172.1488627, -13.8280108 ], [ -172.1487769, -13.8279744 ], [ -172.1487045, -13.8279093 ], [ -172.1486696, -13.8278467 ], [ -172.148632, -13.8277999 ], [ -172.1485945, -13.8277634 ], [ -172.1485462, -13.8277348 ], [ -172.1484657, -13.8277191 ], [ -172.1484161, -13.8276967 ], [ -172.1483974, -13.8276498 ], [ -172.1484, -13.8276186 ], [ -172.148361099999988, -13.8275576 ], [ -172.1483531, -13.8275342 ], [ -172.1483531, -13.827503 ], [ -172.148334299999988, -13.8274717 ], [ -172.1483155, -13.82743 ], [ -172.1483155, -13.8273779 ], [ -172.148329, -13.8273441 ], [ -172.148278, -13.827305 ], [ -172.1482244, -13.8272842 ], [ -172.1481814, -13.8272764 ], [ -172.1481358, -13.8272686 ], [ -172.1480876, -13.8272399 ], [ -172.148071499999986, -13.8272008 ], [ -172.147983, -13.8271592 ], [ -172.1479454, -13.8270967 ], [ -172.1479132, -13.8270394 ], [ -172.147867600000012, -13.8270081 ], [ -172.147814, -13.8270029 ], [ -172.147741599999989, -13.8270237 ], [ -172.147641, -13.8270248 ], [ -172.147577899999987, -13.8270211 ], [ -172.1475337, -13.8269883 ], [ -172.1475069, -13.826944 ], [ -172.1474867, -13.8268987 ], [ -172.1474733, -13.8268596 ], [ -172.1474505, -13.8268112 ], [ -172.14741570000001, -13.8267747 ], [ -172.147382099999987, -13.8267477 ], [ -172.147383499999989, -13.8267122 ], [ -172.147388799999987, -13.8266289 ], [ -172.1473848, -13.8265054 ], [ -172.147376799999989, -13.8264586 ], [ -172.1473499, -13.8263726 ], [ -172.1473365, -13.8263231 ], [ -172.1473097, -13.8262528 ], [ -172.1473097, -13.8262137 ], [ -172.147293600000012, -13.8261434 ], [ -172.1472641, -13.8260991 ], [ -172.14721320000001, -13.8260158 ], [ -172.1471702, -13.8259924 ], [ -172.14713, -13.8259559 ], [ -172.147124600000012, -13.825909 ], [ -172.1470871, -13.8258413 ], [ -172.1470227, -13.8258231 ], [ -172.1469744, -13.8257814 ], [ -172.1469597, -13.8257512 ], [ -172.1469423, -13.8256798 ], [ -172.1469463, -13.8256236 ], [ -172.1469557, -13.8255235 ], [ -172.146953, -13.8254767 ], [ -172.1469181, -13.8253933 ], [ -172.146861800000011, -13.8253464 ], [ -172.1468376, -13.8252813 ], [ -172.1467719, -13.8252303 ], [ -172.146721, -13.8252251 ], [ -172.1466955, -13.8251824 ], [ -172.1466874, -13.8251407 ], [ -172.1466888, -13.8251053 ], [ -172.1467022, -13.8250766 ], [ -172.146700900000013, -13.8249844 ], [ -172.146706200000011, -13.8249453 ], [ -172.1466955, -13.8249037 ], [ -172.1466955, -13.8248568 ], [ -172.1466633, -13.8247839 ], [ -172.1466177, -13.824763 ], [ -172.1465694, -13.8247318 ], [ -172.1465346, -13.8246797 ], [ -172.1465131, -13.8246536 ], [ -172.1464943, -13.824612 ], [ -172.1464755, -13.8245651 ], [ -172.1464541, -13.8245182 ], [ -172.1464058, -13.8244896 ], [ -172.1463334, -13.8244609 ], [ -172.1462972, -13.8244307 ], [ -172.1462797, -13.8243828 ], [ -172.14628110000001, -13.8243604 ], [ -172.1462905, -13.8243411 ], [ -172.1462797, -13.8243072 ], [ -172.1462797, -13.8242838 ], [ -172.14629450000001, -13.824251 ], [ -172.146324, -13.8241989 ], [ -172.1463401, -13.8241624 ], [ -172.1463602, -13.8241275 ], [ -172.146376299999986, -13.8241093 ], [ -172.1463723, -13.8240869 ], [ -172.1463321, -13.8240713 ], [ -172.146248899999989, -13.8240504 ], [ -172.1461912, -13.8240286 ], [ -172.1461309, -13.8239983 ], [ -172.1461081, -13.8239634 ], [ -172.1461108, -13.8239322 ], [ -172.1461175, -13.8239072 ], [ -172.146147, -13.8238837 ], [ -172.146160400000014, -13.8238551 ], [ -172.1461832, -13.8237994 ], [ -172.1461912, -13.8237681 ], [ -172.146202, -13.8237316 ], [ -172.146202, -13.8236743 ], [ -172.1461912, -13.8236405 ], [ -172.1461725, -13.8236144 ], [ -172.146145600000011, -13.8235884 ], [ -172.1461215, -13.8235728 ], [ -172.1460705, -13.8235545 ], [ -172.146046399999989, -13.8235077 ], [ -172.1460343, -13.823467 ], [ -172.1460209, -13.8234306 ], [ -172.1460169, -13.8233592 ], [ -172.1460169, -13.8233045 ], [ -172.146041, -13.823268 ], [ -172.1460451, -13.8232326 ], [ -172.1460893, -13.8231899 ], [ -172.146118800000011, -13.8231743 ], [ -172.146143, -13.8231456 ], [ -172.146151, -13.8231144 ], [ -172.1461644, -13.8230727 ], [ -172.1461483, -13.8230571 ], [ -172.1461376, -13.8230232 ], [ -172.146113500000013, -13.8229841 ], [ -172.1460839, -13.8229242 ], [ -172.1460477, -13.822894 ], [ -172.146026299999988, -13.8228576 ], [ -172.1460209, -13.8228341 ], [ -172.1460343, -13.8228055 ], [ -172.1460477, -13.822782 ], [ -172.1460813, -13.8227549 ], [ -172.1461, -13.8227419 ], [ -172.146132200000011, -13.8227107 ], [ -172.1461483, -13.8226768 ], [ -172.146159, -13.8226325 ], [ -172.146159, -13.8225987 ], [ -172.1461483, -13.822544 ], [ -172.146126900000013, -13.8225023 ], [ -172.1461081, -13.8224684 ], [ -172.1461081, -13.8224268 ], [ -172.1460866, -13.8224138 ], [ -172.146073199999989, -13.8223486 ], [ -172.1460813, -13.8223148 ], [ -172.1460813, -13.8222497 ], [ -172.1460866, -13.8221767 ], [ -172.1460947, -13.8221247 ], [ -172.1460947, -13.8220778 ], [ -172.1460947, -13.8220048 ], [ -172.1461, -13.8219397 ], [ -172.1461081, -13.8218981 ], [ -172.1461, -13.8218408 ], [ -172.146140300000013, -13.8217782 ], [ -172.1461778, -13.8217053 ], [ -172.1462055, -13.8216248 ] ] ], [ [ [ -172.488951249999985, -13.468202911339219 ], [ -172.4895608, -13.4684343 ], [ -172.4904286, -13.4684066 ], [ -172.4916092, -13.4684657 ], [ -172.4918884, -13.4682581 ], [ -172.4925517, -13.4682046 ], [ -172.4930257, -13.468111 ], [ -172.4934891, -13.468153 ], [ -172.4939958, -13.4682753 ], [ -172.4944121, -13.4685675 ], [ -172.4949249, -13.4689259 ], [ -172.4955909, -13.4694019 ], [ -172.495983599999988, -13.4701083 ], [ -172.4962357, -13.4714177 ], [ -172.4973995, -13.4721204 ], [ -172.4985188, -13.4725996 ], [ -172.499749, -13.4726589 ], [ -172.500582, -13.4725852 ], [ -172.5018834, -13.4727164 ], [ -172.5025336, -13.4727167 ], [ -172.503802799999988, -13.4724916 ], [ -172.5048241, -13.4725667 ], [ -172.5068101, -13.4732921 ], [ -172.5077781, -13.4737838 ], [ -172.5084105, -13.4746051 ], [ -172.510133599999989, -13.4758913 ], [ -172.5118821, -13.4768897 ], [ -172.513698799999986, -13.4775369 ], [ -172.514740100000012, -13.4773438 ], [ -172.515711, -13.4768703 ], [ -172.5175561, -13.4758793 ], [ -172.518245900000011, -13.4759339 ], [ -172.519822299999987, -13.47575 ], [ -172.521946, -13.4759252 ], [ -172.52320370000001, -13.4759023 ], [ -172.5253731, -13.4751484 ], [ -172.5269508, -13.4745877 ], [ -172.5283353, -13.4735516 ], [ -172.5297644, -13.4732326 ], [ -172.5310723, -13.4733163 ], [ -172.5325703, -13.4734705 ], [ -172.534395499999988, -13.4744001 ], [ -172.5384915, -13.4753441 ], [ -172.5415353, -13.4754917 ], [ -172.5427109, -13.4752575 ], [ -172.5438455, -13.4757432 ], [ -172.5444498, -13.4754977 ], [ -172.5446129, -13.4759286 ], [ -172.545062699999988, -13.4761869 ], [ -172.545790899999986, -13.4764863 ], [ -172.5461023, -13.4769451 ], [ -172.5467653, -13.4775865 ], [ -172.548025700000011, -13.4781376 ], [ -172.5489811, -13.4788886 ], [ -172.5499341, -13.4794564 ], [ -172.551181899999989, -13.4798065 ], [ -172.551873300000011, -13.4804366 ], [ -172.5518199, -13.4809769 ], [ -172.5539681, -13.4816853 ], [ -172.5547527, -13.481976 ], [ -172.5555372, -13.4818307 ], [ -172.5582961, -13.4824095 ], [ -172.559193599999986, -13.4820744 ], [ -172.5602163, -13.4822006 ], [ -172.560871100000014, -13.482667 ], [ -172.5613919, -13.482903 ], [ -172.5616006, -13.4826764 ], [ -172.562221599999987, -13.4824826 ], [ -172.5631931, -13.4825494 ], [ -172.5636911, -13.4831146 ], [ -172.564787599999988, -13.4835783 ], [ -172.5656046, -13.4837742 ], [ -172.5659887, -13.4841996 ], [ -172.5670254, -13.4845358 ], [ -172.567709799999989, -13.4851928 ], [ -172.5681282, -13.485511 ], [ -172.5683321, -13.4855423 ], [ -172.568556699999988, -13.4857121 ], [ -172.5689668, -13.4856712 ], [ -172.569099200000011, -13.4857196 ], [ -172.569185, -13.4858918 ], [ -172.569362, -13.4857666 ], [ -172.5694928, -13.4857583 ], [ -172.5694375, -13.4862515 ], [ -172.5698126, -13.4863665 ], [ -172.5700165, -13.4862934 ], [ -172.5701238, -13.4865282 ], [ -172.570392, -13.4865021 ], [ -172.5706495, -13.4865908 ], [ -172.57073, -13.486669 ], [ -172.571054299999986, -13.4867779 ], [ -172.571432499999986, -13.4864232 ], [ -172.5715453, -13.486669 ], [ -172.571658, -13.4867421 ], [ -172.5717104, -13.4870603 ], [ -172.5722793, -13.4873058 ], [ -172.572887400000013, -13.4874631 ], [ -172.5732834, -13.4871802 ], [ -172.5734926, -13.4872794 ], [ -172.5736321, -13.4873472 ], [ -172.5738038, -13.487175 ], [ -172.5738199, -13.4873524 ], [ -172.574007599999987, -13.4873576 ], [ -172.57419680000001, -13.4872033 ], [ -172.574249, -13.4874463 ], [ -172.574372399999987, -13.4874776 ], [ -172.574479700000012, -13.4875871 ], [ -172.574608399999988, -13.4876236 ], [ -172.5747582, -13.4878379 ], [ -172.5749142, -13.4877645 ], [ -172.5750966, -13.4877749 ], [ -172.575209199999989, -13.4879366 ], [ -172.5753594, -13.4878688 ], [ -172.575515, -13.4879888 ], [ -172.575702799999988, -13.4878114 ], [ -172.575810100000012, -13.4879836 ], [ -172.5759549, -13.4879105 ], [ -172.5760622, -13.4880931 ], [ -172.5762875, -13.4881296 ], [ -172.576389400000011, -13.4879418 ], [ -172.5764323, -13.4880618 ], [ -172.576410900000013, -13.488187 ], [ -172.57684, -13.4881192 ], [ -172.5770761, -13.4884165 ], [ -172.577145800000011, -13.4882757 ], [ -172.5772585, -13.4882288 ], [ -172.5774796, -13.4884988 ], [ -172.5777091, -13.4886043 ], [ -172.5778593, -13.4885052 ], [ -172.5779934, -13.4888026 ], [ -172.5781489, -13.488813 ], [ -172.5783099, -13.4886774 ], [ -172.578542, -13.4886378 ], [ -172.5786532, -13.4889278 ], [ -172.5788356, -13.4891416 ], [ -172.57955290000001, -13.4894239 ], [ -172.579887, -13.4897259 ], [ -172.5800748, -13.4896685 ], [ -172.5802142, -13.4898198 ], [ -172.58020350000001, -13.4899502 ], [ -172.5803376, -13.4899815 ], [ -172.5804426, -13.4900783 ], [ -172.58056830000001, -13.4901693 ], [ -172.5806327, -13.4903518 ], [ -172.580804300000011, -13.4903362 ], [ -172.580874200000011, -13.4908183 ], [ -172.581217400000014, -13.4911656 ], [ -172.5816587, -13.4914479 ], [ -172.5818902, -13.4918295 ], [ -172.582472200000012, -13.4925094 ], [ -172.5836272, -13.493844 ], [ -172.585022400000014, -13.4949046 ], [ -172.5853335, -13.4951759 ], [ -172.5857251, -13.4953689 ], [ -172.5859021, -13.4951654 ], [ -172.5861006, -13.4952228 ], [ -172.5861382, -13.4955723 ], [ -172.586669199999989, -13.4959739 ], [ -172.588053300000013, -13.4961096 ], [ -172.5894695, -13.4959531 ], [ -172.59036, -13.4957653 ], [ -172.591397300000011, -13.4952506 ], [ -172.5919854, -13.494962 ], [ -172.5926988, -13.4948055 ], [ -172.5944429, -13.4945328 ], [ -172.5967166, -13.4937759 ], [ -172.5976186, -13.49299 ], [ -172.598478300000011, -13.4926002 ], [ -172.599107299999986, -13.4929046 ], [ -172.5997888, -13.4923044 ], [ -172.600033, -13.4919485 ], [ -172.6005, -13.4918213 ], [ -172.60109940000001, -13.4920285 ], [ -172.6010417, -13.4924389 ], [ -172.6012354, -13.4927963 ], [ -172.6018076, -13.4927659 ], [ -172.602311899999989, -13.4927477 ], [ -172.6026668, -13.4930202 ], [ -172.6028302, -13.4933933 ], [ -172.603958299999988, -13.4933273 ], [ -172.6048582, -13.4936302 ], [ -172.606054199999988, -13.4938125 ], [ -172.607814, -13.4934358 ], [ -172.6102639, -13.4926458 ], [ -172.6108113, -13.4922391 ], [ -172.6115651, -13.492128 ], [ -172.612347199999988, -13.4924627 ], [ -172.6141362, -13.4924878 ], [ -172.614521700000012, -13.4929549 ], [ -172.6142859, -13.4932681 ], [ -172.615190399999989, -13.4932082 ], [ -172.6160822, -13.4934059 ], [ -172.617309299999988, -13.4939144 ], [ -172.6181306, -13.4944877 ], [ -172.618146700000011, -13.4948706 ], [ -172.618576600000011, -13.4949773 ], [ -172.6187368, -13.4944491 ], [ -172.6197531, -13.4950297 ], [ -172.6202573, -13.4956989 ], [ -172.6208045, -13.4959328 ], [ -172.621284300000013, -13.4961502 ], [ -172.6215994, -13.4967005 ], [ -172.622834399999988, -13.4984578 ], [ -172.6237229, -13.4992629 ], [ -172.624400799999989, -13.4996576 ], [ -172.6254106, -13.5001401 ], [ -172.6257395, -13.5009866 ], [ -172.627864100000011, -13.5017349 ], [ -172.6297961, -13.5014892 ], [ -172.63179, -13.5019266 ], [ -172.6326924, -13.5020384 ], [ -172.6339865, -13.5028063 ], [ -172.635339, -13.5040821 ], [ -172.6361257, -13.5047283 ], [ -172.6362973, -13.5053334 ], [ -172.63628940000001, -13.5059253 ], [ -172.6361686, -13.5061158 ], [ -172.6361149, -13.5063453 ], [ -172.6363081, -13.5065644 ], [ -172.6363758, -13.5074319 ], [ -172.6359498, -13.5081987 ], [ -172.6358793, -13.5089665 ], [ -172.6357161, -13.5093859 ], [ -172.635592699999989, -13.5096363 ], [ -172.6355605, -13.5098293 ], [ -172.6356491, -13.5104344 ], [ -172.6358985, -13.5104291 ], [ -172.635922599999986, -13.5105465 ], [ -172.6348122, -13.5106613 ], [ -172.634809499999989, -13.5105387 ], [ -172.6353889, -13.510463 ], [ -172.6353272, -13.5099493 ], [ -172.6352253, -13.5099075 ], [ -172.6349007, -13.5099519 ], [ -172.634742499999987, -13.5100901 ], [ -172.634519899999987, -13.5101762 ], [ -172.6343482, -13.5100692 ], [ -172.63408530000001, -13.5103457 ], [ -172.6338734, -13.5102257 ], [ -172.633763499999986, -13.5100797 ], [ -172.633554299999986, -13.510111 ], [ -172.6334309, -13.5102075 ], [ -172.6331975, -13.5101996 ], [ -172.632966900000014, -13.5101579 ], [ -172.63289180000001, -13.5102179 ], [ -172.632878299999987, -13.5103118 ], [ -172.6327603, -13.5102674 ], [ -172.6326316, -13.5103092 ], [ -172.632366, -13.5100445 ], [ -172.6318689, -13.5100347 ], [ -172.6317652, -13.5101018 ], [ -172.6317277, -13.5102348 ], [ -172.6315399, -13.5102427 ], [ -172.6315131, -13.5103626 ], [ -172.6315787, -13.5110826 ], [ -172.6322677, -13.5114962 ], [ -172.6322288, -13.5120053 ], [ -172.632555200000013, -13.5124985 ], [ -172.6329383, -13.5125092 ], [ -172.6335951, -13.5129679 ], [ -172.6338252, -13.5130958 ], [ -172.634106800000012, -13.5131662 ], [ -172.634168499999987, -13.5128454 ], [ -172.6343053, -13.5128819 ], [ -172.634208699999988, -13.5132053 ], [ -172.635219799999987, -13.5144771 ], [ -172.635228899999987, -13.5152673 ], [ -172.6348467, -13.5157203 ], [ -172.635669, -13.5160445 ], [ -172.6355134, -13.5162192 ], [ -172.635642100000013, -13.5164487 ], [ -172.635795, -13.5164852 ], [ -172.636055199999987, -13.516467 ], [ -172.6362483, -13.5166104 ], [ -172.6365487, -13.5165817 ], [ -172.6364173, -13.516819 ], [ -172.636513900000011, -13.5169781 ], [ -172.6366801, -13.5171111 ], [ -172.6369028, -13.5171607 ], [ -172.636884, -13.5174919 ], [ -172.636949, -13.5178625 ], [ -172.637053, -13.51805 ], [ -172.6371924, -13.5180865 ], [ -172.637439199999989, -13.5180447 ], [ -172.6376431, -13.518123 ], [ -172.6376536, -13.5183192 ], [ -172.637659899999989, -13.5184358 ], [ -172.6374346, -13.5186027 ], [ -172.6373744, -13.5190165 ], [ -172.6376323, -13.5190644 ], [ -172.637715500000013, -13.5189314 ], [ -172.637903200000011, -13.5188688 ], [ -172.638075, -13.5189322 ], [ -172.6382653, -13.5187932 ], [ -172.638281400000011, -13.5186576 ], [ -172.6384075, -13.5185637 ], [ -172.638463800000011, -13.5182925 ], [ -172.638659600000011, -13.5180239 ], [ -172.638761499999987, -13.5177631 ], [ -172.639387199999987, -13.5176222 ], [ -172.6395911, -13.517424 ], [ -172.6399451, -13.5175283 ], [ -172.6406598, -13.5173975 ], [ -172.641136, -13.5174344 ], [ -172.6414686, -13.5176326 ], [ -172.641844099999986, -13.5181437 ], [ -172.6421124, -13.5181229 ], [ -172.642445, -13.5178308 ], [ -172.642734600000011, -13.5177682 ], [ -172.6429949, -13.5179131 ], [ -172.6432174, -13.5180081 ], [ -172.643464200000011, -13.5179247 ], [ -172.6435071, -13.5176013 ], [ -172.6438182, -13.5176013 ], [ -172.6440972, -13.5176848 ], [ -172.6445478, -13.5175074 ], [ -172.6449126, -13.5171736 ], [ -172.6451486, -13.5170589 ], [ -172.6453352, -13.5170712 ], [ -172.6454276, -13.5172884 ], [ -172.6456743, -13.5173718 ], [ -172.645823, -13.5173931 ], [ -172.6459491, -13.5173592 ], [ -172.6460966, -13.5172731 ], [ -172.6463058, -13.5172627 ], [ -172.6463917, -13.5173305 ], [ -172.6465311, -13.5173801 ], [ -172.646689400000014, -13.5173618 ], [ -172.6467216, -13.5174948 ], [ -172.646794, -13.5175887 ], [ -172.647121199999987, -13.5177113 ], [ -172.6472526, -13.5178756 ], [ -172.6476925, -13.5179329 ], [ -172.6480991, -13.5176639 ], [ -172.6489865, -13.5173816 ], [ -172.6493537, -13.5171033 ], [ -172.649924700000014, -13.5166704 ], [ -172.6501307, -13.5165481 ], [ -172.65001, -13.5160239 ], [ -172.650117200000011, -13.51599 ], [ -172.6502192, -13.5163291 ], [ -172.650429699999989, -13.5162906 ], [ -172.6512746, -13.5161706 ], [ -172.6513309, -13.5163141 ], [ -172.6512854, -13.5164497 ], [ -172.6512988, -13.5165931 ], [ -172.6513524, -13.5167131 ], [ -172.651671599999986, -13.5165462 ], [ -172.6519184, -13.5162411 ], [ -172.651795, -13.5159203 ], [ -172.6515645, -13.5155567 ], [ -172.6516555, -13.5153909 ], [ -172.6516019, -13.5152892 ], [ -172.6513819, -13.5152187 ], [ -172.651253200000014, -13.5151301 ], [ -172.6511888, -13.5149606 ], [ -172.651076100000012, -13.5148223 ], [ -172.6511432, -13.5147728 ], [ -172.6512612, -13.514765 ], [ -172.651406, -13.5146633 ], [ -172.6516743, -13.5143086 ], [ -172.6519049, -13.5139096 ], [ -172.6520525, -13.5139722 ], [ -172.6521946, -13.5139409 ], [ -172.6523153, -13.5137713 ], [ -172.652588900000012, -13.5136931 ], [ -172.653042199999987, -13.5133593 ], [ -172.6533828, -13.513328 ], [ -172.6537102, -13.5133243 ], [ -172.653935499999989, -13.5130739 ], [ -172.654461199999986, -13.5126567 ], [ -172.654756099999986, -13.5127568 ], [ -172.65503240000001, -13.5126603 ], [ -172.6551585, -13.5124361 ], [ -172.655027, -13.5122066 ], [ -172.655086, -13.512037 ], [ -172.6548929, -13.5118102 ], [ -172.65480980000001, -13.5116302 ], [ -172.6550378, -13.5115155 ], [ -172.654986799999989, -13.5113303 ], [ -172.6547615, -13.5113981 ], [ -172.654718699999989, -13.5112484 ], [ -172.6550943, -13.5109145 ], [ -172.6552604, -13.5108296 ], [ -172.655416, -13.5108191 ], [ -172.6555152, -13.5108661 ], [ -172.6555849, -13.5109652 ], [ -172.6557271, -13.510926 ], [ -172.655877299999986, -13.5108243 ], [ -172.656207200000011, -13.5105036 ], [ -172.6565425, -13.5101515 ], [ -172.656869699999987, -13.5099114 ], [ -172.6567787, -13.5089429 ], [ -172.6563066, -13.5086299 ], [ -172.656263700000011, -13.5083274 ], [ -172.656607, -13.508004 ], [ -172.657358, -13.5079206 ], [ -172.6577872, -13.5075867 ], [ -172.6583264, -13.5073067 ], [ -172.6588386, -13.5072425 ], [ -172.6598257, -13.506627 ], [ -172.66041580000001, -13.5064079 ], [ -172.6611775, -13.5062514 ], [ -172.6619929, -13.5060845 ], [ -172.6619404, -13.50592 ], [ -172.661928499999988, -13.5057715 ], [ -172.6622677, -13.5056644 ], [ -172.662519800000013, -13.5058 ], [ -172.6627439, -13.5057089 ], [ -172.6630294, -13.5056487 ], [ -172.6632011, -13.5058522 ], [ -172.6635551, -13.505727 ], [ -172.663748199999986, -13.5055444 ], [ -172.6640486, -13.505534 ], [ -172.664247100000011, -13.5056853 ], [ -172.6643008, -13.50592 ], [ -172.664059400000014, -13.5063216 ], [ -172.664392, -13.5065407 ], [ -172.664492700000011, -13.5067626 ], [ -172.664750199999986, -13.507013 ], [ -172.6654368, -13.5071486 ], [ -172.6669076, -13.5076886 ], [ -172.667464200000012, -13.508219 ], [ -172.668091, -13.508829 ], [ -172.668319, -13.5091775 ], [ -172.6692851, -13.5095475 ], [ -172.6703843, -13.5096153 ], [ -172.6710909, -13.5094019 ], [ -172.671327, -13.5091724 ], [ -172.6719707, -13.5094854 ], [ -172.672217100000012, -13.510037 ], [ -172.6717147, -13.5110041 ], [ -172.6719934, -13.5115611 ], [ -172.6724462, -13.5119894 ], [ -172.6740131, -13.5128609 ], [ -172.6751643, -13.5135015 ], [ -172.675563399999987, -13.513467 ], [ -172.6758563, -13.5142139 ], [ -172.6760348, -13.5145241 ], [ -172.676458599999989, -13.5147483 ], [ -172.6767563, -13.51485 ], [ -172.677062, -13.5148787 ], [ -172.677349, -13.5149335 ], [ -172.6777138, -13.5150874 ], [ -172.6781255, -13.5150334 ], [ -172.678383, -13.5149864 ], [ -172.678576600000014, -13.5149165 ], [ -172.6785337, -13.5145921 ], [ -172.678728, -13.5140849 ], [ -172.6791464, -13.5135633 ], [ -172.6791796, -13.5134154 ], [ -172.6787816, -13.5130417 ], [ -172.67861, -13.5124262 ], [ -172.678931799999987, -13.5119463 ], [ -172.6791035, -13.51131 ], [ -172.678770899999989, -13.5110596 ], [ -172.6785563, -13.5106528 ], [ -172.6788138, -13.510319 ], [ -172.679345899999987, -13.5102312 ], [ -172.6798646, -13.5103589 ], [ -172.682764600000013, -13.5096931 ], [ -172.683523799999989, -13.5100582 ], [ -172.6843495, -13.5104553 ], [ -172.6844894, -13.5105589 ], [ -172.68487780000001, -13.5107094 ], [ -172.6850365, -13.5108927 ], [ -172.6854079, -13.511221 ], [ -172.685280299999988, -13.5117371 ], [ -172.6858105, -13.5122488 ], [ -172.6859163, -13.5133964 ], [ -172.6862157, -13.5137916 ], [ -172.6864498, -13.5145006 ], [ -172.6876407, -13.5151317 ], [ -172.6888989, -13.5155036 ], [ -172.689309, -13.5154916 ], [ -172.6896899, -13.5154499 ], [ -172.6901781, -13.514584 ], [ -172.6903604, -13.5145632 ], [ -172.690519, -13.5146899 ], [ -172.6910125, -13.5153471 ], [ -172.6913558, -13.5154306 ], [ -172.6921927, -13.5154097 ], [ -172.6929973, -13.5156913 ], [ -172.6933243, -13.5156644 ], [ -172.6935996, -13.5155451 ], [ -172.6937964, -13.5153462 ], [ -172.693807099999987, -13.5151245 ], [ -172.6941021, -13.5150072 ], [ -172.6942872, -13.5150593 ], [ -172.694386400000013, -13.5154062 ], [ -172.6943492, -13.5157539 ], [ -172.6947217, -13.5159643 ], [ -172.6948317, -13.5161286 ], [ -172.694837, -13.5162355 ], [ -172.6947676, -13.5162964 ], [ -172.694711, -13.516405 ], [ -172.6946654, -13.5165146 ], [ -172.6954864, -13.5172039 ], [ -172.696098, -13.5174334 ], [ -172.696742699999987, -13.5176813 ], [ -172.6970001, -13.5177439 ], [ -172.6972912, -13.5177712 ], [ -172.69780080000001, -13.5177973 ], [ -172.69796980000001, -13.5178508 ], [ -172.698091299999987, -13.5178331 ], [ -172.6981763, -13.5177217 ], [ -172.698246, -13.5177452 ], [ -172.698342599999989, -13.5178404 ], [ -172.6985451, -13.518092 ], [ -172.698630900000012, -13.5181716 ], [ -172.698753, -13.5182081 ], [ -172.6989206, -13.5181351 ], [ -172.698895099999987, -13.5182772 ], [ -172.698919600000011, -13.5184244 ], [ -172.6990467, -13.5185627 ], [ -172.6990386, -13.5186749 ], [ -172.6991365, -13.5188261 ], [ -172.6992854, -13.5188848 ], [ -172.6994517, -13.51892 ], [ -172.699604599999986, -13.5190009 ], [ -172.6996287, -13.5191521 ], [ -172.6997092, -13.5192747 ], [ -172.699917, -13.5192995 ], [ -172.700067600000011, -13.5192172 ], [ -172.70025, -13.5189773 ], [ -172.7003891, -13.5189565 ], [ -172.7004968, -13.5190712 ], [ -172.7006386, -13.5193673 ], [ -172.700826299999989, -13.5194938 ], [ -172.7010118, -13.519478 ], [ -172.7013551, -13.5193424 ], [ -172.701635, -13.5193712 ], [ -172.7018818, -13.5193086 ], [ -172.702575700000011, -13.5190908 ], [ -172.703329200000013, -13.5184766 ], [ -172.704273300000011, -13.5181115 ], [ -172.7049063, -13.5181845 ], [ -172.705421300000012, -13.5180072 ], [ -172.7062152, -13.5174334 ], [ -172.7070414, -13.51735 ], [ -172.707534900000013, -13.5169953 ], [ -172.7077817, -13.5170892 ], [ -172.7080177, -13.5169119 ], [ -172.7084039, -13.5169014 ], [ -172.7090047, -13.5170996 ], [ -172.709745, -13.5168806 ], [ -172.710313899999989, -13.5165754 ], [ -172.710657200000014, -13.5163563 ], [ -172.7107967, -13.5162102 ], [ -172.710904, -13.5161059 ], [ -172.7112473, -13.516012 ], [ -172.711644299999989, -13.5158869 ], [ -172.7118481, -13.5157825 ], [ -172.7121378, -13.5156887 ], [ -172.712288, -13.5156991 ], [ -172.712459700000011, -13.5157617 ], [ -172.712717199999986, -13.5157408 ], [ -172.712878100000012, -13.5156887 ], [ -172.7130176, -13.5158138 ], [ -172.713189199999988, -13.5161372 ], [ -172.7133609, -13.5162624 ], [ -172.7136291, -13.516252 ], [ -172.7139617, -13.5161268 ], [ -172.7143158, -13.5160746 ], [ -172.7148737, -13.5160329 ], [ -172.7156891, -13.5159077 ], [ -172.716397199999989, -13.515793 ], [ -172.7172984, -13.5156156 ], [ -172.7181352, -13.5153966 ], [ -172.7188863, -13.5151984 ], [ -172.7193047, -13.5150106 ], [ -172.7197017, -13.5148854 ], [ -172.719980600000014, -13.5147707 ], [ -172.721193, -13.5140509 ], [ -172.721568499999989, -13.5138318 ], [ -172.7216436, -13.5136336 ], [ -172.721836700000011, -13.5135084 ], [ -172.722201500000011, -13.5134771 ], [ -172.7226092, -13.5133937 ], [ -172.723295799999988, -13.5131224 ], [ -172.723660599999988, -13.5129138 ], [ -172.7241541, -13.5125904 ], [ -172.7245618, -13.5119854 ], [ -172.7246476, -13.5116203 ], [ -172.7249481, -13.5115159 ], [ -172.7250875, -13.5115055 ], [ -172.725337912500009, -13.51152356565844 ], [ -172.7253772, -13.5115264 ], [ -172.7257205, -13.5114951 ], [ -172.7258922, -13.5114429 ], [ -172.726063900000014, -13.5112447 ], [ -172.726224800000011, -13.5109318 ], [ -172.726460800000012, -13.5105666 ], [ -172.7267398, -13.5103371 ], [ -172.7269973, -13.5101807 ], [ -172.727523, -13.5099199 ], [ -172.7286924, -13.509054 ], [ -172.7289714, -13.5088454 ], [ -172.729282500000011, -13.5085741 ], [ -172.729561499999988, -13.5084281 ], [ -172.7299155, -13.5081881 ], [ -172.730301700000012, -13.5079586 ], [ -172.730688, -13.5077291 ], [ -172.731031300000012, -13.5076665 ], [ -172.731439, -13.5074162 ], [ -172.7318252, -13.5073327 ], [ -172.7322115, -13.5072075 ], [ -172.7326299, -13.5070928 ], [ -172.7328981, -13.5069259 ], [ -172.7330805, -13.5068007 ], [ -172.7332414, -13.5066546 ], [ -172.7333702, -13.5063104 ], [ -172.733380899999986, -13.5060704 ], [ -172.7333702, -13.5056427 ], [ -172.733380899999986, -13.5054132 ], [ -172.7334131, -13.5052046 ], [ -172.7334989, -13.5050376 ], [ -172.7336384, -13.5048081 ], [ -172.7338208, -13.5045265 ], [ -172.7340461, -13.5041822 ], [ -172.7341427, -13.5040153 ], [ -172.7343358, -13.5036502 ], [ -172.734689800000012, -13.5033998 ], [ -172.7349259, -13.5032224 ], [ -172.73521550000001, -13.5030347 ], [ -172.7354623, -13.5028886 ], [ -172.735634, -13.5027321 ], [ -172.735784200000012, -13.5027321 ], [ -172.736041699999987, -13.502753 ], [ -172.7361704, -13.5027008 ], [ -172.7365245, -13.5024922 ], [ -172.736985800000014, -13.5021479 ], [ -172.737254, -13.5020227 ], [ -172.7373935, -13.5020227 ], [ -172.7376295, -13.5018975 ], [ -172.7379836, -13.5016576 ], [ -172.738133800000014, -13.501522 ], [ -172.7382625, -13.5013446 ], [ -172.7384342, -13.5011047 ], [ -172.738895500000012, -13.5006039 ], [ -172.7392174, -13.5003223 ], [ -172.7393462, -13.5001866 ], [ -172.7394105, -13.5000197 ], [ -172.7394534, -13.4997276 ], [ -172.7395071, -13.4994146 ], [ -172.739571500000011, -13.4992894 ], [ -172.7396895, -13.4990599 ], [ -172.7400113, -13.4988826 ], [ -172.740354700000012, -13.4986739 ], [ -172.740612199999987, -13.4985696 ], [ -172.7407624, -13.4985592 ], [ -172.741137900000012, -13.498507 ], [ -172.7413417, -13.4983505 ], [ -172.741427499999986, -13.4983297 ], [ -172.7417494, -13.4982462 ], [ -172.7422751, -13.4981523 ], [ -172.742940299999987, -13.4981001 ], [ -172.7433265, -13.498048 ], [ -172.743669899999986, -13.4980584 ], [ -172.7439274, -13.4980688 ], [ -172.7442814, -13.4980688 ], [ -172.744506699999988, -13.498121 ], [ -172.74477490000001, -13.4981627 ], [ -172.744925099999989, -13.4981523 ], [ -172.745343600000012, -13.4980063 ], [ -172.7457513, -13.4979019 ], [ -172.7459337, -13.4978289 ], [ -172.7461697, -13.4977767 ], [ -172.7464165, -13.4977767 ], [ -172.746620299999989, -13.4977454 ], [ -172.7470387, -13.4976098 ], [ -172.7472104, -13.4975472 ], [ -172.747435700000011, -13.4974325 ], [ -172.7477361, -13.4973907 ], [ -172.7481545, -13.4973803 ], [ -172.748412, -13.4973594 ], [ -172.7486802, -13.4973386 ], [ -172.7498819, -13.4971508 ], [ -172.7500964, -13.4971299 ], [ -172.7505363, -13.497036 ], [ -172.7509226, -13.4968482 ], [ -172.7513088, -13.4966918 ], [ -172.7514483, -13.4965666 ], [ -172.7518131, -13.4962745 ], [ -172.7525641, -13.4955859 ], [ -172.752607, -13.4953773 ], [ -172.7527465, -13.4951999 ], [ -172.7530147, -13.4950851 ], [ -172.753122, -13.4949182 ], [ -172.7531756, -13.4947513 ], [ -172.7533473, -13.4945322 ], [ -172.7534224, -13.4943653 ], [ -172.7535833, -13.4941671 ], [ -172.753883699999989, -13.4937289 ], [ -172.7540339, -13.4935515 ], [ -172.7541627, -13.4933742 ], [ -172.7543772, -13.4929777 ], [ -172.7544953, -13.4926126 ], [ -172.7545811, -13.49231 ], [ -172.754624, -13.4921536 ], [ -172.7547528, -13.491778 ], [ -172.7547528, -13.4915067 ], [ -172.7548171, -13.4913294 ], [ -172.7548708, -13.4911937 ], [ -172.7550746, -13.4910477 ], [ -172.7552248, -13.4909642 ], [ -172.7553536, -13.4908495 ], [ -172.7554179, -13.4906825 ], [ -172.755493, -13.4905782 ], [ -172.7555896, -13.490526 ], [ -172.75579350000001, -13.490453 ], [ -172.756104599999986, -13.4903696 ], [ -172.7563728, -13.4903174 ], [ -172.7566196, -13.4902131 ], [ -172.7566947, -13.4901818 ], [ -172.75692, -13.4900983 ], [ -172.7570916, -13.4900357 ], [ -172.757231100000013, -13.4899522 ], [ -172.7573491, -13.4899001 ], [ -172.7574564, -13.4899522 ], [ -172.7575315, -13.489994 ], [ -172.757649500000014, -13.4900253 ], [ -172.7577997, -13.49014 ], [ -172.7581109, -13.4902965 ], [ -172.7582611, -13.4903278 ], [ -172.7585508, -13.4904739 ], [ -172.7589692, -13.4906408 ], [ -172.759108700000013, -13.4906825 ], [ -172.759344700000014, -13.4908599 ], [ -172.7594842, -13.4909955 ], [ -172.75963440000001, -13.4910581 ], [ -172.759806, -13.4911937 ], [ -172.7598275, -13.4913294 ], [ -172.759870400000011, -13.4915067 ], [ -172.760127899999986, -13.4916945 ], [ -172.760310299999986, -13.4919345 ], [ -172.7608789, -13.492477 ], [ -172.761018400000012, -13.4926856 ], [ -172.7611686, -13.4929256 ], [ -172.7613188, -13.4934263 ], [ -172.7613188, -13.4939271 ], [ -172.7615012, -13.4945948 ], [ -172.7615227, -13.4951164 ], [ -172.7615978, -13.4956068 ], [ -172.7617909, -13.4961701 ], [ -172.7619411, -13.4962953 ], [ -172.762037600000014, -13.4964101 ], [ -172.7622308, -13.4964831 ], [ -172.762499, -13.4965561 ], [ -172.762722599999989, -13.4966899 ], [ -172.7627779, -13.4967231 ], [ -172.7633036, -13.4971925 ], [ -172.763625499999989, -13.4973386 ], [ -172.7638615, -13.4974429 ], [ -172.764494500000012, -13.4976828 ], [ -172.7647091, -13.4977141 ], [ -172.7651597, -13.497662 ], [ -172.7654494, -13.4976202 ], [ -172.76593170000001, -13.4974116 ], [ -172.766242799999986, -13.4972968 ], [ -172.7674766, -13.4966187 ], [ -172.7678307, -13.4963475 ], [ -172.7685495, -13.4957633 ], [ -172.7687963, -13.4955859 ], [ -172.769064500000013, -13.4955546 ], [ -172.769322, -13.4955546 ], [ -172.769794100000013, -13.4955337 ], [ -172.7700194, -13.4954816 ], [ -172.770083699999986, -13.4953877 ], [ -172.7701266, -13.4952103 ], [ -172.7702768, -13.4950121 ], [ -172.7702983, -13.4948661 ], [ -172.7703841, -13.4946991 ], [ -172.7704378, -13.4944905 ], [ -172.770824, -13.4941775 ], [ -172.7710171, -13.4940106 ], [ -172.771178099999986, -13.493948 ], [ -172.7711888, -13.4937915 ], [ -172.771392600000013, -13.4936246 ], [ -172.7716931, -13.4936246 ], [ -172.771870299999989, -13.4935987 ], [ -172.772122200000013, -13.493562 ], [ -172.7728196, -13.493249 ], [ -172.7732273, -13.4931029 ], [ -172.7736993, -13.4931029 ], [ -172.7741929, -13.4930821 ], [ -172.7746971, -13.4930716 ], [ -172.775072599999987, -13.4929256 ], [ -172.7754481, -13.4926752 ], [ -172.7757378, -13.4925187 ], [ -172.7761884, -13.4922162 ], [ -172.776510300000012, -13.4921536 ], [ -172.7769824, -13.4921223 ], [ -172.7771282, -13.4921361 ], [ -172.777422300000012, -13.492164 ], [ -172.7777441, -13.491924 ], [ -172.7781304, -13.491924 ], [ -172.7788921, -13.4920388 ], [ -172.779171100000013, -13.4921431 ], [ -172.779203200000012, -13.4923205 ], [ -172.7791925, -13.4925083 ], [ -172.7793213, -13.4927378 ], [ -172.779750400000012, -13.4929882 ], [ -172.780372699999987, -13.493249 ], [ -172.7809091, -13.4934368 ], [ -172.7812846, -13.4934889 ], [ -172.7815636, -13.4934994 ], [ -172.7817889, -13.4934785 ], [ -172.7821108, -13.4933638 ], [ -172.78220730000001, -13.4934055 ], [ -172.78238970000001, -13.4934159 ], [ -172.7825506, -13.4933846 ], [ -172.782668699999988, -13.493322 ], [ -172.7827652, -13.493176 ], [ -172.7831085, -13.4928525 ], [ -172.7832909, -13.4927587 ], [ -172.7837415, -13.4925187 ], [ -172.784084900000011, -13.4925709 ], [ -172.7843638, -13.4926961 ], [ -172.7846213, -13.492863 ], [ -172.7848788, -13.4930925 ], [ -172.786788699999988, -13.4977026 ], [ -172.788679800000011, -13.4995975 ], [ -172.7892539, -13.5002605 ], [ -172.7901071, -13.5009638 ], [ -172.7910123, -13.5008748 ], [ -172.7915869, -13.5008569 ], [ -172.7920891, -13.5005421 ], [ -172.7925744, -13.5005517 ], [ -172.792736, -13.5010903 ], [ -172.793018600000011, -13.5016281 ], [ -172.793223899999987, -13.5028515 ], [ -172.7932208, -13.5038015 ], [ -172.7936876, -13.5046095 ], [ -172.7942083, -13.5051481 ], [ -172.794053600000012, -13.5057017 ], [ -172.7938882, -13.5057078 ], [ -172.793977399999989, -13.5060826 ], [ -172.7942059, -13.5065142 ], [ -172.794383, -13.5068799 ], [ -172.795176, -13.5080695 ], [ -172.7958207, -13.5089293 ], [ -172.796379300000012, -13.509361 ], [ -172.796836399999989, -13.5096784 ], [ -172.797179199999988, -13.51011 ], [ -172.7974179, -13.5104363 ], [ -172.7976238, -13.5103545 ], [ -172.7976732, -13.5104709 ], [ -172.7977225, -13.5106597 ], [ -172.797745, -13.5108303 ], [ -172.7980782, -13.511248 ], [ -172.7984966, -13.5115845 ], [ -172.7987488, -13.5114123 ], [ -172.798826600000012, -13.5114384 ], [ -172.7988954, -13.5115046 ], [ -172.7989589, -13.5117014 ], [ -172.798971599999987, -13.5118094 ], [ -172.798901699999988, -13.5118538 ], [ -172.799255, -13.5119533 ], [ -172.7995154, -13.5122048 ], [ -172.7999131, -13.5123463 ], [ -172.8004963, -13.5126304 ], [ -172.8012761, -13.5130653 ], [ -172.802022099999988, -13.5134671 ], [ -172.80276760000001, -13.5138642 ], [ -172.8032498, -13.5142631 ], [ -172.8035012, -13.5145773 ], [ -172.803845700000011, -13.5151936 ], [ -172.8038603, -13.5155199 ], [ -172.804066799999987, -13.515888 ], [ -172.803986, -13.5159778 ], [ -172.8037885, -13.5159239 ], [ -172.80344740000001, -13.5160586 ], [ -172.8029128, -13.5165999 ], [ -172.8022758, -13.5170724 ], [ -172.801490300000012, -13.5179887 ], [ -172.8009696, -13.5186889 ], [ -172.8004728, -13.5193905 ], [ -172.8002693, -13.5200086 ], [ -172.8001198, -13.5210993 ], [ -172.7994075, -13.521849 ], [ -172.7984844, -13.5224473 ], [ -172.797874799999988, -13.5229939 ], [ -172.7973629, -13.5233999 ], [ -172.796598100000011, -13.5241008 ], [ -172.7959521, -13.5247169 ], [ -172.7946397, -13.5261756 ], [ -172.7940211, -13.5268045 ], [ -172.793382, -13.5275583 ], [ -172.7933208, -13.528214 ], [ -172.793042500000013, -13.5288334 ], [ -172.7928527, -13.5293176 ], [ -172.792503900000014, -13.5294525 ], [ -172.792207600000012, -13.5294529 ], [ -172.7919652, -13.5295785 ], [ -172.7919908, -13.5297828 ], [ -172.7922551, -13.5299074 ], [ -172.7925667, -13.5302698 ], [ -172.7926296, -13.530593 ], [ -172.7923154, -13.530997 ], [ -172.7920631, -13.5319125 ], [ -172.7916554, -13.5343116 ], [ -172.7915596, -13.5353443 ], [ -172.7913289, -13.535579 ], [ -172.79102850000001, -13.5357824 ], [ -172.790932, -13.5361318 ], [ -172.7907442, -13.5363352 ], [ -172.7904967, -13.5363144 ], [ -172.7901094, -13.5365118 ], [ -172.7894782, -13.536815 ], [ -172.7890866, -13.5366794 ], [ -172.7889042, -13.5369871 ], [ -172.7886843, -13.5373105 ], [ -172.788281899999987, -13.5375243 ], [ -172.7880405, -13.5379572 ], [ -172.788206800000012, -13.538218 ], [ -172.787885, -13.5381867 ], [ -172.7875631, -13.5383066 ], [ -172.7875953, -13.5386352 ], [ -172.787788400000011, -13.5387969 ], [ -172.787520199999989, -13.5391776 ], [ -172.7874397, -13.5394644 ], [ -172.787665, -13.5396939 ], [ -172.787520199999989, -13.5401476 ], [ -172.787858199999988, -13.5404293 ], [ -172.7878421, -13.5407995 ], [ -172.7876168, -13.5411594 ], [ -172.78737, -13.5412428 ], [ -172.7874497, -13.5417592 ], [ -172.7871661, -13.5428335 ], [ -172.786763799999989, -13.5429743 ], [ -172.7869569, -13.5432403 ], [ -172.7869569, -13.543694 ], [ -172.7866343, -13.5440748 ], [ -172.786090699999988, -13.5447836 ], [ -172.7846471, -13.5454374 ], [ -172.782493, -13.545681 ], [ -172.781492500000013, -13.5461043 ], [ -172.7808407, -13.5467449 ], [ -172.7801858, -13.5474016 ], [ -172.7786735, -13.5485807 ], [ -172.778223200000014, -13.5489613 ], [ -172.7772688, -13.5502495 ], [ -172.7767699, -13.5509118 ], [ -172.7760779, -13.5514229 ], [ -172.7752625, -13.552711 ], [ -172.7742647, -13.5532951 ], [ -172.7739697, -13.553389 ], [ -172.773937499999988, -13.5538322 ], [ -172.7735942, -13.5538687 ], [ -172.7734922, -13.5542129 ], [ -172.7730202, -13.5545728 ], [ -172.772660800000011, -13.5549013 ], [ -172.772344299999986, -13.55487 ], [ -172.7722262, -13.5553029 ], [ -172.771614699999986, -13.5557201 ], [ -172.7708154, -13.5557618 ], [ -172.770595500000013, -13.5563719 ], [ -172.770236, -13.556617 ], [ -172.770177, -13.5568778 ], [ -172.770048300000013, -13.5568569 ], [ -172.769844400000011, -13.556956 ], [ -172.7697532, -13.5573628 ], [ -172.7696138, -13.5574097 ], [ -172.7695172, -13.5573889 ], [ -172.7693777, -13.5571072 ], [ -172.7690605, -13.5571125 ], [ -172.769131, -13.5578217 ], [ -172.7689746, -13.5581346 ], [ -172.7687501, -13.5587708 ], [ -172.7684222, -13.5588193 ], [ -172.768090300000011, -13.5593497 ], [ -172.767591399999986, -13.5598451 ], [ -172.7673285, -13.5600067 ], [ -172.7669477, -13.5599494 ], [ -172.766808200000014, -13.5601528 ], [ -172.76652390000001, -13.5602623 ], [ -172.766491699999989, -13.5606169 ], [ -172.764079, -13.5632325 ], [ -172.7631284, -13.5642964 ], [ -172.762410100000011, -13.5647866 ], [ -172.761732599999988, -13.5656397 ], [ -172.760694, -13.5663437 ], [ -172.7595503, -13.5666336 ], [ -172.7580343, -13.5665471 ], [ -172.7569593, -13.5667306 ], [ -172.75605920000001, -13.5666399 ], [ -172.75567190000001, -13.5662279 ], [ -172.7534134, -13.5669997 ], [ -172.7515659, -13.5684598 ], [ -172.7503707, -13.5691148 ], [ -172.7495424, -13.5695139 ], [ -172.749297899999988, -13.5699929 ], [ -172.7487573, -13.5701629 ], [ -172.7486269, -13.5702931 ], [ -172.7484986, -13.5708093 ], [ -172.7481821, -13.5711819 ], [ -172.7477819, -13.5716929 ], [ -172.7472969, -13.5717847 ], [ -172.7471916, -13.5721064 ], [ -172.747086599999989, -13.5725356 ], [ -172.7468131, -13.5731728 ], [ -172.7459172, -13.5735107 ], [ -172.745818, -13.573688 ], [ -172.7456195, -13.5737167 ], [ -172.7451662, -13.573602 ], [ -172.744830900000011, -13.5740426 ], [ -172.744710199999986, -13.5740739 ], [ -172.7446029, -13.5740035 ], [ -172.7445064, -13.5740713 ], [ -172.7445198, -13.5742121 ], [ -172.7443562, -13.5741365 ], [ -172.7442945, -13.5740687 ], [ -172.74421670000001, -13.5740583 ], [ -172.7441872, -13.5741391 ], [ -172.744211299999989, -13.5742512 ], [ -172.744136200000014, -13.5744024 ], [ -172.7439259, -13.5744337 ], [ -172.7437205, -13.5744415 ], [ -172.7435676, -13.5743372 ], [ -172.743404, -13.574233 ], [ -172.743268199999989, -13.5740071 ], [ -172.7430928, -13.5740504 ], [ -172.7430607, -13.5742251 ], [ -172.742907800000012, -13.5743607 ], [ -172.7427597, -13.5747831 ], [ -172.7424974, -13.5748144 ], [ -172.7423552, -13.5746136 ], [ -172.7423526, -13.5744285 ], [ -172.74227590000001, -13.5743238 ], [ -172.7420387, -13.5743294 ], [ -172.7419395, -13.5740746 ], [ -172.7415264, -13.5744024 ], [ -172.741403100000014, -13.5746319 ], [ -172.7412368, -13.5745849 ], [ -172.741128, -13.5748296 ], [ -172.7412031, -13.5750747 ], [ -172.741015299999987, -13.5751425 ], [ -172.7409777, -13.5752259 ], [ -172.741095800000011, -13.5753458 ], [ -172.7408103, -13.5755694 ], [ -172.7404574, -13.5756431 ], [ -172.7401677, -13.5751529 ], [ -172.7398727, -13.5749078 ], [ -172.7395079, -13.5746262 ], [ -172.7390948, -13.574535 ], [ -172.737568, -13.5756987 ], [ -172.7353976, -13.5770639 ], [ -172.734171300000014, -13.5787982 ], [ -172.730729, -13.5828619 ], [ -172.7305072, -13.5836228 ], [ -172.730329500000011, -13.5838892 ], [ -172.730393, -13.5842444 ], [ -172.7301139, -13.5847138 ], [ -172.7298982, -13.5851071 ], [ -172.7285402, -13.5862449 ], [ -172.727892200000014, -13.5871579 ], [ -172.7282715, -13.5874692 ], [ -172.7281453, -13.5877336 ], [ -172.7277837, -13.5879275 ], [ -172.7276449, -13.5880767 ], [ -172.7280945, -13.5883465 ], [ -172.7278303, -13.5886212 ], [ -172.7273609, -13.5886846 ], [ -172.7271466, -13.5889443 ], [ -172.727399, -13.5891921 ], [ -172.7272848, -13.5893443 ], [ -172.7270818, -13.5892936 ], [ -172.726790099999988, -13.5901816 ], [ -172.7265363, -13.5905749 ], [ -172.726183600000013, -13.5907894 ], [ -172.7262445, -13.591298 ], [ -172.7264336, -13.59171 ], [ -172.726276500000012, -13.5924702 ], [ -172.7258017, -13.5923404 ], [ -172.7254321, -13.5924087 ], [ -172.725137912500003, -13.592877150932241 ], [ -172.7246839, -13.5936001 ], [ -172.7241784, -13.5941625 ], [ -172.7231961, -13.5952255 ], [ -172.7228211, -13.5958223 ], [ -172.7221329, -13.5967566 ], [ -172.721630800000014, -13.5976363 ], [ -172.7214141, -13.5982365 ], [ -172.7211204, -13.5985717 ], [ -172.721182, -13.5987571 ], [ -172.720993600000014, -13.5989903 ], [ -172.720751400000012, -13.5990531 ], [ -172.720554, -13.5991159 ], [ -172.720776300000011, -13.5996344 ], [ -172.7206529, -13.5998215 ], [ -172.7204013, -13.5998846 ], [ -172.720033699999988, -13.5997887 ], [ -172.7199799, -13.599986 ], [ -172.720337, -13.6000671 ], [ -172.720338, -13.6007976 ], [ -172.720429200000012, -13.6011203 ], [ -172.7197946, -13.6011652 ], [ -172.719089200000013, -13.6010693 ], [ -172.719521, -13.6014405 ], [ -172.7182665, -13.6014123 ], [ -172.7182269, -13.6016556 ], [ -172.718114, -13.6017891 ], [ -172.7180064, -13.6017891 ], [ -172.717880799999989, -13.6016097 ], [ -172.7176296, -13.6016815 ], [ -172.7176834, -13.6018519 ], [ -172.7177519, -13.6020808 ], [ -172.71764730000001, -13.6023769 ], [ -172.7172514, -13.6025224 ], [ -172.7169429, -13.6027096 ], [ -172.716643, -13.6026887 ], [ -172.716230200000012, -13.6023632 ], [ -172.7161367, -13.6024572 ], [ -172.716083700000013, -13.602632 ], [ -172.716385, -13.6027789 ], [ -172.716079799999989, -13.6030553 ], [ -172.7160374, -13.6033775 ], [ -172.7157987, -13.6032403 ], [ -172.715604500000012, -13.6026548 ], [ -172.715182199999987, -13.6029953 ], [ -172.714975900000013, -13.603085 ], [ -172.7147587, -13.6031763 ], [ -172.7145453, -13.6032689 ], [ -172.7144242, -13.6034977 ], [ -172.714321, -13.6035067 ], [ -172.71404290000001, -13.603861 ], [ -172.7137645, -13.6043702 ], [ -172.7138095, -13.6046361 ], [ -172.7134539, -13.6051038 ], [ -172.71308590000001, -13.605378 ], [ -172.7125309, -13.6055574 ], [ -172.712109700000013, -13.6053429 ], [ -172.7115578, -13.605891 ], [ -172.7109213, -13.6068312 ], [ -172.7102376, -13.6066362 ], [ -172.7093944, -13.6072657 ], [ -172.70846610000001, -13.6079675 ], [ -172.707889099999989, -13.6087769 ], [ -172.707619200000011, -13.6093382 ], [ -172.7074073, -13.609358 ], [ -172.706359600000013, -13.6109567 ], [ -172.7042994, -13.6131043 ], [ -172.703773, -13.6138082 ], [ -172.70317940000001, -13.6138492 ], [ -172.7026665, -13.614021 ], [ -172.702339099999989, -13.6142767 ], [ -172.7019175, -13.6144651 ], [ -172.7014116, -13.6146474 ], [ -172.700877, -13.6146078 ], [ -172.7003925, -13.6149629 ], [ -172.700219299999986, -13.615237 ], [ -172.699968, -13.6155887 ], [ -172.698804700000011, -13.6153666 ], [ -172.6987015, -13.6155774 ], [ -172.6982999, -13.6159018 ], [ -172.69813640000001, -13.6154204 ], [ -172.6979121, -13.6153173 ], [ -172.697611599999988, -13.6153307 ], [ -172.6974591, -13.6154473 ], [ -172.697373, -13.6157065 ], [ -172.6969657, -13.6156043 ], [ -172.696533100000011, -13.6157386 ], [ -172.6963423, -13.6159901 ], [ -172.6963322, -13.6162513 ], [ -172.6962077, -13.6163444 ], [ -172.696041799999989, -13.6162592 ], [ -172.695918, -13.6162888 ], [ -172.6957054, -13.6164476 ], [ -172.6953959, -13.6164431 ], [ -172.6951985, -13.6166943 ], [ -172.695059500000013, -13.6169634 ], [ -172.694907, -13.6171069 ], [ -172.6946065, -13.6170441 ], [ -172.6942656, -13.6170486 ], [ -172.6938958, -13.6172671 ], [ -172.6939112, -13.6177887 ], [ -172.693702699999989, -13.6178911 ], [ -172.693844, -13.6180398 ], [ -172.6937543, -13.618143 ], [ -172.693521, -13.6181923 ], [ -172.693373, -13.6183583 ], [ -172.693346100000014, -13.6185153 ], [ -172.6933775, -13.6187261 ], [ -172.6937632, -13.6189324 ], [ -172.6937274, -13.6192195 ], [ -172.693464400000011, -13.6190999 ], [ -172.69353, -13.6193271 ], [ -172.6938978, -13.6195648 ], [ -172.6935255, -13.6197757 ], [ -172.6933773, -13.619884 ], [ -172.693185199999988, -13.6198461 ], [ -172.6930197, -13.6197429 ], [ -172.6928126, -13.6196474 ], [ -172.6927406, -13.619825 ], [ -172.692691200000013, -13.6200851 ], [ -172.6928796, -13.6204619 ], [ -172.6928556, -13.6207227 ], [ -172.692628500000012, -13.6208656 ], [ -172.692121500000013, -13.6210184 ], [ -172.692094700000013, -13.6207669 ], [ -172.691973600000011, -13.620121 ], [ -172.6918301, -13.6200134 ], [ -172.691857, -13.6198923 ], [ -172.6916776, -13.6194437 ], [ -172.6914847, -13.6193451 ], [ -172.691267, -13.6191939 ], [ -172.691159699999986, -13.6188915 ], [ -172.691084600000011, -13.618623 ], [ -172.6911087, -13.6184379 ], [ -172.6909853, -13.618404 ], [ -172.6909236, -13.6185109 ], [ -172.690829799999989, -13.6187403 ], [ -172.690768100000014, -13.618709 ], [ -172.690752, -13.6185474 ], [ -172.6906688, -13.6184379 ], [ -172.690563200000014, -13.6183387 ], [ -172.690370300000012, -13.6181917 ], [ -172.6900032, -13.618143 ], [ -172.6898481, -13.6180338 ], [ -172.6898213, -13.6178852 ], [ -172.689990200000011, -13.6176715 ], [ -172.689842700000014, -13.6175776 ], [ -172.6896389, -13.6175542 ], [ -172.6893599, -13.6176037 ], [ -172.68892, -13.6176767 ], [ -172.688431900000012, -13.6178461 ], [ -172.688115399999987, -13.6180469 ], [ -172.6879222, -13.6181042 ], [ -172.6877452, -13.6181251 ], [ -172.6874099, -13.6183597 ], [ -172.6870774, -13.618258 ], [ -172.6868467, -13.6183988 ], [ -172.686721299999988, -13.6185736 ], [ -172.6864524, -13.6186595 ], [ -172.686189500000012, -13.6184457 ], [ -172.685907899999989, -13.6185291 ], [ -172.685588700000011, -13.6187377 ], [ -172.6853578, -13.6193585 ], [ -172.6852159, -13.6193946 ], [ -172.6850657, -13.6193685 ], [ -172.6849128, -13.6192773 ], [ -172.684840400000013, -13.6191287 ], [ -172.684599, -13.6193033 ], [ -172.6844059, -13.6195327 ], [ -172.684030400000012, -13.6198143 ], [ -172.6835288, -13.6204269 ], [ -172.6831828, -13.620857 ], [ -172.682987, -13.6213809 ], [ -172.6831357, -13.6215679 ], [ -172.683317, -13.6218299 ], [ -172.68349760000001, -13.6221342 ], [ -172.6834905, -13.6223738 ], [ -172.6832049, -13.6224309 ], [ -172.683003, -13.6222829 ], [ -172.6829985, -13.6220587 ], [ -172.682805699999989, -13.6220273 ], [ -172.682626199999987, -13.622108 ], [ -172.6823999, -13.6224974 ], [ -172.6822943, -13.6227584 ], [ -172.6820611, -13.6229198 ], [ -172.681993799999987, -13.623467 ], [ -172.6819355, -13.623799 ], [ -172.6820476, -13.6240501 ], [ -172.6820363, -13.6243196 ], [ -172.681487, -13.6245345 ], [ -172.68092630000001, -13.6247723 ], [ -172.680302899999987, -13.625297 ], [ -172.6796703, -13.6255813 ], [ -172.678802, -13.6263766 ], [ -172.6786993, -13.6264337 ], [ -172.6786162, -13.6266526 ], [ -172.678638799999987, -13.6269073 ], [ -172.678661799999986, -13.6270176 ], [ -172.6787503, -13.6270697 ], [ -172.678761, -13.6271531 ], [ -172.678715399999987, -13.6272235 ], [ -172.6785974, -13.6272 ], [ -172.6785169, -13.6272913 ], [ -172.6783399, -13.6271427 ], [ -172.6782004, -13.6272261 ], [ -172.678114599999986, -13.6273564 ], [ -172.678133, -13.6275083 ], [ -172.678238, -13.6276666 ], [ -172.678417700000011, -13.627797 ], [ -172.678527699999989, -13.6279299 ], [ -172.6786859, -13.6281306 ], [ -172.678881, -13.6282618 ], [ -172.6789353, -13.6283235 ], [ -172.6789259, -13.6283964 ], [ -172.6788871, -13.628433 ], [ -172.67881460000001, -13.6284356 ], [ -172.6787181, -13.6284147 ], [ -172.6785973, -13.6284779 ], [ -172.678428, -13.6284323 ], [ -172.6782859, -13.6284275 ], [ -172.6782138, -13.6286389 ], [ -172.6783748, -13.6287588 ], [ -172.678573300000011, -13.6288188 ], [ -172.6786966, -13.6289074 ], [ -172.6787744, -13.6290508 ], [ -172.678844199999986, -13.6291577 ], [ -172.678862900000013, -13.6292828 ], [ -172.6787744, -13.6293714 ], [ -172.678782399999989, -13.6294818 ], [ -172.6784472, -13.6295643 ], [ -172.6785116, -13.6296712 ], [ -172.6786376, -13.6297285 ], [ -172.678812, -13.6298354 ], [ -172.679120899999987, -13.6299434 ], [ -172.6792174, -13.630334 ], [ -172.6791499, -13.6303906 ], [ -172.6791419, -13.6304714 ], [ -172.679257799999988, -13.6304865 ], [ -172.6793719, -13.6307933 ], [ -172.6793654, -13.6309709 ], [ -172.6791422, -13.6310502 ], [ -172.678979700000014, -13.6311997 ], [ -172.6787052, -13.631305 ], [ -172.6788721, -13.6314778 ], [ -172.679195, -13.6319263 ], [ -172.679334, -13.6322493 ], [ -172.6790604, -13.6325273 ], [ -172.6789932, -13.6325812 ], [ -172.6794955, -13.6325543 ], [ -172.6796166, -13.6326754 ], [ -172.6796211, -13.6329131 ], [ -172.679378899999989, -13.6330656 ], [ -172.6791101, -13.632979 ], [ -172.678930400000013, -13.6329759 ], [ -172.678924099999989, -13.6331842 ], [ -172.6792309, -13.6332764 ], [ -172.679208499999987, -13.6334468 ], [ -172.6790604, -13.6334962 ], [ -172.6788855, -13.6334872 ], [ -172.6788884, -13.6335946 ], [ -172.6790739, -13.6337115 ], [ -172.679015600000014, -13.6338415 ], [ -172.6788272, -13.6338505 ], [ -172.67866570000001, -13.6336532 ], [ -172.678594, -13.6335904 ], [ -172.6784146, -13.6336352 ], [ -172.678087299999987, -13.6337165 ], [ -172.6778763, -13.6340972 ], [ -172.677665499999989, -13.6343125 ], [ -172.6775399, -13.6346399 ], [ -172.6773785, -13.6347879 ], [ -172.677777600000013, -13.6347453 ], [ -172.6780243, -13.63477 ], [ -172.6781679, -13.6349539 ], [ -172.678248599999989, -13.6352275 ], [ -172.678172142941179, -13.63533765 ], [ -172.6781365, -13.635389 ], [ -172.67787848259016, -13.63553765 ], [ -172.6775659, -13.6355834 ], [ -172.6773605, -13.6355056 ], [ -172.6771407, -13.6354607 ], [ -172.6770421, -13.6353441 ], [ -172.6770151, -13.6351557 ], [ -172.6769524, -13.6349449 ], [ -172.6767351, -13.6348636 ], [ -172.6769056, -13.6347091 ], [ -172.6766563, -13.6346848 ], [ -172.6764282, -13.6346184 ], [ -172.6763244, -13.6348104 ], [ -172.6761988, -13.6347745 ], [ -172.6761515, -13.63486 ], [ -172.676006, -13.6348418 ], [ -172.675674, -13.6349943 ], [ -172.6757503, -13.6352006 ], [ -172.6756471, -13.6353082 ], [ -172.6755126, -13.6352768 ], [ -172.675310700000011, -13.6353845 ], [ -172.675194752802895, -13.63553765 ], [ -172.6751851, -13.6355504 ], [ -172.6752749, -13.6357657 ], [ -172.6750954, -13.635824 ], [ -172.6749474, -13.635685 ], [ -172.674759, -13.6356805 ], [ -172.6745707, -13.6357298 ], [ -172.674158, -13.6359451 ], [ -172.6738714, -13.6363844 ], [ -172.673754300000013, -13.6367121 ], [ -172.6734897, -13.6369095 ], [ -172.672987400000011, -13.6374432 ], [ -172.672767599999986, -13.6378693 ], [ -172.6724814, -13.6381779 ], [ -172.672336699999988, -13.6382612 ], [ -172.6723639, -13.6384838 ], [ -172.6723146, -13.6386139 ], [ -172.6721082, -13.6385556 ], [ -172.6719052, -13.6386867 ], [ -172.6716444, -13.6388355 ], [ -172.671429100000012, -13.639088 ], [ -172.6718122, -13.6392553 ], [ -172.6718301, -13.6394347 ], [ -172.6715207, -13.6395648 ], [ -172.671771799999988, -13.6400626 ], [ -172.671821200000011, -13.6403183 ], [ -172.671771799999988, -13.6405695 ], [ -172.6718301, -13.6408431 ], [ -172.6717629, -13.6410449 ], [ -172.6716642, -13.6411795 ], [ -172.671376, -13.6413713 ], [ -172.671274, -13.6412916 ], [ -172.6712695, -13.6411077 ], [ -172.6710318, -13.641175 ], [ -172.6708703, -13.641332 ], [ -172.67077230000001, -13.6414778 ], [ -172.6710856, -13.641794 ], [ -172.6710946, -13.6420631 ], [ -172.670791799999989, -13.6421836 ], [ -172.6701706, -13.642072 ], [ -172.669654799999989, -13.6417446 ], [ -172.669433199999986, -13.6416953 ], [ -172.669275, -13.6417969 ], [ -172.6691463, -13.642008 ], [ -172.6691928, -13.6422694 ], [ -172.6696637, -13.6426058 ], [ -172.6696996, -13.6427404 ], [ -172.6695382, -13.6428032 ], [ -172.6698252, -13.6433234 ], [ -172.669749, -13.6434356 ], [ -172.6694066, -13.6434499 ], [ -172.669170400000013, -13.6437406 ], [ -172.669139, -13.6442698 ], [ -172.6691121, -13.6445076 ], [ -172.6687667, -13.6447273 ], [ -172.668721799999986, -13.6449651 ], [ -172.668677, -13.6451265 ], [ -172.668430300000011, -13.6451355 ], [ -172.6682015, -13.6453777 ], [ -172.668197099999986, -13.6455212 ], [ -172.668125300000014, -13.6458128 ], [ -172.6679216, -13.646067 ], [ -172.6675923, -13.6462812 ], [ -172.6674839, -13.6467098 ], [ -172.6672103, -13.6471045 ], [ -172.6673404, -13.647423 ], [ -172.6673673, -13.6476562 ], [ -172.667165399999988, -13.6477863 ], [ -172.666995, -13.6477684 ], [ -172.666852, -13.6477003 ], [ -172.6666093, -13.648024 ], [ -172.6663491, -13.6481407 ], [ -172.6661652, -13.6481093 ], [ -172.6658019, -13.6481855 ], [ -172.665609, -13.6479702 ], [ -172.665461, -13.647876 ], [ -172.6652726, -13.647894 ], [ -172.6651695, -13.6481451 ], [ -172.664918300000011, -13.6482393 ], [ -172.664698499999986, -13.6481407 ], [ -172.66425, -13.648199 ], [ -172.6639202, -13.6484806 ], [ -172.6634618, -13.6486729 ], [ -172.663142099999988, -13.6486475 ], [ -172.6629313, -13.6488897 ], [ -172.6626607, -13.6490003 ], [ -172.662617399999988, -13.6491768 ], [ -172.6629807, -13.6495266 ], [ -172.663056899999987, -13.6499213 ], [ -172.6629044, -13.650159 ], [ -172.6626454, -13.6502425 ], [ -172.6626757, -13.6504595 ], [ -172.6625501, -13.6507018 ], [ -172.6624783, -13.6505896 ], [ -172.6623751, -13.6509574 ], [ -172.6622451, -13.6511099 ], [ -172.662303400000013, -13.6514912 ], [ -172.6622406, -13.6517558 ], [ -172.662146400000012, -13.6518231 ], [ -172.6622754, -13.651963 ], [ -172.6620657, -13.6520339 ], [ -172.661976, -13.6518859 ], [ -172.6618145, -13.6519935 ], [ -172.6616799, -13.6518993 ], [ -172.6618459, -13.6517603 ], [ -172.6616665, -13.6516212 ], [ -172.6613121, -13.651693 ], [ -172.66084570000001, -13.6518365 ], [ -172.6603254, -13.6518186 ], [ -172.6598768, -13.6517154 ], [ -172.6595898, -13.6517962 ], [ -172.6591861, -13.6515495 ], [ -172.6588093, -13.6514777 ], [ -172.6583967, -13.6514912 ], [ -172.657988499999988, -13.6516392 ], [ -172.6577821, -13.6519194 ], [ -172.6578405, -13.6524107 ], [ -172.6579108, -13.6527181 ], [ -172.657710400000013, -13.6529579 ], [ -172.656721, -13.653307 ], [ -172.656007100000011, -13.6535499 ], [ -172.655266, -13.6543079 ], [ -172.6543306, -13.6550586 ], [ -172.6544317, -13.6556804 ], [ -172.6544855, -13.6561738 ], [ -172.6541973, -13.6565386 ], [ -172.6536154, -13.656721 ], [ -172.6532207, -13.656712 ], [ -172.6527676, -13.6569857 ], [ -172.6523, -13.6572697 ], [ -172.6517864, -13.65766 ], [ -172.65048010000001, -13.6584209 ], [ -172.649305, -13.6588784 ], [ -172.648520100000013, -13.659161 ], [ -172.6481731, -13.6597416 ], [ -172.647596099999987, -13.6604797 ], [ -172.6473135, -13.6613768 ], [ -172.6464102, -13.6628524 ], [ -172.645967899999988, -13.664189 ], [ -172.6459007, -13.6655032 ], [ -172.6461553, -13.6664832 ], [ -172.646273900000011, -13.6668611 ], [ -172.646410300000014, -13.6671904 ], [ -172.6460262, -13.6672704 ], [ -172.645748200000014, -13.6675037 ], [ -172.645618, -13.6678508 ], [ -172.645576299999988, -13.6682745 ], [ -172.644739, -13.6686923 ], [ -172.644362199999989, -13.6689838 ], [ -172.644005, -13.6694267 ], [ -172.6437182, -13.6701364 ], [ -172.6434965, -13.6706165 ], [ -172.64302090000001, -13.6712485 ], [ -172.64246940000001, -13.671675 ], [ -172.6418325, -13.6723792 ], [ -172.6391964, -13.6749032 ], [ -172.638861100000014, -13.6752632 ], [ -172.6381815, -13.6762096 ], [ -172.637934800000011, -13.67686 ], [ -172.6375625, -13.6772592 ], [ -172.6371454, -13.6775687 ], [ -172.6371364, -13.6780172 ], [ -172.636966, -13.6782459 ], [ -172.636685199999988, -13.6782427 ], [ -172.636257300000011, -13.6786496 ], [ -172.635961, -13.6789041 ], [ -172.6346598, -13.6801881 ], [ -172.6338069, -13.6811493 ], [ -172.6335231, -13.6816588 ], [ -172.6335966, -13.6821618 ], [ -172.6335159, -13.6828346 ], [ -172.633847800000012, -13.6832472 ], [ -172.6337198, -13.6838635 ], [ -172.6336504, -13.6843596 ], [ -172.632726100000014, -13.6848588 ], [ -172.632062600000012, -13.6856334 ], [ -172.631174499999986, -13.686073 ], [ -172.630726, -13.6859025 ], [ -172.6301609, -13.6862344 ], [ -172.629775099999989, -13.6863959 ], [ -172.629227899999989, -13.6861716 ], [ -172.6293535, -13.6866381 ], [ -172.629084400000011, -13.6868803 ], [ -172.6288691, -13.6867278 ], [ -172.6287704, -13.6869162 ], [ -172.628286, -13.686988 ], [ -172.628061699999989, -13.6869969 ], [ -172.628124500000013, -13.6874903 ], [ -172.6272544, -13.68758 ], [ -172.626779, -13.6876249 ], [ -172.626240700000011, -13.6881721 ], [ -172.6258049, -13.6887415 ], [ -172.6257832, -13.6899393 ], [ -172.625855, -13.6904955 ], [ -172.625475099999989, -13.6911236 ], [ -172.624922, -13.6915091 ], [ -172.624665099999987, -13.6922096 ], [ -172.6238007, -13.6931059 ], [ -172.6233522, -13.6935903 ], [ -172.6226256, -13.6938953 ], [ -172.622177, -13.6939222 ], [ -172.6218786, -13.6945106 ], [ -172.6215401, -13.6943887 ], [ -172.621289, -13.6946489 ], [ -172.621410200000014, -13.6952181 ], [ -172.6212531, -13.6953665 ], [ -172.6211006, -13.6951422 ], [ -172.620625100000012, -13.6951602 ], [ -172.6201407, -13.6954562 ], [ -172.6196904, -13.6958811 ], [ -172.6193782, -13.6957702 ], [ -172.6191526, -13.6958022 ], [ -172.618991599999987, -13.6959898 ], [ -172.618849, -13.6960841 ], [ -172.6183376, -13.6959586 ], [ -172.618212, -13.6961918 ], [ -172.617984299999989, -13.6963276 ], [ -172.617718700000012, -13.6962008 ], [ -172.617264299999988, -13.6961983 ], [ -172.6170013, -13.6962868 ], [ -172.616987, -13.6966227 ], [ -172.6168126, -13.6967928 ], [ -172.6166691, -13.6966044 ], [ -172.6164717, -13.6964878 ], [ -172.6163245, -13.6966941 ], [ -172.616041200000012, -13.6972198 ], [ -172.615676400000012, -13.6969488 ], [ -172.6153009, -13.696782 ], [ -172.614346, -13.6971364 ], [ -172.6138847, -13.6973345 ], [ -172.613820299999986, -13.6977097 ], [ -172.6133053, -13.697741 ], [ -172.6131015, -13.6978661 ], [ -172.6131337, -13.6982413 ], [ -172.613219500000014, -13.6986166 ], [ -172.6130049, -13.699169 ], [ -172.6126831, -13.6989606 ], [ -172.6124256, -13.698627 ], [ -172.6121574, -13.6985957 ], [ -172.611910599999987, -13.6987625 ], [ -172.6115136, -13.6987208 ], [ -172.611181, -13.699044 ], [ -172.610709, -13.6992003 ], [ -172.6096897, -13.7003052 ], [ -172.6090264, -13.7010696 ], [ -172.608739500000013, -13.70146 ], [ -172.608018, -13.7022287 ], [ -172.607350200000013, -13.7031304 ], [ -172.6072965, -13.7034196 ], [ -172.6073207, -13.7037297 ], [ -172.6075004, -13.7040711 ], [ -172.6076827, -13.7044802 ], [ -172.6078061, -13.7049206 ], [ -172.608004599999987, -13.7051838 ], [ -172.6078276, -13.7051968 ], [ -172.607626399999987, -13.7050847 ], [ -172.6073931, -13.7051577 ], [ -172.607157, -13.7050769 ], [ -172.6069559, -13.7049492 ], [ -172.6066313, -13.7048554 ], [ -172.6063577, -13.7046717 ], [ -172.6061727, -13.7047903 ], [ -172.6061593, -13.7050248 ], [ -172.6059608, -13.7048476 ], [ -172.6058133, -13.7048633 ], [ -172.605676499999987, -13.7049427 ], [ -172.6051722, -13.7053909 ], [ -172.6045231, -13.7060476 ], [ -172.6036541, -13.7066678 ], [ -172.6033268, -13.7069753 ], [ -172.6028119, -13.7069023 ], [ -172.6025544, -13.7069336 ], [ -172.602259299999986, -13.7069909 ], [ -172.6019643, -13.7071942 ], [ -172.6019804, -13.7074756 ], [ -172.6014386, -13.7077727 ], [ -172.6010952, -13.7081896 ], [ -172.60046220000001, -13.7085961 ], [ -172.5988155, -13.7106676 ], [ -172.5986198, -13.7110624 ], [ -172.597120100000012, -13.7130874 ], [ -172.5968943, -13.7133211 ], [ -172.5972538, -13.7135113 ], [ -172.5975487, -13.7138397 ], [ -172.5976292, -13.7139543 ], [ -172.597712300000012, -13.7139986 ], [ -172.5976131, -13.7141523 ], [ -172.59744950000001, -13.7141081 ], [ -172.5973234, -13.7140403 ], [ -172.597084700000011, -13.7139908 ], [ -172.596741400000013, -13.7138787 ], [ -172.596532200000013, -13.7141315 ], [ -172.596336400000013, -13.7144468 ], [ -172.596194200000014, -13.7148637 ], [ -172.59611910000001, -13.7153536 ], [ -172.5964463, -13.7154865 ], [ -172.596336400000013, -13.7158747 ], [ -172.5963873, -13.7160597 ], [ -172.596219, -13.7163518 ], [ -172.5958589, -13.7165184 ], [ -172.5956256, -13.7171646 ], [ -172.595397600000013, -13.7175997 ], [ -172.5952715, -13.7176597 ], [ -172.595228600000013, -13.7178056 ], [ -172.5952045, -13.7180062 ], [ -172.595132, -13.7181626 ], [ -172.595148099999989, -13.7183085 ], [ -172.594785800000011, -13.7186795 ], [ -172.594729699999988, -13.7187853 ], [ -172.5947378, -13.7189912 ], [ -172.594560699999988, -13.7191267 ], [ -172.5942523, -13.7191345 ], [ -172.594075299999986, -13.7191944 ], [ -172.5942737, -13.7192622 ], [ -172.594466899999986, -13.7193872 ], [ -172.5946251, -13.7196504 ], [ -172.5947485, -13.7196426 ], [ -172.594871899999987, -13.7197494 ], [ -172.595006, -13.7197442 ], [ -172.5958224, -13.7209327 ], [ -172.596221, -13.7218965 ], [ -172.5960617, -13.7228547 ], [ -172.5957946, -13.723869 ], [ -172.5960789, -13.7247536 ], [ -172.5960842, -13.7252786 ], [ -172.595878199999987, -13.7258491 ], [ -172.5955467, -13.7281107 ], [ -172.5964447, -13.7350967 ], [ -172.596015099999988, -13.7363889 ], [ -172.596127700000011, -13.7365608 ], [ -172.596353, -13.7366077 ], [ -172.5962404, -13.7368995 ], [ -172.5966427, -13.737009 ], [ -172.5966695, -13.7371913 ], [ -172.596514, -13.7371913 ], [ -172.596251099999989, -13.7370663 ], [ -172.596117, -13.7372226 ], [ -172.5961384, -13.7375561 ], [ -172.5959507, -13.7376916 ], [ -172.5958702, -13.737999 ], [ -172.59550010000001, -13.738072 ], [ -172.595661, -13.7384993 ], [ -172.5959507, -13.7387286 ], [ -172.5958273, -13.7390152 ], [ -172.595575200000013, -13.7391819 ], [ -172.5954786, -13.7395415 ], [ -172.5953606, -13.739703 ], [ -172.5950226, -13.7396926 ], [ -172.595205, -13.7400052 ], [ -172.5948349, -13.7399948 ], [ -172.594818800000013, -13.740099 ], [ -172.5945774, -13.7400782 ], [ -172.5944969, -13.7404221 ], [ -172.5943038, -13.7403752 ], [ -172.5942126, -13.740443 ], [ -172.5939444, -13.7406253 ], [ -172.593692299999987, -13.7405472 ], [ -172.5935582, -13.7406514 ], [ -172.5937245, -13.740865 ], [ -172.593300699999986, -13.741037 ], [ -172.5933758, -13.7413966 ], [ -172.5930271, -13.7414747 ], [ -172.592651600000011, -13.7415164 ], [ -172.5925765, -13.7418082 ], [ -172.591761100000014, -13.7418186 ], [ -172.5912997, -13.742074 ], [ -172.5910101, -13.7425013 ], [ -172.5910369, -13.7431057 ], [ -172.590586300000012, -13.7433402 ], [ -172.5906077, -13.7436112 ], [ -172.5904736, -13.7438769 ], [ -172.5900981, -13.7439811 ], [ -172.589728, -13.7438457 ], [ -172.5898245, -13.7440645 ], [ -172.5896636, -13.7442052 ], [ -172.589491900000013, -13.7440854 ], [ -172.5893149, -13.744127 ], [ -172.5892183, -13.7444136 ], [ -172.5891111, -13.744299 ], [ -172.5889448, -13.7442156 ], [ -172.588912599999986, -13.7444605 ], [ -172.5886336, -13.7445335 ], [ -172.5884512, -13.7443615 ], [ -172.5882474, -13.7445387 ], [ -172.5879363, -13.744471 ], [ -172.587898700000011, -13.744768 ], [ -172.5873944, -13.7444605 ], [ -172.587351500000011, -13.7447211 ], [ -172.5868956, -13.7446742 ], [ -172.5867078, -13.7449503 ], [ -172.5865254, -13.7448357 ], [ -172.586434200000014, -13.7446429 ], [ -172.586166, -13.7444449 ], [ -172.5862357, -13.7447575 ], [ -172.586144499999989, -13.7449035 ], [ -172.5858656, -13.7446742 ], [ -172.5855223, -13.7447367 ], [ -172.5851682, -13.7447732 ], [ -172.5851092, -13.7450806 ], [ -172.584422600000011, -13.7454245 ], [ -172.5838057, -13.7458049 ], [ -172.582754200000011, -13.746524 ], [ -172.583194099999986, -13.7480872 ], [ -172.5822073, -13.7487721 ], [ -172.582459199999988, -13.7492127 ], [ -172.58236260000001, -13.7497286 ], [ -172.582276799999988, -13.7503122 ], [ -172.5822231, -13.7515419 ], [ -172.5821588, -13.7522401 ], [ -172.581897700000013, -13.7536765 ], [ -172.582384100000013, -13.7550226 ], [ -172.58251820000001, -13.7562731 ], [ -172.582089, -13.7575028 ], [ -172.5818208, -13.7576487 ], [ -172.581547199999989, -13.7576279 ], [ -172.5812254, -13.7581437 ], [ -172.5811234, -13.758696 ], [ -172.5807748, -13.7587638 ], [ -172.5803885, -13.7586231 ], [ -172.5801793, -13.7593369 ], [ -172.5800667, -13.7596964 ], [ -172.57956630000001, -13.7597497 ], [ -172.579078900000013, -13.7602357 ], [ -172.5787512, -13.7615471 ], [ -172.578507800000011, -13.7625644 ], [ -172.578596800000014, -13.7637918 ], [ -172.578393, -13.7644952 ], [ -172.5780818, -13.7651361 ], [ -172.577475600000014, -13.7657509 ], [ -172.577084, -13.7662615 ], [ -172.5762311, -13.7665585 ], [ -172.575185, -13.7668295 ], [ -172.5747934, -13.7665533 ], [ -172.5749061, -13.7662928 ], [ -172.574605100000014, -13.7662346 ], [ -172.5742784, -13.7664856 ], [ -172.5739284, -13.7664147 ], [ -172.573425500000013, -13.7668607 ], [ -172.5727003, -13.767096 ], [ -172.5710594, -13.767756 ], [ -172.5706236, -13.7680202 ], [ -172.569868899999989, -13.7685958 ], [ -172.569584600000013, -13.7684759 ], [ -172.569380700000011, -13.7682779 ], [ -172.569231300000013, -13.7685502 ], [ -172.5689784, -13.7688406 ], [ -172.568720899999988, -13.7690334 ], [ -172.568458099999987, -13.7688667 ], [ -172.568275699999987, -13.76932 ], [ -172.5665024, -13.7697969 ], [ -172.565384200000011, -13.7709299 ], [ -172.564601, -13.7714458 ], [ -172.5641665, -13.7715135 ], [ -172.563732, -13.7720032 ], [ -172.563522799999987, -13.7715656 ], [ -172.563296799999989, -13.7714168 ], [ -172.5632071, -13.771614 ], [ -172.5627188, -13.7718631 ], [ -172.561988, -13.7723849 ], [ -172.5617579, -13.7730401 ], [ -172.5613784, -13.7727435 ], [ -172.561235, -13.7729228 ], [ -172.5609481, -13.7731469 ], [ -172.5604282, -13.7734248 ], [ -172.56024, -13.773371 ], [ -172.5601145, -13.7736758 ], [ -172.5597469, -13.7736578 ], [ -172.559476499999988, -13.7738471 ], [ -172.5590656, -13.7737385 ], [ -172.5587878, -13.7739178 ], [ -172.5584292, -13.7739895 ], [ -172.5580079, -13.7737833 ], [ -172.557892399999986, -13.7739343 ], [ -172.5576672, -13.7740971 ], [ -172.557582, -13.7743599 ], [ -172.5571563, -13.7742585 ], [ -172.5568973, -13.7742597 ], [ -172.5567156, -13.7747758 ], [ -172.55634950000001, -13.7749128 ], [ -172.555901299999988, -13.7750921 ], [ -172.5556104, -13.7754911 ], [ -172.555211, -13.7754059 ], [ -172.5545756, -13.7761592 ], [ -172.554198, -13.7761947 ], [ -172.553812599999986, -13.7767416 ], [ -172.5534361, -13.7769746 ], [ -172.5529535, -13.7772081 ], [ -172.552618, -13.7776851 ], [ -172.5526831, -13.7779338 ], [ -172.5521094, -13.7779517 ], [ -172.5520919, -13.7781605 ], [ -172.551625300000012, -13.7787944 ], [ -172.5513295, -13.7798791 ], [ -172.5510478, -13.7810756 ], [ -172.5510605, -13.7818781 ], [ -172.550809500000014, -13.7820395 ], [ -172.551033600000011, -13.7824428 ], [ -172.5512757, -13.7833662 ], [ -172.55142810000001, -13.7840923 ], [ -172.5515555, -13.7847033 ], [ -172.5513295, -13.7854548 ], [ -172.5512846, -13.7857865 ], [ -172.5514729, -13.7863692 ], [ -172.5512846, -13.7867995 ], [ -172.5508395, -13.7877433 ], [ -172.5504019, -13.788268 ], [ -172.5494945, -13.7892375 ], [ -172.5488513, -13.7899603 ], [ -172.5485574, -13.7908209 ], [ -172.548138, -13.7921279 ], [ -172.547707, -13.7932055 ], [ -172.5475802, -13.7943338 ], [ -172.54719990000001, -13.794917 ], [ -172.5464105, -13.795628 ], [ -172.5446193, -13.796933 ], [ -172.544300099999987, -13.7972274 ], [ -172.5437738, -13.7974312 ], [ -172.5435237, -13.7975788 ], [ -172.54278020000001, -13.7977951 ], [ -172.5408938, -13.7984964 ], [ -172.5405939, -13.7986884 ], [ -172.5403691, -13.7988867 ], [ -172.5395681, -13.7992907 ], [ -172.5393525, -13.7991766 ], [ -172.5389849, -13.799747 ], [ -172.538389099999989, -13.7997724 ], [ -172.5383383, -13.8000386 ], [ -172.537970699999988, -13.8002668 ], [ -172.5377298, -13.8000006 ], [ -172.5368804, -13.8003175 ], [ -172.5361146, -13.8007662 ], [ -172.5345351, -13.8013444 ], [ -172.5321834, -13.8022478 ], [ -172.5306685, -13.8023839 ], [ -172.5299966, -13.8026121 ], [ -172.529248599999988, -13.8027643 ], [ -172.527965099999989, -13.80253 ], [ -172.5267005, -13.8020924 ], [ -172.525584900000013, -13.8014585 ], [ -172.5245215, -13.8010902 ], [ -172.5233379, -13.8010509 ], [ -172.521921099999986, -13.8015219 ], [ -172.5209687, -13.8016348 ], [ -172.5202524, -13.80183 ], [ -172.5193462, -13.8018679 ], [ -172.5181002, -13.8016886 ], [ -172.517436800000013, -13.8015362 ], [ -172.5172115, -13.8012077 ], [ -172.516951799999987, -13.8009597 ], [ -172.5167654, -13.8006942 ], [ -172.5164258, -13.8005801 ], [ -172.51622660000001, -13.8001378 ], [ -172.516032200000012, -13.7995137 ], [ -172.5160254, -13.7990917 ], [ -172.515779400000014, -13.7987792 ], [ -172.5152316, -13.7980178 ], [ -172.514841499999989, -13.7970805 ], [ -172.5146216, -13.7967028 ], [ -172.5139141, -13.7959839 ], [ -172.5136091, -13.7959066 ], [ -172.5132505, -13.7955301 ], [ -172.5130084, -13.7954315 ], [ -172.5127306, -13.7954226 ], [ -172.5125782, -13.7950999 ], [ -172.5123007, -13.7951401 ], [ -172.5119417, -13.7954853 ], [ -172.5114576, -13.7957274 ], [ -172.5109362, -13.7959368 ], [ -172.5108735, -13.7961422 ], [ -172.5109856, -13.7962603 ], [ -172.5110182, -13.7963708 ], [ -172.5105433, -13.7970182 ], [ -172.5095751, -13.7974844 ], [ -172.5085173, -13.7980312 ], [ -172.507497199999989, -13.7982702 ], [ -172.5062673, -13.798327 ], [ -172.505069099999986, -13.7981139 ], [ -172.5045135, -13.7981698 ], [ -172.504205500000012, -13.7977443 ], [ -172.50306710000001, -13.7976547 ], [ -172.5021079, -13.7977264 ], [ -172.5014983, -13.7980222 ], [ -172.5008349, -13.7978519 ], [ -172.499714399999988, -13.798085 ], [ -172.4984146, -13.7980401 ], [ -172.49708050000001, -13.7978633 ], [ -172.496469499999989, -13.7978017 ], [ -172.494390399999986, -13.7975608 ], [ -172.4932173, -13.7974894 ], [ -172.4921821, -13.7977233 ], [ -172.4905365, -13.7974721 ], [ -172.4894716, -13.7973707 ], [ -172.48915125, -13.79731325 ], [ -172.488830900000011, -13.7972558 ], [ -172.487912200000011, -13.7964199 ], [ -172.4872655, -13.7961826 ], [ -172.486904, -13.7959728 ], [ -172.486685099999988, -13.7957238 ], [ -172.486045600000011, -13.7954851 ], [ -172.4851612, -13.7949113 ], [ -172.485034500000012, -13.7943915 ], [ -172.4840405, -13.7934183 ], [ -172.4835249, -13.7927958 ], [ -172.4828666, -13.7925406 ], [ -172.4823849, -13.7920081 ], [ -172.4819665, -13.7915264 ], [ -172.4815892, -13.7915045 ], [ -172.481028400000014, -13.7915771 ], [ -172.4808002, -13.7912475 ], [ -172.4804326, -13.791463 ], [ -172.480153699999988, -13.7913616 ], [ -172.4799255, -13.7915391 ], [ -172.4796973, -13.7911841 ], [ -172.4788978, -13.7906335 ], [ -172.477303400000011, -13.7885821 ], [ -172.476876800000014, -13.7881906 ], [ -172.476640800000013, -13.7879423 ], [ -172.4759604, -13.7874451 ], [ -172.4754293, -13.7871898 ], [ -172.4748607, -13.7869866 ], [ -172.473026, -13.786747 ], [ -172.4728007, -13.7868512 ], [ -172.4726881, -13.7868303 ], [ -172.4725808, -13.7867261 ], [ -172.4724735, -13.7869345 ], [ -172.4723501, -13.7868407 ], [ -172.4722965, -13.7867522 ], [ -172.4721409, -13.7867782 ], [ -172.472039, -13.7868512 ], [ -172.472039, -13.7870648 ], [ -172.4717707, -13.7869033 ], [ -172.4716903, -13.7871794 ], [ -172.471314799999988, -13.7872106 ], [ -172.47103580000001, -13.7873774 ], [ -172.4708159, -13.7873721 ], [ -172.4707515, -13.7875962 ], [ -172.470585199999988, -13.7875389 ], [ -172.4703653, -13.7875701 ], [ -172.4702526, -13.7876847 ], [ -172.4698503, -13.787716 ], [ -172.469448, -13.7876743 ], [ -172.4689383, -13.787393 ], [ -172.4686594, -13.7873148 ], [ -172.468310699999989, -13.7872315 ], [ -172.4680683, -13.7870916 ], [ -172.467795700000011, -13.7872419 ], [ -172.4676938, -13.7871221 ], [ -172.467430900000011, -13.7872419 ], [ -172.4673076, -13.7871325 ], [ -172.4671574, -13.7871429 ], [ -172.4670501, -13.7872575 ], [ -172.4668623, -13.7873305 ], [ -172.466696, -13.787294 ], [ -172.4666638, -13.7874555 ], [ -172.4665243, -13.7873826 ], [ -172.4663634, -13.7874034 ], [ -172.466277600000012, -13.787518 ], [ -172.466116699999986, -13.7874347 ], [ -172.4658967, -13.7874763 ], [ -172.4656285, -13.7876587 ], [ -172.4654461, -13.7876483 ], [ -172.4653334, -13.7878306 ], [ -172.465226199999989, -13.7878098 ], [ -172.465102800000011, -13.787742 ], [ -172.4650062, -13.7879088 ], [ -172.4646683, -13.7880077 ], [ -172.4642981, -13.7882057 ], [ -172.463987, -13.7886642 ], [ -172.4637778, -13.7887944 ], [ -172.4635686, -13.7888986 ], [ -172.463295, -13.7889924 ], [ -172.463037500000013, -13.7892842 ], [ -172.4626673, -13.7897166 ], [ -172.462463500000013, -13.7896697 ], [ -172.462329399999987, -13.7897009 ], [ -172.462227399999989, -13.7897635 ], [ -172.4621577, -13.7900656 ], [ -172.4620021, -13.7900083 ], [ -172.4618519, -13.7899093 ], [ -172.4617232, -13.7899875 ], [ -172.461632, -13.7901125 ], [ -172.461497900000012, -13.7901438 ], [ -172.461342300000013, -13.7902688 ], [ -172.4613852, -13.7904668 ], [ -172.4611707, -13.7904199 ], [ -172.4610365, -13.7904928 ], [ -172.4610419, -13.7906231 ], [ -172.4608917, -13.790597 ], [ -172.4607522, -13.7907429 ], [ -172.460580599999986, -13.790795 ], [ -172.4605216, -13.7910138 ], [ -172.4603392, -13.7909878 ], [ -172.4601353, -13.7912066 ], [ -172.4596616, -13.7916505 ], [ -172.459312, -13.7917419 ], [ -172.459337299999987, -13.792249 ], [ -172.4588683, -13.7920715 ], [ -172.458728799999989, -13.7923631 ], [ -172.4581076, -13.7924645 ], [ -172.458265, -13.79284 ], [ -172.4577611, -13.7930763 ], [ -172.4574738, -13.7928829 ], [ -172.457159600000011, -13.7932559 ], [ -172.4564516, -13.7938053 ], [ -172.4559984, -13.7944095 ], [ -172.455527, -13.7944322 ], [ -172.4555088, -13.7946831 ], [ -172.4549256, -13.7945309 ], [ -172.4548876, -13.7947084 ], [ -172.4544185, -13.7946197 ], [ -172.454165, -13.7943281 ], [ -172.4532395, -13.7943788 ], [ -172.4529939, -13.7944548 ], [ -172.4527704, -13.7946831 ], [ -172.452532600000012, -13.7944653 ], [ -172.4524662, -13.794176 ], [ -172.4522119, -13.7941681 ], [ -172.4518577, -13.7942647 ], [ -172.4519425, -13.7937795 ], [ -172.4505773, -13.7927181 ], [ -172.4502469, -13.7920833 ], [ -172.4500085, -13.7918183 ], [ -172.4498293, -13.7916024 ], [ -172.449449, -13.7916405 ], [ -172.4491808, -13.7914147 ], [ -172.449131599999987, -13.7909539 ], [ -172.4488848, -13.7909018 ], [ -172.4487168, -13.7906847 ], [ -172.4481982, -13.7904017 ], [ -172.447962100000012, -13.7904121 ], [ -172.4476832, -13.7902662 ], [ -172.447254, -13.7900995 ], [ -172.446996500000012, -13.7897973 ], [ -172.446739, -13.789641 ], [ -172.4466425, -13.7894222 ], [ -172.4462035, -13.7892821 ], [ -172.444958, -13.7892659 ], [ -172.4443358, -13.78912 ], [ -172.443853, -13.7892555 ], [ -172.4426621, -13.7892242 ], [ -172.4422007, -13.7892972 ], [ -172.4418896, -13.7893701 ], [ -172.4415463, -13.789391 ], [ -172.4409776, -13.7893597 ], [ -172.4405807, -13.7892242 ], [ -172.440151500000013, -13.7893389 ], [ -172.439256300000011, -13.7895107 ], [ -172.4383689, -13.789143 ], [ -172.4378238, -13.789143 ], [ -172.4371582, -13.7889742 ], [ -172.4364206, -13.7887185 ], [ -172.4354557, -13.7885244 ], [ -172.4350231, -13.7883282 ], [ -172.4348086, -13.7884323 ], [ -172.43416, -13.7884204 ], [ -172.434014600000012, -13.7887137 ], [ -172.433832200000012, -13.7884844 ], [ -172.4336391, -13.7884532 ], [ -172.4335211, -13.7886303 ], [ -172.4333924, -13.7883907 ], [ -172.433070500000014, -13.7884011 ], [ -172.4328988, -13.7885365 ], [ -172.432652100000013, -13.7886407 ], [ -172.432544799999988, -13.7883073 ], [ -172.4322551, -13.7884011 ], [ -172.4319762, -13.7881406 ], [ -172.4316436, -13.788224 ], [ -172.431218800000011, -13.7880274 ], [ -172.429786299999989, -13.7878373 ], [ -172.4290794, -13.7875571 ], [ -172.4284678, -13.7875258 ], [ -172.42727690000001, -13.7870465 ], [ -172.4258285, -13.7866923 ], [ -172.425206300000013, -13.786536 ], [ -172.4246054, -13.7863067 ], [ -172.4243801, -13.7860983 ], [ -172.423768599999988, -13.78614 ], [ -172.423672, -13.7859108 ], [ -172.423249199999987, -13.7858093 ], [ -172.4231141, -13.7855565 ], [ -172.4227386, -13.7854419 ], [ -172.422202199999987, -13.7852752 ], [ -172.4217301, -13.7853585 ], [ -172.421215100000012, -13.785296 ], [ -172.4210971, -13.7855773 ], [ -172.420710899999989, -13.7854106 ], [ -172.4202281, -13.7854419 ], [ -172.4199599, -13.7856399 ], [ -172.4195951, -13.7857545 ], [ -172.4189728, -13.7847125 ], [ -172.4184364, -13.7842749 ], [ -172.4178892, -13.7836393 ], [ -172.4177283, -13.7833683 ], [ -172.4174922, -13.7833058 ], [ -172.4172455, -13.7826598 ], [ -172.4169129, -13.7823368 ], [ -172.4162799, -13.7824618 ], [ -172.416118899999987, -13.782118 ], [ -172.415861400000011, -13.7822951 ], [ -172.41580780000001, -13.7819096 ], [ -172.415464500000013, -13.7817324 ], [ -172.4153465, -13.7815553 ], [ -172.4149495, -13.7815449 ], [ -172.414295, -13.7812739 ], [ -172.414059, -13.7809718 ], [ -172.413898100000011, -13.7810655 ], [ -172.4138337, -13.7808571 ], [ -172.4125891, -13.7805758 ], [ -172.4120849, -13.7808571 ], [ -172.411333899999988, -13.7816907 ], [ -172.4105185, -13.7821701 ], [ -172.409864, -13.782764 ], [ -172.4096065, -13.7832641 ], [ -172.409264400000012, -13.7834428 ], [ -172.408099600000014, -13.7842824 ], [ -172.407726700000012, -13.784463 ], [ -172.4075015, -13.7845852 ], [ -172.4066417, -13.7847642 ], [ -172.405767, -13.7851698 ], [ -172.4053803, -13.7852079 ], [ -172.405063399999989, -13.7851445 ], [ -172.404537299999987, -13.7852142 ], [ -172.4040175, -13.7849924 ], [ -172.403499399999987, -13.7848354 ], [ -172.4032785, -13.7846697 ], [ -172.403016, -13.7846754 ], [ -172.402966099999986, -13.7844538 ], [ -172.402775100000014, -13.7842634 ], [ -172.4025892, -13.7841287 ], [ -172.4024138, -13.7842064 ], [ -172.401900399999988, -13.7840415 ], [ -172.4005376, -13.7839148 ], [ -172.400112900000011, -13.7842444 ], [ -172.4001192, -13.7841049 ], [ -172.399745200000012, -13.7841683 ], [ -172.399054299999989, -13.7845296 ], [ -172.3985979, -13.7844409 ], [ -172.397934, -13.784151 ], [ -172.3977549, -13.7837626 ], [ -172.3972034, -13.7835028 ], [ -172.3970703, -13.7836422 ], [ -172.3969649, -13.7833751 ], [ -172.396582200000012, -13.7832556 ], [ -172.3958216, -13.7832936 ], [ -172.39516230000001, -13.7831731 ], [ -172.394623599999989, -13.7832682 ], [ -172.3940911, -13.7832809 ], [ -172.3939136, -13.7831351 ], [ -172.3934509, -13.7831288 ], [ -172.3930642, -13.7829323 ], [ -172.3928297, -13.7829766 ], [ -172.3924811, -13.7826977 ], [ -172.3920817, -13.7826977 ], [ -172.3918155, -13.782571 ], [ -172.3914986, -13.782552 ], [ -172.391175299999986, -13.7826027 ], [ -172.3907506, -13.7823808 ], [ -172.390573100000012, -13.7820132 ], [ -172.3904092, -13.7819346 ], [ -172.390363900000011, -13.7816772 ], [ -172.3901801, -13.7815378 ], [ -172.39025620000001, -13.7813539 ], [ -172.3899883, -13.7811788 ], [ -172.389539899999988, -13.7809863 ], [ -172.3891786, -13.780587 ], [ -172.3890455, -13.7803588 ], [ -172.3888427, -13.7804538 ], [ -172.388513, -13.780213 ], [ -172.387607800000012, -13.7800107 ], [ -172.3872652, -13.7796793 ], [ -172.386815500000012, -13.7794719 ], [ -172.3864796, -13.7790789 ], [ -172.3867141, -13.7786542 ], [ -172.3867711, -13.7783816 ], [ -172.387089800000012, -13.7782712 ], [ -172.387237199999987, -13.7779468 ], [ -172.386683799999986, -13.7774886 ], [ -172.38621040000001, -13.7773954 ], [ -172.3856163, -13.7776301 ], [ -172.3851195, -13.7776036 ], [ -172.3848247, -13.7775645 ], [ -172.3846175, -13.7774826 ], [ -172.3844415, -13.777424 ], [ -172.3842007, -13.7773526 ], [ -172.383999, -13.7772496 ], [ -172.38390050000001, -13.777131 ], [ -172.383479, -13.7769358 ], [ -172.3829412, -13.7768372 ], [ -172.3826095, -13.7767655 ], [ -172.382112, -13.7768282 ], [ -172.381337800000011, -13.7772294 ], [ -172.3802742, -13.7776684 ], [ -172.3796782, -13.7777291 ], [ -172.379351, -13.7776485 ], [ -172.3791941, -13.777384 ], [ -172.378979, -13.777254 ], [ -172.378893799999986, -13.7770613 ], [ -172.3786548, -13.7770006 ], [ -172.3782749, -13.7769132 ], [ -172.3775133, -13.7772899 ], [ -172.377051599999987, -13.7776305 ], [ -172.3763255, -13.7780107 ], [ -172.3758056, -13.7785576 ], [ -172.3754381, -13.7790147 ], [ -172.3749163, -13.7791749 ], [ -172.3743086, -13.7791851 ], [ -172.3733732, -13.7790739 ], [ -172.3730267, -13.7787548 ], [ -172.3727278, -13.7784967 ], [ -172.372524700000014, -13.7782169 ], [ -172.371771700000011, -13.7780466 ], [ -172.371386199999989, -13.7779211 ], [ -172.37116180000001, -13.777563 ], [ -172.3709021, -13.7770516 ], [ -172.370427, -13.7765765 ], [ -172.3697446, -13.7762448 ], [ -172.3693782, -13.7760924 ], [ -172.369209399999988, -13.7759521 ], [ -172.3684581, -13.7754704 ], [ -172.3680694, -13.775438 ], [ -172.367811499999988, -13.7751648 ], [ -172.36782740000001, -13.7745685 ], [ -172.3676571, -13.7742189 ], [ -172.367729200000014, -13.773953 ], [ -172.3677288, -13.7736272 ], [ -172.3673964, -13.7734939 ], [ -172.3672368, -13.7734392 ], [ -172.3671013, -13.7735004 ], [ -172.367010099999987, -13.7734157 ], [ -172.366868, -13.7733284 ], [ -172.3667553, -13.7733245 ], [ -172.366638599999987, -13.7733558 ], [ -172.366571599999986, -13.7733167 ], [ -172.366522, -13.7732698 ], [ -172.3664603, -13.7732125 ], [ -172.3663637, -13.773206 ], [ -172.3662832, -13.7732451 ], [ -172.3662095, -13.7732985 ], [ -172.366176, -13.773275 ], [ -172.366151800000011, -13.773249 ], [ -172.3660807, -13.7732229 ], [ -172.3659989, -13.7732216 ], [ -172.3659131, -13.7732451 ], [ -172.365793700000012, -13.7732503 ], [ -172.365728, -13.7732802 ], [ -172.365579200000013, -13.7733871 ], [ -172.3653995, -13.7734261 ], [ -172.3652385, -13.7735069 ], [ -172.3650414, -13.7735772 ], [ -172.364922, -13.7735968 ], [ -172.364836200000013, -13.773684 ], [ -172.3646458, -13.7737921 ], [ -172.364501600000011, -13.773923 ], [ -172.3643789, -13.7738742 ], [ -172.364282300000013, -13.7738078 ], [ -172.364168299999989, -13.7737518 ], [ -172.3640557, -13.7737244 ], [ -172.3640503, -13.7738351 ], [ -172.3641241, -13.7739133 ], [ -172.3640771, -13.773968 ], [ -172.3639564, -13.7740175 ], [ -172.3638277, -13.7740344 ], [ -172.3637003, -13.7739484 ], [ -172.3636775, -13.774054 ], [ -172.3636131, -13.7741334 ], [ -172.3634562, -13.7740579 ], [ -172.3634012, -13.7739641 ], [ -172.3633543, -13.7739458 ], [ -172.363311399999986, -13.773981 ], [ -172.3631772, -13.7740435 ], [ -172.363019, -13.774037 ], [ -172.3629144, -13.773955 ], [ -172.362837899999988, -13.7739146 ], [ -172.362750799999986, -13.7739146 ], [ -172.3626234, -13.7739589 ], [ -172.3626448, -13.7740917 ], [ -172.3626301, -13.7742324 ], [ -172.362568399999986, -13.7742585 ], [ -172.3624879, -13.7741972 ], [ -172.3624048, -13.7742272 ], [ -172.3623256, -13.774235 ], [ -172.36228, -13.7742194 ], [ -172.3621647, -13.7742571 ], [ -172.3620695, -13.7742181 ], [ -172.3619689, -13.7741673 ], [ -172.361852199999987, -13.7742103 ], [ -172.3617315, -13.7742285 ], [ -172.361669799999987, -13.7742037 ], [ -172.3616309, -13.7741647 ], [ -172.3615706, -13.7741998 ], [ -172.36151430000001, -13.7741803 ], [ -172.3614955, -13.7741139 ], [ -172.3614526, -13.7740527 ], [ -172.3614083, -13.7741217 ], [ -172.3613694, -13.7741243 ], [ -172.3613292, -13.7741021 ], [ -172.3612689, -13.7741334 ], [ -172.3612353, -13.7742064 ], [ -172.361209800000012, -13.7742949 ], [ -172.3611307, -13.7742975 ], [ -172.361075699999986, -13.7742702 ], [ -172.3610717, -13.7742207 ], [ -172.3610945, -13.7741321 ], [ -172.361061, -13.7740748 ], [ -172.360993900000011, -13.7739979 ], [ -172.3608719, -13.7739966 ], [ -172.360725699999989, -13.7740657 ], [ -172.36066, -13.774149 ], [ -172.3605795, -13.7741842 ], [ -172.360543299999989, -13.7741256 ], [ -172.3605379, -13.7740553 ], [ -172.3605125, -13.773923 ], [ -172.3603824, -13.7737739 ], [ -172.360334099999989, -13.773727 ], [ -172.3602697, -13.77377 ], [ -172.3602027, -13.7738885 ], [ -172.360149, -13.7739237 ], [ -172.36009, -13.7739445 ], [ -172.3600203, -13.773869 ], [ -172.35998810000001, -13.7739524 ], [ -172.359942499999988, -13.7740292 ], [ -172.3598754, -13.77408 ], [ -172.3598017, -13.7740019 ], [ -172.3597655, -13.7739081 ], [ -172.359634, -13.7737527 ], [ -172.3595496, -13.7737257 ], [ -172.3594812, -13.773684 ], [ -172.3594436, -13.7736658 ], [ -172.359398, -13.7736814 ], [ -172.3593511, -13.7737387 ], [ -172.359293400000013, -13.7737231 ], [ -172.3592476, -13.7736845 ], [ -172.359206199999988, -13.7736085 ], [ -172.359145899999987, -13.7735303 ], [ -172.359105699999986, -13.7735082 ], [ -172.3590533, -13.7735095 ], [ -172.3589756, -13.7735512 ], [ -172.358921900000013, -13.7735603 ], [ -172.358824, -13.7735902 ], [ -172.3587436, -13.7735069 ], [ -172.3585974, -13.7734196 ], [ -172.3585665, -13.7733623 ], [ -172.3584606, -13.7732894 ], [ -172.358362699999986, -13.7731773 ], [ -172.3582715, -13.7731292 ], [ -172.3580663, -13.7730497 ], [ -172.3578799, -13.7729468 ], [ -172.3577632, -13.7728947 ], [ -172.357562, -13.7728921 ], [ -172.357124, -13.7726322 ], [ -172.356594800000011, -13.772551 ], [ -172.3564965, -13.7727039 ], [ -172.356261, -13.7728102 ], [ -172.3560573, -13.772668 ], [ -172.3548561, -13.772435 ], [ -172.3544675, -13.7726316 ], [ -172.3536368, -13.7727883 ], [ -172.3532515, -13.7729997 ], [ -172.3529255, -13.7733019 ], [ -172.3524088, -13.7735107 ], [ -172.3521783, -13.7735063 ], [ -172.351862, -13.7736541 ], [ -172.3519696, -13.7739141 ], [ -172.351736499999987, -13.7740485 ], [ -172.3513959, -13.7742637 ], [ -172.351118, -13.7745864 ], [ -172.3509925, -13.7752766 ], [ -172.350686700000011, -13.7759736 ], [ -172.349943599999989, -13.7768992 ], [ -172.3496658, -13.7772757 ], [ -172.3492803, -13.7775984 ], [ -172.3490538, -13.777439 ], [ -172.34894, -13.777757 ], [ -172.348706600000014, -13.7777149 ], [ -172.3485273, -13.7777777 ], [ -172.348088, -13.7778763 ], [ -172.3471659, -13.777853 ], [ -172.3467604, -13.7779956 ], [ -172.3464296, -13.777948 ], [ -172.3457146, -13.7778782 ], [ -172.345170599999989, -13.7780348 ], [ -172.344825, -13.77819 ], [ -172.3437941, -13.7780287 ], [ -172.341606899999988, -13.777957 ], [ -172.339455500000014, -13.7780754 ], [ -172.3387831, -13.7775177 ], [ -172.337761199999989, -13.7773832 ], [ -172.3367303, -13.7773026 ], [ -172.3358489, -13.7772929 ], [ -172.3341905, -13.7779242 ], [ -172.333581, -13.7780672 ], [ -172.332830800000011, -13.7783872 ], [ -172.3320778, -13.7783424 ], [ -172.33169347499998, -13.778175086919891 ], [ -172.331572703793199, -13.778122510057619 ], [ -172.331493474999974, -13.77808801838149 ], [ -172.3314723, -13.7780788 ], [ -172.3298188, -13.776944 ], [ -172.3284859, -13.7755511 ], [ -172.3274672, -13.7746501 ], [ -172.3270086, -13.7742177 ], [ -172.3267022, -13.7735963 ], [ -172.3267009, -13.7733387 ], [ -172.3263676, -13.7730176 ], [ -172.3262388, -13.7725114 ], [ -172.3261465, -13.7723137 ], [ -172.3260679, -13.7723366 ], [ -172.326049899999987, -13.7722842 ], [ -172.3261302, -13.7722121 ], [ -172.326077700000013, -13.7720532 ], [ -172.325964199999987, -13.7719867 ], [ -172.3258842, -13.7717109 ], [ -172.3259539, -13.7716614 ], [ -172.3259727, -13.7713748 ], [ -172.3259486, -13.77076 ], [ -172.3257042, -13.7704897 ], [ -172.3255811, -13.7702182 ], [ -172.3256203, -13.7699444 ], [ -172.3257233, -13.7697857 ], [ -172.325845500000014, -13.7696996 ], [ -172.325916400000011, -13.7696293 ], [ -172.325921, -13.7695724 ], [ -172.3259351, -13.769507 ], [ -172.3259611, -13.7694632 ], [ -172.3259919, -13.7694273 ], [ -172.3260335, -13.7694228 ], [ -172.3260827, -13.7694419 ], [ -172.3261613, -13.7694797 ], [ -172.3262885, -13.769442 ], [ -172.3265634, -13.7692792 ], [ -172.3267745, -13.7691325 ], [ -172.326828400000011, -13.7690114 ], [ -172.326820700000013, -13.7689231 ], [ -172.3267267, -13.7689081 ], [ -172.326682, -13.7689021 ], [ -172.3266272, -13.768887 ], [ -172.326566500000013, -13.7687824 ], [ -172.326509499999986, -13.7686298 ], [ -172.3264448, -13.768555 ], [ -172.3263955, -13.7683575 ], [ -172.3263832, -13.76816 ], [ -172.32636930000001, -13.7679685 ], [ -172.3264063, -13.7678278 ], [ -172.3265342, -13.7676423 ], [ -172.3265619, -13.7675196 ], [ -172.326566500000013, -13.7674014 ], [ -172.3265865, -13.7672413 ], [ -172.3265295, -13.7671096 ], [ -172.326409399999989, -13.7670243 ], [ -172.3262569, -13.7669465 ], [ -172.326141299999989, -13.7667789 ], [ -172.326078200000012, -13.7666787 ], [ -172.325936399999989, -13.7666338 ], [ -172.3258255, -13.7665665 ], [ -172.3256638, -13.7664587 ], [ -172.3255344, -13.7663375 ], [ -172.3254604, -13.7662328 ], [ -172.325400300000013, -13.7661221 ], [ -172.3253125, -13.7661101 ], [ -172.3252247, -13.7660712 ], [ -172.32517390000001, -13.7660009 ], [ -172.325138399999986, -13.7659231 ], [ -172.3250275, -13.7658168 ], [ -172.3249366, -13.7657151 ], [ -172.324847299999988, -13.7656313 ], [ -172.3246824, -13.7655939 ], [ -172.3245346, -13.765537 ], [ -172.3244837, -13.7654248 ], [ -172.324445200000014, -13.7652886 ], [ -172.3244052, -13.7652153 ], [ -172.324342, -13.7651824 ], [ -172.3241571, -13.76535 ], [ -172.3240524, -13.7654517 ], [ -172.323992299999986, -13.7654622 ], [ -172.3239276, -13.7654457 ], [ -172.323830500000014, -13.765326 ], [ -172.3237473, -13.7652004 ], [ -172.3236549, -13.7650058 ], [ -172.323731900000013, -13.7649505 ], [ -172.3237196, -13.7648981 ], [ -172.3236441, -13.7649011 ], [ -172.323588699999988, -13.7648817 ], [ -172.3235532, -13.7648368 ], [ -172.323547100000013, -13.7647664 ], [ -172.323596400000014, -13.7646901 ], [ -172.3235995, -13.7646198 ], [ -172.323564, -13.7645525 ], [ -172.3234007, -13.7644657 ], [ -172.3233453, -13.7643909 ], [ -172.3233391, -13.7643041 ], [ -172.3233391, -13.7642113 ], [ -172.3234223, -13.764138 ], [ -172.3235702, -13.7639345 ], [ -172.323588699999988, -13.7637804 ], [ -172.323653400000012, -13.7636293 ], [ -172.3236102, -13.7635515 ], [ -172.323507, -13.7634707 ], [ -172.323482399999989, -13.7634093 ], [ -172.323487, -13.763342 ], [ -172.3235847, -13.7631764 ], [ -172.323645699999986, -13.7630906 ], [ -172.323695, -13.7630352 ], [ -172.3236642, -13.762944 ], [ -172.323724199999987, -13.7628632 ], [ -172.323759700000011, -13.7627704 ], [ -172.3237991, -13.7626817 ], [ -172.3238475, -13.7625729 ], [ -172.3238129, -13.7623333 ], [ -172.323674899999986, -13.7622003 ], [ -172.3235276, -13.7620861 ], [ -172.3233376, -13.7620282 ], [ -172.323172699999986, -13.7619593 ], [ -172.323072599999989, -13.7617245 ], [ -172.323058, -13.761467 ], [ -172.3228775, -13.7612573 ], [ -172.322703600000011, -13.7610656 ], [ -172.3225306, -13.7609273 ], [ -172.3223377, -13.7608551 ], [ -172.3222103, -13.7609341 ], [ -172.32209, -13.7609359 ], [ -172.3220387, -13.7608018 ], [ -172.3220404, -13.760654 ], [ -172.3216476, -13.7604529 ], [ -172.3212194, -13.7602569 ], [ -172.320447800000011, -13.7600369 ], [ -172.3199966, -13.7599166 ], [ -172.3197063, -13.7599011 ], [ -172.3195778, -13.7599585 ], [ -172.3192604, -13.7598753 ], [ -172.3191613, -13.7598668 ], [ -172.3190764, -13.7599252 ], [ -172.318572, -13.759908 ], [ -172.317047, -13.759894 ], [ -172.316772, -13.7594704 ], [ -172.317011400000013, -13.759164 ], [ -172.3164917, -13.7589484 ], [ -172.3161744, -13.758703 ], [ -172.31581030000001, -13.758454 ], [ -172.3150937, -13.7582238 ], [ -172.3146755, -13.7581903 ], [ -172.3143806, -13.7581737 ], [ -172.3142274, -13.7582047 ], [ -172.3138214, -13.757819 ], [ -172.3134791, -13.7578761 ], [ -172.313168499999989, -13.7577556 ], [ -172.3130327, -13.7575119 ], [ -172.312918700000012, -13.7572515 ], [ -172.312626, -13.7572485 ], [ -172.3123382, -13.7571852 ], [ -172.3107915, -13.7560355 ], [ -172.3100878, -13.7555156 ], [ -172.3094021, -13.7550853 ], [ -172.3088725, -13.7547974 ], [ -172.3087041, -13.7547577 ], [ -172.3086094, -13.7549453 ], [ -172.308451100000013, -13.7551668 ], [ -172.3081132, -13.7557139 ], [ -172.307905799999986, -13.7559707 ], [ -172.307665500000013, -13.7561113 ], [ -172.3075392, -13.7558779 ], [ -172.3074499, -13.7555966 ], [ -172.307360499999987, -13.7556295 ], [ -172.307472, -13.7562624 ], [ -172.307253300000013, -13.7563571 ], [ -172.3069261, -13.7564734 ], [ -172.306716599999987, -13.7565842 ], [ -172.306540899999987, -13.756647 ], [ -172.3064398, -13.7569174 ], [ -172.306306799999987, -13.7570181 ], [ -172.306044899999989, -13.7569672 ], [ -172.305597299999988, -13.7568947 ], [ -172.305428299999988, -13.7568752 ], [ -172.3052719, -13.7569008 ], [ -172.3051118, -13.7569234 ], [ -172.3050316, -13.7569975 ], [ -172.3048667, -13.757232 ], [ -172.304725499999989, -13.7572516 ], [ -172.3046062, -13.7574535 ], [ -172.3045284, -13.75749 ], [ -172.304447900000014, -13.7575056 ], [ -172.304393, -13.7575473 ], [ -172.3043811, -13.7576017 ], [ -172.3043889, -13.757744 ], [ -172.3043822, -13.7578052 ], [ -172.3043353, -13.7577896 ], [ -172.3043044, -13.7577336 ], [ -172.3041891, -13.7577792 ], [ -172.3040751, -13.7578834 ], [ -172.3039468, -13.7580017 ], [ -172.303637, -13.7579483 ], [ -172.303206, -13.7579926 ], [ -172.303206, -13.7582082 ], [ -172.3029905, -13.7582715 ], [ -172.3030563, -13.7584396 ], [ -172.3026557, -13.7587568 ], [ -172.3025448, -13.7587808 ], [ -172.3024202, -13.758536 ], [ -172.302350499999989, -13.7584618 ], [ -172.302282100000014, -13.7583888 ], [ -172.3021305, -13.7584266 ], [ -172.3019868, -13.7585111 ], [ -172.301875700000011, -13.7585907 ], [ -172.301830099999989, -13.7587314 ], [ -172.3016125, -13.7588429 ], [ -172.301572599999986, -13.7589099 ], [ -172.3015713, -13.7589828 ], [ -172.301578, -13.7591079 ], [ -172.301478, -13.759179 ], [ -172.301343300000013, -13.7592446 ], [ -172.3012963, -13.7592407 ], [ -172.3012454, -13.7591964 ], [ -172.3010836, -13.7593135 ], [ -172.3007666, -13.7595807 ], [ -172.3006861, -13.7597032 ], [ -172.300666, -13.7598907 ], [ -172.3005775, -13.7600385 ], [ -172.300499699999989, -13.760133 ], [ -172.3003991, -13.7601956 ], [ -172.3003133, -13.760189 ], [ -172.3002449, -13.7601487 ], [ -172.30016470000001, -13.7600262 ], [ -172.2999539, -13.7599376 ], [ -172.2997085, -13.7598256 ], [ -172.2995489, -13.759754 ], [ -172.2995019, -13.7597553 ], [ -172.2994912, -13.7598152 ], [ -172.2994751, -13.7599181 ], [ -172.2994067, -13.7599676 ], [ -172.299311499999988, -13.7599707 ], [ -172.2992485, -13.7599533 ], [ -172.2992042, -13.7599025 ], [ -172.2991697, -13.7597886 ], [ -172.2990594, -13.7597748 ], [ -172.2989628, -13.759767 ], [ -172.2989052, -13.7597422 ], [ -172.298859599999986, -13.7597123 ], [ -172.2987617, -13.7596432 ], [ -172.2986919, -13.759625 ], [ -172.2985256, -13.7596107 ], [ -172.298358400000012, -13.7596049 ], [ -172.2982614, -13.7596406 ], [ -172.2982064, -13.7596862 ], [ -172.2982068, -13.7597648 ], [ -172.2981555, -13.7599038 ], [ -172.298085, -13.7599545 ], [ -172.2980178, -13.7601248 ], [ -172.2978788, -13.7601382 ], [ -172.2978108, -13.7600575 ], [ -172.297805399999987, -13.7599324 ], [ -172.2979516, -13.7598478 ], [ -172.2978564, -13.7596721 ], [ -172.2977491, -13.759595 ], [ -172.2976296, -13.7595808 ], [ -172.2974688, -13.7595911 ], [ -172.2972703, -13.7595677 ], [ -172.2969244, -13.7596008 ], [ -172.296834499999989, -13.7595664 ], [ -172.296766100000013, -13.7594778 ], [ -172.296746, -13.7593762 ], [ -172.2967031, -13.759285 ], [ -172.2965869, -13.7591585 ], [ -172.2964179, -13.7590048 ], [ -172.2964098, -13.7588016 ], [ -172.296324, -13.7587678 ], [ -172.2962891, -13.7586401 ], [ -172.2961707, -13.7586564 ], [ -172.296125499999988, -13.7586088 ], [ -172.29601550000001, -13.7585906 ], [ -172.29583, -13.7586056 ], [ -172.295760699999988, -13.7585072 ], [ -172.2956159, -13.7584239 ], [ -172.2954813, -13.7584232 ], [ -172.2954062, -13.75859 ], [ -172.295200200000011, -13.7586401 ], [ -172.2949748, -13.758674 ], [ -172.2947893, -13.7586889 ], [ -172.2948139, -13.7587782 ], [ -172.294961, -13.7588557 ], [ -172.2949449, -13.7590016 ], [ -172.2948649, -13.7590413 ], [ -172.294795099999988, -13.7590908 ], [ -172.2946499, -13.7592621 ], [ -172.2946552, -13.7594497 ], [ -172.294784, -13.7596998 ], [ -172.294499699999989, -13.7598926 ], [ -172.2943924, -13.7601427 ], [ -172.294151, -13.7601844 ], [ -172.2938912, -13.7601642 ], [ -172.293735700000013, -13.7602866 ], [ -172.293560899999989, -13.7603563 ], [ -172.2929976, -13.760101 ], [ -172.292702600000013, -13.7596998 ], [ -172.292707900000011, -13.7594601 ], [ -172.2926191, -13.7590918 ], [ -172.2922954, -13.7589375 ], [ -172.2918985, -13.7588385 ], [ -172.2916571, -13.7585884 ], [ -172.2913567, -13.7584477 ], [ -172.291340600000012, -13.7586093 ], [ -172.291185, -13.7586197 ], [ -172.2910831, -13.758479 ], [ -172.29095430000001, -13.7584946 ], [ -172.2908228, -13.758674 ], [ -172.290865700000012, -13.758713 ], [ -172.290863, -13.7587756 ], [ -172.290766499999989, -13.7588928 ], [ -172.290694, -13.7589189 ], [ -172.2906056, -13.7589219 ], [ -172.290549199999987, -13.7588824 ], [ -172.290509, -13.7588303 ], [ -172.290474100000012, -13.7587678 ], [ -172.2903614, -13.7587156 ], [ -172.290240899999986, -13.7587291 ], [ -172.289817, -13.7587313 ], [ -172.2896963, -13.7586974 ], [ -172.2896131, -13.7586245 ], [ -172.2894416, -13.7586822 ], [ -172.28938260000001, -13.7588177 ], [ -172.2892886, -13.7588641 ], [ -172.2892242, -13.7589189 ], [ -172.2892296, -13.758984 ], [ -172.289253800000012, -13.7590626 ], [ -172.2892644, -13.7591325 ], [ -172.289302, -13.759208 ], [ -172.2893556, -13.7593565 ], [ -172.28928590000001, -13.7594607 ], [ -172.2891841, -13.7595576 ], [ -172.289141199999989, -13.7595576 ], [ -172.2889695, -13.7597556 ], [ -172.2888782, -13.7598281 ], [ -172.2887226, -13.7597994 ], [ -172.28869850000001, -13.7598489 ], [ -172.2886727, -13.759961 ], [ -172.2887938, -13.760073 ], [ -172.2889157, -13.7601407 ], [ -172.289026799999988, -13.7601178 ], [ -172.2892778, -13.760212 ], [ -172.2894066, -13.7602215 ], [ -172.289487, -13.7602996 ], [ -172.289532799999989, -13.7606049 ], [ -172.289618600000011, -13.7607872 ], [ -172.289744500000012, -13.7607842 ], [ -172.28986, -13.760855 ], [ -172.2898491, -13.7610161 ], [ -172.2897901, -13.7611307 ], [ -172.2898438, -13.761175 ], [ -172.2899458, -13.7611676 ], [ -172.290031699999986, -13.7612822 ], [ -172.2899458, -13.7614698 ], [ -172.289742, -13.7615688 ], [ -172.289720499999987, -13.7618137 ], [ -172.2896025, -13.7619752 ], [ -172.2896561, -13.7620742 ], [ -172.28963730000001, -13.7621389 ], [ -172.2895059, -13.7621993 ], [ -172.2893492, -13.7621492 ], [ -172.2891787, -13.7622618 ], [ -172.2894147, -13.7623556 ], [ -172.2896103, -13.7625271 ], [ -172.289482099999987, -13.7629999 ], [ -172.289383500000014, -13.7633943 ], [ -172.289195299999989, -13.7636363 ], [ -172.289058899999986, -13.7641025 ], [ -172.2889707, -13.76421 ], [ -172.2888232, -13.7643012 ], [ -172.2886891, -13.7642882 ], [ -172.288589800000011, -13.7642127 ], [ -172.2884531, -13.7643195 ], [ -172.2882626, -13.7642309 ], [ -172.2882117, -13.7641423 ], [ -172.2880927, -13.7640487 ], [ -172.2880615, -13.7637958 ], [ -172.28804, -13.763663 ], [ -172.2879381, -13.7637072 ], [ -172.2877968, -13.7636722 ], [ -172.287804, -13.7637437 ], [ -172.287871, -13.7638219 ], [ -172.2878925, -13.763999 ], [ -172.2878115, -13.7640682 ], [ -172.2876087, -13.7640999 ], [ -172.2874439, -13.7640239 ], [ -172.2873836, -13.7639034 ], [ -172.287298099999987, -13.7639383 ], [ -172.2872487, -13.763973 ], [ -172.2872246, -13.7640381 ], [ -172.287123799999989, -13.7640651 ], [ -172.286863899999986, -13.7641253 ], [ -172.286711700000012, -13.764157 ], [ -172.2866167, -13.7642235 ], [ -172.286518, -13.7643095 ], [ -172.286378500000012, -13.7644085 ], [ -172.286169300000012, -13.7645492 ], [ -172.286298, -13.7646065 ], [ -172.286324799999988, -13.7647419 ], [ -172.286244399999987, -13.7648253 ], [ -172.286142399999989, -13.7648826 ], [ -172.286142399999989, -13.7650129 ], [ -172.2861103, -13.7651588 ], [ -172.2859432, -13.7654169 ], [ -172.285843699999987, -13.7656194 ], [ -172.2858742, -13.7658257 ], [ -172.2859976, -13.7660185 ], [ -172.285933199999988, -13.7662217 ], [ -172.285858100000013, -13.7664249 ], [ -172.2857562, -13.7665864 ], [ -172.2857455, -13.7667844 ], [ -172.2858661, -13.7668744 ], [ -172.286076799999989, -13.7670403 ], [ -172.286103700000012, -13.7672464 ], [ -172.2858259, -13.7676441 ], [ -172.285665, -13.767889 ], [ -172.285547, -13.7682745 ], [ -172.2854719, -13.7685872 ], [ -172.2853753, -13.7688685 ], [ -172.2854558, -13.7688633 ], [ -172.285514799999987, -13.768905 ], [ -172.2853968, -13.7693426 ], [ -172.2854034, -13.7695402 ], [ -172.285432899999989, -13.7697173 ], [ -172.285518700000011, -13.7697694 ], [ -172.2856275, -13.7698064 ], [ -172.2859647, -13.7703167 ], [ -172.286428, -13.7707612 ], [ -172.286771499999986, -13.7707649 ], [ -172.286906, -13.7708546 ], [ -172.2871032, -13.7706932 ], [ -172.2874996, -13.7705879 ], [ -172.2876177, -13.7705202 ], [ -172.287830500000013, -13.7705849 ], [ -172.287998499999986, -13.7706817 ], [ -172.2880039, -13.7708067 ], [ -172.2880575, -13.7710985 ], [ -172.2880361, -13.7714007 ], [ -172.287919, -13.7716793 ], [ -172.2877217, -13.7720468 ], [ -172.2876402, -13.7723038 ], [ -172.2871032, -13.7726654 ], [ -172.2868163, -13.7726654 ], [ -172.2867536, -13.7728177 ], [ -172.2864636, -13.773008 ], [ -172.286114199999986, -13.7730714 ], [ -172.2857816, -13.7730193 ], [ -172.2853605, -13.7731522 ], [ -172.285140500000011, -13.7732199 ], [ -172.284971500000012, -13.7733215 ], [ -172.2844834, -13.7735768 ], [ -172.284209800000014, -13.7739519 ], [ -172.2843296, -13.7740468 ], [ -172.284386899999987, -13.7743075 ], [ -172.2842594, -13.7752209 ], [ -172.2834924, -13.7764518 ], [ -172.28331, -13.7773688 ], [ -172.2828826, -13.7783426 ], [ -172.281707399999988, -13.7788563 ], [ -172.2812782, -13.779544 ], [ -172.28085440000001, -13.7795961 ], [ -172.2807364, -13.7799035 ], [ -172.2801088, -13.7797941 ], [ -172.2796528, -13.7799295 ], [ -172.2793148, -13.7801275 ], [ -172.278864199999987, -13.7804714 ], [ -172.2786175, -13.7808673 ], [ -172.2781239, -13.7812633 ], [ -172.277871800000014, -13.7816488 ], [ -172.277641100000011, -13.7819458 ], [ -172.2775499, -13.7821646 ], [ -172.277555299999989, -13.7824303 ], [ -172.2775231, -13.7825449 ], [ -172.2774158, -13.7824459 ], [ -172.2772817, -13.7824824 ], [ -172.277136899999988, -13.782795 ], [ -172.2768901, -13.7834098 ], [ -172.2767614, -13.7837849 ], [ -172.2765468, -13.783962 ], [ -172.2762732, -13.7840454 ], [ -172.275624099999987, -13.7851655 ], [ -172.2754095, -13.7855094 ], [ -172.2752701, -13.7859418 ], [ -172.2748147, -13.7864911 ], [ -172.274427800000012, -13.7869942 ], [ -172.2741543, -13.7872599 ], [ -172.2738807, -13.7874996 ], [ -172.2738431, -13.7880101 ], [ -172.273247700000013, -13.7887551 ], [ -172.2727112, -13.789099 ], [ -172.2724854, -13.7894892 ], [ -172.2720353, -13.790714 ], [ -172.2719495, -13.7909068 ], [ -172.2717725, -13.7910526 ], [ -172.271783199999987, -13.7911881 ], [ -172.2719119, -13.7913444 ], [ -172.271751, -13.7914486 ], [ -172.2718154, -13.7915632 ], [ -172.2719334, -13.7916466 ], [ -172.271863700000011, -13.7917403 ], [ -172.2719763, -13.7918758 ], [ -172.2721211, -13.7919487 ], [ -172.2724002, -13.7923699 ], [ -172.2723196, -13.7925687 ], [ -172.2723465, -13.792824 ], [ -172.2721372, -13.7929282 ], [ -172.2720031, -13.7931105 ], [ -172.2720246, -13.7935898 ], [ -172.2719012, -13.7939493 ], [ -172.27168420000001, -13.7943234 ], [ -172.271445199999988, -13.7944233 ], [ -172.271160900000012, -13.7946786 ], [ -172.2710429, -13.7946005 ], [ -172.270924900000011, -13.7945484 ], [ -172.270817599999987, -13.794762 ], [ -172.2707747, -13.7950277 ], [ -172.270656699999989, -13.7949964 ], [ -172.2705977, -13.7949026 ], [ -172.2703938, -13.7949495 ], [ -172.2702758, -13.7951266 ], [ -172.270206, -13.7952048 ], [ -172.270265099999989, -13.7952725 ], [ -172.2701739, -13.7953923 ], [ -172.270082699999989, -13.7953194 ], [ -172.269959300000011, -13.7953298 ], [ -172.269830500000012, -13.7955903 ], [ -172.2697447, -13.7955695 ], [ -172.2695248, -13.7957674 ], [ -172.26935850000001, -13.7956945 ], [ -172.269219, -13.7957935 ], [ -172.2692351, -13.7959341 ], [ -172.269299499999988, -13.7962624 ], [ -172.2691922, -13.7962467 ], [ -172.2691117, -13.7961269 ], [ -172.268913199999986, -13.7961582 ], [ -172.268666200000013, -13.7962274 ], [ -172.2679369, -13.796825 ], [ -172.2677027, -13.7965697 ], [ -172.2674365, -13.7966584 ], [ -172.267259, -13.7971021 ], [ -172.2669927, -13.7971655 ], [ -172.266764599999988, -13.796912 ], [ -172.2664949, -13.797501 ], [ -172.2660926, -13.7975965 ], [ -172.265661599999987, -13.7974444 ], [ -172.2652545, -13.797936 ], [ -172.2651785, -13.7977673 ], [ -172.264925, -13.7978306 ], [ -172.2648236, -13.7977419 ], [ -172.2646714, -13.7977546 ], [ -172.2644306, -13.7980462 ], [ -172.2639361, -13.7976785 ], [ -172.263830937499989, -13.797673231503945 ], [ -172.26368260000001, -13.7976658 ], [ -172.263630937499983, -13.797820719612432 ], [ -172.2636065, -13.797894 ], [ -172.2632262, -13.7981603 ], [ -172.2630821, -13.7982472 ], [ -172.2629694, -13.7981118 ], [ -172.262931900000012, -13.7979086 ], [ -172.26261, -13.798018 ], [ -172.262588599999987, -13.7983045 ], [ -172.2623388, -13.7982617 ], [ -172.2623364, -13.7981534 ], [ -172.2621111, -13.7982316 ], [ -172.261781, -13.7980588 ], [ -172.261514799999986, -13.7980969 ], [ -172.2613762, -13.7979607 ], [ -172.261362600000012, -13.7978053 ], [ -172.2613508, -13.7976074 ], [ -172.2612485, -13.7975644 ], [ -172.2611509, -13.7973251 ], [ -172.2609846, -13.7972626 ], [ -172.26064, -13.7972094 ], [ -172.2604498, -13.797463 ], [ -172.259816, -13.7974884 ], [ -172.259537099999989, -13.7975771 ], [ -172.2593377, -13.7974918 ], [ -172.2594665, -13.7973772 ], [ -172.2592626, -13.7971324 ], [ -172.2587852, -13.7973147 ], [ -172.258570600000013, -13.7970907 ], [ -172.2583936, -13.797023 ], [ -172.2582693, -13.7968291 ], [ -172.258193299999988, -13.7966643 ], [ -172.2579524, -13.7966897 ], [ -172.257348900000011, -13.7962874 ], [ -172.25733120000001, -13.7957769 ], [ -172.257079800000014, -13.7955877 ], [ -172.2569002, -13.7956374 ], [ -172.2567607, -13.7953966 ], [ -172.2565706, -13.7955614 ], [ -172.256305, -13.7956834 ], [ -172.255924, -13.7954473 ], [ -172.2553821, -13.794968 ], [ -172.253282399999989, -13.7951788 ], [ -172.2513102, -13.7958661 ], [ -172.2509187, -13.796866 ], [ -172.250784399999986, -13.7970588 ], [ -172.2506577, -13.7973825 ], [ -172.2503595, -13.7974858 ], [ -172.2502073, -13.7977267 ], [ -172.2501249, -13.7977013 ], [ -172.2500932, -13.7978661 ], [ -172.2498645, -13.7978358 ], [ -172.2496074, -13.7981608 ], [ -172.2479889, -13.7989754 ], [ -172.2475886, -13.7994948 ], [ -172.247073, -13.7999679 ], [ -172.2464276, -13.8005371 ], [ -172.2460039, -13.8019542 ], [ -172.245281299999988, -13.8026768 ], [ -172.2449115, -13.8031928 ], [ -172.2442417, -13.8036022 ], [ -172.2434817, -13.8036981 ], [ -172.2430129, -13.8036787 ], [ -172.242715, -13.8035012 ], [ -172.2425945, -13.8034505 ], [ -172.242467799999986, -13.8034695 ], [ -172.242352899999986, -13.8033424 ], [ -172.2421508, -13.8034569 ], [ -172.242049400000013, -13.8033745 ], [ -172.241903799999989, -13.8032704 ], [ -172.241948, -13.8031399 ], [ -172.2418783, -13.8030131 ], [ -172.241707100000013, -13.8029815 ], [ -172.2416627, -13.802823 ], [ -172.2415043, -13.8026772 ], [ -172.2413268, -13.8026772 ], [ -172.241231699999986, -13.8025251 ], [ -172.2410352, -13.8024807 ], [ -172.2409528, -13.8023222 ], [ -172.2408197, -13.8022905 ], [ -172.2407436, -13.8021257 ], [ -172.240623199999987, -13.8020306 ], [ -172.2406676, -13.8017454 ], [ -172.2405028, -13.8015109 ], [ -172.2402999, -13.8015616 ], [ -172.2399553, -13.8017465 ], [ -172.2399957, -13.8014285 ], [ -172.239938599999988, -13.8013017 ], [ -172.2397168, -13.8015679 ], [ -172.2394505, -13.8017137 ], [ -172.239330099999989, -13.8014095 ], [ -172.2391019, -13.8011876 ], [ -172.2389244, -13.8010608 ], [ -172.2387596, -13.8011876 ], [ -172.2387152, -13.8014158 ], [ -172.2386075, -13.8015743 ], [ -172.2383413, -13.8012954 ], [ -172.2381828, -13.801251 ], [ -172.2378659, -13.8011115 ], [ -172.2375299, -13.8010862 ], [ -172.23725730000001, -13.8011115 ], [ -172.237041799999986, -13.8012193 ], [ -172.23693750000001, -13.8015011 ], [ -172.2367883, -13.8015552 ], [ -172.2365854, -13.8014919 ], [ -172.2365981, -13.8018088 ], [ -172.236344699999989, -13.8019916 ], [ -172.236015, -13.8018341 ], [ -172.2358692, -13.8018341 ], [ -172.2358058, -13.8019419 ], [ -172.2357361, -13.8020623 ], [ -172.235679, -13.8020497 ], [ -172.235323, -13.8021705 ], [ -172.235095800000011, -13.8023286 ], [ -172.234893, -13.8025251 ], [ -172.234659599999986, -13.802706 ], [ -172.234232, -13.8027665 ], [ -172.233954899999986, -13.8026201 ], [ -172.2337774, -13.8024807 ], [ -172.2335048, -13.8026392 ], [ -172.2332576, -13.8026645 ], [ -172.232920900000011, -13.8026126 ], [ -172.2327505, -13.8027152 ], [ -172.232668100000012, -13.8028737 ], [ -172.232528699999989, -13.8029498 ], [ -172.232478, -13.8030448 ], [ -172.2322608, -13.8030374 ], [ -172.232161, -13.8030575 ], [ -172.2321991, -13.8032794 ], [ -172.2320469, -13.803197 ], [ -172.23193280000001, -13.8030322 ], [ -172.2318948, -13.8028293 ], [ -172.2317033, -13.8027196 ], [ -172.2315208, -13.8026709 ], [ -172.2313877, -13.8027152 ], [ -172.231292599999989, -13.8027913 ], [ -172.2311975, -13.8026328 ], [ -172.2311025, -13.8026265 ], [ -172.2309313, -13.8026518 ], [ -172.2307602, -13.8027786 ], [ -172.2305954, -13.802804 ], [ -172.230500299999989, -13.8027596 ], [ -172.2303862, -13.8028293 ], [ -172.2303291, -13.8027659 ], [ -172.2302293, -13.8029646 ], [ -172.2301707, -13.8026645 ], [ -172.2299995, -13.8026075 ], [ -172.2297587, -13.8026265 ], [ -172.229581200000013, -13.8027406 ], [ -172.2295241, -13.8025568 ], [ -172.229353, -13.8024807 ], [ -172.2292452, -13.8025631 ], [ -172.229131099999989, -13.8027279 ], [ -172.2290741, -13.8026201 ], [ -172.2290107, -13.8025187 ], [ -172.228871199999986, -13.8025758 ], [ -172.2284465, -13.8024173 ], [ -172.2280916, -13.8023539 ], [ -172.2279141, -13.8023793 ], [ -172.2276352, -13.8023032 ], [ -172.2274577, -13.8023286 ], [ -172.227407, -13.8020623 ], [ -172.2272992, -13.8019039 ], [ -172.227102699999989, -13.8020053 ], [ -172.2268555, -13.801999 ], [ -172.2268302, -13.8021194 ], [ -172.2265703, -13.8021194 ], [ -172.2263991, -13.8020243 ], [ -172.2262787, -13.802037 ], [ -172.226247, -13.8019673 ], [ -172.2261646, -13.8018975 ], [ -172.2260061, -13.8019229 ], [ -172.2260252, -13.8018405 ], [ -172.22592370000001, -13.8017391 ], [ -172.2260125, -13.8017201 ], [ -172.225999800000011, -13.8015743 ], [ -172.2258664, -13.8015114 ], [ -172.225758899999988, -13.8016123 ], [ -172.2256765, -13.8015679 ], [ -172.2257146, -13.8013271 ], [ -172.2256195, -13.8012637 ], [ -172.2255688, -13.801213 ], [ -172.2256385, -13.8011052 ], [ -172.225575099999986, -13.8009848 ], [ -172.22548, -13.8009657 ], [ -172.2254103, -13.8009848 ], [ -172.2253976, -13.8008707 ], [ -172.2254547, -13.8007059 ], [ -172.2253216, -13.8005284 ], [ -172.2251694, -13.8005474 ], [ -172.2251314, -13.8003699 ], [ -172.2250046, -13.8003065 ], [ -172.224757399999987, -13.8003065 ], [ -172.2246687, -13.8002621 ], [ -172.2248018, -13.800129 ], [ -172.2248842, -13.7999516 ], [ -172.2247511, -13.7999262 ], [ -172.2245609, -13.800072 ], [ -172.2243708, -13.8000593 ], [ -172.2243834, -13.7999452 ], [ -172.224256700000012, -13.7997931 ], [ -172.2241299, -13.7998184 ], [ -172.224022100000013, -13.7997424 ], [ -172.2240348, -13.7995712 ], [ -172.2241426, -13.7995205 ], [ -172.224155200000013, -13.7994508 ], [ -172.224022100000013, -13.7994381 ], [ -172.2240031, -13.7993557 ], [ -172.224098199999986, -13.7992796 ], [ -172.2241235, -13.7991022 ], [ -172.2238953, -13.7991212 ], [ -172.2237242, -13.7990388 ], [ -172.2235583, -13.7987942 ], [ -172.223477, -13.7987282 ], [ -172.2234326, -13.7986204 ], [ -172.2234833, -13.7985 ], [ -172.223464299999989, -13.7983859 ], [ -172.223290600000013, -13.7983077 ], [ -172.2231601, -13.7983225 ], [ -172.223020600000012, -13.7982211 ], [ -172.2229029, -13.798285 ], [ -172.2227607, -13.7980943 ], [ -172.2225579, -13.7979612 ], [ -172.2224861, -13.7977131 ], [ -172.2224184, -13.7975111 ], [ -172.22226, -13.7973463 ], [ -172.2222409, -13.7971435 ], [ -172.2220635, -13.7968139 ], [ -172.2219494, -13.7963448 ], [ -172.2217402, -13.7959265 ], [ -172.221727499999986, -13.7956729 ], [ -172.2216071, -13.7957363 ], [ -172.22158, -13.7954016 ], [ -172.2214976, -13.7953009 ], [ -172.2213223, -13.7952725 ], [ -172.2212781, -13.7952041 ], [ -172.221314400000011, -13.7950451 ], [ -172.221098399999988, -13.7949224 ], [ -172.221044799999987, -13.7947099 ], [ -172.2210068, -13.7945077 ], [ -172.2208014, -13.7941606 ], [ -172.2206957, -13.7940186 ], [ -172.2205281, -13.7939409 ], [ -172.2204624, -13.793991 ], [ -172.22035360000001, -13.7939582 ], [ -172.220327700000013, -13.7938078 ], [ -172.2202464, -13.7937231 ], [ -172.2199665, -13.7936333 ], [ -172.219811, -13.7935227 ], [ -172.2197557, -13.7933879 ], [ -172.21968480000001, -13.7933153 ], [ -172.219605300000012, -13.7933533 ], [ -172.2196001, -13.793457 ], [ -172.2196174, -13.7935849 ], [ -172.2195811, -13.793737 ], [ -172.2195379, -13.7937612 ], [ -172.2194394, -13.7936886 ], [ -172.2195068, -13.7934726 ], [ -172.2194723, -13.7933084 ], [ -172.2192545, -13.7931494 ], [ -172.2190774, -13.7930264 ], [ -172.2190143, -13.792866 ], [ -172.2189124, -13.7927796 ], [ -172.2187966, -13.7927865 ], [ -172.2186843, -13.7928297 ], [ -172.2185668, -13.7928125 ], [ -172.218459599999989, -13.7927261 ], [ -172.218387, -13.7926327 ], [ -172.2183196, -13.7925861 ], [ -172.218193500000012, -13.7926276 ], [ -172.2181101, -13.7927172 ], [ -172.218025899999986, -13.7927796 ], [ -172.2179032, -13.7926811 ], [ -172.2177788, -13.7925671 ], [ -172.2176215, -13.7925308 ], [ -172.217428, -13.7925342 ], [ -172.217237899999986, -13.792631 ], [ -172.217135899999988, -13.7927243 ], [ -172.217050300000011, -13.792793 ], [ -172.2170132, -13.7926379 ], [ -172.216856, -13.7924997 ], [ -172.216837, -13.7924323 ], [ -172.2167471, -13.7924444 ], [ -172.2167177, -13.7923804 ], [ -172.21664, -13.7922526 ], [ -172.2165363, -13.7922024 ], [ -172.216405, -13.7922249 ], [ -172.2163635, -13.7922405 ], [ -172.2163773, -13.7921558 ], [ -172.216228699999988, -13.7920988 ], [ -172.2161233, -13.7920227 ], [ -172.2160127, -13.7919432 ], [ -172.2159488, -13.7919502 ], [ -172.2158554, -13.7919381 ], [ -172.2158071, -13.7919052 ], [ -172.2157086, -13.7919208 ], [ -172.215636, -13.7918983 ], [ -172.2156377, -13.7918465 ], [ -172.215494299999989, -13.7918275 ], [ -172.2153543, -13.7918171 ], [ -172.2152748, -13.7918033 ], [ -172.2152429, -13.7917555 ], [ -172.2152886, -13.7917186 ], [ -172.215210899999988, -13.7916149 ], [ -172.215117600000013, -13.7914507 ], [ -172.214969200000013, -13.7912368 ], [ -172.2149828, -13.7911207 ], [ -172.2149828, -13.7910498 ], [ -172.2148583, -13.7909928 ], [ -172.214673299999987, -13.7909318 ], [ -172.2145765, -13.7909353 ], [ -172.214483199999989, -13.7907072 ], [ -172.2143381, -13.7905136 ], [ -172.2142569, -13.7904324 ], [ -172.2142283, -13.7904237 ], [ -172.2142249, -13.7903935 ], [ -172.2142413, -13.7903831 ], [ -172.214262, -13.7903762 ], [ -172.2142551, -13.7903356 ], [ -172.2142309, -13.7902924 ], [ -172.21418, -13.7902907 ], [ -172.214133800000013, -13.7902811 ], [ -172.214075400000013, -13.7901723 ], [ -172.214048600000012, -13.7900911 ], [ -172.2140037, -13.7900643 ], [ -172.2140339, -13.7899753 ], [ -172.214065, -13.7898181 ], [ -172.2140547, -13.7896885 ], [ -172.2140555, -13.789615 ], [ -172.2140573, -13.7895589 ], [ -172.2139544, -13.7894794 ], [ -172.2139602, -13.7892959 ], [ -172.2140678, -13.7891821 ], [ -172.21414390000001, -13.7890905 ], [ -172.214149099999986, -13.7889246 ], [ -172.214148200000011, -13.7888271 ], [ -172.2142165, -13.7887518 ], [ -172.2140972, -13.7885219 ], [ -172.2139175, -13.7884148 ], [ -172.2138225, -13.7883405 ], [ -172.2137395, -13.7881625 ], [ -172.2137136, -13.7880243 ], [ -172.213758500000012, -13.7879189 ], [ -172.2136065, -13.7877391 ], [ -172.2136324, -13.7876061 ], [ -172.2137983, -13.7874903 ], [ -172.213882899999987, -13.7873728 ], [ -172.2138726, -13.7871879 ], [ -172.213705, -13.7871205 ], [ -172.2136376, -13.7870704 ], [ -172.2136687, -13.7869667 ], [ -172.2136773, -13.7868768 ], [ -172.2136738, -13.7868146 ], [ -172.213741199999987, -13.7868025 ], [ -172.2137758, -13.7868699 ], [ -172.2138674, -13.786882 ], [ -172.213834600000013, -13.7867075 ], [ -172.2137654, -13.7865934 ], [ -172.2137309, -13.7864846 ], [ -172.2137464, -13.7863774 ], [ -172.2137095, -13.7862932 ], [ -172.2136548, -13.786272 ], [ -172.2135978, -13.7862599 ], [ -172.2135892, -13.7862254 ], [ -172.2136738, -13.7861822 ], [ -172.2137171, -13.7861338 ], [ -172.213741199999987, -13.7860543 ], [ -172.2137222, -13.7859368 ], [ -172.2137153, -13.7858365 ], [ -172.2137706, -13.7857761 ], [ -172.2138225, -13.7857 ], [ -172.2138294, -13.7856205 ], [ -172.2138156, -13.7855393 ], [ -172.214001, -13.7853521 ], [ -172.2140719, -13.7851468 ], [ -172.214033, -13.7850665 ], [ -172.2140401, -13.7849733 ], [ -172.2140939, -13.7850197 ], [ -172.2141867, -13.7849342 ], [ -172.214101199999988, -13.7848389 ], [ -172.2141061, -13.7847827 ], [ -172.214172100000013, -13.784746 ], [ -172.2142561, -13.7846819 ], [ -172.214197500000012, -13.7846183 ], [ -172.2141926, -13.7845377 ], [ -172.2142561, -13.7844961 ], [ -172.2142854, -13.7844106 ], [ -172.2142586, -13.7842713 ], [ -172.214305, -13.7842224 ], [ -172.214385600000014, -13.7841564 ], [ -172.214407599999987, -13.7840025 ], [ -172.2144027, -13.7838485 ], [ -172.2143905, -13.7836921 ], [ -172.2143514, -13.7836188 ], [ -172.2143441, -13.7835479 ], [ -172.2145103, -13.7834868 ], [ -172.2144174, -13.7833133 ], [ -172.2143587, -13.7831887 ], [ -172.2144394, -13.7830934 ], [ -172.2143954, -13.7829639 ], [ -172.2143001, -13.7828759 ], [ -172.2143539, -13.7828343 ], [ -172.2144307, -13.7827371 ], [ -172.2144443, -13.7823382 ], [ -172.214363600000013, -13.7820987 ], [ -172.2141315, -13.7819325 ], [ -172.2138651, -13.7817566 ], [ -172.2136403, -13.7816637 ], [ -172.2133746, -13.7811912 ], [ -172.213261499999987, -13.7811334 ], [ -172.2131319, -13.781087 ], [ -172.2129878, -13.7809428 ], [ -172.2128338, -13.780933 ], [ -172.2127556, -13.7807302 ], [ -172.2127018, -13.7807253 ], [ -172.2125992, -13.7807888 ], [ -172.2124672, -13.780823 ], [ -172.2122372, -13.7806988 ], [ -172.2120816, -13.7806727 ], [ -172.2119851, -13.7805946 ], [ -172.2120655, -13.7804122 ], [ -172.211915299999987, -13.7803393 ], [ -172.2119207, -13.7801778 ], [ -172.2119261, -13.7800163 ], [ -172.211969, -13.7798443 ], [ -172.212146, -13.7797297 ], [ -172.2121621, -13.7796047 ], [ -172.2121353, -13.7794901 ], [ -172.2121299, -13.7794119 ], [ -172.212049400000012, -13.7793442 ], [ -172.211995800000011, -13.77924 ], [ -172.2120548, -13.7791358 ], [ -172.2120333, -13.7790159 ], [ -172.212022600000012, -13.7789274 ], [ -172.211995800000011, -13.7788492 ], [ -172.2119582, -13.7787607 ], [ -172.2120333, -13.7786356 ], [ -172.2120602, -13.7785158 ], [ -172.2120012, -13.7784168 ], [ -172.2121031, -13.7782657 ], [ -172.212044100000014, -13.7782084 ], [ -172.212022600000012, -13.7781615 ], [ -172.2120172, -13.7781198 ], [ -172.212049400000012, -13.7779583 ], [ -172.2120065, -13.7777812 ], [ -172.211840200000012, -13.777703 ], [ -172.2121084, -13.7776353 ], [ -172.212028, -13.7774738 ], [ -172.212087, -13.7773331 ], [ -172.2121835, -13.7772549 ], [ -172.2120012, -13.7769736 ], [ -172.212253299999986, -13.776958 ], [ -172.2123713, -13.7768173 ], [ -172.2121835, -13.776661 ], [ -172.2124571, -13.7766089 ], [ -172.2125, -13.7764265 ], [ -172.2125, -13.7762807 ], [ -172.2125805, -13.7761765 ], [ -172.2127951, -13.7761504 ], [ -172.2125591, -13.7759576 ], [ -172.2126127, -13.7757961 ], [ -172.212854099999987, -13.7757492 ], [ -172.2128863, -13.7756086 ], [ -172.2131599, -13.7757232 ], [ -172.2131384, -13.7755408 ], [ -172.2130848, -13.7753168 ], [ -172.2132316, -13.775316 ], [ -172.213299299999989, -13.7752543 ], [ -172.2130848, -13.7749521 ], [ -172.213224200000013, -13.774926 ], [ -172.2132028, -13.7748844 ], [ -172.2130043, -13.7744832 ], [ -172.2130794, -13.7743373 ], [ -172.213090099999988, -13.7741237 ], [ -172.2129721, -13.7738371 ], [ -172.2130794, -13.7737538 ], [ -172.2130472, -13.7734932 ], [ -172.212907699999988, -13.7732171 ], [ -172.212838, -13.7729358 ], [ -172.2129185, -13.7727221 ], [ -172.213074, -13.772545 ], [ -172.213074, -13.7723314 ], [ -172.2131545, -13.772222 ], [ -172.213009699999986, -13.7721386 ], [ -172.2131009, -13.7719875 ], [ -172.2129936, -13.7718885 ], [ -172.2130955, -13.7717322 ], [ -172.2130311, -13.7715707 ], [ -172.213176, -13.7711956 ], [ -172.2130687, -13.771008 ], [ -172.2127414, -13.7709663 ], [ -172.212800499999986, -13.7707683 ], [ -172.2127361, -13.7705912 ], [ -172.212832600000013, -13.7703723 ], [ -172.2126503, -13.77019 ], [ -172.2130204, -13.7699086 ], [ -172.213224200000013, -13.7697367 ], [ -172.2131223, -13.7695856 ], [ -172.213218899999987, -13.7695439 ], [ -172.213299299999989, -13.7693772 ], [ -172.2134442, -13.769174 ], [ -172.213406600000013, -13.7690802 ], [ -172.2135783, -13.768976 ], [ -172.2135783, -13.7688978 ], [ -172.2136749, -13.7687988 ], [ -172.2136212, -13.768653 ], [ -172.213766, -13.768481 ], [ -172.2138948, -13.7684445 ], [ -172.2139699, -13.7683351 ], [ -172.21390550000001, -13.7681684 ], [ -172.213717800000012, -13.7679652 ], [ -172.2138304, -13.7678714 ], [ -172.2139109, -13.7676943 ], [ -172.2138251, -13.7674546 ], [ -172.2139163, -13.7673608 ], [ -172.2139484, -13.7671837 ], [ -172.213980600000014, -13.7670586 ], [ -172.213947499999989, -13.7668949 ], [ -172.2138161, -13.7668534 ], [ -172.213667500000014, -13.7668431 ], [ -172.213671, -13.7667705 ], [ -172.213950899999986, -13.7667014 ], [ -172.214103, -13.7666426 ], [ -172.214103, -13.7664283 ], [ -172.2142447, -13.7661968 ], [ -172.214234299999987, -13.7660689 ], [ -172.2140684, -13.7661415 ], [ -172.2140027, -13.7660447 ], [ -172.214065, -13.7659652 ], [ -172.2140373, -13.765744 ], [ -172.2140477, -13.7655919 ], [ -172.2142067, -13.7655021 ], [ -172.214109900000011, -13.7652429 ], [ -172.21422050000001, -13.765077 ], [ -172.2144385, -13.7650089 ], [ -172.214472699999988, -13.7648794 ], [ -172.214501399999989, -13.7648322 ], [ -172.2144945, -13.7647423 ], [ -172.214487600000012, -13.7646698 ], [ -172.214535899999987, -13.7645972 ], [ -172.2146085, -13.7645453 ], [ -172.2147606, -13.7645281 ], [ -172.214694900000012, -13.7644659 ], [ -172.2145152, -13.7644071 ], [ -172.2144495, -13.7643069 ], [ -172.2144184, -13.7642274 ], [ -172.214504799999986, -13.7642689 ], [ -172.214580899999987, -13.7642827 ], [ -172.2145912, -13.7642066 ], [ -172.2145051, -13.7641084 ], [ -172.214427300000011, -13.7640702 ], [ -172.2145055, -13.7640506 ], [ -172.2145152, -13.7640066 ], [ -172.214547, -13.7639015 ], [ -172.2146228, -13.763904 ], [ -172.2147694, -13.7639944 ], [ -172.214938100000012, -13.763909 ], [ -172.2149796, -13.7637891 ], [ -172.2151115, -13.7636865 ], [ -172.2151873, -13.7636278 ], [ -172.2151531, -13.7635838 ], [ -172.215197100000012, -13.7635178 ], [ -172.2152753, -13.7634983 ], [ -172.2153681, -13.7634959 ], [ -172.2154439, -13.7634176 ], [ -172.2155636, -13.763293 ], [ -172.2156296, -13.7631366 ], [ -172.2156736, -13.76299 ], [ -172.21569070000001, -13.7628409 ], [ -172.2158129, -13.7628091 ], [ -172.2159218, -13.762762 ], [ -172.2159547, -13.7626943 ], [ -172.216032899999988, -13.7625892 ], [ -172.2160671, -13.7625134 ], [ -172.2160769, -13.7623619 ], [ -172.2160304, -13.7622568 ], [ -172.2161135, -13.7621297 ], [ -172.2161428, -13.7620515 ], [ -172.216130600000014, -13.7620051 ], [ -172.2161697, -13.7619196 ], [ -172.216343200000011, -13.7618267 ], [ -172.216431199999988, -13.7617729 ], [ -172.216406799999987, -13.7617021 ], [ -172.2163994, -13.7616239 ], [ -172.2164728, -13.7615897 ], [ -172.2165436, -13.7615163 ], [ -172.2166169, -13.7614137 ], [ -172.21669030000001, -13.7614015 ], [ -172.2166683, -13.7612622 ], [ -172.2166341, -13.7611937 ], [ -172.216665799999987, -13.761118 ], [ -172.216783099999986, -13.76103 ], [ -172.2168149, -13.7609029 ], [ -172.2168173, -13.7607783 ], [ -172.2169017, -13.7608166 ], [ -172.216986, -13.7606732 ], [ -172.2170446, -13.7605632 ], [ -172.217130200000014, -13.760507 ], [ -172.217225500000012, -13.7604826 ], [ -172.2172401, -13.7602871 ], [ -172.2173037, -13.7599181 ], [ -172.2173134, -13.7597763 ], [ -172.2172768, -13.7596297 ], [ -172.2173599, -13.7595588 ], [ -172.217376800000011, -13.7595042 ], [ -172.2174698, -13.7594366 ], [ -172.217526099999986, -13.7593658 ], [ -172.2175823, -13.7592924 ], [ -172.2177533, -13.759202 ], [ -172.2179415, -13.7591165 ], [ -172.2181004, -13.7591018 ], [ -172.2182812, -13.75918 ], [ -172.218506100000013, -13.7591027 ], [ -172.218601299999989, -13.7590285 ], [ -172.2186453, -13.7589088 ], [ -172.218628200000012, -13.7587768 ], [ -172.2186734, -13.7586779 ], [ -172.21877, -13.7584713 ], [ -172.2189019, -13.7583467 ], [ -172.218963, -13.7581952 ], [ -172.21905813966606, -13.7581115375 ], [ -172.2192465, -13.7579459 ], [ -172.219279752326912, -13.7579115375 ], [ -172.2193723, -13.7578159 ], [ -172.2194591, -13.7577675 ], [ -172.2195764, -13.7577992 ], [ -172.2196107, -13.7577406 ], [ -172.2195764, -13.7575671 ], [ -172.2196131, -13.7573422 ], [ -172.2197751, -13.7569794 ], [ -172.219728, -13.7567899 ], [ -172.2197353, -13.756592 ], [ -172.21964, -13.7564307 ], [ -172.219412299999988, -13.7561968 ], [ -172.2194347, -13.7560666 ], [ -172.2194888, -13.7559756 ], [ -172.219671799999986, -13.7559273 ], [ -172.2198086, -13.7559346 ], [ -172.220048100000014, -13.7559224 ], [ -172.220114099999989, -13.7559761 ], [ -172.2203058, -13.755976 ], [ -172.220561300000014, -13.7554751 ], [ -172.2205784, -13.7552625 ], [ -172.2206737, -13.7549888 ], [ -172.220788199999987, -13.754849 ], [ -172.2207153, -13.7547933 ], [ -172.220698199999987, -13.7546711 ], [ -172.2205931, -13.7545978 ], [ -172.220598, -13.7544829 ], [ -172.220583299999987, -13.7543852 ], [ -172.220602899999989, -13.7541824 ], [ -172.220536900000013, -13.7541261 ], [ -172.2204147, -13.7540357 ], [ -172.2203902, -13.7538891 ], [ -172.22034, -13.753682 ], [ -172.2204831, -13.7534223 ], [ -172.2204709, -13.7532439 ], [ -172.2205271, -13.753195 ], [ -172.2205486, -13.7530743 ], [ -172.2206859, -13.7530777 ], [ -172.2207998, -13.7529796 ], [ -172.2209401, -13.7528627 ], [ -172.221073499999989, -13.7525504 ], [ -172.221354, -13.7525504 ], [ -172.2216848, -13.7521173 ], [ -172.2222069, -13.752237 ], [ -172.2228067, -13.7529276 ], [ -172.2232598, -13.7529765 ], [ -172.2233893, -13.7528368 ], [ -172.2231375, -13.7521914 ], [ -172.2229471, -13.7517954 ], [ -172.2229506, -13.7514536 ], [ -172.2231026, -13.7512326 ], [ -172.2232797, -13.7510841 ], [ -172.223239400000011, -13.7509981 ], [ -172.222882700000014, -13.750946 ], [ -172.2227368, -13.7508308 ], [ -172.2225704, -13.7508796 ], [ -172.2224374, -13.7509122 ], [ -172.222343599999988, -13.7508314 ], [ -172.222153100000014, -13.7507636 ], [ -172.221984099999986, -13.7506308 ], [ -172.221952, -13.7504276 ], [ -172.22203780000001, -13.7503312 ], [ -172.222174599999988, -13.7502895 ], [ -172.2222497, -13.7501983 ], [ -172.222322100000014, -13.7501905 ], [ -172.222416, -13.7501592 ], [ -172.222410599999989, -13.7501201 ], [ -172.222300600000011, -13.7500784 ], [ -172.2222443, -13.7499977 ], [ -172.2222309, -13.7499065 ], [ -172.2222658, -13.7498283 ], [ -172.2222169, -13.7497262 ], [ -172.222247900000013, -13.7496559 ], [ -172.2222094, -13.7495626 ], [ -172.222179899999986, -13.7494636 ], [ -172.222086100000013, -13.7493229 ], [ -172.2220941, -13.7491718 ], [ -172.221992199999988, -13.7491066 ], [ -172.2219225, -13.7491614 ], [ -172.2217937, -13.7492552 ], [ -172.221667599999989, -13.7491275 ], [ -172.2216848, -13.7489791 ], [ -172.2215658, -13.7488714 ], [ -172.2214702, -13.7487433 ], [ -172.2214103, -13.74842 ], [ -172.221426400000013, -13.7480292 ], [ -172.2214209, -13.7478375 ], [ -172.221428, -13.7477247 ], [ -172.2213154, -13.7476119 ], [ -172.2213013, -13.7475265 ], [ -172.2210374, -13.7471847 ], [ -172.2207101, -13.7470206 ], [ -172.2206654, -13.7470791 ], [ -172.220541200000014, -13.7469932 ], [ -172.220330100000012, -13.7470069 ], [ -172.220048600000013, -13.7469044 ], [ -172.2200029, -13.7468189 ], [ -172.2198037, -13.7467847 ], [ -172.21942580000001, -13.746672 ], [ -172.219112599999988, -13.7463917 ], [ -172.2189754, -13.7464293 ], [ -172.2189191, -13.746337 ], [ -172.218802899999986, -13.7463233 ], [ -172.2186728, -13.7461011 ], [ -172.2186868, -13.7459815 ], [ -172.218743100000012, -13.7459508 ], [ -172.2188607, -13.7457472 ], [ -172.2188581, -13.7456705 ], [ -172.2180601, -13.7450892 ], [ -172.2177972, -13.7452325 ], [ -172.2175934, -13.745084 ], [ -172.217448499999989, -13.7451126 ], [ -172.217394899999988, -13.7450344 ], [ -172.2173278, -13.7449485 ], [ -172.217006, -13.745222 ], [ -172.2169523, -13.745209 ], [ -172.2162228, -13.7443258 ], [ -172.2163534, -13.7441783 ], [ -172.2163564, -13.7441434 ], [ -172.2163955, -13.7441264 ], [ -172.216420699999986, -13.7441439 ], [ -172.2164722, -13.7441695 ], [ -172.2168289, -13.7445342 ], [ -172.217468599999989, -13.7439037 ], [ -172.217535700000013, -13.7437786 ], [ -172.2176537, -13.7437448 ], [ -172.2177771, -13.7436301 ], [ -172.21783880000001, -13.743466 ], [ -172.2179219, -13.7434373 ], [ -172.217980899999986, -13.7434269 ], [ -172.2180131, -13.74338 ], [ -172.2180051, -13.7432732 ], [ -172.2179261, -13.7432517 ], [ -172.217806599999989, -13.7431664 ], [ -172.2178173, -13.7430309 ], [ -172.2177959, -13.7429215 ], [ -172.2177288, -13.7429032 ], [ -172.2176752, -13.7428694 ], [ -172.2176403, -13.7425437 ], [ -172.21766980000001, -13.742205 ], [ -172.217704700000013, -13.7420356 ], [ -172.217694, -13.7419053 ], [ -172.217677900000012, -13.7417673 ], [ -172.217766399999988, -13.7414338 ], [ -172.2179032, -13.7413738 ], [ -172.2179783, -13.7413712 ], [ -172.2180185, -13.7413712 ], [ -172.2180453, -13.7413061 ], [ -172.218082900000013, -13.7412488 ], [ -172.218131199999988, -13.7411836 ], [ -172.2181794, -13.7410951 ], [ -172.2183001, -13.7411472 ], [ -172.218335, -13.7410924 ], [ -172.2183377, -13.7410429 ], [ -172.218265300000013, -13.7410169 ], [ -172.2182277, -13.7409882 ], [ -172.21820360000001, -13.7409153 ], [ -172.2181741, -13.7408449 ], [ -172.2180936, -13.7406938 ], [ -172.2181124, -13.7406157 ], [ -172.218123100000014, -13.7405062 ], [ -172.2181553, -13.740402 ], [ -172.218225, -13.7403447 ], [ -172.2181955, -13.7402327 ], [ -172.2182545, -13.7401389 ], [ -172.2184021, -13.7401831 ], [ -172.218439600000011, -13.7401805 ], [ -172.2184584, -13.7401649 ], [ -172.2184718, -13.7400946 ], [ -172.2185067, -13.7399956 ], [ -172.2185979, -13.7399408 ], [ -172.218670300000014, -13.7399174 ], [ -172.2186783, -13.7398809 ], [ -172.2187293, -13.7398496 ], [ -172.2187132, -13.739821 ], [ -172.2186944, -13.7397845 ], [ -172.218673, -13.7397532 ], [ -172.2186595, -13.7397272 ], [ -172.2186508, -13.7397004 ], [ -172.218616200000014, -13.7396131 ], [ -172.2185657, -13.7395865 ], [ -172.2185609, -13.7395503 ], [ -172.2185124, -13.7394921 ], [ -172.218534299999988, -13.7394417 ], [ -172.2185009, -13.7394204 ], [ -172.2184859, -13.7393633 ], [ -172.2185078, -13.7393554 ], [ -172.2184942, -13.7393239 ], [ -172.2185049, -13.7392675 ], [ -172.218466400000011, -13.7392191 ], [ -172.2184369, -13.739167 ], [ -172.218405499999989, -13.7390953 ], [ -172.2183449, -13.7389693 ], [ -172.218268599999988, -13.7389763 ], [ -172.2182527, -13.7389217 ], [ -172.218294500000013, -13.7388811 ], [ -172.2182397, -13.7388615 ], [ -172.2182412, -13.7387747 ], [ -172.218298800000014, -13.7387117 ], [ -172.218291599999986, -13.7385255 ], [ -172.2183186, -13.7384655 ], [ -172.21830460000001, -13.7384284 ], [ -172.2183882, -13.7382707 ], [ -172.2184862, -13.7382273 ], [ -172.2186231, -13.7382427 ], [ -172.218709600000011, -13.7383715 ], [ -172.2189186, -13.7383659 ], [ -172.2189243, -13.7383309 ], [ -172.2190108, -13.7383309 ], [ -172.2190512, -13.7382931 ], [ -172.219123200000013, -13.7383015 ], [ -172.2191593, -13.7382819 ], [ -172.2191463, -13.7382637 ], [ -172.219155, -13.7382273 ], [ -172.2191968, -13.7382091 ], [ -172.219129, -13.7381573 ], [ -172.2189304, -13.7381561 ], [ -172.2186998, -13.7380936 ], [ -172.2186193, -13.7380076 ], [ -172.2186113, -13.7378982 ], [ -172.21874, -13.7377705 ], [ -172.2188366, -13.737734 ], [ -172.2189358, -13.7376011 ], [ -172.2189385, -13.7374839 ], [ -172.2189814, -13.7374683 ], [ -172.2190592, -13.7374135 ], [ -172.2191772, -13.7372468 ], [ -172.2195346, -13.7373488 ], [ -172.2195768, -13.7373263 ], [ -172.219558799999987, -13.7372913 ], [ -172.2195822, -13.7372563 ], [ -172.2196219, -13.7372563 ], [ -172.2196309, -13.737237 ], [ -172.2196885, -13.7372335 ], [ -172.2197012, -13.7371933 ], [ -172.2197912, -13.737223 ], [ -172.2198957, -13.7372038 ], [ -172.2200038, -13.737132 ], [ -172.2200196, -13.7370465 ], [ -172.220024599999988, -13.736881 ], [ -172.220158700000013, -13.7367312 ], [ -172.2202423, -13.736734 ], [ -172.2203431, -13.7367928 ], [ -172.2205291, -13.7369398 ], [ -172.220560799999987, -13.7368502 ], [ -172.2205017, -13.7368446 ], [ -172.2204815, -13.7368026 ], [ -172.2205089, -13.7367956 ], [ -172.2204743, -13.7367214 ], [ -172.2203878, -13.7367088 ], [ -172.2203835, -13.7365464 ], [ -172.2202077, -13.7365898 ], [ -172.220174500000013, -13.7364974 ], [ -172.220201800000012, -13.7364598 ], [ -172.220167300000014, -13.7363532 ], [ -172.220174500000013, -13.7363084 ], [ -172.2201053, -13.7363112 ], [ -172.2200866, -13.7362608 ], [ -172.2201514, -13.7362622 ], [ -172.2201284, -13.736195 ], [ -172.2200635, -13.7361726 ], [ -172.2200044, -13.7361306 ], [ -172.2199943, -13.7360381 ], [ -172.2199569, -13.7359429 ], [ -172.2199194, -13.7359457 ], [ -172.219906400000013, -13.7358841 ], [ -172.2199684, -13.7358393 ], [ -172.219890600000014, -13.7358001 ], [ -172.2198286, -13.7358169 ], [ -172.21979540000001, -13.7358939 ], [ -172.219755099999986, -13.7358687 ], [ -172.219750800000014, -13.7357847 ], [ -172.219683, -13.73581 ], [ -172.219704900000011, -13.7357411 ], [ -172.219777, -13.7357433 ], [ -172.2197792, -13.7356733 ], [ -172.2196419, -13.7355639 ], [ -172.2193446, -13.7355398 ], [ -172.2191547, -13.7356418 ], [ -172.219013499999988, -13.7355814 ], [ -172.2190856, -13.7355136 ], [ -172.2189122, -13.7354173 ], [ -172.218745500000011, -13.7354173 ], [ -172.2187208, -13.7353626 ], [ -172.218585600000011, -13.7353276 ], [ -172.218502300000011, -13.7353561 ], [ -172.218587899999989, -13.7354567 ], [ -172.2182884, -13.7354851 ], [ -172.218259100000012, -13.7353561 ], [ -172.2182118, -13.7353101 ], [ -172.218137500000012, -13.7352926 ], [ -172.2180136, -13.7353495 ], [ -172.2179844, -13.7352992 ], [ -172.218097, -13.7352839 ], [ -172.218085699999989, -13.7352423 ], [ -172.2179753, -13.7352554 ], [ -172.217878500000012, -13.7351614 ], [ -172.2177929, -13.7352379 ], [ -172.2177074, -13.7351811 ], [ -172.217833500000012, -13.7351198 ], [ -172.217750099999989, -13.7349689 ], [ -172.2175339, -13.7349667 ], [ -172.2173268, -13.7348157 ], [ -172.217216400000012, -13.734842 ], [ -172.2170768, -13.7350214 ], [ -172.2168561, -13.735087 ], [ -172.2167728, -13.7350367 ], [ -172.2167502, -13.7349404 ], [ -172.2167097, -13.734912 ], [ -172.2166939, -13.7347873 ], [ -172.216669200000013, -13.734796 ], [ -172.2165971, -13.7348704 ], [ -172.216471, -13.7348135 ], [ -172.216490099999987, -13.7347456 ], [ -172.216534, -13.7347064 ], [ -172.2166557, -13.7346976 ], [ -172.2167165, -13.7346495 ], [ -172.216707500000012, -13.7344985 ], [ -172.216645699999987, -13.7344449 ], [ -172.2166286, -13.7344066 ], [ -172.216669200000013, -13.7343957 ], [ -172.216653400000013, -13.7341419 ], [ -172.2166039, -13.7341398 ], [ -172.2165875, -13.7341119 ], [ -172.2164918, -13.7341489 ], [ -172.216471500000011, -13.7341136 ], [ -172.2164232, -13.7341227 ], [ -172.2164031, -13.7341045 ], [ -172.216387, -13.7340485 ], [ -172.2164219, -13.7340107 ], [ -172.216553299999987, -13.7339521 ], [ -172.2165956, -13.7339192 ], [ -172.2166043, -13.7338387 ], [ -172.216619799999989, -13.7338061 ], [ -172.2166056, -13.7337736 ], [ -172.216606, -13.7337523 ], [ -172.216561, -13.7336851 ], [ -172.2165852, -13.7336571 ], [ -172.2165714, -13.7336415 ], [ -172.2165541, -13.7336549 ], [ -172.216227800000013, -13.7334331 ], [ -172.2161863, -13.7334298 ], [ -172.216163200000011, -13.7334499 ], [ -172.2161021, -13.7334354 ], [ -172.2160929, -13.7334522 ], [ -172.216033, -13.7334629 ], [ -172.216041, -13.7334968 ], [ -172.2160249, -13.7335671 ], [ -172.2159954, -13.7336766 ], [ -172.215952499999986, -13.7336948 ], [ -172.2158559, -13.7336739 ], [ -172.2157755, -13.7336479 ], [ -172.215783499999986, -13.7335749 ], [ -172.2157755, -13.733528 ], [ -172.2157804, -13.7334376 ], [ -172.215812699999987, -13.733339 ], [ -172.215849600000013, -13.7333301 ], [ -172.215883, -13.7332763 ], [ -172.2159107, -13.7332774 ], [ -172.2159164, -13.7332304 ], [ -172.2158899, -13.7332203 ], [ -172.2158772, -13.7331699 ], [ -172.2158023, -13.7330657 ], [ -172.21579650000001, -13.7329974 ], [ -172.2156962, -13.7328697 ], [ -172.2156328, -13.732844 ], [ -172.215612, -13.7328955 ], [ -172.2155649, -13.7328928 ], [ -172.2155567, -13.7328552 ], [ -172.2154172, -13.7328238 ], [ -172.2153312, -13.7327212 ], [ -172.21528570000001, -13.7327017 ], [ -172.2152246, -13.7328989 ], [ -172.2152408, -13.7329224 ], [ -172.215231499999987, -13.7329414 ], [ -172.2152154, -13.7329437 ], [ -172.2151116, -13.7332282 ], [ -172.2150321, -13.7332606 ], [ -172.2149214, -13.7332472 ], [ -172.2148487, -13.7331923 ], [ -172.2148015, -13.7331296 ], [ -172.214810699999987, -13.7330601 ], [ -172.2148972, -13.7328989 ], [ -172.214890200000013, -13.7328708 ], [ -172.2148949, -13.7328518 ], [ -172.2149168, -13.7328563 ], [ -172.2149617, -13.7327745 ], [ -172.2150632, -13.732779 ], [ -172.2150978, -13.7327096 ], [ -172.215048200000012, -13.732686 ], [ -172.2150298, -13.7326804 ], [ -172.2149248, -13.7326345 ], [ -172.2149301, -13.7325705 ], [ -172.2147454, -13.7325049 ], [ -172.2146486, -13.7325333 ], [ -172.21456520000001, -13.7324086 ], [ -172.2145945, -13.7323802 ], [ -172.21447520000001, -13.7322861 ], [ -172.214237200000014, -13.7323525 ], [ -172.2141689, -13.7322926 ], [ -172.2140901, -13.7322926 ], [ -172.214117499999986, -13.7323996 ], [ -172.2141626, -13.7324064 ], [ -172.214081599999986, -13.7325092 ], [ -172.2139104, -13.732542 ], [ -172.2138699, -13.7324501 ], [ -172.2136672, -13.7324611 ], [ -172.2135816, -13.7323911 ], [ -172.213469, -13.7324304 ], [ -172.2134667, -13.732472 ], [ -172.2132033, -13.7325595 ], [ -172.2128706, -13.7325216 ], [ -172.2126936, -13.7323028 ], [ -172.212597, -13.7322676 ], [ -172.2125005, -13.7322129 ], [ -172.21245110000001, -13.732111 ], [ -172.212314099999986, -13.7320787 ], [ -172.2122872, -13.7321386 ], [ -172.2120995, -13.7321204 ], [ -172.212056600000011, -13.7320904 ], [ -172.2120277, -13.7320279 ], [ -172.211907700000012, -13.7319367 ], [ -172.2117723, -13.7318859 ], [ -172.2116967, -13.7318398 ], [ -172.211394899999988, -13.7317063 ], [ -172.211340400000012, -13.7315928 ], [ -172.211293500000011, -13.7315537 ], [ -172.211104400000011, -13.7314364 ], [ -172.2111576, -13.7313289 ], [ -172.211011899999988, -13.731258 ], [ -172.21088180000001, -13.7311876 ], [ -172.210680599999989, -13.7310716 ], [ -172.210687299999989, -13.7310169 ], [ -172.21069, -13.7309609 ], [ -172.2107423, -13.7308971 ], [ -172.2108093, -13.7308462 ], [ -172.210935400000011, -13.7307238 ], [ -172.210928700000011, -13.730699 ], [ -172.2108522, -13.7306052 ], [ -172.2107034, -13.7305844 ], [ -172.210659, -13.7304992 ], [ -172.2106139, -13.7304747 ], [ -172.2104175, -13.7305149 ], [ -172.21033, -13.7304764 ], [ -172.2102068, -13.7303592 ], [ -172.210168900000014, -13.7303539 ], [ -172.2101635, -13.7303171 ], [ -172.2102176, -13.7302384 ], [ -172.2102518, -13.7302261 ], [ -172.210269, -13.7301704 ], [ -172.2103076, -13.7301561 ], [ -172.2103311, -13.7301176 ], [ -172.2102842, -13.7301071 ], [ -172.2101725, -13.7301946 ], [ -172.2100911, -13.7301545 ], [ -172.210084200000011, -13.7301281 ], [ -172.21000140000001, -13.7300844 ], [ -172.2099365, -13.7300966 ], [ -172.20994730000001, -13.7301579 ], [ -172.209918499999986, -13.7301859 ], [ -172.2098626, -13.7301194 ], [ -172.2097401, -13.7300651 ], [ -172.2097365, -13.7299584 ], [ -172.209696900000012, -13.7299479 ], [ -172.2096378, -13.7299721 ], [ -172.20956, -13.7299514 ], [ -172.2093803, -13.7298236 ], [ -172.209347400000013, -13.7297956 ], [ -172.2092596, -13.7297246 ], [ -172.2091577, -13.7297272 ], [ -172.2091067, -13.7297455 ], [ -172.209026200000011, -13.7297455 ], [ -172.2089779, -13.7297505 ], [ -172.2088195, -13.7297203 ], [ -172.2087727, -13.7296801 ], [ -172.208738399999987, -13.7296713 ], [ -172.2087114, -13.7297379 ], [ -172.2087096, -13.7297904 ], [ -172.208642700000013, -13.7298236 ], [ -172.2085835, -13.7298639 ], [ -172.208320500000013, -13.7297869 ], [ -172.208320500000013, -13.7296748 ], [ -172.2082304, -13.7296153 ], [ -172.2081948, -13.729623 ], [ -172.2081187, -13.7296258 ], [ -172.2080052, -13.7297011 ], [ -172.2078809, -13.7296621 ], [ -172.2078032, -13.7295787 ], [ -172.207702500000011, -13.7295471 ], [ -172.2076358, -13.7295103 ], [ -172.207605199999989, -13.7295208 ], [ -172.207558400000011, -13.7294963 ], [ -172.2074598, -13.7294641 ], [ -172.2073368, -13.7293388 ], [ -172.207365399999986, -13.729243 ], [ -172.207339100000013, -13.7291618 ], [ -172.207298900000012, -13.7290915 ], [ -172.2072506, -13.729055 ], [ -172.2071728, -13.7289573 ], [ -172.2071206, -13.7288838 ], [ -172.20712420000001, -13.7288243 ], [ -172.207147600000013, -13.7288103 ], [ -172.2071116, -13.7287665 ], [ -172.207062900000011, -13.7287658 ], [ -172.2070334, -13.7287345 ], [ -172.2070084, -13.7287072 ], [ -172.2069717, -13.728698 ], [ -172.2069404, -13.7286773 ], [ -172.2069098, -13.7286615 ], [ -172.206864700000011, -13.7287298 ], [ -172.2068697, -13.728771 ], [ -172.206812500000012, -13.7288698 ], [ -172.2067061, -13.7289091 ], [ -172.206576500000011, -13.7288365 ], [ -172.206545799999986, -13.7287263 ], [ -172.206562100000014, -13.7286703 ], [ -172.2065422, -13.7286283 ], [ -172.2064432, -13.7285653 ], [ -172.206371100000013, -13.7286108 ], [ -172.2063145, -13.728599 ], [ -172.2062582, -13.7285886 ], [ -172.2061711, -13.7285635 ], [ -172.2061607, -13.7285105 ], [ -172.205929700000013, -13.7284252 ], [ -172.205861700000014, -13.7284555 ], [ -172.205724300000014, -13.7283955 ], [ -172.2057495, -13.7282817 ], [ -172.2056955, -13.72821 ], [ -172.2055801, -13.7281795 ], [ -172.2055784, -13.7280315 ], [ -172.205639600000012, -13.7279877 ], [ -172.2056667, -13.7278914 ], [ -172.205618, -13.7278232 ], [ -172.2055796, -13.7278017 ], [ -172.205540500000012, -13.7277829 ], [ -172.205550100000011, -13.727734 ], [ -172.20553670000001, -13.7276897 ], [ -172.2055313, -13.7276558 ], [ -172.2055125, -13.7276011 ], [ -172.2055689, -13.7275437 ], [ -172.2055581, -13.7274838 ], [ -172.205504499999989, -13.7274714 ], [ -172.2054348, -13.7274864 ], [ -172.2053946, -13.7275624 ], [ -172.20535430000001, -13.7274995 ], [ -172.2053392, -13.7274559 ], [ -172.2052688, -13.7274012 ], [ -172.205247, -13.7273535 ], [ -172.2051692, -13.7273223 ], [ -172.2050968, -13.7273509 ], [ -172.2049788, -13.7273014 ], [ -172.204941600000012, -13.7272747 ], [ -172.2048124, -13.7272403 ], [ -172.2047832, -13.7271824 ], [ -172.2045862, -13.7271859 ], [ -172.204384800000014, -13.7269618 ], [ -172.204163099999988, -13.726825 ], [ -172.2040927, -13.7266644 ], [ -172.2040857, -13.7264012 ], [ -172.2038397, -13.7263738 ], [ -172.2037757, -13.7261475 ], [ -172.2037235, -13.7261174 ], [ -172.203737600000011, -13.7259704 ], [ -172.2036778, -13.7258747 ], [ -172.2035546, -13.7258713 ], [ -172.203591499999987, -13.7257424 ], [ -172.203435, -13.7256491 ], [ -172.2032346, -13.7256092 ], [ -172.2032063, -13.7255124 ], [ -172.202872, -13.7254372 ], [ -172.2028966, -13.7253415 ], [ -172.2028474, -13.725297 ], [ -172.2028051, -13.7253962 ], [ -172.2027137, -13.7253551 ], [ -172.202671400000014, -13.7252799 ], [ -172.2023442, -13.7252082 ], [ -172.2021612, -13.7249552 ], [ -172.2021894, -13.7249039 ], [ -172.202119, -13.7247843 ], [ -172.2020345, -13.724798 ], [ -172.201967700000012, -13.7248561 ], [ -172.2018832, -13.7247535 ], [ -172.201566500000013, -13.7247467 ], [ -172.2013906, -13.7248185 ], [ -172.2012815, -13.724798 ], [ -172.2012076, -13.7246817 ], [ -172.2009859, -13.724692 ], [ -172.200898, -13.7247809 ], [ -172.2007185, -13.7248253 ], [ -172.2006376, -13.724733 ], [ -172.2004722, -13.7247193 ], [ -172.200410799999986, -13.7247153 ], [ -172.200356, -13.7246819 ], [ -172.2002625, -13.724612 ], [ -172.2002223, -13.7246339 ], [ -172.2001344, -13.7245997 ], [ -172.2000323, -13.7244322 ], [ -172.199969, -13.7244288 ], [ -172.1999408, -13.7243707 ], [ -172.1996552, -13.7241563 ], [ -172.19968750000001, -13.7241177 ], [ -172.199431299999986, -13.7239092 ], [ -172.1994204, -13.7239468 ], [ -172.1993219, -13.7238545 ], [ -172.199366700000013, -13.7237908 ], [ -172.1992938, -13.7237554 ], [ -172.199248, -13.7238066 ], [ -172.1988926, -13.7237622 ], [ -172.198773, -13.7237964 ], [ -172.19859, -13.7237485 ], [ -172.1983367, -13.7235537 ], [ -172.1983472, -13.7232631 ], [ -172.198217, -13.7227948 ], [ -172.19811150000001, -13.7228051 ], [ -172.1980948, -13.7227219 ], [ -172.1981681, -13.7226309 ], [ -172.1981681, -13.7225326 ], [ -172.198014199999989, -13.7225582 ], [ -172.1979614, -13.7224215 ], [ -172.19818570000001, -13.7223873 ], [ -172.1982561, -13.7223147 ], [ -172.1982561, -13.7221395 ], [ -172.198221, -13.7219844 ], [ -172.198128700000012, -13.7218641 ], [ -172.1979531, -13.721746 ], [ -172.197935, -13.7218904 ], [ -172.1978585, -13.7219582 ], [ -172.1977526, -13.7219757 ], [ -172.1976175, -13.7219122 ], [ -172.1976051, -13.7218377 ], [ -172.197489100000013, -13.7218532 ], [ -172.1973822, -13.7218843 ], [ -172.1970172, -13.7219172 ], [ -172.1969767, -13.7219675 ], [ -172.1969159, -13.7219631 ], [ -172.19671550000001, -13.7218471 ], [ -172.19671550000001, -13.7218012 ], [ -172.196623100000011, -13.7217399 ], [ -172.196584800000011, -13.7217771 ], [ -172.196587099999988, -13.7218646 ], [ -172.196440700000011, -13.721834 ], [ -172.1962598, -13.7215955 ], [ -172.1962335, -13.7214949 ], [ -172.1962628, -13.7214468 ], [ -172.1961952, -13.721379 ], [ -172.196181700000011, -13.721274 ], [ -172.196213300000011, -13.7212258 ], [ -172.1960894, -13.721193 ], [ -172.196098400000011, -13.7211099 ], [ -172.1960489, -13.7210617 ], [ -172.1959948, -13.7210792 ], [ -172.1959655, -13.7209611 ], [ -172.1959948, -13.7209502 ], [ -172.195983500000011, -13.7209086 ], [ -172.1960061, -13.720808 ], [ -172.1958664, -13.7207533 ], [ -172.195886699999988, -13.7206723 ], [ -172.1958439, -13.7206264 ], [ -172.1958214, -13.7204382 ], [ -172.1957801, -13.7204358 ], [ -172.1957741, -13.7203748 ], [ -172.1958056, -13.7203573 ], [ -172.195816900000011, -13.7202391 ], [ -172.1957684, -13.7201828 ], [ -172.195814399999989, -13.7200994 ], [ -172.195851, -13.7199463 ], [ -172.1959946, -13.7197931 ], [ -172.1960171, -13.719454 ], [ -172.1959805, -13.7193419 ], [ -172.1959847, -13.7190152 ], [ -172.1962782, -13.718782 ], [ -172.196441, -13.7187863 ], [ -172.1964805, -13.7186453 ], [ -172.1963882, -13.7186538 ], [ -172.1963222, -13.7185769 ], [ -172.196476100000012, -13.7182351 ], [ -172.1963178, -13.7180983 ], [ -172.19612, -13.7177856 ], [ -172.196242500000011, -13.7174276 ], [ -172.196198, -13.7173007 ], [ -172.1962858, -13.7171716 ], [ -172.196314300000012, -13.7171659 ], [ -172.1964913, -13.7170301 ], [ -172.196531599999986, -13.7170702 ], [ -172.1965825, -13.7170262 ], [ -172.196593900000011, -13.716976 ], [ -172.1967137, -13.716885 ], [ -172.1967948, -13.7168762 ], [ -172.1968106, -13.7168259 ], [ -172.196892600000012, -13.7168374 ], [ -172.196910800000012, -13.7167811 ], [ -172.1969367, -13.7167975 ], [ -172.1970245, -13.7167406 ], [ -172.1970493, -13.7166662 ], [ -172.1972123, -13.7166097 ], [ -172.1970268, -13.7164234 ], [ -172.197333, -13.7160996 ], [ -172.1973758, -13.7159399 ], [ -172.1975898, -13.7158327 ], [ -172.1975965, -13.7157977 ], [ -172.1976618, -13.7157933 ], [ -172.1977114, -13.7157692 ], [ -172.1977857, -13.7157495 ], [ -172.197856699999988, -13.7157948 ], [ -172.197950100000014, -13.7158545 ], [ -172.1979906, -13.7158524 ], [ -172.198071700000014, -13.7157648 ], [ -172.1981235, -13.7157714 ], [ -172.1982338, -13.715592 ], [ -172.1982451, -13.7154673 ], [ -172.19828960000001, -13.7154524 ], [ -172.1982873, -13.7153872 ], [ -172.198247400000014, -13.7153688 ], [ -172.1982901, -13.7151807 ], [ -172.1983712, -13.7151763 ], [ -172.1984479, -13.7148709 ], [ -172.1986526, -13.7148356 ], [ -172.198648100000014, -13.7147218 ], [ -172.1986886, -13.7146999 ], [ -172.1987629, -13.7146015 ], [ -172.1988349, -13.7146037 ], [ -172.1988393, -13.7145379 ], [ -172.1989273, -13.7144899 ], [ -172.198972700000013, -13.7141435 ], [ -172.198990400000014, -13.714072 ], [ -172.198982, -13.7140353 ], [ -172.1989994, -13.7139976 ], [ -172.199067899999989, -13.7139506 ], [ -172.199059799999986, -13.7139037 ], [ -172.1991188, -13.7138607 ], [ -172.199188600000014, -13.7138412 ], [ -172.1992543, -13.7138399 ], [ -172.199349500000011, -13.7138568 ], [ -172.1994152, -13.7139037 ], [ -172.199472899999989, -13.7139754 ], [ -172.1995331, -13.7140545 ], [ -172.1996232, -13.7141245 ], [ -172.1996732, -13.7140986 ], [ -172.1997404, -13.7140992 ], [ -172.199826300000012, -13.7140939 ], [ -172.199896, -13.7140966 ], [ -172.2000281, -13.7141109 ], [ -172.200179, -13.7141265 ], [ -172.2003506, -13.7140829 ], [ -172.200425700000011, -13.7139884 ], [ -172.2005646, -13.7139648 ], [ -172.200646799999987, -13.7140152 ], [ -172.200702400000011, -13.7141412 ], [ -172.20077, -13.714133 ], [ -172.2008516, -13.7142888 ], [ -172.2008826, -13.7142369 ], [ -172.200941699999987, -13.7142588 ], [ -172.2009502, -13.7143572 ], [ -172.201034600000014, -13.7144092 ], [ -172.2012795, -13.7143928 ], [ -172.2012542, -13.7143217 ], [ -172.201364, -13.7143189 ], [ -172.201434299999988, -13.7143736 ], [ -172.201527199999987, -13.7143627 ], [ -172.2015905, -13.7143487 ], [ -172.2016897, -13.7143174 ], [ -172.2018104, -13.7142887 ], [ -172.201963299999989, -13.7142783 ], [ -172.2020465, -13.7142757 ], [ -172.202084, -13.7142783 ], [ -172.2021779, -13.7143122 ], [ -172.2023308, -13.7143695 ], [ -172.202666599999986, -13.7145004 ], [ -172.202731300000011, -13.7144911 ], [ -172.2028118, -13.7144885 ], [ -172.202911, -13.7144555 ], [ -172.203002199999986, -13.7144416 ], [ -172.203122900000011, -13.7143947 ], [ -172.2031873, -13.7143009 ], [ -172.203118499999988, -13.714186 ], [ -172.2032197, -13.7141774 ], [ -172.2031361, -13.7141219 ], [ -172.203215300000011, -13.7140792 ], [ -172.2032548, -13.7140279 ], [ -172.2031581, -13.7139424 ], [ -172.2031801, -13.7138954 ], [ -172.2031493, -13.713857 ], [ -172.2030701, -13.7139168 ], [ -172.2029777, -13.7138783 ], [ -172.2030789, -13.7136348 ], [ -172.2031537, -13.7136818 ], [ -172.2032284, -13.7136689 ], [ -172.2031493, -13.7135749 ], [ -172.2032241, -13.7134382 ], [ -172.203263600000014, -13.7134681 ], [ -172.203317700000014, -13.7133862 ], [ -172.203320100000013, -13.7132785 ], [ -172.203349300000013, -13.7132413 ], [ -172.2034755, -13.7132042 ], [ -172.2034845, -13.7131648 ], [ -172.2034349, -13.7131407 ], [ -172.203441700000013, -13.7130751 ], [ -172.2036263, -13.7129766 ], [ -172.2036962, -13.7127753 ], [ -172.203757, -13.7127228 ], [ -172.2039101, -13.7126441 ], [ -172.204124, -13.7127031 ], [ -172.2041308, -13.7126681 ], [ -172.2040835, -13.7126616 ], [ -172.2040835, -13.7125566 ], [ -172.2034822, -13.7126922 ], [ -172.2032773, -13.7127097 ], [ -172.203262343855698, -13.712524975 ], [ -172.2032548, -13.7124318 ], [ -172.203266126873217, -13.712324975 ], [ -172.2032773, -13.7122196 ], [ -172.2033471, -13.7120949 ], [ -172.2034304, -13.7120555 ], [ -172.2033358, -13.7120665 ], [ -172.2032705, -13.7120424 ], [ -172.20323, -13.7119724 ], [ -172.2032367, -13.7119199 ], [ -172.203166900000014, -13.7119658 ], [ -172.2031427, -13.7119229 ], [ -172.203140499999989, -13.7118966 ], [ -172.2030661, -13.7118748 ], [ -172.2030729, -13.7119251 ], [ -172.2029468, -13.7118682 ], [ -172.202913, -13.7118004 ], [ -172.202840900000012, -13.7118004 ], [ -172.202757600000012, -13.7115991 ], [ -172.202690100000012, -13.7116035 ], [ -172.2026833, -13.7115116 ], [ -172.2027306, -13.7115225 ], [ -172.2027058, -13.711446 ], [ -172.2027306, -13.7113913 ], [ -172.2026675, -13.7111943 ], [ -172.2027013, -13.7111943 ], [ -172.2026878, -13.7111309 ], [ -172.2027261, -13.7111112 ], [ -172.2027779, -13.7111418 ], [ -172.202780100000012, -13.7110959 ], [ -172.2027531, -13.711074 ], [ -172.2027396, -13.7110456 ], [ -172.2026991, -13.7110237 ], [ -172.202735100000012, -13.7108837 ], [ -172.2027036, -13.7108552 ], [ -172.2026112, -13.7109099 ], [ -172.2025707, -13.7108771 ], [ -172.2025212, -13.7106977 ], [ -172.2024806, -13.7106933 ], [ -172.2024243, -13.7107065 ], [ -172.2022532, -13.7106408 ], [ -172.202191, -13.710584 ], [ -172.202178800000013, -13.710573 ], [ -172.2022261, -13.7105664 ], [ -172.2021383, -13.7104855 ], [ -172.2021203, -13.7105117 ], [ -172.2020144, -13.7103958 ], [ -172.2019717, -13.7104505 ], [ -172.2019023, -13.7103616 ], [ -172.2017672, -13.7104386 ], [ -172.201464499999986, -13.7102058 ], [ -172.201358199999987, -13.7102426 ], [ -172.2012249, -13.7101516 ], [ -172.2011673, -13.710029 ], [ -172.201214099999987, -13.7099853 ], [ -172.2011565, -13.7099345 ], [ -172.201190700000012, -13.7098733 ], [ -172.2011402, -13.7097963 ], [ -172.201154699999989, -13.7097805 ], [ -172.2011204, -13.7097192 ], [ -172.2011384, -13.7096965 ], [ -172.2011132, -13.7096142 ], [ -172.201169099999987, -13.7095512 ], [ -172.2011456, -13.7095162 ], [ -172.201183500000013, -13.7094952 ], [ -172.2012033, -13.7093762 ], [ -172.201142, -13.7092292 ], [ -172.201183500000013, -13.7091767 ], [ -172.2011132, -13.7091521 ], [ -172.201115, -13.7090471 ], [ -172.2012447, -13.7089071 ], [ -172.201268199999987, -13.7088108 ], [ -172.2012483, -13.7087933 ], [ -172.201242900000011, -13.7087023 ], [ -172.2013114, -13.7086953 ], [ -172.2013907, -13.7085938 ], [ -172.2014699, -13.7086201 ], [ -172.201471700000013, -13.7085553 ], [ -172.201525800000013, -13.7084765 ], [ -172.2015168, -13.7084398 ], [ -172.2015561, -13.7083912 ], [ -172.2015633, -13.7083176 ], [ -172.2016696, -13.7082284 ], [ -172.2016318, -13.7082021 ], [ -172.20166420000001, -13.7081514 ], [ -172.2017813, -13.7081601 ], [ -172.2018227, -13.7080778 ], [ -172.2019687, -13.7080796 ], [ -172.202037100000013, -13.7079973 ], [ -172.2021308, -13.7080096 ], [ -172.2021326, -13.7080831 ], [ -172.2023146, -13.7080341 ], [ -172.2023326, -13.7080708 ], [ -172.2024227, -13.7080061 ], [ -172.2024865, -13.7079562 ], [ -172.2025199, -13.707909 ], [ -172.202565, -13.7078765 ], [ -172.2026191, -13.7078906 ], [ -172.202646, -13.7078539 ], [ -172.2027055, -13.7078661 ], [ -172.202841, -13.7079343 ], [ -172.2029224, -13.7079079 ], [ -172.2029545, -13.7077755 ], [ -172.203017499999987, -13.7077914 ], [ -172.2030982, -13.70776 ], [ -172.2031815, -13.7078001 ], [ -172.2032079, -13.7078122 ], [ -172.2033036, -13.7078325 ], [ -172.2033332, -13.7078262 ], [ -172.2033797, -13.7078614 ], [ -172.2034337, -13.7079069 ], [ -172.2034265, -13.7079489 ], [ -172.203426799999988, -13.7080006 ], [ -172.2034878, -13.7080364 ], [ -172.203523, -13.7080066 ], [ -172.2035769, -13.7079842 ], [ -172.2036252, -13.7079735 ], [ -172.20362, -13.7079394 ], [ -172.203625, -13.7079115 ], [ -172.2036095, -13.7078847 ], [ -172.2036103, -13.7078474 ], [ -172.203625100000011, -13.7078055 ], [ -172.2036262, -13.7077574 ], [ -172.2036014, -13.707747 ], [ -172.2035544, -13.7077476 ], [ -172.2034697, -13.7078019 ], [ -172.2033562, -13.7077651 ], [ -172.2032859, -13.7077212 ], [ -172.2032575, -13.7076698 ], [ -172.2032661, -13.7076184 ], [ -172.2032704, -13.7075922 ], [ -172.2032657, -13.707574 ], [ -172.203272700000014, -13.7075439 ], [ -172.203306700000013, -13.7074918 ], [ -172.20335510000001, -13.7074297 ], [ -172.2033414, -13.7073641 ], [ -172.2033808, -13.7073359 ], [ -172.2033366, -13.7072686 ], [ -172.2034152, -13.7072203 ], [ -172.2034839, -13.7072384 ], [ -172.203535100000011, -13.7071912 ], [ -172.203571399999987, -13.70709 ], [ -172.2036018, -13.7070225 ], [ -172.203608300000013, -13.7069096 ], [ -172.203592, -13.7068674 ], [ -172.203597699999989, -13.7067889 ], [ -172.2035617, -13.7067707 ], [ -172.2035357, -13.7068071 ], [ -172.2035141, -13.7067693 ], [ -172.203499, -13.7067404 ], [ -172.203454099999988, -13.7067293 ], [ -172.2034583, -13.7066892 ], [ -172.203472799999986, -13.706656 ], [ -172.2035392, -13.7066019 ], [ -172.2035672, -13.7065849 ], [ -172.2036395, -13.7065747 ], [ -172.203625100000011, -13.7065439 ], [ -172.2036741, -13.7065257 ], [ -172.2036688, -13.7064886 ], [ -172.2036539, -13.7064565 ], [ -172.2036247, -13.7064293 ], [ -172.2036122, -13.7063777 ], [ -172.203602499999988, -13.7063207 ], [ -172.203606400000012, -13.706244 ], [ -172.2035924, -13.7061982 ], [ -172.2036108, -13.7061618 ], [ -172.2036381, -13.7061098 ], [ -172.203573299999988, -13.7060374 ], [ -172.203559500000011, -13.7059692 ], [ -172.2035414, -13.7059211 ], [ -172.2035386, -13.7058858 ], [ -172.2035184, -13.7059026 ], [ -172.203504, -13.7058942 ], [ -172.2034506, -13.7058357 ], [ -172.2034377, -13.7057289 ], [ -172.2033714, -13.7057042 ], [ -172.2033506, -13.7056091 ], [ -172.2033707, -13.7055007 ], [ -172.2033961, -13.705427 ], [ -172.2034342, -13.7053699 ], [ -172.2035163, -13.7052759 ], [ -172.203704499999986, -13.7051356 ], [ -172.2038097, -13.7051426 ], [ -172.2038704, -13.7051237 ], [ -172.2039455, -13.7051353 ], [ -172.20395640000001, -13.7051769 ], [ -172.2039997, -13.705186 ], [ -172.2040451, -13.7051501 ], [ -172.2040834, -13.7051416 ], [ -172.204101799999989, -13.7051056 ], [ -172.2041079, -13.7050284 ], [ -172.2041208, -13.7049603 ], [ -172.2041247, -13.7049149 ], [ -172.204129200000011, -13.7048719 ], [ -172.20411150000001, -13.7048396 ], [ -172.2041324, -13.7048014 ], [ -172.2041669, -13.7047846 ], [ -172.2042026, -13.7047585 ], [ -172.204178500000012, -13.7047532 ], [ -172.204112400000014, -13.7046849 ], [ -172.20408470000001, -13.7047126 ], [ -172.2040469, -13.7046724 ], [ -172.2040158, -13.7046579 ], [ -172.203976, -13.7046134 ], [ -172.2039902, -13.7045656 ], [ -172.203924300000011, -13.7044549 ], [ -172.203895, -13.7044415 ], [ -172.203836, -13.7044024 ], [ -172.2038091, -13.704465 ], [ -172.2038019, -13.7045305 ], [ -172.2035809, -13.7045263 ], [ -172.2035893, -13.704631 ], [ -172.203546, -13.7047109 ], [ -172.2034452, -13.7046916 ], [ -172.2034179, -13.704678 ], [ -172.203403900000012, -13.7046624 ], [ -172.2033755, -13.7046496 ], [ -172.2033193, -13.7046188 ], [ -172.2033299, -13.7045624 ], [ -172.203286, -13.7044429 ], [ -172.2033025, -13.7043707 ], [ -172.2033539, -13.7043193 ], [ -172.2033519, -13.7042739 ], [ -172.2033136, -13.704219 ], [ -172.2031821, -13.70424 ], [ -172.2031317, -13.704205 ], [ -172.2030575, -13.7041782 ], [ -172.2030603, -13.7041032 ], [ -172.2030293, -13.7040568 ], [ -172.203014599999989, -13.704009 ], [ -172.2028387, -13.703927 ], [ -172.2027687, -13.7040333 ], [ -172.2026452, -13.7039617 ], [ -172.202609200000012, -13.7040107 ], [ -172.2025588, -13.7040055 ], [ -172.2025371, -13.703981 ], [ -172.202533499999987, -13.7039355 ], [ -172.2024939, -13.7039302 ], [ -172.2024777, -13.7039687 ], [ -172.2024525, -13.7039757 ], [ -172.2024471, -13.7040177 ], [ -172.2023299, -13.7041175 ], [ -172.2019966, -13.704184 ], [ -172.2018651, -13.7040825 ], [ -172.201903, -13.7040142 ], [ -172.2016615, -13.7038042 ], [ -172.2013859, -13.7037307 ], [ -172.201312, -13.7037902 ], [ -172.2012742, -13.7038672 ], [ -172.201200300000011, -13.7038882 ], [ -172.2011517, -13.7038515 ], [ -172.201119299999988, -13.703771 ], [ -172.200885, -13.7036834 ], [ -172.2007283, -13.7036922 ], [ -172.2005499, -13.7036397 ], [ -172.200559, -13.7035644 ], [ -172.200359, -13.7035592 ], [ -172.2003013, -13.7035977 ], [ -172.2001266, -13.7034541 ], [ -172.2001266, -13.7033719 ], [ -172.2000887, -13.7033631 ], [ -172.19989240000001, -13.7031758 ], [ -172.199915800000014, -13.7031093 ], [ -172.199847299999988, -13.7030726 ], [ -172.1998743, -13.7030148 ], [ -172.1998203, -13.702978 ], [ -172.199847299999988, -13.702894 ], [ -172.1997572, -13.7027838 ], [ -172.1997014, -13.7027943 ], [ -172.1996131, -13.702705 ], [ -172.1996599, -13.7025947 ], [ -172.1995681, -13.7025737 ], [ -172.1995699, -13.7025037 ], [ -172.199533800000012, -13.7024722 ], [ -172.1994924, -13.7024879 ], [ -172.1993411, -13.7024197 ], [ -172.199278, -13.7024249 ], [ -172.199139300000013, -13.7023269 ], [ -172.1991032, -13.7023462 ], [ -172.199040200000013, -13.7023339 ], [ -172.1990726, -13.7022394 ], [ -172.1990132, -13.7021396 ], [ -172.1988546, -13.7020329 ], [ -172.1987069, -13.7021466 ], [ -172.1985501, -13.7020171 ], [ -172.1984727, -13.7018998 ], [ -172.198263700000012, -13.7017983 ], [ -172.1982511, -13.7017493 ], [ -172.198117700000012, -13.7016023 ], [ -172.1980241, -13.7014202 ], [ -172.1979988, -13.7013117 ], [ -172.1978403, -13.7011297 ], [ -172.1978115, -13.7010072 ], [ -172.197822300000013, -13.7009179 ], [ -172.1978583, -13.7009091 ], [ -172.1978709, -13.7008654 ], [ -172.197836700000011, -13.7008514 ], [ -172.1977772, -13.7008584 ], [ -172.1978205, -13.7008304 ], [ -172.1978025, -13.7008024 ], [ -172.1977863, -13.7008146 ], [ -172.1977592, -13.7007866 ], [ -172.197793499999989, -13.7007498 ], [ -172.1977268, -13.7006868 ], [ -172.1977268, -13.7006221 ], [ -172.1977592, -13.7005853 ], [ -172.197753799999987, -13.700517 ], [ -172.1976421, -13.700447 ], [ -172.1976908, -13.7004033 ], [ -172.1977583, -13.7004268 ], [ -172.197766800000011, -13.7003885 ], [ -172.1979103, -13.7003639 ], [ -172.197865299999989, -13.700301 ], [ -172.1980145, -13.700167 ], [ -172.1979892, -13.700033 ], [ -172.1982538, -13.6998497 ], [ -172.198310099999986, -13.6998333 ], [ -172.1983607, -13.699754 ], [ -172.1987154, -13.6994914 ], [ -172.1987689, -13.6993793 ], [ -172.1989829, -13.6992262 ], [ -172.1991799, -13.6992316 ], [ -172.1992784, -13.6993219 ], [ -172.1993516, -13.6993109 ], [ -172.1993376, -13.6992262 ], [ -172.199506500000012, -13.6992371 ], [ -172.1995374, -13.6992015 ], [ -172.1995205, -13.6991687 ], [ -172.1997091, -13.6991715 ], [ -172.1997795, -13.699125 ], [ -172.199762600000014, -13.6990976 ], [ -172.1996163, -13.6991414 ], [ -172.199599400000011, -13.6991113 ], [ -172.199554299999988, -13.699114 ], [ -172.1995121, -13.6990867 ], [ -172.1995402, -13.6990402 ], [ -172.1994671, -13.6988378 ], [ -172.1992419, -13.698619 ], [ -172.199346, -13.6985151 ], [ -172.1992813, -13.6984631 ], [ -172.199250299999989, -13.6984795 ], [ -172.1991856, -13.6984303 ], [ -172.199154600000014, -13.6983428 ], [ -172.1992419, -13.6983099 ], [ -172.1992587, -13.6982361 ], [ -172.1991884, -13.6982033 ], [ -172.1991433, -13.6982197 ], [ -172.1991208, -13.6982005 ], [ -172.1991405, -13.6981486 ], [ -172.1990729, -13.6980884 ], [ -172.199087, -13.6980419 ], [ -172.1990054, -13.6979188 ], [ -172.1990166, -13.6977055 ], [ -172.199239, -13.6972269 ], [ -172.1994023, -13.6971831 ], [ -172.199453, -13.6970163 ], [ -172.1994276, -13.6969042 ], [ -172.1993066, -13.6968932 ], [ -172.1993122, -13.697112 ], [ -172.199149, -13.697205 ], [ -172.199084199999987, -13.6972597 ], [ -172.199011, -13.6971968 ], [ -172.1989941, -13.6970737 ], [ -172.1987661, -13.6969288 ], [ -172.1988112, -13.6968413 ], [ -172.1987408, -13.6967045 ], [ -172.1987492, -13.696483 ], [ -172.1989519, -13.6964748 ], [ -172.1989575, -13.6963955 ], [ -172.1988421, -13.6962997 ], [ -172.198757699999987, -13.696338 ], [ -172.1987154, -13.6964146 ], [ -172.1986957, -13.6964966 ], [ -172.1985578, -13.6964447 ], [ -172.1984339, -13.6964994 ], [ -172.1984677, -13.6965267 ], [ -172.198543699999988, -13.6965459 ], [ -172.198569099999986, -13.6965076 ], [ -172.1986225, -13.6965541 ], [ -172.1986507, -13.6966143 ], [ -172.198569099999986, -13.6967291 ], [ -172.1984874, -13.6966963 ], [ -172.198450799999989, -13.6967674 ], [ -172.1985465, -13.6971038 ], [ -172.1984339, -13.6971202 ], [ -172.19822, -13.6968221 ], [ -172.1981412, -13.6968139 ], [ -172.1981299, -13.6968905 ], [ -172.1980877, -13.6968659 ], [ -172.1980173, -13.6967428 ], [ -172.1973107, -13.6963654 ], [ -172.197429, -13.6963025 ], [ -172.1974064, -13.6962505 ], [ -172.197299500000014, -13.6962888 ], [ -172.1972657, -13.6962231 ], [ -172.1972854, -13.6961411 ], [ -172.19736420000001, -13.6961466 ], [ -172.1973783, -13.6960399 ], [ -172.1973361, -13.6959633 ], [ -172.197367, -13.6958703 ], [ -172.197248800000011, -13.6957719 ], [ -172.1972601, -13.6956871 ], [ -172.1971081, -13.6955421 ], [ -172.197158699999989, -13.6954984 ], [ -172.19703770000001, -13.6954218 ], [ -172.197136199999989, -13.6953698 ], [ -172.1970883, -13.6953233 ], [ -172.1970461, -13.6953425 ], [ -172.19703770000001, -13.695162 ], [ -172.1969589, -13.6951538 ], [ -172.1969814, -13.6950854 ], [ -172.1969729, -13.6949377 ], [ -172.1969442, -13.6949412 ], [ -172.196904600000011, -13.6948362 ], [ -172.1968312, -13.6948492 ], [ -172.196813600000013, -13.6947774 ], [ -172.1968981, -13.6947706 ], [ -172.1969086, -13.6946885 ], [ -172.1968066, -13.6945415 ], [ -172.196877, -13.6944868 ], [ -172.1970212, -13.6945826 ], [ -172.197095100000013, -13.6945552 ], [ -172.1973731, -13.6950099 ], [ -172.1974329, -13.6950202 ], [ -172.1973626, -13.6948697 ], [ -172.1974013, -13.6947672 ], [ -172.197355499999986, -13.6946612 ], [ -172.1972394, -13.6946236 ], [ -172.19725, -13.6945723 ], [ -172.1970705, -13.6943979 ], [ -172.196933300000012, -13.6943467 ], [ -172.1969086, -13.6944048 ], [ -172.1966588, -13.6943467 ], [ -172.1965743, -13.6944253 ], [ -172.196310399999987, -13.6942954 ], [ -172.1962049, -13.6941826 ], [ -172.196233, -13.6941313 ], [ -172.1963879, -13.6941997 ], [ -172.196370300000012, -13.6941142 ], [ -172.1964829, -13.6940766 ], [ -172.1964829, -13.694015 ], [ -172.196789, -13.693933 ], [ -172.196912200000014, -13.6939774 ], [ -172.196964900000012, -13.6941108 ], [ -172.1970318, -13.6941484 ], [ -172.1970916, -13.6941484 ], [ -172.197165500000011, -13.6941723 ], [ -172.1971972, -13.6942509 ], [ -172.1972605, -13.6942646 ], [ -172.1972324, -13.6943262 ], [ -172.1973379, -13.6943672 ], [ -172.1973274, -13.6942544 ], [ -172.1976124, -13.6943979 ], [ -172.197686299999987, -13.6943774 ], [ -172.197897399999988, -13.6944697 ], [ -172.197908, -13.6943535 ], [ -172.1977144, -13.6942817 ], [ -172.197658100000012, -13.6943227 ], [ -172.19731680000001, -13.6941962 ], [ -172.197253499999988, -13.6941039 ], [ -172.1970775, -13.6940458 ], [ -172.1970564, -13.6939638 ], [ -172.196912200000014, -13.6938612 ], [ -172.1969086, -13.6937791 ], [ -172.1968383, -13.6937518 ], [ -172.1968875, -13.6937074 ], [ -172.1967749, -13.69368 ], [ -172.1967362, -13.6937757 ], [ -172.196662300000014, -13.6938338 ], [ -172.1965955, -13.6937928 ], [ -172.1965568, -13.6938338 ], [ -172.1964125, -13.6938065 ], [ -172.1963527, -13.6938851 ], [ -172.1961345, -13.6938646 ], [ -172.1957509, -13.6941073 ], [ -172.195638300000013, -13.6940766 ], [ -172.1956243, -13.6939911 ], [ -172.195557400000013, -13.6939364 ], [ -172.195575, -13.6937826 ], [ -172.1954694, -13.6937415 ], [ -172.1954237, -13.6936527 ], [ -172.1954835, -13.6935638 ], [ -172.1954624, -13.6935296 ], [ -172.1953885, -13.6935159 ], [ -172.1954237, -13.6934544 ], [ -172.195265400000011, -13.6934441 ], [ -172.195124600000014, -13.6933244 ], [ -172.1948501, -13.693239 ], [ -172.1944842, -13.693174 ], [ -172.1945581, -13.6930373 ], [ -172.1945475, -13.6929108 ], [ -172.1946144, -13.6928663 ], [ -172.1946553, -13.6928419 ], [ -172.194695599999989, -13.692632 ], [ -172.1948255, -13.6924356 ], [ -172.194837799999988, -13.6923575 ], [ -172.194917, -13.6921074 ], [ -172.194843100000014, -13.6920356 ], [ -172.1947305, -13.6922407 ], [ -172.1947481, -13.6924082 ], [ -172.1945651, -13.6926544 ], [ -172.194491199999987, -13.6926373 ], [ -172.1944771, -13.692586 ], [ -172.1943857, -13.6926304 ], [ -172.19416050000001, -13.6927227 ], [ -172.1940971, -13.6928151 ], [ -172.1939664, -13.6928013 ], [ -172.1938816, -13.6927294 ], [ -172.1938719, -13.6925826 ], [ -172.193928199999988, -13.6925689 ], [ -172.193938800000012, -13.6924527 ], [ -172.193953, -13.6924367 ], [ -172.193904, -13.6923945 ], [ -172.193868400000014, -13.6923911 ], [ -172.1937949, -13.6922822 ], [ -172.1938829, -13.6922009 ], [ -172.193856899999986, -13.6921267 ], [ -172.1938395, -13.69203 ], [ -172.193846900000011, -13.6919642 ], [ -172.193863, -13.6919162 ], [ -172.1939036, -13.6918373 ], [ -172.1939106, -13.6917757 ], [ -172.19399150000001, -13.6917313 ], [ -172.1939634, -13.6916868 ], [ -172.1937017, -13.691755 ], [ -172.1935729, -13.6915569 ], [ -172.1934683, -13.6913511 ], [ -172.193342300000012, -13.6913875 ], [ -172.193261799999988, -13.6912625 ], [ -172.193208199999987, -13.6911504 ], [ -172.193117, -13.6909497 ], [ -172.1932833, -13.6908794 ], [ -172.1933905, -13.6908507 ], [ -172.193469599999986, -13.6908035 ], [ -172.1934555, -13.6907734 ], [ -172.193412, -13.6906865 ], [ -172.1933908, -13.6906367 ], [ -172.193369100000012, -13.6905979 ], [ -172.1933208, -13.6905719 ], [ -172.1933128, -13.690525 ], [ -172.1932564, -13.6903842 ], [ -172.1933262, -13.6901862 ], [ -172.193342300000012, -13.6901028 ], [ -172.193395900000013, -13.690035 ], [ -172.193412, -13.6899933 ], [ -172.193422700000013, -13.6899516 ], [ -172.1935139, -13.6899594 ], [ -172.193564900000013, -13.6899568 ], [ -172.193626599999988, -13.689949 ], [ -172.1937178, -13.6899047 ], [ -172.193747300000013, -13.6898839 ], [ -172.1937575, -13.6898623 ], [ -172.1937312, -13.6898109 ], [ -172.1937231, -13.6897718 ], [ -172.193693599999989, -13.6897093 ], [ -172.1935676, -13.6897353 ], [ -172.193511199999989, -13.6895972 ], [ -172.1936411, -13.6895233 ], [ -172.193754899999988, -13.6895529 ], [ -172.1937584, -13.6895114 ], [ -172.1937422, -13.6894639 ], [ -172.1937414, -13.6894148 ], [ -172.1935698, -13.6894648 ], [ -172.1935364, -13.6893993 ], [ -172.193501700000013, -13.6893438 ], [ -172.1936589, -13.6892551 ], [ -172.193577299999987, -13.6891211 ], [ -172.1934929, -13.689132 ], [ -172.1935182, -13.6891758 ], [ -172.1934168, -13.6891621 ], [ -172.1933556, -13.6891248 ], [ -172.193344, -13.6890468 ], [ -172.193270500000011, -13.6890117 ], [ -172.1931712, -13.688991 ], [ -172.193177600000013, -13.6888831 ], [ -172.193178100000011, -13.6888094 ], [ -172.193175700000012, -13.6887784 ], [ -172.1931203, -13.6887187 ], [ -172.193118199999986, -13.6886672 ], [ -172.193024799999989, -13.6885703 ], [ -172.192969299999987, -13.6885959 ], [ -172.1928735, -13.6885549 ], [ -172.1928723, -13.6884601 ], [ -172.1927129, -13.6883336 ], [ -172.192684, -13.6883564 ], [ -172.19263, -13.6883248 ], [ -172.1926336, -13.6882933 ], [ -172.1926167, -13.688277 ], [ -172.1925669, -13.6882691 ], [ -172.1925454, -13.6882866 ], [ -172.1925211, -13.6882798 ], [ -172.1920226, -13.6888102 ], [ -172.1916659, -13.6890473 ], [ -172.1914325, -13.6888493 ], [ -172.1913413, -13.6888832 ], [ -172.1909417, -13.688388 ], [ -172.1910038, -13.6882733 ], [ -172.1910919, -13.6880909 ], [ -172.1910222, -13.6879137 ], [ -172.1909685, -13.6877078 ], [ -172.1907191, -13.6874029 ], [ -172.1905313, -13.6870251 ], [ -172.190244299999989, -13.6868661 ], [ -172.1900029, -13.6866472 ], [ -172.1898554, -13.6867097 ], [ -172.18972930000001, -13.6865195 ], [ -172.189546900000011, -13.6863162 ], [ -172.189420899999988, -13.6862719 ], [ -172.1891527, -13.6859514 ], [ -172.1888791, -13.6854771 ], [ -172.1885948, -13.6852973 ], [ -172.1883346, -13.6850731 ], [ -172.188103899999987, -13.685511 ], [ -172.1878706, -13.6854588 ], [ -172.187650600000012, -13.6853207 ], [ -172.1878793, -13.6848792 ], [ -172.1877096, -13.6848907 ], [ -172.187546, -13.6848699 ], [ -172.1872563, -13.6848073 ], [ -172.1869908, -13.6848047 ], [ -172.1868594, -13.6847213 ], [ -172.186867400000011, -13.6846509 ], [ -172.1867709, -13.684591 ], [ -172.186537499999986, -13.6846014 ], [ -172.186234399999989, -13.6845728 ], [ -172.185907899999989, -13.6844289 ], [ -172.1857382, -13.6842731 ], [ -172.185633599999989, -13.6843304 ], [ -172.18552360000001, -13.684333 ], [ -172.1853681, -13.6841011 ], [ -172.1852715, -13.6838613 ], [ -172.1853949, -13.6837049 ], [ -172.185268799999989, -13.6835746 ], [ -172.1851159, -13.6835225 ], [ -172.1849523, -13.6835303 ], [ -172.1848151, -13.6834057 ], [ -172.1846358, -13.6827303 ], [ -172.184491, -13.6823811 ], [ -172.1844132, -13.6820214 ], [ -172.1843354, -13.6818286 ], [ -172.1841664, -13.681667 ], [ -172.184059100000013, -13.6817191 ], [ -172.1838794, -13.6816383 ], [ -172.183710499999989, -13.6815106 ], [ -172.1836059, -13.6815862 ], [ -172.1834556, -13.6815758 ], [ -172.1832277, -13.6814846 ], [ -172.1829943, -13.6813073 ], [ -172.1827878, -13.6811379 ], [ -172.1826027, -13.6809268 ], [ -172.182254, -13.6804708 ], [ -172.1820904, -13.6801997 ], [ -172.1820314, -13.6801268 ], [ -172.1819456, -13.680145 ], [ -172.1818034, -13.6800434 ], [ -172.18166930000001, -13.6800356 ], [ -172.18147350000001, -13.6798688 ], [ -172.1812536, -13.6798088 ], [ -172.180805, -13.6795573 ], [ -172.1802826, -13.6789175 ], [ -172.1800787, -13.6789514 ], [ -172.1799259, -13.6789123 ], [ -172.1798373, -13.6787351 ], [ -172.1798427, -13.6785839 ], [ -172.1797166, -13.6783598 ], [ -172.1795128, -13.6784771 ], [ -172.1793787, -13.6784927 ], [ -172.1792768, -13.6784484 ], [ -172.179239200000012, -13.6783103 ], [ -172.1792419, -13.6782008 ], [ -172.17937, -13.6779509 ], [ -172.1789226, -13.6774479 ], [ -172.178228, -13.6760273 ], [ -172.177868600000011, -13.6750943 ], [ -172.177562200000011, -13.674806 ], [ -172.177182, -13.6746851 ], [ -172.1769486, -13.6746148 ], [ -172.176795700000014, -13.6744975 ], [ -172.176768900000013, -13.6741561 ], [ -172.17691640000001, -13.6738512 ], [ -172.1770359, -13.6733286 ], [ -172.1769084, -13.6724673 ], [ -172.176728700000012, -13.6719799 ], [ -172.1766223, -13.671449 ], [ -172.1763263, -13.6714873 ], [ -172.17617340000001, -13.6711694 ], [ -172.1762405, -13.6710339 ], [ -172.1762673, -13.6707889 ], [ -172.176181500000013, -13.6706507 ], [ -172.1759401, -13.6702963 ], [ -172.1757792, -13.6703901 ], [ -172.1756772, -13.6703406 ], [ -172.175237399999986, -13.6699731 ], [ -172.1748431, -13.6700852 ], [ -172.17465, -13.670239 ], [ -172.174615100000011, -13.6703041 ], [ -172.174529299999989, -13.670325 ], [ -172.1744649, -13.6702233 ], [ -172.1743978, -13.6700565 ], [ -172.1743361, -13.6699001 ], [ -172.174298599999986, -13.6695561 ], [ -172.1741484, -13.668915 ], [ -172.174041100000011, -13.6686153 ], [ -172.1740357, -13.6682817 ], [ -172.1740517, -13.6676055 ], [ -172.1752142, -13.6664119 ], [ -172.1759233, -13.666044 ], [ -172.176645400000012, -13.6658171 ], [ -172.177547, -13.6657149 ], [ -172.1778091, -13.6657172 ], [ -172.179057699999987, -13.6646179 ], [ -172.180440800000014, -13.66303 ], [ -172.1809183, -13.6623784 ], [ -172.1818275, -13.6610779 ], [ -172.183240500000011, -13.6590488 ], [ -172.182844, -13.6588529 ], [ -172.1827319, -13.6588276 ], [ -172.1826996, -13.6587753 ], [ -172.1826996, -13.6587231 ], [ -172.1827144, -13.6586787 ], [ -172.182765499999988, -13.6586447 ], [ -172.1828327, -13.6586473 ], [ -172.182895800000011, -13.6586917 ], [ -172.182963, -13.6587701 ], [ -172.1830706, -13.6588001 ], [ -172.1831741, -13.6587035 ], [ -172.1832177, -13.6587249 ], [ -172.1831311, -13.6588276 ], [ -172.183281599999987, -13.6589059 ], [ -172.183393099999989, -13.6589438 ], [ -172.183514699999989, -13.6588495 ], [ -172.1836193, -13.6587374 ], [ -172.1839492, -13.6582031 ], [ -172.1842442, -13.6576948 ], [ -172.1846519, -13.6570667 ], [ -172.1848048, -13.656707 ], [ -172.1849604, -13.6565663 ], [ -172.1853251, -13.6559512 ], [ -172.1857865, -13.6551067 ], [ -172.1862156, -13.6542883 ], [ -172.1866099, -13.6533969 ], [ -172.186942499999986, -13.6527844 ], [ -172.1871035, -13.652443 ], [ -172.187036400000011, -13.6521745 ], [ -172.1870283, -13.6520311 ], [ -172.1870793, -13.651906 ], [ -172.1871222, -13.6517523 ], [ -172.1872399, -13.6516114 ], [ -172.1880107, -13.649954 ], [ -172.1881593, -13.6497149 ], [ -172.1882776, -13.649344 ], [ -172.1884066, -13.6483252 ], [ -172.1885207, -13.647595 ], [ -172.188471, -13.6471917 ], [ -172.188468300000011, -13.6470744 ], [ -172.1885059, -13.6469806 ], [ -172.1885786, -13.6465959 ], [ -172.1886915, -13.6460368 ], [ -172.1887017, -13.6456252 ], [ -172.1886862, -13.6450964 ], [ -172.188658800000013, -13.6448625 ], [ -172.1885274, -13.6448508 ], [ -172.1883946, -13.6448208 ], [ -172.188382499999989, -13.6446266 ], [ -172.1883851, -13.6444381 ], [ -172.1885571, -13.6443859 ], [ -172.1885461, -13.6442803 ], [ -172.1885595, -13.64415 ], [ -172.188629, -13.6438456 ], [ -172.189008699999988, -13.643388 ], [ -172.1891684, -13.6432585 ], [ -172.1893887, -13.6431978 ], [ -172.189804400000014, -13.6431222 ], [ -172.1900244, -13.6429554 ], [ -172.1901853, -13.6429632 ], [ -172.190306, -13.6430075 ], [ -172.1905312, -13.6429491 ], [ -172.191584, -13.6415855 ], [ -172.1920518, -13.6407338 ], [ -172.1922018, -13.6402683 ], [ -172.1924711, -13.639621 ], [ -172.1925679, -13.6393179 ], [ -172.1925679, -13.6389418 ], [ -172.1924702, -13.6387772 ], [ -172.1924165, -13.6387016 ], [ -172.192358899999988, -13.6386625 ], [ -172.1923313, -13.6385603 ], [ -172.1922918, -13.6385048 ], [ -172.1922663, -13.6384475 ], [ -172.1922516, -13.6383211 ], [ -172.1922569, -13.6382807 ], [ -172.192283800000013, -13.6382572 ], [ -172.1923334, -13.6382468 ], [ -172.1923683, -13.6382781 ], [ -172.1924594, -13.6383093 ], [ -172.192611, -13.638235 ], [ -172.19265390000001, -13.6380539 ], [ -172.19267, -13.6376251 ], [ -172.1926085, -13.6371503 ], [ -172.1929657, -13.6366011 ], [ -172.1932783, -13.6363891 ], [ -172.19361090000001, -13.6363032 ], [ -172.1939559, -13.6363986 ], [ -172.1944442, -13.6361465 ], [ -172.194394, -13.6360405 ], [ -172.1943109, -13.6359102 ], [ -172.194494600000013, -13.6355257 ], [ -172.1946395, -13.6355348 ], [ -172.194758799999988, -13.6355948 ], [ -172.1949493, -13.6356469 ], [ -172.195190700000012, -13.6354879 ], [ -172.1953771, -13.6352442 ], [ -172.195891, -13.6344516 ], [ -172.196254900000014, -13.634049 ], [ -172.1968743, -13.6330273 ], [ -172.1976125, -13.6313555 ], [ -172.1977023, -13.6309582 ], [ -172.197454099999987, -13.6301544 ], [ -172.1973441, -13.6301257 ], [ -172.197285099999988, -13.6300266 ], [ -172.197298499999988, -13.6299432 ], [ -172.19735750000001, -13.6299198 ], [ -172.197365600000012, -13.6298494 ], [ -172.197338800000011, -13.6297868 ], [ -172.1972878, -13.6297425 ], [ -172.1972771, -13.6295965 ], [ -172.1973441, -13.6293228 ], [ -172.197301900000014, -13.6291229 ], [ -172.197169800000012, -13.628997 ], [ -172.197062499999987, -13.6289683 ], [ -172.1969445, -13.6290283 ], [ -172.196826499999986, -13.6290205 ], [ -172.1966387, -13.6288693 ], [ -172.196386600000011, -13.6286477 ], [ -172.196282, -13.6282098 ], [ -172.196265899999986, -13.6279986 ], [ -172.1962337, -13.6277901 ], [ -172.1962766, -13.6276259 ], [ -172.1962337, -13.6272401 ], [ -172.1961076, -13.6271645 ], [ -172.1960034, -13.6269716 ], [ -172.195998, -13.6267417 ], [ -172.1961647, -13.6266999 ], [ -172.1961431, -13.6264334 ], [ -172.1954785, -13.6256505 ], [ -172.195175400000011, -13.6252473 ], [ -172.1950285, -13.6250809 ], [ -172.1950607, -13.6249766 ], [ -172.1950352, -13.6248656 ], [ -172.195008699999988, -13.6244061 ], [ -172.1950137, -13.6241529 ], [ -172.1949708, -13.6238753 ], [ -172.19488770000001, -13.6237371 ], [ -172.194780400000013, -13.6236055 ], [ -172.1945283, -13.6234139 ], [ -172.19434050000001, -13.6232705 ], [ -172.1941898, -13.6231058 ], [ -172.1941621, -13.622985 ], [ -172.1941367, -13.6228195 ], [ -172.1942319, -13.6226188 ], [ -172.1943123, -13.6225393 ], [ -172.1943669, -13.6224515 ], [ -172.194605599999988, -13.6218937 ], [ -172.1949194, -13.6218259 ], [ -172.195501400000012, -13.6214323 ], [ -172.195677239487736, -13.62135185 ], [ -172.1961158, -13.6211512 ], [ -172.1962256, -13.6210309 ], [ -172.1963571, -13.6209865 ], [ -172.1963222, -13.6209057 ], [ -172.196306099999987, -13.6208119 ], [ -172.1964054, -13.6206372 ], [ -172.1966065, -13.6206398 ], [ -172.1967433, -13.6207076 ], [ -172.196864, -13.6206581 ], [ -172.1971215, -13.6207936 ], [ -172.1973313, -13.6207015 ], [ -172.197539, -13.6206051 ], [ -172.1978475, -13.6204298 ], [ -172.198028099999988, -13.6201159 ], [ -172.1979584, -13.6200429 ], [ -172.1979388, -13.6199438 ], [ -172.198012, -13.6198917 ], [ -172.1981059, -13.6198891 ], [ -172.198189, -13.6198005 ], [ -172.1982614, -13.6195346 ], [ -172.19830970000001, -13.6192608 ], [ -172.1983526, -13.6189272 ], [ -172.1983473, -13.6186456 ], [ -172.1983392, -13.6181008 ], [ -172.1983526, -13.6175873 ], [ -172.1982583, -13.6172391 ], [ -172.1984622, -13.616749 ], [ -172.1987358, -13.6166916 ], [ -172.1990147, -13.6161494 ], [ -172.1991037, -13.6159632 ], [ -172.199256100000014, -13.6158105 ], [ -172.199594100000013, -13.6156854 ], [ -172.1997527, -13.6155253 ], [ -172.1999213, -13.6153934 ], [ -172.2000156, -13.6152229 ], [ -172.2001359, -13.6150754 ], [ -172.2003106, -13.6151551 ], [ -172.200493, -13.6152776 ], [ -172.200552, -13.6152203 ], [ -172.200603, -13.6151212 ], [ -172.2003267, -13.6149414 ], [ -172.2001792, -13.6148553 ], [ -172.2000822, -13.6147522 ], [ -172.2002003, -13.6140483 ], [ -172.2003344, -13.6131411 ], [ -172.2006294, -13.6121505 ], [ -172.2006991, -13.6116135 ], [ -172.200795699999986, -13.6111286 ], [ -172.2009337, -13.6106635 ], [ -172.200956600000012, -13.6105864 ], [ -172.20126350000001, -13.6092182 ], [ -172.2015065, -13.6068826 ], [ -172.2017935, -13.6061964 ], [ -172.2023031, -13.6053361 ], [ -172.2033492, -13.6034174 ], [ -172.203454099999988, -13.6033183 ], [ -172.203536899999989, -13.6032401 ], [ -172.2034028, -13.6030732 ], [ -172.2037676, -13.6024945 ], [ -172.2039393, -13.6020096 ], [ -172.203874899999988, -13.6017906 ], [ -172.2038963, -13.6015977 ], [ -172.2039071, -13.6011493 ], [ -172.2039553, -13.6006852 ], [ -172.205028199999987, -13.5977758 ], [ -172.205366199999986, -13.5966965 ], [ -172.205500300000011, -13.5959509 ], [ -172.205339400000014, -13.5958414 ], [ -172.2050765, -13.5958466 ], [ -172.2048888, -13.5958257 ], [ -172.2051033, -13.5956015 ], [ -172.205344700000012, -13.5954868 ], [ -172.2055808, -13.5950384 ], [ -172.2058168, -13.5945483 ], [ -172.2063747, -13.5935993 ], [ -172.206747799999988, -13.5928752 ], [ -172.2067878, -13.5926243 ], [ -172.2069004, -13.5923844 ], [ -172.207115, -13.5923166 ], [ -172.2072813, -13.592374 ], [ -172.2075902, -13.59244 ], [ -172.20765320000001, -13.5925521 ], [ -172.207694800000013, -13.5925313 ], [ -172.2076894, -13.5923774 ], [ -172.20813960000001, -13.5920507 ], [ -172.2084719, -13.5915295 ], [ -172.208922800000011, -13.5906533 ], [ -172.208981599999987, -13.5902879 ], [ -172.2090945, -13.5899755 ], [ -172.2091213, -13.5898138 ], [ -172.2094217, -13.5898503 ], [ -172.2096577, -13.5893654 ], [ -172.209990299999987, -13.5891203 ], [ -172.2102961, -13.589136 ], [ -172.21131, -13.5879367 ], [ -172.2116479, -13.5872432 ], [ -172.2121937, -13.5866136 ], [ -172.2123761, -13.5862173 ], [ -172.2127624, -13.5860713 ], [ -172.213213, -13.5857584 ], [ -172.213893399999989, -13.5851505 ], [ -172.2140865, -13.5849862 ], [ -172.2142421, -13.5848037 ], [ -172.2144701, -13.584629 ], [ -172.2145103, -13.5844596 ], [ -172.2147043, -13.5842775 ], [ -172.2148161, -13.584191 ], [ -172.2148134, -13.5840685 ], [ -172.214607699999988, -13.583996 ], [ -172.2144754, -13.5839199 ], [ -172.214371699999987, -13.5838187 ], [ -172.2143896, -13.5835835 ], [ -172.21447280000001, -13.5833776 ], [ -172.2142045, -13.5829604 ], [ -172.2139041, -13.5826006 ], [ -172.2136198, -13.582452 ], [ -172.2132872, -13.5823503 ], [ -172.212676499999986, -13.5823691 ], [ -172.2121616, -13.5824838 ], [ -172.2119032, -13.5828535 ], [ -172.2116859, -13.5828979 ], [ -172.2114848, -13.5827388 ], [ -172.2112603, -13.5826089 ], [ -172.210799, -13.5824317 ], [ -172.2103162, -13.5825047 ], [ -172.2099192, -13.5820354 ], [ -172.2097047, -13.5817016 ], [ -172.2095851, -13.5814319 ], [ -172.2098651, -13.5808218 ], [ -172.2102234, -13.5803296 ], [ -172.210677299999986, -13.5798759 ], [ -172.211024900000012, -13.5791699 ], [ -172.211424, -13.5786276 ], [ -172.211900899999989, -13.5778589 ], [ -172.2130693, -13.577145 ], [ -172.214104099999986, -13.5766907 ], [ -172.2157707, -13.5765502 ], [ -172.216034, -13.5765488 ], [ -172.2164579, -13.5764187 ], [ -172.216970800000013, -13.5763353 ], [ -172.218074800000011, -13.5758295 ], [ -172.219713399999989, -13.574985 ], [ -172.222860700000012, -13.5723931 ], [ -172.2260119, -13.570574 ], [ -172.2265849, -13.5696001 ], [ -172.2267941, -13.5690242 ], [ -172.2267928, -13.5687666 ], [ -172.2270177, -13.5612935 ], [ -172.2268815, -13.5595993 ], [ -172.2272302, -13.5594846 ], [ -172.2273697, -13.5592134 ], [ -172.2277023, -13.559276 ], [ -172.227772, -13.5589788 ], [ -172.2278739, -13.5586867 ], [ -172.2278096, -13.5584521 ], [ -172.2278686, -13.5583686 ], [ -172.2276607, -13.5581986 ], [ -172.2279973, -13.5581392 ], [ -172.2281261, -13.5579306 ], [ -172.228169, -13.5576072 ], [ -172.2283085, -13.5575864 ], [ -172.228244100000012, -13.5573778 ], [ -172.2283138, -13.5572057 ], [ -172.2285123, -13.5572213 ], [ -172.2285499, -13.5573256 ], [ -172.2285713, -13.5574873 ], [ -172.228662500000013, -13.5574769 ], [ -172.2287269, -13.5573465 ], [ -172.228635700000012, -13.5572005 ], [ -172.2286196, -13.5570075 ], [ -172.228737599999988, -13.5571431 ], [ -172.228871700000013, -13.5572631 ], [ -172.229048799999987, -13.5572474 ], [ -172.2290648, -13.557117 ], [ -172.2291721, -13.5571588 ], [ -172.2292955, -13.5571848 ], [ -172.22937060000001, -13.5570858 ], [ -172.2293277, -13.5569397 ], [ -172.229317, -13.5567781 ], [ -172.2295155, -13.5569971 ], [ -172.2296603, -13.557237 ], [ -172.229783700000013, -13.5572735 ], [ -172.229912399999989, -13.5572422 ], [ -172.2300841, -13.5571223 ], [ -172.2302611, -13.557091 ], [ -172.230459599999989, -13.5569971 ], [ -172.23049180000001, -13.5567729 ], [ -172.2308136, -13.5568667 ], [ -172.2311033, -13.5570023 ], [ -172.2312857, -13.5570232 ], [ -172.231350099999986, -13.5568302 ], [ -172.231457400000011, -13.5568824 ], [ -172.2315915, -13.5568615 ], [ -172.231731, -13.556825 ], [ -172.231741699999986, -13.5567103 ], [ -172.2316773, -13.5565799 ], [ -172.2317846, -13.5566216 ], [ -172.2318597, -13.5567207 ], [ -172.232026, -13.5567937 ], [ -172.2321494, -13.5567207 ], [ -172.2321226, -13.5565382 ], [ -172.232240600000011, -13.5566112 ], [ -172.232369299999988, -13.5566112 ], [ -172.2325946, -13.5565955 ], [ -172.232734099999988, -13.5564235 ], [ -172.2329111, -13.5564391 ], [ -172.2331203, -13.5563192 ], [ -172.2330399, -13.5560636 ], [ -172.2332384, -13.5561158 ], [ -172.233469, -13.556001 ], [ -172.233517299999988, -13.5558029 ], [ -172.233726499999989, -13.5558081 ], [ -172.233925, -13.5557299 ], [ -172.2343434, -13.5556569 ], [ -172.234745800000013, -13.5554743 ], [ -172.235056899999989, -13.555224 ], [ -172.2350944, -13.5550258 ], [ -172.235239299999989, -13.5549685 ], [ -172.23527150000001, -13.5548537 ], [ -172.235373399999986, -13.5548016 ], [ -172.2354968, -13.5547599 ], [ -172.2356148, -13.5545304 ], [ -172.23563630000001, -13.5544 ], [ -172.2356953, -13.5542384 ], [ -172.2357972, -13.5541706 ], [ -172.2357757, -13.5540089 ], [ -172.2358777, -13.5539411 ], [ -172.235845500000011, -13.5537638 ], [ -172.2360386, -13.5536491 ], [ -172.236135100000013, -13.5534822 ], [ -172.236285400000014, -13.553404 ], [ -172.2363819, -13.5532475 ], [ -172.2363712, -13.5530024 ], [ -172.236290700000012, -13.5528773 ], [ -172.236285400000014, -13.5527208 ], [ -172.236419500000011, -13.5526009 ], [ -172.2363497, -13.5524235 ], [ -172.2363336, -13.5522723 ], [ -172.2363444, -13.5521211 ], [ -172.2361459, -13.551949 ], [ -172.2363336, -13.5517873 ], [ -172.2364785, -13.5517508 ], [ -172.2365375, -13.5516674 ], [ -172.236709100000013, -13.5516569 ], [ -172.2368433, -13.5515474 ], [ -172.2368218, -13.5514066 ], [ -172.236972, -13.5512762 ], [ -172.2365615, -13.5478486 ], [ -172.2370856, -13.5473306 ], [ -172.2379867, -13.5434614 ], [ -172.238436, -13.5430403 ], [ -172.23969550000001, -13.5424364 ], [ -172.240610800000013, -13.5416449 ], [ -172.2413328, -13.5406204 ], [ -172.242182899999989, -13.5400911 ], [ -172.242934600000012, -13.5392655 ], [ -172.2437535, -13.5382797 ], [ -172.2446136, -13.537075 ], [ -172.245848, -13.5359505 ], [ -172.246654299999989, -13.5346551 ], [ -172.2479514, -13.5328318 ], [ -172.2483709, -13.5320265 ], [ -172.2487217, -13.5315561 ], [ -172.249388, -13.5307038 ], [ -172.2508204, -13.5299996 ], [ -172.2516475, -13.5292779 ], [ -172.2526556, -13.5284445 ], [ -172.2531109, -13.5281263 ], [ -172.253442799999988, -13.5279254 ], [ -172.2540765, -13.5272897 ], [ -172.2544906, -13.5268895 ], [ -172.2553189, -13.5262059 ], [ -172.2558778, -13.5254131 ], [ -172.2563917, -13.5248905 ], [ -172.2565851, -13.52456 ], [ -172.2569164, -13.5235595 ], [ -172.2578962, -13.523523 ], [ -172.2584742, -13.522991 ], [ -172.2589173, -13.5222118 ], [ -172.259370100000012, -13.5208035 ], [ -172.259985199999988, -13.5201629 ], [ -172.2605041, -13.5197833 ], [ -172.260215499999987, -13.5188872 ], [ -172.261692900000014, -13.5185253 ], [ -172.2621585, -13.5181925 ], [ -172.2616639, -13.5167592 ], [ -172.2621306, -13.5164337 ], [ -172.263215300000013, -13.5157963 ], [ -172.2637737, -13.5144756 ], [ -172.264274199999988, -13.5125646 ], [ -172.263971700000013, -13.5116424 ], [ -172.2639577, -13.510764 ], [ -172.2645714, -13.5096509 ], [ -172.2655413, -13.508663 ], [ -172.2689885, -13.5083511 ], [ -172.2721213, -13.5070492 ], [ -172.273663, -13.5059663 ], [ -172.2748861, -13.5044422 ], [ -172.2754314, -13.5033376 ], [ -172.2757775, -13.5025421 ], [ -172.2766982, -13.5004258 ], [ -172.2783, -13.49817 ], [ -172.27923340000001, -13.4974358 ], [ -172.280398100000014, -13.4966134 ], [ -172.2816142, -13.495703 ], [ -172.2830199, -13.4945387 ], [ -172.2836785, -13.4937002 ], [ -172.2841526, -13.4930966 ], [ -172.284270600000013, -13.4929923 ], [ -172.284297400000014, -13.4928045 ], [ -172.284233, -13.4926324 ], [ -172.284453, -13.4926428 ], [ -172.284426200000013, -13.4924759 ], [ -172.284571, -13.4924967 ], [ -172.2846944, -13.4923976 ], [ -172.2846193, -13.4922829 ], [ -172.2846461, -13.492142 ], [ -172.284807, -13.4921785 ], [ -172.28476950000001, -13.4919803 ], [ -172.2849251, -13.4919073 ], [ -172.284919699999989, -13.4917143 ], [ -172.2851665, -13.4915108 ], [ -172.287154500000014, -13.4871803 ], [ -172.288466699999987, -13.4843218 ], [ -172.2897552, -13.4820839 ], [ -172.290674700000011, -13.480136 ], [ -172.2913605, -13.4787793 ], [ -172.291781899999989, -13.4783676 ], [ -172.292214300000012, -13.4777854 ], [ -172.292939499999989, -13.4770467 ], [ -172.294043499999987, -13.4758865 ], [ -172.2956173, -13.4739709 ], [ -172.296682800000013, -13.472674 ], [ -172.297313699999989, -13.4718926 ], [ -172.297952, -13.4711424 ], [ -172.2985335, -13.4699477 ], [ -172.299409, -13.4692528 ], [ -172.3002888, -13.4684087 ], [ -172.3008681, -13.4678923 ], [ -172.3014636, -13.4670878 ], [ -172.3020885, -13.4666145 ], [ -172.302735, -13.4658097 ], [ -172.30383470000001, -13.4641423 ], [ -172.3045975, -13.462259 ], [ -172.3056671, -13.4601857 ], [ -172.306767900000011, -13.4589399 ], [ -172.308884, -13.4575614 ], [ -172.3106153, -13.4555133 ], [ -172.3135475, -13.4534859 ], [ -172.3161084, -13.4515993 ], [ -172.318266, -13.450944 ], [ -172.3198389, -13.4498912 ], [ -172.321095500000013, -13.4495443 ], [ -172.3212404, -13.4494269 ], [ -172.321353, -13.4494008 ], [ -172.3214362, -13.4492991 ], [ -172.3217554, -13.4492287 ], [ -172.3217956, -13.44914 ], [ -172.3219833, -13.4490461 ], [ -172.32218180000001, -13.4490722 ], [ -172.3223937, -13.4490643 ], [ -172.3225573, -13.4490278 ], [ -172.3226915, -13.4489652 ], [ -172.323034799999988, -13.4489443 ], [ -172.3231877, -13.4488191 ], [ -172.3233727, -13.4485635 ], [ -172.323533700000013, -13.4484878 ], [ -172.323614099999986, -13.4483391 ], [ -172.3240218, -13.44788 ], [ -172.3243678, -13.4477548 ], [ -172.324459, -13.447713 ], [ -172.3245207, -13.4476087 ], [ -172.3246682, -13.4475226 ], [ -172.3247943, -13.4475304 ], [ -172.324904299999986, -13.4475826 ], [ -172.3251028, -13.4476348 ], [ -172.3253388, -13.4475278 ], [ -172.3255265, -13.4473583 ], [ -172.325894, -13.4469852 ], [ -172.3262828, -13.4466511 ], [ -172.326443899999987, -13.4466304 ], [ -172.3265726, -13.4465652 ], [ -172.3269132, -13.4462991 ], [ -172.3276428, -13.4457539 ], [ -172.327819799999986, -13.4457174 ], [ -172.3280076, -13.4456365 ], [ -172.3286862, -13.4451852 ], [ -172.3293004, -13.4447626 ], [ -172.3299817, -13.4444078 ], [ -172.3303036, -13.4442774 ], [ -172.3306335, -13.4440635 ], [ -172.3313148, -13.4437765 ], [ -172.3325083, -13.4433983 ], [ -172.333173499999987, -13.4431296 ], [ -172.3338387, -13.4429313 ], [ -172.3342893, -13.4429157 ], [ -172.3347238, -13.4429417 ], [ -172.3349599, -13.442947 ], [ -172.3351959, -13.4429809 ], [ -172.33555530000001, -13.4431635 ], [ -172.3357109, -13.4433461 ], [ -172.335799400000013, -13.4435339 ], [ -172.335826200000014, -13.4438104 ], [ -172.3358933, -13.444087 ], [ -172.3359577, -13.4442591 ], [ -172.336137400000013, -13.4445096 ], [ -172.336338500000011, -13.4446844 ], [ -172.3365665, -13.4448722 ], [ -172.3366497, -13.4450157 ], [ -172.3366926, -13.4451878 ], [ -172.3366926, -13.4453444 ], [ -172.336630899999989, -13.4454878 ], [ -172.33648070000001, -13.4454409 ], [ -172.336338500000011, -13.4453548 ], [ -172.3362098, -13.4450939 ], [ -172.336070299999989, -13.4448931 ], [ -172.3358906, -13.4448304 ], [ -172.3358155, -13.4447261 ], [ -172.335820899999987, -13.4445852 ], [ -172.3356814, -13.4444522 ], [ -172.3356009, -13.4442226 ], [ -172.3355607, -13.4440217 ], [ -172.3354749, -13.4438261 ], [ -172.335287099999988, -13.4436565 ], [ -172.3351128, -13.4436826 ], [ -172.3349921, -13.4436017 ], [ -172.3347453, -13.4435835 ], [ -172.3345468, -13.4435809 ], [ -172.334351, -13.4436617 ], [ -172.334090800000013, -13.4436096 ], [ -172.3337931, -13.4438365 ], [ -172.3334257, -13.4440035 ], [ -172.3332325, -13.443967 ], [ -172.3330957, -13.4438861 ], [ -172.3328838, -13.4439409 ], [ -172.3326961, -13.4440948 ], [ -172.3325673, -13.44428 ], [ -172.332326200000011, -13.4442001 ], [ -172.3319558, -13.4443661 ], [ -172.3316232, -13.4444209 ], [ -172.33133620000001, -13.444627 ], [ -172.3310921, -13.4447391 ], [ -172.3307555, -13.44499 ], [ -172.330405500000012, -13.4449478 ], [ -172.330263300000013, -13.4450522 ], [ -172.3300917, -13.4451252 ], [ -172.3297483, -13.4452531 ], [ -172.329456, -13.4454748 ], [ -172.329305799999986, -13.4458191 ], [ -172.3292092, -13.4460357 ], [ -172.3290537, -13.4462131 ], [ -172.3288203, -13.4462183 ], [ -172.3285601, -13.4461609 ], [ -172.3283429, -13.4460644 ], [ -172.3282731, -13.4460826 ], [ -172.3280907, -13.4462887 ], [ -172.3277421, -13.4464661 ], [ -172.3274175, -13.4466957 ], [ -172.327447, -13.4469383 ], [ -172.3274121, -13.4472122 ], [ -172.327278, -13.44734 ], [ -172.3271976, -13.44728 ], [ -172.3271332, -13.4471835 ], [ -172.3270661, -13.4471835 ], [ -172.3268596, -13.4471887 ], [ -172.3266209, -13.4471574 ], [ -172.326497499999988, -13.4471783 ], [ -172.3262239, -13.447387 ], [ -172.325990600000011, -13.4476322 ], [ -172.3259477, -13.4477157 ], [ -172.3260496, -13.4477548 ], [ -172.326173, -13.4477835 ], [ -172.3263795, -13.4477704 ], [ -172.3265002, -13.448 ], [ -172.3266477, -13.4481487 ], [ -172.3267228, -13.448313 ], [ -172.326942800000012, -13.4485739 ], [ -172.3269723, -13.44878 ], [ -172.3268677, -13.4488843 ], [ -172.3268998, -13.4489574 ], [ -172.3269508, -13.4490226 ], [ -172.327170700000011, -13.4490774 ], [ -172.327409499999987, -13.4490513 ], [ -172.3276562, -13.4490695 ], [ -172.3277286, -13.4489991 ], [ -172.3278359, -13.4489939 ], [ -172.328015599999986, -13.4491687 ], [ -172.3280264, -13.4493487 ], [ -172.3281256, -13.44944 ], [ -172.3282088, -13.4493826 ], [ -172.3282973, -13.4494165 ], [ -172.328428699999989, -13.4496226 ], [ -172.328584299999989, -13.4496304 ], [ -172.3287613, -13.4497895 ], [ -172.328785399999987, -13.4499513 ], [ -172.3291207, -13.4501 ], [ -172.3296008, -13.4503113 ], [ -172.3297483, -13.4503269 ], [ -172.32988, -13.4503096 ], [ -172.3301721, -13.4504547 ], [ -172.330266, -13.4503087 ], [ -172.330148, -13.4502226 ], [ -172.330080900000013, -13.450113 ], [ -172.3301507, -13.4500582 ], [ -172.330156, -13.4500008 ], [ -172.330038, -13.4499878 ], [ -172.329946799999988, -13.4499356 ], [ -172.329879799999986, -13.4497243 ], [ -172.3299763, -13.4495104 ], [ -172.3301373, -13.4494426 ], [ -172.3301882, -13.449333 ], [ -172.3305906, -13.4493174 ], [ -172.3307542, -13.4492495 ], [ -172.3307864, -13.44914 ], [ -172.3308695, -13.4490669 ], [ -172.3309634, -13.4491478 ], [ -172.3309902, -13.4492391 ], [ -172.3311914, -13.4493539 ], [ -172.331277199999988, -13.4493878 ], [ -172.3313335, -13.4494556 ], [ -172.331459599999988, -13.4493956 ], [ -172.3315052, -13.4492756 ], [ -172.3316715, -13.4491661 ], [ -172.3317707, -13.4489365 ], [ -172.33209260000001, -13.4488713 ], [ -172.332157, -13.4486913 ], [ -172.3323474, -13.4485948 ], [ -172.33248420000001, -13.4485426 ], [ -172.332731, -13.4483704 ], [ -172.332857, -13.4484643 ], [ -172.3330796, -13.4484226 ], [ -172.3331226, -13.4482556 ], [ -172.333541, -13.448167 ], [ -172.3339085, -13.4481122 ], [ -172.334267899999986, -13.4483756 ], [ -172.3346326, -13.4481383 ], [ -172.3350752, -13.4481722 ], [ -172.335459, -13.4481497 ], [ -172.3366792, -13.4475278 ], [ -172.3372424, -13.4474339 ], [ -172.337829, -13.4471636 ], [ -172.3385594, -13.4466017 ], [ -172.339289, -13.4462026 ], [ -172.3398549, -13.4458739 ], [ -172.3400641, -13.4459209 ], [ -172.3403377, -13.44578 ], [ -172.3408715, -13.4451278 ], [ -172.340848099999988, -13.4450014 ], [ -172.340828499999986, -13.4448957 ], [ -172.340957300000014, -13.4447235 ], [ -172.3414534, -13.4445076 ], [ -172.3427007, -13.4439722 ], [ -172.3431487, -13.4437739 ], [ -172.3434705, -13.4435313 ], [ -172.3436797, -13.4434531 ], [ -172.34381590000001, -13.4433352 ], [ -172.34508790000001, -13.4428087 ], [ -172.3467053, -13.4421591 ], [ -172.348669699999988, -13.4416154 ], [ -172.3489435, -13.4415705 ], [ -172.3490472, -13.4415531 ], [ -172.3491467, -13.4415625 ], [ -172.349222, -13.4415888 ], [ -172.3493789, -13.4415678 ], [ -172.3500929, -13.4413866 ], [ -172.3502901, -13.4412699 ], [ -172.350633, -13.4412532 ], [ -172.3508448, -13.4411641 ], [ -172.3514089, -13.4411505 ], [ -172.3518697, -13.4410718 ], [ -172.352042899999987, -13.4409876 ], [ -172.3521015, -13.4407458 ], [ -172.3522391, -13.4406326 ], [ -172.3524215, -13.4406039 ], [ -172.352628, -13.4406587 ], [ -172.3530357, -13.4405517 ], [ -172.3534085, -13.440403 ], [ -172.3535053, -13.4402255 ], [ -172.3532234, -13.4391016 ], [ -172.3531702, -13.43901 ], [ -172.3531156, -13.4389861 ], [ -172.353077399999989, -13.4389437 ], [ -172.3530883, -13.4388959 ], [ -172.3532657, -13.4388083 ], [ -172.353323, -13.4388056 ], [ -172.3533721, -13.4388295 ], [ -172.3533803, -13.43888 ], [ -172.3533176, -13.438949 ], [ -172.3533421, -13.4390857 ], [ -172.3536191, -13.4401447 ], [ -172.3537277, -13.4401943 ], [ -172.3540361, -13.4401865 ], [ -172.354194400000011, -13.4400326 ], [ -172.3545699, -13.4400326 ], [ -172.3546799, -13.4401578 ], [ -172.3551888, -13.4402243 ], [ -172.3557849, -13.4402702 ], [ -172.3561464, -13.4402715 ], [ -172.3565093, -13.4400748 ], [ -172.3564886, -13.4398217 ], [ -172.3566056, -13.4397104 ], [ -172.356760900000012, -13.4396751 ], [ -172.3569068, -13.4397938 ], [ -172.3568625, -13.439995 ], [ -172.3574648, -13.440323 ], [ -172.3577405, -13.4405043 ], [ -172.3579169, -13.4406549 ], [ -172.3581024, -13.44093 ], [ -172.3581533, -13.4411256 ], [ -172.3581131, -13.4413056 ], [ -172.358038, -13.4417595 ], [ -172.3581399, -13.4421169 ], [ -172.358177500000011, -13.4421822 ], [ -172.358266, -13.4421639 ], [ -172.3582982, -13.4422213 ], [ -172.3581668, -13.4423074 ], [ -172.3583706, -13.4425656 ], [ -172.358440300000012, -13.4425343 ], [ -172.358496699999989, -13.4425943 ], [ -172.3584189, -13.4426987 ], [ -172.3584913, -13.4427952 ], [ -172.359026, -13.4432955 ], [ -172.3596192, -13.4435641 ], [ -172.3598016, -13.4436711 ], [ -172.3599974, -13.4437637 ], [ -172.3602562, -13.4438328 ], [ -172.360511, -13.4439554 ], [ -172.360702800000013, -13.444292 ], [ -172.3608279, -13.4446622 ], [ -172.3610148, -13.444926 ], [ -172.3614695, -13.445689 ], [ -172.361716800000011, -13.4466026 ], [ -172.3617978, -13.4473393 ], [ -172.362297500000011, -13.4477308 ], [ -172.3624867, -13.4479309 ], [ -172.3626593, -13.4481837 ], [ -172.3628462, -13.4486963 ], [ -172.3629286, -13.4491849 ], [ -172.3631996, -13.4494518 ], [ -172.3635864, -13.4495926 ], [ -172.3640665, -13.4496656 ], [ -172.3643643, -13.4496917 ], [ -172.3644689, -13.44959 ], [ -172.366059400000012, -13.4492143 ], [ -172.366437600000012, -13.4490865 ], [ -172.3668533, -13.4490265 ], [ -172.36761820000001, -13.4490294 ], [ -172.370443099999989, -13.44905 ], [ -172.370725599999986, -13.4490151 ], [ -172.3724781, -13.4487983 ], [ -172.374484200000012, -13.447983 ], [ -172.3751226, -13.44755 ], [ -172.3756242, -13.4470726 ], [ -172.3758575, -13.4467726 ], [ -172.3761606, -13.4467517 ], [ -172.376459, -13.4467617 ], [ -172.377375699999988, -13.4463657 ], [ -172.3783359, -13.4461517 ], [ -172.379044, -13.4460709 ], [ -172.3793712, -13.4461074 ], [ -172.3797065, -13.4461074 ], [ -172.380133, -13.446063 ], [ -172.380479, -13.4459874 ], [ -172.381074399999989, -13.4460239 ], [ -172.38149820000001, -13.4461152 ], [ -172.3819594, -13.4461054 ], [ -172.382745300000011, -13.4462646 ], [ -172.3832156, -13.4464647 ], [ -172.3836294, -13.4465165 ], [ -172.3844067, -13.4466717 ], [ -172.384926900000011, -13.4468097 ], [ -172.3853259, -13.4469275 ], [ -172.3857959, -13.4470138 ], [ -172.3862339, -13.4469682 ], [ -172.3865821, -13.4466631 ], [ -172.3869153, -13.4462783 ], [ -172.387135199999989, -13.4459809 ], [ -172.387269300000014, -13.4458374 ], [ -172.3874705, -13.4457814 ], [ -172.38771460000001, -13.4458739 ], [ -172.38791040000001, -13.4460304 ], [ -172.3880096, -13.4462496 ], [ -172.3880767, -13.446513 ], [ -172.3886319, -13.4467791 ], [ -172.3889269, -13.4468704 ], [ -172.3892166, -13.4469069 ], [ -172.3894714, -13.4467452 ], [ -172.389753, -13.4466722 ], [ -172.389962200000014, -13.4466748 ], [ -172.3901554, -13.4467374 ], [ -172.3904236, -13.447053 ], [ -172.390740099999988, -13.4473165 ], [ -172.3918452, -13.4472226 ], [ -172.3924715, -13.4472748 ], [ -172.3939339, -13.4477671 ], [ -172.3959874, -13.4480306 ], [ -172.398133699999988, -13.4487628 ], [ -172.3992838, -13.4493545 ], [ -172.4004466, -13.4498544 ], [ -172.403027900000012, -13.4504402 ], [ -172.4043261, -13.4507099 ], [ -172.404922, -13.4508656 ], [ -172.4053913, -13.4508475 ], [ -172.4055961, -13.4509743 ], [ -172.4065831, -13.4510721 ], [ -172.4072051, -13.451217 ], [ -172.4075509, -13.4512864 ], [ -172.4076762, -13.4511445 ], [ -172.407804700000014, -13.4509163 ], [ -172.407890400000014, -13.4507932 ], [ -172.4080002, -13.4506809 ], [ -172.4079444, -13.4505976 ], [ -172.408003, -13.4504027 ], [ -172.40805610000001, -13.4504292 ], [ -172.408089600000011, -13.4505958 ], [ -172.4081976, -13.4506483 ], [ -172.408428500000014, -13.4506773 ], [ -172.408944600000012, -13.4509627 ], [ -172.4094711, -13.4507115 ], [ -172.409707700000013, -13.4499279 ], [ -172.4104246, -13.4506627 ], [ -172.4108795, -13.4503181 ], [ -172.411470400000013, -13.4505985 ], [ -172.412050599999986, -13.4505002 ], [ -172.4126903, -13.4505539 ], [ -172.413911, -13.4501352 ], [ -172.4145335, -13.4508923 ], [ -172.41506050000001, -13.4514463 ], [ -172.415207900000013, -13.4533787 ], [ -172.4157975, -13.4548372 ], [ -172.4162052, -13.4553433 ], [ -172.4163125, -13.4560997 ], [ -172.4165647, -13.4566215 ], [ -172.41659150000001, -13.4570597 ], [ -172.41694480000001, -13.4576584 ], [ -172.4176, -13.4584162 ], [ -172.4180389, -13.459264 ], [ -172.4186722, -13.4605731 ], [ -172.4191074, -13.4617551 ], [ -172.4192898, -13.462955 ], [ -172.4194239, -13.4635862 ], [ -172.419434599999988, -13.4642488 ], [ -172.4196733, -13.4646479 ], [ -172.4195124, -13.4650887 ], [ -172.4195479, -13.4655727 ], [ -172.4203547, -13.4661194 ], [ -172.4209287, -13.4663391 ], [ -172.4216797, -13.4669708 ], [ -172.42212330000001, -13.4672163 ], [ -172.422428599999989, -13.4671297 ], [ -172.422629300000011, -13.4672378 ], [ -172.4227554, -13.4673969 ], [ -172.4234635, -13.4676864 ], [ -172.423994599999986, -13.4679368 ], [ -172.42456820000001, -13.4681065 ], [ -172.4247751, -13.4682211 ], [ -172.4249332, -13.4683666 ], [ -172.4248824, -13.4686802 ], [ -172.4248287, -13.4687741 ], [ -172.4247119, -13.4688346 ], [ -172.4245015, -13.4686933 ], [ -172.4243164, -13.4684663 ], [ -172.4230628, -13.4682111 ], [ -172.4224499, -13.4681588 ], [ -172.4220182, -13.4682444 ], [ -172.42221090000001, -13.4685524 ], [ -172.4222216, -13.4688054 ], [ -172.4221626, -13.4689463 ], [ -172.4220312, -13.4689332 ], [ -172.4218917, -13.4687559 ], [ -172.4217683, -13.468662 ], [ -172.42165030000001, -13.4686672 ], [ -172.4215565, -13.4688419 ], [ -172.4217496, -13.4690298 ], [ -172.4214714, -13.4690686 ], [ -172.421052, -13.4690267 ], [ -172.4205634, -13.4688067 ], [ -172.420362899999986, -13.4690245 ], [ -172.4203253, -13.4691393 ], [ -172.4203709, -13.4692436 ], [ -172.420470200000011, -13.4693167 ], [ -172.420470200000011, -13.4692306 ], [ -172.420470200000011, -13.4691497 ], [ -172.4205318, -13.4690089 ], [ -172.420746400000013, -13.4690506 ], [ -172.4208832, -13.4691863 ], [ -172.4209744, -13.4694654 ], [ -172.421097800000013, -13.4696349 ], [ -172.421280200000012, -13.4698045 ], [ -172.4213741, -13.4699062 ], [ -172.421510899999987, -13.4699271 ], [ -172.4216155, -13.4698671 ], [ -172.4217683, -13.4698853 ], [ -172.4219186, -13.4700601 ], [ -172.422086299999989, -13.4701677 ], [ -172.4222136, -13.4701957 ], [ -172.4222297, -13.4703653 ], [ -172.4221626, -13.4704644 ], [ -172.422168, -13.4705948 ], [ -172.422428200000013, -13.4706131 ], [ -172.4226803, -13.4707096 ], [ -172.4229029, -13.4708635 ], [ -172.422988800000013, -13.4708139 ], [ -172.4229029, -13.4706522 ], [ -172.4230853, -13.4705948 ], [ -172.423206, -13.4707644 ], [ -172.423316699999987, -13.470745 ], [ -172.423474199999987, -13.4707018 ], [ -172.423447399999986, -13.4705609 ], [ -172.4235409, -13.4703803 ], [ -172.4236593, -13.4703235 ], [ -172.4239168, -13.4704174 ], [ -172.4240026, -13.4703522 ], [ -172.4239275, -13.4701044 ], [ -172.4240911, -13.4700757 ], [ -172.424225299999989, -13.4701983 ], [ -172.424520300000012, -13.4700236 ], [ -172.424887399999989, -13.4698847 ], [ -172.4252069, -13.4697627 ], [ -172.425164, -13.4695488 ], [ -172.4250701, -13.4692384 ], [ -172.42526860000001, -13.4691497 ], [ -172.4254349, -13.4692176 ], [ -172.425716599999987, -13.4690897 ], [ -172.4258829, -13.4689698 ], [ -172.4263066, -13.4688785 ], [ -172.4263764, -13.468782 ], [ -172.4263764, -13.4686672 ], [ -172.425748700000014, -13.4685733 ], [ -172.4254913, -13.4686541 ], [ -172.4252579, -13.4686567 ], [ -172.425129199999986, -13.4686124 ], [ -172.4250836, -13.4684924 ], [ -172.4252204, -13.4684376 ], [ -172.4259016, -13.4684376 ], [ -172.426478300000014, -13.4685368 ], [ -172.426843100000013, -13.4685498 ], [ -172.427114, -13.4682707 ], [ -172.4272025, -13.4681194 ], [ -172.4274499, -13.4680729 ], [ -172.427875300000011, -13.4681892 ], [ -172.4283689, -13.4682518 ], [ -172.428776699999986, -13.4682444 ], [ -172.4292007, -13.4682368 ], [ -172.4293563, -13.4680777 ], [ -172.4295383, -13.4680483 ], [ -172.4296058, -13.4680803 ], [ -172.429624100000012, -13.4681527 ], [ -172.4295759, -13.4682779 ], [ -172.429645599999986, -13.4683978 ], [ -172.4298655, -13.46845 ], [ -172.4301391, -13.46845 ], [ -172.4305176, -13.4684675 ], [ -172.4317163, -13.4685231 ], [ -172.433449, -13.4686326 ], [ -172.4339393, -13.4685779 ], [ -172.434478899999988, -13.4685178 ], [ -172.4363189, -13.4684448 ], [ -172.437643900000012, -13.4684709 ], [ -172.4389751, -13.4684488 ], [ -172.4393445, -13.4682622 ], [ -172.4394714, -13.4680124 ], [ -172.439787599999988, -13.4678204 ], [ -172.441885899999988, -13.4679944 ], [ -172.4433424, -13.4680229 ], [ -172.4443101, -13.4678869 ], [ -172.444906300000014, -13.4679845 ], [ -172.4475163, -13.4694309 ], [ -172.4481877, -13.4696284 ], [ -172.448413, -13.4694354 ], [ -172.448971699999987, -13.4695561 ], [ -172.4494793, -13.4688598 ], [ -172.4495197, -13.4688043 ], [ -172.450412300000011, -13.4687832 ], [ -172.4509493, -13.4686269 ], [ -172.4517593, -13.4684597 ], [ -172.4523816, -13.4679537 ], [ -172.4525889, -13.4674568 ], [ -172.453059700000011, -13.4669317 ], [ -172.4539933, -13.4664306 ], [ -172.4554914, -13.4668221 ], [ -172.45648, -13.4674317 ], [ -172.457765599999988, -13.4679253 ], [ -172.459332499999988, -13.4685298 ], [ -172.4609816, -13.4686674 ], [ -172.463932, -13.4686048 ], [ -172.465444, -13.4683311 ], [ -172.4662535, -13.4682774 ], [ -172.4667982, -13.4679592 ], [ -172.4675248, -13.4676407 ], [ -172.468061, -13.4671657 ], [ -172.468816800000013, -13.4666474 ], [ -172.4702097, -13.4661213 ], [ -172.4710605, -13.4655098 ], [ -172.471844800000014, -13.4650074 ], [ -172.4724215, -13.4644779 ], [ -172.4735641, -13.4636542 ], [ -172.473966600000011, -13.4630889 ], [ -172.4751498, -13.4623653 ], [ -172.4764462, -13.4620746 ], [ -172.477311, -13.4617849 ], [ -172.4791981, -13.4616699 ], [ -172.481021199999986, -13.4614458 ], [ -172.4823565, -13.4619352 ], [ -172.48346140000001, -13.4628677 ], [ -172.4842693, -13.4638709 ], [ -172.4854575, -13.4655184 ], [ -172.4864921, -13.4664833 ], [ -172.4872613, -13.4673076 ], [ -172.4888253, -13.4681551 ], [ -172.488951249999985, -13.468202911339219 ] ] ] ] } }
]
}
