{
"type": "FeatureCollection",
"crs": { "type": "name", "properties": { "name": "urn:ogc:def:crs:OGC:1.3:CRS84" } },
"features": [
{ "type": "Feature", "properties": { "shapeName": "A'ana", "shapeISO": "", "shapeID": "40696546B36446689180219", "shapeGroup": "WSM", "shapeType": "ADM1" }, "geometry": { "type": "MultiPolygon", "coordinates": [ [ [ [ -172.058933700230057, -13.853024500180481 ], [ -172.058990000488109, -13.853268200267166 ], [ -172.058829800654763, -13.853436300644717 ], [ -172.059432200735444, -13.85437630082555 ], [ -172.059920300581382, -13.854975200744889 ], [ -172.060743800785758, -13.856055400736125 ], [ -172.061587600487343, -13.857137200621253 ], [ -172.061369100303722, -13.857923199995639 ], [ -172.061799100348168, -13.858769200338259 ], [ -172.062826500242778, -13.859298600649879 ], [ -172.063053900117382, -13.859856500477065 ], [ -172.062963400440537, -13.860092900766688 ], [ -172.063617300198217, -13.860762900187638 ], [ -172.064366800587351, -13.86137420085862 ], [ -172.064686000558453, -13.860965400532734 ], [ -172.065101800307815, -13.86118930024594 ], [ -172.065479900476987, -13.861441900023635 ], [ -172.065032000326539, -13.861876800473908 ], [ -172.065254600519381, -13.862048700487094 ], [ -172.065589900153753, -13.861553900691945 ], [ -172.065820600540263, -13.861678900161053 ], [ -172.065914500553731, -13.861837800474063 ], [ -172.06570750000111, -13.862139400712749 ], [ -172.065750800558959, -13.862152900435945 ], [ -172.065882300327871, -13.862022700187424 ], [ -172.066029799935279, -13.862100800011888 ], [ -172.066008300742453, -13.862176300795625 ], [ -172.066059300396375, -13.862197100315882 ], [ -172.066145100216175, -13.86207730072681 ], [ -172.06625240012815, -13.862186700555753 ], [ -172.066206800003783, -13.862298700324686 ], [ -172.066300700017251, -13.862314300864227 ], [ -172.066335600007903, -13.86223880008049 ], [ -172.066448200524007, -13.862158100316037 ], [ -172.066775500688777, -13.862329900504449 ], [ -172.055656849483995, -13.877291460932156 ], [ -172.050229394171168, -13.877442224179276 ], [ -172.053244646523183, -13.873371632694671 ], [ -172.049927868576248, -13.863722822650118 ], [ -172.058933700230057, -13.853024500180481 ] ] ], [ [ [ -171.905195725102601, -13.85693850350907 ], [ -171.90429114921713, -13.846837406421116 ], [ -171.909266316587207, -13.838696222552585 ], [ -171.913186145724012, -13.832213429006515 ], [ -171.915447585437704, -13.822112331918561 ], [ -171.918613601036839, -13.810955895697987 ], [ -171.920474399973557, -13.804143400797273 ], [ -171.9214636002649, -13.804265100653822 ], [ -171.921794500415842, -13.803960700825655 ], [ -171.922454400450192, -13.803962500369039 ], [ -171.923240900746947, -13.805329900654328 ], [ -171.923697000016517, -13.805366900561978 ], [ -171.924885900164128, -13.805918400813482 ], [ -171.924824300201266, -13.806162200724941 ], [ -171.925285500425474, -13.806396300548784 ], [ -171.92583830019737, -13.80654310048368 ], [ -171.926486500051908, -13.806533800594366 ], [ -171.927531800052492, -13.806563000681876 ], [ -171.928304600077212, -13.806584600598796 ], [ -171.929469100718393, -13.806617100298865 ], [ -171.930038099978304, -13.807539100548979 ], [ -171.930145700263836, -13.808288900412379 ], [ -171.930487500197955, -13.8087015003739 ], [ -171.93083240009517, -13.808884300170291 ], [ -171.931261400093518, -13.809112600266246 ], [ -171.931791000054574, -13.809300700666768 ], [ -171.932489100591482, -13.809508700366166 ], [ -171.932592000120678, -13.809260500071957 ], [ -171.933183700067673, -13.80938390054655 ], [ -171.933136300399923, -13.809673000208761 ], [ -171.933549400384493, -13.809853600263409 ], [ -171.934044500553227, -13.809984200710232 ], [ -171.934717300463006, -13.81015720059429 ], [ -171.935995900790175, -13.810206800003755 ], [ -171.936445800133555, -13.810225200132834 ], [ -171.936700800201749, -13.810151800165386 ], [ -171.936783300408962, -13.810221000298895 ], [ -171.937146400785736, -13.810160100008545 ], [ -171.937227000725471, -13.809974300073861 ], [ -171.937558600548954, -13.809966600078496 ], [ -171.937684600064216, -13.81006450027644 ], [ -171.937836300404911, -13.810132800188512 ], [ -171.937884200095738, -13.810260100123458 ], [ -171.938473800125735, -13.81033060067665 ], [ -171.938946600705037, -13.810271700478552 ], [ -171.939540600218493, -13.810209600492612 ], [ -171.940187000529619, -13.809744300259183 ], [ -171.94078040019528, -13.809791800651055 ], [ -171.940854400010522, -13.80994190019851 ], [ -171.9412229008162, -13.809874100309457 ], [ -171.941376900723355, -13.810056100608506 ], [ -171.94143130071393, -13.81024850066774 ], [ -171.941714300274697, -13.810288600538456 ], [ -171.942306600069514, -13.810870200199531 ], [ -171.942288199940435, -13.811942400721193 ], [ -171.94315910071191, -13.812993400624919 ], [ -171.944368600730314, -13.814010500584061 ], [ -171.945151800515163, -13.814472700854424 ], [ -171.945649900822247, -13.814714700323123 ], [ -171.946179200409745, -13.814955500096232 ], [ -171.946982100743327, -13.815146300261517 ], [ -171.947971700333682, -13.815307100842006 ], [ -171.948111000821996, -13.814647700830676 ], [ -171.948369000129219, -13.814699100682901 ], [ -171.9484911001841, -13.814718300309266 ], [ -171.949193600204467, -13.814877500096486 ], [ -171.94909970019097, -13.815571800098439 ], [ -171.949423400369596, -13.815616700550265 ], [ -171.949512500701331, -13.815072500095766 ], [ -171.949850500100467, -13.815117700021801 ], [ -171.949768700465114, -13.815658400314874 ], [ -171.950398000167553, -13.815760800720341 ], [ -171.950805100774744, -13.8158234007293 ], [ -171.951193100681024, -13.815656000024319 ], [ -171.95110490057067, -13.815534399992544 ], [ -171.951266100450141, -13.815348400408311 ], [ -171.951598800144495, -13.815421400177456 ], [ -171.951798400175988, -13.815335900731213 ], [ -171.951833300166641, -13.815278800076499 ], [ -171.951976400290619, -13.815260400846796 ], [ -171.9520456004241, -13.815373900684904 ], [ -171.952048800211941, -13.815488000370863 ], [ -171.952124899944153, -13.815570400753359 ], [ -171.95239429995695, -13.815649600448637 ], [ -171.952527400519102, -13.815713000854259 ], [ -171.9525813004866, -13.815877800719875 ], [ -171.952752400103151, -13.816001400843902 ], [ -171.95308200073373, -13.816112400566794 ], [ -171.953398900239023, -13.816188400474232 ], [ -171.953563799929384, -13.816410300095242 ], [ -171.95359860009529, -13.816644800117388 ], [ -171.953673900330216, -13.816785999973888 ], [ -171.953874300758343, -13.816869800600784 ], [ -171.954023300434926, -13.816996600512653 ], [ -171.954197600738667, -13.816961700522029 ], [ -171.954270500683037, -13.817006100051458 ], [ -171.954321199963374, -13.817126500387644 ], [ -171.954495500267086, -13.817094800184861 ], [ -171.954625499966824, -13.817015600489526 ], [ -171.95482200003525, -13.817104400447704 ], [ -171.954812500496473, -13.817262800737637 ], [ -171.955354400485163, -13.817506900123306 ], [ -171.95571260045611, -13.817731900606702 ], [ -171.955861500307975, -13.8177858005742 ], [ -171.955911500815091, -13.817942100047844 ], [ -171.956004200233622, -13.817944200864133 ], [ -171.956051700625466, -13.8180457001489 ], [ -171.956140400758869, -13.818305500798203 ], [ -171.956248200693892, -13.818454500474786 ], [ -171.95633060017704, -13.818552799971712 ], [ -171.956321100638263, -13.818619300340401 ], [ -171.956466900527005, -13.818825300846925 ], [ -171.956577800425123, -13.818983800062256 ], [ -171.956609500627934, -13.819132700813441 ], [ -171.956679200784464, -13.819329199982519 ], [ -171.956870600797572, -13.819515300290846 ], [ -171.957405000440389, -13.819921899975668 ], [ -171.958007199972286, -13.820273700370933 ], [ -171.95929860035011, -13.82111810081966 ], [ -171.959641400330327, -13.821152700436755 ], [ -171.959957500338334, -13.821355900454421 ], [ -171.960331600323059, -13.82129360081899 ], [ -171.960404800641015, -13.821520800144754 ], [ -171.961197999987689, -13.8221688003498 ], [ -171.961462400669234, -13.822095400382352 ], [ -171.961728700718936, -13.822241400819962 ], [ -171.962330600776568, -13.823596300528777 ], [ -171.962890300147194, -13.82387980011265 ], [ -171.963123899947988, -13.824113100439206 ], [ -171.963050800354125, -13.824268000567713 ], [ -171.963296400708288, -13.824423900742374 ], [ -171.963186200482738, -13.824720400026422 ], [ -171.963482100818283, -13.825016900209732 ], [ -171.963501400269394, -13.825105600343136 ], [ -171.964172300811015, -13.825282000563845 ], [ -171.964429400796178, -13.825457700212667 ], [ -171.964731300509072, -13.825506900323148 ], [ -171.964904800416178, -13.825622600802319 ], [ -171.965200400378137, -13.825716800290081 ], [ -171.965553699943257, -13.825794400091468 ], [ -171.965521600441491, -13.825982400667215 ], [ -171.965631500293483, -13.826232500329581 ], [ -171.965849300804564, -13.826370000375164 ], [ -171.966138500291521, -13.826509300863506 ], [ -171.966416900719366, -13.826517800356157 ], [ -171.966686800755213, -13.826654900203437 ], [ -171.966975900417452, -13.826933300631254 ], [ -171.967217900785471, -13.827042500810705 ], [ -171.96765910008736, -13.827081100612247 ], [ -171.967757600133126, -13.827166800607301 ], [ -171.967787600617243, -13.827276000786753 ], [ -171.967907600755154, -13.827323100080946 ], [ -171.967941800173918, -13.827278100703722 ], [ -171.96812600021471, -13.827378800491203 ], [ -171.968588600683347, -13.827451600610857 ], [ -171.968989200091471, -13.827448000624656 ], [ -171.969423899992961, -13.827578000324422 ], [ -171.969867299935913, -13.82764870052705 ], [ -171.970021500391908, -13.827631500093617 ], [ -171.970418200339651, -13.827703700365419 ], [ -171.970837000227363, -13.828287800141823 ], [ -171.971115600304671, -13.828960300577364 ], [ -171.97075220045366, -13.829196500318176 ], [ -171.97075220045366, -13.829360100488202 ], [ -171.971242800414871, -13.829414600303494 ], [ -171.971486700151075, -13.829136400424488 ], [ -171.972424100391891, -13.828530200708144 ], [ -171.972902500150241, -13.827941500000179 ], [ -171.975429000647836, -13.828123300649736 ], [ -171.975624899969119, -13.827881300281717 ], [ -171.97691590014864, -13.82777750053117 ], [ -171.977316600280858, -13.827963400290628 ], [ -171.977770700357496, -13.82792880067359 ], [ -171.977873100762963, -13.827734300697387 ], [ -171.979006099951533, -13.827820399991424 ], [ -171.979887400483108, -13.828327300164744 ], [ -171.981672100586934, -13.827983600862467 ], [ -171.982164500091585, -13.827940700502893 ], [ -171.982785700499647, -13.828044200779175 ], [ -171.983050900678506, -13.82799370024901 ], [ -171.983186000433534, -13.827900500807402 ], [ -171.983657600417899, -13.827767200595758 ], [ -171.9840686004855, -13.827971000461275 ], [ -171.984141800803428, -13.828221000298868 ], [ -171.984553400718852, -13.828443200293407 ], [ -171.984806000496491, -13.828402800049162 ], [ -171.984846400740764, -13.828458400634645 ], [ -171.984866600413255, -13.828564500850973 ], [ -171.984995400417375, -13.828771500504274 ], [ -171.985124200421495, -13.828827100190495 ], [ -171.985172100112294, -13.828375100030769 ], [ -171.985217600411914, -13.828359900588907 ], [ -171.985278200328651, -13.828488700593027 ], [ -171.985934800750414, -13.828690700015727 ], [ -171.985987800496559, -13.828597300025308 ], [ -171.986414600753193, -13.828625100767738 ], [ -171.986703700415404, -13.828610500274294 ], [ -171.987213100703997, -13.828764400356761 ], [ -171.987690200042664, -13.828826400517926 ], [ -171.988946600605118, -13.828999100028398 ], [ -171.989833600140514, -13.82903030020816 ], [ -171.990176600669571, -13.829112600765882 ], [ -171.991591000424307, -13.829117300622897 ], [ -171.991988200395099, -13.829058700798385 ], [ -171.99219610026978, -13.828937600789573 ], [ -171.992417300218193, -13.828897500019536 ], [ -171.992626000489508, -13.828760800370617 ], [ -171.992703300816657, -13.828661000804516 ], [ -171.992768300216852, -13.828581700385143 ], [ -171.992907600705195, -13.828539500597401 ], [ -171.993122900201655, -13.828584100675641 ], [ -171.993220600750107, -13.828671100191059 ], [ -171.993256500786856, -13.828777600605747 ], [ -171.993256600611602, -13.828938800485219 ], [ -171.993272900823683, -13.829012600650969 ], [ -171.993335700482163, -13.829073400217226 ], [ -171.993519699974144, -13.829116100027932 ], [ -171.993892300789014, -13.829107000687486 ], [ -171.994003300511878, -13.829167200405948 ], [ -171.994082200732947, -13.829115600004911 ], [ -171.994842600005967, -13.829153100834901 ], [ -171.996054699964418, -13.829150300346043 ], [ -171.997026700721648, -13.829206000756301 ], [ -171.99768840029941, -13.829177300691811 ], [ -171.997831100225056, -13.829120600235456 ], [ -171.998066600293328, -13.829218500433399 ], [ -171.998595800056108, -13.829197900562633 ], [ -171.999682600171838, -13.829223400839226 ], [ -172.000640700108193, -13.829223400839226 ], [ -172.001353700612754, -13.829222100419543 ], [ -172.001991399983098, -13.82924380016118 ], [ -172.003734400322287, -13.829264300207228 ], [ -172.004509600637533, -13.82927550036402 ], [ -172.004809300608713, -13.829251200682336 ], [ -172.005022400363458, -13.829257300783752 ], [ -172.005467600749142, -13.829279700197958 ], [ -172.005843700826091, -13.829262500663845 ], [ -172.005983200064605, -13.829218500433399 ], [ -172.0062407002481, -13.829192200659463 ], [ -172.006441700524022, -13.829158600189203 ], [ -172.006744200084739, -13.829214100050649 ], [ -172.006931700637438, -13.829200500502623 ], [ -172.007311200151747, -13.829155700774947 ], [ -172.007393800183706, -13.829037800554033 ], [ -172.007486100303254, -13.829010700383492 ], [ -172.007575700658037, -13.829027300069811 ], [ -172.007649500823788, -13.829154400355264 ], [ -172.008202000222099, -13.829194000202904 ], [ -172.009050500680047, -13.829276800783703 ], [ -172.009431600088249, -13.829273200797559 ], [ -172.009611900668659, -13.829313800691295 ], [ -172.009878200718362, -13.829251599981319 ], [ -172.010307400366202, -13.829193500179827 ], [ -172.010603800724795, -13.829145000641233 ], [ -172.010940100405293, -13.829196100119873 ], [ -172.011219900178219, -13.829103100327757 ], [ -172.011435800421822, -13.829005600328173 ], [ -172.011525400776605, -13.828867200061211 ], [ -172.011503200112571, -13.828742700615123 ], [ -172.010866700437845, -13.827992400728647 ], [ -172.010706000581422, -13.827876300051173 ], [ -172.010315200186312, -13.827973700226039 ], [ -172.010124300196281, -13.827995899990754 ], [ -172.009903500446171, -13.828085699995029 ], [ -172.00985820069539, -13.827940900152385 ], [ -172.009849100455597, -13.827516600011052 ], [ -172.009903000423094, -13.827432800283475 ], [ -172.009983700187576, -13.827453900177318 ], [ -172.009978600132257, -13.827687499978083 ], [ -172.010028800288865, -13.827891900590714 ], [ -172.010206600754003, -13.827872900613841 ], [ -172.010378300218349, -13.827845300420222 ], [ -172.010584800747921, -13.827819500669364 ], [ -172.010680000281752, -13.827717200088671 ], [ -172.010610000650985, -13.827606500739364 ], [ -172.010590200277505, -13.827445000486364 ], [ -172.010500600822041, -13.827304900500735 ], [ -172.010560400342172, -13.827281700689866 ], [ -172.010626100314255, -13.827311900823531 ], [ -172.010719500304674, -13.827448700297225 ], [ -172.01076260031374, -13.82761740052257 ], [ -172.010864600520875, -13.827682800121067 ], [ -172.011020700345028, -13.827753100125449 ], [ -172.011027599943759, -13.827932300834959 ], [ -172.011614100010689, -13.828655800025103 ], [ -172.011754100171572, -13.828710800762792 ], [ -172.011963800488985, -13.828641000781488 ], [ -172.012359000367553, -13.828432100860709 ], [ -172.01244439998905, -13.828257099985137 ], [ -172.012454000251893, -13.828156900220733 ], [ -172.012397100146018, -13.82807260047008 ], [ -172.012397699993841, -13.827996000714791 ], [ -172.012495600191755, -13.827909800696716 ], [ -172.012602700454238, -13.827869100078885 ], [ -172.01309190017102, -13.827289300860514 ], [ -172.013991700656419, -13.827412500786238 ], [ -172.014590300202173, -13.827170900616522 ], [ -172.014472500705324, -13.826811100751627 ], [ -172.014581699985428, -13.826779000350541 ], [ -172.014720900649024, -13.827134500556724 ], [ -172.015025900325014, -13.827066300469369 ], [ -172.015419100111359, -13.826725400756573 ], [ -172.015424299991423, -13.826631000720056 ], [ -172.015369900000849, -13.82639560047653 ], [ -172.015494099972699, -13.826352700116956 ], [ -172.015577600226038, -13.826584100176035 ], [ -172.016450000167339, -13.826369800725672 ], [ -172.016680600729103, -13.825888000630698 ], [ -172.016462200370228, -13.82555170005088 ], [ -172.016547800540536, -13.825500300198655 ], [ -172.016759600774918, -13.825776800358994 ], [ -172.016941900548233, -13.825671700188764 ], [ -172.017171099966276, -13.825624599995251 ], [ -172.017473600426285, -13.825374100134582 ], [ -172.01717540052428, -13.824793600344321 ], [ -172.017333800814242, -13.824737900833384 ], [ -172.017563000232258, -13.825196200744017 ], [ -172.017721500346937, -13.825281900739071 ], [ -172.018340500113965, -13.82512550054139 ], [ -172.019243300737713, -13.82470300084276 ], [ -172.019537700104735, -13.824652200838329 ], [ -172.019606200565676, -13.824549400234559 ], [ -172.019177900239868, -13.823682000523831 ], [ -172.019302100211718, -13.82366060025646 ], [ -172.019428500824631, -13.823859800089679 ], [ -172.019822599933008, -13.824592200769416 ], [ -172.020081700010422, -13.824804300478036 ], [ -172.020252000129688, -13.824752500427508 ], [ -172.020415799949177, -13.824902800523773 ], [ -172.020411500290493, -13.825048400763023 ], [ -172.020527200769664, -13.825151200467474 ], [ -172.020527200769664, -13.825305400024149 ], [ -172.020881000357861, -13.82544180019886 ], [ -172.021435300198931, -13.825513200074056 ], [ -172.021452400807618, -13.825384700443522 ], [ -172.021454600549362, -13.825108400831994 ], [ -172.021392500563422, -13.824645800363328 ], [ -172.021336800153165, -13.82419170028669 ], [ -172.021351799945592, -13.824091100323983 ], [ -172.021478100733731, -13.824035400813045 ], [ -172.021707300151746, -13.824039700471758 ], [ -172.021705100410031, -13.824091100323983 ], [ -172.021463100042013, -13.824121000084062 ], [ -172.021403200697137, -13.824198200586466 ], [ -172.021446000332617, -13.824626500012926 ], [ -172.021514500793558, -13.825102000356992 ], [ -172.021535900161638, -13.825511000332369 ], [ -172.021797199980767, -13.825571000401283 ], [ -172.022572599945505, -13.825573200143026 ], [ -172.023347900085497, -13.825631000470253 ], [ -172.023983300788672, -13.82561660052562 ], [ -172.024241000621657, -13.825532500424515 ], [ -172.024326600791966, -13.8252605004717 ], [ -172.024459400081213, -13.825108400831994 ], [ -172.024686500481579, -13.825016300361938 ], [ -172.024718599983373, -13.825044100204991 ], [ -172.024740000250773, -13.825202600319699 ], [ -172.024810700453429, -13.825258300729956 ], [ -172.02578060039437, -13.824939300408346 ], [ -172.026022900236626, -13.825093400140247 ], [ -172.026125699941076, -13.82531830079887 ], [ -172.026199599931573, -13.825494800844353 ], [ -172.026971700283724, -13.825633100387222 ], [ -172.02755210024921, -13.825573200143026 ], [ -172.027599200442722, -13.824952000634255 ], [ -172.027547300567448, -13.824887900556121 ], [ -172.027559100572006, -13.824801200514969 ], [ -172.027681200626887, -13.824748700791872 ], [ -172.027790400806339, -13.824769100113826 ], [ -172.027802200810896, -13.824833300016735 ], [ -172.027760400322194, -13.824955400071588 ], [ -172.027684900437777, -13.824958500034711 ], [ -172.027633500585551, -13.825521700466084 ], [ -172.027798400275913, -13.825605300544112 ], [ -172.028499300402359, -13.825781000192933 ], [ -172.02865730049399, -13.82575410057126 ], [ -172.02890730033161, -13.825705000285495 ], [ -172.028895500327053, -13.825393400484984 ], [ -172.02896940031755, -13.825389100826271 ], [ -172.029006600773982, -13.825798000077612 ], [ -172.029124700644388, -13.82579599998536 ], [ -172.029172900708772, -13.825932000861087 ], [ -172.029327100265448, -13.826056300657683 ], [ -172.029672000162662, -13.825517100433785 ], [ -172.029822000784691, -13.825483800337054 ], [ -172.029825000023692, -13.825524700604376 ], [ -172.029803800305103, -13.825542800359926 ], [ -172.029714400499159, -13.825562500009312 ], [ -172.029379800537328, -13.82611979998876 ], [ -172.029337400200831, -13.826278900850525 ], [ -172.029520300721288, -13.826512300102536 ], [ -172.030567100791046, -13.827111800768932 ], [ -172.031653000685395, -13.827596600102993 ], [ -172.031784700103799, -13.827313200343895 ], [ -172.031772600625004, -13.827184500164492 ], [ -172.031861900606202, -13.827149699998586 ], [ -172.031948300273825, -13.827190600265965 ], [ -172.031987600647227, -13.82724200011819 ], [ -172.03196040065194, -13.827325300722009 ], [ -172.031846800089738, -13.827375300329777 ], [ -172.031716500016444, -13.82764340082224 ], [ -172.03177709993318, -13.827944800512114 ], [ -172.031889200426235, -13.828306700293922 ], [ -172.032191400512687, -13.828595700131416 ], [ -172.032463200816039, -13.828715600444582 ], [ -172.032769100713409, -13.828792800047665 ], [ -172.033405100365059, -13.829171500064604 ], [ -172.033729200741988, -13.829466800552382 ], [ -172.0345465999456, -13.830021500591727 ], [ -172.024448980535993, -13.854526301447606 ], [ -172.011483392544505, -13.873371632694671 ], [ -172.026107369959135, -13.873371632694671 ], [ -172.03635923029421, -13.881814341258803 ], [ -172.050983206809519, -13.882869679492046 ], [ -172.064824400825415, -13.893764000208421 ], [ -172.06289870051458, -13.89464610023731 ], [ -172.061887100809031, -13.895079300069597 ], [ -172.061385100142218, -13.895369700151491 ], [ -172.061032100051335, -13.895619800713177 ], [ -172.060827300139749, -13.895790600855491 ], [ -172.060710700338518, -13.895918500638231 ], [ -172.0604926003532, -13.896017000683969 ], [ -172.060474900796009, -13.896145000291483 ], [ -172.060340500713522, -13.896277900304824 ], [ -172.060349100030919, -13.896429200447187 ], [ -172.06015290033605, -13.896509200539128 ], [ -172.060108500806649, -13.896615900603308 ], [ -172.060218799957624, -13.896716000542938 ], [ -172.060216900589467, -13.896952900855638 ], [ -172.060140900682001, -13.897111400071026 ], [ -172.059891100493871, -13.897001900417308 ], [ -172.059917300443033, -13.897130500771937 ], [ -172.059970300189178, -13.897220500425703 ], [ -172.059976100816385, -13.897333200766582 ], [ -172.059744700757307, -13.897434600226575 ], [ -172.059583100679532, -13.897612100318156 ], [ -172.059455600195776, -13.897658600663817 ], [ -172.059324400800421, -13.897804900575636 ], [ -172.059378900615741, -13.89796330086557 ], [ -172.059308600611388, -13.898126200463707 ], [ -172.059199300607219, -13.898266000075807 ], [ -172.059105800792054, -13.898305900297032 ], [ -172.059002500165235, -13.898305200624463 ], [ -172.059067700114241, -13.898441300425645 ], [ -172.059091200298639, -13.898628200231201 ], [ -172.058976400040791, -13.898849800377945 ], [ -172.05900630070019, -13.898943600566668 ], [ -172.058999900225189, -13.899070000280233 ], [ -172.059120300561403, -13.899146100012445 ], [ -172.059031600428, -13.899291900800563 ], [ -172.058828800608637, -13.899323600104026 ], [ -172.058395500052256, -13.899382200827858 ], [ -172.058182200648019, -13.899456700666178 ], [ -172.057829900229677, -13.899703600540704 ], [ -172.057607500585647, -13.8997410006466 ], [ -172.057506300775145, -13.89987069997278 ], [ -172.057602400530328, -13.900024000207395 ], [ -172.057624799944534, -13.900211500760122 ], [ -172.05745790016195, -13.900380900657979 ], [ -172.057235500517919, -13.900491099984208 ], [ -172.057141000656628, -13.900499000528384 ], [ -172.05704460052786, -13.900440000505569 ], [ -172.056918200814295, -13.900447400127348 ], [ -172.056917900440737, -13.900597500574122 ], [ -172.056824000427241, -13.900709600167886 ], [ -172.056710000566056, -13.900727900472191 ], [ -172.056600600737113, -13.900691500412393 ], [ -172.056481800294819, -13.900715600444585 ], [ -172.056471600184182, -13.900801800462659 ], [ -172.056357500498223, -13.900853400863696 ], [ -172.056246200401802, -13.90105870079833 ], [ -172.0562612001942, -13.901170900216812 ], [ -172.056180100231416, -13.901237400585501 ], [ -172.056068500660757, -13.901232500179674 ], [ -172.056050800204247, -13.901296400608373 ], [ -172.056187700402035, -13.901444100764593 ], [ -172.056066000545457, -13.901633600510195 ], [ -172.056052000799184, -13.901747100348359 ], [ -172.055721100648242, -13.901887100509214 ], [ -172.055465100533922, -13.901852700541667 ], [ -172.055386500686438, -13.901968300296801 ], [ -172.055130400747373, -13.902125800365354 ], [ -172.054881500780596, -13.902180700378949 ], [ -172.054684300140309, -13.902099600416193 ], [ -172.054486400726773, -13.902261200493967 ], [ -172.054430399942987, -13.902495100668318 ], [ -172.054505720862295, -13.902649102374141 ], [ -172.054681400726025, -13.903008300592546 ], [ -172.054352700316826, -13.903220800499525 ], [ -172.054243500137403, -13.903132100366065 ], [ -172.053734200572876, -13.903200400278195 ], [ -172.053640700757711, -13.903352600641938 ], [ -172.053325500071736, -13.903458000286435 ], [ -172.053310000256289, -13.903590200627207 ], [ -172.053276900708369, -13.903797700303585 ], [ -172.053155300676565, -13.903814200165186 ], [ -172.053005900801651, -13.903779100525014 ], [ -172.052960900525107, -13.903640300059749 ], [ -172.052906900732864, -13.903550300405982 ], [ -172.052884000396261, -13.903656700096576 ], [ -172.052785000327475, -13.903736500539026 ], [ -172.052557300079314, -13.903801700488032 ], [ -172.052402300126033, -13.903772300751029 ], [ -172.052260500421738, -13.903693600179452 ], [ -172.052186800080733, -13.90380680054335 ], [ -172.052067000491661, -13.903873900759891 ], [ -172.051877800220268, -13.903827800612476 ], [ -172.051797300105278, -13.903696900691386 ], [ -172.05158080001388, -13.903740300174661 ], [ -172.05142530003755, -13.903843400252697 ], [ -172.051454100826078, -13.90396430061196 ], [ -172.051393200535756, -13.904065200048876 ], [ -172.051246200052077, -13.904075100685304 ], [ -172.051091500472353, -13.904139000214627 ], [ -172.051098900094132, -13.90428360040778 ], [ -172.050589500704859, -13.904407300356581 ], [ -172.050092600093393, -13.904459000582392 ], [ -172.049560100718054, -13.904555000512801 ], [ -172.049117300622896, -13.90466819997738 ], [ -172.048829900679351, -13.904810900802374 ], [ -172.048638600490989, -13.904979100105322 ], [ -172.048733600375328, -13.905094000187887 ], [ -172.048720999974137, -13.905237799984434 ], [ -172.048625300417257, -13.905320800214724 ], [ -172.048393800533432, -13.905320400016421 ], [ -172.048132700363794, -13.905317900800412 ], [ -172.04787450050776, -13.905251700805309 ], [ -172.047595200757883, -13.905396700297445 ], [ -172.04740940082317, -13.905595800305889 ], [ -172.047116000602927, -13.905689500669894 ], [ -172.046778800701077, -13.905888900152547 ], [ -172.046413700232051, -13.905977500461233 ], [ -172.046340200439857, -13.906095600331639 ], [ -172.045926900805796, -13.906152200063957 ], [ -172.045549100110861, -13.906285100077241 ], [ -172.045493900623001, -13.90641460065325 ], [ -172.045521900115574, -13.906635500228106 ], [ -172.045449900392555, -13.906925600835791 ], [ -172.045167100481279, -13.906996100489607 ], [ -172.045082600181814, -13.906873300762186 ], [ -172.04486120058391, -13.906859800139614 ], [ -172.044638900764625, -13.906868400356359 ], [ -172.044535000290011, -13.907025900424912 ], [ -172.044355700655046, -13.907115500779696 ], [ -172.044174900051559, -13.907033300046692 ], [ -172.043908700725922, -13.907035800162021 ], [ -172.043627300159756, -13.907126800761205 ], [ -172.04349290007724, -13.907153900032426 ], [ -172.043333300091689, -13.907136500848765 ], [ -172.043182100673391, -13.906984500134513 ], [ -172.042978200083837, -13.906934800000954 ], [ -172.042771400080028, -13.906990100212909 ], [ -172.042690300117243, -13.907095500756725 ], [ -172.042575600583461, -13.907063000157279 ], [ -172.042330500252348, -13.907171800138428 ], [ -172.042520400196281, -13.90746620040477 ], [ -172.042170800442051, -13.90777370019606 ], [ -172.041722700642083, -13.907769500362122 ], [ -172.04164550013968, -13.9074627002434 ], [ -172.041160300607373, -13.907694600325499 ], [ -172.040642000627798, -13.907623200450303 ], [ -172.040502299941153, -13.907459100257199 ], [ -172.04024130049558, -13.907494800644486 ], [ -172.040325800795046, -13.907708900445357 ], [ -172.039998700279767, -13.907844500223462 ], [ -172.039774400368259, -13.907612500316588 ], [ -172.038656900095845, -13.907555500385968 ], [ -172.038590700100713, -13.907416300621719 ], [ -172.03836650001395, -13.907444800137398 ], [ -172.03817170056351, -13.907669600071927 ], [ -172.037984200010783, -13.90763040042259 ], [ -172.037910700218617, -13.9074627002434 ], [ -172.037752400652749, -13.907507700519943 ], [ -172.03697960062803, -13.908032900098192 ], [ -172.036776700084602, -13.908915300500666 ], [ -172.03663090019586, -13.909384300545014 ], [ -172.036285000252519, -13.909747700395997 ], [ -172.034905600313181, -13.9102420999929 ], [ -172.034564400226856, -13.91009840002107 ], [ -172.03313800081807, -13.910710500189396 ], [ -172.031612700265867, -13.911181500325938 ], [ -172.030295300487694, -13.911537400730424 ], [ -172.030369200478191, -13.91191450085347 ], [ -172.0300718000735, -13.91226870063997 ], [ -172.029083500003509, -13.912657400218791 ], [ -172.028417000743957, -13.912764700130765 ], [ -172.028038000353405, -13.913155200152346 ], [ -172.027766600248384, -13.913362099980873 ], [ -172.027323899977972, -13.913562100210697 ], [ -172.026806000196729, -13.913523400584438 ], [ -172.025824500800042, -13.913539100049377 ], [ -172.023639900061312, -13.912402000851614 ], [ -172.023523300260081, -13.912142300027085 ], [ -172.022328100361506, -13.911999900474996 ], [ -172.022122600777379, -13.911999900474996 ], [ -172.021949800542842, -13.911963700064632 ], [ -172.021898400690617, -13.911859400291064 ], [ -172.021823700303486, -13.911795900060667 ], [ -172.021655600825284, -13.911786900544996 ], [ -172.021531300129368, -13.911902700848941 ], [ -172.021157400693454, -13.912060200018175 ], [ -172.021183900116881, -13.91218130002693 ], [ -172.021237100411838, -13.912397000621013 ], [ -172.021081200237177, -13.912539400173159 ], [ -172.020927100505247, -13.912602800578725 ], [ -172.020866400763765, -13.912716100767398 ], [ -172.020735600667422, -13.912815900333499 ], [ -172.020506800548389, -13.9128113003012 ], [ -172.0203105999542, -13.912702500320108 ], [ -172.020147200333014, -13.912738800555132 ], [ -172.020005100255133, -13.912709000619827 ], [ -172.019470300414014, -13.912533900818801 ], [ -172.018947200752677, -13.912348200708834 ], [ -172.018628300255813, -13.912290200732116 ], [ -172.018461400473228, -13.912333800764259 ], [ -172.018439600007497, -13.912456400842188 ], [ -172.018358000021664, -13.912669900795265 ], [ -172.018046200571661, -13.912804500527216 ], [ -172.017812500046801, -13.912831200499454 ], [ -172.017595000808626, -13.912809200384231 ], [ -172.017391600242121, -13.912722699992571 ], [ -172.017215600219743, -13.912596400103723 ], [ -172.016844199999809, -13.912593300140657 ], [ -172.016628600129764, -13.912617200523357 ], [ -172.016520200346946, -13.912711200361571 ], [ -172.016552700047043, -13.912798600075291 ], [ -172.016503400111787, -13.91290260037465 ], [ -172.016236500214291, -13.912872300416268 ], [ -172.016002500215194, -13.912973900425129 ], [ -172.015807600040688, -13.913014900517226 ], [ -172.01566380024417, -13.912926100559048 ], [ -172.015586400092275, -13.912813500042944 ], [ -172.015454400300314, -13.91277860005232 ], [ -172.015374300383627, -13.912816500181293 ], [ -172.015421500401885, -13.912914100005651 ], [ -172.015370200374434, -13.912973900425129 ], [ -172.015293800268637, -13.91300400073402 ], [ -172.015150500495167, -13.912886600536126 ], [ -172.015009699937679, -13.912878100144155 ], [ -172.014851400371811, -13.912818700822356 ], [ -172.014646800109716, -13.91283590035647 ], [ -172.014458900258006, -13.91284830020885 ], [ -172.014318700447632, -13.912962700268338 ], [ -172.014244900281909, -13.913106900263188 ], [ -172.014439800456387, -13.913296900031867 ], [ -172.014482000244101, -13.913516500086359 ], [ -172.014372000567334, -13.913620500385719 ], [ -172.014217300088291, -13.913698600210182 ], [ -172.014019500499529, -13.913489200266326 ], [ -172.013908600601411, -13.913510800183246 ], [ -172.013873700610759, -13.913630700496412 ], [ -172.013921700126332, -13.913707100602153 ], [ -172.013791000754054, -13.914064400351776 ], [ -172.013885800089582, -13.914255600715364 ], [ -172.013539999970988, -13.914415200700887 ], [ -172.013476400815222, -13.91434240058129 ], [ -172.013201299999963, -13.914429700470237 ], [ -172.013131100719704, -13.914263199986635 ], [ -172.012798900149107, -13.914329500705833 ], [ -172.012668600075813, -13.914338000198484 ], [ -172.012579600468172, -13.914470500013522 ], [ -172.012470000090417, -13.914510500059464 ], [ -172.012286900819788, -13.914507400096397 ], [ -172.01220360021594, -13.914362000405958 ], [ -172.012077499976613, -13.913931300688944 ], [ -172.011747600771145, -13.913998100531842 ], [ -172.01160650073939, -13.914188100300521 ], [ -172.010773600820983, -13.914492900327048 ], [ -172.010659900434035, -13.914325000498309 ], [ -172.009795600686402, -13.914715200146304 ], [ -172.009139800661245, -13.915120200836554 ], [ -172.008520400695915, -13.915672200211816 ], [ -172.008765300478217, -13.916029900159742 ], [ -172.008742999989437, -13.916148900251471 ], [ -172.008317599977232, -13.916468200047348 ], [ -172.008017200333512, -13.916388699978484 ], [ -172.007870800596947, -13.916306600868893 ], [ -172.007803200357387, -13.916334299987909 ], [ -172.007771000131527, -13.91635730014923 ], [ -172.007855900629295, -13.916569200208357 ], [ -172.007618900491849, -13.916775800562675 ], [ -172.007371100395943, -13.916882000603778 ], [ -172.007242400216569, -13.916663300770665 ], [ -172.006762900587375, -13.916838300746917 ], [ -172.006376700224507, -13.917085000072632 ], [ -172.006006700249003, -13.917166200759539 ], [ -172.00583289996834, -13.91716940054738 ], [ -172.005465999955902, -13.917247400547069 ], [ -172.005488600818239, -13.917366100265269 ], [ -172.005281300791381, -13.917399099988415 ], [ -172.005189300146071, -13.917200600727085 ], [ -172.004979600727978, -13.917218200459558 ], [ -172.004899100612988, -13.916912100013349 ], [ -172.004715700069482, -13.916862100405581 ], [ -172.004536200784997, -13.917289600334755 ], [ -172.004400300633336, -13.91777729998239 ], [ -172.004345900642761, -13.918228100446413 ], [ -172.003998500630274, -13.919325000848062 ], [ -172.004306900642916, -13.920504500382322 ], [ -172.004966500303709, -13.920877500496204 ], [ -172.006081799935089, -13.921078800246391 ], [ -172.006898199991923, -13.921134300107838 ], [ -172.007114700083321, -13.921393800383555 ], [ -172.006584600099188, -13.924384900542691 ], [ -172.00781070070326, -13.924831700822267 ], [ -172.008367000636554, -13.924843900125836 ], [ -172.008742700515199, -13.924640700108171 ], [ -172.008955300246868, -13.924711600859666 ], [ -172.009364700420548, -13.924808100813152 ], [ -172.009604800521089, -13.924718400633651 ], [ -172.009912700510682, -13.925005300554119 ], [ -172.010194300726369, -13.925070500503125 ], [ -172.01021450039886, -13.925292200474644 ], [ -172.010411600315081, -13.925471500109609 ], [ -172.010627100360352, -13.925543300183108 ], [ -172.010978700206834, -13.926291300503067 ], [ -172.010168800449748, -13.927536700558221 ], [ -172.009146200236927, -13.928440800702333 ], [ -172.008730500312311, -13.928417900365787 ], [ -172.008623400049856, -13.928716800839652 ], [ -172.008037700379532, -13.928602100406579 ], [ -172.007660100233409, -13.928745500004766 ], [ -172.007001200245156, -13.928292300149508 ], [ -172.005982300742545, -13.928427600453347 ], [ -172.005769400637291, -13.928684900088001 ], [ -172.004988100220629, -13.929140500233871 ], [ -172.00419550072175, -13.929944700087788 ], [ -172.004058800173453, -13.930077200802145 ], [ -172.003640800682376, -13.93003500011514 ], [ -172.003312900669812, -13.930346800464406 ], [ -172.002722100044849, -13.93166229997513 ], [ -172.002923700168594, -13.933078599997373 ], [ -172.003322300383815, -13.933849900852181 ], [ -172.003742900714258, -13.933794000792432 ], [ -172.004114800057948, -13.93410430017326 ], [ -172.004005800427308, -13.934589600429661 ], [ -172.002675700423197, -13.935760500646552 ], [ -172.001656800021266, -13.935844100724637 ], [ -172.001299100073396, -13.936135800326895 ], [ -172.000899200337784, -13.935906300535294 ], [ -171.999731600632828, -13.935537300605915 ], [ -171.996825900095189, -13.934647900779964 ], [ -171.995244900032077, -13.935040399994421 ], [ -171.994445200385655, -13.935627300259625 ], [ -171.993802200411182, -13.936028700064412 ], [ -171.993758000531273, -13.93686830083135 ], [ -171.993885800489267, -13.937682600071867 ], [ -171.99389240061376, -13.939286300822062 ], [ -171.993604100448863, -13.939577600226016 ], [ -171.993302500210177, -13.939435500148193 ], [ -171.993038800100521, -13.939233800199702 ], [ -171.992400700531874, -13.939328800084013 ], [ -171.991904000469219, -13.939102000057233 ], [ -171.99147250035557, -13.939233800199702 ], [ -171.990874000634591, -13.939825900344999 ], [ -171.990884100021162, -13.940451700785331 ], [ -171.990209900766274, -13.940412700785487 ], [ -171.989742500615876, -13.940359200116973 ], [ -171.989513000824303, -13.940610900572551 ], [ -171.989201700498057, -13.940733700299972 ], [ -171.98928100001811, -13.942444700062822 ], [ -171.989698500385458, -13.942708400172478 ], [ -171.989947500176953, -13.943109000479922 ], [ -171.989515200566018, -13.94345860023418 ], [ -171.989506700174047, -13.944197500314317 ], [ -171.989695300597617, -13.944927100505254 ], [ -171.990807000242853, -13.946009600062951 ], [ -171.991033000772347, -13.946128600154736 ], [ -171.991401000655628, -13.946395700601045 ], [ -171.991200800776312, -13.946648200553966 ], [ -171.990880200560781, -13.946770600083084 ], [ -171.990425700285812, -13.947268700390168 ], [ -171.990234600646289, -13.947809700157507 ], [ -171.989938200287696, -13.948556100583517 ], [ -171.989258100580855, -13.9494599003541 ], [ -171.988308599961897, -13.950031900651652 ], [ -171.98841640079624, -13.951675000700675 ], [ -171.987540700343033, -13.951216200767021 ], [ -171.987209600542599, -13.950556200008577 ], [ -171.986108500307012, -13.950842700630062 ], [ -171.985026100574061, -13.951444100664673 ], [ -171.985138100343022, -13.951762400414395 ], [ -171.98519700054112, -13.952097800772833 ], [ -171.985096400578385, -13.952311800748987 ], [ -171.984772100551965, -13.952091800496135 ], [ -171.984495000543802, -13.95188260020177 ], [ -171.984568900534299, -13.95163160031808 ], [ -171.984507300571437, -13.951320800014855 ], [ -171.984205600508034, -13.951273000148774 ], [ -171.983811400675563, -13.950490100737511 ], [ -171.983959200656557, -13.950316800479925 ], [ -171.983083100005047, -13.949631100694717 ], [ -171.98227410046934, -13.950101700632956 ], [ -171.981429800744678, -13.948472799979697 ], [ -171.981206499979976, -13.947932100585945 ], [ -171.980898599990383, -13.947495800790534 ], [ -171.98023350007594, -13.947065500372503 ], [ -171.979435300498693, -13.947140700782654 ], [ -171.978657000220352, -13.946455800494732 ], [ -171.97746330039098, -13.94638980014912 ], [ -171.976180600054619, -13.946162100800279 ], [ -171.97619070034051, -13.945892400413925 ], [ -171.976505000805105, -13.945318800222424 ], [ -171.976579899942408, -13.94514230017694 ], [ -171.976887300808272, -13.945081900809043 ], [ -171.977324700474526, -13.945202600619496 ], [ -171.977832499969878, -13.945171200790242 ], [ -171.978105600692885, -13.944681500151091 ], [ -171.978454500774575, -13.944642400326472 ], [ -171.978710800363132, -13.944407000082947 ], [ -171.978755300616598, -13.943990200287487 ], [ -171.97877480061652, -13.943444800137343 ], [ -171.978680500404749, -13.942984200660305 ], [ -171.978533700469882, -13.942646400011313 ], [ -171.978460599976671, -13.942662300025063 ], [ -171.97841000052108, -13.942298200501511 ], [ -171.978605400718635, -13.942282200662987 ], [ -171.97862230077854, -13.941644600218069 ], [ -171.978941000726564, -13.941550100356778 ], [ -171.979096700352414, -13.941065700321758 ], [ -171.979142300476752, -13.941033300446406 ], [ -171.979210700213628, -13.941014100820041 ], [ -171.979232000656282, -13.940971900133036 ], [ -171.979232700328822, -13.940913600682052 ], [ -171.979212200282802, -13.940828400710075 ], [ -171.979261400393284, -13.940745200830293 ], [ -171.979225199982977, -13.940509200738973 ], [ -171.979121000034098, -13.940465000859035 ], [ -171.97904690039411, -13.940266500698385 ], [ -171.979261400393284, -13.939556500332174 ], [ -171.979569400207623, -13.939448700397179 ], [ -171.979648500078184, -13.939092500518427 ], [ -171.979535700811908, -13.939036600458678 ], [ -171.979547200442909, -13.938956200168434 ], [ -171.979637000447184, -13.938895800800537 ], [ -171.979635000354961, -13.938800400717867 ], [ -171.979764900229924, -13.938828900233489 ], [ -171.979820900114419, -13.938505100230145 ], [ -171.979867200810645, -13.938343900350674 ], [ -171.979952400782651, -13.938303600830466 ], [ -171.980121400482233, -13.93834470074728 ], [ -171.980178100039268, -13.938129800549802 ], [ -171.979970800012381, -13.937941600324564 ], [ -171.97974520058051, -13.937821199988321 ], [ -171.979726800451459, -13.937669000523897 ], [ -171.979948900621253, -13.937513800021804 ], [ -171.980440500628561, -13.937356100303759 ], [ -171.980666100060432, -13.937536700358407 ], [ -171.980737600659722, -13.937517000708965 ], [ -171.980672700184925, -13.937303900054872 ], [ -171.980077200602295, -13.937106900862716 ], [ -171.979922100824268, -13.936857000849841 ], [ -171.98012540066668, -13.936582000758676 ], [ -171.979774299943955, -13.936570100030053 ], [ -171.979423299945296, -13.93632800073658 ], [ -171.979472600779872, -13.93602320071011 ], [ -171.978819799993744, -13.935736300789586 ], [ -171.978901700353163, -13.935231600358009 ], [ -171.97812390009787, -13.935574900361303 ], [ -171.97796470031065, -13.935553500093931 ], [ -171.977524200681302, -13.935494300421567 ], [ -171.977538900100143, -13.934693300355491 ], [ -171.976776200361343, -13.934450500490186 ], [ -171.976537299956391, -13.93417050016842 ], [ -171.97594940054438, -13.93393800023847 ], [ -171.975711400360808, -13.934121900805053 ], [ -171.975380500209894, -13.933931700487562 ], [ -171.975502400615255, -13.933682400322482 ], [ -171.975127900432227, -13.933555600410557 ], [ -171.975095700206367, -13.933690700165641 ], [ -171.97470990004183, -13.933762700787952 ], [ -171.974509600337768, -13.933597900023017 ], [ -171.974187400228317, -13.933864100248002 ], [ -171.973286000748317, -13.93410080001189 ], [ -171.972994200421994, -13.934007800219774 ], [ -171.972459100207288, -13.934284200555339 ], [ -171.972240300549402, -13.934634000858409 ], [ -171.972480400649943, -13.934933400456032 ], [ -171.972417300617906, -13.935392900062254 ], [ -171.972164600116173, -13.935451800260353 ], [ -171.971340400239256, -13.935190700090686 ], [ -171.971243700636251, -13.935239900201168 ], [ -171.971248100119709, -13.935360300537411 ], [ -171.971666100510106, -13.935461699997404 ], [ -171.971841800158927, -13.935841700434082 ], [ -171.971569000708797, -13.936101000160988 ], [ -171.97142380066785, -13.93608670004113 ], [ -171.97138979999923, -13.936000600747093 ], [ -171.971316500755876, -13.936019800373458 ], [ -171.971298200451571, -13.935918900037166 ], [ -171.971265500202634, -13.935847900360272 ], [ -171.971206500179818, -13.935829900429496 ], [ -171.971140000710449, -13.935865800466274 ], [ -171.971132600189321, -13.935914600378453 ], [ -171.971100100489224, -13.935933200157024 ], [ -171.971026200498727, -13.935950400590457 ], [ -171.971063200406348, -13.936070900751417 ], [ -171.971030700706251, -13.936119700663596 ], [ -171.971051400401791, -13.936175600723345 ], [ -171.971122600627496, -13.936187900750951 ], [ -171.971116400701305, -13.936250200386382 ], [ -171.971079400793684, -13.936297600054161 ], [ -171.971080899963539, -13.936375000206056 ], [ -171.971109000180178, -13.936464000713045 ], [ -171.971180800253705, -13.936502200316227 ], [ -171.971098600420049, -13.936601700408119 ], [ -171.971073900540063, -13.936776100536576 ], [ -171.971134100258496, -13.93708220008341 ], [ -171.971307400516082, -13.937403200497272 ], [ -171.971404800690976, -13.937604400422686 ], [ -171.971387400608023, -13.937868500730701 ], [ -171.971703300067219, -13.937946900029374 ], [ -171.971699600256329, -13.938105000845042 ], [ -171.971460300552394, -13.938143800296075 ], [ -171.971294300091841, -13.938288200839736 ], [ -171.971075600258729, -13.938129300526725 ], [ -171.970753600698089, -13.93821380082619 ], [ -171.970721200822737, -13.938315700309261 ], [ -171.970435800072096, -13.938393300110647 ], [ -171.970391199993855, -13.9383663006642 ], [ -171.970052700571642, -13.93864250045101 ], [ -171.969920900429173, -13.938964400186876 ], [ -171.969931700387633, -13.939165200813306 ], [ -171.970149400174648, -13.939279200674548 ], [ -171.970147700455982, -13.93950000042463 ], [ -171.969898300466156, -13.939521200143247 ], [ -171.969923100170917, -13.939756900760301 ], [ -171.969696500692919, -13.939883700672226 ], [ -171.969304700251683, -13.940266100500082 ], [ -171.969192000810153, -13.94056310070647 ], [ -171.968953700253024, -13.940601300309709 ], [ -171.968627499959126, -13.940792300124485 ], [ -171.968531300379169, -13.940812899995308 ], [ -171.968460400527022, -13.940775600613449 ], [ -171.967920400805838, -13.941040500418694 ], [ -171.967924800289268, -13.941116600150906 ], [ -171.967760000423652, -13.941192800607212 ], [ -171.967545800798035, -13.941284400154871 ], [ -171.967359300291434, -13.941282200413184 ], [ -171.967271800752968, -13.941279900846723 ], [ -171.967253300799172, -13.941376100426623 ], [ -171.967152100089322, -13.941532400799588 ], [ -171.966926300108639, -13.94177130030522 ], [ -171.966903400671384, -13.941814000115983 ], [ -171.966802100136789, -13.941907900129422 ], [ -171.96674000015085, -13.941903400821218 ], [ -171.966185300111476, -13.942258500829098 ], [ -171.966157400443649, -13.942328000436817 ], [ -171.96614450056822, -13.942422500298107 ], [ -171.965784000131464, -13.942639100214251 ], [ -171.965344400723495, -13.94284060051325 ], [ -171.965342100257686, -13.942966700752606 ], [ -171.965286900769826, -13.943036700383345 ], [ -171.965104700821257, -13.943101900332408 ], [ -171.964968600120784, -13.943064300576964 ], [ -171.964317400127896, -13.94372770077274 ], [ -171.964280900243324, -13.943818500823113 ], [ -171.964306199971134, -13.94388780078134 ], [ -171.964293200270959, -13.943949000545899 ], [ -171.964121500806584, -13.943998200656381 ], [ -171.963237500510218, -13.945337900024015 ], [ -171.962871700368652, -13.945650600594718 ], [ -171.962664700715351, -13.945992300704063 ], [ -171.962688800747543, -13.94613660052363 ], [ -171.962638000743112, -13.946324000352263 ], [ -171.962512400526833, -13.946414600753201 ], [ -171.962411099992238, -13.946430200393365 ], [ -171.962161900551251, -13.946804400202836 ], [ -171.962033400021369, -13.946823500004484 ], [ -171.961803500031465, -13.946943200668159 ], [ -171.961430200443374, -13.947442500670832 ], [ -171.961425600411104, -13.947572100172238 ], [ -171.961391000794038, -13.947683800466962 ], [ -171.961322100134794, -13.947758200480507 ], [ -171.961246200052074, -13.947787200019206 ], [ -171.961179400209119, -13.947896700572244 ], [ -171.961126400462973, -13.948102299981088 ], [ -171.96091510025164, -13.948333600215449 ], [ -171.960709700492259, -13.948669900795267 ], [ -171.960638300617063, -13.9489470008034 ], [ -171.960636000151254, -13.949099000618332 ], [ -171.960562300709569, -13.949262100765282 ], [ -171.960559900419042, -13.949454000801438 ], [ -171.960659000312575, -13.94958390067643 ], [ -171.96077640051044, -13.949738100233105 ], [ -171.960990600136057, -13.949942000822659 ], [ -171.961117200398462, -13.950124700794277 ], [ -171.961197800338198, -13.950167100231454 ], [ -171.961239300453315, -13.950325799995653 ], [ -171.961204699936928, -13.950386100438152 ], [ -171.961233500725456, -13.950606700538742 ], [ -171.961469500816776, -13.950665400188029 ], [ -171.961639900760787, -13.950716800040254 ], [ -171.961675600248725, -13.950818800247362 ], [ -171.961603000677911, -13.95108330075368 ], [ -171.961515600064871, -13.951141400555173 ], [ -171.961455700719995, -13.951279900646853 ], [ -171.961310600503793, -13.951648600202702 ], [ -171.961223100065979, -13.951664300566961 ], [ -171.961174800176849, -13.951874300358611 ], [ -171.96124490053171, -13.951966400828667 ], [ -171.961161000080068, -13.952126800311532 ], [ -171.96096060055126, -13.952227400274239 ], [ -171.960723600413814, -13.95236120050896 ], [ -171.960523199985658, -13.952569300033133 ], [ -171.960398800364317, -13.952725700230815 ], [ -171.960322800456851, -13.952963100566592 ], [ -171.960313600392311, -13.953127900432207 ], [ -171.960490899935053, -13.953411700389609 ], [ -171.960423400419558, -13.953640500508641 ], [ -171.960302100761311, -13.953706700503801 ], [ -171.960124900143995, -13.953624700319608 ], [ -171.959973000153809, -13.953863100701483 ], [ -171.959965700356747, -13.954143400497514 ], [ -171.959880800758327, -13.95427650016029 ], [ -171.959698500085693, -13.954264700155761 ], [ -171.959459700404835, -13.954877200522333 ], [ -171.959510100210935, -13.955078700821332 ], [ -171.959721900445317, -13.955460800275659 ], [ -171.959914400329296, -13.955666500408597 ], [ -171.959837000177401, -13.955851900145035 ], [ -171.959555700335272, -13.956294600415447 ], [ -171.959546900469064, -13.956578099999263 ], [ -171.959576100556575, -13.956756500312167 ], [ -171.959880800758327, -13.956808200537978 ], [ -171.960007400121384, -13.956806000796234 ], [ -171.960097200125659, -13.956752400303003 ], [ -171.960199200332795, -13.956803000657885 ], [ -171.960332100346136, -13.956944600712688 ], [ -171.960407600230525, -13.957116100527571 ], [ -171.9602400007754, -13.957404900715574 ], [ -171.960113300688249, -13.957746800474411 ], [ -171.96007190039785, -13.957885300566147 ], [ -171.960143300273074, -13.958019400275077 ], [ -171.960022100439545, -13.958195200647936 ], [ -171.959779500223732, -13.958195900320504 ], [ -171.95967740019185, -13.958359600315248 ], [ -171.959381300206815, -13.958846700115089 ], [ -171.959298799999601, -13.95909740052457 ], [ -171.959495300068028, -13.959381300306745 ], [ -171.959372400515832, -13.959499300352377 ], [ -171.958861200683828, -13.960185000137585 ], [ -171.958342299957138, -13.961084900447759 ], [ -171.958036400059797, -13.961880600809025 ], [ -171.958258100031259, -13.962335900581309 ], [ -171.957751900429827, -13.963214800822357 ], [ -171.956536700508281, -13.964173800080744 ], [ -171.956248300518638, -13.964262300564656 ], [ -171.955875300404756, -13.964463400665352 ], [ -171.955288600688334, -13.964983900386642 ], [ -171.955097099951161, -13.965687900476155 ], [ -171.954138300342265, -13.966520300371542 ], [ -171.953283900331712, -13.967217100488767 ], [ -171.952954500249973, -13.967569600556601 ], [ -171.952613300163648, -13.968019500799301 ], [ -171.952522000090198, -13.968096500752836 ], [ -171.952343200478282, -13.968247299972859 ], [ -171.951741900268445, -13.969098500195571 ], [ -171.951443600541694, -13.97016460061576 ], [ -171.951558700273779, -13.970258400804482 ], [ -171.951549500209239, -13.970356700301409 ], [ -171.951411400315834, -13.970365700716457 ], [ -171.951227200275042, -13.970879600313253 ], [ -171.951043500257299, -13.97172610067895 ], [ -171.951173700505848, -13.972293000021864 ], [ -171.95139790059261, -13.972874400033504 ], [ -171.951710400614473, -13.973493900722872 ], [ -171.95168520071141, -13.973761500292937 ], [ -171.951671400614629, -13.973907700380039 ], [ -171.951413800606389, -13.974363000152266 ], [ -171.950925800585196, -13.974982000818613 ], [ -171.950517000259339, -13.975679500608408 ], [ -171.950226800726256, -13.976896300423903 ], [ -171.949522100064826, -13.977912000138645 ], [ -171.949366700812561, -13.978827100789999 ], [ -171.948358200170787, -13.979788100140638 ], [ -171.948216400466492, -13.979923200795042 ], [ -171.948094500061103, -13.980161000429803 ], [ -171.948009800112146, -13.980426500082842 ], [ -171.948130300273107, -13.980518100529878 ], [ -171.948136800572854, -13.980647600206566 ], [ -171.947876300251039, -13.980928900048639 ], [ -171.947720000777394, -13.980717200538322 ], [ -171.947627500109007, -13.980772800224486 ], [ -171.947602800229021, -13.980947800200795 ], [ -171.947407400031466, -13.981105800292426 ], [ -171.94720880004607, -13.981061600412488 ], [ -171.946905900287049, -13.98101420074471 ], [ -171.946863600674618, -13.981077400601521 ], [ -171.946785499950835, -13.98116900014918 ], [ -171.946674800601528, -13.981188000126053 ], [ -171.946534700615928, -13.981077400601521 ], [ -171.946176500644953, -13.981188000126053 ], [ -171.945615300305832, -13.98139140069253 ], [ -171.944975300469707, -13.981837200026689 ], [ -171.945017600082139, -13.982074100339389 ], [ -171.944941699999418, -13.982258500029729 ], [ -171.944763600060071, -13.982475400319402 ], [ -171.944620300286601, -13.982405900711683 ], [ -171.94452260063747, -13.982409100499524 ], [ -171.944428200600953, -13.9825039007344 ], [ -171.944364500721093, -13.982566100545057 ], [ -171.944421200278157, -13.982722500742796 ], [ -171.944382600476615, -13.982791400502663 ], [ -171.944294300541515, -13.982886500211748 ], [ -171.944347499937152, -13.983060500141903 ], [ -171.944200300703301, -13.983238200782296 ], [ -171.94362370037345, -13.983836000830706 ], [ -171.942983100689531, -13.98450870001642 ], [ -171.941896500223265, -13.985240000825343 ], [ -171.941107399986493, -13.985836100255767 ], [ -171.940187700202188, -13.986664100667667 ], [ -171.93928350023333, -13.987495300867408 ], [ -171.938414800102919, -13.98776760029449 ], [ -171.938047000768449, -13.987876900298659 ], [ -171.937573600341352, -13.988259500675383 ], [ -171.936921700675924, -13.988354500559694 ], [ -171.936565400073135, -13.988167600754139 ], [ -171.936353800387565, -13.9880981002471 ], [ -171.936298400350864, -13.98794330084263 ], [ -171.936174700402063, -13.987955900344502 ], [ -171.936155100577395, -13.988047500791481 ], [ -171.936015000591766, -13.987813300243545 ], [ -171.935357300299131, -13.98755460036449 ], [ -171.93499920015293, -13.987305000725144 ], [ -171.934813500042964, -13.987194400301291 ], [ -171.934868900079636, -13.987045900647729 ], [ -171.934702800693657, -13.986840499989057 ], [ -171.934513600422292, -13.986740000750387 ], [ -171.934396700247504, -13.986726800501401 ], [ -171.934372200016981, -13.98665390055703 ], [ -171.93434460072271, -13.986572000197611 ], [ -171.934295400612228, -13.986488000820543 ], [ -171.933991500807082, -13.986454500175 ], [ -171.933915500000296, -13.986318200724327 ], [ -171.933869400752229, -13.986119300365374 ], [ -171.933775000715684, -13.986139500037837 ], [ -171.933737100586683, -13.986274400143429 ], [ -171.933726700826554, -13.986311500775116 ], [ -171.933421600426499, -13.986295300387781 ], [ -171.933376600149955, -13.986731100160114 ], [ -171.933365600542004, -13.987089600504589 ], [ -171.933570800651893, -13.987272900324058 ], [ -171.933688000300947, -13.987566700742605 ], [ -171.933791700226749, -13.987922300773505 ], [ -171.933756900060871, -13.987950300266107 ], [ -171.933648900476356, -13.988037500330336 ], [ -171.933492600103392, -13.98798380001233 ], [ -171.933111600519908, -13.988280800218718 ], [ -171.932922800446846, -13.988603100152886 ], [ -171.932743600636627, -13.988955700045494 ], [ -171.933030200183566, -13.989133900708907 ], [ -171.9330400000959, -13.989383500348197 ], [ -171.933173499957036, -13.989497300559947 ], [ -171.93335580062967, -13.989446700205008 ], [ -171.933446600680043, -13.989477600011185 ], [ -171.933427499979103, -13.989601500508797 ], [ -171.933616300052165, -13.989639500462545 ], [ -171.933557700227652, -13.989734199973327 ], [ -171.933462800168058, -13.98994230039682 ], [ -171.933336300629747, -13.98990800025399 ], [ -171.933245100381043, -13.989816400706275 ], [ -171.933277700805235, -13.98975000016236 ], [ -171.933163700044702, -13.989737400660488 ], [ -171.933027000395725, -13.989778500577302 ], [ -171.932938999934862, -13.989686800305549 ], [ -171.932965100059306, -13.989598400545731 ], [ -171.932903200622178, -13.989513100748979 ], [ -171.93283160019817, -13.989525700250795 ], [ -171.93275020076112, -13.989389800099161 ], [ -171.932600400687903, -13.989358200620416 ], [ -171.932545000651231, -13.989421400477227 ], [ -171.932440800702352, -13.989424600265068 ], [ -171.932392000790173, -13.989386700136038 ], [ -171.932362699978597, -13.989314000740478 ], [ -171.932079400044245, -13.989241300445599 ], [ -171.931811800474179, -13.989265100104262 ], [ -171.931415100526436, -13.989598400545731 ], [ -171.931126700536765, -13.989900400083343 ], [ -171.931243800361074, -13.990038800350305 ], [ -171.931288100065728, -13.990091300073402 ], [ -171.93130370060527, -13.990333900289215 ], [ -171.931431400738518, -13.990432500159727 ], [ -171.931346700789589, -13.990571600099202 ], [ -171.931122100504496, -13.990739000804183 ], [ -171.930842000358012, -13.990789600259802 ], [ -171.93082250035809, -13.990893800208653 ], [ -171.93082250035809, -13.990994900194437 ], [ -171.930662900372539, -13.991152900286068 ], [ -171.930679200584621, -13.991317200128663 ], [ -171.930622599953011, -13.991384700543449 ], [ -171.930578600621885, -13.991437100441772 ], [ -171.930048300088941, -13.991598900169038 ], [ -171.929627400284261, -13.991724800758902 ], [ -171.92920030055339, -13.992120900858822 ], [ -171.928814600213599, -13.992819500519488 ], [ -171.928578500297533, -13.993247100273436 ], [ -171.928581300786362, -13.993744600732668 ], [ -171.92844770020119, -13.994044000330291 ], [ -171.928318800372324, -13.994258500329465 ], [ -171.928028599939921, -13.994231700532509 ], [ -171.927584600149146, -13.994364700370568 ], [ -171.927371500394401, -13.994383600522724 ], [ -171.927169600796418, -13.99443730084073 ], [ -171.926782100013867, -13.994649000351046 ], [ -171.926072700394769, -13.995203100542597 ], [ -171.92604460017813, -13.995407300606416 ], [ -171.926083700002721, -13.99552110081811 ], [ -171.926059300496291, -13.995609500577928 ], [ -171.926060900390212, -13.995688500623771 ], [ -171.92596159994784, -13.995777000208363 ], [ -171.925831300773893, -13.995827500738528 ], [ -171.925598500470386, -13.995765900775666 ], [ -171.925096394582908, -13.993227938418556 ], [ -171.922533430173644, -13.98116692631254 ], [ -171.919819701617911, -13.968955151858722 ], [ -171.916653686018776, -13.953577361805742 ], [ -171.906854114525743, -13.950562108554436 ], [ -171.90489419950768, -13.948300668840773 ], [ -171.901878947155666, -13.939707197928783 ], [ -171.89735606772831, -13.927193897880045 ], [ -171.892983950648784, -13.914529835483449 ], [ -171.89011945974525, -13.905484076628795 ], [ -171.891024035630721, -13.903373399262932 ], [ -171.902180471851267, -13.898096707197226 ], [ -171.908210978353935, -13.888598660399794 ], [ -171.906854114525743, -13.87095942973383 ], [ -171.905195725102601, -13.85693850350907 ] ] ] ] } },
{ "type": "Feature", "properties": { "shapeName": "Aiga-i-le-Tai", "shapeISO": "", "shapeID": "40696546B9385579031596", "shapeGroup": "WSM", "shapeType": "ADM1" }, "geometry": { "type": "MultiPolygon", "coordinates": [ [ [ [ -172.107379500763329, -13.841298900124116 ], [ -172.107881500530794, -13.840510100260872 ], [ -172.108175600423607, -13.840417800141324 ], [ -172.108435900196611, -13.840514500643621 ], [ -172.108756400587396, -13.840634700431053 ], [ -172.109002000042238, -13.840703900564506 ], [ -172.109241500294985, -13.840940300854129 ], [ -172.109510400284705, -13.841343700751167 ], [ -172.109821300412648, -13.841467400699912 ], [ -172.11020210034664, -13.841618900491824 ], [ -172.110395900650275, -13.841523700058644 ], [ -172.110666800732247, -13.841512400077136 ], [ -172.110928300200868, -13.841560000293725 ], [ -172.111084700398578, -13.841480600049579 ], [ -172.111264500056592, -13.841430700266585 ], [ -172.111610100525695, -13.841727700472973 ], [ -172.111787600617248, -13.841845600693887 ], [ -172.111904300243225, -13.84199070001074 ], [ -172.112431999936831, -13.842276400235619 ], [ -172.113400900730966, -13.842302800733648 ], [ -172.113974700571958, -13.842491100783604 ], [ -172.114682800670693, -13.842518000405335 ], [ -172.115850100002092, -13.842560900764909 ], [ -172.116171300065417, -13.842902300500725 ], [ -172.117802400460391, -13.843163400670335 ], [ -172.118116200002589, -13.843557800152325 ], [ -172.118896000350105, -13.84376400030834 ], [ -172.119245699929081, -13.843674400852876 ], [ -172.119568400061581, -13.843799900345061 ], [ -172.119855200157332, -13.844050900228808 ], [ -172.120124199971826, -13.84417640062037 ], [ -172.120446900104326, -13.844194300726372 ], [ -172.120661999951324, -13.844310800702829 ], [ -172.12086820010731, -13.84442740050406 ], [ -172.121432900607857, -13.844382500052291 ], [ -172.121683900491576, -13.844445300610062 ], [ -172.122078400697603, -13.844373600361337 ], [ -172.122431200239674, -13.844438100637774 ], [ -172.122634200607848, -13.84471420059981 ], [ -172.122804500727113, -13.8448487005071 ], [ -172.122858299970545, -13.845081800284788 ], [ -172.123005200629478, -13.845359000117696 ], [ -172.1229479003253, -13.845861700457078 ], [ -172.12277400021992, -13.846256900335618 ], [ -172.122526600322317, -13.846399500436576 ], [ -172.122230800710867, -13.846399500436576 ], [ -172.121620000062933, -13.846638100467942 ], [ -172.12094890077114, -13.846354700708844 ], [ -172.12057240049586, -13.846345700293796 ], [ -172.120015200341186, -13.846568200661864 ], [ -172.119151300791884, -13.847142500525933 ], [ -172.118399200462704, -13.847896500223271 ], [ -172.117603300451918, -13.849080400140281 ], [ -172.117374699982378, -13.849676700119574 ], [ -172.117336100180864, -13.849862200580048 ], [ -172.117425499986808, -13.850024000307315 ], [ -172.117373200812551, -13.850260800795297 ], [ -172.117763000262215, -13.850896400248644 ], [ -172.117864800819888, -13.850987300123734 ], [ -172.118114600108669, -13.851210200690161 ], [ -172.118000800796295, -13.851674000854416 ], [ -172.117856200603143, -13.85203800055325 ], [ -172.117583800451996, -13.852236600538617 ], [ -172.117648200004396, -13.8525796999931 ], [ -172.117676900068858, -13.852817900725483 ], [ -172.117452500332604, -13.853092200244816 ], [ -172.117120600135564, -13.853274600742168 ], [ -172.116974200399, -13.853576400630345 ], [ -172.116872600390167, -13.853785800574201 ], [ -172.116823800477988, -13.854119300665161 ], [ -172.116673400556977, -13.85440550001374 ], [ -172.116602300155989, -13.854703500266282 ], [ -172.116224700009866, -13.854825900694721 ], [ -172.116110200125604, -13.855088400209468 ], [ -172.116197800388164, -13.855256200213432 ], [ -172.116448800271883, -13.855390700120665 ], [ -172.116493599999615, -13.855561000239902 ], [ -172.11620850052185, -13.855696300543798 ], [ -172.115737700034799, -13.855599600041444 ], [ -172.115650999993619, -13.855785100501919 ], [ -172.115462699943606, -13.855874800681477 ], [ -172.115256500686939, -13.855892700787479 ], [ -172.115265500202639, -13.856072000422444 ], [ -172.114745799978664, -13.856262400389426 ], [ -172.11441650062099, -13.856138000768055 ], [ -172.114156300672704, -13.856144000145434 ], [ -172.113729500416071, -13.856294000767491 ], [ -172.113457100264952, -13.85650910061446 ], [ -172.113383899946996, -13.856884100820537 ], [ -172.112578900595764, -13.857353800537396 ], [ -172.112292300149505, -13.857482000693722 ], [ -172.112121200532954, -13.857688800697531 ], [ -172.111997600408898, -13.857969500691866 ], [ -172.111859400690776, -13.857967500599614 ], [ -172.111772000077707, -13.857853100540126 ], [ -172.111402000102203, -13.857902400475382 ], [ -172.111276400785243, -13.858115800603684 ], [ -172.111052300523227, -13.858124800119356 ], [ -172.11079230022446, -13.858008300142899 ], [ -172.110541300340714, -13.858044100354903 ], [ -172.110408500152147, -13.858172300511228 ], [ -172.110164800065434, -13.858080000391681 ], [ -172.108972600305236, -13.858635800301897 ], [ -172.108798700199827, -13.858896800646789 ], [ -172.108793300670271, -13.859254300045848 ], [ -172.108421400427261, -13.859434300252701 ], [ -172.108138899990223, -13.859343900400631 ], [ -172.107734900245418, -13.859290100257851 ], [ -172.107377100472775, -13.859495400192543 ], [ -172.106997000211351, -13.859505300828914 ], [ -172.106724600060204, -13.859647400007475 ], [ -172.106324200301572, -13.859915799974146 ], [ -172.106155500076227, -13.860144700817216 ], [ -172.106177800565007, -13.860336100830352 ], [ -172.106200199979213, -13.860604500797024 ], [ -172.106086299942774, -13.860681500750616 ], [ -172.105877700395524, -13.860688400349375 ], [ -172.105561000539723, -13.861039099974448 ], [ -172.105430000793888, -13.861232900278083 ], [ -172.105139200513662, -13.86123390032418 ], [ -172.105001800292825, -13.861091100573788 ], [ -172.104849700653148, -13.861072700444709 ], [ -172.104774000219919, -13.86085460045939 ], [ -172.105284500379355, -13.859994200172139 ], [ -172.105503400761307, -13.859908700725896 ], [ -172.105548200489039, -13.859657700842149 ], [ -172.105463900738414, -13.859275200290199 ], [ -172.105096200329342, -13.858844000550164 ], [ -172.10510450017253, -13.858652700361802 ], [ -172.105020700444953, -13.858596200454258 ], [ -172.104868700629993, -13.858486900450032 ], [ -172.104663400695358, -13.858252100054301 ], [ -172.104528000566745, -13.858124700294638 ], [ -172.10446419996282, -13.858064600400951 ], [ -172.104293200171014, -13.857533199997135 ], [ -172.104003800135246, -13.857129200252359 ], [ -172.103662500224175, -13.856824300401115 ], [ -172.103294500340894, -13.856634200807662 ], [ -172.103120600235485, -13.856525200277702 ], [ -172.103056200683085, -13.856305000375414 ], [ -172.102885800739074, -13.856027200694712 ], [ -172.102699700430804, -13.855895400552242 ], [ -172.1025542000163, -13.85562380079773 ], [ -172.102389100676419, -13.855507200097179 ], [ -172.102183100169896, -13.855405800637129 ], [ -172.10197620034134, -13.855352900715729 ], [ -172.101894600355507, -13.855250500310319 ], [ -172.101799600471168, -13.855174400578051 ], [ -172.1017600006235, -13.855027500818437 ], [ -172.101625200342681, -13.854730700261541 ], [ -172.101711200711321, -13.854651500566263 ], [ -172.101760500646549, -13.854288400189489 ], [ -172.101814300789329, -13.854014999992216 ], [ -172.101881400106492, -13.853536000386043 ], [ -172.101894900729064, -13.853185800784047 ], [ -172.101772300651135, -13.852822500757782 ], [ -172.101635200803855, -13.852541700039353 ], [ -172.101572200596564, -13.852154900728067 ], [ -172.101424300790825, -13.851993500299727 ], [ -172.101397400269775, -13.851886000738318 ], [ -172.101446700205031, -13.851612600541046 ], [ -172.101343600127024, -13.851245000856068 ], [ -172.101285400500814, -13.851083700252502 ], [ -172.101263000187288, -13.85079230012451 ], [ -172.101079200344799, -13.850617500697069 ], [ -172.101054700114304, -13.850436200070533 ], [ -172.101267400570066, -13.85009310061605 ], [ -172.101392900062251, -13.849940700602815 ], [ -172.101496000140259, -13.849900400183287 ], [ -172.101608100633314, -13.849667300405542 ], [ -172.101764999954753, -13.84947459997278 ], [ -172.101936800143193, -13.849178400162998 ], [ -172.102011500530296, -13.848959100482034 ], [ -172.102069799981251, -13.848681200077294 ], [ -172.102177300442037, -13.848519900373049 ], [ -172.102279500298664, -13.84846100017495 ], [ -172.102392500113751, -13.848354000636562 ], [ -172.102459700155009, -13.848170300618847 ], [ -172.102553800717288, -13.848197200240577 ], [ -172.102612100168272, -13.847986500776358 ], [ -172.102529400311539, -13.847598800344315 ], [ -172.10269730014025, -13.847448700796861 ], [ -172.102856800301055, -13.847393200036095 ], [ -172.103512100303163, -13.846842300531705 ], [ -172.104687300178739, -13.845315200436119 ], [ -172.105296900231735, -13.844472500605377 ], [ -172.105552900346055, -13.844260200347946 ], [ -172.10590540041386, -13.843777800405121 ], [ -172.106133100662049, -13.843480900023451 ], [ -172.106276800633822, -13.843199400531887 ], [ -172.106129500675877, -13.842707900349296 ], [ -172.106054000791488, -13.842538900649686 ], [ -172.106132300265415, -13.84221170030969 ], [ -172.106474100199534, -13.841962300319835 ], [ -172.10683370041491, -13.84198400006153 ], [ -172.107379500763329, -13.841298900124116 ] ] ], [ [ [ -172.066775500688777, -13.862329900504449 ], [ -172.066818400149032, -13.862426300633217 ], [ -172.066796900056858, -13.862538300402207 ], [ -172.066948500572806, -13.862694200576868 ], [ -172.067442999994427, -13.862851400271836 ], [ -172.068823000680908, -13.863733600125499 ], [ -172.068946500080898, -13.863589500854744 ], [ -172.069225400531792, -13.863779700272914 ], [ -172.069083700652243, -13.863986700825535 ], [ -172.070201500398895, -13.8652185004334 ], [ -172.070353700762666, -13.865028400840004 ], [ -172.070857800447101, -13.865397700243648 ], [ -172.071675100725287, -13.865700000154845 ], [ -172.072134600331509, -13.865590100302825 ], [ -172.07250420010871, -13.866109000130223 ], [ -172.072824900148987, -13.866211400535633 ], [ -172.07302010069705, -13.866004399983012 ], [ -172.073032200175874, -13.865782900560362 ], [ -172.072822900056764, -13.865639100763815 ], [ -172.073001200544951, -13.865643000224225 ], [ -172.0731404003092, -13.865661700726889 ], [ -172.073315599934972, -13.866116900674399 ], [ -172.072616600076003, -13.866752500127745 ], [ -172.071925600585985, -13.867927000330781 ], [ -172.071726500577512, -13.868462700393252 ], [ -172.071855900429426, -13.868624200646309 ], [ -172.071900500507667, -13.868580900088432 ], [ -172.071971900382863, -13.868579400019257 ], [ -172.072022500737802, -13.868614100360389 ], [ -172.072024600654771, -13.868698100636777 ], [ -172.072009099939976, -13.86881050060407 ], [ -172.072000200249022, -13.868905900686741 ], [ -172.071942200272304, -13.869004100358893 ], [ -172.071936199995605, -13.869241000671593 ], [ -172.072052300673107, -13.869249599989018 ], [ -172.072043700456391, -13.869295300837393 ], [ -172.071949100770354, -13.86980040056801 ], [ -172.071775500139182, -13.869815800558683 ], [ -172.071607000462677, -13.869859200042015 ], [ -172.071614000785473, -13.870037200156617 ], [ -172.071618800467235, -13.870546700269983 ], [ -172.071715000047192, -13.871186200083002 ], [ -172.072005800327389, -13.871990900859316 ], [ -172.07224980078766, -13.872087200264048 ], [ -172.072306199971138, -13.872566400418975 ], [ -172.072174700202225, -13.872803300731675 ], [ -172.072110400474571, -13.873006500749341 ], [ -172.071911900313921, -13.873115800753567 ], [ -172.072028900313484, -13.874455200646935 ], [ -172.070736100590551, -13.875310200505282 ], [ -172.070212700555658, -13.875789400660267 ], [ -172.069814000515692, -13.876168300326754 ], [ -172.068953800777251, -13.877418600787735 ], [ -172.068483400488503, -13.878596700077594 ], [ -172.068054199941344, -13.879828900783082 ], [ -172.067054800438655, -13.881994400820872 ], [ -172.067290099958115, -13.882154000806452 ], [ -172.067264100557765, -13.882442400796094 ], [ -172.067385600764823, -13.88254320040835 ], [ -172.067362200405199, -13.882645000066645 ], [ -172.067260900769924, -13.88266900027412 ], [ -172.066757800232267, -13.882492700777448 ], [ -172.066357200824143, -13.883292700797483 ], [ -172.066524900104042, -13.88339420008225 ], [ -172.066396000275176, -13.883581000063032 ], [ -172.066254600769184, -13.883542200611998 ], [ -172.065704400038015, -13.884777000358213 ], [ -172.065927500253906, -13.88491160009022 ], [ -172.065761200319116, -13.885491000009608 ], [ -172.06548950073983, -13.885457800636971 ], [ -172.065367500509723, -13.885693400529988 ], [ -172.065518500278529, -13.88579870034971 ], [ -172.06547960010343, -13.886031200279604 ], [ -172.065291300053417, -13.886079500168762 ], [ -172.065225400431871, -13.886266200324826 ], [ -172.065278600726828, -13.886473800725298 ], [ -172.065593400315151, -13.886371900342908 ], [ -172.065723700388446, -13.886478700231805 ], [ -172.065739000554402, -13.886602700554135 ], [ -172.065656400522442, -13.886702100821253 ], [ -172.065819500669392, -13.886974700621863 ], [ -172.065945500184654, -13.887605600218251 ], [ -172.066115400105616, -13.887580400315187 ], [ -172.066210500714021, -13.887832100770765 ], [ -172.066196100769417, -13.887927200479851 ], [ -172.06602610012439, -13.887935600147784 ], [ -172.066076700479329, -13.88812250085266 ], [ -172.065856200203456, -13.888626300163594 ], [ -172.065744600632797, -13.889149100350664 ], [ -172.065887900406238, -13.889249900862183 ], [ -172.066174600677243, -13.889844200749224 ], [ -172.066354700708843, -13.89055040058048 ], [ -172.066648300578578, -13.89080180066253 ], [ -172.066735800117044, -13.890974800546587 ], [ -172.066748400518236, -13.891148200628891 ], [ -172.066504400057994, -13.891438800360277 ], [ -172.066504400057994, -13.892266600223365 ], [ -172.066768500365981, -13.892581600360529 ], [ -172.066660300232655, -13.892886900410076 ], [ -172.065216900039871, -13.893762300489755 ], [ -172.065075000510831, -13.893660500831402 ], [ -172.064824400825415, -13.893764000208421 ], [ -172.050983206809519, -13.882869679492046 ], [ -172.03635923029421, -13.881814341258803 ], [ -172.026107369959135, -13.873371632694671 ], [ -172.011483392544505, -13.873371632694671 ], [ -172.024448980535993, -13.854526301447606 ], [ -172.0345465999456, -13.830021500591727 ], [ -172.036129500276189, -13.829297000456165 ], [ -172.036264400381754, -13.829321400861886 ], [ -172.036443100168924, -13.829589400630312 ], [ -172.036546100422157, -13.82956850038596 ], [ -172.036709100744389, -13.82978680002077 ], [ -172.036734900495247, -13.829863500500096 ], [ -172.036402600099876, -13.830001700218247 ], [ -172.03644319999367, -13.830114500383843 ], [ -172.036492100629914, -13.830227600023704 ], [ -172.036590600675652, -13.830259800249564 ], [ -172.036781399941617, -13.830225000083658 ], [ -172.036894400656024, -13.830253600323374 ], [ -172.037391600741756, -13.831134300107806 ], [ -172.037149100350661, -13.831770100109964 ], [ -172.037758100555862, -13.832003500261294 ], [ -172.038474200124199, -13.832882800700645 ], [ -172.038572700169937, -13.832921300677413 ], [ -172.039183999941628, -13.833631400868398 ], [ -172.039186000033851, -13.833846800189633 ], [ -172.039481099972761, -13.834313900865766 ], [ -172.039719600179382, -13.83435150062121 ], [ -172.040106600039536, -13.834656600121946 ], [ -172.040222500168227, -13.834805300324319 ], [ -172.040147500306858, -13.834897400794375 ], [ -172.040127400459141, -13.834974600397459 ], [ -172.040217499937654, -13.835092300069562 ], [ -172.04032640064284, -13.83506910025875 ], [ -172.04053730065587, -13.835169400747191 ], [ -172.040549999982488, -13.83523499999518 ], [ -172.040254600569341, -13.835405000640208 ], [ -172.040247800795356, -13.835537800828774 ], [ -172.041227000625554, -13.837079900716788 ], [ -172.041314800537577, -13.837062700283354 ], [ -172.041463000716874, -13.837252600227259 ], [ -172.041430400292711, -13.837366800637312 ], [ -172.041672500485475, -13.837555300336817 ], [ -172.041845900567836, -13.837593900138359 ], [ -172.04197440019837, -13.837638800590128 ], [ -172.041880500184902, -13.837744700257645 ], [ -172.041727400499099, -13.837771700603469 ], [ -172.041713100379241, -13.837960100478199 ], [ -172.041792400798641, -13.838080000791365 ], [ -172.041788400614166, -13.838155000652705 ], [ -172.04167030074376, -13.838212800080612 ], [ -172.041674600402473, -13.83828710026944 ], [ -172.041912300212459, -13.838298500075666 ], [ -172.041995900290544, -13.838448399973629 ], [ -172.042177100192987, -13.83852400058214 ], [ -172.041993700548801, -13.838693200830505 ], [ -172.041794500715611, -13.838748300493648 ], [ -172.04149460019562, -13.838727000050937 ], [ -172.0413897005742, -13.83879750060413 ], [ -172.041410700643297, -13.839121800630551 ], [ -172.04181980044342, -13.840001100170582 ], [ -172.042807800139826, -13.841389200151411 ], [ -172.043224300461077, -13.840995600166764 ], [ -172.04330150006416, -13.841066800392468 ], [ -172.043207600050664, -13.841189500295172 ], [ -172.04330150006416, -13.84128940058531 ], [ -172.043365100119246, -13.841228800668546 ], [ -172.043440800552474, -13.841307600165578 ], [ -172.043269700036603, -13.841455999994366 ], [ -172.043095600281703, -13.841686200357799 ], [ -172.043793700818611, -13.84247370070068 ], [ -172.044226800826181, -13.842883900371646 ], [ -172.044378300618064, -13.842759900049316 ], [ -172.044573700815619, -13.842885600090312 ], [ -172.044683900141848, -13.842765300478163 ], [ -172.044967800823315, -13.842966200030048 ], [ -172.044730900510615, -13.843315400485324 ], [ -172.045009800062189, -13.843536900807294 ], [ -172.045091600596862, -13.843458100410942 ], [ -172.045241500494825, -13.843565599972408 ], [ -172.045205200259744, -13.843650400645402 ], [ -172.045317900600594, -13.843721100848086 ], [ -172.045537500655115, -13.843573000493507 ], [ -172.045818800497216, -13.843682300497733 ], [ -172.045779900322117, -13.843867200211093 ], [ -172.046355600430587, -13.844237000537078 ], [ -172.04631230077203, -13.844434600476404 ], [ -172.046645600314179, -13.844657300493964 ], [ -172.046732100705867, -13.844531200254664 ], [ -172.046870600797575, -13.844543800655856 ], [ -172.046952900455977, -13.844749800263003 ], [ -172.047649700573203, -13.845350700274537 ], [ -172.047762100540467, -13.84517420022911 ], [ -172.048004700756309, -13.845304500302404 ], [ -172.048121500207031, -13.845594500185996 ], [ -172.049006800023761, -13.846007600170537 ], [ -172.049168100627327, -13.845716600240848 ], [ -172.049329099957959, -13.845750000162354 ], [ -172.049583000155309, -13.846257600008187 ], [ -172.05225080033415, -13.847439400008284 ], [ -172.054523100260838, -13.848582500382065 ], [ -172.055263300760686, -13.849729800589785 ], [ -172.055735100394543, -13.849759200326787 ], [ -172.056964300062361, -13.850658500789109 ], [ -172.057509700212478, -13.851578900246011 ], [ -172.057531300129369, -13.851805800097566 ], [ -172.057907000008015, -13.852202100746297 ], [ -172.05805500053782, -13.852104200548354 ], [ -172.058933700230057, -13.853024500180481 ], [ -172.049927868576248, -13.863722822650118 ], [ -172.053244646523183, -13.873371632694671 ], [ -172.050229394171168, -13.877442224179276 ], [ -172.055656849483995, -13.877291460932156 ], [ -172.066775500688777, -13.862329900504449 ] ] ], [ [ [ -172.150359399966305, -13.81822560053098 ], [ -172.150402300325879, -13.81819960023131 ], [ -172.150438500736186, -13.818140700033211 ], [ -172.150459999929012, -13.818119900512954 ], [ -172.150552500597399, -13.818191800411228 ], [ -172.150654400080469, -13.818204800111403 ], [ -172.150756400287605, -13.818217800710897 ], [ -172.150885100466979, -13.818262100415552 ], [ -172.150933400356109, -13.818275100115727 ], [ -172.150973600051572, -13.818316800779712 ], [ -172.151024600604813, -13.818358500544321 ], [ -172.151113100189406, -13.818371500244496 ], [ -172.15122570070551, -13.818426200608599 ], [ -172.151252600327211, -13.818407900304294 ], [ -172.151241800368751, -13.818353300664228 ], [ -172.151294100442357, -13.818286600646047 ], [ -172.151288800737547, -13.818244899982119 ], [ -172.151268699990482, -13.818186600531135 ], [ -172.151337100626677, -13.818195400397371 ], [ -172.151389400700253, -13.818262100415552 ], [ -172.151436300344955, -13.818325600645892 ], [ -172.1514578004371, -13.818409000175166 ], [ -172.151492600603007, -13.818487099999629 ], [ -172.151484600234085, -13.818573100368269 ], [ -172.151512700450752, -13.81865800086598 ], [ -172.151552999970932, -13.81873870063049 ], [ -172.151583799952391, -13.81877620056116 ], [ -172.151495300367799, -13.818846600390259 ], [ -172.151402800598731, -13.818855900279516 ], [ -172.151292800022674, -13.818858500219562 ], [ -172.151180100581144, -13.818939300708109 ], [ -172.151247200797656, -13.819038300776924 ], [ -172.151341100811123, -13.819202300245934 ], [ -172.151435000824591, -13.819275300015022 ], [ -172.151579800667236, -13.819324800499089 ], [ -172.151652200588558, -13.819348200858713 ], [ -172.151818500523348, -13.819395100503414 ], [ -172.151968700794868, -13.819387300683331 ], [ -172.152132300065574, -13.819350800798759 ], [ -172.152365700216876, -13.819293500494609 ], [ -172.152494400396222, -13.819246600849908 ], [ -172.152617799971466, -13.819184100665666 ], [ -172.15274120044603, -13.819132000241552 ], [ -172.152686200607633, -13.819054900463243 ], [ -172.152650000197326, -13.818991400232903 ], [ -172.152625900165134, -13.818928900048661 ], [ -172.152611100022227, -13.818896000150232 ], [ -172.152589599930053, -13.818859600090434 ], [ -172.152601700308196, -13.818790800155284 ], [ -172.152572200746448, -13.818743900510526 ], [ -172.152494400396222, -13.818694500750553 ], [ -172.152466300179583, -13.818635600552454 ], [ -172.152415300525661, -13.818635600552454 ], [ -172.152365700216876, -13.8186267008615 ], [ -172.152321400512193, -13.818617400072924 ], [ -172.152340199940255, -13.818580900188351 ], [ -172.152400500382754, -13.818561600737212 ], [ -172.152419300710136, -13.818533000497553 ], [ -172.152399199963071, -13.818484500059583 ], [ -172.152401900627183, -13.818442800294974 ], [ -172.152444800087437, -13.818401200355083 ], [ -172.1524864000273, -13.81838450084399 ], [ -172.152527999967191, -13.818362100530464 ], [ -172.152568200561973, -13.818380300110732 ], [ -172.152581600460479, -13.818419400834614 ], [ -172.15264460066777, -13.818413200009104 ], [ -172.152690200792108, -13.818410600069114 ], [ -172.152798900049163, -13.818375100230639 ], [ -172.152828400510259, -13.818369900350547 ], [ -172.152883300523882, -13.818381900004624 ], [ -172.152912900809696, -13.818444400188866 ], [ -172.152942400371444, -13.818483500013485 ], [ -172.153022800661688, -13.818517300133237 ], [ -172.153097900347802, -13.81852780061746 ], [ -172.153162300799522, -13.818514700193191 ], [ -172.15319180036127, -13.818488700792841 ], [ -172.153213300453416, -13.818467900373264 ], [ -172.153264200282592, -13.818467900373264 ], [ -172.1533259000702, -13.818483500013485 ], [ -172.15339030052192, -13.818499100553026 ], [ -172.15342780045259, -13.818493900672934 ], [ -172.153462700443242, -13.818509500313155 ], [ -172.153519000701294, -13.818535600437542 ], [ -172.153553900691946, -13.818533000497553 ], [ -172.15360490034584, -13.818530400557506 ], [ -172.153669200073494, -13.81852780061746 ], [ -172.153748400668121, -13.818481900119536 ], [ -172.153799300497298, -13.818461100599279 ], [ -172.153844900621635, -13.818463700539326 ], [ -172.15388780008189, -13.818513200124016 ], [ -172.153930700441435, -13.818583500128398 ], [ -172.153958900482849, -13.818694500750553 ], [ -172.153980400574994, -13.818733500750398 ], [ -172.153999100178311, -13.81885330033947 ], [ -172.154009900136742, -13.818936700768063 ], [ -172.154004500607186, -13.819009600712434 ], [ -172.154034000168934, -13.819048700537053 ], [ -172.154058200025872, -13.819103400001836 ], [ -172.154111800519161, -13.819168500126125 ], [ -172.154174800726452, -13.819226800476429 ], [ -172.154213700002231, -13.819257000610037 ], [ -172.15423650051406, -13.819310200005702 ], [ -172.15437060022299, -13.819388300729429 ], [ -172.154424300541024, -13.819419600733966 ], [ -172.154447100153533, -13.819475800267924 ], [ -172.154455100522455, -13.819514900092543 ], [ -172.154500700646793, -13.819577400276728 ], [ -172.154549000535923, -13.819608700281265 ], [ -172.154632100590931, -13.819606100341218 ], [ -172.15470320009257, -13.819588900807105 ], [ -172.154723299940315, -13.819587800036913 ], [ -172.154775600013892, -13.819565400622707 ], [ -172.154774300493557, -13.819603400576455 ], [ -172.154752800401383, -13.819699800705166 ], [ -172.154734100798095, -13.819738900529785 ], [ -172.154736800562858, -13.819798800773981 ], [ -172.154755500166175, -13.819835300658553 ], [ -172.154803800055305, -13.819843100478636 ], [ -172.154854800608547, -13.819892600063383 ], [ -172.154903100497677, -13.81996810084712 ], [ -172.154954000326825, -13.82005140055162 ], [ -172.154988900317477, -13.820147800680388 ], [ -172.155050600105085, -13.820207700025264 ], [ -172.155143100773444, -13.820268700140332 ], [ -172.155175300099984, -13.820276500859791 ], [ -172.155203500141397, -13.820288400689094 ], [ -172.155224900408797, -13.820332700393749 ], [ -172.15525840015502, -13.82039110056877 ], [ -172.155342900454457, -13.820494200646806 ], [ -172.155377800445109, -13.820530700531378 ], [ -172.155487800121847, -13.820608800355785 ], [ -172.155532000001784, -13.820656700046641 ], [ -172.155566899992408, -13.820680200230981 ], [ -172.1555910000246, -13.820727100775059 ], [ -172.155572300421312, -13.820792199999971 ], [ -172.155529300236992, -13.820846900364131 ], [ -172.155487800121847, -13.820887500257868 ], [ -172.155434100703161, -13.820910900617548 ], [ -172.155347000463678, -13.820930200068631 ], [ -172.155222200644005, -13.820939600681982 ], [ -172.155129699975646, -13.820971900732559 ], [ -172.155003600635638, -13.821000500072955 ], [ -172.154968800469732, -13.821044800676987 ], [ -172.154950000142378, -13.821149000625837 ], [ -172.154955400571254, -13.821240100150476 ], [ -172.1549580005113, -13.82131570075893 ], [ -172.154948600797269, -13.821353700712677 ], [ -172.154998300031508, -13.821451099988224 ], [ -172.155053300769197, -13.821562100610436 ], [ -172.155077400801389, -13.821616800075219 ], [ -172.155125700690519, -13.821681900199508 ], [ -172.155160499957077, -13.821723600863436 ], [ -172.155211500510319, -13.821778200503502 ], [ -172.155273200297927, -13.821848600332601 ], [ -172.155320099942628, -13.821909500622894 ], [ -172.155283900431641, -13.82198660040126 ], [ -172.155265100104259, -13.82204390070541 ], [ -172.155243700736179, -13.822101200110239 ], [ -172.155203500141397, -13.82212990017473 ], [ -172.155187400478127, -13.822161100354435 ], [ -172.155200800376605, -13.822207999999137 ], [ -172.155216900039875, -13.822241900842982 ], [ -172.155259800399449, -13.82226010042325 ], [ -172.155297300330119, -13.822267900243332 ], [ -172.155300000094911, -13.8223174007274 ], [ -172.155286600196405, -13.822356500552019 ], [ -172.155289299961197, -13.822416400796214 ], [ -172.155297300330119, -13.822452800856013 ], [ -172.155316100657501, -13.822497100560724 ], [ -172.155422100149764, -13.822555400011652 ], [ -172.15546770027413, -13.822610100375812 ], [ -172.155501200020325, -13.822661200753771 ], [ -172.15555350009393, -13.822735200569014 ], [ -172.155580300790234, -13.822787200269033 ], [ -172.155599100218268, -13.822847100513229 ], [ -172.155620500485668, -13.822912300462235 ], [ -172.155693000231736, -13.822987800346652 ], [ -172.155746600725024, -13.823042500710812 ], [ -172.155756000439055, -13.823088300484642 ], [ -172.155792199950042, -13.823157100419792 ], [ -172.155811000277424, -13.82319350047959 ], [ -172.15583780007438, -13.823237800184302 ], [ -172.155833800789253, -13.823327900562106 ], [ -172.155812300697079, -13.823395700451158 ], [ -172.155855200157333, -13.823445100211131 ], [ -172.155908900475339, -13.823502400515338 ], [ -172.155949100170801, -13.823572800344436 ], [ -172.155975899967785, -13.823635300528679 ], [ -172.155994700295167, -13.823705600533003 ], [ -172.156026900521027, -13.823799400721725 ], [ -172.156045699949061, -13.823882700426225 ], [ -172.156094000737511, -13.824007700794709 ], [ -172.156120800534495, -13.824104100024158 ], [ -172.15623340015128, -13.824226500452596 ], [ -172.156326000644384, -13.824365600392071 ], [ -172.156326000644384, -13.82447760016106 ], [ -172.156313900266269, -13.824669300547725 ], [ -172.156313900266269, -13.824742200492096 ], [ -172.156332700593623, -13.824796900856256 ], [ -172.15632999992954, -13.824911500565236 ], [ -172.156319300695145, -13.824974000749478 ], [ -172.156297800602999, -13.825073000818293 ], [ -172.156305800072602, -13.825143300822617 ], [ -172.156323299980272, -13.825206800153637 ], [ -172.156277700755254, -13.825373500286787 ], [ -172.156264299957456, -13.825482900115674 ], [ -172.15624280076463, -13.825589700004628 ], [ -172.15625090005895, -13.82565220018887 ], [ -172.156209300119087, -13.825724100087086 ], [ -172.156166400658833, -13.825799599971504 ], [ -172.156088600308635, -13.825797000031457 ], [ -172.156051000553219, -13.82580220081087 ], [ -172.156091300073399, -13.825883000400097 ], [ -172.156120800534495, -13.825948100524386 ], [ -172.156111400820464, -13.826003800035323 ], [ -172.15608460012416, -13.826068900159555 ], [ -172.156033600470266, -13.826149700648102 ], [ -172.1559880003459, -13.826222600592473 ], [ -172.155973300027739, -13.826336100430638 ], [ -172.15595050041523, -13.826431000490231 ], [ -172.155899500761336, -13.826483000190251 ], [ -172.155782800236011, -13.826531500628221 ], [ -172.155695600171782, -13.82655340001935 ], [ -172.155604400822426, -13.826579400319019 ], [ -172.155557500278377, -13.826596600752453 ], [ -172.155529300236992, -13.826644500443308 ], [ -172.155507899969592, -13.826678400387834 ], [ -172.155494500071086, -13.826816400456494 ], [ -172.155491800306322, -13.826907600705169 ], [ -172.155502500440008, -13.82698050064954 ], [ -172.155478400407816, -13.827102900178659 ], [ -172.1554408006524, -13.827162800422855 ], [ -172.155406000486494, -13.827235700367225 ], [ -172.155300000094911, -13.827299800445417 ], [ -172.155153800007838, -13.827376400200649 ], [ -172.155045200575529, -13.827469100518556 ], [ -172.154970099990095, -13.827557600103091 ], [ -172.154940600428347, -13.827620200112108 ], [ -172.154900400732885, -13.827711300536066 ], [ -172.154849400179643, -13.827781600540391 ], [ -172.154787700392035, -13.827818100424963 ], [ -172.154699200807443, -13.827844100724633 ], [ -172.154591899996149, -13.827909300673639 ], [ -172.154484600084203, -13.827971800857881 ], [ -172.154404200693278, -13.828031700202757 ], [ -172.154299600546096, -13.828133200386844 ], [ -172.15418820062493, -13.828181200801737 ], [ -172.154026000699332, -13.828284299980396 ], [ -172.153965600432088, -13.828405100514942 ], [ -172.153862400529334, -13.828401500528798 ], [ -172.153798000077614, -13.828401500528798 ], [ -172.153741700718882, -13.828424899989102 ], [ -172.153720200626736, -13.828469200593076 ], [ -172.153650500470206, -13.82852130011787 ], [ -172.153516300037182, -13.828576000481974 ], [ -172.153431900461811, -13.828605700592561 ], [ -172.15334200063279, -13.828583800302113 ], [ -172.153283000609974, -13.828620300186685 ], [ -172.153228000771605, -13.828715100421505 ], [ -172.153108700306234, -13.828784400379732 ], [ -172.15304160008975, -13.828787000319778 ], [ -172.152880700583836, -13.828805200799309 ], [ -172.152813600367324, -13.828797400079907 ], [ -172.15270900022017, -13.828818200499484 ], [ -172.152592300594165, -13.828884400494644 ], [ -172.152554800663495, -13.828907800854267 ], [ -172.152471600783713, -13.828954700498969 ], [ -172.152364299972447, -13.828996400263634 ], [ -172.152238300457185, -13.829074500088041 ], [ -172.152157800342195, -13.829092700567628 ], [ -172.152097500798988, -13.82907609998199 ], [ -172.152037100531743, -13.829051100627737 ], [ -172.151944600762675, -13.829052600696912 ], [ -172.151825200472587, -13.829079700867453 ], [ -172.151743399937942, -13.829107300161752 ], [ -172.151640100210443, -13.829144800092422 ], [ -172.151573100717997, -13.829204700336618 ], [ -172.151508700266277, -13.829259400700721 ], [ -172.151448400723098, -13.829240100350319 ], [ -172.151410800068334, -13.829214100050649 ], [ -172.151354500709601, -13.829195900470381 ], [ -172.151306200820471, -13.829188000825525 ], [ -172.151268699990482, -13.829185399986159 ], [ -172.151231100235066, -13.829227100650144 ], [ -172.151156000548951, -13.829255800714577 ], [ -172.151101000710582, -13.829251599981319 ], [ -172.151068800484722, -13.8292125001567 ], [ -172.150992400378954, -13.82917500022603 ], [ -172.150928000826553, -13.829133400286139 ], [ -172.150852900241119, -13.829122900701236 ], [ -172.150780500319797, -13.829102100281659 ], [ -172.150678599937407, -13.829042200037463 ], [ -172.150633000712389, -13.829026600397242 ], [ -172.150576600629591, -13.82901880057716 ], [ -172.150506900473061, -13.82904479997751 ], [ -172.150441200500978, -13.829040600143514 ], [ -172.150401000805516, -13.829074500088041 ], [ -172.150360700385988, -13.829090100627582 ], [ -172.150323200455318, -13.829108300207849 ], [ -172.150321800210889, -13.829081300761402 ], [ -172.150321800210889, -13.829050000756865 ], [ -172.150281600515427, -13.829026600397242 ], [ -172.150264200432474, -13.828993800323587 ], [ -172.150211900358897, -13.828943200867968 ], [ -172.150160900704975, -13.828859900264149 ], [ -172.150120700110193, -13.828831200199659 ], [ -172.150016099963011, -13.828807800739355 ], [ -172.149906100286273, -13.828755700315298 ], [ -172.149825600171283, -13.82869060019101 ], [ -172.149737100586691, -13.828667200730706 ], [ -172.149659300236493, -13.828646300486355 ], [ -172.149584200550379, -13.828625500066721 ], [ -172.149503800260135, -13.828560400841752 ], [ -172.149479600403197, -13.828508300417695 ], [ -172.149439400707763, -13.828484800233298 ], [ -172.149391100818633, -13.828458800832948 ], [ -172.149313300468407, -13.828398900588752 ], [ -172.149257000210355, -13.828359800764133 ], [ -172.149176500095365, -13.828307700340076 ], [ -172.149071899948183, -13.828227000575566 ], [ -172.149045100151227, -13.828161900451278 ], [ -172.149031700252749, -13.828104600147128 ], [ -172.148991500557287, -13.828057700502427 ], [ -172.148951200137759, -13.828047300742298 ], [ -172.148862700553167, -13.828010800857726 ], [ -172.148776900733367, -13.827974400797928 ], [ -172.148704500812045, -13.827909300673639 ], [ -172.148669600821393, -13.827846700664679 ], [ -172.148632000166657, -13.827799900844695 ], [ -172.148594500235959, -13.827763400060803 ], [ -172.148546200346829, -13.827734800720407 ], [ -172.148465700231867, -13.827719100356148 ], [ -172.148416100822374, -13.827696700042623 ], [ -172.148397400319737, -13.827649800397921 ], [ -172.148400000259784, -13.827618600218159 ], [ -172.148361100084685, -13.827557600103091 ], [ -172.148353100615083, -13.827534200642788 ], [ -172.148353100615083, -13.827503000463082 ], [ -172.148334300287701, -13.827471700458545 ], [ -172.148315499960319, -13.827430000693937 ], [ -172.148315499960319, -13.827377900269823 ], [ -172.148329000582891, -13.827344100150071 ], [ -172.148278000029649, -13.827305000325453 ], [ -172.148224400435709, -13.827284200805195 ], [ -172.148181400251389, -13.827276400085736 ], [ -172.148135800127051, -13.827268600265654 ], [ -172.148087600062667, -13.827239900201164 ], [ -172.148071500399396, -13.827200800376602 ], [ -172.147983000814804, -13.827159200436711 ], [ -172.147945400160069, -13.827096700252469 ], [ -172.147913199934209, -13.827039400847639 ], [ -172.147867600709191, -13.827008100843159 ], [ -172.147814000215902, -13.827002900063746 ], [ -172.14774160029458, -13.827023700483323 ], [ -172.147641000331873, -13.827024800354195 ], [ -172.147577900299837, -13.827021100543334 ], [ -172.147533700419899, -13.826988300469623 ], [ -172.147506900622943, -13.826944000764968 ], [ -172.147486700051132, -13.826898700114896 ], [ -172.147473300152654, -13.826859600290277 ], [ -172.147450500540145, -13.826811200576401 ], [ -172.147415700374239, -13.826774700691828 ], [ -172.14738210080327, -13.826747700346061 ], [ -172.147383500148379, -13.826712200507586 ], [ -172.147388800752537, -13.826628900803087 ], [ -172.147384800568062, -13.826505400503777 ], [ -172.14737680019914, -13.82645860068385 ], [ -172.14734990057741, -13.82637260031521 ], [ -172.147336500678932, -13.826323100730463 ], [ -172.147309699982628, -13.826252800726138 ], [ -172.147309699982628, -13.826213700002199 ], [ -172.147293600319358, -13.826143399997875 ], [ -172.14726410075761, -13.82609910029322 ], [ -172.147213200029142, -13.826015800588664 ], [ -172.147170200744142, -13.82599240022904 ], [ -172.14713000014936, -13.825955900344468 ], [ -172.147124600619804, -13.825909000699767 ], [ -172.147087100689106, -13.825841300635489 ], [ -172.147022700237386, -13.825823100155901 ], [ -172.146974400348284, -13.825781400391293 ], [ -172.146959700030095, -13.825751200257628 ], [ -172.14694229994717, -13.825679800382431 ], [ -172.146946300131617, -13.825623600848473 ], [ -172.146955700744968, -13.825523500009467 ], [ -172.146953000080856, -13.82547670018954 ], [ -172.146918100090232, -13.825393300660267 ], [ -172.1468618007315, -13.825346400116246 ], [ -172.146837599975242, -13.825281299991957 ], [ -172.146771900003159, -13.825230300338035 ], [ -172.146721000173983, -13.825225100457999 ], [ -172.14669550079671, -13.825182400647236 ], [ -172.146687400603042, -13.825140699983251 ], [ -172.146688799948123, -13.82510530086887 ], [ -172.146702200745949, -13.825076600804437 ], [ -172.146700900326266, -13.824984400509607 ], [ -172.146706200031076, -13.824945300685044 ], [ -172.14669550079671, -13.824903700745153 ], [ -172.14669550079671, -13.824856800201133 ], [ -172.14666330057085, -13.824783900256762 ], [ -172.146617700446484, -13.82476300001241 ], [ -172.146569400557354, -13.824731800731968 ], [ -172.146534600391476, -13.824679700307854 ], [ -172.146513100299302, -13.824653600183467 ], [ -172.146494299971948, -13.824612000243576 ], [ -172.146475500543886, -13.824565100598875 ], [ -172.146454100276486, -13.824518200054854 ], [ -172.146405800387356, -13.824489600714458 ], [ -172.146333400466034, -13.824460900650024 ], [ -172.146297200055699, -13.824430700516359 ], [ -172.146279700148028, -13.82438280082556 ], [ -172.146281100392429, -13.824360400512035 ], [ -172.14629050010646, -13.824341100161575 ], [ -172.146279700148028, -13.824307200217049 ], [ -172.146279700148028, -13.824283800756746 ], [ -172.146294500290935, -13.824251000683091 ], [ -172.146324000752003, -13.824198900258978 ], [ -172.146340100415273, -13.824162400374405 ], [ -172.146360200263018, -13.824127500383781 ], [ -172.146376300825608, -13.82410930080357 ], [ -172.146372300641133, -13.824086900490045 ], [ -172.146332100046351, -13.824071300849823 ], [ -172.146248900166569, -13.824050400605472 ], [ -172.146191200563436, -13.824028600139741 ], [ -172.146130900120909, -13.823998300181358 ], [ -172.1461081005084, -13.823963400190735 ], [ -172.146110800273192, -13.823932200010972 ], [ -172.146117500222431, -13.82390720065672 ], [ -172.146147000683499, -13.823883700472379 ], [ -172.146160400582005, -13.823855100232663 ], [ -172.146183200194514, -13.823799400721725 ], [ -172.146191200563436, -13.823768100717245 ], [ -172.146202000521868, -13.823731600832673 ], [ -172.146202000521868, -13.823674300528523 ], [ -172.146191200563436, -13.823640500408715 ], [ -172.1461725000608, -13.823614400284328 ], [ -172.14614560043907, -13.823588399984601 ], [ -172.146121500406878, -13.823572800344436 ], [ -172.146070500752984, -13.823554500040075 ], [ -172.146046400720792, -13.823507700220148 ], [ -172.146034300342649, -13.823467000501637 ], [ -172.146020900444171, -13.823430600441839 ], [ -172.146016900259724, -13.823359200566586 ], [ -172.146016900259724, -13.823304500202482 ], [ -172.146041000291916, -13.82326800031791 ], [ -172.146045100301109, -13.823232600304209 ], [ -172.146089300181018, -13.823189900493446 ], [ -172.146118800642114, -13.823174300853282 ], [ -172.146143000499052, -13.823145600788791 ], [ -172.146150999968654, -13.823114400609029 ], [ -172.146164400766452, -13.823072700844421 ], [ -172.146148300203862, -13.823057100304879 ], [ -172.146137600070148, -13.823023200360353 ], [ -172.146113500037956, -13.822984100535791 ], [ -172.146083900651462, -13.822924200291538 ], [ -172.146047700241155, -13.82289400015793 ], [ -172.146026299973727, -13.822857600098132 ], [ -172.146020900444171, -13.822834100813054 ], [ -172.146034300342649, -13.822805500573338 ], [ -172.146047700241155, -13.822782000388941 ], [ -172.146081300711444, -13.822754900218399 ], [ -172.146100000314732, -13.822741900518224 ], [ -172.146132200540592, -13.822710700338519 ], [ -172.146148300203862, -13.822676800393992 ], [ -172.146159000337576, -13.822632500689338 ], [ -172.146159000337576, -13.822598700569529 ], [ -172.146148300203862, -13.822544000205426 ], [ -172.146126899936462, -13.82250230044076 ], [ -172.1461081005084, -13.822468400496234 ], [ -172.1461081005084, -13.822426800556343 ], [ -172.146086600416254, -13.822413800856168 ], [ -172.146073200517776, -13.822348600007842 ], [ -172.146081300711444, -13.822314800787353 ], [ -172.146081300711444, -13.822249700663122 ], [ -172.146086600416254, -13.822176699994657 ], [ -172.146094700609922, -13.822124700294637 ], [ -172.146094700609922, -13.822077800649936 ], [ -172.146094700609922, -13.822004799981471 ], [ -172.146100000314732, -13.821939700756559 ], [ -172.1461081005084, -13.821898100816668 ], [ -172.146100000314732, -13.821840800512462 ], [ -172.14614030073426, -13.821778200503502 ], [ -172.14617780066493, -13.821705300559131 ], [ -172.146205500683294, -13.821624800444113 ], [ -172.146234200747728, -13.821499600426193 ], [ -172.146261000544712, -13.821385000717157 ], [ -172.146261000544712, -13.821301600288564 ], [ -172.146263700309504, -13.821197400339713 ], [ -172.146277100207982, -13.821121900455296 ], [ -172.146330700701242, -13.821077600750641 ], [ -172.146396400673325, -13.821021400317306 ], [ -172.146403100622564, -13.820973400801734 ], [ -172.146428599999865, -13.820914600428409 ], [ -172.146438000613216, -13.820835400733131 ], [ -172.146502400165616, -13.82073380072427 ], [ -172.146588199985416, -13.820561900711084 ], [ -172.146643200723105, -13.820456200693059 ], [ -172.146704900510713, -13.820375400204512 ], [ -172.146763900533557, -13.820367600384429 ], [ -172.146841699984435, -13.820372800264465 ], [ -172.146927500703555, -13.820362400504337 ], [ -172.146944900786508, -13.820324900573667 ], [ -172.146973099928601, -13.820219200555641 ], [ -172.146994600020747, -13.820096700302429 ], [ -172.147048200514007, -13.820016000537976 ], [ -172.147131300569043, -13.819969099993898 ], [ -172.147213200029142, -13.819942000722733 ], [ -172.147289600134911, -13.819896200049527 ], [ -172.14732850031001, -13.819850900298775 ], [ -172.147474700397083, -13.819760800820234 ], [ -172.147472000632291, -13.819700900576038 ], [ -172.147524300705896, -13.819660699981284 ], [ -172.147555100687327, -13.819643600271888 ], [ -172.147641000331873, -13.819669600571558 ], [ -172.147702700119481, -13.819680000331687 ], [ -172.147815300635585, -13.819641000331842 ], [ -172.147953400528991, -13.819593000816269 ], [ -172.148076800104207, -13.819540900392212 ], [ -172.148149200025529, -13.819457600687656 ], [ -172.148138500791163, -13.819402900323553 ], [ -172.148041999938329, -13.819238800130449 ], [ -172.14801920032582, -13.819174700052315 ], [ -172.147972199957024, -13.819095600181754 ], [ -172.147972199957024, -13.81904350065696 ], [ -172.147995000468882, -13.819015900463398 ], [ -172.14804060059322, -13.819021100343434 ], [ -172.148102300380828, -13.818984600458919 ], [ -172.148166699933228, -13.818942900694253 ], [ -172.148217600661724, -13.818958600159249 ], [ -172.14825520041714, -13.818997600159094 ], [ -172.14834100023694, -13.819021100343434 ], [ -172.148425500536405, -13.819009600712434 ], [ -172.148488500743696, -13.818982000518872 ], [ -172.148515400365397, -13.818896000150232 ], [ -172.14853950039759, -13.818851800270295 ], [ -172.148606600614102, -13.818823100205861 ], [ -172.148751400456746, -13.818830900025944 ], [ -172.148839900041338, -13.818825700145908 ], [ -172.148888199930468, -13.818828300085954 ], [ -172.148917700391536, -13.818797100805511 ], [ -172.149025000303482, -13.818747600321444 ], [ -172.14909470046004, -13.818724100137047 ], [ -172.14923960012743, -13.818679900257166 ], [ -172.149365600542012, -13.818617400072924 ], [ -172.149467600749148, -13.818567900488176 ], [ -172.149534600241594, -13.818502800363888 ], [ -172.149621800305823, -13.818426200608599 ], [ -172.149643200573223, -13.818387100784037 ], [ -172.149723700688213, -13.818348300433684 ], [ -172.14977600076179, -13.818323000705846 ], [ -172.149853800212696, -13.818312600046397 ], [ -172.149936900267704, -13.818302200286269 ], [ -172.150002700064533, -13.818301200240171 ], [ -172.150085800119541, -13.818298600300125 ], [ -172.150155500276099, -13.818275100115727 ], [ -172.150244100584757, -13.818243900835284 ], [ -172.150311100077175, -13.818243900835284 ], [ -172.150359399966305, -13.81822560053098 ] ] ] ] } },
{ "type": "Feature", "properties": { "shapeName": "Atua", "shapeISO": "", "shapeID": "40696546B40781349975951", "shapeGroup": "WSM", "shapeType": "ADM1" }, "geometry": { "type": "MultiPolygon", "coordinates": [ [ [ [ -171.424417700616374, -14.058813200169027 ], [ -171.424560700016258, -14.058769200837901 ], [ -171.424825300347294, -14.05873560036764 ], [ -171.425256200613148, -14.058558400649645 ], [ -171.425580700289061, -14.058365900765637 ], [ -171.4258597005647, -14.058285200101864 ], [ -171.426085000522335, -14.05826180064156 ], [ -171.426461800271824, -14.058340300664327 ], [ -171.426949999942508, -14.058399300687142 ], [ -171.427411800014539, -14.058517500382266 ], [ -171.427709000769738, -14.058590200677202 ], [ -171.428191000514232, -14.058918700537561 ], [ -171.42849880067908, -14.059189400070693 ], [ -171.428660100383297, -14.059460900000488 ], [ -171.428697600313967, -14.059739900276156 ], [ -171.428758600429035, -14.060029200487179 ], [ -171.428662399949758, -14.060306100845821 ], [ -171.428662500673852, -14.060617000074444 ], [ -171.428563000581988, -14.061034000418715 ], [ -171.428339500167766, -14.0614060004865 ], [ -171.428527700393033, -14.061693400430045 ], [ -171.428858000696152, -14.062125800765045 ], [ -171.429181100127636, -14.062487600722136 ], [ -171.429204299938476, -14.062704400287771 ], [ -171.429072800169564, -14.062891000619118 ], [ -171.429091399948135, -14.063057400378682 ], [ -171.429117700621362, -14.063208300322742 ], [ -171.429233200551749, -14.063301600488444 ], [ -171.4292845005792, -14.063494400745924 ], [ -171.429230000763908, -14.063562900307545 ], [ -171.429271600703771, -14.063628200081325 ], [ -171.429264400731483, -14.063681300551536 ], [ -171.429085700044993, -14.06372770017316 ], [ -171.428954200276081, -14.063665500362504 ], [ -171.428867600059675, -14.063550400630447 ], [ -171.428673500281775, -14.063501400169457 ], [ -171.428421900550234, -14.063646900583933 ], [ -171.428264800679983, -14.063832000846105 ], [ -171.428300000144873, -14.064048100739228 ], [ -171.428424600315026, -14.064299600645995 ], [ -171.428463600314871, -14.064583100229868 ], [ -171.428341800633575, -14.064698699984945 ], [ -171.42818140025139, -14.064716900464532 ], [ -171.427989900413536, -14.06463370058475 ], [ -171.427947300427547, -14.064424500290386 ], [ -171.427848300358761, -14.064251300756894 ], [ -171.427520300521422, -14.064206700678653 ], [ -171.427134100158554, -14.064408400627144 ], [ -171.427038000403371, -14.064993700099137 ], [ -171.426852900141199, -14.065534200742718 ], [ -171.42694279997022, -14.065556699981698 ], [ -171.42700630020056, -14.06562710071006 ], [ -171.426954099951729, -14.065726100778875 ], [ -171.426942700145474, -14.065783300358987 ], [ -171.426920100182457, -14.065908600201681 ], [ -171.426833900164326, -14.066104400597567 ], [ -171.426736400164714, -14.066159400435936 ], [ -171.426657300294153, -14.066102500330089 ], [ -171.426489300640696, -14.066053800242628 ], [ -171.426372900488929, -14.066067500514691 ], [ -171.42630339998189, -14.066214400274305 ], [ -171.426282899935842, -14.066324400850363 ], [ -171.426169600646517, -14.06641230058716 ], [ -171.425974600647265, -14.066522300263898 ], [ -171.425815800159029, -14.066693900802818 ], [ -171.425763700634263, -14.066795000788602 ], [ -171.425695700196371, -14.066863199976638 ], [ -171.425639000639336, -14.066865400617701 ], [ -171.425571000201472, -14.066911600589833 ], [ -171.425524100556771, -14.067015599989929 ], [ -171.425407700405032, -14.067050200506287 ], [ -171.425319300645185, -14.06706780023876 ], [ -171.425119700613664, -14.067230500187407 ], [ -171.424904300393109, -14.067443900315709 ], [ -171.424802300185974, -14.067573700365926 ], [ -171.424770500158417, -14.067688000600697 ], [ -171.424682100398599, -14.067732000831143 ], [ -171.424566500643465, -14.067751800305302 ], [ -171.424450800164266, -14.067782600286705 ], [ -171.424301700662937, -14.067882300028089 ], [ -171.42414020040988, -14.068002600539558 ], [ -171.424088000161049, -14.068066300419389 ], [ -171.424044900151983, -14.06818290022062 ], [ -171.424099399967304, -14.068224700709322 ], [ -171.424088000161049, -14.068286300672185 ], [ -171.424006400175188, -14.068299500021851 ], [ -171.423825000623253, -14.068229100192752 ], [ -171.423700300628354, -14.068255500690782 ], [ -171.423559700619649, -14.068328100261567 ], [ -171.423439499932954, -14.068429200247351 ], [ -171.423362400154616, -14.068508400842006 ], [ -171.423218299984541, -14.068512700500662 ], [ -171.423142500625886, -14.068407300856222 ], [ -171.422981500395906, -14.068402900473416 ], [ -171.422779700622669, -14.068402900473416 ], [ -171.422600999936179, -14.06845680044097 ], [ -171.422496299964251, -14.068519400449929 ], [ -171.422335300633591, -14.068534800440659 ], [ -171.422228900043677, -14.068498400380804 ], [ -171.422187899951581, -14.068420500205889 ], [ -171.422049600408712, -14.068398500090666 ], [ -171.421902500100259, -14.068414200454924 ], [ -171.421398800614128, -14.068431399989095 ], [ -171.420813800616372, -14.068413900081396 ], [ -171.420085900144159, -14.06833470038606 ], [ -171.420004800181346, -14.06841270038575 ], [ -171.419861500407876, -14.068660200108127 ], [ -171.419709500592944, -14.068981300346707 ], [ -171.419607500385808, -14.069150700244563 ], [ -171.419549900607393, -14.069194200451932 ], [ -171.419462400169607, -14.069137499995577 ], [ -171.41937169994398, -14.069056100558555 ], [ -171.419281000617644, -14.069060500041985 ], [ -171.419185700359748, -14.069075900032715 ], [ -171.419117700821204, -14.069106700014174 ], [ -171.419018000180529, -14.069150700244563 ], [ -171.418906800808173, -14.069108900655181 ], [ -171.418813899941512, -14.069150700244563 ], [ -171.418748100144683, -14.069106700014174 ], [ -171.418818400149007, -14.069049500434062 ], [ -171.418823800577911, -14.068961100674187 ], [ -171.418875100605391, -14.068906500134801 ], [ -171.418820700614816, -14.068812000273567 ], [ -171.418823000181277, -14.068724000711995 ], [ -171.418823000181277, -14.068598600145208 ], [ -171.418716500665937, -14.068479400403987 ], [ -171.418621100583294, -14.068508400842006 ], [ -171.418589400380483, -14.068578800671048 ], [ -171.418512300602174, -14.068614000135938 ], [ -171.418306000621413, -14.06866680023262 ], [ -171.418224300810806, -14.068596400403521 ], [ -171.418129100377655, -14.06869100008953 ], [ -171.418011200156741, -14.068768000043121 ], [ -171.417934800050944, -14.068766499973947 ], [ -171.417832100171267, -14.068677800739863 ], [ -171.417773100148423, -14.068682200223293 ], [ -171.417727800397643, -14.068609600652508 ], [ -171.417773100148423, -14.068510600583693 ], [ -171.417675600148812, -14.068427000505608 ], [ -171.417512400177088, -14.068303900404658 ], [ -171.41747830058307, -14.06819830021135 ], [ -171.417646100587035, -14.068152100239161 ], [ -171.41765770004281, -14.068098300096437 ], [ -171.417880700433955, -14.068001900866989 ], [ -171.418088299935079, -14.067815600009908 ], [ -171.418147200133149, -14.067732000831143 ], [ -171.418054300165807, -14.067363900223768 ], [ -171.41783020080311, -14.066762000166136 ], [ -171.417554900338359, -14.066326100569029 ], [ -171.417090600151056, -14.066062600108864 ], [ -171.4166857001849, -14.065808000238974 ], [ -171.416492000605302, -14.065701900022646 ], [ -171.416353700163114, -14.065704100663652 ], [ -171.416287900366285, -14.065664500816013 ], [ -171.416276600384776, -14.065569900230685 ], [ -171.416194900574169, -14.065492900277093 ], [ -171.416061700187299, -14.065135900001735 ], [ -171.4158501005017, -14.064706200330818 ], [ -171.415927399929529, -14.06437560055349 ], [ -171.416173800680326, -14.064174700102285 ], [ -171.41648330056384, -14.064160100508161 ], [ -171.416760900595051, -14.064369400627299 ], [ -171.416950099967124, -14.064347699986342 ], [ -171.417168100127697, -14.064462800617719 ], [ -171.417805500023775, -14.064672700584595 ], [ -171.418117300373098, -14.0646836003678 ], [ -171.418459799979757, -14.06476200056585 ], [ -171.418383700247546, -14.064621400557144 ], [ -171.418711700084856, -14.064261500867531 ], [ -171.41892620008403, -14.063970100739539 ], [ -171.41905500008815, -14.063814000016066 ], [ -171.419194500225984, -14.06355380006778 ], [ -171.419355400631218, -14.063283200359365 ], [ -171.419473400676878, -14.063054300415558 ], [ -171.419591400722538, -14.062742100767309 ], [ -171.419988400144518, -14.06178460067872 ], [ -171.420187599977737, -14.061535900361491 ], [ -171.420173200033133, -14.061397500094529 ], [ -171.420096200079541, -14.061288600288606 ], [ -171.420013600047582, -14.061201300399659 ], [ -171.419915000177099, -14.06107870032173 ], [ -171.41986530004354, -14.060993100151393 ], [ -171.419822100209728, -14.060887400133367 ], [ -171.419691500662196, -14.060708000673628 ], [ -171.419448500248052, -14.060529700185441 ], [ -171.419209600742448, -14.060422300448749 ], [ -171.419143800046299, -14.060481400296339 ], [ -171.418978700706447, -14.060487700047247 ], [ -171.418836000780772, -14.060403700670179 ], [ -171.418794300116843, -14.06032750021393 ], [ -171.418706100006489, -14.060276100361705 ], [ -171.418274800441651, -14.060131500168552 ], [ -171.417948699972499, -14.059982500491969 ], [ -171.417899600586082, -14.059932400160108 ], [ -171.417866000115794, -14.059888900852059 ], [ -171.417825900245077, -14.059860900460137 ], [ -171.417803400106806, -14.059815800358876 ], [ -171.417872400590795, -14.059741099971745 ], [ -171.41796869999547, -14.059642800474819 ], [ -171.417955800120041, -14.059571600249114 ], [ -171.417998999953852, -14.059490700835113 ], [ -171.418064800650001, -14.059434700051327 ], [ -171.418151399967115, -14.059391200743278 ], [ -171.41821550004525, -14.059341400784945 ], [ -171.418266800072729, -14.059310300429956 ], [ -171.4183951000538, -14.059276100111902 ], [ -171.418515300740523, -14.059226300153568 ], [ -171.41867410032944, -14.059203000518039 ], [ -171.418694600375488, -14.059131100619766 ], [ -171.418784700753321, -14.059159400485896 ], [ -171.418880900333249, -14.059157900416722 ], [ -171.41898989996389, -14.059072300246442 ], [ -171.419142200152379, -14.05899140083244 ], [ -171.419387500132984, -14.058898100666738 ], [ -171.419493400699849, -14.058882600851291 ], [ -171.419584800598045, -14.058783000035362 ], [ -171.419668799975113, -14.058743600736534 ], [ -171.419833300366491, -14.058672600160321 ], [ -171.419948700472133, -14.05862130013287 ], [ -171.420046499945983, -14.058563700354455 ], [ -171.420134700056337, -14.058529500036343 ], [ -171.420179600508135, -14.058548200538951 ], [ -171.420485800779062, -14.058451700585465 ], [ -171.420620500335787, -14.058459500405547 ], [ -171.420756300662731, -14.058469400142656 ], [ -171.420845000796135, -14.058526400073276 ], [ -171.421099900140263, -14.0584969005115 ], [ -171.421250600434831, -14.058528000866488 ], [ -171.421386900784825, -14.05850930036388 ], [ -171.42173320002712, -14.058588600783253 ], [ -171.421904800566068, -14.058639900810704 ], [ -171.422011700279711, -14.058643500796904 ], [ -171.422142100177751, -14.058521700216261 ], [ -171.422247900020551, -14.058453300479414 ], [ -171.422382600476595, -14.058417500267353 ], [ -171.422464400111949, -14.058431500013683 ], [ -171.42252210061443, -14.058482900765227 ], [ -171.422654800078931, -14.058508300317783 ], [ -171.423032000026751, -14.05861510020668 ], [ -171.423243600611642, -14.058650800593909 ], [ -171.423419999933031, -14.058681900049578 ], [ -171.423418400039111, -14.058638400741529 ], [ -171.423444000140478, -14.058607300386541 ], [ -171.42350170064293, -14.058605700492649 ], [ -171.423599500116808, -14.058647700630843 ], [ -171.423787200319026, -14.058701100575263 ], [ -171.424065700571589, -14.058812600321176 ], [ -171.424176800119199, -14.058786200722523 ], [ -171.424272000552349, -14.058828000311905 ], [ -171.424417700616374, -14.058813200169027 ] ] ], [ [ [ -171.590625300217397, -13.875357100149984 ], [ -171.591097500049557, -13.875073100543091 ], [ -171.591212800330453, -13.874931700137779 ], [ -171.591388900177577, -13.874766700622672 ], [ -171.591508900315461, -13.874671099991247 ], [ -171.591706600079505, -13.874656600221897 ], [ -171.59184009994064, -13.87458200055886 ], [ -171.591923100170902, -13.874511300356176 ], [ -171.592028300165879, -13.874460199978216 ], [ -171.592271100031212, -13.874381600130675 ], [ -171.592364200547394, -13.87440910049952 ], [ -171.592528100191657, -13.874346200116975 ], [ -171.59279510081322, -13.874207000352726 ], [ -171.593042600535568, -13.874071000376318 ], [ -171.593132500364561, -13.874070400528524 ], [ -171.59329420026711, -13.87397460024755 ], [ -171.593382900400513, -13.873882899975797 ], [ -171.593576099957033, -13.873773200672645 ], [ -171.593660500431724, -13.873769000838649 ], [ -171.593756400537416, -13.873727300174721 ], [ -171.593850800573961, -13.87362040046105 ], [ -171.593918100439964, -13.873575900207584 ], [ -171.594048199964419, -13.873537000032456 ], [ -171.594112700240885, -13.873553700442869 ], [ -171.594111299996484, -13.873625900714728 ], [ -171.594258700678466, -13.873616200627112 ], [ -171.594404600391954, -13.873646800059703 ], [ -171.594552000174644, -13.873680100156434 ], [ -171.594785200676455, -13.873720400575962 ], [ -171.595017500057565, -13.873746899999389 ], [ -171.595261700167299, -13.873792600847821 ], [ -171.595556400807226, -13.873802000561852 ], [ -171.595684500239457, -13.873842500630872 ], [ -171.595772500700321, -13.873805100524919 ], [ -171.59584980012815, -13.873746800174615 ], [ -171.59615890071268, -13.873749600663473 ], [ -171.596332000421455, -13.873745400829534 ], [ -171.596447900550146, -13.873728700419122 ], [ -171.596663800793749, -13.873772100801773 ], [ -171.596971700783342, -13.873243400162721 ], [ -171.597046900294174, -13.873137200121619 ], [ -171.597146600035529, -13.87311440050911 ], [ -171.597152299938671, -13.87306330013115 ], [ -171.597534100818081, -13.87307870012188 ], [ -171.597543700181603, -13.873320800314616 ], [ -171.597582700181448, -13.873394900853953 ], [ -171.597642500600898, -13.873438100687736 ], [ -171.597705900107172, -13.87345799998667 ], [ -171.597768599940906, -13.873420500056 ], [ -171.597856000553946, -13.873358700443646 ], [ -171.598016300212066, -13.873344800522091 ], [ -171.598113400013375, -13.873345400369885 ], [ -171.598229500690877, -13.873244800407178 ], [ -171.598436300694686, -13.873262900162672 ], [ -171.59880860023668, -13.87340740053105 ], [ -171.598927299954909, -13.873461500148039 ], [ -171.599174900401295, -13.873458800383276 ], [ -171.599488200819792, -13.873410200120588 ], [ -171.599571200150734, -13.873351800844887 ], [ -171.599622700727025, -13.87331290066976 ], [ -171.599638100717755, -13.873256200213405 ], [ -171.599690000593029, -13.873289300660645 ], [ -171.599675700473171, -13.873351800844887 ], [ -171.599714300274712, -13.873361500033127 ], [ -171.599770100509716, -13.873335100434474 ], [ -171.599813100694007, -13.873414300129809 ], [ -171.599880000361708, -13.873437400115904 ], [ -171.600016199987607, -13.873507400645963 ], [ -171.600272400650738, -13.873568500585804 ], [ -171.600497500059561, -13.873579900392031 ], [ -171.600625800040604, -13.873613000839271 ], [ -171.600857200099682, -13.873790300381984 ], [ -171.600922000749705, -13.873832500169726 ], [ -171.600927700652846, -13.87390050060759 ], [ -171.600930600067102, -13.873945000861056 ], [ -171.60104930068465, -13.874149200025499 ], [ -171.6011381006428, -13.874258900228028 ], [ -171.601231100434916, -13.874303400481494 ], [ -171.601228200121312, -13.874339500167764 ], [ -171.60125400077149, -13.874397800518011 ], [ -171.601236800338029, -13.874438100038219 ], [ -171.601304600227081, -13.874502300840447 ], [ -171.60145710006509, -13.87446730012573 ], [ -171.601748900391414, -13.874476000167249 ], [ -171.601842500031324, -13.874326800841118 ], [ -171.602228400020607, -13.874337500075512 ], [ -171.602357200024727, -13.874321400412271 ], [ -171.602560400042393, -13.874222800541759 ], [ -171.602614700208221, -13.874147800680419 ], [ -171.602786200023075, -13.874079900067272 ], [ -171.603107700459987, -13.874086900390068 ], [ -171.603502200666014, -13.874073900689893 ], [ -171.603742300766527, -13.874024300381109 ], [ -171.603823800028323, -13.874083900251776 ], [ -171.603999800050701, -13.874074200164159 ], [ -171.604129300626681, -13.874149500399085 ], [ -171.604211600285112, -13.874160300357516 ], [ -171.604391399943125, -13.874145300565146 ], [ -171.604636600098985, -13.874199200532644 ], [ -171.604881100582304, -13.874213400827728 ], [ -171.604913799931893, -13.874192700232868 ], [ -171.604963000042403, -13.874161500053162 ], [ -171.60495870038369, -13.873995800865487 ], [ -171.604995899940803, -13.873890300496896 ], [ -171.605160500156927, -13.873694800474595 ], [ -171.605212000733218, -13.873583000355154 ], [ -171.605253400124298, -13.873493000701387 ], [ -171.605425200312709, -13.872883100274805 ], [ -171.605475200819825, -13.872698400210936 ], [ -171.605558200150796, -13.8726178002712 ], [ -171.605727500223935, -13.872351500221498 ], [ -171.605974600647272, -13.872213500152839 ], [ -171.60612920040225, -13.872085700194873 ], [ -171.606250800434054, -13.871964900559647 ], [ -171.606378100369, -13.871912100463021 ], [ -171.606524100806581, -13.871975999992344 ], [ -171.606597500774001, -13.871974000799469 ], [ -171.606794100667173, -13.872051600600855 ], [ -171.606826400717779, -13.872090900074909 ], [ -171.607221000748552, -13.872285400051112 ], [ -171.607346500240766, -13.872271600853651 ], [ -171.607603500401183, -13.872375800802502 ], [ -171.607692500008852, -13.872393500359692 ], [ -171.607857300773787, -13.87246780054852 ], [ -171.608018300104447, -13.872733300201617 ], [ -171.608088500284026, -13.872752800201511 ], [ -171.608127600108645, -13.872821700860754 ], [ -171.608194399951572, -13.87290230080049 ], [ -171.608125600016393, -13.872965100458998 ], [ -171.608107400436154, -13.873045700398734 ], [ -171.608208100223607, -13.873125300292315 ], [ -171.608293100546121, -13.873326100019426 ], [ -171.608471100660751, -13.873548300013965 ], [ -171.608574100014664, -13.873645600364114 ], [ -171.608665900111163, -13.87384439999903 ], [ -171.608811600175187, -13.874120700509877 ], [ -171.608867800608493, -13.874337600799606 ], [ -171.608888300654513, -13.874534100868004 ], [ -171.609068299962047, -13.874934300077825 ], [ -171.609257700782251, -13.875291900200978 ], [ -171.609598600494991, -13.875809900706315 ], [ -171.60957860047202, -13.875887700157193 ], [ -171.609547400292257, -13.875950300166153 ], [ -171.60953170082729, -13.876006800073696 ], [ -171.60958020036594, -13.876030900105889 ], [ -171.609617600471864, -13.875994100747107 ], [ -171.609690200042678, -13.875954300350656 ], [ -171.609794100517291, -13.875962900567345 ], [ -171.610415200201288, -13.876256700086572 ], [ -171.61047999995202, -13.876323800303112 ], [ -171.610723300739721, -13.876637800394121 ], [ -171.610969400217613, -13.876960100328347 ], [ -171.611283200659159, -13.877590200427335 ], [ -171.611792500223686, -13.878027900467202 ], [ -171.612117000798918, -13.877899100463083 ], [ -171.612290399981958, -13.877878300043449 ], [ -171.612620600460303, -13.878001900167533 ], [ -171.612866800662289, -13.878168600300626 ], [ -171.613043199983679, -13.878249200240361 ], [ -171.613437000517138, -13.878625000843044 ], [ -171.613890800220219, -13.879279400623773 ], [ -171.614569200208393, -13.879824800773918 ], [ -171.614865700391732, -13.879965900805644 ], [ -171.615058899948252, -13.880057800726888 ], [ -171.616276200686087, -13.880508600291648 ], [ -171.616558500574314, -13.880494000697524 ], [ -171.616695800071085, -13.880427300679344 ], [ -171.616861800531638, -13.880302300310859 ], [ -171.616943900540548, -13.880380300310549 ], [ -171.616916200522212, -13.880574500812543 ], [ -171.616861800531638, -13.880716200692063 ], [ -171.616843900425636, -13.880990900409699 ], [ -171.616881800554637, -13.881027400294215 ], [ -171.616964800784899, -13.881055200137325 ], [ -171.61701630046187, -13.88118020050581 ], [ -171.616936200545183, -13.881233000602435 ], [ -171.616967700199183, -13.881308000463832 ], [ -171.617105100420019, -13.881421900500243 ], [ -171.617224399986043, -13.881461600172656 ], [ -171.617216699990678, -13.88174140084493 ], [ -171.617240900746935, -13.882337800648941 ], [ -171.618124499945679, -13.883073600766011 ], [ -171.618381100807142, -13.883228300345763 ], [ -171.618598600045317, -13.883273500271798 ], [ -171.618896300823593, -13.883458399985102 ], [ -171.618969700791041, -13.88361390086078 ], [ -171.619176700444342, -13.88381190009909 ], [ -171.619299800545321, -13.883975800642645 ], [ -171.619683300244077, -13.884225900305012 ], [ -171.619955800219969, -13.884294600415444 ], [ -171.620049600408692, -13.88445640014271 ], [ -171.620375800702618, -13.884681500450824 ], [ -171.620698800309356, -13.884864600620801 ], [ -171.620790800055346, -13.884937100366869 ], [ -171.621060400616955, -13.885017900855416 ], [ -171.621346000117796, -13.88497600054194 ], [ -171.621657900291837, -13.88487590060231 ], [ -171.621836700803073, -13.884819000496407 ], [ -171.621912599986473, -13.884887100759045 ], [ -171.621952800581255, -13.884941600574336 ], [ -171.621998200156781, -13.885003100712481 ], [ -171.622238800280371, -13.885003700560276 ], [ -171.622930199968721, -13.884861600482452 ], [ -171.62349650036316, -13.88454770021616 ], [ -171.624801800662539, -13.884026000799224 ], [ -171.625129800499877, -13.883801500338905 ], [ -171.624997800707916, -13.883710600463814 ], [ -171.625004300108344, -13.883616500800827 ], [ -171.625287200743685, -13.883416500571002 ], [ -171.625383099950085, -13.883467800598453 ], [ -171.625833500215833, -13.883089300230949 ], [ -171.626158999937871, -13.882719300255474 ], [ -171.6262347003711, -13.882666700707603 ], [ -171.626281500191055, -13.88249790065754 ], [ -171.626236400089766, -13.882442800095077 ], [ -171.626226300703195, -13.882369800325989 ], [ -171.626281500191055, -13.882324300026369 ], [ -171.626332800218535, -13.882293000021889 ], [ -171.626369200278333, -13.88197070008772 ], [ -171.626406800033777, -13.881680200181052 ], [ -171.6264591999321, -13.881510200435343 ], [ -171.626639600337256, -13.881371700343664 ], [ -171.62698660015144, -13.88062660033728 ], [ -171.62704660022041, -13.880500300448489 ], [ -171.627002800538776, -13.880286900320129 ], [ -171.626853100290333, -13.880263800334092 ], [ -171.626789100036916, -13.880191900435818 ], [ -171.626799700345856, -13.880101800057957 ], [ -171.626902400225561, -13.879692800082637 ], [ -171.626960900225328, -13.879694700350115 ], [ -171.627008700091409, -13.879731100409913 ], [ -171.627250000786887, -13.879577900000015 ], [ -171.627300200044175, -13.879501600618312 ], [ -171.627633200112058, -13.879323899977976 ], [ -171.627738400107063, -13.879384700443552 ], [ -171.628002100216719, -13.879245300130435 ], [ -171.628217700086765, -13.879138200767329 ], [ -171.628344800372219, -13.879102500380043 ], [ -171.628621700730889, -13.878872400740647 ], [ -171.628996800761712, -13.878494300571447 ], [ -171.629180700428947, -13.878114100485277 ], [ -171.629344300598973, -13.87794910007085 ], [ -171.62957990049199, -13.877862900052776 ], [ -171.629760400721892, -13.877819000546367 ], [ -171.629846900214233, -13.877833600140491 ], [ -171.629974799997001, -13.877791400352805 ], [ -171.630161500153093, -13.877700600302433 ], [ -171.630319300595232, -13.877631800367226 ], [ -171.630388700378205, -13.877546500570475 ], [ -171.630418199939953, -13.877113700037171 ], [ -171.630375200654953, -13.876925000688175 ], [ -171.630288700263293, -13.876732500804223 ], [ -171.630167200056206, -13.876523400334634 ], [ -171.630056900005911, -13.876241800118919 ], [ -171.630004100808577, -13.875956600816437 ], [ -171.629986200702575, -13.875734200273087 ], [ -171.63001600063788, -13.875536700158534 ], [ -171.630103400351629, -13.875424300191241 ], [ -171.630149799973253, -13.875315400385375 ], [ -171.630205000360462, -13.875272800399387 ], [ -171.630280700793691, -13.875249900062784 ], [ -171.630519400649803, -13.875107600335468 ], [ -171.630727599998721, -13.874980600774052 ], [ -171.630878700491621, -13.874841400110483 ], [ -171.630984600159138, -13.874685800309408 ], [ -171.631158100066244, -13.874037900828398 ], [ -171.631303200282446, -13.873768200442044 ], [ -171.632126700486822, -13.873857800796827 ], [ -171.632316100407678, -13.873814400414176 ], [ -171.633065400248, -13.87320840034738 ], [ -171.633484299960458, -13.872952100758823 ], [ -171.634066700018167, -13.872940600228446 ], [ -171.63486200018113, -13.87315280066116 ], [ -171.636246500175815, -13.87347710068758 ], [ -171.636333000567504, -13.873453400853748 ], [ -171.636397300295158, -13.873416800245082 ], [ -171.63642120067783, -13.87334550019466 ], [ -171.636473500751435, -13.873366100065425 ], [ -171.63648330066377, -13.873393100411192 ], [ -171.636587900810952, -13.87343430015278 ], [ -171.636617300547954, -13.873470800037353 ], [ -171.636708300247818, -13.873485500355514 ], [ -171.636781900764078, -13.873521300567518 ], [ -171.636813100044492, -13.873567299990839 ], [ -171.63694720065277, -13.873579900392031 ], [ -171.637069600181889, -13.873533600595124 ], [ -171.637159900209213, -13.873476500839786 ], [ -171.637298500125667, -13.873423800567878 ], [ -171.637384600319024, -13.873290900554593 ], [ -171.637429500770821, -13.873183600642619 ], [ -171.637479000355569, -13.873109400278565 ], [ -171.63758640009226, -13.872996400463478 ], [ -171.637671400414774, -13.872991700606462 ], [ -171.637746600824954, -13.872926600482174 ], [ -171.637838000723121, -13.872845000496341 ], [ -171.638063600154993, -13.872810800178229 ], [ -171.638339799941775, -13.872785400625673 ], [ -171.638573500466634, -13.872787000519622 ], [ -171.638704300563006, -13.872769500611923 ], [ -171.638914500004148, -13.87267160041398 ], [ -171.639081799985064, -13.872587100114515 ], [ -171.639155300676549, -13.872514100345427 ], [ -171.639395300053025, -13.87240870070093 ], [ -171.639921800051013, -13.872159000337547 ], [ -171.64027700078293, -13.872126200263892 ], [ -171.640398700639508, -13.872151600715767 ], [ -171.640467400749912, -13.87212630008861 ], [ -171.640576900403602, -13.872148500752644 ], [ -171.640666800232623, -13.872178600162215 ], [ -171.640665100513957, -13.872208800295823 ], [ -171.640733800624361, -13.872243700286504 ], [ -171.640867800508573, -13.87234200068275 ], [ -171.641099800415418, -13.872491200008824 ], [ -171.641168500525851, -13.872502300340841 ], [ -171.641260000248792, -13.872524500105555 ], [ -171.64132700064053, -13.872553100345272 ], [ -171.641392400239056, -13.872629200077483 ], [ -171.64146750082449, -13.87270380063984 ], [ -171.64144960071846, -13.87275140085643 ], [ -171.641493700773651, -13.872773600621144 ], [ -171.641547600741148, -13.872795800385859 ], [ -171.641730700011777, -13.872940200030143 ], [ -171.641709400468443, -13.873008400117499 ], [ -171.641842700680058, -13.873086000818262 ], [ -171.642023200010641, -13.873306700743626 ], [ -171.642160500406732, -13.87348280059075 ], [ -171.642198100162176, -13.873522500263107 ], [ -171.642247100623166, -13.873527200120122 ], [ -171.642296100184836, -13.873552600571998 ], [ -171.642340200240028, -13.873614500009126 ], [ -171.642345100645855, -13.87368750067759 ], [ -171.642371300595016, -13.873712900230089 ], [ -171.642577200377474, -13.873904800266246 ], [ -171.642772200376726, -13.874127700832673 ], [ -171.643151700790327, -13.874767400295241 ], [ -171.643328199936462, -13.875098700644457 ], [ -171.643718300659032, -13.875421700251195 ], [ -171.644223600039084, -13.875739100678913 ], [ -171.644751200807235, -13.875903699995717 ], [ -171.645434800675474, -13.875992999976916 ], [ -171.646359200316823, -13.875997099986137 ], [ -171.64722180034579, -13.875960800650375 ], [ -171.64839850029054, -13.875891400867431 ], [ -171.648972500680344, -13.875703500116401 ], [ -171.649592500493469, -13.87540910074938 ], [ -171.649731900806557, -13.875237000187383 ], [ -171.649908800150968, -13.874886500211744 ], [ -171.649997699933891, -13.874656500397123 ], [ -171.650257200209609, -13.874413600707044 ], [ -171.650528100291581, -13.87430900055989 ], [ -171.650629700300414, -13.874274500767569 ], [ -171.650737400410662, -13.874237900158903 ], [ -171.650856100128891, -13.874182800495817 ], [ -171.650923399994895, -13.874135000629735 ], [ -171.651018800077537, -13.874012800750108 ], [ -171.651072400570797, -13.873944100639676 ], [ -171.651157000695008, -13.873813400368078 ], [ -171.651265900500874, -13.873720100202434 ], [ -171.651328900708165, -13.87365970083448 ], [ -171.651440000255775, -13.873580300590334 ], [ -171.651646700434839, -13.873503000263213 ], [ -171.651811800674039, -13.873338000748106 ], [ -171.651996400013815, -13.873209600042969 ], [ -171.652278900450881, -13.873112600066406 ], [ -171.652666700707641, -13.873041100366436 ], [ -171.65314650071042, -13.87296580013151 ], [ -171.653220299976823, -13.872926800131665 ], [ -171.653385900239073, -13.872808800086034 ], [ -171.653572500570419, -13.872641800478675 ], [ -171.653754999993225, -13.872468800594618 ], [ -171.65394580015851, -13.872194000152945 ], [ -171.654098800019568, -13.872018900351918 ], [ -171.654331600323076, -13.871801100740186 ], [ -171.65455600005933, -13.871649300574688 ], [ -171.654784500704125, -13.871615800828522 ], [ -171.655032800823079, -13.871531500178548 ], [ -171.65522460013517, -13.871465800206465 ], [ -171.655464400761446, -13.871369900100774 ], [ -171.655571599949354, -13.871359000317568 ], [ -171.655644200419488, -13.871334900285376 ], [ -171.655690400391649, -13.871304400677502 ], [ -171.655828800658583, -13.871255500041229 ], [ -171.655908400552221, -13.871212800230523 ], [ -171.656007000422704, -13.871186300807096 ], [ -171.656096400228648, -13.871128900678173 ], [ -171.656414600153653, -13.870808900310465 ], [ -171.656736800263104, -13.870414000805454 ], [ -171.656990700460426, -13.870186700755596 ], [ -171.657148800376802, -13.870129500276164 ], [ -171.657300800191734, -13.869844700272665 ], [ -171.657467699974347, -13.869535800236918 ], [ -171.657609000554913, -13.86921370085156 ], [ -171.657762100240717, -13.86886960045166 ], [ -171.657875300604616, -13.868639600637039 ], [ -171.658015800788547, -13.868431900411849 ], [ -171.658250700109704, -13.868193800403503 ], [ -171.658498100007279, -13.867980000076898 ], [ -171.658647000758464, -13.867834900759988 ], [ -171.658770700707237, -13.867723500838849 ], [ -171.658942600720422, -13.867503600410771 ], [ -171.659078900171068, -13.867304100204024 ], [ -171.659210500664045, -13.867144900416747 ], [ -171.659298300576097, -13.867069300707612 ], [ -171.659368100557373, -13.866933700030188 ], [ -171.659409999971501, -13.866823399979864 ], [ -171.659428000801569, -13.866732300455283 ], [ -171.659481900769066, -13.86668780020176 ], [ -171.659451900284949, -13.86660840085699 ], [ -171.659420000432647, -13.866542500336095 ], [ -171.659461000524715, -13.866526000474494 ], [ -171.659529700635147, -13.866538599976366 ], [ -171.659541700289196, -13.866589000681813 ], [ -171.659599600441169, -13.866610300225148 ], [ -171.659653400583949, -13.866573500866309 ], [ -171.659693300805174, -13.866563800778749 ], [ -171.659805000200578, -13.866579300594196 ], [ -171.659795100463498, -13.86654450042829 ], [ -171.659805000200578, -13.866480500174873 ], [ -171.659835000684694, -13.866428200101325 ], [ -171.659890800020378, -13.866422400373438 ], [ -171.659916800320048, -13.866474700447043 ], [ -171.660052400098152, -13.866486400626854 ], [ -171.660154099931731, -13.866556100783384 ], [ -171.660218000360402, -13.866548300063926 ], [ -171.660281800065007, -13.866569600506637 ], [ -171.660311700724378, -13.866530899981001 ], [ -171.660365200493573, -13.866525600276191 ], [ -171.660514700193232, -13.866703600390792 ], [ -171.660588000335906, -13.866747500796464 ], [ -171.66074890074114, -13.866692700607587 ], [ -171.660737600759632, -13.866613300363497 ], [ -171.660664200792212, -13.866476300340935 ], [ -171.660768100367505, -13.86645320035484 ], [ -171.660839900441033, -13.866559700769528 ], [ -171.660937700814202, -13.866644900741505 ], [ -171.661091300523083, -13.866693400280155 ], [ -171.661280800268685, -13.866670100644569 ], [ -171.661480300475461, -13.866600400488039 ], [ -171.661693200580714, -13.866515100691288 ], [ -171.661617099949183, -13.866482200792859 ], [ -171.661600000239787, -13.866379600737957 ], [ -171.661612000793184, -13.866338900120127 ], [ -171.66168180077446, -13.866325400396875 ], [ -171.661703700165589, -13.86638350019831 ], [ -171.661751600755736, -13.866400900281292 ], [ -171.661815400460341, -13.866474500797551 ], [ -171.661867300335615, -13.866472600530017 ], [ -171.661981000722591, -13.866426100184356 ], [ -171.661985000007718, -13.866356400027769 ], [ -171.662046900344137, -13.866313700217063 ], [ -171.662108699956519, -13.86632920003251 ], [ -171.662162600823336, -13.866381500106115 ], [ -171.662236400089768, -13.866379600737957 ], [ -171.662310200255519, -13.866505500428445 ], [ -171.662348100384492, -13.866455100622375 ], [ -171.662457800586992, -13.866408600276657 ], [ -171.662587500812492, -13.866424100092104 ], [ -171.662697299940419, -13.866399700585646 ], [ -171.662832600244286, -13.866305900396924 ], [ -171.663288700413176, -13.865856700726113 ], [ -171.663491000209461, -13.865566100095407 ], [ -171.66379740012988, -13.865206000756302 ], [ -171.663939600032478, -13.865053600743011 ], [ -171.664083000530013, -13.864991900056111 ], [ -171.664173300557337, -13.864868600305613 ], [ -171.664162000575828, -13.864707000227838 ], [ -171.66424980048788, -13.86447650039014 ], [ -171.66435100029841, -13.864260500321791 ], [ -171.664472100307165, -13.864081500161035 ], [ -171.664613399988383, -13.86393180081194 ], [ -171.664703700015707, -13.863814100240461 ], [ -171.664751600605854, -13.86366620043475 ], [ -171.664954800623519, -13.863515500140181 ], [ -171.665045000826098, -13.863282700736022 ], [ -171.665061300138859, -13.863169500372123 ], [ -171.665052900470954, -13.862992400478845 ], [ -171.665017200083696, -13.862980200275956 ], [ -171.664973200752598, -13.862927200529839 ], [ -171.664983700337473, -13.862856000304134 ], [ -171.664933400356119, -13.862845800193497 ], [ -171.664851600720766, -13.86270940001873 ], [ -171.664807600490349, -13.862546500420592 ], [ -171.664830600651669, -13.862389700024607 ], [ -171.664937800738898, -13.862387000259787 ], [ -171.665045000826098, -13.862474700347093 ], [ -171.665101500733641, -13.862548600337561 ], [ -171.665185000087661, -13.86251800000565 ], [ -171.665375800252946, -13.862357200324482 ], [ -171.665535900261574, -13.862181600500435 ], [ -171.665678700011966, -13.861988200395103 ], [ -171.665756000339115, -13.861765200003958 ], [ -171.665784200380529, -13.861625500216633 ], [ -171.665727100625162, -13.861519500724341 ], [ -171.665639300713138, -13.861424600664748 ], [ -171.665627399984487, -13.861318000425342 ], [ -171.665571500824086, -13.861227000725478 ], [ -171.665603700150626, -13.861105500518363 ], [ -171.665532600648987, -13.860935000749635 ], [ -171.665710900237826, -13.860800400118308 ], [ -171.665889100001948, -13.860824800524085 ], [ -171.666008699941528, -13.860920000057888 ], [ -171.666148000429843, -13.86111080022323 ], [ -171.666219900328116, -13.861203800015289 ], [ -171.666252500752279, -13.861376300775589 ], [ -171.666323100230869, -13.861559800244549 ], [ -171.666340000290745, -13.86177070025758 ], [ -171.666379500313667, -13.861926800081733 ], [ -171.66651770003179, -13.862041900713109 ], [ -171.666607500036065, -13.862092099970369 ], [ -171.66688430056999, -13.862167400205294 ], [ -171.66702920023738, -13.862163400020847 ], [ -171.66746460071073, -13.862137852080139 ], [ -171.668043200233484, -13.862103899974954 ], [ -171.668709500742835, -13.862005100454951 ], [ -171.669497100011142, -13.861807900713984 ], [ -171.669872600240268, -13.861668300751433 ], [ -171.670012200202848, -13.861582900230587 ], [ -171.670022200663993, -13.86149770025861 ], [ -171.670114000760492, -13.861462800267986 ], [ -171.670197700663323, -13.861511199981862 ], [ -171.6702815003909, -13.861588700857794 ], [ -171.670419200086002, -13.861648800751482 ], [ -171.670530900380726, -13.861776600709504 ], [ -171.670658600513974, -13.861851800220336 ], [ -171.670891400817453, -13.861878300543083 ], [ -171.671151300392182, -13.861836600778474 ], [ -171.671518300229337, -13.86180910040963 ], [ -171.671732200380717, -13.861760200672677 ], [ -171.671876900398615, -13.861762300589646 ], [ -171.672082399982742, -13.861821300612462 ], [ -171.672359200516667, -13.861927200280036 ], [ -171.672441099976766, -13.861914600778164 ], [ -171.672973500426679, -13.861771500654186 ], [ -171.673927700003333, -13.861777100732581 ], [ -171.674068100362518, -13.861790800105268 ], [ -171.674108000583743, -13.861833500815351 ], [ -171.674156200648127, -13.861843700026668 ], [ -171.674443600591673, -13.861898800589131 ], [ -171.67491310065904, -13.861998100132155 ], [ -171.675011100681729, -13.862000100224407 ], [ -171.675327800537531, -13.862068400136536 ], [ -171.67618919997156, -13.862360100638114 ], [ -171.676674000204912, -13.862437600614726 ], [ -171.677091300023449, -13.862449800817615 ], [ -171.67741880073703, -13.862407200831626 ], [ -171.678030900006007, -13.862410500444184 ], [ -171.678673000658421, -13.862428100176658 ], [ -171.678780300570395, -13.862431100315007 ], [ -171.679234300822287, -13.862294000467728 ], [ -171.679529700235463, -13.862245800403343 ], [ -171.679739600202367, -13.862227800472567 ], [ -171.680075900782157, -13.862227800472567 ], [ -171.680230200163578, -13.862191800611072 ], [ -171.680418500213591, -13.862188800472723 ], [ -171.680717799986439, -13.862107900159401 ], [ -171.680899900110262, -13.862116900574449 ], [ -171.681217700736283, -13.8622008001268 ], [ -171.681720700549874, -13.862248800541693 ], [ -171.681827900637074, -13.862219200255822 ], [ -171.681993200525767, -13.862316500605971 ], [ -171.682100000414664, -13.862333800864178 ], [ -171.682343100653554, -13.862448900596235 ], [ -171.682761100144631, -13.862679600083425 ], [ -171.683330700151657, -13.86297800053427 ], [ -171.683889500200252, -13.863269500487036 ], [ -171.684294200516916, -13.863577900499649 ], [ -171.684765900325999, -13.864142200801894 ], [ -171.68502510022816, -13.864415300625581 ], [ -171.685294000217908, -13.864537600329925 ], [ -171.68618660073102, -13.864756399987812 ], [ -171.686373900734907, -13.864664800440153 ], [ -171.686615900203606, -13.864564100652672 ], [ -171.686694400226372, -13.864531400403735 ], [ -171.686731800332296, -13.864487700546874 ], [ -171.687358500094689, -13.864002400290474 ], [ -171.687556600057007, -13.86374300073885 ], [ -171.687789800558818, -13.863597500324317 ], [ -171.687998400106039, -13.863558699973964 ], [ -171.68833350009092, -13.863449300145021 ], [ -171.688510800532981, -13.863446600380257 ], [ -171.689071900148036, -13.863440700827653 ], [ -171.689510400584481, -13.863345800768059 ], [ -171.689964500661148, -13.863285200851294 ], [ -171.69029910062298, -13.86333890026998 ], [ -171.691013600297396, -13.863407100357335 ], [ -171.691344900646612, -13.863412600610957 ], [ -171.691774200119227, -13.86331110042687 ], [ -171.692186900804813, -13.86312890047833 ], [ -171.69250300081282, -13.862936400594378 ], [ -171.6926730005585, -13.86278090061802 ], [ -171.692935100774264, -13.862675200599995 ], [ -171.693292400523831, -13.862650500720008 ], [ -171.693953300604306, -13.862656200623121 ], [ -171.694403699970763, -13.862444500213485 ], [ -171.694522400588284, -13.862352400642749 ], [ -171.694581700085365, -13.862361000859437 ], [ -171.694652800486324, -13.862415700324277 ], [ -171.694827800462605, -13.862398500790107 ], [ -171.694995400817078, -13.862317000629048 ], [ -171.695304600327006, -13.862077600201019 ], [ -171.695556600256879, -13.861870100524698 ], [ -171.695731582246708, -13.868592532819093 ], [ -171.696873723943185, -13.87677787879602 ], [ -171.698586935138906, -13.884392153475062 ], [ -171.700871218531887, -13.89143535865486 ], [ -171.703345857825042, -13.899811061431308 ], [ -171.705439783519154, -13.90514105361666 ], [ -171.709056563609494, -13.914849253989814 ], [ -171.712482987799632, -13.921321388771048 ], [ -171.715528698390699, -13.927793522652905 ], [ -171.718574408082446, -13.933694585236879 ], [ -171.722952616270192, -13.938263150224145 ], [ -171.722675900272549, -14.040234099723875 ], [ -171.722568299987017, -14.040224900558655 ], [ -171.722447000328771, -14.040134000683565 ], [ -171.722358800218416, -14.040144700817223 ], [ -171.72226230026493, -14.040109900651373 ], [ -171.722000400597977, -14.03994140007552 ], [ -171.721843200003661, -14.039890600071089 ], [ -171.721801900437328, -14.039973500476606 ], [ -171.721738400206988, -14.039954700149224 ], [ -171.721721900345386, -14.039842400006705 ], [ -171.721595100433518, -14.039756800735745 ], [ -171.721418600388063, -14.039740799997901 ], [ -171.721330400277736, -14.039788900237511 ], [ -171.721217300637875, -14.039767500869402 ], [ -171.721073999965085, -14.039845100670789 ], [ -171.720964900509728, -14.039805800297415 ], [ -171.720899100712899, -14.039664800090407 ], [ -171.720758700353713, -14.039608100533371 ], [ -171.720688500174106, -14.039479500178743 ], [ -171.720509100714395, -14.039381100857099 ], [ -171.720322000359999, -14.039331900746561 ], [ -171.720177700540432, -14.039392500663325 ], [ -171.720189400720244, -14.039604299998416 ], [ -171.720056800181169, -14.039592900192133 ], [ -171.720010000361214, -14.039422700796933 ], [ -171.719897000546098, -14.03938870012837 ], [ -171.719795600186785, -14.03944160004977 ], [ -171.719670800367112, -14.039369799976214 ], [ -171.719631800367267, -14.03927140065457 ], [ -171.719468000547749, -14.039116299977195 ], [ -171.719323800552928, -14.039002800139087 ], [ -171.719148300553599, -14.039018000480269 ], [ -171.718953300554347, -14.039052000249569 ], [ -171.71890170015331, -14.038936400494435 ], [ -171.719039100374147, -14.038791000803997 ], [ -171.718953300554347, -14.038673700430877 ], [ -171.718813000019907, -14.038639700661633 ], [ -171.718602400380433, -14.038571600398996 ], [ -171.718610200200544, -14.038397600468841 ], [ -171.718598500020732, -14.038242500690785 ], [ -171.718516600560633, -14.038117699971849 ], [ -171.718415200201292, -14.037985299981585 ], [ -171.718245300280358, -14.038033800419498 ], [ -171.717962900567386, -14.037588100010737 ], [ -171.717939500207734, -14.037398900638721 ], [ -171.717845199995963, -14.037234300422597 ], [ -171.717709500393113, -14.037050900778411 ], [ -171.717496700112605, -14.036801000765536 ], [ -171.717400700182139, -14.036614200784697 ], [ -171.717321200113275, -14.036381300656444 ], [ -171.717397500394299, -14.03615440080489 ], [ -171.717190900039981, -14.036025800450261 ], [ -171.717109000579882, -14.035912300612154 ], [ -171.717155800399837, -14.035847999985151 ], [ -171.717128500579804, -14.035719400529842 ], [ -171.716995900040729, -14.035711800359252 ], [ -171.716876000626911, -14.035601200834719 ], [ -171.716695000373932, -14.035385400415862 ], [ -171.716513000074855, -14.035385400415862 ], [ -171.716377900319827, -14.035390800844709 ], [ -171.716212400781643, -14.035348000309909 ], [ -171.716115899928809, -14.035412200212818 ], [ -171.716093900712934, -14.035337300176195 ], [ -171.716019399975295, -14.035326600042538 ], [ -171.715950500215399, -14.035275800038107 ], [ -171.715812700695551, -14.035235600342617 ], [ -171.715823700303503, -14.035115300730524 ], [ -171.71572440076045, -14.035080500564618 ], [ -171.715699600156398, -14.035037700029761 ], [ -171.715614100710155, -14.035088500034192 ], [ -171.715550700304561, -14.03506710066614 ], [ -171.715399100687932, -14.035093900463096 ], [ -171.715305300499182, -14.035027000795424 ], [ -171.715203300292046, -14.035024300131283 ], [ -171.715029600735448, -14.035008300292759 ], [ -171.714908300177882, -14.034895900325466 ], [ -171.714811800224368, -14.034842400556272 ], [ -171.714447900350308, -14.034839800616282 ], [ -171.714279700148012, -14.034898600090287 ], [ -171.71404810043947, -14.035025100527946 ], [ -171.713857800297205, -14.035000300823185 ], [ -171.713496600187909, -14.03510990030162 ], [ -171.713234700520985, -14.035163400070815 ], [ -171.713063800553925, -14.035233000402627 ], [ -171.713032300000606, -14.035318000725113 ], [ -171.712840300139703, -14.035293500494618 ], [ -171.712771400379808, -14.035226600826945 ], [ -171.712633500135894, -14.035205200559517 ], [ -171.712393600584164, -14.035223900162805 ], [ -171.712261300418646, -14.035146300361419 ], [ -171.712106900313159, -14.035084800223331 ], [ -171.712062800257996, -14.035108900255523 ], [ -171.711938700110892, -14.0350340002189 ], [ -171.711748500692721, -14.035020600320422 ], [ -171.711591300098405, -14.035074100089616 ], [ -171.71144790050019, -14.035023300085186 ], [ -171.711260399947463, -14.034972500080755 ], [ -171.711122600427643, -14.034921700076325 ], [ -171.710921300677455, -14.034975200744896 ], [ -171.710830300078271, -14.034953800477467 ], [ -171.710733800124757, -14.034911000841987 ], [ -171.71062080030967, -14.034755800339894 ], [ -171.710540800217728, -14.03469430020175 ], [ -171.7103478003107, -14.034643500197319 ], [ -171.709878800266381, -14.034683300593827 ], [ -171.709859200441713, -14.034580800363585 ], [ -171.709858000746124, -14.034455900719195 ], [ -171.709722900091748, -14.034397000521096 ], [ -171.709676000447047, -14.034346200516723 ], [ -171.709565700396723, -14.034319500544484 ], [ -171.709444400738477, -14.034183000544999 ], [ -171.709240300499431, -14.034100100139483 ], [ -171.70906390027875, -14.034065299973577 ], [ -171.708870900371721, -14.034094800434673 ], [ -171.708766100575048, -14.034132200540569 ], [ -171.708410400719401, -14.034049300135052 ], [ -171.708156799996289, -14.03397440009843 ], [ -171.707897600094128, -14.033896800297043 ], [ -171.707699099933478, -14.033875400029615 ], [ -171.707611100371963, -14.033840400214274 ], [ -171.70755070010469, -14.033813900790847 ], [ -171.707447300552445, -14.033795000638747 ], [ -171.707427800552523, -14.033870700172656 ], [ -171.707367400285278, -14.033872600440134 ], [ -171.707355700105438, -14.033776100486591 ], [ -171.707318700197817, -14.033779900122227 ], [ -171.707332300645135, -14.033878200518473 ], [ -171.707277700105749, -14.033883900421642 ], [ -171.70720360046576, -14.033838500846116 ], [ -171.707131500018676, -14.033815800159005 ], [ -171.70708470019872, -14.033781800389704 ], [ -171.707030100558654, -14.033887700057278 ], [ -171.706827500388812, -14.033864700795277 ], [ -171.706707400426154, -14.033908600301629 ], [ -171.706330499952571, -14.034046500545514 ], [ -171.706017400082914, -14.034168300226838 ], [ -171.705684400015031, -14.034366800387488 ], [ -171.705250200136589, -14.034503800409993 ], [ -171.704962600543553, -14.034277000383213 ], [ -171.703900000284762, -14.034074600762153 ], [ -171.703730000539053, -14.033797200380434 ], [ -171.7037995001468, -14.033426100534086 ], [ -171.704097100200983, -14.033242400516315 ], [ -171.704019800773153, -14.032770100859409 ], [ -171.703822699957612, -14.03256770033903 ], [ -171.703745400529783, -14.032459000182655 ], [ -171.70370040025324, -14.032121900105551 ], [ -171.703678300313271, -14.032020200271972 ], [ -171.703643700696205, -14.031943100493663 ], [ -171.703606100041469, -14.031806500669404 ], [ -171.703543600756547, -14.031699200757487 ], [ -171.703434900600143, -14.031579800467398 ], [ -171.703288100665276, -14.031486100103393 ], [ -171.703188500748695, -14.031406300560263 ], [ -171.703130800246214, -14.03129989997035 ], [ -171.703021600066762, -14.030948800146973 ], [ -171.70300210006684, -14.030865700091965 ], [ -171.702866900487038, -14.030798200576442 ], [ -171.70268720065377, -14.030706400479971 ], [ -171.702588500059193, -14.030694100452308 ], [ -171.702575400534272, -14.030549100060853 ], [ -171.702552300548206, -14.030324600499853 ], [ -171.702421600276608, -14.030062100085786 ], [ -171.70242710053023, -14.029927000330758 ], [ -171.702229200217403, -14.02978480042816 ], [ -171.702122000130174, -14.029710000216312 ], [ -171.701924100716639, -14.029581800059987 ], [ -171.701773900445119, -14.029438600111234 ], [ -171.701914300804305, -14.029367200236038 ], [ -171.701764800205325, -14.029172800084609 ], [ -171.701634099933727, -14.02916630068421 ], [ -171.701235100419524, -14.029241200720776 ], [ -171.70081660000605, -14.029228500494867 ], [ -171.700108300257824, -14.029129100227749 ], [ -171.699313300468418, -14.029269100388603 ], [ -171.698882100728326, -14.029361400508208 ], [ -171.69856160033757, -14.029370300199162 ], [ -171.698026900321167, -14.029183700767135 ], [ -171.695857999946725, -14.029082300407765 ], [ -171.695155999949407, -14.029048200813747 ], [ -171.695124800668992, -14.029221700720882 ], [ -171.694617300647877, -14.029248700167329 ], [ -171.694529200362268, -14.029139200513669 ], [ -171.694553400219206, -14.028843600551681 ], [ -171.694415499975321, -14.028664500566208 ], [ -171.694278100653804, -14.02867230038629 ], [ -171.693969000069274, -14.029004000034547 ], [ -171.693716400291606, -14.029316000033305 ], [ -171.693372500440518, -14.02959690057645 ], [ -171.692929399971803, -14.029827000215846 ], [ -171.692686000258675, -14.02991130086582 ], [ -171.692637600544799, -14.030029500560943 ], [ -171.692626700761593, -14.030034200417958 ], [ -171.692243500537103, -14.030200000329728 ], [ -171.692015500814676, -14.03025060068461 ], [ -171.691820400091359, -14.030260000398641 ], [ -171.6915248001294, -14.030314300564498 ], [ -171.691302699959607, -14.030404300218208 ], [ -171.691109500403087, -14.030546800494392 ], [ -171.691067000241844, -14.030661100729162 ], [ -171.690998000657174, -14.030689400595293 ], [ -171.690865999965894, -14.030743600037056 ], [ -171.690663400695371, -14.030908900825068 ], [ -171.69048930004115, -14.030968500695678 ], [ -171.690400400258227, -14.030946000557435 ], [ -171.69013190046681, -14.030972200506596 ], [ -171.68967210048703, -14.031064100427841 ], [ -171.689436400769239, -14.03119150018756 ], [ -171.688746700799584, -14.031705100310091 ], [ -171.688415000252036, -14.032056400682279 ], [ -171.688194400151417, -14.032337499975597 ], [ -171.688074900036582, -14.032307300741309 ], [ -171.688083100054996, -14.032124400220823 ], [ -171.687960100678083, -14.032050200756089 ], [ -171.687670500093475, -14.032076700179516 ], [ -171.687370000625009, -14.032188000275937 ], [ -171.687118600542959, -14.032431900012114 ], [ -171.687072200021987, -14.032633300486395 ], [ -171.687307300791275, -14.032734200822688 ], [ -171.687419200735491, -14.032911600190175 ], [ -171.687392700412772, -14.033169200198358 ], [ -171.687273000648446, -14.033379000340574 ], [ -171.68642420071626, -14.034418400788525 ], [ -171.685504300383116, -14.035289600134888 ], [ -171.685273000148811, -14.035297400854347 ], [ -171.685080200790594, -14.035191800661039 ], [ -171.684971700283711, -14.035132500264638 ], [ -171.684793900717921, -14.035083700352459 ], [ -171.684629300501797, -14.035100800061855 ], [ -171.684504100483821, -14.035113700836575 ], [ -171.684142800549779, -14.035158700213799 ], [ -171.683903300297033, -14.035267400370174 ], [ -171.683700400652953, -14.035250500310269 ], [ -171.683644600417949, -14.035237300061283 ], [ -171.683526600372289, -14.035209300568738 ], [ -171.683383600073057, -14.035198000587229 ], [ -171.683132400539819, -14.035239300153535 ], [ -171.68282140058713, -14.035336700328401 ], [ -171.682634000758497, -14.035432300060563 ], [ -171.682276600284837, -14.035518600802732 ], [ -171.682063500530091, -14.035524100157033 ], [ -171.681914900152492, -14.035531700327681 ], [ -171.680605300194429, -14.035966300404368 ], [ -171.680499400526884, -14.035971400459744 ], [ -171.680356600776491, -14.035980300150698 ], [ -171.680286000398581, -14.036010400459588 ], [ -171.680225699956054, -14.03611160027009 ], [ -171.680148100154668, -14.036241600869118 ], [ -171.68011770037154, -14.036626100614001 ], [ -171.680297700578393, -14.036801400064519 ], [ -171.680305700047995, -14.037211000787011 ], [ -171.680023300335023, -14.037577500601117 ], [ -171.678242400766152, -14.039103000802811 ], [ -171.67809659997809, -14.039177900839434 ], [ -171.677984300734863, -14.03930040019327 ], [ -171.677756700311448, -14.039280300345524 ], [ -171.677135300253866, -14.039461600072741 ], [ -171.676726400103263, -14.039288800737495 ], [ -171.67644219994753, -14.03946900059384 ], [ -171.676092500368583, -14.039498200681351 ], [ -171.675543300582831, -14.039365600142276 ], [ -171.675076100081924, -14.03946369998971 ], [ -171.6744929005269, -14.039512300252397 ], [ -171.674114400159425, -14.03945310058009 ], [ -171.673458699959014, -14.039575000086131 ], [ -171.672786500796349, -14.03975530066657 ], [ -171.672278400028119, -14.039967300550416 ], [ -171.671529700035592, -14.040237700609339 ], [ -171.670464200362517, -14.04035430041057 ], [ -171.669879500738347, -14.040290700355513 ], [ -171.669371300145372, -14.040364900719567 ], [ -171.668699200807453, -14.040470900211801 ], [ -171.668133600085554, -14.040346300041676 ], [ -171.667572799944736, -14.040254300295658 ], [ -171.667186399932376, -14.040210200240494 ], [ -171.666864000173433, -14.040300300618355 ], [ -171.66654160041449, -14.040260600046622 ], [ -171.666456900465562, -14.040422300848434 ], [ -171.666418699963003, -14.040650200746143 ], [ -171.666364000498191, -14.040685200561484 ], [ -171.666148200079334, -14.040541500589711 ], [ -171.665831200749295, -14.040454099976671 ], [ -171.663175800422835, -14.040457800686909 ], [ -171.661951500261495, -14.040438200862241 ], [ -171.660010300135212, -14.040598299971521 ], [ -171.658998000757094, -14.040875500703748 ], [ -171.657466100080427, -14.041351500171572 ], [ -171.657219300030647, -14.041455500470931 ], [ -171.656621499982208, -14.041707400576001 ], [ -171.65496610080487, -14.042358200370586 ], [ -171.654498100806677, -14.042522900411484 ], [ -171.654278400028119, -14.042886500811335 ], [ -171.654308500336981, -14.043225100058294 ], [ -171.653914000130982, -14.043649500024344 ], [ -171.650219100431116, -14.042658400364814 ], [ -171.648205100185208, -14.042144100569715 ], [ -171.646468300671501, -14.041638600640852 ], [ -171.645221400547172, -14.041116700675161 ], [ -171.643680500354776, -14.040550900303742 ], [ -171.642749700238454, -14.040346700239979 ], [ -171.641752100279177, -14.040227600323476 ], [ -171.641062800507797, -14.040356000129236 ], [ -171.640457300464021, -14.040206700079125 ], [ -171.639892800512314, -14.040156500821809 ], [ -171.6392406004733, -14.039866300389406 ], [ -171.639005100405029, -14.039761500592761 ], [ -171.638494500420819, -14.0396424006762 ], [ -171.637600400737881, -14.039370600372877 ], [ -171.636113800711314, -14.039224300461058 ], [ -171.635926700356919, -14.039153800807242 ], [ -171.635765299928607, -14.039093000341666 ], [ -171.633776100286781, -14.038820900564076 ], [ -171.632063300081199, -14.038858600144238 ], [ -171.630800800316649, -14.038643300647777 ], [ -171.6286070004127, -14.038317200178597 ], [ -171.627959400405985, -14.038179300834031 ], [ -171.626152800011681, -14.038049500783814 ], [ -171.624363100576602, -14.03749369997422 ], [ -171.623654300805299, -14.037435199974425 ], [ -171.622678300762942, -14.037196900316644 ], [ -171.622440500228862, -14.037037300331122 ], [ -171.621947900175428, -14.036760000673439 ], [ -171.621491100333998, -14.036396300448871 ], [ -171.621260600496299, -14.036293900043404 ], [ -171.620853400064334, -14.036319000121694 ], [ -171.620666000235701, -14.036279300449337 ], [ -171.61997439999854, -14.035815300635591 ], [ -171.619455099972868, -14.035635500078229 ], [ -171.619332300245446, -14.035577000078433 ], [ -171.619024200606333, -14.035608300082913 ], [ -171.618689100621481, -14.035614800382689 ], [ -171.618614900257427, -14.035470400738348 ], [ -171.618528700239295, -14.03529690083127 ], [ -171.618427200055208, -14.035235200144314 ], [ -171.618024500730087, -14.03500850084157 ], [ -171.617578600671862, -14.034851700445586 ], [ -171.617197800737898, -14.034769200238372 ], [ -171.616955400171548, -14.034709600367705 ], [ -171.616812200222824, -14.034666199985111 ], [ -171.616137500045568, -14.03450910011486 ], [ -171.615279400224125, -14.034400400857749 ], [ -171.614823400779301, -14.034358800018538 ], [ -171.614440700577831, -14.034441200401034 ], [ -171.614081200187201, -14.034463100691482 ], [ -171.613657400068945, -14.034541100691172 ], [ -171.613464600710728, -14.034701000151017 ], [ -171.613496100364699, -14.034846700214985 ], [ -171.613550000332225, -14.035084700398556 ], [ -171.613510600134049, -14.03524310068849 ], [ -171.613386100687961, -14.035638500216578 ], [ -171.613289700559193, -14.035669400022755 ], [ -171.613187200329008, -14.035704700211681 ], [ -171.612786400372045, -14.035893200810506 ], [ -171.612631800617066, -14.035920100432236 ], [ -171.612417500267384, -14.035729600640536 ], [ -171.612250600484799, -14.035601000285908 ], [ -171.61176620044975, -14.035708000723616 ], [ -171.611302200636032, -14.035946100731906 ], [ -171.611087700636858, -14.035900700257059 ], [ -171.610866200314859, -14.035656700696109 ], [ -171.610697400264797, -14.035416400046756 ], [ -171.610616900149807, -14.03511820014478 ], [ -171.610552200223822, -14.034772100551947 ], [ -171.610469100168814, -14.034515000566785 ], [ -171.610435300049033, -14.034201500498796 ], [ -171.610438400012129, -14.034033000822262 ], [ -171.610298400750565, -14.033990100462745 ], [ -171.61020860074629, -14.034065900720691 ], [ -171.610156800695762, -14.034156900420555 ], [ -171.610228300395733, -14.034265400028119 ], [ -171.610241300095907, -14.034392500313572 ], [ -171.610190200617239, -14.034551500451357 ], [ -171.610048400013625, -14.034627100160492 ], [ -171.609860400337169, -14.034619400165127 ], [ -171.609680700503901, -14.034550700054695 ], [ -171.609606500139847, -14.034402600599492 ], [ -171.609576500555022, -14.034279200124956 ], [ -171.609477600310981, -14.033886100163329 ], [ -171.609409400223626, -14.033611200796258 ], [ -171.609496700112601, -14.033530900330732 ], [ -171.609600600587214, -14.033416200796978 ], [ -171.60965450055474, -14.033426600557107 ], [ -171.609708300697491, -14.033372300391306 ], [ -171.609814500738594, -14.033253400124295 ], [ -171.610036800557879, -14.033116600650544 ], [ -171.609916600770475, -14.033044800577045 ], [ -171.609785800674132, -14.033167700129184 ], [ -171.609729900614383, -14.033230100488709 ], [ -171.609660900130422, -14.033303300806665 ], [ -171.609589900453528, -14.033278200728319 ], [ -171.609464500786061, -14.03333660000402 ], [ -171.609376000302149, -14.033439200058979 ], [ -171.609082800630716, -14.033555100187698 ], [ -171.60886559996743, -14.033636600348757 ], [ -171.608713100129449, -14.033475100095757 ], [ -171.608493300425437, -14.033219300530277 ], [ -171.608291899951183, -14.033091500572255 ], [ -171.608218200509526, -14.033032900747742 ], [ -171.608162900297572, -14.03295060019002 ], [ -171.608152200163886, -14.032303800579882 ], [ -171.608042300311894, -14.032315900058677 ], [ -171.608047400367212, -14.032647800255745 ], [ -171.608056800081243, -14.032836500504061 ], [ -171.608111200071789, -14.033057700452446 ], [ -171.608334200462963, -14.033215800368851 ], [ -171.608586900065347, -14.033726800551335 ], [ -171.608959900179229, -14.034068700310229 ], [ -171.609069800031222, -14.034212600830813 ], [ -171.609272300376347, -14.034747100298375 ], [ -171.609446400131247, -14.035061800061953 ], [ -171.609646600010564, -14.035675500124171 ], [ -171.609736300190065, -14.035980399975415 ], [ -171.609864300696898, -14.035967800473543 ], [ -171.609894700480027, -14.035831800497135 ], [ -171.60997880058116, -14.035812700695544 ], [ -171.610077900474693, -14.035849500054326 ], [ -171.610468100122688, -14.036115200256233 ], [ -171.610261800141927, -14.036291400827452 ], [ -171.609860200687677, -14.036559900618897 ], [ -171.608904400317783, -14.037389400200595 ], [ -171.608541500489821, -14.03794840079803 ], [ -171.60845180031032, -14.038212000183591 ], [ -171.60828690061993, -14.038357000575047 ], [ -171.607975600293685, -14.038711300186321 ], [ -171.607699900529951, -14.039273500571539 ], [ -171.607681600225646, -14.039760500546606 ], [ -171.60766290062233, -14.039830700726213 ], [ -171.607312000448445, -14.040216300341967 ], [ -171.606895500127195, -14.04054930040985 ], [ -171.606514200170182, -14.040564400026994 ], [ -171.605685000062664, -14.040950900763391 ], [ -171.605261800691522, -14.041120200836531 ], [ -171.604978300208359, -14.041233500125884 ], [ -171.604578200823283, -14.041505000055679 ], [ -171.60429170020177, -14.041669100248725 ], [ -171.604073900590009, -14.041696300244041 ], [ -171.603360800260702, -14.041609600202833 ], [ -171.602995099943882, -14.041566099995464 ], [ -171.602599300217491, -14.041636100525579 ], [ -171.602530800655899, -14.041666500308679 ], [ -171.602561300263773, -14.041796900206748 ], [ -171.602494900619149, -14.041923900667427 ], [ -171.602355100107758, -14.041954400275301 ], [ -171.602282200163387, -14.041790000607989 ], [ -171.602124400620568, -14.041766700073083 ], [ -171.600379800387458, -14.042268600015859 ], [ -171.600190800664905, -14.042378800241408 ], [ -171.599795900260574, -14.042289000237133 ], [ -171.596876900548494, -14.042481300471593 ], [ -171.596685500535386, -14.042506100176354 ], [ -171.595160600181515, -14.042703600290849 ], [ -171.594982500242168, -14.042898500465355 ], [ -171.594806800593346, -14.043004300308155 ], [ -171.594625300317318, -14.042931800562087 ], [ -171.594141700678904, -14.04302740029425 ], [ -171.594094300111834, -14.043097000626005 ], [ -171.593808000039132, -14.043041700414108 ], [ -171.59367830071298, -14.042936400594385 ], [ -171.593418000040629, -14.042904000719034 ], [ -171.592944800162371, -14.042844899972124 ], [ -171.591740300374539, -14.042769500811744 ], [ -171.590468100522401, -14.042609600452636 ], [ -171.590173600431285, -14.042644800816845 ], [ -171.589773000123841, -14.042726900825755 ], [ -171.588900199984209, -14.042601200784759 ], [ -171.588096000130264, -14.042556100683441 ], [ -171.587972600555048, -14.04254920018542 ], [ -171.587759400076237, -14.042512400826581 ], [ -171.587670699942834, -14.04257220034674 ], [ -171.587548400238461, -14.042641300655475 ], [ -171.587316400331588, -14.042673499982016 ], [ -171.586302800533787, -14.042757600083121 ], [ -171.586094400636057, -14.042799662274547 ], [ -171.585680000231804, -14.042883300124174 ], [ -171.58531510031159, -14.042960600451295 ], [ -171.584865900640779, -14.043103200552196 ], [ -171.584768200092327, -14.043664399991997 ], [ -171.584487900296324, -14.044168500575779 ], [ -171.584631000420302, -14.044272499975875 ], [ -171.584678900111129, -14.044339300718093 ], [ -171.584690500466195, -14.04439620082394 ], [ -171.584612000443428, -14.04444260044562 ], [ -171.584444900112032, -14.044401600353524 ], [ -171.584390400296712, -14.044540400818789 ], [ -171.584422300149015, -14.044659400011255 ], [ -171.584319100246262, -14.044802400310459 ], [ -171.584216300541812, -14.044967100351357 ], [ -171.584035900136655, -14.045174300553469 ], [ -171.584110399974946, -14.045292700797461 ], [ -171.584083500353245, -14.045334400562069 ], [ -171.58397210043205, -14.045337799999402 ], [ -171.583867100086565, -14.045436500594008 ], [ -171.583827500238925, -14.045585300621099 ], [ -171.583814200165165, -14.045685200011917 ], [ -171.583760800220716, -14.045729100417589 ], [ -171.583668100802186, -14.045767600394413 ], [ -171.58364480026728, -14.045824700149751 ], [ -171.583525100502953, -14.045858200795294 ], [ -171.58339270051269, -14.045851300297215 ], [ -171.583346500540529, -14.045764100232986 ], [ -171.583225100158216, -14.045748700242257 ], [ -171.583112500541432, -14.045819600094433 ], [ -171.583027600043692, -14.045797500154436 ], [ -171.582994299946961, -14.045699600855869 ], [ -171.582859200191905, -14.045648600302627 ], [ -171.582725800155515, -14.045643000224231 ], [ -171.582534900165484, -14.045694300251682 ], [ -171.582480000151861, -14.045728500569794 ], [ -171.582366699963217, -14.045786299997701 ], [ -171.582197400789397, -14.045806500569483 ], [ -171.582051700725373, -14.045660700680742 ], [ -171.581832499969863, -14.045576500754862 ], [ -171.581712900030283, -14.045632800113594 ], [ -171.581703900514583, -14.04571160050989 ], [ -171.581689900768282, -14.045752400053175 ], [ -171.581590100302861, -14.045787600417384 ], [ -171.581468500271058, -14.045772800274449 ], [ -171.581389500225214, -14.045733400076301 ], [ -171.581213600027581, -14.04579020035743 ], [ -171.581193700728676, -14.045740500223872 ], [ -171.581120700060239, -14.045540700542858 ], [ -171.581055700660016, -14.045429500271155 ], [ -171.580915400125576, -14.045464000063532 ], [ -171.580771100306009, -14.045374300783294 ], [ -171.580761400218421, -14.045103600350842 ], [ -171.580608099983806, -14.04500890084006 ], [ -171.580491000159498, -14.04500890084006 ], [ -171.58037110074568, -14.045063000457048 ], [ -171.580348600607408, -14.045082400632225 ], [ -171.580398900588762, -14.045140800807246 ], [ -171.580424100491825, -14.045229300391838 ], [ -171.580302200086436, -14.045378700266781 ], [ -171.580238100008273, -14.0454192003358 ], [ -171.580143300672773, -14.04529480071443 ], [ -171.580083200779058, -14.044957500088515 ], [ -171.580154499930188, -14.044835500757699 ], [ -171.580240300649336, -14.044773600421252 ], [ -171.580087900636073, -14.04456250075873 ], [ -171.580027100170497, -14.044630700846142 ], [ -171.579938500761187, -14.044590400426614 ], [ -171.57994790047519, -14.044421700201269 ], [ -171.579642600425643, -14.044271900128024 ], [ -171.579394900154483, -14.044244000460196 ], [ -171.579321500187064, -14.044440500528651 ], [ -171.579123900247765, -14.04473500061971 ], [ -171.579049400409474, -14.044846100167319 ], [ -171.578974199999294, -14.044811000527204 ], [ -171.57897679993934, -14.044769600236805 ], [ -171.578898000442337, -14.044689300670655 ], [ -171.578864399972048, -14.044375800602666 ], [ -171.578825600521014, -14.044293300395452 ], [ -171.578480600799054, -14.044239700801484 ], [ -171.577671400714536, -14.044207200202095 ], [ -171.576469100668447, -14.044311600699757 ], [ -171.575081000687618, -14.044358300694967 ], [ -171.574751500781105, -14.044385899989265 ], [ -171.574383499998504, -14.044511900403847 ], [ -171.574004000484194, -14.044580800163772 ], [ -171.5736593002365, -14.044679000735243 ], [ -171.573116300376938, -14.044977200637277 ], [ -171.573023000211265, -14.045004400632536 ], [ -171.572890900594558, -14.044952900056273 ], [ -171.572476099992002, -14.044793700268997 ], [ -171.571716400391551, -14.04466180030181 ], [ -171.571067300315633, -14.044545300325296 ], [ -171.570598500820125, -14.044522900011771 ], [ -171.569917200518375, -14.044548600837231 ], [ -171.569134000733527, -14.044512000228565 ], [ -171.568996600512662, -14.044498400680595 ], [ -171.568464800809892, -14.044330000828836 ], [ -171.568134500506773, -14.044279500298671 ], [ -171.567937400590552, -14.044268000667671 ], [ -171.567673300282564, -14.044206800003792 ], [ -171.567466600103472, -14.044149000575885 ], [ -171.567287200643761, -14.044175100700272 ], [ -171.567180800053848, -14.04431290022012 ], [ -171.567151700690403, -14.044364500621157 ], [ -171.567149700598179, -14.044416900519479 ], [ -171.567221100473375, -14.044487900196373 ], [ -171.567178500487387, -14.044509300463801 ], [ -171.567065700321791, -14.044469700616162 ], [ -171.567050300331061, -14.04438350059803 ], [ -171.56688840077905, -14.044335800556723 ], [ -171.566778700576549, -14.044350000851807 ], [ -171.566609500328155, -14.044264900704547 ], [ -171.566545900273042, -14.044238700755386 ], [ -171.566412000213603, -14.044248800141986 ], [ -171.566304000629088, -14.044356100053903 ], [ -171.566188200325143, -14.044381300856287 ], [ -171.566121400482217, -14.044403700270493 ], [ -171.566060099993592, -14.044495000343943 ], [ -171.565979600777922, -14.044479100330193 ], [ -171.565934700326125, -14.044497600283989 ], [ -171.565914500653662, -14.044583100629552 ], [ -171.565930799966424, -14.044621400057508 ], [ -171.565989400690256, -14.044638600490998 ], [ -171.56594309999403, -14.044677000642992 ], [ -171.565898100616835, -14.044671700038862 ], [ -171.565851800819928, -14.044646600859892 ], [ -171.565816300082162, -14.044624100721649 ], [ -171.565896900021897, -14.044313200593706 ], [ -171.565747900345286, -14.044214700547968 ], [ -171.565477699935883, -14.044152300188443 ], [ -171.565222300568678, -14.044097100700583 ], [ -171.564820400740871, -14.044066600193389 ], [ -171.564691700561497, -14.04411300071439 ], [ -171.564583600252917, -14.044213300303511 ], [ -171.564577300501981, -14.044362700178397 ], [ -171.564525400626707, -14.044332000021711 ], [ -171.564425800710097, -14.044132000691206 ], [ -171.564298000752103, -14.044023500184323 ], [ -171.564199900005349, -14.043938000738081 ], [ -171.564066700517799, -14.044016700410339 ], [ -171.563956100093918, -14.044070500553119 ], [ -171.563864500546231, -14.044116800350025 ], [ -171.56378540067567, -14.044192700432745 ], [ -171.563736200565188, -14.0442269007508 ], [ -171.563659900284136, -14.044088000460818 ], [ -171.563478700381694, -14.043951500461333 ], [ -171.563286100672968, -14.043947300627394 ], [ -171.563146500710417, -14.044142000253089 ], [ -171.562891500642223, -14.044337700824201 ], [ -171.562776900033896, -14.044309700432279 ], [ -171.562748500342991, -14.044261500367895 ], [ -171.562671400564653, -14.044239000229652 ], [ -171.562641300255763, -14.044281700040358 ], [ -171.562600000689457, -14.044337609093361 ], [ -171.562503900034926, -14.04446770052391 ], [ -171.562400000459633, -14.044538907044853 ], [ -171.562359300741122, -14.044566800417442 ], [ -171.562258600054321, -14.044780900218313 ], [ -171.562213800326589, -14.044805500273583 ], [ -171.562127200110183, -14.044723000066369 ], [ -171.562103300626802, -14.044773300047723 ], [ -171.56219630041889, -14.044872400840575 ], [ -171.562095800280929, -14.04505880062311 ], [ -171.562087700087261, -14.044944400563566 ], [ -171.561995899990762, -14.044950900863341 ], [ -171.562031400728529, -14.045141800853401 ], [ -171.561905500138693, -14.045280700244064 ], [ -171.561830200803087, -14.045265500802202 ], [ -171.561823300305036, -14.045147200382928 ], [ -171.561643600471768, -14.045160200083103 ], [ -171.561514500094063, -14.045120100212387 ], [ -171.561468600495488, -14.045007200222074 ], [ -171.561373500786402, -14.0450411001666 ], [ -171.561370700297545, -14.045126899986371 ], [ -171.561294500740587, -14.045106000641397 ], [ -171.56121370025204, -14.045177100143007 ], [ -171.561103400201745, -14.045145000641241 ], [ -171.56076540080258, -14.045303400031855 ], [ -171.560708200323148, -14.045274800691459 ], [ -171.560642199977508, -14.04533760034991 ], [ -171.560652600636985, -14.045425000063631 ], [ -171.560563500305278, -14.045506300575255 ], [ -171.560361800356787, -14.045403700520296 ], [ -171.560237000537114, -14.045753200449781 ], [ -171.55997420064881, -14.045653200334868 ], [ -171.560133200786566, -14.04534860085721 ], [ -171.560214500398843, -14.045259799999712 ], [ -171.560323600753549, -14.045189900193691 ], [ -171.560467400550067, -14.045128700429132 ], [ -171.560394900803999, -14.045078400447778 ], [ -171.560288800587642, -14.045137000272291 ], [ -171.560102700279373, -14.045077300576907 ], [ -171.560173300657283, -14.044937900263847 ], [ -171.560178100339044, -14.044775100490426 ], [ -171.560384099946219, -14.044819300370364 ], [ -171.560485800679118, -14.044947700176181 ], [ -171.560639200738507, -14.044998000157534 ], [ -171.560793800493457, -14.045006900747808 ], [ -171.560883800147224, -14.044932800208528 ], [ -171.560808600636392, -14.044796200384269 ], [ -171.560696599968082, -14.044659200361764 ], [ -171.560662700023556, -14.044501500643719 ], [ -171.560644800816874, -14.044279200824406 ], [ -171.560691500812084, -14.04417080014224 ], [ -171.560647100383335, -14.044083500253294 ], [ -171.560562700807964, -14.04396700027678 ], [ -171.560459900204194, -14.043963200641144 ], [ -171.560286100822879, -14.044068600285641 ], [ -171.560207100777063, -14.044018400129005 ], [ -171.560041100316511, -14.044004200733241 ], [ -171.559912200487645, -14.044241000321847 ], [ -171.559841600109735, -14.044236800487909 ], [ -171.559768900714175, -14.044184300764812 ], [ -171.559733399976409, -14.044127500483739 ], [ -171.559766500423621, -14.043887700756727 ], [ -171.559741500170077, -14.04378390010686 ], [ -171.559646500285737, -14.043760700296048 ], [ -171.559522499963379, -14.043781900014608 ], [ -171.559418900761642, -14.043824200526387 ], [ -171.559387500033068, -14.043869200802931 ], [ -171.559394400531119, -14.04399480011989 ], [ -171.559407400231322, -14.044067100216466 ], [ -171.559390900369721, -14.044175300349764 ], [ -171.559315900508381, -14.044240100100467 ], [ -171.559232700628598, -14.044232500829196 ], [ -171.55920070005223, -14.04419859998535 ], [ -171.559119900463003, -14.044143000299186 ], [ -171.559014700468026, -14.044098900244023 ], [ -171.558747000173895, -14.044320700040203 ], [ -171.558717200238561, -14.044290500805914 ], [ -171.558800900141392, -14.044185800833986 ], [ -171.558865400417858, -14.044114900082548 ], [ -171.558944300638927, -14.044053700317988 ], [ -171.558786400372043, -14.04402309998602 ], [ -171.558715600344641, -14.044074100539262 ], [ -171.558667200630765, -14.044032400774654 ], [ -171.558667700653842, -14.043977200387417 ], [ -171.558655700100445, -14.043842500830692 ], [ -171.558517100183991, -14.043791800651036 ], [ -171.557891600117216, -14.043755900614258 ], [ -171.557739299928727, -14.043776800858609 ], [ -171.557715100071789, -14.043834800835327 ], [ -171.557672400261026, -14.043894400705994 ], [ -171.557804300228241, -14.044003500161352 ], [ -171.557865100693817, -14.044270300234132 ], [ -171.55789980013563, -14.044313300418423 ], [ -171.557928700748903, -14.044433000182778 ], [ -171.557917200218583, -14.044601200385046 ], [ -171.557861000684596, -14.04472440031077 ], [ -171.557818900721657, -14.044840000065903 ], [ -171.557745600578983, -14.044838100697746 ], [ -171.55772060032541, -14.044911100466891 ], [ -171.55762240065323, -14.044976500065388 ], [ -171.557579900491987, -14.04491850008867 ], [ -171.557573300367494, -14.044810200130598 ], [ -171.557527200220079, -14.044730100213883 ], [ -171.557470300114232, -14.044654100306445 ], [ -171.557451300137359, -14.044491800556102 ], [ -171.557489300091106, -14.044403500621002 ], [ -171.557446000432549, -14.044309200409202 ], [ -171.557241600719266, -14.044248600492494 ], [ -171.557216500640976, -14.04416200027606 ], [ -171.557021000618647, -14.044184200040775 ], [ -171.556809500757822, -14.04431770080123 ], [ -171.556896600097986, -14.044404700316647 ], [ -171.556993700798614, -14.04447830083285 ], [ -171.557024500780074, -14.044596100329727 ], [ -171.557000100374296, -14.044710000366194 ], [ -171.556871400194922, -14.044829600305775 ], [ -171.556838600121267, -14.044902500250146 ], [ -171.556734499997162, -14.04493620054518 ], [ -171.556640099960617, -14.044967900747963 ], [ -171.556607500435774, -14.044995800415791 ], [ -171.556517500782007, -14.045047900839904 ], [ -171.55637690077333, -14.045029100512522 ], [ -171.556405800487283, -14.04492290047142 ], [ -171.556430000344221, -14.044803400356614 ], [ -171.556372200016995, -14.044730500412243 ], [ -171.556377800095362, -14.044671100191067 ], [ -171.556458700408683, -14.044633700085171 ], [ -171.556435600422589, -14.044461700247211 ], [ -171.556279500598436, -14.044369900150741 ], [ -171.554937100566718, -14.044331900196994 ], [ -171.554495400342432, -14.044301200040309 ], [ -171.554070500353276, -14.04420960049265 ], [ -171.553365500217637, -14.044043700756163 ], [ -171.553154000356813, -14.044014900866955 ], [ -171.553045100550918, -14.044087200064212 ], [ -171.553065100573917, -14.044190800165268 ], [ -171.55304780031571, -14.04420390058948 ], [ -171.552983800062293, -14.044130000599012 ], [ -171.552922600297734, -14.044051600401019 ], [ -171.550014900567191, -14.043601400684054 ], [ -171.549791499977715, -14.04354050039376 ], [ -171.5496796000335, -14.043522900661287 ], [ -171.549513700297013, -14.043506200250874 ], [ -171.549294100242491, -14.043526100449128 ], [ -171.549017600082152, -14.043412800260455 ], [ -171.548473800725304, -14.043236200390311 ], [ -171.547964700810269, -14.043021400017551 ], [ -171.547706700603726, -14.042967300400562 ], [ -171.547253100550137, -14.042967200575788 ], [ -171.546995800016134, -14.042953700852593 ], [ -171.546626800086727, -14.042965400133085 ], [ -171.546413200308933, -14.042961300123864 ], [ -171.546197600438887, -14.042983100589595 ], [ -171.545921400652105, -14.043071800722998 ], [ -171.545785400675669, -14.043218400109026 ], [ -171.545695800320914, -14.043271700228729 ], [ -171.545568900584271, -14.043252700251855 ], [ -171.545366100764909, -14.043395100703265 ], [ -171.54523360005058, -14.043479100080333 ], [ -171.545350100027065, -14.043606200365787 ], [ -171.545330700751208, -14.043742200342251 ], [ -171.545292200774412, -14.04383560033267 ], [ -171.545344100649686, -14.043925400336889 ], [ -171.545286400147234, -14.043947800650415 ], [ -171.545201600373531, -14.043861800281832 ], [ -171.545157400493622, -14.0437531001254 ], [ -171.545091600696793, -14.043798800074512 ], [ -171.545036800507916, -14.043843700526338 ], [ -171.545092700567636, -14.043929199972581 ], [ -171.545139600212366, -14.043995500691778 ], [ -171.54510020001419, -14.044045600124321 ], [ -171.545042200037472, -14.044034600516341 ], [ -171.545018500203582, -14.044107800834297 ], [ -171.545054300415615, -14.044252600676941 ], [ -171.545096700752111, -14.044405900012237 ], [ -171.545099500341649, -14.044459200131939 ], [ -171.545141900678146, -14.044500400772847 ], [ -171.545082100258696, -14.044558300025471 ], [ -171.544989200291326, -14.04453600043604 ], [ -171.545050500779951, -14.044610000251282 ], [ -171.545042300761537, -14.044623200500268 ], [ -171.544972800254499, -14.044590200777122 ], [ -171.544882800600732, -14.04453600043604 ], [ -171.544792900771739, -14.044551800625072 ], [ -171.544806500319709, -14.044607400311236 ], [ -171.544870600397871, -14.044693300855101 ], [ -171.544858300370237, -14.044733000527515 ], [ -171.544792900771739, -14.044739600652008 ], [ -171.544757500758038, -14.044772700199928 ], [ -171.544694800024985, -14.044739600652008 ], [ -171.54453230062515, -14.044666800532355 ], [ -171.54449850050537, -14.044566300394422 ], [ -171.544467700523938, -14.044518500528341 ], [ -171.54442050050568, -14.044444900012081 ], [ -171.54436600069036, -14.044474000274874 ], [ -171.544321700086357, -14.044522700362279 ], [ -171.5442570001604, -14.04457050022836 ], [ -171.544205299934617, -14.044639000689301 ], [ -171.544171100515854, -14.044632700039017 ], [ -171.544139800511346, -14.044559700269929 ], [ -171.544120700709755, -14.04451230060215 ], [ -171.544059800419433, -14.044404300118288 ], [ -171.543942500046313, -14.044210700363465 ], [ -171.544126400612868, -14.043936000645886 ], [ -171.54410840068212, -14.043830800650881 ], [ -171.544043200733114, -14.043793199996117 ], [ -171.544017700456493, -14.043782400037685 ], [ -171.543755300766492, -14.043756400637335 ], [ -171.543477099988138, -14.043745300305318 ], [ -171.543392300214464, -14.043803600655622 ], [ -171.543382800675687, -14.043844600747661 ], [ -171.543403199997641, -14.043930500392207 ], [ -171.543354100611225, -14.043958300235317 ], [ -171.543288700113379, -14.043958300235317 ], [ -171.543260100773011, -14.043953000530507 ], [ -171.543235600542516, -14.043897500669061 ], [ -171.543154800053941, -14.043786500046906 ], [ -171.543111300745892, -14.04370110042538 ], [ -171.543088900432394, -14.043691599987312 ], [ -171.542725600406101, -14.043767900268335 ], [ -171.542647200208108, -14.043857900821422 ], [ -171.542590200277488, -14.043852300743026 ], [ -171.542541800563612, -14.043848400383297 ], [ -171.54248250016721, -14.043826000069828 ], [ -171.542415000651744, -14.043880100586136 ], [ -171.542311600200151, -14.043895300028055 ], [ -171.542164500791046, -14.043952100309127 ], [ -171.542036400459494, -14.044003700710164 ], [ -171.541888500653755, -14.044076600654535 ], [ -171.54174580072808, -14.044132800188549 ], [ -171.541714800197838, -14.044186400681781 ], [ -171.541663500170358, -14.044187500552653 ], [ -171.541560800290682, -14.044123700848047 ], [ -171.541436100295755, -14.04413070027158 ], [ -171.541267000771455, -14.044190500691002 ], [ -171.540851700145822, -14.044511900403847 ], [ -171.540666800432462, -14.044658899988178 ], [ -171.540640100460251, -14.044788000365884 ], [ -171.540599200192901, -14.044815800208994 ], [ -171.540566499943992, -14.044764200707277 ], [ -171.540541900788071, -14.044642500850671 ], [ -171.540449200470192, -14.044622700477191 ], [ -171.540401500428885, -14.044686200707531 ], [ -171.540371600668806, -14.044754900817964 ], [ -171.540109700102562, -14.044956500042417 ], [ -171.53996460078568, -14.045020800669363 ], [ -171.539952600232283, -14.044826500342651 ], [ -171.540006100001477, -14.044762700638103 ], [ -171.540041200540941, -14.044673900679925 ], [ -171.539971900582714, -14.044646600859892 ], [ -171.539808300412716, -14.044597600398902 ], [ -171.539553499994014, -14.044609600052979 ], [ -171.539384699943923, -14.044630100098971 ], [ -171.539247700820709, -14.044555900634236 ], [ -171.53907679995433, -14.044465000759146 ], [ -171.53892570036075, -14.044398200016872 ], [ -171.538607600260519, -14.044357800671889 ], [ -171.538371400519679, -14.0442559002895 ], [ -171.538112800465342, -14.044121700755852 ], [ -171.537976200641111, -14.044144199994776 ], [ -171.537861800581595, -14.044161900451286 ], [ -171.537751900729603, -14.044165900635733 ], [ -171.537655200227277, -14.044123200825027 ], [ -171.537663100771454, -14.044021200617863 ], [ -171.53764710003361, -14.043897000646041 ], [ -171.537351000048574, -14.043679400683743 ], [ -171.537076600704523, -14.043506100426157 ], [ -171.536798700299755, -14.043386800860105 ], [ -171.536436300494842, -14.043268200067359 ], [ -171.536125700740456, -14.043198500810092 ], [ -171.535764100432857, -14.043114100335401 ], [ -171.535621900530259, -14.043069400432444 ], [ -171.53530700021787, -14.042784000581094 ], [ -171.535208500172132, -14.042744900756531 ], [ -171.535008400117533, -14.042660500281841 ], [ -171.534945100436005, -14.042636400249648 ], [ -171.534896599998063, -14.042524200831167 ], [ -171.534819500219726, -14.042420500006017 ], [ -171.534674100529287, -14.042349400504406 ], [ -171.534495500566862, -14.042382000029249 ], [ -171.534386400212185, -14.042360300287555 ], [ -171.53446910006889, -14.042227200624779 ], [ -171.534433000382649, -14.042155300726506 ], [ -171.534183900766379, -14.042007500745513 ], [ -171.534107300111771, -14.042061000514707 ], [ -171.534116000153261, -14.042132200740411 ], [ -171.534104799996499, -14.042167100731092 ], [ -171.534012900075254, -14.04216950012227 ], [ -171.533922100024881, -14.042315400735106 ], [ -171.533863700749151, -14.042256299988196 ], [ -171.533862500154243, -14.042176800818652 ], [ -171.533952000684252, -14.042159900758747 ], [ -171.534040200794607, -14.042044100454802 ], [ -171.534037700679306, -14.04193440025233 ], [ -171.533969400767205, -14.041880200810567 ], [ -171.533889799974276, -14.041836800427973 ], [ -171.533842500131243, -14.041876000077309 ], [ -171.533770000385175, -14.041963799989333 ], [ -171.533755500615825, -14.041949100570491 ], [ -171.533802400260527, -14.041847700211122 ], [ -171.53382669994221, -14.041786300797071 ], [ -171.533792500523447, -14.041744000285348 ], [ -171.533696200219424, -14.041741599994793 ], [ -171.533628500155118, -14.041768200142258 ], [ -171.533609800551829, -14.041826000469484 ], [ -171.533585300321334, -14.041910100570647 ], [ -171.53358540014608, -14.042004400782446 ], [ -171.533542700335317, -14.041968300196856 ], [ -171.533557200104667, -14.041854200510897 ], [ -171.533592400468876, -14.041712700280868 ], [ -171.533729000293107, -14.041523400184701 ], [ -171.533437199966784, -14.041393500309766 ], [ -171.533306300045695, -14.041377700120734 ], [ -171.533220000202817, -14.041430700766171 ], [ -171.53312220072894, -14.041488099995775 ], [ -171.533017800231278, -14.041513100249347 ], [ -171.532916200222445, -14.041595100433483 ], [ -171.532722300094036, -14.041440100480202 ], [ -171.532777900679548, -14.041357600272988 ], [ -171.532710800463036, -14.041225000633233 ], [ -171.532467100376351, -14.041038400301886 ], [ -171.532315900058705, -14.040968600320582 ], [ -171.532149100100867, -14.040929300846528 ], [ -171.531796800581844, -14.040868900579255 ], [ -171.531671400015085, -14.040814900786984 ], [ -171.531356700251479, -14.040599700215921 ], [ -171.531093900363174, -14.040436700793066 ], [ -171.530923600243938, -14.040295200563037 ], [ -171.530898400340874, -14.040183300618764 ], [ -171.530835100659345, -14.040015000591779 ], [ -171.530730900710466, -14.039878800066504 ], [ -171.530497900757496, -14.039807700564893 ], [ -171.530332300495246, -14.039770800482017 ], [ -171.530153100685027, -14.039816700080621 ], [ -171.529631000170497, -14.03999870037967 ], [ -171.529442500470992, -14.040027800642463 ], [ -171.529051000403314, -14.039986400352063 ], [ -171.528875300754493, -14.039918200264708 ], [ -171.528691400187938, -14.039845800343357 ], [ -171.528532600599021, -14.039790600855497 ], [ -171.528403800594901, -14.039768200541971 ], [ -171.528002500614889, -14.039777300781736 ], [ -171.527640599933704, -14.039643800021281 ], [ -171.527067600489346, -14.039597100026072 ], [ -171.526541000666612, -14.03959780059796 ], [ -171.52628710046929, -14.039688800297824 ], [ -171.525990900659508, -14.039862300204959 ], [ -171.525815500484924, -14.040019100600944 ], [ -171.525662300075055, -14.040195500821653 ], [ -171.525386299937765, -14.040465600506991 ], [ -171.525231700182786, -14.040599000543409 ], [ -171.525036700183534, -14.04063530077849 ], [ -171.524843400802268, -14.040777300132277 ], [ -171.524606200116011, -14.040837400025964 ], [ -171.524309500283181, -14.040889600274795 ], [ -171.52389780054304, -14.040989300016122 ], [ -171.523473600226453, -14.041065400647653 ], [ -171.523121400532176, -14.04112180073048 ], [ -171.522567700538929, -14.041178100089212 ], [ -171.522218000060633, -14.041261600342523 ], [ -171.521808500062207, -14.041437299991344 ], [ -171.521341599934857, -14.041678600686851 ], [ -171.521192000410451, -14.041756999985523 ], [ -171.521034400517152, -14.041818200649402 ], [ -171.520878600167237, -14.041871800243314 ], [ -171.520659200661555, -14.041867800058867 ], [ -171.520191400312854, -14.041805300773945 ], [ -171.519826600217385, -14.041744300658877 ], [ -171.519541500739649, -14.041733100502142 ], [ -171.518649600798398, -14.041778400252952 ], [ -171.517442700720039, -14.04176280061273 ], [ -171.516149700448295, -14.041625300567148 ], [ -171.515110300000316, -14.041641900253467 ], [ -171.514192100285186, -14.0416692000735 ], [ -171.513432900707784, -14.04182980010512 ], [ -171.512527500143989, -14.042001800842399 ], [ -171.511772600225299, -14.04207290034401 ], [ -171.509915300550659, -14.042222200394178 ], [ -171.508935400148573, -14.042347900435232 ], [ -171.507568600610398, -14.042436400019824 ], [ -171.507449800168104, -14.042544300678912 ], [ -171.507102200506125, -14.042575200485089 ], [ -171.505124200121713, -14.042523657640629 ], [ -171.503905500038769, -14.042491900780533 ], [ -171.502696300393922, -14.042423100845383 ], [ -171.501472600080405, -14.042430400642445 ], [ -171.499535600687381, -14.041814300289673 ], [ -171.497963500315251, -14.041528000216999 ], [ -171.497076800254092, -14.041330300452955 ], [ -171.496369100353661, -14.041036300384917 ], [ -171.495378900016192, -14.040444600437922 ], [ -171.494738800355321, -14.040126800711221 ], [ -171.49377119998087, -14.039922200449155 ], [ -171.493263900508566, -14.03983330066626 ], [ -171.492938700260794, -14.039863900098851 ], [ -171.492689300270968, -14.039876799974309 ], [ -171.492451300087396, -14.040009500338101 ], [ -171.492292400673733, -14.039984000061509 ], [ -171.491168400101543, -14.040337099977137 ], [ -171.490246400750777, -14.04058150063571 ], [ -171.489336400154713, -14.040700500727496 ], [ -171.486373500036962, -14.040978200583424 ], [ -171.485734200772725, -14.041022400463362 ], [ -171.48521890003218, -14.04108480082283 ], [ -171.484798000227499, -14.041202900693293 ], [ -171.483433200781576, -14.041704000239349 ], [ -171.482532400250051, -14.041903900644456 ], [ -171.481425200812339, -14.042005800127527 ], [ -171.480302700309352, -14.042157800841778 ], [ -171.47955250024765, -14.042217600361937 ], [ -171.478903300347014, -14.042248100869131 ], [ -171.478493499975031, -14.042326400343029 ], [ -171.478205900381965, -14.04244340034262 ], [ -171.4779259000602, -14.042419500859239 ], [ -171.477450400615481, -14.042469700116499 ], [ -171.4771128005153, -14.042568500535822 ], [ -171.477024400755454, -14.042694100752101 ], [ -171.4760603005424, -14.043049100035887 ], [ -171.475812100248191, -14.043175400824055 ], [ -171.475522600387677, -14.043239800376455 ], [ -171.475166600158445, -14.043192100335091 ], [ -171.474404300617948, -14.0432388003303 ], [ -171.472142200801898, -14.043757400683432 ], [ -171.471753500323757, -14.043837500600148 ], [ -171.470301300264765, -14.04412710028538 ], [ -171.470033000122839, -14.044193900128334 ], [ -171.469128800153982, -14.044606000066779 ], [ -171.468856800201138, -14.044777100582678 ], [ -171.468497500359319, -14.045174800576547 ], [ -171.468235700517141, -14.04551880025241 ], [ -171.467918700287754, -14.045814200564848 ], [ -171.467666600533164, -14.046042400836086 ], [ -171.467422300598656, -14.046150600070064 ], [ -171.467033400471024, -14.046194100277432 ], [ -171.466690200292476, -14.046161900051573 ], [ -171.466405300464231, -14.046023600508704 ], [ -171.466246800349523, -14.045788600463482 ], [ -171.466013800396553, -14.045335200059412 ], [ -171.465678800236418, -14.045098000272446 ], [ -171.464961300423653, -14.044646800509383 ], [ -171.464355900204595, -14.044468400196479 ], [ -171.463841800058987, -14.044404000644079 ], [ -171.462381900004658, -14.044475100145689 ], [ -171.461559300021662, -14.044490400311702 ], [ -171.461059600719977, -14.044527200569803 ], [ -171.460284400404731, -14.044676500619971 ], [ -171.459880900683004, -14.044798200476521 ], [ -171.45943250050945, -14.045053200544714 ], [ -171.458424300241234, -14.045148900101594 ], [ -171.457670700742227, -14.045346100741938 ], [ -171.457125100043299, -14.045326300368401 ], [ -171.456848200583948, -14.045417700266626 ], [ -171.456233500475633, -14.045479500778299 ], [ -171.455888500753673, -14.045604800620993 ], [ -171.455389500225237, -14.04586379997437 ], [ -171.454980200775623, -14.045947900075475 ], [ -171.454761100744179, -14.045936200794984 ], [ -171.454350900173864, -14.045836500154337 ], [ -171.453705999931913, -14.045729500615892 ], [ -171.45318830069948, -14.045691500662201 ], [ -171.4528318004472, -14.045769500661891 ], [ -171.452417300218201, -14.045812800320448 ], [ -171.451483300314038, -14.045811800274294 ], [ -171.45091930038538, -14.045883400698358 ], [ -171.450069900605399, -14.045932800458331 ], [ -171.449374200359046, -14.045960200103082 ], [ -171.448440700477931, -14.045984700333634 ], [ -171.445484100111116, -14.046402599999965 ], [ -171.444722800616717, -14.046591400072998 ], [ -171.444351000198481, -14.046588700308234 ], [ -171.444132600738897, -14.046551300202282 ], [ -171.443906600209402, -14.046563800778756 ], [ -171.443790000408171, -14.046614900257396 ], [ -171.443484000686055, -14.046704800086388 ], [ -171.443310200405392, -14.046850400325695 ], [ -171.443150700244587, -14.04699750063412 ], [ -171.442941900148554, -14.047026300523328 ], [ -171.442556200708083, -14.047047000218811 ], [ -171.442504200108715, -14.047150800868735 ], [ -171.442308700086414, -14.047167200006243 ], [ -171.442232500529457, -14.047110300799716 ], [ -171.441238800030561, -14.047255300291852 ], [ -171.44001610066249, -14.047551500101576 ], [ -171.439018200329656, -14.047867700833706 ], [ -171.43842240037344, -14.048097300450024 ], [ -171.438293900742906, -14.048260700071182 ], [ -171.437799700795523, -14.048325700370754 ], [ -171.436902300600678, -14.048525500051767 ], [ -171.436329999929512, -14.048662500074272 ], [ -171.43570580028242, -14.048654000581621 ], [ -171.435581299937013, -14.048644700692364 ], [ -171.435045800423325, -14.048618700392637 ], [ -171.434262300264919, -14.048918700737431 ], [ -171.434134600131671, -14.04888679998578 ], [ -171.43410289992886, -14.048827500488699 ], [ -171.434312500421527, -14.048679000835193 ], [ -171.434468300771442, -14.048544200554375 ], [ -171.43442560006136, -14.048431700762308 ], [ -171.434468800794491, -14.048323100430707 ], [ -171.435061800261849, -14.047870800796773 ], [ -171.435252200228831, -14.047858000746089 ], [ -171.435510600633677, -14.047631900391821 ], [ -171.435698100287084, -14.047495800590696 ], [ -171.435966700802567, -14.04755280052126 ], [ -171.43610920017943, -14.04778670069561 ], [ -171.436370300349068, -14.047916200372299 ], [ -171.436588800532689, -14.047825700695512 ], [ -171.436841000112025, -14.047643300198104 ], [ -171.43708930023098, -14.047353400139286 ], [ -171.437295700036486, -14.046830500127442 ], [ -171.437328100811186, -14.0465145008435 ], [ -171.437279100350167, -14.046155200102362 ], [ -171.437323000755839, -14.046046700494799 ], [ -171.437499900100278, -14.045822700057499 ], [ -171.437568100187633, -14.045477300137236 ], [ -171.437587199989252, -14.045254000271825 ], [ -171.437326900216249, -14.044655200177317 ], [ -171.437087899986579, -14.043944000115459 ], [ -171.436905700038011, -14.043390500671023 ], [ -171.436692100260188, -14.043024000856917 ], [ -171.436503200362381, -14.042597600798615 ], [ -171.436433400381105, -14.042302800333914 ], [ -171.436113000714386, -14.041585599995415 ], [ -171.435984700733314, -14.041397000471136 ], [ -171.435819500669396, -14.041009400763187 ], [ -171.4353400999656, -14.039863000776791 ], [ -171.435020600520261, -14.039629200427214 ], [ -171.4350613002388, -14.039564400676511 ], [ -171.434977100312892, -14.039544700127749 ], [ -171.434933500280778, -14.039401000155976 ], [ -171.435052600197309, -14.039257300184204 ], [ -171.434936400594381, -14.038955800669612 ], [ -171.434797000281321, -14.038736100790345 ], [ -171.4346402007846, -14.038206400105253 ], [ -171.434436900042869, -14.038116200801994 ], [ -171.434314900712081, -14.03798380081173 ], [ -171.434242300241948, -14.037648600102784 ], [ -171.434410800817773, -14.037558400799526 ], [ -171.433863700049699, -14.035286400347047 ], [ -171.433726000354596, -14.034878400417824 ], [ -171.433525000078674, -14.034473300802119 ], [ -171.433367200535855, -14.03452500012861 ], [ -171.433258400554706, -14.034270800457023 ], [ -171.433387000010015, -14.034141200056297 ], [ -171.432577000428211, -14.032393700408875 ], [ -171.432062300434779, -14.03134150080956 ], [ -171.431640800782304, -14.030710900687495 ], [ -171.431448200174259, -14.030782200737917 ], [ -171.431297900077993, -14.030664100867511 ], [ -171.431245500179671, -14.03047990082672 ], [ -171.431329500456059, -14.030376800748684 ], [ -171.431433400031352, -14.030319200071006 ], [ -171.431094600235582, -14.029731600133175 ], [ -171.431018000480321, -14.02975080065886 ], [ -171.430986000803273, -14.029583899976956 ], [ -171.430810600628689, -14.029655300751472 ], [ -171.430679800532346, -14.029389200351261 ], [ -171.430778200753338, -14.029312300222443 ], [ -171.43076090049513, -14.02918750040277 ], [ -171.430580400265228, -14.028911700814319 ], [ -171.430462300394822, -14.028975500518868 ], [ -171.430217000414217, -14.028499100852798 ], [ -171.430318400773558, -14.02844640058089 ], [ -171.430128000806576, -14.028103400051805 ], [ -171.429912900060259, -14.02782750063858 ], [ -171.429829700180505, -14.027784000431211 ], [ -171.429422600472606, -14.027215300645537 ], [ -171.429342800030156, -14.027259700174966 ], [ -171.429119300515282, -14.026931800162401 ], [ -171.428953700253032, -14.02700130066944 ], [ -171.428879200414741, -14.027086300092606 ], [ -171.428899200437712, -14.027133500110892 ], [ -171.428849699953673, -14.027171400239865 ], [ -171.428834100313452, -14.027153700682675 ], [ -171.428812300747069, -14.027175700797898 ], [ -171.428795000488861, -14.027157100120007 ], [ -171.428818100474928, -14.027127000710493 ], [ -171.428560600291434, -14.026800400218235 ], [ -171.428788500189114, -14.02663740079538 ], [ -171.428762000765687, -14.026508100768183 ], [ -171.428716300816603, -14.026471200685307 ], [ -171.428594100037657, -14.026454300625403 ], [ -171.428560500466688, -14.026380100261349 ], [ -171.428666900157282, -14.026320100192436 ], [ -171.42837530037977, -14.025940700502872 ], [ -171.427973900575012, -14.025380500209849 ], [ -171.42766550056237, -14.024991300608008 ], [ -171.427337600549805, -14.024604200023759 ], [ -171.427116200052552, -14.024395000628715 ], [ -171.426951200537445, -14.024504300632941 ], [ -171.424939800231556, -14.026055800234928 ], [ -171.424451700385646, -14.026394200731716 ], [ -171.42439180014145, -14.026341100261504 ], [ -171.424705400034156, -14.026078300373229 ], [ -171.424390500621087, -14.025727900222364 ], [ -171.42375400004704, -14.024958500534353 ], [ -171.423970500138438, -14.024835300608572 ], [ -171.424636200799995, -14.025516900384616 ], [ -171.424951100213065, -14.025311100426904 ], [ -171.424199000783233, -14.024641800678523 ], [ -171.424547899965575, -14.024402500075269 ], [ -171.425325100373044, -14.025006100750886 ], [ -171.426835700607057, -14.023978200833255 ], [ -171.426745200030922, -14.023758800428254 ], [ -171.426540200469844, -14.023741300520555 ], [ -171.426255600115837, -14.023370200674151 ], [ -171.426246300226552, -14.023186900854739 ], [ -171.425536500409152, -14.022124700794279 ], [ -171.425293800368564, -14.021791300528037 ], [ -171.425177700590382, -14.021623900722375 ], [ -171.424883600697598, -14.021165100788721 ], [ -171.424794500365863, -14.021147000133908 ], [ -171.424722300094061, -14.021076900678395 ], [ -171.424698900633729, -14.020985200406642 ], [ -171.424714600098696, -14.020949800392941 ], [ -171.42468849997428, -14.020733999974084 ], [ -171.424689500020378, -14.020674400103417 ], [ -171.424522500413048, -14.020228100746181 ], [ -171.424407100307405, -14.019804000254339 ], [ -171.424277700455491, -14.01954960003394 ], [ -171.424168600100785, -14.019189800169102 ], [ -171.42407140047473, -14.018762600613456 ], [ -171.42388120015724, -14.018370100499681 ], [ -171.423842000507904, -14.018313900066403 ], [ -171.423890600770591, -14.017721400622122 ], [ -171.423928100701261, -14.017670300244106 ], [ -171.423949100770358, -14.017324200651274 ], [ -171.423907100632164, -14.017205500033754 ], [ -171.423934400452197, -14.016993500149852 ], [ -171.424104100723639, -14.016717200538324 ], [ -171.424115600354639, -14.016512500451483 ], [ -171.424197800188296, -14.015866800712217 ], [ -171.42436860033061, -14.015143000249225 ], [ -171.424375100630357, -14.014963300415957 ], [ -171.424318900197051, -14.014663400795257 ], [ -171.424244000160456, -14.014356200478232 ], [ -171.424179800257548, -14.014054000391752 ], [ -171.424274200294093, -14.0140506000551 ], [ -171.424288200040365, -14.013782600286731 ], [ -171.424407100307405, -14.013724900683599 ], [ -171.424389600399707, -14.013412200112896 ], [ -171.424435200524044, -14.013345300445224 ], [ -171.424514600768191, -14.01329550048689 ], [ -171.424527899942603, -14.013245000856045 ], [ -171.424529200362286, -14.013147300307594 ], [ -171.424494100722143, -14.01314460054283 ], [ -171.424496100814366, -14.013083100404742 ], [ -171.424410600468804, -14.013078700021936 ], [ -171.424493600699094, -14.012698000812065 ], [ -171.424545100376065, -14.01264869997749 ], [ -171.4246142006848, -14.012632200115888 ], [ -171.424661299978993, -14.012544400203865 ], [ -171.424792900471942, -14.011280000171837 ], [ -171.424741000596669, -14.011258400254917 ], [ -171.424750900333748, -14.011160100757991 ], [ -171.424792900471942, -14.011157700467436 ], [ -171.425061900286437, -14.00876780069342 ], [ -171.425049900632388, -14.008595100283628 ], [ -171.424952600282239, -14.008427800302684 ], [ -171.424858400794534, -14.008326900865711 ], [ -171.424839200268849, -14.008059200571608 ], [ -171.424830000204309, -14.007859900014353 ], [ -171.424865300393265, -14.007777000508099 ], [ -171.424969600166889, -14.007764000807924 ], [ -171.425042100812277, -14.007822700457211 ], [ -171.425107400586029, -14.007754600194573 ], [ -171.425138800415283, -14.007604500647119 ], [ -171.42514210002787, -14.007522900661286 ], [ -171.425096200429266, -14.007443500417139 ], [ -171.425060500042008, -14.007448700297232 ], [ -171.425035300138973, -14.007419100011418 ], [ -171.425028700014479, -14.007376700574241 ], [ -171.424952500457493, -14.007374400108461 ], [ -171.424924700614412, -14.007095400732112 ], [ -171.424995500641813, -14.007063100681478 ], [ -171.425058800323342, -14.007091000349362 ], [ -171.425099300392361, -14.00677180037826 ], [ -171.425184700013858, -14.006713200553691 ], [ -171.425220800599448, -14.006448700047429 ], [ -171.42520650047959, -14.006211300610971 ], [ -171.425107400586029, -14.005967399975475 ], [ -171.424952600282239, -14.00584540064466 ], [ -171.424762899987826, -14.005899200787439 ], [ -171.424759600375239, -14.005491400507708 ], [ -171.424711099937298, -14.005321200213189 ], [ -171.4246446004679, -14.005140100135463 ], [ -171.424543500482145, -14.004883400348604 ], [ -171.424493300325508, -14.004874400832875 ], [ -171.424464500436329, -14.004750500335263 ], [ -171.424509500712873, -14.004620800109819 ], [ -171.42455190015005, -14.004545700423705 ], [ -171.42446840079603, -14.004447300202685 ], [ -171.424411600514929, -14.004245800803005 ], [ -171.424443199993647, -14.004208299973016 ], [ -171.424469800141139, -14.004189600369727 ], [ -171.424395600676405, -14.004036000660847 ], [ -171.42437570047818, -14.00391910048603 ], [ -171.424390800095324, -14.003795800735588 ], [ -171.424460500251854, -14.003689000846691 ], [ -171.424626200338849, -14.003247800645454 ], [ -171.424747600721162, -14.003015000341918 ], [ -171.424888000181028, -14.002843900725395 ], [ -171.424966700752606, -14.002815000112093 ], [ -171.425452099934432, -14.002173900405126 ], [ -171.425761900191503, -14.001719200480693 ], [ -171.42597170033369, -14.001294800514586 ], [ -171.426122100254702, -14.000750800608898 ], [ -171.426173599931673, -14.000400800656394 ], [ -171.426205300134455, -14.000243300587783 ], [ -171.426306900143288, -14.000169400597315 ], [ -171.426343100553623, -14.000053300819104 ], [ -171.426491600207157, -13.999999600501098 ], [ -171.426680500104965, -13.999637800544008 ], [ -171.426927100505253, -13.999515700489155 ], [ -171.427002700214416, -13.999598599995352 ], [ -171.427237200236561, -13.99923270002904 ], [ -171.42710910080433, -13.998923100320781 ], [ -171.427193700029193, -13.998812800270457 ], [ -171.427271000356342, -13.998862100205713 ], [ -171.427616700650191, -13.998615800178982 ], [ -171.427922100524484, -13.998302600484578 ], [ -171.428133900758894, -13.998008300042954 ], [ -171.428172100362104, -13.997874800181819 ], [ -171.42814020050983, -13.997773500546543 ], [ -171.428059600570094, -13.997644100694629 ], [ -171.427943100593581, -13.997604900145973 ], [ -171.427945499984816, -13.997414900377294 ], [ -171.428044600777667, -13.997208500571787 ], [ -171.428003499961534, -13.997027800692422 ], [ -171.428052500422524, -13.996892900586829 ], [ -171.428183300518867, -13.996810200730124 ], [ -171.428340000190815, -13.99659660005301 ], [ -171.428458000236503, -13.996338200547484 ], [ -171.428241400320331, -13.99595650039214 ], [ -171.42816690048204, -13.995926700456835 ], [ -171.428116500675941, -13.995799100148304 ], [ -171.42813840006707, -13.99573110060976 ], [ -171.428037600454871, -13.995495000693666 ], [ -171.42804199993833, -13.995403600795498 ], [ -171.427935800796547, -13.995380900108387 ], [ -171.428040900067458, -13.995122500602861 ], [ -171.428229799965266, -13.994944500488259 ], [ -171.428315900158651, -13.994892700437731 ], [ -171.428332600569036, -13.994882699976586 ], [ -171.429229100542528, -13.994403100522618 ], [ -171.430214699948408, -13.99402260006292 ], [ -171.430418300164405, -13.993943600017076 ], [ -171.43048720082362, -13.993916900044837 ], [ -171.430621200707833, -13.993477400461643 ], [ -171.430847700361056, -13.993419000286565 ], [ -171.430955900494382, -13.993452000009768 ], [ -171.431073199968182, -13.993359200766463 ], [ -171.431772200726442, -13.992764200307533 ], [ -171.43217040074336, -13.992462400419413 ], [ -171.432706599929617, -13.991916500246248 ], [ -171.433247400047435, -13.991555500685763 ], [ -171.433519400000279, -13.991220100327325 ], [ -171.433830000653984, -13.99072180037075 ], [ -171.433839000169684, -13.990581000712552 ], [ -171.433980900598044, -13.990205400658681 ], [ -171.434053500168858, -13.98979990084473 ], [ -171.434009300288949, -13.989440700827629 ], [ -171.433730300013309, -13.989182300422783 ], [ -171.433654500654654, -13.988939300008667 ], [ -171.433621400207414, -13.988794700714834 ], [ -171.433496900761327, -13.988803300032203 ], [ -171.433458400784531, -13.988929800469862 ], [ -171.433411000217461, -13.988987400248277 ], [ -171.433194599950809, -13.98901610031271 ], [ -171.433126500587491, -13.988912600036429 ], [ -171.433096800476932, -13.988814800562523 ], [ -171.433077300477009, -13.988758800678056 ], [ -171.433209500817782, -13.988852200668475 ], [ -171.433369500102316, -13.98883210082073 ], [ -171.433425800360368, -13.98882630019358 ], [ -171.433473200028118, -13.988757300608881 ], [ -171.43363920048867, -13.988702700069496 ], [ -171.43368060077907, -13.988596300378902 ], [ -171.433796200534204, -13.98849560059142 ], [ -171.434057000330284, -13.988369100153818 ], [ -171.43412520041764, -13.988268500191111 ], [ -171.434214100200535, -13.988280000721431 ], [ -171.434261500767633, -13.988380600684138 ], [ -171.434480800448569, -13.988476400065792 ], [ -171.434707200277046, -13.988406700808525 ], [ -171.434758100106194, -13.98831020085504 ], [ -171.435012199953036, -13.988341999983277 ], [ -171.435152500487476, -13.988473800125746 ], [ -171.43548340063839, -13.988600400388123 ], [ -171.435546800144692, -13.98879110072869 ], [ -171.435659500485542, -13.989218300284278 ], [ -171.436126400612864, -13.989270299984298 ], [ -171.436542400011717, -13.989203000118323 ], [ -171.437000000249782, -13.989104300423094 ], [ -171.437394799930047, -13.988767000696498 ], [ -171.437915200725911, -13.988283499983481 ], [ -171.438152300688103, -13.987941100201567 ], [ -171.438266500198807, -13.987561400138475 ], [ -171.43839570040123, -13.986865900440932 ], [ -171.438105999991876, -13.98668430034013 ], [ -171.437856700726144, -13.9864973007098 ], [ -171.437564800575046, -13.986205900581808 ], [ -171.437170800392096, -13.98585810037099 ], [ -171.437168100627304, -13.985639500362595 ], [ -171.437281500640722, -13.985477200612252 ], [ -171.4373593000916, -13.9852833004839 ], [ -171.437318299999532, -13.985155600350652 ], [ -171.437200799976921, -13.985109700752048 ], [ -171.437171000041587, -13.98488890010259 ], [ -171.43710010018944, -13.984836600029041 ], [ -171.437192300484242, -13.984711300186291 ], [ -171.437179500433558, -13.984580900288279 ], [ -171.437284300230232, -13.984536900057833 ], [ -171.437395799976173, -13.984560200592739 ], [ -171.437920700080213, -13.984890300347047 ], [ -171.438035199964474, -13.984776100836314 ], [ -171.438315500659797, -13.98437640075025 ], [ -171.43854430077883, -13.983602500854659 ], [ -171.438387400558071, -13.983459800029721 ], [ -171.438355399981702, -13.983376600149938 ], [ -171.438361600807212, -13.983241000371834 ], [ -171.438414900027595, -13.982953200229986 ], [ -171.438485700054997, -13.983071400824429 ], [ -171.438556500082399, -13.983002700713996 ], [ -171.438613200538754, -13.98308790068603 ], [ -171.438918600413047, -13.983087300838235 ], [ -171.43933850017163, -13.98311090084735 ], [ -171.439406000586445, -13.9832312004595 ], [ -171.439626200488732, -13.983124300745828 ], [ -171.439861200533954, -13.982837200276549 ], [ -171.439988900667203, -13.982497400434625 ], [ -171.440044500353395, -13.982279900297101 ], [ -171.440044500353395, -13.981693200580708 ], [ -171.439606499939998, -13.981271400554647 ], [ -171.439667100756054, -13.980732600529052 ], [ -171.43992730070434, -13.979838100647783 ], [ -171.439820200441858, -13.979772000477396 ], [ -171.439792100225219, -13.979632000316542 ], [ -171.439903800519943, -13.979522100464521 ], [ -171.440060900390222, -13.979366100465143 ], [ -171.440212800380408, -13.979285200151821 ], [ -171.440228700394186, -13.979083600028048 ], [ -171.440492300679097, -13.978551100652737 ], [ -171.440505200554526, -13.978528200316134 ], [ -171.440813600567196, -13.977981500645683 ], [ -171.440898300516125, -13.977678100863614 ], [ -171.440910900017997, -13.97753950004784 ], [ -171.440901600128711, -13.977392800837038 ], [ -171.440851500696169, -13.977190400316658 ], [ -171.440619100590993, -13.976925500511413 ], [ -171.440593600314372, -13.976772300101516 ], [ -171.440665700761457, -13.976712100383054 ], [ -171.440938400386841, -13.976635800102031 ], [ -171.440987500672577, -13.976461600522384 ], [ -171.440818900272006, -13.976386300287459 ], [ -171.440755100567401, -13.976269100638433 ], [ -171.440604400272832, -13.97600970018749 ], [ -171.440687100129537, -13.975875900852088 ], [ -171.440804699976894, -13.975791300727906 ], [ -171.44093360070508, -13.975807200741656 ], [ -171.441055500211149, -13.975760500746446 ], [ -171.441250400385655, -13.975658000516262 ], [ -171.441423800467987, -13.975848500308018 ], [ -171.441431100265049, -13.975938900160088 ], [ -171.441918300788927, -13.976012400851573 ], [ -171.442201300349694, -13.976141400505185 ], [ -171.442381500206039, -13.976054700464033 ], [ -171.442412700385773, -13.975988700118364 ], [ -171.442353200339909, -13.975895200303228 ], [ -171.442327700063288, -13.975862200580025 ], [ -171.442285200801336, -13.975829200856879 ], [ -171.442265400427857, -13.975711000262379 ], [ -171.4423079005891, -13.975645000816087 ], [ -171.442370200224531, -13.975752200003967 ], [ -171.442435400173565, -13.97577420011919 ], [ -171.442534500067097, -13.975779700372811 ], [ -171.442656400472487, -13.975810000331194 ], [ -171.442781500665689, -13.975921700625918 ], [ -171.443484900008116, -13.976061700786829 ], [ -171.443665300413244, -13.976060600016638 ], [ -171.444196900466551, -13.975915300150916 ], [ -171.44479840032588, -13.975763200511267 ], [ -171.444915900348491, -13.97566700003199 ], [ -171.445006300200561, -13.9756079001844 ], [ -171.445437100641641, -13.975415300475674 ], [ -171.445537000032488, -13.975396300498801 ], [ -171.446052500422525, -13.975073100343252 ], [ -171.446177600615755, -13.974974200099211 ], [ -171.446215100546425, -13.974879000565352 ], [ -171.446545800148527, -13.974630500796934 ], [ -171.446918200414586, -13.974413300133676 ], [ -171.44723230033037, -13.974213000429586 ], [ -171.447500100449247, -13.9741244001209 ], [ -171.447543200458313, -13.974050200656166 ], [ -171.44765090056859, -13.974054000291858 ], [ -171.447877500046559, -13.974055500361033 ], [ -171.448111000022607, -13.973995000268985 ], [ -171.44827860037708, -13.973857200749194 ], [ -171.448388900427375, -13.97370410016407 ], [ -171.448444700662378, -13.973543700681205 ], [ -171.44823100016049, -13.973489000317045 ], [ -171.448116000253179, -13.9734500003172 ], [ -171.44803710003211, -13.973464800460135 ], [ -171.447967800073883, -13.973437900838405 ], [ -171.447904100194052, -13.973350500225365 ], [ -171.44799130025828, -13.973327700612856 ], [ -171.44805780062697, -13.973312900469921 ], [ -171.448136800672785, -13.973312900469921 ], [ -171.448221300072902, -13.973329000133219 ], [ -171.448328000137082, -13.973380100511179 ], [ -171.44841800069014, -13.973401600603324 ], [ -171.44853160035305, -13.973428500225054 ], [ -171.448555200362193, -13.973505099980343 ], [ -171.448645200015932, -13.973538700450604 ], [ -171.448758800578162, -13.973518600602915 ], [ -171.448843299978279, -13.973479600603014 ], [ -171.448933400356111, -13.973409700796992 ], [ -171.448979100305195, -13.97333040037762 ], [ -171.449049700683105, -13.973323600603635 ], [ -171.449069099958962, -13.973357200174576 ], [ -171.449067700613853, -13.973424500040608 ], [ -171.449062200360231, -13.973523900307725 ], [ -171.448974900471256, -13.973588500408937 ], [ -171.448863600374835, -13.973668600325595 ], [ -171.448776800508909, -13.973784700103806 ], [ -171.448681600075759, -13.973926500707421 ], [ -171.448701300624492, -13.97414160055439 ], [ -171.448767500619624, -13.974304200678262 ], [ -171.449217899986081, -13.974411600414953 ], [ -171.449659000362544, -13.974406400534917 ], [ -171.450074600462415, -13.97431229997261 ], [ -171.451328600734314, -13.974278500752177 ], [ -171.45181700005449, -13.974567500589615 ], [ -171.452368300656531, -13.974629000727759 ], [ -171.452685100337078, -13.97448180059456 ], [ -171.452681000327885, -13.974104300273211 ], [ -171.452911099967253, -13.973889400075734 ], [ -171.453102600704426, -13.973518700427633 ], [ -171.453208400547226, -13.973321000663589 ], [ -171.453392600588018, -13.973229700590139 ], [ -171.453678400637642, -13.973091200498459 ], [ -171.454057400128875, -13.973490400561502 ], [ -171.454017900105981, -13.973874900306384 ], [ -171.453967699949374, -13.974402900373491 ], [ -171.453203200667161, -13.977684800812881 ], [ -171.453475700643054, -13.978138600515933 ], [ -171.454226900750854, -13.979056700406375 ], [ -171.454480800048856, -13.979285600350124 ], [ -171.454838900195057, -13.979396500248242 ], [ -171.455816599956108, -13.979613100164386 ], [ -171.456422099999884, -13.979527900192409 ], [ -171.45661609995301, -13.979294000018058 ], [ -171.456765400003178, -13.978818200199726 ], [ -171.456937800039412, -13.978468400796032 ], [ -171.457210800038354, -13.978088200709863 ], [ -171.457584300175284, -13.977666100310216 ], [ -171.458005500353522, -13.977347099988606 ], [ -171.458283200209507, -13.976850300101205 ], [ -171.458340799987894, -13.976604600821645 ], [ -171.458335200808847, -13.976432600084365 ], [ -171.458448800471729, -13.976335800656614 ], [ -171.458581800309815, -13.976257800656924 ], [ -171.458590100152975, -13.976144900666611 ], [ -171.458714800147874, -13.976115300380741 ], [ -171.458841700783836, -13.97610240050534 ], [ -171.458986400801734, -13.976212100707812 ], [ -171.458986400801734, -13.976351900319912 ], [ -171.459075000211072, -13.976561600637297 ], [ -171.45919580074559, -13.976748400618135 ], [ -171.459269000164198, -13.977131600842654 ], [ -171.459294800814376, -13.977466100080392 ], [ -171.460193000506536, -13.978089900428529 ], [ -171.461609800551827, -13.978013000299654 ], [ -171.46279770065334, -13.97792290082117 ], [ -171.463168100827176, -13.97785670082601 ], [ -171.463419800383463, -13.977771900153016 ], [ -171.463527700143231, -13.977702000346994 ], [ -171.463766800197646, -13.977630500647024 ], [ -171.463883399998878, -13.977550800029348 ], [ -171.463970800611918, -13.977430000394179 ], [ -171.464039700371842, -13.977373400661861 ], [ -171.464113900735896, -13.977358000671131 ], [ -171.46433990036607, -13.977223200390313 ], [ -171.464826500142834, -13.976648400503223 ], [ -171.465192100634908, -13.976242200117383 ], [ -171.465372300491254, -13.976107800034924 ], [ -171.465782900360523, -13.975923500169358 ], [ -171.466363100676517, -13.975712699981045 ], [ -171.466515300140969, -13.975707700649821 ], [ -171.46722670075161, -13.975830900575545 ], [ -171.467822600532571, -13.975835500607843 ], [ -171.468026800596334, -13.97577950072332 ], [ -171.46861340048801, -13.97556650079332 ], [ -171.46915000077189, -13.975280800568441 ], [ -171.469606500239763, -13.974956400717247 ], [ -171.469852100593954, -13.974712600805844 ], [ -171.46997919998006, -13.974509500612896 ], [ -171.470083500653004, -13.974147400282277 ], [ -171.470132900413006, -13.973812800320445 ], [ -171.470088499984257, -13.973548000339918 ], [ -171.469947500676597, -13.973265200428614 ], [ -171.469817600801605, -13.973082700106488 ], [ -171.469902300750562, -13.972910800093302 ], [ -171.470383000075373, -13.972005000230524 ], [ -171.470473899950491, -13.971894500530709 ], [ -171.470524400480684, -13.971810900452624 ], [ -171.470627500558663, -13.9716109002228 ], [ -171.470702400595286, -13.971387900730974 ], [ -171.47074739997251, -13.971136500648925 ], [ -171.470743600336846, -13.970931000165479 ], [ -171.470687400802888, -13.970752900226103 ], [ -171.470700500327808, -13.97067840038784 ], [ -171.470636000051343, -13.970040900666959 ], [ -171.470661199954378, -13.970007600570284 ], [ -171.470635000005217, -13.969824000377287 ], [ -171.470567500489722, -13.969684000216375 ], [ -171.47045920053165, -13.969442300221942 ], [ -171.470290300656814, -13.969142300776525 ], [ -171.470168500076198, -13.968973200352877 ], [ -171.470078600247177, -13.968927700053257 ], [ -171.469934300427582, -13.968853200214994 ], [ -171.469732000631296, -13.96872960009091 ], [ -171.469584000101491, -13.968502400765146 ], [ -171.469497900807454, -13.968384200170647 ], [ -171.469427300429544, -13.968286200147986 ], [ -171.469486600825945, -13.968247799995936 ], [ -171.469406100710955, -13.968164200817171 ], [ -171.46933860029614, -13.968164200817171 ], [ -171.469314300614457, -13.968073300042704 ], [ -171.469327400139377, -13.968000600647144 ], [ -171.469387300383573, -13.968042400236527 ], [ -171.469409800521845, -13.967986099978475 ], [ -171.469467900323309, -13.967857000500146 ], [ -171.469490400461581, -13.967798799974616 ], [ -171.469511000332375, -13.967718800781995 ], [ -171.469544700627409, -13.967691600786679 ], [ -171.469595300083, -13.967664300067327 ], [ -171.469655200327196, -13.967558900422887 ], [ -171.469695300197913, -13.967425500386469 ], [ -171.469681500101132, -13.967324400400685 ], [ -171.469632700188924, -13.967238900055122 ], [ -171.469669300797563, -13.967171400539655 ], [ -171.469600900161396, -13.967006200475737 ], [ -171.469629000378035, -13.966960800000891 ], [ -171.469608400507241, -13.966859000342538 ], [ -171.46963460045643, -13.966789900033802 ], [ -171.469629000378035, -13.966746300001716 ], [ -171.469606500239763, -13.966671700338679 ], [ -171.469638400092066, -13.966648100329508 ], [ -171.469621500032162, -13.966575400034628 ], [ -171.469645900437939, -13.966529900634384 ], [ -171.469602800428873, -13.966471800832892 ], [ -171.469602800428873, -13.966400900081453 ], [ -171.469638400092066, -13.966350000252248 ], [ -171.469625300567145, -13.966271800603067 ], [ -171.469585900368969, -13.96619540049727 ], [ -171.469582200558079, -13.966119100216247 ], [ -171.469666500308705, -13.966139100239218 ], [ -171.469666500308705, -13.966075500184161 ], [ -171.469621500032162, -13.966017300557951 ], [ -171.469696400068784, -13.966000900521124 ], [ -171.469638400092066, -13.965975500069248 ], [ -171.469570900576571, -13.965966400728746 ], [ -171.469615899953794, -13.965908200203216 ], [ -171.469709600317771, -13.965908200203216 ], [ -171.469769500561966, -13.965913700456838 ], [ -171.469818200649399, -13.965880900383183 ], [ -171.469902500400053, -13.965946400705775 ], [ -171.469987600547313, -13.96596650055352 ], [ -171.470104800196339, -13.965886400636862 ], [ -171.470299600546099, -13.96593730046601 ], [ -171.470303400181734, -13.965866400613834 ], [ -171.470383800471978, -13.965776500784841 ], [ -171.470511300056415, -13.965855500830628 ], [ -171.470569400757199, -13.965833700364954 ], [ -171.470666800032774, -13.965873700410896 ], [ -171.470739900525956, -13.965815500784686 ], [ -171.470730500811925, -13.965759100701916 ], [ -171.470793900318228, -13.965694400775931 ], [ -171.470949700668115, -13.965728199996363 ], [ -171.471078899971218, -13.965764600056218 ], [ -171.47107330079217, -13.965691900660659 ], [ -171.471131400593634, -13.965648200803798 ], [ -171.471270000510088, -13.965682800420836 ], [ -171.471449899992876, -13.96563830016737 ], [ -171.471665300213402, -13.965591900545746 ], [ -171.471856300028207, -13.965604600771655 ], [ -171.472021200617888, -13.965668200826769 ], [ -171.472146700110102, -13.965750100286868 ], [ -171.472148300004022, -13.96585310054013 ], [ -171.472269400012777, -13.965898300466165 ], [ -171.472431400288855, -13.96593730046601 ], [ -171.472535600237734, -13.965994700594933 ], [ -171.47257940081866, -13.966077300626864 ], [ -171.472583000804804, -13.966167300280631 ], [ -171.472963400540465, -13.966271900427842 ], [ -171.473038400401833, -13.966241000621608 ], [ -171.473124500595191, -13.966286500021909 ], [ -171.473254900493231, -13.966407400381172 ], [ -171.47337520010538, -13.966417100468789 ], [ -171.473547100118537, -13.966349900427531 ], [ -171.474158300065454, -13.96579170022676 ], [ -171.474333200216989, -13.965442900869107 ], [ -171.474668700400173, -13.964868800654585 ], [ -171.474926900256207, -13.964277600730668 ], [ -171.474900399933489, -13.964048400413276 ], [ -171.474862900002819, -13.963804300128288 ], [ -171.474726700376891, -13.963754700718823 ], [ -171.474750300386034, -13.96367360075601 ], [ -171.474757000335273, -13.963560100018583 ], [ -171.474717199938794, -13.963489400715218 ], [ -171.474624500520264, -13.963427300729279 ], [ -171.474558300525132, -13.963296600457682 ], [ -171.474507500520701, -13.963298700374651 ], [ -171.47445900008276, -13.963367300660366 ], [ -171.474408200078358, -13.963352300867939 ], [ -171.474428100276583, -13.963238800130455 ], [ -171.474390600345913, -13.96318740027823 ], [ -171.474331000475274, -13.96314020026 ], [ -171.4742980007521, -13.963021400717025 ], [ -171.474196300019202, -13.962947400002463 ], [ -171.474150000222295, -13.962782500312073 ], [ -171.474178700286757, -13.962707500450733 ], [ -171.474134500406848, -13.962666800732222 ], [ -171.474099200217893, -13.962621900280453 ], [ -171.474074900536209, -13.962536200285342 ], [ -171.473971200610379, -13.96248260069143 ], [ -171.473869600601546, -13.962358400719552 ], [ -171.47394470028766, -13.962296300733669 ], [ -171.474066100669972, -13.962396900696376 ], [ -171.474136700148563, -13.962394800779407 ], [ -171.474244900281889, -13.962317700101721 ], [ -171.47438840060417, -13.962326300318466 ], [ -171.47451420046994, -13.962420500705491 ], [ -171.474631200469503, -13.962439800156631 ], [ -171.474763600459767, -13.962341300110893 ], [ -171.474904800316267, -13.962313400443009 ], [ -171.475028900463371, -13.962391000244395 ], [ -171.475160900255304, -13.962311300526039 ], [ -171.475167500379825, -13.962212700655584 ], [ -171.47516970012154, -13.962118500268502 ], [ -171.475272400001245, -13.962139200863362 ], [ -171.475419100111367, -13.962005000430395 ], [ -171.47544340069237, -13.961891400767513 ], [ -171.47537280031446, -13.961867900583115 ], [ -171.475386000563446, -13.961777900030029 ], [ -171.475567000816397, -13.961625800390323 ], [ -171.475719300105595, -13.961660100533152 ], [ -171.475838500746192, -13.96175650066192 ], [ -171.475986400551903, -13.961747900445175 ], [ -171.476092400044195, -13.961745800528206 ], [ -171.476227000675522, -13.961705100809695 ], [ -171.476319600269306, -13.961747300597381 ], [ -171.476575700208372, -13.961722200519091 ], [ -171.476603300401962, -13.961817400052951 ], [ -171.476745100106257, -13.961862900352514 ], [ -171.476845000396423, -13.961910700218596 ], [ -171.476992900202163, -13.961910700218596 ], [ -171.477173900455114, -13.961865700841372 ], [ -171.477374800006999, -13.961865700841372 ], [ -171.477482900315579, -13.961947100278394 ], [ -171.477661700826815, -13.961934300227711 ], [ -171.477869200503164, -13.961769300712604 ], [ -171.478082900105733, -13.961587500063047 ], [ -171.478213800026822, -13.961545800298381 ], [ -171.478358200570483, -13.961499900699835 ], [ -171.478444900611635, -13.961419300760099 ], [ -171.478521600191669, -13.961347800160809 ], [ -171.4787654001031, -13.9612192007055 ], [ -171.478973400701847, -13.96109570040619 ], [ -171.479230100488707, -13.961048000364883 ], [ -171.479386800160682, -13.961009400563341 ], [ -171.479512600026453, -13.96096870084483 ], [ -171.479693600279404, -13.960833800739294 ], [ -171.479940800527487, -13.960658100191097 ], [ -171.480141700079372, -13.960463200016648 ], [ -171.47974660002555, -13.960439600007476 ], [ -171.479760300297585, -13.960349200155406 ], [ -171.479875000730658, -13.960241900243432 ], [ -171.480058200725352, -13.960100500737497 ], [ -171.480161900651154, -13.960019100401098 ], [ -171.480320800064845, -13.959959200156902 ], [ -171.480340700263071, -13.959860600286447 ], [ -171.480357600322975, -13.959731100609758 ], [ -171.480532700123973, -13.959708500646741 ], [ -171.480793200445817, -13.959665700111941 ], [ -171.480901300754397, -13.959582200757893 ], [ -171.480938800685067, -13.959539300398376 ], [ -171.488455791201773, -13.965710012107309 ], [ -171.503208449910005, -13.97665553302636 ], [ -171.509157101918703, -13.97142071879108 ], [ -171.526289221969989, -13.969993042344981 ], [ -171.538186526886676, -13.95904752142593 ], [ -171.544849017568083, -13.958333682753221 ], [ -171.55674632248477, -13.956668060082848 ], [ -171.563646759390394, -13.956192168533732 ], [ -171.566978004731112, -13.96689974232919 ], [ -171.569595412298412, -13.968565364999563 ], [ -171.573640495412519, -13.967375634777682 ], [ -171.582444501212734, -13.962616712990894 ], [ -171.589582884342605, -13.958095736528946 ], [ -171.593865914580277, -13.953336814742158 ], [ -171.59243823723483, -13.951671192071785 ], [ -171.581016824766635, -13.942153348498209 ], [ -171.571736926517929, -13.935014965368339 ], [ -171.567215950955358, -13.928828366236075 ], [ -171.563646759390394, -13.923831498225013 ], [ -171.55412891491747, -13.923355606675841 ], [ -171.547369200328319, -13.922678700461631 ], [ -171.547148900601258, -13.922353000190753 ], [ -171.546821200238185, -13.922073400067291 ], [ -171.546727300224688, -13.921901200579896 ], [ -171.546600900511123, -13.921786000123745 ], [ -171.54651840030391, -13.921568900184525 ], [ -171.546261900166542, -13.921316600780472 ], [ -171.545908800250913, -13.920992300754051 ], [ -171.545772100601937, -13.920798200076831 ], [ -171.545709300044138, -13.920745354114729 ], [ -171.545296400608379, -13.920397900142916 ], [ -171.544989800139149, -13.920146700609678 ], [ -171.544799499996913, -13.919930600716611 ], [ -171.544654700154268, -13.919766200149979 ], [ -171.543890900544596, -13.919307800414629 ], [ -171.542771700553516, -13.918666599983567 ], [ -171.541774900091525, -13.918075600608461 ], [ -171.540912200237813, -13.917018200229734 ], [ -171.540624000796981, -13.916396399973848 ], [ -171.540635000404905, -13.91612310050067 ], [ -171.540162600023933, -13.915613400737811 ], [ -171.538967300300641, -13.914232400005233 ], [ -171.538687100329383, -13.913872600140337 ], [ -171.537468100772202, -13.912940799977889 ], [ -171.537719900153235, -13.912889999973459 ], [ -171.53923850075617, -13.913622600302688 ], [ -171.539500600072614, -13.914188500498881 ], [ -171.539689200496184, -13.913974299973916 ], [ -171.540221200747794, -13.914582899980815 ], [ -171.540662100575446, -13.914438500336473 ], [ -171.540743500012496, -13.914561400787989 ], [ -171.540964900509721, -13.914517500382317 ], [ -171.540910700168638, -13.914285000452367 ], [ -171.541100500287826, -13.914070100254889 ], [ -171.541073400117284, -13.913776100186851 ], [ -171.541955800519759, -13.913555100787221 ], [ -171.542446300656223, -13.913847500062047 ], [ -171.542944800262291, -13.913977700310568 ], [ -171.543635100079769, -13.914579500543482 ], [ -171.544593800763266, -13.915094500011094 ], [ -171.545309700682111, -13.91500760032045 ], [ -171.545509300713633, -13.915065933945641 ], [ -171.54575110053284, -13.915136599974062 ], [ -171.546251200032827, -13.914607000013007 ], [ -171.546436600668557, -13.91441600019823 ], [ -171.546563200031642, -13.914065100024288 ], [ -171.546490899935065, -13.913837000477145 ], [ -171.546225900305018, -13.913690700565326 ], [ -171.545709300044138, -13.913158107660479 ], [ -171.545550799929458, -13.912994700844706 ], [ -171.545167500779513, -13.911771900752569 ], [ -171.545217300737818, -13.910935200299207 ], [ -171.545579872313226, -13.91077211634007 ], [ -171.545906500684424, -13.910625200392644 ], [ -171.546537100806518, -13.910624900019059 ], [ -171.546958700283767, -13.910326900665893 ], [ -171.547157100619671, -13.909669500746816 ], [ -171.547467100526234, -13.90920730047651 ], [ -171.548113800311597, -13.908789400810178 ], [ -171.549342400131621, -13.908241700194253 ], [ -171.550346000367597, -13.908922000449934 ], [ -171.550850700799174, -13.909264200582356 ], [ -171.551116400101762, -13.909285900323994 ], [ -171.5509375006651, -13.909003600435767 ], [ -171.551800300343558, -13.908957100090049 ], [ -171.552147800180819, -13.908914200629795 ], [ -171.552238200032889, -13.909109100804301 ], [ -171.552378800041566, -13.908876500150313 ], [ -171.55274260009088, -13.90873970067662 ], [ -171.553095100158714, -13.909004800131356 ], [ -171.553102800154079, -13.909118400693615 ], [ -171.553116400601368, -13.909320500840408 ], [ -171.553013400348107, -13.909699200857403 ], [ -171.552910500818939, -13.910009500238175 ], [ -171.552917500242415, -13.910219900228185 ], [ -171.552986400002339, -13.910476500190271 ], [ -171.553139700236954, -13.910736900687368 ], [ -171.553285300476205, -13.910900500857394 ], [ -171.553499900300125, -13.911153400109299 ], [ -171.553691499962724, -13.911317100104043 ], [ -171.553909900321628, -13.911369200528156 ], [ -171.554534400342277, -13.911451000163481 ], [ -171.554898500765177, -13.911517900730473 ], [ -171.555300800791287, -13.911499300052583 ], [ -171.555982800765605, -13.911577400776366 ], [ -171.556438800210429, -13.911566300444349 ], [ -171.556779800647263, -13.911547700665835 ], [ -171.557063400055853, -13.911544000854917 ], [ -171.557293300045728, -13.911633200112021 ], [ -171.557446600280343, -13.911614600333507 ], [ -171.558029000338081, -13.911622100679381 ], [ -171.558485000682197, -13.911625800490242 ], [ -171.558933300131656, -13.911692700157914 ], [ -171.559113400163255, -13.911637000647033 ], [ -171.559381600480464, -13.911540300144679 ], [ -171.55955400051667, -13.911525400177027 ], [ -171.559757100709589, -13.911610900522589 ], [ -171.560029100662433, -13.91171510047144 ], [ -171.560201600523413, -13.911687200803613 ], [ -171.560456400042796, -13.911544000854917 ], [ -171.5606863000327, -13.91138960074943 ], [ -171.561416200597165, -13.910779600498131 ], [ -171.561674900476248, -13.91051560001489 ], [ -171.562017800281239, -13.910268200117287 ], [ -171.562259200801435, -13.91010460084658 ], [ -171.562561900011644, -13.909907500031068 ], [ -171.563259299976693, -13.909602500355049 ], [ -171.563768900814097, -13.909397900092983 ], [ -171.563876200726042, -13.909185900209081 ], [ -171.563788100440462, -13.908959000357527 ], [ -171.563673100533123, -13.908642900349548 ], [ -171.563726799951837, -13.908497800133318 ], [ -171.563772700449732, -13.908468100022731 ], [ -171.563711399961107, -13.908326700516795 ], [ -171.563711399961107, -13.908111000821975 ], [ -171.563696100694472, -13.907783700657205 ], [ -171.563642500201183, -13.907568000063122 ], [ -171.563592700242907, -13.90740800077856 ], [ -171.563699900330107, -13.907173700405906 ], [ -171.563845500569357, -13.907084400424708 ], [ -171.563945200310712, -13.907002600789326 ], [ -171.563880000361706, -13.906824100651704 ], [ -171.563950900213854, -13.906785000827085 ], [ -171.563975800642652, -13.906336800303052 ], [ -171.563830200403402, -13.906139700386802 ], [ -171.563684600164152, -13.905849600678494 ], [ -171.563554300090857, -13.905619000116701 ], [ -171.563328300460682, -13.905291700851251 ], [ -171.563244000710029, -13.905113200713572 ], [ -171.563259299976693, -13.904923500419159 ], [ -171.563335900631273, -13.904744900456762 ], [ -171.563240100350328, -13.904588700807835 ], [ -171.563236700013675, -13.904568000212976 ], [ -171.563213300553343, -13.904425100637866 ], [ -171.563121400632099, -13.904324600499876 ], [ -171.562914400079478, -13.904172100661867 ], [ -171.562822500158234, -13.903949000445948 ], [ -171.562745800578199, -13.903826200718527 ], [ -171.562745800578199, -13.903662600548557 ], [ -171.56261560032965, -13.903480300775243 ], [ -171.56259260016833, -13.903316700605217 ], [ -171.562477600261019, -13.90311950086425 ], [ -171.562400000459633, -13.90305361653111 ], [ -171.562263000437099, -13.902937300016333 ], [ -171.562136600723505, -13.902822000634785 ], [ -171.5619757003183, -13.902736400464448 ], [ -171.561868400406325, -13.902550399980953 ], [ -171.561757299959396, -13.902476100691445 ], [ -171.561761100494351, -13.902338400097051 ], [ -171.561787900291336, -13.902185900259042 ], [ -171.561761100494351, -13.902104100623717 ], [ -171.561653800582405, -13.902052000199603 ], [ -171.561611700619466, -13.901899500361594 ], [ -171.56162310042572, -13.901802800758617 ], [ -171.561519699974156, -13.901799100048379 ], [ -171.561423900592501, -13.901739600002486 ], [ -171.561377900269861, -13.901613100464147 ], [ -171.561136500648956, -13.901375100280632 ], [ -171.560921900825036, -13.901151900239938 ], [ -171.560764800055438, -13.900999400401986 ], [ -171.560665200138857, -13.900824600075168 ], [ -171.560642199977508, -13.900627500158976 ], [ -171.560638400341873, -13.900519600399207 ], [ -171.560876000327113, -13.900608900380405 ], [ -171.560956400617357, -13.900649800647727 ], [ -171.561255300191931, -13.900620000712422 ], [ -171.561439200758485, -13.900720400126318 ], [ -171.561642300052085, -13.900861800531629 ], [ -171.561726600702031, -13.900783700707166 ], [ -171.561933500530586, -13.900902700798952 ], [ -171.562220900474159, -13.901029200337291 ], [ -171.562374200708774, -13.901170500018509 ], [ -171.562450800464035, -13.901244900032054 ], [ -171.562600200338949, -13.901226300253484 ], [ -171.562795700361249, -13.901196500318179 ], [ -171.563021699991424, -13.901270900331724 ], [ -171.563106000641397, -13.901482900215626 ], [ -171.563224800184344, -13.901661500178022 ], [ -171.563312900469953, -13.901650300021288 ], [ -171.563420200381927, -13.901635400053635 ], [ -171.563562000086222, -13.901728400745071 ], [ -171.563860900560087, -13.901843700126619 ], [ -171.564102300180991, -13.901914400329247 ], [ -171.564474000774482, -13.902040900766906 ], [ -171.564845600643935, -13.902230600162 ], [ -171.564979700352865, -13.902357000774941 ], [ -171.565190500541149, -13.902364500221438 ], [ -171.565286300822095, -13.902338400097051 ], [ -171.56549320065065, -13.902345900442924 ], [ -171.565711600110234, -13.902345900442924 ], [ -171.565884000146468, -13.902256600461669 ], [ -171.566045000376448, -13.902182200448124 ], [ -171.566251900205003, -13.902040900766906 ], [ -171.566382200278298, -13.901880900583024 ], [ -171.566500899996498, -13.901676400145732 ], [ -171.566558399950168, -13.901453200105038 ], [ -171.566558399950168, -13.901192800507317 ], [ -171.566489400365498, -13.90101060055872 ], [ -171.566386000813253, -13.900921300577522 ], [ -171.566378300817888, -13.900806000296654 ], [ -171.566428100776193, -13.900660900080425 ], [ -171.566370700647298, -13.900586500066879 ], [ -171.566221200048318, -13.900519600399207 ], [ -171.566133100662029, -13.900400600307421 ], [ -171.566110100500708, -13.900326200293875 ], [ -171.566267200370987, -13.900155100677296 ], [ -171.566186700255997, -13.899998900129106 ], [ -171.566274900366324, -13.899812900544873 ], [ -171.566405100614872, -13.899682700296353 ], [ -171.566504800356228, -13.899589700504237 ], [ -171.566688700023462, -13.899574800536584 ], [ -171.566757700507452, -13.899474400223369 ], [ -171.566661900226478, -13.899381400431253 ], [ -171.566638900065158, -13.899262400339467 ], [ -171.566677200392462, -13.89919540084702 ], [ -171.566627400434157, -13.899076400755234 ], [ -171.566700200553782, -13.899002000741689 ], [ -171.566600600637173, -13.898935100174697 ], [ -171.566696400018827, -13.898890400271682 ], [ -171.566681000028098, -13.898756500212244 ], [ -171.566677200392462, -13.898596600752455 ], [ -171.566585200646472, -13.898432900757712 ], [ -171.566489400365498, -13.898317600476844 ], [ -171.566550699954803, -13.898306500144827 ], [ -171.566497100360863, -13.898213500352711 ], [ -171.566435800771558, -13.898090700625289 ], [ -171.566343800126248, -13.898113100039495 ], [ -171.566313200693628, -13.897968000722585 ], [ -171.566343800126248, -13.897793200395824 ], [ -171.566305500698263, -13.897614600433428 ], [ -171.566186700255997, -13.897439800106667 ], [ -171.566255700739958, -13.897302200236311 ], [ -171.566217400412683, -13.897168300176872 ], [ -171.566156100823378, -13.89702690067088 ], [ -171.566133100662029, -13.896874400832871 ], [ -171.566213600777019, -13.896788900487309 ], [ -171.566098599970388, -13.896625200492565 ], [ -171.566175200624969, -13.896602900003813 ], [ -171.566286399997324, -13.896751700030904 ], [ -171.566386000813253, -13.896695900695192 ], [ -171.566366800287568, -13.896606600713994 ], [ -171.566470300563878, -13.896617799971466 ], [ -171.566470300563878, -13.896562000635754 ], [ -171.566412800610237, -13.896487600622208 ], [ -171.566374500282933, -13.896402100276646 ], [ -171.566294000167943, -13.896294200516877 ], [ -171.566409000075254, -13.896257000060473 ], [ -171.566324700324628, -13.896149100300704 ], [ -171.566274900366324, -13.896041300365653 ], [ -171.566232700578638, -13.895944500038581 ], [ -171.566313200693628, -13.895966900352107 ], [ -171.566324700324628, -13.895918500638231 ], [ -171.566340000490612, -13.895836700103587 ], [ -171.566428100776193, -13.895814400514098 ], [ -171.566527800517548, -13.895855300781477 ], [ -171.566512400526847, -13.895743700311471 ], [ -171.566531600153183, -13.895632100740784 ], [ -171.566585200646472, -13.895583700127588 ], [ -171.566681000028098, -13.895650700519354 ], [ -171.566765300678043, -13.895736300689691 ], [ -171.566872600590017, -13.895650700519354 ], [ -171.566976099967007, -13.895598600095298 ], [ -171.567052700621616, -13.895598600095298 ], [ -171.567098700044937, -13.895684200265578 ], [ -171.567160000533562, -13.895647000708493 ], [ -171.567232800653187, -13.895598600095298 ], [ -171.567351600196162, -13.895632100740784 ], [ -171.567355400731145, -13.895524200081695 ], [ -171.567389900523466, -13.895461000224941 ], [ -171.567524000232396, -13.895431200289636 ], [ -171.567535500762716, -13.895524200081695 ], [ -171.567600599987685, -13.895602300805479 ], [ -171.567669600471646, -13.895609800252032 ], [ -171.567780700019256, -13.895669300297925 ], [ -171.567880400659931, -13.89569910023323 ], [ -171.567926300258534, -13.895628400030603 ], [ -171.567983800212176, -13.895554000017057 ], [ -171.567926300258534, -13.895509400838137 ], [ -171.56796850004622, -13.895453600603162 ], [ -171.568052800696165, -13.89546840074604 ], [ -171.56815620024841, -13.895475900192594 ], [ -171.56820610003146, -13.89544240044637 ], [ -171.568290400681406, -13.895446100257288 ], [ -171.568311400750531, -13.895358700543568 ], [ -171.56838230060265, -13.895403300621808 ], [ -171.568459000182685, -13.89544240044637 ], [ -171.568512600675945, -13.895494499971164 ], [ -171.568616100052935, -13.895544700127743 ], [ -171.568734800670484, -13.895609800252032 ], [ -171.568926400333083, -13.895626500662445 ], [ -171.569160200682688, -13.895645100440959 ], [ -171.569405399939228, -13.895648800251877 ], [ -171.569685100786756, -13.895697200865072 ], [ -171.569811600325068, -13.895593000016902 ], [ -171.570014600693241, -13.895429400746195 ], [ -171.570183200194492, -13.895284300530022 ], [ -171.570417000544126, -13.895146700659666 ], [ -171.57060090021136, -13.894953300554334 ], [ -171.570731200284627, -13.894718900356906 ], [ -171.570880600159541, -13.89455530018688 ], [ -171.570999400601835, -13.894384200570357 ], [ -171.570945700283801, -13.894216800764696 ], [ -171.570892100689861, -13.894056800580813 ], [ -171.570880600159541, -13.893908100378496 ], [ -171.570899800685226, -13.893740700572835 ], [ -171.570907399956525, -13.89355840079952 ], [ -171.570922799947226, -13.893428200550943 ], [ -171.570849900002855, -13.89318650055651 ], [ -171.570658400165001, -13.892985600105305 ], [ -171.57053190062669, -13.892866600013519 ], [ -171.570187100554222, -13.892275100615336 ], [ -171.570114300434597, -13.892122600777384 ], [ -171.570152600761901, -13.891892000215591 ], [ -171.570164100392901, -13.891776700834043 ], [ -171.570114300434597, -13.891676300520828 ], [ -171.570164100392901, -13.891620500285796 ], [ -171.570271400304847, -13.891575900207556 ], [ -171.570286700470831, -13.891475400069623 ], [ -171.570244500683145, -13.891419600733968 ], [ -171.570244500683145, -13.891237400785371 ], [ -171.570351800595091, -13.891248500218069 ], [ -171.570348000060136, -13.8911406004583 ], [ -171.570394000382777, -13.891021600366514 ], [ -171.570359500590456, -13.890872800339423 ], [ -171.570302000636786, -13.890690600390826 ], [ -171.570282899935847, -13.890471100161108 ], [ -171.570432300710081, -13.890374400558073 ], [ -171.570413100184396, -13.890292600023429 ], [ -171.570286700470831, -13.890240500498635 ], [ -171.570332700793472, -13.890024700079778 ], [ -171.570359500590456, -13.889812700195932 ], [ -171.570279000475466, -13.889548600787236 ], [ -171.570244500683145, -13.889370100649558 ], [ -171.570252200678482, -13.889232500779258 ], [ -171.570324300226247, -13.88928930016101 ], [ -171.570370300548916, -13.889244600258053 ], [ -171.570318799972625, -13.889086800715233 ], [ -171.570226700401861, -13.888934299977905 ], [ -171.57018070007922, -13.888894800854303 ], [ -171.570251100807639, -13.888865900241058 ], [ -171.570186100508096, -13.888760700246053 ], [ -171.5701047999965, -13.888765900126145 ], [ -171.570053300319529, -13.888673900380127 ], [ -171.570042500361069, -13.888579200869401 ], [ -171.570010000660972, -13.888426600307298 ], [ -171.569923300619791, -13.888334600561336 ], [ -171.569963900513557, -13.888171500414387 ], [ -171.570026200148988, -13.888055800834479 ], [ -171.57009400003804, -13.887974200848646 ], [ -171.570224000637097, -13.887992600078405 ], [ -171.570359500590456, -13.888016300811614 ], [ -171.570462400119652, -13.888016300811614 ], [ -171.570470600138066, -13.887855900429429 ], [ -171.570429900419555, -13.88774800066966 ], [ -171.570381200332093, -13.887637600794619 ], [ -171.570413700032191, -13.887566500393632 ], [ -171.570549100160804, -13.887521800490674 ], [ -171.570695500796688, -13.887469200043483 ], [ -171.570776700584247, -13.887485000232516 ], [ -171.570885100367065, -13.887537600679707 ], [ -171.570966399979341, -13.887598100771697 ], [ -171.571069400232602, -13.887684900637623 ], [ -171.571180399955466, -13.887792700572618 ], [ -171.571283400208728, -13.887871600793687 ], [ -171.571413500632531, -13.887908499977243 ], [ -171.571567900737989, -13.887940000530534 ], [ -171.571700700027264, -13.887932099986358 ], [ -171.571841600409499, -13.887945300235344 ], [ -171.571849700603167, -13.887997900682535 ], [ -171.571985200556526, -13.888161000829484 ], [ -171.572188400574191, -13.888429300072119 ], [ -171.572499900549957, -13.888813300693243 ], [ -171.572835900756189, -13.889205200059905 ], [ -171.57299849998077, -13.88945240030796 ], [ -171.573166500533546, -13.889810100255886 ], [ -171.573310100680573, -13.890107300111765 ], [ -171.573388600703339, -13.890383500797896 ], [ -171.573375100080767, -13.890562400234558 ], [ -171.573461800121947, -13.890751700330668 ], [ -171.573678600586931, -13.890928000726603 ], [ -171.574163500645, -13.891233100227339 ], [ -171.574521200592898, -13.891409300798557 ], [ -171.574651200292635, -13.891525000378408 ], [ -171.574908600651383, -13.891661800751478 ], [ -171.575187700751769, -13.891780100271376 ], [ -171.575461400423251, -13.891803800105265 ], [ -171.575789200611098, -13.891793300520362 ], [ -171.576068300711484, -13.891601300659431 ], [ -171.576276400235656, -13.891415200351162 ], [ -171.576498600230195, -13.89120320046726 ], [ -171.57665490060316, -13.891045200375629 ], [ -171.57681750072706, -13.890850600574709 ], [ -171.577045100251155, -13.890732200330717 ], [ -171.577118200744337, -13.890637600644709 ], [ -171.577037000057487, -13.890532400649704 ], [ -171.577167000656516, -13.890424499990615 ], [ -171.577326900116333, -13.890377200147611 ], [ -171.577448800521694, -13.89032980047989 ], [ -171.577500300198665, -13.890298300825862 ], [ -171.577519200350793, -13.890240400673918 ], [ -171.577589700004637, -13.890324600599797 ], [ -171.577600499963069, -13.890416600345759 ], [ -171.577722500193204, -13.890503400211685 ], [ -171.577811899999148, -13.890587600137565 ], [ -171.577960900575079, -13.890687500427759 ], [ -171.578164100592744, -13.890898000242487 ], [ -171.578324000052532, -13.891076800753694 ], [ -171.578473000628435, -13.891274100319436 ], [ -171.578589500604949, -13.891495000793611 ], [ -171.578700600152558, -13.891666000585417 ], [ -171.578833300516379, -13.891747500746533 ], [ -171.579247900570124, -13.891860600386337 ], [ -171.579418599988372, -13.891886900160273 ], [ -171.579597400499608, -13.891942100547453 ], [ -171.579835799982163, -13.891989500215232 ], [ -171.580006500299731, -13.891976300865565 ], [ -171.58025310070002, -13.891926400183195 ], [ -171.580515900588324, -13.891997400759408 ], [ -171.580887100259446, -13.892102600754356 ], [ -171.580999600051484, -13.892316300356924 ], [ -171.581398100441959, -13.892509700462256 ], [ -171.581842500431037, -13.892524600429908 ], [ -171.582455600645432, -13.892308900735145 ], [ -171.582576200631138, -13.892224700809265 ], [ -171.582727900072513, -13.892135300103973 ], [ -171.582982600666469, -13.892124700694353 ], [ -171.583356500102383, -13.891982700441247 ], [ -171.583508200443077, -13.891845900068176 ], [ -171.58386580056623, -13.891793300520362 ], [ -171.584131400044043, -13.891740700073228 ], [ -171.58439690059646, -13.891661800751478 ], [ -171.58462990054943, -13.891546100272251 ], [ -171.584976700714151, -13.891472500655311 ], [ -171.585318100449939, -13.891456700466335 ], [ -171.585627000485658, -13.891383000125302 ], [ -171.585870800397089, -13.891230500287293 ], [ -171.585979200179906, -13.891062100435533 ], [ -171.586163500045473, -13.890893800408492 ], [ -171.586254400819911, -13.890878300593045 ], [ -171.586380800533504, -13.890934100828019 ], [ -171.58648810044545, -13.891094100112582 ], [ -171.58662220015438, -13.891205700582589 ], [ -171.58687889994124, -13.891146100711921 ], [ -171.586997700383534, -13.891090300476947 ], [ -171.587062900332569, -13.891101500633681 ], [ -171.587012000503393, -13.891272600250261 ], [ -171.586979500803295, -13.891440900277303 ], [ -171.587077000802907, -13.89171450012401 ], [ -171.587180000156849, -13.891977500561154 ], [ -171.587440100280389, -13.892429900019806 ], [ -171.587516000363109, -13.892608800355788 ], [ -171.587548500063207, -13.892819200345798 ], [ -171.587705599933457, -13.893134800330699 ], [ -171.587776100486622, -13.893366200389778 ], [ -171.587857700472483, -13.893454500324879 ], [ -171.587965000384429, -13.893528900338424 ], [ -171.588099100093359, -13.893711200111738 ], [ -171.588252400327974, -13.893785500300567 ], [ -171.588244700332638, -13.893900900406209 ], [ -171.588390300571888, -13.893967800073881 ], [ -171.588440200354938, -13.894068200387096 ], [ -171.588516800110199, -13.894179800857103 ], [ -171.588654700354112, -13.894324900173956 ], [ -171.588685400510798, -13.894466200754493 ], [ -171.588677700515433, -13.894622500228138 ], [ -171.588696900141798, -13.894693100606048 ], [ -171.588873100712988, -13.894771200430512 ], [ -171.589045600573968, -13.894916300646685 ], [ -171.589099200167936, -13.895039100374163 ], [ -171.589359800314497, -13.895526299998721 ], [ -171.589455600595471, -13.895537500155456 ], [ -171.589518700627508, -13.895491500732135 ], [ -171.589562800682671, -13.895459400330992 ], [ -171.589578200673401, -13.895318000825057 ], [ -171.589539900346097, -13.895106000041835 ], [ -171.59204135202674, -13.898109233854029 ], [ -171.591528933613375, -13.905475240789713 ], [ -171.59934330654832, -13.913033404068301 ], [ -171.602674022188353, -13.909766739943052 ], [ -171.602481865845419, -13.907588964159345 ], [ -171.599023045377209, -13.892728846359148 ], [ -171.590625300217397, -13.875357100149984 ] ] ] ] } },
{ "type": "Feature", "properties": { "shapeName": "Fa'asaleleage", "shapeISO": "", "shapeID": "40696546B94827234951055", "shapeGroup": "WSM", "shapeType": "ADM1" }, "geometry": { "type": "Polygon", "coordinates": [ [ [ -172.233120299961854, -13.556319200370751 ], [ -172.244237340480851, -13.55610843975262 ], [ -172.302486546317027, -13.555918082953099 ], [ -172.311814033091139, -13.57438270060112 ], [ -172.318095810173475, -13.587898038763456 ], [ -172.324187230456289, -13.601603734624632 ], [ -172.330849721137696, -13.615880500884373 ], [ -172.338273639916508, -13.63282226323679 ], [ -172.315050099582407, -13.668799712736529 ], [ -172.301344404620551, -13.690690753675312 ], [ -172.288780850455851, -13.710107156220261 ], [ -172.276978723489265, -13.728381416169384 ], [ -172.269554805609772, -13.740373899935491 ], [ -172.254135897653526, -13.745323178521801 ], [ -172.237574849799444, -13.769308146054072 ], [ -172.222917369940632, -13.788914904499222 ], [ -172.219684800013482, -13.793315299861149 ], [ -172.219605299944618, -13.793353299814896 ], [ -172.219600100064525, -13.793456999740727 ], [ -172.219617400322733, -13.793584900422786 ], [ -172.21958110008768, -13.793737000062436 ], [ -172.219537900253869, -13.793761199919402 ], [ -172.219439400208131, -13.79368860034856 ], [ -172.21950679989888, -13.793472600280211 ], [ -172.219472300106531, -13.79330840026239 ], [ -172.219254499595451, -13.793149400124662 ], [ -172.219077399702201, -13.793026399848429 ], [ -172.219014299670164, -13.792866000365564 ], [ -172.218912400187094, -13.792779599798621 ], [ -172.218796599883149, -13.7927865002967 ], [ -172.218684299740602, -13.792829700130483 ], [ -172.218566799718019, -13.79281249969705 ], [ -172.218459599630791, -13.792726100029427 ], [ -172.218387000059977, -13.792632700039007 ], [ -172.218319600369227, -13.792586099868572 ], [ -172.2181935001299, -13.792627599983689 ], [ -172.218110099701306, -13.792717200338473 ], [ -172.218025899775427, -13.792779599798621 ], [ -172.217903199872751, -13.792681099752883 ], [ -172.217778800251409, -13.792567099891698 ], [ -172.217621499832319, -13.792530799656618 ], [ -172.217427999902242, -13.79253419999327 ], [ -172.217237900308817, -13.792631000320341 ], [ -172.217135900101681, -13.792724299586723 ], [ -172.217050299931373, -13.792792999697156 ], [ -172.217013200199005, -13.7926378999191 ], [ -172.216855999604661, -13.792499700200949 ], [ -172.216836999627816, -13.79243229961088 ], [ -172.216747099798795, -13.792444399988995 ], [ -172.216717700061793, -13.792380399735634 ], [ -172.216640000435632, -13.792252599777612 ], [ -172.21653629961051, -13.792202399620976 ], [ -172.216405000390438, -13.792224899759276 ], [ -172.216363500275293, -13.792240500298817 ], [ -172.216377300372073, -13.79215580034986 ], [ -172.216228699994474, -13.79209880041924 ], [ -172.216123300350006, -13.792022699787708 ], [ -172.216012699926125, -13.791943199718844 ], [ -172.215948800396802, -13.79195020004164 ], [ -172.215855400406383, -13.791938099663525 ], [ -172.215807099617933, -13.791905199765097 ], [ -172.215708599572196, -13.791920800304638 ], [ -172.215636000001382, -13.791898300166395 ], [ -172.215637699720048, -13.791846500115867 ], [ -172.215494300121833, -13.791827500138993 ], [ -172.21535429996095, -13.791817100378807 ], [ -172.215274799892086, -13.791803300282027 ], [ -172.215242900039783, -13.791755500415945 ], [ -172.215288599988867, -13.79171860033307 ], [ -172.215210900362734, -13.791614900407296 ], [ -172.215117600197061, -13.791450700389476 ], [ -172.214969200368273, -13.791236800238096 ], [ -172.214982799916243, -13.791120699560565 ], [ -172.214982799916243, -13.791049799708446 ], [ -172.214858299570835, -13.790992799777825 ], [ -172.214673300032757, -13.790931799662758 ], [ -172.214576499705657, -13.790935299824184 ], [ -172.214483200439332, -13.790707200277041 ], [ -172.214338100223131, -13.790513599622898 ], [ -172.214256900435572, -13.790432399835311 ], [ -172.214228300195856, -13.790423699793848 ], [ -172.214224899859204, -13.79039349966024 ], [ -172.214241299896059, -13.790383099900112 ], [ -172.214261999591571, -13.790376200301353 ], [ -172.21425509999284, -13.790335600407559 ], [ -172.214230900135902, -13.790292399674456 ], [ -172.214180000306754, -13.79029069995579 ], [ -172.214133800334594, -13.790281099692947 ], [ -172.214075400159572, -13.790172299711799 ], [ -172.214048600362588, -13.790091099924268 ], [ -172.214003699910791, -13.790064300127312 ], [ -172.214033900044427, -13.789975299620323 ], [ -172.214065000399415, -13.789818099925299 ], [ -172.214054699564713, -13.789688500423892 ], [ -172.214055499961319, -13.789614999732407 ], [ -172.21405730040405, -13.789558900023167 ], [ -172.213954399975563, -13.789479399954303 ], [ -172.213960199703422, -13.789295899586023 ], [ -172.214067799988953, -13.789182100273649 ], [ -172.214143899721165, -13.789090499826671 ], [ -172.214149099601229, -13.788924600090184 ], [ -172.214148200279197, -13.788827100090543 ], [ -172.214216500191299, -13.788751799855618 ], [ -172.214097199725956, -13.788521899865714 ], [ -172.213917499892688, -13.788414799603288 ], [ -172.213822500008348, -13.78834050031378 ], [ -172.213739499778058, -13.788162500199178 ], [ -172.213713600202453, -13.788024299581707 ], [ -172.213758499754931, -13.78791889993721 ], [ -172.213606499939999, -13.787739100279225 ], [ -172.213632400414923, -13.78760610044111 ], [ -172.21379830015141, -13.787490300137222 ], [ -172.213882900275593, -13.787372800114611 ], [ -172.21387260034021, -13.78718790040125 ], [ -172.213704999985737, -13.787120499811181 ], [ -172.213637600294987, -13.787070400378639 ], [ -172.213668699750656, -13.786966699553489 ], [ -172.213677299967401, -13.786876799724496 ], [ -172.213673799806003, -13.786814599913782 ], [ -172.213741200396043, -13.786802500434987 ], [ -172.213775800013138, -13.786869900125737 ], [ -172.213867399560826, -13.786881999604532 ], [ -172.213834600386463, -13.786707499651357 ], [ -172.213765400252981, -13.786593399965398 ], [ -172.213730899561341, -13.786484599984249 ], [ -172.213746400276136, -13.786377399897049 ], [ -172.213709500193261, -13.786293199971169 ], [ -172.213654799829129, -13.786272000252552 ], [ -172.213597799898508, -13.786259899874437 ], [ -172.213589199681792, -13.786225400082117 ], [ -172.213673799806003, -13.786182200248277 ], [ -172.213717100363851, -13.786133799635081 ], [ -172.213741200396043, -13.786054299566217 ], [ -172.213722200419198, -13.785936800442926 ], [ -172.21371529992112, -13.785836499954485 ], [ -172.213770600133074, -13.785776099687212 ], [ -172.213822500008348, -13.785699999955 ], [ -172.213829399607079, -13.785620499886136 ], [ -172.213815600409617, -13.785539300098549 ], [ -172.214001000146027, -13.785352099919407 ], [ -172.214071899998146, -13.785146799984773 ], [ -172.214032999823047, -13.785066500418623 ], [ -172.214040099970617, -13.784973300077695 ], [ -172.214093900113369, -13.785019699699319 ], [ -172.214186700255993, -13.784934200253076 ], [ -172.214101199910431, -13.784838899995179 ], [ -172.214106100316258, -13.784782699561902 ], [ -172.214172099762578, -13.784746000027837 ], [ -172.214256100038966, -13.784681899949703 ], [ -172.214197500214425, -13.784618299894589 ], [ -172.214192599808598, -13.784537699954853 ], [ -172.214256100038966, -13.784496100014962 ], [ -172.214285399951223, -13.7844105996694 ], [ -172.214258600154238, -13.784271300080377 ], [ -172.214304999775891, -13.784222400343481 ], [ -172.214385599715627, -13.784156399997812 ], [ -172.214407599830849, -13.784002499915402 ], [ -172.214402700324342, -13.783848500008219 ], [ -172.214390500121453, -13.783692099810537 ], [ -172.214351400296863, -13.783618799667806 ], [ -172.214344099600481, -13.783547899815687 ], [ -172.214510299710525, -13.783486799875845 ], [ -172.214417399743184, -13.783313299968768 ], [ -172.214358700093896, -13.783188699798586 ], [ -172.214439399858378, -13.783093400440009 ], [ -172.214395399627961, -13.782963899864058 ], [ -172.214300100269384, -13.782875900302486 ], [ -172.214353900412135, -13.782834300362651 ], [ -172.214430699816916, -13.78273709983722 ], [ -172.214444300264205, -13.782338200147763 ], [ -172.214363599600404, -13.782098699895016 ], [ -172.214131499868785, -13.781932499785 ], [ -172.213865099994337, -13.781756599587368 ], [ -172.21364030005978, -13.781663699619969 ], [ -172.213374599857872, -13.781191200313572 ], [ -172.213261500218039, -13.781133399986402 ], [ -172.213131899817284, -13.781087000364721 ], [ -172.212987799647209, -13.780942800369871 ], [ -172.212833799740025, -13.780932999558217 ], [ -172.212755600090844, -13.780730199738855 ], [ -172.212701799948093, -13.780725300232348 ], [ -172.212599199893134, -13.780788799563425 ], [ -172.212467200101173, -13.78082299988148 ], [ -172.212237200286523, -13.780698799909658 ], [ -172.212081599586128, -13.780672699785214 ], [ -172.211985099632614, -13.78059459996075 ], [ -172.212065499922858, -13.780412200362719 ], [ -172.211915299651338, -13.780339300418348 ], [ -172.211920700080213, -13.780177800165291 ], [ -172.211926099609769, -13.78001629991229 ], [ -172.211968999969343, -13.77984430007433 ], [ -172.212146000037848, -13.779729700365351 ], [ -172.212162099701118, -13.779604699996867 ], [ -172.212135299904133, -13.779490100287831 ], [ -172.212129900374578, -13.77941189973933 ], [ -172.212049400259588, -13.779344199675052 ], [ -172.211995799766328, -13.779239999726144 ], [ -172.212054799789144, -13.779135799777293 ], [ -172.212033299696998, -13.779015900363447 ], [ -172.212022599563284, -13.778927399879535 ], [ -172.211995799766328, -13.778849200230354 ], [ -172.211958200010884, -13.778760699746442 ], [ -172.212033299696998, -13.77863559955324 ], [ -172.212060200218048, -13.778515799964168 ], [ -172.212001200195203, -13.778416799895354 ], [ -172.212103099678274, -13.778265700301802 ], [ -172.212044099655458, -13.778208399997595 ], [ -172.212022599563284, -13.778161500352894 ], [ -172.212017200033728, -13.778119799688966 ], [ -172.212049400259588, -13.777958300335229 ], [ -172.212006499900014, -13.777781200442007 ], [ -172.211840199965224, -13.777702999893506 ], [ -172.212108400282432, -13.777635299829171 ], [ -172.212027999992188, -13.777473799576171 ], [ -172.212087000015003, -13.777333099742691 ], [ -172.212183499968518, -13.77725490009351 ], [ -172.212001200195203, -13.776973600251381 ], [ -172.212253299949793, -13.776957999711897 ], [ -172.212371299995482, -13.776817299878417 ], [ -172.212183499968518, -13.776661000404772 ], [ -172.212457099815282, -13.776608899980715 ], [ -172.212500000174828, -13.776426500382627 ], [ -172.212500000174828, -13.776280699594565 ], [ -172.212580500289818, -13.776176499645715 ], [ -172.212795100113766, -13.77615040042059 ], [ -172.212559100022418, -13.775957600163053 ], [ -172.212612699616358, -13.775796099910053 ], [ -172.212854100136582, -13.775749200265352 ], [ -172.212886300362442, -13.775608600256646 ], [ -172.213159900209206, -13.775723199965682 ], [ -172.213138400117032, -13.775540800367594 ], [ -172.213084799623772, -13.775316799930351 ], [ -172.21323159955864, -13.775316000433008 ], [ -172.213299299622946, -13.775254299746109 ], [ -172.213084799623772, -13.774952099659629 ], [ -172.21322419993686, -13.774926000434505 ], [ -172.213202799669432, -13.774884399595294 ], [ -172.213004300408102, -13.774483200339375 ], [ -172.213079400094216, -13.77433729972654 ], [ -172.21309010022793, -13.774123699948746 ], [ -172.212972100182242, -13.773837100401806 ], [ -172.213079400094216, -13.773753799797987 ], [ -172.213047199868356, -13.773493199651398 ], [ -172.212907699730522, -13.773217099689361 ], [ -172.212837999573992, -13.772935799847232 ], [ -172.212918499688982, -13.772722100244664 ], [ -172.213073999665312, -13.772545000351442 ], [ -172.213073999665312, -13.772331399674329 ], [ -172.213154499780302, -13.772221999845385 ], [ -172.213009699937686, -13.772138600316111 ], [ -172.213100900186362, -13.77198749982324 ], [ -172.212993600274416, -13.771888499754425 ], [ -172.213095499757486, -13.77173220028078 ], [ -172.213031100205086, -13.771570700027723 ], [ -172.213175999872476, -13.771195599996872 ], [ -172.213068699960502, -13.771007999619428 ], [ -172.212741399795732, -13.77096629985482 ], [ -172.212800499643322, -13.77076829971719 ], [ -172.212736100090922, -13.770591199823969 ], [ -172.212832600044436, -13.770372300341364 ], [ -172.212650300271122, -13.77018999966873 ], [ -172.213020400071372, -13.769908600001827 ], [ -172.21322419993686, -13.769736699988641 ], [ -172.213122299554442, -13.769585600395089 ], [ -172.213218900232022, -13.769543899731161 ], [ -172.213299299622946, -13.769377199598011 ], [ -172.213444200189656, -13.769173999580346 ], [ -172.21340660043424, -13.769080200290944 ], [ -172.213578299898586, -13.768976000342093 ], [ -172.213578299898586, -13.768897799793592 ], [ -172.213674899676846, -13.768798799724777 ], [ -172.21362120025816, -13.768652999836036 ], [ -172.213766000100804, -13.768480999998133 ], [ -172.213894800104924, -13.76844450011356 ], [ -172.21396989979101, -13.768335100284617 ], [ -172.21390550023861, -13.768168400151524 ], [ -172.21371780003642, -13.767965200133858 ], [ -172.213830399653204, -13.767871399945079 ], [ -172.213910899768194, -13.767694300051858 ], [ -172.213825099948366, -13.76745460014962 ], [ -172.21391630019707, -13.767360799960898 ], [ -172.213948399698864, -13.767183700067676 ], [ -172.213980599924724, -13.767058599874417 ], [ -172.213947500376804, -13.766894899879674 ], [ -172.213816100432666, -13.766853399764557 ], [ -172.213667500055067, -13.766843099829146 ], [ -172.213671000216465, -13.76677050025836 ], [ -172.213950899814137, -13.766701399949625 ], [ -172.214103000353163, -13.766642599576244 ], [ -172.214103000353163, -13.766428300125881 ], [ -172.214244700232712, -13.766196800242085 ], [ -172.214234299573235, -13.766068899560025 ], [ -172.214068399836748, -13.76614150003013 ], [ -172.214002699864693, -13.766044699703059 ], [ -172.214065000399415, -13.765965199634195 ], [ -172.214037300381079, -13.76574399968581 ], [ -172.214047700141208, -13.765591900046104 ], [ -172.214206700278964, -13.765502100041829 ], [ -172.214109899951893, -13.765242900139697 ], [ -172.214220500375774, -13.76507700040321 ], [ -172.214438499637026, -13.765008900140572 ], [ -172.21447269995511, -13.76487939956462 ], [ -172.214501400019572, -13.764832200445653 ], [ -172.214494500420841, -13.764742299717284 ], [ -172.214487599922762, -13.764669799971273 ], [ -172.214535899811892, -13.764597200400431 ], [ -172.214608500282026, -13.764545299625809 ], [ -172.214760599921732, -13.764528100091695 ], [ -172.214694899949649, -13.764465900281039 ], [ -172.214515200116352, -13.764407099907714 ], [ -172.214449500144298, -13.764306900143254 ], [ -172.214418399789281, -13.76422740007439 ], [ -172.214504800356224, -13.764268900189563 ], [ -172.214580900088436, -13.764282700286344 ], [ -172.214591200023847, -13.764206599654813 ], [ -172.214505099830461, -13.764108399982604 ], [ -172.214427300379583, -13.764070200379422 ], [ -172.214505500028764, -13.764050599655377 ], [ -172.214515200116352, -13.764006600324308 ], [ -172.214547000143909, -13.763901500154077 ], [ -172.214622800401884, -13.763904000269349 ], [ -172.21476939978794, -13.763994400121419 ], [ -172.214938100013285, -13.763908999600631 ], [ -172.21497960012843, -13.763789100186784 ], [ -172.215111500095617, -13.763686500131826 ], [ -172.215187300353591, -13.763627799583219 ], [ -172.215153100035508, -13.76358380025215 ], [ -172.215197100265925, -13.763517799906481 ], [ -172.215275299915135, -13.763498299906587 ], [ -172.215368100057731, -13.763495899616032 ], [ -172.215443900315734, -13.763417600142077 ], [ -172.21556360008006, -13.763292999971952 ], [ -172.2156296004257, -13.763136599774214 ], [ -172.215673599756798, -13.762990000388186 ], [ -172.215690700365514, -13.762840899987509 ], [ -172.215812900245112, -13.762809099959952 ], [ -172.215921800051007, -13.76276199976644 ], [ -172.215954699949407, -13.762694299702105 ], [ -172.216032899598616, -13.762589200431194 ], [ -172.2160670999167, -13.762513400173248 ], [ -172.216076899829034, -13.762361900381336 ], [ -172.216030400382635, -13.762256800211105 ], [ -172.216113500437672, -13.762129699925651 ], [ -172.216142800349928, -13.762051500276471 ], [ -172.216130600147039, -13.762005099755527 ], [ -172.216169699971658, -13.761919600309284 ], [ -172.216343199878736, -13.761826700341885 ], [ -172.216431200339599, -13.761772900199162 ], [ -172.21640679993385, -13.76170210017176 ], [ -172.216399400312042, -13.761623899623203 ], [ -172.21647280027949, -13.761589700204468 ], [ -172.216543600306892, -13.76151630023702 ], [ -172.216616900449566, -13.761413700182061 ], [ -172.216690300417014, -13.761401499979172 ], [ -172.216668300301791, -13.761262200390206 ], [ -172.216634099983708, -13.761193699929265 ], [ -172.21666580018649, -13.761118000395356 ], [ -172.21678309966029, -13.761029999934522 ], [ -172.216814899687847, -13.760902899649068 ], [ -172.216817299978374, -13.760778300378206 ], [ -172.216901699553773, -13.760816599806162 ], [ -172.216986000203718, -13.760673200207975 ], [ -172.217044600028231, -13.760563199631918 ], [ -172.21713020019854, -13.760507000097903 ], [ -172.217225499557145, -13.760482599692182 ], [ -172.21724010005056, -13.760287099669881 ], [ -172.217303700105646, -13.759918099740446 ], [ -172.217313400193234, -13.759776300036151 ], [ -172.217276799584596, -13.759629699750803 ], [ -172.217359899639632, -13.759558799898628 ], [ -172.217376799699508, -13.759504200258561 ], [ -172.217469800390944, -13.759436600019058 ], [ -172.217526099749676, -13.759365799991656 ], [ -172.217582300182983, -13.759292400024208 ], [ -172.217753299974788, -13.759202000172138 ], [ -172.217941500200055, -13.759116499826575 ], [ -172.218100399613718, -13.759101800407734 ], [ -172.218281200217177, -13.759180000056915 ], [ -172.218506099976508, -13.759102699729738 ], [ -172.218601300409659, -13.759028500265003 ], [ -172.218645299740757, -13.758908799601386 ], [ -172.218628200031389, -13.758776799809425 ], [ -172.218673399957424, -13.758677899565384 ], [ -172.218769999735684, -13.758471300110386 ], [ -172.218901899702871, -13.758346699940205 ], [ -172.218962999642685, -13.75819520014835 ], [ -172.219058139821271, -13.758111537117713 ], [ -172.219246500125848, -13.75794589998327 ], [ -172.219279752558521, -13.757911537787209 ], [ -172.219372299991619, -13.757815900283504 ], [ -172.219459099857545, -13.757767499670308 ], [ -172.219576400230665, -13.757799199873148 ], [ -172.219610700373494, -13.757740600048635 ], [ -172.219576400230665, -13.7575671001415 ], [ -172.219613099764729, -13.757342200382197 ], [ -172.219775100040806, -13.756979400378953 ], [ -172.219727999847294, -13.756789899734031 ], [ -172.219735299644327, -13.756592000320495 ], [ -172.21964000028575, -13.756430699716987 ], [ -172.21941230003759, -13.756196800441955 ], [ -172.219434700351115, -13.756066600193378 ], [ -172.219488799968104, -13.755975599594194 ], [ -172.219671800313307, -13.755927299705093 ], [ -172.219808599787029, -13.755934600401417 ], [ -172.220048100039747, -13.755922400198585 ], [ -172.220114100385388, -13.755976099617271 ], [ -172.220305799872733, -13.755975999792497 ], [ -172.220561299964004, -13.755475099895875 ], [ -172.220578399673371, -13.755262500164179 ], [ -172.220673699931268, -13.754988799593377 ], [ -172.22078819981553, -13.754848999981334 ], [ -172.220715299871159, -13.754793299571077 ], [ -172.220698200161792, -13.75467109969145 ], [ -172.220593099991532, -13.754597800448096 ], [ -172.220598000397359, -13.754482900365531 ], [ -172.220583300079198, -13.754385199817079 ], [ -172.220602899903867, -13.754182399997717 ], [ -172.220536899558255, -13.754126099739665 ], [ -172.220414699678628, -13.754035699887595 ], [ -172.220390200347452, -13.753889099602191 ], [ -172.220340000190816, -13.753682000124172 ], [ -172.220483100314794, -13.753422300198963 ], [ -172.220470900111934, -13.753243899886002 ], [ -172.220527099645892, -13.753195000149105 ], [ -172.220548599738066, -13.753074300338653 ], [ -172.220685900134157, -13.753077699775986 ], [ -172.220799800170624, -13.752979599928551 ], [ -172.220940099805745, -13.752862699753734 ], [ -172.221073499842106, -13.752550400280711 ], [ -172.221354000186921, -13.752550400280711 ], [ -172.221684799613797, -13.752117300273142 ], [ -172.222206900128299, -13.752237000037496 ], [ -172.222806700268961, -13.752927600228531 ], [ -172.22325980029953, -13.752976499965428 ], [ -172.223389299976191, -13.752836800178159 ], [ -172.223137499695838, -13.752191399913102 ], [ -172.222947099728856, -13.751795399637956 ], [ -172.222950599890254, -13.751453599703837 ], [ -172.223102599705186, -13.751232600304206 ], [ -172.223279699598436, -13.751084099751381 ], [ -172.223239400078228, -13.750998100282061 ], [ -172.222882700176456, -13.750945999857947 ], [ -172.22273679956362, -13.750830800301173 ], [ -172.222570399804084, -13.750879600213352 ], [ -172.222437399965997, -13.750912199738195 ], [ -172.222343599777275, -13.750831400148968 ], [ -172.222153099985547, -13.750763600259916 ], [ -172.221984100285965, -13.750630800071292 ], [ -172.221951999884851, -13.750427600053627 ], [ -172.22203779970468, -13.750331199924915 ], [ -172.222174600077693, -13.75028950016025 ], [ -172.222249699763807, -13.750198299911574 ], [ -172.22232209968513, -13.750190500091435 ], [ -172.222415999698597, -13.750159200086955 ], [ -172.222410600169042, -13.750120100262393 ], [ -172.222300599592984, -13.750078399598408 ], [ -172.222244300234252, -13.749997699833955 ], [ -172.222230900335745, -13.749906499585222 ], [ -172.222265800326397, -13.749828299936041 ], [ -172.222216899690153, -13.74972619990416 ], [ -172.222247900220395, -13.749655899899835 ], [ -172.222209400243599, -13.749562599734134 ], [ -172.222179899782532, -13.749463599665319 ], [ -172.222086099593781, -13.749322899831895 ], [ -172.222094099962703, -13.749171800238344 ], [ -172.221992199580313, -13.749106600289338 ], [ -172.221922500323103, -13.749161399578895 ], [ -172.221793700318983, -13.749255199767617 ], [ -172.221667600079655, -13.749127499634369 ], [ -172.221684799613797, -13.748979099805581 ], [ -172.221565800421331, -13.748871399695304 ], [ -172.221470199789849, -13.748743300263072 ], [ -172.221410300444973, -13.748420000282749 ], [ -172.221426400108243, -13.74802919988764 ], [ -172.221420899854621, -13.747837500400294 ], [ -172.221428000002163, -13.747724700234699 ], [ -172.221315400385379, -13.747611900069103 ], [ -172.221301299915041, -13.747526500447577 ], [ -172.221037400155865, -13.747184699614138 ], [ -172.220710099991095, -13.747020600320411 ], [ -172.220665400088109, -13.74707910032015 ], [ -172.220541200116259, -13.746993199776284 ], [ -172.220330099554417, -13.747006900048348 ], [ -172.220048600062825, -13.746904399818163 ], [ -172.220002900113712, -13.74681890037192 ], [ -172.219803700280522, -13.746784700053809 ], [ -172.219425799760813, -13.746671999712987 ], [ -172.21911260006641, -13.746391699916956 ], [ -172.218975400394385, -13.7464292996724 ], [ -172.218919100136333, -13.746336999552852 ], [ -172.218802899634085, -13.746323300180109 ], [ -172.218672800109601, -13.74610110018557 ], [ -172.218686799855902, -13.745981500245989 ], [ -172.218743100113954, -13.745950800089304 ], [ -172.218860699961311, -13.745747199873335 ], [ -172.218858100021265, -13.745670500293329 ], [ -172.21806010009351, -13.745089200106463 ], [ -172.21779720038046, -13.745232499879933 ], [ -172.21759339961568, -13.74508400022637 ], [ -172.21744849994829, -13.745112599566767 ], [ -172.21739490035435, -13.745034399917586 ], [ -172.217327800137838, -13.74494850027304 ], [ -172.217006000226689, -13.74522200029503 ], [ -172.216952299908684, -13.745208999695535 ], [ -172.216222800441869, -13.744325799795774 ], [ -172.216353399989401, -13.744178300188366 ], [ -172.216356400127751, -13.744143400197743 ], [ -172.216395499952341, -13.744126400313064 ], [ -172.216420699855377, -13.744143900220763 ], [ -172.216472200431667, -13.74416950032213 ], [ -172.216828900333468, -13.744534199693533 ], [ -172.217468599796007, -13.743903700295505 ], [ -172.217535700012519, -13.743778600102246 ], [ -172.217653700058179, -13.743744799982494 ], [ -172.217777099633423, -13.74363010044874 ], [ -172.217838800320351, -13.743466000255637 ], [ -172.217921900375387, -13.743437300191204 ], [ -172.217980900398203, -13.743426900431075 ], [ -172.218013099724743, -13.743379999887054 ], [ -172.218005100255141, -13.743273199998157 ], [ -172.217926100209326, -13.743251699905954 ], [ -172.217806600094491, -13.74316640010926 ], [ -172.217817300228205, -13.743030900155873 ], [ -172.217795899960777, -13.742921500326929 ], [ -172.217728799744293, -13.742903200022624 ], [ -172.217675200150353, -13.742869399902816 ], [ -172.217640300159701, -13.742543699631995 ], [ -172.217669799721449, -13.742204999660942 ], [ -172.217704699712101, -13.742035599763085 ], [ -172.217693999578387, -13.74190529968979 ], [ -172.217677899915117, -13.741767299621131 ], [ -172.217766400399029, -13.74143380042949 ], [ -172.217903199872751, -13.741373800360577 ], [ -172.217978299558837, -13.741371200420531 ], [ -172.218018500153619, -13.741371200420531 ], [ -172.218045299950603, -13.741306100296242 ], [ -172.218082899706019, -13.741248799992093 ], [ -172.218131199595149, -13.741183600043087 ], [ -172.218179399659533, -13.741095099559175 ], [ -172.218300100369305, -13.741147199983232 ], [ -172.218335000359957, -13.741092399794354 ], [ -172.218337700124721, -13.741042900209607 ], [ -172.218265300203427, -13.741016899909937 ], [ -172.218227700447983, -13.740988199845503 ], [ -172.218203600415791, -13.740915299901133 ], [ -172.218174099954723, -13.740844900072034 ], [ -172.218093599839733, -13.740693799579162 ], [ -172.218112400167115, -13.740615699754699 ], [ -172.218123100300801, -13.740506200100981 ], [ -172.218155299627341, -13.74040200015213 ], [ -172.218224999783899, -13.740344699847981 ], [ -172.218195500222123, -13.740232700078991 ], [ -172.218254500244967, -13.740138899890269 ], [ -172.218402099677121, -13.740183099770206 ], [ -172.218439599607819, -13.74018049983016 ], [ -172.218458399935173, -13.740164900189939 ], [ -172.218471799833679, -13.740094600185614 ], [ -172.218506699824303, -13.739995600116799 ], [ -172.218597900073007, -13.739940799927922 ], [ -172.218670299994329, -13.739917399568299 ], [ -172.218678300363251, -13.739880899683726 ], [ -172.218729300017145, -13.739849599679246 ], [ -172.218713200353875, -13.73982100033885 ], [ -172.218694400026521, -13.739784499554958 ], [ -172.218672999759093, -13.739753199550478 ], [ -172.218659500035869, -13.739727200150128 ], [ -172.218650799994407, -13.739700400353172 ], [ -172.218616200377312, -13.739613099564849 ], [ -172.218565699847147, -13.739586500316705 ], [ -172.218560900165386, -13.739550299906398 ], [ -172.218512399727445, -13.739492100280131 ], [ -172.218534300017893, -13.739441699574741 ], [ -172.218500900096444, -13.739420400031406 ], [ -172.218485900304017, -13.739363300276068 ], [ -172.218507799695175, -13.739355399731892 ], [ -172.218494200147205, -13.739323900077864 ], [ -172.218504900280891, -13.739267499995094 ], [ -172.218466400304095, -13.739219100281218 ], [ -172.218436899843027, -13.739166999857105 ], [ -172.218405500013802, -13.739095299608323 ], [ -172.218344900097037, -13.738969300093061 ], [ -172.218268599816014, -13.738976300415914 ], [ -172.218252699802235, -13.738921699876528 ], [ -172.218294500290938, -13.738881099982734 ], [ -172.21823970010206, -13.738861500158066 ], [ -172.218241200171235, -13.73877470029214 ], [ -172.218298799949622, -13.738711700084821 ], [ -172.218291599977334, -13.738525499951834 ], [ -172.21831860032313, -13.738465499882864 ], [ -172.218304599677509, -13.738428400150497 ], [ -172.218388199755594, -13.738270700432452 ], [ -172.218486199778283, -13.7382273000498 ], [ -172.218623099976043, -13.73824270004053 ], [ -172.218709600367731, -13.73837150004465 ], [ -172.218918600113284, -13.738365899966254 ], [ -172.218924300016397, -13.738330900150856 ], [ -172.219010800408086, -13.738330900150856 ], [ -172.219051199753039, -13.738293099846658 ], [ -172.219123200375378, -13.738301500413854 ], [ -172.219159300061619, -13.738281899689866 ], [ -172.219146300361444, -13.738263700109599 ], [ -172.219155000402907, -13.7382273000498 ], [ -172.219196799992289, -13.73820909957027 ], [ -172.219129000103237, -13.738157300419061 ], [ -172.218930400117841, -13.738156099824096 ], [ -172.218699799556077, -13.738093599639853 ], [ -172.218619300340407, -13.73800760017059 ], [ -172.218611299971485, -13.737898200341647 ], [ -172.218740000150859, -13.737770500208399 ], [ -172.218836599929119, -13.737734000323826 ], [ -172.218935799647397, -13.737601100310485 ], [ -172.218938500311509, -13.73748389976214 ], [ -172.218981399771764, -13.737468300121918 ], [ -172.219059200121961, -13.737413499933041 ], [ -172.219177200167621, -13.737246799799948 ], [ -172.219534599741962, -13.737348800007055 ], [ -172.219576800428968, -13.737326299868812 ], [ -172.2195587995989, -13.737291300053414 ], [ -172.219582199958523, -13.737256300238016 ], [ -172.219621899630937, -13.737256300238016 ], [ -172.219630900045985, -13.737236999887614 ], [ -172.219688499824372, -13.737233499726187 ], [ -172.219701200050309, -13.737193300030754 ], [ -172.219791199704076, -13.737223000141285 ], [ -172.219895700026512, -13.7372037996156 ], [ -172.220003800335093, -13.73713200044142 ], [ -172.220019599624806, -13.737046500095857 ], [ -172.220024599855378, -13.736880999658354 ], [ -172.220158699564308, -13.736731199585165 ], [ -172.220242299642393, -13.736734000074023 ], [ -172.220343100153912, -13.736792800447347 ], [ -172.220529099738144, -13.736939800031678 ], [ -172.220560799940927, -13.736850199676951 ], [ -172.220501700093365, -13.736844599598555 ], [ -172.220481500420874, -13.736802600359681 ], [ -172.220508900065653, -13.736795600036885 ], [ -172.220474300448586, -13.736721399672831 ], [ -172.220387800056898, -13.736708800170959 ], [ -172.220383500398185, -13.736546399696522 ], [ -172.220207700025298, -13.736589800079173 ], [ -172.220174499753341, -13.736497400134851 ], [ -172.220201799573374, -13.736459800379464 ], [ -172.220167299781025, -13.736353200140002 ], [ -172.220174499753341, -13.736308400412327 ], [ -172.22010529961986, -13.736311200001808 ], [ -172.220086600016543, -13.736260800195737 ], [ -172.220151399767246, -13.736262200440137 ], [ -172.220128399605926, -13.73619500039888 ], [ -172.220063500030477, -13.736172600085354 ], [ -172.220004400182887, -13.73613059994716 ], [ -172.219994299896996, -13.736038100178121 ], [ -172.219956899791072, -13.735942899744998 ], [ -172.219919399860402, -13.735945700233856 ], [ -172.219906400160198, -13.735884100270937 ], [ -172.219968400321392, -13.735839299643942 ], [ -172.219890599971194, -13.735800099994549 ], [ -172.21982859981, -13.735816900229736 ], [ -172.219795400437363, -13.735893900183328 ], [ -172.219755100017835, -13.735868700280264 ], [ -172.219750800359122, -13.735784700003876 ], [ -172.21968299957075, -13.735809999731657 ], [ -172.219704899861199, -13.735741099971733 ], [ -172.219777000308284, -13.735743299713477 ], [ -172.219779200050027, -13.735673300082681 ], [ -172.219641899653908, -13.735563900253737 ], [ -172.219344599973283, -13.735539800221545 ], [ -172.21915470002935, -13.735641800428709 ], [ -172.219013500172878, -13.735581400161436 ], [ -172.219085599720614, -13.735513600272384 ], [ -172.218912199638282, -13.73541729996839 ], [ -172.218745500404481, -13.73541729996839 ], [ -172.218720799625174, -13.73536259960423 ], [ -172.218585600045373, -13.735327599788832 ], [ -172.218502300340873, -13.73535610020383 ], [ -172.218587899611862, -13.735456700166537 ], [ -172.218288400189493, -13.735485099857442 ], [ -172.218259100277237, -13.73535610020383 ], [ -172.218211800434204, -13.735310099881133 ], [ -172.218137500245405, -13.735292599973491 ], [ -172.218013599747792, -13.735349500079337 ], [ -172.217984399660281, -13.735299200097984 ], [ -172.218097000176385, -13.735283899931972 ], [ -172.218085700194877, -13.73524229999208 ], [ -172.217975300319836, -13.735255400416349 ], [ -172.217878499992764, -13.735161399678816 ], [ -172.217792899822456, -13.735237899609331 ], [ -172.217707400376213, -13.735181100227521 ], [ -172.217833499716221, -13.735119799738925 ], [ -172.217750100186947, -13.734968899794865 ], [ -172.217533899569787, -13.734966700053121 ], [ -172.217326800091712, -13.734815700284287 ], [ -172.217216400216671, -13.734842000058222 ], [ -172.217076800254091, -13.735021400417224 ], [ -172.216856100328727, -13.73508699966527 ], [ -172.216772799724907, -13.735036699683917 ], [ -172.21675019976189, -13.734940400279186 ], [ -172.216709699692871, -13.734911999688961 ], [ -172.216693900403158, -13.734787299694062 ], [ -172.216669199623823, -13.734795999735582 ], [ -172.216597100076086, -13.734870399749127 ], [ -172.216470999836758, -13.734813499643224 ], [ -172.216490099638349, -13.734745599929454 ], [ -172.216534000044049, -13.734706400280118 ], [ -172.216655699900599, -13.734697600413881 ], [ -172.216716500366175, -13.734649500174271 ], [ -172.216707499951127, -13.734498500405437 ], [ -172.216645700338773, -13.734444899912148 ], [ -172.216628599730058, -13.734406599584872 ], [ -172.216669199623823, -13.734395699801667 ], [ -172.216653400334138, -13.734141900328382 ], [ -172.216603899850071, -13.734139800411413 ], [ -172.216587499813244, -13.734111899844265 ], [ -172.216491800256335, -13.734148899751858 ], [ -172.216471499859807, -13.734113599562932 ], [ -172.216423199970677, -13.734122699802697 ], [ -172.216403100122932, -13.734104500222486 ], [ -172.216386999560342, -13.734048500337963 ], [ -172.216421899550994, -13.734010700033707 ], [ -172.21655330039448, -13.733952100209194 ], [ -172.216595600006912, -13.733919200310822 ], [ -172.216604300048374, -13.733838700195804 ], [ -172.216619799863849, -13.733806099771641 ], [ -172.216605599568737, -13.733773600071515 ], [ -172.21660599976704, -13.733752299628861 ], [ -172.216561000389817, -13.733685099587603 ], [ -172.216585200246755, -13.733657100095058 ], [ -172.216571400149974, -13.733641499555517 ], [ -172.216554099891766, -13.733654900353315 ], [ -172.216227799773122, -13.733433099657759 ], [ -172.216186299657977, -13.733429800045201 ], [ -172.216163199671911, -13.733449899892946 ], [ -172.216102099732097, -13.733435400123597 ], [ -172.216092899667558, -13.733452200358727 ], [ -172.216033000322682, -13.733462899593121 ], [ -172.216040999792284, -13.733496800436967 ], [ -172.216024900129014, -13.733567100441292 ], [ -172.215995399667946, -13.733676600094952 ], [ -172.215952500207692, -13.73369479967522 ], [ -172.215855900429432, -13.733673900330189 ], [ -172.215775500139188, -13.733647900030519 ], [ -172.21578349960879, -13.733574900261374 ], [ -172.215775500139188, -13.733527999717353 ], [ -172.215780399645695, -13.733437599865283 ], [ -172.215812699696301, -13.733338999994828 ], [ -172.215849599779176, -13.733330100303817 ], [ -172.215882999700653, -13.733276300161094 ], [ -172.215910699718989, -13.733277400031966 ], [ -172.215916399622131, -13.733230399663171 ], [ -172.215889900198704, -13.733220300276571 ], [ -172.215877199972766, -13.73316989957118 ], [ -172.215802299936172, -13.733065699622273 ], [ -172.215796500208285, -13.7329973997102 ], [ -172.215696199719815, -13.732869699576952 ], [ -172.215632800213541, -13.732843999650811 ], [ -172.215611999793936, -13.73289550022713 ], [ -172.215564899600423, -13.73289279956299 ], [ -172.215556699581981, -13.732855199807602 ], [ -172.215417200343495, -13.732823799978348 ], [ -172.215331199974884, -13.73272119992339 ], [ -172.215285699675263, -13.732701699923439 ], [ -172.21522459973545, -13.732898899664463 ], [ -172.215240800122814, -13.732922399848803 ], [ -172.215231500233529, -13.732941399825677 ], [ -172.215215399670939, -13.732943700291514 ], [ -172.215111599920363, -13.733228199921427 ], [ -172.215032099851499, -13.733260599796779 ], [ -172.214921399602872, -13.733247199898301 ], [ -172.214848700207313, -13.733192299884706 ], [ -172.214801500189054, -13.733129600050972 ], [ -172.214810700253594, -13.733060100443254 ], [ -172.214897199745934, -13.732898899664463 ], [ -172.214890200322458, -13.732870800347087 ], [ -172.214894900179473, -13.73285180037027 ], [ -172.214916799570631, -13.732856299678417 ], [ -172.2149617000224, -13.732774500043092 ], [ -172.215063200206487, -13.732779000250616 ], [ -172.215097799823582, -13.732709599568295 ], [ -172.215048200414088, -13.73268599955918 ], [ -172.215029800285038, -13.732680400380104 ], [ -172.214924799939524, -13.732634499882238 ], [ -172.214930099644363, -13.732570499628821 ], [ -172.214745399580494, -13.732504900380775 ], [ -172.214648600152742, -13.73253330007168 ], [ -172.214565199724149, -13.732408600076781 ], [ -172.214594499636434, -13.732380200385876 ], [ -172.21447520007041, -13.732286099823625 ], [ -172.214237199886838, -13.73235250036754 ], [ -172.214168899974737, -13.732292600123344 ], [ -172.214090099578414, -13.732292600123344 ], [ -172.214117500122512, -13.732399599661733 ], [ -172.214162600223801, -13.732406400335037 ], [ -172.214081600085734, -13.732509200039487 ], [ -172.213910399745117, -13.732542000113142 ], [ -172.213869899676098, -13.732450100191897 ], [ -172.213667199681481, -13.732461099799878 ], [ -172.213581600410492, -13.732391100169082 ], [ -172.213468999894388, -13.732430399643192 ], [ -172.213466700327928, -13.732471999583083 ], [ -172.213203299692509, -13.732559500020841 ], [ -172.212870599998155, -13.732521599891868 ], [ -172.212693599929679, -13.732302800233981 ], [ -172.212597000151419, -13.732267599869772 ], [ -172.212500500197905, -13.732212900404988 ], [ -172.212451100437903, -13.732111000022599 ], [ -172.212314100415369, -13.732078699971964 ], [ -172.21228719989432, -13.73213860021616 ], [ -172.21209949969213, -13.73212039973663 ], [ -172.212056600231875, -13.732090400151776 ], [ -172.212027699618602, -13.732027899967591 ], [ -172.211907700380038, -13.731936699718858 ], [ -172.211772300251425, -13.731885899714428 ], [ -172.211696699642943, -13.731839799567069 ], [ -172.211394899754794, -13.731706299705934 ], [ -172.211340399939473, -13.731592799867769 ], [ -172.211293500294772, -13.73155370004315 ], [ -172.211104399848153, -13.731436399670088 ], [ -172.21115760014311, -13.731328900108622 ], [ -172.211011900079086, -13.731258000256446 ], [ -172.210881799655311, -13.731187600427347 ], [ -172.210680599729869, -13.731071599574591 ], [ -172.210687299679108, -13.731016900109807 ], [ -172.21069000034322, -13.730960900225341 ], [ -172.210742300416797, -13.730897099621416 ], [ -172.210809299909243, -13.730846199792268 ], [ -172.210935400148571, -13.730723800263149 ], [ -172.210928700199332, -13.730698999659069 ], [ -172.210852200268789, -13.730605200369666 ], [ -172.210703400241698, -13.730584399950033 ], [ -172.210658999812978, -13.730499199978055 ], [ -172.210613899711689, -13.73047469974756 ], [ -172.210417500367328, -13.730514900342314 ], [ -172.210329999929513, -13.730476400365546 ], [ -172.210206800003789, -13.730359199817144 ], [ -172.210168899874816, -13.730353900112334 ], [ -172.210163500345232, -13.730317099854233 ], [ -172.210217599962249, -13.730238400181975 ], [ -172.210251800280332, -13.730226100154368 ], [ -172.210268999814474, -13.730170399744111 ], [ -172.210307599616016, -13.730156099624253 ], [ -172.210331099800385, -13.730117599647485 ], [ -172.210284200155684, -13.730107100062583 ], [ -172.21017249986096, -13.73019459960102 ], [ -172.210091100423909, -13.730154499730304 ], [ -172.210084199925859, -13.730128100131651 ], [ -172.210001400244408, -13.730084400274791 ], [ -172.209936499769611, -13.73009659957836 ], [ -172.209947299728071, -13.730157900067013 ], [ -172.209918499838864, -13.730185899559558 ], [ -172.209862599779143, -13.730119400090189 ], [ -172.209740100425279, -13.730065099924389 ], [ -172.209736500439107, -13.729958399860209 ], [ -172.209696899692148, -13.729947900275306 ], [ -172.209637799844558, -13.729972100132272 ], [ -172.20956000039368, -13.729951400436732 ], [ -172.209380299661063, -13.72982359957939 ], [ -172.209347399762663, -13.729795600086845 ], [ -172.209259599850611, -13.729724600409952 ], [ -172.209157700367541, -13.729727200349998 ], [ -172.209106699814328, -13.729745499754983 ], [ -172.209026199699338, -13.729745499754983 ], [ -172.208977899810208, -13.729750499985528 ], [ -172.208819500419594, -13.72972029985192 ], [ -172.20877269970029, -13.729680100156429 ], [ -172.208738399557461, -13.729671300290249 ], [ -172.208711400110985, -13.729737899584336 ], [ -172.208709599668254, -13.729790400206753 ], [ -172.208642700000581, -13.72982359957939 ], [ -172.208583500328245, -13.729863899998918 ], [ -172.20832049989113, -13.729786900045383 ], [ -172.20832049989113, -13.729674799552299 ], [ -172.208230400412617, -13.729615300405726 ], [ -172.208194799850105, -13.729623000401091 ], [ -172.208118700117893, -13.729625799990629 ], [ -172.208005200279729, -13.729701100225554 ], [ -172.207880899583813, -13.72966210022571 ], [ -172.207803199957681, -13.729578699797116 ], [ -172.207702500170228, -13.729547100318371 ], [ -172.207635800152019, -13.729510300060269 ], [ -172.20760519982008, -13.729520799645115 ], [ -172.207558400000124, -13.72949630031394 ], [ -172.207459800129641, -13.72946410008808 ], [ -172.207336799853408, -13.729338800245387 ], [ -172.207365400093124, -13.729242999964413 ], [ -172.207339100319189, -13.729161800176882 ], [ -172.207298899724407, -13.729091500172558 ], [ -172.207250599835277, -13.729055000287985 ], [ -172.207172800384399, -13.728957299739534 ], [ -172.207120600135568, -13.728883799947369 ], [ -172.207124200121712, -13.728824299901476 ], [ -172.207147599582015, -13.728810300155203 ], [ -172.20711159972052, -13.728766499574249 ], [ -172.207062899633087, -13.72876579990168 ], [ -172.207033400071339, -13.7287344998972 ], [ -172.207008399817767, -13.728707200077167 ], [ -172.206971700283702, -13.728698000012628 ], [ -172.206940400279223, -13.728677300317088 ], [ -172.206909799947283, -13.728661500128055 ], [ -172.206864699845994, -13.728729800040185 ], [ -172.206869700076567, -13.728770999781773 ], [ -172.206812499597163, -13.728869800201096 ], [ -172.206706099906569, -13.72890909967515 ], [ -172.206576500405134, -13.728836500104364 ], [ -172.206545800248449, -13.728726299878815 ], [ -172.206562099561211, -13.728670299994292 ], [ -172.206542200262305, -13.728628299856098 ], [ -172.206443200193519, -13.728565299648835 ], [ -172.206371099746434, -13.728610799948399 ], [ -172.206314500014145, -13.72859899994387 ], [ -172.206258199756093, -13.728588600183684 ], [ -172.206171100415929, -13.728563500105395 ], [ -172.206160699756452, -13.728510500359278 ], [ -172.205929699895705, -13.728425199663207 ], [ -172.205861700357161, -13.728455499621589 ], [ -172.205724300136325, -13.728395499552619 ], [ -172.20574950003936, -13.728281700240245 ], [ -172.205695500247117, -13.728209999991464 ], [ -172.205580100141475, -13.72817950038359 ], [ -172.205578400422809, -13.728031499853785 ], [ -172.205639600187368, -13.727987700172207 ], [ -172.205666700357909, -13.727891399868156 ], [ -172.205618000270476, -13.727823199780801 ], [ -172.205579600118426, -13.727801699688655 ], [ -172.205540500293836, -13.727782900260593 ], [ -172.205550099657358, -13.72773399962432 ], [ -172.205536699758852, -13.727689699919665 ], [ -172.205531300229296, -13.727655799975139 ], [ -172.205512499901914, -13.727601099611036 ], [ -172.205568899984712, -13.727543700381432 ], [ -172.20555810002628, -13.727483800137236 ], [ -172.205504500432312, -13.727471400284855 ], [ -172.205434800275782, -13.727486400077282 ], [ -172.205394599681, -13.72756239998472 ], [ -172.205354300160792, -13.727499499602175 ], [ -172.205339199644328, -13.727455899570089 ], [ -172.205268799815229, -13.727401200105248 ], [ -172.205247000248846, -13.727353500063941 ], [ -172.20516919989862, -13.727322299884179 ], [ -172.205096799977298, -13.727350900123895 ], [ -172.204978799931638, -13.727301399639828 ], [ -172.204941600374525, -13.727274699667589 ], [ -172.204812400172102, -13.727240299700043 ], [ -172.204783200084591, -13.727182400447361 ], [ -172.204586199993116, -13.727185899709468 ], [ -172.204384800418183, -13.726961800346771 ], [ -172.204163100446692, -13.726824999973701 ], [ -172.204092699718302, -13.726664399942081 ], [ -172.204085700294797, -13.726401199855445 ], [ -172.203839699742332, -13.726373800210638 ], [ -172.203775700388235, -13.726147500206935 ], [ -172.203723500139404, -13.726117399898044 ], [ -172.203737599710422, -13.725970400313656 ], [ -172.203677800190292, -13.725874699857457 ], [ -172.203554600264567, -13.725871300420124 ], [ -172.203591500347443, -13.725742399691967 ], [ -172.203435000324987, -13.725649100425585 ], [ -172.203234599896831, -13.72560920020436 ], [ -172.203206300030701, -13.725512399877289 ], [ -172.202872000442426, -13.725437200366457 ], [ -172.202896599598375, -13.725341499910257 ], [ -172.202847400387185, -13.725296999656734 ], [ -172.202805099875434, -13.725396200274361 ], [ -172.202713699977238, -13.725355100357547 ], [ -172.202671400364807, -13.725279899947395 ], [ -172.202344200024783, -13.725208199698613 ], [ -172.202161199679608, -13.724955199722615 ], [ -172.202189399720993, -13.724903899695164 ], [ -172.202118999891894, -13.724784299755584 ], [ -172.202034499592457, -13.724798000027647 ], [ -172.201967699749503, -13.724856099829083 ], [ -172.201883200349386, -13.724753499774124 ], [ -172.201566499594264, -13.724746700000139 ], [ -172.201390600295952, -13.724818500073695 ], [ -172.201281499941246, -13.724798000027647 ], [ -172.201207599950749, -13.724681699700625 ], [ -172.200985899979287, -13.724691999636036 ], [ -172.200898000242489, -13.724780900318251 ], [ -172.200718500058713, -13.72482529984768 ], [ -172.200637599745392, -13.724732999728133 ], [ -172.200472200031982, -13.724719300355389 ], [ -172.200410799718611, -13.724715300170942 ], [ -172.200356000429053, -13.724681900249436 ], [ -172.200262499714569, -13.724612000443415 ], [ -172.200222300019107, -13.724633899834544 ], [ -172.200134400282309, -13.724599700415808 ], [ -172.200032300250427, -13.724432199886053 ], [ -172.199968999669579, -13.72442880044872 ], [ -172.199940799628166, -13.724370699747965 ], [ -172.199655200127353, -13.724156299573508 ], [ -172.199687500177959, -13.724117699771966 ], [ -172.199431300414147, -13.723909200049491 ], [ -172.199420399731622, -13.723946799804935 ], [ -172.199321899685884, -13.723854499685388 ], [ -172.199366700312936, -13.723790799805499 ], [ -172.199293800368565, -13.723755399791798 ], [ -172.199247999695416, -13.723806599994532 ], [ -172.198892600213298, -13.723762199565783 ], [ -172.198773000273718, -13.723796399883895 ], [ -172.198589999928515, -13.723748500193096 ], [ -172.198336699578988, -13.723553699843308 ], [ -172.19834720006321, -13.723263100111922 ], [ -172.198216999814662, -13.722794799740143 ], [ -172.198111500345448, -13.722805099675554 ], [ -172.198094799935035, -13.722721899795772 ], [ -172.198168100077737, -13.722630900095908 ], [ -172.198168100077737, -13.722532599699662 ], [ -172.198014199995299, -13.722558199801028 ], [ -172.197961399898645, -13.722421500152052 ], [ -172.198185699810182, -13.722387299833997 ], [ -172.198256099639252, -13.722314700263155 ], [ -172.198256099639252, -13.722139499738091 ], [ -172.198220999999137, -13.721984399960036 ], [ -172.198128699879561, -13.721864100347887 ], [ -172.197953100055486, -13.721745999578161 ], [ -172.197935000299992, -13.721890400121822 ], [ -172.197858500369477, -13.721958200010874 ], [ -172.197752599802612, -13.721975699918573 ], [ -172.197617500047556, -13.721912199688234 ], [ -172.197605100195204, -13.721837699849914 ], [ -172.197489100241768, -13.721853199665361 ], [ -172.197382199628777, -13.721884300020406 ], [ -172.197017199883845, -13.721917199918778 ], [ -172.196976699814826, -13.721967499900131 ], [ -172.19691590024857, -13.721963100416701 ], [ -172.196715499820442, -13.721847099563945 ], [ -172.196715499820442, -13.721801199965341 ], [ -172.19662309987612, -13.721739900376065 ], [ -172.196584800448164, -13.721777099933149 ], [ -172.196587100014625, -13.721864600370964 ], [ -172.19644070027806, -13.721834000039053 ], [ -172.196259799849855, -13.721595499832404 ], [ -172.196233500075948, -13.721494899869697 ], [ -172.196262799988205, -13.72144679963003 ], [ -172.196195199748644, -13.721378999740978 ], [ -172.19618170002542, -13.721274000294841 ], [ -172.196213300403457, -13.721225800230457 ], [ -172.196089399905844, -13.721193000156802 ], [ -172.196098400320892, -13.721109900101737 ], [ -172.196048899836825, -13.721061700037353 ], [ -172.195994800219836, -13.721079199945052 ], [ -172.19596550030758, -13.720961100074646 ], [ -172.195994800219836, -13.720950200291441 ], [ -172.195983500238327, -13.720908600351606 ], [ -172.196006100201345, -13.720808000388843 ], [ -172.195866400414019, -13.720753300024739 ], [ -172.195886699911256, -13.720672299886701 ], [ -172.195843900275747, -13.720626400288097 ], [ -172.195821400137476, -13.720438200062858 ], [ -172.195780099671822, -13.720435799772304 ], [ -172.195774100294472, -13.720374799657236 ], [ -172.195805599948443, -13.720357299749537 ], [ -172.195816899929952, -13.720239100054357 ], [ -172.19576840039133, -13.720182799796305 ], [ -172.19581439981468, -13.720099400267088 ], [ -172.195851000423318, -13.719946299681965 ], [ -172.195994599671025, -13.719793100171387 ], [ -172.196017099809268, -13.719454000002031 ], [ -172.195980500099978, -13.719341900408324 ], [ -172.195984699933916, -13.719015200091349 ], [ -172.196278199978906, -13.718781999589567 ], [ -172.196440999752298, -13.718786300147599 ], [ -172.19648049977522, -13.71864529994059 ], [ -172.196388199655672, -13.718653800332561 ], [ -172.196322200209352, -13.718576900203743 ], [ -172.196476100291761, -13.718235100269624 ], [ -172.196317799826573, -13.718098299896553 ], [ -172.196120000237784, -13.717785600225227 ], [ -172.196242499591648, -13.717427599903772 ], [ -172.196198000237501, -13.717300700167129 ], [ -172.196285800149525, -13.717171599789481 ], [ -172.196314299665175, -13.717165899886311 ], [ -172.19649129973368, -13.717030099559395 ], [ -172.196531600153207, -13.717070200329431 ], [ -172.196582499982355, -13.717026200098985 ], [ -172.19659389978861, -13.716975999942406 ], [ -172.19671370027703, -13.716885000242542 ], [ -172.196794800239815, -13.716876200376305 ], [ -172.196810600428847, -13.716825900394952 ], [ -172.196892599713692, -13.716837400025952 ], [ -172.196910800193251, -13.7167810997679 ], [ -172.196936699768855, -13.716797499804727 ], [ -172.197024499680879, -13.71674059969888 ], [ -172.197049300284959, -13.716666199685335 ], [ -172.197212299707843, -13.716609699777791 ], [ -172.197026800146688, -13.716423399819973 ], [ -172.197333000417615, -13.71609959981663 ], [ -172.197375800053095, -13.715939900006333 ], [ -172.19758980002922, -13.715832699919133 ], [ -172.197596499978459, -13.715797700103735 ], [ -172.19766179975224, -13.715793299720985 ], [ -172.197711400061024, -13.715769199688793 ], [ -172.197785700249852, -13.715749500039351 ], [ -172.197856699926746, -13.71579479979016 ], [ -172.197950099917136, -13.715854500384864 ], [ -172.197990599986184, -13.715852399568519 ], [ -172.198071699948969, -13.715764800205307 ], [ -172.198123499999497, -13.7157714003298 ], [ -172.198233800049792, -13.715591999970798 ], [ -172.198245100031301, -13.715467299975842 ], [ -172.198289600284795, -13.715452400008189 ], [ -172.198287299819015, -13.715387200059183 ], [ -172.19824739959779, -13.715368799930104 ], [ -172.198290100307844, -13.715180700428959 ], [ -172.198371200270657, -13.715176300046153 ], [ -172.198447899850663, -13.714870900171832 ], [ -172.198652599937503, -13.714835599982905 ], [ -172.198648099729979, -13.714721799771212 ], [ -172.198688599799027, -13.714699900380026 ], [ -172.198762899987827, -13.714601500159063 ], [ -172.198834899710818, -13.714603699900806 ], [ -172.198839300093596, -13.714537900103949 ], [ -172.198927299655139, -13.714489899689056 ], [ -172.198972700129985, -13.714143499722695 ], [ -172.198990399687176, -13.714072000022725 ], [ -172.198982000019271, -13.714035299589341 ], [ -172.198999400102196, -13.713997600009179 ], [ -172.199067899663817, -13.713950599640441 ], [ -172.199059800369469, -13.71390369999574 ], [ -172.199118800392284, -13.713860699811391 ], [ -172.199188600373589, -13.713841199811498 ], [ -172.199254300345643, -13.713839900291134 ], [ -172.199349499879503, -13.713856800350982 ], [ -172.199415199851558, -13.71390369999574 ], [ -172.199472900354039, -13.713975400244465 ], [ -172.199533100072472, -13.714054500115026 ], [ -172.199623199550985, -13.714124499745822 ], [ -172.199673200058101, -13.714098600170189 ], [ -172.199740400099358, -13.71409920001804 ], [ -172.199826299743904, -13.71409390031323 ], [ -172.199895999900434, -13.714096600077994 ], [ -172.200028100416461, -13.714110900197852 ], [ -172.200179000360549, -13.714126499838073 ], [ -172.200350600000149, -13.714082899805931 ], [ -172.200425699686264, -13.71398839994464 ], [ -172.200564599976275, -13.713964799935525 ], [ -172.200646799809931, -13.714015199741652 ], [ -172.200702400395443, -13.714141200156234 ], [ -172.200769999735684, -13.714133000137792 ], [ -172.200851599721517, -13.71428879958836 ], [ -172.200882600251759, -13.714236899713114 ], [ -172.200941700099349, -13.714258800003563 ], [ -172.200950199592, -13.714357200224583 ], [ -172.20103460006672, -13.714409199924603 ], [ -172.201279499849022, -13.714392799887776 ], [ -172.201254200121213, -13.714321700386108 ], [ -172.201364000148459, -13.714318899897251 ], [ -172.201434300152812, -13.714373600261411 ], [ -172.201527200120154, -13.714362699578885 ], [ -172.201590499801711, -13.714348699832613 ], [ -172.201689700419308, -13.714317399828076 ], [ -172.20181040022976, -13.714288699763642 ], [ -172.201963300266073, -13.714278300003514 ], [ -172.202046500145826, -13.714275700063467 ], [ -172.202084000076525, -13.714278300003514 ], [ -172.202177900089993, -13.71431219994804 ], [ -172.202330800126305, -13.714369500252189 ], [ -172.202666599783726, -13.714500400173279 ], [ -172.202731299709683, -13.714491100284022 ], [ -172.202811799824673, -13.714488500343975 ], [ -172.202911000442299, -13.71445549972151 ], [ -172.203002199791655, -13.714441599799954 ], [ -172.203122899602107, -13.714394700155253 ], [ -172.203187300053827, -13.714300899966531 ], [ -172.203118500118649, -13.714185999883966 ], [ -172.203219699929178, -13.714177399667221 ], [ -172.203136099851093, -13.714121899805775 ], [ -172.20321530044572, -13.714079199995012 ], [ -172.203254799569322, -13.714027899967562 ], [ -172.203158099966316, -13.713942399621999 ], [ -172.203180100081539, -13.713895400152524 ], [ -172.20314930010008, -13.71385700000053 ], [ -172.203070100404773, -13.713916800419952 ], [ -172.20297769956116, -13.713878300443184 ], [ -172.203078900271009, -13.713634800005991 ], [ -172.203153699583538, -13.713681800374729 ], [ -172.203228399970641, -13.713668899600009 ], [ -172.20314930010008, -13.713574899761795 ], [ -172.203224100311957, -13.713438200112819 ], [ -172.20326360033485, -13.713468099872841 ], [ -172.203317699951867, -13.713386200412799 ], [ -172.203320100242394, -13.713278500302522 ], [ -172.203349300329933, -13.713241299846061 ], [ -172.203475500394006, -13.713204200113694 ], [ -172.203484499909706, -13.713164799915546 ], [ -172.203434899600921, -13.713140699883354 ], [ -172.203441700274226, -13.713075099736045 ], [ -172.203626299614001, -13.712976599690251 ], [ -172.203696200319371, -13.71277529994012 ], [ -172.203756999885599, -13.712722800217023 ], [ -172.203910099571402, -13.712644099645445 ], [ -172.204123999722782, -13.712703099668261 ], [ -172.204130800396086, -13.712668099852863 ], [ -172.204083499653763, -13.712661599553144 ], [ -172.204083499653763, -13.71255660010695 ], [ -172.203482200343245, -13.712692199885055 ], [ -172.203277299707594, -13.712709699792754 ], [ -172.203262343981976, -13.712524975447195 ], [ -172.203254799569322, -13.712431800287334 ], [ -172.20326612653048, -13.712324975217371 ], [ -172.203277299707594, -13.71221959985462 ], [ -172.20334709968887, -13.712094899859721 ], [ -172.203430400292717, -13.712055499661517 ], [ -172.203335799707361, -13.712066500168817 ], [ -172.203270499933609, -13.712042400136625 ], [ -172.203229999864561, -13.711972399606509 ], [ -172.203236699813829, -13.711919899883412 ], [ -172.203166899832524, -13.711965800381336 ], [ -172.203142699975587, -13.711922900021762 ], [ -172.203140500233872, -13.711896600247883 ], [ -172.203066100220326, -13.711874799782152 ], [ -172.203072899994311, -13.711925099763505 ], [ -172.202946799754983, -13.711868199657658 ], [ -172.202912999635203, -13.711800399768606 ], [ -172.202840900087438, -13.711800399768606 ], [ -172.202757600382938, -13.711599100018418 ], [ -172.202690099968123, -13.711603500401168 ], [ -172.20268330019411, -13.711511599580604 ], [ -172.202730600037142, -13.711522500263129 ], [ -172.202705800332382, -13.711446000332614 ], [ -172.202730600037142, -13.711391299968454 ], [ -172.202667500005106, -13.711194299876979 ], [ -172.202701300124886, -13.711194299876979 ], [ -172.202687800401634, -13.711130900370733 ], [ -172.202726099829619, -13.711111199821971 ], [ -172.202777899880147, -13.711141800153882 ], [ -172.202780099621862, -13.711095899656016 ], [ -172.202753100175414, -13.71107400026483 ], [ -172.202739599552842, -13.711045599674662 ], [ -172.202699100383143, -13.711023700283477 ], [ -172.202735100244666, -13.710883700122622 ], [ -172.202703599691347, -13.71085519970768 ], [ -172.202611199747054, -13.710909900071783 ], [ -172.202570699678034, -13.710877099998129 ], [ -172.202521200093287, -13.71069769963907 ], [ -172.202480600199522, -13.71069330015564 ], [ -172.20242429994147, -13.710706500404626 ], [ -172.202253200324918, -13.710640800432543 ], [ -172.202190999614913, -13.710584000151414 ], [ -172.202178800311344, -13.710572999644171 ], [ -172.202226100154377, -13.710566400418998 ], [ -172.202138300242325, -13.710485500105676 ], [ -172.202120300311577, -13.710511700054894 ], [ -172.202014399744712, -13.710395799926175 ], [ -172.201971699933978, -13.710450500290335 ], [ -172.201902300151005, -13.710361599608063 ], [ -172.201767200395949, -13.710438599561655 ], [ -172.20146450028642, -13.710205800157496 ], [ -172.201358200420572, -13.710242600415654 ], [ -172.201224900208956, -13.710151599816413 ], [ -172.201167300430541, -13.710028999738483 ], [ -172.201214100250496, -13.709985299881623 ], [ -172.201156499572761, -13.709934499877249 ], [ -172.201190699890873, -13.70987330011269 ], [ -172.201140200259999, -13.709796300159098 ], [ -172.201154700029349, -13.709780499970066 ], [ -172.20112039988652, -13.709719200380732 ], [ -172.201138399817268, -13.709696499693678 ], [ -172.201113199914204, -13.709614200035276 ], [ -172.201169099973953, -13.709551199827956 ], [ -172.201145599789584, -13.709516200012558 ], [ -172.201183499918557, -13.70949519994349 ], [ -172.201203300292036, -13.709376199851704 ], [ -172.201141999803411, -13.709229200267316 ], [ -172.201183499918557, -13.7091766996449 ], [ -172.201113199914204, -13.709152099589687 ], [ -172.201115000356964, -13.709047100143493 ], [ -172.201244699683116, -13.708907099982639 ], [ -172.201268199867513, -13.708810799678588 ], [ -172.20124829966926, -13.708793299770946 ], [ -172.201242900139704, -13.708702300071025 ], [ -172.201311399701297, -13.708695299748229 ], [ -172.201390700120697, -13.708593799564142 ], [ -172.201469899816004, -13.708620100237397 ], [ -172.201471700258736, -13.708555299587374 ], [ -172.201525799875725, -13.708476500090342 ], [ -172.201516800360025, -13.708439799656958 ], [ -172.201556099834107, -13.70839120029359 ], [ -172.201563299806423, -13.708317599777388 ], [ -172.201669599672272, -13.708228399620907 ], [ -172.201631800267336, -13.708202099846972 ], [ -172.201664200142687, -13.708151399667315 ], [ -172.201781299966996, -13.708160099708778 ], [ -172.201822700257395, -13.708077800050376 ], [ -172.201968699795628, -13.708079599593816 ], [ -172.202037100431824, -13.707997299935414 ], [ -172.20213079989648, -13.70800959996302 ], [ -172.202132600339212, -13.708083099755186 ], [ -172.202314599738969, -13.708034100193515 ], [ -172.202332599669717, -13.708070799727579 ], [ -172.202422700047549, -13.708006099801594 ], [ -172.202486499752126, -13.707956200018543 ], [ -172.202519899673604, -13.707909000000313 ], [ -172.202564999774893, -13.707876500300188 ], [ -172.20261910029123, -13.707890599871234 ], [ -172.202645999912932, -13.70785390033717 ], [ -172.202705499958824, -13.707866099640739 ], [ -172.202840999912183, -13.707934299728095 ], [ -172.202922400248553, -13.707907900129442 ], [ -172.202954499750348, -13.707775500139178 ], [ -172.203017499957639, -13.707791400152928 ], [ -172.20309819972212, -13.707760000323731 ], [ -172.20318150032594, -13.707800100194447 ], [ -172.203207899924621, -13.707812199673242 ], [ -172.203303600380821, -13.707832500069799 ], [ -172.203333199767314, -13.707826200318834 ], [ -172.203379700113032, -13.707861399783724 ], [ -172.203433699905304, -13.707906900083344 ], [ -172.203426499932988, -13.707948900221538 ], [ -172.203426800306573, -13.708000600447292 ], [ -172.203487800421613, -13.708036399759976 ], [ -172.203522999886502, -13.708006599824671 ], [ -172.203576899854028, -13.707984200410465 ], [ -172.203625199743158, -13.707973500276751 ], [ -172.203619999863065, -13.707939399783413 ], [ -172.203625000093666, -13.707911500115586 ], [ -172.203609500278191, -13.70788470031863 ], [ -172.203610299775477, -13.707847400037451 ], [ -172.203625099918412, -13.707805499723975 ], [ -172.203626199789255, -13.707757400383684 ], [ -172.203601400084523, -13.707746999724236 ], [ -172.203554399715756, -13.707747599572031 ], [ -172.203469699766799, -13.707801899737831 ], [ -172.203356199928663, -13.707765100379049 ], [ -172.20328589992431, -13.707721199973378 ], [ -172.203257500233434, -13.707669800121153 ], [ -172.203266099550831, -13.707618400268927 ], [ -172.203270400108863, -13.707592200319766 ], [ -172.203265700251848, -13.707573999840179 ], [ -172.203272699675324, -13.707543900430608 ], [ -172.203306700343916, -13.707491800006494 ], [ -172.203355100057792, -13.707429700020612 ], [ -172.203341399785756, -13.707364099873246 ], [ -172.203380799983904, -13.707335899831889 ], [ -172.203336600103995, -13.707268599965857 ], [ -172.203415199951479, -13.707220300076756 ], [ -172.203483900061912, -13.707238399832249 ], [ -172.203535100264645, -13.707191199813963 ], [ -172.203571399600378, -13.707090000003461 ], [ -172.203601800282826, -13.707022499588618 ], [ -172.203608299683253, -13.706909599598305 ], [ -172.203592000370492, -13.706867399810619 ], [ -172.203597700273633, -13.706788899787853 ], [ -172.203561700412109, -13.706770700207585 ], [ -172.20353570011244, -13.70680710026744 ], [ -172.203514100195548, -13.706769299963184 ], [ -172.203498999679056, -13.706740400249203 ], [ -172.203454100126606, -13.706729299917185 ], [ -172.203458299960545, -13.706689200046526 ], [ -172.203472799729894, -13.706655999774512 ], [ -172.203539200273838, -13.706601900157523 ], [ -172.203567199766439, -13.706584900272901 ], [ -172.203639499862987, -13.706574700162264 ], [ -172.203625099918412, -13.706543900180804 ], [ -172.203674100379402, -13.706525699701217 ], [ -172.203668799775272, -13.70648859996885 ], [ -172.203653899807591, -13.706456499567764 ], [ -172.203624699720081, -13.706429299572449 ], [ -172.203612200042983, -13.706377700070732 ], [ -172.203602499955394, -13.706320700140168 ], [ -172.203606400315095, -13.706243999660785 ], [ -172.203592399669475, -13.706198199886956 ], [ -172.203610799798554, -13.706161799827157 ], [ -172.203638099618587, -13.706109800127138 ], [ -172.203573299867855, -13.706037400205787 ], [ -172.203559499771075, -13.705969200118432 ], [ -172.203541400015581, -13.705921099878822 ], [ -172.203538600426043, -13.705885799689838 ], [ -172.203518399854232, -13.705902599925025 ], [ -172.203503999909628, -13.705894200257092 ], [ -172.20345059996518, -13.705835700257296 ], [ -172.203437700089751, -13.705728900368399 ], [ -172.203371400269873, -13.705704199589093 ], [ -172.203350599850268, -13.705609099880007 ], [ -172.203370699698013, -13.705500700097161 ], [ -172.203396100149888, -13.705426999756185 ], [ -172.203434199928353, -13.705369900000846 ], [ -172.203516299937263, -13.705275900162633 ], [ -172.20370450016253, -13.705135599628193 ], [ -172.203809700157507, -13.705142599950989 ], [ -172.203870399899017, -13.705123699798833 ], [ -172.203945499585103, -13.705135300153927 ], [ -172.203956400267629, -13.705176900093818 ], [ -172.203999699926186, -13.705186000333583 ], [ -172.204045100401032, -13.705150100296862 ], [ -172.204083399829017, -13.705141599904891 ], [ -172.204101799958067, -13.705105600043339 ], [ -172.204107900059512, -13.705028400440256 ], [ -172.204120799934941, -13.704960300177675 ], [ -172.204124700294642, -13.704914899702828 ], [ -172.204129199602846, -13.7048719004178 ], [ -172.204111500045656, -13.704839600367222 ], [ -172.204132400290007, -13.704801399864664 ], [ -172.204166900082356, -13.704784599629534 ], [ -172.204202599570294, -13.704758500404409 ], [ -172.204178500437422, -13.70475319980028 ], [ -172.204112400267036, -13.70468489988815 ], [ -172.2040847002487, -13.704712599906486 ], [ -172.204046899944444, -13.704672400211052 ], [ -172.204015799589456, -13.704657900441703 ], [ -172.203976000092297, -13.704613400188236 ], [ -172.203990200387409, -13.704565600322155 ], [ -172.203924299866515, -13.704454900073529 ], [ -172.203894999954258, -13.704441500175051 ], [ -172.203835999931414, -13.704402400350432 ], [ -172.203809100309712, -13.704465000359448 ], [ -172.203801900337396, -13.70453049978272 ], [ -172.203580900038475, -13.704526299948725 ], [ -172.20358929970638, -13.704630999920653 ], [ -172.203546000047851, -13.70471090018782 ], [ -172.203445200435624, -13.704691599837417 ], [ -172.203417899716271, -13.704678000289448 ], [ -172.20340389996997, -13.704662399749907 ], [ -172.203375500279094, -13.704649599699223 ], [ -172.203319299845788, -13.704618799717764 ], [ -172.203329900154728, -13.704562399634995 ], [ -172.203285999749056, -13.704442900419451 ], [ -172.203302499610629, -13.704370700147649 ], [ -172.203353900362174, -13.704319300295424 ], [ -172.203351900269951, -13.704273899820578 ], [ -172.203313599942646, -13.704218999806926 ], [ -172.203182100173763, -13.704239999876052 ], [ -172.203131700367663, -13.704205000060654 ], [ -172.203057500003581, -13.704178200263698 ], [ -172.203060299593119, -13.704103200402358 ], [ -172.203029299962196, -13.704056799881357 ], [ -172.203014599644035, -13.704009000015276 ], [ -172.202838700345723, -13.70392699983114 ], [ -172.202768699815607, -13.70403329969696 ], [ -172.202645200415645, -13.703961700172272 ], [ -172.202609199654802, -13.704010699733942 ], [ -172.202558799848703, -13.704005499853906 ], [ -172.202537100107065, -13.703980999623411 ], [ -172.202533500120893, -13.70393550022311 ], [ -172.202493900273254, -13.703930199618981 ], [ -172.202477699885918, -13.703968699595748 ], [ -172.202452499982854, -13.703975699918544 ], [ -172.202447099553979, -13.704017700056738 ], [ -172.202329899904925, -13.704117499622839 ], [ -172.201996600362776, -13.704183999991585 ], [ -172.201865099694572, -13.704082499807498 ], [ -172.201902999823545, -13.704014199895369 ], [ -172.201661500377924, -13.703804200103718 ], [ -172.201385900438936, -13.703730700311496 ], [ -172.201312000448439, -13.703790200357389 ], [ -172.201274200144184, -13.703867200310981 ], [ -172.201200300153715, -13.703888200380106 ], [ -172.201151699891, -13.703851499946722 ], [ -172.201119300015648, -13.703770999831704 ], [ -172.200884999642994, -13.703683399569172 ], [ -172.200728299971047, -13.703692200334729 ], [ -172.200549899658114, -13.703639699712312 ], [ -172.200558999897908, -13.703564400376706 ], [ -172.200358999668083, -13.70355919959735 ], [ -172.200301300064922, -13.703597699574118 ], [ -172.200126599562878, -13.703454100326439 ], [ -172.200126599562878, -13.703371899593435 ], [ -172.200088700333225, -13.703363099727198 ], [ -172.19989239991429, -13.70317579972334 ], [ -172.199915800273942, -13.703109300253971 ], [ -172.199847299813001, -13.703072599820587 ], [ -172.199874300158797, -13.70301480039268 ], [ -172.199820300366554, -13.702978000134578 ], [ -172.199847299813001, -13.702893999858134 ], [ -172.199757200334489, -13.702783799632584 ], [ -172.199701400099514, -13.702794300116807 ], [ -172.199613100164413, -13.702705000135609 ], [ -172.199659899984368, -13.702594700085285 ], [ -172.19956809988787, -13.702573700016217 ], [ -172.199569900330602, -13.702503700385421 ], [ -172.199533799745041, -13.70247219983213 ], [ -172.199492400353961, -13.702487900196388 ], [ -172.199341100211569, -13.702419700109033 ], [ -172.199278000179532, -13.702424899989069 ], [ -172.199139300438333, -13.702326899966408 ], [ -172.199103199852772, -13.702346200316867 ], [ -172.199040199645481, -13.702333900289204 ], [ -172.199072600420152, -13.702239400427914 ], [ -172.199013200199005, -13.70213959996255 ], [ -172.19885460025958, -13.70203289989837 ], [ -172.198706900103332, -13.702146600285346 ], [ -172.198550099707319, -13.702017099709337 ], [ -172.198472699555424, -13.701899800235537 ], [ -172.198263699809871, -13.70179830005145 ], [ -172.198251100307999, -13.70174929959046 ], [ -172.198117700271609, -13.701602300006073 ], [ -172.198024099732379, -13.70142019988225 ], [ -172.197998800004598, -13.701311700274687 ], [ -172.19784029988989, -13.701129699975638 ], [ -172.197811500000711, -13.701007199722426 ], [ -172.197822299959142, -13.700917899741228 ], [ -172.197858299820666, -13.700909099874991 ], [ -172.19787090022183, -13.700865400018131 ], [ -172.197836699903746, -13.700851400271858 ], [ -172.197777199857853, -13.700858399695335 ], [ -172.19782050041573, -13.700830400202733 ], [ -172.197802499585663, -13.700802399810868 ], [ -172.197786300097647, -13.700814600013757 ], [ -172.197759199927106, -13.700786599621836 ], [ -172.197793500069935, -13.700749800262997 ], [ -172.197726800051754, -13.700686800055735 ], [ -172.197726800051754, -13.700622100129749 ], [ -172.197759199927106, -13.700585299871648 ], [ -172.19775380039755, -13.700516999959518 ], [ -172.197642100102797, -13.700447000328779 ], [ -172.197690800190259, -13.700403299572599 ], [ -172.197758299705754, -13.70042679975694 ], [ -172.197766800097725, -13.700388500328984 ], [ -172.197910300420006, -13.700363900273715 ], [ -172.197865300143462, -13.700300999891169 ], [ -172.198014500368856, -13.700167000007013 ], [ -172.197989199741755, -13.700033000122801 ], [ -172.198253800072791, -13.699849700303389 ], [ -172.198310100330843, -13.699833300266562 ], [ -172.198360699786434, -13.699753999847189 ], [ -172.198715399595983, -13.699491399608348 ], [ -172.198768900264497, -13.699379300014641 ], [ -172.198982900240622, -13.699226200328837 ], [ -172.199179900332098, -13.699231599858422 ], [ -172.199278400377835, -13.699321899885717 ], [ -172.199351599796472, -13.699310900277794 ], [ -172.199337600050171, -13.699226200328837 ], [ -172.199506499925008, -13.699237100112043 ], [ -172.199537399731184, -13.699201500448851 ], [ -172.199520499671308, -13.699168700375196 ], [ -172.199709100094879, -13.699171499964677 ], [ -172.199779499923949, -13.699124999619016 ], [ -172.199762599864073, -13.699097599974209 ], [ -172.199616299952254, -13.699141399655844 ], [ -172.199599399892378, -13.699111300246273 ], [ -172.199554299791089, -13.699114000011036 ], [ -172.199512100003375, -13.699086700191003 ], [ -172.199540200220042, -13.699040199845285 ], [ -172.199467099726832, -13.698837800224283 ], [ -172.199241899593972, -13.698618999667076 ], [ -172.199345999718076, -13.698515100091754 ], [ -172.199281299792119, -13.698463100391734 ], [ -172.199250300161196, -13.698479500428562 ], [ -172.199185600235239, -13.69843030031808 ], [ -172.199154599704997, -13.698342799880265 ], [ -172.199241899593972, -13.698309899981837 ], [ -172.199258699829102, -13.698236099816086 ], [ -172.199188399824777, -13.698203299742431 ], [ -172.199143299723488, -13.698219699779258 ], [ -172.199120799585216, -13.698200500152893 ], [ -172.19914050013395, -13.698148600277648 ], [ -172.199072899894389, -13.698088399659866 ], [ -172.199087000364756, -13.698041900213468 ], [ -172.199005400378894, -13.697918800112461 ], [ -172.199016599636337, -13.697705499808933 ], [ -172.199239000179688, -13.697226900401063 ], [ -172.199402299976128, -13.697183099820165 ], [ -172.199453000155813, -13.697016299862298 ], [ -172.199427599703938, -13.696904200268591 ], [ -172.199306600419249, -13.696893199761291 ], [ -172.199312199598296, -13.697112000318498 ], [ -172.199148999626601, -13.697205000110614 ], [ -172.199084199875898, -13.697259699575454 ], [ -172.19901099955797, -13.697196800092229 ], [ -172.198994100397385, -13.697073699991222 ], [ -172.198766099775668, -13.696928800323803 ], [ -172.198811199876957, -13.696841299886046 ], [ -172.198740800047858, -13.696704500412295 ], [ -172.198749199715763, -13.696483000090325 ], [ -172.19895189971038, -13.69647480007194 ], [ -172.198957499788747, -13.696395499652567 ], [ -172.198842099683134, -13.696299700270913 ], [ -172.198757700107734, -13.696337999698869 ], [ -172.198715399595983, -13.696414600353478 ], [ -172.198695699946569, -13.696496599638294 ], [ -172.198557799702655, -13.696444699763049 ], [ -172.198433900104391, -13.696499400127152 ], [ -172.198467700224171, -13.696526699947185 ], [ -172.198543700131637, -13.69654589957355 ], [ -172.198569099684164, -13.696507600145594 ], [ -172.198622499628641, -13.696554099591992 ], [ -172.198650699670026, -13.696614300209717 ], [ -172.198569099684164, -13.696729099568245 ], [ -172.198487399873585, -13.69669630039391 ], [ -172.198450800164267, -13.696767399895521 ], [ -172.198546499721147, -13.697103800300113 ], [ -172.198433900104391, -13.69712020033694 ], [ -172.198219999953011, -13.696822100259681 ], [ -172.198141199556687, -13.696813900241239 ], [ -172.198129899575179, -13.696890499996528 ], [ -172.198087699787493, -13.696865899941258 ], [ -172.198017299958394, -13.696742799840308 ], [ -172.197310699928835, -13.696365400242996 ], [ -172.197429000348052, -13.696302499860451 ], [ -172.197406400385034, -13.696250500160431 ], [ -172.197299499772072, -13.696288799588388 ], [ -172.197265699652291, -13.696223099616304 ], [ -172.197285400201025, -13.696141100331488 ], [ -172.197364199698029, -13.69614659968579 ], [ -172.197378300168396, -13.69603989962161 ], [ -172.19733610038071, -13.695963299866378 ], [ -172.197367000186887, -13.695870300074262 ], [ -172.197248799592387, -13.695771899853241 ], [ -172.197260099573896, -13.695687100079567 ], [ -172.197108099758964, -13.695542099688112 ], [ -172.197158700113903, -13.695498399831251 ], [ -172.197037699929894, -13.695421800075962 ], [ -172.197136199975631, -13.695369800375943 ], [ -172.197088300284804, -13.695323300030225 ], [ -172.197046099597799, -13.69534249965659 ], [ -172.197037699929894, -13.695162000326036 ], [ -172.19695890043289, -13.695153800307594 ], [ -172.196981399671841, -13.695085399671427 ], [ -172.196972900179162, -13.694937700414471 ], [ -172.196944200114729, -13.694941199676578 ], [ -172.196904600267061, -13.694836200230384 ], [ -172.196831200299613, -13.694849199930559 ], [ -172.196813599667877, -13.69477739985706 ], [ -172.196898099967314, -13.694770600083075 ], [ -172.196908599552188, -13.694688500074164 ], [ -172.196806600244372, -13.694541499590514 ], [ -172.196877000073471, -13.694486800125674 ], [ -172.197021200068292, -13.694582600406648 ], [ -172.197095100058789, -13.694555199862521 ], [ -172.197373100288331, -13.69500989978701 ], [ -172.197432899808462, -13.695020199722421 ], [ -172.197362599804109, -13.694869699976607 ], [ -172.197401300329716, -13.694767199746423 ], [ -172.197355499656567, -13.694661200254131 ], [ -172.197239399878384, -13.694623599599424 ], [ -172.197250000187324, -13.694572299571917 ], [ -172.197070500003548, -13.694397900342778 ], [ -172.196933300331523, -13.694346700140045 ], [ -172.196908599552188, -13.694404799941537 ], [ -172.196658800263407, -13.694346700140045 ], [ -172.196574299963942, -13.694425299987586 ], [ -172.196310400204766, -13.694295400112594 ], [ -172.196204899836232, -13.694182599946998 ], [ -172.196233000052871, -13.694131299919491 ], [ -172.196387900181435, -13.694199699656394 ], [ -172.19637030044899, -13.694114200210151 ], [ -172.196482900065746, -13.694076599555387 ], [ -172.196482900065746, -13.694014999592525 ], [ -172.196788999612608, -13.693933000307652 ], [ -172.19691220043768, -13.693977399837081 ], [ -172.19696489981024, -13.694110799873442 ], [ -172.19703180037726, -13.694148399628887 ], [ -172.197091599897391, -13.694148399628887 ], [ -172.197165499887888, -13.694172300011587 ], [ -172.19719720009067, -13.694250899859071 ], [ -172.197260499772227, -13.694264600131135 ], [ -172.19723239955556, -13.694326200093997 ], [ -172.197337899924122, -13.694367200186093 ], [ -172.197327400339219, -13.694254400020498 ], [ -172.197612399992238, -13.694397900342778 ], [ -172.197686299982735, -13.69437740029673 ], [ -172.197897399645257, -13.694469700416278 ], [ -172.197907999954197, -13.69435349991403 ], [ -172.197714400199374, -13.694281699840531 ], [ -172.197658099941322, -13.694322699932627 ], [ -172.197316800030279, -13.694196200394288 ], [ -172.197253500348722, -13.69410390027474 ], [ -172.197077500326344, -13.694045799573928 ], [ -172.197056400432501, -13.693963800289112 ], [ -172.19691220043768, -13.693861200234153 ], [ -172.196908599552188, -13.693779100225242 ], [ -172.196838300447183, -13.693751800405209 ], [ -172.196887499658345, -13.693707399976461 ], [ -172.196774900041589, -13.69368000033171 ], [ -172.196736200415302, -13.69377569988859 ], [ -172.196662300424805, -13.693833799690083 ], [ -172.19659549968253, -13.693792799597986 ], [ -172.196556800056243, -13.693833799690083 ], [ -172.196412500236676, -13.69380649987005 ], [ -172.196352699817226, -13.693885099717534 ], [ -172.196134500007133, -13.693864599671485 ], [ -172.195750899584311, -13.694107299712073 ], [ -172.195638299967555, -13.694076599555387 ], [ -172.195624300221255, -13.693991100109145 ], [ -172.195557399654234, -13.693936399744985 ], [ -172.195575000285999, -13.693782600386669 ], [ -172.195469400092719, -13.693741499570478 ], [ -172.195423700143607, -13.693652699612358 ], [ -172.195483499663737, -13.693563799829462 ], [ -172.195462399769895, -13.69352960041067 ], [ -172.195388499779426, -13.693515900138607 ], [ -172.195423700143607, -13.693454400000519 ], [ -172.195265399678419, -13.693444100065108 ], [ -172.19512460002025, -13.69332440030081 ], [ -172.194850099952134, -13.693238999779965 ], [ -172.194484199985823, -13.69317400037977 ], [ -172.194558099976319, -13.693037299831474 ], [ -172.194547499667351, -13.692910800293134 ], [ -172.194614400234343, -13.692866300039668 ], [ -172.194655299602374, -13.692841899633891 ], [ -172.194695600021902, -13.692631999667014 ], [ -172.194825499896865, -13.692435600322653 ], [ -172.1948377999245, -13.69235749959887 ], [ -172.194916999619807, -13.692107399936503 ], [ -172.19484309962931, -13.692035599863004 ], [ -172.194730500012525, -13.692240700148147 ], [ -172.19474809974497, -13.692408199778527 ], [ -172.194565100299116, -13.69265439998054 ], [ -172.194491200308619, -13.692637300271144 ], [ -172.194477099838252, -13.692586000243693 ], [ -172.194385699940085, -13.692630399773066 ], [ -172.194160499807197, -13.692722699892613 ], [ -172.194097100300922, -13.692815099836935 ], [ -172.193966400029325, -13.692801299740154 ], [ -172.193881600255622, -13.69272939984188 ], [ -172.193871900168034, -13.692582599907041 ], [ -172.193928200426086, -13.692568899634978 ], [ -172.193938799835706, -13.69245270003205 ], [ -172.193953000130819, -13.692436700193525 ], [ -172.193903999669828, -13.69239450040584 ], [ -172.193868400006636, -13.692391100069187 ], [ -172.193794900214442, -13.692282200263264 ], [ -172.193882899775986, -13.692200899751697 ], [ -172.193856900375636, -13.692126700286963 ], [ -172.193839500292682, -13.692029999784609 ], [ -172.193846899914462, -13.691964199987808 ], [ -172.193862999577732, -13.691916199572916 ], [ -172.193903600370845, -13.691837300251166 ], [ -172.193910599794322, -13.691775700288304 ], [ -172.193991500107614, -13.691731299859555 ], [ -172.193963399890976, -13.691686799606089 ], [ -172.193701699873515, -13.691754999693444 ], [ -172.193572899869395, -13.691556899731097 ], [ -172.193468299722241, -13.691351099773385 ], [ -172.19334230020695, -13.691387499833183 ], [ -172.19326180009196, -13.691262500364076 ], [ -172.193208199598701, -13.691150399870992 ], [ -172.193117000249345, -13.690949699968655 ], [ -172.193283300184135, -13.690879399964274 ], [ -172.193390500271335, -13.69085069989984 ], [ -172.193469600141896, -13.690803499881554 ], [ -172.193455499671558, -13.690773399572663 ], [ -172.193412000363509, -13.69068649988202 ], [ -172.193390799745572, -13.690636699923743 ], [ -172.193369100003935, -13.690597899573334 ], [ -172.193320800114805, -13.690571900172984 ], [ -172.193312799745883, -13.690524999628963 ], [ -172.193256399663085, -13.690384199970822 ], [ -172.19332619964436, -13.690186199833192 ], [ -172.19334230020695, -13.690102800303919 ], [ -172.193395899800919, -13.690035000414866 ], [ -172.193412000363509, -13.689993299750938 ], [ -172.193422699597875, -13.68995159998633 ], [ -172.193513899846579, -13.689959399806412 ], [ -172.193564900399792, -13.689956799866366 ], [ -172.193626600187429, -13.689949000046283 ], [ -172.193717800436104, -13.689904700341629 ], [ -172.193747299997881, -13.689883899921995 ], [ -172.193757500108518, -13.689862300005075 ], [ -172.193731200334611, -13.68981090015285 ], [ -172.193723100140943, -13.689771800328288 ], [ -172.193693599679847, -13.689709300144045 ], [ -172.193567600164585, -13.689735300443715 ], [ -172.193511200081787, -13.689597199651018 ], [ -172.193641099956778, -13.689523299660493 ], [ -172.193754900168472, -13.689552899946307 ], [ -172.193758400329898, -13.68951139983119 ], [ -172.193742199942534, -13.689463900338694 ], [ -172.193741400445248, -13.68941480005293 ], [ -172.1935697999063, -13.689464799660755 ], [ -172.193536399984851, -13.689399300237483 ], [ -172.19350169964369, -13.689343800376037 ], [ -172.193658900238034, -13.689255100242633 ], [ -172.193577300252173, -13.68912110035842 ], [ -172.193492899777482, -13.689132000141626 ], [ -172.193518200404611, -13.689175799823261 ], [ -172.19341680004527, -13.689162099551197 ], [ -172.193355600280711, -13.689124800169338 ], [ -172.193343999925617, -13.689046800169649 ], [ -172.193270500133451, -13.689011699630214 ], [ -172.193171199691079, -13.688990999934674 ], [ -172.193177600166081, -13.688883100174905 ], [ -172.193178100189158, -13.688809399833872 ], [ -172.193175699898603, -13.688778400202978 ], [ -172.193120299861931, -13.688718699608273 ], [ -172.193118199944934, -13.688667199931274 ], [ -172.193024799954514, -13.688570299779485 ], [ -172.192969300093097, -13.688595899880852 ], [ -172.192873499812151, -13.688554899788755 ], [ -172.192872300116534, -13.688460099553879 ], [ -172.192712899780474, -13.688333600015596 ], [ -172.192684000066521, -13.688356399628105 ], [ -172.192630000274278, -13.68832480014936 ], [ -172.192633600260422, -13.688293299596069 ], [ -172.192616700200517, -13.688277000283279 ], [ -172.192566900242213, -13.688269099739102 ], [ -172.192545400150067, -13.688286599646801 ], [ -172.192521099569063, -13.688279799872817 ], [ -172.192022599962996, -13.688810200230535 ], [ -172.191665900061224, -13.689047300192726 ], [ -172.191432499909922, -13.688849300055097 ], [ -172.191341299661218, -13.688883199999623 ], [ -172.190941700299192, -13.688388000006171 ], [ -172.191003800285131, -13.688273299573098 ], [ -172.191091899671392, -13.688090899975009 ], [ -172.191022200414181, -13.687913700257013 ], [ -172.190968500096176, -13.687707799575264 ], [ -172.19071910010635, -13.68740289972402 ], [ -172.190531300079414, -13.687025099928348 ], [ -172.190244300334172, -13.68686609979062 ], [ -172.190002899813948, -13.686647200308016 ], [ -172.18985540020654, -13.686709699592939 ], [ -172.189729299967183, -13.686519500174768 ], [ -172.189546900369123, -13.686316200332328 ], [ -172.189420899954541, -13.686271899728354 ], [ -172.189152699637361, -13.685951400236888 ], [ -172.188879099790597, -13.685477099588411 ], [ -172.188594799810147, -13.685297299930426 ], [ -172.188334599861861, -13.685073099843635 ], [ -172.188103900374671, -13.685511000432257 ], [ -172.187870600048115, -13.685458800183426 ], [ -172.187650599795319, -13.685320700290049 ], [ -172.187879300089605, -13.684879199715226 ], [ -172.187709599818163, -13.684890700245546 ], [ -172.187545999648137, -13.684869899825969 ], [ -172.187256300138102, -13.68480729981701 ], [ -172.186990799585715, -13.684804699876963 ], [ -172.186859399641548, -13.68472130034769 ], [ -172.18686740001047, -13.684650899619271 ], [ -172.186770900056956, -13.684591000274395 ], [ -172.186537499905683, -13.684601400034524 ], [ -172.186234399597822, -13.684572799794807 ], [ -172.185907899829687, -13.684428900173543 ], [ -172.185738199558244, -13.684273099823656 ], [ -172.185633600310382, -13.684330400127806 ], [ -172.185523599734324, -13.684333000067852 ], [ -172.185368099757966, -13.684101099985753 ], [ -172.185271499979706, -13.683861300258741 ], [ -172.18539489955495, -13.683704900061059 ], [ -172.185268800214942, -13.683574599987764 ], [ -172.18511590017863, -13.683522499563651 ], [ -172.184952300008604, -13.68353030028311 ], [ -172.184815100336579, -13.683405700112928 ], [ -172.184635799802294, -13.682730300263074 ], [ -172.18449099995965, -13.682381099807856 ], [ -172.184413199609452, -13.682021399767734 ], [ -172.184335400158574, -13.681828600409517 ], [ -172.184166399559672, -13.681667000331743 ], [ -172.184059099647698, -13.681719099856537 ], [ -172.18387939981443, -13.681638300267309 ], [ -172.183710499939593, -13.681510600134061 ], [ -172.183605899792411, -13.681586199843196 ], [ -172.183455599696146, -13.681575800083067 ], [ -172.183227699798493, -13.681484599834391 ], [ -172.182994299647191, -13.681307300291621 ], [ -172.182787800016939, -13.681137900393765 ], [ -172.182602699754767, -13.680926799831923 ], [ -172.182254000221917, -13.68047080038707 ], [ -172.182090400051891, -13.680199699756315 ], [ -172.182031400029075, -13.680126799811887 ], [ -172.181945600209247, -13.680145000291475 ], [ -172.181803400306649, -13.680043400282671 ], [ -172.181669299698399, -13.680035599563212 ], [ -172.181473500201832, -13.679868799605345 ], [ -172.181253599773783, -13.679808800435751 ], [ -172.180804999950766, -13.679557299629607 ], [ -172.180282599961998, -13.678917500342322 ], [ -172.180078700271764, -13.678951400286849 ], [ -172.179925900060226, -13.67891229956291 ], [ -172.179837299751568, -13.678735099844914 ], [ -172.179842700180444, -13.678583900426645 ], [ -172.179716599941116, -13.678359800164628 ], [ -172.179512800075628, -13.678477099638371 ], [ -172.179378700366698, -13.678492700177912 ], [ -172.179276799984308, -13.678448399573938 ], [ -172.179239200228892, -13.678310299680561 ], [ -172.179241899993656, -13.678200800026843 ], [ -172.179370000325235, -13.677950900013968 ], [ -172.178922600197808, -13.677447900200377 ], [ -172.178227999822298, -13.676027299620159 ], [ -172.177868600155733, -13.675094299762065 ], [ -172.177562200235315, -13.67480599959714 ], [ -172.177182000149173, -13.674685100137197 ], [ -172.176948599997871, -13.674614800132872 ], [ -172.176795699961559, -13.674497499759752 ], [ -172.176768900164575, -13.674156100023936 ], [ -172.176916399772011, -13.673851200172692 ], [ -172.177035899886846, -13.673328599635113 ], [ -172.176908400302409, -13.672467300025858 ], [ -172.176728699569793, -13.671979899852431 ], [ -172.176622299879199, -13.671449000371013 ], [ -172.176326299718937, -13.671487299799026 ], [ -172.176173399682625, -13.67116940024755 ], [ -172.176240499899137, -13.671033900294219 ], [ -172.176267299696093, -13.670788899787851 ], [ -172.176181499876293, -13.6706507000697 ], [ -172.175940100255389, -13.670296299734389 ], [ -172.175779199850155, -13.670390099923111 ], [ -172.175677199643019, -13.670340600338363 ], [ -172.17523739968621, -13.66997309957884 ], [ -172.174843100029022, -13.670085200071867 ], [ -172.174650000297248, -13.670239000329559 ], [ -172.174615100306596, -13.670304099554528 ], [ -172.174529299587476, -13.670324999798879 ], [ -172.174464900035076, -13.670223299965301 ], [ -172.174397799818593, -13.670056500007433 ], [ -172.174336100030956, -13.669900099809695 ], [ -172.174298600100286, -13.669556100133889 ], [ -172.174148399828766, -13.668915000426864 ], [ -172.174041099916792, -13.668615299556393 ], [ -172.174035700387236, -13.668281699640659 ], [ -172.17405170022576, -13.667605500293575 ], [ -172.175214199875398, -13.666411900288949 ], [ -172.175923300020258, -13.666044000230386 ], [ -172.176645399865293, -13.665817100378831 ], [ -172.177546999894105, -13.665714899622856 ], [ -172.177809100109869, -13.665717200088693 ], [ -172.179057699952864, -13.664617900295809 ], [ -172.180440799703121, -13.663029999734647 ], [ -172.18091830013941, -13.662378400442776 ], [ -172.181827500338841, -13.661077899825159 ], [ -172.183240499849148, -13.659048799962079 ], [ -172.182843999550897, -13.658852899741476 ], [ -172.18273189995719, -13.658827600013694 ], [ -172.182699599906584, -13.658775299940089 ], [ -172.182699599906584, -13.658723099691258 ], [ -172.182714400049491, -13.658678700161829 ], [ -172.182765500427479, -13.658644700392585 ], [ -172.182832699569389, -13.658647300332575 ], [ -172.182895799601454, -13.658691699862004 ], [ -172.182962999642683, -13.658770100059996 ], [ -172.183070599928215, -13.65880009964485 ], [ -172.183174100204525, -13.65870349986659 ], [ -172.183217700236639, -13.658724900133961 ], [ -172.183131100020233, -13.658827600013694 ], [ -172.183281599765991, -13.658905900386969 ], [ -172.183393100411223, -13.658943799616623 ], [ -172.183514700443055, -13.658849500304143 ], [ -172.183619299690889, -13.658737399811116 ], [ -172.183949199795705, -13.658203099993045 ], [ -172.18424419990987, -13.657694799575268 ], [ -172.184651900364884, -13.657066699568475 ], [ -172.184804800401196, -13.656707000427673 ], [ -172.184960400202272, -13.65656629969493 ], [ -172.185325099573646, -13.655951200287632 ], [ -172.185786500346694, -13.65510670001413 ], [ -172.186215600169788, -13.654288299865073 ], [ -172.186609899826976, -13.653396899946927 ], [ -172.186942499696585, -13.652784399580355 ], [ -172.187103499926565, -13.652442999844538 ], [ -172.187036399710053, -13.652174500053093 ], [ -172.187028300415705, -13.652031099555529 ], [ -172.187079300069627, -13.651906000261647 ], [ -172.187122200429172, -13.651752299828729 ], [ -172.187239900101275, -13.651611400345814 ], [ -172.188010700033743, -13.649954000176933 ], [ -172.188159300411371, -13.64971490012249 ], [ -172.188277599931268, -13.649343999925634 ], [ -172.18840659958488, -13.648325200247768 ], [ -172.188520700170159, -13.647595000209037 ], [ -172.1884710000366, -13.64719170013683 ], [ -172.188468300271808, -13.64707439976371 ], [ -172.188505900027224, -13.646980599574988 ], [ -172.188578600322131, -13.646595900180614 ], [ -172.188691500312473, -13.646036799758463 ], [ -172.18870170042311, -13.645625199843039 ], [ -172.188686199708314, -13.645096400278589 ], [ -172.188658800063536, -13.644862500104239 ], [ -172.188527400119398, -13.644850799924427 ], [ -172.188394599930803, -13.64482080033963 ], [ -172.188382499552688, -13.644626599837693 ], [ -172.188385100392054, -13.644438100138188 ], [ -172.188557100229957, -13.644385899889301 ], [ -172.188546099722686, -13.644280299696049 ], [ -172.188559499621192, -13.644149999622755 ], [ -172.18862900012823, -13.643845599794531 ], [ -172.189008700191323, -13.643387999556467 ], [ -172.18916840000162, -13.643258499879835 ], [ -172.189388699728681, -13.643197800138296 ], [ -172.189804399653298, -13.643122200429161 ], [ -172.190024399906093, -13.642955399571974 ], [ -172.190185300311327, -13.642963200291433 ], [ -172.19030600012178, -13.643007499996088 ], [ -172.190531200254668, -13.642949099821067 ], [ -172.191583999701805, -13.641585500070732 ], [ -172.192051800050507, -13.640733799824943 ], [ -172.192201799773215, -13.640268299942022 ], [ -172.192471099961267, -13.639621000308864 ], [ -172.192567900288338, -13.63931790000106 ], [ -172.192567900288338, -13.638941799924055 ], [ -172.192470199739887, -13.638777199707931 ], [ -172.192416500321201, -13.638701599998797 ], [ -172.192358899643466, -13.638662500174178 ], [ -172.192331300349196, -13.638560300317579 ], [ -172.192291800326302, -13.638504799556813 ], [ -172.192266300049681, -13.638447500151983 ], [ -172.19225159973152, -13.638321100438361 ], [ -172.19225690033565, -13.638280700194116 ], [ -172.19228379995738, -13.638257200009718 ], [ -172.192333400266193, -13.63824680024959 ], [ -172.192368300256817, -13.63827810025407 ], [ -172.192459399781455, -13.638309300433832 ], [ -172.192611000297404, -13.638235000245004 ], [ -172.19265389975763, -13.638053900167336 ], [ -172.19267000032022, -13.637625099818479 ], [ -172.192608500182104, -13.637150300046244 ], [ -172.192965700106953, -13.636601100260521 ], [ -172.193278299953562, -13.636389100376618 ], [ -172.193610899823142, -13.636303199832753 ], [ -172.193955900444422, -13.636398599915424 ], [ -172.194444199939852, -13.636146500160805 ], [ -172.194393999783244, -13.636040499769194 ], [ -172.194310899728208, -13.6359101996959 ], [ -172.194494599745951, -13.635525699951017 ], [ -172.194639500312661, -13.63553480019084 ], [ -172.194758799878684, -13.635594800259753 ], [ -172.194949299670412, -13.635646899784547 ], [ -172.195190700190636, -13.635487899646819 ], [ -172.195377099973172, -13.635244199560134 ], [ -172.19589099956994, -13.634451600061254 ], [ -172.196254900343348, -13.634048999661559 ], [ -172.196874300308679, -13.633027299670118 ], [ -172.197612499816984, -13.631355499556605 ], [ -172.197702299821259, -13.630958199761039 ], [ -172.19745410042637, -13.630154400105425 ], [ -172.197344099850312, -13.630125700040992 ], [ -172.197285099827468, -13.63002660014746 ], [ -172.197298499725946, -13.629943199718866 ], [ -172.19735749974879, -13.629919800258506 ], [ -172.197365599942458, -13.629849400429464 ], [ -172.197338800145474, -13.629786800420447 ], [ -172.19728779959226, -13.629742499816473 ], [ -172.197277100357866, -13.62959650027824 ], [ -172.197344099850312, -13.629322799707381 ], [ -172.197301900062598, -13.629122900201651 ], [ -172.19716980044592, -13.628996999611786 ], [ -172.197062499634626, -13.628968300446672 ], [ -172.196944499588966, -13.629028299616266 ], [ -172.196826500442626, -13.629020499796184 ], [ -172.196638700415662, -13.628869300377858 ], [ -172.196386599761752, -13.628647700231113 ], [ -172.19628199961457, -13.628209799642491 ], [ -172.1962658999513, -13.627998600155252 ], [ -172.19623369972544, -13.627790100432719 ], [ -172.196276600084985, -13.627625900414898 ], [ -172.19623369972544, -13.62724010025039 ], [ -172.196107600385432, -13.627164499641879 ], [ -172.196003400436553, -13.626971599559624 ], [ -172.195998000007677, -13.62674169956972 ], [ -172.19616470014077, -13.626699899980338 ], [ -172.196143100223878, -13.626433400281144 ], [ -172.195478500332484, -13.625650499970561 ], [ -172.195175400024652, -13.625247299723071 ], [ -172.195028500265039, -13.625080899963507 ], [ -172.195060699591579, -13.624976600189882 ], [ -172.195035200214278, -13.624865599567727 ], [ -172.195008699891559, -13.624406099961504 ], [ -172.195013700122132, -13.624152900336014 ], [ -172.194970799762558, -13.623875300304803 ], [ -172.19488769970755, -13.623737099687332 ], [ -172.194780399795576, -13.623605500093731 ], [ -172.194528300040986, -13.623413900431103 ], [ -172.19434050001405, -13.623270499933597 ], [ -172.194189799719453, -13.623105799892699 ], [ -172.194162099701117, -13.622985000257529 ], [ -172.194136700148562, -13.622819499820025 ], [ -172.194231899682393, -13.622618799917632 ], [ -172.194312299972637, -13.622539299848768 ], [ -172.194366899612703, -13.622451499936744 ], [ -172.194605600368135, -13.621893699934276 ], [ -172.194919399910361, -13.621825900045224 ], [ -172.195501399769768, -13.621432300060576 ], [ -172.195677239712808, -13.621351850307576 ], [ -172.196115800403845, -13.621151199867938 ], [ -172.196225600431092, -13.621030900255789 ], [ -172.196357100199975, -13.62098649982704 ], [ -172.196322200209352, -13.620905700237813 ], [ -172.196306099646762, -13.620811900049091 ], [ -172.196405400089105, -13.620637200446424 ], [ -172.196606500189802, -13.620639800386414 ], [ -172.196743299663524, -13.620707600275466 ], [ -172.196864000373296, -13.620658099791399 ], [ -172.19712149965747, -13.620793599744786 ], [ -172.197331299799629, -13.62070150017405 ], [ -172.197539000024818, -13.620605100045282 ], [ -172.197847499862206, -13.620429799695444 ], [ -172.198028099916854, -13.620115900328472 ], [ -172.197958399760324, -13.620042899660064 ], [ -172.197938799935628, -13.619943799766475 ], [ -172.198012000253584, -13.619891700241737 ], [ -172.198105900267052, -13.619889100301691 ], [ -172.198189000322088, -13.619800499993062 ], [ -172.19826140024341, -13.619534600141662 ], [ -172.19830970013254, -13.619260799746087 ], [ -172.198352599592766, -13.618927199830352 ], [ -172.198347299887956, -13.618645599614695 ], [ -172.198339199694288, -13.618100800211721 ], [ -172.198352599592766, -13.617587299913907 ], [ -172.198258300280315, -13.617239100404106 ], [ -172.198462199970521, -13.616748999566653 ], [ -172.198735799817285, -13.616691600337049 ], [ -172.199014700268179, -13.616149399974802 ], [ -172.19910369987582, -13.615963199841758 ], [ -172.199256099889084, -13.615810500354257 ], [ -172.199594100187539, -13.615685400161055 ], [ -172.199752700126993, -13.615525300152456 ], [ -172.199921299628244, -13.615393400185212 ], [ -172.200015599840043, -13.615222900416484 ], [ -172.200135900351484, -13.615075399909756 ], [ -172.200310599954207, -13.615155099628112 ], [ -172.200492999552267, -13.615277599881267 ], [ -172.200551999575083, -13.615220299577118 ], [ -172.200603000128325, -13.615121199683585 ], [ -172.200326699617477, -13.614941400025543 ], [ -172.200179200010041, -13.614855299832186 ], [ -172.200082200033478, -13.61475219975415 ], [ -172.200200299903884, -13.614048300388731 ], [ -172.200334399612814, -13.613141100281496 ], [ -172.200629399726978, -13.612150499745724 ], [ -172.200699099883536, -13.611613500162832 ], [ -172.200795699661796, -13.611128600104792 ], [ -172.200933699730427, -13.610663500420173 ], [ -172.200956600067002, -13.610586399742488 ], [ -172.201263500010498, -13.609218199959912 ], [ -172.201506500424614, -13.606882600351696 ], [ -172.201793500169856, -13.606196399644091 ], [ -172.202303100107969, -13.605336100080933 ], [ -172.203349199605839, -13.603417400092894 ], [ -172.203454100126606, -13.603318300199362 ], [ -172.203536899808057, -13.603240099650804 ], [ -172.203402800099127, -13.60307319986822 ], [ -172.203767600194567, -13.6024944996214 ], [ -172.203939299658913, -13.602009599563303 ], [ -172.203874900106541, -13.601790600255924 ], [ -172.203896300373941, -13.60159770017367 ], [ -172.203907100332401, -13.601149300000145 ], [ -172.203955300396757, -13.600685200361681 ], [ -172.20502819969164, -13.597775800013096 ], [ -172.205366199990124, -13.59669650024324 ], [ -172.205500299699054, -13.595950900213836 ], [ -172.205339400193139, -13.595841399660799 ], [ -172.20507649958077, -13.595846600440211 ], [ -172.204888800277871, -13.59582570019586 ], [ -172.205103300277045, -13.595601500109069 ], [ -172.20534469989795, -13.595486799675996 ], [ -172.205580799814044, -13.595038400401791 ], [ -172.205816799905364, -13.594548299564337 ], [ -172.206374699732578, -13.593599299867776 ], [ -172.206747799671177, -13.592875199930461 ], [ -172.206787799717148, -13.592624299871488 ], [ -172.206900400233252, -13.592384400319759 ], [ -172.207115000057172, -13.592316600430706 ], [ -172.207281299991962, -13.59237399966031 ], [ -172.207590200027681, -13.592440000005922 ], [ -172.207653200234972, -13.592552099599686 ], [ -172.207694800174863, -13.592531300079372 ], [ -172.207689399745988, -13.592377399996963 ], [ -172.208139600362244, -13.592050699679987 ], [ -172.208471899858267, -13.591529500286185 ], [ -172.208922800147093, -13.590653299809901 ], [ -172.208981599621097, -13.590287899866667 ], [ -172.209094499611439, -13.589975499669549 ], [ -172.209121300307743, -13.589813799767001 ], [ -172.209421699951463, -13.589850299651573 ], [ -172.209657700042783, -13.589365399593476 ], [ -172.209990299912391, -13.589120300161653 ], [ -172.210296099984987, -13.589135999626649 ], [ -172.211310000156345, -13.587936699718853 ], [ -172.211647899730764, -13.587243200113562 ], [ -172.212193700079155, -13.586613600037538 ], [ -172.212376099677243, -13.586217300288126 ], [ -172.212762399864829, -13.586071299850573 ], [ -172.213212999780097, -13.585758399630379 ], [ -172.213893399860495, -13.585150500195368 ], [ -172.214086499592241, -13.58498620035283 ], [ -172.214242100292665, -13.584803700030704 ], [ -172.214470100015063, -13.584629000427981 ], [ -172.214510299710525, -13.584459599630748 ], [ -172.21470429966368, -13.584277500406245 ], [ -172.21481609978315, -13.584191000014584 ], [ -172.214813400018357, -13.584068499761429 ], [ -172.21460769988542, -13.583996000015361 ], [ -172.214475399719902, -13.583919900283149 ], [ -172.214371699794071, -13.583818699573271 ], [ -172.214389599900102, -13.583583499878557 ], [ -172.214472799779855, -13.583377600096128 ], [ -172.21420449963793, -13.582960400102309 ], [ -172.213904099994181, -13.58260060023747 ], [ -172.213619800013731, -13.58245199985987 ], [ -172.213287200144151, -13.582350300026292 ], [ -172.212676500220283, -13.582369100353674 ], [ -172.212161599678069, -13.582483799887427 ], [ -172.211903200172515, -13.582853500388694 ], [ -172.211685899684483, -13.582897899918123 ], [ -172.211484799583815, -13.582738799955621 ], [ -172.211260300022815, -13.582608900080629 ], [ -172.210798999973832, -13.582431700362633 ], [ -172.210316199832732, -13.582504700131778 ], [ -172.209919200410752, -13.582035399713902 ], [ -172.209704700411578, -13.581701600148676 ], [ -172.209585099572649, -13.581431899762322 ], [ -172.209865099894415, -13.580821799686248 ], [ -172.210223399690108, -13.580329599831146 ], [ -172.210677300117283, -13.579875899952754 ], [ -172.211024899779261, -13.579169899770989 ], [ -172.211424000017558, -13.578627599584024 ], [ -172.211900899706734, -13.577858899568525 ], [ -172.213069299808325, -13.577144999741904 ], [ -172.214104100224006, -13.576690700015774 ], [ -172.215770699558107, -13.576550199831786 ], [ -172.216034000368808, -13.576548799587385 ], [ -172.216457900311809, -13.576418700062902 ], [ -172.216970799862509, -13.576335299634309 ], [ -172.218074800411671, -13.57582950023118 ], [ -172.219713400253198, -13.574984999957735 ], [ -172.222860700061233, -13.572393099861642 ], [ -172.226011900228997, -13.570573999790213 ], [ -172.226584899673355, -13.569600099664797 ], [ -172.226794099967719, -13.569024199906835 ], [ -172.226792800447356, -13.568766599898595 ], [ -172.227017700206659, -13.561293499895044 ], [ -172.22688149968144, -13.559599300367381 ], [ -172.22723020011361, -13.559484599934308 ], [ -172.227369700251444, -13.559213400378098 ], [ -172.227702300121024, -13.559276000387058 ], [ -172.227772000277554, -13.558978799631859 ], [ -172.227873899760652, -13.558686699831298 ], [ -172.227809600032998, -13.558452099984379 ], [ -172.227868600055814, -13.558368599731068 ], [ -172.227660700181133, -13.55819859998536 ], [ -172.227997300235188, -13.558139199764184 ], [ -172.228126100239308, -13.557930600216991 ], [ -172.228168999699562, -13.557607200411951 ], [ -172.228308499837368, -13.557586399992317 ], [ -172.228244100284968, -13.557377800445067 ], [ -172.228313800441498, -13.55720569988307 ], [ -172.228512299702828, -13.557221300422611 ], [ -172.228549900357592, -13.557325600196236 ], [ -172.228571299725672, -13.557487300098785 ], [ -172.228662499974376, -13.557476900338656 ], [ -172.228726900426096, -13.557346500440588 ], [ -172.228635700177392, -13.557200500003034 ], [ -172.228619599614802, -13.557007500096006 ], [ -172.228737599660462, -13.557143099874111 ], [ -172.228871700268712, -13.557263100011994 ], [ -172.229048800161962, -13.557247399647736 ], [ -172.229064800000486, -13.557116999749667 ], [ -172.229172099912461, -13.557158800238369 ], [ -172.229295500386996, -13.557184799638719 ], [ -172.229370600073111, -13.557085799569961 ], [ -172.229327699713537, -13.556939700206954 ], [ -172.229316999579851, -13.556778100129179 ], [ -172.229515499740501, -13.556997100335877 ], [ -172.229660299583145, -13.557236999887607 ], [ -172.229783700057681, -13.557273499772123 ], [ -172.229912400237055, -13.557242199767643 ], [ -172.230084099701401, -13.557122300353853 ], [ -172.230261099769905, -13.557091000349317 ], [ -172.230459599930555, -13.556997100335877 ], [ -172.230491800156415, -13.556772900249086 ], [ -172.230813600067563, -13.556866700437809 ], [ -172.231103299577597, -13.557002300215913 ], [ -172.231285700074977, -13.557023199560945 ], [ -172.231350099627377, -13.556830199653973 ], [ -172.231457400438643, -13.556882399902804 ], [ -172.231591500147573, -13.556861499658453 ], [ -172.231731000285407, -13.55682499977388 ], [ -172.231741700419121, -13.556710300240127 ], [ -172.231677299967401, -13.556579900342058 ], [ -172.231784599879347, -13.556621600106723 ], [ -172.231859699565462, -13.556720700000255 ], [ -172.232026000399571, -13.556793699769401 ], [ -172.232149399974816, -13.556720700000255 ], [ -172.232122600177831, -13.55653819967813 ], [ -172.232240600223491, -13.556611200346595 ], [ -172.232369300402866, -13.556611200346595 ], [ -172.2325946003605, -13.556595499982279 ], [ -172.232734099598986, -13.556423500144376 ], [ -172.23291109966749, -13.556439099784598 ], [ -172.233120299961854, -13.556319200370751 ] ] ] } },
{ "type": "Feature", "properties": { "shapeName": "Gaga'emauga", "shapeISO": "", "shapeID": "40696546B45584224409911", "shapeGroup": "WSM", "shapeType": "ADM1" }, "geometry": { "type": "MultiPolygon", "coordinates": [ [ [ [ -171.925598500470386, -13.995765900775666 ], [ -171.925048200813791, -13.996107200686708 ], [ -171.924913100159415, -13.99614350002247 ], [ -171.924380000036933, -13.996489800164113 ], [ -171.924024500730098, -13.996849100005932 ], [ -171.923762300689589, -13.997080900263313 ], [ -171.923210100765516, -13.997667100855949 ], [ -171.922633000412617, -13.998370800571934 ], [ -171.922487900196415, -13.999003100412722 ], [ -171.92203950002289, -13.99977300012381 ], [ -171.921879800212594, -14.000767700668803 ], [ -171.921923500069454, -14.001080500164903 ], [ -171.92198800034592, -14.001223500464107 ], [ -171.922038700525576, -14.001290500855873 ], [ -171.921948900521301, -14.001366500763368 ], [ -171.921857500623133, -14.001264900754506 ], [ -171.921772900498922, -14.00125700021033 ], [ -171.921704500762075, -14.00134390080035 ], [ -171.921671900337913, -14.001478200158772 ], [ -171.921725700480664, -14.001533500370726 ], [ -171.921740300074759, -14.001666200734519 ], [ -171.921642600425628, -14.001774400867873 ], [ -171.920484500259448, -14.002403100722461 ], [ -171.919381600480449, -14.00285210074378 ], [ -171.919075600758333, -14.002937100167003 ], [ -171.918829000358045, -14.003008500042199 ], [ -171.918614800732428, -14.003084500849013 ], [ -171.918375400304456, -14.003287800691396 ], [ -171.918331600622849, -14.003336900077841 ], [ -171.918340800687361, -14.003446400630821 ], [ -171.918184300664905, -14.003562600233749 ], [ -171.918004700656383, -14.003719000431488 ], [ -171.917949400444456, -14.00384410062469 ], [ -171.917970100139996, -14.003926700656677 ], [ -171.917845800343372, -14.003998200356591 ], [ -171.917765200403636, -14.003953500453633 ], [ -171.91764550063931, -14.004071900697625 ], [ -171.917651100717706, -14.004185900558809 ], [ -171.917493400100312, -14.004184900512712 ], [ -171.917367200036239, -14.004201100000728 ], [ -171.917335800206985, -14.004333600715029 ], [ -171.917251799930597, -14.004314800387704 ], [ -171.917215200221278, -14.004139400213091 ], [ -171.916967700498958, -14.004112200217833 ], [ -171.91693110078964, -14.004062100785291 ], [ -171.916735200569036, -14.004120600785029 ], [ -171.916638300417191, -14.004258400304877 ], [ -171.916543600007117, -14.004248000544749 ], [ -171.916526300648229, -14.004160300457443 ], [ -171.916466100030476, -14.004162400374412 ], [ -171.91642300002141, -14.004206200056046 ], [ -171.916336900727373, -14.004210400789304 ], [ -171.916311100077166, -14.00423760078462 ], [ -171.916179799957774, -14.004210400789304 ], [ -171.91615390038217, -14.004151900789566 ], [ -171.915923600193963, -14.004185300711015 ], [ -171.915856800351037, -14.004231300134336 ], [ -171.915777200457399, -14.004195800295918 ], [ -171.915721200572932, -14.004131000545215 ], [ -171.915544700527477, -14.004150100346806 ], [ -171.915450000117374, -14.004160300457443 ], [ -171.915303600380838, -14.004254300295656 ], [ -171.915215300445738, -14.00424590062778 ], [ -171.915170100519703, -14.004210400789304 ], [ -171.915069000533919, -14.004220900374207 ], [ -171.915073300192631, -14.004316900304673 ], [ -171.915015100566421, -14.004327400788895 ], [ -171.914989300815563, -14.004248000544749 ], [ -171.914922600797354, -14.00423760078462 ], [ -171.91485370013811, -14.004193700378949 ], [ -171.914748200668896, -14.004222900466459 ], [ -171.914743900110864, -14.004404700216696 ], [ -171.914733100152432, -14.004502800064131 ], [ -171.914675100175714, -14.004545400050119 ], [ -171.914580299940866, -14.004481900719099 ], [ -171.914526500697434, -14.004289800134131 ], [ -171.914425299987585, -14.0042689007891 ], [ -171.914139000814203, -14.004331600622834 ], [ -171.913686899930468, -14.004415099976825 ], [ -171.913269300637694, -14.004465500682272 ], [ -171.913254200121202, -14.004467300225656 ], [ -171.913094900509236, -14.004538300801869 ], [ -171.912965700306785, -14.004672000312496 ], [ -171.912849500703857, -14.004759700399802 ], [ -171.912709600367748, -14.004789000312087 ], [ -171.912642800524793, -14.00474090007242 ], [ -171.91258260080636, -14.004772300800994 ], [ -171.912554600414438, -14.004868400556177 ], [ -171.912472800779113, -14.004870400648429 ], [ -171.912429700770048, -14.004820300316567 ], [ -171.91235650045212, -14.004789000312087 ], [ -171.91230270030934, -14.004768100067736 ], [ -171.912203700240553, -14.004722100644358 ], [ -171.912093900213307, -14.004759700399802 ], [ -171.911981900444317, -14.004801499989185 ], [ -171.911891500592247, -14.004805700722443 ], [ -171.911872200241817, -14.004883000150301 ], [ -171.911787400468143, -14.004918900187022 ], [ -171.911687700726787, -14.004863700699161 ], [ -171.91165730004434, -14.004707100851988 ], [ -171.911556800805698, -14.004662800248013 ], [ -171.911477700035789, -14.004612600091377 ], [ -171.911249300115088, -14.004642100552473 ], [ -171.911246299976739, -14.004786900395118 ], [ -171.911130600396859, -14.004792800847042 ], [ -171.911069700106538, -14.004686400257128 ], [ -171.91078350075793, -14.004751400556643 ], [ -171.910293400819768, -14.004863700699161 ], [ -171.910244700732335, -14.004822300408819 ], [ -171.910019400774701, -14.004848900556283 ], [ -171.90984280000518, -14.004851799970538 ], [ -171.909733200526745, -14.005052700421743 ], [ -171.909663199996658, -14.005070399978933 ], [ -171.909638800490228, -14.005023200859966 ], [ -171.909696700642201, -14.004899100712862 ], [ -171.909571900822527, -14.004860700560812 ], [ -171.909115200805843, -14.004881400256352 ], [ -171.90886250030411, -14.004919800408402 ], [ -171.908841200760776, -14.004967000426689 ], [ -171.908737700484465, -14.004990700260578 ], [ -171.908682900295588, -14.004964100113057 ], [ -171.907758690411214, -13.975136420709191 ], [ -171.906854114525743, -13.950562108554436 ], [ -171.916653686018776, -13.953577361805742 ], [ -171.919819701617911, -13.968955151858722 ], [ -171.922533430173644, -13.98116692631254 ], [ -171.925096394582908, -13.993227938418556 ], [ -171.925598500470386, -13.995765900775666 ] ] ], [ [ [ -171.882578100299071, -13.797027900017554 ], [ -171.878283830334482, -13.805013334797536 ], [ -171.869717770758484, -13.822335809849676 ], [ -171.869527413958963, -13.82880794373159 ], [ -171.867814202763213, -13.853173624862848 ], [ -171.861722782480399, -13.856028978654422 ], [ -171.861859100816815, -13.797589600379695 ], [ -171.862666700108093, -13.797351500371406 ], [ -171.863044800277294, -13.797092200644499 ], [ -171.863672900284087, -13.796972300331333 ], [ -171.863749900237679, -13.797304900200913 ], [ -171.863911500315453, -13.797386600011521 ], [ -171.863984000061521, -13.797345700643518 ], [ -171.864225800780048, -13.79733050030228 ], [ -171.864304300802814, -13.797343200528246 ], [ -171.864431100714711, -13.797281600565384 ], [ -171.8645091007144, -13.797133000187785 ], [ -171.86455490048823, -13.796866100290231 ], [ -171.864394200631835, -13.796330100753494 ], [ -171.864844099975215, -13.795490900184859 ], [ -171.865523500009488, -13.794804600551856 ], [ -171.866312200047958, -13.794801000565656 ], [ -171.866587700162199, -13.795639900760762 ], [ -171.86670200039697, -13.796484100660678 ], [ -171.866658000166552, -13.797000900571049 ], [ -171.865795200488094, -13.797700600102587 ], [ -171.866490500536145, -13.797665800836 ], [ -171.866966300354449, -13.797842500530919 ], [ -171.86733060042684, -13.797408300652535 ], [ -171.867421100103655, -13.797000400548029 ], [ -171.86720640045499, -13.796563500005448 ], [ -171.867017200183625, -13.796399600361212 ], [ -171.867242200666993, -13.795505800152512 ], [ -171.867569400107698, -13.795580299990831 ], [ -171.867692100010373, -13.79654360070657 ], [ -171.867610300375048, -13.7967720006273 ], [ -171.867886400337085, -13.797020300746226 ], [ -171.868433300556347, -13.79714740013236 ], [ -171.868665900311015, -13.797678800536175 ], [ -171.870218200309665, -13.798179300234494 ], [ -171.871434900300386, -13.797853300489408 ], [ -171.871330600526761, -13.797404700666334 ], [ -171.87205630035794, -13.797095000234037 ], [ -171.872666300609268, -13.79681710072856 ], [ -171.872682400272538, -13.79641390048107 ], [ -171.873152900386003, -13.79638470039356 ], [ -171.873471000486262, -13.796554500489776 ], [ -171.873442000048243, -13.796735800216936 ], [ -171.874777700130721, -13.797189000072251 ], [ -171.875423700243545, -13.797240400823796 ], [ -171.876121300757404, -13.796762200714966 ], [ -171.876422300248919, -13.79670900041998 ], [ -171.877161000679621, -13.797492900776717 ], [ -171.879244500533247, -13.798152000414461 ], [ -171.880635800301917, -13.797774800466641 ], [ -171.881025100627852, -13.797367700758741 ], [ -171.882578100299071, -13.797027900017554 ] ] ], [ [ [ -172.233120299961854, -13.556319200370751 ], [ -172.23303990057093, -13.556063600454763 ], [ -172.23323840073158, -13.556115800703594 ], [ -172.233469000394024, -13.556001000445747 ], [ -172.233517300283154, -13.5558029004834 ], [ -172.233726500577518, -13.555808100363492 ], [ -172.233925000738168, -13.555729900714311 ], [ -172.234343400427548, -13.555656900045847 ], [ -172.234745800278432, -13.555474300798323 ], [ -172.235056900055866, -13.555224000587089 ], [ -172.235094399986536, -13.555025800800024 ], [ -172.235239300553246, -13.554968500495875 ], [ -172.235271500779106, -13.554853700238027 ], [ -172.235373400262176, -13.554801600713233 ], [ -172.23549680073674, -13.554759900049305 ], [ -172.2356148007824, -13.554530400257704 ], [ -172.235636299975226, -13.554400000359692 ], [ -172.235695299998071, -13.554238400281918 ], [ -172.23579720038046, -13.554170600392865 ], [ -172.235775700288315, -13.554008900490317 ], [ -172.23587770049545, -13.553941100601264 ], [ -172.235845500269591, -13.553763800159231 ], [ -172.236038600001365, -13.553649100625421 ], [ -172.236135099954879, -13.553482200842836 ], [ -172.236285400051145, -13.553404000294336 ], [ -172.236381900004659, -13.55324750027188 ], [ -172.236371200770265, -13.553002400840057 ], [ -172.236290700655275, -13.552877300646855 ], [ -172.236285400051145, -13.5527208006244 ], [ -172.236419500659395, -13.552600900311234 ], [ -172.236349700678119, -13.552423500044426 ], [ -172.236333600115529, -13.5522723006261 ], [ -172.236344400073989, -13.552121100308511 ], [ -172.236145900812659, -13.551949000645834 ], [ -172.236333600115529, -13.551787300743285 ], [ -172.236478500682239, -13.551750800858713 ], [ -172.236537500705055, -13.551667400430119 ], [ -172.236709100344683, -13.551656900845273 ], [ -172.236843300777679, -13.551547400292236 ], [ -172.236821800685533, -13.551406600634039 ], [ -172.236972000057733, -13.551276200736027 ], [ -172.236561500013181, -13.547848600232669 ], [ -172.237085600619935, -13.547330600626651 ], [ -172.237986700625697, -13.543461400623073 ], [ -172.238436000121283, -13.543040300269581 ], [ -172.239695500646803, -13.542436400119698 ], [ -172.240610800048358, -13.54164490049169 ], [ -172.241332800068648, -13.540620400011392 ], [ -172.242182900420488, -13.540091100423922 ], [ -172.242934600551337, -13.539265500302577 ], [ -172.243753500723443, -13.538279700347857 ], [ -172.244613600637138, -13.537075000011214 ], [ -172.245848000185021, -13.535950500315266 ], [ -172.246654299955964, -13.534655100652344 ], [ -172.2479514002369, -13.532831800746976 ], [ -172.248370900696472, -13.532026500122811 ], [ -172.248721700146319, -13.53155610073344 ], [ -172.249388000655671, -13.530703800639856 ], [ -172.250820400341183, -13.529999600001474 ], [ -172.251647500531703, -13.529277900354771 ], [ -172.252655600075855, -13.528444500413343 ], [ -172.253110900747458, -13.528126300488339 ], [ -172.25344280004515, -13.527925400037134 ], [ -172.254076500130338, -13.527289700759013 ], [ -172.254490600161034, -13.526889500649872 ], [ -172.255318900047172, -13.526205900781633 ], [ -172.255877800819832, -13.525413100733942 ], [ -172.2563917004166, -13.524890500196364 ], [ -172.256585100521932, -13.524560000243753 ], [ -172.256916399971857, -13.523559499970929 ], [ -172.257896200549197, -13.523523000086357 ], [ -172.258474200224128, -13.522991000734066 ], [ -172.258917300692843, -13.522211800234345 ], [ -172.259370100349827, -13.520803500581053 ], [ -172.259985200656445, -13.520162899997786 ], [ -172.260504100483814, -13.51978330065873 ], [ -172.260215499945332, -13.518887199984249 ], [ -172.261692900806707, -13.518525300202384 ], [ -172.262158500514374, -13.518192500683313 ], [ -172.261663900368688, -13.516759200776448 ], [ -172.262130599947199, -13.516433700155119 ], [ -172.263215300145959, -13.515796300259012 ], [ -172.263773699996221, -13.514475600868252 ], [ -172.26427420059386, -13.512564599976258 ], [ -172.263971700133823, -13.511642400076653 ], [ -172.263957700387522, -13.510764000758002 ], [ -172.264571400449739, -13.509650900868337 ], [ -172.26554130039068, -13.508663000097329 ], [ -172.268988500718706, -13.508351100822608 ], [ -172.272121300757391, -13.50704920085991 ], [ -172.273663000447073, -13.505966300204534 ], [ -172.274886100013475, -13.504442200247297 ], [ -172.275431400338817, -13.503337600749603 ], [ -172.27577749993165, -13.502542100037829 ], [ -172.2766982006614, -13.50042580011052 ], [ -172.278300000244798, -13.498170000045434 ], [ -172.279233400301166, -13.497435800721576 ], [ -172.280398100591839, -13.496613400388071 ], [ -172.281614200734737, -13.495703000493052 ], [ -172.283019900448011, -13.494538700400653 ], [ -172.283678500062706, -13.493700200403907 ], [ -172.284152600162344, -13.493096600627553 ], [ -172.284270600208004, -13.492992300853928 ], [ -172.284297400004988, -13.492804500826992 ], [ -172.284233000452588, -13.492632400264995 ], [ -172.284453000705383, -13.49264280002518 ], [ -172.284426200009108, -13.492475900242539 ], [ -172.284571000751043, -13.492496700662173 ], [ -172.284694400326288, -13.492397600768641 ], [ -172.284619300640173, -13.49228290033551 ], [ -172.284646100437158, -13.492142000852596 ], [ -172.284806999943072, -13.492178500737168 ], [ -172.284769500012402, -13.491980300050784 ], [ -172.284925100712798, -13.491907300281639 ], [ -172.284919700283922, -13.491714300374611 ], [ -172.285166500333702, -13.491510799983359 ], [ -172.287154500279939, -13.487180300830175 ], [ -172.288466700178049, -13.484321800310795 ], [ -172.289755200242269, -13.482083900351654 ], [ -172.290674700377082, -13.480136000276161 ], [ -172.291360499987064, -13.478779300124529 ], [ -172.291781900714113, -13.478367600384388 ], [ -172.292214300149794, -13.477785399976199 ], [ -172.292939499957924, -13.477046700444816 ], [ -172.294043500507115, -13.475886500361639 ], [ -172.295617300597911, -13.473970900336724 ], [ -172.296682800270986, -13.47267400060457 ], [ -172.297313700766637, -13.471892600363162 ], [ -172.297951999984775, -13.47114240030146 ], [ -172.298533500720453, -13.469947700425962 ], [ -172.299409000624848, -13.469252800576214 ], [ -172.300288800187957, -13.468408700501072 ], [ -172.300868100282571, -13.467892300789003 ], [ -172.301463600764549, -13.467087800561501 ], [ -172.302088500084182, -13.466614500858498 ], [ -172.302735000220054, -13.46580970025741 ], [ -172.303834700211212, -13.464142300526703 ], [ -172.304597500674078, -13.462259000552365 ], [ -172.305667100356374, -13.460185700809404 ], [ -172.306767900218404, -13.458939900555947 ], [ -172.308884000496192, -13.45756140083796 ], [ -172.31061530065557, -13.455513300098687 ], [ -172.313547500616636, -13.453485900853593 ], [ -172.316108400182486, -13.451599300367377 ], [ -172.318266000575449, -13.450944000365268 ], [ -172.319838900444864, -13.44989120001884 ], [ -172.32109550065681, -13.449544300029402 ], [ -172.3212404003242, -13.449426900730828 ], [ -172.321352999940956, -13.44940080060644 ], [ -172.321436200720058, -13.449299100772862 ], [ -172.32175540069116, -13.449228700044443 ], [ -172.321795600386622, -13.44914000081036 ], [ -172.321983300588812, -13.449046100796863 ], [ -172.32218180074949, -13.449072200021988 ], [ -172.322393700808618, -13.449064300377131 ], [ -172.322557300079296, -13.449027800492559 ], [ -172.32269150051232, -13.448965200483542 ], [ -172.323034800515615, -13.448944300239191 ], [ -172.323187700551898, -13.448819100221272 ], [ -172.323372700090005, -13.448563500305227 ], [ -172.323533700319985, -13.448487800771318 ], [ -172.323614100610229, -13.448339100569001 ], [ -172.324021800165923, -13.447880000261762 ], [ -172.324367799933981, -13.447754800243786 ], [ -172.324459000182685, -13.447713000654403 ], [ -172.324520699970293, -13.447608699981458 ], [ -172.324668200477049, -13.447522600687421 ], [ -172.324794300716377, -13.447530400507503 ], [ -172.324904300393115, -13.447582600756391 ], [ -172.325102800553765, -13.447634800105902 ], [ -172.325338800645113, -13.447527800567514 ], [ -172.325526499947983, -13.447358300844883 ], [ -172.325894000707535, -13.446985200006907 ], [ -172.326282800111102, -13.446651100068152 ], [ -172.326443900165827, -13.446630400372612 ], [ -172.326572600345202, -13.446565200423606 ], [ -172.326913200583704, -13.446299100023396 ], [ -172.327642800774612, -13.445753900422119 ], [ -172.327819799943796, -13.445717400537546 ], [ -172.328007599970732, -13.445636500224282 ], [ -172.328686200507718, -13.445185200636445 ], [ -172.329300400592984, -13.444762600213778 ], [ -172.329981699995443, -13.444407800579484 ], [ -172.330303600630629, -13.444277400681472 ], [ -172.330633500735445, -13.444063500530092 ], [ -172.331314800137875, -13.44377650078485 ], [ -172.332508300317784, -13.443398300790875 ], [ -172.333173500056944, -13.443129600450675 ], [ -172.333838700695452, -13.442931300838836 ], [ -172.33428930061072, -13.442915700299295 ], [ -172.334723799963371, -13.442941700598965 ], [ -172.334959900778784, -13.442947000303775 ], [ -172.335195899970785, -13.442980900248301 ], [ -172.335555300536669, -13.443163500395201 ], [ -172.335710900337745, -13.443346100542044 ], [ -172.335799400821656, -13.443533900569037 ], [ -172.335826200618641, -13.443810400729376 ], [ -172.335893299935805, -13.444087000714489 ], [ -172.335957700387524, -13.44425910037711 ], [ -172.336137400220821, -13.444509600237836 ], [ -172.336338500321517, -13.444684400564597 ], [ -172.336566500043915, -13.444872200591533 ], [ -172.336649700823017, -13.445015700014494 ], [ -172.336692600283243, -13.445187800576491 ], [ -172.336692600283243, -13.445344400423721 ], [ -172.336630900495635, -13.445487800021908 ], [ -172.336480700224115, -13.445440900377207 ], [ -172.336338500321517, -13.44535480018385 ], [ -172.336209800142143, -13.445093900562995 ], [ -172.336070300004309, -13.444893100835884 ], [ -172.335890600171041, -13.44483040010283 ], [ -172.335815500484927, -13.444726100329206 ], [ -172.335820900014511, -13.444585200846291 ], [ -172.335681400775997, -13.444452200108913 ], [ -172.335600900661007, -13.444222600492594 ], [ -172.335560700066225, -13.44402170004139 ], [ -172.335474900246425, -13.443826100194315 ], [ -172.33528710021946, -13.443656500646966 ], [ -172.335112800815068, -13.443682600771353 ], [ -172.334992100105296, -13.443601700458089 ], [ -172.334745300055516, -13.443583499978502 ], [ -172.334546800794186, -13.443580900038455 ], [ -172.334351000398328, -13.443661700527002 ], [ -172.334090800450042, -13.443609600102889 ], [ -172.333793100571114, -13.443836500853763 ], [ -172.333425700535628, -13.444003500461122 ], [ -172.333232500079788, -13.443967000576549 ], [ -172.333095700606066, -13.443886100263285 ], [ -172.332883800546938, -13.443940900452162 ], [ -172.33269610034472, -13.444094800534572 ], [ -172.3325673003406, -13.444280000621461 ], [ -172.332326200193961, -13.444200100354294 ], [ -172.331955800020125, -13.444366100814875 ], [ -172.331623200150545, -13.444420900104433 ], [ -172.331336200405303, -13.444627000435673 ], [ -172.331092100120287, -13.444739100029381 ], [ -172.33075550006626, -13.44499000008841 ], [ -172.330405500113699, -13.444947800300724 ], [ -172.330263300211101, -13.445052200798386 ], [ -172.330091700571501, -13.445125200567531 ], [ -172.329748300743461, -13.445253100350271 ], [ -172.329456000394089, -13.445474800321733 ], [ -172.32930580012254, -13.445819100371125 ], [ -172.32920920034428, -13.446035700287268 ], [ -172.32905370036795, -13.446213100554075 ], [ -172.328820300216648, -13.446218300434168 ], [ -172.32856010026839, -13.446160900305244 ], [ -172.328342900504424, -13.446064400351759 ], [ -172.328273100523148, -13.446082600831289 ], [ -172.328090700025768, -13.446288700263267 ], [ -172.327742100317636, -13.446466100530074 ], [ -172.327417500816978, -13.446695700146392 ], [ -172.327447000378726, -13.446938300362206 ], [ -172.327412100388102, -13.447212200582555 ], [ -172.327278000679172, -13.447340000540521 ], [ -172.327197600388928, -13.447280000471608 ], [ -172.327133199937208, -13.447183500518065 ], [ -172.327066100620016, -13.447183500518065 ], [ -172.326859600090444, -13.447188700398158 ], [ -172.326620900234332, -13.447157400393678 ], [ -172.326497500659087, -13.447178300638029 ], [ -172.326223900812352, -13.447387000009996 ], [ -172.325990600485795, -13.447632200165856 ], [ -172.325947700126221, -13.447715700419167 ], [ -172.32604960050864, -13.447754800243786 ], [ -172.326173000083855, -13.447783500308219 ], [ -172.326379500613427, -13.447770400783327 ], [ -172.32650020042388, -13.448000000399645 ], [ -172.326647700031316, -13.448148700602019 ], [ -172.326722800616722, -13.448313000444557 ], [ -172.326942799970226, -13.448573900065412 ], [ -172.326972300431294, -13.448780000396653 ], [ -172.326867700284112, -13.448884300170278 ], [ -172.326899800685226, -13.44895740066346 ], [ -172.326950800339148, -13.449022600612466 ], [ -172.327170700767198, -13.449077400801343 ], [ -172.327409500448056, -13.449051300676956 ], [ -172.32765620067309, -13.449069500257167 ], [ -172.327728600594412, -13.448999100428068 ], [ -172.327835900506386, -13.448993900548032 ], [ -172.328015600339654, -13.449168699975473 ], [ -172.328026400298114, -13.449348700182327 ], [ -172.328125600016392, -13.449440000255777 ], [ -172.328208800795494, -13.449382600126853 ], [ -172.328297300380086, -13.449416500071379 ], [ -172.328428700324224, -13.44962260040262 ], [ -172.328584300125328, -13.449630400222759 ], [ -172.328761300193833, -13.449789500185261 ], [ -172.328785400226025, -13.449951300811847 ], [ -172.329120700759717, -13.450100000114844 ], [ -172.329600800236705, -13.450311300326177 ], [ -172.329748300743461, -13.450326900865718 ], [ -172.329880000161864, -13.450309600607511 ], [ -172.330172099962425, -13.450454700823741 ], [ -172.330265999975893, -13.450308700386188 ], [ -172.330147999930233, -13.450222600192774 ], [ -172.330080900613041, -13.450113000714339 ], [ -172.330150700594317, -13.450058200525461 ], [ -172.330156000299155, -13.450000800396595 ], [ -172.330038000253495, -13.44998780069642 ], [ -172.329946800004791, -13.449935600447532 ], [ -172.329879800512344, -13.449724300236198 ], [ -172.329976300465859, -13.449510400084876 ], [ -172.330137300695839, -13.449442600195823 ], [ -172.330188200525015, -13.449333000717388 ], [ -172.330590600375871, -13.449317400177847 ], [ -172.330754200545897, -13.44924950046402 ], [ -172.330786400771757, -13.44914000081036 ], [ -172.330869500826765, -13.449066900317177 ], [ -172.330963399940941, -13.449147800630442 ], [ -172.330990200637217, -13.449239100703892 ], [ -172.331191400562659, -13.44935390006242 ], [ -172.331277200382459, -13.449387800006946 ], [ -172.331333500640511, -13.449455600795318 ], [ -172.331459599980519, -13.449395600726348 ], [ -172.331505200104885, -13.449275600588464 ], [ -172.331671500039675, -13.449166100035427 ], [ -172.331770700657273, -13.448936500419109 ], [ -172.332092600393167, -13.448871300470103 ], [ -172.332156999945568, -13.448691300263249 ], [ -172.332347400811869, -13.448594800309763 ], [ -172.332484200285592, -13.448542600060875 ], [ -172.332731000335372, -13.448370400573481 ], [ -172.332857000749954, -13.448464300586977 ], [ -172.333079600043476, -13.448422600822312 ], [ -172.333122600227796, -13.448255600315633 ], [ -172.333541000816496, -13.448167000007004 ], [ -172.333908500676728, -13.448112200717446 ], [ -172.334267900343292, -13.448375600453573 ], [ -172.334632600613986, -13.44813830084189 ], [ -172.335075200160333, -13.448172200786416 ], [ -172.335459000232646, -13.448149700648116 ], [ -172.336679200384765, -13.447527800567514 ], [ -172.337242400816109, -13.447433900554017 ], [ -172.337829000707785, -13.447163600319868 ], [ -172.33855940039598, -13.446601700308179 ], [ -172.339289000586888, -13.44620260006991 ], [ -172.339854900783024, -13.445873900560002 ], [ -172.34006410017804, -13.445920900029478 ], [ -172.340337700024804, -13.445780000546563 ], [ -172.340871500719146, -13.445127800507521 ], [ -172.340848100359523, -13.445001400793956 ], [ -172.340828500534855, -13.44489570077593 ], [ -172.340957300538975, -13.444723500389159 ], [ -172.341453400753807, -13.444507600145585 ], [ -172.342700700177147, -13.443972200456642 ], [ -172.343148700152369, -13.443773900844803 ], [ -172.343470500063489, -13.44353130062899 ], [ -172.343679700357853, -13.443453100080433 ], [ -172.343815899983781, -13.443335200758838 ], [ -172.345087900186428, -13.442808700760907 ], [ -172.346705300309338, -13.442159100661911 ], [ -172.348669700246433, -13.441615400230489 ], [ -172.348943500642008, -13.44157050067804 ], [ -172.349047200567838, -13.441553100595058 ], [ -172.349146700659674, -13.44156250030909 ], [ -172.349221999995279, -13.441588800083025 ], [ -172.349378900216038, -13.4415678000139 ], [ -172.350092900766725, -13.441386600111457 ], [ -172.350290100507692, -13.441269900485452 ], [ -172.350633000312683, -13.441253200075096 ], [ -172.350844800547094, -13.441164100642709 ], [ -172.35140890030047, -13.441150500195363 ], [ -172.351869700326375, -13.441071800523105 ], [ -172.352042900759244, -13.440987600597225 ], [ -172.352101500583757, -13.440745800778018 ], [ -172.352239100454085, -13.440632600414119 ], [ -172.352421500052145, -13.440603900349686 ], [ -172.352628000581745, -13.440658700538563 ], [ -172.353035700137411, -13.440551700100855 ], [ -172.353408500601802, -13.440403000797801 ], [ -172.353505300029553, -13.440225500706219 ], [ -172.35322340033963, -13.439101600858123 ], [ -172.353170200044673, -13.439010000411145 ], [ -172.353115600404607, -13.438986100028444 ], [ -172.353077400801368, -13.438943700591267 ], [ -172.353088300584574, -13.438895900725186 ], [ -172.353265699952061, -13.438808300462654 ], [ -172.353323000256239, -13.43880560069789 ], [ -172.353372100541975, -13.438829500181214 ], [ -172.353380300560389, -13.438880000711436 ], [ -172.353317600726655, -13.438949000296077 ], [ -172.35334210005783, -13.439085700844373 ], [ -172.353619100241247, -13.440144700217672 ], [ -172.353727700572904, -13.440194300526514 ], [ -172.354036100585546, -13.440186500706375 ], [ -172.354194400151414, -13.440032600623965 ], [ -172.354569900380568, -13.440032600623965 ], [ -172.354679900057306, -13.440157800641941 ], [ -172.35518880032285, -13.440224300111311 ], [ -172.355784900652623, -13.440270200609234 ], [ -172.356146400236156, -13.440271500129597 ], [ -172.356509300064118, -13.440074800411651 ], [ -172.356488600368579, -13.439821700610935 ], [ -172.356605600368141, -13.439710400514514 ], [ -172.356760900694979, -13.439675100325587 ], [ -172.356906800408495, -13.439793800043788 ], [ -172.356862500703812, -13.439995000868521 ], [ -172.357464800060455, -13.44032300070586 ], [ -172.357740500723509, -13.440504300433076 ], [ -172.35791690004487, -13.440654900003608 ], [ -172.358102400505345, -13.44093000081881 ], [ -172.358153300334521, -13.441125600665885 ], [ -172.358113100639059, -13.441305599973418 ], [ -172.358038000053625, -13.441759500400565 ], [ -172.358139900436015, -13.442116899974906 ], [ -172.358177500191459, -13.442182200648006 ], [ -172.358266000675371, -13.442163900343701 ], [ -172.358298200001911, -13.442221300472568 ], [ -172.358166800057745, -13.442307400665982 ], [ -172.358370600822553, -13.442565600522016 ], [ -172.358440300079764, -13.442534300517536 ], [ -172.358496700162561, -13.44259430058645 ], [ -172.358418900711683, -13.442698700184792 ], [ -172.358491300632977, -13.442795200138335 ], [ -172.359026000649379, -13.443295500187162 ], [ -172.359619200665549, -13.443564100702645 ], [ -172.359801600263609, -13.443671100241033 ], [ -172.359997400659495, -13.443763700734166 ], [ -172.360256200363324, -13.443832800143582 ], [ -172.360511000782026, -13.443955400221512 ], [ -172.360702800094117, -13.444292000275539 ], [ -172.360827900287347, -13.444662200799883 ], [ -172.361014800092931, -13.444926000734313 ], [ -172.361469500017392, -13.445689000846642 ], [ -172.361716800090221, -13.446602600529559 ], [ -172.36179780022826, -13.447339300868009 ], [ -172.362297500429264, -13.447730800036368 ], [ -172.362486700700657, -13.44793090009091 ], [ -172.362659300386383, -13.448183700417417 ], [ -172.362846200191967, -13.44869630049385 ], [ -172.362928600574435, -13.449184900362809 ], [ -172.363199600481153, -13.449451800260306 ], [ -172.363586400691815, -13.449592600817823 ], [ -172.364066500168832, -13.449665600586968 ], [ -172.364364300771825, -13.449691700711355 ], [ -172.364468900019688, -13.449589999978457 ], [ -172.366059400520896, -13.449214300099811 ], [ -172.366437600514814, -13.449086500141846 ], [ -172.366853300439431, -13.449026500072875 ], [ -172.367618200819294, -13.449029400386451 ], [ -172.370443099969066, -13.449050000257273 ], [ -172.370725600406104, -13.449015100266593 ], [ -172.371966807821906, -13.452935011241721 ], [ -172.372918591819541, -13.457503576228987 ], [ -172.376535372809172, -13.471399627990365 ], [ -172.37977143930047, -13.484724610252499 ], [ -172.383578577089622, -13.498430305214356 ], [ -172.386814644480239, -13.511945643376691 ], [ -172.391383209467506, -13.530029547425613 ], [ -172.396332488053844, -13.548303807374737 ], [ -172.401662481138573, -13.569433422014754 ], [ -172.40661175972491, -13.588088395562977 ], [ -172.410989967912656, -13.605601228314015 ], [ -172.415939246498993, -13.624636916360544 ], [ -172.390812138169622, -13.627111555653698 ], [ -172.370443952526358, -13.629205482247187 ], [ -172.338273639916508, -13.63282226323679 ], [ -172.330849721137696, -13.615880500884373 ], [ -172.324187230456289, -13.601603734624632 ], [ -172.318095810173475, -13.587898038763456 ], [ -172.311814033091139, -13.57438270060112 ], [ -172.302486546317027, -13.555918082953099 ], [ -172.244237340480851, -13.55610843975262 ], [ -172.233120299961854, -13.556319200370751 ] ] ] ] } },
{ "type": "Feature", "properties": { "shapeName": "Gaga'ifomauga", "shapeISO": "", "shapeID": "40696546B1701315009328", "shapeGroup": "WSM", "shapeType": "ADM1" }, "geometry": { "type": "Polygon", "coordinates": [ [ [ -172.370725600406104, -13.449015100266593 ], [ -172.37247810028407, -13.448798299801638 ], [ -172.374484199985801, -13.447982999615704 ], [ -172.375122599928005, -13.447550000332228 ], [ -172.375624200396516, -13.447072599720627 ], [ -172.375857499823724, -13.44677260027521 ], [ -172.376160600131556, -13.446751700030859 ], [ -172.376458999683052, -13.446761699592741 ], [ -172.377375700228356, -13.446365700216859 ], [ -172.378335900081709, -13.446151700240705 ], [ -172.379044000180443, -13.446070899752158 ], [ -172.379371199621147, -13.44610739963673 ], [ -172.379706500154839, -13.44610739963673 ], [ -172.380133000037887, -13.446063000107301 ], [ -172.380478999805973, -13.445987400398167 ], [ -172.381074399563857, -13.446023900282739 ], [ -172.381498199682142, -13.446115200356189 ], [ -172.38195939990635, -13.446105400443855 ], [ -172.38274530035531, -13.446264600231075 ], [ -172.383215599919964, -13.446464700285617 ], [ -172.383629399577103, -13.446516500336202 ], [ -172.384406699809318, -13.446671699938975 ], [ -172.384926900056371, -13.446809700007577 ], [ -172.385325899570574, -13.446927500403774 ], [ -172.385795899661019, -13.447013800246623 ], [ -172.386233900074416, -13.446968200122285 ], [ -172.386582099584189, -13.44666309972223 ], [ -172.386915300200911, -13.446278299603819 ], [ -172.38713519972967, -13.445980900098391 ], [ -172.38726930033792, -13.44583739977611 ], [ -172.387470500263362, -13.445781399891644 ], [ -172.38771459964903, -13.445873899660683 ], [ -172.387910400044888, -13.446030399683139 ], [ -172.388009599763194, -13.446249600438648 ], [ -172.388076699979706, -13.446513000174775 ], [ -172.388631900042128, -13.446779099675666 ], [ -172.388926900156292, -13.446870399749116 ], [ -172.389216599666327, -13.446906899633689 ], [ -172.389471400085029, -13.44674519973114 ], [ -172.389753000300686, -13.446672199961995 ], [ -172.389962199695731, -13.446674799902041 ], [ -172.390155400151571, -13.446737399911058 ], [ -172.390423599569431, -13.447052999895959 ], [ -172.390740099775769, -13.44731650035618 ], [ -172.391845200195803, -13.447222600342684 ], [ -172.392471499759893, -13.447274799692195 ], [ -172.393933899929522, -13.447767100271392 ], [ -172.395987400198322, -13.448030599832293 ], [ -172.398133699710456, -13.44876279996322 ], [ -172.399283800407034, -13.449354499910214 ], [ -172.400446600430229, -13.449854399760682 ], [ -172.403027900217381, -13.450440200155072 ], [ -172.404326100369218, -13.450709899642106 ], [ -172.404922000150151, -13.450865600167276 ], [ -172.405391299668707, -13.450847500411783 ], [ -172.405596099580293, -13.450974300323651 ], [ -172.40658310012995, -13.4510720997975 ], [ -172.407205100035299, -13.451217000364238 ], [ -172.407550900153893, -13.451286400147183 ], [ -172.407676199996615, -13.451144499718851 ], [ -172.40780469962715, -13.450916300346933 ], [ -172.407890399622204, -13.450793200245926 ], [ -172.408000199649479, -13.450680900103407 ], [ -172.407944400313795, -13.450597600398908 ], [ -172.408003000138308, -13.450402700224402 ], [ -172.408056099709199, -13.450429199647772 ], [ -172.408089600354742, -13.450595799956147 ], [ -172.408197599939257, -13.450648299679244 ], [ -172.408428499975258, -13.450677300117263 ], [ -172.40894460021309, -13.450962699968557 ], [ -172.409471100211078, -13.450711500435375 ], [ -172.409707700150221, -13.449927899552904 ], [ -172.410424600115164, -13.45066269962382 ], [ -172.410879499689145, -13.450318100100219 ], [ -172.411470400138825, -13.450598499720911 ], [ -172.412050599555499, -13.450500200224042 ], [ -172.412690299917386, -13.450553899642728 ], [ -172.413911000092554, -13.450135199579734 ], [ -172.41453350002098, -13.450892300139515 ], [ -172.415060500042017, -13.451446299606971 ], [ -172.415207899824679, -13.453378699867073 ], [ -172.415797499854705, -13.454837199677002 ], [ -172.416205200309719, -13.455343300352979 ], [ -172.416312500221693, -13.456099700340872 ], [ -172.416564699801029, -13.456621499582468 ], [ -172.416591499598013, -13.457059699645356 ], [ -172.416944800062453, -13.457658399915204 ], [ -172.417600000239787, -13.458416200147497 ], [ -172.418038899975215, -13.459264000033556 ], [ -172.418672199862101, -13.460573099968542 ], [ -172.41910739978664, -13.461755099618131 ], [ -172.41928980028402, -13.462955000272984 ], [ -172.41942389999295, -13.463586200242901 ], [ -172.419434600126664, -13.464248800042014 ], [ -172.419673299982776, -13.46464790028034 ], [ -172.419512399577542, -13.465088700283218 ], [ -172.419547900315308, -13.465572700119992 ], [ -172.4203547001093, -13.466119399790443 ], [ -172.420928699599784, -13.466339099669653 ], [ -172.421679700058093, -13.466970799662647 ], [ -172.422123299650536, -13.467216300192035 ], [ -172.422428599700083, -13.467129699975601 ], [ -172.422629299602477, -13.467237800284238 ], [ -172.422755399841805, -13.467396900246683 ], [ -172.423463499940539, -13.467686400107254 ], [ -172.423994599970797, -13.46793680014315 ], [ -172.42456820016227, -13.468106500414592 ], [ -172.424775099990853, -13.468221100123628 ], [ -172.42493319990723, -13.468366599638841 ], [ -172.424882399902799, -13.468680200430867 ], [ -172.424828699584793, -13.468774100444307 ], [ -172.424711900134071, -13.468834599637034 ], [ -172.424501500144089, -13.46869329995576 ], [ -172.424316399881917, -13.468466300279488 ], [ -172.423062799808349, -13.468211099662483 ], [ -172.422449900142738, -13.468158799588878 ], [ -172.422018200379625, -13.468244399759215 ], [ -172.422210899913068, -13.468552399573525 ], [ -172.422221600046782, -13.468805400448844 ], [ -172.422162600023938, -13.468946299931758 ], [ -172.4220312000798, -13.468933200406809 ], [ -172.421891699941966, -13.468755899964776 ], [ -172.42176830036675, -13.46866199995128 ], [ -172.421650300321062, -13.468667199831373 ], [ -172.42155650013234, -13.468841900333359 ], [ -172.421749599864114, -13.469029800185069 ], [ -172.42147139998508, -13.469068599636103 ], [ -172.421052000249574, -13.469026700222003 ], [ -172.420563400380587, -13.468806699969207 ], [ -172.420362900127714, -13.469024499580939 ], [ -172.420325300372298, -13.469139299838787 ], [ -172.420370899597316, -13.469243599612412 ], [ -172.420470200039659, -13.469316700105594 ], [ -172.420470200039659, -13.469230599912237 ], [ -172.420470200039659, -13.469149699598916 ], [ -172.42053180000255, -13.469008899940718 ], [ -172.42074639982647, -13.469050599705383 ], [ -172.420883200199512, -13.469186300207525 ], [ -172.420974400448188, -13.469465400307911 ], [ -172.421097800023432, -13.469634900030542 ], [ -172.421280199621492, -13.469804499577947 ], [ -172.42137409963496, -13.469906200310845 ], [ -172.421510900008002, -13.469927099655877 ], [ -172.421615500155184, -13.469867099586907 ], [ -172.42176830036675, -13.469885300066494 ], [ -172.421918599563696, -13.470060100393255 ], [ -172.422086299742915, -13.470167699779495 ], [ -172.42221359967786, -13.470195700171359 ], [ -172.42222970024045, -13.470365299718765 ], [ -172.422162600023938, -13.470464399612297 ], [ -172.422167999553523, -13.470594800409685 ], [ -172.4224282004011, -13.47061309981467 ], [ -172.42268030015569, -13.470709599768156 ], [ -172.422902900348532, -13.470863499850566 ], [ -172.422988799993107, -13.470813900441101 ], [ -172.422902900348532, -13.470652199639233 ], [ -172.423085299946621, -13.470594800409685 ], [ -172.423205999757045, -13.470764399957034 ], [ -172.423316700005671, -13.470744999781857 ], [ -172.423474200074253, -13.470701799948074 ], [ -172.423447400277269, -13.470560899565839 ], [ -172.423540900092434, -13.470380300410511 ], [ -172.423659300336425, -13.470323500129382 ], [ -172.423916799620571, -13.470417400142878 ], [ -172.424002600339719, -13.470352200193815 ], [ -172.423927499754285, -13.470104400097966 ], [ -172.424091099924283, -13.470075700033476 ], [ -172.424225300357307, -13.470198300111406 ], [ -172.424520299572151, -13.470023599609362 ], [ -172.424887400133372, -13.469884700218699 ], [ -172.425206899578711, -13.469762699988564 ], [ -172.425164000118485, -13.469548799837185 ], [ -172.425070100105017, -13.469238399732319 ], [ -172.425268600265667, -13.469149699598916 ], [ -172.425434900200457, -13.469217600212062 ], [ -172.425716600240889, -13.469089700429265 ], [ -172.425882900175679, -13.468969800116156 ], [ -172.426306599569898, -13.468878500042706 ], [ -172.426376399551174, -13.468782000089163 ], [ -172.426376399551174, -13.468667199831373 ], [ -172.425748699742684, -13.468573299817876 ], [ -172.425491300283255, -13.468654100306424 ], [ -172.425257900131953, -13.46865670024647 ], [ -172.425129199952579, -13.468612399642495 ], [ -172.425083599828241, -13.468492400403932 ], [ -172.425220400201283, -13.468437600215054 ], [ -172.425901599778967, -13.468437600215054 ], [ -172.426478299933564, -13.468536799933304 ], [ -172.426843100029004, -13.468549799633479 ], [ -172.427114000110976, -13.468270700432413 ], [ -172.427202499695568, -13.46811940029005 ], [ -172.427449899593171, -13.468072899944332 ], [ -172.427875299605375, -13.468189200271354 ], [ -172.428368899704935, -13.468251800280314 ], [ -172.428776699984695, -13.468244399759215 ], [ -172.429200699752471, -13.468236799588567 ], [ -172.429356299553547, -13.468077699626065 ], [ -172.429538299852624, -13.468048299889062 ], [ -172.429605800267439, -13.468080299566111 ], [ -172.429624099672424, -13.468152700386781 ], [ -172.429575899608039, -13.468277900404757 ], [ -172.429645599764598, -13.468397799818547 ], [ -172.429865500192648, -13.468450000067378 ], [ -172.430139100039412, -13.468450000067378 ], [ -172.430517600406915, -13.468467499975077 ], [ -172.43171629956754, -13.468523099661297 ], [ -172.433448999971347, -13.468632600214278 ], [ -172.433939299559, -13.468577899850175 ], [ -172.434478899981229, -13.46851779995643 ], [ -172.436318900296982, -13.468444800187342 ], [ -172.437643900245774, -13.468470900311729 ], [ -172.438975100120757, -13.468448800371789 ], [ -172.439344500248467, -13.468262200040442 ], [ -172.439471399985081, -13.468012399852341 ], [ -172.439787599817862, -13.46782039999141 ], [ -172.441885899814395, -13.467994399921565 ], [ -172.443342400431419, -13.468022900336507 ], [ -172.444310099731297, -13.467886900360099 ], [ -172.444906299885815, -13.467984500184514 ], [ -172.44751629973743, -13.46943089961627 ], [ -172.4481877003021, -13.469628399730823 ], [ -172.448413000259734, -13.469435399823794 ], [ -172.448971699584234, -13.469556099634246 ], [ -172.449479300329415, -13.468859800439418 ], [ -172.449519699674369, -13.468804299678652 ], [ -172.45041230018748, -13.468783199784809 ], [ -172.450949299770343, -13.468626900311165 ], [ -172.451759300251467, -13.468459700154995 ], [ -172.452381599631082, -13.467953700203054 ], [ -172.452588899657968, -13.46745679959156 ], [ -172.453059700145019, -13.466931699838028 ], [ -172.453993299850879, -13.466430600291915 ], [ -172.455491400407766, -13.466822100359593 ], [ -172.456479999952023, -13.46743170041259 ], [ -172.45776559970264, -13.46792529961283 ], [ -172.459332500194705, -13.468529799610508 ], [ -172.460981599621107, -13.468667400380184 ], [ -172.463932000061732, -13.468604800371168 ], [ -172.465443999640854, -13.468331099800366 ], [ -172.466253500098929, -13.46827740038168 ], [ -172.466798199677157, -13.467959199557356 ], [ -172.467524799729688, -13.467640700158142 ], [ -172.468060999815265, -13.467165699837153 ], [ -172.468816799955334, -13.46664739985755 ], [ -172.470209699617925, -13.466121300057921 ], [ -172.471060499642306, -13.465509799737447 ], [ -172.471844800197346, -13.46500739977165 ], [ -172.472421500351942, -13.464477899635312 ], [ -172.473564099803326, -13.463654199781445 ], [ -172.473966600378276, -13.463088900332423 ], [ -172.475149799723454, -13.462365300418242 ], [ -172.47644620033185, -13.462074599962762 ], [ -172.477311000102532, -13.461784899553436 ], [ -172.479198099712505, -13.461669899646097 ], [ -172.481021199968382, -13.4614458002834 ], [ -172.482356499852557, -13.461935199649702 ], [ -172.48346139972378, -13.462867700384038 ], [ -172.484269300287963, -13.463870900421682 ], [ -172.485457499863713, -13.465518399954135 ], [ -172.486492099730583, -13.466483299664503 ], [ -172.487261299769131, -13.467307600265485 ], [ -172.488825299947621, -13.46815509977796 ], [ -172.488951250000156, -13.468202911335254 ], [ -172.489560799691134, -13.468434299703119 ], [ -172.490428599600165, -13.468406599684783 ], [ -172.491609199904616, -13.468465700431693 ], [ -172.491888399829747, -13.468258100031221 ], [ -172.492551700200778, -13.468204600262027 ], [ -172.49302569957635, -13.468110999722796 ], [ -172.493489100441593, -13.46815299986099 ], [ -172.493995800066102, -13.468275299565391 ], [ -172.494412099838513, -13.468567500089989 ], [ -172.494924899564438, -13.468925899710484 ], [ -172.495590899700233, -13.469401900077571 ], [ -172.495983600362848, -13.470108299558319 ], [ -172.496235700117438, -13.47141769986689 ], [ -172.497399500186759, -13.472120400436097 ], [ -172.498518800002586, -13.472599599691705 ], [ -172.49974899971653, -13.472658900088106 ], [ -172.500582000359003, -13.47258519974713 ], [ -172.501883400298652, -13.472716400041804 ], [ -172.502533600245414, -13.472716700415333 ], [ -172.503802799959232, -13.472491600107219 ], [ -172.504824099752369, -13.472566699793333 ], [ -172.506810099606383, -13.473292100150275 ], [ -172.507778100179166, -13.473783799982357 ], [ -172.508410499844672, -13.47460510044499 ], [ -172.510133599985636, -13.475891300043429 ], [ -172.511882099679127, -13.476889700399283 ], [ -172.513698800359322, -13.477536900207724 ], [ -172.514740100175459, -13.477343799576659 ], [ -172.515711000162497, -13.476870300224107 ], [ -172.517556099634277, -13.475879300389352 ], [ -172.518245900327997, -13.475933900029418 ], [ -172.51982230035884, -13.475750000362154 ], [ -172.521945999907956, -13.475925199987955 ], [ -172.523203699990745, -13.475902299651352 ], [ -172.525373100388236, -13.475148399778789 ], [ -172.526950799939442, -13.474587700362008 ], [ -172.528335299934128, -13.473551600425992 ], [ -172.529764400007025, -13.473232600104382 ], [ -172.531072300246421, -13.473316300007184 ], [ -172.532570300079271, -13.473470499563859 ], [ -172.534395500252117, -13.474400099984564 ], [ -172.538491500282475, -13.475344100349901 ], [ -172.5415352998142, -13.475491699782083 ], [ -172.542710899888078, -13.475257500133466 ], [ -172.543845499869889, -13.47574319968885 ], [ -172.544449800218075, -13.475497700058781 ], [ -172.544612900365024, -13.475928600324607 ], [ -172.545062699883658, -13.476186900005359 ], [ -172.545790899830138, -13.476486299602982 ], [ -172.546102299981129, -13.476945100436012 ], [ -172.546765299978574, -13.477586499617246 ], [ -172.548025699826155, -13.478137599670447 ], [ -172.548981099997746, -13.478888600128755 ], [ -172.549934099878783, -13.479456399693049 ], [ -172.551181900224492, -13.479806500369648 ], [ -172.551873299912842, -13.480436599569373 ], [ -172.551819899968393, -13.480976899664142 ], [ -172.553968099747976, -13.481685300136462 ], [ -172.554752699777254, -13.481975999692565 ], [ -172.555537199981757, -13.481830699826901 ], [ -172.558296099685236, -13.482409499898438 ], [ -172.559193599704827, -13.482074399913586 ], [ -172.560216299742422, -13.482200599977659 ], [ -172.560871099721453, -13.48266700008196 ], [ -172.5613918998163, -13.48290300017328 ], [ -172.561600600087587, -13.482676399795992 ], [ -172.562221599946866, -13.482482600391677 ], [ -172.563193099781699, -13.482549400234575 ], [ -172.563691100264037, -13.483114599858823 ], [ -172.564787599568035, -13.48357830019836 ], [ -172.565604600371984, -13.483774200418964 ], [ -172.565988699918535, -13.484199600431168 ], [ -172.567025399702402, -13.484535800286892 ], [ -172.567709799967275, -13.485192800007667 ], [ -172.568128199656655, -13.485510999932671 ], [ -172.568332100246209, -13.485542299937151 ], [ -172.568556699631955, -13.485712100033368 ], [ -172.568966800377495, -13.485671199765989 ], [ -172.569099200367788, -13.485719600379184 ], [ -172.569185000187588, -13.485891799866636 ], [ -172.569362000256092, -13.48576659984866 ], [ -172.569492800352435, -13.4857583000055 ], [ -172.569437500140481, -13.486251499906757 ], [ -172.569812600171332, -13.486366499814096 ], [ -172.570016499861566, -13.486293400220177 ], [ -172.570123799773512, -13.486528199716588 ], [ -172.570392000090692, -13.486502099592201 ], [ -172.570649500274186, -13.486590799725604 ], [ -172.570730000389176, -13.486669000274105 ], [ -172.571054300415597, -13.486777900079971 ], [ -172.571432500409543, -13.486423200270451 ], [ -172.571545299675819, -13.486669000274105 ], [ -172.571658000016669, -13.486742099867968 ], [ -172.571710399914991, -13.487060299792972 ], [ -172.572279300249477, -13.48730580032236 ], [ -172.572887400233299, -13.487463099842159 ], [ -172.573283399609181, -13.487180200106081 ], [ -172.573492599903545, -13.487279399824388 ], [ -172.573632100041351, -13.48734719971344 ], [ -172.573803800405045, -13.487175000226046 ], [ -172.573819900068315, -13.487352399593533 ], [ -172.574007600270505, -13.487357600372889 ], [ -172.57419679964255, -13.487203300092176 ], [ -172.57424899989141, -13.487446299606972 ], [ -172.574372400365945, -13.487477599611509 ], [ -172.574479700277919, -13.48758710016449 ], [ -172.574608399557974, -13.487623600049062 ], [ -172.574758199631191, -13.487837900398745 ], [ -172.57491419963057, -13.487764500431297 ], [ -172.575096600127978, -13.487774900191425 ], [ -172.575209199744734, -13.487936600093974 ], [ -172.575359400016282, -13.487868800204922 ], [ -172.575514999817358, -13.487988800342805 ], [ -172.575702799844322, -13.487811400075998 ], [ -172.575810099756268, -13.487983599563449 ], [ -172.575954899598912, -13.48791049996953 ], [ -172.576062200410206, -13.48809310011643 ], [ -172.576287500367812, -13.488129600001002 ], [ -172.576389399850882, -13.487941799974067 ], [ -172.576432300210456, -13.48806180011195 ], [ -172.576410899943056, -13.488187000129926 ], [ -172.57683999976615, -13.488119200240874 ], [ -172.577076099682216, -13.48841649992147 ], [ -172.577145799838775, -13.48827570026333 ], [ -172.577258500179624, -13.488228799719309 ], [ -172.577479600303292, -13.488498799579872 ], [ -172.577709100094864, -13.488604299948463 ], [ -172.577859300366384, -13.488505200054874 ], [ -172.577993400075314, -13.488802599560302 ], [ -172.578148900051673, -13.48881300021975 ], [ -172.578309900281653, -13.488677400441645 ], [ -172.578542000013272, -13.488637799694629 ], [ -172.578653200284947, -13.488927799578221 ], [ -172.578835599883007, -13.489141599904883 ], [ -172.579552900046281, -13.48942389979311 ], [ -172.579886999985035, -13.489725900230042 ], [ -172.580074800011971, -13.489668500101175 ], [ -172.580214200325059, -13.489819800243538 ], [ -172.580203500191345, -13.48995020014155 ], [ -172.580337599900275, -13.489981500146087 ], [ -172.580442600245789, -13.490078299573838 ], [ -172.580568300286814, -13.490169300173022 ], [ -172.580632699839185, -13.490351799595828 ], [ -172.580804300378134, -13.490336199955607 ], [ -172.580874200184155, -13.490818300424166 ], [ -172.581217400362704, -13.491165599712588 ], [ -172.581658700388687, -13.491447899600814 ], [ -172.581890200272511, -13.491829499931441 ], [ -172.582472200131917, -13.492509399988762 ], [ -172.583627200335002, -13.493844000200397 ], [ -172.585022399564053, -13.494904600366965 ], [ -172.585333500240807, -13.495175899747949 ], [ -172.585725100133232, -13.495368899654977 ], [ -172.585902100201736, -13.495165400163046 ], [ -172.586100600362386, -13.49522280029197 ], [ -172.586138200117801, -13.495572300221454 ], [ -172.586669200323314, -13.495973899675676 ], [ -172.588053300119668, -13.496109600177874 ], [ -172.589469500317165, -13.495953100155418 ], [ -172.590360000013959, -13.495765300128426 ], [ -172.591397299645621, -13.495250600135023 ], [ -172.591985399606472, -13.494961999596569 ], [ -172.592698800309364, -13.494805499574113 ], [ -172.594442899620105, -13.494532799948729 ], [ -172.596716599791222, -13.493775899937759 ], [ -172.597618600018336, -13.492990000388147 ], [ -172.598478299733728, -13.492600200039135 ], [ -172.599107299961901, -13.492904599867359 ], [ -172.599788799913171, -13.492304400427713 ], [ -172.600033000022904, -13.491948500023227 ], [ -172.600499999975, -13.491821299912999 ], [ -172.601099399917359, -13.492028500115168 ], [ -172.601041700314198, -13.492438900334946 ], [ -172.601235399893767, -13.492796299909287 ], [ -172.601807599840839, -13.49276590012613 ], [ -172.602311900074113, -13.4927476996466 ], [ -172.602666800432473, -13.493020199622492 ], [ -172.60283020005366, -13.493393299561092 ], [ -172.603958299735723, -13.493327300114743 ], [ -172.604858200045868, -13.493630199873792 ], [ -172.606054200341049, -13.493812499647106 ], [ -172.607814000016049, -13.493435799722306 ], [ -172.610263899859063, -13.492645800163473 ], [ -172.610811300101403, -13.492239099754613 ], [ -172.611565100149221, -13.492128000207003 ], [ -172.612347200063198, -13.492462699993553 ], [ -172.614136199825737, -13.492487800071842 ], [ -172.614521699616716, -13.492954899848712 ], [ -172.614285900074208, -13.493268100442435 ], [ -172.615190400416623, -13.493208200198239 ], [ -172.61608219963378, -13.493405899962283 ], [ -172.617309300283949, -13.493914400029496 ], [ -172.618130599847291, -13.494487699847411 ], [ -172.619502135215328, -13.547780326400868 ], [ -172.621286730997809, -13.593465977173082 ], [ -172.602370016063361, -13.602388956085406 ], [ -172.584167139801622, -13.610241177887985 ], [ -172.569176534869172, -13.616665722345147 ], [ -172.562751990412011, -13.616665722345147 ], [ -172.55953971818343, -13.615951883672437 ], [ -172.54597679059637, -13.618807237464011 ], [ -172.538481488130145, -13.616665722345147 ], [ -172.526703156325567, -13.62023491391011 ], [ -172.518137096749598, -13.619521075237401 ], [ -172.510998713619699, -13.617022641681501 ], [ -172.500100782125372, -13.61811719305399 ], [ -172.47097617920727, -13.617926836254469 ], [ -172.460696907536231, -13.62306647253962 ], [ -172.445278000479306, -13.623637542938184 ], [ -172.429478379823337, -13.623827899737762 ], [ -172.415939246498993, -13.624636916360544 ], [ -172.410989967912656, -13.605601228314015 ], [ -172.40661175972491, -13.588088395562977 ], [ -172.401662481138573, -13.569433422014754 ], [ -172.396332488053844, -13.548303807374737 ], [ -172.391383209467506, -13.530029547425613 ], [ -172.386814644480239, -13.511945643376691 ], [ -172.383578577089622, -13.498430305214356 ], [ -172.37977143930047, -13.484724610252499 ], [ -172.376535372809172, -13.471399627990365 ], [ -172.372918591819541, -13.457503576228987 ], [ -172.371966807821906, -13.452935011241721 ], [ -172.370725600406104, -13.449015100266593 ] ] ] } },
{ "type": "Feature", "properties": { "shapeName": "Palauli", "shapeISO": "", "shapeID": "40696546B72194673836531", "shapeGroup": "WSM", "shapeType": "ADM1" }, "geometry": { "type": "MultiPolygon", "coordinates": [ [ [ [ -172.338273639916508, -13.63282226323679 ], [ -172.370443952526358, -13.629205482247187 ], [ -172.370443951627038, -13.6314897638415 ], [ -172.364162174544703, -13.64881224069228 ], [ -172.355786471768226, -13.672035780127089 ], [ -172.346268628194622, -13.697162888456489 ], [ -172.339415780713693, -13.715817862004656 ], [ -172.332753290032286, -13.73466319325172 ], [ -172.323806515957926, -13.758648160783935 ], [ -172.323072599920522, -13.761724499585966 ], [ -172.323058000326427, -13.761467000301764 ], [ -172.322877500096524, -13.761257299984379 ], [ -172.322703599991115, -13.761065599597714 ], [ -172.322530600107086, -13.760927300054789 ], [ -172.322337700024804, -13.760855099782987 ], [ -172.322210300265112, -13.760934099828773 ], [ -172.322089999753672, -13.760935900271534 ], [ -172.322038699726193, -13.760801799663284 ], [ -172.322040400344179, -13.76065399968229 ], [ -172.321647599856817, -13.760452899581594 ], [ -172.321219400255103, -13.760256900435536 ], [ -172.320447799926001, -13.76003690018274 ], [ -172.319996600162938, -13.759916599671271 ], [ -172.319706299905789, -13.759901099855824 ], [ -172.319577800275226, -13.759958499984748 ], [ -172.319260399847536, -13.759875300104966 ], [ -172.319161299954004, -13.759866799712995 ], [ -172.319076400355556, -13.759925199888016 ], [ -172.318572000297536, -13.759908000353903 ], [ -172.317047000118947, -13.759893999708254 ], [ -172.316772000027754, -13.75947040013881 ], [ -172.317011399556407, -13.759164000218391 ], [ -172.316491700231751, -13.758948400348345 ], [ -172.316174399628807, -13.758702999643674 ], [ -172.315810300105227, -13.758453999852179 ], [ -172.315093699614522, -13.758223800388009 ], [ -172.314675499574605, -13.758190299742466 ], [ -172.314380600184535, -13.758173700056147 ], [ -172.314227399774666, -13.758204699687099 ], [ -172.313821399937638, -13.757819000246627 ], [ -172.313479099980441, -13.757876100001965 ], [ -172.313168500226084, -13.757755599841005 ], [ -172.313032699899168, -13.75751189975432 ], [ -172.312918700037955, -13.757251500156542 ], [ -172.312626000389571, -13.757248500018193 ], [ -172.312338200247723, -13.757185200336664 ], [ -172.31079150032744, -13.75603549983839 ], [ -172.310087799712164, -13.755515599964895 ], [ -172.309402099926956, -13.75508530044624 ], [ -172.308872499965872, -13.754797399580298 ], [ -172.308704100114113, -13.754757699907884 ], [ -172.308609399704011, -13.754945300285328 ], [ -172.308451100138143, -13.755166799707979 ], [ -172.308113199664405, -13.755713899576733 ], [ -172.307905799812772, -13.755970700087687 ], [ -172.30766550006274, -13.756111300096393 ], [ -172.30753920017392, -13.755877899945062 ], [ -172.307449900192722, -13.75559660010299 ], [ -172.30736050038675, -13.755629500001362 ], [ -172.307472000132663, -13.756262399689945 ], [ -172.30725330029955, -13.756357100100047 ], [ -172.306926099959526, -13.756473400427069 ], [ -172.306716600190924, -13.756584199601093 ], [ -172.306540899642783, -13.756647000158864 ], [ -172.306439799656999, -13.756917400217787 ], [ -172.306306799818941, -13.757018100005268 ], [ -172.306044900151988, -13.756967200176121 ], [ -172.305597300375098, -13.756894700430053 ], [ -172.305428299776196, -13.756875200430102 ], [ -172.305271899578486, -13.756900799632149 ], [ -172.305111799569858, -13.756923399595166 ], [ -172.305031599828453, -13.756997500134503 ], [ -172.304866700138064, -13.757232000156648 ], [ -172.304725500281592, -13.757251599981316 ], [ -172.304606199816249, -13.757453499579299 ], [ -172.304528400365371, -13.757490000363191 ], [ -172.304447900250381, -13.757505600003412 ], [ -172.304393000236757, -13.757547299768021 ], [ -172.304381100407426, -13.757601699758595 ], [ -172.304388900227536, -13.757744000385287 ], [ -172.304382200278297, -13.757805200149846 ], [ -172.304335299734277, -13.757789599610305 ], [ -172.3043043999281, -13.757733599725782 ], [ -172.304189099647203, -13.75777919985012 ], [ -172.30407509978599, -13.757883399799027 ], [ -172.303946799804947, -13.758001700218244 ], [ -172.303637000447196, -13.757948300273767 ], [ -172.303206000356596, -13.757992599978479 ], [ -172.303206000356596, -13.758208199848525 ], [ -172.302990500311324, -13.758271500429373 ], [ -172.303056300108125, -13.758439599907547 ], [ -172.302655699800681, -13.758756799786454 ], [ -172.302544799902563, -13.758780799993872 ], [ -172.30242019973241, -13.758536000036315 ], [ -172.30235049957588, -13.758461799672261 ], [ -172.302282099839005, -13.758388799903173 ], [ -172.302130500222376, -13.758426600207372 ], [ -172.301986800250603, -13.758511099607517 ], [ -172.301875699803674, -13.758590700400475 ], [ -172.301830099679336, -13.758731400233899 ], [ -172.301612499717066, -13.758842899979811 ], [ -172.301572600395161, -13.758909900371577 ], [ -172.301571299975478, -13.758982800315948 ], [ -172.301577999924717, -13.75910789960983 ], [ -172.301477999809805, -13.759179000010818 ], [ -172.30134330025308, -13.759244600158127 ], [ -172.301296299884314, -13.759240699798397 ], [ -172.301245400055137, -13.759196400093742 ], [ -172.301083600327871, -13.759313499918051 ], [ -172.300766600098484, -13.759580700189133 ], [ -172.300686099983494, -13.759703200442289 ], [ -172.300666000135777, -13.759890700095696 ], [ -172.300577499651865, -13.760038500076689 ], [ -172.300499700200987, -13.760132999937923 ], [ -172.300399100238252, -13.76019559994694 ], [ -172.300313300418452, -13.760188999822446 ], [ -172.300244899782285, -13.760148700302238 ], [ -172.300164700040852, -13.760026200049026 ], [ -172.299953899852568, -13.759937599740397 ], [ -172.299708500047217, -13.759825599971407 ], [ -172.299548900061666, -13.759754000446719 ], [ -172.299501899692899, -13.759755299967082 ], [ -172.299491199559185, -13.759815200211278 ], [ -172.299475099895915, -13.759918099740446 ], [ -172.299406700159068, -13.759967600224513 ], [ -172.299311499725917, -13.759970700187637 ], [ -172.299248500417946, -13.759953300104655 ], [ -172.299204199813943, -13.759902500100281 ], [ -172.299169700021622, -13.759788600063814 ], [ -172.299059399971298, -13.759774799966976 ], [ -172.298962800193038, -13.759767000146894 ], [ -172.298905200414652, -13.759742200442133 ], [ -172.298859600290285, -13.759712299782791 ], [ -172.298761700092371, -13.759643200373375 ], [ -172.298691900111066, -13.759624999893788 ], [ -172.298525600176276, -13.75961069977393 ], [ -172.298358400020106, -13.759604900046043 ], [ -172.298261400043543, -13.759640600433329 ], [ -172.298206400205174, -13.759686199658347 ], [ -172.298206800403477, -13.759764800405151 ], [ -172.298155500376026, -13.759903799620588 ], [ -172.298084999822862, -13.759954499800301 ], [ -172.298017799781604, -13.760124799919538 ], [ -172.297878799666847, -13.760138199818016 ], [ -172.297810800128303, -13.760057500053563 ], [ -172.297805399699399, -13.759932399860304 ], [ -172.297951599786472, -13.759847799736121 ], [ -172.297856400252641, -13.7596721000873 ], [ -172.297749100340667, -13.759595000308991 ], [ -172.297629600225832, -13.75958080001385 ], [ -172.297468799645372, -13.759591099949262 ], [ -172.297270300384042, -13.759567699589638 ], [ -172.296924400440702, -13.759600800036822 ], [ -172.296834499712361, -13.759566400069275 ], [ -172.296766099975514, -13.759477799760589 ], [ -172.296746000127769, -13.759376199751784 ], [ -172.296703099768223, -13.759285000402429 ], [ -172.296586900165295, -13.759158499964769 ], [ -172.296417899566393, -13.759004800431171 ], [ -172.296409800272045, -13.758801600413506 ], [ -172.296323999552897, -13.758767800293697 ], [ -172.296289099562273, -13.758640100160449 ], [ -172.296170700217601, -13.758656400372558 ], [ -172.296125500291566, -13.758608800155969 ], [ -172.296015499715509, -13.758590599676381 ], [ -172.295830000154353, -13.758605600368128 ], [ -172.295760700196126, -13.758507200147108 ], [ -172.295615900353482, -13.758423900442608 ], [ -172.295481299722184, -13.75842319987072 ], [ -172.295406200036069, -13.758589999828587 ], [ -172.295200200428866, -13.758640100160449 ], [ -172.294974799747195, -13.758674000104975 ], [ -172.294789300186039, -13.758688900072627 ], [ -172.29481390024128, -13.758778200053825 ], [ -172.294960999650385, -13.758855700030495 ], [ -172.294944899987115, -13.75900159974401 ], [ -172.294864899895174, -13.759041300315687 ], [ -172.294795099913898, -13.759090799900434 ], [ -172.294649899872951, -13.759262100065826 ], [ -172.294655199577761, -13.75944970044327 ], [ -172.294783999581881, -13.759699800105636 ], [ -172.294499699601431, -13.759892600363173 ], [ -172.294392399689457, -13.76014270002554 ], [ -172.294151000068581, -13.760184399790148 ], [ -172.293891200318626, -13.760164200117686 ], [ -172.293735700342268, -13.760286599646804 ], [ -172.293560900015507, -13.760356299803334 ], [ -172.292997599759389, -13.760101000260931 ], [ -172.292702599645224, -13.759699800105636 ], [ -172.292707900249383, -13.759460100203398 ], [ -172.292619100291205, -13.759091799946589 ], [ -172.292295400112607, -13.758937499665819 ], [ -172.291898499616025, -13.758838499597005 ], [ -172.291657099995149, -13.758588399934638 ], [ -172.2913567003514, -13.758447700101215 ], [ -172.291340599788811, -13.758609300178989 ], [ -172.291184999987735, -13.758619699939175 ], [ -172.291083099605345, -13.758479000105751 ], [ -172.290954299601225, -13.758494599745916 ], [ -172.290822799832313, -13.758674000104975 ], [ -172.290865700191887, -13.758713000104819 ], [ -172.290863000427095, -13.758775600113836 ], [ -172.290766499574261, -13.758892799762862 ], [ -172.290693999828193, -13.758918899887249 ], [ -172.290605600068375, -13.758921900025598 ], [ -172.290549199985577, -13.758882400002733 ], [ -172.290509000290115, -13.758830299578619 ], [ -172.290474100299463, -13.758767800293697 ], [ -172.290361399958613, -13.758715600044866 ], [ -172.290240899797652, -13.758729099768118 ], [ -172.289816999854622, -13.758731300409124 ], [ -172.289696300044199, -13.758697399565278 ], [ -172.289613100164416, -13.758624499620907 ], [ -172.289441600349562, -13.758682200123417 ], [ -172.289382600326718, -13.758817700076747 ], [ -172.289288599589185, -13.758864099698371 ], [ -172.289224200036784, -13.758918899887249 ], [ -172.28922959956634, -13.758984000011537 ], [ -172.289253800322598, -13.759062599859078 ], [ -172.289264399732247, -13.7591324996651 ], [ -172.289302000386982, -13.759208000448837 ], [ -172.289355599980922, -13.759356500102342 ], [ -172.289285899824392, -13.759460700051193 ], [ -172.289184100166068, -13.759557600203038 ], [ -172.289141199806494, -13.759557600203038 ], [ -172.288969500342148, -13.759755600340611 ], [ -172.288878200268698, -13.759828100086679 ], [ -172.288722599568302, -13.759799400022246 ], [ -172.28869850043543, -13.759848899606993 ], [ -172.288672699785252, -13.75996100010002 ], [ -172.288793799794007, -13.76007299986901 ], [ -172.288915700199368, -13.760140699933288 ], [ -172.289026799746978, -13.760117799596742 ], [ -172.289277799630725, -13.760211999983767 ], [ -172.289406599634844, -13.760221500421835 ], [ -172.289486999925089, -13.760299600246299 ], [ -172.289532799698918, -13.760604900295846 ], [ -172.289618600418038, -13.76078720006916 ], [ -172.289744500108554, -13.760784199930811 ], [ -172.289860000038942, -13.760854999958212 ], [ -172.289849100255736, -13.761016100012966 ], [ -172.289790100232921, -13.761130699721946 ], [ -172.289843799651607, -13.761175000325977 ], [ -172.289945799858742, -13.761167599804821 ], [ -172.290031700402636, -13.761282200413177 ], [ -172.289945799858742, -13.761469799891302 ], [ -172.289741999993282, -13.761568799960116 ], [ -172.289720499901136, -13.76181369974239 ], [ -172.289602499855448, -13.761975199995447 ], [ -172.289656100348736, -13.762074200064262 ], [ -172.289637300021354, -13.762138899990191 ], [ -172.289505900077188, -13.762199300257464 ], [ -172.28934920040524, -13.762149199925602 ], [ -172.289178699737164, -13.762261800441706 ], [ -172.289414699828512, -13.762355599731109 ], [ -172.289610299675559, -13.762527100445311 ], [ -172.289482100418581, -13.762999900125237 ], [ -172.28938349964875, -13.763394299607171 ], [ -172.289195300322831, -13.76363629997519 ], [ -172.289058900148092, -13.764102500429999 ], [ -172.288970700037737, -13.764209999991465 ], [ -172.288823200430329, -13.764301200240141 ], [ -172.288689099822079, -13.764288199640646 ], [ -172.288589800279027, -13.764212699756229 ], [ -172.288453099730731, -13.764319499645126 ], [ -172.288262599939003, -13.764230900235816 ], [ -172.288211700109855, -13.76414229992713 ], [ -172.288092700018069, -13.764048700287219 ], [ -172.288061499838307, -13.763795800135995 ], [ -172.288039999746161, -13.763662999947428 ], [ -172.287938100263091, -13.763707199827365 ], [ -172.287796799682525, -13.763672200011968 ], [ -172.287803999654841, -13.763743699711938 ], [ -172.287871000046579, -13.763821900260439 ], [ -172.287892500138753, -13.76399900015366 ], [ -172.287811500000686, -13.76406820028717 ], [ -172.287608700181352, -13.764099899590633 ], [ -172.287443900315708, -13.764023899683195 ], [ -172.287383599873209, -13.763903400421555 ], [ -172.287298100426966, -13.763938300412178 ], [ -172.287248699767645, -13.763972999853991 ], [ -172.287224599735453, -13.764038099978279 ], [ -172.287123800123254, -13.764065100324046 ], [ -172.286863899649234, -13.764125300042508 ], [ -172.286711700184782, -13.764157000245291 ], [ -172.286616700300442, -13.764223499714717 ], [ -172.286517999705893, -13.7643095000833 ], [ -172.286378499568087, -13.764408500152115 ], [ -172.286169300173043, -13.764549199985538 ], [ -172.286298000352417, -13.764606500289688 ], [ -172.286324800149373, -13.764741900418301 ], [ -172.286244399859129, -13.764825299947574 ], [ -172.286142399651993, -13.764882600251781 ], [ -172.286142399651993, -13.765012900325019 ], [ -172.286110300150199, -13.765158800038535 ], [ -172.285943199818803, -13.765416900069852 ], [ -172.285843699726939, -13.765619400414948 ], [ -172.285874200234133, -13.765825700395737 ], [ -172.285997599809349, -13.766018499753898 ], [ -172.285933200256949, -13.766221699771563 ], [ -172.285858099671543, -13.766424899789229 ], [ -172.285756200188473, -13.766586400042286 ], [ -172.285745500054759, -13.766784400179858 ], [ -172.285866100040465, -13.766874399833625 ], [ -172.286076800403976, -13.767040299570112 ], [ -172.286103700025706, -13.76724639990141 ], [ -172.285825900345003, -13.767644099895222 ], [ -172.285664999939769, -13.767888999677552 ], [ -172.285546999894109, -13.768274500367852 ], [ -172.285471900207995, -13.768587200039178 ], [ -172.285375300429735, -13.768868499881307 ], [ -172.285455799645405, -13.768863300001271 ], [ -172.285514799668249, -13.76890499976588 ], [ -172.285396799622589, -13.769342599980973 ], [ -172.285403399747082, -13.769540199920243 ], [ -172.28543290020815, -13.769717299813465 ], [ -172.28551870002795, -13.769769400237578 ], [ -172.285627500009099, -13.769806400145228 ], [ -172.285964699910949, -13.770316699755824 ], [ -172.286428000052126, -13.770761199569677 ], [ -172.286771499704912, -13.770764900279858 ], [ -172.286905999612173, -13.770854599560096 ], [ -172.28710320025246, -13.770693200031133 ], [ -172.287499599826646, -13.770587900211353 ], [ -172.287617699697051, -13.770520200147075 ], [ -172.287830499977559, -13.770584900073061 ], [ -172.287998499631016, -13.770681700400132 ], [ -172.28800390005992, -13.77080669986924 ], [ -172.28805749965386, -13.771098500195592 ], [ -172.28803610028578, -13.771400700282072 ], [ -172.287918999562152, -13.771679300359381 ], [ -172.287721699996439, -13.772046800219584 ], [ -172.287640199835323, -13.77230380038003 ], [ -172.28710320025246, -13.772665399788309 ], [ -172.286816300331964, -13.772665399788309 ], [ -172.28675359959891, -13.772817699976827 ], [ -172.286463599715319, -13.773008000119091 ], [ -172.286114199610608, -13.773071399625337 ], [ -172.285781599741, -13.7730193001006 ], [ -172.285360500286828, -13.773152200113884 ], [ -172.285140500034032, -13.773219900178219 ], [ -172.28497150033445, -13.773321500187024 ], [ -172.284483399589192, -13.773576799729483 ], [ -172.284209799742428, -13.773951899760334 ], [ -172.284329600230848, -13.774046799819928 ], [ -172.284386899635678, -13.774307499791234 ], [ -172.284259400051241, -13.775220899824603 ], [ -172.283492399754408, -13.776451800110465 ], [ -172.283310000156348, -13.777368800129977 ], [ -172.28288260005192, -13.778342600430619 ], [ -172.281707400176344, -13.778856300377925 ], [ -172.281278199629185, -13.779544000255385 ], [ -172.28085440041022, -13.779596099780122 ], [ -172.28073640036456, -13.779903499746695 ], [ -172.280108800380816, -13.779794099917751 ], [ -172.279652800036672, -13.779929500046364 ], [ -172.279314799738188, -13.780127500183937 ], [ -172.278864199822948, -13.780471400035026 ], [ -172.278617499597914, -13.780867299586134 ], [ -172.278123900397645, -13.781263299861337 ], [ -172.277871799743735, -13.781648799652316 ], [ -172.277641100256545, -13.781945799858704 ], [ -172.277549900007841, -13.782164600415911 ], [ -172.277555300436745, -13.782430299718499 ], [ -172.277523100210885, -13.782544900326855 ], [ -172.277415800298911, -13.78244590025804 ], [ -172.277281699690661, -13.782482400142612 ], [ -172.277136899848017, -13.782794999989221 ], [ -172.276890099798237, -13.78340979992231 ], [ -172.276761399618863, -13.783784899953105 ], [ -172.276546799794943, -13.783961999846383 ], [ -172.276273199948179, -13.784045400274977 ], [ -172.275624099872289, -13.785165499588118 ], [ -172.275409500048369, -13.785509400338526 ], [ -172.27527009973528, -13.785941799774207 ], [ -172.274814700138279, -13.786491100284024 ], [ -172.27442780010287, -13.786994199922333 ], [ -172.274154300080852, -13.787259900124241 ], [ -172.273880700234088, -13.787499600026479 ], [ -172.273843099579352, -13.788010100185943 ], [ -172.273247699821468, -13.788755100367553 ], [ -172.272711200261654, -13.789099000218641 ], [ -172.272485400280971, -13.789489199866637 ], [ -172.272035300388779, -13.790714000051025 ], [ -172.27194949966966, -13.790906800308562 ], [ -172.271772499601155, -13.791052600197304 ], [ -172.271783199734841, -13.791188100150634 ], [ -172.271911899914215, -13.791344399624279 ], [ -172.271751000408301, -13.791448599573187 ], [ -172.271815399960701, -13.791563200181486 ], [ -172.27193340000639, -13.791646599710759 ], [ -172.271863699849831, -13.791740300074764 ], [ -172.271976300365935, -13.791875800028095 ], [ -172.272121100208579, -13.791948699972465 ], [ -172.272400200308965, -13.792369900150732 ], [ -172.272319600369229, -13.792568699785647 ], [ -172.27234649999096, -13.79282400022737 ], [ -172.27213719987185, -13.792928200176277 ], [ -172.27200310016292, -13.793110499949591 ], [ -172.272024600255065, -13.793589799929293 ], [ -172.27190119978053, -13.793949300319923 ], [ -172.271684199666055, -13.79432340030462 ], [ -172.271445200335705, -13.794423299695495 ], [ -172.271160900355227, -13.794678600137217 ], [ -172.271042900309567, -13.794600500312811 ], [ -172.270924900263907, -13.794548399888697 ], [ -172.270817600351961, -13.794761999666491 ], [ -172.270774699992387, -13.795027699868399 ], [ -172.270656699946727, -13.794996399863919 ], [ -172.270597699923883, -13.794902599675197 ], [ -172.270393800233677, -13.794949500219218 ], [ -172.270275800187989, -13.79512660011244 ], [ -172.270206000206713, -13.795204799761677 ], [ -172.270265100054303, -13.795272499825955 ], [ -172.270173899805599, -13.795392300314347 ], [ -172.270082699556923, -13.795319400369976 ], [ -172.269959299981679, -13.795329800130105 ], [ -172.269830499977559, -13.795590299552657 ], [ -172.269744700157759, -13.795569500032343 ], [ -172.269524799729709, -13.795767400345198 ], [ -172.26935849979489, -13.795694500400828 ], [ -172.269218999657085, -13.795793499570323 ], [ -172.269235100219674, -13.795934099578972 ], [ -172.269299499772075, -13.796262399789896 ], [ -172.2691921998601, -13.7962467003249 ], [ -172.26911169974511, -13.796126899836509 ], [ -172.26891319958446, -13.796158199840988 ], [ -172.268666199885189, -13.796227399974498 ], [ -172.267936900067866, -13.796825000373417 ], [ -172.26770270041925, -13.796569699931638 ], [ -172.267436500194293, -13.796658400065041 ], [ -172.26725900010274, -13.797102100381608 ], [ -172.266992700053038, -13.797165499887853 ], [ -172.266764599606546, -13.796911999888835 ], [ -172.266494900119511, -13.797501000071065 ], [ -172.266092600093401, -13.797596499978454 ], [ -172.265661600002801, -13.797444400338748 ], [ -172.26525450029493, -13.797936000346112 ], [ -172.265178500387464, -13.797767300120768 ], [ -172.264925000388416, -13.797830599802296 ], [ -172.264823600029104, -13.797741899668893 ], [ -172.264671399665332, -13.797754599894802 ], [ -172.26443059989225, -13.798046199672342 ], [ -172.26393609957131, -13.79767850016259 ], [ -172.263830937347848, -13.797673231934084 ], [ -172.263682599572292, -13.797665799936681 ], [ -172.263630937118023, -13.797820719850279 ], [ -172.26360649984008, -13.797894000207918 ], [ -172.263226199929164, -13.798160300257621 ], [ -172.26308209975906, -13.798247199948264 ], [ -172.26296940031753, -13.798111799819651 ], [ -172.26293190038686, -13.797908599801985 ], [ -172.262609999751646, -13.798017999630929 ], [ -172.262588600383566, -13.798304500252414 ], [ -172.262338800195437, -13.798261699717614 ], [ -172.26233639990491, -13.798153399759542 ], [ -172.262111099947276, -13.798231600308043 ], [ -172.261781000192968, -13.798058800073534 ], [ -172.261514799968012, -13.798096899851998 ], [ -172.261376200051558, -13.797960700226099 ], [ -172.261362599604269, -13.797805300074515 ], [ -172.261350799599683, -13.79760739976166 ], [ -172.26124849991831, -13.797564399577311 ], [ -172.261150900093924, -13.797325099873433 ], [ -172.260984600159134, -13.797262599689191 ], [ -172.260639999736185, -13.797209400293525 ], [ -172.260449800318014, -13.797463000117318 ], [ -172.259816000408051, -13.797488399669874 ], [ -172.259537099957157, -13.797577099803277 ], [ -172.259337699575156, -13.797491800006526 ], [ -172.259466499579275, -13.79737720029749 ], [ -172.259262599889041, -13.797132400339933 ], [ -172.258785200176817, -13.797314700113247 ], [ -172.258570600352897, -13.797090699676005 ], [ -172.258393600284393, -13.79702299961167 ], [ -172.258269299588477, -13.796829100382638 ], [ -172.258193299681011, -13.796664299617703 ], [ -172.257952400083184, -13.796689700069578 ], [ -172.257348900131603, -13.796287400043411 ], [ -172.257331199675093, -13.795776899884004 ], [ -172.257079799593043, -13.795587699612611 ], [ -172.256900199584521, -13.79563739974617 ], [ -172.256760700346007, -13.79539659997306 ], [ -172.256570599853262, -13.795561399838675 ], [ -172.256305000375448, -13.79568340006881 ], [ -172.255923999892644, -13.795447300152716 ], [ -172.255382099903954, -13.794968000173014 ], [ -172.253282399662993, -13.795178800361327 ], [ -172.251310199905788, -13.795866100040428 ], [ -172.25091869983811, -13.796865999566194 ], [ -172.25078439958034, -13.797058799823731 ], [ -172.250657700392537, -13.7973825000023 ], [ -172.250359499591212, -13.797485799729827 ], [ -172.25020730012676, -13.797726700226974 ], [ -172.250124899744293, -13.797701299775099 ], [ -172.25009320044083, -13.797866099640714 ], [ -172.249864500146543, -13.797835799682389 ], [ -172.249607400161352, -13.798160800280641 ], [ -172.24798890016757, -13.798975399894744 ], [ -172.247588600233684, -13.799494799745162 ], [ -172.247073000018901, -13.799967899798673 ], [ -172.2464275997539, -13.800537099607425 ], [ -172.246003900359682, -13.801954200026273 ], [ -172.245281299592278, -13.802676799894357 ], [ -172.244911500165585, -13.803192800307443 ], [ -172.244241700394127, -13.803602199581803 ], [ -172.243481700420119, -13.803698099687495 ], [ -172.243012900025292, -13.803678700411638 ], [ -172.242714999597524, -13.803501200320113 ], [ -172.242594500335883, -13.8034505001404 ], [ -172.242467800248761, -13.803469500117274 ], [ -172.242352900166196, -13.80334239983182 ], [ -172.242150800019374, -13.803456899716082 ], [ -172.242049399660033, -13.803374500232962 ], [ -172.241903800320102, -13.803270400108829 ], [ -172.241948000200011, -13.803139900386043 ], [ -172.241878300043481, -13.803013099574855 ], [ -172.241707099702865, -13.802981500096109 ], [ -172.241662700173435, -13.802822999981402 ], [ -172.241504299883502, -13.80267720009266 ], [ -172.241326799791949, -13.80267720009266 ], [ -172.241231700082864, -13.802525099553634 ], [ -172.241035200014437, -13.802480700024262 ], [ -172.24095279963197, -13.802322199909554 ], [ -172.240819699969137, -13.802290499706771 ], [ -172.240743600236925, -13.802125699841156 ], [ -172.240623199900739, -13.802030600132071 ], [ -172.240667600329459, -13.801745399930212 ], [ -172.240502799564524, -13.801510899908067 ], [ -172.240299899920416, -13.801561600087723 ], [ -172.239955300396758, -13.801746499801084 ], [ -172.239995699741712, -13.80142850042489 ], [ -172.239938599986374, -13.801301699613703 ], [ -172.239716800190138, -13.801567899838687 ], [ -172.239450500140435, -13.801713699727429 ], [ -172.239330099804249, -13.801409500448017 ], [ -172.239101900432331, -13.801187599927744 ], [ -172.238924400340778, -13.801060800015875 ], [ -172.238759599575843, -13.801187599927744 ], [ -172.238715200046414, -13.801415800198981 ], [ -172.238607499936137, -13.801574300313689 ], [ -172.23834129971118, -13.801295399862795 ], [ -172.238182799596501, -13.801251000333366 ], [ -172.23786590009118, -13.801111500195532 ], [ -172.237529899884947, -13.801086199568431 ], [ -172.237257300084309, -13.801111500195532 ], [ -172.237041800039009, -13.801219300130526 ], [ -172.236937500265384, -13.801501099995733 ], [ -172.23678830003999, -13.801555199612721 ], [ -172.236585400395882, -13.801491899931193 ], [ -172.236598099722499, -13.801808800335834 ], [ -172.236344700447546, -13.801991600132169 ], [ -172.236014999992221, -13.801834100063616 ], [ -172.23586920010348, -13.801834100063616 ], [ -172.235805799697857, -13.801941899998667 ], [ -172.235736100440647, -13.802062300334853 ], [ -172.235678999785989, -13.802049699933661 ], [ -172.235322999556757, -13.802170499568831 ], [ -172.235095800230965, -13.802328600384556 ], [ -172.234893000411603, -13.802525099553634 ], [ -172.234659600260329, -13.802705999981868 ], [ -172.234231999607061, -13.802766500073858 ], [ -172.233954899598899, -13.802620100337322 ], [ -172.233777400406666, -13.802480700024262 ], [ -172.233504799706708, -13.802639200138913 ], [ -172.233257600357945, -13.802664499866751 ], [ -172.232920899579824, -13.802612599991448 ], [ -172.232750499635813, -13.802715200046407 ], [ -172.232668100152665, -13.802873700161115 ], [ -172.232528699839605, -13.802949799893327 ], [ -172.23247799965992, -13.803044799777638 ], [ -172.232260799895982, -13.803037400155858 ], [ -172.232161000329882, -13.803057500003604 ], [ -172.232199100108346, -13.803279399624557 ], [ -172.232046899744603, -13.803197000141381 ], [ -172.231932800058644, -13.803032200275766 ], [ -172.231894800104925, -13.802829299732366 ], [ -172.231703300267071, -13.802719600429157 ], [ -172.231520799944946, -13.802670900341752 ], [ -172.231387700282113, -13.802715200046407 ], [ -172.231292599673708, -13.802791299778619 ], [ -172.231197499964622, -13.802632799663911 ], [ -172.231102500080283, -13.802626499913003 ], [ -172.230931299739666, -13.802651799640785 ], [ -172.230760200123115, -13.802778599552653 ], [ -172.230595400257499, -13.802804000004528 ], [ -172.230500299649094, -13.802759599575836 ], [ -172.230386199963135, -13.802829299732366 ], [ -172.230329100207769, -13.802765900226063 ], [ -172.230229299742376, -13.802964600036205 ], [ -172.230170699917835, -13.802664499866751 ], [ -172.229999499577218, -13.80260749993613 ], [ -172.229758699804137, -13.802626499913003 ], [ -172.229581199712555, -13.802740599598962 ], [ -172.229524099957217, -13.802556799756474 ], [ -172.229353000340666, -13.802480700024262 ], [ -172.229245200405643, -13.802563100406701 ], [ -172.229131099820364, -13.802727900272316 ], [ -172.229074099889772, -13.802620100337322 ], [ -172.229010700383498, -13.802518699977952 ], [ -172.228871200245663, -13.802575799733347 ], [ -172.228446499906028, -13.802417299618639 ], [ -172.228091600446987, -13.802353900112337 ], [ -172.227914100355406, -13.802379299664892 ], [ -172.227635199904512, -13.80230319993268 ], [ -172.227457699812959, -13.802328600384556 ], [ -172.227406999633303, -13.802062300334853 ], [ -172.22729919969828, -13.80190390004492 ], [ -172.227102699629853, -13.802005300404232 ], [ -172.22685550028109, -13.801998999754005 ], [ -172.226830199653961, -13.802119400090191 ], [ -172.22657030007926, -13.802119400090191 ], [ -172.226399099738643, -13.802024300381106 ], [ -172.226278700301748, -13.802036999707752 ], [ -172.226247000098937, -13.801967299551166 ], [ -172.226164599716469, -13.801897499569918 ], [ -172.22600609960179, -13.801922900021793 ], [ -172.226025200302729, -13.801840499639297 ], [ -172.225923700118642, -13.801739100179304 ], [ -172.226012500076791, -13.801720100202431 ], [ -172.225999799850854, -13.801574300313689 ], [ -172.225866399814464, -13.801511399931144 ], [ -172.225758900253027, -13.801612300267379 ], [ -172.225676499870559, -13.801567899838687 ], [ -172.225714599649024, -13.801327100065578 ], [ -172.225619499939938, -13.801263699659955 ], [ -172.225568799760282, -13.801213000379619 ], [ -172.225638499916812, -13.801105200444624 ], [ -172.225575100410538, -13.800984800108381 ], [ -172.225479999802133, -13.80096570030679 ], [ -172.225410299645574, -13.800984800108381 ], [ -172.225397600318985, -13.800870700422422 ], [ -172.225454700074323, -13.800705899657487 ], [ -172.22532160041149, -13.800528399565962 ], [ -172.225169400047747, -13.800547400442156 ], [ -172.225131400094, -13.800369900350574 ], [ -172.225004600182132, -13.800306499944952 ], [ -172.22475739993402, -13.800306499944952 ], [ -172.224668699800617, -13.80026210041558 ], [ -172.224801800362769, -13.800128999853428 ], [ -172.224884199845917, -13.79995159958662 ], [ -172.224751100183113, -13.799926200034065 ], [ -172.224560899865622, -13.800071999922807 ], [ -172.224370800272197, -13.800059299696898 ], [ -172.224383399774041, -13.799945200010939 ], [ -172.224256699686919, -13.799793100371232 ], [ -172.224129899775022, -13.799818400099014 ], [ -172.224022099839999, -13.799742400191576 ], [ -172.224034800065937, -13.799571199850959 ], [ -172.22414260000096, -13.799520499671303 ], [ -172.224155200402151, -13.799450800414036 ], [ -172.224022099839999, -13.799438100188127 ], [ -172.224003099863154, -13.799355699805631 ], [ -172.224098199572239, -13.799279600073419 ], [ -172.22412350019934, -13.799102199806612 ], [ -172.223895299928131, -13.799121199783485 ], [ -172.22372420031158, -13.799038800300366 ], [ -172.223558299675773, -13.798794199992301 ], [ -172.223477000063468, -13.798728199646632 ], [ -172.223432599634748, -13.798620399711638 ], [ -172.223483299814404, -13.798500000274771 ], [ -172.223464299837531, -13.798385899689492 ], [ -172.223290600280961, -13.798307700040255 ], [ -172.223160099658855, -13.79832250018319 ], [ -172.223020600420341, -13.798221099823877 ], [ -172.222902899848918, -13.79828500025252 ], [ -172.222760699946321, -13.798094299911952 ], [ -172.222557900126958, -13.797961200249119 ], [ -172.222486100053459, -13.797713099779685 ], [ -172.222418399989152, -13.797511100356928 ], [ -172.22225999969919, -13.797346299591993 ], [ -172.222240899897571, -13.797143499772631 ], [ -172.222063499630764, -13.7968139000414 ], [ -172.221949399944833, -13.796344800172335 ], [ -172.221740199650469, -13.795926500307701 ], [ -172.221727500323851, -13.795672899584588 ], [ -172.221607099987637, -13.79573629999021 ], [ -172.221579999817124, -13.795401600203661 ], [ -172.221497600333947, -13.79530090041618 ], [ -172.221322299984138, -13.795272499825955 ], [ -172.2212781001042, -13.795204100089109 ], [ -172.221314400339281, -13.795045099951381 ], [ -172.221098400270932, -13.794922400048677 ], [ -172.221044799777673, -13.794709900141754 ], [ -172.221006799823925, -13.794507700170186 ], [ -172.220801400064545, -13.794160599631937 ], [ -172.220695700046491, -13.79401860027815 ], [ -172.220528099692018, -13.79394089975267 ], [ -172.220462399719935, -13.793991000084532 ], [ -172.220353599738814, -13.793958200010877 ], [ -172.22032770016321, -13.793807800089837 ], [ -172.220246399651586, -13.793723100140937 ], [ -172.219966500053914, -13.793633300136662 ], [ -172.219811000077556, -13.793522699712753 ], [ -172.21975569986563, -13.793387900331311 ], [ -172.219684800013482, -13.793315299861149 ], [ -172.222917369940632, -13.788914904499222 ], [ -172.237574849799444, -13.769308146054072 ], [ -172.254135897653526, -13.745323178521801 ], [ -172.269554805609772, -13.740373899935491 ], [ -172.276978723489265, -13.728381416169384 ], [ -172.288780850455851, -13.710107156220261 ], [ -172.301344404620551, -13.690690753675312 ], [ -172.315050099582407, -13.668799712736529 ], [ -172.338273639916508, -13.63282226323679 ] ] ], [ [ [ -172.415939246498993, -13.624636916360544 ], [ -172.429478379823337, -13.623827899737762 ], [ -172.445278000479306, -13.623637542938184 ], [ -172.460696907536231, -13.62306647253962 ], [ -172.47097617920727, -13.617926836254469 ], [ -172.500100782125372, -13.61811719305399 ], [ -172.510998713619699, -13.617022641681501 ], [ -172.518137096749598, -13.619521075237401 ], [ -172.526703156325567, -13.62023491391011 ], [ -172.538481488130145, -13.616665722345147 ], [ -172.54597679059637, -13.618807237464011 ], [ -172.55953971818343, -13.615951883672437 ], [ -172.562751990412011, -13.616665722345147 ], [ -172.569176534869172, -13.616665722345147 ], [ -172.583096381792558, -13.637367033062105 ], [ -172.597016228715944, -13.658782181552397 ], [ -172.610222237865969, -13.678412735159554 ], [ -172.621540099695807, -13.694388700278239 ], [ -172.621288999987343, -13.694648900226525 ], [ -172.621410199820843, -13.69521810003522 ], [ -172.621253099950565, -13.695366499864008 ], [ -172.621100600112584, -13.6951421999525 ], [ -172.620625099768517, -13.695160199883276 ], [ -172.620140699733469, -13.695456200043566 ], [ -172.619690400191786, -13.695881100032693 ], [ -172.61937819964416, -13.695770200134575 ], [ -172.619152600212317, -13.695802199811624 ], [ -172.618991599982337, -13.695989800189068 ], [ -172.618848999881408, -13.696084100400867 ], [ -172.618337600399911, -13.695958600009362 ], [ -172.618212000183632, -13.696191799611825 ], [ -172.617984299935472, -13.696327599938741 ], [ -172.61771869955831, -13.696200800026872 ], [ -172.617264300007406, -13.696198299911543 ], [ -172.61700129957029, -13.696286800395455 ], [ -172.616987000349752, -13.696622699877651 ], [ -172.616812600221294, -13.696792800347396 ], [ -172.616669099899013, -13.696604399573346 ], [ -172.616471699609235, -13.696487799772115 ], [ -172.616324500375356, -13.696694099752847 ], [ -172.616041200441032, -13.697219800253549 ], [ -172.615676400345563, -13.696948800346831 ], [ -172.615300900116409, -13.696782000388964 ], [ -172.614345999967895, -13.697136399824956 ], [ -172.613884699918941, -13.697334499787303 ], [ -172.613820300366541, -13.697709699642871 ], [ -172.613305299999581, -13.697740999647351 ], [ -172.613101500134093, -13.69786609984061 ], [ -172.613133700359953, -13.698241299696178 ], [ -172.613219500179753, -13.698616600275841 ], [ -172.613004900355833, -13.699168999849405 ], [ -172.612683100444713, -13.698960599951704 ], [ -172.612425600261219, -13.69862700003597 ], [ -172.612157399944039, -13.69859570003149 ], [ -172.61191059989423, -13.698762499989357 ], [ -172.61151359957293, -13.698720800224692 ], [ -172.61118099970335, -13.699044000380241 ], [ -172.610709000420002, -13.699200299853885 ], [ -172.609689699819768, -13.700305199725165 ], [ -172.609026400348057, -13.701069600081951 ], [ -172.608739500427589, -13.701460000278757 ], [ -172.608018000430349, -13.702228700294256 ], [ -172.607350199851822, -13.703130400147813 ], [ -172.607296500433108, -13.703419599634742 ], [ -172.607320700290046, -13.703729700265399 ], [ -172.607500400123342, -13.704071100001215 ], [ -172.607682699896657, -13.70448019980131 ], [ -172.607806100371221, -13.704920599605941 ], [ -172.608004599632551, -13.705183799692577 ], [ -172.607827599564047, -13.705196800292072 ], [ -172.607626399638605, -13.705084699798988 ], [ -172.607393100211368, -13.705157699568133 ], [ -172.607157000295302, -13.705076899978906 ], [ -172.606955900194606, -13.704949199845657 ], [ -172.606631299794628, -13.704855399656935 ], [ -172.606357699947864, -13.704671699639164 ], [ -172.606172700409758, -13.704790300431966 ], [ -172.60615929961196, -13.705024799554792 ], [ -172.60596080035063, -13.704847599836796 ], [ -172.605813299843874, -13.704863300201112 ], [ -172.60567650037018, -13.704942700445201 ], [ -172.605172200136906, -13.705390900069915 ], [ -172.604523100060987, -13.706047600316481 ], [ -172.603654099557019, -13.706667799779098 ], [ -172.603326800291569, -13.706975299570388 ], [ -172.602811899749355, -13.706902299801243 ], [ -172.602554399565861, -13.706933599805723 ], [ -172.602259299626951, -13.706990900109929 ], [ -172.601964300412106, -13.707194199952312 ], [ -172.601980400075377, -13.707475599619158 ], [ -172.601438599911432, -13.70777269965032 ], [ -172.601095200083392, -13.708189600169874 ], [ -172.600462199670744, -13.708596100029922 ], [ -172.598815499635577, -13.710667600229499 ], [ -172.598619799963757, -13.711062399909792 ], [ -172.597120100412269, -13.713087399763651 ], [ -172.596894300431586, -13.71332110028851 ], [ -172.597253799922896, -13.713511299706681 ], [ -172.597548700212315, -13.713839699742323 ], [ -172.597629200327304, -13.713954300350622 ], [ -172.597712300382341, -13.713998600055277 ], [ -172.597613099764715, -13.714152299588932 ], [ -172.597449499594717, -13.714108099708994 ], [ -172.59732340025468, -13.714040299819942 ], [ -172.597084700398568, -13.713990800235194 ], [ -172.596741400395274, -13.713878699742168 ], [ -172.596532200100938, -13.714131500068618 ], [ -172.596336399705052, -13.71444679967999 ], [ -172.596194199802454, -13.714863700199544 ], [ -172.59611910011634, -13.715353599588923 ], [ -172.596446299557044, -13.715486499602207 ], [ -172.596336399705052, -13.715874700057327 ], [ -172.596387300433548, -13.716059699595405 ], [ -172.596219000406506, -13.716351800295286 ], [ -172.595858900168082, -13.716518399704341 ], [ -172.595625599841526, -13.717164600365948 ], [ -172.595397600119128, -13.717599699566449 ], [ -172.5952714998798, -13.717659699635362 ], [ -172.595228600419546, -13.717805600248198 ], [ -172.595204500387354, -13.718006200325817 ], [ -172.595131999741966, -13.718162599624236 ], [ -172.595148100304556, -13.718308500237072 ], [ -172.594785800324388, -13.718679500258702 ], [ -172.594729699715856, -13.718785300101445 ], [ -172.594737799909524, -13.718991199883931 ], [ -172.594560700016274, -13.719126699837261 ], [ -172.594252300003603, -13.7191344996574 ], [ -172.594075299935128, -13.719194399901596 ], [ -172.594273700271032, -13.719262199790649 ], [ -172.594466899827552, -13.719387200159133 ], [ -172.594625099568674, -13.719650400245712 ], [ -172.59474850004321, -13.71964260042563 ], [ -172.594871899618454, -13.719749400314527 ], [ -172.595006000226704, -13.719744200434434 ], [ -172.59582240028351, -13.720932700383742 ], [ -172.596220999599439, -13.721896500223238 ], [ -172.596061699987445, -13.722854699984396 ], [ -172.595794600440428, -13.723869000354057 ], [ -172.596078900420878, -13.724753599598898 ], [ -172.596084200125716, -13.725278600427032 ], [ -172.595878199619193, -13.72584909975609 ], [ -172.595546699620456, -13.72811070044844 ], [ -172.596444699663124, -13.73509669975283 ], [ -172.596015099816981, -13.736388899627968 ], [ -172.596127700333085, -13.736560799641154 ], [ -172.596353000290691, -13.736607700185175 ], [ -172.596240399774615, -13.73689949961215 ], [ -172.596642699800725, -13.737009000165187 ], [ -172.596669499597709, -13.737191299938502 ], [ -172.596513999621351, -13.737191299938502 ], [ -172.596251099908301, -13.737066299570017 ], [ -172.596117000199371, -13.737222599942982 ], [ -172.596138399567451, -13.737556100033942 ], [ -172.595950700264581, -13.737691599987329 ], [ -172.595870200149591, -13.737998999953845 ], [ -172.595500100349312, -13.73807199972299 ], [ -172.595660999855227, -13.738499300002672 ], [ -172.595950700264581, -13.738728600144725 ], [ -172.595827299790017, -13.739015199691664 ], [ -172.595575200035427, -13.739181899824757 ], [ -172.595478600257167, -13.739541500040161 ], [ -172.595360600211507, -13.739703000293161 ], [ -172.595022599913023, -13.739692599633713 ], [ -172.595205000410402, -13.740005200379642 ], [ -172.594834899710833, -13.739994799720193 ], [ -172.594818800047562, -13.740098999669044 ], [ -172.594577400426658, -13.740078200148787 ], [ -172.594496900311668, -13.740422099999876 ], [ -172.594303799680574, -13.740375200355174 ], [ -172.594212600331218, -13.740443000244227 ], [ -172.59394440001401, -13.740625300017541 ], [ -172.59369230025942, -13.740547200193078 ], [ -172.59355819965117, -13.740651400141985 ], [ -172.59372449958596, -13.740864999919779 ], [ -172.593300700366996, -13.741036999757682 ], [ -172.59337580005311, -13.741396599973086 ], [ -172.593027099620912, -13.741474699797493 ], [ -172.592651600291106, -13.741516399562158 ], [ -172.592576499705672, -13.741808199888453 ], [ -172.591761099694963, -13.741818599648582 ], [ -172.591299699821263, -13.742073999915135 ], [ -172.591010100135975, -13.742501300194817 ], [ -172.591036899932959, -13.743105700367721 ], [ -172.590586300017691, -13.743340200389866 ], [ -172.590607700285119, -13.743611200296584 ], [ -172.590473599676869, -13.743876899599172 ], [ -172.590098100347035, -13.7439811004474 ], [ -172.589727999647437, -13.743845700318786 ], [ -172.589824499600951, -13.744064499976673 ], [ -172.589663600095037, -13.744205199810096 ], [ -172.589491899731371, -13.744085400221024 ], [ -172.589314899662867, -13.744127000160859 ], [ -172.589218299884607, -13.744413599707798 ], [ -172.589111099797378, -13.744298999998819 ], [ -172.588944799862588, -13.744215599570225 ], [ -172.588912599636728, -13.744460500251819 ], [ -172.588633600260408, -13.744533500020964 ], [ -172.588451199763028, -13.744361500183061 ], [ -172.588247399897568, -13.744538699901057 ], [ -172.587936300120134, -13.744470999836722 ], [ -172.58789870036469, -13.744768000043109 ], [ -172.587394400131444, -13.744460500251819 ], [ -172.58735149977187, -13.744721100398408 ], [ -172.586895600151792, -13.744674199854387 ], [ -172.586707800124856, -13.744950299816423 ], [ -172.586525399627476, -13.744835700107444 ], [ -172.586434200278092, -13.744642899849907 ], [ -172.586165999960912, -13.744444899712278 ], [ -172.586235700117442, -13.744757499558887 ], [ -172.586144499868738, -13.744903499996497 ], [ -172.585865600317163, -13.744674199854387 ], [ -172.585522300313869, -13.744736700038629 ], [ -172.585168200352143, -13.744773199923202 ], [ -172.585109200329299, -13.745080599889718 ], [ -172.584422600322711, -13.745424499740807 ], [ -172.583805699573361, -13.745804900375788 ], [ -172.582754199646558, -13.746524000082502 ], [ -172.583194100327432, -13.748087199864358 ], [ -172.582207300326615, -13.74877210015228 ], [ -172.582459200431714, -13.749212699606346 ], [ -172.582362599754134, -13.749728600194715 ], [ -172.582276799934334, -13.750312199948041 ], [ -172.582223099616328, -13.751541899638937 ], [ -172.582158799888674, -13.752240100000563 ], [ -172.581897699719036, -13.753676499870551 ], [ -172.582384099846308, -13.755022599713186 ], [ -172.582518199555238, -13.756273099823659 ], [ -172.582088999907398, -13.757502800413874 ], [ -172.58182079959019, -13.75764870012739 ], [ -172.581547199743454, -13.757627899707757 ], [ -172.581225399832306, -13.758143699572031 ], [ -172.58112339962517, -13.758696000220198 ], [ -172.580774799917066, -13.75876380010925 ], [ -172.580388499729452, -13.758623100275827 ], [ -172.580179300334407, -13.759336900277674 ], [ -172.580066699818303, -13.759696399768984 ], [ -172.579566299944759, -13.759749699888687 ], [ -172.579078899771389, -13.760235699817656 ], [ -172.578751200307607, -13.761547100218479 ], [ -172.57850779969516, -13.76256439982717 ], [ -172.578596800202149, -13.763791799951548 ], [ -172.578393000336661, -13.764495200193267 ], [ -172.578081799835161, -13.7651361002508 ], [ -172.577475600118817, -13.765750900183832 ], [ -172.577084000226392, -13.766261500168071 ], [ -172.576231100285014, -13.766558500374458 ], [ -172.575184999887796, -13.766829500281176 ], [ -172.5747933999954, -13.766553299595046 ], [ -172.574906100336221, -13.76629280017255 ], [ -172.574605099945387, -13.766234599647021 ], [ -172.574278399628412, -13.766485600430087 ], [ -172.573928399675879, -13.766414699678592 ], [ -172.573425499687033, -13.766860699561562 ], [ -172.572700299878903, -13.76709599998037 ], [ -172.571059399571595, -13.767755999839494 ], [ -172.570623599799262, -13.768020199972227 ], [ -172.569868900429384, -13.768595800255923 ], [ -172.569584600448934, -13.768475899942757 ], [ -172.56938069985938, -13.768277899805184 ], [ -172.569231299984466, -13.768550200131585 ], [ -172.56897839983327, -13.76884060021348 ], [ -172.568720899649776, -13.769033399571697 ], [ -172.568458099761472, -13.768866700337924 ], [ -172.568275700163412, -13.769320000017956 ], [ -172.56650239986584, -13.769796899707103 ], [ -172.565384199920857, -13.770929899795021 ], [ -172.564601000136008, -13.771445800383333 ], [ -172.564166499884038, -13.771513500447668 ], [ -172.56373199963204, -13.772003200187498 ], [ -172.563522800237024, -13.771565599972405 ], [ -172.563296799707501, -13.771416799945314 ], [ -172.56320710042732, -13.771613999686281 ], [ -172.56271880003257, -13.77186310020187 ], [ -172.561988000146073, -13.772384900342843 ], [ -172.561757899607358, -13.773040099620857 ], [ -172.561378400093076, -13.772743499612773 ], [ -172.561234999595541, -13.772922800147057 ], [ -172.560948099675045, -13.773146900409074 ], [ -172.560428199801549, -13.773424799914551 ], [ -172.560239999576282, -13.773370999771771 ], [ -172.560114500084097, -13.773675799798298 ], [ -172.559746900399119, -13.773657799867522 ], [ -172.559476500340196, -13.773847099963632 ], [ -172.559065600097341, -13.773738499632032 ], [ -172.558787800416638, -13.773917800166316 ], [ -172.55842920024736, -13.773989500415041 ], [ -172.558007900244377, -13.773783300259026 ], [ -172.557892400313989, -13.773934300027861 ], [ -172.557667200181129, -13.774097099801281 ], [ -172.557582000209123, -13.774359899689557 ], [ -172.557156299823362, -13.774258500229564 ], [ -172.556897299570693, -13.774259699925153 ], [ -172.556715599645173, -13.774775800163013 ], [ -172.55634950002937, -13.774912800185518 ], [ -172.555901300404656, -13.775092099820483 ], [ -172.555610400299713, -13.775491100234035 ], [ -172.555210999687858, -13.775405900262058 ], [ -172.554575599884004, -13.776159200286827 ], [ -172.55419799973788, -13.776194700125245 ], [ -172.553812599771646, -13.776741600344508 ], [ -172.553436100395686, -13.776974600297535 ], [ -172.552953499904078, -13.777208100273583 ], [ -172.552617999720894, -13.777685099787504 ], [ -172.552683099845154, -13.777933800104734 ], [ -172.552109399828907, -13.777951700210735 ], [ -172.552091899921209, -13.778160500306797 ], [ -172.551625300167444, -13.778794400041477 ], [ -172.551329499656646, -13.779879100240237 ], [ -172.551047799616242, -13.781075599659175 ], [ -172.55106049984218, -13.781878099794426 ], [ -172.550809499958433, -13.782039500222709 ], [ -172.55103360022045, -13.782442800294973 ], [ -172.551275700413214, -13.783366199890168 ], [ -172.551428100426477, -13.784092299919678 ], [ -172.551555500186169, -13.784703300217075 ], [ -172.551329499656646, -13.78545479979914 ], [ -172.551284600104196, -13.78578650034666 ], [ -172.551472900154181, -13.786369199878607 ], [ -172.551284600104196, -13.786799500296638 ], [ -172.550839500442578, -13.787743300113164 ], [ -172.550401900227484, -13.788267999668392 ], [ -172.549494499571466, -13.789237500310321 ], [ -172.548851299947501, -13.789960299827953 ], [ -172.548557399704208, -13.79082089976464 ], [ -172.548137999968702, -13.792127899782713 ], [ -172.547706999878102, -13.793205499833903 ], [ -172.547580199966234, -13.794333800064749 ], [ -172.547199900055318, -13.794916999619772 ], [ -172.54641050034428, -13.795628000032139 ], [ -172.544619299940706, -13.79693299995796 ], [ -172.544300099969604, -13.797227400224301 ], [ -172.543773799621135, -13.797431200089761 ], [ -172.543523699958769, -13.797578800421263 ], [ -172.542780199846305, -13.797795099963821 ], [ -172.540893799908901, -13.79849640028857 ], [ -172.540593900288229, -13.798688400149501 ], [ -172.540369100353672, -13.79888669976134 ], [ -172.539568100287568, -13.799290700405436 ], [ -172.539352500417522, -13.799176599820157 ], [ -172.538984899833224, -13.799747000223817 ], [ -172.538389099877037, -13.799772399776373 ], [ -172.538338299872606, -13.800038600001358 ], [ -172.537970700187628, -13.800266800272595 ], [ -172.537729799690482, -13.800000600047611 ], [ -172.536880399910501, -13.800317499552932 ], [ -172.536114600208606, -13.800766200099986 ], [ -172.534535100214669, -13.801344400323785 ], [ -172.532183400043863, -13.802247799896008 ], [ -172.530668500151137, -13.80238389969719 ], [ -172.52999659956339, -13.802612099968371 ], [ -172.529248600142751, -13.802764300332171 ], [ -172.527965100309103, -13.802529999959461 ], [ -172.526700499728264, -13.802092399744424 ], [ -172.525584899723327, -13.801458500009744 ], [ -172.524521499967221, -13.801090199752878 ], [ -172.523337900423741, -13.801050900278767 ], [ -172.521921100378449, -13.80152190041531 ], [ -172.520968700345207, -13.801634800405679 ], [ -172.52025240022806, -13.801830000054395 ], [ -172.519346200166979, -13.801867900183424 ], [ -172.518100200264001, -13.801688599649083 ], [ -172.517436800068253, -13.801536199635848 ], [ -172.517211500110619, -13.801207699775489 ], [ -172.51695180018541, -13.800959700030091 ], [ -172.516765400402875, -13.800694200376995 ], [ -172.51642580021047, -13.800580099791716 ], [ -172.51622660037728, -13.800137799719607 ], [ -172.516032200225823, -13.799513699897261 ], [ -172.516025399552518, -13.799091700221766 ], [ -172.515779399899372, -13.798779200199874 ], [ -172.515231600358049, -13.798017799981437 ], [ -172.51484149963548, -13.797080499565368 ], [ -172.514621600106722, -13.79670279959447 ], [ -172.51391409985581, -13.795983900436624 ], [ -172.513609100179792, -13.795906600109447 ], [ -172.513250500010543, -13.795530099834195 ], [ -172.513008399817778, -13.795431499963684 ], [ -172.512730600137047, -13.79542260027273 ], [ -172.512578200123812, -13.795099900140258 ], [ -172.512300699917347, -13.795140099835692 ], [ -172.511941700449086, -13.795485300106463 ], [ -172.511457599888303, -13.795727400299256 ], [ -172.510936199945633, -13.795936800243112 ], [ -172.510873500111927, -13.796142200002464 ], [ -172.510985599705634, -13.79626029987287 ], [ -172.511018200129797, -13.796370799572685 ], [ -172.510543299633554, -13.797018199929937 ], [ -172.509575100310599, -13.797484400384747 ], [ -172.508517299733569, -13.798031199879915 ], [ -172.50749719963602, -13.798270200109584 ], [ -172.506267300295633, -13.798327000390714 ], [ -172.505069100258737, -13.79811389973662 ], [ -172.504513499998012, -13.798169799796369 ], [ -172.504205500183673, -13.797744299959447 ], [ -172.503067099666879, -13.797654699604664 ], [ -172.502107899859652, -13.797726399853445 ], [ -172.501498299806656, -13.798022200364187 ], [ -172.500834899610908, -13.79785190024495 ], [ -172.499714400099464, -13.798085000022695 ], [ -172.498414600053735, -13.798040099570869 ], [ -172.497080499865149, -13.797863300051233 ], [ -172.496469499567723, -13.797801700088314 ], [ -172.494390400096847, -13.797560799591167 ], [ -172.493217300138269, -13.797489399715971 ], [ -172.492182100423577, -13.797723299890322 ], [ -172.490536500259253, -13.797472100357083 ], [ -172.489471600433973, -13.797370699997771 ], [ -172.48915125022998, -13.797313250406148 ], [ -172.488830900025988, -13.797255799915206 ], [ -172.487912200287781, -13.796419899858449 ], [ -172.487265499603097, -13.796182600246766 ], [ -172.486904000019564, -13.795972800104607 ], [ -172.486685099637612, -13.795723800313112 ], [ -172.486045599824536, -13.795485099557652 ], [ -172.485161200229186, -13.794911299716659 ], [ -172.485034500142035, -13.794391499667938 ], [ -172.484040500168931, -13.793418300114411 ], [ -172.483524899954148, -13.792795800185957 ], [ -172.48286659981369, -13.792540599568952 ], [ -172.482384900442781, -13.792008100193641 ], [ -172.481966499854053, -13.791526399923384 ], [ -172.481589200081487, -13.791504499632879 ], [ -172.481028399940669, -13.791577100103041 ], [ -172.48080019966946, -13.79124750037181 ], [ -172.480432599984482, -13.791463000417082 ], [ -172.480153700432908, -13.791361600057769 ], [ -172.47992550016167, -13.791539100149294 ], [ -172.479697299890461, -13.791184099966188 ], [ -172.478897799893531, -13.790633499936007 ], [ -172.477303399931941, -13.788582099584175 ], [ -172.476876800224119, -13.788190600415817 ], [ -172.476640800132799, -13.787942300296891 ], [ -172.475960400052401, -13.787445100211187 ], [ -172.475429300022142, -13.787189799769408 ], [ -172.474860700061242, -13.786986599751742 ], [ -172.47302600034962, -13.786746999674222 ], [ -172.472800700391986, -13.786851199623129 ], [ -172.472688099875882, -13.786830300278098 ], [ -172.472580799963907, -13.786726100329247 ], [ -172.472473500051962, -13.786934500226948 ], [ -172.472350099577397, -13.786840700038226 ], [ -172.472296499983457, -13.786752199554314 ], [ -172.472140900182382, -13.786778199853984 ], [ -172.472038999799963, -13.786851199623129 ], [ -172.472038999799963, -13.787064800300243 ], [ -172.471770699658038, -13.786903300047186 ], [ -172.471690300267113, -13.787179400009279 ], [ -172.471314800037959, -13.787210600188985 ], [ -172.471035799762319, -13.787377400146852 ], [ -172.470815900233589, -13.787372100442042 ], [ -172.470751499781869, -13.787596199804739 ], [ -172.470585199847079, -13.787538900399909 ], [ -172.470365300318321, -13.787570099680295 ], [ -172.470252599977471, -13.787684700288651 ], [ -172.469850299951361, -13.78771600029313 ], [ -172.469447999925222, -13.787674299629202 ], [ -172.468938300162392, -13.787392999787073 ], [ -172.468659399711498, -13.787314800137892 ], [ -172.468310700178648, -13.787231500433336 ], [ -172.468068299612298, -13.787091600097199 ], [ -172.46779569981166, -13.787241900193521 ], [ -172.46769380032859, -13.787122099705073 ], [ -172.46743089971622, -13.787241900193521 ], [ -172.46730759996575, -13.787132500364578 ], [ -172.467157399694202, -13.787142900124707 ], [ -172.467050099782256, -13.787257499833686 ], [ -172.466862299755292, -13.787330499602831 ], [ -172.466695999820502, -13.787293999718258 ], [ -172.466663799594642, -13.787455499971315 ], [ -172.466524300356156, -13.787382600026945 ], [ -172.466363399950922, -13.787403400446522 ], [ -172.466277600131122, -13.787518000155558 ], [ -172.466116699725887, -13.787434699551682 ], [ -172.465896700372383, -13.787476300390892 ], [ -172.465628500055203, -13.787658699988981 ], [ -172.465446099557823, -13.787648300228852 ], [ -172.465333400116293, -13.787830600002167 ], [ -172.465226200029093, -13.787809799582533 ], [ -172.465102799554529, -13.78774199969348 ], [ -172.465006199776269, -13.787908799651348 ], [ -172.464668300201879, -13.788007699895388 ], [ -172.464298099677535, -13.788205700032961 ], [ -172.463986999900101, -13.788664199593086 ], [ -172.463777799605737, -13.788794399841606 ], [ -172.463568600210692, -13.788898599790514 ], [ -172.463295000363956, -13.788992399979236 ], [ -172.463037500180462, -13.789284200305531 ], [ -172.462667299656118, -13.789716599741212 ], [ -172.462463499790658, -13.78966970009651 ], [ -172.462329400081728, -13.789700900276273 ], [ -172.462227399874564, -13.789763500285289 ], [ -172.462157699718034, -13.790065599647676 ], [ -172.462002099916958, -13.790008300242789 ], [ -172.461851899645438, -13.789909300174031 ], [ -172.461723200365384, -13.789987499823212 ], [ -172.46163200011668, -13.790112500191697 ], [ -172.46149790040775, -13.790143800196176 ], [ -172.461342299707326, -13.790268799665341 ], [ -172.4613852000669, -13.790466799802914 ], [ -172.461170700067726, -13.790419900158213 ], [ -172.46103649963473, -13.790492800102584 ], [ -172.461041900063606, -13.790623100175878 ], [ -172.460891699792086, -13.790597000051491 ], [ -172.460752199654252, -13.79074289976495 ], [ -172.460580600014652, -13.790795000189064 ], [ -172.460521599991807, -13.791013799846951 ], [ -172.460339200393747, -13.790987800446601 ], [ -172.460135299804222, -13.791206600104488 ], [ -172.459661599902887, -13.791650500070489 ], [ -172.459312000148657, -13.791741899968656 ], [ -172.459337299876466, -13.792248999791468 ], [ -172.458868299832147, -13.792071499699887 ], [ -172.458728799694313, -13.792363100376747 ], [ -172.458107600185571, -13.79246449983674 ], [ -172.458265000429407, -13.792840000065894 ], [ -172.457761100394436, -13.79307629963148 ], [ -172.457473800275636, -13.792882900425468 ], [ -172.457159599635787, -13.79325589964003 ], [ -172.456451600261119, -13.793805299974565 ], [ -172.455998400405832, -13.794409499598657 ], [ -172.455527000070958, -13.794432200285769 ], [ -172.455508799591399, -13.794683100344741 ], [ -172.454925600036375, -13.794530899980998 ], [ -172.454887600082657, -13.794708400072579 ], [ -172.454418500213592, -13.794619699939176 ], [ -172.454165000214573, -13.794328100161636 ], [ -172.453239499803033, -13.794378800341292 ], [ -172.45299390034819, -13.794454800248786 ], [ -172.452770399933996, -13.794683100344741 ], [ -172.452532600299236, -13.794465299833689 ], [ -172.452466199755293, -13.794175999622666 ], [ -172.452211900258959, -13.79416809997781 ], [ -172.451857699573139, -13.79426469975607 ], [ -172.451942500246162, -13.793779500223707 ], [ -172.450577299702587, -13.792718099660533 ], [ -172.450246899574722, -13.792083299704473 ], [ -172.450008500092167, -13.791818300074453 ], [ -172.449829300281948, -13.791602399830822 ], [ -172.449449000371033, -13.791640499609343 ], [ -172.449180800053853, -13.79141469962866 ], [ -172.449131599943343, -13.790953899602755 ], [ -172.448884799893563, -13.790901800077961 ], [ -172.448716800240106, -13.79068470013874 ], [ -172.448198199886974, -13.790401699678625 ], [ -172.447962099970908, -13.790412100338131 ], [ -172.447683200419334, -13.790266199725295 ], [ -172.447253999872174, -13.790099499592202 ], [ -172.44699649968868, -13.789797300405041 ], [ -172.446739000404506, -13.789641000032077 ], [ -172.446642499551672, -13.78942220037419 ], [ -172.446203499991498, -13.789282100388562 ], [ -172.444958000111598, -13.789265900001226 ], [ -172.444335799657409, -13.78912000028771 ], [ -172.443853000415601, -13.789255500241097 ], [ -172.442662100175767, -13.789224200236617 ], [ -172.442200700302038, -13.789297200005706 ], [ -172.441889599625284, -13.789370099950133 ], [ -172.44154629962199, -13.789391000194485 ], [ -172.440977599836344, -13.789359700189948 ], [ -172.44058070023911, -13.789224200236617 ], [ -172.440151499691922, -13.789338899770371 ], [ -172.439256300138112, -13.789510699958782 ], [ -172.438368900404413, -13.789143000449087 ], [ -172.437823799728534, -13.789143000449087 ], [ -172.437158199791071, -13.788974200398968 ], [ -172.43642060013056, -13.788718499758886 ], [ -172.435455700420221, -13.788524399981043 ], [ -172.4350231004357, -13.788328200286173 ], [ -172.434808600436526, -13.788432300410307 ], [ -172.434160000383685, -13.788420399681627 ], [ -172.434014599793926, -13.788713700077153 ], [ -172.433832200195866, -13.788484399935044 ], [ -172.433639099564772, -13.788453199755338 ], [ -172.433521100418432, -13.78863029964856 ], [ -172.433392400239057, -13.788390699571096 ], [ -172.433070499603843, -13.788401100230544 ], [ -172.432898800139498, -13.788536500359157 ], [ -172.432652099914463, -13.788640700308008 ], [ -172.432544800002489, -13.788307300041822 ], [ -172.432255099593135, -13.788401100230544 ], [ -172.431976200041561, -13.788140599908729 ], [ -172.431643600171981, -13.788224000337323 ], [ -172.431218800007599, -13.78802740044415 ], [ -172.429786299598021, -13.787837299951377 ], [ -172.429079400094224, -13.78755709998012 ], [ -172.428467799948976, -13.78752579997564 ], [ -172.427276899709113, -13.787046499995938 ], [ -172.425828500185105, -13.786692300209438 ], [ -172.425206299730917, -13.786535999836474 ], [ -172.424605399719383, -13.786306699694364 ], [ -172.424380099761777, -13.786098299796663 ], [ -172.423768600340594, -13.786139999561271 ], [ -172.423671999663014, -13.785910800143256 ], [ -172.423249199590856, -13.785809299959169 ], [ -172.4231140998358, -13.785556499632719 ], [ -172.422738599606646, -13.785441899923683 ], [ -172.422202199871606, -13.78527519979059 ], [ -172.421730099864192, -13.785358500394409 ], [ -172.421215100396552, -13.785296000210224 ], [ -172.421097100350863, -13.785577300052296 ], [ -172.420710899988023, -13.785410599919203 ], [ -172.420228099846895, -13.785441899923683 ], [ -172.419959900429035, -13.785639900061312 ], [ -172.419595100333595, -13.785754499770292 ], [ -172.418972800054661, -13.784712500281614 ], [ -172.418436400319592, -13.784274900066521 ], [ -172.417889199726773, -13.783639299713855 ], [ -172.417728300220858, -13.783368299807137 ], [ -172.417492200304764, -13.783305799622894 ], [ -172.41724550007973, -13.782659800409419 ], [ -172.41691290021015, -13.782336799903362 ], [ -172.416279899797502, -13.782461800271847 ], [ -172.416118899567522, -13.782118000245475 ], [ -172.415861400283376, -13.782295100138697 ], [ -172.415807799790088, -13.781909600347717 ], [ -172.415464499786822, -13.781732399730402 ], [ -172.415346499741133, -13.78155529983718 ], [ -172.414949500319153, -13.781544900077051 ], [ -172.414294999814359, -13.781273900170333 ], [ -172.414058999723039, -13.780971799908571 ], [ -172.413898100217125, -13.781065500272575 ], [ -172.413833699765405, -13.780857100374817 ], [ -172.412589100106857, -13.780575799633425 ], [ -172.412084899698328, -13.780857100374817 ], [ -172.41133390013934, -13.781690699965793 ], [ -172.41051850012866, -13.782170099770269 ], [ -172.409863999623866, -13.78276400035827 ], [ -172.409606500339692, -13.783264099858286 ], [ -172.409264400032015, -13.783442799645456 ], [ -172.408099599916568, -13.784282400412394 ], [ -172.40772669962746, -13.784462999567722 ], [ -172.407501500393892, -13.784585200346669 ], [ -172.406641699954463, -13.784764199608105 ], [ -172.405767000446673, -13.785169800146093 ], [ -172.405380300060784, -13.785207899924615 ], [ -172.405063399656143, -13.785144500418312 ], [ -172.404537299856486, -13.785214199675522 ], [ -172.404017499807736, -13.784992399879286 ], [ -172.403499400377001, -13.78483539983381 ], [ -172.403278499902825, -13.784669699746814 ], [ -172.403016000388078, -13.784675399649927 ], [ -172.402966099705708, -13.784453800402503 ], [ -172.402775099890931, -13.78426340043552 ], [ -172.402589200131445, -13.784128699979476 ], [ -172.402413799956889, -13.784206399605637 ], [ -172.401900400383141, -13.784041499915247 ], [ -172.400537600130122, -13.783914799828096 ], [ -172.400112899790457, -13.784244399559327 ], [ -172.400119200440713, -13.78410490032087 ], [ -172.399745200280734, -13.784168299827115 ], [ -172.399054299716141, -13.784529599761186 ], [ -172.398597900073014, -13.784440899627782 ], [ -172.397933999854189, -13.784150999568908 ], [ -172.397754899868715, -13.783762600363673 ], [ -172.397203399617183, -13.78350279971437 ], [ -172.397070299954351, -13.783642200027487 ], [ -172.396964900309882, -13.783375099581122 ], [ -172.396582200108412, -13.783255600365635 ], [ -172.39582160028661, -13.783293600319325 ], [ -172.395162300100054, -13.783173100158422 ], [ -172.394623599899177, -13.783268199867507 ], [ -172.394091099624518, -13.783280900093416 ], [ -172.393913600432285, -13.783135100204674 ], [ -172.393450900138902, -13.78312879955439 ], [ -172.393064199752985, -13.782932300385312 ], [ -172.392829699730839, -13.782976600089967 ], [ -172.392481100022707, -13.782697699639073 ], [ -172.3920817003102, -13.782697699639073 ], [ -172.391815500085244, -13.782570999551922 ], [ -172.391498599680602, -13.782551999575048 ], [ -172.391175299700308, -13.782602699754761 ], [ -172.390750600259963, -13.782380800133751 ], [ -172.39057310016841, -13.782013200448773 ], [ -172.390409199624827, -13.78193459970197 ], [ -172.390363899874046, -13.781677200242541 ], [ -172.390180100031557, -13.781537799929481 ], [ -172.390256199763769, -13.781353900262218 ], [ -172.389988299820146, -13.781178799561928 ], [ -172.389539899646621, -13.78098629967792 ], [ -172.389178599712579, -13.78058699979016 ], [ -172.389045500049747, -13.780358800418242 ], [ -172.388842700230413, -13.78045380030261 ], [ -172.388512999775088, -13.78021299963018 ], [ -172.387607799760133, -13.780010699833895 ], [ -172.387265200328699, -13.779679299659904 ], [ -172.386815499735491, -13.7794718998083 ], [ -172.386479600253324, -13.779078899671447 ], [ -172.386714100275469, -13.778654200231131 ], [ -172.38677110020609, -13.778381600430464 ], [ -172.387089800154115, -13.778271199656103 ], [ -172.387237199936806, -13.777946799804909 ], [ -172.386683800317115, -13.777488599719049 ], [ -172.386210399890018, -13.777395400277442 ], [ -172.385616299652469, -13.777630099949135 ], [ -172.385119499765068, -13.777603599626389 ], [ -172.384824700199715, -13.77756449980177 ], [ -172.384617499997603, -13.777482600341671 ], [ -172.384441499975225, -13.777423999617838 ], [ -172.384200700202115, -13.777352599742642 ], [ -172.383999000253624, -13.7772496003887 ], [ -172.383900500207886, -13.777130999595897 ], [ -172.383478999656091, -13.776935799947182 ], [ -172.382941199676594, -13.77683720007667 ], [ -172.382609500028366, -13.776765499827889 ], [ -172.382111999569105, -13.776828199661622 ], [ -172.381337800199304, -13.777229399816918 ], [ -172.380274199894387, -13.777668400276411 ], [ -172.37967820028868, -13.777729100017893 ], [ -172.379350999948656, -13.777648500078158 ], [ -172.379194099727897, -13.777383999571896 ], [ -172.3789789998809, -13.77725399987213 ], [ -172.378893799908923, -13.777061300338687 ], [ -172.378654799679225, -13.777000599697885 ], [ -172.378274899966641, -13.776913199984165 ], [ -172.377513300098684, -13.777289899908908 ], [ -172.377051599851427, -13.777630500147438 ], [ -172.376325499821945, -13.778010700233608 ], [ -172.37580559994845, -13.778557599553551 ], [ -172.375438100088218, -13.779014699768538 ], [ -172.374916299947245, -13.779174899601912 ], [ -172.374308600161754, -13.779185099712549 ], [ -172.373373200013134, -13.779073900340165 ], [ -172.373026700221999, -13.778754800193838 ], [ -172.372727799748134, -13.77849670016252 ], [ -172.372524699555214, -13.778216900389623 ], [ -172.371771699904002, -13.778046600270329 ], [ -172.371386200113022, -13.777921099878824 ], [ -172.371161800376768, -13.777562999732595 ], [ -172.370902099552239, -13.777051600251127 ], [ -172.370427000305796, -13.776576500105364 ], [ -172.369744600133174, -13.776244799557787 ], [ -172.369378200143785, -13.776092400443872 ], [ -172.369209400093723, -13.775952099909432 ], [ -172.368458100161178, -13.775470399639175 ], [ -172.368069399683009, -13.775437999763824 ], [ -172.36781150020056, -13.775164800115363 ], [ -172.36782740021431, -13.774568500136127 ], [ -172.367657100095073, -13.774218900381925 ], [ -172.36772919964281, -13.773952999631206 ], [ -172.367728800343826, -13.77362720043493 ], [ -172.367396400123738, -13.773493900223286 ], [ -172.367236800138187, -13.773439199859126 ], [ -172.367101300184828, -13.773500399623686 ], [ -172.367010099936124, -13.773415699674729 ], [ -172.366867999858272, -13.773328399785782 ], [ -172.366755300416742, -13.773324500325373 ], [ -172.366638599891445, -13.773355800329853 ], [ -172.366571600398998, -13.773316699605971 ], [ -172.366522000090214, -13.77326979996127 ], [ -172.366460300302577, -13.773212499657063 ], [ -172.366363699624998, -13.773206000256664 ], [ -172.366283200409356, -13.773245100081283 ], [ -172.366209500068351, -13.773298500025703 ], [ -172.366176000322127, -13.773274999841306 ], [ -172.36615179956587, -13.773249000440956 ], [ -172.366080700064231, -13.773222900316568 ], [ -172.365998900428878, -13.773221599896885 ], [ -172.365913099709758, -13.773245100081283 ], [ -172.365793700318989, -13.773250299961319 ], [ -172.365728000346905, -13.773280199721398 ], [ -172.365579200319814, -13.773387100334389 ], [ -172.365399499587198, -13.773426100334234 ], [ -172.365238500256567, -13.773506899923461 ], [ -172.365041400340317, -13.773577199927786 ], [ -172.364922000050228, -13.773596799752454 ], [ -172.364836200230428, -13.773683999816683 ], [ -172.364645800263446, -13.773792100125263 ], [ -172.364501600268596, -13.773923000046352 ], [ -172.364378900365921, -13.773874200134173 ], [ -172.364282299688341, -13.773807799590259 ], [ -172.364168299827156, -13.773751799705735 ], [ -172.364055700210372, -13.773724400060985 ], [ -172.364050299781496, -13.773835100309611 ], [ -172.364124099947219, -13.773913299958792 ], [ -172.364077099578452, -13.773968000322895 ], [ -172.363956399768, -13.774017499907643 ], [ -172.363827699588626, -13.774034399967547 ], [ -172.363700299828935, -13.773948399598908 ], [ -172.363677500216426, -13.774053999792216 ], [ -172.363613099764706, -13.774133400036362 ], [ -172.363456200443267, -13.774057900151945 ], [ -172.363401199705578, -13.773964099963223 ], [ -172.363354300060877, -13.773945799658861 ], [ -172.363311399701303, -13.77398100002307 ], [ -172.363177200167627, -13.774043500207313 ], [ -172.363019000426505, -13.774036999907594 ], [ -172.362914400279323, -13.773954999723401 ], [ -172.362837900348808, -13.773914600378475 ], [ -172.362750800109296, -13.773914600378475 ], [ -172.362623400349605, -13.77395890008313 ], [ -172.362644799717714, -13.774091700271697 ], [ -172.362630100298873, -13.77423240010512 ], [ -172.362568399611916, -13.774258500229564 ], [ -172.362487900396246, -13.774197199740911 ], [ -172.362404800341238, -13.774227200225084 ], [ -172.362325599746612, -13.774235000045167 ], [ -172.362279999622245, -13.774219400404945 ], [ -172.362164700240697, -13.774257099985107 ], [ -172.362069499807546, -13.774218099985262 ], [ -172.361968899844811, -13.774167299980888 ], [ -172.361852200218834, -13.77421030016518 ], [ -172.361731500408382, -13.774228499745448 ], [ -172.361669799721454, -13.774203700040687 ], [ -172.361630900445675, -13.774164700040842 ], [ -172.361570600003148, -13.774199799680957 ], [ -172.361514299745096, -13.774180299681063 ], [ -172.361495500317062, -13.774113900036411 ], [ -172.361452599957488, -13.774052700271852 ], [ -172.361408300252833, -13.774121699856494 ], [ -172.361369400077734, -13.77412429979654 ], [ -172.361329200382272, -13.774102100031826 ], [ -172.361268899939745, -13.774133400036362 ], [ -172.361235300368776, -13.77420639980545 ], [ -172.361209800092183, -13.774294900289362 ], [ -172.361130700221622, -13.774297500229409 ], [ -172.361075700383225, -13.774270200409376 ], [ -172.361071700198778, -13.774220699925309 ], [ -172.361094499811287, -13.774132099616679 ], [ -172.361061000065064, -13.774074800211793 ], [ -172.36099389984858, -13.773997900082975 ], [ -172.360871899618445, -13.773996599663292 ], [ -172.360725700430692, -13.774065699972027 ], [ -172.360659999559317, -13.774148999676527 ], [ -172.360579500343647, -13.774184200040736 ], [ -172.360543299933312, -13.774125600216223 ], [ -172.360537900403756, -13.774055300211899 ], [ -172.360512499951881, -13.773923000046352 ], [ -172.360382400427397, -13.773773899645732 ], [ -172.360334099638948, -13.773727000001031 ], [ -172.360269700086576, -13.773770000185323 ], [ -172.36020269969481, -13.773888500254031 ], [ -172.360149000276124, -13.773923699718921 ], [ -172.36009000025328, -13.773944500138498 ], [ -172.36002030009675, -13.773869000254138 ], [ -172.35998809987089, -13.773952399783354 ], [ -172.359942499746552, -13.774029200087455 ], [ -172.35987540042936, -13.774080000091885 ], [ -172.359801700088354, -13.774001900267422 ], [ -172.359765499678048, -13.7739081000787 ], [ -172.359633999909136, -13.773752699927115 ], [ -172.359549600333764, -13.773725699581348 ], [ -172.359481199697569, -13.773683999816683 ], [ -172.359443599942153, -13.773665800236472 ], [ -172.359397999817816, -13.773681399876637 ], [ -172.359351100173114, -13.773738700180843 ], [ -172.359293399670634, -13.773723099641302 ], [ -172.359247599896804, -13.77368449983976 ], [ -172.359206199606405, -13.773608499932266 ], [ -172.359145900063197, -13.773530300283085 ], [ -172.359105700367763, -13.773508200343144 ], [ -172.359053299570093, -13.773509499863508 ], [ -172.35897559994396, -13.773551199628116 ], [ -172.358921899625926, -13.773560299867881 ], [ -172.358824000327331, -13.773590199627961 ], [ -172.358743600037087, -13.773506899923461 ], [ -172.358597399950014, -13.773419600034458 ], [ -172.358566500143837, -13.773362299730309 ], [ -172.358460599576972, -13.773289399785938 ], [ -172.358362700278377, -13.773177300192231 ], [ -172.358271500029673, -13.773129199952564 ], [ -172.358066299919784, -13.7730496998837 ], [ -172.357879900137249, -13.772946800354532 ], [ -172.357763199611952, -13.772894699930418 ], [ -172.35756199968651, -13.772892099990372 ], [ -172.357124000172433, -13.772632200415671 ], [ -172.356928613464703, -13.758267446285572 ], [ -172.365113959441658, -13.745323178521801 ], [ -172.370253594827517, -13.719434642994315 ], [ -172.377106443207765, -13.691071468173675 ], [ -172.381675008195032, -13.67032256803202 ], [ -172.387766428477875, -13.643862961206651 ], [ -172.391002494969143, -13.630347623044315 ], [ -172.390812138169622, -13.627111555653698 ], [ -172.415939246498993, -13.624636916360544 ] ] ] ] } },
{ "type": "Feature", "properties": { "shapeName": "Satupa'itea", "shapeISO": "", "shapeID": "40696546B5747120083880", "shapeGroup": "WSM", "shapeType": "ADM1" }, "geometry": { "type": "MultiPolygon", "coordinates": [ [ [ [ -172.390812138169622, -13.627111555653698 ], [ -172.391002494969143, -13.630347623044315 ], [ -172.387766428477875, -13.643862961206651 ], [ -172.381675008195032, -13.67032256803202 ], [ -172.377106443207765, -13.691071468173675 ], [ -172.370253594827517, -13.719434642994315 ], [ -172.365113959441658, -13.745323178521801 ], [ -172.356928613464703, -13.758267446285572 ], [ -172.357124000172433, -13.772632200415671 ], [ -172.356594800409681, -13.772550999728821 ], [ -172.356496500013435, -13.772703899765133 ], [ -172.356260999945164, -13.772810199630953 ], [ -172.35605729990445, -13.772667999728355 ], [ -172.354856099729204, -13.772434999775385 ], [ -172.354467499975129, -13.772631599668557 ], [ -172.353636799798437, -13.772788300239824 ], [ -172.353251499656949, -13.772999700275875 ], [ -172.352925499911862, -13.773301900362355 ], [ -172.352408799826236, -13.773510699559097 ], [ -172.352178299988537, -13.773506300075667 ], [ -172.35186200033101, -13.773654100056604 ], [ -172.351969599717222, -13.773914100355398 ], [ -172.351736499939506, -13.774048500437914 ], [ -172.351395899700975, -13.7742637001096 ], [ -172.351118000195527, -13.774586400242129 ], [ -172.350992499803993, -13.775276600234861 ], [ -172.350686699731369, -13.775973600001578 ], [ -172.349943599817237, -13.776899200237835 ], [ -172.349665800136535, -13.777275699613824 ], [ -172.349280300345555, -13.777598399746296 ], [ -172.349053799793012, -13.777439000309585 ], [ -172.34893999958129, -13.777756999685721 ], [ -172.348706600329308, -13.77771489972281 ], [ -172.348527299795023, -13.777777700280581 ], [ -172.348087999861264, -13.777876300151092 ], [ -172.347165899786432, -13.777852999616186 ], [ -172.346760399972453, -13.777995599717087 ], [ -172.346429599646285, -13.777948000399874 ], [ -172.345714599948792, -13.77787820041857 ], [ -172.345170600043133, -13.7780348002658 ], [ -172.34482499957403, -13.778189999868573 ], [ -172.343794100417369, -13.778028700164327 ], [ -172.341606899738593, -13.777956999915546 ], [ -172.339455500171169, -13.778075400159537 ], [ -172.338783099560374, -13.777517699981843 ], [ -172.337761199919413, -13.777383200074553 ], [ -172.336730299863433, -13.777302600134817 ], [ -172.335848900406404, -13.777292900047257 ], [ -172.334190500191397, -13.777924199841891 ], [ -172.333580999963146, -13.778067200141152 ], [ -172.332830799901473, -13.77838719960954 ], [ -172.332077800250261, -13.778342399881808 ], [ -172.331693474973861, -13.778175087310387 ], [ -172.331572704116979, -13.778122510245623 ], [ -172.331493474744036, -13.77808801854718 ], [ -172.331472300206457, -13.778078799596869 ], [ -172.329818800397305, -13.776943999965567 ], [ -172.328485899904337, -13.775551100303005 ], [ -172.327467200051217, -13.77465010012196 ], [ -172.327008599767026, -13.774217699786959 ], [ -172.326702199846608, -13.773596299729377 ], [ -172.326700900326273, -13.773338699721194 ], [ -172.326367599884804, -13.773017600381934 ], [ -172.326238799880684, -13.772511399881125 ], [ -172.326146499761137, -13.772313700117138 ], [ -172.326067899913625, -13.772336599554365 ], [ -172.326049899982877, -13.772284199656042 ], [ -172.326130200448375, -13.772212100108277 ], [ -172.326077699825959, -13.772053199795266 ], [ -172.325964199987823, -13.771986700325897 ], [ -172.325884199895881, -13.771710899838126 ], [ -172.325953900052411, -13.771661400253379 ], [ -172.325972700379793, -13.77137479980712 ], [ -172.325948600347601, -13.770759999874031 ], [ -172.325704199689028, -13.770489699639882 ], [ -172.325581099588049, -13.770218199710087 ], [ -172.325620300136706, -13.769944400213831 ], [ -172.325723300389967, -13.769785699550368 ], [ -172.325845500269594, -13.769699600256274 ], [ -172.325916400121741, -13.76962930025195 ], [ -172.325921000154011, -13.769572400146103 ], [ -172.325935099725058, -13.769506999648286 ], [ -172.325961100024728, -13.769463199966651 ], [ -172.325991900006159, -13.76942729992993 ], [ -172.32603349994605, -13.769422799722406 ], [ -172.326082700056531, -13.769441900423317 ], [ -172.326161299904044, -13.769479699828253 ], [ -172.326288500014243, -13.769442000248091 ], [ -172.326563400280662, -13.769279199575351 ], [ -172.326774499943184, -13.769132500364549 ], [ -172.32682839991071, -13.769011400355794 ], [ -172.326820699915345, -13.768923100420693 ], [ -172.326726700077131, -13.768908099728947 ], [ -172.326682000174145, -13.768902100351625 ], [ -172.326627199985268, -13.768886999835104 ], [ -172.326566500243757, -13.76878239968795 ], [ -172.326509500313165, -13.768629800025224 ], [ -172.326444800387208, -13.768554999813318 ], [ -172.326395499552632, -13.768357499698823 ], [ -172.326383200424345, -13.76815999958427 ], [ -172.326369299603471, -13.767968499746416 ], [ -172.326406300410412, -13.767827799912993 ], [ -172.326534200193151, -13.767642300351838 ], [ -172.326561900211487, -13.767519600449134 ], [ -172.326566500243757, -13.767401399854691 ], [ -172.326586500266757, -13.767241299846091 ], [ -172.326529500336136, -13.767109600427659 ], [ -172.326409400373507, -13.767024299731588 ], [ -172.326256899636178, -13.76694650028071 ], [ -172.326141299881044, -13.766778899926237 ], [ -172.326078199849007, -13.766678700161833 ], [ -172.325936400144712, -13.766633799710064 ], [ -172.325825500246623, -13.766566499844032 ], [ -172.325663800344074, -13.766458699909037 ], [ -172.32553439959284, -13.766337500075508 ], [ -172.325460399777597, -13.76623280010358 ], [ -172.32540029988391, -13.766122099854954 ], [ -172.325312499971858, -13.766110100200933 ], [ -172.325224700059835, -13.766071200025806 ], [ -172.325173900055404, -13.766000900021481 ], [ -172.325138400216957, -13.765923099671284 ], [ -172.325027500318868, -13.765816799805407 ], [ -172.324936600443721, -13.765715099971828 ], [ -172.324847299563203, -13.765631300244252 ], [ -172.324682399872842, -13.765593900138356 ], [ -172.324534599891848, -13.765537000032452 ], [ -172.324483700062672, -13.765424799714708 ], [ -172.324445200085876, -13.765288600088752 ], [ -172.324405200039934, -13.765215299946078 ], [ -172.324342000183123, -13.765182400047706 ], [ -172.324157099570471, -13.765350000402123 ], [ -172.324052399598543, -13.765451700235758 ], [ -172.323992299704827, -13.765462199820604 ], [ -172.32392759977887, -13.765445699959059 ], [ -172.323830499977561, -13.765326000194705 ], [ -172.323747300097807, -13.765200399978426 ], [ -172.323654900153485, -13.765005800177505 ], [ -172.323731900107077, -13.764950499965551 ], [ -172.323719600079443, -13.764898100067228 ], [ -172.323644100195054, -13.764901100205577 ], [ -172.323588700158354, -13.764881700030401 ], [ -172.323553200319907, -13.764836799578575 ], [ -172.323547100218462, -13.764766399749476 ], [ -172.323596400153718, -13.764690100367773 ], [ -172.323599500116813, -13.764619800363448 ], [ -172.323564000278367, -13.764552499598153 ], [ -172.323400699582606, -13.764465699732227 ], [ -172.323345300445226, -13.764390900419698 ], [ -172.323339099619716, -13.764304099654453 ], [ -172.323339099619716, -13.764211300411148 ], [ -172.323422300398818, -13.764138000268474 ], [ -172.323570200204557, -13.763934499877223 ], [ -172.323588700158354, -13.763780400145322 ], [ -172.323653400084311, -13.763629299652393 ], [ -172.323610200250528, -13.763551500201515 ], [ -172.323507000347774, -13.763470699712968 ], [ -172.323482400292505, -13.763409300298918 ], [ -172.323487000324775, -13.763342000432942 ], [ -172.323584699973907, -13.763176400170664 ], [ -172.323645700088974, -13.763090600350893 ], [ -172.323695000024202, -13.763035200314221 ], [ -172.323664200042771, -13.762944000065488 ], [ -172.323724200111712, -13.762863199576941 ], [ -172.323759699950159, -13.762770400333636 ], [ -172.323799100148335, -13.762681700200233 ], [ -172.323847499862211, -13.762572900219141 ], [ -172.323812900245116, -13.76233330014162 ], [ -172.323674900176485, -13.762200300303562 ], [ -172.32352760021854, -13.762086099893565 ], [ -172.323337599550541, -13.762028199741565 ], [ -172.32317269986018, -13.76195929998164 ], [ -172.323072599920522, -13.761724499585966 ], [ -172.323806515957926, -13.758648160783935 ], [ -172.332753290032286, -13.73466319325172 ], [ -172.339415780713693, -13.715817862004656 ], [ -172.346268628194622, -13.697162888456489 ], [ -172.355786471768226, -13.672035780127089 ], [ -172.364162174544703, -13.64881224069228 ], [ -172.370443951627038, -13.6314897638415 ], [ -172.370443952526358, -13.629205482247187 ], [ -172.390812138169622, -13.627111555653698 ] ] ], [ [ [ -172.621286730997809, -13.593465977173082 ], [ -172.640917284604967, -13.584899917597056 ], [ -172.666972382669286, -13.572050828682734 ], [ -172.670184654897866, -13.575263100911343 ], [ -172.687673693386216, -13.604530471204214 ], [ -172.69267056139725, -13.612739611443885 ], [ -172.695198499910816, -13.616694300101813 ], [ -172.695059499796059, -13.616963399741053 ], [ -172.69490699995805, -13.617106900063334 ], [ -172.694606499590265, -13.617044100404883 ], [ -172.694265599877497, -13.617048599713087 ], [ -172.693895799551484, -13.617267099896708 ], [ -172.693911200441534, -13.617788700388189 ], [ -172.69370269981971, -13.61789109989428 ], [ -172.693844000400276, -13.618039800096653 ], [ -172.693754300220746, -13.618142999999407 ], [ -172.69352099989419, -13.618192299934663 ], [ -172.693373000263733, -13.618358300395187 ], [ -172.693346099742683, -13.61851530044072 ], [ -172.693377499571909, -13.618726099729656 ], [ -172.693763199911729, -13.618932399710445 ], [ -172.693727399699696, -13.619219500179724 ], [ -172.693464400161901, -13.619099900240144 ], [ -172.693530000309238, -13.619327099565965 ], [ -172.693897799643707, -13.61956480027527 ], [ -172.693525500101714, -13.619775700288301 ], [ -172.693377299922417, -13.619884000246373 ], [ -172.693185200236769, -13.6198461001174 ], [ -172.693019699799265, -13.619742900214646 ], [ -172.692812600321218, -13.619647400307258 ], [ -172.69274059969888, -13.619825000223557 ], [ -172.692691199938906, -13.620085100347069 ], [ -172.692879599813665, -13.620461900096586 ], [ -172.692855599606219, -13.620722699892667 ], [ -172.692628500105172, -13.620865600367097 ], [ -172.692121500107106, -13.621018399679372 ], [ -172.69209470031015, -13.620766899772548 ], [ -172.691973600301395, -13.62012100038379 ], [ -172.691830099979114, -13.620013400098287 ], [ -172.691856999600816, -13.619892300089532 ], [ -172.691677600141105, -13.619443700266515 ], [ -172.691484700058822, -13.619345100396004 ], [ -172.691267000271807, -13.619193900078358 ], [ -172.691159700359862, -13.618891500342443 ], [ -172.691084599774427, -13.618622999651677 ], [ -172.69110869980662, -13.618437900288825 ], [ -172.690985300231404, -13.618404000344299 ], [ -172.690923600443767, -13.61851090005797 ], [ -172.690829800255045, -13.618740300024797 ], [ -172.690768099568118, -13.618709000020317 ], [ -172.690751999904847, -13.618547399942486 ], [ -172.690668800025065, -13.618437900288825 ], [ -172.690563199831786, -13.618338699671199 ], [ -172.690370299749503, -13.618191700086868 ], [ -172.690003200087574, -13.618142999999407 ], [ -172.689848100309547, -13.618033799819955 ], [ -172.689821299613271, -13.617885200341675 ], [ -172.689990200387399, -13.617671499839787 ], [ -172.689842699880671, -13.617577599826348 ], [ -172.689638900015183, -13.617554200365987 ], [ -172.689359899739543, -13.617603699950735 ], [ -172.688919999958017, -13.61767669971988 ], [ -172.688431900112079, -13.617846099617736 ], [ -172.68811539990574, -13.618046900244224 ], [ -172.687922200349249, -13.618104199649053 ], [ -172.687745200280744, -13.618125099893405 ], [ -172.687409899747053, -13.618359699740324 ], [ -172.687077399702218, -13.618257999906746 ], [ -172.686846700215028, -13.618398799564886 ], [ -172.686721299648241, -13.618573599891704 ], [ -172.686452399658492, -13.618659500435569 ], [ -172.686189499945442, -13.618445700108907 ], [ -172.685907899729756, -13.618529099638181 ], [ -172.685588699758654, -13.61873770008475 ], [ -172.685357799722652, -13.619358500294481 ], [ -172.685215900193612, -13.619394599980751 ], [ -172.685065699922092, -13.619368499856364 ], [ -172.68491279988578, -13.619277299607631 ], [ -172.684840399964457, -13.619128700129352 ], [ -172.684599000343553, -13.619303299907301 ], [ -172.684405899712488, -13.619532699874128 ], [ -172.684030400382653, -13.619814300089843 ], [ -172.683528799914171, -13.620426900281188 ], [ -172.683182800146085, -13.620857000150409 ], [ -172.682986999750199, -13.621380900208351 ], [ -172.683135699952572, -13.621567899838681 ], [ -172.683316999679761, -13.62182990022967 ], [ -172.683497599734409, -13.62213420023312 ], [ -172.683490499586867, -13.622373800310584 ], [ -172.683204900086054, -13.622430900065922 ], [ -172.683002999588723, -13.622282900435437 ], [ -172.682998500280547, -13.622058700348703 ], [ -172.68280570002301, -13.622027299620129 ], [ -172.682626199839234, -13.622108000283959 ], [ -172.682399899835474, -13.622497400434611 ], [ -172.682294299642194, -13.622758399880183 ], [ -172.682061100039704, -13.622919800308466 ], [ -172.6819938001737, -13.623467000001995 ], [ -172.681935499823425, -13.62379900002378 ], [ -172.68204760031648, -13.624050099732244 ], [ -172.682036300334971, -13.624319599569844 ], [ -172.681486999825154, -13.624534499767321 ], [ -172.680926300408402, -13.624772300301345 ], [ -172.680302900258624, -13.62529699985663 ], [ -172.679670300044279, -13.625581299837052 ], [ -172.678802000112199, -13.626376600000071 ], [ -172.678699300232495, -13.62643369975541 ], [ -172.678616200177458, -13.626652600137334 ], [ -172.678638800140476, -13.626907299831998 ], [ -172.678661800301825, -13.627017599882265 ], [ -172.678750299886417, -13.627069700306379 ], [ -172.678761000020103, -13.627153099835652 ], [ -172.678715399895765, -13.627223499664751 ], [ -172.678597399850105, -13.627200000379673 ], [ -172.678516899735115, -13.627291299553804 ], [ -172.678339899666611, -13.627142700075524 ], [ -172.678200400428096, -13.627226099604741 ], [ -172.678114599708977, -13.627356399678035 ], [ -172.678132999838056, -13.62750829966825 ], [ -172.678238000183541, -13.627666600133466 ], [ -172.678417700016809, -13.627797000031478 ], [ -172.678527699693547, -13.627929900044819 ], [ -172.678685900334017, -13.628130599947156 ], [ -172.678881000158015, -13.62826180024183 ], [ -172.678935300323815, -13.628323500029467 ], [ -172.678925899710464, -13.628396399973838 ], [ -172.678887100259431, -13.628432999683127 ], [ -172.678814599614043, -13.628435599623174 ], [ -172.678718099660557, -13.628414700278142 ], [ -172.678597300025359, -13.628477900134953 ], [ -172.67842799995222, -13.628432300010616 ], [ -172.678285899874339, -13.628427500328826 ], [ -172.678213800326603, -13.628638900364933 ], [ -172.678374799657263, -13.628758799778723 ], [ -172.678573299817913, -13.628818799847693 ], [ -172.678696599568383, -13.628907400156322 ], [ -172.678774399918581, -13.629050799754566 ], [ -172.678844199899885, -13.629157700367557 ], [ -172.678862900402493, -13.629282799661439 ], [ -172.678774399918581, -13.629371399970069 ], [ -172.678782400287503, -13.629481799845166 ], [ -172.678447199578557, -13.62956430005238 ], [ -172.678511600030276, -13.629671199765994 ], [ -172.678637600444887, -13.6297285000702 ], [ -172.678811999674025, -13.629835399783815 ], [ -172.679120899709716, -13.629943400267678 ], [ -172.67921739966323, -13.630334000113976 ], [ -172.679149900147735, -13.630390599846237 ], [ -172.679141899778813, -13.630471400334784 ], [ -172.679257799907504, -13.630486499951985 ], [ -172.679371899593463, -13.630793300070707 ], [ -172.679365400193035, -13.630970899987005 ], [ -172.679142200152398, -13.631050200406378 ], [ -172.678979699853244, -13.631199700106038 ], [ -172.678705199785128, -13.63130499992576 ], [ -172.678872099567712, -13.631477800160326 ], [ -172.679195000249024, -13.631926300158568 ], [ -172.679334000363809, -13.632249299765306 ], [ -172.679060399617725, -13.632527299994877 ], [ -172.678993199576468, -13.632581199962374 ], [ -172.679495499717518, -13.632554300340644 ], [ -172.679616599726273, -13.632675400349399 ], [ -172.679621099933797, -13.632913100159385 ], [ -172.679378899916259, -13.633065599997394 ], [ -172.679110099751284, -13.63297899978096 ], [ -172.678930399917988, -13.632975899817893 ], [ -172.678924100167052, -13.633184199890877 ], [ -172.679230900285802, -13.63327640018565 ], [ -172.679208499972276, -13.633446800129661 ], [ -172.679060399617725, -13.633496199889692 ], [ -172.67888550036551, -13.633487200373963 ], [ -172.678888399779794, -13.633594600110655 ], [ -172.679073900240269, -13.633711500285472 ], [ -172.679015599889993, -13.633841499985181 ], [ -172.678827200015235, -13.633850500400229 ], [ -172.678665699762206, -13.633653199935168 ], [ -172.678594000412772, -13.633590400276717 ], [ -172.678414600053713, -13.633635200004449 ], [ -172.678087299888944, -13.633716499616696 ], [ -172.677876300051167, -13.634097199725943 ], [ -172.677665499862911, -13.634312500121723 ], [ -172.677539899646632, -13.634639900111267 ], [ -172.677378500117669, -13.634787899741752 ], [ -172.677777600355938, -13.634745299755707 ], [ -172.678024299681653, -13.634769999635751 ], [ -172.678167899828679, -13.634953900202277 ], [ -172.678248599593161, -13.635227500049041 ], [ -172.678172142830107, -13.635337649912572 ], [ -172.678136499999454, -13.635389000302098 ], [ -172.677878482705779, -13.635537650142396 ], [ -172.677565899946302, -13.635583399554207 ], [ -172.677360500186893, -13.635505600103329 ], [ -172.677140699583589, -13.635460699651503 ], [ -172.677042099713105, -13.635344099850272 ], [ -172.67701510026663, -13.635155699975542 ], [ -172.676952400432896, -13.634944899787229 ], [ -172.676735099944892, -13.634863600174981 ], [ -172.676905599713621, -13.63470910024472 ], [ -172.676656300447888, -13.634684799663717 ], [ -172.676428200001396, -13.634618400019122 ], [ -172.676324400250849, -13.634810399879996 ], [ -172.67619880003457, -13.634774499843274 ], [ -172.676151500191565, -13.634860000188837 ], [ -172.676005999777033, -13.63484179970925 ], [ -172.675673999755247, -13.634994300446579 ], [ -172.675750300036299, -13.635200600427311 ], [ -172.675647100133546, -13.635308199813551 ], [ -172.675512600226284, -13.635276799984297 ], [ -172.675310699728982, -13.635384500094574 ], [ -172.675194752835552, -13.635537650142396 ], [ -172.675185100412023, -13.635550399831061 ], [ -172.675274900416298, -13.635765700226841 ], [ -172.675095400232522, -13.635823999677825 ], [ -172.674947399702717, -13.635684999563011 ], [ -172.674758999827958, -13.635680500254864 ], [ -172.674570699777945, -13.635729800190063 ], [ -172.674157999991678, -13.63594509968658 ], [ -172.673871400444739, -13.636384399620283 ], [ -172.673754299721139, -13.636712099983356 ], [ -172.673489700289423, -13.636909500273191 ], [ -172.672987400148372, -13.637443200243467 ], [ -172.672767600444388, -13.637869299928184 ], [ -172.672481400196432, -13.638177899590346 ], [ -172.672336700178533, -13.638261200194165 ], [ -172.672363900173821, -13.638483800387007 ], [ -172.672314600238593, -13.638613899911491 ], [ -172.672108200433087, -13.638555599561244 ], [ -172.671905200064913, -13.638686700031144 ], [ -172.671644400268832, -13.638835500058235 ], [ -172.671429099873023, -13.639088000011157 ], [ -172.671812200272797, -13.639255299992044 ], [ -172.671830100378799, -13.639434700351103 ], [ -172.671520700320031, -13.639564799875586 ], [ -172.671771800028523, -13.640062599809085 ], [ -172.671821199788525, -13.640318300449167 ], [ -172.671771800028523, -13.640569499982405 ], [ -172.671830100378799, -13.640843099829169 ], [ -172.671762900337541, -13.641044899602377 ], [ -172.671664199742992, -13.641179500233704 ], [ -172.671376000302132, -13.641371300445087 ], [ -172.671274000094996, -13.641291599827412 ], [ -172.671269499887472, -13.641107700160205 ], [ -172.671031800077486, -13.64117500002618 ], [ -172.670870299824458, -13.641332000071714 ], [ -172.670772299801769, -13.641477799960455 ], [ -172.671085600220238, -13.641793999793208 ], [ -172.671094599735966, -13.642063100331768 ], [ -172.670791799801691, -13.642183599593409 ], [ -172.670170600292948, -13.642072000022722 ], [ -172.669654800428674, -13.641744600033235 ], [ -172.669433200281929, -13.641695300097979 ], [ -172.669274999641488, -13.641796900106783 ], [ -172.669146300361433, -13.642007999769305 ], [ -172.669192799807831, -13.6422694003125 ], [ -172.669663700119628, -13.642605799817773 ], [ -172.669699600156406, -13.6427404004491 ], [ -172.669538199728095, -13.642803200107551 ], [ -172.669825200372685, -13.643323400354575 ], [ -172.669748999916379, -13.643435599773056 ], [ -172.669406600134465, -13.643449899892914 ], [ -172.669170400393625, -13.643740600348394 ], [ -172.66913899966508, -13.644269800111147 ], [ -172.66911210004335, -13.644507599745907 ], [ -172.668766700123086, -13.644727299625117 ], [ -172.668721799671289, -13.644965100159197 ], [ -172.668676999943557, -13.64512649968816 ], [ -172.668430299718523, -13.645135500103208 ], [ -172.66820149959949, -13.645377700120719 ], [ -172.66819710011606, -13.645521200443 ], [ -172.668125300042533, -13.645812800220483 ], [ -172.667921600001819, -13.646066999892071 ], [ -172.667592299744797, -13.646281200417036 ], [ -172.667483899961979, -13.646709800217081 ], [ -172.667210300115244, -13.647104500072601 ], [ -172.667340399639698, -13.647423000371134 ], [ -172.667367300160748, -13.647656199973596 ], [ -172.667165399663446, -13.647786300397399 ], [ -172.666994999719435, -13.647768400291397 ], [ -172.666852000319523, -13.64770030002876 ], [ -172.666609300278964, -13.648024000207386 ], [ -172.666349100330677, -13.648140699833391 ], [ -172.666165199764123, -13.648109300004137 ], [ -172.665801899737858, -13.648185499561123 ], [ -172.665608999655575, -13.647970200064663 ], [ -172.66546100002509, -13.647875999677581 ], [ -172.665272600150359, -13.647893999608357 ], [ -172.665169500072352, -13.648145100216141 ], [ -172.664918299639794, -13.648239299703846 ], [ -172.66469849993581, -13.648140699833391 ], [ -172.66424999993751, -13.648199000183638 ], [ -172.663920199657468, -13.648480600399353 ], [ -172.663461799922089, -13.648672899734493 ], [ -172.663142099927938, -13.648647500181937 ], [ -172.662931299739654, -13.648889700199447 ], [ -172.662660700031267, -13.64900029972398 ], [ -172.66261740037271, -13.649176799769464 ], [ -172.662980700398975, -13.649526600072477 ], [ -172.663056899955933, -13.649921299927996 ], [ -172.662904400117952, -13.650158999737982 ], [ -172.662645399865283, -13.65024249999135 ], [ -172.662675699823666, -13.650459500105796 ], [ -172.662550099607387, -13.650701799948081 ], [ -172.662478300433179, -13.65058959963028 ], [ -172.662375099631106, -13.650957399864069 ], [ -172.662245099931397, -13.651109899702078 ], [ -172.662303400281672, -13.651491199659063 ], [ -172.662240599723873, -13.651755799990156 ], [ -172.662146400236168, -13.651823099856131 ], [ -172.662275399889779, -13.651963000192268 ], [ -172.662065699572338, -13.652033900044387 ], [ -172.661976000292157, -13.651885900413902 ], [ -172.661814500039128, -13.651993499800142 ], [ -172.661679900307121, -13.651899300312436 ], [ -172.661845899868354, -13.651760300197623 ], [ -172.661666500408643, -13.651621200258148 ], [ -172.661312100073332, -13.651693000331647 ], [ -172.660845699969059, -13.651836499754609 ], [ -172.66032539989726, -13.651818599648607 ], [ -172.659876800074244, -13.651715399745854 ], [ -172.659589800329002, -13.651796200234401 ], [ -172.659186100058434, -13.651549500009367 ], [ -172.658809300308945, -13.651477699935867 ], [ -172.658396700347424, -13.651491199659063 ], [ -172.657988499869333, -13.651639200188868 ], [ -172.657782100063827, -13.651919400160125 ], [ -172.657840500238876, -13.652410699793904 ], [ -172.657910800243201, -13.652718099760477 ], [ -172.657710399815073, -13.652957900386752 ], [ -172.65672099987421, -13.653307000117934 ], [ -172.656007100047589, -13.653549899807956 ], [ -172.655266000225708, -13.654307899689798 ], [ -172.654330600077117, -13.65505859977452 ], [ -172.654431700062872, -13.655680400030406 ], [ -172.654485500205652, -13.656173799581154 ], [ -172.654197299865473, -13.656538599676594 ], [ -172.653615399830812, -13.656721000173945 ], [ -172.653220699975293, -13.656711999758954 ], [ -172.652767599944752, -13.656985700329756 ], [ -172.652300000144862, -13.657269699936649 ], [ -172.651786400022303, -13.657660000308738 ], [ -172.650480099676827, -13.658420899604778 ], [ -172.649304999625997, -13.658878400018125 ], [ -172.648520100122482, -13.65916100027988 ], [ -172.648173100308298, -13.659741599894858 ], [ -172.647596099780145, -13.660479699578445 ], [ -172.647313500417681, -13.661376800299024 ], [ -172.646410199770884, -13.662852399818348 ], [ -172.645967899698775, -13.664189000122235 ], [ -172.645900699657545, -13.665503200112539 ], [ -172.646155300426756, -13.666483200339371 ], [ -172.64627390032021, -13.66686109995976 ], [ -172.64641029959563, -13.667190400216725 ], [ -172.646026200049079, -13.667270400308666 ], [ -172.645748199819536, -13.667503699735903 ], [ -172.645617999570987, -13.667850800274152 ], [ -172.645576299806351, -13.668274499668371 ], [ -172.644739000404513, -13.668692300409305 ], [ -172.644362199755676, -13.668983800362071 ], [ -172.644004999830855, -13.669426700281974 ], [ -172.643718199735105, -13.6701364002746 ], [ -172.643496499763614, -13.670616499751588 ], [ -172.643020899594802, -13.671248500118168 ], [ -172.642469400242589, -13.671675000001187 ], [ -172.64183250036956, -13.672379199740249 ], [ -172.63919640039353, -13.674903200122515 ], [ -172.638861099859838, -13.675263199636902 ], [ -172.638181500176074, -13.676209600292793 ], [ -172.63793479995104, -13.676859999889018 ], [ -172.637562500409047, -13.677259199952061 ], [ -172.637145400240001, -13.677568699835604 ], [ -172.637136399824954, -13.678017199833846 ], [ -172.636965999880971, -13.678245900128161 ], [ -172.636685200061919, -13.67824270034032 ], [ -172.636257299934414, -13.678649600398671 ], [ -172.635961000299886, -13.678904100443845 ], [ -172.634659800009729, -13.680188100300541 ], [ -172.63380690006835, -13.681149300199991 ], [ -172.633523100110949, -13.681658800313357 ], [ -172.633596599903143, -13.682161800126948 ], [ -172.633515900138661, -13.682834600036699 ], [ -172.633847800335701, -13.68324719999822 ], [ -172.633719799828867, -13.683863500000484 ], [ -172.633650400045894, -13.684359600215316 ], [ -172.63272610022932, -13.684858800393272 ], [ -172.632062600208798, -13.685633399961375 ], [ -172.63117449990321, -13.686073000268721 ], [ -172.630725999904939, -13.685902499600616 ], [ -172.630160900105437, -13.686234399797684 ], [ -172.629775099940872, -13.686395900050684 ], [ -172.629227900247372, -13.686171600139176 ], [ -172.629353499564331, -13.686638100068194 ], [ -172.629084399925091, -13.686880300085761 ], [ -172.628869100428602, -13.686727800247752 ], [ -172.628770399834053, -13.686916200122482 ], [ -172.628285999799033, -13.686988000195981 ], [ -172.628061699887525, -13.686996899886992 ], [ -172.628124500445324, -13.68749030033706 ], [ -172.627254400070484, -13.687579999617242 ], [ -172.626778999551163, -13.687624900069011 ], [ -172.626240700447937, -13.688172099762539 ], [ -172.625804899776284, -13.688741500120102 ], [ -172.625783200034618, -13.689939299958667 ], [ -172.625855000108146, -13.690495500067243 ], [ -172.625475100395533, -13.691123600074036 ], [ -172.624922000250081, -13.691509099865016 ], [ -172.624665099914409, -13.692209599793159 ], [ -172.623800700342031, -13.693105900117132 ], [ -172.623352200343732, -13.693590300152209 ], [ -172.622625600291201, -13.693895299828171 ], [ -172.622176999568836, -13.69392220034922 ], [ -172.62187860001734, -13.69451059978428 ], [ -172.621540099695807, -13.694388700278239 ], [ -172.610222237865969, -13.678412735159554 ], [ -172.597016228715944, -13.658782181552397 ], [ -172.583096381792558, -13.637367033062105 ], [ -172.569176534869172, -13.616665722345147 ], [ -172.584167139801622, -13.610241177887985 ], [ -172.602370016063361, -13.602388956085406 ], [ -172.621286730997809, -13.593465977173082 ] ] ] ] } },
{ "type": "Feature", "properties": { "shapeName": "Tuamasaga", "shapeISO": "", "shapeID": "40696546B29543190564601", "shapeGroup": "WSM", "shapeType": "ADM1" }, "geometry": { "type": "Polygon", "coordinates": [ [ [ -171.906854114525743, -13.950562108554436 ], [ -171.907758690411214, -13.975136420709191 ], [ -171.908682900295588, -14.004964100113057 ], [ -171.908594600360487, -14.004969999665718 ], [ -171.908600699562612, -14.005085200121869 ], [ -171.908506300425387, -14.005123600273862 ], [ -171.908411199816982, -14.005240299899867 ], [ -171.908345200370661, -14.005230800361119 ], [ -171.90826770039402, -14.005237000287309 ], [ -171.908203100292809, -14.005157699867937 ], [ -171.908020099947635, -14.005212000033737 ], [ -171.907802699634857, -14.005255799715314 ], [ -171.907705800382359, -14.005274600042696 ], [ -171.907729500216249, -14.005358200120781 ], [ -171.907699300082612, -14.005416700120577 ], [ -171.907630400322688, -14.005441700374149 ], [ -171.907656299898292, -14.005552399723399 ], [ -171.907587400138368, -14.005635999801484 ], [ -171.907542200212333, -14.005594200212101 ], [ -171.907516399562155, -14.00551279987576 ], [ -171.907389300176021, -14.005525299552858 ], [ -171.907441000401832, -14.005681900299408 ], [ -171.907354900208446, -14.005698699635218 ], [ -171.907199900255165, -14.005320600365394 ], [ -171.907079300269459, -14.005316399632079 ], [ -171.906993200076101, -14.005383300199071 ], [ -171.90689639974903, -14.005347800360653 ], [ -171.906812400371962, -14.00531429971511 ], [ -171.906737100137036, -14.005274600042696 ], [ -171.906545499575117, -14.005243300038217 ], [ -171.906508899865798, -14.005329000033271 ], [ -171.906396900096837, -14.005345700443684 ], [ -171.906315099562164, -14.005249599789181 ], [ -171.906175200125347, -14.00522870044415 ], [ -171.906149400374488, -14.005420899954515 ], [ -171.906082599632242, -14.005424999963736 ], [ -171.906048199664667, -14.005354000286843 ], [ -171.906013699872318, -14.005224499710835 ], [ -171.905860299812957, -14.005181000402786 ], [ -171.905592800067637, -14.005064600251046 ], [ -171.90538319957497, -14.004979900302089 ], [ -171.905290099958108, -14.005005299854645 ], [ -171.905223099566371, -14.005078699822093 ], [ -171.905077600051186, -14.005070200329442 ], [ -171.905036799608581, -14.005002500265107 ], [ -171.904917500042558, -14.005061799762188 ], [ -171.904804000204422, -14.005126700236985 ], [ -171.904608900380424, -14.005138000218494 ], [ -171.904466300279495, -14.005070200329442 ], [ -171.904267300095796, -14.004921900325371 ], [ -171.90421039998995, -14.004925299762704 ], [ -171.904123600124024, -14.004930399818079 ], [ -171.903901599778976, -14.004955300246877 ], [ -171.903730900360728, -14.005040900417157 ], [ -171.90352589990033, -14.005148599628114 ], [ -171.90322989974004, -14.005173400232195 ], [ -171.902884700368588, -14.00485199962003 ], [ -171.902945300285353, -14.004637700169667 ], [ -171.902697900387778, -14.004311400051051 ], [ -171.902475599669174, -14.004066000245643 ], [ -171.902250799734588, -14.003938999784964 ], [ -171.901943799966375, -14.003907199757407 ], [ -171.901798199727097, -14.00377050010843 ], [ -171.901658699589291, -14.003532999947936 ], [ -171.901701400299345, -14.003259599750663 ], [ -171.901906999708245, -14.003129100027877 ], [ -171.901931999961789, -14.003113200014127 ], [ -171.90201290027511, -14.002833699715438 ], [ -171.901934799551327, -14.002541500090103 ], [ -171.901798199727097, -14.002248800441748 ], [ -171.90155060018003, -14.001892499838959 ], [ -171.901293900393171, -14.001582800305926 ], [ -171.900872899864396, -14.001374400408224 ], [ -171.900708099998781, -14.001213099804659 ], [ -171.900474900396318, -14.001152999910971 ], [ -171.900269700286401, -14.001318100150172 ], [ -171.900138800365312, -14.001409199674754 ], [ -171.899996499738648, -14.001367800283731 ], [ -171.899865599817559, -14.001110899948003 ], [ -171.899745999877979, -14.001124799869558 ], [ -171.899552499947873, -14.001105399694382 ], [ -171.899390200197558, -14.001373299638033 ], [ -171.899738200057868, -14.001391900315923 ], [ -171.899885500015785, -14.001613600287385 ], [ -171.899774500292921, -14.001746100102366 ], [ -171.899660600256482, -14.001666100010482 ], [ -171.89951829962979, -14.00182069976546 ], [ -171.899572400146127, -14.001889800074196 ], [ -171.899484399685264, -14.002035400313446 ], [ -171.899202400170594, -14.002182499722551 ], [ -171.898898199991919, -14.002436599569364 ], [ -171.898726999651274, -14.002455899919823 ], [ -171.898618900242013, -14.002450399666145 ], [ -171.898339899966373, -14.00256090026528 ], [ -171.898260200248018, -14.002547100168499 ], [ -171.898061000414799, -14.002610600398839 ], [ -171.89794710037836, -14.002646500435617 ], [ -171.897927200180106, -14.002803899780076 ], [ -171.897826799866891, -14.002853799563127 ], [ -171.897508000094092, -14.002819899618601 ], [ -171.897411299591766, -14.002969099844051 ], [ -171.896478600107287, -14.003024800254309 ], [ -171.895675199750627, -14.002703299817369 ], [ -171.894493700124144, -14.002215100146714 ], [ -171.893122199829634, -14.002043899806097 ], [ -171.892549700408324, -14.00201350002294 ], [ -171.892276499860543, -14.001980399575757 ], [ -171.892105699718229, -14.001881000207959 ], [ -171.890961399648859, -14.00189869976515 ], [ -171.890483400088812, -14.002217100238965 ], [ -171.890235400343414, -14.002382300302884 ], [ -171.888901999827397, -14.002606600214392 ], [ -171.888560100068531, -14.002740600098548 ], [ -171.888366600138454, -14.00198959964024 ], [ -171.887993699849346, -14.00120039957875 ], [ -171.887319100396127, -14.00068609978365 ], [ -171.886840900287297, -14.000514799618259 ], [ -171.886647099983662, -14.000612799640919 ], [ -171.886410300395028, -14.000732399580556 ], [ -171.886157800442106, -14.000647400157334 ], [ -171.88597000041517, -14.00039330031052 ], [ -171.8859943999216, -13.99990270034931 ], [ -171.884689099622221, -13.998675499874366 ], [ -171.882177199618042, -13.997188700198308 ], [ -171.879320999564442, -13.99556569999703 ], [ -171.877920599556006, -13.994936000096288 ], [ -171.877631800267352, -13.994851200322614 ], [ -171.877243199613957, -13.994737199562053 ], [ -171.874917399918047, -13.99348279999117 ], [ -171.874613199739343, -13.993422500447991 ], [ -171.874470900012, -13.993339699867192 ], [ -171.874191600262122, -13.993059499895935 ], [ -171.874134999630513, -13.993002699614863 ], [ -171.872837099852262, -13.992290200032642 ], [ -171.870990899610291, -13.991459300206486 ], [ -171.870838999620105, -13.991063899779078 ], [ -171.870963499965512, -13.990834900010555 ], [ -171.871191899886242, -13.990649600098948 ], [ -171.871524899954153, -13.990508599891939 ], [ -171.871709900391551, -13.990450799564712 ], [ -171.871858099671527, -13.990594500435805 ], [ -171.871998199657156, -13.990864399572331 ], [ -171.872013300173649, -13.991182499672561 ], [ -171.872019400275065, -13.991311900423796 ], [ -171.872732300055588, -13.991318999672046 ], [ -171.873186400132226, -13.991458099611577 ], [ -171.873567799914014, -13.991542099887965 ], [ -171.873883800097275, -13.991463699689916 ], [ -171.874185500160678, -13.991466400354057 ], [ -171.87435909989253, -13.99133939989332 ], [ -171.874717799886525, -13.991300700267061 ], [ -171.874738100283082, -13.991075299585361 ], [ -171.875095999880472, -13.990994699645626 ], [ -171.875306100396188, -13.991293899593757 ], [ -171.875479200104962, -13.991364199598081 ], [ -171.875811299951494, -13.991475499694502 ], [ -171.875813300043745, -13.991596599703257 ], [ -171.875847500361829, -13.991641500155083 ], [ -171.876109200379261, -13.991653200334895 ], [ -171.87626010032335, -13.991834900260415 ], [ -171.876495600391621, -13.991910999992626 ], [ -171.876535800087083, -13.991821199988351 ], [ -171.876755900164625, -13.991886399937357 ], [ -171.876881000357855, -13.991542500086268 ], [ -171.876811599675563, -13.991448199874469 ], [ -171.876851599721533, -13.991258600304093 ], [ -171.875662499924402, -13.991017299608643 ], [ -171.875312699621361, -13.990534600191609 ], [ -171.874628800278884, -13.990248099570067 ], [ -171.874333499791163, -13.990474899596904 ], [ -171.874239599777667, -13.990690299817459 ], [ -171.874100200363927, -13.990791100328977 ], [ -171.873769900060807, -13.990916800369973 ], [ -171.873644700042831, -13.991206800253565 ], [ -171.873455399946721, -13.991353799837952 ], [ -171.872573200093086, -13.990846199992063 ], [ -171.872286599646827, -13.990608199808548 ], [ -171.871698600410042, -13.990119799589024 ], [ -171.871340699913333, -13.98994669988025 ], [ -171.870899200237886, -13.989973499677205 ], [ -171.870690599791317, -13.989919300235499 ], [ -171.870545299925624, -13.989980800373587 ], [ -171.870417900165933, -13.989981400221382 ], [ -171.870286500221795, -13.989965000184554 ], [ -171.870160900005516, -13.98998069964955 ], [ -171.870094899659875, -13.990002699764716 ], [ -171.870028900213555, -13.990046600170388 ], [ -171.869991199734045, -13.990093800188674 ], [ -171.869909599748212, -13.990298000252437 ], [ -171.869843600301891, -13.990404800141391 ], [ -171.869796500108379, -13.990467599799842 ], [ -171.869752499877933, -13.990495899665973 ], [ -171.869711599610611, -13.990517899781196 ], [ -171.869680199781357, -13.990527300394547 ], [ -171.869633099587844, -13.99053040035767 ], [ -171.86957339989246, -13.990517899781196 ], [ -171.869519999948011, -13.990464499836776 ], [ -171.869460300252626, -13.990379600238327 ], [ -171.869375499579604, -13.990341899758846 ], [ -171.869328400285411, -13.99032620029385 ], [ -171.869242999764595, -13.990318299749674 ], [ -171.86887599992744, -13.99027280034943 ], [ -171.868483300164144, -13.99019740028973 ], [ -171.868238299657776, -13.990178599962348 ], [ -171.868021500092141, -13.99018799967638 ], [ -171.867657100195004, -13.990150300096218 ], [ -171.867465499633084, -13.99014400034531 ], [ -171.867248700067421, -13.990203700040695 ], [ -171.866937700114732, -13.990209999791603 ], [ -171.866563899604245, -13.99019740028973 ], [ -171.86599839960644, -13.990118900266964 ], [ -171.865662299575433, -13.990027799843062 ], [ -171.865462300244928, -13.989955499746486 ], [ -171.865313600042583, -13.989977499861709 ], [ -171.865206800153686, -13.99001520034119 ], [ -171.86513450005711, -13.990021500092098 ], [ -171.865037099882215, -13.989990100262844 ], [ -171.864600499713276, -13.98975760033295 ], [ -171.864355400281482, -13.989587999886226 ], [ -171.86398469973409, -13.989333499841109 ], [ -171.863865400168066, -13.989321000163955 ], [ -171.863824499900716, -13.989339799592017 ], [ -171.863626899961446, -13.989445899808402 ], [ -171.863425600211258, -13.989493699674426 ], [ -171.863296800207138, -13.98946549963307 ], [ -171.863098899894283, -13.989289600334757 ], [ -171.862746999674272, -13.988830900225821 ], [ -171.862447699901395, -13.988389500375092 ], [ -171.862060600216495, -13.987750200211508 ], [ -171.861463700389436, -13.98696169982253 ], [ -171.860766300424388, -13.986082099908913 ], [ -171.860119200440721, -13.985296700382378 ], [ -171.859764200257615, -13.984866399964346 ], [ -171.859440599903735, -13.984580500089976 ], [ -171.859220700375005, -13.984448500298015 ], [ -171.859047900140439, -13.984260100423228 ], [ -171.858827999712389, -13.984124999768881 ], [ -171.858586100068436, -13.983920799705118 ], [ -171.858334799811132, -13.983795099664064 ], [ -171.85797349987709, -13.983641199581655 ], [ -171.857832200195844, -13.983572100172239 ], [ -171.85775360034836, -13.983565800421331 ], [ -171.857659399961307, -13.98360040003837 ], [ -171.857621700381145, -13.98363489983069 ], [ -171.857563800229173, -13.983688199950393 ], [ -171.857482499717548, -13.983681300351691 ], [ -171.857305499649073, -13.983666199835227 ], [ -171.857039300323436, -13.983542999909446 ], [ -171.85690860005181, -13.983480999748281 ], [ -171.856773500296782, -13.983402399900797 ], [ -171.856619600214344, -13.983399299937673 ], [ -171.856179800257536, -13.983374199859384 ], [ -171.855809099710143, -13.983396199974607 ], [ -171.855601699858539, -13.983408699651704 ], [ -171.855438400062098, -13.983440100380278 ], [ -171.855064499726865, -13.983531199904917 ], [ -171.854857199699978, -13.983622300328875 ], [ -171.854508500167128, -13.983886200088023 ], [ -171.854078099924351, -13.984310299680544 ], [ -171.853864500146528, -13.984589899804007 ], [ -171.853613199889224, -13.984878899641444 ], [ -171.853443499617782, -13.985054899663851 ], [ -171.853292800222533, -13.985271600304088 ], [ -171.853135700352254, -13.985538600026302 ], [ -171.853079099720645, -13.985705099610641 ], [ -171.852956600366781, -13.986107199987259 ], [ -171.852903200422332, -13.986298900373924 ], [ -171.8529188998873, -13.986424499690884 ], [ -171.852934600251587, -13.986584700423521 ], [ -171.8529188998873, -13.98683289981841 ], [ -171.852846699615469, -13.987197299715547 ], [ -171.852805800247467, -13.987338700120858 ], [ -171.852786999920085, -13.987586900415067 ], [ -171.85281839974931, -13.987718800382311 ], [ -171.852812099998403, -13.987907300081815 ], [ -171.852802700284371, -13.988237200186575 ], [ -171.852742999689667, -13.988425600061362 ], [ -171.852611099722452, -13.988598400295871 ], [ -171.852460299603109, -13.988733500050955 ], [ -171.85240369987082, -13.988843499727693 ], [ -171.852296899981923, -13.989041400040549 ], [ -171.852224699710092, -13.989305299799696 ], [ -171.852161800226867, -13.98946549963307 ], [ -171.852092699918131, -13.989591099849349 ], [ -171.852004800181362, -13.989716799890346 ], [ -171.851919899683594, -13.989773299797889 ], [ -171.851828800158984, -13.98980159966402 ], [ -171.851759699850248, -13.989811000277371 ], [ -171.851615200381161, -13.989773299797889 ], [ -171.851464400261847, -13.989713699927279 ], [ -171.850946100282272, -13.989550300306064 ], [ -171.850569099983943, -13.989380699859339 ], [ -171.85029889957454, -13.989239300353404 ], [ -171.850101000161004, -13.989151299892512 ], [ -171.849877999769859, -13.989104199699 ], [ -171.849620399761619, -13.989053899717646 ], [ -171.849076899879009, -13.988969099943972 ], [ -171.848549100360657, -13.988925099713526 ], [ -171.848238100407968, -13.988925099713526 ], [ -171.848096799827431, -13.98895029961659 ], [ -171.84796480003547, -13.988943999865683 ], [ -171.847601900207508, -13.988968199722592 ], [ -171.847191800361259, -13.988920800054814 ], [ -171.846958199661145, -13.988893799709047 ], [ -171.846711399611365, -13.988943999865683 ], [ -171.846390999944674, -13.988934600151651 ], [ -171.846061099839858, -13.988962800193008 ], [ -171.845772100002392, -13.989000499773226 ], [ -171.845523899708184, -13.988994299847036 ], [ -171.845225500156687, -13.988953399579657 ], [ -171.844835900356486, -13.98884659969076 ], [ -171.844477800210285, -13.988790099783216 ], [ -171.844028599640126, -13.988724100336924 ], [ -171.843830700226619, -13.988708399972609 ], [ -171.843657899992053, -13.988714699723573 ], [ -171.843522800237025, -13.988714699723573 ], [ -171.843315500210139, -13.98866439974222 ], [ -171.843035900086704, -13.988551300102358 ], [ -171.842671500189567, -13.988450799964426 ], [ -171.842391900066104, -13.988413100384207 ], [ -171.842033700095158, -13.988255999614637 ], [ -171.841864099648461, -13.988205699633284 ], [ -171.841664700165751, -13.988148099854868 ], [ -171.841405400438845, -13.988142899974832 ], [ -171.841323799553692, -13.988180599554994 ], [ -171.841116399702059, -13.988268600015829 ], [ -171.840937400440652, -13.988328299711213 ], [ -171.840726899726604, -13.988400499983015 ], [ -171.84035300029069, -13.988598400295871 ], [ -171.839960400352169, -13.988780600244468 ], [ -171.839737300136278, -13.988925099713526 ], [ -171.839574000339809, -13.989016200137485 ], [ -171.839495399592977, -13.989066500118838 ], [ -171.839416899570239, -13.989123099851156 ], [ -171.839354099911759, -13.9891795997587 ], [ -171.839344600372982, -13.98923299970312 ], [ -171.839344600372982, -13.989283299684473 ], [ -171.839344600372982, -13.989343000279177 ], [ -171.839316400331569, -13.989537699904872 ], [ -171.839200100004575, -13.989726199604377 ], [ -171.839077599751391, -13.9899336003553 ], [ -171.838939400033269, -13.990178599962348 ], [ -171.838669199623837, -13.99044880037178 ], [ -171.838342500206181, -13.990700099729793 ], [ -171.838119499815036, -13.990879099890492 ], [ -171.837852400268019, -13.991011099682453 ], [ -171.837447199928306, -13.991164999764862 ], [ -171.837101600358551, -13.991171300415147 ], [ -171.836800000119894, -13.991080199991188 ], [ -171.83657699972872, -13.991001699968422 ], [ -171.836121500306973, -13.990687500227921 ], [ -171.836017800381143, -13.990555600260677 ], [ -171.835932999708149, -13.990389099777076 ], [ -171.835917300243182, -13.99027280034943 ], [ -171.835895300127959, -13.990153499884059 ], [ -171.83584190018351, -13.990052899921352 ], [ -171.83581360031738, -13.989977499861709 ], [ -171.835863900298733, -13.989873899760596 ], [ -171.835923599994118, -13.98977649958573 ], [ -171.835936099671244, -13.989707400176314 ], [ -171.835948700072436, -13.989581700135318 ], [ -171.835964400436694, -13.989515699789649 ], [ -171.835995800265948, -13.989471800283297 ], [ -171.836064899675364, -13.989424600265068 ], [ -171.836156000099294, -13.989371200320591 ], [ -171.836215699794678, -13.989330399877986 ], [ -171.836332000121672, -13.989245600104312 ], [ -171.836394799780152, -13.989104199699 ], [ -171.836438800010598, -13.989035100289584 ], [ -171.836586400342071, -13.988997399810103 ], [ -171.836708899695935, -13.988994299847036 ], [ -171.836790600405863, -13.988965999980849 ], [ -171.83689740029476, -13.988912600036429 ], [ -171.836941399625857, -13.988881200207175 ], [ -171.837019899648624, -13.988720899649763 ], [ -171.83702620029888, -13.988623600198935 ], [ -171.836976000142272, -13.988576400180705 ], [ -171.836781199792512, -13.988447600176585 ], [ -171.836746600175417, -13.988344000075472 ], [ -171.83674350021235, -13.988274899766793 ], [ -171.836737199562094, -13.988199499707093 ], [ -171.836699499981904, -13.988042399836843 ], [ -171.836658700438647, -13.987998399606397 ], [ -171.836592700093007, -13.987970099740267 ], [ -171.836460800125792, -13.987951300312204 ], [ -171.836124600270068, -13.987932400160105 ], [ -171.835932999708149, -13.987885299966592 ], [ -171.835810500354285, -13.987835099809956 ], [ -171.83571310017939, -13.987775400114572 ], [ -171.835537899654327, -13.987706000331627 ], [ -171.835477299737562, -13.987693200280944 ], [ -171.835419399585589, -13.987647199958246 ], [ -171.835406200235923, -13.987583300428923 ], [ -171.835474699797544, -13.98745799968691 ], [ -171.835458899608511, -13.987355799830254 ], [ -171.835382500402034, -13.987314899562932 ], [ -171.835255999964403, -13.987294400416204 ], [ -171.835195400047638, -13.987235600042879 ], [ -171.835219099881527, -13.987141000356814 ], [ -171.835148000379888, -13.98712060013554 ], [ -171.835142699775759, -13.986890499596825 ], [ -171.835187500402782, -13.986783099860133 ], [ -171.835263899609259, -13.986752500427485 ], [ -171.835321899585978, -13.98669880010948 ], [ -171.835374599857857, -13.986583700377423 ], [ -171.835255999964403, -13.986555600160784 ], [ -171.835321899585978, -13.986458500359447 ], [ -171.835242799715417, -13.986407300156714 ], [ -171.835213900001463, -13.986305100300115 ], [ -171.835037300131262, -13.986182400397411 ], [ -171.834568399911689, -13.986384299995393 ], [ -171.834531499828813, -13.986330599677387 ], [ -171.834636900372629, -13.986223299765413 ], [ -171.8346026002298, -13.986197699664046 ], [ -171.834628999828453, -13.986036599609349 ], [ -171.834441900373378, -13.986044299604714 ], [ -171.834418199640169, -13.985988100070699 ], [ -171.834423500244327, -13.985885800389326 ], [ -171.834368200032372, -13.985819300020637 ], [ -171.834120499761241, -13.985768199642678 ], [ -171.834110000176338, -13.985704300113298 ], [ -171.834170600093103, -13.985556000109284 ], [ -171.833857000200368, -13.985438400261899 ], [ -171.833814900237428, -13.985369399777937 ], [ -171.833743799836469, -13.985351499671935 ], [ -171.833572499671106, -13.985269700036554 ], [ -171.833446099957513, -13.985262000041246 ], [ -171.833330100004076, -13.985305500248614 ], [ -171.833211599935368, -13.985285000202566 ], [ -171.833011300231306, -13.985428200151262 ], [ -171.832940199830318, -13.985397499994576 ], [ -171.832890200222522, -13.985420500155897 ], [ -171.832956800415985, -13.985601000385827 ], [ -171.83291599997338, -13.985636799698511 ], [ -171.832825100098262, -13.985654699804513 ], [ -171.832750000412176, -13.985618899592509 ], [ -171.832694700200221, -13.985461699897485 ], [ -171.83264459986836, -13.985493599749759 ], [ -171.832591899596451, -13.98543859991139 ], [ -171.832539200223891, -13.985491099634487 ], [ -171.832533899619733, -13.985531999901809 ], [ -171.832601099660991, -13.985634199758465 ], [ -171.832530000159352, -13.985701999647517 ], [ -171.832514199970319, -13.98586430029718 ], [ -171.832474699947426, -13.985897499669818 ], [ -171.832507599845826, -13.98593839993714 ], [ -171.832622199554834, -13.985979300204519 ], [ -171.832722300393812, -13.986104600047213 ], [ -171.832835800231976, -13.986372099792504 ], [ -171.832884199945852, -13.986734600321483 ], [ -171.832849799978248, -13.986825000173553 ], [ -171.832772499651099, -13.986837599675425 ], [ -171.83276970006159, -13.986885500265601 ], [ -171.832784600029242, -13.986949700168509 ], [ -171.83269980025554, -13.987017500057561 ], [ -171.832680300255618, -13.987107899909631 ], [ -171.832636499674692, -13.987116000103299 ], [ -171.832618800117501, -13.987086200167937 ], [ -171.8325480000901, -13.9870645004263 ], [ -171.832299799795891, -13.987266999872077 ], [ -171.832231300234298, -13.987246499826085 ], [ -171.832148300004008, -13.98729129955376 ], [ -171.832059300396367, -13.987256500287231 ], [ -171.831966199880185, -13.987363099627316 ], [ -171.832044400428714, -13.987386599811714 ], [ -171.831971700133835, -13.987590899700194 ], [ -171.831936300120134, -13.987610799898448 ], [ -171.831813399668619, -13.987601699658683 ], [ -171.83177610028676, -13.987650499570861 ], [ -171.831727699673564, -13.987679400184106 ], [ -171.831690400291706, -13.98771380015171 ], [ -171.831636399600143, -13.987717400137853 ], [ -171.831617799821572, -13.987751800105457 ], [ -171.831631300444144, -13.987807100317355 ], [ -171.831620799959921, -13.987862700003575 ], [ -171.831575600033887, -13.987933000007899 ], [ -171.831567200365981, -13.987998100132188 ], [ -171.831609199604856, -13.988021600316529 ], [ -171.831547700366059, -13.98815539965193 ], [ -171.831634299683145, -13.988201499799345 ], [ -171.831626999886112, -13.988386299687932 ], [ -171.831499199928118, -13.988699399557618 ], [ -171.831538699951011, -13.98876720034599 ], [ -171.831493900223279, -13.988838799870678 ], [ -171.831532099826518, -13.988850300400998 ], [ -171.831497900407754, -13.988926999981004 ], [ -171.831418799637873, -13.988979399879327 ], [ -171.831342400431396, -13.98920309994304 ], [ -171.831401699928477, -13.989211999634051 ], [ -171.8314122004127, -13.989261900316421 ], [ -171.831457000140404, -13.989283600058059 ], [ -171.831387200159128, -13.989426700182037 ], [ -171.831475500094228, -13.989458699859085 ], [ -171.831455699720749, -13.989532800398365 ], [ -171.831515000117122, -13.989585200296688 ], [ -171.83152029982196, -13.989732199881075 ], [ -171.831551900199997, -13.9898024998854 ], [ -171.831601899807794, -13.989820399991402 ], [ -171.831607200411952, -13.989943099894106 ], [ -171.831533400246201, -13.990010899783158 ], [ -171.831555799660407, -13.990208999745505 ], [ -171.831499199928118, -13.990271599754465 ], [ -171.831457000140404, -13.990229499791553 ], [ -171.8314122004127, -13.990246100377192 ], [ -171.831397699744031, -13.990320200017152 ], [ -171.831283100035023, -13.990426300233537 ], [ -171.831362199905584, -13.990625699716247 ], [ -171.831455699720749, -13.990679400034253 ], [ -171.831470200389418, -13.990747100098531 ], [ -171.831543999655821, -13.990808500411902 ], [ -171.831591400222919, -13.991221399847689 ], [ -171.831667800328688, -13.991241800068963 ], [ -171.831700700227117, -13.991356799976302 ], [ -171.831800800166775, -13.991395200128352 ], [ -171.831773199973185, -13.99163930041334 ], [ -171.831827199765428, -13.991690499716753 ], [ -171.831961500023169, -13.991730099564393 ], [ -171.831998400106045, -13.991799100048411 ], [ -171.832009000415013, -13.991884700218691 ], [ -171.831969500392091, -13.991986999900064 ], [ -171.83181450043881, -13.992154799904029 ], [ -171.83177169990401, -13.992281300341688 ], [ -171.83168039983056, -13.992333800064785 ], [ -171.831618899692444, -13.992328299811163 ], [ -171.831617100149032, -13.992263300410912 ], [ -171.83168409964145, -13.992201800272824 ], [ -171.831620799959921, -13.992201800272824 ], [ -171.831587300213698, -13.992241599769955 ], [ -171.831527599618994, -13.99219820028668 ], [ -171.831466200204943, -13.992210799788552 ], [ -171.831510900107929, -13.992290399682133 ], [ -171.831585399946221, -13.9923499995528 ], [ -171.831587300213698, -13.992445799833774 ], [ -171.831443799891417, -13.992489200216369 ], [ -171.831406600334304, -13.99243859986143 ], [ -171.831337599850315, -13.992472999829033 ], [ -171.831298500025724, -13.992626600437234 ], [ -171.831257499933656, -13.99271340030316 ], [ -171.831265000279501, -13.992847099813787 ], [ -171.831294800214835, -13.992881499781333 ], [ -171.831328299961058, -13.993060400117315 ], [ -171.831242599965975, -13.993096599628302 ], [ -171.831261299569292, -13.993158099766447 ], [ -171.8313468997396, -13.993201400324324 ], [ -171.831265000279501, -13.993279199775202 ], [ -171.831248200044371, -13.993335199659668 ], [ -171.831397199720953, -13.993376799599559 ], [ -171.831443799891417, -13.993503300037219 ], [ -171.831412099688634, -13.993658800013577 ], [ -171.831363699974759, -13.993656999570817 ], [ -171.83130779991501, -13.993553900392158 ], [ -171.831253800122738, -13.993577399677235 ], [ -171.831265000279501, -13.993703999939612 ], [ -171.831313399993377, -13.993734700096297 ], [ -171.831384200020779, -13.993721999870331 ], [ -171.831423299845397, -13.993765400252983 ], [ -171.831289200136439, -13.993819700418783 ], [ -171.831337599850315, -13.993853999662292 ], [ -171.83143450000216, -13.993915499800437 ], [ -171.831467999748355, -13.994061900436293 ], [ -171.831581700135331, -13.994246300126576 ], [ -171.831540700043234, -13.994374600107676 ], [ -171.831492300329359, -13.994461399973602 ], [ -171.831706499954976, -13.994580700438917 ], [ -171.831749299590484, -13.994690899765146 ], [ -171.831734399622803, -13.994826500442571 ], [ -171.831605899992269, -13.995005499704007 ], [ -171.831510900107929, -13.99512110035846 ], [ -171.831527599618994, -13.995303699605984 ], [ -171.831514599918819, -13.995370600173032 ], [ -171.831494800444659, -13.995461300398631 ], [ -171.831485200181817, -13.995532700273827 ], [ -171.831304500302423, -13.995678599987343 ], [ -171.83113759962049, -13.995792300374319 ], [ -171.83088459964452, -13.99585369978837 ], [ -171.83073440027232, -13.995907400106375 ], [ -171.830615800378865, -13.996003300212067 ], [ -171.830614699608674, -13.996123800373027 ], [ -171.830686899880504, -13.996229600215827 ], [ -171.830647399857583, -13.996298699625243 ], [ -171.830512999775095, -13.996298699625243 ], [ -171.830333499591319, -13.996478699832096 ], [ -171.83003860020122, -13.996555699785688 ], [ -171.829896199749783, -13.996659299886744 ], [ -171.829939699957151, -13.996797399780121 ], [ -171.82971039981507, -13.997058199576202 ], [ -171.829544400253837, -13.997284600303999 ], [ -171.82935460013465, -13.99756080009081 ], [ -171.828986899725606, -13.997871499669941 ], [ -171.828789299786337, -13.997975099770997 ], [ -171.828702300270919, -13.997951999784902 ], [ -171.828615299856182, -13.998067100416279 ], [ -171.828674600252583, -13.998124700194694 ], [ -171.828567900188403, -13.998217600162093 ], [ -171.828397900442724, -13.99836630036441 ], [ -171.828299000198683, -13.998339499668134 ], [ -171.828295099838954, -13.998508299718196 ], [ -171.828160699756467, -13.998604199823944 ], [ -171.828010399660201, -13.998746100252276 ], [ -171.827974799997008, -13.998895699776654 ], [ -171.827939300158562, -13.998964800085389 ], [ -171.827820700265079, -13.998964800085389 ], [ -171.827717899661309, -13.999129699775779 ], [ -171.827579500293666, -13.999168099927829 ], [ -171.827540000270773, -13.999271600204167 ], [ -171.827528100441441, -13.999363699774904 ], [ -171.827456900215736, -13.99942889972391 ], [ -171.827476699689925, -13.999601500308927 ], [ -171.827508300067961, -13.999751199658078 ], [ -171.827543299883359, -13.999975600293681 ], [ -171.827492499878929, -14.0000579997768 ], [ -171.827492499878929, -14.00029969977129 ], [ -171.827350200151585, -14.00034959955434 ], [ -171.827338300322282, -14.000472300356307 ], [ -171.827168299677254, -14.000472300356307 ], [ -171.827188100050762, -14.000502999613673 ], [ -171.82725139973229, -14.000614299710094 ], [ -171.82697860028216, -14.000886600036495 ], [ -171.826911400240903, -14.000882800400859 ], [ -171.82687579967839, -14.00094419981491 ], [ -171.826919299885759, -14.001028600289601 ], [ -171.826741399595875, -14.001204999610991 ], [ -171.826654400080486, -14.001393000186738 ], [ -171.826515999813523, -14.001442800145071 ], [ -171.826456700316442, -14.001446699605481 ], [ -171.826614800232818, -14.001569400407448 ], [ -171.826575300209896, -14.001630799821498 ], [ -171.826515999813523, -14.001661499978184 ], [ -171.826421099753929, -14.001642300351818 ], [ -171.826464000113475, -14.0017126003562 ], [ -171.826563400380593, -14.001753600448239 ], [ -171.826559500020892, -14.00195299993095 ], [ -171.826492299979634, -14.002148699602742 ], [ -171.826120000437641, -14.002281899989669 ], [ -171.825950700364501, -14.002290600031131 ], [ -171.825792499724059, -14.002121799981012 ], [ -171.825741099871834, -14.001945399760359 ], [ -171.825634399807683, -14.001995199718635 ], [ -171.825685799659908, -14.002083499653736 ], [ -171.825535499563614, -14.002167900128427 ], [ -171.825413000209778, -14.002106499815056 ], [ -171.825314099965709, -14.002152500137697 ], [ -171.825357600173078, -14.002263800234175 ], [ -171.825298299776676, -14.002394200132187 ], [ -171.825065100174214, -14.002470899712193 ], [ -171.824966199930145, -14.002413399758552 ], [ -171.82499389994851, -14.00224459970849 ], [ -171.824883199699883, -14.002233100077433 ], [ -171.824835800032105, -14.002282900035766 ], [ -171.824736899788064, -14.002190900289747 ], [ -171.824638100268089, -14.002236899713125 ], [ -171.824541499590509, -14.002165400013155 ], [ -171.824606499890024, -14.001929999769629 ], [ -171.824468499821393, -14.001791899876253 ], [ -171.824298099877382, -14.001615499655543 ], [ -171.824117999845782, -14.001529199812694 ], [ -171.824116700325419, -14.001482499817484 ], [ -171.823925599786577, -14.001446599780706 ], [ -171.823933500330753, -14.001391199744035 ], [ -171.823734500147026, -14.001390800445051 ], [ -171.823424600065209, -14.001385499840922 ], [ -171.823392700212906, -14.00134690003938 ], [ -171.82321089956335, -14.001339299868732 ], [ -171.823214799923051, -14.001389099827065 ], [ -171.823033000172785, -14.00140830035275 ], [ -171.823040899817642, -14.001343100403687 ], [ -171.822874800431663, -14.001366099665745 ], [ -171.822882700076519, -14.001416000348115 ], [ -171.822807600390405, -14.001458200135801 ], [ -171.822653399934438, -14.001423700343423 ], [ -171.822628399680866, -14.001536700158567 ], [ -171.822886700260995, -14.001523400084807 ], [ -171.823171400439747, -14.001592500393542 ], [ -171.823313700167091, -14.00178810024056 ], [ -171.82335720037446, -14.001991400083 ], [ -171.823258300130419, -14.002037400405641 ], [ -171.823270199959723, -14.002083499653736 ], [ -171.823151600066268, -14.002133299612069 ], [ -171.823159499711124, -14.00221770008676 ], [ -171.823183200444305, -14.002329000183181 ], [ -171.8234876002725, -14.002348199809546 ], [ -171.823697199865848, -14.002747100398324 ], [ -171.823740700073216, -14.002969599867072 ], [ -171.823657600018208, -14.003153700083146 ], [ -171.823483699912799, -14.003249600188838 ], [ -171.823246500125862, -14.003325899570541 ], [ -171.822760199823335, -14.003464399662278 ], [ -171.822400399958468, -14.003675400399345 ], [ -171.822139500337641, -14.003663899869025 ], [ -171.821915499900371, -14.003567999763334 ], [ -171.821771799928598, -14.003199700405787 ], [ -171.821582200358222, -14.002752599752625 ], [ -171.821400200059145, -14.002459400081193 ], [ -171.821230200313465, -14.002317499652861 ], [ -171.821119500064839, -14.002210099916113 ], [ -171.821080000041945, -14.002271400404766 ], [ -171.821257900331801, -14.002474700247149 ], [ -171.821242000318023, -14.002770099660324 ], [ -171.821159000087761, -14.002908199553701 ], [ -171.821000900171384, -14.003080800138775 ], [ -171.820898099567614, -14.003188199875467 ], [ -171.820890199922758, -14.003322500133208 ], [ -171.820763700384447, -14.003422199874592 ], [ -171.820672699785234, -14.003548800136969 ], [ -171.820542299887194, -14.003706099656711 ], [ -171.820331700247749, -14.003874200034261 ], [ -171.820059999769143, -14.003851900444829 ], [ -171.819913699857324, -14.00364470024266 ], [ -171.819866200364828, -14.003518099980283 ], [ -171.8196014003843, -14.003499000178692 ], [ -171.819463000117338, -14.003614000085975 ], [ -171.81939970043581, -14.003675400399345 ], [ -171.81929689983204, -14.003863400075829 ], [ -171.818929300147062, -14.003966900352111 ], [ -171.818790899880099, -14.004070499553848 ], [ -171.81857239969645, -14.004103699825862 ], [ -171.818446900204265, -14.004050799904462 ], [ -171.818379700163007, -14.00413570040223 ], [ -171.818400300033801, -14.004270300134181 ], [ -171.818296699932716, -14.004381200032299 ], [ -171.817810399630218, -14.004657399819109 ], [ -171.817573199843281, -14.004734100298435 ], [ -171.817403200097573, -14.004822400233536 ], [ -171.81738739990854, -14.00494510013624 ], [ -171.817166000310635, -14.005060199868296 ], [ -171.817007900394259, -14.005159899609623 ], [ -171.81686549994285, -14.005286499872 ], [ -171.816620399611736, -14.005347900185427 ], [ -171.816505799902728, -14.005225099558629 ], [ -171.816505799902728, -14.005102399655982 ], [ -171.816454400050503, -14.005014200444975 ], [ -171.816379300364389, -14.005029499711611 ], [ -171.816296200309381, -14.005125399817302 ], [ -171.816055100162714, -14.005213599927629 ], [ -171.815908800250895, -14.005248200444044 ], [ -171.815896900421592, -14.005309500033377 ], [ -171.81597999957728, -14.005428400300389 ], [ -171.815920700080227, -14.005509000240124 ], [ -171.815972000107678, -14.00557420018913 ], [ -171.816011599955345, -14.005746799874885 ], [ -171.815877199872858, -14.005904100293947 ], [ -171.815723000316183, -14.005980799873953 ], [ -171.815616200427286, -14.005961600247588 ], [ -171.81553720038147, -14.006038399652368 ], [ -171.81533160007325, -14.006034500191959 ], [ -171.815205099635619, -14.005957799712633 ], [ -171.815114099935727, -14.005934799551312 ], [ -171.815011400056051, -14.005873400137261 ], [ -171.81495600001935, -14.005907899929582 ], [ -171.815011400056051, -14.005980799873953 ], [ -171.814940199830318, -14.006061399813689 ], [ -171.814813700292007, -14.006072900344009 ], [ -171.814651600191155, -14.006099700141021 ], [ -171.814564599776418, -14.006061399813689 ], [ -171.814339299818812, -14.005704600087199 ], [ -171.81420479991155, -14.00581590018362 ], [ -171.814121799681288, -14.005823600178985 ], [ -171.814042699810727, -14.005723799713564 ], [ -171.813821400037568, -14.005750700234557 ], [ -171.813722499793499, -14.005700799552187 ], [ -171.813572300421299, -14.005750700234557 ], [ -171.813536699858787, -14.005904100293947 ], [ -171.813607900084492, -14.005927099555947 ], [ -171.813726499977975, -14.005957799712633 ], [ -171.813884599894351, -14.005946300081632 ], [ -171.813900400083384, -14.006022999661639 ], [ -171.814066500368682, -14.006138100293072 ], [ -171.814094099662952, -14.006264699656128 ], [ -171.813987399598773, -14.00639509955414 ], [ -171.813880700433941, -14.006379800287505 ], [ -171.81380159966406, -14.006468000397831 ], [ -171.813643399922938, -14.006494800194844 ], [ -171.813505100380041, -14.006460300402523 ], [ -171.813331099550567, -14.006341400135454 ], [ -171.81327580023796, -14.006452600407158 ], [ -171.813196700367399, -14.006452600407158 ], [ -171.813030699906847, -14.006042200187323 ], [ -171.812904099644442, -14.005861899606941 ], [ -171.812801399764766, -14.005996199864683 ], [ -171.812876500350171, -14.006061399813689 ], [ -171.812987199699478, -14.006172600085392 ], [ -171.813046500095879, -14.00640660008446 ], [ -171.8130266997224, -14.006583100129944 ], [ -171.813097899948104, -14.006763399811007 ], [ -171.813006900248212, -14.006939800031716 ], [ -171.813074100289469, -14.007104800446143 ], [ -171.813307399716706, -14.007123900247734 ], [ -171.81330340043155, -14.006993500349722 ], [ -171.813410200320448, -14.006936000396081 ], [ -171.813497199835865, -14.007001200345087 ], [ -171.813611800444221, -14.006924499865704 ], [ -171.813750199811835, -14.006966699653447 ], [ -171.814066500368682, -14.006797899603328 ], [ -171.814469699716852, -14.006751900180006 ], [ -171.814817599752388, -14.006778699976962 ], [ -171.8149086003516, -14.006705800032591 ], [ -171.814991599682543, -14.006759500350597 ], [ -171.815102299931169, -14.006705800032591 ], [ -171.815193199806288, -14.006828599760013 ], [ -171.815296000410058, -14.006809400133648 ], [ -171.815299999695213, -14.006671300240271 ], [ -171.81556090021536, -14.00664830007895 ], [ -171.815813900191301, -14.006698100037227 ], [ -171.816157899867164, -14.006579199770215 ], [ -171.816557199754925, -14.006356800126184 ], [ -171.816913000334665, -14.006065200348644 ], [ -171.817225299807717, -14.005700799552187 ], [ -171.817711600110243, -14.00560109981086 ], [ -171.818265099554679, -14.005374699982383 ], [ -171.818399499637167, -14.005140799808032 ], [ -171.818557599553543, -14.005021799716246 ], [ -171.818585299571879, -14.004849200030492 ], [ -171.818751399857177, -14.00473029976348 ], [ -171.819004399833148, -14.004676600344794 ], [ -171.819142700275364, -14.004619100391096 ], [ -171.819599199743237, -14.004566400119245 ], [ -171.819881999654541, -14.004676600344794 ], [ -171.820099499792065, -14.004922099974863 ], [ -171.820198300211359, -14.00495659976724 ], [ -171.820312999745113, -14.004860699661492 ], [ -171.820668800324853, -14.004879900187177 ], [ -171.820921800300823, -14.004864600021222 ], [ -171.821135300253871, -14.004941299601228 ], [ -171.821249999787625, -14.005113900186302 ], [ -171.821593899638742, -14.005359399816427 ], [ -171.82187709974832, -14.005242499641611 ], [ -171.822254100046649, -14.005029499711611 ], [ -171.822625799740848, -14.004918300339227 ], [ -171.822895199753646, -14.004930399818079 ], [ -171.823708999870433, -14.005416899770069 ], [ -171.824033200072108, -14.005474500447804 ], [ -171.824519500374606, -14.005535899861854 ], [ -171.824926699907252, -14.005735300243884 ], [ -171.82529040013182, -14.005827399814621 ], [ -171.825594799960015, -14.005769899860923 ], [ -171.825946700180054, -14.005946300081632 ], [ -171.826290699855889, -14.006299200347769 ], [ -171.826840200015198, -14.006226300403398 ], [ -171.827429999694715, -14.005994900344319 ], [ -171.828046000222713, -14.005616399976816 ], [ -171.828068100162653, -14.005462700443218 ], [ -171.828552099999399, -14.005048700237296 ], [ -171.828528300340764, -14.004929799970228 ], [ -171.828702300270919, -14.004841500035127 ], [ -171.828840699638562, -14.004807000242806 ], [ -171.828812999620197, -14.004722599768115 ], [ -171.828733899749636, -14.00469189961143 ], [ -171.82878140014148, -14.004630600022153 ], [ -171.828971100435922, -14.004542300087053 ], [ -171.829192500033827, -14.004557700077726 ], [ -171.829507500170962, -14.004539100299212 ], [ -171.829805000400427, -14.004144768266372 ], [ -171.831040599643927, -14.002507000297783 ], [ -171.831232499680084, -14.001834099663938 ], [ -171.831248299869117, -14.001101400409254 ], [ -171.831189000372035, -14.000522200139358 ], [ -171.831374800306747, -13.999854699934417 ], [ -171.831422299799272, -13.999164199568099 ], [ -171.831317500002598, -13.998886899910474 ], [ -171.831319500094821, -13.998466099930511 ], [ -171.83151319967439, -13.998362499829454 ], [ -171.831659499586209, -13.998285800249448 ], [ -171.831983699787884, -13.998232099931442 ], [ -171.832157599893293, -13.998278100254083 ], [ -171.832375100030816, -13.998262800088128 ], [ -171.832611399596374, -13.998290000083387 ], [ -171.832773200222988, -13.998354299811069 ], [ -171.83281089980315, -13.998198899659428 ], [ -171.832966100305271, -13.9981355999779 ], [ -171.833149999972505, -13.998059400420971 ], [ -171.833402999948476, -13.998143799996342 ], [ -171.833426699782336, -13.998262800088128 ], [ -171.833256700036657, -13.998396999621775 ], [ -171.833055099912912, -13.998523599884209 ], [ -171.833055099912912, -13.9986309996209 ], [ -171.833161799977063, -13.998792099675597 ], [ -171.83316580016151, -13.999098999619093 ], [ -171.833379300114586, -13.999049199660817 ], [ -171.833486000178738, -13.998968599721081 ], [ -171.833391100119144, -13.998914900302339 ], [ -171.833458300160402, -13.99864250015122 ], [ -171.833458300160402, -13.998485299556876 ], [ -171.833652099564716, -13.998343300203089 ], [ -171.833553200219995, -13.998224399936078 ], [ -171.833592700242889, -13.998101600208656 ], [ -171.83375480034374, -13.998113199664374 ], [ -171.834177899890136, -13.998082500407008 ], [ -171.834241099746919, -13.998232099931442 ], [ -171.834545499575114, -13.998147700356014 ], [ -171.834470399889028, -13.998021100093638 ], [ -171.834502100091811, -13.99783699987762 ], [ -171.834654799579312, -13.997708799721295 ], [ -171.834723399864998, -13.997867600209531 ], [ -171.834917200168633, -13.997698899984186 ], [ -171.835039700421817, -13.997483999786709 ], [ -171.835182099973906, -13.997188700198308 ], [ -171.835391599742508, -13.997073599566932 ], [ -171.835533900369171, -13.996820399941441 ], [ -171.83572759994874, -13.996590199578009 ], [ -171.835889700049592, -13.996413800256619 ], [ -171.835980699749456, -13.996183599893186 ], [ -171.83621130031122, -13.995890199672942 ], [ -171.836486699701396, -13.995688700273263 ], [ -171.836779300424354, -13.995489299891233 ], [ -171.837150900293778, -13.995301300214805 ], [ -171.837412200112908, -13.99528740029325 ], [ -171.83754670002017, -13.995177100242927 ], [ -171.837478999955863, -13.994998199906945 ], [ -171.837799299797808, -13.994729700115499 ], [ -171.837936799843419, -13.994660900180349 ], [ -171.838095399782844, -13.994542499936358 ], [ -171.838144300419088, -13.9943551999325 ], [ -171.838334499837259, -13.994145999638135 ], [ -171.838531999951812, -13.993793600294396 ], [ -171.838653599983616, -13.993450199567008 ], [ -171.838701899872746, -13.993031600228107 ], [ -171.838832399595532, -13.992481000197927 ], [ -171.839002900263608, -13.992139200263807 ], [ -171.839262799838309, -13.991837600025178 ], [ -171.839620700335018, -13.991732300205456 ], [ -171.839884600094194, -13.991779699873177 ], [ -171.840012099678631, -13.991870599748324 ], [ -171.84009309981667, -13.992101200310117 ], [ -171.840095900305528, -13.992722399818831 ], [ -171.840285999898953, -13.993764000008525 ], [ -171.840044999577032, -13.994475500443968 ], [ -171.838918200314652, -13.995878100194147 ], [ -171.838588700408167, -13.996207699925378 ], [ -171.838186900405105, -13.99694600015772 ], [ -171.837703200042625, -13.997851700195781 ], [ -171.835670900391705, -13.999825400022132 ], [ -171.834436099746171, -14.001088899832837 ], [ -171.833702600094881, -14.00188770015717 ], [ -171.83302710042031, -14.002767899918581 ], [ -171.83234120008629, -14.003488899892773 ], [ -171.830793199746353, -14.005193099881581 ], [ -171.829806000446524, -14.006367400435124 ], [ -171.829774061024068, -14.006400928060316 ], [ -171.829605000170602, -14.00657839757497 ], [ -171.828969600366747, -14.007245399555472 ], [ -171.82818870014836, -14.007876600424709 ], [ -171.827294399916582, -14.008492600053387 ], [ -171.827035100189704, -14.008576100306755 ], [ -171.826762399664972, -14.008612600191327 ], [ -171.825708100148688, -14.008346700339928 ], [ -171.824572699770243, -14.008128800004044 ], [ -171.824007000122918, -14.008045399575508 ], [ -171.82352369995877, -14.007979300304441 ], [ -171.822596200354326, -14.007986299727918 ], [ -171.822206800203645, -14.008065199948987 ], [ -171.821852899891383, -14.00822660037727 ], [ -171.821323399755073, -14.008290400081876 ], [ -171.821057900101977, -14.008179500183758 ], [ -171.820270399759124, -14.007887500207914 ], [ -171.819847499862192, -14.007832799843811 ], [ -171.819349699928694, -14.007867799659209 ], [ -171.818970400063876, -14.007762599664204 ], [ -171.818555800010131, -14.007741700319173 ], [ -171.817997300335122, -14.00781810042497 ], [ -171.817036300085164, -14.008083799727501 ], [ -171.815669600371734, -14.008163699994725 ], [ -171.815019199876133, -14.008157300419043 ], [ -171.814269999860585, -14.008254199671512 ], [ -171.813674199904369, -14.007937599640456 ], [ -171.812259099577744, -14.007621499632478 ], [ -171.811860199888287, -14.00751590033849 ], [ -171.811469199843657, -14.007550900153888 ], [ -171.810256000014363, -14.007929600170883 ], [ -171.809923499969528, -14.008265200178812 ], [ -171.809775199965486, -14.00865880016346 ], [ -171.809540799768058, -14.008992999926932 ], [ -171.809443399593192, -14.009030599682376 ], [ -171.809310799953437, -14.008978299608771 ], [ -171.808942200222333, -14.009257200059665 ], [ -171.808667700154217, -14.009307800414604 ], [ -171.807601800282839, -14.009539099749588 ], [ -171.807098500095663, -14.009656199573897 ], [ -171.806206899628677, -14.009665799836739 ], [ -171.804234299673169, -14.00998919964178 ], [ -171.803764199757978, -14.010003499761638 ], [ -171.803566900192266, -14.010073699941245 ], [ -171.802885000042693, -14.01018769980243 ], [ -171.802354300210766, -14.010321400212376 ], [ -171.801615999978395, -14.010347699986312 ], [ -171.801227900247369, -14.010328100161644 ], [ -171.800851300147343, -14.010274499668355 ], [ -171.800058099901349, -14.010033500245811 ], [ -171.799241099996749, -14.009675800297885 ], [ -171.798392700262866, -14.009401200405023 ], [ -171.797452899731496, -14.009188900147592 ], [ -171.796908999650583, -14.009047100443297 ], [ -171.796410699694007, -14.008772100352076 ], [ -171.795969200018533, -14.008823699853792 ], [ -171.795051799800689, -14.008735200269257 ], [ -171.794300599692889, -14.008690199992714 ], [ -171.793778500077678, -14.008707199877335 ], [ -171.79374489960739, -14.008934699576685 ], [ -171.793668100202638, -14.008921500227018 ], [ -171.793496899862021, -14.008887799931983 ], [ -171.793492299829751, -14.008759300301449 ], [ -171.792482399842839, -14.008808000388854 ], [ -171.792488400119538, -14.008949200245354 ], [ -171.792096099655254, -14.008968200222228 ], [ -171.792092100370098, -14.008853700337966 ], [ -171.791862200380223, -14.008789399710963 ], [ -171.791284600004246, -14.008825799770818 ], [ -171.790422699647849, -14.008879699738316 ], [ -171.790099399667525, -14.008801000066057 ], [ -171.789644300444081, -14.008802599959949 ], [ -171.78929150000269, -14.008939900356097 ], [ -171.789009700137512, -14.009209199644829 ], [ -171.789121100058708, -14.009452000409453 ], [ -171.789328200436074, -14.009557099680364 ], [ -171.789303300007276, -14.009593899938466 ], [ -171.789138400316887, -14.009534800090933 ], [ -171.78910219990658, -14.009585000247512 ], [ -171.788997999957701, -14.009594300136769 ], [ -171.788917200368473, -14.009636999947531 ], [ -171.788815899833878, -14.009485599980394 ], [ -171.788813999566401, -14.009468400446281 ], [ -171.788936900017887, -14.009352500317561 ], [ -171.788933100382252, -14.009284599704472 ], [ -171.788860400087373, -14.009185099612637 ], [ -171.788767099921699, -14.009151900239942 ], [ -171.78861229961791, -14.009224599635502 ], [ -171.788493699724427, -14.009423699644003 ], [ -171.788419500259693, -14.009449000271104 ], [ -171.788316699655951, -14.00944269962082 ], [ -171.788223500214343, -14.009547000293765 ], [ -171.78820519991001, -14.009605100095257 ], [ -171.788119800288513, -14.009578699597284 ], [ -171.78801820027968, -14.009596999901589 ], [ -171.787488799968116, -14.009943100393741 ], [ -171.786933099882617, -14.010247400397191 ], [ -171.786601500059163, -14.010431800087474 ], [ -171.786344599723463, -14.010600500312819 ], [ -171.786016099863105, -14.010920700330018 ], [ -171.786104499622923, -14.011211300061404 ], [ -171.786110700448432, -14.01134570014392 ], [ -171.786019799673994, -14.011506200350823 ], [ -171.786063200056617, -14.01157639963111 ], [ -171.78598150024601, -14.011699700280872 ], [ -171.78586879990516, -14.011698800059548 ], [ -171.785710799813529, -14.011583999801701 ], [ -171.785367200335997, -14.0114413997008 ], [ -171.785241699944464, -14.011469499917439 ], [ -171.785097199576086, -14.011546400046257 ], [ -171.785053800092783, -14.011664699566211 ], [ -171.784849100005943, -14.011749000216128 ], [ -171.784739700176999, -14.011817300128257 ], [ -171.784652799587008, -14.01171670016555 ], [ -171.784468600445535, -14.011620300036782 ], [ -171.784098499745937, -14.011576500355147 ], [ -171.783704499562987, -14.011503600410776 ], [ -171.783589600379713, -14.011439299783831 ], [ -171.783331199974867, -14.011217099789292 ], [ -171.783190299592633, -14.011201400324296 ], [ -171.782951300262283, -14.011203199867737 ], [ -171.782850200276499, -14.011257000010517 ], [ -171.782775300239877, -14.011385299991559 ], [ -171.782592799917751, -14.011487499848215 ], [ -171.782328099761969, -14.011590799575686 ], [ -171.782231400158963, -14.011508800290869 ], [ -171.782166200209957, -14.011474799622249 ], [ -171.782068499661506, -14.011481499571516 ], [ -171.781866600063523, -14.01152790009246 ], [ -171.781806599994553, -14.011561899861761 ], [ -171.78172500000872, -14.011652000239565 ], [ -171.781609599903078, -14.011740499824157 ], [ -171.781506800198656, -14.011766400299109 ], [ -171.781383999571887, -14.011828899583975 ], [ -171.78106669986829, -14.011876999823642 ], [ -171.780685800109552, -14.012156199748802 ], [ -171.780201700448089, -14.012594299986915 ], [ -171.780078499623045, -14.012907200207053 ], [ -171.779889300250971, -14.013525500301569 ], [ -171.779842200057459, -14.013597300375068 ], [ -171.779594800159884, -14.013755699765682 ], [ -171.779290799630672, -14.014092199994991 ], [ -171.779477499786765, -14.014683100444699 ], [ -171.779895199803605, -14.015093999788235 ], [ -171.779951500061657, -14.01526799971839 ], [ -171.779817400352727, -14.015455699920551 ], [ -171.779205300184429, -14.016402700424237 ], [ -171.779013300323527, -14.016816599906122 ], [ -171.77837059982329, -14.016984899933163 ], [ -171.77811070024859, -14.017185699660274 ], [ -171.778010499584866, -14.017071699799033 ], [ -171.777747099848739, -14.017090000103394 ], [ -171.777569400107694, -14.017175600273674 ], [ -171.777381699905504, -14.017160200282945 ], [ -171.776870000050423, -14.017250699959789 ], [ -171.776408700001468, -14.017193500379676 ], [ -171.776072500145744, -14.017157499618861 ], [ -171.775508199843529, -14.017667499755248 ], [ -171.775682199773684, -14.017957299989348 ], [ -171.775800600017647, -14.018081599785944 ], [ -171.775786600271346, -14.018230800011338 ], [ -171.775632200165887, -14.018423399720064 ], [ -171.77545019986681, -14.018300400343151 ], [ -171.775339899816487, -14.01854649982107 ], [ -171.775373000263727, -14.018723099691272 ], [ -171.775443900115874, -14.019104199998765 ], [ -171.775330000079407, -14.019403599596387 ], [ -171.774779200399763, -14.020304599777432 ], [ -171.774686300432393, -14.020592700292866 ], [ -171.77462220035423, -14.021135499603588 ], [ -171.774731000335379, -14.021612800390358 ], [ -171.774878599767533, -14.022111700194785 ], [ -171.775143499572806, -14.022484599584573 ], [ -171.775145700213869, -14.022634899680838 ], [ -171.774979699753317, -14.022670799717559 ], [ -171.775110999872709, -14.02283980031649 ], [ -171.775140100135474, -14.022960400302168 ], [ -171.775054199591608, -14.023231300384168 ], [ -171.774900599882756, -14.02335019975186 ], [ -171.775096299554548, -14.023445300360265 ], [ -171.77523769995986, -14.023656499847561 ], [ -171.775277399632273, -14.023782000239066 ], [ -171.77516570023684, -14.023833800289594 ], [ -171.775120100112503, -14.024016100062909 ], [ -171.775281100342482, -14.024114899582912 ], [ -171.774984600159144, -14.024558199701119 ], [ -171.774365300018559, -14.02548119999733 ], [ -171.774035599563234, -14.025551699651146 ], [ -171.773901499854304, -14.025390200297466 ], [ -171.773612900215142, -14.02540529991461 ], [ -171.773332200220835, -14.025375099781002 ], [ -171.773082200383215, -14.025461299799076 ], [ -171.773072600120372, -14.025535599987904 ], [ -171.773329799930309, -14.02558399970178 ], [ -171.773285199852069, -14.025979099755602 ], [ -171.773403799745523, -14.026070999676847 ], [ -171.773416900169792, -14.026180299681016 ], [ -171.773319800368455, -14.026271900128052 ], [ -171.773547499717324, -14.026499399827401 ], [ -171.77341880043727, -14.026548400288391 ], [ -171.773530800206231, -14.026806199946122 ], [ -171.773437900238889, -14.026866799862887 ], [ -171.773293700244039, -14.02699159968256 ], [ -171.773225199783127, -14.027301499764349 ], [ -171.773271999603082, -14.027505799652886 ], [ -171.773188900447366, -14.027896799697487 ], [ -171.773070000180326, -14.028085400121086 ], [ -171.77295810023611, -14.028171000291366 ], [ -171.772740400449095, -14.028448499598539 ], [ -171.771239699952162, -14.028993200076059 ], [ -171.771190999864729, -14.029212399932248 ], [ -171.771009799962258, -14.029196300269007 ], [ -171.771026700022162, -14.029034200168155 ], [ -171.770616799825433, -14.028869299578446 ], [ -171.770476099991981, -14.028824700399582 ], [ -171.770183699817863, -14.028665800086571 ], [ -171.76980149963947, -14.028627999782316 ], [ -171.769471399885163, -14.02875119970804 ], [ -171.769075399609989, -14.028899700260922 ], [ -171.768791599652587, -14.029013799946881 ], [ -171.768639599837627, -14.02911599980348 ], [ -171.768585000197561, -14.029335400208481 ], [ -171.76840950019826, -14.029429900069772 ], [ -171.767992800227518, -14.029605300244384 ], [ -171.767773200173025, -14.030034099693921 ], [ -171.767485400031148, -14.030428599899892 ], [ -171.767033100397242, -14.030863699999713 ], [ -171.766160800280687, -14.031442599896025 ], [ -171.765937799889514, -14.031679500208725 ], [ -171.765821100263537, -14.032043499907559 ], [ -171.765753800397533, -14.032417800441067 ], [ -171.765711300236291, -14.032740499674276 ], [ -171.765686600356304, -14.033090700175649 ], [ -171.765761399668833, -14.033563900053878 ], [ -171.765905999861985, -14.033842699780735 ], [ -171.766381199832466, -14.033940099955601 ], [ -171.767079199645309, -14.034064899775274 ], [ -171.767465200358686, -14.034242700240384 ], [ -171.768029099563279, -14.0346673996807 ], [ -171.768568100137685, -14.035047900140455 ], [ -171.768689600344743, -14.035169500172231 ], [ -171.769024899979115, -14.03575209987946 ], [ -171.769388200005409, -14.036526599622846 ], [ -171.76937969961341, -14.037787200019238 ], [ -171.769373499687219, -14.038547500366803 ], [ -171.769309600157897, -14.039028000042094 ], [ -171.769114600158645, -14.039428899823804 ], [ -171.768861100159626, -14.039848799582387 ], [ -171.768482900165679, -14.040230899936034 ], [ -171.768287999991173, -14.040662099676126 ], [ -171.768170999991639, -14.040809600182854 ], [ -171.768116400351573, -14.040896700422365 ], [ -171.76816709963191, -14.041131200444511 ], [ -171.768092999991921, -14.041146300061655 ], [ -171.768108599632143, -14.041399800060674 ], [ -171.768069599632298, -14.041638099718455 ], [ -171.767894099632969, -14.041725100133192 ], [ -171.767772700149976, -14.042003899860049 ], [ -171.767625500016777, -14.042109300403865 ], [ -171.767484700358608, -14.042039000399484 ], [ -171.767449599819145, -14.041887700257121 ], [ -171.767328700359201, -14.041910400044856 ], [ -171.767235199644716, -14.042016299712429 ], [ -171.767258600004368, -14.042171400389748 ], [ -171.767145500364535, -14.042205499983766 ], [ -171.767012899825431, -14.042182800196031 ], [ -171.766892000365488, -14.042220599600967 ], [ -171.766755600190777, -14.04225460026953 ], [ -171.766751699831048, -14.042413499683221 ], [ -171.766636699923737, -14.042465899581543 ], [ -171.766377300372085, -14.042606399765475 ], [ -171.766209700017612, -14.042757699907895 ], [ -171.766053700018205, -14.042787999866277 ], [ -171.765897700018826, -14.042806900018377 ], [ -171.765737900383755, -14.042920399856541 ], [ -171.765671599664557, -14.042977100312896 ], [ -171.765570200204536, -14.042961999796432 ], [ -171.765488299845146, -14.043086799616049 ], [ -171.765434899900669, -14.043340500163879 ], [ -171.765348299684263, -14.043322600057877 ], [ -171.765262499864463, -14.043292399924269 ], [ -171.765180700229109, -14.043360500186907 ], [ -171.765083200229469, -14.043364199997768 ], [ -171.764993500049968, -14.043367999633404 ], [ -171.764868700230295, -14.043405899762433 ], [ -171.76483359969086, -14.043500399623724 ], [ -171.764794599690987, -14.043810600079098 ], [ -171.764748100244617, -14.043894299981901 ], [ -171.764658200415596, -14.043810600079098 ], [ -171.764623099876133, -14.043708500047217 ], [ -171.764669899696088, -14.043466399854424 ], [ -171.764591899696399, -14.043371800168416 ], [ -171.764432000236582, -14.043299900270142 ], [ -171.764318899697429, -14.043299900270142 ], [ -171.764260399697662, -14.043375599804051 ], [ -171.764124000422242, -14.043281000118043 ], [ -171.763929000422991, -14.043265899601522 ], [ -171.763554699889454, -14.043349100380624 ], [ -171.763453300429433, -14.043417199743942 ], [ -171.763366300014695, -14.043438699836088 ], [ -171.763250499710779, -14.043367999633404 ], [ -171.763051700075863, -14.043398299591786 ], [ -171.762907400256296, -14.043519299775824 ], [ -171.762735799717348, -14.043591199674097 ], [ -171.762579900442034, -14.043560899715715 ], [ -171.762501900442317, -14.04362520034266 ], [ -171.762330299903397, -14.04374249981646 ], [ -171.762310799903474, -14.04385980018958 ], [ -171.762275700263331, -14.044067799889035 ], [ -171.762096399729046, -14.043984600009253 ], [ -171.761995000269025, -14.04407160042399 ], [ -171.76194430008934, -14.044185100262098 ], [ -171.761822500408044, -14.044292199625261 ], [ -171.761654800228825, -14.044105199994931 ], [ -171.761356999625804, -14.044099799566027 ], [ -171.76108129986207, -14.044014200295067 ], [ -171.760480200201044, -14.043976800189114 ], [ -171.760143899621255, -14.044078400197975 ], [ -171.759608999955361, -14.044041000092022 ], [ -171.759465600357146, -14.044137300396073 ], [ -171.759091899671404, -14.044029999584779 ], [ -171.758693599829741, -14.043827000115925 ], [ -171.758412399812386, -14.04367190033787 ], [ -171.758081499661444, -14.043500699997253 ], [ -171.75778369995777, -14.043366899762589 ], [ -171.757557599603501, -14.04313689994791 ], [ -171.756960500126951, -14.042968500096151 ], [ -171.755028500065208, -14.043055799985154 ], [ -171.754467100076567, -14.04298780044661 ], [ -171.754155100077782, -14.04288940022559 ], [ -171.752923900317711, -14.043060900040473 ], [ -171.75198709992469, -14.043086099943537 ], [ -171.751355499756471, -14.043245000256491 ], [ -171.750885399841309, -14.043494800444648 ], [ -171.750566900442067, -14.043662100425536 ], [ -171.750393199986149, -14.043640700158164 ], [ -171.75015879978875, -14.043654100056642 ], [ -171.7499602996281, -14.043825199673165 ], [ -171.74934410034993, -14.044037099732293 ], [ -171.74902209988997, -14.044261100169592 ], [ -171.748690099868185, -14.044390500021507 ], [ -171.748634799656259, -14.044442255105935 ], [ -171.748523104757453, -14.044546790501954 ], [ -171.748434800325754, -14.044629434600665 ], [ -171.748354700409067, -14.044704400287799 ], [ -171.748280599869759, -14.04472710007559 ], [ -171.748124699695097, -14.044700599752844 ], [ -171.747957000415198, -14.044764900379789 ], [ -171.747921899875763, -14.044920000157845 ], [ -171.747832199696234, -14.044904899641381 ], [ -171.747691900061113, -14.044859500065854 ], [ -171.747512499702083, -14.044904899641381 ], [ -171.74739940006225, -14.045048599613153 ], [ -171.747099200067993, -14.044991900056118 ], [ -171.746678099714501, -14.044938900309944 ], [ -171.746397299895449, -14.044908700176336 ], [ -171.746194500076086, -14.044920000157845 ], [ -171.746163399721098, -14.045135600027891 ], [ -171.746108800081032, -14.045192400308963 ], [ -171.746015200441121, -14.045226400078263 ], [ -171.74599180008147, -14.045309599958046 ], [ -171.745917700441481, -14.045309599958046 ], [ -171.74582800026198, -14.045279399824381 ], [ -171.745738300082451, -14.045343699552063 ], [ -171.745746099902561, -14.045540400169273 ], [ -171.745672000262573, -14.045536599634318 ], [ -171.745570699727978, -14.045419300160518 ], [ -171.745346899839518, -14.045504099934192 ], [ -171.745223600089048, -14.045362599704163 ], [ -171.745141799554375, -14.045139399663526 ], [ -171.74500919991462, -14.044999500226709 ], [ -171.744896100274786, -14.044961600097736 ], [ -171.744767400095412, -14.044988100420426 ], [ -171.744642600275768, -14.044901100005688 ], [ -171.744549099561254, -14.044795200338172 ], [ -171.744428200101339, -14.044844400448653 ], [ -171.744357999921732, -14.044965399733371 ], [ -171.744295599562236, -14.044908700176336 ], [ -171.744291700101854, -14.044783900356663 ], [ -171.744237099562469, -14.044723300439898 ], [ -171.74410850010716, -14.044681699600687 ], [ -171.744003200287437, -14.044742199692735 ], [ -171.743948599748052, -14.044700599752844 ], [ -171.743964200287593, -14.044613600237426 ], [ -171.743882299928174, -14.044579599568806 ], [ -171.743796500108374, -14.044621200408017 ], [ -171.743691200288623, -14.044428300325762 ], [ -171.743551499602006, -14.044422499698555 ], [ -171.743514499694385, -14.044384100445825 ], [ -171.743517300183242, -14.044218299634792 ], [ -171.743467699874429, -14.044097900197869 ], [ -171.74321400022589, -14.043929399622073 ], [ -171.742883100074977, -14.043768900314433 ], [ -171.742709399619059, -14.043707400176345 ], [ -171.742607400311243, -14.043803699581019 ], [ -171.742335299634334, -14.043651900314899 ], [ -171.741973300027752, -14.043498799729775 ], [ -171.741532099826514, -14.043397099896197 ], [ -171.741179199560378, -14.043413199559438 ], [ -171.740820799939939, -14.043536199835728 ], [ -171.740638799640863, -14.043463999563869 ], [ -171.740523000236237, -14.043365000394431 ], [ -171.740131500168559, -14.043399799660961 ], [ -171.739886100363208, -14.043373099688779 ], [ -171.739687600202558, -14.043461299799105 ], [ -171.739455999594668, -14.043434599826867 ], [ -171.738915599675153, -14.04360840010753 ], [ -171.738568199662666, -14.043734199973301 ], [ -171.738468900119614, -14.043894600355486 ], [ -171.738303500406204, -14.043982900290587 ], [ -171.738110499599856, -14.044004299658639 ], [ -171.738038800250393, -14.04394280041987 ], [ -171.737633500085934, -14.044041799589309 ], [ -171.737346699990184, -14.044207600400398 ], [ -171.736938700060932, -14.044319899643597 ], [ -171.736778799701824, -14.044330599777311 ], [ -171.736651899965182, -14.044346700339929 ], [ -171.736577499951636, -14.044453699878318 ], [ -171.736505500228617, -14.044497999582973 ], [ -171.736425799610942, -14.044453699878318 ], [ -171.736417599592528, -14.044349400104693 ], [ -171.736334899735795, -14.044295900335499 ], [ -171.736139100239257, -14.044261100169592 ], [ -171.736045300050534, -14.044333300441394 ], [ -171.735907499631367, -14.04431729970355 ], [ -171.735728299821147, -14.044309200409202 ], [ -171.735537999678911, -14.044381499606459 ], [ -171.7353561001039, -14.04444559968465 ], [ -171.735322999656688, -14.044517899781226 ], [ -171.73532849991031, -14.044670299794461 ], [ -171.735226499703174, -14.044675700223365 ], [ -171.735141000256931, -14.044643599822223 ], [ -171.73495079993944, -14.044702400195547 ], [ -171.73485420016118, -14.044795999835458 ], [ -171.734766099875571, -14.044893200360889 ], [ -171.734592299594937, -14.044868299932034 ], [ -171.734421399627877, -14.044806699969172 ], [ -171.734348300033986, -14.044672000412447 ], [ -171.734302799734394, -14.044560700316026 ], [ -171.734319400320032, -14.044453699878318 ], [ -171.734366200139988, -14.044384100445825 ], [ -171.734242199817629, -14.044293199671358 ], [ -171.734140099785748, -14.044298500275545 ], [ -171.734126400413032, -14.044410900242781 ], [ -171.734032600224282, -14.044416199947648 ], [ -171.734016100362709, -14.044327999837265 ], [ -171.733960899975528, -14.044271800303306 ], [ -171.733839600317282, -14.04418620013297 ], [ -171.733654900253413, -14.044159400336014 ], [ -171.733517000009527, -14.044180799704122 ], [ -171.733434300152794, -14.04418620013297 ], [ -171.733362599904041, -14.044172800234492 ], [ -171.733230299738523, -14.044076499930497 ], [ -171.73310340000188, -14.044108600331583 ], [ -171.732993199776331, -14.044146100262253 ], [ -171.732783600182984, -14.044108600331583 ], [ -171.732709200169438, -14.044129999699692 ], [ -171.732576800179146, -14.044215599869972 ], [ -171.732532700123983, -14.044183500368206 ], [ -171.732405900212086, -14.044247700271114 ], [ -171.732254199871392, -14.044336000206215 ], [ -171.732171500014687, -14.044424300141316 ], [ -171.732149499899464, -14.044576700154551 ], [ -171.732119100116364, -14.044616800025267 ], [ -171.73205020035644, -14.044603499951506 ], [ -171.732019900398058, -14.044501800117928 ], [ -171.731931599563637, -14.044496500413118 ], [ -171.731862699803713, -14.0445686997856 ], [ -171.731807600140598, -14.044574000389787 ], [ -171.731611799744741, -14.044544599753408 ], [ -171.73141610007292, -14.044442999744604 ], [ -171.731231300184334, -14.044333300441394 ], [ -171.731162400424409, -14.044386800210589 ], [ -171.730892200014978, -14.044333300441394 ], [ -171.730713000204759, -14.044223600238922 ], [ -171.730577899550383, -14.0441941996026 ], [ -171.730500699947328, -14.044298500275545 ], [ -171.73032700039073, -14.044376100076931 ], [ -171.730222199694737, -14.044373400312111 ], [ -171.730120200386921, -14.044330599777311 ], [ -171.730004400082976, -14.044368099707981 ], [ -171.729916100147875, -14.044336000206215 ], [ -171.729858199995903, -14.044309200409202 ], [ -171.729764499631926, -14.044287800141831 ], [ -171.729698299636794, -14.044343999675789 ], [ -171.729626700112107, -14.044337299726578 ], [ -171.729400599757838, -14.044282500437021 ], [ -171.729400599757838, -14.044159400336014 ], [ -171.729408799776252, -14.044041799589309 ], [ -171.729328900408404, -14.043982900290587 ], [ -171.729174500302918, -14.043993600424301 ], [ -171.729014500119064, -14.044036400059781 ], [ -171.728821500212035, -14.044025699926067 ], [ -171.728763600060063, -14.043945500184634 ], [ -171.728722299594438, -14.043883900221772 ], [ -171.728609199954576, -14.043851899645404 ], [ -171.728452100084326, -14.043908000253964 ], [ -171.728383399973893, -14.043807900314278 ], [ -171.728350300426001, -14.04354050039376 ], [ -171.728264899905184, -14.043516400361568 ], [ -171.728184899813243, -14.043623399899957 ], [ -171.728019500099833, -14.043636799798435 ], [ -171.727887100109541, -14.043724999908761 ], [ -171.727746500100864, -14.043727699673582 ], [ -171.727636200050569, -14.043642100402565 ], [ -171.727619700188995, -14.043519100126332 ], [ -171.727490099788241, -14.043465600357138 ], [ -171.727371499894787, -14.043521700066378 ], [ -171.727385299991568, -14.043596600102944 ], [ -171.727397199820899, -14.043676399646074 ], [ -171.727374300383616, -14.043749099940953 ], [ -171.72728310013494, -14.043752899576589 ], [ -171.727164600066203, -14.043670000070392 ], [ -171.72706529962386, -14.043568400061588 ], [ -171.727073600366339, -14.043461399623823 ], [ -171.727106699914231, -14.04334639971654 ], [ -171.727073600366339, -14.043274200344001 ], [ -171.727018399979158, -14.043255400016676 ], [ -171.726908099928835, -14.04330889978587 ], [ -171.72685300026572, -14.043236700413331 ], [ -171.72685300026572, -14.043148399578911 ], [ -171.726844700422561, -14.043084300400096 ], [ -171.726770300409015, -14.043100300238621 ], [ -171.726712400257043, -14.043076200206428 ], [ -171.726602100206719, -14.042947800400611 ], [ -171.726585600345146, -14.042851500096617 ], [ -171.726535900211587, -14.042862200230331 ], [ -171.726436699593989, -14.043038800100476 ], [ -171.726365000244527, -14.043028099966818 ], [ -171.726307100092555, -14.042966599828674 ], [ -171.726318099700507, -14.042867599759859 ], [ -171.726362199755698, -14.042795400387377 ], [ -171.726398099792448, -14.04271249998186 ], [ -171.726340199640475, -14.042600100014567 ], [ -171.726205099885419, -14.042511899904184 ], [ -171.726111299696697, -14.042519900273135 ], [ -171.725987200448913, -14.042466399604621 ], [ -171.725926599632828, -14.042327299665089 ], [ -171.725816299582533, -14.042156100223792 ], [ -171.725722600117876, -14.042027700417975 ], [ -171.72558750036282, -14.041987599647939 ], [ -171.725441300275747, -14.041837799574751 ], [ -171.72527310007348, -14.041730800036362 ], [ -171.725154600004771, -14.041752200303733 ], [ -171.725060199968226, -14.041683199819772 ], [ -171.725132500064802, -14.041559599695745 ], [ -171.725088400009639, -14.041463300291014 ], [ -171.724950599590471, -14.041364400046973 ], [ -171.724779599798666, -14.041169099674164 ], [ -171.724691399688311, -14.041040699868347 ], [ -171.724691399688311, -14.040944399564353 ], [ -171.724619700338877, -14.040874899956634 ], [ -171.724467999998183, -14.04090700035772 ], [ -171.724390800395099, -14.04082140018744 ], [ -171.724261299819091, -14.040797300155248 ], [ -171.724076499930504, -14.040936400094722 ], [ -171.723955200272258, -14.040944399564353 ], [ -171.723902800373907, -14.041005899702441 ], [ -171.723798100401979, -14.041099600066445 ], [ -171.723694000277874, -14.041091499872778 ], [ -171.723621600356552, -14.040979199730259 ], [ -171.72352229991418, -14.040898999988826 ], [ -171.723401000255933, -14.040824099952204 ], [ -171.723373400062343, -14.040773200123056 ], [ -171.72329619955994, -14.040722400118625 ], [ -171.723180400155314, -14.040714399749675 ], [ -171.723089500280196, -14.040618100345 ], [ -171.722943300193123, -14.040412099838477 ], [ -171.722866099690719, -14.04028370003266 ], [ -171.722772400226063, -14.040254300295658 ], [ -171.722675900272549, -14.040234099723875 ], [ -171.722952616270192, -13.938263150224145 ], [ -171.718574408082446, -13.933694585236879 ], [ -171.715528698390699, -13.927793522652905 ], [ -171.712482987799632, -13.921321388771048 ], [ -171.709056563609494, -13.914849253989814 ], [ -171.705439783519154, -13.90514105361666 ], [ -171.703345857825042, -13.899811061431308 ], [ -171.700871218531887, -13.89143535865486 ], [ -171.698586935138906, -13.884392153475062 ], [ -171.696873723943185, -13.87677787879602 ], [ -171.695731582246708, -13.868592532819093 ], [ -171.695556600256879, -13.861870100524698 ], [ -171.696003799835466, -13.86159339981549 ], [ -171.696245599654674, -13.861466099880545 ], [ -171.696558800248397, -13.861364999894761 ], [ -171.69671740018785, -13.861169599697234 ], [ -171.696753099675789, -13.861125700190883 ], [ -171.696767899818695, -13.861087300038832 ], [ -171.696915400325452, -13.860705199685185 ], [ -171.698231399859196, -13.859799200172915 ], [ -171.699063299731478, -13.859813600117491 ], [ -171.699293799569176, -13.859989399591086 ], [ -171.699435399623979, -13.860024799604787 ], [ -171.699558200250721, -13.860104600047237 ], [ -171.699589799729438, -13.860232999852997 ], [ -171.699703799590651, -13.860368099608081 ], [ -171.699849600378741, -13.860411800364261 ], [ -171.699821299613262, -13.860318299649748 ], [ -171.699887799981951, -13.860266299949728 ], [ -171.69996720022607, -13.860258000106569 ], [ -171.699999299727864, -13.860324600300032 ], [ -171.700061500437869, -13.860320399566717 ], [ -171.700130099824207, -13.860287100369362 ], [ -171.700205200409641, -13.860276699709857 ], [ -171.700313500367713, -13.860237699710012 ], [ -171.700413200109068, -13.860228800019058 ], [ -171.700552600422157, -13.860239199779187 ], [ -171.700601900357384, -13.860212200332739 ], [ -171.700629800025212, -13.86016639965959 ], [ -171.700679699808262, -13.860152700286847 ], [ -171.700803499581809, -13.860230899936028 ], [ -171.700912900310072, -13.860309999806589 ], [ -171.700964300162298, -13.860409999921501 ], [ -171.701120599635942, -13.860467099676839 ], [ -171.701279499948924, -13.860678499712947 ], [ -171.701346000317642, -13.86070140004955 ], [ -171.701429700220473, -13.860876300201028 ], [ -171.701406100211329, -13.860980400325161 ], [ -171.701502600164844, -13.861240700098165 ], [ -171.701648400053585, -13.861351000148488 ], [ -171.701855399706915, -13.861588399584946 ], [ -171.702541800063983, -13.861840100040524 ], [ -171.703075300384768, -13.862063399905935 ], [ -171.703112900140212, -13.862123499799623 ], [ -171.703158000241501, -13.862183900066896 ], [ -171.703097900347785, -13.862275499614555 ], [ -171.703059299646924, -13.862363000052369 ], [ -171.703057199729955, -13.862419199586327 ], [ -171.703129900024834, -13.86246510008425 ], [ -171.703170800292185, -13.862429600245832 ], [ -171.703408799576408, -13.862321300287704 ], [ -171.703483900161842, -13.862227599923756 ], [ -171.703555200212293, -13.862254500444806 ], [ -171.703837299551708, -13.862704299963411 ], [ -171.704043200233485, -13.863003800285128 ], [ -171.704338200347649, -13.86354799984025 ], [ -171.70476739999549, -13.8638104004296 ], [ -171.705370300099247, -13.864004299658632 ], [ -171.705847900360283, -13.864070700202603 ], [ -171.706276400335582, -13.864058300350223 ], [ -171.706983500388219, -13.863979099755625 ], [ -171.707547699966341, -13.86387530000502 ], [ -171.707581199712564, -13.86388450006956 ], [ -171.707859199942106, -13.863834100263489 ], [ -171.708149299650444, -13.86374070027307 ], [ -171.708711800409247, -13.863455599895985 ], [ -171.709108199983405, -13.863197800238254 ], [ -171.709317799576752, -13.862988699768607 ], [ -171.709408099604076, -13.862559500120767 ], [ -171.709485800129556, -13.861840199865298 ], [ -171.709557200004753, -13.861098699845058 ], [ -171.709673399607681, -13.859929600070927 ], [ -171.709789299736372, -13.859468899869796 ], [ -171.710262700163469, -13.858409699947629 ], [ -171.71043980005669, -13.85803979979687 ], [ -171.710487500098026, -13.857760900245296 ], [ -171.710466900227232, -13.857680999978129 ], [ -171.71049980012566, -13.857543099734244 ], [ -171.710595700231352, -13.8575069002232 ], [ -171.710737300286155, -13.857221600196624 ], [ -171.711015500165161, -13.856846199792244 ], [ -171.711136500349198, -13.856560000443608 ], [ -171.71112130000796, -13.856442200047468 ], [ -171.71113119974504, -13.856297000006521 ], [ -171.711172699860185, -13.856106600039539 ], [ -171.711242700390272, -13.85603670023346 ], [ -171.711277499656859, -13.85597710036285 ], [ -171.711339399993278, -13.855852799666934 ], [ -171.711370299799455, -13.855722999616717 ], [ -171.711534900015607, -13.85552720012015 ], [ -171.711668600425554, -13.855347399562788 ], [ -171.71180439985315, -13.85508699996501 ], [ -171.712014000345818, -13.855017000334271 ], [ -171.712250999583944, -13.855003700260511 ], [ -171.712370399874033, -13.855039700122006 ], [ -171.712520500320807, -13.855115700029501 ], [ -171.712784300255237, -13.8550803000158 ], [ -171.713293800368575, -13.854859500265661 ], [ -171.713982299743321, -13.854398300041453 ], [ -171.714505500128695, -13.854059199872154 ], [ -171.714986499827091, -13.853758400030074 ], [ -171.715189299646426, -13.85353510016472 ], [ -171.715198100411982, -13.853456100118876 ], [ -171.715054199891398, -13.853294900239405 ], [ -171.714885999689102, -13.853199299607923 ], [ -171.714805799947669, -13.853112499741997 ], [ -171.714817799601747, -13.853076200406292 ], [ -171.714972199707233, -13.853169800046203 ], [ -171.715452399908315, -13.852850100052024 ], [ -171.715440000055935, -13.852724400011027 ], [ -171.715484699958921, -13.852709099845015 ], [ -171.715549800083181, -13.852977499811743 ], [ -171.715685499686032, -13.853289300161009 ], [ -171.715820799989899, -13.853301000340821 ], [ -171.715877299897443, -13.853217900285813 ], [ -171.716102099832028, -13.85305509961313 ], [ -171.716269999660739, -13.852928299701205 ], [ -171.716353300264558, -13.852902199576818 ], [ -171.716540399719634, -13.852774000319812 ], [ -171.716568499936301, -13.852682499697551 ], [ -171.716514500144029, -13.852529400011747 ], [ -171.716544899927158, -13.852411499790833 ], [ -171.716618799917654, -13.852356900150767 ], [ -171.716758200230743, -13.852332300095554 ], [ -171.716855600405609, -13.852285100077268 ], [ -171.716919699584452, -13.852176100446627 ], [ -171.716923599944153, -13.852239199579344 ], [ -171.716984400409729, -13.852282500137221 ], [ -171.717080900363243, -13.852366899712592 ], [ -171.717130899971039, -13.852444600238073 ], [ -171.71712239957904, -13.85263169969312 ], [ -171.717269300238002, -13.85266389991898 ], [ -171.717452500232667, -13.852801599614111 ], [ -171.717580400015407, -13.852894299931961 ], [ -171.717882600101888, -13.853007299747048 ], [ -171.718178399713338, -13.853096200429263 ], [ -171.718368900404414, -13.853096999926549 ], [ -171.718531200154729, -13.853061500088131 ], [ -171.718686299932756, -13.852994600420402 ], [ -171.718847599636973, -13.852864400171882 ], [ -171.719040700268067, -13.852662899872882 ], [ -171.719190699990776, -13.85249230027938 ], [ -171.719347299837978, -13.852411800164418 ], [ -171.719457199689998, -13.85239270036277 ], [ -171.719562200035483, -13.852353599638889 ], [ -171.719618299744724, -13.852244199809945 ], [ -171.719580100141485, -13.851919100286182 ], [ -171.720216499991466, -13.851595400107556 ], [ -171.720275500014282, -13.851605000370398 ], [ -171.720327600438395, -13.851705499609068 ], [ -171.720384899843225, -13.85172570018085 ], [ -171.720528599814998, -13.851684200065733 ], [ -171.720680499805184, -13.851474800121878 ], [ -171.720775800063109, -13.851119100266203 ], [ -171.720994400071476, -13.851070500003516 ], [ -171.721252699752256, -13.851013099874592 ], [ -171.72121509999684, -13.850690799940423 ], [ -171.721142500426026, -13.85051880010252 ], [ -171.721209099720141, -13.850149899997859 ], [ -171.721242800015176, -13.84997580024293 ], [ -171.721269099789083, -13.84979179985163 ], [ -171.721237600135112, -13.849766099925546 ], [ -171.72118749980325, -13.849669000124209 ], [ -171.721211199637139, -13.849599999640247 ], [ -171.721203299992283, -13.849469599742179 ], [ -171.721232300430302, -13.849372400116124 ], [ -171.72124039972465, -13.849274499918181 ], [ -171.721276699959702, -13.849128600204665 ], [ -171.721300799991894, -13.848743899911028 ], [ -171.721331099950277, -13.848656799671517 ], [ -171.721399899885455, -13.848527100345336 ], [ -171.7215171004338, -13.848271399705311 ], [ -171.721590399677183, -13.848001600393502 ], [ -171.721642900299571, -13.847660599956669 ], [ -171.721591700096866, -13.847521699666686 ], [ -171.721573799990836, -13.84738640026211 ], [ -171.721602599880043, -13.847249099866019 ], [ -171.721636099626267, -13.847138199967901 ], [ -171.721676300221048, -13.84698320001462 ], [ -171.721682500147239, -13.84681389994148 ], [ -171.721778799551942, -13.846748699992474 ], [ -171.72192789995259, -13.846675899872821 ], [ -171.721996299689465, -13.846567900288335 ], [ -171.722017899606357, -13.846408800325833 ], [ -171.721935500123209, -13.846353199740349 ], [ -171.721799699796293, -13.846291800326298 ], [ -171.721791399953105, -13.846255799565427 ], [ -171.721808499662501, -13.846211200386563 ], [ -171.72189569972673, -13.846169899920881 ], [ -171.721982899790959, -13.845965699857118 ], [ -171.722050199656962, -13.845979599778673 ], [ -171.722180499730257, -13.845708900245484 ], [ -171.72226230026493, -13.845482399692969 ], [ -171.722289699909709, -13.845253899947465 ], [ -171.72227749970682, -13.845069100058879 ], [ -171.722248299619309, -13.844962099621171 ], [ -171.72217190041286, -13.844747899995525 ], [ -171.72211739969822, -13.844762899787952 ], [ -171.722088300334775, -13.844727599598968 ], [ -171.722047099693867, -13.844709900041835 ], [ -171.721986399952357, -13.844725300032508 ], [ -171.721957299689592, -13.844640500258834 ], [ -171.722019299850786, -13.84458310012991 ], [ -171.722188900297482, -13.844456800241119 ], [ -171.722386600061526, -13.844373200163034 ], [ -171.72250910031471, -13.844275399789808 ], [ -171.722612200392717, -13.844244800357217 ], [ -171.722667399880578, -13.844181800149897 ], [ -171.722787099644904, -13.844167699679531 ], [ -171.722875399580005, -13.844195299873149 ], [ -171.722925200437629, -13.844250299711518 ], [ -171.723004699607174, -13.844360999960145 ], [ -171.723071899648431, -13.844477999959679 ], [ -171.723161900201518, -13.844575499959319 ], [ -171.723469200343288, -13.844885999888959 ], [ -171.723531900177022, -13.844913400433029 ], [ -171.723763999908641, -13.84492370036844 ], [ -171.724177900289845, -13.844868699630752 ], [ -171.724302499560679, -13.844829699630907 ], [ -171.724375100030812, -13.844761100244511 ], [ -171.724475100145725, -13.844641000281911 ], [ -171.724458200085849, -13.844614999982241 ], [ -171.724552699947111, -13.844439599807629 ], [ -171.724647799656196, -13.844347799711159 ], [ -171.724774300093856, -13.844227300449518 ], [ -171.72502720024508, -13.843986399952371 ], [ -171.725225800230476, -13.843845000446379 ], [ -171.725260999695365, -13.843794300266723 ], [ -171.725275500364035, -13.843730700211609 ], [ -171.725325199598245, -13.843747200073153 ], [ -171.725373799860961, -13.843743699911784 ], [ -171.725583600003119, -13.843584699774055 ], [ -171.725606899638677, -13.843525199728163 ], [ -171.725670899892094, -13.84350459985734 ], [ -171.725775099840945, -13.843390099973078 ], [ -171.725971699734117, -13.843126600412234 ], [ -171.726079899867472, -13.842924799739649 ], [ -171.726174399728734, -13.842953399979365 ], [ -171.726252999576246, -13.842925299762726 ], [ -171.726407100207467, -13.842774499643383 ], [ -171.726724800109423, -13.842534299718125 ], [ -171.726934299877996, -13.842432599884546 ], [ -171.727122599928009, -13.842335300433717 ], [ -171.727340899562847, -13.842264700055807 ], [ -171.727584999847835, -13.84212479971967 ], [ -171.727803000008407, -13.842089200056478 ], [ -171.72797520039515, -13.842050299881407 ], [ -171.728113599762793, -13.841976899913959 ], [ -171.728250499960581, -13.841980900098406 ], [ -171.728523999982599, -13.841918200264672 ], [ -171.72866290027261, -13.841855999554696 ], [ -171.728831599598607, -13.841810799628661 ], [ -171.729015799639427, -13.841788900237532 ], [ -171.729219100381158, -13.841793000246696 ], [ -171.729249799638524, -13.841844300274204 ], [ -171.729353000440597, -13.841924300366145 ], [ -171.729480400200288, -13.841960099678829 ], [ -171.729651599641585, -13.841964800435164 ], [ -171.729912599986477, -13.841931799812642 ], [ -171.730038600401059, -13.841893299835874 ], [ -171.730317599777379, -13.841761899891708 ], [ -171.730601600283592, -13.841587800136836 ], [ -171.730636000251195, -13.841512099703607 ], [ -171.730738399757314, -13.84150770022012 ], [ -171.730883999996564, -13.841517900330814 ], [ -171.731101000111039, -13.841555500086201 ], [ -171.731351499971709, -13.841614799583283 ], [ -171.731417299768538, -13.841632000016716 ], [ -171.731491000109543, -13.841555400261484 ], [ -171.731527800367672, -13.841505999602134 ], [ -171.731596499578757, -13.841523700058644 ], [ -171.731596200104519, -13.841598000247473 ], [ -171.731600399938486, -13.841633099887588 ], [ -171.73175050038526, -13.841591699597188 ], [ -171.732115400305446, -13.841789300435835 ], [ -171.73224780029571, -13.841749000016307 ], [ -171.732541900188522, -13.841793199896188 ], [ -171.732785499551142, -13.841856999600793 ], [ -171.732941999573598, -13.841793400445056 ], [ -171.733044499803782, -13.841827400214299 ], [ -171.733201099651012, -13.841822200334207 ], [ -171.733257700282621, -13.841869400352493 ], [ -171.733543799806483, -13.841895600301655 ], [ -171.733573499917071, -13.841948000199977 ], [ -171.733622399653996, -13.841949299720341 ], [ -171.733662600248778, -13.841955800020116 ], [ -171.733719199981067, -13.841843200403332 ], [ -171.733873100063477, -13.841851000223414 ], [ -171.734110600224, -13.841892899637571 ], [ -171.734392599738669, -13.84199019998772 ], [ -171.736105499768968, -13.842565700446698 ], [ -171.736808399987638, -13.842681499851267 ], [ -171.736921499627471, -13.842670799717609 ], [ -171.736976700014679, -13.842571599999303 ], [ -171.737051199852971, -13.842558200100825 ], [ -171.737145099866439, -13.842558200100825 ], [ -171.737230600212001, -13.842630600022119 ], [ -171.737281500041178, -13.842703999989567 ], [ -171.738122299604413, -13.842724300386124 ], [ -171.738141400305352, -13.842371699594196 ], [ -171.738526400073283, -13.84234970037835 ], [ -171.738551900349904, -13.842663999943625 ], [ -171.73889449978131, -13.842656399772977 ], [ -171.739428400300397, -13.842585900119161 ], [ -171.739942999569735, -13.842380600184526 ], [ -171.74025450044482, -13.842201100000693 ], [ -171.740614999982228, -13.841953499554336 ], [ -171.741130500372265, -13.841549200335294 ], [ -171.741343100103961, -13.841441699874508 ], [ -171.74139740026979, -13.841414300229701 ], [ -171.741764300282199, -13.84108859995888 ], [ -171.742273400197234, -13.840805800047576 ], [ -171.742265499653058, -13.840665700061948 ], [ -171.74241309998456, -13.840463400265662 ], [ -171.742785900448922, -13.83991879961286 ], [ -171.742850800024371, -13.839937500115468 ], [ -171.74300169996846, -13.839709399669005 ], [ -171.743066600443228, -13.839735599618166 ], [ -171.743116799700516, -13.839606400315063 ], [ -171.743072199622276, -13.839561300213802 ], [ -171.743112300392312, -13.839268499841353 ], [ -171.743193099981539, -13.839263799984337 ], [ -171.743254000271861, -13.839053999842179 ], [ -171.743260499672289, -13.838819999843054 ], [ -171.743004799931555, -13.838791699976923 ], [ -171.743065200198799, -13.838390800195214 ], [ -171.743375700128439, -13.838414599853877 ], [ -171.743397100395839, -13.837932199911052 ], [ -171.743396399823979, -13.837301300314721 ], [ -171.743303599681354, -13.837267299646101 ], [ -171.74321629979238, -13.837172500310601 ], [ -171.743206900078349, -13.837022100389561 ], [ -171.743284200405498, -13.836922999596709 ], [ -171.743370600073121, -13.836909700422268 ], [ -171.743445299560904, -13.836479599653728 ], [ -171.743452000409462, -13.836156400397499 ], [ -171.743460699551605, -13.835990499761692 ], [ -171.743492200104924, -13.835817599702409 ], [ -171.743351699920993, -13.835504300183288 ], [ -171.743374399708756, -13.835398199966903 ], [ -171.743448799722302, -13.835383399824025 ], [ -171.743521699666672, -13.835134999880268 ], [ -171.743570799952437, -13.835097699599089 ], [ -171.743687399753668, -13.834854600259575 ], [ -171.743658300390223, -13.83477009996011 ], [ -171.743694599725956, -13.834670599868218 ], [ -171.743784299905485, -13.834583600352801 ], [ -171.743800399568755, -13.834478400357852 ], [ -171.743843600301886, -13.834394999929259 ], [ -171.744032000176645, -13.83431699992957 ], [ -171.743911300366193, -13.834201499999153 ], [ -171.743974000199927, -13.833685299936576 ], [ -171.744182400097657, -13.833563899554292 ], [ -171.744233299926833, -13.833379400039234 ], [ -171.743812599771644, -13.833102200206326 ], [ -171.744053600093537, -13.832814900087499 ], [ -171.744201099700973, -13.832919400409935 ], [ -171.744297800203299, -13.832808499612497 ], [ -171.744034299743106, -13.832588500259021 ], [ -171.743793499970025, -13.832373299687958 ], [ -171.743718900306988, -13.832379299964657 ], [ -171.743671899938192, -13.832367599784845 ], [ -171.743606299790883, -13.832410900342722 ], [ -171.743591499647977, -13.832477600360903 ], [ -171.743415299976078, -13.832586699816318 ], [ -171.743271099981257, -13.832388500029197 ], [ -171.74357280004466, -13.832190800265153 ], [ -171.743763899684183, -13.83209170037162 ], [ -171.744238399982152, -13.832560499867157 ], [ -171.744482500267139, -13.832759699700318 ], [ -171.744702200146406, -13.832472299756773 ], [ -171.744803800155239, -13.832524099807301 ], [ -171.744915499550643, -13.832475600268708 ], [ -171.745694299852033, -13.831468200397069 ], [ -171.746053499869106, -13.831244500333355 ], [ -171.746356500352192, -13.83127559978908 ], [ -171.746534499567474, -13.831319600019469 ], [ -171.746802699884654, -13.83163510017971 ], [ -171.746866600313325, -13.832048800012046 ], [ -171.746966700252983, -13.832078299573823 ], [ -171.747080499565385, -13.832132099716603 ], [ -171.747193000256743, -13.832198699910009 ], [ -171.747205400109095, -13.832253799573152 ], [ -171.747263300261068, -13.832256000214215 ], [ -171.747335499633579, -13.832267400020442 ], [ -171.747416399946871, -13.832293000121808 ], [ -171.747503000163306, -13.832274000144935 ], [ -171.747582799706407, -13.83220899984542 ], [ -171.747654699604681, -13.832155400251452 ], [ -171.747684999563063, -13.832072900044238 ], [ -171.747605899692502, -13.831952499708052 ], [ -171.747699699881224, -13.831571500124596 ], [ -171.74801629991228, -13.831262600088849 ], [ -171.748377599846322, -13.830996800062223 ], [ -171.748634799656259, -13.830748713082585 ], [ -171.748758600329126, -13.83062930020202 ], [ -171.748823099706271, -13.830285799649914 ], [ -171.748721800070996, -13.829906200310859 ], [ -171.748673500181866, -13.829839299743867 ], [ -171.748634799656259, -13.829835257291222 ], [ -171.74788749990816, -13.829757199734956 ], [ -171.74743689999292, -13.829954100001657 ], [ -171.747125200367663, -13.830155399751845 ], [ -171.747045599574733, -13.830235399843787 ], [ -171.746864000373279, -13.830286699871237 ], [ -171.746755900064699, -13.830278900051155 ], [ -171.746398499591066, -13.830332899843427 ], [ -171.746312299572935, -13.830442699870673 ], [ -171.745438899585508, -13.830025999899931 ], [ -171.745382299853219, -13.829947599701939 ], [ -171.745118099720486, -13.829696300343926 ], [ -171.745106100066437, -13.829522800436848 ], [ -171.745166399609616, -13.829282999810573 ], [ -171.745336199705832, -13.828970700337493 ], [ -171.745663400045856, -13.82848289996582 ], [ -171.745577600226056, -13.828350599800274 ], [ -171.745666800382509, -13.828182399598006 ], [ -171.745677100317891, -13.828163000322149 ], [ -171.745850100201949, -13.828214099800846 ], [ -171.745965199934005, -13.828474000274866 ], [ -171.746569500282192, -13.828380499560353 ], [ -171.746549400434446, -13.827995599617168 ], [ -171.746752700276858, -13.827875999677588 ], [ -171.74787760017108, -13.828681800324773 ], [ -171.747937899714287, -13.828957099890204 ], [ -171.747878700041952, -13.82928609977364 ], [ -171.747874400383239, -13.82968009995659 ], [ -171.748434800325754, -13.829735882205171 ], [ -171.748680100306359, -13.829760299698023 ], [ -171.748726199554426, -13.82958350017833 ], [ -171.748784999927778, -13.829552899846419 ], [ -171.748814899687829, -13.829505199805055 ], [ -171.748865300393277, -13.829387599957727 ], [ -171.748880099636864, -13.829210400239731 ], [ -171.74894550013471, -13.829043299908335 ], [ -171.749008699991492, -13.828881500181069 ], [ -171.749112899940343, -13.828626000089798 ], [ -171.749315500110214, -13.82827109973141 ], [ -171.749468699620763, -13.828185700109941 ], [ -171.749633299836887, -13.828214400174375 ], [ -171.749658599564697, -13.828218799657805 ], [ -171.74971349957832, -13.828331199625097 ], [ -171.749690899615302, -13.828455600145787 ], [ -171.749810299905391, -13.828557999651935 ], [ -171.750102500430017, -13.82874669990025 ], [ -171.750363300226098, -13.828889300001151 ], [ -171.751046999919083, -13.829134699806502 ], [ -171.751318999871927, -13.829195000249001 ], [ -171.751554499940198, -13.829195500272078 ], [ -171.751997800058405, -13.828952499857962 ], [ -171.751984599809418, -13.828789799909316 ], [ -171.752133600385321, -13.828701699623707 ], [ -171.752325899720461, -13.828627299610162 ], [ -171.752528700439143, -13.828582099684127 ], [ -171.752713000304681, -13.828581700385143 ], [ -171.752896300124121, -13.828552399573539 ], [ -171.753158500164631, -13.828491299633697 ], [ -171.753716900014894, -13.82832720033997 ], [ -171.75434190005862, -13.828130499722761 ], [ -171.754712999904996, -13.827968399621909 ], [ -171.754965800231474, -13.827775899737958 ], [ -171.755142300276901, -13.827640700158156 ], [ -171.755658199965922, -13.827159099712617 ], [ -171.755850699849901, -13.82708099988821 ], [ -171.756089100231776, -13.826929500096298 ], [ -171.756159900259149, -13.826836600128956 ], [ -171.756320100092523, -13.82669280033241 ], [ -171.75660859990694, -13.826248900366409 ], [ -171.756849500404087, -13.82575110043291 ], [ -171.756903900394661, -13.825620900184333 ], [ -171.756943900440632, -13.825564099903261 ], [ -171.757031499803844, -13.8255393001985 ], [ -171.7570807997391, -13.825440399954459 ], [ -171.757183700167587, -13.825313100019514 ], [ -171.757336500379154, -13.825240999572429 ], [ -171.757345499894882, -13.825205999757031 ], [ -171.757327099765803, -13.825135000080138 ], [ -171.757352500217678, -13.825122899702023 ], [ -171.757400300083759, -13.825177100043106 ], [ -171.757432799783857, -13.825193199706348 ], [ -171.757502800313944, -13.825159600135407 ], [ -171.757583900276757, -13.825130099674311 ], [ -171.757748299944069, -13.825070200329435 ], [ -171.757816900229727, -13.825099199868134 ], [ -171.757864500446317, -13.825164200167649 ], [ -171.757935799597448, -13.825149599674262 ], [ -171.757975500169181, -13.825118500218537 ], [ -171.75803050000755, -13.825096099905068 ], [ -171.758039200049012, -13.825066499619197 ], [ -171.758111099947286, -13.825033900094354 ], [ -171.758148800426767, -13.824999699776299 ], [ -171.758172199887099, -13.824955499896362 ], [ -171.758159800034719, -13.824908399702849 ], [ -171.758192399559562, -13.824850499550848 ], [ -171.758239300103583, -13.824837900048976 ], [ -171.758292600223285, -13.824870899772179 ], [ -171.758330799826524, -13.824835800132007 ], [ -171.758374700232196, -13.824826000219673 ], [ -171.758366900412085, -13.824785900348957 ], [ -171.758485799779805, -13.824723300339997 ], [ -171.758592200369719, -13.824598299971512 ], [ -171.758731699608234, -13.824441799949057 ], [ -171.758924999888819, -13.824406300110638 ], [ -171.759095499657548, -13.82447229955693 ], [ -171.759255999864479, -13.824689100021885 ], [ -171.759469300168035, -13.824858200445533 ], [ -171.759766500023943, -13.824949700168474 ], [ -171.759864900244935, -13.825082600181815 ], [ -171.762177800065388, -13.824303200032602 ], [ -171.763056899955927, -13.824318400373841 ], [ -171.763106600089486, -13.824416100022972 ], [ -171.763009600112923, -13.824507800294725 ], [ -171.762333999714286, -13.824487999921189 ], [ -171.762216800065232, -13.82450010029936 ], [ -171.762196499668704, -13.8247452995559 ], [ -171.762320499991063, -13.824773200123047 ], [ -171.762216700240486, -13.825633100387222 ], [ -171.762153399659638, -13.826134600131638 ], [ -171.762140399959463, -13.826252899651536 ], [ -171.760958799608886, -13.82744050027884 ], [ -171.76087289996434, -13.827354900108503 ], [ -171.761417100418811, -13.826811300401118 ], [ -171.761253699898305, -13.826620500235833 ], [ -171.761166900032379, -13.826708200323139 ], [ -171.761067399940515, -13.826619699839227 ], [ -171.760455899620041, -13.827177099643393 ], [ -171.760093599639873, -13.827575000186073 ], [ -171.759652599987476, -13.827210600288936 ], [ -171.759410899993014, -13.827251100357955 ], [ -171.759179699583456, -13.827344699997866 ], [ -171.759053799892911, -13.82740789985462 ], [ -171.758971299685697, -13.827595199858536 ], [ -171.758917200068709, -13.827856700226505 ], [ -171.758908300377726, -13.827888699903554 ], [ -171.758972500280635, -13.828227499699324 ], [ -171.759162699698805, -13.828550699854873 ], [ -171.759249200090494, -13.828510900357742 ], [ -171.759410700343523, -13.828882000204089 ], [ -171.759369499702615, -13.828900400333168 ], [ -171.759498500255546, -13.829169400147634 ], [ -171.759582499632614, -13.829196799792442 ], [ -171.760321799911111, -13.828772800024637 ], [ -171.760363899874051, -13.828725600006408 ], [ -171.760342200132413, -13.828247200248029 ], [ -171.760356000229194, -13.828194099777818 ], [ -171.760395899551099, -13.828194999999198 ], [ -171.760418200039879, -13.828246200201932 ], [ -171.760448300348742, -13.828774599568078 ], [ -171.760415799749325, -13.828805899572558 ], [ -171.759702200296289, -13.82921870008289 ], [ -171.759633699835348, -13.829284400054974 ], [ -171.759654600079699, -13.82937210014228 ], [ -171.759619600264301, -13.82948459993429 ], [ -171.759945799658908, -13.830427799903021 ], [ -171.760155599801067, -13.831119300315436 ], [ -171.760397000321291, -13.831458399585415 ], [ -171.760676300071168, -13.831756100363691 ], [ -171.760891599567628, -13.831918999961829 ], [ -171.761106099566803, -13.832220600200515 ], [ -171.761303800230166, -13.832463300241045 ], [ -171.761472600280257, -13.832727299824967 ], [ -171.761576499855551, -13.832854699584686 ], [ -171.761706200081051, -13.832955099897902 ], [ -171.76211239956757, -13.833110400224768 ], [ -171.762327299765047, -13.833097699998802 ], [ -171.762960400002441, -13.83292620018392 ], [ -171.764742199792664, -13.832364300172287 ], [ -171.765147499957124, -13.832151400067005 ], [ -171.76556479977566, -13.831940599878749 ], [ -171.765662399600046, -13.831895999800508 ], [ -171.765723899738163, -13.831862800427871 ], [ -171.765792400199075, -13.831745400229977 ], [ -171.765813799567155, -13.831597500424266 ], [ -171.765478599757557, -13.831014499619414 ], [ -171.765437800214272, -13.830949699868711 ], [ -171.765376399900902, -13.830902700399236 ], [ -171.765327699813469, -13.830855799855215 ], [ -171.765303199582974, -13.830774500242967 ], [ -171.765312299822739, -13.830665200238741 ], [ -171.765384599919315, -13.830472499805978 ], [ -171.765465500232636, -13.830160499807164 ], [ -171.765594999909297, -13.829616099703173 ], [ -171.765671999862889, -13.829311100027212 ], [ -171.765782999585724, -13.829020500295826 ], [ -171.765903599571431, -13.828772499651109 ], [ -171.765957700087768, -13.828630500297322 ], [ -171.766048199764583, -13.828339700017068 ], [ -171.766598000297449, -13.827754700019341 ], [ -171.76669850043541, -13.827720100402246 ], [ -171.766852299793783, -13.827857399899017 ], [ -171.767026699922241, -13.828129200202397 ], [ -171.767041699714639, -13.82835500018308 ], [ -171.767568199712628, -13.828914699553707 ], [ -171.768710700238586, -13.829040299769986 ], [ -171.768965099559665, -13.828959099982455 ], [ -171.769241400070541, -13.828667000181895 ], [ -171.76938130040665, -13.828610500274294 ], [ -171.76951399987118, -13.828722300393792 ], [ -171.769353899862551, -13.828892700337803 ], [ -171.769299300222514, -13.828844600098193 ], [ -171.769202099697111, -13.828940500203885 ], [ -171.76973550019315, -13.829477999809797 ], [ -171.769761100294517, -13.829434100303445 ], [ -171.769835199934505, -13.829420499856155 ], [ -171.770305100200176, -13.829271299630705 ], [ -171.770400799757084, -13.829240100350319 ], [ -171.770388300079958, -13.829199100258222 ], [ -171.770415500075245, -13.829187400078411 ], [ -171.770376099877069, -13.829112300392296 ], [ -171.770316400181684, -13.829140600258427 ], [ -171.770248899766869, -13.829055699760715 ], [ -171.770202000122168, -13.828875599729088 ], [ -171.769898899814336, -13.828530600007127 ], [ -171.769962400044705, -13.828479200154902 ], [ -171.770210999637897, -13.828774899941607 ], [ -171.770467800148822, -13.828538499651984 ], [ -171.770596000305147, -13.828657899942073 ], [ -171.771327200389948, -13.828056099709215 ], [ -171.771448300398731, -13.82786259977911 ], [ -171.771441300075907, -13.827806300420377 ], [ -171.771310300330072, -13.827712699881147 ], [ -171.771335799707373, -13.827674299729097 ], [ -171.771376799799441, -13.827677500416257 ], [ -171.771523300260071, -13.827745099756498 ], [ -171.771781199742549, -13.827265100104228 ], [ -171.771733300051721, -13.827224199836905 ], [ -171.771851700295713, -13.827036100335704 ], [ -171.771906299935779, -13.827030899556348 ], [ -171.772188599824005, -13.826573999890115 ], [ -171.772041899713884, -13.826488899742856 ], [ -171.772086700340907, -13.82641399970629 ], [ -171.772196600192927, -13.826475099646075 ], [ -171.772262800188059, -13.826421800425692 ], [ -171.772545500274589, -13.825921899675905 ], [ -171.772399800210593, -13.82583349991603 ], [ -171.772434600376471, -13.825768100317532 ], [ -171.772588399734843, -13.825847899860662 ], [ -171.772946200406807, -13.825220600250475 ], [ -171.772788599614159, -13.825150800269171 ], [ -171.772839600167373, -13.825054999988197 ], [ -171.773001600443479, -13.825118000195516 ], [ -171.773367000386742, -13.824499899750549 ], [ -171.773241199621651, -13.82442680015663 ], [ -171.773270600257973, -13.824371900143035 ], [ -171.7734231999207, -13.824436900442549 ], [ -171.773529700335388, -13.824334599861857 ], [ -171.773624100371904, -13.823964599886324 ], [ -171.773614900307365, -13.823877299997378 ], [ -171.773527300044833, -13.823823300205106 ], [ -171.773577199827884, -13.823768500016229 ], [ -171.773684800113415, -13.823773600071547 ], [ -171.773751000108547, -13.823734400422211 ], [ -171.773835000384935, -13.823509999786609 ], [ -171.774007799720152, -13.823304799676691 ], [ -171.774397199870862, -13.822965599682618 ], [ -171.774615100206688, -13.822777400356699 ], [ -171.77490119973055, -13.822560900265273 ], [ -171.775163799969363, -13.822321700386112 ], [ -171.775672300036604, -13.821639099664651 ], [ -171.775835500008299, -13.821169700321377 ], [ -171.776073199818285, -13.820858599644623 ], [ -171.776057700002838, -13.820596399604085 ], [ -171.776096799827428, -13.820448499798374 ], [ -171.776815699884622, -13.818817500127466 ], [ -171.777449599619302, -13.817086500341645 ], [ -171.777504200158688, -13.817065600097294 ], [ -171.777513000024896, -13.817041599889876 ], [ -171.777519500324644, -13.817024099982177 ], [ -171.777475000071178, -13.816978599682557 ], [ -171.777521000393818, -13.816814899687813 ], [ -171.777746699650436, -13.816639799886786 ], [ -171.778004799681725, -13.816361900381366 ], [ -171.778318899597508, -13.815981100447402 ], [ -171.778325899920304, -13.815922200249304 ], [ -171.778431599938358, -13.815797199880819 ], [ -171.778480100376299, -13.815786399922388 ], [ -171.778544999951748, -13.815689200296333 ], [ -171.778566599868668, -13.815663399646155 ], [ -171.778656200223423, -13.815555999909407 ], [ -171.779103700175597, -13.815314399739691 ], [ -171.779518900077136, -13.815004200183637 ], [ -171.779417399893077, -13.814836199630861 ], [ -171.77947349960229, -13.814807700115239 ], [ -171.779573700266013, -13.814973199653423 ], [ -171.779880200011206, -13.814836199630861 ], [ -171.780126199664352, -13.81469360042928 ], [ -171.780864200422485, -13.814519999798108 ], [ -171.780927099905711, -13.814515700139395 ], [ -171.781285799899706, -13.814913599782756 ], [ -171.781602599580282, -13.815669399922797 ], [ -171.781664400091955, -13.815763600309879 ], [ -171.781727699773512, -13.816180900128415 ], [ -171.781689000147225, -13.816682600421643 ], [ -171.781701700373134, -13.817060300392484 ], [ -171.781642599626252, -13.817129600350711 ], [ -171.781500600272466, -13.817136900147773 ], [ -171.781266299899784, -13.817141400355297 ], [ -171.781155900024743, -13.817026600097449 ], [ -171.781013899771636, -13.817080199691418 ], [ -171.78100230031589, -13.817375299630328 ], [ -171.781067199891339, -13.817945500384496 ], [ -171.781042599836098, -13.81801120035658 ], [ -171.780870500173421, -13.818082600231776 ], [ -171.780780499620334, -13.818128599655097 ], [ -171.780819799993736, -13.818534200193142 ], [ -171.78093699964279, -13.818687500427757 ], [ -171.781024099882274, -13.81889119956918 ], [ -171.781040400094355, -13.819086300292497 ], [ -171.781127600158584, -13.819205800407303 ], [ -171.781041499965227, -13.819528700189323 ], [ -171.780798600275148, -13.819786800220584 ], [ -171.780486700101108, -13.819943999915608 ], [ -171.780309200009555, -13.820014700118293 ], [ -171.780119300065621, -13.820085799619903 ], [ -171.780016799835408, -13.820294200416981 ], [ -171.779924100416878, -13.820500000374693 ], [ -171.779860399637698, -13.820963900363665 ], [ -171.779752999901007, -13.821197699813922 ], [ -171.779462499994338, -13.821307200366959 ], [ -171.778994300346653, -13.821082600081866 ], [ -171.778071300050442, -13.822476999813659 ], [ -171.777594000162964, -13.822878799816692 ], [ -171.777144199744981, -13.823349100280723 ], [ -171.777008299593319, -13.823692900307037 ], [ -171.776417099669374, -13.824016399936852 ], [ -171.776097299850477, -13.824183600093022 ], [ -171.775843600201966, -13.824519999598238 ], [ -171.775925100363054, -13.824804599952301 ], [ -171.775900500307813, -13.825052999896002 ], [ -171.775996000215201, -13.825375700028474 ], [ -171.776182200348245, -13.825422300198966 ], [ -171.776249900412552, -13.825597700373521 ], [ -171.776195500421977, -13.825970400113818 ], [ -171.775700199704431, -13.826165300288324 ], [ -171.7754538996777, -13.826793199746305 ], [ -171.775318399724341, -13.826960599551967 ], [ -171.77567559964919, -13.827424000417238 ], [ -171.776491499682948, -13.827385100242111 ], [ -171.776682399672978, -13.827842499931364 ], [ -171.77690709978279, -13.828467400150373 ], [ -171.776708499797394, -13.828694899849722 ], [ -171.776763800009348, -13.828779499973905 ], [ -171.776984300285193, -13.828769500412079 ], [ -171.777274999841353, -13.828392699763242 ], [ -171.777714699973387, -13.827961599847924 ], [ -171.777973499677245, -13.827949600193847 ], [ -171.7780970998013, -13.828374199809446 ], [ -171.777770199834833, -13.829178399663363 ], [ -171.778683300393965, -13.829421400077479 ], [ -171.779503400261689, -13.829185999833953 ], [ -171.780024700379585, -13.82933689977807 ], [ -171.780176499645705, -13.829511100257037 ], [ -171.780152199964022, -13.82979030018214 ], [ -171.78044870014736, -13.829730099564415 ], [ -171.780794899564938, -13.829557200404452 ], [ -171.782549400434448, -13.828656300048181 ], [ -171.783171000141522, -13.827945299635815 ], [ -171.783503900384659, -13.82792400009248 ], [ -171.783837899599348, -13.827974800096911 ], [ -171.784133499561335, -13.827960699626544 ], [ -171.784366200040068, -13.828677499766741 ], [ -171.784504899781268, -13.828529199762727 ], [ -171.7851092999542, -13.828510900357742 ], [ -171.785622400053683, -13.828672899734499 ], [ -171.785949200195404, -13.828483399988897 ], [ -171.786412600161327, -13.828510900357742 ], [ -171.786707600275491, -13.827822499908393 ], [ -171.78702640004829, -13.827489900038813 ], [ -171.787306600019548, -13.827431900062095 ], [ -171.787605299944602, -13.827017800031399 ], [ -171.787951899560483, -13.826817500327309 ], [ -171.788358000121576, -13.826789999958464 ], [ -171.788864799570803, -13.827300400293211 ], [ -171.789686400407021, -13.827227100150481 ], [ -171.791191100189081, -13.826985599805539 ], [ -171.791483100164925, -13.82743480037567 ], [ -171.791611599795459, -13.82739680042198 ], [ -171.791811199826981, -13.827315699559847 ], [ -171.791770299559658, -13.827165900385921 ], [ -171.791934700126291, -13.826974399648805 ], [ -171.792473199778328, -13.826986300377428 ], [ -171.792711500335457, -13.826789999958464 ], [ -171.792887799832073, -13.826902999773552 ], [ -171.793083000380136, -13.826698299686711 ], [ -171.792856300178073, -13.826484299710614 ], [ -171.793098699845103, -13.826190799665653 ], [ -171.793060100043562, -13.825547500216942 ], [ -171.79254470037759, -13.825429699820745 ], [ -171.792270800157269, -13.824974300223744 ], [ -171.792348200309164, -13.824761499943236 ], [ -171.792790200007687, -13.824537200031727 ], [ -171.793061100089659, -13.824600600437293 ], [ -171.79328439995507, -13.824194800249813 ], [ -171.793504800406197, -13.824090899775172 ], [ -171.793614200235112, -13.823575099910897 ], [ -171.793677900114972, -13.823228899593971 ], [ -171.794490100337839, -13.823014899617874 ], [ -171.794804899926163, -13.822926300208564 ], [ -171.795009500188257, -13.822724500435299 ], [ -171.795397400269792, -13.822591200223656 ], [ -171.795566700342931, -13.822235500367981 ], [ -171.795541299891056, -13.821954500000118 ], [ -171.796249800188093, -13.821428500025206 ], [ -171.79623240010514, -13.821098699745164 ], [ -171.79691940031006, -13.820703700415379 ], [ -171.797217100188988, -13.820876399925851 ], [ -171.79746819989748, -13.820773200023098 ], [ -171.797734300297691, -13.821031499703906 ], [ -171.798128699779653, -13.821376000302109 ], [ -171.79839099964488, -13.821200199929251 ], [ -171.798559199847176, -13.821477600310971 ], [ -171.798443400442551, -13.821577100402806 ], [ -171.798595599906974, -13.821639099664651 ], [ -171.798780299970844, -13.821987499723264 ], [ -171.79925030006126, -13.821874400083459 ], [ -171.798169699871721, -13.820230200163564 ], [ -171.798769500012384, -13.819807900114427 ], [ -171.799112800015678, -13.82037910001543 ], [ -171.799396699797825, -13.820297000006519 ], [ -171.79952489995415, -13.82051319972436 ], [ -171.799572400345966, -13.820526499798063 ], [ -171.800243499637759, -13.822017199833851 ], [ -171.800275500214127, -13.821941899598926 ], [ -171.800332199771162, -13.82178190031442 ], [ -171.80050059962295, -13.821683300443908 ], [ -171.800250599785329, -13.82135529970725 ], [ -171.800505699678268, -13.821185100312107 ], [ -171.800790700230607, -13.82156800016304 ], [ -171.801177799915507, -13.821384599619535 ], [ -171.801256499587765, -13.821500800121783 ], [ -171.801413899831573, -13.82140909985003 ], [ -171.801104599597579, -13.820875800078056 ], [ -171.801173799731032, -13.820761300193794 ], [ -171.801302900108738, -13.820716499566743 ], [ -171.80145559959621, -13.820797999727858 ], [ -171.80154920013544, -13.820840700437941 ], [ -171.801781299867059, -13.820864799570813 ], [ -171.802089500230238, -13.820875300054979 ], [ -171.802229399667027, -13.820737299986376 ], [ -171.802343500252306, -13.820495400342395 ], [ -171.801353399739583, -13.819595300382787 ], [ -171.800973800400527, -13.819382500102279 ], [ -171.800847299962896, -13.819299900070291 ], [ -171.800834699561705, -13.819159300061585 ], [ -171.800935500073251, -13.819125699591325 ], [ -171.801053699768403, -13.819190500241348 ], [ -171.80117360008154, -13.819034699891461 ], [ -171.801234500371862, -13.818801600113716 ], [ -171.801435999771542, -13.818703799740547 ], [ -171.801597099826267, -13.818828700284257 ], [ -171.801747599572025, -13.81878629994776 ], [ -171.802026699672439, -13.818936900417555 ], [ -171.802537699854923, -13.818205599608689 ], [ -171.802642999674674, -13.818260200148075 ], [ -171.803016200337339, -13.818181100277513 ], [ -171.803063000157294, -13.818004600232086 ], [ -171.803025699876116, -13.817670600118049 ], [ -171.802512599776634, -13.817282399662986 ], [ -171.802207199902313, -13.817208999695538 ], [ -171.802056100308761, -13.817261000294877 ], [ -171.801744600333024, -13.817169700221427 ], [ -171.80125179973075, -13.8169803003006 ], [ -171.800687199954297, -13.816368200132274 ], [ -171.800300899766683, -13.816530599707392 ], [ -171.800164700140783, -13.816497599984189 ], [ -171.800051200302619, -13.816455699670769 ], [ -171.799942199772687, -13.816301299565282 ], [ -171.799869500377127, -13.816171200040799 ], [ -171.800007999569488, -13.816140300234622 ], [ -171.800089800104161, -13.816237400035959 ], [ -171.800187399928546, -13.816356400127745 ], [ -171.800278199978919, -13.816396099800102 ], [ -171.800423599669358, -13.816376300325942 ], [ -171.800548500213097, -13.816305699948032 ], [ -171.800607500235913, -13.816228500344948 ], [ -171.800514399719731, -13.816063199556993 ], [ -171.800314600038746, -13.816019100401093 ], [ -171.800312299572937, -13.815955100147733 ], [ -171.800466699678424, -13.815977200087673 ], [ -171.800562099761066, -13.816016899760086 ], [ -171.800677900065011, -13.816124900243892 ], [ -171.800790800055353, -13.816290799980379 ], [ -171.801016600036036, -13.816595099983829 ], [ -171.801263400085816, -13.816829600005974 ], [ -171.801395600426588, -13.816933999604373 ], [ -171.801662100125782, -13.816969100143808 ], [ -171.80190249970056, -13.816843699577021 ], [ -171.802162599824101, -13.816907600005663 ], [ -171.802246000252694, -13.816973100328255 ], [ -171.802231999607073, -13.817051200152719 ], [ -171.802467899873648, -13.817172200336756 ], [ -171.802608900080656, -13.817178900285967 ], [ -171.802673199808311, -13.817144600143138 ], [ -171.802815100236671, -13.817150600419836 ], [ -171.802952499558188, -13.817234999995208 ], [ -171.803023199760844, -13.817319199921087 ], [ -171.803062000111197, -13.817413599957604 ], [ -171.803267300045832, -13.817546900169248 ], [ -171.803527099795787, -13.817603099703263 ], [ -171.803851700195793, -13.817615499555586 ], [ -171.804198600185231, -13.817581200312077 ], [ -171.804466799603091, -13.817617700196649 ], [ -171.804567899588875, -13.817690299767492 ], [ -171.804574300063877, -13.817783900306722 ], [ -171.804642299602421, -13.817820599840786 ], [ -171.804847300062818, -13.817690299767492 ], [ -171.804895400302456, -13.817609199804679 ], [ -171.805018200029878, -13.817477500386303 ], [ -171.805023899933019, -13.817234999995208 ], [ -171.805065599697627, -13.817228800069017 ], [ -171.805084900048058, -13.817287999741325 ], [ -171.805100899886583, -13.81721630039192 ], [ -171.804888300154914, -13.817056999880606 ], [ -171.804249599839125, -13.816417400242756 ], [ -171.804412000313533, -13.816132799888749 ], [ -171.804365499967815, -13.8159596003552 ], [ -171.804398399866244, -13.815844700272635 ], [ -171.804087800111859, -13.815483000140318 ], [ -171.804114099885766, -13.815415899923778 ], [ -171.804166399959371, -13.815445000186571 ], [ -171.804503599861221, -13.815809099710123 ], [ -171.804964399887126, -13.816004400082932 ], [ -171.805299300222487, -13.816367200086177 ], [ -171.806128899628987, -13.816134499607415 ], [ -171.806254599670012, -13.816468100422469 ], [ -171.807504999955768, -13.816661499628481 ], [ -171.807672299936655, -13.816691699762089 ], [ -171.807868200157287, -13.816644899942105 ], [ -171.808000500322805, -13.816707900149424 ], [ -171.808073799566159, -13.816613699762399 ], [ -171.807970999861737, -13.81653569976271 ], [ -171.808073500091922, -13.81636899962956 ], [ -171.808055699810666, -13.816270100284839 ], [ -171.808039799796887, -13.816184099916256 ], [ -171.808101299935004, -13.815977999584959 ], [ -171.808072099847493, -13.815951199788003 ], [ -171.807944399714245, -13.815919499585164 ], [ -171.807814800212839, -13.815846999839152 ], [ -171.807796800282091, -13.81570999981659 ], [ -171.807751399807216, -13.815687999701368 ], [ -171.807674399853653, -13.815633800259604 ], [ -171.807746899599721, -13.815582100033851 ], [ -171.807765000254534, -13.815531399854194 ], [ -171.807811700249744, -13.815453200204956 ], [ -171.807903600170988, -13.815456399992797 ], [ -171.808003499561835, -13.815445400384874 ], [ -171.808137399621273, -13.815434399877631 ], [ -171.808219200155946, -13.815385900338981 ], [ -171.808303200432334, -13.815405699813141 ], [ -171.808300899966525, -13.815471899808301 ], [ -171.808360099638861, -13.815505799752827 ], [ -171.808446299656964, -13.815299899970341 ], [ -171.808523500159367, -13.815229299592431 ], [ -171.80857540003467, -13.815131299569771 ], [ -171.808673300232584, -13.815114699883452 ], [ -171.808766499674192, -13.815090400201768 ], [ -171.808861799932089, -13.815050699630035 ], [ -171.8089049997659, -13.815119100266202 ], [ -171.808941700199284, -13.815091900270943 ], [ -171.808880000411676, -13.814977900409758 ], [ -171.808909499973424, -13.814938199838025 ], [ -171.808884499719852, -13.814876500050389 ], [ -171.808866399964359, -13.814794900064555 ], [ -171.808927699553664, -13.814686899580693 ], [ -171.808834599936802, -13.814605299594859 ], [ -171.808880999558454, -13.814488199770551 ], [ -171.80910719973744, -13.814390599946194 ], [ -171.809116200152488, -13.814228200371076 ], [ -171.809104800346233, -13.814093699564523 ], [ -171.809050299631593, -13.814040799643124 ], [ -171.80902759984383, -13.81397459964802 ], [ -171.809032100051354, -13.813840099740787 ], [ -171.809073000318676, -13.813824699750057 ], [ -171.809041200291119, -13.81375630001321 ], [ -171.808936600143966, -13.813589199681758 ], [ -171.808974899571922, -13.81343960015738 ], [ -171.809017200083701, -13.813386999710247 ], [ -171.809078200198741, -13.813376099927041 ], [ -171.809156899870999, -13.813399500286664 ], [ -171.80917780011535, -13.813354199636535 ], [ -171.809100700337012, -13.813310599604449 ], [ -171.809062200360245, -13.81319830036125 ], [ -171.809067000041978, -13.813129700075535 ], [ -171.809123199575964, -13.813065799646893 ], [ -171.809111299746661, -13.812984400209871 ], [ -171.808932099936442, -13.813006500149811 ], [ -171.808794000043036, -13.812978499757889 ], [ -171.808688499674503, -13.812864900095008 ], [ -171.80860300022826, -13.812546600345286 ], [ -171.808662400449407, -13.812484199985818 ], [ -171.80866720013114, -13.812384400419717 ], [ -171.808609399803942, -13.812289299811312 ], [ -171.808492200154888, -13.812242499991328 ], [ -171.808406699809325, -13.812081999784425 ], [ -171.807747199973278, -13.811144700267675 ], [ -171.807765299728771, -13.810959699830221 ], [ -171.807964100262978, -13.810864899595401 ], [ -171.808037799704664, -13.810631799817656 ], [ -171.807778599802504, -13.810236500114343 ], [ -171.80766919997356, -13.809862499954363 ], [ -171.807944000415262, -13.80975839983023 ], [ -171.807994300396615, -13.809179999956996 ], [ -171.808452499583154, -13.808454999798357 ], [ -171.808193500229834, -13.808492700277839 ], [ -171.807800199719424, -13.808008200418044 ], [ -171.807965899806391, -13.807883299874334 ], [ -171.808764999605017, -13.808089800403934 ], [ -171.809610099726285, -13.807792200349695 ], [ -171.809899700310893, -13.806557999552012 ], [ -171.810100300388513, -13.806464999759896 ], [ -171.810552799671939, -13.806626900211256 ], [ -171.811338200097822, -13.806118400143987 ], [ -171.811977699910898, -13.806238299557833 ], [ -171.812136299850323, -13.805999900075278 ], [ -171.812408600176724, -13.805867699734506 ], [ -171.81227250037557, -13.80499310005149 ], [ -171.812621699931469, -13.804509100214773 ], [ -171.813319699744312, -13.804667600329424 ], [ -171.813571099826362, -13.804362499929368 ], [ -171.813979499953945, -13.804484599984278 ], [ -171.814429800394947, -13.804789700384333 ], [ -171.815085899894342, -13.804866899987417 ], [ -171.81540590026205, -13.804540300394478 ], [ -171.816716500266239, -13.80416120017918 ], [ -171.81699129980862, -13.803694499701351 ], [ -171.817567499940139, -13.803404399993042 ], [ -171.818202899743994, -13.802820499866129 ], [ -171.8184921001303, -13.802453800402532 ], [ -171.818784100106114, -13.802504999705945 ], [ -171.818888800078042, -13.802128699979448 ], [ -171.818689799894315, -13.801955799920165 ], [ -171.818082399583034, -13.802016800035233 ], [ -171.818187200279056, -13.801884599694461 ], [ -171.818700300378538, -13.801854100086587 ], [ -171.819098299846644, -13.801955799920165 ], [ -171.819285199652228, -13.801610900022979 ], [ -171.8188791998152, -13.801249600088909 ], [ -171.819354200136189, -13.800288199640647 ], [ -171.819899399737494, -13.799969499692622 ], [ -171.821159400286064, -13.799905899637508 ], [ -171.821530900330771, -13.799065600097322 ], [ -171.822754499920194, -13.798438400311852 ], [ -171.823546000447521, -13.799058400125034 ], [ -171.824180699679516, -13.799273400147229 ], [ -171.824375000006228, -13.799553500293769 ], [ -171.825657300144258, -13.799680200380919 ], [ -171.826446299656965, -13.799455500271051 ], [ -171.826758299655779, -13.798842499881403 ], [ -171.827219099681685, -13.798517000159393 ], [ -171.827829599956033, -13.795769600086942 ], [ -171.82823240000522, -13.79571329982889 ], [ -171.828714999597537, -13.795413800406493 ], [ -171.829224300061384, -13.795537500355294 ], [ -171.829341300060918, -13.795357900346801 ], [ -171.829684299690655, -13.794943999965597 ], [ -171.82932239990879, -13.794839800016689 ], [ -171.82932790016244, -13.794533200446779 ], [ -171.829563599880203, -13.793948099724958 ], [ -171.829711100386959, -13.793908999900395 ], [ -171.829711100386959, -13.793251599981318 ], [ -171.830119899813496, -13.793212599981473 ], [ -171.830246900274204, -13.793045200175811 ], [ -171.831010900432688, -13.793123499649766 ], [ -171.831198599735558, -13.793448900446379 ], [ -171.831563600379837, -13.793210500064504 ], [ -171.832444399989043, -13.793638500016698 ], [ -171.83246540005814, -13.794171399590368 ], [ -171.832762199715717, -13.794354399935571 ], [ -171.832827100190485, -13.79482180008597 ], [ -171.833720400376137, -13.795144000195421 ], [ -171.834776000312132, -13.794883700422417 ], [ -171.8356640997184, -13.795531799552862 ], [ -171.83613469965664, -13.795468300221842 ], [ -171.836541999913351, -13.795208999595616 ], [ -171.83645899968306, -13.795076099582275 ], [ -171.836439499683138, -13.794891000219422 ], [ -171.83678469995391, -13.794695299648311 ], [ -171.836641199631629, -13.794530099584392 ], [ -171.836553000420594, -13.794524000382239 ], [ -171.836332299595909, -13.794285699825139 ], [ -171.836653999682312, -13.794253100300296 ], [ -171.836771399880178, -13.794049199710742 ], [ -171.837257200159627, -13.794311700124808 ], [ -171.837773300397458, -13.794292200124914 ], [ -171.838146199787275, -13.794486499552249 ], [ -171.837987800396633, -13.794884499919704 ], [ -171.838179999907055, -13.795245700029 ], [ -171.83778959971022, -13.796070099555379 ], [ -171.838106699764353, -13.796496600337775 ], [ -171.838860800185756, -13.796527099945649 ], [ -171.83917490010154, -13.797045800123556 ], [ -171.84011009970132, -13.796802000212097 ], [ -171.840016699710901, -13.797484400384747 ], [ -171.839681499901275, -13.797921700226254 ], [ -171.839683499993498, -13.798274499768297 ], [ -171.841092900416982, -13.798449399919832 ], [ -171.84142000003294, -13.798003099663276 ], [ -171.842121599831927, -13.797911599940335 ], [ -171.842797999727878, -13.796957600013172 ], [ -171.843556100333728, -13.797397999817804 ], [ -171.843061000164994, -13.798675100075741 ], [ -171.843617399923033, -13.798859200291815 ], [ -171.843843100078971, -13.798570400103813 ], [ -171.844694499951174, -13.798620500435675 ], [ -171.845293100396248, -13.799083500203324 ], [ -171.84610290032856, -13.798873200038088 ], [ -171.846756700261494, -13.799291900101082 ], [ -171.84794320011855, -13.798694900449277 ], [ -171.847944999661991, -13.79943939970849 ], [ -171.848651200392567, -13.799475600118797 ], [ -171.848910400294699, -13.799803400306644 ], [ -171.848645799963663, -13.800049999807584 ], [ -171.848555599761085, -13.8003909004197 ], [ -171.848966400179194, -13.80028099966836 ], [ -171.849149500349142, -13.800122600277746 ], [ -171.849598500370462, -13.800454600299531 ], [ -171.849665400038162, -13.800047200218046 ], [ -171.849252100404073, -13.799629699850698 ], [ -171.849389999748666, -13.799234900170461 ], [ -171.8495798996926, -13.799194800299745 ], [ -171.84987959966378, -13.799434699851474 ], [ -171.850186700156058, -13.79992469996489 ], [ -171.850891999765963, -13.799160699806407 ], [ -171.850761099844846, -13.798118300119427 ], [ -171.850797699554164, -13.796933699630472 ], [ -171.850368400081578, -13.79682190041035 ], [ -171.850520200247018, -13.796333299642015 ], [ -171.850797699554164, -13.796384499844748 ], [ -171.851010400009926, -13.795734299897958 ], [ -171.852218700332713, -13.795220000102859 ], [ -171.853119400140173, -13.795270899932063 ], [ -171.853590599926207, -13.795507300221686 ], [ -171.854310599854273, -13.795596299829356 ], [ -171.85517639967108, -13.796146800034762 ], [ -171.855072300446295, -13.796791700276685 ], [ -171.855273399647643, -13.797266900247223 ], [ -171.855125999864981, -13.797305900247068 ], [ -171.854924899764285, -13.79768999979359 ], [ -171.854743900410654, -13.797839700042061 ], [ -171.854663500120409, -13.798334300187776 ], [ -171.854971800308306, -13.798093500414666 ], [ -171.855219800053703, -13.798848599982875 ], [ -171.854404200393503, -13.799652600187301 ], [ -171.854646699885251, -13.799621499832313 ], [ -171.854847799985947, -13.799361100234535 ], [ -171.855211400385798, -13.799346800114677 ], [ -171.855442599896037, -13.798962500019343 ], [ -171.855859000392513, -13.798820200291971 ], [ -171.855957999562008, -13.799327200290008 ], [ -171.856508300117923, -13.798521600191634 ], [ -171.857154999903287, -13.798480899573804 ], [ -171.85796660027836, -13.798874999581528 ], [ -171.858420800179744, -13.798870000250247 ], [ -171.858857799647694, -13.799460700151144 ], [ -171.859477699636102, -13.799999299627927 ], [ -171.859823099556365, -13.800180100231387 ], [ -171.859740899722709, -13.800558300225305 ], [ -171.860081699610731, -13.800680599929706 ], [ -171.860025500076745, -13.800817099929191 ], [ -171.860621800056009, -13.800858199846004 ], [ -171.860522999636686, -13.800125100393018 ], [ -171.860809400433453, -13.799956699641939 ], [ -171.860635899627027, -13.799366899962422 ], [ -171.860364899720309, -13.79928990000883 ], [ -171.860524300056369, -13.798546200246903 ], [ -171.861859100816815, -13.797589600379695 ], [ -171.861722782480399, -13.856028978654422 ], [ -171.867814202763213, -13.853173624862848 ], [ -171.869527413958963, -13.82880794373159 ], [ -171.869717770758484, -13.822335809849676 ], [ -171.878283830334482, -13.805013334797536 ], [ -171.882578100299071, -13.797027900017554 ], [ -171.883877699795988, -13.797692099710559 ], [ -171.883984300035394, -13.798373499837112 ], [ -171.88464129975614, -13.798858200245718 ], [ -171.886381100307517, -13.799950600439786 ], [ -171.886805100075293, -13.800548399588934 ], [ -171.886683599868206, -13.801323000056357 ], [ -171.887150199621999, -13.801767400045435 ], [ -171.887634400007528, -13.802111399721298 ], [ -171.887632300090559, -13.801596000055326 ], [ -171.887896000200215, -13.801595099833946 ], [ -171.888678100114191, -13.80219950000685 ], [ -171.889922599947994, -13.802449499844499 ], [ -171.894434100253505, -13.802329800080145 ], [ -171.895016699960706, -13.802084599924285 ], [ -171.895014600043737, -13.801569399907805 ], [ -171.896025199703189, -13.80101329962406 ], [ -171.897051200252662, -13.801278999825911 ], [ -171.898913400333129, -13.801386799760962 ], [ -171.900547400142386, -13.800518400004137 ], [ -171.901332500194712, -13.798969500342139 ], [ -171.901866499639226, -13.798396199624847 ], [ -171.902731999981796, -13.798081900059572 ], [ -171.903412300237449, -13.798170399644164 ], [ -171.90471179990962, -13.798980800323648 ], [ -171.905477899985073, -13.799472299606919 ], [ -171.906722800017178, -13.799379299814802 ], [ -171.906868199707617, -13.798691500112568 ], [ -171.90765820016577, -13.798430899966036 ], [ -171.908268599716081, -13.798648599753051 ], [ -171.908665299663824, -13.799007299747018 ], [ -171.910005900152157, -13.799870799997393 ], [ -171.910525700200878, -13.80008339972909 ], [ -171.910775200015451, -13.800579303891709 ], [ -171.911113899986475, -13.801252500402541 ], [ -171.911264600281044, -13.801457400138872 ], [ -171.911200199829324, -13.801676199796759 ], [ -171.911335400308445, -13.801660500331764 ], [ -171.911605699643303, -13.80191059999413 ], [ -171.911955300296853, -13.80216820000237 ], [ -171.91196620008003, -13.802466899927424 ], [ -171.912104600346993, -13.802520100222409 ], [ -171.912242999714636, -13.802723200415301 ], [ -171.912523000036401, -13.802873299962755 ], [ -171.912632399865345, -13.80260130000994 ], [ -171.913046800269598, -13.802777899880141 ], [ -171.91303250014974, -13.802928799824201 ], [ -171.913031500103614, -13.803151400017043 ], [ -171.913530399908012, -13.803320200067105 ], [ -171.913929500146281, -13.803342100357611 ], [ -171.914270499683795, -13.803241899693887 ], [ -171.914859700414809, -13.803465800306412 ], [ -171.915010700183643, -13.803605500093681 ], [ -171.915167399855591, -13.80370280044383 ], [ -171.915152200413701, -13.803846299866791 ], [ -171.915581099687984, -13.803994099847785 ], [ -171.916116699925738, -13.804108699556821 ], [ -171.91607710007807, -13.804413999606368 ], [ -171.916756699761862, -13.804679500158784 ], [ -171.917793000246746, -13.804747200223062 ], [ -171.919019699799293, -13.804701100075647 ], [ -171.919720199727408, -13.804481500021154 ], [ -171.920474399973557, -13.804143400797273 ], [ -171.918613601036839, -13.810955895697987 ], [ -171.915447585437704, -13.822112331918561 ], [ -171.913186145724012, -13.832213429006515 ], [ -171.909266316587207, -13.838696222552585 ], [ -171.90429114921713, -13.846837406421116 ], [ -171.905195725102601, -13.85693850350907 ], [ -171.906854114525743, -13.87095942973383 ], [ -171.908210978353935, -13.888598660399794 ], [ -171.902180471851267, -13.898096707197226 ], [ -171.891024035630721, -13.903373399262932 ], [ -171.89011945974525, -13.905484076628795 ], [ -171.892983950648784, -13.914529835483449 ], [ -171.89735606772831, -13.927193897880045 ], [ -171.901878947155666, -13.939707197928783 ], [ -171.90489419950768, -13.948300668840773 ], [ -171.906854114525743, -13.950562108554436 ] ] ] } },
{ "type": "Feature", "properties": { "shapeName": "Va'a-o-Fonoti", "shapeISO": "", "shapeID": "40696546B90373058224054", "shapeGroup": "WSM", "shapeType": "ADM1" }, "geometry": { "type": "MultiPolygon", "coordinates": [ [ [ [ -171.480938800685067, -13.959539300398376 ], [ -171.480912400187094, -13.959434400776956 ], [ -171.480896900371619, -13.959312300722047 ], [ -171.480857200699234, -13.959211600035246 ], [ -171.480894700629904, -13.959134500256937 ], [ -171.48088810050541, -13.959031600727769 ], [ -171.480881500380917, -13.95892670020703 ], [ -171.480943299993271, -13.958892400064144 ], [ -171.480914599928809, -13.958832399995231 ], [ -171.480890300247125, -13.958770300009292 ], [ -171.480943200168525, -13.95866380049398 ], [ -171.481013900371181, -13.958611800793904 ], [ -171.481011700629466, -13.958509000190134 ], [ -171.480958699984001, -13.958391200693313 ], [ -171.480958699984001, -13.958284100430831 ], [ -171.480972000057733, -13.958144800841865 ], [ -171.481020500495674, -13.958072000722211 ], [ -171.48107350024182, -13.958037700579382 ], [ -171.48107350024182, -13.95797130003541 ], [ -171.481106600689031, -13.957917800266216 ], [ -171.481225000033703, -13.957832500469465 ], [ -171.481250100111993, -13.957688600848201 ], [ -171.481283200559233, -13.957605000770116 ], [ -171.481296400808219, -13.957521500516805 ], [ -171.48135160029608, -13.957476500240261 ], [ -171.48138470074332, -13.957392999986894 ], [ -171.481320700489903, -13.957283699982725 ], [ -171.481201500748625, -13.957219500079816 ], [ -171.481168400301414, -13.957103800499965 ], [ -171.481234600296546, -13.957099500841252 ], [ -171.481269900485501, -13.957028800638568 ], [ -171.481241200421039, -13.956928100851144 ], [ -171.481183900116861, -13.956902400025683 ], [ -171.481095600181789, -13.956793200745551 ], [ -171.481077900624598, -13.956713900326179 ], [ -171.481126499987965, -13.956716100067922 ], [ -171.481130900370715, -13.956626100414155 ], [ -171.481064700375583, -13.956508300017958 ], [ -171.480980800823261, -13.956497600783621 ], [ -171.48088810050541, -13.956347600161564 ], [ -171.480998400555706, -13.956315500659798 ], [ -171.480976400440511, -13.956251200032796 ], [ -171.48103600031115, -13.956182700471231 ], [ -171.48122900021815, -13.956183300319026 ], [ -171.481214800822386, -13.956026300273493 ], [ -171.481011700629466, -13.955944900836471 ], [ -171.480991800431212, -13.955852800366415 ], [ -171.480901300754397, -13.955874200633787 ], [ -171.480808600436546, -13.955769300113047 ], [ -171.480804200053768, -13.955642900399482 ], [ -171.480894700629904, -13.95556359998011 ], [ -171.480866000565442, -13.955340800137776 ], [ -171.480914599928809, -13.955229400216581 ], [ -171.480872600689935, -13.955214500248928 ], [ -171.480857200699234, -13.955094500111045 ], [ -171.480934400302317, -13.954910300070253 ], [ -171.481066900117327, -13.954738900080145 ], [ -171.481141899978667, -13.954631800716982 ], [ -171.48111100017249, -13.954526800371468 ], [ -171.481192699983097, -13.954464700385586 ], [ -171.481409000425003, -13.954473300602274 ], [ -171.481497300360104, -13.954494699970382 ], [ -171.481671700488562, -13.954436900542476 ], [ -171.481945400160072, -13.954383300049187 ], [ -171.482080200440862, -13.954467100676084 ], [ -171.482286600246368, -13.954455100122743 ], [ -171.48250600065137, -13.954280500344794 ], [ -171.482673699931269, -13.954162700847917 ], [ -171.482839300193518, -13.954092000645289 ], [ -171.483057800377168, -13.953942000023233 ], [ -171.483137300446032, -13.953933500530582 ], [ -171.483327100565219, -13.953775000415874 ], [ -171.483472800629215, -13.953700000554534 ], [ -171.483607400361223, -13.953691400337789 ], [ -171.483682500047308, -13.953772800674187 ], [ -171.483678000739104, -13.953886300512295 ], [ -171.483737600609743, -13.953922800396867 ], [ -171.483859000092764, -13.954089800004226 ], [ -171.48398930016603, -13.954297600054133 ], [ -171.48408520027175, -13.954468400196447 ], [ -171.484137199971769, -13.954638200292663 ], [ -171.484108500806627, -13.954779600697975 ], [ -171.484117000299307, -13.954988100420451 ], [ -171.484156900520503, -13.955165000664181 ], [ -171.484205000760142, -13.95536030013767 ], [ -171.484386599961596, -13.955525100003342 ], [ -171.484441800348776, -13.955518600602886 ], [ -171.484532300025592, -13.955561500063141 ], [ -171.484591800071485, -13.955675000800625 ], [ -171.484726500527557, -13.955775700588049 ], [ -171.485009000065276, -13.955872100716817 ], [ -171.485243000064372, -13.956073400467005 ], [ -171.485406700059144, -13.956234700171251 ], [ -171.485629600625543, -13.956391100368933 ], [ -171.485828300435685, -13.956485400580732 ], [ -171.486014900767032, -13.956560900465149 ], [ -171.486205700032997, -13.956671700538493 ], [ -171.486358000221514, -13.956699600206321 ], [ -171.486636100275774, -13.956729600690494 ], [ -171.486797300155246, -13.956684600413951 ], [ -171.486931900786573, -13.956575300409725 ], [ -171.48703780045409, -13.956498200631415 ], [ -171.487240900647009, -13.95641900003676 ], [ -171.487479600503121, -13.956278400028111 ], [ -171.487590600225985, -13.956057800826784 ], [ -171.48771190078358, -13.955740200749631 ], [ -171.487833900114367, -13.955309100834313 ], [ -171.48787200079218, -13.955064900724551 ], [ -171.487906600409246, -13.954843500227298 ], [ -171.48785340011429, -13.95462720068474 ], [ -171.487857800497068, -13.954475100145714 ], [ -171.487835700557099, -13.954348700432149 ], [ -171.487773900045426, -13.954168800050013 ], [ -171.487672400760658, -13.953943800465993 ], [ -171.487630400622464, -13.953886000138766 ], [ -171.487566400369047, -13.953718900706633 ], [ -171.487506800498409, -13.953584000601097 ], [ -171.487453800752263, -13.953427600403415 ], [ -171.487370000125367, -13.953337600749649 ], [ -171.487396500448114, -13.953273300122646 ], [ -171.487388700628003, -13.953193200205988 ], [ -171.48737220076643, -13.953061300238744 ], [ -171.487308200513013, -13.952984200460435 ], [ -171.487297100180996, -13.952847100613155 ], [ -171.487301500563774, -13.952673600706078 ], [ -171.487250800384089, -13.952549300010162 ], [ -171.48724410043485, -13.952427200854572 ], [ -171.487210999987639, -13.952273000398577 ], [ -171.487237500310357, -13.952153000260694 ], [ -171.487208800245895, -13.952052300473269 ], [ -171.487133200536761, -13.951913300358456 ], [ -171.487109500702871, -13.951726700027166 ], [ -171.487125000518319, -13.951604599972256 ], [ -171.487087400762903, -13.95153180075198 ], [ -171.487085200121868, -13.951414000355783 ], [ -171.487147000633541, -13.951330400277698 ], [ -171.487248600642374, -13.951446100756925 ], [ -171.487279500448551, -13.951420400830784 ], [ -171.487367800383652, -13.951510400484551 ], [ -171.487504600756694, -13.951675300174941 ], [ -171.487639200488672, -13.951889500699849 ], [ -171.487703300566835, -13.952007300196726 ], [ -171.487888700303245, -13.952007300196726 ], [ -171.4880123004273, -13.951988100570361 ], [ -171.488093900413133, -13.951951700510506 ], [ -171.488149100800342, -13.952018100155158 ], [ -171.488089500030384, -13.952095200832787 ], [ -171.488060799965922, -13.952155200002437 ], [ -171.488100600362401, -13.952204400112919 ], [ -171.48808730028864, -13.952298700324718 ], [ -171.488093900413133, -13.95236510086869 ], [ -171.488180000606519, -13.952399400112199 ], [ -171.488277100407828, -13.952397200370456 ], [ -171.488310300679814, -13.952255800864464 ], [ -171.488400700531884, -13.95228580044926 ], [ -171.488440500029014, -13.952362900227627 ], [ -171.488517700531418, -13.952354400734976 ], [ -171.4885795001438, -13.952371500444372 ], [ -171.488738500281528, -13.952497900157937 ], [ -171.488813500142896, -13.952652100613932 ], [ -171.488868700530077, -13.952680000281759 ], [ -171.48890840020249, -13.952810600728583 ], [ -171.488976799939337, -13.95283850039641 ], [ -171.489074000464711, -13.952834200737755 ], [ -171.489224100012166, -13.952939200183891 ], [ -171.489347700136221, -13.953076300031171 ], [ -171.489380800583461, -13.953224100012164 ], [ -171.489387600357446, -13.953336700528268 ], [ -171.489433999979099, -13.953427600403415 ], [ -171.489385500440477, -13.953539000324554 ], [ -171.489405300813957, -13.953573300467383 ], [ -171.489480400500042, -13.953536900407585 ], [ -171.489548800236918, -13.953620400660895 ], [ -171.489548800236918, -13.953755400591206 ], [ -171.489690100817484, -13.953903200572199 ], [ -171.489957100539726, -13.954036000760766 ], [ -171.490221800695508, -13.95413620052517 ], [ -171.490500100399288, -13.954391600791723 ], [ -171.490835600582471, -13.95456720061577 ], [ -171.491122600327714, -13.954689300670623 ], [ -171.491316799930331, -13.954845700868361 ], [ -171.491418899962241, -13.954997700683293 ], [ -171.491865000569305, -13.955109700452283 ], [ -171.491963700264535, -13.95500030062334 ], [ -171.492145200540534, -13.954590700800168 ], [ -171.492244500083586, -13.954268200317131 ], [ -171.492257500683081, -13.954067100216434 ], [ -171.492425800710095, -13.953715199996452 ], [ -171.492561000289896, -13.953259700574677 ], [ -171.492753900372179, -13.95309520018327 ], [ -171.493012900624848, -13.953086800515393 ], [ -171.493194200352036, -13.95309520018327 ], [ -171.493457500263389, -13.953028100866106 ], [ -171.493548200489045, -13.952869000004284 ], [ -171.493681200327103, -13.952629000627837 ], [ -171.49384780063545, -13.952291199978845 ], [ -171.493999100777842, -13.9523290002831 ], [ -171.494176099947026, -13.952458800333318 ], [ -171.494294800564575, -13.95261170036963 ], [ -171.494366000790279, -13.952662000350983 ], [ -171.4945063004254, -13.952662000350983 ], [ -171.494633600360345, -13.952689200346299 ], [ -171.494728600244684, -13.952752100728844 ], [ -171.494699300332428, -13.952926600682019 ], [ -171.494769600336753, -13.952946900179256 ], [ -171.494808500511851, -13.952760500396721 ], [ -171.494946600405257, -13.95274580007856 ], [ -171.495063100381742, -13.952806500719362 ], [ -171.495127900132445, -13.952764700230659 ], [ -171.495093400340124, -13.952624300770822 ], [ -171.49499620071407, -13.95249439999651 ], [ -171.495048000764598, -13.95244630065622 ], [ -171.495024300031389, -13.952211700809301 ], [ -171.494970300239146, -13.951998000307412 ], [ -171.49497460079715, -13.951830400852259 ], [ -171.494914200529905, -13.951736200465234 ], [ -171.494942300746544, -13.951639800336466 ], [ -171.49497460079715, -13.951535100364538 ], [ -171.495028600589421, -13.951329800429903 ], [ -171.495073900340202, -13.951275400439329 ], [ -171.495150900293794, -13.951004800730914 ], [ -171.495068100612315, -13.950873100413219 ], [ -171.495160900754939, -13.950789300685642 ], [ -171.495176000372084, -13.950586100667977 ], [ -171.495303300307029, -13.950609200654014 ], [ -171.495288200689885, -13.950751600206161 ], [ -171.495435000624752, -13.950741200445975 ], [ -171.495549400684268, -13.950663600644589 ], [ -171.495663800743785, -13.950579900741786 ], [ -171.495842900729258, -13.950600800086818 ], [ -171.496019000576382, -13.950661200354091 ], [ -171.496151500391392, -13.950558900672661 ], [ -171.496300500068003, -13.950485600529987 ], [ -171.496451700385649, -13.950451100737666 ], [ -171.49665660012198, -13.950299200747452 ], [ -171.4967753007395, -13.950202800618683 ], [ -171.496924200591366, -13.949941000776505 ], [ -171.497019200475705, -13.949748300343742 ], [ -171.497112000618301, -13.949788100740193 ], [ -171.497107700060269, -13.949922100624406 ], [ -171.497142200751938, -13.949966100854851 ], [ -171.497289000686806, -13.950133700309948 ], [ -171.497483200289423, -13.950204900535709 ], [ -171.497733600325375, -13.95024470003284 ], [ -171.497886800735245, -13.950215400120555 ], [ -171.49795590014466, -13.950416500221252 ], [ -171.497994700495013, -13.950535900511341 ], [ -171.498081100162608, -13.950617600321948 ], [ -171.498201900697126, -13.950728600044783 ], [ -171.498219800803128, -13.95085170014579 ], [ -171.498152300388313, -13.951017600781597 ], [ -171.498165300088488, -13.951139100089335 ], [ -171.498225700355761, -13.951216600066005 ], [ -171.498242900789222, -13.951357000425162 ], [ -171.49826690009732, -13.951417400692435 ], [ -171.498633600460266, -13.951551800774951 ], [ -171.498984899933163, -13.95151250040152 ], [ -171.49925500051782, -13.951439400807658 ], [ -171.499498700604533, -13.951393000286714 ], [ -171.499598200696369, -13.951426600756974 ], [ -171.499677900414753, -13.951506100825839 ], [ -171.499855000308003, -13.95153180075198 ], [ -171.499961200349077, -13.951527500193947 ], [ -171.499985600754854, -13.951405100664829 ], [ -171.500036500584002, -13.951375000355938 ], [ -171.500116200302386, -13.951392200789371 ], [ -171.500209200094474, -13.951469500217229 ], [ -171.500344200024784, -13.951409400323541 ], [ -171.500408400827013, -13.951340600388335 ], [ -171.500379700762551, -13.951220300776185 ], [ -171.500443900665459, -13.951072000772172 ], [ -171.500563400780294, -13.950988200145275 ], [ -171.500740500673544, -13.950943100043958 ], [ -171.500831300723917, -13.950902300500729 ], [ -171.500999600750959, -13.950979700652624 ], [ -171.501072600520075, -13.951044100205024 ], [ -171.501139900386079, -13.951191499987715 ], [ -171.501224500510261, -13.951223700213575 ], [ -171.501373700735684, -13.951185900808639 ], [ -171.501564100702666, -13.95119880068404 ], [ -171.501657100494754, -13.951274000194928 ], [ -171.501670400568514, -13.951375000355938 ], [ -171.501818700572557, -13.951420100457199 ], [ -171.50190280067369, -13.951486700650662 ], [ -171.50221310005449, -13.95166380054394 ], [ -171.502496399988843, -13.951698800359281 ], [ -171.50318810005075, -13.951658900138057 ], [ -171.503655400376402, -13.951649200050497 ], [ -171.504159700609677, -13.951665300613115 ], [ -171.504866500288728, -13.95175770055738 ], [ -171.504924200791208, -13.951764188266623 ], [ -171.505949800243059, -13.951879500238704 ], [ -171.506060799965923, -13.951846600340275 ], [ -171.50632030024164, -13.951830899976017 ], [ -171.50640610006144, -13.951839200718496 ], [ -171.50647580021797, -13.951845900667763 ], [ -171.507142300376842, -13.951731500608219 ], [ -171.507653700757658, -13.951591800820893 ], [ -171.508047800765354, -13.951503700535284 ], [ -171.508320100192435, -13.951505900277027 ], [ -171.508534800740421, -13.951527300544456 ], [ -171.508678700361713, -13.951546700719632 ], [ -171.508776400010817, -13.951517200258536 ], [ -171.508906800808177, -13.951477900784425 ], [ -171.509214500248959, -13.951284500679094 ], [ -171.509241100396451, -13.9512222001444 ], [ -171.50930970068211, -13.951192200559547 ], [ -171.509404900215941, -13.951209300268943 ], [ -171.509433500455657, -13.951216400416513 ], [ -171.509570900676493, -13.951250200536265 ], [ -171.50978350040819, -13.951273800545437 ], [ -171.510058000476306, -13.95129100007955 ], [ -171.510107600785119, -13.951304000679045 ], [ -171.510270500383257, -13.951346900139299 ], [ -171.510418800387299, -13.951458600434023 ], [ -171.510534600691244, -13.951566500193792 ], [ -171.510589300156056, -13.951617600571751 ], [ -171.511010100135991, -13.951701700672913 ], [ -171.511339000194681, -13.951719100755838 ], [ -171.511753300774188, -13.951821400437211 ], [ -171.512081400436244, -13.951754000746519 ], [ -171.51233290034304, -13.951754000746519 ], [ -171.512603500051455, -13.951837700649321 ], [ -171.512883700022712, -13.951853900137337 ], [ -171.513274000394773, -13.951795800335844 ], [ -171.513439300283466, -13.9516192004657 ], [ -171.513659600010499, -13.951705200834283 ], [ -171.51482590019512, -13.951405400139038 ], [ -171.5152857001749, -13.951228700444119 ], [ -171.51601000066097, -13.950917600666685 ], [ -171.516125600416103, -13.950829200007547 ], [ -171.51621010071554, -13.950718300109429 ], [ -171.516369000129231, -13.950526600622084 ], [ -171.516430100069044, -13.950400200009199 ], [ -171.516526200723547, -13.950201500199057 ], [ -171.516554900788009, -13.949966700702646 ], [ -171.516543300432943, -13.949757800781811 ], [ -171.516538200377624, -13.949666900007401 ], [ -171.516487900396271, -13.949497200635278 ], [ -171.51636580034139, -13.949322900331538 ], [ -171.516337000452182, -13.949174200129164 ], [ -171.516418400788552, -13.949081200337105 ], [ -171.516411300640982, -13.948985900079151 ], [ -171.516203800065284, -13.948486400426987 ], [ -171.515958600808744, -13.948026000599384 ], [ -171.515757500708077, -13.947721500047123 ], [ -171.515584900123002, -13.947422900846163 ], [ -171.515403000548019, -13.947203200067577 ], [ -171.515379100165319, -13.946815100336551 ], [ -171.515268899939741, -13.946241000122029 ], [ -171.515145100166222, -13.945661000354846 ], [ -171.514940800277685, -13.945183500817848 ], [ -171.514694200776717, -13.945090500126412 ], [ -171.514337300326133, -13.944906900832734 ], [ -171.51389669997269, -13.944630300847678 ], [ -171.513360900085445, -13.944033000822287 ], [ -171.513057500303375, -13.943721400122456 ], [ -171.512649800747681, -13.943417300667818 ], [ -171.512373500236805, -13.943230100488677 ], [ -171.512154200555898, -13.943131900816525 ], [ -171.512042900459448, -13.943082000134154 ], [ -171.511861100709211, -13.943019600674006 ], [ -171.511616800774704, -13.942861600582376 ], [ -171.511422800821578, -13.942791800601071 ], [ -171.511267200121154, -13.94277090035672 ], [ -171.511161800476685, -13.942798800024548 ], [ -171.511085200721396, -13.942791800601071 ], [ -171.510931900486781, -13.942733700799579 ], [ -171.510910400394636, -13.942789500135291 ], [ -171.511025300477201, -13.942831300623993 ], [ -171.510941500749624, -13.942877800070391 ], [ -171.51085050015044, -13.942889400425429 ], [ -171.510749100690418, -13.942835800831517 ], [ -171.510649300224998, -13.94272100057367 ], [ -171.510414700378107, -13.942658200015899 ], [ -171.510170400443599, -13.942628000781554 ], [ -171.510069800480892, -13.942600100214406 ], [ -171.509928500799646, -13.942639600237328 ], [ -171.50975130018233, -13.942530400057876 ], [ -171.509605200819323, -13.942472300256384 ], [ -171.509432800783117, -13.942493200500735 ], [ -171.509351400446747, -13.942446700155017 ], [ -171.509243600511724, -13.942469900865206 ], [ -171.509025700175897, -13.942439700731541 ], [ -171.508843600052074, -13.942435100699299 ], [ -171.508676000596921, -13.94245370047787 ], [ -171.508491600007318, -13.942557100030115 ], [ -171.508393400335137, -13.942608200408074 ], [ -171.508343100353784, -13.94278720056883 ], [ -171.508249700363365, -13.942849900402564 ], [ -171.508125200017929, -13.942863900148836 ], [ -171.508012600401173, -13.942929000273125 ], [ -171.507948000299933, -13.942935900771147 ], [ -171.507938400037091, -13.943021900240467 ], [ -171.50785930016653, -13.942980100651084 ], [ -171.507744400083965, -13.94292659998257 ], [ -171.507722800167073, -13.942784900102993 ], [ -171.50763180046718, -13.942763900033924 ], [ -171.507713300628296, -13.94270120020019 ], [ -171.5077252004576, -13.942598900518817 ], [ -171.507674900476246, -13.94254550057434 ], [ -171.507641400730023, -13.942373500736437 ], [ -171.507648600702339, -13.942206100031456 ], [ -171.507766000000885, -13.942164300442073 ], [ -171.507876100401688, -13.942185200686424 ], [ -171.507969500392107, -13.942166600008534 ], [ -171.508000600747096, -13.942113100239339 ], [ -171.507775500438953, -13.941938800834919 ], [ -171.507828200710861, -13.941827300189686 ], [ -171.507801900037634, -13.94169240008415 ], [ -171.507854600309543, -13.94166460024104 ], [ -171.5079432006182, -13.941673900130354 ], [ -171.507986300627238, -13.941627400683956 ], [ -171.507821000738574, -13.941508800790473 ], [ -171.50789770031858, -13.941370500348285 ], [ -171.507971900682634, -13.941213600127526 ], [ -171.507967100101553, -13.941097400524541 ], [ -171.507883300373976, -13.941081200137205 ], [ -171.507837800074384, -13.941009100589497 ], [ -171.507777900729508, -13.940911500765083 ], [ -171.507821000738574, -13.94075810070575 ], [ -171.507933600355358, -13.940746500350656 ], [ -171.50811320036388, -13.94075810070575 ], [ -171.508218600008348, -13.940779000050782 ], [ -171.50832870040918, -13.940951000788004 ], [ -171.508460500551621, -13.940875500004267 ], [ -171.508656800071236, -13.940804600152148 ], [ -171.508767000296785, -13.940975400294462 ], [ -171.508862800577759, -13.941004500557199 ], [ -171.508898700614509, -13.940951000788004 ], [ -171.508824500250455, -13.940820800539484 ], [ -171.508834100513297, -13.940740700622769 ], [ -171.509001699968451, -13.940694200277051 ], [ -171.509071200475489, -13.940789500534947 ], [ -171.509190900239815, -13.940845300769979 ], [ -171.509277100257947, -13.940750000512082 ], [ -171.509449500294181, -13.940717400087919 ], [ -171.509641099956781, -13.940715100521402 ], [ -171.509808700311254, -13.940744100060101 ], [ -171.509974000199918, -13.940747600221528 ], [ -171.510096100254799, -13.940880100036566 ], [ -171.510139200263865, -13.940984700183719 ], [ -171.51030930073361, -13.941100900685967 ], [ -171.510505300778988, -13.941242700390262 ], [ -171.510709200469194, -13.941365900315986 ], [ -171.510924700514494, -13.941389100126798 ], [ -171.511027700767755, -13.941342700505174 ], [ -171.511159400186131, -13.941324100726604 ], [ -171.511154700329143, -13.941196200044544 ], [ -171.511185800684132, -13.941094000187888 ], [ -171.51125280017655, -13.941012600750867 ], [ -171.511377400346731, -13.941077699975835 ], [ -171.511358200720366, -13.941184600588826 ], [ -171.511305500448458, -13.94127290052387 ], [ -171.511322300683617, -13.941370500348285 ], [ -171.511295900185615, -13.941440300329532 ], [ -171.51152350060903, -13.941528600264633 ], [ -171.511645600663911, -13.941530900730413 ], [ -171.511762900137711, -13.941530900730413 ], [ -171.512076700579229, -13.941563500255313 ], [ -171.512445499959824, -13.941607600310476 ], [ -171.512570000305232, -13.941596000854702 ], [ -171.512546000097785, -13.941524000232391 ], [ -171.512589100106851, -13.941496100564564 ], [ -171.512681500051173, -13.941501800467677 ], [ -171.512712000558338, -13.941557700527426 ], [ -171.512833900064408, -13.941541300490599 ], [ -171.512830500627075, -13.941462400269529 ], [ -171.512908400802019, -13.941472300006581 ], [ -171.513125200367682, -13.941488700043408 ], [ -171.513255600265722, -13.941365600841777 ], [ -171.513470100264897, -13.941315700159407 ], [ -171.513623000301209, -13.941353900661966 ], [ -171.513843200203496, -13.941301300214775 ], [ -171.514091500322451, -13.941111600819681 ], [ -171.514168300626551, -13.940874000834413 ], [ -171.514100600562244, -13.940706400479939 ], [ -171.513931200664359, -13.940469700716051 ], [ -171.513889300350911, -13.940240900597018 ], [ -171.513771999977791, -13.940124600270053 ], [ -171.513765300028552, -13.939940500053979 ], [ -171.51380930025897, -13.939858300220351 ], [ -171.513748300143902, -13.939723600663569 ], [ -171.513836400429511, -13.939615100156686 ], [ -171.513894000207927, -13.939559200096937 ], [ -171.513877000323276, -13.939457300613867 ], [ -171.514059899944414, -13.939292900047235 ], [ -171.514229300741619, -13.93919430017678 ], [ -171.514283400358607, -13.93911220016787 ], [ -171.514421300602521, -13.938956200168434 ], [ -171.514668900149587, -13.938861800131917 ], [ -171.514839100444107, -13.938816700030657 ], [ -171.515008199968435, -13.938851200722297 ], [ -171.515036700383376, -13.938898000542224 ], [ -171.515411000017622, -13.93891070076819 ], [ -171.515669400422468, -13.938995700191356 ], [ -171.515728500270058, -13.939031900601663 ], [ -171.515818200449559, -13.93901700063401 ], [ -171.515894900029593, -13.939104099974202 ], [ -171.516094100762103, -13.939131700167763 ], [ -171.516345900143136, -13.939136000725796 ], [ -171.516536300110147, -13.939172100412065 ], [ -171.516656700446333, -13.93929530033779 ], [ -171.51676369998475, -13.93939190011605 ], [ -171.516895400302445, -13.939395200627985 ], [ -171.516980800823262, -13.939410100595637 ], [ -171.517020200122118, -13.939535400438331 ], [ -171.517094600135664, -13.939467400000467 ], [ -171.517254400670026, -13.939388800152983 ], [ -171.517355100457479, -13.939482300867439 ], [ -171.517418600687847, -13.939560900714923 ], [ -171.517497400184851, -13.939628900253524 ], [ -171.517512800175552, -13.939716100317753 ], [ -171.517589399930841, -13.939722400068661 ], [ -171.517626600387274, -13.939720300151691 ], [ -171.517666000585422, -13.939658700188829 ], [ -171.517858700118893, -13.939794700165237 ], [ -171.517959400805665, -13.939877500746036 ], [ -171.518081999984275, -13.939922200648994 ], [ -171.518195800195997, -13.939996500837822 ], [ -171.518213300103696, -13.940138900389911 ], [ -171.518276800334036, -13.940213300403457 ], [ -171.518390700370503, -13.940217500237395 ], [ -171.518500100199446, -13.940243000514045 ], [ -171.518618400618664, -13.940221800795427 ], [ -171.518719100406145, -13.940217500237395 ], [ -171.518907400456129, -13.940228100546335 ], [ -171.519034300192772, -13.940279100200257 ], [ -171.519227000625563, -13.940347100638121 ], [ -171.519364899970128, -13.940451200762254 ], [ -171.519524700504491, -13.940355600130772 ], [ -171.519612300767051, -13.940270600707606 ], [ -171.519717400037962, -13.94027280044935 ], [ -171.519918800512215, -13.940202600269743 ], [ -171.520196900566475, -13.94006240045934 ], [ -171.520304100653703, -13.93994550028458 ], [ -171.52025820015578, -13.939877500746036 ], [ -171.520350100077025, -13.939794700165237 ], [ -171.520433299956807, -13.939801000815464 ], [ -171.520485800579195, -13.939696900691388 ], [ -171.52056250015923, -13.939603399976875 ], [ -171.520704800785893, -13.939441900623194 ], [ -171.520770500757976, -13.939301700812791 ], [ -171.520956600166926, -13.939034000518689 ], [ -171.520965300208417, -13.93897240055577 ], [ -171.520893099936586, -13.938923500818873 ], [ -171.520818600098295, -13.938944700537434 ], [ -171.520746400725784, -13.938980900048477 ], [ -171.520707000527636, -13.938949000196146 ], [ -171.520755100767246, -13.938895900625255 ], [ -171.520785200176817, -13.938850400325691 ], [ -171.520807700315089, -13.93878540002612 ], [ -171.520890900194871, -13.938740800847256 ], [ -171.520908400102542, -13.938689800294014 ], [ -171.520974100074625, -13.93863450008206 ], [ -171.520954400425211, -13.938524000382245 ], [ -171.521022200314263, -13.938490000613001 ], [ -171.521077000503141, -13.938517600806563 ], [ -171.521081300161853, -13.938445400534761 ], [ -171.521155800000145, -13.938368900604246 ], [ -171.521236800138183, -13.938311500475322 ], [ -171.521212700105991, -13.938220200401872 ], [ -171.521247700820709, -13.93819470012528 ], [ -171.521300300368551, -13.938192500383536 ], [ -171.521385699990049, -13.938137299996356 ], [ -171.521442600095895, -13.938154300780297 ], [ -171.521466700128087, -13.938143700471358 ], [ -171.52153450001714, -13.938050200656164 ], [ -171.521576099957031, -13.93805230057319 ], [ -171.521595800505764, -13.938107500061051 ], [ -171.521707500800488, -13.938092700817435 ], [ -171.521812600071399, -13.938043800181163 ], [ -171.521834500361877, -13.937967300250648 ], [ -171.521733800574424, -13.937875900352481 ], [ -171.521805999946906, -13.937718700657456 ], [ -171.521870800596929, -13.937602800528794 ], [ -171.522003000038382, -13.937495600441537 ], [ -171.521983300388968, -13.937453100280322 ], [ -171.522005200679445, -13.93741270003602 ], [ -171.522046800619336, -13.93739150031746 ], [ -171.522088400559198, -13.937323500778916 ], [ -171.522130000499089, -13.937238500456374 ], [ -171.522149700148503, -13.937168400101541 ], [ -171.522143200748076, -13.937083400678375 ], [ -171.522241700793842, -13.937023900632482 ], [ -171.52229420051691, -13.936966500503559 ], [ -171.522359900488993, -13.936904900540696 ], [ -171.522392700562648, -13.936836900102833 ], [ -171.522364299972452, -13.936771000481258 ], [ -171.52232710041531, -13.936726400403018 ], [ -171.522420600230475, -13.936760100698052 ], [ -171.52247590044243, -13.936747600121578 ], [ -171.522576600229883, -13.936790100282849 ], [ -171.522578799971626, -13.936726400403018 ], [ -171.522600700262075, -13.936681800324777 ], [ -171.522637900718507, -13.936688100075685 ], [ -171.522662000750699, -13.936630800670855 ], [ -171.522688300524635, -13.936609500228201 ], [ -171.522798500750184, -13.936558100375976 ], [ -171.522854700284171, -13.936499000528386 ], [ -171.52301230017747, -13.936443800141205 ], [ -171.523126200213937, -13.936360900635009 ], [ -171.523237800683916, -13.936352400243038 ], [ -171.523259700075073, -13.936248300118905 ], [ -171.523332000171649, -13.936233400151252 ], [ -171.523409900346593, -13.936199400381952 ], [ -171.523564000078522, -13.936093200340849 ], [ -171.523732600479093, -13.93594020047982 ], [ -171.523798300451176, -13.935855200157334 ], [ -171.523826700142081, -13.935793600194472 ], [ -171.523861800681516, -13.935672500185717 ], [ -171.524115699979546, -13.935217700436453 ], [ -171.524363200601186, -13.934835300608597 ], [ -171.524448500397938, -13.934505900526858 ], [ -171.52447260043013, -13.934253000375634 ], [ -171.524490100337829, -13.933951300312231 ], [ -171.52454480070196, -13.933817400252792 ], [ -171.524617100798537, -13.933396700097603 ], [ -171.524555800309912, -13.933322300084058 ], [ -171.524433200231982, -13.933279800822106 ], [ -171.524385000167598, -13.933188500748656 ], [ -171.524301800287816, -13.933167200306002 ], [ -171.524207700624856, -13.933135400278445 ], [ -171.524157300818757, -13.933054600689218 ], [ -171.524091599947354, -13.932965400532737 ], [ -171.523908600501471, -13.932878900141077 ], [ -171.523828900783116, -13.932799600621024 ], [ -171.523791700326683, -13.932587100714102 ], [ -171.523826700142081, -13.932570100829423 ], [ -171.52381800010059, -13.932480900672999 ], [ -171.523772000677269, -13.932472400281029 ], [ -171.523752300128507, -13.932395900350457 ], [ -171.523710700188644, -13.932321500336911 ], [ -171.523710700188644, -13.932230100438744 ], [ -171.523756700511285, -13.932157900166885 ], [ -171.523758900253029, -13.932038900075156 ], [ -171.523828900783116, -13.932009200863888 ], [ -171.523833300266574, -13.931883800297101 ], [ -171.523835500008289, -13.931790300481907 ], [ -171.523772000677269, -13.931705300159422 ], [ -171.523688800797487, -13.931664900814496 ], [ -171.523575000585794, -13.931516200612123 ], [ -171.523572799944731, -13.931450300091228 ], [ -171.523557399954029, -13.931341900308382 ], [ -171.523482999940455, -13.931252700151958 ], [ -171.523417299968401, -13.931157100419796 ], [ -171.52337570002851, -13.931059300046627 ], [ -171.523363800199206, -13.930986400102256 ], [ -171.523437000517134, -13.930993400425052 ], [ -171.523423900092894, -13.930955200821813 ], [ -171.52337570002851, -13.930925500711226 ], [ -171.523395400577243, -13.930900000434633 ], [ -171.523439200258849, -13.93087660007501 ], [ -171.523384500794037, -13.930857500273362 ], [ -171.523305700397714, -13.930846800139648 ], [ -171.523268499941281, -13.930804299978433 ], [ -171.523318800821983, -13.930766100375195 ], [ -171.523255300591615, -13.930715100721272 ], [ -171.523174300453576, -13.930674700477027 ], [ -171.523097700698315, -13.930625800740074 ], [ -171.523025400601739, -13.930564200777212 ], [ -171.523027600343454, -13.93046860014573 ], [ -171.523053900117361, -13.930421800325803 ], [ -171.522990400786341, -13.930409100099837 ], [ -171.522942300546703, -13.930324100676671 ], [ -171.522887500357825, -13.930275200040398 ], [ -171.522874399933585, -13.930196600192915 ], [ -171.522896300224062, -13.930118000345374 ], [ -171.522810800777819, -13.929826300743116 ], [ -171.522897400094905, -13.929731000485219 ], [ -171.522978000034641, -13.929670100194926 ], [ -171.523083200029618, -13.929622300328845 ], [ -171.523235500218135, -13.929559300121582 ], [ -171.52337200021762, -13.929439800006719 ], [ -171.523273500171882, -13.929413700781595 ], [ -171.523347400162351, -13.929331100749664 ], [ -171.523376500425115, -13.92927460084212 ], [ -171.52331380059141, -13.929226800076719 ], [ -171.523345200420636, -13.929170300169176 ], [ -171.523300400692904, -13.929120300561351 ], [ -171.523345200420636, -13.929072500695327 ], [ -171.523466100779899, -13.929022500188182 ], [ -171.523571300774876, -13.929029100312675 ], [ -171.523705699958072, -13.929026900570932 ], [ -171.523772800174555, -13.928966000280639 ], [ -171.523752700326838, -13.928935600497539 ], [ -171.52362500019359, -13.928903000073376 ], [ -171.523499700350868, -13.928866099990501 ], [ -171.523582500032319, -13.928705300309332 ], [ -171.523584700673382, -13.928650900318758 ], [ -171.52365860066385, -13.928655300701507 ], [ -171.523710100340821, -13.92863360006055 ], [ -171.523799700695605, -13.928670500143426 ], [ -171.523813100594083, -13.928722700392257 ], [ -171.523976500215298, -13.928824600774647 ], [ -171.52408550074523, -13.928734200023257 ], [ -171.524154199956342, -13.928712000258543 ], [ -171.524298399951164, -13.92865870013884 ], [ -171.524211400435746, -13.928576400480438 ], [ -171.524209099969966, -13.928525300102478 ], [ -171.524282400112639, -13.928527600568259 ], [ -171.524364800495107, -13.928492000005747 ], [ -171.524456400042794, -13.928445300010537 ], [ -171.524580099991596, -13.928325300771974 ], [ -171.524589200231389, -13.928225300657061 ], [ -171.524779300724134, -13.928340900412195 ], [ -171.524898300815892, -13.928412000813125 ], [ -171.525024300331182, -13.928460900550078 ], [ -171.52511360031238, -13.928414200554869 ], [ -171.525335700482174, -13.92836980012612 ], [ -171.525521200043329, -13.928372000767183 ], [ -171.52566540003815, -13.928418700762393 ], [ -171.525828000162051, -13.928538700000956 ], [ -171.525885400290974, -13.928643500696978 ], [ -171.526023400359605, -13.928773400571913 ], [ -171.526147200133153, -13.92883030067776 ], [ -171.526222100169747, -13.92883030067776 ], [ -171.526339199994055, -13.928782600636453 ], [ -171.526547600791105, -13.928764400156922 ], [ -171.52664360072157, -13.928780300170672 ], [ -171.526833300116692, -13.928737100336889 ], [ -171.526952800231527, -13.928687100729064 ], [ -171.527086200267888, -13.928582500581911 ], [ -171.527240800022867, -13.928528000766562 ], [ -171.527371900492795, -13.928609800401944 ], [ -171.527585000247541, -13.928703000742871 ], [ -171.527739300528282, -13.928746000027843 ], [ -171.527847300112796, -13.928841700484043 ], [ -171.527793400145271, -13.928912100313141 ], [ -171.52762480064402, -13.929000800446545 ], [ -171.527552200173858, -13.929173500856336 ], [ -171.527575700358256, -13.929441700274197 ], [ -171.527636500823832, -13.929550800628874 ], [ -171.527680900353232, -13.929597300075272 ], [ -171.527936300619757, -13.929775800212951 ], [ -171.528278900051163, -13.929930300143212 ], [ -171.528406000336616, -13.929995800465747 ], [ -171.528421000129015, -13.930153099985546 ], [ -171.52842340041957, -13.930253100100458 ], [ -171.528432700308855, -13.930300900865859 ], [ -171.528498300456164, -13.930407700754756 ], [ -171.528519400350007, -13.930571300025406 ], [ -171.52855220042369, -13.930737200661213 ], [ -171.528627100460284, -13.930841800808423 ], [ -171.528851800570123, -13.930942300047036 ], [ -171.529362200005494, -13.93109190047079 ], [ -171.529635200004464, -13.931198800184461 ], [ -171.529755000492855, -13.931287100119505 ], [ -171.52984600019272, -13.931226700751608 ], [ -171.529948900621235, -13.931229000318069 ], [ -171.530044199979812, -13.931299000848185 ], [ -171.530094999984243, -13.931396400123731 ], [ -171.530049500583971, -13.931498700704424 ], [ -171.530119000191689, -13.931577700750267 ], [ -171.530214800472635, -13.931663700219531 ], [ -171.530250700509384, -13.93180080006681 ], [ -171.530236300564781, -13.931957300089266 ], [ -171.530221900620177, -13.932182000199077 ], [ -171.530213600777017, -13.932372300341342 ], [ -171.530314200739753, -13.932475400419321 ], [ -171.530565300448217, -13.932592700792441 ], [ -171.530815999958406, -13.932805800547214 ], [ -171.531041400640106, -13.932936000795735 ], [ -171.531352400592795, -13.933149100550509 ], [ -171.531560300467476, -13.933369800475873 ], [ -171.531776000162239, -13.933505600802789 ], [ -171.532116100377692, -13.933786700096107 ], [ -171.532360800510503, -13.933915400275453 ], [ -171.532594400311297, -13.933963500515063 ], [ -171.532918700337717, -13.934136800772706 ], [ -171.533141400355305, -13.934254200071223 ], [ -171.533284299930472, -13.934363600799486 ], [ -171.533408000778593, -13.934368900504296 ], [ -171.533927400629011, -13.934302200486115 ], [ -171.534287499968116, -13.934248900366413 ], [ -171.534313600092531, -13.934291600177175 ], [ -171.534389800548837, -13.9342547000943 ], [ -171.534398000567251, -13.93420800009909 ], [ -171.534448500198096, -13.934156700071583 ], [ -171.534433000382649, -13.934085000722177 ], [ -171.534499100553035, -13.93402840009054 ], [ -171.534561200538946, -13.934066200394795 ], [ -171.534586500266755, -13.934154800703425 ], [ -171.534604000174454, -13.934249100015904 ], [ -171.534661200653858, -13.934403600845485 ], [ -171.53469150061224, -13.934566300794074 ], [ -171.534540300294594, -13.934646299986696 ], [ -171.534433100207394, -13.934779700023114 ], [ -171.534329400281564, -13.934859900663866 ], [ -171.534460600576239, -13.93516390029373 ], [ -171.534609000405027, -13.935393300260557 ], [ -171.534856400302601, -13.935652000139669 ], [ -171.535073500241822, -13.935710700688219 ], [ -171.535178000564258, -13.935852100194211 ], [ -171.535219200305818, -13.935945400359913 ], [ -171.535617700696292, -13.936222900566349 ], [ -171.535953000330665, -13.936366900012388 ], [ -171.536448600522476, -13.93663140051865 ], [ -171.53677950067339, -13.936658100490888 ], [ -171.536895600451572, -13.936780700568818 ], [ -171.537222600242785, -13.937042200037467 ], [ -171.537918300489139, -13.937509700012583 ], [ -171.53856550029758, -13.937858600094273 ], [ -171.539173799930893, -13.938173600231437 ], [ -171.539337000801908, -13.938186800480423 ], [ -171.539508100418459, -13.938252900650809 ], [ -171.539760700196126, -13.938284900327858 ], [ -171.539848200633912, -13.938320800364579 ], [ -171.539958899983219, -13.938292500498449 ], [ -171.540050300780734, -13.938292500498449 ], [ -171.540123900397646, -13.938366400488974 ], [ -171.540135800226977, -13.938486700101066 ], [ -171.539999700425795, -13.938671600713747 ], [ -171.539898700264786, -13.938733800524403 ], [ -171.539758799928649, -13.938758400579673 ], [ -171.539667400030453, -13.938916799970286 ], [ -171.539622700127495, -13.939105400393885 ], [ -171.539616900399608, -13.939243100088959 ], [ -171.539465300782979, -13.939292200374723 ], [ -171.539407000432703, -13.93945630056777 ], [ -171.539300100719032, -13.939588300359731 ], [ -171.539195200198293, -13.939735400668155 ], [ -171.539154299930971, -13.939782600686442 ], [ -171.539177700290622, -13.939925900459912 ], [ -171.539136900747337, -13.940054200440954 ], [ -171.539148500203083, -13.940176800518884 ], [ -171.539214600373469, -13.940273000098841 ], [ -171.539357300299145, -13.940426100683965 ], [ -171.539523600233935, -13.94053890084956 ], [ -171.539570200404398, -13.940629500351122 ], [ -171.539613000039907, -13.940625700715486 ], [ -171.539774300643444, -13.940614400733978 ], [ -171.540058000776099, -13.940725700830399 ], [ -171.540106600139467, -13.940665300563126 ], [ -171.540168799950123, -13.94066150002817 ], [ -171.5405109002578, -13.940848300009009 ], [ -171.540422000474905, -13.940975100820197 ], [ -171.540776400810216, -13.941153900432141 ], [ -171.541079600043474, -13.941351900569714 ], [ -171.54114960057359, -13.941436800168162 ], [ -171.541171200490481, -13.941447600126594 ], [ -171.541199900554943, -13.941462000071226 ], [ -171.541225899955293, -13.941404600841622 ], [ -171.541450800613916, -13.941408500301975 ], [ -171.541730700211616, -13.941401000855478 ], [ -171.541944900736553, -13.941457100564719 ], [ -171.542111599970326, -13.941448100149671 ], [ -171.542195100223665, -13.941367000186858 ], [ -171.542346700739614, -13.941416100472622 ], [ -171.542478900181067, -13.941434900800004 ], [ -171.542671300240301, -13.941504700781252 ], [ -171.542805399949231, -13.941587700112223 ], [ -171.54307750062614, -13.941699000208644 ], [ -171.543355400131588, -13.941779100125302 ], [ -171.543641100356467, -13.941862100355593 ], [ -171.543783000784828, -13.941860200088115 ], [ -171.543919400060247, -13.941926400083275 ], [ -171.543932600309233, -13.941941200226154 ], [ -171.544013700272018, -13.941803800005346 ], [ -171.544292700547658, -13.941942500645837 ], [ -171.544306400819721, -13.942133200087085 ], [ -171.544350400150819, -13.942275900012703 ], [ -171.544427300279665, -13.942492000805146 ], [ -171.544564800325247, -13.942640100260348 ], [ -171.54477220017688, -13.942774500342864 ], [ -171.54474620077653, -13.942830800600916 ], [ -171.544854700384093, -13.942982800415848 ], [ -171.545067700314092, -13.943057500802979 ], [ -171.545453900676961, -13.943180200705626 ], [ -171.545509300713633, -13.943196598943814 ], [ -171.545709300044138, -13.943255797716859 ], [ -171.545823500454162, -13.94328960053457 ], [ -171.545948600647364, -13.943462400769135 ], [ -171.546244200609351, -13.943589500155269 ], [ -171.546660100183459, -13.943685700634546 ], [ -171.54672589998026, -13.943637500570162 ], [ -171.546934200053272, -13.943638600441034 ], [ -171.547249000540916, -13.94356880045973 ], [ -171.54746970046628, -13.943556900630426 ], [ -171.547671800613074, -13.94357020070413 ], [ -171.54785060022499, -13.943481500570726 ], [ -171.547928300750442, -13.943462600418627 ], [ -171.547978900206061, -13.943477700035771 ], [ -171.548072100546989, -13.943457000340231 ], [ -171.548182900620333, -13.943349500778766 ], [ -171.548320900688992, -13.943315500110202 ], [ -171.548412200762442, -13.943319300645157 ], [ -171.5484569006654, -13.94334570024381 ], [ -171.548663000097349, -13.94329850022558 ], [ -171.548758800378295, -13.943273000848251 ], [ -171.548927400778894, -13.943191700336683 ], [ -171.549018300654012, -13.943145900562797 ], [ -171.549115000257018, -13.942797500504184 ], [ -171.549252600127375, -13.942507400795876 ], [ -171.549431100265025, -13.942344600123135 ], [ -171.549597500024589, -13.942272800049636 ], [ -171.549917000369248, -13.942177700340551 ], [ -171.550073900590007, -13.942192300833995 ], [ -171.550368500505868, -13.94218810010068 ], [ -171.550622200154379, -13.94211930016553 ], [ -171.550813500342741, -13.942024300281162 ], [ -171.551009200014533, -13.941887700456959 ], [ -171.551174700452037, -13.941766600448204 ], [ -171.551323100280825, -13.941731200434504 ], [ -171.551553200819541, -13.941768700365174 ], [ -171.551712300782015, -13.941848000784546 ], [ -171.551791799951587, -13.941896000300119 ], [ -171.551791799951587, -13.941987800396646 ], [ -171.552026200148987, -13.942008700640997 ], [ -171.552301400788991, -13.942033699995193 ], [ -171.552522800386896, -13.941960700226105 ], [ -171.552834600736219, -13.942027500069003 ], [ -171.552978600182229, -13.94208800016105 ], [ -171.553206100780898, -13.94215240061277 ], [ -171.553382800475845, -13.942269500437021 ], [ -171.553490300037282, -13.942334200363007 ], [ -171.55344730075231, -13.942382200777899 ], [ -171.553477400161853, -13.942515800463752 ], [ -171.553498900254027, -13.942572100721804 ], [ -171.553548400738066, -13.94264300057398 ], [ -171.553512700350808, -13.942755400541273 ], [ -171.553600000239783, -13.942814100190503 ], [ -171.55360210015678, -13.942903900194779 ], [ -171.553849400229609, -13.942966500203795 ], [ -171.554272899974336, -13.943045800623167 ], [ -171.55474570055361, -13.942936400794224 ], [ -171.554864500096585, -13.942874000434699 ], [ -171.554952100359117, -13.942827900287341 ], [ -171.555113400063334, -13.942688100675241 ], [ -171.555192900132198, -13.942654700753792 ], [ -171.555311200551444, -13.942715200845782 ], [ -171.555461700297201, -13.942888400379331 ], [ -171.555655200227278, -13.942852900540856 ], [ -171.556222800142081, -13.942792400448866 ], [ -171.556315300810468, -13.942711000112524 ], [ -171.556446400381049, -13.942656800670761 ], [ -171.556599100767869, -13.942671400264885 ], [ -171.556736700638197, -13.942606700338899 ], [ -171.556919400609814, -13.94263590042641 ], [ -171.556945200360673, -13.942706900103303 ], [ -171.557323600004111, -13.942777800854799 ], [ -171.557472000732218, -13.942792400448866 ], [ -171.557616000178228, -13.942834100213531 ], [ -171.558069700056592, -13.942980200475802 ], [ -171.558430900165888, -13.943026100074405 ], [ -171.558837300201219, -13.943051200152695 ], [ -171.559101699983444, -13.9430616008122 ], [ -171.559331800522159, -13.943044900401787 ], [ -171.559533900668953, -13.943074100489298 ], [ -171.559705900506884, -13.943161800576604 ], [ -171.5600133004734, -13.943234800345692 ], [ -171.560465100084286, -13.943225300806944 ], [ -171.560527200070197, -13.943191000664115 ], [ -171.560535800286914, -13.943130500572124 ], [ -171.560606700139061, -13.942863400125759 ], [ -171.560660500281841, -13.942756900610448 ], [ -171.560757200784167, -13.942754800693479 ], [ -171.560812600820839, -13.942866800462411 ], [ -171.560989400340532, -13.943074100489298 ], [ -171.56112700021086, -13.943232700428723 ], [ -171.561464600311041, -13.943178400262923 ], [ -171.561696800766725, -13.94312420082116 ], [ -171.56187520018031, -13.943034500641659 ], [ -171.562150400820315, -13.943038500826106 ], [ -171.562236500114352, -13.94309290081668 ], [ -171.562326800141676, -13.943095000733649 ], [ -171.562393599984631, -13.943151700290684 ], [ -171.562552699947105, -13.943169100373609 ], [ -171.562559000597361, -13.943266100350229 ], [ -171.562600000689457, -13.943273078189975 ], [ -171.562724700684356, -13.943294300391585 ], [ -171.563140200060161, -13.943354400285273 ], [ -171.5633509004237, -13.943323300829604 ], [ -171.563537800229284, -13.943278900400912 ], [ -171.563848500707707, -13.943195400147545 ], [ -171.564454600599305, -13.943248900816059 ], [ -171.564772099952421, -13.94317850008764 ], [ -171.564992100205245, -13.94313130006941 ], [ -171.565206800753231, -13.943096600627598 ], [ -171.565468200397106, -13.943111000572173 ], [ -171.565654100156564, -13.943016500710883 ], [ -171.565764500031634, -13.942908400402303 ], [ -171.565899700510755, -13.94287370006117 ], [ -171.566012100478019, -13.942854000411728 ], [ -171.56615490022844, -13.942880000711398 ], [ -171.566251600730766, -13.942968200821781 ], [ -171.566587500212933, -13.943139000064775 ], [ -171.566803200807044, -13.94326930013807 ], [ -171.566916600820434, -13.943409100649433 ], [ -171.567138200067859, -13.94345060076455 ], [ -171.567270400408631, -13.943460300852166 ], [ -171.567370800721847, -13.943508500017231 ], [ -171.567458300260313, -13.943512400376903 ], [ -171.56809640072828, -13.943277100857472 ], [ -171.56844140045024, -13.943128400655098 ], [ -171.56875650041215, -13.942973100328288 ], [ -171.568942200522116, -13.942809100859279 ], [ -171.569102500180207, -13.942670100744522 ], [ -171.569261500317964, -13.942564000528137 ], [ -171.569328100511399, -13.942488800117985 ], [ -171.569328100511399, -13.942417400242789 ], [ -171.569348700382193, -13.942350800049326 ], [ -171.569420500455692, -13.942331500598243 ], [ -171.569472200681503, -13.942374000759457 ], [ -171.56955369994327, -13.942409700247424 ], [ -171.569703800390045, -13.942368200132307 ], [ -171.569781400191431, -13.94238360012298 ], [ -171.56984100006207, -13.942427000505631 ], [ -171.569914600578329, -13.942441500274981 ], [ -171.570010000660972, -13.942469500666903 ], [ -171.570073600716086, -13.942531200454482 ], [ -171.570089200356279, -13.94252390065742 ], [ -171.570110400074867, -13.942513900196275 ], [ -171.570094500061089, -13.942487800071888 ], [ -171.570010000660972, -13.942403900519537 ], [ -171.569886800735247, -13.942324800648976 ], [ -171.569770400583479, -13.942270700132667 ], [ -171.5697416006943, -13.942215700294298 ], [ -171.569783400283683, -13.942091300672928 ], [ -171.569823099956068, -13.94198130009687 ], [ -171.569952399983237, -13.941907000807419 ], [ -171.570037900328799, -13.9418555002311 ], [ -171.570148200379123, -13.94196590010614 ], [ -171.570251599931368, -13.941983200364348 ], [ -171.5703102006552, -13.94196010037831 ], [ -171.570379800087665, -13.941903200272407 ], [ -171.570477200262559, -13.94185780069688 ], [ -171.570592500543427, -13.941883900821324 ], [ -171.570746600275356, -13.942083600677563 ], [ -171.570833100667045, -13.94208940040545 ], [ -171.570950400140816, -13.942024700479521 ], [ -171.571003900809359, -13.941992100055302 ], [ -171.571002000541853, -13.941954300650423 ], [ -171.571016100112899, -13.941886100563067 ], [ -171.571105600642937, -13.941759300651142 ], [ -171.571199000633356, -13.941370000325207 ], [ -171.571203100642549, -13.941074300538503 ], [ -171.571173500356736, -13.940905100290081 ], [ -171.571158100366006, -13.940596700277467 ], [ -171.571054000241901, -13.940525800425291 ], [ -171.570939199984053, -13.94042550083617 ], [ -171.570841300685458, -13.94027190022797 ], [ -171.570813400118283, -13.940088800058049 ], [ -171.570769600436677, -13.939872700164926 ], [ -171.57071200065829, -13.939739600502094 ], [ -171.570670200169587, -13.939691300612992 ], [ -171.570535000589786, -13.939674000354785 ], [ -171.570350099977105, -13.939683600617627 ], [ -171.570220900674002, -13.939710600064075 ], [ -171.570147300157743, -13.939772400575805 ], [ -171.570030000683971, -13.939687500078037 ], [ -171.569912700310852, -13.939631500193514 ], [ -171.569825300597131, -13.939560100318317 ], [ -171.569661800251851, -13.939566400069282 ], [ -171.569427700428008, -13.939405800037605 ], [ -171.56933820079729, -13.939178100688764 ], [ -171.56919510067334, -13.93898130024678 ], [ -171.56858540079557, -13.938949500219223 ], [ -171.568346800764203, -13.938719900602905 ], [ -171.568323000206277, -13.938370600322912 ], [ -171.568281200616894, -13.938106300365405 ], [ -171.568191800810922, -13.937847700311067 ], [ -171.567859800789137, -13.937614300159794 ], [ -171.567517800306206, -13.937255400516278 ], [ -171.56730310065754, -13.937052800346407 ], [ -171.567251400431758, -13.936908000503763 ], [ -171.567161900801068, -13.936732500504434 ], [ -171.567070500003553, -13.936701600698257 ], [ -171.566981000372834, -13.936549100860248 ], [ -171.566780200645724, -13.93637740049661 ], [ -171.566569500282185, -13.936319500344609 ], [ -171.566209900066809, -13.936293100745957 ], [ -171.566042700809959, -13.936228800119011 ], [ -171.565848699957513, -13.936083200779024 ], [ -171.565612400391927, -13.9356927007575 ], [ -171.56551110075668, -13.935580800813284 ], [ -171.565280099996585, -13.935234100473338 ], [ -171.564901600528401, -13.934710200415395 ], [ -171.564709900141764, -13.93445940018114 ], [ -171.564578700746409, -13.934306900343131 ], [ -171.564465400557765, -13.934189200671028 ], [ -171.564354100461344, -13.934040600293429 ], [ -171.564187099954665, -13.933865000469325 ], [ -171.564035600162782, -13.933761700741854 ], [ -171.563871900168039, -13.93371260045609 ], [ -171.563737300436031, -13.93381010045573 ], [ -171.563606600164434, -13.933733700349933 ], [ -171.56337390058502, -13.933571700073855 ], [ -171.563133400286176, -13.933376900623443 ], [ -171.562781500066137, -13.933073900140357 ], [ -171.562622499928409, -13.932952300108525 ], [ -171.562447499952128, -13.932850100251869 ], [ -171.562199000183682, -13.932782500012308 ], [ -171.562043500207352, -13.932779800247545 ], [ -171.561954000576634, -13.93274430040907 ], [ -171.561907300581424, -13.932781700515022 ], [ -171.56178320043432, -13.932748200768799 ], [ -171.561689700619155, -13.932691000289367 ], [ -171.561594200711767, -13.93264950017425 ], [ -171.561533200596699, -13.932665300363283 ], [ -171.561490500785965, -13.932722500842715 ], [ -171.561388800053066, -13.932710700838129 ], [ -171.561340000140859, -13.932833100367247 ], [ -171.561248500417946, -13.932860700560809 ], [ -171.561028900363425, -13.932777800155293 ], [ -171.560780900618056, -13.932635700077469 ], [ -171.560692100659878, -13.932686300432351 ], [ -171.560587700162216, -13.932616000428027 ], [ -171.560604000374298, -13.932576500405105 ], [ -171.560545000351453, -13.932527200469906 ], [ -171.560671100590781, -13.932294300341653 ], [ -171.560562100060849, -13.932161700701897 ], [ -171.560345800518263, -13.931919400859613 ], [ -171.560264500006639, -13.931870100025037 ], [ -171.56013590055133, -13.931744100509775 ], [ -171.559971700533538, -13.931595800505761 ], [ -171.559929000722775, -13.93163720079616 ], [ -171.55984540064469, -13.931544900676556 ], [ -171.559723600064075, -13.93142010085694 ], [ -171.559547900415254, -13.931271300829849 ], [ -171.559398299991528, -13.93114390017081 ], [ -171.55930280008414, -13.931092600143359 ], [ -171.559243800061296, -13.931061000664613 ], [ -171.559197100066086, -13.930958400609654 ], [ -171.559077099928203, -13.930899200038027 ], [ -171.558991700306706, -13.931029400286548 ], [ -171.558951100412941, -13.931033900494072 ], [ -171.558702999943478, -13.930826200268882 ], [ -171.558676400695305, -13.930759200776436 ], [ -171.558603100552631, -13.930715900218559 ], [ -171.558532700723532, -13.93065170031565 ], [ -171.558500600322418, -13.930463600814505 ], [ -171.558400000359711, -13.930304500852003 ], [ -171.558270600507768, -13.930142700225417 ], [ -171.558073600416293, -13.929951500761092 ], [ -171.557906400260123, -13.929887400682958 ], [ -171.557846500015927, -13.929863600124975 ], [ -171.557820600440323, -13.92978270071103 ], [ -171.557630700496389, -13.92960540026894 ], [ -171.554393200485777, -13.928326200094034 ], [ -171.554127800657454, -13.92768210024866 ], [ -171.549639500162783, -13.92614610046212 ], [ -171.549373299937827, -13.925245300829943 ], [ -171.549207800399643, -13.924893900632981 ], [ -171.548863300700731, -13.924316500805844 ], [ -171.548187899951586, -13.923499100702884 ], [ -171.547912700210929, -13.923218299984512 ], [ -171.547709700742075, -13.923000400548005 ], [ -171.547369200328319, -13.922678700461631 ], [ -171.55412891491747, -13.923355606675841 ], [ -171.563646759390394, -13.923831498225013 ], [ -171.567215950955358, -13.928828366236075 ], [ -171.571736926517929, -13.935014965368339 ], [ -171.581016824766635, -13.942153348498209 ], [ -171.59243823723483, -13.951671192071785 ], [ -171.593865914580277, -13.953336814742158 ], [ -171.589582884342605, -13.958095736528946 ], [ -171.582444501212734, -13.962616712990894 ], [ -171.573640495412519, -13.967375634777682 ], [ -171.569595412298412, -13.968565364999563 ], [ -171.566978004731112, -13.96689974232919 ], [ -171.563646759390394, -13.956192168533732 ], [ -171.55674632248477, -13.956668060082848 ], [ -171.544849017568083, -13.958333682753221 ], [ -171.538186526886676, -13.95904752142593 ], [ -171.526289221969989, -13.969993042344981 ], [ -171.509157101918703, -13.97142071879108 ], [ -171.503208449910005, -13.97665553302636 ], [ -171.488455791201773, -13.965710012107309 ], [ -171.480938800685067, -13.959539300398376 ] ] ], [ [ [ -171.589539900346097, -13.895106000041835 ], [ -171.589409600272802, -13.894871700568501 ], [ -171.589321400162447, -13.894682000274031 ], [ -171.589133699960257, -13.89450720084659 ], [ -171.588957400463642, -13.894302600584524 ], [ -171.588834800385712, -13.894060800765317 ], [ -171.588616400026808, -13.893700000854324 ], [ -171.588283100484659, -13.892952400732668 ], [ -171.588198800734034, -13.892729200692031 ], [ -171.588214100000698, -13.892506000651338 ], [ -171.588271599954339, -13.892323699978704 ], [ -171.588252400327974, -13.891929400321544 ], [ -171.588156600047029, -13.891591000724077 ], [ -171.587953500753429, -13.891241300245781 ], [ -171.587880700633804, -13.891152000264526 ], [ -171.587735100394553, -13.891007000772447 ], [ -171.587566499993954, -13.890806100321242 ], [ -171.58742470028966, -13.89062010073701 ], [ -171.587206299930756, -13.890452700032029 ], [ -171.586915100351575, -13.890170000844819 ], [ -171.586689100721401, -13.890025000453363 ], [ -171.586723500688976, -13.889879900237133 ], [ -171.586620100237411, -13.889701400099511 ], [ -171.586524299956437, -13.889478200058818 ], [ -171.586593300440427, -13.889292200474642 ], [ -171.586627600583284, -13.889161900401348 ], [ -171.586759700199991, -13.88861560002988 ], [ -171.586733700799613, -13.888562200085403 ], [ -171.586782600536566, -13.88845900018265 ], [ -171.586781000642645, -13.888379900312088 ], [ -171.586755100167721, -13.888241500045126 ], [ -171.586678600237178, -13.888087300488507 ], [ -171.586583600352839, -13.888017300857712 ], [ -171.586620300786223, -13.887913000184767 ], [ -171.586698900633735, -13.887845200295715 ], [ -171.586743500711975, -13.887580200665695 ], [ -171.586730400287706, -13.886979800677238 ], [ -171.586714100075625, -13.886941800723491 ], [ -171.586781000642645, -13.886756800286037 ], [ -171.586827600813109, -13.886457400688471 ], [ -171.586833199992157, -13.886051400851443 ], [ -171.586733500250801, -13.885602300106029 ], [ -171.586639400587842, -13.885163200721081 ], [ -171.586691700661419, -13.885131200144713 ], [ -171.586669300347893, -13.884829600805404 ], [ -171.586677700015827, -13.884670700492393 ], [ -171.586622299979126, -13.884505700077966 ], [ -171.586606300140602, -13.884306700793559 ], [ -171.586627600583284, -13.883954900398294 ], [ -171.586514200569866, -13.883904400767449 ], [ -171.586567100491266, -13.883986300227548 ], [ -171.586499900450008, -13.884022800112064 ], [ -171.586400900381221, -13.884005500753233 ], [ -171.586267800718389, -13.883922799997151 ], [ -171.586147600031694, -13.883786500546535 ], [ -171.586023800258147, -13.883550800828743 ], [ -171.585945800258457, -13.883398500640226 ], [ -171.585878500392454, -13.883198700059893 ], [ -171.585733500000998, -13.882820800439561 ], [ -171.585587100264434, -13.882442300072057 ], [ -171.585534200343034, -13.882393800533407 ], [ -171.584833300216616, -13.881368500555823 ], [ -171.583981700694892, -13.880306600868892 ], [ -171.583379900462006, -13.879742900414499 ], [ -171.583112200167875, -13.879527700742756 ], [ -171.58295590069423, -13.879374000309838 ], [ -171.582949900417532, -13.879271400254879 ], [ -171.58297960052812, -13.87918770035202 ], [ -171.58311620035235, -13.879064800799881 ], [ -171.583240800522503, -13.87886310085139 ], [ -171.583407200282039, -13.878707300501446 ], [ -171.583654400530122, -13.87855950052051 ], [ -171.583668200626931, -13.878500000474617 ], [ -171.583697900737491, -13.878484600483887 ], [ -171.583781000792527, -13.878536500359132 ], [ -171.583889900598393, -13.878538400626667 ], [ -171.584091700371658, -13.87846730022568 ], [ -171.584462100545466, -13.878289600484607 ], [ -171.584745400479818, -13.878148200079352 ], [ -171.584840500188903, -13.878140300434495 ], [ -171.584949800193101, -13.878148200079352 ], [ -171.584993200575724, -13.878200700701711 ], [ -171.585014400294313, -13.878297700678274 ], [ -171.585077199952792, -13.878328900858037 ], [ -171.585178400662642, -13.878380300710262 ], [ -171.585336200205461, -13.878339000244637 ], [ -171.585496100564569, -13.878333100691975 ], [ -171.585564900499719, -13.87838220007842 ], [ -171.58567620059614, -13.878338000198482 ], [ -171.585751000808017, -13.878317400327717 ], [ -171.585862300005118, -13.878323300779641 ], [ -171.585969600816384, -13.878301700862778 ], [ -171.586066700617721, -13.878240800572428 ], [ -171.586094400636057, -13.878237674529032 ], [ -171.586174800026981, -13.878228600369539 ], [ -171.586258999952861, -13.87815240081261 ], [ -171.586294399966562, -13.878142263654524 ], [ -171.586327800787359, -13.878132700263848 ], [ -171.586501800717514, -13.87801880022738 ], [ -171.586795200038438, -13.877769300412865 ], [ -171.586949000296102, -13.877766500823327 ], [ -171.587047699991331, -13.877676800643769 ], [ -171.587249300115076, -13.877543600256899 ], [ -171.587360700036243, -13.877453300229604 ], [ -171.587816200357338, -13.877177100442793 ], [ -171.588035700587085, -13.876956800715732 ], [ -171.588318000475311, -13.876715500020282 ], [ -171.588464800410179, -13.876587800786353 ], [ -171.588661099929794, -13.876401200455007 ], [ -171.588762200814898, -13.876373700086162 ], [ -171.588990700560345, -13.876185000737166 ], [ -171.589122399978748, -13.876149700548183 ], [ -171.589181100527327, -13.876090800350084 ], [ -171.589247900370282, -13.876061300788365 ], [ -171.589381500056163, -13.876029900059791 ], [ -171.589932500284647, -13.875821400337315 ], [ -171.59035680042598, -13.875556400707296 ], [ -171.590625300217397, -13.875357100149984 ], [ -171.599023045377209, -13.892728846359148 ], [ -171.602481865845419, -13.907588964159345 ], [ -171.602674022188353, -13.909766739943052 ], [ -171.59934330654832, -13.913033404068301 ], [ -171.591528933613375, -13.905475240789713 ], [ -171.59204135202674, -13.898109233854029 ], [ -171.589539900346097, -13.895106000041835 ] ] ] ] } },
{ "type": "Feature", "properties": { "shapeName": "Vaisigano", "shapeISO": "", "shapeID": "40696546B98223692696505", "shapeGroup": "WSM", "shapeType": "ADM1" }, "geometry": { "type": "Polygon", "coordinates": [ [ [ -172.618130599847291, -13.494487699847411 ], [ -172.618146700409881, -13.494870599698345 ], [ -172.618576599730261, -13.494977299762525 ], [ -172.618736799563635, -13.49444910004587 ], [ -172.61975310002552, -13.495029699660847 ], [ -172.620257300434048, -13.495698899584511 ], [ -172.620804500127548, -13.495932799758862 ], [ -172.621284300130327, -13.496150200071611 ], [ -172.621599400092208, -13.496700499728206 ], [ -172.622834400387234, -13.498457800187282 ], [ -172.623722899991805, -13.499262900262579 ], [ -172.624400799956931, -13.499657600118098 ], [ -172.625410600119068, -13.500140099885641 ], [ -172.625739500177758, -13.500986600251338 ], [ -172.627864099948226, -13.501734900045562 ], [ -172.629796100009969, -13.501489199866626 ], [ -172.631790000408159, -13.501926600432228 ], [ -172.632692399934285, -13.502038399652349 ], [ -172.633986500076901, -13.502806300170562 ], [ -172.635339000394538, -13.504082100008873 ], [ -172.636125700340784, -13.504728299771159 ], [ -172.636297299980384, -13.505333399616632 ], [ -172.636289400335528, -13.505925300112438 ], [ -172.63616859980101, -13.506115799904194 ], [ -172.636114900382324, -13.506345299695795 ], [ -172.636308099938844, -13.50656439972721 ], [ -172.636375800003151, -13.507431900162032 ], [ -172.635949800143123, -13.508198699910054 ], [ -172.635879299589988, -13.508966499704172 ], [ -172.635716099618264, -13.509385900338998 ], [ -172.635592700043048, -13.509636300374893 ], [ -172.635560499817188, -13.509829300281922 ], [ -172.635649100125846, -13.510434400127394 ], [ -172.635898500115673, -13.510429100422584 ], [ -172.635922600147865, -13.510546499721158 ], [ -172.634812200022992, -13.510661299978949 ], [ -172.6348095002582, -13.510538699901019 ], [ -172.63538890017756, -13.51046300036711 ], [ -172.635327200389952, -13.509949300419805 ], [ -172.635225300007562, -13.509907499931103 ], [ -172.634900699607584, -13.509951900359852 ], [ -172.634742499866462, -13.510090100078003 ], [ -172.634519899673592, -13.51017620027136 ], [ -172.634348200209246, -13.510069199833652 ], [ -172.634085299596876, -13.510345699993991 ], [ -172.633873400437039, -13.510225699856107 ], [ -172.633763499685728, -13.510079700317874 ], [ -172.633554300290712, -13.510111000322354 ], [ -172.633430899816148, -13.510207500275897 ], [ -172.633197499664846, -13.51019959973172 ], [ -172.632966900002401, -13.510157899967055 ], [ -172.632891800316315, -13.510217900036025 ], [ -172.632878299693743, -13.510311800049465 ], [ -172.632760299648083, -13.510267399620773 ], [ -172.632631600368029, -13.510309200109475 ], [ -172.632365999990867, -13.510044499953665 ], [ -172.631868899729909, -13.510034700041331 ], [ -172.631765199804107, -13.510101800257814 ], [ -172.631727699873437, -13.51023480009593 ], [ -172.631539899846473, -13.510242699740729 ], [ -172.631513100049489, -13.510362600053895 ], [ -172.631578700196826, -13.511082599981933 ], [ -172.632267699594621, -13.511496199989608 ], [ -172.632228800318842, -13.512005299904615 ], [ -172.63255520026226, -13.512498499805872 ], [ -172.632938299762685, -13.512509199939586 ], [ -172.633595099833968, -13.512967900048523 ], [ -172.633825200372684, -13.513095799831262 ], [ -172.634106799689022, -13.513166199660361 ], [ -172.634168500375978, -13.51284539979531 ], [ -172.634305299849672, -13.512881899679883 ], [ -172.634208700071412, -13.513205300384243 ], [ -172.635219799753941, -13.514477100038107 ], [ -172.635228899993706, -13.515267300145752 ], [ -172.634846699815313, -13.515720300351518 ], [ -172.635669000324071, -13.516044499653901 ], [ -172.635513399623676, -13.516219200155945 ], [ -172.63564209980305, -13.516448699947489 ], [ -172.635794999839334, -13.516485199832061 ], [ -172.63605519978762, -13.516467000251794 ], [ -172.636248300418714, -13.516610399850038 ], [ -172.636548700062434, -13.516581699785547 ], [ -172.636417300118268, -13.516819000296607 ], [ -172.636513899896528, -13.516978100259053 ], [ -172.636680100006572, -13.517111100097168 ], [ -172.636902800024188, -13.517160700405952 ], [ -172.636883999696806, -13.517491900031132 ], [ -172.636948999996321, -13.517862499854459 ], [ -172.637053000295708, -13.518050000407129 ], [ -172.637192399709448, -13.518086500291702 ], [ -172.637439199759228, -13.518044699802999 ], [ -172.637643100348782, -13.518123000176274 ], [ -172.637653599933657, -13.518319199871144 ], [ -172.637659899684593, -13.518435799672375 ], [ -172.637434599726959, -13.518602700354279 ], [ -172.637374400008525, -13.519016500011446 ], [ -172.637632300390322, -13.519064399702245 ], [ -172.637715500270104, -13.518931399864186 ], [ -172.637903199572975, -13.51886879985517 ], [ -172.638074999761415, -13.518932200260792 ], [ -172.638265299903651, -13.518793200146035 ], [ -172.638281399566921, -13.518657600367931 ], [ -172.638407499806249, -13.518563700354434 ], [ -172.638463800064301, -13.518292499898905 ], [ -172.638659599560839, -13.518023900282742 ], [ -172.638761499943229, -13.517763099587341 ], [ -172.639387199659524, -13.517622200104427 ], [ -172.639591100249049, -13.517424000317305 ], [ -172.639945100386058, -13.51752830009093 ], [ -172.640659799709965, -13.517397499994559 ], [ -172.641135999726572, -13.517434400077434 ], [ -172.64146859959618, -13.517632599864555 ], [ -172.641844099825306, -13.518143699871814 ], [ -172.64211239996726, -13.5181229003515 ], [ -172.64244499983684, -13.51783079965162 ], [ -172.642734600421448, -13.51776819964266 ], [ -172.642994900194452, -13.517913100209341 ], [ -172.643217399663229, -13.518008100093709 ], [ -172.643464199713009, -13.517924699665116 ], [ -172.643507100072583, -13.517601299860075 ], [ -172.643818199850017, -13.517601299860075 ], [ -172.644097200125657, -13.517684800113386 ], [ -172.644547800040925, -13.517507399846579 ], [ -172.644912600136365, -13.51717360028141 ], [ -172.645148600227685, -13.51705889984828 ], [ -172.645335199659712, -13.517071199875943 ], [ -172.645427599604005, -13.517288399639881 ], [ -172.645674299829039, -13.517371800068474 ], [ -172.645823000031413, -13.517393099611809 ], [ -172.645949100270741, -13.517359199667283 ], [ -172.646096599878149, -13.517273100373245 ], [ -172.646305800172513, -13.517262699713797 ], [ -172.646391699817059, -13.517330499602849 ], [ -172.646531100130147, -13.517380099911634 ], [ -172.646689399696015, -13.517361799607329 ], [ -172.646721599921875, -13.517494800344707 ], [ -172.646793999843197, -13.517588700358203 ], [ -172.647121200183221, -13.517711300436133 ], [ -172.647252600127359, -13.517875600278671 ], [ -172.647692499908914, -13.517932899683501 ], [ -172.648099099593736, -13.517663899869035 ], [ -172.648986500226783, -13.517381599980808 ], [ -172.64935369971343, -13.517103300277029 ], [ -172.649924699964913, -13.516670399918951 ], [ -172.650130699572088, -13.516548100214607 ], [ -172.650009999761664, -13.516023899783079 ], [ -172.650117199848864, -13.515989999838553 ], [ -172.650219200056, -13.516329100007908 ], [ -172.650429699870728, -13.516290600031141 ], [ -172.651274600342504, -13.516170599893201 ], [ -172.651330899701236, -13.516314100215482 ], [ -172.651285400300964, -13.516449699993586 ], [ -172.651298800199442, -13.51659309959183 ], [ -172.651352399793382, -13.516713099729714 ], [ -172.651671599764484, -13.516546199947129 ], [ -172.651918399814264, -13.516241100446393 ], [ -172.651795000239048, -13.515920299682023 ], [ -172.651564500401349, -13.515556700181548 ], [ -172.651655500101214, -13.515390900269779 ], [ -172.651601899607954, -13.5152892004362 ], [ -172.651381900254478, -13.515218699883064 ], [ -172.651253200075104, -13.515130099574378 ], [ -172.651188799623384, -13.514960599851747 ], [ -172.651076100181854, -13.514822300308879 ], [ -172.651143200398366, -13.514772799824812 ], [ -172.651261200444026, -13.514765000004672 ], [ -172.65140600028667, -13.514663300171094 ], [ -172.651674300428596, -13.514308600361574 ], [ -172.65190490009104, -13.513909599948022 ], [ -172.652052500422542, -13.513972199957038 ], [ -172.652194599601074, -13.513940899952502 ], [ -172.652315300310846, -13.513771300405153 ], [ -172.652588900157582, -13.513693099856653 ], [ -172.653042199837614, -13.513359300291427 ], [ -172.653382800076145, -13.513328000286947 ], [ -172.65371020006566, -13.513324299576709 ], [ -172.653935500023294, -13.513073900440133 ], [ -172.654461199624649, -13.512656700446314 ], [ -172.654756099914039, -13.512756800386001 ], [ -172.655032400424915, -13.512660300432458 ], [ -172.655158499764923, -13.512436100345724 ], [ -172.655026999996039, -13.512206599654803 ], [ -172.655086000018855, -13.512037000107398 ], [ -172.654892900287081, -13.511810200080618 ], [ -172.654809800232073, -13.511630199873764 ], [ -172.655037799954471, -13.51151550034001 ], [ -172.654986800300577, -13.511330300253121 ], [ -172.654761500342943, -13.511398100142173 ], [ -172.654718699808114, -13.511248399893702 ], [ -172.655094299862014, -13.510914499604439 ], [ -172.655260400147313, -13.510829600005991 ], [ -172.655415999948417, -13.510819100421088 ], [ -172.655515199666695, -13.510866099890563 ], [ -172.655584899823253, -13.510965199784096 ], [ -172.655727099725851, -13.510926000134759 ], [ -172.655877299997371, -13.510824300301181 ], [ -172.656207200102187, -13.510503600260904 ], [ -172.65654249973656, -13.510151500391373 ], [ -172.656869700076584, -13.509911400290832 ], [ -172.656778700376691, -13.508942899695001 ], [ -172.656306600369277, -13.508629899650089 ], [ -172.656263700009731, -13.508327400089399 ], [ -172.656607000013025, -13.508004000284359 ], [ -172.657357999571985, -13.507920599855765 ], [ -172.657787200119174, -13.507586699566502 ], [ -172.658326400343071, -13.507306700144056 ], [ -172.658838600221202, -13.507242500241148 ], [ -172.659825699696256, -13.506626999736227 ], [ -172.66041579974933, -13.506407899704755 ], [ -172.661177500341353, -13.506251399682299 ], [ -172.661992900352033, -13.506084499899714 ], [ -172.661940399729644, -13.505920000407627 ], [ -172.661928499900313, -13.505771499854802 ], [ -172.662267699894414, -13.50566439959232 ], [ -172.662519799649004, -13.505800000269744 ], [ -172.662743899911021, -13.505708899845786 ], [ -172.663029399587089, -13.505648700127381 ], [ -172.663201099950783, -13.505852199619255 ], [ -172.663555100087763, -13.505726999601279 ], [ -172.663748199819537, -13.505544400353756 ], [ -172.664048600362577, -13.505533999694308 ], [ -172.664247099623935, -13.505685299836671 ], [ -172.664300799941941, -13.505920000407627 ], [ -172.664059400321037, -13.506321599861906 ], [ -172.664392000190617, -13.506540699893321 ], [ -172.664492699978098, -13.506762600413651 ], [ -172.664750200161592, -13.507013000449547 ], [ -172.66543680016818, -13.507148600227652 ], [ -172.666907600005715, -13.507688599948892 ], [ -172.667464200312565, -13.508219000306553 ], [ -172.668090999899704, -13.508828999658533 ], [ -172.668318999622102, -13.50917750044124 ], [ -172.669285099927379, -13.509547500416772 ], [ -172.670384299895488, -13.509615300305825 ], [ -172.671090899925076, -13.509401900177522 ], [ -172.671326999841142, -13.509172400385921 ], [ -172.671970700387476, -13.509485400430833 ], [ -172.672217100238953, -13.510036999607792 ], [ -172.671714700273185, -13.511004099959223 ], [ -172.671993400175239, -13.511561099565029 ], [ -172.672446199832223, -13.511989399890865 ], [ -172.674013100324288, -13.512860899610757 ], [ -172.675164299992417, -13.513501500194025 ], [ -172.675563400230715, -13.513467000401704 ], [ -172.675856300427881, -13.514213899951471 ], [ -172.67603479966624, -13.514524100406845 ], [ -172.676458599784524, -13.514748299594316 ], [ -172.676756299663481, -13.514850000327215 ], [ -172.677061999911331, -13.514878700391648 ], [ -172.677348999656573, -13.514933499681206 ], [ -172.677713799752041, -13.515087399763615 ], [ -172.678125500391502, -13.515033399971401 ], [ -172.678382999675677, -13.514986399602606 ], [ -172.678576600329819, -13.514916499796584 ], [ -172.678533699970245, -13.514592099945389 ], [ -172.678728000296957, -13.51408490029786 ], [ -172.679146399986337, -13.513563299806378 ], [ -172.679179600258323, -13.513415400000667 ], [ -172.678781599890897, -13.513041700214274 ], [ -172.678610000251297, -13.512426199709296 ], [ -172.678931800162417, -13.511946299881799 ], [ -172.679103499626791, -13.511309999856564 ], [ -172.678770899757183, -13.511059599820612 ], [ -172.678556299933263, -13.510652799586978 ], [ -172.678813800116757, -13.510319000021809 ], [ -172.679345900193113, -13.510231200109729 ], [ -172.679864600370991, -13.510358900243034 ], [ -172.682764600106196, -13.509693099756703 ], [ -172.68352379968357, -13.510058200225728 ], [ -172.68434949962969, -13.510455300371746 ], [ -172.684489399965798, -13.510558899573539 ], [ -172.684877800070382, -13.510709400218616 ], [ -172.685036499834581, -13.510892700038028 ], [ -172.685407900054514, -13.511221000248895 ], [ -172.685280299746012, -13.511737099587435 ], [ -172.68581049955489, -13.512248800341808 ], [ -172.685916300296981, -13.513396400023794 ], [ -172.686215699894603, -13.51379159990239 ], [ -172.686449799718446, -13.514500600222505 ], [ -172.687640699958308, -13.515131700367647 ], [ -172.688898900064146, -13.515503599711337 ], [ -172.689308999910395, -13.51549160005726 ], [ -172.689689899669105, -13.515449900292595 ], [ -172.690178100239109, -13.514583999751721 ], [ -172.690360400012423, -13.514563200231464 ], [ -172.690518999951848, -13.514689900318615 ], [ -172.691012500226691, -13.515347099688881 ], [ -172.691355800229957, -13.515430599942192 ], [ -172.692192700332839, -13.515409699697841 ], [ -172.692997300385088, -13.515691299913499 ], [ -172.693324300176272, -13.515664400291769 ], [ -172.693599599741702, -13.515545099826454 ], [ -172.693796400183686, -13.515346200366821 ], [ -172.6938071003174, -13.515124500395359 ], [ -172.694102100431564, -13.515007200022239 ], [ -172.694287199794417, -13.515059300446296 ], [ -172.694386400412014, -13.515406200435734 ], [ -172.694349199955582, -13.515753899922515 ], [ -172.694721700046387, -13.515964299912469 ], [ -172.694831699723125, -13.516128599755007 ], [ -172.694837000327283, -13.516235500367998 ], [ -172.69476759964499, -13.516296399758971 ], [ -172.694710999912701, -13.516405000090629 ], [ -172.694665399788335, -13.516514599569064 ], [ -172.695486399877439, -13.517203900239736 ], [ -172.696098000022658, -13.517433400031337 ], [ -172.696742699715799, -13.51768129995196 ], [ -172.697000100074519, -13.517743899960976 ], [ -172.697291199828982, -13.517771199781009 ], [ -172.697800799767066, -13.517797299905396 ], [ -172.697969800365968, -13.517850799674648 ], [ -172.698091299673706, -13.517833100117457 ], [ -172.69817629999622, -13.517721700196262 ], [ -172.69824600015275, -13.517745200380659 ], [ -172.69834259993101, -13.517840399914462 ], [ -172.698545100276135, -13.518091999646003 ], [ -172.698630900095935, -13.518171600438961 ], [ -172.698753000150816, -13.518208100323534 ], [ -172.69892059960597, -13.518135099655069 ], [ -172.698895100228668, -13.51827719973295 ], [ -172.698919599559844, -13.518424399866092 ], [ -172.699046699845297, -13.518562700308337 ], [ -172.69903859965163, -13.518674899726818 ], [ -172.699136499849573, -13.518826100044407 ], [ -172.699285399701409, -13.518884799693694 ], [ -172.699451699636199, -13.518920000057904 ], [ -172.699604599672512, -13.519000900371225 ], [ -172.699628699704704, -13.519152099789551 ], [ -172.699709199819694, -13.519274699867481 ], [ -172.699916999869629, -13.519299499572185 ], [ -172.700067600339452, -13.519217199913783 ], [ -172.700249999937512, -13.518977300362053 ], [ -172.700389099877043, -13.518956499942476 ], [ -172.700496799987292, -13.519071200375549 ], [ -172.700638599691587, -13.519367300360557 ], [ -172.700826299893805, -13.519493799898896 ], [ -172.70101180035428, -13.519477999709864 ], [ -172.701355100357574, -13.519342399931759 ], [ -172.701634999955246, -13.519371199820966 ], [ -172.701881800005026, -13.519308599812007 ], [ -172.702575699808676, -13.519090800200217 ], [ -172.703329200382257, -13.51847660011498 ], [ -172.704273299673019, -13.518111499645954 ], [ -172.704906300085639, -13.518184500314419 ], [ -172.705421299553308, -13.518007199872329 ], [ -172.706215200371162, -13.517433400031337 ], [ -172.70704140034033, -13.517349999602743 ], [ -172.707534899715824, -13.516995299793223 ], [ -172.707781699765604, -13.517089199806662 ], [ -172.708017699856924, -13.516911900263949 ], [ -172.708403900219793, -13.516901399779726 ], [ -172.709004700406581, -13.517099599566848 ], [ -172.709744999831855, -13.516880600259469 ], [ -172.710313900166341, -13.51657540003464 ], [ -172.710657200169635, -13.516356300003224 ], [ -172.710796700307441, -13.516210199740897 ], [ -172.710904000219415, -13.516105899967272 ], [ -172.711247300222709, -13.516011999953776 ], [ -172.711644299644689, -13.515886899760574 ], [ -172.711848100409469, -13.515782500162231 ], [ -172.712137799919503, -13.515688699973452 ], [ -172.712288000191023, -13.515699099733638 ], [ -172.712459699655398, -13.515761699742598 ], [ -172.712717199838863, -13.515740800397566 ], [ -172.712878100244097, -13.515688699973452 ], [ -172.713017600381932, -13.515813800166711 ], [ -172.713189200021532, -13.516137199971752 ], [ -172.713360900385226, -13.516262399989728 ], [ -172.713629099803086, -13.516252000229599 ], [ -172.713961699672666, -13.516126800211623 ], [ -172.71431579963442, -13.516074599962792 ], [ -172.714873700360954, -13.516032900198127 ], [ -172.715689100371662, -13.515907700180151 ], [ -172.716397199571077, -13.515792999747077 ], [ -172.717298400300905, -13.51561560037959 ], [ -172.718135199679693, -13.515396600172892 ], [ -172.718886299962747, -13.515198400385827 ], [ -172.719304699652128, -13.515010600358892 ], [ -172.719701699973456, -13.514885400340916 ], [ -172.71998060042435, -13.514770699907842 ], [ -172.721192999857038, -13.514050899629297 ], [ -172.721568500086192, -13.513831799597824 ], [ -172.721643599772278, -13.51363359981076 ], [ -172.721836700403372, -13.513508399792784 ], [ -172.722201499599493, -13.513477099788304 ], [ -172.722609200054507, -13.51339370025903 ], [ -172.723295800061095, -13.513122399978727 ], [ -172.723660600156535, -13.512913800431477 ], [ -172.724154100431349, -13.512590399727117 ], [ -172.724561799987043, -13.511985399706361 ], [ -172.724647599806872, -13.511620300136713 ], [ -172.724948100174657, -13.511515899638994 ], [ -172.725087499588398, -13.511505499878865 ], [ -172.725337912214854, -13.511523565460152 ], [ -172.725377199997752, -13.511526400123216 ], [ -172.725720500001046, -13.511495100118736 ], [ -172.72589220036474, -13.511442899869905 ], [ -172.726063899829086, -13.511244700082784 ], [ -172.72622480023432, -13.510931799862647 ], [ -172.72646080032564, -13.510566599568847 ], [ -172.72673979970196, -13.510337099777303 ], [ -172.726997299885454, -13.510180699579564 ], [ -172.727523000386128, -13.509919899783483 ], [ -172.728692399634497, -13.50905400014193 ], [ -172.728971399910137, -13.508845399695417 ], [ -172.729282499687571, -13.508574100314434 ], [ -172.729561499963239, -13.50842809987688 ], [ -172.729915500100219, -13.508188099601057 ], [ -172.730301699563768, -13.507958599809513 ], [ -172.730687999751353, -13.507729100017912 ], [ -172.731031299754648, -13.507666500008895 ], [ -172.731439000209662, -13.507416199797717 ], [ -172.73182519967321, -13.507332700443726 ], [ -172.732211499860796, -13.50720750042575 ], [ -172.732629900449524, -13.507092799992677 ], [ -172.732898099867384, -13.506925900210092 ], [ -172.733080500364764, -13.506800700192116 ], [ -172.733241399870678, -13.506654599929789 ], [ -172.733370199874798, -13.506310399705114 ], [ -172.733380900008513, -13.506070400328667 ], [ -172.733370199874798, -13.505642699850682 ], [ -172.733380900008513, -13.505413200059081 ], [ -172.733413100234372, -13.505204599612512 ], [ -172.733498900054173, -13.50503760000521 ], [ -172.733638400191978, -13.504808100213609 ], [ -172.733820799790038, -13.504526499997951 ], [ -172.734046099747673, -13.504182199948502 ], [ -172.734142700425252, -13.504015300165918 ], [ -172.734335800157027, -13.503650199696892 ], [ -172.734689800294035, -13.503399799660997 ], [ -172.734925900210101, -13.50322240029351 ], [ -172.735215499895389, -13.503034700091291 ], [ -172.735462299945169, -13.502888599828964 ], [ -172.735634000308835, -13.502732099806508 ], [ -172.735784199681035, -13.502732099806508 ], [ -172.736041699864529, -13.502753000050859 ], [ -172.736170400043903, -13.502700799802028 ], [ -172.736524500005658, -13.502492200254778 ], [ -172.736985800054612, -13.502147900205387 ], [ -172.737254000371792, -13.50202270018741 ], [ -172.737393499610278, -13.50202270018741 ], [ -172.737629499701626, -13.501897500169434 ], [ -172.73798359966338, -13.501657599718385 ], [ -172.7381337999349, -13.50152199994028 ], [ -172.738262500114274, -13.501344599673473 ], [ -172.73843419957862, -13.501104700121743 ], [ -172.738895499627574, -13.500603900049896 ], [ -172.739217400262788, -13.500322299834238 ], [ -172.739346200266908, -13.500186600231359 ], [ -172.739410499994563, -13.500019700448775 ], [ -172.739453400354108, -13.499727599748894 ], [ -172.739507099772823, -13.499414599703982 ], [ -172.739571500224542, -13.499289399686006 ], [ -172.739689500270202, -13.499059899894405 ], [ -172.740011300181322, -13.498882600351692 ], [ -172.740354700009362, -13.498673900080405 ], [ -172.740612200192857, -13.49856960030678 ], [ -172.740762399565057, -13.498559199647275 ], [ -172.741137899794211, -13.498507000297764 ], [ -172.741341699659671, -13.498350500275308 ], [ -172.741427500378819, -13.498329699855731 ], [ -172.741749400114685, -13.498246199602363 ], [ -172.742275099716039, -13.498152299588924 ], [ -172.742940300354547, -13.498100100239412 ], [ -172.743326499818096, -13.498047999815299 ], [ -172.743669899646136, -13.498058399575427 ], [ -172.743927399829602, -13.498068800234876 ], [ -172.74428139996661, -13.498068800234876 ], [ -172.744506699924244, -13.498120999584444 ], [ -172.744774900241424, -13.498162700248372 ], [ -172.744925099613624, -13.498152299588924 ], [ -172.745343600027098, -13.498006300050633 ], [ -172.745751299582793, -13.497901899552971 ], [ -172.745933700080172, -13.497828899783826 ], [ -172.746169700171492, -13.497776700434315 ], [ -172.746416500221272, -13.497776700434315 ], [ -172.746620300086761, -13.497745400429835 ], [ -172.747038699776141, -13.497609799752411 ], [ -172.747210400139835, -13.497547199743451 ], [ -172.747435700097441, -13.497432500209698 ], [ -172.747736099741189, -13.497390699720995 ], [ -172.748154500329889, -13.49738029996081 ], [ -172.748411999614063, -13.497359399716458 ], [ -172.748680199931243, -13.497338600196201 ], [ -172.749881900129566, -13.497150800169265 ], [ -172.75009640012874, -13.497129899924914 ], [ -172.750536299910294, -13.497035999911418 ], [ -172.75092260009788, -13.496848199884482 ], [ -172.751308799561428, -13.496691799686744 ], [ -172.751448299699234, -13.496566599668768 ], [ -172.751813099794703, -13.496274499868207 ], [ -172.752564100253011, -13.495585899769424 ], [ -172.752606999713237, -13.495377300222174 ], [ -172.752746499851071, -13.495199899955367 ], [ -172.753014700168251, -13.495085099697519 ], [ -172.753122000080225, -13.494918199914935 ], [ -172.753175599674165, -13.49475130013235 ], [ -172.753347300037831, -13.494532200100934 ], [ -172.753422399723945, -13.494365300318293 ], [ -172.753583300129179, -13.494167099631909 ], [ -172.753883699772899, -13.493728899569021 ], [ -172.754033900044419, -13.493551500201534 ], [ -172.754162700048539, -13.493374199759444 ], [ -172.754377200047713, -13.492977700360541 ], [ -172.754495299918119, -13.492612599891515 ], [ -172.754581099737948, -13.492309999606732 ], [ -172.754624000097493, -13.49215360030837 ], [ -172.754752800101613, -13.491778000254442 ], [ -172.754752800101613, -13.491506699974195 ], [ -172.754817099829268, -13.491329400431425 ], [ -172.754870800147273, -13.491193699929283 ], [ -172.755074600012762, -13.491047700390993 ], [ -172.755224800284282, -13.490964200137682 ], [ -172.755353600288402, -13.490849499704609 ], [ -172.755417900016056, -13.49068250009725 ], [ -172.755492999702142, -13.490578200323625 ], [ -172.755589600379722, -13.490526000074794 ], [ -172.755793500069956, -13.490453000305649 ], [ -172.75610459984739, -13.490369599877113 ], [ -172.75637280016457, -13.490317399628225 ], [ -172.75661960021435, -13.490213099854657 ], [ -172.756694699900464, -13.49018179985012 ], [ -172.75691999985807, -13.490098299596809 ], [ -172.757091600397018, -13.490035699587793 ], [ -172.757231099635504, -13.489952200233802 ], [ -172.757349099681164, -13.489900099809688 ], [ -172.757456399593138, -13.489952200233802 ], [ -172.757531500178573, -13.489993999823184 ], [ -172.757649500224232, -13.490025299827664 ], [ -172.757799699596433, -13.490140000260737 ], [ -172.758110900097932, -13.490296500283193 ], [ -172.758261100369452, -13.49032780028773 ], [ -172.758550799879487, -13.490473899650681 ], [ -172.758969199568867, -13.490640800332642 ], [ -172.759108699706701, -13.49068250009725 ], [ -172.759344699798021, -13.490859900364057 ], [ -172.759484199935855, -13.490995500142162 ], [ -172.759634400207375, -13.491058100151179 ], [ -172.759805999846975, -13.491193699929283 ], [ -172.759827499939149, -13.491329400431425 ], [ -172.759870400298695, -13.491506699974195 ], [ -172.760127899582869, -13.491694500001131 ], [ -172.760310300080249, -13.491934500276898 ], [ -172.760878900041178, -13.492477000113411 ], [ -172.761018400179012, -13.492685599660661 ], [ -172.761168599551212, -13.492925599936427 ], [ -172.761318799822732, -13.493426300183557 ], [ -172.761318799822732, -13.493927100255405 ], [ -172.761501200320112, -13.494594800109894 ], [ -172.761522700412257, -13.495116399702056 ], [ -172.761597800098372, -13.495606800013775 ], [ -172.761790899830146, -13.496170100269865 ], [ -172.761941100101666, -13.496295300287841 ], [ -172.76203760005518, -13.496410099646312 ], [ -172.762230799611672, -13.496483100314776 ], [ -172.76249899992888, -13.496556100083922 ], [ -172.762722600167848, -13.496689900318586 ], [ -172.762777900379774, -13.496723099691224 ], [ -172.763303599981128, -13.497192499933874 ], [ -172.763625499717023, -13.497338600196201 ], [ -172.763861499808343, -13.497442899969826 ], [ -172.764494500220991, -13.497682800420876 ], [ -172.764709100044911, -13.497714100425355 ], [ -172.765159699960151, -13.497662000001242 ], [ -172.765449400369505, -13.497620200411859 ], [ -172.765931699588236, -13.497411599965346 ], [ -172.76624280026499, -13.497296799707499 ], [ -172.767476599965079, -13.496618700092881 ], [ -172.767830699926833, -13.496347499637352 ], [ -172.768549500159281, -13.495763300036231 ], [ -172.768796300209061, -13.495585899769424 ], [ -172.769064499626921, -13.495554599764944 ], [ -172.769321999810415, -13.495554599764944 ], [ -172.76979409981783, -13.495533700419912 ], [ -172.770019399775464, -13.495481599995799 ], [ -172.770083700402438, -13.495387699982302 ], [ -172.770126599862664, -13.495210299715495 ], [ -172.770276800134184, -13.495012099928431 ], [ -172.770298300226358, -13.494866100390198 ], [ -172.770384100046158, -13.494699099883519 ], [ -172.770437800364164, -13.494490500336269 ], [ -172.770823999827712, -13.494177500291357 ], [ -172.771017099559458, -13.494010599609453 ], [ -172.771178099789438, -13.493947999600437 ], [ -172.771188799923152, -13.493791499577981 ], [ -172.771392599788612, -13.493624599795396 ], [ -172.771693100156426, -13.493624599795396 ], [ -172.771870299874422, -13.49359870021982 ], [ -172.77212219997952, -13.493561999786436 ], [ -172.772819599944569, -13.493248999741525 ], [ -172.773227300399554, -13.493102900378517 ], [ -172.773699299682903, -13.493102900378517 ], [ -172.774192899782463, -13.493082099958883 ], [ -172.774697100190991, -13.493071600374037 ], [ -172.775072600420145, -13.492925599936427 ], [ -172.77544809974998, -13.492675199900532 ], [ -172.775737800159334, -13.492518699878076 ], [ -172.776188400074574, -13.49221620031733 ], [ -172.776510299810468, -13.49215360030837 ], [ -172.776982399817882, -13.49212230030389 ], [ -172.777128199706624, -13.492136100400671 ], [ -172.777422299599408, -13.492164000068499 ], [ -172.777744100409876, -13.491923999792732 ], [ -172.778130399698171, -13.491923999792732 ], [ -172.778892100290165, -13.492038800050523 ], [ -172.779171099666485, -13.492143099824148 ], [ -172.779203200067599, -13.492320500090955 ], [ -172.779192499933885, -13.49250830011789 ], [ -172.779321299938005, -13.492737799909492 ], [ -172.779750399761099, -13.492988199945444 ], [ -172.780372700040061, -13.493248999741525 ], [ -172.780909099775101, -13.49343679976846 ], [ -172.781284600004255, -13.493488900192517 ], [ -172.781563600279895, -13.49349939977742 ], [ -172.78178890023753, -13.493478500432389 ], [ -172.782110799973424, -13.493363799999315 ], [ -172.78220729992691, -13.493405499763981 ], [ -172.782389700424318, -13.493415900423429 ], [ -172.782550599930204, -13.493384600418949 ], [ -172.782668699800638, -13.493322000409933 ], [ -172.782765199754152, -13.493175999972379 ], [ -172.783108499757418, -13.492852500342565 ], [ -172.783290900254826, -13.492758700153843 ], [ -172.783741500170066, -13.492518699878076 ], [ -172.784084899998106, -13.492570900126907 ], [ -172.784363800449, -13.492696100144883 ], [ -172.784621299733175, -13.492862999927468 ], [ -172.784878799916669, -13.493092499719069 ], [ -172.786788700038443, -13.497702599895035 ], [ -172.788679799832863, -13.499597500224411 ], [ -172.789253900047413, -13.500260500221884 ], [ -172.790107100362377, -13.500963799739509 ], [ -172.791012300377332, -13.500874800131896 ], [ -172.791586899715611, -13.500856900025894 ], [ -172.792089100031916, -13.500542100437542 ], [ -172.792574400288316, -13.500551699801065 ], [ -172.792736000366091, -13.501090300177168 ], [ -172.793018599728555, -13.501628100156665 ], [ -172.793223899663218, -13.502851500096597 ], [ -172.793220799700123, -13.503801499839312 ], [ -172.793687600002698, -13.504609500228185 ], [ -172.7942083002728, -13.505148099704968 ], [ -172.794053599793756, -13.505701699873498 ], [ -172.793888200080346, -13.505707799974971 ], [ -172.793977400236798, -13.506082599632236 ], [ -172.794205899982273, -13.506514199570631 ], [ -172.794382999875523, -13.506879899887451 ], [ -172.795175999572706, -13.508069499707574 ], [ -172.795820700165166, -13.508929300147031 ], [ -172.79637929966492, -13.5093609999102 ], [ -172.796836399879936, -13.509678400337862 ], [ -172.797179199860153, -13.510110000276256 ], [ -172.797417899716265, -13.510436300394929 ], [ -172.797623800398043, -13.510354499860227 ], [ -172.797673200158044, -13.510470900011967 ], [ -172.797722500093272, -13.510659700085057 ], [ -172.797745000231544, -13.51083029967856 ], [ -172.798078199948947, -13.511247999695399 ], [ -172.798496599638327, -13.511584499924709 ], [ -172.798748800117011, -13.511412300437257 ], [ -172.798826599567889, -13.511438399662381 ], [ -172.798895400402387, -13.511504599657485 ], [ -172.798958899733407, -13.511701400099469 ], [ -172.798971599959344, -13.511809399684012 ], [ -172.798901700153323, -13.51185380011276 ], [ -172.799254999718443, -13.511953300204596 ], [ -172.799515400215512, -13.512204800111363 ], [ -172.79991310020938, -13.512346300341449 ], [ -172.800496299764404, -13.512630399773059 ], [ -172.801276100111892, -13.513065300223388 ], [ -172.802022100339627, -13.513467100226421 ], [ -172.802767599644994, -13.513864200372495 ], [ -172.8032497999383, -13.514263100061953 ], [ -172.803501200020349, -13.514577299802511 ], [ -172.803845699719233, -13.515193599804718 ], [ -172.803860300212648, -13.51551989992339 ], [ -172.8040667998429, -13.515887999631445 ], [ -172.803986000253673, -13.515977799635721 ], [ -172.803788500139149, -13.515923899668167 ], [ -172.80344739987757, -13.516058600124268 ], [ -172.802912799685942, -13.516599900265135 ], [ -172.802275799988138, -13.517072399571532 ], [ -172.801490299737509, -13.517988699918533 ], [ -172.800969600366727, -13.51868890037241 ], [ -172.800472799580007, -13.519390500171426 ], [ -172.800269300088104, -13.520008599717073 ], [ -172.800119800388444, -13.521099300192532 ], [ -172.799407499556423, -13.521849000231157 ], [ -172.798484400334786, -13.522447300302645 ], [ -172.797874800281789, -13.522993900148322 ], [ -172.797362899877896, -13.52339989998535 ], [ -172.796598100222127, -13.524100800111796 ], [ -172.795952100109304, -13.524716899565192 ], [ -172.794639699662383, -13.526175599923931 ], [ -172.794021100093659, -13.526804500327387 ], [ -172.793381999579594, -13.527558300375233 ], [ -172.793320799815035, -13.528213999676325 ], [ -172.793042500111255, -13.528833399641655 ], [ -172.792852699992096, -13.529317600027184 ], [ -172.792503899735152, -13.52945250013272 ], [ -172.792207600100625, -13.529452900331023 ], [ -172.791965200433623, -13.529578499647982 ], [ -172.79199079963567, -13.529782800435839 ], [ -172.792255099593149, -13.529907399706701 ], [ -172.792566700292952, -13.530269800410906 ], [ -172.792629599776177, -13.530592999667135 ], [ -172.792315400035648, -13.530997000311288 ], [ -172.792063099732246, -13.531912500261626 ], [ -172.791655400176552, -13.534311600100239 ], [ -172.791559599895578, -13.535344299699602 ], [ -172.791328900408388, -13.535579000270616 ], [ -172.791028499865348, -13.535782399937773 ], [ -172.790931999911834, -13.536131800042483 ], [ -172.790744199884898, -13.53633519970964 ], [ -172.790496700162549, -13.536314400189383 ], [ -172.790109399928838, -13.536511799579841 ], [ -172.789478199958921, -13.536814999712419 ], [ -172.789086600066526, -13.536679399934314 ], [ -172.788904199569117, -13.536987100274416 ], [ -172.788684300040387, -13.537310500079457 ], [ -172.788281900189503, -13.537524300406119 ], [ -172.788040499669307, -13.53795719986482 ], [ -172.788206799604097, -13.538217999660901 ], [ -172.787884999692949, -13.538186699656421 ], [ -172.787563099957083, -13.538306599969587 ], [ -172.787595300182943, -13.538635199654721 ], [ -172.787788399914689, -13.538796899557212 ], [ -172.787520199597509, -13.539177599666459 ], [ -172.787439700381839, -13.53946439976221 ], [ -172.787665000339473, -13.539693899553754 ], [ -172.787520199597509, -13.540147600331466 ], [ -172.787858199895993, -13.540429300371841 ], [ -172.787842100232723, -13.540799499996865 ], [ -172.787616800275089, -13.541159399686478 ], [ -172.787370000225309, -13.541242800115072 ], [ -172.787449699943664, -13.54175919982714 ], [ -172.787166099635755, -13.542833500265772 ], [ -172.786763799609645, -13.542974299923969 ], [ -172.786956900240739, -13.543240299600086 ], [ -172.786956900240739, -13.543694000377741 ], [ -172.786634299932956, -13.544074800311762 ], [ -172.7860907002256, -13.544783600083008 ], [ -172.784647100383353, -13.545437400015942 ], [ -172.782493000151817, -13.545681000277909 ], [ -172.781492499878937, -13.546104300373145 ], [ -172.780840700038254, -13.546744900057035 ], [ -172.780185800234477, -13.547401600303544 ], [ -172.778673500281798, -13.548580699639558 ], [ -172.778223199840767, -13.548961299924031 ], [ -172.777268799715301, -13.550249499614665 ], [ -172.776769899910931, -13.55091179993957 ], [ -172.776077900374787, -13.551422899946829 ], [ -172.775262500364079, -13.552710999812746 ], [ -172.774264699855991, -13.55329509958915 ], [ -172.773969699741826, -13.553388999602589 ], [ -172.773937500415286, -13.553832199896078 ], [ -172.773594200411992, -13.553868699780651 ], [ -172.773492200204856, -13.554212900005268 ], [ -172.773020200022188, -13.554572799694881 ], [ -172.772660800355624, -13.554901299555297 ], [ -172.772344300149314, -13.554869999550817 ], [ -172.77222620027888, -13.555302899908838 ], [ -172.771614699958405, -13.555720099902658 ], [ -172.770815399610967, -13.555761799667266 ], [ -172.770595500082237, -13.55637189974334 ], [ -172.770235999691607, -13.556617000074425 ], [ -172.770176999668763, -13.556877799870506 ], [ -172.770048300388737, -13.556856899626155 ], [ -172.769844399799183, -13.556956000419063 ], [ -172.769753199550479, -13.557362799753378 ], [ -172.769613800136739, -13.557409700297399 ], [ -172.769517200358479, -13.557388899877765 ], [ -172.769377700220673, -13.557107199837333 ], [ -172.769060500341794, -13.557112500441519 ], [ -172.769130999995639, -13.557821700411125 ], [ -172.768974599797929, -13.558134599731943 ], [ -172.7687501002369, -13.558770799932404 ], [ -172.768422200224336, -13.558819300370374 ], [ -172.768090300027296, -13.559349699828715 ], [ -172.767591400222926, -13.559845100371035 ], [ -172.767328499610528, -13.56000670044881 ], [ -172.766947699676564, -13.55994940014466 ], [ -172.766808200438078, -13.560152799811817 ], [ -172.76652389955828, -13.560262300364798 ], [ -172.76649170023174, -13.560616900349601 ], [ -172.764078999945866, -13.563232500279639 ], [ -172.763128400355356, -13.564296400058765 ], [ -172.762410100145985, -13.564786599821673 ], [ -172.76173260037919, -13.565639700311863 ], [ -172.760694000327817, -13.566343700401433 ], [ -172.759550300106241, -13.56663359956093 ], [ -172.758034300342672, -13.56654710006859 ], [ -172.7569593002315, -13.566730600436813 ], [ -172.756059200271835, -13.566639900211158 ], [ -172.755671900038124, -13.566227900097488 ], [ -172.753413400208217, -13.566999700076053 ], [ -172.751565900445911, -13.568459799779873 ], [ -172.750370699648045, -13.569114800307716 ], [ -172.749542399761907, -13.569513899646722 ], [ -172.749297900177936, -13.569992900152158 ], [ -172.748757299709581, -13.570162899897866 ], [ -172.748626899811541, -13.570293100146387 ], [ -172.748498599830498, -13.570809300208964 ], [ -172.748182099624159, -13.571181900124543 ], [ -172.747781900414338, -13.571692900307085 ], [ -172.747296899632175, -13.571784700403555 ], [ -172.747191599812453, -13.572106399590609 ], [ -172.747086600366288, -13.572535600137769 ], [ -172.746813100344269, -13.573172800384384 ], [ -172.745917200218599, -13.573510699958774 ], [ -172.745817999600973, -13.573688000400864 ], [ -172.745619500339643, -13.573716699565978 ], [ -172.745166199760291, -13.573602000032224 ], [ -172.744830900125919, -13.574042600385667 ], [ -172.744710200315467, -13.574073900390147 ], [ -172.744602900403493, -13.574003499661728 ], [ -172.744506399550659, -13.574071299550781 ], [ -172.744519800348485, -13.574212100108298 ], [ -172.744356200178458, -13.574136500399106 ], [ -172.744294500390851, -13.574068699610734 ], [ -172.744216700040653, -13.574058299850606 ], [ -172.744187199579557, -13.574139100339153 ], [ -172.744211299611749, -13.57425119993286 ], [ -172.744136199925663, -13.574402400250506 ], [ -172.743925899760427, -13.574433700255042 ], [ -172.743720500001047, -13.574441500075125 ], [ -172.743567599964734, -13.5743372003015 ], [ -172.743403999794737, -13.574233000352649 ], [ -172.74326820036714, -13.574007099647872 ], [ -172.743092800192557, -13.574050400205749 ], [ -172.743060699791442, -13.574225099808473 ], [ -172.74290779975513, -13.574360699586578 ], [ -172.742759700299899, -13.574783100359753 ], [ -172.742497400434644, -13.574814400364232 ], [ -172.742355199632726, -13.574613599737802 ], [ -172.742352599692708, -13.57442850037495 ], [ -172.742275900112674, -13.574323800403022 ], [ -172.742038700325736, -13.574329399582098 ], [ -172.74193949970811, -13.574074600062715 ], [ -172.74152639972354, -13.574402400250506 ], [ -172.74140309997307, -13.574631900042107 ], [ -172.741236800038251, -13.574584899673312 ], [ -172.741128000057131, -13.574829599806151 ], [ -172.741203099743245, -13.575074700137236 ], [ -172.741015299716281, -13.575142500026288 ], [ -172.740977699960865, -13.575225899555562 ], [ -172.741095799831271, -13.575345799868728 ], [ -172.740810300155204, -13.575569400107668 ], [ -172.740457399889067, -13.575643100448701 ], [ -172.740167700379033, -13.575152899786474 ], [ -172.739872700264868, -13.574907800354651 ], [ -172.739507900169428, -13.574626200138994 ], [ -172.739094800184859, -13.574534999890261 ], [ -172.73756799956351, -13.575698700134865 ], [ -172.735397600019212, -13.577063899779091 ], [ -172.734171299765649, -13.578798200076847 ], [ -172.73072899984345, -13.582861900056571 ], [ -172.730507200047214, -13.583622800251987 ], [ -172.730329500306169, -13.583889200126464 ], [ -172.730392999637189, -13.584244399959061 ], [ -172.730113900436123, -13.584713800201655 ], [ -172.729898199842012, -13.585107099812774 ], [ -172.728540200170073, -13.586244899582425 ], [ -172.727892199965027, -13.587157900316811 ], [ -172.728271499829816, -13.587469199743737 ], [ -172.728145299765742, -13.587733600425281 ], [ -172.727783700357463, -13.587927499654313 ], [ -172.727644899892198, -13.588076699879764 ], [ -172.72809449976134, -13.588346500090836 ], [ -172.727830299628607, -13.588621199808472 ], [ -172.727360900285305, -13.588684600214094 ], [ -172.727146599935622, -13.588944300139303 ], [ -172.72739900006377, -13.589192100235209 ], [ -172.727284799653745, -13.589344299699633 ], [ -172.727081800184891, -13.589293600419296 ], [ -172.726790099683313, -13.59018160000079 ], [ -172.726536300210057, -13.590574899611909 ], [ -172.726183599593412, -13.590789399611083 ], [ -172.726244499883734, -13.591298000402332 ], [ -172.726433600330353, -13.591709999616739 ], [ -172.726276499560782, -13.592470200139587 ], [ -172.725801699788576, -13.59234040008937 ], [ -172.725432100011375, -13.592408700001442 ], [ -172.72513791288435, -13.592877150560014 ], [ -172.724683900041924, -13.593600100264382 ], [ -172.724178400113061, -13.594162500299092 ], [ -172.72319610031974, -13.595225499856895 ], [ -172.722821100113663, -13.595822299859208 ], [ -172.722132900213154, -13.596756600136928 ], [ -172.721630799721595, -13.597636299875319 ], [ -172.721414099980706, -13.598236500214284 ], [ -172.721120400286225, -13.598571700023911 ], [ -172.721182000249087, -13.598757099760292 ], [ -172.720993600374328, -13.598990300262074 ], [ -172.720751400356818, -13.599053099920582 ], [ -172.720554000067011, -13.599115899579033 ], [ -172.720776299886296, -13.599634400107448 ], [ -172.72065290031108, -13.599821499562495 ], [ -172.720401299680219, -13.599884599594532 ], [ -172.720033699995241, -13.59978870038816 ], [ -172.719979899852461, -13.599985999953901 ], [ -172.720336999952565, -13.600067099916657 ], [ -172.720337999998662, -13.600797600328974 ], [ -172.720429200247366, -13.601120299562126 ], [ -172.719794599940798, -13.601165200013895 ], [ -172.719089199606856, -13.601069299908204 ], [ -172.719521000094062, -13.601440499579326 ], [ -172.718266499799086, -13.601412300437289 ], [ -172.718226899951446, -13.601655600325671 ], [ -172.718113999961105, -13.601789100186807 ], [ -172.718006399675573, -13.601789100186807 ], [ -172.717880800358614, -13.601609699827748 ], [ -172.717629599926056, -13.601681499901247 ], [ -172.717683400068836, -13.601851899845258 ], [ -172.717751899630429, -13.602080799789007 ], [ -172.717647300382566, -13.602376899774072 ], [ -172.717251399932138, -13.602522400188548 ], [ -172.71694290009475, -13.602709600367689 ], [ -172.716642999574731, -13.602688700123338 ], [ -172.716230199963718, -13.602363200401328 ], [ -172.716136700148553, -13.602457200239542 ], [ -172.716083700402436, -13.602631999666983 ], [ -172.716385000267508, -13.602778900325916 ], [ -172.716079800042706, -13.603055299762218 ], [ -172.716037399706209, -13.603377499871669 ], [ -172.715798699850097, -13.603240300199673 ], [ -172.715604500247451, -13.602654800178811 ], [ -172.715182200198342, -13.602995299693305 ], [ -172.714975900217581, -13.603084999872806 ], [ -172.714758699554324, -13.603176299946256 ], [ -172.714545300325312, -13.603268900439332 ], [ -172.714424200316557, -13.603497699659044 ], [ -172.714321000413804, -13.603506700074092 ], [ -172.714042900359544, -13.603860999685367 ], [ -172.713764499931699, -13.604370200324468 ], [ -172.713809500208242, -13.60463610017581 ], [ -172.713453900177313, -13.605103799800474 ], [ -172.713085900294033, -13.605378000394353 ], [ -172.712530899881102, -13.605557399854092 ], [ -172.712109699702864, -13.605342899854918 ], [ -172.71155780015232, -13.60589099976977 ], [ -172.710921299578274, -13.606831199600151 ], [ -172.710237599885289, -13.606636199600871 ], [ -172.709394400031499, -13.607265699852121 ], [ -172.708466100030478, -13.607967500199948 ], [ -172.707889100401644, -13.608776899933957 ], [ -172.70761920036577, -13.609338200097795 ], [ -172.707407300306642, -13.609357999571955 ], [ -172.706359600015503, -13.610956700091606 ], [ -172.704299399797435, -13.613104300023394 ], [ -172.703772999624192, -13.61380820028819 ], [ -172.70317940030904, -13.61384920038023 ], [ -172.702666499859049, -13.614020999669378 ], [ -172.702339099869533, -13.614276700309404 ], [ -172.701917500392312, -13.614465100184191 ], [ -172.701411600265118, -13.614647399957505 ], [ -172.700877000073461, -13.614607800109866 ], [ -172.700392500213695, -13.614962900117689 ], [ -172.700219299780827, -13.61523699998753 ], [ -172.699968000422842, -13.615588699658701 ], [ -172.698804700376598, -13.615366600388256 ], [ -172.698701499574526, -13.615577399677193 ], [ -172.698299900120276, -13.615901800427707 ], [ -172.698136399774995, -13.615420399631716 ], [ -172.697912099863487, -13.615317299553681 ], [ -172.697611600395021, -13.615330700351478 ], [ -172.697459099657692, -13.615447300152709 ], [ -172.697373000363655, -13.615706500054898 ], [ -172.696965700106944, -13.615604300198243 ], [ -172.696533100122451, -13.615738599556664 ], [ -172.696342299957138, -13.615990100362808 ], [ -172.696332199671247, -13.616251300357192 ], [ -172.696207700225159, -13.616344399974025 ], [ -172.696041799589352, -13.616259200002048 ], [ -172.695917999815805, -13.616288800287862 ], [ -172.695705400084108, -13.616447599876778 ], [ -172.695395900200594, -13.616443099669254 ], [ -172.695198499910816, -13.616694300101813 ], [ -172.69267056139725, -13.612739611443885 ], [ -172.687673693386216, -13.604530471204214 ], [ -172.670184654897866, -13.575263100911343 ], [ -172.666972382669286, -13.572050828682734 ], [ -172.640917284604967, -13.584899917597056 ], [ -172.621286730997809, -13.593465977173082 ], [ -172.619502135215328, -13.547780326400868 ], [ -172.618130599847291, -13.494487699847411 ] ] ] } }
]
}
